brapa_gene	agi	identity	evalue	bitscore
BRA000001	AT2G37440	83.3	1.11e-310	844
BRA000003	AT2G37480	73.5	6.97e-83	243
BRA000004	AT2G37530	85.2	3.24e-67	198
BRA000005	AT2G37550	89.1	3.01e-216	603
BRA000007	AT2G37580	74	4.34e-103	298
BRA000011	AT2G37630	79.8	1.28e-190	529
BRA000012	AT2G37650	79.4	0	1037
BRA000014	AT2G37700	82.6	0	1043
BRA000018	AT2G37770	89.5	1.08e-214	587
BRA000022	AT2G37800	67.2	1.85e-128	363
BRA000023	AT2G37840	84.9	0	1142
BRA000024	AT2G37860	83.7	3.12e-239	658
BRA000027	AT2G37900	86.1	0	992
BRA000028	AT2G37920	75.1	2.91e-118	337
BRA000031	AT2G37970	83.3	8.52e-115	326
BRA000033	AT2G37980	85.5	0	1028
BRA000035	AT2G38020	88.7	0	1498
BRA000036	AT2G38025	81.7	6.67e-133	373
BRA000037	AT2G38040	78.8	0	1035
BRA000038	AT2G38090	93	1.02e-201	552
BRA000041	AT2G38180	83.6	9.12e-157	437
BRA000043	AT2G38185	57.4	5.43e-178	505
BRA000046	AT2G38250	85.1	3.55e-132	376
BRA000047	AT2G38270	85.8	2.45e-175	485
BRA000050	AT2G27320	72.2	2.88e-178	499
BRA000052	AT2G38310	92.3	6.67e-137	381
BRA000053	AT2G38320	83.9	1.46e-266	726
BRA000055	AT2G38330	83.9	1.9e-286	785
BRA000056	AT2G38360	90.5	1.25e-132	371
BRA000057	AT2G38370	60.7	4.3e-152	444
BRA000060	AT2G38400	89.5	9.66e-315	854
BRA000063	AT2G38450	73.8	7.22e-65	193
BRA000064	AT2G38470	76	5.95e-240	665
BRA000066	AT2G38490	87.5	3.73e-271	739
BRA000067	AT2G38500	87.1	3.37e-218	599
BRA000069	AT2G38560	77.9	5e-189	526
BRA000070	AT2G38570	67.6	6.86e-143	407
BRA000071	AT2G38580	78.5	1.29e-73	241
BRA000077	AT2G38620	92	4.56e-212	580
BRA000085	AT2G38680	69.5	2.03e-165	463
BRA000086	AT2G38690	54.5	6.33e-53	167
BRA000088	AT2G38710	91	1.1e-143	399
BRA000089	AT2G38740	92.2	1.57e-166	459
BRA000090	AT2G38750	85	1.04e-190	526
BRA000092	AT2G38780	72.3	5.4e-219	611
BRA000093	AT2G38790	69.9	3.75e-86	252
BRA000094	AT1G61000	69.1	7.74e-186	523
BRA000096	AT2G38800	51.3	8.6e-169	489
BRA000097	AT2G38810	91.9	1.03e-80	233
BRA000098	AT2G38820	71.1	1.43e-147	416
BRA000100	AT2G38840	92.9	0	1120
BRA000101	AT2G38870	78.6	1.07e-34	112
BRA000103	AT2G38890	57.8	2.7e-90	276
BRA000104	AT2G38905	96.3	3.45e-33	107
BRA000105	AT2G38910	88.2	0	999
BRA000106	AT2G38920	86.3	6.91e-216	591
BRA000109	AT2G38995	72.1	2.57e-266	732
BRA000111	AT2G39010	94.7	1.91e-197	541
BRA000112	AT2G39020	88.9	6.33e-142	396
BRA000113	AT2G39040	81.3	3.27e-197	546
BRA000114	AT2G28290	71.9	0	2471
BRA000115	AT2G39050	73.4	1.17e-133	382
BRA000116	AT2G39060	87.7	8e-155	431
BRA000117	AT2G39080	81.9	8.95e-205	565
BRA000118	AT2G39170	79.7	4.53e-120	340
BRA000119	AT2G39180	86.4	0	1213
BRA000120	AT2G39190	85.8	0	1344
BRA000122	AT2G39200	86	0	938
BRA000125	AT2G39220	88.5	1.78e-311	846
BRA000126	AT2G39260	87.9	0	1879
BRA000127	AT2G39290	75	1.72e-138	392
BRA000130	AT2G39360	76.9	0	1184
BRA000131	AT2G39390	95.9	5.73e-70	208
BRA000134	AT2G39435	57.1	7.3e-150	434
BRA000138	AT2G39620	77.5	0	1300
BRA000139	AT2G39630	88	2.82e-216	592
BRA000140	AT2G39650	86.9	4.37e-182	503
BRA000141	AT2G39660	89.8	1.62e-258	704
BRA000143	AT2G39720	73.6	2.51e-175	493
BRA000144	AT2G39730	93.5	0	881
BRA000145	AT2G39750	85.3	0	1203
BRA000151	AT2G39805	86.6	5.29e-175	483
BRA000152	AT2G39830	87.1	0	943
BRA000153	AT2G39840	99	7.74e-236	648
BRA000155	AT2G39910	81.5	3.35e-239	659
BRA000157	AT2G39990	91.8	5e-193	530
BRA000158	AT2G40000	80.7	5.21e-259	708
BRA000159	AT2G40010	92.5	1.81e-203	558
BRA000162	AT2G40030	75.7	0	2498
BRA000163	AT2G40060	82	5.3e-140	393
BRA000164	AT2G40070	80	1.32e-220	625
BRA000167	AT2G40095	91.5	4.2e-119	338
BRA000168	AT2G40116	90.1	0	1111
BRA000169	AT2G40130	73.8	0	1282
BRA000171	AT2G40150	82.8	1.59e-260	711
BRA000172	AT2G40160	77.2	3.14e-254	696
BRA000173	AT2G40170	79.3	6.43e-38	121
BRA000174	AT2G40180	83.3	1.25e-212	587
BRA000181	AT2G40280	87.5	0	1061
BRA000182	AT2G40290	93.8	6.29e-228	622
BRA000186	AT2G40450	71.7	1.14e-92	269
BRA000190	AT2G40480	72	1.05e-228	637
BRA000193	AT2G40590	95.4	5.42e-85	243
BRA000196	AT2G40630	60.4	2.08e-175	501
BRA000197	AT2G40640	71.9	2.94e-161	455
BRA000198	AT2G40650	97.4	1.14e-132	382
BRA000199	AT2G40670	86.7	1.34e-94	270
BRA000200	AT2G40720	81.9	0	1354
BRA000201	AT2G40730	94.6	0	1404
BRA000202	AT2G40740	70.2	2.05e-133	380
BRA000204	AT2G40765	77.8	3.26e-26	89.7
BRA000206	AT2G40815	57.3	5.9e-117	342
BRA000207	AT2G40830	77	2.92e-165	462
BRA000208	AT2G40850	82.1	0	874
BRA000209	AT2G40860	87.2	0	1145
BRA000211	AT2G40890	95.5	0	991
BRA000213	AT2G40980	77.1	0	968
BRA000214	AT3G56800	100	2.61e-83	241
BRA000217	AT2G41190	90.2	0	874
BRA000218	AT2G41200	87.6	1.27e-98	280
BRA000219	AT2G41210	93.7	0	1083
BRA000221	AT2G41225	53	1.21e-09	48.5
BRA000223	AT2G41300	86.7	3.95e-218	601
BRA000224	AT2G41310	85	2e-117	333
BRA000225	AT2G41330	66.5	2e-174	492
BRA000226	AT2G41350	92	3.02e-183	506
BRA000229	AT2G41510	72.7	5.42e-270	745
BRA000230	AT2G41530	92.3	1.08e-203	556
BRA000232	AT2G41630	89.4	1.89e-202	555
BRA000235	AT2G41690	73.9	2.6e-114	327
BRA000236	AT2G41700	90.1	0	3312
BRA000239	AT2G41760	84.1	2.81e-134	375
BRA000240	AT2G41770	91.8	0	1442
BRA000246	AT2G41945	75.6	4.29e-94	270
BRA000248	AT2G41970	93.7	1.38e-251	684
BRA000249	AT2G41980	88.3	2.45e-211	577
BRA000251	AT2G42040	66.4	7.24e-89	264
BRA000252	AT2G42060	85.3	8.08e-167	462
BRA000253	AT2G42070	89.3	5.94e-178	491
BRA000259	AT2G42460	50.6	1.16e-81	248
BRA000260	AT2G42490	88.6	0	1446
BRA000263	AT2G42530	68.1	1.36e-49	155
BRA000267	AT2G42580	79.2	0	950
BRA000268	AT2G42590	93.2	2.64e-169	468
BRA000269	AT2G42610	98	1.14e-111	315
BRA000270	AT2G42660	54.8	5.8e-58	186
BRA000272	AT2G42680	93	1.09e-83	241
BRA000274	AT2G42780	70.8	1.12e-103	308
BRA000277	AT2G42880	93.2	0	1067
BRA000279	AT2G42890	79.9	0	1235
BRA000280	AT2G42910	95.3	2.84e-235	640
BRA000282	AT2G43000	86.9	1.69e-172	476
BRA000285	AT2G43030	86	8.41e-159	441
BRA000287	AT4G12530	78.4	7.16e-61	181
BRA000290	AT2G43130	97.1	4.32e-143	397
BRA000292	AT2G43150	90.2	6.99e-17	80.1
BRA000294	AT2G43180	79.4	1.46e-241	668
BRA000295	AT5G01020	94.1	6.81e-264	718
BRA000296	AT2G43200	86.7	0	928
BRA000297	AT2G43235	80.3	2.09e-225	624
BRA000298	AT2G43240	92.6	1.03e-261	714
BRA000302	AT2G43350	76.3	5.47e-108	307
BRA000304	AT2G43370	93.4	4.46e-155	437
BRA000305	AT2G43430	94.1	5.42e-202	554
BRA000307	AT2G43500	76.8	0	1357
BRA000309	AT2G43520	74.4	1.51e-48	148
BRA000311	AT2G43590	87.7	4.67e-180	495
BRA000312	AT2G43600	69.3	1.07e-147	415
BRA000317	AT2G43650	71.1	6.15e-274	764
BRA000320	AT2G43700	79	0	1022
BRA000321	AT2G43710	94	5.7e-280	759
BRA000325	AT2G43780	83.6	4.43e-35	113
BRA000331	AT2G43860	81.7	1.53e-242	665
BRA000332	AT2G43870	94	7.42e-273	739
BRA000333	AT2G43900	89.1	0	1995
BRA000334	AT2G43945	82.2	1.53e-153	429
BRA000335	AT2G43950	84.1	8.4e-198	546
BRA000336	AT5G34930	82.7	0	928
BRA000337	AT2G44000	67	1.57e-94	274
BRA000338	AT2G44040	89.7	1.68e-216	594
BRA000340	AT2G44080	68.4	3.91e-44	140
BRA000342	AT2G44130	73.4	3.07e-206	573
BRA000344	AT2G44180	94.2	7.07e-258	706
BRA000347	AT2G44210	85	1.51e-279	760
BRA000349	AT2G44310	89.4	6.6e-85	244
BRA000350	AT2G44330	65	2.23e-75	223
BRA000354	AT2G44570	80.6	2.07e-288	787
BRA000355	AT2G44610	99	4.72e-142	394
BRA000357	AT2G44640	80	3.46e-266	729
BRA000359	AT2G44680	84.2	3.79e-174	481
BRA000360	AT2G44730	60.3	8.91e-125	363
BRA000367	AT2G45060	82.2	1.34e-139	393
BRA000368	AT2G45070	97.6	6.43e-30	100
BRA000370	AT2G45110	80.2	1.03e-152	425
BRA000371	AT2G40360	78.6	0	1130
BRA000372	AT2G45120	59.8	2.2e-78	241
BRA000374	AT2G45150	79.7	1.06e-215	607
BRA000375	AT2G45160	73	4.72e-292	808
BRA000376	AT2G45170	93.4	1.89e-79	229
BRA000377	AT2G45180	88.1	1.02e-72	213
BRA000379	AT2G45200	88.3	2.77e-150	418
BRA000380	AT2G45210	67.3	1.47e-72	214
BRA000382	AT2G45220	92.9	0	954
BRA000383	AT2G45260	86.8	1.46e-260	711
BRA000384	AT2G45300	92.5	0	918
BRA000385	AT2G45310	87.2	1.47e-273	746
BRA000386	AT2G45320	84.6	1.89e-243	666
BRA000387	AT4G17910	84	2.47e-267	732
BRA000390	AT2G45510	86.7	0	892
BRA000392	AT2G45650	81.5	3.41e-142	398
BRA000394	AT2G45670	81.9	0	882
BRA000397	AT2G45695	88.1	2.24e-63	186
BRA000399	AT2G45720	83.9	8.81e-233	652
BRA000405	AT2G45940	65.7	1.35e-166	470
BRA000406	AT4G16090	69.6	1.14e-116	338
BRA000409	AT2G46020	86.6	0	3485
BRA000412	AT1G01680	62.3	2.26e-120	346
BRA000413	AT1G14620	93.6	1.03e-159	441
BRA000419	AT2G46330	91.8	4.22e-40	125
BRA000421	AT2G46370	89.5	0	1035
BRA000422	AT2G46375	62.2	1.74e-24	90.5
BRA000424	AT2G46470	82	3.39e-239	658
BRA000428	AT2G46505	64.7	1.95e-55	170
BRA000429	AT2G46590	81.3	7.19e-187	521
BRA000432	AT2G46800	85	4.27e-211	584
BRA000433	AT2G46850	87.9	0	1087
BRA000434	AT2G46870	74.3	8.55e-147	414
BRA000435	AT2G46940	71.5	5.94e-110	317
BRA000440	AT2G47115	78.3	2.33e-170	478
BRA000445	AT2G47250	94.7	0	1372
BRA000446	AT2G47310	65.5	2.78e-92	281
BRA000450	AT2G47380	92.2	3.2e-40	125
BRA000451	AT2G47400	87.3	1.73e-72	211
BRA000453	AT2G47460	73.5	6.48e-190	529
BRA000454	AT2G47470	93.1	1.31e-243	664
BRA000455	AT2G47610	96.1	1.7e-170	471
BRA000456	AT2G47620	71.5	1.52e-238	676
BRA000457	AT2G47650	86.6	2.71e-275	751
BRA000458	AT2G47710	91.4	1.68e-108	305
BRA000460	AT2G47730	83.3	1.01e-130	368
BRA000461	AT4G22100	76.5	5.8e-294	811
BRA000463	AT2G47820	63.9	5.33e-290	813
BRA000464	AT2G47830	85.7	7.8e-257	706
BRA000465	AT5G07900	71.5	9.31e-182	511
BRA000467	AT2G47950	54.5	3.36e-33	114
BRA000468	AT2G29950	60.6	5.2e-45	142
BRA000473	AT2G29690	85.2	0	1010
BRA000474	AT2G29450	87.5	3.66e-147	408
BRA000475	AT2G29400	95.3	1.29e-228	622
BRA000477	AT2G29310	85.1	2.16e-167	462
BRA000482	AT1G07795	66.7	9.96e-39	125
BRA000492	AT2G28480	86.5	7.77e-195	540
BRA000494	AT2G28390	85.8	0	1000
BRA000496	AT2G28105	83.2	4.12e-91	262
BRA000497	AT2G28085	91.1	2.28e-81	234
BRA000501	AT2G27710	91.2	7.8e-34	113
BRA000503	AT2G27600	95.9	2.34e-301	816
BRA000505	AT2G27580	78.8	2.51e-79	232
BRA000506	AT2G27550	96	9.2e-126	350
BRA000507	AT2G27510	86.5	7.67e-90	258
BRA000508	AT2G27500	89.3	1.67e-254	694
BRA000509	AT2G27490	88.6	1.15e-144	402
BRA000510	AT2G27480	79.9	8.71e-126	354
BRA000513	AT2G27389	60.7	1.07e-16	72
BRA000514	AT1G46984	55.5	5.28e-119	356
BRA000516	AT2G27330	79.8	4.54e-57	172
BRA000518	AT5G37290	90.6	3.07e-83	243
BRA000520	AT5G22110	83.2	2.26e-315	859
BRA000523	AT2G27140	65.3	1.91e-95	278
BRA000527	AT2G27035	73	7.77e-79	231
BRA000528	AT2G27050	80.6	0	889
BRA000529	AT2G26990	93.8	1.16e-299	812
BRA000531	AT2G26960	65	3.75e-170	483
BRA000532	AT2G26840	59.5	9.8e-96	281
BRA000533	AT2G26810	86.1	4.85e-149	415
BRA000534	AT2G26800	87.7	3.94e-270	738
BRA000535	AT2G26610	76.1	0	1825
BRA000536	AT2G26600	89.8	9.36e-234	640
BRA000537	AT2G26590	87.3	4.85e-184	508
BRA000538	AT2G26580	91.5	1.13e-107	303
BRA000539	AT2G26660	86.9	5.16e-163	453
BRA000540	AT2G26440	84.8	0	912
BRA000541	AT2G26450	84.7	0	1004
BRA000542	AT2G26480	75.4	3.6e-244	672
BRA000543	AT2G26510	83.8	0	886
BRA000544	AT2G26530	69	3.8e-136	387
BRA000547	AT2G24820	90	0	996
BRA000548	AT2G24850	78.8	2.89e-260	712
BRA000550	AT2G25420	59	9.82e-284	791
BRA000552	AT2G25730	81.2	0	1346
BRA000553	AT2G25737	85.9	1.47e-285	779
BRA000554	AT2G25740	79.3	8.36e-302	826
BRA000555	AT2G25790	83	1.62e-231	679
BRA000557	AT2G26150	81.5	2.68e-194	538
BRA000558	AT2G26170	87.9	0	929
BRA000559	AT4G00040	89	7.68e-252	687
BRA000560	AT4G00050	73.5	6.29e-162	459
BRA000561	AT4G00060	83.5	0	2344
BRA000563	AT2G24690	51.5	1.4e-278	795
BRA000566	AT2G24450	86.1	7.54e-140	394
BRA000567	AT3G63540	94.4	1.42e-92	268
BRA000568	AT2G24210	73.5	1.4e-318	873
BRA000571	AT2G23810	83.5	1.33e-168	466
BRA000573	AT2G23150	91.2	0	907
BRA000575	AT2G22840	86.4	1.14e-289	794
BRA000578	AT2G26560	88.6	7.75e-263	716
BRA000581	AT2G21550	74.2	1.42e-254	701
BRA000585	AT2G20980	82.8	6.99e-222	612
BRA000586	AT2G20960	65.3	1.05e-191	558
BRA000587	AT2G20950	64.3	7.96e-200	568
BRA000588	AT2G20920	84.6	3.87e-159	444
BRA000589	AT2G41990	82.2	4.61e-168	468
BRA000590	AT2G23240	81.5	1.39e-37	120
BRA000591	AT2G42005	86.8	2.03e-250	685
BRA000593	AT5G49700	82.1	9.94e-156	434
BRA000594	AT5G49720	94.8	0	1235
BRA000595	AT2G23390	85.8	1.23e-297	809
BRA000598	AT5G49900	88	0	1697
BRA000600	AT5G49930	89.5	0	1800
BRA000601	AT5G49940	79.3	1.27e-111	319
BRA000602	AT5G49945	74.8	5.42e-211	590
BRA000603	AT5G49970	89.7	1.18e-314	854
BRA000604	AT5G49980	90.1	0	1111
BRA000605	AT5G50000	95.3	1.2e-262	714
BRA000606	AT5G50020	84.2	5.28e-250	685
BRA000609	AT5G50090	86.3	9.49e-88	253
BRA000610	AT5G50110	90.4	1.59e-138	388
BRA000611	AT5G50120	76.9	2.68e-194	541
BRA000612	AT5G50180	95.1	3.38e-244	664
BRA000613	AT5G50200	77.1	8.98e-108	307
BRA000614	AT5G50240	83.1	3.8e-148	416
BRA000615	AT5G50260	89.5	6.24e-244	664
BRA000616	AT5G50280	79.6	7.9e-199	578
BRA000617	AT5G50310	88.7	0	1095
BRA000619	AT5G50320	98.8	0	1128
BRA000620	AT5G50340	92.4	2.54e-253	701
BRA000621	AT5G50350	71.1	1.04e-241	677
BRA000622	AT5G60160	94.5	0	904
BRA000623	AT5G50370	98.3	2.49e-172	474
BRA000625	AT5G50375	90.7	6.4e-167	463
BRA000628	AT5G50750	95.1	2.46e-273	739
BRA000632	AT4G07390	91.5	8.26e-154	426
BRA000633	AT3G12350	69.8	2.31e-204	568
BRA000634	AT4G07410	85.7	0	1400
BRA000635	AT4G07960	89.2	0	1200
BRA000636	AT4G07990	79.1	2.68e-124	351
BRA000637	AT4G08040	90.3	5.25e-310	840
BRA000638	AT4G08150	89	4.13e-228	627
BRA000639	AT4G08180	86	0	1354
BRA000641	AT4G08350	90.2	0	1597
BRA000642	AT4G08240	80	5.77e-66	196
BRA000643	AT4G08230	87.6	1.84e-52	160
BRA000644	AT4G08210	80.7	0	1032
BRA000646	AT4G08460	73.8	5.51e-122	350
BRA000650	AT4G08510	55.8	4.47e-146	432
BRA000651	AT4G08555	57.5	8.06e-17	67
BRA000654	AT4G08685	88.7	1.44e-103	293
BRA000655	AT4G08690	88	7.35e-192	528
BRA000656	AT4G08810	89.1	0	1004
BRA000657	AT4G08850	86.3	1.88e-217	649
BRA000659	AT4G08900	94.1	2.49e-231	631
BRA000660	AT4G08950	87.2	1.84e-194	535
BRA000661	AT4G08960	88.7	5.67e-257	700
BRA000663	AT4G09010	86.8	5.59e-213	587
BRA000666	AT5G40080	87.6	4.17e-53	160
BRA000667	AT4G09020	82.5	0	1260
BRA000671	AT1G43600	67.8	6.61e-89	261
BRA000672	AT4G09060	74.3	6.51e-138	395
BRA000673	AT4G09130	68.5	4.49e-163	459
BRA000674	AT4G09140	89.5	0	1284
BRA000675	AT4G09160	90.3	1.02e-205	577
BRA000676	AT4G09170	59.8	1.25e-33	113
BRA000677	AT3G57710	76.9	4.29e-198	548
BRA000678	AT4G09190	52.2	3.3e-111	330
BRA000679	AT4G09340	81	1.62e-262	719
BRA000680	AT4G09460	78.8	1.96e-131	369
BRA000681	AT4G09510	91.3	0	1023
BRA000682	AT4G09530	83.8	8.93e-52	157
BRA000683	AT4G09560	73.4	7.38e-220	610
BRA000684	AT4G09570	95.8	9.28e-312	848
BRA000685	AT4G09620	85.2	2.03e-133	372
BRA000688	AT4G09670	92.5	6.3e-249	677
BRA000690	AT4G09730	85.9	0	979
BRA000693	AT4G09810	94.2	2.74e-220	602
BRA000694	AT4G09830	90.1	1.3e-119	336
BRA000697	AT4G10020	94	4.14e-239	657
BRA000698	AT4G10030	87.2	6.7e-245	669
BRA000699	AT4G10040	97.3	7.7e-81	231
BRA000700	AT4G10050	91.9	8.87e-228	622
BRA000701	AT4G10170	77	6.09e-134	377
BRA000702	AT4G10180	86	0	919
BRA000703	AT4G10250	89.9	5.69e-119	335
BRA000704	AT4G10260	97.5	4.46e-225	613
BRA000705	AT4G10280	77.9	5.17e-76	221
BRA000706	AT4G10300	92.2	1.55e-69	203
BRA000708	AT4G10340	95.7	5.97e-199	544
BRA000709	AT4G10350	93.5	1.44e-248	674
BRA000713	AT4G10500	83.1	1.02e-218	600
BRA000714	AT4G10570	85.2	0	1566
BRA000716	AT4G10630	72.2	1.84e-170	475
BRA000717	AT4G10640	75.7	1.53e-208	580
BRA000719	AT4G10710	86.4	0	1731
BRA000720	AT4G30570	84.7	6.64e-189	524
BRA000721	AT4G10790	83.4	2.85e-237	657
BRA000724	AT4G10840	85.4	0	967
BRA000728	AT4G10920	72.7	2.14e-73	217
BRA000729	AT4G10930	72.3	0	1598
BRA000733	AT4G14180	79.2	0	1835
BRA000736	AT4G11140	57.8	2.05e-86	259
BRA000739	AT4G11220	90.8	1.93e-162	451
BRA000741	AT4G11260	87.4	1.05e-192	535
BRA000742	AT4G11360	76.6	6.62e-73	221
BRA000744	AT4G11470	76.9	0	974
BRA000747	AT4G11560	73.1	6.61e-285	786
BRA000754	AT4G11890	71.2	2.23e-179	501
BRA000755	AT4G11910	83.6	2.8e-166	461
BRA000756	AT4G11920	83.4	1.23e-288	787
BRA000757	AT4G11960	89.6	1.28e-170	475
BRA000760	AT4G12030	86.1	5.02e-239	656
BRA000766	AT4G12230	86	2.37e-231	635
BRA000767	AT4G12240	77.2	4.69e-199	551
BRA000770	AT4G10660	63.3	3.96e-134	383
BRA000772	AT4G12410	80.7	9.39e-92	263
BRA000774	AT4G12460	89.1	0	1238
BRA000775	AT4G12500	68.1	4.57e-69	206
BRA000778	AT4G12510	85.7	1.9e-72	212
BRA000782	AT4G12610	80.6	1.35e-227	642
BRA000784	AT4G03965	75.8	4.52e-102	293
BRA000786	AT4G04025	76	1.12e-79	234
BRA000787	AT4G04210	87.1	2.49e-184	509
BRA000788	AT4G04320	88.9	2.82e-306	852
BRA000789	AT4G04340	88.7	0	1358
BRA000791	AT4G04350	91.2	0	1796
BRA000792	AT4G04360	90.9	4.14e-111	313
BRA000793	AT4G04450	76.9	1.41e-233	652
BRA000795	AT4G04480	85.3	4.57e-209	579
BRA000799	AT4G04510	72.8	0	939
BRA000800	AT4G04500	76	0	981
BRA000801	AT1G03660	55.1	3.97e-28	99.8
BRA000802	AT4G04640	94.1	3.47e-222	610
BRA000803	AT4G04670	80.2	0	1412
BRA000804	AT4G04745	81.4	7.07e-60	180
BRA000806	AT4G04830	88	5.55e-90	257
BRA000809	AT4G04940	88.3	0	1608
BRA000810	AT4G04950	85.6	9.17e-298	811
BRA000812	AT4G05030	82.6	7.38e-36	116
BRA000815	AT1G66100	64.9	3.8e-55	168
BRA000819	AT4G03565	72.1	4.25e-85	254
BRA000820	AT4G03560	91	0	1295
BRA000825	AT4G03420	93.2	4.7e-210	574
BRA000826	AT4G03410	77.6	1.57e-189	528
BRA000832	AT1G80960	63.8	2.56e-183	520
BRA000836	AT4G03290	73.4	9.52e-63	189
BRA000837	AT4G03280	90.4	1.89e-152	422
BRA000839	AT4G03240	94.7	3.19e-77	227
BRA000840	AT4G03210	91.1	1.26e-205	561
BRA000842	AT4G03190	84.6	0	993
BRA000846	AT4G03080	92.5	0	1623
BRA000853	AT4G02930	94.3	8.62e-307	831
BRA000854	AT4G02920	81.1	4.95e-233	641
BRA000855	AT4G02900	92.1	0	1408
BRA000859	AT4G02850	78.4	5.11e-172	478
BRA000860	AT4G02840	87.3	5.53e-62	184
BRA000862	AT4G02800	77.2	1.96e-141	402
BRA000863	AT4G02790	88.2	1.87e-234	641
BRA000865	AT4G02740	61.6	6.6e-155	451
BRA000867	AT1G56220	84.3	4.83e-80	232
BRA000868	AT4G02680	86.8	0	1488
BRA000869	AT4G02660	80.5	0	5602
BRA000871	AT4G02620	96.9	7.82e-84	240
BRA000872	AT4G02590	85.4	4.74e-174	483
BRA000873	AT4G02580	96.9	1.52e-184	505
BRA000878	AT4G02480	84.1	0	2006
BRA000879	AT4G02450	91.1	3.04e-71	216
BRA000881	AT4G02420	74.1	0	998
BRA000882	AT4G02405	79.6	1.11e-169	473
BRA000883	AT4G02390	88.9	0	1066
BRA000884	AT4G02380	84.5	2.24e-48	151
BRA000890	AT4G02170	68.7	1.09e-76	226
BRA000892	AT4G19760	66.4	2.31e-174	489
BRA000893	AT4G02100	87	0	876
BRA000895	AT4G02080	97.9	1.68e-139	386
BRA000896	AT4G02070	85	0	2083
BRA000897	AT4G02060	95.4	0	1330
BRA000898	AT4G02050	93.9	0	937
BRA000900	AT4G02010	89.9	0	1236
BRA000901	AT4G01995	88.8	1.98e-149	417
BRA000902	AT4G01990	74.3	9.84e-268	736
BRA000903	AT4G01950	86.2	0	890
BRA000905	AT4G01940	81.3	1.5e-117	334
BRA000908	AT4G01900	83.8	5.87e-105	299
BRA000909	AT4G01897	76.6	5.69e-63	187
BRA000910	AT4G01895	66.3	3.32e-29	103
BRA000911	AT4G01890	72.2	1.36e-257	709
BRA000912	AT4G01880	84.6	5.85e-283	771
BRA000913	AT4G01870	79.6	0	1098
BRA000914	AT4G01850	98.7	1.89e-293	792
BRA000915	AT4G01800	89.4	0	1739
BRA000916	AT4G01790	86	1.04e-72	214
BRA000919	AT4G01650	81.8	9.47e-151	422
BRA000920	AT4G01630	91.8	3.84e-178	489
BRA000921	AT4G01575	76.3	5.62e-64	191
BRA000923	AT4G01450	79.2	4.66e-204	563
BRA000928	AT4G01395	94	0	1339
BRA000930	AT4G00820	74.7	7.46e-239	665
BRA000932	AT4G00840	88.7	3.22e-188	518
BRA000933	AT4G00910	84.9	9.99e-294	803
BRA000937	AT4G01010	86.7	0	1187
BRA000938	AT4G01026	89.6	2.09e-119	336
BRA000939	AT4G01040	85	3.37e-265	724
BRA000941	AT4G01060	84.2	1.79e-38	122
BRA000943	AT4G01090	60.5	2.03e-241	682
BRA000947	AT4G01150	87.7	5.93e-94	269
BRA000949	AT4G01210	82.4	0	1701
BRA000950	AT4G01220	90.6	8e-251	682
BRA000953	AT4G01310	92.7	3.47e-169	467
BRA000954	AT4G01320	95.5	4.02e-297	804
BRA000955	AT4G01370	95.4	3.95e-272	737
BRA000956	AT4G00770	72.2	1.95e-182	514
BRA000958	AT4G00752	76.4	1.38e-229	637
BRA000959	AT4G00740	94.6	0	1180
BRA000965	AT4G00660	91.7	0	883
BRA000967	AT4G00570	89.4	0	1101
BRA000968	AT4G00525	65.9	1.59e-44	142
BRA000969	AT4G00500	86.5	4.17e-299	812
BRA000970	AT4G00480	72.3	2.74e-247	694
BRA000971	AT4G00460	93.9	0	869
BRA000972	AT4G00450	88.2	0	3792
BRA000974	AT4G00430	98.3	1.26e-206	564
BRA000977	AT4G00355	53.3	1.4e-79	241
BRA000978	AT4G00170	85.4	5.72e-137	384
BRA000979	AT4G00120	66.7	5.09e-61	187
BRA000980	AT3G02000	91.2	5.81e-90	256
BRA000981	AT3G01990	83.7	2.27e-266	729
BRA000984	AT3G01860	59.2	1.72e-72	219
BRA000985	AT3G01830	72.9	5.98e-61	184
BRA000986	AT3G01820	76	2.03e-131	372
BRA000987	AT3G01810	74.6	0	1199
BRA000988	AT3G01800	79	5.18e-134	379
BRA000989	AT3G01790	89.3	4.56e-125	350
BRA000990	AT3G01750	81.7	0	940
BRA000991	AT3G01740	85.5	8.65e-64	189
BRA000993	AT3G01720	87.4	0	1484
BRA000995	AT5G14380	55.3	5.69e-13	61.6
BRA000996	AT3G01670	87.6	0	1451
BRA000998	AT3G01640	91.4	2.96e-239	653
BRA000999	AT3G01610	74.3	0	1102
BRA001000	AT3G01590	92	3.35e-202	570
BRA001001	AT3G01580	81	0	1016
BRA001002	AT3G01570	76.9	2.18e-87	254
BRA001003	AT3G01550	84.6	1.99e-223	614
BRA001004	AT3G01540	84.1	0	1024
BRA001005	AT3G01530	79	9.38e-105	300
BRA001006	AT3G01400	91.2	1.43e-72	229
BRA001011	AT3G01270	88.2	1.56e-312	847
BRA001017	AT3G01210	85.3	7.53e-144	402
BRA001019	AT5G15320	81.1	1.34e-23	82.8
BRA001020	AT3G01120	86.1	0	896
BRA001023	AT3G01085	87.5	0	1050
BRA001024	AT3G01050	90.7	2.44e-73	213
BRA001026	AT3G01030	50	2.23e-77	240
BRA001027	AT3G01015	71.7	1.48e-209	587
BRA001031	AT3G02140	67.4	2.99e-130	371
BRA001034	AT3G02170	70.3	0	1083
BRA001035	AT3G02180	83.5	8.93e-42	137
BRA001038	AT3G02250	93.2	0	979
BRA001039	AT3G02280	86.2	0	1090
BRA001045	AT3G02460	92.7	3.41e-236	644
BRA001046	AT3G02470	93.2	2.53e-252	689
BRA001047	AT3G02490	80.5	0	1042
BRA001048	AT3G02500	64.4	1.35e-101	297
BRA001050	AT3G02540	81.9	2.65e-200	558
BRA001057	AT3G02630	95.5	1.59e-282	765
BRA001061	AT3G02760	78	0	1256
BRA001063	AT3G02780	88.4	8.46e-182	501
BRA001065	AT3G02810	68.4	8.48e-231	648
BRA001070	AT3G02970	80.5	2.57e-188	521
BRA001074	AT3G03160	95.4	2.23e-84	242
BRA001075	AT3G03170	83.2	2.79e-78	228
BRA001078	AT3G03470	88.5	0	898
BRA001079	AT3G03490	84.5	4.66e-131	369
BRA001080	AT3G03550	64.4	1.35e-116	340
BRA001082	AT3G03560	66.3	1.34e-199	561
BRA001083	AT3G03570	88.8	0	1055
BRA001084	AT3G03670	80.5	8.09e-186	514
BRA001085	AT3G03710	88.1	0	1548
BRA001089	AT3G03770	89.3	0	1105
BRA001090	AT3G03780	92.8	0	1431
BRA001092	AT3G03860	83.8	2.86e-178	493
BRA001093	AT4G04220	68.6	2.93e-90	301
BRA001095	AT3G04050	79.6	1.98e-276	758
BRA001096	AT3G04160	57.4	2.08e-232	661
BRA001097	AT3G04150	74.7	3.85e-128	361
BRA001099	AT3G04280	80.4	1.07e-72	213
BRA001100	AT3G04290	96.2	1.11e-260	707
BRA001102	AT3G04310	72.5	1.02e-75	227
BRA001106	AT3G04480	85.2	0	1210
BRA001110	AT3G04620	90.8	1.52e-73	217
BRA001111	AT3G04610	90.3	8.94e-234	649
BRA001114	AT3G04600	91.7	2.15e-273	747
BRA001116	AT3G04650	91.4	0	882
BRA001117	AT3G04670	80.7	2.9e-180	500
BRA001118	AT3G04680	88.3	1.93e-287	781
BRA001119	AT3G04700	83.9	2.87e-96	277
BRA001120	AT3G04710	79.4	5.67e-214	605
BRA001123	AT3G04720	89.3	2.42e-142	395
BRA001124	AT3G04810	87.6	0	986
BRA001125	AT3G04820	84.8	0	1114
BRA001126	AT3G04830	92.4	7.13e-200	548
BRA001128	AT3G04850	54.7	1.29e-192	552
BRA001131	AT3G04940	89.7	3.11e-199	551
BRA001132	AT3G04950	86.5	4.59e-131	369
BRA001133	AT3G05010	93.4	6.24e-209	571
BRA001143	AT3G05280	94.7	1.39e-191	525
BRA001144	AT3G05290	87	6.61e-185	512
BRA001149	AT3G05490	90.6	8.72e-72	209
BRA001150	AT3G05510	73.8	2.03e-231	639
BRA001153	AT3G05545	82.5	6.26e-253	692
BRA001154	AT3G05560	97.6	5.59e-82	235
BRA001155	AT3G05580	93.7	1.76e-226	617
BRA001156	AT3G05590	97.9	7.99e-126	351
BRA001158	AT3G05625	88.5	6.32e-172	474
BRA001159	AT3G05670	80.2	2.01e-271	759
BRA001163	AT3G05680	87.3	0	3475
BRA001164	AT3G05690	78.6	2.85e-152	428
BRA001169	AT3G05840	96.1	7.82e-299	807
BRA001170	AT3G05858	92.2	3.7e-53	160
BRA001172	AT3G05910	94.2	3.48e-303	819
BRA001174	AT5G26360	96.4	0	1053
BRA001175	AT5G46270	57.7	0	1153
BRA001177	AT3G05970	94.3	0	1308
BRA001178	AT3G06020	61.8	1.33e-101	298
BRA001182	AT3G06080	81.1	1.61e-288	786
BRA001183	AT3G06120	91.8	6.14e-125	350
BRA001186	AT3G06190	90.6	1.17e-270	736
BRA001187	AT3G06240	68.9	2.5e-130	375
BRA001188	AT3G06260	94	1.38e-252	685
BRA001189	AT3G06270	86.7	1.26e-222	610
BRA001190	AT3G06290	77.1	0	2325
BRA001196	AT3G06410	82	6.62e-176	500
BRA001197	AT3G06420	91.6	5.07e-78	225
BRA001198	AT3G06450	91.3	0	1324
BRA001200	AT3G06480	75.8	0	1319
BRA001201	AT3G06483	86.9	5.58e-251	684
BRA001203	AT3G06530	81.9	0	3456
BRA001207	AT4G13010	93.3	6.55e-223	608
BRA001208	AT3G66652	52.7	7.08e-287	834
BRA001209	AT3G66656	69.1	4.79e-77	227
BRA001214	AT3G06760	72.9	1.12e-97	282
BRA001215	AT3G06770	83.7	2.74e-275	751
BRA001216	AT3G06778	80.3	2.35e-131	369
BRA001220	AT3G06850	77.9	4.11e-265	729
BRA001223	AT3G06880	76.2	0	1902
BRA001224	AT3G06890	78.1	6.19e-60	180
BRA001225	AT3G06920	72.1	7.4e-87	296
BRA001227	AT3G06950	87.3	9.31e-206	565
BRA001229	AT3G07020	87.7	0	1090
BRA001230	AT3G07030	78.7	3.73e-74	229
BRA001232	AT3G07050	86.4	0	885
BRA001234	AT3G07080	82.4	7.67e-242	665
BRA001241	AT3G07195	65.3	3.4e-67	206
BRA001242	AT3G07255	66.8	2.68e-119	343
BRA001246	AT3G07330	92.5	0	1239
BRA001251	AT3G07425	85.7	3.8e-61	181
BRA001253	AT3G07470	70.9	6.52e-82	239
BRA001254	AT3G07490	90.2	5.5e-96	273
BRA001261	AT3G07600	63.8	9e-58	176
BRA001263	AT3G07640	79.7	4.33e-136	382
BRA001269	AT3G07840	81	1.73e-244	669
BRA001271	AT3G07860	92.5	6.81e-104	294
BRA001273	AT3G07870	87.1	1.93e-271	738
BRA001275	AT3G07890	95.5	2.17e-282	765
BRA001281	AT3G08010	89.9	6.9e-241	658
BRA001283	AT3G08040	80.3	6.05e-268	739
BRA001287	AT3G10180	80.1	0	1762
BRA001288	AT3G10140	82.6	1.07e-217	600
BRA001289	AT3G10050	83.3	0	975
BRA001290	AT3G10040	69.4	1.91e-156	448
BRA001292	AT3G09980	89.7	9.97e-91	262
BRA001294	AT3G09925	81.3	3.4e-101	288
BRA001295	AT3G09890	80.5	9.49e-78	231
BRA001296	AT3G09880	90.4	0	882
BRA001298	AT4G08520	94.4	1.28e-113	320
BRA001301	AT3G09670	55.2	3.45e-106	326
BRA001303	AT3G09590	75.3	5.51e-109	309
BRA001304	AT3G09550	95.2	3.8e-278	772
BRA001305	AT3G09530	70.3	1.6e-302	835
BRA001308	AT3G09400	67.2	3.99e-294	817
BRA001312	AT3G09360	74.4	2.46e-267	744
BRA001315	AT3G09330	81.9	7.04e-299	817
BRA001318	AT3G09290	74.6	1.23e-78	231
BRA001319	AT3G09280	75.9	2.77e-58	174
BRA001320	AT3G09260	90.5	0	1018
BRA001324	AT3G09200	94.8	3.65e-191	528
BRA001325	AT3G09150	84.7	5e-198	545
BRA001326	AT3G09070	71.5	1.51e-259	729
BRA001327	AT3G09060	84.7	2.23e-73	250
BRA001333	AT3G09010	86.3	1.47e-239	656
BRA001337	AT3G08910	89.2	1.41e-210	577
BRA001338	AT3G08900	94.2	1.27e-269	729
BRA001341	AT3G08860	86.2	2.54e-300	816
BRA001342	AT3G08850	91.9	0	2434
BRA001344	AT3G08840	83.4	0	1491
BRA001347	AT3G08690	98	4.11e-109	306
BRA001349	AT3G08660	77.5	1.47e-303	834
BRA001350	AT3G08650	93.5	0	1068
BRA001352	AT3G08600	76.9	1.42e-155	437
BRA001353	AT3G11060	55.9	4.17e-62	191
BRA001354	AT3G10330	98.7	2.6e-225	613
BRA001355	AT3G10360	84.6	0	1275
BRA001357	AT3G10390	83.4	0	1422
BRA001358	AT3G10405	77.8	1.48e-106	305
BRA001359	AT3G10410	83.1	1.67e-316	861
BRA001369	AT3G10572	78.8	1.58e-176	491
BRA001370	AT1G66245	63.4	4.36e-102	298
BRA001371	AT3G10640	88.1	4.49e-144	401
BRA001372	AT3G10650	65.6	0	1356
BRA001373	AT3G10660	80.1	0	902
BRA001374	AT3G10690	80.8	0	1414
BRA001380	AT3G10780	71.1	1.95e-104	300
BRA001384	AT3G10986	82.1	7.88e-70	207
BRA001389	AT3G11070	83.2	6.52e-317	862
BRA001395	AT3G13590	63.3	1.12e-225	630
BRA001396	AT3G11230	93.8	2.37e-90	258
BRA001399	AT3G11330	85.5	2.05e-153	446
BRA001400	AT3G11380	58.3	7.01e-201	578
BRA001401	AT3G11400	84.4	1.77e-193	532
BRA001405	AT3G11480	83	9.09e-231	633
BRA001407	AT3G11530	96.5	6.11e-76	220
BRA001409	AT3G11550	86.8	1.99e-116	329
BRA001410	AT3G11570	88.6	1.5e-293	795
BRA001414	AT3G11620	84.8	3.17e-192	530
BRA001417	AT3G11720	62	4.26e-201	572
BRA001418	AT3G11730	97.1	1.59e-141	392
BRA001419	AT3G11740	89.7	1.21e-128	359
BRA001421	AT3G11800	87	1.11e-154	429
BRA001422	AT3G11820	88.4	5.43e-174	486
BRA001425	AT3G11900	91.6	2.15e-283	770
BRA001429	AT3G11945	85	1.03e-221	610
BRA001430	AT3G11950	74.6	1.17e-222	631
BRA001434	AT4G13090	71.9	1.49e-158	442
BRA001435	AT3G12010	83.3	0	917
BRA001437	AT3G12140	79.5	4.31e-187	520
BRA001444	AT3G12260	95.5	3.26e-92	262
BRA001447	AT3G12290	91.7	8.62e-195	535
BRA001448	AT3G12300	95.2	2.68e-132	368
BRA001451	AT3G12400	80.9	2.43e-220	609
BRA001455	AT3G12530	88.6	1.09e-132	370
BRA001456	AT3G12540	80.5	6.04e-314	859
BRA001460	AT3G12610	90.5	1.05e-90	276
BRA001462	AT3G12640	72.8	1.89e-302	836
BRA001463	AT3G12650	74.5	2.66e-107	308
BRA001464	AT3G12660	67.9	2.66e-66	206
BRA001466	AT3G12700	77.8	4.38e-241	665
BRA001468	AT3G12760	92	4.28e-170	468
BRA001470	AT3G12780	95.9	1.03e-315	856
BRA001471	AT3G12800	89.6	1.8e-193	531
BRA001474	AT3G12860	93.3	5.31e-298	813
BRA001476	AT3G12900	86	6.08e-233	636
BRA001480	AT3G12977	80	5.71e-164	455
BRA001482	AT3G13000	84	0	929
BRA001486	AT3G13062	83.6	3.31e-233	642
BRA001490	AT3G13080	84.8	0	2393
BRA001492	AT3G13160	82.9	1.84e-115	342
BRA001494	AT3G13227	79.4	9.62e-51	155
BRA001495	AT3G13229	78.7	2.74e-161	449
BRA001496	AT3G13235	90.3	3.42e-258	708
BRA001500	AT3G13330	92.4	0	3290
BRA001501	AT3G13340	92.2	1.01e-305	828
BRA001502	AT3G13360	58.2	6.28e-150	436
BRA001503	AT3G13390	94.2	0	1107
BRA001507	AT3G13470	95	0	1064
BRA001510	AT3G13530	87.9	0	2292
BRA001519	AT3G13672	69.3	7.33e-119	337
BRA001522	AT3G13800	85.9	1.88e-221	607
BRA001524	AT3G13860	94.1	0	1006
BRA001525	AT3G13870	91.8	0	1420
BRA001526	AT3G13882	62.1	1.55e-55	172
BRA001529	AT3G13898	69.1	3.92e-54	165
BRA001538	AT3G14190	79	6.87e-101	290
BRA001539	AT3G14200	82.1	5.69e-118	335
BRA001542	AT3G14240	93.2	0	1401
BRA001545	AT3G14270	86.5	0	3016
BRA001549	AT3G14395	85.3	9.79e-40	125
BRA001550	AT3G14415	94.4	5.77e-249	678
BRA001554	AT3G14450	86	1.45e-188	521
BRA001555	AT3G32030	68	1.28e-297	821
BRA001556	AT3G29430	83.9	9.53e-205	565
BRA001557	AT3G14490	78.6	0	963
BRA001558	AT3G14595	66.7	2.04e-53	163
BRA001565	AT3G14810	79.8	0	1301
BRA001569	AT3G14850	86.8	5.45e-237	646
BRA001570	AT3G14860	79.4	2.31e-257	709
BRA001575	AT3G14940	96.8	0	1869
BRA001576	AT3G14960	89	1.52e-221	606
BRA001581	AT3G15060	93.6	4.14e-143	397
BRA001584	AT3G15120	72.8	0	2480
BRA001585	AT3G15160	94.5	0	1049
BRA001586	AT3G15170	81.2	3.5e-176	489
BRA001588	AT3G15210	79.6	8.15e-115	326
BRA001590	AT3G15340	65.3	2.65e-231	651
BRA001593	AT3G15370	79.6	2.35e-166	460
BRA001595	AT3G15460	88.3	9.85e-209	572
BRA001599	AT3G15570	79.2	1.6e-245	676
BRA001600	AT3G15630	67.8	3.19e-40	129
BRA001605	AT3G15720	80.1	1.25e-267	732
BRA001606	AT3G15810	90	1.87e-143	398
BRA001609	AT3G15850	85.9	8.62e-236	645
BRA001611	AT3G15870	75.8	1.3e-206	570
BRA001618	AT3G16000	65.8	1.31e-125	390
BRA001623	AT2G16005	61.3	2.02e-38	127
BRA001631	AT3G16430	80.1	3.75e-176	488
BRA001636	AT3G16570	85.5	3.79e-74	216
BRA001645	AT3G16950	88.3	0	1052
BRA001646	AT3G16990	84.6	1.39e-134	376
BRA001648	AT3G17010	55.1	1.24e-100	296
BRA001658	AT3G17300	94.5	1.75e-56	168
BRA001659	AT3G17365	70.1	3.81e-123	350
BRA001660	AT3G17380	88.9	2.46e-193	531
BRA001663	AT3G17440	95.9	4.08e-176	485
BRA001664	AT3G17470	90.3	0	999
BRA001667	AT3G17570	50.5	4.9e-112	332
BRA001668	AT1G48325	55.2	3.3e-20	76.3
BRA001671	AT3G17609	91.3	1.39e-69	206
BRA001672	AT3G17630	87.3	0	1350
BRA001673	AT3G17640	87.7	5.99e-129	376
BRA001679	AT3G17710	64.7	4.38e-177	496
BRA001688	AT3G17900	85.1	0	1337
BRA001692	AT3G17970	84.6	0	892
BRA001693	AT3G17980	92.1	1.06e-116	327
BRA001694	AT3G18010	75.6	3.55e-183	510
BRA001695	AT3G18030	93.2	8.53e-148	409
BRA001697	AT3G18050	77.2	6e-179	498
BRA001699	AT3G18200	91.1	1.22e-223	613
BRA001703	AT3G18300	69.9	2.63e-113	326
BRA001704	AT3G18390	82.1	0	1285
BRA001709	AT3G18524	91.4	0	1706
BRA001710	AT3G18550	70.1	5.65e-176	498
BRA001712	AT3G18590	80.2	2.54e-92	266
BRA001714	AT3G18620	87	7.55e-211	579
BRA001721	AT3G18773	76.5	5.35e-114	324
BRA001723	AT3G18810	83.7	3.18e-243	690
BRA001725	AT3G18830	87.9	0	913
BRA001728	AT3G18950	83.5	6.2e-239	660
BRA001730	AT3G19020	85.1	4.25e-104	350
BRA001733	AT3G19090	78.2	7.06e-233	645
BRA001735	AT3G19130	79.7	4.53e-196	548
BRA001737	AT3G19160	70.8	2.79e-159	447
BRA001738	AT3G19170	91.6	0	1965
BRA001739	AT3G63220	85.8	1.21e-228	625
BRA001740	AT3G19260	88.3	1.01e-185	514
BRA001747	AT3G19480	91	0	995
BRA001748	AT3G19460	70.5	1.13e-99	287
BRA001753	AT3G19595	70.5	4.6e-146	412
BRA001755	AT3G19610	82.9	0	890
BRA001757	AT3G19630	89.5	2.8e-240	656
BRA001760	AT3G19690	79	1.61e-96	275
BRA001764	AT3G20030	60.5	3.19e-153	438
BRA001766	AT3G19930	93.4	0	965
BRA001769	AT3G19970	87.2	6.33e-266	726
BRA001775	AT3G20080	71.8	2.24e-258	714
BRA001776	AT3G20150	79.1	0	1521
BRA001778	AT3G20170	84.6	3.1e-174	497
BRA001779	AT3G20190	81.7	0	1037
BRA001785	AT3G20360	77.4	6.62e-168	469
BRA001789	AT3G20410	91.6	0	964
BRA001791	AT3G20530	88.7	3.16e-239	654
BRA001792	AT3G20550	87.3	6.21e-111	324
BRA001793	AT3G20560	88	0	868
BRA001796	AT3G20600	78.6	1.27e-115	328
BRA001801	AT3G20750	56.1	2.84e-64	196
BRA001802	AT3G20770	79.4	0	929
BRA001804	AT3G20890	82.5	6.13e-162	451
BRA001805	AT3G20898	63	9.87e-44	139
BRA001806	AT3G20910	68.3	1.53e-128	368
BRA001810	AT3G21070	85.3	6.24e-318	869
BRA001813	AT1G51550	71.5	2.7e-239	662
BRA001815	AT3G21150	66.8	2.1e-85	252
BRA001818	AT3G21220	88.4	2.16e-203	560
BRA001819	AT3G21230	86.4	0	941
BRA001822	AT3G21270	79.4	2.23e-90	263
BRA001824	AT3G21305	76.6	1.23e-30	102
BRA001827	AT3G21340	85.6	0	1490
BRA001828	AT3G21400	85.4	3.33e-101	289
BRA001829	AT3G21410	66.4	6.99e-171	482
BRA001831	AT3G21460	97.1	9.85e-68	197
BRA001833	AT3G21530	87.1	7.99e-286	778
BRA001834	AT3G21580	89.3	2.55e-231	635
BRA001836	AT3G21610	81.1	1.2e-95	274
BRA001837	AT3G21620	92.9	0	1389
BRA001842	AT3G21710	76.6	5.79e-106	303
BRA001845	AT3G21760	80	1.33e-290	793
BRA001847	AT3G21790	70.1	6.73e-248	684
BRA001848	AT3G21865	87.2	9.36e-163	452
BRA001849	AT3G21970	53	3.61e-92	272
BRA001852	AT3G22120	86.2	5.8e-48	162
BRA001862	AT3G22290	94.9	1.04e-245	668
BRA001864	AT3G22320	94.6	1.2e-136	380
BRA001868	AT3G22480	87.2	1.55e-78	228
BRA001872	AT3G22540	87.3	3.69e-64	189
BRA001874	AT3G22600	67.6	7.51e-67	201
BRA001875	AT3G22620	81	1.76e-103	296
BRA001876	AT3G22650	71.6	7.43e-213	588
BRA001881	AT3G22670	84	7.03e-228	640
BRA001882	AT3G22680	79.1	1.22e-85	248
BRA001886	AT3G22840	86.2	4.02e-107	305
BRA001889	AT3G22850	85.9	2.88e-163	451
BRA001891	AT3G22890	92.9	0	865
BRA001894	AT3G22942	93	7.91e-62	182
BRA001895	AT1G23280	64.1	8.68e-118	340
BRA001896	AT3G22960	89.4	0	1017
BRA001899	AT3G23030	85.6	1.55e-101	292
BRA001902	AT1G63590	60.5	2.06e-87	262
BRA001904	AT3G23140	57.9	9.67e-52	162
BRA001905	AT3G23170	74.1	5.16e-44	138
BRA001907	AT3G23250	82.9	7.03e-171	473
BRA001909	AT3G23300	92	0	1165
BRA001913	AT3G23440	73.1	2.08e-52	160
BRA001917	AT1G66390	77.6	1.27e-148	414
BRA001919	AT3G23790	86.7	0	1245
BRA001924	AT3G23870	90.4	5.4e-211	579
BRA001925	AT3G24050	68.9	6.74e-111	320
BRA001929	AT3G24140	85.6	3.37e-224	619
BRA001931	AT3G24170	91.4	0	899
BRA001933	AT3G24250	60.2	5.01e-23	87
BRA001934	AT3G23990	94.3	0	1010
BRA001935	AT3G23980	71.5	3.1e-253	716
BRA001942	AT1G48520	82	9.99989e-320	871
BRA001944	AT3G24340	59	0	1147
BRA001946	AT3G24360	82.7	7.79e-245	672
BRA001948	AT3G24450	93.5	6.96e-95	269
BRA001949	AT3G24460	91.3	2.68e-272	740
BRA001950	AT3G24480	84.2	1.19e-118	365
BRA001951	AT3G24490	74.1	7.78e-144	409
BRA001952	AT3G24503	88	0	918
BRA001954	AT2G15980	78.2	1.41e-180	515
BRA001956	AT2G16050	90.9	5.48e-174	478
BRA001958	AT2G16060	92.5	3.82e-104	294
BRA001959	AT2G16070	77.7	5.21e-153	429
BRA001960	AT2G16090	81.7	0	951
BRA001967	AT2G16120	92.5	0	914
BRA001971	AT2G16250	78.3	0	918
BRA001973	AT2G16270	59	3.17e-232	664
BRA001974	AT2G16280	92.1	0	936
BRA001975	AT2G16365	72.8	8.01e-190	545
BRA001976	AT2G16400	75.4	8.49e-221	614
BRA001977	AT2G16405	93	9.24e-316	855
BRA001980	AT2G16570	90.3	0	976
BRA001982	AT2G16595	84.6	4.08e-138	388
BRA001983	AT2G16630	75.1	3.35e-172	482
BRA001984	AT2G16650	84	4.96e-301	822
BRA001986	AT5G42180	85.5	2.9e-204	560
BRA001996	AT2G16750	81.9	0	988
BRA001999	AT2G16860	88	1.99e-174	483
BRA002000	AT2G16880	68.6	2.75e-19	87.8
BRA002001	AT2G20780	92.4	0	902
BRA002004	AT2G16910	87.4	0	952
BRA002005	AT2G16920	78.3	0	1644
BRA002007	AT3G44150	88.8	4.31e-155	430
BRA002010	AT1G34360	67.2	7.45e-159	461
BRA002015	AT2G17010	83.7	0	1414
BRA002021	AT2G17120	68.1	3.38e-165	465
BRA002022	AT2G13100	83.7	4.64e-284	777
BRA002023	AT2G17130	95.9	1.5e-252	687
BRA002024	AT2G17140	92	1.31e-189	566
BRA002025	AT2G17150	79.7	0	1374
BRA002028	AT2G17200	83.4	1.82e-283	780
BRA002030	AT2G17210	78.6	0	1018
BRA002031	AT2G17220	85.6	9.44e-244	668
BRA002034	AT2G17230	93.4	1.23e-236	646
BRA002035	AT2G17240	75.6	1.62e-47	150
BRA002043	AT3G11490	74.2	2.85e-191	540
BRA002046	AT3G11520	75.3	6.87e-195	544
BRA002047	AT2G17265	92.4	9.14e-230	629
BRA002049	AT2G17300	78.7	2.56e-61	184
BRA002050	AT2G17350	100	5.25e-61	182
BRA002053	AT2G17370	77.2	5.49e-295	810
BRA002054	AT2G17380	99.4	1.39e-111	313
BRA002058	AT2G17410	62.1	2.08e-280	794
BRA002059	AT2G21045	80.1	6.11e-82	238
BRA002061	AT2G17450	82.6	6.57e-102	291
BRA002062	AT2G17470	80.5	6.6e-293	805
BRA002068	AT2G17500	90.7	4.13e-259	706
BRA002069	AT2G17525	81.5	1.54e-180	525
BRA002070	AT2G17530	91.5	7.01e-303	820
BRA002072	AT2G17550	81.8	0	1187
BRA002075	AT2G17650	89	0	960
BRA002079	AT2G17705	89	3.89e-88	251
BRA002080	AT2G17710	84.6	3.27e-84	243
BRA002084	AT2G17730	89.5	7.94e-125	353
BRA002085	AT1G45616	59.3	1.04e-245	716
BRA002090	AT2G17770	59.6	3.63e-60	185
BRA002091	AT2G17787	55	1.86e-85	259
BRA002092	AT2G17790	92.4	0	1431
BRA002095	AT2G17820	86.4	0	1988
BRA002096	AT2G17840	80.6	7.54e-251	689
BRA002098	AT2G17860	78.1	1.05e-143	402
BRA002100	AT2G17900	87.3	1.05e-311	846
BRA002102	AT5G17720	80.9	1.5e-270	739
BRA002103	AT5G17760	88.5	2.26e-309	842
BRA002104	AT5G17770	92.9	5.08e-196	536
BRA002105	AT5G17780	80	3.91e-203	562
BRA002106	AT5G17790	70.9	0	892
BRA002109	AT5G17830	58.6	2.1e-155	449
BRA002110	AT5G17850	82.5	0	889
BRA002118	AT5G17980	84.3	0	1787
BRA002119	AT5G17990	85.2	2.44e-249	684
BRA002129	AT5G18070	82.8	0	880
BRA002131	AT5G18030	83.8	1.69e-51	156
BRA002132	AT5G18000	56.7	1.44e-109	320
BRA002133	AT5G18100	89.2	1.36e-103	293
BRA002135	AT5G18120	83.4	6.78e-163	454
BRA002136	AT5G18130	71	1.84e-132	375
BRA002137	AT5G18140	74.6	5e-167	468
BRA002138	AT5G18150	79.3	1.4e-41	130
BRA002139	AT5G18170	95.4	1.2e-296	802
BRA002140	AT5G18190	90.2	0	1154
BRA002141	AT5G18200	88.6	2.13e-235	642
BRA002142	AT5G18210	89.1	6.61e-143	401
BRA002143	AT5G18220	89.8	0	897
BRA002145	AT5G18240	87.7	1.52e-223	616
BRA002146	AT5G18250	89.5	4.81e-85	244
BRA002147	AT5G18260	61.8	1.19e-114	336
BRA002150	AT5G18280	91.9	0	867
BRA002151	AT5G18290	84.4	1.16e-141	396
BRA002152	AT5G18310	79.6	3.7e-75	221
BRA002157	AT5G18420	78.6	2.49e-259	711
BRA002158	AT5G18440	59	1.04e-122	365
BRA002159	AT5G18450	76.5	1.41e-162	454
BRA002162	AT5G18490	86.1	0	1014
BRA002165	AT5G44630	75.1	1.68e-310	849
BRA002166	AT5G18525	83.5	0	2664
BRA002170	AT5G18590	89.1	0	1164
BRA002172	AT5G18610	93.6	0	930
BRA002173	AT5G18620	87.7	0	1780
BRA002174	AT5G18630	82.2	8.02e-222	608
BRA002175	AT5G18640	83.6	1.81e-226	620
BRA002177	AT5G18660	82.9	1.29e-244	671
BRA002178	AT5G18670	87	0	928
BRA002179	AT5G18680	88.5	4.38e-247	675
BRA002180	AT5G18690	66.9	5.74e-32	109
BRA002181	AT5G18700	89.8	0	2409
BRA002183	AT5G18730	68.4	6.47e-240	670
BRA002184	AT5G18750	71.2	3.53e-122	368
BRA002186	AT5G18800	99.1	1.36e-78	225
BRA002189	AT5G18840	91.1	8.73e-313	849
BRA002191	AT5G18860	83.6	0	1531
BRA002192	AT5G18900	90.9	4.03e-204	558
BRA002194	AT5G18930	90	7.9e-226	617
BRA002195	AT5G18940	95.3	1.77e-235	642
BRA002196	AT5G18950	68.4	4.48e-122	365
BRA002199	AT5G18980	87.4	0	1384
BRA002202	AT5G19020	86.5	5.06e-308	849
BRA002203	AT5G19025	84.5	1.03e-101	294
BRA002204	AT5G19040	87.2	1.29e-210	578
BRA002206	AT5G19060	79.8	0	958
BRA002207	AT5G19070	91.8	2.5e-175	484
BRA002214	AT5G19120	76.9	9.86e-202	560
BRA002215	AT5G19130	88.9	0	1238
BRA002216	AT5G19140	93.6	6.63e-160	441
BRA002218	AT5G19160	81.4	9.85e-299	812
BRA002219	AT5G19180	87.5	1.53e-289	788
BRA002220	AT5G19190	79.5	5.81e-65	194
BRA002223	AT5G19280	78	9.61e-313	857
BRA002225	AT5G19300	82.4	2.49e-193	539
BRA002227	AT5G19320	87	5.05e-219	616
BRA002228	AT5G19330	90.6	4.13e-307	854
BRA002233	AT5G19400	73.2	0	1401
BRA002234	AT5G19410	89.1	8.73e-293	804
BRA002236	AT5G19440	90.7	1.6e-218	597
BRA002238	AT5G19460	79.4	3.16e-177	498
BRA002239	AT5G19480	90.3	3.78e-77	230
BRA002244	AT5G19530	94.3	8.38e-236	642
BRA002249	AT5G19610	91.4	0	2496
BRA002250	AT5G19620	87.3	0	1226
BRA002251	AT5G19640	86.1	0	1018
BRA002252	AT5G19650	72.1	1.14e-91	267
BRA002253	AT5G19670	84	0	996
BRA002254	AT5G19680	89.3	2.82e-154	435
BRA002256	AT5G19700	87.8	0	877
BRA002257	AT5G19730	90.9	2.64e-265	720
BRA002261	AT5G19770	99.6	0	901
BRA002262	AT5G19790	80.9	5.75e-138	387
BRA002264	AT5G19850	88.3	6.66e-233	637
BRA002266	AT5G19860	78.1	6.89e-90	260
BRA002270	AT5G19880	91.2	1.47e-217	595
BRA002272	AT5G19900	65.6	2.34e-184	523
BRA002273	AT5G19910	66.8	5.93e-96	278
BRA002274	AT5G19920	66.3	2.12e-297	821
BRA002275	AT5G19930	93.8	3.26e-191	525
BRA002276	AT5G19940	81.3	5.08e-128	360
BRA002277	AT5G19950	78.5	5.65e-183	514
BRA002279	AT5G19990	98.1	2.39e-291	789
BRA002280	AT5G20190	80.5	1.57e-89	267
BRA002282	AT5G20220	84	7.18e-169	487
BRA002283	AT5G20230	69.9	2.66e-75	223
BRA002286	AT5G20250	82.9	0	1422
BRA002287	AT5G20260	83.4	6.55e-276	754
BRA002289	AT5G20280	94.6	0	1952
BRA002290	AT5G20290	93.4	1.91e-131	369
BRA002291	AT5G20300	81.8	0	1239
BRA002293	AT5G20320	81.2	0	2618
BRA002298	AT5G20400	86.2	6.25e-226	618
BRA002302	AT5G20420	80.6	0	1962
BRA002305	AT5G20480	82.2	1.88e-298	856
BRA002307	AT5G20510	86.8	1.02e-156	436
BRA002308	AT5G20520	92.8	3.41e-212	580
BRA002313	AT5G20590	81.9	5.13e-295	805
BRA002314	AT5G20600	74.9	1.11e-266	736
BRA002318	AT5G20650	84.9	3.06e-80	233
BRA002320	AT5G20680	80.4	2.75e-314	858
BRA002321	AT5G20690	75	2.17e-257	723
BRA002322	AT5G20700	89.6	2.54e-159	441
BRA002325	AT5G20710	87.2	0	1528
BRA002328	AT5G20740	80.3	3.23e-109	312
BRA002331	AT5G20820	90.5	2.73e-79	229
BRA002336	AT5G20885	79.5	2.12e-92	266
BRA002337	AT5G20890	96.2	0	988
BRA002338	AT5G20900	64.7	6.64e-73	218
BRA002341	AT5G20920	83.9	1.21e-147	413
BRA002347	AT5G20960	82.8	0	2245
BRA002350	AT5G21040	89.2	3.42e-233	644
BRA002352	AT5G21060	85.7	1.19e-229	630
BRA002354	AT5G21090	96.8	6.64e-82	243
BRA002358	AT5G21120	61.2	1.18e-202	573
BRA002359	AT5G21140	82.2	4.47e-179	496
BRA002362	AT5G21160	72.3	0	968
BRA002366	AT5G21170	75.5	1.87e-167	466
BRA002367	AT5G21222	86.6	0	963
BRA002369	AT5G21326	91.8	7.41e-292	792
BRA002370	AT5G21430	86.7	3.88e-132	370
BRA002371	AT5G21482	89.4	0	962
BRA002372	AT5G21910	70.3	2.21e-38	124
BRA002374	AT5G21930	90.1	0	1497
BRA002375	AT5G21940	80.6	2.32e-86	257
BRA002377	AT5G21960	72.8	2.47e-98	285
BRA002380	AT5G21970	82.1	2.29e-262	718
BRA002381	AT5G21280	72.1	1.27e-103	304
BRA002383	AT5G22020	90.1	3.39e-272	739
BRA002384	AT5G22030	86.8	0	1531
BRA002387	AT5G22080	85.8	6.05e-127	359
BRA002388	AT5G22090	73.2	3.38e-212	592
BRA002397	AT5G22210	87.7	3.82e-46	141
BRA002398	AT5G22220	79.4	6.1e-241	665
BRA002400	AT5G22250	84.8	1.82e-170	472
BRA002401	AT5G22260	88.3	0	1188
BRA002404	AT5G22310	67.4	3.34e-182	518
BRA002405	AT5G22320	81.4	6.93e-63	209
BRA002406	AT5G22330	98.3	5.33e-317	857
BRA002411	AT5G22440	94	1.27e-140	391
BRA002412	AT5G22450	86.9	0	1846
BRA002413	AT5G22460	80.2	1.1e-215	591
BRA002414	AT5G22470	91.8	0	1508
BRA002416	AT5G22500	85.2	5.88e-313	850
BRA002417	AT5G22510	88.7	0	1111
BRA002420	AT5G22560	58.3	1.69e-196	555
BRA002421	AT5G22570	69.4	2.3e-131	374
BRA002422	AT5G22580	88.3	6.37e-66	194
BRA002423	AT5G22630	91.4	1.57e-278	758
BRA002424	AT5G22640	83.2	0	1241
BRA002427	AT5G22780	93.7	0	1858
BRA002429	AT5G22790	84.8	4.24e-231	637
BRA002432	AT5G22830	90.1	5.36e-255	701
BRA002433	AT5G22840	87.1	0	909
BRA002434	AT5G22850	92.7	0	902
BRA002435	AT5G22875	94.2	2.93e-45	138
BRA002438	AT5G22890	68.4	1.51e-172	485
BRA002442	AT5G22940	76.6	1.43e-250	691
BRA002445	AT5G22970	51.3	3.77e-40	132
BRA002447	AT5G22990	58.4	1.35e-116	339
BRA002451	AT5G60780	92.3	0	973
BRA002453	AT5G60770	94.9	0	994
BRA002454	AT5G60760	82.9	0	1161
BRA002457	AT5G60700	95.7	0	1810
BRA002458	AT5G60690	96.9	0	1604
BRA002459	AT5G60680	73.8	7.99e-77	225
BRA002460	AT5G60670	97	1.43e-111	313
BRA002463	AT5G60650	67.1	7.42e-59	179
BRA002464	AT5G60640	86.6	0	997
BRA002467	AT4G08840	52.3	3.54e-156	454
BRA002468	AT5G60600	90.7	0	1317
BRA002469	AT5G60590	89.7	1.88e-177	490
BRA002470	AT5G60580	83.2	8.79e-273	748
BRA002471	AT5G60570	91.9	1.97e-210	582
BRA002472	AT5G60550	82.2	1.49e-246	675
BRA002473	AT5G60540	92.2	7.24e-164	453
BRA002475	AT5G60520	89.1	1.53e-224	613
BRA002476	AT5G60510	76.6	5.03e-156	435
BRA002479	AT5G60450	82	0	1221
BRA002481	AT5G60410	81.1	0	1390
BRA002483	AT1G07930	99.3	0	896
BRA002485	AT5G60360	90.5	4.14e-237	647
BRA002487	AT5G60340	78.2	5.24e-97	278
BRA002497	AT5G60300	80.8	0	1116
BRA002498	AT5G60280	79.6	0	994
BRA002499	AT5G60270	79.2	0	1070
BRA002501	AT5G60250	63.2	5.54e-299	829
BRA002504	AT5G60200	79.5	2.07e-149	417
BRA002508	AT5G60150	56.9	0	1140
BRA002510	AT5G60120	71.8	5.3e-230	639
BRA002512	AT5G60100	71.1	7.22e-228	635
BRA002516	AT5G59990	83.5	2.1e-122	347
BRA002518	AT5G59960	96.1	1.16e-244	666
BRA002519	AT5G59950	85.4	4.06e-111	318
BRA002520	AT3G45980	98.7	2.86e-76	223
BRA002521	AT5G59900	78.7	3.21e-96	322
BRA002526	AT5G59845	80	2.54e-49	150
BRA002527	AT5G59840	97.2	1.2e-148	411
BRA002530	AT5G59800	62.8	2.19e-126	362
BRA002533	AT5G59780	89.2	2.06e-143	400
BRA002534	AT5G60110	69.2	2.15e-148	419
BRA002535	AT5G59760	74.1	1.25e-87	258
BRA002536	AT5G59740	94.2	7.46e-234	637
BRA002537	AT5G59730	80.1	0	939
BRA002539	AT5G59720	89.4	2.36e-96	275
BRA002541	AT5G59700	81.8	0	1321
BRA002555	AT5G59600	85.6	6.3e-271	747
BRA002556	AT5G59590	84	2.46e-278	759
BRA002561	AT5G59500	83.6	3.09e-242	663
BRA002562	AT5G59490	86.1	3.03e-166	460
BRA002565	AT5G59440	83.5	4.82e-140	396
BRA002566	AT5G59430	74.6	1.47e-270	749
BRA002568	AT5G59420	92.6	0	880
BRA002569	AT5G59400	88.5	5.16e-192	528
BRA002570	AT5G59390	65.9	4.04e-242	676
BRA002572	AT5G59360	65.8	2.95e-53	165
BRA002576	AT5G59340	58.1	7.09e-89	261
BRA002578	AT4G17200	51.9	3.24e-121	355
BRA002582	AT5G59030	87.5	2.29e-76	224
BRA002586	AT5G59120	83.9	0	1155
BRA002589	AT5G59150	94	1.33e-141	394
BRA002592	AT5G59190	75.1	0	1016
BRA002593	AT5G59200	85.8	3.74e-293	823
BRA002594	AT5G59220	82.7	4.71e-228	629
BRA002595	AT5G59230	51.6	3.18e-45	147
BRA002596	AT5G59250	90.5	0	951
BRA002598	AT5G59020	71.7	0	1017
BRA002599	AT5G59010	93.9	0	934
BRA002600	AT5G59000	82.4	7.04e-102	294
BRA002604	AT5G58960	87.2	0	931
BRA002607	AT5G58940	82.8	5.03e-278	760
BRA002608	AT5G58930	68.8	8.98e-221	619
BRA002609	AT5G58910	90.5	0	1057
BRA002611	AT5G58890	61.3	1.14e-113	329
BRA002616	AT5G58870	86.9	0	1293
BRA002618	AT5G58784	78.9	6.03e-171	475
BRA002620	AT5G58750	87.9	2.05e-257	701
BRA002621	AT5G58740	95.6	2.52e-117	327
BRA002622	AT5G58730	85.1	1.29e-213	587
BRA002626	AT5G58690	81.9	0	962
BRA002629	AT5G58650	65.3	5.13e-21	77.8
BRA002630	AT5G58640	82.8	2.88e-132	371
BRA002631	AT5G58630	58	1.52e-116	342
BRA002632	AT5G58620	77.1	0	883
BRA002633	AT5G58610	60.1	4.48e-204	592
BRA002634	AT5G58600	91.8	8.15e-253	690
BRA002637	AT5G58560	82	1.09e-158	444
BRA002638	AT5G58550	85.4	0	1553
BRA002639	AT5G58540	74.2	7.87e-234	649
BRA002641	AT5G58510	86.5	0	1655
BRA002645	AT5G58490	90.1	1.17e-220	602
BRA002646	AT5G58480	85.1	7.04e-295	803
BRA002647	AT5G58470	78.8	6.88e-147	424
BRA002649	AT5G37055	92.4	3.17e-106	300
BRA002650	AT5G58450	87.8	0	1714
BRA002651	AT5G58440	87.2	0	904
BRA002652	AT5G58410	82.9	0	2957
BRA002653	AT4G13235	79.8	1.98e-47	145
BRA002654	AT5G58380	86.9	6.29e-290	790
BRA002655	AT5G58375	77	9.06e-41	128
BRA002656	AT5G58370	80.5	6.63e-241	666
BRA002657	AT5G58360	54.7	1.72e-92	277
BRA002658	AT5G58350	82	0	879
BRA002659	AT5G58340	65.3	8.59e-181	511
BRA002660	AT5G58330	93.9	5.19e-307	831
BRA002661	AT5G58320	70.7	7.88e-247	688
BRA002664	AT5G58270	86.7	0	1193
BRA002665	AT5G58250	83.6	1.49e-117	332
BRA002666	AT5G58240	83.7	3.17e-113	319
BRA002667	AT5G58230	81.7	3.97e-254	696
BRA002668	AT5G58160	78.5	0	1682
BRA002670	AT5G58130	62.7	3.76e-201	584
BRA002672	AT5G58100	84.9	0	1589
BRA002673	AT5G58090	89	0	884
BRA002675	AT5G58060	84.6	7.45e-126	353
BRA002677	AT5G58040	73	0	1456
BRA002682	AT5G58000	62.6	7.39e-204	581
BRA002684	AT5G57950	84.5	2.54e-132	373
BRA002686	AT5G57900	84.9	1.42e-191	527
BRA002687	AT5G57880	73.7	8.46e-194	540
BRA002690	AT5G57820	64	7.38e-56	171
BRA002691	AT5G57810	83.6	8.48e-187	516
BRA002693	AT5G57830	79.6	4.57e-180	504
BRA002697	AT5G57780	80.1	1.89e-83	242
BRA002699	AT5G57740	87.8	3.47e-301	822
BRA002703	AT5G57710	82.8	0	1526
BRA002708	AT5G57670	88.2	0	1031
BRA002710	AT5G57655	93.9	0	924
BRA002711	AT5G57570	51.5	1.04e-36	124
BRA002712	AT5G57630	92.5	7.71e-281	762
BRA002714	AT3G29110	66.3	4.28e-284	785
BRA002715	AT5G57590	85.8	0	1439
BRA002716	AT5G57580	86	0	1078
BRA002719	AT5G57560	91.9	5.74e-201	549
BRA002723	AT5G57540	90.5	1.29e-191	526
BRA002726	AT5G57480	88.8	0	870
BRA002728	AT5G57440	94.2	2.91e-165	455
BRA002729	AT5G57420	81.5	6.01e-76	223
BRA002733	AT5G57350	92.3	0	1723
BRA002738	AT5G57320	87	0	1628
BRA002740	AT5G57300	93.1	2.91e-192	528
BRA002743	AT5G57270	89.7	7.14e-273	740
BRA002744	AT5G57250	77.9	9.82e-257	745
BRA002745	AT5G57240	77.7	3.88e-227	624
BRA002746	AT5G57230	96.3	6.67e-118	330
BRA002749	AT5G57210	79.2	0	1076
BRA002750	AT5G57200	88.1	0	896
BRA002753	AT5G57170	98.1	3.74e-67	197
BRA002755	AT5G57160	80.2	0	1816
BRA002756	AT5G57150	92.5	1.2e-128	364
BRA002757	AT5G57140	82.3	1.62e-245	672
BRA002758	AT5G57130	74.4	0	1077
BRA002764	AT5G57070	74	2.12e-209	594
BRA002765	AT5G57060	81.8	5.19e-77	224
BRA002766	AT5G57050	83.8	2.97e-250	686
BRA002769	AT5G57030	86.8	0	921
BRA002771	AT5G57015	92.4	1.62e-292	793
BRA002775	AT5G56980	82.1	6.29e-189	526
BRA002778	AT5G56950	96.1	3.29e-210	582
BRA002785	AT5G56900	85.7	0	991
BRA002786	AT5G56890	75.3	0	1387
BRA002788	AT5G56860	72.1	1.53e-176	496
BRA002791	AT5G56790	90.9	0	1169
BRA002792	AT5G56780	79	2.93e-260	716
BRA002793	AT5G56760	90.1	4.17e-182	504
BRA002796	AT5G56730	95.6	0	1907
BRA002797	AT5G56720	86.9	9.96e-233	637
BRA002799	AT5G56680	79.8	0	920
BRA002801	AT5G56630	92.6	0	910
BRA002802	AT5G56620	84.3	9.27e-221	608
BRA002803	AT5G56610	83.6	1.98e-132	373
BRA002804	AT5G56600	88.5	2.05e-85	244
BRA002805	AT5G56590	90.1	0	873
BRA002806	AT5G56580	95.5	9.31e-248	674
BRA002808	AT5G56540	72.4	4e-19	72
BRA002809	AT5G56530	92.6	1.61e-306	828
BRA002811	AT5G56520	90.6	4.09e-41	130
BRA002813	AT5G56480	84.7	3.25e-41	130
BRA002814	AT1G32300	82.3	0	994
BRA002816	AT5G56450	88.3	1.25e-205	565
BRA002817	AT5G56452	52.2	7.01e-60	189
BRA002822	AT5G56350	96.6	0	936
BRA002827	AT5G56280	90.5	1.19e-209	574
BRA002828	AT5G56270	75	1.66e-316	875
BRA002832	AT5G56240	60.5	0	979
BRA002833	AT5G56230	77.5	5.5e-98	281
BRA002834	AT5G56220	90.6	0	1680
BRA002835	AT5G56210	56.7	1.84e-84	261
BRA002836	AT5G56200	65.3	3.78e-146	426
BRA002841	AT5G56160	69.2	1.5e-260	722
BRA002845	AT5G56130	90	6.09e-218	595
BRA002846	AT5G56120	82.2	9.09e-133	373
BRA002847	AT5G56110	89.8	7.21e-211	577
BRA002848	AT5G56090	93.4	2.03e-306	830
BRA002849	AT3G42850	92.9	0	1810
BRA002850	AT3G42860	73.8	3.55e-96	287
BRA002852	AT5G56075	77.5	2.67e-115	328
BRA002853	AT5G56050	70.8	3.19e-135	383
BRA002855	AT5G56040	88.6	0	958
BRA002857	AT1G60280	58.3	9.06e-118	343
BRA002861	AT5G55960	91.7	0	1101
BRA002865	AT5G55950	93.7	3.14e-258	704
BRA002868	AT5G55910	94	0	896
BRA002869	AT5G55900	73.1	1.71e-201	560
BRA002870	AT5G55860	80.1	2.62e-252	709
BRA002872	AT5G55840	84.5	1.07e-130	426
BRA002873	AT5G55830	89.1	0	1179
BRA002876	AT5G55750	65.8	3.08e-09	52.8
BRA002877	AT5G55740	84.5	0	1221
BRA002878	AT5G55730	89	4.25e-235	647
BRA002879	AT5G55670	71	8e-287	801
BRA002880	AT5G55660	67.7	2.25e-134	419
BRA002881	AT5G55650	56.6	1.14e-23	88.6
BRA002884	AT5G55640	69.3	3.34e-58	177
BRA002889	AT5G55610	84.9	2.86e-176	491
BRA002890	AT5G55600	83	0	1081
BRA002891	AT5G55590	70.6	1.97e-204	567
BRA002892	AT5G55570	75	2.09e-57	174
BRA002894	AT4G08250	75.1	7.97e-252	694
BRA002896	AT5G66330	85.4	3.42e-181	510
BRA002898	AT5G55540	86.8	0	2180
BRA002900	AT5G55510	80.5	3.85e-114	324
BRA002904	AT5G55480	84.2	0	1256
BRA002905	AT5G55470	90.6	0	925
BRA002906	AT5G55460	66.7	1.78e-44	139
BRA002908	AT1G34355	50.1	0	1119
BRA002910	AT5G55350	70.4	2.81e-168	471
BRA002916	AT1G28710	79	5.96e-197	544
BRA002917	AT5G55310	83.1	0	1425
BRA002918	AT5G55280	90.1	8.77e-254	694
BRA002919	AT5G55250	95.3	2.79e-271	736
BRA002922	AT5G55230	87.2	0	955
BRA002924	AT5G55210	78.9	2.06e-85	248
BRA002925	AT5G55200	75.7	8.98e-138	390
BRA002927	AT5G55180	90.5	4.65e-298	810
BRA002929	AT5G55135	69.3	1.32e-43	137
BRA002930	AT5G55130	89.5	1.49e-306	832
BRA002932	AT5G55110	69.8	2e-56	174
BRA002933	AT5G55090	74.1	4.14e-220	613
BRA002934	AT5G55070	87.2	7.57e-249	686
BRA002935	AT5G55060	83.3	0	1073
BRA002937	AT5G55050	84	4.65e-240	656
BRA002938	AT5G55020	81.6	1.65e-216	610
BRA002942	AT5G54960	94.4	0	1162
BRA002945	AT5G54930	65.3	1.66e-112	325
BRA002946	AT5G54910	80.4	0	1088
BRA002947	AT5G54900	72.3	1.6e-192	537
BRA002949	AT5G54860	93.5	1.68e-312	849
BRA002950	AT5G54855	85.6	4.98e-91	260
BRA002951	AT5G54850	77.7	1.28e-76	227
BRA002953	AT5G54840	88.5	3.23e-190	522
BRA002954	AT5G54810	93.4	0	871
BRA002956	AT5G54790	78.9	1.11e-60	187
BRA002957	AT5G54770	92.3	6.83e-229	625
BRA002963	AT5G54690	96.6	0	1040
BRA002965	AT5G54670	87	0	1174
BRA002966	AT5G54660	82.8	4.88e-118	332
BRA002969	AT5G54650	82.1	0	1140
BRA002970	AT5G54640	96.9	2.14e-82	237
BRA002971	AT5G54620	69.4	2.2e-139	405
BRA002973	AT5G54600	92.5	2.14e-122	343
BRA002975	AT5G54585	77.3	3.01e-62	186
BRA002978	AT5G54570	86	0	937
BRA002979	AT5G54540	70	2.93e-122	351
BRA002980	AT5G54530	75.8	7.01e-79	231
BRA002985	AT5G54480	63.3	6.81e-274	770
BRA002987	AT5G55270	66.4	1.71e-163	461
BRA002989	AT5G52930	64.1	5.04e-156	442
BRA002993	AT5G54380	89.4	0	1451
BRA002999	AT5G54270	97	4.05e-194	530
BRA003000	AT5G54260	90.7	0	1093
BRA003003	AT5G54200	84.8	0	1263
BRA003004	AT5G54190	92.6	2.32e-263	717
BRA003005	AT5G54180	86.8	2.49e-304	829
BRA003006	AT5G54170	81.7	2.87e-259	711
BRA003008	AT5G54150	79.2	1.49e-68	203
BRA003011	AT4G14190	74	5.24e-154	447
BRA003012	AT5G54140	80.5	5.33e-235	647
BRA003013	AT4G14520	67	1.26e-89	261
BRA003014	AT5G54130	95.9	0	879
BRA003016	AT4G27585	83.9	1.28e-166	473
BRA003017	AT5G54095	58.2	9.55e-15	65.9
BRA003019	AT5G25180	83.2	6.87e-314	853
BRA003024	AT5G53940	93.8	1.39e-88	252
BRA003026	AT5G53890	80.8	0	941
BRA003027	AT5G53870	71.9	8.59e-70	220
BRA003028	AT5G53860	84.7	1.14e-291	792
BRA003029	AT5G53850	87.5	0	927
BRA003034	AT5G53800	96	6.98e-112	323
BRA003035	AT5G53770	82.4	4.7e-278	764
BRA003037	AT5G53760	88.5	0	960
BRA003040	AT5G53710	68.1	2.66e-22	83.2
BRA003041	AT5G49840	76.6	6.64e-305	839
BRA003045	AT5G53580	92.3	1.43e-250	681
BRA003046	AT5G53570	86.1	1.96e-297	816
BRA003047	AT5G53550	91.7	0	1197
BRA003048	AT5G53540	83.6	3.62e-235	645
BRA003049	AT5G53530	95	3.12e-196	539
BRA003050	AT5G53510	90.4	0	1371
BRA003053	AT5G53490	84.6	1.37e-84	252
BRA003054	AT5G53480	95	0	1628
BRA003055	AT5G53450	87.9	0	1141
BRA003057	AT5G53420	82.8	4.15e-159	443
BRA003059	AT5G53400	75.7	1.53e-156	437
BRA003063	AT5G53350	85.7	0	883
BRA003064	AT5G53340	93.7	3.51e-228	622
BRA003066	AT5G53300	99.3	1.01e-109	307
BRA003071	AT5G53250	81	1.15e-26	91.3
BRA003079	AT5G53150	63.3	1.52e-287	805
BRA003085	AT5G53060	81	0	969
BRA003086	AT5G53050	74.2	1.2e-232	640
BRA003087	AT5G53045	86.5	1.39e-53	161
BRA003088	AT5G53040	75.5	7.78e-117	333
BRA003090	AT5G53020	73.6	5.36002e-319	884
BRA003091	AT5G53000	90.1	2.13e-248	679
BRA003092	AT5G52990	79	5.66e-148	414
BRA003096	AT5G52910	82.1	0	1812
BRA003098	AT5G52900	80.3	1.31e-126	357
BRA003105	AT5G52880	74.5	1.28e-136	386
BRA003106	AT5G52870	66.5	4.5e-113	329
BRA003108	AT5G52850	77.1	0	1333
BRA003112	AT5G52790	81.3	2.61e-274	752
BRA003115	AT5G52750	80.1	5.34e-48	150
BRA003120	AT5G52630	88.2	0	1038
BRA003121	AT5G52570	76.1	2.3e-157	441
BRA003123	AT3G53230	94.1	0	1505
BRA003124	AT3G53240	71.2	6.19e-207	613
BRA003126	AT3G53260	93.4	0	1300
BRA003127	AT3G53270	76.3	5.97e-148	416
BRA003129	AT3G53280	87	0	871
BRA003130	AT3G53310	64.1	1.33e-99	293
BRA003132	AT3G53370	81.8	8.51e-40	125
BRA003133	AT3G53410	71.3	1.34e-142	402
BRA003137	AT3G53480	87.7	0	2531
BRA003138	AT3G53490	79.6	7.48e-136	380
BRA003143	AT3G53540	74.6	0	1134
BRA003145	AT3G53560	81.6	4.27e-182	508
BRA003146	AT3G53570	92.5	1.06e-318	862
BRA003148	AT3G53600	76	4.81e-64	194
BRA003154	AT3G53720	90	0	1452
BRA003155	AT3G53740	94.6	5.87e-67	196
BRA003157	AT3G53850	85.7	1.63e-93	267
BRA003160	AT3G53950	94.4	0	978
BRA003161	AT3G53960	83.7	0	994
BRA003162	AT3G53970	71.8	2.15e-140	397
BRA003163	AT3G53990	90.6	6.09e-103	291
BRA003168	AT3G54060	66	1.42e-150	434
BRA003175	AT3G54200	68.8	9.56e-69	213
BRA003176	AT3G54210	90.6	3.49e-131	367
BRA003177	AT3G54300	94.6	5.21e-162	447
BRA003181	AT3G54380	76.3	4.92e-212	587
BRA003186	AT3G54470	89.6	2.26e-307	834
BRA003187	AT3G54500	70.3	4e-295	818
BRA003190	AT3G54600	83.2	3.84e-241	660
BRA003191	AT3G54680	59.4	6.46e-66	201
BRA003192	AT3G54690	91.7	5.55e-227	620
BRA003195	AT4G13420	88.4	0	1231
BRA003197	AT3G54826	71.6	5.6e-86	252
BRA003198	AT3G54890	97.5	3.07e-177	486
BRA003199	AT3G54900	80.2	7.52e-92	265
BRA003203	AT3G55000	85.4	7.75e-150	418
BRA003204	AT3G55010	84.9	6.74e-229	629
BRA003206	AT3G55060	73.4	0	1132
BRA003225	AT3G55990	91.2	0	868
BRA003228	AT3G56110	93.8	2.03e-128	360
BRA003229	AT3G56140	88.1	0	1191
BRA003231	AT3G56190	96.5	1.93e-172	478
BRA003232	AT3G56220	82.1	1.69e-78	229
BRA003235	AT3G56250	56.5	2.46e-63	198
BRA003238	AT1G32420	55.4	9.06e-102	303
BRA003240	AT3G56410	55.2	0	1290
BRA003241	AT3G56460	90.6	7.23e-214	592
BRA003242	AT3G56480	88.2	1.38e-301	821
BRA003254	AT3G56930	88.9	4.94e-306	831
BRA003256	AT3G56940	92.7	1.9e-276	751
BRA003257	AT3G56950	90.3	2.5e-157	436
BRA003265	AT3G57040	78.8	4.7e-122	346
BRA003266	AT4G29910	80.5	5.12e-304	832
BRA003269	AT3G57140	82.6	0	1263
BRA003270	AT3G57150	93	6.05e-287	790
BRA003272	AT3G57160	71.4	9.1e-09	47.8
BRA003273	AT3G57240	81.8	5.67e-195	539
BRA003275	AT3G57320	79	2.62e-25	91.7
BRA003276	AT3G57330	94.2	0	1863
BRA003283	AT3G57450	78.1	1.03e-36	119
BRA003284	AT3G57480	89.6	5.37e-169	465
BRA003286	AT3G57510	80.6	1.19e-240	662
BRA003287	AT3G57530	93.5	0	1003
BRA003298	AT3G57750	84.9	7.47e-151	422
BRA003299	AT3G57760	84.2	1.24e-231	634
BRA003302	AT3G57880	96.6	0	1527
BRA003304	AT3G57910	86.4	5.63e-141	396
BRA003305	AT3G57920	67.3	4.48e-142	404
BRA003306	AT3G57930	71.6	7.71e-52	160
BRA003314	AT3G58030	91.1	3.03e-280	763
BRA003318	AT3G58100	73.9	2.47e-87	256
BRA003319	AT3G58110	65.1	1.26e-302	848
BRA003320	AT3G58120	78.4	1.47e-131	376
BRA003321	AT3G58130	82.1	2.29e-157	437
BRA003327	AT3G58230	85.6	9.78e-90	257
BRA003329	AT3G58270	58.7	2.11e-117	340
BRA003330	AT3G58350	67.4	2.83e-137	397
BRA003333	AT1G56145	86.3	0	1271
BRA003334	AT1G56170	75.6	2.62e-94	272
BRA003338	AT3G58450	88.8	9.67e-124	347
BRA003339	AT3G58490	88.1	5.76e-271	737
BRA003341	AT3G58510	86.3	0	940
BRA003342	AT3G58560	88.8	0	1064
BRA003343	AT3G58570	88.8	0	956
BRA003348	AT3G58650	76.4	0	1107
BRA003349	AT3G58660	71.6	1.22e-165	476
BRA003351	AT3G58720	68.5	2.46e-106	310
BRA003358	AT3G58830	83.7	2.74e-203	560
BRA003360	AT3G59020	87.9	0	1774
BRA003361	AT3G59030	92.7	0	900
BRA003362	AT3G59050	92	0	898
BRA003363	AT3G59080	86.5	0	936
BRA003364	AT3G59100	92.6	0	3509
BRA003365	AT3G59110	90.2	0	897
BRA003366	AT4G37950	76.2	0	964
BRA003371	AT3G59300	82.2	1.35e-286	782
BRA003372	AT3G59320	76.5	1.64e-179	499
BRA003374	AT3G59390	51.6	4.56e-71	214
BRA003375	AT3G59400	75.7	1.23e-115	332
BRA003376	AT3G59440	84	1.11e-61	190
BRA003377	AT3G59470	89.5	1.62e-135	381
BRA003379	AT3G59500	91.4	1.89e-179	494
BRA003380	AT3G59510	87.4	1.7e-169	480
BRA003382	AT3G59580	75.4	0	1278
BRA003383	AT3G59650	81.5	7.81e-78	227
BRA003384	AT3G59660	90.3	0	1074
BRA003385	AT3G59670	75.7	1.63e-254	702
BRA003388	AT3G59770	88.1	0	2931
BRA003389	AT3G59780	71.1	8.83e-313	866
BRA003391	AT2G43810	87.9	1.01e-55	166
BRA003392	AT3G59830	91.2	5.37e-262	720
BRA003394	AT3G59900	69.9	1.09e-38	125
BRA003397	AT3G59970	96.1	0	1180
BRA003398	AT3G59990	91.6	2.14e-281	766
BRA003402	AT3G60160	89.9	0	2592
BRA003407	AT3G60250	89.2	2.48e-173	478
BRA003408	AT3G60340	88.1	1.71e-203	569
BRA003409	AT3G60380	54.4	3.81e-232	668
BRA003411	AT3G60440	83.5	1.26e-158	442
BRA003413	AT3G60460	77.3	1.11e-151	426
BRA003417	AT3G60510	80.1	5.99e-245	671
BRA003418	AT3G60520	90	3.85e-80	231
BRA003419	AT3G60530	81.8	2.45e-129	365
BRA003421	AT3G60570	82.8	5.5e-167	462
BRA003423	AT3G60600	89.8	8.14e-142	397
BRA003424	AT4G02310	62.6	5.96e-146	416
BRA003427	AT4G00100	97.4	9.24e-103	290
BRA003429	AT3G60830	94.2	3.65e-250	680
BRA003431	AT3G60890	73.3	5e-44	138
BRA003433	AT3G60910	80.6	4.55e-145	404
BRA003434	AT3G61050	94.9	5.8e-314	854
BRA003435	AT3G61070	91.1	3.96e-151	419
BRA003438	AT3G61140	88.2	3.69e-291	791
BRA003439	AT3G61150	86.8	0	1314
BRA003440	AT3G61160	92.7	2.58e-294	798
BRA003444	AT3G61270	81.8	1.14e-313	852
BRA003445	AT4G01830	82.4	0	1901
BRA003447	AT3G61350	71.9	1.04e-190	530
BRA003452	AT5G28370	70.7	3.69e-187	550
BRA003453	AT3G61530	93.4	4.95e-231	631
BRA003454	AT3G61540	86.7	2.72e-301	820
BRA003455	AT3G61560	89.4	8.31e-154	427
BRA003457	AT3G61580	91.5	0	876
BRA003459	AT3G61600	94.4	0	1027
BRA003460	AT3G61610	91.2	5.44e-225	613
BRA003462	AT3G61630	54.8	1.12e-92	276
BRA003464	AT3G61690	81.3	0	2074
BRA003466	AT3G61710	79.6	1.66e-241	681
BRA003467	AT3G61740	64.9	0	1357
BRA003468	AT3G61750	86.4	1.02e-251	687
BRA003469	AT3G61760	92.6	0	1082
BRA003471	AT3G61770	84.4	2.6e-155	434
BRA003472	AT3G61780	77.6	0	1577
BRA003473	AT3G61790	94.1	1.55e-231	630
BRA003474	AT3G61800	79	0	968
BRA003475	AT3G61810	82.4	2.52e-204	565
BRA003481	AT3G61960	83.7	0	980
BRA003484	AT3G62100	90.7	4.34e-109	308
BRA003485	AT3G62110	89.2	4.69002e-319	863
BRA003488	AT3G62130	91.1	8.94e-213	587
BRA003489	AT3G62140	74.8	1.73e-95	276
BRA003490	AT3G62150	94.5	0	2176
BRA003491	AT3G62170	84.5	0	969
BRA003493	AT3G62240	76.1	0	1128
BRA003494	AT3G62280	89	2.78e-249	678
BRA003497	AT3G62370	90	5.94e-258	700
BRA003499	AT3G62410	80.9	9.17e-68	200
BRA003503	AT3G62650	81.6	3.72e-78	228
BRA003506	AT3G62680	80.2	2.92e-73	229
BRA003513	AT3G62890	84.3	2.95e-281	774
BRA003514	AT3G62900	71.3	0	1693
BRA003522	AT3G63080	91.7	1.08e-103	297
BRA003523	AT3G63095	77.4	1.48e-50	164
BRA003524	AT3G63410	95	2.64e-240	653
BRA003526	AT3G45140	79.9	0	1484
BRA003527	AT1G59870	91.2	0	2620
BRA003528	AT1G79760	71.1	6.69e-145	410
BRA003529	AT1G79770	82.5	1.92e-96	276
BRA003530	AT1G79780	78.5	1.9e-96	277
BRA003531	AT1G79790	69.4	1.83e-131	372
BRA003532	AT1G79800	85.3	1.19e-79	234
BRA003533	AT1G79810	92.8	1.27e-222	608
BRA003534	AT1G79830	80.4	0	1261
BRA003535	AT1G79840	89.8	0	1261
BRA003536	AT1G79860	85.3	1.76e-309	843
BRA003537	AT1G79870	86.9	6.81e-201	551
BRA003538	AT1G79880	65.6	2.53e-140	403
BRA003539	AT1G79940	95.2	0	1159
BRA003540	AT1G79950	82.6	0	1593
BRA003541	AT1G79970	55.1	1.52e-68	212
BRA003542	AT1G79990	91	0	1498
BRA003543	AT1G80000	65.4	1.04e-227	642
BRA003544	AT1G80010	78.8	0	986
BRA003546	AT1G80040	73.3	6.84e-110	316
BRA003547	AT1G80050	94.8	4.43e-130	362
BRA003549	AT1G80080	79.8	1.95e-155	451
BRA003551	AT1G80100	95.7	2.43e-94	269
BRA003554	AT1G80165	74.1	1.61e-21	79
BRA003555	AT1G80170	85.6	7.89e-276	752
BRA003556	AT1G80210	82.7	2.52e-219	605
BRA003558	AT1G80240	89.7	1.31e-247	674
BRA003559	AT1G80270	80.2	4.26e-304	841
BRA003561	AT1G80350	89.9	1.06002e-319	870
BRA003564	AT1G80380	82.1	9.39e-274	748
BRA003569	AT1G80490	96.1	0	2107
BRA003571	AT1G80520	77.6	2.1e-97	280
BRA003572	AT1G80530	87	0	938
BRA003578	AT1G80680	83.5	0	1714
BRA003583	AT1G80750	87.3	5.76e-153	426
BRA003585	AT1G80790	71.4	1.14e-299	828
BRA003588	AT1G80840	78.8	1.17e-148	418
BRA003590	AT1G16000	75	1.29e-27	95.5
BRA003591	AT1G80910	85.1	1.24e-305	832
BRA003594	AT1G80940	87.2	2.81e-122	345
BRA003595	AT1G80950	85	4.2e-240	658
BRA003596	AT1G79720	85.9	2.24e-293	800
BRA003597	AT1G79690	88.8	0	1378
BRA003598	AT1G79680	67.3	0	969
BRA003599	AT1G79650	76.2	6.72e-193	540
BRA003601	AT1G79600	92.4	0	1272
BRA003603	AT1G79570	80.8	0	1824
BRA003604	AT1G79560	91.3	0	1818
BRA003606	AT1G79530	90.2	1.45e-265	724
BRA003607	AT1G79510	81.6	7.41e-158	439
BRA003608	AT1G79500	94.5	7.42e-197	539
BRA003609	AT1G79490	88	0	961
BRA003610	AT1G79450	89.1	2.15e-225	616
BRA003613	AT1G79310	68.8	1.47e-192	536
BRA003615	AT1G79270	80.3	1.36e-299	818
BRA003616	AT2G21820	93.6	7.84e-45	138
BRA003617	AT1G79230	85.1	5.14e-236	646
BRA003619	AT1G79180	68.8	3.41e-127	363
BRA003622	AT1G79090	81.4	0	1260
BRA003624	AT1G79040	94.3	1.58e-89	256
BRA003625	AT1G79030	88.3	0	977
BRA003628	AT1G78995	82.4	9.43e-87	250
BRA003631	AT1G78922	71.1	2.61e-88	259
BRA003632	AT1G78915	81.8	9.44e-226	621
BRA003633	AT1G78900	97.8	0	1212
BRA003634	AT1G78895	83	7.3e-88	253
BRA003638	AT1G69630	54.9	3.66e-146	423
BRA003639	AT1G78710	80.7	8.14e-226	619
BRA003641	AT1G78430	78.8	2.42e-142	404
BRA003642	AT1G78410	76.6	1.69e-52	159
BRA003644	AT1G78380	85.4	2.57e-140	390
BRA003645	AT1G78370	88.7	1.98e-135	377
BRA003646	AT1G78340	89.9	2.41e-149	413
BRA003647	AT1G78320	86.4	2.28e-139	388
BRA003649	AT1G78300	96.1	5.83e-173	476
BRA003650	AT1G78290	90.1	1.39e-196	549
BRA003651	AT1G78260	80.8	3.65e-123	352
BRA003652	AT1G78240	82.5	0	1153
BRA003653	AT1G78180	83.6	6.24e-242	663
BRA003654	AT1G22260	58.2	9.9e-260	748
BRA003655	AT1G78170	79.5	1.83e-119	338
BRA003658	AT1G78110	79.2	5.31e-135	387
BRA003662	AT1G77940	98.2	7.13e-77	221
BRA003663	AT1G77930	86.1	1.91e-157	438
BRA003665	AT1G77850	68.5	1.48e-266	739
BRA003666	AT1G77840	76.8	1.07e-224	621
BRA003667	AT1G77830	72.7	4.99e-39	129
BRA003670	AT1G77760	90	0	1706
BRA003671	AT1G77720	71	0	977
BRA003672	AT1G77710	98.9	3.19e-59	175
BRA003674	AT1G77690	96.6	0	929
BRA003675	AT1G77670	87.3	5e-255	697
BRA003677	AT1G77610	96.4	1.25e-235	641
BRA003678	AT1G77590	91.6	0	1276
BRA003679	AT1G77540	83.8	1.04e-65	193
BRA003683	AT1G77470	88.6	5.53e-233	637
BRA003684	AT1G77460	90.2	0	3465
BRA003687	AT1G77330	88.8	5.63e-201	551
BRA003689	AT1G77250	67.8	2.4e-225	628
BRA003691	AT1G77030	87.1	0	1291
BRA003692	AT1G77000	94.3	4.48e-145	414
BRA003694	AT1G77010	77.5	3.11e-279	780
BRA003697	AT1G76952	78	1.62e-48	149
BRA003698	AT1G76950	89.2	0	1863
BRA003700	AT1G76920	87.1	1.86e-250	682
BRA003703	AT1G76880	77.8	6.13e-196	563
BRA003704	AT1G76870	58.1	7.86e-101	301
BRA003705	AT1G76860	95.8	3.65e-61	181
BRA003706	AT1G76850	88.1	0	1740
BRA003710	AT1G76730	86.8	5.99e-215	590
BRA003711	AT1G76660	76.4	8.16e-199	554
BRA003712	AT1G76650	82.2	1.44e-94	271
BRA003713	AT1G76610	79.4	1.03e-126	357
BRA003718	AT1G76440	87.4	6.09e-88	252
BRA003719	AT1G76430	87.8	0	901
BRA003720	AT1G76410	79.9	7.1e-103	293
BRA003724	AT1G76360	75.6	7.51e-249	686
BRA003730	AT1G76200	89.9	4.11e-44	135
BRA003732	AT1G76180	76.9	4.56e-46	149
BRA003733	AT1G76010	87.3	1.44e-100	303
BRA003734	AT1G75980	80.2	6.51e-120	339
BRA003735	AT1G75950	93.1	1.1e-103	293
BRA003738	AT1G79750	88.2	0	1051
BRA003742	AT1G75760	96	3.04e-188	516
BRA003745	AT4G40040	100	9.25e-89	253
BRA003748	AT1G75540	78.3	1.35e-176	491
BRA003749	AT1G75520	76	1.76e-174	487
BRA003752	AT1G75490	81.6	2.9e-114	323
BRA003755	AT1G75390	78	4.71e-83	242
BRA003757	AT1G75370	83.1	0	973
BRA003758	AT1G75330	93.9	4.21e-245	669
BRA003760	AT1G75230	74.7	6.65e-181	505
BRA003762	AT1G75210	93.1	0	1032
BRA003765	AT1G75180	88.1	7.08e-179	496
BRA003766	AT1G61570	64	1.47e-14	62.4
BRA003767	AT3G48110	88.4	0	1828
BRA003769	AT1G75140	81	0	915
BRA003770	AT1G57610	77.7	3.54e-152	426
BRA003772	AT1G75080	88.2	1.29e-169	474
BRA003779	AT1G74940	74.8	8.44e-113	321
BRA003781	AT1G74920	93.6	0	962
BRA003782	AT1G74890	77.3	1.43e-96	278
BRA003784	AT1G74820	75.2	4.19e-118	335
BRA003786	AT1G74780	90.4	0	928
BRA003788	AT1G74720	89.5	0	1804
BRA003789	AT1G74710	89.2	0	954
BRA003790	AT1G74680	86.5	4.24e-287	795
BRA003795	AT1G74540	81.7	8.53e-302	822
BRA003796	AT1G74510	81.2	1.6e-246	677
BRA003798	AT1G74490	85.3	4.94e-243	665
BRA003799	AT1G74460	92.4	1.99e-255	694
BRA003800	AT1G74458	63.5	2.74e-32	107
BRA003802	AT1G74420	70.2	2.02e-274	758
BRA003803	AT1G74400	78.2	1.08e-249	688
BRA003806	AT1G74370	73.8	4.98e-130	368
BRA003808	AT1G07070	96.4	2.58e-79	228
BRA003812	AT1G74220	64.8	8.35e-110	320
BRA003814	AT1G74210	86.7	4.46e-257	700
BRA003822	AT1G73920	85.2	0	1174
BRA003823	AT1G73885	65.2	5.68e-87	254
BRA003824	AT1G73880	84.4	1.23e-299	815
BRA003825	AT1G73860	84	0	1299
BRA003826	AT1G73840	78.3	1.41e-197	549
BRA003827	AT1G73820	96.9	3.89e-135	376
BRA003828	AT1G73805	75.1	4.66e-222	615
BRA003829	AT4G09550	89.8	1.14e-31	104
BRA003833	AT1G73680	88.6	0	1180
BRA003834	AT1G73670	92.7	0	920
BRA003835	AT1G73655	82.6	1.04e-137	385
BRA003840	AT1G73600	92.5	0	960
BRA003841	AT1G73530	70.9	5.9e-67	205
BRA003842	AT1G73500	91.6	9.84e-208	568
BRA003844	AT1G73460	82.9	0	1821
BRA003847	AT1G73350	81.9	2.79e-75	226
BRA003850	AT1G73260	76.9	8.6e-113	320
BRA003854	AT1G73180	88	0	898
BRA003855	AT1G73177	92.1	6.82e-37	117
BRA003857	AT1G73160	85.8	8.96e-310	842
BRA003858	AT1G73080	81	9.21e-250	729
BRA003859	AT1G73030	97.5	7.18e-130	363
BRA003861	AT1G72990	82.9	0	1190
BRA003862	AT1G72970	94.8	0	1118
BRA003866	AT1G72850	60.2	4.64e-156	447
BRA003867	AT1G72840	53.6	0	988
BRA003868	AT1G72820	90.1	2.57e-220	603
BRA003873	AT1G72620	83.5	2.78e-211	580
BRA003874	AT1G72610	89.4	2.37e-128	359
BRA003876	AT1G72530	82.9	7.63e-110	311
BRA003877	AT4G13095	61	1.77e-28	96.7
BRA003879	AT1G72470	90.9	0	991
BRA003880	AT1G72460	76.1	3.14e-264	739
BRA003881	AT1G72430	89.8	8.37e-70	204
BRA003884	AT1G72350	67.9	4.94e-91	266
BRA003886	AT1G72210	77.2	1.42e-158	445
BRA003888	AT1G72190	83.3	3.21e-222	610
BRA003896	AT1G72130	77.3	3.71e-293	803
BRA003898	AT1G72120	78.8	6.66e-313	855
BRA003899	AT1G72050	70.3	9.03e-195	543
BRA003900	AT1G72030	84	1.2e-150	419
BRA003901	AT1G72020	85.6	1.23e-52	159
BRA003904	AT1G71940	95.2	3.34e-167	464
BRA003909	AT2G46960	69.1	3.41e-260	717
BRA003910	AT1G71840	53.5	8.5e-132	383
BRA003911	AT1G71830	88.6	0	983
BRA003913	AT1G71800	76.4	1.37e-237	658
BRA003914	AT1G71780	82.7	1.95e-115	326
BRA003917	AT4G36840	61.4	2.79e-97	289
BRA003920	AT1G71691	90.6	4.57e-253	689
BRA003922	AT1G71490	81.8	0	1127
BRA003926	AT5G42090	92.5	1.22e-291	791
BRA003929	AT5G24670	78	5.16e-234	644
BRA003930	AT1G71310	80.8	1.03e-96	277
BRA003931	AT1G71250	82.3	2.64e-224	615
BRA003932	AT3G63500	70.6	0	1376
BRA003936	AT1G71130	76.5	2.02e-80	234
BRA003942	AT1G70780	90.2	1.84e-86	248
BRA003946	AT1G70710	94.6	0	944
BRA003948	AT1G70670	86.7	2.15e-124	348
BRA003950	AT1G70610	88	0	1209
BRA003956	AT1G70350	76.6	2.79e-41	131
BRA003961	AT3G63470	89.8	0	885
BRA003962	AT1G70200	64.5	2.17e-168	486
BRA003963	AT1G70190	74.2	3.59e-89	260
BRA003964	AT1G70180	68	4.32e-99	308
BRA003965	AT1G70170	86.9	2.2e-251	685
BRA003969	AT1G70000	68.8	1.06e-103	300
BRA003970	AT1G69930	94.4	2.82e-165	455
BRA003972	AT2G41390	57.5	1.99e-47	150
BRA003973	AT1G69910	86.3	0	1065
BRA003975	AT1G69890	81.5	5.78e-166	461
BRA003981	AT1G69760	82.4	2.1e-44	144
BRA003984	AT1G66580	95.7	2.56e-129	361
BRA003988	AT1G28760	73	3.99e-234	649
BRA003989	AT1G69660	66.7	3.14e-111	320
BRA003991	AT1G69620	95.8	8.43e-75	217
BRA003992	AT1G69588	63.7	1.27e-48	151
BRA003994	AT1G69570	71.3	3.14e-183	513
BRA003995	AT1G69560	73.7	2.36e-149	422
BRA003996	AT1G69526	83.4	2.85e-122	347
BRA003999	AT1G69440	79.7	0	1516
BRA004003	AT1G69295	78.4	1.04e-69	212
BRA004004	AT1G69260	76.3	1.39e-134	386
BRA004008	AT1G69085	70.9	2.88e-52	160
BRA004013	AT1G68870	62.7	3.49e-37	126
BRA004016	AT1G68750	87.5	0	1776
BRA004020	AT1G68710	90.6	0	2165
BRA004023	AT1G68680	89.2	4.98e-35	114
BRA004024	AT1G68660	91.3	3.4e-102	289
BRA004026	AT1G68620	78.4	8.35e-193	533
BRA004028	AT1G68585	88.9	3.73e-58	175
BRA004033	AT1G68550	54.6	5.75e-91	273
BRA004034	AT1G68530	95.1	0	944
BRA004035	AT1G68520	80.2	4.61e-219	608
BRA004036	AT1G68490	84.2	1.21e-98	282
BRA004040	AT1G68330	79.1	2.56e-122	349
BRA004043	AT1G68250	54.9	9.57e-12	59.7
BRA004045	AT1G68190	68.3	2.09e-105	326
BRA004050	AT1G68130	84.3	6.74e-232	639
BRA004051	AT1G68100	78.6	2.71e-203	570
BRA004052	AT1G68080	72.6	1.01e-200	556
BRA004054	AT1G68020	93	0	1602
BRA004055	AT1G68010	96.9	7.42e-274	742
BRA004056	AT1G68000	93.7	1.62e-150	417
BRA004062	AT1G67920	86.6	6.6e-32	104
BRA004063	AT1G67910	72.1	4.09e-37	120
BRA004064	AT1G67900	92.2	0	1112
BRA004067	AT1G67850	90.2	1.69e-290	788
BRA004068	AT1G67840	87.2	0	958
BRA004076	AT1G67710	81.7	2.85e-297	812
BRA004077	AT1G67700	92.2	1.46e-144	402
BRA004078	AT1G67690	88.4	0	1248
BRA004079	AT1G67680	80.7	0	933
BRA004082	AT1G57820	79.4	0	1055
BRA004084	AT1G67500	80.9	0	2954
BRA004085	AT1G67490	87.6	0	1536
BRA004086	AT2G14247	68.4	8.73e-28	95.1
BRA004094	AT1G67325	84.6	4.67e-148	418
BRA004100	AT1G64960	74.2	0	1677
BRA004106	AT5G45010	83.3	1.06e-19	74.3
BRA004109	AT1G65060	87.7	0	953
BRA004113	AT1G65320	91.5	5.19e-273	744
BRA004114	AT1G65440	85	0	2383
BRA004116	AT1G65470	71	0	897
BRA004118	AT1G65540	90.1	0	1191
BRA004119	AT1G65570	84.9	3.61e-252	688
BRA004120	AT1G65580	83.5	0	1831
BRA004121	AT1G65590	87.9	0	978
BRA004123	AT1G65650	89.1	1.49e-210	577
BRA004124	AT1G65700	67.4	1.3e-54	166
BRA004126	AT1G65720	70.5	2.42e-76	226
BRA004127	AT1G65730	90	0	1264
BRA004128	AT1G65780	72.7	0	1475
BRA004133	AT1G65900	85.6	2.01e-241	660
BRA004135	AT1G65950	87.2	0	920
BRA004139	AT5G38890	79.1	9.84e-71	210
BRA004140	AT2G03820	92	0	932
BRA004142	AT1G34480	58.7	3.83e-266	740
BRA004144	AT1G66080	89.5	4.77e-124	347
BRA004146	AT1G66110	56.8	1.39e-109	323
BRA004147	AT1G66130	87.7	1.59e-229	628
BRA004149	AT1G66150	88.3	0	1437
BRA004150	AT4G08025	60.8	1.2e-45	143
BRA004153	AT1G66210	81.4	0	1232
BRA004154	AT1G66220	79.4	0	1208
BRA004155	AT1G66230	73.3	8.93e-137	387
BRA004158	AT1G66260	64.7	2.4e-113	328
BRA004159	AT1G66330	86.9	4.85e-215	597
BRA004160	AT1G66340	95.8	0	1348
BRA004161	AT1G66360	86.9	3.55e-107	303
BRA004166	AT1G66410	91.8	5.17e-83	240
BRA004167	AT1G66460	77.8	7.74e-264	726
BRA004168	AT1G66430	91.8	2.24e-245	670
BRA004170	AT1G66480	81.7	7.14e-122	344
BRA004171	AT1G66500	60.7	1.92e-84	256
BRA004172	AT1G66510	83.9	3.36e-238	652
BRA004173	AT1G66520	87	5.11e-225	616
BRA004175	AT1G66700	79	3.35e-205	566
BRA004176	AT1G66660	52.5	3.94e-89	270
BRA004177	AT1G66670	87.1	2.44e-193	532
BRA004178	AT1G66680	84.1	2.49e-204	563
BRA004185	AT1G66730	59.5	0	1513
BRA004189	AT1G66810	76.6	3.04e-116	337
BRA004190	AT1G66820	65	3.24e-14	63.5
BRA004191	AT1G66830	82.4	2.03e-289	806
BRA004196	AT1G66890	69.3	1.07e-66	199
BRA004199	AT1G66910	62.5	9.33e-270	753
BRA004200	AT1G67030	75.5	2.05e-97	280
BRA004203	AT1G67035	62.2	2.24e-70	214
BRA004206	AT1G67140	85	0	3536
BRA004207	AT1G67170	69.7	2.54e-152	432
BRA004208	AT1G67190	94.3	2.55e-286	776
BRA004210	AT1G67230	71.1	0	1026
BRA004214	AT1G67280	88.1	1.81e-219	601
BRA004216	AT1G67300	90.6	3.72e-317	861
BRA004220	AT1G67340	82.3	3.28e-221	608
BRA004221	AT1G67350	91.5	1.16e-60	179
BRA004222	AT1G67370	82.2	0	918
BRA004223	AT1G67420	84.9	0	1509
BRA004226	AT1G67440	77.4	9.14e-265	727
BRA004227	AT1G67480	79	6.52e-216	595
BRA004229	AT1G67510	89.5	0	953
BRA004230	AT2G42725	58.2	3.35e-79	238
BRA004231	AT1G65032	93.4	1.69e-56	169
BRA004232	AT1G65030	90.9	4.56e-224	613
BRA004233	AT5G01480	65.8	5.22e-154	445
BRA004235	AT1G67570	81.5	4.93e-260	714
BRA004236	AT1G67580	80.4	0	1127
BRA004238	AT1G67600	83.7	1.86e-95	273
BRA004239	AT1G67620	69.4	8.31e-76	235
BRA004241	AT1G67660	64.3	2.38e-165	466
BRA004242	AT1G67670	62.5	5.37e-18	69.3
BRA004246	AT1G50990	75.8	4.44e-274	752
BRA004247	AT1G50250	87.6	0	1155
BRA004249	AT1G67720	88.1	0	1548
BRA004250	AT4G01935	86.4	6.14e-161	446
BRA004251	AT1G67730	88.1	5.66e-207	567
BRA004255	AT1G67770	57.3	3.07e-181	520
BRA004256	AT1G67785	98.4	1.18e-37	119
BRA004258	AT1G17770	56.2	1.69e-226	655
BRA004259	AT1G67790	71	0	905
BRA004260	AT1G67800	84.2	8.89e-262	717
BRA004263	AT1G67830	89.5	1.29e-241	659
BRA004269	AT1G67930	88.1	0	1359
BRA004270	AT1G67960	65	5.11e-244	694
BRA004271	AT1G67940	89	7.42e-162	449
BRA004272	AT1G67970	79.5	7.63e-187	521
BRA004276	AT1G68030	62.4	2.85e-121	350
BRA004278	AT3G55254	55.4	1.33e-67	202
BRA004279	AT1G68060	90.4	0	918
BRA004280	AT1G68070	84	8.79e-209	574
BRA004284	AT1G68140	73.1	3.03e-162	455
BRA004285	AT1G68150	75.7	6.78e-130	375
BRA004286	AT1G68160	61.1	6.48e-101	295
BRA004287	AT1G68180	78.5	7.12e-131	374
BRA004288	AT1G68200	78.7	6.77e-136	387
BRA004290	AT1G68220	89.1	4.48e-127	355
BRA004293	AT1G68260	76.4	3.23e-104	297
BRA004294	AT1G68290	86.6	3.84e-194	533
BRA004295	AT1G68300	67.3	4.7e-85	248
BRA004300	AT1G68360	79.9	2.68e-127	359
BRA004302	AT1G68380	75.3	5.27e-211	584
BRA004303	AT1G68390	83.2	3.34e-244	669
BRA004308	AT1G68430	68	1.58e-49	155
BRA004309	AT1G68440	76.4	2.58e-152	428
BRA004310	AT1G68470	81.2	1.76e-282	770
BRA004312	AT1G68480	80.6	4.39e-139	390
BRA004314	AT1G68500	82.4	1.4e-30	102
BRA004315	AT1G68510	87.8	1.88e-150	417
BRA004316	AT1G68540	90.3	7.61e-218	595
BRA004320	AT1G68570	92.7	0	1109
BRA004322	AT1G68580	71.2	7.66e-316	872
BRA004323	AT1G68590	82.9	1.18e-90	261
BRA004325	AT1G68610	80.2	3.65e-96	274
BRA004328	AT1G68630	82	1.75e-105	298
BRA004329	AT1G68640	87.5	3.41e-275	751
BRA004331	AT1G68690	84.1	2.76e-253	723
BRA004335	AT1G68765	76.9	7.59e-31	102
BRA004336	AT1G68780	85	1.82e-148	428
BRA004337	AT1G68795	72.3	1.03e-43	138
BRA004338	AT1G68810	90.7	4.07e-189	526
BRA004339	AT1G68820	94.3	0	908
BRA004340	AT1G68830	92.9	0	1051
BRA004342	AT1G68845	57.1	2.07e-30	110
BRA004343	AT1G68850	92.5	3.84e-232	632
BRA004347	AT1G68910	76	4.1e-275	767
BRA004348	AT1G68920	72.3	8.45e-204	573
BRA004350	AT1G68930	81.3	0	1129
BRA004351	AT1G68940	84.7	0	1481
BRA004352	AT1G68960	74.6	5.19e-194	539
BRA004354	AT1G68990	81	0	1599
BRA004355	AT1G69010	70.5	4.76e-150	424
BRA004356	AT1G69020	80.5	0	1302
BRA004359	AT1G69060	69.4	4.79e-47	160
BRA004360	AT1G69080	79.4	3.43e-123	347
BRA004362	AT1G69160	77.5	2.78e-128	369
BRA004364	AT1G69180	94.7	2.96e-95	273
BRA004365	AT1G69200	75.3	5.69e-313	860
BRA004366	AT1G69220	73.6	0	1052
BRA004369	AT1G69280	63.1	1.47e-82	263
BRA004371	AT1G69320	79.3	7.6e-57	171
BRA004372	AT1G69325	65.4	1.55e-37	122
BRA004373	AT1G69330	67.4	3.56e-105	305
BRA004374	AT1G69350	84	0	1146
BRA004375	AT1G69360	64.7	0	986
BRA004376	AT1G69370	77.8	1.44e-179	499
BRA004377	AT1G69380	83.2	4.6e-215	592
BRA004378	AT1G69390	81.9	3.94e-124	350
BRA004379	AT1G69410	96.8	5.27e-110	309
BRA004380	AT1G69420	91.2	0	951
BRA004381	AT1G69450	82.4	0	1174
BRA004382	AT1G69460	85.8	1.08e-132	371
BRA004383	AT1G69480	84.8	0	1301
BRA004384	AT1G69430	90.5	7.03e-190	525
BRA004385	AT1G69490	82.1	2.49e-165	458
BRA004386	AT1G69500	91.4	0	967
BRA004387	AT1G69510	73.4	3.78e-59	179
BRA004388	AT5G15380	69.3	2.63e-267	753
BRA004391	AT1G69523	75.1	1.07e-159	446
BRA004392	AT1G69530	93.9	1.51e-171	473
BRA004393	AT1G69540	72.1	2.59e-167	470
BRA004395	AT3G27740	90.9	6.27e-288	781
BRA004397	AT1G69580	75.7	2.18e-142	405
BRA004399	AT1G69600	81	1.24e-128	362
BRA004404	AT1G69640	93.1	8.35e-178	489
BRA004405	AT3G22080	63.1	1.7e-140	401
BRA004406	AT1G69680	87.1	5.02e-125	350
BRA004407	AT1G69690	79	6.55e-141	400
BRA004408	AT1G69700	81.2	5.74e-109	308
BRA004409	AT2G48150	92.4	2.1e-115	323
BRA004412	AT2G48120	83.2	5.89e-157	440
BRA004413	AT2G48110	84.6	0	2145
BRA004414	AT2G48100	75.1	1.62e-180	502
BRA004416	AT2G48080	70.9	3.54e-214	597
BRA004417	AT2G48070	79.1	4.55e-96	277
BRA004418	AT2G48060	94	0	4610
BRA004419	AT2G48030	78.2	4.48e-229	633
BRA004420	AT2G47980	86.7	0	1777
BRA004421	AT2G47935	82.5	1.68e-44	142
BRA004422	AT2G47920	61.4	1.88e-60	188
BRA004423	AT2G47890	67.1	4.22e-110	323
BRA004426	AT2G47870	85.4	1.1e-60	180
BRA004427	AT2G47850	75.2	1.22e-148	431
BRA004428	AT2G47810	81.3	1.31e-80	234
BRA004429	AT2G47780	86.2	4.99e-120	340
BRA004431	AT2G47760	80.5	3.02e-173	491
BRA004432	AT2G47750	83.6	0	1013
BRA004436	AT2G47700	71.7	6.13e-188	523
BRA004438	AT2G47680	86.2	0	1736
BRA004439	AT2G47670	73.9	8e-92	267
BRA004443	AT2G47600	92	0	981
BRA004444	AT2G47590	87.6	1.72e-275	752
BRA004445	AT2G47580	78.6	1.05e-117	336
BRA004447	AT2G47550	87.4	0	988
BRA004449	AT2G40940	94	0	1117
BRA004450	AT2G47510	92.7	0	875
BRA004451	AT2G47500	81	0	1465
BRA004452	AT2G47490	89.9	9.15e-197	541
BRA004453	AT2G47485	83.6	2.39e-82	238
BRA004454	AT2G47480	75.7	5.63e-52	159
BRA004457	AT2G47440	81	1.8e-314	858
BRA004458	AT2G47420	89.8	2.56e-207	571
BRA004460	AT2G47390	91	0	1734
BRA004461	AT2G16760	83	2.14e-199	549
BRA004462	AT2G47360	83.7	5.2e-173	480
BRA004463	AT2G47350	71.8	2.24e-199	561
BRA004464	AT2G47330	83.2	0	1120
BRA004465	AT2G47270	91.1	1.7e-59	177
BRA004471	AT2G47210	77.2	8.62e-243	668
BRA004473	AT2G47190	85.9	7.88e-176	485
BRA004475	AT3G62290	100	1.15e-131	365
BRA004476	AT2G47160	92.4	0	1331
BRA004477	AT2G47140	90.9	1.11e-161	448
BRA004478	AT2G47090	65.4	9.38e-313	868
BRA004479	AT2G47060	84.2	2.51e-234	642
BRA004482	AT2G47020	78.6	4.5e-227	625
BRA004483	AT2G47010	83.1	0	894
BRA004486	AT2G46980	75.4	0	1026
BRA004489	AT2G46970	66	8.68e-167	473
BRA004491	AT2G46950	78.3	1.07e-305	836
BRA004494	AT2G46930	86.2	1.63e-266	726
BRA004495	AT2G46920	88.2	0	1428
BRA004496	AT2G46915	82.4	0	1107
BRA004497	AT2G46910	81.7	1.15e-160	446
BRA004498	AT2G46900	69	2.75e-285	791
BRA004499	AT2G46890	89.2	3.16e-227	619
BRA004500	AT2G46880	78.8	5.22e-238	652
BRA004503	AT2G46830	67	5.51e-225	634
BRA004504	AT2G46820	75	1.71e-84	246
BRA004505	AT2G46810	70.9	9.49e-124	357
BRA004510	AT2G46760	90.1	0	1066
BRA004511	AT2G46750	88.4	0	1073
BRA004513	AT2G46720	91	8.31e-287	787
BRA004514	AT2G46710	84.8	3.94e-283	771
BRA004515	AT2G46690	86.1	7.15e-77	222
BRA004516	AT2G46680	71.5	2.37e-98	287
BRA004518	AT2G46650	87.9	6.88e-85	243
BRA004519	AT2G46640	66.8	7.67e-109	316
BRA004520	AT2G46630	70.1	9.36e-86	261
BRA004522	AT2G46620	82	2.1e-274	751
BRA004523	AT3G61860	78.7	2.51e-116	333
BRA004526	AT2G46560	80.8	0	3997
BRA004527	AT2G46550	71.4	1.74e-161	458
BRA004529	AT2G46535	78.8	4.77e-90	259
BRA004530	AT2G46530	84.5	0	942
BRA004531	AT2G46520	85	0	1640
BRA004532	AT2G46510	66	3.61e-232	648
BRA004534	AT2G46490	73.5	1.32e-54	167
BRA004535	AT2G46480	77.4	0	884
BRA004537	AT2G46430	83.4	0	1150
BRA004538	AT2G46420	90.8	4.55e-230	629
BRA004539	AT2G46410	92.9	3.39e-53	160
BRA004540	AT2G46400	69.9	7.23e-131	372
BRA004541	AT2G46380	65.9	9.41e-314	871
BRA004544	AT2G46360	72	5.89e-35	114
BRA004545	AT2G46340	82	0	1592
BRA004547	AT2G46320	88.1	1.14e-222	611
BRA004548	AT2G46310	59.7	1.12e-96	285
BRA004549	AT2G46300	75.3	2.04e-124	353
BRA004550	AT2G46270	82.4	7.62e-190	529
BRA004552	AT2G46250	60.2	7.47e-144	417
BRA004555	AT2G46225	77.8	7.46e-167	466
BRA004556	AT2G46220	79.7	7.44e-136	381
BRA004560	AT2G46210	91.3	0	892
BRA004561	AT2G46200	80.5	7.46e-206	570
BRA004562	AT2G46170	89.2	1.01e-156	435
BRA004563	AT2G46160	88.3	7.18e-127	356
BRA004564	AT2G46150	80.1	6.42e-121	342
BRA004565	AT2G46140	90.4	1.47e-104	296
BRA004567	AT2G40430	62.9	4.42e-163	464
BRA004568	AT2G40435	84.1	2.74e-87	251
BRA004572	AT2G40470	85.8	5.83e-130	365
BRA004577	AT2G40530	70.1	8.25e-40	127
BRA004580	AT2G40600	81	8.96e-112	319
BRA004581	AT2G40610	92.2	3.18e-177	487
BRA004583	AT2G40660	77.6	2.23e-196	546
BRA004584	AT2G40700	87.8	0	1045
BRA004586	AT2G40750	70	1.11e-158	447
BRA004587	AT2G40800	85.2	1.22e-201	558
BRA004590	AT2G40840	90.3	0	1761
BRA004592	AT2G40900	87.2	7e-230	632
BRA004593	AT2G40970	78.7	1.42e-135	381
BRA004595	AT2G40990	69.6	7.53e-192	533
BRA004596	AT2G41050	87.7	1.89e-238	652
BRA004597	AT2G41070	73.7	1.79e-129	368
BRA004598	AT2G41080	77.1	0	973
BRA004600	AT2G41140	92.6	0	1051
BRA004602	AT2G41160	84.1	5.12e-170	471
BRA004603	AT2G41170	74.2	2.33e-227	625
BRA004604	AT2G41180	81.3	1.88e-51	159
BRA004608	AT2G41231	92.6	1.18e-09	50.8
BRA004612	AT2G41260	61.9	3.95e-28	108
BRA004613	AT2G41290	82	1.46e-231	634
BRA004620	AT2G41410	79.5	7.99e-105	300
BRA004622	AT2G41450	76.1	3.47e-290	799
BRA004623	AT2G41475	84.9	5.11e-104	295
BRA004624	AT2G41490	89.6	2.33e-272	742
BRA004626	AT2G41520	67.9	0	1260
BRA004628	AT2G41540	95.3	0	871
BRA004632	AT2G04340	94.8	7.22e-111	312
BRA004633	AT2G41640	84.4	1.43e-295	806
BRA004638	AT2G41670	89.8	5.05e-235	644
BRA004639	AT2G41680	92.8	0	914
BRA004641	AT2G41710	85.7	7.45e-239	658
BRA004642	AT2G41720	77.4	1.03e-151	464
BRA004644	AT2G41730	67.2	1.78e-53	163
BRA004646	AT2G41740	88.2	0	1635
BRA004647	AT2G41750	74.2	8.62e-120	341
BRA004649	AT2G41790	91.4	0	1817
BRA004651	AT2G41810	88.9	1.74e-250	682
BRA004657	AT2G41870	73.2	7.27e-70	216
BRA004659	AT2G41930	66.3	3.3e-151	428
BRA004661	AT2G41950	80.6	6.31e-142	398
BRA004663	AT2G41960	63.3	0	1339
BRA004666	AT2G42030	60.1	6.8e-141	407
BRA004669	AT2G42080	73.8	4.13e-126	358
BRA004670	AT2G42110	88.7	7.38e-29	98.6
BRA004671	AT2G42130	85.6	3.25e-170	473
BRA004672	AT2G42180	71.6	8.96e-66	197
BRA004673	AT2G42190	75	1.5e-43	139
BRA004674	AT2G42200	81.5	5.16e-207	572
BRA004675	AT2G42210	93.1	4.21e-104	295
BRA004676	AT2G42230	84.2	0	937
BRA004677	AT2G42260	68.1	2.2e-105	304
BRA004679	AT2G42300	72.2	6.68e-134	382
BRA004680	AT2G42310	94.6	2.02e-70	205
BRA004685	AT2G42350	67.1	2.52e-95	276
BRA004687	AT2G42360	74.3	5.55e-118	335
BRA004689	AT2G42380	66	2.54e-121	350
BRA004690	AT2G42390	82	3.66e-101	291
BRA004692	AT2G42410	75.3	1.19e-111	318
BRA004694	AT2G42450	84.2	0	912
BRA004703	AT3G27425	53.9	1.31e-27	96.7
BRA004706	AT1G54380	60.5	9.88e-165	473
BRA004707	AT2G42550	71.2	2.51e-141	401
BRA004712	AT2G42870	76.2	1.03e-51	158
BRA004714	AT2G42850	85.4	1.82e-301	831
BRA004715	AT2G42840	54.7	6.81e-112	330
BRA004716	AT2G42830	91.6	1.42e-148	414
BRA004717	AT2G42820	91.1	2.7e-103	292
BRA004719	AT2G42800	89	2.04e-104	318
BRA004720	AT2G42790	91.8	0	917
BRA004721	AT2G42750	89.6	1.11e-221	607
BRA004722	AT2G42710	83.6	2.08e-223	616
BRA004723	AT2G42700	87.7	0	1452
BRA004726	AT2G42670	89.3	5.18e-164	452
BRA004729	AT2G42900	73.3	2.06e-129	367
BRA004731	AT2G42920	79.5	4.42e-274	757
BRA004732	AT2G42940	91.2	1.17e-165	458
BRA004733	AT2G42960	87.3	1.02e-303	827
BRA004734	AT2G42980	79.6	2.16e-306	836
BRA004735	AT2G42990	90.2	1.8e-234	639
BRA004737	AT2G43020	96.3	0	955
BRA004738	AT2G43040	89.9	0	1215
BRA004740	AT2G43060	73.2	1.03e-72	214
BRA004741	AT2G43070	89.9	0	957
BRA004742	AT2G43080	93.6	6.71e-198	541
BRA004743	AT2G43090	85.8	2.82e-144	403
BRA004744	AT2G43100	77	2.38e-127	361
BRA004745	AT2G43110	72.1	8.51e-139	392
BRA004746	AT2G43120	92.6	7.67e-203	558
BRA004748	AT2G43140	77.1	2.25e-150	423
BRA004750	AT2G43160	82.8	0	1175
BRA004751	AT2G43190	69.9	5.68e-127	363
BRA004755	AT2G43260	66.5	2.87e-202	565
BRA004758	AT2G43360	95.2	2.3e-256	697
BRA004759	AT2G43400	87.9	0	1125
BRA004760	AT5G09950	85.1	0	1661
BRA004761	AT2G43410	66.6	0	1139
BRA004762	AT2G43420	85.5	0	959
BRA004766	AT2G43490	83.5	0	1121
BRA004768	AT2G43510	83	2.41e-55	165
BRA004771	AT2G43570	72.1	2.1e-146	411
BRA004772	AT2G43620	86.9	3.93e-185	509
BRA004776	AT2G43680	76.2	3.52e-199	574
BRA004781	AT2G43750	92.6	7.73e-257	700
BRA004783	AT2G43770	91	2.76e-173	487
BRA004784	AT2G43790	95.4	1.52e-281	762
BRA004786	AT2G43800	71.8	0	947
BRA004787	AT2G43820	84.9	5.71e-285	776
BRA004788	AT2G43840	85.7	2.58e-275	750
BRA004792	AT2G43910	85	1.21e-144	402
BRA004795	AT2G43970	69.1	2.75e-197	559
BRA004796	AT2G43980	86.8	3.22e-308	838
BRA004797	AT2G43990	59.7	7.51e-187	536
BRA004799	AT2G44010	75.8	2.74e-40	128
BRA004800	AT2G44020	90.2	1.29e-168	483
BRA004801	AT2G44065	90.2	1.02e-139	389
BRA004804	AT2G44090	83.6	0	961
BRA004805	AT2G44100	96.2	3.72002e-319	862
BRA004808	AT2G44140	77.5	3.99e-254	699
BRA004809	AT2G44150	78.9	2.68e-211	582
BRA004811	AT2G44190	71.9	5.82e-178	505
BRA004812	AT2G44200	67.2	1.82e-161	463
BRA004816	AT2G44220	80.6	2.68e-259	707
BRA004817	AT2G44230	88.7	0	994
BRA004820	AT2G44250	74.6	1.47e-201	559
BRA004822	AT2G44270	83.8	1.2e-238	652
BRA004823	AT2G44280	91.6	1.13e-306	832
BRA004824	AT2G44300	78.7	1.78e-107	306
BRA004825	AT2G44340	81.1	1.97e-97	279
BRA004826	AT2G44370	76.1	4.19e-127	359
BRA004828	AT5G43520	82.6	9.13e-157	435
BRA004829	AT2G44410	62.5	4.47e-156	446
BRA004830	AT2G44420	74.5	2.14e-198	549
BRA004831	AT2G44430	59	6.85e-132	400
BRA004832	AT2G44440	76.2	1.29e-219	608
BRA004837	AT2G44460	82.5	0	991
BRA004838	AT5G24540	70	1.97e-285	782
BRA004839	AT2G44490	91.2	1.93e-283	774
BRA004841	AT2G44500	83.7	0	904
BRA004843	AT2G44525	91.8	2.74e-111	313
BRA004846	AT2G44560	81.2	1.16e-290	793
BRA004847	AT2G44578	77.1	2.95e-78	228
BRA004848	AT2G44580	80.1	3.38e-221	609
BRA004849	AT2G44600	63	2.7e-117	338
BRA004851	AT2G44620	87.2	5.42e-73	213
BRA004853	AT2G44650	86.1	5.92e-82	236
BRA004854	AT2G44660	84.7	0	879
BRA004857	AT2G44690	86.7	7.09e-129	361
BRA004858	AT2G44710	70.1	1.07e-305	857
BRA004864	AT2G44745	81.4	5.77e-122	344
BRA004865	AT2G44760	79.4	1.55e-272	747
BRA004866	AT2G44790	69.2	7.61e-67	203
BRA004867	AT2G44800	90.5	3.73e-239	652
BRA004869	AT2G44810	87.9	1.56e-294	800
BRA004871	AT2G44820	69.9	3.84e-59	184
BRA004872	AT2G44830	79.5	0	1136
BRA004873	AT2G44840	82.6	4.29e-121	343
BRA004874	AT2G44910	83.9	6.77e-113	328
BRA004875	AT2G44920	83.3	2.19e-62	193
BRA004877	AT2G44930	58.2	6.87e-208	599
BRA004878	AT2G44940	77	1.61e-102	300
BRA004881	AT2G44980	65.4	0	991
BRA004882	AT2G45000	95.4	1.17e-122	385
BRA004883	AT2G45010	95.1	3.76e-157	435
BRA004884	AT2G45030	92.7	0	1373
BRA004885	AT2G45040	80.4	6.84e-194	536
BRA004888	AT2G45080	95	1.1e-147	409
BRA004889	AT1G65680	77.4	4.57e-152	425
BRA004893	AT2G45240	93.1	6.34e-289	781
BRA004895	AT2G45270	85.7	2.02e-286	782
BRA004896	AT2G45330	82.3	7.07e-142	399
BRA004897	AT2G45280	79.4	3.73e-203	563
BRA004898	AT2G45290	89.5	0	1334
BRA004902	AT2G45340	93.2	0	936
BRA004903	AT2G45350	85.3	8.19e-309	850
BRA004905	AT2G45380	80.3	1.09e-137	396
BRA004906	AT3G60800	86.7	4.26e-197	541
BRA004908	AT2G45410	79.5	2.42e-103	295
BRA004913	AT2G45450	82.4	1.19e-45	142
BRA004914	AT2G45460	74.1	0	1018
BRA004915	AT2G45470	86.8	7.09e-214	593
BRA004916	AT2G45490	89.4	1.23e-192	528
BRA004920	AT2G45540	88.2	0	5000
BRA004921	AT2G45580	77.1	7.45e-285	781
BRA004924	AT2G45600	88.1	1.64e-217	595
BRA004925	AT2G45610	82.7	1.09e-207	570
BRA004926	AT2G45640	88.2	1.78e-96	274
BRA004928	AT2G45660	95.3	6.04e-134	374
BRA004929	AT2G45680	71	9.8e-144	409
BRA004930	AT2G45690	81.7	2.78e-213	587
BRA004933	AT2G45750	91.1	0	1219
BRA004936	AT2G45760	74.9	2.86e-102	293
BRA004937	AT2G45770	94.8	1.51e-238	651
BRA004938	AT2G45790	95.5	5.28e-176	483
BRA004939	AT2G45800	91	4.87e-124	350
BRA004942	AT2G45830	77.7	2.72e-303	833
BRA004944	AT2G45880	88.3	0	1148
BRA004945	AT2G45890	89.8	6.34e-297	807
BRA004946	AT2G45900	66	5.63e-287	801
BRA004947	AT2G45910	80.2	0	1235
BRA004949	AT2G45950	83.4	2.38e-183	509
BRA004951	AT2G45970	92	0	988
BRA004953	AT2G45980	69.1	2.91e-115	330
BRA004954	AT2G45990	92.6	6.85e-181	497
BRA004957	AT2G46050	73.5	2.68e-285	787
BRA004958	AT2G46060	83.4	0	1357
BRA004962	AT2G46100	83.6	1.89e-143	400
BRA004963	AT2G40410	90.4	3.9e-219	599
BRA004964	AT2G40390	89.6	7.68e-318	862
BRA004965	AT2G40380	90.1	3.84e-123	347
BRA004966	AT2G40370	83.4	0	996
BRA004969	AT2G40316	73.4	1.63e-149	419
BRA004973	AT2G40260	77.3	1.02e-194	544
BRA004978	AT2G40220	70.5	1.31e-113	331
BRA004979	AT2G40190	90.1	1.39e-310	842
BRA004982	AT2G40140	78.2	0	901
BRA004984	AT2G40120	81.7	0	915
BRA004989	AT2G40100	88	8.94e-183	503
BRA004990	AT2G40090	91.1	0	962
BRA004991	AT2G40080	91.1	1.9e-63	187
BRA004996	AT2G39980	86.5	2.84e-305	830
BRA004997	AT2G39970	88.3	6.77e-205	563
BRA004998	AT2G39960	91.9	5.81e-123	345
BRA004999	AT2G39950	73.8	1.35e-286	794
BRA005000	AT2G39940	89.4	0	1063
BRA005001	AT2G39930	88.5	0	1485
BRA005002	AT2G39920	76.8	1.21e-129	367
BRA005003	AT2G39900	92	3.46e-133	371
BRA005005	AT2G39890	92.3	2.44e-292	795
BRA005007	AT2G39870	64.4	1.42e-123	357
BRA005008	AT2G39855	62.3	5.17e-42	136
BRA005012	AT2G39800	96.5	0	1342
BRA005013	AT2G39795	75.9	4.12e-117	334
BRA005021	AT2G39710	85.3	2.23e-271	741
BRA005022	AT2G39705	76.8	2.49e-43	135
BRA005025	AT2G39700	94.5	4.36e-187	512
BRA005026	AT2G39670	88.9	7.99e-266	726
BRA005028	AT2G39640	74.1	1.26e-237	660
BRA005030	AT2G39560	78.4	9.57e-109	312
BRA005031	AT2G39550	88.7	1.82e-217	597
BRA005034	AT2G39500	84.3	9.46e-29	95.9
BRA005035	AT2G39490	80.6	3.79e-221	609
BRA005036	AT2G39480	94.5	0	2545
BRA005037	AT2G39470	87.4	7.18e-147	409
BRA005040	AT2G39445	87	2.89e-100	286
BRA005041	AT2G39440	78.1	3.98e-88	256
BRA005042	AT2G39430	89.1	6.71e-191	526
BRA005046	AT2G39380	75.5	0	923
BRA005048	AT2G39350	89.4	0	1258
BRA005053	AT2G39310	79.4	1.04e-270	740
BRA005054	AT2G39300	62.3	5.95e-284	802
BRA005056	AT5G25070	70.6	2.21e-265	749
BRA005057	AT2G39270	85.7	2.02e-176	488
BRA005060	AT2G39140	81.8	2e-213	591
BRA005062	AT2G39110	89	4.06e-278	756
BRA005063	AT2G39090	93.7	0	988
BRA005066	AT2G38970	81.7	0	1053
BRA005067	AT2G38960	86.7	2.42e-288	785
BRA005068	AT2G38950	64.6	5.2e-312	866
BRA005074	AT2G38880	80.1	1.18e-85	247
BRA005086	AT2G38770	92.5	0	2778
BRA005088	AT2G38730	96.2	4.44e-137	381
BRA005094	AT2G38600	86.8	7.84e-165	455
BRA005097	AT2G38550	73.6	2.52e-149	423
BRA005105	AT2G38465	83.5	1.4e-41	130
BRA005106	AT2G38460	87.6	1.55e-307	840
BRA005107	AT2G38440	67.9	0	1698
BRA005109	AT2G38420	81.7	1.57e-145	422
BRA005110	AT2G38410	70.8	6.85e-248	702
BRA005113	AT2G38340	63.3	4.09e-94	276
BRA005117	AT5G37070	95.8	3.59e-115	323
BRA005124	AT2G38300	75.7	1.76e-160	451
BRA005125	AT2G38290	89.8	0	879
BRA005126	AT2G38280	93.3	0	1569
BRA005132	AT2G38152	79	9.1e-230	631
BRA005133	AT2G38150	79.2	2.09e-234	644
BRA005134	AT2G38140	84.9	1.76e-62	186
BRA005135	AT2G38130	88	2.16e-121	340
BRA005136	AT2G38120	93.9	0	928
BRA005137	AT2G38110	92.2	0	920
BRA005138	AT2G38100	85.9	4.04e-316	860
BRA005140	AT2G38080	92	0	1088
BRA005144	AT2G38000	87.1	4.32e-267	728
BRA005145	AT2G37975	96.2	3.05e-51	154
BRA005147	AT2G37950	79.8	1.39e-116	330
BRA005150	AT2G37925	81.8	1.72e-78	228
BRA005153	AT2G37870	91.3	4.96e-74	214
BRA005157	AT2G37820	77.7	1.65e-181	501
BRA005159	AT2G37790	90.5	5.75e-212	580
BRA005163	AT2G37760	83.9	2.46e-188	519
BRA005164	AT2G37750	68.3	4.66e-27	93.6
BRA005167	AT2G37730	83.5	0	880
BRA005168	AT2G37710	85.8	0	1141
BRA005172	AT2G37678	71.6	7.85e-79	233
BRA005176	AT2G37640	93.9	1.31e-191	524
BRA005179	AT2G37610	66.1	1.05e-43	140
BRA005181	AT2G37590	82.5	5.5e-168	469
BRA005182	AT2G37585	87.6	2.61e-245	670
BRA005183	AT2G37570	90.7	0	913
BRA005184	AT2G37560	88.4	1.83e-237	648
BRA005189	AT2G37510	68.6	4.19e-71	210
BRA005193	AT2G37460	90	1.71e-246	672
BRA005201	AT2G37390	72.2	6.62e-119	340
BRA005202	AT2G37380	70.3	5.6e-111	323
BRA005204	AT2G37330	90.1	1.01e-166	462
BRA005206	AT2G37290	67.7	0	1084
BRA005211	AT2G37240	86.3	1.54e-149	416
BRA005213	AT2G37200	88.3	2.51e-107	311
BRA005217	AT2G37100	63.3	1.51e-105	308
BRA005218	AT2G37090	84.3	2.21e-208	573
BRA005222	AT2G37035	73.1	2.94e-223	619
BRA005224	AT2G37010	83.1	0	1727
BRA005225	AT2G36985	92.5	7.89e-34	108
BRA005227	AT2G36970	87.2	0	879
BRA005230	AT2G36960	80.9	0	1107
BRA005233	AT2G36900	86.7	2.04e-131	369
BRA005235	AT2G36885	75.9	3.65e-127	360
BRA005238	AT2G36870	95.3	8.08e-227	616
BRA005239	AT2G36850	91.2	0	3456
BRA005240	AT2G36835	92.1	3.01e-80	231
BRA005245	AT2G36780	79.6	9.07e-305	830
BRA005247	AT2G36730	78	7.05e-230	639
BRA005250	AT2G36695	62	1.34e-30	103
BRA005251	AT1G47570	83.2	8.86e-304	825
BRA005252	AT2G36710	82.3	1.63e-232	639
BRA005253	AT2G36680	87.8	3.8e-124	350
BRA005254	AT2G36670	84.6	9.48e-311	846
BRA005255	AT2G36650	70.9	8.5e-128	372
BRA005256	AT2G36640	70.4	7.38e-48	168
BRA005257	AT2G36630	88.8	9.35e-284	773
BRA005258	AT2G36620	90.9	1.4e-96	275
BRA005259	AT2G36610	62.8	2.05e-65	198
BRA005260	AT2G36540	70	1.65e-108	312
BRA005264	AT2G36490	61.6	0	1551
BRA005266	AT2G36430	81.3	9.03e-262	717
BRA005268	AT2G36400	79.9	1.69e-166	471
BRA005269	AT2G36390	87.8	0	1517
BRA005272	AT2G36360	68.9	3.33e-268	741
BRA005280	AT2G36350	78.8	0	1342
BRA005281	AT2G36330	67	1.02e-87	260
BRA005282	AT2G36320	78.8	1.09e-83	243
BRA005285	AT2G36300	90.6	8.14e-162	448
BRA005286	AT2G36290	85.1	2.42e-240	655
BRA005287	AT2G36270	78.6	2.5e-163	467
BRA005291	AT2G36220	69.9	2.92e-110	318
BRA005297	AT2G36130	95.1	8.01e-117	327
BRA005301	AT2G36080	90.6	2.98e-157	436
BRA005302	AT2G36050	69.3	4.4e-113	325
BRA005303	AT2G36026	74.3	3.02e-83	243
BRA005317	AT2G30900	82.6	5.74e-231	632
BRA005318	AT2G35630	90.5	0	3391
BRA005321	AT2G35615	83	4.92e-266	728
BRA005326	AT2G35600	89	9.77e-211	578
BRA005327	AT2G35585	71.2	9.17e-73	214
BRA005328	AT2G35580	67.7	1.65e-165	467
BRA005331	AT2G35540	64.2	2.89e-240	671
BRA005335	AT2G35530	70.9	5.5e-179	504
BRA005337	AT2G35490	76.2	4.76e-175	491
BRA005338	AT2G35480	75.6	7.83e-98	281
BRA005339	AT2G35470	74.3	1.48e-71	212
BRA005340	AT2G35460	74.7	3.67e-132	371
BRA005341	AT2G35450	87.2	1.75e-217	596
BRA005342	AT2G35430	62.7	4.31e-106	307
BRA005343	AT2G35420	72.4	8.45e-114	327
BRA005344	AT2G35390	92.4	6.82e-259	706
BRA005346	AT2G35380	88	1.92e-220	603
BRA005348	AT2G35360	85.3	5.51e-127	357
BRA005350	AT2G35350	78.9	0	1118
BRA005351	AT3G63060	81.3	4.81e-157	437
BRA005353	AT2G35300	80.6	2.56e-43	135
BRA005357	AT2G35240	85.5	5.25e-140	391
BRA005358	AT2G35230	71.7	1.97e-138	400
BRA005359	AT2G35215	69.8	8.76e-48	147
BRA005360	AT2G35200	63.1	4.24e-74	221
BRA005364	AT2G35150	86.6	9.56e-217	592
BRA005365	AT2G35140	52	1.01e-216	630
BRA005366	AT2G35130	83.8	2.32e-174	513
BRA005368	AT2G35110	93.1	0	2492
BRA005369	AT2G35100	88.4	2.89e-291	791
BRA005370	AT2G35060	93.8	0	1429
BRA005371	AT2G35040	88.4	0	1072
BRA005372	AT2G35030	82.3	1.43e-176	513
BRA005373	AT2G35020	89.6	0	905
BRA005374	AT2G35000	74.1	5.17e-177	496
BRA005375	AT2G34990	54.8	1.05e-100	298
BRA005376	AT2G34980	85.9	1.5e-183	507
BRA005377	AT2G34970	87	0	1133
BRA005378	AT2G34930	79.4	7.6e-301	853
BRA005380	AT2G34925	71	4.14e-27	95.1
BRA005381	AT2G34920	63.6	2.43e-253	712
BRA005383	AT2G34900	77.8	1.06e-194	542
BRA005384	AT2G34890	86.7	0	992
BRA005385	AT2G34870	63.7	1.53e-35	117
BRA005388	AT2G34830	75.2	4.88e-191	535
BRA005390	AT2G34810	89.1	0	989
BRA005392	AT2G34790	89.3	0	988
BRA005393	AT2G34780	65.4	0	1432
BRA005394	AT2G34770	83.5	7.7e-160	441
BRA005397	AT2G34720	82.7	9.74e-107	304
BRA005398	AT2G34710	94.4	0	1585
BRA005399	AT2G34700	84.7	1.93e-99	283
BRA005402	AT2G34660	92.7	0	2951
BRA005403	AT2G34650	92.3	3.33e-285	775
BRA005404	AT2G34640	85.6	8.38e-319	868
BRA005409	AT2G34580	68.6	1.51e-70	210
BRA005414	AT2G34560	89.5	2e-249	681
BRA005415	AT2G34555	79.1	3.5e-198	546
BRA005416	AT2G34540	87.5	7.64e-116	330
BRA005418	AT2G34520	76.8	1.38e-78	229
BRA005419	AT2G34510	89.3	4.16e-262	714
BRA005420	AT2G34500	86.8	0	871
BRA005421	AT2G34480	98.3	6.78e-127	355
BRA005428	AT2G34390	86.1	4.26e-175	484
BRA005432	AT2G34360	85.1	2.32e-283	774
BRA005436	AT2G34340	66.4	5.07e-54	165
BRA005438	AT2G34300	82.4	0	1224
BRA005443	AT2G34240	56.9	1.7e-256	725
BRA005445	AT2G34190	96	0	1011
BRA005448	AT2G34170	66.7	9.66e-191	543
BRA005450	AT2G34150	65	0	997
BRA005453	AT2G34090	87.8	2.92e-269	736
BRA005454	AT2G34080	83.5	2.97e-211	580
BRA005456	AT2G34060	77.3	5.75e-186	515
BRA005461	AT2G34000	78.9	3.13e-83	247
BRA005462	AT2G33990	75	3.42e-121	346
BRA005464	AT2G33880	85.1	1.56e-179	504
BRA005465	AT2G33860	85.8	0	939
BRA005466	AT2G33847	81.8	3.57e-37	120
BRA005468	AT2G33835	57.1	3.64e-209	596
BRA005473	AT2G33775	86.4	2.07e-66	195
BRA005475	AT2G33740	81.2	3.08e-94	271
BRA005476	AT2G33735	82.8	1.46e-71	209
BRA005480	AT2G33710	77.7	3.88e-100	289
BRA005482	AT2G33680	85.5	0	1216
BRA005483	AT5G35080	80.9	1.24e-164	457
BRA005485	AT2G33560	83.7	1.91e-206	572
BRA005486	AT2G33550	75.2	3e-150	424
BRA005487	AT2G33540	73	0	1621
BRA005488	AT2G33530	89.7	8.32e-310	840
BRA005489	AT2G33510	81.6	1.45e-79	235
BRA005490	AT5G55140	92.7	3.88e-66	194
BRA005494	AT2G33460	73.8	5.84e-98	283
BRA005498	AT2G33400	70.7	3.23e-113	325
BRA005499	AT2G33390	78.3	2.04e-35	115
BRA005500	AT2G33385	80.9	4.47e-183	509
BRA005501	AT2G33380	87	2.58e-156	432
BRA005502	AT2G33360	66.1	5.09e-239	669
BRA005504	AT2G33340	92.8	0	977
BRA005512	AT2G33260	78.4	1.24e-274	755
BRA005513	AT2G33230	82.3	1.84e-268	733
BRA005515	AT2G33190	73.1	1.35e-206	571
BRA005519	AT3G22040	56.6	5.7e-100	291
BRA005521	AT1G04700	57.8	0	1026
BRA005522	AT2G33150	96.5	1.4e-314	852
BRA005527	AT2G33060	70.9	1.72e-262	747
BRA005530	AT2G33050	78.1	1.61e-292	823
BRA005536	AT2G32990	92.9	0	998
BRA005539	AT2G32970	77.2	0	965
BRA005541	AT2G32950	93.2	0	1241
BRA005542	AT1G56200	82.7	1.06e-61	186
BRA005543	AT2G32930	73.4	1.49e-137	403
BRA005546	AT2G32920	90.5	1.68e-291	791
BRA005553	AT2G32840	66.5	4.76e-121	350
BRA005554	AT2G32870	56.5	2.58e-106	315
BRA005558	AT2G32765	63.5	5.69e-34	112
BRA005559	AT2G32750	79.2	8.94e-297	810
BRA005572	AT2G32210	93	4.79e-45	138
BRA005573	AT2G32230	87.8	0	1021
BRA005574	AT2G32235	65	2.66e-109	318
BRA005575	AT2G32240	54.3	5.3e-64	239
BRA005579	AT2G32270	93	3.45e-196	542
BRA005580	AT2G32280	95.7	1.19e-111	313
BRA005581	AT2G32290	86.1	0	1032
BRA005582	AT2G32300	75.1	1.32e-111	322
BRA005585	AT2G32350	90.4	1.32e-158	439
BRA005589	AT2G32390	86.7	0	1614
BRA005591	AT2G32400	86.9	0	1598
BRA005592	AT2G32410	81.9	1.98e-311	849
BRA005595	AT2G32430	92	1.59e-284	771
BRA005596	AT2G32440	86.1	0	870
BRA005597	AT2G32460	67	1.34e-204	575
BRA005598	AT2G32480	85.9	1.19e-262	719
BRA005601	AT2G32520	87.8	1.19e-170	474
BRA005602	AT2G32550	52.5	4.3e-112	327
BRA005603	AT2G32580	88.4	1.92e-106	302
BRA005604	AT2G32590	88.1	0	1143
BRA005605	AT2G32600	90.4	1.05e-149	419
BRA005607	AT2G32650	89.9	2.43e-92	263
BRA005609	AT2G32150	89.7	3.33e-171	472
BRA005610	AT2G32120	89	0	985
BRA005611	AT2G32100	67.5	5.94e-79	237
BRA005612	AT2G32090	92.6	1.18e-91	261
BRA005613	AT2G32080	90.9	2.18e-178	493
BRA005614	AT2G32070	91.3	7.2e-191	523
BRA005615	AT2G31920	74	1.31e-281	777
BRA005616	AT2G31930	68.3	7.55e-57	173
BRA005617	AT2G31940	90	1.19e-74	216
BRA005623	AT2G31945	82.4	3.21e-34	112
BRA005624	AT2G31960	94.6	0	3643
BRA005633	AT2G32040	93	0	885
BRA005638	AT2G31830	86.1	0	1928
BRA005643	AT2G31740	86.2	0	1272
BRA005644	AT2G31730	86.8	2.79e-69	204
BRA005645	AT2G31725	95.3	7.34e-99	280
BRA005650	AT2G31680	94.1	2.4e-145	403
BRA005651	AT2G31660	89	0	1800
BRA005658	AT5G02000	67.1	2.44e-50	157
BRA005660	AT5G37450	65.9	0	928
BRA005661	AT5G01950	74.4	0	1062
BRA005662	AT5G01930	91.9	1.39e-311	851
BRA005663	AT5G01920	82.2	2.83e-281	769
BRA005664	AT5G01910	63.1	6.13e-49	155
BRA005666	AT5G01790	72.5	2.55e-84	247
BRA005667	AT5G01760	73.2	1.39e-234	657
BRA005669	AT5G01720	71.8	1.13e-246	696
BRA005670	AT5G01710	85.1	1.88e-316	860
BRA005671	AT5G01690	82.1	0	1282
BRA005672	AT5G01670	80.2	3.53e-214	587
BRA005673	AT5G01650	93.3	4.87e-64	189
BRA005674	AT5G01630	74.2	0	1574
BRA005675	AT5G01620	82	8.5e-290	788
BRA005676	AT5G01610	86.5	1.85e-109	308
BRA005677	AT5G01600	80.4	2.93e-144	404
BRA005678	AT5G01590	87.4	0	926
BRA005680	AT5G01560	72.2	0	889
BRA005681	AT5G01540	78.6	0	963
BRA005682	AT5G01520	87.7	3.33e-156	432
BRA005683	AT5G01510	84.2	1.42e-294	807
BRA005684	AT5G01500	87.1	5.97e-248	679
BRA005685	AT5G01450	89.9	3.45e-299	811
BRA005686	AT5G01430	95.7	5.1e-97	275
BRA005688	AT5G01380	80.6	5.04e-126	361
BRA005689	AT5G01360	89	1.63e-296	803
BRA005690	AT5G01340	93.2	3.27e-212	584
BRA005691	AT5G01290	83.2	0	1121
BRA005692	AT5G01270	84.6	0	1310
BRA005693	AT5G01260	62.9	7.14e-156	445
BRA005694	AT5G01220	84.2	5.84e-296	809
BRA005695	AT5G01110	73.5	1.49e-100	326
BRA005696	AT5G01090	76.7	1.09e-183	511
BRA005697	AT5G01070	79.1	5.15e-111	315
BRA005698	AT5G01040	72.2	0	949
BRA005700	AT5G01030	72.7	6.7e-178	513
BRA005701	AT5G02020	65.1	1.21e-52	163
BRA005704	AT5G02040	85.6	8.89e-127	355
BRA005705	AT5G02050	81.7	9.89e-125	355
BRA005707	AT5G02090	68.9	3.83e-26	91.3
BRA005708	AT5G02110	64	1.16e-148	422
BRA005709	AT5G02120	85.6	2.6e-58	174
BRA005710	AT5G02130	85.8	4.19e-247	677
BRA005711	AT5G02140	91.1	3.53e-172	475
BRA005712	AT5G02170	77.8	1.94e-278	764
BRA005719	AT5G02370	78.9	1.62e-302	831
BRA005722	AT5G02410	80.6	1.12e-293	803
BRA005731	AT5G02580	93.4	6.09e-57	169
BRA005733	AT5G03340	96	0	1528
BRA005734	AT5G03330	79.8	7.06e-191	530
BRA005735	AT5G03300	97.4	1.01e-250	680
BRA005737	AT5G03250	91.3	0	1073
BRA005738	AT5G03230	80.3	1.78e-76	225
BRA005739	AT2G20820	82.3	1.72e-29	103
BRA005742	AT5G03140	86.8	0	1191
BRA005744	AT5G03030	91.3	1.59e-69	206
BRA005748	AT5G02880	82.8	0	2171
BRA005751	AT5G02840	81.1	1.15e-154	432
BRA005753	AT3G28410	51.9	2.96e-134	395
BRA005757	AT5G02640	68.3	6e-65	195
BRA005759	AT5G02590	73.4	1.27e-155	437
BRA005765	AT5G03455	91.6	1.22e-95	271
BRA005767	AT5G03520	97.2	4.87e-146	405
BRA005768	AT5G03550	58.4	9.93e-28	99
BRA005769	AT5G03555	85.5	0	971
BRA005771	AT5G03570	82.3	2.18e-270	744
BRA005775	AT5G03630	84.8	1.51e-270	738
BRA005778	AT5G03730	88.9	0	1441
BRA005779	AT5G03760	94.5	0	1014
BRA005780	AT5G03795	82.9	0	884
BRA005783	AT5G03840	95.5	1.25e-124	347
BRA005784	AT3G10090	100	9.19e-40	124
BRA005785	AT2G36180	64.1	4.91e-58	176
BRA005791	AT5G04045	62.5	2.59e-23	85.1
BRA005798	AT5G04280	83.7	3.14e-148	418
BRA005799	AT5G04310	87.9	0	947
BRA005800	AT5G04320	51.3	2e-120	360
BRA005801	AT5G04347	57.3	7.62e-54	166
BRA005802	AT5G04370	83.2	8e-220	611
BRA005805	AT5G04420	84.8	1.8e-306	835
BRA005809	AT5G04490	82.1	1.5e-175	487
BRA005810	AT5G04520	90.4	9.81e-197	539
BRA005811	AT5G04660	86.9	0	882
BRA005812	AT5G04670	66.7	0	923
BRA005814	AT5G04700	89	0	1161
BRA005815	AT5G04730	59.9	7.61e-227	642
BRA005816	AT5G04740	85.7	1.44e-175	486
BRA005817	AT5G04750	64.9	1.32e-26	93.2
BRA005818	AT5G04760	89.8	8.91e-136	379
BRA005819	AT5G04770	93	0	1044
BRA005820	AT2G05220	90	3.93e-77	224
BRA005821	AT5G04780	82.2	0	970
BRA005825	AT5G04885	88.9	0	1213
BRA005826	AT5G04890	68	2.62e-99	298
BRA005827	AT5G04900	90.2	3.87e-222	608
BRA005828	AT5G04930	92.1	0	2060
BRA005830	AT2G25295	67.5	2.15e-36	117
BRA005831	AT5G04950	93.1	1.27e-220	602
BRA005832	AT5G04960	79.8	0	889
BRA005833	AT5G04970	84.8	0	1001
BRA005836	AT5G05080	84.5	3.83e-143	403
BRA005838	AT5G05100	74.3	3.37e-161	452
BRA005839	AT5G05110	81	1.14e-128	362
BRA005843	AT3G44970	70.9	1.01e-270	743
BRA005844	AT5G05150	73.2	5.86e-194	539
BRA005848	AT5G05200	86	0	905
BRA005849	AT5G05210	74.2	2.78e-165	466
BRA005851	AT5G05370	91.7	7.56e-47	142
BRA005852	AT5G05410	67.3	7.37e-142	404
BRA005854	AT5G05460	83.1	0	1187
BRA005855	AT5G05480	77.6	0	894
BRA005857	AT5G05560	85.1	0	3043
BRA005859	AT5G05530	71.2	5.3e-49	154
BRA005862	AT5G05670	92.7	1.49e-173	478
BRA005863	AT5G05690	80.5	1.38e-268	736
BRA005865	AT5G05740	81.6	1.38e-311	851
BRA005866	AT5G05760	86.5	9.99e-188	520
BRA005867	AT5G05780	99	4.23e-213	582
BRA005872	AT5G05987	93.3	2.42e-140	390
BRA005874	AT5G06070	76.5	1.12e-119	338
BRA005876	AT5G43690	72.8	3.98e-173	483
BRA005881	AT2G47990	79.4	1.38e-294	807
BRA005884	AT5G06220	78.7	0	1318
BRA005886	AT5G06250	69.6	8.36e-118	338
BRA005890	AT5G06280	68.2	5.69e-53	164
BRA005893	AT5G06370	92.7	4.66e-179	492
BRA005895	AT5G06410	71.7	8.58e-124	352
BRA005897	AT5G06450	82.4	2.89e-115	326
BRA005898	AT5G06470	79.8	1.96e-140	393
BRA005900	AT5G06600	95.1	0	2150
BRA005901	AT5G06610	85.7	5.52e-230	630
BRA005907	AT5G06710	76.5	8.95e-156	439
BRA005911	AT5G06760	79.4	1.02e-59	182
BRA005913	AT5G06820	80.9	0	997
BRA005914	AT5G06839	81.7	1.53e-248	683
BRA005915	AT5G06850	95.1	0	1543
BRA005920	AT5G06920	77.7	2.81e-178	498
BRA005924	AT5G07110	87.1	6.34e-124	349
BRA005928	AT5G07210	54.3	4.11e-249	704
BRA005932	AT5G07310	78.6	8.57e-131	370
BRA005934	AT5G07430	89.5	2.22e-253	688
BRA005941	AT5G07475	81	1.73e-107	305
BRA005942	AT5G07490	86.7	5.56e-92	263
BRA005943	AT5G07530	67.3	2.56e-33	126
BRA005945	AT5G07550	70.9	5.3e-28	96.7
BRA005946	AT5G07572	62.5	1.68e-22	83.6
BRA005947	AT5G07610	64.4	5.9e-183	515
BRA005949	AT5G07690	71.1	2.45e-155	438
BRA005951	AT5G07730	58.7	1.4e-76	232
BRA005954	AT5G07810	79.3	0	1855
BRA005959	AT5G07890	77	2.19e-182	512
BRA005964	AT5G08050	85.4	1.3e-52	164
BRA005965	AT5G08060	82.3	5.85e-78	226
BRA005967	AT5G08070	67.8	1.41e-91	269
BRA005968	AT5G08080	91.1	5.3e-187	516
BRA005973	AT5G08160	95.1	4.09e-246	669
BRA005974	AT5G08170	88.3	6.28e-267	724
BRA005977	AT5G08200	80.9	1.12e-220	609
BRA005979	AT5G08260	84.8	3.02e-311	845
BRA005983	AT5G08305	80.7	1.34e-224	630
BRA005985	AT5G08335	84.8	4.68e-123	345
BRA005986	AT5G08340	82.1	5.01e-214	589
BRA005987	AT5G08350	79.3	8.87e-119	335
BRA005989	AT5G08391	95.6	4.9e-42	130
BRA005990	AT5G08390	85.2	0	945
BRA005994	AT5G08450	67.6	0	978
BRA005995	AT5G08480	83.5	2.08e-94	271
BRA005996	AT5G08490	81.2	0	1301
BRA006009	AT5G08580	85.5	1.65e-229	630
BRA006010	AT5G08590	91	8.45e-220	603
BRA006013	AT5G08690	96	0	1020
BRA006017	AT5G09300	85.8	1.42e-295	804
BRA006018	AT5G09310	82.8	2.16e-82	238
BRA006020	AT5G09400	90.6	0	1498
BRA006021	AT5G09430	96.1	8.04e-224	609
BRA006022	AT5G09470	90.5	7.37e-212	581
BRA006028	AT5G09630	50.3	1.21e-119	351
BRA006029	AT5G09650	91.7	2.71e-204	559
BRA006031	AT5G09760	88.2	0	945
BRA006034	AT5G09820	86.7	5.02e-157	437
BRA006035	AT5G09850	77	1.01e-165	465
BRA006036	AT5G09870	91.7	0	2007
BRA006037	AT5G09876	72.1	1.51e-30	103
BRA006039	AT5G09920	97.1	1.36e-91	261
BRA006040	AT5G09940	56.2	1.54e-64	198
BRA006041	AT5G09980	65.4	6.96e-26	90.9
BRA006044	AT5G10050	92.1	4.46e-187	514
BRA006045	AT5G10060	81.3	1.67e-246	680
BRA006053	AT5G10240	91	0	1092
BRA006054	AT5G10260	91.3	9.08e-135	375
BRA006056	AT5G10360	96	6.28e-165	455
BRA006057	AT5G10370	80.2	0	2836
BRA006059	AT5G44050	79.3	3.97e-284	777
BRA006062	AT5G10480	86.3	1.36e-143	400
BRA006066	AT5G10530	83.8	0	1103
BRA006068	AT5G10550	72.1	4.86e-211	598
BRA006071	AT5G10660	56.7	7.59e-81	255
BRA006072	AT5G10700	82.3	8e-101	288
BRA006073	AT5G10710	78.6	2.9e-171	479
BRA006076	AT5G10745	96.1	5.5e-31	101
BRA006077	AT5G10750	92.7	1.92e-204	560
BRA006078	AT5G10780	96.4	8.09e-115	323
BRA006081	AT5G01960	83	8.63e-245	672
BRA006085	AT5G11060	93.4	8.62e-196	545
BRA006090	AT5G11110	87.9	0	1769
BRA006096	AT5G11410	63.6	5.95e-145	412
BRA006097	AT5G11470	62.3	5.45e-228	651
BRA006100	AT5G11490	92.4	0	1496
BRA006101	AT5G11500	97.2	2.51e-145	403
BRA006103	AT5G11520	91.8	6.56e-305	826
BRA006107	AT5G11670	95.9	0	1121
BRA006108	AT5G11680	95.2	1.59e-144	400
BRA006111	AT5G11720	84.5	0	1570
BRA006115	AT5G11740	82.8	5.43e-09	46.6
BRA006116	AT4G11630	81.2	5.85e-112	320
BRA006118	AT5G11790	95.3	1.67e-244	664
BRA006119	AT5G11810	81.7	2.59e-177	491
BRA006121	AT5G11840	89.8	3.49e-170	470
BRA006122	AT5G11850	88	0	1529
BRA006123	AT5G11860	91.7	2.5e-199	547
BRA006135	AT5G11970	85	6.58e-61	181
BRA006138	AT5G12040	93.3	5.24e-241	657
BRA006143	AT5G12190	94.4	2.28e-81	234
BRA006147	AT5G12220	73.8	1.28e-300	829
BRA006149	AT5G12235	74.8	1.57e-32	108
BRA006150	AT5G12240	70.2	1.59e-45	142
BRA006159	AT5G12410	75.7	8.68e-183	510
BRA006164	AT5G12470	85	6.01e-204	565
BRA006166	AT5G12870	81.9	6.67e-164	455
BRA006168	AT5G12920	73.5	1.93e-255	706
BRA006169	AT5G12930	69.8	3.07e-185	523
BRA006170	AT4G11402	66.2	6.95e-21	77
BRA006171	AT5G12950	85.5	0	1483
BRA006172	AT5G12970	95.4	0	1499
BRA006173	AT5G12980	78.1	5.18e-169	470
BRA006177	AT2G14830	63.6	3.61e-148	422
BRA006180	AT5G13100	87.7	1.07e-223	613
BRA006181	AT5G13110	93.8	0	1104
BRA006182	AT5G13120	87.7	9.36e-160	443
BRA006183	AT5G13150	82.2	0	946
BRA006195	AT5G13330	77.8	1.61e-91	268
BRA006196	AT5G13370	79.3	0	989
BRA006199	AT5G13440	94.5	1.57e-191	525
BRA006201	AT5G13460	79.4	1.58e-233	645
BRA006202	AT5G13480	84.5	5.17e-216	618
BRA006203	AT5G13490	87.2	2.17e-238	652
BRA006204	AT5G13500	93.3	5.22e-254	689
BRA006205	AT5G13530	92.3	0	3069
BRA006208	AT5G13630	94.2	0	2568
BRA006210	AT5G13700	89	7.36e-308	835
BRA006211	AT5G13710	95.5	2.8e-245	666
BRA006214	AT5G13790	76.6	1.24e-120	345
BRA006215	AT5G13800	82.3	1.83e-291	796
BRA006218	AT5G13820	69.1	2.61e-283	786
BRA006219	AT5G13840	92.6	0	902
BRA006220	AT5G13870	93.2	8.66e-219	595
BRA006222	AT5G13910	79.7	2.66e-99	286
BRA006223	AT5G13920	56.2	1.93e-150	431
BRA006226	AT5G13960	73.5	0	915
BRA006227	AT5G13980	90.2	0	1865
BRA006229	AT5G14000	62	2.58e-103	298
BRA006232	AT5G14020	83.5	2.32e-245	673
BRA006234	AT5G14040	91.6	1.74e-249	680
BRA006235	AT5G14060	92.8	0	964
BRA006237	AT5G14090	74.7	4.39e-177	494
BRA006239	AT5G14120	86	0	985
BRA006240	AT5G14140	88.5	1.39e-165	458
BRA006241	AT5G14150	85.3	1.86e-236	647
BRA006242	AT5G14170	81.8	1.1e-291	798
BRA006245	AT5G14240	92.6	7.37e-172	473
BRA006247	AT5G14310	90	2.93e-288	783
BRA006248	AT5G14320	95.9	5.35e-113	317
BRA006251	AT5G14360	83.4	1.24e-90	260
BRA006253	AT5G14420	86.4	1.21e-282	771
BRA006254	AT5G14430	90.7	0	1145
BRA006255	AT5G14440	80.2	4.12e-110	319
BRA006258	AT5G14500	84.6	1.77e-206	566
BRA006259	AT5G14510	83.8	1.78e-140	400
BRA006260	AT5G14520	90	0	1008
BRA006261	AT5G14580	81.4	0	1531
BRA006262	AT5G14590	89.4	1.15e-315	856
BRA006263	AT5G14640	95.6	5.25e-295	798
BRA006264	AT5G14710	93.5	9.28e-81	232
BRA006276	AT5G15020	82.1	0	2105
BRA006277	AT5G15070	92.2	0	1955
BRA006278	AT5G15080	91.7	3.67e-301	821
BRA006279	AT5G15110	86.7	2.43e-314	852
BRA006280	AT5G15120	78.5	1.18e-167	466
BRA006287	AT5G15170	87.6	0	1085
BRA006289	AT5G15200	97.5	6.24e-135	375
BRA006290	AT5G15220	91.6	1.41e-101	287
BRA006293	AT5G15265	68.4	6.76e-24	84.7
BRA006294	AT5G15270	82.2	3.96e-297	817
BRA006297	AT5G15350	83.7	9.04e-106	299
BRA006298	AT5G15430	59.3	1.54e-142	416
BRA006299	AT5G15440	93.2	9.77e-215	585
BRA006300	AT5G15460	86	8.3e-60	179
BRA006301	AT5G15470	93.8	0	1026
BRA006303	AT5G15490	97.9	0	945
BRA006304	AT5G15500	72.9	1.26e-202	568
BRA006305	AT5G15530	74.7	2.71e-106	307
BRA006307	AT3G17152	57.3	1.42e-59	182
BRA006314	AT5G15640	94.4	1.6e-220	602
BRA006317	AT5G15710	88.6	7.34e-295	800
BRA006318	AT5G15720	84.4	4.31e-237	647
BRA006319	AT5G15740	93.3	0	981
BRA006320	AT5G15750	88.5	2.3e-118	332
BRA006323	AT5G15810	86.5	0	974
BRA006332	AT5G15880	83.5	3.79e-180	502
BRA006333	AT5G15920	86.7	0	1717
BRA006336	AT5G16010	83	4.36e-157	437
BRA006340	AT5G16130	94.2	1.66e-124	348
BRA006341	AT5G16150	89.5	0	881
BRA006343	AT5G16190	84	0	900
BRA006346	AT5G16270	75.8	0	1413
BRA006350	AT5G16370	90.8	0	1015
BRA006351	AT5G16380	80	5.79e-102	291
BRA006352	AT5G16390	81.2	5.76e-119	343
BRA006353	AT5G16420	90.7	2.46e-132	395
BRA006358	AT5G16500	74.2	3.32e-254	711
BRA006360	AT5G16520	80.3	4.17e-249	703
BRA006364	AT5G16660	83.5	9.63e-81	236
BRA006368	AT5G16760	87.5	8.95e-203	557
BRA006370	AT5G16770	85.3	2.27e-208	572
BRA006371	AT5G16800	84	1.9e-158	441
BRA006372	AT5G16830	83.2	2.36e-123	352
BRA006373	AT5G16840	87.7	1.13e-129	367
BRA006374	AT2G20800	88	0	1012
BRA006375	AT2G20790	85.1	0	1030
BRA006379	AT5G16940	85.9	4.8e-93	264
BRA006380	AT5G16950	81	2.12e-55	166
BRA006392	AT5G17260	75.4	6.69e-266	730
BRA006395	AT5G17310	97	0	909
BRA006397	AT5G17330	95.2	0	965
BRA006406	AT5G17410	84.1	0	1092
BRA006407	AT5G17420	92.9	0	1961
BRA006412	AT5G17540	76.9	7.37e-257	706
BRA006413	AT5G17560	81	7.47e-86	249
BRA006415	AT5G17600	57.8	1.03e-121	353
BRA006416	AT5G17650	72.4	2.25e-08	50.8
BRA006424	AT5G17840	81.6	1.63e-68	204
BRA006425	AT5G17870	85.6	1.54e-59	178
BRA006427	AT4G08580	83.6	6e-208	579
BRA006428	AT5G17910	62	0	1232
BRA006429	AT5G17920	98	0	1467
BRA006430	AT5G18010	87	3.3e-52	157
BRA006443	AT3G03920	86.7	2.48e-73	219
BRA006446	AT5G18230	86.3	0	1388
BRA006455	AT5G18390	90.3	5.55e-126	373
BRA006456	AT5G18400	83.6	7.64e-154	429
BRA006457	AT5G18410	96.7	0	2425
BRA006462	AT5G18480	86	0	919
BRA006463	AT5G18500	92.4	0	881
BRA006464	AT5G18520	91.5	7.19e-284	772
BRA006467	AT5G18600	93.1	4.01e-67	196
BRA006470	AT5G18650	91.4	2.82e-186	511
BRA006482	AT5G18850	83.2	9.93e-50	152
BRA006484	AT5G18920	65.6	2.44e-20	76.3
BRA006488	AT5G18970	90.1	7.49e-107	302
BRA006489	AT5G19000	78.5	4.95e-244	670
BRA006490	AT5G19010	92.8	0	1046
BRA006491	AT5G19030	65.9	3.87e-64	194
BRA006492	AT5G19050	95.4	2e-228	625
BRA006496	AT5G19150	90.8	1.43e-232	636
BRA006499	AT5G42330	64.2	9.48e-70	211
BRA006501	AT5G19340	61.8	6.59e-80	240
BRA006502	AT5G19350	84.9	6.01e-271	738
BRA006503	AT5G19370	84.3	1.04e-169	471
BRA006504	AT5G19420	89	0	1945
BRA006505	AT5G19430	80.9	6.23e-132	372
BRA006506	AT5G19473	62.9	8.66e-32	107
BRA006508	AT5G19520	78.1	0	1095
BRA006511	AT5G19600	87.2	0	1091
BRA006512	AT5G19630	88.1	4.54e-141	393
BRA006513	AT5G19660	87.5	0	1843
BRA006514	AT5G19690	94.6	0	1400
BRA006515	AT5G19750	82.1	3.34e-139	393
BRA006516	AT5G19760	94.3	2.09e-206	564
BRA006519	AT5G19820	94.6	0	2032
BRA006520	AT5G19840	76.7	4.45e-288	791
BRA006522	AT5G19855	81.3	7.02e-119	335
BRA006523	AT5G19875	83.7	4.42e-74	215
BRA006528	AT5G19980	80.3	7.91e-183	508
BRA006530	AT5G20020	97.3	8.52e-165	452
BRA006538	AT5G20080	92.4	9.79e-229	623
BRA006539	AT5G20090	94.6	5.08e-74	214
BRA006540	AT5G20100	79.5	1.2e-52	160
BRA006541	AT5G20110	81.5	5.63e-107	305
BRA006545	AT5G20170	86	0	1071
BRA006546	AT5G20180	82.5	9.07e-60	177
BRA006549	AT5G20240	92.3	1.81e-130	365
BRA006551	AT5G20270	86.7	4.62e-213	583
BRA006554	AT5G20310	74	1.4e-177	499
BRA006556	AT5G11250	66.9	0	1157
BRA006557	AT5G20360	66.9	1.92e-297	831
BRA006558	AT5G20370	52.5	6.87e-44	142
BRA006561	AT5G20490	95.3	0	2515
BRA006563	AT5G20540	87.5	9.46e-235	643
BRA006565	AT5G20570	79.6	4.41e-79	228
BRA006566	AT5G20580	93.7	3.29e-219	601
BRA006570	AT5G20670	91.9	1.23e-91	262
BRA006572	AT5G20720	92.9	1.58e-160	444
BRA006575	AT5G20790	68.9	5.4e-85	248
BRA006576	AT5G20810	80.7	1.01e-97	281
BRA006578	AT5G20830	93.9	0	1531
BRA006579	AT5G20840	88.7	0	1422
BRA006580	AT5G20850	99.1	3.36e-243	661
BRA006585	AT5G20910	89.5	5.54e-192	533
BRA006586	AT5G20935	86.3	3.22e-65	192
BRA006587	AT5G20940	83.5	0	1053
BRA006588	AT5G20970	74	1.7e-118	337
BRA006589	AT5G20980	91.7	0	1460
BRA006590	AT5G20990	90.3	0	1169
BRA006591	AT5G21010	85.9	3.47e-245	672
BRA006592	AT5G21050	81.1	1.66e-198	548
BRA006596	AT5G21900	59.9	5.02e-184	528
BRA006597	AT5G21920	87.1	4.62e-152	423
BRA006602	AT5G21990	84.2	1.93e-249	694
BRA006603	AT5G22000	80.8	5.97e-191	531
BRA006606	AT5G22040	80.4	5.08e-120	344
BRA006607	AT5G22050	89.3	8.4e-204	558
BRA006609	AT5G22070	86	3.14e-235	642
BRA006612	AT5G22120	73.1	2.89e-174	489
BRA006617	AT5G22270	63.7	2.63e-29	100
BRA006622	AT5G22340	82.7	1.77e-166	466
BRA006628	AT5G22480	88.9	0	879
BRA006631	AT5G22670	52.9	2.81e-140	410
BRA006634	AT5G22750	86.5	0	1765
BRA006638	AT5G22791	61.8	5.69e-164	463
BRA006640	AT5G22910	74.5	0	1190
BRA006641	AT5G22920	91.4	4.17e-198	543
BRA006642	AT5G22930	76.8	3.4e-109	313
BRA006645	AT5G22950	94.3	1.71e-99	288
BRA006649	AT5G60720	84.2	0	1071
BRA006650	AT5G60660	92.9	1.31e-190	523
BRA006655	AT5G60530	85.9	2.59e-211	588
BRA006656	AT5G60490	87.6	7.7e-120	343
BRA006657	AT5G60480	69.3	1.09e-86	253
BRA006659	AT5G60460	89.9	2.09e-45	142
BRA006664	AT3G01280	87	2.92e-172	476
BRA006667	AT5G60335	83.1	1.98e-95	273
BRA006668	AT5G60320	81.8	0	1105
BRA006672	AT5G60230	87.2	1.8e-154	429
BRA006673	AT5G60220	84.8	4.81e-174	483
BRA006676	AT5G60190	81.5	5.7e-138	385
BRA006677	AT5G60170	76.3	0	1409
BRA006680	AT5G60070	82.5	1.35e-238	666
BRA006681	AT5G60060	75.5	3.41e-188	524
BRA006682	AT5G60030	51.4	3.39e-25	98.6
BRA006683	AT5G60020	92	0	1092
BRA006688	AT5G59870	92.7	8.08e-87	249
BRA006692	AT5G59820	84.6	2.36e-73	216
BRA006698	AT5G59710	87.8	0	1006
BRA006702	AT5G59613	98.2	1.37e-37	118
BRA006713	AT5G59540	81.1	1.24e-225	619
BRA006716	AT5G59480	89.8	3.62e-183	504
BRA006721	AT5G59320	82.6	4.93e-65	192
BRA006722	AT5G59290	97.7	1.2e-249	678
BRA006723	AT1G35440	65.4	1.31e-114	328
BRA006726	AT5G59050	71.7	8.1e-140	396
BRA006729	AT5G59130	82.9	0	1200
BRA006730	AT5G59140	99	1.06e-66	194
BRA006738	AT5G58950	83.5	1.63e-314	856
BRA006740	AT5G58920	94.4	7.43e-112	314
BRA006741	AT5G58900	87.3	1.41e-183	506
BRA006742	AT5G58880	58	0	976
BRA006743	AT5G58860	91.8	0	968
BRA006744	AT5G58850	75.5	8.16e-222	614
BRA006745	AT5G58787	86.9	4.23e-154	427
BRA006748	AT5G58710	91.2	8.72e-133	370
BRA006749	AT5G58670	83.8	0	984
BRA006752	AT5G58580	78.7	3.68e-66	209
BRA006753	AT5G58575	72.1	1.66e-24	89.4
BRA006759	AT2G05970	55.5	1.21e-146	420
BRA006762	AT5G58520	81.3	0	966
BRA006764	AT5G37060	75.1	0	1304
BRA006765	AT5G18770	52.9	5.11e-137	402
BRA006767	AT5G58430	85.6	0	1049
BRA006774	AT5G58300	85.5	0	905
BRA006777	AT5G58260	83.7	8.34e-134	373
BRA006781	AT5G58150	72.4	1.37e-277	784
BRA006783	AT5G58110	88.2	3.12e-114	323
BRA006787	AT5G58030	99.5	2.26e-130	365
BRA006789	AT5G58003	74.6	2.35e-237	660
BRA006790	AT5G57990	66.8	0	979
BRA006791	AT5G57980	78.1	4.43e-116	328
BRA006792	AT5G57920	86.2	7.14e-76	225
BRA006794	AT5G57860	86	4.01e-52	157
BRA006795	AT5G57850	82.4	4.3e-216	595
BRA006797	AT5G57840	77.9	2.85e-256	702
BRA006803	AT5G57790	58.3	8.36e-53	166
BRA006804	AT5G57785	83.6	7.89e-36	115
BRA006805	AT5G57760	76	1.52e-37	119
BRA006806	AT5G57700	90.1	3.02e-225	616
BRA006807	AT5G57690	91.6	0	909
BRA006808	AT5G57685	81.1	7.46e-82	237
BRA006810	AT5G57625	87.4	2.24e-139	387
BRA006811	AT5G57620	90.7	1.07e-218	598
BRA006812	AT5G57610	81	0	1669
BRA006815	AT5G57520	92.7	1.72e-93	266
BRA006816	AT5G57500	93.1	2.5e-228	621
BRA006817	AT5G57490	88.3	1.69e-170	471
BRA006819	AT5G57460	92.9	0	1108
BRA006820	AT5G57450	78.7	4.5e-167	466
BRA006821	AT5G57410	91.1	2.81e-211	583
BRA006825	AT5G57330	92	1.32e-218	596
BRA006828	AT5G57280	80.3	6.2e-154	436
BRA006829	AT5G57260	82.2	1.12e-299	817
BRA006833	AT5G57100	89.6	6.29e-241	659
BRA006835	AT5G57040	86.4	9.38e-122	342
BRA006836	AT5G57035	87.2	0	1353
BRA006840	AT5G57000	74.3	2.49e-55	172
BRA006844	AT5G56920	57.1	4.9e-82	244
BRA006849	AT5G56880	67.5	1.58e-68	204
BRA006850	AT5G56870	91.7	0	1409
BRA006852	AT5G56850	61.4	7.76e-190	540
BRA006853	AT5G56840	74.3	7.94e-111	316
BRA006858	AT5G56750	90.7	2.12e-197	543
BRA006859	AT5G56740	88.9	2.79e-297	808
BRA006863	AT5G56660	79	1.1e-251	691
BRA006874	AT3G51760	82.9	8.2e-145	405
BRA006875	AT3G51770	88.1	0	1659
BRA006876	AT3G51780	80.4	8.62e-144	403
BRA006877	AT3G51790	89	3.18e-149	416
BRA006879	AT3G51840	88.8	2.77e-288	783
BRA006882	AT3G51895	91.6	0	1186
BRA006884	AT3G51940	55.5	4.99e-162	471
BRA006888	AT3G51970	70.8	3.33e-170	476
BRA006889	AT3G51980	85.2	3.37e-219	603
BRA006890	AT3G51990	89.5	1.43e-221	608
BRA006891	AT3G52040	84.4	2.41e-49	150
BRA006892	AT3G52050	78.5	5.96e-236	650
BRA006894	AT3G52070	70.7	2.1e-47	147
BRA006895	AT3G21640	89.3	2.13e-237	648
BRA006896	AT3G52090	74.3	1.23e-65	195
BRA006897	AT3G52100	76.3	0	1008
BRA006899	AT3G52110	71.8	4.84e-156	441
BRA006900	AT3G52120	82.6	2.12e-245	678
BRA006904	AT3G52150	82.7	6.24e-139	390
BRA006908	AT3G52180	84.2	2.16e-228	625
BRA006909	AT3G52190	91.2	1.01e-272	740
BRA006911	AT3G52210	85.3	2.45e-227	622
BRA006912	AT3G52220	86.3	6.15e-110	315
BRA006913	AT3G52230	64.2	3.7e-47	149
BRA006914	AT3G52240	62.6	3.85e-239	676
BRA006915	AT3G52250	71.3	0	2159
BRA006919	AT3G52360	84.1	1.75e-43	135
BRA006922	AT3G52430	66.8	8.15e-253	702
BRA006923	AT3G52440	81.9	8.34e-147	410
BRA006925	AT3G52450	92.6	1.03e-284	774
BRA006926	AT3G52460	72.4	1.84e-134	382
BRA006928	AT3G52480	75.1	1.54e-104	299
BRA006930	AT3G52540	63.3	4.09e-91	270
BRA006932	AT3G52550	54.4	1.72e-42	139
BRA006933	AT3G52560	86.6	1.01e-103	293
BRA006934	AT3G52570	85.7	2.43e-200	559
BRA006937	AT3G52610	80.4	1.71e-235	649
BRA006938	AT3G52660	77.3	5.63e-213	592
BRA006941	AT3G52710	74.4	7.1e-125	357
BRA006942	AT3G52720	82.3	5.47e-173	479
BRA006943	AT3G52740	82.9	1.11e-70	208
BRA006945	AT3G52750	87.2	2.65e-276	755
BRA006947	AT5G24240	84.3	0	964
BRA006948	AT3G52780	81.3	2.02e-273	744
BRA006949	AT3G52800	72.9	3.97e-85	247
BRA006951	AT3G52820	90.1	4.32e-305	826
BRA006953	AT3G52860	83.3	1.41e-65	196
BRA006954	AT3G52880	86.9	3.69e-283	771
BRA006956	AT3G52910	84.3	6.1e-180	504
BRA006959	AT3G52920	83.7	9.36e-81	236
BRA006964	AT5G44400	77.7	9.91e-309	843
BRA006966	AT3G53000	85.8	9.72e-197	540
BRA006967	AT3G53010	82.6	4.88e-166	461
BRA006970	AT3G53030	83.4	2.52e-302	830
BRA006973	AT3G53160	83.8	6.99e-297	809
BRA006974	AT3G53170	74.6	1.15e-139	411
BRA006975	AT3G53180	85.6	0	1454
BRA006977	AT3G53200	77.1	7.53e-135	379
BRA006980	AT3G53232	67.3	1.19e-21	78.2
BRA006981	AT3G53235	71.9	1.04e-25	91.3
BRA006984	AT3G53250	85.9	1.65e-80	233
BRA006988	AT3G53300	77.9	2.22e-286	783
BRA006990	AT3G53320	66.5	5.57e-206	583
BRA006991	AT3G53340	86.6	6.64e-95	272
BRA006992	AT3G53350	66.1	1.46e-151	433
BRA006993	AT3G53360	79.6	0	1241
BRA006997	AT3G53420	94.1	1.98e-196	538
BRA006999	AT3G53440	78	5.53e-107	317
BRA007002	AT3G53460	72.6	2.14e-139	398
BRA007003	AT3G53470	78.8	6.01e-66	196
BRA007004	AT3G53500	89.2	1.11e-130	372
BRA007008	AT3G53530	76.8	7.19e-124	352
BRA007013	AT3G53580	89.9	3.09e-243	663
BRA007015	AT3G53590	81.7	0	929
BRA007016	AT3G53620	93.1	7.53e-150	414
BRA007017	AT3G53630	84.2	1.48e-106	304
BRA007018	AT3G53650	93.4	1.48e-70	207
BRA007019	AT3G53670	71.4	4.19e-63	194
BRA007026	AT3G53760	93.6	0	1270
BRA007027	AT3G53800	91.2	3.91e-209	577
BRA007030	AT3G53840	81.1	0	1041
BRA007032	AT3G53880	90.2	1.12e-215	589
BRA007034	AT3G53900	85.9	1.87e-179	496
BRA007039	AT3G54000	50.4	6.17e-77	239
BRA007041	AT3G54050	91.6	3.4e-264	720
BRA007043	AT3G54080	62.6	1.38e-131	379
BRA007044	AT3G54090	93.7	4.63e-268	731
BRA007045	AT3G54100	82.6	0	999
BRA007046	AT3G54110	94.1	2.74e-210	575
BRA007047	AT3G54120	79.8	8.26e-109	310
BRA007048	AT4G13460	73.3	0	919
BRA007049	AT3G54130	85	2.19e-168	467
BRA007052	AT3G54170	84.2	1.69e-132	380
BRA007056	AT3G54220	98.7	1.26e-226	630
BRA007057	AT3G54230	77.2	0	1298
BRA007060	AT3G54270	82.1	2.23e-267	729
BRA007061	AT3G54280	90.1	0	3570
BRA007062	AT3G54290	76.4	6.39e-191	530
BRA007065	AT3G54310	74.5	2.35e-190	529
BRA007066	AT3G54320	79.7	2.9e-195	546
BRA007067	AT3G54340	94.8	9.73e-156	431
BRA007068	AT3G54360	86.3	3.29e-216	598
BRA007069	AT3G54390	77.5	1.5e-150	424
BRA007071	AT3G54420	91.9	3.57e-192	526
BRA007072	AT3G54430	72.2	1.94e-92	271
BRA007073	AT3G54450	85.6	0	941
BRA007076	AT3G54510	88.2	0	1232
BRA007077	AT3G54520	61.4	7.47e-35	123
BRA007078	AT2G19610	65.4	9.44e-175	493
BRA007079	AT3G54540	84.3	0	1118
BRA007083	AT3G54620	69.9	8.82e-162	459
BRA007084	AT3G54630	68.2	1.86e-231	650
BRA007085	AT3G54640	91.7	1.22e-200	551
BRA007086	AT3G54650	83.7	0	925
BRA007087	AT3G54660	90.8	0	988
BRA007088	AT3G54670	83.3	0	1581
BRA007091	AT3G54720	87.1	0	1230
BRA007093	AT3G54740	74.7	7.88e-208	578
BRA007094	AT3G54750	81.5	0	923
BRA007096	AT3G54770	84.7	3.6e-135	381
BRA007099	AT3G54810	83.1	4.13e-184	510
BRA007100	AT3G54820	94.8	4.91e-201	550
BRA007102	AT2G26110	65.6	6.17e-108	314
BRA007105	AT3G54850	87.7	2.89e-298	825
BRA007106	AT3G54860	90.3	0	1064
BRA007107	AT3G54870	80.1	0	1407
BRA007108	AT3G54880	88.4	9.73e-68	198
BRA007114	AT4G10400	59.5	5.35e-153	438
BRA007116	AT3G54920	82.1	1.52e-275	756
BRA007117	AT3G54930	89.1	1.11002e-319	867
BRA007118	AT3G54940	84.5	3.28e-239	653
BRA007119	AT3G54950	86	3.85e-302	823
BRA007120	AT3G54960	86.4	0	946
BRA007121	AT3G54970	81.2	1.4e-201	556
BRA007122	AT3G54980	71.5	6.83e-155	474
BRA007123	AT3G54990	79.4	6.22e-171	478
BRA007127	AT3G55020	81.9	0	1214
BRA007130	AT3G55040	76.8	7.53e-154	431
BRA007131	AT3G55050	88.1	3.14e-254	692
BRA007140	AT3G55080	73.2	5.2e-232	642
BRA007141	AT3G55110	84.1	0	1154
BRA007142	AT3G55120	81.5	1.98e-138	388
BRA007148	AT3G55180	86.9	8.51e-191	525
BRA007149	AT3G55240	97.9	2.42e-58	173
BRA007150	AT3G55250	86	2.19e-165	459
BRA007152	AT3G55340	61.8	4.09e-234	661
BRA007153	AT3G55350	88.1	3.91e-235	646
BRA007154	AT3G55360	96.5	2.94e-230	625
BRA007158	AT3G55390	95.3	8.21e-131	364
BRA007159	AT3G55400	90	0	1048
BRA007164	AT3G55450	87.2	1.31e-230	634
BRA007166	AT3G55470	87.2	5.9e-99	281
BRA007167	AT3G55480	77.4	0	1597
BRA007170	AT3G55500	91.2	2.61e-183	503
BRA007171	AT3G55510	73.3	3.05e-308	848
BRA007173	AT3G55520	92.7	1.4e-100	288
BRA007174	AT3G55530	92.5	3.16e-169	468
BRA007177	AT3G55580	85	6.67e-307	834
BRA007178	AT3G55600	86.3	2.52e-127	359
BRA007179	AT3G55610	93.6	0	1320
BRA007180	AT3G55620	96.3	3.69e-171	471
BRA007181	AT3G55640	86	8.53e-213	584
BRA007183	AT3G55660	85.4	0	927
BRA007184	AT3G55700	77.3	6.74e-263	720
BRA007185	AT3G55720	88.6	2.73e-285	775
BRA007186	AT3G55730	69.9	3.96e-187	523
BRA007190	AT3G55780	87.6	1.35e-233	640
BRA007191	AT3G55790	59.8	2.45e-19	75.9
BRA007192	AT3G55800	95.4	8.68e-274	743
BRA007193	AT3G55820	71.5	7.36e-88	256
BRA007194	AT3G55830	89.5	2.99e-225	615
BRA007195	AT3G55840	84.2	1.89e-255	699
BRA007198	AT3G55880	88.4	2.68e-123	347
BRA007199	AT3G55890	76.5	8.61e-65	192
BRA007200	AT3G55920	91.7	2.85e-145	404
BRA007201	AT3G55940	82.2	0	964
BRA007202	AT3G55950	93.5	6.89e-224	630
BRA007203	AT3G55960	87	1.53e-185	511
BRA007205	AT3G55980	81.8	7.68e-319	874
BRA007207	AT3G56000	86.7	0	914
BRA007209	AT3G56030	77.7	1.57e-155	439
BRA007210	AT3G56040	87.1	0	1536
BRA007211	AT3G56050	79.7	9.64e-277	759
BRA007213	AT3G56060	82.1	0	924
BRA007214	AT3G56070	90.9	2.26e-119	334
BRA007215	AT3G56090	86.9	1.56e-148	414
BRA007217	AT3G56120	77.2	4.04e-259	710
BRA007218	AT3G56130	78.9	2.04e-137	388
BRA007219	AT5G51350	70	1.14e-32	127
BRA007220	AT3G56150	85.8	0	1358
BRA007221	AT3G56160	78.3	1.17e-232	642
BRA007222	AT3G56170	79.9	1.48e-182	506
BRA007223	AT3G56180	90.9	8.86e-142	393
BRA007225	AT3G56200	88.8	1.47e-263	720
BRA007227	AT3G56210	79.3	2.92e-93	270
BRA007229	AT3G56230	89	7.8e-178	491
BRA007230	AT3G56240	98.7	5.92e-49	151
BRA007232	AT3G56260	56.9	4.18e-52	166
BRA007233	AT3G56270	64.9	1.32e-166	477
BRA007234	AT3G56290	86.3	5.91e-106	300
BRA007235	AT3G56310	92.7	2.93e-299	810
BRA007236	AT3G56320	77.3	4.86e-308	846
BRA007237	AT3G56330	90.5	2.71e-231	634
BRA007238	AT3G56340	96.1	6.7e-87	248
BRA007239	AT3G56350	91.2	1.18e-150	418
BRA007241	AT3G56370	92.2	5.92e-309	878
BRA007242	AT3G56380	78.1	6.83e-83	241
BRA007245	AT3G56420	79.9	7.99e-79	229
BRA007250	AT3G56510	76.7	6.78e-134	377
BRA007251	AT3G56550	81.5	0	937
BRA007252	AT3G56570	73.3	5.02e-244	677
BRA007253	AT3G56580	77.8	5.21e-148	418
BRA007255	AT3G56600	78.5	2.03e-263	747
BRA007259	AT3G56630	83	4.93e-300	818
BRA007260	AT3G56640	94.1	0	1365
BRA007262	AT3G56690	77.6	0	1458
BRA007263	AT3G56700	75.2	1.14e-294	809
BRA007265	AT3G56710	74.5	3.9e-67	200
BRA007266	AT3G56720	55.6	4.68e-86	268
BRA007267	AT3G56740	92.2	7.23e-187	514
BRA007268	AT3G56750	91.6	2.4e-276	750
BRA007270	AT3G56810	72.6	5.25e-151	427
BRA007271	AT3G56820	77.3	1.52e-121	343
BRA007273	AT3G56840	87.4	1.88e-278	759
BRA007274	AT3G56850	85.3	1.55e-162	452
BRA007277	AT3G56860	81.8	9.3e-204	571
BRA007278	AT3G56870	55.7	1.51e-236	677
BRA007279	AT3G56880	70.6	1.28e-102	296
BRA007280	AT3G56891	75.9	2.52e-87	252
BRA007281	AT3G56900	85.7	4.51e-286	778
BRA007282	AT3G56910	78	3.78e-58	177
BRA007291	AT3G56990	82.7	0	1105
BRA007292	AT3G57000	73.2	1.94e-129	369
BRA007294	AT3G57030	84.9	4.97e-236	645
BRA007298	AT3G57062	93.8	5.57e-30	100
BRA007299	AT3G57070	76.2	5.35e-205	570
BRA007300	AT3G57080	83.8	3.98e-118	335
BRA007301	AT3G57090	86.5	2.22e-101	288
BRA007303	AT3G57120	84.1	3.3e-231	639
BRA007306	AT3G57130	89.3	1.1e-287	784
BRA007308	AT3G57170	81.5	1.82e-301	832
BRA007310	AT3G57190	83.3	2.62e-232	639
BRA007311	AT3G57200	78.6	1.24e-271	746
BRA007312	AT3G57220	91.8	3.14e-278	756
BRA007315	AT3G57260	73.7	2.58e-166	466
BRA007316	AT3G57280	82.8	5.24e-125	352
BRA007318	AT3G57300	81.4	0	2379
BRA007320	AT3G57340	73.7	7.58e-182	508
BRA007321	AT3G57350	86.9	0	1462
BRA007322	AT3G57360	83.2	4.98e-153	426
BRA007323	AT3G57380	75.8	6.54e-272	747
BRA007324	AT3G57390	81.3	2.12e-127	361
BRA007325	AT3G57400	71.3	5.58e-206	577
BRA007326	AT3G57410	89.5	0	1650
BRA007327	AT3G57430	86.2	0	1513
BRA007329	AT3G57470	82.2	0	1598
BRA007331	AT3G57500	84.7	6.88e-57	172
BRA007333	AT3G57520	92.2	0	1463
BRA007335	AT3G57540	77.4	1.86e-89	268
BRA007336	AT3G57550	90.3	1.21e-252	689
BRA007337	AT3G57560	91	4.39e-213	585
BRA007340	AT3G57570	83.9	0	1776
BRA007341	AT3G57600	75.4	2.65e-139	392
BRA007342	AT3G57610	92.2	0	910
BRA007343	AT3G57630	91.4	0	1583
BRA007344	AT3G57650	93.8	2.88e-268	728
BRA007345	AT3G57660	79.2	0	2471
BRA007348	AT3G57680	83	5.32e-298	813
BRA007357	AT3G57740	74.2	4.35e-184	513
BRA007358	AT3G57800	64.3	5.59e-159	452
BRA007360	AT3G57810	57.5	1.22e-102	300
BRA007362	AT3G57860	67.5	7.09e-102	295
BRA007367	AT3G57940	90.7	0	1787
BRA007369	AT3G57950	84	3.27e-94	270
BRA007371	AT3G57980	60.9	6.3e-144	430
BRA007373	AT3G58000	82.3	2.53e-95	273
BRA007378	AT3G58070	66.7	1.62e-104	303
BRA007382	AT3G58140	91.6	4.65e-292	792
BRA007383	AT3G58170	97.4	7.51e-75	218
BRA007384	AT3G58180	87.4	2.38e-144	407
BRA007385	AT3G58190	81	6.04e-122	344
BRA007388	AT3G58370	57	1.11e-112	327
BRA007394	AT3G58460	91.2	4.06e-252	690
BRA007395	AT3G58470	85	1.13e-150	419
BRA007398	AT3G58500	98.7	3.35e-242	656
BRA007400	AT3G58520	92.4	9.34e-279	757
BRA007401	AT3G58530	51.7	1.82e-100	296
BRA007405	AT3G58620	80	0	961
BRA007406	AT3G57590	56.9	8.66e-152	434
BRA007407	AT3G58630	78.9	1.1e-133	381
BRA007408	AT3G58640	91.5	0	1448
BRA007412	AT3G58690	89	1.06e-249	682
BRA007415	AT3G58730	92.7	6.12e-162	449
BRA007417	AT3G58750	92.2	0	921
BRA007420	AT3G58790	85.6	0	914
BRA007421	AT3G58800	71.4	5.5e-182	506
BRA007423	AT3G58970	82.4	1.49e-241	664
BRA007425	AT3G59010	85.3	3.01e-311	848
BRA007430	AT3G59060	77	2.14e-195	548
BRA007431	AT3G59070	76.3	3.98e-228	632
BRA007432	AT3G59090	80.6	5.98e-184	513
BRA007434	AT3G59140	89.5	0	2516
BRA007447	AT3G59410	87.1	0	2137
BRA007448	AT3G59420	85.9	0	1539
BRA007449	AT3G59430	57.1	2.28e-136	394
BRA007452	AT3G59480	95.1	7.37e-223	608
BRA007456	AT3G59520	92	6.26e-129	363
BRA007459	AT3G59550	66.8	9.38e-295	820
BRA007460	AT3G59570	75.7	0	980
BRA007463	AT3G59600	93.2	4.29e-101	285
BRA007464	AT3G59630	87.5	2.68e-312	848
BRA007470	AT3G59680	77.9	4.89e-111	317
BRA007471	AT3G59690	81.2	5.67e-260	717
BRA007472	AT3G59710	80	2e-164	459
BRA007478	AT3G59810	91.1	1.83e-54	163
BRA007479	AT3G59820	85.2	0	1073
BRA007481	AT3G59840	90.7	1.42e-61	181
BRA007482	AT3G59845	75.9	2.23e-206	568
BRA007483	AT3G59850	90.2	9.12e-259	706
BRA007485	AT3G59880	78.4	1.76e-65	194
BRA007487	AT3G60040	51.1	1.11e-47	166
BRA007492	AT3G59910	87.9	0	1041
BRA007494	AT3G59940	79	1.34e-235	648
BRA007496	AT3G59960	70.4	1.56e-160	451
BRA007498	AT3G59980	79.2	1.88e-138	390
BRA007504	AT3G60080	79.7	4.7e-142	401
BRA007505	AT3G60090	84.7	5.78e-90	258
BRA007506	AT3G60110	61.5	3.15e-158	467
BRA007508	AT3G60130	85.6	0	931
BRA007511	AT3G60966	65.7	1.77e-58	177
BRA007512	AT3G60180	78.4	2.37e-109	311
BRA007514	AT3G60200	65.6	1.24e-116	336
BRA007515	AT3G60220	73	3.04e-141	401
BRA007521	AT3G60260	91.1	7.41e-178	489
BRA007524	AT3G60330	94.7	0	1776
BRA007530	AT3G60390	80	2.38e-131	375
BRA007534	AT3G60400	71.6	1.25e-274	770
BRA007538	AT3G60480	78.5	4.44e-60	179
BRA007539	AT3G60490	70.8	3.53e-110	317
BRA007540	AT3G60500	84.7	1.62e-259	710
BRA007544	AT3G60550	92.7	7.61e-146	405
BRA007545	AT3G60580	66.3	4.07e-110	320
BRA007546	AT3G60590	77.6	1.1e-170	479
BRA007548	AT3G60620	79.8	9.95e-231	635
BRA007549	AT3G60660	71.8	1.4e-157	441
BRA007551	AT3G60680	75.4	6.62e-247	682
BRA007553	AT3G60720	90	4.63e-168	466
BRA007554	AT3G60730	85.2	1.62e-308	841
BRA007557	AT3G60780	81.7	4.68e-129	362
BRA007564	AT3G60810	87.4	4.61e-134	374
BRA007565	AT3G60820	95.1	1.34e-153	424
BRA007567	AT3G60850	76.5	0	955
BRA007569	AT3G60900	84.4	1.23e-221	613
BRA007571	AT3G61040	76.4	2.67e-270	743
BRA007572	AT3G61110	96.4	8.18e-59	174
BRA007573	AT3G61130	89.1	0	1195
BRA007574	AT1G23520	55.8	1.52e-91	271
BRA007578	AT3G61170	75.5	0	1056
BRA007579	AT3G61172	75.7	2.72e-41	129
BRA007580	AT3G61180	82.3	4.22e-209	577
BRA007581	AT3G61190	71.9	3.15e-92	266
BRA007584	AT3G61210	79.7	2.65e-156	434
BRA007585	AT3G61220	82.1	2.6e-174	484
BRA007587	AT3G61240	89.6	1.04e-314	854
BRA007593	AT3G61280	79.8	0	891
BRA007594	AT3G61300	78.3	0	1532
BRA007595	AT3G61310	70.6	9.64e-160	450
BRA007597	AT3G61360	80.8	2.62e-281	770
BRA007598	AT3G61370	74.2	1.37e-45	144
BRA007599	AT3G61380	66.7	1.13e-298	829
BRA007600	AT3G61390	65.4	6.98e-183	516
BRA007602	AT3G61415	83.7	9.15e-195	541
BRA007606	AT3G61460	91.9	2.2e-120	336
BRA007607	AT3G61400	75.7	1.04e-204	566
BRA007608	AT5G28350	89.5	0	1984
BRA007609	AT3G61490	90.3	0	889
BRA007611	AT3G61510	85.3	2.98e-300	817
BRA007613	AT3G61550	73	2.29e-81	241
BRA007614	AT3G61570	78.8	2.08e-314	872
BRA007617	AT1G45063	65	2.41e-123	356
BRA007620	AT3G61620	95.9	3.5e-160	442
BRA007622	AT3G61650	98.3	0	926
BRA007624	AT3G61660	72	1.2e-66	198
BRA007625	AT3G61670	72.5	0	1008
BRA007629	AT2G25410	53.1	7.53e-160	456
BRA007634	AT3G61870	81.4	5.67e-157	437
BRA007636	AT3G61880	91	0	955
BRA007637	AT3G61890	81.9	2.3e-101	293
BRA007639	AT3G61900	79.4	2.48e-52	160
BRA007640	AT3G61910	80.5	5.77e-198	545
BRA007641	AT3G61920	81	3.13e-105	299
BRA007642	AT3G61930	62.5	5.65e-41	130
BRA007644	AT3G61950	65.3	1.72e-113	330
BRA007646	AT3G61970	83.9	8.68e-156	436
BRA007647	AT3G61980	80.5	3.44e-64	190
BRA007649	AT3G62000	88.7	4.44e-167	466
BRA007651	AT3G62010	94.3	0	2335
BRA007652	AT3G62020	95	6.63e-148	410
BRA007653	AT3G62050	54.5	4.3e-50	157
BRA007655	AT3G62030	89.7	1.02e-162	452
BRA007656	AT3G62040	93.4	6.32e-146	405
BRA007658	AT3G62070	65.4	6.91e-91	267
BRA007659	AT3G62080	84.4	5.05e-247	679
BRA007660	AT3G62090	67.1	3.09e-135	392
BRA007663	AT3G62120	95.9	0	980
BRA007667	AT3G62190	88.6	6.71e-54	163
BRA007668	AT3G62200	69.7	6.03e-315	869
BRA007669	AT3G62260	78.4	1.06e-207	574
BRA007670	AT3G62300	54.3	1.74e-239	680
BRA007673	AT3G62330	78.3	1.14e-252	697
BRA007674	AT3G62340	58.6	2.25e-102	300
BRA007675	AT3G62360	86.3	0	2097
BRA007676	AT3G62390	82.9	1.92e-292	796
BRA007679	AT3G62420	88.4	6.94e-83	239
BRA007681	AT3G62450	64.6	7.78e-36	116
BRA007682	AT3G62470	82.3	1.02e-175	511
BRA007683	AT3G62550	92.6	2.79e-105	297
BRA007684	AT3G62570	76	4.39e-300	823
BRA007685	AT3G62580	91.5	3.06e-145	402
BRA007686	AT3G62590	83.9	0	922
BRA007687	AT3G62600	95.4	1.64e-220	604
BRA007689	AT3G62630	76.1	5.31e-182	509
BRA007690	AT3G62640	69.6	2.78e-51	157
BRA007694	AT3G62690	84.5	7.07e-136	389
BRA007695	AT3G62700	90	0	2637
BRA007696	AT3G62720	93	0	905
BRA007697	AT3G62730	87.1	2.43e-199	548
BRA007699	AT4G27830	78.4	3.66e-305	832
BRA007701	AT3G62790	97.6	8.7e-60	176
BRA007702	AT3G62800	58.5	5.94e-122	354
BRA007704	AT3G62820	81.6	1.08e-100	288
BRA007707	AT3G62860	84.1	1.79e-202	567
BRA007713	AT3G62920	79.5	1.44e-41	130
BRA007714	AT3G62930	92.2	7.8e-65	190
BRA007718	AT3G62960	96.1	2.51e-70	204
BRA007720	AT3G62980	92.6	0	1119
BRA007721	AT3G62990	53.6	3.69e-28	100
BRA007726	AT3G63090	85	3.03e-151	427
BRA007729	AT3G63120	78.3	1.47e-122	346
BRA007731	AT3G63160	77.6	5.69e-28	95.9
BRA007737	AT3G63240	79.1	3.38e-307	841
BRA007738	AT3G63260	88.5	8.61e-256	697
BRA007739	AT3G63350	75.4	3.62e-142	400
BRA007740	AT3G63390	63.6	1.48e-68	206
BRA007741	AT3G63420	83.8	1.37e-46	145
BRA007742	AT3G63430	57.2	1.42e-152	446
BRA007743	AT3G63440	84.1	1.8e-278	763
BRA007745	AT3G63460	87	0	1790
BRA007748	AT2G30390	87.7	1.29e-315	858
BRA007749	AT2G26540	73.3	6.16e-150	422
BRA007750	AT2G26500	85.4	1.2e-67	199
BRA007751	AT2G26490	91.8	1.39e-261	717
BRA007752	AT2G26460	83.1	0	911
BRA007753	AT2G26470	61.5	2.54e-183	517
BRA007755	AT3G53690	82.8	5.34e-84	248
BRA007756	AT2G26420	88.5	0	946
BRA007757	AT2G26350	84.1	1.63e-206	571
BRA007758	AT2G26340	75.4	6.88e-105	303
BRA007759	AT2G26330	93.9	5.66002e-320	907
BRA007761	AT2G26300	94.5	4.71e-263	714
BRA007766	AT2G26250	94.6	0	1031
BRA007767	AT2G26240	92.4	3.5e-54	165
BRA007769	AT2G26070	69	1.68e-144	405
BRA007771	AT2G26060	77.9	1.23e-104	310
BRA007772	AT2G26040	88.3	6.99e-121	339
BRA007775	AT2G25940	85.8	3.81e-307	835
BRA007777	AT2G25770	78.3	7.05e-90	259
BRA007778	AT2G25760	91.2	0	1020
BRA007780	AT2G25690	64.2	1.78e-124	358
BRA007782	AT2G25670	77.6	1.71e-68	215
BRA007784	AT2G25620	84	1.98e-235	645
BRA007785	AT2G25600	83.1	0	1304
BRA007787	AT2G25580	56.6	7.26e-235	661
BRA007788	AT2G25570	86.4	2.14e-181	500
BRA007791	AT1G11290	88.2	0	1458
BRA007794	AT2G25530	91	0	1012
BRA007795	AT2G25520	94.3	1.13e-228	625
BRA007797	AT5G52560	91.5	0	1129
BRA007798	AT2G25460	79.9	1.12e-305	836
BRA007801	AT2G25370	53.6	1.48e-161	470
BRA007804	AT2G25300	89.9	1.08e-225	617
BRA007805	AT2G25290	82.2	0	1182
BRA007807	AT2G25270	82.4	3.53e-315	860
BRA007811	AT2G25200	75.2	5.72e-187	520
BRA007814	AT2G25170	89.3	0	2365
BRA007816	AT2G25140	83	0	1501
BRA007817	AT2G25130	78.6	2.1e-238	659
BRA007819	AT2G25080	86.9	7.41e-143	398
BRA007820	AT2G25070	93.8	9.03e-243	662
BRA007821	AT2G25060	86.2	7.18e-105	298
BRA007822	AT2G25050	79.4	0	1545
BRA007823	AT2G47120	84.1	1.36e-149	419
BRA007826	AT3G63520	86.3	0	927
BRA007827	AT2G24970	85.2	6.62e-86	248
BRA007829	AT2G24840	74.4	8.33e-100	289
BRA007830	AT2G24830	71.1	1.36e-220	616
BRA007831	AT2G24800	86.8	4.23e-204	561
BRA007834	AT2G24762	69.8	2.37e-67	201
BRA007841	AT2G24550	66.3	1.58e-73	223
BRA007843	AT2G24540	82.8	4.06e-204	565
BRA007844	AT2G24500	80	1.68e-225	621
BRA007845	AT2G24520	90	0	1677
BRA007850	AT2G24440	72.4	2.42e-44	145
BRA007852	AT1G59840	80.7	1.29e-142	403
BRA007857	AT2G24370	85.6	0	1222
BRA007858	AT1G80470	60.7	6.94e-162	475
BRA007860	AT2G24360	93.5	2.34e-282	766
BRA007863	AT2G24260	72.2	1.98e-150	426
BRA007870	AT1G69610	68.7	2.03e-281	781
BRA007876	AT1G69710	81.1	0	1633
BRA007883	AT1G69800	91.7	2.42e-252	694
BRA007884	AT1G69810	66.9	6.24e-153	436
BRA007888	AT1G69900	74.3	7.6e-209	578
BRA007891	AT1G69970	72.8	4.32e-36	118
BRA007897	AT1G70120	65.9	8.85e-72	214
BRA007898	AT1G70160	92	0	1013
BRA007901	AT1G70210	83.5	2.92e-185	514
BRA007904	AT1G70260	88.3	4.14e-240	656
BRA007905	AT1G70270	70.9	1.39e-32	108
BRA007911	AT1G70330	83.3	2.69e-248	682
BRA007912	AT1G70410	91.5	3.86e-171	473
BRA007913	AT1G70420	67	1.53e-112	324
BRA007914	AT1G70430	70.1	1.65e-297	821
BRA007915	AT1G70460	86.9	1.24e-312	866
BRA007916	AT1G70470	85.5	4.23e-32	111
BRA007919	AT1G70505	81.8	1.19e-164	463
BRA007920	AT1G70510	79.2	7.83e-174	484
BRA007922	AT1G70540	82.1	8e-84	243
BRA007923	AT1G70550	92.4	5.37e-274	747
BRA007925	AT1G70570	86	0	1028
BRA007929	AT1G70600	92.5	5.41e-95	270
BRA007930	AT1G70620	53.8	1.12e-128	400
BRA007932	AT1G70660	89.9	1.57e-107	303
BRA007937	AT1G70700	72	2.5e-108	313
BRA007939	AT1G70720	75.2	9.71e-95	274
BRA007941	AT1G70760	84.4	3.4e-111	315
BRA007942	AT1G70770	79.9	0	894
BRA007949	AT1G70850	67.6	3.11e-140	395
BRA007950	AT1G70870	78.5	1.14e-74	218
BRA007954	AT1G71010	81	0	2482
BRA007959	AT1G71060	87.3	5.94e-100	310
BRA007960	AT1G71070	91.9	9.48e-279	755
BRA007961	AT1G71100	83.9	1.95e-152	425
BRA007962	AT1G71120	86.2	4.45e-224	614
BRA007966	AT1G71160	86.4	6.14e-289	786
BRA007967	AT1G71180	83.9	3.84e-176	489
BRA007968	AT1G71200	60.3	2.72e-84	251
BRA007970	AT1G71696	86.4	0	875
BRA007972	AT1G71692	92.9	1.98e-140	390
BRA007975	AT1G71450	79.3	2.29e-100	286
BRA007976	AT1G71430	65.3	7.06e-45	146
BRA007977	AT1G71410	89.4	0	1503
BRA007978	AT1G71390	61.6	4.22e-132	412
BRA007989	AT5G41690	53.8	3.63e-152	446
BRA007990	AT1G71870	89.1	0	884
BRA007991	AT1G71880	87	0	872
BRA007994	AT1G71920	88.1	6.34e-256	705
BRA007998	AT1G71950	88.3	8.87e-57	172
BRA008001	AT1G72010	74.1	1.12e-174	490
BRA008005	AT1G72060	80.2	2.47e-47	144
BRA008006	AT1G72100	85.1	9.57e-171	488
BRA008011	AT1G72140	82.3	0	900
BRA008012	AT1G72150	80.3	2.26e-252	703
BRA008013	AT1G72160	83.4	1.9e-284	778
BRA008016	AT1G72200	77	3.75e-218	603
BRA008018	AT1G72220	60.4	1.75e-145	417
BRA008019	AT1G72230	77	1.12e-85	249
BRA008022	AT1G72240	72.3	2.47e-53	164
BRA008027	AT1G72300	80.5	0	1253
BRA008029	AT1G72340	92.5	2.8e-231	634
BRA008030	AT1G72370	85.3	3.28e-184	508
BRA008036	AT1G72510	81.1	5.46e-93	266
BRA008037	AT1G72520	90.5	0	1689
BRA008038	AT1G72540	86.1	7.73e-273	745
BRA008040	AT1G72570	72.5	1.82e-214	595
BRA008041	AT1G72630	93	1.75e-68	201
BRA008045	AT1G72730	95.9	1.16e-292	793
BRA008046	AT1G72750	89.4	5.49e-113	319
BRA008051	AT1G72810	90.9	0	932
BRA008057	AT1G72880	88.3	8.6e-230	630
BRA008060	AT1G72890	66.8	5.89e-201	565
BRA008062	AT1G72980	54.2	1.69e-60	187
BRA008064	AT1G73000	89.4	3.5e-116	328
BRA008065	AT5G39250	86.1	3.76e-165	456
BRA008066	AT1G73010	84.4	1.38e-181	501
BRA008068	AT1G73040	89.2	2.25e-122	342
BRA008070	AT1G73090	79.9	2.28e-193	533
BRA008073	AT1G73140	89.8	1.1e-293	795
BRA008074	AT1G73150	63.2	7.65e-152	436
BRA008077	AT1G73170	85.8	0	1045
BRA008079	AT1G73190	92.9	7.91e-177	487
BRA008086	AT1G73230	93.4	4.07e-102	290
BRA008095	AT1G73380	80.7	3.31e-236	651
BRA008097	AT1G73470	81.7	1.46e-196	544
BRA008101	AT1G73540	78.7	1.86e-104	298
BRA008104	AT1G73580	91.1	2.75e-110	310
BRA008105	AT1G73590	91.7	0	1056
BRA008106	AT1G73650	91.7	7.92e-199	545
BRA008111	AT1G73770	69.8	1.89e-59	186
BRA008112	AT1G73780	72.4	1.61e-53	161
BRA008116	AT1G73930	87.9	0	1082
BRA008117	AT1G73980	87.6	0	1082
BRA008124	AT1G74000	80.8	1.01e-186	517
BRA008126	AT1G74010	85.5	3.56e-198	546
BRA008127	AT1G74020	92.1	4.16e-218	597
BRA008130	AT1G74070	83.3	6.58e-181	501
BRA008131	AT1G74080	74.8	4.1e-166	465
BRA008132	AT1G74100	92.6	3.64e-243	660
BRA008136	AT1G74160	81.8	0	1472
BRA008138	AT1G74190	75.9	4.16e-290	860
BRA008143	AT1G74250	70.3	7.11e-262	733
BRA008152	AT1G74470	95.7	0	878
BRA008154	AT1G74500	95.7	1.17e-55	166
BRA008156	AT1G74520	91	1.99e-115	324
BRA008158	AT1G74630	83.7	0	956
BRA008159	AT1G74640	90.5	2.9e-236	646
BRA008161	AT1G40087	72.4	6.13e-61	192
BRA008162	AT1G74670	89.1	1.35e-69	202
BRA008163	AT1G74690	66.6	2.04e-205	582
BRA008164	AT1G74700	90	9.72e-184	506
BRA008166	AT1G74730	86.7	1.69e-90	263
BRA008174	AT1G75020	85.5	6.5e-235	643
BRA008175	AT1G75030	85.4	7.08e-163	450
BRA008178	AT1G75125	78.8	4.97e-64	188
BRA008179	AT1G75160	94.7	1.71e-279	757
BRA008184	AT1G75220	94.1	0	881
BRA008188	AT1G75270	88.1	7.39e-135	376
BRA008191	AT1G75380	87.7	1.06e-199	549
BRA008201	AT1G75500	94.9	2.88e-268	728
BRA008202	AT1G75510	81.1	1.93e-144	404
BRA008213	AT1G75670	78.7	6.7e-109	309
BRA008214	AT1G75680	88.7	0	959
BRA008222	AT1G75750	87.8	2.67e-61	181
BRA008223	AT1G75790	79.3	6.69e-307	837
BRA008224	AT1G75800	86.4	8.52e-208	570
BRA008226	AT2G26020	87.5	2.38e-49	149
BRA008227	AT1G75840	96.9	1.22e-138	384
BRA008228	AT1G75870	55.5	2.54e-46	148
BRA008229	AT1G75910	73	1.21e-183	510
BRA008230	AT1G75940	84.1	0	969
BRA008235	AT1G76020	77	2.26e-126	356
BRA008236	AT1G76060	86.5	2.09e-88	254
BRA008244	AT4G16550	63.2	3.79e-114	329
BRA008261	AT1G76490	90.4	0	949
BRA008265	AT1G76570	89.3	3.43e-214	586
BRA008267	AT1G76600	74.3	4.14e-88	258
BRA008271	AT1G76680	85.9	6.99e-260	707
BRA008273	AT1G76750	76.6	2.88e-79	231
BRA008274	AT1G76770	77.9	8.2e-78	234
BRA008276	AT1G76780	55.4	9.24e-67	252
BRA008279	AT1G76810	82.8	0	1470
BRA008288	AT3G42640	95.5	0	1786
BRA008291	AT1G77100	82.1	4.74e-188	520
BRA008294	AT1G77140	96	0	1063
BRA008297	AT1G77240	86.1	0	958
BRA008299	AT1G77280	79.3	0	1097
BRA008304	AT1G77360	85.2	8.42e-167	480
BRA008307	AT1G77420	85.6	7.77e-244	666
BRA008309	AT1G77450	83.5	3.16e-155	431
BRA008313	AT1G77520	82.9	4.42e-238	651
BRA008317	AT1G77600	72.8	0	1889
BRA008320	AT1G77630	81.6	1.36e-225	623
BRA008321	AT1G77660	81.2	1.11e-108	326
BRA008322	AT1G77680	74.2	0	1481
BRA008326	AT1G77700	90	9.49e-158	444
BRA008330	AT1G77730	88.3	5.62e-165	456
BRA008331	AT1G77740	90.5	0	997
BRA008334	AT1G77765	69.7	2.1e-67	202
BRA008335	AT1G77770	81.6	4.65e-153	426
BRA008336	AT1G77790	79.5	1.24e-138	397
BRA008338	AT1G77885	73.8	2.11e-33	109
BRA008339	AT2G07806	68.4	1.52e-08	50.1
BRA008341	AT1G78020	77.5	1.06e-77	228
BRA008342	AT1G78050	82.7	6.79e-188	520
BRA008344	AT1G78090	86.5	6.24e-233	638
BRA008347	AT1G78130	92.4	2.96e-310	842
BRA008348	AT1G78140	79.7	2.64e-197	545
BRA008349	AT1G78150	79	3.25e-158	442
BRA008350	AT1G78160	67.2	2.78e-273	758
BRA008352	AT1G78172	69.9	1.31e-18	72.4
BRA008354	AT1G78270	76.8	2.46e-274	751
BRA008370	AT1G78590	88.9	8.28e-187	517
BRA008371	AT1G78600	78.4	3.57e-171	476
BRA008376	AT1G78660	87	1.05e-216	594
BRA008380	AT1G78810	65.4	6.5e-204	572
BRA008387	AT1G78940	81.3	0	1116
BRA008393	AT1G79050	90.3	1.08e-264	723
BRA008401	AT1G79190	82.1	0	2026
BRA008402	AT1G16470	100	1.84e-166	458
BRA008404	AT1G79250	83.3	1.83e-294	812
BRA008405	AT1G79260	88.4	5.53e-101	287
BRA008407	AT1G79330	83.2	1.47e-253	694
BRA008408	AT1G79360	87.3	0	901
BRA008410	AT1G79400	82.1	0	1267
BRA008417	AT1G79540	87.8	5.28e-261	742
BRA008421	AT1G79550	97.8	5.28e-279	756
BRA008425	AT1G79590	94.4	1.09e-144	404
BRA008427	AT1G79620	85.4	0	1547
BRA008429	AT1G80930	88.8	0	951
BRA008432	AT1G80880	85.9	2.09e-202	570
BRA008433	AT1G80870	82.4	0	1019
BRA008434	AT1G80860	91.5	3.14e-114	320
BRA008437	AT1G80830	90.4	0	925
BRA008438	AT1G80820	96.7	3.07e-236	642
BRA008445	AT1G80730	82.3	1.15e-117	333
BRA008448	AT1G80650	65.8	5.21e-75	224
BRA008449	AT1G80640	84.7	8.9e-253	692
BRA008452	AT4G23160	60.7	1.52e-216	653
BRA008459	AT1G66550	51.2	3.27e-76	231
BRA008460	AT1G80580	66.7	4.96e-95	279
BRA008461	AT1G80570	83.1	7.78e-253	696
BRA008462	AT2G26000	87.4	2.99e-303	825
BRA008463	AT1G80560	93.1	4.94e-268	729
BRA008468	AT1G80540	88.5	0	901
BRA008469	AT1G80510	89	3.84e-294	802
BRA008470	AT1G80480	88.2	1.23e-251	691
BRA008475	AT1G80400	77	8.67e-216	597
BRA008477	AT1G80370	77.8	8.22e-236	652
BRA008478	AT1G80360	84.3	3.77e-260	709
BRA008480	AT1G80340	88.9	7.89e-236	643
BRA008481	AT1G80330	81.1	3.61e-216	593
BRA008482	AT1G80320	88.1	2.87e-213	584
BRA008483	AT1G80290	83.5	9.08e-203	558
BRA008484	AT1G80280	80.7	0	972
BRA008485	AT1G80260	82	0	1548
BRA008487	AT1G80200	70.2	6.54e-78	236
BRA008488	AT1G80190	86	1.1e-119	337
BRA008489	AT1G80180	75.4	3.49e-61	183
BRA008491	AT1G80160	91	4.71e-113	319
BRA008492	AT1G80150	76.7	5.86e-118	348
BRA008493	AT1G80140	77.6	1.04e-195	543
BRA008494	AT1G80133	79.7	1.81e-38	122
BRA008495	AT1G80130	66.3	1.51e-127	365
BRA008497	AT1G80120	92.4	4.52e-141	392
BRA008502	AT1G79910	74.4	5.63e-180	504
BRA008505	AT5G63930	89	4.95e-252	742
BRA008506	AT1G64790	89.9	0	4186
BRA008507	AT1G64970	91.8	4.25e-202	556
BRA008509	AT5G61020	63.5	9.16e-152	439
BRA008510	AT2G12190	85.2	5.3e-311	847
BRA008512	AT1G64880	89.3	2.17e-288	789
BRA008513	AT1G64860	82.2	6.59e-280	767
BRA008515	AT4G00240	88.7	0	1568
BRA008516	AT4G00295	80.6	4.67e-276	756
BRA008517	AT4G00300	78.9	1.04e-262	721
BRA008518	AT4G00305	76.4	3.42e-68	201
BRA008519	AT4G00360	93.3	0	1061
BRA008523	AT4G00540	52	6.25e-129	383
BRA008524	AT4G00560	80.2	2.56e-187	518
BRA008528	AT4G00700	81.2	0	1621
BRA008529	AT4G00750	87.4	0	1160
BRA008530	AT4G00755	70.5	5.24e-182	513
BRA008534	AT4G01110	78	5.15e-129	365
BRA008536	AT4G01023	58.3	1.62e-47	157
BRA008540	AT4G01070	83.4	9.03e-300	816
BRA008543	AT4G00895	63.1	4.46e-65	197
BRA008544	AT4G00890	55.1	1.8e-14	76.3
BRA008552	AT4G01500	69.7	8.57e-155	437
BRA008553	AT4G01550	61.2	2.68e-157	452
BRA008554	AT4G01590	67.4	4.56e-59	186
BRA008555	AT4G01730	89	9.18e-293	800
BRA008557	AT4G02120	88.3	0	975
BRA008559	AT4G02150	76.2	1.88e-254	705
BRA008562	AT5G17320	60.1	8.97e-296	825
BRA008565	AT5G17280	63.7	1.43e-44	141
BRA008566	AT5G17270	82.6	0	1375
BRA008568	AT5G17250	85.3	0	1564
BRA008574	AT5G17180	50	6.81e-21	80.5
BRA008577	AT5G17150	67.8	1.88e-68	207
BRA008578	AT5G17140	53.5	1.57e-22	85.1
BRA008579	AT5G17060	97.9	3.14e-139	385
BRA008581	AT5G17000	87.2	1.37e-225	617
BRA008582	AT5G16930	82	0	915
BRA008585	AT5G16880	92.4	4.77e-228	628
BRA008586	AT5G16870	92.4	8.49e-106	299
BRA008587	AT5G16860	86.5	0	1392
BRA008588	AT5G16850	75.8	0	1736
BRA008595	AT5G16780	83.2	0	1010
BRA008599	AT2G03140	70.3	0	2313
BRA008600	AT5G16730	63.4	2.65e-249	716
BRA008601	AT5G16720	70.1	7.52e-273	764
BRA008602	AT5G16715	93.4	0	1821
BRA008604	AT5G16690	79.6	0	1085
BRA008605	AT5G16680	67.7	0	1481
BRA008607	AT5G16650	89.3	9.4e-71	208
BRA008608	AT5G16620	80.2	2.01e-209	585
BRA008609	AT5G16610	59.7	7.55e-250	701
BRA008612	AT5G16570	96.3	2.36e-266	721
BRA008615	AT5G16530	88.1	1.01e-218	600
BRA008616	AT5G16510	93.1	1.01e-247	673
BRA008619	AT5G16490	69.6	7.56e-57	174
BRA008620	AT5G16480	90.3	1.26e-138	385
BRA008624	AT5G16320	61.4	7.86e-177	503
BRA008625	AT5G16300	88	0	1817
BRA008626	AT5G16280	87	0	2189
BRA008627	AT4G11340	50.4	1.68e-66	218
BRA008629	AT5G16260	80.7	1.13e-291	798
BRA008630	AT5G16250	89.1	9.27e-114	320
BRA008632	AT5G16230	91.1	5.36e-268	729
BRA008633	AT5G16220	70.1	6.77e-203	570
BRA008636	AT5G16200	81.1	6.73e-83	241
BRA008645	AT5G16110	79.3	3.37e-88	257
BRA008651	AT5G16080	83.7	7.59e-215	589
BRA008653	AT5G16060	93.5	9.87e-58	172
BRA008654	AT5G16040	91.4	2.98e-253	691
BRA008655	AT5G16030	81.1	1.19e-164	463
BRA008656	AT5G16020	82.5	0	966
BRA008658	AT1G72550	81.1	0	981
BRA008659	AT5G16000	91	0	931
BRA008660	AT5G15980	73.8	0	908
BRA008661	AT5G15970	72.6	2.52e-22	80.5
BRA008662	AT5G15950	90.4	4.07e-242	660
BRA008663	AT5G15900	83.6	3.31e-216	596
BRA008664	AT5G15890	67.7	1.66e-249	689
BRA008667	AT5G15870	86.7	0	1203
BRA008669	AT5G15840	69.8	1e-131	381
BRA008673	AT5G15802	83.3	1.23e-56	169
BRA008674	AT5G15800	90.1	6.57e-164	453
BRA008675	AT5G15790	74.7	1.03e-122	348
BRA008676	AT5G15780	70.1	1.8e-113	335
BRA008677	AT5G15770	83.6	7.97e-90	258
BRA008678	AT5G15760	78.1	2.79e-91	263
BRA008680	AT5G15730	85.6	1.66e-254	698
BRA008683	AT5G15650	96.4	1.13e-272	737
BRA008689	AT5G15580	78	0	1178
BRA008699	AT5G15410	91.5	0	1343
BRA008701	AT5G15390	77.3	9.45e-178	496
BRA008702	AT5G15330	86.4	1.03e-179	501
BRA008705	AT5G15310	85.2	3.05e-200	551
BRA008706	AT5G15300	85.5	2.56e-293	805
BRA008708	AT5G15290	88.8	3.15e-107	304
BRA008710	AT5G15260	83	1.79e-104	300
BRA008711	AT5G15250	86.1	0	1131
BRA008712	AT5G15210	74.3	2.28e-118	339
BRA008716	AT5G15160	95.7	3.46e-53	160
BRA008718	AT5G15140	76.1	1.06e-235	655
BRA008719	AT5G15130	78.2	1e-270	748
BRA008722	AT5G15100	80.9	6.08e-199	550
BRA008723	AT5G15090	77.9	6.6e-157	437
BRA008731	AT5G14930	63.4	3e-210	600
BRA008732	AT5G14890	83.6	3.05e-268	735
BRA008733	AT5G14870	90.7	0	1254
BRA008734	AT5G14860	80.6	4.15e-294	802
BRA008735	AT5G14800	92	6.57e-169	468
BRA008736	AT5G14790	86.2	5.17e-203	560
BRA008737	AT5G14780	91.7	1.16e-262	714
BRA008738	AT5G14770	87.5	1.68e-85	279
BRA008739	AT5G14760	91.5	0	1159
BRA008740	AT5G14750	90.1	5.88e-132	368
BRA008741	AT5G14730	63.5	3.09e-67	207
BRA008742	AT5G14720	85.7	0	1047
BRA008745	AT5G14680	93.7	9.91e-121	337
BRA008747	AT5G14660	85.9	7.96e-165	457
BRA008748	AT5G14650	85.6	6.68e-282	767
BRA008749	AT5G14620	70.9	3.03e-309	851
BRA008750	AT5G14600	90.6	2.61e-208	571
BRA008752	AT5G14550	84.8	1.09e-240	657
BRA008753	AT5G14480	91.2	4.35e-280	758
BRA008756	AT5G14460	85.6	4.29e-307	838
BRA008757	AT5G14450	91	1.43e-270	734
BRA008759	AT5G14410	85.1	1.49e-70	208
BRA008760	AT5G14400	87.1	5.32e-279	759
BRA008761	AT5G14390	90.5	2.64e-231	633
BRA008763	AT5G14370	74.4	2.51e-117	349
BRA008764	AT5G14340	82.2	2.93e-151	422
BRA008765	AT5G14330	77.3	2.79e-28	97.8
BRA008768	AT5G14285	84.8	6.45e-154	430
BRA008771	AT5G14230	84.8	0	1263
BRA008772	AT5G14220	87.5	0	888
BRA008773	AT5G14210	73.8	1.66e-284	799
BRA008774	AT5G14180	87.7	4.32e-268	730
BRA008777	AT5G14110	87.1	4.68e-38	120
BRA008778	AT5G14105	84.2	3.25e-36	116
BRA008779	AT5G14100	89.6	3.46e-180	496
BRA008781	AT5G14080	67.1	8.34e-30	117
BRA008783	AT5G14050	77.8	4.48e-288	791
BRA008785	AT5G14030	84.7	1.24e-105	301
BRA008787	AT5G14010	65.9	4.13e-46	147
BRA008789	AT5G13990	82.6	0	1078
BRA008790	AT5G13970	65.7	1.43e-157	449
BRA008791	AT5G13950	70.7	0	1242
BRA008792	AT5G13930	95.7	3.86e-278	754
BRA008794	AT5G13890	86.2	2.39e-178	494
BRA008795	AT5G13880	72.2	8.88e-75	224
BRA008797	AT5G13850	86.5	1.44e-89	261
BRA008798	AT5G13830	90.3	7.99e-145	402
BRA008801	AT5G13810	80.7	1.41e-144	405
BRA008805	AT5G13750	86.1	1.18e-297	810
BRA008806	AT4G25810	92	2.83e-198	543
BRA008807	AT5G13730	85.1	8.05e-229	630
BRA008808	AT5G13720	84.6	1.27e-145	408
BRA008809	AT5G13680	86.7	0	2214
BRA008811	AT5G13650	96	0	1262
BRA008812	AT5G13640	93	0	1229
BRA008814	AT5G13610	74.9	2.63e-198	553
BRA008815	AT5G13600	78.2	0	893
BRA008816	AT5G13590	52.3	1.78e-313	902
BRA008817	AT5G13580	90.8	0	1243
BRA008818	AT5G13570	84.2	5.79e-181	504
BRA008819	AT5G13560	85.8	0	1065
BRA008820	AT5G13550	91.2	0	1212
BRA008823	AT5G13520	89.6	0	1101
BRA008824	AT5G13510	87.7	4.53e-134	375
BRA008828	AT5G13470	71.5	5.07e-62	188
BRA008831	AT5G13420	92.3	4.32e-281	765
BRA008832	AT5G13390	88.9	0	1906
BRA008834	AT5G13340	84.8	1.64e-43	146
BRA008837	AT5G13310	66.6	9.89e-144	412
BRA008838	AT5G13300	91.1	0	1380
BRA008839	AT5G13290	86.9	4.06e-210	582
BRA008840	AT5G13280	84.3	0	894
BRA008841	AT5G13270	86	0	1313
BRA008842	AT5G13260	70	4.17e-211	596
BRA008843	AT5G13250	73	2.01e-163	462
BRA008844	AT5G13240	94.2	1.27e-154	428
BRA008845	AT5G13230	83.4	0	1302
BRA008846	AT5G13220	65.3	1.63e-82	243
BRA008847	AT5G13210	73.6	0	971
BRA008851	AT5G13160	95.4	1.46e-315	853
BRA008857	AT5G13090	67	4.63e-88	261
BRA008858	AT5G13080	87.2	3.12e-85	245
BRA008859	AT5G13070	96.2	2.23e-130	362
BRA008860	AT5G13060	73.2	1.43e-275	774
BRA008861	AT5G13050	86	3.54e-167	464
BRA008862	AT5G13030	88	0	1122
BRA008863	AT5G13020	85	5.71e-239	655
BRA008870	AT5G12940	81	6.05e-87	267
BRA008872	AT5G12900	81	1.15e-288	793
BRA008873	AT5G12890	80.9	1.03e-285	781
BRA008874	AT5G12880	80.3	7.64e-37	117
BRA008876	AT5G12860	99	4.02e-207	576
BRA008877	AT5G12850	79.5	0	964
BRA008878	AT5G12840	78.6	4.72e-135	382
BRA008879	AT5G12480	94.2	0	986
BRA008881	AT5G12460	78.5	6.72e-262	719
BRA008887	AT5G12440	73.1	2.36e-301	833
BRA008888	AT5G12430	75.1	0	1590
BRA008892	AT5G12380	89.8	4.08e-201	552
BRA008893	AT5G12370	90.8	0	1389
BRA008894	AT5G12360	74.2	1.9e-94	272
BRA008899	AT5G12320	81.8	1.24e-31	109
BRA008900	AT5G12310	70	2.95e-107	310
BRA008901	AT5G12300	81.7	1.61e-180	504
BRA008902	AT5G12260	81.8	0	1028
BRA008903	AT5G12250	99.5	0	893
BRA008906	AT5G12230	76.6	1.08e-69	212
BRA008907	AT5G12210	91.1	3.01e-148	419
BRA008908	AT5G12200	91.7	0	969
BRA008910	AT5G12180	96	0	1001
BRA008911	AT5G12150	89.4	0	1399
BRA008913	AT5G12130	77.7	3.99e-201	556
BRA008914	AT5G12120	70.4	9.51e-261	727
BRA008915	AT5G12110	87.3	1.85e-128	361
BRA008916	AT5G12100	76.4	1.21e-84	286
BRA008921	AT5G12000	83.9	0	1126
BRA008923	AT5G11960	94.3	1.63e-230	629
BRA008925	AT5G11930	68.9	5.28e-62	186
BRA008926	AT5G11920	77.9	4.73e-307	838
BRA008927	AT5G11910	83.5	1.89e-173	481
BRA008928	AT5G11900	96.5	3.76e-134	373
BRA008929	AT5G11890	80.5	1.24e-136	387
BRA008931	AT5G11880	91.4	0	887
BRA008932	AT5G11870	85.1	2.76e-165	457
BRA008934	AT5G11820	76.1	1.92e-94	271
BRA008936	AT5G11800	91.7	0	969
BRA008937	AT5G11780	65.4	7.97e-225	627
BRA008941	AT5G11730	87.8	6.01e-266	722
BRA008943	AT5G11700	93.2	0	2577
BRA008944	AT5G11660	71.7	2.08e-163	456
BRA008947	AT5G11650	86.7	1.13e-240	659
BRA008948	AT5G11640	91.3	1.08e-167	462
BRA008949	AT5G11630	90.3	2.65e-52	158
BRA008950	AT5G11620	77.4	2.12e-146	410
BRA008951	AT5G11610	80.2	0	872
BRA008953	AT5G11560	90.5	0	1759
BRA008954	AT5G11550	86.9	3.36e-162	453
BRA008956	AT5G11510	75.2	0	1333
BRA008958	AT5G11480	85.7	2.16e-196	541
BRA008960	AT5G11460	59.3	5e-101	298
BRA008961	AT5G11450	83.2	6.18e-168	468
BRA008962	AT5G11440	70.3	1.34e-61	187
BRA008963	AT5G11430	71.9	0	1144
BRA008966	AT5G11390	71.7	2.68e-293	816
BRA008967	AT5G11380	90.3	0	1212
BRA008968	AT5G11350	75.2	0	1048
BRA008969	AT5G11340	90.2	1.95e-108	305
BRA008970	AT5G11330	86.1	6.48e-258	703
BRA008971	AT5G11320	87.6	2.37e-271	738
BRA008972	AT5G11310	83.3	1.29e-146	436
BRA008973	AT5G11300	82.6	3.03e-250	687
BRA008974	AT5G11280	86.2	4.79e-129	361
BRA008975	AT5G11270	70.6	5.63e-126	363
BRA008979	AT5G11240	87.3	0	1037
BRA008985	AT5G11190	87.9	2.89e-108	307
BRA008987	AT5G11150	88.2	1.19e-138	387
BRA008988	AT5G11130	81.5	4.9e-273	756
BRA008991	AT5G11090	78.3	2.82e-95	276
BRA008992	AT1G53530	88.6	1.71e-108	306
BRA008994	AT5G11040	95.5	0	2233
BRA008995	AT5G11030	66.3	3.42e-251	703
BRA008996	AT5G11020	81.2	2.24e-251	689
BRA008997	AT5G11010	80.2	1.2e-217	598
BRA008998	AT5G11000	85.8	4.67e-202	561
BRA008999	AT5G10990	86.5	1.93e-89	256
BRA009000	AT5G10970	69.2	1.91e-121	346
BRA009001	AT5G10960	93.1	4.21e-196	536
BRA009002	AT5G10940	88.1	0	1332
BRA009003	AT5G10930	78.9	4.39e-242	666
BRA009004	AT5G10920	92.7	0	926
BRA009013	AT5G10695	89.4	1.22e-43	134
BRA009015	AT5G10650	73.8	1.43e-243	677
BRA009017	AT5G10625	91.9	5.61e-71	206
BRA009018	AT5G10620	92.9	5.89e-110	311
BRA009019	AT5G10610	84	1.09999e-319	867
BRA009021	AT5G10580	89	1.22e-153	426
BRA009022	AT5G10570	68	8.45e-125	358
BRA009023	AT5G10560	83.4	0	1328
BRA009025	AT5G10520	81.3	2.2e-266	731
BRA009027	AT5G10500	68.7	0	997
BRA009028	AT5G10490	80.6	0	973
BRA009031	AT5G10440	76.4	3.05e-143	404
BRA009032	AT5G10430	77.3	3.14e-10	54.3
BRA009036	AT5G10410	67.4	1.65e-152	432
BRA009037	AT5G10380	50	6.87e-63	200
BRA009041	AT5G10320	63.9	8.41e-161	454
BRA009042	AT5G10310	77.3	8.57e-70	204
BRA009043	AT5G10300	87.1	2.16e-165	457
BRA009045	AT5G10270	83.7	2.69e-305	832
BRA009047	AT5G10250	78.5	5.61e-309	851
BRA009048	AT5G10230	89.9	2.06e-208	571
BRA009049	AT5G10220	90.9	3.57e-210	575
BRA009051	AT5G10200	95.1	0	1212
BRA009055	AT5G10140	85.4	9.68e-102	291
BRA009057	AT5G10100	88.4	3.29e-205	568
BRA009059	AT5G10080	78	2.64e-278	765
BRA009060	AT5G10070	85.4	1.33e-157	439
BRA009064	AT5G10020	83.7	0	1260
BRA009065	AT5G10010	82.2	1.39e-170	484
BRA009066	AT5G10000	87.4	2.95e-57	172
BRA009067	AT5G09995	77.3	3.75e-119	340
BRA009068	AT5G09990	67.4	1.5e-27	95.1
BRA009069	AT5G09976	60.9	9.69e-12	55.5
BRA009070	AT5G09970	89.9	0	966
BRA009071	AT5G09960	89.4	8.39e-71	211
BRA009072	AT5G09930	87.4	0	1064
BRA009076	AT5G09880	77.8	6.47e-232	648
BRA009079	AT5G09840	60.7	0	982
BRA009080	AT5G09830	94.6	2.18e-53	160
BRA009082	AT5G09805	80.4	2.28e-50	154
BRA009087	AT5G05090	77.5	3.56e-136	384
BRA009089	AT5G05130	84.6	0	1367
BRA009090	AT5G05140	78.8	6.74e-219	607
BRA009091	AT5G05160	85	0	913
BRA009093	AT5G05190	64.8	1.42e-230	650
BRA009095	AT4G15570	85.4	0	1373
BRA009096	AT5G05220	75.9	4.37e-63	190
BRA009097	AT5G05230	84	8.66e-189	525
BRA009098	AT5G05240	65.9	2.82e-210	592
BRA009099	AT5G05250	79.6	5.36e-131	368
BRA009101	AT5G05270	93.7	7.7e-136	378
BRA009102	AT5G05290	87.5	1.44e-173	478
BRA009103	AT5G05310	90.7	8.09e-293	800
BRA009104	AT5G05330	71.9	1.36e-87	256
BRA009106	AT5G05350	74.5	9.28e-245	676
BRA009107	AT5G05360	85.5	1.56e-90	260
BRA009108	AT5G05365	90.9	2.77e-46	142
BRA009110	AT5G05380	90.7	1.22e-122	348
BRA009113	AT5G05440	96.6	3.49e-144	399
BRA009115	AT5G05490	77.2	2.73e-318	874
BRA009116	AT5G05500	86.5	3.66e-116	327
BRA009117	AT5G05510	77.4	3.95e-247	681
BRA009118	AT5G05520	81.6	1.05e-309	845
BRA009119	AT5G05550	67.3	1.71e-95	280
BRA009120	AT5G05570	84.4	0	1855
BRA009121	AT5G05610	88.8	4.98e-160	442
BRA009122	AT5G05630	78.3	4.06e-280	767
BRA009123	AT5G05660	85.3	0	1423
BRA009125	AT5G05680	88.5	0	1406
BRA009127	AT5G05700	72.6	1.06e-312	861
BRA009130	AT5G05730	88.5	0	1071
BRA009134	AT5G05790	84.9	4.6e-170	470
BRA009135	AT5G05800	72.5	3.57e-235	649
BRA009136	AT5G05810	74.9	3.25e-187	525
BRA009139	AT5G05840	93.5	1.62e-305	827
BRA009140	AT5G05850	91.3	5.38e-185	527
BRA009142	AT5G05860	82.6	8.47e-276	753
BRA009143	AT5G05870	81.6	2.62e-271	742
BRA009144	AT5G05880	76.5	3.06e-257	706
BRA009150	AT5G05920	94	1.65e-263	714
BRA009151	AT5G05930	76.7	1.7e-152	429
BRA009152	AT5G05940	84.8	0	979
BRA009153	AT5G05950	90.9	1.98e-109	309
BRA009155	AT5G05970	74.6	0	1065
BRA009156	AT5G05980	84.8	0	930
BRA009157	AT5G05990	80.2	1.57e-131	371
BRA009158	AT5G06050	85.2	0	1213
BRA009161	AT5G06080	78.1	1.3e-98	282
BRA009162	AT5G06090	89.8	0	887
BRA009165	AT3G11510	96.7	4.08e-101	286
BRA009166	AT5G06140	93.1	1.63e-252	689
BRA009167	AT5G43610	80.2	4.53e-287	785
BRA009168	AT5G06180	81.6	1.69e-247	677
BRA009170	AT5G06240	90.2	1.73e-99	283
BRA009172	AT5G06260	87.8	1.13e-273	745
BRA009173	AT5G06265	66	2.81e-37	123
BRA009178	AT5G06270	88.6	2.45e-64	191
BRA009181	AT5G06290	90	2.87e-165	458
BRA009182	AT5G06300	98.1	6.16e-151	417
BRA009183	AT5G06310	79.9	2.91e-273	746
BRA009184	AT5G06320	81.8	3.73e-129	363
BRA009186	AT5G06340	86.3	5.38e-142	396
BRA009187	AT5G06350	76.4	0	1310
BRA009190	AT5G06390	90	7.48e-287	781
BRA009191	AT5G06400	73.1	0	918
BRA009194	AT5G06430	81.4	2.84e-108	307
BRA009195	AT5G06440	65.7	4.55e-205	576
BRA009196	AT5G06460	93.1	0	1854
BRA009198	AT5G06480	77.1	2.62e-79	231
BRA009200	AT5G06510	67.5	4.61e-109	315
BRA009203	AT5G06530	92.7	0	1310
BRA009204	AT5G06540	84.9	1.42e-283	782
BRA009205	AT5G06550	83.7	3.2e-290	794
BRA009206	AT5G06560	62.1	6.6e-186	526
BRA009207	AT5G06570	83.3	1.42e-203	560
BRA009208	AT5G06580	87.4	0	968
BRA009209	AT5G06590	73.1	1.03e-152	429
BRA009217	AT5G06690	85.9	4.21e-88	257
BRA009218	AT5G06700	72.5	3e-318	875
BRA009220	AT5G06720	89.3	2.21e-211	580
BRA009221	AT5G06730	85.1	4.9e-205	566
BRA009223	AT5G06740	86	0	1121
BRA009226	AT5G06780	76.7	6.51e-165	461
BRA009227	AT5G06790	76.9	5.19e-87	255
BRA009230	AT5G06810	70.1	7.07e-289	802
BRA009232	AT5G06830	82.7	8.18e-313	854
BRA009234	AT5G06860	83.7	1.14e-140	400
BRA009239	AT5G06930	73.3	0	929
BRA009240	AT5G06940	76.3	4.1e-211	620
BRA009243	AT5G07710	82.7	1.51e-270	741
BRA009247	AT5G07670	72.7	3e-231	641
BRA009248	AT5G07620	80.2	5.01e-202	558
BRA009249	AT5G07590	94.3	0	909
BRA009250	AT5G07580	82.5	3.78e-112	318
BRA009253	AT5G07540	61.8	4.92e-29	112
BRA009256	AT5G07520	53.8	1.02e-31	113
BRA009257	AT5G07500	83	2.98e-159	441
BRA009260	AT5G07470	86.1	1.34e-129	362
BRA009261	AT5G07460	82.8	1.69e-118	335
BRA009262	AT5G07450	82.2	1.6e-121	343
BRA009263	AT5G07440	97.3	8.19e-304	820
BRA009265	AT1G69940	87.3	2.05e-234	640
BRA009266	AT5G07390	83	0	1477
BRA009267	AT5G07380	78.8	0	998
BRA009268	AT5G07370	85.7	1.08e-185	511
BRA009269	AT5G07360	88.5	0	1145
BRA009270	AT5G07330	82.2	1.75e-83	242
BRA009273	AT5G07300	89.6	0	1035
BRA009274	AT5G07290	80.2	0	1367
BRA009277	AT5G07280	71.3	2.35e-218	662
BRA009278	AT5G07270	91.8	0	912
BRA009279	AT5G07250	78.1	2.54e-192	533
BRA009281	AT5G07240	67.7	2.64e-131	382
BRA009282	AT5G07230	73.6	8.99e-40	126
BRA009283	AT5G07220	80.5	9.36e-165	459
BRA009285	AT5G07200	86.3	4.04e-247	674
BRA009286	AT5G07190	71.4	9.11e-92	267
BRA009287	AT5G07180	83.9	4.55e-248	721
BRA009288	AT5G07160	62.9	2.66e-50	157
BRA009290	AT5G07130	92.1	0	942
BRA009291	AT5G07120	80.6	2.07e-298	818
BRA009292	AT5G07080	80.6	3.5e-261	715
BRA009293	AT5G07070	82.2	8.38e-274	748
BRA009296	AT5G07050	87.9	2.26e-243	666
BRA009297	AT5G07040	87.4	2.84e-89	256
BRA009298	AT5G07030	92	3.91e-295	801
BRA009302	AT5G06980	64.6	6.94e-115	332
BRA009303	AT5G06970	91.3	0	1890
BRA009305	AT5G07720	89.1	2.78e-318	860
BRA009308	AT5G07800	92.6	1.19999e-319	864
BRA009309	AT5G07820	58.2	9.87e-135	400
BRA009312	AT5G07990	88.9	0	916
BRA009313	AT5G08000	69.2	1.75e-74	223
BRA009315	AT5G08010	65.4	8.17e-210	593
BRA009316	AT5G08030	89.5	5.05e-250	681
BRA009319	AT5G08100	90.8	3.85e-208	570
BRA009320	AT5G08110	70.6	0	1593
BRA009321	AT5G08120	68.7	6.45e-137	391
BRA009322	AT5G08130	76.5	3.56e-258	715
BRA009323	AT5G08139	54.3	8.75e-122	356
BRA009327	AT5G08180	90.4	2.8e-95	271
BRA009330	AT5G08230	59.2	0	1345
BRA009331	AT5G23140	89.9	7.8e-152	421
BRA009332	AT5G08240	71.1	3.64e-116	333
BRA009334	AT5G08280	92.1	2.66e-251	685
BRA009335	AT5G08290	97.9	1.91e-102	288
BRA009336	AT5G08300	94.2	3.57e-236	644
BRA009337	AT5G08310	81.1	1.15e-135	418
BRA009338	AT5G08330	82.4	5.84e-109	313
BRA009340	AT5G08440	78.4	0	1101
BRA009341	AT5G08460	84.1	1.55e-231	635
BRA009342	AT5G08470	87.5	0	1889
BRA009344	AT5G08500	90.4	0	1088
BRA009345	AT5G08510	88.3	4.18e-200	557
BRA009346	AT5G08520	78.4	2.72e-143	404
BRA009347	AT5G08530	99.3	1.35e-308	835
BRA009348	AT5G08535	58.9	9.95e-37	121
BRA009349	AT5G08540	80.7	2.09e-171	480
BRA009350	AT5G08550	75.5	0	1149
BRA009351	AT5G08560	84.4	0	993
BRA009352	AT5G08570	96.3	0	956
BRA009355	AT5G08610	75.1	0	1112
BRA009356	AT5G08620	87.6	0	956
BRA009357	AT5G08630	80.8	0	1095
BRA009358	AT5G08640	92	5.31e-237	645
BRA009364	AT5G08720	85.3	0	1199
BRA009366	AT5G08740	85.3	4.66e-309	843
BRA009367	AT5G08750	85.4	3.5e-214	590
BRA009368	AT5G08770	80.3	2.74e-138	392
BRA009369	AT5G08780	57.8	8.02e-144	417
BRA009370	AT5G08790	91.2	2.11e-190	522
BRA009371	AT5G09220	90.9	0	890
BRA009372	AT5G09250	93.2	2.69e-54	164
BRA009374	AT5G09270	90.8	2.32e-62	185
BRA009375	AT5G09280	94	2.48e-179	499
BRA009377	AT5G09315	82.4	5.82e-131	370
BRA009378	AT3G19770	76.1	4.28e-255	706
BRA009380	AT5G09380	76.7	1.29e-132	375
BRA009381	AT5G09390	66.4	4.36e-130	375
BRA009382	AT5G09410	73	0	1348
BRA009383	AT5G09420	85.7	0	938
BRA009385	AT5G09460	67.5	1.67e-116	338
BRA009387	AT5G09480	63.7	4.29e-31	107
BRA009388	AT5G09530	84.3	6.88e-15	72.8
BRA009389	AT5G09540	66.3	1.41e-124	356
BRA009390	AT5G09550	97.5	0	867
BRA009391	AT5G09570	58.1	4.32e-47	149
BRA009392	AT4G32210	73.5	1.28e-95	277
BRA009393	AT5G09620	64.7	1.51e-207	584
BRA009395	AT5G09640	71.8	1.87e-231	639
BRA009399	AT5G09740	96.6	9.48e-299	810
BRA009403	AT5G09790	88.2	7.94e-161	450
BRA009405	AT5G04990	75.6	1.11e-216	615
BRA009409	AT5G04940	83.1	0	1087
BRA009411	AT5G04920	88	1.99e-272	743
BRA009412	AT5G04910	85.7	1.78e-124	350
BRA009413	AT2G26640	93.4	0	950
BRA009414	AT5G04895	93.3	0	2104
BRA009418	AT1G23465	76.4	1.17e-94	271
BRA009420	AT5G04870	90.4	0	961
BRA009421	AT5G04860	76	0	1092
BRA009426	AT5G04840	76.8	4.83e-147	415
BRA009427	AT5G04830	88.7	3.68e-115	323
BRA009428	AT5G04820	79.9	2.49e-131	371
BRA009430	AT5G04810	83.2	1.11e-161	498
BRA009431	AT5G04800	90.1	7.31e-78	226
BRA009434	AT5G04720	78.5	0	1082
BRA009435	AT5G04710	91.9	0	966
BRA009437	AT5G04630	85.4	8.31e-317	861
BRA009438	AT5G04620	90.6	1.9e-286	780
BRA009439	AT5G04610	70.4	7.68e-198	553
BRA009441	AT5G04590	94.4	0	1206
BRA009442	AT5G04560	53.6	0	1708
BRA009444	AT5G04540	83.5	0	1397
BRA009445	AT5G04530	89.8	1.68e-309	839
BRA009447	AT5G04510	92.1	9.04e-314	852
BRA009448	AT5G04500	80.1	0	1287
BRA009450	AT5G04480	88.5	0	1846
BRA009452	AT5G04460	68.3	0	1004
BRA009453	AT5G04440	93	7.19e-160	443
BRA009454	AT5G04430	92.5	2.42e-216	592
BRA009456	AT5G04410	81.1	1.94998e-319	872
BRA009460	AT5G04380	77.4	1.16e-210	583
BRA009461	AT5G04360	86.5	0	1692
BRA009463	AT5G04350	63	5.63e-65	194
BRA009464	AT5G04340	73.1	1.45e-109	314
BRA009465	AT5G04210	58.4	1.65e-42	146
BRA009470	AT5G04290	66.6	0	1159
BRA009471	AT5G04270	87.5	4.09e-179	493
BRA009472	AT5G04260	82.3	1.03e-106	303
BRA009473	AT5G04250	74.3	3.42e-181	504
BRA009474	AT5G04240	70	0	1536
BRA009476	AT5G04220	88.4	0	978
BRA009478	AT5G04190	70.7	4.71e-172	486
BRA009479	AT5G04180	79.4	3.13e-158	441
BRA009480	AT5G04170	72.5	3.07e-138	397
BRA009481	AT5G04160	97.1	2.81e-203	557
BRA009483	AT5G04140	94.3	0	3063
BRA009485	AT5G04110	60.7	1.23e-215	607
BRA009487	AT5G04080	81.5	2.82e-32	105
BRA009488	AT5G04070	78.9	1.82e-201	557
BRA009489	AT5G04060	86.7	0	1086
BRA009490	AT5G04050	74	0	1048
BRA009491	AT5G04040	89.3	0	1369
BRA009492	AT5G04030	53.8	3.4e-19	73.6
BRA009493	AT5G04020	58	0	1392
BRA009495	AT5G03990	60.9	9.07e-117	339
BRA009496	AT5G03980	72.2	7.23e-173	483
BRA009497	AT5G03970	69.4	5.19e-213	590
BRA009498	AT5G03960	76.5	1.98e-172	486
BRA009499	AT5G03940	90.7	0	937
BRA009500	AT5G03910	84.7	0	945
BRA009504	AT5G03890	77.7	1.09e-85	249
BRA009505	AT5G03880	85.6	7.93e-212	581
BRA009510	AT5G03790	81.9	5.64e-130	365
BRA009511	AT5G03770	85.9	4.77e-277	756
BRA009513	AT5G03740	70.2	1.21e-80	248
BRA009515	AT5G03720	82.4	5.74e-209	578
BRA009516	AT5G03700	83.8	1.77e-302	823
BRA009517	AT5G03690	95.1	9.57e-237	647
BRA009519	AT5G03670	78.4	9.85e-261	719
BRA009520	AT5G03660	88.5	2.19e-80	236
BRA009521	AT5G03650	86.4	0	1469
BRA009522	AT5G03640	80.8	0	1381
BRA009523	AT5G03540	91	0	1158
BRA009524	AT5G03530	95.7	1.11e-141	393
BRA009525	AT5G03510	74.3	2.47e-137	388
BRA009528	AT5G03440	77.6	5.13e-45	140
BRA009529	AT5G03430	93.4	0	915
BRA009530	AT5G03415	78	9.59e-174	509
BRA009535	AT5G03310	85.6	2.83e-64	189
BRA009537	AT5G03290	94.7	3.41e-256	696
BRA009539	AT5G03280	87.7	0	2147
BRA009542	AT5G03240	100	1.71e-159	443
BRA009544	AT5G03220	91.1	2.75e-110	310
BRA009548	AT5G03160	90.3	3.35e-296	807
BRA009549	AT5G03150	89.2	2.59e-295	807
BRA009556	AT5G02970	88.8	0	935
BRA009558	AT5G02910	72.9	6.06e-230	637
BRA009560	AT3G09630	94.3	1.13e-271	738
BRA009561	AT5G02850	86.2	5.66e-192	538
BRA009563	AT5G02830	84.9	0	1154
BRA009564	AT5G02820	96	9.09e-280	761
BRA009565	AT5G02810	80.6	0	1028
BRA009567	AT5G47580	82	0	1110
BRA009568	AT5G02770	61.2	8.03e-31	112
BRA009570	AT5G02750	84.4	1.89e-164	456
BRA009571	AT5G02740	75	8.97e-122	345
BRA009572	AT5G02730	69.9	1.1e-97	281
BRA009574	AT5G02710	85.1	3.38e-106	301
BRA009576	AT5G02620	83.1	1.35e-201	572
BRA009579	AT5G02550	72.4	7.94e-30	100
BRA009580	AT5G02540	94.3	1.75e-228	623
BRA009581	AT5G02530	78	2.76e-125	358
BRA009582	AT1G79730	86.8	2.47e-259	722
BRA009585	AT5G02480	87.2	1.41e-300	820
BRA009586	AT5G02470	93.5	7.14e-169	469
BRA009589	AT3G45100	92.8	1.94e-295	801
BRA009590	AT5G02420	77.6	9.01e-57	171
BRA009593	AT5G02400	78.2	0	932
BRA009594	AT5G02390	72.5	0	1016
BRA009597	AT5G02320	72.8	6.77e-254	704
BRA009598	AT5G02310	80.3	0	3131
BRA009599	AT5G02290	88.5	2.27e-251	686
BRA009600	AT5G02280	97.9	1.77e-102	288
BRA009601	AT5G02270	88	6.68e-221	604
BRA009602	AT5G02260	89.5	8.02e-177	486
BRA009603	AT5G02250	89.4	0	1404
BRA009604	AT5G02240	93.3	1.44e-172	475
BRA009606	AT5G02220	77.5	4.45e-35	113
BRA009607	AT5G02200	64.2	3.81e-51	163
BRA009608	AT5G02180	83.8	1.83e-317	866
BRA009609	AT5G02160	85	8.68e-71	207
BRA009615	AT5G02080	85.4	1.33e-192	531
BRA009616	AT5G02070	85.6	0	1139
BRA009618	AT5G02030	86.2	6.61e-299	822
BRA009621	AT5G02010	92.4	0	924
BRA009624	AT5G01060	82.2	7.89e-301	820
BRA009627	AT5G01120	73	4.17e-258	712
BRA009629	AT5G01160	79.5	1.7e-196	544
BRA009631	AT5G01180	84.2	0	926
BRA009636	AT5G01240	92.5	0	918
BRA009638	AT5G01300	85.2	1.14e-106	301
BRA009639	AT5G01310	79.6	0	1071
BRA009640	AT5G01490	81.2	1.57e-236	656
BRA009642	AT5G01660	71.2	9.59e-213	608
BRA009643	AT5G01700	84.5	3.48e-230	630
BRA009644	AT3G08740	85.3	3.47e-117	336
BRA009651	AT2G17320	86.4	5.09e-227	622
BRA009654	AT2G17270	94.8	1.49e-218	596
BRA009662	AT5G66110	95.9	1.91e-84	242
BRA009663	AT5G66070	76.5	8.28e-107	307
BRA009665	AT2G17110	65.8	1.15e-283	795
BRA009666	AT3G58310	65.4	5.86e-117	335
BRA009667	AT5G23280	77.2	2.46e-90	266
BRA009668	AT5G23290	90.7	5.09e-91	260
BRA009670	AT5G23310	93.5	2.94e-186	510
BRA009671	AT5G23340	92.6	3.26e-143	413
BRA009678	AT5G23390	88.7	0	1270
BRA009679	AT5G23395	77.1	1.71e-71	212
BRA009680	AT5G23400	89.1	1.14e-144	430
BRA009683	AT5G23430	79.6	7.06e-318	894
BRA009689	AT5G23490	78.2	0	1013
BRA009690	AT5G23520	76.1	1.57e-228	632
BRA009693	AT5G23540	100	2.13e-222	605
BRA009694	AT5G23550	94.9	8.41e-113	317
BRA009695	AT5G23570	74.1	1.04e-284	789
BRA009697	AT5G23580	91.6	1.03e-312	867
BRA009699	AT5G23650	55.9	1.03e-86	263
BRA009700	AT5G23660	89.1	1.06e-177	491
BRA009701	AT5G23680	52.9	6e-78	236
BRA009702	AT5G23690	84.9	1.78e-318	867
BRA009704	AT5G23710	66.2	4.01e-111	318
BRA009705	AT5G23720	88.6	0	1589
BRA009707	AT5G23750	72.2	1.46e-57	181
BRA009708	AT5G23760	97.4	1.91e-42	136
BRA009709	AT5G23850	85.1	0	957
BRA009710	AT5G23860	99.3	0	903
BRA009711	AT5G23870	88.8	5.71e-285	774
BRA009712	AT5G23880	93.4	0	1387
BRA009713	AT5G23890	77	0	1095
BRA009714	AT5G23910	61.9	1.54e-268	753
BRA009721	AT5G24000	86.7	2.27e-249	685
BRA009722	AT5G24010	87.5	0	945
BRA009723	AT5G24020	98.9	1.32e-120	343
BRA009724	AT5G24030	84	0	1005
BRA009728	AT5G24070	90.9	1.56e-229	626
BRA009730	AT5G24080	89.3	0	1561
BRA009734	AT5G24110	71.1	7e-138	392
BRA009735	AT5G24120	81.4	1.14e-265	732
BRA009736	AT5G24130	87.9	3.41e-193	532
BRA009740	AT5G24170	89.6	1.72e-97	278
BRA009743	AT5G24270	90	1.67e-144	401
BRA009745	AT5G24280	71.3	0	2272
BRA009746	AT5G24290	53.8	2.17e-155	454
BRA009747	AT5G24300	88.6	0	1174
BRA009748	AT5G24310	81.2	1.59e-171	478
BRA009749	AT5G24313	59.7	1.12e-19	74.7
BRA009750	AT5G24314	84	2.34e-88	255
BRA009751	AT5G24320	78.4	0	1029
BRA009752	AT5G24330	81.4	4.95e-204	562
BRA009753	AT5G24350	84.6	0	3972
BRA009754	AT5G24360	75.2	0	1258
BRA009756	AT5G24380	90.8	0	1199
BRA009757	AT5G24390	77.5	3.54e-282	776
BRA009758	AT5G24400	87.6	5.58e-160	446
BRA009759	AT5G24410	75.9	1.17e-145	407
BRA009763	AT5G24420	77	1.84e-144	404
BRA009768	AT5G24470	71.4	1.89e-257	715
BRA009770	AT5G24520	93	1.57e-235	641
BRA009772	AT5G24570	84.5	6.69e-29	97.4
BRA009773	AT5G24580	79.4	5.08e-111	324
BRA009775	AT5G24600	92.3	6.23e-160	442
BRA009777	AT5G24620	78.2	1.07e-194	547
BRA009778	AT5G24630	64.4	1.95e-125	369
BRA009782	AT5G24650	92.4	7.04e-168	464
BRA009783	AT5G24660	90.4	2.53e-48	148
BRA009788	AT5G24680	77.6	1.05e-219	606
BRA009789	AT5G24690	86.1	3.97e-300	820
BRA009791	AT5G24740	79.4	0	5388
BRA009792	AT5G24790	82.9	3.56e-140	392
BRA009795	AT5G24820	75.4	2.27e-213	591
BRA009796	AT5G24830	82.8	1.38e-88	285
BRA009797	AT5G24840	90.1	4.23e-164	453
BRA009799	AT5G24860	92.7	3.85e-73	214
BRA009801	AT5G24880	62.8	7.66e-106	319
BRA009803	AT5G24910	91.5	0	978
BRA009804	AT5G24920	79.1	1.15e-37	122
BRA009805	AT5G24930	84.7	8.18e-168	471
BRA009814	AT5G25080	79.8	1.15e-108	310
BRA009815	AT5G25090	79.9	8.24e-101	288
BRA009823	AT5G25170	94.1	6.43e-150	415
BRA009824	AT5G25190	81.8	1.06e-98	283
BRA009825	AT5G25210	66.3	1.46e-29	107
BRA009827	AT5G25270	77.3	2.42e-299	828
BRA009829	AT5G25280	79.4	8.78e-92	267
BRA009831	AT5G25310	79.6	4.47e-281	768
BRA009832	AT5G25320	89.7	0	890
BRA009833	AT5G25330	84.8	1.22e-223	613
BRA009834	AT5G25340	82.1	2.17e-124	349
BRA009840	AT5G25430	88.4	0	1149
BRA009841	AT5G25460	92.1	5.19e-251	683
BRA009842	AT5G25470	56.7	3.67e-104	303
BRA009843	AT5G25480	85.2	3.75e-238	651
BRA009844	AT5G25490	83.5	1.64e-105	298
BRA009845	AT5G25500	80.2	2.57e-181	509
BRA009846	AT5G25510	87	4.43e-313	851
BRA009849	AT5G25540	59.5	1.07e-49	157
BRA009850	AT5G25550	82.6	2e-129	379
BRA009851	AT5G25570	92.2	1.73e-32	108
BRA009852	AT5G25580	67.8	7.32e-183	514
BRA009853	AT5G25590	75.9	0	975
BRA009854	AT5G25610	84.2	2.49e-209	579
BRA009856	AT5G25620	87.8	1.09e-278	758
BRA009857	AT5G25760	97.4	2.65e-111	312
BRA009858	AT5G25754	91.5	0	941
BRA009859	AT5G25790	69.3	1.05e-190	541
BRA009860	AT5G25800	81.3	0	899
BRA009862	AT5G25810	77	4.33e-96	279
BRA009864	AT5G25830	73.7	2.44e-163	458
BRA009866	AT5G25880	94.6	0	1109
BRA009867	AT5G25890	88.1	2.47e-103	293
BRA009868	AT5G25900	89.1	0	899
BRA009869	AT5G25930	84.4	0	924
BRA009873	AT5G25950	73.6	1.39e-241	664
BRA009874	AT5G25970	84.6	5.44e-244	667
BRA009875	AT5G26010	83.5	3.91e-204	561
BRA009876	AT5G26030	84.5	3.52e-276	754
BRA009877	AT5G26040	90.4	2.88e-227	623
BRA009878	AT5G26050	80	4.95e-97	276
BRA009879	AT5G26060	81.7	2.91e-90	258
BRA009880	AT5G26070	81	1.29e-14	64.3
BRA009883	AT5G26110	93.8	2.57e-148	411
BRA009884	AT5G26160	68.9	0	1186
BRA009886	AT5G26200	86.8	1.4e-207	571
BRA009890	AT5G26230	66.7	5.42e-87	264
BRA009891	AT5G26240	97.1	0	1519
BRA009895	AT5G26280	82.2	9.17e-213	585
BRA009900	AT5G26742	89.4	0	1187
BRA009903	AT3G05936	56.9	6.17e-36	117
BRA009908	AT5G26680	95.9	8.59e-251	686
BRA009909	AT5G26670	93	9.93e-301	813
BRA009912	AT3G05870	97.4	9.71e-63	186
BRA009915	AT5G26600	84.8	1.35e-274	751
BRA009918	AT5G26770	77.4	3.2e-155	439
BRA009919	AT5G26790	67.1	2.52e-28	96.3
BRA009921	AT5G26810	74.9	2.18e-182	506
BRA009925	AT5G26920	62.5	6.05e-227	638
BRA009926	AT5G26930	78.5	8.34e-37	119
BRA009927	AT5G26940	80.3	5.82e-179	496
BRA009928	AT5G26990	86	9.42e-134	374
BRA009929	AT5G27000	80.9	0	1482
BRA009939	AT5G27860	96.6	1.34e-29	106
BRA009941	AT5G27840	96.8	3.63e-229	624
BRA009942	AT5G27820	95.6	7.65e-73	211
BRA009944	AT5G27760	92.7	8.06e-62	182
BRA009945	AT5G27740	96.9	4.61e-247	672
BRA009948	AT5G27680	80.3	0	1268
BRA009950	AT5G27610	63.8	0	1057
BRA009951	AT5G27600	86.3	0	1262
BRA009952	AT5G27540	89.3	0	1167
BRA009953	AT5G27520	90.4	2.23e-196	541
BRA009955	AT5G27440	66.8	5.69e-94	273
BRA009956	AT1G09650	58.4	5.89e-142	407
BRA009963	AT5G27410	92.6	0	1044
BRA009964	AT5G27400	80.9	2.83e-209	577
BRA009965	AT5G27390	69.6	6.15e-127	360
BRA009966	AT5G27395	85.1	3.7e-190	525
BRA009967	AT5G27380	81.1	1.01e-287	787
BRA009969	AT5G27330	62.3	1.61e-139	419
BRA009970	AT5G27320	92.2	5.32e-239	650
BRA009971	AT5G27270	83.1	1.78e-292	842
BRA009976	AT3G05040	79.3	0	1853
BRA009978	AT5G27120	91.5	5.4e-296	811
BRA009979	AT5G27110	76.4	0	928
BRA009980	AT5G27950	85.6	0	1003
BRA009983	AT5G27980	85.5	2.19e-98	282
BRA009986	AT5G28040	78.7	7.66e-191	535
BRA009987	AT5G28050	96.8	1.48e-128	362
BRA009990	AT5G28080	77.6	7.87e-275	752
BRA009991	AT5G28150	90.1	1.96e-189	521
BRA009992	AT5G28210	66.3	1.35e-302	835
BRA009993	AT5G28290	81.3	6.07e-308	842
BRA009994	AT5G28300	76.6	8.34e-262	731
BRA009996	AT5G28470	82.3	0	937
BRA009998	AT5G28500	82.1	1.06e-250	688
BRA010002	AT5G28640	93.8	2.15e-84	248
BRA010004	AT5G28646	72.7	4.6e-86	253
BRA010005	AT5G28650	84.8	6.03e-204	561
BRA010006	AT5G28680	88.5	0	1535
BRA010007	AT5G28690	77.4	1.7e-93	270
BRA010010	AT5G28770	79.3	2.44e-148	419
BRA010011	AT5G28840	97.6	5.93e-278	752
BRA010012	AT5G28900	91.5	0	995
BRA010013	AT3G04470	79.9	0	910
BRA010015	AT5G28910	84.6	0	934
BRA010018	AT5G30510	96.6	1.7e-278	756
BRA010025	AT5G49580	77.9	0	971
BRA010028	AT5G49570	79.1	0	1150
BRA010031	AT5G49530	73	1.4e-313	868
BRA010032	AT5G49520	76	2.17e-177	499
BRA010035	AT5G49450	76.7	4.68e-65	194
BRA010036	AT5G49430	85.6	0	2648
BRA010037	AT5G49400	85.1	1.24e-81	246
BRA010038	AT5G49360	93.5	0	1472
BRA010039	AT5G49350	81.7	3.59e-77	236
BRA010041	AT5G61910	90.2	0	1014
BRA010043	AT5G61920	74.1	3.3e-89	261
BRA010044	AT5G61960	86.3	0	1505
BRA010047	AT5G61990	66	1.18e-84	293
BRA010048	AT5G62000	86.2	0	1459
BRA010049	AT5G62020	73.7	3.03e-128	367
BRA010051	AT5G62030	90.7	6.44e-301	816
BRA010052	AT5G62040	90.4	3.17e-118	331
BRA010053	AT5G62050	82.6	5.21e-241	665
BRA010054	AT5G62065	86.1	1.49e-72	211
BRA010055	AT5G62070	68.5	5.31e-149	427
BRA010060	AT5G62130	90	1.3e-221	607
BRA010062	AT5G62170	76.9	0	904
BRA010065	AT5G62220	83.1	5.34001e-319	868
BRA010067	AT5G62230	85.7	3.51e-235	679
BRA010068	AT5G62240	66.8	3.81e-149	426
BRA010069	AT5G62250	86	3.89e-305	835
BRA010071	AT5G62270	82	1.04e-219	606
BRA010074	AT5G62310	86	0	1892
BRA010075	AT5G62350	84.8	8.8e-115	325
BRA010077	AT5G62380	88.7	1.27e-227	622
BRA010079	AT5G62410	84.6	0	1671
BRA010083	AT5G62440	77.1	2.03e-92	268
BRA010088	AT5G62480	84.5	3.95e-146	407
BRA010089	AT5G62490	82.7	2.52e-99	283
BRA010090	AT5G62500	91.9	6.15e-173	479
BRA010096	AT5G62520	77.7	1.26e-172	480
BRA010097	AT5G62530	93	0	1052
BRA010098	AT5G62550	60.8	7.28e-145	421
BRA010099	AT5G62570	84.3	6.52e-304	828
BRA010100	AT5G62580	79.3	2.5e-295	814
BRA010101	AT5G62600	91.5	0	1744
BRA010106	AT5G62630	87.8	0	1222
BRA010108	AT5G62640	65.5	5.75e-171	493
BRA010109	AT5G62650	85.5	8.15e-307	837
BRA010111	AT5G62680	91.7	0	1095
BRA010114	AT5G62700	99.8	0	900
BRA010117	AT5G62730	88.2	0	946
BRA010120	AT5G62750	91.3	1.92e-24	90.1
BRA010121	AT5G62760	70.1	2.41e-283	786
BRA010122	AT5G62770	65.9	3.34e-106	309
BRA010124	AT5G62810	82.1	1.31e-260	720
BRA010125	AT5G62820	77.6	1.49e-146	412
BRA010126	AT5G62840	87.8	3.14e-183	505
BRA010130	AT5G62900	85.2	1.7e-89	257
BRA010132	AT5G62920	85.8	3.58e-109	309
BRA010135	AT5G62930	91.7	3.34e-172	474
BRA010136	AT5G62940	79.8	7.83e-168	473
BRA010139	AT4G08300	87.3	3.15e-227	623
BRA010143	AT4G08290	85	8.53e-213	586
BRA010152	AT1G32340	79.9	0	1090
BRA010153	AT1G32350	91.5	2.79e-221	603
BRA010162	AT1G32400	90	1.05e-185	510
BRA010164	AT1G32440	92	0	999
BRA010165	AT1G32450	91.1	0	1093
BRA010166	AT1G32460	73.3	2.88e-30	102
BRA010168	AT1G32490	88.9	0	1747
BRA010169	AT1G32500	90.1	8.44e-314	851
BRA010171	AT1G32540	92	1.25e-30	108
BRA010173	AT1G32583	71.1	9.78e-88	254
BRA010177	AT1G32630	56.1	5.3e-24	90.1
BRA010178	AT1G32640	86.2	0	986
BRA010181	AT1G32690	68.3	3.05e-81	239
BRA010182	AT1G32730	69.7	3.41e-135	386
BRA010189	AT1G32900	90.9	0	1109
BRA010193	AT1G33060	69.2	2.07e-289	803
BRA010195	AT1G33400	81.5	0	1244
BRA010196	AT1G33410	54.2	0	1902
BRA010198	AT1G33430	91	1.64e-267	727
BRA010203	AT1G33470	83.9	3.27e-153	428
BRA010204	AT1G33480	55.6	3.34e-83	250
BRA010206	AT1G33500	81.2	8.08e-124	353
BRA010207	AT1G33520	78.8	1.76e-246	678
BRA010209	AT1G33610	81.9	1.48e-183	521
BRA010210	AT1G33760	79.9	4.83e-103	293
BRA010214	AT4G31940	88.1	0	929
BRA010219	AT4G31810	89	7.05e-270	734
BRA010222	AT4G31750	94.9	7.26e-211	577
BRA010223	AT5G24040	57.9	2.41e-155	441
BRA010227	AT4G31700	96	5.81e-166	458
BRA010228	AT4G31610	56.3	8.66e-169	486
BRA010229	AT4G31600	78.9	2.07e-195	541
BRA010236	AT4G31440	61.8	6.24e-147	419
BRA010237	AT4G31430	65.8	1.49e-225	635
BRA010238	AT4G31410	83.6	5.85e-168	468
BRA010239	AT4G31400	78.6	3.76e-166	464
BRA010241	AT4G31370	66.9	4.27e-107	311
BRA010243	AT4G31300	98.7	1.34e-165	456
BRA010244	AT4G18110	50	7e-22	84.7
BRA010246	AT4G31270	62.3	1.32e-117	340
BRA010248	AT4G31160	80	0	2674
BRA010249	AT4G31150	79	7.94e-149	416
BRA010257	AT4G31080	73.2	3.04e-213	592
BRA010260	AT4G30996	93	4.92e-115	323
BRA010264	AT4G30950	91.3	0	873
BRA010266	AT4G30935	71.5	5.62e-209	584
BRA010268	AT4G30890	77.4	4.42e-289	795
BRA010270	AT4G30860	84.1	0	895
BRA010271	AT4G30820	70.4	7.68e-53	166
BRA010272	AT4G30810	87.5	3.69e-318	862
BRA010277	AT4G29760	50	1.5e-81	246
BRA010279	AT4G30640	74.6	3.5e-132	377
BRA010280	AT4G30620	88.7	2.25e-102	291
BRA010281	AT4G30590	73.5	1.31e-94	273
BRA010282	AT4G30550	88.5	4.24e-160	443
BRA010283	AT4G30530	88.8	1.74e-167	462
BRA010284	AT4G30420	86.2	1.46e-226	622
BRA010287	AT4G30410	88.4	1.2e-103	295
BRA010288	AT4G30390	87.9	5.08e-53	160
BRA010293	AT4G30260	90.1	2.5e-170	474
BRA010294	AT4G30240	70.6	9.91e-134	380
BRA010295	AT4G30220	95.5	9.25e-59	174
BRA010296	AT4G30210	92.3	0	1288
BRA010298	AT4G30190	94	0	1778
BRA010303	AT4G30160	91.8	0	1731
BRA010304	AT4G30140	80.9	2.6e-207	571
BRA010307	AT4G30060	89.8	2.98e-285	772
BRA010308	AT4G30010	86.7	1.1e-54	164
BRA010309	AT4G29960	68.4	1.66e-120	346
BRA010312	AT4G29920	84.4	0	1648
BRA010315	AT4G29840	90.9	0	970
BRA010320	AT4G29700	77.8	1.4e-269	737
BRA010322	AT4G29560	74.3	1.52e-259	715
BRA010323	AT4G29540	88.1	5.66e-153	432
BRA010327	AT4G29460	74.7	2.04e-105	300
BRA010329	AT4G29410	90.2	1.82e-87	251
BRA010330	AT4G29360	89	0	894
BRA010332	AT4G29270	69.2	3.53e-128	363
BRA010350	AT4G28750	83.2	1.52e-63	190
BRA010351	AT4G28730	77.5	7.26e-85	247
BRA010355	AT4G28610	66.4	2e-155	444
BRA010359	AT4G28590	78.9	2.12e-172	481
BRA010360	AT4G28550	90.5	6.22e-286	776
BRA010361	AT4G28540	91.6	5.06e-314	852
BRA010368	AT4G28440	87.2	1.33e-89	257
BRA010369	AT4G28390	87.6	5.44e-242	661
BRA010370	AT4G28370	90.1	0	1046
BRA010371	AT4G28365	75.1	1.07e-87	256
BRA010372	AT4G28350	78.9	0	1037
BRA010375	AT4G28310	75.1	2.54e-97	281
BRA010377	AT4G28290	76.3	3.92e-29	98.6
BRA010380	AT4G28260	80.5	5.54e-297	811
BRA010381	AT4G28240	81.4	8.97e-50	151
BRA010382	AT4G28200	70.9	2.36e-316	872
BRA010383	AT4G28140	73.5	2.19e-136	386
BRA010386	AT4G28020	88.3	7.77e-204	561
BRA010389	AT4G27950	67.3	3.26e-138	394
BRA010391	AT4G27900	81.7	2.87e-137	386
BRA010392	AT4G27880	90.8	4.41e-225	613
BRA010398	AT4G27595	73.8	3.73e-124	412
BRA010399	AT4G27530	66.7	3.25e-44	140
BRA010402	AT4G27480	89.6	2.34e-283	769
BRA010404	AT4G27450	96	1.64e-181	497
BRA010411	AT4G27110	83.3	0	1131
BRA010416	AT4G27030	78	7.47e-182	503
BRA010419	AT4G26970	92.9	0	1843
BRA010420	AT4G26965	73.1	1.99e-102	293
BRA010421	AT4G26960	67.7	4.16e-44	140
BRA010422	AT4G26940	91.9	3.44e-280	760
BRA010425	AT4G26840	96.9	1.42e-64	189
BRA010427	AT4G26780	70.5	2.9e-133	381
BRA010428	AT4G26760	85.8	0	897
BRA010431	AT4G26640	80	1.26e-288	793
BRA010437	AT4G26210	93.4	8.32e-83	237
BRA010438	AT5G23790	83.5	2.51e-214	587
BRA010442	AT4G26060	87.7	1.76e-84	243
BRA010447	AT4G25780	81.6	2.35e-125	350
BRA010452	AT4G25680	89.1	4.54e-160	443
BRA010454	AT5G52530	51.2	9.54e-196	585
BRA010459	AT4G25500	85.1	4.27e-164	461
BRA010464	AT4G25450	86.1	0	1140
BRA010466	AT4G25430	53.6	5.1e-124	367
BRA010468	AT4G25350	79.7	0	1142
BRA010472	AT4G25300	77.9	2.48e-209	577
BRA010474	AT4G25140	86.5	1.07e-93	269
BRA010475	AT4G25050	79.5	3.84e-62	187
BRA010477	AT4G25010	85.9	4.13e-163	453
BRA010478	AT4G24990	92.4	8.13e-79	227
BRA010481	AT4G24810	87.2	3.45e-306	832
BRA010482	AT4G24780	91.6	1.22e-287	779
BRA010483	AT4G24770	76.2	1.72e-156	439
BRA010489	AT4G24550	95.4	2.74e-316	855
BRA010490	AT4G24440	99.1	1.73e-72	210
BRA010493	AT4G24290	91.4	0	1117
BRA010499	AT4G24220	87.9	2.77e-268	728
BRA010501	AT4G36110	90.4	5.43e-66	193
BRA010503	AT4G36010	89.1	5.49e-189	520
BRA010507	AT4G35870	91	0	1443
BRA010509	AT4G35810	82.1	6.87e-167	464
BRA010510	AT4G35800	96.3	0	2970
BRA010514	AT4G35785	75.6	7.19e-68	219
BRA010516	AT4G35780	90.7	0	1031
BRA010519	AT4G35750	95.5	1.36e-138	385
BRA010520	AT4G35740	85.6	0	1174
BRA010521	AT4G35733	60.5	1.04e-149	426
BRA010522	AT4G35730	71.7	1.7e-203	569
BRA010523	AT4G35725	78.3	7.23e-09	48.5
BRA010524	AT4G35720	85	2.48e-185	513
BRA010527	AT4G35650	92.9	1.66e-247	674
BRA010528	AT4G35630	90.5	3.35e-286	777
BRA010532	AT4G35480	80.6	1.88e-108	308
BRA010533	AT4G35460	86.1	8.71e-213	586
BRA010535	AT4G35420	87.4	1.92e-207	568
BRA010537	AT4G29305	61.5	1.59e-28	97.1
BRA010538	AT4G23620	85.5	3.13e-159	443
BRA010549	AT4G24120	92.3	0	1231
BRA010550	AT4G36130	97.3	2.53e-189	518
BRA010551	AT4G36140	73	0	1553
BRA010552	AT4G36150	78.1	0	1703
BRA010554	AT1G56360	86.1	1.48e-307	834
BRA010558	AT4G36540	79.8	2.02e-155	436
BRA010559	AT4G36550	67.3	0	891
BRA010561	AT4G36600	66	2.15e-33	129
BRA010563	AT4G36620	80.5	7.04e-93	270
BRA010564	AT1G63810	84.5	0	1779
BRA010566	AT4G36640	86.7	8.22e-190	522
BRA010568	AT4G36680	78.4	1.07e-227	627
BRA010569	AT4G36690	79.6	2.58e-261	725
BRA010570	AT4G36700	78.8	9.96e-240	669
BRA010571	AT4G36720	78.6	4.87e-110	313
BRA010574	AT4G36760	90.7	0	1181
BRA010575	AT4G36800	97.8	1.35e-134	373
BRA010579	AT4G37220	81.3	2.17e-117	331
BRA010580	AT4G37210	76.5	6.26e-205	577
BRA010584	AT4G37080	80.6	5.58e-313	858
BRA010586	AT4G37030	91.7	0	1022
BRA010587	AT4G37020	87.7	6.04e-124	350
BRA010592	AT4G36880	88.2	3.87e-245	669
BRA010594	AT4G37290	77.4	2.61e-39	124
BRA010598	AT4G37410	80	1.47e-299	817
BRA010599	AT4G37440	59.8	4.65e-158	456
BRA010600	AT4G37470	92.3	1.24e-184	507
BRA010601	AT4G37480	84.5	1.1e-315	859
BRA010602	AT4G37580	92.3	1.09e-288	781
BRA010603	AT4G37590	85.4	0	940
BRA010604	AT4G37608	59.1	1.89e-22	82.4
BRA010608	AT4G37710	81.9	1.48e-56	171
BRA010613	AT4G37810	80.6	4.32e-69	203
BRA010615	AT4G37830	91.9	3.5e-41	133
BRA010616	AT4G37840	81.8	2.69e-284	778
BRA010619	AT4G37900	73.1	0	1072
BRA010621	AT4G37925	86.8	1.41e-130	366
BRA010622	AT4G37930	97.9	0	1003
BRA010627	AT4G37990	91.9	3.13e-228	624
BRA010628	AT4G38010	78.3	2.69e-239	663
BRA010632	AT4G38060	78.2	1.57e-72	213
BRA010633	AT4G38062	71.5	0	1271
BRA010634	AT4G38065	56.2	4.07e-39	133
BRA010635	AT4G38070	79.2	7.92e-103	297
BRA010636	AT4G38100	73.5	2.55e-83	244
BRA010638	AT1G26290	85.5	1.12e-63	190
BRA010639	AT4G40090	75.4	1.19e-30	107
BRA010640	AT4G40080	83.6	3.39e-222	610
BRA010641	AT4G40070	66.1	1.35e-136	389
BRA010643	AT4G39970	85.1	1.94e-190	525
BRA010647	AT4G39910	97	3.45e-260	706
BRA010648	AT4G39900	84.2	3.72e-132	372
BRA010652	AT4G39850	90.9	0	2372
BRA010654	AT4G39820	80.3	7.83e-228	628
BRA010655	AT4G39810	90.6	1.41e-162	450
BRA010659	AT4G39756	71.4	2.3e-142	405
BRA010661	AT4G39753	59.4	6.28e-162	459
BRA010662	AT4G39740	77.4	3.03e-149	418
BRA010665	AT4G39730	90.9	5.02e-123	343
BRA010667	AT4G39690	76.6	7.85e-304	840
BRA010668	AT4G39680	64.3	7.63e-208	593
BRA010669	AT4G39675	61.9	1.41e-10	51.2
BRA010670	AT4G39670	87.1	1.27e-135	379
BRA010673	AT4G39610	88.8	3.34e-138	389
BRA010681	AT4G39460	90.5	3.89e-205	566
BRA010685	AT4G39390	96.4	3.91e-223	610
BRA010686	AT4G39380	66.4	5.07e-209	590
BRA010687	AT4G39370	71.3	8.54e-242	670
BRA010689	AT2G21790	91.3	0	1523
BRA010690	AT4G39360	54.2	1.48e-29	103
BRA010692	AT4G38280	56.6	4.86e-36	122
BRA010693	AT4G39260	90.2	7.53e-54	167
BRA010694	AT4G39230	89	1.89e-200	550
BRA010695	AT4G39220	94.2	4.27e-132	367
BRA010699	AT4G39180	82.4	4.33e-305	835
BRA010700	AT4G39170	89.6	0	1079
BRA010701	AT4G39160	58.7	1.52e-174	508
BRA010703	AT4G39120	85.8	2.82e-206	569
BRA010704	AT4G39110	92.9	0	1579
BRA010705	AT4G39100	87.8	2.76e-144	406
BRA010712	AT4G39080	93.8	0	1499
BRA010713	AT4G39070	88	4.23e-157	435
BRA010714	AT4G39050	91.5	0	1721
BRA010716	AT4G38980	58.8	4.62e-57	180
BRA010718	AT4G38960	75.2	1.28e-113	322
BRA010720	AT4G38910	81.2	6.4e-129	367
BRA010721	AT4G38905	66.5	4.35e-62	191
BRA010723	AT4G38870	66.3	3.75e-102	302
BRA010725	AT4G38800	86.3	4.42e-162	449
BRA010726	AT4G38790	96.3	8.36e-190	520
BRA010727	AT4G38770	87.9	1.37e-103	315
BRA010728	AT4G38740	93	6.76e-122	340
BRA010729	AT4G38730	92.4	3.46e-212	582
BRA010730	AT4G38710	70.4	4.05e-133	389
BRA010731	AT4G38690	94	1.91e-230	627
BRA010732	AT4G38660	83.9	8.91e-211	580
BRA010733	AT4G38650	83.7	0	954
BRA010734	AT4G38640	86.7	0	915
BRA010735	AT4G38630	92.7	1.44e-231	635
BRA010737	AT4G38600	90.2	0	2962
BRA010739	AT4G38570	95.5	1.26e-150	418
BRA010740	AT4G38550	62.1	2.36e-169	514
BRA010742	AT4G38490	68.8	1.69e-41	134
BRA010743	AT4G38480	79.7	3.3e-244	675
BRA010744	AT4G38470	83.4	0	934
BRA010745	AT4G38380	86.3	1.8e-310	848
BRA010746	AT4G38350	87.4	0	2178
BRA010749	AT3G46100	90.8	3.64e-318	863
BRA010752	AT4G14220	71.8	3.02e-123	357
BRA010753	AT4G14225	66.2	2.98e-56	171
BRA010754	AT4G14230	83.2	2.74e-267	734
BRA010757	AT4G14300	70.3	9.36e-163	462
BRA010758	AT4G14301	75	5.01e-17	71.2
BRA010759	AT4G14310	72.4	0	1187
BRA010762	AT4G14340	86.2	1.11e-268	735
BRA010763	AT4G14350	89.1	0	961
BRA010764	AT1G30480	77.4	4.4e-175	491
BRA010765	AT1G30475	64.3	1.44e-57	178
BRA010767	AT1G30460	84.1	0	961
BRA010772	AT3G28810	59.4	2.24e-130	383
BRA010774	AT1G30380	96.2	4.49e-84	241
BRA010776	AT1G30330	82.1	0	1442
BRA010777	AT1G30320	76.4	2.26e-201	570
BRA010782	AT1G56070	96.4	0	1642
BRA010785	AT1G30250	68.3	4.38e-30	102
BRA010788	AT1G30220	90.9	0	917
BRA010791	AT1G30160	69.1	2.13e-184	514
BRA010793	AT1G30170	77.4	1.7e-216	595
BRA010794	AT1G30135	78	1.54e-57	174
BRA010795	AT1G30130	84.6	1.43e-202	555
BRA010796	AT1G30120	90.1	2.1e-257	702
BRA010803	AT1G30020	87.5	6.34e-42	134
BRA010808	AT1G29820	87.8	0	893
BRA010813	AT1G29770	78.7	3.2e-148	417
BRA010814	AT1G29760	79.5	1.3e-154	441
BRA010818	AT1G29700	85.6	2.02e-214	589
BRA010819	AT1G29690	92.2	0	1056
BRA010820	AT1G29670	86.8	9.87e-235	644
BRA010821	AT1G29660	86.3	2.68e-235	643
BRA010822	ATCG01110	91.2	1.4e-36	125
BRA010823	AT1G29640	76.9	1.09e-63	190
BRA010829	AT5G32440	78.7	4.63e-107	310
BRA010832	AT1G29350	75.4	0	1068
BRA010834	AT1G29340	85.1	0	1063
BRA010835	AT1G29330	95.8	4.71e-150	415
BRA010836	AT1G29320	72.3	1.34e-248	685
BRA010839	AT1G29280	83	7.68e-137	385
BRA010841	AT1G29230	87.4	1.79e-313	854
BRA010842	AT1G29240	67.4	5.61e-229	642
BRA010845	AT1G29195	75	6.37e-87	253
BRA010847	AT1G29170	62.9	0	1075
BRA010848	AT1G29160	88.2	6.09e-106	300
BRA010849	AT1G29150	97.6	2.1e-285	774
BRA010851	AT1G29120	86	8.93e-273	745
BRA010853	AT4G14600	87.6	4.48e-79	229
BRA010854	AT1G28960	91.3	7.66e-152	425
BRA010855	AT1G28815	70.3	1.35e-56	171
BRA010856	AT1G28690	82.1	6.76e-259	715
BRA010857	AT1G28670	83.3	2.43e-245	670
BRA010859	AT1G28560	65.6	2.43e-205	576
BRA010863	AT1G28530	85	0	997
BRA010865	AT1G28510	86.9	5.72e-89	257
BRA010866	AT1G28490	92.2	7.52e-155	429
BRA010876	AT1G28400	65.1	4.91e-125	359
BRA010877	AT1G28395	89.5	1.07e-52	159
BRA010878	AT1G28390	73	6.78e-225	625
BRA010879	AT1G28380	84	0	1028
BRA010880	AT1G28370	69.9	5.59e-68	205
BRA010881	AT1G28360	83.1	1.2e-83	244
BRA010886	AT1G28270	94.5	2.07e-73	213
BRA010890	AT1G28230	85.7	9.16e-215	590
BRA010892	AT1G28210	79.1	3.19e-241	663
BRA010897	AT1G28200	84.2	4.37e-153	426
BRA010899	AT1G28170	75.9	9.55e-182	504
BRA010902	AT1G28120	76.9	1.03e-169	473
BRA010906	AT1G28070	60.6	5.67e-56	174
BRA010908	AT1G28050	70.7	1.03e-154	444
BRA010909	AT1G27980	92.6	0	1000
BRA010911	AT1G27960	66.5	3.69e-232	649
BRA010914	AT1G27910	90.7	0	1318
BRA010915	AT1G27900	91.5	0	1240
BRA010917	AT1G27770	92.6	0	1843
BRA010919	AT1G27752	86.5	0	1275
BRA010921	AT1G27740	88.8	1.67e-157	437
BRA010922	AT1G27730	84.6	3.25e-121	343
BRA010923	AT1G27700	80.3	2.51e-165	460
BRA010924	AT1G27690	95.1	1.12e-304	828
BRA010925	AT1G27660	84.3	1.57e-257	706
BRA010926	AT1G27650	78.5	7.93e-152	426
BRA010927	AT1G27630	87.2	2.56e-201	553
BRA010928	AT1G27620	84.4	4.96e-277	755
BRA010929	AT1G27600	80	4.27e-234	642
BRA010931	AT1G27595	83.6	0	2079
BRA010933	AT1G27510	72.1	5.05e-310	855
BRA010934	AT1G27470	82.4	0	1329
BRA010936	AT1G27460	84.6	0	1138
BRA010937	AT1G27450	70.1	1.01e-116	334
BRA010941	AT1G27435	80.5	4.23e-38	121
BRA010942	AT1G27420	86.1	1.32e-228	624
BRA010945	AT1G23560	80.4	3.03e-184	514
BRA010950	AT1G24300	58.1	0	1313
BRA010953	AT1G27310	95.9	1.44e-83	239
BRA010959	AT1G24310	88.4	9.18e-188	525
BRA010960	AT1G24330	86.2	0	1149
BRA010961	AT1G24350	82.8	5.01e-100	285
BRA010963	AT1G24440	91.7	3.03e-175	481
BRA010967	AT1G24530	79.6	2.64e-217	602
BRA010969	AT1G24580	82.4	6.31e-72	211
BRA010970	AT1G24575	61.2	2.83e-26	92
BRA010971	AT1G24577	72.6	1.35e-28	97.4
BRA010972	AT1G24590	80.5	4.29e-167	465
BRA010973	AT1G24600	79.5	3.01e-33	108
BRA010974	AT1G24620	91.4	1.04e-114	323
BRA010975	AT1G24625	85	7.24e-122	343
BRA010976	AT1G24706	85	0	2828
BRA010977	AT1G24735	69.5	1.66e-130	369
BRA010978	AT1G24764	86.3	1.38e-305	845
BRA010979	AT1G25210	84.3	6.52e-184	509
BRA010980	AT1G25220	85.3	1.33e-167	465
BRA010981	AT1G25250	77.1	9.48e-189	526
BRA010982	AT1G25260	86.4	1.18e-140	392
BRA010984	AT1G25275	89.1	4.03e-36	116
BRA010985	AT1G25280	89.1	1.02e-283	772
BRA010986	AT1G25290	78.5	2.5e-188	522
BRA010988	AT1G25300	58.7	7.34e-85	254
BRA010992	AT1G25360	86.7	0	894
BRA010993	AT1G25330	80.8	9.93e-115	326
BRA010995	AT1G25480	90.5	0	967
BRA010997	AT1G25500	95.7	0	920
BRA011000	AT1G25530	87.5	7.38e-286	776
BRA011001	AT1G25540	86.1	0	1090
BRA011007	AT1G26090	83.3	4.84e-257	705
BRA011008	AT1G26100	88.6	1.43e-140	392
BRA011009	AT1G26110	80.6	1.59e-292	808
BRA011010	AT1G26120	84.3	1.78e-267	733
BRA011011	AT1G26140	75.6	1.03e-61	185
BRA011012	AT1G26160	85.9	4.51e-115	327
BRA011013	AT1G26180	78	1.22e-130	372
BRA011016	AT1G26200	79.8	8.76e-182	503
BRA011017	AT1G26210	73.2	1.52e-46	147
BRA011018	AT1G26220	85.3	8.32e-119	334
BRA011019	AT1G26250	63.8	1.15e-08	56.2
BRA011021	AT1G26310	84.4	3.21e-140	393
BRA011022	AT1G26360	72.5	8.79e-210	584
BRA011026	AT4G28420	82.4	4.59e-278	758
BRA011027	AT4G28430	70.2	2.55e-182	516
BRA011029	AT4G28460	82.2	8.98e-35	112
BRA011031	AT4G28480	84	2.41e-208	573
BRA011033	AT4G28490	84.6	6.4e-239	692
BRA011034	AT4G28500	85.8	4.55e-194	533
BRA011035	AT4G28510	93.7	1.08e-185	511
BRA011036	AT4G28520	80.5	9.12e-276	758
BRA011037	AT4G28530	80.2	5.01e-209	575
BRA011040	AT4G28560	66.9	4.79e-148	428
BRA011041	AT4G28600	87	0	1225
BRA011043	AT4G28630	82.1	0	1055
BRA011045	AT4G28640	78	4.08e-116	333
BRA011046	AT4G28650	94.3	6.95e-317	902
BRA011047	AT4G28660	80.3	3.12e-103	296
BRA011048	AT4G28670	76	0	907
BRA011049	AT4G28680	86.2	0	896
BRA011052	AT4G28703	83.5	8.3e-66	193
BRA011053	AT4G28710	86.9	0	2342
BRA011055	AT4G28720	90.4	3.69e-294	797
BRA011058	AT4G28760	72.5	0	1137
BRA011059	AT4G28770	85.1	8.01e-167	464
BRA011060	AT4G28780	93.7	1.41e-246	671
BRA011063	AT4G28820	68	1.55e-65	198
BRA011065	AT4G28840	75.4	1.92e-82	241
BRA011066	AT4G28850	84.6	1.02e-196	539
BRA011067	AT4G28880	88.8	1e-270	737
BRA011068	AT4G28890	82.1	7.3e-238	654
BRA011069	AT4G28910	84.6	1.54e-235	649
BRA011070	AT4G28940	80.1	2.95e-210	578
BRA011071	AT3G23890	75.5	0	2036
BRA011072	AT4G28950	95.2	1.12e-145	403
BRA011073	AT4G28980	84.9	3.54e-301	819
BRA011074	AT4G28990	59.7	2.37e-138	397
BRA011075	AT4G29000	70.1	1.24e-257	716
BRA011076	AT4G29010	91.1	0	1298
BRA011077	AT4G29020	85.1	4.03e-19	78.2
BRA011078	AT4G29037	76.1	1.93e-72	224
BRA011079	AT4G29040	98.9	3.41e-310	839
BRA011081	AT4G29060	75.8	0	1217
BRA011082	AT4G29080	77.9	1.41e-155	436
BRA011083	AT4G29100	78.7	4e-204	567
BRA011085	AT2G19830	85.4	2.19e-108	309
BRA011087	AT4G29190	82.5	2.6e-221	607
BRA011089	AT4G29220	90.7	1.17e-319	868
BRA011092	AT4G29280	55.1	8.81e-26	90.1
BRA011096	AT4G29310	95.8	3.92e-304	822
BRA011097	AT4G29330	87.6	3.11e-161	447
BRA011098	AT4G29340	96.3	1.32e-96	273
BRA011099	AT2G19760	91.6	3.16e-89	254
BRA011104	AT4G29380	90.6	0	2610
BRA011105	AT4G29400	79.8	5.54e-170	472
BRA011107	AT4G29420	76.5	4.24e-243	669
BRA011109	AT4G29440	57.5	4.23e-293	840
BRA011111	AT4G29450	70.4	0	1186
BRA011113	AT3G04900	63.6	1.12e-79	236
BRA011116	AT4G29480	96.7	1.01e-83	239
BRA011117	AT4G29490	91.5	0	927
BRA011118	AT4G29510	92.6	1.33e-255	696
BRA011119	AT4G29520	83.1	6.76e-164	457
BRA011120	AT4G29530	82.9	1.75e-149	416
BRA011123	AT4G29550	50	3.14e-83	255
BRA011125	AT4G29658	81.5	2.25e-86	251
BRA011126	AT4G29660	95	1.57e-72	210
BRA011127	AT4G29670	86.3	6.17e-116	330
BRA011128	AT4G29680	83.4	9.81e-315	855
BRA011129	AT4G29690	83.2	5.17e-292	794
BRA011132	AT4G29720	82.5	0	877
BRA011136	AT4G29790	84.2	0	1873
BRA011137	AT4G29810	89	1.32e-237	649
BRA011138	AT4G29820	85.1	8.19e-140	389
BRA011139	AT4G29830	98.4	1.96e-174	485
BRA011142	AT4G29860	86.8	3.31e-247	675
BRA011143	AT4G29870	90.8	1.02e-105	299
BRA011153	AT4G29940	76	1.75e-257	736
BRA011154	AT4G29950	69.4	0	1031
BRA011156	AT4G29990	85.6	0	1424
BRA011157	AT4G30000	86.1	0	872
BRA011159	AT2G25680	89	8.9e-271	740
BRA011161	AT4G30030	76.3	1.29e-237	654
BRA011162	AT4G30080	86.5	0	1090
BRA011163	AT4G30090	68.3	5.35e-155	441
BRA011164	AT4G30110	84.8	0	1277
BRA011166	AT4G30130	71.2	0	892
BRA011167	AT4G30150	68.8	0	2536
BRA011171	AT4G30180	83.3	1.41e-74	219
BRA011173	AT4G30200	75	0	952
BRA011177	AT4G30250	88.6	1.42e-305	834
BRA011179	AT4G30270	87.6	6.76e-187	513
BRA011184	AT4G30340	89.9	0	928
BRA011185	AT4G30350	76.1	0	1036
BRA011186	AT4G30360	87.5	0	1253
BRA011187	AT4G30370	70.7	2.6e-78	229
BRA011188	AT4G30380	78.4	8.08e-69	202
BRA011189	AT4G30400	80.5	3.41e-263	722
BRA011193	AT4G30430	71	1.52e-134	380
BRA011194	AT4G30440	98.6	4.33e-315	850
BRA011195	AT4G30450	79.5	9.54e-14	61.6
BRA011196	AT4G30460	91.4	2.15e-11	58.5
BRA011198	AT2G23940	86.1	9.67e-105	299
BRA011204	AT4G30630	57	1.75e-58	183
BRA011208	AT4G30650	93.2	1.12e-42	132
BRA011212	AT4G30700	82.9	0	1302
BRA011221	AT4G30780	77.4	4.95e-300	825
BRA011222	AT4G30790	83.9	0	1797
BRA011225	AT4G30825	74.6	0	927
BRA011226	AT4G30830	59.6	7.98e-114	333
BRA011228	AT4G30850	88.1	1.48e-231	633
BRA011229	AT4G30880	84.8	1.58e-63	187
BRA011231	AT4G30900	88.1	1.73e-213	584
BRA011232	AT4G30920	92.5	0	1021
BRA011236	AT4G30960	95	2.01e-301	816
BRA011237	AT4G30980	86.8	1.09e-99	293
BRA011238	AT4G30993	75.8	7.26e-159	443
BRA011242	AT4G31020	93.5	5.58e-211	575
BRA011243	AT4G31040	88.6	6.29e-257	704
BRA011244	AT4G31050	82.4	7.26e-165	465
BRA011245	AT4G31110	69	0	1000
BRA011248	AT4G31130	93.8	8.84e-127	354
BRA011249	AT4G31140	87.2	1.11e-315	856
BRA011250	AT4G31170	93.2	1.96e-289	784
BRA011251	AT4G31180	79.2	2.64e-289	795
BRA011252	AT4G31200	75.6	1.53e-318	877
BRA011254	AT4G31240	88.4	3.6e-265	721
BRA011255	AT4G31250	77.4	0	918
BRA011256	AT4G31290	96	9.53e-165	453
BRA011259	AT4G31330	90	6.74e-153	424
BRA011260	AT4G31340	78.9	9.99e-181	511
BRA011262	AT4G31350	93.4	3.87e-282	762
BRA011263	AT4G31360	73.5	4.98e-78	230
BRA011267	AT4G31380	91.9	1.36e-73	214
BRA011268	AT4G31390	95.5	0	1139
BRA011270	AT4G31420	75.6	6.67e-217	599
BRA011275	AT4G31460	85.4	1.47e-115	327
BRA011279	AT4G32090	71.8	1.57e-63	189
BRA011281	AT4G31540	88.9	0	1198
BRA011282	AT4G31550	80.7	3.51e-176	490
BRA011284	AT4G31590	96.4	0	1337
BRA011286	AT4G31620	51.1	7.2e-150	434
BRA011288	AT4G31630	63.6	8.48e-188	535
BRA011290	AT4G31670	75.4	0	928
BRA011293	AT4G31720	99.3	1.23e-92	263
BRA011294	AT4G31730	73.5	1.42e-75	222
BRA011298	AT4G31790	91.7	2.7e-189	519
BRA011299	AT4G31800	80.5	1.6e-153	432
BRA011300	AT3G43710	53.4	2.25e-123	360
BRA011301	AT4G31820	85.3	0	905
BRA011302	AT4G31830	94	1.59e-63	187
BRA011303	AT4G31840	85.2	4.5e-100	285
BRA011308	AT4G31890	88.9	5.84e-308	839
BRA011316	AT4G32030	66.5	7.21e-97	283
BRA011317	AT4G32040	86.3	4.31e-223	613
BRA011318	AT4G32050	79.9	0	928
BRA011319	AT4G32060	85.1	1.06e-287	786
BRA011323	AT4G32100	55.3	1.79e-38	125
BRA011324	AT4G32120	91.7	5.24e-231	630
BRA011326	AT4G32160	88.7	0	1191
BRA011328	AT4G32190	68.3	3.15e-180	534
BRA011329	AT4G32260	81.4	2.77e-89	261
BRA011330	AT4G32250	88.9	0	1044
BRA011331	AT4G32270	79.6	2.01e-127	360
BRA011333	AT4G32285	86.4	0	1021
BRA011339	AT4G32340	62.5	5.85e-72	219
BRA011341	AT4G32370	70.8	5.36e-165	465
BRA011344	AT4G32400	83.7	4.08e-223	614
BRA011346	AT4G32420	67	7.73e-136	422
BRA011347	AT4G32430	80.3	0	1230
BRA011348	AT4G32450	73.4	3.61e-226	644
BRA011349	AT4G32460	92.6	2.71e-256	696
BRA011351	AT4G32500	87.7	0	1379
BRA011352	AT2G25610	97.2	8.45e-100	286
BRA011353	AT4G29250	79.7	1.66e-255	702
BRA011354	AT4G32540	88.1	2.54e-269	733
BRA011356	AT4G32560	79.5	2.24e-148	418
BRA011358	AT4G32590	78.4	6.64e-82	239
BRA011359	AT4G32600	82.4	3.02e-242	666
BRA011360	AT4G32605	87.7	6e-143	398
BRA011361	AT4G32610	73.3	4.68e-88	265
BRA011364	AT4G32620	77.2	0	1819
BRA011365	AT4G32630	65.8	3.51e-264	737
BRA011366	AT4G32640	79.7	0	1646
BRA011368	AT4G32660	91.2	1.96e-273	742
BRA011371	AT4G32680	74.1	5.02e-127	362
BRA011372	AT4G32700	85.9	0	3547
BRA011374	AT4G32710	86.1	1.12e-214	605
BRA011375	AT4G32720	80.8	6.08e-233	643
BRA011382	AT4G32780	89.4	2.47e-216	600
BRA011384	AT4G32810	84.3	0	1016
BRA011385	AT4G32820	84.8	0	3075
BRA011386	AT4G32830	93.5	4.17e-201	550
BRA011387	AT4G32840	93.9	0	875
BRA011391	AT4G32870	73.6	1.95e-88	254
BRA011392	AT4G32880	97.2	0	1617
BRA011393	AT4G32890	75.7	9.37e-154	432
BRA011394	AT4G32900	87.6	3.96e-113	320
BRA011395	AT4G32910	89.2	0	1286
BRA011396	AT4G32920	85.3	0	2336
BRA011398	AT4G32940	87.5	0	871
BRA011403	AT4G32980	73.9	5.73e-239	661
BRA011405	AT4G33010	89.9	0	1883
BRA011406	AT4G33020	87.5	3.33e-201	556
BRA011408	AT4G33040	91.6	6.56e-88	252
BRA011409	AT4G33050	85.3	1.98e-297	813
BRA011410	AT4G33060	85.9	1.52e-300	819
BRA011411	AT4G33080	94.8	0	989
BRA011412	AT4G33090	90.3	0	1582
BRA011414	AT4G33110	89	1.53e-241	658
BRA011416	AT4G33130	85.8	1.75e-129	363
BRA011420	AT4G33145	65	1.87e-18	70.5
BRA011422	AT4G33150	88.4	0	1838
BRA011423	AT4G33160	75.8	9.44e-229	634
BRA011424	AT4G33170	80	0	1567
BRA011425	AT4G33180	86.7	1.74e-198	545
BRA011426	AT4G33200	89.2	0	2370
BRA011429	AT4G33240	82.7	0	2761
BRA011430	AT4G33270	94.1	6.04e-319	873
BRA011433	AT4G33330	88.8	0	1096
BRA011434	AT4G33350	85.9	8.4e-156	434
BRA011435	AT4G33390	66.4	7.72e-208	618
BRA011436	AT4G33400	86.7	0	1072
BRA011437	AT4G33410	93.3	1.01e-250	682
BRA011440	AT4G33440	88.4	1.16002e-319	865
BRA011442	AT4G33460	87.2	1.89e-166	461
BRA011443	AT4G33467	69.6	8.19e-43	134
BRA011444	AT4G33470	87.4	2.53e-265	725
BRA011445	AT4G33480	81.9	9.69e-175	487
BRA011446	AT4G33490	92.4	4.45e-293	794
BRA011447	AT4G33495	90.3	1.15e-233	640
BRA011448	AT4G33500	55.6	2.37e-229	659
BRA011449	AT4G33510	94.4	1.37e-317	860
BRA011450	AT4G33520	89.6	0	1576
BRA011451	AT4G33530	89.2	0	1435
BRA011455	AT4G33620	75.1	0	1040
BRA011456	AT4G33625	84.6	4.47e-110	312
BRA011457	AT4G33640	93.9	1.3e-48	151
BRA011458	AT4G33650	89	0	1352
BRA011460	AT4G33666	66.3	3.27e-27	94
BRA011461	AT4G33680	93.4	1.19999e-319	865
BRA011462	AT4G33690	73.5	6.73e-83	248
BRA011463	AT4G33700	93.2	1.94e-272	742
BRA011464	AT4G33720	78.8	9.74e-100	284
BRA011465	AT4G33730	84.9	6.17e-109	307
BRA011467	AT4G33760	87.5	0	1157
BRA011468	AT4G33770	84.3	5.02e-234	642
BRA011469	AT4G33780	80.6	7.23e-97	280
BRA011470	AT4G33790	79.9	1.83e-270	742
BRA011475	AT4G33870	69.3	4.13e-191	534
BRA011478	AT4G33925	92.4	4.64e-87	249
BRA011480	AT4G33945	85.8	5.45e-269	736
BRA011484	AT4G33980	57.1	1.28e-49	160
BRA011485	AT4G34000	72.1	7.29e-190	535
BRA011486	AT4G34020	80.3	2.67e-247	682
BRA011487	AT4G34100	91.4	0	1890
BRA011498	AT4G34140	66.1	3e-206	579
BRA011504	AT3G42050	91.6	4.43e-301	816
BRA011505	AT4G34190	83.3	9.05e-76	221
BRA011507	AT4G34215	84.4	1.57e-162	450
BRA011508	AT4G34220	81.6	0	966
BRA011511	AT4G34240	85.2	0	921
BRA011514	AT4G34260	88.8	0	1452
BRA011516	AT4G34270	84.3	4.44e-185	510
BRA011517	AT3G25580	89	1.93e-126	355
BRA011518	AT4G34280	75	0	1118
BRA011519	AT4G34290	80.6	3.81e-72	212
BRA011520	AT4G34310	88.5	0	2070
BRA011521	AT4G34340	69.4	1.35e-153	435
BRA011522	AT4G34350	91.2	1.47e-317	859
BRA011523	AT4G34360	89	6.56e-159	441
BRA011524	AT4G34370	83.3	0	1005
BRA011530	AT4G34412	93	1.98e-105	298
BRA011531	AT4G34419	89.9	9.45e-81	233
BRA011532	AT4G34420	88.6	9.63e-225	614
BRA011533	AT4G34430	71.3	0	1166
BRA011534	AT4G34440	88.4	5.36e-289	804
BRA011535	AT4G34450	96.8	0	1657
BRA011536	AT4G34460	94.4	9.72e-272	736
BRA011537	AT4G34480	84.3	4.19e-308	839
BRA011538	AT4G34490	90.4	2.11e-303	827
BRA011539	AT4G34500	88.9	2.44e-271	741
BRA011540	AT4G34530	65	9.87e-123	355
BRA011541	AT4G34540	83	1.75e-185	512
BRA011543	AT4G34570	87.2	0	928
BRA011546	AT4G34620	91.2	1.74e-73	213
BRA011547	AT4G34630	55.3	2.55e-59	184
BRA011549	AT4G34650	86.1	1.55e-260	711
BRA011550	AT4G34660	94	2.15e-241	659
BRA011556	AT2G16510	100	2.16e-96	275
BRA011557	AT4G34730	87.5	2.11e-121	342
BRA011558	AT4G34740	89.1	0	975
BRA011559	AT4G34750	77.8	5.56e-79	229
BRA011560	AT4G34760	96.3	3.91e-74	214
BRA011562	AT4G34790	84.3	3.44e-61	181
BRA011563	AT4G34800	96.7	6.18e-60	177
BRA011564	AT4G34810	91.4	1.41e-64	190
BRA011565	AT4G34830	75.8	0	1080
BRA011567	AT4G34860	94	0	1108
BRA011568	AT4G34870	84.2	5.93e-109	307
BRA011570	AT4G34890	92.6	0	2544
BRA011571	AT4G34910	84.1	0	909
BRA011572	AT4G34940	91.5	0	1146
BRA011574	AT4G34960	94.6	1.51e-155	429
BRA011575	AT4G34970	88.7	1.07e-92	264
BRA011576	AT4G34990	80.4	3.35e-162	451
BRA011577	AT4G35010	89	0	1575
BRA011578	AT4G35020	97.5	4.97e-139	385
BRA011581	AT4G35060	94.8	9.96e-108	303
BRA011583	AT4G35080	79.3	8.5e-192	533
BRA011585	AT4G35100	96.4	4.38e-199	544
BRA011588	AT4G35130	74.7	0	1189
BRA011589	AT4G35140	79.5	2.49e-251	696
BRA011590	AT4G35180	76.1	3.27e-264	726
BRA011593	AT4G35220	90.1	9.28e-179	492
BRA011596	AT4G35230	95.3	0	944
BRA011597	AT4G35240	77.1	0	1048
BRA011598	AT5G60620	94.1	4.27e-270	732
BRA011599	AT4G35260	96.2	1.5e-254	692
BRA011600	AT4G35270	80.5	0	1479
BRA011603	AT4G35290	85.2	0	1542
BRA011604	AT4G35300	93.8	0	1339
BRA011605	AT4G35310	86.9	3.97002e-319	870
BRA011606	AT4G35320	77.4	9.55e-72	211
BRA011608	AT4G35350	91.8	4.75e-243	662
BRA011609	AT4G35360	96.2	1.91e-257	699
BRA011611	AT4G35380	90.3	0	2974
BRA011612	AT4G35390	79.9	2.85e-145	410
BRA011615	AT4G35440	85.5	0	1092
BRA011616	AT4G35450	79.7	1.47e-115	338
BRA011619	AT4G35500	89.7	3.05e-294	798
BRA011620	AT4G35510	63.9	1.67e-75	232
BRA011622	AT4G35540	62.6	9.59e-230	640
BRA011623	AT4G35550	74.3	7.3e-127	360
BRA011625	AT4G12735	65.6	3.29e-18	69.7
BRA011626	AT4G35590	69.7	5.65e-142	405
BRA011628	AT4G35610	58.8	1.36e-51	169
BRA011629	AT4G35680	72.3	1.91e-145	410
BRA011630	AT4G35690	81.6	2.25e-149	419
BRA011631	AT4G35700	50.9	1.57e-61	194
BRA011635	AT4G35760	76.7	6.28e-183	511
BRA011636	AT4G35770	81.1	1.9e-101	289
BRA011642	AT4G35830	97.6	0	1771
BRA011643	AT4G35840	81.2	2.04e-130	368
BRA011644	AT4G35850	87.4	4.58e-238	659
BRA011645	AT4G35860	92.9	4.87e-141	392
BRA011646	AT4G35880	88.3	0	900
BRA011649	AT4G35920	90.3	1.17e-271	739
BRA011651	AT4G35950	98	3.24e-139	386
BRA011652	AT4G35980	87.5	3.37e-48	147
BRA011653	AT4G35987	84.9	3.17e-188	519
BRA011656	AT4G36040	88.8	4.08e-99	281
BRA011657	AT4G36050	80.1	0	903
BRA011660	AT4G36090	66.2	1.47e-226	631
BRA011663	AT4G36120	65.8	0	957
BRA011667	AT4G36160	82.8	7.17e-223	612
BRA011668	AT4G36180	89.3	2.75e-277	809
BRA011670	AT4G36210	88.2	0	1114
BRA011673	AT4G36240	71.4	2.84e-111	318
BRA011674	AT4G36250	86.7	4.17e-315	855
BRA011676	AT4G36290	65.9	3.44e-289	826
BRA011677	AT4G36360	94.5	0	1722
BRA011678	AT4G36380	86	8.48e-315	857
BRA011679	AT4G36390	87	0	1084
BRA011680	AT4G36410	95.7	8.71e-115	321
BRA011682	AT4G36440	87.3	2.8e-265	722
BRA011683	AT4G36490	72.4	7.6e-243	684
BRA011685	AT4G36470	82.8	4.43e-216	594
BRA011688	AT4G36520	61.5	1.27e-280	832
BRA011689	AT4G36530	88.4	1.17e-237	650
BRA011692	AT4G36580	87.2	0	933
BRA011694	AT4G36610	84.7	4.12e-192	530
BRA011697	AT3G50690	71.9	7.5e-71	235
BRA011700	AT4G36710	87.2	2.91e-288	796
BRA011701	AT4G36730	87.6	1.28e-164	460
BRA011705	AT4G36770	81.9	1.01e-264	725
BRA011706	AT4G36780	92.1	2.4e-100	295
BRA011707	AT4G36790	90	6.43e-317	860
BRA011709	AT4G36810	85.2	2.6e-209	577
BRA011711	AT4G36850	90.1	9.3e-237	648
BRA011712	AT4G36860	84.9	0	897
BRA011714	AT4G35910	83.5	6.55e-274	748
BRA011715	AT4G37240	71.4	8.42e-77	226
BRA011717	AT4G37235	85	4.6e-81	235
BRA011719	AT4G37200	79.3	1.22e-138	389
BRA011720	AT4G37180	63.2	1.97e-123	358
BRA011722	AT4G37150	76.2	3.37e-143	401
BRA011723	AT4G37130	71.3	1.12e-176	505
BRA011725	AT4G37110	64.7	8.18e-164	465
BRA011726	AT4G37100	81.1	0	1360
BRA011728	AT4G37090	70.2	6.33e-70	210
BRA011730	AT4G37070	85	2.32e-255	697
BRA011733	AT4G37040	90	6.96e-238	648
BRA011734	AT4G37000	82.9	5.41e-179	504
BRA011735	AT4G36990	79.4	5.51e-149	418
BRA011736	AT4G36980	86.9	2.54e-262	727
BRA011737	AT4G36970	72	4.63e-188	528
BRA011739	AT4G36950	77.5	1.64e-185	515
BRA011740	AT4G36930	74.4	1.32e-148	423
BRA011744	AT4G36900	80.2	9.45e-90	261
BRA011745	AT4G36890	75.6	1.73e-278	765
BRA011747	AT4G37250	81.7	0	942
BRA011749	AT4G37260	87.8	3.13e-191	528
BRA011750	AT4G37270	93.6	0	1427
BRA011751	AT4G37280	87.3	4.69e-196	540
BRA011753	AT4G37295	83.9	1.44e-44	138
BRA011754	AT4G37300	81.5	1.35e-94	271
BRA011755	AT4G37310	84.5	2.52e-312	850
BRA011756	AT4G37330	79.5	9.17e-287	785
BRA011758	AT4G37400	89.8	0	915
BRA011760	AT4G37420	78.9	0	949
BRA011762	AT4G37430	85.4	0	878
BRA011763	AT4G37435	50.3	1.11e-44	145
BRA011766	AT4G37445	83.5	6.19e-89	270
BRA011768	AT4G37460	83.7	0	1192
BRA011769	AT4G37490	79.9	6.84e-231	637
BRA011770	AT4G37510	88.7	0	957
BRA011771	AT4G37520	91	4.87e-215	588
BRA011772	AT4G37540	76.8	3.28e-125	354
BRA011774	AT4G37560	91.8	1.59e-318	861
BRA011777	AT4G37650	91.6	3.69e-297	813
BRA011778	AT4G37670	88.8	0	1072
BRA011779	AT4G37680	91.9	2.72e-269	730
BRA011780	AT4G37730	74.1	3.78e-118	339
BRA011781	AT4G37740	68.3	2.64e-215	603
BRA011783	AT4G37760	93	0	924
BRA011784	AT4G37770	91.5	0	868
BRA011785	AT4G37780	73.5	2.67e-157	441
BRA011786	AT4G37790	84.9	1.84e-161	449
BRA011790	AT4G37850	70.9	2.96e-151	427
BRA011791	AT4G37860	53.7	2.1e-77	240
BRA011792	AT4G37870	96.3	0	1298
BRA011793	AT4G37880	77.6	6.83e-223	613
BRA011794	AT4G37910	91.2	0	1172
BRA011795	AT4G37920	88.2	7.63e-261	713
BRA011797	AT4G37940	90.4	1.6e-120	341
BRA011798	AT4G37970	88.4	5.5e-241	657
BRA011799	AT4G37980	83.8	1.78e-225	617
BRA011800	AT4G38000	71.4	3.3e-116	332
BRA011801	AT4G38020	85.1	1.68e-210	578
BRA011802	AT4G38030	81.5	0	1130
BRA011803	AT4G38040	88.2	1.39e-283	769
BRA011804	AT4G38050	82.1	0	1119
BRA011808	AT4G40060	82.5	2.86e-149	419
BRA011810	AT4G40050	86.9	0	1007
BRA011811	AT4G40045	78.6	9.28e-64	192
BRA011812	AT4G40042	88.1	3.21e-48	147
BRA011814	AT4G40020	68	4.51e-167	487
BRA011815	AT4G40010	87.3	6.89e-221	605
BRA011816	AT4G40000	75.8	0	1093
BRA011818	AT4G39990	91.1	2.27e-143	399
BRA011819	AT4G39980	92.8	0	941
BRA011820	AT4G39960	88.7	4.62e-262	721
BRA011822	AT4G39940	89.4	2.48e-193	531
BRA011825	AT4G39880	88.3	3.09e-103	293
BRA011827	AT4G39860	82.8	5.47e-164	458
BRA011828	AT4G39840	72	1.01e-162	466
BRA011830	AT4G39800	95.3	0	961
BRA011831	AT4G39795	69.6	9.43e-47	146
BRA011832	AT4G39790	74.7	3.74e-309	855
BRA011833	AT4G39780	81.2	2.17e-150	421
BRA011835	AT4G39770	90	3.26e-232	634
BRA011838	AT4G39720	68.5	7.33e-96	284
BRA011839	AT4G39710	71.4	1.11e-101	292
BRA011840	AT4G39700	94.3	1.7e-106	300
BRA011843	AT4G39660	90.6	2.31998e-319	865
BRA011844	AT4G39640	88.8	0	1006
BRA011847	AT4G39620	84.1	2.46e-159	463
BRA011851	AT1G61540	54.7	1.81e-134	391
BRA011857	AT4G39540	80.5	3.27e-161	450
BRA011858	AT4G39520	97	1.79e-263	714
BRA011859	AT4G39510	78	1.08e-294	805
BRA011860	AT4G39420	85	0	5244
BRA011862	AT4G39400	88.6	0	1434
BRA011865	AT4G39350	93.4	0	2076
BRA011866	AT4G39340	83.5	3.05e-70	206
BRA011868	AT4G39300	89.4	9.85e-45	140
BRA011870	AT4G39250	87.1	1.96e-49	153
BRA011872	AT4G39150	88.7	3.81e-216	593
BRA011873	AT4G39140	79.4	1.42e-229	634
BRA011874	AT4G39130	63.3	2e-43	140
BRA011877	AT4G39090	91.9	6.35e-254	690
BRA011880	AT4G39030	86.5	0	906
BRA011881	AT4G39010	93.3	0	915
BRA011884	AT4G38970	95.1	8.84e-277	751
BRA011885	AT4G38950	81.3	0	1238
BRA011887	AT4G38890	79.2	0	1063
BRA011888	AT4G38880	87.5	0	884
BRA011889	AT4G38860	96.2	9.32e-72	208
BRA011895	AT4G38700	80.8	1.68e-100	287
BRA011896	AT4G38670	90.1	1.97e-168	469
BRA011898	AT4G38460	79.8	2.56e-176	490
BRA011901	AT4G38210	93	1.83e-179	493
BRA011902	AT4G38220	88.7	2.59e-279	760
BRA011907	AT1G55265	64.7	1.36e-66	199
BRA011908	AT1G55270	84.8	3.93e-275	749
BRA011912	AT1G55325	89.1	0	3227
BRA011916	AT1G55450	89.4	2.9e-210	575
BRA011917	AT1G55460	82.1	2.31e-234	644
BRA011918	AT1G55480	86.6	1.11e-194	537
BRA011919	AT1G55490	97	0	1083
BRA011920	AT1G55520	96.5	2.75e-137	381
BRA011921	AT2G28880	83.1	0	1524
BRA011922	AT2G28870	61.4	3.22e-50	157
BRA011923	AT2G28840	90.4	4.95e-280	764
BRA011925	AT2G28790	86.9	2.24e-169	468
BRA011928	AT2G28760	98.5	7.72e-240	654
BRA011932	AT2G28690	80	1.97e-112	322
BRA011937	AT3G25280	73.9	2.46e-277	762
BRA011939	AT2G28550	82.4	6.7e-263	721
BRA011940	AT2G28540	64.2	0	1159
BRA011943	AT2G28490	72.8	2.71e-258	711
BRA011946	AT2G28470	88	0	1535
BRA011947	AT2G28450	73.6	0	1097
BRA011949	AT2G28430	85.9	3.98e-48	147
BRA011950	AT2G28420	82.8	6.18e-108	306
BRA011951	AT2G28410	74.8	1.7e-56	170
BRA011955	AT2G28350	85.5	0	1171
BRA011959	AT2G28320	90.9	0	1346
BRA011960	AT2G28315	96.5	3.54e-206	567
BRA011961	AT2G28310	94	1.03e-276	749
BRA011963	AT2G28260	89.4	0	1226
BRA011965	AT2G28250	62.1	1.83e-220	615
BRA011967	AT2G28230	82.7	2.35e-134	375
BRA011969	AT2G28210	78.5	5.2e-158	440
BRA011970	AT2G28200	75.2	7.59e-115	332
BRA011973	AT2G28150	76.9	1.45e-245	683
BRA011974	AT2G28140	67.7	8.85e-68	204
BRA011975	AT2G28130	72.8	8.92e-204	570
BRA011976	AT2G28120	91	0	993
BRA011978	AT2G28090	62.9	1.48e-92	271
BRA011981	AT2G28070	93.6	0	1311
BRA011982	AT2G28060	85.2	2.03e-66	195
BRA011984	AT2G28050	58.3	2.46e-16	71.6
BRA011985	AT2G28000	93.7	0	1004
BRA011990	AT2G27950	69.1	0	940
BRA011991	AT2G27940	63.5	5.73e-57	177
BRA011993	AT2G27880	79.9	0	1402
BRA011994	AT2G27830	81.7	2.43e-102	292
BRA011996	AT2G26130	57.5	5.29e-153	437
BRA011997	AT2G27800	76.9	8.41e-182	513
BRA011998	AT2G27790	72	1.68e-110	316
BRA012003	AT2G27730	76.3	4.69e-51	156
BRA012005	AT2G27680	93	6.75e-266	722
BRA012006	AT2G27690	86.3	8.01e-313	850
BRA012008	AT2G27660	54.9	1.5e-107	334
BRA012016	AT2G27470	73.6	4.26e-61	192
BRA012017	AT2G27460	93.3	0	1402
BRA012020	AT2G27430	83.6	2.09e-232	641
BRA012022	AT2G27385	75.5	2.51e-83	242
BRA012024	AT2G27300	80.8	6.76e-187	518
BRA012033	AT2G27130	83.5	1.07e-66	200
BRA012034	AT2G27100	76.6	1.66e-317	880
BRA012035	AT2G27090	79.3	0	1058
BRA012036	AT2G27060	67.5	0	965
BRA012039	AT2G26940	62.2	1.35e-62	197
BRA012040	AT2G26930	75.1	2.99e-192	533
BRA012041	AT2G26890	91	0	4484
BRA012043	AT2G26790	53.9	3.62e-135	420
BRA012044	AT2G26770	89.8	8.05e-299	813
BRA012046	AT2G26710	92.1	0	967
BRA012047	AT2G26695	95.6	2.67e-109	306
BRA012049	AT2G26830	84.9	2.05e-237	649
BRA012052	AT2G26690	82.1	0	919
BRA012053	AT5G51200	89.7	0	3246
BRA012055	AT5G66160	79.4	3.56e-157	439
BRA012056	AT5G66170	79.2	8.82e-70	205
BRA012058	AT5G66210	91.3	0	953
BRA012062	AT5G66360	78.2	1.08e-188	525
BRA012063	AT3G53210	84	8.19e-220	604
BRA012064	AT5G66350	80.5	1.11e-123	353
BRA012065	AT5G66300	79.2	4.02e-171	474
BRA012066	AT5G66290	87.4	1.34e-104	302
BRA012069	AT5G66420	84.9	0	1231
BRA012075	AT5G66490	59.3	1.52e-36	119
BRA012076	AT5G66500	81.4	3.31e-315	859
BRA012077	AT5G66510	82.7	3.42e-131	371
BRA012078	AT5G66520	81	1.38e-229	641
BRA012082	AT5G66560	84.8	0	1056
BRA012085	AT5G66600	82.2	0	942
BRA012087	AT5G66631	82.4	0	1035
BRA012090	AT5G66670	63.2	2.79e-152	435
BRA012091	AT5G66680	95.4	6.98e-300	812
BRA012092	AT5G26310	83.2	2.41e-302	822
BRA012095	AT5G66720	78.4	3.06e-214	593
BRA012096	AT5G66740	95.9	5.55e-265	718
BRA012097	AT5G65650	90.3	3.33e-114	322
BRA012099	AT5G66750	81.7	0	1197
BRA012100	AT5G66760	94	0	1187
BRA012102	AT5G66770	86.9	4.27e-97	291
BRA012104	AT5G66790	77.9	7.84e-260	720
BRA012105	AT5G66800	83.1	1.03e-96	277
BRA012106	AT5G66810	84.1	0	1068
BRA012108	AT5G66820	65.7	4.47e-176	505
BRA012110	AT5G66850	79.9	0	1033
BRA012111	AT5G66860	86.8	7.18e-155	430
BRA012112	AT5G66870	78.9	6.37e-106	312
BRA012113	AT5G66880	94.2	1e-248	676
BRA012119	AT5G66940	78.2	1.34e-123	348
BRA012121	AT5G66980	57.4	7.98e-124	358
BRA012123	AT5G67010	72.6	3.18e-72	213
BRA012126	AT5G67020	79.3	8.3e-225	619
BRA012127	AT5G67030	88.7	0	1169
BRA012131	AT5G67080	78.5	1.51e-197	546
BRA012132	AT5G67100	90.2	0	2185
BRA012133	AT5G67110	74.1	2.13e-94	274
BRA012135	AT5G67130	87.4	9.14e-283	768
BRA012136	AT5G67140	93	2.8e-135	379
BRA012137	AT5G67150	79.3	5.27e-256	702
BRA012138	AT5G67160	73	6.3e-226	625
BRA012139	AT5G67180	74.9	1.17e-181	506
BRA012141	AT5G67200	83.2	0	975
BRA012143	AT5G67210	89.2	1.92e-197	543
BRA012144	AT5G67220	88.3	1.64e-262	716
BRA012145	AT5G67230	76.6	1.4e-257	709
BRA012146	AT5G67260	75	1.77e-175	493
BRA012147	AT5G67270	90.7	1.71e-146	417
BRA012148	AT5G67280	86.8	0	1038
BRA012149	AT5G67300	84.6	3.32e-181	501
BRA012150	AT5G67310	69.8	1.92e-247	685
BRA012153	AT2G23000	80.7	3.09e-274	748
BRA012154	AT5G67330	95.1	0	930
BRA012156	AT5G67350	80	6.64e-88	264
BRA012157	AT5G67360	88.9	0	1313
BRA012158	AT5G67385	88.6	0	969
BRA012162	AT5G67390	76.8	1.85e-67	202
BRA012164	AT5G67420	86.4	5.2e-150	418
BRA012165	AT5G67430	82.1	3.26e-232	637
BRA012166	AT5G67440	79.4	1.05e-297	818
BRA012168	AT2G19180	72.5	9.87e-82	239
BRA012171	AT2G19210	77.4	0	1315
BRA012176	AT2G48020	93.6	8.05e-309	837
BRA012179	AT2G19360	57.5	4.11e-174	492
BRA012182	AT2G19460	82.1	5.55e-60	181
BRA012190	AT1G19850	85.5	0	1458
BRA012191	AT1G19880	89.4	2.05e-306	837
BRA012198	AT1G19940	88.6	0	917
BRA012199	AT1G19960	73	6.45e-14	59.7
BRA012203	AT1G20020	91.3	6.46e-245	667
BRA012204	AT1G20050	81.5	1.01e-129	364
BRA012205	AT1G20060	63.3	0	998
BRA012206	AT3G25940	89.9	5.92e-77	222
BRA012207	AT1G20070	77.9	3.35e-98	282
BRA012211	AT1G20120	76.3	1.95e-212	589
BRA012212	AT1G20135	77.9	6.56e-175	505
BRA012218	AT1G20190	94.4	4.33e-178	489
BRA012229	AT1G20430	94.8	8.86e-73	211
BRA012230	AT1G20450	62.6	1.14e-42	144
BRA012232	AT1G20500	83	0	885
BRA012235	AT1G20575	96.4	1.19e-170	469
BRA012237	AT1G76340	79.6	1.04e-190	530
BRA012239	AT1G20630	94.1	0	994
BRA012247	AT1G20760	80.2	0	1429
BRA012248	AT1G20770	82.7	2.26e-117	332
BRA012249	AT1G20780	87	0	1326
BRA012253	AT1G20870	68.9	1.28e-212	593
BRA012258	AT1G20930	94.9	3.27e-223	608
BRA012260	AT1G20960	90.4	0	3846
BRA012261	AT1G20990	82.7	9.58e-171	476
BRA012271	AT1G21140	89.5	4.62e-120	338
BRA012272	AT1G21210	71.1	0	1051
BRA012273	AT1G21270	74	0	1079
BRA012275	AT1G21320	77	6.25e-106	312
BRA012280	AT1G21450	75.9	2.06e-304	835
BRA012283	AT1G21520	64.6	1.04e-16	65.9
BRA012287	AT1G21528	65.3	6.46e-22	79.7
BRA012288	AT1G21630	74.6	0	1430
BRA012290	AT1G21660	63.6	2.18e-196	557
BRA012296	AT1G21840	86.6	5.04e-145	404
BRA012297	AT1G21890	85.3	3.37e-207	573
BRA012304	AT1G22040	71.1	3.85e-233	646
BRA012306	AT1G22110	70.3	1.48e-121	348
BRA012308	AT1G22130	84.9	6.74e-196	541
BRA012309	AT1G22160	75	4.6e-72	213
BRA012310	AT1G22170	81.7	2.51e-191	530
BRA012311	AT1G22180	85.5	1.31e-187	518
BRA012312	AT1G22200	92.9	4.28e-274	743
BRA012315	AT1G22230	63.4	1.09e-116	337
BRA012318	AT1G22270	87.2	3.78e-78	226
BRA012322	AT1G22380	80.1	1.06e-293	801
BRA012324	AT1G22400	80.5	6.36e-302	822
BRA012328	AT1G34792	50	1.21e-14	63.5
BRA012337	AT1G22640	77.5	7.38e-143	401
BRA012340	AT1G22710	94.7	0	983
BRA012342	AT1G32870	64.6	2.12e-217	612
BRA012345	AT1G22810	84.2	6.49e-78	227
BRA012349	AT1G22880	92.5	0	912
BRA012355	AT1G23030	83.1	2.97e-252	705
BRA012357	AT1G23060	55.6	9.1e-87	265
BRA012358	AT1G23080	85.5	0	954
BRA012359	AT1G23090	94.6	0	1138
BRA012360	AT1G23110	90.5	1.67e-152	431
BRA012363	AT1G23130	63.8	1.86e-70	209
BRA012366	AT1G23205	80.9	2.06e-115	327
BRA012367	AT1G23220	92.3	9.85e-81	233
BRA012369	AT1G23240	66.1	3.07e-86	253
BRA012372	AT1G23350	77.9	3.12e-79	231
BRA012373	AT1G23420	89.4	1.76e-136	383
BRA012374	AT1G23440	90.4	2.91e-141	393
BRA012380	AT1G23550	67.1	7.22e-137	390
BRA012381	AT1G23645	67.6	5.44e-106	304
BRA012382	AT2G27670	60.1	1.19e-126	363
BRA012384	AT1G23730	89.1	4.26e-172	474
BRA012387	AT1G23780	62.2	2.98e-183	520
BRA012390	AT1G23830	60.5	1.25e-130	377
BRA012392	AT1G23950	51.4	5.44e-104	308
BRA012397	AT1G24020	88.5	3.98e-70	206
BRA012415	AT1G24050	89.4	4.87e-113	319
BRA012416	AT1G24070	85.2	0	927
BRA012417	AT1G24170	88.2	2.32e-250	683
BRA012418	AT1G24180	91.1	9.59e-265	720
BRA012421	AT1G27150	86.4	3.28e-298	811
BRA012429	AT1G27080	76.6	0	884
BRA012430	AT1G27050	74.4	3.8e-89	259
BRA012433	AT1G27030	89	2.8e-203	557
BRA012437	AT1G26850	95.9	0	1245
BRA012439	AT1G26820	91.9	9.2e-165	452
BRA012440	AT1G26810	89.3	0	1185
BRA012441	AT1G26800	82.2	3.88e-82	240
BRA012443	AT1G26750	79	8.01e-104	296
BRA012444	AT1G26740	84.8	1.82e-80	233
BRA012446	AT1G26670	90.1	7.41e-130	364
BRA012449	AT1G26620	68.8	0	1060
BRA012458	AT1G26450	62.2	1.39e-58	182
BRA012462	AT1G26230	91.1	0	1048
BRA012464	AT1G26190	92.9	0	1181
BRA012465	AT1G26170	80.6	0	1566
BRA012467	AT5G05060	65.7	7.65e-56	172
BRA012469	AT1G26130	84.7	0	1936
BRA012471	AT1G25550	62	2.99e-109	321
BRA012473	AT1G25510	86.9	6.11e-300	816
BRA012474	AT1G25490	91	3.06e-119	365
BRA012475	AT1G25440	80.7	4.01e-229	631
BRA012477	AT1G25422	87.9	1.39e-32	109
BRA012478	AT1G25420	82.4	1.96e-175	488
BRA012479	AT1G25400	75.6	2.23e-131	374
BRA012480	AT1G25390	77.6	0	965
BRA012482	AT1G25340	75.3	1.37e-145	410
BRA012492	AT1G25230	85.9	1.53e-202	564
BRA012495	AT1G24650	67.7	0	1038
BRA012502	AT4G30070	50.9	1.15e-42	140
BRA012505	AT1G24520	70	2.39e-37	122
BRA012506	AT1G24510	98.5	0	1026
BRA012507	AT1G24490	82.5	1.75e-271	746
BRA012508	AT2G26430	87.6	2.71e-214	594
BRA012509	AT1G24485	76.3	9.49e-183	521
BRA012510	AT1G24480	84.9	6.89e-146	406
BRA012516	AT4G20150	97.5	2.76e-53	159
BRA012519	AT4G20070	87.7	1.9e-310	847
BRA012521	AT4G20040	85.9	2.1e-283	773
BRA012523	AT4G20010	73.2	8.39e-194	538
BRA012524	AT4G19975	90.1	1.51e-233	638
BRA012530	AT4G19880	87.4	1.55e-250	682
BRA012532	AT4G19700	75.9	1.62e-151	426
BRA012537	AT4G19930	58.9	1.06e-156	449
BRA012539	AT4G19490	87.3	0	1674
BRA012540	AT4G19500	53.1	9.44e-258	770
BRA012541	AT4G19510	54.8	0	1132
BRA012543	AT4G19450	92.6	0	1023
BRA012548	AT4G19380	83.5	0	1271
BRA012551	AT4G19230	90.6	3.29e-306	832
BRA012552	AT4G19220	73.6	0	1345
BRA012560	AT4G18980	69.1	3.5e-41	131
BRA012563	AT4G18970	91.1	4.42e-249	679
BRA012567	AT4G18910	87.9	4.16e-182	503
BRA012571	AT4G18880	79.6	1.11e-208	578
BRA012573	AT3G62850	52	1.37e-159	459
BRA012577	AT4G18790	89.8	0	895
BRA012578	AT4G18780	94.3	0	1831
BRA012580	AT5G45775	99.5	1.7e-129	360
BRA012588	AT4G18540	74.9	6.54e-273	752
BRA012591	AT4G18520	96.1	3.39e-283	776
BRA012594	AT4G18490	67.3	0	911
BRA012597	AT4G18430	96.8	1.92e-150	416
BRA012600	AT4G18390	80.3	2.47e-173	487
BRA012601	AT4G18372	87.2	1.44e-63	188
BRA012602	AT4G18360	98.1	3.42e-256	696
BRA012606	AT4G18270	78.5	1.16e-248	685
BRA012607	AT4G18260	80.8	1.87e-160	447
BRA012612	AT4G18230	85.5	3.14e-139	389
BRA012613	AT4G18180	85.9	1.88e-254	711
BRA012614	AT4G18170	83.5	3.71e-176	489
BRA012617	AT2G07680	84.6	0	2338
BRA012618	AT2G22650	84.5	6.82e-261	712
BRA012620	AT4G18060	93.2	4.27e-230	629
BRA012621	AT4G18050	88.7	0	2083
BRA012624	AT4G18010	85.2	0	1044
BRA012627	AT4G17970	88.3	0	920
BRA012634	AT4G17890	84.6	7.19e-211	608
BRA012636	AT4G17840	83.4	2.6e-223	616
BRA012638	AT4G17810	78.3	7.79e-106	302
BRA012642	AT4G17770	93.4	0	1630
BRA012643	AT4G17760	95.6	1.66e-212	580
BRA012644	AT4G17740	87	1.81e-317	863
BRA012646	AT4G17720	92.9	3.12e-169	471
BRA012648	AT4G17718	59.4	1.92e-38	123
BRA012650	AT4G17680	66.5	3.7e-118	343
BRA012651	AT4G17670	77.2	3.14e-80	234
BRA012653	AT4G17620	83.8	8.58e-292	801
BRA012654	AT4G17616	77.3	0	1000
BRA012659	AT4G17520	65.2	1.19e-92	280
BRA012661	AT4G17486	86.6	7.04e-131	367
BRA012662	AT4G17483	79.4	2.56e-170	473
BRA012664	AT4G17440	63.5	1.34e-76	231
BRA012668	AT4G17370	90.4	5.74e-245	667
BRA012670	AT4G17270	90.8	1.44e-216	593
BRA012671	AT4G17260	92.1	2.19e-230	629
BRA012672	AT4G17250	82.6	0	1191
BRA012673	AT4G17215	76.9	2.53e-74	218
BRA012675	AT4G17100	93.5	3.64e-214	590
BRA012676	AT4G17090	95.3	0	1063
BRA012682	AT4G17050	92.1	4.75e-206	563
BRA012690	AT4G16820	89.4	0	903
BRA012696	AT4G16660	89.8	0	1357
BRA012702	AT4G16590	84.4	5.67e-312	849
BRA012705	AT4G16545	70.6	2.93e-127	367
BRA012706	AT4G23210	61	3e-273	762
BRA012709	AT4G16535	67.7	7.14e-83	246
BRA012715	AT4G16460	68.8	2.23e-42	139
BRA012716	AT4G16450	93.3	1.88e-65	192
BRA012722	AT4G16410	73.7	1.99e-80	236
BRA012728	AT4G16230	87	1.05e-150	424
BRA012731	AT4G16210	93.8	2.33e-171	473
BRA012732	AT4G16195	66.7	8.1e-78	228
BRA012734	AT4G16180	94.9	0	1511
BRA012739	AT4G16144	84.5	1.97e-234	649
BRA012744	AT4G16100	67	3.14e-160	452
BRA012745	AT4G16070	89.6	0	1061
BRA012747	AT4G15960	87.2	4.56e-223	611
BRA012748	AT4G15990	70.3	2.89e-65	194
BRA012749	AT4G16060	82.9	7.3e-171	474
BRA012750	AT4G15955	81	9.15e-198	544
BRA012752	AT4G15920	90	1.03e-152	424
BRA012753	AT4G15900	92.8	2.46e-192	544
BRA012754	AT4G15890	86.4	0	2151
BRA012757	AT3G47360	72.8	1.14e-160	449
BRA012761	AT4G15840	86.7	0	1411
BRA012762	AT4G15820	58.9	9.9e-160	460
BRA012764	AT4G15800	77.3	2.88e-54	164
BRA012765	AT4G15770	93.6	1.68e-127	355
BRA012767	AT4G15760	82.7	4.29e-244	669
BRA012772	AT4G15720	83.6	0	1021
BRA012774	AT4G15650	57	1.48e-52	170
BRA012775	AT4G15630	86.8	1.46e-102	293
BRA012777	AT4G15610	76.6	1.94e-83	244
BRA012778	AT4G15562	52.9	3.58e-15	67.4
BRA012784	AT4G15480	89.3	0	907
BRA012785	AT4G15475	70.8	6.59e-127	387
BRA012786	AT4G15470	93.8	1.05e-171	473
BRA012788	AT4G15440	78.4	4.48e-227	628
BRA012789	AT4G15417	61	6.53e-106	309
BRA012791	AT4G15410	68.7	2.9e-174	493
BRA012797	AT4G15233	80.7	0	2228
BRA012801	AT3G52470	88.9	1.77e-137	382
BRA012807	AT3G52380	79	2.01e-162	455
BRA012809	AT3G52300	94.6	5.79e-112	315
BRA012810	AT3G52280	68.4	6.83e-162	457
BRA012812	AT4G38160	80.7	3.59e-67	215
BRA012813	AT3G52270	73.9	5.65e-124	353
BRA012814	AT3G52260	72.2	7.74e-209	584
BRA012816	AT3G52170	57.5	1.32e-145	424
BRA012817	AT3G52160	86.9	4.51e-284	774
BRA012818	AT3G52155	83.6	8.11e-130	364
BRA012822	AT3G52080	89.6	0	1472
BRA012824	AT3G52030	83.1	2.74e-214	596
BRA012829	AT3G51910	79.2	1.4e-127	362
BRA012832	AT3G51880	72.6	6.35e-31	109
BRA012833	AT3G51860	92.8	1.94e-232	642
BRA012840	AT3G51730	79.5	3.73e-126	354
BRA012841	AT3G51710	83.4	7.45e-273	747
BRA012842	AT3G51680	90.2	1.68e-186	514
BRA012845	AT3G51660	93.8	2.3e-73	213
BRA012849	AT3G51580	61.6	1.27e-124	365
BRA012854	AT3G51400	79.1	3.14e-149	418
BRA012858	AT3G51300	96.4	1.09e-137	382
BRA012859	AT3G51280	88.2	5.11e-261	713
BRA012861	AT3G51260	96	2.37e-165	456
BRA012865	AT3G51160	90.1	1.51e-247	674
BRA012866	AT3G51150	80.8	0	1586
BRA012867	AT3G51130	94.9	2.59e-276	761
BRA012869	AT3G51100	80.7	6.77e-115	326
BRA012870	AT3G51090	86.7	1.08e-128	365
BRA012871	AT3G51050	92.5	0	1316
BRA012873	AT3G51020	63.9	3.75e-36	119
BRA012874	AT3G51010	85.6	1.01e-97	280
BRA012876	AT3G50960	93.9	2.35e-146	407
BRA012879	AT3G50920	70.3	1.8e-101	304
BRA012882	AT3G50890	70.7	1.98e-100	293
BRA012884	AT3G50860	96.4	4.09e-109	307
BRA012885	AT3G50830	90.1	3.05e-131	366
BRA012886	AT3G50810	67.5	2.35e-63	191
BRA012887	AT3G50800	81.6	2.69e-83	241
BRA012889	AT3G50770	78.2	4.51e-106	303
BRA012890	AT3G50760	92.4	2.17e-240	654
BRA012891	AT3G50750	82.2	1.77e-150	421
BRA012892	AT3G50740	82.3	2.17e-297	810
BRA012894	AT3G50630	56	2.91e-49	159
BRA012897	AT3G50500	91.9	3.07e-246	671
BRA012899	AT3G50440	82.1	2.37e-158	440
BRA012900	AT3G50420	82.3	0	1153
BRA012901	AT3G50410	70.7	1.21e-122	348
BRA012905	AT3G50130	78.7	2.04e-289	797
BRA012907	AT3G50120	89.8	0	967
BRA012908	AT3G50110	78.8	3.34e-313	859
BRA012910	AT3G50060	70.8	1.4e-129	370
BRA012912	AT3G49990	72.4	3.19e-221	618
BRA012914	AT3G49930	72.9	4.06e-81	240
BRA012917	AT3G49890	62.7	5.09e-87	261
BRA012918	AT3G49870	97.8	1.63e-128	358
BRA012920	AT3G49740	71.8	0	993
BRA012924	AT3G49700	97.7	0	922
BRA012925	AT3G49670	87.3	5.48e-260	755
BRA012926	AT5G61750	84	2.1e-111	315
BRA012928	AT5G61730	82.9	0	1551
BRA012929	AT5G61720	70.2	1.94e-182	511
BRA012936	AT5G61620	69.4	2.29e-147	417
BRA012937	AT5G61610	53.4	2.21e-21	89.4
BRA012938	AT5G61600	70	1.54e-110	318
BRA012940	AT5G61580	92.7	0	973
BRA012942	AT5G61570	80.7	1.72e-199	552
BRA012945	AT5G61540	86.9	1.72e-230	630
BRA012946	AT5G61530	92.1	9.17e-233	637
BRA012948	AT5G61520	87.2	1.08e-313	853
BRA012951	AT5G61490	79.7	9.82e-67	202
BRA012952	AT5G61480	87.2	4.24e-276	799
BRA012953	AT5G61470	50	1.34e-52	173
BRA012956	AT5G61460	88.7	0	1779
BRA012958	AT5G61450	79.5	2.74e-229	635
BRA012959	AT5G61440	76.9	4.42e-133	375
BRA012960	AT5G61430	91.1	1.27e-228	623
BRA012961	AT5G61420	79.7	2.53e-201	556
BRA012963	AT5G61410	91.5	6.77e-183	503
BRA012964	AT5G61380	70	3.01e-272	756
BRA012965	AT5G61370	85.7	5.22e-219	612
BRA012968	AT5G61330	88.7	1.35e-186	521
BRA012971	AT5G61290	87.6	1.58e-301	818
BRA012972	AT5G61270	82.7	1.26e-158	461
BRA012973	AT5G61260	59.6	3.69e-136	400
BRA012974	AT5G61250	87.8	0	984
BRA012978	AT5G61210	85	4.89e-175	485
BRA012980	AT5G61170	97.9	6.91e-101	285
BRA012982	AT5G61120	69.8	1.45e-158	458
BRA012983	AT5G61090	55.9	1.43e-126	382
BRA012984	AT5G61060	83.6	0	1135
BRA012985	AT5G61040	71.1	4.19e-236	662
BRA012987	AT5G61010	79	9.14e-315	863
BRA012989	AT5G60980	84.3	1.41e-234	649
BRA012990	AT5G60970	75.9	5.28e-172	483
BRA012991	AT3G26850	91.5	6.88e-46	147
BRA012992	AT5G60960	80.7	1.98e-294	805
BRA012993	AT5G60950	81.1	2.11e-123	347
BRA012994	AT5G60940	73.8	1.35e-233	645
BRA012995	AT5G60930	82.1	0	1948
BRA012996	AT5G60920	93.9	0	909
BRA013000	AT5G60890	75.1	1.82e-160	449
BRA013001	AT5G60880	72	1.82e-119	341
BRA013002	AT5G60870	89.2	2.13e-297	807
BRA013003	AT5G60850	80.7	1.9e-119	344
BRA013004	AT5G60840	52.3	2.31e-23	89
BRA013006	AT5G60820	63.8	6.59e-152	436
BRA013012	AT5G23050	83.6	0	1280
BRA013013	AT5G23060	90.2	2.07e-216	597
BRA013014	AT5G23070	84.3	5.11e-121	343
BRA013016	AT5G23100	77.1	1.33e-134	381
BRA013017	AT5G23110	89.9	0	8417
BRA013018	AT5G23120	95	4.66e-273	743
BRA013019	AT5G23130	69.9	2.56e-161	458
BRA013023	AT5G23170	74.7	5.76e-175	488
BRA013024	AT5G23190	91.7	0	1032
BRA013025	AT5G23200	86	3.39e-258	704
BRA013026	AT5G23240	84.1	1.14e-275	754
BRA013027	AT5G23250	91.9	1.22e-223	612
BRA013028	AT5G23260	71.5	2.17e-114	328
BRA013032	AT2G17070	82.1	1.73e-146	410
BRA013035	AT2G17033	77.2	3.65e-262	739
BRA013037	AT2G16990	77.6	8.16e-233	642
BRA013038	AT2G16950	90.3	0	1602
BRA013042	AT2G16900	75.2	4.73e-183	512
BRA013052	AT2G16730	87.7	0	1577
BRA013055	AT2G16720	76.3	7.67e-151	422
BRA013057	AT2G16710	86.6	7.44e-84	242
BRA013058	AT2G16700	91.6	1.45e-93	266
BRA013059	AT2G16660	88.5	0	926
BRA013061	AT2G16580	92.6	6.99e-73	211
BRA013064	AT2G16530	67.1	1.27e-155	439
BRA013068	AT2G16440	87.8	0	1404
BRA013069	AT2G16430	87.3	0	882
BRA013077	AT2G16390	76.1	0	1339
BRA013079	AT2G16370	88.6	0	920
BRA013087	AT2G15970	80.7	3.53e-118	333
BRA013088	AT2G15960	66.2	1.07e-27	94.7
BRA013090	AT2G15910	69.8	1.16e-105	308
BRA013091	AT2G15890	80.6	2.22e-114	323
BRA013092	AT2G15880	85.3	1.53e-137	426
BRA013095	AT2G15830	62.1	1.63e-18	70.9
BRA013096	AT2G15730	94.8	2.37e-244	664
BRA013098	AT2G15695	90.7	9.2e-265	721
BRA013100	AT2G15690	64.9	9.78e-252	699
BRA013111	AT2G15220	83.9	6.28e-134	374
BRA013113	AT2G15020	84.5	0	898
BRA013114	AT2G15000	74.3	9.33e-43	134
BRA013121	AT2G14740	94.6	0	1249
BRA013123	AT2G14580	78.3	2.86e-95	272
BRA013125	AT2G14530	84.6	2.57e-273	743
BRA013126	AT2G14520	90.8	1.42e-261	714
BRA013127	AT2G14260	90.6	2.92e-222	609
BRA013129	AT2G14095	70.4	3.27e-106	305
BRA013131	AT2G14050	94.3	0	1203
BRA013132	AT2G14045	88.9	6.49e-66	194
BRA013133	AT2G13840	84.4	1.44e-257	705
BRA013134	AT1G58410	58.4	0	1000
BRA013135	AT2G13820	83.6	7.32e-64	194
BRA013138	AT2G13810	79.8	3.1e-260	711
BRA013139	AT1G53570	68.2	3.99e-272	756
BRA013141	AT2G13610	89.7	0	1097
BRA013142	AT2G13600	82.6	0	927
BRA013143	AT2G13570	85.9	8.06e-106	303
BRA013145	AT2G13540	90.8	0	1502
BRA013146	AT2G13440	87.4	0	1214
BRA013149	AT2G12646	86.3	1.57e-167	463
BRA013150	AT2G12550	78.9	1.52e-283	781
BRA013151	AT1G72275	66.2	1.38e-72	226
BRA013152	AT5G42240	78.6	2.82e-281	768
BRA013153	AT2G12462	78.7	6.25e-128	362
BRA013154	AT2G12400	81.9	1.65e-302	827
BRA013155	AT2G11910	74.2	6.46e-29	104
BRA013156	AT2G11890	81.4	7.7e-120	338
BRA013160	AT2G05990	84.3	5.25e-217	598
BRA013161	AT2G06050	89.5	1.02e-259	707
BRA013163	AT2G06530	97.8	1.05e-105	303
BRA013164	AT2G06850	95.6	1.62e-222	605
BRA013165	AT5G35320	55.4	1.28e-63	196
BRA013166	AT2G07020	71	0	909
BRA013167	AT2G07050	91.7	0	1491
BRA013168	AT2G07560	94.6	0	1779
BRA013169	AT2G07690	94.8	0	1335
BRA013170	AT2G05760	95	0	989
BRA013171	AT2G05755	84.7	4.32e-230	632
BRA013172	AT2G05630	96.3	1.32e-69	205
BRA013173	AT2G05620	86.6	5.98e-74	216
BRA013174	AT2G05590	70.6	1.66e-142	402
BRA013175	AT2G05540	74.8	1.09e-36	121
BRA013178	AT2G05320	81.6	9.38e-269	733
BRA013179	AT2G05250	78.9	0	1078
BRA013182	AT2G05120	78.6	0	1947
BRA013183	AT2G05070	97.4	5.75e-194	530
BRA013185	AT2G04940	74.1	2e-199	555
BRA013187	AT2G04880	68.2	1.56e-189	535
BRA013189	AT2G04865	58.1	2.47e-243	680
BRA013190	AT2G04860	84.9	0	996
BRA013191	AT2G04850	93.6	2.13e-261	712
BRA013192	AT2G04845	86.4	8.82e-132	369
BRA013193	AT2G04842	95.3	0	1241
BRA013194	AT2G04795	86.3	2.6e-52	158
BRA013196	AT2G04790	82.8	1.14e-75	222
BRA013197	AT2G04780	82.1	3.94e-125	355
BRA013198	AT2G04740	86.8	0	982
BRA013199	AT4G23220	69.1	0	903
BRA013200	AT2G04570	89.7	4.67e-234	639
BRA013202	AT2G04540	92.6	1.61e-306	831
BRA013203	AT2G04530	86.3	1.47e-215	592
BRA013205	AT2G04515	54.7	4.55e-54	171
BRA013206	AT1G54410	86.4	7.78e-07	43.1
BRA013208	AT2G04410	88.5	3.96e-32	110
BRA013209	AT2G04400	85.7	2.29e-246	674
BRA013210	AT2G04350	89.3	0	1279
BRA013211	AT2G04240	75.9	1.52e-83	242
BRA013212	AT2G04160	87.9	0	1350
BRA013214	AT2G04050	81.1	2.67e-287	784
BRA013217	AT3G25500	76.4	0	1199
BRA013218	AT3G25480	75.8	2.97e-137	387
BRA013220	AT3G25460	57.3	2.96e-134	389
BRA013221	AT3G25260	79.3	6.69e-294	804
BRA013223	AT3G25240	73.3	1.88e-136	386
BRA013224	AT3G25230	88.5	0	954
BRA013225	AT3G25220	88.1	3.45e-97	276
BRA013226	AT3G25190	89	1.14e-127	358
BRA013227	AT3G25180	83.5	1.79e-278	762
BRA013228	AT3G25160	89.7	2.45e-178	491
BRA013229	AT3G25140	94.3	0	1049
BRA013231	ATMG00730	82.3	3.62e-26	96.3
BRA013232	AT3G25100	93.5	0	1047
BRA013233	AT3G25070	77.7	1.58e-107	307
BRA013235	AT3G25060	81.1	0	960
BRA013237	AT3G25040	96.3	5.5e-149	412
BRA013239	AT3G24830	96.1	1.36e-140	390
BRA013240	AT3G24810	63.2	8.99e-66	200
BRA013241	AT3G24800	71.5	5.66e-211	584
BRA013242	AT3G24770	81	5.29e-27	93.2
BRA013244	AT3G24730	81.3	4.3e-85	246
BRA013245	AT3G24715	65.1	0	1300
BRA013247	AT3G24660	88.7	0	1071
BRA013248	AT3G24650	79.4	0	929
BRA013252	AT3G24570	86.4	6.43e-153	423
BRA013255	AT3G24515	65.9	8.84e-172	488
BRA013258	AT4G17830	91.1	2.31e-301	816
BRA013261	AT4G17850	53.5	3.11e-32	115
BRA013262	AT4G17870	90.1	2.55e-124	348
BRA013266	AT4G17900	90.7	6.92e-158	436
BRA013267	AT4G17905	79.1	2.06e-178	495
BRA013268	AT4G17920	70.8	2.74e-129	369
BRA013271	AT4G17960	80	3.77e-82	238
BRA013272	AT4G17980	82.9	4.61e-177	489
BRA013278	AT4G18020	76.7	1.85e-262	724
BRA013282	AT4G18030	91.8	0	1192
BRA013286	AT4G18130	88.3	0	1896
BRA013287	AT4G18150	65.4	1.47e-309	864
BRA013288	AT4G18160	75.8	1.77e-212	591
BRA013290	AT4G18190	82.4	4.29e-204	570
BRA013292	AT4G18210	82.5	3.66e-223	614
BRA013295	AT4G18250	70.9	0	909
BRA013296	AT4G18290	85.1	0	1172
BRA013297	AT4G18340	90.5	1.02e-259	707
BRA013298	AT4G18350	87.5	0	1018
BRA013300	AT4G18370	84.5	2e-180	500
BRA013302	AT4G18375	63.8	7.68e-236	663
BRA013303	AT4G18380	81.9	4.41e-209	578
BRA013306	AT4G18400	74.8	1.43e-45	142
BRA013307	AT4G18425	88.6	4.69e-136	380
BRA013309	AT1G36280	88.6	0	902
BRA013310	AT4G18450	69.6	2.75e-142	402
BRA013311	AT4G18470	82.2	2.17e-252	692
BRA013312	AT4G18460	90.8	1e-101	290
BRA013313	AT4G18465	93.5	0	1285
BRA013314	AT4G18480	94.3	9.92e-284	770
BRA013320	AT4G18530	81.9	1.35e-245	671
BRA013322	AT4G18550	84.9	6.29e-277	754
BRA013324	AT4G18570	78.4	1.62e-290	804
BRA013325	AT4G18580	71.9	8.94e-07	43.9
BRA013326	AT4G18590	88.7	1.54e-66	195
BRA013327	AT4G18593	86.2	9.19e-88	252
BRA013328	AT4G18596	93.6	1.21e-114	323
BRA013334	AT4G18620	79.1	1.47e-83	243
BRA013335	AT4G18630	78.8	4.79e-244	674
BRA013336	AT4G18640	84.8	0	1041
BRA013337	AT4G18650	81.5	1.54e-110	315
BRA013339	AT4G18670	88.2	1.13e-107	348
BRA013340	AT4G18700	91.7	0	892
BRA013343	AT4G18740	56.7	8.33e-66	203
BRA013344	AT4G18750	82.2	0	1412
BRA013346	AT4G18770	85.9	3.01e-245	674
BRA013349	AT4G18800	96.2	2.32e-145	403
BRA013352	AT4G18810	91.3	0	1069
BRA013353	AT4G18820	79.6	0	1525
BRA013354	AT4G18830	78.9	2.65e-180	501
BRA013355	AT4G18840	84.1	3.76e-237	662
BRA013359	AT4G18890	93.3	1.25e-184	508
BRA013360	AT4G18905	81.2	4.12e-244	677
BRA013362	AT4G18920	93.5	2.08e-173	486
BRA013363	AT4G18950	87.6	1.67e-293	798
BRA013364	AT4G18960	94.8	5.57e-165	456
BRA013365	AT4G18975	82.9	4.12e-165	459
BRA013367	AT4G18990	87.6	1.01e-234	640
BRA013368	AT4G19003	95	3.06e-126	352
BRA013369	AT4G19010	84.6	0	939
BRA013370	AT4G19020	64.8	0	1503
BRA013371	AT4G19040	92.4	0	1334
BRA013372	AT4G19050	64.7	0	1392
BRA013373	AT4G19060	67.1	2.11e-88	266
BRA013374	AT4G19120	93	0	1178
BRA013375	AT4G19140	77.6	1.08e-164	458
BRA013376	AT4G19150	82.2	3.09e-56	179
BRA013377	AT4G19160	70.8	1.27e-197	554
BRA013379	AT4G19180	89.8	0	1103
BRA013381	AT4G19190	77.7	4.56e-261	727
BRA013384	AT4G20330	74.7	4.59e-139	393
BRA013387	AT4G19350	62.2	1.02e-74	221
BRA013389	AT4G19330	50	1.25e-123	362
BRA013390	AT4G19370	75.1	3.08e-110	314
BRA013392	AT4G19390	75.3	6.58e-126	358
BRA013393	AT4G19400	90.5	4.95e-94	268
BRA013394	AT4G19410	94	4.71e-264	723
BRA013395	AT4G19420	85.9	1.42e-281	766
BRA013396	AT4G19430	66.3	2.02e-71	212
BRA013399	AT4G19460	92.1	0	909
BRA013402	AT4G19560	57.9	1.56e-144	418
BRA013405	AT4G19610	70.9	0	988
BRA013410	AT4G19640	95.5	2.17e-134	374
BRA013411	AT4G19645	85.2	4.8e-163	452
BRA013414	AT4G19650	81	0	944
BRA013416	AT4G19660	76.7	2.44e-315	865
BRA013417	AT4G19670	81.6	0	886
BRA013418	AT4G19680	89.7	2.42e-222	609
BRA013422	AT4G19690	88.8	1.67e-214	589
BRA013425	AT4G19710	93.7	0	1698
BRA013428	AT4G19840	73.1	1.76e-103	298
BRA013429	AT4G19850	74.5	2.2e-71	214
BRA013430	AT4G19860	89.7	0	994
BRA013431	AT1G80070	96.6	0	4699
BRA013432	AT4G19890	93	1.28e-39	152
BRA013433	AT4G19960	76	0	1165
BRA013434	AT4G19970	84.1	2.18e-237	649
BRA013435	AT4G19980	74.6	2.29e-64	191
BRA013436	AT4G19985	66.3	1.46e-109	315
BRA013438	AT4G20000	71.9	1.62e-98	284
BRA013439	AT4G20020	73.3	7.78e-122	358
BRA013440	AT4G20030	84.2	3.54e-87	251
BRA013442	AT4G20050	85.4	3.32e-295	805
BRA013443	AT4G20060	76.5	0	1696
BRA013444	AT4G20090	88.3	2e-100	319
BRA013445	AT4G20110	89.1	0	1175
BRA013446	AT4G20140	86.5	8.52e-257	759
BRA013447	AT4G20160	53.5	0	959
BRA013450	AT4G20260	81.6	2.23e-93	273
BRA013451	AT4G20270	80.8	1e-278	802
BRA013452	AT4G20280	80	3.74e-85	250
BRA013454	AT4G20310	81.5	2.63e-311	848
BRA013456	AT4G20320	92	0	1115
BRA013461	AT4G20400	75.1	0	1387
BRA013462	AT4G20410	92.4	6.08e-183	504
BRA013464	AT4G20430	88.4	0	1466
BRA013467	AT4G20740	83.5	1.96e-304	848
BRA013468	AT4G20760	90.6	2.09e-194	535
BRA013469	AT4G20770	78.5	0	1121
BRA013471	AT4G20790	80.5	2.13e-300	820
BRA013472	AT4G20800	77.8	4.28e-310	846
BRA013475	AT4G20820	86	0	942
BRA013478	AT4G20860	81.7	0	878
BRA013479	AT4G20870	95.3	4.55e-177	485
BRA013480	AT4G20880	60.8	1.25e-100	304
BRA013482	AT4G20910	63.4	0	1288
BRA013485	AT4G20940	90.5	0	1157
BRA013486	AT4G20970	75.3	1.93e-93	270
BRA013489	AT4G21020	76.4	8.91e-36	127
BRA013493	AT4G21050	58	6.8e-76	228
BRA013498	AT4G21060	90	0	1083
BRA013500	AT4G21090	85.9	2.81e-120	338
BRA013503	AT4G21140	73.6	2.48e-112	322
BRA013507	AT4G21150	89.6	0	1103
BRA013509	AT4G21170	77.8	0	887
BRA013510	AT4G21180	84.7	0	1046
BRA013511	AT4G21190	85.9	1.7e-177	492
BRA013513	AT4G21210	83.6	7.19e-231	635
BRA013514	AT4G21215	82	5.38e-105	300
BRA013516	AT4G21250	78	3.62e-232	640
BRA013518	AT4G21300	76.5	0	1251
BRA013519	AT4G21330	77.3	4.32e-101	294
BRA013520	AT4G21340	68.9	6.1e-128	365
BRA013521	AT4G21350	87.4	3.26e-227	623
BRA013522	AT4G21380	84.2	0	1441
BRA013523	AT4G21390	88.5	0	1239
BRA013524	AT4G21410	79.4	0	1048
BRA013527	AT4G21445	80.8	4.1e-85	246
BRA013528	AT4G21450	87.6	2.84e-153	430
BRA013529	AT4G21480	90.4	0	912
BRA013530	AT4G21500	62.2	5.32e-70	213
BRA013532	AT4G21510	61.8	6.94e-78	232
BRA013533	AT4G21520	91.7	7.56e-280	759
BRA013534	AT4G21530	88.2	0	1361
BRA013535	AT4G21550	56.8	1.14e-264	745
BRA013536	AT4G21560	96.7	4.68e-138	384
BRA013539	AT5G62390	74.3	3.46e-127	375
BRA013540	AT4G21580	90.8	1.29e-211	580
BRA013541	AT4G21585	84	1.82e-207	568
BRA013542	AT4G21600	83.4	2.3e-194	534
BRA013543	AT1G11270	59.2	4.46e-110	324
BRA013545	AT4G21660	71.9	2.23e-284	789
BRA013549	AT4G21700	77.6	0	1399
BRA013550	AT4G21710	97.6	0	2328
BRA013551	AT4G21720	77.7	1.54e-74	218
BRA013558	AT4G21770	86.7	8.91e-308	835
BRA013559	AT4G21780	72.9	4.45e-52	159
BRA013561	AT4G21790	86.5	1.74e-186	514
BRA013562	AT4G21800	91.3	5.63e-203	562
BRA013564	AT4G21820	79.7	0	1893
BRA013566	AT4G21870	74.1	7.19e-68	201
BRA013567	AT4G21880	70.6	0	952
BRA013568	AT4G21890	85.7	9.34e-164	468
BRA013569	AT4G21895	57.6	1.61e-66	206
BRA013572	AT4G21900	83	5.74999e-319	890
BRA013573	AT4G21902	74.4	1.88e-54	165
BRA013574	AT4G21930	57.6	3.82e-59	182
BRA013575	AT4G21940	85.1	0	932
BRA013576	AT4G21960	97	2.09e-238	648
BRA013579	AT4G21990	91.5	4.29e-305	828
BRA013580	AT4G22000	98.5	2.93e-89	254
BRA013582	AT4G22010	92.8	0	1067
BRA013584	AT4G22070	88.4	5.79e-283	778
BRA013585	AT4G22080	91.9	4e-277	751
BRA013587	AT4G22120	93	0	1415
BRA013591	AT4G22130	87.5	0	945
BRA013592	AT4G22140	96.4	1.02e-164	453
BRA013593	AT4G22150	90.4	1.42e-192	530
BRA013594	AT4G22160	64.4	1.18e-42	139
BRA013598	AT4G22190	72.9	3.06e-140	402
BRA013599	AT4G22200	87.6	0	1351
BRA013602	AT4G22240	82.2	9.51e-172	478
BRA013604	AT4G22260	77	4.44e-189	525
BRA013608	AT4G22310	88.9	1.41e-72	210
BRA013612	AT4G22340	87.7	1.11e-264	722
BRA013613	AT4G22350	82.1	9.02e-318	865
BRA013615	AT4G22370	63.5	2.84e-96	284
BRA013616	AT4G22380	96.1	6.43e-83	238
BRA013617	AT4G12590	95.5	3.67e-167	461
BRA013619	AT4G22460	75.2	9.02e-65	192
BRA013620	AT4G22485	78.8	4.87e-36	136
BRA013622	AT4G22520	53	2.98e-34	114
BRA013623	AT4G22530	87.5	8.51e-169	466
BRA013624	AT4G22540	89.8	0	1309
BRA013625	AT4G22550	54.8	2.12e-65	200
BRA013627	AT4G22580	89.5	8.28e-175	488
BRA013629	AT4G22600	85.1	4.97e-165	457
BRA013630	AT4G22620	88.8	4.28e-101	286
BRA013631	AT4G22640	54.2	2.44e-44	141
BRA013632	AT4G22670	74.4	2.27e-165	471
BRA013633	AT4G22680	77	1.93e-147	412
BRA013634	AT4G22690	93.5	0	991
BRA013635	AT4G22720	94.3	1.77e-246	673
BRA013636	AT4G22730	89.1	0	911
BRA013642	AT4G22750	85.1	9.76e-186	512
BRA013643	AT4G22756	91.8	6.97e-194	539
BRA013644	AT4G22758	74.2	4.61e-126	357
BRA013645	AT4G22760	84.6	1.65e-189	544
BRA013648	AT4G22790	80	2.32e-285	781
BRA013649	AT4G22810	83	6.38e-147	416
BRA013650	AT4G22830	80.8	7.04e-91	263
BRA013652	AT4G22880	91.3	1.79e-241	658
BRA013655	AT4G22910	91.7	0	870
BRA013662	AT4G22940	74.6	2.3e-279	777
BRA013665	AT4G22970	78.2	0	3363
BRA013668	AT4G22990	89.7	0	1188
BRA013670	AT4G23020	61.4	4.12e-161	462
BRA013671	AT4G23030	89	1.64e-317	863
BRA013672	AT4G23060	74.2	3.48e-210	590
BRA013673	AT4G23070	83.4	7.81e-169	469
BRA013675	AT4G23100	91.4	0	951
BRA013678	AT4G23180	78.5	0	941
BRA013679	AT4G23240	68.4	0	902
BRA013683	AT4G23280	67.5	1.94e-309	855
BRA013684	AT4G23320	80.4	4.79e-292	827
BRA013685	AT4G23330	77.2	4.72e-46	150
BRA013687	AT4G23370	64.5	3.9e-189	529
BRA013690	AT4G23430	91.3	2.14e-209	574
BRA013691	AT4G23440	83.7	0	1537
BRA013694	AT4G23490	89.1	0	949
BRA013695	AT4G23493	79.3	3.35e-43	134
BRA013698	AT4G23510	52.4	3.97e-194	561
BRA013705	AT4G23520	67	7.37e-166	465
BRA013706	AT4G23530	80.5	4.2e-207	574
BRA013707	AT4G23540	82.5	0	1688
BRA013709	AT4G23560	85.7	3.22e-306	832
BRA013714	AT4G23600	80	1.06e-255	699
BRA013715	AT4G23610	68.6	3.67e-89	262
BRA013717	AT4G23630	93.5	1.51e-160	446
BRA013718	AT4G23640	97.2	0	1488
BRA013720	AT4G23660	78.7	1.33e-240	661
BRA013721	AT4G23680	88	1.08e-101	287
BRA013724	AT4G23700	88.1	0	1372
BRA013726	AT4G23710	90.2	2.36e-53	162
BRA013728	AT4G23740	83.1	2.33e-307	860
BRA013730	AT4G23750	69	2.47e-136	389
BRA013731	AT4G23800	84.1	2.74e-217	605
BRA013734	AT4G23820	90.1	9.26e-304	823
BRA013735	AT4G23850	92.9	0	1181
BRA013737	AT4G23860	69.7	1.16e-232	641
BRA013740	AT4G23885	83.3	5.35e-40	125
BRA013741	AT4G23890	82.3	4.36e-136	382
BRA013742	AT4G23900	90.3	3.92e-153	424
BRA013743	AT4G23910	67.8	2.43e-76	227
BRA013745	AT4G23930	77	4.82e-94	271
BRA013747	AT4G23940	88.8	0	1592
BRA013750	AT4G24000	76.5	0	1141
BRA013751	AT4G24015	90.2	4.46e-107	303
BRA013754	AT4G24020	91.1	0	1729
BRA013755	AT4G24026	76.9	1.85e-34	112
BRA013756	AT4G24040	85.3	0	962
BRA013760	AT4G24080	68.6	4.07e-117	335
BRA013761	AT4G24090	82.3	1.04e-164	460
BRA013762	AT4G24100	82.7	0	1093
BRA013763	AT4G24110	73.3	1.56e-102	297
BRA013766	AT4G24140	86.9	0	878
BRA013770	AT4G24160	88.9	2.02e-275	748
BRA013771	AT4G24170	62.3	0	1226
BRA013772	AT4G24175	71.4	6.06e-131	374
BRA013773	AT4G24180	87.1	1.7e-150	422
BRA013774	AT4G24190	93.7	0	1413
BRA013775	AT4G24204	70.5	5.22e-79	231
BRA013776	AT4G24210	78.2	6.2e-77	224
BRA013782	AT4G24265	70.9	4.43e-57	174
BRA013784	AT4G24270	80.5	0	1194
BRA013786	AT4G24280	92.2	0	1206
BRA013790	AT4G24310	86.4	3.5e-130	365
BRA013791	AT4G24320	83.2	7.77e-229	629
BRA013793	AT4G24340	83.1	4.08e-198	547
BRA013794	AT4G24350	81	6.47e-195	539
BRA013796	AT4G24370	68.9	4.85e-49	155
BRA013797	AT4G24380	78	2.65e-141	395
BRA013798	AT4G24390	77.2	0	965
BRA013799	AT4G24400	89.4	7.64e-287	779
BRA013800	AT4G24430	88.5	0	1202
BRA013803	AT4G24450	85.8	0	2209
BRA013804	AT4G24460	81.9	1.23e-232	642
BRA013805	AT4G24470	80.4	2.33e-149	419
BRA013806	AT4G24480	80.9	0	1447
BRA013807	AT4G24490	83.9	0	956
BRA013808	AT4G24500	73.7	3.84e-155	437
BRA013809	AT4G24510	73.8	6.61e-222	613
BRA013811	AT4G24520	88.9	0	1231
BRA013812	AT4G24530	89.8	0	937
BRA013814	AT4G24560	76.3	0	1390
BRA013815	AT4G24570	86.8	3.96e-189	522
BRA013818	AT4G24610	85.6	0	1891
BRA013820	AT4G24630	79.8	3.47e-244	669
BRA013821	AT4G24640	79.1	2.16e-90	261
BRA013822	AT4G24660	84.7	6.94e-131	367
BRA013823	AT4G24670	82.8	7.48e-261	714
BRA013825	AT4G24690	77.4	0	993
BRA013826	AT4G24700	72.2	1.98e-55	169
BRA013827	AT4G24710	87.1	7.92e-305	829
BRA013829	AT4G24740	95	1.31e-282	780
BRA013830	AT4G24750	88	8.18e-187	514
BRA013831	AT4G24760	94.5	2.52e-259	704
BRA013836	AT4G24800	88	0	1207
BRA013837	AT4G24805	86.1	1.04e-147	411
BRA013838	AT4G24820	95.6	1.34e-258	704
BRA013839	AT4G24830	90.8	0	870
BRA013843	AT4G24890	86	0	1130
BRA013844	AT4G24900	62.1	5.89e-169	479
BRA013847	AT4G24930	81.6	2.23e-121	344
BRA013848	AT4G24940	90.1	1.25e-212	582
BRA013851	AT4G24970	78.3	0	1036
BRA013852	AT4G24972	79	1.06e-96	276
BRA013860	AT4G25070	57.2	8.65e-239	681
BRA013863	AT4G25100	93.8	2.17e-149	413
BRA013864	AT4G25110	78.3	2.02e-225	624
BRA013865	AT4G25130	85.2	3.09e-153	426
BRA013868	AT4G25160	87.5	0	1296
BRA013869	AT4G25170	79.8	1.56e-194	539
BRA013871	AT4G25180	65.7	1.69e-106	318
BRA013872	AT4G25200	83.6	1.74e-116	330
BRA013874	AT4G25220	91.1	0	912
BRA013877	AT4G25240	90.2	0	1084
BRA013881	AT4G25260	81.7	1.51e-112	319
BRA013882	AT4G25270	90.1	2.07e-249	686
BRA013883	AT4G25280	82.2	1.34e-131	372
BRA013888	AT4G25360	81.3	2.38e-318	867
BRA013889	AT4G25410	80.6	1.28e-117	333
BRA013890	AT4G25420	84.9	2.68e-239	654
BRA013892	AT4G25433	73.6	7.1e-52	158
BRA013893	AT4G25434	79.6	8.58e-170	471
BRA013894	AT4G25440	85	7.61e-230	634
BRA013901	AT4G25590	93.4	3.7e-88	253
BRA013902	AT4G25600	75.6	2.68e-143	404
BRA013903	AT4G25610	79.5	1.92e-279	773
BRA013904	AT4G25620	71.5	1.03e-184	521
BRA013907	AT4G25650	78.4	0	906
BRA013909	AT4G25670	83.2	9.61e-103	293
BRA013913	AT4G25720	78.8	2.52e-177	493
BRA013915	AT4G25740	89	2.29e-105	299
BRA013916	AT4G25750	86.5	0	920
BRA013917	AT4G25760	84.4	9.88e-74	215
BRA013918	AT4G25770	80.4	7.62e-235	646
BRA013920	AT4G25790	76.9	4.06e-114	323
BRA013923	AT4G25820	84	4.24e-188	517
BRA013924	AT4G25830	82.9	1.03e-97	279
BRA013925	AT4G25835	82.3	9.17e-292	798
BRA013927	AT4G25870	86.6	1.53e-259	705
BRA013929	AT4G38120	80.2	0	1786
BRA013932	AT4G25900	78.2	1.06e-183	508
BRA013933	AT4G25910	87.5	2.89e-139	389
BRA013934	AT4G25940	87.6	0	894
BRA013936	AT4G25960	91.6	0	2169
BRA013937	AT4G25970	93.2	0	1165
BRA013938	AT4G25980	86.8	2.21e-208	572
BRA013939	AT4G25990	63.1	1.21e-130	380
BRA013943	AT4G26010	87.1	1.05e-196	542
BRA013945	AT4G26080	83.7	1.1e-260	712
BRA013947	AT4G26090	82.9	0	1448
BRA013948	AT5G57020	91.5	4.74e-301	815
BRA013949	AT4G26100	89.2	1.61e-289	788
BRA013952	AT4G26120	72.2	3.43e-284	786
BRA013955	AT4G26130	72.8	1.83e-97	287
BRA013956	AT4G26140	85.9	0	1337
BRA013957	AT5G17700	85.1	2.63e-307	836
BRA013958	AT5G17690	67.1	1.52e-160	460
BRA013959	AT5G17680	74.7	0	1764
BRA013960	AT5G17660	79.7	7.13e-163	455
BRA013961	AT5G17640	92.8	5.14e-302	817
BRA013962	AT5G17630	81.1	1.3e-230	635
BRA013965	AT5G17590	51.7	1.92e-58	181
BRA013966	AT5G17580	70.1	9.24e-260	720
BRA013967	AT5G17570	86.7	1.55e-200	553
BRA013969	AT5G17550	90.7	6.69e-154	427
BRA013971	AT5G17510	93.5	3e-184	514
BRA013972	AT5G17500	87.3	0	967
BRA013973	AT5G17490	82.2	1.1e-301	824
BRA013976	AT5G17450	94	1.67e-104	294
BRA013977	AT5G17440	94.8	2.38e-213	590
BRA013978	AT5G17430	78.9	0	885
BRA013981	AT5G17400	92.2	1.17e-209	575
BRA013982	AT5G17390	81.7	3.12e-133	378
BRA013983	AT5G17380	91.3	0	1041
BRA013984	AT5G17360	76.4	4.46e-83	242
BRA013985	AT5G17350	84	4.35e-94	271
BRA013997	AT4G13850	82.7	3.24e-71	210
BRA014003	AT4G13950	77	1.52e-55	167
BRA014005	AT1G43670	94.7	9.47e-237	644
BRA014008	AT1G43650	90.9	3.76e-119	342
BRA014010	AT1G43630	83.6	1.35e-221	611
BRA014011	AT1G43190	94.7	2.56e-304	823
BRA014012	AT1G43130	90.8	6.15e-164	454
BRA014013	AT1G43040	83	2.33e-56	169
BRA014016	AT1G43020	71.6	3.2e-167	497
BRA014019	AT1G44090	85.7	2.19e-235	644
BRA014022	AT1G44170	88.3	2.79e-311	845
BRA014023	AT1G44191	67.4	1.16e-33	124
BRA014024	AT1G44575	95.1	5.59e-176	484
BRA014029	AT1G44800	88.7	1.7e-227	624
BRA014034	AT1G45010	88.3	3.77e-148	411
BRA014037	AT1G45145	83.9	2.94e-72	210
BRA014040	AT1G45150	91.2	0	1215
BRA014042	AT1G45160	81	0	1663
BRA014043	AT1G45180	54.8	1.03e-197	567
BRA014045	AT1G45207	73.8	3.18e-245	682
BRA014046	AT1G45230	79.2	3.67e-117	332
BRA014048	AT1G45474	86.9	2.15e-160	444
BRA014049	AT1G45545	74.2	2.05e-306	855
BRA014051	AT1G45976	75.3	8.01e-163	456
BRA014054	AT1G46264	80.6	5.99e-186	516
BRA014055	AT1G46480	82.3	2.01e-136	384
BRA014056	AT1G46768	78.7	4.09e-71	210
BRA014060	AT5G50380	87.5	0	1114
BRA014061	AT5G50390	88.1	0	934
BRA014062	AT5G50443	67.9	1.27e-15	64.7
BRA014066	AT5G50560	89.6	9.67e-41	127
BRA014068	AT1G47250	91.7	6.68e-179	493
BRA014075	AT1G47340	62.5	3.34e-185	524
BRA014076	AT1G47380	96.5	9.68e-307	829
BRA014078	AT1G47395	63.6	8.96e-13	55.5
BRA014080	AT1G47480	83.4	3.98e-205	562
BRA014081	AT1G47580	68.3	9.78e-99	286
BRA014087	AT4G31980	67.7	8.72e-190	540
BRA014089	AT1G47720	59.4	7.49e-107	316
BRA014092	AT1G47750	77.6	1.35e-133	376
BRA014093	AT5G22100	80.1	5.98e-222	610
BRA014096	AT1G47870	73.1	1.7e-172	485
BRA014097	AT1G47900	70.3	0	1088
BRA014099	AT1G48020	88	5.61e-105	298
BRA014100	AT1G48050	84.6	0	1144
BRA014103	AT1G48140	95.5	5.27e-57	169
BRA014105	AT1G48175	88.3	2.71e-108	306
BRA014106	AT2G47450	73.8	4.75e-158	448
BRA014110	AT1G48210	87.4	6.28e-233	637
BRA014116	AT1G48230	94.6	4.37e-243	663
BRA014124	AT1G48260	81.2	3.54e-250	686
BRA014125	AT1G48300	75.9	1.68e-151	430
BRA014126	AT3G44780	52.4	1.74e-55	174
BRA014127	AT1G48320	81.4	8.27e-90	258
BRA014130	AT1G48330	93.5	1.98e-44	137
BRA014131	AT1G48350	94.2	1.65e-110	311
BRA014132	AT1G48360	76.8	0	1338
BRA014133	AT1G48370	90.1	0	1284
BRA014134	AT1G48380	73.6	4.36e-173	486
BRA014135	AT1G48405	69.5	4.77e-125	358
BRA014137	AT1G48430	87.2	0	967
BRA014139	AT1G48460	82	2.06e-187	519
BRA014140	AT1G48480	87.7	0	922
BRA014141	AT1G48490	75.4	0	1607
BRA014145	AT1G48590	87.1	1.68e-105	300
BRA014152	AT1G48745	74.4	5.22e-61	182
BRA014158	AT1G48850	95	5.32e-298	808
BRA014160	AT1G48880	87.7	2.64e-300	814
BRA014163	AT1G48950	82.9	0	950
BRA014165	AT1G48970	82.1	0	1020
BRA014171	AT1G49180	85.1	1.37e-152	430
BRA014177	AT1G49230	79.7	1.9e-120	340
BRA014178	AT1G49245	76.5	8.15e-28	95.1
BRA014179	AT1G49300	94.8	3.12e-147	407
BRA014180	AT1G49320	77.7	1.46e-163	454
BRA014182	AT1G49330	55	8.5e-96	293
BRA014184	AT1G49380	86.9	0	892
BRA014186	AT1G49405	93.4	4.7e-94	268
BRA014187	AT1G49410	85.2	1.59e-29	97.8
BRA014189	AT1G49450	84	1.95e-260	715
BRA014190	AT1G49470	86.1	3.51e-183	506
BRA014191	AT1G49475	62.1	1.38e-68	207
BRA014193	AT1G49490	75.2	2.2e-100	327
BRA014195	AT1G49500	77.8	6.91e-28	94.4
BRA014200	AT1G49570	90.9	1.88e-203	562
BRA014201	AT1G49580	86.1	0	1034
BRA014205	AT1G49800	72	6.44e-42	133
BRA014206	AT1G49780	88.9	4.36e-268	731
BRA014217	AT5G49420	58.6	9.2e-55	179
BRA014219	AT1G49840	80.3	6.92e-279	764
BRA014222	AT1G49870	80	0	909
BRA014223	AT1G49880	89.5	2.35e-124	348
BRA014225	AT1G50580	78.6	5.74e-257	705
BRA014226	AT1G49910	93.2	1.08e-242	659
BRA014228	AT1G49960	94.8	0	974
BRA014229	AT1G49970	94.6	6.48e-264	717
BRA014232	AT1G04820	100	0	903
BRA014233	AT1G50020	86.9	3.61e-123	347
BRA014235	AT1G50090	86.2	7.8e-230	629
BRA014238	AT1G50120	75.9	8.38e-314	859
BRA014239	AT1G50140	85.4	0	1611
BRA014240	AT1G50170	77.8	2.49e-121	343
BRA014241	AT1G50180	80.1	0	1424
BRA014242	AT1G50200	91.7	0	1804
BRA014243	AT1G50240	87.5	0	2135
BRA014244	AT1G50280	77.4	5.47e-282	775
BRA014245	AT1G50300	86.8	4.29e-187	522
BRA014251	AT1G50420	85.3	1.07e-291	794
BRA014252	AT1G50430	94.4	0	873
BRA014258	AT1G50940	89.3	1.41e-218	600
BRA014263	AT1G51410	96	1.15e-230	628
BRA014264	AT1G51405	66.1	1.57e-163	469
BRA014265	AT5G01990	89.2	3.71e-269	734
BRA014266	AT5G01980	64.2	2.35e-186	527
BRA014267	AT1G51380	93.6	6.88e-269	731
BRA014272	AT1G51340	90.9	0	872
BRA014273	AT1G51310	86.6	1.01e-315	857
BRA014277	AT4G12750	75.1	0	1340
BRA014278	AT1G51200	87.6	2.14e-104	296
BRA014282	AT1G51120	76.1	9.91e-180	501
BRA014283	AT1G51090	82	9.77e-58	177
BRA014285	AT1G51060	94.7	1.5e-81	235
BRA014288	AT1G51510	81.8	1.19e-111	317
BRA014290	AT1G51580	76.7	0	889
BRA014292	AT1G51600	84.4	1.01e-151	424
BRA014294	AT1G51650	85.7	6.12e-43	132
BRA014297	AT1G51700	68	5.19e-76	226
BRA014298	AT1G51710	91.3	6.88001e-319	864
BRA014303	AT1G51950	79.9	2.5e-144	405
BRA014304	AT1G51960	57.4	2.36e-89	269
BRA014305	AT1G51980	89.2	0	870
BRA014308	AT1G52030	64.1	2.27e-252	712
BRA014310	AT1G52080	80.1	2.79e-292	805
BRA014316	AT1G52191	66.7	2.18e-54	167
BRA014317	AT1G52230	95.2	8.67e-96	272
BRA014318	AT1G52245	94.7	1.46e-63	186
BRA014321	AT1G52290	84.8	1.09e-251	697
BRA014322	AT1G52310	84.1	0	913
BRA014324	AT1G52342	74.7	1.24e-36	117
BRA014326	AT2G01320	88.2	0	1244
BRA014328	AT2G01290	90.6	7.23e-168	464
BRA014329	AT2G01275	86.6	5.79e-166	460
BRA014330	AT2G01270	82.5	8.68e-310	843
BRA014331	AT2G01260	74.9	4.07e-183	510
BRA014334	AT2G01250	96.3	4.29e-164	452
BRA014335	AT2G01240	71	1.14e-43	139
BRA014340	AT2G01140	94.9	2.01e-266	724
BRA014343	AT2G01100	83.8	5.23e-12	63.2
BRA014346	AT2G01080	88.5	2.7e-103	299
BRA014348	AT2G01060	90.6	5.91e-164	457
BRA014349	AT5G47780	81.5	0	1005
BRA014354	AT1G55210	95.7	4.3e-128	357
BRA014355	AT1G55190	80.4	1.17e-103	295
BRA014362	AT1G55080	68.8	3.3e-48	159
BRA014364	AT1G54280	93.1	0	2286
BRA014370	AT1G54060	66.9	6.9e-106	314
BRA014371	AT1G54030	81.4	3.8e-236	648
BRA014374	AT1G54010	82.8	5.96e-236	646
BRA014380	AT3G62950	99	3.28e-71	206
BRA014381	AT3G62940	89.1	1.95e-181	503
BRA014384	AT3G62910	92.3	5.35e-261	712
BRA014385	AT1G21150	55.4	1.83e-134	392
BRA014386	AT3G62880	78.5	3.82e-70	206
BRA014389	AT3G62840	98.1	8.72e-71	206
BRA014390	AT3G62830	91.2	4.9e-302	818
BRA014391	AT3G62810	90.6	1.54e-57	172
BRA014392	AT3G62780	65.4	4.05e-96	284
BRA014393	AT3G62770	95.8	9.5e-251	686
BRA014394	AT3G62760	89.5	8.72e-148	409
BRA014397	AT3G62710	82.3	0	1076
BRA014404	AT3G62270	95.5	0	1325
BRA014409	AT3G62180	82.5	3.83e-125	353
BRA014412	AT3G62060	84.7	4.85e-294	800
BRA014419	AT3G61830	80.8	0	923
BRA014420	AT3G61820	87	1.56e-301	820
BRA014423	AT3G61730	73	7.87e-184	512
BRA014425	AT3G61680	80.7	0	991
BRA014429	AT3G61590	83.4	1.13e-262	718
BRA014433	AT3G61470	96.1	2.07e-185	508
BRA014436	AT3G61440	90.8	4.86e-240	655
BRA014437	AT3G61430	97.6	3.92e-207	565
BRA014438	AT3G61410	54.2	6.67e-104	305
BRA014443	AT3G61320	90.2	3.12e-260	712
BRA014446	AT3G61250	79.1	5.45e-157	439
BRA014447	AT3G61230	84	1.33e-111	317
BRA014449	AT3G61200	69.8	7.85e-78	229
BRA014454	AT3G61120	66.5	4.2e-99	288
BRA014456	AT3G61060	84.9	4.87e-184	507
BRA014465	AT3G60880	91.5	1.83e-254	691
BRA014466	AT3G60860	90.2	0	3085
BRA014467	AT3G60840	80.4	0	916
BRA014473	AT3G60750	94.9	0	1388
BRA014474	AT3G60740	79.8	0	1985
BRA014476	AT3G60690	85.3	1.25e-107	304
BRA014478	AT3G60670	83	3.37e-145	405
BRA014487	AT3G60450	85	6.02e-169	469
BRA014490	AT3G60415	71.5	7.35e-136	383
BRA014493	AT3G60370	84.4	6.05e-141	395
BRA014494	AT3G60360	86	1.62e-136	382
BRA014497	AT3G60320	76.7	0	1055
BRA014498	AT3G60310	70.2	0	887
BRA014499	AT3G60300	73.1	3.14e-138	397
BRA014500	AT3G60290	87	3.36e-230	629
BRA014501	AT3G60280	76.4	1.54e-63	196
BRA014503	AT3G60245	100	6.26e-64	187
BRA014504	AT5G42520	73.9	2.28e-124	358
BRA014505	AT3G60240	72.8	0	2184
BRA014507	AT3G60190	94.2	0	1158
BRA014509	AT3G60150	91.4	1.05e-104	296
BRA014510	AT3G60140	84.3	0	1025
BRA014511	AT3G60120	93.1	0	1019
BRA014513	AT3G60100	90.3	9.53e-315	853
BRA014515	AT3G60070	94.1	1.85e-315	853
BRA014516	AT3G60050	70.8	4.77e-122	363
BRA014522	AT3G59950	76.2	8.25e-251	689
BRA014523	AT3G59920	95.5	2.11e-318	860
BRA014526	AT3G59800	88.7	2.51e-75	223
BRA014529	AT3G59760	88.1	1.36e-253	694
BRA014532	AT3G59700	82.6	0	1071
BRA014536	AT3G59530	89.1	1.55e-284	771
BRA014539	AT3G59490	84.3	4.51e-172	477
BRA014542	AT3G59350	94.2	4.7e-273	743
BRA014543	AT3G59340	84	8.46e-184	511
BRA014544	AT3G60470	51.1	2.66e-164	472
BRA014546	AT3G59280	87.1	1.64e-63	188
BRA014547	AT3G59220	82.7	7.61e-172	476
BRA014551	AT3G58850	76.5	3.8e-47	147
BRA014552	AT3G58780	81.5	5.96e-152	424
BRA014553	AT3G58760	89.4	2.27e-263	725
BRA014556	AT3G58710	87.5	3.02e-146	410
BRA014560	AT3G58670	92.1	4.52e-175	480
BRA014562	AT3G58610	93.2	0	1062
BRA014563	AT3G58600	81.8	1.2e-152	428
BRA014564	AT3G58590	74.4	0	1081
BRA014566	AT3G58580	92.7	0	1135
BRA014567	AT3G58550	86.8	2.04e-85	246
BRA014570	AT3G58480	82.8	0	917
BRA014572	AT3G58410	64.7	8.68e-133	385
BRA014575	AT3G58360	68.7	5.23e-142	401
BRA014576	AT3G58300	76.2	1.42e-86	251
BRA014582	AT3G58160	85.1	0	1675
BRA014583	AT3G58150	65.7	1.21e-80	238
BRA014587	AT1G65870	75.4	6.06e-96	276
BRA014588	AT3G58060	88.1	9.15e-256	698
BRA014589	AT3G58040	88.1	1.87e-205	562
BRA014593	AT3G58010	83.2	7.8e-172	477
BRA014595	AT3G57990	78.5	2.13e-184	513
BRA014600	AT3G57890	85.8	0	1021
BRA014602	AT3G57870	95.6	5.26e-120	334
BRA014604	AT3G57780	64.1	8.91e-260	726
BRA014610	AT3G57700	78.8	4.55e-189	524
BRA014611	AT3G57690	93.4	1.08e-30	101
BRA014612	AT3G57670	79.3	1.69e-180	505
BRA014633	AT3G57290	93.9	3.04e-312	844
BRA014647	AT3G57060	90	0	2255
BRA014648	AT3G57050	89.7	6.48e-303	822
BRA014655	AT3G57010	80.5	3.73e-231	634
BRA014659	AT3G56970	82.4	7.6e-139	390
BRA014660	AT3G56960	92.6	0	1092
BRA014672	AT3G56770	69	3.58e-95	277
BRA014678	AT3G56680	69.2	2.75e-158	446
BRA014681	AT3G56650	85.9	1.29e-153	427
BRA014682	AT3G56620	85.9	2.17e-214	591
BRA014688	AT3G56500	80	2.56e-51	157
BRA014689	AT3G56490	99.2	8.6e-90	256
BRA014692	AT3G56400	67.2	2.2e-115	333
BRA014696	AT3G56360	75.3	2.51e-113	323
BRA014707	AT3G57100	59.4	9.6e-127	367
BRA014710	AT3G56080	83.4	0	1069
BRA014712	AT3G56010	73.3	5.34e-90	262
BRA014716	AT3G55970	88	7.36e-247	672
BRA014719	AT3G55850	90	0	1023
BRA014721	AT3G55770	80.2	5.67e-127	361
BRA014722	AT3G55740	94.1	2.01e-300	814
BRA014733	AT3G55605	76.5	2.78e-122	348
BRA014734	AT3G55570	79.1	1.23e-46	144
BRA014735	AT3G55560	83.9	8.9e-167	465
BRA014736	AT3G55550	85.2	0	1149
BRA014737	AT3G55515	69	3.56e-28	96.7
BRA014741	AT3G55460	78	1e-91	272
BRA014743	AT3G55440	95.7	2.4e-176	484
BRA014747	AT3G55430	88.3	1.8e-304	825
BRA014748	AT3G55420	92.5	1.16e-129	363
BRA014752	AT3G55370	60	2.85e-138	397
BRA014753	AT1G43080	83.7	7.94e-257	701
BRA014755	AT3G55330	84.1	5.2e-136	380
BRA014756	AT3G55320	93	0	2503
BRA014757	AT3G55290	84.9	8e-172	475
BRA014763	AT3G55280	92.2	4.79e-86	248
BRA014765	AT3G55260	89	0	998
BRA014768	AT3G55230	86.9	1.6e-181	502
BRA014771	AT3G55150	86.3	0	1034
BRA014772	AT3G55140	93.7	1.17e-242	659
BRA014773	AT3G55130	84.9	0	1150
BRA014776	AT3G55090	87.5	0	1197
BRA014777	AT3G55070	85.2	3.99e-254	695
BRA014779	AT3G55030	91.4	5.44e-140	391
BRA014785	AT3G54840	92.6	1.19e-129	362
BRA014786	AT3G54800	88	0	1320
BRA014787	AT3G54790	83.8	0	954
BRA014788	AT3G54760	57.8	2.51e-230	662
BRA014797	AT3G54710	61.8	1.54e-165	475
BRA014798	AT3G54700	94.2	0	978
BRA014803	AT3G54610	77.4	2.62e-303	831
BRA014807	AT3G28550	72.3	1.93e-17	87
BRA014808	AT3G54560	97.1	8.89e-87	248
BRA014812	AT3G54490	78.7	7.11e-127	358
BRA014813	AT3G54480	85.5	4.48e-166	461
BRA014815	AT3G54460	82.4	0	2058
BRA014816	AT3G54440	90.2	0	2152
BRA014819	AT3G54400	88.4	6.42e-268	731
BRA014820	AT3G54350	71.1	0	887
BRA014826	AT3G54260	85.3	3.64e-239	670
BRA014828	AT3G54250	95.2	1.11e-296	803
BRA014829	AT3G54240	89.4	2.38e-247	672
BRA014834	AT2G38630	87.7	1.19e-298	812
BRA014835	AT3G54180	90	2.58e-204	560
BRA014837	AT3G54150	83.5	9.43e-189	521
BRA014838	AT3G54140	94	0	1075
BRA014842	AT3G54040	87	1.32e-105	302
BRA014847	AT3G54030	92.2	0	922
BRA014848	AT3G54020	91.8	1.51e-206	565
BRA014849	AT3G54010	86.6	0	1085
BRA014853	AT3G53980	89.9	2.34e-71	208
BRA014855	AT3G53940	81.6	2.32e-207	572
BRA014856	AT3G53930	84.6	0	1132
BRA014857	AT3G53920	75.4	8.51e-272	751
BRA014860	AT3G53830	70.6	2.33e-239	660
BRA014861	AT3G53820	78.6	1.06e-71	211
BRA014862	AT3G53780	78.5	1.23e-240	660
BRA014864	AT3G53770	71.3	1.03e-35	118
BRA014865	AT2G37620	99.7	2.83e-280	758
BRA014866	AT4G10230	68.5	1.03e-113	327
BRA014867	AT4G11790	69.9	1.19e-154	443
BRA014869	AT4G11810	89.7	0	1188
BRA014870	AT4G11820	94.6	0	887
BRA014871	AT4G11850	93.5	0	1623
BRA014875	AT1G30270	93.9	3.31e-304	827
BRA014876	AT1G30280	76.1	2.18e-221	614
BRA014879	AT1G30410	91.5	0	2688
BRA014880	AT1G30450	94.4	0	1816
BRA014882	AT1G30470	92.3	0	1207
BRA014885	AT1G30710	88.1	0	950
BRA014886	AT1G30720	84.4	0	900
BRA014895	AT1G30870	84.3	7.45e-219	600
BRA014898	AT1G30972	65.2	3.14e-17	72
BRA014904	AT1G31160	87.7	4.64e-108	306
BRA014905	AT1G31300	96.4	3.6e-199	544
BRA014906	AT1G31310	76.4	1.81e-159	452
BRA014907	AT1G31320	97.1	1.31e-119	334
BRA014910	AT1G31410	78.7	6.27e-292	799
BRA014911	AT1G31660	80.3	4.2e-235	660
BRA014914	AT3G23160	79.9	5.13e-287	786
BRA014917	AT3G23175	80.6	2.28e-91	263
BRA014918	AT2G40955	52.9	1.93e-07	53.9
BRA014923	AT3G23210	62.5	6.99e-102	300
BRA014924	AT3G23220	77.6	3.14e-63	189
BRA014933	AT3G23255	80.3	2.41e-108	309
BRA014934	AT3G23280	82.7	1.3e-281	768
BRA014935	AT3G23290	87.8	3.87e-106	302
BRA014938	AT3G23325	96.6	4.91e-61	179
BRA014939	AT3G23330	88.5	0	1250
BRA014941	AT3G23350	77.3	1.51e-146	411
BRA014942	AT3G23360	73.6	1.55e-124	355
BRA014943	AT3G23370	54	4.93e-166	489
BRA014946	AT3G23400	77.9	1.56e-146	411
BRA014947	AT3G23410	83.3	0	1233
BRA014955	AT2G26230	89.4	1.17e-200	550
BRA014956	AT3G23490	91.7	1.26e-106	301
BRA014958	AT3G23530	88.6	0	1543
BRA014960	AT3G23540	84.9	0	915
BRA014961	AT3G23570	80.3	5.68e-147	409
BRA014962	AT3G23580	93.3	1.71e-236	644
BRA014963	AT3G23590	89.8	0	2320
BRA014964	AT3G24180	92.2	0	1810
BRA014965	AT3G23600	87	6.31e-160	442
BRA014966	AT3G23610	88.8	7.18e-107	305
BRA014968	AT3G23630	85	1.18e-196	542
BRA014969	AT3G23670	81.7	0	1991
BRA014973	AT3G23700	86.3	9.95e-231	633
BRA014975	AT3G23730	94.2	3.95e-214	583
BRA014976	AT3G23740	52.4	7.64e-173	503
BRA014978	AT3G23760	85.9	7.87e-127	354
BRA014981	AT3G23800	89.3	0	914
BRA014982	AT2G20605	64.7	1.64e-22	81.3
BRA014983	AT3G23805	83.9	2.5e-66	195
BRA014988	AT3G23840	71.9	8.19e-225	621
BRA014989	AT3G23900	77.7	4.57e-269	773
BRA014991	AT3G23880	83.1	6.16e-215	592
BRA014998	AT3G24240	93.8	5.8e-271	793
BRA015000	AT3G24230	76.2	7.32e-253	694
BRA015001	AT1G64810	83.1	7.55e-274	747
BRA015002	AT3G24220	82.6	0	977
BRA015003	AT3G24210	81.9	0	939
BRA015008	AT3G24150	81.8	4.43e-186	516
BRA015009	AT3G24110	92	1.25e-146	407
BRA015010	AT4G38430	83.4	0	895
BRA015012	AT3G24090	94.8	0	1253
BRA015013	AT3G24080	50.6	4.5e-132	401
BRA015014	AT3G24030	87.5	2.64e-165	458
BRA015016	AT3G24010	83.1	3.93e-126	356
BRA015021	AT3G23950	59.1	9.82e-187	525
BRA015024	AT3G23930	70.5	8.18e-84	248
BRA015025	AT3G23920	89.4	0	1054
BRA015029	AT3G24310	84.3	1.06e-155	434
BRA015032	AT3G24315	90.5	1.21e-173	481
BRA015033	AT3G24320	90.9	0	2030
BRA015034	AT3G24330	86.8	0	884
BRA015036	AT3G24350	72.5	2.97e-149	424
BRA015038	AT3G24420	91.9	5.35e-178	490
BRA015039	AT3G24440	77.4	6.7e-315	864
BRA015041	AT3G24463	63.2	9.84e-52	160
BRA015048	AT3G24500	95.1	3.85e-87	252
BRA015049	AT3G47740	78.5	0	1430
BRA015050	AT3G24520	76.1	6.21e-156	438
BRA015052	AT3G24530	94.2	4.38e-305	829
BRA015053	AT3G24550	94.9	1.69e-278	776
BRA015054	AT3G24560	80.2	0	1033
BRA015058	AT3G50280	66.5	1.66e-208	582
BRA015061	AT3G24590	83.4	3.13e-161	450
BRA015062	AT3G24600	88.6	7.79e-190	523
BRA015063	AT3G24605	80.9	1.93e-167	466
BRA015068	AT3G24620	92	0	920
BRA015069	AT3G24630	67.3	8.03e-265	747
BRA015070	AT3G24670	90.3	1.64e-297	809
BRA015073	AT3G25530	94.1	3.29e-196	538
BRA015074	AT3G24740	76.6	1.74e-183	511
BRA015075	AT3G24750	65.4	2.97e-91	271
BRA015076	AT3G24760	73.5	1.85e-194	541
BRA015087	AT3G24820	69.5	1.35e-70	211
BRA015089	AT3G24840	68.9	2.64e-260	722
BRA015090	AT3G24860	73.5	2.66e-123	354
BRA015091	AT3G24880	74.5	0	2604
BRA015092	AT3G25030	73.4	8.38e-92	268
BRA015093	AT3G25050	83	4.75e-178	499
BRA015099	AT3G25110	88.8	5.17e-232	634
BRA015100	AT3G25120	75.1	2.48e-96	277
BRA015102	AT3G25130	67.1	6.49e-117	343
BRA015105	AT3G25150	76.4	5.01e-212	597
BRA015107	AT1G32660	54.5	1.61e-131	386
BRA015112	AT3G25170	64.4	1.87e-28	96.7
BRA015118	AT1G17450	82.2	0	2891
BRA015120	AT3G25250	82.6	1.18e-235	648
BRA015122	AT3G25400	85.1	2.74e-77	224
BRA015123	AT3G25410	76.4	2.81e-215	598
BRA015124	AT3G25420	76.6	1.68e-292	798
BRA015126	AT3G25430	87.1	0	1014
BRA015127	AT3G25440	77.8	3.52e-213	593
BRA015128	AT3G25470	84.3	8.95e-181	500
BRA015132	AT2G04039	79.3	2.18e-67	204
BRA015133	AT2G04100	84.7	8.62e-299	813
BRA015134	AT2G06020	59.1	3.97e-103	303
BRA015139	AT2G04220	88.9	4.99e-201	551
BRA015141	AT2G04235	59.9	0	1274
BRA015144	AT2G04270	83.7	0	1648
BRA015145	AT2G04280	87.3	0	1005
BRA015146	AT2G04305	87.6	3.74e-281	765
BRA015149	AT2G04360	70.8	1.7e-177	495
BRA015150	AT2G04480	69.8	1.05e-77	231
BRA015154	AT2G04550	80.8	3.97e-145	406
BRA015155	AT2G04560	78.2	1.61e-264	726
BRA015156	AT2G04890	87.7	3.15e-206	569
BRA015157	AT2G04900	98.2	3.58e-80	230
BRA015160	AT2G05170	91.4	0	1716
BRA015163	AT2G05160	84.2	0	897
BRA015164	AT2G05310	88	3.88e-71	208
BRA015166	AT2G05790	90.1	4.52e-314	851
BRA015169	AT2G05830	92.2	2.04e-239	654
BRA015170	AT2G05840	96.7	1.39e-171	472
BRA015171	AT2G05910	84.9	2.1e-113	322
BRA015172	AT2G05920	89.9	0	1306
BRA015174	AT2G05940	87	1.86e-281	768
BRA015179	AT2G06000	77.8	1.58e-12	67.4
BRA015180	AT2G06005	80.6	1.14e-191	532
BRA015181	AT2G06010	94.1	5.03e-132	367
BRA015182	AT2G06025	84.3	3.67e-167	464
BRA015183	AT2G06040	64.4	9.03e-280	786
BRA015184	AT2G06200	70.1	7.78e-113	331
BRA015186	AT3G01710	64.4	1.08e-108	321
BRA015191	AT5G51400	88	1.41e-162	459
BRA015192	AT5G51390	64.1	9.37e-41	130
BRA015194	AT5G51340	88	0	1228
BRA015200	AT5G51230	91.1	0	1113
BRA015204	AT3G47570	73.8	9.15e-262	761
BRA015208	AT1G66760	85.7	4.4e-296	806
BRA015209	AT2G17970	73.1	6.54e-249	689
BRA015213	AT4G38495	70.2	1.56e-51	158
BRA015217	AT2G15370	76.4	8.88e-309	843
BRA015218	AT2G15430	94.6	3.17e-209	573
BRA015219	AT2G15480	84.8	2.08e-309	841
BRA015221	AT2G15530	63.5	3.48e-265	745
BRA015222	AT2G15560	69.4	2.84e-234	650
BRA015223	AT2G15570	84.6	4.49e-93	267
BRA015225	AT2G15580	85.1	5.22e-119	335
BRA015227	AT2G15620	93.2	0	1094
BRA015229	AT2G15630	80.1	2.81e-110	344
BRA015235	AT2G15770	81.5	6e-70	218
BRA015237	AT2G15790	92.5	1.15e-255	694
BRA015239	AT2G20810	89.8	0	977
BRA015241	AT2G15820	75.7	0	1191
BRA015243	AT2G15860	80.7	4.81e-273	751
BRA015246	AT2G15900	82.3	0	1610
BRA015256	AT1G03700	89.7	1.17e-96	276
BRA015258	AT1G03710	57.8	5.45e-70	212
BRA015259	AT1G03720	58.1	8.79e-43	142
BRA015260	AT1G03740	78.6	0	1083
BRA015263	AT1G03780	77.8	0	1053
BRA015264	AT1G03790	72.9	8.23e-195	543
BRA015268	AT1G03810	75.9	1.89e-70	207
BRA015269	AT1G03820	67	3.22e-86	254
BRA015271	AT1G03840	78.4	1.03e-251	695
BRA015274	AT1G03870	84.4	3.92e-145	405
BRA015275	AT1G03880	84.3	8.43e-285	776
BRA015276	AT1G65660	88.4	0	927
BRA015279	AT1G03920	84.5	0	937
BRA015280	AT1G03950	92.9	5.18e-99	285
BRA015281	AT1G03970	70.5	7.21e-104	302
BRA015282	AT1G03982	78.8	1.2e-40	135
BRA015283	AT1G03990	79.6	0	1222
BRA015286	AT1G04070	69.8	2.07e-41	130
BRA015287	AT1G04080	76.7	0	1110
BRA015288	AT1G04090	82.2	0	981
BRA015289	AT1G04100	62.9	1.16e-91	271
BRA015290	AT1G04110	85.7	0	1339
BRA015291	AT1G04120	91.8	0	2677
BRA015295	AT1G04210	81.6	0	1503
BRA015296	AT1G04220	92.1	0	947
BRA015297	AT1G04240	84.7	1.74e-113	324
BRA015300	AT1G04280	81.6	5.11e-308	841
BRA015301	AT1G04290	80.6	3.06e-80	233
BRA015302	AT1G04300	71.4	0	1310
BRA015303	AT1G04310	79.7	0	908
BRA015304	AT1G04330	89	4.39e-61	181
BRA015305	AT1G04340	89.5	3.63e-91	261
BRA015308	AT1G04360	76.6	7.3e-195	541
BRA015310	AT1G04370	88.2	1e-75	220
BRA015311	AT1G04380	76.2	5.77e-200	552
BRA015312	AT1G04390	73.8	0	1413
BRA015315	AT1G04420	86.8	4.83e-232	639
BRA015318	AT1G04470	86	0	1691
BRA015321	AT1G04500	84.5	7.03e-219	603
BRA015322	AT1G04510	91.2	0	952
BRA015323	AT1G04520	87.9	4.64e-167	466
BRA015324	AT1G04530	59.5	2e-121	350
BRA015326	AT1G04550	79	3.09e-120	341
BRA015327	AT1G04555	79.7	2.01e-69	206
BRA015328	AT1G04560	88.6	7.85e-114	321
BRA015329	AT1G04570	83.7	3.03e-307	840
BRA015330	AT1G04580	86.6	0	2330
BRA015331	AT1G04590	76.5	5.24e-187	522
BRA015334	AT1G04610	92.7	7.99e-308	832
BRA015335	AT1G04620	94.6	0	884
BRA015337	AT1G04640	90.6	1.21e-150	424
BRA015341	AT1G04680	92.1	9.21e-286	776
BRA015342	AT1G04690	97.9	6.52e-243	659
BRA015344	AT1G04730	85.1	0	1546
BRA015345	AT1G04750	99.1	6.67e-150	415
BRA015346	AT1G04770	89.1	3.84e-189	521
BRA015348	AT1G04780	83.4	0	1048
BRA015349	AT1G04790	60.5	1.77e-214	610
BRA015350	AT1G04800	72.5	6.05e-22	88.2
BRA015357	AT1G04840	82.1	0	937
BRA015360	AT1G04890	75.5	2.47e-179	509
BRA015362	AT1G04900	91.7	2.56e-303	822
BRA015363	AT1G04910	86	6.53e-310	842
BRA015364	AT1G04920	92.3	0	1584
BRA015367	AT1G04940	87.7	2.72e-172	476
BRA015368	AT1G04950	81.1	4.92e-313	855
BRA015369	AT1G04960	78.5	3.35e-165	462
BRA015370	AT5G42130	89.1	3.21e-189	526
BRA015371	AT1G04970	87.9	6.11e-310	843
BRA015375	AT1G04980	89.8	1.18e-283	771
BRA015376	AT1G04990	74.3	1.39e-123	363
BRA015380	AT1G05010	93.8	7.15e-228	620
BRA015381	AT1G05020	73.9	0	927
BRA015385	AT1G05065	73.7	5.88e-34	110
BRA015388	AT1G05100	81.9	2.02e-210	578
BRA015389	AT1G05120	82.8	0	1212
BRA015391	AT1G05140	82.6	1.48e-249	685
BRA015393	AT1G05150	92.1	0	1232
BRA015394	AT1G05160	91.6	0	931
BRA015396	AT1G05180	85.3	1.84e-318	866
BRA015398	AT1G05200	87.5	0	1674
BRA015400	AT1G05210	84.5	9.09e-100	284
BRA015404	AT1G05260	91.7	8.6e-222	605
BRA015418	AT1G05330	50.4	2.37e-35	120
BRA015419	AT1G05340	77.8	4.61e-32	105
BRA015422	AT1G05410	78.4	1.56e-262	721
BRA015423	AT1G05430	62.1	8.59e-96	282
BRA015424	AT1G05440	59.5	6.3e-109	323
BRA015426	AT1G05450	64.6	8.33e-66	201
BRA015427	AT1G05460	88.7	0	1562
BRA015430	AT1G05490	63.1	0	1300
BRA015431	AT1G05500	92.9	0	1036
BRA015432	AT1G05510	93.8	5.95e-175	480
BRA015433	AT1G05540	73.6	1.17e-203	563
BRA015434	AT1G05550	65.6	2.97e-159	450
BRA015436	AT1G05570	94.2	0	3620
BRA015442	AT1G05580	91.1	0	1457
BRA015443	AT1G05600	83.7	9.68e-215	602
BRA015444	AT1G05610	84.3	8.46e-294	801
BRA015449	AT1G05700	84.3	0	1373
BRA015451	AT1G05760	81.6	9.15e-105	298
BRA015452	AT1G05785	86.3	9.3e-88	254
BRA015454	AT1G05800	81	1.63e-279	764
BRA015456	AT1G05805	83.6	5.59e-187	520
BRA015458	AT1G05860	78.2	1e-149	419
BRA015465	AT1G05920	51.2	1.05e-48	161
BRA015467	AT1G05970	70.7	3.57e-96	280
BRA015469	AT1G06040	83.7	2.26e-147	410
BRA015470	AT1G06050	86	3.14e-191	527
BRA015472	AT1G06080	93.4	2.21e-222	605
BRA015480	AT1G06170	79	5.98e-239	657
BRA015481	AT1G06180	73.7	1.32e-113	325
BRA015482	AT1G06190	65	2.7e-139	402
BRA015483	AT1G06200	86.2	2.07e-120	340
BRA015485	AT1G06230	74.1	2.93e-303	847
BRA015486	AT1G06250	82.8	3.36e-253	699
BRA015488	AT1G06270	91.3	1.62e-186	518
BRA015491	AT1G06290	91.7	0	1271
BRA015499	AT1G06430	93.8	0	1204
BRA015500	AT1G06440	89.1	1.48e-253	691
BRA015503	AT1G06475	71	1.82e-37	120
BRA015504	AT1G06490	89.4	0	3419
BRA015505	AT1G06515	94.3	1.79e-34	110
BRA015506	AT1G06510	75.3	8.41e-125	356
BRA015507	AT1G06520	83.4	0	935
BRA015509	AT1G06540	72.6	2.11e-50	155
BRA015510	AT1G06560	84.4	0	984
BRA015511	AT1G06570	89.3	2.47e-292	794
BRA015512	AT1G06590	90.4	0	1545
BRA015513	AT1G06620	88.2	2.62e-242	660
BRA015521	AT1G06700	87.7	2.88e-230	630
BRA015522	AT1G06720	78.7	0	1632
BRA015523	AT1G06730	88	3.16e-303	825
BRA015529	AT1G06780	79.3	0	959
BRA015531	AT1G06800	86.8	0	898
BRA015533	AT1G06840	86	0	1204
BRA015534	AT1G06870	79.6	7.24e-201	556
BRA015536	AT1G06900	85.7	0	1693
BRA015537	AT1G06930	66.9	8.45e-57	175
BRA015540	AT1G06980	88.9	3.99e-99	282
BRA015543	AT1G07000	87.5	0	1025
BRA015544	AT1G07010	80	2.76e-232	639
BRA015545	AT1G07030	89.7	3.48e-217	594
BRA015547	AT1G07040	83.1	1.88e-206	570
BRA015548	AT1G07050	71.4	3.74e-87	254
BRA015549	AT1G07060	78.5	1.12e-126	360
BRA015554	AT1G07140	87	7.13e-108	309
BRA015560	AT1G07180	90.8	0	917
BRA015562	AT1G07210	68	4.12e-111	321
BRA015564	AT1G07230	92.5	0	1002
BRA015567	AT1G07240	85.6	1.56e-301	820
BRA015568	AT1G07260	79.8	2.57e-278	761
BRA015569	AT1G07270	77.7	7.05e-248	686
BRA015570	AT1G07280	77.2	9.98e-192	546
BRA015571	AT1G07290	70.9	1.43e-173	487
BRA015573	AT1G07310	64	9.3e-130	373
BRA015574	AT1G07320	87.9	3.77e-169	469
BRA015576	AT1G07350	81.4	2.26e-94	285
BRA015578	AT1G07410	95.8	1.7e-143	398
BRA015580	AT1G07440	84.5	1.14e-164	456
BRA015581	AT1G07473	72.4	6.33e-51	157
BRA015583	AT1G07500	70.8	1.94e-34	112
BRA015585	AT1G07540	73.8	2.33e-292	808
BRA015587	AT2G14510	68.8	0	1146
BRA015595	AT1G07620	68	3.32e-247	689
BRA015597	AT1G12280	70	0	1184
BRA015599	AT1G47840	84.2	5.12e-297	810
BRA015600	AT1G47830	98.6	7.38e-95	270
BRA015601	AT1G47820	73.2	1.16e-37	121
BRA015607	AT1G47710	89.8	5.06e-249	681
BRA015608	AT1G47310	78.9	1.57e-205	570
BRA015609	AT1G47655	75.3	8.8e-67	204
BRA015610	AT1G47640	97.4	9.48e-161	443
BRA015611	AT1G47610	77.6	7.25e-174	487
BRA015612	AT1G47550	96.1	0	1599
BRA015613	AT1G47530	94.4	0	885
BRA015615	AT1G47510	82.2	7.62e-198	545
BRA015621	AT1G47290	82.8	5.51e-264	721
BRA015623	AT1G47271	85.6	2.33e-106	302
BRA015624	AT1G47270	82.9	8.5e-238	653
BRA015628	AT1G78120	82.3	2.04e-259	717
BRA015630	AT1G78100	76.5	9.89e-164	459
BRA015634	AT1G78080	74.6	7.48e-163	457
BRA015635	AT1G78070	84.5	4.88e-275	750
BRA015636	AT1G78060	85.9	0	1353
BRA015638	AT1G78040	79.3	1.3e-92	266
BRA015640	AT1G78010	82.4	1.86e-273	752
BRA015641	AT1G78000	94	0	1202
BRA015642	AT1G77990	85.3	0	1063
BRA015643	AT1G77980	81.3	3.42e-182	506
BRA015645	AT1G77950	84.7	9.01e-102	294
BRA015646	AT1G77920	80.1	2.5e-193	536
BRA015647	AT1G77890	80.2	1.5e-259	712
BRA015649	AT1G77860	86.8	1.26e-237	650
BRA015650	AT1G77855	77.6	5.72e-168	469
BRA015654	AT1G77810	88.6	3.65e-255	695
BRA015655	AT1G77800	75.6	0	1981
BRA015657	AT1G77750	92.9	4.53e-100	283
BRA015660	AT1G77640	80.8	3.93e-89	263
BRA015661	AT1G77620	66.6	0	1363
BRA015663	AT1G77580	59.9	2.18e-136	421
BRA015665	AT1G77510	84	2.33e-309	842
BRA015666	AT5G64870	93	1.58e-275	754
BRA015667	AT1G77500	64.6	0	954
BRA015668	AT1G77490	82	1.84e-247	679
BRA015669	AT1G77480	79.3	3.61e-273	747
BRA015670	AT1G77400	76.4	1.19e-108	321
BRA015671	AT1G77390	68.3	2.34e-193	541
BRA015673	AT1G77380	92.6	0	886
BRA015676	AT1G77320	70.4	0	1385
BRA015677	AT1G77310	65	4.38e-252	711
BRA015678	AT1G77300	67.4	0	2097
BRA015679	AT1G77290	93.6	5.96e-182	503
BRA015681	AT1G77260	87	0	1177
BRA015684	AT1G77220	90.2	0	880
BRA015685	AT1G77210	89.3	0	886
BRA015686	AT1G77200	70.7	2.23e-88	261
BRA015687	AT1G77180	83.6	0	908
BRA015688	AT1G77170	79.9	5.92e-226	624
BRA015689	AT1G77145	69.2	4.8e-123	350
BRA015692	AT1G77122	76.9	2.26e-120	348
BRA015693	AT1G77120	95.3	1.24e-275	746
BRA015694	AT1G77110	87.3	0	954
BRA015696	AT1G77090	85.4	1.23e-159	443
BRA015697	AT1G77060	93.2	1.48e-222	608
BRA015698	AT1G77020	86.6	2.05e-213	588
BRA015701	AT1G76990	92.7	4.01e-315	852
BRA015706	AT1G76955	55.9	2.73e-14	60.5
BRA015709	AT1G76940	63.6	3.47e-93	272
BRA015715	AT1G76890	71.1	7.81e-230	646
BRA015718	AT1G76800	93.1	4.58e-113	320
BRA015719	AT1G76790	79.8	1.25e-217	598
BRA015721	AT1G76760	83	1.37e-96	276
BRA015723	AT1G76710	79.9	2.71e-275	754
BRA015724	AT1G76700	84.3	3.01e-234	643
BRA015725	AT1G76670	91.8	1.93e-224	614
BRA015728	AT1G76640	88.7	1.5e-84	244
BRA015729	AT1G76630	88.3	0	2025
BRA015730	AT1G76620	83	1.74e-280	771
BRA015731	AT1G76590	88.4	2.41e-156	433
BRA015732	AT1G76580	70.9	0	1365
BRA015733	AT1G76560	74.3	1.07e-59	180
BRA015734	AT1G76550	94	0	1167
BRA015735	AT1G76540	92.3	1.01e-218	597
BRA015736	AT1G76520	89.5	2.87e-252	688
BRA015737	AT1G76510	64.8	1.33e-187	526
BRA015738	AT1G76500	77.2	8.45e-130	370
BRA015740	AT1G76470	79.3	3.77e-183	508
BRA015741	AT1G76460	74.1	1.2e-143	405
BRA015742	AT1G76450	82.1	9.14e-143	399
BRA015750	AT1G76420	81.6	1.88e-188	522
BRA015752	AT1G76405	89.8	1.67e-115	323
BRA015753	AT1G76400	89.8	0	1053
BRA015754	AT1G76390	85.6	0	1306
BRA015756	AT1G76370	84.1	9.79e-231	633
BRA015758	AT1G76350	82.7	0	1268
BRA015762	AT1G76310	79	1.02e-252	694
BRA015770	AT1G76280	82.1	0	1295
BRA015771	AT1G76270	91	0	1046
BRA015772	AT1G76260	93.7	1.16e-238	650
BRA015773	AT1G76250	85.7	7.18e-270	736
BRA015774	AT1G76240	83.8	7.6e-174	483
BRA015776	AT1G76220	75.4	1.08e-119	341
BRA015777	AT1G76210	87.2	3.23e-130	365
BRA015778	AT1G76190	80.3	8.12e-63	187
BRA015781	AT1G76160	91.3	0	1026
BRA015782	AT1G76150	88.3	1.12e-199	548
BRA015783	AT1G76140	88.6	0	1457
BRA015784	AT1G76130	92.7	2.79e-312	842
BRA015785	AT1G64890	82.8	1.1e-237	655
BRA015786	AT1G76120	72.4	4.91e-229	634
BRA015787	AT1G76110	84.6	9.23e-198	546
BRA015789	AT1G76090	88.6	4.64e-250	680
BRA015790	AT1G76080	86.9	5.65e-184	508
BRA015791	AT1G76070	75.2	7.97e-115	330
BRA015793	AT3G59610	55	3.05e-196	556
BRA015795	AT1G76050	79.3	7.61e-230	634
BRA015796	AT1G76040	82.2	5.07e-282	776
BRA015797	AT1G76030	99.2	0	957
BRA015799	AT1G75990	90.8	5.3e-296	806
BRA015802	AT1G75900	85.2	4.99e-235	642
BRA015803	AT1G75890	82.1	2.36e-211	583
BRA015804	AT1G75880	86.6	3.7e-195	539
BRA015806	AT1G75850	93.1	0	1464
BRA015812	AT1G75820	93.8	4.08e-251	723
BRA015813	AT1G75810	80	1.29e-31	108
BRA015815	AT1G75780	98.7	0	898
BRA015816	AT1G75770	52.1	5.33e-51	164
BRA015817	AT5G11180	78.6	0	1364
BRA015821	AT1G75730	57.8	7.38e-149	436
BRA015822	AT1G75720	65	2.33e-77	230
BRA015823	AT1G75717	77.9	9.8e-45	139
BRA015824	AT1G75710	85	4.39e-263	721
BRA015825	AT1G75700	69.3	1.13e-95	276
BRA015826	AT1G75690	91.2	9.86e-78	227
BRA015828	AT1G75660	84	0	1608
BRA015829	AT1G75640	90	1.89e-288	838
BRA015830	AT1G75620	78.9	0	892
BRA015832	AT1G75580	94.4	1.59e-69	202
BRA015833	AT1G75560	82.9	5.47e-44	148
BRA015834	AT1G75550	70.7	2.69e-31	110
BRA015836	AT1G75530	55.2	8.1e-179	514
BRA015842	AT1G75450	93.6	0	995
BRA015843	AT1G75440	94.4	2.5e-114	320
BRA015844	AT1G75430	85.2	3.98e-179	494
BRA015845	AT1G75410	79.4	1.45e-258	715
BRA015846	AT1G75400	81.6	1.05e-237	658
BRA015850	AT1G75350	83.7	1.18e-82	239
BRA015851	AT1G75340	60.2	7.73e-132	385
BRA015852	AT1G75310	62.1	0	1404
BRA015853	AT1G75280	85.9	2.91e-189	522
BRA015855	AT1G75260	56.9	2.71e-108	332
BRA015856	AT1G75250	91.1	2.19e-54	164
BRA015857	AT1G75240	81.4	1.14e-98	292
BRA015860	AT1G75200	86.9	0	1137
BRA015861	AT1G75190	72.7	6.4e-13	61.2
BRA015863	AT1G75170	89.9	2.1e-193	535
BRA015864	AT1G75150	65.1	6.02e-258	736
BRA015865	AT1G75130	82.4	3.12e-205	572
BRA015866	AT1G75100	61.3	2.16e-235	666
BRA015867	AT1G75090	77.5	1.68e-158	444
BRA015869	AT1G75060	77	1.28e-125	355
BRA015870	AT1G75050	85	5.47e-153	425
BRA015875	AT1G75010	83.7	0	1006
BRA015876	AT1G75000	85.9	1.62e-163	454
BRA015877	AT1G74990	72.5	1.03e-66	197
BRA015878	AT1G74970	90.4	1.8e-124	350
BRA015879	AT1G74960	90.5	0	961
BRA015880	AT1G74950	71.2	1.4e-102	297
BRA015882	AT1G74930	71.1	3.64e-80	236
BRA015883	AT1G74910	93.5	3.53e-263	717
BRA015884	AT1G74900	78.4	3.16e-96	297
BRA015886	AT1G74880	87.8	9.58e-87	250
BRA015887	AT1G74870	55	3.14e-95	282
BRA015888	AT1G74860	61.8	2.42e-131	380
BRA015889	AT1G74850	95.6	1.36e-210	619
BRA015890	AT1G74840	70.9	1.2e-111	321
BRA015891	AT1G74830	76.1	3.95e-269	743
BRA015892	AT1G74800	89.2	0	1222
BRA015893	AT1G74790	88	0	1251
BRA015894	AT1G74770	79.6	0	2033
BRA015895	AT1G74750	75.3	1.07e-207	607
BRA015896	AT1G74740	91.2	0	996
BRA015898	AT1G74660	90.1	1.6e-46	144
BRA015899	AT1G74650	71.3	1.21e-152	431
BRA015900	AT1G74600	83.9	0	1309
BRA015901	AT1G74590	78.4	3.86e-130	366
BRA015902	AT1G74580	82.4	2.26e-64	228
BRA015903	AT1G74530	86.4	2.28e-189	522
BRA015907	AT1G74480	64.5	3.69e-114	330
BRA015910	AT1G74440	88.9	3.93e-127	356
BRA015911	AT1G74430	72	4.27e-120	344
BRA015913	AT1G74410	88.3	1.29e-105	303
BRA015914	AT1G74390	75.9	9.92e-253	699
BRA015915	AT1G74380	95.8	0	900
BRA015917	AT1G74360	80	0	1167
BRA015918	AT1G74350	87.4	0	1313
BRA015919	AT1G74340	96.3	1.62e-47	145
BRA015920	AT1G74330	86.1	0	1087
BRA015921	AT1G74320	89.8	6.09e-233	635
BRA015922	AT1G74310	95.2	0	1639
BRA015923	AT1G74300	80.8	1.12e-220	605
BRA015924	AT1G74260	91	0	2531
BRA015925	AT1G74240	89.1	6.85e-237	647
BRA015926	AT1G74230	75.7	5.2e-93	276
BRA015929	AT1G74180	58.2	1.35e-222	656
BRA015931	AT1G74150	75.3	3.69e-265	739
BRA015933	AT1G74120	73.3	7.12e-238	655
BRA015934	AT1G74110	87.7	0	933
BRA015938	AT1G74090	85.8	3.62e-229	626
BRA015940	AT1G74060	93.1	1.67e-152	422
BRA015941	AT1G74055	78.6	3.18e-75	220
BRA015942	AT1G74030	96	0	896
BRA015946	AT1G73990	88.2	0	1138
BRA015949	AT1G73970	83.8	0	1236
BRA015950	AT1G73965	67	9.24e-43	135
BRA015951	AT1G73960	85.3	0	2256
BRA015952	AT1G73950	89.1	4.91e-315	853
BRA015953	AT1G73940	87.1	6.99e-75	220
BRA015955	AT1G73890	74	6.99e-89	258
BRA015956	AT1G73875	71.8	1.19e-235	651
BRA015958	AT1G73850	73.7	1.02e-293	812
BRA015960	AT1G73830	82	9.9e-143	400
BRA015963	AT1G73810	73.7	1.9e-191	533
BRA015967	AT1G73760	70.2	2.97e-161	455
BRA015968	AT1G73750	79.7	1.21e-250	689
BRA015969	AT1G73740	84.3	3.39e-256	701
BRA015970	AT1G73730	83.1	0	925
BRA015971	AT1G73720	89.5	4.04e-272	748
BRA015972	AT1G73710	79.3	5.32e-128	395
BRA015973	AT1G73700	93.6	1.84e-314	852
BRA015974	AT1G73690	87.4	8.26e-256	697
BRA015976	AT1G73660	83	0	1494
BRA015978	AT1G73640	92.3	1.32e-151	420
BRA015979	AT1G73630	86.5	8.96e-69	205
BRA015980	AT1G73620	93.1	7.7e-173	476
BRA015981	AT1G58270	70.2	3.34e-195	543
BRA015984	AT1G73560	73	9.12e-55	167
BRA015989	AT1G73480	86.1	6.18e-251	688
BRA015991	AT1G73430	93.2	0	1387
BRA015992	AT1G73410	78.9	1.86e-134	377
BRA015993	AT1G73400	72.5	4.86e-181	522
BRA015994	AT1G73390	85.2	1.6e-275	751
BRA015995	AT1G73370	91.5	0	1700
BRA015996	AT1G73360	82.7	0	1115
BRA015998	AT1G73340	89.5	0	883
BRA015999	AT1G73325	81.3	2.06e-119	338
BRA016001	AT1G73300	75.1	1.05e-251	690
BRA016008	AT1G73250	91.9	1.98e-214	586
BRA016009	AT1G73240	83.6	3.79e-308	840
BRA016011	AT1G73220	89.2	0	928
BRA016012	AT1G73210	87.4	3.57e-208	570
BRA016013	AT1G73200	74.5	0	1070
BRA016015	AT1G73165	82.4	4.7e-35	113
BRA016016	AT1G73120	82.7	1.52e-61	182
BRA016017	AT1G73110	88.7	4.98e-267	728
BRA016018	AT1G73100	77.9	0	1053
BRA016019	AT1G73066	83.7	2.15e-47	175
BRA016020	AT1G73060	91.3	8.07e-238	649
BRA016021	AT1G73050	90.6	0	996
BRA016023	AT1G73020	89.4	0	1165
BRA016026	AT1G72960	91	0	1375
BRA016028	AT1G72950	69.4	5.54e-177	496
BRA016031	AT1G72830	78.3	5.11e-168	470
BRA016033	AT1G72790	57.3	3.17e-133	395
BRA016034	AT1G72770	80.3	1.92e-286	783
BRA016035	AT1G72760	71.6	1.53e-288	805
BRA016038	AT1G72720	68	9.18e-58	175
BRA016039	AT1G72710	92.5	2.57e-307	833
BRA016040	AT1G72700	92.7	0	2249
BRA016041	AT1G72680	88.2	2.59e-235	642
BRA016042	AT1G72670	87.2	1.98e-234	645
BRA016043	AT1G72660	94.8	4.93e-280	759
BRA016044	AT1G72650	67.2	1.43e-273	760
BRA016045	AT1G72640	62.1	8.19e-122	350
BRA016048	AT1G72600	64.7	6.2e-15	66.2
BRA016049	AT1G72560	84.2	0	1627
BRA016053	AT1G72500	87.3	0	1345
BRA016054	AT1G72490	79.5	3.65e-135	383
BRA016055	AT1G72480	87.4	0	877
BRA016056	AT1G72450	73.2	3.46e-127	362
BRA016057	AT1G72440	75.6	0	1202
BRA016059	AT1G72420	68.2	1.57e-117	333
BRA016060	AT1G72416	77.5	1.37e-85	249
BRA016061	AT1G72390	76.5	0	1751
BRA016063	AT1G72360	53.1	8.78e-79	238
BRA016064	ATCG00790	74.4	2.56e-66	204
BRA016065	AT1G72320	81.3	0	1134
BRA016067	AT1G72310	75.7	3.49e-126	362
BRA016073	AT1G72290	64.2	9.44e-85	250
BRA016074	AT1G72280	86.6	1.69e-310	842
BRA016076	AT1G72250	73.9	0	1560
BRA016081	AT1G72180	88.1	5.84e-284	815
BRA016082	AT1G72175	93	2.8e-125	350
BRA016083	AT1G72170	73	1.86e-47	146
BRA016086	AT1G72090	86.6	0	1023
BRA016087	AT1G72070	86.7	1.33e-33	116
BRA016088	AT1G72040	75.6	4.76e-303	832
BRA016092	AT1G71990	85.6	5.07e-263	716
BRA016093	AT1G71980	84.5	8.55e-259	709
BRA016094	AT1G71970	76.5	2.64e-102	295
BRA016095	AT1G71960	87.2	0	1122
BRA016098	AT1G71930	88.4	1.28e-208	572
BRA016100	AT1G71910	68.4	2.58e-62	189
BRA016102	AT1G71900	94.3	2.61e-208	573
BRA016106	AT1G71850	83.2	4.08e-235	652
BRA016108	AT1G71860	80.9	6.71e-197	544
BRA016109	AT1G71865	89.5	4.14e-58	173
BRA016110	AT1G71866	74.6	1.43e-33	112
BRA016113	AT1G71820	91.8	0	1344
BRA016114	AT1G71810	79.5	0	1012
BRA016116	AT1G71790	96.9	1.84e-181	498
BRA016118	AT1G71770	84.2	0	1084
BRA016119	AT1G71760	62.5	4.5e-105	305
BRA016120	AT1G71750	80.3	1.02e-110	313
BRA016121	AT1G71740	77.8	4.43e-69	203
BRA016122	AT1G71730	67.2	3.15e-61	186
BRA016123	AT1G71720	78.2	3.18e-267	734
BRA016124	AT1G71710	84.6	0	1061
BRA016126	AT1G71697	89.6	4.5e-234	638
BRA016127	AT1G71695	89.5	7.05e-229	626
BRA016131	AT1G71690	77.9	6.51e-158	441
BRA016132	AT1G71530	86.6	0	1090
BRA016133	AT1G71520	78.9	2.21e-71	210
BRA016134	AT1G71500	87.5	9.4e-170	482
BRA016135	AT1G71460	85.7	0	1163
BRA016137	AT1G71440	79.7	3.11e-288	790
BRA016139	AT1G71420	83.8	0	1199
BRA016143	AT1G71380	89.6	0	892
BRA016144	AT1G71360	71.4	1.48e-228	644
BRA016146	AT1G71350	86.5	0	1010
BRA016147	AT5G26780	89.5	0	932
BRA016148	AT1G71340	85.7	1.49e-182	505
BRA016149	AT1G71270	95.8	0	1305
BRA016150	AT1G71260	69.8	6.59e-109	313
BRA016151	AT1G71240	83.7	0	1328
BRA016153	AT3G63510	77.7	2.94e-226	622
BRA016154	AT1G71220	90.1	0	2845
BRA016155	AT1G71210	74.5	0	1086
BRA016157	AT1G71150	75	7.77e-178	496
BRA016158	AT1G71140	82.5	1.25e-284	778
BRA016159	AT1G71090	87.9	5.63e-273	746
BRA016160	AT1G71080	86.3	2.4e-158	445
BRA016162	AT1G71050	88.2	1.51e-92	264
BRA016163	AT1G71040	90.3	0	1017
BRA016164	AT1G71030	71.4	1.05e-93	271
BRA016166	AT1G71015	78.9	6.42e-97	279
BRA016169	AT1G71000	71.7	3.35e-76	224
BRA016170	AT1G70990	69.3	3.04e-43	139
BRA016171	AT1G70985	58.6	5.22e-29	102
BRA016172	AT1G70950	67.6	2.28e-193	546
BRA016174	AT1G70920	81.8	1.31e-109	312
BRA016176	AT1G70900	91.4	6.08e-165	455
BRA016177	AT1G70895	50.5	4.19e-23	84.7
BRA016184	AT1G70820	90.9	0	1107
BRA016185	AT1G70810	85.5	3.92e-104	295
BRA016186	AT1G70790	93	3.84e-132	367
BRA016190	AT1G70750	58.1	1.32e-291	822
BRA016191	AT1G70740	88	4.98e-274	746
BRA016194	AT1G70690	65.3	1.97e-133	380
BRA016196	AT1G70650	76.3	3.85e-196	557
BRA016197	AT1G70640	67.2	9.18e-66	198
BRA016198	AT1G70630	79.2	0	1049
BRA016199	AT1G16210	63.3	2.68e-52	170
BRA016200	AT1G70590	81.5	2.53e-141	404
BRA016202	AT1G70580	96.7	0	943
BRA016203	AT1G70560	88.7	2.88e-257	700
BRA016206	AT1G70530	84.6	0	1070
BRA016207	AT1G70520	85.8	0	1115
BRA016213	AT1G70500	83.8	3.22e-293	798
BRA016214	AT5G42140	80.5	0	1632
BRA016216	AT1G70480	84.5	1.3e-187	522
BRA016219	AT1G70440	65.2	8.29e-135	384
BRA016224	AT1G70370	88.2	1.26e-257	721
BRA016225	AT1G70300	87.9	0	1362
BRA016227	AT1G70280	78.1	3.15e-252	698
BRA016229	AT1G70230	84.2	5.85e-276	750
BRA016232	AT1G70150	80.7	5.42e-237	648
BRA016233	AT1G70140	71.8	1.65e-302	847
BRA016234	AT1G70130	83	0	1051
BRA016235	AT1G70110	76.3	0	1034
BRA016236	AT1G70100	62.7	3.58e-164	473
BRA016237	AT1G70090	87.9	2.31e-261	711
BRA016240	AT1G70070	90.6	0	1978
BRA016241	AT1G70060	79.2	0	1889
BRA016243	AT1G70040	69.3	8.78e-83	243
BRA016244	AT1G69990	81.5	1.01e-297	820
BRA016245	AT1G69980	63.5	1.41e-75	226
BRA016247	AT1G69960	96.4	1.51e-228	621
BRA016249	AT1G69935	74.2	5.72e-57	177
BRA016252	AT1G69920	84.7	6.89e-140	391
BRA016258	AT1G69880	80.8	6.71e-84	242
BRA016259	AT1G69870	85.4	0	1063
BRA016260	AT1G69860	84.3	0	902
BRA016261	AT1G69840	97.2	1.24e-194	533
BRA016262	AT1G69830	87.3	0	1592
BRA016265	AT1G69790	90.4	2.99e-250	683
BRA016266	AT1G69780	88.1	7.99e-145	408
BRA016268	AT1G69750	90.8	1.38e-63	187
BRA016270	AT1G69740	91.6	1.1e-280	763
BRA016275	AT1G26550	97.2	1.4e-95	271
BRA016279	AT1G26600	71.7	2.7e-52	161
BRA016280	AT1G26610	68.9	2.29e-182	515
BRA016282	AT1G26630	90.6	3.04e-105	297
BRA016284	AT1G35350	81.4	0	1218
BRA016285	AT1G26780	78.6	1.62e-202	559
BRA016286	AT1G26790	66.2	1.02e-125	364
BRA016288	AT1G26799	68.7	7.57e-77	224
BRA016292	AT1G26840	89.4	1.93e-181	500
BRA016297	AT1G26930	86.2	2.39e-275	749
BRA016299	AT1G26945	97.9	3.6e-55	165
BRA016300	AT1G26960	79.2	2.4e-121	345
BRA016301	AT1G26970	81.5	5.13e-229	631
BRA016302	AT1G27000	83	1.96e-165	461
BRA016304	AT1G27060	77.6	1.99e-209	578
BRA016305	AT1G27090	70.7	1.75e-159	455
BRA016307	AT1G27110	75.9	6.16e-261	718
BRA016319	AT1G24145	64.2	4.03e-19	76.3
BRA016326	AT1G23995	64.9	1.43e-24	87.8
BRA016328	AT1G23870	91.2	0	1632
BRA016330	AT1G23800	91.1	0	983
BRA016338	AT1G23600	57.2	5.82e-104	303
BRA016343	AT1G23530	64	1.18e-52	166
BRA016344	AT2G47170	99.4	9.49e-131	363
BRA016345	AT1G23460	88.5	2.29e-305	828
BRA016349	AT1G23360	84.5	6.31e-158	439
BRA016353	AT1G23310	95.6	0	930
BRA016355	AT1G23260	97.5	2.33e-113	317
BRA016357	AT1G23190	96.4	0	1119
BRA016358	AT1G23180	80.4	0	1267
BRA016359	AT1G23160	82.5	0	988
BRA016360	AT1G23150	77.3	1.72e-72	213
BRA016363	AT1G23120	84.5	2.36e-87	253
BRA016364	AT5G28010	79.6	2.37e-94	270
BRA016372	AT1G22740	86.6	3.31e-133	377
BRA016373	AT1G22620	92.8	0	1684
BRA016375	AT1G22570	85.4	0	939
BRA016376	AT1G22520	89.5	1.76e-39	130
BRA016377	AT1G22490	81.2	1.08e-139	397
BRA016382	AT1G22370	78.2	4.48e-290	791
BRA016383	AT1G22280	91.6	8.16e-187	513
BRA016388	AT1G22100	85	1.44e-268	739
BRA016391	AT1G22030	89.3	8.55e-197	543
BRA016393	AT1G22015	83.8	4.76e-244	667
BRA016396	AT1G21980	93.2	0	1007
BRA016400	AT1G21910	82.4	1.04e-100	290
BRA016401	AT1G21900	73.7	1.49e-119	339
BRA016403	AT1G21870	91.2	8.13e-235	640
BRA016404	AT1G21830	83.6	1.48e-113	322
BRA016405	AT1G21750	89.5	0	893
BRA016409	AT1G21700	80.8	0	1171
BRA016412	AT1G21650	92.1	0	1786
BRA016416	AT1G21580	52.5	0	1657
BRA016420	AT1G21480	92.2	0	873
BRA016422	AT1G21410	91.9	3.02e-134	386
BRA016423	AT1G21400	89.2	1.48e-306	834
BRA016428	AT1G21250	71.5	0	1055
BRA016435	AT1G21070	86.3	1.8e-220	605
BRA016436	AT1G21065	88.3	1.97e-113	321
BRA016443	AT1G20910	71.3	2.14e-183	514
BRA016444	AT1G20900	87.6	1.09e-160	450
BRA016446	AT1G20860	87.4	0	890
BRA016447	AT1G20850	93	1.53e-242	660
BRA016448	AT1G20840	90.8	0	1273
BRA016449	AT1G20823	85.3	1.18e-116	329
BRA016452	AT1G20790	54	1.38e-116	345
BRA016457	AT1G20650	93.7	2.5e-259	705
BRA016459	AT1G20620	98.6	0	1013
BRA016460	AT1G20610	80.1	1.92e-235	648
BRA016462	AT1G20520	83.1	7.92e-134	375
BRA016463	AT1G20510	89.3	0	964
BRA016464	AT5G38120	73	1.71e-286	788
BRA016468	AT1G20350	64.4	6.94e-91	265
BRA016470	AT1G20340	85	1.54e-90	260
BRA016471	AT1G20270	91.3	2.2e-187	515
BRA016476	AT1G20110	73.3	4.93e-256	713
BRA016477	AT1G20090	100	1.18e-138	384
BRA016478	AT1G20080	82.9	0	885
BRA016482	AT1G19980	64	8.66e-131	376
BRA016486	AT1G19950	73.3	4.15e-125	360
BRA016488	AT1G19910	99.4	1.35e-95	273
BRA016491	AT1G19860	79.4	3.63e-217	600
BRA016497	AT1G19700	69.8	1.46e-206	583
BRA016498	AT1G19640	85.2	2.64e-237	650
BRA016499	AT1G19630	84.9	1.82e-252	693
BRA016501	AT1G19610	89.7	9.08e-53	158
BRA016502	AT1G19580	91.5	5.01e-171	473
BRA016504	AT1G19500	81.3	6.35e-34	110
BRA016505	AT1G19485	79.1	0	1261
BRA016506	AT1G19380	78.2	7.13e-76	222
BRA016512	AT1G19300	92.3	3.21e-241	657
BRA016513	AT1G19290	73.9	2.68e-138	434
BRA016519	AT1G19190	66.7	1.34e-154	435
BRA016521	AT1G19170	90.2	0	885
BRA016522	AT1G19150	86	5.26e-171	472
BRA016524	AT1G19130	89.9	1.72e-126	353
BRA016529	AT1G19010	70.2	1.97e-121	350
BRA016530	AT1G19000	71.4	1.83e-118	340
BRA016531	AT1G18960	83.8	1.94e-115	331
BRA016535	AT1G18860	76.5	1.74e-227	634
BRA016539	AT1G18830	67.4	0	1202
BRA016540	AT1G18810	73.1	1.58e-164	464
BRA016541	AT1G18800	91.1	4.61e-128	362
BRA016542	AT1G18790	62.7	8.03e-88	261
BRA016547	AT1G18670	85.7	0	1159
BRA016549	AT4G26190	71.9	1.18e-99	332
BRA016552	AT1G18580	90.4	0	976
BRA016553	AT1G18570	73.1	9.07e-172	480
BRA016556	AT1G18520	89.3	3.92e-177	488
BRA016559	AT1G18335	82.3	5.64e-136	383
BRA016561	AT1G18300	84	8.68e-128	358
BRA016563	AT1G18280	67.2	2.81e-61	187
BRA016565	AT1G18200	86.5	8.98e-136	380
BRA016568	AT1G18140	89.9	0	1073
BRA016569	AT1G18090	81.8	0	879
BRA016572	AT1G18040	90.5	3.74e-263	716
BRA016574	AT1G17970	72.6	7.62e-167	469
BRA016575	AT1G17950	84.5	1.98e-157	436
BRA016584	AT1G17840	95.7	0	1309
BRA016585	AT1G17830	77.8	3.61e-188	521
BRA016586	AT1G17790	67	1.76e-174	497
BRA016587	AT1G17780	56.6	5.98e-88	260
BRA016588	AT1G17760	87.1	0	1241
BRA016589	AT1G17745	86.4	0	1030
BRA016592	AT1G17690	80.7	0	1124
BRA016593	AT1G17620	80.7	4.11e-126	358
BRA016596	AT1G17540	73.4	0	1021
BRA016598	AT1G17520	72	3.98e-136	386
BRA016601	AT1G17430	87.1	5.17e-208	571
BRA016607	AT1G17290	87	0	946
BRA016609	AT1G17270	76.8	2.68e-299	821
BRA016610	AT1G17260	92.2	0	1700
BRA016611	AT1G17250	73.7	2.58e-160	479
BRA016612	AT1G17220	85.6	0	1611
BRA016615	AT1G17190	88.4	2.48e-145	403
BRA016616	AT1G17147	82.8	3.12e-53	160
BRA016618	AT1G17110	80	0	1374
BRA016622	AT1G16960	90.4	5.38e-73	212
BRA016629	AT1G16860	86.6	2.15e-291	794
BRA016630	AT1G16770	86.1	6.36e-172	484
BRA016631	AT1G16760	88.3	0	1248
BRA016632	AT1G16750	84.4	1.99e-306	836
BRA016633	AT1G16730	54.1	3.46e-32	113
BRA016637	AT1G16480	88.5	0	1684
BRA016638	AT1G16390	85.9	0	874
BRA016640	AT1G16330	77.2	0	915
BRA016645	AT1G15970	76.4	1.88e-176	493
BRA016651	AT1G15780	68.9	0	1382
BRA016652	AT1G15700	81.5	5.65e-200	555
BRA016653	AT1G15690	95.2	0	1395
BRA016657	AT1G15440	88.2	0	1596
BRA016661	AT1G15385	81.4	1.21e-30	102
BRA016663	AT1G15360	78.4	5.69e-100	287
BRA016665	AT1G15340	57.7	6.99e-83	256
BRA016666	AT1G15280	64.8	8.89e-206	586
BRA016668	AT1G15220	88.1	7.37e-97	276
BRA016672	AT1G15140	84.7	8.61e-178	492
BRA016674	AT1G15060	86.4	0	947
BRA016677	AT1G14980	96.9	8.28e-65	190
BRA016678	AT1G14890	87.1	7.67e-119	335
BRA016683	AT1G14700	81.8	3.56e-212	583
BRA016687	AT1G14670	95.6	0	1110
BRA016688	AT1G14650	84.3	0	1016
BRA016690	AT5G13130	62.5	1.78e-270	764
BRA016697	AT1G14560	93.7	1.01e-227	621
BRA016698	AT1G14510	90.1	3.7e-158	438
BRA016702	AT1G14410	86	9.64e-157	436
BRA016706	AT1G14320	97.3	2.12e-132	369
BRA016708	AT1G14130	89.1	1.75e-195	549
BRA016711	AT1G14110	71.1	4.05e-260	716
BRA016712	AT1G14080	82.3	0	912
BRA016713	AT1G14060	65.3	2.83e-52	163
BRA016714	AT1G14020	92.1	0	925
BRA016717	AT1G13940	67.6	0	1169
BRA016719	AT1G13930	83.3	4.31e-62	187
BRA016720	AT1G13920	71.1	1.08e-135	390
BRA016722	AT1G13880	73.5	2.74e-217	602
BRA016723	AT1G13870	90	4.09e-196	538
BRA016727	AT1G13540	78.5	1.63e-221	610
BRA016728	AT1G13520	83.2	2.58e-242	662
BRA016730	AT1G13410	79.7	7.13e-189	536
BRA016731	AT1G13390	62.1	1.29e-65	197
BRA016733	AT1G13310	74.3	6.69e-177	510
BRA016734	AT1G13300	75.1	2.27e-171	479
BRA016735	AT1G13280	85	2.51e-147	411
BRA016736	AT5G44600	74.9	5.05e-175	488
BRA016737	AT1G13200	69.8	1.22e-208	581
BRA016742	AT2G19960	59.8	1.78e-34	116
BRA016745	AT1G13020	69.8	3.54e-188	538
BRA016746	AT1G12990	95.4	6.9e-300	808
BRA016747	AT1G12940	91.5	8.06e-253	702
BRA016748	AT1G12920	97.9	2.49e-310	838
BRA016749	AT1G12860	72	6.38e-198	555
BRA016750	AT1G12850	77.4	3.63e-206	572
BRA016751	AT1G12845	78.3	9.27e-49	150
BRA016753	AT1G12830	62.4	7.42e-40	134
BRA016754	AT1G12820	88.4	0	1047
BRA016755	AT1G12810	72.8	6.51e-06	42.7
BRA016756	AT1G12805	68	3.68e-30	100
BRA016757	AT1G12780	95.7	1.76e-254	690
BRA016758	AT1G12770	90.4	0	926
BRA016759	AT1G12760	86.1	3.22e-207	575
BRA016761	AT1G12630	83.1	2.82e-86	251
BRA016764	AT1G12600	89.9	1.24e-219	602
BRA016766	AT1G12570	92.1	0	1055
BRA016767	AT1G12560	90.5	4.02e-186	510
BRA016768	AT1G12520	88.4	5.98e-179	496
BRA016769	AT1G12500	96.7	8.11e-240	654
BRA016770	AT1G12470	90.6	0	1758
BRA016776	AT1G12370	76.2	1.12e-272	746
BRA016785	AT1G12220	76.8	0	1374
BRA016789	AT1G12110	92.4	0	1083
BRA016790	AT1G12100	79.5	3.87e-66	196
BRA016794	AT1G12064	73.5	3.41e-52	159
BRA016795	AT1G12060	81.8	2.41e-115	327
BRA016796	AT1G12040	80.4	2.32e-132	410
BRA016797	AT1G12030	78	1.14e-160	448
BRA016798	AT1G12020	75	1.78e-109	313
BRA016801	AT1G11950	71.1	0	1174
BRA016802	AT1G11940	85	7.87e-238	650
BRA016803	AT1G11930	93.3	2.55e-165	457
BRA016806	AT1G11890	98.2	1.65e-156	431
BRA016807	AT1G11880	82.8	3.02e-300	818
BRA016811	AT1G11840	94	1.83e-197	542
BRA016812	AT1G11820	88.1	0	902
BRA016813	AT1G11790	86.1	6.18e-239	654
BRA016814	AT1G11760	80.4	1.84e-74	218
BRA016815	AT1G11755	82.3	2.63e-147	411
BRA016818	AT1G11720	86	0	1841
BRA016819	AT1G11690	71.7	2.49e-105	306
BRA016826	AT4G13220	80.7	7.33e-77	228
BRA016829	AT5G28237	87.3	2.19e-294	801
BRA016833	AT1G11475	97.2	2.54e-49	149
BRA016834	AT1G11440	60.8	7.89e-130	374
BRA016835	AT1G11430	89.3	4.34e-143	399
BRA016837	AT1G11400	74.4	4.6e-94	273
BRA016848	AT1G11200	86.4	2.76e-191	526
BRA016856	AT2G42810	94.1	0	910
BRA016857	AT2G42770	86	3.69e-141	394
BRA016860	AT2G42760	60.6	9.89e-85	253
BRA016862	AT2G42690	89.7	9.11e-279	757
BRA016864	AT2G42620	85.1	0	1177
BRA016866	AT2G42600	97	0	1865
BRA016867	AT2G42570	87.6	1.1e-258	703
BRA016868	AT2G42560	55.8	4.74e-71	242
BRA016869	AT2G42520	89.8	0	991
BRA016876	AT2G42440	62.8	1.91e-94	277
BRA016877	AT2G42430	87	1.61e-147	411
BRA016879	AT2G42400	78.9	1.74e-253	697
BRA016883	AT2G42320	72.9	5.48e-309	852
BRA016885	AT2G42290	81.3	3.04e-294	815
BRA016886	AT2G42280	81.2	3.25e-180	503
BRA016888	AT2G42250	88.3	0	900
BRA016889	AT2G42220	88.7	1.12e-148	413
BRA016893	AT2G42150	58.4	6.72e-153	453
BRA016894	AT2G42120	83.7	1.06e-245	672
BRA016900	AT2G41940	77	3.06e-96	282
BRA016902	AT2G41905	95.1	1.86e-31	103
BRA016903	AT2G41900	80.4	0	1026
BRA016906	AT2G41890	74.1	0	1087
BRA016907	AT1G58260	75	7.29e-293	802
BRA016909	AT2G41860	85.5	0	905
BRA016911	AT2G41850	83.4	2.38e-266	727
BRA016914	AT2G41835	84.7	1.74e-154	430
BRA016915	AT2G41830	86.9	0	1752
BRA016916	AT2G41820	88.9	1.2e-270	775
BRA016917	AT2G41800	85.9	4.4e-245	668
BRA016918	AT2G41440	54.2	2.65e-36	125
BRA016920	AT2G41705	76.6	4.09e-230	636
BRA016922	AT2G41660	78.4	1.16e-165	461
BRA016924	AT2G41620	93.6	0	1560
BRA016925	AT2G41600	68.8	8.43e-99	285
BRA016926	AT2G41560	92.2	0	1823
BRA016929	AT2G41500	86.5	4.4e-204	579
BRA016930	AT2G41480	90.9	2e-216	592
BRA016932	AT2G41460	68.1	1.66e-229	640
BRA016933	AT2G41451	82.9	1.53e-265	728
BRA016934	AT2G41430	77.8	8.92e-87	250
BRA016935	AT2G41420	100	2.11e-06	42
BRA016937	AT2G41380	84.4	3.04e-168	465
BRA016938	AT2G41370	90	2.17e-288	788
BRA016940	AT2G41340	75.7	1.79e-111	318
BRA016945	AT2G41250	84.9	2.4e-168	467
BRA016946	AT2G41240	77.7	2.32e-128	362
BRA016947	AT2G41230	78.4	2.38e-23	84.7
BRA016948	AT2G41220	93.9	0	3016
BRA016951	AT2G41130	92.9	9.49e-160	442
BRA016952	AT2G41120	80	5.04e-140	393
BRA016954	AT2G41060	64	9.3e-183	516
BRA016955	AT2G41020	79.5	6.89e-219	623
BRA016956	AT2G41010	67.1	5.29e-91	267
BRA016957	AT2G41000	78.9	3.29e-79	234
BRA016959	AT2G40950	66.4	2.38e-285	795
BRA016960	AT2G40935	82.5	4.06e-119	335
BRA016961	AT2G40930	89.2	0	1620
BRA016962	AT5G42440	71.7	3.15e-170	478
BRA016965	AT2G40880	89.2	1.11e-55	167
BRA016967	AT2G40820	83.2	1.91e-301	823
BRA016968	AT2G40810	86.7	5.6e-251	686
BRA016971	AT2G40780	87.2	2.92e-102	290
BRA016972	AT2G40770	78.3	0	2474
BRA016973	AT2G40760	87.5	9.72e-249	682
BRA016977	AT2G40690	92.4	6.16e-268	730
BRA016980	AT2G40620	83.6	1.82e-184	513
BRA016983	AT2G40570	81.6	5.4e-317	863
BRA016985	AT2G40550	85.9	0	977
BRA016986	AT2G40540	90.3	0	1447
BRA016989	AT2G40490	94.2	1.3e-263	717
BRA016991	AT2G40475	79.7	6.25e-73	218
BRA016993	AT2G40460	91.8	0	1055
BRA017005	AT2G40420	87.1	2.76e-265	725
BRA017007	AT2G19660	52.4	9.54e-237	669
BRA017008	AT2G40400	83.6	0	1130
BRA017011	AT2G40340	57	1.35e-97	292
BRA017012	AT2G40330	83.7	1.55e-125	352
BRA017013	AT2G40320	92.5	1.33e-308	833
BRA017019	AT2G40270	72	3.21e-230	640
BRA017022	AT2G40250	83.7	4.3e-223	612
BRA017023	AT2G40230	89.6	1.84e-283	770
BRA017024	AT2G40200	80.5	1.82e-120	343
BRA017028	AT4G03170	55.2	5.17e-50	164
BRA017031	AT2G40113	78.7	6.22e-91	261
BRA017032	AT2G40110	93.8	2.14e-91	259
BRA017034	AT3G55490	88	5.58e-118	331
BRA017049	AT2G39810	80.6	0	1463
BRA017052	AT2G39770	95	4.67e-255	692
BRA017053	AT2G39760	86.2	4.4e-247	676
BRA017054	AT2G39740	74.1	4.31e-258	712
BRA017056	AT2G39725	86	3.26e-44	137
BRA017060	AT2G39690	88.6	0	897
BRA017062	AT2G39580	70.1	0	2059
BRA017063	AT2G39570	88.6	1.31e-269	733
BRA017065	AT2G39530	82.9	7.24e-81	237
BRA017066	AT2G39518	80.5	6.73e-87	251
BRA017068	AT2G39510	89.3	3.64e-236	646
BRA017070	AT2G39460	93.5	1.53e-82	239
BRA017071	AT2G39450	93.4	1.17e-267	727
BRA017076	AT2G39420	88.6	5.12e-214	585
BRA017077	AT2G39400	89.1	3.3e-207	567
BRA017079	AT2G39370	82.2	2.04e-171	478
BRA017081	AT2G39340	77.5	0	1450
BRA017085	AT2G39210	89	0	971
BRA017088	AT2G39130	85.7	0	887
BRA017089	AT2G39120	78	4.59e-220	606
BRA017091	AT2G39100	68.7	5.88e-135	383
BRA017092	AT2G39000	77.4	4.41e-164	457
BRA017093	AT2G38940	94.8	0	1007
BRA017097	AT2G38830	70.9	1.39e-150	426
BRA017098	AT2G38823	54.5	2.95e-79	239
BRA017101	AT2G26900	89.9	4.19e-253	692
BRA017102	AT2G38760	83.8	6.13e-196	540
BRA017106	AT2G38720	81.5	1.62e-295	811
BRA017108	AT2G38670	88.8	3.18e-271	738
BRA017109	AT2G38660	89.1	1.54e-228	625
BRA017110	AT2G38650	83.9	0	1011
BRA017111	AT2G38640	87.7	4.53e-125	350
BRA017112	AT2G38540	72.9	3.81e-59	177
BRA017114	AT2G38510	90.8	0	868
BRA017116	AT2G38480	81.7	3.76e-102	291
BRA017118	AT2G38430	70.3	1.9e-197	549
BRA017121	AT2G38380	86.6	9.13e-222	607
BRA017132	AT2G38240	84.3	8.21e-227	620
BRA017134	AT2G38170	89.5	1.2e-273	749
BRA017135	AT2G38160	60.5	6.87e-72	227
BRA017140	AT2G38070	60.9	5.12e-180	522
BRA017141	AT2G38060	86.3	6.69e-277	763
BRA017142	AT2G38050	85.5	2.14e-134	377
BRA017143	AT2G38010	84.8	0	1317
BRA017144	AT2G37990	85.8	4.19e-186	514
BRA017147	AT1G02050	92.2	6.9e-257	720
BRA017148	AT2G37940	94.8	1.14e-220	601
BRA017149	AT2G37930	52.7	2.47e-159	462
BRA017151	AT2G37890	76.1	8.87e-188	521
BRA017152	AT2G37880	81.8	2.8e-138	388
BRA017158	AT2G37740	76	2.86e-155	435
BRA017161	AT2G37690	89.9	0	1122
BRA017162	AT2G37680	95.8	3.2e-157	434
BRA017164	AT2G37670	76.7	0	1201
BRA017165	AT2G37660	86.6	8.32e-195	537
BRA017180	AT2G37540	85	2.42e-198	546
BRA017181	AT2G37520	78.8	0	1261
BRA017182	AT2G37500	91.7	4.66e-298	810
BRA017189	AT2G37420	85.4	0	1615
BRA017192	AT2G37370	83.4	0	977
BRA017193	AT2G37360	83	0	1172
BRA017195	AT2G37320	81.2	1.78e-299	816
BRA017196	AT2G37310	84.6	0	920
BRA017197	AT2G37300	77.1	1.36e-58	182
BRA017198	AT2G37280	85.9	0	2421
BRA017199	AT2G37270	97.1	4.19e-140	389
BRA017202	AT3G53450	92.3	7.05e-137	381
BRA017205	AT2G37150	75.7	7.07e-287	790
BRA017210	AT2G37040	94.9	0	1347
BRA017213	AT2G36990	84.8	6.02e-314	857
BRA017215	AT2G36950	75.7	8.61e-137	395
BRA017217	AT2G36895	69.8	2.53e-114	327
BRA017221	AT2G36840	89.8	9.87e-267	726
BRA017222	AT2G36830	93.2	8.92e-166	457
BRA017223	AT2G36810	76.3	0	2240
BRA017224	AT2G36750	84.5	7.46e-303	825
BRA017226	AT2G36720	72	0	1403
BRA017227	AT2G36690	89.6	1.76e-255	694
BRA017232	AT2G36500	76.8	4.06e-271	748
BRA017233	AT2G36480	76.9	0	1343
BRA017235	AT2G36450	77.2	1.57e-95	274
BRA017237	AT2G36420	69.6	3.62e-182	513
BRA017241	AT2G36380	90.5	0	2613
BRA017242	AT3G13680	59.6	9.92e-153	436
BRA017244	AT2G36340	52.9	3.58e-38	141
BRA017245	AT2G36370	75	0	1357
BRA017250	AT2G36295	67	5.87e-40	128
BRA017252	AT2G36250	87.1	2.86e-285	779
BRA017256	AT2G36200	87	0	1689
BRA017261	AT2G36090	81	2.09e-169	472
BRA017267	AT2G36020	88	1.1e-160	445
BRA017268	AT2G36010	67.8	7.63e-212	595
BRA017269	AT2G36000	79.4	4.02e-163	457
BRA017270	AT2G35990	95.8	8.77e-145	401
BRA017272	AT2G35980	84.5	4.92e-142	395
BRA017274	AT1G33530	58.6	1.78e-139	403
BRA017277	AT2G35940	88.5	0	1048
BRA017278	AT2G35930	90.5	9.17e-267	726
BRA017280	AT2G35910	86.7	1.8e-109	311
BRA017282	AT2G35900	74	2.24e-94	272
BRA017283	AT2G35890	84.7	6.52e-316	860
BRA017285	AT2G35860	88.8	2e-275	751
BRA017286	AT2G35850	72.2	8.14e-25	88.6
BRA017287	AT2G35840	91	4.48e-293	794
BRA017290	AT2G35810	73.4	4.54e-95	277
BRA017293	AT2G35780	90.4	1.38e-310	840
BRA017294	AT2G35770	89	3.84e-306	829
BRA017295	AT2G35765	75	7.62e-30	100
BRA017297	AT2G35740	84.5	0	978
BRA017298	AT2G35736	85.2	9.02e-30	98.6
BRA017299	AT2G35730	79.1	8.33e-54	163
BRA017300	AT2G35720	86.5	0	889
BRA017301	AT2G35710	91.5	0	924
BRA017302	AT2G35700	75.8	1.98e-81	239
BRA017303	AT2G35680	84.4	1.19e-203	560
BRA017304	AT2G35660	85.2	3e-276	753
BRA017307	AT2G35620	88.3	1.91e-316	867
BRA017309	AT2G35612	85.9	3.94e-53	159
BRA017310	AT2G35610	91.3	0	1223
BRA017317	AT2G35510	65.5	5.79e-248	690
BRA017318	AT2G35500	89.9	5.89e-244	667
BRA017321	AT2G35410	72.9	5e-132	377
BRA017323	AT2G35290	86.1	5.65e-74	215
BRA017324	AT2G35270	87.5	6.22e-137	387
BRA017330	AT2G35210	80.6	1.2e-193	540
BRA017333	AT3G26125	87.4	0	962
BRA017335	AT3G26100	88.6	0	969
BRA017337	AT3G26040	85.3	6.19e-271	740
BRA017340	AT3G25980	95.2	2.07e-141	392
BRA017341	AT3G25920	85	2.58e-158	441
BRA017343	AT3G25882	75	5.19e-54	164
BRA017346	AT3G25840	72.2	0	947
BRA017347	AT3G25805	81.7	5.27e-204	561
BRA017350	AT3G25780	87.5	5.78e-155	431
BRA017351	AT3G25770	82.7	1.82e-143	401
BRA017353	AT3G25680	75.7	3.07e-288	792
BRA017354	AT3G25660	94.9	4.88e-284	775
BRA017355	AT3G25600	91.9	4.43e-99	281
BRA017359	AT2G04038	66.3	1.46e-50	159
BRA017370	AT2G03760	85.3	1.06e-211	580
BRA017377	AT2G03680	84.3	1.01e-48	151
BRA017378	AT2G03670	89.2	0	1031
BRA017379	AT4G12960	67.8	9.27e-111	317
BRA017382	AT2G03520	86.3	5.91e-247	676
BRA017383	AT2G03510	92.9	9.76e-233	636
BRA017385	AT2G03430	80.2	1.61e-29	110
BRA017387	AT2G03410	89.1	7.05e-215	590
BRA017389	AT3G11810	69.7	1.11e-149	424
BRA017392	AT2G03270	93.2	0	1134
BRA017395	AT2G03240	83.3	0	1318
BRA017400	AT2G03150	71.2	0	1374
BRA017401	AT3G47140	64.4	1.37e-93	273
BRA017403	AT2G03070	72.8	2.11e-198	566
BRA017406	AT2G02950	69.3	1.77e-174	494
BRA017411	AT2G02750	85.4	0	957
BRA017413	AT2G02590	82.5	6.89e-178	494
BRA017414	AT2G02515	56.7	4.88e-20	76.3
BRA017415	AT2G02470	87.5	3.28e-149	416
BRA017420	AT2G02148	74.3	1.98e-216	602
BRA017421	AT2G02130	85.7	7.86e-49	148
BRA017422	AT2G02090	88.1	0	1219
BRA017428	AT1G62200	72.3	1.13e-309	851
BRA017430	AT2G01980	83.2	0	1817
BRA017432	AT2G01940	88.8	4.94e-174	494
BRA017433	AT2G01913	72.6	8.13e-65	193
BRA017434	AT2G01740	67.3	3.67e-67	227
BRA017435	AT1G64720	83.9	6.05e-230	631
BRA017438	AT1G14900	78	9.66e-47	150
BRA017448	AT2G01500	58.1	3.16e-90	268
BRA017453	AT1G79850	78.2	3.4e-70	207
BRA017454	AT2G01410	81.1	1.11e-226	623
BRA017456	AT2G01330	89.6	0	1075
BRA017464	AT2G01180	85.8	1.21e-201	553
BRA017465	AT2G01150	74.6	1.01e-62	190
BRA017467	AT5G47760	88.7	1.74e-201	551
BRA017468	AT5G47730	89.8	1.46e-223	611
BRA017469	AT5G47720	93.6	3.95e-258	706
BRA017470	AT5G47680	79.4	3.83e-148	421
BRA017473	AT5G47640	97.2	1.11e-93	270
BRA017475	AT5G47620	80.1	1.48e-247	680
BRA017482	AT5G47520	95.5	1.29e-148	412
BRA017485	AT5G47480	70.7	0	1782
BRA017486	AT5G47430	78.5	0	1153
BRA017488	AT5G47380	79.8	0	918
BRA017491	AT5G47330	80.1	6.88e-181	501
BRA017493	AT5G47230	68.3	3.8e-127	363
BRA017497	AT5G47200	98.5	1.42e-140	390
BRA017498	AT5G47190	80.6	1.05e-116	331
BRA017511	AT5G47050	60.5	8.52e-99	292
BRA017512	AT5G47030	90.6	1.48e-122	344
BRA017516	AT5G46910	81.2	0	1214
BRA017518	AT5G46890	73.8	2.34e-58	176
BRA017519	AT5G46880	84.5	0	1342
BRA017520	AT5G46830	57	2.36e-173	497
BRA017524	AT5G46800	94	8.37e-200	548
BRA017529	AT5G46730	76.3	7.53e-09	55.8
BRA017530	AT5G46720	79.8	2.23e-67	203
BRA017532	AT5G46700	87	1.2e-170	471
BRA017536	AT5G46640	62.8	3.37e-122	357
BRA017544	AT5G46470	64.6	0	1294
BRA017546	AT5G46390	86	2.2e-284	776
BRA017560	AT5G46370	76.2	5.92e-220	610
BRA017563	AT5G46330	82.5	2.9e-190	588
BRA017567	AT5G46240	82.4	0	1129
BRA017568	AT5G46230	83.9	3.67e-85	245
BRA017571	AT5G46160	92	2.59e-104	296
BRA017577	AT5G46150	90.5	2.58e-229	626
BRA017581	AT5G46070	81.3	0	1566
BRA017585	AT5G46050	87.6	0	992
BRA017589	AT5G45830	80.4	5.15e-148	417
BRA017592	AT5G45760	88.3	3.8e-217	614
BRA017593	AT5G45740	89.8	2.33e-78	226
BRA017594	AT5G45720	71.1	0	1197
BRA017595	AT5G45710	76.9	3.25e-179	499
BRA017596	AT5G45680	89.9	4.66e-135	376
BRA017598	AT5G45650	86.3	0	1365
BRA017599	AT5G45630	69.6	6.56e-49	151
BRA017600	AT5G45560	91.1	0	1313
BRA017601	AT5G45550	99.5	3.48e-161	443
BRA017602	AT5G45430	75.6	2.01e-262	726
BRA017610	AT4G33810	82	1.15e-257	712
BRA017614	AT4G33940	79	5.65e-135	379
BRA017615	AT4G33950	94.2	5.64e-252	685
BRA017616	AT4G33960	72.1	3.97e-26	90.1
BRA017620	AT4G33985	91	3.77e-97	276
BRA017624	AT4G34050	98.8	1.06e-174	482
BRA017625	AT4G34090	70.6	2.74e-175	491
BRA017628	AT4G34150	88.9	4.72e-100	291
BRA017629	AT4G34160	85.9	2.31e-189	527
BRA017630	AT2G17305	54.4	3.97e-102	300
BRA017633	AT4G34180	85.4	2.3e-155	432
BRA017637	AT4G34200	93.3	0	1037
BRA017638	AT3G57230	85.8	2.48e-116	332
BRA017639	AT4G34230	93.8	1.14e-253	689
BRA017641	AT4G34250	81.7	3.87e-288	787
BRA017645	AT4G34320	90.2	4.63e-226	620
BRA017656	AT4G34410	73.4	6.99e-121	345
BRA017661	AT4G34560	76.1	9.5e-105	301
BRA017666	AT4G34610	76.3	1.02e-260	721
BRA017671	AT4G34700	98.3	1.71e-84	241
BRA017672	AT4G34710	84.2	0	1162
BRA017684	AT4G34980	92.2	0	1410
BRA017686	AT4G35000	89.9	2.7e-194	533
BRA017701	AT4G35170	71.7	1.84e-143	404
BRA017706	AT4G35280	81.6	6.52e-138	390
BRA017712	AT4G35470	84.4	1.13e-145	430
BRA017715	AT4G35490	94.2	4.54e-103	291
BRA017718	AT4G35520	76.5	0	1811
BRA017719	AT4G35530	81.4	2e-109	310
BRA017722	AT4G35560	75.8	0	1476
BRA017723	AT2G17560	73.4	3.28e-60	184
BRA017724	AT4G35600	79.4	5.48e-237	652
BRA017726	AT4G35620	79.4	4.48e-219	606
BRA017727	AT4G35660	74.6	1.2e-131	374
BRA017734	AT4G35890	66.4	3.06e-173	497
BRA017735	AT4G35900	67	1.86e-100	294
BRA017736	AT4G35905	89.6	1.12e-46	142
BRA017738	AT4G35930	77.7	9.6e-153	429
BRA017739	AT4G35940	53.3	2.59e-90	278
BRA017740	AT2G17800	98.5	3.24e-139	386
BRA017741	AT4G35985	81.3	2.86e-230	637
BRA017742	AT4G36020	80.2	1.87e-47	159
BRA017743	AT4G36030	84.4	0	1044
BRA017745	AT4G36060	50.4	6.4e-43	146
BRA017746	AT4G36070	86.4	0	910
BRA017751	AT4G36195	84.2	0	889
BRA017752	AT4G36220	93.3	0	974
BRA017754	AT4G36260	89	1.62e-131	376
BRA017758	AT4G36400	85.1	0	909
BRA017760	AT4G36420	68.5	1.01e-62	191
BRA017761	AT4G36430	90.3	2.44e-219	600
BRA017762	AT4G36480	91.7	4.57999e-319	867
BRA017764	AT4G36500	92.6	4.45e-78	225
BRA017767	AT4G36630	91.2	0	1732
BRA017769	AT4G36650	88.3	1.03e-309	843
BRA017770	AT4G36660	80.5	5.12e-83	244
BRA017771	AT4G36670	91.2	0	870
BRA017780	AT4G36740	83	8.19e-120	338
BRA017781	AT4G36750	83	2.17e-152	425
BRA017786	AT4G36820	72.6	3.97e-170	476
BRA017788	AT4G36830	89.5	7.04e-166	462
BRA017792	AT4G37190	82.9	0	906
BRA017796	AT4G37160	91.5	0	1026
BRA017799	AT4G37050	83.6	1.25e-252	691
BRA017802	AT4G36960	89.1	7.93e-243	664
BRA017803	AT4G36945	82.6	4e-235	645
BRA017809	AT4G36920	86.7	8.85e-273	743
BRA017810	AT4G36910	84.3	5.39e-129	363
BRA017819	AT4G37370	88.5	0	882
BRA017823	AT4G37450	58.2	2.93e-17	77.4
BRA017839	AT4G37610	84.2	1.27e-231	634
BRA017840	AT4G37630	77.3	2.65e-166	466
BRA017841	AT4G37640	96.6	0	1912
BRA017843	AT4G37660	81	5.25e-84	244
BRA017847	AT4G37690	88.8	6.02e-300	812
BRA017848	AT4G37700	69.9	5.54e-57	174
BRA017852	AT4G37750	86.5	7.72e-311	850
BRA017855	AT4G37800	93.9	2.78e-217	591
BRA017857	AT4G00585	86.4	9.15e-55	164
BRA017859	AT4G37890	74	3.85e-310	859
BRA017870	AT4G39955	89.3	2.85e-218	597
BRA017871	AT4G39950	92.8	0	1019
BRA017873	AT4G39920	71.3	3.89e-150	426
BRA017875	AT4G39890	91.8	1.34e-121	345
BRA017877	AT4G39870	73.3	1.77e-166	469
BRA017881	AT5G42310	76.4	7.09e-146	441
BRA017889	AT1G59910	59.9	1.39e-271	775
BRA017899	AT1G59720	84.8	0	1086
BRA017906	AT1G21340	80.2	5.75e-144	403
BRA017907	AT1G21350	78.3	3.25e-142	399
BRA017908	AT1G21360	85.1	9.9e-122	345
BRA017909	AT1G21370	81.9	4.01e-206	567
BRA017910	AT1G21380	83.7	1.27e-286	784
BRA017911	AT1G21390	71.2	3.57e-83	248
BRA017913	AT1G21430	80.5	2.76e-222	612
BRA017916	AT1G21460	89.3	6.32e-150	417
BRA017917	ATMG00860	52.3	2e-38	140
BRA017919	AT1G77130	76	0	959
BRA017920	AT1G21500	75.6	1.39e-46	146
BRA017921	AT1G21510	67.4	1.02e-122	354
BRA017925	AT1G21540	92.7	0	1046
BRA017927	AT1G21550	78.9	2.02e-77	226
BRA017928	AT1G21560	52	4.3e-104	312
BRA017931	AT1G21590	77.4	0	1106
BRA017932	AT1G21600	87.1	9.65e-194	535
BRA017934	AT1G21640	86.9	0	1696
BRA017935	AT1G21651	73.9	0	1154
BRA017936	AT1G77350	85.2	6.03e-69	202
BRA017939	AT1G21670	77	0	1064
BRA017940	AT1G21680	86.8	0	1294
BRA017941	AT1G21690	93.9	2.74e-209	575
BRA017942	AT1G21695	50.9	7.77e-37	127
BRA017944	AT1G21710	86.5	4.39e-221	607
BRA017946	AT1G21730	87.2	0	1360
BRA017947	AT1G21740	81.6	0	1276
BRA017949	AT1G21760	89.9	4.7e-227	619
BRA017950	AT1G21770	80.4	7.63e-57	171
BRA017951	AT1G21780	94.5	8.75e-231	628
BRA017952	AT1G21790	90.5	9.41e-182	501
BRA017956	AT1G21880	87.1	2.34e-257	703
BRA017958	AT3G49730	72.8	2.18e-220	627
BRA017959	AT3G49725	70.7	5.32e-255	711
BRA017960	AT3G49720	96.2	1.63e-183	504
BRA017961	AT3G49710	88.9	0	1202
BRA017963	AT3G49690	79	7.89e-159	444
BRA017964	AT3G49680	86.3	1.08e-258	706
BRA017967	AT3G49640	91.5	9.71e-225	613
BRA017971	AT3G49601	61.8	1.46e-117	360
BRA017972	AT3G49600	81.5	0	1723
BRA017974	AT3G49580	80.2	1.32e-39	125
BRA017975	AT3G49570	90.7	6.1e-53	160
BRA017980	AT3G49530	68.8	4e-216	603
BRA017982	AT3G49450	55.8	2.01e-151	434
BRA017988	AT3G49380	70.9	7.71e-161	453
BRA017991	AT3G49330	75.6	4.58e-81	243
BRA017996	AT3G49290	89.9	9.13e-193	531
BRA017997	AT3G49260	83	7.48e-244	674
BRA017998	AT3G49250	72.1	5.27e-206	574
BRA018003	AT3G49170	89.5	0	1549
BRA018005	AT3G49140	82.9	6.43e-250	691
BRA018008	AT3G49100	96.1	2.6e-68	199
BRA018009	AT3G49080	66.7	1.35e-163	466
BRA018010	AT3G45670	62.5	2.44e-131	379
BRA018012	AT3G49070	86.4	2.09e-175	490
BRA018013	AT3G49060	85.7	0	1377
BRA018014	AT3G49055	70	3.72e-124	363
BRA018016	AT3G49050	88.2	1.64e-303	825
BRA018017	AT3G49010	93.7	1.98e-133	372
BRA018019	AT3G48990	94.7	0	946
BRA018021	AT3G48980	85.6	0	961
BRA018022	AT3G48970	97.1	5.28e-94	267
BRA018023	AT3G48950	86.4	2.32e-312	847
BRA018025	AT3G48940	85.3	3.25e-54	169
BRA018027	AT3G48920	70.6	1.15e-126	359
BRA018028	AT3G48890	79.5	6.44e-115	327
BRA018031	AT3G48860	86.2	6.52e-282	779
BRA018035	AT3G48760	81.3	8.24e-280	764
BRA018036	AT3G48750	96.3	7.93e-211	575
BRA018039	AT3G48740	90.3	3.08e-185	510
BRA018040	AT3G48720	85	3.89e-271	739
BRA018042	AT3G48680	95.3	1.45e-146	409
BRA018043	AT3G48670	82.1	0	998
BRA018044	AT3G48660	95.7	1.68e-41	129
BRA018046	AT3G48590	88.9	8.67e-113	322
BRA018047	AT3G48570	98.6	2.82e-43	133
BRA018054	AT3G15910	51.5	1.4e-93	284
BRA018055	AT3G48490	60.7	5.22e-34	114
BRA018058	AT3G48450	83.6	7.15e-30	102
BRA018059	AT3G48440	64.3	9.83e-144	417
BRA018060	AT3G48430	73.7	0	1761
BRA018061	AT3G48425	89	4.96e-250	680
BRA018062	AT3G48420	86.9	6.55e-191	527
BRA018063	AT3G48410	84.4	2.84e-225	620
BRA018064	AT3G48380	83.9	0	1080
BRA018065	AT3G48360	79.3	5.71e-206	569
BRA018066	AT3G48350	85.2	2.75e-229	628
BRA018067	AT3G48340	84.5	2.44e-229	627
BRA018071	AT3G48240	78.1	1.7e-90	261
BRA018078	AT3G48200	89.2	0	1898
BRA018079	AT3G48187	61.7	1.05e-290	824
BRA018080	AT3G48160	80.4	1.64e-209	580
BRA018081	AT3G48150	93.4	0	946
BRA018083	AT3G48120	70.5	6.82e-113	329
BRA018085	AT3G48080	63.8	6.76e-273	759
BRA018086	AT3G48070	76.8	1.94e-156	441
BRA018088	AT3G48020	67.6	3.31e-60	182
BRA018089	AT3G48010	94.2	0	1261
BRA018090	AT3G48000	91.9	0	986
BRA018091	AT3G47990	85	4.07e-229	627
BRA018092	AT3G47980	80.2	1.17e-111	319
BRA018096	AT3G47960	84.6	0	1019
BRA018100	AT3G47930	89.3	0	1051
BRA018101	AT3G47910	73.7	0	2200
BRA018102	AT3G47870	68	3.59e-116	338
BRA018103	AT5G62620	79.4	0	1085
BRA018104	AT3G47850	72.5	2.19e-141	403
BRA018106	AT3G47833	82.8	1.86e-43	135
BRA018110	AT3G47810	93.7	5.86e-134	372
BRA018111	AT3G43610	79.2	0	1889
BRA018112	AT3G47800	87.2	4.44e-233	637
BRA018113	AT3G47780	84.9	0	1593
BRA018115	AT3G47750	78.5	0	1447
BRA018116	AT3G47730	90.1	0	1755
BRA018117	AT3G47710	88.2	7.97e-47	144
BRA018119	AT3G47700	88.7	0	1373
BRA018121	AT4G10270	87.8	1.33e-50	153
BRA018122	AT3G47670	74.2	9.73e-112	321
BRA018125	AT3G47630	89.8	9.38e-214	585
BRA018126	AT3G47620	78.3	1.54e-152	442
BRA018127	AT3G47610	87.8	1.02e-252	690
BRA018129	AT3G47590	79.6	7.09e-175	486
BRA018133	AT5G51280	93.2	0	1072
BRA018134	AT2G26865	71.2	1.45e-30	102
BRA018136	AT3G47550	85.5	4.13e-166	461
BRA018137	AT3G47520	88	3.58e-241	661
BRA018138	AT3G47510	72.4	1.97e-37	120
BRA018141	AT3G47500	71.2	4.46e-196	550
BRA018142	AT3G47490	79.8	1.67e-107	308
BRA018143	AT3G47480	79.8	4.43e-89	258
BRA018144	AT3G47470	94.8	9.83e-177	485
BRA018145	AT3G47460	87.4	0	1732
BRA018147	AT3G47450	90.2	0	982
BRA018148	AT3G47440	92.5	7.26e-165	456
BRA018149	AT3G47430	89.9	3.39e-151	419
BRA018150	AT3G47420	92.6	0	935
BRA018152	AT3G47400	88.9	0	1040
BRA018153	AT3G47390	84.9	0	990
BRA018157	AT3G47380	84.6	4.25e-101	289
BRA018160	AT3G47340	92.8	0	1120
BRA018161	AT3G47295	81.7	9.41e-34	109
BRA018162	AT3G47160	87.2	5.82e-163	450
BRA018163	AT3G47120	60.4	2.56e-115	335
BRA018164	AT3G47110	78.7	9.04e-287	826
BRA018168	AT3G47080	70.3	6.69e-186	528
BRA018169	AT3G47070	78.8	6.01e-51	155
BRA018170	AT3G47060	87.9	0	1300
BRA018172	AT3G47010	87.4	0	1097
BRA018174	AT3G30520	64.4	5.06e-107	327
BRA018175	AT5G49650	84.2	0	937
BRA018177	AT3G47000	88.5	0	1092
BRA018178	AT3G46990	74	2.35e-240	670
BRA018179	AT3G46980	88.6	0	924
BRA018180	AT3G46970	95.1	0	1621
BRA018181	AT3G46960	90.6	0	2397
BRA018182	AT3G46950	74.2	2.41e-168	480
BRA018183	AT3G46930	63.7	5.65e-217	608
BRA018186	AT3G46880	79.8	4.27e-36	120
BRA018187	AT3G46870	88.8	3.37e-170	469
BRA018188	AT3G46840	77.4	0	1110
BRA018190	AT3G46830	96.8	1.02e-145	404
BRA018194	AT3G42630	77.5	3.27e-233	642
BRA018197	AT3G46740	93.2	0	1464
BRA018202	AT3G46720	79.5	2.41e-255	700
BRA018204	AT3G46640	80.5	3.32e-129	370
BRA018207	AT3G46550	82.4	2.87e-119	345
BRA018209	AT3G46540	81.3	1.46e-162	454
BRA018214	AT3G46290	83.8	0	1370
BRA018215	AT3G46240	71.1	4.61e-191	539
BRA018216	AT1G53540	87.9	3.28e-99	281
BRA018217	AT3G46220	89.5	0	1350
BRA018218	AT3G46210	80.3	7.03e-147	410
BRA018219	AT3G46200	82.6	1.11e-182	505
BRA018220	AT3G46160	53.8	5.25e-112	333
BRA018221	AT5G08730	52.1	4.32e-158	456
BRA018223	AT3G46130	83.8	8.02e-148	412
BRA018232	AT2G31570	95.9	3.5e-118	330
BRA018234	AT2G31540	79.6	3.31e-214	592
BRA018236	AT2G31500	89.1	0	957
BRA018237	AT2G31490	97.2	5.32e-51	153
BRA018248	AT2G31390	94.8	6.82e-223	608
BRA018249	AT2G31380	89.5	2.79e-157	435
BRA018250	AT2G31370	76.6	2.11e-156	445
BRA018251	AT2G31360	91.5	1.27e-218	596
BRA018254	AT2G31345	78.9	3.2e-32	105
BRA018257	AT2G31340	90.4	0	964
BRA018259	AT2G31320	85.7	0	1701
BRA018260	AT2G31310	68.2	5.46e-89	258
BRA018262	AT2G41920	62.8	5.14e-146	413
BRA018264	AT2G31170	93.3	0	916
BRA018265	AT5G22370	87.6	5.68e-183	505
BRA018268	AT2G31200	84.9	2.27e-87	251
BRA018272	AT2G31270	69.9	9.61e-226	636
BRA018277	AT2G31130	62.1	3.86e-159	452
BRA018279	AT2G31083	76.5	1.94e-37	120
BRA018280	AT2G31070	80.2	5.07e-132	380
BRA018288	AT2G30950	91.2	0	1176
BRA018289	AT2G30940	71	1.31e-203	567
BRA018299	AT1G06740	63.6	9.02e-276	770
BRA018304	AT2G30580	84.1	5.87e-252	690
BRA018309	AT2G30520	89.5	0	1020
BRA018310	AT2G30505	74.7	7.4e-143	404
BRA018311	AT2G30490	95.8	0	977
BRA018312	AT2G30480	62	4.86e-276	771
BRA018315	AT2G30410	92.9	1.87e-65	192
BRA018316	AT2G30400	71.9	1.42e-137	392
BRA018317	AT2G30395	80.3	2.49e-103	295
BRA018318	AT2G30380	75.1	1.71e-214	594
BRA018319	AT2G30360	84.6	6.35e-267	729
BRA018321	AT2G30300	77.2	1.23e-259	716
BRA018323	AT2G30280	75.6	3.97e-142	407
BRA018324	AT1G06960	74.3	2.6e-117	333
BRA018328	AT2G30210	85.3	0	1005
BRA018329	AT2G30200	87.6	9.24e-223	613
BRA018331	AT2G30170	87.1	3.57e-185	511
BRA018332	AT2G30160	83.7	1.05e-209	575
BRA018333	AT2G30150	78.2	2.39e-264	724
BRA018335	AT2G30130	95.7	8.67e-93	268
BRA018336	AT2G30120	69.6	6.07e-123	352
BRA018338	AT2G30110	91.6	0	1969
BRA018341	AT2G30080	89.8	1.66e-210	578
BRA018347	AT2G30010	89.8	2.66e-277	754
BRA018348	AT2G29980	92.7	8.05e-277	749
BRA018351	AT2G29970	73.2	0	1334
BRA018353	AT2G29960	92	3.33e-134	374
BRA018354	AT2G29900	81.7	1.47e-201	560
BRA018356	AT2G29890	78.5	0	1414
BRA018357	AT2G29760	90.5	0	1212
BRA018363	AT2G29740	74.3	4.08e-254	700
BRA018364	AT2G29730	81.6	2.36e-283	773
BRA018365	AT2G29700	93.8	2.91e-103	291
BRA018368	AT2G29670	66	8.5e-151	439
BRA018369	AT2G29660	80.6	7.63e-206	569
BRA018370	AT2G29650	91.5	0	948
BRA018371	AT2G29640	54.6	5.92e-102	300
BRA018372	AT2G29630	96.6	0	1264
BRA018373	AT2G29620	69.4	2.04e-304	849
BRA018375	AT2G29590	81	5.26e-83	241
BRA018377	AT1G07370	98.9	5.45e-182	499
BRA018378	AT2G29560	93.9	0	894
BRA018379	AT2G29550	98	0	884
BRA018383	AT2G29500	89.7	2.08e-94	269
BRA018389	AT3G43250	64.6	2.98e-97	284
BRA018398	AT2G29380	78.8	8.2e-200	553
BRA018400	AT2G29330	83.1	2.19e-155	432
BRA018406	AT2G29220	78.4	0	959
BRA018407	AT2G29210	54.7	3.02e-102	336
BRA018408	AT2G29130	88.6	0	1065
BRA018409	AT2G29110	75.3	0	1375
BRA018411	AT5G40520	56.7	4.2e-226	643
BRA018413	AT1G11040	75.1	2.49e-210	584
BRA018415	AT1G10960	92.5	1.08e-95	272
BRA018416	AT1G10950	93	0	1078
BRA018417	AT1G10940	90.6	6.11e-231	632
BRA018418	AT1G10930	83.2	0	1934
BRA018420	AT1G10840	98.2	1.87e-242	659
BRA018421	AT1G10820	78.1	3.99e-132	372
BRA018423	AT1G10760	88.7	0	2419
BRA018425	AT1G10670	91.6	6.22e-294	797
BRA018428	AT1G10650	78.9	4.42e-175	488
BRA018433	AT1G10550	90	1.13e-213	584
BRA018434	AT1G10520	85.9	0	882
BRA018437	AT1G10490	91.2	0	1821
BRA018440	AT1G10400	84.8	3.63e-283	773
BRA018442	AT1G10385	94.3	0	1330
BRA018443	AT1G10350	81.1	1.45e-190	528
BRA018445	AT1G10340	76.6	3.82e-280	775
BRA018446	AT1G10320	75.3	7.6e-281	790
BRA018447	AT1G10310	91.7	8.88e-157	434
BRA018448	AT1G53350	74	0	1157
BRA018457	AT1G10180	87.3	0	1281
BRA018459	AT1G10150	68.4	5.76e-187	523
BRA018462	AT1G10090	85.2	0	1302
BRA018463	AT1G10070	88.9	4.32e-248	677
BRA018465	AT1G10040	78.9	1.66e-203	565
BRA018466	AT1G10030	93	6.17e-86	246
BRA018469	AT4G12290	86.3	0	1337
BRA018471	AT4G12320	84.9	0	879
BRA018473	AT4G12360	69.6	4.05e-71	211
BRA018474	AT4G12370	75.4	3.06e-176	488
BRA018477	AT4G12400	87.8	8.47e-301	825
BRA018479	AT4G12420	92.8	0	1125
BRA018483	AT4G12550	70.5	9.19e-50	153
BRA018485	AT4G12560	84.7	1.95e-259	708
BRA018486	AT4G12580	68.1	1.1e-20	78.6
BRA018490	AT5G48670	63.4	4.38e-113	328
BRA018498	AT4G04605	96.9	9.27e-39	127
BRA018504	AT4G04720	92.3	0	958
BRA018513	AT4G05150	81.7	8.34e-227	629
BRA018514	AT4G03220	83.1	5.26e-288	787
BRA018516	AT4G03180	60.9	5.21e-63	192
BRA018518	AT4G03110	87.4	1.91e-262	718
BRA018521	AT4G03050	59.5	7.48e-147	423
BRA018524	AT5G23010	78.1	1.75e-277	762
BRA018525	AT4G02880	64.7	9.31e-152	440
BRA018526	AT4G02860	85.3	8.42e-177	489
BRA018527	AT4G02830	78	7.59e-99	283
BRA018528	AT4G02820	75.1	6.87e-229	640
BRA018529	AT4G02730	72.4	6.58e-81	248
BRA018530	AT4G34400	51.8	3.59e-105	317
BRA018535	AT4G02670	81.1	4.95e-235	645
BRA018540	AT4G02560	77	0	1098
BRA018542	AT4G02550	79.5	4.02e-167	480
BRA018544	AT4G00165	76.7	5.99e-64	190
BRA018547	AT5G24220	64.4	1.72e-165	467
BRA018549	AT4G02460	83.8	0	1413
BRA018551	AT4G02425	81.8	2.01e-136	384
BRA018554	AT4G02400	75.1	0	1125
BRA018557	AT4G02370	82.2	6.35e-95	271
BRA018558	AT4G02350	86.9	0	1308
BRA018559	AT4G02290	91.6	0	961
BRA018560	AT4G02270	84.2	5.33e-102	289
BRA018563	AT4G02210	76.2	5.95e-239	657
BRA018565	AT1G09340	97.7	8.62e-253	688
BRA018568	AT1G09310	88.3	7.73e-87	252
BRA018569	AT1G09280	88.4	0	1052
BRA018570	AT1G09270	88.2	1.06e-286	788
BRA018571	AT1G09260	50.4	7.72e-34	115
BRA018572	AT1G09250	74.3	3.45e-83	245
BRA018573	AT1G09240	87	5.34e-200	550
BRA018574	AT1G09230	81.6	4.49e-245	674
BRA018575	AT1G09210	94.4	9.88e-219	606
BRA018577	AT1G09190	87.7	7.71e-225	622
BRA018581	AT1G09140	94.3	2.77e-129	365
BRA018583	AT1G09040	61.8	0	933
BRA018585	AT1G09030	84.9	1.01e-78	228
BRA018587	AT1G09010	87.5	0	1736
BRA018588	AT1G09000	78.6	0	992
BRA018589	AT1G54830	84.4	8.4e-116	328
BRA018590	AT1G08940	87.9	4.4e-183	504
BRA018594	AT1G08900	83.6	1.55e-274	750
BRA018595	AT1G08880	97.2	3.04e-90	258
BRA018596	AT1G08845	85.2	1.94e-127	365
BRA018597	AT1G08820	71.8	3.83e-177	497
BRA018598	AT1G08810	77.5	7.01e-148	415
BRA018599	AT1G08800	57.2	0	949
BRA018601	AT1G08780	84.5	1.89e-71	209
BRA018602	AT1G08770	77.5	1.27e-98	284
BRA018603	AT1G08760	79.7	0	1052
BRA018604	AT1G08750	91.5	4.43e-253	690
BRA018605	AT1G08730	87.4	0	2377
BRA018606	AT1G08700	80.6	1.41e-219	609
BRA018607	AT1G08680	75.7	0	899
BRA018610	AT1G08640	84.7	5.09e-164	456
BRA018612	AT1G08600	85.8	0	2244
BRA018614	AT1G08570	78.5	2.2e-147	413
BRA018615	AT1G08560	83	3.28e-162	453
BRA018616	AT1G08550	85.3	2.17e-280	765
BRA018618	AT1G08530	83.8	5.01e-85	249
BRA018619	AT1G08520	92.5	0	1216
BRA018621	AT1G08490	89.2	1.57e-298	811
BRA018622	AT1G08480	87.3	1.49e-89	256
BRA018623	AT1G08470	90.3	7.1e-243	662
BRA018625	AT1G08440	86.1	1.84e-297	812
BRA018627	AT1G08400	77.3	0	1174
BRA018628	AT1G08390	80.8	1.08e-53	164
BRA018630	AT1G08370	77.5	5.65e-191	531
BRA018632	AT1G08350	84.9	0	991
BRA018634	AT1G08320	90.8	3.74e-295	804
BRA018635	AT1G08315	87.2	8.51e-182	504
BRA018636	AT1G08310	84.5	6.54e-202	555
BRA018637	AT1G08300	67.5	1.23e-302	843
BRA018639	AT1G08280	81.3	1.28e-177	496
BRA018641	AT1G08260	86.8	0	3733
BRA018642	AT3G50685	86.7	9.39e-65	194
BRA018644	AT1G08190	91	0	1709
BRA018647	AT1G08170	54.1	5.41e-53	171
BRA018649	AT1G08160	81.4	3e-118	334
BRA018650	AT1G08140	71.7	0	1184
BRA018652	AT1G08130	86	0	1218
BRA018653	AT1G08125	85.3	1.95e-191	528
BRA018654	AT1G08110	89.9	3.97e-157	434
BRA018657	AT1G08080	83.3	6.15e-163	460
BRA018658	AT1G08070	85.2	0	1086
BRA018660	AT1G08065	76.9	8.67e-160	444
BRA018662	AT1G08060	56.9	0	1674
BRA018664	AT1G08030	81.7	3.83e-287	785
BRA018665	AT1G08010	68.8	2.22e-133	379
BRA018667	AT1G07985	82.8	3.4e-62	187
BRA018671	AT1G62350	90.3	1.69e-126	356
BRA018672	AT1G07960	87	2.45e-86	248
BRA018673	AT1G07970	87.9	0	1161
BRA018678	AT1G07870	90.1	2.1e-270	741
BRA018679	AT1G07850	96	2.61e-314	852
BRA018680	AT1G07840	79.2	3.58e-158	443
BRA018681	AT1G07830	91.7	6.55e-86	247
BRA018683	AT1G07710	94.3	1.82e-191	546
BRA018684	AT1G07720	88.2	2.15e-310	844
BRA018685	AT1G07725	73.2	3.47e-297	819
BRA018688	AT1G07750	90.7	9.96e-243	661
BRA018693	AT1G07650	82.9	0	1348
BRA018694	AT4G29120	87.1	1.05e-198	548
BRA018695	AT1G47960	87.4	3.93e-84	245
BRA018696	AT1G47970	87.7	3.9e-26	99
BRA018697	AT1G47980	87.7	1.4e-197	543
BRA018700	AT1G48030	94.9	0	941
BRA018701	AT1G48040	84.2	1.41e-226	622
BRA018705	AT1G48090	89.1	0	7403
BRA018707	AT1G48100	88.9	1.89e-311	845
BRA018708	AT1G48110	68.6	8.48e-276	767
BRA018709	AT1G48120	53.2	0	1251
BRA018710	AT1G65500	67.4	1.12e-34	113
BRA018712	AT1G48170	82.4	4.23e-83	240
BRA018715	AT1G63770	87.4	0	1701
BRA018719	AT1G48270	94.5	3.3e-229	624
BRA018720	AT1G48280	81.4	2.36e-268	742
BRA018721	AT1G31740	77.1	0	1120
BRA018722	AT2G47800	88.9	0	2608
BRA018726	AT1G48420	72.5	1.84e-186	519
BRA018729	AT1G48470	95.4	1.84e-259	703
BRA018731	AT1G48540	75	0	1525
BRA018732	AT1G48550	93.9	1.54e-220	602
BRA018735	AT1G48560	63.8	2.92e-263	737
BRA018736	AT1G48570	74.5	2.05e-169	482
BRA018738	AT1G48580	65.6	3.65e-190	536
BRA018739	AT2G25310	89.9	4.78e-131	366
BRA018740	AT1G48600	94.5	0	917
BRA018742	AT4G02750	91.4	2.11e-253	722
BRA018746	AT1G48635	75.7	1.31e-203	564
BRA018747	AT1G48650	90.2	0	2106
BRA018753	AT1G48780	69.5	3.12e-89	263
BRA018754	AT1G48790	87.8	0	878
BRA018758	AT1G48870	67	4.61e-258	717
BRA018760	AT1G48900	95.2	0	920
BRA018763	AT1G48910	79.6	2.07e-145	411
BRA018764	AT1G48920	65.9	1.24e-103	320
BRA018765	AT1G48930	90.3	0	1163
BRA018768	AT1G48960	83.3	6.6e-117	331
BRA018769	AT1G48980	76.3	1.05e-172	481
BRA018770	AT1G48990	80.2	3.67e-86	249
BRA018772	AT1G49010	78.9	1.55e-156	439
BRA018774	AT1G49030	76.4	8.52e-126	354
BRA018775	AT1G49040	91.1	0	2136
BRA018777	AT1G49200	85.8	4.2e-140	390
BRA018782	AT1G49270	91.1	4.14e-268	753
BRA018784	AT1G49310	79.7	4.06e-44	136
BRA018786	AT1G49340	92.2	0	3676
BRA018787	AT3G03410	63.1	9.51e-55	167
BRA018788	AT1G49420	50.2	4.45e-36	124
BRA018791	AT1G49540	89.7	0	1531
BRA018795	AT1G49820	92.1	3.24e-289	784
BRA018797	AT1G49760	88.3	0	1052
BRA018798	AT1G49740	86.9	4.7e-240	654
BRA018799	AT1G49730	81.2	0	1042
BRA018800	AT1G49720	70.3	8.35e-146	418
BRA018801	AT1G49710	85.9	0	879
BRA018802	AT1G49670	85.4	0	1093
BRA018808	AT1G49650	74.5	4.35e-211	583
BRA018809	AT1G49640	74	1.01e-171	478
BRA018811	AT1G49630	88.6	0	1863
BRA018812	AT1G49620	52	2.76e-40	134
BRA018813	AT1G49600	93.1	1.29e-200	560
BRA018814	AT1G49590	83.7	1.36e-129	365
BRA018815	AT1G42440	85.3	0	1296
BRA018816	AT1G49890	81.3	5.03e-300	829
BRA018817	AT1G49900	70.5	9.52e-34	132
BRA018818	AT1G49950	77.3	6.51e-138	393
BRA018819	AT1G49975	76.2	2.77e-55	168
BRA018821	AT1G49980	83.3	0	1077
BRA018823	AT1G49990	56.6	1.16e-155	446
BRA018824	AT1G50000	87.8	3.85e-182	503
BRA018825	AT4G14960	99.8	0	902
BRA018830	AT1G50060	71	4.33e-88	254
BRA018831	AT1G50110	89.3	3.15e-233	637
BRA018833	AT1G43171	63.2	1.03e-37	123
BRA018840	AT1G64255	77.2	2.19e-120	358
BRA018841	AT1G50310	93.2	0	956
BRA018842	AT1G50320	79	7.83e-94	270
BRA018844	AT1G50360	89.4	0	2003
BRA018845	AT1G50380	92.1	0	1345
BRA018847	AT1G50410	74.7	0	1368
BRA018849	AT1G50450	88.5	1.99e-262	724
BRA018850	AT1G50460	92.8	0	890
BRA018851	AT1G50480	96	0	1215
BRA018852	AT1G50490	95.6	1.99e-125	350
BRA018853	AT1G02020	77.6	0	893
BRA018856	AT1G50520	80.2	2.73e-300	821
BRA018857	AT1G50570	76.5	5.89e-202	561
BRA018858	AT1G50575	80.7	6.44e-171	475
BRA018859	AT1G50590	89.1	4.52e-207	567
BRA018860	AT1G50600	89.2	0	893
BRA018861	AT1G50630	90.7	1.27e-294	800
BRA018865	AT1G50650	77.4	1.68e-53	167
BRA018866	AT1G50660	76.2	0	930
BRA018867	AT1G50670	94.2	3.46e-144	399
BRA018870	AT1G50710	93.6	3.53e-278	756
BRA018871	AT1G50720	86.8	9.73e-36	120
BRA018872	AT1G50730	77.5	0	1314
BRA018873	AT1G50740	79.3	8.67e-62	184
BRA018875	AT1G50870	51.7	1.94e-125	367
BRA018876	AT1G50900	89.5	2.21e-106	301
BRA018877	AT1G50910	76.9	9.62e-246	680
BRA018879	AT1G50820	51.4	8.02e-238	681
BRA018884	AT1G50980	50	1.26e-96	292
BRA018891	AT1G51080	73.7	8.21e-122	349
BRA018892	AT1G51100	82.9	2.39e-109	311
BRA018893	AT1G51110	86.2	1.77e-253	692
BRA018895	AT1G51130	77.4	1.1e-208	578
BRA018896	AT1G51140	79.6	2.4e-190	530
BRA018897	AT1G51160	98.8	2.37e-125	348
BRA018901	AT1G51210	79.7	6.58e-255	699
BRA018902	AT1G51220	84.9	4.41e-209	574
BRA018903	AT1G51350	89.3	0	1089
BRA018904	AT1G51355	76.2	2.79e-44	139
BRA018906	AT1G51390	81	5.44e-149	417
BRA018907	AT1G51400	60.7	2.26e-28	98.6
BRA018909	AT1G51440	79.8	4.73e-316	860
BRA018910	AT1G51450	75.9	7.42e-174	495
BRA018911	AT1G51460	88	0	1108
BRA018913	AT1G51538	60.4	5.2e-203	608
BRA018917	AT1G51590	91.4	0	1037
BRA018919	AT1G51620	74.1	1.1e-123	355
BRA018922	AT5G44582	51.6	7.58e-09	47
BRA018923	AT1G35660	76.9	0	1963
BRA018927	AT1G51720	96.2	0	1219
BRA018931	AT1G51745	66.8	6.25e-239	684
BRA018936	AT1G51910	70.2	0	1214
BRA018937	AT1G51940	85.9	0	1045
BRA018947	AT1G58160	61.4	7.93e-60	181
BRA018948	AT1G52150	96.5	0	1596
BRA018949	AT1G52155	94.4	1e-220	602
BRA018950	AT1G52160	80.9	0	1290
BRA018952	AT1G52190	92.4	0	1092
BRA018953	AT1G52200	74.2	8.16e-104	296
BRA018954	AT1G52220	80.8	6.04e-78	227
BRA018958	AT1G52260	82.6	1.25e-293	805
BRA018959	AT1G52280	98.5	1.66e-150	415
BRA018962	AT1G52315	72.8	6.3e-146	416
BRA018963	AT1G52320	87.4	8.22e-294	825
BRA018964	AT1G52340	85.2	9.22e-171	473
BRA018965	AT1G52343	80	8.91e-115	328
BRA018972	AT1G52560	81.7	1.65e-111	317
BRA018973	AT1G52565	86.2	3.59e-54	165
BRA018974	AT1G52580	87	5.7e-204	559
BRA018977	AT1G52620	81.8	5.98e-192	567
BRA018978	AT1G52630	92.5	2.04e-307	832
BRA018979	AT1G52640	79	4.19e-128	383
BRA018980	AT1G52660	87.6	1.35e-234	642
BRA018983	AT1G52730	93	9.12e-240	652
BRA018984	AT1G52740	97.8	4.62e-86	246
BRA018985	AT1G52750	82.5	0	1004
BRA018986	AT1G52760	88.8	2.35e-221	605
BRA018987	AT1G52770	80.2	2.92e-249	686
BRA018988	AT1G52780	77.7	0	1623
BRA018989	AT1G52790	91.3	1.96e-219	598
BRA018990	AT1G52800	88.5	9.95e-213	582
BRA018991	AT1G52810	78.8	6.07e-182	503
BRA018992	AT1G52820	90.9	4.79e-219	598
BRA018993	AT1G52830	74.7	1.18e-95	276
BRA018994	AT1G52855	94.1	8.11e-47	142
BRA018995	AT1G52870	88.3	6.25e-230	630
BRA018997	AT1G52880	68.8	1.86e-138	394
BRA018998	AT1G52890	83	3.97e-189	525
BRA018999	AT1G52900	89.9	9.8e-124	347
BRA019000	AT1G52910	89.7	3.28e-110	311
BRA019001	AT1G52920	79.5	1.21e-239	657
BRA019003	AT1G52980	91.3	0	934
BRA019006	AT1G53010	80.4	5.64e-96	275
BRA019007	AT1G53025	63.7	1.13e-219	617
BRA019008	AT1G53030	90.3	5.13e-45	138
BRA019009	AT1G53035	94	6.53e-102	288
BRA019012	AT1G53070	78.9	1.33e-155	434
BRA019014	AT1G53080	87.6	1.41e-182	503
BRA019016	AT1G53110	52.9	4.48e-129	378
BRA019017	AT1G53130	83.2	1.95e-73	217
BRA019022	AT5G01830	82.6	0	1043
BRA019024	AT4G27840	70.7	4.03e-120	342
BRA019026	AT4G27800	85.8	9.35e-242	661
BRA019030	AT4G27680	92.5	4.47e-261	711
BRA019032	AT4G27660	75.8	6.38e-71	211
BRA019036	AT4G27652	75.7	4.51e-31	102
BRA019037	AT4G27650	93.9	6.38e-257	699
BRA019039	AT4G27640	89.5	0	1650
BRA019042	AT4G27580	58.7	9.8e-20	76.6
BRA019043	AT4G27550	86	0	1387
BRA019051	AT4G27420	82.3	0	1038
BRA019052	AT4G27410	82.1	6.77e-191	526
BRA019053	AT4G27400	76	1.4e-193	534
BRA019054	AT4G27390	81.7	6.73e-134	376
BRA019058	AT4G27310	68	4.07e-66	202
BRA019060	AT4G27260	96.2	0	1195
BRA019062	AT4G27250	83.6	2.04e-218	599
BRA019064	AT4G27160	63.9	2.82e-72	214
BRA019067	AT4G27170	61.8	1.2e-68	205
BRA019070	AT4G27090	97	8.95e-86	246
BRA019071	AT4G27080	89.7	2.5e-311	847
BRA019075	AT4G27070	94.3	0	882
BRA019076	AT4G27040	94.8	1.89e-171	472
BRA019077	AT2G22890	76.2	5.47e-161	448
BRA019078	AT4G27000	84.6	2.16e-215	597
BRA019079	AT4G26980	79.2	2.2e-140	410
BRA019080	AT4G26950	64	5.78e-54	166
BRA019084	AT4G26830	75.1	8.49e-261	717
BRA019087	AT2G20350	70.4	3.62e-69	205
BRA019089	AT4G26720	96.1	2.6e-226	615
BRA019090	AT2G16030	84	1.57e-140	392
BRA019094	AT4G26650	78.6	1.95e-234	649
BRA019104	AT4G26450	73.8	0	922
BRA019107	AT4G26415	78.9	3.2e-146	410
BRA019112	AT4G26330	83.6	0	1208
BRA019116	AT4G26240	88.5	7.9e-132	367
BRA019118	AT4G26150	61	1.02e-134	389
BRA019122	AT4G26070	87.3	1.79e-226	620
BRA019125	AT4G26055	77	7.84e-29	96.7
BRA019126	AT4G26050	84.3	1.75e-132	384
BRA019130	AT4G26020	71.8	5.15e-110	318
BRA019133	AT4G26000	84	7.64e-234	646
BRA019136	AT4G25950	90.7	1.46e-56	170
BRA019137	AT4G25880	74	1.5e-314	882
BRA019139	AT4G25840	91.4	1.17e-161	449
BRA019144	AT4G25730	80.1	0	1133
BRA019145	AT4G25700	87.5	2.77e-189	521
BRA019147	AT4G25640	88.8	1.27e-309	842
BRA019148	AT4G25630	94.7	8.55e-165	460
BRA019152	AT4G25580	55.7	9.93e-189	543
BRA019153	AT4G25570	87.2	1.5e-132	374
BRA019154	AT4G25560	78	7.02e-134	387
BRA019155	AT4G25550	96.5	8.29e-148	408
BRA019156	AT4G25540	83.5	0	1717
BRA019159	AT4G25515	77.9	0	932
BRA019162	AT4G25470	78.2	1.16e-118	335
BRA019167	AT4G25400	68.7	3.48e-73	218
BRA019168	AT4G25390	74.1	4.28e-257	720
BRA019169	AT4G25380	72.9	3.21e-66	196
BRA019170	AT4G25370	80.2	4.9e-126	356
BRA019172	AT4G25340	65.1	7.2e-174	496
BRA019173	AT4G25330	65.9	4.36e-99	287
BRA019174	AT4G25320	79.5	2.1e-199	555
BRA019176	AT4G25315	83.3	2.32e-75	219
BRA019178	AT4G25290	82.1	0	1133
BRA019180	AT4G25250	78.4	1.05e-90	263
BRA019181	AT4G25230	91.2	0	1026
BRA019182	AT4G25225	80	1.07e-27	94.4
BRA019183	AT4G25210	61.5	6.73e-92	279
BRA019184	AT4G25190	74.1	5.71e-130	376
BRA019188	AT4G25120	78.6	0	1755
BRA019191	AT4G25090	73.5	0	1220
BRA019192	AT4G25080	94.1	1.6e-86	254
BRA019194	AT4G25040	81.8	2.77e-95	273
BRA019196	AT4G25030	84.9	5.6e-209	577
BRA019200	AT4G24960	82.2	5.09e-78	226
BRA019202	AT5G50460	100	1.99e-43	134
BRA019203	AT4G24910	79.5	2.74e-168	469
BRA019204	AT4G24880	86.7	1.27e-272	742
BRA019205	AT4G24840	86	0	1261
BRA019208	AT4G24790	81.1	0	1258
BRA019213	AT4G24680	71.9	0	1808
BRA019214	AT4G24620	90	0	1105
BRA019216	AT4G24590	75.8	5.1e-111	318
BRA019218	AT4G24580	72.3	0	1130
BRA019221	AT4G24540	85.6	2.78e-116	330
BRA019226	AT1G07700	76.3	8.12e-90	262
BRA019229	AT4G24330	78.3	8.64e-223	620
BRA019232	AT4G24275	76.3	2.1e-39	128
BRA019235	AT4G24200	74	0	953
BRA019238	AT4G24250	80.7	4.88e-266	731
BRA019239	AT4G24240	70.8	1.05e-160	453
BRA019240	AT4G24230	58.4	5.19e-98	295
BRA019244	AT4G24150	65.7	2.44e-178	504
BRA019245	AT4G24130	92.3	3.56e-103	291
BRA019247	AT4G24060	75.9	2.06e-161	454
BRA019248	AT4G24050	92.5	1.25e-217	595
BRA019255	AT4G23980	85.2	0	1040
BRA019257	AT4G23920	94.8	6.56e-249	676
BRA019261	AT4G23880	72.5	2.44e-94	273
BRA019262	AT4G23870	83.5	1.75e-56	170
BRA019263	AT4G23840	66.6	5.75e-163	478
BRA019265	AT4G23810	74.1	3.53e-162	454
BRA019266	AT4G23790	83.3	1.78e-283	770
BRA019267	AT4G23760	62.9	4.48e-29	100
BRA019272	AT4G23730	88	2.02e-202	555
BRA019274	AT4G23720	81.5	1.03e-182	506
BRA019277	AT4G23690	95.2	1.5e-130	363
BRA019281	AT4G23650	91.3	0	926
BRA019295	AT4G23570	82.1	1.23e-169	475
BRA019299	AT4G23500	93.5	0	946
BRA019301	AT4G23470	86.8	6.83e-145	405
BRA019306	AT4G23410	87.5	1.46e-195	535
BRA019307	AT4G23400	97.2	8.55e-207	564
BRA019308	AT2G20170	55.1	5.4e-149	425
BRA019309	AT4G23380	75.9	3.33e-220	624
BRA019314	AT4G23290	66.2	1.67e-310	860
BRA019315	AT4G23250	73.2	0	951
BRA019320	AT4G23230	72.4	0	890
BRA019329	AT4G23130	74.4	0	949
BRA019338	AT4G23050	82.6	0	1192
BRA019340	AT4G23010	84.9	3.42e-224	615
BRA019343	AT4G22950	86.2	5.75e-121	342
BRA019346	AT4G22920	81.3	2.18e-162	450
BRA019348	AT4G22900	80.9	2.07e-181	504
BRA019349	AT4G22890	91.7	1.19e-187	519
BRA019352	AT4G22840	86.9	8.76e-242	663
BRA019354	AT4G22820	80.5	4.54e-96	280
BRA019357	AT4G22780	90.7	1.3e-299	813
BRA019359	AT4G22770	81.3	4.49e-183	508
BRA019370	AT4G22590	89.2	4.01e-235	643
BRA019374	AT4G22570	96.5	6.02e-115	326
BRA019377	AT4G22490	78.3	3.81e-63	187
BRA019378	AT4G22360	80.8	2.25e-195	543
BRA019380	AT4G22330	96.9	7.29e-192	524
BRA019382	AT3G46620	78.9	1.48e-179	503
BRA019383	AT4G22320	59.3	7.82e-66	202
BRA019385	AT4G22305	83.2	1.19e-123	349
BRA019386	AT4G22300	85.9	3.02e-162	449
BRA019387	AT4G22290	86.4	5.32e-266	727
BRA019390	AT4G22270	85.6	1.54e-265	726
BRA019391	AT4G22250	75.2	8.88e-102	292
BRA019394	AT4G22180	52.5	5.54e-134	389
BRA019405	AT1G69090	57.6	2.8e-124	362
BRA019407	AT4G21980	94.2	2.37e-79	229
BRA019408	AT4G21970	83.1	8.49e-86	248
BRA019414	AT3G45020	89.6	5.61e-80	231
BRA019415	AT3G45010	90.6	0	959
BRA019416	AT3G44990	88.7	8.45e-203	555
BRA019420	AT3G44910	65.5	0	1006
BRA019421	AT3G44718	68.7	2.27e-33	108
BRA019422	AT3G44716	54	2.43e-47	150
BRA019424	AT3G44680	96	1.29999e-319	862
BRA019425	AT3G44620	77	1.5e-127	360
BRA019427	AT3G44610	92	4.65e-298	808
BRA019430	AT3G44600	91.8	0	1167
BRA019431	AT3G44550	87.5	0	872
BRA019432	AT3G44530	82.8	0	1660
BRA019436	AT3G44460	79.4	9.68e-179	497
BRA019437	AT3G44380	92.3	1.07e-115	325
BRA019438	AT3G44370	76.1	1.13e-281	774
BRA019442	AT3G44350	75.6	6.68e-144	403
BRA019444	AT3G43210	83.8	0	1453
BRA019445	AT3G43230	73.3	3.37e-240	672
BRA019446	AT3G43300	91.5	0	3103
BRA019447	AT3G43520	75.1	5.3e-84	249
BRA019448	AT3G43600	80.8	0	2104
BRA019452	AT2G11000	80.9	0	1180
BRA019455	AT3G43860	87.7	0	877
BRA019456	AT3G43920	72.8	0	2148
BRA019457	AT3G44330	92	0	998
BRA019463	AT3G44930	79.1	0	1043
BRA019464	AT3G44540	85.4	2.21e-313	851
BRA019466	AT3G44450	76.5	2.77e-62	186
BRA019469	AT3G45440	78.2	0	1030
BRA019474	AT3G45780	89.3	0	1698
BRA019475	AT3G46060	98.6	1.03e-149	414
BRA019477	AT3G46090	61.4	3.7e-60	184
BRA019480	AT3G46410	83.2	4.23e-182	503
BRA019484	AT3G46450	81.5	7.97e-285	778
BRA019485	AT3G46490	80.4	7.02e-204	561
BRA019486	AT3G46520	99.7	1.64e-279	756
BRA019491	AT3G46630	79.8	9.58e-115	324
BRA019492	AT3G46890	86.2	2.83e-98	293
BRA019499	AT3G47180	85.9	1.27e-82	242
BRA019505	AT3G47530	86	0	1016
BRA019509	AT3G47640	82.3	2.24e-101	293
BRA019511	AT3G47660	76.9	0	1441
BRA019513	AT3G47790	85.7	0	1530
BRA019518	AT3G47860	80.5	6.02e-197	545
BRA019519	AT3G47940	78.9	2.43e-194	537
BRA019527	AT3G48140	94.3	1.07e-60	179
BRA019528	AT3G48170	93.8	0	978
BRA019530	AT3G48190	84.4	0	5026
BRA019533	AT3G48210	74.4	1.92e-146	415
BRA019536	AT3G48250	73.9	3.32e-253	709
BRA019537	AT3G48260	89.4	0	903
BRA019538	AT3G48270	78.8	2.84e-271	744
BRA019545	AT3G48460	83.2	7.27e-235	643
BRA019546	AT3G48470	82.2	0	1598
BRA019547	AT3G48480	67.8	1.84e-137	389
BRA019548	AT4G14170	82.2	4.67e-281	768
BRA019551	AT3G48520	87.4	3.81e-315	857
BRA019552	AT3G48580	69.5	1.19e-143	405
BRA019559	AT3G48710	65	2.45e-121	360
BRA019569	AT3G48820	87.9	1.46e-302	821
BRA019570	AT3G48850	82.4	3.92e-225	619
BRA019573	AT3G49000	75.6	7.34e-272	748
BRA019591	AT3G49320	88.4	1.92e-239	652
BRA019592	AT2G27420	75.4	4.44e-188	522
BRA019593	AT3G49370	89.1	0	1052
BRA019594	AT3G49390	78.4	9.68e-177	493
BRA019595	AT3G49430	85.1	7.7e-127	362
BRA019598	AT3G49490	60	4.13e-316	892
BRA019600	AT3G49540	75	3.09e-21	83.6
BRA019601	AT3G49550	89.3	1.21e-91	261
BRA019602	AT3G49590	78	1.04e-309	850
BRA019605	AT3G49645	69.6	7.1e-94	273
BRA019606	AT3G49650	90.2	0	1377
BRA019608	AT3G46340	71.1	0	1120
BRA019610	AT3G49660	86.8	4.84e-38	137
BRA019611	AT5G61770	89.7	1.24e-198	548
BRA019614	AT5G61800	80.7	3.95e-246	681
BRA019615	AT5G61810	83.7	2.96e-294	801
BRA019616	AT5G61820	78.9	5.97e-275	752
BRA019617	AT5G61830	88.3	1.42e-199	548
BRA019618	AT5G61840	96.9	7.13e-312	841
BRA019619	AT5G61850	82.5	6.96e-219	606
BRA019621	AT5G61865	78.3	7.68e-215	600
BRA019628	AT3G53040	71	3.42e-34	133
BRA019636	AT3G52970	88.8	0	934
BRA019637	AT3G52960	87.6	2.84e-134	376
BRA019638	AT3G52940	87.1	2.4e-230	630
BRA019644	AT3G52840	85	0	1314
BRA019648	AT3G52790	82.2	1.47e-58	175
BRA019652	AT3G52730	88.2	2.3e-30	101
BRA019653	AT1G14380	57.4	5.7e-137	414
BRA019657	AT1G14360	98.2	2.02e-243	660
BRA019658	AT1G14350	87.4	4.66e-259	709
BRA019659	AT1G14345	87.2	8.21e-112	317
BRA019660	AT1G14340	86.1	6.51e-144	402
BRA019663	AT1G14310	87.6	2.76e-163	452
BRA019664	AT1G14300	82.5	1.68e-205	567
BRA019665	AT1G14290	93.4	2.41e-179	493
BRA019666	AT1G14280	73.8	2.35e-201	563
BRA019667	AT1G14270	86.2	3.73e-205	565
BRA019669	AT1G14250	71.9	1.97e-242	671
BRA019670	AT1G14230	73.3	4.02e-244	676
BRA019672	AT1G14200	67.6	2.77e-79	234
BRA019675	AT1G14150	88.4	5.05e-114	322
BRA019678	AT1G14120	70.9	1.82e-163	456
BRA019690	AT1G14040	86	0	1352
BRA019693	AT1G13990	69.9	7.18e-111	322
BRA019694	AT1G13980	95.4	0	2726
BRA019696	AT1G13970	89.7	0	892
BRA019697	AT1G13960	80.5	1.94e-261	721
BRA019701	AT1G13820	87.4	1.84e-221	605
BRA019704	AT1G13770	82.7	1.19e-254	697
BRA019707	AT1G13730	73.2	2.47e-167	475
BRA019708	AT1G66470	79.1	4.67e-138	392
BRA019710	AT1G66650	62.3	1.17e-123	358
BRA019712	AT1G13610	82.2	1.41e-150	424
BRA019717	AT1G13570	90.2	2.61e-135	385
BRA019719	AT1G13530	81.9	9.29e-241	658
BRA019720	AT1G13460	85.8	3.14e-292	798
BRA019721	AT1G13450	83	1.59e-235	647
BRA019724	AT1G11900	70.8	1.69e-111	329
BRA019727	AT1G62390	73.7	0	980
BRA019730	AT1G11920	90.7	2e-261	711
BRA019731	AT1G11960	90.9	0	1383
BRA019732	AT1G11990	81.6	0	971
BRA019733	AT1G12000	96.3	0	1072
BRA019734	AT1G12010	91.3	1.81e-220	602
BRA019738	AT1G12050	92.6	1.44e-289	785
BRA019741	AT1G12080	63.6	3.48e-14	64.7
BRA019742	AT1G12090	94.2	3.45e-80	232
BRA019746	AT1G12120	62.9	4.03e-171	487
BRA019748	AT1G12230	85.4	3.37e-256	700
BRA019749	AT1G12240	87.7	0	1193
BRA019750	AT1G12260	88.1	7.34e-255	695
BRA019756	AT1G12310	95.9	9.67e-99	280
BRA019759	AT1G12330	87.5	8.25e-286	783
BRA019762	AT1G12390	93.4	2.18e-92	263
BRA019763	AT1G12400	85.5	4.51e-35	113
BRA019764	AT1G12410	94.3	1.02e-194	533
BRA019765	AT1G12420	93	5.27e-297	805
BRA019766	AT1G12430	80.9	0	1117
BRA019767	AT1G12450	88.9	1.13e-183	507
BRA019768	AT1G12460	84.2	2.88e-283	806
BRA019770	AT1G12480	88	0	964
BRA019773	AT1G12540	71.1	2.02e-104	302
BRA019774	AT1G12550	70.7	1.03e-171	479
BRA019778	AT1G12640	92.7	0	865
BRA019781	AT1G12710	72.9	9.17e-174	483
BRA019782	AT1G12740	89.7	0	872
BRA019783	AT1G12750	75	3.7e-169	471
BRA019786	AT1G12790	68.4	2.46e-125	357
BRA019788	AT1G12800	77.9	0	1055
BRA019792	AT1G12840	96.3	2.85e-263	714
BRA019796	AT1G12880	77.3	6.99e-115	325
BRA019797	AT1G12900	97.2	5.63e-281	763
BRA019801	AT1G12980	57.5	1.42e-107	316
BRA019803	AT1G13000	88.7	1.98e-275	748
BRA019804	AT1G13030	68.4	7e-236	664
BRA019805	AT1G13040	96.5	1.81e-35	138
BRA019806	AT1G13050	78.6	1.1e-159	447
BRA019807	AT3G26340	93.4	5.91e-189	518
BRA019811	AT1G13130	85.2	0	920
BRA019812	AT1G13140	86.8	0	939
BRA019814	AT1G13170	87.9	0	1450
BRA019815	AT1G13180	94.4	1.22e-304	823
BRA019816	AT1G13190	79.5	1.18e-150	437
BRA019817	AT1G13195	90.3	9.76e-174	479
BRA019819	AT1G13220	74.7	2.55e-294	866
BRA019820	AT1G13250	92.3	8.31e-231	630
BRA019821	AT1G13260	89	1.19e-218	599
BRA019822	AT1G13290	84.8	9.51e-188	518
BRA019825	AT1G13330	87.2	7.57e-118	334
BRA019827	AT1G13360	81.4	5.14e-84	246
BRA019828	AT1G13380	89.8	2.37e-121	340
BRA019831	AT1G11770	83.9	0	910
BRA019833	AT1G11740	74	6.63e-281	778
BRA019835	AT1G11730	85.2	4.18e-244	667
BRA019837	AT1G11700	86.4	1.28e-86	253
BRA019839	AT1G11680	93	0	925
BRA019840	AT1G11660	89.7	0	1313
BRA019845	AT2G05710	93.2	0	1842
BRA019846	AT1G11545	93.2	5.61e-224	609
BRA019848	AT1G11500	83.2	1.4e-101	290
BRA019849	AT1G11490	73.6	2.58e-183	511
BRA019850	AT1G11480	69.5	5.59e-254	710
BRA019854	AT1G11410	81.9	0	1384
BRA019857	AT1G80740	58	2.44e-318	885
BRA019859	AT1G11390	86.7	0	1069
BRA019860	AT1G11380	82.9	1.35e-150	419
BRA019861	AT1G11360	92.2	4.82e-157	435
BRA019862	AT1G11350	73	0	1213
BRA019863	AT1G11340	78.7	0	1277
BRA019864	AT1G11330	78.8	0	1278
BRA019868	AT1G11320	74.5	3.52e-216	599
BRA019869	AT1G11310	84	0	944
BRA019872	AT1G11250	95	1.48e-192	529
BRA019873	AT1G11240	75.1	5.21e-72	216
BRA019874	AT1G11220	51.1	8.9e-72	223
BRA019875	AT1G11210	58.2	5.85e-97	287
BRA019876	AT1G11180	84.5	5.14e-168	467
BRA019877	AT1G11170	81	6.81e-258	706
BRA019878	AT1G11130	79.3	0	1023
BRA019879	AT1G11125	67.5	4.2e-71	219
BRA019880	AT1G11120	75.4	8.05e-76	225
BRA019881	AT1G11112	78.8	3.45e-32	106
BRA019885	AT1G11060	81.5	0	1260
BRA019891	AT1G10910	85.9	3.97e-268	751
BRA019893	AT1G10890	75.3	1.13e-50	168
BRA019894	AT1G10880	87	1.7e-249	680
BRA019896	AT1G10870	88	0	1326
BRA019897	AT1G10850	86.4	0	971
BRA019899	AT1G10830	86.4	3.84e-229	627
BRA019901	AT1G10800	81.1	2.83e-124	351
BRA019902	AT1G10790	55.4	4.49e-100	298
BRA019905	AT1G10700	86.8	9.35e-185	522
BRA019906	AT1G10690	78	5.03e-58	174
BRA019907	AT1G10680	88.9	0	2080
BRA019908	AT1G10660	81.9	1.76e-196	541
BRA019909	AT1G10657	71.4	3.27e-54	164
BRA019912	AT1G10640	88.6	0	936
BRA019913	AT1G10620	73.2	4.89e-276	775
BRA019914	AT1G10610	65.4	4.15e-185	521
BRA019915	AT1G10600	91.1	7.44e-149	412
BRA019919	AT1G10580	87.2	0	1030
BRA019923	AT1G10570	67.4	1.54e-250	697
BRA019924	AT1G10560	70.5	0	946
BRA019925	AT1G10522	83.5	9.08e-99	282
BRA019926	AT1G10510	91	1.46e-114	353
BRA019928	AT1G10500	86.7	2.73e-104	296
BRA019933	AT1G10450	68.6	0	1377
BRA019935	AT1G59640	68.1	7.02e-86	259
BRA019936	AT1G10417	50.7	1.35e-109	326
BRA019938	AT1G10390	73.8	0	936
BRA019939	AT1G10380	90.6	6.63e-202	553
BRA019940	AT1G10370	84.6	2.09e-143	399
BRA019943	AT1G10330	68.1	3.4e-219	610
BRA019951	AT1G10280	87.8	4.3e-275	748
BRA019954	AT1G10220	70.2	1.89e-84	249
BRA019955	AT1G10210	96.7	3.93e-249	678
BRA019956	AT1G10200	99.5	3.29e-149	410
BRA019958	AT1G10170	78.1	0	1779
BRA019959	AT1G10155	86.4	1.39e-121	340
BRA019964	AT1G10060	88.3	3.64e-230	635
BRA019966	AT1G10020	86.6	2.2e-285	777
BRA019971	AT1G09970	89	1.36e-309	880
BRA019972	AT1G09960	90.2	0	906
BRA019973	AT1G09950	83.9	2.86e-131	369
BRA019974	AT1G09935	90.3	5.69e-156	431
BRA019976	AT1G09910	90.8	0	1314
BRA019977	AT1G09900	85.2	2.63e-65	224
BRA019978	AT1G09890	90	0	1249
BRA019979	AT1G09880	85	0	1245
BRA019980	AT1G09870	88.1	2.62e-317	860
BRA019981	AT1G09860	75.6	4.78e-191	533
BRA019982	AT1G09850	89.1	8.44e-282	767
BRA019984	AT1G09830	86.3	6.76e-309	843
BRA019985	AT1G09820	72.7	3.84e-123	376
BRA019986	AT1G09815	83.9	2.87e-75	218
BRA019987	AT1G09812	81.7	4.87e-72	211
BRA019988	AT1G09810	69.7	5.12e-222	619
BRA019990	AT4G38225	75.3	3.1e-173	496
BRA019991	AT1G09795	86.5	1.53e-247	677
BRA019993	AT1G09770	89.5	0	1413
BRA019995	AT1G09740	88.2	1.84e-105	298
BRA019997	AT1G09720	69.9	0	1100
BRA019998	AT1G09710	55.5	2.8e-191	551
BRA020001	AT1G09680	73.1	2.29e-128	389
BRA020002	AT1G09665	88.2	1.38e-88	256
BRA020004	AT1G09645	87.8	1.64e-53	162
BRA020006	AT1G09630	96.3	1.02e-145	404
BRA020009	AT1G09690	96.3	5.21e-113	317
BRA020011	AT1G09575	84.8	2.13e-167	465
BRA020013	AT1G09570	94.8	0	2113
BRA020014	AT1G09560	86.5	1.13e-135	379
BRA020018	AT1G09520	66.8	5.9e-86	255
BRA020021	AT1G09480	78.9	5.4e-186	516
BRA020022	AT1G09470	69.1	3.25e-127	366
BRA020023	AT1G09460	75.6	1.67e-128	368
BRA020024	AT1G09440	87.8	8.11e-291	791
BRA020025	AT1G09390	88.9	1.66e-246	672
BRA020026	AT1G09380	83.1	3.74e-220	606
BRA020028	AT1G09370	60.7	6.06e-70	209
BRA020029	AT1G09360	54.5	4.14e-59	183
BRA020032	AT5G19290	89.9	1.03e-230	629
BRA020035	AT5G19360	94.6	0	981
BRA020037	AT5G19380	69.8	1.98e-228	634
BRA020038	AT5G19390	83.7	0	1390
BRA020040	AT5G19450	94.9	0	991
BRA020041	AT5G19485	84.5	1.74e-227	640
BRA020042	AT5G19500	86	4.37e-292	798
BRA020046	AT5G19540	83.3	2.68e-266	729
BRA020047	AT5G19550	93.3	5.92e-278	754
BRA020048	AT5G19560	84.7	1.86e-296	809
BRA020049	AT5G19570	81.6	3.31e-75	219
BRA020050	AT5G19580	78.2	0	962
BRA020051	AT5G19590	83.4	3.7e-88	253
BRA020064	AT5G19800	65	6.7e-06	41.6
BRA020070	AT5G19870	91.7	1.74e-189	521
BRA020072	AT5G19890	84.3	7.56e-193	532
BRA020076	AT5G19960	70.6	1.07e-140	400
BRA020077	AT5G19970	86.5	1.54e-231	635
BRA020080	AT5G20030	76.9	3.47e-167	467
BRA020081	AT5G20040	80.9	4.57e-274	749
BRA020082	AT5G20050	82.6	4.25e-233	654
BRA020083	AT5G20070	84.2	6.05e-253	692
BRA020086	AT5G20120	91.5	2.37e-123	345
BRA020087	AT5G20130	82.3	1.77e-89	262
BRA020088	AT5G20150	85.7	2.76e-151	422
BRA020091	AT5G20200	72.7	0	961
BRA020100	AT5G20330	82.7	6.84e-205	564
BRA020101	AT5G20350	84.9	5.44e-296	816
BRA020103	AT5G20380	83.1	5.93e-307	838
BRA020104	AT5G20410	90.5	1.51e-311	845
BRA020106	AT5G20500	83.3	2.32e-72	212
BRA020112	AT5G20610	73.9	0	1474
BRA020113	AT5G20630	92.9	2.7e-138	385
BRA020117	AT5G20635	97	8.44e-16	67.8
BRA020118	AT5G20640	76.6	9.42e-114	323
BRA020125	AT5G20730	81.5	0	1537
BRA020131	AT5G20860	83.5	1.02998e-319	871
BRA020132	AT5G20870	86.1	4.11e-314	853
BRA020137	AT5G20930	81.3	0	1047
BRA020139	AT5G20950	91.1	0	1157
BRA020144	AT5G21070	96.4	1.75e-150	417
BRA020145	AT5G21105	85.1	0	1023
BRA020148	AT5G21130	59.4	8.03e-105	306
BRA020152	AT5G21150	80.2	0	1431
BRA020161	AT5G21950	85.9	8.68e-192	530
BRA020168	AT5G22010	81.1	0	1348
BRA020169	AT5G22060	84.9	8.79e-256	699
BRA020172	AT4G33990	82	0	1201
BRA020174	AT5G22130	80	5.48e-266	728
BRA020175	AT5G37460	54.7	2e-209	597
BRA020176	AT5G22140	89.3	4.66e-237	647
BRA020178	AT5G22240	84.5	1.81e-90	261
BRA020181	AT3G44280	76.6	6.37e-51	155
BRA020182	AT5G22290	79	8.19e-198	546
BRA020184	AT5G22300	89	1.48e-228	625
BRA020186	AT5G22350	89.2	1.87e-289	785
BRA020187	AT5G22360	93.7	1.97e-145	404
BRA020188	AT5G22380	87.2	2.03e-154	427
BRA020189	AT5G22390	75	6.45e-80	236
BRA020190	AT5G22400	80.3	8.34e-240	662
BRA020191	AT5G22410	66.2	9.19e-148	419
BRA020192	AT5G22430	83.7	6.62e-104	295
BRA020199	AT5G44490	51	7.78e-126	380
BRA020200	AT5G22620	80.2	3.46e-251	690
BRA020209	AT5G22650	67.3	1.04e-35	130
BRA020210	AT5G22730	61	3.81e-177	504
BRA020212	AT5G22740	97.2	0	1051
BRA020213	AT5G22760	79.3	0	2454
BRA020215	AT5G22800	87.1	0	1552
BRA020216	AT5G22810	90.9	5.68e-237	647
BRA020217	AT5G22820	74.1	2.27e-215	605
BRA020220	AT5G22860	80.4	1.42e-308	840
BRA020222	AT5G22870	81.1	1.74e-73	217
BRA020225	AT5G22900	83	0	1368
BRA020227	AT5G22980	78.8	4.39e-293	801
BRA020228	AT5G23000	81	1.38e-171	479
BRA020229	AT5G60800	75.6	7.56e-104	304
BRA020232	AT5G60750	91.1	6.78e-227	620
BRA020233	AT5G60730	82.7	7.79e-212	585
BRA020234	AT5G60710	82.7	0	1086
BRA020254	AT5G60370	80	7.04e-223	616
BRA020257	AT3G45320	54.2	1.31e-42	138
BRA020260	AT5G60210	76.2	4.49e-219	618
BRA020265	AT5G60090	50	1.67e-126	369
BRA020266	AT5G60050	85.4	2.07e-297	811
BRA020267	AT5G60040	84.4	0	2333
BRA020270	AT5G60010	91.1	0	1619
BRA020272	AT5G59980	64.1	1.97e-258	731
BRA020274	AT5G59920	54.5	8.71e-249	702
BRA020276	AT5G59890	97.1	4.66e-94	268
BRA020277	AT5G59880	87.7	5.57e-85	244
BRA020279	AT3G46020	78.9	9.5e-50	152
BRA020283	AT5G59830	93.5	4.9e-83	248
BRA020285	AT5G59810	81.2	0	1257
BRA020287	AT5G59790	86.6	6.36e-246	674
BRA020290	AT5G59770	86.4	3.76e-137	383
BRA020293	AT5G59750	82.5	2.48e-310	846
BRA020299	AT5G59680	79.6	0	1307
BRA020303	AT5G59670	69.7	0	1088
BRA020309	AT5G59610	83	2.49e-151	423
BRA020310	AT5G59580	84.4	1.87e-279	762
BRA020311	AT5G59560	81.9	3.81e-148	415
BRA020313	AT5G59550	79.9	2.97e-209	584
BRA020314	AT5G59520	82.6	1.8e-189	526
BRA020316	AT5G59470	79.5	2.47e-130	367
BRA020317	AT5G59460	75.8	5.92e-74	219
BRA020318	AT5G59380	62.6	4.7e-84	249
BRA020320	AT5G59350	76.3	3.69e-112	324
BRA020324	AT5G59300	92.4	1.01e-112	317
BRA020327	AT3G46565	54.1	1.01e-19	81.6
BRA020329	AT5G59040	74.5	8.58e-79	229
BRA020331	AT5G59070	85.6	2.09e-310	845
BRA020332	AT5G59080	83.7	3.43e-74	216
BRA020335	AT5G59160	97.4	1.3e-234	637
BRA020336	AT5G59180	96.6	1.47e-125	350
BRA020338	AT5G59270	74.8	0	944
BRA020341	AT5G58990	86.8	6.81e-93	265
BRA020342	AT5G58970	93.1	4.33e-206	564
BRA020348	AT5G58830	79.9	0	1090
BRA020352	AT5G58800	93.7	1.88e-143	399
BRA020353	AT5G58782	84.1	1.25e-163	456
BRA020354	AT5G58770	85.2	1.6e-185	512
BRA020355	AT5G58760	86	2.98e-278	767
BRA020357	AT5G58720	80.7	1.36e-263	728
BRA020359	AT5G58700	85.9	0	1055
BRA020362	AT5G58660	79.5	5.98e-195	540
BRA020363	AT5G58530	70.7	5.93e-135	380
BRA020365	AT5G58500	88.1	9.23e-111	313
BRA020370	AT5G58390	77.8	3.82e-181	502
BRA020376	AT5G58310	82.2	2.13e-161	447
BRA020378	AT5G58290	97.8	1.34e-279	758
BRA020380	AT5G58220	78.1	7.71e-177	491
BRA020381	AT5G58200	78.9	3.34e-117	335
BRA020382	AT5G58190	73.6	2.25e-279	769
BRA020388	AT5G58140	87	0	1534
BRA020390	AT5G58080	71.5	2.33e-283	786
BRA020393	AT5G58070	87.6	1.89e-126	353
BRA020395	AT5G58050	85.5	0	1239
BRA020397	AT5G58020	84.7	2.89e-208	573
BRA020398	AT5G58010	80.1	1.02e-148	417
BRA020401	AT5G57960	86.1	0	877
BRA020402	AT5G57940	90.7	0	1283
BRA020403	AT5G57930	85.7	7.26e-275	749
BRA020404	AT5G57910	68	2.87e-84	248
BRA020405	AT5G57887	66.7	4.68e-24	86.3
BRA020407	AT5G57870	86.4	0	1286
BRA020412	AT5G57800	90.6	0	1191
BRA020413	AT5G57770	88.1	7.24e-233	640
BRA020417	AT5G57720	54.2	3.88e-99	292
BRA020425	AT5G57660	82.6	1.43e-171	480
BRA020431	AT5G55440	57.6	1.7e-129	375
BRA020434	AT5G57550	89.7	1.71e-198	543
BRA020438	AT5G57510	84	1.53e-66	197
BRA020442	AT5G57400	72.1	1.89e-66	200
BRA020444	AT5G57390	85.5	2.05e-305	837
BRA020445	AT5G57380	68.3	2.65e-288	796
BRA020446	AT5G57370	78.8	4.64e-42	140
BRA020448	AT5G57345	78.4	2.38e-75	224
BRA020449	AT5G57340	72.8	8.13e-90	265
BRA020454	AT5G57290	94.2	2.71e-39	127
BRA020459	AT5G57220	89.5	0	895
BRA020461	AT5G57180	64	3.43e-142	411
BRA020464	AT5G24610	85.1	8.59e-88	252
BRA020468	AT5G24750	85	1.55e-260	714
BRA020469	AT5G24760	93.4	2.26e-265	720
BRA020470	AT5G24770	68.7	1.45e-128	365
BRA020471	AT5G24800	82.4	2.74e-153	429
BRA020472	AT5G24810	81.7	0	1672
BRA020479	AT5G24940	72.6	1.8e-202	565
BRA020480	AT5G24970	86.9	0	1156
BRA020481	AT5G25050	90.4	0	896
BRA020486	AT5G25160	77.3	8.88e-106	305
BRA020493	AT5G25250	91.9	2.38e-268	735
BRA020495	AT5G25265	91.6	6.41e-256	695
BRA020497	AT5G25370	85.6	0	1494
BRA020498	AT5G25400	94.8	6.84e-232	633
BRA020499	AT5G25450	92.6	6.59e-78	225
BRA020505	AT5G25530	86.2	2.99e-206	567
BRA020507	AT5G25560	77	1.7e-177	492
BRA020510	AT5G25640	62.1	1.01e-110	322
BRA020512	AT5G25770	78	3.18e-206	571
BRA020519	AT5G25940	87.2	3.82e-56	169
BRA020527	AT5G26690	59.3	2.84e-44	139
BRA020531	AT5G26730	61	2.62e-97	286
BRA020532	AT5G26740	95	9.03e-293	793
BRA020536	AT5G26667	91.8	1.33e-129	363
BRA020539	AT5G26330	78.5	3.53e-95	274
BRA020544	AT5G26180	85.4	5.81e-282	775
BRA020546	AT5G26170	73.3	1.38e-79	233
BRA020547	AT5G26150	84.5	0	1125
BRA020548	AT5G26100	79	6.34e-106	300
BRA020555	AT5G26630	61	8.74e-82	242
BRA020557	AT5G26760	52.8	6.08e-250	714
BRA020558	AT5G26805	53.5	1.06e-49	156
BRA020559	AT5G26820	89.8	0	1006
BRA020560	AT5G39130	91.1	7.7e-146	405
BRA020561	AT3G52530	81.9	1.98e-198	549
BRA020562	AT5G26860	88.5	0	1640
BRA020567	AT5G27030	84.1	0	1889
BRA020571	AT5G27880	69.7	1.46e-101	295
BRA020578	AT5G27730	87.6	1.41e-316	857
BRA020580	AT5G27690	69.6	7.81e-76	237
BRA020582	AT5G27630	84.1	0	1099
BRA020583	AT5G27620	91.3	1.2e-196	544
BRA020587	AT5G27470	90.9	3.22e-303	822
BRA020588	AT5G27460	76.2	1.21e-265	730
BRA020590	AT5G27430	97.6	4.44e-120	335
BRA020591	AT5G27420	73.3	4.26e-165	466
BRA020592	AT5G27360	81.9	1.29e-283	776
BRA020603	AT5G27970	89.5	0	2797
BRA020611	AT5G28530	74.2	0	1008
BRA020619	AT5G28740	90.1	0	1588
BRA020624	AT5G49620	68.5	1.91e-150	424
BRA020625	AT5G49610	85.8	3.54e-234	640
BRA020626	AT5G49600	87.4	1.27e-96	276
BRA020637	AT5G49410	89.7	1.32e-89	256
BRA020648	AT5G49320	92.6	8.9e-169	466
BRA020650	AT5G49300	75.7	4.36e-52	161
BRA020651	AT5G49280	80.7	3.72e-35	120
BRA020653	AT1G05380	72.4	2.19e-287	814
BRA020654	AT1G05385	77.6	3.65e-97	280
BRA020658	AT5G49180	69.4	4.1e-290	799
BRA020659	AT5G49170	70.1	1.17e-70	211
BRA020660	AT5G49150	79.8	0	1692
BRA020661	AT5G49110	83.5	0	2159
BRA020663	AT5G49100	61.8	1.21e-109	325
BRA020664	AT5G49070	84.4	1.11e-272	745
BRA020665	AT5G49050	85.6	1.61e-68	204
BRA020666	AT5G49030	93.7	0	2065
BRA020668	AT5G48960	92.9	0	1113
BRA020672	AT5G48900	95	6.78e-306	826
BRA020673	AT5G48880	90.6	7.59e-291	791
BRA020674	AT5G48870	93.1	5.76e-54	162
BRA020686	AT5G48630	93	6.26e-170	468
BRA020695	AT5G48500	82.7	2.5e-98	280
BRA020696	AT5G48490	69.5	2.82e-47	146
BRA020700	AT5G48450	87.4	0	1044
BRA020705	AT5G48380	80.8	1.68e-263	733
BRA020709	AT5G48250	76.1	8.83e-163	459
BRA020714	AT5G48170	94.8	6.67e-110	308
BRA020715	AT5G48150	87.6	3.45e-315	856
BRA020719	AT5G48120	77.2	0	1671
BRA020720	AT5G48100	81.8	0	964
BRA020721	AT5G48030	84.2	6.13e-276	753
BRA020723	AT5G47920	81.2	2.27e-93	269
BRA020727	AT4G03500	71.9	2.67e-281	781
BRA020731	AT3G30775	90.4	0	895
BRA020732	AT3G30725	70.4	3.14e-44	139
BRA020739	AT3G30350	63.5	2.27e-63	192
BRA020747	AT3G30180	92	0	876
BRA020748	AT3G06430	88.6	1.29e-216	606
BRA020752	AT3G06390	86.3	1.25e-109	311
BRA020754	AT3G06380	76	4.03e-201	556
BRA020755	AT3G06370	85.1	0	884
BRA020757	AT3G06340	53.4	2.74e-212	608
BRA020758	AT3G06330	79.6	4.18e-226	625
BRA020760	AT3G06300	91.4	5.29e-203	556
BRA020763	AT3G06170	92.9	2.32e-279	758
BRA020765	AT3G06200	87.2	5.71e-137	385
BRA020768	AT3G06210	87.4	0	1412
BRA020769	AT3G06230	70.5	7.77e-136	386
BRA020770	AT3G06150	81.5	0	1038
BRA020772	AT3G06145	91.1	2.49e-111	313
BRA020773	AT3G06140	82.7	1.25e-183	512
BRA020774	AT3G06130	82	3.59e-154	446
BRA020776	AT3G06110	88.4	1.55e-103	294
BRA020777	AT3G06100	86.9	4.05e-164	455
BRA020780	AT3G06070	80.3	1.12e-78	229
BRA020781	AT3G06060	85.7	2.1e-177	494
BRA020782	AT3G06050	95	2.44e-136	379
BRA020783	AT3G06040	82.4	6.75e-100	286
BRA020784	AT3G06035	82.7	3.71e-112	318
BRA020785	AT3G06030	89.9	0	1112
BRA020788	AT3G06000	67.3	8.52e-76	228
BRA020791	AT3G05980	76.9	8.66e-103	297
BRA020792	AT3G05975	75.8	1.57e-99	285
BRA020794	AT3G05960	92.5	0	924
BRA020796	AT3G05940	93.6	2.61e-279	759
BRA020799	AT3G05920	83.1	1.17e-57	174
BRA020803	AT4G35190	91.2	5.41e-151	418
BRA020804	AT4G35200	78.1	4.82e-133	375
BRA020805	AT4G35210	80.7	7.18e-133	374
BRA020809	AT4G35250	94	3.11e-268	729
BRA020814	AT4G23550	84.2	4.72e-183	506
BRA020817	AT4G23496	81	3.75e-48	148
BRA020820	AT4G23260	72.3	0	924
BRA020823	AT4G22980	75.6	5.14e-279	769
BRA020830	AT4G22860	74.9	3.09e-248	687
BRA020833	AT4G22740	59.5	3.64e-112	328
BRA020839	AT4G22666	73.3	1.54e-55	169
BRA020842	AT4G22560	77	1.48e-139	392
BRA020845	AT4G22517	50.8	7.24e-28	98.2
BRA020852	AT1G53360	53.7	5.37e-116	343
BRA020855	AT4G22220	92.2	1.31e-109	308
BRA020860	AT4G22060	58.6	6.96e-158	449
BRA020862	AT4G21910	86.4	2.49e-307	837
BRA020866	AT4G21865	61.6	1.09e-32	110
BRA020868	AT4G21850	82.5	1.49e-84	243
BRA020870	AT4G21810	95.9	3.83e-168	463
BRA020872	AT4G21750	87	0	1283
BRA020875	AT4G20930	89.5	1.78e-221	607
BRA020877	AT4G20960	80.5	2.21e-237	653
BRA020883	AT4G21070	68.1	0	1154
BRA020885	AT4G21105	95.6	5.32e-43	132
BRA020886	AT4G21110	96.6	3.28e-109	306
BRA020888	AT4G21192	93.8	1.23e-51	155
BRA020895	AT4G21534	74.3	1.09e-258	711
BRA020898	AT4G21570	84.9	3.98e-193	531
BRA020899	AT4G21590	78.5	2.73e-179	497
BRA020902	AT4G21610	81.2	1.72e-27	99.4
BRA020903	AT4G21620	80.9	6.19e-55	167
BRA020909	AT4G21690	86	1.73e-226	619
BRA020912	AT4G20890	98.2	0	880
BRA020913	AT4G12770	71.2	3.11e-273	779
BRA020917	AT4G20460	95.6	1.34e-293	794
BRA020918	AT4G20450	78.5	0	913
BRA020919	AT4G20440	90.6	2.31e-102	297
BRA020925	AT5G44560	92.4	8.8e-106	303
BRA020927	AT4G20300	68	5.1e-134	389
BRA020932	AT4G20190	80.4	4.27e-214	591
BRA020933	AT4G20170	84.2	1.22e-304	830
BRA020935	AT4G20130	88	3.85e-316	865
BRA020946	AT4G19900	80.6	0	1008
BRA020948	AT4G19870	56.7	1.85e-150	431
BRA020950	AT4G19830	78.2	4.26e-116	329
BRA020951	AT4G19810	86.9	3.82e-229	629
BRA020953	AT4G20200	63.7	9.9e-274	760
BRA020954	AT4G19600	81.5	3.3e-294	806
BRA020960	AT4G19540	92	5.23e-205	562
BRA020966	AT4G19210	97.5	0	1167
BRA020967	AT4G19200	67	5.96e-15	68.9
BRA020968	AT4G19191	80.9	0	1048
BRA020969	AT4G19185	89.4	8.99e-258	702
BRA020970	AT4G19170	83.4	0	962
BRA020977	AT4G19110	88.6	1.87e-294	801
BRA020978	AT4G19100	82.2	3.85e-92	268
BRA020983	AT4G18940	83.7	8.65e-118	332
BRA020985	AT4G18900	67.7	3.22e-178	507
BRA020993	AT4G18760	82.7	2.03e-147	426
BRA020994	AT4G18710	98.2	3.89e-284	768
BRA020997	AT4G18690	74.2	3.02e-132	375
BRA021000	AT4G18610	91.2	1.13e-123	346
BRA021007	AT4G18510	73.4	8.11e-31	102
BRA021011	AT4G18395	80.7	2.26e-61	182
BRA021015	AT4G18280	64.3	6.6e-45	143
BRA021017	AT4G18240	86.4	0	1497
BRA021023	AT4G18100	98.5	6.33e-90	256
BRA021025	AT4G18070	56.3	6.63e-43	145
BRA021026	AT4G18040	87.7	2.77e-154	427
BRA021027	AT4G17950	73.9	4.77e-132	386
BRA021028	AT4G17940	71.1	2.77e-62	196
BRA021035	AT4G17710	66.5	1.43e-307	855
BRA021039	AT4G17660	79.1	3.92e-212	587
BRA021040	AT4G17650	76.9	2.55e-134	378
BRA021041	AT4G17570	81.2	2.29e-262	724
BRA021042	AT4G17560	79.6	4.21e-109	312
BRA021048	AT4G17500	81.1	2.8e-137	386
BRA021052	AT4G17380	93.4	0	1457
BRA021053	AT3G43790	83.7	1.13e-288	788
BRA021057	AT4G17330	75.8	6.86e-212	640
BRA021058	AT3G42670	80	0	2004
BRA021059	AT4G17300	91	0	1026
BRA021061	AT4G17245	76.2	5.31e-78	228
BRA021066	AT4G17150	76	1.48e-252	697
BRA021067	AT4G17140	88.5	0	7346
BRA021068	AT4G17085	91.2	2.97e-33	107
BRA021069	AT4G17080	77.4	1.38e-119	358
BRA021078	AT4G16845	74.4	1.05e-201	563
BRA021079	AT4G16800	89.7	1.28e-182	523
BRA021081	AT4G16765	91	1.24e-166	462
BRA021082	AT4G16740	81.2	0	891
BRA021090	AT1G65960	89.3	0	887
BRA021102	AT3G15351	77.6	1.8e-87	253
BRA021105	AT3G15355	60.1	8.46e-234	659
BRA021111	AT1G52930	88.6	5.89e-208	570
BRA021117	AT3G15540	90.4	4.07e-133	370
BRA021119	AT1G28030	72.8	3.41e-176	490
BRA021122	AT3G15620	80	2.55e-192	540
BRA021123	AT3G15640	90.3	1.02e-111	315
BRA021124	AT3G15650	88	2.02e-173	478
BRA021127	AT3G15680	89.2	5.65e-113	317
BRA021130	AT3G15700	88	5.94e-229	629
BRA021136	AT3G15790	69.5	8.89e-76	229
BRA021137	AT3G15800	84.1	1.01e-228	629
BRA021141	AT3G15860	90	8.47e-114	319
BRA021142	AT3G15880	93.7	0	2137
BRA021143	AT3G15890	75.7	6.02e-186	517
BRA021144	AT3G15900	78	7.32e-56	171
BRA021145	AT3G15920	71.4	0	959
BRA021146	AT3G15930	81.4	0	1004
BRA021148	AT3G15950	75.6	1.7e-171	511
BRA021154	AT3G16740	57.1	4.71e-146	418
BRA021157	AT3G16050	87.5	1.7e-185	512
BRA021158	AT3G16060	92.6	0	1198
BRA021165	AT3G16160	63	6.87e-123	357
BRA021167	AT3G16175	72.2	6.71e-74	218
BRA021170	AT3G16220	66.1	2.13e-99	302
BRA021172	AT3G16250	91	2.82e-132	369
BRA021173	AT3G16340	89.4	0	2494
BRA021181	AT3G16490	87.1	4.86e-209	578
BRA021184	AT3G16500	84	1.2e-156	436
BRA021185	AT3G16010	75	4.99e-17	81.6
BRA021186	AT3G16630	88.8	0	1303
BRA021190	AT3G16690	85.3	7.46e-140	392
BRA021191	AT3G16700	93.7	2.06e-151	419
BRA021199	AT3G16760	68.8	1.42e-196	553
BRA021200	AT3G16770	78.6	7.04e-128	361
BRA021202	AT3G16800	90.9	2.52e-238	649
BRA021203	AT3G16830	93.3	0	2093
BRA021205	AT3G16840	80.1	0	949
BRA021208	AT3G16860	73.6	0	993
BRA021209	AT3G16870	71.4	9.06e-78	229
BRA021210	AT3G16890	66	1.42e-133	406
BRA021211	AT3G16900	85.5	4.76e-115	324
BRA021213	AT3G17000	86.3	5.82e-186	513
BRA021214	AT3G17020	88.3	8.28e-105	296
BRA021215	AT3G17030	85.5	0	1144
BRA021218	AT3G17090	89.8	1.41e-250	683
BRA021219	AT3G17100	79.2	4.47e-84	248
BRA021226	AT3G17140	85	6.44e-59	177
BRA021229	AT3G17170	87	6.43e-137	389
BRA021230	AT3G17180	89.5	0	882
BRA021232	AT3G17210	90.7	7.79e-70	203
BRA021233	AT3G17220	58.3	9.45e-61	186
BRA021239	AT4G39830	86.1	0	1061
BRA021241	AT3G17390	98	4.09e-288	779
BRA021245	AT3G17420	87	5.06e-288	785
BRA021246	AT3G17430	96.5	4.79e-252	686
BRA021249	AT3G17460	51.3	1.56e-40	135
BRA021254	AT3G17465	80.9	3.27e-178	494
BRA021259	AT3G17611	83.7	2.67e-200	561
BRA021262	AT3G17650	92.2	0	1298
BRA021263	AT3G17660	89.1	2.07e-118	338
BRA021266	AT3G17700	88.2	0	1317
BRA021273	AT3G17780	89.9	2.23e-79	229
BRA021277	AT3G17840	80.2	1.02e-294	816
BRA021281	AT3G17860	82.5	2.82e-192	533
BRA021285	AT3G17940	91.8	1.08e-241	657
BRA021286	AT3G17950	81.4	1.56e-84	249
BRA021288	AT3G18035	56.5	1.12e-114	345
BRA021291	AT3G18070	85.1	0	899
BRA021292	AT3G18080	88.1	0	950
BRA021294	AT3G18130	92	1.41e-181	504
BRA021295	AT3G45680	81.7	0	892
BRA021296	AT3G18160	83.5	9.36e-206	572
BRA021297	AT3G18165	90.9	4.23e-165	456
BRA021298	AT3G18170	78.9	2.7e-305	835
BRA021300	AT3G18190	95.5	0	954
BRA021302	AT3G18215	85.2	1.01e-147	411
BRA021305	AT1G61950	78.1	1.08e-292	803
BRA021308	AT1G61860	91.3	2.23e-260	708
BRA021311	AT1G61760	76.8	3.37e-129	363
BRA021318	AT1G61720	83.8	3.2e-207	570
BRA021322	AT1G55020	92.4	0	1615
BRA021323	AT1G54990	74.4	3.71e-244	674
BRA021324	AT1G54870	94.1	1.57e-194	535
BRA021325	AT1G54850	76.8	1.15e-110	314
BRA021326	AT1G54840	62.6	3.17e-146	416
BRA021327	AT1G54780	89.2	2.52e-168	467
BRA021328	AT1G54730	64.9	8.78e-187	524
BRA021329	AT1G54710	79.4	0	1359
BRA021330	AT1G54680	77.3	1e-140	397
BRA021334	AT1G54650	80.3	3.14e-185	512
BRA021337	AT3G57620	81.9	0	930
BRA021339	AT1G54440	66.6	1.82e-265	740
BRA021340	AT1G54450	95.7	0	1035
BRA021344	AT2G20410	89.5	5.82e-55	172
BRA021349	AT3G43720	75	1.91e-94	272
BRA021355	AT3G03530	88	0	969
BRA021356	AT3G03500	88.5	1.85e-176	486
BRA021358	AT3G03440	88.5	2.05e-224	619
BRA021360	AT3G03420	95.9	2.3e-142	394
BRA021362	AT3G03341	97.2	1.99e-51	154
BRA021364	AT3G03230	81.4	1.31e-213	586
BRA021365	AT3G03220	93.6	1.32e-173	479
BRA021366	AT3G03200	88	3.53e-310	842
BRA021367	AT3G03180	88.5	1.35e-85	248
BRA021371	AT3G03120	96.4	1.82e-138	384
BRA021372	AT3G03110	87.1	0	1849
BRA021373	AT3G03100	94.3	2.32e-118	330
BRA021376	AT3G03060	86.8	0	938
BRA021378	AT3G03010	82.8	1.56e-88	256
BRA021379	AT3G03000	89.7	6.01e-100	284
BRA021384	AT3G02920	82.7	2.86e-166	461
BRA021385	AT3G02910	86.8	7.26e-115	323
BRA021388	AT2G47180	88.1	5.4e-229	625
BRA021390	AT2G47200	73.6	6.21e-40	126
BRA021392	AT2G47240	92	0	1252
BRA021393	AT2G47260	71.4	7.78e-136	388
BRA021401	AT2G47520	53	4.23e-61	188
BRA021402	AT2G47530	73.2	6.08e-91	263
BRA021406	AT3G02890	53.1	0	937
BRA021407	AT3G02885	83	1.75e-54	164
BRA021410	AT3G02800	88.9	1.02e-131	367
BRA021412	AT5G16450	95.8	1.55e-115	323
BRA021414	AT3G02750	77.7	2.66e-274	753
BRA021417	AT3G02730	91.1	1.57e-115	325
BRA021418	AT3G02710	87.3	2.93e-316	860
BRA021419	AT3G02700	87.7	5.26e-167	461
BRA021420	AT3G02690	80	3.46e-230	634
BRA021421	AT3G02660	87.7	1.73e-318	865
BRA021422	AT3G02650	77.5	2.43e-195	558
BRA021423	AT3G02645	81.5	7.51e-291	797
BRA021428	AT3G02590	86.6	1.04e-180	498
BRA021432	AT3G02555	68.2	3.04e-70	209
BRA021433	AT3G02550	76.9	5.44e-141	396
BRA021435	AT3G02510	91.6	1.26e-252	689
BRA021442	AT2G47770	87.3	3.81e-117	330
BRA021443	AT2G47790	79.2	3.18e-220	606
BRA021444	AT2G47880	96.1	3.32e-69	201
BRA021446	AT2G47900	89	1.59e-268	730
BRA021447	AT2G47910	80.1	1.38e-136	384
BRA021448	AT2G47930	77.5	1.08e-49	155
BRA021450	AT2G47940	87.9	0	1038
BRA021453	AT2G48090	65.5	3.32e-56	175
BRA021454	AT2G48130	75.6	1.07e-81	247
BRA021455	AT2G48140	81.2	5.82e-98	281
BRA021457	AT3G02480	82.1	5.84e-29	97.4
BRA021459	AT3G02440	77	3.21e-271	744
BRA021460	AT3G02430	86	2.55e-136	380
BRA021462	AT3G02420	84	5.78e-179	499
BRA021464	AT3G02380	67	6.12e-120	348
BRA021466	AT3G02350	91.8	0	1025
BRA021467	AT3G02340	60.8	1.7e-157	449
BRA021468	AT3G02330	86.5	0	1466
BRA021469	AT3G02320	88.6	0	999
BRA021470	AT3G02310	93.7	3.97e-169	466
BRA021471	AT3G44290	86.1	1.58e-204	563
BRA021474	AT3G02130	86.1	0	1499
BRA021480	AT3G01060	90.8	1.73e-304	825
BRA021481	AT3G01070	76.3	2.65e-87	253
BRA021485	AT3G01175	65.7	1.61e-152	442
BRA021489	AT3G01200	82.6	3.28e-211	583
BRA021494	AT3G13640	86.9	0	1059
BRA021500	AT3G13682	85.1	0	1239
BRA021501	AT3G13690	91.9	0	1361
BRA021505	AT3G13730	90	1.02e-315	857
BRA021508	AT3G13790	93.2	0	1130
BRA021510	AT3G13810	77.1	2.61e-206	582
BRA021513	AT3G13850	74.9	5.85e-136	383
BRA021514	AT3G13880	77.6	0	1081
BRA021515	AT3G13890	75.3	2e-180	504
BRA021519	AT3G13940	53.2	3.04e-151	436
BRA021523	AT3G13980	61.9	6.35e-122	355
BRA021525	AT3G14000	78.3	1.6e-185	517
BRA021526	AT3G14010	64.4	5.74e-209	597
BRA021527	AT3G14020	65.3	6.8e-114	331
BRA021528	AT3G14060	76	1.42e-60	181
BRA021530	AT3G14075	83	0	984
BRA021531	AT3G14080	96.9	1.64e-85	244
BRA021535	AT3G14130	88.2	1.67e-233	638
BRA021542	AT3G14220	80.4	1.09e-221	608
BRA021544	AT3G14260	82.7	4.21e-125	352
BRA021550	AT3G14330	86.9	2.94e-284	783
BRA021556	AT3G14420	97.5	1.29e-255	694
BRA021557	AT3G14430	89.5	4.79e-45	138
BRA021558	AT3G14440	91.3	0	1105
BRA021564	AT3G29410	71.7	0	882
BRA021569	AT3G14590	82.1	0	1149
BRA021573	AT3G14720	90.7	0	1062
BRA021574	AT3G14730	77.3	0	961
BRA021576	AT3G14760	83.5	1e-91	263
BRA021577	AT3G14770	84.3	2.39e-142	397
BRA021579	AT3G14840	76.8	0	1246
BRA021582	AT3G14920	79.5	0	943
BRA021588	AT3G15050	80.8	1.35e-140	395
BRA021591	AT3G15115	77.2	5.12e-162	458
BRA021598	AT2G29940	91.7	0	2595
BRA021600	AT2G29995	82.5	2.92e-18	70.1
BRA021601	AT1G07170	99.1	1.75e-85	243
BRA021603	AT2G30040	73.7	2.54e-192	551
BRA021604	AT2G30090	76	4.81e-213	588
BRA021605	AT2G30100	78.4	1.23e-286	785
BRA021606	AT2G30105	87.7	1.66e-149	426
BRA021613	AT2G31050	73	1.57e-102	293
BRA021621	AT2G30230	84.1	8.18e-101	287
BRA021622	AT2G30240	82.7	0	1370
BRA021626	AT2G30310	87.6	8.1e-239	651
BRA021638	AT2G30500	52.1	2.42e-117	355
BRA021641	AT2G30540	96.1	6.15e-71	206
BRA021642	AT2G30550	82.8	1.78e-315	859
BRA021643	AT2G30560	90.3	9.75e-13	59.7
BRA021649	AT2G30570	91.7	3.5e-78	226
BRA021650	AT2G30575	79	0	949
BRA021653	AT2G30600	83.3	0	1432
BRA021654	AT2G30620	64.7	4.01e-45	152
BRA021655	AT2G30630	89.4	0	976
BRA021657	AT2G30690	60.9	3.25e-238	681
BRA021658	AT2G30695	64.8	1.85e-76	226
BRA021659	AT2G30700	89.9	1.89e-311	845
BRA021660	AT2G30710	92.7	9.18e-300	812
BRA021661	AT2G30720	84	9.99e-269	736
BRA021664	AT2G30780	84.7	3.34e-227	630
BRA021665	AT2G30800	87.3	0	2206
BRA021670	AT2G25450	73.9	4.27e-193	535
BRA021672	AT2G30840	81.5	7.28e-218	598
BRA021674	AT2G30880	88.7	2.17e-300	819
BRA021675	AT2G05530	65.4	7.93e-32	108
BRA021677	AT2G30920	79.6	3.78e-181	503
BRA021678	AT2G30930	57	1.33e-45	147
BRA021679	AT2G30933	68.9	2.31e-108	313
BRA021680	AT2G30942	96.2	7.25e-35	111
BRA021682	AT2G30970	91.4	1.83e-295	800
BRA021685	AT2G30980	93.4	3.91e-286	775
BRA021686	AT2G30990	65.8	2.1e-231	649
BRA021688	AT2G31040	88.2	7.4e-209	574
BRA021694	AT2G31060	88	0	1115
BRA021695	AT2G31081	86.6	5.46e-42	131
BRA021696	AT2G31085	77.8	7.09e-38	120
BRA021698	AT2G31090	89.3	6.34e-45	138
BRA021707	AT2G31160	84.6	4.62e-115	327
BRA021708	AT2G31180	85.2	8.16e-159	440
BRA021709	AT2G31190	90.8	1.84e-284	773
BRA021710	AT2G31210	78.8	6.84e-219	607
BRA021711	AT2G31220	76.6	4.57e-228	632
BRA021712	AT2G31230	83.8	4.86e-121	345
BRA021713	AT2G31240	89.8	0	883
BRA021714	AT2G31260	85.6	0	1451
BRA021715	AT2G31280	74.2	0	1001
BRA021716	AT2G31305	90.8	1.82e-31	106
BRA021719	AT2G31710	92.4	5.84e-66	193
BRA021721	AT2G31650	72.6	0	1497
BRA021724	AT3G53870	94	9.97e-162	447
BRA021728	AT2G31480	73.2	6.82e-202	566
BRA021733	AT2G31400	85.7	3.65e-196	592
BRA021740	AT2G31750	90.8	6.14e-312	846
BRA021742	AT2G31770	66.4	6.8e-230	642
BRA021743	AT2G31790	82.7	2.99e-281	767
BRA021745	AT2G31810	87	3.17e-295	805
BRA021750	AT2G32680	63	8.91e-242	699
BRA021752	AT2G31820	85.1	1.99e-224	639
BRA021755	AT2G31865	74.7	4.04e-293	802
BRA021756	AT2G31870	80.3	0	886
BRA021761	AT2G31910	70.1	0	1150
BRA021762	AT2G31980	75.9	3.17e-68	202
BRA021765	AT2G31985	91.7	2.5e-167	461
BRA021766	AT2G32010	87.5	0	989
BRA021770	AT2G32020	88	1.01e-115	325
BRA021771	AT2G32030	88	4.93e-112	317
BRA021772	AT2G31470	53.6	7.64e-126	367
BRA021773	AT1G15930	88.8	2.04e-89	256
BRA021774	AT2G32170	73.3	3.87e-293	803
BRA021790	AT2G32415	76.4	0	1324
BRA021794	AT2G32510	79.9	3.52e-208	574
BRA021797	AT2G32530	77.9	0	1170
BRA021803	AT2G32660	75.7	3.05e-236	677
BRA021807	AT2G32690	93.8	1.42e-26	100
BRA021809	AT2G32720	94.8	4.99e-92	261
BRA021810	AT2G32730	92.1	0	1756
BRA021811	AT2G32740	78.3	2.26e-266	744
BRA021814	AT2G32810	90.7	0	1704
BRA021815	AT2G32860	75.9	0	917
BRA021819	AT2G32960	81.3	1.14e-138	389
BRA021827	AT2G33100	93.8	0	1968
BRA021831	AT2G33170	89.9	1.33e-258	761
BRA021832	AT2G33180	89.7	7.82e-69	203
BRA021835	AT2G33205	81.3	2.02e-251	694
BRA021838	AT2G33270	79	4.95e-153	427
BRA021839	AT2G33280	75.9	3.42e-280	771
BRA021840	AT2G33290	60.2	3.79e-280	780
BRA021841	AT2G21450	74	0	1118
BRA021843	AT2G33320	76.8	6.15e-265	738
BRA021846	AT2G33350	76	1.32e-195	546
BRA021851	AT2G33420	90.2	0	1793
BRA021853	AT2G33450	87.7	7.01e-78	226
BRA021855	AT2G33470	92.1	7.33e-139	387
BRA021856	AT2G33480	76	2.83e-114	328
BRA021858	AT2G33490	80.2	0	898
BRA021861	AT2G33580	76.3	8.9e-147	432
BRA021863	AT2G33590	80.4	1.17e-189	524
BRA021864	AT2G33610	76.3	4.61e-240	663
BRA021865	AT2G33620	69.3	2.63e-149	424
BRA021866	AT2G33640	78.4	2.6e-289	796
BRA021867	AT2G33670	89.3	1.35e-279	764
BRA021870	AT2G33700	88.3	3.77e-244	667
BRA021872	AT2G33730	83.5	0	1015
BRA021873	AT2G33760	70.6	1.15e-285	788
BRA021874	AT2G33770	80.9	0	1436
BRA021876	AT2G33790	69.5	6.27e-73	221
BRA021878	AT2G33793	62.7	5.22e-66	204
BRA021879	AT2G33800	85.3	1.04e-162	454
BRA021880	AT2G33810	72.9	2.88e-51	159
BRA021881	AT2G33820	92.3	6.31e-212	579
BRA021882	AT2G33845	87	6.02e-80	235
BRA021884	AT2G33855	79.6	7.09e-84	242
BRA021887	AT5G03490	72.5	2.99e-244	674
BRA021891	AT2G34050	87.1	1.27e-149	416
BRA021894	AT5G56430	52.3	1.77e-122	358
BRA021895	AT2G34140	75.1	7.46e-88	254
BRA021896	AT3G18430	93.1	1.45e-113	319
BRA021897	AT2G34180	84.1	1.58e-297	812
BRA021901	AT2G34260	91.3	3.88e-203	560
BRA021904	AT2G34350	89.1	0	915
BRA021905	AT2G34355	88	0	884
BRA021906	AT2G34380	62	3.66e-163	468
BRA021907	AT2G34400	80.2	0	988
BRA021908	AT2G34410	95.4	0	1050
BRA021910	AT2G34440	72	2.42e-81	238
BRA021911	AT2G34450	79.3	6.49e-69	204
BRA021912	AT2G34460	82.7	7.93e-149	417
BRA021914	AT2G34470	96.3	4.89e-151	421
BRA021919	AT2G34530	74.5	1.36e-129	370
BRA021922	AT2G34585	77.6	3.4e-37	119
BRA021923	AT2G34600	65.9	6.63e-45	142
BRA021924	AT2G34610	61.9	2.31e-93	277
BRA021928	AT2G34750	73.1	5.38e-294	811
BRA021931	AT2G04800	52.6	3.87e-21	79.7
BRA021933	AT2G34820	71.7	1.22e-141	400
BRA021936	AT2G34860	83.5	1.32e-92	267
BRA021938	AT2G34910	76.6	5.94e-144	405
BRA021940	AT2G34940	78.5	0	1014
BRA021941	AT2G34960	90.5	0	1018
BRA021942	AT2G35010	73.3	3.45e-89	259
BRA021949	AT5G45110	81	0	885
BRA021956	AT5G45230	65.1	0	1350
BRA021958	AT5G45275	95.3	0	1053
BRA021961	AT5G45280	91	3.38e-270	733
BRA021962	AT5G45300	91	0	1118
BRA021963	AT5G45320	77.4	2.44e-112	318
BRA021970	AT5G45400	65.7	0	1043
BRA021971	AT5G45410	81.3	2.84e-197	545
BRA021978	AT5G45470	79.1	0	1362
BRA021979	AT5G45480	74.1	0	1244
BRA021980	AT5G45490	66.8	3.25e-138	397
BRA021982	AT5G45510	53.9	0	1008
BRA021983	AT5G45590	80.9	7.11e-92	264
BRA021984	AT5G45750	96.3	4.88e-148	410
BRA021990	AT2G42740	99.5	3.43e-129	359
BRA021992	AT5G45820	90.5	1.08e-287	781
BRA021993	AT5G45840	77.6	0	994
BRA021994	AT5G45850	62.4	3.38e-159	455
BRA021996	AT5G45880	95.4	2.43e-116	326
BRA021998	AT5G45890	85.8	6.25e-225	615
BRA021999	AT5G45900	90.6	0	1244
BRA022001	AT5G45940	83.4	1.95e-127	358
BRA022002	AT5G45950	90.7	7.59e-233	635
BRA022003	AT5G45960	81.6	8.76e-220	605
BRA022008	AT5G45980	65.6	5.16e-144	408
BRA022011	AT5G46030	87.7	1.15e-53	164
BRA022012	AT5G46040	81	0	942
BRA022017	AT5G46060	86.3	2.38e-153	426
BRA022023	AT5G46210	89.2	0	1350
BRA022027	AT5G46280	88.3	0	1286
BRA022030	AT5G46295	87.3	3.27e-36	115
BRA022033	AT5G46350	71.3	1.46e-148	420
BRA022040	AT5G46530	91.7	1.1e-97	278
BRA022043	AT3G30730	62.5	5.47e-25	95.9
BRA022046	AT5G46590	84.1	1.15e-182	504
BRA022048	AT5G46600	75.7	5.54e-277	763
BRA022049	AT5G46620	79.3	3.88e-73	215
BRA022052	AT5G46630	99.3	2.42e-299	811
BRA022053	AT5G46680	84.6	1.68e-130	385
BRA022060	AT5G46740	57.8	1.55e-247	701
BRA022062	AT5G46770	73.3	1.88e-62	187
BRA022064	AT5G46795	75.4	7.38e-91	263
BRA022067	AT3G01780	94.3	0	2119
BRA022076	AT5G46970	67.7	1.04e-63	192
BRA022087	AT5G46930	60.5	3.97e-63	192
BRA022090	AT5G47000	88.8	1.92e-219	600
BRA022091	AT5G47010	88.6	0	2137
BRA022094	AT2G04045	61.3	2.79e-44	139
BRA022095	AT4G04540	75.5	0	983
BRA022102	AT5G47090	82.8	5.31e-151	424
BRA022103	AT3G50150	67	2.77e-234	651
BRA022104	AT5G47100	97.7	9.53e-149	411
BRA022105	AT3G01910	91.4	2.89e-270	734
BRA022106	AT5G47120	92.3	2.86e-160	443
BRA022107	AT5G47140	77.4	1.08e-239	663
BRA022110	AT5G47180	93.6	2.56e-140	390
BRA022115	AT5G47220	69.4	2.25e-98	286
BRA022127	AT5G47390	83.2	8.39e-199	550
BRA022128	AT4G34880	79.9	4.06e-273	750
BRA022133	AT5G47460	82.3	4.46e-288	795
BRA022134	AT5G47470	83.5	6.09e-197	546
BRA022135	AT5G47500	91.3	1.27e-248	676
BRA022138	AT5G47530	81	9.92e-214	591
BRA022139	AT5G47540	95	2.4e-232	634
BRA022142	AT5G47560	89	0	962
BRA022144	AT5G47610	84.9	1.79e-85	248
BRA022146	AT5G47630	72.5	6.77e-58	175
BRA022148	AT5G47650	72.1	8.43e-188	522
BRA022149	AT5G47660	66.7	7.57e-148	424
BRA022151	AT5G47690	80.9	0	2336
BRA022154	AT5G47740	77.6	1.12e-114	333
BRA022156	AT5G47770	94.4	2.55e-239	653
BRA022160	AT3G16460	71.2	1.13e-270	759
BRA022161	AT3G16470	80.9	1.28e-272	744
BRA022166	AT3G16560	94.8	8.79e-152	431
BRA022167	AT3G16565	61.5	2.7e-111	320
BRA022169	AT1G47390	53.8	5e-137	395
BRA022170	AT3G16620	69.1	0	1253
BRA022172	AT3G16640	95.2	3.78e-117	328
BRA022174	AT3G16720	66.6	1.11e-118	342
BRA022175	AT3G16730	81.6	0	1002
BRA022178	AT3G16785	86.1	0	1982
BRA022180	AT3G16810	78	0	902
BRA022182	AT3G16850	86.6	8.34e-296	803
BRA022183	AT3G16857	82.6	0	958
BRA022186	AT3G16910	91.9	0	1093
BRA022188	AT3G16940	80.8	0	1340
BRA022191	AT3G17040	85.1	4.25e-170	499
BRA022192	AT2G18790	90.9	0	2101
BRA022194	AT3G17060	92.7	7.58e-241	655
BRA022195	AT3G17070	86.4	4.64e-214	587
BRA022198	AT3G17120	81.5	3.91e-62	192
BRA022199	AT3G17130	84.1	1.83e-104	297
BRA022201	AT3G17205	90.4	0	1857
BRA022202	AT3G17227	60	4.12e-70	210
BRA022204	AT3G17240	95.1	0	933
BRA022208	AT3G17310	77.5	0	1095
BRA022209	AT3G17340	83.1	0	1637
BRA022210	AT3G17350	73.1	1.44e-164	459
BRA022212	AT3G17360	70.4	0	2499
BRA022213	AT3G17410	94	3.19e-253	691
BRA022219	AT3G17510	91.9	6.6e-293	795
BRA022221	AT3G17520	74.3	3.15e-62	198
BRA022222	AT3G17580	92.6	3.55e-47	144
BRA022223	AT3G17590	92.3	5.25e-152	422
BRA022224	AT3G17600	86	5.28e-85	246
BRA022229	AT3G17670	86.4	2.41e-132	375
BRA022230	AT3G17675	81	1.97e-73	214
BRA022231	AT3G17680	83.2	1.33e-161	453
BRA022232	AT3G17690	81.9	0	1159
BRA022236	AT3G17730	92.7	1.9e-171	471
BRA022238	AT3G17740	82.2	0	1803
BRA022240	AT3G17750	76.6	0	1615
BRA022241	AT3G17760	93.5	0	939
BRA022242	AT3G17770	85.9	0	1034
BRA022244	AT3G17790	87	5.72e-219	599
BRA022245	AT3G17800	85	7.98e-238	654
BRA022246	AT3G17810	91.7	3.38e-287	780
BRA022247	AT3G17820	94.1	2.95e-259	702
BRA022249	AT3G17830	83.5	1.06e-259	715
BRA022251	AT3G17850	86	0	2117
BRA022255	AT3G17880	84.4	2.16e-214	591
BRA022259	AT3G17910	78	5.48e-194	537
BRA022261	AT3G17920	82.3	0	1600
BRA022262	AT3G17930	74.5	9.17e-80	235
BRA022266	AT3G18000	94	0	944
BRA022268	AT3G18020	86.4	4.57e-17	82
BRA022276	AT3G18040	82.9	0	974
BRA022278	AT3G18060	90.6	0	1094
BRA022279	AT3G23780	85.8	0	2030
BRA022280	AT3G18100	65.7	0	908
BRA022281	AT3G18110	92.8	0	1236
BRA022283	AT3G18140	73.4	3.56e-125	357
BRA022293	AT3G18210	82.3	2.18e-233	640
BRA022295	AT3G18220	84.4	3.6e-195	536
BRA022298	AT3G18240	81.9	3.61e-239	657
BRA022307	AT3G18270	86.3	1.9e-228	628
BRA022308	AT3G18280	89.6	2.52e-54	164
BRA022310	AT3G18290	90.8	0	2272
BRA022313	AT3G18310	64.7	0	1051
BRA022315	AT3G18370	88.7	0	1400
BRA022318	AT2G02030	53.5	4.03e-104	311
BRA022319	AT3G18400	86.7	2.57e-190	525
BRA022320	AT3G18410	98.1	1.87e-76	220
BRA022321	AT3G18420	71.5	5.78e-108	313
BRA022322	AT3G18460	72.8	3.59e-88	255
BRA022323	AT3G18470	83.3	3.42e-74	218
BRA022324	AT3G18480	91.7	0	1134
BRA022326	AT3G18500	80.3	2.79e-246	678
BRA022327	AT3G18510	84.8	4.14e-33	107
BRA022329	AT3G18520	85.6	0	879
BRA022333	AT3G18570	80.1	8.59e-90	258
BRA022337	AT3G18610	50.5	8.27e-72	242
BRA022340	AT3G18630	84.5	1.28e-200	552
BRA022341	AT3G18650	60	2.87e-84	260
BRA022343	AT3G18670	79.4	0	992
BRA022344	AT3G18680	82	3.22e-200	553
BRA022347	AT3G18710	75.6	1.52e-204	570
BRA022350	AT3G18730	82.3	0	2109
BRA022352	AT3G18760	82	1e-76	223
BRA022357	AT3G18790	82.7	5.15e-161	449
BRA022358	AT3G18800	92.1	4.09e-132	368
BRA022360	AT3G18820	98.1	3.36e-150	414
BRA022363	AT3G18840	73.4	0	1001
BRA022365	AT3G18850	87.5	3.46e-229	627
BRA022366	AT3G18860	90.5	0	1270
BRA022367	AT3G18870	84.7	6.84e-168	465
BRA022368	AT1G49400	92	6.51e-53	161
BRA022369	AT3G18890	72.3	8.47e-300	829
BRA022370	AT3G18930	82.5	1.95e-204	569
BRA022371	AT3G18940	90.7	1.63e-192	528
BRA022374	AT3G18960	67.1	7.93e-92	267
BRA022375	AT3G18970	86.5	1.16e-304	827
BRA022377	AT3G19000	86.4	1.11e-237	648
BRA022378	AT3G19010	90.3	1.27e-246	670
BRA022380	AT3G19030	88.3	7.1e-31	101
BRA022381	AT3G19050	76.7	0	3632
BRA022384	AT3G19080	74.6	4.06e-202	566
BRA022392	AT3G19180	83.4	0	1307
BRA022393	AT3G19190	81.6	0	2983
BRA022394	AT3G19200	81.9	4.42e-78	227
BRA022395	AT3G19210	89	0	1585
BRA022396	AT3G19220	87.8	7.59e-119	333
BRA022397	AT3G19230	82.7	3.23e-290	795
BRA022398	AT3G19240	83.1	0	1035
BRA022407	AT3G19270	90.8	1.63e-303	823
BRA022408	AT3G19280	81.6	1.69e-304	830
BRA022410	AT3G19300	76.8	0	957
BRA022411	AT3G19310	82.9	3.01e-262	715
BRA022412	AT3G19320	79.6	3.47e-188	533
BRA022416	AT3G19370	74.9	0	907
BRA022417	AT3G19380	86.1	2.49e-253	693
BRA022418	AT3G19390	82.1	9.02e-264	722
BRA022421	AT3G19420	86.8	0	1023
BRA022423	AT3G19430	83.8	5.37e-237	664
BRA022424	AT3G19440	82.3	5.52e-275	753
BRA022425	AT3G19450	94.5	1.91e-256	696
BRA022427	AT3G19490	90.7	0	997
BRA022428	AT3G19500	79.9	1.49e-136	385
BRA022429	AT3G19510	66.9	2.33e-248	706
BRA022430	AT3G19540	86.6	9.8e-295	803
BRA022432	AT3G19550	76.4	2.14e-59	177
BRA022434	AT5G60440	54.3	1.35e-97	288
BRA022436	AT3G19580	68.7	1.45e-101	296
BRA022440	AT3G19620	89.9	0	1425
BRA022441	AT3G19640	79.5	2.18e-244	674
BRA022442	AT3G19650	65.5	2.46e-103	303
BRA022443	AT3G19660	84.4	1.56e-27	93.6
BRA022445	AT3G19670	77.2	0	1312
BRA022448	AT3G19710	80.9	1.22e-216	595
BRA022449	AT3G19760	96.8	3.95e-289	783
BRA022453	AT3G19780	75	0	1547
BRA022454	AT4G10190	52.3	1.23e-114	338
BRA022457	AT4G27990	75.9	8.19e-104	298
BRA022458	AT3G19810	83.1	2.98e-189	523
BRA022460	AT3G19830	85.3	0	1097
BRA022461	AT3G19840	74.6	0	1100
BRA022462	AT5G50960	90.3	9.27e-230	627
BRA022466	AT3G19910	77.1	4.57e-162	455
BRA022467	AT3G19920	87.5	1.69e-275	752
BRA022470	AT1G65610	87.8	0	1149
BRA022471	AT1G65560	87.2	1.53e-225	617
BRA022473	AT1G65520	81.3	5.81e-131	369
BRA022474	AT1G65510	71.6	9.49e-32	105
BRA022475	AT1G65480	86.2	3.34e-113	320
BRA022476	AT1G65450	84.3	1.27e-279	762
BRA022479	AT1G65430	85.7	0	1013
BRA022480	AT1G65420	70.4	1.84e-84	247
BRA022481	AT1G65410	94.8	1.4e-191	530
BRA022482	AT1G65380	87.2	3.29e-144	438
BRA022483	AT1G65295	80.2	1.16e-63	188
BRA022484	AT1G65290	80.8	2.08e-68	201
BRA022485	AT1G65270	80.5	1.75e-163	454
BRA022486	AT1G65260	91.2	5.88e-200	550
BRA022487	AT1G65230	85.9	6.48e-170	471
BRA022488	AT1G65220	93	5.74e-270	734
BRA022489	AT1G65200	53.3	0	1107
BRA022490	AT1G65140	51.6	4.19e-93	279
BRA022493	AT2G44870	78.2	9.13e-133	374
BRA022495	AT1G65090	55	2.42e-104	310
BRA022496	AT1G65080	84.6	1.41e-312	852
BRA022497	AT1G65070	78.1	0	1274
BRA022498	AT1G65040	87.9	2.64e-271	742
BRA022499	AT1G65020	85.9	4.59e-202	555
BRA022502	AT1G64980	86.9	3.54e-173	477
BRA022504	AT5G49810	91.8	0	1932
BRA022505	AT5G49820	91.1	1.29e-316	860
BRA022507	AT5G49890	93.8	0	1437
BRA022508	AT5G49920	72.4	6.18e-132	375
BRA022510	AT5G49960	84.3	0	1312
BRA022512	AT5G50360	67.6	4.02e-128	365
BRA022514	AT5G50410	62.9	6.48e-95	276
BRA022515	AT5G50420	81.3	4.67e-317	865
BRA022516	AT5G50450	83.4	7.13e-202	556
BRA022521	AT5G50520	77.1	1.34e-269	744
BRA022523	AT5G50600	88.3	5.19e-230	628
BRA022524	AT5G50610	56	1.86e-51	162
BRA022525	AT5G50770	82.7	1.19e-189	524
BRA022531	AT5G50900	75.8	6.71e-271	748
BRA022533	AT5G50990	84.8	2.91e-253	697
BRA022537	AT5G51130	84	3.63e-158	449
BRA022538	AT5G51140	92.4	3.85e-252	687
BRA022542	AT5G51260	82.8	5.67e-159	441
BRA022543	AT5G51270	68.8	0	968
BRA022544	AT5G51310	88	1.98e-212	582
BRA022545	AT5G51330	60.3	1.46e-248	697
BRA022547	AT5G51430	94.1	0	1489
BRA022549	AT5G51460	91.2	1.07e-250	683
BRA022550	AT5G51470	85.9	0	1021
BRA022553	AT5G51550	93.8	2.65e-242	658
BRA022556	AT5G51640	78.5	1.05e-297	811
BRA022557	AT5G51660	89.9	0	2583
BRA022558	AT5G51670	84.9	4.35e-258	709
BRA022560	AT5G51690	89.2	0	879
BRA022561	AT5G51700	86	2.2e-147	409
BRA022562	AT5G51780	78.2	8.61e-96	276
BRA022563	AT5G51800	79.7	0	1486
BRA022565	AT5G51810	90.2	4.32e-257	699
BRA022567	AT5G51890	93.2	1.48e-220	602
BRA022568	AT5G51910	68.6	4.1e-128	366
BRA022569	AT5G51920	86.6	0	976
BRA022572	AT5G51960	89.4	1.7e-56	169
BRA022574	AT5G52030	76.7	8.2e-205	567
BRA022576	AT5G52050	77.8	6.18e-276	758
BRA022580	AT5G52155	50.3	3.61e-38	129
BRA022582	AT5G60610	56.2	3.75e-131	381
BRA022583	AT5G52280	80.4	0	1170
BRA022584	AT5G52300	62.2	7.83e-228	643
BRA022586	AT5G52340	95.7	0	1189
BRA022587	AT5G52390	83.8	1.37e-110	322
BRA022589	AT5G52410	73	9.62e-295	825
BRA022592	AT5G52420	79.1	1.54e-133	375
BRA022593	AT5G52440	77.5	1.92e-109	315
BRA022596	AT5G52510	64.8	2e-252	706
BRA022597	AT5G52520	93.7	0	1015
BRA022598	AT5G52540	83.8	6.8e-250	687
BRA022599	AT5G52545	87.7	8.75e-87	251
BRA022600	AT5G52550	59.2	1.35e-81	248
BRA022601	AT5G52580	78.3	0	1113
BRA022604	AT5G52740	61.4	1.33e-27	106
BRA022605	AT5G52760	67.2	6.39e-47	147
BRA022608	AT5G52780	79.9	1.67e-93	268
BRA022610	AT5G52800	80.1	0	943
BRA022611	AT5G52820	95.1	1.17e-212	595
BRA022612	AT5G52830	75.6	1.07e-160	452
BRA022614	AT5G52860	90.8	0	1006
BRA022616	AT5G52890	61.1	4.4e-123	358
BRA022620	AT5G53030	71.1	1.31e-111	320
BRA022623	AT4G08620	86	0	1082
BRA022625	AT5G53070	92.3	3.34e-141	394
BRA022627	AT5G53080	81.9	6.9e-185	530
BRA022628	AT5G53090	87.8	2.79e-224	617
BRA022630	AT5G53110	81.5	1.31e-235	645
BRA022631	AT5G53120	86	1.39e-240	657
BRA022632	AT5G53130	87.9	0	1248
BRA022635	AT5G53170	89	0	1326
BRA022636	AT5G53190	77.8	1.42e-130	369
BRA022637	AT5G53200	85.3	7.25e-41	129
BRA022643	AT5G53290	71.3	5.49e-150	426
BRA022646	AT5G53310	83.8	1.24e-121	342
BRA022648	AT5G53370	86.6	0	1011
BRA022652	AT5G28720	55.4	5.63e-15	70.1
BRA022656	AT5G53470	87.4	1.11e-166	467
BRA022657	AT5G53500	78.2	0	950
BRA022658	AT5G53520	90.6	0	1361
BRA022660	AT5G53560	92.5	7.97e-89	253
BRA022663	AT5G53590	73.6	2.72e-55	169
BRA022667	AT5G53660	70.5	3.87e-168	472
BRA022668	AT5G53730	86.9	4.99e-135	377
BRA022669	AT5G53790	59.3	4.34e-139	400
BRA022671	AT5G53780	63.1	3.68e-161	456
BRA022674	AT5G53820	70.1	2.69e-20	75.5
BRA022675	AT5G53830	85.2	2.84e-130	367
BRA022678	AT5G53880	80	2.75e-12	55.1
BRA022680	AT5G53900	90.3	6.14e-244	665
BRA022682	AT5G53920	64.1	6.93e-109	317
BRA022683	AT5G53930	54.9	3.04e-92	289
BRA022685	AT5G53950	82.8	9.9e-223	612
BRA022686	AT5G53970	89	1.97e-267	728
BRA022687	AT5G53980	84.6	1.05e-90	260
BRA022688	AT5G53990	81.8	1.16e-287	782
BRA022692	AT5G54080	91.3	0	879
BRA022693	AT5G54090	83.9	0	1238
BRA022697	AT5G54110	85	9.35e-152	423
BRA022699	AT5G54145	87.3	3.15e-33	107
BRA022701	AT5G54240	92.2	3.14e-190	522
BRA022702	AT5G54250	93.1	0	1250
BRA022708	AT5G54280	88.6	0	2042
BRA022709	AT5G54290	90	2.2e-217	597
BRA022716	AT1G04870	88	9.06e-246	671
BRA022717	AT5G54390	89.6	3.26e-238	651
BRA022719	AT5G54400	92.2	1.08e-189	521
BRA022720	AT5G54440	93.3	0	2360
BRA022721	AT5G54430	80.4	2.24e-125	355
BRA022722	AT5G54470	58	9.16e-52	165
BRA022723	AT5G54490	87.9	2.17e-77	224
BRA022725	AT5G54510	95.4	0	1187
BRA022735	AT5G54630	84.4	4.65e-270	740
BRA022738	AT5G54680	90.6	1.34e-129	365
BRA022746	AT5G51030	92.4	4.7e-212	580
BRA022747	AT5G51020	92.6	6.44e-191	523
BRA022748	AT5G51010	84.7	2.68e-86	249
BRA022749	AT5G50970	78.9	6.81e-296	810
BRA022750	AT5G50930	89.1	4.32e-74	220
BRA022751	AT5G50920	97.2	0	1711
BRA022752	AT5G42660	82.8	1.64e-261	717
BRA022753	AT5G50915	65	1.6e-116	336
BRA022755	AT5G50870	88.1	1.32e-129	362
BRA022757	AT5G50850	95.4	6.29e-246	670
BRA022758	AT5G50840	80.3	1.26e-200	559
BRA022760	AT5G50810	71.4	2.45e-36	116
BRA022761	AT5G50790	82.7	4.39e-162	451
BRA022762	AT5G50780	68	0	976
BRA022763	AT5G50760	63.5	2.91e-71	213
BRA022764	AT5G50740	76.2	1.49e-105	308
BRA022765	AT5G50720	91.2	1.18e-72	211
BRA022766	AT5G50670	75.1	5.48e-170	476
BRA022768	AT2G29990	90.8	0	919
BRA022770	AT4G25490	80.6	7.36e-119	336
BRA022772	AT2G30020	79.3	1.47e-215	595
BRA022774	AT3G01340	91.7	9.19e-161	449
BRA022775	AT2G30060	92.6	2.75e-119	337
BRA022776	AT2G30070	82.6	0	1110
BRA022781	AT2G30140	79.3	4.2e-243	673
BRA022786	AT2G30250	80.3	1.34e-211	585
BRA022787	AT2G30270	88	1.67e-110	312
BRA022789	AT2G30320	76.7	3.63e-280	768
BRA022792	AT2G30330	88	3.17e-92	263
BRA022793	AT2G30350	66.5	4.84e-152	432
BRA022795	AT2G30370	51.2	6.49e-61	187
BRA022801	AT2G30470	72.3	0	1089
BRA022806	AT2G30530	77.6	3.46e-141	404
BRA022808	AT2G30590	70.7	2.62e-160	452
BRA022812	AT2G30740	91	9.09e-241	657
BRA022813	AT2G30770	85.7	7.45e-290	791
BRA022815	AT2G30860	96.7	1.26e-154	426
BRA022816	AT2G30870	95.8	2.24e-148	410
BRA022818	AT2G30910	93.2	5.56e-265	719
BRA022819	AT5G28540	95.7	0	1224
BRA022820	AT2G31010	90.6	0	1362
BRA022821	AT2G31035	73.5	1.03e-40	128
BRA022827	AT2G31110	89.3	1.38e-251	684
BRA022829	AT2G31140	90.7	2.33e-134	374
BRA022836	AT2G31350	90.2	2.97e-215	589
BRA022840	AT2G31410	82.7	1.09e-76	232
BRA022841	AT2G31440	93.1	1.17e-163	452
BRA022842	AT2G31450	80.5	9.16e-207	572
BRA022845	AT2G31510	91.8	0	1049
BRA022846	AT2G31530	86.6	0	956
BRA022847	AT2G25735	76.4	1.07e-52	161
BRA022850	AT5G18360	77.7	0	1264
BRA022852	AT2G31560	68.3	3.06e-83	244
BRA022856	AT2G31580	88	0	936
BRA022857	AT2G31600	75.1	8.53e-141	398
BRA022858	AT1G66620	64.6	1.6e-129	370
BRA022862	AT2G31690	75	2.27e-257	708
BRA022866	AT2G31800	83.2	2.65e-235	651
BRA022868	AT2G31840	80.2	7.63e-181	503
BRA022870	AT2G31880	84.4	1.28e-275	768
BRA022871	AT2G31900	89.6	0	2517
BRA022872	AT2G31955	86.2	2.55e-244	667
BRA022873	AT2G31970	84.5	0	1998
BRA022874	AT2G31990	81.3	1.14e-243	688
BRA022875	AT2G32000	95	0	1667
BRA022878	AT2G32060	89	1.82e-88	253
BRA022881	AT2G32260	89.7	8.22e-187	517
BRA022884	AT2G32295	86	1.09e-297	808
BRA022886	AT2G32360	70.3	5.36e-43	140
BRA022889	AT2G32500	82.9	2.14e-159	444
BRA022891	AT2G32630	67.6	4.42e-76	254
BRA022892	AT2G32640	87.2	1.38e-296	812
BRA022893	AT2G32670	94.5	3.21e-145	405
BRA022896	AT2G32700	76.5	0	1099
BRA022897	AT2G32710	58.7	8.38e-67	208
BRA022901	AT2G32760	88.9	6.19e-212	583
BRA022903	AT2G32770	81.1	8.82e-298	815
BRA022904	AT2G32790	58.5	2.31e-63	192
BRA022905	AT2G32800	88.8	0	1446
BRA022906	AT2G32820	55.6	1.71e-43	144
BRA022908	AT2G33040	96.9	2e-215	589
BRA022909	AT1G47790	53.6	4.11e-135	391
BRA022910	AT1G64700	70.6	6.06e-36	120
BRA022916	AT2G32980	83.8	1.87e-168	468
BRA022918	AT2G32940	84.6	0	1471
BRA022921	AT2G32900	85.1	0	1241
BRA022922	AT2G32890	83.1	3.91e-35	113
BRA022924	AT2G32850	77.9	0	905
BRA022925	AT2G32830	92.3	0	994
BRA022928	AT2G33160	80.6	9.81e-242	673
BRA022930	AT2G33200	61.7	4.37e-165	466
BRA022931	AT2G33210	88.4	0	936
BRA022933	AT2G33255	92.4	2.17e-153	425
BRA022934	AT2G33310	88.3	5.01e-139	389
BRA022938	AT2G33410	86.9	7.86e-162	460
BRA022940	AT1G20940	55	2.51e-136	395
BRA022941	AT2G33435	60.8	0	1320
BRA022944	AT2G33570	82.5	2.84e-289	790
BRA022945	AT2G33585	81.3	4.26e-54	166
BRA022947	AT2G33630	88.7	0	890
BRA022950	AT2G33690	85.9	2.68e-36	116
BRA022956	AT2G33830	92.6	1.03e-74	216
BRA022963	AT2G34020	81.1	0	1011
BRA022964	AT2G34040	91.9	0	946
BRA022965	AT2G34070	85.7	7.03e-252	686
BRA022967	AT2G34200	73.7	2.24e-88	258
BRA022968	AT2G34210	69.2	0	1226
BRA022969	AT2G34250	100	0	911
BRA022972	AT2G34330	85	1.62e-49	155
BRA022973	AT2G34357	86.2	0	2057
BRA022976	AT2G34430	95.9	1.64e-189	519
BRA022980	AT2G34570	78.6	1.67e-130	371
BRA022982	AT2G34630	81.1	6.02e-228	628
BRA022983	AT2G34670	84.4	0	1068
BRA022984	AT2G34680	86.7	0	2781
BRA022985	AT2G34690	82.4	1.86e-86	251
BRA022986	AT4G14590	80.7	5.15e-267	733
BRA022987	AT2G34730	63.6	2.68001e-319	893
BRA022988	AT2G34740	73	2.93e-159	447
BRA022994	AT2G34840	90.1	5e-193	530
BRA022999	AT2G35050	80.1	0	1947
BRA023002	AT2G35155	90.2	0	1015
BRA023003	AT2G35190	95.8	8.78e-170	469
BRA023006	AT2G35260	90	8.83e-237	648
BRA023008	AT2G35320	85.4	3.14e-198	545
BRA023013	AT2G35550	68.7	6.69e-122	348
BRA023019	AT1G61840	56.5	1.11e-242	690
BRA023020	AT2G35650	85.8	0	942
BRA023021	AT2G35658	77	7.02e-40	127
BRA023022	AT1G72110	65.8	6.28e-216	602
BRA023025	AT2G35690	89.3	0	1214
BRA023027	AT2G35760	82.6	3.84e-112	318
BRA023029	AT2G35790	82.9	6.51e-138	386
BRA023030	AT2G35795	94.6	1.06e-72	211
BRA023031	AT2G35800	86.4	0	1311
BRA023032	AT1G11300	82.4	0	1350
BRA023036	AT2G35880	71.2	1.19e-144	417
BRA023043	AT2G35920	91.8	0	1734
BRA023049	AT2G36100	76.7	6.77e-102	292
BRA023050	AT2G36120	73.8	1.11e-11	62.4
BRA023053	AT2G36190	85.3	0	1061
BRA023055	AT2G36210	83.7	4.65e-75	218
BRA023056	AT2G36230	91.7	9e-198	543
BRA023057	AT2G36305	81.2	9.88e-182	503
BRA023060	AT2G36310	91.6	1.43e-226	618
BRA023062	AT2G36325	69.4	4.07e-183	510
BRA023063	AT2G48010	83.6	0	1002
BRA023068	AT2G36410	93.7	4.66e-82	245
BRA023071	AT2G36470	81.1	2.56e-162	455
BRA023072	AT2G36530	96.4	8.47e-316	853
BRA023073	AT2G36560	54.7	1.06e-52	179
BRA023075	AT2G36570	86.7	0	1008
BRA023081	AT2G36800	81.3	8.67e-303	825
BRA023084	AT2G36880	99	2.89e-291	786
BRA023085	AT2G36890	80.7	2.61e-154	434
BRA023087	AT2G36910	96.4	0	2347
BRA023088	AT2G36930	90.6	4.45e-75	220
BRA023091	AT2G37020	83	2.03e-178	494
BRA023092	AT2G37025	64.3	4.46e-144	413
BRA023093	AT2G37030	80.6	1.31e-71	209
BRA023094	AT2G37050	83.5	0	1474
BRA023095	AT2G37060	78.4	5.22e-97	278
BRA023096	AT2G37080	67.4	5.52e-195	556
BRA023098	AT2G37110	89.7	1.01e-164	454
BRA023099	AT2G37130	94.5	1.85e-231	630
BRA023103	AT2G37170	94	4.98e-197	541
BRA023106	AT2G37195	87.4	1.26e-78	228
BRA023108	AT2G37220	79.7	1.68e-148	417
BRA023109	AT2G37230	75.9	2.45e-265	751
BRA023111	AT2G37250	92.6	9.65e-188	516
BRA023112	AT2G37260	71.5	3.7e-198	554
BRA023114	AT2G37340	89.5	3.94e-149	420
BRA023116	AT2G37400	76.5	4.76e-165	462
BRA023117	AT1G30680	83.1	0	1196
BRA023122	AT1G30700	87.8	0	941
BRA023126	AT1G30730	79.4	6.76e-316	860
BRA023127	AT1G30740	84.8	3.3e-256	704
BRA023128	AT3G12230	76.4	7.54e-262	716
BRA023129	AT1G30750	51.8	9.5e-32	113
BRA023130	AT1G30755	81.5	0	919
BRA023131	AT1G30760	91.6	0	994
BRA023136	AT1G30810	84.2	0	1345
BRA023137	AT1G30820	93.2	0	1142
BRA023140	AT1G30825	94	2.85e-212	581
BRA023143	AT1G30845	86.4	3.43e-64	194
BRA023144	AT1G30840	78.5	1.5e-204	567
BRA023145	AT1G12663	51.3	5.71e-40	129
BRA023146	AT1G30850	78.8	4.32e-165	460
BRA023148	AT1G30860	60.4	2.01e-245	697
BRA023151	AT1G30900	93.8	0	1233
BRA023152	AT1G30960	84.7	1.55e-249	685
BRA023153	AT1G30970	69.8	7.38e-159	449
BRA023154	AT1G31010	63.3	4.28e-159	449
BRA023158	AT1G31050	91.4	8.57e-76	231
BRA023161	AT1G31130	91.3	1.26e-200	551
BRA023162	AT1G31140	69.4	6.81e-32	110
BRA023164	AT1G31175	90.5	9.83e-52	157
BRA023165	AT1G31190	88.2	6.99e-232	635
BRA023167	AT3G02120	60.3	7.5e-42	134
BRA023168	AT1G31220	81.2	1.82e-160	447
BRA023169	AT1G31230	93.2	0	1645
BRA023170	AT1G31240	62.8	5.96e-102	298
BRA023171	AT1G31260	80.2	2.08e-214	591
BRA023172	AT1G31280	82.7	0	1604
BRA023176	AT1G31330	92.8	6.31e-144	400
BRA023177	AT1G31335	91.7	3.72e-40	125
BRA023179	AT5G22540	76.6	1.43e-228	631
BRA023181	AT1G31350	80	2.25e-210	583
BRA023187	AT1G31450	75.6	6.27e-243	669
BRA023188	AT1G31460	62.7	4.86e-95	281
BRA023189	AT1G31470	85.5	0	958
BRA023190	AT1G31480	85.2	0	1564
BRA023191	AT1G31490	85.2	9.89e-275	749
BRA023198	AT1G31650	85.3	0	913
BRA023199	AT1G31730	93.4	0	1663
BRA023201	AT1G31760	73	2.24e-49	152
BRA023202	AT1G31770	94	0	1216
BRA023203	AT1G31780	94.4	0	1244
BRA023204	AT1G31810	77.9	0	1513
BRA023207	AT1G31814	62.5	5.05e-181	514
BRA023208	AT1G31817	68.6	2.57e-144	408
BRA023209	AT1G31820	81.7	1.77e-278	761
BRA023210	AT1G31830	91.2	0	890
BRA023211	AT5G01900	75	3.54e-126	358
BRA023213	AT1G31850	92.5	0	1199
BRA023220	AT1G31930	87.9	0	1462
BRA023224	AT3G10800	66.2	2.26e-261	731
BRA023227	AT1G31970	87.8	5.86e-305	834
BRA023233	AT1G33540	78.3	3.39e-268	734
BRA023235	AT1G32060	90.6	6.93e-261	710
BRA023239	AT5G50160	79.9	0	1160
BRA023240	AT1G32120	58.5	0	941
BRA023241	AT1G32127	93.9	2.14e-184	506
BRA023242	AT1G32130	88.3	8.33e-296	807
BRA023243	AT1G32150	70.2	1.56e-167	472
BRA023247	AT1G32190	80.4	4.22e-226	624
BRA023250	AT1G32220	88.2	2.05e-183	506
BRA023254	AT1G32240	82	2.58e-200	555
BRA023255	AT1G32260	77.8	2.07e-105	300
BRA023257	AT1G32320	78	1.64e-168	469
BRA023258	AT1G32330	75.3	1.21e-220	616
BRA023260	AT1G32360	81.3	2.24e-201	558
BRA023262	AT1G32370	91.8	2.13e-66	196
BRA023263	AT1G32380	94.5	1.78e-266	724
BRA023265	AT1G32410	90.7	2.51e-88	253
BRA023266	AT1G32415	84.6	0	956
BRA023270	AT1G32470	93.4	4.59e-108	305
BRA023271	AT1G05060	87	4.11e-155	431
BRA023272	AT3G51530	62.5	1.7e-151	434
BRA023273	AT1G32520	89.1	1.37e-160	443
BRA023274	AT1G32530	73.3	0	919
BRA023277	AT1G32550	80.7	3.87e-112	317
BRA023280	AT1G32700	90.8	2.85e-143	400
BRA023282	AT1G32740	70.4	4.37e-56	178
BRA023283	AT2G26550	58.4	1.25e-123	357
BRA023284	AT1G32760	68.4	4.17e-136	387
BRA023288	AT1G32770	84.4	2.33e-223	612
BRA023290	AT1G32780	91.1	1.81e-271	737
BRA023291	AT1G32790	82.9	5.25e-158	447
BRA023293	AT1G32860	80.8	7.7e-247	677
BRA023295	AT1G32928	69.8	1.03e-26	92.8
BRA023296	AT1G32930	91.2	1.03e-266	725
BRA023297	AT1G32940	88.8	0	1354
BRA023302	AT1G32990	95	2.86e-140	390
BRA023305	AT1G33055	83.1	1.91e-33	108
BRA023306	AT3G27890	85.2	4.15e-119	335
BRA023310	AT5G11160	96.3	1.05e-132	369
BRA023311	AT5G11170	96	3.34e-302	817
BRA023317	AT5G11260	79.6	3.48e-62	189
BRA023324	AT5G11420	94.7	1.08e-242	660
BRA023327	AT5G11530	61.1	0	1107
BRA023328	AT5G11540	88.5	0	1050
BRA023331	AT5G11580	82.9	0	934
BRA023332	AT5G11590	73.3	3.26e-107	308
BRA023333	AT5G11600	64.2	7.5e-66	202
BRA023337	AT5G11710	87.1	0	884
BRA023341	AT5G11770	95.9	2.52e-153	423
BRA023346	AT5G11830	75.4	4.85e-94	270
BRA023349	AT5G11940	74.1	0	1133
BRA023351	AT5G11950	95.8	4.35e-149	412
BRA023354	AT5G11980	94.2	0	1032
BRA023357	AT5G11990	66.3	7.02e-22	87
BRA023359	AT5G12010	89.6	6.37e-240	661
BRA023360	AT5G12020	91.6	1.06e-96	275
BRA023361	AT5G12050	68.3	6.98e-141	402
BRA023362	AT5G12080	85.7	0	1152
BRA023365	AT5G12140	89.1	5.52e-60	178
BRA023366	AT5G12170	89.3	1.34e-215	596
BRA023370	AT5G12270	83.2	1.43e-220	605
BRA023371	AT5G12290	88.5	0	1042
BRA023372	AT5G12330	73.8	6e-167	472
BRA023373	AT5G12340	78.9	5.11e-124	350
BRA023374	AT5G12350	89.8	0	1919
BRA023375	AT5G12390	85.8	5.65e-94	269
BRA023376	AT5G12400	72.4	0	2132
BRA023377	AT5G12420	80.5	6.91e-282	771
BRA023385	AT5G12990	60.5	1.48e-26	92.4
BRA023386	AT5G13000	96.4	0	3692
BRA023387	AT5G13010	87.1	0	2074
BRA023392	AT5G13140	80.4	3.52e-151	422
BRA023394	AT5G13170	80.8	1.11e-153	431
BRA023395	AT5G13180	84.9	1.49e-154	429
BRA023396	AT5G13190	92.6	6.74e-78	226
BRA023398	AT5G13200	85.8	1.87e-176	486
BRA023403	AT5G13320	84.3	0	989
BRA023405	AT5G13380	79.3	0	983
BRA023408	AT5G13400	94.1	0	1157
BRA023409	AT5G13410	82.9	1.34e-149	417
BRA023413	AT5G13450	85.7	1.43e-140	393
BRA023424	AT5G13620	58.6	2.08e-105	308
BRA023428	AT5G13670	82.5	2.11e-216	596
BRA023429	AT5G13690	87.2	0	1456
BRA023432	AT5G13740	75.3	3.67e-245	674
BRA023433	AT5G13760	84.7	4.72e-311	851
BRA023434	AT5G13770	82.4	1.08e-223	634
BRA023435	AT5G13780	95.8	1.45e-115	326
BRA023438	AT5G13825	52.9	2.04e-32	110
BRA023439	AT5G13860	72.8	1.94e-196	546
BRA023442	AT5G13940	90.3	1.16e-302	843
BRA023448	AT5G14070	89.4	5.03e-85	244
BRA023449	AT5G14130	75.6	2.51e-154	438
BRA023450	AT5G14200	91	3.7e-264	719
BRA023453	AT5G14250	79.1	5.98e-243	667
BRA023454	AT5G14260	89	0	896
BRA023471	AT4G17700	51.5	6e-42	142
BRA023473	AT5G14530	95.8	3.23e-240	652
BRA023474	AT5G14540	71.2	4.32e-190	543
BRA023475	AT5G14570	82.4	3.8e-284	777
BRA023478	AT5G14610	75.3	0	936
BRA023481	AT5G14700	88.3	1.59e-231	634
BRA023485	AT5G14740	91.1	2.78e-174	483
BRA023489	AT5G14850	78	2.34e-312	853
BRA023490	AT5G14880	94	0	1428
BRA023491	AT5G14895	83.9	4.93e-100	284
BRA023492	AT5G14910	80.8	1.84e-88	256
BRA023494	AT5G14940	85.8	2.89e-316	863
BRA023496	AT5G14950	89.1	0	2139
BRA023497	AT5G14960	66.2	1.92e-140	405
BRA023498	AT5G14970	85.2	9.53e-196	542
BRA023499	AT5G14990	58.2	2.6e-273	784
BRA023500	AT5G15010	56.1	8.95e-214	607
BRA023502	AT5G15050	92.4	2.22e-294	798
BRA023506	AT5G15150	89.4	2.23e-177	491
BRA023509	AT5G15180	83	1.55e-196	542
BRA023510	AT5G15190	72.6	1.7e-46	145
BRA023513	AT5G15230	82.1	1.09e-66	195
BRA023514	AT5G15280	62.6	0	1307
BRA023516	AT5G15400	91.5	0	1838
BRA023518	AT5G15450	95.4	0	1716
BRA023521	AT5G15510	73	2.13e-198	561
BRA023522	AT5G15540	86.4	0	3051
BRA023524	AT5G15550	85	5.86e-268	731
BRA023525	AT5G15570	70.3	2.55e-173	487
BRA023527	AT5G15600	65.9	3.76e-43	138
BRA023528	AT5G15630	91.9	1.71e-316	854
BRA023532	AT5G15680	94.3	0	4024
BRA023533	AT5G15700	85.6	0	1648
BRA023540	AT5G15830	82	3.58e-97	279
BRA023541	AT5G15850	66.1	1.53e-100	299
BRA023542	AT5G15860	88.5	6.05e-274	746
BRA023543	AT5G01150	61.3	1.01e-202	572
BRA023545	AT5G15910	90.3	3.82e-165	457
BRA023546	AT5G15930	90.4	5.93e-239	651
BRA023547	AT5G15940	72.1	1.42e-181	507
BRA023553	AT5G16120	83.4	9.78e-207	579
BRA023554	AT5G16160	72	2.35e-46	146
BRA023555	AT5G16180	75.2	0	981
BRA023556	AT5G16210	90.3	0	1873
BRA023559	AT5G16290	90.4	8.68e-300	815
BRA023560	AT5G16360	65	2.91e-119	343
BRA023561	AT5G16330	70	6.24e-111	319
BRA023564	AT5G16400	83.4	5.54e-112	316
BRA023565	AT5G16410	76.7	3.1e-256	704
BRA023566	AT5G16460	81.2	9.34e-191	530
BRA023567	AT5G16470	96.2	1.82e-66	194
BRA023568	AT3G15420	78	4.61e-50	153
BRA023570	AT5G16560	80.2	4.7e-133	387
BRA023572	AT5G16550	74.2	2.45e-109	315
BRA023574	AT5G16590	85.5	1.51e-300	829
BRA023575	AT5G60790	94.5	0	1083
BRA023578	AT5G16630	64	0	987
BRA023579	AT5G16710	85.2	2.78e-116	330
BRA023580	AT5G16700	77.5	1.22e-305	833
BRA023581	AT5G16740	61.8	7.74e-167	470
BRA023582	AT5G16750	89	0	1186
BRA023583	AT5G16810	86.2	2.24e-256	701
BRA023584	AT5G16820	71.1	1.09e-208	583
BRA023587	AT5G16890	86.9	0	885
BRA023588	AT5G16910	89.4	0	2088
BRA023589	AT5G16920	70.3	2.33e-109	316
BRA023591	AT5G16960	85	3.54e-216	593
BRA023592	AT5G17010	86.4	3.33e-315	858
BRA023593	AT5G17020	93.8	0	1997
BRA023594	AT5G17050	79.9	5.45e-267	731
BRA023595	AT5G17070	79.8	1.5e-114	330
BRA023596	AT5G17160	50.4	8.77e-142	424
BRA023597	AT5G17170	91.5	3.3e-171	473
BRA023599	AT5G17190	96.2	1.57e-84	247
BRA023600	AT5G17200	71.5	3.71e-217	602
BRA023601	AT5G17210	78.3	3.11e-114	324
BRA023602	AT5G17220	85	5.37e-133	372
BRA023603	AT5G17230	86.5	4.76e-258	706
BRA023607	AT5G17240	81.6	4.75e-290	791
BRA023609	AT5G17290	85.4	4.36e-217	595
BRA023610	AT5G17300	80.5	2.02e-198	551
BRA023613	AT5G17340	71.9	9.67e-81	235
BRA023615	AT5G17370	68.1	1.39e-226	633
BRA023620	AT5G17460	84.7	1.76e-170	474
BRA023622	AT5G17520	80.7	9.61e-232	637
BRA023623	AT5G17530	89.1	0	953
BRA023627	AT5G17610	84.3	7.71e-74	214
BRA023628	AT5G17620	97.9	6.84e-225	613
BRA023634	AT5G17710	86	1.04e-168	470
BRA023637	AT5G17800	73.1	1.14e-161	453
BRA023638	AT5G17810	72.8	4.25e-128	364
BRA023639	AT5G17820	92.9	1.19e-206	568
BRA023643	AT5G17860	85.1	0	949
BRA023646	AT5G17930	77.6	0	1036
BRA023647	AT5G17970	76.4	0	1109
BRA023653	AT5G18060	80.8	1.04e-50	154
BRA023664	AT5G18110	89.6	2.82e-148	411
BRA023669	AT5G18270	89.3	2.66e-223	610
BRA023673	AT5G18430	89.1	5.83e-231	632
BRA023675	AT5G18460	90.7	7.76e-294	796
BRA023676	AT5G18470	77.1	8.71e-220	607
BRA023677	AT5G18475	80.1	8.8e-159	460
BRA023682	AT5G18540	81.7	2.97e-66	199
BRA023683	AT5G18550	76.9	1.89e-141	412
BRA023684	AT5G18560	77.2	8.39e-164	459
BRA023685	AT5G18570	84	0	1112
BRA023686	AT5G18580	95.2	0	900
BRA023691	AT5G18760	79.7	3.29e-194	542
BRA023692	AT3G06320	98.3	1.98e-36	115
BRA023694	AT5G18820	92.7	0	997
BRA023695	AT5G18830	78.8	0	1271
BRA023698	AT5G18910	81.3	9.11e-278	762
BRA023702	AT5G19090	75.2	5.29e-149	442
BRA023703	AT5G19100	68.1	1.98e-182	512
BRA023705	AT5G19110	70.5	3.19e-188	528
BRA023709	AT5G19151	77.6	8.49e-32	105
BRA023712	AT5G19210	86.7	8.3e-286	780
BRA023713	AT5G19220	92.9	0	942
BRA023715	AT5G19250	74.5	6.36e-96	276
BRA023717	AT5G19260	70.5	4.54e-111	322
BRA023722	AT3G23470	83	5.02e-277	758
BRA023724	AT3G23450	80.4	1.81e-14	74.3
BRA023727	AT3G23430	88.9	0	1350
BRA023729	AT3G23380	71.4	2.37e-73	218
BRA023732	AT3G23340	87.6	5.61e-281	764
BRA023735	AT5G51250	53.1	2.55e-115	339
BRA023740	AT3G23270	85.5	0	1679
BRA023746	AT3G23240	83.3	1.11e-120	340
BRA023748	AT3G23230	87.8	1.75e-76	223
BRA023752	AT3G23200	91.4	5.32e-98	278
BRA023754	AT3G23180	74.7	7.82e-118	333
BRA023756	AT3G23150	85.5	0	1258
BRA023759	AT3G23130	77.1	4.69e-85	249
BRA023761	AT3G23260	52.1	1.67e-106	317
BRA023763	AT3G23100	86.1	2.98e-124	353
BRA023766	AT3G23080	72.2	1.65e-247	681
BRA023777	AT3G23000	85.3	1.1e-249	684
BRA023783	AT3G55760	85.3	6.39e-271	748
BRA023786	AT3G22930	93.9	1.1e-68	205
BRA023790	AT3G22910	90.5	0	1771
BRA023791	AT3G22900	70.3	7.94e-88	254
BRA023796	AT3G22880	91.5	1.6e-216	593
BRA023802	AT3G22820	71.8	2.53e-50	154
BRA023810	AT3G22760	63.3	5.24e-241	677
BRA023811	AT3G22750	93.2	1.27e-268	728
BRA023813	AT3G22640	68	5.09e-234	650
BRA023824	AT3G22450	71.4	1.34e-144	409
BRA023825	AT3G22440	88.9	5.62e-311	848
BRA023826	AT3G22425	87.1	5.83e-154	429
BRA023834	AT5G42300	98.6	5.06e-50	150
BRA023835	AT3G22360	87.2	3.18e-214	586
BRA023836	AT3G22330	87.7	3.72e-314	863
BRA023840	AT3G22260	70.3	1.03e-99	288
BRA023841	AT3G22250	80.5	1.48e-273	747
BRA023842	AT3G22240	72.1	1.12e-24	90.9
BRA023843	AT4G15000	96.3	8.59e-89	253
BRA023849	AT3G22160	84.2	9.39e-80	235
BRA023851	AT3G22110	96.4	1.97e-173	477
BRA023857	AT3G21890	78.6	1.23e-66	196
BRA023858	AT3G21880	69.6	1.79e-153	437
BRA023860	AT3G21810	59.3	6.98e-149	428
BRA023862	AT3G21770	88.1	6.83e-209	573
BRA023871	AT3G21570	79	2.4e-71	209
BRA023872	AT3G21560	84.4	6.59e-303	825
BRA023874	AT3G21550	90.2	6.36e-124	346
BRA023875	AT3G21520	88	9.49e-122	342
BRA023876	AT3G21510	94.8	9.52e-102	288
BRA023885	AT3G21380	73.2	7.31e-272	747
BRA023886	AT3G21370	89.5	0	992
BRA023895	AT3G21215	87.3	3.27e-171	477
BRA023897	AT3G21200	87.8	2.04e-203	558
BRA023899	AT3G21180	93.9	0	1953
BRA023903	AT1G51540	86.4	2.89e-275	748
BRA023904	AT3G21110	92	2.29e-275	748
BRA023908	AT3G21060	88.4	0	955
BRA023919	AT3G20865	84.6	2.18e-22	80.5
BRA023920	AT3G20850	73.2	2.31e-21	82.8
BRA023933	AT3G20740	93.5	6.79e-268	726
BRA023934	AT3G20730	73.9	4.22e-298	819
BRA023935	AT3G20720	90.2	0	2112
BRA023936	AT3G20680	80.9	1.21e-188	523
BRA023937	AT3G20670	95.5	2.69e-82	237
BRA023941	AT3G20580	87.2	0	1243
BRA023942	AT3G20570	76.6	2.7e-95	275
BRA023943	AT3G20557	82.3	7.59e-67	197
BRA023952	AT4G32410	93.5	0	2076
BRA023953	AT4G32330	68.8	1.29e-170	483
BRA023954	AT4G32320	76.6	7.19e-175	486
BRA023955	AT4G32300	82.8	0	1346
BRA023956	AT4G32295	79.2	7.4e-139	389
BRA023957	AT4G32290	84.1	7.14e-243	664
BRA023958	AT4G32280	64.1	2.2e-106	307
BRA023964	AT4G32070	74.6	0	1046
BRA023967	AT4G32020	61	1.92e-63	193
BRA023968	AT4G32010	85.8	0	1272
BRA023969	AT4G31990	95.6	0	865
BRA023971	AT4G31930	78.5	9.64e-134	376
BRA023972	AT4G31920	71.1	5.69e-253	702
BRA023973	AT4G31910	83.4	2.98e-280	764
BRA023975	AT4G31880	57.8	3.04e-223	656
BRA023979	AT4G31860	85	2.36e-237	648
BRA023980	AT4G31850	80.8	9.91e-99	337
BRA023982	AT4G31805	58.9	4.09e-108	316
BRA023984	AT4G31780	83.6	0	906
BRA023985	AT4G31770	85.7	6.62e-265	722
BRA023989	AT5G27100	75.4	0	1276
BRA023995	AT4G31570	72.6	0	2953
BRA023997	AT4G31560	81.2	5.74e-65	193
BRA024000	AT4G31530	81.1	1.47e-180	502
BRA024004	AT4G31510	68.6	7.67e-62	191
BRA024005	AT4G31480	96.8	0	1750
BRA024006	AT4G31470	81.6	1.14e-107	305
BRA024007	AT4G31450	74.3	2.26e-223	622
BRA024013	AT4G31320	81	8.54e-104	296
BRA024014	AT4G31310	81.3	1.08e-99	284
BRA024016	AT4G31230	81.6	0	1171
BRA024017	AT4G31210	74.7	0	1743
BRA024023	AT4G31120	91.4	0	1211
BRA024024	AT4G31115	90.7	8.21e-105	304
BRA024025	AT4G31070	73.5	8.53e-311	853
BRA024029	AT4G30990	72.4	0	3555
BRA024036	AT4G30930	84.4	5.82e-136	384
BRA024039	AT4G30845	72.6	5.99e-56	169
BRA024040	AT4G30840	87.7	9.52e-230	628
BRA024045	AT4G30770	85.4	4.96e-91	261
BRA024046	AT4G30720	90	0	1234
BRA024047	AT4G30710	81.3	2.35e-304	840
BRA024049	AT4G30690	86.9	1.8e-150	421
BRA024051	AT2G24050	68.4	0	940
BRA024052	AT4G30670	65.4	2.74e-19	75.5
BRA024053	AT4G30660	86.1	3.44e-42	131
BRA024059	AT4G30610	86.2	7.21e-248	679
BRA024060	AT4G30600	83.3	0	954
BRA024062	AT4G30580	75.2	1.47e-196	545
BRA024067	AT4G30560	90.3	0	1256
BRA024069	AT4G30520	92.8	0	973
BRA024070	AT4G30510	91.7	7.03e-232	634
BRA024072	AT4G30490	92.9	2.65e-273	746
BRA024073	AT4G30470	94.7	2.87e-213	582
BRA024085	AT4G30320	82.8	1.69e-102	290
BRA024086	AT4G30310	90.7	0	1068
BRA024088	AT4G30280	89.7	1.31e-203	556
BRA024091	AT4G30230	67.9	7.6e-112	322
BRA024098	AT4G12950	62.1	1.32e-59	182
BRA024102	AT4G30170	88.6	5.49e-213	583
BRA024108	AT4G30100	60.6	0	1341
BRA024112	AT4G30020	94.4	0	1560
BRA024114	AT4G29980	69.8	2.89e-75	222
BRA024115	AT4G29930	81.2	1.59e-123	351
BRA024116	AT4G29905	92.5	1.85e-47	144
BRA024117	AT4G29900	92.5	0	1900
BRA024118	AT4G29890	75.1	9.68e-228	628
BRA024119	AT4G29880	73.7	1.97e-116	342
BRA024121	AT4G29850	96.1	2.7e-70	204
BRA024130	AT4G29750	82	0	1003
BRA024134	AT2G25150	82.3	2.7e-276	754
BRA024135	AT4G29740	84	0	884
BRA024142	AT4G29590	85.4	5.4e-193	531
BRA024146	AT4G29370	51.2	8.26e-130	378
BRA024150	AT4G29260	80.5	3.04e-156	434
BRA024151	AT4G29240	78.5	2.97e-107	322
BRA024152	AT4G29230	87.6	6.72e-282	772
BRA024153	AT4G29210	78.9	0	982
BRA024158	AT4G29180	85.1	0	1465
BRA024159	AT4G29170	91.2	9.62e-138	384
BRA024161	AT4G29150	80.5	4.69e-195	543
BRA024162	AT4G29140	88	0	916
BRA024163	AT4G29110	77.9	4.58e-104	298
BRA024167	AT4G29035	75.5	4.67e-87	250
BRA024168	AT4G29030	76	1.31e-30	104
BRA024180	AT4G28830	94.7	8.15e-143	396
BRA024181	AT3G24430	91.5	3.25e-313	866
BRA024182	AT4G28740	81.7	4.15e-190	526
BRA024186	AT4G28700	90.3	0	883
BRA024190	AT4G28570	82.9	0	1200
BRA024192	AT2G18760	77	0	1727
BRA024198	AT4G28485	82	2.91e-123	346
BRA024200	AT4G28470	91.8	0	1470
BRA024202	AT4G28450	87.6	1.68e-294	800
BRA024204	AT4G28410	80.4	2.66e-268	733
BRA024207	AT4G28395	70.4	1.2e-65	197
BRA024209	AT4G32480	81.4	8.46e-168	466
BRA024217	AT4G28220	89	0	989
BRA024218	AT4G28210	80.2	3.62e-186	517
BRA024220	AT4G28160	58.5	4.22e-38	124
BRA024221	AT4G28150	87.7	2.04e-190	523
BRA024230	AT4G28080	81.7	0	2466
BRA024233	AT4G28030	83.3	2.48e-158	440
BRA024235	AT4G28000	87.9	0	1377
BRA024236	AT4G27980	64.4	1.44e-117	353
BRA024238	AT5G63810	89.7	0	1406
BRA024239	AT5G63830	79.5	3.45e-225	621
BRA024240	AT5G63840	94.2	0	1818
BRA024244	AT5G63880	79.8	4.02e-115	328
BRA024245	AT5G63890	93.1	1.27e-306	832
BRA024247	AT5G63910	86.3	3.83e-313	852
BRA024250	AT5G63950	73.9	0	1583
BRA024253	AT5G63960	85.1	0	1939
BRA024254	AT5G63970	90.7	1.27e-248	677
BRA024255	AT5G63980	84.2	1.22e-196	544
BRA024256	AT5G63990	87.5	6.98e-205	565
BRA024257	AT5G64000	85.5	5.75e-209	575
BRA024258	AT5G64010	83.1	6.53e-129	363
BRA024259	AT5G64020	84.8	1.04e-275	750
BRA024260	AT5G64030	75.2	0	1192
BRA024261	AT5G64040	89.4	1.59e-78	231
BRA024262	AT5G64050	87.3	0	1000
BRA024263	AT5G64060	66.4	5.45e-158	446
BRA024264	AT5G64070	89.8	0	1719
BRA024265	AT5G64080	68.4	5.82e-75	222
BRA024267	AT5G64100	85.6	3.88e-203	559
BRA024268	AT5G64110	81.7	9.4e-199	548
BRA024269	AT5G64120	87.5	1.14e-211	580
BRA024271	AT5G64150	80.5	1.22e-203	566
BRA024272	AT5G64160	84.2	6.12e-124	350
BRA024273	AT5G64170	74	1.86e-309	851
BRA024274	AT5G64180	82.3	2.79e-80	234
BRA024275	AT5G64190	88.2	0	900
BRA024276	AT5G64200	87.2	7.35e-95	281
BRA024277	AT5G64240	79	8.85e-207	572
BRA024278	AT5G64250	92.1	1.02e-228	624
BRA024280	AT5G64260	91.1	9.89e-208	568
BRA024282	AT5G64290	92.2	0	937
BRA024283	AT5G64300	91.1	0	925
BRA024285	AT5G64330	86.3	0	1181
BRA024286	AT5G64340	73.6	8.62e-138	393
BRA024289	AT5G64360	66.3	3.98e-197	554
BRA024290	AT5G64370	92.9	5.85e-291	787
BRA024291	AT5G64380	89.2	2.8e-260	709
BRA024292	AT5G64390	67.2	0	986
BRA024294	AT5G64420	79.4	0	1845
BRA024299	AT1G06140	82.2	0	902
BRA024300	AT5G64460	90.8	8.92e-198	541
BRA024301	AT5G64470	84	7.65e-261	711
BRA024302	AT5G64480	77.5	4.59e-94	272
BRA024303	AT5G64500	91.5	0	882
BRA024304	AT5G64510	85.5	1.51e-255	699
BRA024307	AT5G64540	57.7	1.84e-56	193
BRA024308	AT5G64550	86.1	3.66e-169	495
BRA024311	AT5G64570	88.8	0	1410
BRA024312	AT5G64580	95.1	0	1572
BRA024316	AT5G64630	82	1.43e-273	750
BRA024318	AT5G64660	89.8	1.55e-262	716
BRA024319	AT5G64667	83.1	6.76e-42	131
BRA024320	AT5G64670	91.1	4.89e-178	491
BRA024323	AT5G64730	97	4.93e-168	467
BRA024324	AT5G64740	95.2	0	2131
BRA024326	AT5G64770	72.2	3.43e-33	108
BRA024327	AT5G64780	79.7	3.91e-88	255
BRA024328	AT5G64810	79.5	3.31e-104	298
BRA024329	AT5G64813	86.2	7.82e-225	616
BRA024330	AT5G64816	94.5	3.41e-83	239
BRA024331	AT5G64830	76.6	7.8e-171	485
BRA024334	AT5G64880	61.7	8.48e-47	149
BRA024336	AT5G64905	66.7	2.07e-08	47
BRA024337	AT5G64930	66.9	2.04e-215	607
BRA024339	AT5G64940	85.5	0	1228
BRA024340	AT1G69770	60.1	0	962
BRA024342	AT5G64970	85.7	8.26e-255	697
BRA024345	AT5G65010	95.9	0	1118
BRA024346	AT5G65020	94	1.04e-215	589
BRA024347	AT5G65030	77.8	3.67e-101	290
BRA024350	AT5G65060	71.4	1.33e-87	255
BRA024352	AT5G64980	58.5	4.52e-108	318
BRA024353	AT5G65090	87.9	0	931
BRA024355	AT5G65110	91.9	0	1279
BRA024358	AT5G65130	69.1	1.81e-124	355
BRA024360	AT5G65160	87.8	0	989
BRA024362	AT5G65170	65.4	2.88e-130	377
BRA024364	AT5G65207	72.6	4.74e-30	100
BRA024365	AT2G24395	66.7	7.26e-57	172
BRA024366	AT5G65210	91.9	5.34e-246	670
BRA024367	AT5G65220	84.4	2.73e-84	245
BRA024368	AT5G65230	82.3	2.63e-173	481
BRA024369	AT5G65240	85	0	908
BRA024370	AT5G65250	74.3	6.48e-130	370
BRA024372	AT5G65260	93.6	5.22e-145	402
BRA024373	AT4G01710	96.9	1.83e-87	250
BRA024374	AT5G65280	86.5	4.4e-275	749
BRA024381	AT5G65380	88.7	4.35e-316	857
BRA024382	AT5G65410	93.2	3.18e-111	322
BRA024383	AT5G65420	79.8	1.58e-169	472
BRA024384	AT5G65430	96.7	1.66e-160	444
BRA024385	AT5G65440	81.4	0	1759
BRA024386	AT5G65450	76.5	0	1059
BRA024387	AT5G65460	90.9	0	2137
BRA024388	AT5G65470	92.1	0	931
BRA024389	AT5G65480	74.5	7.04e-72	212
BRA024390	AT5G65490	80.8	0	968
BRA024392	AT5G65495	85.7	1.06e-42	134
BRA024393	AT5G65500	84.8	0	1302
BRA024394	AT5G65510	66.2	1.25e-201	566
BRA024396	AT5G65540	80.7	0	893
BRA024397	AT5G65560	78.7	6.36e-145	454
BRA024398	AT5G65570	85	0	1238
BRA024400	AT5G65600	75.2	0	966
BRA024401	AT5G65620	93.3	0	1310
BRA024402	AT5G65630	76.9	2.06e-250	698
BRA024404	AT5G65640	79.1	2.96e-186	518
BRA024407	AT1G12660	67.8	8.53e-50	154
BRA024410	AT5G65690	89.4	0	1233
BRA024411	AT5G65687	87.1	1.06e-312	850
BRA024412	AT5G65685	78.2	2.65e-254	706
BRA024413	AT5G65700	93.7	4.1e-300	858
BRA024415	AT5G65730	92.4	1.84e-204	558
BRA024416	AT5G65740	84.6	5.76e-191	525
BRA024417	AT5G65750	94.6	0	1983
BRA024418	AT5G65760	86.2	0	914
BRA024419	AT5G65790	85.1	3.8e-227	623
BRA024421	AT5G65810	90.8	1.79e-167	462
BRA024422	AT5G65820	83.2	3.2e-198	570
BRA024423	AT5G65860	82.2	2.22e-199	550
BRA024426	AT5G65880	81	3.96e-27	92
BRA024427	AT5G65890	88.4	6.93e-302	821
BRA024428	AT5G65900	85.5	6.71e-298	822
BRA024429	AT5G65910	72.5	1.75e-189	532
BRA024432	AT5G67640	61.3	3.23e-52	165
BRA024433	AT5G67630	96.2	4.33e-314	851
BRA024435	AT5G67610	80.5	1.32e-276	758
BRA024436	AT5G67600	96.3	1.39e-26	92.4
BRA024437	AT5G67590	89.9	3.43e-97	276
BRA024438	AT5G67580	75.7	6.56e-126	360
BRA024439	AT5G67570	80.4	0	1145
BRA024440	AT5G67560	96.7	1.15e-128	358
BRA024441	AT5G67540	87	2.71e-310	842
BRA024442	AT5G67530	91.6	0	1053
BRA024443	AT5G67520	76.3	6.13e-157	439
BRA024445	AT5G67490	81.7	6.79e-46	143
BRA024446	AT5G67480	86.2	7.45e-244	666
BRA024447	AT5G67470	78.4	0	1189
BRA024451	AT2G19050	72.7	2.99e-180	502
BRA024454	AT2G18940	80.8	3.57e-152	465
BRA024455	AT2G18910	88.7	2.74e-68	207
BRA024458	AT2G18740	100	6.41e-57	169
BRA024462	AT2G18540	65.6	2.07e-190	554
BRA024466	AT2G18450	92.9	0	1180
BRA024467	AT1G64030	78.2	2.6e-207	573
BRA024469	AT2G18400	96.1	9.85e-68	197
BRA024475	AT2G18290	92.2	9.31e-132	367
BRA024477	AT2G18193	82.6	1.82e-292	799
BRA024480	AT2G18040	95	2.51e-78	226
BRA024484	AT2G17980	88.1	0	1069
BRA024486	AT2G17930	94.8	0	7141
BRA024487	AT2G17890	90.4	0	1006
BRA024490	AT2G17760	88.3	0	908
BRA024495	AT2G17720	92.8	8.03e-194	532
BRA024497	AT2G17700	92.5	0	999
BRA024498	AT2G17695	88.1	1.18e-137	383
BRA024499	AT2G17660	92.8	6.92e-44	135
BRA024500	AT2G17640	91.5	1.4e-199	549
BRA024503	AT3G58930	55.2	3.39e-111	331
BRA024504	AT2G17620	80.9	1.93e-228	630
BRA024506	AT2G17580	70.1	0	962
BRA024508	AT2G17570	79.3	7.18e-158	440
BRA024510	AT2G17540	57.6	1.42e-60	192
BRA024511	AT2G17520	71	0	1104
BRA024519	AT1G22540	87.7	0	963
BRA024520	AT1G22550	85.7	0	953
BRA024521	AT1G22590	76.3	3.32e-81	236
BRA024523	AT1G22610	90.2	0	1828
BRA024527	AT1G22650	93.8	0	1035
BRA024528	AT1G22660	79.7	0	932
BRA024529	AT1G22670	58.9	3.4e-142	412
BRA024530	AT1G22690	70.2	3.55e-51	157
BRA024531	AT1G22700	86.8	1.18e-174	484
BRA024534	AT1G22730	84.3	0	1105
BRA024535	AT1G22750	85.4	6.07e-143	404
BRA024536	AT1G22770	92	0	2046
BRA024537	AT1G22790	69.8	9.64e-70	211
BRA024538	AT1G22800	87.2	2.15e-223	612
BRA024540	AT1G22830	69.4	0	931
BRA024541	AT1G22840	96.4	1.37e-79	228
BRA024542	AT1G22850	82.4	7.67e-141	401
BRA024543	AT1G22860	87.2	0	1652
BRA024544	AT1G22870	88.4	0	1514
BRA024545	AT1G22882	72.9	1.85e-187	534
BRA024546	AT5G42500	78.9	1.05e-104	298
BRA024547	AT1G22910	85.3	6.32e-139	393
BRA024548	AT1G22920	92.1	1.1e-237	648
BRA024549	AT1G22930	82.4	0	1642
BRA024550	AT1G22940	90.3	0	901
BRA024551	AT1G22950	77	8.28e-218	601
BRA024554	AT1G22960	75	2e-12	67.8
BRA024555	AT1G22970	81.2	1.06e-203	562
BRA024556	AT1G22990	92.1	1.77e-97	276
BRA024557	AT1G23000	67.5	2.75e-122	358
BRA024558	AT1G23010	88.3	0	1073
BRA024560	AT1G23040	73.5	2.7e-43	139
BRA024561	AT1G23050	63.7	7.02e-47	149
BRA024563	AT1G23100	92.9	1.3e-49	151
BRA024565	AT1G23140	78.6	7.92e-89	256
BRA024567	AT1G23170	82.2	0	923
BRA024569	AT1G23200	80.2	0	884
BRA024571	AT1G23210	90.7	0	909
BRA024573	AT1G23230	83.4	0	2619
BRA024582	AT1G23320	75.8	6.72e-211	583
BRA024588	AT1G23330	89.4	7.03999e-319	863
BRA024591	AT1G23380	88.5	1.14e-209	575
BRA024596	AT1G23390	75.8	2.78e-196	546
BRA024597	AT1G23400	82.2	0	901
BRA024603	AT1G23480	93.5	0	1044
BRA024605	AT1G23500	77.3	3.35e-185	514
BRA024608	AT1G23540	85.5	1.13e-292	816
BRA024610	AT1G23670	55.1	4.92e-99	290
BRA024611	AT1G23710	73.4	6.33e-115	333
BRA024614	AT1G23720	89.5	2.29e-23	105
BRA024616	AT1G23740	90.2	7.61e-239	654
BRA024617	AT1G23750	92.7	1.93e-88	253
BRA024618	AT1G23790	75.8	4.32e-246	683
BRA024620	AT1G23820	92.2	2.09e-231	631
BRA024624	AT1G23860	78.2	3.67e-83	244
BRA024625	AT1G23880	76.3	2.61e-254	704
BRA024626	AT1G23890	78.7	1.22e-198	552
BRA024627	AT1G23900	91.8	0	1533
BRA024628	AT1G23980	67.9	8.99e-149	424
BRA024631	AT1G24030	94.7	2.45e-264	717
BRA024632	AT1G24040	74.1	1.13e-158	446
BRA024633	AT1G24095	79.1	5.61e-113	335
BRA024634	AT1G24100	84.1	3.09e-289	788
BRA024635	AT1G24110	82.2	8.74e-198	545
BRA024636	AT1G24120	90	1.01e-249	685
BRA024637	AT1G24130	80	1.44e-226	625
BRA024638	AT1G24140	79.4	3.32e-216	596
BRA024641	AT1G24160	66.2	1.56e-195	555
BRA024644	AT1G27240	50.8	1.42e-46	155
BRA024645	AT1G27220	76.1	2.66e-44	140
BRA024646	AT1G27210	77.3	6.27e-292	808
BRA024647	AT5G10340	59.1	3e-132	385
BRA024649	AT1G27200	86.4	0	990
BRA024650	AT1G27190	92.8	0	967
BRA024652	AT1G27170	75.3	0	1342
BRA024653	AT1G24148	54.5	4.25e-16	67.8
BRA024659	AT1G27130	82.4	3.87e-139	388
BRA024660	AT1G27120	82.3	0	1094
BRA024662	AT1G27100	82.9	3.38e-166	471
BRA024663	AT1G27070	76.3	5e-253	716
BRA024665	AT1G27045	72.5	1.07e-89	262
BRA024666	AT1G27020	83.2	8.53e-190	524
BRA024674	AT1G26940	91.4	2.74e-142	396
BRA024675	AT1G26920	67.8	5.47e-57	176
BRA024677	AT1G26870	83.1	6.2e-247	677
BRA024680	AT1G26830	96.2	0	1380
BRA024681	AT1G22000	63.3	2.16e-177	503
BRA024686	AT1G26770	93.2	9.99e-178	488
BRA024687	AT1G26761	79.9	1.96e-251	692
BRA024688	AT1G26760	81.8	5.07e-319	870
BRA024693	AT1G26700	87.1	0	951
BRA024694	AT1G26690	86.9	1.8e-133	373
BRA024700	AT1G26650	87.5	1.14e-201	555
BRA024701	AT1G26640	90.4	2.23e-215	590
BRA024707	AT1G26580	57.5	6.97e-170	486
BRA024708	AT1G26570	94	0	913
BRA024709	AT1G26560	94.3	0	972
BRA024711	AT1G26520	92	2.12e-241	659
BRA024712	AT1G26500	83.2	1.23e-303	828
BRA024713	AT1G26480	95.5	1.59e-174	481
BRA024714	AT1G26470	81.6	9.6e-71	208
BRA024715	AT1G26460	80.6	0	996
BRA024716	AT1G26440	86.2	8.2e-248	678
BRA024717	AT1G26420	82.9	0	892
BRA024720	AT1G26370	84	0	1163
BRA024721	AT1G26340	87.3	5.35e-83	239
BRA024722	AT1G26330	67.3	0	1618
BRA024723	AT1G26320	89.2	3.14e-232	634
BRA024724	AT1G26270	85.4	0	1034
BRA024725	AT1G26150	75	1.58e-227	657
BRA024732	AT1G25682	91.1	2.36e-196	540
BRA024733	AT1G25580	78.2	7.3e-251	689
BRA024734	AT1G25570	90.4	0	1066
BRA024735	AT1G25560	81.7	8.6e-201	556
BRA024740	AT1G68650	88.7	1.44e-135	379
BRA024743	AT1G25470	51.6	2.85e-64	204
BRA024744	AT1G25460	82.9	3.08e-193	535
BRA024751	AT1G25425	75.8	2.29e-41	130
BRA024756	AT1G25380	82.6	1.47e-208	575
BRA024757	AT1G25375	80.7	1.17e-316	862
BRA024758	AT1G25370	51	8.58e-69	213
BRA024759	AT1G25350	80	0	1243
BRA024761	AT1G25320	87.4	0	906
BRA024767	AT1G25270	78.3	4.14e-200	553
BRA024772	AT1G25240	89.9	2.32e-231	634
BRA024774	AT4G07950	85.8	1.08e-63	187
BRA024775	AT2G03440	73.4	6.93e-76	224
BRA024776	AT2G03390	86.4	6.19e-203	558
BRA024777	AT2G03380	81.7	0	1134
BRA024778	AT2G03360	76.8	3.98e-249	686
BRA024782	AT2G03260	81.4	0	1285
BRA024785	AT2G03220	84.2	0	989
BRA024786	AT2G03210	84.1	0	980
BRA024787	AT2G03200	87.4	5.34e-291	792
BRA024788	AT2G03120	91.6	8.58e-231	629
BRA024792	AT2G03060	81.7	1.1e-215	595
BRA024793	AT2G03050	90.8	4.21e-169	469
BRA024796	AT2G02970	79.4	0	912
BRA024801	AT2G02870	85.6	3.55e-270	739
BRA024802	AT2G02860	87.4	0	1012
BRA024807	AT2G02780	79.8	0	915
BRA024808	AT2G02760	100	6.02e-113	316
BRA024809	AT2G02740	82	1.47e-150	420
BRA024812	AT2G02710	81.5	4.74e-233	640
BRA024816	AT2G02480	86	0	1944
BRA024818	AT2G02450	88.3	5.44e-219	605
BRA024819	AT2G02410	79.6	9.31e-183	507
BRA024820	AT2G02390	86.3	3.1e-137	383
BRA024821	AT2G02370	87.9	2.28e-190	526
BRA024823	AT2G02240	75.8	4.82e-154	432
BRA024828	AT2G02170	77.5	1.63e-167	479
BRA024830	AT1G25150	53.6	7.55e-125	369
BRA024831	AT2G02150	80.4	1.51e-145	443
BRA024833	AT2G02080	82.7	5.88e-292	799
BRA024835	AT1G14590	75.9	2.57e-220	607
BRA024837	AT2G02050	89.3	2.6e-61	181
BRA024838	AT2G02040	95.7	0	1123
BRA024840	AT2G01950	92.8	0	1165
BRA024843	AT2G01910	91.1	0	1031
BRA024844	AT2G01905	83	3.56e-104	298
BRA024846	AT2G01870	65.9	1.73e-68	204
BRA024847	AT2G01860	87.8	4.33e-178	499
BRA024849	AT2G01830	87.3	0	1763
BRA024853	AT2G01735	86.9	2.08e-227	622
BRA024854	AT2G01750	88.2	0	882
BRA024855	AT2G01755	70.7	3.1e-71	212
BRA024857	AT2G01810	68.2	0	929
BRA024858	AT2G01820	78.8	0	1258
BRA024863	AT2G01680	92.3	5.24e-243	676
BRA024864	AT2G01670	94.5	1.15e-127	355
BRA024865	AT2G01660	88.8	3.04e-152	425
BRA024866	AT2G01650	80.2	1.58e-239	661
BRA024871	AT2G01600	87.3	0	969
BRA024872	AT2G01580	82.2	1.17e-96	278
BRA024875	AT2G01570	79.4	0	880
BRA024877	AT2G01540	93.9	1.4e-127	355
BRA024880	AT2G01510	85.2	0	996
BRA024881	AT2G01505	56.4	6.32e-31	105
BRA024882	AT2G01480	92.9	0	1075
BRA024886	AT2G01450	95.7	0	920
BRA024887	AT2G01440	83.4	0	1593
BRA024888	AT2G01430	85.4	2.62e-110	316
BRA024889	AT2G01390	79.9	5.75e-229	644
BRA024891	AT2G01300	74.1	2.36e-74	219
BRA024896	AT2G01220	86.5	4.51e-243	665
BRA024897	AT2G01210	88.3	0	976
BRA024898	AT2G01200	76.7	5.92e-87	252
BRA024899	AT2G01190	74.9	0	941
BRA024901	AT2G01170	92.2	0	937
BRA024903	AT2G01130	83.3	0	1837
BRA024904	AT2G01120	81.1	2.94e-247	678
BRA024905	AT2G01110	85.8	2.11e-200	553
BRA024908	AT2G01070	86.3	4.94e-309	840
BRA024912	AT1G03370	88	0	1752
BRA024914	AT5G47810	87.8	7.76e-296	803
BRA024915	AT5G47800	86.8	0	974
BRA024916	AT5G47790	81.4	6.79e-197	546
BRA024918	AT5G47750	86.1	0	944
BRA024924	AT5G47670	83.8	4.29e-141	394
BRA024927	AT5G47635	80.2	4.14e-90	259
BRA024930	AT5G47590	63.7	1.08e-104	304
BRA024931	AT5G47600	68.5	5.05e-54	166
BRA024933	AT5G47570	93.6	1.8e-83	239
BRA024935	AT5G47550	66.1	6.15e-48	149
BRA024938	AT5G47510	81.6	2.99e-215	594
BRA024940	AT5G47490	76.4	0	1916
BRA024942	AT5G47455	81.8	7.22e-42	132
BRA024943	AT5G47450	90.8	4.18e-157	436
BRA024944	AT5G47440	81.3	1.77e-224	619
BRA024945	AT5G47435	91.7	6.3e-219	598
BRA024946	AT5G47400	84.6	0	1145
BRA024948	AT5G47370	88.1	5.96e-169	468
BRA024949	AT5G47360	78.1	6.48e-129	377
BRA024951	AT5G47310	90.7	3.08e-158	438
BRA024952	AT5G47240	77.9	4.19e-217	598
BRA024955	AT5G47210	56.1	6.72e-68	216
BRA024960	AT5G47150	56.1	6.45e-113	330
BRA024964	AT5G47110	82.8	2.53e-144	411
BRA024965	AT5G47070	82.3	1.71e-235	647
BRA024966	AT5G47060	75.3	1.92e-87	253
BRA024968	AT5G47040	97.6	0	1664
BRA024970	AT4G38150	73.4	1.81e-74	229
BRA024971	AT5G47020	87.6	0	2284
BRA024975	AT1G54620	55.4	3.6e-62	191
BRA024979	AT5G46920	88.3	0	1250
BRA024988	AT5G46870	75.5	2.03e-133	381
BRA024989	AT5G46860	89.3	2.99e-122	349
BRA024990	AT5G46850	70.1	5.86e-135	384
BRA024991	AT5G46840	89	6.71e-197	550
BRA024995	AT5G46790	79.4	6.2e-114	323
BRA024996	AT5G46780	84.1	1.09e-120	342
BRA024998	AT5G46760	76.7	8.13e-267	741
BRA024999	AT5G46750	74	1.73e-168	475
BRA025007	AT5G46690	84.9	7.95e-135	383
BRA025008	AT5G46650	79	1.5e-157	440
BRA025011	AT5G46610	77.6	1.09e-306	840
BRA025013	AT5G46580	87.4	2.98e-311	864
BRA025014	AT5G46570	94.7	0	933
BRA025015	AT3G48770	77.5	0	2656
BRA025016	AT5G46560	76	4.11e-206	571
BRA025017	AT5G46420	84.7	0	1068
BRA025018	AT5G46410	83.9	5.31e-269	736
BRA025019	AT5G46400	73.8	0	1312
BRA025022	AT5G46340	90.2	0	979
BRA025023	AT5G41480	86.8	0	879
BRA025025	AT5G46290	93	0	878
BRA025027	AT5G46250	67	8.8e-166	470
BRA025030	AT5G46220	88.7	1.69e-309	839
BRA025032	AT5G46190	73.1	1.68e-307	851
BRA025033	AT5G46180	91	0	867
BRA025034	AT5G46170	82.9	1.5e-219	605
BRA025037	AT5G46110	90.1	3.61e-259	707
BRA025038	AT5G46100	93.9	1.4e-135	395
BRA025039	AT5G46090	70.3	5.01e-111	316
BRA025041	AT5G46080	81.8	7.32e-186	515
BRA025044	AT5G46020	92.7	7.92e-76	223
BRA025045	AT5G45970	98	1.13e-141	392
BRA025048	AT5G45860	85.4	6.51e-92	264
BRA025052	AT5G45810	89.5	4.97e-309	839
BRA025053	AT5G45800	85.8	0	1073
BRA025054	AT5G45790	82.4	4.62e-243	668
BRA025056	AT5G45780	90.8	0	926
BRA025057	AT2G20142	83.6	5.34e-198	544
BRA025059	AT4G32105	54.2	7.65e-42	134
BRA025062	AT5G45700	82	3.32e-159	443
BRA025063	AT5G45690	86.6	3.49e-163	451
BRA025064	AT5G45670	89.4	6.18e-243	662
BRA025065	AT5G45660	85.9	4.77e-119	337
BRA025066	AT5G45620	94.8	4.05e-264	717
BRA025067	AT5G45610	67.1	9.59e-279	778
BRA025069	AT5G45600	93.8	4.55e-177	487
BRA025071	AT5G45580	87.9	4.03e-165	458
BRA025072	AT5G45540	76.6	0	1178
BRA025073	AT5G45530	76.3	0	1192
BRA025076	AT5G45500	62.7	1.46e-265	751
BRA025078	AT5G45420	67.6	3.2e-122	352
BRA025079	AT5G45390	95.9	5.48e-184	507
BRA025081	AT5G42250	89.7	1.31e-264	719
BRA025085	AT5G45290	70.9	3.24e-238	663
BRA025087	AT5G45190	83.8	6.49e-312	855
BRA025088	AT5G45170	86.5	7.5e-219	602
BRA025089	AT5G45160	88.2	0	1420
BRA025090	AT5G45140	86.1	0	2014
BRA025096	AT5G44990	83.9	1.77e-205	565
BRA025097	AT5G44950	57.4	1.3e-159	457
BRA025098	AT5G44860	88.8	4.93e-189	522
BRA025099	AT5G44840	75	9.8e-217	598
BRA025100	AT5G44820	88.9	9.14e-215	590
BRA025102	AT5G44790	91.3	0	1748
BRA025104	AT5G44785	60.3	8.17e-193	546
BRA025105	AT5G44780	51.4	5.71e-168	500
BRA025106	AT5G44750	78.6	0	1623
BRA025107	AT5G44740	82.6	0	1085
BRA025111	AT5G44720	89.6	1.92e-209	573
BRA025113	AT5G44700	85.1	1.62e-255	761
BRA025114	AT2G03480	91.1	0	1160
BRA025116	AT2G03505	78.2	7.16e-86	248
BRA025117	AT2G03550	69	1.34e-156	439
BRA025121	AT2G03620	93.3	3.39e-276	751
BRA025122	AT2G03640	54	2.12e-131	384
BRA025123	AT2G03667	84.4	0	1008
BRA025125	AT2G03690	95.1	4.19e-163	449
BRA025126	AT2G03710	80.7	8.99e-137	385
BRA025127	AT2G03720	83.2	2.17e-134	376
BRA025130	AT2G03850	65.9	4.59e-41	137
BRA025135	AT2G03800	88	5.31e-207	569
BRA025137	AT2G03810	58.5	2.4e-137	399
BRA025138	AT2G03870	92.8	1.71e-57	177
BRA025139	AT2G03880	87.6	0	1125
BRA025140	AT2G03890	91.9	0	1037
BRA025141	AT2G03980	73.6	4e-199	551
BRA025142	AT2G04030	93.1	0	1416
BRA025145	AT3G25560	68.8	2.63e-296	816
BRA025147	AT3G25585	86.7	1.33e-258	704
BRA025148	AT3G25590	64	1.01e-133	389
BRA025154	AT3G25670	84.8	2.84e-184	523
BRA025156	AT3G25690	87.6	0	1497
BRA025159	AT3G25740	81.5	2.79e-190	546
BRA025161	AT3G25790	68	3.16e-166	468
BRA025162	AT3G25800	95.5	1.12e-120	374
BRA025164	AT3G25830	77.1	0	905
BRA025166	AT3G25855	74.6	7.26e-52	158
BRA025167	AT3G25860	87.7	1.8e-256	706
BRA025168	AT3G25870	64.8	2.53e-62	189
BRA025170	AT3G25890	75.7	2.34e-163	457
BRA025171	AT3G25900	86.6	4.51e-219	600
BRA025173	AT3G25910	65.3	1.13e-137	394
BRA025175	AT3G25950	83.7	3.12e-153	426
BRA025177	AT3G26000	65.3	2.89e-206	576
BRA025179	AT3G26030	90.2	3e-309	839
BRA025180	AT3G26070	88.1	2.43e-152	423
BRA025181	AT3G26090	88.5	5.24e-298	822
BRA025184	AT3G26115	78.3	6.62e-233	641
BRA025185	AT3G26120	75.9	9.87998e-319	875
BRA025186	AT3G26130	84.1	0	962
BRA025187	AT3G26140	80.5	2.68e-312	853
BRA025188	AT3G26160	81.4	1.75e-314	855
BRA025189	AT3G26170	83.8	3.99e-316	859
BRA025191	AT3G26190	91.8	0	915
BRA025193	AT3G26210	80.2	2.96e-299	816
BRA025194	AT3G26220	78.4	3.01e-294	803
BRA025200	AT3G26350	72.8	8.37e-164	461
BRA025202	AT3G26370	95.2	0	1073
BRA025205	AT3G26420	78.5	9.18e-92	269
BRA025206	AT3G26430	83.4	3.68e-241	659
BRA025207	AT3G26440	81.9	1.08e-257	704
BRA025208	AT3G26490	82.5	0	887
BRA025211	AT3G26560	90.3	0	1974
BRA025212	AT3G26570	91.2	0	1014
BRA025213	AT3G26580	89	6.77e-195	540
BRA025214	AT3G26590	90.5	3.85e-257	706
BRA025216	AT3G26610	88.1	2.35e-317	859
BRA025218	AT3G26630	81.7	1.33e-167	474
BRA025220	AT3G26670	96.1	2.51e-294	799
BRA025221	AT3G26680	86.1	6.33e-257	704
BRA025222	AT3G26690	88.1	8.03e-128	357
BRA025223	AT3G26700	93.1	4.35e-246	671
BRA025225	AT3G26720	91.6	0	1874
BRA025226	AT3G26744	84.4	6.93e-279	764
BRA025227	AT3G26750	75	3.46e-265	731
BRA025228	AT3G26760	87	1.13e-181	502
BRA025232	AT3G26840	79.1	0	1097
BRA025233	AT3G26890	80.4	0	963
BRA025234	AT3G26900	78.2	1.43e-130	371
BRA025235	AT3G26910	73.3	7.28e-295	814
BRA025238	AT3G26940	60.5	4.67e-142	412
BRA025239	AT3G26950	84.3	0	958
BRA025240	AT3G26990	81.3	6.05e-275	755
BRA025242	AT3G26960	80.8	5.98e-98	280
BRA025244	AT3G27010	69.8	8.94e-123	353
BRA025245	AT3G27025	60.2	4.86e-102	299
BRA025246	AT3G27030	88.4	3.87e-39	125
BRA025250	AT3G27110	89.8	7.16e-218	597
BRA025251	AT3G27150	76.4	8.57e-227	627
BRA025253	AT3G27170	92.7	0	1444
BRA025254	AT3G27180	89	0	927
BRA025255	AT5G42120	81.9	0	1108
BRA025258	AT3G27210	68.6	1.73e-88	259
BRA025259	AT3G27220	89.8	1.93e-284	772
BRA025261	AT3G27250	80.6	1.29e-164	457
BRA025265	AT3G27310	76.7	5.22e-132	372
BRA025266	AT3G27325	89.7	0	1919
BRA025268	AT3G27330	84.7	0	990
BRA025270	AT3G27350	64	2.38e-87	261
BRA025271	AT3G27355	54.9	2.58e-44	143
BRA025272	AT5G40650	89.7	3.69e-191	524
BRA025273	AT3G27390	85.6	0	993
BRA025274	AT3G27400	91	4.05e-285	773
BRA025277	AT2G46290	81.7	5.27e-214	588
BRA025278	AT3G27460	94.1	4.57e-178	490
BRA025281	AT4G27710	75.2	7.82e-295	806
BRA025282	AT3G27520	61.7	2.28e-68	206
BRA025283	AT3G27530	89.8	0	1525
BRA025284	AT3G27540	88.9	2.11e-270	734
BRA025285	AT3G27550	81.7	2.87e-274	756
BRA025286	AT3G27560	93.8	5.15e-245	667
BRA025287	AT3G27570	84.3	1.12e-213	587
BRA025288	AT3G27580	79.2	4.21e-308	845
BRA025295	AT3G27670	84.5	0	3023
BRA025297	AT3G27690	97.4	5.17e-196	536
BRA025298	AT3G27700	82.1	5.79e-312	872
BRA025303	AT3G27820	91.6	0	891
BRA025304	AT3G27850	79.6	3.8e-86	251
BRA025307	AT3G27870	88.2	0	2051
BRA025308	AT3G27880	72.5	4.95e-92	271
BRA025311	AT3G27920	72.2	2.74e-111	318
BRA025312	AT3G27925	88.5	3.63e-266	727
BRA025313	AT3G27930	81.2	4.65e-255	698
BRA025315	AT3G27960	83.8	0	1046
BRA025317	AT3G28007	89.6	1.23e-153	427
BRA025318	AT3G28030	69.7	0	1750
BRA025319	AT3G28040	85.9	0	979
BRA025320	AT5G40210	55	2.14e-133	387
BRA025321	AT3G28100	81.5	2.18e-195	542
BRA025322	AT3G28150	83.1	2.03e-273	743
BRA025324	AT3G28210	87.2	1.69e-127	355
BRA025325	AT3G28340	85.9	6.57e-236	644
BRA025326	AT3G28345	91.5	0	2175
BRA025327	AT3G28370	83.6	1.75e-83	253
BRA025332	AT3G28420	78.2	4.89e-108	308
BRA025334	AT3G28450	81.1	2.89e-307	845
BRA025336	AT3G28460	82.1	5.35e-177	491
BRA025337	AT3G28470	79.6	2.74e-176	490
BRA025338	AT3G28480	78.5	1.28e-186	516
BRA025339	AT3G28500	84.1	1.07e-33	112
BRA025342	AT3G28570	73.1	2.17e-241	667
BRA025345	AT3G28640	78.6	7.23e-291	798
BRA025346	AT3G28670	81.7	8.97e-280	768
BRA025347	AT3G28700	86.2	4.33e-299	813
BRA025349	AT3G28720	87.9	3.74e-195	553
BRA025350	AT3G28730	84.4	0	971
BRA025352	AT3G28750	52.2	1.49e-65	214
BRA025353	AT3G28760	79.5	4.43e-244	671
BRA025355	AT3G28830	50.6	9.35e-74	245
BRA025356	AT3G28840	58.5	2.25e-66	213
BRA025358	AT3G28857	90.2	9.68e-50	151
BRA025359	AT3G28860	96.9	0	2295
BRA025360	AT3G55160	85	0	3556
BRA025362	AT3G28917	97	3.47e-67	196
BRA025363	AT3G28920	72.6	2.34e-107	316
BRA025364	AT5G48600	83.7	0	1785
BRA025365	AT3G28930	83.9	7.46e-104	294
BRA025368	AT3G28950	81.9	7.49e-97	276
BRA025369	AT3G28960	89.9	1.19e-261	713
BRA025370	AT3G28970	77.4	6.9e-154	431
BRA025371	AT3G29010	88.8	4.99e-170	477
BRA025373	AT3G29034	83.7	1.49e-39	125
BRA025376	AT3G29090	94.6	1.53e-240	652
BRA025377	AT3G29130	60.3	3.5e-59	181
BRA025379	AT3G29160	94.1	0	984
BRA025381	AT3G29180	85.6	1.84e-317	864
BRA025382	AT3G29185	84.6	3.46e-239	655
BRA025383	AT3G29200	87.1	8.36e-205	563
BRA025384	AT3G29230	84.7	9.72e-296	815
BRA025385	AT3G29240	90.6	4.12e-207	567
BRA025388	AT3G29290	61.4	1.66e-155	455
BRA025389	AT3G29300	66.1	1.34e-58	184
BRA025392	AT3G29320	90.1	0	1718
BRA025394	AT3G29350	90.4	1.76e-98	280
BRA025398	AT3G29380	62.8	1.13e-138	396
BRA025400	AT3G29575	70.2	6.65e-100	291
BRA025402	AT3G29635	77	1.17e-255	702
BRA025403	AT3G29670	71.9	3.64e-227	630
BRA025404	AT3G29770	86.3	4.73e-229	629
BRA025406	AT3G29810	87.8	9.51e-301	815
BRA025407	AT3G29970	92	1.53e-55	166
BRA025412	AT5G38880	80.4	0	1179
BRA025413	AT3G30300	89.1	0	1183
BRA025415	AT3G30380	84.4	8.03e-206	570
BRA025416	AT3G30390	91.7	8.41e-299	811
BRA025417	AT3G30460	73.2	1.88e-66	199
BRA025418	AT3G30530	76.9	3.09e-77	227
BRA025419	AT3G30580	73.5	1.31e-51	159
BRA025423	AT3G30841	91.1	0	913
BRA025424	AT3G30842	81.9	0	2303
BRA025426	AT1G17040	79.7	3.36e-179	513
BRA025427	AT5G38970	90.5	1.19001e-319	864
BRA025428	AT5G38940	80.8	3.26e-121	345
BRA025434	AT5G37890	61.9	4.56e-127	362
BRA025437	AT5G37810	87.6	1.23e-177	490
BRA025439	AT5G37770	75.9	1.23e-61	187
BRA025442	AT5G37490	77.6	1.85e-237	654
BRA025443	AT5G37478	95	2.89e-64	191
BRA025446	AT5G37475	80.7	1.29e-107	309
BRA025447	AT3G12340	60.2	1.44e-157	455
BRA025450	AT5G42050	70.8	9.84e-147	417
BRA025451	AT5G42030	84.3	1.56e-124	357
BRA025453	AT5G41980	81.3	1.1e-182	508
BRA025454	AT5G41950	83.9	7.84e-253	725
BRA025455	AT5G41940	79.1	4.77e-314	859
BRA025456	AT5G41920	84.7	1.71e-149	422
BRA025457	AT5G41900	85.2	5.34e-304	826
BRA025458	AT5G41880	86.9	2.15e-296	805
BRA025459	AT4G10320	87.5	0	2112
BRA025460	AT5G41800	92	1.56e-300	815
BRA025466	AT5G41760	94.1	1e-216	593
BRA025479	AT5G41685	73.8	1.91e-31	103
BRA025480	AT5G41670	97.7	0	940
BRA025481	AT2G38860	87.9	5.08e-262	713
BRA025484	AT5G41620	70.2	1.84e-255	714
BRA025485	AT5G41610	90.6	0	1366
BRA025487	AT5G41590	83.8	2.33e-133	373
BRA025488	AT5G39030	67.9	0	970
BRA025490	AT5G41570	80.2	9.32e-97	277
BRA025491	AT5G41560	89.5	4.89e-58	173
BRA025495	AT5G41460	89	0	918
BRA025497	AT5G41410	81.4	5.3e-278	771
BRA025501	AT5G41390	82.3	1.67e-147	413
BRA025502	AT5G41380	70.3	1.2e-133	381
BRA025503	AT5G41370	92.8	0	1387
BRA025504	AT5G41350	79.6	1.69e-97	283
BRA025506	AT5G41330	83.5	4.06e-270	739
BRA025507	AT5G41320	51.3	2e-125	372
BRA025508	AT5G41315	84.6	0	1049
BRA025509	AT5G41310	75.8	0	1303
BRA025510	AT5G41270	62	3.56e-92	272
BRA025512	AT5G41210	84.1	3.79e-146	407
BRA025513	AT5G41190	77.6	0	888
BRA025516	AT5G41170	72.1	1.95e-52	184
BRA025517	AT5G41150	89.9	0	1628
BRA025518	AT5G41140	65.7	0	931
BRA025519	AT5G41120	77.3	0	1071
BRA025520	AT5G41100	79.9	7.88e-294	829
BRA025522	AT5G41080	88.8	1.27e-236	647
BRA025523	AT5G41070	67.6	3.72e-163	461
BRA025524	AT5G41060	84.5	4.52e-254	694
BRA025526	AT5G41050	80.8	4.75e-94	270
BRA025527	AT5G41040	94.1	1.39e-311	843
BRA025528	AT5G41030	59.3	3.21e-62	194
BRA025529	AT5G41020	75.7	2.13e-178	520
BRA025533	AT5G40960	100	3.74e-43	133
BRA025534	AT5G40950	92.9	1.64e-128	359
BRA025535	AT5G40940	61.9	1.12e-146	421
BRA025537	AT5G40870	92.8	0	892
BRA025540	AT5G39880	50.3	2.86e-85	261
BRA025541	AT5G40850	88.2	3.33e-230	630
BRA025542	AT5G40840	63.5	0	897
BRA025543	AT5G38260	63.1	7.9e-273	758
BRA025545	AT5G40800	82.4	4.24e-162	450
BRA025546	AT5G40790	65.8	2.55e-125	360
BRA025547	AT5G40780	93	4.99e-308	833
BRA025548	AT5G40770	96.8	4.58e-181	498
BRA025550	AT5G40740	93.1	0	1294
BRA025551	AT5G40730	61.8	3.67e-16	65.1
BRA025553	AT5G40690	72.6	1.06e-90	265
BRA025554	AT5G40670	91.9	1.69e-184	506
BRA025555	AT5G40660	89	9.27e-205	562
BRA025558	AT5G40630	87.9	2.06e-73	217
BRA025562	AT3G62440	50.9	1.18e-67	216
BRA025563	AT5G40540	90.1	2.68e-233	637
BRA025565	AT5G40530	75.8	3.47e-152	427
BRA025567	AT5G40510	84.8	3.55e-214	588
BRA025568	AT5G40490	90.6	4.1e-146	426
BRA025572	AT5G40470	71	6.38e-227	632
BRA025573	AT5G40460	82.1	5.32e-57	171
BRA025576	AT5G40440	92.9	0	971
BRA025578	AT5G40400	62.7	1.74e-151	452
BRA025579	AT5G40390	87.6	0	1447
BRA025580	AT5G40382	87.7	1.4e-39	124
BRA025584	AT5G40370	77.8	1.04e-51	159
BRA025585	AT3G09120	55.1	8.56e-110	327
BRA025586	AT5G40880	74.4	3.09e-212	592
BRA025589	AT5G40330	75.7	1.57e-125	355
BRA025591	AT5G40320	80.5	0	1032
BRA025592	AT5G40300	83	4.41e-135	382
BRA025593	AT5G40280	78	7.29e-263	722
BRA025594	AT5G40270	86	6.15e-309	839
BRA025595	AT5G40260	72.6	3.31e-118	336
BRA025597	AT5G40250	83.9	8.26e-209	576
BRA025599	AT4G38440	69	0	1852
BRA025600	AT5G40200	89.2	0	994
BRA025602	AT5G40160	77.6	6.94e-109	319
BRA025604	AT5G40150	86.2	1.05e-196	542
BRA025605	AT5G40140	81	9.06e-227	637
BRA025610	AT2G04700	93.2	1.49e-98	279
BRA025612	AT2G04690	69.1	3.27e-97	281
BRA025613	AT5G35410	89.4	1.08e-298	810
BRA025617	AT5G51940	93.1	4.65e-95	270
BRA025618	AT2G04620	81.3	0	996
BRA025620	AT5G40020	84.8	3.51e-172	474
BRA025621	AT5G40030	87.9	3.67e-295	805
BRA025626	AT5G40000	78.6	3.66e-268	735
BRA025627	AT5G39990	85	4.04e-269	734
BRA025629	AT5G39960	79.4	0	922
BRA025630	AT5G39940	86.1	1.13e-298	813
BRA025631	AT5G39910	64.6	1.24e-197	550
BRA025636	AT5G39890	81.6	6.99e-163	452
BRA025637	AT5G39870	61.4	2.97e-74	229
BRA025638	AT5G39865	62.4	5.09e-179	503
BRA025640	AT3G10450	80.2	3.41e-265	727
BRA025642	AT5G39790	79.1	2.76e-141	398
BRA025643	AT5G39785	65.3	1.79e-272	763
BRA025644	AT5G39760	76.9	7.24e-89	268
BRA025651	AT5G39710	89.8	3.64e-150	455
BRA025655	AT5G39660	70.4	5.22e-197	553
BRA025657	AT5G39650	92.6	2.27e-160	443
BRA025659	AT5G39600	95.3	1.86e-84	242
BRA025660	AT5G39590	81.3	0	877
BRA025664	AT5G39530	85.7	1.37e-142	398
BRA025665	AT5G39520	82.9	6.3e-128	359
BRA025668	AT1G18590	88.7	1.14e-236	644
BRA025671	AT1G18600	85.2	8.08e-204	561
BRA025672	AT1G18610	76.8	3.12e-272	751
BRA025674	AT1G18630	75	3.79e-67	200
BRA025675	AT1G18640	90.2	2.6e-191	532
BRA025676	AT1G18660	91.5	1.8e-318	864
BRA025678	AT1G18710	68.5	4.75e-120	343
BRA025682	AT1G18730	90.9	1.77e-114	322
BRA025688	AT1G18835	90.9	6.71e-55	164
BRA025690	AT1G18840	68.4	3.52e-215	608
BRA025691	AT1G18850	76.7	4.1e-211	584
BRA025697	AT1G18900	81.9	2.82e-251	723
BRA025701	AT1G64105	58.3	1.01e-48	154
BRA025702	AT1G18940	86.7	3.15001e-319	870
BRA025705	AT1G18990	82.5	8.7e-295	806
BRA025708	AT1G19050	80.3	2.39e-113	322
BRA025710	AT1G19110	88.2	0	1288
BRA025711	AT1G19140	83.3	4.33e-173	481
BRA025715	AT1G19200	56.4	2.76e-72	219
BRA025720	AT1G19220	83.9	0	1578
BRA025721	AT1G19230	80.7	0	1574
BRA025722	AT1G19240	63	1.76e-33	111
BRA025723	AT1G19250	88.6	0	971
BRA025725	AT1G19270	85	3.88e-307	838
BRA025727	AT1G19310	88.2	5.88e-152	421
BRA025728	AT1G19320	70.4	1.47e-125	355
BRA025731	AT1G19330	88.7	8.26e-150	417
BRA025732	AT1G19340	78.1	4.43e-240	659
BRA025733	AT1G19350	82.8	1.34e-162	457
BRA025734	AT1G19360	91.1	1.57e-281	765
BRA025735	AT1G19370	83.3	0	942
BRA025736	AT1G19390	68.6	0	951
BRA025737	AT1G19430	89.6	0	1241
BRA025740	AT1G19450	95.3	0	894
BRA025741	AT1G19480	72.9	3.59e-176	493
BRA025743	AT1G19490	77	6.41e-232	643
BRA025745	AT1G19510	94	5.75e-61	180
BRA025746	AT1G19520	81.1	0	922
BRA025747	AT1G19530	75	7.96e-59	176
BRA025748	AT1G19540	82.3	3.33e-183	506
BRA025749	AT1G19570	84.5	1.95e-132	370
BRA025751	AT1G19600	91.6	4.17e-237	647
BRA025754	AT1G19650	81.3	0	944
BRA025755	AT1G19660	87.5	1.27e-208	572
BRA025756	AT1G19670	84.3	8.58e-205	562
BRA025757	AT1G19690	82.1	6.27e-206	567
BRA025759	AT1G19710	88.4	7.77e-302	821
BRA025760	AT1G19715	81.2	0	1026
BRA025761	AT1G19720	85.5	0	1279
BRA025762	AT1G19730	85.7	5.26e-71	207
BRA025763	AT1G19740	85.4	1.02e-160	447
BRA025764	AT1G19770	82.1	3.85e-228	627
BRA025768	AT1G19790	79.9	1.56e-162	457
BRA025769	AT1G19800	91.2	1.1e-220	605
BRA025770	AT1G19830	87.5	7.4e-60	179
BRA025772	AT1G19835	76.1	0	1251
BRA025774	AT1G19840	90.2	3.72e-98	278
BRA025777	AT1G19870	66.6	3.22e-273	772
BRA025780	AT1G19900	80.5	0	917
BRA025782	AT1G19920	88.3	5.52e-314	852
BRA025786	AT1G19970	89.7	8.57e-179	492
BRA025787	AT1G19990	80.9	3.42e-45	152
BRA025792	AT1G20100	61	1.15e-92	275
BRA025794	AT1G20132	77.7	3.21e-179	521
BRA025795	AT1G20140	81.8	2.31e-90	259
BRA025798	AT1G20160	87.9	0	1316
BRA025799	AT1G20180	78.4	3.3e-203	564
BRA025801	AT1G20220	70.9	5.25e-94	281
BRA025802	AT1G20225	83.3	2.71e-142	397
BRA025803	AT1G20230	84.2	0	1263
BRA025806	AT1G20300	89.4	1.27e-154	452
BRA025807	AT1G20310	61.6	1.22e-89	265
BRA025811	AT1G20330	91.9	8.61e-252	684
BRA025814	AT1G20370	75.3	4.07e-286	786
BRA025816	AT1G20380	90.2	0	1383
BRA025817	AT1G20410	82.5	1.26e-301	822
BRA025818	AT1G21860	79.8	0	892
BRA025820	AT1G20460	96.2	3.36e-61	181
BRA025821	AT1G20470	79.2	2.88e-76	222
BRA025822	AT1G20480	85.6	0	910
BRA025825	AT1G20540	94.6	1.92e-258	700
BRA025826	AT1G20550	89.3	0	1014
BRA025827	AT1G20560	87.7	0	998
BRA025830	AT1G20580	92.4	2.12e-80	232
BRA025834	AT1G20640	85.3	0	1398
BRA025837	AT1G20670	78.3	5.59e-318	876
BRA025838	AT1G20693	78.2	4.34e-57	174
BRA025839	AT1G20700	82.3	3.35e-107	306
BRA025840	AT1G20720	78.8	0	1978
BRA025844	AT1G20810	85.8	7.74e-141	393
BRA025845	AT1G20816	82	1.3e-103	293
BRA025847	AT1G20830	77.2	3.84e-190	528
BRA025853	AT1G20890	71.2	2.62e-97	282
BRA025856	AT1G20920	84.9	0	1452
BRA025858	AT1G20950	94.8	0	1169
BRA025862	AT1G20970	68.5	0	1431
BRA025863	AT1G20980	81.4	0	1589
BRA025865	AT1G21000	93.9	3.29e-174	478
BRA025866	AT1G21010	81.1	1.46e-110	315
BRA025868	AT1G21050	85.3	3.1e-136	384
BRA025869	AT1G21060	79.6	2.12e-258	712
BRA025872	AT1G21080	81.6	1.61e-242	665
BRA025873	AT1G21090	88.1	2.3e-134	377
BRA025875	AT1G21130	93.8	6.42e-259	703
BRA025881	AT1G21200	72.7	5.68e-167	474
BRA025885	AT1G21280	53.6	3.67e-83	247
BRA025889	AT1G21310	97.6	7.46e-16	78.6
BRA025892	AT1G21326	66.8	1.28e-94	276
BRA025894	AT1G18550	77.8	0	978
BRA025896	AT1G18530	86	5.25e-59	180
BRA025898	AT1G18510	80.6	1.34e-154	429
BRA025900	AT1G18490	85.1	1.51e-180	497
BRA025901	AT4G02655	66.7	2.14e-49	153
BRA025902	AT1G18485	81.2	0	1406
BRA025903	AT1G18480	82.7	2.26e-247	676
BRA025905	AT1G18440	83.2	3.38e-164	457
BRA025906	AT1G18420	80.9	0	893
BRA025908	AT1G18410	74.9	0	1203
BRA025910	AT1G18400	77.5	4.33e-119	340
BRA025911	AT1G18390	80.1	0	1030
BRA025912	AT1G18370	92.1	0	1666
BRA025913	AT1G18340	76.6	3.45e-154	431
BRA025914	AT1G18330	72.6	7.79e-152	431
BRA025920	AT1G18270	91.7	0	2374
BRA025921	AT1G18265	60.1	3.5e-82	247
BRA025922	AT1G18260	91.9	0	966
BRA025923	AT1G18250	89.7	5.22e-168	462
BRA025924	AT1G18210	82	6.44e-91	261
BRA025925	AT1G18190	80.8	3.14e-310	857
BRA025926	AT1G18180	88.4	1.35e-195	537
BRA025927	AT1G18160	86.4	0	1538
BRA025929	AT1G18150	88.5	0	1001
BRA025933	AT1G18030	78.5	8.39e-199	551
BRA025936	AT1G17940	93.8	4.17e-278	754
BRA025937	AT1G17930	93.8	0	888
BRA025938	AT1G17920	82.5	0	1107
BRA025939	AT1G17890	90.9	2.96e-221	604
BRA025940	AT1G17880	89.8	1.28e-91	263
BRA025941	AT1G17870	90.9	0	947
BRA025942	AT1G17860	74.4	5.01e-105	299
BRA025943	AT1G17850	76.9	5.11e-244	671
BRA025946	AT1G17820	76	0	1063
BRA025951	AT1G17750	81.3	4.08e-207	645
BRA025953	AT1G17710	87.7	4.08e-181	499
BRA025955	AT1G17680	78.4	0	1180
BRA025957	AT1G17665	76	1.47e-127	367
BRA025958	AT1G17650	93.9	1.37e-221	607
BRA025960	AT1G17630	78.9	0	1140
BRA025962	AT1G17615	82.5	3.41e-220	606
BRA025964	AT1G17550	86.8	2.26e-312	850
BRA025968	AT1G17510	61.7	2.28e-32	110
BRA025969	AT1G17490	76.5	7.26e-27	92.8
BRA025971	AT1G17480	80.3	2.8e-193	537
BRA025972	AT1G17470	97.2	1.06e-282	765
BRA025973	AT1G17460	61.7	6.87e-238	671
BRA025974	AT1G17455	96.5	5.38e-73	212
BRA025975	AT1G17440	71.4	1.84e-249	703
BRA025976	AT1G17400	85.2	1.31e-166	463
BRA025979	AT1G17360	68.6	0	1176
BRA025980	AT1G17350	76.2	8.6e-118	333
BRA025981	AT1G17345	79.1	9.62e-69	202
BRA025983	AT1G17330	87.7	4.16e-125	352
BRA025986	AT1G17280	90.1	7.43e-152	421
BRA025988	AT1G17230	90	1.09e-249	738
BRA025990	AT1G17210	86.8	0	1574
BRA025991	AT1G17200	85.3	1.18e-124	350
BRA025995	AT1G17170	83.5	1.3e-134	376
BRA025996	AT1G17160	82.8	2.55e-208	576
BRA025999	AT1G17145	75.2	3.94e-161	452
BRA026004	AT1G17100	84.6	6.91e-142	395
BRA026005	AT1G17060	91.4	2.1e-196	549
BRA026006	AT1G17050	89.2	8e-261	712
BRA026007	AT1G17030	85.9	0	927
BRA026011	AT1G16980	78.1	0	1342
BRA026012	AT1G16970	88.7	0	1014
BRA026013	AT1G16950	72.3	1.85e-41	130
BRA026014	AT1G16930	73.5	7.11e-227	629
BRA026016	AT1G16920	97.2	1.52e-151	419
BRA026017	AT1G16900	91.2	0	1058
BRA026018	AT1G78870	98.7	1.21e-108	305
BRA026019	AT1G16880	90.3	5.41e-180	496
BRA026020	AT1G16870	86	7.37e-279	763
BRA026022	AT1G16850	69.7	2.32e-59	180
BRA026025	AT1G16810	78.6	4.02e-66	196
BRA026026	AT1G16790	82.8	1.16e-74	219
BRA026028	AT1G16740	97.6	4.06e-85	243
BRA026029	AT1G16720	84	0	988
BRA026032	AT1G16670	86.9	3.36e-239	655
BRA026033	AT1G16650	82.8	4.21e-309	842
BRA026034	AT1G16640	73.2	7.14e-34	112
BRA026035	AT1G16630	59.2	7.23e-242	697
BRA026041	AT1G16540	85.2	0	1444
BRA026043	AT1G16520	82.2	2.36e-174	486
BRA026044	AT1G16510	85	2.16e-85	246
BRA026045	AT4G12640	74.3	0	1120
BRA026056	AT1G16440	86.3	1.92e-270	741
BRA026057	AT1G07950	90.7	2.73e-76	224
BRA026058	AT1G16410	84.2	0	932
BRA026059	AT1G16380	85.9	0	1321
BRA026062	AT1G16370	85.7	6.55e-317	862
BRA026064	AT1G16350	95.4	0	935
BRA026066	AT1G16320	79.9	1.49e-156	436
BRA026067	AT1G16310	94.7	1.23e-272	741
BRA026068	AT1G16300	91.7	1.43e-273	744
BRA026069	AT1G16290	87.9	1.8e-290	789
BRA026072	AT1G16270	78.7	0	1586
BRA026075	AT1G16220	84.4	1.03e-287	786
BRA026076	AT1G16190	83.7	1.89e-205	568
BRA026081	AT1G16070	86.9	5.13e-243	665
BRA026082	AT1G16060	85.1	3.2e-202	557
BRA026084	AT1G16030	93.5	0	1180
BRA026085	AT1G16010	94.6	2.43e-285	776
BRA026086	AT1G15990	93.3	0	1298
BRA026087	AT1G15980	89.5	7.4e-309	837
BRA026090	AT1G15950	93.9	1.45e-235	642
BRA026094	AT1G15890	66.9	0	1082
BRA026096	AT1G15870	81.5	1.26e-140	393
BRA026098	AT1G15825	67.7	1.83e-29	113
BRA026099	AT1G15820	94.6	1.39e-177	488
BRA026100	AT1G15810	61.7	2.03e-149	430
BRA026101	AT1G15800	77.5	6.24e-80	237
BRA026107	AT1G44414	87.1	2.57e-67	198
BRA026110	AT1G15760	79.8	3.02e-110	313
BRA026113	AT1G15740	96.2	2.36e-146	434
BRA026114	AT1G15730	83.6	2.42e-241	665
BRA026117	AT1G15660	57.3	4.91e-199	578
BRA026119	AT1G15600	59.3	2.03e-71	221
BRA026120	AT1G15570	81.6	1.66e-251	692
BRA026122	AT1G15550	88.9	6.7e-240	654
BRA026123	AT1G15540	86.2	5.43e-211	578
BRA026124	AT1G15520	94	0	2654
BRA026125	AT1G15510	90.1	0	1592
BRA026126	AT1G15500	92.2	0	1095
BRA026127	AT1G15490	86.8	0	1059
BRA026128	AT1G15480	72.6	1.52e-295	828
BRA026131	AT1G15420	78.4	1.47e-122	350
BRA026132	AT1G15415	76.4	1.52e-46	144
BRA026133	AT1G15410	83.5	5.36e-196	540
BRA026138	AT1G15380	88.5	1.35e-113	319
BRA026139	AT1G15370	95.9	1.89e-100	284
BRA026142	AT1G15350	78.4	3.5e-84	243
BRA026143	AT1G15330	72.8	4.02e-179	499
BRA026144	AT1G15320	81.4	3.19e-149	420
BRA026147	AT1G15290	77	0	2034
BRA026151	AT1G15260	73.4	8.43e-88	254
BRA026153	AT1G15230	72	2.7e-68	203
BRA026155	AT1G15215	75	2.65e-131	371
BRA026156	AT1G15210	89.4	0	2589
BRA026158	AT1G15200	70.8	5.98e-193	542
BRA026159	AT1G15190	69.2	3.79e-104	301
BRA026160	AT1G15170	84.8	1.46e-293	800
BRA026162	AT1G15130	85.4	0	1340
BRA026163	AT1G15125	81.9	1.24e-206	571
BRA026164	AT1G15120	62.1	1.64e-42	136
BRA026165	AT1G15100	77.7	1.32e-67	201
BRA026166	AT1G15050	63.2	1.14e-63	193
BRA026168	AT1G15030	72.9	1.56e-169	474
BRA026170	AT1G15010	72.5	2.48e-67	200
BRA026171	AT1G15000	87.4	4.7e-283	771
BRA026176	AT1G14960	83	1.35e-96	275
BRA026179	AT1G14910	81.9	3.98998e-319	885
BRA026182	AT1G14860	89.1	7.76e-112	315
BRA026186	AT1G14810	93.9	2.8e-254	692
BRA026187	AT1G14790	86.8	0	1927
BRA026189	AT1G14770	60.4	1.59e-165	470
BRA026190	AT1G14760	77.3	1.94e-46	147
BRA026191	AT1G14750	70.2	8.82e-245	684
BRA026192	AT1G14740	82.6	0	1081
BRA026194	AT1G14710	65.4	5.18e-261	728
BRA026195	AT1G14686	80.5	7.35e-155	438
BRA026197	AT1G14660	86.9	0	1254
BRA026199	AT1G14630	79.7	1.41e-117	333
BRA026200	AT1G14610	88.4	0	1968
BRA026205	AT1G14570	83.6	2.27e-251	692
BRA026207	AT1G14540	90.9	2.46e-200	550
BRA026208	AT1G14530	93	3.34e-190	523
BRA026209	AT1G14520	88.2	2.65e-196	541
BRA026215	AT1G14480	70.7	1.59e-176	499
BRA026217	AT1G14460	69.9	0	1349
BRA026218	AT1G14450	93.2	1.41e-45	140
BRA026223	AT1G14390	87.1	0	1023
BRA026228	AT1G30650	75.2	2.68e-206	573
BRA026229	AT1G30690	69.6	1.47e-227	637
BRA026231	AT4G17170	99.1	5.13e-152	419
BRA026232	AT4G17180	89.4	0	870
BRA026233	AT4G17210	73.7	2.06e-221	621
BRA026234	AT4G06599	84.2	6.09e-203	559
BRA026236	AT4G17220	84.2	7.62e-262	722
BRA026237	AT4G17230	87.1	0	919
BRA026238	AT4G17240	84.8	6.31e-186	516
BRA026239	AT2G31290	85.3	9.94e-256	699
BRA026242	AT4G17280	91.8	6.6e-254	692
BRA026245	AT4G17340	96.8	8.62e-168	462
BRA026246	AT4G17350	87.6	1.71e-242	664
BRA026247	AT4G17360	94.5	8.39e-230	626
BRA026248	AT4G17410	71.3	0	988
BRA026250	AT4G17420	94.4	1.56e-192	528
BRA026251	AT4G17430	81	3.17e-307	837
BRA026255	AT4G17460	89.4	2.4e-165	459
BRA026257	AT4G17480	70.2	6.01e-149	419
BRA026260	AT4G28380	88.9	5.83e-144	414
BRA026265	AT4G28330	89.9	2.57e-90	264
BRA026266	AT4G28320	87	1.34e-294	798
BRA026268	AT4G28300	75.4	3.43e-203	572
BRA026270	AT4G28280	85.6	2.1e-94	270
BRA026271	AT4G28270	81.6	1.4e-118	333
BRA026272	AT4G28250	92.7	2.14e-182	501
BRA026274	AT4G28230	72.5	4.76e-170	480
BRA026276	AT4G28190	79.1	3e-159	441
BRA026277	AT4G28180	52.5	1.93e-40	139
BRA026278	AT4G28170	62	3.03e-28	99.4
BRA026281	AT4G28110	84	1.87e-168	467
BRA026282	AT4G28100	87.5	4.37e-192	528
BRA026283	AT4G28088	96.1	1.71e-52	157
BRA026284	AT4G28085	75	2.19e-30	102
BRA026286	AT4G28070	91.2	4.97e-307	833
BRA026287	AT5G57815	96.2	5.86e-58	171
BRA026288	AT4G28050	89.4	1.45e-184	506
BRA026289	AT4G28040	86.4	4.65e-222	609
BRA026290	AT4G28025	78.8	2.99e-72	219
BRA026298	AT4G27940	80	1.98e-241	663
BRA026299	AT4G27920	80.4	5.71e-106	301
BRA026302	AT4G27870	61.5	2.06e-282	796
BRA026303	AT4G27860	55.7	9.28e-195	560
BRA026305	AT4G27810	84.3	2.53e-110	313
BRA026306	AT4G27790	86.2	1.5e-216	594
BRA026307	AT4G27780	83.7	2.27e-171	481
BRA026308	AT4G27760	89.9	7.04e-250	681
BRA026309	AT4G27750	94.8	1.71e-206	565
BRA026310	AT4G27745	95.3	2.59e-71	214
BRA026311	AT4G27730	96.1	0	1434
BRA026313	AT4G27720	93.9	9.61002e-319	862
BRA026314	AT4G27700	86	5.64e-131	367
BRA026315	AT4G27690	94.7	7.36e-216	588
BRA026317	AT4G27670	89.4	7.28e-111	317
BRA026323	AT4G27657	87.1	1.77e-34	110
BRA026325	AT1G54520	75.8	1.25e-186	521
BRA026330	AT4G27630	91.7	9.84e-310	841
BRA026331	AT4G27620	78.5	4.67e-171	477
BRA026332	AT1G77405	90.5	8.65e-243	669
BRA026334	AT4G27610	79.9	3.35e-179	498
BRA026335	AT4G27600	83.4	1.48e-267	733
BRA026336	AT4G27590	84.5	5.53e-78	234
BRA026340	AT4G27540	90.9	5.34e-131	369
BRA026341	AT4G27520	66.1	4.47e-65	208
BRA026342	AT4G27510	64.4	1.1e-307	856
BRA026343	AT4G27500	67	9.41e-251	703
BRA026344	AT4G27490	92.6	1.04e-169	468
BRA026346	AT4G27470	81.4	1.16e-139	391
BRA026347	AT4G27460	80.5	1.53e-212	587
BRA026349	AT4G27440	94.4	4.26e-261	711
BRA026350	AT4G27435	96	2.74e-117	328
BRA026351	AT4G27430	73.3	0	1252
BRA026355	AT4G27370	64.2	0	1467
BRA026356	AT4G27360	90.6	6.11e-62	183
BRA026357	AT4G27350	89	4.56e-178	491
BRA026358	AT4G27340	88.5	0	1055
BRA026359	AT4G27330	65.2	5.4e-119	345
BRA026362	AT4G27300	83.8	1.52e-290	805
BRA026363	AT4G27290	84.5	0	1429
BRA026366	AT4G27240	80.1	2.12e-225	623
BRA026367	AT4G27230	97.7	8.37e-83	238
BRA026368	AT4G27190	65.5	0	1201
BRA026371	AT4G27180	82.1	0	1102
BRA026376	AT4G27130	99.1	5.4e-77	222
BRA026377	AT4G27120	84.5	1.91e-97	288
BRA026379	AT4G27100	89.8	1.5e-295	801
BRA026382	AT4G27060	75.9	0	1385
BRA026385	AT4G27020	92.4	0	945
BRA026386	AT4G27010	70.8	0	3369
BRA026388	AT4G26990	67.8	1.04e-199	561
BRA026391	AT5G62370	80.1	2.53e-318	901
BRA026395	AT4G26890	75.8	4.76e-224	622
BRA026396	AT4G26860	88.6	1.89e-159	441
BRA026398	AT4G26850	90.5	1.19e-296	804
BRA026400	AT4G26810	92.2	1.03e-63	187
BRA026401	AT4G26800	59.4	2.27e-46	169
BRA026402	AT4G26790	88.6	1.7e-236	645
BRA026404	AT4G26770	78.3	2.5e-251	690
BRA026406	AT4G26750	77	3.65e-203	566
BRA026407	AT4G26740	92.7	2.83e-175	481
BRA026408	AT4G26700	90.8	0	1160
BRA026409	AT4G26690	79.4	0	1166
BRA026412	AT4G26670	83.4	6.99e-113	320
BRA026415	AT4G26630	60.7	7.65e-111	356
BRA026416	AT4G26620	87.9	1.61e-193	538
BRA026417	AT4G26610	85	7.68e-304	828
BRA026418	AT4G26600	69.9	6.9e-270	756
BRA026419	AT4G26590	87.7	0	1374
BRA026420	AT4G26580	83.4	1.66e-205	565
BRA026423	AT4G26550	92	7.79e-136	380
BRA026425	AT4G26540	85.9	1.98e-272	788
BRA026426	AT4G26530	94.7	2.45e-244	665
BRA026427	AT4G26510	93.2	0	894
BRA026428	AT4G26500	80.3	1.24e-194	540
BRA026429	AT4G26490	76.6	5.13e-133	376
BRA026430	AT4G26485	82.2	6.46e-123	346
BRA026431	AT4G26480	94.4	1.04e-194	536
BRA026432	AT4G26470	90.5	3.45e-141	396
BRA026434	AT4G26455	60.6	7.33e-161	464
BRA026438	AT4G26440	68.6	5.49e-247	688
BRA026439	AT4G26430	86.5	1.12e-199	549
BRA026440	AT4G26420	77.5	9.41e-203	561
BRA026443	AT4G26410	85.2	1.07e-144	405
BRA026444	AT4G26400	72.9	9.81e-161	454
BRA026445	AT4G26370	91.4	1.07e-192	530
BRA026446	AT4G26340	64.5	1.23e-176	499
BRA026448	AT4G26320	86.4	2.95e-25	87.4
BRA026449	AT4G26300	86.5	0	1061
BRA026450	AT4G26280	79.8	3.19e-192	530
BRA026452	AT4G26270	97.1	0	960
BRA026453	AT4G26220	86.5	1.37e-141	401
BRA026456	AT4G26200	95.1	2.84e-318	860
BRA026457	AT4G26180	92.4	3.75e-217	594
BRA026460	AT4G26160	77.8	1.59e-106	305
BRA026463	AT5G24260	87.3	0	1334
BRA026465	AT5G24150	84.3	2.47e-315	858
BRA026468	AT5G24100	78.2	1.03e-266	743
BRA026469	AT5G24090	85.1	1.89e-199	547
BRA026472	AT5G23970	78	3.71e-233	643
BRA026474	AT5G23950	80.7	3.71e-81	243
BRA026475	AT5G23920	87.9	8.5e-144	400
BRA026481	AT5G23810	82.8	1.9e-287	783
BRA026485	AT5G23730	97	3.06e-147	413
BRA026490	AT5G23575	91.9	0	1106
BRA026493	AT5G23535	99.4	1.11e-116	326
BRA026494	AT5G23530	82.4	4.14e-213	584
BRA026498	AT5G23420	75.4	1.4e-76	231
BRA026501	AT5G23380	55.7	4.58e-102	300
BRA026504	AT5G23300	93.7	1.51e-312	846
BRA026509	AT3G25730	77.7	7.4e-167	467
BRA026510	AT3G25710	82.2	7.01e-184	511
BRA026511	AT3G25700	87.4	5.16e-291	791
BRA026513	AT3G25640	87.7	1.09e-145	409
BRA026514	AT3G25620	90.9	0	1185
BRA026515	AT3G25610	94.8	0	2232
BRA026516	AT3G25597	79.9	2.08e-80	234
BRA026521	AT3G25545	82.2	2.19e-149	417
BRA026522	AT3G25540	83.3	4.42e-187	516
BRA026526	AT2G04025	59.3	2.49e-26	92.8
BRA026531	AT2G03840	79.8	3.6e-144	403
BRA026532	AT2G03830	55.9	2.72e-25	91.7
BRA026541	AT2G03740	68.8	9.99e-43	141
BRA026542	AT2G03730	91.7	1.33e-297	808
BRA026547	AT2G03590	94.1	6.03e-268	728
BRA026548	AT2G03500	83.8	3.06e-210	585
BRA026550	AT2G03450	81.8	0	1107
BRA026552	AT2G03420	85.6	6.98e-106	300
BRA026553	AT2G03350	96.1	1.7e-123	345
BRA026554	AT2G03340	75.6	1.01e-251	695
BRA026555	AT2G03030	70.1	2.16e-83	246
BRA026558	AT2G03300	79.7	1.45e-83	245
BRA026561	AT5G67090	80.6	0	1180
BRA026569	AT2G03090	95.3	2.82e-172	473
BRA026570	AT2G02990	87.8	1.02e-158	438
BRA026571	AT2G02980	80.9	0	980
BRA026573	AT2G02910	83.4	1.39e-301	820
BRA026574	AT2G02880	80.8	2.39e-171	477
BRA026577	AT2G02850	84.5	1.83e-78	227
BRA026578	AT2G02820	81.6	6.99e-250	689
BRA026580	AT2G02800	83.4	9.02e-279	761
BRA026581	AT2G02790	73.7	4.64e-235	662
BRA026583	AT2G02720	84.1	8.02e-295	801
BRA026585	AT2G02570	85.6	3.06e-176	488
BRA026586	AT2G02560	95.4	0	2197
BRA026589	AT2G02540	63.5	3.14e-103	303
BRA026590	AT2G02510	98.6	6.69e-50	150
BRA026591	AT2G02500	90.3	6.57e-168	466
BRA026598	AT5G18020	84.7	7.52e-53	159
BRA026600	AT2G02400	88.8	2.54e-213	583
BRA026607	AT1G79890	81.7	0	1302
BRA026609	AT2G02230	66.6	3.25e-147	417
BRA026610	AT2G02220	76.8	0	1007
BRA026611	AT2G02180	93.7	6.94e-205	561
BRA026613	AT2G02160	65.7	1.37e-216	618
BRA026618	AT2G02060	67.4	5.38e-89	264
BRA026620	AT2G02020	76.8	2.36e-314	857
BRA026621	AT2G02010	95.7	0	949
BRA026622	AT2G01990	79.6	1.17e-106	305
BRA026626	AT2G01900	82.7	5.27e-267	728
BRA026627	AT2G01880	87.7	3.94e-210	576
BRA026630	AT2G01850	88	3.11e-223	610
BRA026634	AT2G01770	91.6	1.63e-156	434
BRA026635	AT2G01760	66.5	1.3e-163	464
BRA026637	AT2G01730	90.7	0	1133
BRA026638	AT2G01720	90.3	1.42e-305	829
BRA026639	AT2G01710	78.3	4.62e-172	480
BRA026641	AT2G01690	91.1	0	1221
BRA026643	AT2G01640	78.3	6.25e-74	218
BRA026644	AT2G01630	93	0	910
BRA026645	AT2G01620	77	5.13e-148	416
BRA026649	AT2G01590	69.8	2.17e-71	212
BRA026653	AT2G01520	92.1	2.46e-107	301
BRA026659	AT2G01490	89	2.48e-190	522
BRA026663	AT5G50550	74.7	4.95e-191	533
BRA026664	AT2G01460	93.6	0	1728
BRA026669	AT2G01420	88.9	0	945
BRA026670	AT2G01400	78.9	2.2e-72	213
BRA026671	AT2G01350	90.1	4.03e-221	606
BRA026672	AT2G01340	82.4	1.18e-110	315
BRA026674	AT1G17310	69.3	1.06e-96	280
BRA026676	AT1G17285	72.2	3.88e-35	117
BRA026684	AT1G17180	85.4	1e-142	397
BRA026686	AT1G17140	76.9	1.12e-131	379
BRA026687	AT1G17130	87.6	3.8e-192	531
BRA026688	AT1G17120	93.3	0	1055
BRA026689	AT1G17090	75.8	2.94e-38	122
BRA026691	AT1G17070	84.8	0	1358
BRA026693	AT1G17020	86	8.92e-231	631
BRA026697	AT1G16940	54.4	1.07e-148	429
BRA026699	AT1G16916	79.7	1.11e-30	102
BRA026702	AT1G16840	85.3	4.31e-76	223
BRA026706	AT1G16800	82.5	0	3459
BRA026708	AT1G16710	73.6	0	2269
BRA026712	AT1G16610	74	8.65e-61	202
BRA026713	AT1G16590	86.1	2.77e-122	344
BRA026714	AT1G16570	88.4	1.11002e-319	866
BRA026715	AT1G16560	85.8	1.7e-232	634
BRA026716	AT1G16530	80	3.87e-97	277
BRA026718	AT1G16500	63.9	1.73e-90	267
BRA026720	AT1G16490	78.3	1.44e-147	414
BRA026721	AT1G16445	75.7	1.07e-149	420
BRA026722	AT1G16360	93.4	1.04e-214	603
BRA026724	AT1G16280	86.8	9.32e-292	796
BRA026727	AT1G16240	89.1	3.96e-137	384
BRA026729	AT1G16180	94.9	7.14e-292	790
BRA026730	AT1G16170	82.8	8.29e-49	149
BRA026731	AT1G16160	75.3	0	1081
BRA026732	AT1G16150	80.2	0	1235
BRA026733	AT1G16080	89.8	1.17e-202	556
BRA026734	AT1G16040	69	2.88e-119	338
BRA026735	AT1G16020	83.4	7.57e-297	810
BRA026738	AT1G15940	59.9	8.53e-240	702
BRA026741	AT1G15880	96	6.54e-143	397
BRA026742	AT1G15860	84.5	2.63e-137	384
BRA026750	AT1G15757	62.1	2.78e-26	92
BRA026751	AT1G15750	96.8	0	2174
BRA026752	AT1G15710	90	1.5e-224	615
BRA026753	AT1G15670	79.7	1.22e-219	603
BRA026755	AT1G15580	82.4	1.39e-92	265
BRA026758	AT1G15530	83.7	0	1086
BRA026761	AT1G15430	73	2.32e-132	373
BRA026765	AT1G15400	81.4	1.98e-69	205
BRA026766	AT1G15390	86.9	7.21e-160	444
BRA026774	AT1G15270	95.3	3.37e-33	107
BRA026776	AT1G15240	80.9	0	1539
BRA026780	AT1G15110	85.5	3.36e-43	147
BRA026782	AT1G15080	93.1	5.28e-206	563
BRA026784	AT1G15040	82.3	9.8e-220	605
BRA026786	AT1G15020	84.6	0	927
BRA026788	AT1G14990	89.3	1.86e-84	242
BRA026790	AT1G14970	88.1	0	996
BRA026796	AT1G14870	86.8	1.36e-102	290
BRA026798	AT1G14850	90	0	2537
BRA026800	AT1G14840	88.3	1.54e-301	830
BRA026801	AT1G14830	97.6	0	1170
BRA026803	AT1G14820	83.3	4.71e-146	408
BRA026804	AT1G14780	88.6	0	1142
BRA026808	AT1G14730	94.2	4.16e-153	423
BRA026809	AT1G14720	87.7	5.9e-215	588
BRA026811	AT1G14690	86.3	0	963
BRA026812	AT1G14687	83.7	2.45e-89	258
BRA026813	AT1G14685	84.8	2.19e-157	439
BRA026818	AT1G14600	64.1	1.55e-99	290
BRA026819	AT1G14580	82.6	3.59e-242	669
BRA026826	AT1G14500	80.8	1.02e-210	586
BRA026828	AT1G14453	74.2	3.08e-10	52.4
BRA026830	AT1G14440	84.9	1.54e-160	449
BRA026831	AT1G14430	88.3	0	1025
BRA026832	AT1G14420	83.4	1.24e-300	816
BRA026833	AT1G14400	100	1.21e-112	315
BRA026834	AT1G14370	86.7	6.47e-250	685
BRA026838	AT1G14330	75.1	7.58e-221	611
BRA026840	AT1G14260	74.8	3.21e-131	371
BRA026846	AT1G14220	74.2	5.21e-135	378
BRA026847	AT1G14210	85.7	3.66e-169	466
BRA026848	AT1G14205	89.1	9.74e-101	286
BRA026850	AT1G14190	88.1	0	898
BRA026851	AT1G14180	75.6	1.23e-182	507
BRA026852	AT1G14170	86.8	2.44e-293	800
BRA026853	AT1G14160	88.6	7.6e-106	302
BRA026855	AT1G14140	87	2.01e-192	530
BRA026859	AT1G14100	80.9	9.6e-305	831
BRA026865	AT1G14030	86.2	4.04e-304	827
BRA026866	AT1G14010	84.4	6.03e-131	366
BRA026867	AT1G14000	91.7	7.56e-309	836
BRA026874	AT1G13900	84.8	0	1173
BRA026880	AT1G13830	70.8	1.05e-66	202
BRA026881	AT1G13810	66.3	7.09e-150	421
BRA026886	AT1G13780	58.7	7.21e-163	468
BRA026890	AT1G13750	87.5	0	1138
BRA026891	AT1G13740	72.8	1.58e-153	433
BRA026893	AT1G13700	90.3	1.55e-179	494
BRA026896	AT1G13600	80.5	4.45e-69	208
BRA026897	AT1G13590	78	2.02e-38	122
BRA026898	AT1G13580	95.5	9.3e-217	591
BRA026899	AT1G13560	90.2	1.04e-252	689
BRA026900	AT1G13550	83.7	7.85e-248	677
BRA026902	AT1G13470	76.8	2.48e-218	601
BRA026904	AT3G04120	96.2	2.75e-240	653
BRA026916	AT1G13270	87.9	2.19e-234	641
BRA026919	AT1G13210	92.2	0	2182
BRA026921	AT1G13160	76.5	0	1009
BRA026928	AT1G13120	78.1	1e-269	751
BRA026930	AT1G13110	85.7	0	876
BRA026932	AT1G13790	67.3	0	894
BRA026933	AT1G13100	80.2	2.26e-288	788
BRA026936	AT1G13090	79.5	5.56e-289	789
BRA026937	AT1G13080	83.3	1.38e-313	853
BRA026944	AT1G12970	84.2	1.43e-127	377
BRA026945	AT1G12950	80.7	1.22e-279	766
BRA026946	AT1G12930	90.8	0	1750
BRA026947	AT1G12910	98.3	1.07e-255	694
BRA026949	AT1G12890	63.2	1e-84	250
BRA026957	AT1G12700	69.4	1.26e-70	239
BRA026959	AT1G12680	90.5	6.03e-305	828
BRA026962	AT1G12650	65	4.56e-78	234
BRA026963	AT1G12610	76.2	2.91e-108	308
BRA026964	AT1G12580	86.3	0	887
BRA026970	AT1G12440	78	3.96e-86	249
BRA026973	AT1G12380	87.2	0	1281
BRA026974	AT1G12360	96.1	0	1246
BRA026975	AT1G12320	84.9	1.09e-130	366
BRA026977	AT1G12210	64.4	0	1082
BRA026979	AT1G12290	73.2	0	1287
BRA026982	AT1G12250	89.2	7.66e-116	333
BRA026983	AT1G12244	82.4	1.66e-133	375
BRA026986	AT1G12200	91.2	0	875
BRA026987	AT1G12150	88.1	2.47e-222	642
BRA026988	AT1G12140	81.6	4.37e-289	787
BRA026994	AT1G12070	87.1	1.41e-137	384
BRA026997	AT1G63120	88.7	9.82e-208	569
BRA026998	AT1G63110	88	7.05e-293	798
BRA027001	AT1G63050	93.4	0	875
BRA027005	AT1G63000	94	3.88e-209	571
BRA027007	AT1G62970	61.5	1.04e-146	448
BRA027008	AT1G62960	80.1	0	884
BRA027011	AT3G46560	95.7	1.53e-60	179
BRA027013	AT1G62850	85.1	4.02e-124	351
BRA027014	AT1G62830	86.7	0	1117
BRA027016	AT1G62790	69.4	4.8e-61	184
BRA027017	AT1G62780	89	1.75e-142	397
BRA027019	AT1G62770	86.3	6.68e-117	330
BRA027020	AT1G62760	75.7	8.53e-83	248
BRA027021	AT1G62750	95.3	0	1451
BRA027022	AT1G62740	87.4	4.79e-314	859
BRA027023	AT1G62730	89.5	1.68e-199	547
BRA027024	AT1G62700	76.6	8.85e-207	573
BRA027030	AT1G62660	86.1	0	1170
BRA027031	AT1G62640	92.8	2.9e-273	742
BRA027032	AT1G62600	77.7	9.04e-259	708
BRA027035	AT1G62540	78.8	1.78e-278	761
BRA027038	AT1G62520	79.5	6.63e-146	409
BRA027040	AT1G62500	76.4	4.99e-63	201
BRA027042	AT1G62480	61.7	2.27e-07	48.1
BRA027043	AT1G62450	88.8	2.55e-140	391
BRA027044	AT1G62440	89	1.79e-159	480
BRA027046	AT1G62430	93.8	8.93e-288	780
BRA027049	AT1G62380	91.6	3.12e-221	603
BRA027050	AT1G62360	85.8	8.78e-234	640
BRA027051	AT1G62330	89.8	0	1169
BRA027052	AT1G62320	88.3	0	1305
BRA027055	AT1G62310	75.8	0	1151
BRA027057	AT1G62300	81	7.84e-293	804
BRA027058	AT1G62280	83.6	5.51e-226	621
BRA027061	AT1G62060	52.6	1.58e-15	68.6
BRA027062	AT1G62260	83.7	2.44e-194	562
BRA027067	AT1G62045	83.8	4.64e-32	105
BRA027069	AT1G62120	66.8	4.92e-166	473
BRA027071	AT1G61930	77.8	5.44e-103	295
BRA027072	AT1G61900	87.1	6.25e-275	749
BRA027073	AT1G61890	94	0	914
BRA027074	AT1G61850	93.2	0	2268
BRA027076	AT1G61780	95.9	2.66e-70	204
BRA027078	AT1G61730	63.1	5.38e-105	313
BRA027081	AT1G61566	71.6	1.15e-30	102
BRA027083	AT1G61520	93.8	8.68e-188	515
BRA027088	AT1G61390	83	0	1374
BRA027089	AT1G61370	82.8	0	1357
BRA027090	AT1G61350	84.8	0	923
BRA027091	AT1G61260	67.7	1.57e-124	361
BRA027092	AT1G61255	61.7	4.84e-44	141
BRA027093	AT1G61250	88.7	2.71e-168	467
BRA027095	AT1G57570	73.7	0	898
BRA027098	AT1G61120	76.6	0	1163
BRA027101	AT1G61110	94.4	5.69e-213	583
BRA027102	AT1G61105	83.2	7.5e-109	309
BRA027106	AT1G60980	77.4	1.21e-214	592
BRA027107	AT1G60970	91.5	1.39e-112	317
BRA027121	AT1G60890	87.4	0	1030
BRA027122	AT4G11170	62.5	0	979
BRA027124	AT1G60860	85.8	0	1276
BRA027125	AT1G60850	80.7	4.66e-218	600
BRA027127	AT1G60810	96	6.71e-300	811
BRA027128	AT1G60790	83.3	0	916
BRA027129	AT1G60783	61.8	5.72e-38	123
BRA027131	AT1G60770	87.8	5.42e-262	721
BRA027132	AT1G60760	63.2	4.4e-68	204
BRA027140	AT1G60710	84.1	3.63e-216	592
BRA027143	AT1G60670	85.2	1.9e-135	381
BRA027148	AT1G60590	86.1	0	904
BRA027150	AT1G60550	89.6	5.74e-219	599
BRA027151	AT1G60500	82.9	0	1056
BRA027152	AT1G60490	92.8	0	1318
BRA027156	AT1G60470	92.5	1.3e-236	644
BRA027158	AT1G60440	87.4	4.14e-239	662
BRA027161	AT1G60390	89.3	3.21e-224	636
BRA027163	AT1G60230	88.7	9.06e-289	792
BRA027164	AT1G60220	64.6	6.53e-250	697
BRA027167	AT3G16380	58	1.3e-185	530
BRA027168	AT3G16370	88.7	1.73e-228	625
BRA027169	AT3G16360	89.7	5.49e-73	213
BRA027170	AT3G16350	79.8	1.63e-188	526
BRA027172	AT3G16330	82.2	1.99e-117	332
BRA027173	AT3G16320	78.1	0	982
BRA027174	AT3G16310	88.9	1.02e-209	575
BRA027175	AT3G16300	84.8	5.82e-119	336
BRA027176	AT3G16290	96.2	0	900
BRA027177	AT3G16280	70.9	1.12e-74	226
BRA027178	AT3G16270	87.9	0	1167
BRA027179	AT3G16260	85.4	0	1513
BRA027181	AT3G16240	96.4	1.47e-163	452
BRA027182	AT3G16210	71.2	2.15e-189	526
BRA027183	AT3G16200	90.7	0	875
BRA027184	AT3G16190	87.2	1.51e-123	346
BRA027185	AT3G16180	88.7	0	1015
BRA027186	AT3G16170	86.1	0	1032
BRA027187	AT3G16150	93.8	1.09e-221	605
BRA027188	AT3G16140	92.4	1.38e-92	264
BRA027189	AT3G16130	76.6	5.15e-277	763
BRA027190	AT3G16120	90.3	1.48e-58	174
BRA027193	AT3G16070	82.2	1.29e-84	244
BRA027195	AT3G16030	78.4	0	1337
BRA027197	AT3G15990	92.7	0	1174
BRA027199	AT4G14540	84.8	7.37e-82	238
BRA027204	AT3G15840	93.7	4.33e-188	515
BRA027205	AT3G15820	80.7	4.8e-165	459
BRA027208	AT3G15760	79.3	1.95e-66	197
BRA027209	AT3G15730	94.1	0	1599
BRA027217	AT3G15690	79	2.11e-131	372
BRA027219	AT3G15670	82.5	4.74e-16	73.9
BRA027220	AT3G15660	88.1	1.64e-103	293
BRA027226	AT3G15590	76.9	0	915
BRA027227	AT3G15580	94.8	1.48e-75	218
BRA027229	AT3G15550	76.8	0	1026
BRA027233	AT3G15534	94.1	1.15e-46	142
BRA027234	AT3G15530	96.9	1.57e-198	543
BRA027235	AT3G15520	85.9	1.06e-277	759
BRA027236	AT3G15518	87.7	5.17e-65	191
BRA027237	AT3G15510	84.7	3.98e-206	568
BRA027238	AT3G15500	81.7	3.93e-197	543
BRA027239	AT3G15490	62.2	7.3e-74	223
BRA027240	AT3G15480	90.3	2.51e-114	321
BRA027242	AT3G15470	80.2	0	1075
BRA027243	AT3G15450	88.9	1.88e-168	464
BRA027244	AT3G15430	91.2	0	876
BRA027245	AT3G15410	88.3	4.53e-185	533
BRA027246	AT3G15400	66.7	1.7e-15	76.6
BRA027247	AT3G15390	73.1	6.3e-228	634
BRA027248	AT3G15380	94.2	0	1324
BRA027250	AT3G15360	85.1	1.04e-110	313
BRA027251	AT3G15357	67	5.15e-35	118
BRA027254	AT3G15353	72.1	4.55e-26	90.1
BRA027256	AT3G15358	94.4	3.55e-99	280
BRA027257	AT3G16530	83.7	2.92e-172	476
BRA027259	AT3G15354	84.1	0	1276
BRA027260	AT3G15350	89	1.31e-284	773
BRA027262	AT3G15300	85.8	1.16e-110	316
BRA027263	AT3G15290	90.8	4.94e-189	520
BRA027264	AT3G15280	68.6	9.52e-50	156
BRA027265	AT3G15270	82.3	2.81e-102	291
BRA027266	AT3G15260	94.1	1.75e-193	531
BRA027267	AT3G15250	61.1	1.17e-62	193
BRA027268	AT3G15240	89.9	5.24e-220	603
BRA027269	AT3G15220	84.6	0	1092
BRA027272	AT3G15200	78.7	7.66e-220	617
BRA027273	AT3G15190	86	4e-102	293
BRA027274	AT3G15180	81.3	2.22e-304	832
BRA027275	AT3G15150	67.5	1.6e-129	367
BRA027276	AT3G15140	82.2	3.11e-201	554
BRA027278	AT3G15110	73.2	1.06e-124	355
BRA027279	AT3G15095	67.2	3.76e-201	580
BRA027280	AT3G15090	88.5	1.22e-234	641
BRA027281	AT3G15080	88.3	2.22e-159	443
BRA027282	AT3G15070	63.4	3.38e-195	550
BRA027283	AT3G15040	70	2.78e-100	290
BRA027284	AT3G15030	73.5	8.62e-172	486
BRA027285	AT3G15000	90.3	7.84e-141	406
BRA027286	AT3G14990	92.6	6.89e-259	705
BRA027290	AT3G14980	69.1	0	1474
BRA027292	AT3G14950	63.2	4.52e-287	804
BRA027294	AT3G14910	93.8	1.36e-305	848
BRA027295	AT3G14900	85.1	0	1006
BRA027296	AT3G14890	69.3	1.81e-289	803
BRA027297	AT3G14880	83.6	6.39e-140	391
BRA027298	AT3G14870	75.6	3.55e-238	657
BRA027308	AT3G14830	82.4	2.78e-280	765
BRA027310	AT3G14790	95.5	0	1298
BRA027313	AT3G14750	76.8	1.73e-125	362
BRA027316	AT3G14740	77.6	3.08e-191	529
BRA027318	AT3G14700	63.7	1.18e-72	218
BRA027320	AT3G14690	87.5	0	931
BRA027322	AT3G14630	84.4	0	894
BRA027323	AT3G14620	86.9	0	874
BRA027324	AT3G14610	87	0	913
BRA027325	AT1G29970	83.6	1.16e-140	398
BRA027327	AT3G14580	75.2	2.22e-109	327
BRA027328	AT3G14570	92.6	0	3621
BRA027329	AT3G14560	77.7	1.4e-78	229
BRA027330	AT3G14530	84.6	2.74e-207	572
BRA027332	AT3G14470	83.5	0	1649
BRA027333	AT3G14460	76.5	0	1993
BRA027340	AT3G14410	96.4	3.5e-223	610
BRA027341	AT3G14400	73.4	0	908
BRA027343	AT3G14380	66.3	3.29e-73	217
BRA027344	AT3G14370	93.9	0	881
BRA027346	AT3G14360	79.9	1.07e-311	849
BRA027347	AT3G14350	83.4	0	1070
BRA027350	AT3G14310	92.1	0	1053
BRA027351	AT3G14280	81.1	7.62e-75	219
BRA027352	AT3G14250	75.5	8.92e-163	454
BRA027355	AT3G14230	75	2.27e-188	525
BRA027357	AT3G14225	83	1.08e-235	645
BRA027358	AT3G14210	79.3	9.94e-221	608
BRA027362	AT3G14205	86.9	0	1372
BRA027367	AT3G14172	72.8	0	1539
BRA027368	AT3G14170	78.3	5.55e-265	730
BRA027369	AT3G14160	63.3	1.25e-187	530
BRA027371	AT3G14120	88.1	0	1939
BRA027372	AT3G14110	81.7	3.56e-175	486
BRA027373	AT3G14090	82.1	0	961
BRA027375	AT3G14070	84.7	0	1091
BRA027376	AT3G14067	92.7	0	1416
BRA027377	AT3G14050	85.2	0	1167
BRA027378	AT3G13840	76.8	4.87e-277	761
BRA027380	AT3G13990	71.1	0	1123
BRA027382	AT1G54210	94.3	7.94e-58	172
BRA027384	AT3G13960	72.8	6.29e-155	442
BRA027385	AT3G13950	77.7	1.01e-97	282
BRA027388	AT3G13910	68.7	7.93e-37	119
BRA027393	AT3G13845	82.9	2.41e-24	85.9
BRA027398	AT3G13784	82.3	4.48e-307	838
BRA027399	AT3G13782	81.6	2.6e-136	387
BRA027400	AT3G13780	69.4	3.43e-86	260
BRA027401	AT3G13772	98.6	0	1259
BRA027402	AT3G13770	84.8	0	1078
BRA027403	AT3G13750	96.7	0	1728
BRA027404	AT3G13740	88.5	1.62e-146	409
BRA027406	AT3G13720	74.3	6.55e-87	253
BRA027407	AT3G13700	68.5	2.79e-119	342
BRA027409	AT3G13670	89.2	0	1134
BRA027410	AT3G13650	83.5	5.47e-108	306
BRA027411	AT3G13620	90.3	1.64e-314	853
BRA027412	AT3G13610	89.2	3.6e-243	662
BRA027414	AT3G13600	83.7	0	959
BRA027421	AT3G13560	85.4	9.63e-313	850
BRA027422	AT3G13550	92.9	2.32e-125	350
BRA027423	AT3G13540	81.3	3.66e-138	388
BRA027425	AT3G13520	88.5	1.34e-24	85.9
BRA027426	AT3G13510	88.4	2.36e-285	774
BRA027427	AT3G13500	58.1	1.46e-21	80.9
BRA027429	AT3G13490	86.8	0	943
BRA027430	AT3G13480	66.7	2.18e-60	184
BRA027432	AT3G13460	79.1	0	936
BRA027434	AT3G13445	97.5	1.17e-138	385
BRA027436	AT3G13430	67	9.15e-138	392
BRA027437	AT3G13420	69.6	1.24e-108	315
BRA027438	AT3G13410	89.1	3.05e-198	545
BRA027442	AT5G42670	60.4	1.43e-113	328
BRA027444	AT5G42680	92.5	1.2e-154	428
BRA027445	AT5G42690	74.4	7e-225	627
BRA027446	AT1G47500	75.2	5.64e-170	478
BRA027450	AT5G42710	63.2	4.4e-303	851
BRA027452	AT5G42740	91.8	0	1022
BRA027454	AT5G42765	76	1.83e-109	313
BRA027455	AT5G42780	58.1	1.92e-82	248
BRA027457	AT5G42800	86.2	7.86e-247	674
BRA027458	AT5G42810	81.2	8.57e-253	694
BRA027459	AT5G42820	86.6	3.96e-171	474
BRA027460	AT5G42860	92.1	6.88e-184	509
BRA027461	AT5G42870	71	0	1191
BRA027462	AT5G42890	95.1	2.57e-82	236
BRA027464	AT5G54750	91	4.98e-127	355
BRA027468	AT5G42950	68.5	0	2027
BRA027470	AT5G42990	87.9	4.96e-113	317
BRA027471	AT5G43050	90.5	2.11e-95	272
BRA027473	AT5G43190	87	9.42e-239	653
BRA027474	AT5G43230	84.9	0	1367
BRA027478	AT5G43270	76.7	1.66e-219	606
BRA027479	AT5G43280	88.4	3.5e-169	468
BRA027480	AT5G43290	63.3	4.51e-109	318
BRA027485	AT1G04410	96.4	5.92e-232	632
BRA027486	AT5G43340	84.3	3.95e-317	862
BRA027496	AT5G43430	90	1.08e-155	439
BRA027498	AT5G43460	86.1	5.65e-88	253
BRA027501	AT5G43650	72.3	2.19e-108	312
BRA027504	AT5G43700	85.3	4.25e-115	324
BRA027506	AT5G43830	82.5	8.74e-157	435
BRA027509	AT5G43880	69.2	0	932
BRA027511	AT5G35870	52.2	7.92e-47	149
BRA027513	AT2G05210	53.5	2e-127	375
BRA027514	AT5G43920	85.1	0	911
BRA027517	AT5G43960	81.7	9.04e-241	664
BRA027520	AT5G44010	76.1	6.6e-226	623
BRA027521	AT5G44020	89	1.44e-186	512
BRA027524	AT5G44060	66.9	4.66e-57	174
BRA027527	AT5G44090	91.9	0	911
BRA027528	AT5G44100	86.4	4.38e-275	753
BRA027530	AT5G44110	95.2	2.28e-189	520
BRA027532	AT5G44150	56.5	5.2e-116	340
BRA027533	AT5G44170	83.2	6.27e-138	385
BRA027534	AT3G28415	80.2	0	1907
BRA027535	AT5G44230	84.6	0	976
BRA027536	AT5G44250	83.1	2.14e-238	654
BRA027537	AT5G44260	80.2	4.77e-218	600
BRA027539	AT3G20155	59	3.35e-64	198
BRA027540	AT5G44290	80.5	0	958
BRA027542	AT5G44310	83.3	1.23e-34	128
BRA027543	AT5G44320	92.5	0	1059
BRA027544	AT5G44340	99.3	0	889
BRA027546	AT5G44350	56.8	5.23e-88	267
BRA027547	AT5G44390	78.9	0	885
BRA027555	AT5G44410	80.8	0	881
BRA027557	AT5G44480	88.8	2.63e-279	759
BRA027558	AT5G44540	72.7	4.45e-49	152
BRA027566	AT1G80500	88.5	2.42e-87	250
BRA027569	AT5G44730	90.9	2.68e-175	482
BRA027570	AT4G20080	77.5	0	1210
BRA027574	AT5G44800	79	0	3238
BRA027577	AT5G35810	65.5	2.23e-147	429
BRA027581	AT4G00970	71.8	0	925
BRA027582	AT3G55410	96.2	0	1990
BRA027583	AT5G45000	83.4	1.22e-93	277
BRA027586	AT5G45080	53.7	3.58e-123	357
BRA027592	AT5G45120	87.8	7.94e-289	790
BRA027593	AT5G45130	96.8	3.71e-123	346
BRA027598	AT5G45050	64	0	1372
BRA027599	AT5G45250	71.9	0	1568
BRA027600	AT5G45310	81.1	2.08e-168	473
BRA027601	AT5G45330	70.8	8.69e-257	714
BRA027602	AT5G45340	93.1	0	872
BRA027603	AT5G45360	68.1	8.6e-151	425
BRA027604	AT5G45370	85.3	5.29e-233	639
BRA027607	AT5G45380	92.5	0	1276
BRA027611	AT1G63020	77.8	0	2252
BRA027612	AT1G63030	85.9	1.55e-112	317
BRA027617	AT1G63060	87.8	2.87e-91	261
BRA027618	AT1G63090	82.4	1.31e-184	508
BRA027620	AT1G63100	76	0	925
BRA027624	AT1G63160	92.8	3.78e-222	607
BRA027625	AT1G63170	76.1	8.83e-203	560
BRA027626	AT1G63180	93.7	4.84e-252	684
BRA027627	AT1G63190	59.3	3.16e-80	237
BRA027629	AT1G63245	62.4	6.26e-26	90.9
BRA027630	AT1G63260	94.5	5.54e-165	457
BRA027631	AT3G01850	91.1	3.82e-148	413
BRA027633	AT1G63295	67.9	3.37e-46	149
BRA027635	AT1G63300	67.1	0	1001
BRA027639	AT1G63420	84.7	0	1006
BRA027640	AT1G63430	67.7	2.13e-260	727
BRA027641	AT1G63440	89.3	0	1688
BRA027642	AT1G63470	80.3	1.52e-205	569
BRA027644	AT1G63490	85	0	2212
BRA027646	AT1G63500	95.3	0	941
BRA027647	AT1G63520	71	1.18e-253	703
BRA027650	AT1G63550	71.8	1.15e-131	376
BRA027652	AT1G63640	84.9	0	1701
BRA027654	AT1G63670	77.2	0	958
BRA027655	AT1G63680	91.3	0	1315
BRA027659	AT1G63720	75.3	4.58e-172	482
BRA027660	AT1G63730	65.6	0	1209
BRA027661	AT2G20420	95.5	4.24e-286	776
BRA027663	AT1G63830	95.1	1.71e-148	412
BRA027665	AT1G63855	87.1	1.4e-133	374
BRA027667	AT1G63900	91.6	2.46e-225	616
BRA027669	AT1G63930	90.6	9.29e-261	711
BRA027670	AT1G63940	95.1	0	915
BRA027671	AT1G63960	55.6	2.07e-33	113
BRA027672	AT1G63970	85.2	1.65e-131	369
BRA027673	AT1G63980	79.3	1.72e-199	555
BRA027674	AT1G63990	92.4	2.79e-255	695
BRA027675	AT1G64000	80.9	2.6e-106	302
BRA027677	AT1G64040	96.9	2.44e-237	644
BRA027678	AT1G64090	76.8	1.31e-135	382
BRA027679	AT1G64140	80.8	1.14e-150	450
BRA027681	AT1G64160	91.8	1.76e-122	342
BRA027682	AT1G64170	76.9	0	1122
BRA027683	AT1G64180	70.9	5.57e-264	734
BRA027685	AT1G64190	98.6	0	943
BRA027690	AT1G64280	72.8	1.92e-284	785
BRA027691	AT1G64300	89.8	0	1279
BRA027692	AT1G64340	65.6	3.76e-77	233
BRA027694	AT1G64355	82.8	1.44e-108	308
BRA027697	AT1G64380	75.9	3.49e-154	434
BRA027698	AT1G64385	69.5	9.94e-130	374
BRA027700	AT1G64400	73.8	0	1172
BRA027701	AT1G64405	79.2	4.05e-55	167
BRA027703	AT1G64480	92.5	7.15e-140	389
BRA027708	AT1G64610	72.6	1.5e-264	738
BRA027713	AT1G64670	91.7	2.64e-268	734
BRA027715	AT1G64660	90.6	4.99e-265	723
BRA027717	AT1G64640	80.1	2.95e-94	271
BRA027718	AT1G64625	66.9	1.48e-207	586
BRA027722	AT1G64620	65.4	1.32e-113	332
BRA027723	AT1G58030	89.2	0	1103
BRA027724	AT1G64600	85.1	0	887
BRA027725	AT1G64590	91	4.61e-217	595
BRA027726	AT1G64583	64.6	1.54e-32	129
BRA027727	AT1G64570	66.8	0	1323
BRA027728	AT1G64550	89.2	0	1313
BRA027731	AT1G64450	75	3.1e-94	283
BRA027732	AT1G64440	92.7	3.59e-242	659
BRA027733	AT1G64430	87.7	0	924
BRA027735	AT1G64390	94.7	0	1185
BRA027737	AT1G64370	60.9	4.98e-50	157
BRA027738	AT1G64350	88.3	7.82e-214	585
BRA027741	AT1G64330	65.2	3.32e-123	371
BRA027742	AT1G64320	61.2	4.48e-217	619
BRA027744	AT1G64310	77.9	9.99989e-320	872
BRA027751	AT1G64210	80.7	6.44e-266	739
BRA027752	AT1G64200	91.6	1.05e-141	395
BRA027753	AT1G64185	92.4	7.82e-77	222
BRA027754	AT1G64150	78.2	2.94e-175	490
BRA027756	AT1G64110	92.1	0	1403
BRA027759	AT1G64080	69.3	4.96e-137	398
BRA027760	AT1G64065	81.4	8.68e-123	346
BRA027764	AT1G64060	91.4	0	1702
BRA027765	AT1G64050	70.4	2.85e-260	729
BRA027767	AT2G14540	64.3	5.81e-183	514
BRA027771	AT1G63910	83.5	3.17e-229	628
BRA027778	AT1G63880	62.9	0	1120
BRA027779	AT1G63870	65.5	0	1117
BRA027781	AT1G63850	87.4	0	904
BRA027782	AT1G63840	77.7	7.78e-96	274
BRA027783	AT1G64690	73.7	1.04e-100	296
BRA027784	AT1G64680	89.7	2.2e-166	459
BRA027785	AT1G63820	70.1	1.41e-130	372
BRA027789	AT1G63780	84.7	4.14e-181	500
BRA027792	AT1G63700	88.5	0	1511
BRA027793	AT1G63690	94.4	0	1018
BRA027795	AT1G63660	92.5	0	999
BRA027796	AT1G63650	85.8	0	1007
BRA027802	AT1G63450	74.4	0	973
BRA027804	AT1G63410	91.1	7.88e-129	360
BRA027805	AT1G63310	77.7	5.7e-78	228
BRA027807	AT1G63270	94.8	1.82e-154	427
BRA027808	AT1G63250	84.1	0	1276
BRA027810	AT2G19940	90.4	2.96e-248	678
BRA027812	AT1G63240	51.9	5.35e-145	426
BRA027813	AT1G63220	88.4	5.83e-95	270
BRA027815	AT1G63140	73.5	3.6e-197	548
BRA027816	AT1G60080	88.7	8.01e-185	510
BRA027819	AT1G60050	90.9	2.54e-247	674
BRA027820	AT1G60010	80.2	4.12e-88	255
BRA027821	AT1G60000	81.9	6.11e-148	413
BRA027824	AT1G59980	88.1	1.63e-252	691
BRA027827	AT1G59970	77.7	1.18e-193	537
BRA027828	AT1G59950	88.2	4.45e-208	572
BRA027829	AT1G59940	78.3	4.02e-114	328
BRA027833	AT1G59830	97.4	1.58e-232	631
BRA027834	AT1G58807	56.7	0	1041
BRA027835	AT1G59760	90.9	0	1729
BRA027837	AT1G59730	86.8	6.88e-76	220
BRA027838	AT1G59725	82.4	5.29e-191	528
BRA027839	AT1G59710	87.4	3.89e-187	516
BRA027840	AT1G59700	83.3	5.89e-142	396
BRA027841	AT3G43850	70.9	1.68e-46	150
BRA027846	AT1G59650	88.4	9.39e-312	847
BRA027851	AT1G59540	80.9	0	1229
BRA027855	AT1G59530	76.5	6.42e-70	207
BRA027856	AT1G59510	73.8	2.82e-192	535
BRA027860	AT1G58470	61.7	4.3e-149	424
BRA027863	AT1G58440	89.5	0	952
BRA027864	AT1G58420	82.2	3.58e-90	260
BRA027867	AT1G58370	89.9	0	1701
BRA027869	AT1G58350	87	0	1378
BRA027871	AT1G58340	91.2	0	928
BRA027875	AT1G58320	84	7.32e-79	232
BRA027877	AT1G58290	89.5	0	916
BRA027878	AT1G58300	67.4	3.56e-134	380
BRA027881	AT1G58250	84.8	0	4340
BRA027882	AT1G58220	62.6	7.35e-210	610
BRA027883	AT1G58215	84.8	0	1449
BRA027885	AT1G58110	68.5	1.71e-149	426
BRA027886	AT1G58100	75.6	6.07e-157	447
BRA027888	AT1G58070	61.3	1.33e-69	214
BRA027890	AT1G58060	78.7	0	2158
BRA027897	AT1G57750	80.8	1.27e-301	822
BRA027903	AT5G02930	51.7	2.13e-126	374
BRA027908	AT1G57770	93.3	0	1066
BRA027909	AT2G13650	93.1	1.18e-210	578
BRA027910	AT1G57860	95.7	1.05e-112	316
BRA027911	AT1G57620	80.1	3.99e-121	342
BRA027913	AT1G57600	88.6	0	964
BRA027917	AT1G57540	89.3	5.9e-65	191
BRA027920	AT1G56660	89.2	6.19e-10	61.2
BRA027922	AT1G56600	83.1	1.38e-212	583
BRA027924	AT1G56590	94.5	5.66e-296	800
BRA027925	AT1G56720	91.2	5.71e-258	707
BRA027926	AT1G56710	82.7	1.95e-275	750
BRA027927	AT1G56690	89	4.61e-258	738
BRA027929	AT1G56570	87.4	0	1073
BRA027931	AT1G48800	68.3	1.47e-294	813
BRA027932	AT1G56500	86	0	1738
BRA027935	AT1G56423	78.9	4.01e-104	303
BRA027936	AT1G56340	96.2	1.6e-227	628
BRA027942	AT1G56310	78.8	0	899
BRA027946	AT1G56290	80.7	0	1035
BRA027947	AT1G56210	60.2	4e-118	345
BRA027949	AT1G55050	55.4	6.76e-267	761
BRA027951	AT1G58725	86.2	1.49e-229	627
BRA027952	AT1G55040	73.1	0	921
BRA027953	AT1G44542	74.9	2.1e-143	402
BRA027954	AT1G54940	79	0	910
BRA027956	AT1G54920	61.2	9.96e-317	890
BRA027957	AT1G54890	86	2.06e-233	637
BRA027963	AT2G03750	82.2	1.01e-208	574
BRA027965	AT1G54630	74.1	3.6e-55	168
BRA027966	AT1G54610	94.7	0	978
BRA027967	AT1G54570	82.8	0	1142
BRA027968	AT1G54560	94.8	0	2414
BRA027969	AT1G54540	68.9	2.11e-129	366
BRA027970	AT1G54530	76.6	7.34e-62	186
BRA027972	AT1G54490	88.2	0	1673
BRA027973	AT2G23840	79.7	6.59e-154	430
BRA027974	AT5G42220	69.5	0	1043
BRA027975	AT5G35370	89	1.03e-279	779
BRA027976	AT5G42320	87.5	3.1e-274	747
BRA027977	AT5G42340	84.1	9.84e-255	716
BRA027978	AT5G42360	77.1	3.21e-310	848
BRA027980	AT5G42370	79.6	1.56e-263	722
BRA027981	AT5G42380	82.2	4.88e-96	276
BRA027982	AT5G42390	91	0	2260
BRA027983	AT5G42400	66	0	1619
BRA027984	AT5G42410	81.2	9.9e-56	167
BRA027985	AT5G42420	85.8	8.48e-209	576
BRA027988	AT1G33265	80.2	6e-45	143
BRA027989	AT1G33290	93.7	5.64e-257	699
BRA027990	AT4G23190	75.8	0	956
BRA027997	AT1G33360	82.9	0	1008
BRA027998	AT1G33350	82.8	1.56e-278	766
BRA028000	AT1G33340	82.6	3.9e-223	613
BRA028001	AT1G33330	96.2	6.38e-102	292
BRA028002	AT1G33440	92	0	1075
BRA028003	AT1G33475	76.1	1.42e-132	374
BRA028005	AT1G33490	88.8	1.38e-103	294
BRA028006	AT1G33590	89.5	1.14e-174	500
BRA028007	AT1G33680	67.1	9.29e-265	752
BRA028008	AT1G33700	91.9	0	1807
BRA028011	AT1G33770	87.6	0	1082
BRA028012	AT1G33780	81.9	9.68e-185	511
BRA028015	AT1G33810	87.1	1.29e-80	233
BRA028017	AT1G33980	75.2	9.19e-229	638
BRA028025	AT1G34000	85.6	3.46e-83	242
BRA028026	AT1G34010	71.6	4.96e-75	226
BRA028027	AT1G34020	94.9	2.29e-226	618
BRA028029	AT1G15790	59.4	4.01e-61	189
BRA028030	AT1G34040	77.1	7.26e-269	736
BRA028031	AT1G34065	88	3.33e-203	559
BRA028034	AT1G34130	96	0	1375
BRA028036	AT1G34150	83.8	3.29e-256	702
BRA028037	AT1G34160	84.2	0	1002
BRA028039	AT1G34190	72.7	7.22e-272	751
BRA028040	AT1G34200	78.2	1.19e-200	554
BRA028041	AT1G35730	63.3	4.02e-229	642
BRA028044	AT1G34245	81.7	1.23e-67	199
BRA028046	AT1G34260	78.4	0	2147
BRA028050	AT1G34320	89.1	0	1102
BRA028051	AT1G34340	82.2	0	894
BRA028055	AT1G34380	84.8	1.03e-209	577
BRA028057	AT1G34430	82.3	8.44e-248	682
BRA028058	AT1G34550	80.9	0	1008
BRA028059	AT1G34570	64.7	2.91e-81	241
BRA028061	AT1G34630	81	2.84e-283	775
BRA028063	AT1G34670	84.2	1.05e-223	613
BRA028067	AT1G34790	77.6	1.29e-159	446
BRA028068	AT1G35160	86.8	6.55e-165	457
BRA028069	AT1G35340	86.9	1.33e-157	442
BRA028075	AT1G35330	67.2	5.45e-156	440
BRA028082	AT1G35420	79	1.85e-175	487
BRA028084	AT1G35430	78.3	1.02e-62	186
BRA028085	AT1G35470	84.4	1.19e-286	781
BRA028087	ATCG00490	98.7	0	981
BRA028089	AT1G35510	92.6	0	1054
BRA028091	AT2G18660	83.3	1.61e-76	222
BRA028093	AT2G18650	74.4	3.45e-201	561
BRA028095	AT2G18630	86.5	1.96e-233	640
BRA028096	AT2G18620	81.2	8.93e-194	537
BRA028097	AT2G18590	75.2	1.48e-255	705
BRA028098	AT2G18570	80.2	1.85e-272	746
BRA028101	AT5G36950	80.6	0	890
BRA028102	AT5G36960	80.7	6.42e-64	191
BRA028103	AT5G36970	77.3	1.6e-127	361
BRA028104	AT5G37000	75.6	1.31e-293	806
BRA028109	AT5G37010	73.3	4.85e-117	348
BRA028110	AT5G37020	86.8	0	1380
BRA028111	AT5G37150	71.3	0	1122
BRA028113	AT5G37360	79.9	6.97e-157	440
BRA028114	AT5G37370	82.5	2.4e-197	549
BRA028115	AT4G11000	70.4	6.92e-105	308
BRA028116	AT5G37470	56	3.55e-208	594
BRA028119	AT1G77550	83.2	0	1463
BRA028120	AT4G39630	63.7	8.85e-81	240
BRA028123	AT5G37480	70.3	4.49e-70	208
BRA028124	AT5G37510	95.4	0	1429
BRA028125	AT5G37530	87.4	1.48e-280	765
BRA028126	AT5G37540	81.3	1.29e-245	675
BRA028127	AT5G37550	67.4	2.68e-81	242
BRA028128	AT5G37570	79.7	1.54e-233	654
BRA028130	AT5G37590	59.6	6.09e-138	407
BRA028132	AT5G37600	93.5	6.48e-264	714
BRA028134	AT5G37630	84.4	0	1607
BRA028135	AT5G37660	89.6	5.95e-183	506
BRA028141	AT5G37670	83	1.98e-75	220
BRA028142	AT5G37680	97.8	1.98e-129	360
BRA028143	AT5G37690	93.1	6.63e-135	393
BRA028144	AT5G37710	90.2	5.22e-292	793
BRA028145	AT5G37720	82.8	4.61e-114	328
BRA028146	AT5G37730	70.7	5.61e-60	182
BRA028147	AT5G37740	79.2	7.73e-101	287
BRA028150	AT5G37790	81.8	1.66e-315	861
BRA028154	AT5G37840	72.1	4.52e-99	286
BRA028155	AT5G37850	95.8	8.32e-215	588
BRA028156	AT5G37860	67.5	4.96e-112	322
BRA028160	AT5G38150	58.3	7.4e-174	504
BRA028162	AT5G38195	61.8	9.46e-42	132
BRA028168	AT5G38300	59.7	2.41e-74	226
BRA028169	AT5G38310	76.5	6.13e-89	258
BRA028172	AT2G25720	68	1.77e-41	132
BRA028173	AT1G60360	75.7	7.73e-179	497
BRA028174	AT5G38430	93.9	1.77e-126	352
BRA028180	AT5G38380	95.7	2.48e-114	329
BRA028182	AT5G38450	83.4	4.92e-311	845
BRA028183	AT5G38460	86.3	0	894
BRA028187	AT5G38480	95.3	4.58e-166	459
BRA028188	AT5G38510	72.8	1e-224	621
BRA028189	AT3G27750	75.9	2.34e-101	293
BRA028192	AT5G38560	93.8	5.62e-276	771
BRA028193	AT2G17280	88.4	3.78e-179	493
BRA028195	AT5G38630	90	1.73e-148	412
BRA028196	AT5G38640	86.5	0	988
BRA028202	AT5G38710	90.3	2.8e-314	852
BRA028203	AT5G38720	86.7	3.47e-86	260
BRA028204	AT5G38730	84	2.96e-102	321
BRA028208	AT5G38840	75.2	0	911
BRA028213	AT5G38895	82.6	6.75e-123	351
BRA028221	AT5G39040	89.9	0	1078
BRA028225	AT5G39110	86.5	8.27e-143	397
BRA028228	AT5G39220	90.1	1.88e-221	605
BRA028229	AT5G39240	61.7	3.77e-33	111
BRA028232	AT5G39270	76	7.39e-161	447
BRA028237	AT5G39350	87.8	0	1209
BRA028238	AT5G39360	95.6	2.97e-186	509
BRA028239	AT5G39380	64.6	9.61e-157	455
BRA028240	AT5G39400	93.2	1.82e-284	774
BRA028241	AT5G39410	92.9	1.34e-310	841
BRA028243	AT4G26900	86.5	0	980
BRA028244	AT5G39430	79.3	5.09e-293	801
BRA028245	AT5G39440	69.6	6.35e-246	681
BRA028246	AT5G39450	68.8	1.22e-276	765
BRA028247	AT5G39480	60.9	4.4e-225	632
BRA028256	AT5G51490	83.1	0	907
BRA028257	AT5G51500	83.4	0	892
BRA028259	AT5G51510	81.3	1.92e-89	258
BRA028261	AT5G51520	82.1	1.72e-87	254
BRA028264	AT5G51560	87.6	0	922
BRA028266	AT5G51600	86.5	0	1126
BRA028269	AT5G51680	66.2	4.34e-71	218
BRA028271	AT5G51720	86.2	2.44e-64	189
BRA028272	AT5G51740	80.7	4.16e-249	686
BRA028274	AT5G51750	89.5	0	1404
BRA028278	AT5G51820	92.5	0	1154
BRA028282	AT5G51860	81.9	1.76e-111	317
BRA028284	AT5G51880	88.8	1.94e-141	395
BRA028288	AT5G51970	96	1.07e-250	681
BRA028290	AT5G51990	81.1	2.14e-122	345
BRA028291	AT5G52020	73.9	4.77e-109	313
BRA028294	AT5G52160	76.3	9.35e-45	139
BRA028295	AT5G52170	74.8	0	983
BRA028296	AT5G52180	80.1	2.87e-256	703
BRA028297	AT5G52200	72.3	1.71e-57	181
BRA028299	AT5G52220	81.4	1.4e-62	187
BRA028300	AT5G52230	52.7	8.7e-184	536
BRA028301	AT5G52240	84.9	8e-128	359
BRA028308	AT5G52430	80.7	1.37e-227	628
BRA028309	AT5G52450	88.9	3.46e-306	832
BRA028319	AT3G22730	53.2	9.61e-116	342
BRA028322	AT3G23605	55.3	7.35e-52	161
BRA028324	AT3G42960	86.5	4.08e-134	377
BRA028325	AT3G23620	86	1.3e-183	508
BRA028332	AT3G23640	89.4	0	1848
BRA028335	AT3G23690	77.7	3.31e-176	492
BRA028336	AT2G28010	64.7	2.72e-174	491
BRA028338	AT3G23710	79.3	1.28e-162	454
BRA028339	AT2G31670	69.3	4.72e-118	338
BRA028342	AT3G23750	81.7	0	1274
BRA028343	AT3G23770	89.9	0	880
BRA028345	AT3G23810	98.6	0	955
BRA028346	AT5G47320	85.8	1.09e-127	359
BRA028348	AT3G23820	93.5	3.29e-312	845
BRA028353	AT3G24190	84.4	0	1280
BRA028355	AT3G24160	81.7	9.61e-194	538
BRA028358	AT3G24130	79.9	6.81e-210	576
BRA028359	AT3G24120	84.3	1.59e-167	466
BRA028362	AT3G24070	61.8	2.12e-12	60.5
BRA028363	AT3G24060	82.5	5.1e-86	247
BRA028365	AT3G24040	87.1	4.13e-262	715
BRA028366	AT3G24020	96.7	4.31e-167	460
BRA028367	AT3G23940	93.4	0	1120
BRA028368	AT3G24300	92.3	0	876
BRA028373	AT3G24495	81.1	0	1727
BRA028374	AT1G61990	62.2	3.62e-166	472
BRA028375	AT1G61970	64.9	7.84e-153	438
BRA028380	AT1G61870	88.9	6.64e-124	364
BRA028386	AT2G29000	54.7	0	901
BRA028387	AT2G29020	86.5	8.58e-79	228
BRA028388	AT2G29040	77.5	0	1085
BRA028389	AT2G29050	82.1	8.55e-238	652
BRA028390	AT2G29060	71.6	0	953
BRA028391	AT2G29065	73.5	7.8e-318	874
BRA028393	AT5G37830	95.2	0	2422
BRA028395	AT5G37930	63.5	1.73e-135	388
BRA028397	AT5G38060	76.4	8.66e-66	195
BRA028398	AT5G38070	75.4	6.29e-139	389
BRA028399	AT5G38100	72.1	1.13e-192	535
BRA028400	AT5G38200	92.3	1.17e-288	791
BRA028401	AT5G38220	89.5	4.34e-229	625
BRA028402	AT5G38250	69.4	9.4e-288	796
BRA028404	AT5G38290	83.1	2.43e-146	408
BRA028405	AT5G38360	79.5	5.37e-189	524
BRA028407	AT5G38440	76.9	5.35e-79	228
BRA028408	AT5G38470	84.6	3.34e-193	538
BRA028411	AT5G38520	86.9	2.64e-234	641
BRA028413	AT5G38530	93.1	0	944
BRA028416	AT5G38600	68.1	3.5e-187	530
BRA028417	AT5G38610	68	4.32e-86	252
BRA028418	AT5G38660	82.4	1.01e-146	418
BRA028419	AT4G14365	65.9	4.73e-171	481
BRA028421	AT5G38830	86.9	7.57e-311	847
BRA028423	AT5G38900	69	1.04e-102	294
BRA028425	AT5G39000	71.9	0	1235
BRA028430	AT5G39320	97.7	0	938
BRA028432	AT5G39420	86.4	0	1084
BRA028434	AT5G39500	86.6	0	2439
BRA028435	AT5G39610	84	1.24e-176	488
BRA028436	AT5G39580	83.9	2.23e-195	538
BRA028438	AT5G39670	78.5	1.64e-106	303
BRA028439	AT5G39680	77.6	0	1136
BRA028440	AT5G39720	77.9	5.88e-91	261
BRA028441	AT5G39820	80.1	3.27e-192	531
BRA028443	AT5G39860	92.4	8.61e-53	159
BRA028444	AT5G39900	94.4	0	1221
BRA028445	AT5G39950	81.3	1.71e-69	204
BRA028447	AT5G39970	82.4	0	1154
BRA028448	AT5G39980	93.1	1.31e-92	301
BRA028450	AT5G40230	82.2	1.16e-194	545
BRA028455	AT5G40340	57.3	1.28e-259	751
BRA028456	AT5G40380	82.7	2.99e-225	635
BRA028457	AT5G40410	76.7	0	894
BRA028458	AT5G40420	81.5	5.51e-110	313
BRA028460	AT5G40480	87	0	3290
BRA028461	AT2G44860	79.3	1.53e-88	255
BRA028462	AT3G02010	82.7	0	1234
BRA028463	AT3G45840	52.2	5.34e-184	529
BRA028465	AT5G40590	84.2	6.46e-148	411
BRA028466	AT5G40610	93.5	3.45e-240	656
BRA028468	AT5G40640	88.8	0	1010
BRA028471	AT5G40700	59.4	3.93e-96	285
BRA028474	AT5G40760	94.8	0	994
BRA028479	AT5G40900	79.3	2.64e-154	432
BRA028486	AT3G56520	62.2	5.83e-82	240
BRA028488	AT5G41130	75.9	0	1077
BRA028489	AT5G41180	77.5	5.09e-290	805
BRA028492	AT5G41250	68.9	7.04e-252	697
BRA028493	AT5G41340	96.9	1.92e-114	322
BRA028497	AT5G41470	67.9	1.18e-128	366
BRA028499	AT5G40910	60.7	0	1164
BRA028501	AT5G41580	67.8	0	926
BRA028502	AT5G41680	72.9	3e-154	438
BRA028503	AT5G41761	69.6	4.65e-45	140
BRA028504	AT5G41770	92.2	0	929
BRA028505	AT5G41780	68.1	2.97e-211	595
BRA028506	AT5G41790	77.6	2.34e-87	315
BRA028508	AT5G41810	70.2	1.07e-104	306
BRA028509	AT5G41850	79.8	9.98e-126	354
BRA028510	AT5G41860	55.6	1.83e-50	161
BRA028511	AT5G41870	89.3	1.87e-305	827
BRA028513	AT5G41890	86.4	2.57e-238	651
BRA028517	AT5G41970	90.9	1.61e-233	647
BRA028518	AT5G41990	81.5	2.59e-313	857
BRA028519	AT5G42000	98.1	4.56e-118	329
BRA028520	AT5G42010	76.7	0	950
BRA028524	AT5G42070	76	4.92e-68	202
BRA028525	AT5G42080	97.9	0	1163
BRA028526	AT5G42100	87.2	5.42e-237	652
BRA028527	AT5G42110	76.2	1.04e-22	81.3
BRA028528	AT2G18196	91.6	1.79e-104	296
BRA028530	AT1G01980	87.5	0	950
BRA028531	AT1G02080	83.4	0	3777
BRA028532	AT3G52770	95.8	1.15e-24	86.7
BRA028534	AT3G52810	80.1	3.73e-272	742
BRA028535	AT3G52850	93.7	0	1192
BRA028537	AT3G52870	86.5	5.47e-286	779
BRA028538	AT3G52890	79.3	0	1341
BRA028539	AT3G52900	90.3	4.85e-91	261
BRA028540	AT3G52905	93	8.19e-111	312
BRA028543	AT3G52930	96.6	1.61e-249	678
BRA028544	AT3G52950	86.5	2.58e-318	870
BRA028545	AT3G52990	97.9	0	1004
BRA028549	AT3G53190	91.5	0	918
BRA028551	AT3G53220	83.3	7.83e-74	215
BRA028553	AT5G11070	73.4	5.85e-73	214
BRA028558	AT5G10900	82.1	0	1009
BRA028559	AT5G10890	63.4	3.97e-115	336
BRA028560	AT5G10870	85.9	1.05e-151	423
BRA028561	AT5G10860	92.8	5.91e-133	371
BRA028563	AT5G10840	93.1	0	1173
BRA028564	AT5G10830	86.5	1.32e-172	476
BRA028565	AT5G10820	87	1.87e-308	846
BRA028566	AT5G10790	79.9	1.88e-305	834
BRA028568	AT5G10770	84.3	3.5e-285	778
BRA028570	AT5G10740	88	5.56e-199	549
BRA028572	AT5G10730	95.2	5.06e-195	535
BRA028573	AT5G10720	84.3	0	1446
BRA028574	AT5G10690	81.9	0	915
BRA028577	AT5G10630	83.3	0	1087
BRA028579	AT5G10540	95.4	0	1332
BRA028584	AT5G10510	78.8	2.14e-296	816
BRA028585	AT5G10460	90.6	4.32e-203	556
BRA028592	AT5G10290	94.8	0	949
BRA028593	AT5G10280	82.2	1.16e-194	538
BRA028594	AT5G10190	88.2	1.57e-312	849
BRA028595	AT5G10180	91.7	0	1194
BRA028596	AT5G10170	95.5	0	966
BRA028597	AT5G10160	89.7	8.28e-138	384
BRA028598	AT5G10150	77.9	1.11e-213	592
BRA028600	AT5G10130	84.1	1.93e-99	283
BRA028601	AT5G10120	73.7	4.4e-228	633
BRA028602	AT5G10090	80.6	4.62e-316	886
BRA028604	AT5G10030	90.7	6.78e-233	637
BRA028611	AT5G64760	91.4	3.34e-286	778
BRA028613	AT5G09860	90.5	0	1071
BRA028615	AT5G09810	99.2	1.57e-277	751
BRA028620	AT5G09750	85.1	7.57e-79	235
BRA028621	AT5G09690	85.8	4.52e-230	632
BRA028622	AT5G09680	81.3	9.39e-112	319
BRA028624	AT5G09660	95.7	1.96e-203	562
BRA028628	AT5G09590	92.4	0	1188
BRA028629	AT5G09580	79.1	4.6e-189	526
BRA028632	AT5G09450	82.5	1.54e-237	652
BRA028640	AT5G09330	72.3	1.98e-180	510
BRA028643	AT5G09230	90.7	4.22e-240	655
BRA028644	AT5G09225	85.9	1.09e-36	117
BRA028647	AT5G08710	86.3	1.05e-275	751
BRA028648	AT5G08670	96.4	0	1025
BRA028650	AT5G08660	85.2	0	1033
BRA028651	AT5G08650	92.4	0	1209
BRA028655	AT5G08430	70.5	5.08e-220	625
BRA028656	AT5G08420	73	4.26e-179	503
BRA028657	AT5G08415	90.1	2.28e-255	696
BRA028658	AT5G08400	81.4	1.92e-190	525
BRA028660	AT5G08380	84.7	1.13e-270	736
BRA028661	AT5G08370	91.4	4.12e-273	741
BRA028663	AT5G08320	80.9	7.7e-77	227
BRA028664	AT5G08315	65.9	9.17e-36	115
BRA028674	AT5G08040	70.4	1.04e-25	88.2
BRA028675	AT5G07950	73.1	8.23e-149	419
BRA028676	AT5G07980	60.1	0	1444
BRA028677	AT5G07930	62	7.19e-103	301
BRA028679	AT5G07920	91.6	0	1344
BRA028680	AT5G07910	93.2	3.12e-64	201
BRA028681	AT5G07870	70	3.9e-215	600
BRA028684	AT5G07740	66.1	0	1414
BRA028685	AT5G07680	83.9	3e-199	548
BRA028688	AT5G07630	69.7	1.5e-258	717
BRA028689	AT5G61500	85.9	6.68e-197	541
BRA028691	AT5G07560	57.1	1.57e-27	99.8
BRA028692	AT5G07571	58.9	3.96e-25	90.9
BRA028696	AT5G07480	85.2	3.63e-228	624
BRA028700	AT5G07400	78.1	0	1616
BRA028701	AT5G07350	88.3	0	1696
BRA028702	AT5G07320	95.7	0	907
BRA028707	AT5G07100	72.2	1.67e-153	432
BRA028708	AT2G17360	97.7	8.16e-190	519
BRA028710	AT5G07020	80.7	4.75e-118	335
BRA028711	AT5G07010	82.3	1.03e-224	616
BRA028712	AT5G06990	87.8	9.6e-159	440
BRA028713	AT5G06960	87.3	1.19e-190	527
BRA028714	AT5G06905	89.7	5.37e-314	853
BRA028715	AT5G06900	83.8	9.34e-294	833
BRA028716	AT5G06811	64.7	2.2e-251	701
BRA028717	AT5G06800	78.2	4.24e-183	512
BRA028720	AT5G06750	90.9	4.7e-239	654
BRA028722	AT5G06680	91.8	0	1110
BRA028723	AT5G06670	82.2	0	1384
BRA028724	AT5G06650	68.4	5.29e-80	235
BRA028726	AT5G06620	86	3.26e-206	566
BRA028731	AT5G06490	74.4	1.42e-101	291
BRA028733	AT5G06380	58	6.11e-43	139
BRA028734	AT5G06360	93.1	8.23e-171	471
BRA028738	AT5G06230	82.5	1.32e-265	725
BRA028739	AT5G06210	81.9	2.04e-74	218
BRA028740	AT5G06160	81.5	5.76e-292	798
BRA028741	AT5G06150	80.5	1.98e-240	661
BRA028742	AT5G06130	84.6	3.3e-153	431
BRA028743	AT5G06120	92.9	0	1972
BRA028744	AT5G06060	89.6	8.82e-170	469
BRA028747	AT5G05830	74.4	3.63e-108	308
BRA028752	AT5G05600	90.3	3.17e-256	696
BRA028753	AT1G07780	84.8	6.44e-162	450
BRA028757	AT5G05450	84.3	0	916
BRA028760	AT5G05390	93.9	0	956
BRA028761	AT5G05340	89.8	4.96e-204	560
BRA028764	AT5G05260	82.9	0	886
BRA028768	AT5G05170	96.5	0	2105
BRA028774	AT5G05010	87	0	879
BRA028775	AT5G04980	89.7	2.98e-302	821
BRA028783	AT5G04600	86	5.06e-134	375
BRA028784	AT5G04550	86.2	0	952
BRA028788	AT5G04470	74.8	2.74e-33	112
BRA028791	AT5G04390	71.3	1.64e-153	435
BRA028794	AT5G04200	84.9	6.71e-202	555
BRA028796	AT5G04130	89.8	0	1271
BRA028803	AT5G04120	89.9	1.32e-156	433
BRA028810	AT5G03905	80.6	2.23e-82	239
BRA028811	AT5G03900	80.7	1.31e-298	816
BRA028812	AT5G03870	76.7	3.27e-193	536
BRA028813	AT5G03860	95.6	0	1100
BRA028814	AT5G64140	98.4	1.31e-39	124
BRA028818	AT5G03820	85.1	7.36e-216	594
BRA028819	AT5G03800	72.1	0	1256
BRA028824	AT5G03680	80.1	1.11e-316	868
BRA028825	AT5G03620	80.2	0	1218
BRA028827	AT5G03580	66	5.06e-42	134
BRA028833	AT5G03460	70.6	9.22e-37	118
BRA028834	AT5G03450	78.6	1.64e-274	764
BRA028836	AT5G03380	72.8	3.66e-120	353
BRA028837	AT5G52970	83.6	1.08e-125	354
BRA028838	AT5G03350	75.8	6.68e-151	422
BRA028840	AT5G03320	83.8	3.97e-254	695
BRA028844	AT5G03260	93.4	0	1098
BRA028848	AT5G03170	87.8	8.71e-140	391
BRA028849	AT5G03120	71.8	3.27e-33	110
BRA028850	AT5G03110	67.8	5.99e-103	301
BRA028851	AT5G03080	89.2	7.01e-145	402
BRA028852	AT5G03070	84.6	3.07e-303	828
BRA028853	AT5G03050	83.7	4.69e-69	204
BRA028854	AT5G03040	75.3	1.25e-203	570
BRA028856	AT5G02960	99.3	6.16e-99	280
BRA028858	AT5G02890	71.2	3.1e-170	478
BRA028862	AT5G02800	88.4	1.35e-246	672
BRA028863	AT5G02790	86.4	1.78e-144	412
BRA028865	AT5G02760	84.2	1.11e-232	636
BRA028868	AT5G02600	79.4	7.71e-142	401
BRA028869	AT5G02560	81	1.59e-84	245
BRA028872	AT5G02460	79.2	1.49e-179	505
BRA028874	AT5G02430	78.6	0	1218
BRA028879	AT5G02230	92.1	3.38e-191	526
BRA028887	AT5G01075	72.8	3.32e-30	101
BRA028889	AT5G01100	84.6	0	973
BRA028891	AT5G01190	94.3	0	1054
BRA028892	AT5G01200	75.1	3.94e-134	379
BRA028893	AT5G01210	86.4	1.96e-308	837
BRA028894	AT5G01280	51.9	2.98e-81	260
BRA028895	AT5G01305	75.8	2.79e-62	189
BRA028896	AT5G01320	92.1	0	1137
BRA028898	AT5G01370	74	1.67e-166	474
BRA028900	AT5G01400	80	0	1870
BRA028901	AT5G01410	98.4	7.07e-217	592
BRA028902	AT5G01420	64.6	2.04e-160	454
BRA028904	AT5G01470	79.7	1.76e-140	394
BRA028905	AT2G04660	87.2	0	1451
BRA028906	AT5G01530	93.1	4.27e-192	527
BRA028907	AT5G01550	77.9	0	994
BRA028909	AT5G01740	87.7	1.49e-106	300
BRA028910	AT5G01750	86.4	2.06e-140	391
BRA028911	AT5G01810	81.5	1.61e-198	551
BRA028912	AT5G01820	84.6	2.5e-221	611
BRA028913	AT5G01850	83.8	7.94e-202	556
BRA028914	AT5G01860	65.5	7.14e-90	263
BRA028915	AT5G01880	77.8	6.9e-75	220
BRA028916	AT5G01890	93.7	1.55e-260	744
BRA028917	AT2G30290	84.6	0	1062
BRA028919	AT5G01010	82.9	1.71e-266	729
BRA028921	AT5G56510	69.2	2.95e-276	765
BRA028922	AT5G56500	96.3	0	1065
BRA028926	AT5G56440	61.8	3.52e-159	455
BRA028930	AT5G56380	59.6	4.47e-157	450
BRA028932	AT3G44300	85.5	7.21e-217	594
BRA028933	AT5G56360	81.5	0	915
BRA028935	AT5G56340	79.5	1.05e-173	496
BRA028936	AT5G56310	82.1	6.1e-303	828
BRA028937	AT5G56300	86.6	1.23e-242	663
BRA028938	AT5G56290	91.5	0	1079
BRA028940	AT5G56260	97.6	5.76e-116	326
BRA028945	AT5G60740	93.5	0	1971
BRA028952	AT5G56010	97.1	0	1253
BRA028953	AT5G55940	95.1	3.06e-142	394
BRA028958	AT5G55820	63.4	0	1696
BRA028959	AT5G55810	61	8.84e-103	298
BRA028960	AT2G20515	88.2	2.3e-95	271
BRA028961	AT5G55760	89.1	3.52e-310	841
BRA028963	AT5G55710	88.9	2.65e-126	354
BRA028965	AT5G55690	70.5	5.37e-140	394
BRA028967	AT5G55630	86.3	9.97e-219	601
BRA028968	AT5G55620	85.1	1.71e-56	169
BRA028970	AT5G55580	88.9	1.57e-198	560
BRA028973	AT5G55550	73.2	2.57e-237	657
BRA028974	AT5G55530	79.7	9.75e-197	548
BRA028976	AT5G55500	84	0	900
BRA028977	AT5G55490	64.3	9.35e-242	678
BRA028981	AT5G55410	66.7	7.95e-51	155
BRA028982	AT5G55400	88.1	0	1182
BRA028984	AT5G55340	74.8	4.11e-180	501
BRA028989	AT5G55150	66	2.99e-164	463
BRA028998	AT5G55000	88.9	1.77e-104	306
BRA028999	AT5G54980	87.8	1.52e-109	310
BRA029000	AT5G54970	65.9	3.12e-43	137
BRA029001	AT5G54940	89.3	1.23e-68	201
BRA029005	AT5G54800	89.5	2.46e-239	655
BRA029006	AT5G54780	93.9	2.17e-305	827
BRA029008	AT5G54730	68.1	0	914
BRA029013	AT5G50040	56.5	6.82e-52	163
BRA029018	AT5G54590	88.4	1.69e-271	741
BRA029020	AT5G54580	88.5	4.6e-91	261
BRA029021	AT5G54520	80.1	3.1e-263	721
BRA029025	AT4G27270	91.2	1.35e-135	377
BRA029028	AT5G54370	91.4	2.08e-237	646
BRA029030	AT5G54310	85	5.92e-284	776
BRA029031	AT5G54300	67.4	5.34e-121	350
BRA029033	AT5G54230	83.6	5.65e-160	448
BRA029034	AT5G54220	68.4	8.55e-44	136
BRA029040	AT5G54165	81	2.56e-41	129
BRA029041	AT5G54160	92.6	7.09e-249	677
BRA029046	AT5G54010	84.6	1.07e-289	788
BRA029048	AT1G79370	84.1	3.89e-301	822
BRA029056	AT5G53750	77.8	1.9e-197	553
BRA029057	AT5G54062	70.7	3.71e-108	308
BRA029058	AT5G53650	91.5	4.1e-40	125
BRA029059	AT5G53620	62.5	1.44e-236	669
BRA029061	AT1G51370	55.1	6.75e-142	412
BRA029067	AT5G53460	93.1	0	4061
BRA029068	AT5G53440	67	0	984
BRA029072	AT5G53390	86.5	1.18e-310	844
BRA029074	AT5G53330	73.9	1.15e-104	300
BRA029075	AT5G53320	82	5.16e-265	738
BRA029084	AT5G53280	72.5	5.9e-121	345
BRA029085	AT5G53260	76.1	4.82e-83	242
BRA029087	AT5G53220	59.2	2.62e-102	310
BRA029088	AT5G53210	88.2	1.65e-173	485
BRA029091	AT5G53180	82.2	3.74e-243	668
BRA029093	AT5G53160	89.3	1.2e-115	325
BRA029095	AT5G53140	83.9	1.76e-209	582
BRA029096	AT5G53100	82.2	1.7e-214	591
BRA029103	AT1G54400	67.2	1.9e-83	244
BRA029104	AT5G52882	91.3	0	1383
BRA029106	AT5G52840	94.1	6.78e-114	320
BRA029109	AT5G52670	69.6	6.52e-46	142
BRA029111	AT5G52660	79.4	4.25e-171	477
BRA029113	AT5G52600	79.8	1.05e-109	311
BRA029117	AT5G52400	88.9	0	925
BRA029118	AT5G52380	72.9	2.15e-58	186
BRA029120	AT5G52320	76.9	2.62e-290	793
BRA029127	AT5G52290	74.1	0	2172
BRA029128	AT5G52270	83.7	6.33e-95	275
BRA029129	AT5G52260	79.2	3.43e-146	409
BRA029131	AT5G52250	83.8	5.85e-209	576
BRA029132	AT5G52210	94	2.07e-138	384
BRA029134	AT5G52190	82	1.25e-111	317
BRA029137	AT5G52120	88	4.49e-197	540
BRA029139	AT5G52110	69.1	2.99e-128	362
BRA029140	AT5G52100	96	2.23e-199	546
BRA029142	AT5G52060	82	2.72e-181	504
BRA029144	AT5G56810	64.1	5.78e-183	518
BRA029146	AT5G52040	77.3	5.41e-136	393
BRA029148	AT5G52010	83.2	9.37e-227	624
BRA029149	AT5G51980	82.6	4.43e-227	628
BRA029151	AT5G51950	83.6	0	991
BRA029154	AT5G51870	73.5	7.44e-103	296
BRA029157	AT5G51840	76.8	7.36e-113	323
BRA029158	AT5G51830	94.8	1.69e-232	634
BRA029159	AT5G51770	69.5	1.13e-243	686
BRA029160	AT5G51760	80.1	9.88e-237	651
BRA029161	AT2G07340	85.7	7.1e-60	179
BRA029162	AT2G07360	93.5	0	2095
BRA029164	AT5G51590	73.9	2.56e-180	508
BRA029165	AT5G51585	70.5	5.33e-21	87
BRA029166	AT5G51570	92.8	1.38e-194	534
BRA029168	AT5G51545	75.3	2.76e-91	263
BRA029169	AT5G51540	88	0	1266
BRA029174	AT5G51440	73.5	3.85e-95	275
BRA029175	AT5G51410	83.5	3.81e-174	486
BRA029176	AT5G51380	79.3	2.39e-271	744
BRA029177	AT5G51300	74.2	6.91e-139	414
BRA029178	AT5G51290	87.4	0	1051
BRA029182	AT5G51160	80.8	7.52e-165	470
BRA029187	AT5G51120	77	1.89e-129	365
BRA029188	AT5G51110	82.8	7.9e-125	351
BRA029189	AT5G51105	55.1	2.37e-40	130
BRA029190	AT5G51100	90.4	4.35e-177	489
BRA029193	AT5G51070	91.5	0	1617
BRA029194	AT5G51060	91	0	1632
BRA029198	AT5G63860	82.8	5.22e-264	721
BRA029199	AT5G63850	94.8	0	884
BRA029200	AT5G63800	88.4	0	1280
BRA029201	AT5G63790	80	1.67e-156	437
BRA029206	AT5G63670	97.4	4.56e-84	240
BRA029208	AT5G63660	72.7	8.26e-30	99.4
BRA029220	AT2G14378	67.5	3.66e-53	162
BRA029224	AT5G63450	85.4	2.91998e-319	870
BRA029229	AT5G63380	83.5	0	907
BRA029230	AT5G63370	89.9	5.18e-222	617
BRA029232	AT5G63280	82.4	3.21e-163	452
BRA029234	AT5G63170	84.3	6.64e-216	592
BRA029235	AT5G63160	88.8	2.1e-231	633
BRA029237	AT5G62950	76.8	5.32e-67	199
BRA029240	AT5G62880	95.8	9.79e-143	396
BRA029242	AT5G62865	79.8	2.27e-91	262
BRA029247	AT5G62740	95.8	1.24e-192	528
BRA029249	AT5G62670	97.7	0	1814
BRA029252	AT5G62540	91.9	1.08e-105	297
BRA029257	AT1G52370	82.1	4.6e-150	420
BRA029258	AT5G62470	84.5	8.94e-198	546
BRA029259	AT5G62460	80.3	4.06e-116	336
BRA029261	AT5G62430	75.4	9.69e-162	451
BRA029262	AT5G62420	93	9.73e-223	607
BRA029268	AT5G62290	80.2	1.75e-123	349
BRA029269	AT5G62280	86.2	3.43e-142	397
BRA029272	AT5G62210	76.2	5.97e-91	266
BRA029275	AT5G62190	82	1.65e-318	879
BRA029281	AT5G62165	84.3	1.55e-118	335
BRA029282	AT5G62160	81	2.32e-194	538
BRA029284	AT5G62150	93.1	3.95e-66	199
BRA029285	AT5G62140	81	2.27e-131	370
BRA029288	AT5G62100	63.3	3.83e-122	351
BRA029289	AT5G62090	62.9	1.84e-293	821
BRA029295	AT5G61980	89.1	0	1439
BRA029296	AT5G61970	90.1	0	1049
BRA029299	AT5G51530	58.2	0	1145
BRA029302	AT5G61890	74.2	2.51e-112	322
BRA029309	AT5G61780	88.8	0	1685
BRA029317	AT5G61550	84	0	1361
BRA029318	AT5G61560	88.1	0	1343
BRA029321	AT5G61630	88	2.76e-87	251
BRA029325	AT5G61220	82.8	6.27e-46	141
BRA029326	AT5G65990	88.8	3.84e-267	729
BRA029333	AT5G61140	88.5	0	3690
BRA029334	AT5G61130	72.6	2.88e-85	249
BRA029342	AT5G60990	92.3	4.13e-296	804
BRA029347	AT5G60910	93.4	2.62e-153	425
BRA029357	AT5G23030	76.8	3.1e-147	412
BRA029358	AT5G23040	54	5.59e-43	140
BRA029359	AT5G23150	71.2	0	1688
BRA029360	AT5G23160	61.8	1.31e-90	268
BRA029363	AT5G23210	87.2	0	912
BRA029364	AT5G23230	82.6	1.04e-115	327
BRA029370	AT5G23370	80.8	3.34e-122	345
BRA029372	AT5G23440	68.7	9.29e-60	182
BRA029373	AT5G23450	86.6	0	1310
BRA029374	AT5G23480	59.2	8.29e-120	360
BRA029379	AT5G23630	91.7	0	2134
BRA029381	AT5G23740	95.6	4e-110	309
BRA029388	AT5G23940	86.2	1.25e-294	803
BRA029389	AT5G23990	87.4	0	1244
BRA029391	AT5G24140	80.3	8.45e-303	827
BRA029394	AT5G24165	82.7	8.49e-38	120
BRA029395	AT5G24230	91.7	5.78e-235	642
BRA029397	AT2G24080	52.5	3.76e-118	347
BRA029402	AT5G24340	80.7	1.42e-276	758
BRA029406	AT5G24450	74.7	2.16e-299	821
BRA029409	AT5G24500	55.2	3.54e-79	244
BRA029414	AT5G24530	88.9	3.72e-235	640
BRA029419	AT4G11860	73	6.53e-315	867
BRA029427	AT4G11950	84.9	2.4e-158	444
BRA029428	AT4G11980	85.7	3e-176	489
BRA029429	AT4G11990	67.7	5.38e-183	521
BRA029430	AT4G12000	74.5	5.57e-157	440
BRA029431	AT4G12010	82.3	0	1956
BRA029432	AT4G12020	73.4	0	1015
BRA029436	AT4G12060	75	3.32e-120	342
BRA029437	AT4G12070	88.3	1.06e-301	821
BRA029438	AT4G12120	88.3	0	1152
BRA029440	AT4G12130	90.4	8.47e-263	715
BRA029443	AT5G18370	64.1	0	959
BRA029444	AT4G12250	94.3	9.62e-304	822
BRA029447	AT4G12340	73.7	3.82e-85	247
BRA029449	AT1G61415	77.6	1.92e-76	225
BRA029450	AT4G12390	88.7	2.66e-126	354
BRA029455	AT4G12450	85.1	1.06e-161	449
BRA029457	AT4G12540	66	4.93e-149	428
BRA029461	AT4G12570	69.4	0	1218
BRA029467	AT4G30870	77.7	0	975
BRA029471	AT4G12620	79.3	0	1239
BRA029476	AT4G05530	94.4	6.75e-165	456
BRA029477	AT4G05520	89.7	0	974
BRA029478	AT4G03820	82.6	7e-252	693
BRA029479	AT1G54460	61	8.18e-97	289
BRA029480	AT4G03960	90.3	2.13e-125	351
BRA029481	AT4G04020	84.8	6.24e-188	519
BRA029482	AT4G04040	91.2	0	1035
BRA029485	AT4G04180	86.2	0	981
BRA029486	AT4G04190	87	1.85e-112	317
BRA029488	AT4G04330	86.8	9.76e-107	302
BRA029489	AT3G24690	56.5	1.97e-35	120
BRA029490	AT4G04370	76.9	0	1038
BRA029492	AT4G04460	85.2	0	897
BRA029493	AT4G04470	91.7	3.42e-88	254
BRA029495	AT4G04490	81.5	0	1065
BRA029505	AT4G04610	86.8	1.07e-290	791
BRA029506	AT4G04614	88.4	4.52e-72	214
BRA029510	AT4G04630	74	1.94e-73	216
BRA029515	AT4G04750	81.6	1.05e-274	754
BRA029516	AT4G04770	89.3	0	983
BRA029517	AT4G04780	85.8	5.49e-78	227
BRA029518	AT4G04790	74.3	0	1066
BRA029519	AT4G04850	84.4	0	1172
BRA029520	AT4G04860	95.5	4.86e-171	470
BRA029521	AT4G04870	81.3	5.91e-197	543
BRA029523	AT4G04880	81.3	1.81e-224	616
BRA029526	AT4G04885	76.2	0	1197
BRA029527	AT4G04890	94	0	1354
BRA029529	AT4G04910	93.5	0	1341
BRA029530	AT4G04920	88.4	0	2140
BRA029531	AT4G04930	89.7	1.19e-227	621
BRA029537	AT4G04955	90.1	0	931
BRA029539	AT4G04960	84.2	0	1139
BRA029541	AT4G04970	92.9	0	3293
BRA029542	AT4G04972	67.3	7.4e-32	107
BRA029543	AT4G04980	71.2	3.58e-267	757
BRA029545	AT4G04990	67.5	1.19e-97	289
BRA029546	AT4G05000	92.3	1.89e-135	377
BRA029548	AT4G05010	69.6	1.56e-65	197
BRA029549	AT4G05020	88.5	0	1048
BRA029550	AT4G05060	84.9	2.33e-159	444
BRA029551	AT4G05070	72.4	3.29e-35	114
BRA029552	AT4G05090	86.6	1.77e-252	689
BRA029553	AT4G05100	73.9	5.64e-157	442
BRA029557	AT4G05120	89.7	1.03e-280	762
BRA029558	AT4G05130	86.6	3.96e-262	715
BRA029561	AT4G05160	88.8	0	941
BRA029562	AT4G05170	75	3.43e-127	364
BRA029563	AT4G05180	88.3	3.46e-131	368
BRA029564	AT4G21270	80.7	0	1102
BRA029565	AT4G05200	72.3	0	883
BRA029566	AT4G21220	75.2	6.33e-118	340
BRA029567	AT4G05220	87.4	1.23e-145	405
BRA029569	AT4G05230	76.4	4.54e-100	288
BRA029573	AT4G05380	78.8	6.08e-257	706
BRA029574	AT4G05390	91.6	2.04e-253	690
BRA029575	AT4G05400	86.6	8.12e-144	402
BRA029576	AT4G05410	78.2	1.51e-206	581
BRA029577	AT4G05420	96.6	0	2100
BRA029580	AT3G06470	86	1.68e-173	479
BRA029583	AT3G06500	86.1	0	1134
BRA029584	AT3G06510	81.1	0	1091
BRA029586	AT3G06540	80.8	4.91002e-319	872
BRA029587	AT3G06550	91.1	0	1006
BRA029588	AT3G06560	76.5	7.54e-300	818
BRA029589	AT3G06580	91.5	0	904
BRA029590	AT3G06590	81.3	5.6e-88	259
BRA029595	AT3G66654	83.8	6.56e-140	391
BRA029596	AT3G66658	97	0	1148
BRA029602	AT3G06750	69.5	5.97e-24	90.9
BRA029605	AT3G06780	74.9	3.07e-70	211
BRA029606	AT3G06810	93	0	1555
BRA029607	AT3G06830	80.9	0	925
BRA029608	AT3G06860	91.3	0	1296
BRA029611	AT3G06930	88.7	0	908
BRA029613	AT3G06980	72.5	0	1030
BRA029614	AT3G07010	93	1.8e-293	794
BRA029618	AT3G07060	75.7	0	1073
BRA029621	AT3G07090	81	1.71e-154	431
BRA029622	AT3G07100	87.5	0	1570
BRA029624	AT3G07130	83.6	0	991
BRA029625	AT3G07140	86	0	1093
BRA029626	AT3G07150	73.1	1.41e-93	271
BRA029627	AT5G67290	89.1	2.29e-234	642
BRA029628	AT3G07160	92.1	0	3478
BRA029629	AT3G07170	81.9	3.64e-100	288
BRA029630	AT3G07180	85.6	0	1021
BRA029631	AT3G07200	59.2	2.07e-55	179
BRA029632	AT3G07210	77.7	5.17e-281	774
BRA029633	AT3G07220	83	1.62e-169	475
BRA029637	AT3G07300	93.2	7.05e-255	711
BRA029638	AT3G07310	87.2	3.34e-231	633
BRA029639	AT3G07320	88	4.28e-308	835
BRA029640	AT3G07340	67.2	2.59e-182	516
BRA029641	AT3G07350	80.1	1.53e-167	466
BRA029642	AT3G07360	86.2	7.94e-249	685
BRA029643	AT3G07370	72.7	9.02e-139	390
BRA029644	AT3G07390	68.2	7.83e-96	289
BRA029646	AT3G07400	89.4	0	1732
BRA029647	AT3G07420	79.1	0	971
BRA029649	AT3G07450	83.5	2.67e-54	163
BRA029651	AT3G07480	88.1	8.79e-90	258
BRA029652	AT3G07510	92.2	2.39e-102	292
BRA029653	AT3G07525	77.9	1.34e-124	351
BRA029654	AT3G07530	78.3	0	1087
BRA029656	AT3G07550	78.5	1.77e-174	491
BRA029657	AT3G07560	76.9	5.12e-127	363
BRA029658	AT3G07565	82.7	4.17e-131	371
BRA029659	AT3G07568	85.3	1.04e-37	120
BRA029660	AT3G07570	81.9	7.37e-224	614
BRA029661	AT3G07580	57.6	2.01e-47	149
BRA029662	AT3G07590	96	6.3e-64	189
BRA029664	AT3G07610	62.2	0	957
BRA029665	AT3G07630	89.2	2.75e-236	647
BRA029669	AT3G07690	93.4	1.86e-311	843
BRA029670	AT3G07700	88.3	0	1218
BRA029673	AT3G07740	80.4	1.45e-311	852
BRA029675	AT3G07760	94.5	8.67e-74	215
BRA029682	AT3G14040	83.2	1.28e-233	647
BRA029686	AT3G07900	87.1	1.89e-285	782
BRA029687	AT3G07910	82.9	2.52e-30	101
BRA029688	AT3G07940	87.6	2.75e-244	668
BRA029689	AT3G07950	93.1	8.01e-200	548
BRA029690	AT3G07970	85.5	7.62e-262	715
BRA029691	AT3G07990	89.1	0	871
BRA029692	AT3G08000	81.1	1.41e-75	221
BRA029693	AT3G08030	91.2	4.6e-248	675
BRA029695	AT3G08490	75.2	2.07e-112	321
BRA029696	AT3G08500	82.5	2.17e-191	530
BRA029697	AT3G08510	91	0	1067
BRA029700	AT3G08590	92.9	0	1058
BRA029702	AT3G08610	96.9	2.14e-43	133
BRA029703	AT3G08620	92.6	4.41e-186	511
BRA029704	AT3G08630	77.9	1.05e-152	431
BRA029708	AT3G08670	79.7	5.38e-248	692
BRA029712	AT3G08720	84	2.6e-282	770
BRA029713	AT3G08730	86.1	5.57e-294	800
BRA029715	AT3G08760	88.7	0	949
BRA029719	AT3G08770	71.8	1.47e-54	165
BRA029720	AT3G08780	75.1	4.28e-156	438
BRA029721	AT3G08800	77.9	0	1381
BRA029722	AT3G08820	81.6	0	1128
BRA029724	AT5G62660	58.8	2.54e-124	363
BRA029727	AT3G08890	98.2	1.37e-120	337
BRA029730	AT3G08920	81.4	8.37e-54	166
BRA029731	AT3G08930	95.3	0	936
BRA029732	AT3G08940	95.8	2.15e-198	543
BRA029733	AT3G08947	88.4	0	1145
BRA029734	AT3G08950	83	3.33e-195	539
BRA029735	AT3G08960	92.5	0	1828
BRA029736	AT3G08970	77.9	2.62e-294	810
BRA029739	AT3G09000	80.7	2.34e-211	596
BRA029740	AT3G09020	82.3	8.39e-243	665
BRA029741	AT3G09030	87.2	2.05e-295	803
BRA029743	AT3G09190	67.2	3.82e-158	446
BRA029744	AT3G09180	89.1	4.65e-249	681
BRA029746	AT3G09090	85.7	0	1492
BRA029747	AT3G09100	95.2	0	1319
BRA029753	AT3G09220	86.7	0	1021
BRA029757	AT3G09300	95.2	0	887
BRA029758	AT3G09310	76.5	1.23e-85	248
BRA029760	AT3G09320	92.6	5.26e-196	537
BRA029761	AT3G09350	92.1	1.44e-235	644
BRA029762	AT3G09370	68.9	3.51e-205	578
BRA029764	AT3G09380	66.4	1.28e-61	185
BRA029765	AT3G09390	93.8	1.09e-43	135
BRA029767	AT3G09410	87.6	1.05e-289	786
BRA029768	AT3G09430	68.3	6.5e-160	450
BRA029769	AT3G09450	79	0	1148
BRA029770	AT3G09470	89.5	6.03e-276	752
BRA029772	AT3G09520	76.4	0	910
BRA029773	AT3G09540	88.2	3.06e-222	609
BRA029774	AT3G09560	74.4	0	1233
BRA029775	AT3G09570	90.2	5.11e-285	775
BRA029776	AT3G09580	84.1	3.67e-289	788
BRA029778	AT3G09600	84.3	1.9e-162	453
BRA029781	AT3G09650	86.3	5.91e-216	609
BRA029782	AT3G09660	88.7	0	1383
BRA029783	AT2G06990	90.1	0	1701
BRA029784	AT3G09735	90.4	3.22e-35	113
BRA029787	AT3G09760	75.1	2.02e-241	667
BRA029788	AT3G09770	76.1	6.99e-176	494
BRA029789	AT3G09780	80	0	1102
BRA029791	AT3G09810	85.9	4.47e-236	646
BRA029794	AT3G09830	89.3	7.1e-272	740
BRA029796	AT3G09850	69.1	3.48e-293	822
BRA029797	AT3G09860	99	2.45e-75	216
BRA029798	AT3G09870	80.5	3.93e-61	182
BRA029804	AT3G09910	90.7	1.62e-129	362
BRA029805	AT3G09920	86	0	1043
BRA029807	AT3G09930	76.8	7.61e-192	531
BRA029808	AT3G09950	73.6	3.07e-36	116
BRA029809	AT3G09970	88	3.08e-211	577
BRA029811	AT3G10020	86	1.52e-85	246
BRA029812	AT3G10030	86.1	0	893
BRA029815	AT3G10060	88.3	9.14e-142	395
BRA029816	AT3G10070	73.2	2.72e-226	634
BRA029818	AT3G10130	79.6	1.78e-144	408
BRA029819	AT3G10150	86.7	4.72e-238	652
BRA029821	AT3G10190	64.8	8.78e-73	219
BRA029823	AT3G10210	89.5	1.69e-163	451
BRA029824	AT3G10220	88.9	4.82e-164	452
BRA029825	AT3G10230	90.8	0	912
BRA029826	AT3G10250	85.2	4.65e-185	513
BRA029827	AT3G10260	83	1.3e-154	429
BRA029828	AT3G10270	93.9	0	1279
BRA029829	AT3G10310	83.1	0	1567
BRA029830	AT3G10320	76.6	6.82e-283	775
BRA029831	AT3G10340	91	0	1249
BRA029832	AT3G10350	82.6	7.31e-239	657
BRA029833	AT3G10370	94.6	0	1170
BRA029834	AT3G10380	91.4	0	1883
BRA029835	AT3G10400	80.1	6.18e-88	261
BRA029837	AT3G10420	90.2	0	1129
BRA029850	AT3G10540	90.5	2.71e-316	858
BRA029852	AT3G10570	86	0	884
BRA029854	AT1G66240	90.8	3.35e-44	137
BRA029857	AT3G10620	83.9	3.92e-127	362
BRA029858	AT5G48330	63.4	2.9e-167	476
BRA029860	AT3G10680	55.1	7.09e-133	394
BRA029861	AT3G10700	82.5	7.9e-248	678
BRA029862	AT3G10730	69.8	1.17e-203	570
BRA029863	AT3G10750	52	3.49e-73	229
BRA029867	AT3G10770	84	5.11e-192	532
BRA029869	AT3G10815	74.4	7.39e-107	304
BRA029870	AT3G10820	67.8	2.29e-160	462
BRA029871	AT3G10840	83.1	2.35e-250	688
BRA029872	AT3G10850	89.5	2.3e-176	485
BRA029876	AT3G10880	50.9	4.59e-75	232
BRA029881	AT3G10940	87.1	4.77e-182	501
BRA029882	AT3G10960	91.8	0	1028
BRA029883	AT3G10970	90.8	2.24e-241	658
BRA029884	AT3G10980	77.3	1.72e-311	851
BRA029890	AT3G11030	88.9	1.56e-263	721
BRA029891	AT3G11050	84.4	5.08e-146	408
BRA029894	AT2G47860	83.2	0	1023
BRA029898	AT3G48300	79.1	1.98e-262	720
BRA029899	AT3G48500	85.6	0	1182
BRA029900	AT3G48510	75.6	1.11e-154	433
BRA029902	AT3G48530	92.5	2e-287	781
BRA029903	AT3G48540	89.9	3.89e-149	414
BRA029904	AT3G48550	81	1.95e-77	227
BRA029906	AT3G48560	89.5	0	1128
BRA029910	AT3G48610	92.9	0	983
BRA029913	AT3G48690	82.4	1.21e-200	552
BRA029919	AT3G48780	93.9	0	930
BRA029920	AT3G48800	69.1	3.21e-107	310
BRA029921	AT3G48810	88.2	2.55e-240	679
BRA029922	AT3G48870	90	0	1592
BRA029923	AT3G48880	91.3	1.94e-214	585
BRA029924	AT3G48900	77	0	895
BRA029925	AT4G12730	87.9	2.45e-234	644
BRA029929	AT4G01400	86.7	8.46e-123	365
BRA029930	AT3G01920	84.8	2.79e-176	488
BRA029932	AT5G19830	91.2	2.3e-135	387
BRA029933	AT3G49120	94.5	1.51e-239	652
BRA029935	AT3G49142	88.1	0	1197
BRA029936	AT3G49160	78	0	1044
BRA029937	AT3G49180	78.2	1.54e-248	682
BRA029939	AT3G49210	84.7	9.66e-308	838
BRA029943	AT3G49220	85.3	0	993
BRA029944	AT3G49240	79.5	3.29e-251	706
BRA029946	AT3G49340	76.7	5.47e-187	519
BRA029947	AT3G49350	89	1.95e-304	832
BRA029949	AT3G49360	90.7	2.78e-175	482
BRA029951	AT5G38690	51.4	3.13e-167	483
BRA029953	AT3G49400	81.4	0	1404
BRA029954	AT3G49410	81.3	1.91999e-319	872
BRA029957	AT3G49500	89.1	0	2207
BRA029964	AT3G49630	85.3	1.46e-212	583
BRA029968	AT3G49750	91.5	3.84e-100	293
BRA029971	AT3G49780	79.5	1.7e-35	114
BRA029972	AT3G49790	79.7	5.46e-192	533
BRA029974	AT3G49800	76.8	1.87e-210	585
BRA029975	AT3G49810	93.1	5.72e-301	816
BRA029976	AT3G49820	79.4	2.02e-67	200
BRA029978	AT3G49850	68.8	1.72e-93	275
BRA029987	AT3G50030	81	6.08e-309	843
BRA029988	AT3G50040	52	4.27e-120	355
BRA029989	AT3G50050	84.8	0	1045
BRA029992	AT3G50070	79.7	2.39e-195	541
BRA029994	AT3G50080	76.6	2.76e-284	780
BRA030001	AT3G50310	74.3	1.46e-181	505
BRA030002	AT3G50330	86.4	1.2e-130	367
BRA030007	AT3G50380	82.8	0	5059
BRA030009	AT3G50400	89	1.06e-243	665
BRA030011	AT3G50430	67.3	9.95e-285	790
BRA030012	AT5G38020	83.8	1.98e-217	598
BRA030013	AT3G50510	51.2	6.67e-53	167
BRA030016	AT3G50520	92	2.76e-149	414
BRA030018	AT3G50560	93.4	5.85e-182	500
BRA030020	AT3G50580	58.1	6.21e-47	157
BRA030024	AT1G24400	91.1	2.34e-301	816
BRA030027	AT1G24340	87.9	0	1235
BRA030029	AT1G24320	81.8	0	1316
BRA030030	AT1G24290	84.8	3.07e-314	856
BRA030031	AT1G24280	89.8	0	1008
BRA030033	AT1G27290	81	1.54e-65	196
BRA030037	AT1G27320	84.3	0	1696
BRA030039	AT1G27330	97.1	3.58e-42	131
BRA030040	AT1G27360	75	7.87e-200	555
BRA030042	AT1G27380	62.3	6.4e-58	177
BRA030043	AT1G27385	90.1	3.43e-128	360
BRA030051	AT1G27440	95.1	2.84e-300	811
BRA030052	AT1G27480	84.9	3.37e-265	724
BRA030054	AT1G27530	96.6	3.22e-130	361
BRA030058	AT4G08560	60	3.49e-120	361
BRA030065	AT1G27880	82.7	0	1370
BRA030069	AT1G27970	96.6	5.26e-82	236
BRA030072	AT1G28100	82.3	4.53e-171	474
BRA030074	AT1G28130	94.1	0	1158
BRA030075	AT1G28150	73.2	4.84e-58	175
BRA030076	AT1G28160	79.6	1.31e-124	353
BRA030078	AT1G28220	84.9	2.18e-204	563
BRA030079	AT1G28240	86.3	0	1023
BRA030082	AT1G28280	82.5	6.74e-126	356
BRA030083	AT1G28290	77.4	1.63e-77	240
BRA030087	AT1G28300	62.5	9.91e-146	415
BRA030089	AT1G28310	80.8	6.53e-161	451
BRA030092	AT1G28350	89.1	0	1325
BRA030104	AT1G28540	76.6	1.02e-49	152
BRA030108	AT1G28580	79.4	6.28e-230	632
BRA030113	AT1G29000	85.4	2.13e-129	368
BRA030114	AT1G29040	81.4	6.33e-98	281
BRA030115	AT1G29041	55.7	9.98e-44	142
BRA030116	AT1G29050	87.4	1.55e-253	690
BRA030118	AT1G29090	72.8	3.49e-190	528
BRA030119	AT1G29100	75.9	2.2e-77	225
BRA030122	AT1G29140	90.1	5.11e-112	315
BRA030126	AT2G27000	70.2	7.45e-249	689
BRA030132	AT1G29270	75.9	2.59e-51	159
BRA030133	AT1G29290	84.1	3.44e-52	159
BRA030137	AT1G35220	91.1	0	1790
BRA030140	AT1G29470	88.5	0	1251
BRA030142	AT1G29520	93.7	2.31e-102	290
BRA030144	AT1G29540	72.1	2.92e-31	108
BRA030153	AT1G29630	82	0	1108
BRA030163	AT4G02130	85.3	1.2e-219	602
BRA030164	AT2G25920	76.5	6.62e-120	343
BRA030165	AT4G02110	61	0	1372
BRA030172	AT1G29780	83	1.18e-124	352
BRA030174	AT1G29740	83.4	0	1416
BRA030177	AT1G29850	76.6	4.89e-41	132
BRA030178	AT1G29860	69.8	1.59e-129	368
BRA030179	AT1G29880	91.9	0	1300
BRA030182	AT1G29930	97.4	1.07e-190	522
BRA030183	AT1G29940	81.4	0	1931
BRA030184	AT1G29950	72.2	2.08e-78	235
BRA030185	AT1G30790	53.1	2.7e-121	363
BRA030187	AT1G30040	86.5	3.89e-221	605
BRA030189	AT1G30190	63.5	2.02e-99	291
BRA030195	AT4G15400	63.7	1.27e-190	535
BRA030196	AT2G22870	84.8	2.67e-182	503
BRA030197	AT2G22860	73.3	1.11e-34	113
BRA030198	AT2G22830	84.7	1.13e-318	870
BRA030199	AT2G22810	88.7	9.96e-305	828
BRA030200	AT2G22800	83.3	1.48e-145	409
BRA030204	AT2G22780	93.8	4.15e-236	644
BRA030208	AT2G22760	71.4	1.86e-138	392
BRA030210	AT2G22750	74.8	1.71e-157	443
BRA030212	AT2G22740	57	1.53e-290	818
BRA030214	AT2G22730	87.9	8.23998e-319	868
BRA030215	AT2G22720	65.3	1.4e-151	448
BRA030218	AT2G22680	71.9	5.98e-318	878
BRA030219	AT2G22670	74.1	2.63e-157	440
BRA030220	AT2G22660	78.4	0	1119
BRA030221	AT2G22640	98.8	2.22e-52	157
BRA030226	AT2G22600	70.4	9.22e-296	818
BRA030227	AT2G22560	72.3	0	998
BRA030229	AT5G49680	78.2	0	3820
BRA030230	AT2G22510	72.7	3.32e-23	87
BRA030231	AT2G22500	85.2	2.48e-188	520
BRA030232	AT2G22490	74.9	3.75e-179	500
BRA030236	AT2G22460	86.9	7.68e-148	412
BRA030237	AT2G21930	51.2	2.38e-123	362
BRA030241	AT2G22420	91.4	2.61e-213	584
BRA030243	AT2G22370	95	1.66e-138	386
BRA030245	AT2G22360	84.7	3.93e-249	685
BRA030246	AT2G22330	92.3	0	1015
BRA030247	AT2G22320	70.3	4.3e-45	141
BRA030248	AT2G22300	82.6	0	1575
BRA030249	AT2G22270	59.9	3.8e-104	305
BRA030255	AT2G22200	63.7	8.82e-97	283
BRA030256	AT2G22190	88.5	8.44e-216	592
BRA030259	AT2G22170	86.8	8.65e-121	338
BRA030262	AT2G22125	94.4	0	3264
BRA030264	AT2G22120	95.7	5.55e-233	635
BRA030265	AT2G22100	67.7	8.79e-120	351
BRA030267	AT2G21990	91.7	3.67e-154	428
BRA030268	AT2G21960	92.2	2.35e-207	569
BRA030269	AT2G21950	79.3	1.66e-223	613
BRA030270	AT2G21940	83.6	5.02e-175	485
BRA030273	AT2G21900	77.1	1.13e-108	309
BRA030274	AT2G21880	81.6	1.46e-126	355
BRA030276	AT2G21860	85.2	0	894
BRA030280	AT2G21720	84.4	0	1127
BRA030282	AT2G29810	52.6	7.81e-91	275
BRA030286	AT5G36880	92	0	1405
BRA030290	AT2G21600	87	1.92e-120	338
BRA030291	AT2G21590	90.5	0	953
BRA030294	AT2G21540	78.1	2.64e-294	805
BRA030296	AT2G21480	87.1	0	1463
BRA030299	AT2G21430	87.4	3.59e-241	657
BRA030301	AT2G21400	70.3	9.96e-87	253
BRA030302	AT2G21350	64.7	3.81e-73	226
BRA030305	AT2G21290	86.7	1.87e-49	151
BRA030306	AT2G21280	89.5	4.79e-223	611
BRA030307	AT2G21270	88.8	1.39e-197	545
BRA030308	AT2G21240	77.1	2.67e-124	356
BRA030314	AT2G21230	70.8	3.81e-188	534
BRA030315	AT2G21195	65.7	1.58e-44	139
BRA030319	AT2G21140	64	4.56e-89	270
BRA030322	AT5G04230	83.2	0	1115
BRA030323	AT2G21070	78.4	8.15e-255	702
BRA030326	AT2G20940	79.2	1.09e-61	184
BRA030327	AT5G40820	88.5	0	4728
BRA030328	AT5G40890	94.6	0	1441
BRA030332	AT4G39600	56.9	1.78e-147	422
BRA030337	AT5G40240	85.2	2.87e-211	583
BRA030338	AT4G15540	85.2	8.02e-206	567
BRA030345	AT2G04650	93.9	3.25e-258	704
BRA030348	AT5G39930	70.7	4.89e-208	579
BRA030353	AT5G39310	76.9	4.11e-138	390
BRA030355	AT5G39210	53.5	1.51e-17	75.9
BRA030356	AT5G39200	65.2	1.57e-77	230
BRA030359	AT5G39050	76	9.68e-253	696
BRA030367	AT1G52720	67.7	2.22e-41	131
BRA030371	AT1G52680	87.5	1.36e-55	168
BRA030372	AT1G52600	97.8	1.11e-124	348
BRA030375	AT1G52570	92.6	0	1570
BRA030378	AT1G52540	85.4	1.8e-196	543
BRA030379	AT1G52530	92.5	2.96e-214	586
BRA030380	AT1G52510	90	5.21e-256	696
BRA030381	AT1G52500	91.2	6.57e-189	527
BRA030384	AT1G52420	84.9	0	1079
BRA030385	AT1G52410	72.5	3.58e-151	457
BRA030386	AT1G52400	83.4	0	941
BRA030387	AT1G52380	67.7	1.99e-166	474
BRA030388	AT1G52360	92.1	0	1415
BRA030390	AT1G52330	81.3	4.55e-104	299
BRA030393	AT1G52300	97.9	2.23e-63	186
BRA030396	AT1G52240	87.7	0	893
BRA030401	AT1G66900	94.1	1.46e-195	535
BRA030406	AT1G51965	87	1.52e-182	532
BRA030408	AT1G51930	59.6	1.21e-44	140
BRA030409	AT1G51913	69.2	1.56e-21	79.3
BRA030410	AT1G51920	65.8	1.3e-30	102
BRA030412	AT1G51860	81.6	0	1415
BRA030414	AT1G51850	78.7	0	1378
BRA030416	AT1G51800	89.5	0	1511
BRA030417	AT1G51790	72.7	0	1261
BRA030418	AT1G51770	83.7	3.55e-243	665
BRA030419	AT1G51760	89.6	5.84e-290	788
BRA030421	AT5G38590	57.7	5.2e-149	428
BRA030422	AT1G51730	87	7.64e-141	394
BRA030425	AT1G51690	84.7	6.96e-309	845
BRA030429	AT1G51680	91.3	0	989
BRA030430	AT1G51660	78.4	4.73e-204	563
BRA030432	AT1G51640	75.8	0	941
BRA030433	AT1G51630	89.1	4.73e-274	745
BRA030434	AT1G51610	87.2	6.93e-277	756
BRA030435	AT1G51560	84.6	2.26e-239	655
BRA030437	AT1G51500	94.6	0	1262
BRA030439	AT1G51420	84.6	5.59e-274	746
BRA030443	AT1G33790	52.1	8.16e-261	738
BRA030448	AT1G51260	89.6	1.08e-247	675
BRA030449	AT2G22410	79.3	0	976
BRA030451	AT1G51190	89.2	0	986
BRA030459	AT1G51070	66.9	2.88e-82	246
BRA030461	AT1G50960	77.6	4e-177	509
BRA030465	AT1G50950	82.8	5.35e-299	814
BRA030466	AT1G50930	67.5	2.39e-62	191
BRA030470	AT1G50890	76.8	0	1154
BRA030472	AT1G50840	81.7	0	1688
BRA030473	AT1G47600	84.5	0	924
BRA030474	AT1G36380	86.1	2.92e-42	132
BRA030481	AT1G50620	70.4	4.92e-242	680
BRA030482	AT1G50610	78.9	0	1002
BRA030485	AT1G50510	94.5	1.45e-210	578
BRA030486	AT1G50500	90.7	0	1448
BRA030491	AT1G50440	87.2	2.82e-143	400
BRA030494	AT1G01470	88.1	4.93e-98	278
BRA030498	AT1G02305	94	2.45e-247	673
BRA030501	AT1G02410	85.2	3.42e-168	466
BRA030502	AT1G02420	82.3	5.58e-119	353
BRA030503	AT1G02520	91.4	0	2206
BRA030505	AT1G02610	72.5	1.4e-99	286
BRA030506	AT1G02630	90	8.44e-261	709
BRA030509	AT1G02780	95.4	2.36e-130	365
BRA030510	AT1G02790	83.4	9.58e-260	709
BRA030511	AT1G02810	91.9	0	1050
BRA030512	AT1G02880	85.4	8.02e-159	441
BRA030513	AT1G02900	83.5	3.66e-65	192
BRA030514	AT1G02910	87	7.53e-278	758
BRA030515	AT1G02930	83.3	1.8e-126	355
BRA030516	AT1G02960	68.5	1.65e-203	570
BRA030518	AT1G03050	86.2	0	900
BRA030519	AT1G03110	78.6	4.55e-234	645
BRA030522	AT1G03160	89.1	0	1529
BRA030524	AT1G03190	96.2	0	1389
BRA030529	AT1G03330	97.8	2.26e-62	183
BRA030530	AT1G03350	71.8	9.9e-171	485
BRA030532	AT1G03440	88.1	4.43e-192	536
BRA030533	AT1G03510	89.5	1.22e-261	713
BRA030534	AT1G03540	85.1	0	1053
BRA030535	AT1G03550	95.8	2.37e-186	512
BRA030536	AT1G03590	82.2	3.87e-262	718
BRA030537	AT1G03600	84.7	7.73e-92	264
BRA030539	AT1G03620	92.9	6.37e-169	468
BRA030544	AT1G03830	68.4	0	1213
BRA030546	AT1G03860	96.8	6.1e-191	524
BRA030548	AT1G03900	88	1.23e-167	464
BRA030549	AT1G03905	92.4	4.31e-195	535
BRA030550	AT1G03940	81.8	3.49e-281	769
BRA030551	AT1G03960	87	0	929
BRA030553	AT1G04040	86	3.93e-179	493
BRA030557	AT1G04190	77.9	6.16e-173	482
BRA030558	AT1G04200	87.9	0	1211
BRA030560	AT1G04250	89.1	1.13e-148	412
BRA030561	AT1G04260	85.2	2.4e-103	294
BRA030566	AT1G04350	81.4	1.03e-216	595
BRA030568	AT1G04400	90.7	0	1140
BRA030570	AT1G04430	92	0	1202
BRA030576	AT1G04600	76.4	0	2236
BRA030577	AT2G33220	99.3	4.21e-102	289
BRA030578	AT1G04645	61.1	1.98e-57	174
BRA030581	AT1G04650	78.9	0	1480
BRA030586	AT1G04710	88.2	4.62e-278	758
BRA030591	AT1G04830	87.7	1.56e-219	608
BRA030592	AT1G04850	89.4	6.45e-203	565
BRA030597	AT1G04945	73.4	4.34e-203	573
BRA030599	AT1G04985	85.4	1.57e-102	293
BRA030601	AT5G40170	63.8	2.54e-238	684
BRA030602	AT1G05055	93.6	5.25e-294	796
BRA030603	AT4G20720	72.7	6.32e-273	766
BRA030608	AT1G05270	81.6	3.67e-200	554
BRA030609	AT1G05280	84.8	9.46e-310	841
BRA030611	AT1G05470	87.4	0	1025
BRA030613	AT1G05520	89.8	0	1409
BRA030616	AT1G05620	91.6	3.9e-216	591
BRA030617	AT1G05630	85	0	1999
BRA030618	AT1G05640	87.2	3.9e-233	658
BRA030619	AT1G05660	84.9	6.47e-250	682
BRA030620	AT1G05680	87.4	1.31e-303	823
BRA030621	AT1G05690	73.8	5.24e-190	532
BRA030624	AT1G05750	82.3	4.3e-259	714
BRA030625	AT1G05790	86.2	0	1244
BRA030626	AT1G05820	82.8	2.06001e-319	870
BRA030627	AT1G05835	86.6	1.76e-73	218
BRA030628	AT1G05850	92.5	2.52e-232	632
BRA030630	AT1G05894	67.9	5e-170	482
BRA030634	AT1G06020	87.6	5.32e-210	577
BRA030636	AT1G06060	81.7	1.15e-124	350
BRA030637	AT1G06070	74.3	1.54e-166	472
BRA030639	AT1G06110	81.7	3.62e-266	726
BRA030642	AT1G06220	95.1	0	1882
BRA030644	AT1G06240	87.8	7.66e-240	656
BRA030646	AT1G06260	80.9	4.41e-212	582
BRA030647	AT1G06280	81	8.52e-112	317
BRA030648	AT1G06320	70.8	1e-54	170
BRA030650	AT1G06360	86.3	6.2e-203	556
BRA030651	AT1G06410	94	0	1628
BRA030653	AT1G06460	71.7	5.32e-99	293
BRA030654	AT1G06470	88.2	1.54e-257	704
BRA030657	AT1G06550	87.9	2.24e-238	652
BRA030659	AT1G06660	75.5	6.6e-240	664
BRA030661	AT1G06690	93.6	1.36e-262	713
BRA030662	AT1G06790	77	6.13e-115	325
BRA030663	AT1G06850	80.1	1.35e-159	448
BRA030666	AT1G06950	90.9	0	1725
BRA030667	AT1G06970	84.2	0	1396
BRA030671	AT1G07120	81.1	1.07e-204	568
BRA030672	AT1G07130	71.3	7.78e-76	223
BRA030673	AT1G07135	54.5	5.73e-34	115
BRA030678	AT1G07340	84.5	1.15e-306	835
BRA030680	AT1G07380	87.6	0	1379
BRA030681	AT1G07420	95.9	4.38e-193	538
BRA030682	AT1G07460	77.3	4.18e-170	474
BRA030688	AT1G07530	78.3	0	1105
BRA030693	AT1G07615	77.6	4.31e-270	741
BRA030696	AT1G07640	74.3	7.94e-163	457
BRA030699	AT3G57310	55.3	5.18e-37	120
BRA030700	AT1G07745	71.9	4.78e-149	419
BRA030701	AT1G07730	71.6	7.3e-151	446
BRA030708	AT1G07990	84.6	0	1303
BRA030711	AT1G08035	73.1	2.37e-49	153
BRA030712	AT1G08050	71.9	3e-294	814
BRA030715	AT1G08180	74.8	5.27e-48	148
BRA030718	AT1G08220	83.9	1.54e-166	461
BRA030719	AT1G08230	87.8	1.31e-288	785
BRA030723	AT1G08410	85.4	0	958
BRA030732	AT1G08540	84.3	0	883
BRA030734	AT1G08590	86.8	1.15e-259	756
BRA030735	AT1G08620	79.3	0	1838
BRA030737	AT1G08650	90.1	2.68e-190	522
BRA030738	AT1G22090	51	3.07e-68	226
BRA030741	AT1G08790	85.3	6.56e-97	278
BRA030747	AT1G08920	89.3	4.43e-310	841
BRA030754	AT1G09060	74.8	0	1378
BRA030756	AT1G09130	90.3	7.27e-210	577
BRA030757	AT1G09150	95	2.51e-126	352
BRA030758	AT1G09155	78.9	2.63e-154	431
BRA030759	AT1G09160	91.4	1.11e-282	768
BRA030760	AT1G09170	76.7	0	1410
BRA030762	AT1G09195	78.6	5.88e-295	810
BRA030764	AT1G09220	79	2.98e-271	745
BRA030766	AT1G09290	77.6	3.56e-176	491
BRA030767	AT1G09300	89	5.43e-317	860
BRA030769	AT1G09330	96.2	3.12e-124	347
BRA030770	AT1G05080	53.6	8.65e-150	433
BRA030773	AT1G09400	81.5	2.02e-207	571
BRA030775	AT1G09420	82.5	0	1009
BRA030777	AT1G09430	95.5	8.47e-299	808
BRA030783	AT1G09540	82.1	7.14e-208	573
BRA030784	AT1G09550	77	1.2e-217	600
BRA030786	AT1G09580	79.5	6.06e-125	351
BRA030789	AT1G09610	89	1.73e-185	510
BRA030791	AT1G09660	86.5	4.42e-181	500
BRA030793	AT1G09700	77.6	6.11e-145	412
BRA030794	AT1G09730	73	0	1189
BRA030796	AT1G09750	83.9	1.38e-253	696
BRA030797	AT1G09760	87.3	2.65e-145	406
BRA030799	AT1G09780	94.3	0	1074
BRA030800	AT1G09790	76.9	2.95e-254	697
BRA030803	AT1G09840	95	3.18e-297	804
BRA030805	AT1G09920	87.2	2.5e-133	371
BRA030806	AT1G09932	73	5.68e-132	373
BRA030807	AT1G54330	83.2	6.32e-163	455
BRA030808	AT1G54320	87.3	8.55e-223	610
BRA030809	AT5G65950	85.5	0	1977
BRA030810	AT1G56180	74.2	1e-206	573
BRA030812	AT1G56160	71.9	2.07e-148	417
BRA030813	AT1G56140	82.1	0	1269
BRA030817	AT1G56090	69.6	2.87e-107	313
BRA030818	AT3G33520	86.9	6.55e-132	377
BRA030819	AT1G53720	87.3	1.88e-263	728
BRA030820	AT1G56010	83.5	6.36e-197	542
BRA030821	AT1G55920	79.6	3.54e-164	459
BRA030822	AT5G36210	91.6	0	1273
BRA030823	AT1G55915	81.5	1.87e-201	562
BRA030826	AT1G55910	88.2	2.28e-168	470
BRA030827	AT1G55900	73.5	3.96e-177	496
BRA030831	AT1G55840	90.4	7.62e-220	600
BRA030832	AT1G55810	84.8	1.21e-293	799
BRA030833	AT1G55805	79.1	6.68e-77	225
BRA030834	AT1G55790	78.6	1.33e-127	374
BRA030836	AT1G55760	92.1	7.97e-224	611
BRA030839	AT1G55740	90.6	0	1412
BRA030842	AT1G55680	89.5	4.9e-298	808
BRA030844	AT4G09320	88.5	1.48e-100	284
BRA030845	AT1G55620	90.3	0	1345
BRA030846	AT1G55610	82	0	1244
BRA030850	AT1G55560	95.6	0	1093
BRA030851	AT1G55550	70.2	0	1067
BRA030852	AT1G55540	69	0	2080
BRA030853	AT1G55535	90.1	1.18e-147	412
BRA030856	AT1G55510	79.5	3.64e-204	564
BRA030859	AT1G55475	65.3	7.95e-37	120
BRA030866	AT1G55360	94.3	1.5e-291	790
BRA030867	AT1G55340	90.3	1.21e-125	353
BRA030869	AT2G28600	66.9	3.29e-218	611
BRA030871	AT1G55280	78.9	5.09e-200	557
BRA030874	AT1G55250	82.6	0	1317
BRA030875	AT1G55240	78.5	1.1e-170	475
BRA030880	AT1G55200	76.3	0	972
BRA030883	AT1G55160	70.6	1.01e-67	205
BRA030884	AT1G55150	93.6	0	888
BRA030885	AT1G55140	82.9	2.6e-123	349
BRA030886	AT1G55110	75.9	7.42e-204	570
BRA030893	AT1G54270	97.3	5.88e-293	793
BRA030895	AT1G54217	83.8	6.08e-51	155
BRA030896	AT2G26780	81.9	0	2788
BRA030898	AT1G54200	57.3	3.3e-89	270
BRA030901	AT1G54140	85.2	1.43e-100	287
BRA030903	AT1G54120	84.7	1.47e-68	201
BRA030906	AT1G54100	94.1	0	942
BRA030907	AT1G54090	84.1	0	981
BRA030910	AT1G54050	84.6	2.02e-85	246
BRA030915	AT1G54000	82.3	1.29e-236	648
BRA030917	AT1G53990	75.1	1.08e-202	561
BRA030918	AT1G53920	85.7	9.11e-167	468
BRA030919	AT1G53910	70.5	8.07e-153	431
BRA030923	AT1G53730	85.2	0	1019
BRA030924	AT1G53710	84.3	0	894
BRA030931	AT1G53580	86.7	3.48e-157	437
BRA030934	AT1G53470	83.3	0	1375
BRA030940	AT1G53345	87.8	3.67e-206	566
BRA030941	AT1G53330	71.2	1.44e-136	400
BRA030944	AT1G53460	61.5	1.48e-111	323
BRA030945	AT1G53310	96.5	0	1863
BRA030947	AT1G53280	87.9	3.19e-264	722
BRA030948	AT1G53270	92.5	0	1050
BRA030951	AT1G53240	96.5	5.9e-232	632
BRA030952	AT1G53230	60.3	2.58e-123	359
BRA030953	AT1G53210	94.4	0	1046
BRA030955	AT1G53180	72.5	7.39e-154	438
BRA030957	AT1G53170	68.4	5.39e-78	230
BRA030963	AT1G53040	87.1	0	939
BRA030964	AT3G01980	71.2	8.33e-141	397
BRA030973	AT1G52700	91.4	1.63e-179	493
BRA030980	AT2G37410	69.9	5.81e-105	302
BRA030981	AT2G37430	79	1.64e-80	236
BRA030984	AT1G17340	67.7	0	1010
BRA030985	AT1G17370	93.6	2.51e-279	759
BRA030986	AT1G17380	66.7	7.6e-115	332
BRA030988	AT1G17420	92.4	0	1726
BRA030991	AT1G17500	93.6	0	2255
BRA030993	AT1G17580	88	0	2383
BRA030997	AT1G17610	78.8	3.38e-234	645
BRA030998	AT1G17600	78.7	0	1522
BRA031000	AT1G45403	56.6	1.38e-53	167
BRA031001	AT1G17700	81.8	7.71e-98	280
BRA031003	AT1G17720	89.8	0	878
BRA031005	AT1G17810	92.9	1.5e-181	499
BRA031010	AT1G17980	80.6	0	1107
BRA031011	AT1G18000	88.8	7.19e-299	811
BRA031014	AT1G18080	96.3	1.24e-187	519
BRA031016	AT1G18100	96	2.18e-123	344
BRA031018	AT1G18170	76.1	2.05e-122	348
BRA031025	AT1G18290	79.2	8.48e-97	277
BRA031026	AT3G10110	85.5	9.25e-101	286
BRA031029	AT1G18460	85.8	0	1179
BRA031030	AT1G18470	88.4	9.48e-311	843
BRA031031	AT1G18500	89.3	0	1080
BRA031034	AT1G18540	92.7	7.9e-149	413
BRA031039	AT1G18680	87.7	1.92e-110	312
BRA031040	AT1G18700	83.8	0	1145
BRA031044	AT1G18720	85.7	1.06e-119	337
BRA031048	AT1G18740	84.8	8.56e-218	600
BRA031049	AT1G18750	81.4	1.96e-226	623
BRA031054	AT1G18880	89.7	0	1045
BRA031055	AT1G18890	87.8	0	941
BRA031056	AT1G18910	79.5	0	1944
BRA031057	AT1G18950	78.3	0	895
BRA031058	AT1G18980	91.8	2.33e-135	378
BRA031061	AT1G19020	77.9	9.64e-40	125
BRA031062	AT1G19025	79.2	2.72e-305	837
BRA031063	AT1G19100	81.6	0	1037
BRA031065	AT1G19180	74.4	2.56e-125	356
BRA031069	AT1G19210	69.9	2.17e-87	259
BRA031080	AT1G19400	83.2	9.77e-166	462
BRA031081	AT1G19440	92.2	0	953
BRA031084	AT2G19490	87.4	3.72e-250	686
BRA031090	AT2G19590	86.1	9.41e-193	530
BRA031091	AT2G19600	93.3	0	991
BRA031093	AT2G19730	91.6	6.09e-86	247
BRA031094	AT2G19740	95.8	1.45e-77	224
BRA031106	AT2G19880	92.5	0	1000
BRA031107	AT2G19910	70.3	0	1354
BRA031109	AT2G20060	86.6	4.03e-175	494
BRA031111	AT2G20100	56.3	4.12e-119	350
BRA031114	AT2G20280	90.8	9.21e-190	528
BRA031117	AT2G20360	94	1.49e-272	740
BRA031119	AT2G20430	76.5	3.68e-84	247
BRA031125	AT2G20490	92.2	7.85e-41	127
BRA031126	AT2G20540	78	6.59e-193	543
BRA031127	AT2G20560	92.3	1.57e-216	593
BRA031131	AT2G20590	76.2	2.59e-185	523
BRA031135	AT2G20635	76.5	3.37e-288	788
BRA031137	AT2G20680	90	4.11e-308	833
BRA031138	AT2G20760	73.2	8.74e-109	319
BRA031140	AT2G20830	88.4	9.19e-183	509
BRA031142	AT2G20835	97.1	4.02e-47	143
BRA031143	AT2G20860	93.5	7.42e-254	691
BRA031144	AT2G20870	80.3	1.05e-75	221
BRA031145	AT2G20875	81.3	5.6e-54	163
BRA031146	AT2G20880	65.7	9.45e-124	357
BRA031147	AT2G20890	85.7	1.42e-160	448
BRA031151	AT2G20930	95	5.27e-96	272
BRA031154	AT2G20970	51.2	1.57e-104	312
BRA031157	AT2G20990	87	0	1007
BRA031158	AT2G21050	96.3	0	967
BRA031159	AT2G21060	80.4	1.47e-49	159
BRA031160	AT2G21090	83.8	1.35e-243	680
BRA031161	AT2G21100	87.7	1.66e-120	338
BRA031162	AT2G21110	77.2	4.27e-102	291
BRA031164	AT2G21120	92.3	6.23e-214	586
BRA031165	AT2G21150	91.4	5.18e-200	551
BRA031166	AT2G21160	88	2.02e-154	429
BRA031167	AT2G21170	92.2	7.95e-200	549
BRA031168	AT2G21180	80.5	1.79e-68	202
BRA031169	AT2G21185	89.2	1.21e-57	171
BRA031171	AT2G21220	95.1	3.97e-68	199
BRA031174	AT2G21237	58.2	9.6e-51	160
BRA031177	AT2G21250	93.9	2.69e-221	603
BRA031179	AT2G21300	87.6	0	1432
BRA031180	AT2G21320	88.6	2.89e-109	309
BRA031181	AT2G21330	93.5	4.41e-268	729
BRA031182	AT2G21340	85.7	0	903
BRA031183	AT2G21370	88.3	2.47e-309	840
BRA031184	AT2G21380	85.8	0	1604
BRA031185	AT2G21385	84.1	7.86e-193	533
BRA031187	AT2G21410	94.8	0	1524
BRA031190	AT2G21440	69.6	0	1217
BRA031191	AT2G21470	82.1	0	1082
BRA031192	AT2G21490	50	1.36e-19	81.3
BRA031193	AT2G21500	74.4	8.41e-205	570
BRA031195	AT2G21510	89.5	5.61e-220	603
BRA031196	AT2G21520	88.9	0	1087
BRA031197	AT2G21530	79.3	5.69e-101	290
BRA031201	AT2G21560	63.5	7.66e-73	222
BRA031204	AT2G21610	88.7	1.29e-209	576
BRA031205	AT2G21620	88.1	1.01e-116	328
BRA031206	AT2G21630	81.4	0	1222
BRA031208	AT1G64710	93.7	7.89e-264	716
BRA031209	AT2G21650	86.2	1.36e-56	169
BRA031210	AT2G21660	93.8	1.09e-60	185
BRA031213	AT2G21710	87.8	9.33e-288	798
BRA031214	AT4G39280	85.8	4.11e-310	842
BRA031216	AT2G21730	90.3	2.83e-236	645
BRA031217	AT2G21740	84.1	1.53e-73	214
BRA031218	AT2G21780	71.4	5.38e-32	108
BRA031219	AT2G21870	91.7	4.67e-147	409
BRA031222	AT2G21910	83.8	0	876
BRA031223	AT2G21970	88.1	1.73e-122	344
BRA031224	AT2G22000	63.8	5.9e-24	87
BRA031225	AT2G22010	90.5	0	2298
BRA031229	AT2G22070	83.6	0	1115
BRA031230	AT2G22090	68	1.23e-130	375
BRA031232	AT2G22122	59.1	8.96e-13	56.6
BRA031234	AT3G20840	87.1	0	933
BRA031235	AT3G20860	91.8	7.63e-267	728
BRA031237	AT3G20870	95.6	5.24e-171	473
BRA031239	AT3G20880	77.8	5.15e-204	565
BRA031243	AT3G20920	86.8	2.14e-198	549
BRA031244	AT3G20930	79.5	6.3e-210	580
BRA031245	AT3G20970	84.5	1.67e-160	447
BRA031247	AT3G21055	66	6.66e-33	110
BRA031249	AT3G21090	94.8	0	1281
BRA031250	AT3G21100	75.5	9.81e-287	792
BRA031254	AT3G21140	85.6	6.47e-236	647
BRA031256	AT3G21160	88.8	0	1019
BRA031258	AT3G21175	71.7	1.18e-153	432
BRA031260	AT3G21190	93.1	6.8e-288	781
BRA031266	AT3G21240	87.4	0	927
BRA031267	AT3G21250	88	0	2496
BRA031268	AT3G21260	83.2	1.31e-126	356
BRA031270	AT3G21290	70.8	0	1264
BRA031271	AT3G21295	62.1	1.34e-228	647
BRA031272	AT3G21300	88.2	0	1008
BRA031273	AT3G21310	82	1.36e-237	650
BRA031274	AT3G21320	72.6	2.62e-260	721
BRA031275	AT3G21330	80.5	1.13e-186	519
BRA031277	AT3G21350	73.2	8.37e-144	404
BRA031278	AT3G21352	75.3	4.19e-36	115
BRA031279	AT3G21360	88.9	4.18e-218	596
BRA031281	AT3G21420	92.3	4.98e-249	677
BRA031282	AT3G21430	83.5	0	1744
BRA031283	AT3G21465	83.5	2.35e-232	637
BRA031284	AT5G53635	52.7	6.67e-125	370
BRA031285	AT3G21470	66.7	1.91e-195	555
BRA031286	AT3G21480	64.9	0	1139
BRA031291	AT3G21600	84.8	4.57e-222	610
BRA031293	AT3G21630	83.1	0	970
BRA031294	AT3G21650	84.1	9.1e-319	868
BRA031295	AT3G21670	90.8	0	1028
BRA031296	AT3G21690	90.9	0	877
BRA031299	AT3G21700	86	7.78e-172	476
BRA031301	AT3G21720	95.2	0	1094
BRA031304	AT3G21750	68.6	4.89e-234	649
BRA031305	AT3G21740	81.6	3.63e-211	579
BRA031313	AT3G21820	85.4	2.86e-280	764
BRA031315	AT3G21870	87.1	9.59e-127	355
BRA031321	AT3G22060	79.9	8.49e-147	410
BRA031323	AT1G71470	50	5.84e-15	66.2
BRA031324	AT3G22100	52.4	1.78e-71	219
BRA031325	AT3G22104	83.3	1.45e-289	792
BRA031330	AT3G22170	86.5	0	1358
BRA031331	AT3G22190	83.1	4.73e-190	531
BRA031332	AT3G22200	90.1	0	889
BRA031333	AT1G54310	89.7	3.37e-272	743
BRA031336	AT3G22210	84.5	1.27e-33	109
BRA031345	AT3G22270	84	0	1231
BRA031346	AT3G22275	67.5	4.82e-44	139
BRA031348	AT3G22300	70.1	3.1e-98	285
BRA031349	AT3G22310	84.5	1.43e-308	848
BRA031351	AT3G22370	85.8	1.15e-221	608
BRA031352	AT1G21920	86.3	3.38e-104	315
BRA031353	AT1G21930	91.7	2.65e-51	155
BRA031356	AT1G21970	73	8.23e-96	278
BRA031358	AT1G22020	86.5	0	1015
BRA031361	AT1G22050	90.8	9.44e-76	219
BRA031362	AT1G22060	78	0	2769
BRA031363	AT1G22065	69.8	2.07e-26	90.9
BRA031364	AT1G22070	85.3	4.77e-219	603
BRA031367	AT1G22140	83.6	1.24e-31	104
BRA031368	AT1G22150	88.9	0	1129
BRA031371	AT1G22190	71.3	8.4e-106	306
BRA031373	AT1G22220	74	1.62e-151	427
BRA031377	AT1G22250	74.1	5.97e-95	274
BRA031383	AT1G22300	95.3	8.11e-161	445
BRA031385	AT1G22330	78.8	4.81e-127	363
BRA031387	AT1G22360	85.7	3.16e-312	847
BRA031389	AT1G22410	92	0	959
BRA031390	AT1G22430	86.4	3.61e-250	682
BRA031392	AT1G61820	82.4	0	890
BRA031393	AT1G61800	89.6	1.08e-248	680
BRA031396	AT1G61790	80.3	2.21e-195	540
BRA031398	AT1G61770	91.3	1.02e-200	550
BRA031401	AT1G61740	88.3	8.3e-294	799
BRA031404	AT1G61700	91.5	2.98e-48	146
BRA031406	AT1G61690	72.2	0	1110
BRA031408	AT1G61670	85.2	1.07998e-319	869
BRA031409	AT1G61667	94.1	1.14e-100	286
BRA031413	AT1G61660	79.2	8.57e-208	575
BRA031417	AT1G61630	76.2	2.72e-200	555
BRA031420	AT1G61620	92.3	8.38e-205	561
BRA031423	AT1G61580	93	5.19e-271	735
BRA031425	AT2G22055	67.1	2.58e-29	99
BRA031429	AT1G61500	79.6	0	1289
BRA031433	AT1G61490	78.3	0	1273
BRA031434	AT1G61380	80.4	0	1334
BRA031435	AT1G61340	76.1	3.62e-90	261
BRA031443	AT1G61240	92	8.77e-297	803
BRA031444	AT1G61215	73.8	3.04e-214	598
BRA031445	AT1G61210	67.9	0	939
BRA031448	AT1G61170	79.3	2.04e-117	335
BRA031450	AT1G61150	90.5	2.7e-149	415
BRA031452	AT1G61140	69.3	0	1588
BRA031453	AT1G61130	77.5	2.48e-268	734
BRA031456	AT1G61100	73.1	0	938
BRA031457	AT1G61080	70.9	0	926
BRA031459	AT1G61040	78	3.72e-317	873
BRA031460	AT1G61010	94.8	0	1295
BRA031462	AT1G60995	85.3	0	928
BRA031464	AT1G60990	86.5	3.2e-264	721
BRA031466	AT1G60986	68.8	4.98e-45	140
BRA031468	AT5G09890	93.2	0	943
BRA031470	AT1G60960	87.8	1.3e-233	643
BRA031471	AT1G60950	92.6	2.99e-93	266
BRA031477	AT1G60900	86.5	5.28e-256	714
BRA031479	AT1G60800	74.7	0	891
BRA031481	AT1G60780	97.4	2.38e-307	830
BRA031483	AT1G05530	80.7	5.44e-264	724
BRA031485	AT1G60750	84.9	6.14e-218	597
BRA031489	AT1G60660	84.2	5.6e-67	197
BRA031491	AT1G60640	71.6	1.38e-53	176
BRA031492	AT1G60630	77.2	6.52e-300	830
BRA031493	AT1G60620	72.9	1.53e-209	580
BRA031495	AT1G60610	76.1	4.02e-173	483
BRA031496	AT1G60600	83.1	8.65e-221	607
BRA031499	AT1G60560	92.6	0	1355
BRA031506	AT1G60460	80	4.93e-282	771
BRA031513	AT1G60420	87.2	0	1027
BRA031520	AT1G60200	75.2	1e-311	879
BRA031521	AT1G60190	77	0	1000
BRA031522	AT1G60170	88.5	1.01e-289	791
BRA031523	AT1G60160	94.3	0	1499
BRA031526	AT1G60140	91	0	1596
BRA031531	AT1G60060	80.9	7.87e-229	628
BRA031533	AT1G06650	82.4	3.11e-234	640
BRA031534	AT1G06680	89.4	1.16e-167	463
BRA031536	AT1G06750	94.5	0	910
BRA031539	AT1G06820	89.2	0	1035
BRA031540	AT1G06830	94.9	2.27e-67	196
BRA031543	AT1G06890	96.9	3.61e-243	662
BRA031545	AT1G06910	62.1	3.36e-142	410
BRA031546	AT1G06920	68.2	7.84e-125	358
BRA031547	AT1G06923	74.8	2.8e-53	164
BRA031550	AT1G06990	85	7.21e-211	579
BRA031551	AT1G07080	78.9	7.4e-152	423
BRA031552	AT1G07090	86.8	3.54e-118	333
BRA031553	AT1G07110	88.4	0	1275
BRA031556	AT1G07200	70.7	0	1233
BRA031558	AT1G07220	86.5	0	931
BRA031559	AT1G07250	76.9	8.47e-268	734
BRA031569	AT1G07300	82.2	2.92e-63	191
BRA031572	AT1G07390	71.5	0	958
BRA031574	AT1G07430	79	2.22e-244	672
BRA031575	AT1G07450	85	3.18e-164	454
BRA031577	AT1G07470	89.1	1.21e-232	637
BRA031578	AT1G07490	73.8	2.02e-30	103
BRA031579	AT1G07510	84.4	0	1257
BRA031580	AT1G07520	75.5	0	979
BRA031582	AT4G05460	57.8	1.67e-121	352
BRA031584	AT1G07560	84.5	0	1394
BRA031585	AT1G07570	93.6	2.02e-264	721
BRA031586	AT1G07590	87.3	0	914
BRA031589	AT1G07645	94.2	3.76e-93	265
BRA031590	AT1G07770	100	2.61e-92	262
BRA031593	AT1G07670	94.1	0	1951
BRA031597	AT1G07880	91.7	5.92e-252	685
BRA031598	AT1G07890	94.3	9.87e-177	485
BRA031600	AT1G07910	81.3	0	1877
BRA031603	AT5G60400	69.9	1.02e-40	129
BRA031606	AT1G07980	68.9	5.8e-78	231
BRA031610	AT1G08090	94.7	0	1004
BRA031613	AT1G08135	73.3	0	1157
BRA031617	AT1G08210	90.9	4.6e-318	865
BRA031620	AT1G08250	84.4	3.3e-228	628
BRA031621	AT1G08290	80.7	6.74e-197	543
BRA031624	AT1G08380	88.1	3.34e-92	263
BRA031626	AT1G08420	88.7	0	1747
BRA031627	AT1G08450	83.8	2.41e-232	639
BRA031628	AT1G08460	88	3.16e-252	687
BRA031629	AT1G08465	85.1	2.18e-111	315
BRA031630	AT1G08500	82.3	4.49e-125	353
BRA031631	AT1G08510	89.3	8.26e-271	737
BRA031633	AT1G08580	83.9	4.87e-60	180
BRA031635	AT1G08610	58.1	2.23e-44	164
BRA031636	AT1G08630	91	4.34e-238	649
BRA031637	AT1G08660	88.4	0	870
BRA031638	AT1G08670	79.7	1.56e-125	354
BRA031639	AT1G08720	81.7	0	1419
BRA031642	AT1G08830	94.1	4.94e-103	291
BRA031643	AT1G08840	84.3	0	2160
BRA031645	AT1G08860	87.5	0	1025
BRA031649	AT1G08930	90.6	0	880
BRA031650	AT1G08960	92.3	1.61e-110	325
BRA031651	AT1G08970	94.4	5.08e-120	340
BRA031652	AT1G08980	86.4	1.36e-260	712
BRA031653	AT1G08990	81.4	0	882
BRA031654	AT1G09020	89.7	0	886
BRA031656	AT1G09070	71.6	5.79e-125	360
BRA031657	AT1G09080	92.1	0	1127
BRA031658	AT1G09090	84.4	0	1420
BRA031661	AT1G09320	71.3	3.5e-247	685
BRA031663	AT1G09350	88.4	3.81e-225	615
BRA031666	AT1G09500	75.4	2.4e-170	475
BRA031668	AT1G09530	70.1	1.49e-227	635
BRA031670	AT4G20480	53.9	1.22e-23	91.3
BRA031674	AT1G09600	77	0	983
BRA031675	AT1G09620	85.8	0	1902
BRA031676	AT1G09640	91.1	2.31e-277	753
BRA031684	AT1G09800	84.9	6.34e-198	546
BRA031688	AT1G09930	93.6	0	1342
BRA031694	AT1G09980	88.5	0	1414
BRA031697	AT1G10010	77.4	1.66e-268	736
BRA031698	AT1G10050	85	0	1862
BRA031700	AT1G10120	76.6	1.12e-169	475
BRA031701	AT1G10130	90	0	1783
BRA031702	AT1G10140	77.6	2.22e-74	219
BRA031705	AT5G35360	89.5	0	924
BRA031706	AT1G10270	73.9	1.05e-226	662
BRA031707	AT1G10290	94	0	1575
BRA031708	AT1G10360	85	2e-141	394
BRA031710	AT1G10410	82.9	5.29e-278	760
BRA031712	AT1G10430	96.7	3.87e-233	632
BRA031713	AT1G10460	64.4	7.43e-88	256
BRA031714	AT1G10470	84.7	1.04e-134	380
BRA031715	AT1G10480	82	4.02e-113	321
BRA031717	AT1G10530	78.3	1.65e-85	248
BRA031721	AT1G10585	81.1	3.45e-43	138
BRA031722	AT1G10590	92.8	1.59e-89	256
BRA031733	AT1G11070	57.8	3.2e-234	670
BRA031735	AT1G11050	85.5	0	1065
BRA031736	AT1G11020	87.3	8.98e-210	574
BRA031742	AT1G10900	87	0	991
BRA031744	AT1G10865	95.8	8.55e-48	145
BRA031747	AT1G10780	84.9	1.04e-263	719
BRA031748	AT1G10770	74.4	5.28e-85	246
BRA031750	AT1G10750	91.1	0	887
BRA031751	AT1G10740	91	0	888
BRA031753	AT1G10720	79.5	1.02e-136	392
BRA031758	AT1G11190	85.9	1.19e-201	553
BRA031762	AT1G11260	97.5	0	1015
BRA031769	AT1G11530	87.9	8.23e-72	209
BRA031771	AT1G11580	89.6	6.04e-298	814
BRA031773	AT1G11600	93.5	0	975
BRA031774	AT1G11650	87.3	5.25e-216	597
BRA031775	AT1G11655	79.8	7.59e-57	171
BRA031776	AT1G11670	88	1.13e-313	852
BRA031777	AT1G11750	87.2	4.63e-169	468
BRA031778	AT1G11765	59.7	4.43e-52	160
BRA031781	AT1G11780	86.7	1.77e-222	608
BRA031783	AT1G11800	79.8	2.19e-235	649
BRA031784	AT1G11850	93	7.66e-19	74.7
BRA031785	AT1G11860	95.6	1.53e-292	792
BRA031786	AT1G11870	90.5	7.51998e-319	867
BRA031789	AT2G32560	77.8	9.79e-217	597
BRA031790	AT1G11910	93.5	0	954
BRA031795	AT1G11925	66	1.52e-40	132
BRA031802	AT5G65940	85.9	8.1e-232	635
BRA031803	AT5G65980	96.1	4.12e-261	710
BRA031804	AT5G66090	71.4	4.33e-89	260
BRA031806	AT5G66180	82.7	1.99e-239	655
BRA031807	AT5G66200	88.8	0	1049
BRA031808	AT5G66240	89.9	1.45e-212	583
BRA031809	AT5G66400	67.8	4.27e-21	85.5
BRA031810	AT5G66380	91.9	9.38e-203	556
BRA031816	AT5G66650	85	4.7e-198	545
BRA031823	AT5G66780	76	3.63e-43	137
BRA031824	AT5G66815	65.4	2.08e-37	121
BRA031835	AT5G67460	77.8	3.9e-194	540
BRA031836	AT1G03100	92	2.47e-117	359
BRA031840	AT5G67550	82	6.83e-305	831
BRA031843	AT5G65925	74.4	4.31e-70	207
BRA031844	AT5G65870	79.2	6.27e-37	118
BRA031846	AT5G65800	98.1	0	929
BRA031849	AT5G65683	76.1	0	1000
BRA031850	AT5G65670	75.6	9.82e-148	417
BRA031851	AT5G65660	85.4	4.4e-83	239
BRA031853	AT5G65590	71.6	1.78e-148	419
BRA031854	AT5G65530	83	6.38e-274	749
BRA031855	AT3G57640	51.6	1.77e-83	255
BRA031860	AT5G65400	82.5	5.84e-141	395
BRA031861	AT5G65370	70.6	4.3e-146	411
BRA031864	AT5G65330	51.1	8.74e-93	279
BRA031866	AT5G65310	79.5	1.52e-152	429
BRA031868	AT5G65290	91.9	0	1249
BRA031874	AT5G65205	84.5	1.94e-170	472
BRA031875	AT5G65200	81	7.95e-259	718
BRA031877	AT5G65165	89.1	4.84e-205	561
BRA031878	AT5G65158	94.2	1.96e-73	215
BRA031879	AT5G65140	89.7	1.31e-229	629
BRA031884	AT5G65070	63.8	2.54e-82	243
BRA031889	AT5G65040	66.7	1.6e-38	124
BRA031892	AT5G64960	90.2	0	875
BRA031893	AT2G29180	71.1	1.63e-53	167
BRA031898	AT5G64840	88.9	0	1129
BRA031903	AT5G64750	75.3	1.9e-166	470
BRA031907	AT5G64710	56.6	1.82e-271	767
BRA031909	AT5G64680	51.4	9.32e-48	155
BRA031915	AT5G64530	87.7	4.77e-122	342
BRA031917	AT5G64440	80.9	0	977
BRA031918	AT5G64430	70.2	5.23e-189	536
BRA031920	AT5G64410	95.2	0	1070
BRA031923	AT5G64320	72.6	3.7e-80	270
BRA031926	AT5G64280	85.7	0	909
BRA031931	AT5G64230	76.5	3.27e-190	530
BRA031943	AT5G63940	86.4	0	1182
BRA031944	AT5G63920	91.5	0	1681
BRA031945	AT3G04100	51.4	2.96e-46	150
BRA031946	AT3G04090	88.7	4.15e-147	409
BRA031950	AT3G04060	81.5	2.73e-205	565
BRA031952	AT3G04030	82.8	6.21e-221	609
BRA031953	AT3G04020	86.5	9.54e-192	528
BRA031954	AT3G04010	90.8	0	916
BRA031956	AT3G04000	82.5	3.25e-154	430
BRA031957	AT3G03990	95.1	9.82e-187	512
BRA031958	AT3G03970	75.3	4.25e-277	764
BRA031960	AT3G03950	70.3	1.5e-200	559
BRA031965	AT3G03900	95.5	9.07e-141	390
BRA031966	AT3G03890	88.3	2.58e-193	533
BRA031967	AT3G03880	73.8	1.96e-85	249
BRA031968	AT3G03870	71.4	1.3e-124	354
BRA031972	AT3G03800	85.3	1.32e-167	466
BRA031973	AT3G03790	84.7	0	1714
BRA031976	AT3G03750	71	1.41e-174	488
BRA031979	AT3G03700	88.1	1.16e-296	808
BRA031980	AT3G03660	76	4.55e-132	378
BRA031981	AT3G03650	83.3	3.51e-302	823
BRA031982	AT3G03620	88.9	2.43e-318	864
BRA031984	AT3G03600	93.2	9.54e-142	394
BRA031985	AT3G03590	76.8	6.11e-61	184
BRA031986	AT3G03580	78.4	0	1372
BRA031987	AT3G03520	93.3	0	1003
BRA031988	AT3G03510	74.1	1.17e-229	639
BRA031989	AT3G03480	83.2	1.34e-275	752
BRA031991	AT3G03450	74	1.27e-268	741
BRA031993	AT3G03430	92.8	3.72e-52	157
BRA031994	AT3G03380	92.7	0	2033
BRA031995	AT3G03330	90.2	1e-205	565
BRA031997	AT3G03320	77.6	2.34e-130	368
BRA031998	AT3G03305	83.7	0	1216
BRA031999	AT3G03300	75.3	0	2006
BRA032000	AT3G03290	83	1e-127	381
BRA032001	AT3G03280	75.1	7.05e-87	251
BRA032002	AT3G03270	93.3	3.64e-88	255
BRA032003	AT3G03260	62.3	9.05e-297	826
BRA032005	AT3G03240	85.8	6.97e-217	606
BRA032007	AT3G03210	86.7	1.44e-238	651
BRA032010	AT3G03190	80.4	2.48e-123	347
BRA032013	AT3G03150	81.4	1.12e-61	184
BRA032014	AT3G03140	75.8	0	1039
BRA032018	AT3G03090	88.3	4.76e-311	846
BRA032020	AT3G03070	90.2	2.95e-71	207
BRA032022	AT3G03050	92.2	0	2134
BRA032023	AT3G02990	78.1	1.14e-246	680
BRA032024	AT3G02980	84.2	1.7e-141	396
BRA032026	AT3G02960	75	5.09e-124	352
BRA032027	AT3G02950	86.4	3.85e-132	371
BRA032028	AT3G02940	85.7	4.68e-210	575
BRA032029	AT2G25280	91.7	7.23e-201	550
BRA032030	AT2G25260	93.5	1.38e-201	553
BRA032032	AT2G25220	81.5	4.69e-244	671
BRA032033	AT4G31985	98	8.45e-33	105
BRA032034	AT2G25190	76.3	2.73e-127	360
BRA032035	AT2G25180	78.4	3.96e-304	836
BRA032037	AT2G26650	88.7	0	1405
BRA032038	AT2G25110	94	2.97e-159	438
BRA032040	AT2G25100	91.1	2.47e-194	533
BRA032042	AT2G25090	86.8	5.91e-290	790
BRA032045	AT5G38850	61	0	1046
BRA032047	AT2G25010	91.1	0	946
BRA032049	AT2G26860	61.1	1.38e-149	429
BRA032051	AT5G37350	88.2	4.89e-306	836
BRA032054	AT2G24960	75.4	0	1209
BRA032055	AT2G24940	93	3.91e-64	188
BRA032056	AT2G24860	84.6	1.62e-71	211
BRA032059	AT5G27640	85.8	0	1268
BRA032061	AT2G24790	74.4	4.62e-106	310
BRA032062	AT2G24765	99.5	1.02e-130	363
BRA032068	AT1G64840	63.9	1.24e-164	496
BRA032072	AT2G24720	76.2	0	1385
BRA032075	AT4G00260	60.6	1.68e-193	572
BRA032080	AT2G24640	81.6	0	986
BRA032081	AT2G24610	91.7	0	1298
BRA032082	AT2G24590	79.7	2.73e-91	265
BRA032083	AT2G24580	89.5	1.06e-278	757
BRA032084	AT2G24570	78.5	2.8e-175	488
BRA032088	AT2G24490	82.1	2.1e-158	441
BRA032095	AT2G24430	93.1	2.1e-199	548
BRA032096	AT2G24420	65.8	4.3e-141	410
BRA032097	AT2G24400	80.4	3.09e-91	263
BRA032099	AT2G24390	80.4	2.81e-85	246
BRA032104	AT2G24330	74.2	7e-201	559
BRA032105	AT2G24320	85.4	4.86e-198	543
BRA032107	AT2G24300	91.7	0	1090
BRA032109	AT2G24280	91.7	0	942
BRA032110	AT2G24270	97.2	0	963
BRA032114	AT1G28430	73	1.12e-276	761
BRA032115	AT2G24230	84	0	1130
BRA032118	AT2G24200	90.6	0	904
BRA032122	AT2G24090	81.2	3.94e-70	207
BRA032124	AT2G24060	84.1	1.4e-151	426
BRA032129	AT2G24040	93.3	1.96e-48	147
BRA032131	AT2G23990	52.6	8.96e-49	158
BRA032132	AT2G23980	89.4	0	1308
BRA032133	AT2G23950	91.5	0	939
BRA032134	AT2G23945	76.5	2.02e-255	701
BRA032136	AT4G30480	58.5	4.8e-81	245
BRA032137	AT2G23910	92.4	3.73e-207	566
BRA032138	AT2G23900	92.3	2.09e-315	868
BRA032145	AT2G23780	79	2.54e-128	361
BRA032146	AT2G23770	77.1	3.60999e-319	875
BRA032148	AT2G23740	73.9	0	1997
BRA032149	AT2G23700	80.4	0	933
BRA032151	AT2G23690	90.2	1.79e-99	283
BRA032152	AT2G23670	92.6	2.19e-66	199
BRA032153	AT2G23660	84.9	3.1e-186	514
BRA032154	AT2G23630	87.2	0	989
BRA032155	AT2G23620	84	1.58e-167	463
BRA032157	AT2G23580	78.9	3.65e-148	414
BRA032162	AT2G23540	93.7	2.75e-253	690
BRA032163	AT2G23530	65.3	2.65e-170	488
BRA032164	AT2G23520	84.5	0	1415
BRA032165	AT2G23470	80.9	6.14e-280	768
BRA032166	AT2G23460	83.9	0	1437
BRA032169	AT2G23380	81.5	0	1381
BRA032172	AT2G23350	73.9	0	887
BRA032173	AT2G23340	85.4	2.13e-94	271
BRA032174	AT2G23320	76.7	1e-156	440
BRA032175	AT2G23300	88.2	0	1020
BRA032177	AT2G23270	70.9	3.36e-36	117
BRA032183	AT1G78490	62.2	5.21e-212	593
BRA032185	AT5G36150	79.2	0	1314
BRA032186	AT2G23060	85.7	1.15e-269	733
BRA032187	AT2G23050	82.5	6.29e-288	786
BRA032188	AT2G23030	89.7	6.53e-224	612
BRA032189	AT2G22980	72.9	5.35e-238	655
BRA032191	AT1G43700	77.3	3.14e-145	412
BRA032192	AT1G43850	74.1	0	1030
BRA032193	AT1G43860	88.4	9.99e-235	642
BRA032196	AT1G43890	98.6	1.52e-147	408
BRA032199	AT1G44100	84.3	5.38e-307	834
BRA032202	AT1G44110	79.4	3.51e-230	636
BRA032203	AT1G44120	81.6	0	3186
BRA032204	AT1G44160	76.5	4.07e-172	483
BRA032213	AT1G47056	81.1	3.1e-297	812
BRA032215	AT1G47330	91.8	6.89e-289	793
BRA032216	AT1G47260	89.2	2.82e-175	484
BRA032229	AT1G47740	92.8	1.4e-192	528
BRA032231	AT1G47670	97.3	0	1010
BRA032232	AT1G47603	78.7	4.49e-218	602
BRA032238	AT1G47990	88.1	8.36e-207	567
BRA032242	AT1G48160	92.2	1.34e-74	218
BRA032244	AT1G36340	68.2	1.55e-74	219
BRA032247	AT1G48310	81.6	0	935
BRA032254	AT1G48410	86.2	0	1754
BRA032255	AT1G48450	83.6	1.68e-229	632
BRA032258	AT1G48620	60.3	2.42e-150	441
BRA032259	AT1G66235	65.4	2.27e-93	275
BRA032261	AT1G48630	93.3	8.88e-183	507
BRA032266	AT1G48760	82.5	0	1245
BRA032267	AT1G48840	87.9	0	1181
BRA032272	AT1G49050	72.6	2.75e-297	816
BRA032273	AT1G49130	69.8	2.35e-144	409
BRA032274	AT1G49170	86.8	9.1e-67	197
BRA032283	AT1G49350	78	1.33e-111	324
BRA032284	AT1G49430	91.1	0	1239
BRA032286	AT1G49480	80.4	9.77e-124	349
BRA032293	AT4G01360	70.5	1.83e-152	446
BRA032295	AT1G29260	94.3	9.18e-150	422
BRA032296	AT1G29250	94.6	2.8e-78	226
BRA032297	AT1G29220	76.2	6.06e-154	435
BRA032298	AT1G29200	86.5	0	1038
BRA032302	AT1G29300	80.4	3.96e-243	670
BRA032304	AT5G38780	71.5	3.89e-191	531
BRA032314	AT1G29380	71.3	1.26e-90	275
BRA032315	AT1G29390	79.7	1.5e-122	346
BRA032316	AT1G29400	83.2	0	1274
BRA032322	AT1G29450	86.5	3.26e-80	232
BRA032324	AT1G29530	57.8	3.62e-60	189
BRA032325	AT1G29590	75.1	5.25e-134	377
BRA032330	AT1G29680	86.5	1.22e-156	433
BRA032332	AT1G29720	68.7	0	1021
BRA032333	AT1G29750	62.9	0	1192
BRA032336	AT1G29790	89.4	7.74e-243	663
BRA032337	AT1G29800	81.2	1.07998e-319	873
BRA032338	AT1G29810	81.9	2.55e-103	294
BRA032344	AT1G29900	92.9	0	2138
BRA032347	AT1G29962	50.3	2.31e-49	157
BRA032349	AT1G29980	91	1.45e-275	748
BRA032350	AT1G29990	85.9	4.44e-68	201
BRA032351	AT1G30000	88.9	0	1064
BRA032352	AT1G30010	88.1	0	1266
BRA032355	AT1G30050	83.3	9.4e-202	560
BRA032356	AT1G30070	82.1	1.6e-123	348
BRA032357	AT1G30080	92.4	9.16e-239	654
BRA032358	AT1G30090	77.1	8.21e-224	617
BRA032359	AT1G30100	92.7	0	1102
BRA032360	AT1G30110	93.7	2.26e-126	352
BRA032364	AT1G30200	87.1	5.22e-230	630
BRA032365	AT1G30210	69.9	8.69e-126	362
BRA032366	AT1G30230	95.7	1.13e-122	349
BRA032368	AT1G30240	75.7	0	1145
BRA032371	AT1G30260	65.7	1.25e-29	101
BRA032378	AT1G30290	77.5	1.13e-109	353
BRA032379	AT1G30300	93.2	2.29e-226	617
BRA032382	AT1G30360	82.7	0	1166
BRA032383	AT1G30370	90.1	0	966
BRA032385	AT1G30400	93.8	0	2977
BRA032391	AT1G30440	91.6	0	1178
BRA032394	AT1G30490	95	0	1594
BRA032395	AT1G30500	72.7	3.08e-86	251
BRA032396	AT1G30510	84.9	8.06e-260	708
BRA032397	AT1G30515	53.6	3.51e-40	131
BRA032398	AT1G30520	85.1	0	943
BRA032400	AT1G30540	89.4	4.98e-229	626
BRA032401	AT3G08570	81.1	0	919
BRA032402	AT3G08560	95.3	1.31e-150	418
BRA032404	AT1G30570	86.8	0	1434
BRA032407	AT1G30600	89.4	0	1450
BRA032408	AT1G30610	73.9	0	1349
BRA032409	AT1G30620	95.7	1.16e-298	808
BRA032410	AT1G30630	93.5	1.11e-198	544
BRA032411	AT1G30640	92.7	0	1026
BRA032421	AT1G06450	67.2	2.19e-164	463
BRA032424	AT1G06400	90.6	1.64e-141	394
BRA032426	AT1G06380	75.3	1.28e-126	359
BRA032427	AT1G06340	57.6	1.58e-52	162
BRA032428	AT1G06330	88.5	5.61e-96	273
BRA032430	AT1G02170	88.3	1.01e-231	644
BRA032432	AT1G06210	83.9	5.78e-218	600
BRA032433	AT1G06160	71.3	1.33e-92	271
BRA032434	AT1G06143	75.9	2.19e-177	506
BRA032435	AT1G06137	74.2	2.13e-27	93.6
BRA032436	AT1G06130	85.8	1.43e-210	577
BRA032437	AT1G06090	86.7	9.17e-206	563
BRA032443	AT1G06010	79.7	1.52e-33	109
BRA032445	AT1G05960	81.3	0	1503
BRA032448	AT1G05950	68.8	2.87e-258	744
BRA032449	AT1G05910	87.7	0	1891
BRA032452	AT1G05840	91.6	0	883
BRA032453	AT1G05810	92.2	1.66e-137	385
BRA032454	AT1G05730	87.9	5.34e-92	263
BRA032455	AT1G05720	88.6	1.25e-98	280
BRA032460	AT1G05590	84.6	0	1025
BRA032461	AT1G05577	78.8	5.14e-195	548
BRA032464	AT1G05420	70.1	1.15e-85	253
BRA032465	AT1G05370	90.7	6.09e-263	717
BRA032466	AT1G05360	87.3	1.1e-263	719
BRA032467	AT1G05350	94	5.99e-286	776
BRA032469	AT1G05310	86	9.15e-248	677
BRA032471	AT1G05290	52.8	3.23e-104	311
BRA032477	AT1G05250	75.1	6.81e-176	489
BRA032478	AT1G05230	93.4	0	1288
BRA032479	AT1G05205	94.3	8.23e-61	179
BRA032481	AT1G05190	94.2	1.01e-146	407
BRA032491	AT1G04880	76.1	8.66e-221	613
BRA032492	AT1G04860	70.2	0	1160
BRA032495	AT1G04670	72.2	7.03e-36	119
BRA032496	AT1G04660	85.2	6e-29	107
BRA032504	AT1G04540	73.4	1.11e-255	714
BRA032506	AT3G04400	99.3	1.07e-98	279
BRA032508	AT1G04450	65	3.62e-85	251
BRA032511	AT1G04440	87.7	6.39e-300	815
BRA032519	AT1G04270	99.3	8.88e-106	298
BRA032524	AT1G04180	93.8	1.11e-295	800
BRA032525	AT1G04170	97.4	0	899
BRA032526	AT1G04160	92.8	0	2523
BRA032527	AT1G04150	82.5	0	1594
BRA032528	AT1G04140	81.6	0	1233
BRA032529	AT1G04130	83.1	7.77e-214	588
BRA032530	AT2G02955	60.6	3.01e-205	585
BRA032532	AT1G04020	72.2	0	964
BRA032533	AT1G04010	94.1	0	1269
BRA032534	AT1G04000	73.7	5.09e-67	200
BRA032535	AT1G03980	85.3	1.12e-286	781
BRA032537	AT1G03910	84.6	0	1008
BRA032538	AT1G03890	84.6	1.67e-275	754
BRA032540	AT1G03850	71.3	2.04e-65	196
BRA032544	AT1G03750	84.2	0	1399
BRA032545	AT1G03730	90.4	1.14e-93	268
BRA032546	AT1G03687	81.1	1.4e-231	635
BRA032548	AT1G03650	86.7	2.39e-97	277
BRA032552	AT1G03270	90.1	8.2e-283	775
BRA032553	AT1G03260	92.6	9.48e-151	421
BRA032555	AT1G03220	83.1	1.92e-251	689
BRA032556	AT1G03140	87.3	3.26e-193	541
BRA032557	AT1G03090	92.5	0	1357
BRA032558	AT1G03080	62.5	0	1561
BRA032560	AT1G03055	76.3	6.76e-131	370
BRA032565	AT1G03000	84	0	1453
BRA032577	AT1G02970	85.2	3.64e-290	791
BRA032578	AT1G02950	78.8	3.43e-139	390
BRA032584	AT1G02800	88.7	0	904
BRA032587	AT1G02750	67.4	4.98e-96	279
BRA032588	AT1G02740	61.6	1.18e-122	352
BRA032589	AT1G02720	77.4	2.79e-211	582
BRA032590	AT5G38700	81.4	1.76e-103	294
BRA032591	AT1G02660	77.9	0	1018
BRA032599	AT1G02470	68.2	1e-96	282
BRA032600	AT1G02460	87.6	6.19e-296	807
BRA032602	AT1G02440	72.6	1.46e-102	293
BRA032607	AT1G02380	55.7	5.67e-37	128
BRA032614	AT1G02260	85.7	6.18e-290	793
BRA032622	AT1G01140	91.8	1.23e-294	800
BRA032623	AT4G00850	70.4	5.59e-78	232
BRA032626	AT1G01220	89.4	0	1870
BRA032627	AT1G01225	89.3	8.38e-162	448
BRA032629	AT1G01240	72.5	1.46e-157	444
BRA032630	AT1G01250	78.1	1.34e-102	293
BRA032632	AT1G01290	76	7.97e-124	352
BRA032633	AT1G01310	75.8	1.82e-133	375
BRA032634	AT1G01370	81.9	1.21e-56	178
BRA032635	AT1G01380	86.6	3.59e-43	134
BRA032636	AT1G01450	82.8	1.29e-251	702
BRA032639	AT1G01540	92.2	1.55e-310	842
BRA032640	AT1G01580	85.8	0	1214
BRA032641	AT1G01590	79.1	0	1079
BRA032643	AT1G01610	95	0	934
BRA032644	AT1G01620	97.6	1.37e-207	566
BRA032646	AT1G01650	90.4	0	981
BRA032647	AT1G01695	51.5	2.66e-109	330
BRA032648	AT1G01730	65.9	2.35e-61	189
BRA032649	AT1G01770	86	0	1097
BRA032652	AT1G01860	79.8	9.31e-172	490
BRA032653	AT1G01880	75.9	0	899
BRA032654	AT1G01910	95.5	8.84e-242	658
BRA032655	AT1G01920	75.5	3.29e-310	850
BRA032656	AT1G01930	71.2	7.25e-209	590
BRA032657	AT1G01940	98.8	1.02e-117	328
BRA032658	AT1G01950	91.4	0	1333
BRA032659	AT1G01960	93.8	0	3158
BRA032660	AT1G02010	91.5	0	1093
BRA032661	AT1G02040	81.4	4.51e-122	350
BRA032663	AT1G02070	64.5	1.99e-62	187
BRA032666	AT1G02090	90	2.98e-169	467
BRA032667	AT1G02100	82.2	9.66e-195	538
BRA032668	AT1G02140	82.6	2.81e-82	243
BRA032669	AT1G02145	84.9	2.28e-289	795
BRA032670	AT1G02205	89.2	0	1159
BRA032671	AT2G39780	91.7	4.3e-174	479
BRA032672	AT4G12800	93.2	8.51e-142	397
BRA032674	AT4G12830	90.1	5.6e-270	733
BRA032675	AT4G12840	85.2	3.1e-241	660
BRA032677	AT4G12860	86.8	3.17e-90	258
BRA032681	AT4G12910	84	0	875
BRA032684	AT4G38090	84	5.16e-125	353
BRA032687	AT4G13050	83	5.54e-220	604
BRA032690	AT4G13110	68.9	2.34e-142	405
BRA032691	AT4G13150	72.1	3.41e-159	449
BRA032692	AT4G13160	56.6	6.37e-81	244
BRA032693	AT4G13180	76.4	2.16e-130	368
BRA032694	AT4G13190	82.4	6.23e-220	606
BRA032695	AT4G13200	54.8	9.27e-44	144
BRA032696	AT4G13210	85.8	1.28e-273	745
BRA032697	AT4G13250	86.4	1.22e-318	866
BRA032698	AT4G13350	74.5	1.36e-299	832
BRA032700	AT4G13360	90.8	1.77e-267	729
BRA032703	AT4G13400	88.8	4.36e-240	654
BRA032712	AT4G13540	80.9	5.49e-84	246
BRA032713	AT4G13550	75.3	0	1252
BRA032716	AT4G13560	83.5	1.84e-27	96.7
BRA032718	AT4G13580	96.7	2.31e-169	466
BRA032719	AT4G13600	75.8	5.47e-81	240
BRA032721	AT4G13615	73.7	2.85e-19	73.9
BRA032724	AT4G13620	80	1.01e-181	508
BRA032725	AT4G13630	67.8	1.87e-223	629
BRA032726	AT4G13650	85.9	0	1822
BRA032727	AT4G13670	69.3	5.35e-128	372
BRA032728	AT4G13690	60.2	5.81e-82	245
BRA032730	AT4G13710	85.4	1.58e-294	801
BRA032731	AT4G13720	97.4	1.35e-139	388
BRA032733	AT4G13730	89.6	1.32e-279	762
BRA032734	AT4G13770	88.6	0	900
BRA032735	AT4G13780	87.9	0	1410
BRA032736	AT4G13790	84.8	1.95e-51	155
BRA032737	AT4G13800	95.5	1.66e-223	610
BRA032740	AT4G13820	76.7	1.25e-236	686
BRA032742	AT4G13830	86	8.55e-113	319
BRA032743	AT4G13840	80.9	2.92e-257	704
BRA032748	AT4G13870	77.1	1.71e-144	406
BRA032749	AT4G13930	93.4	0	904
BRA032750	AT4G13940	96.7	0	944
BRA032751	AT4G13970	84.3	0	1319
BRA032752	AT4G13980	81.3	1.96e-266	731
BRA032753	AT4G14000	84.6	7.24e-171	474
BRA032754	AT4G14010	76.7	3.52e-55	167
BRA032755	AT4G14030	90.4	0	943
BRA032757	AT4G14070	85.6	0	1226
BRA032761	AT2G47430	65.1	0	1282
BRA032762	AT2G47300	77.2	0	1235
BRA032763	AT4G14147	82.9	3.02e-72	213
BRA032766	AT4G14160	88.1	0	1350
BRA032768	AT4G14200	58	6.81e-243	694
BRA032770	AT4G14210	93.1	0	1053
BRA032771	AT4G14240	90	6e-300	817
BRA032772	AT4G14245	56.7	1.26e-119	351
BRA032774	AT4G14250	54.5	7.87e-139	402
BRA032775	AT4G14270	69	9.74e-61	183
BRA032781	AT4G14290	86.7	0	922
BRA032782	AT4G14305	89.7	9.75e-126	351
BRA032786	AT1G24610	87.2	9.8e-301	818
BRA032792	AT1G24570	77.6	4.4e-237	650
BRA032794	AT1G24540	81.5	1.13e-279	766
BRA032801	AT1G24470	88.7	8.65e-192	528
BRA032802	AT1G24460	76.1	0	1873
BRA032803	AT1G24450	81.6	6.36e-86	249
BRA032805	AT1G24420	83.3	1.98e-259	710
BRA032806	AT1G24405	80.6	1.03e-11	53.1
BRA032808	AT1G24360	86.9	7e-188	519
BRA032812	AT1G24267	72.7	9.95e-168	473
BRA032814	AT1G24260	91.7	4.03e-158	438
BRA032817	AT1G27300	56.9	1.96e-60	187
BRA032820	AT1G27340	87.8	1.53e-304	827
BRA032826	AT1G27390	78.5	2.54e-97	281
BRA032828	AT1G27400	98.9	6.71e-124	345
BRA032830	AT1G27461	77.7	9.64e-183	509
BRA032832	AT1G27500	82.6	0	1029
BRA032833	AT1G27520	88.6	0	1053
BRA032839	AT1G27670	68.2	1.31e-100	292
BRA032842	AT1G27680	91.1	0	932
BRA032847	AT1G27750	74.6	0	1524
BRA032849	AT1G27760	86.3	7.58e-265	724
BRA032850	AT1G27840	87.6	8.79e-287	780
BRA032851	AT1G27850	74.1	0	1409
BRA032853	AT1G27920	87.7	6.78e-312	855
BRA032854	AT1G27930	92	5.69e-197	540
BRA032856	AT1G27940	89.6	0	2092
BRA032857	AT1G27950	82.4	1.63e-104	298
BRA032861	AT1G27990	90.1	1.12e-157	437
BRA032863	AT1G28000	66.4	1.52e-133	387
BRA032865	AT1G28020	57.7	3.66e-154	451
BRA032868	AT1G28060	72.9	1.42e-304	852
BRA032870	AT1G28080	68	1.64e-115	333
BRA032873	AT1G28090	85.4	0	906
BRA032875	AT1G28110	92.8	1.2e-315	854
BRA032878	AT1G28140	83.6	1.82e-161	449
BRA032880	AT4G29273	52.6	4.37e-26	90.9
BRA032882	AT1G28190	74.1	1.37e-108	315
BRA032886	AT1G28250	82.9	1.96e-40	128
BRA032887	AT1G28260	77	0	1279
BRA032893	AT1G28320	79.4	0	1100
BRA032894	AT1G28330	82.6	4.19e-59	177
BRA032897	AT1G28340	89.8	0	1013
BRA032907	AT1G28410	69.3	5.98e-115	330
BRA032908	AT1G28420	73.9	0	2104
BRA032909	AT1G28440	89.1	6.53e-291	834
BRA032910	AT1G28470	92.1	7.91e-218	594
BRA032911	AT1G28480	77.5	8.32e-72	211
BRA032913	AT1G28520	88.3	1.03e-308	842
BRA032914	AT1G28550	97.7	3.19e-154	426
BRA032916	AT2G38590	56.1	1.61e-143	416
BRA032917	AT2G27360	77.7	4.24e-232	637
BRA032918	AT1G28680	88.3	1.11e-298	810
BRA032924	AT1G29010	59.8	8.49e-119	343
BRA032925	AT1G29025	74.6	3.13e-288	795
BRA032930	AT3G26360	90.9	4.55e-53	160
BRA032931	AT3G26380	83.4	0	1045
BRA032932	AT3G26410	92.2	0	904
BRA032935	AT3G26500	83.9	2.88e-110	333
BRA032936	AT3G26510	67.8	7.05e-46	149
BRA032937	AT3G26520	91.3	2.1e-165	457
BRA032938	AT3G26620	74.1	3.54e-55	174
BRA032943	AT3G26710	88.8	4.44e-164	454
BRA032944	AT3G26730	74.5	0	1025
BRA032951	AT3G26770	81.6	2.89e-167	465
BRA032952	AT3G26780	86.6	8.61e-236	647
BRA032953	AT3G26790	79.2	7.63e-169	470
BRA032954	AT3G26810	93	0	1102
BRA032962	AT3G26932	75.1	3.63e-169	476
BRA032963	AT3G26935	92.8	1.15e-311	843
BRA032979	AT3G27060	97.3	7.96e-246	667
BRA032980	AT3G27080	63.7	9.53e-90	261
BRA032981	AT3G27090	81.3	2.02e-164	456
BRA032982	AT3G27120	88	0	1098
BRA032986	AT3G27190	94	0	919
BRA032987	AT3G27200	80.3	1.22e-80	236
BRA032991	AT3G27240	96.1	4.09e-215	587
BRA032995	AT3G27270	84.8	3.84e-151	421
BRA032997	AT3G27320	84.4	1.05e-274	750
BRA032998	AT1G33390	73.1	0	1631
BRA033004	AT3G27340	87.9	1.83e-88	253
BRA033009	AT3G27410	55.2	7.82e-31	106
BRA033010	AT3G27420	56.7	1.2e-73	232
BRA033011	AT3G27430	97.4	1.11e-195	535
BRA033025	AT3G27730	85.2	0	1838
BRA033026	AT3G27770	77.9	3.81e-180	499
BRA033027	AT3G27785	64.3	3.29e-199	559
BRA033029	AT3G27830	81.3	7.38e-90	261
BRA033032	AT3G27950	86.8	6.12e-244	670
BRA033033	AT3G27970	92.7	5.68e-256	694
BRA033035	AT3G28050	92.6	2.09e-245	669
BRA033040	AT3G28200	84.6	1.6e-199	548
BRA033042	AT3G28330	64.5	3.64e-176	497
BRA033047	AT3G28455	82.9	3.16e-33	110
BRA033053	AT3G28690	90.1	8.56e-308	835
BRA033054	AT3G28715	99.1	6.22e-264	714
BRA033058	AT3G28770	54.9	6.48e-79	291
BRA033059	AT3G28780	68.4	1.38e-70	242
BRA033065	AT3G28880	56.3	8.35e-191	552
BRA033067	AT3G28910	82.2	1.48e-173	483
BRA033070	AT3G28940	84.5	5.92e-103	292
BRA033078	AT3G29020	71.8	4.62e-139	394
BRA033080	AT3G29060	82.4	0	1260
BRA033082	AT3G29075	73.3	4.11e-51	174
BRA033089	AT3G29170	91.7	9.36e-77	222
BRA033093	AT3G29270	85.9	1.89e-156	434
BRA033095	AT3G29280	87.9	2.68e-110	311
BRA033097	AT3G29310	55.6	1.32e-153	447
BRA033103	AT3G29390	71.2	3.29e-244	682
BRA033104	AT3G29400	81.4	0	1004
BRA033111	AT3G29780	76.4	1.44e-39	127
BRA033117	AT4G12110	93.6	2.18e-210	574
BRA033120	AT4G12090	84.4	1.08e-82	238
BRA033124	AT4G12040	85.8	9.32e-107	302
BRA033125	AT4G11970	76.8	9.23e-169	477
BRA033127	AT4G11800	88.6	0	1835
BRA033133	AT5G51360	66.7	1.78e-45	142
BRA033138	AT4G11650	88.5	6.62e-169	465
BRA033140	AT4G11600	86.2	2.48e-139	389
BRA033141	AT4G11640	89.3	4.48e-196	543
BRA033143	AT4G11450	81.5	0	1041
BRA033144	AT4G11440	59.5	8.37e-208	588
BRA033145	AT4G11420	87.2	0	1476
BRA033148	AT4G11320	85.6	1.38e-236	647
BRA033151	AT4G11230	62.6	0	1079
BRA033153	AT4G11160	89.2	0	1176
BRA033155	AT4G11150	94.8	2.46e-148	412
BRA033158	AT4G11070	68.7	4.77e-150	424
BRA033160	AT4G11020	76.1	7.4e-56	170
BRA033163	AT4G11010	93.3	1.42e-157	436
BRA033166	AT4G10810	81.7	6.02e-34	110
BRA033169	AT4G10730	81.8	0	1043
BRA033170	AT4G10520	79.3	0	1199
BRA033171	AT4G10450	94.3	3.48e-128	358
BRA033172	AT4G10440	90.6	0	1199
BRA033173	AT4G10430	89	5.09e-222	608
BRA033181	AT4G10380	92.1	3.29e-189	521
BRA033186	AT4G10360	85.6	1.04e-160	446
BRA033187	AT4G10330	82.2	1.53e-48	151
BRA033189	AT4G10310	76.9	2.73e-258	713
BRA033194	AT4G10140	91.3	1.49e-115	325
BRA033195	AT4G10120	87.9	0	1848
BRA033197	AT4G10080	57.2	4.03e-92	276
BRA033198	AT2G07180	84	3.95e-268	733
BRA033199	AT4G10060	86.6	0	1487
BRA033208	AT4G10000	79.9	3.07e-185	513
BRA033210	AT4G09970	52.6	2.5e-71	220
BRA033213	AT1G02180	78.2	9.18e-118	334
BRA033214	AT1G02160	93.1	4.93e-31	103
BRA033215	AT1G02150	86.3	1.97e-294	805
BRA033218	AT1G02120	71.7	2.91e-270	749
BRA033221	AT1G02065	68.6	3.6e-132	379
BRA033223	AT1G01990	71.4	1.95e-112	322
BRA033224	AT1G01970	80	1.99e-94	288
BRA033225	AT2G42010	86.6	0	1798
BRA033226	AT1G01900	83.3	0	1192
BRA033227	AT1G01840	72.6	3.44e-60	182
BRA033229	AT1G01830	79.4	2.04e-256	715
BRA033230	AT1G01800	87.1	1.4e-184	509
BRA033232	AT1G01790	77.1	0	1545
BRA033233	AT1G01780	86.8	8.13e-137	380
BRA033235	AT1G01760	79.6	9.28e-207	575
BRA033236	AT1G01750	91.4	1.87e-91	261
BRA033238	AT1G01725	78	3.72e-29	97.4
BRA033239	AT1G01720	82.3	2.93e-159	444
BRA033240	AT1G01710	88.8	1.81e-284	780
BRA033241	AT1G01690	64	1.05e-168	479
BRA033243	AT1G01670	71.1	8.58e-167	476
BRA033244	AT1G01660	89.1	4.06e-230	645
BRA033246	AT1G01640	74.7	1.94e-95	276
BRA033247	AT1G01630	87.1	3.78e-169	466
BRA033251	AT1G01600	90.6	0	1020
BRA033253	AT1G01570	76.6	5.34e-294	803
BRA033254	AT1G01550	86.9	1.38e-216	594
BRA033257	AT1G01520	77.9	3.24e-140	395
BRA033258	AT1G01510	92.3	0	1112
BRA033259	AT1G01500	86.7	5.29e-167	466
BRA033260	AT1G01490	93.2	1.64e-85	249
BRA033261	AT1G01480	87.7	0	872
BRA033262	AT1G01460	82.2	3.91e-243	668
BRA033263	AT1G01453	79.6	4.52e-132	375
BRA033264	AT1G01440	61	2.22e-223	634
BRA033265	AT1G01430	79.1	8.92e-272	743
BRA033266	AT1G01420	78.3	8.29e-265	731
BRA033267	AT1G01360	92.3	3.5e-122	342
BRA033268	AT1G01350	87.3	1.95e-202	558
BRA033269	AT1G01320	87	0	2557
BRA033271	AT1G01300	88.7	7.16e-314	852
BRA033272	AT1G01280	89.7	1.17e-312	849
BRA033273	AT1G01260	72.4	5.62e-282	780
BRA033276	AT1G01230	84.9	1.58e-114	321
BRA033277	AT1G01200	89.1	4.01e-146	407
BRA033278	AT1G01190	89.2	0	956
BRA033279	AT1G01180	84.7	3.16e-182	503
BRA033283	AT1G01120	91.5	0	963
BRA033284	AT1G01110	80.2	4.64e-281	772
BRA033286	AT1G01090	91.7	9.57e-286	776
BRA033287	AT1G01080	86	1.94e-115	329
BRA033289	AT4G21240	65.9	1.18e-175	496
BRA033290	AT1G01070	81.5	7.26e-201	555
BRA033291	AT1G01060	70.7	1.07e-277	772
BRA033292	AT1G01050	98.1	1.36e-152	421
BRA033293	AT1G01040	87.5	0	3182
BRA033294	AT1G01030	74.2	6.69e-176	491
BRA033295	AT1G01020	79.8	2.31e-129	365
BRA033296	AT1G01010	51.4	3.94e-127	375
BRA033297	AT3G04430	75	1.59e-89	261
BRA033303	AT1G02250	53.6	6.3e-112	331
BRA033309	AT1G02270	82.9	7.79e-292	796
BRA033310	AT2G41610	76	2.38e-168	469
BRA033311	AT1G02280	95.6	2.16e-203	556
BRA033312	AT1G02310	89.8	1.79e-280	762
BRA033313	AT1G02330	88.9	4.22e-140	395
BRA033314	AT1G02335	90.4	2.26e-136	380
BRA033315	AT1G02340	68.6	2.66e-90	267
BRA033317	AT4G01690	87	0	919
BRA033321	AT1G02370	78.3	1.45e-307	839
BRA033323	AT1G02390	83.4	1.94e-276	758
BRA033324	AT1G02400	91.5	1.01e-226	618
BRA033330	AT1G02475	67.8	3.03e-95	276
BRA033332	AT1G02560	95	3.16e-202	553
BRA033333	AT1G02570	79.9	3.26e-150	420
BRA033334	AT1G02580	57	1.06e-257	724
BRA033337	AT1G02640	92.1	0	1442
BRA033338	AT1G02680	84.7	4.33e-67	198
BRA033340	AT5G61710	62.3	9.43e-62	189
BRA033343	AT1G02700	82.3	1.37e-136	383
BRA033344	AT1G02730	91.8	0	2188
BRA033349	AT1G02816	82.1	4.15e-95	272
BRA033350	AT1G02820	71.4	1.19e-40	129
BRA033352	AT1G02850	78.5	2.04e-307	840
BRA033353	AT1G02860	84.1	9.55e-207	568
BRA033354	AT1G02870	93.2	1.66e-128	358
BRA033356	AT1G02890	80.2	0	1823
BRA033359	AT1G02940	64.4	1.64e-121	347
BRA033364	AT1G02990	55.7	0	983
BRA033365	AT1G03010	90.3	0	1075
BRA033366	AT1G03020	95.1	8.11e-67	195
BRA033367	AT1G03030	87	6.27e-195	535
BRA033368	AT1G03040	77.5	4.77e-159	446
BRA033370	AT1G03060	91.2	0	6340
BRA033373	AT1G03070	92.3	1.46e-157	436
BRA033375	AT1G03120	78.7	2.28e-80	236
BRA033377	AT1G03150	99.4	1.81e-123	349
BRA033378	AT1G03170	72.4	1.12e-96	281
BRA033379	AT1G03210	70.4	1.46e-152	428
BRA033380	AT1G03250	84.8	9.26e-151	419
BRA033382	AT1G03290	62.7	3.72e-209	593
BRA033388	AT1G03310	79.6	0	1368
BRA033392	AT1G03360	92	5.66e-209	573
BRA033394	AT1G03380	83.6	0	1527
BRA033395	AT1G03390	86.6	1.87e-303	823
BRA033398	AT1G03430	93.6	8.4e-104	293
BRA033400	AT1G03457	79.7	1.84e-231	638
BRA033401	AT1G03470	76	3.15e-130	369
BRA033402	AT1G03475	92.3	2.12e-269	731
BRA033408	AT1G03520	84.3	1.05e-268	767
BRA033410	AT1G03560	85.6	2.89e-158	470
BRA033413	AT1G03610	90.5	9.05e-205	561
BRA033415	AT1G03630	94.3	9.59e-268	728
BRA033418	AT3G52640	84.5	0	1150
BRA033419	AT3G52600	87.5	0	1078
BRA033421	AT3G52561	54.7	5.48e-27	94.7
BRA033423	AT3G52520	69.2	1.02e-57	174
BRA033424	AT3G52500	84	9.5e-290	790
BRA033427	AT3G52490	83.8	0	1280
BRA033436	AT3G52400	83.6	9.48e-162	455
BRA033437	AT3G52390	90.9	2.96e-218	598
BRA033439	AT3G52370	91	1.68e-255	702
BRA033443	AT3G52290	76.1	8.85e-194	544
BRA033446	AT3G52200	76.5	0	968
BRA033452	AT3G52140	82.5	0	2059
BRA033455	AT3G52115	61.7	2.35e-210	597
BRA033458	AT3G52105	93.8	2.21e-38	122
BRA033462	AT3G52060	81.8	1.01e-195	541
BRA033464	AT3G51960	72.5	5.44e-96	278
BRA033465	AT3G51950	84.8	0	895
BRA033466	AT3G51930	86.8	1.15e-227	628
BRA033467	AT3G51920	86.5	1.08e-71	211
BRA033472	AT3G51890	76.4	5.84e-122	347
BRA033473	AT3G51870	90.8	1.97e-241	660
BRA033476	AT3G51850	97	0	1020
BRA033478	AT1G54500	75.1	5.53e-91	263
BRA033482	AT4G14450	67.3	6.39e-40	128
BRA033483	AT4G14440	86.1	2.78e-142	397
BRA033487	AT4G14380	69.2	2.64e-74	222
BRA033490	AT4G14330	82.9	0	1315
BRA033491	AT3G23390	96.2	4.61e-72	209
BRA033493	AT4G15545	84.9	5.99e-188	521
BRA033494	AT4G15550	80.8	5.83e-277	758
BRA033495	AT4G15560	94	0	1325
BRA033496	AT4G15563	65.3	1.87e-100	290
BRA033503	AT4G15680	98	1.45e-69	202
BRA033505	AT4G15730	57.5	0	1025
BRA033508	AT4G15740	66.6	1.9e-187	528
BRA033509	AT5G24960	67.4	3.14e-242	672
BRA033511	AT4G15780	96.6	1.27e-119	337
BRA033513	AT5G20660	81.3	0	1441
BRA033516	AT5G49560	78.2	8.69e-148	414
BRA033517	AT5G49555	90.1	0	1029
BRA033519	AT4G15850	84.3	2.42e-311	849
BRA033520	AT4G15910	79.6	4.19e-46	143
BRA033522	AT4G13992	59.6	3.35e-228	641
BRA033528	AT4G16120	85.8	0	1172
BRA033531	AT4G16130	85.2	0	1621
BRA033533	AT4G16141	69.3	1.22e-81	239
BRA033534	AT4G16143	85.8	5.12e-281	773
BRA033537	AT4G16146	68.5	3.71e-33	111
BRA033540	AT4G16155	93.1	0	1020
BRA033541	AT4G16160	92.7	1.01e-108	307
BRA033543	AT3G22980	85.6	0	1583
BRA033545	AT4G16190	85.3	1.08e-235	644
BRA033548	AT1G54350	80.2	0	1026
BRA033549	AT4G16260	89.4	1.63e-227	622
BRA033550	AT3G16980	93.9	1.32e-82	236
BRA033551	AT4G16270	85.4	4.67e-217	596
BRA033554	AT4G38190	97.7	0	2213
BRA033555	AT4G38200	88.9	0	2909
BRA033557	AT4G38230	97.3	0	908
BRA033558	AT4G38250	91.3	1.84e-228	628
BRA033559	AT4G38260	77.1	5.61e-156	435
BRA033560	AT4G38270	83.1	0	1079
BRA033561	AT4G38340	72.7	1.03e-305	851
BRA033562	AT4G38390	81.9	0	875
BRA033563	AT4G38400	87.8	1.58e-168	466
BRA033564	AT4G38420	85.7	0	932
BRA033565	AT4G38500	87.8	0	905
BRA033566	AT4G38520	83.3	1.61e-235	646
BRA033567	AT4G38530	77.4	0	886
BRA033568	AT4G38540	86	9.81e-265	721
BRA033570	AT4G38580	96.1	3.47e-108	304
BRA033571	AT4G38590	81.6	0	1371
BRA033572	AT4G38620	87.4	7.17e-186	511
BRA033575	AT4G38760	82.2	0	3166
BRA033576	AT4G38810	89.6	3.45e-232	636
BRA033578	AT4G38830	82.8	0	1083
BRA033579	AT4G38840	85.9	5.37e-57	170
BRA033582	AT4G38900	64.2	1.35e-176	505
BRA033585	AT4G38940	72	4.83e-186	518
BRA033591	AT4G38990	77.4	1.11e-287	786
BRA033592	AT4G39000	80.4	1.25e-305	832
BRA033596	AT4G39040	68	5.17e-115	334
BRA033602	AT4G39190	58.8	1.01e-58	188
BRA033603	AT4G39200	100	3.58e-57	171
BRA033604	AT4G39210	90.6	0	955
BRA033610	AT4G39240	63.3	1.11e-165	468
BRA033611	AT4G39270	79.5	2.46e-241	695
BRA033613	AT4G39330	91.9	4.14e-253	687
BRA033616	AT4G39410	73.6	6.59e-145	409
BRA033620	AT4G39470	83.7	5.14e-199	549
BRA033621	AT1G65340	76.3	9.29e-288	786
BRA033622	AT4G39480	85	0	901
BRA033623	AT4G39490	83.5	0	885
BRA033624	AT1G47620	81.1	7.34e-287	784
BRA033625	AT4G32170	77.2	1.5e-290	794
BRA033627	AT4G39530	82.6	0	1231
BRA033628	AT4G39550	65.2	3e-171	483
BRA033629	AT1G62020	93.3	0	1924
BRA033635	AT4G13680	54.9	2.29e-122	355
BRA033636	AT5G42470	84.8	4.26e-240	656
BRA033637	AT5G42480	84.6	0	1247
BRA033638	AT5G42540	72.3	0	1308
BRA033639	AT5G42560	78.1	1.48e-138	392
BRA033640	AT5G42620	91.8	0	1419
BRA033641	AT5G42720	82.4	8.06e-252	691
BRA033642	AT1G64770	81.6	1.41e-160	453
BRA033643	AT5G42760	91.3	6.62e-196	541
BRA033644	AT5G42770	76.4	3.08e-99	285
BRA033645	AT5G42850	82.1	1.17e-81	235
BRA033647	AT5G42880	62.4	1.67e-243	694
BRA033648	AT5G42900	68.2	1.57e-96	282
BRA033650	AT5G42920	85.7	0	1318
BRA033651	AT5G42930	83.3	4.07e-305	828
BRA033652	AT5G42940	65.9	5.58e-257	721
BRA033656	AT5G43020	94.6	9.5e-195	549
BRA033657	AT5G43060	87.3	1.08e-304	827
BRA033658	AT5G43080	80.1	5.24e-201	555
BRA033660	AT5G43100	84.3	0	1066
BRA033661	AT5G43120	84.2	0	976
BRA033663	AT5G43140	83	1.79e-150	419
BRA033665	AT5G43160	70.8	1.5e-85	258
BRA033667	AT5G43180	86	3e-143	399
BRA033668	AT5G43250	78.3	1.2e-63	189
BRA033669	AT5G43260	85.7	3.03e-60	178
BRA033672	AT5G43310	74.6	0	1551
BRA033678	AT5G43380	93.2	8e-232	631
BRA033679	AT5G43400	77.9	0	984
BRA033680	AT5G43420	75.8	9.41e-183	510
BRA033681	AT1G48200	80.5	9.84e-59	177
BRA033682	AT5G43530	86.1	0	1611
BRA033683	AT5G43540	84.2	1.22e-68	202
BRA033686	AT5G43570	82	3.67e-30	101
BRA033687	AT5G43600	92.1	1.38e-307	835
BRA033689	AT5G43630	60.3	1.36e-286	806
BRA033691	AT5G43670	82.1	0	1291
BRA033692	AT5G43680	82.8	1.23e-126	357
BRA033694	AT5G43760	94.9	0	991
BRA033695	AT5G43770	68	1.34e-40	135
BRA033696	AT5G43780	88.3	2.54e-304	826
BRA033697	AT5G43790	81.5	2.34e-270	739
BRA033698	AT5G43810	92.8	0	1794
BRA033699	AT5G43820	81.8	3.51e-133	397
BRA033700	AT5G43822	77.9	7.75e-105	299
BRA033703	AT5G43890	91.3	1.33e-291	790
BRA033704	AT5G43900	92.6	0	2494
BRA033705	AT5G43910	84.9	2.71e-226	620
BRA033706	AT5G43940	94.4	1.43e-277	751
BRA033708	AT5G43970	85	8.5e-49	149
BRA033709	AT5G43980	81.4	4.34e-168	468
BRA033710	AT5G43990	62.1	5.04e-315	876
BRA033711	AT5G44000	86.9	1.43e-255	697
BRA033712	AT5G44005	85.7	6.78e-52	157
BRA033714	AT5G44030	91	0	1941
BRA033715	AT5G44040	62.9	3.93e-118	348
BRA033718	AT5G44070	90.9	0	888
BRA033719	AT5G44080	64.2	5.64e-96	284
BRA033720	AT4G37380	75.2	0	910
BRA033721	AT5G44120	79.2	5.69e-288	786
BRA033724	AT5G44160	78	1.43e-213	596
BRA033725	AT5G44180	75.1	0	2069
BRA033729	AT5G44200	89.4	2.55e-126	358
BRA033730	AT5G44240	95.1	0	2107
BRA033732	AT5G44280	71	1.54e-150	441
BRA033734	AT4G25920	52.8	8.55e-133	385
BRA033736	AT5G44330	62.4	6.12e-162	463
BRA033740	AT5G44360	86.1	0	964
BRA033741	AT5G44370	95.6	4.81e-307	830
BRA033742	AT1G10095	73.9	5.52e-224	619
BRA033744	AT5G44450	76.1	4.74e-139	394
BRA033747	AT5G44520	79.4	5.29e-154	432
BRA033748	AT3G53080	55.1	2.13e-52	163
BRA033749	AT5G44530	80.6	0	1367
BRA033755	AT5G44620	68	8e-260	715
BRA033756	AT5G44635	92.3	0	1494
BRA033757	AT5G44650	71.3	2.79e-115	332
BRA033758	AT5G44660	62.2	1.73e-142	410
BRA033759	AT5G44670	78.5	1.45e-293	804
BRA033762	AT3G48195	72.4	0	1251
BRA033766	AT3G48180	80.3	4.11e-20	75.9
BRA033773	AT3G48100	95.1	7.28e-115	323
BRA033784	AT3G47830	78.1	1.75e-161	449
BRA033787	AT3G47650	77.2	8.04e-60	180
BRA033800	AT3G26010	54	3.3e-147	425
BRA033801	AT3G46790	95	0	1038
BRA033802	AT3G46780	86.6	7.57e-279	765
BRA033803	AT3G46760	93.9	8.98e-232	631
BRA033804	AT3G46750	71.1	6.63e-146	418
BRA033805	AT5G40010	83	1.73e-268	739
BRA033808	AT3G46670	81.9	1.31e-276	755
BRA033813	AT3G46600	80.2	0	922
BRA033814	AT3G46580	67.6	5.16e-82	241
BRA033818	AT3G09110	74.3	5.48e-188	522
BRA033820	AT3G46510	92.6	0	911
BRA033825	AT3G46330	81.3	0	1335
BRA033832	AT3G45850	93.3	0	1770
BRA033833	AT3G45770	89	2.32e-243	664
BRA033837	AT3G45600	90.5	1.78e-182	503
BRA033840	AT3G45260	72.9	9.04e-207	578
BRA033845	AT1G32210	97.4	5.79e-73	212
BRA033849	AT1G32180	81.1	0	1573
BRA033851	AT1G32160	87.3	1.41e-243	667
BRA033856	AT1G32100	92.1	4.03e-211	578
BRA033858	AT1G32090	90.4	0	1427
BRA033859	AT1G32080	90.7	3.33e-311	847
BRA033860	AT1G32070	78.8	1.19e-129	367
BRA033863	AT1G31940	88.6	1.26e-95	272
BRA033866	AT1G31920	85	0	928
BRA033870	AT1G31870	68.9	1.66e-201	573
BRA033871	AT1G31860	86.3	2.16e-165	459
BRA033876	AT1G31790	75.9	2.13e-223	617
BRA033881	AT3G23090	70.6	7.76e-140	400
BRA033883	AT3G23070	75.5	0	1164
BRA033886	AT3G23050	88.1	1.9e-149	416
BRA033892	AT3G23020	77.6	0	1015
BRA033894	AT3G22990	89.6	2.52e-288	785
BRA033896	AT3G22970	76.1	7.22e-182	508
BRA033909	AT3G22845	93.1	6.18e-144	399
BRA033913	AT3G22830	79	6.68e-211	585
BRA033914	AT3G22800	85.8	3.62e-150	435
BRA033915	AT3G21910	51.5	1.45e-85	256
BRA033918	AT3G22790	78.5	0	2298
BRA033919	AT3G22780	71	0	894
BRA033933	AT1G68460	71.7	4.57e-167	470
BRA033934	AT1G68450	65	1.44e-52	162
BRA033938	AT1G68410	90.7	1.08e-247	680
BRA033940	AT1G68400	85.9	1.44e-193	546
BRA033942	AT1G68370	92.7	3.69e-263	717
BRA033945	AT1G68350	69.3	5.09e-65	196
BRA033948	AT1G68320	79	4.37e-151	423
BRA033949	AT1G68310	76.5	1.46e-83	243
BRA033950	AT1G68240	52.4	3.27e-56	176
BRA033951	AT1G68230	87.9	4.54e-129	365
BRA033956	AT2G25710	84.7	2.31e-205	581
BRA033957	AT1G65810	76.8	0	1295
BRA033959	AT1G68120	75.6	2.32e-145	412
BRA033960	AT1G68110	72.8	5.11e-181	506
BRA033961	AT1G68090	90.2	8.03e-206	564
BRA033964	AT1G68040	84.3	2.23e-226	620
BRA033968	AT1G67980	90.5	7.34e-151	418
BRA033971	AT1G17800	70.8	3.3e-61	183
BRA033976	AT1G67820	64.5	3.82e-176	497
BRA033977	AT1G67810	72.8	1.63e-124	354
BRA033980	AT1G67750	93.8	8.36e-295	797
BRA033981	AT1G43580	87.9	3.38e-274	746
BRA033982	AT1G67740	67.8	4.16e-74	221
BRA033986	AT1G67640	87.5	1.38e-292	794
BRA033987	AT1G67630	85.7	0	1062
BRA033989	AT1G67590	83.4	1.27e-135	389
BRA033991	AT1G67560	85.5	0	1587
BRA033992	AT1G67550	92.7	0	1546
BRA033993	AT1G67540	66.3	9.2e-103	298
BRA033994	AT1G67530	83.8	0	1155
BRA033999	AT1G67430	98.9	1.21e-121	340
BRA034000	AT1G67410	84.7	7.56e-281	764
BRA034001	AT1G67400	88	4.68e-176	486
BRA034002	AT1G67360	77	3.31e-127	359
BRA034005	AT1G67330	87.4	4.73e-187	514
BRA034006	AT1G67320	82.7	6.51e-295	803
BRA034007	AT1G67310	68.2	0	1285
BRA034008	AT1G67290	83.6	0	931
BRA034009	AT1G67780	63.6	5.08e-221	619
BRA034010	AT1G67260	70.1	7.31e-162	456
BRA034011	AT1G67250	87.2	1.7e-91	261
BRA034013	AT1G67220	66.9	0	1030
BRA034014	AT1G67210	73.3	2.11e-194	544
BRA034017	AT1G67180	71.7	1.59e-232	644
BRA034020	AT1G67120	81	0	8498
BRA034026	AT1G67080	80.3	1.65e-104	300
BRA034030	AT1G67070	84.7	7.64e-277	754
BRA034031	AT1G67060	97.4	1.34e-163	451
BRA034033	AT1G67050	72.7	1.22e-105	306
BRA034034	AT1G67040	67.1	0	972
BRA034036	AT1G66930	62.3	0	994
BRA034039	AT1G66920	62.8	6.03e-268	746
BRA034041	AT1G66980	59.9	0	1415
BRA034045	AT3G08980	87.6	2e-103	292
BRA034049	AT3G09032	71.7	4.23e-55	169
BRA034050	AT3G09050	81.9	7.71e-112	322
BRA034052	AT3G09080	78	0	1645
BRA034053	AT3G09085	89.3	5.43e-72	209
BRA034056	AT3G09210	86.3	2.95e-193	534
BRA034057	AT3G09230	67.4	6.6e-172	484
BRA034058	AT3G09240	86.4	3.59e-318	863
BRA034059	AT3G09250	85.7	4.9e-133	374
BRA034061	AT3G09270	81.3	1.45e-133	374
BRA034070	AT3G09500	94.3	1.04e-72	212
BRA034076	AT3G09640	90.4	2.02e-166	459
BRA034078	AT3G09690	82.2	0	872
BRA034079	AT5G22690	55.5	0	990
BRA034080	AT3G09700	87.5	1.62e-64	190
BRA034081	AT3G09710	63.3	2.64e-155	447
BRA034082	AT3G09720	88.8	3.83e-307	840
BRA034083	AT3G09730	71	4.54e-167	473
BRA034085	AT3G09740	96.6	5.26e-169	467
BRA034087	AT3G09820	95.3	2.47e-246	669
BRA034089	AT3G09840	97.8	0	1542
BRA034093	AT3G10080	87.7	2.76e-146	409
BRA034094	AT3G10120	78.2	5.29e-94	270
BRA034097	AT3G10195	59.7	5.16e-21	78.2
BRA034102	AT3G10290	92.2	2.96e-195	550
BRA034112	AT4G04690	51.8	3.35e-130	378
BRA034115	AT3G10460	51.6	3.83e-38	124
BRA034116	AT3G10470	75.2	4.6e-115	336
BRA034119	AT3G10490	78.8	2.99e-210	586
BRA034120	AT3G10500	71	1.62e-261	724
BRA034122	AT3G10520	93	5.28e-104	294
BRA034123	AT3G10525	68.8	9.84e-50	154
BRA034124	AT3G10530	88.5	0	902
BRA034126	AT3G10550	87.5	0	1420
BRA034129	AT5G47300	58.9	3.22e-139	409
BRA034133	AT3G10600	93.2	0	1070
BRA034135	AT3G10630	80	4.1e-282	771
BRA034139	AT3G10710	85.8	0	940
BRA034140	AT3G10720	88.5	0	1030
BRA034141	AT3G10740	92.4	0	1263
BRA034144	AT3G10760	84.1	4.15e-157	442
BRA034148	AT3G10810	72.7	6.56e-204	576
BRA034149	AT3G10860	95.8	3.88e-49	148
BRA034150	AT3G10870	84.4	5.06e-173	478
BRA034151	AT3G10890	81.9	4.56e-257	702
BRA034152	AT3G10910	81.9	9.24e-86	249
BRA034153	AT3G10915	85.8	8.32e-127	358
BRA034154	AT3G10920	93	1.82e-155	430
BRA034155	AT5G05300	52.5	2.36e-18	72.8
BRA034157	AT3G10985	84.5	1.54e-55	167
BRA034158	AT3G11000	60	1.47e-169	489
BRA034159	AT3G11020	58.1	2.36e-117	340
BRA034160	AT3G11040	80.8	0	1195
BRA034165	AT3G11100	73.9	3.78e-108	313
BRA034167	AT3G11150	68.3	4.9e-166	467
BRA034172	AT3G55200	96	0	2361
BRA034173	AT3G11280	85.4	2.45e-160	444
BRA034174	AT3G11290	58.4	2e-198	556
BRA034178	AT4G03020	91.9	0	937
BRA034179	AT4G03030	78	8.3e-244	670
BRA034182	AT4G03070	74.6	3.52e-175	487
BRA034183	AT4G03090	68	0	1138
BRA034184	AT4G03100	83	2.8e-213	592
BRA034186	AT4G03115	81.5	4.86e-193	533
BRA034187	AT4G03120	65.6	1.93e-58	181
BRA034188	AT4G03130	68.1	0	907
BRA034189	AT4G03140	88.4	2.73e-186	515
BRA034190	AT4G03150	70.9	9.61e-83	242
BRA034192	AT4G03200	92.1	0	1396
BRA034196	AT4G03250	70.3	1.71e-218	611
BRA034197	AT4G03260	68.8	4.88e-263	737
BRA034198	AT4G03270	80.1	9.05e-158	441
BRA034201	AT4G03320	82.3	1.43e-173	480
BRA034202	AT4G03330	90.2	3.66e-185	511
BRA034204	AT4G03390	80.9	0	1004
BRA034205	AT4G03400	89.4	0	1070
BRA034206	AT4G03415	91.9	4.89e-315	853
BRA034208	AT4G03430	87.9	0	1090
BRA034209	AT4G03490	82.9	0	940
BRA034211	AT4G03440	59.5	5.42e-264	746
BRA034212	AT4G03510	75.5	2.61e-125	355
BRA034214	AT4G03520	80.1	9.16e-99	283
BRA034215	AT4G03540	95.1	2.25e-98	280
BRA034218	AT4G03550	91.2	0	3238
BRA034220	AT4G03580	56.6	6.63e-27	104
BRA034224	AT4G03610	87.7	2.74e-211	578
BRA034225	AT4G03620	79.2	4.29e-154	434
BRA034232	AT4G05440	74.9	1.94e-178	496
BRA034233	AT4G05430	89.9	5.74e-67	198
BRA034235	AT3G26280	71.5	1.4e-262	724
BRA034237	AT3G26290	81.8	8.49e-304	828
BRA034241	AT3G26540	81.2	0	1079
BRA034243	AT3G26600	83.1	0	959
BRA034244	AT3G26618	97.7	3.29e-313	846
BRA034247	AT3G26782	87.1	0	1159
BRA034248	AT4G13965	56.9	9.94e-153	439
BRA034251	AT2G25320	85.7	0	2537
BRA034252	AT2G25430	87.7	0	1064
BRA034254	AT2G25490	83.4	8.39e-289	800
BRA034257	AT1G11280	78.3	0	1297
BRA034258	AT2G25560	67.8	3.37e-299	827
BRA034260	AT2G44630	53.7	3.03e-115	338
BRA034262	AT2G44700	52.1	2e-114	336
BRA034263	AT2G25605	94	9.6e-138	382
BRA034264	AT2G25625	69.3	6.08e-41	131
BRA034265	AT2G25640	68.4	2.4e-278	784
BRA034266	AT3G61720	60.2	6.02e-294	823
BRA034267	AT2G25660	85.8	0	3567
BRA034270	AT2G25800	91.2	0	1719
BRA034271	AT2G25810	85.1	7.32e-148	412
BRA034272	AT5G40405	90.2	0	1060
BRA034273	AT2G25820	65.6	1.52e-85	251
BRA034274	AT2G25830	86.1	3.51e-187	518
BRA034276	AT2G25850	80.4	0	1221
BRA034277	AT2G25840	79.1	1.73e-223	616
BRA034278	AT3G05650	68.5	6.91e-261	748
BRA034279	AT2G25870	86.9	0	986
BRA034280	AT2G25890	83.2	4.02e-71	211
BRA034281	AT2G46450	68.6	8.23e-308	850
BRA034283	AT2G25910	93.3	6.76e-241	655
BRA034284	AT2G25930	51.8	1.87e-160	475
BRA034285	AT1G65630	69	2.28e-228	644
BRA034287	AT2G25950	98.5	3.93e-148	409
BRA034288	AT2G25970	68	2.71e-226	642
BRA034289	AT2G26100	84.7	1.88e-225	618
BRA034290	AT1G17560	74.7	1.24e-89	260
BRA034292	AT3G45580	62.2	1.41e-153	437
BRA034293	AT2G26140	89.8	0	1162
BRA034294	AT2G26180	80.2	1.34e-191	536
BRA034295	AT2G26190	82.6	1.33e-311	850
BRA034296	AT2G26200	83.7	0	918
BRA034297	AT2G26210	75.1	2.76e-77	230
BRA034299	AT2G26270	76.3	4.05e-259	716
BRA034300	AT2G26280	63.1	3.74e-205	578
BRA034302	AT2G26290	87.8	1.45e-267	729
BRA034304	AT2G26310	71.5	6.09e-187	522
BRA034305	AT2G26360	76.2	9.14e-190	529
BRA034307	AT2G27190	87.6	0	879
BRA034308	AT2G26570	69.4	5.33e-166	494
BRA034309	AT2G26740	81.7	2.4e-209	573
BRA034311	AT2G26730	84.2	0	885
BRA034312	AT2G26700	88	0	894
BRA034313	AT2G26870	88.9	3.76e-305	832
BRA034314	AT2G26910	93.2	0	2615
BRA034315	AT2G26980	97.5	1.1e-314	850
BRA034316	AT2G27020	99.2	1.14e-175	486
BRA034318	AT2G27040	88.3	0	1654
BRA034319	AT5G45920	86.6	6.62e-152	425
BRA034320	AT5G45910	82.9	1.13e-233	640
BRA034321	AT2G27080	81.9	8.59e-157	436
BRA034328	AT2G27170	84.3	0	1787
BRA034329	AT2G27180	77.1	8.98e-51	159
BRA034331	AT2G27200	83.5	1.74e-312	852
BRA034332	AT2G27210	93.4	0	1781
BRA034335	AT2G27220	68.1	2e-200	561
BRA034338	AT2G27230	81	0	975
BRA034339	AT2G27240	78.4	2.17e-258	712
BRA034340	AT2G27250	75	4.94e-14	60.8
BRA034341	AT2G27260	70.1	1.88e-111	319
BRA034342	AT2G27270	50	7.14e-38	130
BRA034343	AT2G27285	80.4	5.37e-99	293
BRA034344	AT3G57020	85.7	6.78e-248	675
BRA034346	AT2G27310	82.9	1e-184	520
BRA034348	AT2G27350	80.7	4.68e-245	678
BRA034349	AT2G27370	93.7	6.3e-142	395
BRA034350	AT2G27380	55.1	3.15e-08	57
BRA034353	AT2G27450	87.3	1.33e-206	566
BRA034358	AT2G27590	88.2	1.83e-230	631
BRA034360	AT2G27610	87.1	0	1130
BRA034361	AT1G21990	66	2.47e-161	459
BRA034365	AT2G27740	89	1.58e-96	276
BRA034366	AT2G27760	78.4	2.17e-264	725
BRA034367	AT2G27770	80.1	1.05e-172	481
BRA034371	AT2G27810	83.6	0	1106
BRA034372	AT2G27820	86.2	7.54e-250	684
BRA034374	AT2G27860	96.4	1.48e-288	780
BRA034376	AT2G27900	88	0	1132
BRA034377	AT2G27920	82.9	3.94e-283	772
BRA034379	AT2G27930	93.3	4.71e-81	238
BRA034381	AT2G27980	65.6	0	1291
BRA034382	AT1G42470	90.6	0	2226
BRA034386	AT2G28080	86.9	5.36e-308	837
BRA034387	AT2G26680	87.6	2.34e-198	546
BRA034388	AT2G28100	82.7	2.24e-310	844
BRA034389	AT2G28110	86.2	4.64e-293	796
BRA034392	AT2G28160	84.7	6.83e-173	481
BRA034393	AT2G28180	78.4	0	1242
BRA034394	AT2G28190	80.8	1.09e-112	320
BRA034399	AT2G28305	95.3	2.15e-145	403
BRA034401	AT1G35780	80.1	6.35e-157	437
BRA034404	AT1G35710	68.8	1.49e-163	507
BRA034407	AT1G35670	97.6	9.77e-314	852
BRA034408	AT1G35620	86.3	5.38e-279	759
BRA034416	AT1G35530	77.5	0	2010
BRA034424	AT1G35210	58.6	2.2e-43	140
BRA034429	AT1G35180	91.8	1.45e-127	358
BRA034432	AT1G34750	92.2	1.48e-186	513
BRA034433	AT1G34640	83.5	1.1e-63	188
BRA034439	AT1G34180	71	7.52e-275	761
BRA034444	AT1G34120	75.9	1.01e-314	861
BRA034446	AT1G34110	88.3	5.04e-232	689
BRA034447	AT1G22780	98.7	3.1e-106	299
BRA034458	AT1G33970	82.5	5.43e-186	516
BRA034459	AT1G33811	89.2	1.31e-245	669
BRA034460	AT1G33800	91.6	4.67e-200	548
BRA034461	AT1G62050	84	0	965
BRA034466	AT1G62180	89.1	7.19e-292	795
BRA034471	AT1G62250	78.2	2.45e-134	380
BRA034478	AT1G62290	87.5	0	912
BRA034487	AT1G62305	82.5	1.45e-231	634
BRA034496	AT5G51710	96.8	0	1008
BRA034498	AT1G62340	86.4	8.68e-243	684
BRA034501	AT1G62370	73.5	2.09e-99	286
BRA034514	AT2G27775	65.6	2.1e-27	96.3
BRA034519	AT1G62510	83.9	4.58e-67	199
BRA034523	AT1G62810	84.6	0	1256
BRA034527	AT1G62840	88.4	5.33e-140	390
BRA034531	AT4G32730	72.3	0	1340
BRA034532	AT4G32750	92.5	9.4e-196	537
BRA034534	AT4G32790	78.1	0	914
BRA034535	AT4G32800	70.3	3.35e-91	267
BRA034541	AT4G32915	71	2.19e-66	198
BRA034543	AT4G33000	86.5	2.39e-147	411
BRA034549	AT4G33100	91.2	8.92e-57	169
BRA034553	AT4G33220	88.6	0	905
BRA034554	AT4G33250	91.7	1.75e-149	414
BRA034556	AT4G33300	80.2	0	1115
BRA034562	AT4G33430	79.8	0	915
BRA034565	AT4G33450	83.3	4e-155	431
BRA034570	AT4G33550	87.2	7.68e-65	192
BRA034572	AT4G33560	69	1.68e-38	123
BRA034574	AT4G33590	83.5	5.7e-300	815
BRA034575	AT4G33600	83.2	7.98e-298	810
BRA034578	AT4G33630	86	0	1100
BRA034585	AT4G33840	79.4	0	947
BRA034586	AT4G33860	82.3	0	974
BRA034591	AT4G33910	88.7	2.59e-191	525
BRA034592	AT4G33920	90.9	1.13e-250	683
BRA034594	AT4G33970	80.2	1.78e-134	410
BRA034599	AT4G34030	92.3	0	1081
BRA034603	AT4G34110	85.9	0	1008
BRA034605	AT4G34120	85.2	4.07e-129	363
BRA034607	AT3G24000	84.2	0	969
BRA034608	AT4G34131	81.9	8.17e-285	778
BRA034610	AT4G34138	81	1.25e-294	803
BRA034614	AT2G27960	89.8	3.23e-55	165
BRA034618	AT4G33930	71	5.2e-56	184
BRA034622	AT4G34380	80.5	3.16e-252	696
BRA034623	AT4G34390	72	0	1194
BRA034631	AT4G27220	72.6	0	1104
BRA034634	AT4G34510	80.5	2.17e-279	764
BRA034635	AT4G34520	85.4	9.82e-319	866
BRA034638	AT4G34580	93.5	0	962
BRA034639	AT4G34590	77.5	1.81e-58	178
BRA034640	AT4G34600	79.5	3.43e-36	116
BRA034641	AT4G34640	84.6	8.61e-277	753
BRA034644	AT4G34680	79.9	6.85e-145	406
BRA034653	AT4G34770	93.3	1.14e-67	197
BRA034654	AT4G34780	74.3	2.35e-52	159
BRA034657	AT4G34840	88.6	1.66e-161	447
BRA034658	AT4G34850	93.6	1.62e-273	742
BRA034663	AT4G34920	87.7	7.86e-214	585
BRA034666	AT4G34950	84	0	912
BRA034668	AT4G35040	70.9	1.75e-113	326
BRA034672	AT4G35070	68.7	1.69e-106	308
BRA034674	AT4G35090	96.3	0	999
BRA034676	AT4G35110	73.1	5.17e-155	442
BRA034677	AT4G35160	87.8	4.25e-242	661
BRA034679	AT3G13400	95.3	0	1093
BRA034683	AT3G13350	65.3	7.94e-128	366
BRA034690	AT3G13320	91.8	1.57e-282	769
BRA034692	AT3G13300	75.5	0	1889
BRA034694	AT3G13275	84.1	1.11e-40	127
BRA034696	AT3G13230	92.5	6.07e-138	387
BRA034697	AT4G27820	78	1.5e-297	812
BRA034698	AT3G13200	94.4	4.62e-135	378
BRA034700	AT3G13175	84.9	6.73e-54	163
BRA034703	AT3G13130	64.5	5.29e-67	203
BRA034704	AT3G13120	86.7	1.04e-105	301
BRA034705	AT3G13110	83.2	1.06e-216	598
BRA034706	AT3G13100	87.7	0	2497
BRA034707	AT2G17600	56.6	1.67e-235	664
BRA034708	AT3G13070	89.2	0	1065
BRA034709	AT3G13065	80.7	4.02e-267	748
BRA034711	AT3G13020	60.6	2.78e-260	726
BRA034714	AT3G12970	68.5	5.49e-136	392
BRA034715	AT3G12940	87.7	4.96e-304	826
BRA034722	AT3G12880	72.4	2.29e-85	248
BRA034727	AT3G12810	84.1	0	3196
BRA034732	AT3G12775	65.4	7.33e-136	392
BRA034733	AT3G12770	84	0	1147
BRA034735	AT3G12750	85.5	4.32e-194	537
BRA034736	AT3G12740	88	3.61e-215	590
BRA034738	AT3G12720	82.8	2.9e-168	468
BRA034739	AT3G12710	86	9.45e-192	528
BRA034744	AT3G12680	78.7	1.72e-277	763
BRA034745	AT3G12670	93.9	0	1120
BRA034749	AT3G12620	93.9	2.85e-262	713
BRA034750	AT3G12600	88.6	7.06e-117	328
BRA034751	AT3G12560	78.8	0	907
BRA034752	AT3G12550	78.9	0	954
BRA034754	AT3G12500	90.5	1.41e-226	618
BRA034755	AT3G12490	82.6	7.13e-131	367
BRA034757	AT3G12390	86.9	4.18e-90	262
BRA034759	AT3G12370	86.5	4.52e-108	305
BRA034760	AT3G12360	96.6	1.89e-273	758
BRA034761	AT3G12345	77	2.09e-91	264
BRA034762	AT3G12320	83.2	1.97e-153	428
BRA034764	AT3G12280	89.5	0	1756
BRA034765	AT3G12270	79.8	0	915
BRA034767	AT3G12250	89.6	4.32e-205	565
BRA034768	AT3G12210	88.1	2.02e-126	355
BRA034769	AT3G12180	93.2	3.81e-95	270
BRA034770	AT3G12170	86.7	1.07e-152	427
BRA034772	AT3G12150	91.9	7.17e-257	697
BRA034776	AT3G12130	84.3	5.62e-139	389
BRA034777	AT3G12120	89.8	4.63e-271	735
BRA034778	AT3G12110	99.2	5.47e-278	752
BRA034779	AT3G12100	90.1	6.44e-250	682
BRA034780	AT3G12090	93.3	6.23e-202	551
BRA034781	AT3G12080	88.2	0	1095
BRA034782	AT3G12060	77.5	3.35e-309	845
BRA034783	AT3G12050	84.2	4.28e-223	611
BRA034784	AT3G12040	86.7	6.66e-160	443
BRA034785	AT3G12020	79	0	1379
BRA034787	AT1G47470	60	1.59e-71	213
BRA034795	AT3G11964	83.8	0	3096
BRA034797	AT3G11960	88.7	0	2301
BRA034802	AT3G11910	90.7	0	2072
BRA034804	AT3G11890	85.5	2.83e-74	247
BRA034805	AT3G11850	60.6	5.77e-179	509
BRA034806	AT3G11840	79.2	1.07e-251	692
BRA034811	AT3G11780	72.2	3.36e-79	231
BRA034812	AT3G11770	87.5	3.45e-131	366
BRA034817	AT3G11700	90.5	1.36e-292	796
BRA034821	AT3G11670	87.5	0	1384
BRA034824	AT3G11630	90.9	3.48e-160	444
BRA034827	AT3G11590	82.1	9.67e-313	860
BRA034830	AT3G11560	81.8	0	1271
BRA034832	AT3G11540	95.2	0	1305
BRA034834	AT3G11500	100	1.62e-51	155
BRA034839	AT3G11470	77.4	1.8e-162	453
BRA034840	AT3G11460	84.5	0	1052
BRA034841	AT3G11450	86.3	0	898
BRA034842	AT3G11440	71.8	4.65e-278	765
BRA034843	AT3G11430	89.8	0	888
BRA034844	AT3G11420	87.1	0	875
BRA034845	AT3G11410	81.7	1.54e-217	601
BRA034847	AT3G11397	93.3	3.85e-137	382
BRA034851	AT3G11320	97.7	1.56e-202	555
BRA034855	AT3G11260	65.2	6.57e-71	210
BRA034856	AT3G11240	74.7	8.14e-298	819
BRA034858	AT3G11220	93.9	6.17e-237	646
BRA034859	AT3G11210	92.2	1.24e-179	493
BRA034860	AT3G11200	91.1	8.99e-166	457
BRA034861	AT3G11180	74.5	4.54e-217	600
BRA034863	AT3G11170	86.9	8.05e-299	810
BRA034864	AT3G11130	84.7	0	2718
BRA034865	AT3G11110	82.8	2.48e-90	259
BRA034867	AT3G11090	86.1	3.22e-98	280
BRA034873	AT4G13590	87.8	7.12e-202	558
BRA034878	AT4G13370	78.2	0	928
BRA034880	AT4G13345	87.7	6.06e-252	689
BRA034881	AT4G13270	85.1	9.01e-132	369
BRA034883	AT4G13230	69.7	8.57e-08	47
BRA034892	AT1G77230	69.7	2.17e-97	281
BRA034894	AT4G13070	77.7	6.01e-177	493
BRA034895	AT4G13040	76	1.38e-97	283
BRA034896	AT4G13030	62.5	2.74e-184	522
BRA034897	AT4G12980	87.8	1.43e-244	669
BRA034898	AT4G12970	81.4	4.69e-59	176
BRA034904	AT4G12900	70.2	4.8e-116	330
BRA034912	AT4G12760	75.5	1.19e-130	369
BRA034913	AT1G35490	72.9	1.99e-98	288
BRA034917	AT1G43710	90.3	0	917
BRA034921	AT1G43780	85	1.25e-316	858
BRA034927	AT1G42970	94.6	4.64e-308	834
BRA034928	AT1G42960	87.5	7.66e-94	269
BRA034929	AT1G42550	86	0	1337
BRA034931	AT1G42540	89	0	1633
BRA034938	AT1G42480	71.6	8.32e-82	239
BRA034941	AT4G31500	95	0	950
BRA034943	AT1G41830	96.1	0	1071
BRA034944	AT5G40680	60.1	3.15e-164	467
BRA034949	AT3G42660	79.1	0	1290
BRA034951	AT3G42880	81.5	0	929
BRA034954	AT3G43120	92.5	2.58e-104	295
BRA034957	AT3G43240	89.7	0	1372
BRA034960	AT3G43270	83.1	0	882
BRA034968	AT3G43540	89	6.67e-244	665
BRA034972	AT3G43590	60.3	6.47e-174	502
BRA034977	AT3G43800	88.5	6.36e-154	426
BRA034985	AT4G33865	96.3	9.52e-39	121
BRA034986	AT3G44020	72.2	9.45e-56	171
BRA034988	AT3G44050	83.8	0	1903
BRA034989	AT3G44100	81.6	7.99e-84	242
BRA034992	AT3G44160	93.7	1.91e-255	694
BRA034996	AT3G44190	89.6	8.18e-245	667
BRA035000	AT3G44200	78.9	0	1356
BRA035001	AT3G44220	94.2	7.91e-149	411
BRA035002	AT3G44260	87.6	5.58e-172	475
BRA035009	AT3G44340	87.2	0	1511
BRA035010	AT5G42200	79.4	1.4e-92	265
BRA035017	AT1G78190	83.1	7.83e-70	204
BRA035018	AT1G78200	79.5	1.04e-159	445
BRA035019	AT1G78210	86.6	4.42e-200	550
BRA035020	AT1G78220	70.5	3.55e-109	314
BRA035022	AT1G78230	75	3.88e-246	692
BRA035025	AT1G78280	89.4	0	1767
BRA035028	AT1G78310	67.7	2.36e-116	337
BRA035031	AT1G78360	82.7	5.59e-140	390
BRA035033	AT1G78390	85.2	0	1032
BRA035034	AT1G78400	72.7	5.51e-217	600
BRA035036	AT1G78420	80.3	3.87e-197	550
BRA035038	AT1G78440	81.8	1.24e-189	524
BRA035040	AT1G78460	71.9	1.42e-112	320
BRA035042	AT1G78510	84.4	3.33e-242	664
BRA035043	AT1G78520	88.9	1.9e-71	208
BRA035044	AT1G78530	89.8	2.3e-235	642
BRA035046	AT1G78550	83.2	9.98e-216	593
BRA035048	AT1G78570	94.5	0	1300
BRA035049	AT1G78580	94.5	0	1709
BRA035052	AT1G78610	84.9	0	1348
BRA035053	AT1G78620	84.2	1.31e-183	509
BRA035054	AT1G78630	95.4	1.62e-165	456
BRA035055	AT1G78650	66	1.4e-175	502
BRA035056	AT1G78670	76.8	1.05e-189	526
BRA035058	AT1G78680	79.8	9.79e-208	572
BRA035059	AT1G78690	86.4	4.03e-179	494
BRA035060	AT1G78700	79.4	2.63e-174	484
BRA035062	AT1G78770	93.8	0	1028
BRA035063	AT1G78780	76.7	2.27e-165	459
BRA035064	AT1G78800	93.3	1.06e-273	743
BRA035066	AT1G78815	92.8	9.44e-107	303
BRA035067	AT1G78830	90.8	1.95e-292	795
BRA035070	AT1G78850	91.8	1.51e-296	804
BRA035072	AT1G78880	93.1	3.3e-302	825
BRA035073	AT1G78890	76.7	1.01e-75	222
BRA035075	AT1G78910	84.3	3.43e-303	824
BRA035076	AT1G78920	97.3	0	1475
BRA035077	AT1G78930	78.5	1.1e-204	583
BRA035079	AT1G78960	83.2	0	1382
BRA035080	AT1G78980	69.6	0	880
BRA035081	AT1G78990	87.7	2.36e-303	823
BRA035082	AT1G79000	86.6	0	2750
BRA035083	AT1G79010	96.4	1.91e-132	371
BRA035084	AT1G79020	85.1	1.2e-276	755
BRA035088	AT1G79060	65.5	1.59e-116	343
BRA035089	AT1G79070	80.7	3.88e-66	196
BRA035090	AT1G79080	80.1	1.22e-145	431
BRA035092	AT1G79110	61.4	4.17e-124	359
BRA035093	AT1G79120	80.8	3.85e-235	646
BRA035094	AT1G79130	66.9	2.27e-54	167
BRA035095	AT1G79150	79.8	0	1207
BRA035096	AT1G79160	73	1.44e-94	276
BRA035098	AT1G79200	77.8	2.12e-51	160
BRA035100	AT1G79220	71.6	3.21e-196	546
BRA035105	AT1G79280	68.4	0	2058
BRA035107	AT1G79320	84	1.49e-222	611
BRA035109	AT1G79340	87.5	6.04e-261	712
BRA035110	AT1G79350	88.7	0	2280
BRA035112	AT1G79380	85.8	1.2e-250	685
BRA035113	AT1G79390	88.9	2.09e-78	226
BRA035115	AT1G79410	79.5	1.07e-294	806
BRA035117	AT1G79420	94.7	1.2e-299	810
BRA035118	AT1G79430	94.1	7.1e-234	639
BRA035119	AT1G79440	93.4	0	961
BRA035120	AT1G79460	85	0	1306
BRA035121	AT1G79470	90.7	0	904
BRA035122	AT1G79480	63.3	1.01e-99	301
BRA035123	AT1G79520	89.3	4.86e-251	695
BRA035127	AT1G79580	89	9.54e-204	563
BRA035129	AT3G19184	68.7	1.85e-110	319
BRA035130	AT1G79610	87.5	0	884
BRA035131	AT1G79630	84.1	7.39e-297	810
BRA035132	AT1G79640	80	0	1020
BRA035133	AT1G79660	83	3.23e-51	155
BRA035134	AT1G79670	80.8	0	1186
BRA035137	AT1G79700	77.9	3.99e-164	458
BRA035138	AT1G79710	88.2	2.51e-316	859
BRA035143	AT1G80920	77.9	5.74e-82	238
BRA035145	AT1G80890	90.1	1.79e-31	104
BRA035147	AT1G80850	82.6	3.3e-173	484
BRA035151	AT1G80810	60.3	1.07e-245	703
BRA035152	AT1G80780	93.3	2.34e-187	514
BRA035154	AT1G80770	81.8	3.86e-269	737
BRA035156	AT1G80760	95.7	1.67e-197	542
BRA035158	AT1G80720	81.7	1.38e-144	403
BRA035159	AT1G80710	64.7	3.32e-230	644
BRA035160	AT1G80700	77	9.54e-95	275
BRA035161	AT1G80690	80.6	5.03e-127	358
BRA035162	AT1G80670	94.6	1.53e-224	614
BRA035163	AT1G80660	90.9	0	1691
BRA035165	AT1G80630	66.2	1.13e-262	729
BRA035166	AT1G80620	71.7	9.46e-180	506
BRA035167	AT1G80610	72.5	4.65e-84	247
BRA035168	AT1G80600	89.9	1.53e-291	793
BRA035170	AT1G80550	79.8	5.51e-208	580
BRA035181	AT1G80460	95.6	0	1008
BRA035182	AT1G80450	79.9	2.98e-93	268
BRA035183	AT1G80440	81.4	4.3e-219	601
BRA035184	AT1G80410	92.3	0	1577
BRA035185	AT1G80390	69	8.65e-55	169
BRA035189	AT1G80310	90.3	1.48e-275	752
BRA035190	AT1G80300	92.1	0	1105
BRA035198	AT1G80110	77	3.52e-145	406
BRA035199	AT1G80090	73.9	3.87e-175	489
BRA035201	AT1G80030	84.4	2.49e-279	766
BRA035202	AT1G79960	75.5	1.38e-128	367
BRA035205	AT1G79900	88.2	1.97e-191	527
BRA035207	AT4G11655	80.2	1.55e-45	145
BRA035210	AT1G74450	76.3	1.56e-205	570
BRA035212	AT4G11610	94.1	0	1896
BRA035213	AT4G11570	83.9	1.67e-216	595
BRA035217	AT4G11530	78.4	0	1055
BRA035218	AT4G11490	64.2	4.9e-277	771
BRA035220	AT4G11410	91.8	4.7e-210	575
BRA035227	AT4G11400	65.4	4.46e-262	728
BRA035228	AT4G23460	92	0	1585
BRA035232	AT4G11350	84.9	0	879
BRA035233	AT4G11330	91.6	2.69e-251	688
BRA035234	AT4G11300	75.4	8.92e-179	500
BRA035235	AT4G11290	87.1	3.28e-210	576
BRA035236	AT4G11280	90.1	0	906
BRA035238	AT4G11270	80.3	0	1485
BRA035240	AT4G11240	90.1	1.82e-225	614
BRA035241	AT1G66780	85.9	8.68e-290	791
BRA035247	AT4G11175	88.7	1.91e-88	253
BRA035249	AT4G11130	88.2	0	1978
BRA035251	AT4G11120	90.7	4.46e-245	670
BRA035252	AT4G11110	78.7	0	1504
BRA035255	AT4G11090	84.3	1.49e-280	763
BRA035256	AT4G11080	78.5	3.98e-181	512
BRA035257	AT4G11060	89.6	1.02e-127	357
BRA035258	AT4G11040	77.7	7.97e-152	426
BRA035259	AT4G11030	90.2	0	1239
BRA035262	AT4G10960	94.8	4.41e-247	671
BRA035263	AT4G10955	83.4	2.06e-219	602
BRA035264	AT4G10950	85.1	2.94e-254	694
BRA035265	AT4G10925	85.8	9.13e-144	400
BRA035269	AT4G10890	59.7	9.32e-95	288
BRA035270	AT4G10850	81.7	8.4e-140	392
BRA035271	AT5G49690	78.9	1.22e-272	746
BRA035273	AT4G10800	74.5	2.14e-127	362
BRA035279	AT4G10770	88.5	0	1385
BRA035280	AT4G10760	86.3	0	929
BRA035281	AT4G10750	82.9	4.48e-212	583
BRA035283	AT4G10720	60.9	9.37e-120	352
BRA035288	AT4G10650	85.6	1.54e-227	624
BRA035290	AT5G02860	70.5	2.57e-88	296
BRA035296	AT5G42150	88.3	3.47e-199	547
BRA035298	AT1G43170	93	3.5e-267	726
BRA035299	AT3G57790	87.4	8.15e-309	839
BRA035300	AT5G42450	80.3	7.91e-248	687
BRA035302	AT5G42490	60	0	1164
BRA035303	AT5G42570	87.6	2.17e-120	340
BRA035305	AT5G42610	78.6	3.17e-154	431
BRA035311	AT5G42630	72.8	4.32e-117	349
BRA035320	AT5G42650	82.4	7.4e-316	860
BRA035323	AT5G42655	81.7	1.14e-99	285
BRA035324	AT5G42700	69.9	3.87e-100	290
BRA035331	AT5G42750	79.9	3.72e-160	451
BRA035332	AT5G42790	90.3	1.14e-175	484
BRA035334	AT5G42830	85	1.47e-289	787
BRA035335	AT5G42960	85.8	3.93e-132	369
BRA035336	AT5G42970	93.2	2.91e-258	704
BRA035337	AT5G43000	74.9	3.21e-86	259
BRA035338	AT5G43010	97.7	1.3e-278	755
BRA035347	AT5G36890	90.2	0	944
BRA035348	AT5G36710	88.5	2.86e-109	310
BRA035349	AT5G36700	93.1	5.24e-238	649
BRA035350	AT5G36740	62	0	1049
BRA035354	AT5G36290	89.2	6.62e-171	474
BRA035359	AT5G36260	84.9	5.26e-302	822
BRA035360	AT5G36250	84.9	5.5e-255	700
BRA035363	AT5G36100	58.6	3.08e-92	275
BRA035364	AT5G35980	83.6	0	1535
BRA035365	AT5G35970	95.4	0	1536
BRA035366	AT5G35960	90.5	8.35e-261	712
BRA035375	AT5G35770	89.3	2.92e-246	674
BRA035380	AT4G04775	51.5	1.09e-19	80.1
BRA035381	AT5G35750	80.4	0	1809
BRA035382	AT5G35740	86.6	4.17e-77	223
BRA035384	AT5G35735	81.5	3.11e-245	671
BRA035385	AT5G35732	79.6	8.05e-48	147
BRA035386	AT5G35730	95.2	0	888
BRA035388	AT5G35700	93.3	0	1233
BRA035389	AT5G35690	72.5	1.37e-279	773
BRA035390	AT2G04520	93.8	6.84e-93	265
BRA035392	AT5G35630	92.3	5.54e-302	817
BRA035393	AT5G35620	87.6	9.09e-124	347
BRA035394	AT5G35580	75	1.27e-260	716
BRA035396	AT5G35570	88.7	0	1091
BRA035397	AT5G35560	86.8	0	1274
BRA035398	AT5G35460	91.7	9.28e-237	648
BRA035399	AT5G35520	52.9	3.08e-73	222
BRA035404	AT5G35430	77.7	0	1130
BRA035407	AT1G68560	88.6	0	1713
BRA035409	AT1G60030	89.6	0	969
BRA035413	AT1G59990	83.8	0	907
BRA035416	AT1G59900	95.1	8.65e-272	737
BRA035418	AT1G59890	74.9	0	1603
BRA035420	AT1G59850	73.6	6.38e-226	629
BRA035422	AT1G59820	94.8	0	2248
BRA035427	AT1G59750	94.1	0	1240
BRA035429	AT1G59740	91	0	1047
BRA035431	AT1G56550	82.1	1.48e-214	590
BRA035433	AT1G59610	94.3	0	1535
BRA035434	AT1G59600	81.2	2.15e-188	521
BRA035435	AT1G59590	84.6	3e-117	332
BRA035437	AT1G59580	94.9	7.43e-258	701
BRA035438	AT1G59520	92.3	5.88e-258	703
BRA035439	AT1G58983	91.6	1.11e-156	437
BRA035446	AT1G58360	88.6	0	881
BRA035451	AT1G58280	77.5	4.17e-171	476
BRA035455	AT1G58230	91.5	0	4732
BRA035458	AT1G58210	51.5	4.39e-68	212
BRA035459	AT1G58200	79.5	0	912
BRA035461	AT1G58180	87.2	1.36e-184	508
BRA035462	AT1G58120	85.5	1.3e-247	679
BRA035466	AT1G58080	90.3	2.79e-262	715
BRA035468	AT1G58025	59.6	8.89e-173	500
BRA035469	AT1G57990	81.9	4.57e-229	629
BRA035471	AT1G57680	87.3	2.41e-215	592
BRA035472	AT1G57700	80.2	0	1078
BRA035474	AT1G57790	69.1	1e-188	524
BRA035476	AT1G33170	88.3	0	1182
BRA035480	AT1G33050	53.2	7.17e-183	529
BRA035481	AT1G33030	81.9	1.33e-207	572
BRA035482	AT1G51990	65	8.32e-162	457
BRA035483	AT1G32361	71.9	5.79e-137	389
BRA035488	AT1G32510	77.5	3.49e-159	444
BRA035497	AT1G32710	79.8	1.47e-62	187
BRA035499	AT1G32750	83.4	0	2898
BRA035503	AT1G32810	72.5	2.06e-181	532
BRA035505	AT1G32920	77.8	2.53e-30	101
BRA035509	AT1G37140	55.9	1.47e-77	233
BRA035511	AT1G32230	77	4.4e-312	855
BRA035512	AT1G32200	86.3	2.2e-283	772
BRA035513	AT1G32170	91.6	3.66e-229	625
BRA035515	AT1G76065	88.3	1.89e-41	130
BRA035517	AT1G32050	85.2	1.27e-178	493
BRA035519	AT1G31910	89.9	0	892
BRA035520	AT1G31885	85.7	8.09e-198	545
BRA035521	AT1G31880	85.2	3.82e-215	590
BRA035524	AT5G35930	77.1	0	1454
BRA035525	AT5G35790	91	0	1028
BRA035527	AT5G35670	69.7	1.54e-156	448
BRA035528	AT5G35660	60.3	4.11e-15	72.4
BRA035532	AT5G35550	70.5	6.21e-96	281
BRA035535	AT2G06520	68.8	1.5e-39	128
BRA035537	AT5G35400	74.9	7.23e-239	658
BRA035538	AT5G35390	77.4	0	947
BRA035539	AT5G35380	79.1	0	1038
BRA035540	AT5G54830	95	2.45e-156	456
BRA035541	AT5G54870	91.9	0	997
BRA035542	AT5G54880	84.6	6.77e-84	251
BRA035543	AT5G54890	85.5	4.43e-210	578
BRA035544	AT3G02020	84.9	0	897
BRA035553	AT5G55100	67.6	1.11e-293	833
BRA035555	AT5G55125	89.6	6.84e-43	133
BRA035562	AT5G55190	97.7	8.81e-158	435
BRA035563	AT5G55220	84	3.37e-314	858
BRA035566	AT5G55290	94.3	2.92e-41	128
BRA035567	AT5G55300	81.8	0	1030
BRA035571	AT5G55370	72.6	4.74e-176	491
BRA035572	AT5G55390	71.8	0	1744
BRA035574	AT5G55450	67	5.33e-44	138
BRA035575	AT5G55507	54.7	1.62e-25	93.6
BRA035576	AT5G55520	62.9	3.54e-294	823
BRA035577	AT5G55560	87.2	9.65e-189	521
BRA035578	AT1G60700	71.4	8.49e-90	272
BRA035586	AT5G55700	89.8	0	970
BRA035588	AT5G55720	84.7	5.14e-253	690
BRA035591	AT5G55850	83.6	2.47e-38	123
BRA035594	AT5G55920	71.9	9.01e-253	711
BRA035596	AT5G55930	92.1	0	1436
BRA035598	AT5G55990	97.8	8.12e-161	443
BRA035602	AT5G56080	90	1.12e-214	587
BRA035603	AT5G56100	75	9.24e-32	109
BRA035605	AT5G56150	94.6	2.29e-106	299
BRA035607	AT5G56180	86	2.93e-301	818
BRA035608	AT5G56190	92.9	8.09e-305	826
BRA035611	AT5G56250	61.2	1.7e-288	811
BRA035614	AT5G56320	92.1	2.29e-176	486
BRA035616	AT1G32375	56.9	8.52e-151	434
BRA035617	AT5G50270	56.5	6.03e-138	399
BRA035620	AT5G56420	80.9	4.5e-256	700
BRA035622	AT5G56460	91.4	3.31e-265	722
BRA035625	AT5G56550	74.6	2.32e-53	167
BRA035627	AT5G56640	87.6	1.55e-201	553
BRA035628	AT4G29390	100	1.33e-38	121
BRA035629	AT5G56710	96.6	5.07e-78	225
BRA035636	AT5G56930	64.4	4.07e-245	692
BRA035637	AT5G56940	91.5	2.37e-84	242
BRA035639	AT5G56960	62.9	7.8e-158	455
BRA035640	AT5G56970	85.2	0	904
BRA035643	AT5G57010	81.7	2.15e-302	827
BRA035648	AT5G57090	90.4	0	1108
BRA035649	AT5G57110	92.9	0	1927
BRA035650	AT5G57120	71	6.33e-83	255
BRA035651	AT2G29080	87.4	0	1342
BRA035652	AT2G29070	84.8	5.65e-180	498
BRA035657	AT2G28990	74.4	0	1276
BRA035658	AT2G28950	92.3	1.11e-181	498
BRA035659	AT2G28930	88	2.16e-258	706
BRA035660	AT2G28920	82.8	3.61e-85	245
BRA035665	AT2G28830	78.4	1.71e-223	634
BRA035667	AT2G28810	73.7	1.48e-163	459
BRA035669	AT2G28800	83.2	1.5e-252	694
BRA035671	AT2G28780	85.9	0	1318
BRA035673	AT5G59970	100	3.04e-67	196
BRA035675	AT3G47170	59.7	5.14e-183	518
BRA035677	AT2G28720	83.4	1.36e-67	201
BRA035678	AT2G28710	87.5	2.3e-69	206
BRA035679	AT2G28680	95.5	7.78e-256	694
BRA035681	AT2G28660	76.3	8.41e-113	325
BRA035682	AT2G28640	76.6	0	890
BRA035683	AT2G28630	92.2	0	894
BRA035684	AT2G28625	79.1	3.92e-37	119
BRA035686	AT2G28620	91.7	0	1753
BRA035688	AT2G28610	81.6	1.65e-104	301
BRA035689	AT2G28605	77.7	5.14e-115	328
BRA035690	AT2G28570	56.4	4.13e-17	68.2
BRA035691	AT2G28560	90.5	4.56e-229	632
BRA035693	AT2G28520	92.2	0	1467
BRA035696	AT2G28510	67.6	3.32e-108	313
BRA035698	AT2G28500	81.1	5.22e-111	317
BRA035700	AT2G28440	75.4	2.25e-22	90.5
BRA035703	AT2G28400	76.2	1.07e-72	218
BRA035704	AT2G28380	76.2	4.67e-201	562
BRA035705	AT2G28370	93.9	3.03e-113	319
BRA035706	AT2G28360	84.2	0	1196
BRA035712	AT5G50820	86.4	7.08e-116	326
BRA035713	AT5G50830	57.7	1.14e-98	290
BRA035716	AT5G50860	85.1	0	970
BRA035719	AT5G50890	88.1	3.88e-245	671
BRA035720	AT4G32360	88.5	4.42e-298	830
BRA035721	AT5G51040	82.2	2.07e-112	318
BRA035722	AT5G51050	93.1	0	926
BRA035723	AT4G00650	59.9	1.72e-100	299
BRA035726	AT4G06634	81	2.51e-132	384
BRA035727	AT5G51150	92.3	0	953
BRA035728	AT5G51170	83.1	7.08e-172	476
BRA035731	AT5G51180	83.5	9.93e-219	600
BRA035732	AT5G51190	80.3	2.57e-117	332
BRA035733	AT5G51210	79.1	8.93e-64	191
BRA035734	AT5G51220	84.6	6.54e-171	473
BRA035740	AT3G20830	86.5	1.8e-247	677
BRA035741	AT3G20820	89.8	4.41e-113	333
BRA035742	AT3G20810	87.2	9.92e-276	750
BRA035743	AT3G20800	96.8	3.22e-218	595
BRA035744	AT3G20790	88.2	3.88e-228	624
BRA035745	AT3G20780	91.7	0	1199
BRA035756	AT3G20660	87.1	0	921
BRA035759	AT3G20650	97.3	1.88e-268	727
BRA035761	AT3G20640	80.6	3.12e-223	620
BRA035762	AT3G20630	90.8	0	1487
BRA035773	AT3G20540	81.1	0	1642
BRA035774	AT3G20520	71.2	0	983
BRA035776	AT3G20500	89.8	1.81e-306	829
BRA035777	AT3G20475	85.5	0	1417
BRA035778	AT3G20470	87.8	2.22e-19	80.5
BRA035779	AT3G20460	71.4	8.97e-236	652
BRA035781	AT3G20450	88	4.33e-53	162
BRA035782	AT3G20440	89.9	0	1679
BRA035783	AT3G20430	74.3	1.01e-110	319
BRA035784	AT3G20420	76.2	1.97e-178	499
BRA035785	AT3G20395	72.9	5.68e-69	206
BRA035786	AT3G20390	91	4.59e-111	317
BRA035788	AT3G20350	72.2	3.72e-271	758
BRA035791	AT3G20320	92.7	1.99e-246	689
BRA035793	AT3G20300	92.3	1.64e-299	813
BRA035794	AT3G20290	89.8	0	962
BRA035795	AT3G20280	62.1	3.28e-272	766
BRA035797	AT3G20270	68.6	1.78e-215	611
BRA035799	AT3G20260	84.9	1.87e-226	626
BRA035800	AT3G20250	81.9	0	1105
BRA035801	AT3G20240	90.2	7.96e-229	625
BRA035802	AT3G20230	92	8.57e-119	333
BRA035803	AT3G20220	87.3	3.7e-68	200
BRA035804	AT3G20210	75.8	9.96e-257	706
BRA035805	AT3G20200	84.9	0	1208
BRA035808	AT3G20160	77.9	1.08e-184	513
BRA035813	AT3G20140	74.1	2.21e-265	736
BRA035814	AT4G15350	68.8	4.73e-230	641
BRA035817	AT3G20070	55.7	1.03e-83	252
BRA035818	AT3G20100	68.8	1.49e-247	686
BRA035819	AT3G20060	94.5	4.16e-125	349
BRA035821	AT3G20040	87.9	1.43e-312	850
BRA035822	AT3G20020	88.7	2.73e-266	727
BRA035823	AT3G20015	97.4	4.37e-253	691
BRA035824	AT3G20010	64.7	0	1260
BRA035829	AT3G19990	88.7	2.09e-284	773
BRA035834	AT3G19960	87.1	0	1970
BRA035837	AT5G63550	77.3	9.38e-163	473
BRA035838	AT5G63540	69.7	1.79e-296	822
BRA035839	AT5G63530	73.5	2.07e-113	333
BRA035840	AT5G63510	86	1.56e-136	385
BRA035843	AT5G63460	79.8	8.4e-76	223
BRA035846	AT5G63410	91.3	8.11997e-320	884
BRA035847	AT5G63400	92.5	2.64e-163	451
BRA035848	AT5G63320	68	3.95e-259	762
BRA035849	AT5G63290	85.6	4.56e-306	832
BRA035851	AT5G63200	88.7	0	1017
BRA035853	AT5G63140	82.6	6.97e-238	651
BRA035857	AT5G63120	89.6	0	1015
BRA035858	AT5G63110	92	0	902
BRA035859	AT5G63100	78.9	3.45e-184	510
BRA035861	AT5G63080	68.2	2.53e-223	620
BRA035862	AT5G63070	88.5	4.24e-96	274
BRA035863	AT5G63085	63.2	2.38e-24	86.3
BRA035864	AT5G63060	85.9	3.35e-160	444
BRA035866	AT5G63040	73.8	6.33e-157	444
BRA035867	AT5G63030	94.4	4.4e-84	241
BRA035869	AT5G62990	80.6	2.95e-272	747
BRA035875	AT5G62890	98.1	0	1045
BRA035876	AT3G48050	53.9	0	1438
BRA035879	AT5G62850	87.5	1.26e-155	431
BRA035881	AT5G62790	90.8	0	876
BRA035883	AT5G62720	78.3	1.17e-130	369
BRA035884	AT5G62710	87.5	1.41e-316	868
BRA035890	AT5G62560	79.3	2.4e-276	763
BRA035895	AT3G47370	95.9	1.09e-78	227
BRA035897	AT5G62360	84.8	3.27e-88	257
BRA035899	AT5G62260	68.1	4.14e-155	442
BRA035902	AT5G62200	78.1	1.83e-100	287
BRA035904	AT5G62180	78.5	2.01e-191	529
BRA035911	AT5G61930	83.1	1.77e-240	659
BRA035913	AT5G61790	94.4	1.78e-248	690
BRA035915	AT5G61760	80.5	2.39e-167	464
BRA035916	AT5G61670	91.2	1.27e-174	484
BRA035917	AT5G61660	76.3	7.04e-11	55.8
BRA035919	AT5G61590	87.8	1.5e-110	314
BRA035926	AT5G61510	95.4	5.8e-225	617
BRA035930	AT5G61412	94.3	8.5e-18	69.7
BRA035931	AT5G61400	68.6	5.44e-84	276
BRA035932	AT5G61390	78.4	9.7e-260	714
BRA035934	AT5G61350	89	0	1465
BRA035935	AT5G61340	81.4	1.17e-172	482
BRA035937	AT5G61240	72.5	1.18e-87	265
BRA035940	AT5G61150	78.5	1.21e-236	667
BRA035944	AT5G61030	87.1	1.89e-65	206
BRA035945	AT5G61000	90.3	0	1107
BRA035957	AT5G60830	73.5	6.63e-80	236
BRA035958	AT5G23080	81.8	0	1272
BRA035959	AT5G23090	94.7	1.76e-95	273
BRA035961	AT5G43130	78.5	0	1160
BRA035963	AT5G43210	77.6	5.47e-88	254
BRA035967	AT5G43300	80.8	9.03e-208	573
BRA035974	AT5G43320	94	0	873
BRA035977	AT5G43360	94.6	0	985
BRA035982	AT5G43500	73.6	8.3e-316	865
BRA035984	AT5G43710	81.5	0	996
BRA035985	AT5G43720	76.3	3.19e-138	395
BRA035988	AT5G43745	84.9	0	1344
BRA035989	AT5G43750	84.3	3.83e-132	370
BRA035990	AT2G33130	60.2	2.46e-35	116
BRA035993	AT5G43840	71.8	1.85e-129	368
BRA035994	AT5G43850	88.8	2.59e-131	365
BRA036000	AT5G43860	85.3	1.31e-199	549
BRA036001	AT5G43870	86.1	1.09e-253	697
BRA036003	AT5G43950	79	0	978
BRA036015	AT5G44190	82	8.36e-216	595
BRA036016	AT5G44210	69	1.35e-87	255
BRA036017	AT5G44265	78.9	1.64e-24	90.1
BRA036020	AT5G44300	88.6	1.09e-72	211
BRA036023	AT2G43465	64.8	2.37e-42	144
BRA036025	AT3G49760	67.1	7.08e-58	178
BRA036034	AT3G49845	63.9	3.65e-15	65.5
BRA036036	AT3G49880	88.7	0	872
BRA036037	AT3G49900	79.3	7.8e-245	677
BRA036038	AT3G49910	97.9	1.89e-95	271
BRA036040	AT3G49940	78.8	8.49e-134	376
BRA036041	AT3G49950	82.6	3.35e-245	672
BRA036042	AT2G25240	76.3	6.97e-209	578
BRA036044	AT3G50000	87.9	4.87e-254	693
BRA036055	AT3G50100	79.7	4.49e-232	639
BRA036058	AT3G50210	90.1	8.41e-232	631
BRA036059	AT3G50220	91	1.35e-212	582
BRA036060	AT3G50240	85.5	0	1611
BRA036061	AT3G50260	80.1	3.22e-79	231
BRA036069	AT3G50270	74.1	1.47e-243	671
BRA036072	AT3G50340	91.6	1.63e-262	715
BRA036073	AT3G50350	80.6	2.7e-65	197
BRA036074	AT3G50370	63.3	0	2007
BRA036080	AT3G50390	79.3	4.97e-214	597
BRA036081	AT5G63250	72	1.2e-49	154
BRA036083	AT3G50470	73.7	1.14e-96	280
BRA036089	AT3G50530	88.6	0	1075
BRA036091	AT3G50570	68.2	2.88e-69	211
BRA036092	AT3G50590	88.7	0	2722
BRA036093	AT3G50610	74.8	1.61e-118	337
BRA036094	AT3G50620	87.4	2.03e-215	590
BRA036096	AT3G50640	71.5	1.84e-75	222
BRA036097	AT3G50660	90.1	0	899
BRA036098	AT3G50700	76.8	4.49e-223	619
BRA036102	AT5G27290	88.3	1.04e-209	576
BRA036105	AT5G27230	56.4	4.61e-297	842
BRA036107	AT5G27220	60	1.7e-187	579
BRA036108	AT5G27210	84.9	7.04e-191	525
BRA036109	AT5G27200	83.1	3.88e-67	199
BRA036110	AT5G27150	92.6	0	983
BRA036113	AT5G27990	58	1.15e-65	200
BRA036115	AT5G28030	90.1	2.49e-208	571
BRA036121	AT5G30490	79	3.91e-111	318
BRA036122	AT5G30495	73.8	1.53e-92	268
BRA036123	AT5G29000	76.6	3.43e-191	535
BRA036127	AT5G28830	77	1.91e-164	460
BRA036128	AT5G28750	88.4	9.55e-72	211
BRA036132	AT5G28610	78.5	1.91e-33	113
BRA036134	AT5G28490	84.9	1.46e-114	323
BRA036135	AT5G49550	86.4	7.71e-47	147
BRA036136	AT3G04320	58.6	4.08e-73	220
BRA036137	AT5G49540	91.8	9.17e-64	197
BRA036139	AT5G49510	93.8	1.78e-124	348
BRA036140	AT5G49480	77.4	9.68e-82	238
BRA036141	AT5G49470	72.3	0	1060
BRA036142	AT5G49460	98.7	0	1179
BRA036144	AT5G49340	81.4	6.15e-277	756
BRA036147	AT5G49270	87.4	0	1172
BRA036150	AT4G25710	51.2	4.74e-107	319
BRA036153	AT5G48970	94	1.57e-234	639
BRA036154	AT5G48940	92	2.79e-268	786
BRA036161	AT5G48760	95.6	4.73e-141	391
BRA036163	AT5G48657	71.6	1.61e-95	280
BRA036169	AT5G48470	87.9	7.43e-247	675
BRA036170	AT5G48460	92.5	0	1180
BRA036172	AT5G48430	76.2	9.39e-231	635
BRA036173	AT3G01880	66.1	6.24e-290	799
BRA036174	AT5G48400	73.8	0	1203
BRA036177	AT5G48370	91.8	8.49e-276	751
BRA036179	AT5G03780	52.2	9.44e-123	362
BRA036181	AT5G48240	66.6	8.04e-143	406
BRA036184	AT5G48160	75.3	5.67e-293	806
BRA036192	AT5G47850	69.6	0	957
BRA036194	AT5G47820	91.2	0	1781
BRA036199	AT3G30340	83.2	2.22e-176	495
BRA036201	AT3G30260	81.5	4.62e-130	367
BRA036202	AT3G30210	73.6	1.96e-140	395
BRA036205	AT3G29760	80	1.49e-136	398
BRA036208	AT3G29590	84.9	1.11e-284	775
BRA036213	AT3G29385	61.6	1.22e-85	253
BRA036218	AT3G29100	92.3	6.73e-137	382
BRA036221	AT3G29070	80.6	2.71e-115	327
BRA036223	AT3G29035	70	2.56e-164	460
BRA036225	AT3G29030	91	7.12e-174	478
BRA036226	AT4G03010	86.6	9.86e-189	528
BRA036227	AT4G03000	65	6.5e-298	834
BRA036228	AT4G02990	81.5	5.61e-162	471
BRA036229	AT4G02980	91.4	3.92e-136	378
BRA036233	AT4G02940	74.2	1.28e-293	809
BRA036236	AT2G26970	78.4	1.39e-119	338
BRA036238	AT4G02810	56.9	6.79e-91	271
BRA036239	AT4G02780	83.8	0	1347
BRA036240	AT4G02770	90.4	5.39e-132	372
BRA036241	AT4G02760	66.5	2.68e-182	518
BRA036243	AT4G02725	74.2	9.24e-60	181
BRA036246	AT4G02720	72.3	1.75e-100	303
BRA036247	AT4G02715	63.8	1.31e-67	204
BRA036248	AT4G02710	59.1	0	1066
BRA036249	AT4G02700	86.1	0	1063
BRA036250	AT4G02650	79.3	3.6e-297	820
BRA036251	AT4G02640	71.7	6.99e-184	516
BRA036252	AT4G02630	84.4	3.75e-281	769
BRA036254	AT4G02610	92	1.86e-177	489
BRA036255	AT4G02600	85	4.26e-317	863
BRA036257	AT4G02570	95.5	0	1406
BRA036258	AT4G02530	83.6	1.14e-110	317
BRA036260	AT2G02930	90.6	1.57e-140	390
BRA036261	AT4G02510	80.4	0	1646
BRA036262	AT4G02500	93.7	0	908
BRA036263	AT4G02485	85.2	2.48e-135	378
BRA036266	AT4G02440	64.5	5.77e-179	501
BRA036267	AT4G02430	91.6	8.31e-122	350
BRA036270	AT1G54385	81	2.45e-265	735
BRA036273	AT4G02360	86.5	1.22e-87	252
BRA036276	AT4G02340	91.5	1.81e-229	624
BRA036278	AT4G02330	91.4	0	989
BRA036279	AT4G02320	73.9	4.5e-267	736
BRA036280	AT4G02300	67.7	5.01e-250	694
BRA036282	AT4G02280	93.8	0	1541
BRA036283	AT4G02260	89.6	0	1581
BRA036284	AT4G02250	77.2	1.49e-89	258
BRA036286	AT4G02220	86.4	7.41e-264	719
BRA036287	AT4G02195	89.7	1.15e-174	484
BRA036288	AT4G01930	66.9	7.29e-316	908
BRA036290	AT4G02160	75.3	3.78e-81	238
BRA036291	AT4G02140	80.4	7.26e-52	158
BRA036295	AT4G02075	76.6	5.42e-94	273
BRA036299	AT4G02030	82.3	0	1221
BRA036300	AT4G02020	72.9	0	1172
BRA036301	AT4G01970	84.2	0	1536
BRA036302	AT4G01960	72.9	5.23e-70	214
BRA036309	AT4G01883	83.2	8.68e-109	310
BRA036310	AT4G01860	83.7	0	2181
BRA036312	AT4G01840	77.6	1.39e-210	583
BRA036313	AT4G01810	90.9	0	1580
BRA036315	AT4G01720	81	1.11e-239	664
BRA036316	AT4G01700	86.4	2.46e-184	507
BRA036317	AT4G01680	85.8	2.43e-213	585
BRA036318	AT4G01670	80.8	2.92e-111	319
BRA036319	AT4G01660	82.9	0	969
BRA036321	AT4G01610	87.6	5.98e-243	662
BRA036322	AT4G01600	78.6	5.28e-122	345
BRA036324	AT4G01570	75.2	2.41e-246	705
BRA036325	AT4G01560	87.7	8.14e-219	600
BRA036329	AT1G44960	87.1	6.48e-156	433
BRA036330	AT1G44970	89.6	1.05e-230	630
BRA036333	AT1G45110	92	2.22e-206	568
BRA036334	AT1G45130	91.7	0	1418
BRA036339	AT1G45201	80	7.29e-295	804
BRA036345	AT3G26200	92.8	0	945
BRA036348	AT3G26110	57.8	1.16e-29	103
BRA036354	AT3G25990	74.8	1.8e-192	536
BRA036355	AT3G25970	80.5	0	1038
BRA036356	AT3G25930	76.7	1.33e-75	221
BRA036359	AT3G25905	62.5	1.88e-30	102
BRA036365	AT3G26060	84.8	2.75e-120	340
BRA036377	AT2G14660	82.8	2.55e-93	266
BRA036391	AT2G14680	78.4	0	962
BRA036392	AT2G14690	76.3	3.66e-295	810
BRA036395	AT5G37500	77.7	0	1286
BRA036405	AT2G15090	89.5	2.08e-309	839
BRA036406	AT2G15230	87.6	8.07e-259	705
BRA036407	AT2G15240	89.8	3.26e-169	466
BRA036409	AT2G15290	86.8	2.49e-171	475
BRA036410	AT2G15310	90.6	5.78e-128	367
BRA036418	AT3G03980	81.1	1.96e-140	394
BRA036422	AT3G03960	96.9	0	1016
BRA036426	AT3G03940	94.3	0	1211
BRA036428	AT3G03910	94.9	4.87e-296	800
BRA036430	AT3G03810	91.6	0	1206
BRA036433	AT3G03773	90.6	8.31e-97	277
BRA036436	AT3G03760	81.8	6.34e-117	336
BRA036437	AT3G03740	93	5.47e-281	766
BRA036438	AT3G03720	90.9	0	1048
BRA036441	AT3G03730	54.3	4.15e-136	394
BRA036442	AT3G03690	93.6	1.93e-198	546
BRA036443	AT3G03680	90.5	0	1753
BRA036447	AT3G03640	87.8	0	951
BRA036448	AT3G03630	84.3	3.6e-218	602
BRA036450	AT3G03610	91.4	1.55e-216	592
BRA036452	AT2G20190	90.4	0	2416
BRA036453	AT2G20210	89.9	1.45e-56	186
BRA036458	AT2G20270	53.3	4.71e-51	162
BRA036462	AT2G20310	58.4	7.41e-145	419
BRA036463	AT2G20320	79.2	0	1498
BRA036464	AT2G20330	79.3	0	993
BRA036468	AT2G20390	83.7	6.56e-98	282
BRA036469	AT2G20400	51	1.32e-85	263
BRA036473	AT2G20470	90.7	0	964
BRA036474	AT2G20480	78.1	9.86e-26	89
BRA036476	AT1G27410	76.2	7.72e-237	651
BRA036477	AT2G20495	84.5	1.56e-152	427
BRA036478	AT2G36070	71.5	3.57e-226	628
BRA036479	AT5G48920	66.2	1.76e-26	100
BRA036480	AT5G48930	93.9	1.11e-303	821
BRA036481	AT2G20562	75.3	1.66e-37	119
BRA036482	AT2G20570	74.6	9.74e-211	587
BRA036489	AT2G20585	88.4	2.85e-43	137
BRA036490	AT2G20610	89.3	6.04e-309	837
BRA036491	AT2G20650	89.1	0	995
BRA036492	AT2G20670	84.8	4.73e-174	482
BRA036495	AT2G20690	76.2	3.31e-127	361
BRA036496	AT2G20720	58.6	6.19e-114	337
BRA036497	AT2G20725	78.8	5.92e-123	351
BRA036498	AT2G20740	80.3	3.35e-126	355
BRA036499	AT2G20750	84.2	2.9e-168	465
BRA036502	AT2G20815	66.3	9.1e-166	478
BRA036504	AT2G20825	87.4	1.34e-156	432
BRA036507	AT2G20840	92.3	1.92e-167	464
BRA036510	AT5G24318	82.7	3.38e-274	749
BRA036512	AT5G24430	91.8	0	1066
BRA036515	AT5G24440	64.2	8.05e-126	362
BRA036516	AT5G24460	82.4	6.16e-176	487
BRA036518	AT5G24490	82.5	1.35e-171	477
BRA036519	AT5G24510	70	1.19e-45	142
BRA036520	AT5G24590	70.8	7.01e-215	598
BRA036523	AT5G24710	87.6	0	2227
BRA036524	AT5G24850	85	0	983
BRA036527	AT5G24890	76.3	5.33e-89	262
BRA036530	AT5G25060	86.4	0	1409
BRA036534	AT5G25150	89.7	1.5e-282	788
BRA036537	AT5G25240	73.5	1.81e-61	184
BRA036539	AT2G47840	85.2	1.94e-115	326
BRA036542	AT5G25350	75.8	2.32e-254	712
BRA036543	AT5G25390	80.1	4.35e-102	291
BRA036544	AT1G65550	87.2	1.8e-316	881
BRA036548	AT5G25630	64.7	2.18e-246	689
BRA036554	AT5G25820	73.2	3.76e-316	870
BRA036556	AT5G25840	87.3	3.37e-100	285
BRA036560	AT5G26090	81.5	2.15e-94	280
BRA036561	AT3G44170	60.1	5.64e-68	203
BRA036568	AT5G26210	88.7	5.56e-151	421
BRA036570	AT5G26220	90	1.57e-143	399
BRA036575	AT5G26340	94.2	0	966
BRA036577	AT5G26570	87.1	0	1996
BRA036579	AT5G26594	86.6	5.64e-81	234
BRA036581	AT5G26692	71.4	3.35e-33	108
BRA036583	AT5G26731	62.4	7.75e-32	106
BRA036585	AT5G26710	87.7	0	1261
BRA036586	AT5G26700	83.9	9.65e-118	333
BRA036588	AT5G26660	77.1	3.27e-184	512
BRA036589	AT5G26620	89.7	2.21e-41	129
BRA036591	AT5G26610	72.1	8.93e-128	365
BRA036592	AT5G26749	57.8	1.88e-63	190
BRA036593	AT5G26751	96.3	7.15e-293	792
BRA036595	AT3G05810	78.6	8.87e-55	166
BRA036596	AT5G26830	85.6	0	1252
BRA036597	AT5G26850	90.5	0	1735
BRA036598	AT5G26910	71.8	0	1030
BRA036602	AT5G26960	84.6	1.17e-248	681
BRA036605	AT5G27020	58	6.01e-45	147
BRA036606	AT5G27930	87.3	3.39e-238	651
BRA036607	AT5G27920	82.9	1.7e-217	620
BRA036610	AT5G27870	81.8	0	983
BRA036612	AT5G27830	82.2	6.61e-170	473
BRA036615	AT5G27720	91.5	6.13e-77	223
BRA036616	AT5G27710	80.2	2.92e-192	531
BRA036618	AT5G27700	93.8	2.53e-54	162
BRA036619	AT5G27670	84.1	2.79e-81	236
BRA036620	AT5G27650	68.1	0	1208
BRA036622	AT5G27560	83.3	1.51e-196	543
BRA036623	AT5G27550	83.3	0	1193
BRA036630	AT5G27450	86.6	1.2e-230	632
BRA036635	AT1G63010	91.1	0	1231
BRA036636	AT1G62990	96.9	1.04e-203	557
BRA036637	AT1G62981	75	2.8e-173	484
BRA036638	AT1G62980	87.4	1.87e-161	446
BRA036640	AT1G62975	69.8	3.59e-104	301
BRA036646	AT1G62940	94.1	0	990
BRA036647	AT1G62800	84.7	3.63e-256	699
BRA036650	AT1G62710	84.8	6.83e-311	844
BRA036651	AT1G62680	70.5	4.34e-43	160
BRA036658	AT1G62085	72.7	1.16e-149	434
BRA036661	AT1G62400	95.4	6.58e-272	738
BRA036664	AT1G62070	50	1.07e-09	53.9
BRA036665	AT2G04750	85.6	0	1097
BRA036666	AT2G14070	66.7	7.54e-31	107
BRA036667	AT2G14110	88.9	1.66e-124	348
BRA036668	AT3G25290	79.9	7.75e-227	624
BRA036670	AT3G24790	82	2.22e-221	609
BRA036672	AT2G20900	87.4	0	878
BRA036673	AT2G20710	80.7	6.61e-285	778
BRA036677	AT2G20440	92	1.25e-296	803
BRA036680	AT2G20370	85.6	0	1078
BRA036684	AT2G20340	90	0	882
BRA036687	AT2G20300	88.5	0	1286
BRA036688	AT2G20290	79.3	0	2154
BRA036690	AT2G20250	57.4	9.99e-166	481
BRA036691	AT2G20208	71.7	3.98e-26	92.4
BRA036694	AT2G20080	57.9	1.48e-56	174
BRA036696	AT2G19980	78	5.79e-99	282
BRA036697	AT2G19950	82.7	0	994
BRA036701	AT2G19800	89	2.03e-220	601
BRA036704	AT2G19780	80.8	7e-84	260
BRA036705	AT2G19770	94	1.09e-95	271
BRA036711	AT2G19690	80.6	4.31e-81	235
BRA036713	AT2G19640	78.9	4.46e-212	586
BRA036714	AT5G35160	95.3	0	1234
BRA036715	AT3G04660	61	1.88e-163	463
BRA036716	AT2G19580	85.6	3.15e-177	489
BRA036718	AT1G64760	87.6	2.6e-314	852
BRA036719	AT2G19500	82.9	1.12e-308	840
BRA036720	AT2G19480	87.6	1.89e-203	563
BRA036721	AT2G19470	89.4	3.78e-287	780
BRA036722	AT2G19450	84.8	0	874
BRA036726	AT2G19260	59.6	2.65e-208	592
BRA036729	AT2G19160	85.8	1.14e-270	735
BRA036734	AT1G33270	82.9	3.95e-213	600
BRA036738	AT1G33990	90.6	2.15e-221	606
BRA036745	AT1G34220	67.7	1.24e-217	618
BRA036746	AT1G34270	88.3	2.21e-310	842
BRA036747	AT1G34300	82.3	0	1342
BRA036748	AT1G34350	76.6	7.8e-95	272
BRA036750	AT1G34370	77.9	1.98e-280	768
BRA036751	AT1G34420	81	2.38e-278	805
BRA036752	AT3G16550	57.6	2.21e-178	510
BRA036755	AT1G34580	83.2	4.18e-298	816
BRA036757	AT1G34770	84.4	5.95e-137	384
BRA036758	AT1G34780	77.3	5.62e-168	469
BRA036760	AT1G35460	84.2	2.41e-125	355
BRA036761	AT1G35580	94.6	0	1087
BRA036763	AT1G35680	84.7	4.53e-114	323
BRA036764	AT1G35720	93.7	6.97e-212	580
BRA036766	AT1G36050	95.8	9.47e-279	759
BRA036771	AT1G36160	93.4	0	4170
BRA036772	AT4G13520	90.3	1.45e-33	108
BRA036774	AT1G36370	89.1	0	1085
BRA036775	AT1G36390	82.5	8.14e-86	252
BRA036780	AT3G51720	73.9	6.91e-169	478
BRA036782	AT3G51670	91.9	4.82e-273	742
BRA036786	AT3G51640	74.1	0	1055
BRA036787	AT3G51630	85.1	1.62e-265	741
BRA036788	AT3G51600	91.3	1.29e-70	206
BRA036790	AT3G51570	72.5	0	1695
BRA036791	AT3G51550	88.6	0	1592
BRA036792	AT3G51540	59.4	1.43e-131	386
BRA036793	AT3G51510	80.5	5.37e-95	273
BRA036795	AT3G51480	86	0	1549
BRA036801	AT5G67060	85.7	3.82e-111	318
BRA036805	AT5G67370	86.3	3.87e-203	558
BRA036809	AT3G51410	81	4.23e-124	353
BRA036811	AT3G51390	82.3	1.07e-207	571
BRA036812	AT3G51380	88.8	8.01e-51	157
BRA036814	AT3G51360	81.4	4.17e-289	790
BRA036815	AT3G51350	67.5	4e-239	667
BRA036816	AT3G51325	88.5	2.13e-56	168
BRA036817	AT3G51320	81.9	1.2e-297	815
BRA036818	AT3G51310	88.8	0	1373
BRA036821	AT3G51290	85.6	0	911
BRA036823	AT3G51270	82.2	3.74e-247	681
BRA036827	AT3G51250	81.7	1.7e-254	699
BRA036828	AT3G51240	93	1.96e-250	681
BRA036829	AT3G51220	80.5	4.02e-96	276
BRA036830	AT3G51200	67.6	3.48e-40	128
BRA036832	AT3G51180	62.4	7.73e-184	524
BRA036836	AT3G51120	77.8	0	1788
BRA036839	AT3G51030	90.4	5.6e-75	217
BRA036842	AT3G50990	76.4	3.41e-180	501
BRA036843	AT3G50980	65.5	3.99e-24	89.7
BRA036845	AT3G50950	85.1	0	1464
BRA036846	AT3G50930	84.2	2.01e-318	869
BRA036850	AT3G50910	76.8	3.49e-218	605
BRA036853	AT3G50880	80	5.62e-146	409
BRA036854	AT3G50870	64.1	2.43e-118	341
BRA036857	AT3G50845	83.9	4.79e-86	248
BRA036863	AT3G50790	86.3	1.76e-262	715
BRA036865	AT4G14510	70.4	0	1108
BRA036868	AT4G14580	74.4	1.92e-215	600
BRA036876	AT4G14605	87.4	2.17e-205	578
BRA036877	AT4G14620	69.3	7.31e-155	438
BRA036881	AT4G25000	87.3	2.49e-263	717
BRA036883	AT4G14690	85.5	2.87e-110	312
BRA036884	AT4G14716	94.4	3.7e-141	390
BRA036885	AT4G14720	78.9	4.32e-165	462
BRA036887	AT4G14723	76.1	3.91e-61	182
BRA036891	AT4G14730	74.6	8.56e-118	335
BRA036892	AT4G14740	90.5	2.69e-280	766
BRA036896	AT4G14746	78.5	1.08e-129	363
BRA036899	AT4G14760	68.5	0	1844
BRA036900	AT4G14770	72.5	5.86e-316	872
BRA036903	AT4G14790	84.5	0	941
BRA036905	AT4G14815	66.7	2.58e-56	172
BRA036906	AT4G14819	84	7.45e-60	178
BRA036907	AT4G14820	75.9	9.05e-305	845
BRA036908	AT4G14860	65.4	5.91e-76	226
BRA036909	AT4G14870	72.3	1.71e-68	205
BRA036911	AT4G14890	86.4	1.09e-88	254
BRA036916	AT4G14940	91	0	1204
BRA036918	AT4G14990	79.5	0	1102
BRA036920	AT4G15010	91.6	4.57e-248	676
BRA036921	AT4G15020	76.5	5.31e-282	783
BRA036922	AT4G15030	72.3	4.21e-113	325
BRA036923	AT4G15040	83.4	0	1069
BRA036925	AT1G10190	64.2	4.26e-192	536
BRA036926	AT1G43620	68.3	2.38e-288	793
BRA036927	AT1G43690	83	0	956
BRA036928	AT1G26900	75.8	2.26e-260	720
BRA036929	AT1G43790	73	4.06e-50	154
BRA036935	AT1G43900	92	3.41e-182	505
BRA036936	AT1G43910	91.8	3.94e-290	790
BRA036937	AT1G43980	80.4	0	897
BRA036938	AT1G44000	83.1	1.44e-161	447
BRA036941	AT1G44130	75.2	1.68e-228	629
BRA036945	AT1G44318	80.7	1.84e-218	602
BRA036946	AT1G44350	86.7	5.72e-184	514
BRA036948	AT1G44446	91.6	0	1022
BRA036951	AT1G44608	62.4	6.74e-67	202
BRA036955	AT1G44750	91.8	3.91e-231	635
BRA036958	AT1G44760	91.6	2.44e-136	383
BRA036964	AT1G44770	88.4	2.91e-166	461
BRA036965	AT1G44780	61.6	2.6e-127	376
BRA036966	AT1G44790	86.6	8.86e-118	332
BRA036969	AT4G33880	84.6	1.51e-172	483
BRA036970	AT4G33890	61.7	4.48e-119	347
BRA036971	AT4G33905	78.9	3.01e-146	409
BRA036979	AT4G33740	63.8	5.84e-116	347
BRA036984	AT4G33710	68.3	2.02e-78	229
BRA036989	AT4G33670	93.7	2.5e-207	568
BRA036990	AT4G33660	95	1.04e-08	46.2
BRA036995	AT1G61190	62.9	0	923
BRA037001	AT4G33580	79.3	2.98e-169	471
BRA037002	AT4G33565	63.2	1.17e-98	294
BRA037007	AT4G33420	88.2	1.52e-195	540
BRA037009	AT4G33360	85.1	3.64e-216	592
BRA037010	AT4G33280	67.2	2.8e-182	521
BRA037013	AT4G33230	80.6	0	955
BRA037014	AT4G33210	86.4	0	1140
BRA037021	AT4G33140	78.4	9.63e-184	510
BRA037029	AT4G33030	90.2	2.82e-313	850
BRA037032	AT4G32960	87.4	7.56e-157	436
BRA037033	AT4G32950	84	1.36e-202	557
BRA037034	AT4G32930	92	7.44e-123	342
BRA037040	AT4G32860	84.4	1.88e-107	305
BRA037042	AT4G32770	86.5	0	912
BRA037043	AT4G32760	82.6	0	1001
BRA037049	AT4G32650	82.8	0	1014
BRA037053	AT4G32510	88.8	0	1163
BRA037055	AT4G13530	63	5.89e-105	304
BRA037057	AT4G14080	85.4	3.74e-316	857
BRA037058	AT4G14100	84.4	7.21e-136	378
BRA037062	AT4G14280	78.5	0	1162
BRA037067	AT4G14780	85.1	3.48e-231	632
BRA037069	AT4G14805	65.6	2.82e-75	226
BRA037070	AT4G14840	74.7	1.25e-241	673
BRA037071	AT4G14850	88.8	0	1211
BRA037075	AT3G31910	51.9	4.46e-27	106
BRA037076	AT3G47090	79.5	5.76e-275	795
BRA037079	AT4G14965	92.9	2.76e-161	446
BRA037086	AT4G15180	76.6	0	3502
BRA037088	AT4G15215	88.6	0	2457
BRA037091	AT1G56050	83.7	2.27e-236	649
BRA037092	AT1G56040	74	7.63e-108	327
BRA037093	AT1G56000	90.6	1.12e-249	681
BRA037096	AT1G55890	76	3.64e-81	254
BRA037097	AT1G55865	51.5	4.65e-70	223
BRA037098	AT1G55850	80	0	1180
BRA037101	AT1G55775	62.8	6.22e-52	161
BRA037104	AT1G55670	92.6	1.74e-98	280
BRA037117	AT5G67340	77	1.06e-289	810
BRA037118	AT5G67320	85.1	7.34e-274	761
BRA037120	AT5G67250	82.5	1.46e-305	834
BRA037123	AT3G46730	66.4	0	1016
BRA037124	AT5G67190	82.1	6.29e-102	290
BRA037125	AT5G67170	79.4	3.29e-168	474
BRA037127	AT5G67070	81.1	1.87e-66	196
BRA037129	AT5G67050	79.5	1.81e-279	764
BRA037131	AT5G66985	71.1	3.08e-34	112
BRA037133	AT5G66960	92.1	0	1476
BRA037134	AT5G66950	84.3	0	1366
BRA037136	AT5G66930	89.8	3.57e-131	369
BRA037137	AT5G66920	90.4	0	994
BRA037139	AT5G66900	81.7	0	1129
BRA037140	AT5G55380	77.6	8.08e-187	518
BRA037141	AT5G66890	74.2	2.08e-170	483
BRA037145	AT5G66840	53.9	3.67e-141	415
BRA037147	AT5G66816	74.1	2.9e-23	84.7
BRA037151	AT5G66730	72.3	8.47e-226	630
BRA037152	AT5G66710	74.1	3.79e-207	575
BRA037154	AT5G66700	76.9	7.46e-109	311
BRA037157	AT5G66675	83.7	4.03e-236	649
BRA037159	AT5G66640	58.5	8.99e-181	516
BRA037160	AT5G66620	66.6	6.71e-191	542
BRA037162	AT5G66590	84.9	7.48e-109	308
BRA037163	AT5G66580	86.5	3.51e-91	261
BRA037164	AT5G66570	97	4.86e-231	629
BRA037165	AT5G66550	86.1	1.15e-122	346
BRA037166	AT5G66540	80.5	1.59e-233	652
BRA037168	AT5G66470	89.5	1.71e-275	751
BRA037169	AT3G47840	76.1	0	1031
BRA037171	AT5G66440	62.3	5.92e-87	258
BRA037173	AT5G66320	76.3	4.52e-179	499
BRA037174	AT1G77370	67.5	1.54e-61	185
BRA037176	AT5G66390	92	2.21e-227	620
BRA037178	AT5G66260	90.9	1.04e-61	182
BRA037179	AT5G66250	77.5	2.78e-85	253
BRA037180	AT5G66230	74.2	6.61e-114	340
BRA037182	AT5G66190	90.1	3.84e-236	645
BRA037183	AT5G66150	78.4	0	1600
BRA037184	AT5G66130	77.5	1.05e-298	822
BRA037185	AT5G66120	87.3	2.79e-269	735
BRA037186	AT5G66100	71.4	1.12e-83	267
BRA037187	AT5G66060	91.7	8.69e-196	536
BRA037188	AT5G66055	84.5	7.64e-47	158
BRA037190	AT5G66050	83.1	1.61e-145	409
BRA037191	AT5G66040	78	1.18e-64	191
BRA037194	AT5G65960	74.3	4.36e-183	513
BRA037195	AT5G65930	90.7	0	2123
BRA037196	AT2G10940	77.3	1.08e-54	177
BRA037197	AT2G11520	81.2	5.27e-277	760
BRA037199	AT2G11810	88.3	2.47e-306	831
BRA037204	AT1G49860	75.5	4.4e-140	393
BRA037205	AT2G13290	89.3	1.42e-245	669
BRA037206	AT2G13350	87.4	5.84e-227	625
BRA037207	AT2G13360	95.5	9.71e-291	786
BRA037208	AT2G13370	84	0	2678
BRA037210	AT2G13560	92	0	1134
BRA037213	AT2G13680	94.8	0	3615
BRA037214	AT2G14170	90.8	0	925
BRA037215	AT2G14255	82	1.77e-269	744
BRA037216	AT2G18520	82.2	1.49e-241	663
BRA037218	AT2G18480	85.9	4.33e-291	796
BRA037221	AT2G18380	79.7	1.61e-65	201
BRA037222	AT2G18370	86.2	1.03e-62	186
BRA037224	AT2G18350	79.4	5.2e-139	391
BRA037225	AT2G18330	87.6	0	993
BRA037228	AT2G18245	78	7.06e-217	599
BRA037229	AT2G18230	95.4	2.62e-151	418
BRA037234	AT2G18170	96.7	2.78e-271	734
BRA037237	AT2G18100	84.4	0	1034
BRA037238	AT2G18090	74.6	0	1117
BRA037240	AT2G18050	61.1	5.38e-45	145
BRA037241	AT2G18030	91.4	3.27e-157	436
BRA037243	AT2G18010	85	1.6e-63	187
BRA037247	AT2G17880	74.2	1.82e-66	199
BRA037260	AT2G17680	78.8	1.82e-159	445
BRA037262	AT2G17670	65.5	3.72e-104	317
BRA037267	AT2G17510	90.6	0	1717
BRA037270	AT2G17480	83.1	0	924
BRA037271	AT2G17440	80.5	1.02e-117	356
BRA037272	AT2G17430	82.5	9.1e-309	843
BRA037274	AT2G17420	81.5	4.25e-208	573
BRA037277	AT2G17290	91.5	0	896
BRA037279	AT2G17250	80.1	8.62001e-319	873
BRA037282	AT2G17090	65.6	9.76e-224	622
BRA037283	AT2G17040	84.9	6.46e-163	452
BRA037284	AT2G17020	85	0	939
BRA037287	AT2G16800	82.2	1.95e-198	550
BRA037288	AT2G16790	88.3	2.97e-110	312
BRA037289	AT2G16780	90.6	2.07e-255	698
BRA037290	AT2G16770	74.8	4.12e-105	303
BRA037296	AT2G16600	92.3	1.07e-118	332
BRA037299	AT2G16485	62.1	0	1837
BRA037301	AT2G16460	92.3	5.45e-137	383
BRA037305	AT1G05940	89.6	0	951
BRA037306	AT4G00026	68.3	9.35e-127	362
BRA037309	AT4G00030	79.4	1.58e-115	327
BRA037313	AT4G00080	85.4	1.2e-120	340
BRA037314	AT4G00090	89.3	1.03e-283	771
BRA037315	AT4G00110	94.9	4.72e-299	810
BRA037316	AT1G73440	62.1	4.13e-56	179
BRA037319	AT4G00150	76.4	8.18e-237	663
BRA037320	AT4G00180	80.4	5.94e-119	338
BRA037321	AT4G00200	73.3	1.57e-143	407
BRA037322	AT4G00210	71.6	6.8e-107	306
BRA037323	AT4G00220	76.9	2.38e-114	325
BRA037325	AT4G31010	81.9	2.51e-220	608
BRA037326	AT4G00230	89.1	0	1318
BRA037327	AT4G00231	76.9	3.55e-257	707
BRA037330	AT4G00310	60.2	3.61e-85	257
BRA037331	AT4G00330	84.9	2.02e-238	654
BRA037333	AT4G00335	59.8	1.18e-39	130
BRA037334	AT4G00340	78.6	0	1275
BRA037335	AT4G00350	84.9	0	876
BRA037337	AT4G00370	83.1	0	877
BRA037340	AT4G00440	72.9	0	1055
BRA037344	AT4G00490	86.7	0	967
BRA037346	AT4G00550	90.6	2.45e-318	862
BRA037349	AT4G00590	59.8	4.54e-131	379
BRA037350	AT4G00620	84.5	3.42e-215	591
BRA037352	AT4G00680	91.2	1.33e-86	254
BRA037353	AT4G00710	93	0	905
BRA037354	AT4G00720	91.3	8.82e-315	853
BRA037355	AT4G00730	83.5	0	1230
BRA037362	AT4G01330	92.1	5.74e-308	836
BRA037364	AT4G01290	70.5	0	1267
BRA037365	AT4G01280	73.3	1.44e-134	384
BRA037367	AT4G01270	72.9	4.26e-244	677
BRA037368	AT4G01250	85.8	2.21e-171	476
BRA037369	AT4G01230	84.8	5.98e-142	397
BRA037379	AT4G01190	75.6	1.3e-206	583
BRA037381	AT4G01140	69.1	2.85e-143	405
BRA037382	AT4G01120	70.6	1.49e-145	416
BRA037383	AT4G01100	89.9	5.51e-234	639
BRA037385	AT4G01080	78.6	2.19e-250	687
BRA037389	AT4G01050	82.6	6.43e-235	652
BRA037390	AT4G01037	81.5	2.26e-270	751
BRA037391	AT4G01030	77.9	0	1025
BRA037393	AT4G01000	70.1	4.03e-177	500
BRA037394	AT4G00990	63	0	1026
BRA037396	AT4G00980	70.9	7.79e-233	646
BRA037397	AT1G64780	92.4	0	898
BRA037399	AT4G00950	80	1.13e-148	417
BRA037400	AT1G43245	62.7	1.93e-208	591
BRA037401	AT4G00940	69	3.94e-107	313
BRA037403	AT4G00905	83.7	1.32e-151	422
BRA037404	AT4G00900	93.3	0	1927
BRA037405	AT4G00880	77	8.71e-68	200
BRA037406	AT4G00860	78.3	1.54e-46	143
BRA037408	AT4G00830	62.5	2.42e-176	501
BRA037409	AT4G00810	99.1	4.3e-49	151
BRA037410	AT4G00800	82.5	0	2853
BRA037411	AT4G00780	67.6	6.85e-142	400
BRA037412	AT4G01410	87.4	1.85e-138	387
BRA037413	AT4G01440	86.8	4.23e-232	635
BRA037414	AT4G01460	69.9	9.88e-126	361
BRA037415	AT4G01470	96.8	1.81e-170	469
BRA037418	AT4G01510	65.9	8.32e-99	288
BRA037419	AT5G49330	75.6	5.4e-185	514
BRA037427	AT5G49240	60.1	3.22e-94	279
BRA037428	AT5G49220	74.9	5.75e-185	518
BRA037429	AT5G49215	86.3	2.91e-283	771
BRA037430	AT5G49210	75	4.19e-90	261
BRA037432	AT5G49190	93.9	0	1531
BRA037435	AT5G49130	89	4.07e-318	864
BRA037436	AT5G49120	62.4	3.41e-43	139
BRA037438	AT5G49060	76	8.12e-187	520
BRA037440	AT5G49020	87.8	0	888
BRA037441	AT5G49015	75	1.48e-28	97.4
BRA037442	AT5G49010	84.5	7.26e-122	344
BRA037446	AT5G48950	79.6	6.18e-85	245
BRA037454	AT5G48910	84.2	0	1010
BRA037455	AT5G48890	72.8	4.58e-86	249
BRA037456	AT5G48850	92.5	1.69e-202	555
BRA037457	AT5G48840	84.6	1.74e-185	513
BRA037458	AT5G48830	77.7	1.47e-274	754
BRA037459	AT5G48820	60	3.43e-79	236
BRA037460	AT5G48800	92.6	0	1065
BRA037461	AT5G48810	84.3	2.39e-81	235
BRA037462	AT5G48790	89.3	3.79e-202	555
BRA037463	AT5G48740	88.6	0	1495
BRA037464	AT5G48730	78.9	7.62e-181	518
BRA037465	AT5G48720	83.7	5.02e-172	478
BRA037466	AT5G48690	74.7	3.2e-140	402
BRA037467	AT5G48680	65.7	7.32e-68	207
BRA037469	AT5G48660	94.9	1.55e-106	305
BRA037471	AT5G48655	72.7	3.84e-95	275
BRA037472	AT5G48650	62	1.56e-132	391
BRA037473	AT5G48640	93.3	2.73e-138	386
BRA037474	AT5G48610	63.9	8.82e-156	449
BRA037475	AT5G48590	82.3	3.45e-190	527
BRA037476	AT5G48580	85.3	2.85e-96	275
BRA037477	AT5G48570	87.5	0	976
BRA037478	AT5G48560	72.3	4.08e-218	610
BRA037479	AT5G48545	87.8	3.26e-120	338
BRA037480	AT5G48540	86.2	4.84e-164	454
BRA037481	AT3G07440	80.9	2.2e-128	362
BRA037482	AT5G48520	91.5	0	1122
BRA037484	AT5G48480	62.5	1.29e-51	162
BRA037488	AT5G48390	88.2	0	1606
BRA037489	AT5G48385	79.9	1.3e-253	705
BRA037491	AT5G48360	59.8	3.91e-262	746
BRA037492	AT5G48340	79.3	6.4e-277	761
BRA037494	AT5G48310	78.8	0	1713
BRA037495	AT5G48300	90.3	0	914
BRA037498	AT5G48270	90.4	1.58e-213	584
BRA037501	AT5G48230	97.3	3e-278	756
BRA037502	AT5G48220	86.8	4.14e-229	629
BRA037505	AT5G48210	64.3	3.19e-43	135
BRA037506	AT5G48180	73.6	1.34e-138	395
BRA037511	AT5G48090	74.6	2.49e-178	511
BRA037512	AT5G48060	87	0	1819
BRA037513	AT5G48040	75.4	8.72e-230	634
BRA037515	AT5G48020	91.4	6.82e-246	669
BRA037516	AT5G47960	94.2	5.03e-149	413
BRA037517	AT5G47970	89.7	1.3e-264	719
BRA037518	AT5G47940	58.9	1.57e-260	743
BRA037520	AT5G47910	90.2	0	1645
BRA037521	AT5G47900	82.3	1.06e-267	734
BRA037522	AT5G47890	85.7	1.69e-57	171
BRA037523	AT5G47880	94.2	2.32e-297	806
BRA037524	AT5G47870	82.6	9.61e-114	322
BRA037525	AT5G47860	88.1	2.86e-273	744
BRA037526	AT5G47840	74.7	9.56e-136	384
BRA037527	AT5G47830	82.6	1.23e-95	274
BRA037529	AT3G32940	66.4	1.56e-275	767
BRA037530	AT3G32930	84.8	2.75e-147	410
BRA037531	AT5G20140	88.2	1.9e-209	577
BRA037533	AT3G19290	71.5	1.79e-181	510
BRA037539	AT3G19100	93.3	0	1053
BRA037544	AT3G18990	93.2	3.07e-228	624
BRA037551	AT3G18900	76.3	3.1e-280	770
BRA037564	AT3G18770	76.6	6.59e-303	834
BRA037565	AT3G18750	91.7	0	958
BRA037566	AT1G36240	99.1	2.91e-76	220
BRA037567	AT3G18715	74.7	1.37e-50	154
BRA037569	AT3G18690	74.3	5.98e-100	288
BRA037570	AT3G18660	92	0	1276
BRA037572	AT3G18640	56.9	3.05e-192	557
BRA037574	AT3G18600	82.5	2.76e-312	855
BRA037576	AT3G18580	86.6	7.22e-130	364
BRA037578	AT3G18560	77.8	1.94e-100	288
BRA037580	AT3G18490	85	3.92e-301	821
BRA037587	AT3G18380	80.9	2.22e-190	528
BRA037588	AT3G18360	67.9	1.34e-112	326
BRA037590	AT3G18350	90	0	1220
BRA037591	AT3G18295	64.3	7.47e-83	243
BRA037594	AT3G18260	85.7	1.19e-134	377
BRA037595	AT3G18250	74.6	3.86e-21	78.2
BRA037596	AT3G18230	71.4	4.74e-303	838
BRA037599	AT3G44730	84	0	1704
BRA037601	AT5G35210	76.6	0	2286
BRA037606	AT3G44820	85.9	0	1075
BRA037607	AT3G44880	91.3	0	1016
BRA037609	AT3G44890	87.2	9.9e-111	314
BRA037610	AT3G44900	85.9	0	1416
BRA037611	AT3G44940	71.6	1.33e-84	251
BRA037623	AT3G45040	91.5	0	986
BRA037624	AT3G45050	84	4.68e-68	202
BRA037625	AT3G45060	95.8	0	1023
BRA037629	AT3G45160	73	2.72e-25	89.7
BRA037635	AT2G44770	97	5.72e-190	520
BRA037638	AT2G44740	91.6	1.76e-127	357
BRA037639	AT2G44670	84	1.08e-49	151
BRA037643	AT2G44590	86.7	0	1033
BRA037645	AT2G44530	87.1	2.86e-248	679
BRA037646	AT2G44520	84.3	1.91e-260	712
BRA037651	AT2G44450	93.7	0	982
BRA037652	AT2G44400	78.1	9.72e-86	257
BRA037653	AT2G44380	78	3.1e-157	436
BRA037654	AT2G28270	70.8	4.06e-135	380
BRA037656	AT2G44360	86.9	9.67e-67	197
BRA037657	AT2G44350	95.6	0	911
BRA037660	AT2G44260	79.7	0	964
BRA037664	AT2G44160	91.4	0	1136
BRA037665	AT2G44120	95.5	1.72e-162	449
BRA037666	AT2G44110	80.8	1.18e-280	776
BRA037669	AT2G44060	89.9	9.71e-202	562
BRA037670	AT2G44050	89	3.74e-130	365
BRA037674	AT2G43940	80.6	1.77e-137	384
BRA037676	AT2G43890	93.3	1.61e-269	732
BRA037677	AT2G43880	91	2.14e-256	697
BRA037681	AT2G43760	83.1	4.38e-114	322
BRA037687	AT2G43720	84.5	1.65e-83	241
BRA037688	AT2G43690	75	0	978
BRA037691	AT3G29800	58	2.25e-142	412
BRA037694	AT2G43640	92.6	1.01e-67	199
BRA037697	AT2G43630	71.7	6.6e-112	339
BRA037698	AT2G43610	92.3	1.49e-189	520
BRA037700	AT1G70250	65.7	1.6e-291	813
BRA037701	AT2G43560	85.7	1.24e-122	346
BRA037702	AT2G43550	80	1.84e-48	148
BRA037704	AT2G43540	81	1.68e-85	248
BRA037713	AT2G43480	87.7	9.53e-219	598
BRA037714	AT3G59540	98.6	4.01e-43	133
BRA037717	AT2G43390	84.1	9.26e-67	196
BRA037718	AT2G43340	74.1	2.34e-85	248
BRA037719	AT2G43330	92.1	0	908
BRA037720	AT2G43320	89.2	9.18e-225	615
BRA037721	AT2G43310	91.2	1.79e-79	229
BRA037722	AT2G43290	87.6	2.89e-93	269
BRA037723	AT2G43280	84.3	7.87e-111	315
BRA037727	AT2G43250	77.5	0	897
BRA037729	AT2G43230	84	3.24e-262	716
BRA037739	AT2G43050	82.8	1.22e-306	836
BRA037742	AT2G43010	71.3	1.09e-194	546
BRA037744	AT2G42975	79.5	1.56e-80	236
BRA037746	AT2G42950	82	6.47e-300	818
BRA037748	AT5G63610	91.8	1.17998e-319	865
BRA037750	AT5G63680	96.9	0	960
BRA037751	AT5G63700	64.2	1.59e-239	671
BRA037756	AT5G63870	89.3	2.6e-279	758
BRA037758	AT5G63900	59.8	7.28e-229	643
BRA037762	AT5G64090	74.3	1.8e-208	581
BRA037764	AT5G64130	72.1	1.34e-61	184
BRA037768	AT5G64210	71.3	6.69e-169	471
BRA037769	AT5G64220	81.2	0	1523
BRA037770	AT5G64270	90.2	0	2055
BRA037775	AT5G64350	91.1	6.86e-75	216
BRA037777	AT5G64400	92.9	8.09e-39	128
BRA037778	AT5G64520	81.6	9.54e-162	465
BRA037781	AT5G64560	85.5	2.04e-217	600
BRA037783	AT5G64600	85.5	0	871
BRA037784	AT5G64610	90.1	6.34e-296	803
BRA037785	AT5G64620	81.1	7.47e-90	259
BRA037787	AT5G64650	90.6	1.74e-100	285
BRA037791	AT5G64700	90.3	2.81e-224	614
BRA037792	AT5G64720	73.1	1.57e-78	229
BRA037795	AT5G64790	87.2	0	878
BRA037798	AT5G64850	85.6	5.1e-53	162
BRA037799	AT5G64860	85.5	0	976
BRA037800	AT5G64920	72.4	2.21e-124	358
BRA037803	AT5G65000	92.3	4.59e-205	563
BRA037805	AT5G65120	62.7	4.92e-115	333
BRA037810	AT5G65270	95.1	1.22e-148	412
BRA037811	AT5G65300	80.8	1.02e-63	191
BRA037812	AT5G65340	86.9	1.47e-150	419
BRA037820	AT5G65520	87.7	1.47e-112	319
BRA037821	AT5G65550	78.8	3.22e-264	725
BRA037825	AT5G65710	84.3	2.66e-312	889
BRA037826	AT5G65720	87.5	7.56e-288	783
BRA037827	AT5G65780	70.5	7.72e-249	728
BRA037831	AT5G65830	84.6	3.43e-93	276
BRA037832	AT5G65840	78.9	1.25e-144	405
BRA037833	AT5G65920	83.8	1.97e-261	716
BRA037835	AT5G67620	84.6	1.4e-105	300
BRA037844	AT5G67500	90.3	3.4e-171	474
BRA037845	AT5G67450	77.4	1.46e-116	332
BRA037848	AT5G67410	75.4	2.98e-139	394
BRA037849	AT5G67400	85.7	2.28e-207	569
BRA037859	AT4G08390	86.7	2.09e-197	547
BRA037860	AT4G08500	64.5	1e-259	724
BRA037862	AT4G08540	69.2	1.72e-256	710
BRA037863	AT4G08550	71.6	0	893
BRA037865	AT4G08570	87.3	1.77e-86	249
BRA037874	AT4G08700	76.1	3.2e-172	482
BRA037877	AT4G08780	86.3	1.15e-217	597
BRA037878	AT4G08790	84.3	2.87e-181	502
BRA037879	AT5G55320	64.2	2.68e-146	416
BRA037880	AT4G08920	94.1	0	1299
BRA037881	AT4G08940	80.6	4.37e-229	630
BRA037887	AT4G09820	72.9	2.55e-247	685
BRA037889	AT4G09890	97.7	5.54e-58	172
BRA037891	AT4G09900	89.4	1.22e-228	625
BRA037892	AT1G30910	85.2	4.43e-205	562
BRA037894	AT4G09950	72.2	9.98e-135	386
BRA037895	AT4G09960	89	1.66e-132	375
BRA037896	AT4G09980	75.5	0	1303
BRA037897	AT1G72690	72.5	1.58e-24	87.8
BRA037899	AT4G10010	81.6	0	1010
BRA037902	AT4G10090	82.4	2.3e-151	422
BRA037905	AT4G10100	88.3	3.34e-56	168
BRA037906	AT4G10540	85.5	0	1320
BRA037907	AT4G10110	84.4	1.77e-97	278
BRA037908	AT4G10130	80.6	1.54e-97	279
BRA037919	AT4G10465	88.5	6.27e-114	321
BRA037920	AT4G10480	85.9	1.35e-104	300
BRA037921	AT4G10490	84.3	1.02e-218	600
BRA037922	AT4G10600	55.6	6.61e-80	238
BRA037923	AT4G10610	83.3	2.69e-192	531
BRA037924	AT4G10620	82.4	0	945
BRA037927	AT5G50335	79.7	1.64e-33	109
BRA037931	AT5G50300	90.6	0	931
BRA037932	AT5G50230	86.2	7.89e-309	844
BRA037933	AT5G50210	84.3	0	1181
BRA037935	AT5G50170	87.9	0	1751
BRA037938	AT5G50150	91.2	1.18e-289	785
BRA037939	AT5G50130	89.1	2.43e-196	549
BRA037942	AT5G50100	86.1	3.79e-85	247
BRA037943	AT5G50030	76.5	5.02e-95	273
BRA037944	AT5G49990	93.7	0	995
BRA037945	AT5G49950	83.9	0	917
BRA037948	AT5G49880	83.9	0	1078
BRA037951	AT5G49830	79.9	0	1183
BRA037952	AT5G49760	81.6	0	1357
BRA037953	AT5G49740	84.6	0	1248
BRA037954	AT1G54020	77.7	2.15e-218	601
BRA037958	AT1G54040	76.1	1.29e-150	423
BRA037961	AT1G54070	74	2.06e-59	178
BRA037962	AT1G54080	88.6	4.56e-244	670
BRA037963	AT1G54095	69.3	1.12e-65	196
BRA037966	AT1G54130	86.2	0	1185
BRA037967	AT1G54150	73.7	7.29e-196	545
BRA037968	AT1G54160	75.2	1.16e-122	351
BRA037969	AT1G54170	65	1.01e-218	619
BRA037976	AT1G54220	85.7	0	880
BRA037978	AT1G55090	93.3	0	1379
BRA037980	AT1G55120	86.5	0	1033
BRA037981	AT1G55170	81.6	1.17e-151	424
BRA037982	AT1G55180	87.3	0	1395
BRA037984	AT1G55205	79.3	5.27e-44	139
BRA037988	AT1G55260	74	7.64e-94	272
BRA037990	AT1G55300	94.5	1.43e-92	270
BRA037992	AT1G55320	86.2	0	1276
BRA037995	AT1G55350	93.1	0	3900
BRA037996	AT1G55365	58.1	1.96e-40	130
BRA037997	AT1G55370	78.4	4.88e-187	524
BRA038001	AT1G55570	91.9	0	1073
BRA038002	AT1G55580	88	4.17e-247	679
BRA038005	AT1G55590	90.8	0	996
BRA038008	AT1G55630	83.1	1.79e-159	459
BRA038009	AT1G55640	66.8	2.31e-81	239
BRA038010	AT1G55650	52	3.38e-84	257
BRA038012	AT1G55690	80.3	0	926
BRA038013	AT1G55770	73.7	2.89e-81	238
BRA038015	AT1G55820	55.6	1.7e-200	573
BRA038020	AT1G55830	71.2	2.9e-221	618
BRA038022	AT1G55860	81	0	5455
BRA038023	AT1G55870	79.7	0	1051
BRA038025	AT1G55880	90.7	1.35e-255	699
BRA038027	AT5G25410	63.8	1.89e-164	464
BRA038032	AT1G55960	75.8	1.48e-173	489
BRA038034	AT1G56020	65.3	1.12e-133	385
BRA038035	AT1G56060	79	9.5e-31	101
BRA038036	AT5G01230	97.4	3.41e-224	610
BRA038041	AT3G30165	56.3	4.55e-12	57
BRA038042	AT3G03826	55.2	9.22e-14	60.1
BRA038045	AT4G16140	57.1	8.19e-09	51.6
BRA038047	AT4G16050	55	8.71e-217	619
BRA038049	AT4G15980	74.4	0	936
BRA038055	AT4G12720	72.2	4.78e-162	452
BRA038058	AT4G15940	93.3	4.51e-150	416
BRA038059	AT4G15930	85.5	1.12e-65	194
BRA038062	AT4G15880	69.6	4.06e-228	635
BRA038063	AT4G15830	84.8	4.43e-169	469
BRA038065	AT4G15790	53	1.97e-21	84.7
BRA038083	AT4G15430	90.5	0	1351
BRA038084	AT4G15420	88.9	0	991
BRA038088	AT4G15210	91.6	0	953
BRA038089	AT4G15160	75.6	4.14e-54	175
BRA038092	AT4G15110	87.3	0	987
BRA038097	AT1G53050	88.6	0	1144
BRA038100	AT1G53140	89.6	0	1410
BRA038102	AT1G48130	90.7	8.09e-147	407
BRA038106	AT1G53165	86.6	0	1089
BRA038110	AT1G53200	59.6	3.16e-243	684
BRA038113	AT3G15010	72.6	8.65e-175	493
BRA038114	AT1G53290	91.4	1.35e-233	637
BRA038116	AT1G53300	79.9	0	1015
BRA038119	AT3G17540	59.8	4.39e-161	457
BRA038123	AT1G53400	93.9	2.03e-77	223
BRA038124	AT1G53440	76.4	0	1335
BRA038125	AT2G06925	88	5.83e-96	273
BRA038127	AT1G53500	94.1	0	1281
BRA038129	AT1G53590	79	0	1127
BRA038132	AT1G53635	74.2	1.2e-11	54.7
BRA038139	AT1G53650	82.2	1.49e-156	439
BRA038140	AT1G53680	91.5	5.9e-153	423
BRA038143	AT5G41010	96.1	1.98e-33	107
BRA038144	AT1G57850	65.8	5.36e-87	258
BRA038157	AT1G56580	91.6	5.75e-102	289
BRA038161	AT1G56460	67.9	8.45e-168	480
BRA038162	AT1G56450	93	2.22e-170	469
BRA038164	AT1G56430	87.4	3.83e-210	576
BRA038165	AT1G56420	80.6	2.19e-81	238
BRA038167	AT2G25160	67.1	6.91e-234	651
BRA038168	AT1G56320	87.2	2.26e-99	282
BRA038169	AT1G56330	97.9	1.05e-138	384
BRA038170	AT1G56300	86.9	1.49e-94	270
BRA038172	AT1G56260	79.7	4.1e-63	188
BRA038174	AT1G56250	82.6	2.21e-161	449
BRA038176	AT1G56230	86.1	0	1318
BRA038181	AT1G65920	83.1	0	1633
BRA038189	AT1G65890	78.8	0	951
BRA038204	AT3G19360	69.6	1.97e-176	494
BRA038212	AT3G19508	91.4	5.37e-51	154
BRA038217	AT3G19553	92.5	0	875
BRA038220	AT3G19590	94.6	3.75e-239	650
BRA038222	AT3G19615	79.6	1.09e-46	144
BRA038227	AT3G19680	84.1	8.44e-272	745
BRA038228	AT3G19700	76.9	2.52e-277	798
BRA038229	AT3G19720	88.2	0	1332
BRA038230	AT3G19740	84.9	0	1583
BRA038232	AT3G19800	80.7	1.59e-129	364
BRA038233	AT3G19820	93.8	0	1085
BRA038235	AT3G19850	81.2	3.25e-316	864
BRA038237	AT3G19870	83.7	0	1809
BRA038238	AT3G19895	85.2	0	889
BRA038239	AT3G19900	82.5	8.88e-126	354
BRA038243	AT3G19940	87.9	0	916
BRA038246	AT3G19950	74.6	1.46e-162	458
BRA038247	AT3G19980	96.7	3.44e-230	625
BRA038249	AT3G20000	84.5	7.22e-192	528
BRA038252	AT3G20050	98.2	0	1009
BRA038254	AT3G20090	77.1	4.57e-284	779
BRA038261	AT3G20310	76.8	7.95e-112	320
BRA038266	AT3G46000	94.9	5.68e-91	261
BRA038269	AT3G45900	79.7	1.66e-181	508
BRA038270	AT3G45890	82.3	0	909
BRA038271	AT3G45880	82.1	1.83e-217	596
BRA038272	AT3G45870	91.7	1.49e-244	667
BRA038273	AT3G45830	66.3	0	1533
BRA038277	AT3G45750	69.3	1.81e-184	530
BRA038279	AT3G45740	86.2	1.87e-236	647
BRA038280	AT3G45650	85.4	0	951
BRA038281	AT3G45640	84.8	8.84e-232	633
BRA038282	AT3G45630	74.7	0	1260
BRA038283	AT3G45620	81.3	3.13e-301	821
BRA038286	AT3G45430	82.4	0	1103
BRA038287	AT3G45410	76.6	0	1004
BRA038288	AT3G45400	89.3	9.54e-318	860
BRA038289	AT3G45330	81.9	0	1090
BRA038291	AT3G45300	93.4	1.2e-279	759
BRA038292	AT3G45280	88.4	6.04e-162	449
BRA038294	AT3G45230	69	2.35e-47	151
BRA038298	AT3G45190	87.3	0	1344
BRA038299	AT3G45090	84.2	0	1134
BRA038307	AT1G69400	80.5	2.07e-182	508
BRA038310	AT1G64850	85.8	1.66e-99	283
BRA038311	AT1G69340	92.9	0	1040
BRA038313	AT1G69310	65.8	1.09e-117	339
BRA038315	AT1G69290	82.4	0	1047
BRA038316	AT1G69270	78.1	2.68e-285	783
BRA038317	AT1G55750	82.3	0	881
BRA038318	AT1G69250	56.1	2.59e-120	359
BRA038320	AT1G69240	85.6	1.41e-247	681
BRA038321	AT1G26355	71.7	3.8e-47	146
BRA038322	AT1G69210	70.9	1.69e-131	375
BRA038324	AT1G69170	59.9	1.54e-130	377
BRA038326	AT1G69120	92.2	4.76e-168	464
BRA038327	AT1G69070	76.6	0	1216
BRA038329	AT1G69050	86	5.98e-54	162
BRA038330	AT1G69040	95.1	1.02e-312	846
BRA038331	AT1G69030	83.9	4.05e-150	424
BRA038333	AT1G68980	76.8	0	919
BRA038340	AT1G68890	86.5	0	2920
BRA038341	AT1G68880	66.1	1.17e-46	146
BRA038343	AT1G68875	64.2	4.98e-64	192
BRA038346	AT1G68840	75.5	9.7e-183	509
BRA038350	AT1G68800	65.2	3.37e-129	373
BRA038353	AT1G68790	60.6	4.85e-227	677
BRA038355	AT1G68760	84.2	1.07e-87	251
BRA038357	AT1G68740	90.1	0	1383
BRA038358	AT1G68730	66.3	7.83e-67	200
BRA038359	AT1G68720	95.4	2.99e-109	339
BRA038360	AT1G68670	68.6	5.28e-152	432
BRA038368	AT4G09750	92.9	3.81e-223	608
BRA038369	AT4G09760	89.1	1.64e-235	642
BRA038371	AT4G09720	85.7	1.16e-139	388
BRA038372	AT4G09680	69.8	0	1718
BRA038377	AT4G09650	85.9	3.86e-131	369
BRA038379	AT1G65280	86.6	1.24e-272	755
BRA038380	AT4G09580	86.8	3.43e-171	474
BRA038381	AT4G09350	80.7	1.87e-137	385
BRA038384	AT4G09150	81.3	0	1563
BRA038386	AT4G09100	71.4	9.57e-68	200
BRA038389	AT4G09040	75.2	3.05e-146	412
BRA038390	AT1G35230	83.3	2.31e-11	55.1
BRA038402	AT4G08980	91.5	9.4e-226	615
BRA038403	AT1G31040	86.5	9.42e-138	386
BRA038405	AT1G31070	93.8	0	937
BRA038410	AT1G31120	92.5	0	1425
BRA038412	AT1G31170	96.7	3.13e-74	223
BRA038414	AT2G23510	78	3.82e-255	700
BRA038422	AT1G31360	91.2	0	1232
BRA038423	AT1G31430	82.5	3.82e-302	829
BRA038424	AT1G31440	88	1.37e-227	629
BRA038426	AT1G31500	75.7	1.39e-224	619
BRA038427	AT1G31600	83.9	2.07e-212	587
BRA038432	AT1G31710	87.1	0	1019
BRA038434	AT1G31720	67	3.66e-86	251
BRA038436	AT1G31750	84.1	4.21e-18	76.6
BRA038437	AT1G31800	84.3	0	938
BRA038439	AT1G31812	82.6	7.96e-49	149
BRA038440	AT1G11420	53	9.05e-149	437
BRA038441	AT4G14145	85.2	9.76e-72	210
BRA038442	AT4G14130	91.3	3.48e-207	565
BRA038444	AT4G14110	87.3	1.46e-126	354
BRA038445	AT4G14090	79.3	2.34e-268	734
BRA038446	AT4G16280	76.6	7.11e-308	858
BRA038447	AT4G16330	85.1	2.68e-197	546
BRA038448	AT4G16340	95.9	0	3408
BRA038451	AT4G16380	74.9	2.16e-65	204
BRA038453	AT4G16390	89.6	9.16e-290	808
BRA038458	AT4G16430	86.8	2.03e-287	783
BRA038459	AT4G16440	84	1.44e-306	833
BRA038460	AT4G16442	75.7	9.57e-87	253
BRA038462	AT4G23355	62.9	1.33e-195	546
BRA038465	AT4G16447	84.1	2.33e-68	201
BRA038468	AT4G16470	78.4	3.15e-266	731
BRA038469	AT4G16480	94.5	0	1077
BRA038470	AT4G16490	90.9	3.92e-167	479
BRA038480	AT4G16515	66.3	2.52e-32	112
BRA038486	AT4G16563	83.6	3.03e-287	785
BRA038487	AT4G16566	83.6	1.84e-90	259
BRA038488	AT4G16570	85.9	0	1253
BRA038489	AT4G16580	84.2	9.62e-274	749
BRA038490	AT4G16600	88.9	0	889
BRA038493	AT4G16640	79.2	4.77e-202	558
BRA038495	AT4G16650	92.9	0	1025
BRA038497	AT4G16670	72.2	9.28e-185	520
BRA038498	AT4G16680	80.5	0	1231
BRA038499	AT4G16690	82.7	1.33e-159	443
BRA038500	AT4G16695	88.5	3.41e-27	93.2
BRA038501	AT4G16700	83.6	6.46e-279	760
BRA038502	AT4G16710	88.1	2.05e-109	309
BRA038503	AT4G16720	99.5	1.08e-145	403
BRA038504	AT4G16730	72.9	1.98e-269	744
BRA038505	AT4G16745	85.2	0	883
BRA038506	AT2G22620	88.3	0	1257
BRA038507	AT2G22610	80.2	0	1466
BRA038509	AT2G22570	84.4	4.32e-151	420
BRA038511	AT2G22540	90.9	5.19e-123	348
BRA038514	AT3G44870	76.7	9.22e-195	540
BRA038519	AT2G22480	87.5	0	959
BRA038520	AT2G22475	83.6	1.65e-166	464
BRA038521	AT2G22470	63.6	1.01e-24	91.3
BRA038522	AT2G22450	88.9	1.35e-302	823
BRA038523	AT2G22430	86.6	1.05e-138	394
BRA038525	AT2G22425	87	8.89e-52	156
BRA038528	AT2G22400	84.6	0	1336
BRA038535	AT2G22290	95.7	8.46e-140	388
BRA038536	AT2G22260	73.7	6.62e-152	429
BRA038537	AT2G22250	91.4	2.51e-301	819
BRA038538	AT2G22240	97.3	0	987
BRA038539	AT2G22230	80.9	1.18e-116	331
BRA038540	AT2G22180	74.5	1.04e-143	408
BRA038544	AT2G18640	83.1	2.1e-214	590
BRA038546	AT2G18690	69.7	5.36e-139	395
BRA038548	AT2G18700	90.2	0	1577
BRA038552	AT2G18750	89	0	1045
BRA038553	AT2G18876	82	8.29e-211	583
BRA038555	AT2G18890	94.2	5.84e-261	709
BRA038558	AT2G18969	75.4	1.25e-78	231
BRA038560	AT2G19010	71.9	1.18e-189	527
BRA038561	AT2G19070	78.7	5.68e-274	748
BRA038562	AT2G19080	86	8.26e-189	521
BRA038563	AT2G19090	81.3	0	1192
BRA038565	AT1G21720	99	6.52e-147	406
BRA038566	AT2G19130	81.4	0	1235
BRA038579	AT1G61360	84.5	0	1403
BRA038585	AT1G61560	81.3	0	908
BRA038591	AT1G61590	92.5	5.35e-286	776
BRA038594	AT1G61600	83.1	1.03e-253	696
BRA038595	AT5G62960	91.5	1.24e-235	642
BRA038600	AT5G63000	92.5	1.58e-132	369
BRA038601	AT5G63010	78.2	4.4e-192	531
BRA038604	AT5G63050	76	1.27e-179	499
BRA038606	AT5G63090	91.8	3.92e-122	342
BRA038608	AT5G63130	81.2	3.88e-104	297
BRA038609	AT5G63135	84.2	2.26e-45	141
BRA038613	AT2G42160	84.5	1.65e-287	785
BRA038614	AT5G63180	92.7	1.59e-293	795
BRA038615	AT5G63190	91.4	0	1245
BRA038617	AT5G63220	91	2.29e-217	595
BRA038618	AT5G63225	77	1.07e-62	186
BRA038619	AT5G63260	70	1.53e-155	446
BRA038620	AT5G63270	84	6.54e-39	123
BRA038621	AT5G63310	85.8	1.49e-136	382
BRA038625	AT5G63350	78.4	1.97e-165	461
BRA038627	AT5G63390	85.2	0	933
BRA038629	AT5G63420	87.9	0	1538
BRA038630	AT5G63440	96.1	4.31e-159	439
BRA038637	AT5G63480	75.3	5.49e-68	204
BRA038638	AT5G63490	90.4	0	906
BRA038639	AT5G63500	98.6	3.31e-42	130
BRA038645	AT5G63560	94.6	1.41e-298	808
BRA038646	AT5G63570	96.4	0	892
BRA038648	AT5G63590	82.8	3.25e-189	521
BRA038649	AT5G63620	92.9	2.34e-295	800
BRA038650	AT5G63630	78.8	0	1094
BRA038651	AT5G63640	74.1	1.53e-190	536
BRA038652	AT5G63650	94.4	1.08e-229	628
BRA038655	AT5G63690	85.6	4.62e-84	243
BRA038656	AT5G63710	93.8	0	927
BRA038658	AT5G63730	51.1	3.29e-162	466
BRA038659	AT5G63750	52.1	7.82e-166	479
BRA038661	AT5G63770	90.8	0	1350
BRA038662	AT5G63780	79.6	3.68e-200	553
BRA038665	AT3G11591	90.5	2.78e-36	115
BRA038666	AT3G11600	82.9	3.04e-62	185
BRA038668	AT3G11640	66.9	1.41e-61	187
BRA038669	AT3G11650	71.4	9.09e-101	292
BRA038671	AT3G11660	88	7.73e-133	371
BRA038672	AT3G11680	82.7	1.23e-283	776
BRA038673	AT3G11690	76.8	1.08e-122	348
BRA038675	AT3G11710	85.6	0	1036
BRA038678	AT3G11750	78.1	2.21e-73	216
BRA038679	AT3G11760	80.9	0	1046
BRA038682	AT3G11830	97.7	0	1014
BRA038686	AT3G11920	79.3	0	908
BRA038688	AT3G11930	77.9	9.09e-110	313
BRA038689	AT3G11940	95.2	1.4e-138	385
BRA038691	AT3G11980	90.1	0	1103
BRA038695	AT3G12030	95.9	1.3e-126	354
BRA038700	AT3G12145	79.7	8.76e-128	367
BRA038701	AT3G12160	99.1	3.87e-157	433
BRA038703	AT3G12200	75.9	2.53e-290	799
BRA038717	AT3G12410	65.1	1.62e-103	298
BRA038724	AT3G12480	75	2.81e-129	369
BRA038733	AT3G12570	89.6	0	919
BRA038734	AT3G12580	97.5	0	1232
BRA038735	AT3G12590	88.2	0	1985
BRA038739	AT3G12630	90.6	1.12e-95	273
BRA038743	AT3G12685	69.5	2.05e-98	285
BRA038744	AT3G12690	86.8	0	989
BRA038753	AT4G21860	79.1	2e-114	324
BRA038756	AT4G21760	85.1	0	926
BRA038758	AT4G21745	70.8	9.88e-65	194
BRA038759	AT4G21740	64.5	1.88e-55	170
BRA038762	AT4G21705	82.6	5.91e-305	830
BRA038763	AT4G21680	91.8	0	1075
BRA038764	AT4G21670	82.7	0	1515
BRA038766	AT4G21650	82.5	0	1214
BRA038773	AT4G36230	59.6	1.56e-20	81.6
BRA038774	AT4G21440	81.1	1.01e-197	546
BRA038775	AT4G21430	73.6	0	1279
BRA038777	AT4G21326	65.2	0	897
BRA038778	AT4G21323	74.6	0	1084
BRA038780	AT4G21200	89.6	4.1e-226	617
BRA038783	AT4G21160	89.9	1.35e-217	596
BRA038785	AT4G21120	90.1	0	1051
BRA038791	AT4G20990	78.7	1.49e-163	453
BRA038794	AT4G20900	72	7.52e-218	605
BRA038797	AT4G20850	92.5	0	2372
BRA038798	AT4G20840	82.7	0	901
BRA038801	AT4G20780	85.1	1.92e-100	290
BRA038803	AT4G20420	64.6	1.94e-46	147
BRA038805	AT4G20360	93.6	1.34e-312	848
BRA038806	AT4G20325	89.3	9.34e-184	505
BRA038813	AT2G18670	70.6	4.71e-84	245
BRA038815	AT2G18710	93.8	0	973
BRA038816	AT2G18730	91.5	0	912
BRA038819	AT2G18800	88.2	5.07e-154	429
BRA038821	AT2G18850	85.2	0	927
BRA038825	AT4G13020	88	6.62e-285	775
BRA038827	AT2G18860	75.7	2e-121	354
BRA038829	AT2G18900	89.1	0	1449
BRA038831	AT2G18915	90.8	0	1144
BRA038834	AT2G18950	90.7	4.92e-239	655
BRA038835	AT2G18960	97.6	0	1815
BRA038836	AT2G19000	66.1	6.25e-37	121
BRA038842	AT2G19110	63.8	0	1417
BRA038844	AT2G19170	94	0	1549
BRA038850	AT2G19270	66.8	5.92e-121	352
BRA038853	AT2G19280	68.1	1.82e-150	452
BRA038854	AT3G28430	83.8	0	1349
BRA038856	AT2G19320	64.2	3.16e-23	83.6
BRA038857	AT2G19330	90.6	1.59e-144	414
BRA038863	AT3G50820	95.2	7.41e-226	616
BRA038866	AT3G50900	83.3	1.87e-66	195
BRA038872	AT2G14080	60.6	0	959
BRA038876	AT3G51000	85.4	7.5e-211	578
BRA038877	AT3G51040	81.4	3.15e-141	394
BRA038880	AT3G51060	78.8	2.7e-160	453
BRA038881	AT3G51070	81.8	0	1305
BRA038882	AT3G51080	66.1	2.57e-116	336
BRA038889	AT3G51230	70.7	3.35e-84	248
BRA038895	AT3G51370	90.6	2.04e-252	687
BRA038899	AT3G51430	78	1.42e-222	611
BRA038900	AT3G51460	91.4	0	1110
BRA038901	AT3G51470	88.9	2.58e-235	642
BRA038902	AT3G51490	89.9	0	1247
BRA038903	AT3G51500	69.8	3.49e-25	90.9
BRA038905	AT3G51520	80.5	4.16e-192	530
BRA038907	AT3G51590	79	1.89e-64	191
BRA038909	AT3G51610	92.1	2.46e-148	412
BRA038910	AT3G51620	70	0	1066
BRA038911	AT3G51740	84.8	5.39e-278	788
BRA038912	AT1G56345	80.7	5.65e-171	475
BRA038913	AT1G56350	84	1.88e-280	767
BRA038920	AT1G56440	77	7.76e-238	669
BRA038926	AT1G56560	85.9	0	1077
BRA038928	AT1G56555	65.8	9.62e-34	115
BRA038929	AT1G58170	81.6	1.99e-109	310
BRA038934	AT1G58520	92.1	0	1363
BRA038936	AT5G35330	68.2	4.71e-112	323
BRA038937	AT5G35200	88	0	897
BRA038938	AT5G35180	86.4	0	1304
BRA038939	AT5G35170	75.5	7.74e-285	784
BRA038941	AT5G35110	76.7	8.84e-42	133
BRA038942	AT5G35100	87.9	1.05e-158	442
BRA038944	AT5G35090	59.2	1.49e-54	168
BRA038945	AT5G34940	84	0	922
BRA038946	AT5G34850	88.4	0	893
BRA038948	AT5G33280	91	0	1350
BRA038949	AT5G33290	83.5	1.08e-271	744
BRA038950	AT5G33300	68.9	9.62e-188	530
BRA038952	AT5G33320	91.4	5.5e-254	694
BRA038954	AT5G33340	79.4	2.63e-245	674
BRA038955	AT5G33370	94	4.65e-253	688
BRA038956	AT5G32470	84.5	0	983
BRA038957	AT5G37310	94.7	0	1124
BRA038959	AT5G37380	56.4	4.64e-149	428
BRA038960	AT4G13990	77.6	6.82e-285	781
BRA038962	AT4G14020	50.4	9.81e-27	95.1
BRA038968	AT4G14050	89.5	0	996
BRA038972	AT1G54790	80.1	9.59e-241	659
BRA038977	AT1G55000	85.5	2.59e-135	380
BRA038992	AT1G54860	85.3	3.45e-117	330
BRA038995	AT2G19350	95.1	3.16e-69	201
BRA038996	AT2G19385	71.8	1.71e-130	370
BRA038997	AT2G19390	79.6	0	1753
BRA038998	AT2G19400	94.6	0	976
BRA038999	AT2G19410	85.5	0	1336
BRA039002	AT2G19430	86.4	4.27e-238	650
BRA039004	AT2G19570	82.3	4.68e-177	490
BRA039010	AT2G19670	90.5	9.5e-243	662
BRA039012	AT2G19710	70.4	0	1115
BRA039013	AT2G19720	93.8	1.11e-88	253
BRA039020	AT2G19790	100	1.24e-103	291
BRA039022	AT2G19810	83.9	1.47e-229	628
BRA039025	AT4G29130	88.3	4.34e-318	863
BRA039026	AT2G19870	93.2	2.03e-171	486
BRA039029	AT2G19900	94.2	0	1083
BRA039030	AT2G19930	75.2	0	1420
BRA039031	AT2G19970	79.8	1.55e-107	304
BRA039034	AT2G20000	84.8	0	1139
BRA039035	AT2G20010	90.9	0	1684
BRA039041	AT3G28900	95	3.04e-75	218
BRA039044	AT3G28850	80.1	4.9e-234	645
BRA039047	AT3G28740	83.2	3.09e-303	827
BRA039048	AT3G28710	100	1.53e-264	716
BRA039050	AT3G28600	78	4.02e-266	731
BRA039052	AT3G28580	88.1	8.57e-277	760
BRA039053	AT3G28510	85.1	6.21e-279	767
BRA039061	AT3G28180	93.2	0	1242
BRA039067	AT3G27810	89.7	2.41e-150	417
BRA039071	AT3G27660	80.5	3.48e-96	276
BRA039072	AT3G27650	96.1	9.08e-86	246
BRA039073	AT3G27640	85.1	2.77e-304	831
BRA039076	AT3G27470	92.7	6.23e-288	779
BRA039077	AT3G27440	93.1	4.69e-301	831
BRA039084	AT3G27300	89.3	0	938
BRA039085	AT3G27290	63.2	7.77e-146	417
BRA039086	AT3G27280	92.8	1.5e-173	479
BRA039088	AT3G27260	71.3	1.1e-293	821
BRA039090	AT3G27230	88.8	7.58e-268	729
BRA039091	AT3G27160	84	1.12e-60	187
BRA039094	AT3G27050	92.2	7.91e-112	315
BRA039095	AT3G27020	94.1	0	1287
BRA039097	AT3G27000	99	1.38e-293	792
BRA039099	AT3G26980	93.3	1.57e-77	224
BRA039104	AT3G26934	59.4	1.21e-25	92.8
BRA039105	AT3G01650	76.1	3.15e-249	687
BRA039106	AT3G01630	86.5	0	890
BRA039110	AT3G01520	84	6.29e-105	297
BRA039111	AT3G01516	69.4	1.6e-73	219
BRA039113	AT3G01500	93.8	1.94e-216	593
BRA039114	AT3G01490	91.5	3.97e-276	750
BRA039115	AT3G01480	85.6	2.19e-257	704
BRA039116	AT3G01470	65.6	4.65e-103	300
BRA039118	AT3G01440	82.1	2.4e-128	360
BRA039120	AT3G01420	85.1	0	1140
BRA039122	AT3G01380	92.9	0	1822
BRA039123	AT3G01370	81.9	0	1539
BRA039124	AT3G01360	84.7	4.71e-187	517
BRA039125	AT3G01350	85.6	0	888
BRA039127	AT3G01330	71.6	2.97e-170	478
BRA039128	AT3G01311	72.2	2.83e-134	380
BRA039130	AT3G01290	95.4	1.1e-190	523
BRA039132	AT3G01250	73.2	2.37e-69	206
BRA039133	AT3G01240	64.6	6.69e-47	147
BRA039134	AT3G01230	55.2	1.07e-31	108
BRA039135	AT3G01220	84.5	5.31e-137	387
BRA039137	AT3G01190	88.5	1.14e-207	569
BRA039138	AT3G01180	81	0	1234
BRA039139	AT3G01170	77.7	4.32e-114	324
BRA039140	AT3G01160	60.4	1.74e-198	577
BRA039141	AT3G01150	91.5	7.19e-262	713
BRA039142	AT3G01140	76	2.03e-182	508
BRA039145	AT3G01100	90.4	0	1254
BRA039146	AT3G01090	94.3	0	954
BRA039149	AT3G01040	93.6	0	1014
BRA039150	AT3G02080	98.6	4.16e-102	288
BRA039151	AT3G02090	91.5	0	882
BRA039152	AT3G02100	80.2	2.65e-258	708
BRA039155	AT3G02110	91.3	0	903
BRA039156	AT3G02125	60.8	1.09e-121	354
BRA039158	AT3G02150	68.5	3.15e-138	394
BRA039159	AT3G02160	70.9	4.75e-175	492
BRA039161	AT3G02190	94.1	9.48e-32	103
BRA039162	AT3G02200	86.5	1.79e-256	701
BRA039163	AT3G02210	89.2	0	874
BRA039164	AT3G02220	83	8.57e-122	344
BRA039165	AT3G02230	97.5	2.12e-274	741
BRA039167	AT3G02260	90	0	8455
BRA039168	AT3G02290	84.7	2.25e-134	379
BRA039169	AT3G02300	94.7	0	914
BRA039172	AT3G02360	96.5	0	941
BRA039175	AT3G02450	81.2	0	933
BRA039178	AT3G02610	89.7	1.25e-260	710
BRA039179	AT3G02600	89.1	1.41e-232	635
BRA039180	AT3G02580	90.1	9.77e-195	533
BRA039181	AT3G02570	92.3	2.39e-291	790
BRA039182	AT3G02560	90	1.09e-118	334
BRA039185	AT2G23140	86.6	0	1021
BRA039186	AT2G23170	90.6	0	1069
BRA039187	AT2G23180	85.7	0	902
BRA039189	AT2G23190	85.6	1.13e-317	864
BRA039190	AT2G23200	67.9	0	1067
BRA039192	AT2G23260	77.2	4.64e-256	703
BRA039196	AT2G23360	71.1	0	1062
BRA039197	AT2G23370	59.1	9.85e-119	342
BRA039198	AT2G23420	94.4	0	1064
BRA039199	AT2G23430	52.4	6.38e-41	135
BRA039200	AT2G23440	70.2	2e-31	104
BRA039201	AT2G23450	77	0	1084
BRA039206	AT2G23600	80.4	1.12e-157	439
BRA039207	AT2G23640	75	8.46e-108	307
BRA039211	AT2G23755	69.2	1.48e-44	145
BRA039212	AT2G23760	65.9	7.6e-230	652
BRA039214	AT2G23790	84	6.93e-194	536
BRA039216	AT2G23800	87	1.52e-208	575
BRA039218	AT2G23820	77.5	5.58e-135	380
BRA039219	AT2G23960	90.1	7.85e-144	407
BRA039220	AT2G23970	87.1	1.17e-163	452
BRA039223	AT2G24000	61.2	3.92e-204	573
BRA039224	AT2G24020	83.3	2.23e-91	264
BRA039225	AT5G04010	52.3	3.49e-88	263
BRA039229	AT2G24100	73.2	9.22e-215	598
BRA039230	AT2G24120	90.3	0	1750
BRA039232	AT2G24130	86.7	0	1125
BRA039233	AT2G24140	64.5	1.59e-113	331
BRA039234	AT2G24150	78.3	7.81e-198	546
BRA039235	AT2G24170	93.8	0	1191
BRA039236	AT2G24180	85.2	1.1e-315	858
BRA039238	AT2G24220	88.8	1.16e-213	603
BRA039241	AT2G24240	94.3	0	878
BRA039252	AT1G61050	71.3	2.1e-196	551
BRA039261	AT2G46735	70.4	1.64e-68	204
BRA039263	AT2G46700	87.6	0	1030
BRA039267	AT2G46660	88.3	0	944
BRA039271	AT2G46600	85.2	2.52e-76	222
BRA039273	AT2G46580	84.8	5.74e-129	360
BRA039274	AT2G46570	88.4	0	1057
BRA039277	AT2G46540	93.8	4.54e-36	115
BRA039281	AT2G46495	79.1	1.2e-219	604
BRA039282	AT2G46494	73.6	1.29e-155	438
BRA039285	AT2G46230	87.2	4.93e-129	360
BRA039290	AT2G46090	82.7	1.89e-223	613
BRA039291	AT2G46080	89.6	2.06e-220	603
BRA039292	AT2G46070	94.9	1.78e-266	724
BRA039294	AT2G46040	61.9	6.55e-242	674
BRA039295	AT2G46030	96.1	4.11e-105	301
BRA039297	AT2G46000	79.6	2.61e-100	288
BRA039299	AT2G42395	59.4	1.52e-24	90.1
BRA039308	AT2G45860	97.1	1.23e-14	62
BRA039309	AT2G45850	80.9	1.15e-142	407
BRA039311	AT2G45820	68.7	1.52e-58	181
BRA039312	AT2G45810	90.6	4.06e-317	863
BRA039320	AT2G45740	96.6	3.02e-159	440
BRA039321	AT2G45730	85.5	4.18e-265	725
BRA039322	AT2G45700	78	0	1059
BRA039325	AT2G45620	67.6	0	943
BRA039326	AT2G45590	69.8	8.13e-283	791
BRA039328	AT2G45570	79	2.9e-290	794
BRA039331	AT2G45520	71.8	4.9e-86	253
BRA039332	AT2G45500	74.1	1.4e-235	652
BRA039334	AT2G45480	70.6	4.88e-191	536
BRA039337	AT2G45440	90.4	1.28e-252	687
BRA039338	AT2G45430	92.2	6.46e-178	493
BRA039340	AT3G12730	84.7	6.22e-135	378
BRA039344	AT3G12820	73.6	9.1e-118	335
BRA039345	AT3G12830	87.1	3.24e-76	221
BRA039346	AT3G12870	87.4	1.97e-116	329
BRA039351	AT3G12890	83.7	2.25e-147	411
BRA039353	AT3G12910	84.1	7.19e-176	488
BRA039354	AT3G12920	77	2.96e-171	478
BRA039355	AT3G12930	83.2	1.53e-138	387
BRA039356	AT3G12950	95	0	1052
BRA039357	AT3G12955	87.9	1.11e-82	238
BRA039358	AT3G12960	80.7	1.44e-42	133
BRA039359	AT3G12980	77.2	0	2378
BRA039364	AT3G13040	77.7	1.85e-203	569
BRA039365	AT3G13050	81.8	7.26e-291	795
BRA039366	AT3G13060	84.7	0	1023
BRA039369	AT3G13090	83.4	0	2389
BRA039372	AT3G13150	74.8	1.68e-87	278
BRA039374	AT3G13170	90	4.54e-242	660
BRA039376	AT3G13180	92.7	0	956
BRA039378	AT3G13220	93	0	1258
BRA039380	AT3G13224	72.7	9.19e-150	426
BRA039381	AT3G13225	68.7	0	1015
BRA039382	AT3G13226	65.3	3.02e-162	459
BRA039384	AT3G13310	79.4	9.05e-81	235
BRA039394	AT3G13570	79.4	2.65e-129	366
BRA039398	AT2G29880	63	3.52e-128	367
BRA039402	AT3G13440	80.8	1.06e-144	408
BRA039404	AT3G05860	52.8	6.9e-96	283
BRA039408	AT3G05830	82.9	6.52e-122	354
BRA039409	AT3G05800	79.7	2.3e-88	258
BRA039412	AT3G05750	66.6	5.14e-294	833
BRA039413	AT3G05740	90.2	0	1015
BRA039414	AT3G05730	64	8.89e-33	108
BRA039415	AT3G05725	83.9	6.03e-77	223
BRA039416	AT3G05720	71.1	3.01e-208	587
BRA039417	AT3G05710	86.6	1.85e-185	513
BRA039419	AT3G05620	88.2	0	975
BRA039421	AT3G05610	87.5	0	1072
BRA039422	AT3G05600	88.2	5.48e-232	632
BRA039427	AT3G05570	86.7	2.5e-51	155
BRA039431	AT3G05530	99.8	2.95e-299	810
BRA039435	AT3G05480	82.8	1.33e-266	729
BRA039436	AT3G05470	79.6	0	1188
BRA039437	AT3G05460	60.3	5.54e-13	60.5
BRA039438	AT3G05450	56.5	4.38e-50	168
BRA039439	AT3G05420	91	0	1177
BRA039440	AT3G05410	89	2.99e-113	323
BRA039442	AT3G05390	88.8	2.15e-312	846
BRA039443	AT3G05380	76.5	0	1426
BRA039444	AT3G05350	89.3	0	1247
BRA039445	AT3G05340	80.5	2.02e-251	698
BRA039448	AT3G05270	73.4	6.48e-209	605
BRA039449	AT3G05250	63.2	8.91e-112	321
BRA039450	AT3G05240	78.9	0	928
BRA039451	AT3G05230	91	6.27e-111	312
BRA039453	AT3G05210	81.5	3.65e-216	598
BRA039454	AT3G05200	80.2	9.41e-206	570
BRA039455	AT3G05180	82.9	2.31e-230	632
BRA039457	AT3G05160	82.4	8.66e-273	746
BRA039458	AT3G05140	82.7	1.35e-301	822
BRA039462	AT3G42950	86.3	0	879
BRA039463	AT3G05100	86.9	2.64e-208	572
BRA039464	AT3G05090	91.3	0	1202
BRA039465	AT3G05070	83	9.55e-66	196
BRA039469	AT3G05030	92.3	0	977
BRA039472	AT4G08630	69.7	0	895
BRA039473	AT3G05000	98.8	6.24e-123	343
BRA039474	AT3G04980	54.8	9.47e-273	813
BRA039475	AT3G04970	82.5	6.54e-217	599
BRA039477	AT3G04960	65.5	6.64e-92	293
BRA039480	AT4G13330	79.8	2.9e-256	701
BRA039481	AT3G24535	68.9	1.18e-69	208
BRA039482	AT5G35220	84.2	0	897
BRA039485	AT5G35840	88.5	0	1918
BRA039486	AT5G35910	75.6	0	1244
BRA039488	AT5G36120	75.8	7.19e-83	242
BRA039489	AT5G36160	85.7	1.28e-275	749
BRA039492	AT1G64870	65	1.37e-133	380
BRA039494	AT5G36170	86.7	9.2e-270	738
BRA039495	AT5G36220	88	0	891
BRA039496	AT5G36230	94.1	2.66e-278	756
BRA039500	AT5G14280	52.7	5.17e-62	198
BRA039502	AT5G37180	92.2	0	1555
BRA039503	AT5G37260	76	2.22e-140	398
BRA039504	AT1G10230	65.6	1.93e-62	189
BRA039511	AT5G44460	87.2	1.41e-105	300
BRA039516	AT5G44550	87.4	1.94e-113	321
BRA039517	AT5G44610	72.5	1.31e-10	59.3
BRA039524	AT5G44680	83.7	3.75e-188	532
BRA039526	AT5G44710	92.2	6.17e-62	183
BRA039527	AT2G40560	54.1	3.7e-89	268
BRA039529	AT5G45020	89.2	7.76e-229	623
BRA039530	AT5G45040	79.4	4.4e-101	288
BRA039533	AT5G45100	66.2	8.72e-118	340
BRA039538	AT3G59380	81.8	6.68e-154	434
BRA039540	AT4G15530	94.3	0	1629
BRA039541	AT4G15520	93.2	1.63e-153	424
BRA039542	AT4G15510	88	3.11e-147	413
BRA039543	AT3G21540	78.6	0	986
BRA039545	AT4G15490	83.2	1.64e-302	823
BRA039548	AT4G15450	75.1	2.46e-183	512
BRA039553	AT4G15415	92.9	2.98e-300	819
BRA039554	AT4G15396	76.7	1.59e-275	754
BRA039555	AT4G15390	77.1	9.23e-243	668
BRA039557	AT4G15280	73.8	1.89e-250	692
BRA039558	AT4G15248	80.2	7.99e-53	160
BRA039559	AT4G15240	84.5	8.53e-300	816
BRA039565	AT4G15120	72.1	3.35e-65	198
BRA039566	AT4G15080	84.4	0	1102
BRA039574	AT1G36150	60.8	2.75e-39	135
BRA039579	AT1G36730	86.4	6.92e-196	550
BRA039603	AT2G18510	86.1	6.93e-168	472
BRA039604	AT2G18500	68.1	2.67e-124	358
BRA039607	AT2G18470	89	1.05e-258	723
BRA039611	AT2G18410	88.1	2.47e-235	644
BRA039613	AT2G18390	98.9	1.1e-131	366
BRA039616	AT2G18340	52.9	9.82e-16	79
BRA039617	AT2G18328	80.5	1.23e-42	132
BRA039618	AT2G18300	76.2	1.15e-152	432
BRA039620	AT2G18280	87.1	8.88e-245	669
BRA039622	AT2G18260	82	1.84e-162	453
BRA039623	AT2G18250	89.6	2.61e-96	276
BRA039625	AT2G18240	72.2	6.32e-102	293
BRA039628	AT2G18220	83.3	0	991
BRA039631	AT2G18160	87.1	1.29e-72	215
BRA039637	AT4G08280	78.5	3.6e-61	183
BRA039647	AT1G50030	92.7	0	4486
BRA039652	AT1G49850	72.1	5.6e-116	331
BRA039656	AT1G53160	76.5	7.19e-83	242
BRA039657	AT1G53163	69	5.29e-102	299
BRA039659	AT1G53190	74.4	1.55e-249	688
BRA039665	AT1G53250	70.6	9.39e-139	398
BRA039667	AT1G53380	83	9.66e-262	717
BRA039668	AT1G53390	84.2	0	1814
BRA039672	AT1G53450	79.7	3.17e-266	728
BRA039674	AT1G53490	73.8	1.87e-171	478
BRA039676	AT1G53510	85	0	986
BRA039678	AT1G53520	74.8	3.6e-138	390
BRA039679	AT1G79930	88.7	0	1403
BRA039680	AT1G53560	71.2	6.45e-79	230
BRA039682	AT1G53600	78.4	7.43e-252	714
BRA039683	AT1G53670	82.4	2.47e-121	341
BRA039686	AT5G25030	63.2	2.09e-74	223
BRA039688	AT1G53750	99.3	3.15e-311	840
BRA039689	AT1G53760	83.8	1.64e-161	448
BRA039691	AT1G53770	75.4	1.2e-308	846
BRA039692	AT1G53800	73.5	1.56e-268	742
BRA039694	AT1G53840	81	0	911
BRA039697	AT1G53875	74	2.15e-104	299
BRA039699	AT1G53880	87.3	9.75e-232	635
BRA039700	AT1G53903	82.5	5.29e-72	210
BRA039704	AT4G14970	82.4	0	2310
BRA039706	AT4G14950	93.2	1.17e-243	665
BRA039707	AT4G14930	85.7	1.96e-192	530
BRA039708	AT4G14880	96.6	5.18e-221	603
BRA039715	AT4G14750	85.5	1.5e-177	501
BRA039721	AT4G14660	86.5	9.42e-116	325
BRA039723	AT4G14640	86.1	4.04e-44	142
BRA039725	AT3G22950	96.1	2.14e-128	357
BRA039727	AT4G14630	90	8.53e-140	389
BRA039730	AT4G14615	92	1.69e-44	137
BRA039731	AT4G14570	83.7	0	1328
BRA039733	AT1G65620	95.5	5.82e-137	380
BRA039735	AT5G49630	90.9	0	878
BRA039737	AT1G65690	77.9	1.55e-124	353
BRA039740	AT1G65820	69.5	2.97e-91	262
BRA039742	AT1G65840	93.8	0	936
BRA039743	AT1G66120	80.1	0	956
BRA039745	AT1G65910	79.6	1.17e-307	845
BRA039746	AT1G65930	98	3.49e-305	823
BRA039747	AT1G65980	96.9	1.82e-112	315
BRA039750	AT1G66140	74.4	2.33e-115	331
BRA039752	AT1G66160	71.6	2.65e-206	575
BRA039753	AT1G66170	74.1	0	1102
BRA039754	AT1G66190	66.9	4.01e-80	241
BRA039756	AT1G66200	92.9	4.32e-262	710
BRA039757	AT1G66250	91.4	0	879
BRA039759	AT2G01918	70.7	4.78e-79	239
BRA039761	AT1G66345	70.8	3.3e-110	338
BRA039762	AT1G66350	85.4	1.05e-298	815
BRA039768	AT4G08160	86.1	0	1247
BRA039773	AT4G06676	83	3.8e-184	509
BRA039774	AT4G06744	70.8	5.12e-163	462
BRA039779	AT3G53380	87.9	0	1225
BRA039780	AT3G53390	75.9	9.75e-305	835
BRA039786	AT3G53400	81.4	1.2e-271	743
BRA039787	AT3G53430	99.4	2.11e-113	318
BRA039799	AT3G53520	88	6.2e-285	775
BRA039807	AT3G53610	97.7	8.1e-149	412
BRA039811	AT3G53700	91	4.96e-120	377
BRA039812	AT3G53710	80.6	6.09e-250	687
BRA039816	AT3G32980	91	6.65e-235	641
BRA039818	AT2G14750	88.4	2.08e-178	491
BRA039819	AT2G14760	68.5	3.21e-149	423
BRA039820	AT2G14820	87.1	0	1041
BRA039821	AT2G14825	88.4	1.09e-96	274
BRA039822	AT2G14835	90.9	9.39e-232	632
BRA039823	AT5G26000	69.4	7.1e-286	786
BRA039826	AT2G14850	66.7	5.73e-119	342
BRA039829	AT2G14890	63.9	3.54e-11	58.5
BRA039830	AT2G14900	79.6	2.95e-58	174
BRA039831	AT2G14910	80.7	1.32e-204	567
BRA039832	AT2G14960	93.7	0	1115
BRA039836	AT2G15300	72.5	1.26e-300	838
BRA039837	AT2G15320	90	2.29e-133	386
BRA039840	AT2G15440	78.5	5.31e-130	373
BRA039843	AT2G15590	76.4	2.54e-73	216
BRA039845	AT2G15680	82.2	8.01e-106	301
BRA039846	AT4G00893	59.8	1.08e-149	427
BRA039847	AT2G15760	78.8	9.22e-155	434
BRA039851	AT2G16190	51.6	1.65e-94	280
BRA039852	AT2G16230	86.6	1.42e-279	765
BRA039855	AT4G14550	84.3	1.06e-130	367
BRA039856	AT4G14500	87.7	1.39e-279	761
BRA039857	AT3G50710	55.2	1.78e-157	449
BRA039858	AT4G14480	87.1	4.74e-297	809
BRA039859	AT4G14455	92.4	1.91e-81	234
BRA039860	AT4G14430	86.3	7.96e-143	399
BRA039861	AT4G14420	92.4	2.59e-101	287
BRA039862	AT1G30545	79.2	1.65e-133	374
BRA039863	AT1G30560	89.4	0	893
BRA039865	AT1G30580	96.4	3.33e-283	766
BRA039868	AT1G30800	73.3	7.63e-108	310
BRA039873	AT1G30880	89.1	3.93e-62	185
BRA039874	AT1G30890	92	2.46e-180	496
BRA039878	AT1G30950	90.3	3.05e-295	801
BRA039888	AT1G42430	90	6e-264	720
BRA039893	AT2G17940	62.1	9.93e-67	203
BRA039894	AT2G17950	72.6	6.2e-131	373
BRA039904	AT2G17972	79.3	1.46e-82	240
BRA039905	AT2G17975	79.7	2.76e-134	379
BRA039906	AT2G17990	80.5	1.09e-161	454
BRA039907	AT2G18000	70	5.15e-127	360
BRA039911	AT2G18020	96.9	2.33e-185	508
BRA039914	AT5G32450	74.3	1.71e-119	342
BRA039917	AT2G18120	72.6	3.93e-108	309
BRA039920	AT2G18150	88.4	9.7e-213	583
BRA039921	AT2G22630	84.6	6.06e-106	304
BRA039927	AT2G22770	79.8	1.56e-160	450
BRA039934	AT2G22790	67.6	3.14e-140	398
BRA039935	AT2G22795	70.9	1.26e-31	131
BRA039937	AT2G22880	69.1	2.25e-53	163
BRA039938	AT2G22900	87.6	3.45e-315	852
BRA039939	AT5G49160	71.3	0	2073
BRA039940	AT2G22950	94.6	0	1866
BRA039942	AT2G23070	89.6	3.86e-273	744
BRA039943	AT2G23090	94.9	6.95e-48	145
BRA039944	AT2G23093	86	3.89e-287	781
BRA039945	AT2G47130	85.7	2.17e-151	422
BRA039946	AT2G23120	64.8	2.34e-23	84.3
BRA039947	AT3G22380	75.4	0	1627
BRA039948	AT3G22400	91.7	0	1644
BRA039949	AT3G22410	84.8	4.37e-241	660
BRA039952	AT3G22420	73.3	8.28993e-320	880
BRA039954	AT3G22430	72.2	6.77e-232	646
BRA039956	AT3G22490	88.5	2.02e-156	435
BRA039957	AT3G22510	79.1	1.19e-58	177
BRA039958	AT3G22520	78.9	1.45e-301	830
BRA039959	AT3G22530	76.9	1.41e-93	270
BRA039962	AT3G22550	82.8	1.14e-151	423
BRA039964	AT2G29125	72.2	9.32e-32	107
BRA039965	AT2G29190	77.9	0	993
BRA039969	AT2G30670	86.7	2.67e-159	442
BRA039971	AT2G29340	83.9	1.93e-160	447
BRA039976	AT2G29350	83.8	4.32e-155	432
BRA039979	AT2G29410	83	4.04e-191	531
BRA039980	AT2G29420	85	7.2e-139	387
BRA039982	AT2G29460	82.1	1.15e-134	377
BRA039983	AT2G29470	84.4	2.07e-136	381
BRA039984	AT2G29480	88.6	1.66e-145	404
BRA039985	AT2G29540	75.3	1.87e-39	127
BRA039986	AT2G29530	68.6	1.28e-46	144
BRA039988	AT2G29580	81.5	1.76e-253	697
BRA039998	AT2G29735	67.3	2.88e-55	167
BRA039999	AT1G33120	95.9	1.8e-130	363
BRA040001	AT1G33110	93.7	0	901
BRA040010	AT1G33240	75.8	7.84e-231	654
BRA040011	AT1G33250	85.6	0	949
BRA040013	AT1G33260	84.5	1.07e-210	579
BRA040019	AT3G07620	93.5	2.71e-270	743
BRA040020	AT3G07650	84.1	3.55e-201	557
BRA040021	AT3G07660	78.2	0	1165
BRA040022	AT3G07670	91.9	0	916
BRA040023	AT3G07680	96.2	2.17e-147	407
BRA040025	AT3G07750	93.3	2.66e-185	510
BRA040027	AT3G07770	88	0	1348
BRA040028	AT3G07780	87.2	7.94e-316	863
BRA040029	AT3G07790	83.3	1.05e-288	790
BRA040030	AT3G07800	84.5	4.38e-138	386
BRA040031	AT3G07810	82.2	3.14e-263	724
BRA040032	AT3G07820	91.5	2.14e-272	739
BRA040037	AT3G07880	93.9	3.14e-125	353
BRA040043	AT3G07960	95.1	0	1019
BRA040044	AT3G25080	57.3	1.42e-46	151
BRA040045	AT3G08020	79.8	0	1147
BRA040048	AT3G08505	79.2	1.19e-177	493
BRA040050	AT3G08550	94	0	942
BRA040054	AT3G08680	85.2	0	907
BRA040059	AT3G08790	79	0	927
BRA040061	AT3G08870	74.5	0	1009
BRA040062	AT3G08880	68.7	6.11e-87	253
BRA040066	AT4G32140	90.4	3.37e-247	677
BRA040067	AT4G32150	94.5	5.41e-142	395
BRA040068	AT4G32175	87.1	3.99e-148	412
BRA040069	AT4G32180	95.7	0	1701
BRA040073	AT4G32272	86.3	6.1e-214	588
BRA040078	AT4G32440	72.3	5.82e-178	498
BRA040079	AT4G32470	91	8.64e-76	219
BRA040080	AT4G32520	89.4	0	943
BRA040085	AT4G32551	83.8	0	1350
BRA040086	AT4G32570	80.2	6.16e-197	545
BRA040089	AT4G38170	70.4	9.5e-196	552
BRA040092	AT4G16750	85.2	2e-102	291
BRA040093	AT4G16760	93.1	0	1260
BRA040094	AT4G16780	91.2	7.8e-179	493
BRA040095	AT4G16790	62.8	2.15e-156	452
BRA040100	AT4G16830	65.2	3.98e-106	314
BRA040101	AT4G16850	88.9	1.01e-179	501
BRA040102	AT4G16970	70.3	0	1164
BRA040104	AT4G17000	61.3	2.17e-228	647
BRA040105	AT4G17010	78.1	3.95e-73	216
BRA040106	AT4G17020	91.4	4.12e-307	833
BRA040107	AT4G17030	90	1.97e-173	477
BRA040108	AT4G17040	96.1	3.16e-202	554
BRA040110	AT4G17060	82	1.09e-137	395
BRA040111	AT4G17070	83.7	6.96e-222	607
BRA040113	AT3G05150	92.6	1.27e-311	845
BRA040115	AT3G04920	98.5	2.38e-85	244
BRA040120	AT3G04790	89.5	2.57e-168	466
BRA040131	AT4G38130	91.8	0	941
BRA040133	AT3G04590	73.5	5.09e-138	399
BRA040134	AT3G04580	94.1	0	1389
BRA040136	AT3G04550	78.8	5.91e-241	664
BRA040139	AT3G04350	82.9	0	1001
BRA040141	AT3G04300	91.7	7.46e-65	190
BRA040142	AT3G04260	91.6	0	1563
BRA040143	AT2G43220	51.8	1.27e-191	549
BRA040144	AT3G04240	95.6	0	1053
BRA040145	AT5G18380	91.8	6.58e-96	272
BRA040147	AT3G04110	71.3	0	1051
BRA040152	AT3G04070	82.3	1.88e-209	577
BRA040156	AT1G52415	74.3	1.73e-63	188
BRA040157	AT4G28400	88.6	3.38e-185	509
BRA040158	AT4G17490	72	8.12e-134	379
BRA040160	AT4G17510	90.5	2.87e-153	424
BRA040163	AT4G17540	86.1	3.19e-148	417
BRA040164	AT4G17550	85.8	0	901
BRA040165	AT4G17565	54.2	7.98e-133	384
BRA040168	AT4G17610	85.2	0	3031
BRA040171	AT4G17640	78.2	7.91e-159	442
BRA040176	AT4G17695	76.3	1.8e-148	419
BRA040178	AT4G17730	86.9	3.01e-115	331
BRA040179	AT4G17750	72	3.64e-222	618
BRA040181	AT4G17785	74.7	5.11e-191	530
BRA040182	AT4G17790	88.8	2.16e-157	437
BRA040183	AT4G17800	94.2	4.27e-150	421
BRA040184	AT3G04570	83	2.96e-154	434
BRA040185	AT3G04560	81.1	2.14e-202	563
BRA040186	AT3G04530	85.5	7.9e-179	493
BRA040187	AT3G04520	92.1	8.11e-236	644
BRA040188	AT3G04510	89.6	7.15e-128	357
BRA040189	AT3G04500	92.5	2.62e-133	374
BRA040190	AT3G04490	92.2	0	2100
BRA040195	AT3G04460	73.8	1.24e-153	438
BRA040196	AT3G04450	66.6	2.61e-152	437
BRA040197	AT3G04380	75.2	2.83e-266	750
BRA040198	AT3G04360	84	1.72e-187	524
BRA040200	AT1G65120	55.2	0	1184
BRA040201	AT3G04340	86.6	0	2156
BRA040211	AT3G04140	83.4	0	901
BRA040212	AT3G04130	78.1	2.18e-211	594
BRA040215	AT3G05520	92.9	7.18e-209	574
BRA040216	AT3G05500	93.5	9.65e-147	409
BRA040218	AT3G05440	51.9	1.92e-58	178
BRA040221	AT3G06400	96.5	0	1773
BRA040224	AT3G06360	76.2	3.64e-49	152
BRA040225	AT3G06350	87.1	0	996
BRA040232	AT3G06180	84.7	9.07e-110	313
BRA040237	AT3G06010	88.9	0	1823
BRA040238	AT3G05990	78.2	2.58e-299	818
BRA040243	AT3G05950	93.4	1.56e-155	430
BRA040244	AT3G05930	82.2	4.46e-127	357
BRA040247	AT3G05890	94.4	2.87e-30	99.8
BRA040250	AT3G05850	78.3	0	1206
BRA040252	AT3G05820	84.7	0	1101
BRA040257	AT1G45688	90.4	4.23e-200	552
BRA040260	AT1G45249	75.7	2.69e-186	521
BRA040261	AT1G45233	76.7	3.36e-226	626
BRA040262	AT1G45231	68.9	4.1e-237	663
BRA040271	AT3G06440	78.6	3.06e-278	766
BRA040274	AT3G06490	87.3	7.18e-198	545
BRA040279	AT3G06600	69.2	4.52e-72	216
BRA040280	AT3G06610	92.2	5.76e-64	189
BRA040281	AT3G06620	86.5	0	1279
BRA040283	AT3G36659	79.1	1.07e-73	228
BRA040284	AT3G06660	63.1	1.32e-150	431
BRA040285	AT3G06670	87.7	0	1392
BRA040286	AT3G06700	93.4	3.45e-36	115
BRA040287	AT3G06730	86.9	6.19e-109	308
BRA040288	AT3G06740	66	1.22e-53	165
BRA040292	AT3G06790	85.5	6.39e-138	387
BRA040294	AT3G06840	76.7	8.24e-93	268
BRA040297	AT3G06868	70.3	6.65e-129	373
BRA040298	AT3G06910	67.9	2.07e-191	540
BRA040299	AT3G06960	80	7.69e-281	767
BRA040300	AT4G19570	52	5.24e-104	317
BRA040301	AT1G44900	92.7	0	1668
BRA040305	AT1G44890	66.4	2.4e-116	336
BRA040306	AT1G44835	83.9	1.4e-170	474
BRA040309	AT1G44830	78.6	1.03e-85	251
BRA040311	AT2G45420	86	3.93e-130	368
BRA040313	AT2G45400	85	2.13e-205	567
BRA040314	AT2G45360	87.3	7.34e-131	367
BRA040322	AT2G45190	89.3	2.79e-150	417
BRA040323	AT2G45140	89.2	4e-147	409
BRA040324	AT2G45130	87.8	1.75e-149	416
BRA040329	AT2G45050	80.2	5.03e-121	345
BRA040330	AT2G44990	88.9	0	1090
BRA040331	AT2G44970	86.2	7.48e-291	794
BRA040332	AT2G44950	86	0	1378
BRA040334	AT2G44925	50.5	1.67e-24	91.7
BRA040336	AT2G44900	82.4	0	1030
BRA040337	AT2G44850	73.8	5.04e-140	400
BRA040341	AT4G13430	94.5	0	967
BRA040347	AT4G13700	89.6	1.18e-304	830
BRA040358	AT3G07070	90	6.66e-271	738
BRA040362	AT3G07120	65.3	1.39e-105	313
BRA040368	AT3G07270	83.1	1.71e-273	747
BRA040370	AT3G07290	81.1	3.01e-148	458
BRA040376	AT3G07410	94	1.32e-140	391
BRA040381	AT1G36060	75.6	4.58e-155	436
BRA040386	AT1G36980	99.3	4.31e-99	285
BRA040388	AT1G38131	91.3	0	1064
BRA040394	AT3G04630	78	1.16e-119	343
BRA040398	AT3G04730	91.9	4.21e-153	424
BRA040399	AT4G11510	51.8	2.51e-16	66.6
BRA040401	AT3G04740	83.9	0	2700
BRA040402	AT3G04750	77.7	0	964
BRA040403	AT3G04760	54.7	2.35e-46	171
BRA040405	AT3G04780	96.6	6.71e-124	345
BRA040409	AT4G34670	93.1	5.18e-175	482
BRA040410	AT3G04860	84.5	1.06e-182	503
BRA040411	AT3G04870	93.4	0	1051
BRA040412	AT3G04880	86.5	1.68e-188	520
BRA040413	AT3G04890	76.6	1.5e-89	262
BRA040414	AT3G04910	85.1	0	1162
BRA040416	AT3G04930	72.8	4.6e-202	565
BRA040418	AT3G04945	61.5	3.28e-23	82.4
BRA040419	AT3G63000	90.8	3.52e-274	745
BRA040420	AT3G63010	91.3	2.48e-249	678
BRA040421	AT3G63030	79.9	1.16e-103	303
BRA040423	AT3G63050	52.7	2.21e-30	106
BRA040424	AT1G59560	58.8	4.14e-135	387
BRA040426	AT3G63070	76.9	0	1502
BRA040427	AT3G63190	83.9	3.76e-124	355
BRA040428	AT3G63200	87.3	8.38e-243	664
BRA040431	AT3G63110	84.2	1.15e-203	560
BRA040432	AT3G63130	74.1	1.49e-164	477
BRA040433	AT3G63140	86.5	4.69e-235	645
BRA040434	AT3G63150	91.1	0	1164
BRA040435	AT3G63170	82.7	2.6e-151	424
BRA040436	AT3G63180	62.8	0	991
BRA040437	AT3G63210	70.5	1.64e-114	334
BRA040438	AT3G63230	50	7.31e-21	81.6
BRA040439	AT3G63250	88.9	4.13e-212	582
BRA040441	AT3G63270	88.5	3.97e-248	677
BRA040442	AT3G63280	81.3	3.44e-295	814
BRA040443	AT3G63290	68.7	4.87e-197	549
BRA040444	AT3G63300	88.1	2.47e-270	742
BRA040445	AT3G63310	94.1	2.64e-152	422
BRA040446	AT3G63340	79	0	1666
BRA040447	AT3G63400	60.2	8.28e-155	453
BRA040448	AT3G63490	80.2	1.08e-177	495
BRA040450	AT3G63530	85.9	2.95e-161	446
BRA040452	AT1G63610	76.8	2.1e-162	455
BRA040466	AT1G65240	82.6	3.09e-294	801
BRA040467	AT1G64800	65	6.13e-44	139
BRA040473	AT2G47050	86	2.19e-135	378
BRA040474	AT2G47040	83.8	0	1009
BRA040475	AT2G47000	93.1	0	2199
BRA040476	AT2G46990	87.1	2.09e-99	283
BRA040479	AT2G46860	95.8	5.09e-150	415
BRA040485	AT2G46780	83.8	2.1e-155	438
BRA040486	AT2G46770	85.8	6.26e-232	634
BRA040489	AT5G50800	87.8	3.14e-169	470
BRA040495	AT5G49660	91.2	0	1044
BRA040498	AT5G49665	80.1	0	1116
BRA040508	AT3G01300	90.2	1.31e-309	841
BRA040509	AT3G01310	94.1	0	1986
BRA040510	AT3G01320	77.4	0	1955
BRA040512	AT3G01390	92.7	7.45e-60	178
BRA040514	AT3G01410	74.8	8.23e-144	406
BRA040515	AT3G01430	73.4	4.4e-93	268
BRA040516	AT3G01435	70.7	4.34e-68	201
BRA040518	AT3G01460	79.9	0	3365
BRA040525	AT3G05727	78.5	8.33e-43	133
BRA040531	AT3G05630	89.7	0	1949
BRA040544	AT1G61610	79	0	1369
BRA040545	AT3G01660	79.9	7.02e-156	434
BRA040549	AT3G01760	86.1	6.14e-276	753
BRA040550	AT3G01840	66.5	2.94e-275	766
BRA040551	AT3G01870	77.3	1.36e-287	789
BRA040552	AT3G01900	83.5	3.67e-294	803
BRA040553	AT3G01940	98.4	1.2e-36	117
BRA040555	AT3G01960	81.3	9.32e-72	211
BRA040557	AT3G01970	76.9	4.18e-69	204
BRA040558	AT3G19340	90.1	0	869
BRA040560	AT1G53860	79.3	1.14e-230	637
BRA040561	AT1G53850	98.7	1.06e-166	459
BRA040563	AT1G53830	85.4	0	970
BRA040564	AT1G53820	73.4	3.77e-147	416
BRA040571	AT4G16310	79	0	2424
BRA040573	AT4G16370	94.8	0	1457
BRA040577	AT4G16400	60.6	2.2e-75	225
BRA040578	AT4G16420	92.4	0	884
BRA040580	AT4G16444	87.6	2.18e-105	299
BRA040591	AT3G02530	96.4	0	1013
BRA040592	AT3G02520	95	6.2e-172	474
BRA040593	AT3G02680	81.9	5.92e-288	791
BRA040594	AT3G02720	92.3	6.41e-278	753
BRA040595	AT4G14980	72.6	3.53e-243	673
BRA040597	AT3G02740	83.7	9.28e-299	814
BRA040603	AT3G02820	81.6	2.21e-136	387
BRA040604	AT3G02830	88.1	1.23e-169	479
BRA040605	AT3G02840	76.6	1.86e-193	538
BRA040606	AT3G02850	91.9	0	1415
BRA040607	AT3G02870	92.2	3.75e-175	496
BRA040608	AT3G02875	88	2.06e-284	773
BRA040609	AT3G02880	81.6	3.72e-285	791
BRA040612	AT2G15280	79.8	2.55e-99	285
BRA040613	AT2G15270	83.2	3.02e-59	183
BRA040621	AT5G43150	81.9	4.67e-55	165
BRA040624	AT1G66880	67.1	0	1377
BRA040626	AT1G66860	89.6	1.34e-279	761
BRA040627	AT1G66850	72.2	4.76e-46	142
BRA040632	AT1G66740	87.8	1.48e-114	323
BRA040636	AT2G17750	62.5	1.1e-188	528
BRA040637	AT3G05050	81.7	0	934
BRA040638	AT3G05020	80.4	2.4e-61	184
BRA040639	AT3G05170	88.9	1.54e-205	563
BRA040643	AT3G05220	68.1	3.05e-95	301
BRA040646	AT3G05320	84	8.47e-215	593
BRA040647	AT3G05330	76	1.13e-204	572
BRA040648	AT3G05345	85.8	2.46e-148	434
BRA040651	AT4G16500	68.1	2.72e-50	154
BRA040655	AT4G08330	83	1.1e-93	268
BRA040656	AT4G08320	73.1	1.51e-201	561
BRA040662	AT1G49560	63.7	3.99e-121	351
BRA040666	AT1G50190	59.1	5.77e-232	654
BRA040667	AT1G49660	77.9	3.71e-185	512
BRA040669	AT1G49750	81.5	9.14e-150	439
BRA040671	AT1G49770	60.2	2.18e-111	325
BRA040678	AT2G19520	87.6	0	885
BRA040680	AT2G19530	71.3	5.04e-88	257
BRA040681	AT2G19540	54.1	6.64e-129	377
BRA040682	AT2G19560	94.7	7.59e-285	772
BRA040685	AT3G53090	88.9	0	2026
BRA040686	AT3G53100	87.5	8.24e-228	623
BRA040687	AT3G53110	89.7	6.45e-289	790
BRA040688	AT3G53120	85.7	5.51e-117	332
BRA040689	AT3G53140	90.8	2.83e-239	652
BRA040690	AT3G53150	87	0	884
BRA040692	AT4G15140	73	1.48e-77	227
BRA040695	AT4G15093	92.9	7.21e-190	520
BRA040696	AT4G15090	82.9	0	1370
BRA040700	AT3G01680	91	0	1360
BRA040703	AT3G02030	85.6	0	1126
BRA040704	AT3G02040	84.6	1.54e-218	600
BRA040705	AT3G19330	76.1	7.78e-187	521
BRA040706	AT3G02050	86.9	0	1308
BRA040707	AT3G02060	93.9	0	1469
BRA040708	AT3G02065	84.1	8.79e-300	818
BRA040709	AT3G02070	89	2.73e-89	259
BRA040716	AT2G14620	86.6	3.39e-198	543
BRA040720	AT1G13710	90.2	0	919
BRA040722	AT1G13690	95.4	1.06e-116	327
BRA040723	AT1G13680	84.7	7.8e-215	598
BRA040725	AT1G13635	84.4	8.82e-175	485
BRA040726	AT1G13630	73.4	7.84e-66	214
BRA040728	AT1G13620	63.8	6.54e-22	80.9
BRA040733	AT4G06534	72.2	1.3e-143	416
BRA040736	AT4G16510	85	9.64e-138	385
BRA040738	AT3G60640	83.8	4.96e-67	197
BRA040741	AT4G16610	77.8	2.25e-98	283
BRA040742	AT4G16620	82.4	5.92e-204	563
BRA040743	AT4G16630	85.8	0	1133
BRA040749	AT1G47128	81.8	1.02e-278	761
BRA040752	AT1G47200	76	3.36e-67	202
BRA040753	AT1G47210	84.1	3.07e-222	610
BRA040754	AT4G12650	97.1	0	1242
BRA040756	AT4G12740	78.9	4.92e-196	554
BRA040757	AT4G12790	91.8	5.62e-183	503
BRA040762	AT2G29090	88.8	1.26e-295	805
BRA040769	AT1G32310	89	1.45e-43	136
BRA040770	AT1G32250	93.4	2.27e-108	305
BRA040771	AT2G26670	84.2	1.57e-165	459
BRA040773	AT1G29070	85.5	1.68e-78	229
BRA040776	AT1G54390	93	2.21e-148	417
BRA040781	AT1G56080	79.5	2.78e-137	390
BRA040782	AT3G33530	85.3	0	1887
BRA040783	AT4G00872	59.7	3.24e-62	189
BRA040784	AT1G14800	60	5.37e-71	231
BRA040785	AT1G56110	95.3	8.16e-305	832
BRA040788	AT5G36940	85.1	0	1021
BRA040789	AT3G20490	54.6	5.7e-153	445
BRA040791	AT1G47240	91.4	0	931
BRA040792	AT1G47230	80.5	8.73e-201	556
BRA040795	AT1G47130	63.1	7.87e-15	62.4
BRA040801	AT4G13510	93.6	0	913
BRA040802	AT4G13450	81.8	3.45e-120	340
BRA040803	AT1G76900	88.9	3.52e-284	774
BRA040805	AT2G13620	91.8	0	1453
BRA040810	AT4G13750	79.2	0	4207
BRA040812	AT1G48660	73.6	1.2e-312	856
BRA040813	AT1G53000	94.1	1.23e-197	542
BRA040816	AT2G07040	72.6	1.17e-304	841
BRA040819	AT3G26330	77.5	1.65e-290	794
BRA040821	AT3G26300	82	2.17e-308	839
BRA040822	AT2G20050	81	0	1724
BRA040823	AT4G08670	60.1	7.2e-59	183
BRA040826	AT3G22740	85.2	6.41e-187	517
BRA040828	AT3G22690	83.4	0	1302
BRA040830	AT3G22660	80.3	6.87e-152	426
BRA040831	AT3G22630	97.1	1.21e-142	395
BRA040834	AT3G22590	93	9.18e-270	734
BRA040835	AT3G22560	78.9	2.7e-92	266
BRA040837	AT4G27890	73.6	6.77e-137	388
BRA040838	AT4G27910	73	0	1481
BRA040840	AT4G27970	84.7	1.64e-304	830
BRA040849	AT1G36940	73.5	4.39e-87	254
BRA040850	AT5G39830	89.7	2.67e-269	736
BRA040851	AT5G39840	81.9	0	1262
BRA040853	AT5G39850	96.2	4.89e-125	350
BRA040854	AT1G22530	69.8	5.78e-241	684
BRA040855	AT1G22500	77.2	6.89e-213	587
BRA040857	AT1G22480	73	1.96e-74	221
BRA040858	AT1G22470	74.5	2.72e-59	180
BRA040859	AT1G47280	75.3	3.02e-32	106
BRA040860	AT1G47278	85.7	1.14e-31	105
BRA040861	AT3G23560	85.2	4.11e-288	786
BRA040863	AT5G50330	89.5	1.92e-313	850
BRA040873	AT1G44820	85.1	1.03e-283	771
BRA040883	AT4G11690	75.4	9.04e-93	295
BRA040884	AT4G11720	77.3	0	1035
BRA040885	AT4G11740	78.2	4.45e-272	752
BRA040886	AT4G11750	58.9	6.64e-149	426
BRA040892	AT3G51830	86.2	0	1049
BRA040893	AT3G51820	93.3	7.23e-261	709
BRA040895	AT3G51800	86.1	3.46e-243	665
BRA040896	AT3G51750	61.8	5.74e-25	90.1
BRA040898	AT5G21080	86.4	0	1667
BRA040902	AT5G21100	80.5	0	978
BRA040904	AT3G20370	74.1	5.17e-209	578
BRA040908	AT2G10970	76.8	1.21e-79	233
BRA040914	AT1G64530	84.3	0	1354
BRA040915	AT1G64520	95.9	5.45e-184	505
BRA040916	AT1G64510	87.1	1.69e-122	345
BRA040917	AT1G64500	83.5	3.05e-218	600
BRA040918	AT1G64490	74.2	1.08e-40	130
BRA040920	AT5G23960	77.3	1.82e-318	868
BRA040923	AT3G16390	65.5	2.53e-240	666
BRA040925	AT4G18195	87.3	7.76e-219	603
BRA040927	AT2G28900	87.2	7.04e-92	262
BRA040928	AT2G28910	87.3	4.44e-82	251
BRA040930	AT2G28940	89.8	2.58e-178	499
BRA040933	AT5G52920	91.7	0	1058
BRA040934	AT5G52950	76.8	0	1343
BRA040935	AT5G52975	79.5	2.12e-71	208
BRA040937	AT5G52980	85.8	3.21e-128	360
BRA040941	AT2G18550	77.1	1.43e-115	328
BRA040946	AT1G49510	79.3	1.96e-125	354
BRA040948	AT5G01840	62	8.24e-87	259
BRA040955	AT1G47420	84.8	2e-107	310
BRA040956	AT1G47410	72.9	5.55e-102	291
BRA040959	AT1G52590	91.3	4.49e-110	310
BRA040962	AT1G60870	93.2	6.89e-78	227
BRA040963	AT3G59930	60.4	2.8e-29	99.8
BRA040965	AT1G60920	66	5.84e-74	221
BRA040966	AT4G11680	73.2	2.06e-209	582
BRA040967	AT4G11670	85.5	0	1921
BRA040968	AT4G11660	70.8	2.9e-132	382
BRA040974	AT2G02070	85.9	6.58e-277	767
BRA040975	ATCG00660	69.8	1.52e-49	153
BRA040977	ATCG00680	91.5	0	966
BRA040978	ATCG00740	68.9	6.12e-155	442
BRA040980	ATCG00780	83	8.95e-49	153
BRA040981	ATCG00800	61.8	8.11e-98	284
BRA040982	ATCG00830	92.3	1.92e-89	261
BRA040984	AT1G17080	86.1	3.56e-93	266
BRA040991	AT1G36320	84.8	3.52e-242	664
BRA040992	AT1G36310	84.3	2.9e-202	560
BRA040996	AT4G11780	71	7.11e-195	550
BRA040997	AT4G21920	59.1	4.31e-22	84
BRA041007	AT1G44910	76.3	0	1034
BRA041008	AT1G44920	78.6	2.22e-126	360
BRA041012	AT2G28890	85	0	1059
BRA041014	AT4G26260	88.1	6.82e-208	569
BRA041018	AT1G53645	66.7	1.2e-187	535
BRA041021	AT3G05880	85.2	3.9e-30	99.4
BRA041023	AT3G11580	77.8	1.92e-138	394
BRA041025	AT1G53700	88.8	2.09e-302	823
BRA041026	AT3G62660	92.9	3.82e-255	692
BRA041027	AT3G62670	53.6	7.62e-120	355
BRA041033	AT4G14410	71.9	7.7e-123	352
BRA041034	AT3G22150	88.9	0	1454
BRA041037	AT2G47070	74.4	0	1258
BRA041038	ATCG00160	78	8.91e-114	323
BRA041042	AT2G20110	65.4	3.39e-218	614
BRA041043	AT2G20120	93.3	1.21e-173	479
BRA041046	AT4G37390	91.5	0	1077
BRA041055	ATCG01090	80.9	2.32e-81	238
BRA041065	AT3G50780	88.5	8.05e-143	408
BRA041072	AT1G11080	89.6	0	898
BRA041073	AT1G11090	84.4	1.79e-203	559
BRA041076	AT5G50690	88.5	5.34e-191	525
BRA041079	AT1G52140	86.1	3.48e-127	356
BRA041082	AT2G22140	78	2.06e-262	726
BRA041095	AT1G53320	85.8	6.06e-239	653
BRA041096	AT2G03470	65.7	3.56e-186	534
BRA041103	AT1G11915	88.4	6.66e-232	631
BRA041105	ATCG00520	80	1.58e-108	307
BRA041106	ATCG00540	87.2	2.69e-206	566
BRA041107	ATCG00580	97.6	2.32e-55	165
BRA041113	AT3G32904	58.8	7.9e-117	347
BRA041119	AT2G15780	88.5	3.52e-87	256
BRA041120	ATCG00120	85.7	5.12e-293	801
BRA041122	ATCG00350	97.2	0	1098
BRA041123	ATCG00280	94.9	3.69e-47	155
BRA041145	ATCG01240	84	1.41e-81	237
BRA041156	AT3G21680	78.2	4.91e-55	167
