Gene	5760	8640	11520
AT1G01010	-0.3707	-0.1633	0.0337
AT1G01020	0.0557	0.4154	0.1623
AT1G01030	-0.1642	-0.3602	0.3151
AT1G01040	0.1373	0.0753	0.1713
AT1G01050	-0.1617	-0.5278	0.0095
AT1G01060	-0.497	0.4113	-0.3529
AT1G01070	0.085	-0.1145	-0.2676
AT1G01080	-0.3767	0.4933	0.0473
AT1G01090	-0.1219	0.134	0.0302
AT1G01100	-0.0918	0.0093	-0.0147
AT1G01110	0.2	0.2027	0.3131
AT1G01120	-0.5337	0.3994	-0.2053
AT1G01130	0.2592	0.3887	-0.0198
AT1G01140	0.0831	0.8142	-0.132
AT1G01160	-0.0224	0.0233	0.2775
AT1G01170	-0.1944	-0.3873	-0.0193
AT1G01180	-0.5335	-1.1261	-0.3889
AT1G01200	-0.2502	0.8703	-0.1751
AT1G01210	-0.1611	0.1112	0.0294
AT1G01220	0.045	0.3117	0.184
AT1G01225	-0.4875	-0.0782	-0.0751
AT1G01230	-0.0883	0.3246	-0.1623
AT1G01240	0.0929	-0.2075	0.2448
AT1G01260	-0.1531	-0.1601	0.0329
AT1G01290	-0.0011	0.2206	0.1998
AT1G01300	-0.001	0.9385	-0.1582
AT1G01320	0.2618	0.0887	0.0842
AT1G01340	-0.2766	0.3171	0.1951
AT1G01350	0.0009	0.1345	0.2262
AT1G01360	-0.2149	-0.2425	0.0628
AT1G01370	-0.2328	-0.0925	0.1325
AT1G01380	-0.161	0.0014	-0.0542
AT1G01420	-0.3021	-0.0336	-0.331
AT1G01430	-0.3655	-0.321	-0.0485
AT1G01440	-0.0367	-0.0911	-0.2779
AT1G01448	0.3558	-0.1629	0.5495
AT1G01470	0.2079	0.5229	-0.1703
AT1G01490	-0.177	0.242	-0.0357
AT1G01500	-0.1162	0.3001	-0.2618
AT1G01510	-0.2132	-0.0443	0.2141
AT1G01540	-0.152	0.104	0.093
AT1G01550	-0.236	0.5611	-0.1786
AT1G01570	-0.3411	0.7306	-0.0787
AT1G01580	0.4348	0.7602	-1.7972
AT1G01600	0.2858	0.386	0.2775
AT1G01610	-0.3438	0.2273	-0.2483
AT1G01620	-0.5974	0.0448	-0.1215
AT1G01630	-0.3587	0.3459	0.1681
AT1G01640	-0.2057	0.0373	0.2279
AT1G01650	0.3942	0.9299	0.0718
AT1G01690	-0.2462	0.0314	0.1888
AT1G01700	-0.1467	-0.2598	0.2281
AT1G01710	-0.3331	-0.2957	0.0596
AT1G01715	-0.0816	-0.0577	0.2987
AT1G01720	-0.0089	-0.6882	-0.0962
AT1G01725	-0.0478	-0.1129	-0.03
AT1G01730	-0.1008	-0.1255	0.0473
AT1G01740	-0.1704	-0.1974	0.3498
AT1G01760	0.0064	-0.1188	0.2226
AT1G01770	0.089	-0.0804	0.1179
AT1G01780	0.1988	0.1241	-0.0831
AT1G01790	-0.1256	0.218	-0.1511
AT1G01800	-0.0921	0.0264	0.0428
AT1G01810	0.1084	0.7455	0.0443
AT1G01820	-0.0955	-0.3141	0.1576
AT1G01830	-0.3544	-0.1833	0.2627
AT1G01840	-0.1469	-0.4802	0.2295
AT1G01860	-0.1587	0.0254	0.1488
AT1G01880	-0.3316	-0.3149	-0.0111
AT1G01900	-0.433	-0.323	-0.2827
AT1G01910	-0.1079	0.2229	0.0104
AT1G01920	-0.1761	0.1105	0.4787
AT1G01930	-0.0009	-0.1503	0.2359
AT1G01940	0.013	0.3029	0.0973
AT1G01950	0.0766	0.3624	0.1072
AT1G01960	0.1878	0.1287	0.0434
AT1G01970	0.1014	0.0716	-0.1539
AT1G01990	-0.2299	-0.3924	0.122
AT1G02000	-0.4046	-0.186	-0.2216
AT1G02010	-0.09	0.0202	0.2692
AT1G02020	-0.0655	0.0829	-0.0151
AT1G02050	-0.0307	-0.6072	0.3264
AT1G02060	-0.2415	-1.2193	0.2216
AT1G02080	0.1843	0.0774	0.0968
AT1G02090	0.0123	0.3301	0.0452
AT1G02100	-0.1048	-0.1595	0.2329
AT1G02110	-0.0112	-0.4345	0.2086
AT1G02120	-0.1116	0.1054	0.0498
AT1G02130	-0.0898	-0.035	-0.0032
AT1G02140	-0.0778	0.2933	-0.1343
AT1G02145	-0.1434	0.0081	0.1211
AT1G02150	0.1177	-0.2603	0.2672
AT1G02160	-0.0562	0.1027	0.053
AT1G02170	-0.0763	0.2917	-0.0421
AT1G02180	-0.3974	-0.3632	0.0316
AT1G02205	-0.1108	-0.6721	0.5345
AT1G02220	0.1836	0.7617	0.2317
AT1G02260	0.0622	-0.1899	-0.0299
AT1G02270	-0.0003	0.6953	-0.036
AT1G02280	-0.1688	-0.6712	0.0593
AT1G02290	-0.3451	0.2756	-0.14
AT1G02300	-0.289	-0.0025	0.1927
AT1G02305	-0.3664	-0.3503	-0.1954
AT1G02330	-0.153	0.447	0.1749
AT1G02340	-0.3072	0.0498	-0.8666
AT1G02370	-0.1772	0.2969	0.2136
AT1G02380	-0.2335	0.5648	-0.1602
AT1G02390	0.1791	0.3924	-0.0556
AT1G02400	-0.2592	0.0123	-0.2788
AT1G02410	-0.1914	-0.0886	0.2246
AT1G02420	-0.0859	-0.1836	-0.1221
AT1G02475	-0.19	0.4255	0.0765
AT1G02500	-0.2326	0.0054	0.08
AT1G02520	0.3168	-0.0699	-0.183
AT1G02560	-0.0237	0.2646	0.0489
AT1G02610	0.0197	-0.6645	-0.0383
AT1G02640	0.1551	0.5165	0.2437
AT1G02650	0.0987	0.6842	0.1323
AT1G02660	0.1791	0.2393	0.1356
AT1G02670	-0.1451	-0.19	0.2792
AT1G02680	0.0872	0.0956	0.0847
AT1G02690	-0.2138	-0.4285	0.1249
AT1G02700	1.0305	0.3994	-0.0371
AT1G02705	-0.0867	0.4107	-0.1062
AT1G02720	-0.2923	-0.1223	-0.0876
AT1G02730	-0.795	-1.1565	0.0159
AT1G02740	-0.4967	0.2802	0.1012
AT1G02750	-0.1596	-0.3429	-0.0025
AT1G02780	0.0603	0.2455	0.1165
AT1G02810	0.1041	0.1876	0.3668
AT1G02816	-0.1887	-0.4172	-0.0784
AT1G02840	-0.0377	-0.3613	-0.0061
AT1G02850	0.9424	-0.2883	0.4346
AT1G02860	-0.2114	0.4525	-0.0383
AT1G02870	0.0604	0.2919	0.2273
AT1G02880	-0.3198	-0.0166	-0.3133
AT1G02890	0.3324	0.888	0.1166
AT1G02900	-0.1964	0.3348	-0.1614
AT1G02910	0.0505	0.1885	0.1451
AT1G02920	0.376	0.1415	0.0557
AT1G02930	0.5746	0.2935	0.0696
AT1G02960	-0.1867	0.1692	0.3802
AT1G02970	-0.2309	-0.5869	0.1486
AT1G02990	-0.206	0.0633	0.1622
AT1G03000	-0.0636	-0.2314	0.1374
AT1G03030	-0.1586	0.2797	0.1277
AT1G03040	-0.1739	0.3653	-0.0503
AT1G03060	0.2388	0.1107	0.0033
AT1G03080	0.0775	0.2911	0.1502
AT1G03090	0.0745	-1.2684	0.2542
AT1G03100	-0.1164	-0.1402	0.0484
AT1G03106	2.0161	0.3563	0.0756
AT1G03110	-0.0845	0.2383	0.1317
AT1G03130	0.4109	-0.0514	-0.2558
AT1G03140	-0.1998	-0.5675	0.0095
AT1G03150	0.073	0.1945	0.0458
AT1G03160	-0.0436	-0.0399	0.1098
AT1G03180	-0.1092	0.1376	0.2304
AT1G03190	0.1452	0.4039	0.1084
AT1G03200	0.1417	0.176	0.0349
AT1G03210	-0.2604	0.4087	-0.0423
AT1G03220	-0.0386	-0.1059	-0.6351
AT1G03230	0.2711	-0.0072	0.3829
AT1G03250	-0.0737	0.2213	0.1563
AT1G03260	-0.0458	0.5306	0.0761
AT1G03270	0.0565	-0.1761	0.3758
AT1G03280	-0.1011	-0.0941	0.1432
AT1G03290	-0.1989	0.3133	-0.0156
AT1G03310	-0.1236	0.3486	0.0961
AT1G03330	-0.0218	0.0319	-0.0927
AT1G03340	-0.2167	0.0898	-0.0322
AT1G03350	-0.2433	0.2077	-0.1269
AT1G03360	-0.139	0.0846	0.1468
AT1G03365	0.1513	0.0779	0.0854
AT1G03370	-0.0014	0.31	-0.0774
AT1G03380	0.0116	-0.2517	-0.0771
AT1G03400	0.0422	0.0706	-0.1301
AT1G03410	0.0914	-0.8992	-1.0896
AT1G03430	-0.1564	-0.0401	0.1147
AT1G03440	0.0989	0.3807	0.0552
AT1G03457	-0.083	0.672	0.054
AT1G03470	0.0147	0.1447	0.1911
AT1G03475	0.0218	0.3285	0.0392
AT1G03495	0.0566	-0.1453	0.1103
AT1G03510	0.0722	-0.0247	0.1535
AT1G03520	-0.1451	0.1463	-0.0909
AT1G03530	-0.0129	0.3204	-0.0278
AT1G03540	-0.0287	-0.0275	0.2783
AT1G03545	0.2354	0.0358	0.3871
AT1G03550	-0.0647	0.8939	0.007
AT1G03560	0.0346	0.358	0.277
AT1G03590	-0.0138	0.1754	0.1036
AT1G03600	0.1325	-0.0481	-0.2416
AT1G03610	-0.0415	-0.785	0.1099
AT1G03620	-0.4452	0.2353	0.7932
AT1G03630	-0.5208	0.6257	-0.3431
AT1G03650	0.0897	-0.194	0.2231
AT1G03680	0.0665	0.2811	-0.1009
AT1G03687	0.0719	0.0848	0.268
AT1G03730	-0.1303	0.4284	-0.1239
AT1G03740	0.143	0.2173	0.0847
AT1G03750	0.0947	0.2658	0.0912
AT1G03760	0.0805	0.0096	0.3065
AT1G03770	0.1028	0.5092	0.5494
AT1G03780	-0.4275	-0.8483	0.2933
AT1G03820	-1.1565	0.1757	0.7541
AT1G03830	-0.2278	-0.005	0.3247
AT1G03840	0.1541	0.5206	0.2572
AT1G03850	0.2761	-0.6546	-0.3533
AT1G03860	-0.1153	0.4263	0.1317
AT1G03870	0.0698	1.0374	-0.1965
AT1G03900	0.0418	0.1546	0.1543
AT1G03905	-0.1098	0.3518	-0.2683
AT1G03910	0.0811	-0.0636	0.1904
AT1G03920	-0.5226	0.0058	0.0089
AT1G03930	-0.0667	0.7772	0.0616
AT1G03940	0.1114	-0.0545	-0.5005
AT1G03950	-0.2026	0.3255	-0.1747
AT1G03960	-0.1594	-0.2304	0.2664
AT1G03970	0.0177	0.2144	0.0288
AT1G03990	0.3936	0.413	0.1398
AT1G04000	-0.263	-0.3241	-0.049
AT1G04010	0.093	0.1799	0.2206
AT1G04020	-0.1854	-0.4254	0.259
AT1G04030	-0.1759	-0.0278	0.2189
AT1G04040	0.1007	0.7997	0.0543
AT1G04050	0.0063	0.2916	0.1075
AT1G04070	0.0826	0.2651	-0.1341
AT1G04080	0.0774	0.1098	0.2742
AT1G04090	-0.1906	-0.2647	0.1253
AT1G04100	-0.271	0.0968	0.3849
AT1G04117	-0.0202	-0.0712	0.2165
AT1G04120	0.0329	0.0905	0.0857
AT1G04130	0.1819	0.5679	0.3473
AT1G04140	-0.094	-0.0765	-0.0974
AT1G04160	0.1737	0.5467	-0.027
AT1G04170	0.0278	0.3196	0.1097
AT1G04183	-0.211	-0.0711	0.0669
AT1G04190	-0.0848	0.3142	0.2245
AT1G04200	-0.0177	0.7144	0.1389
AT1G04210	0.0384	-0.0764	0.2615
AT1G04220	-0.2647	0.7556	-0.1429
AT1G04230	-0.109	0.4819	0.1903
AT1G04240	-0.3173	1.2036	0.2686
AT1G04247	-0.6325	0.1657	-0.2317
AT1G04250	-0.3898	0.1454	0.0523
AT1G04260	0.0672	0.1273	-0.0514
AT1G04270	0.0304	0.2177	-0.0302
AT1G04280	-0.3535	-0.0267	0.0351
AT1G04290	-0.101	0.3686	0.0007
AT1G04300	0.1397	-0.288	0.0799
AT1G04310	0.4277	0.761	0.3734
AT1G04330	-0.0388	0.6401	-0.5421
AT1G04340	-0.0171	0.2991	-0.1537
AT1G04350	-0.3601	-0.2212	-0.7152
AT1G04360	-0.4356	0.487	0.0583
AT1G04390	-0.0034	-0.1867	0.257
AT1G04400	-0.1111	-0.2417	0.0091
AT1G04410	-0.3365	0.1369	-0.2273
AT1G04420	-0.1291	-0.1634	0.1954
AT1G04425	-0.6646	-0.6787	0.1458
AT1G04430	0.0888	0.6804	0.231
AT1G04433	-0.239	-0.9345	0.1901
AT1G04440	-0.1672	0.3188	0.1099
AT1G04480	0.1122	0.3094	0.1082
AT1G04503	-0.3811	-1.5679	0.0158
AT1G04510	0.0473	0.1721	0.094
AT1G04520	-0.0382	0.6889	0.3454
AT1G04530	-0.0036	0.2366	0.1607
AT1G04537	0.0664	0.821	-0.2077
AT1G04540	-0.1233	-0.238	0.1756
AT1G04550	-0.314	-0.0922	-0.0023
AT1G04555	-0.1357	0.1638	0.2047
AT1G04590	-0.0343	-0.035	0.4183
AT1G04610	0.1922	0.2835	-0.057
AT1G04620	0.408	-0.5037	0.2404
AT1G04630	-0.021	0.1564	0.0793
AT1G04635	-0.1538	0.5661	-0.1656
AT1G04640	-0.1352	-0.753	0.1106
AT1G04650	-0.2072	-0.0951	0.1221
AT1G04680	-0.3541	0.612	0.2568
AT1G04690	-0.0391	0.3981	0.1774
AT1G04700	-0.1029	-0.0788	-0.0068
AT1G04710	-0.1691	0.2055	0.2573
AT1G04730	-0.2223	-0.1029	0.3636
AT1G04733	-0.0847	-0.4104	-0.3077
AT1G04750	-0.0995	0.3533	-0.085
AT1G04760	-0.697	-0.3432	0.0315
AT1G04770	0.009	1.5136	-0.3537
AT1G04780	-0.0821	-0.0842	0.3115
AT1G04790	-0.1385	-0.0104	0.0657
AT1G04810	-0.0743	-0.2838	-0.0954
AT1G04820	-0.0345	0.5052	0.0204
AT1G04830	0.0039	-0.0568	0.0578
AT1G04837	0.1579	0.1609	-0.0839
AT1G04840	-0.1845	-0.3327	0.1754
AT1G04850	-0.0586	0.023	0.1264
AT1G04860	-0.0455	-0.1538	0.1113
AT1G04870	-0.0666	0.0883	0.1568
AT1G04880	-0.1023	0.0944	-0.1036
AT1G04900	-0.1716	0.4884	0.335
AT1G04910	0.0426	0.688	0.1535
AT1G04930	0.0865	0.3075	0.2406
AT1G04940	-0.0781	0.1953	-0.1718
AT1G04945	0.0094	0.4758	0.3259
AT1G04950	-0.0409	-0.5562	0.2541
AT1G04960	-0.0279	0.3838	0.0674
AT1G04970	-0.2479	-0.0327	0.0972
AT1G04977	-0.0168	-0.6707	-0.3349
AT1G04980	-0.0872	0.2135	0.1386
AT1G04985	-0.1686	-0.4599	0.216
AT1G04990	-0.3136	0.0946	-0.0147
AT1G05000	-0.1306	0.54	-0.3552
AT1G05010	-0.0587	1.6487	0.2783
AT1G05020	0.0093	0.8385	0.1331
AT1G05030	0.1945	0.5491	0.0523
AT1G05055	-0.0845	0.3167	-0.0112
AT1G05060	-0.2797	-0.0368	-0.0527
AT1G05070	-0.0515	-0.0186	0.2602
AT1G05087	-0.1568	-0.491	0.2165
AT1G05090	0.1376	0.1342	0.3257
AT1G05100	-0.0175	0.4741	-0.3697
AT1G05120	-0.0208	0.0265	-0.04
AT1G05140	-0.1453	-0.0351	-0.1523
AT1G05150	0.1686	0.0925	-0.005
AT1G05160	-0.2362	-0.1023	0.1991
AT1G05163	0.7592	0.3415	0.148
AT1G05170	0.0847	0.8271	0.0324
AT1G05180	-0.2908	-0.0215	0.1002
AT1G05183	-0.2752	-0.8001	-0.5246
AT1G05190	-0.3081	-0.2966	-0.0246
AT1G05200	-0.26	0.0411	0.1055
AT1G05205	-0.0377	0.4058	-0.0268
AT1G05210	0.0166	-0.1326	-0.0278
AT1G05213	-0.4718	0.31	-0.0846
AT1G05240	0.0309	0.5164	-0.1839
AT1G05260	-0.1286	0.5558	-0.4436
AT1G05270	-0.0922	0.114	0.0366
AT1G05300	-0.2756	0.8018	-0.4444
AT1G05320	-0.1932	0.4212	0.2899
AT1G05340	0.4772	-0.5764	-0.1059
AT1G05347	0.3404	0.2665	0.3675
AT1G05350	-0.102	0.4749	0.1131
AT1G05360	-0.0959	-0.0911	0.2627
AT1G05370	-0.7522	-0.1048	-0.1125
AT1G05380	0.1124	-0.1935	0.232
AT1G05385	0.1664	-0.3421	0.2741
AT1G05400	0.0121	0.3865	0.15
AT1G05410	-0.3074	-0.0918	0.2182
AT1G05420	0.0788	0.7464	-0.1265
AT1G05430	-0.2497	0.1201	0.0721
AT1G05440	-0.3422	-0.8289	0.2844
AT1G05460	-0.1004	-0.286	0.2604
AT1G05470	-0.3568	-0.483	0.1104
AT1G05490	-0.1377	-0.0032	0.0536
AT1G05500	-0.1429	0.0516	-0.1096
AT1G05520	0.0191	0.2761	0.1353
AT1G05523	-0.2179	-0.7025	-0.5583
AT1G05560	-0.4492	-0.7779	-0.0104
AT1G05570	0.0325	-0.1188	-0.3627
AT1G05575	0.5461	-0.2345	-0.0385
AT1G05590	-0.0228	0.3257	0.1388
AT1G05600	-0.2049	-0.7994	0.3731
AT1G05620	-0.036	0.3147	0.0341
AT1G05630	0.2204	0.3518	0.1923
AT1G05640	-0.0404	-0.1094	0.4423
AT1G05670	-0.0496	0.2864	0.2574
AT1G05680	0.7484	-0.3631	0.1112
AT1G05690	-0.1979	-0.3555	-0.1529
AT1G05710	-0.4818	-0.0505	0.0124
AT1G05720	-0.0949	0.2586	0.008
AT1G05730	0.046	0.2451	0.1564
AT1G05750	-0.2124	-0.0949	0.0014
AT1G05780	0.1848	0.3968	0.342
AT1G05785	-0.1011	0.3891	-0.2334
AT1G05790	0.0037	-0.051	0.2833
AT1G05805	0.0088	-0.3217	0.2218
AT1G05810	-0.1182	-0.3285	-0.0695
AT1G05820	-0.1997	-0.2091	0.2397
AT1G05830	0.041	-0.1043	0.2919
AT1G05835	-0.0178	-0.3627	0.1773
AT1G05840	-0.0981	-0.6084	0.2904
AT1G05850	-0.3703	0.5234	-0.0715
AT1G05860	-0.0059	0.0726	0.1997
AT1G05870	-0.3405	-0.3051	0.0908
AT1G05890	0.0112	-0.724	0.2499
AT1G05900	-0.0468	0.1137	0.217
AT1G05910	0.2689	0.3216	0.2214
AT1G05940	-0.135	0.03	0.0721
AT1G05950	-0.6752	-0.3731	0.2583
AT1G05960	-0.2421	-0.4688	0.208
AT1G05970	-0.0638	-0.5608	0.0684
AT1G06000	-1.2462	-0.637	0.1528
AT1G06002	-0.1862	-0.1719	-0.6218
AT1G06010	-0.2566	-0.5514	0.0415
AT1G06040	-1.1341	-0.1923	-0.8021
AT1G06050	-0.3621	-0.2691	-0.3117
AT1G06060	-0.2601	-0.1189	-0.0647
AT1G06070	0.1248	0.1893	0.1613
AT1G06080	1.2493	2.305	-0.2563
AT1G06090	-0.6198	0.067	0.1932
AT1G06110	-0.0703	-0.6772	0.0839
AT1G06130	-0.0009	0.1447	0.1458
AT1G06140	-0.2369	-0.2725	0.1364
AT1G06143	-0.1182	-0.0596	0.3053
AT1G06150	-0.0966	0.2719	0.4563
AT1G06160	0.1762	0.0865	0.9728
AT1G06180	-0.1746	-0.289	-0.0552
AT1G06190	-0.0619	-0.0081	0.073
AT1G06200	-0.1117	-0.4919	0.0575
AT1G06210	-0.1164	0.0566	0.1901
AT1G06220	0.0203	0.0523	0.2016
AT1G06227	0.0342	-0.1695	0.0942
AT1G06230	0.1561	-0.2632	0.1408
AT1G06240	-0.0015	-0.5897	0.1871
AT1G06265	0.2058	0.2368	0.3073
AT1G06270	-0.0234	-0.0176	0.1608
AT1G06290	0.1022	0.363	0.0373
AT1G06350	0.5898	1.2204	0.128
AT1G06380	-0.1465	0.1912	0.161
AT1G06390	-0.1724	-0.2905	0.2214
AT1G06400	-0.4796	-0.6955	-0.0776
AT1G06410	-0.2754	0.0045	0.0801
AT1G06420	-0.3703	-0.318	0.4035
AT1G06430	0.0172	0.1691	-0.1899
AT1G06440	-0.0114	0.1839	0.3524
AT1G06450	-0.0668	-0.2515	-0.0951
AT1G06460	-0.0313	-0.909	-0.4503
AT1G06463	0.183	0.1071	-0.2728
AT1G06470	-0.1023	0.4772	0.336
AT1G06473	0.2236	-0.9211	0.4585
AT1G06475	0.3794	1.3144	-0.4276
AT1G06490	-0.1177	0.1881	0.0438
AT1G06500	-0.0727	-0.2059	0.1733
AT1G06510	-0.2061	-0.3119	0.3069
AT1G06515	0.0318	0.3435	-0.0829
AT1G06520	-0.0992	0.489	-0.0642
AT1G06530	-0.1431	-0.0147	0.0292
AT1G06540	0.2038	0.3045	0.269
AT1G06550	-0.4657	0.3124	0.2611
AT1G06560	-0.2653	0.1145	0.1307
AT1G06570	-0.2215	-1.0088	-0.1461
AT1G06573	0.0921	0.0698	0.3094
AT1G06580	-0.0213	-0.0478	0.1444
AT1G06590	-0.0485	0.0228	0.2108
AT1G06620	-0.0543	-0.0123	0.1745
AT1G06630	0.0092	-0.1353	0.2164
AT1G06640	-0.3369	-0.1085	-0.021
AT1G06650	-0.351	0.1166	-0.0664
AT1G06660	-0.4669	-0.8138	0.1384
AT1G06670	0.2229	-0.0029	0.3243
AT1G06680	-0.1588	0.4074	-0.288
AT1G06690	-0.2816	0.3354	-0.3769
AT1G06700	-0.1778	-0.3366	0.147
AT1G06710	-0.2658	0.0571	0.1543
AT1G06720	0.0842	0.3048	0.4295
AT1G06730	-0.1962	-0.2838	0.1455
AT1G06740	-0.2443	-0.3448	-0.2192
AT1G06760	-0.154	0.0921	0.0507
AT1G06770	-0.0254	-0.064	0.2906
AT1G06780	-0.0107	0.6313	0.1152
AT1G06790	-0.0157	0.3429	0.1407
AT1G06800	0.0585	0.4106	0.0436
AT1G06820	-0.1405	0.419	0.0801
AT1G06830	0.1895	1.7299	-0.5036
AT1G06840	-0.1402	0.5298	0.0894
AT1G06850	0.0473	0.8338	-0.0576
AT1G06870	-0.1495	0.1953	0.2028
AT1G06890	-0.075	-0.0902	0.051
AT1G06900	0.0369	-0.3184	0.2681
AT1G06910	-0.2491	0.0608	0.1655
AT1G06950	0.18	0.3107	0.2976
AT1G06960	-0.095	0.1169	0.0433
AT1G06980	0.3059	-0.0743	-0.3267
AT1G07000	-0.1446	0.0844	-0.0175
AT1G07010	-0.2375	0.1109	-0.2766
AT1G07020	0.0063	0.2587	-0.148
AT1G07030	-0.0806	-0.2526	0.1456
AT1G07040	-0.131	-0.3018	0.2003
AT1G07070	0.0496	0.3553	-0.1059
AT1G07080	0.0804	0.1738	-0.1205
AT1G07090	-0.183	0.4273	-0.1901
AT1G07110	-0.0909	-0.3661	0.1632
AT1G07119	-0.0257	-0.4123	0.3151
AT1G07128	-0.1013	0.2258	-0.2493
AT1G07130	-0.0237	-0.3903	0.1213
AT1G07135	0.6375	0.6694	0.5692
AT1G07140	-0.2246	0.0339	0.0512
AT1G07150	0.4297	1.461	-0.1171
AT1G07167	-0.4526	0.2439	0.7992
AT1G07170	-0.1222	-0.4922	0.0753
AT1G07200	-0.3916	-0.9526	0.2126
AT1G07210	-0.2445	0.0029	0.1602
AT1G07220	-0.0001	0.4406	0.2198
AT1G07230	-0.0627	-0.0535	0.01
AT1G07240	-0.0315	0.4863	-0.0781
AT1G07250	-0.0273	-0.0469	-0.1159
AT1G07260	-0.2439	-0.3165	-0.313
AT1G07270	-0.3001	-0.3313	0.1107
AT1G07280	0.0888	-0.5128	0.1391
AT1G07290	-0.1795	0.0502	0.5032
AT1G07300	0.1897	0.3755	0.0571
AT1G07310	-0.1519	-0.2453	-0.2567
AT1G07320	-0.1595	-0.2301	0.1243
AT1G07350	0.0608	0.7604	0.1129
AT1G07360	0.0408	0.1214	0.0336
AT1G07367	0.0362	1.3312	-0.0959
AT1G07370	-0.3072	-0.3117	0.0604
AT1G07373	0.0579	1.5558	0.5356
AT1G07380	-0.073	-0.1207	-0.0602
AT1G07390	0.312	0.7013	0.1629
AT1G07400	0.3744	0.3577	0.0995
AT1G07410	0.0375	0.5285	-0.0843
AT1G07420	-0.1011	-0.0933	-0.1217
AT1G07440	0.0731	-0.3711	-0.0328
AT1G07470	-0.0084	-0.1191	-0.1132
AT1G07477	-0.3556	-0.8415	-0.4151
AT1G07480	0.0199	-0.1083	0.0166
AT1G07490	-0.1178	-0.259	-0.1929
AT1G07510	0.2221	0.2139	-0.0841
AT1G07530	0.16	-0.2742	-0.0966
AT1G07570	0.2607	0.4824	0.23
AT1G07590	-0.2203	-0.3275	-0.3971
AT1G07600	-0.1737	-0.2412	-0.3334
AT1G07610	-0.2328	0.2801	-0.3155
AT1G07615	-0.032	0.1571	0.3783
AT1G07620	0.1707	0.3915	-0.2046
AT1G07630	0.0259	0.5658	-0.1539
AT1G07640	-0.0398	-0.279	0.1426
AT1G07650	0.0376	-0.1023	0.2019
AT1G07660	-0.0937	-0.1361	-0.0567
AT1G07670	0.3193	0.3815	0.2025
AT1G07700	-0.4408	0.1098	-0.3389
AT1G07705	-0.1033	0.4149	0.0341
AT1G07720	0.2979	0.4579	0.0395
AT1G07728	0.0176	-0.0907	0.1184
AT1G07730	-1.0177	0.195	-0.8537
AT1G07737	-0.3827	-1.6888	-0.1264
AT1G07740	-0.3099	-0.0837	0.0259
AT1G07745	0.0098	-0.0737	0.2901
AT1G07750	-0.1748	1.0477	-0.5177
AT1G07770	0.0343	-0.2084	-0.2766
AT1G07780	-0.1098	0.4782	0.3785
AT1G07790	-0.0793	0.0384	-0.1524
AT1G07810	0.1071	-0.0091	0.0339
AT1G07820	-0.0376	0.2229	0.053
AT1G07830	-0.1354	-0.191	0.1058
AT1G07840	0.0146	0.0552	0.1806
AT1G07870	-0.4256	0.0434	-0.0198
AT1G07880	-0.9113	0.2145	0.2773
AT1G07890	-0.0637	-0.6217	-0.2841
AT1G07910	0.1194	0.2049	0.1747
AT1G07920	-0.0633	0.2396	-0.069
AT1G07930	0.0668	0.3367	-0.0444
AT1G07940	-0.0091	0.4226	-0.046
AT1G07950	-0.1629	-0.0092	0.0784
AT1G07960	-0.2048	-0.0639	0.0285
AT1G07970	-0.1932	-0.4713	0.2351
AT1G07980	-0.0342	0.4782	0.0781
AT1G07985	1.3623	-0.5544	-0.5123
AT1G07990	0.0301	0.0317	0.0491
AT1G08000	-0.0234	0.0378	-0.1169
AT1G08010	0.0324	0.0983	0.0498
AT1G08030	-0.1919	0.1502	0.2311
AT1G08037	-0.0059	-0.1728	-0.3113
AT1G08040	-0.319	-0.0838	0.0486
AT1G08043	0.0056	0.5438	0.1475
AT1G08050	0.4665	0.1618	-0.3692
AT1G08060	0.2183	-0.2026	0.0734
AT1G08070	-0.3109	-0.539	0.0854
AT1G08110	-0.1851	-0.3051	0.2051
AT1G08125	0.0398	0.1009	0.1612
AT1G08130	0.0277	0.2928	0.0883
AT1G08160	-0.1456	0.0913	-0.3818
AT1G08180	-0.0791	-0.0036	0.0853
AT1G08190	-0.2096	0.3039	-0.2174
AT1G08200	-0.1394	0.346	0.0212
AT1G08210	-0.0764	-0.8437	0.3867
AT1G08220	-0.0508	0.35	0.177
AT1G08230	0.1429	-0.0931	0.3024
AT1G08250	-0.3371	0.3151	-0.1508
AT1G08260	0.0018	-0.0577	0.1507
AT1G08270	0.1248	0.2073	0.1698
AT1G08280	-0.3414	0.5465	0.1333
AT1G08300	-0.1272	0.0133	0.1395
AT1G08310	0.2897	0.3172	0.1848
AT1G08315	0.1498	0.4885	-0.2076
AT1G08320	-0.1661	0.2049	-0.4578
AT1G08340	-0.132	0.3049	-0.1543
AT1G08350	-0.1353	-0.0717	0.1599
AT1G08360	-0.0435	-0.0656	0.1075
AT1G08370	0.0367	0.3192	0.0902
AT1G08380	0.1888	0.9013	-0.6891
AT1G08390	0.1378	0.0478	0.152
AT1G08400	-0.229	0.006	0.0206
AT1G08410	0.0791	0.1775	0.1915
AT1G08420	-0.0088	0.2492	-0.187
AT1G08430	-0.6893	0.0623	0.5861
AT1G08450	-0.1247	-0.2487	0.2618
AT1G08460	-0.1826	-0.6824	0.0738
AT1G08470	-0.3716	-0.1022	0.0115
AT1G08477	-0.181	0.7088	-0.6836
AT1G08480	-0.1229	0.331	-0.0715
AT1G08490	-0.2753	-0.1718	0.1454
AT1G08500	0.185	0.864	0.0801
AT1G08510	0.1183	0.5411	0.0812
AT1G08520	-0.0731	0.4955	0.1147
AT1G08530	-0.2687	0.4966	0.1755
AT1G08540	-0.0738	0.141	0.0775
AT1G08550	-0.3158	-1.3647	0.1434
AT1G08560	-0.5267	-1.0206	-0.0556
AT1G08570	-0.4491	-1.132	-0.2788
AT1G08580	-0.2434	0.2631	-0.0703
AT1G08590	0.4265	0.7859	0.2711
AT1G08600	0.1081	0.1359	0.1108
AT1G08610	-0.1803	0.1025	0.1684
AT1G08620	0.0402	-0.3024	0.1676
AT1G08640	0.0825	0.5424	0.0441
AT1G08650	-0.0829	0.3308	-0.5201
AT1G08660	-0.1813	0.3191	0.2716
AT1G08680	-0.1655	-0.175	0.0211
AT1G08700	-0.0561	-0.3023	0.0566
AT1G08710	-0.051	-0.2119	0.2278
AT1G08720	0.147	0.2382	0.2803
AT1G08727	-0.0504	0.0476	-0.5265
AT1G08750	-0.2723	0.2839	-0.0183
AT1G08760	-0.0666	0.1282	0.1229
AT1G08770	-0.2278	-0.2501	-0.3332
AT1G08780	-0.0184	0.2712	0.1066
AT1G08800	0.2051	0.4342	0.0176
AT1G08810	0.0638	-0.1089	-0.2522
AT1G08820	-0.0756	-0.0752	0.2173
AT1G08830	-0.1506	0.0452	-0.1222
AT1G08840	0.0028	0.1426	0.0867
AT1G08845	0.0472	0.1426	0.0779
AT1G08880	-0.295	0.1186	-0.0446
AT1G08890	-0.3354	0.0681	-0.22
AT1G08900	-0.108	0.1578	-0.0543
AT1G08910	0.4139	0.3578	0.1666
AT1G08920	-0.1488	-0.1291	-0.0624
AT1G08930	0.3908	1.419	-0.2207
AT1G08940	0.1383	1.1588	-0.051
AT1G08960	-0.3081	0.1772	0.0386
AT1G08970	-0.0417	0.1631	0.1025
AT1G08973	0.0888	0.3464	-0.0205
AT1G08980	-0.3407	-0.8559	-0.098
AT1G09000	-0.2546	-0.291	0.2294
AT1G09010	0.1021	-0.3216	0.26
AT1G09020	-0.0659	0.2654	-0.0231
AT1G09023	0.3227	0.0885	0.0568
AT1G09040	-0.149	-0.5451	0.2127
AT1G09050	0.1273	-0.1192	0.5391
AT1G09060	-0.0062	0.1494	0.3126
AT1G09070	0.0087	0.7034	-0.0404
AT1G09100	-0.0469	0.2149	0.2008
AT1G09130	-0.0069	0.5146	0.1182
AT1G09140	0.228	0.3033	0.071
AT1G09150	-0.047	-0.0211	0.1533
AT1G09160	-0.1245	0.5057	0.0606
AT1G09190	-0.1596	-0.2823	0.1794
AT1G09195	-0.1215	0.0992	-0.1699
AT1G09200	-0.0618	0.3806	0.0276
AT1G09210	-0.0885	0.203	0.1554
AT1G09220	-0.1191	0.0025	0.2045
AT1G09230	-0.0267	-0.2429	0.2133
AT1G09250	0.0392	0.6547	-0.3319
AT1G09270	-0.0979	0.1917	-0.138
AT1G09280	-0.0186	-0.5998	0.2428
AT1G09290	-0.0859	-0.281	0.1612
AT1G09300	-0.188	0.0935	0.2522
AT1G09310	1.0324	1.0732	-1.6974
AT1G09320	-0.0803	-0.5364	0.1503
AT1G09330	-0.121	0.3122	-0.1107
AT1G09340	0.0499	0.4293	-0.1424
AT1G09390	0.0847	1.0767	0.1413
AT1G09415	-0.1305	0.1833	0.4915
AT1G09420	-0.1151	-0.6353	0.381
AT1G09430	-0.5471	-0.4985	-0.191
AT1G09440	-0.6039	0.3	0.0447
AT1G09450	-0.3898	-0.3642	0.1407
AT1G09460	0.4578	0.1317	0.3282
AT1G09470	-0.6772	-0.5452	0.3574
AT1G09490	-0.1412	0.0866	0.278
AT1G09520	-0.0421	-0.3338	-0.0073
AT1G09530	0.8854	1.4097	0.2962
AT1G09560	-0.0187	0.4495	-0.7036
AT1G09570	0.3959	0.0552	0.1424
AT1G09575	0.1633	0.4698	-0.0096
AT1G09580	0.0077	0.2292	0.1611
AT1G09590	0.1142	0.6236	0.0922
AT1G09600	0.0941	-0.1168	0.3435
AT1G09620	0.0694	-0.3495	0.0324
AT1G09630	-0.0854	0.4083	-0.0604
AT1G09640	0.0558	-0.0001	0.0757
AT1G09645	-0.1802	0.2864	-0.2806
AT1G09650	0.0054	-0.0103	0.1911
AT1G09660	-0.0355	-0.1053	0.303
AT1G09680	-0.1496	0.0301	0.3291
AT1G09690	0.0829	0.3032	0.0358
AT1G09700	-0.1761	-0.2308	0.2912
AT1G09710	-0.4494	-0.8038	0.1665
AT1G09730	-0.0165	-0.1505	0.1606
AT1G09740	-0.2339	0.0846	-0.2088
AT1G09750	-0.4583	-1.0591	0.4943
AT1G09760	-0.1418	0.0659	0.1186
AT1G09770	0.0663	-0.8351	0.2568
AT1G09780	0.159	1.2916	-0.1342
AT1G09794	-0.1561	0.6149	-0.1101
AT1G09795	-0.0533	0.1395	0.0548
AT1G09797	0.0145	-0.2518	0.1411
AT1G09800	-0.0745	0.0597	0.0914
AT1G09810	0.1635	0.4434	0.2656
AT1G09812	0.0433	0.3384	-0.1523
AT1G09815	-0.1208	0.1705	-0.0646
AT1G09820	-0.1575	-0.204	0.2559
AT1G09830	-0.1172	0.6272	0.1232
AT1G09840	-0.3412	0.3769	-0.0116
AT1G09850	-0.3314	-0.0429	0.0257
AT1G09863	-0.2393	-0.2271	0.3385
AT1G09870	0.0879	0.2257	0.0254
AT1G09900	0.0151	-0.1205	0.1088
AT1G09910	0.2701	-0.4219	0.5166
AT1G09920	-0.2317	0.2643	-0.1472
AT1G09927	-0.2064	0.3937	-0.0886
AT1G09932	0.4335	0.8621	-0.0907
AT1G09940	-0.0116	-0.9706	-0.051
AT1G09950	-0.016	0.5047	-0.354
AT1G09960	-0.3605	-0.4016	-0.1217
AT1G09970	-0.0532	0.5437	0.0021
AT1G09980	-0.058	0.3013	0.1053
AT1G09995	0.0107	0.2384	0.3104
AT1G10020	-0.2852	-0.3914	-0.306
AT1G10030	-0.0237	0.1661	-0.0714
AT1G10040	0.1157	0.5052	-0.0126
AT1G10050	0.0262	0.3232	-0.1367
AT1G10070	0.5727	-0.5157	0.3287
AT1G10090	-0.6324	-0.5905	-0.1685
AT1G10095	-0.0569	-0.0705	0.1315
AT1G10120	0.3145	0.5468	0.3085
AT1G10130	0.2609	0.4797	0.3147
AT1G10140	0.0796	-0.4126	0.4491
AT1G10150	-0.2903	-0.3421	0.279
AT1G10155	0.5919	0.2832	0.0803
AT1G10170	0.0558	-0.5789	-0.0648
AT1G10180	0.0182	0.2076	0.2396
AT1G10200	-0.3849	-0.0259	-0.0665
AT1G10210	-0.0009	0.1691	0.1964
AT1G10230	-0.0226	0.3582	0.0578
AT1G10240	-0.1223	-0.0619	0.077
AT1G10270	0.0021	0.289	0.1074
AT1G10280	-0.1537	0.1046	-0.0742
AT1G10290	-0.06	-0.0232	0.2277
AT1G10310	0.1377	0.0799	0.3226
AT1G10320	0.2255	0.2722	0.3921
AT1G10330	-0.1847	-0.5109	0.1049
AT1G10350	-0.3069	-0.267	0.0705
AT1G10360	-0.5227	-0.213	-0.0608
AT1G10370	-1.0555	0.6999	-0.5656
AT1G10380	-0.28	0.3245	-0.2099
AT1G10390	0.1389	0.3859	-0.0593
AT1G10410	-0.4069	-0.0431	-0.0841
AT1G10430	-0.0911	0.0023	-0.1612
AT1G10450	0.1131	-0.0657	0.2377
AT1G10460	-0.1932	0.2364	0.5757
AT1G10470	-0.5261	0.3403	0.0736
AT1G10480	-0.0876	0.4387	-0.1056
AT1G10490	-0.1595	0.1094	0.2387
AT1G10500	0.0097	0.1017	0.0695
AT1G10510	0.0006	0.2215	0.2122
AT1G10520	-0.2506	0.1101	0.2758
AT1G10522	-0.0141	0.1973	0.2293
AT1G10550	0.618	2.9766	-0.0527
AT1G10560	0.2179	0.4975	0.4663
AT1G10570	-0.1714	0.2437	0.1816
AT1G10580	0.1509	0.1892	0.0213
AT1G10590	-0.0096	-0.1148	-0.012
AT1G10600	-0.0278	-0.563	0.2542
AT1G10610	0.22	-0.6815	0.2993
AT1G10630	0.1301	0.5606	-0.0381
AT1G10640	-1.1118	-0.9116	0.1542
AT1G10650	-0.429	0.2942	0.064
AT1G10660	-0.3396	-0.985	0.1551
AT1G10670	-0.114	0.47	-0.0169
AT1G10682	0.0042	0.2823	-0.2559
AT1G10690	0.2762	0.0408	0.2383
AT1G10700	-0.4267	-0.0636	0.0102
AT1G10720	-0.1427	0.4105	0.0332
AT1G10730	-0.0573	0.1869	0.0592
AT1G10740	0.0492	0.2412	0.0099
AT1G10750	-0.1861	-0.3724	0.1665
AT1G10760	0.1631	-0.2304	0.0609
AT1G10780	-0.352	-0.7478	0.1338
AT1G10820	-0.1336	-0.0753	0.1194
AT1G10830	-0.0233	0.337	-0.0788
AT1G10840	0.0013	-0.3645	0.0839
AT1G10850	0.0422	0.2539	0.1121
AT1G10865	-0.1197	-0.1863	-0.05
AT1G10870	0.0832	0.681	0.1283
AT1G10890	0.0914	-0.0046	0.1309
AT1G10900	-0.3131	-0.1328	0.1006
AT1G10910	-0.0396	-0.1316	0.3559
AT1G10930	0.1123	0.2504	0.1263
AT1G10940	-0.2267	0.2005	0.1499
AT1G10950	-0.0953	-0.0815	-0.0092
AT1G10960	-0.3144	0.3065	-0.2609
AT1G10970	-0.0391	0.2764	-0.0535
AT1G10990	0.0367	-0.067	0.6783
AT1G11000	0.375	0.7159	0.3601
AT1G11020	-0.0951	0.0562	-0.0025
AT1G11060	0.1647	-0.0485	0.1684
AT1G11080	-0.1048	0.2154	0.0524
AT1G11090	-0.4655	0.6276	0.4939
AT1G11100	0.0815	-0.2622	0.0899
AT1G11112	-0.3886	-0.5618	-0.1569
AT1G11120	0.11	0.144	0.0717
AT1G11125	-0.2915	0.1181	0.0102
AT1G11130	-0.2709	-0.0096	0.4408
AT1G11160	-0.1559	-0.3763	-0.0271
AT1G11170	-0.7043	-0.223	0.1912
AT1G11175	0.4721	-1.1628	0.0713
AT1G11180	0.1022	-0.3571	-0.2173
AT1G11185	0.6766	1.1118	0.6415
AT1G11200	-0.0412	0.1238	-0.0143
AT1G11210	0.104	0.4329	-0.2198
AT1G11220	-0.2926	-0.4053	0.1095
AT1G11240	-0.0396	0.0443	0.1749
AT1G11260	-0.3513	-1.0542	0.0072
AT1G11270	0.0833	-0.2212	0.23
AT1G11280	-0.1882	0.3515	0.2013
AT1G11290	0.0835	-0.3617	0.2698
AT1G11300	0.3743	0.1855	0.0841
AT1G11310	-0.129	0.0097	-0.0797
AT1G11320	-0.195	0.3511	0.001
AT1G11330	-0.3166	1.0592	0.4119
AT1G11360	-0.077	0.0208	-0.0005
AT1G11380	-0.1459	-0.1217	-0.1074
AT1G11390	-0.0902	-0.0247	0.0194
AT1G11400	-0.2226	-0.7152	0.1253
AT1G11420	-0.2831	-0.2675	0.5548
AT1G11430	-0.0141	0.416	0.0251
AT1G11440	-0.3369	0.0699	0.0912
AT1G11450	0.0406	-0.022	-0.0331
AT1G11475	-0.1857	0.5393	-0.2346
AT1G11480	-0.0012	-0.3249	0.1602
AT1G11530	-0.394	-0.7802	-0.697
AT1G11545	0.1013	1.3504	-0.0944
AT1G11580	0.0388	0.749	-0.0864
AT1G11592	-0.0005	-0.0981	0.0048
AT1G11600	0.0279	-0.2134	-0.6626
AT1G11630	-0.136	0.1245	0.1081
AT1G11650	-0.0414	-0.1299	-0.089
AT1G11660	-0.0646	0.1014	0.2082
AT1G11670	-0.0553	-0.2444	0.0777
AT1G11680	-0.0321	0.0815	0.075
AT1G11700	0.1447	1.5117	-0.3265
AT1G11710	0.0575	0.0052	0.1554
AT1G11720	0.2308	-0.2611	0.2397
AT1G11730	-0.4438	-0.1644	0.3547
AT1G11740	-0.212	-0.301	-0.2805
AT1G11750	-0.1227	0.1743	-0.0254
AT1G11755	-0.2101	0.0147	0.1712
AT1G11760	0.0451	-0.2163	-0.0543
AT1G11780	-0.1994	0.0566	0.1167
AT1G11790	-0.3372	-0.0665	0.1533
AT1G11800	-0.1373	0.2886	-0.0657
AT1G11820	-0.3582	-0.208	0.2417
AT1G11840	-0.5352	0.1752	0.0241
AT1G11860	-0.0967	0.0916	-0.0842
AT1G11870	-0.0545	0.1924	0.1997
AT1G11880	-0.1655	0.2794	0.2162
AT1G11890	0.0474	0.5805	0.0308
AT1G11900	-0.1152	0.0066	0.119
AT1G11905	-0.051	0.305	-0.0176
AT1G11910	-0.1319	-0.0324	-0.3011
AT1G11930	-0.0966	-0.1718	0.2834
AT1G11940	0.0084	0.2849	0.3624
AT1G11950	-0.1113	-0.0373	0.4593
AT1G11960	-0.0021	0.9398	0.1885
AT1G12000	-0.1145	0.6315	0.0811
AT1G12020	0.0548	0.1181	0.2071
AT1G12050	-0.1089	0.1259	0.2849
AT1G12060	-0.2555	0.5076	-0.0863
AT1G12070	0.0684	0.3737	0.2839
AT1G12080	-0.1256	0.4301	-0.0627
AT1G12090	0.4548	1.1227	-0.4125
AT1G12110	-0.097	1.1141	-0.2266
AT1G12120	-0.4397	-0.2675	0.2907
AT1G12140	-0.2887	0.3226	-0.0717
AT1G12160	-0.1522	-0.2706	0.3712
AT1G12200	0.1068	0.8673	0.4625
AT1G12210	-0.2077	0.2335	0.1064
AT1G12220	0.0578	-0.1249	0.2352
AT1G12230	-0.2728	-0.0205	-0.0153
AT1G12240	-0.24	0.0655	-0.0501
AT1G12244	-0.2481	0.0473	0.1777
AT1G12250	-0.2411	-0.2093	-0.009
AT1G12270	0.0899	0.1242	0.2029
AT1G12280	-0.4347	-0.359	-0.0123
AT1G12290	0.0528	0.1378	-0.0033
AT1G12300	-0.1733	-0.2909	0.1974
AT1G12310	-0.1465	0.1449	-0.2103
AT1G12320	0.7586	0.2221	-0.0061
AT1G12330	0.036	-0.2107	-0.0316
AT1G12350	-0.2246	0.1482	-0.0332
AT1G12360	-0.0431	0.07	0.1539
AT1G12370	-0.3197	-0.1027	0.0821
AT1G12380	-0.7213	-0.4446	0.0688
AT1G12390	-0.1503	-0.3964	0.0625
AT1G12400	-0.3715	-0.3142	-0.1039
AT1G12410	-0.1285	-0.2157	0.0728
AT1G12420	-0.4215	-0.1139	0.1245
AT1G12430	-0.1618	0.2824	0.1148
AT1G12440	-0.0961	-0.6082	-0.0899
AT1G12450	-0.0741	0.0333	0.1206
AT1G12460	-0.062	-0.3852	0.229
AT1G12470	0.1091	0.231	0.1283
AT1G12500	-0.2655	0.5425	0.1473
AT1G12520	0.0902	-0.2882	0.0343
AT1G12530	-0.2082	0.2009	0.1227
AT1G12550	-0.5729	0.0922	-0.0556
AT1G12580	-0.1943	-0.1093	-0.1098
AT1G12620	0.1393	0.231	0.2482
AT1G12640	-0.1743	-0.6834	-0.0247
AT1G12650	-0.077	0.2004	0.2811
AT1G12680	0.124	-0.0261	0.0351
AT1G12700	-0.1754	-0.1819	0.3947
AT1G12710	0.0481	0.0539	-0.0131
AT1G12730	-0.2904	-0.6767	0.1172
AT1G12750	-0.2575	0.5097	-0.1912
AT1G12760	-0.2347	0.1524	-0.1205
AT1G12770	0.0374	-0.1432	0.3589
AT1G12775	-0.1961	0.115	0.0774
AT1G12780	0.1101	-0.3264	0.048
AT1G12790	0.115	-0.1754	0.2461
AT1G12800	-0.0211	0.3813	0.2657
AT1G12810	-0.0539	-0.0928	-0.1024
AT1G12820	0.0034	0.1216	0.0403
AT1G12840	-0.2464	0.2047	-0.1796
AT1G12845	0.4422	0.6931	-0.2051
AT1G12850	-0.0189	0.2735	0.0042
AT1G12860	0.2217	-0.5956	0.1776
AT1G12880	0.3767	0.9098	0.283
AT1G12900	0.0443	-0.0575	-0.3013
AT1G12910	-0.1105	-0.7487	0.1305
AT1G12920	-0.1097	-0.2076	0.1501
AT1G12930	-0.2362	-0.0385	-0.0026
AT1G12950	-0.0043	-0.1194	0.1703
AT1G12970	0.0159	0.1696	-0.08
AT1G12990	-0.0608	0.3272	0.0464
AT1G13000	0.0626	0.4178	0.3688
AT1G13020	0.0659	0.1028	0.0375
AT1G13030	-0.1084	0.1049	0.3968
AT1G13040	-0.2263	-0.4193	0.2928
AT1G13050	-0.1415	0.2882	0.384
AT1G13060	0.1017	0.3784	-0.0136
AT1G13080	-0.1831	-0.5751	-0.5888
AT1G13090	-0.2073	0.0742	0.094
AT1G13100	0.0077	0.1613	-0.076
AT1G13110	0.4486	0.9289	-0.2676
AT1G13120	-0.0885	0.3099	0.5774
AT1G13160	0.0028	0.2979	0.3012
AT1G13170	-0.0079	0.566	0.2415
AT1G13180	-0.0455	0.4169	0.1723
AT1G13190	0.1002	0.0293	0.1094
AT1G13195	-0.2836	0.1	-0.2079
AT1G13210	0.2192	0.5469	0.1493
AT1G13220	-0.1531	0.1624	0.6168
AT1G13245	0.1135	-0.9312	0.0563
AT1G13250	-0.6068	0.017	-0.0984
AT1G13260	0.7683	-0.3765	0.7979
AT1G13270	-0.1137	-0.137	0.0942
AT1G13280	-0.0327	0.2372	0.0102
AT1G13320	-0.1425	0.002	0.0351
AT1G13330	-0.1669	0.1931	0.2834
AT1G13350	0.1463	-0.0937	0.3721
AT1G13360	-0.4042	-0.6955	-0.3835
AT1G13380	-0.0207	0.0074	0.1648
AT1G13390	-0.0472	0.0247	0.0363
AT1G13410	-0.1056	-0.0352	0.0622
AT1G13420	-0.1876	0.5383	0.3527
AT1G13430	-0.0881	0.9073	-0.0755
AT1G13440	-0.2669	0.4811	-0.3172
AT1G13448	0.1138	0.2975	0.0975
AT1G13450	-0.0691	-0.385	0.2798
AT1G13460	-0.4303	0.0665	0.0819
AT1G13530	0.3117	-0.2729	0.1647
AT1G13560	-0.0501	-0.1192	0.1396
AT1G13570	-0.0895	-0.4787	0.408
AT1G13580	-0.1592	0.0676	0.1437
AT1G13630	-0.1913	0.1866	-0.1073
AT1G13640	0.3356	-0.1043	-0.1008
AT1G13670	-0.4511	0.3129	-0.6627
AT1G13690	0.0756	0.0804	0.1021
AT1G13700	-0.1642	-1.015	0.0259
AT1G13710	-0.3364	0.5783	0.5219
AT1G13730	0.0005	0.0173	0.2224
AT1G13740	-0.3526	0.2473	-0.4095
AT1G13750	0.2443	-0.0624	0.1169
AT1G13770	-0.0209	0.3565	0.2784
AT1G13780	-0.1149	-0.0655	-0.087
AT1G13790	-0.2747	0.553	0.4549
AT1G13800	-0.4028	0.2204	-0.028
AT1G13810	-0.1223	0.206	0.2257
AT1G13820	0.0358	-0.2502	0.3162
AT1G13860	-0.5665	0.2503	0.0364
AT1G13870	0.0364	0.2388	0.0463
AT1G13880	-0.0685	0.0719	-0.0313
AT1G13900	-0.3722	0.0941	-0.1212
AT1G13910	-0.3092	-0.1338	0.1776
AT1G13920	0.029	0.5182	-0.0318
AT1G13930	-0.2006	0.4658	-0.3638
AT1G13940	0.0681	0.057	0.2119
AT1G13950	-0.0235	-0.248	0.0625
AT1G13960	-0.0265	-0.3485	0.047
AT1G13970	-0.6132	-0.3619	0.1847
AT1G13980	-0.0887	-0.387	0.2116
AT1G13990	0.067	-0.3658	0.0521
AT1G14000	-0.0697	0.3675	0.0353
AT1G14010	-0.0097	0.4772	-0.0101
AT1G14020	-0.1085	0.3056	-0.0062
AT1G14030	-0.197	0.0067	0.1155
AT1G14040	-0.1768	0.3625	0.2957
AT1G14060	-0.2952	0.3926	0.1465
AT1G14120	-0.2075	-0.424	1.0023
AT1G14130	-0.1876	-0.173	0.2362
AT1G14140	0.0545	-0.0238	0.2663
AT1G14170	-0.1894	0.7693	-0.0502
AT1G14180	-0.0073	0.0777	0.1408
AT1G14190	-0.3533	0.3134	-0.0719
AT1G14200	0.3706	0.4221	-0.31
AT1G14205	-0.1292	0.1062	0.0595
AT1G14210	0.0242	1.1571	0.0993
AT1G14230	-0.3068	0.3005	0.1633
AT1G14240	-0.0757	-0.4833	0.2457
AT1G14270	-0.1226	0.5472	0.1574
AT1G14280	-0.1323	0.8094	-0.1694
AT1G14290	-0.3418	-0.235	-0.1334
AT1G14300	0.0145	0.1993	0.1956
AT1G14310	-0.0521	0.1295	0.1487
AT1G14320	0.037	0.5079	-0.0441
AT1G14330	-0.1881	0.2317	-0.3111
AT1G14340	-0.2647	0.2165	-0.1172
AT1G14345	-0.306	0.141	-0.4956
AT1G14350	-0.264	-0.1691	0.0802
AT1G14360	0.1174	0.46	0.3117
AT1G14370	0.3837	0.7414	-0.0686
AT1G14380	-0.1742	0.5374	-0.069
AT1G14390	0.1503	0.869	0.0239
AT1G14400	-0.0086	0.1075	-0.0755
AT1G14410	-0.2618	-0.0836	0.0156
AT1G14430	0.2398	0.2178	0.1095
AT1G14450	-0.1376	0.239	-0.2122
AT1G14460	-0.2295	0.3387	0.0791
AT1G14480	0.0454	0.6386	-0.0126
AT1G14510	0.1094	0.3791	0.0959
AT1G14520	-0.3573	-0.9935	-0.3867
AT1G14530	-0.1503	-0.0352	0.0641
AT1G14560	-0.2028	0.4036	0.0745
AT1G14570	-0.0873	0.0514	0.2888
AT1G14580	-0.4395	0.2502	-0.3771
AT1G14590	-0.2063	0.0414	0.2117
AT1G14600	-0.4021	0.4642	-0.0744
AT1G14610	0.0385	-0.1893	0.2855
AT1G14620	-0.1111	0.0973	0.2798
AT1G14630	-0.9484	-0.1898	0.3002
AT1G14640	-0.1248	-0.173	0.0837
AT1G14650	0.1518	-0.1963	0.2682
AT1G14660	-0.0593	0.2547	0.105
AT1G14670	0.116	0.2734	0.1437
AT1G14680	-0.458	-0.6133	-0.072
AT1G14685	0.027	0.1303	0.1732
AT1G14687	0.1664	0.2296	-0.1051
AT1G14690	-0.1703	-0.2835	0.2374
AT1G14700	-0.3704	-0.1087	-0.1911
AT1G14710	0.0583	0.406	0.347
AT1G14720	-0.5474	0.1422	-0.0721
AT1G14730	-0.4485	0.8417	0.069
AT1G14740	0.0111	-0.2716	0.1149
AT1G14750	0.1364	0.193	0.4261
AT1G14770	-0.0433	-0.0876	0.2873
AT1G14780	-0.132	0.1701	-0.2686
AT1G14790	-0.4357	-0.3455	0.4803
AT1G14810	-0.0124	0.3296	0.147
AT1G14820	0.0849	0.2302	0.3851
AT1G14830	-0.0211	0.3006	0.0705
AT1G14840	0.1406	0.3647	0.2696
AT1G14850	0.3017	-0.1563	0.1329
AT1G14860	0.411	0.0496	-0.1149
AT1G14870	0.5677	0.1118	-0.3161
AT1G14890	-0.0755	0.3854	0.3188
AT1G14900	0.02	0.0379	0.1248
AT1G14910	0.0082	0.2333	0.2638
AT1G14920	0.2194	0.3618	0.2264
AT1G14970	-0.1901	0.4704	0.2721
AT1G14980	-0.072	0.5289	-0.0209
AT1G14990	-0.0308	0.4571	-0.0131
AT1G15002	-0.0272	0.0726	0.0032
AT1G15020	-0.0733	-0.2041	0.2013
AT1G15030	0.0161	0.2459	0.302
AT1G15040	1.2863	-0.7819	0.6226
AT1G15060	0.0326	0.1106	0.0847
AT1G15080	-0.5094	-0.0318	-0.1282
AT1G15100	-0.3528	0.2022	-0.7015
AT1G15110	0.0185	0.4026	-0.0481
AT1G15120	-0.2429	0.0195	-0.3368
AT1G15125	0.4329	0.0718	0.2222
AT1G15130	0.0405	0.1087	-0.0155
AT1G15140	0.1723	0.7546	0.1402
AT1G15170	0.561	-0.231	0.1756
AT1G15175	0.22	-0.2763	-0.1025
AT1G15190	0.1675	0.0888	-0.1334
AT1G15200	0.2079	0.1609	0.3505
AT1G15210	0.2016	0.3195	-0.0717
AT1G15215	0.1291	0.2869	0.1379
AT1G15220	0.0243	-0.3127	0.0612
AT1G15230	-0.1019	-0.5624	-0.0041
AT1G15240	0.1384	0.1923	0.2031
AT1G15250	0.066	0.1368	0.0117
AT1G15260	-0.3434	-0.0067	0.81
AT1G15270	-0.1066	0.2177	-0.1007
AT1G15280	0.1021	-0.032	0.0441
AT1G15290	-0.01	-0.1689	0.0188
AT1G15310	0.0427	0.7387	0.1796
AT1G15330	1.5542	-0.1575	0.3156
AT1G15340	0.0274	-0.3715	0.0905
AT1G15350	-0.0768	-0.2052	-0.2444
AT1G15370	0.0054	0.487	-0.0631
AT1G15380	-0.3765	-0.9712	-0.3416
AT1G15390	-0.0657	-0.5054	0.2157
AT1G15400	-0.052	-0.1181	-0.2379
AT1G15405	0.6894	-0.07	0.2306
AT1G15410	0.1767	1.2644	0.228
AT1G15420	0.0044	0.387	0.1984
AT1G15430	0.1713	0.2123	0.0468
AT1G15440	0.128	0.3126	0.1155
AT1G15470	-0.0423	0.2614	0.2126
AT1G15480	-0.053	0.0448	0.2859
AT1G15490	-0.0464	0.6038	-0.0338
AT1G15500	-0.1653	-0.6032	0.1122
AT1G15510	-0.2859	-0.1235	0.1345
AT1G15530	-0.1248	-0.3062	-0.2761
AT1G15550	0.6767	2.1481	0.0451
AT1G15570	-0.2372	-0.5023	0.3411
AT1G15660	-0.192	-0.4296	0.1241
AT1G15670	0.865	0.8046	0.1269
AT1G15690	0.1668	-0.178	0.0418
AT1G15700	0.0064	0.6916	0.3536
AT1G15710	-0.179	0.2669	-0.0206
AT1G15720	-0.1703	-0.5308	0.0819
AT1G15730	0.1984	0.6243	0.1507
AT1G15740	-0.0845	-0.1729	-0.0685
AT1G15750	0.1549	-0.0753	0.2219
AT1G15760	-0.1172	0.5215	-0.2881
AT1G15780	0.126	0.2986	0.0682
AT1G15800	0.0014	-0.0507	-0.0356
AT1G15810	-0.1307	-0.0759	0.1477
AT1G15820	-0.156	0.5996	-0.3918
AT1G15860	-0.2287	0.19	-0.084
AT1G15870	-0.1028	-0.142	0.2609
AT1G15880	-0.2382	-0.6551	0.0311
AT1G15900	0.2138	0.439	0.0149
AT1G15910	-0.0673	-0.5269	0.4111
AT1G15920	-0.136	-0.5338	0.0735
AT1G15930	0.0845	-0.1219	0.0685
AT1G15940	0.0273	-0.1898	0.47
AT1G15950	-0.412	0.0633	-0.1649
AT1G15960	-0.1176	0.2856	-0.057
AT1G15970	-0.2849	0.2268	0.0044
AT1G16000	-0.1258	0.5102	-0.0412
AT1G16010	-0.1802	0.1885	0.006
AT1G16020	-0.1593	0.2514	-0.0099
AT1G16030	0.5258	-0.4748	0.2896
AT1G16040	-0.1014	0.4045	-0.0313
AT1G16060	-0.3554	-0.089	-0.1306
AT1G16070	-0.7435	-0.4816	0.3897
AT1G16080	-0.4233	-0.3529	0.0878
AT1G16110	0.2252	0.4096	0.013
AT1G16130	0.4579	1.1035	0.1688
AT1G16170	-0.2294	0.064	-0.0612
AT1G16180	-0.4128	0.2301	-0.2659
AT1G16190	0.0873	0.7418	0.1859
AT1G16210	-0.0912	0.2102	0.014
AT1G16220	-0.4774	-0.0581	0.3154
AT1G16240	-0.0099	-0.1006	-0.0242
AT1G16250	0.0151	-0.0989	0.1768
AT1G16270	0.143	0.1119	0.2301
AT1G16280	-0.0948	0.1448	0.1327
AT1G16300	0.0817	0.5571	0.1977
AT1G16320	-0.214	-0.7166	-0.1715
AT1G16330	-0.3439	-0.5404	0.339
AT1G16340	-0.1759	0.1838	0.4049
AT1G16350	-0.2343	0.1018	0.1327
AT1G16370	0.0345	0.9987	-0.2659
AT1G16390	0.447	0.336	-0.1402
AT1G16430	-0.014	0.2605	0.1423
AT1G16445	-0.2122	0.0742	0.0102
AT1G16460	-0.3053	-0.1771	0.152
AT1G16470	-0.1056	0.6587	-0.1586
AT1G16480	-0.1373	0.1726	0.23
AT1G16489	-0.1461	0.3731	0.2381
AT1G16500	-0.4751	0.4839	0.1539
AT1G16510	-0.0776	1.1586	-0.2042
AT1G16515	-0.7385	0.2256	-0.3085
AT1G16520	-0.4008	-0.4466	0.1281
AT1G16540	-0.0853	0.3013	0.0426
AT1G16560	-0.2275	0.1185	-0.0068
AT1G16570	-0.0459	0.1174	0.312
AT1G16590	0.103	-0.2582	0.2219
AT1G16610	0.0533	0.1855	0.0978
AT1G16630	-0.2855	-0.609	0.2427
AT1G16640	-0.1078	0.1706	0.0901
AT1G16650	0.1685	0.617	0.2472
AT1G16670	-0.2531	0.159	-0.0419
AT1G16680	-0.0333	0.1047	0.3381
AT1G16690	-0.0432	0.311	0.1497
AT1G16700	-0.2865	0.0074	-0.1508
AT1G16710	0.0595	-0.0545	0.2525
AT1G16720	-0.2953	-0.4975	-0.113
AT1G16740	0.0655	0.5655	0.1513
AT1G16750	-0.0403	0.6099	0.0046
AT1G16780	-0.1048	0.1654	0.4294
AT1G16790	-0.1648	-0.1189	-0.0158
AT1G16800	0.3183	0.0338	0.4715
AT1G16810	0.0221	0.0167	0.2286
AT1G16820	-0.1495	-0.1914	0.3155
AT1G16825	0.0371	0.2344	0.109
AT1G16830	-0.1578	0.093	0.2127
AT1G16840	-0.1429	-0.1658	-0.0322
AT1G16850	0.9387	1.112	-0.0856
AT1G16860	-0.1648	0.4705	-0.1473
AT1G16870	-0.09	0.2322	0.181
AT1G16880	-0.1951	0.2595	-0.1528
AT1G16890	-0.1026	-0.0215	0.0035
AT1G16900	0.0911	0.0073	0.2386
AT1G16916	-0.2211	0.1565	-0.2015
AT1G16920	0.0107	-0.1708	0.1969
AT1G16930	-0.1951	0.1049	-0.0083
AT1G16970	-0.2807	-0.1615	0.1557
AT1G17020	0.2007	0.4699	0.3979
AT1G17040	0.1503	0.2597	0.1849
AT1G17050	-0.4362	-0.2538	-0.2227
AT1G17060	-0.2461	0.3065	-0.2571
AT1G17070	0.0586	-0.0544	0.1331
AT1G17080	0.0117	0.636	-0.208
AT1G17090	-0.4931	-0.3321	-0.4765
AT1G17100	-0.1642	-0.6975	-0.3555
AT1G17110	-0.0131	0.1787	0.2029
AT1G17120	-0.3095	-0.4738	0.0222
AT1G17130	-0.086	0.5085	0.1076
AT1G17140	-0.2613	-0.0689	0.1845
AT1G17145	0.1935	-0.0477	0.1516
AT1G17147	0.1086	-0.716	0.3291
AT1G17160	-0.1353	-0.1644	0.1046
AT1G17170	0.08	0.2087	0.0321
AT1G17180	0.5063	0.2971	0.5459
AT1G17190	-0.1497	0.2488	0.2405
AT1G17200	0.15	-0.3357	0.2296
AT1G17210	0.0074	-0.3808	0.1663
AT1G17220	0.0549	-0.0159	-0.065
AT1G17230	0.295	0.8066	0.3466
AT1G17232	-0.054	-0.5253	0.2663
AT1G17255	-0.009	0.195	0.3144
AT1G17270	-0.2241	-0.0048	0.2735
AT1G17280	-0.124	0.112	0.0995
AT1G17290	-0.0807	0.199	0.0453
AT1G17330	-0.0498	-0.0018	0.1794
AT1G17340	-0.0674	0.1816	-0.2923
AT1G17345	1.0648	0.8667	0.5517
AT1G17350	-0.0298	0.2334	0.0912
AT1G17360	-0.1805	0.3452	0.2075
AT1G17370	0.1587	0.3051	0.0722
AT1G17380	-0.4553	0.1927	0.4647
AT1G17410	-0.012	-0.1051	0.1065
AT1G17430	0.2352	0.3082	0.2013
AT1G17440	-0.0245	0.2942	0.1272
AT1G17450	0.2871	-0.2249	0.1006
AT1G17455	-0.2465	-0.3148	0.0644
AT1G17460	-0.0369	-0.1908	0.2254
AT1G17470	0.0469	-0.2442	0.2667
AT1G17480	-0.5605	-0.3165	0.0606
AT1G17490	-0.0251	0.1401	-0.0244
AT1G17500	0.1385	0.5179	0.2272
AT1G17510	0.1197	0.4792	0.0334
AT1G17520	-0.0641	-0.0614	0.1262
AT1G17530	0.2526	-0.5565	0.1393
AT1G17550	-0.0848	-0.1191	0.3065
AT1G17560	-0.1782	0.0943	0.4593
AT1G17580	0.2363	-0.1279	0.1963
AT1G17590	-0.5475	0.0444	0.3527
AT1G17620	-0.3288	0.7072	-0.1183
AT1G17630	-0.1959	-0.1481	0.4839
AT1G17640	0.1119	-0.5086	0.3724
AT1G17650	-0.1427	0.2497	-0.0165
AT1G17665	0.0557	-0.4706	0.2286
AT1G17680	0.1599	-0.207	0.2955
AT1G17690	0.0931	0.4524	0.2732
AT1G17720	-0.0048	0.28	-0.1318
AT1G17730	-0.0359	0.3479	-0.0915
AT1G17745	0.0298	0.7975	0.028
AT1G17750	-0.2725	0.5167	-0.0036
AT1G17760	0.0639	-0.1643	0.2381
AT1G17780	-0.1416	-0.0487	0.0784
AT1G17790	0.0831	-0.1193	0.1663
AT1G17820	0.0207	0.0242	0.0726
AT1G17830	0.4799	0.9844	-0.0009
AT1G17840	0.6229	0.1355	0.2247
AT1G17850	-0.1161	-0.1927	0.5953
AT1G17860	-0.7932	-0.7763	-0.1577
AT1G17870	0.2621	0.3297	0.1119
AT1G17880	0.0906	0.1919	-0.0628
AT1G17890	-0.1252	0.4852	0.0955
AT1G17920	-0.0894	-0.2149	0.2141
AT1G17930	-0.1779	-0.0731	0.2829
AT1G17940	-0.1485	0.0153	0.0642
AT1G17960	-0.1053	0.1091	-0.182
AT1G17970	-0.3674	0.0748	-0.1529
AT1G17980	0.3268	1.1093	0.1562
AT1G18000	1.4447	1.0806	0.8676
AT1G18010	-0.3336	0.7253	-0.6267
AT1G18020	1.3973	1.4952	0.1848
AT1G18030	0.3714	0.9591	0.1126
AT1G18040	-0.1629	0.0489	0.1511
AT1G18060	-0.261	-0.1101	-0.1281
AT1G18070	0.1062	0.2826	0.111
AT1G18080	0.1047	0.2697	0.0825
AT1G18090	-0.4627	-0.1629	0.1902
AT1G18100	0.6107	1.1911	0.7722
AT1G18140	-0.7308	0.1707	-0.3055
AT1G18150	-0.2889	0.1548	-0.1053
AT1G18160	-0.2478	0.0393	0.0799
AT1G18170	-0.0391	0.019	-0.007
AT1G18180	0.1353	0.3277	0.1931
AT1G18190	0.0531	0.4154	0.1311
AT1G18200	-0.1185	0.3756	0.0946
AT1G18210	0.2267	1.0079	-0.0811
AT1G18250	-0.4213	-0.4253	0.3295
AT1G18260	-0.0076	-0.0328	0.0507
AT1G18265	0.3737	-0.511	0.3266
AT1G18270	-0.187	-0.1982	-0.0657
AT1G18290	0.4281	1.3306	-0.0048
AT1G18300	0.3737	0.3575	0.2043
AT1G18330	-0.3863	-0.1286	-0.9255
AT1G18335	-0.2251	-0.1349	0.1623
AT1G18340	0.0221	0.0853	0.1904
AT1G18360	-0.2391	-0.0136	-0.0366
AT1G18370	-0.3843	-0.9671	0.3147
AT1G18390	-0.2932	0.4462	-0.1141
AT1G18400	0.4355	2.408	-0.4131
AT1G18415	-0.0332	0.5798	0.1179
AT1G18440	-0.0931	0.3537	0.2697
AT1G18450	-0.0621	-0.1038	0.2293
AT1G18460	-0.4295	-0.807	-0.047
AT1G18470	-0.0838	0.0638	-0.1216
AT1G18480	0.059	0.1526	0.0752
AT1G18490	-0.0721	0.2183	0.1127
AT1G18500	0.0789	0.3328	0.1854
AT1G18540	-0.0256	0.2843	0.0045
AT1G18550	-0.0455	-0.1863	0.1808
AT1G18560	-0.2889	-0.1995	-0.1074
AT1G18570	1.0508	0.6943	0.8106
AT1G18580	-0.1098	0.3041	0.1396
AT1G18590	-0.4007	0.4062	0.0243
AT1G18600	-0.1374	0.2192	0.112
AT1G18610	-0.2401	-0.0326	0.2125
AT1G18620	0.1006	0.2529	0.3987
AT1G18630	-0.0399	0.1738	0.2129
AT1G18640	-0.0126	0.2907	0.2012
AT1G18650	-0.0206	-0.0281	0.1095
AT1G18660	-0.3331	0.0602	0.0965
AT1G18670	-0.6152	-0.0315	0.3517
AT1G18680	-0.0862	-0.5687	0.2051
AT1G18690	-0.0823	-0.4466	0.148
AT1G18700	0.1225	-0.056	0.1098
AT1G18720	-0.3004	0.02	-0.1323
AT1G18730	-0.0509	0.0913	-0.3611
AT1G18740	-0.0577	0.5107	-0.2155
AT1G18745	-0.2904	0.0402	0.2322
AT1G18750	0.1901	-0.3046	0.3139
AT1G18773	-0.2962	-0.9898	0.157
AT1G18800	-0.3693	0.6386	0.1047
AT1G18840	0.0668	0.8492	0.1858
AT1G18850	-0.0833	0.3473	0.0096
AT1G18870	0.3988	1.2957	0.9502
AT1G18880	-0.3636	0.1729	-0.0211
AT1G18890	-0.1808	0.258	-0.0093
AT1G18900	-0.163	-0.1701	0.1019
AT1G18910	-0.121	0.5989	0.2316
AT1G18950	0.125	0.0553	0.3437
AT1G18980	-0.0285	-0.1265	-0.0232
AT1G19000	-0.1221	-0.5396	0.1351
AT1G19010	-0.0064	-0.1191	0.181
AT1G19020	-0.0287	0.278	0.0595
AT1G19025	-0.0973	0.1127	0.1429
AT1G19050	-0.7912	1.2705	0.3288
AT1G19080	0.034	0.4583	0.1567
AT1G19100	-0.0485	0.212	0.2142
AT1G19110	-0.2989	-0.2305	-0.0595
AT1G19120	-0.123	0.1788	-0.0003
AT1G19130	0.0404	0.4367	0.0161
AT1G19140	-0.0223	-0.0877	0.0732
AT1G19170	-0.2669	-0.0091	0.0504
AT1G19180	0.0658	1.4031	0.1345
AT1G19190	-0.3791	0.4439	-0.0482
AT1G19200	-0.0418	0.1795	-0.1884
AT1G19220	0.0923	0.2302	0.4327
AT1G19240	-0.1206	0.4051	-0.1107
AT1G19270	-0.0619	0.2743	0.1973
AT1G19290	-0.055	0.113	0.3482
AT1G19300	-0.2862	0.3348	-0.1078
AT1G19310	0.1662	0.4556	-0.0741
AT1G19330	-0.2717	0.6557	0.2912
AT1G19340	0.2353	1.1136	0.597
AT1G19350	0.1383	0.8046	0.2
AT1G19360	-0.1188	0.5481	-0.0072
AT1G19370	-0.076	-0.1749	0.1095
AT1G19380	0.0113	0.5414	0.4204
AT1G19396	0.2404	-0.2255	0.1631
AT1G19397	0.1465	0.1333	0.2268
AT1G19400	-0.0654	-0.6227	0.0327
AT1G19430	0.0791	0.4048	0.1549
AT1G19440	-0.1788	0.2449	-0.1703
AT1G19450	-0.0878	1.1141	-0.069
AT1G19480	-0.1004	-0.0385	-0.1813
AT1G19485	-0.026	0.0235	0.2891
AT1G19490	-0.1058	-0.3553	0.0316
AT1G19520	-0.0321	-0.1344	0.1028
AT1G19530	1.2038	-0.2657	1.0607
AT1G19540	-0.1129	0.195	0.3222
AT1G19570	-0.6889	0.284	-0.0238
AT1G19580	-0.2597	0.1786	-0.0659
AT1G19600	-0.2435	-0.3529	0.1702
AT1G19650	-0.2659	0.2397	0.0237
AT1G19660	-0.178	-0.946	-0.0526
AT1G19680	-0.2835	-0.9165	0.2944
AT1G19690	0.1338	0.9619	0.2605
AT1G19700	-0.535	-0.6436	-0.0829
AT1G19710	-0.369	0.2954	0.3519
AT1G19715	-0.3533	0.1726	-0.0307
AT1G19720	0.1114	-0.3826	-0.3816
AT1G19730	0.053	0.2995	0.1547
AT1G19740	0.1372	-0.324	-0.0532
AT1G19750	0.0481	0.2448	0.0219
AT1G19770	0.2705	0.7248	0.143
AT1G19780	0.1491	-0.0592	0.1165
AT1G19790	0.4279	0.4738	-0.0437
AT1G19800	0.0195	0.3227	0.1989
AT1G19835	-0.0861	0.0869	-0.0034
AT1G19840	0.0704	0.7062	-0.2316
AT1G19850	-0.11	-0.475	0.0579
AT1G19860	-0.0813	-0.3097	0.1834
AT1G19870	-0.059	-0.0368	0.1549
AT1G19880	-0.0769	0.156	0.2163
AT1G19910	0.0095	0.2351	-0.1762
AT1G19920	-0.2409	0.314	-0.0098
AT1G19950	-0.2088	0.0915	0.2515
AT1G19960	-0.0775	-2.2343	0.2086
AT1G19970	-0.0453	0.2846	0.083
AT1G19980	-0.2221	-0.423	0.2072
AT1G19990	-0.0934	0.1853	0.269
AT1G20010	-0.1875	0.141	-0.1127
AT1G20020	-0.1477	0.4213	-0.3546
AT1G20030	-0.3211	-0.3692	0.1421
AT1G20050	0.0058	-0.2098	-0.0493
AT1G20060	-0.2867	-0.4835	0.4892
AT1G20070	-0.0561	0.3933	0.5746
AT1G20090	-0.1951	0.0375	-0.0269
AT1G20100	0.0822	0.635	0.1244
AT1G20110	0.0237	0.5783	-0.1935
AT1G20140	0.0593	0.3783	0.1345
AT1G20160	-0.2555	0.1441	0.1802
AT1G20190	0.5014	1.7589	0.1494
AT1G20200	-0.0005	0.1907	-0.0339
AT1G20220	0.0912	0.1433	0.2811
AT1G20225	-0.1759	0.1346	-0.0342
AT1G20230	-0.0768	-0.1346	0.3888
AT1G20260	-0.3245	0.0034	-0.1655
AT1G20270	-0.1	0.6027	0.209
AT1G20300	-0.0685	0.226	-0.0225
AT1G20330	-0.0286	0.1897	-0.0286
AT1G20340	-0.1552	0.1602	-0.4876
AT1G20370	-0.0551	0.0648	0.3071
AT1G20380	-0.4722	0.1535	0.0586
AT1G20410	-0.3991	0.1531	0.3052
AT1G20430	-0.2373	-0.2663	-0.0655
AT1G20440	-0.4927	0.2909	-0.4432
AT1G20450	-0.4772	0.8193	-0.2898
AT1G20460	-0.2567	-0.401	-0.0741
AT1G20470	-0.0443	-0.315	0.1554
AT1G20480	-0.276	-0.6483	0.3652
AT1G20490	0.0247	-0.4681	0.3316
AT1G20510	0.024	0.8427	0.1965
AT1G20515	-0.1576	0.2267	0.2454
AT1G20540	-0.1619	0.0078	0.1789
AT1G20550	-0.0703	-0.0147	0.1448
AT1G20560	-0.1464	0.3471	0.2755
AT1G20570	-0.063	-0.0927	0.3906
AT1G20575	-0.0274	0.2341	0.1192
AT1G20580	0.0066	0.2102	0.0791
AT1G20610	-0.3486	-0.8528	0.3416
AT1G20620	0.2172	-0.3761	0.1699
AT1G20630	0.349	-1.1639	0.3594
AT1G20640	0.0865	0.4667	0.0544
AT1G20650	-0.3286	-0.5461	-0.0717
AT1G20670	-0.0962	0.02	0.2975
AT1G20691	-0.1668	-0.2168	0.0647
AT1G20693	-0.3683	-0.4284	-0.103
AT1G20696	-0.1404	0.0313	-0.0536
AT1G20720	-0.1878	-0.25	0.4605
AT1G20760	0.077	0.0807	0.216
AT1G20770	-0.0948	0.4156	0.029
AT1G20780	0.244	0.7764	-0.1754
AT1G20810	-0.0198	0.0908	0.034
AT1G20816	-0.225	-0.2374	0.3037
AT1G20823	-0.2111	0.8681	-0.5751
AT1G20830	-0.0554	0.2606	-0.042
AT1G20840	-0.1288	-0.2069	-0.2527
AT1G20850	-0.4286	0.7083	-0.0511
AT1G20870	0.0224	-0.3488	0.0949
AT1G20880	0.0151	0.0094	-0.1152
AT1G20890	-0.0584	0.1079	-0.0732
AT1G20900	0.2584	1.1101	-0.1379
AT1G20910	-0.0134	0.1977	0.1861
AT1G20920	0.273	0.2479	0.2087
AT1G20930	-0.2723	-0.6674	0.167
AT1G20950	-0.1844	0.468	0.0859
AT1G20960	0.3213	-0.034	0.0334
AT1G20970	0.1737	0.4638	0.3076
AT1G20980	0.1484	0.2878	0.2134
AT1G20990	-0.6437	0.4077	-0.0216
AT1G21000	0.2539	-0.3406	0.3352
AT1G21010	-0.4909	-0.388	-0.4319
AT1G21050	0.077	0.675	-0.169
AT1G21060	-0.0115	-0.2268	0.3386
AT1G21065	0.1028	0.0492	-0.0303
AT1G21070	-0.0721	0.3816	0.2197
AT1G21080	-0.1232	0.1435	0.0421
AT1G21090	-0.0761	-0.2833	0.1234
AT1G21100	-0.2695	-0.8574	0.179
AT1G21110	-0.801	-0.0561	-0.6176
AT1G21130	0.5589	-0.5484	-0.1224
AT1G21140	0.1775	0.2465	-0.5951
AT1G21150	-0.1168	-0.2177	0.3303
AT1G21160	0.0693	0.2417	0.1905
AT1G21170	0.0707	0.1788	0.2643
AT1G21190	-0.097	0.2177	-0.0678
AT1G21200	-0.2299	-0.0653	-0.01
AT1G21210	0.1656	0.3035	0.1043
AT1G21270	-0.3841	0.8029	0.3167
AT1G21280	-0.1034	-0.269	-0.0501
AT1G21310	0.1637	-0.6604	-0.1565
AT1G21326	0.7872	0.637	0.4092
AT1G21350	0.0867	0.2854	0.4006
AT1G21360	0.4191	0.0825	-0.6234
AT1G21370	-0.0046	0.3969	0.0732
AT1G21380	-0.1903	0.7143	-0.1741
AT1G21390	-0.4745	-0.0069	-0.0961
AT1G21400	0.7675	-0.0532	0.321
AT1G21410	-0.1547	-0.6007	-0.0058
AT1G21440	-0.6843	-0.1625	0.1859
AT1G21450	-0.1366	-0.4337	0.1215
AT1G21460	0.7599	-0.2955	0.306
AT1G21480	-0.0908	0.276	0.2424
AT1G21510	-0.6717	-0.4889	0.0474
AT1G21520	0.2107	-0.7423	0.3544
AT1G21560	-0.2748	-0.1325	0.4889
AT1G21580	0.3194	-0.0362	0.1682
AT1G21590	-0.0683	-0.2203	0.0845
AT1G21600	-0.2908	-0.44	0.1864
AT1G21610	-0.0918	-0.0503	0.1609
AT1G21630	0.172	0.0835	0.1108
AT1G21640	0.034	-0.4169	0.1115
AT1G21650	-0.0134	0.1281	0.3192
AT1G21651	0.1032	0.119	0.1
AT1G21660	-0.1571	0.0736	-0.1268
AT1G21670	-0.1261	-0.7808	-0.2052
AT1G21680	-0.1091	-2.6535	0.1529
AT1G21690	-0.1012	-0.0816	0.1852
AT1G21695	-0.0603	-0.0715	0.164
AT1G21700	-0.111	0.2267	0.1539
AT1G21710	-0.145	-0.4443	0.1325
AT1G21720	-0.0224	0.2634	-0.0234
AT1G21730	-0.0387	0.1584	0.2921
AT1G21740	0.27	0.0614	0.2652
AT1G21750	-0.0719	0.3656	0.1018
AT1G21760	-0.1813	-0.0726	-0.072
AT1G21770	-0.2626	-0.5903	-0.1047
AT1G21780	-0.0282	-0.1606	-0.2161
AT1G21790	-0.2303	-0.4444	0.2627
AT1G21810	-0.5893	-0.3608	0.0761
AT1G21830	0.1086	-0.0249	0.261
AT1G21840	0.0311	0.2138	0.0398
AT1G21880	-0.0059	0.4487	0.0945
AT1G21900	-0.1141	0.1957	-0.0577
AT1G21910	-0.066	1.2214	-0.0374
AT1G21920	0.0758	0.2695	0.0716
AT1G21930	-0.2486	-0.5677	-0.1086
AT1G21980	0.0642	0.8885	0.189
AT1G22020	-0.148	-0.2039	0.0447
AT1G22030	-0.4293	0.0068	0.0564
AT1G22040	-0.1069	-0.1701	0.0601
AT1G22050	-0.317	-0.1838	0.0727
AT1G22060	0.1572	0.2563	0.314
AT1G22065	-0.2525	0.5518	0.2217
AT1G22070	-0.0408	0.1837	-0.0129
AT1G22140	-0.0973	0.3186	-0.3595
AT1G22150	0.2151	0.9642	-1.0724
AT1G22160	0.1279	0.0353	0.283
AT1G22170	-0.3326	0.2119	-0.0836
AT1G22180	0.1712	0.9761	-0.1265
AT1G22190	0.1558	0.7383	0.0482
AT1G22200	-0.1455	0.1978	0.1425
AT1G22230	-0.2785	-0.0932	-0.212
AT1G22270	-0.04	-0.1373	-0.0545
AT1G22280	-0.1648	-0.0401	-0.1003
AT1G22300	-0.1091	0.8687	-0.0869
AT1G22310	0.0251	0.3047	0.2947
AT1G22330	0.1161	0.5844	0.0161
AT1G22360	0.7222	0.8287	0.2951
AT1G22400	0.5892	0.3896	0.3798
AT1G22403	-0.0788	0.4215	0.1657
AT1G22410	-0.3552	0.7802	-0.2616
AT1G22430	0.0578	0.0175	-0.33
AT1G22440	0.0147	-0.0567	0.2311
AT1G22450	-0.1153	0.0326	-0.0192
AT1G22470	-0.0454	0.2979	-0.4929
AT1G22500	-0.2696	-0.3416	-0.2096
AT1G22510	0.2588	0.8059	0.1178
AT1G22520	-0.0968	0.4927	-0.1343
AT1G22530	-0.0987	0.5139	-0.2891
AT1G22540	-0.2914	0.3308	-0.1532
AT1G22550	-0.4535	-0.2514	-0.3685
AT1G22570	0.2648	0.0107	0.095
AT1G22590	-0.0529	0.1747	-0.1258
AT1G22610	-1.0077	-0.5182	-0.6688
AT1G22620	0.111	0.2508	0.0815
AT1G22640	-0.585	-1.285	-0.2695
AT1G22650	-0.5369	0.205	-0.1169
AT1G22660	0.0638	0.2648	0.2333
AT1G22700	-0.1147	0.2482	0.0423
AT1G22710	-0.0382	0.3392	0.3617
AT1G22730	-0.1709	-0.1861	0.1788
AT1G22740	-0.4374	-0.0134	-0.5431
AT1G22750	-0.2425	0.1189	-0.208
AT1G22770	-0.7217	-2.6294	-0.418
AT1G22780	-0.0673	-0.105	-0.0318
AT1G22790	-0.0513	0.0865	0.1487
AT1G22800	0.0681	0.555	0.5005
AT1G22830	-0.1507	-0.0423	0.0876
AT1G22840	-0.1266	0.1138	-0.1812
AT1G22850	-0.2194	-0.0141	-0.033
AT1G22860	0.152	0.1919	0.098
AT1G22870	0.0892	0.0463	0.4042
AT1G22880	0.1864	0.136	0.1103
AT1G22882	-0.0236	0.4507	0.0887
AT1G22885	-0.0208	0.1791	-0.156
AT1G22890	-0.1618	-1.58	0.0759
AT1G22910	-0.1129	0.2454	-0.0725
AT1G22920	-0.0137	0.2769	0.1232
AT1G22930	-0.1319	-0.3059	-0.0231
AT1G22940	0.0353	0.2028	0.2341
AT1G22950	-0.2591	0.2434	0.2969
AT1G22960	-0.3739	-0.1569	0.0937
AT1G22970	-0.2296	0.051	0.1667
AT1G22985	-0.0412	-0.3014	-0.202
AT1G23000	-0.3445	-0.4847	0.5846
AT1G23010	-0.7305	-0.3876	-0.3677
AT1G23020	0.0457	1.3563	-0.2519
AT1G23030	-0.4373	0.3349	-0.2262
AT1G23040	-0.0999	0.4804	-0.324
AT1G23050	0.1509	-0.2262	0.0105
AT1G23060	0.3901	0.8237	0.2763
AT1G23080	0.4425	1.403	0.2019
AT1G23090	0.1471	0.5221	0.049
AT1G23100	-0.0981	0.1961	-0.0182
AT1G23120	-0.1117	-0.6248	-0.1369
AT1G23140	-0.0308	0.8598	-0.2944
AT1G23150	-0.4292	0.0271	-0.0487
AT1G23170	-0.2244	-0.2366	0.051
AT1G23180	-0.0525	0.0449	0.2338
AT1G23190	-0.0692	0.4868	-0.1117
AT1G23205	-0.267	-0.28	-0.1269
AT1G23220	-0.1573	0.2237	0.0715
AT1G23230	0.0611	0.3842	0.2127
AT1G23260	-0.1288	0.2746	0.0037
AT1G23280	-0.1717	0.3624	0.4931
AT1G23290	-0.0608	0.3138	-0.0223
AT1G23310	-0.0115	-0.7411	-0.2974
AT1G23330	-0.7905	0.0458	0.0592
AT1G23340	-0.2422	-0.7065	0.2715
AT1G23360	0.0911	0.7294	0.1922
AT1G23380	0.1212	0.061	-0.4241
AT1G23390	-0.1577	-1.8336	-0.0234
AT1G23400	-0.2177	-0.0718	0.1526
AT1G23440	-0.3277	-0.0164	-0.4751
AT1G23460	-0.5605	0.0361	-0.0809
AT1G23480	-0.0796	0.436	0.0701
AT1G23490	-0.0171	0.9088	-0.091
AT1G23530	-0.5167	-0.0819	-0.3359
AT1G23550	0.0692	-0.0911	-0.2867
AT1G23710	-0.1086	-0.3804	-0.5302
AT1G23730	0.7544	0.2877	0.8708
AT1G23740	0.1095	0.4203	-0.2679
AT1G23750	-0.0763	-0.2368	0.1913
AT1G23780	-0.0333	-0.0021	-0.0912
AT1G23790	-0.5923	-0.8483	0.3241
AT1G23800	-0.2776	0.7661	-0.2122
AT1G23820	-0.1552	-0.3761	0.0386
AT1G23850	-0.1897	-0.1104	0.2951
AT1G23860	0.1817	-0.3591	0.2606
AT1G23870	0.1859	-0.8042	-0.0021
AT1G23880	-0.208	-0.4458	0.1486
AT1G23890	-0.2651	-0.2488	0.1041
AT1G23900	0.0358	0.3146	-0.1481
AT1G23950	-0.0345	0.489	-0.228
AT1G23970	-0.0981	0.3811	0.1286
AT1G23980	-0.2227	0.0366	-0.1694
AT1G24020	-0.3996	-0.3732	-0.0944
AT1G24040	-0.1952	-0.0003	0.1761
AT1G24050	-0.1156	-0.1479	0.0032
AT1G24090	0.0243	0.3049	0.45
AT1G24095	-0.0687	0.4145	0.0408
AT1G24100	-0.4932	-0.1739	0.1947
AT1G24120	-0.0186	-0.0205	0.3117
AT1G24140	0.2067	0.4282	-0.1275
AT1G24150	-0.4135	0.1804	-0.0115
AT1G24160	0.1681	0.1582	0.3076
AT1G24170	-0.1989	0.1611	-0.3134
AT1G24180	-0.2597	0.2521	-0.2162
AT1G24190	0.3137	0.1611	0.3173
AT1G24240	0.09	0.5709	0.1588
AT1G24265	0.0432	0.3731	0.188
AT1G24267	0.0307	0.254	0.1151
AT1G24280	-0.5098	0.6463	-0.0293
AT1G24290	-0.1022	-0.6448	-0.078
AT1G24300	0.1329	0.0473	0.0225
AT1G24310	-0.0412	0.5401	0.2213
AT1G24330	-0.3111	-0.868	-0.1158
AT1G24340	-0.3748	-0.6001	0.2065
AT1G24350	-0.184	0.0552	0.0789
AT1G24360	-0.1464	0.3947	0.1573
AT1G24440	-0.1882	-0.9758	-0.0678
AT1G24450	-0.1241	0.2071	0.0106
AT1G24460	0.2289	0.1405	0.187
AT1G24490	-0.1844	-0.0103	0.3118
AT1G24510	-0.0324	0.2772	0.018
AT1G24530	0.3794	1.2409	-0.4149
AT1G24560	-0.2103	-0.2082	0.1724
AT1G24575	-0.5235	-0.0647	0.5947
AT1G24610	-0.1978	0.0191	0.1441
AT1G24625	-0.1582	0.0688	-0.0124
AT1G24706	0.2805	0.0529	0.1315
AT1G24735	0.605	-0.0772	-0.2735
AT1G24764	0.2013	0.0811	0.2573
AT1G24793	-0.0415	-0.7675	-0.0406
AT1G25145	0.4386	0.7322	0.7921
AT1G25220	0.0461	0.5174	0.102
AT1G25230	0.313	1.2057	0.0274
AT1G25250	0.0282	0.676	-0.022
AT1G25260	-0.1351	-0.0981	0.0698
AT1G25275	0.0166	0.5143	0.0746
AT1G25280	-0.075	0.1811	-0.0528
AT1G25290	-0.2139	-0.4817	0.3754
AT1G25320	-0.3494	0.0825	-0.073
AT1G25350	0.1561	0.2478	0.1198
AT1G25360	0.0169	-0.183	0.3002
AT1G25370	0.1962	0.5782	0.2548
AT1G25375	-0.1849	0.4369	0.2291
AT1G25380	0.0766	0.5604	0.1183
AT1G25390	-0.0928	0.4568	-0.1292
AT1G25400	-0.1828	-0.3965	-0.1374
AT1G25420	-0.0988	0.0007	-0.0046
AT1G25425	-0.0924	0.4963	-0.0376
AT1G25450	-0.0416	-0.0927	0.0191
AT1G25470	-0.4024	-0.7122	-0.0272
AT1G25480	0.1099	0.0416	0.4807
AT1G25490	-0.0257	-0.186	0.0731
AT1G25500	-0.0924	0.1652	0.0166
AT1G25510	-0.2859	-0.0673	0.2093
AT1G25520	0.0226	1.0857	-0.1778
AT1G25530	0.5774	0.7958	0.393
AT1G25540	0.0758	-0.2877	0.2877
AT1G25550	-0.2365	-0.1366	0.127
AT1G25560	0.4955	0.5263	0.3248
AT1G25570	-0.2634	0.5284	0.0129
AT1G25580	-0.2617	-0.1399	0.1304
AT1G25682	0.1079	0.0187	0.1778
AT1G26090	-0.0561	0.4731	0.1197
AT1G26100	-0.2377	-0.5292	0.0324
AT1G26110	-0.1164	0.1101	0.053
AT1G26120	0.1018	0.4179	0.0661
AT1G26130	-0.3352	-0.3227	0.0343
AT1G26150	-0.246	0.2046	0.3049
AT1G26160	0.0167	0.2447	0.2206
AT1G26170	0.066	0.1249	0.1238
AT1G26180	-0.0585	-0.1526	0.0937
AT1G26190	0.2685	0.4264	0.1743
AT1G26208	-0.1731	0.7808	0.174
AT1G26210	-0.4937	0.1579	-0.2282
AT1G26218	0.2352	0.4448	0.0362
AT1G26230	-0.1856	-0.1929	0.2731
AT1G26260	-0.0026	0.5935	0.1582
AT1G26270	-0.0327	0.0998	0.055
AT1G26300	-0.0754	0.4213	0.2452
AT1G26330	-0.0536	-0.6503	0.2127
AT1G26340	0.0865	0.5532	0.0938
AT1G26370	0.0404	-0.1547	0.2124
AT1G26440	-0.114	-0.1354	-0.0168
AT1G26450	-0.1758	-0.3207	-0.2668
AT1G26460	-0.175	0.2062	0.0591
AT1G26470	-0.1596	-0.1036	-0.0456
AT1G26500	-0.1302	-0.2638	0.1645
AT1G26520	-0.0767	0.429	0.2178
AT1G26540	-0.387	-0.5126	0.2142
AT1G26550	-0.1544	0.3206	-0.0919
AT1G26560	-0.0049	0.8501	0.296
AT1G26570	0.2234	0.6109	-0.0611
AT1G26580	-0.1013	-0.4931	0.2047
AT1G26620	0.0236	-0.0635	0.2783
AT1G26630	0.0637	0.3644	-0.0119
AT1G26640	-0.0398	0.4258	0.2247
AT1G26650	-0.2331	0.1318	-0.0704
AT1G26660	0.2329	0.1673	0.3972
AT1G26665	0.0163	-1.4352	0.1863
AT1G26670	-0.4278	-0.631	-0.0191
AT1G26690	-0.3176	-0.0039	-0.13
AT1G26730	-0.0723	1.1473	0.2887
AT1G26740	-0.0168	0.3106	0.2365
AT1G26750	-0.0272	0.5085	0.2621
AT1G26760	-0.3789	-0.6853	0.3684
AT1G26770	-0.0328	0.9954	0.3801
AT1G26800	0.411	-0.9817	-0.2169
AT1G26810	-0.0048	0.3905	0.3242
AT1G26830	-0.1042	-0.033	0.1254
AT1G26840	-0.324	0.0548	0.2426
AT1G26850	-0.0792	0.5179	-0.027
AT1G26880	-0.0086	0.3464	0.004
AT1G26900	-0.1727	-0.1692	0.3165
AT1G26910	0.1684	0.3968	0.1073
AT1G26920	-0.2599	0.2855	-0.1691
AT1G26930	-0.5022	-0.3287	0.2903
AT1G26940	-0.1765	0.0448	0.0019
AT1G26945	0.8158	0.8949	0.7514
AT1G26960	-0.2074	0.4791	-0.0098
AT1G27000	-0.1744	0.1998	-0.1424
AT1G27020	0.6141	1.7442	0.2001
AT1G27030	-0.1551	1.3885	0.3848
AT1G27050	-0.3298	0.3966	0.0139
AT1G27060	-0.1822	-0.1915	0.3236
AT1G27070	0.1737	0.2933	0.4485
AT1G27090	-0.033	-0.539	0.1515
AT1G27100	0.0502	0.3253	0.2134
AT1G27110	0.1565	0.0888	0.2198
AT1G27120	-0.4404	-0.4203	0.0642
AT1G27130	-0.2125	0.6224	-0.1139
AT1G27150	-0.2396	-0.2169	0.0151
AT1G27170	-0.0717	-0.1691	-0.3281
AT1G27190	-0.2208	-0.1853	-0.102
AT1G27200	-0.4313	-0.3147	-0.2156
AT1G27210	-0.0099	0.3524	-0.082
AT1G27290	-0.0956	-0.3374	-0.2108
AT1G27300	0.2315	0.3191	0.0045
AT1G27310	-0.1203	-0.4679	-0.064
AT1G27320	0.0918	-0.186	-0.0366
AT1G27330	-0.0174	0.7218	-0.1
AT1G27340	-0.199	0.3134	0.078
AT1G27350	-0.0403	0.7608	-0.1222
AT1G27360	-0.3337	-0.2305	0.5094
AT1G27370	-0.3471	0.3085	0.6451
AT1G27385	0.2558	0.4898	0.0618
AT1G27390	-0.2396	0.1898	0.1394
AT1G27400	0.1564	0.2997	0.2002
AT1G27410	0.0932	-0.3226	0.5053
AT1G27420	-0.2509	-0.06	-0.1301
AT1G27430	0.2904	0.1451	0.2338
AT1G27435	-0.1361	-0.0482	0.0634
AT1G27440	-0.3879	0.0446	-0.1826
AT1G27450	-0.2509	0.1404	-0.0416
AT1G27460	-0.1867	0.3513	0.3135
AT1G27470	0.1333	0.1462	0.3194
AT1G27500	0.0077	-0.1124	-0.086
AT1G27510	0.1972	-0.395	0.1467
AT1G27520	-0.1233	-0.0005	0.2736
AT1G27530	-0.0258	-0.1034	0.0283
AT1G27540	-0.1862	-0.2261	0.068
AT1G27595	-0.0261	-0.353	0.1684
AT1G27600	-0.0433	0.1585	0.0014
AT1G27630	-0.1719	-0.3889	0.1075
AT1G27650	0.1183	-0.4319	0.1488
AT1G27660	-0.0233	-0.1787	0.0656
AT1G27670	0.3375	0.0259	-0.0665
AT1G27680	-0.128	-0.0088	0.1575
AT1G27690	0.0163	-0.0434	0.2024
AT1G27695	-0.0255	-0.6746	0.0954
AT1G27700	-0.091	-0.0169	0.0293
AT1G27720	-0.0209	0.2419	0.1921
AT1G27730	0.7489	0.3703	-0.1454
AT1G27750	0.0848	-0.1701	0.1179
AT1G27752	0.1358	-0.2102	0.1713
AT1G27760	-0.0771	0.3712	-0.2134
AT1G27770	0.1742	0.6169	0.0428
AT1G27840	-0.0289	0.1497	0.1464
AT1G27850	-0.0595	-0.2906	0.1157
AT1G27880	-0.323	0.1906	0.2788
AT1G27900	0.0236	-0.1113	0.1719
AT1G27910	-0.2237	0.5343	0.0645
AT1G27920	0.0024	0.5463	-0.0747
AT1G27921	-0.0433	0.1481	0.2992
AT1G27930	-0.0755	0.78	-0.1046
AT1G27950	0.4655	0.5045	0.0302
AT1G27960	-0.1181	0.3666	0.1249
AT1G27970	0.1658	0.9153	-0.1427
AT1G27980	0.2616	1.1191	0.1242
AT1G28010	0.2422	-0.0699	0.4454
AT1G28050	0.1456	0.2941	-0.0083
AT1G28060	0.0828	0.0419	0.2119
AT1G28070	-0.0157	-0.4187	0.2112
AT1G28090	0.0723	0.4101	0.2198
AT1G28100	0.0421	0.4004	0.6581
AT1G28110	-0.4281	-0.0955	0.066
AT1G28120	-0.2116	0.0426	0.0618
AT1G28130	-0.4641	-0.6067	-0.3484
AT1G28140	-0.0002	0.064	-0.0127
AT1G28150	-0.0658	-0.3461	0.0004
AT1G28190	0.415	0.1345	0.232
AT1G28200	0.0306	0.3311	-0.0369
AT1G28210	-0.3397	0.0056	0.12
AT1G28240	-0.2433	0.2986	0.2144
AT1G28250	-0.1347	0.1138	-0.1326
AT1G28260	0.4326	-0.2295	0.2027
AT1G28280	0.1036	0.3747	0.0077
AT1G28290	-0.5997	-0.1773	0.4736
AT1G28310	0.0942	-0.2231	0.0719
AT1G28320	-0.185	0.2377	0.1583
AT1G28330	0.5363	-2.1429	0.2131
AT1G28340	-0.1819	-0.067	0.1714
AT1G28350	0.0444	0.0386	0.2848
AT1G28360	0.2277	-0.1247	-0.0819
AT1G28370	0.4106	1.0737	0.102
AT1G28380	0.0529	0.1231	-0.0437
AT1G28390	-0.4963	0.0669	0.2105
AT1G28395	-0.1625	0.6194	0.1355
AT1G28400	-0.7307	0.0068	0.4444
AT1G28410	-0.1474	-0.3425	0.2403
AT1G28420	0.1004	0.5306	0.1483
AT1G28440	-0.4489	0.2602	-0.1246
AT1G28470	-0.1239	0.1121	0.0828
AT1G28490	-0.0044	0.3324	0.1934
AT1G28510	-0.0465	0.4921	0.2488
AT1G28520	0.013	0.6828	0.1644
AT1G28530	-0.0362	0.3864	0.3017
AT1G28540	-0.1037	0.4498	-0.0539
AT1G28560	-0.0527	0.1226	0.3143
AT1G28570	-0.0784	0.9063	0.1805
AT1G28580	-0.0052	0.38	0.0866
AT1G28600	-0.1347	0.4122	0.1869
AT1G28610	-0.4138	0.3018	-0.1384
AT1G28660	0.642	1.3026	-0.1122
AT1G28670	0.4293	0.4709	0.1059
AT1G28680	-0.0677	0.5177	-0.1507
AT1G28710	-0.332	0.3791	0.4188
AT1G28715	0.0379	0.2142	0.3789
AT1G28760	0.1136	-0.0173	-0.0195
AT1G28765	-0.2742	0.2909	0.1272
AT1G28960	-0.1368	-0.4163	-0.003
AT1G29030	-0.1192	0.1038	0.421
AT1G29040	-0.0507	0.3062	-0.0584
AT1G29050	0.2258	1.0509	0.0964
AT1G29060	-0.0155	0.4394	-0.2197
AT1G29070	-0.035	-0.193	-0.0848
AT1G29090	1.5503	1.2647	-1.4832
AT1G29120	0.2713	0.6726	0.1866
AT1G29150	0.0205	0.3956	-0.0751
AT1G29160	-0.0219	-0.1831	-0.0449
AT1G29170	-0.1375	0.4011	-0.0333
AT1G29195	0.0786	0.6561	0.0441
AT1G29220	0.0337	0.1017	0.1113
AT1G29240	0.1378	0.3855	0.1218
AT1G29250	-0.1366	0.4628	-0.0498
AT1G29260	-0.1668	-0.3334	0.0977
AT1G29270	-0.3181	0.0444	0.5219
AT1G29280	0.1038	0.309	-0.0165
AT1G29290	0.4304	-0.0628	-0.1661
AT1G29300	-0.1734	0.3212	0.0909
AT1G29310	-0.0326	0.2168	0.1428
AT1G29320	-0.2244	0.3734	0.2324
AT1G29330	-0.1252	-0.2066	-0.0125
AT1G29340	-0.0275	0.145	-0.0332
AT1G29350	0.217	-0.4388	0.0559
AT1G29357	-0.0379	-0.0739	0.1814
AT1G29370	0.0746	-0.2767	0.1471
AT1G29380	-0.2207	0.3	-0.0185
AT1G29390	-0.0658	0.457	-0.1646
AT1G29395	0.4543	0.4158	0.2721
AT1G29400	-0.0461	-0.3653	-0.0798
AT1G29418	-0.3056	0.0154	0.1697
AT1G29465	-0.0499	-0.2749	0.0777
AT1G29470	0.2368	0.602	0.1839
AT1G29520	-0.2405	0.1478	-0.3463
AT1G29530	-0.139	-0.138	0.2908
AT1G29535	-0.2821	-0.1237	-0.2318
AT1G29550	-0.1479	0.2035	0.2956
AT1G29560	-0.078	0.2417	0.2234
AT1G29630	-0.0217	0.0681	0.5149
AT1G29640	0.5602	1.3064	-1.0157
AT1G29660	-0.5164	-0.4219	0.6703
AT1G29670	0.8423	0.8439	-0.5076
AT1G29690	-0.0169	0.2314	-0.0395
AT1G29700	-0.3213	-0.6043	0.0645
AT1G29710	-0.1566	-0.367	0.112
AT1G29730	0.2706	0.5418	0.1229
AT1G29750	-0.2655	0.2036	0.2436
AT1G29760	-0.0151	-0.408	-0.0466
AT1G29770	0.1605	0.4022	0.1704
AT1G29785	-0.0315	0.3483	-0.2722
AT1G29790	-0.0199	0.0887	0.1596
AT1G29800	-0.0767	-0.0209	-0.0148
AT1G29810	0.0164	0.1029	0.2174
AT1G29820	-0.0035	0.7296	0.0996
AT1G29840	-0.092	0.3975	0.1532
AT1G29850	-0.0206	0.6491	0.0031
AT1G29880	-0.0221	0.2365	0.1977
AT1G29890	-0.063	0.4809	0.1619
AT1G29900	-0.0134	-0.0837	-0.05
AT1G29910	0.2713	0.5571	-0.44
AT1G29930	-0.0621	0.201	-0.6177
AT1G29940	-0.055	0.1469	0.1484
AT1G29950	-0.4769	0.1082	0.0616
AT1G29960	-0.2113	-0.4605	0.2088
AT1G29965	0.0922	0.4564	0.0094
AT1G29970	-0.1632	-0.7769	-0.1103
AT1G29980	0.0907	0.926	0.102
AT1G29990	-0.2106	0.1158	0.0552
AT1G30000	-0.2402	0.1472	0.201
AT1G30010	-0.0138	0.0878	0.1982
AT1G30040	0.3023	0.1697	0.1626
AT1G30070	0.1294	0.4605	0.1093
AT1G30080	0.2224	0.5497	0.0019
AT1G30090	-0.0991	-0.0236	0.1479
AT1G30110	-0.2012	-0.0014	-0.3723
AT1G30120	-0.1343	0.1514	-0.1202
AT1G30130	-0.4673	-0.1316	-0.3064
AT1G30200	0.0932	0.1361	0.0738
AT1G30210	-0.1482	0.2954	1.1448
AT1G30230	0.1008	-0.4134	0.2157
AT1G30240	-0.0315	0.1374	0.0592
AT1G30260	-0.3918	-0.6221	-0.8088
AT1G30270	-0.2464	-0.0262	0.1074
AT1G30280	0.1804	1.5288	0.071
AT1G30290	-0.0512	-0.0163	0.1049
AT1G30300	-0.1662	0.14	0.2365
AT1G30320	-0.403	-0.9104	0.0712
AT1G30330	-0.0984	0.3856	0.245
AT1G30360	-0.5456	-0.7606	-0.3709
AT1G30380	-0.029	0.4126	-0.3367
AT1G30400	0.0911	0.0597	-0.0172
AT1G30410	0.0813	-0.1542	0.0862
AT1G30420	-0.2094	-0.2623	0.1618
AT1G30440	-0.3099	0.1245	0.0905
AT1G30450	0.0162	0.3031	0.1418
AT1G30460	-0.0449	0.1973	0.4122
AT1G30470	-0.1107	-0.0709	0.1358
AT1G30475	-0.112	0.3518	0.3323
AT1G30480	-0.0363	-0.044	0.1642
AT1G30490	-0.1002	0.3368	0.2022
AT1G30500	0.3303	-0.7035	0.3748
AT1G30510	-0.5295	0.7774	0.0555
AT1G30520	-0.2139	-0.37	0.1451
AT1G30530	-0.6642	-0.1456	0.3242
AT1G30540	-0.0281	0.3687	-0.0129
AT1G30545	-0.2008	0.2409	0.3372
AT1G30570	0.022	0.4978	0.0686
AT1G30580	-0.0815	0.2443	0.1246
AT1G30590	0.3187	0.1617	0.1822
AT1G30600	-0.3605	-0.5116	0.1745
AT1G30610	0.1273	0.1984	0.3341
AT1G30620	-0.0558	0.3637	0.0803
AT1G30630	-0.0845	0.6645	0.0224
AT1G30640	-0.1468	0.4168	0.0465
AT1G30650	-0.0062	0.0689	-0.0225
AT1G30680	-0.1593	0.3809	0.2
AT1G30690	-0.0759	0.5751	-0.0287
AT1G30700	0.0364	-0.1961	-0.8256
AT1G30750	-0.9954	0.3026	-0.7554
AT1G30755	0.147	0.187	-0.0083
AT1G30760	-0.511	0.3701	0.2658
AT1G30810	0.157	0.0618	0.0757
AT1G30820	-0.345	-0.6107	0.0022
AT1G30825	-0.0481	0.0565	0.2373
AT1G30840	-0.782	-0.2383	-0.3898
AT1G30845	-0.1267	0.247	-0.0217
AT1G30860	0.1218	-0.8955	-0.1419
AT1G30880	0.0152	-0.4589	0.2143
AT1G30890	0.0769	0.4259	-0.1357
AT1G30910	-0.1186	0.2149	0.0851
AT1G30960	-0.0453	0.5813	0.4323
AT1G30970	-0.0303	0.0825	0.098
AT1G31010	-0.044	0.3857	0.2341
AT1G31020	-0.1734	0.0176	-0.0772
AT1G31040	-0.1516	-0.7463	0.0955
AT1G31050	-0.251	0.1301	0.0057
AT1G31070	-0.2713	0.9596	-0.0977
AT1G31120	0.0548	-0.0217	0.0193
AT1G31130	0.0405	0.6041	0.0582
AT1G31150	-0.1237	-0.1404	0.3865
AT1G31160	-0.1292	-0.1758	0.1223
AT1G31170	-0.1039	0.1436	-0.2028
AT1G31175	0.1511	0.3478	0.4104
AT1G31180	-0.0422	0.5997	0.0918
AT1G31190	-0.0653	0.7311	-0.1202
AT1G31200	-0.1923	0.6775	-0.0844
AT1G31220	-0.0439	0.2767	0.0335
AT1G31230	0.0258	0.8094	0.1219
AT1G31280	0.0847	0.2726	-0.1695
AT1G31300	-0.2811	0.1497	-0.0731
AT1G31320	-0.7308	-0.303	0.0522
AT1G31330	-0.2113	-0.0058	-0.3906
AT1G31335	-0.5442	-1.0478	0.0836
AT1G31340	-0.1499	0.5089	-0.0151
AT1G31350	0.0764	-0.1632	-0.3044
AT1G31360	0.0065	0.0757	0.5036
AT1G31410	-0.0761	-0.0561	0.1756
AT1G31420	-0.4005	0.0465	-0.0607
AT1G31440	-0.0983	0.0242	-0.1804
AT1G31460	-0.1846	0.31	-0.049
AT1G31470	-0.2844	-0.0061	0.0276
AT1G31480	0.1137	0.1518	0.0074
AT1G31490	-0.5046	0.0093	-0.0435
AT1G31500	-0.0456	0.4256	0.1567
AT1G31540	0.0378	0.3241	-0.1054
AT1G31600	0.0776	0.0719	0.3859
AT1G31650	-0.0412	-0.0311	-0.034
AT1G31660	-0.1852	0.3117	0.2088
AT1G31710	-0.5359	-0.0838	0.1429
AT1G31730	0.0483	0.1019	0.051
AT1G31760	-0.0501	-0.1459	0.1538
AT1G31770	0.1652	0.9383	0.0956
AT1G31780	-0.0135	0.2888	0.2004
AT1G31790	-0.1492	-0.1621	0.2904
AT1G31800	-0.5966	0.128	0.1475
AT1G31810	0.0275	0.0042	0.2307
AT1G31812	-0.0432	0.1072	-0.0616
AT1G31814	-0.3427	-0.6621	0.117
AT1G31817	-0.0905	0.2323	0.1297
AT1G31820	-0.3016	-0.2162	0.0866
AT1G31830	-0.1125	-0.4883	-0.115
AT1G31835	0.0215	-0.2348	-0.1215
AT1G31840	-0.2677	-0.3354	0.0091
AT1G31850	-0.0695	0.0841	0.19
AT1G31860	-0.0881	0.0744	0.1288
AT1G31870	0.1341	0.1266	0.3576
AT1G31880	-0.1764	0.1366	-0.0111
AT1G31910	-0.1733	0.1053	0.2057
AT1G31930	0.0212	0.0544	0.2458
AT1G31935	-0.1771	-0.2643	-0.1211
AT1G31940	-0.161	0.1817	0.0701
AT1G31950	0.2323	0.1124	0.6479
AT1G31970	-0.0341	0.4778	0.2631
AT1G32050	-0.1446	0.1815	-0.0978
AT1G32060	0.5362	-0.5261	-0.5338
AT1G32070	-0.24	0.0588	-0.0418
AT1G32080	0.3029	0.4917	-0.6804
AT1G32090	0.1372	0.164	-0.0444
AT1G32100	-0.1073	0.4534	-0.2598
AT1G32127	-0.0403	0.111	-0.1313
AT1G32130	0.0544	0.178	-0.0213
AT1G32150	0.1316	0.6759	0.1924
AT1G32160	-0.0863	-0.0376	0.1527
AT1G32170	-0.0628	-0.49	-0.0576
AT1G32190	0.2918	1.1749	0.3455
AT1G32200	0.2377	0.2084	0.3668
AT1G32210	0.0071	0.2327	-0.0841
AT1G32220	0.0316	0.623	0.0476
AT1G32230	0.0912	0.1901	-0.0694
AT1G32240	-0.0809	-0.0624	0.2848
AT1G32260	0.0618	-0.1533	0.1519
AT1G32310	-0.2189	-0.3871	-0.0233
AT1G32330	-0.0309	0.0643	0.2417
AT1G32340	-0.0657	0.058	0.141
AT1G32360	0.1113	0.1195	0.2425
AT1G32370	0.1695	0.1679	0.1411
AT1G32380	0.5372	0.3988	0.1964
AT1G32400	-0.1716	0.0454	-0.0263
AT1G32410	-0.2412	0.2675	-0.1054
AT1G32415	-0.3494	-0.075	0.2504
AT1G32440	-0.1926	0.3669	-0.0106
AT1G32450	0.3458	0.3733	0.3321
AT1G32460	0.2815	0.5405	-0.2609
AT1G32470	-0.2708	-0.0931	0.1217
AT1G32490	0.1312	-0.2898	0.3076
AT1G32500	-0.1837	0.6279	-0.0603
AT1G32520	0.1751	-0.0869	-0.1458
AT1G32530	0.1883	-0.1676	0.0944
AT1G32550	-0.0719	0.3394	-0.0371
AT1G32580	-0.1438	0.0054	0.2758
AT1G32583	0.1418	0.2141	-0.0813
AT1G32610	0.0023	-0.3837	0.0701
AT1G32630	-0.0614	0.23	0.0894
AT1G32690	-0.136	0.6196	-0.586
AT1G32700	0.0103	-0.5649	0.435
AT1G32730	-0.115	-0.3878	0.0702
AT1G32740	0.3373	0.6264	-0.1154
AT1G32750	0.1163	0.1093	0.2782
AT1G32760	0.1256	-0.2505	0.2247
AT1G32790	-0.0914	-0.1123	-0.0121
AT1G32810	0.1868	-0.0141	0.0221
AT1G32860	0.2316	0.4702	0.2214
AT1G32870	-0.2571	-0.3335	-0.0907
AT1G32920	0.5206	0.8602	-0.257
AT1G32928	0.2821	-0.1223	-0.1311
AT1G32930	-0.1601	-0.0859	0.2367
AT1G32940	0.1384	0.0389	-0.0552
AT1G32990	-0.0379	0.3222	-0.0183
AT1G33040	-0.0333	0.4445	0.1835
AT1G33050	0.0069	-0.9085	0.0763
AT1G33055	1.7267	-0.095	1.0015
AT1G33060	0.3876	0.5769	0.2018
AT1G33080	-0.2902	-0.4387	0.5814
AT1G33110	0.1337	-0.7499	0.1203
AT1G33120	0.0918	0.3924	0.0623
AT1G33140	0.0776	0.2561	0.0322
AT1G33170	-0.7176	-0.0629	0.203
AT1G33230	0.1273	0.6054	0.128
AT1G33240	0.2893	0.6599	0.2057
AT1G33250	-0.0237	-0.175	-0.1024
AT1G33260	-0.6693	0.0415	-0.1131
AT1G33265	-0.0272	0.2348	0.0721
AT1G33270	0.1444	0.1416	0.0967
AT1G33290	-0.1034	-0.5471	0.2747
AT1G33330	-0.2246	-0.0656	0.1668
AT1G33340	0.3593	-0.1758	0.013
AT1G33350	-0.2354	-0.1178	0.1223
AT1G33360	-0.0764	0.2842	0.375
AT1G33390	0.1868	0.2663	0.3081
AT1G33400	0.1873	0.3267	0.2302
AT1G33410	-0.0237	0.0923	0.277
AT1G33415	0.0658	-0.0967	-0.0042
AT1G33420	-0.0748	-0.0534	0.3399
AT1G33440	-0.3383	0.0623	0.4252
AT1G33470	-0.4695	0.1108	0.1882
AT1G33475	-0.4183	-0.6358	0.14
AT1G33480	0.0201	0.4329	0.0299
AT1G33490	-0.1724	-0.0351	-0.1915
AT1G33520	-0.1148	-0.5894	0.2294
AT1G33560	-0.1355	0.5447	-0.1589
AT1G33590	-0.1079	0.749	-0.1003
AT1G33610	0.1346	0.0896	0.1899
AT1G33612	0.3024	0.1895	0.3252
AT1G33615	0.1861	0.2158	0.4165
AT1G33680	0.2469	-0.1552	0.3398
AT1G33700	0.1567	0.3691	-0.1501
AT1G33750	0.1956	0.5112	0.6299
AT1G33780	-0.0488	0.4198	-0.0821
AT1G33790	1.591	1.3422	0.0343
AT1G33800	0.2356	1.0851	-0.1197
AT1G33810	-0.0211	0.2697	-0.0618
AT1G33970	0.1621	0.5562	-0.0972
AT1G33980	0.0069	-0.0485	0.0318
AT1G33990	-0.0296	0.2648	0.1571
AT1G34000	-0.1973	0.4621	-0.3624
AT1G34010	-0.0081	0.1885	0.2246
AT1G34020	0.0141	0.2892	0.0479
AT1G34030	0.0234	0.1202	0.0119
AT1G34040	-0.3979	0.0611	-0.1404
AT1G34065	0.0086	0.3745	0.1245
AT1G34110	0.3766	-0.1503	0.1007
AT1G34120	-0.1012	0.3245	0.1041
AT1G34130	0.0651	0.1108	0.0426
AT1G34150	-0.0623	-0.2803	0.3506
AT1G34160	-0.1744	0.0178	0.1533
AT1G34190	-0.0153	-0.4111	0.0924
AT1G34200	0.0374	0.3746	-0.1085
AT1G34210	0.028	0.4613	0.3826
AT1G34220	-0.0729	-0.0289	0.0365
AT1G34260	0.1552	0.2981	-0.0667
AT1G34270	-0.1053	0.2903	0.119
AT1G34300	-0.0252	-0.2695	0.2765
AT1G34320	-0.0326	0.1951	0.2178
AT1G34340	-0.2973	0.3917	-0.001
AT1G34350	0.1144	0.6967	0.0094
AT1G34355	-0.1439	-1.1933	0.2786
AT1G34360	0.024	-0.035	0.27
AT1G34370	0.0124	0.0477	0.0923
AT1G34380	-0.1137	0.0813	0.2692
AT1G34418	-0.1252	-0.3664	-0.0704
AT1G34420	-0.3579	-0.1679	-0.2184
AT1G34430	-0.1265	-0.0635	-0.0066
AT1G34460	0.0948	0.2464	0.1351
AT1G34470	0.0282	0.2838	0.3872
AT1G34550	0.0303	0.4859	0.2586
AT1G34570	-0.1486	0.1652	0.0546
AT1G34630	-0.0598	-0.1997	0.0976
AT1G34640	0.1082	0.0286	0.3082
AT1G34750	-0.361	0.411	0.0086
AT1G34760	0.0758	0.5644	-0.6476
AT1G34770	-0.2114	-0.216	0.2427
AT1G34780	-0.2227	-0.6285	-0.0241
AT1G35140	-0.6172	-0.5214	0.2906
AT1G35160	-0.1519	0.3299	-0.1785
AT1G35180	-0.2673	-0.1879	0.0748
AT1G35190	0.2246	0.7679	-0.2148
AT1G35220	-0.0053	0.2039	0.0236
AT1G35250	-0.5628	0.4836	0.3477
AT1G35260	-0.3237	0.0942	0.1229
AT1G35290	0.8876	-0.0811	-0.6354
AT1G35320	0.1979	1.0535	0.2865
AT1G35340	-0.0395	0.1176	0.3558
AT1G35350	-0.4562	-0.8988	-0.4008
AT1G35420	-0.3729	-0.9785	-0.3241
AT1G35430	0.1182	0.2058	-0.0564
AT1G35460	-0.173	0.2755	0.0563
AT1G35470	-0.1454	0.0651	0.1683
AT1G35510	-0.0039	0.3628	0.2922
AT1G35516	0.2118	-0.539	0.1835
AT1G35530	-0.0982	0.2412	0.3769
AT1G35560	-0.4441	0.3726	-0.4268
AT1G35580	-0.1975	-0.1894	-0.0894
AT1G35620	-0.1207	0.0489	0.029
AT1G35660	0.2665	-0.0215	0.3093
AT1G35670	-0.3857	-0.0885	-0.1454
AT1G35680	-0.0187	0.2294	-0.0692
AT1G35710	-0.0093	0.14	0.0959
AT1G35720	-0.1817	0.8058	-0.4813
AT1G35780	-0.4595	0.0591	0.0495
AT1G35830	-0.275	0.5913	0.0669
AT1G36050	-0.208	-0.1301	0.2784
AT1G36060	0.2452	0.2929	0.7426
AT1G36070	0.1667	0.1497	0.2683
AT1G36160	0.0321	-0.1966	0.0375
AT1G36180	0.1265	-0.2849	0.5327
AT1G36280	-0.0341	0.9451	0.1268
AT1G36310	-0.2421	0.08	0.0923
AT1G36320	-0.1218	0.0635	0.1188
AT1G36370	-0.1163	0.244	0.0698
AT1G36380	-0.3208	-0.3126	-0.187
AT1G36390	-0.1032	0.362	0.1429
AT1G36730	0.0326	0.2164	0.0716
AT1G36940	0.2095	-0.2326	0.3568
AT1G36980	-0.0505	-0.2549	-0.18
AT1G36990	-0.1317	-0.2501	-0.0263
AT1G37130	-0.5889	-0.8472	0.2544
AT1G37150	0.3183	-0.0381	0.4859
AT1G38065	-0.0355	0.1396	0.357
AT1G38131	-0.2351	0.3525	-0.3433
AT1G41830	-0.0969	1.126	0.1017
AT1G41880	0.0454	0.5258	0.0543
AT1G42430	-0.2137	-0.6658	0.3849
AT1G42440	0.0498	0.1363	0.155
AT1G42470	-0.0364	0.0539	0.411
AT1G42480	0.1001	0.1916	0.3906
AT1G42540	0.1396	0.17	0.2915
AT1G42550	-0.6262	-0.6331	-0.3783
AT1G42960	-0.1046	-0.0011	-0.0788
AT1G42970	0.0886	-0.3042	-0.2006
AT1G42990	0.074	0.4264	-0.1269
AT1G43130	0.0844	-0.1104	0.0826
AT1G43160	1.2986	0.6294	0.1896
AT1G43170	-0.0111	0.019	-0.0241
AT1G43190	-0.094	0.1624	0.0135
AT1G43245	-0.0111	-0.4696	0.1876
AT1G43560	0.0896	-0.0172	0.0041
AT1G43580	-0.2719	-0.6069	0.0641
AT1G43605	-0.7749	0.4746	0.6889
AT1G43620	-0.0586	-0.0596	0.0939
AT1G43650	-0.1943	0.5505	-0.0576
AT1G43670	0.4114	-0.2279	0.2705
AT1G43690	-0.2009	0.2086	0.1166
AT1G43700	-0.1464	-0.3869	-0.0473
AT1G43710	-0.0412	0.5735	-0.0377
AT1G43770	0.0709	-0.3838	0.0442
AT1G43800	-0.855	-0.4735	1.4912
AT1G43850	0.089	-0.0608	0.0555
AT1G43860	0.0005	0.3298	0.1487
AT1G43890	-0.0367	0.445	-0.1228
AT1G43900	0.0164	0.2298	0.1749
AT1G43910	0.3576	1.6039	-0.2088
AT1G43980	0.0511	0.1197	0.3354
AT1G44000	-0.1964	-0.2399	-0.0035
AT1G44100	0.487	1.4662	-0.1319
AT1G44110	-0.67	-0.8934	0.0834
AT1G44120	-0.0506	-0.2433	0.0903
AT1G44125	-0.0043	0.2456	-0.0218
AT1G44160	-0.2267	0.3666	0.1595
AT1G44170	-0.4667	0.2401	-0.1764
AT1G44350	-0.4846	-0.7742	0.0715
AT1G44446	0.0268	-0.3313	-0.6494
AT1G44575	-0.3334	0.3651	-0.7707
AT1G44608	-0.0201	-0.2393	-0.356
AT1G44750	-0.141	0.2999	0.1828
AT1G44760	-0.214	-0.4287	0.1051
AT1G44770	-0.1869	-0.2911	-0.2091
AT1G44780	-0.0107	0.2726	0.5249
AT1G44790	-0.1439	0.1988	0.3084
AT1G44800	0.1423	1.3327	-0.1216
AT1G44810	-0.1756	0.0512	0.0989
AT1G44820	-0.3568	-0.0348	-0.0472
AT1G44830	-0.0704	0.7051	-0.1056
AT1G44835	-0.0147	0.4904	0.0504
AT1G44900	-0.4892	-0.7155	0.216
AT1G44910	0.2407	0.4181	0.3214
AT1G44920	-0.2312	-0.5666	0.0455
AT1G44960	0.1517	0.0552	0.1374
AT1G45000	-0.1697	0.17	0.0214
AT1G45050	0.0142	0.1404	0.0772
AT1G45110	-0.3323	0.0032	0.3335
AT1G45130	-0.1454	0.3884	0.0309
AT1G45145	-0.1373	-0.2217	-0.8659
AT1G45150	-0.0777	0.0932	0.242
AT1G45160	-0.3018	-0.4612	0.1232
AT1G45170	-0.1079	-0.1823	0.1988
AT1G45180	-0.2326	0.203	0.2542
AT1G45191	-0.844	-0.4526	0.3866
AT1G45201	-0.6375	-0.2038	0.7013
AT1G45207	-0.1417	0.1792	0.2709
AT1G45229	0.0272	0.3637	0.5074
AT1G45230	-0.1	-0.5652	0.0966
AT1G45231	0.0198	0.5198	0.3253
AT1G45233	-0.2573	-0.0679	0.1496
AT1G45249	-0.3995	-0.0289	-0.0561
AT1G45332	0.0612	0.5497	0.2904
AT1G45474	-0.0609	0.2626	-0.4497
AT1G45688	-0.0914	0.6615	0.0243
AT1G45976	-0.0501	-0.3264	0.03
AT1G46264	-0.1823	-0.2041	0.2048
AT1G46480	-0.969	0.384	0.6757
AT1G46554	0.3066	-0.2509	-0.1218
AT1G46768	0.4819	0.4972	0.0757
AT1G47056	-0.0065	-0.2177	-0.0349
AT1G47128	-0.3091	-0.6764	-0.2737
AT1G47200	0.0711	0.3375	-0.0473
AT1G47210	-0.4277	-0.6327	0.3545
AT1G47230	-0.1583	-0.3822	0.2104
AT1G47240	0.0368	0.5209	0.018
AT1G47250	-0.1611	0.2159	0.029
AT1G47260	-0.2185	0.1958	0.0505
AT1G47270	-0.0843	-0.9455	0.358
AT1G47278	-0.2372	-0.1955	-0.0241
AT1G47290	-0.2092	-0.3999	0.1866
AT1G47310	-0.0216	-0.0217	0.272
AT1G47330	-0.1313	0.1305	0.2069
AT1G47340	-0.0814	0.1342	0.2654
AT1G47380	0.2557	0.6588	0.1855
AT1G47395	-0.3065	1.8767	0.0553
AT1G47400	-0.5175	0.7119	0.0961
AT1G47410	-0.3488	0.265	0.2689
AT1G47420	-0.2302	-0.1668	-0.0544
AT1G47480	-0.3225	0.4844	-0.3837
AT1G47490	0.0027	0.2697	0.1998
AT1G47500	0.2142	0.3714	0.1858
AT1G47530	-0.2169	-0.1028	-0.2374
AT1G47550	0.1136	0.1722	0.1656
AT1G47560	0.0979	0.412	0.2408
AT1G47570	0.1992	0.056	-0.0578
AT1G47580	-0.293	-0.6703	0.3924
AT1G47640	0.0087	-0.0739	0.0214
AT1G47655	-0.3191	-0.4191	0.2356
AT1G47670	-0.4603	-0.1415	-0.1062
AT1G47710	-0.2194	0.0776	-0.0386
AT1G47720	-0.0363	-0.0493	0.4052
AT1G47740	-0.073	0.1317	0.025
AT1G47750	0.0736	0.3166	-0.0459
AT1G47760	-0.5193	-0.0688	-0.0582
AT1G47820	-0.2473	-0.5593	0.0085
AT1G47830	-0.1538	0.4241	-0.1443
AT1G47840	0.3087	0.844	0.2101
AT1G47870	-0.2605	0.3623	0.2911
AT1G47900	-0.1431	-0.0961	0.3757
AT1G47960	0.1531	0.1538	0.3631
AT1G47970	-0.0959	-0.0615	0.0803
AT1G48030	0.1152	0.0975	0.1736
AT1G48040	0.0609	0.3733	-0.0803
AT1G48050	-0.0026	0.1381	0.1727
AT1G48090	0.3198	0.1847	-0.0461
AT1G48100	-0.6505	-1.6129	-0.1473
AT1G48110	-0.1254	0.1397	-0.0036
AT1G48120	-0.0707	-0.0055	0.0443
AT1G48140	0.0534	0.1504	0.0211
AT1G48160	-0.0297	0.2008	0.1224
AT1G48170	-0.1208	-0.0766	-0.1597
AT1G48175	-0.0104	0.1651	0.3276
AT1G48200	0.1004	-0.0735	0.0973
AT1G48210	-0.2287	0.2839	-0.1659
AT1G48230	-0.1429	0.0884	0.1979
AT1G48240	-0.1928	-0.104	0.2266
AT1G48270	-0.1649	0.0931	0.097
AT1G48280	-0.112	-0.5357	0.1797
AT1G48300	-0.1971	-0.555	0.1905
AT1G48310	-0.0496	-0.2203	0.1406
AT1G48315	-0.1579	-0.426	0.2568
AT1G48320	-0.0202	0.5371	0.3023
AT1G48330	0.1695	-0.5664	-0.0226
AT1G48350	-0.1453	0.1578	-0.1848
AT1G48360	-0.1303	-0.4143	0.1707
AT1G48370	-0.0107	-0.0622	-0.0837
AT1G48380	-0.2251	0.028	0.0929
AT1G48390	0.0486	0.1673	0.3626
AT1G48410	-0.007	-0.0498	0.244
AT1G48420	-0.4019	-0.2629	0.1319
AT1G48430	-0.0059	-0.2227	0.2215
AT1G48440	-0.1177	0.1057	0.0257
AT1G48450	-0.0809	-0.2765	-0.027
AT1G48460	-0.0366	0.4045	0.1277
AT1G48470	0.6341	0.1637	0.1318
AT1G48480	-0.4578	0.0642	-0.0566
AT1G48490	0.0344	-0.2055	0.0298
AT1G48500	-0.0753	0.7609	-0.4708
AT1G48520	-0.1986	0.2775	0.1075
AT1G48540	-0.0951	-0.2756	-0.1263
AT1G48550	-0.008	-0.183	0.1153
AT1G48560	0.2782	0.3283	0.053
AT1G48570	-0.1094	0.6696	0.1771
AT1G48580	0.2824	0.1759	0.3653
AT1G48600	-0.5322	0.3127	-0.0832
AT1G48605	0.1908	-0.0506	0.2489
AT1G48610	0.0082	0.2953	0.2353
AT1G48620	0.0332	0.0417	-0.0225
AT1G48630	0.0389	0.553	-0.0742
AT1G48635	0.0133	0.0233	0.2689
AT1G48650	0.1902	-0.215	0.2408
AT1G48690	0.0549	0.2614	0.0867
AT1G48745	-0.6871	-0.5289	-0.7435
AT1G48750	0.2265	0.6288	-0.5138
AT1G48760	-0.0675	-0.1566	0.1872
AT1G48770	0.0043	0.63	0.0552
AT1G48780	0.0789	0.8962	-0.1085
AT1G48790	-0.064	0.0682	0.1324
AT1G48830	0.0159	0.3871	-0.0145
AT1G48840	0.0428	-0.3477	0.3468
AT1G48850	-0.3992	0.2822	0.0053
AT1G48860	-0.2821	0.0522	-0.0445
AT1G48870	-0.2791	0.2078	0.0811
AT1G48880	0.0705	0.2106	0.0237
AT1G48900	-0.1395	0.2309	0.1343
AT1G48920	0.113	0.3867	0.0299
AT1G48950	0.0313	-0.3559	0.4306
AT1G48960	-0.162	0.8045	0.1532
AT1G48970	0.0636	0.1231	0.1603
AT1G49010	0.0417	-1.1888	-0.2115
AT1G49032	-0.118	-1.2918	-0.0473
AT1G49040	-0.1054	0.524	-0.0082
AT1G49050	-0.0286	0.0607	0.4142
AT1G49140	-0.1139	0.2721	-0.15
AT1G49160	-0.5113	-0.2492	-0.0331
AT1G49170	0.0178	-0.1735	0.1086
AT1G49180	-0.0668	0.1242	0.1518
AT1G49200	0.7055	0.2017	1.0422
AT1G49230	0.3388	1.2895	0.1318
AT1G49240	-0.1325	-0.0397	-0.1177
AT1G49245	-0.2096	-0.3029	-0.0309
AT1G49300	-0.2935	-0.0451	-0.24
AT1G49320	-0.2894	-0.25	0.018
AT1G49340	0.2046	0.0816	0.1562
AT1G49350	0.04	0.3583	0.1801
AT1G49360	0.0899	0.6405	0.0126
AT1G49380	-0.2904	0.059	0.1204
AT1G49400	-0.0594	0.1238	0.1924
AT1G49405	0.058	0.2533	0.203
AT1G49410	-0.0101	0.6088	-0.0864
AT1G49430	-0.653	-0.1856	0.2199
AT1G49470	-0.2817	-0.1314	-0.3054
AT1G49475	0.3387	0.251	0.0925
AT1G49480	-0.1124	-0.3047	0.03
AT1G49490	-0.4207	-0.6038	0.1519
AT1G49500	-0.4157	-0.8009	-0.0767
AT1G49510	-0.0666	0.0234	0.0951
AT1G49520	-0.0304	-0.0776	0.1285
AT1G49540	0.1788	0.2976	0.2216
AT1G49560	-0.1113	0.2833	0.1436
AT1G49570	1.8399	0.7417	1.5982
AT1G49580	-0.4246	-0.0691	0.1617
AT1G49590	-0.0371	0.0026	0.083
AT1G49600	0.0788	-0.2547	0.1215
AT1G49620	-0.0136	1.0248	0.0856
AT1G49630	0.0005	0.3962	0.3851
AT1G49650	0.0818	-0.0857	0.1215
AT1G49660	-0.178	1.5429	-0.2075
AT1G49670	-0.1648	0.4366	0.1222
AT1G49710	-0.0429	0.2796	0.1092
AT1G49720	-0.3139	-1.1003	0.2362
AT1G49730	0.0351	0.7301	-0.0637
AT1G49740	-0.3436	0.2254	0.1281
AT1G49750	-0.3944	0.3708	0.0751
AT1G49760	-0.0499	-0.051	0.2387
AT1G49780	0.0918	0.1246	0.0668
AT1G49820	-0.2763	-0.3153	0.0761
AT1G49832	0.0011	0.4282	-0.1206
AT1G49840	0.0071	0.0766	0.1505
AT1G49850	0.0666	0.4112	-0.0844
AT1G49870	-0.5753	-1.0068	0.3148
AT1G49880	-0.1671	-0.1498	0.0895
AT1G49890	0.1577	0.2108	0.2183
AT1G49910	-0.4048	-0.1384	-0.0003
AT1G49950	0.0814	0.3107	0.2556
AT1G49970	-0.0038	0.1917	0.1438
AT1G49975	0.2089	0.0543	-0.4533
AT1G49980	0.1666	0.1943	0.2247
AT1G49990	-0.0058	-0.5367	0.1641
AT1G50000	0.0572	0.2091	0.2212
AT1G50010	-0.0129	0.3864	0.0455
AT1G50020	-0.2405	0.2196	-0.3184
AT1G50030	0.2047	-0.2099	0.2341
AT1G50040	-0.0353	0.4659	0.0677
AT1G50055	-0.1857	-0.1775	0.2634
AT1G50110	0.0421	-0.0971	0.4852
AT1G50120	-0.1142	0.4241	0.2117
AT1G50140	0.0752	0.2458	0.2911
AT1G50170	-0.126	0.1073	-0.0624
AT1G50200	0.1172	-0.2653	0.1228
AT1G50240	-0.3901	-0.7402	0.1318
AT1G50250	-0.2635	-0.1081	-0.2168
AT1G50260	0.1826	0.0258	0.1056
AT1G50270	-0.0054	0.0429	0.0577
AT1G50280	-0.3583	0.0351	-0.115
AT1G50290	0.4613	-0.2216	-0.3962
AT1G50300	-0.0991	-0.0102	0.1082
AT1G50320	-0.1464	-0.4782	-0.1863
AT1G50360	0.0924	0.3373	0.3027
AT1G50370	-0.1709	-0.1248	-0.0342
AT1G50380	0.2879	-0.1008	0.1812
AT1G50410	-0.0058	-0.0747	0.1713
AT1G50420	0.0914	-0.0529	-0.1191
AT1G50430	-0.0777	-0.2432	0.1878
AT1G50440	-0.1932	0.0975	0.168
AT1G50450	-0.2009	0.0494	-0.2119
AT1G50460	-0.1617	-0.0915	0.0721
AT1G50480	-0.2119	-0.5852	0.0705
AT1G50490	-0.3513	-0.8635	0.1217
AT1G50500	0.0882	0.3043	0.1039
AT1G50510	-0.0903	-0.0538	0.2344
AT1G50570	-0.2161	-0.0095	0.0673
AT1G50575	-0.0159	0.5294	0.0311
AT1G50590	-0.3862	0.5501	-0.0367
AT1G50600	-0.0789	0.1101	-0.0372
AT1G50620	-0.0438	-0.3134	0.2307
AT1G50630	-0.2626	0.1966	-0.1509
AT1G50640	-0.2106	-0.3351	0.1048
AT1G50660	-0.0085	-0.1465	0.3688
AT1G50670	-0.2456	0.323	0.1484
AT1G50700	0.0384	0.3971	0.213
AT1G50710	-0.1979	-0.1916	0.2929
AT1G50730	0.0264	0.1984	0.3304
AT1G50740	0.2175	0.382	0.1261
AT1G50745	0.2665	0.2632	0.1743
AT1G50790	-0.0901	-0.1841	0.2072
AT1G50840	0.3114	0.481	0.3542
AT1G50890	-0.1156	-0.1031	-0.1389
AT1G50900	-0.1484	-0.0778	-0.1101
AT1G50910	-0.1967	0.1797	0.2654
AT1G50920	0.0291	0.0671	0.2447
AT1G50940	0.0243	0.0846	0.0456
AT1G50950	-0.1604	0.1352	0.044
AT1G50970	-0.035	0.1788	-0.0568
AT1G51060	-0.1109	0.3577	-0.1268
AT1G51070	-0.2827	0.3955	-0.0458
AT1G51080	-0.203	-0.3498	0.1506
AT1G51100	-0.1931	0.3074	0.1644
AT1G51110	0.1476	0.3908	0.0555
AT1G51130	-0.0084	-0.3837	0.1269
AT1G51140	-0.348	-0.9271	-0.1179
AT1G51160	0.0018	0.3102	0.0552
AT1G51170	0.0621	-0.3083	-0.0551
AT1G51200	-0.1039	-0.4139	-0.0058
AT1G51310	0.0748	0.1115	0.4051
AT1G51340	-0.651	0.2371	0.275
AT1G51350	0.0612	0.064	0.0415
AT1G51355	-0.7128	-0.1289	0.4839
AT1G51360	-0.4157	-0.9189	-0.0954
AT1G51370	0.0068	-0.4044	0.3904
AT1G51380	-0.0469	0.2565	0.5268
AT1G51390	-0.1281	0.2007	0.1334
AT1G51400	0.0579	0.0228	-0.0698
AT1G51405	0.0729	0.3643	-0.0054
AT1G51420	-0.0347	-0.2178	0.0825
AT1G51430	0.1148	0.1622	0.3369
AT1G51440	-0.2288	0.1993	0.0575
AT1G51450	-0.1078	-0.0841	0.1231
AT1G51500	0.249	-0.4442	-0.206
AT1G51510	-0.0713	0.3759	-0.1018
AT1G51520	-0.0236	-0.04	0.2606
AT1G51540	-0.1473	0.5575	0.2138
AT1G51550	0.0399	-0.6911	0.0028
AT1G51560	-0.2974	0.1805	0.246
AT1G51570	-0.135	-0.0324	-0.0183
AT1G51580	0.0644	0.093	0.0786
AT1G51590	-0.2699	0.3346	0.1522
AT1G51600	-0.0999	-0.1321	0.0679
AT1G51610	-0.2537	-0.3632	0.0151
AT1G51630	-0.3267	0.2413	0.1953
AT1G51645	-0.2912	-0.4469	0.1324
AT1G51650	-0.1454	0.0332	-0.1348
AT1G51660	0.0397	0.6899	-0.076
AT1G51680	-0.668	-0.197	-0.2964
AT1G51690	-0.0941	-0.122	0.1553
AT1G51700	-0.0325	0.1958	0.0383
AT1G51710	-0.0285	0.3294	0.0638
AT1G51720	0.0873	0.2059	0.1663
AT1G51730	-0.1276	-0.2326	0.0939
AT1G51740	-0.1665	0.2051	0.17
AT1G51745	0.0353	-0.2605	0.2605
AT1G51760	-0.1181	-0.2688	0.21
AT1G51830	-0.344	-0.3061	0.0265
AT1G51940	0.0092	-0.4739	0.241
AT1G51950	-0.236	-0.0478	0.0929
AT1G51965	-0.1938	-0.0661	0.1742
AT1G51980	-0.2946	0.2104	0.0631
AT1G52080	-0.2501	-0.2845	0.231
AT1G52140	-0.2982	-0.6785	-0.0934
AT1G52150	-0.4298	0.0201	0.1792
AT1G52155	-0.6532	0.0747	0.0212
AT1G52160	-0.0167	0.3437	0.2055
AT1G52190	-0.0897	0.6987	-0.212
AT1G52200	-0.1279	-0.3313	-0.5813
AT1G52220	-0.326	0.237	-0.3215
AT1G52230	-0.1575	0.7831	-0.3465
AT1G52240	-0.0401	0.6931	-0.1858
AT1G52245	-0.0868	-0.8945	-0.0009
AT1G52260	-0.3725	-0.2953	0.3992
AT1G52280	-0.1534	1.1194	-0.0765
AT1G52290	-0.2151	0.5746	0.1444
AT1G52300	0.0045	0.0378	-0.0276
AT1G52310	-0.2665	0.1145	0.2846
AT1G52320	0.1335	0.0045	0.1363
AT1G52340	0.0364	0.2808	0.1695
AT1G52342	0.598	-1.5839	0.6756
AT1G52360	0.1214	0.3524	-0.0154
AT1G52370	-0.0158	-0.0325	0.3625
AT1G52380	0.0381	0.0913	0.3185
AT1G52410	-0.589	-0.7244	0.4605
AT1G52420	-0.2426	-0.0448	0.1196
AT1G52450	0.034	0.384	0.1379
AT1G52500	-0.1168	-0.044	0.2292
AT1G52510	-0.1256	0.5422	-0.3091
AT1G52520	-0.1473	-0.1792	0.1085
AT1G52540	-0.4263	0.5064	-0.1817
AT1G52550	-0.1374	-0.3892	0.0998
AT1G52560	0.2227	0.1197	0.2312
AT1G52565	0.0443	0.5224	0.1889
AT1G52590	0.0722	0.1999	-0.0368
AT1G52600	-0.0636	0.4402	0.0503
AT1G52620	-0.046	-0.37	-0.0823
AT1G52630	-0.0863	0.2493	0.0831
AT1G52640	-0.0392	0.0255	0.2858
AT1G52670	-0.0203	0.0566	0.1109
AT1G52690	2.5698	1.0476	-0.2474
AT1G52700	-0.291	0.5473	0.3129
AT1G52710	-0.1052	0.1964	-0.0976
AT1G52720	0.3532	0.2251	0.2876
AT1G52730	-0.1247	0.4217	0.1193
AT1G52740	-0.0149	-0.4819	-0.02
AT1G52750	-0.0531	-0.0973	0.2595
AT1G52760	-0.2191	-0.294	0.2116
AT1G52780	-0.0382	0.2893	-0.055
AT1G52820	-1.9842	0.0051	1.9809
AT1G52825	-0.2375	0.2194	-0.0036
AT1G52870	-0.2189	-1.339	-0.2865
AT1G52880	-0.3612	-0.0857	0.0681
AT1G52905	-0.0645	0.2443	-0.0008
AT1G52910	0.3204	0.7735	-0.0679
AT1G52920	0.3193	0.0973	0.2638
AT1G52930	-0.2365	0.5448	0.0519
AT1G52980	-0.088	-0.2167	0.2338
AT1G53000	0.061	0.314	0.1822
AT1G53025	-0.2057	-0.1832	0.0575
AT1G53030	-0.3087	-0.618	-0.0385
AT1G53035	-0.2433	0.2508	-0.1399
AT1G53040	-0.2089	0.527	0.168
AT1G53050	-0.1966	0.1474	0.1444
AT1G53060	0.1881	0.4396	0.8608
AT1G53070	-0.1594	-0.3922	0.2112
AT1G53090	-0.498	-0.3127	-0.1627
AT1G53110	0.0902	0.4805	0.3568
AT1G53120	-0.029	-0.4026	0.3633
AT1G53140	-0.5072	-1.0712	0.023
AT1G53163	-0.158	-0.2783	-0.2721
AT1G53165	-0.032	0.0681	0.0256
AT1G53170	0.1155	-0.1626	0.2185
AT1G53180	0.6492	1.4623	0.605
AT1G53190	-0.0102	-0.4042	0.1409
AT1G53200	-0.0649	-0.3768	0.3967
AT1G53210	-0.1595	0.2067	-0.1189
AT1G53230	-0.4183	0.4746	0.7144
AT1G53240	-0.1733	0.4318	-0.0981
AT1G53250	-0.307	-0.339	0.3019
AT1G53280	-0.2548	0.0207	0.1064
AT1G53290	0.0039	0.1494	0.1554
AT1G53300	-0.1287	0.3067	-0.0095
AT1G53310	0.0497	0.1954	-0.1553
AT1G53320	-0.1151	-0.4868	0.2311
AT1G53330	0.0019	-0.0405	0.2824
AT1G53340	0.5474	0.6059	0.1401
AT1G53345	-0.0185	-0.1574	0.2737
AT1G53350	-0.1221	-0.0279	0.2348
AT1G53380	0.0881	0.4182	0.2689
AT1G53390	-0.1688	0.0081	0.0771
AT1G53400	-0.1748	-0.0742	0.1179
AT1G53430	-0.0689	0.3556	-0.0956
AT1G53440	0.1717	1.0506	0.1193
AT1G53450	0.4452	0.1484	0.2396
AT1G53460	-0.1063	0.033	0.428
AT1G53470	0.4848	0.3848	-0.0403
AT1G53480	-0.2228	-0.0981	0.4616
AT1G53490	0.4071	1.2243	0.2737
AT1G53500	-0.1398	1.0281	-0.084
AT1G53510	0.1448	0.6793	0.0768
AT1G53520	-0.2075	0.0995	0.0978
AT1G53530	-0.2091	0.1493	-0.0917
AT1G53560	-0.2742	-0.2559	-0.3541
AT1G53570	-0.0208	0.3892	0.1393
AT1G53580	-0.27	-0.0049	-0.0523
AT1G53590	-0.0564	0.263	0.0905
AT1G53600	0.1154	0.1832	0.2595
AT1G53645	-0.1791	0.3077	0.1358
AT1G53650	-0.317	0.3325	0.0212
AT1G53670	-0.1824	-0.2723	-0.2437
AT1G53680	-0.2845	0.6295	-0.5424
AT1G53700	0.1809	0.4918	0.088
AT1G53710	-0.1974	-0.1215	0.4059
AT1G53720	-0.0545	0.1756	0.131
AT1G53730	-0.2311	0.3967	0.0491
AT1G53750	-0.0926	0.3485	0.017
AT1G53760	-0.0047	0.1502	0.1355
AT1G53770	-0.338	-0.1627	0.2508
AT1G53780	0.3317	-0.0016	0.3909
AT1G53790	0.186	0.8272	0.0516
AT1G53800	-0.2248	-0.351	0.2546
AT1G53830	-0.1073	0.4952	-0.4181
AT1G53840	0.3764	0.6196	0.3249
AT1G53850	-0.1552	0.3564	-0.2094
AT1G53860	0.3046	-0.602	-0.053
AT1G53880	-0.02	0.0766	0.1242
AT1G53910	-0.0474	-0.1373	-0.1981
AT1G53920	-0.1433	0.0384	-0.0065
AT1G54000	0.442	0.7831	0.06
AT1G54010	-0.0363	-0.2058	0.7278
AT1G54030	-0.216	0.0167	0.2232
AT1G54050	0.3139	-0.5597	0.2292
AT1G54060	-0.164	-0.3283	0.092
AT1G54080	-0.2118	-0.0947	0.2058
AT1G54090	-0.1036	0.2186	0.0022
AT1G54100	0.3178	-0.1702	0.1886
AT1G54110	-0.0558	0.2681	0.2553
AT1G54115	-0.1445	-0.1616	0.1363
AT1G54120	0.3481	0.0767	0.3826
AT1G54130	0.2078	0.5857	-0.0042
AT1G54140	0.064	0.215	0.1615
AT1G54150	-0.1101	-0.1591	0.1319
AT1G54160	0.0755	0.2581	0.4748
AT1G54170	-0.137	0.018	0.0054
AT1G54180	-0.0403	0.3083	0.3261
AT1G54200	-0.5116	0.5776	0.3347
AT1G54210	-0.1179	-0.5605	-0.0118
AT1G54220	-0.1721	0.7773	0.063
AT1G54250	0.0534	-0.0284	0.0638
AT1G54270	0.0611	0.5463	0.0359
AT1G54290	-0.2158	0.1981	-0.2475
AT1G54310	0.0511	0.3553	0.1868
AT1G54320	-0.1698	0.2449	-0.0834
AT1G54340	-0.4012	0.0737	0.0183
AT1G54350	-0.2843	0.093	-0.0235
AT1G54360	-0.1324	-0.0579	0.1962
AT1G54370	-0.0688	-0.0813	0.1161
AT1G54380	0.1527	0.2337	0.1216
AT1G54385	-0.3237	-0.9136	0.1826
AT1G54390	0.0188	0.0062	0.0454
AT1G54410	-0.2892	0.4269	0.0958
AT1G54440	-0.1622	-0.0908	0.2664
AT1G54450	-0.1446	0.4327	0.1708
AT1G54460	-0.3245	0.1108	0.4088
AT1G54490	0.1081	0.2308	0.2326
AT1G54500	-0.2677	-0.4678	-0.3833
AT1G54510	-0.0186	0.1315	0.4026
AT1G54520	-0.1024	0.1693	0.0074
AT1G54540	-1.0093	0.4207	-0.4744
AT1G54570	-0.4317	0.0706	-0.3176
AT1G54575	0.1399	0.8781	-0.1664
AT1G54580	-0.1008	-0.0031	-0.1971
AT1G54610	-0.0586	0.234	0.1238
AT1G54630	-0.0814	0.3256	-0.2045
AT1G54650	0.1385	0.5886	0.2506
AT1G54680	-0.2972	-0.255	0.2687
AT1G54690	-0.1301	0.3676	0.1054
AT1G54710	0.0105	-0.2008	-0.0051
AT1G54730	0.1596	0.7514	0.1072
AT1G54740	-0.4625	-1.5871	-0.4671
AT1G54770	-0.2489	-0.0334	0.1184
AT1G54780	-0.2813	0.1748	-0.2171
AT1G54830	-0.065	0.0663	0.0935
AT1G54840	-0.1396	-0.629	0.3625
AT1G54850	-0.1215	-0.1558	0.12
AT1G54920	-0.088	-0.1992	0.1466
AT1G54960	-0.4471	-0.4542	0.2293
AT1G54990	-0.1392	0.3433	-0.006
AT1G55000	-0.3866	-1.0848	-0.0102
AT1G55020	-0.4532	-0.5642	0.2566
AT1G55040	-0.204	0.3414	0.1264
AT1G55080	-0.1672	0.2784	0.3042
AT1G55090	0.0023	-0.2669	0.3235
AT1G55110	0.2369	-0.4745	0.306
AT1G55120	-0.0516	1.3766	0.1084
AT1G55130	-0.1651	-0.0209	0.2962
AT1G55140	-0.0746	0.4075	0.1046
AT1G55150	-0.116	0.0542	0.2381
AT1G55152	0.0497	-0.8524	-0.1673
AT1G55160	-0.2322	-0.0538	-0.0928
AT1G55170	-0.0901	-0.2522	0.1195
AT1G55180	0.0485	0.2973	0.0539
AT1G55190	0.1466	0.7049	-0.1503
AT1G55200	0.2119	-0.2557	0.0106
AT1G55205	-0.1745	0.3033	-0.1449
AT1G55210	-0.4933	-0.1324	-0.094
AT1G55250	0.237	0.1558	0.2368
AT1G55260	0.2987	-0.0593	-0.2484
AT1G55265	-0.3521	0.2483	-0.3742
AT1G55270	-0.3088	-0.0482	-0.0104
AT1G55280	-0.0532	-0.2156	0.1327
AT1G55300	-0.0589	0.0199	-0.0423
AT1G55310	0.1915	0.0063	0.2501
AT1G55320	-0.4527	0.1887	-0.0157
AT1G55325	0.1076	-0.1345	0.0983
AT1G55330	-0.4127	0.2436	-0.371
AT1G55340	-0.2863	0.2203	0.1889
AT1G55350	-0.1078	-0.0441	0.0996
AT1G55360	-0.1785	0.8401	-0.0012
AT1G55380	0.2909	0.4446	0.467
AT1G55450	-0.1391	0.4582	0.0414
AT1G55460	-0.0391	0.1924	0.1841
AT1G55475	-0.3492	-0.163	0.1162
AT1G55480	-0.2173	0.2645	-0.3843
AT1G55490	0.1108	0.2243	0.3294
AT1G55500	-0.1228	0.082	0.279
AT1G55510	-0.0573	-0.4904	0.1988
AT1G55520	-0.227	-0.1128	0.1473
AT1G55530	-0.1328	-0.3747	-0.2732
AT1G55535	-0.0262	0.4893	0.0697
AT1G55540	0.0574	-0.1432	0.1649
AT1G55580	-0.3838	-0.1848	-0.3459
AT1G55590	-0.1545	-0.0657	0.2992
AT1G55610	-0.429	0.018	0.1128
AT1G55620	-0.1536	0.1608	0.0835
AT1G55630	-0.0884	-0.0433	0.2244
AT1G55670	0.1745	0.1956	-0.5479
AT1G55675	-0.2894	-0.4373	-0.0215
AT1G55680	0.0224	-0.1597	0.0704
AT1G55690	-0.151	0.2692	0.3088
AT1G55730	-0.0837	0.5722	0.0712
AT1G55740	0.1743	0.3039	-0.0971
AT1G55750	-0.0609	0.1616	0.0392
AT1G55760	0.1208	0.5924	0.1707
AT1G55805	-0.1432	-0.5897	-0.1289
AT1G55810	-0.1998	-0.8373	0.2942
AT1G55820	0.0389	-0.0384	0.3255
AT1G55830	-0.1324	-0.0207	0.1314
AT1G55840	-0.0409	0.1841	0.1852
AT1G55850	0.6015	0.1943	-0.0109
AT1G55860	0.4761	0.0435	-0.0846
AT1G55870	0.036	0.0491	0.3786
AT1G55880	-0.221	-0.7358	0.2257
AT1G55890	-0.0994	0.0073	0.0775
AT1G55900	-0.0331	0.5762	0.2418
AT1G55910	-0.4495	-0.2888	-0.0541
AT1G55915	-0.3884	-0.3277	0.1873
AT1G55920	0.0577	-0.2427	0.1432
AT1G55930	-0.0829	0.5137	0.1793
AT1G55960	-0.2442	-1.5063	0.1728
AT1G55970	0.0158	-0.2208	0.0811
AT1G56000	-0.2039	-0.277	0.2315
AT1G56010	0.0657	0.2782	0.0836
AT1G56020	0.2518	0.6665	-0.1741
AT1G56045	-0.2256	0.1717	-0.1476
AT1G56050	-0.0476	0.3977	0.159
AT1G56070	0.1777	0.3259	-0.0613
AT1G56080	-0.094	0.3058	0.1206
AT1G56090	-0.1808	-0.0909	-0.0015
AT1G56110	-0.0812	0.625	0.1881
AT1G56120	-0.2939	-0.0644	0.2496
AT1G56130	0.0345	-0.0159	0.3804
AT1G56140	0.102	0.5016	0.0004
AT1G56145	-0.0548	0.5257	0.1476
AT1G56165	-0.001	0.1248	0.1197
AT1G56170	0.2142	1.2145	0.1908
AT1G56180	-0.1738	-0.329	0.0866
AT1G56190	-0.1793	-0.1705	-0.016
AT1G56200	-0.1146	-0.5592	0.2214
AT1G56210	-0.0155	-0.3004	0.0621
AT1G56220	-0.0843	-0.6604	-0.097
AT1G56230	-0.0209	0.2342	0.1841
AT1G56260	-0.0595	0.0708	0.0919
AT1G56280	0.0203	-0.2252	0.3281
AT1G56290	0.1216	-0.0278	0.1283
AT1G56300	0.4577	-0.9189	0.2703
AT1G56310	-0.2356	-0.3116	0.2059
AT1G56320	-0.42	0.7711	0.0862
AT1G56330	-0.1979	0.3928	-0.2068
AT1G56340	-0.1849	0.339	0.1076
AT1G56345	-0.0623	0.1895	0.0472
AT1G56350	-0.0109	0.2758	0.0639
AT1G56420	-0.1484	0.171	0.1521
AT1G56423	0.011	0.199	0.2336
AT1G56430	0.1428	0.7137	-0.8482
AT1G56440	-0.1099	0.0467	0.2345
AT1G56450	-0.017	0.3561	-0.0379
AT1G56460	-0.189	-0.4042	0.2943
AT1G56500	0.0337	0.1991	-0.2034
AT1G56540	0.046	0.3733	-0.4431
AT1G56560	-0.0694	0.2204	0.0664
AT1G56570	-0.2756	-0.4482	0.1614
AT1G56580	0.018	0.3199	-0.1245
AT1G56590	-0.1147	-0.0682	0.0434
AT1G56600	1.0957	0.3014	0.2301
AT1G56610	-0.3693	-0.074	0.1258
AT1G56612	-0.0808	-0.1703	0.1424
AT1G56660	0.114	1.577	0.2769
AT1G56670	-0.4043	0.8914	0.0539
AT1G56680	0.2003	0.0171	0.4476
AT1G56690	-0.2066	-0.1932	0.1979
AT1G56700	-0.2421	0.0637	-0.1625
AT1G56720	0.0824	0.9146	-0.0878
AT1G57540	-0.0571	-0.1497	0.0413
AT1G57600	-0.2101	0.4273	-0.0514
AT1G57610	-0.1815	0.3579	0.1337
AT1G57620	-0.081	0.5556	0.0676
AT1G57660	-0.0495	0.0817	-0.0037
AT1G57680	-0.1191	0.0606	-0.1056
AT1G57700	-0.0223	0.0823	0.2937
AT1G57720	0.1707	-0.0751	0.2388
AT1G57765	-0.1903	-0.2405	-0.1226
AT1G57790	-0.1678	-0.1307	-0.4419
AT1G57820	-0.1715	-0.4782	0.2573
AT1G57860	-0.0472	0.3468	-0.0769
AT1G57870	-0.2278	0.5291	0.0541
AT1G57980	-0.3994	-0.1994	0.0017
AT1G57990	0.3455	0.5632	-0.2638
AT1G58025	0.03	-0.292	0.4648
AT1G58030	0.2304	-0.6726	-0.0702
AT1G58060	0.1093	-0.0434	0.2207
AT1G58080	-0.2142	0.2399	-0.0483
AT1G58100	0.0175	0.4798	0.1778
AT1G58110	0.1447	0.3508	0.1612
AT1G58170	-0.1126	0.7912	0.0314
AT1G58180	0.0867	0.0875	0.3597
AT1G58200	-0.2939	-0.17	0.2192
AT1G58210	-0.1002	-0.0589	0.2769
AT1G58220	0.3011	0.0414	0.1391
AT1G58230	0.1679	0.0135	0.0549
AT1G58235	0.5837	-0.5686	-0.0766
AT1G58250	0.1332	0.1659	0.0958
AT1G58270	-0.2706	-0.3696	0.3217
AT1G58280	-0.0167	0.6739	0.3335
AT1G58290	-0.3104	-1.7767	0.0318
AT1G58340	-0.1201	-0.5852	-0.114
AT1G58350	-0.1327	0.2251	0.2468
AT1G58360	-0.1269	0.2682	-0.2235
AT1G58370	-0.2531	0.6068	-0.0467
AT1G58380	-0.0049	0.387	0.0769
AT1G58410	0.0564	0.3489	0.2308
AT1G58420	-0.0428	0.6664	-0.2976
AT1G58440	-0.0468	0.4959	0.0738
AT1G58470	0.14	-0.6977	0.1066
AT1G58520	-0.2338	-0.5317	-0.2078
AT1G59510	0.0272	0.5829	0.0139
AT1G59520	-0.0107	0.4245	0.103
AT1G59540	-0.452	-0.671	0.2873
AT1G59560	-0.1522	0.2888	0.0737
AT1G59580	-0.2072	0.2624	0.0262
AT1G59590	-0.1733	0.1014	-0.2645
AT1G59600	-0.0933	0.4007	0.0478
AT1G59610	0.0184	0.1444	0.2139
AT1G59640	0.4318	0.5483	0.5314
AT1G59650	-0.1697	-0.2479	0.0955
AT1G59660	-0.0646	0.0581	0.1249
AT1G59700	0.1127	-0.3397	-0.3544
AT1G59710	0.0649	0.7786	0.0398
AT1G59740	-0.6393	-0.9084	0.2024
AT1G59750	-0.0099	-0.179	0.2046
AT1G59760	0.0072	-0.1816	0.5186
AT1G59820	0.2723	0.422	0.0287
AT1G59830	-0.0866	-0.4044	0.1105
AT1G59840	-0.096	-0.1349	0.3161
AT1G59850	-0.1665	-0.1037	0.0064
AT1G59860	0.1041	0.6252	0.0708
AT1G59870	0.2482	0.6668	-0.1818
AT1G59890	0.1182	0.1098	0.3051
AT1G59900	-0.0658	-0.3656	0.2308
AT1G59910	-0.0028	-0.0575	0.1292
AT1G59940	0.4294	0.4643	0.8489
AT1G59960	-0.1201	0.4165	0.3573
AT1G59970	-0.2388	0.8181	-0.0862
AT1G59980	0.141	0.3685	0.582
AT1G59990	-0.3021	0.3949	0.1801
AT1G60000	0.2365	0.1768	0.1915
AT1G60010	0.5538	-0.3619	0.4289
AT1G60070	-0.1529	0.4059	0.2816
AT1G60080	-0.072	0.5326	0.1076
AT1G60140	-0.0623	-1.3577	-0.0021
AT1G60160	-0.1796	-0.7317	-0.0272
AT1G60170	-0.0286	-0.075	0.2039
AT1G60200	0.2372	0.0316	0.3243
AT1G60220	-0.1009	0.1935	0.2561
AT1G60230	-0.337	0.0228	0.112
AT1G60260	-0.1426	-0.7405	-0.0632
AT1G60270	-1.3858	-0.5142	0.0968
AT1G60390	-0.6873	-0.2568	0.0991
AT1G60420	-0.144	-0.3644	0.0035
AT1G60430	0.0355	0.0696	0.022
AT1G60440	-0.1911	0.4345	0.1552
AT1G60460	-0.1931	-0.3272	0.2269
AT1G60470	-0.8598	-0.1486	1.0269
AT1G60490	0.1337	0.376	0.0714
AT1G60545	-0.181	0.0616	0.2311
AT1G60550	-0.0482	-0.4606	0.1879
AT1G60560	-0.0984	-0.195	0.4022
AT1G60600	-0.3331	0.1252	-0.0892
AT1G60610	-0.0977	0.5216	0.2971
AT1G60620	0.0767	0.425	0.2744
AT1G60630	-0.0831	0.2503	0.5725
AT1G60640	-0.1564	0.6603	0.3642
AT1G60650	0.1739	0.4869	0.1081
AT1G60660	-0.2216	0.217	-0.0054
AT1G60670	-0.1451	0.1558	0.2034
AT1G60680	0.083	0.4653	0.0726
AT1G60690	-0.3325	-0.1245	-0.0262
AT1G60700	-0.3716	-0.2764	0.6426
AT1G60710	-0.254	0.2133	-0.0393
AT1G60730	0.179	-0.8085	0.2654
AT1G60770	-0.307	-0.1774	0.1759
AT1G60780	-0.0715	0.3728	0.1201
AT1G60790	-0.3028	0.2564	0.2466
AT1G60800	-0.545	-0.3781	0.2329
AT1G60810	-0.226	0.0091	0.003
AT1G60850	-0.0261	0.5342	0.2685
AT1G60860	0.0382	0.0383	0.3682
AT1G60870	-0.3067	0.3051	0.3404
AT1G60890	-0.0088	0.2956	0.1859
AT1G60900	0.2604	0.3185	0.2337
AT1G60930	0.1524	0.3238	0.3204
AT1G60940	-0.0038	0.0318	0.0507
AT1G60950	-0.3298	-0.5097	-0.2533
AT1G60960	0.2272	0.9345	-0.1888
AT1G60970	0.8135	0.226	0.3085
AT1G60989	0.3527	0.0998	-0.0151
AT1G60990	0.0432	0.2711	0.1015
AT1G60995	-0.1943	0.2616	0.0771
AT1G61000	-0.3539	0.0543	0.2996
AT1G61010	0.0269	-0.0635	0.0749
AT1G61030	0.0192	0.2372	0.1905
AT1G61040	0.0872	-0.1746	0.0087
AT1G61065	-0.2968	-0.6881	0.0913
AT1G61100	0.003	0.0319	0.0913
AT1G61140	0.1976	0.2565	0.0901
AT1G61150	-0.143	0.2663	0.1217
AT1G61170	-0.3623	0.1423	-0.0176
AT1G61180	-0.0331	0.1146	0.0313
AT1G61190	-0.3081	0.0028	0.2077
AT1G61210	-0.0974	-0.0231	0.1041
AT1G61215	0.1206	-0.0905	0.2346
AT1G61240	-0.5725	0.308	0.1741
AT1G61250	-0.112	0.3844	-0.2935
AT1G61260	0.475	1.5248	-0.0777
AT1G61280	0.0103	-0.0159	0.1902
AT1G61310	-0.2983	0.2362	-0.1232
AT1G61340	0.4894	0.618	0.237
AT1G61350	-0.0444	0.5325	0.1292
AT1G61360	-0.2519	-0.0862	0.0087
AT1G61370	0.3441	0.6326	0.1446
AT1G61380	0.3542	0.8014	0.237
AT1G61400	-0.1838	0.4276	0.292
AT1G61415	-0.2591	0.3271	0.1532
AT1G61420	-0.066	0.2316	0.2733
AT1G61430	-0.299	-0.3134	-0.0167
AT1G61450	-0.4534	-0.7777	0.1163
AT1G61490	-0.1153	0.1211	0.1703
AT1G61500	-0.1429	-0.0874	0.1448
AT1G61520	-0.1183	0.1899	-0.4044
AT1G61570	-0.2035	0.2795	-0.0202
AT1G61580	0.1466	0.0946	0.2224
AT1G61590	-0.1004	0.6121	-0.1461
AT1G61600	-0.0661	0.05	0.0838
AT1G61620	0.0242	-0.2723	-0.0029
AT1G61640	-0.1624	0.5518	0.183
AT1G61660	-0.3056	-0.0102	-0.0605
AT1G61667	-0.6126	0.1618	-0.109
AT1G61670	-0.2802	0.0571	0.0692
AT1G61690	0.1158	-0.4123	0.2202
AT1G61730	-0.1344	0.2667	0.1226
AT1G61740	0.3346	0.3741	0.3446
AT1G61760	-0.1867	0.066	-0.0007
AT1G61770	-0.1022	-0.0006	0.2769
AT1G61780	-0.0949	0.0304	-0.1135
AT1G61790	-0.1496	-0.2106	0.1085
AT1G61795	-0.2436	0.6255	-0.1561
AT1G61810	-0.2422	-0.4529	-0.3761
AT1G61820	-0.0977	-1.1979	0.0712
AT1G61840	0.7614	0.0097	0.0138
AT1G61850	-0.0409	0.5266	0.1812
AT1G61860	-0.3045	-0.0925	-0.179
AT1G61870	-0.1843	0.0035	0.2132
AT1G61890	-0.1825	-0.1185	-0.1066
AT1G61900	-0.137	-0.2338	0.1538
AT1G61930	-0.3175	0.5925	-0.348
AT1G61960	-0.2427	-0.114	-0.0513
AT1G61970	-0.0955	-0.3738	0.1016
AT1G61980	-0.2788	-0.1006	0.0301
AT1G61990	-0.1258	-0.082	0.08
AT1G62010	-0.0798	-0.057	0.0728
AT1G62020	0.0419	0.1656	0.0772
AT1G62040	-0.3195	-0.4158	-0.1516
AT1G62045	-0.3499	-0.1115	-0.2624
AT1G62050	-0.2914	-0.1578	0.0673
AT1G62085	-0.2946	-0.3496	-0.0137
AT1G62110	-0.2226	0.0166	0.1343
AT1G62120	-0.0814	-0.2566	0.095
AT1G62130	-0.1631	0.1706	0.5414
AT1G62150	-0.2186	0.0064	0.2632
AT1G62180	-0.2934	0.4763	-0.3229
AT1G62200	-0.3965	0.2956	0.0736
AT1G62250	0.0578	0.1937	0.2148
AT1G62260	0.1059	0.0932	0.2125
AT1G62290	1.5979	0.5985	-0.6882
AT1G62300	-0.2192	0.3307	-0.2418
AT1G62305	0.018	0.3282	0.3331
AT1G62310	0.1002	-0.0847	0.3401
AT1G62330	-0.0862	0.2645	0.0069
AT1G62350	-0.2281	-0.2581	0.1188
AT1G62370	-0.442	0.1652	-0.3629
AT1G62380	0.1947	2.1398	0.2324
AT1G62390	-0.1853	-0.2897	0.2322
AT1G62420	0.8451	2.4395	0.4821
AT1G62422	0.1339	0.3998	-0.1566
AT1G62430	-0.1231	-0.1458	-0.0527
AT1G62440	0.4025	1.0396	-0.1899
AT1G62480	-0.2717	0.5959	-0.0439
AT1G62500	-0.8873	-0.4607	0.7596
AT1G62510	0.2704	-0.2035	-0.1942
AT1G62520	-0.1754	-0.0921	0.0597
AT1G62560	-1.081	-1.1317	0.2284
AT1G62570	-0.2096	-0.2011	-0.1235
AT1G62600	-0.0786	0.0802	0.0294
AT1G62610	-0.2299	0.2974	0.1534
AT1G62640	-0.146	0.3027	-0.0234
AT1G62660	-0.3417	-0.6713	-0.2306
AT1G62670	-0.2136	0.0934	0.1017
AT1G62680	-0.1	-0.0242	0.2429
AT1G62710	0.6242	0.9151	-0.1147
AT1G62720	-0.1584	0.0164	-0.1006
AT1G62730	-0.0936	-0.0013	0.0867
AT1G62740	0.1964	0.6175	0.3036
AT1G62750	-0.1384	-0.4576	-0.2853
AT1G62770	0.046	0.8219	-0.1342
AT1G62780	0.0414	0.5155	0.0553
AT1G62790	-0.0598	1.5761	-0.0948
AT1G62800	-0.2608	0.5444	0.075
AT1G62810	0.8595	0.4036	-0.1165
AT1G62820	-0.0623	0.2642	-0.057
AT1G62830	-0.2822	-0.3728	0.2145
AT1G62850	0.0037	0.3552	0.1442
AT1G62870	-1.088	0.1902	-0.1274
AT1G62880	-0.123	0.0394	0.0429
AT1G62910	-0.1678	-0.2107	0.3323
AT1G62914	-0.0977	-0.017	0.1711
AT1G62930	-0.0216	0.0207	0.1613
AT1G62950	-0.22	-0.1671	-0.1409
AT1G62960	-0.1722	-0.6043	0.0853
AT1G62970	0.0333	0.06	0.096
AT1G62975	-1.7728	-1.0483	-0.1962
AT1G62981	-0.0085	0.1631	-0.1999
AT1G62990	-0.4095	-0.0158	-0.0426
AT1G63000	-0.1396	0.6204	0.0212
AT1G63010	-0.0908	0.7003	-0.0963
AT1G63020	0.1188	0.3107	0.0894
AT1G63050	0.047	-0.1299	0.053
AT1G63080	-0.2877	-0.1884	0.1416
AT1G63090	-0.3778	-0.1091	-0.0001
AT1G63100	-0.4705	-0.7113	0.2113
AT1G63110	-0.2237	-0.4821	0.1186
AT1G63120	-0.3192	0.2234	0.1281
AT1G63130	-0.1062	0.3714	0.1085
AT1G63150	-0.1441	0.1118	0.1839
AT1G63160	-0.093	-0.3036	0.1687
AT1G63170	-0.2473	-0.2254	0.0418
AT1G63180	0.6548	-0.362	-0.5557
AT1G63220	-0.0307	0.8225	-0.37
AT1G63240	-0.0038	-0.1947	0.0782
AT1G63250	0.0531	0.2588	0.4644
AT1G63260	-0.027	0.1594	0.2878
AT1G63270	-0.1028	0.0223	0.1561
AT1G63290	-0.1534	-0.0818	-0.0049
AT1G63300	0.1051	0.0557	0.5969
AT1G63310	-0.1113	0.5262	-0.2139
AT1G63380	-0.0427	-0.1813	-0.1427
AT1G63400	-0.0272	0.1522	0.3988
AT1G63420	-0.1795	0.4251	0.2
AT1G63430	-0.1543	0.247	-0.0315
AT1G63440	-0.245	0.2583	0.0071
AT1G63460	-0.3069	-0.1837	-0.1309
AT1G63470	-0.1879	0.0852	0.1819
AT1G63480	-0.1439	0.0211	0.3413
AT1G63490	0.2193	0.2072	0.2285
AT1G63500	0.0741	0.6961	0.0374
AT1G63530	-0.135	0.9015	-0.1926
AT1G63610	-0.1662	0.0931	0.0845
AT1G63640	-0.0224	-0.1875	0.4633
AT1G63650	-0.3195	-0.3185	0.5421
AT1G63660	-0.1997	-0.3339	0.259
AT1G63670	-0.5816	0.1666	0.078
AT1G63680	-0.0851	0.2707	-0.0472
AT1G63690	-0.3278	-0.4638	0.1933
AT1G63700	0.0656	0.085	0.0147
AT1G63720	0.0002	-0.1247	0.4744
AT1G63730	0.0504	-0.3009	0.0496
AT1G63740	-0.0098	-0.4626	0.3549
AT1G63750	-0.1404	0.1774	0.3002
AT1G63770	0.155	0.1339	0.2015
AT1G63780	-0.1269	0.1884	0.2843
AT1G63800	0.0301	0.3202	0.1574
AT1G63810	-0.0133	0.394	0.2222
AT1G63820	-0.097	0.5411	0.0996
AT1G63830	-0.0207	0.315	-0.0247
AT1G63840	0.0096	0.5643	-0.3133
AT1G63850	-0.0597	-0.0309	-0.0015
AT1G63855	0.0224	0.0213	0.2979
AT1G63900	0.0677	0.876	-0.0007
AT1G63930	0.0329	0.445	-0.2405
AT1G63940	-0.1854	1.01	-0.02
AT1G63970	-0.0755	0.4665	0.0617
AT1G63980	-0.3168	-0.4362	0.6267
AT1G64040	-0.2157	-0.4825	-0.1292
AT1G64050	-0.145	-0.4082	0.2599
AT1G64060	-0.0727	-0.1975	0.0511
AT1G64065	0.234	0.5573	0.1241
AT1G64080	-0.2156	-0.6879	0.4195
AT1G64090	-0.1642	-0.051	-0.0359
AT1G64105	-0.1679	0.3611	-0.1551
AT1G64110	1.9868	1.5758	0.085
AT1G64140	0.1863	0.0828	0.1346
AT1G64170	-0.4423	0.5103	0.143
AT1G64180	-0.2129	-0.2228	0.1594
AT1G64185	0.0551	-0.3004	-0.0101
AT1G64190	-0.0826	0.3796	0.0174
AT1G64200	-0.4865	-0.4579	0.141
AT1G64220	0.08	0.2363	-0.1224
AT1G64230	-0.1894	-0.5991	-0.0979
AT1G64280	-0.1122	-0.0456	0.1608
AT1G64300	-0.085	0.0822	-0.1169
AT1G64330	-0.2008	0.3541	0.1952
AT1G64350	0.0284	0.1897	0.0273
AT1G64355	-0.2276	0.0047	0.0024
AT1G64370	-1.143	-0.2836	0.9931
AT1G64380	-0.7058	-0.5648	-0.7147
AT1G64385	-0.1405	0.003	0.2824
AT1G64390	-0.4011	0.9768	-0.0184
AT1G64400	0.0245	0.1328	-0.1984
AT1G64405	-0.3459	0.8627	-0.4078
AT1G64430	-0.1527	-0.4267	0.0715
AT1G64440	-0.2251	0.2514	-0.1511
AT1G64450	-0.2408	0.1173	0.0974
AT1G64460	-0.0171	-0.2601	0.2556
AT1G64490	-0.1311	0.2685	-0.0466
AT1G64500	-0.5498	-0.7097	-0.6763
AT1G64510	-0.2649	0.3209	-0.0898
AT1G64520	-0.0445	0.2106	-0.137
AT1G64530	-0.291	0.2412	-0.0062
AT1G64550	0.0972	-0.1775	0.1769
AT1G64563	0.0359	0.0605	-0.0931
AT1G64570	-0.0602	-0.0236	0.0249
AT1G64572	0.2567	0.5648	0.122
AT1G64580	-0.1746	-0.182	0.1414
AT1G64583	-0.0354	0.2912	0.1421
AT1G64590	-0.87	-0.4653	0.2096
AT1G64600	0.0422	0.9626	0.249
AT1G64610	-0.0058	0.1324	-0.0396
AT1G64620	-0.2685	-0.3969	0.008
AT1G64625	-0.7461	-0.373	0.2266
AT1G64630	-0.2315	0.0766	0.1953
AT1G64640	0.3982	1.5453	-0.0846
AT1G64650	0.0814	0.7046	0.0421
AT1G64660	1.8367	1.5958	0.7182
AT1G64670	0.498	0.1831	0.276
AT1G64680	0.1627	-0.0139	-0.4954
AT1G64690	-0.2388	0.2511	0.0474
AT1G64700	0.0667	0.6951	0.2675
AT1G64710	0.9199	0.5712	-0.5103
AT1G64720	-0.0136	-0.8759	-0.0672
AT1G64740	-0.1888	-0.3637	-0.2381
AT1G64750	-0.2036	-0.3846	-0.1305
AT1G64760	-0.4014	0.1157	0.0648
AT1G64770	-0.0154	0.393	0.0658
AT1G64780	-0.7562	-0.6209	-0.5603
AT1G64790	0.2141	0.3261	0.1294
AT1G64810	0.2306	0.1564	0.4647
AT1G64840	0.0444	0.1787	0.073
AT1G64850	-0.0005	0.2471	-0.108
AT1G64860	-0.4858	-0.8896	0.0759
AT1G64880	-0.1529	0.2118	0.478
AT1G64890	-0.426	-0.42	-0.0785
AT1G64900	0.0777	-1.4788	0.0047
AT1G64950	0.0416	-0.2125	0.0336
AT1G64960	-0.0492	-0.0868	0.1879
AT1G64970	0.1302	-0.6237	0.108
AT1G64980	-0.0685	1.2027	0.0146
AT1G64990	-0.1708	0.2972	0.0967
AT1G65000	0.0369	-0.1694	0.0452
AT1G65010	0.1066	0.4057	0.4611
AT1G65020	-0.1565	0.0509	-0.0121
AT1G65030	-0.0281	0.674	0.2571
AT1G65032	-0.156	-0.2622	0.0962
AT1G65040	-0.124	0.1026	0.2836
AT1G65060	-0.5224	0.2826	-0.1529
AT1G65070	-0.0556	-0.1973	0.0829
AT1G65080	0.0063	0.2006	0.1942
AT1G65120	-0.2008	-0.1968	0.3709
AT1G65180	-0.1561	0.1488	-0.1437
AT1G65220	0.03	0.4627	0.219
AT1G65230	-0.1177	-0.178	-0.1416
AT1G65250	-0.2184	0.186	-0.0042
AT1G65260	-0.0011	-0.115	0.0924
AT1G65270	-0.105	0.4119	0.0915
AT1G65280	-0.0026	-0.3215	0.1974
AT1G65290	-0.2877	0.0685	-0.183
AT1G65295	-0.2977	0.1362	-0.0945
AT1G65310	0.309	1.8398	0.2429
AT1G65320	-0.2238	-0.0841	0.1245
AT1G65380	-0.1826	-0.0608	0.0623
AT1G65410	0.146	0.3503	0.1218
AT1G65420	-0.2304	-0.1525	-0.0502
AT1G65430	-0.2046	0.2232	0.0255
AT1G65440	0.3089	0.2561	0.1308
AT1G65470	-0.1293	0.1119	0.5549
AT1G65490	-1.3773	-1.1638	-0.3248
AT1G65520	-0.1269	0.2671	-0.0925
AT1G65540	-0.177	0.1573	0.2189
AT1G65560	-0.4005	-0.3262	0.0776
AT1G65580	0.0816	-0.0267	0.078
AT1G65590	-0.0865	0.3369	0.0126
AT1G65620	0.018	0.0225	0.0751
AT1G65650	0.0512	0.4425	0.0345
AT1G65660	-0.0025	-0.6157	0.2985
AT1G65690	-0.101	0.1307	0.023
AT1G65700	-0.1922	0.151	-0.0626
AT1G65710	-0.5096	-1.1417	0.1657
AT1G65720	-0.2842	-0.2971	-0.1953
AT1G65730	0.5371	0.5675	0.2699
AT1G65820	-0.2667	0.2509	-0.218
AT1G65840	-0.1114	1.2105	-0.2293
AT1G65845	-0.7487	-0.6918	-0.113
AT1G65860	-0.6772	-0.873	-0.0177
AT1G65900	-1.0405	-0.281	0.1339
AT1G65910	0.1032	0.5838	0.3652
AT1G65920	-0.2241	0.1436	0.1573
AT1G65930	-0.4306	-0.6593	-0.0093
AT1G65950	-0.1624	0.149	0.1118
AT1G65960	-0.5455	-0.027	-0.0491
AT1G65970	0.2248	-1.4769	0.0157
AT1G65980	-0.0101	-0.4638	0.0165
AT1G65985	-0.28	0.3972	0.0463
AT1G66050	0.115	-0.5582	0.1902
AT1G66070	-0.0544	0.5699	0.0705
AT1G66080	-0.125	0.3571	-0.1066
AT1G66140	0.3646	0.5177	0.1672
AT1G66150	0.1047	0.5337	0.0038
AT1G66160	0.5387	1.2717	-0.0236
AT1G66180	0.2788	0.8342	0.2088
AT1G66190	-0.4497	0.029	-0.0274
AT1G66200	-0.1035	0.0477	-0.5933
AT1G66230	-0.4675	-0.6032	-0.1176
AT1G66240	-0.0768	0.1842	-0.1568
AT1G66250	-0.0449	-0.189	0.1003
AT1G66260	0.0154	0.5121	0.1191
AT1G66270	0.0898	0.1822	0.3706
AT1G66280	-0.1105	-0.4253	0.103
AT1G66330	-0.3392	-0.08	-0.1198
AT1G66340	0.0633	0.0341	0.0818
AT1G66345	-0.1308	0.1233	0.2315
AT1G66350	-0.2029	0.7272	0.285
AT1G66400	0.0068	0.6425	0.1897
AT1G66410	-0.1982	0.1697	-0.0423
AT1G66430	-0.2719	0.7252	-0.0372
AT1G66470	0.1986	0.1246	0.4993
AT1G66480	-0.1534	0.6307	0.265
AT1G66500	0.2389	0.6895	-0.0987
AT1G66510	0.0317	0.3905	0.2238
AT1G66520	-0.0348	0.4517	0.3287
AT1G66530	0.0221	0.043	0.1456
AT1G66580	-0.026	-0.2142	0.0158
AT1G66590	-0.2247	0.1415	0.1855
AT1G66620	-0.2879	-0.1181	0.2147
AT1G66650	0.0368	-0.228	0.1983
AT1G66660	-0.0014	0.3614	0.0545
AT1G66670	-0.036	0.4329	0.12
AT1G66680	-0.1222	-0.2246	0.0573
AT1G66725	-0.4079	-0.1641	-0.8952
AT1G66730	-0.1219	-0.1086	0.0777
AT1G66740	-0.1186	-0.1868	0.0733
AT1G66750	-0.1283	0.2963	0.273
AT1G66760	-0.2975	-0.8021	0.3018
AT1G66810	-0.1233	0.3759	0.0698
AT1G66820	-0.0803	-0.117	-0.0108
AT1G66880	-0.1903	0.1214	0.2239
AT1G66890	-0.3886	-0.4515	-0.1971
AT1G66900	-0.2188	0.1252	0.0443
AT1G66940	-0.4278	0.8294	0.1823
AT1G67030	-0.762	-0.7547	-0.6257
AT1G67035	-0.4204	-0.4632	-0.0812
AT1G67040	-0.0537	-0.2892	0.1219
AT1G67050	-0.1783	0.2783	-0.2519
AT1G67060	0.0368	0.2717	-0.016
AT1G67070	0.1113	0.0887	-0.3269
AT1G67080	-0.3574	-0.0579	-0.1572
AT1G67090	0.3579	-0.186	-0.6633
AT1G67105	0.4341	0.4385	-1.0831
AT1G67110	0.0208	0.7307	0.5727
AT1G67120	0.385	0.323	0.3771
AT1G67140	0.1306	0.3314	-0.0542
AT1G67170	-0.0775	0.3673	-0.0077
AT1G67180	-0.3057	-0.1764	0.012
AT1G67190	-0.1015	-0.0623	-0.1288
AT1G67210	0.106	0.1648	0.1849
AT1G67230	0.0872	0.3909	0.2505
AT1G67250	-0.0449	0.5241	0.0097
AT1G67280	-0.0019	-0.2234	0.1454
AT1G67300	0.0291	0.1697	0.1683
AT1G67310	0.0046	-0.0341	0.2941
AT1G67320	-0.403	-0.2071	0.2168
AT1G67325	0.0141	-0.1363	0.1713
AT1G67328	-0.2775	-0.4173	-0.0417
AT1G67340	-0.4424	-0.1131	-0.1815
AT1G67350	-0.2337	0.093	-0.2353
AT1G67360	-0.2654	0.9892	-0.4456
AT1G67400	0.1692	0.1426	0.1382
AT1G67410	-0.0266	0.4408	-0.0171
AT1G67420	0.0246	0.2808	0.3388
AT1G67430	0.0461	0.3643	-0.0557
AT1G67440	0.0044	0.3556	0.072
AT1G67470	0.041	0.3106	-0.105
AT1G67480	0.0656	-0.1167	-0.0417
AT1G67490	0.1285	0.3209	0.1509
AT1G67500	0.1955	0.0568	0.1204
AT1G67510	-0.0043	0.6324	-0.2266
AT1G67530	0.0883	-0.0719	0.1874
AT1G67550	0.0419	-0.0953	0.2119
AT1G67560	0.0858	0.3047	0.1077
AT1G67570	-0.1145	0.2658	-0.0166
AT1G67580	0.0582	-0.3252	0.0816
AT1G67590	0.1233	0.2192	0.2775
AT1G67600	0.7366	0.1475	-0.137
AT1G67620	-0.0053	0.5841	-0.0406
AT1G67630	-0.3549	-0.4504	0.125
AT1G67650	-0.001	0.333	0.1806
AT1G67660	-0.0834	-0.312	0.1908
AT1G67680	-0.0068	0.2263	0.1118
AT1G67690	0.1577	0.1529	0.2561
AT1G67700	-0.1204	0.2327	0.1291
AT1G67710	0.1159	-0.0165	0.0778
AT1G67720	0.0059	0.5034	0.0608
AT1G67730	-0.232	0.365	-0.069
AT1G67740	-0.0885	0.4044	-0.2986
AT1G67750	-0.3191	0.3934	0.3814
AT1G67780	-0.3297	-0.2974	0.132
AT1G67785	-0.239	0.159	-0.1672
AT1G67792	0.0832	-0.0196	0.2044
AT1G67800	-0.0395	0.5817	-0.3769
AT1G67810	0.9529	0.0838	0.367
AT1G67820	0.0807	-0.7203	-0.0242
AT1G67830	-0.644	-0.2498	0.5629
AT1G67840	-0.2455	-0.0391	0.1616
AT1G67850	-0.0498	0.402	0.3635
AT1G67870	-0.6443	-0.375	0.7654
AT1G67880	-0.0572	0.423	-0.0456
AT1G67890	0.0591	0.2937	0.1745
AT1G67900	-0.529	-0.0202	0.2502
AT1G67910	0.3657	1.5096	0.7682
AT1G67930	-0.0808	0.5431	0.09
AT1G67940	-0.1679	0.566	-0.2582
AT1G67950	-0.0484	0.7496	0.1728
AT1G67960	-0.1613	-0.2283	0.0427
AT1G67970	0.1303	-0.3811	0.2206
AT1G68000	-0.3177	0.1898	-0.2178
AT1G68010	0.5569	-0.3477	-0.8427
AT1G68020	-0.0966	-0.3599	0.1703
AT1G68060	-0.1242	0.3169	0.166
AT1G68070	-0.2485	0.1471	-0.073
AT1G68080	-0.1397	-0.1286	0.0763
AT1G68100	0.0661	0.4382	0.1009
AT1G68120	0.3413	0.166	0.1926
AT1G68130	0.2504	0.092	0.4076
AT1G68140	-0.1782	-0.6397	0.1347
AT1G68160	-0.2606	0.1997	0.2702
AT1G68185	-0.1076	0.5736	-0.0044
AT1G68200	0.0316	0.1904	-0.3356
AT1G68220	0.034	-0.0168	0.0591
AT1G68238	-0.6592	-0.4369	-0.3017
AT1G68260	-0.1783	0.0079	0.248
AT1G68300	-0.2531	0.0862	-0.1772
AT1G68310	-0.0109	0.0553	0.0598
AT1G68330	0.4033	1.0627	0.191
AT1G68340	0.0181	0.3973	0.1595
AT1G68360	-0.2424	0.5934	0.2813
AT1G68370	-0.1084	0.1074	0.0705
AT1G68400	-0.2539	0.0129	-0.0184
AT1G68410	0.096	0.4694	0.1615
AT1G68430	-0.0183	0.4677	-0.1464
AT1G68440	-0.5132	-0.8816	-0.1396
AT1G68470	-0.2512	0.1418	0.0633
AT1G68490	-0.1318	-0.3029	-0.0193
AT1G68500	0.0212	0.6167	-0.6708
AT1G68530	0.537	-0.237	-0.9408
AT1G68540	-0.4985	0.1295	0.2387
AT1G68550	-0.1586	0.4744	-0.1442
AT1G68560	-0.1234	-0.3354	0.4224
AT1G68570	0.1862	0.1023	0.3557
AT1G68580	0.0736	0.081	0.1997
AT1G68585	-0.7171	0.0241	-0.1043
AT1G68590	-0.331	0.4133	-0.0234
AT1G68620	0.3749	-0.9801	0.2597
AT1G68640	-0.2942	-0.0314	0.1467
AT1G68650	-0.2559	-1.1341	0.0996
AT1G68660	-0.0853	-0.1295	-0.0722
AT1G68670	-0.3745	-0.5012	-0.0575
AT1G68680	-0.1614	0.0212	-0.1354
AT1G68690	0.0608	0.3296	0.1561
AT1G68710	-0.1322	-0.5918	0.0001
AT1G68720	-0.038	0.062	0.2132
AT1G68730	-0.1383	-0.1134	0.0617
AT1G68740	0.1739	0.4184	-0.2553
AT1G68760	-0.0134	0.9772	-0.1444
AT1G68790	0.121	0.1899	0.5303
AT1G68810	-0.214	0.1594	0.22
AT1G68820	-0.1447	0.1262	-0.119
AT1G68830	-0.3233	-0.1242	-0.2201
AT1G68840	-0.0329	0.3639	-0.2782
AT1G68850	-0.8258	0.5409	0.1521
AT1G68862	0.0574	0.6267	0.4854
AT1G68872	-0.1161	-0.2963	-0.0105
AT1G68880	-0.4395	0.4897	-0.1306
AT1G68890	-0.2344	0.1424	0.3287
AT1G68910	-0.386	-0.3781	-0.0188
AT1G68920	0.1636	0.3284	0.3232
AT1G68930	-0.0645	-0.0901	0.1747
AT1G68945	0.1875	-0.0277	-0.3279
AT1G68980	-0.2099	0.0867	0.063
AT1G68990	0.0432	0.3573	0.3606
AT1G69010	-0.1277	-0.0206	0.0808
AT1G69020	0.2518	0.4281	0.1565
AT1G69030	-0.1014	0.976	0.2467
AT1G69040	0.2002	0.6075	0.3186
AT1G69060	0.0418	-0.1607	0.0624
AT1G69070	0.0528	0.2694	0.3232
AT1G69080	-0.1892	-0.4492	0.0664
AT1G69160	-0.8406	-0.1003	0.4562
AT1G69170	-0.1543	0.352	0.524
AT1G69200	-0.4367	0.1348	0.2232
AT1G69210	-0.1205	-0.0802	0.2897
AT1G69220	0.0028	-0.0965	0.1199
AT1G69230	-2.0602	-0.3963	1.0153
AT1G69250	-0.0477	0.2614	0.0577
AT1G69252	0.2429	-0.53	-0.1954
AT1G69260	-0.4925	-0.311	-0.1989
AT1G69270	-0.0942	-0.1772	-0.1603
AT1G69280	-0.3005	-0.007	0.1606
AT1G69290	-0.2794	-0.1317	0.1503
AT1G69295	0.1368	0.6278	-0.0622
AT1G69310	-0.6138	0.1492	-0.0755
AT1G69330	-0.0613	0.1914	0.1467
AT1G69340	-0.1193	0.2928	-0.1023
AT1G69350	0.1061	0.1173	0.1351
AT1G69360	-0.2646	-0.5152	-0.1263
AT1G69370	-0.3525	-0.0603	0.1913
AT1G69380	-0.1015	-0.0587	0.3676
AT1G69390	0.1304	0.3677	-0.0128
AT1G69400	-0.3247	-0.443	0.117
AT1G69410	0.1937	0.3182	-0.1648
AT1G69420	-0.2802	-0.0873	0.2646
AT1G69430	0.0006	-0.0118	0.2846
AT1G69440	-0.094	-0.0259	0.3339
AT1G69450	0.0689	0.5331	-0.0983
AT1G69460	-0.2162	0.0852	-0.0868
AT1G69480	0.3556	0.9286	0.1273
AT1G69490	0.3279	-0.6118	0.4326
AT1G69510	-0.0775	-0.0229	0.2549
AT1G69520	0.3333	1.3554	0.117
AT1G69523	0.0178	-0.0118	0.1673
AT1G69526	0.6766	0.2258	-0.3098
AT1G69530	0.3363	1.0642	0.2058
AT1G69550	0.0188	-0.2732	0.1514
AT1G69580	-0.5752	-0.3506	0.1279
AT1G69587	-0.0023	-0.2981	0.2398
AT1G69600	0.7835	0.182	-0.0525
AT1G69610	-0.3274	-0.3999	0.1119
AT1G69620	0.0088	0.0273	-0.0336
AT1G69640	-0.2815	0.1437	-0.3436
AT1G69670	-0.1548	-0.0146	0.0677
AT1G69680	-0.0304	0.5368	-0.1762
AT1G69690	-0.3692	0.0543	0.0865
AT1G69700	-0.0962	-0.0348	0.3184
AT1G69710	-0.0728	-0.0148	0.5624
AT1G69740	-0.0603	0.3802	-0.0164
AT1G69750	-0.1191	0.1392	0.1397
AT1G69760	0.1986	0.8913	0.1397
AT1G69770	-0.1126	-0.2139	0.2217
AT1G69780	-0.4471	0.444	0.283
AT1G69790	0.1332	-0.4685	-0.2908
AT1G69800	0.1664	-0.3306	0.0328
AT1G69810	-0.0835	-0.1712	-0.1539
AT1G69830	-0.4237	-0.5664	0.1905
AT1G69840	0.1181	0.6353	0.0773
AT1G69850	0.1708	0.6345	0.0379
AT1G69870	-0.2028	0.2193	0.0767
AT1G69880	-0.3164	0.33	1.2721
AT1G69890	-0.1456	-0.0396	-0.1612
AT1G69900	0.0372	0.8953	-0.5003
AT1G69910	0.0326	0.0625	0.2126
AT1G69935	-0.0766	-0.1138	0.089
AT1G69960	-0.102	0.5009	-0.127
AT1G69970	-0.5047	-0.4966	0.0047
AT1G69980	-0.2512	0.1232	0.0343
AT1G70000	0.0459	0.3583	-0.1659
AT1G70060	0.1712	0.0736	0.3405
AT1G70070	-0.1706	-0.4157	0.0971
AT1G70090	-0.2608	-0.1333	0.1403
AT1G70100	0.1787	0.0011	0.242
AT1G70140	0.1395	0.3898	-0.1307
AT1G70150	-0.2883	-0.7472	0.3151
AT1G70160	-0.1188	-0.0029	-0.068
AT1G70180	0.1234	-0.2145	0.1076
AT1G70190	-0.2138	-0.4192	0.1868
AT1G70200	-0.1785	0.1376	0.2047
AT1G70210	-0.2888	-0.5232	-0.0487
AT1G70230	-0.2781	0.8677	-0.1241
AT1G70250	0.0716	0.1269	-0.1218
AT1G70280	-0.0805	0.5213	0.2484
AT1G70290	0.7799	-0.5721	0.303
AT1G70300	0.0979	-0.5655	-0.2211
AT1G70310	-0.2128	-0.4413	0.3608
AT1G70320	0.2643	0.0623	0.0758
AT1G70330	-0.2121	0.4606	-0.2983
AT1G70340	-0.5169	-0.3275	0.2487
AT1G70350	-0.0709	0.2698	-0.092
AT1G70360	-0.2314	-0.5851	0.1279
AT1G70370	-0.7388	-0.26	-0.0237
AT1G70410	-0.4014	0.0283	-0.4603
AT1G70420	0.0535	-0.2358	-0.1374
AT1G70430	-0.2878	-0.0918	0.3944
AT1G70460	0.0111	-0.1036	-0.0971
AT1G70470	-0.5095	-0.2619	-0.0518
AT1G70480	-0.4168	-0.2462	0.1408
AT1G70490	-0.0909	0.7413	-0.0959
AT1G70505	-0.3529	0.0771	0.1957
AT1G70510	0.1787	0.6128	-0.1147
AT1G70518	-0.058	-0.2808	0.0756
AT1G70520	0.0357	0.4216	0.2803
AT1G70530	-0.081	-0.1692	0.0985
AT1G70550	-0.3407	-0.4708	0.1099
AT1G70560	0.1995	0.5758	0.3891
AT1G70570	-0.1464	0.2308	0.0702
AT1G70580	-0.1398	-0.2927	0.2139
AT1G70590	0.0757	0.148	0.0618
AT1G70600	-0.0114	0.5143	0.0363
AT1G70610	0.0586	0.1409	0.3219
AT1G70620	0.1059	-0.0262	0.3517
AT1G70630	-0.0328	0.2225	0.466
AT1G70650	0.0457	0.078	0.3285
AT1G70660	-0.3099	-0.6101	0.0881
AT1G70670	-0.4923	-0.0811	0.0105
AT1G70690	-0.5788	-0.056	-0.0359
AT1G70700	-0.2939	-1.016	-0.1193
AT1G70710	-0.2589	-0.495	0.3868
AT1G70730	0.0169	0.6635	-0.0136
AT1G70740	-0.08	0.7068	-0.2015
AT1G70750	-0.3312	0.6469	0.0518
AT1G70770	-0.0817	0.3983	0.0133
AT1G70780	-0.016	0.4495	-0.0457
AT1G70790	-0.0677	-0.0166	0.3866
AT1G70800	0.2274	0.3649	-0.1928
AT1G70810	0.4065	0.4626	-0.2494
AT1G70830	1.0514	-0.0892	-1.7733
AT1G70850	-0.741	-1.274	0.2108
AT1G70890	-0.5049	-0.8705	-0.8382
AT1G70895	-0.3136	-0.0346	-0.1201
AT1G70900	-0.2522	-0.0236	-0.033
AT1G70940	0.1175	0.5137	-0.1124
AT1G70950	0.2278	0.6367	0.2492
AT1G70980	-0.0114	0.0314	0.283
AT1G70985	0.1931	0.5324	-0.2015
AT1G70990	0.1525	0.9675	-0.2418
AT1G71010	0.2601	0.224	0.0118
AT1G71020	-0.1526	-0.1167	0.1386
AT1G71030	0.178	-1.0035	0.2715
AT1G71040	-0.3666	0.3659	0.0939
AT1G71050	-0.4273	-0.2625	-0.3407
AT1G71060	-0.0854	-0.1115	0.3804
AT1G71070	-0.1698	0.3745	0.1731
AT1G71080	-0.1582	-0.3767	0.3741
AT1G71090	-0.3086	-0.3083	-0.2354
AT1G71100	0.1261	0.9091	0.1002
AT1G71110	0.0752	0.8336	0.1118
AT1G71130	0.0432	-0.306	-0.055
AT1G71170	0.0407	0.2619	0.0223
AT1G71180	-0.2149	-0.5161	0.2477
AT1G71190	-0.167	0.204	-0.0956
AT1G71210	-0.2623	0.1488	0.0745
AT1G71220	0.0603	0.2129	0.4304
AT1G71230	-0.0026	0.4801	0.1415
AT1G71240	-0.1926	0.0064	0.0712
AT1G71260	-0.233	-0.1086	0.0545
AT1G71270	-0.0695	0.4188	0.1944
AT1G71310	-0.0627	0.2644	0.1176
AT1G71330	-0.1026	0.0748	0.3866
AT1G71340	0.0071	-0.1885	-0.1336
AT1G71350	0.1085	-0.2373	0.3098
AT1G71360	-0.0675	0.3519	0.1194
AT1G71400	0.0196	0.1815	-0.1757
AT1G71410	0.1467	-0.127	0.1218
AT1G71420	-0.004	0.3393	0.0441
AT1G71430	-0.1754	-0.1035	-0.0428
AT1G71440	-0.1001	0.279	0.0824
AT1G71460	-0.1225	-0.2696	0.1093
AT1G71480	-0.0957	-0.5378	-0.2961
AT1G71490	0.2313	0.1675	0.1037
AT1G71500	-0.3647	-0.4289	-0.252
AT1G71528	-0.2451	-0.3198	0.3389
AT1G71692	-0.1584	0.1295	0.2978
AT1G71695	0.1226	-0.3123	0.1951
AT1G71696	-0.0433	0.5385	0.4766
AT1G71697	-0.0907	0.2776	-0.2806
AT1G71710	-0.3737	0.2321	-0.1957
AT1G71720	-0.034	-0.0962	0.2528
AT1G71730	-0.2543	-0.2266	-0.0532
AT1G71750	-0.1798	0.2287	-0.045
AT1G71760	-0.2204	-0.1241	0.3952
AT1G71780	0.0838	0.4856	-0.2271
AT1G71790	0.0521	-0.2653	0.2085
AT1G71800	-0.0268	-0.1392	0.2303
AT1G71810	-0.2415	0.1468	-0.0729
AT1G71820	-0.1129	0.1632	-0.021
AT1G71830	-0.3373	0.3628	0.1901
AT1G71840	-0.0244	0.4651	0.0693
AT1G71850	-0.2758	0.049	0.1917
AT1G71860	-0.1168	0.0095	0.1547
AT1G71865	0.1672	0.2368	0.0727
AT1G71870	-0.4964	0.0277	-0.3907
AT1G71880	-0.2246	2.2119	0.1821
AT1G71900	-0.1448	0.2842	0.1252
AT1G71940	-0.1281	0.0603	0.0875
AT1G71950	-0.0836	0.2408	-0.3134
AT1G71960	-0.0352	0.5241	-0.0765
AT1G71970	0.1478	0.9862	0.067
AT1G71980	-0.1418	-0.087	-0.0117
AT1G71990	-0.0504	-0.5443	0.3407
AT1G72010	-0.3301	0.2748	-0.0216
AT1G72020	-0.2484	0.1599	-0.2855
AT1G72030	-0.6195	-1.4429	-0.165
AT1G72040	0.104	-0.0232	0.0476
AT1G72050	0.0258	0.349	0.3641
AT1G72060	0.7777	-1.1696	0.0885
AT1G72070	0.6368	1.1702	0.2082
AT1G72090	0.0055	0.0414	0.266
AT1G72120	-0.1035	-0.0775	0.424
AT1G72130	-0.1506	0.2526	-0.092
AT1G72140	-0.5249	-0.8933	-0.0017
AT1G72150	-0.0901	0.3767	-0.0542
AT1G72160	-0.366	0.3224	-0.2066
AT1G72170	-0.0742	0.3787	-0.0518
AT1G72175	0.0491	0.3516	0.0039
AT1G72180	-0.4188	0.0913	-0.0295
AT1G72190	-0.0256	0.0966	0.2076
AT1G72200	-0.2373	-0.4409	-0.4404
AT1G72210	0.1037	0.3179	0.2134
AT1G72230	-0.4659	0.1543	-0.3477
AT1G72240	-0.0122	1.1606	-0.6005
AT1G72250	-0.3802	-0.8824	0.2367
AT1G72275	-0.1003	-0.1755	0.1382
AT1G72280	-0.1067	0.6939	0.2077
AT1G72300	-0.0554	0.3853	-0.2466
AT1G72310	-0.5939	-0.0406	-0.175
AT1G72320	-0.0293	-0.1374	0.3403
AT1G72330	0.0826	-0.4378	-0.0004
AT1G72340	0.0148	0.4496	0.0291
AT1G72360	0.3649	1.4984	0.0277
AT1G72370	0.1049	0.3051	0.0854
AT1G72390	0.1049	-0.1053	0.0864
AT1G72410	-0.0397	-0.5348	0.4176
AT1G72416	0.2409	2.0053	-0.1431
AT1G72420	-0.0863	0.4166	0.3063
AT1G72430	-0.3182	0.3538	-0.6079
AT1G72440	0.1621	0.8476	0.2826
AT1G72450	-0.0603	1.2497	0.5086
AT1G72470	-0.0414	0.6723	0.0212
AT1G72480	-0.0464	0.2779	0.1834
AT1G72500	-0.7097	-0.1325	-0.0184
AT1G72510	-0.6496	-0.2348	-0.5214
AT1G72520	0.1611	0.4828	0.0732
AT1G72530	-0.064	-0.1585	0.278
AT1G72550	-0.0272	0.0694	0.1359
AT1G72560	0.0946	0.2218	0.2098
AT1G72600	0.2436	0.6112	0.1095
AT1G72610	-1.1105	0.5253	0.3787
AT1G72630	-0.1008	0.4674	-0.1113
AT1G72640	0.1095	-0.1678	0.164
AT1G72645	0.3747	-0.8468	-0.3513
AT1G72650	-0.0032	-0.4271	0.0188
AT1G72670	-0.4402	-0.8954	0.3535
AT1G72680	-0.0904	-0.4222	0.1773
AT1G72690	-0.1238	0.2773	0.0074
AT1G72700	-0.1337	0.5377	-0.1972
AT1G72710	-0.2287	0.0031	0.0967
AT1G72720	-0.215	0.2102	0.4088
AT1G72730	-0.0301	-0.0137	-0.0209
AT1G72740	-0.1194	-0.1135	0.3236
AT1G72750	-0.0333	0.0714	0.0309
AT1G72770	-0.3824	-1.1832	0.1718
AT1G72790	0.253	0.8801	-0.0131
AT1G72800	0.3714	0.9263	-0.1794
AT1G72810	-0.5868	-0.264	-0.0423
AT1G72820	-0.0254	-0.7994	0.3139
AT1G72830	-0.2931	0.1019	0.2064
AT1G72840	0.25	-0.2809	0.4717
AT1G72850	0.2519	0.1588	0.4108
AT1G72852	0.0834	-0.3578	0.1145
AT1G72855	0.2092	0.0195	0.0392
AT1G72880	-0.1961	0.1036	-0.1852
AT1G72890	0.1425	0.2502	-0.0302
AT1G72900	0.4985	0.0372	0.5762
AT1G72920	0.3957	1.1563	0.2139
AT1G72930	0.3543	-0.3074	-0.006
AT1G72940	0.028	-0.1872	0.1245
AT1G72970	0.3046	-0.1691	0.478
AT1G72990	-0.0422	0.0281	0.3272
AT1G73010	0.928	0.3949	0.0904
AT1G73020	-0.1919	-0.0639	0.1841
AT1G73030	-0.1105	0.1956	-0.212
AT1G73040	0.1188	0.9536	0.5364
AT1G73060	-0.0405	0.142	0.004
AT1G73080	0.0213	0.2067	0.0444
AT1G73090	0.0564	-0.1029	0.2301
AT1G73100	-0.1375	0.2032	0.0358
AT1G73110	0.0452	0.6271	0.3635
AT1G73120	1.0234	0.2904	-1.7649
AT1G73130	-0.1964	0.7372	-0.1319
AT1G73150	-0.0231	-0.2506	0.194
AT1G73170	-0.4272	-0.0396	0.0418
AT1G73177	-0.1882	0.5059	-0.0685
AT1G73180	-0.0659	-0.1945	0.3934
AT1G73200	0.0144	0.2392	0.0439
AT1G73210	-0.3299	-0.1399	-0.0505
AT1G73220	1.5578	0.9783	0.5036
AT1G73230	-0.0727	-0.1471	-0.0048
AT1G73240	-0.0391	0.3318	0.2197
AT1G73250	-0.0391	-0.1102	0.1358
AT1G73260	0.5027	-1.1117	0.1022
AT1G73310	-0.3054	0.2183	0.332
AT1G73320	0.0791	0.297	0.1158
AT1G73330	-1.0946	-1.3289	0.7429
AT1G73350	-0.1043	0.1823	0.126
AT1G73360	-0.4247	-0.4937	0.1639
AT1G73370	-0.0406	-0.0612	0.1221
AT1G73380	0.1358	-0.026	0.1599
AT1G73390	-0.2792	-0.369	-0.026
AT1G73400	-0.0108	-0.4776	0.3745
AT1G73430	0.0101	0.3454	0.1387
AT1G73440	-0.007	0.1954	-0.072
AT1G73450	-0.087	-0.2238	0.1601
AT1G73460	-0.1208	-0.1587	0.267
AT1G73470	0.027	0.0922	0.1488
AT1G73480	-0.2553	-0.7381	0.0963
AT1G73490	0.0442	0.1754	0.3878
AT1G73500	0.0602	0.3751	0.0696
AT1G73530	0.1366	0.0543	0.1977
AT1G73540	0.513	0.5652	0.3525
AT1G73570	-0.2112	0.4341	0.1006
AT1G73590	-0.1711	-0.1677	0.1435
AT1G73600	-0.749	0.8196	0.0274
AT1G73620	-0.2369	-0.6045	0.1325
AT1G73630	-0.5591	0.3342	-0.3391
AT1G73640	-0.6096	0.1817	0.0707
AT1G73650	-0.5202	0.1776	-0.4258
AT1G73655	0.2412	-0.0781	0.022
AT1G73660	-0.2257	-0.2002	-0.2499
AT1G73670	-0.4812	-0.2242	0.0774
AT1G73680	-0.1796	0.2602	-0.2089
AT1G73690	-0.26	-0.2569	0.0857
AT1G73710	0.0564	-0.1917	0.0553
AT1G73720	0.0163	-0.4245	0.2098
AT1G73730	-0.2838	-0.0843	-0.0623
AT1G73740	-0.0718	0.1624	-0.0644
AT1G73750	-0.1038	-0.1622	0.3236
AT1G73760	-0.2459	-0.1495	-0.0263
AT1G73770	-0.1035	-0.284	0.092
AT1G73790	-0.0959	0.1113	-0.1348
AT1G73805	-0.0959	0.5003	0.3165
AT1G73820	0.0306	0.0937	0.2616
AT1G73840	-0.091	0.1368	0.144
AT1G73850	-0.2597	-0.1948	0.3175
AT1G73875	0.1079	0.1125	0.3476
AT1G73880	0.1921	0.4154	0.008
AT1G73885	-0.0058	-0.6896	-0.1926
AT1G73920	-0.3414	-0.622	-0.1682
AT1G73930	-0.0829	0.2623	-0.0042
AT1G73940	-0.0642	-0.033	0.2169
AT1G73950	-0.1633	0.1043	0.0971
AT1G73960	0.1371	0.342	0.2668
AT1G73970	0.0641	-0.2964	0.1062
AT1G73980	-0.1274	-0.1943	0.2467
AT1G73990	-0.156	0.2562	0.2573
AT1G74000	-0.3126	0.134	0.0321
AT1G74010	-0.3327	-0.1065	-0.0907
AT1G74020	-0.4391	-0.3678	-0.493
AT1G74030	-0.2998	0.2202	0.1406
AT1G74040	0.0557	0.173	0.3236
AT1G74050	0.0336	-0.2003	0.0316
AT1G74060	-0.0867	0.0162	0.0288
AT1G74070	-0.371	-0.0965	0.3072
AT1G74088	0.0588	0.3444	0.4386
AT1G74090	-0.5357	-0.323	-0.1528
AT1G74100	-0.2326	0.4523	-0.0674
AT1G74120	-0.155	-0.1279	0.0371
AT1G74150	-0.0684	-0.0031	0.1232
AT1G74160	0.1091	-0.1091	-0.0122
AT1G74170	0.2231	-0.1016	0.3239
AT1G74180	0.1134	-0.0176	0.1849
AT1G74200	0.0055	0.3996	0.3002
AT1G74210	-0.143	0.5089	0.3094
AT1G74230	-0.0766	0.3519	0.0048
AT1G74240	-0.1352	0.5737	0.1658
AT1G74250	-0.0582	0.188	0.3943
AT1G74260	0.2291	0.1802	0.0864
AT1G74270	-0.0823	0.1808	-0.1313
AT1G74280	-0.1137	0.0062	-0.069
AT1G74300	-0.0245	0.0115	0.3593
AT1G74310	1.0377	1.0854	0.1684
AT1G74320	-0.0105	0.0574	0.1686
AT1G74330	-0.1998	0.3483	0.2751
AT1G74340	-0.1245	0.1565	-0.1
AT1G74350	0.1683	-0.1043	0.0778
AT1G74360	-0.0776	-0.729	-0.0272
AT1G74370	0.0242	-0.1232	0.1471
AT1G74380	-0.0792	0.6052	-0.1258
AT1G74390	-0.1745	-0.1751	0.1038
AT1G74400	-0.2752	0.2071	0.1284
AT1G74410	-0.1282	-0.5256	0.0296
AT1G74420	0.092	0.2476	0.1125
AT1G74430	-0.6641	0.0186	-0.7186
AT1G74440	-0.2744	0.6156	-0.0985
AT1G74450	-0.5525	0.1561	-0.4015
AT1G74458	-0.0903	0.164	0.2393
AT1G74460	-0.9721	0.8137	-0.1516
AT1G74470	-0.3931	-0.6477	-0.2213
AT1G74490	-0.1014	-0.2713	0.5325
AT1G74500	0.1856	0.0275	-0.0654
AT1G74510	-0.2189	0.071	0.1305
AT1G74520	-0.3449	-0.008	0.2401
AT1G74530	-0.0755	0.0815	0.1992
AT1G74560	-0.2542	0.4725	0.2077
AT1G74590	-0.0674	-0.214	0.3289
AT1G74600	-0.2087	-0.3007	0.0899
AT1G74640	-0.049	0.5645	-0.0688
AT1G74650	-0.0714	0.0257	-0.0314
AT1G74660	-0.004	0.0064	-0.3321
AT1G74670	-0.8183	1.9157	0.2173
AT1G74680	-0.4874	-0.0492	0.0909
AT1G74690	-0.0106	0.3763	0.1853
AT1G74700	-0.2036	0.2428	0.0326
AT1G74710	0.0882	0.7713	0.2525
AT1G74720	-0.2753	0.018	0.1369
AT1G74730	-0.1603	0.4207	-0.343
AT1G74740	-0.3811	-0.0947	-0.2053
AT1G74750	-0.0986	0.023	-0.0317
AT1G74770	-0.1786	0.4832	-0.2901
AT1G74780	-0.251	-0.0892	-0.1113
AT1G74790	0.1152	0.4295	-0.0245
AT1G74800	0.2246	0.5786	0.1838
AT1G74840	0.0728	-0.5647	0.2108
AT1G74850	0.002	-0.0137	0.1541
AT1G74860	-0.1311	-0.3905	0.126
AT1G74870	-0.3176	0.3216	0.5179
AT1G74880	0.2304	-0.756	0.6149
AT1G74890	-0.0752	-0.4333	1.1393
AT1G74900	-0.0078	-0.2241	0.0891
AT1G74910	-0.2507	-0.0885	0.1223
AT1G74920	-0.2108	-0.609	0.2222
AT1G74940	-0.2017	-0.0367	0.0616
AT1G74950	-0.4105	0.0334	0.0741
AT1G74960	-0.2399	-0.1458	0.268
AT1G74970	-0.1735	-0.3108	0.0188
AT1G75000	0.0523	0.8055	-0.1023
AT1G75010	0.1269	0.2807	0.2553
AT1G75020	0.0624	0.5709	-0.1375
AT1G75030	-0.6088	0.1805	-0.1846
AT1G75060	-0.4456	-0.2883	0.2532
AT1G75080	-0.1109	0.0631	0.0677
AT1G75090	-0.2866	-0.2286	-0.0055
AT1G75100	-0.1876	-0.057	0.0427
AT1G75110	-0.1443	-0.1779	0.2949
AT1G75120	-0.008	0.1892	0.5386
AT1G75125	-0.1102	-0.2042	0.0974
AT1G75130	-0.3003	-0.6776	0.1417
AT1G75140	-0.2939	-0.1677	0.0033
AT1G75150	-0.1933	-0.0106	0.1495
AT1G75170	-0.2091	-0.0922	0.012
AT1G75180	-0.0103	-0.1431	0.0279
AT1G75190	0.0738	-0.4952	-0.0319
AT1G75200	-0.0072	0.3603	0.0045
AT1G75210	-0.0321	0.3811	0.1657
AT1G75220	-0.0602	0.1257	-0.0331
AT1G75230	-0.022	0.0196	0.0072
AT1G75270	-0.1861	0.3396	-0.1523
AT1G75280	0.0148	0.9214	0.1221
AT1G75290	-0.0406	0.6082	0.0997
AT1G75295	0.0323	-0.2209	0.1743
AT1G75310	0.1577	0.3412	0.3084
AT1G75330	-0.0002	0.2129	0.1733
AT1G75335	-0.0433	-0.0311	-0.0347
AT1G75340	0.1896	0.5494	0.3019
AT1G75350	-0.1774	-0.2336	-0.1364
AT1G75370	-0.0773	-0.3707	0.183
AT1G75380	0.1304	-0.1337	0.0373
AT1G75390	0.4081	0.8319	0.588
AT1G75400	-0.0841	0.1716	-0.0756
AT1G75410	-0.3277	-0.25	-0.1621
AT1G75420	-0.0718	0.4563	0.0956
AT1G75440	-0.2147	0.2203	-0.1139
AT1G75450	0.0939	0.5961	0.2507
AT1G75500	-0.6992	-0.0733	0.045
AT1G75510	-0.1309	0.4508	0.0927
AT1G75520	0.0443	0.1974	0.0423
AT1G75540	0.1749	0.7572	0.1014
AT1G75560	-0.0537	0.0956	-0.0126
AT1G75580	0.6574	0.3103	0.2004
AT1G75590	0.302	0.5569	-0.292
AT1G75630	-0.1345	-0.3658	-0.0899
AT1G75640	-0.2361	-0.6658	0.0578
AT1G75660	-0.0017	-0.3817	0.1893
AT1G75670	-0.1806	0.2459	0.1657
AT1G75680	-0.02	0.6621	0.0199
AT1G75690	0.0704	0.2213	-0.4882
AT1G75710	0.0474	-0.3498	0.4022
AT1G75730	-0.3022	-0.1615	0.3108
AT1G75750	-1.0561	-2.6311	-0.6974
AT1G75760	-0.3503	-0.1052	-0.2001
AT1G75770	-0.2022	-0.7512	-0.1715
AT1G75780	0.1694	0.9289	0.0693
AT1G75785	0.4315	1.2469	0.0709
AT1G75800	-0.2079	-0.4518	0.1696
AT1G75810	-0.1309	-0.5458	-0.2635
AT1G75820	-0.3801	-0.0885	0.2284
AT1G75840	-0.211	0.286	-0.0755
AT1G75850	0.1116	0.2848	0.1843
AT1G75860	0.0235	0.3458	0.2718
AT1G75880	0.4455	0.3841	-0.4336
AT1G75900	0.4034	0.1975	-0.1286
AT1G75950	-0.0554	0.0416	-0.1254
AT1G75960	-0.0326	0.2301	0.0122
AT1G75980	-0.2143	0.3673	0.1477
AT1G75990	-0.0315	0.341	-0.0227
AT1G76010	-0.071	-0.6045	0.1679
AT1G76020	-0.5526	-0.0084	-0.1591
AT1G76030	-0.3253	-0.2126	-0.0431
AT1G76040	-0.008	1.0894	0.3723
AT1G76050	-0.2314	0.0086	0.1331
AT1G76060	-0.0264	0.2151	-0.0813
AT1G76065	-0.1189	-0.3297	0.0235
AT1G76070	-0.1173	-0.1425	-0.0941
AT1G76080	0.3263	0.655	-0.2404
AT1G76090	-0.0784	0.0383	-0.0991
AT1G76100	0.1617	0.3112	-0.2557
AT1G76110	-0.1083	-0.8373	0.0165
AT1G76120	-0.1541	0.2566	0.4242
AT1G76130	-0.0319	0.8175	-0.1068
AT1G76140	0.0635	0.124	-0.0292
AT1G76150	-0.1044	-0.1051	0.0558
AT1G76160	-0.1329	0.9263	-0.0161
AT1G76170	-0.2048	0.3183	0.1874
AT1G76180	-0.2556	0.6127	-0.1917
AT1G76185	-0.1362	-0.392	-0.1989
AT1G76200	-0.0764	0.2589	-0.1997
AT1G76240	-0.1518	-0.2917	0.1039
AT1G76260	0.111	0.8275	0.0673
AT1G76270	0.1607	0.7575	0.2469
AT1G76280	-0.0488	-0.0735	0.2197
AT1G76300	-0.2131	0.1061	-0.0018
AT1G76310	-0.5368	-0.858	0.1546
AT1G76320	-0.0582	0.008	0.1599
AT1G76340	0.2289	0.466	0.2368
AT1G76350	0.3828	0.7017	0.315
AT1G76360	-0.1653	0.66	-0.2294
AT1G76380	-0.0944	0.0575	0.0943
AT1G76390	-0.1065	0.2017	0.1911
AT1G76400	-0.0657	0.1632	0.2233
AT1G76405	-0.1631	-0.5316	0.0287
AT1G76410	1.196	-0.0007	0.7145
AT1G76440	0.0489	-0.2133	-0.0121
AT1G76450	-0.1363	0.2249	-0.1994
AT1G76460	-0.2655	-0.6157	0.0626
AT1G76490	-0.3055	-0.2632	-0.053
AT1G76500	0.2741	0.4909	0.1765
AT1G76510	0.0499	0.1348	0.2445
AT1G76520	0.5477	0.4584	0.1977
AT1G76540	-0.4277	-0.7315	0.0534
AT1G76550	-0.0624	0.3711	0.0746
AT1G76560	-0.1791	-0.335	-0.1873
AT1G76570	0.0001	-0.3678	-0.1468
AT1G76580	0.2351	0.5129	0.2137
AT1G76590	1.0926	-0.7558	0.6015
AT1G76600	0.277	-0.3927	-0.1221
AT1G76620	-0.3906	-0.2526	0.3915
AT1G76630	-0.0319	-0.0244	0.3659
AT1G76650	0.5338	0.7791	0.3907
AT1G76660	-0.0668	0.4054	0.2609
AT1G76670	-0.1225	0.5239	0.0339
AT1G76680	-0.1695	0.3916	0.0355
AT1G76690	0.0136	0.8458	0.0009
AT1G76700	0.0474	0.2984	-0.0931
AT1G76710	-0.0418	0.1207	0.4205
AT1G76720	-0.0246	-0.5078	0.3741
AT1G76730	-0.399	0.1715	-0.0061
AT1G76740	-0.5056	-0.5197	0.3018
AT1G76760	-0.1053	-0.1043	-0.1802
AT1G76780	-0.085	0.582	0.5988
AT1G76790	-0.3149	0.4003	0.0485
AT1G76810	0.2085	0.6388	0.1835
AT1G76820	0.3803	0.2925	0.0986
AT1G76850	0.0945	0.1745	0.1384
AT1G76860	-0.0778	-0.387	-0.0827
AT1G76870	-0.25	-0.2557	0.2916
AT1G76878	0.1701	-0.3162	0.0993
AT1G76880	0.0409	0.4952	0.1524
AT1G76890	0.2966	0.6333	-0.0676
AT1G76900	-0.2286	0.3633	-0.4587
AT1G76920	-0.1804	-0.024	-0.1015
AT1G76930	-0.4879	-0.1303	-0.6525
AT1G76940	-0.1908	0.048	0.1948
AT1G76950	0.0002	0.1879	0.0811
AT1G76970	0.118	0.582	0.0469
AT1G76980	-0.3812	-0.0324	-0.267
AT1G76990	0.0961	0.4528	-0.1308
AT1G77000	0.2746	-0.1205	-0.2052
AT1G77020	-0.2959	0.3381	0.1907
AT1G77030	0.0122	0.2239	0.4626
AT1G77060	-0.0469	0.0198	0.1365
AT1G77080	-0.0806	0.3136	-0.1566
AT1G77090	0.3708	0.4204	-0.1221
AT1G77110	-0.6821	-0.5546	0.0774
AT1G77120	0.2593	1.7528	1.0185
AT1G77122	0.0335	-0.1933	-0.0141
AT1G77130	-0.2758	-0.1186	0.1107
AT1G77138	0.1232	0.1149	0.3428
AT1G77140	-0.1407	0.3305	0.1733
AT1G77145	0.4758	0.3943	-0.3411
AT1G77170	-0.1329	-0.0433	0.4238
AT1G77180	0.08	-0.4903	0.1657
AT1G77200	0.1125	0.1001	0.2931
AT1G77220	0.023	0.1246	0.2895
AT1G77230	-0.0311	0.0426	0.0695
AT1G77250	-0.1232	-0.0313	0.1677
AT1G77260	-0.2973	0.0072	0.1937
AT1G77270	-0.448	-0.9154	0.6313
AT1G77280	-0.4359	-0.3303	-0.3194
AT1G77290	-0.2075	-0.2661	-0.0182
AT1G77300	0.1704	-0.0694	0.0743
AT1G77310	-0.0522	-0.0003	0.2096
AT1G77320	0.0974	0.2361	0.2682
AT1G77330	0.4479	0.971	-0.0281
AT1G77350	0.0763	0.5673	0.0534
AT1G77360	-0.191	-0.252	0.1663
AT1G77370	-0.2185	-0.4304	-0.0375
AT1G77380	1.0301	1.0282	0.5354
AT1G77390	0.1637	0.1761	0.1783
AT1G77400	-0.6858	-0.4191	0.3405
AT1G77410	-0.1084	0.4351	0.2652
AT1G77420	-0.2265	-0.1822	0.1089
AT1G77440	-0.0592	0.1981	-0.1162
AT1G77450	-0.1281	-1.2328	-0.2983
AT1G77460	0.2114	0.3495	0.0231
AT1G77470	0.1382	0.0094	0.2789
AT1G77480	0.3744	0.2125	0.3534
AT1G77490	0.1125	0.1193	-0.2017
AT1G77500	0.1294	0.0979	0.0554
AT1G77510	-0.1972	0.5537	0.0869
AT1G77520	-0.3727	0.7639	1.828
AT1G77530	-0.2074	0.7447	1.3997
AT1G77540	-0.1164	0.0454	-0.0691
AT1G77550	-0.0967	0.1049	0.3699
AT1G77570	0.0027	0.2399	0.0169
AT1G77580	0.1796	0.01	0.4887
AT1G77590	-0.1859	-0.045	0.0089
AT1G77600	0.0994	0.0745	0.1949
AT1G77610	-0.0733	0.5188	0.0712
AT1G77620	0.0011	-0.3531	0.1115
AT1G77630	-0.0909	0.0815	0.09
AT1G77640	0.5024	0.3892	0.8221
AT1G77660	0.3	0.0708	0.5294
AT1G77670	0.246	0.6824	0.2733
AT1G77680	0.0452	0.1551	0.048
AT1G77690	-0.0716	1.022	-0.1811
AT1G77710	-0.0494	0.0218	-0.031
AT1G77720	-0.2662	-0.2904	0.3345
AT1G77740	-0.202	-0.0823	0.1629
AT1G77750	-0.1988	0.3527	-0.0596
AT1G77760	-1.0792	-0.46	0.1436
AT1G77765	-0.2647	0.2953	-0.0036
AT1G77770	0.0113	0.3203	-0.0852
AT1G77800	0.0297	-0.2611	0.1778
AT1G77810	0.0545	0.3187	0.2884
AT1G77840	-0.0647	0.0528	0.1714
AT1G77850	0.0158	0.2085	0.1112
AT1G77855	-0.2657	0.2378	-0.0098
AT1G77885	-0.3025	-0.1739	-0.1267
AT1G77890	0.184	0.5673	0.0761
AT1G77920	0.0616	0.0343	0.2392
AT1G77930	-0.0787	0.2845	0.2154
AT1G77940	0.1258	0.2959	-0.0158
AT1G77990	-0.1794	0.4442	-0.1986
AT1G78000	0.0871	0.6611	0.0398
AT1G78010	0.0563	0.4234	0.106
AT1G78020	-0.1367	-0.1565	0.1337
AT1G78040	-0.0678	0.6446	-0.0698
AT1G78050	-0.3855	0.1963	-0.0528
AT1G78060	-0.5014	0.2754	-0.1201
AT1G78070	-0.3723	-0.3619	-0.6678
AT1G78080	-0.1534	0.5206	-0.0651
AT1G78100	-0.0408	0.8872	-0.4093
AT1G78110	-0.234	0.3654	0.1943
AT1G78120	-0.3752	0.3683	-0.1218
AT1G78130	0.2569	0.5898	0.3162
AT1G78140	-0.218	-0.0844	-0.1684
AT1G78150	0.0542	-0.1159	0.1573
AT1G78170	0.0415	-0.9172	-0.4602
AT1G78172	-0.1934	-0.0901	-0.1095
AT1G78180	-0.1604	-0.0245	-0.0589
AT1G78190	0.1853	0.0748	0.0741
AT1G78200	-0.3192	-0.2104	0.0617
AT1G78210	-0.1703	-0.1017	0.1668
AT1G78230	-0.5084	0.1888	-0.5068
AT1G78240	0.0646	0.6427	0.25
AT1G78260	0.0192	0.3879	-0.2721
AT1G78265	0.0009	-0.2662	0.2896
AT1G78270	0.3726	1.2527	-0.599
AT1G78280	-0.0174	0.5053	0.1601
AT1G78290	-0.2614	-0.7413	0.0897
AT1G78300	0.0954	0.6868	-0.0702
AT1G78310	-0.1825	0.0602	-0.1689
AT1G78320	-0.4963	-0.2364	0.0413
AT1G78340	-0.2671	-0.3274	-1.0092
AT1G78370	-0.7283	-0.5207	-0.0391
AT1G78380	-0.4281	0.0184	-0.3193
AT1G78420	-0.1159	-0.1034	0.0952
AT1G78430	-0.6179	-0.5951	0.0381
AT1G78450	0.5191	-0.9953	-0.1431
AT1G78460	0.4614	-0.6952	-0.5015
AT1G78490	-0.5079	0.312	0.4633
AT1G78510	-0.3877	0.1649	-0.326
AT1G78530	-0.8899	0.1994	-0.5513
AT1G78540	-0.1341	0.1574	0.0826
AT1G78550	-0.0117	0.2072	0.0631
AT1G78560	-0.1968	-0.099	0.0976
AT1G78570	-0.0946	0.3776	0.1428
AT1G78580	-0.3537	0.2202	-0.0888
AT1G78590	-0.1335	-0.3045	0.0831
AT1G78600	-0.5174	-0.3541	-0.3098
AT1G78610	-0.0565	0.2258	0.1571
AT1G78620	-0.2264	0.2958	-0.203
AT1G78630	-0.0317	0.122	0.0243
AT1G78650	-0.3436	-0.1544	0.4306
AT1G78660	-0.3025	0.1775	0.0736
AT1G78670	-0.1812	0.1662	0.0909
AT1G78680	-0.2444	0.3405	0.0789
AT1G78690	0.0257	-0.1323	0.2326
AT1G78700	0.1646	0.3986	-0.0199
AT1G78730	-0.1972	0.1033	0.1479
AT1G78770	-0.1767	0.0754	0.3226
AT1G78780	0.2395	0.6185	0.4295
AT1G78790	-0.0093	0.4137	0.0923
AT1G78800	-0.0716	0.4477	0.1148
AT1G78810	-0.158	0.1734	0.2525
AT1G78820	-0.6693	0.2967	0.0328
AT1G78830	0.305	0.4677	-0.0342
AT1G78850	-0.1056	0.5412	-0.3866
AT1G78860	-0.5467	-0.3793	-0.1
AT1G78865	-0.6123	-0.8125	0.4943
AT1G78870	-0.0095	0.3842	-0.0157
AT1G78880	0.0945	-0.0124	0.0456
AT1G78890	-0.0889	-0.1853	-0.0325
AT1G78895	0.2116	-0.011	-0.0362
AT1G78900	-0.1277	0.3656	-0.024
AT1G78910	0.0408	0.1478	0.177
AT1G78915	-0.0335	0.2616	0.1959
AT1G78920	0.0351	0.0095	0.073
AT1G78930	-0.1504	-0.5067	0.1989
AT1G78940	0.0701	0.4464	0.4409
AT1G78950	-0.639	-0.2707	0.294
AT1G78955	0.0942	0.0224	0.3011
AT1G78960	0.2288	0.0143	-0.0477
AT1G78970	0.1372	0.9358	-0.4848
AT1G78990	-1.0271	-0.3731	0.1746
AT1G79000	0.2671	-0.0081	0.1655
AT1G79010	-0.1575	0.3266	-0.1441
AT1G79020	-0.3199	-0.041	0.1889
AT1G79030	-0.3881	-0.0471	0.0296
AT1G79040	-0.0184	0.1766	-0.5791
AT1G79050	-0.1475	0.205	-0.0328
AT1G79060	-0.0943	-0.3726	0.1055
AT1G79070	0.0375	-0.0268	0.1523
AT1G79075	-0.3448	-0.198	-0.2217
AT1G79080	-0.1734	0.195	0.2136
AT1G79090	-0.0667	0.0639	-0.0523
AT1G79110	-0.1918	0.3491	0.209
AT1G79120	0.1333	0.1533	0.4503
AT1G79150	-0.1639	0.474	0.3238
AT1G79160	0.1041	-0.7789	0.5546
AT1G79190	-0.1048	-0.01	0.167
AT1G79200	0.1574	0.6269	0.2565
AT1G79210	-0.1189	0.2685	0.0099
AT1G79220	-0.1212	-0.7543	0.2015
AT1G79230	-0.2893	-0.3767	0.0175
AT1G79260	0.0084	0.555	0.1814
AT1G79270	-0.413	-0.334	-0.4368
AT1G79280	0.296	0.3224	0.3194
AT1G79310	-0.1948	0.5661	0.2936
AT1G79330	-0.032	1.0334	-0.229
AT1G79340	-0.3239	0.4572	-0.235
AT1G79350	0.1011	0.1859	0.279
AT1G79360	0.5612	-0.2503	-0.1845
AT1G79380	-0.1498	0.5554	0.0281
AT1G79390	-0.3812	-0.048	-0.1159
AT1G79410	-0.5711	-0.3749	-0.4764
AT1G79420	-0.2248	-0.2567	0.1896
AT1G79430	-0.0387	0.3991	0.378
AT1G79440	-0.3893	-0.3859	0.1052
AT1G79460	-0.5851	-0.1659	0.2682
AT1G79470	0.0462	0.3437	0.4656
AT1G79490	-0.1212	0.1517	0.2666
AT1G79500	-0.0257	0.19	0.2478
AT1G79510	-0.3886	-0.0418	-0.5045
AT1G79520	0.0261	0.1173	0.0037
AT1G79530	-0.1825	-0.0234	-0.0505
AT1G79540	-0.0657	-0.0184	0.211
AT1G79550	-0.132	0.8228	-0.0904
AT1G79560	0.0392	0.2577	0.402
AT1G79570	-0.0568	0.0251	-0.0223
AT1G79590	-0.2565	-0.0476	-0.3194
AT1G79600	-0.0762	-0.0661	-0.1721
AT1G79610	0.0282	0.5065	0.263
AT1G79620	-0.2649	0.6788	-0.0772
AT1G79630	-0.1397	0.6069	0.0285
AT1G79640	-0.3598	0.3402	0.6171
AT1G79650	0.0269	0.3415	0.1047
AT1G79660	-0.2068	-0.0145	-0.1398
AT1G79670	-0.0725	-0.0135	0.1351
AT1G79690	-0.251	0.1052	0.2301
AT1G79700	-0.0246	0.2976	0.3499
AT1G79710	-0.2215	-0.2505	-0.0857
AT1G79720	0.0346	0.3807	0.1349
AT1G79730	-0.0601	0.3214	0.1439
AT1G79740	-0.1955	-0.1703	0.0127
AT1G79750	0.09	0.2013	0.1213
AT1G79760	0.0491	0.1504	0.2338
AT1G79790	0.0995	0.4164	0.1001
AT1G79810	-0.0869	0.1829	0.1912
AT1G79820	-0.0263	0.7216	0.2036
AT1G79830	0.1198	0.0192	0.1955
AT1G79840	-0.2948	-0.9369	0.2085
AT1G79850	-0.209	-0.4142	-0.0995
AT1G79870	-0.0919	0.3679	0.0245
AT1G79880	0.238	-0.1227	0.2611
AT1G79890	-0.1637	-0.1423	0.4841
AT1G79900	0.0528	0.3541	0.3027
AT1G79910	0.1236	0.3857	-0.1155
AT1G79920	0.1685	0.3765	0.0903
AT1G79930	0.0574	0.2363	-0.0193
AT1G79940	-0.0599	0.3794	0.16
AT1G79950	-0.0601	0.0027	0.3709
AT1G79970	-0.1594	0.2843	-0.0305
AT1G79985	-0.0172	0.1843	-0.0692
AT1G79990	0.1331	0.688	0.2758
AT1G80000	-0.0715	-0.0978	-0.062
AT1G80010	-0.0222	-0.1856	0.0294
AT1G80030	-0.1415	0.1181	-0.0041
AT1G80040	0.019	0.5461	-0.0881
AT1G80050	-0.7211	-0.2687	-0.0302
AT1G80060	-0.0926	-0.3077	0.3327
AT1G80070	0.3804	0.0856	0.1073
AT1G80100	0.1277	-0.1682	0.1126
AT1G80110	0.191	0.0522	-0.2333
AT1G80120	-0.0618	0.7881	-0.5108
AT1G80150	-0.0415	-0.0849	0.4384
AT1G80160	1.0778	-0.2633	0.4923
AT1G80170	-0.0087	0.5243	0.2988
AT1G80180	-0.0208	-0.2818	0.0572
AT1G80190	-0.1278	-0.18	0.2991
AT1G80200	-0.0135	0.0911	0.0312
AT1G80210	0.1066	0.3277	0.1908
AT1G80230	-0.1226	0.0855	-0.1777
AT1G80240	-0.3846	0.0679	0.1524
AT1G80245	-0.1455	0.1843	0.2043
AT1G80260	0.026	-0.0505	0.3109
AT1G80270	-0.0481	0.2528	0.2654
AT1G80280	-0.247	-0.0792	0.0731
AT1G80290	-0.0657	0.3925	-0.0805
AT1G80300	-0.2044	-0.841	-0.0334
AT1G80310	-0.2747	-0.1978	-1.2425
AT1G80320	-0.7315	0.0234	0.2601
AT1G80325	-0.4826	-0.4411	0.1042
AT1G80350	-0.1609	0.0112	-0.0079
AT1G80360	-0.4188	-0.7017	-0.0749
AT1G80370	-0.1027	-0.5142	0.2387
AT1G80380	0.513	-0.0573	0.0316
AT1G80400	-0.2339	-0.0033	-0.0066
AT1G80410	0.0325	-0.1629	0.165
AT1G80420	-0.0415	-0.2077	0.2518
AT1G80440	1.3008	-1.4856	0.0325
AT1G80450	-0.3866	-0.1714	-0.7557
AT1G80460	-0.1255	0.4335	0.0428
AT1G80480	-0.0476	-0.2149	0.1812
AT1G80490	0.0315	0.2656	0.0723
AT1G80500	0.02	0.1003	-0.0278
AT1G80510	0.0594	0.2943	-0.0802
AT1G80520	-0.1312	0.2441	0.0935
AT1G80530	0.2171	0.6314	0.119
AT1G80550	-0.1688	-0.6088	0.1547
AT1G80560	-0.1185	-0.0249	0.1543
AT1G80570	0.3653	-0.3437	0.1667
AT1G80600	-0.0092	0.1869	0.14
AT1G80610	0.0435	-0.0674	0.0735
AT1G80620	-0.0813	0.0811	0.3223
AT1G80630	0.049	-0.4546	0.1703
AT1G80640	-0.1316	0.6055	0.058
AT1G80650	0.4172	-0.0866	0.1157
AT1G80670	0.036	0.0227	0.1473
AT1G80680	0.1273	-0.1336	0.2687
AT1G80690	-0.2578	-0.2302	0.0492
AT1G80700	0.0875	0.2853	0.35
AT1G80710	-0.4265	-0.5721	0.1195
AT1G80720	-0.2036	-0.1411	0.2085
AT1G80750	-0.0813	0.3856	0.2103
AT1G80760	-0.5059	-0.4666	-0.3265
AT1G80770	-0.021	0.55	0.1539
AT1G80780	-0.0118	-0.3013	0.0451
AT1G80790	0.067	0.1984	0.3306
AT1G80810	0.1306	0.3507	0.3581
AT1G80820	-0.26	0.4744	-0.09
AT1G80830	0.0026	-0.2203	-0.0446
AT1G80840	0.6847	0.3691	0.7174
AT1G80850	-0.2709	-0.2602	0.1063
AT1G80860	0.0408	-0.0176	0.0363
AT1G80870	-0.1422	0.1113	0.287
AT1G80880	-0.1935	-0.1124	0.3239
AT1G80890	0.003	0.5723	0.0979
AT1G80900	0.1306	0.0173	0.2406
AT1G80910	-0.0679	0.2714	0.0816
AT1G80920	-0.1229	-1.4157	0.4714
AT1G80930	0.1498	0.2043	0.2353
AT1G80940	0.0184	0.2766	0.1744
AT1G80950	-0.1288	0.1944	0.121
AT1G80960	-0.1778	0.1878	-0.0247
AT2G01008	0.3556	-0.6693	0.0998
AT2G01010	1.1732	0.1586	0.4872
AT2G01020	0.4546	-0.3457	-0.2441
AT2G01060	-0.0463	-0.0774	0.1465
AT2G01070	-0.1774	0.2297	0.3273
AT2G01080	0.0244	0.2224	0.1289
AT2G01090	-0.0914	-0.0414	-0.0047
AT2G01100	0.1044	-0.0707	0.3345
AT2G01110	-0.1483	-0.0958	0.0737
AT2G01120	-0.2047	0.0608	0.1814
AT2G01130	0.1075	0.274	0.3892
AT2G01140	-0.1199	0.0663	0.0229
AT2G01150	-0.2319	0.4122	-0.3284
AT2G01170	-0.2861	-0.8494	-0.0144
AT2G01180	0.2303	1.1385	-0.013
AT2G01190	0.2179	0.2589	0.047
AT2G01200	0.0593	-0.012	0.123
AT2G01210	-0.478	-0.2048	-0.0892
AT2G01220	-0.0824	0.1235	0.211
AT2G01250	-0.0125	0.3816	0.0377
AT2G01260	-0.3507	0.2008	-0.0315
AT2G01270	-0.1219	-0.3203	0.1826
AT2G01290	0.1646	0.3258	0.0222
AT2G01320	0.1792	-0.5942	0.1254
AT2G01330	-0.2547	0.1965	-0.0787
AT2G01340	0.3073	0.744	0.2664
AT2G01350	-0.1577	0.4074	0.1222
AT2G01390	-0.0291	-0.3224	0.1773
AT2G01400	0.0418	-0.0254	0.1232
AT2G01410	-0.1299	0.166	-0.0345
AT2G01420	0.0396	0.8153	-0.0906
AT2G01440	-0.035	-0.2336	0.1904
AT2G01450	0.4181	0.2709	0.1873
AT2G01460	0.0703	0.1396	0.0321
AT2G01470	0.0474	0.3138	0.0726
AT2G01480	-0.0042	0.1455	0.0585
AT2G01490	-0.2531	-0.7707	-0.0661
AT2G01505	-0.0229	-0.5075	0.2567
AT2G01510	-0.11	-0.0197	0.1637
AT2G01520	-0.4232	-0.7051	1.2989
AT2G01530	-0.7067	-0.9342	0.4006
AT2G01540	-0.0585	0.5019	-0.2386
AT2G01570	-0.1619	0.137	-0.1412
AT2G01590	-0.2688	-0.7818	-0.2396
AT2G01600	-0.1895	0.0153	0.0166
AT2G01610	-1.662	0.0661	1.2285
AT2G01620	-0.1794	-0.2257	0.0605
AT2G01630	0.1581	0.3383	0.1471
AT2G01640	-0.3171	0.3645	-0.007
AT2G01650	-0.1679	-0.245	-0.0847
AT2G01660	-0.5812	0.1026	-0.0239
AT2G01670	-0.198	0.2657	-0.2031
AT2G01680	-0.0351	0.0462	-0.0291
AT2G01690	-0.1397	0.2092	0.1295
AT2G01710	-0.2029	0.0103	0.1448
AT2G01720	0.0239	0.2216	0.1436
AT2G01730	-0.0968	-0.1988	0.2651
AT2G01735	-0.2672	0.1846	0.053
AT2G01740	-0.3278	-0.3601	0.2389
AT2G01750	-0.0183	0.3531	0.2921
AT2G01760	-0.7162	0.1877	0.3569
AT2G01818	-0.2855	-0.2489	0.4354
AT2G01820	-0.2791	0.0919	0.0927
AT2G01830	-0.2664	-0.0129	0.2088
AT2G01850	-0.3499	-0.1784	-0.0419
AT2G01860	0.0475	-0.4948	0.1418
AT2G01870	-0.1046	-0.21	0.1866
AT2G01890	0.2574	1.0577	-0.02
AT2G01900	-0.2082	0.3597	-0.1603
AT2G01910	-0.3359	0.2127	0.0952
AT2G01913	-0.1496	0.0503	0.1146
AT2G01930	0.0126	-0.1213	0.1419
AT2G01940	0.4537	0.1684	0.3487
AT2G01950	-0.3369	-0.361	-0.0799
AT2G01970	0.0237	0.5345	0.0275
AT2G01980	-0.1754	0.2242	0.1509
AT2G01990	-0.548	-0.3072	0.1895
AT2G02020	-0.1878	0.9935	0.2551
AT2G02040	0.0009	0.2431	-0.1463
AT2G02050	-0.1854	0.1383	-0.1826
AT2G02060	-0.5297	-0.0983	0.3338
AT2G02070	0.1755	0.1342	0.0294
AT2G02080	0.4946	0.2515	0.2911
AT2G02090	-0.0899	-0.1988	0.3232
AT2G02100	0.0737	0.2392	-0.3162
AT2G02120	-0.4649	0.2916	-0.1588
AT2G02130	-0.1585	0.1117	-0.6048
AT2G02148	-0.3189	0.2764	0.1532
AT2G02150	-0.2956	0.0847	0.2513
AT2G02160	-0.0675	-0.657	0.4127
AT2G02170	0.2115	1.0903	0.2815
AT2G02180	-0.0073	0.4086	-0.0115
AT2G02220	0.0681	0.5517	0.1055
AT2G02230	0.1877	0.3309	-0.0424
AT2G02350	0.006	-0.2619	0.2454
AT2G02360	-0.2265	-0.1028	0.0026
AT2G02370	-0.1283	-0.1562	0.3574
AT2G02390	-0.0121	0.0407	-0.0303
AT2G02400	-0.3226	0.2336	-0.1028
AT2G02410	-0.279	-0.441	0.0948
AT2G02450	-0.3499	0.7047	-0.585
AT2G02470	-0.0678	-0.043	0.1147
AT2G02480	0.2061	0.2058	0.3705
AT2G02500	-0.2334	0.5467	0.259
AT2G02510	-0.2072	0.0925	-0.2356
AT2G02560	-0.0025	-0.0829	0.0736
AT2G02570	-0.0389	0.0477	0.1895
AT2G02590	-0.067	0.2187	-0.0244
AT2G02680	0.7667	0.2465	-0.0843
AT2G02710	0.4394	-1.3234	0.4863
AT2G02730	-0.0006	-0.0323	0.0007
AT2G02740	-0.2602	0.1307	0.1734
AT2G02750	-0.0418	0.0251	0.1531
AT2G02760	-0.1901	-0.4301	-0.0538
AT2G02765	-0.257	0.0009	0.2739
AT2G02780	0.1901	0.2341	0.2915
AT2G02790	0.0961	0.0234	0.1798
AT2G02800	0.0675	0.0767	-0.009
AT2G02810	-0.0052	0.2174	0.6148
AT2G02820	-0.3938	-0.4434	-0.1583
AT2G02850	0.0303	0.1611	0.1138
AT2G02860	0.1508	0.6739	0.0536
AT2G02870	-0.0671	0.0347	0.0129
AT2G02880	0.0458	0.2074	0.2458
AT2G02910	-0.1295	0.1629	0.0699
AT2G02950	-0.455	0.5075	-0.6203
AT2G02955	-0.2197	-0.2809	0.1947
AT2G02960	-0.2736	0.344	-0.1874
AT2G02970	-0.1453	-0.4172	0.2422
AT2G02980	0.1328	0.0314	0.218
AT2G03050	-0.2936	-0.153	0.0385
AT2G03060	-0.1831	0.1429	0.2548
AT2G03070	-0.0124	0.0538	0.162
AT2G03090	-0.7026	0.1281	0.2115
AT2G03120	-0.1184	0.2056	0.0122
AT2G03140	-0.0522	-0.0333	0.324
AT2G03150	0.0646	0.131	0.3518
AT2G03200	-0.564	0.3721	-0.0534
AT2G03220	-0.2049	0.2834	-0.0131
AT2G03240	0.0283	0.2625	-0.1278
AT2G03260	-0.0865	-0.3738	0.0565
AT2G03270	-0.1903	-0.6082	0.0478
AT2G03280	-0.2152	0.5106	0.2898
AT2G03330	0.1727	-0.1244	0.2263
AT2G03340	-0.3644	-0.2225	0.1934
AT2G03350	-0.1746	0.3592	-0.0072
AT2G03380	-0.3738	-0.4899	0.2318
AT2G03390	-0.1232	-0.0678	0.2378
AT2G03420	-0.2308	0.0614	0.1429
AT2G03430	-0.2007	0.4724	-0.1731
AT2G03440	-0.4336	-0.3193	0.0997
AT2G03450	-0.3225	0.0113	-0.1498
AT2G03470	-0.2976	-0.5386	0.2298
AT2G03480	-0.1352	0.5409	0.0455
AT2G03500	-0.0703	0.2996	0.0138
AT2G03510	-0.1385	0.4176	0.1108
AT2G03530	-0.3001	-0.1208	0.0509
AT2G03590	0.7834	1.4724	0.3703
AT2G03620	-0.2001	-0.1237	0.0684
AT2G03640	-0.0512	-0.555	0.3034
AT2G03667	-0.0996	0.2387	0.4111
AT2G03670	-0.1712	0.3331	0.2836
AT2G03680	0.0595	0.7862	-0.0481
AT2G03690	-0.0011	0.0781	0.0519
AT2G03730	-0.6783	-0.7744	-0.2353
AT2G03760	-0.0929	-0.0749	-0.5423
AT2G03780	-0.1108	0.107	0.2378
AT2G03800	-0.1594	0.0418	0.3255
AT2G03810	-0.3101	-0.0213	-0.0522
AT2G03820	-0.0846	0.0546	0.0449
AT2G03870	-0.0334	0.2676	-0.1313
AT2G03880	-0.3104	-0.0107	0.0252
AT2G03890	-0.292	-0.5232	-0.1137
AT2G03925	0.1128	0.2395	-0.1012
AT2G03980	-0.186	-0.3251	-0.2739
AT2G04030	-0.0719	0.4175	0.2676
AT2G04039	0.2318	0.0356	-0.2846
AT2G04040	1.1319	0.0219	0.0206
AT2G04100	-0.0161	-0.0254	-0.083
AT2G04160	0.3647	-0.1412	0.4188
AT2G04170	-0.206	0.0444	0.0594
AT2G04230	0.0774	0.4336	-0.0727
AT2G04235	0.1318	-0.159	0.3332
AT2G04240	0.4352	0.2446	0.1567
AT2G04270	0.372	0.0311	0.2123
AT2G04280	-0.1542	0.0235	0.1216
AT2G04305	-0.0391	0.2066	-0.0741
AT2G04340	-0.0902	0.063	0.2632
AT2G04350	-0.1268	0.2153	-0.1207
AT2G04360	-0.0837	0.2869	0.1316
AT2G04390	0.2282	0.2005	0.0238
AT2G04400	-0.1654	0.1746	0.1959
AT2G04410	-0.1338	0.0092	-0.1523
AT2G04430	-0.1241	0.2177	-0.1596
AT2G04450	-0.2235	-0.413	0.3348
AT2G04500	0.0046	-0.3677	0.2642
AT2G04520	-0.1246	0.5322	-0.1263
AT2G04530	-0.2293	0.4803	0.2702
AT2G04540	0.1723	0.1047	0.3963
AT2G04550	-0.0683	0.0231	-0.093
AT2G04560	-0.2658	-0.0421	-0.0042
AT2G04620	0.0325	0.2141	0.0536
AT2G04630	-0.0117	0.2135	0.0408
AT2G04650	-0.1851	0.0272	0.1203
AT2G04660	-0.1602	0.1686	0.3459
AT2G04690	-0.198	-0.5161	0.1322
AT2G04700	-0.1503	-0.3464	0.0244
AT2G04740	-0.0303	-0.1844	0.1782
AT2G04780	0.1754	1.009	-0.0717
AT2G04790	0.0059	-0.8981	0.1109
AT2G04795	-0.0513	-0.0664	0.1621
AT2G04800	-0.4014	-0.2702	-0.2345
AT2G04842	-0.0627	0.1983	-0.0764
AT2G04845	-0.2146	0.3077	0.0815
AT2G04850	-0.2389	0.1178	-0.249
AT2G04852	0.0594	0.0466	0.0134
AT2G04860	0.0562	0.0883	0.1294
AT2G04865	-0.0015	-0.4019	0.2525
AT2G04880	-0.1298	0.1686	0.1392
AT2G04890	-0.0629	-0.4857	0.1685
AT2G04900	0.0257	0.1201	-0.1858
AT2G04940	0.0208	-0.0613	0.1564
AT2G05070	0.2464	0.5896	-0.8164
AT2G05100	-0.1001	0.6646	-0.9523
AT2G05120	0.0522	0.1038	0.1926
AT2G05160	0.0581	-0.0295	-0.0053
AT2G05170	-0.0274	-0.1126	0.0615
AT2G05210	-0.1121	0.3811	0.3477
AT2G05215	0.2038	-0.1252	0.2228
AT2G05220	0.1234	0.0509	0.0456
AT2G05230	0.2845	3.6098	0.1461
AT2G05250	0.3078	-1.7498	0.0073
AT2G05260	-0.1313	0.1787	-0.0879
AT2G05310	-0.2026	-0.123	-0.5265
AT2G05320	-0.2438	0.1202	-0.0198
AT2G05380	0.9433	-0.3147	-2.1064
AT2G05440	-0.9003	0.2358	0.3508
AT2G05510	2.4471	0.9072	2.3073
AT2G05520	0.8638	0.3154	-1.7516
AT2G05540	0.466	-0.983	-0.5923
AT2G05590	-0.0348	-0.0473	0.2775
AT2G05620	-0.3727	-0.1417	-0.4224
AT2G05630	-0.1286	-0.1878	-0.1503
AT2G05632	-0.4236	-0.0181	0.1223
AT2G05710	0.103	-0.4542	0.007
AT2G05755	-0.0748	0.0876	-0.0344
AT2G05760	-0.1799	0.2562	0.1515
AT2G05790	-0.0761	-0.1668	0.2022
AT2G05810	0.0636	0.6927	0.2414
AT2G05812	-0.176	-0.0011	0.3767
AT2G05830	-0.1805	0.13	0.0021
AT2G05840	-0.0132	-0.0259	0.0463
AT2G05910	-0.3157	0.184	0.1431
AT2G05920	-0.3856	-0.0665	-0.2158
AT2G05940	-0.1633	0.5686	-0.0553
AT2G05990	-0.1559	0.0299	0.1272
AT2G06000	-0.0022	0.018	0.2008
AT2G06005	0.0098	0.1247	0.0578
AT2G06010	0.0144	-0.1026	0.3035
AT2G06025	0.0267	0.2869	-0.1781
AT2G06040	-0.0632	-0.6592	0.2711
AT2G06050	-0.2477	0.3464	0.2276
AT2G06200	-0.0616	-0.4143	0.0756
AT2G06210	0.1896	0.0868	-0.0094
AT2G06255	0.0923	-0.0911	-0.1201
AT2G06510	-0.0255	-0.2663	0.1437
AT2G06520	-0.0275	-0.062	-0.1809
AT2G06530	-0.016	0.8413	0.0082
AT2G06850	-0.02	1.0246	-0.097
AT2G06925	-0.187	0.2359	-0.3717
AT2G06990	-0.022	0.0226	0.2515
AT2G07050	0.0553	0.4845	0.233
AT2G07170	-0.3031	-0.7673	0.3279
AT2G07175	-0.0119	-0.0907	-0.1249
AT2G07180	-0.5564	-1.1387	0.1099
AT2G07340	-0.0219	0.1983	-0.0327
AT2G07360	0.0527	0.1711	0.2365
AT2G07585	-0.1333	-0.4462	0.0422
AT2G07641	0.3994	-0.0987	0.31
AT2G07671	0.392	0.7391	-0.1066
AT2G07674	0.3143	0.2223	0.0096
AT2G07675	0.0552	0.2597	-0.1919
AT2G07680	-0.1251	-0.3195	0.2015
AT2G07690	-0.5762	-0.5155	0.3393
AT2G07695	0.5833	0.4471	0.1531
AT2G07696	0.4069	0.2397	0.5572
AT2G07698	0.2821	0.3532	-0.0581
AT2G07706	0.289	0.2588	0.1528
AT2G07708	0.2888	0.1455	0.4134
AT2G07715	0.4317	0.0365	0.3025
AT2G07718	0.0897	-0.0742	0.2701
AT2G07719	0.4445	0.3811	0.068
AT2G07725	0.5322	0.1805	0.277
AT2G07727	0.7412	0.2284	0.2343
AT2G07739	0.1857	0.1619	0.3256
AT2G07773	0.3648	0.2744	0.1328
AT2G07774	0.035	-0.0324	-0.0837
AT2G07776	0.2817	-0.0614	0.0009
AT2G07777	0.0831	0.345	0.234
AT2G07779	0.0953	-0.0046	0.1091
AT2G07850	-0.4501	-0.4579	0.1682
AT2G08000	0.1233	-0.1732	-0.0319
AT2G08340	-0.356	-0.3323	-0.0003
AT2G08425	0.3126	0.7941	-0.0677
AT2G08650	-0.6198	-1.384	-0.4262
AT2G08665	0.071	-0.4437	-1.6163
AT2G09190	-0.071	0.2596	0.1192
AT2G09225	0.2002	0.587	-0.1203
AT2G09250	0.7877	0.355	-0.1477
AT2G09640	0.0362	-0.0308	0.1746
AT2G09990	0.0579	0.1284	0.0193
AT2G10950	-0.1118	0.5604	-0.0805
AT2G11000	-0.1692	0.0293	-0.001
AT2G11225	0.0227	-0.0903	0.2027
AT2G11520	-0.2408	0.2956	0.1185
AT2G11890	-0.0624	0.1774	0.116
AT2G11910	-0.0582	-0.0499	0.133
AT2G12400	-0.0711	0.994	-0.0483
AT2G12462	-0.3589	0.1138	0.0872
AT2G12550	0.0121	-0.2097	0.0427
AT2G12646	0.1582	-0.1342	0.2889
AT2G13100	-0.2823	-0.1088	0.074
AT2G13290	-0.1236	-0.1518	0.009
AT2G13360	0.5351	-0.6444	-0.6939
AT2G13370	0.2827	0.0445	0.1107
AT2G13440	-0.094	0.0772	0.2048
AT2G13540	0.0561	0.1735	0.2304
AT2G13550	-0.3309	-0.3618	-0.0509
AT2G13560	-0.1212	0.4991	0.1681
AT2G13600	-0.2801	-0.0617	0.1613
AT2G13650	-0.027	0.4524	0.118
AT2G13665	0.1939	0.1691	-0.0027
AT2G13690	-0.1197	0.1244	0.0924
AT2G13790	-0.1554	0.4287	0.084
AT2G13800	-0.0177	0.4439	0.2043
AT2G13820	0.0084	0.4301	-0.3032
AT2G13840	-0.0712	-0.258	0.1152
AT2G14045	-0.1128	0.0995	0.1305
AT2G14050	-0.126	0.1165	0.2741
AT2G14100	-0.0333	-0.3599	-0.3411
AT2G14110	-0.1499	0.2086	0.1284
AT2G14115	-0.3523	-0.4744	-0.1913
AT2G14120	-0.2083	0.0571	0.2164
AT2G14170	-0.3913	-0.3449	0.0337
AT2G14247	0.4149	1.6477	-0.4073
AT2G14255	-0.115	0.5246	0.1462
AT2G14260	0.1477	0.4175	0.0998
AT2G14285	-0.0192	0.0294	0.0405
AT2G14460	-0.0279	-0.109	0.0057
AT2G14520	0.0171	-0.4409	0.3381
AT2G14530	0.0602	0.223	0.0843
AT2G14660	-0.1696	0.1249	0.0625
AT2G14680	0.0092	0.2442	0.265
AT2G14720	0.043	0.2591	0.1625
AT2G14740	-0.0947	-0.0863	-0.0039
AT2G14750	-0.4329	0.1975	0.0108
AT2G14820	0.6601	0.3183	0.3279
AT2G14825	0.0854	-0.3067	0.0956
AT2G14835	-0.0894	0.0623	0.1081
AT2G14850	-0.1354	-0.1542	0.0691
AT2G14860	0.0431	0.1861	0.1477
AT2G14878	0.6997	-0.067	0.1983
AT2G14880	-0.1954	0.0781	-0.1263
AT2G14890	0.4552	1.0688	-0.0169
AT2G14900	0.0645	0.2223	-0.0745
AT2G14910	-0.2187	-0.825	0.1941
AT2G15000	-0.1676	0.0331	0.1138
AT2G15090	0.4401	-0.3138	-0.1902
AT2G15230	-0.3529	-0.5548	-0.0729
AT2G15240	-0.083	-0.2097	0.1149
AT2G15270	-0.0792	0.1698	0.1916
AT2G15280	-0.0191	0.4292	0.2845
AT2G15290	-0.0502	0.5375	-0.1471
AT2G15300	-0.532	-0.5049	-0.3937
AT2G15310	-0.1331	0.9133	-0.035
AT2G15320	-0.1825	0.1589	0.1278
AT2G15400	-0.2608	-0.1752	0.2304
AT2G15430	-0.0363	0.1378	0.1188
AT2G15440	-0.1083	-0.0529	-0.1319
AT2G15480	0.0586	-0.2121	-0.2005
AT2G15490	0.7109	-0.0878	0.1666
AT2G15530	-0.1098	0.1833	0.1102
AT2G15560	-0.2286	-0.3487	0.0249
AT2G15570	0.3858	1.0514	-0.1795
AT2G15580	-0.1991	-0.3435	0.1233
AT2G15620	-0.4252	0.1933	-0.1392
AT2G15630	0.0719	-0.1685	0.1694
AT2G15690	-0.0982	0.2217	0.1394
AT2G15695	-0.1311	-0.6502	0.0442
AT2G15730	0.0522	0.0288	0.1715
AT2G15790	0.0462	0.8601	-0.1659
AT2G15820	-0.082	0.028	0.045
AT2G15830	0.3275	0.9114	-0.637
AT2G15860	-0.0909	0.0661	0.146
AT2G15880	0.8877	-1.7396	0.6105
AT2G15890	0.8057	-1.5096	0.5173
AT2G15900	0.1243	0.0256	0.273
AT2G15910	0.0663	-0.3445	0.1608
AT2G15960	0.1033	-1.4191	-0.1274
AT2G15970	-0.7804	-1.024	-0.822
AT2G15980	-0.2453	0.1793	0.186
AT2G16005	1.0106	0.8085	0.858
AT2G16050	-0.0288	-0.0401	0.4055
AT2G16060	0.0991	2.1205	0.7797
AT2G16070	-0.0688	-0.1435	-0.0474
AT2G16090	-0.0914	0.1683	0.1754
AT2G16250	-0.2213	-0.1354	0.0279
AT2G16270	-0.331	-0.8493	0.3478
AT2G16280	-0.2121	-0.1844	-0.1812
AT2G16365	-0.4316	-0.5975	0.0309
AT2G16370	-0.2348	0.0594	0.0835
AT2G16380	-0.0212	-0.1767	0.0031
AT2G16390	-0.1984	-0.8103	-0.0462
AT2G16400	-0.2095	-0.0213	-0.0569
AT2G16405	-0.068	0.2436	0.0668
AT2G16430	-0.1063	0.3394	-0.0314
AT2G16440	-0.2343	-0.3487	0.2626
AT2G16460	-0.1164	0.387	0.0462
AT2G16485	0.1872	0.0797	0.2352
AT2G16500	-0.0564	0.2802	0.3069
AT2G16510	-0.1925	-0.0574	-0.1638
AT2G16530	-0.5274	0.28	-0.1486
AT2G16570	0.323	0.2295	0.1116
AT2G16580	-0.0885	0.1045	-0.1807
AT2G16586	0.3123	-0.381	0.3292
AT2G16595	0.0416	-0.0558	0.0339
AT2G16600	-0.2503	-0.1548	-0.0989
AT2G16630	0.818	0.7658	0.2904
AT2G16640	0.1822	-0.0873	0.218
AT2G16650	-0.3636	-0.727	0.4444
AT2G16660	0.1758	0.3261	-0.3798
AT2G16700	0.0885	0.5108	0.1222
AT2G16710	-0.1697	-0.4971	-0.0528
AT2G16720	-0.2163	0.3931	-0.2807
AT2G16740	0.0175	0.8895	0.3874
AT2G16750	-0.4444	-0.1864	-0.0391
AT2G16760	-0.5797	0.138	-0.2909
AT2G16770	0.1591	0.0657	0.1596
AT2G16780	-0.1094	-0.2822	0.2268
AT2G16790	-0.2051	0.0562	-0.0584
AT2G16800	-0.0124	-0.2675	0.0085
AT2G16850	-0.2501	-0.5483	0.157
AT2G16860	-0.1312	0.0289	0.2576
AT2G16870	0.2148	0.2874	0.0779
AT2G16880	-0.1711	-0.1182	0.1791
AT2G16890	-0.9543	0.9058	-0.3905
AT2G16900	-0.4718	0.3345	-0.1195
AT2G16920	0.0836	0.1357	0.0614
AT2G16930	0.0955	-0.0809	0.1091
AT2G16940	0.2303	-0.0122	0.1058
AT2G16950	0.0487	0.0718	0.0044
AT2G16990	-0.3335	0.3482	0.139
AT2G17020	0.0223	-0.0748	0.231
AT2G17030	-0.2023	-0.2341	-0.1351
AT2G17033	-0.1291	-0.1131	0.0135
AT2G17110	0.1083	-0.062	-0.0695
AT2G17120	-0.1768	0.1242	-0.1468
AT2G17130	-0.2615	0.349	-0.1864
AT2G17140	-0.0234	0.0376	0.3088
AT2G17150	-0.0746	0.4014	0.0369
AT2G17190	0.01	0.363	0.035
AT2G17200	-0.0536	-0.0182	0.0796
AT2G17220	-0.0563	0.1237	-0.1879
AT2G17230	0.0623	0.7007	0.2158
AT2G17240	-0.0567	-0.1341	0.0313
AT2G17250	0.0215	0.4426	0.2246
AT2G17260	-0.3491	-0.038	0.0832
AT2G17265	-0.2449	-0.2043	-0.0964
AT2G17270	-0.2984	-0.1356	0.1176
AT2G17280	0.2419	0.672	0.0908
AT2G17290	-0.1115	0.8778	-0.0176
AT2G17300	-0.3433	-0.1117	-0.274
AT2G17320	-0.0334	0.4513	0.1525
AT2G17340	-0.0503	0.3672	0.0806
AT2G17350	0.0078	0.0098	-0.0184
AT2G17360	0.0372	-0.0343	0.068
AT2G17370	-0.0284	0.0466	0.225
AT2G17380	-0.0464	-0.0158	-0.053
AT2G17390	-0.2388	-0.3522	-0.0598
AT2G17410	0.0613	-0.0333	0.2625
AT2G17420	-0.2014	-0.4215	-0.0251
AT2G17440	0.1959	-0.093	0.191
AT2G17442	-0.2126	0.3099	0.3269
AT2G17450	0.0836	-1.0758	0.1188
AT2G17480	-0.405	0.5376	-0.029
AT2G17500	0.0223	0.182	0.355
AT2G17510	-0.0289	-0.0481	0.1158
AT2G17520	0.0469	-0.0142	0.1871
AT2G17525	0.1797	-0.3864	0.5136
AT2G17530	-0.0373	0.2411	0.209
AT2G17540	-0.1688	0.0387	0.1564
AT2G17550	-0.2316	0.0428	0.057
AT2G17560	-0.0408	0.4497	0.0818
AT2G17570	-0.1626	-0.3743	0.2041
AT2G17580	-0.0959	0.0261	0.1845
AT2G17620	-0.2871	-0.6444	0.1581
AT2G17630	-0.201	0.2733	0.0165
AT2G17640	0.0362	0.2482	-0.129
AT2G17650	-0.2813	-0.4945	-0.0781
AT2G17670	-0.1987	0.3215	0.0105
AT2G17695	-0.1795	-0.3312	-0.0331
AT2G17700	0.2344	0.2234	0.1121
AT2G17705	0.3672	0.0689	-0.1175
AT2G17710	0.3378	0.8511	-0.5945
AT2G17720	0.016	0.7525	0.0237
AT2G17730	0.2019	0.1282	-0.0935
AT2G17760	-0.3544	0.774	-0.1117
AT2G17787	-0.1729	-0.383	0.1595
AT2G17790	-0.0111	0.4947	0.0195
AT2G17800	-0.1421	0.2132	0.1939
AT2G17820	-0.2731	0.3729	0.4167
AT2G17830	-0.0791	0.1045	0.1718
AT2G17840	-0.2307	0.4297	-0.2657
AT2G17870	0.0798	0.3429	0.0725
AT2G17880	0.271	-0.2763	0.2596
AT2G17900	-0.1469	0.2442	0.2419
AT2G17930	0.1024	-0.1353	-0.0177
AT2G17970	0.0644	0.2857	0.2663
AT2G17972	-0.2485	0.4529	-0.1197
AT2G17975	0.2093	0.6824	0.3264
AT2G17980	0.0086	0.3379	0.0498
AT2G17990	-0.1932	-0.0432	-0.0045
AT2G18000	0.1155	0.4251	0.2729
AT2G18020	0.0718	0.2927	-0.0205
AT2G18030	-0.0937	-0.0406	0.1327
AT2G18040	-0.1839	0.2863	0.165
AT2G18050	0.5894	0.2221	0.4977
AT2G18090	-0.0002	0.364	0.0444
AT2G18100	0.2831	0.7617	0.4559
AT2G18110	0.0422	0.1904	0.1394
AT2G18120	-0.2531	-0.7075	-0.1393
AT2G18150	-1.5511	0.4602	0.7191
AT2G18160	0.0332	0.3308	0.1631
AT2G18170	-0.2363	-0.0695	-0.2916
AT2G18193	-0.2804	-0.0198	0.119
AT2G18196	0.2544	0.285	0.1625
AT2G18210	-0.0163	0.4097	0.1681
AT2G18220	0.0903	0.3702	0.3722
AT2G18230	0.3418	1.0957	0.2123
AT2G18240	-0.1534	0.0275	0.113
AT2G18245	0.1885	0.2689	0.209
AT2G18250	-0.0882	-0.0629	0.3218
AT2G18280	-0.0942	-0.3001	-0.105
AT2G18290	-0.3445	-0.0425	0.1099
AT2G18300	0.2077	0.1376	-0.3295
AT2G18328	-0.2845	-0.0523	0.2707
AT2G18330	-0.2437	0.2448	0.2432
AT2G18350	0.8324	0.8913	0.4295
AT2G18360	0.1963	0.9665	0.4124
AT2G18370	-0.4072	0.0315	0.6058
AT2G18380	0.1648	0.3326	0.164
AT2G18390	-0.1762	-0.3803	0.2207
AT2G18400	-0.082	0.0042	0.0514
AT2G18410	0.0185	0.1993	0.1288
AT2G18440	0.2806	0.1302	0.3496
AT2G18465	-0.016	0.0969	0.2174
AT2G18480	-0.5416	0.5243	0.4073
AT2G18500	-0.637	-0.0985	-0.0583
AT2G18510	-0.0577	0.2527	0.1845
AT2G18520	-0.1828	-0.1647	0.2711
AT2G18560	-0.2677	-0.7437	0.0285
AT2G18570	-0.0552	0.1496	0.0575
AT2G18600	-0.1931	0.5727	-0.173
AT2G18630	-0.1702	0.0477	0.1177
AT2G18650	-0.2368	-0.3211	-0.3617
AT2G18670	0.3099	-0.7454	0.0046
AT2G18690	0.5475	0.4033	-0.1274
AT2G18700	0.2358	-2.0247	0.4131
AT2G18710	-0.0501	-0.113	0.1548
AT2G18730	-0.0439	0.6215	-0.175
AT2G18735	-0.196	-0.9346	0.0457
AT2G18740	-0.1373	0.2201	-0.0245
AT2G18750	-0.0873	-0.1612	0.0583
AT2G18760	0.1293	-0.1884	0.2146
AT2G18770	-0.2037	-0.206	0.0883
AT2G18780	-0.2988	0.0355	-0.2226
AT2G18790	-0.1964	0.1534	-0.1763
AT2G18840	0.1513	0.0749	0.1133
AT2G18850	-0.1152	0.1242	0.2708
AT2G18860	-0.2305	0.877	-0.0721
AT2G18876	-0.1233	0.2626	-0.0335
AT2G18890	-0.3257	-0.2967	0.0715
AT2G18900	0.035	0.3357	0.1828
AT2G18910	0.1746	1.0527	-0.0171
AT2G18915	0.0058	-0.4748	0.0004
AT2G18938	0.0462	0.1781	0.046
AT2G18940	-0.0155	-0.2499	-0.0144
AT2G18950	-0.4022	0.0777	0.0248
AT2G18960	0.1305	-0.4047	0.0039
AT2G18969	-0.284	0.3838	-0.1873
AT2G18980	-0.2091	0.21	-0.1798
AT2G18990	-0.186	0.2531	0.0685
AT2G19080	-0.0413	0.0943	0.2118
AT2G19090	-0.3596	-0.2332	-0.129
AT2G19110	-0.0489	-0.0552	0.1668
AT2G19120	0.1872	0.2257	0.1989
AT2G19130	-0.3608	0.2315	-0.218
AT2G19160	-0.1606	0.3308	-0.0069
AT2G19170	-0.2841	-0.0858	0.3963
AT2G19180	0.0821	0.2434	-0.0536
AT2G19260	0.1751	0.0143	0.1883
AT2G19270	0.0287	0.2525	-0.1403
AT2G19280	-0.227	0.1586	0.027
AT2G19310	0.3527	0.4039	-0.1555
AT2G19340	0.0374	-0.4374	0.0426
AT2G19350	0.0394	-0.0797	-0.1905
AT2G19380	-0.0183	0.0015	0.2532
AT2G19385	-0.1305	0.2938	0.3764
AT2G19390	0.1605	0.0139	-0.068
AT2G19400	0.0276	-0.178	0.1529
AT2G19430	-0.1448	-0.0919	-0.0205
AT2G19450	0.1132	-0.4103	0.0592
AT2G19460	0.1932	0.2491	0.038
AT2G19470	-0.1646	-0.2953	0.2919
AT2G19480	-0.2198	-0.4577	0.2003
AT2G19490	-0.2709	0.3306	0.1415
AT2G19520	0.0816	0.1715	0.0995
AT2G19530	-0.1974	0.2787	0.3057
AT2G19540	-0.0183	0.5608	0.1241
AT2G19560	-0.0982	0.0549	0.1439
AT2G19570	0.2016	0.9479	0.0381
AT2G19572	0.2113	-0.7889	1.0086
AT2G19580	-0.0833	0.0889	-0.1271
AT2G19590	-0.1587	0.5898	0.4051
AT2G19600	-0.0364	0.2831	0.1033
AT2G19620	-0.2365	0.5176	0.2465
AT2G19640	0.0306	0.1797	-0.0705
AT2G19660	0.3185	0.8061	0.3189
AT2G19670	-0.1944	0.086	0.2906
AT2G19680	-0.0072	0.4318	-0.0722
AT2G19690	0.1595	0.5939	0.094
AT2G19710	0.4815	0.4628	0.0699
AT2G19720	-0.3921	0.1053	0.0064
AT2G19730	-0.0599	0.2773	-0.0333
AT2G19740	-0.0376	0.1242	0.0414
AT2G19750	0.0232	0.3338	-0.0905
AT2G19760	-0.1342	0.4086	-0.2947
AT2G19780	-0.5195	-0.1573	0.0253
AT2G19790	0.2141	0.5153	0.0928
AT2G19800	0.0238	-1.6623	-0.2774
AT2G19810	0.2365	-1.4309	0.1697
AT2G19830	-0.3741	0.2985	-0.1154
AT2G19860	0.0487	0.3419	0.0834
AT2G19870	-0.1409	0.1599	0.249
AT2G19880	-0.0447	0.4494	-0.1892
AT2G19930	0.1466	0.1839	0.1013
AT2G19940	-0.242	0.136	0.1978
AT2G19950	0.11	0.412	0.3673
AT2G20000	0.0781	-0.0633	0.2544
AT2G20010	0.0437	0.4608	-0.033
AT2G20020	-0.0848	0.3505	0.1281
AT2G20050	-0.13	-0.2368	-0.038
AT2G20060	-0.1496	0.0029	0.383
AT2G20100	-0.1702	0.9516	0.3697
AT2G20110	-0.2676	-0.4474	0.3821
AT2G20120	-0.0763	-0.1963	-0.0882
AT2G20130	-0.3087	0.2929	-0.1319
AT2G20140	-0.0806	0.1944	0.0547
AT2G20142	-0.0153	0.1463	0.2181
AT2G20180	0.7422	0.0712	0.1913
AT2G20190	0.0007	0.2201	0.0222
AT2G20210	0.0517	-0.1014	0.0793
AT2G20230	-0.4048	-0.2236	-0.2155
AT2G20240	-0.1626	0.4054	0.1996
AT2G20260	0.1633	0.5444	-0.2504
AT2G20270	-0.0153	0.3776	-0.0283
AT2G20280	-0.0726	-0.0248	0.3387
AT2G20290	-0.1421	0.0435	0.0513
AT2G20300	0.1056	0.4952	0.1785
AT2G20310	-0.0441	0.2282	0.1
AT2G20320	0.2076	0.2602	0.2755
AT2G20330	-0.2234	-0.3714	0.1899
AT2G20340	-1.3456	-0.8062	0.1646
AT2G20360	-0.177	0.0003	-0.0306
AT2G20370	-0.0856	0.5196	0.1338
AT2G20390	-0.1366	0.1353	0.1903
AT2G20400	-0.289	-0.344	0.1597
AT2G20410	-0.0687	-0.0563	0.1256
AT2G20420	-0.1697	0.3175	0.0005
AT2G20440	-0.2666	0.2062	0.1801
AT2G20450	0.0044	0.3611	-0.0122
AT2G20480	-0.413	-0.3911	-0.2097
AT2G20490	-0.0287	-0.0431	0.0667
AT2G20495	-0.1476	0.1682	0.1878
AT2G20500	-0.005	-0.2094	0.789
AT2G20515	0.2111	-0.076	0.1871
AT2G20530	-0.175	0.223	0.1024
AT2G20540	0.0336	-0.1057	0.37
AT2G20550	-0.4892	-0.5684	0.2308
AT2G20560	0.4329	0.7881	0.1701
AT2G20562	0.4143	0.5731	-0.239
AT2G20580	0.1262	0.2969	0.0822
AT2G20585	-0.0467	0.3726	0.0751
AT2G20590	-0.427	-0.3198	0.0874
AT2G20610	-0.4408	-0.0347	0.1031
AT2G20630	-0.1955	0.7326	-0.2709
AT2G20635	-0.4235	-0.9288	0.2347
AT2G20650	0.0538	0.4981	0.1323
AT2G20670	-0.1675	-2.0276	-0.1109
AT2G20680	-0.1011	0.1841	0.1745
AT2G20690	-0.0984	0.4897	-0.0652
AT2G20710	-0.2307	0.2151	0.2015
AT2G20720	-0.3239	0.2162	0.3447
AT2G20725	-0.093	-0.0878	0.0467
AT2G20740	-0.0434	0.0278	0.0279
AT2G20750	0.623	2.089	-0.1147
AT2G20760	-0.0921	0.4262	0.0818
AT2G20770	0.5647	0.6845	-0.0652
AT2G20780	0.2173	0.3431	0.2262
AT2G20790	-0.3213	0.0532	0.1427
AT2G20810	0.0668	0.0107	0.2002
AT2G20815	-0.1168	0.0125	0.0463
AT2G20820	-0.1456	-0.1441	-0.1778
AT2G20830	-0.1356	0.156	-0.1848
AT2G20840	0.2904	1.0071	0.0989
AT2G20850	-0.0518	0.459	0.4311
AT2G20860	-0.0782	-0.4183	0.0146
AT2G20890	-0.1819	0.3179	-0.1016
AT2G20900	0.0529	0.6485	-0.0391
AT2G20920	0.1916	0.0057	-0.0514
AT2G20930	0.0497	0.2685	-0.0698
AT2G20940	-0.0383	0.3425	0.0023
AT2G20950	0.1878	0.677	0.0362
AT2G20960	0.0677	0.1055	-0.2722
AT2G20980	-0.2588	-0.0383	0.448
AT2G20990	-0.2394	-0.1676	-0.0781
AT2G21050	-0.317	-0.4009	0.1597
AT2G21060	0.2935	0.2423	-0.0318
AT2G21070	-0.1118	-0.2064	0.1776
AT2G21080	0.1106	0.2073	0.1705
AT2G21090	0.0536	-0.0521	0.3853
AT2G21100	-0.6858	0.5551	-0.2998
AT2G21120	-0.3446	-0.0017	0.0972
AT2G21130	0.3509	-0.2124	-0.1107
AT2G21150	-0.0499	0.2575	0.1553
AT2G21160	-0.0218	0.3818	-0.0397
AT2G21170	-0.1501	-0.1346	0.0819
AT2G21180	0.1565	-0.1625	-0.3699
AT2G21185	-0.0416	-1.1863	-0.0418
AT2G21187	-0.0098	0.3395	0.2063
AT2G21190	-0.1009	0.1641	-0.0439
AT2G21195	0.1787	0.4571	-0.0396
AT2G21210	-0.4061	0.3632	-0.3218
AT2G21230	0.0435	0.4008	0.0474
AT2G21240	-0.0749	-0.2377	0.0474
AT2G21250	-0.2875	-0.0203	0.2729
AT2G21270	-0.1368	0.1752	0.032
AT2G21280	-0.2222	-0.012	0.1015
AT2G21290	-0.0201	0.1295	-0.0014
AT2G21300	0.1084	-0.1527	0.273
AT2G21320	-0.3758	-0.8202	0.0409
AT2G21330	0.6355	-0.267	-0.5036
AT2G21340	0.0136	-0.0272	0.361
AT2G21350	0.0111	0.2085	0.0822
AT2G21370	-0.0955	0.1707	0.1921
AT2G21380	-0.0046	0.121	0.3642
AT2G21385	-0.1518	-0.0437	0.2513
AT2G21390	0.0927	-0.0004	0.1712
AT2G21410	-0.1036	-0.1817	-0.0314
AT2G21440	0.1888	0.0355	0.381
AT2G21470	-0.0593	-0.1465	0.0427
AT2G21500	0.1836	-0.027	0.1625
AT2G21520	-0.2539	0.3445	0.121
AT2G21530	-0.0992	-0.0029	0.0713
AT2G21540	-0.2508	-0.3866	-0.2218
AT2G21560	-0.5245	-0.5436	0.3494
AT2G21580	0.172	0.3303	-0.0804
AT2G21590	0.0247	1.3792	0.388
AT2G21600	0.0599	0.0015	-0.0107
AT2G21620	-0.1126	0.5605	-0.4333
AT2G21630	0.1564	0.4762	0.0717
AT2G21640	-0.198	0.2447	0.0027
AT2G21650	-0.6735	-0.9082	-0.0278
AT2G21660	0.1874	-0.2345	0.2126
AT2G21710	-0.1436	0.25	0.1955
AT2G21790	-0.4007	-0.277	0.0388
AT2G21800	-0.1413	-0.5544	0.5017
AT2G21820	1.8221	-0.4528	0.0979
AT2G21830	-0.4104	0.3858	-0.1859
AT2G21850	0.1001	0.1811	-0.0045
AT2G21860	-0.1719	0.3996	-0.0472
AT2G21870	-0.289	-0.0526	0.0346
AT2G21940	-0.3073	0.3448	0.1006
AT2G21950	-0.1668	-0.6667	-0.0685
AT2G21960	-0.2917	0.0337	-0.1187
AT2G21970	-0.6668	-0.2709	-0.3048
AT2G22000	-0.3	-0.0657	0.1783
AT2G22010	0.1636	-0.1449	0.285
AT2G22070	-0.0863	0.2245	0.2903
AT2G22080	-0.1534	-0.1695	-0.0334
AT2G22090	0.0281	0.0686	0.0175
AT2G22100	-0.0804	0.5693	0.0254
AT2G22120	-0.1546	0.0507	0.0478
AT2G22122	0.2604	-0.6007	-0.9956
AT2G22125	0.2255	0.211	-0.0574
AT2G22140	-0.271	-0.2984	0.1867
AT2G22170	-0.1527	0.336	-0.2805
AT2G22190	-0.8209	-0.8242	0.4528
AT2G22200	-0.5489	-0.5965	0.1858
AT2G22230	0.0147	0.5019	-0.0619
AT2G22240	-0.0554	0.2747	0.1848
AT2G22250	-0.2854	0.1846	0.1208
AT2G22260	-0.0365	0.0208	0.3812
AT2G22270	-0.0497	0.381	0.2242
AT2G22300	0.1024	0.3339	0.2581
AT2G22310	-0.1074	-0.1512	0.1144
AT2G22330	-0.4361	-0.4219	-0.0418
AT2G22360	0.0286	0.4587	0.0181
AT2G22370	-0.2176	-0.0143	0.1571
AT2G22400	0.0078	-0.4087	0.2732
AT2G22410	0.012	0.1646	0.3186
AT2G22420	0.0861	-0.0315	0.2536
AT2G22425	-0.1725	0.125	-0.2189
AT2G22430	-0.4909	-0.0171	0.0926
AT2G22450	0.0392	-1.0186	0.1315
AT2G22470	0.2577	0.8113	-0.2278
AT2G22475	0.0828	0.5839	0.1171
AT2G22480	-0.1565	0.785	0.133
AT2G22482	-0.1062	-0.0522	-0.0401
AT2G22490	-0.3508	-0.3015	0.1914
AT2G22500	0.1724	1.3784	-0.2612
AT2G22510	-0.6823	0.4814	-0.2539
AT2G22530	0.0328	0.0673	0.2324
AT2G22540	-1.003	-0.8793	-0.142
AT2G22560	0.084	0.2138	0.1334
AT2G22570	-0.222	0.4407	-0.2123
AT2G22590	-1.1014	0.6214	-0.7643
AT2G22610	-0.2483	-0.8097	0.6731
AT2G22620	-0.6529	-0.2841	-0.3214
AT2G22640	-0.3149	0.0536	-0.071
AT2G22650	-0.1168	-0.0857	0.2859
AT2G22660	-0.2867	-0.4152	0.1294
AT2G22670	-0.2961	-0.004	0.1082
AT2G22680	-0.0544	-0.4295	0.1064
AT2G22690	0.1133	-0.1108	0.1247
AT2G22720	-0.1025	0.0156	0.116
AT2G22730	-0.0983	0.0854	0.064
AT2G22740	0.1651	-0.1538	-0.0998
AT2G22770	-0.374	-0.7009	0.252
AT2G22780	0.0213	0.4813	0.0913
AT2G22790	-0.1358	-0.6079	0.5402
AT2G22795	0.0677	1.0171	0.4287
AT2G22800	-0.1374	-0.1885	-0.0069
AT2G22830	-0.1558	0.1444	0.3746
AT2G22840	0.2081	-0.3202	0.4786
AT2G22850	-0.2964	0.3378	-0.182
AT2G22860	0.5186	0.2572	1.2284
AT2G22870	0.1302	0.5619	0.278
AT2G22890	-0.2697	-0.5147	0.0575
AT2G22900	-0.2742	0.3331	0.003
AT2G22910	-0.1147	0.3132	0.2701
AT2G22920	-0.5753	0.5684	0.318
AT2G22970	-0.3453	0.4644	0.0435
AT2G22980	-0.2138	-0.8797	-0.2824
AT2G22990	0.2655	-0.0097	-0.429
AT2G23000	-0.8335	-0.1396	-0.3137
AT2G23010	-0.3165	-0.4539	1.2064
AT2G23040	-0.4451	0.038	0.4023
AT2G23050	0.2608	0.3211	0.4497
AT2G23070	-0.1259	-0.4812	0.0591
AT2G23080	-0.327	0.1512	0.0476
AT2G23090	-0.1955	-0.0574	-0.1413
AT2G23093	-0.0444	0.448	0.2053
AT2G23100	-0.1785	0.3171	-0.2847
AT2G23120	-0.3174	0.785	0.277
AT2G23130	-0.3649	0.5017	-0.1313
AT2G23140	-0.2428	0.0713	0.0487
AT2G23150	-0.26	-0.316	0.1647
AT2G23170	0.2767	-0.0334	-0.8201
AT2G23180	-0.2252	0.1797	-0.5141
AT2G23200	0.0773	0.357	0.1392
AT2G23210	0.0698	0.375	0.0187
AT2G23290	0.1812	0.3075	0.1647
AT2G23300	-0.2729	0.0295	0.114
AT2G23310	-0.0659	-0.406	0.048
AT2G23320	-0.3204	-0.5158	0.1218
AT2G23340	-0.228	-0.4326	-0.0491
AT2G23348	0.2882	-0.0855	0.2442
AT2G23350	-0.0471	0.1474	0.0652
AT2G23360	0.098	0.0239	0.3595
AT2G23370	-0.1099	0.1018	0.0656
AT2G23380	0.0392	0.0629	0.1675
AT2G23390	-0.3004	-0.329	0.0281
AT2G23420	-0.2418	-0.1089	0.0471
AT2G23430	0.0703	0.6626	-0.0951
AT2G23450	0.059	0.1826	-0.0483
AT2G23460	0.0613	0.3419	0.1011
AT2G23470	-0.0711	0.3089	0.2662
AT2G23520	-0.1324	-0.2185	0.0504
AT2G23530	-0.4113	-0.2859	0.0959
AT2G23540	-0.7099	0.6412	0.2891
AT2G23560	-0.4505	-0.0017	-0.1231
AT2G23600	0.1101	0.9086	-0.0355
AT2G23610	-0.4889	0.1666	0.283
AT2G23670	-0.2684	0.1879	-0.5036
AT2G23672	-0.1525	0.6598	-0.1457
AT2G23680	0.2232	0.4553	-0.1572
AT2G23690	-0.0132	-0.1992	-0.2472
AT2G23700	-0.551	-0.0978	0.1379
AT2G23740	-0.0991	0.1949	0.0154
AT2G23755	-0.2529	-0.1665	-0.0627
AT2G23760	-0.459	-0.215	-0.1764
AT2G23770	-0.1165	-0.5283	-0.4695
AT2G23780	-0.0154	0.2001	-0.1608
AT2G23790	0.2614	0.2593	0.3358
AT2G23810	0.2471	0.5885	0.0221
AT2G23820	0.0863	0.5492	0.1546
AT2G23890	-0.1245	0.4439	0.1311
AT2G23910	-1.0924	-0.4388	-0.4198
AT2G23930	-0.0601	0.1096	-0.0311
AT2G23940	-0.1349	0.2261	-0.1814
AT2G23950	-0.3743	-0.2077	0.0092
AT2G23980	-0.0109	0.35	0.0335
AT2G23985	-0.2474	0.0415	0.077
AT2G24020	-0.1743	0.1213	-0.0797
AT2G24040	0.1001	0.7024	-0.1455
AT2G24050	0.0878	0.5075	0.0918
AT2G24060	-0.1308	-0.2281	0.2786
AT2G24090	-0.0786	0.2228	-0.1752
AT2G24100	-0.132	0.1875	-0.4273
AT2G24120	0.0476	0.2712	0.4249
AT2G24150	0.1773	0.1215	-0.0739
AT2G24170	0.0174	0.7556	0.0568
AT2G24180	-0.0175	0.1168	-0.0967
AT2G24190	-0.642	-0.0887	-0.0421
AT2G24200	-0.2005	0.1628	0.0399
AT2G24220	-0.3514	-0.2905	-0.0358
AT2G24230	-0.2691	-0.1649	0.0048
AT2G24240	-0.003	-0.6196	0.0442
AT2G24250	-0.074	-0.47	0.0841
AT2G24260	0.0833	-0.3309	0.2328
AT2G24270	-0.0544	-0.9169	-0.458
AT2G24280	0.3126	-0.111	0.2581
AT2G24290	0.0126	0.0334	0.2578
AT2G24300	0.4727	1.0485	0.4479
AT2G24330	0.0529	0.3135	0.2779
AT2G24350	-0.024	0.1537	0.0308
AT2G24360	-0.0692	0.3069	0.0521
AT2G24390	0.0327	0.6135	0.3842
AT2G24395	-0.2398	0.0803	-0.0436
AT2G24400	0.3714	-0.187	0.0985
AT2G24420	-0.2559	-0.5792	-0.1539
AT2G24440	-0.2502	-0.0695	0.2209
AT2G24490	-0.2998	-0.2615	0.0769
AT2G24500	0.0678	0.2903	0.0664
AT2G24520	-0.0699	0.1011	0.2416
AT2G24530	0.0903	-0.1403	0.3325
AT2G24540	-0.4239	0.7554	-0.5976
AT2G24545	-0.5924	-1.1102	0.0381
AT2G24550	0.0986	-0.188	0.4918
AT2G24570	0.0752	0.4361	-0.0553
AT2G24580	0.2062	-0.0283	0.1201
AT2G24590	-0.1269	0.0722	-0.0254
AT2G24592	-0.0045	0.2039	0.0827
AT2G24600	-0.1452	-0.7023	0.1845
AT2G24610	0.1393	-0.2069	0.3644
AT2G24630	-0.0635	0.2114	0.1416
AT2G24640	-0.1071	0.1746	0.1804
AT2G24650	0.0679	-0.0781	0.4775
AT2G24680	-0.2052	0.0538	0.364
AT2G24690	-0.254	0.14	0.1458
AT2G24700	-0.3626	-0.0909	0.3239
AT2G24762	0.0908	1.4731	0.0096
AT2G24765	-0.0618	-0.1375	0.1203
AT2G24790	-0.294	-0.2036	0.2545
AT2G24820	-0.2995	-0.1596	-0.1412
AT2G24830	-0.2564	-0.5806	0.4224
AT2G24860	-0.0622	0.2656	-0.1895
AT2G24940	-0.0756	0.0887	-0.1961
AT2G24945	-0.2805	0.1701	0.0817
AT2G24960	-0.234	-0.0061	0.3644
AT2G24970	-0.1973	0.3294	0.1007
AT2G24990	0.0755	0.7055	0.2486
AT2G25000	0.022	0.9401	-0.445
AT2G25010	-0.0917	-0.2285	0.1974
AT2G25050	0.2983	-0.037	0.2726
AT2G25060	-0.3929	-0.93	-0.1175
AT2G25070	-0.3737	-0.1122	-0.1535
AT2G25080	-0.2699	-0.8165	-0.0592
AT2G25090	-0.2187	-1.2095	-0.7018
AT2G25100	0.0415	0.2058	0.1632
AT2G25110	-0.0643	0.3036	0.1439
AT2G25140	0.1787	0.5421	0.1914
AT2G25160	-0.1158	0.4542	0.2128
AT2G25170	0.1356	-0.0522	0.2926
AT2G25180	0.1417	0.3185	0.2812
AT2G25190	-0.1343	0.2736	0.1814
AT2G25210	-0.1688	0.0665	-0.2034
AT2G25220	-0.1845	0.0646	0.0818
AT2G25250	0.0844	0.4797	-0.112
AT2G25260	-0.0616	0.2913	-0.0581
AT2G25270	-0.3377	-0.0441	0.2516
AT2G25280	-0.1741	-0.0617	0.1003
AT2G25290	-0.0844	-0.0201	0.0906
AT2G25300	0.1581	0.4964	0.4013
AT2G25310	-0.1895	-0.0742	0.0553
AT2G25320	0.1031	-0.1483	0.1851
AT2G25350	-0.3493	0.1027	0.3021
AT2G25355	-0.0682	0.5043	0.1153
AT2G25420	0.0129	0.4485	0.2735
AT2G25430	-0.0378	0.0446	-0.0311
AT2G25450	-1.0168	-1.9015	-0.0257
AT2G25460	0.3041	0.3965	0.0597
AT2G25480	0.0269	0.667	0.6131
AT2G25490	0.3015	0.6896	0.0768
AT2G25510	-0.0126	-0.3719	-1.0364
AT2G25520	-0.2258	-0.1727	-0.1077
AT2G25530	-0.7296	0.4578	-0.297
AT2G25560	-0.1556	-0.1797	0.1499
AT2G25570	-0.2071	-0.1132	0.2581
AT2G25580	-0.3784	0.1874	0.1727
AT2G25590	-0.2241	-0.1741	0.1454
AT2G25605	-0.1321	-0.0917	0.0953
AT2G25610	-0.1119	0.1401	-0.2212
AT2G25620	-0.3103	0.0874	-0.2275
AT2G25625	0.0287	0.6612	-0.2507
AT2G25640	0.0435	0.0599	0.2647
AT2G25650	0.1079	0.1938	0.2591
AT2G25660	0.2344	-0.1821	0.162
AT2G25670	0.0919	0.313	0.2057
AT2G25680	-0.162	-0.6294	-0.18
AT2G25690	-0.0855	0.302	0.304
AT2G25710	-0.3834	0.1733	-0.1127
AT2G25720	-0.0923	0.402	-0.1165
AT2G25730	0.0345	-0.2214	-0.0174
AT2G25735	0.223	0.0959	-0.1797
AT2G25737	-0.0825	0.527	-0.0079
AT2G25740	0.1188	0.2453	0.1772
AT2G25760	0.0907	0.1303	0.2145
AT2G25770	0.1264	0.3686	-0.0178
AT2G25790	-0.434	0.0897	0.0893
AT2G25800	0.0968	0.4131	0.0741
AT2G25810	-0.1191	0.3241	-0.0704
AT2G25830	-0.09	0.3559	0.2309
AT2G25840	-0.1436	-0.181	0.284
AT2G25850	-0.0296	0.1047	0.1905
AT2G25870	-0.1227	-0.3263	0.3853
AT2G25880	-0.1592	-0.5223	-0.0106
AT2G25900	0.6664	-1.8776	1.1114
AT2G25910	-0.1483	-0.0246	0.0297
AT2G25920	-0.014	-0.0474	0.2591
AT2G25930	-0.094	-0.8368	0.2037
AT2G25950	-0.1636	-0.0695	0.0583
AT2G25964	0.3847	0.0679	0.2234
AT2G25970	0.0753	0.0894	0.1483
AT2G25980	0.0315	-0.65	0.3832
AT2G26000	0.0427	-0.1084	0.2865
AT2G26030	-0.3181	-0.145	0.2843
AT2G26040	0.3764	0.5288	0.1911
AT2G26060	0.0937	0.268	0.0298
AT2G26070	0.4496	0.7742	0.4614
AT2G26080	0.043	-0.5201	0.1062
AT2G26100	-0.0302	0.5793	0.292
AT2G26110	-0.389	-0.2188	0.165
AT2G26140	-0.1842	-0.1093	0.0532
AT2G26150	0.2835	0.6319	0.1485
AT2G26170	0.0935	0.6364	-0.3501
AT2G26180	-0.38	-0.7147	0.0479
AT2G26190	0.161	-0.0383	0.0801
AT2G26200	-0.2187	-0.3969	0.1944
AT2G26210	-0.0257	-0.3617	0.0076
AT2G26230	-0.2071	0.2218	-0.0506
AT2G26240	-0.0746	-0.4072	-0.0638
AT2G26250	0.2502	0.2407	0.0311
AT2G26260	-0.0398	-0.3011	0.1898
AT2G26270	-0.0374	-0.2305	0.3124
AT2G26280	-0.0147	-0.0204	0.0255
AT2G26300	-0.1548	-0.2934	0.246
AT2G26310	0.0269	0.3514	0.2636
AT2G26330	0.1649	-0.4291	-0.0237
AT2G26340	-0.1182	-0.0031	0.0815
AT2G26350	0.0629	-0.0666	0.2771
AT2G26355	0.5208	-0.2562	-0.0272
AT2G26360	-0.3306	-0.0321	0.1328
AT2G26400	-0.0053	-0.1901	0.5992
AT2G26430	-0.0674	-0.6694	0.0766
AT2G26440	0.1262	0.9449	0.2541
AT2G26460	0.0547	0.2292	0.0963
AT2G26470	-0.0957	-0.0974	0.4133
AT2G26500	-0.2682	-1.4638	-0.2961
AT2G26510	-0.0802	-0.23	0.1056
AT2G26530	0.1327	-0.0055	-0.1089
AT2G26540	0.1359	0.426	0.363
AT2G26550	-0.157	0.3282	0.2427
AT2G26570	-0.3627	-0.4424	-0.0672
AT2G26590	0.0152	0.3604	0.0152
AT2G26600	-0.1794	0.4068	-0.0458
AT2G26640	-0.1398	0.1449	-0.005
AT2G26650	-0.0905	0.6277	-0.0332
AT2G26660	-0.0064	0.0984	-0.0525
AT2G26670	-0.0661	0.3776	-0.1395
AT2G26680	-0.1661	0.3663	0.1709
AT2G26690	-0.4679	0.1532	-0.4344
AT2G26695	-0.3759	-0.7728	0.2068
AT2G26700	-0.0506	-0.6162	0.1893
AT2G26710	-0.0521	-0.4949	-0.0159
AT2G26730	-0.4028	-0.0519	-0.0777
AT2G26760	-0.6081	-1.0412	-0.0615
AT2G26770	-0.3034	0.1835	-0.0341
AT2G26780	0.051	0.1843	-0.0223
AT2G26790	-0.1791	-0.2659	0.1779
AT2G26800	-0.2282	-0.1631	0.0705
AT2G26810	0.1416	0.4649	0.2474
AT2G26830	-0.1014	0.2659	0.0397
AT2G26840	-0.0686	0.3921	0.0613
AT2G26860	-0.1128	0.1641	0.3717
AT2G26870	0.4863	0.6151	0.0895
AT2G26890	0.1297	0.4149	-0.0606
AT2G26900	-0.3742	0.013	0.0997
AT2G26910	0.156	0.0554	-0.1018
AT2G26920	-0.1207	-0.0939	0.118
AT2G26930	-0.1212	0.4954	0.0953
AT2G26970	-0.0521	0.0956	0.3221
AT2G26975	0.2098	-0.1651	-0.5332
AT2G26980	-0.3661	-0.3765	0.1323
AT2G26990	-0.1363	0.063	0.1668
AT2G27000	-0.0274	-0.0831	-0.0023
AT2G27010	0.1818	0.0806	0.1503
AT2G27020	-0.0747	0.5926	-0.0754
AT2G27030	-0.3071	0.2309	-0.1076
AT2G27040	0.128	0.6903	0.176
AT2G27050	0.3291	0.3922	0.223
AT2G27060	0.013	0.367	0.2534
AT2G27080	-0.2231	0.1686	-0.1544
AT2G27090	-0.1063	-0.0806	0.0858
AT2G27100	0.0515	0.0199	0.0843
AT2G27110	-0.092	-0.0783	0.1099
AT2G27130	0.1004	0.7022	0.1792
AT2G27150	0.0376	-0.0579	0.0894
AT2G27170	0.0233	0.2921	0.1925
AT2G27190	0.1753	0.2853	0.1148
AT2G27200	-0.0302	-0.394	0.0865
AT2G27210	0.106	0.0827	0.1914
AT2G27230	-0.0666	0.2882	0.3125
AT2G27260	0.154	0.246	0.1344
AT2G27285	-0.0149	0.0919	0.2802
AT2G27290	0.0841	0.2396	-0.1127
AT2G27310	-0.0279	-0.0791	-0.0985
AT2G27330	-0.0826	0.0093	-0.0369
AT2G27340	-0.1409	-0.1233	0.191
AT2G27350	-0.0536	-0.0228	0.1801
AT2G27360	-0.2934	0.3175	-0.1199
AT2G27389	0.3235	0.0872	-0.2276
AT2G27400	-0.1403	-0.0138	0.208
AT2G27402	-1.7828	-0.3986	1.1087
AT2G27450	-0.201	-0.2095	0.0873
AT2G27460	-0.026	0.3515	0.0836
AT2G27470	-0.0106	0.3476	0.3976
AT2G27480	0.0589	0.3647	0.1302
AT2G27490	-0.0041	0.3352	-0.0023
AT2G27500	-0.0617	-0.0617	-0.0941
AT2G27510	-0.1384	0.1373	-0.1829
AT2G27530	-0.0132	0.2058	-0.0981
AT2G27550	0.7315	0.717	-0.5658
AT2G27580	-0.0732	0.6916	-0.2191
AT2G27590	-0.1139	-0.0705	-0.0819
AT2G27600	-0.146	0.1799	0.0422
AT2G27610	-0.2274	0.1947	0.2182
AT2G27680	-0.037	0.0649	0.0958
AT2G27690	0.4364	1.5165	0.1981
AT2G27710	-0.0274	0.3455	-0.028
AT2G27720	-0.0624	0.1294	-0.0587
AT2G27730	-0.1884	0.3537	-0.0671
AT2G27740	-0.2664	0.4815	-0.2154
AT2G27760	-0.0929	0.3963	0.2286
AT2G27770	-0.361	0.1046	0.2708
AT2G27775	-0.2066	0.1831	-0.0325
AT2G27790	-0.2054	0.1395	0.1323
AT2G27800	-0.1124	0.0004	0.0263
AT2G27810	0.1015	0.5641	0.0735
AT2G27820	-0.2209	-0.004	-0.0521
AT2G27830	0.3256	-1.0235	0.1774
AT2G27840	-0.0456	0.6646	-0.0257
AT2G27860	-0.0179	0.5518	0.0646
AT2G27900	-0.0091	0.3035	0.209
AT2G27920	-0.4764	0.3795	0.0518
AT2G27950	-0.0058	-0.3101	0.2707
AT2G27960	-0.3371	-0.2121	-0.1255
AT2G27970	-0.3492	-0.5	-0.2118
AT2G27980	0.2187	-0.1528	0.1083
AT2G28000	0.1241	0.3216	0.0914
AT2G28050	-0.0728	0.6835	0.419
AT2G28060	0.0251	0.1749	-0.0223
AT2G28070	-0.1123	0.1932	0.2863
AT2G28080	0.1076	0.7723	0.0843
AT2G28100	-0.3263	0.2629	0.2517
AT2G28105	0.004	0.0307	0.101
AT2G28110	-0.444	-0.979	-0.3674
AT2G28120	-0.208	-0.6837	-0.3521
AT2G28130	-0.4164	-0.2132	0.0777
AT2G28140	-0.9959	-0.2604	0.4658
AT2G28150	-0.4752	-0.1189	0.1775
AT2G28190	0.068	-0.0312	-0.0336
AT2G28200	0.2682	0.7137	-0.0506
AT2G28230	-0.1535	0.2825	0.126
AT2G28240	0.1178	0.0092	0.3681
AT2G28250	-0.776	-0.2408	0.2064
AT2G28260	-0.1022	1.3735	0.472
AT2G28290	0.3448	-0.1387	0.2423
AT2G28305	-0.035	0.0939	-0.1495
AT2G28310	-0.2717	0.3664	0.1872
AT2G28315	-0.3198	0.4401	-0.1073
AT2G28320	-0.1912	0.2496	0.0618
AT2G28330	-0.038	-0.2942	0.0073
AT2G28350	-0.0428	-0.086	0.2144
AT2G28360	-0.0777	0.2293	0.0874
AT2G28370	-0.2383	-0.4559	-0.1444
AT2G28380	-0.197	0.1765	0.1758
AT2G28390	-0.1325	0.3028	0.0431
AT2G28400	0.0341	0.0837	-0.1113
AT2G28410	-0.4233	-0.7136	-0.0952
AT2G28430	-0.1357	0.1124	-0.1812
AT2G28440	-0.2864	-0.1542	-0.1025
AT2G28450	-0.0866	-0.4304	0.3637
AT2G28470	-0.8443	0.0854	-0.4322
AT2G28480	-0.2414	-0.0484	0.4301
AT2G28500	-0.2526	0.9074	0.0769
AT2G28510	-0.4483	0.581	0.1852
AT2G28520	0.0639	0.3685	0.1223
AT2G28540	-0.138	-0.297	0.1444
AT2G28550	-0.3658	0.4023	-0.312
AT2G28570	0.3327	1.129	0.6898
AT2G28590	-0.398	0.3205	-0.1132
AT2G28600	-0.0292	0.2768	0.1098
AT2G28605	-0.1958	-0.1669	0.1604
AT2G28620	-0.2757	-0.8347	0.2941
AT2G28630	0.3239	-0.0414	-0.1353
AT2G28660	0.1692	0.0519	-0.0034
AT2G28670	-0.1524	0.1308	0.3356
AT2G28671	-0.5765	0.7779	-0.4821
AT2G28720	-0.4883	0.0597	-0.4178
AT2G28740	-0.1754	0.2273	-0.0315
AT2G28760	-0.2496	0.9104	-0.176
AT2G28780	0.4071	1.5939	-0.0427
AT2G28790	0.0037	-0.294	0.1492
AT2G28800	-0.1297	-0.3964	0.1894
AT2G28810	-0.063	-0.0012	0.2033
AT2G28815	-0.0122	0.0822	0.3656
AT2G28830	-0.0281	-0.0246	0.0739
AT2G28840	-0.0378	-0.3022	0.3754
AT2G28880	-0.1807	-0.1388	0.1591
AT2G28890	-0.2081	0.4375	-0.1248
AT2G28900	0.0496	0.2139	-0.1344
AT2G28910	-0.2466	-0.4236	-0.0456
AT2G28930	-0.3324	0.2446	0.1898
AT2G28940	-0.0747	0.2118	0.0871
AT2G28950	-0.6708	0.1902	0.3137
AT2G29020	-0.0228	-0.5797	-0.0497
AT2G29050	-0.1235	0.1949	0.2212
AT2G29060	0.6062	1.0814	0.1116
AT2G29065	0.1285	0.4374	-0.0327
AT2G29070	-0.1977	0.0712	0.2331
AT2G29080	-0.193	0.1778	-0.015
AT2G29125	0.0655	-0.5397	0.1927
AT2G29140	0.1695	0.1158	0.3176
AT2G29180	-0.3558	-0.663	0.0488
AT2G29190	-0.0427	-0.2633	0.0186
AT2G29200	-0.0007	0.0193	0.2931
AT2G29210	0.2028	0.0867	0.1938
AT2G29260	-0.0956	0.2846	0.2913
AT2G29310	0.6693	0.1964	-0.0479
AT2G29320	-0.4822	-0.3067	-0.4374
AT2G29340	-0.1276	-0.3726	-0.5946
AT2G29360	-0.1428	0.2256	-0.3034
AT2G29390	0.0665	0.1578	0.2085
AT2G29400	-0.2053	-0.9535	0.3722
AT2G29420	-0.2013	-0.2405	0.0504
AT2G29440	-0.0759	0.4566	0.0795
AT2G29450	-0.2903	-0.3049	-0.6853
AT2G29460	1.0409	0.3956	0.6837
AT2G29480	0.2615	0.0299	0.0856
AT2G29490	-0.5397	-0.7496	0.274
AT2G29500	-0.1079	-0.3292	0.5012
AT2G29510	-0.1812	0.4577	0.1864
AT2G29525	-0.1307	0.0473	0.22
AT2G29530	-0.0636	0.2691	0.136
AT2G29540	-0.0176	0.3362	0.1833
AT2G29550	-0.3264	0.0409	0.0049
AT2G29560	-0.1484	0.5488	0.0281
AT2G29570	-0.2628	-0.4207	0.1446
AT2G29580	0.1226	0.1616	0.2305
AT2G29590	-0.155	-0.021	-0.0675
AT2G29630	-0.6386	-1.3944	0.1145
AT2G29640	-0.1435	-0.0721	0.1078
AT2G29650	-0.1597	0.1887	-0.1718
AT2G29660	-0.2243	0.1185	-0.0413
AT2G29670	0.2377	-0.0032	0.3343
AT2G29680	-0.2405	-0.6072	0.3756
AT2G29690	0.0848	0.46	0.1957
AT2G29700	-0.1245	0.3928	-0.2259
AT2G29720	-0.1703	-0.1798	0.2511
AT2G29730	-0.2509	0.9501	-0.145
AT2G29740	0.3457	1.0283	-0.4186
AT2G29750	0.1998	1.5376	-0.3722
AT2G29760	-0.2271	0.2889	0.2793
AT2G29890	-0.7723	-0.898	0.2612
AT2G29900	-0.1647	0.0759	-0.1043
AT2G29910	-0.2637	0.0088	-0.0186
AT2G29960	-0.2004	0.4809	-0.0935
AT2G29970	-0.6466	-0.2837	0.0075
AT2G29980	-0.0516	0.1603	0.2875
AT2G29990	0.2406	0.6564	0.1127
AT2G29995	0.034	0.1939	-0.6937
AT2G30000	-0.0795	-0.1593	0.0449
AT2G30010	-0.4386	0.5572	-0.0503
AT2G30020	0.0235	0.1858	0.0339
AT2G30040	-0.2428	0.5436	-0.5575
AT2G30050	0.0791	0.4343	0.0682
AT2G30060	-0.141	0.5832	0.0895
AT2G30070	-0.1797	0.8219	0.0636
AT2G30080	-0.3248	0.2437	-0.0289
AT2G30100	-0.1445	-0.7645	0.1936
AT2G30105	-0.1345	0.3091	0.0438
AT2G30110	0.1086	0.2347	-0.0321
AT2G30120	-0.0176	0.4672	0.0741
AT2G30140	0.2527	-0.2289	0.0127
AT2G30150	-0.3368	0.0803	-0.0297
AT2G30160	-0.0891	-0.5003	0.2188
AT2G30170	-0.0898	-0.1466	0.294
AT2G30200	-0.034	0.6023	0.2243
AT2G30210	-1.027	0.4492	-0.4831
AT2G30230	0.2715	1.097	-0.0454
AT2G30250	-0.246	-0.3571	-0.166
AT2G30260	0.0596	-0.1942	0.2545
AT2G30270	-0.2052	0.2661	-0.1281
AT2G30280	-0.016	0.2868	0.4258
AT2G30320	-0.0633	0.3997	0.4036
AT2G30330	-0.2449	-0.0715	-0.0975
AT2G30350	-0.1135	-0.5658	0.3038
AT2G30360	-0.0043	0.3937	-0.0752
AT2G30362	-0.0798	-0.021	0.0104
AT2G30370	0.0721	0.0743	0.4877
AT2G30390	-0.0891	-0.1299	0.1603
AT2G30400	0.02	-0.2283	0.1618
AT2G30410	-0.1889	-0.064	0.0104
AT2G30440	-0.2777	0.0637	0.0474
AT2G30460	-0.0521	0.3525	0.1534
AT2G30470	0.1446	0.0527	0.1548
AT2G30480	0.0764	-0.1059	0.3173
AT2G30490	-0.4634	-0.5329	-0.1878
AT2G30500	0.0926	0.3403	0.2279
AT2G30505	0.179	0.1596	0.3457
AT2G30520	-0.1868	-0.154	-0.4165
AT2G30530	0.0231	-0.066	0.166
AT2G30540	0.6581	0.3044	-0.8653
AT2G30550	0.4921	0.3666	-0.0277
AT2G30570	-0.1005	0.0939	-0.3939
AT2G30575	0.0268	0.1969	0.3214
AT2G30580	-0.0946	0.132	0.2839
AT2G30590	-0.2989	0.2768	-0.0051
AT2G30600	-0.0159	-1.0201	0.1281
AT2G30615	0.1434	-0.3561	0.2989
AT2G30620	-0.1667	-0.0567	-0.1388
AT2G30695	-0.0569	0.3189	0.2499
AT2G30700	-0.3512	-0.2228	0.0874
AT2G30710	-0.0672	0.2837	0.0914
AT2G30720	-0.4211	0.2445	0.145
AT2G30740	-0.2361	0.5403	-0.1157
AT2G30766	0.0218	1.0648	0.8187
AT2G30780	-0.1309	-0.2651	0.2134
AT2G30800	0.1933	-0.0491	0.2497
AT2G30820	-0.9334	-0.9721	0.0154
AT2G30860	-0.3949	-0.4306	-0.1249
AT2G30870	-0.0044	1.3117	-0.1908
AT2G30880	-0.0818	0.3808	0.0818
AT2G30890	0.3631	0.6114	0.2568
AT2G30910	-0.121	0.1673	0.2108
AT2G30920	-0.0934	0.1374	0.1109
AT2G30930	-0.5614	-0.4439	-0.4223
AT2G30933	0.0713	0.5695	0.1674
AT2G30950	-0.0551	0.1871	-0.1927
AT2G30960	-0.237	0.4069	-0.0239
AT2G30970	0.0869	0.6958	0.0466
AT2G30980	-0.0106	0.4519	0.0525
AT2G30990	-0.0747	0.2967	0.0541
AT2G31010	0.2454	0.513	0.3886
AT2G31020	-0.1284	0.0472	-0.0095
AT2G31040	-0.0683	0.3528	0.1601
AT2G31060	0.0922	0.4267	0.4433
AT2G31070	-0.1157	0.2639	0.2938
AT2G31090	0.075	0.4479	-0.3805
AT2G31110	0.0872	1.016	-0.1753
AT2G31130	-0.1344	-0.0194	-0.091
AT2G31140	-0.0899	0.0776	0.1905
AT2G31141	0.2595	0.0337	-0.0573
AT2G31150	-0.2721	-0.283	0.3805
AT2G31160	-0.6905	-0.4185	0.1848
AT2G31170	-0.1584	0.3134	0.2516
AT2G31190	-0.1952	-0.143	0.3023
AT2G31200	-0.227	0.3939	-0.0237
AT2G31230	-0.4265	0.2036	0.5172
AT2G31240	-0.2074	0.3057	0.2028
AT2G31260	-0.1529	-0.0111	-0.0207
AT2G31270	-0.3106	-0.76	0.3386
AT2G31280	-0.1584	0.2758	0.4563
AT2G31290	-0.1613	-0.0042	0.1969
AT2G31300	0.0166	0.5908	0.239
AT2G31305	-0.0009	0.3325	-0.0797
AT2G31320	-0.1087	-0.4484	0.1868
AT2G31340	-0.0083	0.7405	0.1812
AT2G31350	0.0544	-0.1329	0.0426
AT2G31360	-0.1309	0.2575	-0.0585
AT2G31370	-0.1745	0.6402	0.2858
AT2G31380	-0.5593	0.3402	-0.8425
AT2G31390	-0.0081	1.4262	-0.0414
AT2G31400	-0.1064	0.0335	0.0572
AT2G31410	-0.0582	-0.0652	0.1583
AT2G31440	-0.1975	-0.4926	-0.0052
AT2G31450	-0.1607	-0.0151	0.005
AT2G31490	-0.2777	0.2015	-0.1941
AT2G31510	-0.1417	-0.0809	0.212
AT2G31530	-0.0152	0.3497	0.4162
AT2G31560	-0.1774	-0.1656	-0.5281
AT2G31570	-0.3176	0.1973	-0.16
AT2G31580	-0.1775	0.113	0.2193
AT2G31585	0.2478	-0.342	-0.2531
AT2G31600	-0.0565	-0.2093	0.152
AT2G31610	0.0223	0.2664	-0.0256
AT2G31650	-0.0109	0.0414	0.2915
AT2G31660	-0.0462	-0.019	0.1211
AT2G31670	-0.1173	0.0367	0.0167
AT2G31680	0.0382	1.0928	-0.0913
AT2G31710	-0.1769	-0.0187	-0.0236
AT2G31725	0.0071	0.6954	0.0631
AT2G31730	-0.8188	0.18	-0.005
AT2G31740	-0.1475	0.2435	0.0961
AT2G31750	-0.5023	-0.6225	-0.1691
AT2G31751	-0.4461	-0.3582	-0.2885
AT2G31790	-0.7248	-0.4317	-0.1351
AT2G31800	-0.2143	0.0832	0.1759
AT2G31810	-0.2753	-1.2282	0.238
AT2G31820	-0.0613	-0.0979	0.146
AT2G31840	-0.0995	0.4416	0.2023
AT2G31865	0.1912	-0.2358	-0.029
AT2G31870	0.1257	0.4049	0.3519
AT2G31880	-0.1074	0.226	-0.1361
AT2G31890	-0.2231	-0.0962	0.1946
AT2G31900	-0.0129	0.6557	0.2287
AT2G31902	0.0605	0.1002	-0.0093
AT2G31955	-0.222	0.1534	-0.0649
AT2G31960	0.1124	-0.1243	0.009
AT2G31970	0.068	0.1908	0.4685
AT2G31980	1.2858	1.3753	0.3421
AT2G31990	-0.0863	-0.1131	-0.2193
AT2G32000	0.0255	-0.0475	0.1434
AT2G32010	-0.3508	-0.4053	0.4223
AT2G32020	0.0212	-0.1357	-0.4276
AT2G32030	0.3864	0.6785	0.0701
AT2G32040	-0.0906	0.3678	0.1853
AT2G32060	-0.007	0.479	-0.2177
AT2G32070	-0.1207	-0.0761	0.0564
AT2G32080	-0.4603	-0.3226	-0.0772
AT2G32090	-0.0006	-0.0496	-0.1055
AT2G32100	-0.2159	0.1309	0.2346
AT2G32120	0.6294	-0.0427	0.1352
AT2G32150	0.0667	-1.4656	0.3857
AT2G32170	-0.2155	-0.0559	0.3094
AT2G32179	-0.2318	-0.0048	0.2273
AT2G32180	-0.2201	0.1136	0.1112
AT2G32190	0.1987	0.0671	0.0026
AT2G32210	0.0714	0.1811	-0.1358
AT2G32220	-0.0308	1.0228	-0.0444
AT2G32230	-0.1096	0.1746	0.2792
AT2G32235	0.1027	0.4117	0.1616
AT2G32240	0.3047	0.6873	0.0935
AT2G32250	-0.0039	0.2547	0.1757
AT2G32260	-0.1848	0.1278	0.2377
AT2G32280	-0.0173	0.393	0.0421
AT2G32295	-0.0248	0.2209	-0.0151
AT2G32300	-0.6864	0.4048	-0.734
AT2G32320	-0.1233	0.1788	0.2193
AT2G32380	0.0284	0.5156	-0.0978
AT2G32390	-0.0358	0.4656	-0.2326
AT2G32400	-0.2954	-0.0244	0.2761
AT2G32410	-0.0174	0.0567	0.1097
AT2G32415	-0.0012	-0.2998	0.2165
AT2G32430	-0.2334	0.8844	0.0711
AT2G32440	0.2143	-0.0777	0.1602
AT2G32450	0.006	0.1305	-0.0593
AT2G32480	-0.2616	-0.0125	0.0207
AT2G32487	0.0095	0.5998	0.7675
AT2G32500	-0.4279	-0.4034	0.1046
AT2G32510	-0.6623	-0.1539	-0.3047
AT2G32520	-0.2865	-0.1479	-0.0762
AT2G32550	0.0277	1.0717	0.0578
AT2G32560	0.4326	0.7541	0.4061
AT2G32580	-0.0115	0.5844	0.0737
AT2G32590	-0.2636	-0.4782	0.0508
AT2G32600	0.1046	-0.0812	0.1588
AT2G32630	-0.0118	-0.0288	0.1916
AT2G32640	-0.2739	0.035	0.2776
AT2G32650	-0.2165	-0.2598	0.0649
AT2G32700	-0.0089	0.2937	0.036
AT2G32710	-0.1143	-0.4394	0.2218
AT2G32720	-0.1511	0.3262	0.0209
AT2G32730	-0.0267	-0.0225	0.1816
AT2G32760	-0.0423	0.5758	0.4039
AT2G32765	-0.1462	0.488	0.2964
AT2G32795	0.2375	0.7024	0.1885
AT2G32800	-0.7198	-0.4957	-0.2003
AT2G32810	-0.04	0.1163	0.2502
AT2G32840	0.1121	0.6161	0.2014
AT2G32850	-0.0281	0.2829	0.2104
AT2G32900	-0.0331	0.0053	0.2102
AT2G32910	0.1936	0.3026	0.1379
AT2G32920	-0.2151	0.358	0.1612
AT2G32930	-0.2251	0.793	-0.1235
AT2G32940	-0.0497	0.2123	0.1724
AT2G32950	0.0107	-0.1975	0.0938
AT2G32960	-0.0586	0.6544	0.0691
AT2G32970	0.1683	0.0738	0.2478
AT2G32980	-0.1503	-0.1457	0.2105
AT2G32990	-0.9378	-0.0323	0.5309
AT2G33040	-0.1659	0.4953	-0.119
AT2G33051	-0.1756	0.633	0.4596
AT2G33060	-0.2115	-0.5452	0.3889
AT2G33110	-0.1293	0.3551	0.1965
AT2G33120	-0.0963	0.5244	-0.1085
AT2G33150	-0.0471	-0.0105	-0.1496
AT2G33170	0.097	0.1407	0.1969
AT2G33180	-0.1994	0.0613	-0.0611
AT2G33210	-0.1046	0.7034	0.264
AT2G33220	-0.0858	0.088	-0.0716
AT2G33240	0.2166	-0.0774	0.3877
AT2G33250	-0.4226	-0.6646	0.1234
AT2G33255	-0.0887	0.2389	-0.01
AT2G33290	0.0352	0.4825	0.1881
AT2G33310	-0.2424	0.2349	0.0962
AT2G33320	-0.3277	0.1927	0.1481
AT2G33330	-0.494	0.4753	0.287
AT2G33340	-0.0362	-0.5368	0.2533
AT2G33360	-0.1703	-0.2023	-0.0047
AT2G33370	-0.1388	0.0038	-0.0348
AT2G33390	-0.1897	-0.1211	-0.0363
AT2G33400	-0.7158	-0.7327	0.0968
AT2G33410	0.0694	-0.1847	0.0813
AT2G33435	0.0982	0.3795	0.3771
AT2G33450	0.0844	0.1883	0.2174
AT2G33470	-0.0156	0.3581	-0.0447
AT2G33480	0.0289	0.5618	-0.0185
AT2G33490	-0.0626	0.2977	0.0531
AT2G33500	-0.047	-0.3299	0.137
AT2G33510	-0.0212	-0.4224	0.083
AT2G33530	-0.3064	0.2759	0.3949
AT2G33540	0.0344	-0.26	0.0573
AT2G33550	-0.2448	-0.0539	0.3259
AT2G33560	-0.5292	-0.7213	0.0409
AT2G33570	-0.0643	0.9081	0.2138
AT2G33580	0.2937	0.6101	0.0985
AT2G33585	-0.1766	-0.0313	-0.1462
AT2G33590	-0.0505	-0.062	0.0314
AT2G33600	-0.1243	0.2813	0.057
AT2G33610	-0.3638	-0.448	0.1419
AT2G33620	-0.7564	-0.3444	0.2677
AT2G33630	-0.2897	-0.2366	-0.0163
AT2G33640	-0.0724	-0.2689	0.1462
AT2G33680	0.0587	0.3253	0.3061
AT2G33700	0.0437	0.351	-0.1493
AT2G33710	-0.2587	-0.2962	-0.4773
AT2G33730	0.0399	-0.0303	-0.042
AT2G33735	-0.0941	-0.0585	0.2644
AT2G33740	0.0598	-0.2821	0.1457
AT2G33770	-0.2797	0.311	0.0952
AT2G33793	-0.4513	-0.5839	0.2339
AT2G33800	-0.0034	-0.1185	0.0367
AT2G33820	-0.0438	0.1821	0.3155
AT2G33830	0.3822	-2.4987	-0.011
AT2G33835	-0.0118	0.0319	0.2457
AT2G33840	-0.0541	0.2208	0.304
AT2G33845	-0.1118	0.4614	-0.0123
AT2G33847	0.1284	0.2792	0.2074
AT2G33850	-2.8756	-2.2246	1.0801
AT2G33855	-0.4448	-0.8475	-0.1698
AT2G33860	-0.2921	-0.1766	0.2796
AT2G33980	0.0181	0.0873	0.1332
AT2G33990	-0.1594	0.1814	-0.0494
AT2G34010	0.364	0.6858	0.3662
AT2G34020	0.35	0.2584	0.3662
AT2G34040	-0.0069	-0.1835	0.1963
AT2G34050	-0.1147	0.0718	0.1073
AT2G34060	0.0054	0.3259	-0.1682
AT2G34070	-0.2273	-0.2692	-0.3468
AT2G34080	0.0825	0.833	-0.0714
AT2G34090	-0.0303	0.7731	0.1431
AT2G34140	0.3098	0.3361	0.0459
AT2G34150	0.3032	0.5668	0.4339
AT2G34160	-0.2317	-0.0122	-0.1349
AT2G34170	0.1605	-0.1078	0.3799
AT2G34180	0.8512	0.3244	-0.4383
AT2G34185	-0.0108	0.5153	0.2131
AT2G34190	-0.3782	-0.7928	0.0835
AT2G34200	-0.2256	0.1007	0.0028
AT2G34250	-0.032	0.2893	0.0449
AT2G34260	-0.0841	0.5111	0.1383
AT2G34300	0.2429	0.681	0.3186
AT2G34310	-0.5444	-0.0399	-0.0336
AT2G34340	0.1836	0.6697	-0.4173
AT2G34355	-0.4003	-0.2737	-0.1629
AT2G34357	0.0278	0.2248	0.1641
AT2G34380	-0.1822	-0.3694	-0.0413
AT2G34400	-0.1584	0.0311	0.1447
AT2G34410	-0.1758	0.4405	0.0303
AT2G34420	0.0413	0.5392	0.6512
AT2G34450	-0.2631	-0.2296	0.026
AT2G34460	-0.2573	0.2328	-0.2157
AT2G34470	-0.0174	-0.1525	0.2737
AT2G34480	0.1136	0.21	-0.017
AT2G34490	-0.7026	0.0199	0.3602
AT2G34500	-0.0225	-0.3596	-0.3623
AT2G34510	-0.1099	0.891	0.0042
AT2G34520	-0.1079	-0.0091	-0.0352
AT2G34560	-0.1905	-0.5106	0.1329
AT2G34570	0.0686	0.5754	0.1928
AT2G34585	-0.1781	-0.2214	-0.283
AT2G34590	-0.1963	-0.462	0.067
AT2G34600	-0.1793	-0.7919	0.4883
AT2G34620	0.0103	-0.3956	-0.1125
AT2G34630	-0.0495	0.035	0.1221
AT2G34640	-0.1021	0.3061	0.2872
AT2G34650	0.326	-0.1987	0.066
AT2G34660	0.1005	-0.088	0.081
AT2G34670	-0.105	0.0558	0.0359
AT2G34680	-0.0131	0.1851	0.1374
AT2G34690	-0.0733	-0.3963	0.0661
AT2G34710	-0.1039	-0.1176	0.2154
AT2G34720	-0.235	-0.3403	-0.0388
AT2G34730	0.0144	-0.5169	0.1926
AT2G34750	0.0473	-0.4152	0.2436
AT2G34770	0.3283	0.1386	0.1777
AT2G34780	-0.0728	-0.0441	0.371
AT2G34790	-0.1896	0.4718	0.0548
AT2G34810	-0.5906	-0.2461	-0.7179
AT2G34840	0.0034	0.5056	0.1621
AT2G34860	-0.0124	-0.0126	0.108
AT2G34900	-0.0475	-0.3415	0.2564
AT2G34920	-0.0297	-0.493	-0.087
AT2G34925	-0.3966	-0.0728	-0.223
AT2G34930	0.1223	-0.35	0.2905
AT2G34970	-0.0929	0.1599	0.1249
AT2G34980	-0.1445	-0.0363	-0.1
AT2G35010	-0.17	0.1615	0.046
AT2G35020	-0.2731	-0.3353	0.2066
AT2G35030	-0.0328	0.0531	0.3227
AT2G35035	-0.0296	-0.0462	0.1741
AT2G35040	0.0427	0.5462	0.1171
AT2G35050	-0.1284	0.1966	0.0162
AT2G35060	0.0296	0.1004	-0.0723
AT2G35100	-0.0472	0.1294	0.1489
AT2G35110	-0.2272	0.0567	-0.0121
AT2G35120	-0.0114	0.271	-0.1326
AT2G35140	0.1543	-0.1435	0.3404
AT2G35155	-0.5547	-0.2285	0.056
AT2G35160	-0.1671	-0.5156	0.0957
AT2G35170	-0.2559	-0.757	0.3001
AT2G35190	0.0602	0.7333	0.2454
AT2G35230	-0.0647	-0.0824	-0.0711
AT2G35240	-0.1427	0.191	0.1121
AT2G35260	-0.0962	-0.1781	-0.1549
AT2G35270	-0.2492	-0.3575	-0.1645
AT2G35290	0.3094	1.2315	-0.3103
AT2G35310	-0.0095	-0.0194	-0.095
AT2G35320	-0.1777	-0.2725	0.0494
AT2G35330	0.1206	0.0473	0.1673
AT2G35340	-0.4491	-0.176	0.5002
AT2G35350	-0.1278	-0.1242	-0.1561
AT2G35360	-0.059	0.2435	0.1519
AT2G35370	-0.2428	-0.2679	0.0596
AT2G35380	-0.7648	0.8717	0.2714
AT2G35390	0.1209	0.7271	0.0518
AT2G35410	-0.0772	0.4346	0.1162
AT2G35430	-0.2254	0.2462	-0.0039
AT2G35450	-0.4176	-0.1741	0.3485
AT2G35470	-0.2485	-0.0814	-0.1038
AT2G35480	-0.027	0.4922	0.1296
AT2G35490	0.1545	0.4683	-0.0763
AT2G35500	-0.3131	0.2109	0.1942
AT2G35510	0.1194	0.1485	0.1114
AT2G35520	0.1091	0.4695	0.0605
AT2G35530	0.0853	-0.0906	0.2542
AT2G35540	-0.1064	-0.2082	0.1502
AT2G35550	0.4814	-0.0781	0.1754
AT2G35585	0.0184	0.5057	-0.612
AT2G35600	-0.427	-0.0762	0.1427
AT2G35605	0.2418	0.5985	0.0882
AT2G35610	-0.0454	0.4601	0.108
AT2G35620	-0.2819	0.171	-0.0838
AT2G35630	0.2231	-0.0313	0.1531
AT2G35635	0.0015	0.4739	-0.0694
AT2G35650	-0.2418	0.1753	-0.0083
AT2G35658	0.088	0.3181	-0.0857
AT2G35660	-0.4099	-0.1086	-0.3202
AT2G35680	-0.1099	-0.0127	-0.0005
AT2G35690	-0.235	0.1042	0.1807
AT2G35710	0.2905	0.3002	-0.2168
AT2G35720	-0.1375	0.453	0.1216
AT2G35736	-0.1344	0.0531	-0.0921
AT2G35738	-0.0154	0.0237	0.1344
AT2G35750	-0.0114	-0.7287	0.1039
AT2G35760	0.1354	1.3953	0.1577
AT2G35780	-0.287	0.1222	0.0046
AT2G35790	-0.0882	0.5923	-0.0387
AT2G35795	-0.0554	-0.1071	0.19
AT2G35800	0.0925	-0.1839	-0.1157
AT2G35810	0.1169	0.5281	-0.0387
AT2G35820	0.2226	-0.922	0.7127
AT2G35840	-0.1889	0.1686	0.0017
AT2G35860	-0.3695	0.5697	-0.0945
AT2G35880	-0.029	0.6866	0.0453
AT2G35900	0.2763	0.2113	-0.1355
AT2G35920	0.1918	-0.0552	0.1866
AT2G35930	-0.0716	0.4608	-0.1835
AT2G35940	-0.6657	-0.2916	-0.2238
AT2G35945	-0.2872	0.9895	-0.2
AT2G35960	-0.6353	-0.1535	-0.1303
AT2G36000	-0.1085	-0.4911	0.2056
AT2G36010	-0.1257	0.1091	0.2661
AT2G36026	-0.0686	-0.4181	0.0733
AT2G36050	0.0358	-0.3122	0.2578
AT2G36060	-0.1045	-0.2692	-0.0315
AT2G36070	-0.208	0.3834	0.2035
AT2G36080	0.1961	-0.2794	0.0108
AT2G36090	0.0376	1.0045	-0.4085
AT2G36100	-0.9307	0.7287	-0.7709
AT2G36120	0.2977	0.4419	0.0975
AT2G36130	-0.0038	-0.2929	0.2374
AT2G36145	-0.1966	-0.46	-0.4366
AT2G36160	0.0034	0.1557	-0.0201
AT2G36170	0.0291	0.151	-0.0024
AT2G36200	-0.1091	-0.7788	0.4281
AT2G36220	0.0002	0.3219	-0.3377
AT2G36230	0.0455	0.6615	-0.0222
AT2G36240	-0.1568	0.2792	0.2114
AT2G36250	0.0773	0.2591	0.1232
AT2G36290	-0.6085	-0.0062	-0.3296
AT2G36300	-0.1156	0.3009	-0.1506
AT2G36305	0.0921	0.2825	0.1776
AT2G36307	-0.0859	0.0137	0.0754
AT2G36310	-0.0736	0.444	-0.2043
AT2G36320	0.2136	-0.0699	-0.2087
AT2G36330	-0.139	0.5938	-0.028
AT2G36340	-0.0584	0.1397	0.2775
AT2G36350	0.3393	-0.1568	-0.0089
AT2G36355	-0.4203	0.3414	0.0492
AT2G36360	0.0243	0.159	0.1497
AT2G36370	0.1551	0.2577	0.1776
AT2G36380	-0.0703	-0.2823	-0.054
AT2G36390	0.1866	0.5085	0.0972
AT2G36400	0.2865	-0.0845	0.2511
AT2G36410	-0.3057	0.2124	-0.1221
AT2G36420	-0.0309	0.2373	-0.1559
AT2G36430	-0.8944	-1.2362	-0.5369
AT2G36460	0.3903	0.7558	-0.1885
AT2G36470	0.0238	0.2342	-0.1142
AT2G36480	-0.0205	-0.0769	-0.0294
AT2G36490	-0.3891	-0.7849	0.7551
AT2G36500	0.0209	0.2191	-0.113
AT2G36530	-0.1498	0.6998	-0.1689
AT2G36570	-1.0727	-0.1977	0.0757
AT2G36580	-0.226	0.6586	-0.1878
AT2G36620	-0.0089	0.5269	0.0371
AT2G36630	0.4338	0.1583	0.4416
AT2G36650	-0.0365	0.4214	-0.0233
AT2G36660	-0.1878	-0.0722	0.4136
AT2G36670	-0.0099	0.1157	0.3245
AT2G36680	-0.0569	0.8706	0.0424
AT2G36690	-0.2427	0.7183	0.0066
AT2G36720	0.1764	0.2071	0.2381
AT2G36730	-0.0054	-0.0351	0.5075
AT2G36740	0.0214	0.6781	0.2911
AT2G36810	0.1891	0.4376	-0.0912
AT2G36830	-0.4002	0.1564	-0.6907
AT2G36835	-0.1642	-0.5124	-0.2124
AT2G36840	0.1003	0.3034	0.2579
AT2G36850	0.2564	0.1792	0.0813
AT2G36870	-0.9119	0.0959	-0.115
AT2G36880	-0.4573	0.2485	-0.1799
AT2G36885	-0.1394	-1.6783	0.0542
AT2G36890	-0.1586	0.2934	0.1746
AT2G36895	0.1204	0.2353	0.031
AT2G36900	0.0053	-0.5631	0.4227
AT2G36910	-0.2886	0.2479	0.1975
AT2G36930	0.0478	-0.3847	0.1394
AT2G36950	-0.1468	-0.2915	0.0537
AT2G36960	0.018	-0.2548	-0.0784
AT2G36980	-0.1334	0.278	0.0491
AT2G36990	-0.2926	-0.1555	0.0038
AT2G37020	-0.0395	0.1935	0.1924
AT2G37035	0.0835	-0.1011	-0.1275
AT2G37040	-0.5255	0.1818	-0.4794
AT2G37050	0.0459	0.2437	-0.0117
AT2G37060	-0.3649	-0.5362	-0.2097
AT2G37080	-0.1672	0.032	0.3473
AT2G37100	0.1	0.2413	0.3995
AT2G37110	0.0058	0.8517	-0.0976
AT2G37120	-0.2287	-0.0256	-0.258
AT2G37130	-0.0458	-0.159	-0.4889
AT2G37150	-0.1483	-0.3325	0.0773
AT2G37160	-0.086	0.2183	0.2699
AT2G37170	-0.3996	-0.0903	-0.5253
AT2G37180	-0.7444	-0.2886	-0.9493
AT2G37190	-0.1109	-0.1177	0.1263
AT2G37195	0.0553	-0.1424	-0.0409
AT2G37200	-0.1176	-0.6238	0.0002
AT2G37210	-0.5042	-0.1339	0.2728
AT2G37220	-0.1074	-0.1795	-0.1732
AT2G37230	-0.2189	-0.2422	0.2688
AT2G37240	-0.0756	0.2867	-0.096
AT2G37250	-0.0757	-0.1826	0.0482
AT2G37260	-0.2182	-0.4607	0.2873
AT2G37270	0.0456	0.2489	-0.0117
AT2G37280	-0.0163	0.621	0.3308
AT2G37290	0.1555	0.482	0.0641
AT2G37300	-0.2704	-0.1788	0.3674
AT2G37310	-0.0988	-0.02	0.2988
AT2G37320	0.0045	0.0114	0.4344
AT2G37330	-0.0779	0.4854	0.0853
AT2G37340	0.1378	-0.4638	0.2052
AT2G37362	0.0398	-0.2049	0.39
AT2G37380	-0.3928	-0.8764	-0.2846
AT2G37390	-0.1577	-0.2548	0.3068
AT2G37400	-0.3372	0.4531	0.0229
AT2G37410	0.0783	-0.4255	0.1156
AT2G37420	-0.5249	-0.8824	0.4793
AT2G37450	-0.1698	0.1809	0.4434
AT2G37460	-0.2351	0.9885	-0.0393
AT2G37470	-0.2316	0.1354	-0.1411
AT2G37480	-0.1735	-0.3452	0.121
AT2G37500	-0.2169	0.4556	0.16
AT2G37510	0.0896	0.7654	0.2501
AT2G37520	-0.0252	0.0791	0.0884
AT2G37530	-0.552	-0.0735	-0.3558
AT2G37540	-0.364	-0.1156	-0.3394
AT2G37550	-0.0824	0.355	0.1707
AT2G37560	-0.213	-0.0464	0.0253
AT2G37570	-0.3273	-0.6178	-0.0605
AT2G37580	-0.2723	0.0426	-0.1809
AT2G37585	-0.3143	0.1218	0.0075
AT2G37590	-0.2255	0.1415	-0.0566
AT2G37600	0.0182	0.088	0.0701
AT2G37620	-0.2211	0.2933	-0.0589
AT2G37630	-0.1107	-0.2063	-0.1642
AT2G37640	0.4083	0.4545	0.0719
AT2G37650	-0.1324	-0.0683	0.0232
AT2G37660	-0.1559	0.3105	0.0925
AT2G37670	0.4445	0.3681	0.2766
AT2G37678	-0.2197	0.0205	0.1494
AT2G37680	-0.1179	0.1645	0.1055
AT2G37690	-0.2229	0.3139	0.2634
AT2G37710	-0.415	0.0379	-0.0523
AT2G37740	-0.2084	0.619	0.0204
AT2G37750	0.1675	-0.9644	-0.517
AT2G37760	-0.1921	0.0317	0.2506
AT2G37790	-0.1279	-0.58	0.2787
AT2G37840	0.1434	0.2294	0.3586
AT2G37860	0.0031	0.5835	0.4241
AT2G37870	1.9111	2.3103	0.1178
AT2G37890	0.2102	0.4329	0.4472
AT2G37920	-0.1907	-0.0288	0.1306
AT2G37930	0.0445	0.6772	0.3156
AT2G37940	0.0833	0.6686	-0.0411
AT2G37950	-0.5125	-0.3286	-0.1162
AT2G37960	-0.2797	-0.6983	0.2798
AT2G37970	-0.2705	-0.4132	-0.4728
AT2G37975	0.087	0.5126	-0.0513
AT2G37980	-0.1193	-0.1772	0.1763
AT2G37990	-0.0739	0.3802	0.389
AT2G38000	0.103	-0.1154	0.0985
AT2G38010	-0.1945	0.1738	0.128
AT2G38020	-0.0256	-0.0611	0.0801
AT2G38025	-0.1663	-0.2259	0.0567
AT2G38040	0.0879	-0.1456	0.1962
AT2G38050	0.0019	0.4807	0.0262
AT2G38070	-0.1327	-0.4841	0.3085
AT2G38080	-0.5136	0.5909	-0.1761
AT2G38090	-0.1713	0.407	-0.095
AT2G38110	-1.1667	-1.2675	-0.0357
AT2G38120	-0.2283	0.4812	-0.0258
AT2G38130	-0.1121	0.0821	-0.0144
AT2G38140	-0.0684	0.0317	-0.1543
AT2G38160	-0.2694	-0.4532	0.2195
AT2G38170	-0.3977	0.4821	0.1245
AT2G38180	0.3059	1.0094	0.0906
AT2G38185	-0.0867	-0.2491	0.2786
AT2G38210	-0.0073	-1.5195	-0.4629
AT2G38230	0.6218	-1.1049	-0.3273
AT2G38250	0.1558	0.889	-0.402
AT2G38270	0.1956	0.4168	0.124
AT2G38280	0.311	1.15	0.273
AT2G38290	0.0815	0.3568	0.1163
AT2G38300	0.0837	0.5078	0.3588
AT2G38310	0.114	1.0823	-0.2577
AT2G38320	0.2467	0.9392	-0.117
AT2G38330	0.0458	0.1281	0.1209
AT2G38360	0.0532	0.7994	-0.0242
AT2G38370	-0.3209	-0.5512	0.3168
AT2G38380	-0.5905	0.3875	-0.3911
AT2G38400	0.2836	-0.1173	-0.1026
AT2G38410	0.1174	0.0165	-0.0724
AT2G38420	-0.1756	-0.025	0.1626
AT2G38430	-0.1337	-0.0212	0.3244
AT2G38440	0.0499	0.1976	0.2461
AT2G38450	-0.0104	0.069	-0.1073
AT2G38460	-0.6591	-0.5257	-0.088
AT2G38465	-0.0235	-0.5147	-0.1726
AT2G38470	0.125	0.2967	0.2648
AT2G38480	-0.2792	-0.1864	-0.1817
AT2G38500	-0.3842	0.0522	-0.4634
AT2G38530	1.1783	1.2332	-0.8472
AT2G38540	-0.093	-0.3	-0.5236
AT2G38550	-0.1545	-0.2932	0.1367
AT2G38560	0.0553	-0.3817	0.187
AT2G38570	-0.216	0.5827	-0.142
AT2G38580	0.1117	0.9238	0.4597
AT2G38610	-0.2982	0.1431	-0.0539
AT2G38620	-0.2568	-0.6565	0.0412
AT2G38630	-0.3099	-0.0467	0.3032
AT2G38640	0.0897	1.4244	-0.1394
AT2G38650	-0.0	0.5649	0.1822
AT2G38660	0.0472	0.477	0.1324
AT2G38670	0.0424	0.3071	0.2515
AT2G38680	-0.3151	0.0019	0.2332
AT2G38695	-0.0011	-0.1131	0.3255
AT2G38700	-0.2957	-0.2333	0.1043
AT2G38710	-0.1613	0.0368	-0.108
AT2G38720	-0.323	0.0532	-0.024
AT2G38730	-0.0095	0.3258	0.1414
AT2G38740	-0.1338	0.1698	-0.115
AT2G38750	-1.1131	-0.7597	0.3104
AT2G38760	-0.6273	-0.2442	0.2821
AT2G38770	-0.0292	-0.1191	0.1803
AT2G38780	-0.1129	-0.0004	0.2415
AT2G38800	-0.7567	-0.9751	0.2681
AT2G38810	-0.0786	0.0941	-0.0526
AT2G38820	-0.1826	-1.1612	-0.016
AT2G38830	0.0609	-0.4848	0.0565
AT2G38840	0.0152	0.4161	0.2045
AT2G38860	-0.183	0.1878	0.03
AT2G38870	-0.4598	-0.8029	-1.0082
AT2G38880	-0.0057	0.033	0.1818
AT2G38940	0.0992	0.3393	-0.5632
AT2G38950	0.016	0.0674	0.0888
AT2G38960	0.0641	0.3109	0.2923
AT2G38970	-0.4749	-0.0298	0.1303
AT2G39000	-0.1828	-1.0906	0.0819
AT2G39010	-0.7425	-0.3017	-0.4838
AT2G39020	-0.0042	0.3214	0.0459
AT2G39050	-0.4586	0.2173	-0.0104
AT2G39080	-0.301	0.1346	0.0962
AT2G39090	-0.1328	0.1075	0.2374
AT2G39100	0.0249	-0.3283	-0.0914
AT2G39110	-0.0166	0.5864	-0.1
AT2G39120	-0.3027	0.1378	0.1012
AT2G39130	0.4382	1.7325	-0.1541
AT2G39140	-0.1268	0.2745	0.1938
AT2G39170	0.0146	0.0567	0.0641
AT2G39180	0.5802	1.2835	0.4383
AT2G39190	0.1188	0.3523	0.1512
AT2G39210	0.472	0.4614	0.247
AT2G39220	-0.8497	0.644	0.7176
AT2G39230	-0.566	0.2134	0.0491
AT2G39260	0.1499	0.2389	0.1544
AT2G39270	-0.1686	-0.4658	-0.0476
AT2G39280	-0.076	0.4834	0.3886
AT2G39290	-0.0278	0.3675	0.132
AT2G39300	-0.0046	-0.4065	0.5056
AT2G39310	-0.389	-1.3787	0.6429
AT2G39340	-0.0678	-0.0636	0.2672
AT2G39350	-0.1568	0.3119	0.4192
AT2G39360	0.1051	0.521	0.0539
AT2G39390	0.0097	0.5142	-0.0911
AT2G39400	1.0442	-0.1718	-0.1974
AT2G39420	-0.1695	0.3049	-0.27
AT2G39430	-1.2754	-0.0477	-0.7843
AT2G39435	-0.5195	0.1685	-0.1742
AT2G39440	-0.1119	0.0417	-0.0435
AT2G39445	-0.1776	-0.1322	0.0809
AT2G39450	-0.3719	-0.4853	0.0525
AT2G39460	-0.0992	0.05	0.17
AT2G39480	0.2037	0.0348	0.0832
AT2G39500	-0.3445	-0.3921	-0.1466
AT2G39510	0.1654	0.98	0.3886
AT2G39550	0.0342	0.3874	0.1373
AT2G39560	-0.1789	-0.358	0.2282
AT2G39570	-0.3486	-2.927	0.0772
AT2G39580	0.2437	-0.1833	0.3393
AT2G39620	0.0109	-0.0294	0.2723
AT2G39630	-0.267	0.2457	0.1355
AT2G39650	0.123	0.972	-0.1057
AT2G39660	-0.0492	0.4455	-0.1993
AT2G39670	-0.251	0.1753	0.0912
AT2G39675	-0.1506	0.5224	0.2752
AT2G39681	-0.38	0.1823	0.3847
AT2G39690	0.2837	0.7785	-0.0125
AT2G39700	-0.62	-0.1954	0.3858
AT2G39705	-0.1251	-0.5909	-0.0196
AT2G39710	-0.6695	-0.0451	-0.1412
AT2G39720	-0.0728	0.2259	-0.0078
AT2G39725	-0.0332	-0.0423	0.0583
AT2G39730	0.4828	-0.0407	-0.8222
AT2G39740	0.0466	0.1382	0.194
AT2G39750	-0.1484	0.3692	-0.0783
AT2G39760	-0.2201	-0.0233	0.0852
AT2G39770	-0.2259	0.0148	0.0317
AT2G39780	-0.1	-0.1349	-0.0899
AT2G39795	-0.1985	0.0296	0.207
AT2G39800	0.4425	0.2405	-0.0335
AT2G39805	-0.2223	-0.1012	0.0612
AT2G39810	-0.1212	-0.2223	0.1655
AT2G39830	0.0043	0.2411	0.1309
AT2G39840	-0.271	0.1351	-0.0235
AT2G39870	-0.179	0.2291	0.0849
AT2G39880	0.1081	0.3825	0.2072
AT2G39890	-0.1478	-0.2225	0.0798
AT2G39900	-0.2516	0.0856	-0.2238
AT2G39910	0.1689	0.0469	0.1984
AT2G39930	-0.2292	-0.0487	0.3087
AT2G39940	0.0385	0.1905	-0.0651
AT2G39950	-0.029	-0.479	-0.0163
AT2G39960	-0.0605	0.1678	0.0734
AT2G39970	-0.0229	0.2077	0.2442
AT2G39980	1.6519	1.0187	0.963
AT2G39990	0.0088	-0.1072	0.0681
AT2G40000	0.2869	-0.9474	0.3753
AT2G40010	-0.1452	-0.0851	-0.223
AT2G40020	0.2169	-0.0433	0.209
AT2G40030	0.2441	-0.1466	0.1248
AT2G40060	-0.24	0.2339	0.2509
AT2G40070	-0.2476	0.0722	-0.0409
AT2G40080	-0.4266	-0.8336	-0.3358
AT2G40085	0.0012	-0.3881	0.0543
AT2G40090	-0.0335	-0.3528	0.2214
AT2G40095	-0.0097	0.6755	-0.0615
AT2G40100	0.3863	0.5438	-0.0447
AT2G40110	-0.1222	0.2673	-0.1835
AT2G40120	-0.5957	0.0706	-0.086
AT2G40130	-1.2451	-0.7487	0.5811
AT2G40140	0.1641	0.0687	-0.0672
AT2G40150	-0.4594	-0.1135	-0.067
AT2G40160	-0.7564	-0.162	0.1512
AT2G40190	0.0185	0.2921	0.2304
AT2G40200	-0.076	-0.2685	-0.0503
AT2G40205	-0.1805	0.0939	-0.275
AT2G40230	-0.2179	0.3215	0.1153
AT2G40240	-0.2499	0.2607	0.2628
AT2G40260	0.1136	0.6326	0.3831
AT2G40270	-0.31	0.2746	0.0007
AT2G40280	-0.1829	0.5916	0.2149
AT2G40290	-0.0947	0.2114	0.1869
AT2G40300	-0.2226	-1.9399	-0.1561
AT2G40316	-0.0025	0.0231	0.1599
AT2G40320	-0.272	0.6972	-0.0469
AT2G40330	0.4534	0.9485	0.055
AT2G40360	-0.1393	0.2306	0.3958
AT2G40370	-0.5255	0.6061	0.277
AT2G40380	-0.0506	0.5812	-0.1257
AT2G40400	-0.5362	-0.2274	0.0887
AT2G40410	-0.2061	0.2848	0.0492
AT2G40420	-0.3516	-0.5835	0.0636
AT2G40430	0.0739	0.3727	0.3918
AT2G40460	-1.1932	-0.9881	-0.2085
AT2G40475	0.1505	-0.1697	-0.0363
AT2G40480	-0.6968	-0.0626	0.0831
AT2G40490	-0.1377	0.2439	-0.0475
AT2G40510	0.0202	0.3452	0.0341
AT2G40530	0.1082	-0.1161	0.4373
AT2G40540	-0.2644	-0.2315	0.3552
AT2G40550	-0.4181	-0.5382	0.0317
AT2G40570	0.1809	0.3238	0.3437
AT2G40590	0.0502	0.5589	0.0391
AT2G40600	-0.1466	-0.1095	0.164
AT2G40610	0.3032	1.2304	0.0297
AT2G40620	0.107	-0.3625	0.053
AT2G40630	-0.1092	-0.0438	0.2453
AT2G40640	-0.2855	-0.3713	0.2859
AT2G40650	0.0588	0.1419	0.3395
AT2G40660	0.0083	0.5368	0.1893
AT2G40670	-0.4276	0.8565	0.3042
AT2G40690	0.0142	0.3807	0.0742
AT2G40700	-0.1962	0.222	0.2752
AT2G40711	0.0033	0.1037	0.0734
AT2G40720	0.0928	0.1123	0.3861
AT2G40730	0.0826	0.4154	0.1651
AT2G40760	-0.0298	-0.2815	0.1602
AT2G40765	-0.0699	0.4663	-0.1295
AT2G40770	0.087	0.0231	-0.0319
AT2G40780	0.0717	0.5129	0.1332
AT2G40800	-0.2347	0.2111	-0.084
AT2G40810	0.0344	-0.0437	0.1004
AT2G40815	-0.083	-0.0246	0.175
AT2G40820	-0.1315	0.1518	0.1395
AT2G40830	-0.1865	-0.1001	0.0956
AT2G40840	-0.0621	-0.1305	0.1775
AT2G40850	0.0153	0.0859	0.0069
AT2G40860	-0.1142	-0.2368	0.3022
AT2G40880	-0.2615	0.318	-0.2758
AT2G40890	-0.5365	-0.4971	-0.2743
AT2G40900	-0.7537	-0.3361	-0.4232
AT2G40920	-0.1612	-0.0813	-0.0631
AT2G40930	-0.0128	-0.3435	0.217
AT2G40935	-0.1267	-0.0817	-0.137
AT2G40940	0.6158	1.3793	0.5164
AT2G40950	0.0471	0.23	-0.0315
AT2G40960	0.1755	0.545	0.3524
AT2G40970	0.4262	0.2168	0.1822
AT2G40980	-0.0369	-0.0078	-0.0463
AT2G41000	-0.4506	-0.1901	-0.1026
AT2G41010	0.3298	0.7074	-0.1276
AT2G41020	0.0152	-0.1984	0.2515
AT2G41040	-0.2712	0.511	-0.1515
AT2G41050	-0.1157	-0.0065	-0.0029
AT2G41060	0.007	0.0391	0.1248
AT2G41070	0.6045	-0.0676	0.7049
AT2G41080	-0.3669	-0.1873	0.0207
AT2G41090	-0.1399	0.5426	0.1007
AT2G41100	0.5531	-0.0617	0.6002
AT2G41110	-0.0044	0.6535	-0.2782
AT2G41120	-0.2867	-0.1338	-0.1527
AT2G41130	-0.3413	-0.4352	0.067
AT2G41140	-0.2659	-0.2216	-0.2098
AT2G41150	0.0325	-0.5246	0.6387
AT2G41160	-0.0131	-0.0064	0.0925
AT2G41170	-0.4045	0.374	0.0317
AT2G41178	-0.3644	-0.1955	-0.1206
AT2G41190	0.6613	1.5926	0.1379
AT2G41200	0.0571	-0.1674	-0.0785
AT2G41220	0.1232	0.2929	-0.0361
AT2G41230	1.0074	1.5451	0.5169
AT2G41240	0.257	2.4943	-0.0394
AT2G41250	-0.2725	-0.699	0.16
AT2G41290	-0.0634	-0.7535	0.3793
AT2G41310	-0.2701	-0.4724	0.3154
AT2G41312	-0.6462	-0.9855	-0.1059
AT2G41330	-0.2881	-0.0271	0.1062
AT2G41350	-0.2618	0.2248	0.1501
AT2G41370	-0.6659	-0.6908	-0.1068
AT2G41380	-0.0995	0.3795	0.2179
AT2G41410	0.224	1.1056	-0.23
AT2G41420	0.005	0.467	-0.1271
AT2G41430	0.3079	0.9712	0.2008
AT2G41450	-0.1853	-0.3696	0.204
AT2G41460	-0.1122	-0.1963	0.3797
AT2G41475	-0.1691	0.3913	-0.0687
AT2G41480	-0.6156	0.5838	-0.1188
AT2G41490	-0.2287	-0.3204	0.0905
AT2G41500	-0.12	-0.3687	0.1893
AT2G41505	0.1655	0.1685	0.2983
AT2G41510	-0.5682	0.0248	0.4521
AT2G41520	0.1311	0.0802	0.3134
AT2G41530	-0.2464	-0.1968	0.0867
AT2G41540	-0.3096	0.5046	0.1335
AT2G41550	0.0453	0.1057	0.472
AT2G41560	0.174	-0.1663	-0.0726
AT2G41600	-0.0883	0.3053	0.0298
AT2G41620	-0.0766	-0.339	0.3348
AT2G41630	-0.029	0.0922	0.2241
AT2G41640	0.4312	0.6156	0.1498
AT2G41650	-0.0126	0.1433	-0.1155
AT2G41660	-0.3458	0.665	-0.5256
AT2G41670	-0.1411	0.7081	0.1993
AT2G41680	-0.2097	0.0369	0.109
AT2G41700	0.4375	0.8861	0.0401
AT2G41705	-0.0189	0.3493	0.0707
AT2G41710	-0.0039	-0.4446	0.3164
AT2G41720	-0.0451	-0.448	0.203
AT2G41730	0.1483	0.1377	-1.2049
AT2G41740	-0.0697	0.1407	-0.0632
AT2G41750	-0.1472	-0.3138	0.3104
AT2G41760	0.1442	0.4886	0.0811
AT2G41770	0.0112	0.2133	-0.2809
AT2G41780	0.3046	0.0122	0.0732
AT2G41790	-0.0547	0.0756	0.1152
AT2G41800	0.465	-0.1486	0.0338
AT2G41820	-0.2222	0.3777	0.2128
AT2G41830	0.1232	0.8605	0.0289
AT2G41835	-0.1062	0.2058	0.1751
AT2G41840	0.0208	-0.148	0.0004
AT2G41870	-0.2617	0.5306	0.0286
AT2G41880	0.0393	0.7645	-0.0296
AT2G41890	0.1314	0.9255	-0.0635
AT2G41900	-0.1661	0.2281	0.0368
AT2G41945	0.0474	0.2015	-0.0826
AT2G41950	-0.1309	0.5041	-0.1672
AT2G41960	0.2744	0.468	0.1723
AT2G41980	-0.1623	0.2196	0.0377
AT2G41990	0.5649	1.0227	0.2188
AT2G42010	0.0789	0.5812	0.0737
AT2G42030	-0.0053	0.2495	0.1181
AT2G42040	-0.1104	0.4561	0.1211
AT2G42070	-0.2685	-0.1998	0.0872
AT2G42080	-0.0974	0.2866	0.0185
AT2G42110	-0.3111	-0.6113	-0.1701
AT2G42120	-0.2043	0.0761	0.1254
AT2G42130	-0.062	0.5211	0.0265
AT2G42150	-0.1832	-0.0607	-0.2129
AT2G42160	-0.1008	0.0363	0.3048
AT2G42190	-0.0608	0.471	0.2648
AT2G42200	-0.5426	0.0155	0.5967
AT2G42210	-0.1475	-0.0369	-0.119
AT2G42220	-0.2944	0.274	0.1101
AT2G42230	-0.0006	0.6071	0.0515
AT2G42240	0.0192	0.1438	0.2004
AT2G42247	-0.7138	0.1536	0.8933
AT2G42260	-0.3936	-0.6979	0.1886
AT2G42270	0.0417	-0.2971	0.079
AT2G42280	0.4036	0.5872	0.1857
AT2G42290	-0.175	-0.4844	-0.0317
AT2G42300	-0.0793	0.0891	-0.1041
AT2G42310	-0.1737	-0.3746	-0.0994
AT2G42320	0.0379	1.0739	0.2288
AT2G42330	0.0816	-0.4158	-0.0029
AT2G42360	-0.0392	0.2238	-0.4263
AT2G42365	-0.0917	0.1179	0.2279
AT2G42380	0.206	0.5565	0.2383
AT2G42390	0.0382	0.2443	0.0561
AT2G42395	-0.3109	-0.0082	0.1369
AT2G42400	-0.1041	-0.3284	0.0449
AT2G42430	0.113	0.3549	-0.2386
AT2G42450	-0.1194	-0.1796	0.2732
AT2G42485	-0.2197	-0.2631	-0.1991
AT2G42490	-0.0154	0.8793	-0.1773
AT2G42500	-0.0182	0.1409	0.0025
AT2G42510	0.1245	0.5654	0.2542
AT2G42520	-0.0756	-0.0582	0.1429
AT2G42570	0.0028	0.1224	0.1088
AT2G42580	-0.1079	-0.1475	0.2447
AT2G42590	-0.2194	0.1104	-0.036
AT2G42600	0.2049	0.4912	-0.0404
AT2G42610	-0.877	0.1388	0.6206
AT2G42620	0.1032	-0.2094	-0.1205
AT2G42640	-0.0544	0.2953	0.2726
AT2G42650	-0.1802	0.1598	0.3021
AT2G42670	-0.0753	-0.0191	0.0216
AT2G42680	-0.047	0.0965	0.2128
AT2G42690	-0.19	-0.0685	-0.0598
AT2G42700	0.006	0.0216	0.2777
AT2G42710	-0.1572	0.3231	0.1019
AT2G42720	0.2139	0.0081	0.6189
AT2G42730	-0.5848	0.7509	0.3383
AT2G42740	0.224	0.3781	0.1197
AT2G42750	-0.0378	0.8822	-0.0219
AT2G42760	-0.3399	0.6723	0.2005
AT2G42770	0.1389	0.6917	0.1056
AT2G42780	-0.2581	-0.2845	0.0983
AT2G42790	0.4851	0.3017	-0.0355
AT2G42810	-0.1362	-0.3774	0.0967
AT2G42840	0.344	-0.4528	0.3803
AT2G42870	0.4733	1.0015	0.3582
AT2G42880	0.015	0.5091	0.2931
AT2G42890	0.3629	-0.1086	-0.0371
AT2G42900	0.0078	-0.4758	-0.157
AT2G42910	-0.1263	0.27	0.1435
AT2G42920	0.0007	-0.2611	0.0561
AT2G42940	0.0697	-0.0685	0.2138
AT2G42950	0.1767	0.1063	0.3211
AT2G42960	0.3254	0.5603	0.2292
AT2G42975	0.0001	-0.328	-0.0348
AT2G42980	0.1447	-0.0516	0.2767
AT2G43020	-0.1287	0.2273	0.0153
AT2G43030	-0.0766	-0.1025	-0.1857
AT2G43040	0.1339	0.3723	0.2747
AT2G43050	-0.0963	0.4674	-0.2518
AT2G43060	-0.1192	-0.2945	0.0943
AT2G43070	-0.1329	0.1105	0.0767
AT2G43080	0.033	0.5301	0.2622
AT2G43090	-0.0933	0.3585	0.0775
AT2G43100	-0.8829	-1.2937	-0.0495
AT2G43110	-0.1378	0.3407	0.3143
AT2G43120	0.1723	1.5875	-0.1072
AT2G43130	0.2439	0.7023	0.0893
AT2G43140	1.202	2.6962	0.4692
AT2G43150	0.1984	0.2993	-0.3613
AT2G43160	-0.1412	-0.4182	-0.0946
AT2G43180	-0.0727	0.1651	0.0528
AT2G43190	0.0495	0.1591	0.2594
AT2G43200	-0.077	0.4525	0.2003
AT2G43210	0.0769	0.1285	0.0796
AT2G43235	-0.0614	0.3617	0.1545
AT2G43240	-0.1308	0.5309	0.2983
AT2G43250	-0.1275	-0.2831	0.1047
AT2G43260	-0.044	0.2804	0.068
AT2G43280	-0.1284	-0.2203	0.2652
AT2G43290	-0.3776	0.5617	-0.1841
AT2G43310	0.0939	0.0559	0.006
AT2G43320	-0.0498	0.7397	0.0393
AT2G43330	-0.3273	-0.7569	0.0156
AT2G43340	-0.3555	0.313	-0.381
AT2G43350	-0.3474	-0.1143	0.1645
AT2G43360	-0.3102	0.0735	0.0644
AT2G43370	-0.0667	-0.1519	0.4352
AT2G43375	-0.053	0.0168	-0.0197
AT2G43400	-0.3333	-0.7669	0.1243
AT2G43410	-0.0768	-0.4068	-0.0022
AT2G43420	-0.1079	-0.1811	0.2769
AT2G43430	-0.0282	-0.0831	0.1766
AT2G43445	-0.4892	0.0939	0.1872
AT2G43460	-0.2493	0.0083	-0.1521
AT2G43465	-0.4245	-0.0021	-0.1063
AT2G43490	0.1628	1.0538	0.47
AT2G43500	0.4007	-0.2436	0.0746
AT2G43510	1.5904	0.0629	-0.6212
AT2G43535	-0.1297	-1.7463	0.4147
AT2G43540	-0.1941	-1.1734	-0.059
AT2G43560	-0.0882	0.5004	-0.0574
AT2G43570	0.459	0.3021	-0.1897
AT2G43590	-1.3747	-0.0022	0.7328
AT2G43610	0.0884	-0.3298	0.1118
AT2G43620	-0.3405	-0.0074	-0.0609
AT2G43630	-0.0553	0.2554	0.0769
AT2G43640	-0.0165	0.3482	-0.0067
AT2G43650	-0.1287	0.2522	0.3382
AT2G43680	-0.4382	-0.1032	0.0805
AT2G43690	-0.0062	-0.2242	0.22
AT2G43700	-0.1447	-0.2686	0.0002
AT2G43710	0.1692	0.3381	0.2087
AT2G43720	-0.1021	0.1121	0.063
AT2G43745	0.1043	0.3066	0.0688
AT2G43750	-0.1719	0.0457	0.0623
AT2G43760	-0.2807	0.0731	0.06
AT2G43770	-0.1364	0.0882	0.0747
AT2G43780	-0.074	0.4648	-0.1249
AT2G43790	-0.1044	-0.4333	0.0631
AT2G43800	-0.6645	-0.7545	0.3296
AT2G43810	-0.0721	0.0623	0.0064
AT2G43820	0.4335	0.092	-0.2511
AT2G43840	-0.5698	-0.1448	0.1826
AT2G43850	-0.3233	0.5787	0.0777
AT2G43900	-0.05	-0.1335	0.0371
AT2G43910	-0.306	0.3964	-0.1282
AT2G43940	-0.0786	0.4425	-0.0158
AT2G43945	-0.1192	0.3186	-0.0277
AT2G43950	-0.1422	0.0019	-0.0091
AT2G43970	-0.0863	0.2107	0.1792
AT2G43980	-0.1227	0.3176	0.0786
AT2G43990	-0.1188	0.0829	0.3468
AT2G44020	-0.1541	-0.1873	0.1996
AT2G44040	-0.1243	0.1427	0.1068
AT2G44050	-0.1714	0.1183	-0.0306
AT2G44060	-0.0119	0.9595	0.0687
AT2G44065	-0.0869	-0.2436	0.2911
AT2G44080	1.8611	2.3995	1.3738
AT2G44090	-0.3114	-0.1565	-0.0801
AT2G44100	0.0588	0.5625	0.0056
AT2G44120	-0.0329	0.1175	0.0076
AT2G44140	0.1045	-0.39	0.1136
AT2G44150	-0.1198	0.3153	-0.004
AT2G44160	-0.3438	-0.053	0.063
AT2G44180	-0.0844	0.0467	0.2166
AT2G44190	-0.2867	-0.8403	0.2989
AT2G44200	0.1025	0.5826	0.2676
AT2G44210	-0.9311	-0.2421	0.2274
AT2G44230	-1.0547	-0.9132	-0.1242
AT2G44255	0.1285	0.2113	0.387
AT2G44270	-0.1823	-0.0685	0.3026
AT2G44280	0.3012	0.8356	-0.0994
AT2G44290	-0.0729	0.3536	-0.5177
AT2G44300	0.018	1.2679	-0.423
AT2G44310	-0.1136	0.2507	-0.2509
AT2G44350	-0.2618	0.6292	-0.1072
AT2G44360	-0.0893	-0.1392	-0.1361
AT2G44410	-0.1059	-0.1231	0.245
AT2G44420	-0.0478	0.131	0.2716
AT2G44430	0.1832	0.4618	0.1312
AT2G44440	0.1328	0.1383	0.0322
AT2G44450	-0.4081	-0.6894	0.0258
AT2G44490	0.1393	0.3484	-0.1411
AT2G44500	-0.0385	0.9318	-0.1487
AT2G44510	-0.2398	0.3058	0.1699
AT2G44520	-0.1465	0.4778	0.0313
AT2G44525	-0.1873	-0.0128	-0.0784
AT2G44530	0.0505	0.5392	0.1531
AT2G44580	-0.182	-0.5143	0.3037
AT2G44600	-0.3094	0.1821	-0.1882
AT2G44610	0.0376	0.3762	0.0376
AT2G44620	-0.0738	0.076	-0.1129
AT2G44630	0.0744	-0.0917	0.1468
AT2G44640	-0.0694	-0.0805	0.1208
AT2G44650	-0.114	0.0314	-0.0965
AT2G44660	-0.1588	-0.2628	0.1944
AT2G44670	-0.4486	0.0951	-0.1877
AT2G44680	-0.0864	0.4041	-0.0253
AT2G44690	-0.3355	0.2544	0.0153
AT2G44700	-0.0826	0.2314	0.1118
AT2G44710	0.1298	-0.0452	0.0962
AT2G44730	-0.0517	0.1646	0.0796
AT2G44740	0.1824	0.5344	-0.2076
AT2G44750	-0.1562	-0.3126	0.2
AT2G44760	-0.1968	0.0878	0.0464
AT2G44770	-0.0622	0.2131	0.0964
AT2G44790	0.1378	0.0074	-0.4004
AT2G44798	-0.1051	-0.0181	-0.0467
AT2G44820	-0.0856	0.2336	0.1627
AT2G44830	-0.4332	-0.6268	0.0536
AT2G44850	0.0178	0.1956	0.3614
AT2G44860	-0.1875	0.1377	0.2049
AT2G44870	-0.141	0.0902	0.0867
AT2G44880	-0.2251	0.2716	0.0909
AT2G44900	0.1558	0.0301	0.1366
AT2G44910	-0.1196	-0.3523	-0.0704
AT2G44920	0.0275	0.021	-0.4
AT2G44940	-0.7601	0.9245	-0.3821
AT2G44950	0.0528	0.014	0.2579
AT2G44970	0.0322	0.3301	0.1806
AT2G44980	-0.1262	0.0246	0.0883
AT2G45000	-0.1831	-0.1001	0.1713
AT2G45010	0.1029	0.7225	0.1301
AT2G45023	-0.0401	0.2111	0.1519
AT2G45030	-0.0921	0.2206	0.3221
AT2G45050	0.452	0.2134	0.5056
AT2G45060	-0.2541	0.0234	0.0983
AT2G45070	0.1056	0.5207	-0.0849
AT2G45080	-0.2267	0.4437	-0.3412
AT2G45100	0.1656	0.3606	0.5476
AT2G45120	-0.2	0.2286	-0.1061
AT2G45140	0.0867	0.603	-0.0185
AT2G45150	0.1383	0.1515	0.317
AT2G45160	0.0887	0.6029	0.1346
AT2G45170	-0.2644	-0.0821	-0.4381
AT2G45180	0.6451	0.5305	-0.6031
AT2G45200	0.0834	0.2237	0.1581
AT2G45210	0.2939	1.2548	-0.0174
AT2G45220	0.1157	-1.0641	0.0308
AT2G45240	0.0143	0.3023	0.206
AT2G45245	-0.2523	-0.2371	0.0226
AT2G45250	-0.0487	-0.177	0.2306
AT2G45260	-0.1418	0.3797	0.0714
AT2G45270	-0.0796	0.0649	0.1122
AT2G45280	-0.0172	-0.0418	0.3274
AT2G45290	-0.0177	0.489	-0.0282
AT2G45300	-0.4148	0.0865	-0.0332
AT2G45315	-0.2343	0.0572	-0.1053
AT2G45320	-0.0594	0.0523	-0.0634
AT2G45330	-0.3278	-0.4155	-0.0166
AT2G45340	0.1077	-0.4326	0.2357
AT2G45380	-0.0594	0.0916	0.2747
AT2G45400	-0.2326	0.4974	-0.0514
AT2G45430	0.3277	-0.0639	0.0424
AT2G45440	-0.001	0.2784	0.1841
AT2G45450	0.09	0.7715	0.0765
AT2G45460	-0.0035	-0.1845	0.3915
AT2G45470	-0.1494	0.0469	-0.3037
AT2G45480	0.1017	-0.6497	0.177
AT2G45490	-0.2007	-0.6159	0.3966
AT2G45500	-0.1389	0.278	0.1478
AT2G45510	0.3295	0.0399	0.2028
AT2G45520	0.0971	0.7185	0.0066
AT2G45530	-0.2251	-0.6473	-0.0362
AT2G45540	0.3332	0.4492	0.1317
AT2G45560	-0.1879	-0.9941	-0.1273
AT2G45590	0.0876	0.369	0.0255
AT2G45620	-0.0103	-0.8224	0.0615
AT2G45630	-0.3826	-0.375	-0.2108
AT2G45640	-0.159	-0.1642	-0.0243
AT2G45660	-1.4671	-0.7969	1.0027
AT2G45670	-0.3332	-0.3052	-0.0893
AT2G45680	0.1056	0.6167	-0.1668
AT2G45685	-0.2408	1.0937	-0.3672
AT2G45690	-0.1692	0.155	0.0222
AT2G45695	-0.0329	-0.1067	-0.0695
AT2G45700	-0.1403	-0.0673	0.1595
AT2G45710	-0.0899	0.3557	-0.2145
AT2G45720	-0.3819	0.023	-0.0813
AT2G45730	-0.0582	-0.0468	0.3647
AT2G45740	-0.0392	-0.6068	-0.3983
AT2G45750	-0.2072	0.3949	-0.1958
AT2G45770	-0.1644	0.0668	0.2031
AT2G45790	-0.2329	0.3009	0.1493
AT2G45810	-0.0764	0.2099	-0.0253
AT2G45820	-0.4883	-0.5726	-0.0737
AT2G45830	-0.2819	-0.2571	0.0634
AT2G45860	-0.2707	-0.0247	-0.1817
AT2G45870	-0.2889	0.0356	0.1775
AT2G45880	-0.019	-0.1248	-0.0375
AT2G45900	0.0968	-0.0578	0.1673
AT2G45910	0.1197	-0.1019	0.0383
AT2G45920	-0.0326	0.2405	0.2527
AT2G45950	0.1022	0.1483	0.3292
AT2G45960	-0.1484	0.1539	-0.5374
AT2G45970	-0.3473	0.3283	-0.1161
AT2G45980	-0.1308	-0.3853	-0.1793
AT2G45990	-0.1246	0.2815	0.1301
AT2G46000	0.1191	0.6226	0.1567
AT2G46020	0.2397	-0.0995	0.208
AT2G46030	-0.1877	0.0153	-0.0065
AT2G46040	-0.0985	-0.2286	0.1324
AT2G46060	-0.1357	0.3605	-0.0319
AT2G46080	-0.238	0.0004	-0.2679
AT2G46090	0.0977	0.3675	0.3062
AT2G46100	-0.1318	0.4136	0.088
AT2G46110	-0.1076	0.4589	0.1297
AT2G46140	0.0525	0.1595	0.0838
AT2G46150	-0.1217	-0.0007	-0.1734
AT2G46160	0.0939	-0.0338	-0.1333
AT2G46170	-0.0775	0.1414	-0.2202
AT2G46180	0.0494	0.3034	0.2105
AT2G46192	-0.15	-0.5789	-0.2771
AT2G46200	-0.064	0.0791	0.3421
AT2G46210	0.0362	0.65	0.5984
AT2G46220	-0.1156	-0.8689	-0.2172
AT2G46225	-0.0729	0.7947	0.1371
AT2G46230	0.0051	0.122	0.0892
AT2G46240	0.3471	0.1797	0.2501
AT2G46250	0.1172	-0.1009	0.5247
AT2G46260	-0.1601	-0.5735	-0.116
AT2G46270	-0.4854	-0.0923	-0.125
AT2G46280	0.0903	-0.0552	0.2422
AT2G46290	0.0095	0.3684	0.1635
AT2G46310	-0.1076	0.9647	-0.2128
AT2G46320	-0.1187	-0.2042	0.1668
AT2G46330	0.0968	0.1256	-0.1304
AT2G46340	-0.361	-0.3726	-0.2492
AT2G46370	-0.1988	0.0941	-0.2741
AT2G46380	-0.4835	-0.6087	0.2422
AT2G46390	-0.3196	0.1585	-0.0543
AT2G46400	0.2317	0.2598	0.1644
AT2G46410	-0.3129	-0.137	-0.1518
AT2G46420	-0.2528	0.7627	-0.1951
AT2G46430	-0.2573	0.3	-0.4338
AT2G46470	-0.066	-0.0549	0.3216
AT2G46490	-0.1689	-0.5904	0.1785
AT2G46500	-0.1521	0.2112	-0.0687
AT2G46505	-0.1986	0.2159	-0.253
AT2G46510	-0.432	-0.6875	0.3555
AT2G46520	0.023	-0.241	0.0532
AT2G46530	-0.2038	-0.6523	0.0086
AT2G46535	-0.8499	-0.1596	0.0102
AT2G46540	-0.0743	0.429	-0.2054
AT2G46550	-0.1564	-0.6719	-0.1357
AT2G46560	0.1388	0.3222	0.0807
AT2G46570	-0.5193	-0.4472	-0.1651
AT2G46572	-0.0091	0.1275	0.2921
AT2G46580	-0.1018	0.0906	0.1146
AT2G46590	-0.3035	0.4593	0.1423
AT2G46600	-0.2806	0.1528	-0.1331
AT2G46610	-0.0334	0.2722	0.2981
AT2G46620	-0.3914	0.0075	-0.2967
AT2G46630	-0.3015	1.5599	0.4404
AT2G46650	-0.5229	-0.3791	-0.0937
AT2G46660	0.5492	0.4313	0.2211
AT2G46680	-0.2314	-0.0353	-0.0063
AT2G46690	-0.4725	-0.9005	0.0074
AT2G46700	-0.1803	0.4515	-0.0909
AT2G46710	-0.1075	0.2319	0.247
AT2G46735	-0.0037	-0.0205	-0.1557
AT2G46740	0.2316	0.6295	0.0552
AT2G46780	-0.1776	0.384	0.0043
AT2G46790	-1.1461	-1.4061	-1.1742
AT2G46800	0.0036	-0.5421	0.0524
AT2G46810	0.041	0.023	0.173
AT2G46820	-0.0705	0.0064	-0.2923
AT2G46830	-0.7158	0.3532	-0.41
AT2G46890	-0.4187	0.4766	0.0117
AT2G46900	-0.1338	-0.8109	0.1544
AT2G46910	-0.0777	0.2802	0.0727
AT2G46915	-0.0925	0.0095	0.3109
AT2G46920	-0.3121	-0.0496	-0.0152
AT2G46930	-0.0484	0.2347	0.2458
AT2G46970	-0.196	0.5725	0.032
AT2G46980	-0.1955	0.1157	0.3314
AT2G46990	0.6554	0.6255	0.1286
AT2G47000	0.4776	1.0219	-0.1053
AT2G47010	-0.2822	0.733	0.265
AT2G47020	0.0444	0.1826	0.4067
AT2G47060	-0.245	0.4634	0.0148
AT2G47070	0.1144	0.2828	0.2906
AT2G47090	-0.1447	0.2457	0.1107
AT2G47110	0.0332	0.095	0.0071
AT2G47130	0.1933	-0.3619	0.0792
AT2G47160	-0.0944	-0.2328	-0.1956
AT2G47170	0.0854	0.4892	0.0134
AT2G47180	-0.0516	-0.6408	0.6625
AT2G47210	-0.0345	0.1022	0.0784
AT2G47220	-0.1361	-0.0678	0.1982
AT2G47230	-0.1997	-0.4286	0.5485
AT2G47240	0.1366	0.3858	0.6262
AT2G47250	0.0073	0.0996	0.1629
AT2G47260	-0.2563	-0.2141	0.0489
AT2G47300	0.0296	-0.1232	0.2371
AT2G47310	-0.1311	0.062	0.3473
AT2G47320	-0.0138	0.4512	-0.0168
AT2G47330	0.1097	0.3115	-0.0177
AT2G47350	-0.0427	0.0626	0.129
AT2G47360	-0.304	0.1944	-0.3148
AT2G47370	-0.3326	-0.0915	-0.1021
AT2G47380	-0.3097	-0.2044	-0.252
AT2G47390	-0.1189	0.2924	0.0922
AT2G47400	0.1365	-0.503	-0.24
AT2G47410	0.0891	0.0556	0.0984
AT2G47420	-0.144	-0.6712	0.1688
AT2G47440	0.154	0.8274	0.1653
AT2G47450	0.0666	0.0871	-0.1071
AT2G47460	-0.9215	-0.3084	-1.0972
AT2G47470	-0.1243	0.3983	0.0242
AT2G47480	-0.0583	0.4448	-0.1544
AT2G47485	0.1392	-0.3241	-0.1503
AT2G47490	-0.2558	0.3477	-0.0322
AT2G47500	-0.4291	-0.6278	0.0508
AT2G47510	-0.0992	0.3485	0.1748
AT2G47560	-0.584	0.2704	-0.2336
AT2G47580	-0.0228	0.0436	0.1855
AT2G47590	-0.1115	0.1285	0.1952
AT2G47600	-0.114	-0.5484	0.2788
AT2G47610	0.0672	0.134	-0.0072
AT2G47620	0.0172	-0.0155	0.109
AT2G47630	-0.6709	-0.3187	-0.0495
AT2G47640	-0.1361	0.2325	-0.0473
AT2G47650	0.0433	0.6481	0.1191
AT2G47680	-0.0615	0.7623	0.2777
AT2G47690	-0.2757	-0.0743	-0.1873
AT2G47700	-0.3129	-0.2808	0.0321
AT2G47710	-0.1024	-0.0768	0.0193
AT2G47730	-0.0558	0.3689	-0.3358
AT2G47760	-0.0124	0.3229	0.1479
AT2G47790	-0.1341	-0.1231	0.0965
AT2G47800	-0.0163	0.1465	0.026
AT2G47820	0.0042	-0.2849	0.1997
AT2G47830	-0.1847	0.2794	0.185
AT2G47840	-0.03	0.3689	0.005
AT2G47850	-0.3317	-0.0257	0.0665
AT2G47860	-0.4245	0.3185	-0.014
AT2G47890	-0.5641	-1.0582	-0.3922
AT2G47900	-0.1051	0.0054	0.0589
AT2G47910	-0.1557	-0.5204	-0.0356
AT2G47920	-0.5909	-0.7312	0.1114
AT2G47930	-0.2082	-0.1576	-0.2451
AT2G47935	-0.0562	0.6186	0.2109
AT2G47940	-0.1656	-0.1492	0.2098
AT2G47960	-0.2352	-0.3966	0.2807
AT2G47970	0.0502	0.4785	-0.0114
AT2G47980	-0.0289	0.1441	0.1726
AT2G47990	-0.0073	0.5604	-0.0366
AT2G48000	-0.1697	-0.3397	0.3271
AT2G48010	0.1998	0.1277	0.3288
AT2G48020	-0.0281	-0.1582	0.1375
AT2G48030	-0.3069	0.2856	-0.359
AT2G48060	0.0761	0.129	-0.0649
AT2G48070	-0.2291	-0.2889	-0.0593
AT2G48075	-0.2896	-0.1407	0.0197
AT2G48090	0.1272	0.6916	0.8189
AT2G48100	0.1618	0.2273	0.3447
AT2G48110	0.202	0.1177	-0.1394
AT2G48120	-0.2193	-0.1115	0.1626
AT2G48130	-0.4562	0.9535	-0.583
AT2G48140	-0.4599	0.7044	-0.1632
AT2G48160	0.1504	-0.4031	0.3399
AT3G01040	-0.2377	0.1107	0.1822
AT3G01050	-0.0344	0.2392	0.1846
AT3G01060	0.0727	0.0411	-0.4057
AT3G01090	-0.0456	0.1435	-0.0806
AT3G01100	0.0087	0.1435	-0.0548
AT3G01120	-0.0712	0.9928	0.0336
AT3G01130	-0.0269	0.1764	-0.1128
AT3G01142	-0.2649	-0.5198	0.0482
AT3G01150	-0.0914	0.1086	0.0569
AT3G01160	-0.0502	0.319	0.2965
AT3G01170	-0.0851	-0.3418	-0.1119
AT3G01180	-0.1376	0.2689	0.1194
AT3G01200	-0.2321	-0.102	0.1438
AT3G01205	-0.1989	1.5037	0.4309
AT3G01210	-0.1654	-0.0332	-0.038
AT3G01220	0.1589	0.4346	0.3018
AT3G01280	-0.0805	0.1379	0.0391
AT3G01290	0.2726	-0.2214	-0.0761
AT3G01300	-0.3813	-0.1838	-0.0772
AT3G01310	-0.0386	-1.2994	0.0491
AT3G01320	0.1227	-0.0578	0.28
AT3G01330	-0.2082	-0.0693	0.3541
AT3G01340	-0.0129	0.491	0.0207
AT3G01350	-0.2758	0.3581	0.1017
AT3G01360	-0.0899	0.0261	-0.0096
AT3G01370	0.1234	0.005	0.4066
AT3G01380	0.1792	0.3638	0.2213
AT3G01390	-0.2467	0.0794	-0.1196
AT3G01400	-0.0125	-0.0005	-0.2237
AT3G01410	-0.2176	-0.2729	-0.044
AT3G01420	0.129	-1.1475	-0.7458
AT3G01430	0.0137	0.3102	-0.0655
AT3G01435	0.1338	0.2236	0.0544
AT3G01450	-0.2378	-0.0041	0.3597
AT3G01460	0.1836	0.0266	0.0891
AT3G01470	0.152	0.8783	0.0779
AT3G01480	-0.03	0.2885	0.184
AT3G01510	0.0569	0.8712	0.1949
AT3G01515	-0.0446	-0.002	-0.268
AT3G01516	-0.0535	0.122	0.3205
AT3G01520	-0.0412	0.0176	-0.261
AT3G01540	-0.1115	-0.0374	0.468
AT3G01560	0.019	0.1704	0.048
AT3G01580	-0.0907	-0.2206	-0.0352
AT3G01590	-0.2583	0.0686	0.0424
AT3G01600	-0.21	0.2446	0.24
AT3G01610	-0.0819	-0.0313	0.0729
AT3G01640	0.0318	0.6507	0.0546
AT3G01650	-0.0567	0.015	-0.0324
AT3G01670	-0.3316	0.2906	0.415
AT3G01680	-0.7048	-0.1841	0.2284
AT3G01690	-0.1708	-0.4215	0.0399
AT3G01710	-0.3609	-0.6543	0.3705
AT3G01720	0.0611	0.5127	0.0499
AT3G01740	-0.0784	-0.3456	-0.0037
AT3G01750	0.0235	-0.2539	0.0573
AT3G01770	-0.1854	-1.1245	0.3368
AT3G01780	0.0823	0.6434	0.0018
AT3G01790	0.1426	0.6304	0.2471
AT3G01800	-0.3197	0.3714	0.1881
AT3G01810	-0.0727	0.2186	-0.1626
AT3G01820	0.0162	0.3668	0.1943
AT3G01850	0.0702	-0.2837	0.1877
AT3G01860	-0.5002	0.2008	0.1489
AT3G01890	0.0301	-0.3594	0.3965
AT3G01910	-0.2099	0.0479	0.031
AT3G01920	0.1662	-0.0706	0.2573
AT3G01930	-0.0884	0.3847	-0.0104
AT3G01940	-0.2073	-0.1533	0.1313
AT3G01950	0.078	-0.0889	-0.1062
AT3G01970	0.6478	-0.3985	0.6838
AT3G01980	-0.2188	0.0927	0.2452
AT3G01990	0.4171	0.4408	0.2145
AT3G02000	-0.1904	-0.1802	0.0916
AT3G02020	-0.7126	-0.4412	0.2578
AT3G02030	-0.0879	0.0776	0.1366
AT3G02040	0.4591	-0.556	-0.2598
AT3G02050	-0.2353	-0.1557	0.3655
AT3G02060	-0.2899	-0.2481	0.2313
AT3G02065	0.0245	0.0276	0.1273
AT3G02070	-0.013	0.4414	0.0986
AT3G02080	0.0418	-0.2289	0.0503
AT3G02090	-0.0945	0.1582	-0.0283
AT3G02110	-0.0045	-0.1039	0.2799
AT3G02120	-0.5573	-0.7477	0.0821
AT3G02130	-0.1423	-0.0202	-0.0696
AT3G02140	-0.2296	0.6062	-0.1462
AT3G02160	-0.1562	-0.2885	0.191
AT3G02170	0.6507	0.1762	0.3781
AT3G02180	0.0089	0.3361	0.0597
AT3G02190	0.2309	0.6588	-0.0063
AT3G02200	-0.1453	-0.3755	0.075
AT3G02210	0.0432	-0.2628	0.0253
AT3G02220	0.0843	0.0085	0.2041
AT3G02230	-0.0642	1.0623	-0.1939
AT3G02250	-0.2691	0.5503	0.0978
AT3G02260	0.3203	-0.0499	-0.0855
AT3G02280	-0.1831	-0.2626	0.2205
AT3G02290	-0.2034	-0.094	-0.0368
AT3G02300	-0.0469	-0.1853	0.1559
AT3G02320	-0.15	0.1267	0.302
AT3G02330	-0.1699	-0.425	0.0251
AT3G02340	-0.2208	-0.621	-0.0271
AT3G02350	-0.0419	0.3613	0.2344
AT3G02360	-0.0725	0.0266	-0.1167
AT3G02370	-0.104	-0.4103	-0.0912
AT3G02380	0.0466	0.1247	-0.2757
AT3G02400	-0.3095	0.0566	0.4372
AT3G02410	0.9228	1.0633	0.1268
AT3G02420	0.0014	0.0522	0.0415
AT3G02450	-0.1371	0.2469	0.0913
AT3G02460	-0.2147	0.3201	-0.0733
AT3G02470	-0.3609	0.1403	-0.2308
AT3G02480	1.1785	1.4249	-0.2432
AT3G02490	-0.2185	-0.162	0.2046
AT3G02500	-0.0789	-0.4032	-0.3471
AT3G02510	-0.1626	0.137	0.1555
AT3G02520	-0.0769	-0.0994	0.0127
AT3G02530	-0.0906	0.2957	0.1607
AT3G02535	0.374	-0.2308	-0.6032
AT3G02540	-0.2046	-0.7119	0.1193
AT3G02550	0.2849	1.5404	0.6934
AT3G02555	0.1305	-0.0782	0.1376
AT3G02560	-0.013	-0.1531	-0.0262
AT3G02570	-0.008	0.7173	-0.072
AT3G02575	-0.2116	-0.2226	-0.1936
AT3G02580	0.0503	0.5052	-0.0436
AT3G02600	0.1354	0.6376	-0.0134
AT3G02610	-0.0877	-0.1068	-0.1221
AT3G02620	-0.0907	-0.4132	-0.7715
AT3G02630	-0.1129	0.273	0.1945
AT3G02640	-0.5429	-0.9506	-0.0571
AT3G02650	-0.1816	0.0121	0.2015
AT3G02660	-0.0482	0.0516	0.1044
AT3G02680	-0.1161	-0.1342	0.245
AT3G02690	-0.0418	-0.7339	0.2466
AT3G02700	-0.2367	-0.62	0.0394
AT3G02710	-0.2204	0.0959	0.1074
AT3G02720	0.0469	0.0392	0.29
AT3G02730	-0.1627	0.3119	-0.3933
AT3G02740	-0.0205	-0.0443	0.009
AT3G02750	-0.4032	-0.0479	-0.0368
AT3G02760	-0.0058	0.1137	0.2399
AT3G02770	-0.0208	-0.0198	-0.2169
AT3G02780	0.185	0.2644	-0.0168
AT3G02790	0.9638	0.3102	1.6447
AT3G02800	0.4739	0.4449	0.3362
AT3G02820	-0.3413	-0.4564	0.5264
AT3G02830	-0.3554	-0.1313	-0.0104
AT3G02832	-0.1345	-0.0405	-0.0113
AT3G02850	0.2027	0.0199	-0.4822
AT3G02860	-0.1241	-0.0625	0.301
AT3G02870	0.2065	1.4111	0.046
AT3G02875	-0.1206	0.3381	0.076
AT3G02880	-0.156	0.4781	-0.3034
AT3G02890	-0.1536	-0.2093	0.126
AT3G02900	0.0957	0.2447	-0.044
AT3G02910	0.8712	1.2082	-2.17
AT3G02920	-0.1741	0.1259	0.2757
AT3G02930	-0.156	0.6252	0.3664
AT3G02950	-0.1798	0.1618	0.2344
AT3G02980	0.0698	0.536	0.1789
AT3G02990	0.0421	-0.0606	-0.162
AT3G03000	-0.2551	-0.0843	-0.3407
AT3G03010	-0.0651	0.0573	0.2578
AT3G03020	-0.2921	0.1645	0.3207
AT3G03030	0.0831	-0.0326	0.0744
AT3G03040	-0.2388	0.6559	0.1071
AT3G03050	0.0897	0.6822	-0.0732
AT3G03060	-0.0186	0.9055	0.2016
AT3G03070	-0.1193	-0.133	-0.2516
AT3G03090	0.2069	-0.0906	0.2061
AT3G03100	-0.15	0.1085	-0.1873
AT3G03110	-0.0319	0.0266	0.2646
AT3G03120	-0.021	0.3099	0.0804
AT3G03130	-0.4507	-0.8939	0.0773
AT3G03140	0.1335	-0.037	0.1801
AT3G03150	-0.1067	-0.1929	0.1349
AT3G03160	0.0709	0.2412	-0.0733
AT3G03170	0.5485	0.2708	-0.1376
AT3G03180	-0.0372	0.065	0.0296
AT3G03210	-0.043	-0.2394	-0.0763
AT3G03220	-0.0511	0.5426	-0.0285
AT3G03250	-0.1394	0.6701	0.0964
AT3G03270	-0.2361	0.79	0.2091
AT3G03300	0.0893	0.0936	0.2145
AT3G03305	-0.1329	0.1905	-0.0434
AT3G03310	0.1672	-0.0927	0.3492
AT3G03320	-0.0356	0.0541	0.1079
AT3G03330	-0.0257	-0.736	0.2105
AT3G03340	0.0707	0.3695	0.1115
AT3G03360	-0.2574	-0.1107	0.31
AT3G03380	-0.0567	-0.3714	0.2361
AT3G03420	-0.1951	-0.0462	0.0453
AT3G03440	-0.0372	0.0621	-0.1067
AT3G03450	0.3465	0.0208	0.1337
AT3G03460	-0.0848	-0.3398	0.3814
AT3G03470	0.5251	0.8718	0.3424
AT3G03490	0.0505	-0.1729	0.1926
AT3G03520	-0.3341	0.0574	0.1138
AT3G03550	-0.1525	0.4951	-0.1496
AT3G03560	-0.281	0.3054	0.1652
AT3G03570	-0.2271	0.0097	0.096
AT3G03580	-0.3583	-0.3399	0.119
AT3G03590	0.0223	0.1855	-0.1187
AT3G03600	-0.2195	0.0904	-0.0699
AT3G03610	-0.4142	-0.1094	-0.1058
AT3G03630	-0.3144	-0.333	0.2821
AT3G03640	0.1174	0.4607	0.3351
AT3G03660	0.5333	0.0139	0.5218
AT3G03680	-0.1699	-0.5715	0.4363
AT3G03690	-0.0331	0.256	0.1983
AT3G03702	-0.4349	0.1238	0.0886
AT3G03710	0.0671	-0.0825	0.1223
AT3G03720	-0.0659	-0.076	0.1088
AT3G03740	-0.0511	0.3596	0.0782
AT3G03750	-0.0025	0.3407	-0.1717
AT3G03770	-0.1063	0.2024	-0.1067
AT3G03773	0.034	0.2047	0.0507
AT3G03780	-0.5437	0.404	-0.0733
AT3G03790	-0.0368	-0.4091	0.1024
AT3G03810	0.0336	0.2093	-0.1293
AT3G03860	-0.3035	-0.0666	-0.2843
AT3G03870	0.2381	-0.2389	0.0489
AT3G03880	-0.0526	-0.1399	0.136
AT3G03890	-0.0923	0.2822	0.0917
AT3G03900	0.1154	0.33	0.1579
AT3G03920	-0.0701	0.3144	0.0204
AT3G03940	-0.123	0.046	0.1916
AT3G03950	-0.2204	-0.2158	0.2718
AT3G03960	0.0143	0.4475	0.0957
AT3G03970	-0.1718	0.0405	0.0989
AT3G03980	-0.233	-0.1013	0.2819
AT3G03990	-0.2411	-0.4334	-0.2876
AT3G04010	-0.2358	-0.0944	-0.4612
AT3G04020	0.0486	0.4251	0.3643
AT3G04030	-0.4335	0.2304	-0.0511
AT3G04040	-0.1518	0.2416	0.1669
AT3G04060	0.042	-0.275	-0.2563
AT3G04070	0.3171	-0.0394	0.0172
AT3G04080	0.0338	0.3248	0.1671
AT3G04090	-0.1338	0.123	-0.1569
AT3G04110	-0.1762	0.2191	-0.1347
AT3G04120	-0.3278	0.4152	-0.2407
AT3G04130	-0.2369	-0.2726	-0.0206
AT3G04140	-0.7502	0.0079	-0.4607
AT3G04160	-0.103	0.0448	0.2502
AT3G04230	0.1667	0.5864	0.074
AT3G04240	-0.0817	0.2174	0.1663
AT3G04260	-0.0159	0.0087	0.1466
AT3G04300	0.1888	0.0742	0.212
AT3G04310	0.0794	-0.0249	0.2892
AT3G04340	0.1233	0.1334	0.5288
AT3G04350	0.0046	-0.9525	-0.0436
AT3G04380	-0.0548	0.1388	0.2708
AT3G04400	-0.037	0.1271	-0.0616
AT3G04443	0.1839	0.3137	0.5116
AT3G04450	0.038	-0.2231	0.1858
AT3G04460	-0.1856	-0.2072	0.2431
AT3G04470	0.0267	-0.1456	0.1693
AT3G04480	-0.0984	-0.2033	0.1162
AT3G04485	-0.1515	-0.0142	0.1477
AT3G04490	0.1064	-0.0466	0.1012
AT3G04500	-0.0634	0.1944	0.0902
AT3G04520	-0.196	0.1153	0.2484
AT3G04530	0.0875	-0.0735	0.3557
AT3G04550	-0.0334	0.3282	-0.0186
AT3G04560	-0.1368	-0.4379	0.2142
AT3G04570	-0.1447	-0.0911	0.1445
AT3G04580	0.1096	0.5142	0.2891
AT3G04590	0.0047	0.4058	-0.0241
AT3G04600	-0.189	-0.0042	0.1996
AT3G04610	0.0614	0.1391	0.3693
AT3G04620	-0.0729	0.0111	0.1151
AT3G04630	-0.6544	-0.6053	0.1615
AT3G04640	0.3158	0.5147	-0.2059
AT3G04650	-0.3843	0.1738	-0.0374
AT3G04670	-0.298	-0.4273	0.3137
AT3G04680	-0.0476	0.2682	0.0776
AT3G04690	-0.3118	-0.1405	0.0596
AT3G04710	0.0225	0.5796	0.0788
AT3G04720	0.1249	-0.2532	0.4974
AT3G04730	-0.306	0.0956	0.0843
AT3G04740	0.2046	-0.1561	0.0699
AT3G04750	-0.1466	-0.1714	0.2102
AT3G04760	0.1291	-0.0353	0.0713
AT3G04770	0.0401	0.6526	-0.0055
AT3G04780	-0.1003	0.3564	-0.0265
AT3G04790	-0.0314	0.4606	-0.1553
AT3G04810	-0.2709	0.0882	-0.1263
AT3G04820	-0.1515	-0.1859	0.2165
AT3G04830	-0.0084	0.4973	-0.0205
AT3G04840	0.0639	0.5276	-0.1142
AT3G04850	-0.413	-0.2264	0.1534
AT3G04860	-0.23	-0.2702	-0.0284
AT3G04870	-0.065	0.3249	0.1624
AT3G04880	-0.1796	-0.089	0.0925
AT3G04890	-0.0093	-0.1386	0.2902
AT3G04910	0.0939	0.4369	0.2018
AT3G04920	-0.104	0.1292	0.1376
AT3G04930	-0.3422	-0.3049	0.0663
AT3G04940	-0.3081	0.2197	0.0082
AT3G04950	-0.0998	0.0847	0.307
AT3G04970	0.0316	0.3885	0.0848
AT3G04980	0.1378	-0.0443	0.2858
AT3G05000	0.0025	0.4014	0.007
AT3G05010	-0.1405	0.0083	-0.0304
AT3G05020	-0.0766	-0.0084	0.0238
AT3G05030	0.0443	0.5299	0.0562
AT3G05040	-0.1634	0.0793	0.009
AT3G05050	-0.2814	0.329	0.0331
AT3G05060	-0.0464	0.4127	0.2368
AT3G05070	-0.0672	0.0435	0.0346
AT3G05080	-0.0374	-0.1915	0.2239
AT3G05090	-0.0029	0.0562	-0.0043
AT3G05100	-0.0052	0.2674	0.1632
AT3G05120	-0.0942	-0.3227	-0.0361
AT3G05130	-0.1606	-0.6483	0.3803
AT3G05140	0.2508	-0.1583	-0.3027
AT3G05150	0.6369	1.2644	0.1621
AT3G05160	0.1618	0.5781	0.4591
AT3G05165	-0.0844	0.9372	-0.0391
AT3G05170	-0.0552	0.1372	0.1936
AT3G05180	-0.0555	0.1285	-0.2588
AT3G05190	0.217	0.0881	-0.215
AT3G05200	-0.0641	0.9806	-0.2196
AT3G05210	0.0734	0.2277	0.1065
AT3G05220	0.3416	0.2973	0.2239
AT3G05230	-0.0472	0.549	0.0076
AT3G05250	0.1172	-0.1855	0.225
AT3G05270	-0.2738	0.0774	0.2543
AT3G05280	-0.0164	0.491	0.0991
AT3G05290	0.0111	-0.3303	0.3561
AT3G05320	-0.1898	0.4709	0.2452
AT3G05330	-0.5578	-0.8364	0.1734
AT3G05340	-0.0715	0.0209	0.0899
AT3G05345	-0.1328	-0.2166	0.2793
AT3G05350	-0.1069	0.3259	0.1185
AT3G05360	-0.2187	0.3502	-0.0647
AT3G05380	0.1597	-0.0376	0.1781
AT3G05400	0.5198	1.0366	-0.0429
AT3G05410	-0.151	0.0487	0.204
AT3G05420	-0.0301	0.4789	0.1937
AT3G05430	-0.1542	-0.1581	0.1044
AT3G05470	0.0219	-0.4853	-0.0322
AT3G05480	-0.2239	-0.1601	0.2686
AT3G05490	-0.2418	0.588	-0.2696
AT3G05500	0.0228	0.6506	-0.1874
AT3G05510	-0.0167	-0.0083	0.0048
AT3G05520	-0.2459	0.03	0.1203
AT3G05530	-0.0883	-0.2406	0.1924
AT3G05545	-0.0195	0.3478	0.0451
AT3G05560	0.0675	0.263	-0.0446
AT3G05570	0.144	0.1437	0.2992
AT3G05580	-0.11	0.2196	0.0452
AT3G05590	0.0075	0.4853	-0.1239
AT3G05625	-0.1875	0.2614	0.0194
AT3G05630	0.8877	1.4333	0.0639
AT3G05640	0.1938	1.2261	-0.0571
AT3G05670	0.0314	0.5029	0.1661
AT3G05675	0.214	0.4298	0.1959
AT3G05680	0.3204	0.1469	0.314
AT3G05685	0.0275	0.2585	-0.0221
AT3G05690	-0.6505	-0.3737	0.4427
AT3G05700	-0.2021	0.0192	-0.1475
AT3G05710	-0.1171	0.1384	0.0908
AT3G05740	-0.332	-0.1062	0.2443
AT3G05750	-0.2141	-0.344	0.118
AT3G05760	-0.0424	-0.1004	0.1686
AT3G05800	-0.3067	0.0324	-0.2832
AT3G05810	-0.0954	0.0484	0.0872
AT3G05830	-0.1377	-0.1226	0.2746
AT3G05840	-0.0849	0.2403	0.0354
AT3G05850	-0.0837	-0.0197	-0.0561
AT3G05870	-0.0007	0.0006	0.0327
AT3G05880	-0.4148	-0.3359	-0.419
AT3G05890	-0.0388	0.3548	-0.4539
AT3G05900	-0.3198	-0.5069	0.1794
AT3G05905	-0.1058	-0.369	0.2016
AT3G05910	-0.1455	0.3852	0.0664
AT3G05920	0.2027	0.7716	0.0315
AT3G05932	0.0677	0.3658	0.2254
AT3G05935	-0.5774	-0.741	-0.4875
AT3G05936	-0.2434	-0.2844	-0.0953
AT3G05937	-0.003	-0.2017	0.0422
AT3G05940	0.0279	0.3147	0.0068
AT3G05970	0.128	0.4563	0.1886
AT3G05990	-0.241	-0.1979	-0.0905
AT3G06010	0.166	-0.117	0.3261
AT3G06020	0.3203	0.5608	0.0266
AT3G06030	-0.4291	-1.0847	0.3148
AT3G06035	-0.3187	0.1116	0.0074
AT3G06040	-0.108	0.1508	0.1774
AT3G06050	-0.1615	0.3748	-0.0533
AT3G06060	-0.0207	0.2182	0.0734
AT3G06070	0.3541	0.9862	0.208
AT3G06080	-0.5101	-0.6557	-0.0693
AT3G06110	-0.1747	0.383	0.0059
AT3G06125	-0.7088	-0.3215	-0.6144
AT3G06130	-0.1383	-0.3017	0.224
AT3G06140	-0.2562	-0.0403	0.2289
AT3G06145	-0.4225	0.006	0.0372
AT3G06150	-0.2082	0.007	0.1337
AT3G06170	-0.0762	0.1421	-0.1108
AT3G06180	0.1862	0.4266	-0.0161
AT3G06190	0.1222	-0.2826	-0.0276
AT3G06200	-0.0625	0.1244	0.0971
AT3G06210	-0.0109	-0.1789	0.2051
AT3G06240	-0.109	0.1184	0.098
AT3G06250	0.2156	-0.1292	0.3152
AT3G06270	-0.1725	-0.5382	0.0556
AT3G06290	-0.0635	-0.4211	0.0581
AT3G06300	-0.1873	0.3819	-0.145
AT3G06310	-0.0237	0.3237	-0.1567
AT3G06320	-0.3066	-0.1023	0.074
AT3G06330	0.0993	-0.1108	0.0653
AT3G06340	-0.1256	-0.294	-0.0814
AT3G06345	0.3899	-0.1955	0.1414
AT3G06350	-0.3338	-0.2262	0.0649
AT3G06355	1.0952	0.1785	0.3997
AT3G06370	-0.3748	0.5438	-0.171
AT3G06380	-0.0027	-0.1544	0.1437
AT3G06390	-0.9266	-0.1001	-0.0019
AT3G06400	0.238	-0.0528	0.2951
AT3G06410	-0.2299	0.2678	-0.083
AT3G06420	-0.2291	0.1855	-0.2799
AT3G06430	-0.2713	-0.6052	0.2439
AT3G06435	0.0434	0.9845	0.6381
AT3G06440	-0.2584	-0.0621	0.2881
AT3G06450	-0.0001	0.3543	0.3955
AT3G06455	-0.0256	-0.7713	0.341
AT3G06470	-0.1029	0.1481	-0.4174
AT3G06480	0.0878	0.0909	-0.1902
AT3G06483	-0.1762	-0.2285	0.1084
AT3G06500	0.0583	0.3509	0.1556
AT3G06510	-0.3768	-0.4737	-0.0492
AT3G06520	-0.1315	-0.5554	0.0659
AT3G06530	0.1169	0.3343	0.1434
AT3G06540	-0.0869	0.2903	0.0291
AT3G06550	-0.0371	0.6333	0.2331
AT3G06570	-0.2269	-0.6262	0.0825
AT3G06580	-0.1939	0.2293	0.1524
AT3G06590	0.21	0.5168	-0.1055
AT3G06610	-0.0045	-0.1093	-0.0862
AT3G06620	-0.1279	-0.2498	0.1393
AT3G06630	0.214	-0.3415	-0.0288
AT3G06650	0.0328	0.269	0.284
AT3G06660	-0.0559	-0.2749	0.3311
AT3G06670	-0.0741	-0.1449	-0.0461
AT3G06680	0.0088	0.4188	-0.0798
AT3G06690	0.0045	-0.0991	0.1283
AT3G06700	-0.0733	0.2748	-0.1467
AT3G06720	0.0698	0.4927	-0.0973
AT3G06730	-0.1273	0.1284	0.0391
AT3G06740	-0.2811	0.5839	0.0277
AT3G06750	-0.3587	-0.0791	0.0013
AT3G06760	0.0673	0.4476	0.0259
AT3G06770	-0.1248	0.8494	-0.1653
AT3G06778	-0.0163	0.8366	-0.0151
AT3G06780	0.0431	-0.3786	0.0716
AT3G06790	-0.0098	0.2617	0.214
AT3G06810	-0.0085	-0.2278	-0.0198
AT3G06820	-0.1246	0.1886	0.2261
AT3G06830	-0.0504	-0.388	0.0967
AT3G06840	0.045	-0.2289	0.2539
AT3G06850	0.0181	-0.3554	0.4472
AT3G06860	0.2657	0.0097	0.1188
AT3G06868	0.1065	-0.3782	0.2488
AT3G06890	-0.0254	0.876	-0.2159
AT3G06910	-0.3849	-0.1316	0.0324
AT3G06920	-0.0322	-0.1655	0.227
AT3G06930	-0.2081	0.3644	0.239
AT3G06950	0.0057	-0.2334	0.23
AT3G06960	0.0119	-0.4498	0.2841
AT3G06980	0.2088	0.0666	-0.0751
AT3G06990	0.2532	-0.2226	0.1727
AT3G07000	0.2777	-0.1817	0.0729
AT3G07010	0.0084	0.5684	-0.1154
AT3G07020	-0.1223	0.0205	0.0568
AT3G07030	0.071	-0.1245	0.0701
AT3G07040	0.4291	0.8307	-0.042
AT3G07050	-0.1564	0.0816	0.1889
AT3G07060	-0.1865	0.0933	0.2078
AT3G07080	-0.1168	-0.078	0.0289
AT3G07090	0.1083	0.9246	-0.0218
AT3G07100	0.0816	-0.0731	0.0071
AT3G07110	0.0581	0.3153	0.0932
AT3G07130	0.1104	0.7474	0.1565
AT3G07140	-0.2563	-0.2046	0.3199
AT3G07160	0.3004	0.233	-0.0082
AT3G07170	-0.0075	0.4197	0.054
AT3G07180	-0.1013	0.2731	0.2199
AT3G07190	-0.2228	0.1314	0.0484
AT3G07195	-0.0543	0.0735	-0.4113
AT3G07200	-0.1052	-0.2946	0.1631
AT3G07210	0.0117	0.2066	0.3057
AT3G07215	-0.1324	0.1629	0.2379
AT3G07220	0.0096	-0.4804	0.0341
AT3G07230	-0.1396	0.4736	-0.1405
AT3G07270	-0.0212	-0.1361	0.0673
AT3G07290	-0.4778	0.0124	0.1577
AT3G07300	0.036	0.0757	0.0732
AT3G07310	0.0057	-0.7398	0.3507
AT3G07320	-0.2681	-0.1409	0.1384
AT3G07330	-0.124	0.3297	-0.0694
AT3G07340	-0.5771	-0.2663	0.0987
AT3G07350	0.4633	-1.3953	0.3255
AT3G07360	-0.7113	-0.5795	0.0191
AT3G07370	0.0725	0.2518	0.1658
AT3G07375	-0.2458	-0.2797	-0.102
AT3G07390	-0.0416	0.5781	0.1361
AT3G07400	0.0859	0.2481	-0.0218
AT3G07410	-0.4738	-0.3606	0.0903
AT3G07420	-0.1617	0.0485	0.0172
AT3G07430	-0.113	0.1422	-0.0222
AT3G07440	0.1216	0.4541	0.4438
AT3G07460	-0.2838	0.4441	-0.2193
AT3G07470	-0.221	0.4145	-0.1967
AT3G07480	-0.1317	0.1218	-0.2048
AT3G07500	0.3095	-0.1022	0.4052
AT3G07510	-0.029	0.2105	-0.0422
AT3G07520	0.069	0.1397	0.2102
AT3G07525	-0.1431	-0.3775	0.012
AT3G07530	-0.0292	0.0927	0.3106
AT3G07540	-0.4055	-0.0282	0.3051
AT3G07550	-0.1774	-0.086	-0.0366
AT3G07555	-0.0283	-0.0589	0.0816
AT3G07560	-0.0583	-0.5622	0.072
AT3G07565	-0.1137	-0.0238	0.0184
AT3G07568	-0.1232	0.192	-0.1365
AT3G07570	-0.2009	0.1931	-0.2869
AT3G07580	-0.2124	0.17	0.0736
AT3G07590	-0.1156	0.4024	0.0471
AT3G07610	0.0037	0.0282	0.1329
AT3G07630	0.0658	0.286	0.1934
AT3G07640	-0.0693	-0.1589	0.0657
AT3G07650	-0.2686	-1.7466	0.0616
AT3G07660	0.0664	-0.3711	0.2128
AT3G07670	-0.1348	0.2986	0.1479
AT3G07680	-0.0742	-0.0196	-0.1142
AT3G07690	-0.3047	0.3408	-0.0914
AT3G07700	-0.0049	-0.4761	0.1298
AT3G07720	-0.3163	-0.3662	-0.4458
AT3G07740	0.1407	0.1057	0.1223
AT3G07750	-0.0422	0.4041	0.1352
AT3G07760	0.0557	-0.1151	-0.0842
AT3G07770	0.2299	0.5502	0.3977
AT3G07780	-0.0192	0.1491	0.0703
AT3G07790	-0.1519	-0.145	0.0071
AT3G07800	-0.3014	-0.2037	0.0034
AT3G07810	-0.06	0.3026	0.027
AT3G07860	-0.32	-0.0494	0.4069
AT3G07870	-0.3551	-1.3217	0.0804
AT3G07875	-0.3013	-0.1521	0.1154
AT3G07880	-0.1087	-0.1919	-0.1306
AT3G07890	-0.1232	0.0318	0.0122
AT3G07910	-0.1893	0.4271	-0.1749
AT3G07930	0.095	0.1215	0.3049
AT3G07940	-0.4239	0.247	-0.2586
AT3G07950	-0.0374	0.1932	-0.081
AT3G07960	-0.0701	0.4779	0.1517
AT3G07980	0.0155	0.2585	0.0955
AT3G07990	-0.0118	1.0541	-0.0481
AT3G08000	-0.2183	-0.2167	-0.0088
AT3G08010	0.0276	0.1258	0.0037
AT3G08020	0.1253	-0.1095	0.1714
AT3G08030	0.0127	0.7077	0.3444
AT3G08040	0.1038	0.3244	-0.7024
AT3G08505	-0.1479	-0.4702	0.0631
AT3G08510	-0.1932	0.0662	0.0241
AT3G08520	-0.0871	-0.1724	-0.1494
AT3G08530	0.2168	0.1431	0.055
AT3G08550	-0.0636	0.2467	0.2115
AT3G08570	0.1352	-0.2923	-0.0216
AT3G08580	0.1361	0.2478	-0.054
AT3G08590	-0.0893	0.402	-0.0227
AT3G08600	-0.1319	0.1921	-0.1304
AT3G08610	-0.2166	0.0973	-0.248
AT3G08620	-0.153	0.2693	0.1563
AT3G08630	0.0306	0.1073	0.0201
AT3G08640	-0.2186	0.4105	-0.0526
AT3G08650	-0.1869	-0.1026	-0.1113
AT3G08660	-0.2346	0.9423	-0.4946
AT3G08670	0.2975	0.8594	-0.1602
AT3G08680	0.0871	0.4099	0.0365
AT3G08690	0.152	0.1907	-0.0131
AT3G08710	-0.0988	0.1297	-0.3435
AT3G08720	0.2907	0.5408	-0.1165
AT3G08730	0.1731	0.7486	-0.0242
AT3G08740	-0.0493	-0.0829	0.3303
AT3G08760	0.0526	-0.1599	0.0545
AT3G08770	-0.0192	-0.2559	0.2347
AT3G08780	-0.1721	-0.3593	0.0369
AT3G08800	-0.0174	-0.0423	0.162
AT3G08820	-0.1465	0.037	0.0301
AT3G08840	0.0304	0.1054	0.3027
AT3G08850	0.1599	0.0387	0.1517
AT3G08860	0.9164	1.8798	0.2146
AT3G08880	-0.1102	-0.5559	0.211
AT3G08890	-0.056	0.3054	0.1331
AT3G08910	0.1009	0.3663	0.1482
AT3G08920	0.0425	0.2343	-0.0138
AT3G08930	-0.1679	-0.0286	-0.0831
AT3G08940	0.4295	0.1556	-0.1682
AT3G08943	-0.0221	-0.2242	0.0006
AT3G08947	-0.2006	-0.344	-0.0576
AT3G08950	0.0668	0.8255	0.1156
AT3G08960	-0.0593	0.021	-0.0604
AT3G08970	0.2257	0.0042	0.0609
AT3G08980	0.0168	0.5174	0.0402
AT3G08990	-0.5017	-0.1038	0.2217
AT3G09000	0.0019	0.2414	-0.1123
AT3G09010	-0.3208	-0.3571	-0.1457
AT3G09030	0.0843	-0.1785	0.1759
AT3G09032	0.0271	-0.0026	0.0556
AT3G09035	-0.1913	0.0571	-0.1587
AT3G09040	-0.0631	-0.3374	0.0892
AT3G09050	-0.1444	-0.0699	0.172
AT3G09060	-0.0535	-0.326	0.5617
AT3G09070	-0.6131	-0.2471	0.1998
AT3G09080	-0.3705	-0.4918	0.4118
AT3G09085	-0.1164	-0.1148	-0.1739
AT3G09090	0.0389	0.2394	0.1951
AT3G09100	-0.0362	0.0604	0.0477
AT3G09150	-0.4273	-0.1252	0.3524
AT3G09180	-0.016	0.0317	0.1424
AT3G09190	-0.3763	-0.4066	0.1887
AT3G09200	-0.052	0.0408	0.0247
AT3G09210	-0.1355	-0.2197	0.3943
AT3G09220	-0.2421	-1.0592	-0.5021
AT3G09230	-0.1408	-0.0885	-0.039
AT3G09250	-0.1735	0.3339	0.0088
AT3G09260	-0.5324	-0.7517	0.1596
AT3G09270	-0.3882	-0.2864	0.0727
AT3G09300	0.0619	0.3508	0.0385
AT3G09310	-0.1592	0.1824	0.1567
AT3G09320	-0.1412	-0.1518	0.1583
AT3G09350	-0.0317	0.6098	-0.0943
AT3G09360	0.0264	0.1921	0.2495
AT3G09370	0.0434	-0.0814	0.2027
AT3G09390	0.7497	-0.1174	-0.3464
AT3G09405	0.2024	0.355	0.0955
AT3G09410	-0.1594	0.3568	0.202
AT3G09430	-0.0277	-0.1059	0.4267
AT3G09440	0.0986	1.3339	-0.1956
AT3G09455	-0.2259	0.1892	-0.1267
AT3G09470	-0.3705	-0.7796	-0.0339
AT3G09480	0.2206	0.6985	0.0893
AT3G09500	0.0401	0.2367	-0.0352
AT3G09540	-0.5001	0.2028	-0.0529
AT3G09560	-0.0164	-0.189	0.1302
AT3G09570	-0.2422	0.0674	-0.1349
AT3G09580	0.1407	-0.0446	0.3169
AT3G09600	0.1929	0.2078	0.1193
AT3G09630	0.0938	0.3471	0.036
AT3G09650	-0.1761	-0.3916	0.0027
AT3G09660	-0.2047	-0.0226	0.4
AT3G09670	0.0052	-0.3844	0.2478
AT3G09690	-0.0713	0.1575	0.3283
AT3G09700	-0.2389	-0.1404	0.0361
AT3G09710	-0.1525	0.6677	0.234
AT3G09720	-0.2267	0.0879	0.2218
AT3G09730	-0.0716	0.1512	0.2964
AT3G09735	-0.0513	-0.1738	-0.1687
AT3G09740	-0.1395	-0.1624	-0.0816
AT3G09745	-0.1729	0.2867	0.1623
AT3G09760	-0.4986	-0.763	0.0482
AT3G09770	-0.0181	-0.031	0.123
AT3G09780	0.1284	0.5875	0.1409
AT3G09800	-0.132	0.2319	0.0136
AT3G09810	0.1084	0.831	-0.0368
AT3G09820	-0.1421	0.6117	-0.0286
AT3G09830	-0.1324	0.5687	0.0395
AT3G09840	0.0124	-0.1625	-0.1031
AT3G09850	0.1341	-0.3666	0.031
AT3G09860	-0.0798	0.1924	-0.1088
AT3G09880	-0.0468	-0.1395	-0.0044
AT3G09890	-0.0314	0.3619	0.1959
AT3G09900	-0.1738	-0.2912	0.2991
AT3G09910	0.0427	0.8277	-0.1034
AT3G09920	-0.2252	-0.6333	-0.1128
AT3G09940	-0.0236	0.2164	0.0503
AT3G09970	-0.0474	0.3358	0.1158
AT3G09980	-0.2023	0.1902	0.0325
AT3G10010	0.0696	-0.2714	0.0322
AT3G10020	0.5716	-1.2886	0.1998
AT3G10030	0.0645	-0.4781	0.2297
AT3G10040	-0.0318	1.3083	0.2981
AT3G10050	-0.1021	0.3909	0.0725
AT3G10060	-0.3227	0.3224	-0.1858
AT3G10070	0.0398	0.1161	0.2094
AT3G10080	-0.4706	-0.3583	-0.3322
AT3G10090	-0.1012	-0.2152	-0.1782
AT3G10110	-0.0222	0.4326	0.294
AT3G10120	0.0585	0.4729	0.9342
AT3G10130	0.1805	0.4226	-0.0273
AT3G10140	0.0039	-0.0854	0.3913
AT3G10160	-0.1392	-0.0561	0.2374
AT3G10180	-0.1587	-0.3144	0.2301
AT3G10190	-0.1036	0.3451	-0.3176
AT3G10200	0.2842	-0.4953	0.2979
AT3G10210	0.0838	0.2781	-0.1632
AT3G10220	0.0347	0.0893	0.201
AT3G10230	-0.1628	-0.5604	0.1255
AT3G10250	-0.3778	-0.2448	-0.1872
AT3G10260	-0.4902	-0.0856	-0.0417
AT3G10270	-0.1787	0.0348	0.228
AT3G10290	-0.2322	0.1984	0.0808
AT3G10300	-0.051	0.6083	-0.2121
AT3G10310	-0.5094	-0.858	0.3143
AT3G10330	-0.1242	0.393	0.0845
AT3G10340	-0.1897	0.0269	-0.0505
AT3G10350	0.0216	0.423	0.1682
AT3G10360	-0.0764	0.1988	0.0711
AT3G10370	0.0938	0.6651	0.1403
AT3G10380	0.1071	0.3348	0.0243
AT3G10390	0.0168	0.0218	0.2217
AT3G10405	-0.2141	-0.2267	0.0517
AT3G10410	-0.2513	-0.3771	0.0191
AT3G10420	0.0961	0.0344	0.0333
AT3G10440	0.0798	0.3451	0.2927
AT3G10450	0.5613	0.1686	-0.4302
AT3G10480	0.0027	0.1874	-0.0506
AT3G10490	0.022	0.0549	0.1138
AT3G10500	-0.0615	-0.2341	0.0165
AT3G10520	0.3055	1.3826	0.1494
AT3G10525	0.1352	-0.4933	0.3721
AT3G10530	0.0118	0.8241	0.1781
AT3G10540	-0.0698	0.2866	0.1195
AT3G10550	0.1661	0.1471	-0.0008
AT3G10572	-0.1006	-0.3795	0.1717
AT3G10610	0.1094	0.159	0.0537
AT3G10620	0.1121	0.2645	-0.017
AT3G10630	-0.0699	0.0675	0.1628
AT3G10640	0.0255	0.3924	0.096
AT3G10650	0.1888	0.0032	0.052
AT3G10660	0.1299	0.4387	0.4268
AT3G10670	0.0242	0.389	0.1711
AT3G10690	0.26	0.4762	0.4194
AT3G10700	-0.075	-0.1772	0.1753
AT3G10720	0.253	0.4243	0.4547
AT3G10730	-0.0776	0.1537	0.034
AT3G10740	-0.2057	-0.3776	0.2282
AT3G10760	0.0613	0.3342	-0.0309
AT3G10770	0.1161	-0.1754	0.0317
AT3G10800	0.1567	0.1059	-0.0813
AT3G10810	-0.3035	-0.0193	0.206
AT3G10820	-0.3827	0.1426	-0.0045
AT3G10840	-0.1758	0.3981	-0.1219
AT3G10850	-0.0627	0.0775	0.0583
AT3G10860	-0.2375	0.2294	-0.2113
AT3G10870	-0.2973	0.4024	-0.6414
AT3G10880	-0.7388	-0.0965	0.0877
AT3G10910	-0.4515	-0.2683	-0.2428
AT3G10915	-0.1089	0.2625	0.0027
AT3G10920	-0.1325	0.463	0.0757
AT3G10930	0.3908	0.4234	0.2679
AT3G10940	-0.0827	0.1134	0.4533
AT3G10960	-0.2206	-0.1318	0.297
AT3G10970	0.0507	0.1464	0.1572
AT3G10980	-0.1079	0.0049	-0.1269
AT3G10985	0.1829	0.2663	0.3939
AT3G11030	-0.0978	0.2441	0.3335
AT3G11040	-0.1552	0.0057	0.2192
AT3G11050	0.8668	-0.1868	0.8313
AT3G11070	-0.1158	0.0172	0.0248
AT3G11080	0.0143	0.0078	-0.1808
AT3G11100	-0.1873	-0.7744	0.1628
AT3G11120	-0.3101	0.277	-0.2178
AT3G11130	0.2524	0.4375	-0.0065
AT3G11170	-0.0978	-0.4175	0.2116
AT3G11200	-0.0609	0.1278	0.049
AT3G11210	0.517	0.9033	0.3324
AT3G11220	0.0027	0.3485	0.0501
AT3G11230	-0.0369	0.2238	0.0817
AT3G11240	-0.1587	0.0469	0.2479
AT3G11250	-0.05	0.3004	0.0346
AT3G11270	-0.0385	0.2927	-0.0571
AT3G11280	0.1054	1.2785	-0.0215
AT3G11290	-0.0438	0.0108	0.1976
AT3G11320	-0.1905	0.4623	-0.1418
AT3G11330	0.0049	0.2007	0.0147
AT3G11340	0.292	0.63	-0.5855
AT3G11397	-0.2061	0.3659	-0.1555
AT3G11400	-0.1648	0.0494	-0.0365
AT3G11402	0.2468	0.4978	-0.1134
AT3G11410	-0.0557	0.5597	-0.2585
AT3G11420	-0.0092	0.5013	0.2835
AT3G11430	-0.6908	0.5958	0.0035
AT3G11440	0.3107	0.221	0.2769
AT3G11450	-0.0733	-0.3264	0.2929
AT3G11460	-0.066	-0.4244	0.1597
AT3G11470	0.05	-0.1784	0.4805
AT3G11490	-0.5083	-0.531	-0.1903
AT3G11500	-0.1163	-0.0805	-0.2262
AT3G11510	0.0168	0.2525	-0.0704
AT3G11520	-0.5271	-0.8659	0.0263
AT3G11530	-0.0772	-0.0644	-0.0865
AT3G11540	0.4835	0.211	0.326
AT3G11560	-0.279	-0.3392	0.2577
AT3G11570	0.1299	0.2641	0.2037
AT3G11580	0.2398	1.0195	-0.0871
AT3G11590	-0.0465	0.4492	0.2116
AT3G11591	-0.1122	-0.3482	0.1148
AT3G11600	-0.3263	-1.1039	-0.2015
AT3G11620	-0.2514	0.0928	0.2823
AT3G11630	-0.0142	0.3045	-0.1273
AT3G11650	0.0694	0.4109	-0.0166
AT3G11660	-0.1716	-0.4806	-0.1567
AT3G11670	0.0195	0.0868	0.1139
AT3G11690	0.2628	0.1051	-0.1686
AT3G11700	-0.1909	0.1955	0.1775
AT3G11710	-0.0648	0.4247	0.197
AT3G11720	0.1256	0.3437	0.4359
AT3G11730	-0.3361	-0.0331	-0.0116
AT3G11745	0.0444	0.0536	0.2849
AT3G11750	0.1912	0.5401	-0.0064
AT3G11760	0.3987	0.5422	0.0834
AT3G11770	-0.1446	-0.4813	-0.1409
AT3G11780	-0.0892	0.7219	-0.2888
AT3G11800	-0.0452	0.7194	-0.1509
AT3G11810	-0.058	0.1185	-0.0661
AT3G11820	0.2541	0.796	0.0341
AT3G11830	0.0184	0.1948	0.181
AT3G11850	-0.2365	-0.3194	-0.1563
AT3G11880	-0.1104	0.3397	0.1791
AT3G11890	-0.2058	-0.428	-0.0388
AT3G11900	-0.2555	-0.7082	-0.0299
AT3G11910	0.135	0.2722	0.1329
AT3G11930	0.0582	-0.0646	0.0068
AT3G11940	-0.0389	-0.1826	0.0673
AT3G11945	-0.0389	0.3798	-0.0347
AT3G11950	0.0371	0.4282	0.181
AT3G11960	0.0164	0.0833	0.1201
AT3G11964	0.2998	0.5469	0.1896
AT3G12010	-0.1671	0.0163	0.2793
AT3G12020	-0.0297	0.1977	0.1404
AT3G12030	0.1255	0.0898	-0.1403
AT3G12040	-0.1374	-0.362	-0.2311
AT3G12050	0.0337	0.2489	0.1774
AT3G12070	0.0898	-0.0028	0.1436
AT3G12080	-0.1539	-0.3471	0.1573
AT3G12090	-0.1867	0.0214	-0.0701
AT3G12100	-0.0861	0.2675	0.1331
AT3G12110	0.1502	0.2004	-0.1773
AT3G12120	-0.0243	-0.5443	0.4285
AT3G12130	-0.1251	0.0691	0.1001
AT3G12140	-0.0558	0.1152	0.15
AT3G12145	-0.2441	-0.4857	0.2334
AT3G12150	-0.0245	-0.0586	0.0919
AT3G12170	-0.3925	-0.3705	0.2242
AT3G12180	-0.0128	0.1726	-0.1142
AT3G12200	-0.3467	0.2361	0.1662
AT3G12210	0.0676	0.0139	0.1206
AT3G12250	-0.1794	-0.0707	-0.061
AT3G12260	-0.1042	0.1736	-0.0712
AT3G12270	-0.0514	0.2999	0.1993
AT3G12280	0.0127	-0.3144	0.1451
AT3G12290	-0.1783	-0.1559	0.0862
AT3G12300	-0.1584	-0.3676	0.0655
AT3G12320	-0.3563	0.068	-0.8865
AT3G12340	0.0913	0.625	0.274
AT3G12345	-0.1075	0.0381	-0.1448
AT3G12350	-0.2705	-0.2	-0.0637
AT3G12360	-0.1957	-0.3182	0.1493
AT3G12370	0.0398	0.0361	0.0246
AT3G12380	0.12	0.0054	0.3946
AT3G12390	-0.0709	0.3837	0.0255
AT3G12400	0.0964	0.2083	-0.0389
AT3G12480	0.0408	0.1382	0.1218
AT3G12490	-0.0628	-0.136	-0.0369
AT3G12500	-0.56	0.1116	0.1729
AT3G12510	-0.0593	0.5207	0.46
AT3G12520	0.0165	0.6617	0.3302
AT3G12530	-0.1926	-0.407	0.2678
AT3G12550	0.0973	0.084	0.594
AT3G12560	0.2293	0.6508	0.1395
AT3G12570	-0.0179	-0.0473	-0.0173
AT3G12580	0.9351	2.0492	0.0172
AT3G12587	-0.014	-0.1509	-0.1126
AT3G12590	-0.1014	-0.1036	0.0448
AT3G12600	-0.0046	0.469	0.1809
AT3G12610	0.1125	1.3483	-0.0893
AT3G12620	-0.0259	0.7222	-0.0134
AT3G12630	0.0342	0.4823	-0.1456
AT3G12640	-0.0754	-0.3744	0.1346
AT3G12650	-0.0629	-0.3986	-0.1029
AT3G12670	0.0646	0.3142	0.1744
AT3G12680	-0.1443	0.0946	0.1218
AT3G12685	-0.1444	-0.2177	-0.0544
AT3G12690	-0.1787	0.0748	0.2049
AT3G12700	-0.0714	0.3507	-0.6669
AT3G12710	0.6039	1.6075	0.3068
AT3G12730	0.0623	0.7797	0.2069
AT3G12740	-0.3302	0.211	-0.0477
AT3G12750	0.0891	0.5526	0.123
AT3G12760	-0.1428	-0.3024	0.1735
AT3G12780	-0.1135	0.0692	-0.0076
AT3G12800	-0.1854	-0.2885	-0.0027
AT3G12810	0.2478	-0.1119	0.3045
AT3G12820	-0.032	0.5464	0.181
AT3G12830	0.2954	0.4792	-0.1623
AT3G12860	-0.0104	0.0839	0.4457
AT3G12870	-0.3707	-0.8961	-0.0922
AT3G12915	0.0228	-0.2222	0.2706
AT3G12920	0.4293	1.2009	0.2185
AT3G12930	-0.2934	0.0695	-0.0409
AT3G12940	-0.061	-0.1445	0.0942
AT3G12950	-0.1926	-0.0124	-0.0544
AT3G12955	0.1513	-0.0349	-0.3377
AT3G12965	-0.1802	0.4516	-0.3244
AT3G12970	0.2907	-0.2186	0.4281
AT3G12980	0.2122	-0.117	0.1649
AT3G12990	-0.0339	-0.0542	0.175
AT3G13000	0.0645	0.0952	0.1034
AT3G13020	-0.2784	-0.2876	0.3342
AT3G13030	-0.1121	0.2327	0.4999
AT3G13040	-0.1666	-0.0198	0.0377
AT3G13050	-0.1641	0.2954	0.055
AT3G13060	-0.1485	0.2346	0.2036
AT3G13062	-0.4198	-0.775	-0.0168
AT3G13070	-0.2229	0.167	0.4413
AT3G13080	0.6395	0.5726	0.2681
AT3G13090	-0.0299	0.4911	-0.0455
AT3G13100	0.0008	0.2845	0.0967
AT3G13110	-0.1363	0.1566	-0.1977
AT3G13120	-0.0554	0.1038	0.0357
AT3G13150	-0.0474	0.0541	0.0206
AT3G13160	-0.2424	-0.037	0.1344
AT3G13175	-0.2743	-0.751	0.3017
AT3G13180	-0.136	0.0519	0.1107
AT3G13190	-0.4674	-0.3516	0.3484
AT3G13200	-0.0606	-0.1733	0.0177
AT3G13222	-0.0931	-0.4939	0.42
AT3G13224	0.2037	-0.1412	0.1729
AT3G13225	0.0914	0.2269	0.2627
AT3G13226	-0.1612	0.1056	0.237
AT3G13230	0.0426	0.3841	0.1121
AT3G13235	-0.2226	0.252	-0.0377
AT3G13275	-0.1573	0.1145	-0.0991
AT3G13277	0.6238	0.3658	0.0607
AT3G13290	0.2358	0.0601	0.0968
AT3G13300	0.2691	0.2591	0.1107
AT3G13310	-0.2328	-0.1997	-0.157
AT3G13320	0.0379	0.508	0.1749
AT3G13330	0.3183	0.81	0.0015
AT3G13340	-0.0312	-0.0781	0.1019
AT3G13350	0.0882	-0.1252	0.0723
AT3G13360	-0.325	-0.3105	0.0197
AT3G13380	-0.4964	-0.3179	-0.1031
AT3G13404	0.0235	0.3843	0.2799
AT3G13410	-0.3543	-0.1693	-0.1646
AT3G13420	-0.4395	0.3349	0.254
AT3G13430	-0.1817	-0.0247	-0.0481
AT3G13440	0.0357	-0.1827	0.1912
AT3G13445	-0.1767	-0.1117	0.106
AT3G13450	-0.1609	-0.5385	0.2226
AT3G13460	0.0153	-0.79	0.1293
AT3G13470	0.3197	0.6009	0.3389
AT3G13480	-0.3701	-0.1143	0.1525
AT3G13490	-0.0469	0.0885	0.33
AT3G13510	-0.6264	-0.2217	-0.1708
AT3G13520	-0.0727	-0.12	-0.223
AT3G13530	0.1178	-0.0353	0.0863
AT3G13550	-0.0648	0.2694	0.1161
AT3G13560	-0.2947	0.229	-0.025
AT3G13570	0.0385	0.2414	-0.0177
AT3G13580	0.1159	-0.0712	0.3427
AT3G13600	-0.1544	0.2366	-0.13
AT3G13620	0.1181	0.5442	0.0406
AT3G13650	-0.6269	0.1273	-0.522
AT3G13670	0.0227	-0.0649	0.0909
AT3G13672	0.0869	1.0077	-0.0699
AT3G13674	0.1711	0.6823	-0.0782
AT3G13677	-0.1408	-0.0451	-0.0769
AT3G13682	0.0699	0.0809	0.0236
AT3G13690	-0.0907	0.0661	-0.0915
AT3G13700	0.3723	-0.2939	0.4215
AT3G13710	0.0253	0.413	-0.4898
AT3G13720	-0.1527	0.4044	-0.5124
AT3G13730	-0.848	-0.9126	0.2385
AT3G13740	-0.1457	0.3388	0.2347
AT3G13750	-0.4583	-0.9753	0.1355
AT3G13760	0.3123	0.7309	0.3304
AT3G13772	-0.0556	0.1233	-0.0084
AT3G13780	0.1282	0.5123	0.1938
AT3G13782	-0.0505	0.4741	0.4024
AT3G13784	-1.014	0.9744	0.5333
AT3G13790	-0.1217	-0.3783	-0.0458
AT3G13800	-0.1042	0.1076	0.1407
AT3G13810	-0.7014	-0.1665	0.1808
AT3G13845	0.0288	-0.0551	0.0385
AT3G13860	-0.0492	0.6109	0.2525
AT3G13870	-0.0558	0.1901	0.0384
AT3G13880	-0.1636	0.1123	0.0854
AT3G13882	0.0979	0.1607	0.084
AT3G13910	-0.4175	-0.2441	-0.0041
AT3G13920	0.1033	0.0276	-0.0386
AT3G13930	-0.1193	0.6022	-0.0195
AT3G13940	-0.2754	0.3808	0.2656
AT3G13960	-0.0678	-0.2352	0.6822
AT3G13970	-0.1108	0.0641	0.0461
AT3G13980	-0.7054	0.1877	0.2996
AT3G13990	0.1016	0.0431	0.1786
AT3G14000	0.1807	0.2596	0.2832
AT3G14010	0.1267	0.0694	0.1088
AT3G14020	-0.3019	0.3755	0.3535
AT3G14050	0.2586	0.3782	0.2092
AT3G14060	-0.1713	-0.6364	-0.3328
AT3G14067	-0.2247	-0.1929	-0.2104
AT3G14070	0.2149	-0.0031	0.0522
AT3G14075	0.1945	0.4622	0.1029
AT3G14080	-0.1042	0.2929	-0.1155
AT3G14090	0.1119	0.352	0.1529
AT3G14100	-0.0923	-0.0454	0.1005
AT3G14110	-0.0455	0.1621	0.2088
AT3G14120	0.123	0.1677	0.1573
AT3G14130	-0.0182	0.0228	0.0779
AT3G14150	-0.2582	0.1529	0.0961
AT3G14160	-0.1721	-0.146	0.0219
AT3G14170	-0.3024	0.1671	0.3849
AT3G14172	0.0281	-0.0117	0.2361
AT3G14180	-0.075	-0.5738	0.2616
AT3G14190	-0.5012	-0.4741	-0.079
AT3G14200	0.0796	1.2876	-0.2396
AT3G14205	-0.0154	-0.1355	0.0202
AT3G14220	-0.1121	0.3697	0.1319
AT3G14230	0.621	1.6626	0.1427
AT3G14240	-0.2011	0.0756	0.1326
AT3G14270	-0.0917	-0.1405	-0.1511
AT3G14290	-0.0909	0.1515	0.0511
AT3G14310	-0.0917	0.8609	-0.0268
AT3G14330	-0.0231	-0.2633	0.2963
AT3G14350	-0.4406	-0.0397	-0.0102
AT3G14360	-0.1193	-0.3091	0.2048
AT3G14370	0.6972	0.8605	0.3219
AT3G14390	-0.0014	0.4146	0.1031
AT3G14400	-0.0873	0.2944	0.1592
AT3G14410	-0.1737	0.67	0.0067
AT3G14415	0.2737	0.167	-0.3928
AT3G14420	0.8515	-0.7732	-1.1811
AT3G14430	-0.1646	0.173	-0.2922
AT3G14440	-0.2526	-0.1748	-0.5217
AT3G14470	0.1893	0.4368	-0.1803
AT3G14540	-0.2302	-0.4206	0.5077
AT3G14550	0.0289	-0.1486	0.3903
AT3G14560	-0.0391	0.5011	-0.1338
AT3G14570	0.2383	0.4482	-0.0287
AT3G14580	-0.3065	-0.0402	0.0738
AT3G14590	0.5386	1.101	0.0064
AT3G14595	0.1518	-0.4705	-0.1016
AT3G14600	0.098	-0.1641	0.1389
AT3G14610	0.1492	0.7783	0.1795
AT3G14650	-0.2985	-0.3944	-0.0035
AT3G14660	0.1903	-0.5825	-0.0301
AT3G14680	0.5235	0.1119	0.1951
AT3G14690	0.0196	-0.8099	-0.0489
AT3G14720	-0.3009	-0.0368	-0.0076
AT3G14730	-0.3113	-0.3938	0.3363
AT3G14740	-0.2133	-0.5681	0.1259
AT3G14750	0.0168	-0.107	0.1446
AT3G14770	-0.404	-0.2502	-0.8203
AT3G14790	0.0683	0.5101	0.0243
AT3G14810	-1.2882	-0.9739	0.0355
AT3G14830	0.0319	-0.1292	-0.0065
AT3G14840	0.3251	0.847	0.1018
AT3G14850	-0.3021	0.1939	-0.392
AT3G14860	-0.1178	0.2563	0.2343
AT3G14870	0.177	0.8198	0.1622
AT3G14890	-0.3954	-0.1545	0.1182
AT3G14900	-0.4475	0.3367	0.1174
AT3G14910	-0.023	0.2935	0.2002
AT3G14920	-0.2175	-0.0147	0.0089
AT3G14930	-0.1362	-0.285	0.0163
AT3G14940	0.1602	0.8059	-0.1547
AT3G14960	-0.0874	-0.1112	0.1891
AT3G14980	0.155	0.3542	0.2796
AT3G14990	-0.281	-0.7499	-0.0357
AT3G15000	-0.0774	0.2665	0.1164
AT3G15010	-0.0143	0.2193	0.0543
AT3G15020	-0.1745	0.9371	-0.2245
AT3G15030	-0.5887	0.2753	0.371
AT3G15040	0.0444	0.1752	-0.0227
AT3G15060	0.1378	0.3407	-0.0464
AT3G15070	-0.18	-0.3847	0.0704
AT3G15080	-0.1184	0.3454	0.0676
AT3G15090	-0.2874	-0.3405	0.0264
AT3G15095	0.2629	0.1831	0.2023
AT3G15110	0.0606	0.4069	0.3136
AT3G15115	0.2584	0.3339	0.0295
AT3G15120	0.1676	-0.4308	0.193
AT3G15130	0.1563	-0.0131	0.1237
AT3G15140	-0.1705	0.0154	0.3616
AT3G15150	-0.2111	-0.1184	0.125
AT3G15160	-0.0466	0.1463	0.1598
AT3G15180	0.0952	0.5994	0.2051
AT3G15190	-0.0056	0.0975	0.0067
AT3G15200	-0.0671	-0.2936	0.1564
AT3G15210	0.1377	0.474	-0.0681
AT3G15220	-0.1513	0.0745	0.3785
AT3G15240	0.2628	-0.1503	0.3856
AT3G15260	0.0865	0.1178	0.0832
AT3G15290	-0.0149	-0.366	0.2695
AT3G15300	-0.0865	0.0202	-0.033
AT3G15340	0.0379	-0.0398	0.1545
AT3G15350	-0.2036	0.6866	0.2613
AT3G15351	-0.024	0.2166	0.1652
AT3G15352	-0.0837	0.0161	-0.082
AT3G15353	-0.8008	-0.8864	0.3933
AT3G15354	-0.3311	-0.298	-0.1475
AT3G15355	-0.0189	0.0372	0.1847
AT3G15356	0.5497	0.6745	-0.2363
AT3G15357	0.2961	0.4666	-0.0307
AT3G15360	-0.0326	0.0644	-0.3367
AT3G15380	0.1528	0.2026	0.2325
AT3G15390	-0.1016	-0.0481	0.3288
AT3G15395	-0.2356	0.1182	-0.1671
AT3G15410	-0.1518	0.3061	0.044
AT3G15420	-0.1055	-0.0607	0.1106
AT3G15430	-0.3087	-0.0446	-0.138
AT3G15450	0.1955	-3.3549	0.8106
AT3G15460	-0.0027	0.6278	0.1128
AT3G15470	-0.3124	-0.0732	-0.0947
AT3G15480	-0.1612	0.3669	-0.1029
AT3G15518	0.0043	-0.0312	-0.1689
AT3G15520	-0.3048	0.3343	-0.0465
AT3G15530	-0.0789	0.6802	0.2505
AT3G15540	0.3662	1.1738	0.2317
AT3G15550	-0.5916	-1.0807	0.0391
AT3G15570	0.0144	0.2067	0.1611
AT3G15580	0.0318	-0.0785	-0.216
AT3G15590	-0.244	-0.3525	0.4111
AT3G15610	-0.2477	0.036	0.164
AT3G15620	-0.6992	-1.9758	0.2666
AT3G15630	-0.0734	-2.1621	0.2487
AT3G15640	-0.061	0.4696	-0.0009
AT3G15650	-0.4676	1.1466	-0.1684
AT3G15660	-0.0558	-0.0207	0.1339
AT3G15680	-0.3603	0.0259	0.0778
AT3G15690	-0.2087	0.171	-0.016
AT3G15710	0.1342	0.649	0.0832
AT3G15720	0.0296	-0.2845	0.1067
AT3G15730	-0.0768	0.2616	-0.0529
AT3G15750	-0.1456	0.3643	0.4398
AT3G15760	0.3009	0.1986	0.1118
AT3G15770	0.1653	-0.2276	0.185
AT3G15780	-0.0044	-0.7598	0.1147
AT3G15790	0.0175	0.043	0.1247
AT3G15810	-0.2926	0.1588	-0.0303
AT3G15820	-0.4068	-0.5468	-0.0697
AT3G15850	-0.1784	-0.132	0.0715
AT3G15880	-0.0217	-0.1356	0.075
AT3G15890	-0.3287	0.2989	-0.0038
AT3G15900	-0.1848	-0.7758	-0.3218
AT3G15920	-0.1811	0.1029	0.2121
AT3G15940	-0.1725	0.2484	0.0174
AT3G15950	-0.2611	-0.8002	0.3324
AT3G15970	-0.1295	-0.0689	0.2546
AT3G15980	-0.0875	0.2765	0.2513
AT3G15990	0.1002	0.1944	0.232
AT3G16000	-0.2127	-0.1312	0.3896
AT3G16010	-0.2299	-0.0725	0.0402
AT3G16050	0.0689	1.0329	-0.1688
AT3G16060	-0.1538	-0.0531	0.0582
AT3G16080	0.0675	0.4578	-0.0724
AT3G16090	-0.0757	0.2283	0.1058
AT3G16100	-0.1044	0.1024	0.0992
AT3G16110	0.0113	0.3487	0.2075
AT3G16140	0.2484	0.5571	-0.3142
AT3G16150	0.3332	0.1447	0.3894
AT3G16170	-0.1931	0.3014	0.1719
AT3G16180	-0.0584	0.7518	-0.1924
AT3G16190	-0.1799	-0.4893	0.0068
AT3G16200	-0.0038	0.3384	0.0714
AT3G16220	-0.0681	-0.0739	-0.3013
AT3G16230	-0.2665	0.1616	0.002
AT3G16240	-0.599	0.1746	-0.1274
AT3G16260	-0.1422	-0.075	0.1759
AT3G16270	0.0603	0.0693	0.1147
AT3G16280	-0.5219	-0.1167	0.134
AT3G16290	0.0244	0.2119	0.4066
AT3G16300	0.2641	0.2634	-0.0077
AT3G16310	-0.064	-0.145	0.3924
AT3G16320	-0.2113	0.1869	0.17
AT3G16330	0.4385	0.6276	-0.2153
AT3G16340	-0.0895	0.4024	-0.039
AT3G16350	-0.2077	-0.2472	-0.4818
AT3G16370	0.3639	0.3904	0.1648
AT3G16390	-0.4273	-0.1204	-0.2589
AT3G16400	-0.7581	-0.2279	0.1111
AT3G16410	-0.1897	0.0932	0.3611
AT3G16420	-0.4951	-0.3402	0.0546
AT3G16430	-0.2964	-0.388	0.1788
AT3G16450	-0.4602	-1.3196	0.4885
AT3G16460	-0.1217	-0.6998	0.0254
AT3G16470	-0.6187	-0.6362	0.4613
AT3G16480	-0.0881	-0.0329	0.1934
AT3G16490	-0.0978	-0.8837	0.305
AT3G16500	-0.4107	-0.2009	0.3478
AT3G16510	0.2089	0.5763	-0.0589
AT3G16520	-0.5408	0.0543	-0.1202
AT3G16530	-0.0651	-0.7988	-0.6148
AT3G16560	-0.2865	-0.1189	-0.642
AT3G16565	-0.0777	0.4077	0.1141
AT3G16570	-0.4201	-0.2011	-0.2486
AT3G16610	-0.1739	-0.1358	0.2416
AT3G16620	0.1201	-0.1956	0.2781
AT3G16630	-0.0292	0.2196	0.1496
AT3G16640	0.0786	-0.0534	0.0567
AT3G16650	-0.0166	0.9698	-0.0352
AT3G16690	-0.7767	-1.191	-0.4048
AT3G16700	0.0039	0.5431	0.2342
AT3G16710	0.1116	0.1101	0.0949
AT3G16720	0.0695	0.9065	-0.1632
AT3G16730	-0.1204	-0.1978	0.252
AT3G16740	-0.117	-0.2729	0.1966
AT3G16750	0.0382	0.2993	0.2017
AT3G16760	-0.1118	0.417	-0.0299
AT3G16770	1.2307	1.9247	0.2297
AT3G16780	0.0561	0.4152	0.0654
AT3G16785	0.1238	0.2163	0.0847
AT3G16800	-0.6815	0.7926	-0.6444
AT3G16810	0.03	0.5441	0.1421
AT3G16830	0.1151	0.2074	0.113
AT3G16840	0.0459	0.6832	0.1845
AT3G16850	-0.3777	-0.4657	-0.1344
AT3G16857	-0.1297	-0.0524	-0.0248
AT3G16860	0.071	0.9866	-0.1869
AT3G16870	-0.0309	0.4157	0.1117
AT3G16890	-0.265	-0.0266	0.2168
AT3G16910	-0.346	-0.647	-0.0989
AT3G16920	-0.278	0.8331	-0.0446
AT3G16940	-0.0202	-0.2207	-0.0696
AT3G16950	-0.2985	-0.6624	0.1863
AT3G16980	0.0664	-0.1523	0.0519
AT3G16990	0.2151	0.1771	0.0495
AT3G17000	-0.0822	-0.2744	0.096
AT3G17020	-0.2134	0.1168	-0.244
AT3G17030	-0.0925	-0.0524	0.2852
AT3G17040	-0.3114	-0.1343	-0.2636
AT3G17090	-0.0097	0.0445	0.1923
AT3G17100	0.1131	0.2135	-0.0668
AT3G17120	-0.1691	0.4195	0.1153
AT3G17160	-0.028	-0.0176	0.1812
AT3G17170	-0.0208	0.2307	0.4219
AT3G17185	-0.7752	-1.027	-0.2852
AT3G17205	0.2148	0.2555	0.0557
AT3G17210	-0.2635	-0.1175	-0.2446
AT3G17225	0.006	0.1792	0.3232
AT3G17240	-0.2371	0.4314	-0.0477
AT3G17250	-0.1413	-0.1585	0.2481
AT3G17300	-0.1115	-0.1499	0.0097
AT3G17310	0.0014	0.2545	0.1251
AT3G17330	0.1278	0.4974	0.1954
AT3G17340	-0.2577	0.3131	0.1628
AT3G17350	-0.2438	0.092	0.0956
AT3G17360	-0.1852	-0.533	0.4371
AT3G17365	-0.1375	-0.0353	0.162
AT3G17390	0.1543	1.3495	0.0789
AT3G17410	-0.115	-0.0792	-0.2379
AT3G17420	-0.1038	0.6636	0.0235
AT3G17430	-0.0186	0.5255	0.1907
AT3G17440	-0.3402	-0.2457	-0.0851
AT3G17450	0.1673	0.0507	0.1699
AT3G17460	0.117	-0.0676	0.1578
AT3G17465	-0.1487	-0.0553	0.2832
AT3G17470	-0.09	-0.1494	0.2316
AT3G17510	-0.2025	-0.9216	-0.2848
AT3G17580	0.5784	0.9932	-0.0328
AT3G17590	-0.1445	-0.1794	0.0825
AT3G17609	-0.532	0.2178	-0.4552
AT3G17611	-0.1618	0.3777	-0.1241
AT3G17626	0.0067	-0.5495	0.0514
AT3G17630	-0.065	-0.1548	0.3276
AT3G17640	-0.4827	-0.2664	0.0709
AT3G17650	-0.1274	-0.1564	-0.0404
AT3G17660	-0.0246	-0.0749	-0.0172
AT3G17668	0.0019	-0.5626	0.25
AT3G17670	-0.0762	-0.1231	0.0664
AT3G17680	-0.5981	-0.7705	0.1385
AT3G17690	0.2493	0.6713	-0.0586
AT3G17700	0.1505	0.179	-0.0091
AT3G17710	0.0936	-0.0379	-0.0848
AT3G17717	-0.0066	0.1376	0.002
AT3G17740	0.1982	-0.0463	0.2534
AT3G17750	-0.0982	-0.2862	0.034
AT3G17770	0.083	0.3796	0.1974
AT3G17780	-0.0544	0.4242	-0.1432
AT3G17790	0.5599	1.0825	-0.1365
AT3G17800	0.0097	0.2894	-0.1255
AT3G17810	-0.2267	0.3444	-0.0908
AT3G17820	0.3666	0.6028	0.0943
AT3G17830	-0.1543	0.7489	0.2115
AT3G17840	-0.1185	-0.054	-0.1683
AT3G17850	0.1454	0.5329	0.1903
AT3G17860	-0.2573	-0.6436	0.4073
AT3G17880	-0.1898	-0.0004	0.1306
AT3G17890	-0.157	-0.0559	-0.0063
AT3G17900	-0.0593	0.207	0.0828
AT3G17910	-0.1917	0.0916	0.271
AT3G17920	-0.3176	-0.0731	-0.0639
AT3G17930	-0.1996	-0.4142	-0.0321
AT3G17940	-0.0624	0.2693	0.0244
AT3G17950	-0.3206	0.1272	0.1606
AT3G17970	0.078	0.1534	0.1112
AT3G18000	0.3997	0.428	0.4354
AT3G18020	0.0139	0.0425	-0.1493
AT3G18030	0.1361	0.0592	0.1138
AT3G18035	-0.0572	-0.2202	0.079
AT3G18040	0.2173	0.7882	0.1619
AT3G18050	-0.062	-1.1747	0.3148
AT3G18060	-0.317	-0.1044	-0.2832
AT3G18070	-0.3305	-0.3419	0.5281
AT3G18080	-1.0378	-0.4692	0.9043
AT3G18090	-0.2129	-0.2453	0.355
AT3G18100	0.008	-0.0206	0.2737
AT3G18110	-0.1739	-0.132	0.1731
AT3G18130	0.0797	0.7613	0.1145
AT3G18140	-0.186	-0.1178	0.1883
AT3G18160	-0.1603	-0.0785	0.1891
AT3G18165	-0.1292	0.3669	0.1286
AT3G18170	-0.373	-0.2677	-0.3402
AT3G18190	0.0913	0.0284	0.0084
AT3G18210	-0.3471	-0.1468	0.3925
AT3G18215	-0.1641	-0.1859	-0.0598
AT3G18230	0.0004	0.2574	0.002
AT3G18240	-0.1686	0.1767	0.2913
AT3G18270	-0.1312	-0.0606	0.1564
AT3G18280	0.3407	1.0675	-0.0351
AT3G18290	-0.095	0.3921	0.0272
AT3G18295	-0.1711	0.1498	-0.0622
AT3G18300	0.2648	0.4539	-0.0569
AT3G18310	-0.0763	-0.0708	0.0042
AT3G18350	-0.1623	0.1057	0.014
AT3G18370	0.3926	0.4626	0.0286
AT3G18380	-0.039	0.3709	0.0638
AT3G18390	-0.0311	0.0152	0.2385
AT3G18410	-0.1055	0.3081	-0.1234
AT3G18420	-0.1459	-0.2899	0.192
AT3G18430	-0.0977	0.205	0.0122
AT3G18440	-0.1462	0.2062	-0.1964
AT3G18480	0.1428	0.3461	0.2054
AT3G18490	-0.4701	-0.129	0.0752
AT3G18500	-0.0704	-0.0016	0.1069
AT3G18510	0.0592	0.5847	0.0584
AT3G18520	0.0995	0.0933	0.3142
AT3G18524	-0.2883	-0.4759	0.1187
AT3G18560	0.0262	0.159	-0.3194
AT3G18580	-0.1651	0.2099	-0.0139
AT3G18600	-0.0289	0.5121	0.2306
AT3G18610	0.3565	0.7193	-0.0665
AT3G18620	0.0067	0.1432	0.0523
AT3G18630	-0.0316	0.4382	0.1368
AT3G18640	-0.1427	0.0788	0.3318
AT3G18680	0.1447	0.4927	0.2116
AT3G18690	-0.0156	0.2505	-0.2354
AT3G18710	-0.445	0.0891	-0.0008
AT3G18730	-0.4586	-0.0505	0.3064
AT3G18740	-0.1114	0.1397	-0.2993
AT3G18750	0.1292	-0.3847	0.509
AT3G18760	-0.0291	0.3461	0.2068
AT3G18770	-0.0169	0.1083	0.0902
AT3G18773	0.3941	-0.6766	0.8733
AT3G18780	-0.3458	-1.0419	-0.2026
AT3G18790	-0.0864	0.0121	0.2564
AT3G18800	0.0931	-0.3169	0.0915
AT3G18820	-0.2196	0.5364	-0.2587
AT3G18830	0.7321	0.9453	-0.2105
AT3G18850	0.1205	0.0134	0.5619
AT3G18860	-0.0722	-0.1797	0.1079
AT3G18880	0.0007	0.1694	0.0934
AT3G18890	-0.0214	0.7881	0.2243
AT3G18900	-1.1261	0.2806	0.722
AT3G18910	-0.17	-0.0961	-0.0003
AT3G18930	-0.0377	0.209	0.1786
AT3G18940	-0.1485	-0.0758	-0.0545
AT3G18950	-0.1233	-0.5923	-0.1112
AT3G18960	-0.229	-0.4471	0.0018
AT3G18970	-0.3093	0.0018	0.1409
AT3G18980	-0.0782	-0.501	0.1523
AT3G18990	-0.026	0.3838	-0.0965
AT3G19000	-0.2533	0.2507	0.2114
AT3G19010	-0.0573	0.4585	-0.1227
AT3G19020	-0.1391	-0.5221	-0.0055
AT3G19030	-0.3902	-0.0969	-0.2443
AT3G19040	-0.1253	-0.5883	-0.1301
AT3G19050	-0.1807	-0.8948	0.4127
AT3G19080	0.0967	-0.1721	0.361
AT3G19100	-0.3307	-0.3754	0.2785
AT3G19120	-0.0306	-0.1251	0.086
AT3G19130	0.3909	1.0856	0.2559
AT3G19150	0.2282	1.3047	0.2032
AT3G19170	0.1474	0.2815	0.1483
AT3G19180	-0.0782	-0.2549	0.2808
AT3G19190	-0.0406	-0.2779	-0.041
AT3G19200	0.3745	-0.4249	-0.1335
AT3G19210	-0.1423	-0.086	0.3184
AT3G19220	0.0045	0.2531	-0.0121
AT3G19240	0.1024	0.3472	-0.1545
AT3G19250	-0.0072	0.1218	0.0792
AT3G19260	-0.0895	0.3481	-0.1203
AT3G19280	0.04	0.2303	0.1163
AT3G19290	0.0177	-0.5158	-0.004
AT3G19300	-0.1732	-0.2203	-0.1917
AT3G19330	0.0066	-0.2716	0.2595
AT3G19340	-0.3365	-0.0683	-0.0389
AT3G19360	0.0067	0.2846	0.0094
AT3G19370	-0.5611	0.3097	0.402
AT3G19380	-0.1058	0.583	-0.1451
AT3G19390	0.012	-0.1284	-0.0406
AT3G19400	-0.2417	0.554	0.1664
AT3G19420	-0.065	0.0627	0.209
AT3G19440	-0.0255	0.6578	0.155
AT3G19450	-0.3857	0.0954	-0.4648
AT3G19460	-0.0003	0.2185	-0.0685
AT3G19470	-0.0305	0.1119	0.2561
AT3G19490	-0.2448	-0.3334	-0.0292
AT3G19508	-0.1831	-0.1199	-0.1095
AT3G19510	-0.019	0.0533	0.3429
AT3G19515	-0.0874	0.1005	0.1439
AT3G19520	-0.0346	0.1143	0.0892
AT3G19540	-0.0939	0.4008	-0.0296
AT3G19553	-0.1524	-0.3134	0.0032
AT3G19570	0.0947	0.3537	0.3107
AT3G19580	0.0386	-0.3584	-0.507
AT3G19590	-0.2744	-0.0565	0.1756
AT3G19630	0.0837	-0.2225	0.3094
AT3G19640	-0.0698	0.0991	0.1545
AT3G19650	-0.1168	0.3027	0.1296
AT3G19660	-0.0678	0.0315	-0.2223
AT3G19670	0.1189	0.0974	0.167
AT3G19680	0.106	1.6119	-0.1001
AT3G19710	-0.9105	-1.0111	0.1209
AT3G19720	-0.1351	-0.3789	0.2773
AT3G19740	0.3115	0.1907	0.2558
AT3G19760	-0.1067	0.1659	-0.0647
AT3G19770	-0.1038	0.2281	0.2013
AT3G19780	-0.1375	-0.1034	0.2439
AT3G19790	-0.1952	0.0921	0.112
AT3G19800	0.1469	-0.6239	-0.609
AT3G19810	-0.1784	0.0069	0.3531
AT3G19820	-0.0063	-0.0926	0.032
AT3G19830	-0.0279	0.1512	-0.0017
AT3G19840	-0.0355	0.1639	0.2597
AT3G19860	0.0594	-0.5042	0.2562
AT3G19870	-0.0418	-0.1489	-0.0674
AT3G19895	-0.1543	-0.091	0.128
AT3G19900	-0.0535	-0.0939	0.0446
AT3G19910	-0.1079	-0.7053	0.1822
AT3G19930	0.1532	0.7716	-0.0901
AT3G19950	0.0006	0.0954	0.0231
AT3G19960	0.7304	-0.3293	0.0891
AT3G19970	0.483	0.8294	0.0338
AT3G19980	0.1231	0.272	0.0636
AT3G19990	-0.0983	-0.1119	-0.0747
AT3G20000	-0.0282	0.0127	0.1561
AT3G20010	0.0646	0.0221	0.1958
AT3G20015	-0.2227	0.0341	-0.0804
AT3G20020	-0.0971	-0.2518	0.2813
AT3G20040	-0.0819	-0.0759	0.1068
AT3G20050	-0.0968	0.3655	0.1234
AT3G20060	-0.1946	-0.1854	0.037
AT3G20070	-0.2703	-0.5234	0.2768
AT3G20080	-0.0408	0.1486	0.0682
AT3G20090	-0.0841	0.2547	0.018
AT3G20100	-0.274	0.1056	-0.2305
AT3G20110	0.3883	0.9805	-0.1868
AT3G20120	-0.3036	-0.2901	-0.0485
AT3G20130	-0.0781	0.1864	-0.0805
AT3G20150	-0.5816	-0.8917	0.3242
AT3G20170	0.1166	-0.0482	0.2042
AT3G20200	0.0283	-0.275	0.0882
AT3G20230	0.0152	-0.0619	0.2339
AT3G20240	-0.1041	-0.1547	-0.0549
AT3G20250	0.078	-0.0226	-0.0838
AT3G20260	-0.0785	0.0101	0.3711
AT3G20270	-0.1548	-0.312	0.1538
AT3G20280	-0.3931	-0.7215	0.2402
AT3G20290	-0.161	0.0105	0.1665
AT3G20300	-0.0019	0.4113	-0.2207
AT3G20310	-0.0193	0.2346	-0.0435
AT3G20320	-0.1876	0.0501	0.0665
AT3G20330	-0.2289	0.3205	0.2097
AT3G20350	0.229	0.647	0.4793
AT3G20370	-0.5246	-1.3183	0.1899
AT3G20390	-0.316	-0.5513	0.1334
AT3G20410	-0.0888	-0.0647	0.1114
AT3G20420	-0.3195	-0.1557	0.109
AT3G20430	-0.1807	0.2579	0.2451
AT3G20440	-0.329	0.1154	0.1917
AT3G20470	0.1605	-0.3934	0.5248
AT3G20475	-0.1334	0.0699	0.4656
AT3G20480	-0.0592	-0.5302	0.3848
AT3G20490	-0.3081	-0.3253	-0.0297
AT3G20500	0.0693	0.447	0.021
AT3G20510	-0.0055	-0.2395	-0.1728
AT3G20540	0.0157	-0.2041	0.3103
AT3G20550	0.1795	-0.1641	0.2167
AT3G20560	-0.0788	0.2874	0.2778
AT3G20570	-0.2582	0.2982	-0.2603
AT3G20600	-0.3347	0.1524	-0.1558
AT3G20620	-0.2095	0.2086	0.083
AT3G20630	0.1089	0.3248	0.0881
AT3G20640	-0.2117	0.0005	0.1028
AT3G20650	-0.0757	0.1987	-0.0796
AT3G20660	0.8049	0.0912	0.464
AT3G20670	0.0603	-0.0911	0.1128
AT3G20680	-0.2677	-0.5969	0.0602
AT3G20720	0.0753	0.5101	0.0175
AT3G20730	-0.0848	0.2306	-0.05
AT3G20740	0.0205	0.1826	0.1695
AT3G20770	0.1405	0.1164	0.0634
AT3G20780	0.0319	0.2583	0.4534
AT3G20790	0.0115	0.1865	0.2264
AT3G20800	-0.1005	-0.0842	-0.0563
AT3G20810	0.2165	-1.6694	0.3163
AT3G20820	0.0498	0.026	-0.2732
AT3G20830	-0.2044	-0.0697	-0.3636
AT3G20840	0.1884	-0.2747	0.1885
AT3G20860	-0.4228	-0.1414	0.022
AT3G20870	-0.3352	-0.1127	-0.037
AT3G20890	-0.1352	-0.1611	0.0559
AT3G20898	-0.037	0.1415	0.1681
AT3G20910	0.0173	-0.1177	0.2205
AT3G20920	-0.0368	0.0457	0.2386
AT3G20930	0.0611	0.1432	0.1984
AT3G20960	-0.2351	-0.1103	-0.21
AT3G20970	-0.2567	-0.1632	-0.0014
AT3G21055	0.0832	0.349	-0.3557
AT3G21060	-0.0425	0.0294	0.3054
AT3G21070	-0.1743	-0.0505	-0.3228
AT3G21090	0.7891	-0.0768	-0.3133
AT3G21100	0.0758	0.0704	0.2542
AT3G21110	-0.0634	0.0853	0.2726
AT3G21140	-0.1424	0.0648	-0.0114
AT3G21160	-0.2314	-0.0133	0.1516
AT3G21175	-0.1264	-0.1022	0.1284
AT3G21190	-0.5786	0.2274	-0.0908
AT3G21200	-0.1832	-0.0111	0.0508
AT3G21215	-0.0737	-0.2576	0.0085
AT3G21220	-0.2087	0.5023	-0.2539
AT3G21230	-0.2516	-0.071	-0.0793
AT3G21240	-0.1654	0.386	0.0668
AT3G21250	0.1339	-0.4088	0.407
AT3G21260	-0.0238	-0.4796	-0.1473
AT3G21270	-0.3598	0.2532	-0.3924
AT3G21280	-0.0144	0.0921	0.0673
AT3G21290	0.1617	0.1338	0.1882
AT3G21295	0.1191	-0.0587	0.2884
AT3G21300	-0.0923	0.1203	0.3306
AT3G21330	0.6389	1.2064	-0.0639
AT3G21350	0.0032	-0.3136	0.2178
AT3G21360	0.3437	0.18	0.0236
AT3G21390	-0.1635	-0.0465	-0.0706
AT3G21400	-0.129	0.0345	0.1697
AT3G21420	-0.0939	0.3583	-0.0082
AT3G21430	0.2206	-0.029	0.108
AT3G21465	-0.1753	0.3484	0.3076
AT3G21470	-0.0859	0.0113	0.1121
AT3G21480	-0.0652	-0.1854	0.3235
AT3G21510	0.5067	0.7901	0.8016
AT3G21530	-0.533	-0.0408	0.2421
AT3G21540	-0.059	0.2793	0.2167
AT3G21560	-1.0262	-0.1272	-1.0858
AT3G21580	-0.1064	0.2929	-0.0629
AT3G21600	-0.133	0.9961	0.4683
AT3G21610	-0.0582	0.0538	0.0779
AT3G21630	-0.1694	0.2687	-0.2123
AT3G21640	0.1513	0.2254	0.139
AT3G21650	-0.3515	-0.61	0.1285
AT3G21670	-0.5674	-0.3565	-0.1924
AT3G21690	-0.515	0.0183	-0.2943
AT3G21700	-0.2913	-0.693	0.0864
AT3G21710	0.0266	-0.1075	-0.1834
AT3G21720	3.275	0.6404	0.5197
AT3G21740	-0.1193	-0.8052	0.258
AT3G21750	-0.2356	-0.3832	0.2814
AT3G21770	-0.4703	0.4629	-0.3684
AT3G21810	0.0035	0.0134	0.3322
AT3G21820	0.0461	0.2432	0.2391
AT3G21865	-0.0673	-0.0499	0.1287
AT3G21890	-0.5021	1.0325	-1.0438
AT3G22060	-0.3999	-1.3769	0.2431
AT3G22070	-0.0525	0.1123	-0.1378
AT3G22072	-0.2013	0.2747	0.0816
AT3G22104	-0.4571	-0.5296	-0.1217
AT3G22110	-0.0003	0.3235	-0.1147
AT3G22120	-0.3454	0.275	0.9019
AT3G22121	0.6134	-0.3776	-1.2914
AT3G22150	0.3665	-0.7929	0.0241
AT3G22160	0.1965	0.8196	-0.1411
AT3G22170	-0.0402	-0.1373	0.1414
AT3G22180	-0.2745	-0.0871	0.2349
AT3G22190	-0.3247	0.0132	0.1035
AT3G22200	-0.1133	0.1663	0.0768
AT3G22210	-0.2685	-0.5835	0.3293
AT3G22220	-0.0734	-0.1128	0.2231
AT3G22230	-0.2498	0.0393	-0.1747
AT3G22240	-0.2455	-0.3767	-0.0995
AT3G22260	-0.18	0.6152	-0.0262
AT3G22270	-0.0746	-0.2704	0.1337
AT3G22290	-0.1522	-0.133	0.2802
AT3G22300	-0.037	0.3431	0.2189
AT3G22310	-0.0097	0.2544	0.2637
AT3G22320	-0.2885	0.1109	0.0718
AT3G22330	-0.0589	0.5662	0.0462
AT3G22370	-0.2446	-0.0383	-0.4937
AT3G22380	0.0012	-0.1059	-0.14
AT3G22400	-0.1954	-0.0169	0.1111
AT3G22410	-0.2115	-0.0275	0.665
AT3G22420	0.2373	0.7227	0.1177
AT3G22425	0.037	0.6037	0.0651
AT3G22430	0.112	-0.2749	0.0171
AT3G22440	-0.1223	-0.3631	0.1822
AT3G22450	-0.0924	-0.3634	0.286
AT3G22460	0.149	0.1312	-0.0087
AT3G22470	-0.0935	0.0233	0.2164
AT3G22480	0.0425	0.3486	0.1145
AT3G22520	0.0358	-0.0063	0.1789
AT3G22530	-0.5854	-0.9333	-0.2029
AT3G22540	-0.0819	0.2622	-0.1205
AT3G22550	-0.4064	1.0305	0.58
AT3G22590	-0.2491	0.2298	0.2829
AT3G22600	-0.4711	0.6165	-0.7228
AT3G22620	-0.583	1.2083	-0.7096
AT3G22630	0.1203	0.0187	-0.0149
AT3G22660	0.0157	0.5693	0.1614
AT3G22680	0.0399	-0.0761	0.0448
AT3G22690	-0.2664	-0.2825	0.2587
AT3G22750	-0.5049	-0.0196	0.1404
AT3G22760	-0.4879	-1.0349	0.2703
AT3G22780	-0.0801	0.2534	0.2333
AT3G22790	0.0567	-0.1085	0.5251
AT3G22810	-0.5569	-0.0546	0.1028
AT3G22840	-0.8762	-0.862	-1.5244
AT3G22845	-0.1386	0.1222	-0.1063
AT3G22850	-0.1903	0.3395	0.0069
AT3G22880	-0.8037	-1.0801	0.117
AT3G22890	0.1137	0.8127	0.3072
AT3G22900	-0.0693	-0.1986	0.0478
AT3G22930	-0.4046	0.2826	0.0149
AT3G22942	-0.224	0.5648	-0.2768
AT3G22950	-0.2173	0.2964	-0.103
AT3G22960	-0.1122	-0.5535	0.0317
AT3G22970	-0.5376	-1.059	0.0892
AT3G22980	0.0057	-0.1425	0.0961
AT3G22990	-0.0333	0.0281	-0.0166
AT3G23000	-0.5434	-0.3835	-0.3931
AT3G23020	-0.2156	-0.4036	-0.0137
AT3G23030	-0.1984	0.0706	0.0527
AT3G23050	0.2019	0.7987	0.0406
AT3G23070	-0.0592	0.0483	0.2142
AT3G23080	0.0909	-0.4199	0.0067
AT3G23090	-0.2498	0.6856	-0.1667
AT3G23100	-0.0561	0.2062	-0.0943
AT3G23150	1.2908	2.4336	0.9344
AT3G23160	-0.3467	-0.1916	0.0451
AT3G23170	0.1815	-0.4216	-0.177
AT3G23175	0.1743	0.1623	-0.068
AT3G23180	0.329	0.7216	0.2048
AT3G23200	-0.1031	-0.1282	-0.1349
AT3G23210	-0.6356	-0.335	-0.2811
AT3G23255	0.1762	-0.4466	0.3905
AT3G23260	0.278	0.3045	0.4387
AT3G23280	-0.6049	-0.3709	0.0515
AT3G23290	-1.657	0.1203	1.5491
AT3G23300	-0.2291	0.3565	0.164
AT3G23310	-0.1624	0.0082	0.3796
AT3G23325	-0.0037	0.3743	-0.1996
AT3G23330	-0.1313	0.0683	0.1415
AT3G23340	-0.5084	0.1204	0.1292
AT3G23370	-0.0293	0.1832	0.3561
AT3G23390	-0.0115	0.4109	-0.1565
AT3G23400	-0.2009	0.7467	-0.2628
AT3G23410	0.1523	0.3435	-0.0193
AT3G23430	0.3033	0.2449	-0.0581
AT3G23440	0.0856	0.2206	0.2281
AT3G23450	0.515	0.5005	0.1915
AT3G23470	0.288	-0.1754	0.243
AT3G23490	-0.2561	-0.4701	-0.1576
AT3G23510	-0.1552	-0.1045	-0.7617
AT3G23530	-0.237	0.4214	-0.2877
AT3G23540	0.0411	0.4737	0.0292
AT3G23560	0.4629	-0.2986	0.101
AT3G23570	-0.6867	-1.0357	0.0628
AT3G23580	-0.3329	-0.3093	-0.0598
AT3G23590	0.1402	0.4061	0.117
AT3G23600	-0.217	0.4505	-0.0637
AT3G23605	-0.2214	-0.3193	-0.288
AT3G23610	-0.2587	0.307	-0.047
AT3G23620	-0.1354	0.5264	0.174
AT3G23640	0.0895	0.2125	0.0754
AT3G23660	0.0339	0.5677	0.1407
AT3G23670	-0.4138	-1.0801	0.2098
AT3G23690	-0.1847	0.2579	0.0384
AT3G23700	-0.2008	0.0162	-0.0405
AT3G23710	-0.1844	0.0339	0.1836
AT3G23730	0.0082	0.0497	-0.3168
AT3G23740	-0.3934	-0.5491	0.2789
AT3G23750	0.0112	0.3071	-0.0282
AT3G23760	-0.291	-0.7981	0.0013
AT3G23780	0.2889	0.1111	0.0951
AT3G23790	0.6057	0.6951	0.4756
AT3G23800	0.6799	1.8683	-0.5167
AT3G23805	-0.3954	0.2786	-0.4388
AT3G23810	-0.296	0.6845	-0.3539
AT3G23820	-0.3153	0.5171	-0.1029
AT3G23830	-0.0163	0.2535	0.0105
AT3G23870	0.194	0.5093	0.0938
AT3G23880	1.6911	-0.1785	0.3658
AT3G23890	-0.1713	-1.1221	0.3419
AT3G23900	0.0309	-0.1083	0.366
AT3G23910	-0.1254	-0.0431	0.1836
AT3G23920	0.1144	0.0912	-0.0046
AT3G23930	0.3301	0.4906	0.3117
AT3G23940	-0.0259	-0.074	0.3604
AT3G23980	0.0142	-0.0413	0.2188
AT3G23990	0.007	0.2834	0.2829
AT3G24000	-0.2376	-0.454	0.5855
AT3G24010	0.0273	0.282	0.2471
AT3G24020	-0.9219	0.2569	-0.7195
AT3G24030	-0.1803	-0.2431	0.1145
AT3G24040	-0.1592	0.2927	0.0593
AT3G24050	-0.0823	0.325	-0.1548
AT3G24070	0.0744	-0.3533	-0.029
AT3G24080	0.0777	0.45	0.2997
AT3G24090	-0.1068	0.2332	0.0327
AT3G24100	0.1526	-0.0025	0.2116
AT3G24110	-0.4764	-0.7453	0.1933
AT3G24120	0.122	-0.0382	0.0633
AT3G24150	-0.0697	0.2322	0.242
AT3G24160	-0.2882	0.1835	-0.1656
AT3G24170	-0.1894	0.2808	-0.009
AT3G24180	-0.0578	0.0701	0.1489
AT3G24190	-0.335	-0.604	-0.2515
AT3G24200	-0.1432	0.1099	0.156
AT3G24240	0.0757	-0.1579	0.1292
AT3G24255	-0.1734	0.1312	0.2507
AT3G24300	-0.6432	0.2748	-0.6389
AT3G24315	-0.0501	-0.163	0.1066
AT3G24320	0.1288	-0.1992	0.3139
AT3G24350	-0.13	0.4374	0.0063
AT3G24360	0.0173	0.5527	0.3865
AT3G24420	-0.1441	0.4148	-0.3517
AT3G24430	-0.0638	0.2484	0.1613
AT3G24440	-0.0469	-0.0882	0.2676
AT3G24450	0.1767	0.1531	-0.3543
AT3G24460	-0.6277	-1.1149	0.0823
AT3G24480	-0.1646	0.3117	0.1823
AT3G24490	-0.162	-0.1215	0.2965
AT3G24495	-0.3133	-0.2623	-0.0151
AT3G24500	0.0504	0.9007	-0.178
AT3G24503	-0.1797	0.6679	-0.3061
AT3G24506	0.0841	-0.2444	0.0823
AT3G24515	-0.2863	-0.2569	0.3098
AT3G24518	-0.3251	-0.5265	-0.3564
AT3G24520	-1.0309	-0.7815	-0.6958
AT3G24530	-0.2424	0.3293	-0.0946
AT3G24550	0.1701	0.8773	0.0574
AT3G24560	-0.1723	-0.2483	0.3194
AT3G24570	0.0395	-0.0394	0.1269
AT3G24590	-0.1251	0.3717	0.0926
AT3G24660	-0.4053	-0.2334	0.0582
AT3G24670	-0.0	0.4471	0.0097
AT3G24715	0.0184	0.4185	0.2551
AT3G24730	0.0582	-0.0019	-0.0428
AT3G24740	-0.0439	-0.022	0.0148
AT3G24760	-0.2734	-0.2503	0.0982
AT3G24770	-0.5862	0.437	0.2216
AT3G24800	0.0123	0.3018	0.2334
AT3G24810	-0.3252	-0.3778	0.1723
AT3G24820	-0.1925	0.2094	0.1803
AT3G24830	-0.1611	0.0117	-0.0876
AT3G24840	-0.3993	0.3407	-0.1128
AT3G24860	0.0509	0.1681	0.0445
AT3G24870	0.1812	-0.254	0.0134
AT3G24880	0.2177	-0.3624	0.1614
AT3G25030	-0.4548	-0.015	0.0946
AT3G25040	-0.0845	0.3437	-0.0607
AT3G25070	-0.1476	-0.4536	0.0841
AT3G25100	-0.364	-0.3988	-0.0821
AT3G25110	-0.3321	0.1611	0.0193
AT3G25120	-0.0914	-0.0431	-0.0809
AT3G25130	-0.8702	0.0198	0.5568
AT3G25140	-0.1743	0.4996	0.1165
AT3G25150	-0.1664	-0.4956	0.3798
AT3G25190	-0.5399	-0.8404	-0.9246
AT3G25210	-0.3229	-0.4114	0.017
AT3G25220	-0.1502	0.1399	-0.0851
AT3G25230	0.0325	0.6621	0.248
AT3G25250	-0.5426	0.2719	-0.5284
AT3G25290	-0.2267	1.3298	0.0063
AT3G25400	-0.1291	0.4319	0.1527
AT3G25410	-0.0155	0.2437	0.0581
AT3G25430	0.1453	0.2547	0.3341
AT3G25440	-0.1695	-0.2458	0.3016
AT3G25470	-0.0682	0.3104	0.1011
AT3G25480	-0.4043	-0.1389	-0.1265
AT3G25500	0.1614	0.1204	0.0087
AT3G25520	-0.0744	0.1749	0.042
AT3G25530	-0.161	0.3746	0.0146
AT3G25540	-0.1877	0.3375	-0.0619
AT3G25545	-0.0349	0.5736	-0.0121
AT3G25560	-0.599	0.2671	0.2866
AT3G25570	-0.1159	0.5576	0.3114
AT3G25580	-0.0461	0.5136	0.1411
AT3G25585	-0.2384	-0.3726	0.2365
AT3G25590	-0.4451	-0.285	-0.1353
AT3G25597	-0.3085	-0.276	-0.34
AT3G25600	0.3603	0.7773	-0.1782
AT3G25610	-0.1199	0.463	0.2406
AT3G25640	-0.7984	0.6361	-0.4348
AT3G25660	-0.1355	0.0694	0.0804
AT3G25680	-0.0818	0.1396	0.2317
AT3G25690	0.0193	0.1404	0.2508
AT3G25700	0.1611	0.568	0.097
AT3G25710	-0.4593	0.033	0.2068
AT3G25717	-0.3237	0.1271	0.0185
AT3G25730	0.7892	0.892	0.7259
AT3G25740	-0.1448	0.4414	0.2034
AT3G25770	-0.7141	0.3771	0.4107
AT3G25780	0.1337	0.8225	0.1511
AT3G25800	-0.0079	0.2821	0.0415
AT3G25805	-0.137	0.1967	0.0458
AT3G25820	-0.3363	-0.1846	0.6012
AT3G25830	-0.1309	0.1637	0.205
AT3G25840	0.2183	0.0896	0.2113
AT3G25860	-0.1464	-0.0432	-0.0021
AT3G25870	-0.2955	0.17	-0.2309
AT3G25882	0.0168	0.2329	-0.3497
AT3G25890	-0.3022	-0.3046	0.0288
AT3G25900	-0.2076	-0.1954	-0.062
AT3G25905	-0.2857	0.7316	0.4573
AT3G25910	-0.0831	-0.5083	0.2579
AT3G25920	-0.2005	-0.0363	0.1316
AT3G25930	-0.0225	0.2013	-0.1148
AT3G25940	-0.2009	0.2564	0.0637
AT3G25970	-0.1687	-0.274	0.426
AT3G25980	-0.3624	-0.4464	-0.0868
AT3G26000	-0.0441	-0.4587	-0.0761
AT3G26020	-0.1507	0.2353	0.0844
AT3G26030	-0.4172	-0.1612	0.2075
AT3G26040	-0.8508	-0.4353	0.3715
AT3G26050	-0.443	-0.7409	0.2922
AT3G26060	-0.401	0.1264	-0.0613
AT3G26070	-0.3033	-0.3824	0.1506
AT3G26080	-0.0669	0.1944	0.2124
AT3G26085	-0.1341	-0.0139	0.1101
AT3G26090	-0.1804	0.473	0.2586
AT3G26100	0.0233	0.2716	0.0872
AT3G26115	-0.0946	0.1518	0.3221
AT3G26210	-0.3634	0.1399	0.0086
AT3G26240	-0.047	-0.5164	0.109
AT3G26290	-0.4818	-0.5686	-0.0812
AT3G26300	-0.3904	-0.1484	-0.2312
AT3G26330	-0.6015	0.1253	0.2311
AT3G26340	-0.0125	0.4838	0.0228
AT3G26350	0.2268	-0.0707	0.1611
AT3G26360	-0.0148	0.4473	-0.0258
AT3G26370	-0.2457	0.2848	0.1173
AT3G26380	-0.313	0.0979	0.1906
AT3G26395	-0.1137	-0.4059	-0.0941
AT3G26400	0.0977	0.1347	0.0675
AT3G26410	-0.0469	0.3766	0.0116
AT3G26420	0.1621	0.478	-0.0228
AT3G26430	0.0376	0.4442	0.1934
AT3G26440	-0.4066	-0.1407	0.01
AT3G26450	-0.3081	0.58	0.3467
AT3G26460	-0.3586	0.0392	1.1099
AT3G26470	-0.2809	-0.0596	0.1754
AT3G26490	-0.4771	-0.486	-0.004
AT3G26510	0.347	-0.9022	0.1076
AT3G26520	-0.7117	-0.2374	-0.4287
AT3G26540	-0.2884	-0.3138	0.1814
AT3G26550	-0.1011	0.3099	-0.027
AT3G26560	0.2182	-0.13	0.0195
AT3G26570	-0.4911	0.0715	-0.1137
AT3G26580	-0.0498	-1.6315	0.0702
AT3G26590	-0.0712	0.0855	0.1315
AT3G26600	0.0369	-0.0408	0.3247
AT3G26618	-0.3193	-0.2199	0.1858
AT3G26630	-0.3253	-0.6439	0.0305
AT3G26640	-0.0977	-0.1984	-0.0891
AT3G26650	0.0443	-0.9525	-0.4759
AT3G26670	-0.2723	0.2157	0.302
AT3G26680	-0.3845	-0.0239	0.1534
AT3G26690	-0.1203	-0.4013	0.0667
AT3G26700	-0.4424	0.1536	-0.036
AT3G26710	-0.1249	-0.0631	-0.0893
AT3G26720	-0.1682	-0.2082	0.2533
AT3G26730	0.0086	0.0861	0.0717
AT3G26740	0.763	-1.1973	0.0025
AT3G26744	0.1128	-0.153	-0.2109
AT3G26750	-0.1209	-0.145	0.2665
AT3G26760	0.3741	0.1763	0.0602
AT3G26770	0.4317	-0.1415	0.2193
AT3G26780	-0.0938	0.4592	0.1133
AT3G26782	-0.2108	-0.4873	0.2682
AT3G26810	-0.124	-0.0488	0.0167
AT3G26840	0.0529	1.0213	0.1169
AT3G26850	-0.4003	-0.3207	0.4192
AT3G26890	-0.165	-0.2668	0.1411
AT3G26900	-0.0462	-0.7575	0.2456
AT3G26910	-0.039	0.1251	-0.0192
AT3G26920	-0.0508	0.1764	0.1164
AT3G26922	-0.0763	-0.0496	0.2301
AT3G26932	0.0006	-0.3826	0.3452
AT3G26935	-0.2368	-0.1266	0.0404
AT3G26950	0.0694	0.5178	0.2839
AT3G26960	-0.3173	0.4143	0.3
AT3G26980	-0.1567	0.5719	0.0082
AT3G26990	-0.1373	-0.0114	-0.041
AT3G27000	-0.0442	0.7365	0.1164
AT3G27010	0.0535	0.1007	-0.0554
AT3G27020	0.252	-0.2492	-0.0736
AT3G27027	0.0605	-0.1364	-0.0326
AT3G27030	0.2038	0.0893	-0.0257
AT3G27050	0.1049	0.2616	0.0635
AT3G27060	-0.3885	0.4049	-0.0397
AT3G27080	-0.0292	0.6912	0.065
AT3G27090	-0.4986	-0.5387	0.0607
AT3G27100	-0.2809	0.1145	-0.2043
AT3G27110	-0.2044	0.0961	0.0326
AT3G27120	-0.3048	-0.6568	0.0471
AT3G27150	-0.6332	0.4325	0.0279
AT3G27160	-0.1334	0.2679	-0.0253
AT3G27170	-0.3726	0.7242	-0.2706
AT3G27180	-0.1535	0.324	0.1043
AT3G27190	0.1246	0.9182	-0.1123
AT3G27200	-0.3278	0.6492	-0.2603
AT3G27210	-0.3407	0.6765	-0.2053
AT3G27220	-0.2281	0.8631	0.4472
AT3G27230	-0.213	0.394	0.2388
AT3G27240	-0.1558	-0.265	-0.0424
AT3G27260	0.1135	0.1047	0.253
AT3G27270	-0.4166	0.2385	-0.0418
AT3G27280	-0.0512	0.391	0.2037
AT3G27290	-0.4163	-0.2291	0.0299
AT3G27300	-0.2519	0.2541	0.0588
AT3G27310	-0.0355	0.2999	0.0087
AT3G27320	-0.0845	-0.0394	0.0658
AT3G27325	-0.0322	0.3642	0.1326
AT3G27330	-0.0256	-0.344	0.2724
AT3G27340	-0.1909	-0.1271	0.041
AT3G27350	-0.3047	-1.005	0.208
AT3G27360	-0.3538	-0.3302	-0.0023
AT3G27380	-0.2704	-0.4414	-0.1989
AT3G27390	0.0032	0.4242	-0.078
AT3G27400	-0.6565	0.8613	0.4943
AT3G27420	-0.1012	-0.0064	0.2795
AT3G27430	-0.0613	0.3797	0.0349
AT3G27460	-0.2487	0.1346	0.3539
AT3G27470	-0.1195	0.3951	0.1473
AT3G27500	-0.1166	0.1811	0.0723
AT3G27510	0.0146	-0.1325	-0.2634
AT3G27520	-0.2883	-0.2679	0.0276
AT3G27530	-0.0547	-0.0587	0.1923
AT3G27540	-0.1431	0.3309	0.1245
AT3G27550	-0.1665	0.3846	0.5094
AT3G27560	-0.0075	0.248	0.0577
AT3G27570	0.0153	0.639	0.1092
AT3G27580	0.2115	0.3972	0.1843
AT3G27610	-0.2819	0.0229	-0.0419
AT3G27630	-0.3295	-0.0997	-0.3077
AT3G27640	-0.1476	-0.3292	0.6037
AT3G27670	0.117	-0.0123	0.3091
AT3G27700	0.0029	-0.152	0.2815
AT3G27730	-0.0639	-0.2127	0.0916
AT3G27740	0.0195	0.2145	0.187
AT3G27750	-0.1094	-0.1511	0.1198
AT3G27770	-0.2194	-0.4245	0.2859
AT3G27820	-0.0952	-0.1838	-0.0847
AT3G27830	-0.1019	0.3489	0.0092
AT3G27850	-0.0664	-0.3947	-0.0502
AT3G27870	0.759	0.3729	0.1753
AT3G27880	-0.0595	0.5336	-0.0414
AT3G27890	-0.2499	-0.0747	-0.2413
AT3G27906	-0.0822	-0.0993	0.2206
AT3G27925	-0.1369	0.0299	-0.0177
AT3G27930	0.0477	0.2394	0.1212
AT3G27960	-0.5047	0.1141	-0.2532
AT3G28030	0.0325	0.2071	0.0757
AT3G28040	-0.0166	0.0415	0.2669
AT3G28050	-0.4292	-0.397	-0.0324
AT3G28100	-0.4046	-0.3274	-0.1371
AT3G28130	-0.506	-0.1853	-0.345
AT3G28140	-0.1494	0.005	-0.2929
AT3G28180	0.2888	0.9755	0.2981
AT3G28200	-0.1515	0.7262	0.1377
AT3G28210	0.0695	0.2102	-0.318
AT3G28340	0.1652	0.7606	-0.1589
AT3G28345	0.0327	-0.5579	-0.619
AT3G28370	0.0043	-0.2195	0.3478
AT3G28420	-1.0536	-0.4572	0.3867
AT3G28430	-0.2271	0.079	-0.1191
AT3G28450	-0.3678	0.4251	-0.2145
AT3G28455	0.0169	0.0612	-0.0276
AT3G28460	0.0057	0.1746	0.2833
AT3G28480	-0.4031	0.3829	0.1617
AT3G28550	0.1474	0.266	-0.2737
AT3G28580	0.504	0.7947	0.0517
AT3G28640	-0.4196	-0.501	0.1029
AT3G28660	-0.1612	0.1143	0.2673
AT3G28670	0.0069	0.1456	0.0472
AT3G28690	-0.2066	-0.101	0.0367
AT3G28700	-0.2036	0.2345	0.1947
AT3G28710	-0.3422	-0.6218	-0.0879
AT3G28715	-0.2684	-0.1125	-0.1921
AT3G28720	0.0397	0.1392	0.0955
AT3G28730	0.0435	-0.1651	0.1821
AT3G28740	-0.143	-1.6243	-0.0178
AT3G28760	-0.1485	0.2304	0.3641
AT3G28850	-0.1859	0.0018	0.0098
AT3G28860	0.2365	0.523	0.2199
AT3G28900	0.0507	-0.0843	0.0309
AT3G28910	0.2423	0.5696	-0.0793
AT3G28920	0.3744	0.3786	-0.1743
AT3G28930	-0.2084	0.4787	0.0454
AT3G28940	-0.2843	0.46	-0.1583
AT3G28950	-0.2964	0.0968	-0.0747
AT3G28956	-0.2568	-0.5181	0.141
AT3G28970	-0.0981	0.0895	0.3602
AT3G29010	-0.1365	0.0553	0.0997
AT3G29034	-0.0311	0.0311	-0.2042
AT3G29035	0.3759	-0.4295	0.3544
AT3G29075	-0.1716	0.6784	0.3366
AT3G29090	-0.0984	0.1599	0.1523
AT3G29100	0.0179	0.2308	0.4154
AT3G29130	-0.0926	0.1338	-0.0186
AT3G29160	-0.1992	0.0233	0.0216
AT3G29170	0.0137	0.5518	-0.0384
AT3G29180	-0.0965	-0.253	0.1403
AT3G29185	-0.1257	0.3382	0.3441
AT3G29200	-0.5133	-0.0957	-0.3263
AT3G29230	-0.0634	0.1942	0.168
AT3G29240	0.5684	-0.3552	0.1755
AT3G29250	-0.374	0.1189	-0.1963
AT3G29270	-0.1658	-0.1038	0.1084
AT3G29280	0.0988	0.2877	0.2083
AT3G29290	-0.3311	-0.234	0.1646
AT3G29310	-0.0587	-0.217	0.1241
AT3G29320	-0.1738	-0.6214	0.4228
AT3G29330	0.2299	0.1933	0.2636
AT3G29350	-0.4554	0.0267	-0.0569
AT3G29360	0.1591	1.3801	-0.1981
AT3G29370	0.8438	2.026	0.1523
AT3G29375	0.2012	0.5175	0.3163
AT3G29390	-0.1566	0.0218	0.2789
AT3G29400	-0.1051	0.1077	0.1187
AT3G29575	-0.0682	-0.3288	-0.2332
AT3G29680	-0.5101	-0.5508	-0.2384
AT3G29760	-0.0238	0.7737	0.215
AT3G29770	-0.3359	0.1727	0.2058
AT3G29810	0.4581	0.4991	-0.1602
AT3G30180	0.1378	0.7561	0.1961
AT3G30300	-0.055	0.2816	0.2402
AT3G30380	-0.0147	0.2376	0.127
AT3G30390	-0.53	-0.3655	-0.1713
AT3G30460	-0.4218	-0.4876	-0.3029
AT3G30775	-0.1593	-0.5301	0.0986
AT3G30841	-0.0649	0.5227	0.0807
AT3G32930	0.0076	0.2146	0.1464
AT3G32940	-0.2392	0.366	0.1552
AT3G32980	-0.8034	0.2473	-0.4526
AT3G33520	-0.0877	-0.0878	0.0188
AT3G33530	-0.0218	0.369	0.1828
AT3G41762	0.4471	-0.2778	0.0386
AT3G41768	0.4235	-0.553	0.3868
AT3G41979	0.1492	-0.3457	-0.1892
AT3G42050	-0.2505	0.1719	-0.1641
AT3G42150	0.0822	-0.4119	0.0799
AT3G42170	0.044	0.061	-0.0453
AT3G42630	-0.161	-0.3087	0.1235
AT3G42640	-0.0294	-0.4058	0.3844
AT3G42660	-0.2464	-0.2533	0.2834
AT3G42670	0.0105	-0.0741	0.3703
AT3G42790	-0.1305	-0.0942	-0.0145
AT3G42860	0.1124	0.3823	0.2583
AT3G42950	-0.1185	0.4885	0.0254
AT3G43190	-0.3997	0.4459	0.4735
AT3G43210	-0.0176	-0.1009	0.2925
AT3G43220	-0.0621	0.1198	0.224
AT3G43230	-0.1668	-0.1356	-0.1831
AT3G43240	-0.0991	-0.0497	0.0356
AT3G43270	0.0834	0.5691	0.0787
AT3G43300	0.2235	-0.0938	0.0117
AT3G43430	0.5218	0.0188	0.3766
AT3G43440	0.0837	0.1375	0.0312
AT3G43520	-0.005	0.6773	-0.1028
AT3G43540	-0.1548	0.1803	0.1768
AT3G43580	0.1571	0.0813	0.3239
AT3G43590	0.0449	0.2177	0.2225
AT3G43600	0.1246	0.4561	0.0911
AT3G43610	0.0416	0.2547	0.3709
AT3G43670	-0.2339	-1.2929	-0.085
AT3G43700	0.1943	0.0978	0.3315
AT3G43720	0.4866	0.3748	0.3341
AT3G43790	0.1334	-0.0039	0.2874
AT3G43800	0.2045	1.0608	0.1031
AT3G43810	-0.1316	0.5222	-0.1543
AT3G43920	-0.01	0.143	-0.0701
AT3G43960	0.0205	0.5292	-0.1332
AT3G43980	-0.2237	0.0604	-0.2644
AT3G44010	-0.2481	-0.0834	-0.2556
AT3G44020	0.04	-0.1076	0.0057
AT3G44050	-0.1789	-0.9533	0.4677
AT3G44100	-0.203	0.0257	-0.2444
AT3G44110	0.0901	0.2543	-0.0781
AT3G44120	-0.2579	-0.7671	0.2687
AT3G44150	-0.0379	-0.1969	0.0569
AT3G44160	-0.0446	0.1574	0.319
AT3G44190	-0.2895	0.0473	-0.2213
AT3G44200	-0.304	0.0757	-0.1836
AT3G44220	-0.0029	-0.1782	-0.0506
AT3G44260	1.0271	1.8749	0.2407
AT3G44280	-0.4261	0.149	-0.0392
AT3G44290	0.8998	-0.2455	-0.2895
AT3G44300	0.9186	0.0175	0.47
AT3G44310	-0.1516	0.6538	-0.2173
AT3G44320	-0.1311	0.5746	-0.075
AT3G44330	-0.1607	-0.5298	0.0979
AT3G44340	0.0475	0.527	0.2
AT3G44370	-0.1119	0.2684	0.075
AT3G44380	0.0054	0.0523	0.0551
AT3G44400	0.0401	0.0968	-0.0382
AT3G44430	-0.2055	0.0163	-0.1465
AT3G44450	-0.8553	-0.4766	-0.8116
AT3G44480	-0.0506	-0.1941	0.1242
AT3G44530	-0.0927	-0.0395	0.0425
AT3G44540	-0.8433	-0.0992	0.2597
AT3G44550	-0.5488	0.3644	0.0857
AT3G44590	0.0396	0.1291	0.0469
AT3G44600	-0.0704	0.096	0.1394
AT3G44610	0.2784	0.2657	-0.0544
AT3G44620	0.0457	0.5332	0.0538
AT3G44630	0.172	0.3796	0.0931
AT3G44670	-0.0652	-0.2589	0.301
AT3G44680	-0.1564	0.2906	0.0918
AT3G44690	-0.1798	-0.1884	0.2711
AT3G44713	0.0918	0.3589	0.3656
AT3G44716	-0.2864	0.0611	0.1564
AT3G44720	-0.5809	-0.5119	0.0594
AT3G44730	-0.1998	0.0573	0.2863
AT3G44735	-0.5725	-0.2315	0.0014
AT3G44740	-0.3258	0.4519	0.3845
AT3G44750	-0.0291	0.3992	0.1742
AT3G44820	-0.5486	-0.2614	-0.3734
AT3G44850	-0.2244	0.0977	0.1084
AT3G44880	0.2041	0.7003	0.1715
AT3G44890	-0.0836	0.301	-0.0346
AT3G44940	-0.8169	-0.2554	0.2258
AT3G44960	-0.7391	-0.249	0.0815
AT3G44970	0.2085	-0.7585	-1.1947
AT3G44990	0.1902	2.1482	-0.3624
AT3G45010	-0.4222	0.7272	0.3083
AT3G45020	-0.0659	-0.0398	0.1215
AT3G45030	0.064	0.025	0.0427
AT3G45040	0.019	0.1993	-0.0548
AT3G45050	-0.2427	-0.1877	0.0966
AT3G45070	-0.4922	0.207	0.2652
AT3G45090	-0.044	0.3462	0.1188
AT3G45100	-0.0441	-0.3929	0.231
AT3G45160	-1.0414	-0.6166	0.477
AT3G45190	0.0429	0.0636	0.0836
AT3G45210	-0.3021	-0.0222	-0.2063
AT3G45230	-0.0636	0.8573	-0.0328
AT3G45240	-0.3302	0.1798	0.0002
AT3G45260	-0.3474	-0.5673	0.4702
AT3G45300	-0.022	-0.736	0.3462
AT3G45310	-0.3431	-0.0108	-0.1973
AT3G45400	-0.1644	-0.1496	-0.0649
AT3G45410	-0.0593	0.4947	-0.3781
AT3G45420	-0.1202	-0.1134	-0.0568
AT3G45430	-0.0165	0.0409	0.0951
AT3G45590	0.2107	-0.1292	0.2454
AT3G45600	-0.2435	0.1071	-0.2741
AT3G45610	0.1454	-0.2861	0.0472
AT3G45620	0.008	0.3107	0.0816
AT3G45630	0.0546	0.0212	-0.0279
AT3G45640	0.0126	0.8822	0.2485
AT3G45650	-0.1616	0.6126	-0.5238
AT3G45680	-0.3989	0.3444	0.8062
AT3G45700	-0.1341	-0.2025	0.022
AT3G45730	0.064	-0.4284	0.0117
AT3G45740	-0.1443	-0.2489	0.3605
AT3G45750	-0.0259	-0.1777	0.2572
AT3G45770	0.0091	-0.4135	0.3539
AT3G45780	0.2054	0.0749	0.1358
AT3G45830	0.0501	-0.1288	0.1295
AT3G45850	0.0691	0.2382	0.4093
AT3G45880	0.1142	-0.0932	0.1856
AT3G45890	-0.1124	-0.2787	0.1781
AT3G45900	-0.0198	-0.2733	0.0542
AT3G45930	-0.2034	0.0063	-0.1999
AT3G45960	-0.0097	0.9429	0.5269
AT3G45970	-0.3085	-0.4937	0.1845
AT3G45980	-0.1617	0.0495	0.0314
AT3G46000	-0.3802	-0.3576	-0.0771
AT3G46010	-0.2222	0.3051	-0.0566
AT3G46020	-0.057	-0.0131	0.1378
AT3G46030	-0.258	0.0884	-0.1396
AT3G46040	-0.0335	0.0137	0.0465
AT3G46060	-0.1537	0.2045	0.0814
AT3G46100	0.005	0.4383	0.0505
AT3G46110	-0.4562	1.2047	0.1598
AT3G46130	-0.2565	-0.0522	-0.141
AT3G46180	-0.1206	0.4795	0.1856
AT3G46200	-0.1643	0.4755	0.1233
AT3G46210	-0.1852	-0.1003	0.1344
AT3G46220	0.1322	0.3206	0.1927
AT3G46280	0.1134	0.6333	0.1529
AT3G46290	-0.1292	0.1738	-0.1663
AT3G46320	-0.2228	-0.1622	-0.198
AT3G46430	-0.2701	0.1956	-0.1297
AT3G46440	-0.2294	-0.1364	0.018
AT3G46450	-0.2645	-0.1959	-0.0899
AT3G46460	-0.1299	0.2252	-0.032
AT3G46510	-0.0677	0.0394	-0.0832
AT3G46530	0.5179	0.6129	-0.4541
AT3G46540	-0.5448	0.6504	-0.0145
AT3G46550	-0.1825	0.3223	0.0747
AT3G46560	-0.1797	0.4285	-0.2269
AT3G46580	-0.2346	-0.3419	0.0976
AT3G46590	0.0461	-0.1303	0.2484
AT3G46600	0.1277	-0.0448	0.0146
AT3G46610	-0.0955	-0.2304	0.0326
AT3G46620	-0.0127	0.2749	-0.2698
AT3G46630	-0.4356	-0.0704	-0.2708
AT3G46640	-0.4359	-0.3631	-0.4129
AT3G46668	0.1851	-0.0381	0.0993
AT3G46700	-0.2265	-0.9182	-0.0862
AT3G46740	0.0068	0.2621	0.0605
AT3G46780	0.4788	0.0605	-0.4354
AT3G46790	-0.1104	-0.1538	0.09
AT3G46820	-0.177	0.3531	0.0374
AT3G46830	-0.0622	0.6635	-0.1817
AT3G46845	0.0421	0.4789	0.0768
AT3G46870	-0.1585	-0.0932	0.1519
AT3G46900	-0.2236	-0.6743	-0.3989
AT3G46920	0.1295	-0.314	0.2652
AT3G46930	0.1308	0.2004	-0.1426
AT3G46940	-0.3363	-0.1981	-0.1689
AT3G46950	-0.3975	0.0726	0.1057
AT3G46960	0.1162	0.1462	0.2152
AT3G46970	0.1157	-0.8482	0.1655
AT3G46980	0.1036	0.0481	0.1702
AT3G46990	-0.1959	-0.1842	0.4768
AT3G47000	-0.3915	-0.2033	0.0657
AT3G47010	-0.1316	-0.1877	0.3216
AT3G47060	-0.027	0.0226	-0.0767
AT3G47070	-0.0443	-0.4554	-0.1393
AT3G47080	-0.3504	-0.1345	-0.0449
AT3G47120	0.0515	-0.1586	0.0857
AT3G47160	-0.016	-0.358	0.1117
AT3G47290	-0.0828	0.2825	0.1199
AT3G47300	-0.0496	-0.0764	-0.2056
AT3G47340	1.1078	-1.9131	0.6643
AT3G47360	0.0574	0.1706	0.2646
AT3G47370	0.0444	0.5086	-0.0756
AT3G47380	0.3757	0.2187	0.3453
AT3G47390	0.0002	0.134	0.3197
AT3G47400	-0.0792	0.2856	-0.1098
AT3G47420	-0.1192	0.033	-0.6636
AT3G47450	-0.0226	0.5108	0.061
AT3G47460	-0.4679	-0.1688	0.464
AT3G47470	-0.021	-0.2594	-0.3324
AT3G47490	-0.1995	-0.2193	0.0078
AT3G47500	-1.0073	-0.8633	-0.5991
AT3G47510	0.4948	0.8124	0.6931
AT3G47520	-0.1462	0.5216	-0.0283
AT3G47530	-0.1823	0.2138	0.1288
AT3G47540	0.3359	0.5435	-0.0214
AT3G47550	-0.1532	-0.0557	-0.045
AT3G47560	-0.194	0.3001	0.0223
AT3G47570	0.2801	0.8419	0.1833
AT3G47590	-0.0882	0.694	0.0924
AT3G47600	0.474	-0.08	0.1541
AT3G47610	-0.0869	-0.8801	0.2682
AT3G47620	-0.548	-0.5093	0.0851
AT3G47630	0.0155	-0.0195	0.2363
AT3G47640	-0.3792	-0.1006	-0.1046
AT3G47650	-0.3875	0.1089	0.0322
AT3G47670	-0.3544	0.3811	-0.273
AT3G47690	-0.052	0.8205	0.0999
AT3G47700	-0.0421	-0.2992	0.1686
AT3G47730	-0.0044	-0.1158	-0.0197
AT3G47780	-0.0364	0.4924	-0.1258
AT3G47800	0.1848	-0.0226	0.1472
AT3G47810	-0.0015	0.4473	0.0367
AT3G47820	-0.1939	0.2731	-0.2324
AT3G47830	-0.03	0.2751	0.115
AT3G47833	-0.2589	-0.0455	-0.2755
AT3G47836	-0.1065	0.0865	-0.1218
AT3G47850	-0.0229	0.1032	-0.032
AT3G47860	-0.1042	-0.5314	-0.1981
AT3G47890	0.1451	0.0111	0.3959
AT3G47910	0.3032	0.0639	0.271
AT3G47930	0.0502	0.6348	0.2374
AT3G47940	-0.0527	-0.0351	-0.045
AT3G47950	-0.1611	-0.0421	-0.1701
AT3G47960	0.0478	1.3277	-0.1853
AT3G47965	-0.4202	-0.51	-0.0722
AT3G47980	0.0276	0.761	0.0693
AT3G47990	-0.1681	0.3425	0.1602
AT3G48000	0.3265	-0.1314	0.2261
AT3G48020	0.176	0.1862	-0.2176
AT3G48030	-0.1414	-0.4168	-0.1835
AT3G48040	-0.3233	0.016	0.0975
AT3G48050	0.1914	-0.1179	-0.0296
AT3G48060	0.2537	-0.2253	0.1248
AT3G48070	0.0376	0.0949	0.0191
AT3G48090	-0.0572	0.4818	0.1735
AT3G48100	-0.0066	1.0902	0.177
AT3G48110	0.0487	0.3144	0.1777
AT3G48115	0.0046	-0.2702	-0.1908
AT3G48120	0.3189	0.3715	0.0341
AT3G48140	-0.0581	0.1496	-0.2238
AT3G48150	-0.1889	-0.2142	0.0725
AT3G48160	-0.3145	-0.7206	0.0869
AT3G48170	-0.1274	-0.2671	0.2208
AT3G48185	0.0164	-0.0886	-0.0953
AT3G48187	-0.3263	-0.166	0.2905
AT3G48190	0.0677	-0.0341	0.0883
AT3G48195	0.1527	0.2894	-0.0653
AT3G48210	-0.2785	-0.2193	0.1753
AT3G48250	-0.2392	0.0015	0.1052
AT3G48260	0.2547	1.6304	0.3921
AT3G48320	-0.2755	-0.6744	-0.1309
AT3G48330	0.0014	0.3531	0.2076
AT3G48340	-0.3564	0.2129	0.3595
AT3G48350	-1.0502	-0.1795	0.2844
AT3G48360	0.3192	-2.0141	0.3923
AT3G48380	-0.0358	-0.596	0.2944
AT3G48410	-0.1748	0.1694	-0.1016
AT3G48420	0.2333	0.1656	0.0091
AT3G48425	-0.3196	-0.0568	0.2767
AT3G48430	0.1314	0.2033	0.2308
AT3G48440	-0.1131	0.3751	0.2549
AT3G48460	0.4613	0.4732	0.2005
AT3G48470	-0.11	0.047	0.1281
AT3G48480	-0.2185	-0.2555	0.0843
AT3G48490	-0.2469	-0.2515	0.0158
AT3G48500	-0.1762	0.0135	0.5737
AT3G48510	0.6802	-0.5351	-0.1541
AT3G48530	-0.1974	-0.7828	-0.133
AT3G48540	-0.2002	-0.2875	0.3061
AT3G48550	0.1391	0.0122	0.3057
AT3G48560	0.3054	-0.3329	0.1401
AT3G48570	0.0931	0.516	-0.2037
AT3G48590	-0.0133	0.0983	0.0375
AT3G48600	-0.0043	0.4926	0.4119
AT3G48610	-0.1772	0.7298	0.1995
AT3G48670	-0.1365	-0.1897	0.3558
AT3G48680	-0.2143	-0.4372	0.0953
AT3G48690	-0.1185	-1.0848	-0.0197
AT3G48700	0.4628	0.3847	-0.1683
AT3G48710	-0.2459	-0.3217	0.3989
AT3G48730	-0.221	0.3693	-0.1819
AT3G48740	-1.0277	-0.6449	0.2528
AT3G48750	-0.1228	-0.166	0.1273
AT3G48760	-0.1196	0.3764	-0.0783
AT3G48780	-0.0191	-0.1444	0.1413
AT3G48800	-0.078	-0.148	0.1508
AT3G48810	-0.3245	-0.3222	0.1071
AT3G48820	-0.0238	0.3731	0.2924
AT3G48830	-0.1189	0.3378	0.1853
AT3G48860	0.1572	0.2391	0.133
AT3G48870	-0.0934	-0.451	0.1878
AT3G48880	0.0497	0.0426	-0.0787
AT3G48890	-0.267	-0.0072	-0.1472
AT3G48900	-0.2675	-0.4246	-0.1038
AT3G48930	-0.0304	0.2559	-0.1304
AT3G48970	0.08	0.4207	-0.0678
AT3G48980	0.002	0.6274	0.4727
AT3G48990	-0.1324	0.1876	-0.1185
AT3G49000	-0.1584	-0.0458	0.1039
AT3G49010	0.0486	0.2782	0.0169
AT3G49050	-0.2504	0.0783	0.3191
AT3G49060	-0.1574	-0.0861	0.0618
AT3G49080	0.062	0.3881	0.0929
AT3G49100	-0.0451	0.1182	-0.0849
AT3G49120	-0.5993	-0.591	-0.2394
AT3G49140	-0.1364	-0.3192	0.1453
AT3G49142	-0.1319	-0.5543	0.3378
AT3G49170	-0.0647	-0.1145	0.4235
AT3G49180	-0.3549	-0.3349	0.2608
AT3G49210	0.3085	0.9196	-0.0718
AT3G49220	-0.1866	0.7564	-0.0058
AT3G49250	-0.0643	0.2745	0.2711
AT3G49290	-0.1215	0.2882	0.5222
AT3G49310	-0.1223	-0.0678	0.2337
AT3G49320	-0.2891	0.2839	0.307
AT3G49350	-0.0165	0.2097	0.1537
AT3G49360	0.1593	-0.1821	-0.0707
AT3G49370	-0.0079	-0.2113	-0.0102
AT3G49390	-0.1085	0.5767	0.122
AT3G49400	-0.1656	-0.2426	0.2297
AT3G49410	-0.0708	0.264	0.3537
AT3G49420	0.047	0.0644	0.4155
AT3G49430	0.0149	0.4087	0.1838
AT3G49470	-0.0284	-0.0018	0.1026
AT3G49490	-0.0919	-0.1412	0.1912
AT3G49500	0.0484	-0.1297	0.3151
AT3G49510	-0.2791	-0.1038	-0.1309
AT3G49530	-0.1188	0.3751	-0.0054
AT3G49550	0.0227	-0.144	0.1802
AT3G49560	-0.0306	0.5108	0.1005
AT3G49570	0.4205	0.5993	-0.1187
AT3G49580	0.2648	0.1664	0.2087
AT3G49590	-0.0605	0.0432	-0.0167
AT3G49600	0.0582	0.3472	0.1744
AT3G49601	0.0945	-0.0035	0.3101
AT3G49640	-0.0962	-0.1513	0.4565
AT3G49645	0.1525	0.1849	0.3725
AT3G49650	-0.1754	-0.141	0.1197
AT3G49660	-0.0108	0.4046	0.0359
AT3G49670	-0.2079	0.5758	0.1241
AT3G49680	-0.2177	0.6085	0.1207
AT3G49710	-0.2991	-0.4244	0.3986
AT3G49720	0.0603	0.94	0.0834
AT3G49725	-0.1659	0.3648	0.2693
AT3G49730	-0.333	-0.0028	0.4755
AT3G49750	-0.5053	0.3262	0.0384
AT3G49780	0.0127	-0.1545	-0.19
AT3G49790	0.1411	-0.8209	-0.1487
AT3G49800	-0.1853	-0.0919	0.0472
AT3G49810	-0.0534	-0.3193	0.2835
AT3G49840	-0.4133	-0.196	0.251
AT3G49850	-0.1435	0.1409	0.2572
AT3G49870	-0.274	-0.3905	-0.1016
AT3G49880	-0.1984	0.1603	-0.014
AT3G49890	-0.1527	0.3363	0.359
AT3G49900	-0.2321	-0.4747	-0.0266
AT3G49910	0.0058	0.0492	0.1147
AT3G49920	-0.015	0.4007	0.3253
AT3G49940	-0.2953	0.642	-0.2703
AT3G49990	-0.1153	0.1113	0.2405
AT3G50000	-0.0332	0.0145	0.0389
AT3G50010	0.1231	-0.2325	0.3665
AT3G50040	0.1366	0.6476	0.2816
AT3G50050	-0.0768	0.4513	0.3176
AT3G50060	0.3281	0.5106	0.3277
AT3G50070	-0.1883	-0.128	0.0304
AT3G50080	0.1073	-0.1402	0.1416
AT3G50100	-0.4151	0.0976	0.3254
AT3G50110	0.0349	0.7767	0.3188
AT3G50210	-0.0924	0.1413	0.0791
AT3G50240	0.092	0.0307	0.3616
AT3G50260	-0.2461	-0.2166	0.1389
AT3G50300	-0.4495	0.2058	-0.2054
AT3G50340	0.3049	1.212	-0.0385
AT3G50350	0.3835	1.3056	-0.0644
AT3G50360	-0.123	0.7996	0.1894
AT3G50370	0.275	-0.3329	0.0939
AT3G50380	0.2083	0.1915	0.1505
AT3G50400	-0.4748	0.6801	0.0196
AT3G50410	-0.8375	-0.4025	0.0861
AT3G50420	-0.1614	-0.1705	0.3456
AT3G50430	-0.2637	0.1315	0.3094
AT3G50500	-0.3597	-0.2515	-0.0924
AT3G50520	-0.1291	0.0818	0.0684
AT3G50530	-0.4954	0.5947	0.0378
AT3G50550	-0.2671	0.1738	-0.0422
AT3G50590	0.0991	0.2225	0.0614
AT3G50620	-0.3746	0.0985	0.1144
AT3G50630	-0.2967	0.3257	-0.2332
AT3G50650	0.2242	0.7635	0.1118
AT3G50660	-0.2032	0.3119	-0.2714
AT3G50670	0.0089	0.3473	0.2634
AT3G50685	-0.2264	0.1482	0.2267
AT3G50690	-0.0554	0.1887	0.0661
AT3G50700	-0.5868	-0.6917	0.4325
AT3G50740	0.0953	0.762	-0.4844
AT3G50750	0.1168	-0.1624	-0.0972
AT3G50760	-0.4338	0.2184	0.0431
AT3G50770	-0.3789	-0.0151	-0.0985
AT3G50780	-0.4302	0.0973	-0.2897
AT3G50790	-0.2194	-0.1295	0.0825
AT3G50800	0.0754	0.9058	-0.215
AT3G50810	-0.1512	0.331	-0.1286
AT3G50820	0.0625	0.5341	-0.7223
AT3G50830	-0.281	0.5347	-0.292
AT3G50840	-0.2662	-0.2671	-0.0725
AT3G50845	-0.0753	0.4726	0.2141
AT3G50850	-0.1508	0.0222	-0.0723
AT3G50860	-0.2449	0.2832	-0.0459
AT3G50870	-0.0613	-0.4543	0.1812
AT3G50880	-0.0693	0.4811	-0.064
AT3G50900	-0.0173	0.246	-0.1126
AT3G50910	-0.0576	0.1832	0.0865
AT3G50920	0.0571	0.2837	0.0343
AT3G50930	0.3108	0.204	0.0911
AT3G50950	-0.0371	-0.369	-0.099
AT3G50960	-0.3049	0.113	0.1201
AT3G50970	-0.4828	-0.1862	-0.3122
AT3G51000	-0.3257	-0.3933	0.3341
AT3G51010	0.0095	0.2343	0.0641
AT3G51030	-0.1507	-0.0938	0.0218
AT3G51040	-0.1596	0.0144	-0.055
AT3G51050	0.0132	0.2902	-0.0827
AT3G51060	-0.1961	0.632	0.0375
AT3G51080	-0.0401	-0.5643	0.14
AT3G51090	-0.2029	-0.3537	0.0696
AT3G51100	-0.0041	0.0704	0.1398
AT3G51110	-0.0547	-0.2411	0.1822
AT3G51120	0.2765	0.1938	0.1324
AT3G51130	0.0058	0.2991	0.0746
AT3G51140	-0.0135	0.1478	0.0709
AT3G51150	0.0487	0.125	0.0644
AT3G51160	-0.0624	0.8616	-0.2944
AT3G51180	0.1328	0.412	-0.0402
AT3G51230	-0.4453	-0.4352	0.035
AT3G51238	-0.2171	0.3112	-0.7832
AT3G51240	-0.3032	-0.0101	-0.4409
AT3G51250	-0.3051	0.178	0.0465
AT3G51260	-0.1899	0.4346	0.0288
AT3G51270	-0.1085	-0.0765	0.312
AT3G51280	-0.4383	-0.9669	0.1794
AT3G51290	-0.219	-0.436	0.3109
AT3G51300	-0.3994	0.0896	-0.0709
AT3G51310	-0.1298	0.2662	0.3187
AT3G51320	-0.0216	0.1319	0.2521
AT3G51330	-0.465	-1.0868	-0.3591
AT3G51340	-0.0025	-0.2779	0.1625
AT3G51350	0.0072	0.0391	-0.7247
AT3G51370	-0.1829	-0.1943	0.0608
AT3G51380	0.0969	0.3275	-0.2801
AT3G51390	-0.1248	-0.2288	0.1771
AT3G51420	0.1667	-0.3704	-0.6295
AT3G51430	-0.0522	0.3484	0.1016
AT3G51440	0.2859	0.1324	0.0375
AT3G51450	-0.4065	-0.4056	0.2986
AT3G51460	-0.0242	0.3583	0.0578
AT3G51470	0.0043	0.736	-0.1054
AT3G51480	-0.4623	-0.0127	0.1083
AT3G51500	-0.1682	-0.2874	-0.1181
AT3G51510	0.2461	-0.5712	-0.2117
AT3G51520	-0.2157	-0.3495	-0.038
AT3G51530	-0.1535	-0.1833	0.2766
AT3G51550	-0.1064	0.2478	-0.0822
AT3G51580	-0.1002	0.386	0.0729
AT3G51600	-0.0078	1.5299	1.7351
AT3G51610	-0.0466	-0.1822	0.1494
AT3G51620	0.2593	0.2187	0.081
AT3G51630	-0.2888	0.154	0.2042
AT3G51640	0.1696	0.0439	0.1561
AT3G51650	0.0858	0.0154	0.0335
AT3G51660	-0.2047	0.2617	0.1631
AT3G51670	-0.2879	0.5051	0.1499
AT3G51710	-0.4821	-0.0535	0.2364
AT3G51720	-0.6454	-0.2805	0.176
AT3G51730	-0.2161	-0.3224	-0.4213
AT3G51740	-0.4115	-0.6644	0.1143
AT3G51750	0.2159	0.4609	-0.2165
AT3G51770	0.091	0.0628	-0.0938
AT3G51780	-0.0675	0.2988	0.0207
AT3G51790	-0.0598	0.3125	0.0816
AT3G51800	0.0095	0.2595	0.1614
AT3G51820	-0.2796	0.4325	-0.1009
AT3G51830	0.0096	0.2314	0.0629
AT3G51840	-0.1569	-0.9823	0.0564
AT3G51850	-0.3132	-0.0748	0.0941
AT3G51860	0.1483	-0.2493	-0.0272
AT3G51870	0.03	0.4765	0.3361
AT3G51880	-0.0239	0.0711	0.0943
AT3G51890	-0.0487	0.2872	0.123
AT3G51910	0.3836	-0.0445	0.3491
AT3G51920	-0.2751	-0.0243	-0.0243
AT3G51930	-0.3946	-0.1901	0.0283
AT3G51940	0.0523	0.0263	0.2141
AT3G51950	-0.2314	0.0677	0.1245
AT3G51960	-0.4338	0.0253	0.0295
AT3G51970	0.0071	0.6857	-0.4187
AT3G51980	-0.1373	0.3083	-0.03
AT3G51990	-0.1933	-0.0333	-0.2007
AT3G52030	-0.3169	-0.0597	0.2577
AT3G52040	-0.2511	0.6738	-0.0342
AT3G52050	-0.1298	-0.0086	0.2254
AT3G52060	-0.549	-1.4023	-0.042
AT3G52070	0.0201	-0.9664	0.0592
AT3G52072	-0.1147	0.1537	0.2509
AT3G52090	-0.1088	-0.0198	0.0081
AT3G52100	0.0747	0.1578	0.2213
AT3G52105	-0.2919	-0.6615	-0.2786
AT3G52110	-0.5107	-0.7629	0.2758
AT3G52115	-0.4009	-0.1206	0.221
AT3G52120	0.015	0.2148	0.1413
AT3G52140	0.1269	-0.1925	0.2932
AT3G52150	-0.1456	0.2652	0.0874
AT3G52155	0.0135	0.1855	0.1155
AT3G52170	-0.0844	0.2833	0.4047
AT3G52180	-0.1946	-0.4323	0.2841
AT3G52190	0.1234	0.4113	-0.2788
AT3G52200	-0.3686	0.0581	-0.127
AT3G52210	-0.2217	-0.3849	0.266
AT3G52220	-0.1974	0.1915	0.0438
AT3G52230	-0.0263	-0.1876	-0.0412
AT3G52240	-0.1517	-0.4499	0.1271
AT3G52250	0.2224	-0.2739	0.0736
AT3G52260	0.0852	0.0886	0.3639
AT3G52280	0.1451	0.1402	0.2527
AT3G52290	0.6231	0.611	0.4242
AT3G52300	-0.1778	0.068	-0.0413
AT3G52340	0.3182	1.2109	0.2568
AT3G52360	-0.1817	-0.6199	-0.1921
AT3G52370	-0.1852	0.6698	-0.166
AT3G52380	-0.0338	0.4715	0.267
AT3G52390	0.0294	0.5027	0.3822
AT3G52400	-0.1859	-0.0085	0.0164
AT3G52420	-0.0473	0.0666	-0.0823
AT3G52430	-0.5492	-0.4969	-0.099
AT3G52450	-0.1618	-0.1345	-0.4287
AT3G52460	-0.0631	0.335	-0.3546
AT3G52470	-0.083	0.8412	-0.1306
AT3G52480	0.2567	-0.5863	-0.037
AT3G52490	0.3951	-0.3486	0.2259
AT3G52500	-0.4124	0.3445	0.0386
AT3G52540	-0.6245	-1.1018	-0.1353
AT3G52550	-0.668	-0.6817	-0.1755
AT3G52560	-0.2236	0.0395	-0.2489
AT3G52570	0.2104	0.5419	0.0812
AT3G52580	0.0687	0.0695	0.0245
AT3G52590	0.0522	0.156	0.0096
AT3G52605	-0.3235	0.0777	-0.0625
AT3G52610	-0.1639	0.0741	0.0277
AT3G52630	-0.4189	-0.2028	-0.0662
AT3G52640	-0.0878	0.2224	0.0535
AT3G52660	-0.0831	0.0189	0.1949
AT3G52710	-0.2715	0.4978	-0.3547
AT3G52720	-0.1126	0.0879	0.4099
AT3G52730	-0.2195	0.0719	-0.16
AT3G52740	-0.9486	-0.3774	-1.1028
AT3G52750	-0.2955	0.0896	0.1583
AT3G52760	0.034	0.1996	-0.0186
AT3G52770	0.009	-0.2923	0.1977
AT3G52800	-0.1205	0.777	-0.5525
AT3G52840	-0.2421	0.0752	0.0877
AT3G52850	0.0813	-0.2192	0.3065
AT3G52860	-0.0578	0.0428	0.1973
AT3G52870	-0.3774	-0.1586	-0.27
AT3G52880	-0.4173	0.2568	-0.1349
AT3G52890	0.2339	0.0721	0.1213
AT3G52900	-0.5118	0.1556	0.1489
AT3G52905	0.0328	0.2827	0.2626
AT3G52910	-0.1114	-0.9193	0.348
AT3G52920	-0.5074	0.0461	-0.1033
AT3G52930	-0.2251	0.4714	-0.2892
AT3G52940	0.4804	1.6814	0.0078
AT3G52950	0.1405	1.2375	-0.1462
AT3G52960	-0.043	0.4333	-0.0451
AT3G52990	-0.2371	0.214	-0.0918
AT3G53000	-0.4743	-0.1842	-0.1015
AT3G53020	-0.0649	0.4713	0.0083
AT3G53030	-0.028	-0.0126	0.2361
AT3G53090	-0.2797	-0.1825	0.2209
AT3G53100	-0.238	0.0791	0.1377
AT3G53110	-0.2052	-0.1377	0.0409
AT3G53120	-0.1149	0.247	-0.1777
AT3G53130	-0.343	0.0081	-0.3037
AT3G53170	-0.1116	-0.0998	0.2214
AT3G53180	0.0844	-0.5258	0.2074
AT3G53190	-0.5881	-0.7884	0.347
AT3G53210	0.2484	-0.2387	-0.1417
AT3G53220	-0.0311	0.5426	0.2134
AT3G53230	0.8718	0.4354	-0.3829
AT3G53240	-0.0989	-0.021	0.2043
AT3G53260	-0.6714	-0.3654	-0.2138
AT3G53270	-0.2309	0.0229	0.2626
AT3G53320	-0.2233	-0.1874	0.0688
AT3G53340	-0.2917	-0.4341	-0.1303
AT3G53350	-0.5816	0.2587	0.3746
AT3G53360	-0.1365	-0.1994	0.2785
AT3G53370	0.2357	0.0001	-0.0701
AT3G53380	-0.0519	0.3098	0.2479
AT3G53390	-0.0372	0.1659	0.1816
AT3G53400	-0.0339	0.4476	0.1891
AT3G53410	0.0785	0.15	-0.1485
AT3G53420	-0.9285	-0.4817	-0.7651
AT3G53430	0.0764	0.3012	-0.0987
AT3G53440	-0.1345	0.1519	0.1338
AT3G53460	0.0359	-0.0977	0.0229
AT3G53470	0.0194	-0.0333	-0.3238
AT3G53480	0.371	-0.294	-0.208
AT3G53490	-0.1203	-0.1771	0.1195
AT3G53500	-0.0182	-0.0126	0.0761
AT3G53510	-0.6671	-0.3778	0.0262
AT3G53520	-0.0009	0.6701	-0.0427
AT3G53530	0.028	-0.151	0.2159
AT3G53540	-0.1633	-0.0832	0.4236
AT3G53560	-0.1599	0.4461	0.2262
AT3G53570	-0.1136	0.1914	-0.0051
AT3G53580	-0.0109	0.4456	-0.0186
AT3G53610	-0.1442	0.1725	0.1774
AT3G53620	-0.1996	0.7674	-0.0582
AT3G53630	-0.2373	-0.3295	0.0661
AT3G53670	-0.0315	0.4269	0.1733
AT3G53680	0.1332	-0.5056	0.1938
AT3G53700	-0.1762	0.0435	-0.0626
AT3G53710	-0.1166	0.0391	0.278
AT3G53730	0.0431	0.4562	-0.1419
AT3G53740	0.0153	-0.0448	0.0543
AT3G53750	-0.1575	0.2758	0.0782
AT3G53760	-0.1413	0.0902	0.2436
AT3G53780	-0.2909	0.289	-0.2142
AT3G53810	-0.1825	0.1398	-0.0106
AT3G53830	-0.4869	-0.5879	-0.0295
AT3G53840	0.0436	0.091	0.1052
AT3G53850	-0.0235	-0.1512	0.0087
AT3G53860	-0.0825	0.1158	0.099
AT3G53870	0.0858	0.4995	-0.0539
AT3G53880	-0.2388	0.098	0.2081
AT3G53890	-0.0328	0.3627	-0.1452
AT3G53900	0.0114	0.3648	0.2144
AT3G53920	-0.1219	-0.2411	0.195
AT3G53930	-0.0	0.114	0.1163
AT3G53940	-0.0585	0.1308	0.2544
AT3G53950	-0.4925	-0.2916	-0.0024
AT3G53960	-0.2121	-0.4594	0.4283
AT3G53970	0.0462	0.2921	0.0171
AT3G53980	0.4479	1.8676	-0.5317
AT3G53990	0.1394	0.3662	-0.1469
AT3G54000	1.0244	1.6156	0.0085
AT3G54010	-0.1044	0.5165	0.2365
AT3G54020	-0.1849	0.8416	0.0952
AT3G54030	-0.3383	0.6291	-0.1386
AT3G54040	-0.1044	0.0872	0.6155
AT3G54050	0.5317	0.1256	-0.6268
AT3G54080	-0.1069	0.1786	0.0892
AT3G54085	-0.203	-0.1987	-0.3369
AT3G54090	-0.2543	0.2587	0.3132
AT3G54100	0.0378	0.1914	0.2247
AT3G54110	-0.208	0.1839	0.0633
AT3G54120	-0.1267	0.1722	-0.0869
AT3G54130	0.0453	0.1508	0.1002
AT3G54140	-0.3344	0.1894	-0.0281
AT3G54150	0.8877	-0.1268	0.3264
AT3G54160	0.088	0.2188	0.0516
AT3G54170	-0.1636	0.3471	0.3409
AT3G54180	-0.4215	-0.408	0.1154
AT3G54190	-0.1133	-0.0652	0.1662
AT3G54200	-0.244	0.5296	-0.2608
AT3G54210	-0.1182	-0.1443	-0.0448
AT3G54220	0.1076	0.0148	-0.2467
AT3G54230	0.3599	0.0446	0.3086
AT3G54250	0.1345	0.5209	0.2145
AT3G54260	-0.8943	-0.9251	0.617
AT3G54270	-0.138	0.0183	0.0453
AT3G54280	0.1022	-0.1078	0.1278
AT3G54290	-0.1577	0.1111	0.0041
AT3G54300	-0.0392	0.3054	-0.1196
AT3G54320	0.1714	0.4012	0.148
AT3G54350	-0.0516	-0.2326	0.1986
AT3G54360	-0.1591	-0.0103	-0.0117
AT3G54363	0.0005	-0.5838	-0.1039
AT3G54366	-0.1041	-0.4054	-0.2351
AT3G54380	-0.0641	-0.1795	0.2204
AT3G54390	-0.1395	0.3982	0.0767
AT3G54400	0.5673	1.9057	0.1103
AT3G54420	0.3049	0.7908	-0.5274
AT3G54430	0.0599	0.548	0.2018
AT3G54440	-0.0369	-0.1643	0.188
AT3G54460	-0.0247	-0.1793	0.2821
AT3G54470	-0.1323	0.1865	0.0907
AT3G54480	-0.0757	0.0723	0.184
AT3G54500	-0.3348	-0.1829	-0.0855
AT3G54510	0.3889	0.1009	0.2386
AT3G54540	0.1165	-0.1021	0.1466
AT3G54560	-0.4016	-0.6016	-0.1541
AT3G54580	0.2742	0.3079	-0.3517
AT3G54600	-0.9139	-0.5852	-0.1248
AT3G54610	-0.1418	0.1287	0.4116
AT3G54620	-0.2342	0.1669	0.0244
AT3G54625	-0.531	-0.772	0.1333
AT3G54640	-0.2389	0.4169	0.0001
AT3G54650	-0.0605	-0.34	0.3328
AT3G54660	-0.1491	-0.1561	-0.0444
AT3G54670	-0.042	-0.0027	0.2271
AT3G54680	0.1658	0.2376	0.0125
AT3G54690	-0.067	0.2063	0.2402
AT3G54710	-0.6634	-0.7801	0.3755
AT3G54720	-0.1548	-0.1823	0.2334
AT3G54740	-0.262	-0.6472	0.2182
AT3G54750	-0.3146	0.0964	0.1169
AT3G54760	0.0545	0.1511	0.3508
AT3G54770	0.5287	0.5036	0.1945
AT3G54780	-0.0707	0.2361	0.0327
AT3G54790	-0.1115	0.1094	0.0445
AT3G54810	0.0212	0.6375	0.1982
AT3G54820	-0.6118	0.0858	0.3769
AT3G54826	0.0025	0.1328	-0.0066
AT3G54840	-0.1714	0.0606	-0.0694
AT3G54850	-0.2025	-0.5218	0.0161
AT3G54860	-0.2029	-0.1901	0.0308
AT3G54870	-0.0807	-0.1827	0.2106
AT3G54880	-0.427	-1.3639	0.1202
AT3G54890	-0.2032	0.0542	-0.2744
AT3G54900	-0.2103	-0.0355	-0.3929
AT3G54910	-0.1038	0.2633	0.4647
AT3G54920	0.0681	0.4257	0.3118
AT3G54930	-0.1978	0.1474	0.1443
AT3G54950	-0.3885	-0.4157	-0.1773
AT3G54960	0.1359	0.5713	0.1919
AT3G54970	-0.047	0.2598	0.3302
AT3G54980	-0.1409	-0.0585	-0.0057
AT3G54990	-0.1943	0.2201	-1.0104
AT3G55000	-0.0634	0.1367	0.1392
AT3G55005	-0.2683	0.342	0.0735
AT3G55010	0.03	0.6272	0.1398
AT3G55020	0.0078	0.0018	0.1197
AT3G55030	-0.0773	-0.0881	0.0862
AT3G55040	0.0038	0.3073	0.0326
AT3G55050	-0.1745	0.3439	-0.0806
AT3G55060	-0.3359	-0.3472	0.3143
AT3G55070	-0.2239	0.1468	0.1159
AT3G55080	-0.1021	-0.3507	0.3701
AT3G55090	-0.5582	-0.405	-0.0901
AT3G55120	-0.8913	-0.0197	-0.2922
AT3G55140	-0.2279	-0.1807	0.1675
AT3G55160	0.2021	-0.1079	0.3503
AT3G55170	0.0062	0.0794	0.059
AT3G55200	0.2026	0.1366	0.2686
AT3G55220	0.1441	0.0193	-0.0718
AT3G55230	-1.0262	0.639	-0.8038
AT3G55250	-0.1866	0.1759	-0.1749
AT3G55260	-0.0692	0.2606	0.1476
AT3G55270	0.0889	-0.0342	0.1417
AT3G55280	0.1266	0.4845	-0.0101
AT3G55290	-0.0631	0.2807	0.2211
AT3G55320	0.0438	0.0093	-0.2343
AT3G55330	0.1417	0.1794	-0.4165
AT3G55340	0.066	0.6096	0.1739
AT3G55350	-0.1815	0.3492	0.0846
AT3G55360	-0.1218	0.1582	-0.0154
AT3G55370	-0.0178	0.2588	-0.1025
AT3G55380	-0.0904	-0.1841	0.0072
AT3G55390	-0.3128	0.2683	0.0119
AT3G55400	-0.0518	0.425	0.2546
AT3G55410	-0.0798	0.3717	-0.0064
AT3G55420	-0.3214	0.3037	-0.1083
AT3G55430	-0.061	0.0377	-0.2247
AT3G55440	-0.198	0.5768	-0.1857
AT3G55450	-0.1939	-0.2192	-0.1794
AT3G55460	-0.0759	-0.3028	0.0031
AT3G55470	0.0749	0.6386	0.0637
AT3G55480	-0.1601	0.1793	0.0548
AT3G55490	-0.1859	0.3923	0.1228
AT3G55510	-0.2541	0.4572	0.3236
AT3G55520	0.0031	0.1464	-0.0293
AT3G55530	-0.1584	-0.3989	0.1246
AT3G55560	0.4795	0.4278	0.2312
AT3G55600	0.1269	0.241	0.1932
AT3G55605	-0.0325	0.6008	0.2038
AT3G55610	0.0234	-0.6574	-0.0465
AT3G55620	0.1064	0.4997	-0.0258
AT3G55640	-0.1292	0.235	0.1805
AT3G55660	-0.601	-1.1474	0.1873
AT3G55690	-0.0949	0.0816	0.0402
AT3G55720	0.6699	0.5264	0.6362
AT3G55730	0.0228	0.4292	-0.001
AT3G55740	-0.407	0.302	-0.0958
AT3G55750	0.0819	0.3554	0.0254
AT3G55760	-0.0427	0.0576	0.1044
AT3G55770	-0.1575	-0.3929	0.06
AT3G55800	0.1023	0.0623	-0.283
AT3G55820	-0.0583	0.7799	-0.0117
AT3G55830	-0.1745	0.05	0.0925
AT3G55840	0.3091	0.7507	-0.0565
AT3G55850	-0.0847	0.1923	0.2743
AT3G55880	0.1863	0.662	0.2643
AT3G55920	0.0333	0.3217	0.1167
AT3G55950	-0.047	0.4628	-0.1303
AT3G55960	-0.0415	0.4581	-0.1633
AT3G55980	0.4211	0.9816	0.0431
AT3G55990	-0.3744	0.373	-0.2162
AT3G56000	-0.4225	-0.3203	-0.1487
AT3G56010	-0.1083	-0.2365	0.0153
AT3G56020	-0.1835	0.2362	-0.3097
AT3G56030	-0.0545	0.4674	0.0211
AT3G56040	0.0824	-0.545	0.3123
AT3G56050	-0.3955	-0.3635	-0.0092
AT3G56060	-0.2279	-0.0243	-0.1936
AT3G56070	-0.1864	0.1311	0.0737
AT3G56080	-0.061	0.1031	-0.3462
AT3G56090	-0.046	-0.7655	-0.0553
AT3G56100	-0.0595	-0.677	0.0326
AT3G56110	-0.0012	0.1747	-0.043
AT3G56120	-0.2633	0.2882	0.2676
AT3G56130	-0.2556	-0.0166	-0.0035
AT3G56140	-0.2084	-0.5455	0.0746
AT3G56150	0.2074	0.121	0.0592
AT3G56160	-0.2201	0.05	0.266
AT3G56170	-0.218	0.4232	-0.1618
AT3G56190	-0.182	-0.1411	0.0115
AT3G56200	-0.0328	0.7067	-0.2171
AT3G56210	0.012	0.3623	0.0662
AT3G56240	0.1578	1.1949	-0.2656
AT3G56250	0.1045	-0.525	0.2279
AT3G56260	0.0563	0.4027	-0.0174
AT3G56270	-0.1732	0.0402	0.3994
AT3G56290	-1.1431	-0.349	-1.0854
AT3G56300	-0.1427	0.1565	0.0785
AT3G56310	-0.0781	-0.0974	-0.0169
AT3G56320	-0.0209	0.6221	0.316
AT3G56330	-0.4575	0.2141	0.1807
AT3G56340	0.1293	0.226	0.0736
AT3G56360	-0.0815	0.0693	0.1054
AT3G56370	-0.2484	-0.3079	-0.1178
AT3G56380	0.4193	1.1733	0.9547
AT3G56400	0.8042	0.449	0.2962
AT3G56408	0.2283	0.835	0.0734
AT3G56430	-0.2214	0.2972	0.1432
AT3G56440	-0.248	0.0988	-0.0715
AT3G56450	0.1474	0.107	0.3584
AT3G56460	-0.092	0.2653	0.0588
AT3G56470	-0.1759	-0.0168	-0.0045
AT3G56480	-0.1449	0.1742	-0.0731
AT3G56490	-0.0862	-0.0332	-0.0381
AT3G56510	-0.0288	0.0588	0.2317
AT3G56570	-0.1016	-0.0139	0.3327
AT3G56580	-0.042	0.4249	0.2504
AT3G56590	-0.1232	0.4252	0.1761
AT3G56620	0.3416	1.1266	0.3849
AT3G56630	0.0081	0.1934	-0.0263
AT3G56640	-0.0052	-0.0634	0.1473
AT3G56650	-0.0015	0.1786	0.0976
AT3G56680	-0.0916	-0.5473	0.1794
AT3G56690	-0.1608	-0.0655	0.3114
AT3G56720	0.0295	-0.195	0.1042
AT3G56730	-0.9169	0.0851	-0.2889
AT3G56740	-0.0573	0.2984	0.1868
AT3G56750	-0.2183	-0.2409	0.3085
AT3G56760	-0.2292	-0.0346	0.2324
AT3G56770	-0.1236	0.1468	0.2627
AT3G56800	-0.1782	0.4683	-0.228
AT3G56810	-0.094	0.0031	0.188
AT3G56820	-0.0899	0.0724	0.0364
AT3G56825	0.0609	-0.3192	-0.2836
AT3G56830	-0.0267	-0.128	0.2852
AT3G56840	-0.3479	0.0612	0.1689
AT3G56850	0.0211	-0.1917	0.1907
AT3G56860	-0.0472	-0.0845	0.0806
AT3G56870	-0.3856	-0.9148	0.357
AT3G56880	0.3143	0.2982	0.2368
AT3G56900	-0.0222	0.4833	0.0894
AT3G56910	-0.1175	-0.2719	-0.1424
AT3G56930	-0.5483	-0.2788	-0.1089
AT3G56940	-0.4621	-0.243	-0.1811
AT3G56950	-0.2741	0.3454	-0.0593
AT3G56960	-0.089	0.1541	0.5199
AT3G56970	-0.2928	2.4213	-0.1226
AT3G56980	-0.0924	2.2271	0.1044
AT3G56990	-0.0249	0.5971	0.2301
AT3G57000	-0.147	0.2186	0.2649
AT3G57010	0.0365	0.4865	-0.2018
AT3G57020	-0.5787	-1.0502	-0.4304
AT3G57030	-0.2197	0.2442	-0.0631
AT3G57040	-0.5886	-0.1908	0.0263
AT3G57050	-0.2529	-0.575	0.1673
AT3G57060	-0.1448	-0.6761	0.2273
AT3G57062	-0.3625	-0.1405	-0.4929
AT3G57070	-0.0999	0.3412	-0.1792
AT3G57080	-0.1578	-0.2892	0.0847
AT3G57090	-0.0277	0.3844	-0.2293
AT3G57120	-0.1392	0.2885	-0.1161
AT3G57140	0.1725	0.1349	0.0441
AT3G57150	-0.0325	0.471	0.3233
AT3G57160	0.1674	-0.3214	0.0315
AT3G57170	-0.1096	-0.0401	0.2716
AT3G57180	0.0484	0.0431	0.2474
AT3G57190	-0.1078	-0.436	0.238
AT3G57200	-0.0121	0.0361	0.2757
AT3G57220	0.0061	0.415	0.1395
AT3G57230	-0.1071	-0.058	0.2727
AT3G57280	0.092	0.1821	-0.0778
AT3G57290	-0.0219	-0.2509	0.1537
AT3G57300	0.1578	-0.5446	0.3529
AT3G57320	-0.2569	-0.2305	0.0487
AT3G57330	0.0554	0.4504	-0.0384
AT3G57340	-0.1139	-0.0788	-0.0441
AT3G57350	-0.0543	0.0575	0.2251
AT3G57360	0.0036	0.3955	0.1561
AT3G57390	-0.034	0.3982	-0.1214
AT3G57400	-0.229	-0.4169	0.0585
AT3G57410	0.0768	0.2468	-0.0139
AT3G57420	-0.0684	0.2327	-0.0636
AT3G57430	-0.1831	-0.4235	0.1518
AT3G57450	0.3317	0.4484	0.0681
AT3G57470	0.1273	-0.2062	0.4411
AT3G57480	-0.0164	-0.2703	0.1231
AT3G57490	0.073	0.7125	0.0194
AT3G57500	-0.4376	-0.5174	0.1021
AT3G57520	-0.4559	-2.2391	0.1774
AT3G57530	-0.2771	0.5962	-0.1758
AT3G57540	-0.8202	-0.454	-0.5686
AT3G57550	0.3208	0.8812	0.3464
AT3G57560	-0.0848	0.1326	0.0625
AT3G57570	0.1852	0.0099	0.1315
AT3G57580	0.0692	0.4131	0.2214
AT3G57590	0.1011	0.0264	0.3828
AT3G57610	0.0115	0.2967	0.0195
AT3G57630	-0.1271	-0.1206	0.053
AT3G57640	0.193	0.5654	0.153
AT3G57650	0.049	0.4173	0.1946
AT3G57660	0.0546	0.206	0.0518
AT3G57670	0.0299	-0.1086	0.5498
AT3G57710	-0.2545	0.1539	0.3153
AT3G57750	-0.185	-0.0338	-0.1062
AT3G57760	-0.0111	-0.3796	0.1458
AT3G57765	0.0841	-0.2639	-0.2101
AT3G57780	-0.2949	0.8337	0.0825
AT3G57785	-0.192	-0.315	-0.1148
AT3G57790	-0.098	0.1269	0.1394
AT3G57800	-0.0235	-0.1451	0.1016
AT3G57810	0.0781	0.5458	0.2533
AT3G57830	-0.4309	-0.5577	0.1915
AT3G57860	-0.4578	-1.1735	0.1973
AT3G57870	-0.059	0.5118	-0.1918
AT3G57880	0.3198	0.3483	-0.2369
AT3G57890	-0.1301	0.1767	0.0692
AT3G57910	-0.1182	0.0641	0.2714
AT3G57920	-0.708	0.2311	0.6236
AT3G57930	-0.1516	0.4475	0.0644
AT3G57940	0.0525	0.4247	0.4538
AT3G57965	0.0041	0.3033	0.3725
AT3G57980	0.0377	-0.3866	0.048
AT3G57990	-0.1303	0.2949	-0.1335
AT3G58010	-0.05	0.5143	-0.0905
AT3G58020	-0.1581	-0.1987	0.2918
AT3G58030	-0.1042	0.1351	0.0491
AT3G58040	-0.2244	0.256	0.0884
AT3G58050	0.1109	-0.0184	0.2554
AT3G58090	0.0161	0.2184	0.2569
AT3G58100	-0.0171	0.5448	0.1589
AT3G58110	-0.1601	-0.0676	0.2823
AT3G58120	0.2485	0.7914	0.1434
AT3G58130	0.0544	-0.0861	0.2827
AT3G58140	-0.1764	0.1942	0.1809
AT3G58160	0.1357	0.4506	0.1853
AT3G58170	-0.1098	0.2219	-0.0339
AT3G58180	-0.2326	0.1329	0.1353
AT3G58200	0.1502	0.0158	0.4472
AT3G58220	-0.1851	-0.1348	0.4373
AT3G58270	-0.0249	0.4216	-0.2072
AT3G58430	0.1135	0.2704	0.1648
AT3G58460	-0.1371	0.0776	0.0492
AT3G58470	-0.0401	-0.1166	0.0318
AT3G58490	-0.2132	-0.5902	-0.0077
AT3G58500	-0.095	-0.5284	0.1415
AT3G58510	0.0407	0.1975	0.033
AT3G58520	-0.0333	0.1767	0.3046
AT3G58530	-0.0808	-0.0192	0.1473
AT3G58550	-0.287	-0.0519	0.4602
AT3G58560	-0.1019	0.0226	0.0031
AT3G58570	0.0564	-0.1763	0.009
AT3G58580	-0.0349	0.3974	0.1349
AT3G58590	-0.2983	-0.0465	0.1495
AT3G58600	0.0351	0.599	0.1993
AT3G58610	0.105	0.5715	0.0864
AT3G58620	0.0921	0.6789	-0.0472
AT3G58630	0.0416	0.7944	0.0952
AT3G58640	-0.0266	0.0063	0.0636
AT3G58650	-0.7408	-1.1258	0.3135
AT3G58660	-0.0038	0.3511	0.0802
AT3G58670	-0.3808	-0.9066	0.2027
AT3G58680	-0.0606	-0.1901	0.1812
AT3G58690	-0.2103	0.1589	0.2583
AT3G58700	0.0669	0.2712	0.0205
AT3G58710	-0.0845	0.3725	-0.3031
AT3G58720	-0.2365	-0.2839	0.0156
AT3G58730	-0.172	0.5103	-0.3303
AT3G58750	-0.1235	-0.1028	0.0848
AT3G58760	-0.0168	0.5747	-0.0231
AT3G58780	-0.004	0.7683	0.2195
AT3G58790	-0.2487	0.8444	0.449
AT3G58800	-0.1219	0.1049	0.1671
AT3G58810	-0.2816	0.5017	-0.5279
AT3G58820	0.0704	-0.0901	0.3351
AT3G58830	0.1374	0.3775	0.1843
AT3G58840	-0.0174	0.1938	0.2709
AT3G58850	0.3069	0.7797	-0.0406
AT3G58875	0.1206	0.677	-0.0804
AT3G58900	-0.0186	0.3949	0.247
AT3G58930	-0.2658	-0.3471	0.2757
AT3G58940	0.0081	0.4016	0.1662
AT3G58970	-0.1669	-0.2046	0.2262
AT3G58980	-0.3522	-0.3284	0.0266
AT3G58990	-0.8138	-0.8227	-0.1426
AT3G59000	-0.1995	-0.1956	0.0506
AT3G59020	0.0368	0.0584	-0.0202
AT3G59040	-0.1967	-0.1253	0.1768
AT3G59050	-0.2344	0.6518	-0.1261
AT3G59068	-0.0519	0.159	-0.2957
AT3G59080	-0.0553	0.2078	0.0966
AT3G59090	-0.0172	0.1073	0.2771
AT3G59100	0.1815	0.1582	0.1117
AT3G59110	-0.1275	0.0395	0.2291
AT3G59140	0.2292	-0.2232	0.1733
AT3G59150	-0.1348	-0.3685	-0.024
AT3G59200	-0.2028	-0.3823	0.0045
AT3G59210	-0.0487	-0.0769	-0.156
AT3G59220	-0.2579	0.1321	0.1403
AT3G59280	0.0243	0.4181	0.0138
AT3G59290	0.1629	0.4434	0.2919
AT3G59300	-0.0105	0.3307	0.1472
AT3G59310	0.3835	1.1701	0.6819
AT3G59320	-0.0851	0.6184	0.1361
AT3G59330	-0.2307	-0.3491	0.3138
AT3G59340	-0.8944	-1.1935	0.0439
AT3G59350	-0.0487	0.077	-0.2275
AT3G59360	-0.1503	0.2208	0.1156
AT3G59380	-0.0973	-0.238	0.0123
AT3G59390	-0.0761	0.1493	0.1246
AT3G59400	-0.3306	0.3287	-0.4302
AT3G59410	0.1448	0.1415	0.1288
AT3G59420	-0.0288	-0.3012	0.2104
AT3G59430	-0.104	-0.1034	0.1867
AT3G59470	-0.0865	-0.0023	0.2829
AT3G59490	-0.0994	-0.6769	0.2551
AT3G59500	-0.0326	0.1988	-0.0674
AT3G59520	-0.1221	-0.1598	-0.1103
AT3G59530	0.0492	0.2009	0.0283
AT3G59540	-0.0987	0.0532	-0.2316
AT3G59550	-0.4101	-0.3135	0.1943
AT3G59570	-0.0641	0.3973	0.3652
AT3G59600	0.0839	0.1616	0.1428
AT3G59630	-0.0561	-0.0336	0.2498
AT3G59640	-0.0387	-0.0589	0.0343
AT3G59650	-0.0923	0.0255	0.0241
AT3G59660	-0.1506	0.4414	0.2575
AT3G59670	-0.1061	0.3267	0.0965
AT3G59680	-0.0412	0.6557	0.0551
AT3G59690	-0.1548	0.447	-0.0403
AT3G59700	-0.0257	0.1985	-0.0531
AT3G59750	-0.2802	-0.1389	-0.0064
AT3G59760	-0.3331	-0.1863	0.0508
AT3G59765	-0.426	-0.5294	0.0813
AT3G59770	0.0871	0.0336	-0.0618
AT3G59780	-0.2009	0.0609	-0.1151
AT3G59800	-0.0683	0.2518	0.3289
AT3G59810	0.0885	0.286	-0.1005
AT3G59820	0.0536	0.1436	0.4046
AT3G59840	-0.0149	0.1342	-0.0256
AT3G59870	-0.0866	0.4222	0.0797
AT3G59880	-0.3482	0.152	-0.057
AT3G59890	0.1505	0.7342	0.2794
AT3G59900	1.4606	2.4026	1.3501
AT3G59910	-0.0879	-0.003	0.0871
AT3G59920	-0.022	0.6108	0.0414
AT3G59940	0.8405	-0.9986	0.326
AT3G59950	-0.1495	0.0951	0.0638
AT3G59970	-0.2668	0.1603	0.0843
AT3G59980	0.0079	0.0203	0.1921
AT3G59990	-0.0443	0.2714	-0.027
AT3G60030	-0.0737	-0.1181	0.0098
AT3G60040	0.2256	-0.2174	0.0237
AT3G60050	-0.075	-0.1178	0.3595
AT3G60070	0.1299	0.7044	0.1661
AT3G60080	-0.2715	0.0428	-0.2391
AT3G60110	0.1259	0.4758	0.2432
AT3G60130	-0.4049	-0.2803	0.1977
AT3G60180	-0.0039	0.4216	0.1132
AT3G60190	-0.4462	-0.5032	-0.158
AT3G60200	0.1136	0.2401	-0.0779
AT3G60210	-0.1358	-0.1343	0.1555
AT3G60220	0.042	-0.5977	0.0583
AT3G60240	0.0709	0.0876	0.0527
AT3G60245	0.1638	0.5398	-0.05
AT3G60250	0.0505	0.1858	0.103
AT3G60260	-0.0997	0.293	0.1504
AT3G60286	0.196	0.4485	0.2322
AT3G60300	0.0195	-0.4859	0.2999
AT3G60310	-0.0274	0.197	0.5939
AT3G60320	0.0334	0.3409	0.2683
AT3G60330	-0.351	-0.1684	0.006
AT3G60340	-0.179	-0.3547	0.0938
AT3G60350	0.0413	0.0621	0.0878
AT3G60360	0.0272	0.4057	0.3671
AT3G60370	-0.1161	-0.0791	0.1653
AT3G60380	-0.1915	-0.1563	0.1308
AT3G60390	0.0586	-0.6334	0.1287
AT3G60400	-0.1736	-0.3935	-0.1337
AT3G60410	-0.0534	0.1204	0.1508
AT3G60440	-0.1023	1.0874	0.0226
AT3G60450	0.0588	1.0925	-0.0347
AT3G60480	-0.1029	-0.0426	0.1255
AT3G60500	0.0485	0.1384	0.1806
AT3G60510	-0.1447	-0.2047	0.2862
AT3G60520	-0.4676	0.0017	-0.1439
AT3G60530	0.3212	-0.4247	0.1686
AT3G60540	0.2371	0.8058	0.1431
AT3G60550	0.2806	0.5963	0.3821
AT3G60580	-0.2284	0.5933	-0.0376
AT3G60590	0.0504	-0.1925	0.0067
AT3G60600	0.1263	0.0488	-0.0087
AT3G60620	0.0603	0.3382	0.111
AT3G60630	-0.0371	0.3323	0.1214
AT3G60640	-0.2507	0.2818	-0.0362
AT3G60660	-0.2213	-0.06	0.2475
AT3G60670	0.3404	-0.005	-0.2606
AT3G60680	-0.2115	-0.2218	-0.1335
AT3G60690	0.0107	0.1133	-0.1224
AT3G60720	-0.2899	0.3214	-0.3405
AT3G60740	0.0359	0.0669	0.2903
AT3G60750	-0.1725	0.0155	0.0245
AT3G60770	0.0233	0.1056	-0.0572
AT3G60800	-0.0502	0.4616	0.1014
AT3G60810	-0.1766	0.1371	0.2876
AT3G60820	-0.0416	0.2677	-0.0873
AT3G60830	-0.1411	0.1313	-0.1043
AT3G60840	-0.6995	-0.5507	-0.1455
AT3G60850	0.0196	-0.287	0.0333
AT3G60860	0.0486	0.011	0.0414
AT3G60880	-0.0376	0.0551	0.1927
AT3G60900	-0.4981	-0.7605	0.0393
AT3G60910	-0.0623	-0.7872	0.3144
AT3G60960	-0.1524	-0.0783	0.0926
AT3G60980	-0.1128	-0.1605	0.208
AT3G61010	-0.1802	-0.0801	0.2039
AT3G61050	-0.0178	0.2834	0.1594
AT3G61060	-0.4348	-2.986	0.2381
AT3G61070	0.0219	-0.5882	0.0002
AT3G61080	0.7712	-0.4945	0.1407
AT3G61100	-0.2631	-0.4003	0.1804
AT3G61110	0.0676	0.2289	-0.0991
AT3G61113	-0.3614	-0.1948	0.0806
AT3G61130	-0.0621	0.2591	0.1577
AT3G61140	-0.1859	0.2939	0.1297
AT3G61150	0.3895	0.593	-0.1418
AT3G61160	-1.0227	-1.2721	-0.0031
AT3G61180	-0.108	0.0444	0.0679
AT3G61190	0.6228	-0.0128	-0.1164
AT3G61198	0.1097	-0.7038	0.2161
AT3G61200	-0.1788	-0.579	-0.0883
AT3G61210	-0.4185	-0.6756	0.9304
AT3G61220	-0.7306	-0.0745	-0.2078
AT3G61240	-0.0693	0.1287	0.1421
AT3G61250	-0.7731	-0.8278	0.2401
AT3G61260	-0.4295	-0.8463	-0.2162
AT3G61270	0.2486	0.2065	0.151
AT3G61310	-0.3915	0.0504	-0.0785
AT3G61320	-0.1801	-0.1647	0.083
AT3G61350	0.0038	-0.0267	0.2307
AT3G61360	-0.1842	0.1495	0.2761
AT3G61370	-0.0719	0.2381	0.2132
AT3G61380	-0.2606	0.8335	-0.2977
AT3G61415	0.1181	0.1745	0.0182
AT3G61420	0.0601	0.0336	0.1584
AT3G61430	-0.4094	-0.1577	-0.5013
AT3G61440	-0.1278	0.7845	0.0991
AT3G61460	0.0695	0.4858	-0.1102
AT3G61470	0.0512	0.1855	-0.2689
AT3G61480	0.1777	0.3257	0.3759
AT3G61490	-0.3289	-0.7208	-0.3142
AT3G61520	-0.1409	-0.0686	0.2176
AT3G61530	-0.0588	-0.0801	0.2234
AT3G61540	-0.0944	-0.0095	0.016
AT3G61550	-0.0108	-0.134	-0.3367
AT3G61560	-0.1351	-0.0807	-0.1904
AT3G61570	0.1402	0.3887	0.3161
AT3G61580	-0.283	-0.5356	-0.0929
AT3G61590	-0.3287	0.5297	-0.2484
AT3G61600	-0.2706	-0.4605	-0.1573
AT3G61610	-0.1081	0.4981	0.0308
AT3G61620	0.0803	0.2111	0.1517
AT3G61630	-0.2854	0.5692	-0.2753
AT3G61640	0.1647	1.0448	0.0466
AT3G61650	-0.228	0.0129	0.2174
AT3G61670	-0.2267	-0.0844	0.2597
AT3G61680	-0.0829	0.2224	0.2493
AT3G61690	0.1068	0.002	0.0487
AT3G61710	-0.3289	-0.009	0.0854
AT3G61740	-0.1117	-0.5542	0.0956
AT3G61750	-0.621	0.1496	-0.529
AT3G61760	-0.0243	-0.0187	0.0965
AT3G61770	-0.1412	0.2525	-0.1347
AT3G61780	-0.2027	-0.2613	0.3927
AT3G61790	-0.125	0.1551	0.0091
AT3G61800	-0.0004	0.1185	0.2507
AT3G61820	-0.3573	0.182	-0.0508
AT3G61830	-0.1971	0.1334	0.124
AT3G61850	-0.2895	-0.1279	0.2513
AT3G61860	0.0979	0.0674	0.2756
AT3G61870	-0.3122	-0.3656	-0.0984
AT3G61890	-0.82	-0.8319	0.4376
AT3G61920	-1.4209	-0.26	0.5937
AT3G61960	-0.1391	0.0482	0.1704
AT3G61970	-0.2333	-0.5406	0.5429
AT3G61980	0.033	0.2615	-0.0957
AT3G61990	-0.362	0.4282	0.1066
AT3G62000	0.0869	0.042	0.0905
AT3G62010	0.0709	-0.2728	0.1746
AT3G62020	-0.3607	0.3275	-0.0822
AT3G62030	-0.0689	0.3834	-0.0422
AT3G62040	0.2256	1.0632	0.0007
AT3G62050	-0.2257	-0.1157	0.0931
AT3G62060	-0.2853	-0.579	-0.047
AT3G62070	-0.2126	-0.512	0.0616
AT3G62080	-0.3824	-0.1479	0.2195
AT3G62090	0.3443	0.2972	0.8045
AT3G62100	-0.3729	-0.6668	0.3196
AT3G62110	-0.7229	0.5883	0.2668
AT3G62120	0.079	0.4412	0.1708
AT3G62130	-0.1704	-0.4703	-0.0834
AT3G62140	-0.1051	0.0874	0.1741
AT3G62150	0.5266	1.0984	0.2332
AT3G62190	-0.0456	-0.2411	-0.2212
AT3G62200	0.0033	0.1919	0.0964
AT3G62220	0.007	0.3587	0.1114
AT3G62240	-0.0245	-0.1441	0.1525
AT3G62250	0.0499	0.1089	0.0095
AT3G62260	-0.0771	0.1519	-0.4291
AT3G62270	-0.3178	0.4658	-0.2229
AT3G62290	0.1066	-0.3996	-0.0235
AT3G62300	-0.1507	0.0204	0.2646
AT3G62310	0.1231	-0.0665	0.1771
AT3G62330	0.0428	-0.0694	0.2231
AT3G62360	0.0195	0.1844	0.2568
AT3G62370	0.0431	0.194	0.2306
AT3G62390	-0.1587	0.1132	-0.0784
AT3G62400	-0.2895	-0.019	-0.3382
AT3G62410	-0.0138	-0.9476	-0.1852
AT3G62420	0.0115	0.2246	0.0198
AT3G62450	-0.0155	0.5061	-0.0796
AT3G62460	0.0475	0.2648	0.3277
AT3G62470	0.0378	-0.372	0.3957
AT3G62530	-0.0569	0.7559	0.0169
AT3G62540	0.0321	-0.2687	0.3503
AT3G62560	-0.1445	0.1535	0.0045
AT3G62570	1.0954	1.476	0.4567
AT3G62580	-0.1896	0.1518	-0.1953
AT3G62590	-0.1141	-0.069	-0.1289
AT3G62600	0.0089	0.3502	0.2564
AT3G62620	-0.0751	0.0122	0.1584
AT3G62630	0.0289	0.6339	0.1625
AT3G62650	-0.0202	-0.4781	0.1678
AT3G62660	-0.0335	0.4613	-0.2194
AT3G62690	-0.2747	-0.0383	-0.5854
AT3G62700	0.4697	0.0745	0.0075
AT3G62720	0.1524	0.4515	0.1786
AT3G62740	-1.6725	0.381	1.1267
AT3G62770	0.0773	0.1569	-0.1592
AT3G62790	-0.2928	0.1544	-0.1777
AT3G62800	-0.193	-0.2151	0.1314
AT3G62810	-0.0543	0.1629	-0.071
AT3G62820	-0.3513	1.0788	0.1456
AT3G62830	-0.1527	0.7335	-0.0904
AT3G62840	-0.0424	0.2697	-0.0061
AT3G62860	0.4523	0.3583	0.1947
AT3G62870	-0.1058	0.0379	0.0641
AT3G62880	-0.0877	-0.0123	-0.0196
AT3G62890	-0.1178	0.1464	0.2131
AT3G62900	0.1864	-0.0761	0.3069
AT3G62910	0.1691	0.295	0.4163
AT3G62920	-0.0355	-0.1124	-0.1307
AT3G62930	-0.0486	-0.0015	0.2919
AT3G62940	-0.0729	0.2838	0.1424
AT3G62970	-0.192	-0.0662	0.1504
AT3G62980	-0.0708	-0.6792	0.2396
AT3G63000	-0.2251	-0.4154	0.1048
AT3G63010	-0.2023	-0.4911	-0.2448
AT3G63030	-0.0866	0.5322	0.2405
AT3G63050	-0.2645	0.4225	0.2815
AT3G63060	-0.0334	-0.3911	0.0073
AT3G63070	0.1577	-0.051	0.0329
AT3G63080	-0.0906	0.1328	-0.094
AT3G63090	-0.2268	0.0387	0.1163
AT3G63110	-0.0756	0.9604	0.0193
AT3G63120	-0.2074	0.3573	-0.1286
AT3G63130	-0.1806	-0.1872	0.1207
AT3G63140	0.2855	0.2755	-0.3449
AT3G63150	-0.0265	0.3682	-0.0653
AT3G63160	0.3763	0.0593	-0.1894
AT3G63170	-0.0657	0.4552	0.1005
AT3G63180	0.1417	0.2205	0.2645
AT3G63190	0.102	0.2939	0.2975
AT3G63200	-0.1828	0.4344	-0.1951
AT3G63210	-0.2405	-1.2606	0.0495
AT3G63220	-0.0003	-0.4233	0.0102
AT3G63240	0.2529	0.3693	0.2705
AT3G63250	0.0009	-0.0065	0.229
AT3G63255	0.2123	0.2766	0.0826
AT3G63260	0.0729	0.6585	-0.1416
AT3G63270	-0.2019	-0.3371	0.0041
AT3G63280	-0.4982	-0.1864	0.209
AT3G63290	-0.0718	0.0399	0.1969
AT3G63300	-0.4314	-0.4938	0.2257
AT3G63310	0.0496	0.4613	-0.0894
AT3G63340	0.0558	-0.0432	0.2422
AT3G63370	0.1198	-0.1876	0.2406
AT3G63380	0.1426	-0.3622	-0.0811
AT3G63390	-0.0484	-0.2514	0.1129
AT3G63400	0.1611	0.1065	0.3147
AT3G63410	-0.1421	0.1147	0.0036
AT3G63420	0.1202	0.6057	0.12
AT3G63430	-0.0556	-0.7269	0.0598
AT3G63440	-0.5913	-0.1826	0.3374
AT3G63445	0.0442	0.3909	0.234
AT3G63450	0.0505	0.1385	0.0689
AT3G63460	0.108	0.3196	0.0551
AT3G63470	0.036	0.1735	-0.0621
AT3G63480	-0.2067	-0.2943	0.1916
AT3G63490	0.0113	0.106	0.0998
AT3G63500	0.2255	-0.1018	0.0552
AT3G63510	-0.0393	0.3549	0.246
AT3G63520	-0.169	-0.205	0.1758
AT3G63530	0.2039	0.2775	0.0939
AT3G63540	0.1042	0.1034	-0.255
AT3G66652	-0.1853	0.0419	0.5003
AT3G66654	-0.1283	0.2147	0.0402
AT3G66658	0.0288	0.2605	0.0871
AT4G00020	-0.0992	-0.0358	0.3088
AT4G00026	-0.0222	0.4383	0.2652
AT4G00030	-0.091	-0.105	0.0732
AT4G00040	-0.2413	0.3955	0.2424
AT4G00050	-0.2562	0.3332	-0.452
AT4G00060	0.0785	0.2581	0.1148
AT4G00090	-0.0407	0.3886	0.0717
AT4G00100	0.098	0.0248	0.0342
AT4G00110	0.1611	0.0852	-0.0216
AT4G00150	-0.0273	-0.0003	-0.0343
AT4G00165	0.025	-0.1562	-0.7254
AT4G00170	-0.0501	0.2084	-0.2599
AT4G00200	0.0338	0.0011	0.1497
AT4G00230	-0.2125	0.0634	0.0999
AT4G00231	-0.2022	-0.27	0.1432
AT4G00238	-0.1443	-0.1651	0.0698
AT4G00240	0.11	0.4304	0.0223
AT4G00270	-0.1066	-0.0436	0.2597
AT4G00290	0.2039	0.3349	0.3
AT4G00300	-0.2054	0.4884	-0.2218
AT4G00310	-0.0224	0.3109	0.1158
AT4G00330	-0.3114	0.0181	-0.0193
AT4G00335	-0.1463	-0.3493	0.156
AT4G00340	-0.2569	-0.1595	0.1906
AT4G00355	-0.0624	-0.0088	-0.1837
AT4G00360	-0.6276	-0.1011	0.2618
AT4G00370	-0.3269	-0.0724	0.0163
AT4G00380	0.1286	-0.4099	-0.0425
AT4G00400	-0.1744	-0.2803	0.1524
AT4G00420	-0.1658	0.0691	0.0695
AT4G00430	-0.4433	0.3463	-0.1688
AT4G00440	-0.3928	-0.0766	0.0592
AT4G00450	0.292	-0.1206	0.0186
AT4G00460	-0.382	-0.3008	0.2335
AT4G00480	-0.1256	-0.1502	0.4389
AT4G00490	-0.1852	0.362	0.1541
AT4G00500	-0.1845	0.1242	0.1688
AT4G00520	-0.3112	0.2223	-0.0949
AT4G00525	0.0613	-0.0303	0.0554
AT4G00530	0.1032	0.4566	0.0967
AT4G00550	-0.3495	0.1676	-0.1414
AT4G00560	0.0345	-0.2822	0.2462
AT4G00570	0.0098	0.397	0.1929
AT4G00585	-0.1192	-0.084	-0.1259
AT4G00590	-0.164	-0.2496	0.1296
AT4G00620	-0.2471	0.3244	0.3115
AT4G00630	0.1162	0.3128	0.2081
AT4G00650	-0.1219	-0.206	0.2303
AT4G00660	-0.2405	-0.1336	-0.0017
AT4G00670	-0.2077	0.4692	0.1161
AT4G00690	-0.1031	0.2591	0.2419
AT4G00700	-0.2566	-0.2327	-0.3778
AT4G00710	0.0393	0.638	0.1091
AT4G00720	0.0204	-0.0603	0.0334
AT4G00730	0.422	0.1844	0.2236
AT4G00740	-0.0287	0.5243	0.0544
AT4G00750	0.2958	-0.1699	0.0294
AT4G00752	0.0561	-0.2908	0.0503
AT4G00755	0.0249	-0.1511	0.0359
AT4G00760	-0.0685	0.3558	0.4804
AT4G00780	-0.7606	-0.1152	0.4136
AT4G00800	0.1473	-0.0735	0.215
AT4G00810	-0.0256	0.1317	-0.0496
AT4G00820	0.1719	0.3501	0.3265
AT4G00830	-0.1309	-0.3327	0.1619
AT4G00840	-0.1235	0.1632	0.1105
AT4G00850	-0.4482	0.2464	0.0819
AT4G00860	-0.1091	0.2998	-0.2562
AT4G00880	-0.7249	-0.2941	0.4182
AT4G00895	-0.2063	-0.103	-0.3729
AT4G00900	-0.2875	-0.0896	-0.2376
AT4G00905	-0.3288	0.1939	-0.1988
AT4G00910	0.3856	0.1297	-0.5269
AT4G00930	0.1699	0.0309	0.5806
AT4G00940	-0.3915	0.378	0.0724
AT4G00950	-0.5186	-0.1626	-0.0332
AT4G00955	-0.4203	-0.6355	-0.2938
AT4G00980	0.004	0.1308	0.2591
AT4G00990	0.0097	0.1371	0.1499
AT4G01000	0.1137	-0.2654	0.1714
AT4G01010	0.0108	0.5255	0.2118
AT4G01020	0.1309	-0.1063	0.2668
AT4G01026	0.0067	-0.4876	0.2256
AT4G01037	-0.3339	0.14	0.2063
AT4G01040	-0.198	-0.6522	0.1263
AT4G01050	-0.0354	-0.0113	0.0008
AT4G01060	0.9168	0.8311	-1.1735
AT4G01070	-0.4841	-0.3891	-0.2142
AT4G01080	-0.3517	-0.5	-0.0929
AT4G01090	-0.1467	-0.2675	0.0611
AT4G01100	-0.071	-0.1493	-0.0219
AT4G01120	-0.3483	-0.4462	0.0203
AT4G01140	-0.1154	0.2807	-0.334
AT4G01150	-0.1566	0.0043	-0.2442
AT4G01200	0.0369	-0.2355	0.0563
AT4G01210	-0.0177	0.2397	0.1209
AT4G01220	0.0251	0.4711	0.0963
AT4G01250	-0.0173	0.0658	0.0154
AT4G01270	-0.121	-0.3192	0.4697
AT4G01280	-0.198	-0.4257	0.1809
AT4G01290	0.0049	0.2312	0.1101
AT4G01310	-0.1365	-0.3148	-0.0103
AT4G01320	-0.0192	0.2086	-0.0355
AT4G01330	0.1737	-0.1355	0.4554
AT4G01370	-0.2403	0.2496	0.0441
AT4G01390	-0.6528	0.7505	0.0821
AT4G01395	-0.0263	0.3222	0.1613
AT4G01410	0.4361	0.6053	0.2963
AT4G01430	-0.2596	0.4278	-0.3894
AT4G01440	-0.4578	-0.1066	-0.3391
AT4G01450	-0.0723	0.8868	-0.1221
AT4G01480	-0.147	0.4846	-0.2758
AT4G01510	-0.1167	0.5057	0.0982
AT4G01540	-0.4091	-0.0001	-0.1025
AT4G01550	-0.3535	0.0303	0.0325
AT4G01560	-0.1293	0.5367	0.2069
AT4G01570	-0.1988	-0.0315	0.3916
AT4G01575	-0.05	0.3812	-0.1299
AT4G01580	0.0331	0.3646	-0.1386
AT4G01590	-0.1346	0.3014	0.1843
AT4G01600	0.1717	0.0098	-0.1282
AT4G01610	0.0028	-0.0052	0.0685
AT4G01650	-0.0677	0.2876	0.0918
AT4G01660	-0.4663	0.5129	-0.083
AT4G01670	0.0298	-0.6373	-0.235
AT4G01680	-0.3573	0.5385	-0.4894
AT4G01690	-0.0816	0.2358	-0.0611
AT4G01700	0.2537	0.2019	0.015
AT4G01710	-0.1034	0.2814	-0.1095
AT4G01720	-0.254	0.6496	-0.2249
AT4G01730	-0.5286	-0.9658	0.2127
AT4G01750	0.1661	0.6642	-0.1432
AT4G01790	-0.0495	0.4817	0.0293
AT4G01800	0.01	-0.6426	0.1385
AT4G01810	0.0722	0.1048	0.0964
AT4G01840	0.0106	-0.3249	-0.167
AT4G01850	-0.0832	-0.1807	0.1119
AT4G01860	-0.0102	-0.1392	0.1942
AT4G01870	-0.2328	-0.3495	0.0901
AT4G01880	-0.1686	0.2876	0.173
AT4G01883	-0.1076	0.4172	0.0577
AT4G01895	-0.5445	-0.139	0.0511
AT4G01897	-0.3243	0.5136	-0.1177
AT4G01900	-0.4717	-0.0614	0.1058
AT4G01910	-0.0514	0.0249	-0.1397
AT4G01915	0.123	-0.2473	-0.2242
AT4G01935	-0.1814	-0.0151	-0.0392
AT4G01940	-0.2638	0.2542	-0.1289
AT4G01950	-0.1624	0.7598	0.1967
AT4G01960	-0.1927	-0.0239	-0.0038
AT4G01990	-0.1851	0.3911	0.2491
AT4G01995	-0.0899	0.0708	-0.092
AT4G02005	-0.2006	-0.2638	0.3121
AT4G02010	-0.3614	0.2009	0.096
AT4G02020	-0.1374	-0.0686	0.167
AT4G02030	0.0632	0.3539	0.3089
AT4G02040	-0.0792	0.1863	0.0029
AT4G02050	-0.2031	-0.34	0.1045
AT4G02060	-0.3574	-0.5195	0.1547
AT4G02070	0.0825	-0.5122	0.1597
AT4G02075	-0.3224	-0.3539	-0.16
AT4G02080	-0.2151	-0.0878	-0.2085
AT4G02090	-0.4031	-0.0286	-0.5131
AT4G02100	0.3101	0.5573	0.1501
AT4G02110	-0.1298	-0.6386	0.4255
AT4G02120	-0.2805	-0.0249	0.1704
AT4G02130	-0.2197	-0.28	0.1102
AT4G02150	-0.1705	0.0672	0.2208
AT4G02195	0.1611	0.1907	0.2974
AT4G02200	0.0113	-0.0988	0.1443
AT4G02210	-0.2036	0.0928	0.3188
AT4G02220	0.1022	0.1253	0.2503
AT4G02230	-0.0658	-0.1359	0.2573
AT4G02260	-0.1454	-0.4457	0.122
AT4G02280	1.7209	0.8547	0.0977
AT4G02290	-0.8532	-0.1508	0.6667
AT4G02330	0.0793	1.7999	-0.1
AT4G02340	-0.2806	-0.0191	-0.0569
AT4G02350	-0.0733	0.2426	-0.0424
AT4G02360	0.1294	-0.1832	-0.0172
AT4G02370	-0.4278	-0.8325	-0.2546
AT4G02380	-0.0896	-0.5553	-0.203
AT4G02390	-0.099	0.5353	0.0412
AT4G02400	0.0879	0.4283	0.2543
AT4G02405	-0.1896	0.2933	-0.0138
AT4G02410	-0.354	0.0055	-0.2612
AT4G02425	-0.0049	0.2106	0.06
AT4G02430	-0.0823	-0.1576	0.3619
AT4G02440	-0.0604	-0.2238	0.1437
AT4G02450	0.0201	0.3621	0.2111
AT4G02460	-0.1757	-0.0615	0.2467
AT4G02480	0.095	-0.2291	0.0746
AT4G02482	-0.0467	0.1533	0.1763
AT4G02485	-0.1005	0.6535	0.1882
AT4G02500	-0.1109	0.2143	0.1219
AT4G02510	0.2754	-0.6675	0.1455
AT4G02520	0.2448	-0.4443	0.7292
AT4G02530	-0.1959	0.687	-0.1599
AT4G02550	-0.1412	0.0969	0.3458
AT4G02560	-0.0025	0.0758	0.3917
AT4G02570	-0.024	-0.3594	0.0997
AT4G02580	-0.1144	-0.0392	0.0234
AT4G02590	-0.3698	0.0464	0.0204
AT4G02600	-0.2978	-0.0284	0.0463
AT4G02610	-0.0969	-0.1312	0.185
AT4G02620	-0.0275	0.438	-0.2386
AT4G02630	-0.6535	-0.5942	0.0745
AT4G02640	0.0475	0.9152	0.0501
AT4G02660	0.0105	-0.2799	0.2458
AT4G02680	-0.096	0.5157	0.0482
AT4G02700	0.7205	1.6046	0.1076
AT4G02710	-0.1813	0.2988	0.2989
AT4G02715	0.0322	-0.0414	0.1208
AT4G02725	0.0176	0.0256	-0.0051
AT4G02730	-0.0871	0.0995	0.0263
AT4G02740	-0.0797	0.079	0.1899
AT4G02750	-0.1125	-0.0263	0.1185
AT4G02760	0.0622	0.3191	0.2772
AT4G02770	-0.0337	0.6157	-0.506
AT4G02790	0.0218	0.4863	0.4221
AT4G02800	-0.6788	-0.6671	0.1188
AT4G02810	-0.2566	0.2031	0.0192
AT4G02820	-0.1406	-0.2044	0.1938
AT4G02840	0.0471	-0.0433	-0.0296
AT4G02850	-1.3548	-0.8521	-0.0219
AT4G02860	-0.1639	0.7191	-0.1815
AT4G02880	0.1889	-0.0984	-0.0366
AT4G02890	-0.1569	-0.3005	-0.1133
AT4G02900	-0.1938	-0.167	0.4297
AT4G02920	-0.3735	-0.8716	0.0068
AT4G02930	-0.151	0.4904	0.1425
AT4G02940	0.1149	0.5881	-0.0703
AT4G02980	-0.2631	0.008	0.0118
AT4G02990	-0.2282	0.0624	0.1889
AT4G03000	-0.0774	-0.2248	0.1419
AT4G03010	-0.304	-0.2983	0.2332
AT4G03020	-0.2892	0.1319	-0.0086
AT4G03030	-0.3298	-0.9145	-0.1667
AT4G03070	-0.3281	-0.061	-0.2995
AT4G03080	0.0065	0.2029	0.0131
AT4G03090	0.1459	-0.0212	0.3061
AT4G03100	-0.6406	-1.0539	0.0672
AT4G03110	-0.0424	0.3783	-0.0224
AT4G03115	0.0557	0.6869	0.0629
AT4G03120	0.1602	0.2104	0.2455
AT4G03140	0.6643	1.0714	0.3315
AT4G03150	0.2453	0.383	-0.1498
AT4G03180	-0.1857	0.2935	0.0878
AT4G03190	0.5999	1.3097	0.2797
AT4G03200	0.3956	-0.1054	0.1697
AT4G03205	-0.3921	-0.0448	0.3178
AT4G03210	-0.7006	-0.2518	0.1168
AT4G03230	-0.0336	0.3405	0.509
AT4G03240	-0.1391	-0.1477	0.1267
AT4G03250	-0.1062	-0.0107	0.1108
AT4G03260	-0.3086	-0.4897	0.0885
AT4G03270	-1.1714	-1.005	0.1993
AT4G03280	0.0914	0.18	-0.1744
AT4G03320	0.1618	0.1839	-0.0822
AT4G03340	-0.2459	-0.2208	0.0507
AT4G03390	0.3827	0.854	0.1588
AT4G03400	0.6836	1.8687	0.3787
AT4G03410	-0.0397	0.3447	0.1038
AT4G03415	-0.3395	0.2812	0.1112
AT4G03420	-0.2376	0.3315	-0.1945
AT4G03430	0.2386	-0.0803	-0.0568
AT4G03440	0.0303	0.2346	0.1394
AT4G03490	0.0287	-0.2787	0.0733
AT4G03510	0.1464	-1.4525	-0.0066
AT4G03520	-0.0377	-0.2835	-0.0682
AT4G03540	-0.2296	0.5015	-0.1075
AT4G03550	0.1149	0.2282	0.1839
AT4G03560	-0.1038	0.0458	0.0683
AT4G03585	-0.2073	-0.3716	-0.1916
AT4G03600	0.2044	-0.1202	0.1653
AT4G03635	-0.0182	-0.2448	0.1151
AT4G03820	-0.3356	-0.0428	0.0259
AT4G03895	-0.3347	0.4428	-0.0307
AT4G03935	-0.1493	-0.2847	0.3079
AT4G03940	-0.0883	-0.0372	0.0967
AT4G03960	0.3719	0.1775	0.0064
AT4G04020	0.2687	1.5194	0.1144
AT4G04040	-0.0848	0.3216	-0.0543
AT4G04055	0.2136	0.0123	0.2873
AT4G04180	-0.1316	0.3212	0.0433
AT4G04190	-0.0539	0.1829	0.06
AT4G04200	-0.03	0.5082	0.1284
AT4G04210	-0.0469	0.4793	-0.1187
AT4G04220	-0.1616	-0.3094	0.2127
AT4G04221	-0.1955	0.1993	0.1333
AT4G04320	-0.3431	-0.0697	-0.038
AT4G04330	-0.4114	-1.3001	-0.1671
AT4G04340	-0.4365	-0.3675	0.2017
AT4G04350	-0.0569	0.1756	0.0514
AT4G04370	-0.1302	-0.1425	0.0489
AT4G04435	0.1853	0.3227	0.0242
AT4G04455	0.6505	1.5296	0.2463
AT4G04470	-0.1223	0.1806	0.081
AT4G04570	-0.5326	0.2651	0.3225
AT4G04610	-0.2029	0.6321	-0.0199
AT4G04614	-0.2179	-0.5578	0.0741
AT4G04620	0.0667	0.2211	0.0761
AT4G04630	-0.1985	-1.0881	-0.0274
AT4G04640	-0.0961	0.3445	-0.505
AT4G04670	-0.0977	0.2071	0.3548
AT4G04695	-0.2827	-0.0048	0.1182
AT4G04700	0.0039	0.0652	-0.0072
AT4G04720	0.0389	0.2807	0.1397
AT4G04740	-0.0197	-0.1282	0.228
AT4G04745	-0.2618	0.6248	-0.2773
AT4G04750	-0.9963	-0.0315	-0.392
AT4G04770	-0.4029	-1.4067	-0.2137
AT4G04780	-0.0265	-0.3982	0.0446
AT4G04790	-0.1989	0.5045	0.2026
AT4G04800	-0.0613	-0.0006	-0.2049
AT4G04810	0.1753	-0.2885	0.25
AT4G04830	-0.0361	0.1153	-0.0238
AT4G04840	-1.059	-1.2414	-0.9219
AT4G04850	-0.6076	-0.1655	-0.179
AT4G04860	-0.0946	-0.2286	0.0121
AT4G04870	0.0537	0.5303	0.1969
AT4G04880	-0.1698	0.3251	0.3363
AT4G04885	-0.0669	-0.1203	0.1125
AT4G04890	0.5686	-0.0045	0.1045
AT4G04910	-0.0766	0.4837	-0.0805
AT4G04920	0.0534	0.2071	0.1169
AT4G04925	0.0314	-0.1034	0.0835
AT4G04940	-0.0254	0.6116	0.073
AT4G04950	-0.1463	-0.0058	0.2188
AT4G04955	0.7008	1.7942	0.1817
AT4G04960	0.0596	0.4247	-0.3797
AT4G04970	-0.0603	-0.13	0.0634
AT4G05000	-0.1063	0.0771	0.0596
AT4G05010	-0.3007	0.3125	-0.2118
AT4G05020	-0.0276	0.6462	-0.1503
AT4G05040	-0.1703	-0.0479	0.1833
AT4G05050	-0.261	0.1077	-0.2055
AT4G05060	-0.1054	0.0942	-0.0412
AT4G05070	0.1833	-0.5841	0.0198
AT4G05090	-0.0466	0.4198	0.1566
AT4G05100	-0.6077	-0.3103	-1.0261
AT4G05110	-0.2479	-0.6018	0.118
AT4G05120	-0.1408	0.118	-0.3076
AT4G05150	-0.405	-1.1365	-0.0445
AT4G05160	-0.1393	0.2805	0.089
AT4G05180	0.3616	0.5368	-0.6594
AT4G05190	-0.4213	-1.0459	0.1515
AT4G05210	-0.0082	0.1265	0.164
AT4G05320	0.0591	0.205	-0.0762
AT4G05330	-0.3303	-0.903	0.2236
AT4G05390	0.0813	1.1245	0.0943
AT4G05400	-0.3128	0.3703	0.153
AT4G05410	-0.0515	0.3963	0.0495
AT4G05420	0.082	-0.2654	-0.0996
AT4G05440	-0.2438	0.141	0.1598
AT4G05450	-0.0902	0.3233	0.0063
AT4G05460	-0.0491	-0.3288	-0.0743
AT4G05520	-0.4117	-0.5607	0.5172
AT4G05530	-0.0786	0.5599	0.1353
AT4G05590	-0.4462	0.2587	0.0178
AT4G05775	0.3114	0.6698	0.6109
AT4G05815	-0.1717	0.0682	0.0283
AT4G06195	-0.069	0.4986	-0.5165
AT4G06536	-0.1023	-0.0874	-0.4219
AT4G06598	0.1352	0.0935	0.1151
AT4G06599	-0.0624	0.0656	0.1583
AT4G06634	-0.0574	0.2388	0.2198
AT4G06676	0.0243	-0.0032	0.0501
AT4G06701	-0.1129	0.1638	0.3743
AT4G06744	-0.3775	0.0534	-0.0568
AT4G06880	-0.0826	0.1834	0.038
AT4G06985	-0.0476	0.2021	-0.0751
AT4G07390	-0.0672	0.1603	-0.0329
AT4G07400	-0.1668	-0.3828	0.1421
AT4G07410	-0.0773	-0.1201	0.1938
AT4G07825	0.0307	-0.3693	0.2353
AT4G07855	0.528	0.848	0.1146
AT4G07950	0.1144	0.0261	0.2958
AT4G07960	0.5622	0.2151	0.3554
AT4G07990	-0.3225	0.0706	0.0873
AT4G08035	-0.1042	0.3223	0.2776
AT4G08040	-0.0395	0.5846	0.3853
AT4G08150	-0.5957	0.1772	0.1187
AT4G08170	0.118	0.0909	0.2538
AT4G08180	-0.0663	0.445	-0.0259
AT4G08210	-0.0592	-0.057	-0.1329
AT4G08230	-0.0943	0.2664	0.1837
AT4G08240	0.1638	0.4311	0.0067
AT4G08250	-0.2555	-0.0059	0.3034
AT4G08280	-0.1542	-0.3179	0.0416
AT4G08290	0.1986	0.2718	-0.188
AT4G08300	-0.2511	0.8737	-0.266
AT4G08310	-0.051	0.1772	0.4188
AT4G08320	-0.1501	0.0545	0.0772
AT4G08330	-0.1616	-0.4798	0.0493
AT4G08350	0.1877	0.2546	0.1658
AT4G08390	-0.3088	-1.1464	-0.0003
AT4G08455	-0.0164	-0.2686	0.0362
AT4G08460	0.1153	0.0972	0.2167
AT4G08470	0.2091	0.6032	0.2662
AT4G08480	-0.2233	-0.2217	0.1695
AT4G08500	0.0296	0.398	-0.0305
AT4G08510	-0.0617	-0.4545	0.1409
AT4G08520	-0.0647	0.705	-0.123
AT4G08540	-0.0314	0.187	0.16
AT4G08555	-0.4306	-0.7574	-0.5486
AT4G08580	0.1534	0.0923	0.3177
AT4G08590	0.1945	0.2275	0.1849
AT4G08685	-0.1106	0.9102	-0.0463
AT4G08690	-0.2366	-0.0213	0.1188
AT4G08700	-0.3057	-0.5862	0.1139
AT4G08770	-0.0714	0.4494	0.3309
AT4G08785	-0.1209	0.1325	-0.3947
AT4G08790	0.008	0.3045	0.2319
AT4G08810	-0.1303	0.2119	0.0702
AT4G08850	0.0238	0.4885	-0.1043
AT4G08900	-0.1017	0.0764	0.0666
AT4G08920	-0.17	-0.1012	0.0873
AT4G08930	-0.4583	0.0616	-0.3779
AT4G08940	-0.2001	0.2454	0.0501
AT4G08950	0.6442	0.718	0.6749
AT4G08960	0.0453	0.3399	0.0603
AT4G08980	-0.1688	0.3132	-0.0057
AT4G09000	-0.2575	0.27	-0.1905
AT4G09010	-0.2587	0.2232	0.1399
AT4G09020	0.0413	0.1131	0.4744
AT4G09030	0.3572	0.6967	0.0765
AT4G09040	-0.191	0.1254	-0.0588
AT4G09060	-0.4884	-0.5209	0.1803
AT4G09140	-0.1678	0.0103	0.1473
AT4G09150	0.1817	0.4121	0.0999
AT4G09160	-0.0384	0.2599	0.1761
AT4G09180	-0.1353	0.6107	0.0656
AT4G09320	0.0854	0.6355	-0.1417
AT4G09340	-0.1677	0.0851	0.1241
AT4G09420	-0.6313	-0.09	-0.4154
AT4G09432	-0.0201	0.0022	0.1214
AT4G09460	0.2633	0.306	-0.0413
AT4G09490	0.2272	0.3109	-0.0062
AT4G09500	-0.5878	-0.3604	-0.4069
AT4G09510	-0.428	-0.2337	0.0912
AT4G09520	-0.1688	0.1523	0.1122
AT4G09550	-0.2745	-0.1177	-0.0792
AT4G09560	0.0712	0.039	-0.138
AT4G09570	0.2008	0.8385	0.148
AT4G09580	-0.1247	-0.241	0.0449
AT4G09620	-0.2116	0.2136	0.0787
AT4G09630	-0.1182	-0.0397	0.1134
AT4G09640	-0.0311	0.4033	0.2178
AT4G09650	-0.1409	0.453	-0.1339
AT4G09670	-0.3306	0.1009	-0.0723
AT4G09680	0.0984	-0.0395	0.2142
AT4G09720	-0.0796	0.5465	0.0037
AT4G09730	0.029	0.4325	0.2803
AT4G09750	-0.2856	-0.2672	-0.2468
AT4G09760	-0.3886	-0.2337	0.2108
AT4G09800	-0.0195	-0.3051	-0.146
AT4G09810	0.0291	0.149	0.275
AT4G09830	-0.0151	-0.5812	0.1483
AT4G09840	0.0036	-0.0974	0.0973
AT4G09890	-0.056	0.8855	-0.0429
AT4G09900	0.1706	0.6155	-0.0802
AT4G09970	-0.2678	0.2319	0.2123
AT4G09980	0.2313	0.1367	0.164
AT4G09990	-0.3584	0.2704	0.0084
AT4G10000	-0.0606	-0.0437	0.3643
AT4G10030	-0.2797	-0.3956	-0.0948
AT4G10040	0.0163	-0.1203	-0.1597
AT4G10050	-0.1933	0.0958	0.2005
AT4G10070	0.074	0.0922	0.2966
AT4G10080	0.0137	0.067	-0.1504
AT4G10090	-0.0469	0.0415	0.2888
AT4G10100	-0.1033	-0.4582	-0.0149
AT4G10110	0.0166	0.2138	0.0215
AT4G10120	0.1315	-0.7241	-0.0462
AT4G10130	-0.25	-0.3195	-0.1211
AT4G10140	-0.0985	0.722	-0.1205
AT4G10170	-0.0884	-0.1231	-0.0454
AT4G10180	-0.2511	0.0691	0.3357
AT4G10270	-0.5043	1.6524	0.9666
AT4G10280	-0.419	-0.2573	-0.1811
AT4G10300	-0.092	0.1714	-0.2057
AT4G10310	-0.5003	0.4814	0.1557
AT4G10320	0.1108	0.0633	0.1903
AT4G10330	-0.006	-0.182	0.0088
AT4G10340	-0.0845	0.2716	-0.3668
AT4G10360	-0.4905	-0.2219	-0.1704
AT4G10380	0.3307	1.2761	-0.179
AT4G10390	-0.2734	0.4141	-0.0714
AT4G10400	-0.0821	0.0184	0.1432
AT4G10420	-0.079	0.149	0.2057
AT4G10430	-0.2233	0.1862	-0.1418
AT4G10450	0.0598	0.4089	0.0769
AT4G10470	-0.3418	0.0841	0.2316
AT4G10480	0.0782	0.4458	-0.0633
AT4G10550	0.1458	0.0004	0.1196
AT4G10570	-0.1162	-0.025	-0.0066
AT4G10590	0.0382	-0.0159	0.162
AT4G10610	0.1334	0.2715	-0.0701
AT4G10620	-0.234	0.0403	0.0398
AT4G10630	-0.2817	-0.9362	-0.001
AT4G10640	0.4298	0.2019	0.0715
AT4G10650	-0.0969	0.1121	0.3559
AT4G10710	0.0429	-0.0489	0.0063
AT4G10730	-0.2804	0.1382	0.1584
AT4G10750	-0.0638	0.3019	0.0266
AT4G10760	-0.162	0.1985	0.026
AT4G10770	-0.6504	0.2813	-0.1446
AT4G10790	0.0911	0.394	0.1606
AT4G10800	-0.1436	0.0666	-0.0512
AT4G10810	-0.0616	-0.0787	-0.2696
AT4G10840	0.014	0.5829	-0.1026
AT4G10890	-0.1011	-0.3806	0.3024
AT4G10920	-0.3102	-0.0647	0.192
AT4G10925	0.0663	-0.46	0.2084
AT4G10930	0.0381	-0.2259	0.388
AT4G10955	-0.0614	-0.2531	0.1997
AT4G10960	-0.0398	0.3469	-0.1696
AT4G10970	-0.0226	0.0603	0.1713
AT4G11010	-0.0985	0.5971	-0.0148
AT4G11060	-0.0539	0.0717	0.2318
AT4G11080	-0.4297	-0.5636	0.45
AT4G11090	-0.3127	0.0266	-0.0243
AT4G11110	0.1503	-0.1551	0.0216
AT4G11120	-0.0987	0.3956	0.1815
AT4G11130	-0.0229	-0.2796	0.2084
AT4G11140	0.4179	0.2666	0.2674
AT4G11150	-0.1963	0.2204	-0.2377
AT4G11160	0.0441	0.3099	0.2009
AT4G11175	-0.0246	0.0833	0.1601
AT4G11190	-0.8694	0.294	-0.3279
AT4G11210	0.2386	0.7002	0.2873
AT4G11211	-0.328	-0.4955	0.3815
AT4G11220	-0.0255	0.6011	-0.1159
AT4G11240	-0.1983	-0.7686	0.2587
AT4G11260	-0.1198	-0.08	-0.0397
AT4G11270	0.0671	0.1917	0.2244
AT4G11280	-0.1392	0.5121	0.2286
AT4G11290	0.1216	1.4194	-0.1163
AT4G11300	-0.4064	-0.4549	-0.1921
AT4G11320	-0.8397	-0.8897	1.0401
AT4G11330	-0.5254	-0.1353	-0.1015
AT4G11350	0.3065	0.7443	0.4515
AT4G11360	-0.2061	-1.1881	-0.2776
AT4G11380	0.0742	0.2578	0.1415
AT4G11410	-0.0701	0.2873	0.2257
AT4G11420	0.116	-0.0315	0.1325
AT4G11440	-0.3523	-0.0232	0.1054
AT4G11450	0.083	0.2476	0.555
AT4G11550	0.1111	0.3748	0.143
AT4G11560	0.1297	0.3016	-0.0257
AT4G11570	-0.4689	-0.451	-0.4831
AT4G11600	-0.3268	-0.419	-0.2999
AT4G11610	0.2158	0.3812	0.366
AT4G11630	-0.1294	0.1331	-0.0359
AT4G11640	0.0691	0.1131	0.3509
AT4G11650	-0.2587	-0.8492	0.8001
AT4G11660	0.075	0.5893	-0.0613
AT4G11670	0.2874	0.0629	0.1758
AT4G11680	-0.2871	0.0971	0.0871
AT4G11690	0.0214	0.0822	0.3406
AT4G11740	-0.0092	0.1428	0.0008
AT4G11780	-0.3356	-0.693	0.6128
AT4G11790	-0.0886	0.0295	0.2643
AT4G11800	-0.0281	0.162	0.0181
AT4G11820	-0.1012	0.0644	0.1243
AT4G11830	-0.1182	0.0881	0.1356
AT4G11840	-0.0124	-0.0196	0.2017
AT4G11850	-0.1255	0.2185	0.0839
AT4G11860	-0.1465	-0.2397	0.0198
AT4G11920	-0.1674	0.3625	0.1452
AT4G11960	-0.3492	-0.044	0.2022
AT4G11970	-0.1847	-0.4062	0.1318
AT4G11980	0.1539	0.4805	0.3119
AT4G11990	-0.2919	-0.2626	0.4133
AT4G12000	-0.2717	-0.2427	-0.5097
AT4G12010	-0.0538	-0.1468	0.0042
AT4G12020	0.2468	0.024	0.2655
AT4G12030	-0.901	-1.1149	0.1308
AT4G12040	-0.0384	0.02	-0.1897
AT4G12050	-0.0213	-0.1527	0.1802
AT4G12060	0.0659	0.7018	0.0324
AT4G12070	0.1682	0.6166	-0.0698
AT4G12080	0.1447	0.0196	0.2649
AT4G12110	-0.3523	-0.0339	-0.0248
AT4G12120	0.1214	0.9909	-0.0419
AT4G12130	-0.0493	-0.0067	0.1036
AT4G12230	-0.1004	0.1355	-0.0956
AT4G12240	-0.2973	-0.2434	0.0758
AT4G12250	-0.2365	0.0484	-0.1764
AT4G12290	1.1823	0.0226	0.5764
AT4G12300	0.146	0.1748	0.1221
AT4G12340	-0.0672	-0.4065	0.0696
AT4G12390	-0.1313	-0.2557	-0.1623
AT4G12400	0.3189	0.291	0.3892
AT4G12420	-0.4204	0.0765	0.1655
AT4G12430	-0.4129	0.1439	-0.1346
AT4G12460	-0.2539	-0.2138	0.0605
AT4G12470	0.9758	3.2461	-0.3696
AT4G12520	0.0674	0.9098	-0.6331
AT4G12540	-0.3858	-0.283	0.458
AT4G12560	-0.082	-0.0939	0.4532
AT4G12570	-0.0984	-0.3587	0.256
AT4G12590	-0.1398	0.0283	-0.1198
AT4G12600	-0.2509	0.176	0.0898
AT4G12610	0.1572	0.5579	0.1939
AT4G12620	-0.5463	-0.7947	0.0912
AT4G12640	0.1	-0.0135	0.2073
AT4G12650	0.0028	0.3847	-0.1195
AT4G12670	-0.0637	-0.4045	0.3174
AT4G12680	0.8685	0.0554	0.3016
AT4G12690	0.0454	-0.1356	0.0499
AT4G12700	-0.2369	-0.1062	0.2709
AT4G12710	0.0933	-0.2536	0.0769
AT4G12720	0.1451	0.8993	0.1064
AT4G12730	-0.2229	0.4351	-0.2918
AT4G12740	-0.0749	-0.1573	0.3843
AT4G12750	-0.173	-0.46	0.0665
AT4G12760	-0.1447	0.0854	0.2963
AT4G12770	0.0189	0.491	-0.0881
AT4G12780	0.087	0.3365	-0.033
AT4G12790	-0.069	0.2539	0.133
AT4G12800	0.1253	0.5582	-0.4136
AT4G12830	-0.1455	-0.2673	0.0396
AT4G12840	-0.1041	0.1723	0.0996
AT4G12850	-0.1607	-0.2532	0.1421
AT4G12870	0.1179	-0.0239	0.5132
AT4G12880	-0.3118	0.7717	0.1202
AT4G12910	-0.3549	0.196	0.0623
AT4G12980	0.0127	0.9407	0.4267
AT4G13010	0.0592	0.6296	-0.2859
AT4G13020	-0.269	0.0727	0.0906
AT4G13030	0.1275	-0.4739	-0.3821
AT4G13040	0.3748	1.0388	0.3438
AT4G13050	-0.2198	-0.021	0.0683
AT4G13070	-0.3753	0.3143	0.2475
AT4G13100	-0.3949	0.4214	-0.1096
AT4G13110	-0.0101	-0.0668	0.0916
AT4G13150	-0.1659	0.0543	0.2348
AT4G13170	-0.0159	0.3685	0.1612
AT4G13180	-0.0968	-0.4117	-0.1108
AT4G13195	-0.3528	-0.1777	0.0151
AT4G13200	0.0336	-0.2815	0.2474
AT4G13220	-0.0621	0.2328	0.0126
AT4G13235	-0.0782	0.5333	-0.3991
AT4G13250	0.0301	-2.2169	0.1674
AT4G13260	0.3087	-0.5999	-0.0098
AT4G13270	-0.1661	0.2499	-0.064
AT4G13330	-0.4123	-0.0359	0.3048
AT4G13340	-0.0821	0.6712	-0.1016
AT4G13345	-0.0629	0.7198	0.4045
AT4G13350	-0.0275	0.1972	0.1086
AT4G13360	-0.2983	0.2803	0.1476
AT4G13370	-0.389	-0.4202	-0.0103
AT4G13395	0.7482	0.6342	0.0976
AT4G13400	0.009	0.119	0.1321
AT4G13430	-0.3433	0.0048	0.1203
AT4G13460	-0.0946	-0.3571	0.1929
AT4G13505	0.0922	0.7403	-0.9429
AT4G13510	0.4128	0.5915	-0.2327
AT4G13520	-0.1435	0.1196	-0.2933
AT4G13530	-0.1157	-0.2359	-0.3448
AT4G13540	0.0801	-0.0035	0.0759
AT4G13550	-0.0291	0.0859	-0.0718
AT4G13590	-0.2344	0.2023	0.0275
AT4G13600	0.135	0.1633	0.1354
AT4G13615	-0.1292	0.0026	-0.2438
AT4G13630	0.0776	-0.1462	0.0272
AT4G13640	-0.2113	-0.0837	0.0898
AT4G13650	-0.0019	-0.2461	0.3131
AT4G13660	0.4584	2.0581	0.0292
AT4G13670	-0.0943	0.3891	-0.0033
AT4G13680	-0.4262	0.0758	-0.0052
AT4G13690	-0.291	0.2186	0.1364
AT4G13710	-0.3449	0.1058	0.3194
AT4G13720	0.0275	0.1814	0.2683
AT4G13730	-0.0309	0.0583	0.224
AT4G13750	0.0435	0.3828	0.3005
AT4G13770	-1.1856	-1.9347	0.0961
AT4G13780	-0.0509	-0.4071	0.1592
AT4G13830	0.153	0.3298	0.0982
AT4G13850	-0.2433	0.1135	0.1093
AT4G13860	-0.3656	-0.5804	-0.5688
AT4G13870	-0.0995	0.2364	-0.0505
AT4G13880	-0.1904	-0.1336	0.2282
AT4G13918	0.0114	-0.4238	-0.1053
AT4G13930	-0.1167	0.7628	-0.1002
AT4G13940	-0.1475	0.0169	0.1064
AT4G13950	-0.2705	0.2509	-0.0262
AT4G13970	-0.0514	-0.106	0.1896
AT4G13980	-0.2394	-0.5582	0.3505
AT4G13990	-0.3394	0.0424	0.0418
AT4G14000	-0.0077	-0.2138	0.1644
AT4G14010	-0.1607	-0.7397	-0.4915
AT4G14020	0.0371	0.5463	-0.2671
AT4G14030	0.1981	0.5777	0.1548
AT4G14040	-0.6081	-0.3356	0.3524
AT4G14050	0.1309	0.0299	0.5325
AT4G14060	-0.4469	-0.296	1.2483
AT4G14070	-0.0685	0.5311	0.086
AT4G14096	-0.3425	-0.2218	0.1968
AT4G14100	-0.015	-0.4841	0.1459
AT4G14110	-0.0019	0.1994	0.0556
AT4G14120	-0.1915	-0.6246	0.3024
AT4G14130	0.3658	1.0177	-0.298
AT4G14145	-0.0577	-0.7014	0.2351
AT4G14147	0.0439	0.8777	0.0918
AT4G14150	-0.3075	-0.772	0.4038
AT4G14160	-0.0322	-0.1225	-0.1099
AT4G14170	0.1088	-0.189	0.0467
AT4G14190	-0.0308	-0.0667	0.0945
AT4G14200	-0.4508	-0.0879	-0.0629
AT4G14210	-0.1442	0.0783	0.123
AT4G14220	0.1265	0.3129	0.0205
AT4G14230	-0.2711	-0.0677	0.2302
AT4G14240	-0.2271	0.2089	-0.0018
AT4G14270	0.0502	-0.52	0.0731
AT4G14290	-0.1388	0.5821	-0.0232
AT4G14300	-0.1585	-0.1368	-0.0706
AT4G14310	-0.3508	-0.6434	0.2047
AT4G14320	0.0278	0.3572	-0.0707
AT4G14330	-0.4396	-0.6483	0.078
AT4G14340	0.0006	0.1164	0.147
AT4G14342	-0.0337	-0.0565	-0.0215
AT4G14350	-0.3593	0.2089	0.1051
AT4G14360	-0.1593	0.4067	0.0964
AT4G14365	-0.0661	0.5666	0.3719
AT4G14370	0.0946	-0.0241	-0.0303
AT4G14380	-0.2567	-0.0069	-0.3055
AT4G14385	0.0834	-0.1313	0.2041
AT4G14410	-0.1219	0.2278	-0.0581
AT4G14420	-0.1693	0.0711	-0.0304
AT4G14430	-0.1365	-0.2323	-0.0518
AT4G14440	-0.3314	0.3031	-0.2699
AT4G14455	-0.24	0.4431	0.2063
AT4G14465	-0.1913	1.3436	-0.0582
AT4G14490	-0.1684	-0.6337	0.3032
AT4G14500	-0.2457	-0.0885	0.1412
AT4G14510	0.0941	0.0221	0.3579
AT4G14520	-0.0614	-0.2675	0.2435
AT4G14540	0.047	0.0678	-0.2553
AT4G14550	-0.6435	0.2071	-0.4559
AT4G14560	0.0624	0.4055	0.602
AT4G14570	-0.1001	0.0143	0.0318
AT4G14580	-0.2292	0.4828	-0.183
AT4G14590	-0.0818	-0.0126	0.3405
AT4G14600	-0.09	-0.166	0.1028
AT4G14605	-0.157	-0.0321	0.1861
AT4G14615	-0.2108	-0.4807	0.1756
AT4G14620	-1.0516	-1.3102	-0.0858
AT4G14650	-0.3765	-0.4252	-0.1756
AT4G14660	-0.002	-0.0765	0.2892
AT4G14680	0.2125	0.7592	-0.0104
AT4G14690	-0.6771	0.8942	-1.3236
AT4G14700	-0.3162	-0.4679	0.2008
AT4G14710	-0.14	0.3102	-0.0382
AT4G14713	-0.1777	-0.2096	0.1297
AT4G14716	-0.3101	0.0994	0.0037
AT4G14720	-0.112	-0.1039	-0.0097
AT4G14740	-0.2234	-0.1516	0.1386
AT4G14746	0.0871	0.7965	-0.2279
AT4G14750	-0.0052	0.3777	0.2055
AT4G14760	-0.1585	-0.2761	0.2478
AT4G14770	-0.3446	-0.7246	0.1725
AT4G14790	-0.0267	0.2019	0.2418
AT4G14800	-0.0328	0.4281	-0.0739
AT4G14820	-0.3936	-0.2525	-0.0321
AT4G14830	0.0053	-0.0599	0.0586
AT4G14840	0.0581	0.5144	0.347
AT4G14850	-0.0364	0.0269	0.0549
AT4G14860	-0.2062	-0.5951	-0.09
AT4G14870	0.0673	0.0016	0.0027
AT4G14880	-0.2574	-0.0107	-0.0035
AT4G14890	-0.0212	0.2345	-0.1493
AT4G14900	-0.0751	0.2	-0.0708
AT4G14910	-0.0019	0.2762	-0.0335
AT4G14920	0.1007	0.0808	0.3058
AT4G14930	0.0608	-0.1663	0.4622
AT4G14940	-0.1591	0.9991	-0.2045
AT4G14950	-0.13	0.3183	0.0292
AT4G14960	-0.1101	0.4674	-0.0751
AT4G14965	-0.1706	0.037	0.1006
AT4G14970	-0.367	-0.2662	0.2792
AT4G14990	0.0998	-0.3593	0.1956
AT4G15000	-0.2383	0.2201	-0.1916
AT4G15010	-0.1496	0.0999	0.1488
AT4G15020	-0.187	-0.1398	0.1204
AT4G15030	-0.0048	0.4376	0.2921
AT4G15070	0.0481	0.1315	-0.0743
AT4G15080	-0.0518	0.1155	0.1004
AT4G15090	0.0128	-0.1233	0.0629
AT4G15093	-0.1811	0.173	-0.0741
AT4G15110	-0.0946	-0.0933	0.1514
AT4G15130	-0.1154	0.1895	0.2157
AT4G15140	-0.55	-0.5708	0.0356
AT4G15160	0.5286	0.8392	-0.258
AT4G15165	0.068	0.4263	-0.0277
AT4G15180	0.139	-0.1931	-0.0189
AT4G15215	-0.2975	0.2586	0.3208
AT4G15230	0.0353	0.1008	0.1508
AT4G15233	0.7532	0.4985	0.2633
AT4G15240	-0.2348	0.2089	-0.0873
AT4G15248	-1.1234	0.307	-1.4152
AT4G15260	0.2228	0.2438	0.202
AT4G15340	-0.0191	0.4749	-0.3994
AT4G15390	-0.3689	-0.1292	-0.1302
AT4G15410	0.1588	0.4754	0.0956
AT4G15415	-0.1798	0.1907	0.0399
AT4G15420	-0.2993	-0.4139	0.0123
AT4G15430	-0.6919	-0.3478	-0.2872
AT4G15450	-0.5167	0.0328	0.2553
AT4G15470	-0.0676	0.6305	-0.1693
AT4G15475	-0.1191	-0.1803	0.0742
AT4G15480	-1.3537	-0.3526	-1.0445
AT4G15500	-0.6355	0.1715	-0.5839
AT4G15510	-0.025	0.3785	-0.0573
AT4G15520	-0.1145	-0.3648	0.1815
AT4G15530	0.8299	0.5256	-0.3305
AT4G15540	0.0315	-0.3811	0.2394
AT4G15545	-0.2568	0.0464	-0.0811
AT4G15550	0.314	0.1914	0.0908
AT4G15560	-0.1515	0.0678	0.0447
AT4G15563	-0.0906	0.3748	-0.3028
AT4G15570	-0.2092	-0.0498	0.3515
AT4G15610	-0.1905	-0.6884	-0.2804
AT4G15630	0.1006	-0.5713	-0.0674
AT4G15640	-0.2956	0.5446	0.1849
AT4G15660	-0.1987	0.3093	-0.0466
AT4G15670	-0.2593	0.0125	-0.0372
AT4G15680	-0.1169	-0.2073	0.1598
AT4G15700	-0.313	-0.0622	0.5768
AT4G15730	0.183	0.3363	0.5916
AT4G15760	-0.3481	-1.0033	-0.0843
AT4G15765	-0.4848	-1.3198	0.2234
AT4G15770	-0.1809	-0.0153	-0.022
AT4G15780	0.0407	-0.6771	0.4669
AT4G15790	-0.2613	0.3414	0.035
AT4G15800	-0.132	0.4349	-0.3455
AT4G15802	-0.09	0.2753	-0.0412
AT4G15810	-0.1018	-0.6574	0.3212
AT4G15820	-0.1501	0.0367	0.2451
AT4G15830	-0.5362	-0.8678	0.0405
AT4G15840	-0.1464	-0.1241	0.084
AT4G15850	0.0142	0.2989	0.1503
AT4G15880	-0.0712	0.0894	0.1635
AT4G15890	0.0653	0.0414	0.0336
AT4G15900	-0.0086	0.2203	0.1739
AT4G15910	0.2292	-0.5776	0.3689
AT4G15920	-0.8025	0.1056	-0.3332
AT4G15930	-0.3004	0.13	0.0428
AT4G15940	-0.2462	0.2086	-0.036
AT4G15950	-0.2543	-0.4141	0.0309
AT4G15955	0.0265	0.1049	0.1377
AT4G15960	-0.296	-0.0421	0.1358
AT4G15990	-0.4769	-1.8844	0.8397
AT4G16000	-0.4095	-1.1907	0.2576
AT4G16008	-0.1565	-0.9018	0.7971
AT4G16060	-0.1157	0.4215	0.0706
AT4G16070	0.1127	-0.0052	0.3461
AT4G16100	-0.0721	-0.0798	-0.0002
AT4G16110	-0.1215	-0.4101	-0.0107
AT4G16120	-0.1336	0.0896	0.059
AT4G16130	-0.0102	-0.0015	0.0789
AT4G16140	0.0411	0.0933	0.3717
AT4G16141	-0.1844	0.1255	0.2084
AT4G16143	-0.2456	0.0117	-0.0176
AT4G16144	-0.0117	0.3832	-0.1444
AT4G16146	0.1265	-0.531	0.1965
AT4G16150	0.2879	-0.0446	-0.0773
AT4G16155	-0.1165	0.0678	0.1525
AT4G16180	-0.0006	-0.4107	0.3354
AT4G16190	-0.4897	-1.8071	-0.3444
AT4G16210	0.3185	0.7917	0.1426
AT4G16250	0.1685	0.0547	0.0782
AT4G16260	-0.171	-0.1518	0.9405
AT4G16265	-0.0159	0.2239	-0.0268
AT4G16280	0.1767	0.1095	0.1369
AT4G16310	0.1041	-0.2641	0.1637
AT4G16330	-0.0559	-0.2379	0.1102
AT4G16340	-0.0301	0.3709	0.0801
AT4G16360	-0.0188	0.3322	0.0372
AT4G16370	-0.2858	0.6505	-0.1259
AT4G16380	-0.271	0.2854	-0.1558
AT4G16390	-0.0949	0.3676	-0.1215
AT4G16400	-0.2142	0.1922	-0.1998
AT4G16410	-0.0276	-0.2997	-0.2979
AT4G16420	0.1214	0.031	0.1429
AT4G16430	-0.2132	0.2249	-0.0932
AT4G16440	-0.0733	0.1894	0.1106
AT4G16442	0.0604	0.3647	0.1722
AT4G16444	-0.1271	-0.0345	-0.1213
AT4G16447	-0.1672	-0.5334	-0.3315
AT4G16450	-0.2122	-0.0621	-0.2008
AT4G16470	-0.0296	-0.4071	0.1494
AT4G16480	-0.2391	-0.3517	0.1296
AT4G16490	-0.1411	0.2164	-0.3001
AT4G16500	0.0811	0.7907	-0.1624
AT4G16510	-0.2672	-0.4405	-0.1372
AT4G16520	-0.0774	-0.1134	-0.0638
AT4G16535	0.2161	0.3001	0.1004
AT4G16540	0.0035	0.243	-0.0929
AT4G16563	-0.6869	-1.9733	0.0014
AT4G16566	-0.2601	0.0715	-0.0966
AT4G16570	-0.0717	0.0043	0.101
AT4G16580	-0.0707	0.063	0.0035
AT4G16610	-0.1714	-0.3859	0.1497
AT4G16620	0.1746	-0.4118	-0.0637
AT4G16630	0.0297	0.522	0.2703
AT4G16650	-0.1034	0.1527	-0.0139
AT4G16660	0.0743	0.3732	0.3973
AT4G16670	0.4231	1.0557	0.1885
AT4G16680	0.2034	-0.7838	-0.1661
AT4G16695	-0.0097	0.0657	-0.0519
AT4G16700	-0.2856	0.3016	0.1508
AT4G16710	-0.1633	0.674	0.0976
AT4G16720	0.047	0.4577	-0.0564
AT4G16745	-0.4487	-0.3556	0.3404
AT4G16750	-0.3221	-0.4095	-0.0683
AT4G16760	0.1357	0.6337	-0.0653
AT4G16765	0.1251	0.4332	0.0546
AT4G16770	-0.1863	0.7112	0.3829
AT4G16780	0.146	0.8095	0.4043
AT4G16790	-0.3089	0.3251	0.1445
AT4G16800	-0.18	-0.072	0.325
AT4G16807	-0.2777	-0.1218	0.3175
AT4G16830	0.0142	-0.0077	0.0149
AT4G16840	0.1007	0.4908	-0.3887
AT4G16845	-0.0638	0.2735	0.4048
AT4G16850	-0.0207	0.1922	0.1951
AT4G16857	-0.005	-0.046	0.2603
AT4G16860	0.0344	-0.0113	0.0148
AT4G16890	-0.2961	-0.5311	0.015
AT4G16900	0.1238	-0.0722	0.438
AT4G16920	-0.1205	0.1781	-0.0973
AT4G16950	-0.1155	0.4655	-0.2207
AT4G16970	-0.0493	-0.2914	0.403
AT4G16980	-0.7562	-0.2926	-0.1154
AT4G16983	-0.5721	-0.582	0.0527
AT4G17000	-0.4198	-0.8564	0.3729
AT4G17010	0.0393	0.2514	0.2991
AT4G17020	0.0399	0.1161	0.2191
AT4G17030	0.871	1.3423	0.3194
AT4G17040	-0.1177	-0.0627	0.226
AT4G17050	-0.1697	0.1524	0.1145
AT4G17060	0.0952	-0.2087	0.2554
AT4G17070	0.0846	0.3235	0.2836
AT4G17080	-0.1695	-0.0359	0.0164
AT4G17085	-0.2469	-0.4488	-0.1879
AT4G17090	-0.6948	-1.3239	-0.1534
AT4G17100	-0.1448	0.6008	-0.1777
AT4G17140	0.2892	-0.1268	-0.0346
AT4G17150	-0.0028	0.3549	0.1713
AT4G17170	-0.2035	0.3065	-0.2187
AT4G17180	0.0512	0.2273	0.2688
AT4G17190	0.0801	0.4601	0.2782
AT4G17230	0.1748	0.6008	-0.0523
AT4G17240	-0.219	0.4152	0.2194
AT4G17250	-0.1306	-0.0615	0.0871
AT4G17260	-0.0996	0.7757	0.144
AT4G17270	-0.034	0.4721	0.0793
AT4G17280	-0.4952	0.6038	-0.3896
AT4G17300	-0.0737	0.6375	0.0159
AT4G17310	-0.0427	0.4233	0.0697
AT4G17330	0.1718	0.1139	0.0607
AT4G17340	-0.5286	0.425	-0.7316
AT4G17350	-0.0044	0.4596	-0.2954
AT4G17360	-0.2077	0.1459	0.4552
AT4G17370	-0.1775	-0.4741	0.234
AT4G17390	0.0666	0.1977	0.052
AT4G17410	0.0477	-0.1076	0.0389
AT4G17420	-0.0908	0.1967	0.0933
AT4G17430	-0.27	0.1624	0.0257
AT4G17440	0.0376	0.3737	0.0686
AT4G17460	0.294	0.8103	0.3
AT4G17480	-0.5155	0.1236	0.1341
AT4G17483	-0.6363	-0.3452	0.3523
AT4G17486	-0.2445	-0.5914	0.034
AT4G17490	0.4645	-0.5421	0.2133
AT4G17500	0.4586	0.6091	0.3549
AT4G17510	0.0056	0.2985	0.0741
AT4G17520	0.1046	0.3908	0.1574
AT4G17530	-0.1302	0.2656	-0.1986
AT4G17540	-0.247	0.0296	0.3091
AT4G17550	-0.1009	-0.1894	0.0245
AT4G17560	-0.329	-0.1559	0.3011
AT4G17570	-0.2014	-0.0078	-0.0479
AT4G17600	-0.2296	0.1861	-0.0957
AT4G17610	0.1664	0.2234	0.3012
AT4G17615	0.367	0.9573	0.3578
AT4G17616	-0.0239	0.456	0.1781
AT4G17620	0.0965	0.0233	-0.0077
AT4G17640	-0.1101	0.109	0.2351
AT4G17650	0.0193	0.1067	0.1641
AT4G17670	-0.257	1.5247	0.3165
AT4G17695	-0.1642	0.7262	0.3708
AT4G17720	-0.0592	0.2437	0.1794
AT4G17730	-0.0711	-0.8981	0.1567
AT4G17740	0.0435	0.2637	0.2657
AT4G17750	-0.1217	-0.1425	0.5848
AT4G17760	-0.3169	-0.0471	0.0242
AT4G17770	0.0546	0.3779	-0.0196
AT4G17790	-0.0505	-0.5909	0.2469
AT4G17800	-0.0525	0.3896	-0.295
AT4G17830	-0.128	0.6602	0.278
AT4G17840	0.2595	-0.488	0.0354
AT4G17870	0.2206	0.916	0.0596
AT4G17880	-0.3122	-0.3185	0.066
AT4G17890	-0.3094	0.132	0.1547
AT4G17895	-0.2375	-0.1271	-0.0127
AT4G17900	0.0327	0.0962	-0.0737
AT4G17905	-0.1444	0.3491	0.3087
AT4G17910	-0.2452	0.3561	0.1199
AT4G17940	0.0464	0.2781	0.1464
AT4G17950	0.0647	0.6104	0.0162
AT4G17960	-0.1922	0.3315	0.4381
AT4G17970	-0.1733	0.0811	0.1106
AT4G18010	-0.1251	0.4655	-0.5398
AT4G18020	-0.2435	0.1446	0.2191
AT4G18030	0.0453	0.7237	0.2914
AT4G18040	-0.0153	0.782	0.0933
AT4G18060	-0.143	0.5278	-0.0611
AT4G18070	-0.1773	1.1384	-0.2753
AT4G18100	0.0354	0.2878	-0.0544
AT4G18130	0.2663	-0.0532	0.2835
AT4G18140	-0.1078	-0.1136	0.1749
AT4G18160	0.1575	-0.3749	-0.0129
AT4G18197	-0.2504	0.5087	0.0348
AT4G18205	0.0865	0.5537	-0.1077
AT4G18210	0.4509	0.0649	0.107
AT4G18230	-0.0685	-0.151	0.0413
AT4G18240	0.0117	-0.4801	0.4486
AT4G18260	-0.2345	-0.3747	0.3192
AT4G18270	-0.3531	-0.0527	0.0402
AT4G18280	0.071	0.7136	0.2214
AT4G18300	-0.2767	0.1774	0.0489
AT4G18340	0.1987	0.7715	0.1429
AT4G18360	-0.1064	0.4932	0.2472
AT4G18370	-0.2808	-0.5882	0.3584
AT4G18372	-0.2727	0.3155	-0.1681
AT4G18375	-0.1977	-0.2403	0.1516
AT4G18380	-0.1991	-0.0826	0.0623
AT4G18390	-0.6768	-0.2807	1.3168
AT4G18400	-0.2645	-0.9208	0.2055
AT4G18440	-0.0884	0.8803	0.4182
AT4G18460	-0.0937	0.3774	0.1902
AT4G18465	-0.0255	-0.0582	0.2108
AT4G18470	-0.2024	0.1065	0.3236
AT4G18480	-0.3134	0.4843	-0.0417
AT4G18490	0.2309	-0.2522	0.6976
AT4G18520	-0.2303	-0.5552	0.0614
AT4G18530	-0.1778	-0.4281	0.1779
AT4G18570	-0.4427	-0.2996	0.1424
AT4G18580	-0.1826	-0.2396	0.0409
AT4G18590	-0.0982	-0.3252	0.1472
AT4G18593	-0.1132	-0.0028	0.1912
AT4G18596	0.0204	0.077	0.0532
AT4G18600	0.004	-0.3409	0.1346
AT4G18610	-0.6806	-0.0368	-0.1411
AT4G18640	-0.4469	0.2029	-0.0186
AT4G18670	0.0658	0.4951	0.0711
AT4G18700	0.0185	-0.0158	-0.265
AT4G18710	0.0649	0.1074	-0.1341
AT4G18730	0.0094	0.0272	-0.0774
AT4G18740	0.0991	-0.1921	0.0547
AT4G18750	-0.1961	-0.241	0.2007
AT4G18760	-0.0109	0.3545	-0.1386
AT4G18780	-0.1974	0.6473	-0.1721
AT4G18800	-0.0638	0.7754	-0.0763
AT4G18810	-0.2405	0.1244	-0.1311
AT4G18820	0.1587	0.3273	0.2913
AT4G18840	-0.1349	0.1527	-0.0309
AT4G18880	0.0072	0.0978	-0.0548
AT4G18890	-0.2277	0.2203	-0.0558
AT4G18905	-0.0482	0.3441	0.1032
AT4G18910	-0.1605	0.145	-0.1784
AT4G18930	-0.1745	0.0372	-0.2562
AT4G18950	-0.1433	0.522	-0.1906
AT4G18975	-0.0648	0.4138	0.0279
AT4G19003	0.0458	0.402	0.0038
AT4G19006	-0.0382	0.322	-0.1173
AT4G19010	-0.0227	0.5383	0.3406
AT4G19020	0.1266	0.4044	0.4989
AT4G19030	0.0714	0.1885	0.452
AT4G19040	0.0007	0.0593	-0.0048
AT4G19045	-0.1865	0.4505	-0.0353
AT4G19060	-0.0787	0.1736	0.3494
AT4G19070	-0.2397	-0.1949	0.0802
AT4G19080	-0.2146	-0.1227	-0.1174
AT4G19090	-0.062	0.0241	0.1867
AT4G19100	-0.0102	0.1512	0.1607
AT4G19110	-0.167	0.2139	0.0124
AT4G19120	0.0352	1.4568	0.1266
AT4G19130	-0.117	-0.2029	0.1937
AT4G19140	-0.1146	0.0994	0.0708
AT4G19150	-0.0743	0.0094	0.1892
AT4G19160	0.3508	-0.7532	0.2955
AT4G19180	-0.1021	0.0282	-0.0471
AT4G19185	-0.0345	0.1718	0.1055
AT4G19190	-0.026	-0.4367	0.3975
AT4G19191	-0.2074	0.1959	0.0901
AT4G19200	-0.2354	0.1019	-0.0968
AT4G19210	-0.0494	-0.7374	0.0368
AT4G19230	0.7001	1.5795	0.0958
AT4G19350	-0.1245	0.3515	0.0624
AT4G19370	-0.1032	0.2015	0.1414
AT4G19390	0.6166	0.0244	-0.0746
AT4G19400	0.3039	0.3097	0.2198
AT4G19410	-0.2655	-0.489	-0.1458
AT4G19420	0.1285	0.8291	0.045
AT4G19440	-0.1395	0.3486	0.2021
AT4G19450	-0.3571	0.6496	-0.1442
AT4G19460	-0.119	0.4444	0.0956
AT4G19490	0.0369	0.1313	0.1535
AT4G19520	0.3605	0.677	-0.3098
AT4G19540	0.0209	0.1984	0.3421
AT4G19550	-0.4657	0.072	0.0898
AT4G19590	-0.3106	-0.3663	0.2969
AT4G19600	0.0203	-0.1759	0.3044
AT4G19610	-0.0217	0.1949	0.3601
AT4G19640	-0.1194	0.1623	-0.0609
AT4G19645	-0.7199	-0.3985	0.2789
AT4G19650	-0.0232	-0.162	0.4144
AT4G19660	-0.3615	-0.6345	0.3999
AT4G19670	-0.4354	0.053	0.0252
AT4G19700	0.1193	-0.1203	0.5114
AT4G19710	0.1347	0.4545	0.2967
AT4G19810	-0.6746	1.0557	0.3354
AT4G19830	-0.0494	-0.1357	0.1057
AT4G19840	-0.4547	-0.2746	0.8839
AT4G19860	0.0106	0.0902	0.0616
AT4G19865	0.0477	0.3012	0.0034
AT4G19870	-0.0244	0.0031	0.1402
AT4G19880	-0.3389	0.3211	-0.0509
AT4G19890	0.0529	-0.227	0.1868
AT4G19900	0.0098	0.4247	0.1451
AT4G19950	-0.0375	0.1316	-0.5295
AT4G19960	0.0599	-0.0642	-0.2809
AT4G19985	-0.1905	0.1126	0.293
AT4G19990	-0.1531	0.02	0.3767
AT4G20010	-0.158	0.3979	0.2821
AT4G20020	-0.0451	0.3036	0.1631
AT4G20030	-0.176	-0.1897	-0.0507
AT4G20060	0.081	-0.1041	0.2156
AT4G20070	-0.0515	-0.2206	0.3501
AT4G20090	-0.3539	0.0223	0.3291
AT4G20110	0.1001	0.1816	0.0111
AT4G20130	-0.2515	0.1617	0.1689
AT4G20140	-0.4625	-0.4955	-0.0357
AT4G20150	-0.1167	0.068	-0.2069
AT4G20170	0.1232	0.5625	0.0802
AT4G20240	-0.0013	1.0954	-0.1745
AT4G20260	-0.4169	0.4231	-0.3037
AT4G20270	-0.227	-0.0399	0.052
AT4G20280	-0.1492	-0.2362	0.0847
AT4G20300	-0.1184	0.7175	-0.0739
AT4G20310	-0.01	0.048	0.3012
AT4G20320	0.1409	0.3944	0.0428
AT4G20325	-0.2119	-0.1409	0.4316
AT4G20330	-0.131	-0.0935	0.2084
AT4G20340	-0.1291	0.0965	0.2183
AT4G20350	-0.0287	0.3638	0.1808
AT4G20362	0.3844	0.3914	-0.122
AT4G20380	0.0164	-0.1803	0.0353
AT4G20390	-0.5667	0.0507	0.1696
AT4G20400	0.0792	-0.2047	0.1372
AT4G20410	-0.1654	0.5897	-0.0923
AT4G20430	-0.3872	-0.6772	0.2678
AT4G20440	0.0899	0.3333	0.0756
AT4G20460	-0.4533	0.3726	-0.2577
AT4G20480	-0.0392	0.2116	-0.0289
AT4G20720	-0.2305	-0.293	0.0026
AT4G20740	-0.2253	-0.1238	0.2152
AT4G20760	-0.1366	0.259	-0.1872
AT4G20780	-0.0506	0.9615	-0.4728
AT4G20820	-0.4503	-0.9825	-0.1931
AT4G20830	0.0033	0.151	-0.0453
AT4G20840	-0.3405	0.1451	0.1309
AT4G20850	0.2495	-0.3896	0.269
AT4G20860	-0.3631	-0.3646	-0.4571
AT4G20870	-0.1423	-0.4404	0.0349
AT4G20880	-0.3046	-0.2843	0.0773
AT4G20890	-0.1781	0.1329	-0.0937
AT4G20910	-0.3812	-0.2401	0.0365
AT4G20930	-0.1547	0.0955	0.3747
AT4G20940	-0.2899	-0.0597	0.0634
AT4G20960	-0.1164	-0.0605	0.1574
AT4G20980	-0.0748	0.2249	0.0512
AT4G21060	-0.0804	0.0262	0.1822
AT4G21065	-0.0656	-0.1387	0.2755
AT4G21070	-0.3127	-0.405	0.3616
AT4G21090	-0.0573	0.2953	0.1533
AT4G21100	0.0892	0.0738	0.0894
AT4G21105	-0.3376	0.0861	-0.4095
AT4G21110	0.0233	-0.0586	-0.1084
AT4G21120	0.2629	-0.2152	-0.1417
AT4G21140	-0.2245	0.0786	0.1743
AT4G21150	0.001	0.091	0.2371
AT4G21160	-0.3342	0.0374	-0.0205
AT4G21170	-0.3146	0.2877	0.07
AT4G21180	-0.2042	0.1355	0.2155
AT4G21190	-0.2137	-0.3964	0.2176
AT4G21192	-0.3351	0.2741	-0.0047
AT4G21200	0.1619	0.888	0.061
AT4G21210	-0.0878	0.5375	-0.2499
AT4G21215	-0.1691	-0.1985	0.1157
AT4G21220	-0.1805	0.4425	0.053
AT4G21270	-0.2795	-0.6121	0.264
AT4G21280	-0.1855	0.443	-0.2261
AT4G21300	-0.1736	-0.2826	0.2123
AT4G21310	0.0948	0.6914	-0.0015
AT4G21320	0.4531	0.1704	0.1496
AT4G21326	-0.0527	-0.0615	0.3793
AT4G21350	-0.4601	-0.3757	-0.1471
AT4G21390	-0.0748	0.6987	-0.1157
AT4G21400	0.9665	2.2242	0.1882
AT4G21410	0.6606	1.8833	-0.2152
AT4G21430	-0.0066	0.0689	0.2617
AT4G21450	-0.3726	-0.2828	0.1034
AT4G21460	-0.1078	0.1465	0.3407
AT4G21470	0.0489	0.3086	0.1432
AT4G21480	-0.0987	0.241	0.2779
AT4G21500	0.2807	0.4365	-0.0676
AT4G21510	0.2964	0.0595	0.3733
AT4G21520	-0.3042	-0.1877	0.2814
AT4G21530	-0.2035	-0.0539	0.2051
AT4G21534	0.1671	0.0109	0.0336
AT4G21540	-0.1969	-0.5389	0.2569
AT4G21550	-0.2956	0.1293	0.2218
AT4G21560	0.0218	0.2037	-0.1584
AT4G21570	-0.3358	0.1073	0.0809
AT4G21580	-0.0579	0.1565	0.0944
AT4G21585	-0.1183	0.3127	0.1942
AT4G21590	0.0123	0.2602	0.9139
AT4G21600	-0.0528	0.2265	-0.1213
AT4G21610	0.1077	-0.1674	0.3177
AT4G21620	0.1086	-0.1198	-0.0563
AT4G21650	-0.0292	-0.5029	0.3565
AT4G21660	0.1652	-0.2083	0.2963
AT4G21670	0.0701	0.297	0.2173
AT4G21680	1.1792	1.1029	-0.4932
AT4G21700	-0.0319	0.3798	0.1943
AT4G21705	-0.3519	-0.0942	0.0202
AT4G21710	0.2945	-0.0551	0.1832
AT4G21720	-0.0057	0.3602	-0.145
AT4G21740	-0.3107	0.357	-0.1911
AT4G21750	0.351	-0.0689	0.4099
AT4G21770	-0.1718	-0.1264	0.2847
AT4G21790	-0.1096	-0.7639	-0.0148
AT4G21800	-0.0723	0.2087	0.3121
AT4G21810	-0.1876	-0.2777	-0.165
AT4G21820	-0.3615	-0.8687	0.5111
AT4G21850	0.1302	-0.2612	-0.0191
AT4G21860	0.0143	0.0966	0.0044
AT4G21865	-0.0142	0.1154	0.5702
AT4G21870	0.721	2.0285	-0.2447
AT4G21880	-0.0181	0.3944	0.6351
AT4G21890	-0.2068	-0.2329	0.2583
AT4G21900	0.0677	0.3318	0.1147
AT4G21910	-0.3707	0.1225	-0.009
AT4G21960	-0.3041	0.0205	0.0927
AT4G21980	-0.1293	-0.0045	-0.4003
AT4G21990	-0.0448	0.4354	-0.049
AT4G22000	-0.1991	0.0929	0.1781
AT4G22010	0.2554	0.6247	0.2292
AT4G22120	-0.5531	-0.2623	-0.1115
AT4G22130	-0.2589	0.307	0.1837
AT4G22140	-0.1174	-0.183	0.0889
AT4G22150	-0.1134	0.4276	-0.0951
AT4G22160	-0.3525	-0.2791	0.0203
AT4G22190	-0.1114	0.219	0.0613
AT4G22212	0.1117	-0.2225	-0.491
AT4G22220	-0.02	0.158	-0.193
AT4G22233	0.2368	0.3094	0.1489
AT4G22240	0.0244	0.7887	0.1059
AT4G22250	0.0503	0.0243	0.1771
AT4G22260	-0.254	-0.096	0.3571
AT4G22270	-0.4808	-0.0606	-0.3936
AT4G22280	0.0293	-0.1708	0.3756
AT4G22285	-0.0707	0.1735	0.23
AT4G22290	-0.2013	0.365	0.0021
AT4G22300	-0.0547	-0.0435	0.0546
AT4G22305	-0.241	-0.1988	-0.1072
AT4G22310	-0.1419	0.5399	-0.1905
AT4G22320	0.0095	0.5405	0.2049
AT4G22330	-0.095	-0.0215	0.0568
AT4G22340	0.0347	-0.0322	0.0821
AT4G22350	-0.2236	0.1724	0.1525
AT4G22360	0.0544	-0.1955	0.0374
AT4G22380	-0.2059	0.3797	-0.1496
AT4G22530	-0.1797	-0.1261	0.2436
AT4G22540	0.0623	0.1151	0.2926
AT4G22550	0.17	0.2213	-0.0565
AT4G22560	-0.1209	-0.0958	0.207
AT4G22570	-0.4626	-0.3967	0.1588
AT4G22580	-0.1109	0.5763	0.0454
AT4G22590	0.1373	1.1683	-0.2993
AT4G22670	-0.017	0.2765	0.0296
AT4G22690	0.0127	-0.019	-0.0014
AT4G22710	0.7418	-0.4005	0.1746
AT4G22720	-0.0426	-0.0682	0.1621
AT4G22730	-0.9889	0.824	0.4472
AT4G22740	-0.0167	0.1836	0.2043
AT4G22745	-0.1371	-0.1403	-0.036
AT4G22750	-0.3992	-0.9354	-0.0293
AT4G22756	-0.2867	-0.1173	-0.0366
AT4G22760	-0.0291	-0.2259	0.3853
AT4G22770	0.1985	0.5112	0.2589
AT4G22780	-0.1174	0.1871	-0.086
AT4G22790	-0.2571	-0.1566	0.0745
AT4G22810	0.2532	0.0846	-0.0132
AT4G22820	-0.1958	-0.1077	-0.0012
AT4G22830	-0.2681	0.1772	-0.0721
AT4G22840	0.0661	0.6316	0.0576
AT4G22850	-0.2771	-0.1467	0.1327
AT4G22860	-0.485	-0.9257	0.3147
AT4G22890	-0.1654	-0.2288	0.1495
AT4G22910	-0.0156	0.4173	0.281
AT4G22920	-0.1471	0.2106	-0.1711
AT4G22930	-0.0192	0.3309	-0.0732
AT4G22970	-0.0832	-0.2419	0.2155
AT4G22980	-0.5113	0.2688	-0.655
AT4G22990	0.5791	-0.6876	-0.0119
AT4G23000	0.197	-0.3533	0.4451
AT4G23010	-0.1882	0.3101	-0.0804
AT4G23020	-0.496	-0.4496	0.3066
AT4G23040	0.1355	0.2918	0.0836
AT4G23050	0.0959	0.2223	0.1305
AT4G23060	0.1868	0.3379	0.2312
AT4G23070	-0.2691	-0.2772	-0.3418
AT4G23100	-0.1902	0.0101	-0.0259
AT4G23170	-0.2796	-0.3573	-0.2195
AT4G23180	0.2151	0.7047	0.0901
AT4G23190	-0.1168	0.3094	0.2321
AT4G23270	0.0687	0.1787	-0.1749
AT4G23330	-0.1012	0.2671	0.0763
AT4G23400	-0.6275	-0.8586	-0.3424
AT4G23410	0.0582	-0.0138	-0.1091
AT4G23420	-0.0881	-0.0654	0.0777
AT4G23430	-0.2996	0.2926	0.1346
AT4G23440	0.2636	0.4199	0.0553
AT4G23450	-0.7952	-0.0737	-0.5809
AT4G23460	0.0274	0.5722	-0.0668
AT4G23470	0.096	0.5459	-0.0991
AT4G23490	-0.2998	0.0309	-0.0843
AT4G23500	-0.6247	-0.4526	-0.104
AT4G23510	0.0957	-0.0556	0.2783
AT4G23530	-0.0358	0.0945	0.208
AT4G23540	-0.0967	0.23	0.2753
AT4G23550	0.0887	-0.0628	-0.5767
AT4G23560	0.9213	0.6149	-0.7576
AT4G23570	0.1552	0.5123	-0.0691
AT4G23620	-0.1166	0.3624	0.2065
AT4G23630	-0.0926	0.3386	-0.1543
AT4G23640	-0.104	0.0989	0.07
AT4G23650	0.0887	0.4749	0.1128
AT4G23660	0.0181	-0.2793	0.1921
AT4G23670	-0.252	0.0445	0.9272
AT4G23680	0.6683	1.158	0.7669
AT4G23690	-0.11	0.5269	-0.3513
AT4G23700	-0.1258	-0.4546	0.1996
AT4G23710	-0.1506	0.3762	-0.1556
AT4G23730	0.0125	0.4788	-0.0027
AT4G23740	-0.1994	0.0176	-0.0989
AT4G23750	0.5404	1.5389	0.3067
AT4G23760	-0.1015	-0.0215	-0.0564
AT4G23770	-0.1597	0.6418	0.0709
AT4G23790	-0.3421	0.5218	0.2098
AT4G23800	-0.2884	-0.7381	0.4276
AT4G23810	-0.0985	-0.4433	0.4142
AT4G23820	0.1444	0.1256	0.2523
AT4G23840	0.2136	-0.0453	0.0021
AT4G23850	0.0359	0.4383	-0.0274
AT4G23860	0.0753	-0.1072	0.2597
AT4G23870	-0.2306	0.0404	-0.2729
AT4G23880	-0.0952	0.2004	-0.0939
AT4G23885	0.1354	0.7269	-0.0716
AT4G23890	-0.0591	-0.5646	-0.1867
AT4G23895	-0.1404	0.1871	0.1237
AT4G23900	-0.0641	0.0867	0.1499
AT4G23910	-0.0808	0.3127	0.1387
AT4G23920	0.049	0.8179	-0.0919
AT4G23930	0.078	0.1969	-0.0594
AT4G23940	-0.0522	-0.065	0.1645
AT4G23950	-0.1683	-0.0114	0.3347
AT4G23980	-0.534	-0.0395	0.2806
AT4G24015	0.5785	0.8966	1.0564
AT4G24020	-0.1657	0.0656	-0.081
AT4G24050	0.0008	-0.3363	0.5695
AT4G24060	-0.2227	0.0101	0.1525
AT4G24090	-0.0452	0.2496	-0.2742
AT4G24100	-0.0664	0.3303	-0.0448
AT4G24110	0.7061	0.1943	0.2836
AT4G24130	-0.5387	0.7989	-0.3892
AT4G24140	-0.3802	0.84	0.4518
AT4G24160	-0.1243	0.4458	-0.1146
AT4G24175	-0.1298	0.1742	0.1677
AT4G24190	0.0396	0.2387	0.2273
AT4G24200	-0.069	-0.0394	-0.1272
AT4G24210	-0.1163	0.1655	-0.1242
AT4G24220	0.0418	-0.3418	-0.0726
AT4G24230	0.2547	-1.0751	0.1477
AT4G24240	-0.1076	0.5741	-0.1792
AT4G24260	-0.3043	-0.1648	0.0966
AT4G24270	0.0617	0.4547	0.212
AT4G24275	0.7807	1.9383	0.2103
AT4G24280	-0.034	0.2476	0.209
AT4G24290	-0.1106	0.1334	0.2183
AT4G24320	-0.0029	-0.022	0.183
AT4G24330	0.0322	0.3189	-0.0192
AT4G24350	0.1834	0.1978	0.8205
AT4G24370	-0.0451	0.0196	-0.1485
AT4G24380	0.1005	0.5901	0.2136
AT4G24390	-0.3362	-0.0853	0.0182
AT4G24400	-0.3153	0.136	0.1
AT4G24440	0.0325	-0.0507	-0.1269
AT4G24450	-0.0706	-0.1304	0.3108
AT4G24460	0.0303	0.6712	0.3203
AT4G24470	-0.0587	-0.1194	0.1688
AT4G24480	0.4207	1.0935	0.0481
AT4G24490	-0.145	0.1188	0.0383
AT4G24500	-0.1789	-0.2489	0.2841
AT4G24510	0.6663	0.554	-0.1571
AT4G24520	-0.0877	-0.5686	0.3391
AT4G24530	-0.119	0.0482	0.1739
AT4G24550	-0.1464	0.0638	-0.042
AT4G24560	0.0152	0.0116	0.0368
AT4G24570	0.7212	1.2053	0.2301
AT4G24580	-0.0887	-0.244	0.0999
AT4G24590	-0.0116	-0.0546	0.0306
AT4G24610	-0.1865	-0.5175	0.4187
AT4G24620	-0.2218	0.2066	0.0953
AT4G24630	-0.1777	-0.8527	0.1456
AT4G24670	-0.3775	0.138	0.0446
AT4G24680	0.1632	-0.177	0.1731
AT4G24690	-0.0653	-0.306	-0.1126
AT4G24710	-0.0564	-0.238	0.387
AT4G24730	-0.0359	0.3955	0.0835
AT4G24740	0.1689	0.9712	0.1288
AT4G24750	-0.0848	0.1141	-0.0367
AT4G24760	0.1324	0.4064	0.2674
AT4G24770	0.1925	-0.1102	0.0691
AT4G24780	-0.7167	-0.2722	0.6306
AT4G24790	-0.431	-0.4929	0.094
AT4G24800	-0.0413	-0.8183	0.0196
AT4G24805	-0.1194	0.4401	-0.0664
AT4G24810	-0.0219	0.1419	0.106
AT4G24820	-0.0961	-0.037	-0.0085
AT4G24830	-0.0611	0.2226	0.1796
AT4G24840	-0.0794	0.1368	0.0066
AT4G24880	-0.0681	0.0959	-0.0033
AT4G24900	-0.0336	0.3387	0.2958
AT4G24910	0.0633	0.2895	0.064
AT4G24920	0.0778	0.642	-0.0912
AT4G24930	-0.2485	0.2937	-0.2816
AT4G24940	-0.16	0.3522	-0.0003
AT4G24960	-0.2064	0.1873	-0.0252
AT4G24970	-0.0683	0.1983	0.1559
AT4G24972	-0.1429	-0.2904	-0.0422
AT4G24990	-0.1287	0.1219	-0.1007
AT4G25020	0.0056	0.0348	0.0282
AT4G25030	-0.2841	-0.7656	-0.2173
AT4G25050	-0.0508	0.2391	-0.0942
AT4G25070	0.3785	0.7085	0.1059
AT4G25080	-0.0381	-0.1879	0.06
AT4G25100	0.6492	1.8588	0.1392
AT4G25120	0.0061	-0.0098	0.6551
AT4G25130	-0.0842	0.4194	-0.0653
AT4G25150	-0.3011	-0.2895	0.2311
AT4G25170	0.6598	0.3407	-0.0211
AT4G25180	-0.0513	0.086	0.1393
AT4G25210	0.04	0.4528	0.0912
AT4G25225	-0.166	-0.1778	-0.1623
AT4G25230	-0.2616	-0.0294	-0.0011
AT4G25240	-0.4728	-0.5392	0.035
AT4G25260	0.4546	1.1398	-0.1525
AT4G25270	0.0621	0.0806	0.1184
AT4G25280	-0.105	-0.0481	0.2157
AT4G25290	-0.0665	0.0617	0.2537
AT4G25300	0.0692	0.1015	0.2257
AT4G25315	-0.2583	0.2998	0.0216
AT4G25320	-0.228	0.3712	0.0664
AT4G25340	0.1125	0.9018	0.3814
AT4G25360	-0.0614	0.1427	0.0612
AT4G25370	-0.0603	0.1629	0.1378
AT4G25390	0.0215	0.2187	0.0819
AT4G25420	0.2231	0.3196	0.174
AT4G25440	-0.0233	0.0904	0.0947
AT4G25450	0.2094	0.3293	0.0204
AT4G25500	0.0447	-0.1785	0.0163
AT4G25515	-0.095	0.1217	0.1943
AT4G25520	0.1426	0.1034	0.4383
AT4G25540	-0.1869	-0.4445	0.186
AT4G25550	0.0754	0.4881	0.0616
AT4G25570	-0.3118	-0.0747	-0.2978
AT4G25600	-0.0752	0.1677	0.19
AT4G25610	0.0998	0.4042	0.0198
AT4G25620	0.0791	0.5903	0.1024
AT4G25630	-0.0649	0.7285	0.0655
AT4G25640	-0.8008	-0.0202	-0.5517
AT4G25650	0.2236	0.1475	0.0252
AT4G25660	-0.2223	0.3295	0.0112
AT4G25670	-0.1958	-0.1205	0.0302
AT4G25680	-0.2168	0.6395	-0.0662
AT4G25690	-0.1655	-0.0117	0.1028
AT4G25700	-0.6075	0.0973	-0.475
AT4G25707	0.1938	-0.2564	0.4872
AT4G25710	-0.2376	-0.4957	0.0711
AT4G25720	-0.022	0.2619	0.3055
AT4G25730	-0.008	0.3327	0.366
AT4G25740	0.0809	0.2665	0.1032
AT4G25760	0.4151	0.659	0.1788
AT4G25770	-0.0295	0.4787	-0.121
AT4G25780	0.0546	0.065	-0.0905
AT4G25790	0.285	0.5191	-0.4347
AT4G25800	0.1796	0.1899	0.2184
AT4G25810	0.0616	0.6411	0.0955
AT4G25830	-0.2772	0.382	-0.8337
AT4G25835	-0.0334	0.2516	0.092
AT4G25840	-0.0539	0.5816	0.139
AT4G25850	0.6741	0.764	-0.0144
AT4G25870	-0.0503	0.5889	0.21
AT4G25880	-0.0636	-0.0464	0.2082
AT4G25890	-0.0414	0.5407	-0.097
AT4G25900	-0.118	0.48	-0.0742
AT4G25910	-0.3929	-0.6408	-0.1148
AT4G25940	0.0295	0.4962	-0.1108
AT4G25960	0.373	-0.1529	-0.064
AT4G25970	0.0578	-0.2193	0.104
AT4G26000	0.039	0.2197	0.0056
AT4G26055	0.0096	0.307	0.015
AT4G26060	-0.0741	0.4294	-0.2656
AT4G26070	-0.0434	0.742	0.3282
AT4G26080	-0.0116	0.2005	-0.1021
AT4G26090	0.1704	0.1412	0.0354
AT4G26095	-0.0397	0.0663	0.4767
AT4G26100	0.0254	0.4704	0.1692
AT4G26110	-0.2334	-0.1227	0.3907
AT4G26120	0.5001	0.1073	0.1963
AT4G26130	-0.3245	0.4128	-0.27
AT4G26140	-0.4153	-0.5345	-0.2162
AT4G26160	-0.2061	-0.1675	-0.0251
AT4G26180	-0.0359	-0.131	0.238
AT4G26190	0.1255	0.3935	0.425
AT4G26200	0.335	0.0385	-0.0727
AT4G26210	0.0788	0.1539	0.1296
AT4G26220	0.1397	-0.2052	0.2677
AT4G26230	-0.1721	0.1883	0.062
AT4G26240	-0.0878	0.1002	-0.0267
AT4G26270	0.1301	-0.0534	0.5347
AT4G26300	0.0705	0.3205	0.2418
AT4G26310	-0.1105	0.163	0.1331
AT4G26320	0.126	0.3354	-0.5225
AT4G26370	-0.0643	0.2091	0.0674
AT4G26400	-0.0161	-0.6503	0.3305
AT4G26410	-0.0014	0.1477	0.0562
AT4G26430	0.1002	0.4065	0.1776
AT4G26450	-0.0409	-0.0791	0.193
AT4G26455	-0.2242	0.0752	0.1027
AT4G26470	0.1515	0.3521	0.1861
AT4G26480	0.0548	0.348	0.2695
AT4G26488	-0.0739	1.4929	0.2106
AT4G26490	-0.3363	-0.2386	0.1478
AT4G26500	-0.1383	0.0877	-0.0542
AT4G26510	0.062	0.1394	0.2135
AT4G26540	-0.0003	0.1243	-0.0983
AT4G26550	-0.0047	0.0365	0.0209
AT4G26555	0.0221	-0.1376	0.1119
AT4G26570	-0.1059	0.3194	0.1477
AT4G26582	0.1407	0.3248	0.3381
AT4G26600	0.0592	0.2633	0.4787
AT4G26610	-0.0075	-0.1629	-0.0203
AT4G26620	0.0002	-0.1694	0.0894
AT4G26630	0.0514	0.6691	0.2422
AT4G26640	0.1166	0.4307	0.316
AT4G26650	-0.2069	0.0723	0.0881
AT4G26660	-0.4854	-0.9132	0.2671
AT4G26670	-0.0691	-0.2586	-0.1107
AT4G26680	0.0387	-0.0773	0.3025
AT4G26690	-0.145	0.1664	-0.2945
AT4G26700	0.5955	-0.1053	0.3762
AT4G26710	-0.2556	-0.4373	-0.1735
AT4G26720	-0.1074	-0.326	0.1762
AT4G26750	0.1587	0.4751	-0.224
AT4G26760	0.0878	0.0456	0.3816
AT4G26780	-0.0879	0.6378	0.2373
AT4G26790	-0.9596	-0.8164	0.0109
AT4G26795	-0.0057	0.6284	0.2536
AT4G26800	-0.3207	0.4991	0.1186
AT4G26810	-0.0772	0.043	-0.0551
AT4G26840	-0.1043	0.0371	-0.1212
AT4G26850	-0.1861	-0.2753	-0.2088
AT4G26860	-0.0963	-0.0494	0.2938
AT4G26870	0.0186	0.0816	0.1707
AT4G26890	0.0896	1.6848	-0.1236
AT4G26900	-0.0108	0.3571	0.2419
AT4G26910	-0.1503	0.3668	-0.066
AT4G26940	0.0067	0.7748	-0.062
AT4G26950	0.2602	0.7954	0.072
AT4G26960	-0.0528	-0.1228	0.0154
AT4G26965	0.0121	0.1277	0.081
AT4G26970	-0.0543	0.381	-0.1458
AT4G26980	-0.0193	-0.0639	0.2252
AT4G26990	-0.0898	0.5906	-0.0066
AT4G27000	-0.1581	-0.4002	0.0598
AT4G27010	0.2345	0.4477	0.09
AT4G27020	0.0267	0.0656	-0.0877
AT4G27030	-0.4151	0.0721	-0.6235
AT4G27040	0.0233	0.3259	0.1416
AT4G27050	0.0654	0.3778	0.3287
AT4G27060	-0.2196	0.0414	0.2355
AT4G27070	-0.1054	-0.0451	0.2113
AT4G27080	-0.0172	0.4693	0.1309
AT4G27090	-0.0895	-0.1311	-0.0441
AT4G27100	-0.0263	0.7219	0.2329
AT4G27120	-0.0358	0.2613	0.1972
AT4G27130	0.2198	-0.444	-0.0288
AT4G27180	-0.195	0.4895	0.1453
AT4G27230	-0.0053	0.1634	-0.0004
AT4G27240	-0.328	-0.1721	0.0114
AT4G27250	0.079	-0.0029	-0.0819
AT4G27260	0.1264	-0.615	-0.523
AT4G27270	0.0658	0.4879	-0.0247
AT4G27280	0.6328	1.2163	0.2471
AT4G27300	0.5011	0.8834	-0.0606
AT4G27310	-0.2341	1.1279	-0.6913
AT4G27320	0.0141	0.1787	0.0763
AT4G27340	-0.0766	0.7127	0.1761
AT4G27350	-0.1995	0.1331	0.0281
AT4G27370	-0.21	0.3124	0.398
AT4G27380	-0.0837	0.3736	0.0139
AT4G27390	-0.0357	0.253	0.0955
AT4G27410	-0.5014	-0.7266	-0.8113
AT4G27430	0.0593	0.4451	-0.0793
AT4G27435	-0.2055	-0.055	-0.0142
AT4G27440	-0.3187	-0.4873	-0.0202
AT4G27450	0.6559	-1.1705	1.0418
AT4G27460	0.5302	-0.1229	0.5499
AT4G27470	0.0411	-0.2648	-0.0766
AT4G27480	0.1192	0.4537	0.0808
AT4G27490	-0.0258	0.3744	0.2371
AT4G27500	0.3073	0.3823	0.2105
AT4G27510	-0.2915	-0.0359	0.3772
AT4G27520	-0.9452	0.3941	-0.138
AT4G27540	-0.0315	0.3853	0.2234
AT4G27560	-0.9848	-0.3161	-0.0867
AT4G27585	-0.1443	0.5635	0.1989
AT4G27595	-0.4116	-0.1297	0.3007
AT4G27600	-0.0023	-0.2191	0.0609
AT4G27610	-0.0031	-0.3671	0.2416
AT4G27620	-0.3209	-0.0088	-0.0029
AT4G27630	-0.0871	0.364	0.2511
AT4G27640	-0.0332	-0.0124	0.1687
AT4G27650	0.0713	0.0991	0.1956
AT4G27652	0.4597	-0.0066	-0.3579
AT4G27657	-0.0882	-0.2306	-0.7264
AT4G27660	0.0019	-0.1545	0.2446
AT4G27680	0.0738	0.2541	-0.0414
AT4G27690	-0.0353	0.3029	0.0576
AT4G27700	-0.0001	0.334	-0.1702
AT4G27710	-0.0567	0.3123	-0.2993
AT4G27720	-0.2252	0.712	0.0327
AT4G27730	0.2353	0.9301	0.046
AT4G27740	-0.1392	-0.0598	0.0125
AT4G27745	-0.3036	-0.1327	-0.2335
AT4G27750	-0.0715	-0.0345	0.0662
AT4G27760	0.084	0.0642	0.2509
AT4G27780	0.2176	0.8196	0.0531
AT4G27800	0.0212	-0.4125	0.2246
AT4G27820	0.138	-0.1214	0.0464
AT4G27830	-0.4575	-0.0192	0.1456
AT4G27840	-0.3311	-0.1832	-0.1719
AT4G27852	0.1076	0.1264	-0.0075
AT4G27860	-0.1022	-0.3314	0.2334
AT4G27870	0.0122	-0.4394	0.0085
AT4G27880	-0.187	-0.2145	-0.0526
AT4G27900	0.6376	1.394	0.2772
AT4G27910	0.0839	0.0891	0.231
AT4G27940	0.0558	-0.013	-0.0509
AT4G27950	-0.0547	-0.0256	0.0638
AT4G27960	-0.056	0.8905	-0.108
AT4G27970	0.1854	1.6699	0.3177
AT4G27990	-0.085	-0.1464	-0.1337
AT4G28010	-0.3982	-0.2314	0.1566
AT4G28020	0.2736	-0.1493	0.2582
AT4G28025	-0.1031	-0.2436	-0.1912
AT4G28030	-0.099	-0.4568	-0.0706
AT4G28040	0.2628	-0.7713	0.2305
AT4G28050	-0.0699	0.2958	0.1203
AT4G28060	-0.1873	-0.1509	-0.1614
AT4G28070	-0.0005	0.2085	0.197
AT4G28080	0.3186	-0.4561	0.0205
AT4G28085	0.0509	0.1122	-0.2613
AT4G28100	-0.118	0.4517	0.0589
AT4G28150	0.0798	-0.1196	0.4143
AT4G28162	-0.3832	0.0496	-0.1676
AT4G28180	-0.0539	-0.207	0.0866
AT4G28190	0.2636	0.5601	-0.0553
AT4G28200	0.1832	0.088	0.2177
AT4G28210	0.027	0.3745	-0.059
AT4G28220	0.1745	0.3066	0.2201
AT4G28230	-0.5519	-0.4731	0.0468
AT4G28240	0.4484	-0.189	0.2596
AT4G28250	-0.6968	-0.1167	0.2838
AT4G28260	-0.004	-0.2631	0.0745
AT4G28270	0.9588	-0.2614	0.1111
AT4G28290	0.4773	-0.5344	-0.0745
AT4G28300	0.0299	-0.1828	0.1283
AT4G28310	-0.3843	-0.7405	0.2054
AT4G28320	-0.1217	-0.0144	0.1837
AT4G28330	-0.062	0.087	0.0998
AT4G28360	-0.0637	0.2691	0.0568
AT4G28370	-0.1504	0.1569	-0.0702
AT4G28390	0.2059	0.0987	0.2019
AT4G28400	-0.0829	0.8215	0.4185
AT4G28430	-0.6091	-0.3841	0.1233
AT4G28440	-0.0516	0.3129	-0.0719
AT4G28450	-0.1996	0.4116	0.1327
AT4G28470	0.0996	0.2982	0.1228
AT4G28480	-0.1531	0.3883	0.1222
AT4G28490	-0.4984	0.0621	0.5493
AT4G28510	-0.2743	0.2208	0.2523
AT4G28540	-0.162	0.2221	0.1052
AT4G28550	-0.0531	0.5759	0.0619
AT4G28570	0.0653	0.5994	0.2172
AT4G28590	0.0748	0.2273	-0.0318
AT4G28600	-0.119	0.5208	-0.0913
AT4G28610	-0.2025	-0.0575	0.1965
AT4G28630	-0.2337	0.3244	0.1953
AT4G28640	-0.1775	0.1849	0.2342
AT4G28650	0.402	-0.0026	0.3192
AT4G28660	-0.4188	0.2077	-0.4605
AT4G28690	-0.0022	0.0982	0.203
AT4G28703	0.122	-0.0813	-0.1751
AT4G28706	0.0461	0.5005	0.1305
AT4G28710	0.1925	0.2957	0.2052
AT4G28720	-0.1003	-0.2269	-0.0617
AT4G28730	-0.2017	0.4691	-0.1121
AT4G28740	-0.6113	-0.0433	-0.2296
AT4G28750	0.1934	0.8294	-0.4208
AT4G28760	-0.0436	-0.1689	0.3017
AT4G28770	-0.2254	0.2288	-0.2064
AT4G28820	-0.143	-0.2761	0.2779
AT4G28830	0.1405	-0.1679	0.2439
AT4G28840	0.2329	0.1212	0.6817
AT4G28860	-0.1215	-0.1451	0.1585
AT4G28880	-0.1042	-0.1536	0.0928
AT4G28890	-0.3969	0.0651	-0.2893
AT4G28910	-0.0865	0.0902	0.1585
AT4G28950	-0.6168	-0.2179	-0.0297
AT4G28980	-0.123	-0.0749	0.0147
AT4G28990	0.0353	0.1318	0.2189
AT4G29000	-0.0113	-0.2931	0.1065
AT4G29010	-0.0395	0.0648	0.178
AT4G29020	0.667	0.1723	0.0511
AT4G29040	-0.0493	0.3964	-0.1237
AT4G29060	-0.0382	-0.0452	-0.0321
AT4G29070	-0.2489	-0.4305	0.0182
AT4G29080	-0.725	-0.443	0.1447
AT4G29100	-0.2957	-0.245	0.0561
AT4G29110	-0.317	0.3966	-0.1651
AT4G29120	0.101	0.254	0.0506
AT4G29130	-0.1895	0.2726	-0.0091
AT4G29140	0.0399	-0.6018	-0.4216
AT4G29160	-0.2159	0.4962	-0.0318
AT4G29170	-0.1515	0.3427	0.2443
AT4G29190	-0.2134	-1.0091	0.181
AT4G29210	-0.1862	-0.2936	0.2676
AT4G29220	-0.2284	0.2984	-0.0121
AT4G29230	-0.3786	-0.3518	0.375
AT4G29240	-0.4332	-0.1033	0.0624
AT4G29260	-0.0826	0.154	-0.0765
AT4G29270	-0.3824	-0.3294	0.6155
AT4G29310	0.0745	1.255	0.5129
AT4G29330	-0.0803	0.3371	-0.0024
AT4G29350	-0.1745	0.4886	-0.0744
AT4G29360	-0.1862	-0.1915	0.2175
AT4G29380	0.2358	-0.5354	0.1074
AT4G29390	0.0191	0.3454	-0.1998
AT4G29400	-0.1942	0.5159	0.2696
AT4G29410	0.0717	0.2151	0.0288
AT4G29420	-0.0051	-0.1255	-0.0971
AT4G29430	-0.0717	0.4118	0.0152
AT4G29440	0.1322	0.3001	0.1634
AT4G29480	-0.0984	-0.1363	-0.1029
AT4G29490	-0.1825	0.1025	0.1352
AT4G29510	-0.1794	0.3336	0.1295
AT4G29520	-0.2849	0.418	0.1895
AT4G29530	-0.1814	-0.0095	0.1063
AT4G29540	-0.0206	0.4016	0.3678
AT4G29560	-0.0558	-0.1647	0.2237
AT4G29590	-0.2411	0.4317	-0.012
AT4G29660	0.0798	0.0945	0.06
AT4G29670	0.0372	0.7024	0.0271
AT4G29680	-0.2164	-0.007	0.083
AT4G29690	0.0265	0.4981	0.2212
AT4G29700	-0.5743	-0.1247	0.1422
AT4G29720	0.0971	0.6531	-0.0115
AT4G29730	-0.131	0.0743	0.2284
AT4G29735	-0.1874	-0.0461	-0.1655
AT4G29750	-0.1046	0.0961	0.2002
AT4G29780	0.5541	1.3085	-0.0139
AT4G29790	0.2248	0.1269	0.261
AT4G29810	-0.2484	0.6246	0.063
AT4G29820	-0.1978	-0.588	0.2801
AT4G29830	0.0015	0.4552	-0.0386
AT4G29840	0.2799	-0.3083	0.0575
AT4G29860	0.0542	0.0164	0.2077
AT4G29870	-0.0348	-0.3447	-0.0171
AT4G29890	-0.0267	0.2171	0.1845
AT4G29900	0.3064	0.0629	0.0615
AT4G29905	-0.4871	-1.4582	-0.3116
AT4G29910	0.0288	-0.1612	0.3258
AT4G29920	-0.4542	-0.3717	-0.0546
AT4G29940	0.0065	0.0636	0.3739
AT4G29950	-0.2155	-0.8646	-0.2898
AT4G29960	-0.0907	-0.1154	0.0365
AT4G29990	-0.0996	0.0676	0.1424
AT4G30000	-0.1848	-0.1978	0.002
AT4G30010	-0.2573	0.1695	-0.2358
AT4G30020	-0.5109	0.6657	0.4726
AT4G30060	0.2902	1.5831	-0.0677
AT4G30080	-0.1094	-0.1292	0.0821
AT4G30090	0.0629	0.4686	0.0261
AT4G30100	0.082	0.0052	0.0593
AT4G30130	-0.2227	-0.4299	-0.2371
AT4G30140	-1.5772	-1.853	-0.1043
AT4G30150	0.032	0.1107	0.0668
AT4G30160	0.1826	0.2915	-0.0435
AT4G30170	0.1278	1.0043	-0.043
AT4G30180	-0.6028	0.3201	-0.2662
AT4G30190	0.1937	0.7859	-0.2972
AT4G30200	-0.3572	-0.7336	0.13
AT4G30210	-0.0749	-0.1543	-0.0042
AT4G30220	-0.0303	0.3676	-0.0959
AT4G30240	-0.4199	-0.2586	-0.1792
AT4G30260	-0.0324	0.337	-0.0752
AT4G30270	-0.5685	-1.9992	-0.0512
AT4G30280	0.1067	0.9966	0.0013
AT4G30290	0.9905	3.2084	0.2806
AT4G30310	-0.0821	0.1524	0.1697
AT4G30330	-0.1826	0.1113	0.0274
AT4G30340	0.3905	0.7761	0.283
AT4G30350	0.0451	-0.0518	-0.1885
AT4G30360	-0.0243	-0.1792	0.1602
AT4G30370	0.6116	0.3757	0.0091
AT4G30390	0.0719	0.3863	-0.122
AT4G30400	-0.0834	0.0837	-0.1869
AT4G30410	0.2326	1.0691	0.0021
AT4G30440	-0.226	0.7068	-0.1682
AT4G30450	-0.1074	0.6044	-0.3976
AT4G30460	-0.0406	0.7214	-0.2011
AT4G30470	-0.3942	0.1227	-0.2332
AT4G30480	-0.0992	0.2166	0.098
AT4G30490	0.4272	1.507	0.1533
AT4G30500	0.1007	0.4667	0.1456
AT4G30510	0.1296	0.4656	0.1565
AT4G30520	-0.2253	-0.1139	0.1838
AT4G30530	-0.3948	0.3553	-0.1191
AT4G30550	-0.0437	-0.1751	0.1686
AT4G30560	-0.2426	-0.0828	-0.0361
AT4G30580	-0.1634	-0.1253	0.2401
AT4G30600	0.1546	0.5945	0.048
AT4G30610	0.3187	-0.0474	0.3439
AT4G30620	-0.0918	0.0892	0.0675
AT4G30630	-0.0647	0.2165	0.3391
AT4G30650	-0.7841	0.0033	-0.4945
AT4G30660	-0.0887	-0.018	-0.3677
AT4G30670	-0.0423	-0.5217	-0.4188
AT4G30680	-0.0935	-0.057	0.2019
AT4G30690	0.1557	-0.0859	0.1895
AT4G30700	0.0195	0.003	0.2971
AT4G30710	-0.1495	0.1171	0.236
AT4G30720	0.0333	-0.0675	0.0976
AT4G30750	-0.0425	-0.0498	0.2492
AT4G30760	-0.0851	0.128	-0.0792
AT4G30780	-0.0682	0.2449	0.0853
AT4G30790	0.1456	-0.1657	0.1268
AT4G30800	0.0005	0.2465	0.1186
AT4G30810	-0.1665	0.0769	0.0639
AT4G30820	-0.0396	0.1442	0.112
AT4G30825	-0.2224	-0.2991	0.1867
AT4G30840	-0.0953	0.2567	0.2309
AT4G30845	-0.1845	0.3421	-0.1198
AT4G30850	-0.3382	0.0286	0.0236
AT4G30860	-0.3223	-0.3206	0.3368
AT4G30870	-0.1272	0.2818	0.2027
AT4G30890	-0.063	0.1243	0.2121
AT4G30900	-0.1005	0.3443	0.0447
AT4G30910	0.1614	0.6197	0.1783
AT4G30920	0.0273	0.2734	0.1044
AT4G30930	-0.1818	0.083	0.2297
AT4G30935	0.0659	0.101	0.0872
AT4G30940	-0.0122	0.4072	0.0488
AT4G30950	0.0081	-0.1818	0.1259
AT4G30960	0.0758	0.9374	0.1386
AT4G30975	-0.1254	0.2056	-0.2176
AT4G30980	0.0332	0.4144	-0.002
AT4G30990	0.1932	0.1655	0.141
AT4G30993	-0.1465	-0.4457	-0.0116
AT4G30996	-0.0379	0.6813	0.0263
AT4G31000	-0.0662	0.4975	0.217
AT4G31010	0.0845	0.3361	0.1972
AT4G31020	-0.0517	0.0188	0.2377
AT4G31040	-0.3755	-0.327	-0.0118
AT4G31050	-0.3185	-0.1648	0.2716
AT4G31060	0.0441	0.1453	0.4165
AT4G31070	-0.4026	0.013	0.0337
AT4G31080	-0.1905	-0.4187	0.0151
AT4G31100	-0.0378	-0.2392	0.1092
AT4G31110	0.2602	0.5604	0.1794
AT4G31115	-0.2376	-0.133	0.1084
AT4G31120	0.0049	0.1557	0.2295
AT4G31130	-0.1171	0.2525	-0.0962
AT4G31140	-0.352	-0.2424	-0.0923
AT4G31150	-0.0798	0.2752	0.0715
AT4G31160	0.1917	0.2361	-0.0079
AT4G31170	-0.2132	0.07	0.1924
AT4G31180	0.0392	0.1683	0.0773
AT4G31200	-0.0588	-0.2013	0.163
AT4G31210	-0.0923	0.3365	0.415
AT4G31240	0.0704	-0.1806	0.1773
AT4G31248	-0.0791	0.0369	0.2147
AT4G31250	-0.327	-0.3682	-0.1753
AT4G31270	-0.0821	-0.1829	0.2648
AT4G31290	0.1277	-1.2839	0.4133
AT4G31300	-0.0324	0.5146	-0.045
AT4G31310	-0.3658	-0.927	0.1481
AT4G31330	0.2492	0.5836	-0.4355
AT4G31340	-0.1393	-0.3089	0.1134
AT4G31350	-0.3389	0.2994	0.1525
AT4G31360	-0.1155	-0.2141	0.119
AT4G31390	-0.1591	-0.1473	0.0203
AT4G31398	0.2963	0.1475	0.0235
AT4G31400	-0.2438	-0.5268	0.3041
AT4G31410	-0.0307	0.2017	0.0799
AT4G31420	-0.1895	-0.2384	-0.0506
AT4G31430	0.1617	-0.3578	0.1311
AT4G31440	-0.1949	-0.1113	0.0234
AT4G31450	-0.122	-0.4268	0.0035
AT4G31460	-0.2028	-0.5643	0.2061
AT4G31480	-0.0221	0.1373	0.1868
AT4G31490	0.06	0.326	0.2619
AT4G31500	-0.4175	0.295	0.0032
AT4G31510	0.1169	-0.5693	0.4869
AT4G31530	0.0114	0.2651	0.0571
AT4G31550	0.0583	1.0241	-0.3133
AT4G31560	-0.0626	-0.2295	0.0446
AT4G31570	0.3097	-0.1698	0.1792
AT4G31580	-0.0346	0.4355	0.0488
AT4G31590	0.1087	0.6132	0.1296
AT4G31600	-0.1057	0.3163	0.1026
AT4G31650	-0.2405	0.277	-0.1143
AT4G31670	-0.0392	0.1755	0.2451
AT4G31700	-0.0404	0.4226	-0.0773
AT4G31720	-0.0837	-0.4606	-0.0834
AT4G31730	-0.0188	0.4491	0.0997
AT4G31750	-0.0963	0.0537	0.0614
AT4G31770	-0.1953	0.2387	0.2385
AT4G31780	-0.1462	-0.3052	0.2939
AT4G31790	-0.1839	0.3504	0.1795
AT4G31800	1.0605	1.9654	0.5225
AT4G31810	-0.2111	0.2307	0.306
AT4G31820	-0.4645	-0.0116	-0.0007
AT4G31840	-0.2612	-0.6496	-0.0532
AT4G31850	-0.1097	-0.3851	-0.1639
AT4G31860	-0.2295	-0.0374	0.0888
AT4G31870	0.0353	-0.2883	-0.3168
AT4G31875	0.0251	0.3806	-0.2115
AT4G31880	0.0449	0.0591	0.3382
AT4G31890	-0.416	-0.2135	-0.1396
AT4G31910	-0.0536	0.5536	-0.2048
AT4G31920	-0.4186	-0.009	-0.0993
AT4G31930	-0.0754	-0.3149	0.2628
AT4G31980	-0.3116	-0.2477	-0.0113
AT4G31985	-0.0634	0.222	-0.1797
AT4G31990	-0.2092	0.574	-0.0235
AT4G32000	0.0742	0.3559	0.1856
AT4G32010	-0.1603	0.2552	0.1157
AT4G32020	-0.1295	0.3967	-0.077
AT4G32030	0.0666	0.5123	0.163
AT4G32040	-0.3155	-0.1645	-0.2413
AT4G32050	-0.0018	0.2603	-0.0284
AT4G32060	-0.1557	0.1397	0.2037
AT4G32070	0.0232	0.1224	-0.0612
AT4G32120	-0.0623	0.0351	0.1545
AT4G32130	0.038	-0.1142	0.1284
AT4G32140	0.1597	0.8653	-0.0427
AT4G32150	-0.0902	-0.2113	-0.2027
AT4G32160	-0.0112	-0.3416	0.2818
AT4G32175	0.0246	0.1853	0.0968
AT4G32180	-0.2519	0.1916	-0.0429
AT4G32190	-0.166	-0.3975	0.0069
AT4G32200	-0.0352	0.3228	0.4331
AT4G32210	-0.1255	0.1777	-0.0714
AT4G32240	0.0032	0.2271	0.2307
AT4G32250	0.0721	0.2664	0.1341
AT4G32260	-0.021	-0.1328	-0.0327
AT4G32270	-0.0667	0.2498	0.0339
AT4G32272	0.0986	0.3281	-0.0795
AT4G32285	0.0344	0.108	-0.0121
AT4G32290	-0.3746	-0.2209	-0.1148
AT4G32295	-0.1307	-0.2179	0.4267
AT4G32300	0.0426	0.3171	0.2121
AT4G32320	0.1292	0.1374	0.2683
AT4G32330	-0.1287	0.3131	0.4131
AT4G32340	-0.2678	-1.5463	-0.2314
AT4G32350	0.1051	0.7855	0.4187
AT4G32360	-0.0439	0.0503	0.2572
AT4G32390	0.0154	0.2408	-0.0295
AT4G32400	-0.2321	-0.1966	-0.0136
AT4G32410	-0.1192	0.1666	-0.076
AT4G32420	0.0559	0.0825	0.1613
AT4G32430	-0.0346	0.295	0.0729
AT4G32440	-0.1561	-0.2484	-0.2492
AT4G32450	-0.0344	-0.1083	0.2345
AT4G32460	0.587	1.3195	-0.0609
AT4G32470	-0.1201	0.0911	-0.1111
AT4G32480	0.69	-0.9952	1.2032
AT4G32520	0.1469	0.4861	0.081
AT4G32530	-0.253	0.1839	-0.1762
AT4G32551	-0.075	0.0033	0.1825
AT4G32560	-0.2037	0.4202	0.0602
AT4G32570	-0.1836	-0.1486	0.0928
AT4G32590	0.0235	0.1536	0.1952
AT4G32600	-0.148	-0.1338	-0.1964
AT4G32605	-0.0133	0.2924	0.0865
AT4G32610	-0.012	0.0579	0.2731
AT4G32620	0.0318	-0.1475	-0.019
AT4G32640	-0.1404	0.0656	-0.0079
AT4G32650	-0.207	0.0612	-0.1748
AT4G32660	-0.0508	0.1247	0.269
AT4G32670	0.0259	0.1673	0.2181
AT4G32680	0.0989	-0.279	-0.088
AT4G32690	0.2822	0.1535	0.1911
AT4G32700	0.0091	-0.1367	0.1832
AT4G32710	-0.2264	0.0901	0.0319
AT4G32720	-0.0002	0.1083	0.1921
AT4G32730	-0.0004	0.1201	0.2059
AT4G32750	-0.0407	0.0052	0.0184
AT4G32760	-0.0067	-0.217	0.2082
AT4G32770	0.0385	-0.8279	-0.1549
AT4G32790	-0.3206	-0.1381	0.155
AT4G32800	-0.3294	0.138	0.4023
AT4G32810	0.5091	1.5756	0.5499
AT4G32820	0.0547	-0.2433	0.1634
AT4G32830	-0.2898	-0.6151	0.1917
AT4G32840	0.018	0.5419	0.1866
AT4G32850	0.04	0.2035	0.2672
AT4G32860	0.0786	-0.1187	-0.0652
AT4G32870	0.3918	0.1989	-0.2335
AT4G32880	-0.1629	-0.1161	0.0791
AT4G32890	0.1804	0.051	0.248
AT4G32900	-0.0056	-0.0453	0.1373
AT4G32910	-0.0428	-0.5647	0.1856
AT4G32915	0.0362	0.3973	0.1651
AT4G32920	0.4155	0.5076	0.0968
AT4G32930	-0.2411	-0.0645	-0.2013
AT4G32940	-0.1011	-0.6258	-0.2746
AT4G32960	-0.0583	0.0541	0.0023
AT4G32970	0.0787	0.2746	0.3179
AT4G32980	-0.739	-0.0866	-0.1031
AT4G33000	-0.0443	0.0457	0.1819
AT4G33010	0.1143	0.4015	0.0528
AT4G33030	0.2068	0.1768	0.0473
AT4G33040	0.0569	0.5464	-0.3341
AT4G33050	0.3073	0.633	0.1009
AT4G33060	-0.0339	-0.0943	0.2334
AT4G33070	-0.4579	0.6292	0.3791
AT4G33080	-0.3848	-0.0985	0.0408
AT4G33090	0.0673	0.3841	0.0598
AT4G33100	0.0195	0.255	0.1432
AT4G33110	0.0867	0.1479	-0.1495
AT4G33120	0.3414	0.2727	-0.4142
AT4G33130	0.0319	0.1624	0.3502
AT4G33140	-0.0635	0.081	0.3347
AT4G33150	0.3587	0.9234	0.0539
AT4G33160	-0.61	-0.1936	-0.2715
AT4G33170	-0.0349	-0.136	0.0509
AT4G33180	-0.129	0.5073	0.104
AT4G33200	0.0313	-0.3248	0.4201
AT4G33210	0.0794	-0.1946	0.0243
AT4G33220	0.523	1.2218	0.2802
AT4G33240	0.1131	0.0588	0.0954
AT4G33250	0.1166	0.0049	0.0485
AT4G33260	-0.6043	-0.853	0.2208
AT4G33270	-0.4291	-0.8608	0.1836
AT4G33300	0.1017	0.357	-0.132
AT4G33350	0.1182	0.5656	0.1474
AT4G33360	-0.278	0.2944	-0.1528
AT4G33380	-0.3525	-0.3265	0.02
AT4G33400	-0.3361	-0.8999	0.009
AT4G33410	-0.1363	-0.2456	0.3027
AT4G33420	0.0431	0.4714	-0.1614
AT4G33430	-0.057	0.1665	0.0418
AT4G33440	-0.0516	0.4786	0.0757
AT4G33460	-0.3033	-0.2939	0.147
AT4G33470	-0.0249	-0.3253	0.3064
AT4G33480	0.0105	-0.152	-0.0653
AT4G33490	-0.2512	0.2908	0.1983
AT4G33495	-0.3338	-0.037	0.2208
AT4G33500	-0.2653	-0.1358	0.2361
AT4G33510	0.2026	-0.045	-0.1224
AT4G33520	0.0426	-0.2079	0.1944
AT4G33530	-0.2119	0.1533	-0.066
AT4G33540	-0.1482	0.4086	0.0621
AT4G33550	0.8167	1.5414	-0.9025
AT4G33560	-0.6456	0.5388	0.4609
AT4G33565	-0.293	-0.3173	0.0349
AT4G33580	0.0251	0.1948	-0.0081
AT4G33610	-1.0016	0.3635	-0.3477
AT4G33620	-0.1325	-0.3779	0.2939
AT4G33625	-0.1318	0.0835	-0.1248
AT4G33630	-0.0231	-0.6334	0.0146
AT4G33640	-0.076	0.1594	-0.1956
AT4G33650	-0.0027	0.139	-0.0291
AT4G33660	-0.5671	-0.6743	-0.2873
AT4G33666	-0.3622	-1.4438	-1.0532
AT4G33670	-0.2708	-0.8946	0.0717
AT4G33680	-0.0998	0.2648	0.0643
AT4G33690	0.1079	0.0338	0.2653
AT4G33700	-0.2873	-0.1256	-0.0382
AT4G33740	-0.2112	-0.1162	0.3129
AT4G33760	0.08	0.4947	0.4062
AT4G33770	0.3595	0.7006	-0.1301
AT4G33780	-0.1473	-0.2286	0.0072
AT4G33790	-0.1076	0.2602	-0.5615
AT4G33865	-0.1833	0.0011	-0.2485
AT4G33890	-0.1996	-0.2283	0.0122
AT4G33910	0.1342	0.2321	0.1755
AT4G33920	-0.0756	0.6925	-0.0671
AT4G33940	0.0433	0.0689	-0.0178
AT4G33945	-0.1514	0.3749	0.1079
AT4G33950	0.1195	0.6614	-0.1428
AT4G33960	-0.2584	-0.6791	-0.2382
AT4G33980	0.6341	-0.52	0.2196
AT4G33985	0.0913	0.2727	0.0552
AT4G33990	-0.3466	-0.0904	-0.053
AT4G34000	-0.3889	0.1286	-0.2153
AT4G34020	0.0092	-0.2836	0.2693
AT4G34030	-0.2007	-0.2535	0.2188
AT4G34040	-0.1726	0.01	-0.0475
AT4G34050	-0.3539	0.7922	-0.2068
AT4G34070	-0.0147	-0.1762	0.1444
AT4G34090	0.0324	0.0199	0.1675
AT4G34100	0.2119	-0.0567	0.0271
AT4G34110	-0.1078	-0.0318	0.0039
AT4G34120	-0.1794	0.202	-0.264
AT4G34131	-0.1462	0.2184	-0.4636
AT4G34135	-0.2782	0.0383	-0.1216
AT4G34138	-0.4904	-1.221	-0.2836
AT4G34140	-0.0481	-0.0862	0.1061
AT4G34150	0.0478	0.4739	-0.0822
AT4G34160	-0.9258	-0.6934	0.1752
AT4G34180	-0.0283	-0.1603	0.0297
AT4G34190	-0.3513	0.1035	-0.4694
AT4G34200	0.0011	0.0611	0.109
AT4G34215	-0.1435	0.3715	0.1475
AT4G34220	-0.1622	-0.1345	0.125
AT4G34230	-0.2884	0.2043	-0.1321
AT4G34240	0.1119	0.2156	0.2278
AT4G34250	0.3644	-0.799	0.3425
AT4G34260	-0.0435	-0.0334	0.2504
AT4G34265	-0.1048	-0.0075	0.1334
AT4G34270	-0.1329	-0.0366	0.0927
AT4G34280	0.1623	-0.2386	0.206
AT4G34290	0.0999	0.235	0.1554
AT4G34310	0.2489	0.0132	-0.1207
AT4G34340	-0.0278	-0.273	0.1143
AT4G34350	-0.035	-0.056	0.2485
AT4G34360	0.0408	-0.0985	0.2553
AT4G34370	-0.1821	-0.0764	0.1493
AT4G34390	0.0456	0.0722	-0.0945
AT4G34412	0.154	0.1178	0.039
AT4G34420	-0.1486	0.4321	0.4718
AT4G34430	0.1236	-0.0761	0.195
AT4G34450	0.0027	0.2254	0.0295
AT4G34460	-0.1459	0.1659	-0.0423
AT4G34480	0.2396	0.7548	-0.0041
AT4G34490	-0.2456	0.1572	-0.1738
AT4G34500	-0.4195	0.4195	0.1707
AT4G34540	-0.0037	-0.4397	0.3957
AT4G34555	0.1763	0.4926	0.007
AT4G34560	-0.2837	-0.3621	0.6994
AT4G34570	-0.0312	0.1738	0.4397
AT4G34580	-0.1695	0.4254	-0.1431
AT4G34590	-0.1539	0.0424	0.2925
AT4G34600	-0.079	-0.0972	-0.0061
AT4G34610	-0.9021	-0.6491	-0.2443
AT4G34620	-0.2315	-0.3044	-0.269
AT4G34630	-0.1333	0.5044	-0.328
AT4G34640	-0.2968	-0.0665	0.056
AT4G34650	-0.742	0.4067	0.0446
AT4G34660	-0.0463	0.1789	0.153
AT4G34670	0.0156	-0.1613	0.0562
AT4G34680	-0.176	0.2858	-0.1876
AT4G34700	-0.086	0.3279	-0.1247
AT4G34710	-0.1929	0.6229	0.1781
AT4G34720	-0.2846	-0.0003	-0.3471
AT4G34730	-0.2919	0.0996	-0.1478
AT4G34740	-0.1503	-0.1485	-0.0903
AT4G34750	-0.0571	0.4222	0.0068
AT4G34760	-0.5166	0.2902	0.0268
AT4G34770	0.891	1.2419	0.8499
AT4G34800	0.2835	0.7709	0.0256
AT4G34810	0.5324	0.812	-0.0001
AT4G34830	-0.238	0.0898	-0.1131
AT4G34840	-0.0339	0.3089	0.1827
AT4G34860	0.3725	-0.1375	0.1862
AT4G34870	-0.0705	0.1327	-0.1313
AT4G34881	0.0264	-0.2556	-0.4985
AT4G34890	0.233	0.0471	0.1437
AT4G34900	-0.0099	0.4415	0.1509
AT4G34910	0.0286	0.271	0.2284
AT4G34920	-0.4746	-0.4227	-0.3531
AT4G34950	-0.3572	-0.3443	-0.767
AT4G34960	-0.2187	0.467	0.1204
AT4G34970	0.2734	-0.4643	0.1345
AT4G34980	-0.3927	-0.2825	0.0704
AT4G34990	-0.4065	0.3284	-0.2793
AT4G35000	-0.0013	-0.0851	0.0612
AT4G35020	-0.1949	-0.208	0.208
AT4G35030	-0.3779	0.0365	-0.12
AT4G35040	-0.1481	0.0523	-0.337
AT4G35050	-0.3255	-0.5257	0.2155
AT4G35060	-0.4834	0.0905	-0.6789
AT4G35070	0.3142	0.462	0.3181
AT4G35080	-0.0981	0.1254	-0.0875
AT4G35090	-0.1986	-1.0251	-0.3506
AT4G35100	-0.1951	-0.0492	-0.1336
AT4G35110	0.015	0.2303	-0.1117
AT4G35130	-0.3043	-0.3831	0.3389
AT4G35140	-0.1565	0.1295	0.072
AT4G35160	-0.2638	1.1541	0.6513
AT4G35180	0.3483	0.1459	0.1042
AT4G35190	0.718	1.4616	0.6653
AT4G35220	-0.4298	0.0037	0.1148
AT4G35230	-0.4802	-0.4183	0.1967
AT4G35240	0.1854	-0.1894	0.1132
AT4G35250	-0.2814	0.1826	-0.1575
AT4G35260	-0.1043	0.6537	-0.0973
AT4G35270	-0.0042	0.1719	0.0297
AT4G35290	-0.4851	-0.3777	0.4161
AT4G35300	-0.1793	-0.3535	-0.0718
AT4G35310	-0.0615	0.4197	-0.1287
AT4G35320	-0.179	0.6149	-0.2398
AT4G35335	-0.1238	0.6241	0.1017
AT4G35350	-0.4077	0.3976	-0.0346
AT4G35360	0.0402	0.6805	0.1706
AT4G35390	0.4228	0.1335	-0.0806
AT4G35410	-0.052	0.5268	0.0567
AT4G35420	-0.893	-0.6505	0.1226
AT4G35440	-0.3678	-0.9179	-0.0494
AT4G35450	-0.2396	0.167	-0.1248
AT4G35460	-0.2991	-0.1004	0.1185
AT4G35470	0.09	0.127	0.0328
AT4G35480	0.1445	0.1467	0.1862
AT4G35490	-0.0289	0.0869	0.0575
AT4G35500	0.0444	0.435	-0.0679
AT4G35510	-0.3537	0.3961	-0.2554
AT4G35520	-0.0467	-0.1565	0.1812
AT4G35530	-0.131	0.1301	0.0821
AT4G35540	-0.1458	-0.0371	0.1831
AT4G35550	-0.5741	0.0397	-0.2116
AT4G35560	-0.4527	0.2129	0.0252
AT4G35570	0.0166	0.2898	0.3488
AT4G35580	-0.1227	0.1155	0.1419
AT4G35600	-0.145	-0.482	-0.0027
AT4G35620	-0.4089	-0.6275	0.3197
AT4G35630	-0.3547	0.135	-0.0372
AT4G35640	0.2851	0.6029	0.0124
AT4G35720	-0.2961	1.7059	0.3908
AT4G35730	-0.4961	-0.0101	0.106
AT4G35740	-0.1891	0.1645	0.2925
AT4G35750	0.0544	-0.4335	0.0732
AT4G35760	0.0103	0.0569	0.2878
AT4G35770	1.5209	-2.8783	0.2655
AT4G35780	-0.2165	-0.2414	-0.0862
AT4G35783	-0.3751	-0.2108	0.039
AT4G35785	0.0528	0.372	0.2418
AT4G35790	-0.1378	-0.5748	0.0886
AT4G35800	0.2349	0.07	0.1338
AT4G35830	-0.2744	-0.4219	0.0583
AT4G35840	-0.4002	-0.0764	-0.0112
AT4G35850	-0.0517	0.1146	0.3569
AT4G35860	-0.1544	0.0437	-0.1451
AT4G35870	-0.1202	0.1013	-0.1931
AT4G35880	-0.1675	0.531	0.2268
AT4G35890	0.0481	0.238	0.3261
AT4G35900	-0.2644	0.0367	0.4017
AT4G35905	-0.2621	-0.0978	0.093
AT4G35910	-0.1608	-0.2514	0.0001
AT4G35920	-0.232	0.0931	0.0547
AT4G35930	-0.3655	-0.2144	0.1712
AT4G35940	0.1632	0.2185	0.3126
AT4G35950	-0.0758	0.1466	0.191
AT4G35980	-0.093	-0.3364	-0.0023
AT4G35985	-0.1652	0.3841	0.1097
AT4G35987	-0.0918	0.5334	0.1694
AT4G36000	-0.0454	0.4779	0.3541
AT4G36010	0.4777	1.668	0.1964
AT4G36020	0.0622	0.6424	-0.1952
AT4G36030	-0.2388	-1.1639	-0.2062
AT4G36032	-0.5623	0.6285	-0.1085
AT4G36040	0.4056	-0.7067	0.1488
AT4G36050	-0.1776	-1.277	0.3584
AT4G36060	-0.2434	0.3123	-0.2147
AT4G36080	0.2305	0.1498	-0.0344
AT4G36090	0.1838	0.5174	0.084
AT4G36120	-0.2426	-0.2042	0.0246
AT4G36130	0.0324	-0.0299	0.0283
AT4G36150	-0.1803	0.246	0.0327
AT4G36180	-0.1649	-0.1652	0.2367
AT4G36190	-0.3341	-0.0328	0.0779
AT4G36195	-0.2344	-0.1344	0.0539
AT4G36210	0.1032	0.2717	0.1513
AT4G36220	-0.0023	-0.2512	-0.1461
AT4G36240	-0.5072	-0.1101	-0.1177
AT4G36250	0.6325	0.729	0.4361
AT4G36260	-0.3549	-0.3012	-0.0353
AT4G36270	-0.0479	0.009	0.2569
AT4G36290	-0.1926	0.2776	0.3118
AT4G36360	-0.1397	0.5555	0.3179
AT4G36380	0.0016	0.3087	-0.0389
AT4G36390	0.0345	-0.1929	0.279
AT4G36400	-0.2108	0.1814	0.2657
AT4G36410	0.902	0.9283	0.5293
AT4G36420	-0.2054	0.1061	0.2537
AT4G36440	-0.1031	-0.0832	0.3131
AT4G36470	-0.3211	-0.6482	0.0902
AT4G36480	0.0429	0.3274	0.193
AT4G36500	-0.2311	0.5394	-0.4544
AT4G36520	-0.2421	0.3401	0.4748
AT4G36530	-0.1556	-0.1214	-0.2579
AT4G36540	-0.1903	-0.3173	-0.328
AT4G36550	-0.3355	-0.286	-0.018
AT4G36570	0.2655	0.3889	0.2671
AT4G36580	-0.4613	0.1029	0.2767
AT4G36610	-0.8716	0.5796	-0.1161
AT4G36620	0.3682	-0.1686	0.3841
AT4G36630	-0.2425	0.0844	0.0132
AT4G36640	-0.2225	0.2661	-0.0133
AT4G36648	0.4644	1.167	0.1405
AT4G36650	-0.0162	0.0851	0.0651
AT4G36660	-0.1333	0.7239	0.163
AT4G36670	-0.1666	-0.3405	-1.0674
AT4G36680	-0.1292	0.211	0.1272
AT4G36690	0.1509	-0.0547	0.0932
AT4G36710	-0.2857	0.7308	-0.4056
AT4G36720	0.0168	0.2351	-0.01
AT4G36730	-0.0031	0.0723	0.2339
AT4G36740	-0.2472	-0.4062	-0.5301
AT4G36750	-0.1475	0.4904	-0.2981
AT4G36760	0.1431	0.1793	-0.0016
AT4G36780	0.2888	0.605	0.1806
AT4G36790	0.21	0.648	0.2936
AT4G36800	-0.2243	0.3458	-0.1377
AT4G36808	-0.1507	-0.4195	-0.3328
AT4G36810	0.8722	2.5971	1.3517
AT4G36830	-0.3145	0.3073	0.0901
AT4G36840	0.185	0.0875	0.214
AT4G36860	-0.1037	0.5707	-0.079
AT4G36870	-0.125	-0.0095	0.0135
AT4G36880	1.1808	0.6508	-0.615
AT4G36890	-0.1135	0.3994	0.0188
AT4G36900	-0.3155	-0.5647	0.1108
AT4G36910	0.351	0.0927	0.2746
AT4G36920	-0.3618	0.4543	-0.0159
AT4G36930	0.4056	0.2912	0.2433
AT4G36940	-0.311	0.6115	-0.0937
AT4G36945	-0.2176	0.8679	-0.0299
AT4G36960	0.1723	0.3466	0.1906
AT4G36970	-0.112	0.5257	0.1076
AT4G36980	0.1031	-0.0202	0.1942
AT4G36990	-0.3355	0.5397	-0.1385
AT4G37000	-0.2009	-0.217	-0.1411
AT4G37010	-0.3928	-0.3694	-0.0486
AT4G37020	-0.0988	-0.4629	0.3332
AT4G37030	0.1394	0.232	0.1232
AT4G37040	-0.2544	0.223	0.1855
AT4G37070	-0.4401	-0.4289	-0.5768
AT4G37080	-0.1144	0.1355	0.1859
AT4G37090	0.0506	0.4795	0.1719
AT4G37100	-0.5183	-0.1916	0.0399
AT4G37110	-0.3292	0.4359	0.1314
AT4G37120	0.0116	0.2773	0.224
AT4G37130	-0.1394	-0.1763	0.003
AT4G37150	-0.3922	-0.9667	-0.4772
AT4G37170	-0.127	0.1634	0.4632
AT4G37180	-0.1253	-0.0535	0.037
AT4G37190	-0.2084	0.0102	0.2933
AT4G37200	-0.0354	-0.2508	0.1133
AT4G37210	-0.3213	0.0129	-0.0304
AT4G37220	-0.8899	-1.2932	-0.857
AT4G37240	-0.1695	0.6817	-0.2259
AT4G37250	-0.1805	-0.3609	0.1902
AT4G37260	0.4182	0.1842	0.2385
AT4G37270	-0.2686	0.0369	0.0775
AT4G37280	-0.2939	-0.4404	0.2571
AT4G37295	-0.3456	-0.4041	-0.5262
AT4G37300	-0.6557	-0.6822	0.0459
AT4G37310	-0.7136	-0.3782	-0.3162
AT4G37320	-0.3438	-0.4168	-0.2483
AT4G37330	-0.3719	-0.7263	-0.1938
AT4G37370	0.0726	-0.0653	0.1718
AT4G37380	-0.416	-0.427	0.309
AT4G37390	-0.3003	-0.3282	-0.0549
AT4G37400	0.2402	-0.1488	0.0955
AT4G37410	-1.2923	-0.7609	0.1718
AT4G37430	-0.4881	1.0437	-0.0401
AT4G37432	0.2234	0.3795	0.2476
AT4G37440	-0.1261	0.0473	0.3261
AT4G37450	-0.0945	0.9911	0.0207
AT4G37460	0.2844	-0.1203	0.0975
AT4G37470	-0.5386	-0.0868	-0.493
AT4G37480	-0.193	-0.3304	0.2088
AT4G37490	-0.3063	-0.6302	0.0638
AT4G37510	-0.2067	0.3354	-0.0492
AT4G37520	-0.1921	-0.381	-0.2836
AT4G37530	-0.5362	-0.3913	-0.5586
AT4G37540	-0.3486	0.0075	-0.0382
AT4G37550	-0.4552	-0.1267	0.184
AT4G37553	0.0288	0.1519	0.0913
AT4G37580	0.4444	0.4151	-0.5236
AT4G37590	-0.0573	-0.1755	0.2557
AT4G37608	-0.1351	0.5101	0.1476
AT4G37610	-0.2806	-1.872	0.1689
AT4G37630	0.1072	0.1202	-0.0247
AT4G37640	0.1567	0.2878	-0.1111
AT4G37650	-0.1732	-0.2243	-0.0243
AT4G37660	-0.0975	0.1959	0.1633
AT4G37670	0.0038	0.1119	0.2418
AT4G37680	-0.3247	-0.3452	-0.1175
AT4G37730	-0.3713	0.102	0.3941
AT4G37740	0.4059	-0.1285	0.4154
AT4G37750	-1.0401	-0.2003	0.2459
AT4G37760	-0.6038	-1.0743	-0.3365
AT4G37790	-0.3664	-0.1865	0.0808
AT4G37800	-1.5433	0.9784	0.6677
AT4G37810	-1.3186	-0.6489	0.3554
AT4G37820	-0.1913	0.2135	0.4316
AT4G37830	-0.0505	-0.0243	-0.1081
AT4G37870	0.4922	0.3833	0.0836
AT4G37880	-0.255	-0.175	-0.0721
AT4G37890	-0.2315	-0.2166	-0.124
AT4G37900	-0.146	-0.2071	0.0131
AT4G37910	-0.0866	0.5334	0.1484
AT4G37920	-0.2642	-0.4469	0.6103
AT4G37930	-0.4828	0.1811	-0.168
AT4G37970	-0.2211	0.0603	0.1204
AT4G38010	-0.0961	0.0601	0.1801
AT4G38020	-0.0558	0.239	0.2989
AT4G38040	-0.0131	0.3922	0.1234
AT4G38050	-0.2501	0.1846	0.1844
AT4G38060	-0.6735	-0.6874	-0.4275
AT4G38062	-0.3077	-1.0631	0.4007
AT4G38080	-0.5054	0.5393	0.0509
AT4G38090	0.0185	-0.0611	0.0793
AT4G38100	0.1293	0.759	0.0083
AT4G38120	-0.0768	0.4338	0.269
AT4G38130	-0.0651	0.0608	0.0334
AT4G38150	-0.2787	-0.2163	0.1732
AT4G38160	-0.3743	-0.4492	0.0763
AT4G38170	-0.2141	0.046	-0.0282
AT4G38180	0.2119	0.308	0.2616
AT4G38200	0.047	0.274	0.0941
AT4G38210	0.3871	0.2718	-0.0058
AT4G38220	-0.3732	-0.3207	-0.284
AT4G38225	0.1709	0.0479	0.2722
AT4G38230	0.1245	0.5732	0.5373
AT4G38240	0.0636	0.0992	0.1559
AT4G38250	-0.2613	0.0542	1.7308
AT4G38260	-0.1562	-0.159	0.0665
AT4G38270	0.0122	0.2645	0.4576
AT4G38280	-0.3662	-0.6149	0.1268
AT4G38320	-0.2752	0.0141	0.0849
AT4G38330	-0.0121	0.294	0.1974
AT4G38340	0.1108	0.6393	-0.2339
AT4G38350	0.0414	0.1238	-0.0121
AT4G38360	-0.1675	0.0543	0.1268
AT4G38370	-0.3361	-0.4231	0.2209
AT4G38380	0.0561	0.418	0.1611
AT4G38400	-0.0323	1.1842	0.2757
AT4G38410	1.1033	-0.5263	0.4667
AT4G38420	0.5511	0.8681	-0.0273
AT4G38430	-0.2224	-0.1476	0.1518
AT4G38440	0.315	-0.0594	0.1664
AT4G38460	-0.0349	0.5318	-0.1593
AT4G38470	0.0417	-0.6529	0.0303
AT4G38480	-0.0339	0.2909	0.3911
AT4G38490	0.0617	-0.1237	0.1769
AT4G38495	-0.1536	-0.7036	-0.022
AT4G38500	-0.0231	0.4323	0.0873
AT4G38510	-0.2312	0.048	0.0015
AT4G38520	0.0348	0.6901	0.1114
AT4G38530	-0.4721	-0.2197	-0.0426
AT4G38540	0.2194	-0.4978	-0.0072
AT4G38545	0.1315	0.2197	0.2796
AT4G38550	0.2557	0.7203	-0.2473
AT4G38552	0.129	-0.3398	0.1094
AT4G38570	-0.0284	0.0803	0.108
AT4G38580	0.0637	0.6212	0.0227
AT4G38600	0.1281	-0.0845	-0.1603
AT4G38620	-0.7115	-0.0186	-0.3286
AT4G38630	-0.1505	0.1635	-0.168
AT4G38640	-0.2189	-0.1607	-0.1431
AT4G38650	0.116	0.458	0.2749
AT4G38660	-0.3508	-0.1021	-0.1033
AT4G38670	-0.0371	0.0597	0.0763
AT4G38680	-0.0031	-0.1674	0.0356
AT4G38690	-0.7249	-0.7766	-0.3183
AT4G38710	0.4254	0.6717	0.0756
AT4G38730	-0.192	-0.0547	0.0829
AT4G38740	0.2949	0.3502	0.0316
AT4G38760	0.1417	0.1074	0.1592
AT4G38770	-0.7868	0.0387	-0.0965
AT4G38780	0.2285	0.3237	0.2866
AT4G38790	-0.0323	0.5691	-0.0374
AT4G38800	-0.1645	-0.5714	0.1554
AT4G38810	0.3129	-0.1327	0.0193
AT4G38890	0.0709	0.1212	0.3173
AT4G38900	0.0917	0.4006	0.2203
AT4G38910	-0.1226	-0.5541	0.2789
AT4G38920	-0.1573	-0.0341	-0.101
AT4G38930	-0.1868	0.3842	0.07
AT4G38932	-0.1786	-1.4852	-0.0874
AT4G38940	0.1468	0.0352	-0.0933
AT4G38950	0.0071	0.6868	-0.1508
AT4G38960	-0.4583	0.0248	-0.0002
AT4G38970	0.3146	-0.0537	-0.8349
AT4G38980	-0.0505	-0.0097	-0.0099
AT4G39030	-0.3134	1.1506	-0.1092
AT4G39040	-0.1001	-0.129	0.1759
AT4G39050	-0.1073	0.1054	0.224
AT4G39070	0.4308	0.4511	0.06
AT4G39080	-0.2845	-0.0207	-0.159
AT4G39090	-0.2493	-0.3775	-0.2939
AT4G39100	-0.396	-0.5255	-0.0416
AT4G39120	-0.0758	0.265	0.2495
AT4G39140	-0.1351	-0.1061	0.0826
AT4G39150	-0.2428	0.3719	0.0363
AT4G39160	0.0671	0.0619	0.6035
AT4G39170	-0.2706	0.0437	0.2433
AT4G39180	-0.2057	0.2826	0.1303
AT4G39190	-0.8394	-0.1486	0.2698
AT4G39200	0.015	-0.3243	0.0291
AT4G39210	0.4406	1.4849	0.2489
AT4G39220	0.1562	0.4269	-0.0483
AT4G39230	-0.327	-0.0472	0.1126
AT4G39235	0.0132	0.0195	0.2506
AT4G39240	-0.1862	0.0666	0.2342
AT4G39260	0.2425	1.1029	0.0322
AT4G39270	-0.0485	-0.0722	-0.2384
AT4G39280	0.0741	0.4608	0.1669
AT4G39300	-0.0616	0.2196	0.0123
AT4G39320	-0.9051	0.4317	0.0903
AT4G39330	0.3799	0.2049	-0.2461
AT4G39350	-0.0496	0.7693	-0.1045
AT4G39370	-0.1784	0.061	0.1282
AT4G39380	0.0132	-0.119	0.3364
AT4G39390	0.1831	0.9196	0.4638
AT4G39400	0.3387	0.2036	-0.0113
AT4G39420	0.1519	-0.0466	0.0415
AT4G39460	-0.0164	-0.1143	0.3141
AT4G39470	-0.1573	0.4466	0.1951
AT4G39510	-0.4761	0.2008	-0.3692
AT4G39520	-0.136	-0.0949	0.1671
AT4G39530	-0.3045	-0.6522	0.2029
AT4G39540	-0.2283	-0.0393	0.1506
AT4G39550	-0.2728	-0.228	0.1947
AT4G39560	-0.0053	-0.1175	0.0843
AT4G39570	-0.0032	0.0823	0.0234
AT4G39600	0.0974	-0.3724	0.1019
AT4G39620	-0.0465	-0.0646	0.4843
AT4G39630	-0.3835	-0.1261	-0.027
AT4G39640	-0.1813	-0.0761	0.2929
AT4G39660	-0.031	0.3893	0.1896
AT4G39680	0.1483	0.1664	0.2263
AT4G39690	-0.1467	-0.0912	0.152
AT4G39710	-0.0729	0.2965	0.2552
AT4G39730	-0.2588	0.4622	-0.2195
AT4G39740	-0.2059	0.722	0.0425
AT4G39770	-1.1971	-0.1213	0.8297
AT4G39780	-0.0308	0.0634	-0.3303
AT4G39790	-0.2841	-0.2017	0.0928
AT4G39795	0.2015	-0.3759	0.0841
AT4G39800	0.3678	1.0066	0.3943
AT4G39820	-0.0872	0.0956	0.0155
AT4G39830	0.0026	0.5874	-0.0036
AT4G39838	0.2097	-2.6423	1.4797
AT4G39840	-0.3179	1.0548	-1.3034
AT4G39850	0.2006	-0.0367	0.281
AT4G39860	0.0822	0.3297	0.2616
AT4G39870	-0.1629	0.4134	0.0097
AT4G39880	-0.0752	0.2286	0.0651
AT4G39890	0.1191	0.4208	-0.1569
AT4G39900	0.1214	0.1145	0.2407
AT4G39910	-0.0348	-0.2502	0.1798
AT4G39920	-0.0103	0.3078	-0.1249
AT4G39940	-0.368	0.1887	0.1939
AT4G39950	-0.4543	0.5142	-0.0021
AT4G39952	-0.0106	-0.1308	0.2356
AT4G39955	0.1587	1.4269	0.2751
AT4G39960	0.1345	0.2181	0.2024
AT4G39970	-0.4003	-0.327	0.1551
AT4G39980	-0.0241	0.8806	0.0841
AT4G39990	-0.1586	0.5027	-0.2197
AT4G40000	-0.2294	0.1982	0.1517
AT4G40010	0.2007	0.5868	-0.7461
AT4G40030	-0.0497	0.0451	-0.1994
AT4G40040	-0.0227	0.118	-0.2373
AT4G40042	-0.1546	0.1131	-0.1871
AT4G40045	0.0413	0.0133	0.2151
AT4G40050	-0.034	0.1745	0.1313
AT4G40060	-0.4778	-0.283	0.041
AT4G40065	-0.3006	0.0936	-0.2672
AT4G40070	-0.0491	0.1569	0.0097
AT4G40080	-0.2609	0.4152	-0.3636
AT4G40085	0.446	0.6044	-0.02
AT5G00780	-0.302	-0.0697	0.2438
AT5G01010	-0.1333	0.0829	0.2347
AT5G01020	-0.057	-0.2571	0.1567
AT5G01030	-0.0397	0.4027	0.0792
AT5G01040	0.3914	0.281	-0.0309
AT5G01075	0.2822	-0.2491	0.0357
AT5G01090	-0.2537	0.0575	0.1718
AT5G01100	-0.259	-0.5342	-0.0789
AT5G01110	-0.1579	-0.1152	0.0194
AT5G01160	0.1913	-0.2605	0.2387
AT5G01170	-0.3162	0.249	0.1107
AT5G01175	-0.1678	-0.033	0.3937
AT5G01200	-0.4641	-0.6365	-0.09
AT5G01210	0.6132	1.4386	1.431
AT5G01215	0.8523	0.0161	-0.6931
AT5G01220	-0.1475	0.2686	-0.3077
AT5G01230	0.0003	-0.0329	0.0764
AT5G01240	-0.3595	-0.202	0.1604
AT5G01260	-0.4315	-0.502	0.2672
AT5G01270	-0.087	0.5331	0.2733
AT5G01290	0.0246	0.3203	0.2336
AT5G01310	0.0245	-0.091	-0.0142
AT5G01340	-0.143	-0.0379	0.0068
AT5G01350	-0.0918	-0.2955	-0.027
AT5G01370	-0.3289	-0.466	0.1658
AT5G01390	0.0548	0.1206	0.074
AT5G01400	0.1158	0.3151	0.1965
AT5G01410	-0.0791	0.0121	0.0934
AT5G01420	-0.444	-0.7771	0.0002
AT5G01430	-0.0077	0.5334	0.0983
AT5G01445	0.1535	0.2305	0.3221
AT5G01450	-0.0712	0.2049	-0.1709
AT5G01460	-0.152	0.1002	-0.1116
AT5G01470	-0.1182	-0.1954	0.1616
AT5G01480	-0.2001	-0.2322	0.0201
AT5G01500	-0.1443	0.3769	0.0774
AT5G01510	-0.1486	-0.0209	0.3452
AT5G01520	0.4102	-0.4597	-0.1241
AT5G01530	0.0967	0.197	-0.2612
AT5G01560	-0.1233	-0.2036	0.3157
AT5G01590	-0.1868	-0.0895	0.097
AT5G01600	-0.0173	-1.7967	-0.5616
AT5G01610	-0.1674	0.2704	-0.3266
AT5G01620	-0.0325	0.3994	-0.0441
AT5G01630	0.0185	-0.2043	0.3228
AT5G01640	0.0223	0.7607	0.0335
AT5G01650	-0.0071	-0.0469	0.2157
AT5G01660	0.0518	0.4466	0.03
AT5G01670	0.8495	-0.1844	0.4492
AT5G01700	-0.1154	0.3078	-0.0893
AT5G01710	-0.1418	0.4448	-0.0848
AT5G01720	-0.0092	0.4878	-0.1409
AT5G01730	-0.28	0.4123	0.1114
AT5G01732	-0.3901	0.2758	-0.2624
AT5G01740	-0.2465	0.3273	-0.5324
AT5G01750	-0.1488	0.1966	-0.1374
AT5G01765	0.2327	0.9445	0.2356
AT5G01770	-0.0651	0.0153	0.2015
AT5G01780	-0.267	0.4805	0.3761
AT5G01790	-0.4025	0.2633	-0.1201
AT5G01800	-0.0203	-0.1294	0.011
AT5G01810	0.4508	1.4212	0.0108
AT5G01820	-0.1878	0.5021	-0.2102
AT5G01830	-0.0272	0.6475	-0.4068
AT5G01835	0.2878	0.923	0.0383
AT5G01840	-0.7201	-0.1852	-0.5553
AT5G01850	-0.2406	-0.0882	-0.0809
AT5G01870	0.1965	0.2084	0.4352
AT5G01880	0.2294	-0.5756	0.292
AT5G01881	-0.1981	0.0113	0.0695
AT5G01890	-0.1718	-0.29	0.0921
AT5G01910	-0.5737	-0.799	0.0339
AT5G01920	-0.0303	-0.6146	0.1106
AT5G01930	-0.3679	-0.591	0.2543
AT5G01940	-0.0137	-0.1022	0.1396
AT5G01950	0.1238	0.6147	0.0984
AT5G01960	-0.0148	0.263	0.0519
AT5G01970	0.0078	0.6439	0.2755
AT5G01980	-0.1226	-0.2102	-0.0013
AT5G01990	0.0534	-0.0159	-0.0667
AT5G02010	-0.0161	-0.3475	0.1394
AT5G02020	1.339	-0.5832	0.0067
AT5G02030	-0.0523	-0.0524	0.5296
AT5G02040	-0.0106	0.3773	-0.1901
AT5G02050	-0.1085	0.4967	0.1901
AT5G02060	0.0189	-0.1456	-0.2477
AT5G02065	0.1016	-0.2669	0.1864
AT5G02080	-0.2207	-0.1627	0.164
AT5G02100	-0.166	-0.476	0.2335
AT5G02120	-0.2427	0.0026	-0.4863
AT5G02130	-0.1994	0.1539	-0.0212
AT5G02150	-0.1955	-0.856	0.2841
AT5G02160	-0.3438	-0.5634	-0.2511
AT5G02180	0.5521	-0.3136	0.4201
AT5G02190	0.1771	0.6851	0.0538
AT5G02195	0.1133	-0.028	0.3688
AT5G02200	0.2539	1.212	0.1122
AT5G02220	0.0481	-0.05	-0.0093
AT5G02230	-0.0154	-0.1406	-0.2558
AT5G02240	-0.1282	0.3149	0.1135
AT5G02250	0.0769	-0.2939	0.2476
AT5G02260	0.6049	1.1428	0.1159
AT5G02270	-0.5688	0.1772	-0.562
AT5G02280	-0.1633	0.5287	-0.219
AT5G02290	0.0697	0.5623	-0.0109
AT5G02310	0.1651	-0.1	0.0394
AT5G02320	-0.073	-0.25	0.1505
AT5G02370	-0.2946	-0.2267	0.031
AT5G02380	0.2413	0.4615	-0.3078
AT5G02400	0.0283	0.2994	-0.36
AT5G02410	-0.0463	0.1151	0.0576
AT5G02420	0.0901	0.7786	-0.1002
AT5G02430	0.24	0.6033	0.4592
AT5G02440	0.0579	0.1756	0.329
AT5G02450	-0.0213	0.1928	0.0089
AT5G02460	-0.0599	0.1686	-0.114
AT5G02470	-0.1866	0.3958	0.0716
AT5G02480	0.1552	0.9504	0.1885
AT5G02490	0.2887	0.5984	0.1493
AT5G02500	0.0896	0.3361	-0.0166
AT5G02502	-0.2676	-0.048	-0.2539
AT5G02520	-0.2084	-0.263	0.4855
AT5G02530	-0.0835	-0.0163	0.0421
AT5G02540	0.1167	0.2962	-0.1443
AT5G02550	0.4083	0.0019	-0.048
AT5G02560	-0.1376	0.708	-0.1432
AT5G02565	0.3216	0.1216	-0.3196
AT5G02575	0.3795	0.2616	-0.2187
AT5G02590	-0.0157	0.5886	0.3064
AT5G02600	-0.1888	-0.1813	0.0008
AT5G02610	0.0888	0.3562	0.0778
AT5G02620	-0.3032	0.3206	0.0052
AT5G02630	-0.2539	-0.1452	0.0307
AT5G02670	-0.0048	-0.3925	0.2918
AT5G02680	-0.0587	0.015	0.179
AT5G02710	-0.0686	0.1833	-0.0077
AT5G02740	0.085	0.3736	0.1175
AT5G02750	1.0846	1.3887	0.326
AT5G02770	-0.1097	0.0574	0.0663
AT5G02790	-0.4027	0.0344	0.3707
AT5G02800	-0.312	-0.097	0.0889
AT5G02810	-0.2877	-1.9273	0.1253
AT5G02820	-0.2259	-0.4057	0.1568
AT5G02830	-0.2037	0.0939	0.254
AT5G02840	-0.2264	-1.1589	0.0166
AT5G02850	-0.0138	0.051	0.0608
AT5G02860	-0.1636	-0.9927	0.1081
AT5G02870	0.0078	0.4119	0.0602
AT5G02880	0.17	-0.0514	0.2215
AT5G02890	0.0691	0.5733	-0.0631
AT5G02910	0.0547	0.1293	0.169
AT5G02940	-0.3442	-0.4086	-0.0501
AT5G02960	-0.0129	0.0932	-0.0383
AT5G02970	-0.5274	-0.4002	0.2881
AT5G03030	-0.1946	0.3799	-0.1157
AT5G03040	-0.2475	0.3961	0.0106
AT5G03050	-0.4002	-0.1954	-0.0215
AT5G03070	0.007	-0.1242	0.1758
AT5G03080	-0.2322	0.1694	-0.2165
AT5G03100	-0.0926	-0.0959	0.3933
AT5G03110	-0.2247	0.3323	0.1686
AT5G03140	-0.2848	0.6618	-0.0765
AT5G03150	0.3454	0.5897	0.0612
AT5G03160	-0.1317	0.0491	0.1482
AT5G03170	-0.3279	0.2135	-0.2313
AT5G03180	0.5851	0.144	0.2518
AT5G03190	-0.6653	-0.3347	-0.2726
AT5G03200	-0.1552	0.014	0.0356
AT5G03220	-0.2111	-0.2262	0.1425
AT5G03230	-0.6131	-1.4364	-0.1769
AT5G03240	-0.7035	-2.2234	-0.3353
AT5G03250	-0.2423	-0.1264	-0.1709
AT5G03280	0.1003	0.3293	0.1759
AT5G03290	-0.2767	0.1838	-0.0635
AT5G03300	-0.1492	0.3646	-0.0973
AT5G03320	-0.0976	0.5593	0.0102
AT5G03330	-0.2519	0.6138	0.1253
AT5G03340	0.339	0.4168	-0.0018
AT5G03345	0.0548	0.0922	-0.113
AT5G03355	-0.0531	-0.0824	-0.0151
AT5G03370	-0.128	-0.2043	-0.177
AT5G03380	-0.0325	0.1055	-0.0688
AT5G03390	-0.5392	-0.5243	0.3937
AT5G03406	0.0973	0.2164	0.1164
AT5G03415	-0.1337	-0.0386	0.2468
AT5G03420	-0.2287	-0.088	0.2283
AT5G03430	-0.0801	-0.0552	0.2224
AT5G03440	-0.1198	-0.0087	-0.1074
AT5G03450	0.0207	-0.0961	0.0734
AT5G03455	-0.3266	-0.7081	-0.0056
AT5G03460	-0.2994	-0.3486	-0.2081
AT5G03470	-0.2067	-0.3054	0.0049
AT5G03490	-0.3892	-0.4542	0.0126
AT5G03500	-0.015	0.0519	0.1339
AT5G03520	-0.1125	0.643	-0.1127
AT5G03530	-0.1247	0.6893	0.2843
AT5G03540	-0.1098	0.1778	0.2086
AT5G03545	0.2172	-1.019	-0.0629
AT5G03555	-0.5196	-0.1612	-0.554
AT5G03560	0.4472	-0.4929	0.3128
AT5G03585	-0.0455	0.3525	-0.107
AT5G03610	-0.1413	0.4108	-0.0839
AT5G03630	-0.0029	0.4956	-0.1225
AT5G03650	-0.103	0.4179	0.0109
AT5G03660	-0.2615	0.2772	0.1603
AT5G03670	0.1939	0.0123	0.3187
AT5G03680	-0.9863	-0.383	0.5186
AT5G03690	-0.1731	-0.1271	0.2624
AT5G03700	0.0845	0.7654	-0.0639
AT5G03720	-0.1012	0.2785	0.1904
AT5G03730	0.2936	0.6975	0.1308
AT5G03740	0.0154	0.2348	-0.0015
AT5G03760	0.0346	1.3395	-0.4314
AT5G03770	-0.1046	-0.0507	0.432
AT5G03780	-0.1501	-0.153	0.157
AT5G03800	-0.1823	-0.0207	0.2145
AT5G03830	0.0535	-0.272	0.2955
AT5G03850	-0.0105	0.1442	-0.192
AT5G03860	2.0086	0.1038	0.1738
AT5G03870	-0.7219	-0.8385	0.1215
AT5G03880	-0.1219	0.1105	-0.0527
AT5G03885	-0.7161	-0.308	0.5452
AT5G03890	0.3486	0.6963	0.2086
AT5G03900	-0.0902	0.2038	0.201
AT5G03905	-0.1574	-0.3869	0.1954
AT5G03910	-0.2068	-0.0201	0.0283
AT5G03940	-0.1026	-0.0972	0.2801
AT5G03960	-0.1266	0.4938	-0.278
AT5G03970	0.0452	0.0598	-0.0021
AT5G03990	0.0567	0.6755	0.1204
AT5G04000	0.129	-0.0253	-0.3401
AT5G04020	-0.0149	0.4852	0.1704
AT5G04040	0.123	-0.3065	0.1887
AT5G04050	0.1359	-0.2462	0.2654
AT5G04060	-0.2924	-0.4654	0.1533
AT5G04070	-0.1101	0.2886	0.1859
AT5G04080	-0.3472	-0.2407	-0.1879
AT5G04090	-0.0361	0.2574	0.1716
AT5G04110	-0.1762	-0.1622	-0.009
AT5G04130	-0.0702	0.6506	0.3032
AT5G04140	0.5142	-0.0283	-0.5524
AT5G04150	-0.3986	-0.0648	0.0276
AT5G04160	-0.097	0.6261	0.0219
AT5G04170	-0.0952	0.5193	-0.2281
AT5G04220	-0.4895	0.4072	0.0938
AT5G04240	0.1273	-0.3011	0.1475
AT5G04250	0.1201	-0.1201	0.1145
AT5G04260	-0.2283	0.331	-0.0437
AT5G04270	0.0008	0.4918	0.1091
AT5G04280	-0.0588	0.1282	0.1092
AT5G04290	0.3099	0.1651	0.1675
AT5G04310	0.2501	0.1991	0.3311
AT5G04320	-0.0427	0.0153	0.3525
AT5G04330	-0.1597	-0.8078	0.1733
AT5G04340	0.3428	0.1598	-0.2177
AT5G04360	0.2717	0.26	-0.0125
AT5G04370	-0.3552	-0.1336	0.625
AT5G04390	0.3478	0.691	0.0008
AT5G04410	-0.0041	0.3346	-0.1096
AT5G04420	0.0484	0.4758	0.1431
AT5G04430	-0.0289	0.238	0.1665
AT5G04440	-0.1088	-0.1733	-0.0295
AT5G04460	0.0288	-0.0032	0.1342
AT5G04470	0.1478	0.1939	-0.2538
AT5G04480	0.2237	0.5796	0.4314
AT5G04490	0.4061	0.6855	-0.1052
AT5G04510	-0.0471	0.505	0.2915
AT5G04520	0.113	0.0339	0.1352
AT5G04540	0.0762	0.0553	0.0805
AT5G04550	-0.0376	0.0229	0.0875
AT5G04560	0.2573	-0.0447	0.277
AT5G04590	-0.2777	0.0844	-0.0093
AT5G04600	-0.0584	-0.2661	0.2824
AT5G04620	-0.1413	-0.0223	0.1457
AT5G04670	-0.1836	-0.2512	0.1643
AT5G04680	-0.0445	0.3613	-0.0768
AT5G04710	-0.1081	-0.0573	0.2467
AT5G04720	0.0176	0.452	-0.0312
AT5G04740	-0.0954	0.888	-0.0473
AT5G04750	-0.0724	-0.2877	-0.0077
AT5G04760	0.3155	0.204	0.0937
AT5G04770	-0.3496	-0.6672	-0.0185
AT5G04780	-0.2433	-0.6266	0.2874
AT5G04800	0.1377	0.2111	-0.0034
AT5G04810	-0.0121	-1.1041	0.1829
AT5G04820	-0.1367	-0.3446	0.0286
AT5G04830	-0.4298	-0.0257	-0.0986
AT5G04840	-0.226	0.4291	-0.3599
AT5G04850	-0.1476	0.3149	-0.0951
AT5G04860	-0.3516	-0.274	-0.3077
AT5G04870	-0.1399	0.4243	0.2223
AT5G04885	-0.2035	-0.3992	0.0592
AT5G04890	-0.0675	0.5097	-0.0483
AT5G04895	0.0554	0.487	0.3231
AT5G04900	0.1273	0.4676	0.336
AT5G04910	-0.0882	-0.4989	0.2134
AT5G04920	-0.0868	0.3072	0.168
AT5G04930	0.0769	0.3244	-0.007
AT5G04940	-0.0017	0.1787	0.0306
AT5G04950	-0.7485	-0.6264	-0.7059
AT5G04980	-0.3573	-0.0435	-0.2141
AT5G04990	-0.1187	0.1025	-0.0056
AT5G05000	-0.0536	0.5373	0.0197
AT5G05010	-0.0428	0.4317	0.0345
AT5G05080	-0.237	-0.6399	0.0732
AT5G05090	-0.1231	-0.4821	0.1619
AT5G05100	0.0361	-0.4619	0.0307
AT5G05110	-0.1072	-0.179	-0.1421
AT5G05130	0.0817	-0.3785	-0.014
AT5G05140	-0.1437	-0.4424	0.0074
AT5G05160	-0.6374	0.0592	0.0386
AT5G05170	0.0258	0.3648	-0.0136
AT5G05180	-0.3137	0.5889	0.0568
AT5G05190	0.0041	0.1097	0.056
AT5G05200	-0.3497	-0.1601	0.0233
AT5G05210	-0.0561	0.1306	0.2453
AT5G05230	-0.0063	0.0883	0.1569
AT5G05240	-0.1188	0.1995	0.1278
AT5G05250	-0.2032	0.5728	0.1165
AT5G05270	-0.3946	0.9937	-0.3914
AT5G05310	0.0757	-0.0544	0.0784
AT5G05330	-0.3776	-0.3045	0.1585
AT5G05340	0.8299	0.5741	-0.1896
AT5G05350	-0.1625	0.1519	-0.0387
AT5G05360	-0.065	-0.2174	-0.1817
AT5G05365	0.0359	1.9839	-0.0613
AT5G05370	-0.1723	0.4082	-0.4668
AT5G05380	0.1272	0.3095	0.0421
AT5G05410	0.201	0.28	-0.6872
AT5G05435	0.1337	0.4391	0.1152
AT5G05440	0.6277	1.3455	0.0586
AT5G05450	-0.0826	0.3159	0.39
AT5G05460	0.0754	-0.047	0.2039
AT5G05470	-0.0473	0.5577	0.0635
AT5G05480	-0.0665	-0.0558	0.1532
AT5G05510	-0.4536	-0.4789	0.1962
AT5G05520	0.0185	0.1786	0.0474
AT5G05540	-0.2396	0.0804	0.4207
AT5G05550	0.1587	-0.1609	0.1824
AT5G05560	0.062	0.1059	0.0504
AT5G05570	-0.0459	0.2612	0.0791
AT5G05580	0.2442	0.1163	0.2441
AT5G05590	-0.1373	0.9019	0.0008
AT5G05600	0.059	-0.8382	0.3541
AT5G05610	0.0001	0.2698	0.2179
AT5G05620	-0.2005	0.1674	0.1782
AT5G05630	0.1882	-0.199	0.1449
AT5G05640	0.1146	-0.5206	0.2096
AT5G05660	0.0956	0.3376	0.2623
AT5G05670	-0.0947	-0.1475	0.0769
AT5G05680	0.1298	-0.3866	0.426
AT5G05690	-0.0532	-0.2674	0.0361
AT5G05700	-0.2272	-0.1026	0.1897
AT5G05710	0.0807	-0.1852	-0.0156
AT5G05730	0.0563	0.6423	0.3175
AT5G05740	0.001	0.3992	0.2401
AT5G05750	-0.1746	-0.5548	0.1221
AT5G05760	-0.1231	0.437	0.0375
AT5G05780	-0.1715	0.0271	0.0327
AT5G05790	-0.3625	0.6113	-0.1359
AT5G05800	0.0313	-0.215	0.1924
AT5G05810	0.3171	0.7161	-0.0892
AT5G05820	-0.1291	0.3406	0.0581
AT5G05830	-0.1963	-0.0257	0.1241
AT5G05850	-0.0748	0.018	-0.065
AT5G05860	0.0886	0.3894	-0.1005
AT5G05870	0.0869	0.065	-0.1362
AT5G05880	0.7962	0.655	0.4713
AT5G05890	0.0885	-0.0491	0.1699
AT5G05920	-0.0513	0.607	0.1025
AT5G05930	-0.3006	-0.0785	0.0533
AT5G05940	-0.621	-0.9128	0.2917
AT5G05950	-0.1409	-0.1479	-0.1463
AT5G05960	-0.1321	0.7397	-0.1639
AT5G05965	0.3161	0.3679	0.2107
AT5G05970	-0.0103	0.1208	0.1783
AT5G05980	-0.0199	-0.1878	0.2215
AT5G05987	0.0768	-0.0706	-0.0845
AT5G05990	-0.2908	0.2115	0.3029
AT5G06000	-0.0018	-0.1805	0.1419
AT5G06050	-0.0203	0.5127	0.3667
AT5G06060	-0.1892	0.1189	0.0756
AT5G06100	0.0334	-0.1305	0.2332
AT5G06110	0.1331	0.3062	0.1701
AT5G06120	-0.0384	-0.0834	0.2102
AT5G06130	-0.02	0.1142	0.2744
AT5G06140	-0.1705	-0.3856	0.2078
AT5G06150	-0.4464	-0.8742	0.0083
AT5G06160	-0.0373	0.144	0.3068
AT5G06180	-0.0707	0.0751	0.2731
AT5G06190	-0.0297	0.3736	-0.1252
AT5G06210	-0.0423	-0.3022	0.1556
AT5G06220	-0.0753	-0.1573	0.1065
AT5G06230	-0.0335	-0.0664	-0.0521
AT5G06240	-0.0191	-0.1408	0.1233
AT5G06250	0.2166	-0.2982	0.6839
AT5G06260	-0.2181	0.2098	0.0845
AT5G06265	-0.0641	0.0245	0.1963
AT5G06270	-0.2172	-0.3391	-0.062
AT5G06280	-0.3903	-0.2582	-0.3474
AT5G06290	-0.121	0.2534	0.0928
AT5G06300	0.0635	-0.1523	-0.4115
AT5G06310	0.0228	0.4237	0.4426
AT5G06320	-0.0139	0.2705	-0.1834
AT5G06340	-0.0855	-0.7469	0.2802
AT5G06350	0.0945	-0.0202	0.1133
AT5G06360	0.0531	0.1091	0.1279
AT5G06370	0.1654	-0.3699	-0.0769
AT5G06390	-0.262	0.3485	0.2286
AT5G06395	0.0051	-0.3236	0.1093
AT5G06400	-0.0405	0.0225	0.1792
AT5G06410	-0.0332	0.2111	0.1879
AT5G06420	-0.0827	-0.3319	0.2103
AT5G06430	-0.1187	-0.1476	0.1736
AT5G06440	-0.1771	0.2296	0.1719
AT5G06450	-0.169	-0.1575	-0.1545
AT5G06460	0.1624	-0.0633	0.2574
AT5G06480	0.1136	0.1097	-0.174
AT5G06530	-0.1977	0.2879	-0.2826
AT5G06540	0.0661	0.224	0.3313
AT5G06550	-0.2417	0.4518	0.2552
AT5G06560	-0.1277	-0.7406	-0.037
AT5G06580	-0.1198	0.3903	0.0693
AT5G06590	-0.2861	-0.0237	0.1092
AT5G06600	-0.032	0.0998	-0.0144
AT5G06610	-0.0047	0.5867	0.069
AT5G06620	-0.0101	0.3414	0.2598
AT5G06660	-0.1095	-0.219	-0.1588
AT5G06670	0.1257	0.21	0.0495
AT5G06680	-0.0683	-0.0118	0.0129
AT5G06700	-0.1194	-0.0087	0.0565
AT5G06710	-0.3761	-0.1696	0.3638
AT5G06720	-0.5329	0.6006	0.3049
AT5G06750	-0.1069	0.7565	0.0415
AT5G06760	1.7891	0.3882	-0.4358
AT5G06770	-0.2653	0.2623	0.069
AT5G06780	-0.0628	0.5022	0.1079
AT5G06790	-0.2669	-0.5119	-0.0484
AT5G06800	0.355	0.105	-0.1946
AT5G06810	-0.117	0.0418	0.429
AT5G06811	-0.0693	0.0494	0.2008
AT5G06830	-0.0585	0.1958	0.1277
AT5G06839	0.0704	0.4326	-0.0613
AT5G06850	-0.2025	0.0291	-0.0266
AT5G06860	-0.0193	-0.5169	0.4077
AT5G06865	-0.0692	-0.88	0.1587
AT5G06910	-0.165	0.0387	0.1288
AT5G06930	0.304	0.9357	0.2424
AT5G06940	-0.344	-0.4502	0.0321
AT5G06950	-0.1878	0.2049	0.1095
AT5G06960	-0.0403	0.3287	0.0519
AT5G06970	0.0749	0.0292	0.1689
AT5G06980	-0.0005	0.2854	-0.7635
AT5G07000	-0.0842	0.9414	-0.0547
AT5G07010	1.0345	2.2976	0.0829
AT5G07020	0.071	0.6223	-0.0747
AT5G07030	-0.6655	0.6679	-0.0332
AT5G07070	0.0827	0.3008	0.0835
AT5G07080	0.0336	-0.0634	-0.2458
AT5G07090	-0.0572	0.0668	-0.0233
AT5G07100	0.3071	0.9659	0.1152
AT5G07110	0.3099	1.0795	-0.2339
AT5G07120	-0.1749	0.2896	0.097
AT5G07130	-0.7802	0.0388	0.2033
AT5G07140	-0.1677	0.1783	0.2857
AT5G07152	-0.2359	0.0348	0.1455
AT5G07220	-0.1766	0.2208	-0.256
AT5G07240	-0.0568	-0.3733	0.065
AT5G07250	-0.0268	0.9822	-0.1999
AT5G07270	-0.2464	-0.0872	-0.0295
AT5G07285	-0.2397	0.2865	0.0608
AT5G07290	0.1501	0.0036	0.0094
AT5G07300	-0.0789	0.0611	0.0531
AT5G07320	-0.0577	0.2477	0.1622
AT5G07322	-0.1204	-0.1992	-0.4203
AT5G07340	-0.2967	0.041	0.2328
AT5G07350	0.2007	0.3393	0.0943
AT5G07360	0.2546	-0.369	0.0899
AT5G07370	-0.1542	0.0993	-0.1481
AT5G07400	-0.1366	-0.0987	0.3959
AT5G07440	-0.1825	-0.4676	0.1286
AT5G07460	0.2755	0.8536	-0.1525
AT5G07470	0.0101	0.127	-0.1615
AT5G07580	0.4056	0.7666	-0.0427
AT5G07590	-0.1143	0.4177	0.0648
AT5G07610	-0.0857	0.4652	0.1318
AT5G07620	-0.106	-0.0908	0.1133
AT5G07630	-0.2215	0.0304	0.0991
AT5G07660	-0.1686	-0.0823	0.2791
AT5G07670	-0.1398	-0.2716	0.1415
AT5G07680	0.1108	0.9966	-0.6811
AT5G07710	-0.1918	-0.3286	0.179
AT5G07720	0.0333	0.4324	0.1805
AT5G07730	0.1101	0.0811	0.084
AT5G07740	0.2149	0.1296	0.1038
AT5G07770	0.2884	-0.0986	-0.2745
AT5G07790	0.2123	0.1372	0.2193
AT5G07800	-0.4896	0.2752	0.0819
AT5G07810	-0.1865	-0.1911	-0.0499
AT5G07820	0.0266	0.7187	0.1367
AT5G07830	0.1115	0.9591	0.3155
AT5G07840	0.0913	0.1135	0.1132
AT5G07860	0.46	-0.2391	0.5127
AT5G07870	0.2068	0.1273	0.6024
AT5G07890	-0.1204	0.0904	0.2003
AT5G07900	-0.1051	0.0951	-0.0059
AT5G07910	-0.3484	-0.0667	0.0428
AT5G07920	0.0773	0.2946	-0.0806
AT5G07940	-0.1759	-0.1426	0.0763
AT5G07950	0.1388	0.0174	0.317
AT5G07960	-0.1611	-0.1819	-0.2625
AT5G07970	-0.0693	0.1017	0.0287
AT5G07980	0.1165	-0.2314	0.2335
AT5G07990	-0.5172	0.2303	-0.472
AT5G08010	-0.3474	0.1307	0.1254
AT5G08020	-0.3157	-0.399	0.0883
AT5G08040	-0.0813	-0.104	-0.1948
AT5G08050	-0.6662	0.1499	-0.7281
AT5G08060	-0.149	0.0971	0.0154
AT5G08080	-0.185	0.0139	0.1084
AT5G08100	-0.2213	-0.2439	0.0776
AT5G08110	-0.1497	-0.1714	-0.056
AT5G08120	-0.0342	0.0465	0.3023
AT5G08130	-0.022	0.4297	0.0402
AT5G08139	-0.1035	-0.1992	0.1253
AT5G08160	-0.0456	0.4323	0.1509
AT5G08170	0.0414	-0.0196	0.2438
AT5G08180	-0.0663	0.1526	0.1635
AT5G08190	-0.0392	0.2158	0.1103
AT5G08200	-0.1213	0.1987	0.1758
AT5G08230	0.4357	-0.285	0.2378
AT5G08240	0.2261	-0.1549	-0.0421
AT5G08260	-0.1564	0.8814	0.1494
AT5G08270	-0.0848	0.465	0.2292
AT5G08280	-0.1336	0.3478	-0.0801
AT5G08290	-0.1561	-0.1028	-0.1649
AT5G08300	-0.0833	0.5682	-0.0711
AT5G08305	-0.0687	0.1138	0.3923
AT5G08310	0.1443	0.2253	0.297
AT5G08320	-0.1665	-0.1265	-0.0791
AT5G08330	-0.1288	0.1799	-0.3751
AT5G08335	0.0811	0.5986	-0.0872
AT5G08340	-0.0255	-0.289	0.0475
AT5G08350	0.2033	-0.7707	0.4624
AT5G08360	-0.0836	0.3024	-0.1404
AT5G08370	-0.2404	-0.0769	0.0209
AT5G08380	-0.0943	-0.3937	0.2715
AT5G08390	-0.2309	-0.0169	0.0097
AT5G08400	0.1519	0.2489	0.1797
AT5G08410	0.0421	-0.4352	-0.1178
AT5G08415	-0.2811	0.0706	0.0137
AT5G08420	-0.0133	0.0175	0.3886
AT5G08430	-0.1061	-0.4318	0.2231
AT5G08440	-0.288	-0.1719	0.0408
AT5G08450	0.2432	0.6982	0.179
AT5G08470	0.1419	-0.2859	0.2997
AT5G08480	-0.4727	-0.1844	-0.0217
AT5G08490	0.1419	0.0499	0.229
AT5G08500	0.1552	0.4222	0.0486
AT5G08510	-0.301	-0.3079	0.2505
AT5G08520	0.0276	0.2453	0.4574
AT5G08530	-0.2813	-0.3279	0.0039
AT5G08535	0.0785	0.2314	0.1132
AT5G08540	0.0056	-0.1699	0.0523
AT5G08550	0.1581	-0.3378	0.0965
AT5G08560	-0.036	0.1351	0.0664
AT5G08565	-0.1169	0.3261	0.2266
AT5G08570	-0.11	-0.028	-0.0085
AT5G08580	-0.1485	0.2635	0.3961
AT5G08590	-0.0786	0.1703	0.1402
AT5G08610	0.0538	0.0272	0.3599
AT5G08620	-0.2117	-0.0012	0.1093
AT5G08630	0.1785	0.2984	0.3247
AT5G08640	-0.7179	-0.1865	-0.3001
AT5G08650	-0.2803	0.026	0.0327
AT5G08660	0.1847	0.8901	0.164
AT5G08670	-0.0621	0.0718	-0.0612
AT5G08680	0.0113	0.2972	0.0018
AT5G08690	-0.1075	0.2375	0.0126
AT5G08710	-0.0914	0.1349	0.3024
AT5G08720	-0.2515	-0.2416	0.2325
AT5G08740	-0.1326	0.4718	0.1092
AT5G08750	-0.0522	0.1382	0.385
AT5G08770	0.1542	-0.534	0.1578
AT5G08780	0.029	0.2228	0.4437
AT5G08790	0.0806	0.0877	0.2818
AT5G08820	-0.0929	0.6087	-0.0579
AT5G08835	0.3175	0.6378	0.1633
AT5G09155	-0.1211	0.6031	0.6219
AT5G09175	0.0483	0.104	0.5297
AT5G09220	-0.1328	-0.6256	0.2745
AT5G09225	-0.0776	-0.6582	-0.0147
AT5G09230	-0.3092	0.1523	0.1849
AT5G09240	-0.2446	0.1357	0.0779
AT5G09250	0.0385	0.562	-0.0974
AT5G09260	-0.3202	0.1519	0.0158
AT5G09270	-0.2025	-0.2621	0.0904
AT5G09275	0.1108	0.4289	0.2426
AT5G09285	0.2358	0.3918	0.0491
AT5G09300	0.1541	-0.0669	0.3983
AT5G09310	0.0802	0.1138	-0.0216
AT5G09315	-0.08	-0.6441	0.249
AT5G09330	0.0193	0.0483	0.225
AT5G09350	0.0586	0.0006	0.2469
AT5G09380	-0.1556	0.2141	0.1408
AT5G09390	-0.0669	-0.0055	0.0322
AT5G09400	-0.0002	-0.1105	-0.0155
AT5G09410	0.2022	0.2903	0.3302
AT5G09420	-0.0075	0.7227	0.2844
AT5G09440	-0.2588	-0.0084	-0.151
AT5G09443	-0.0303	-0.5281	0.0971
AT5G09450	-0.1555	0.3699	0.1669
AT5G09460	-0.62	-0.0403	0.1553
AT5G09480	-0.4817	0.3455	0.3641
AT5G09510	0.1642	0.3695	-0.1469
AT5G09520	-1.1775	-0.0019	-0.2078
AT5G09530	-0.5245	1.4803	-0.0339
AT5G09540	0.0078	-0.3658	0.3357
AT5G09570	0.4675	0.4481	0.4784
AT5G09580	-0.1394	0.7585	0.0264
AT5G09585	0.0506	-0.374	-0.5625
AT5G09590	0.0316	0.1742	0.1386
AT5G09595	-0.0135	-1.0353	-0.6072
AT5G09600	-0.2313	0.0273	-0.1025
AT5G09620	-0.2137	0.0976	0.1705
AT5G09630	-0.2145	-0.1651	-0.3045
AT5G09650	-0.3168	-0.0416	0.1206
AT5G09660	0.4303	-0.1479	-0.6979
AT5G09670	-0.4248	0.212	-0.06
AT5G09680	-0.0827	0.1916	0.0717
AT5G09690	-0.3232	-0.1543	0.1294
AT5G09730	0.5331	-0.3831	0.0555
AT5G09740	-0.1848	-0.0767	0.0514
AT5G09760	-0.3655	0.3233	-0.2171
AT5G09770	-0.1235	-0.2922	0.2808
AT5G09790	-0.0386	-0.2072	0.5348
AT5G09800	0.09	0.2819	-0.3392
AT5G09810	-0.1025	0.4464	-0.1552
AT5G09820	-0.2069	0.1128	0.0264
AT5G09830	-0.2222	0.1055	-0.1943
AT5G09840	-0.163	0.3133	0.3439
AT5G09850	-0.1541	0.7446	0.2091
AT5G09860	0.0641	-0.0025	0.1086
AT5G09870	-0.1337	0.6218	-0.1464
AT5G09880	0.1958	0.2255	0.0611
AT5G09890	0.0253	0.5524	0.0904
AT5G09900	-0.0662	0.0581	0.128
AT5G09920	-0.1567	0.1756	-0.0035
AT5G09960	0.056	0.4234	-0.0588
AT5G09980	0.4574	-0.1348	-0.0159
AT5G09995	-0.166	0.1767	0.1814
AT5G10010	-0.0548	-0.0247	0.2431
AT5G10020	0.0587	0.3053	0.0005
AT5G10030	-0.1931	0.7312	-0.047
AT5G10050	-0.1099	-0.2159	0.164
AT5G10060	-0.09	0.2036	0.258
AT5G10070	-0.3221	0.4733	0.0798
AT5G10080	-0.1539	-0.1629	0.2964
AT5G10100	-0.8438	1.185	-0.4164
AT5G10110	-0.2555	-0.2326	0.2394
AT5G10150	-0.2379	-0.4971	0.0891
AT5G10160	-0.1041	-0.3144	0.0849
AT5G10170	-0.0829	0.1389	0.3602
AT5G10180	-0.0781	-0.5985	0.3679
AT5G10190	-0.1013	0.0045	0.2396
AT5G10200	-0.5323	0.0112	0.1169
AT5G10240	0.0003	0.4578	0.2544
AT5G10260	0.0071	0.6311	0.1785
AT5G10270	-0.0938	0.4227	0.1623
AT5G10280	-0.4796	-0.0733	-0.2819
AT5G10290	-0.1931	0.9789	0.1137
AT5G10300	0.0644	0.1727	0.4754
AT5G10310	-0.4831	-0.5686	0.107
AT5G10320	-0.191	0.3216	0.3979
AT5G10330	-0.0777	0.4674	0.055
AT5G10350	0.0397	0.2132	0.1252
AT5G10360	0.0289	0.0805	0.032
AT5G10370	0.3654	0.009	-0.039
AT5G10380	-0.2802	-0.3707	0.3745
AT5G10390	-0.2321	-0.3689	-0.0382
AT5G10400	-0.1571	-0.2669	0.0149
AT5G10410	-0.3116	-0.2638	-0.2749
AT5G10430	0.4518	1.7868	-0.2562
AT5G10440	-0.3315	-0.0235	-0.034
AT5G10450	-0.365	-0.9517	-0.0964
AT5G10460	-0.1625	0.0219	-0.0583
AT5G10470	-0.1454	-0.1441	0.032
AT5G10480	-0.0476	0.2459	-0.085
AT5G10490	-0.0757	0.2142	0.1286
AT5G10510	0.3885	-0.5664	0.1966
AT5G10520	-0.1982	-0.1608	0.0122
AT5G10540	0.0041	0.0652	0.0984
AT5G10550	0.0748	0.5454	0.0625
AT5G10560	-0.1234	0.2006	-0.0809
AT5G10580	0.1555	0.4404	-0.5205
AT5G10600	-0.3166	-0.0282	-0.2105
AT5G10605	-0.117	-0.71	0.1654
AT5G10610	-0.1147	-0.2244	-0.019
AT5G10620	0.1168	0.206	0.0226
AT5G10625	0.4758	-0.1137	-0.0062
AT5G10630	-0.0404	-0.0619	0.0977
AT5G10650	0.1617	-0.0676	-0.0352
AT5G10690	-0.1012	-0.096	0.19
AT5G10695	0.468	0.6191	0.1419
AT5G10700	-0.0437	-0.182	0.0229
AT5G10710	0.0556	0.3438	0.1454
AT5G10720	0.1766	-0.2213	0.0474
AT5G10730	0.0271	0.1121	-0.0082
AT5G10740	0.1553	0.7733	-0.1472
AT5G10745	0.1063	0.4462	0.0147
AT5G10750	-0.0136	0.4517	-0.2154
AT5G10770	-0.2183	0.8821	0.1838
AT5G10780	-0.1037	-0.2838	-0.0616
AT5G10790	-0.1493	0.2461	-0.0832
AT5G10800	-0.0248	-0.381	0.1979
AT5G10810	-0.0816	-0.0931	0.0316
AT5G10820	-0.219	0.0876	-0.0898
AT5G10830	0.2243	0.8456	0.0309
AT5G10840	0.0316	0.3587	0.1268
AT5G10860	-0.1528	-0.5555	-0.0262
AT5G10870	-0.2917	0.0854	0.2191
AT5G10900	-0.1459	-0.2677	0.1521
AT5G10910	-0.2449	0.1746	0.4058
AT5G10920	-0.345	0.1656	0.1893
AT5G10930	-0.8207	-0.8401	-0.4974
AT5G10940	-0.0607	-0.0305	0.1534
AT5G10946	0.2129	-0.5317	-0.0508
AT5G10950	0.1415	0.1312	0.3528
AT5G10960	-0.1689	0.0558	-0.0451
AT5G10965	-0.3939	-0.096	-0.1717
AT5G10970	-0.5528	0.0697	-0.1792
AT5G10980	0.144	0.4671	-0.179
AT5G10990	0.65	0.5062	0.5976
AT5G11000	-0.0022	0.6796	-0.1305
AT5G11010	-0.0501	-0.0253	0.3597
AT5G11020	-0.174	0.0108	-0.1248
AT5G11030	-0.0378	0.2277	0.1758
AT5G11040	0.0887	0.2644	0.0064
AT5G11060	-0.7911	-0.531	-0.093
AT5G11070	-0.3436	-0.1428	0.345
AT5G11090	0.1885	0.5101	-0.0536
AT5G11100	0.3588	0.832	0.0256
AT5G11110	-0.2176	-0.0532	-0.3469
AT5G11150	-0.189	0.0911	-0.1401
AT5G11160	0.3625	0.1597	0.3657
AT5G11170	-0.0993	0.1198	0.0128
AT5G11200	-0.0165	0.1025	0.0294
AT5G11230	-0.5144	-0.1331	-0.135
AT5G11240	-0.1692	0.1601	0.2388
AT5G11250	-0.1913	-0.2868	0.1401
AT5G11260	-0.666	-0.7233	-0.3333
AT5G11270	-0.2458	0.109	0.0151
AT5G11280	0.0262	-0.069	-0.0228
AT5G11300	-0.2786	-0.4065	0.234
AT5G11310	0.0656	-0.0429	0.2638
AT5G11330	-0.1268	0.2326	0.1467
AT5G11340	0.0946	-0.1577	0.1694
AT5G11350	0.0213	0.1121	0.2179
AT5G11380	-0.1138	0.2092	0.1721
AT5G11390	0.0189	0.3128	0.4535
AT5G11420	-0.1456	0.3774	0.1486
AT5G11430	-0.0706	-0.2316	0.024
AT5G11450	-0.0833	0.0218	0.2231
AT5G11460	-0.1262	-0.4274	0.1204
AT5G11470	-0.1608	0.0007	-0.0041
AT5G11480	-0.203	0.2529	0.1709
AT5G11490	0.0044	-0.0306	0.0596
AT5G11500	-0.1372	-0.3629	0.184
AT5G11510	-0.5637	-0.8328	0.2042
AT5G11520	-0.0174	0.2038	-0.0098
AT5G11530	0.0426	-0.1867	0.1825
AT5G11550	-0.2921	-0.1741	-0.0877
AT5G11560	0.0842	0.1239	0.1296
AT5G11580	-0.0925	-0.1594	0.198
AT5G11590	-0.4894	0.277	-0.3159
AT5G11600	0.076	0.1514	0.1695
AT5G11630	-0.1646	0.2191	-0.1524
AT5G11640	-0.0443	0.2772	0.1642
AT5G11650	0.0975	0.5914	-0.1014
AT5G11670	-0.0506	0.3822	0.0036
AT5G11680	-0.0667	0.4238	-0.0396
AT5G11690	-0.0557	0.1829	-0.0713
AT5G11700	-0.1093	0.0376	0.0808
AT5G11710	-0.1595	0.3237	0.0257
AT5G11720	-0.1868	0.0093	0.2336
AT5G11730	-0.0982	0.1956	-0.0178
AT5G11740	-0.013	0.8076	-0.2814
AT5G11750	0.0369	0.3909	0.1525
AT5G11760	-0.0168	-0.1498	0.0549
AT5G11770	-0.1283	-0.1859	-0.1635
AT5G11780	-0.2363	-0.2458	0.1757
AT5G11790	-0.6562	0.0272	0.0766
AT5G11800	0.0861	0.7843	0.1798
AT5G11810	-0.0516	0.8977	-0.0935
AT5G11840	0.1077	0.1959	0.0972
AT5G11850	-0.0011	0.3715	0.0906
AT5G11860	-0.0961	-0.0237	0.0773
AT5G11880	-0.1354	0.5575	0.0719
AT5G11890	-0.0166	0.5917	0.0158
AT5G11900	0.0211	0.5026	0.0303
AT5G11910	-0.3153	-0.0582	0.2133
AT5G11930	-0.2456	-0.1152	-0.4923
AT5G11950	0.3258	1.0761	0.3232
AT5G11960	-0.1578	-0.2583	-0.0265
AT5G11970	-0.0059	0.892	-0.3152
AT5G11975	0.2277	1.093	-0.4394
AT5G11980	-0.0919	0.4092	0.264
AT5G11990	-0.0223	0.263	-0.1347
AT5G12010	-0.4172	0.2582	-0.4163
AT5G12040	-0.1252	0.5056	0.0464
AT5G12050	-0.2296	0.1876	0.1509
AT5G12080	-0.1544	0.268	0.3643
AT5G12100	0.0895	-0.0235	0.2903
AT5G12110	-0.1414	0.9978	0.3814
AT5G12120	0.0114	-0.8566	0.0451
AT5G12130	-0.0111	0.5963	0.0851
AT5G12140	-0.1144	0.2718	-0.239
AT5G12150	-0.1946	0.1723	0.1271
AT5G12170	0.3001	0.8205	0.3386
AT5G12190	-0.0642	0.1362	-0.0895
AT5G12200	-0.3224	-0.033	0.0732
AT5G12210	-0.2833	-0.4964	0.1141
AT5G12220	-0.3115	0.0295	0.2849
AT5G12230	-0.2366	-0.3701	0.3778
AT5G12240	-0.0738	-0.0482	-0.0424
AT5G12250	-0.2139	0.3898	0.0684
AT5G12260	-0.1199	0.2791	0.1322
AT5G12280	-0.2155	0.3715	0.848
AT5G12290	-0.1194	-0.1159	0.0405
AT5G12310	-0.0013	-0.0205	-0.0131
AT5G12320	-0.0639	0.2253	-0.0207
AT5G12330	0.2305	0.4267	0.3989
AT5G12350	-0.01	0.1283	0.1519
AT5G12360	-0.1039	-0.2875	0.1092
AT5G12370	-0.035	0.2009	0.031
AT5G12390	-0.0781	-0.793	-0.1744
AT5G12400	0.1736	-0.0476	0.0254
AT5G12410	-0.0995	-0.2573	0.1832
AT5G12420	-1.1479	-0.6107	0.0847
AT5G12430	0.0014	-0.0123	0.2128
AT5G12440	0.068	0.1072	0.195
AT5G12470	0.1437	0.5664	0.1023
AT5G12480	-0.1891	-0.1831	0.3854
AT5G12840	-0.1929	-0.1975	-0.0857
AT5G12850	-0.012	0.0626	0.0722
AT5G12860	0.0471	0.9239	-0.1319
AT5G12880	0.021	0.3952	-0.4345
AT5G12890	-0.0473	0.1652	0.0796
AT5G12900	-0.6367	-0.1849	0.2677
AT5G12920	-0.3193	-0.1123	0.2614
AT5G12930	-0.2257	-0.5929	0.2793
AT5G12940	0.3882	1.674	0.101
AT5G12950	-0.275	-0.6527	0.2949
AT5G12970	-0.289	-0.425	0.329
AT5G12980	0.1928	0.0777	0.2374
AT5G13000	0.1226	-0.0736	0.21
AT5G13010	0.1169	-0.4936	0.1801
AT5G13020	-0.2008	0.1841	0.0883
AT5G13030	-0.0157	0.3958	-0.1351
AT5G13050	-0.0586	0.3482	0.0704
AT5G13060	-0.2868	-0.6802	0.3609
AT5G13070	-0.0184	-0.0211	-0.0153
AT5G13090	-0.1351	-0.0141	0.0857
AT5G13100	-0.0235	-0.1637	0.1052
AT5G13110	-0.1465	0.5618	0.004
AT5G13120	0.0615	0.3482	0.1308
AT5G13140	-0.6954	-0.2282	0.4416
AT5G13150	-0.0699	-0.2111	-0.1234
AT5G13160	-0.0595	0.254	0.02
AT5G13170	0.5257	1.8954	-0.1431
AT5G13180	-0.0728	0.531	-0.2415
AT5G13190	0.2066	0.9969	0.0554
AT5G13200	-0.204	0.2885	-0.4045
AT5G13220	0.4014	-0.4	0.3863
AT5G13240	-0.1047	-0.0504	-0.2109
AT5G13260	0.1798	0.2095	0.167
AT5G13270	0.1192	0.2723	0.2702
AT5G13280	-0.0969	-0.0823	0.2491
AT5G13290	-0.414	-0.9634	0.1861
AT5G13300	-0.2156	-0.152	0.0735
AT5G13310	0.0436	0.2599	0.0206
AT5G13330	1.3959	1.4024	0.5817
AT5G13340	0.0621	0.3168	0.3252
AT5G13360	0.321	0.1796	-0.0457
AT5G13370	1.354	-0.2095	-0.182
AT5G13390	0.0853	0.1427	-0.0349
AT5G13400	0.329	0.189	0.2651
AT5G13410	0.2177	0.5614	0.1409
AT5G13420	-0.2865	0.6826	-0.2826
AT5G13430	-0.0534	-0.0183	0.0008
AT5G13440	-0.0867	0.0385	-0.1405
AT5G13450	-0.1869	0.3515	-0.0897
AT5G13460	0.1544	0.2229	0.3579
AT5G13470	-0.0256	-0.2323	0.0781
AT5G13480	0.0101	0.3988	0.3152
AT5G13490	0.2912	0.3939	0.492
AT5G13500	0.1802	0.9945	0.124
AT5G13510	-0.0082	0.1428	-0.0137
AT5G13520	-0.0185	-0.1501	0.2609
AT5G13530	0.2482	0.3323	0.1461
AT5G13550	-0.0217	0.8954	0.1992
AT5G13560	0.0397	-0.0942	0.021
AT5G13570	0.0497	-0.2299	0.2898
AT5G13580	-0.8285	0.235	-0.1956
AT5G13590	0.1523	-0.0225	0.1387
AT5G13610	-0.2082	0.459	0.1357
AT5G13630	-0.4244	-0.2231	-0.4542
AT5G13640	-0.1084	-0.1386	0.0398
AT5G13650	-0.0794	-0.4584	0.0968
AT5G13660	-0.5257	-0.0916	0.2573
AT5G13680	0.2847	0.3791	0.2506
AT5G13690	0.0525	-0.2369	0.3702
AT5G13700	0.0421	0.4474	0.08
AT5G13710	-0.0014	0.29	0.1563
AT5G13720	0.1951	0.5646	0.1024
AT5G13740	0.3295	0.7272	0.4885
AT5G13750	-0.04	0.3586	0.0268
AT5G13760	0.0264	-0.2126	0.397
AT5G13770	-0.2457	-0.9036	-0.1747
AT5G13780	-0.0934	-0.4318	0.1558
AT5G13790	0.4299	1.0469	0.0444
AT5G13800	0.4719	0.4641	-0.0424
AT5G13810	-0.2288	0.0295	-0.2654
AT5G13820	0.3125	1.0866	0.1302
AT5G13830	0.1627	0.049	0.377
AT5G13840	-0.2635	-0.3808	0.2604
AT5G13850	-0.0573	0.2293	-0.0056
AT5G13860	-0.0877	-0.0334	-0.1989
AT5G13870	0.2587	0.0447	0.3013
AT5G13880	-0.1946	0.1909	-0.0969
AT5G13890	0.0103	0.244	-0.1153
AT5G13900	-0.8767	0.5715	-0.7405
AT5G13920	-0.2524	-0.1014	0.1401
AT5G13930	-0.5178	-0.2759	-0.1799
AT5G13950	0.1129	-0.1737	0.1053
AT5G13960	-0.2043	0.0062	0.1969
AT5G13970	-0.2167	-0.1857	0.0783
AT5G13980	-0.2122	-0.3082	0.4649
AT5G13990	-0.0573	0.1183	0.0302
AT5G14000	0.5452	1.1862	0.0613
AT5G14030	0.0739	0.3803	0.0354
AT5G14040	0.0046	0.6254	-0.0964
AT5G14050	-0.2081	0.1735	0.0493
AT5G14060	-0.0836	0.1275	0.2901
AT5G14070	0.4511	-0.5418	0.5477
AT5G14080	-0.1939	-0.6302	0.1501
AT5G14090	0.4921	0.7167	-0.6962
AT5G14100	-0.1632	0.2104	0.2511
AT5G14105	-0.0976	0.4367	-0.0528
AT5G14120	0.4977	-0.278	-0.0189
AT5G14140	0.0177	0.3128	0.2272
AT5G14170	-0.09	-0.3451	0.0182
AT5G14180	1.2011	0.2608	0.0936
AT5G14200	-0.8595	-0.9572	-0.0775
AT5G14210	-0.0981	0.509	0.2257
AT5G14220	-0.1525	0.145	0.2551
AT5G14230	-0.3838	0.0048	-0.0684
AT5G14240	-0.1085	-0.2486	-0.0976
AT5G14250	-0.0195	0.4605	0.1223
AT5G14260	-0.0855	-0.0346	-0.2364
AT5G14270	0.2264	0.1311	0.1665
AT5G14280	-0.3063	-0.2032	0.5647
AT5G14285	-0.0525	-0.0007	0.1378
AT5G14310	-0.1669	0.303	-0.188
AT5G14320	-0.0376	-0.0623	-0.0718
AT5G14330	-0.0185	0.3156	-0.4178
AT5G14360	0.5611	1.0261	1.071
AT5G14370	-0.0635	-0.0083	0.0426
AT5G14390	-0.1357	-0.6473	0.0857
AT5G14410	-0.0096	-0.686	0.0123
AT5G14420	-0.2438	0.1203	-0.0998
AT5G14430	-0.0413	-0.1138	0.3066
AT5G14440	0.0438	0.6413	0.3203
AT5G14450	-0.3685	0.2191	0.2358
AT5G14460	-0.2655	-0.0781	0.171
AT5G14480	-0.0701	0.0581	-0.0249
AT5G14500	-0.0011	0.3437	0.0375
AT5G14510	-0.2439	-0.5496	0.2754
AT5G14520	-0.0332	0.0233	0.2298
AT5G14530	0.0368	-0.1546	0.2332
AT5G14540	0.1031	0.1384	-0.1009
AT5G14550	-0.1129	-0.3121	0.2465
AT5G14570	0.0823	-0.0116	0.4468
AT5G14580	0.1392	0.5362	0.2893
AT5G14590	-0.1788	0.1946	0.2009
AT5G14600	-0.1049	-0.0237	0.136
AT5G14610	-0.0307	0.1308	0.0629
AT5G14620	-0.0393	-0.3001	0.1687
AT5G14640	0.1745	0.5455	0.2087
AT5G14660	-0.1097	0.1691	0.0526
AT5G14680	-0.2022	-0.648	0.0044
AT5G14690	-0.098	0.4486	0.0239
AT5G14700	-0.8665	-0.1059	-0.331
AT5G14710	-0.0813	0.3031	0.0172
AT5G14720	-0.1786	0.0463	0.2438
AT5G14730	0.2456	0.8042	-0.119
AT5G14750	0.0447	0.2286	0.4972
AT5G14760	-0.2234	1.3502	-0.1471
AT5G14770	-0.1112	-0.1336	0.4346
AT5G14780	0.5524	0.8728	0.8079
AT5G14790	-0.0903	0.3808	-0.0513
AT5G14800	0.0255	-0.3639	0.5385
AT5G14820	-0.0487	-0.3243	-0.0007
AT5G14850	-0.1217	0.3727	0.2287
AT5G14870	-0.278	-0.2273	0.2534
AT5G14880	-0.2184	-0.2349	-0.091
AT5G14890	-0.3641	-0.0862	0.2088
AT5G14910	0.0771	0.1576	0.0371
AT5G14920	0.5721	2.7329	0.3436
AT5G14930	0.5418	1.0939	0.1278
AT5G14940	0.1259	0.8273	0.3999
AT5G14950	0.1324	0.0887	0.0603
AT5G14960	-0.0246	-0.0002	0.2852
AT5G14970	-0.1966	-0.1204	0.2064
AT5G15010	-0.3056	-0.1316	0.0295
AT5G15020	0.0063	0.1192	0.1912
AT5G15050	-0.0442	0.3653	0.162
AT5G15070	0.0924	0.3424	0.1747
AT5G15080	-0.1552	0.047	-0.0528
AT5G15090	0.0515	0.307	0.086
AT5G15120	0.407	2.3872	0.7981
AT5G15130	0.0531	-0.0951	0.2992
AT5G15150	0.4597	1.1951	-0.0118
AT5G15160	-0.1557	0.205	0.0737
AT5G15170	-0.0158	-0.1589	0.2983
AT5G15190	-0.4743	-0.2243	-0.4766
AT5G15200	0.1027	-0.0089	0.0222
AT5G15210	0.4901	0.3277	0.275
AT5G15220	0.2639	0.6949	0.1417
AT5G15230	0.5046	0.4864	0.1863
AT5G15240	-0.0657	0.3145	-0.2474
AT5G15260	-0.126	-0.1465	-0.0262
AT5G15270	0.0383	-0.0206	0.1471
AT5G15280	-0.0879	-0.071	0.4075
AT5G15300	-0.2269	-0.2507	0.2674
AT5G15320	-0.1629	-0.1016	-0.1669
AT5G15330	0.25	0.0676	0.2152
AT5G15350	0.1819	0.8917	0.0029
AT5G15390	-0.0272	-0.1177	0.1566
AT5G15400	-0.0146	0.3781	0.0897
AT5G15410	-0.038	0.7257	0.1343
AT5G15440	0.0693	0.0945	0.2527
AT5G15450	0.0975	0.5008	0.0755
AT5G15460	0.0113	0.3929	0.228
AT5G15470	-0.235	0.4059	0.117
AT5G15490	-0.1343	0.9704	-0.265
AT5G15510	-0.4934	-0.8791	0.2634
AT5G15520	-0.0996	0.0489	-0.0987
AT5G15530	0.0383	0.1477	0.1725
AT5G15540	0.1198	-0.051	0.2687
AT5G15550	0.049	0.3825	0.0987
AT5G15570	-0.2083	-0.1985	0.1081
AT5G15580	0.4406	0.6169	0.3577
AT5G15600	-0.1133	-0.5305	-0.0832
AT5G15610	-0.1975	-0.2832	0.2373
AT5G15630	-0.3064	0.4799	0.0981
AT5G15640	-0.1482	0.1423	-0.1072
AT5G15650	0.1069	0.6915	-0.0326
AT5G15680	0.2701	-0.1448	0.1197
AT5G15700	-0.045	0.2015	0.1673
AT5G15710	-0.1749	-0.1819	-0.0699
AT5G15730	0.0028	0.5366	0.1369
AT5G15740	-0.3037	-0.0108	0.0728
AT5G15750	-0.0815	0.2645	0.1375
AT5G15760	0.0663	0.4568	-0.0334
AT5G15770	-0.2412	-0.2485	-0.2199
AT5G15790	0.0009	1.0657	-0.1027
AT5G15802	-0.1565	0.0482	-0.1236
AT5G15810	0.0198	0.1788	0.3745
AT5G15820	-0.107	-0.1722	-0.0257
AT5G15830	0.437	0.6642	0.0191
AT5G15840	0.4843	1.2724	0.2492
AT5G15850	-0.0067	-0.0114	-0.2787
AT5G15860	0.0687	0.3119	0.0751
AT5G15870	-0.055	-0.0448	0.1047
AT5G15880	-0.0674	0.0633	0.2952
AT5G15910	-0.4168	0.3576	-0.1291
AT5G15920	-0.1993	-0.2769	0.1557
AT5G15930	-0.2797	0.7225	0.0966
AT5G15950	-1.449	0.2628	-1.0438
AT5G15960	-0.2285	1.2085	-1.0306
AT5G15970	-0.935	-0.1344	-0.5177
AT5G15980	-0.1546	-0.0262	0.1417
AT5G16000	-0.3965	0.4643	0.1022
AT5G16010	-0.1701	0.1982	-0.0661
AT5G16030	-0.6344	0.1048	0.2614
AT5G16040	-0.1316	0.4421	0.2708
AT5G16050	-0.0604	0.0735	-0.0598
AT5G16060	-0.2304	-0.1946	0.0952
AT5G16070	-0.0009	0.2889	0.1307
AT5G16110	0.1176	-1.1255	0.3701
AT5G16120	-0.1255	-0.3463	0.2269
AT5G16130	0.1008	0.0467	0.0981
AT5G16140	-0.087	0.0472	0.0796
AT5G16150	0.0261	-0.0774	0.116
AT5G16160	-0.1423	-0.2828	0.1386
AT5G16180	0.1353	0.0943	0.1835
AT5G16190	0.5934	0.8732	0.4075
AT5G16200	0.2377	0.6486	-0.064
AT5G16210	-0.0255	-0.0261	0.1949
AT5G16220	0.0709	0.1546	0.2256
AT5G16230	-0.2201	0.3142	0.4211
AT5G16240	-0.4399	0.0367	0.2272
AT5G16250	-0.5738	-1.2185	-0.0265
AT5G16260	-0.0391	0.0158	0.1162
AT5G16270	0.0349	-0.0657	0.1847
AT5G16280	0.1126	0.18	0.1386
AT5G16290	-0.0173	0.2321	0.3741
AT5G16300	0.1465	0.4534	0.2499
AT5G16310	-0.1269	-0.4179	0.1828
AT5G16320	-0.0813	-0.0482	0.1782
AT5G16360	0.3914	0.7075	-0.1605
AT5G16370	0.3109	-0.545	0.1625
AT5G16380	0.1241	0.2994	-0.1235
AT5G16390	0.1334	0.3346	0.0063
AT5G16400	-0.1634	0.2869	-0.0223
AT5G16420	0.0112	-0.1368	0.3283
AT5G16440	0.0252	0.2274	0.1219
AT5G16450	-0.0963	0.4306	0.0144
AT5G16470	-0.0407	-0.4063	0.0455
AT5G16480	-0.194	-0.0817	0.1177
AT5G16510	-0.1112	0.3295	0.0182
AT5G16520	0.2008	0.425	0.3375
AT5G16530	-0.39	0.1826	-0.1937
AT5G16540	-0.3449	-0.2242	0.0779
AT5G16550	-0.1331	-0.0948	-0.1502
AT5G16560	-0.0297	0.3742	0.4472
AT5G16590	-0.0846	0.4372	-0.1988
AT5G16600	-0.5068	-0.3363	0.0682
AT5G16610	0.0772	-0.0389	0.346
AT5G16620	-0.0257	-0.2573	0.1376
AT5G16630	0.2363	-0.1716	0.2737
AT5G16640	-0.2821	-0.1538	0.159
AT5G16650	-0.1185	-0.668	0.1377
AT5G16660	-0.1934	0.27	-0.1024
AT5G16680	0.1795	-0.0667	0.2176
AT5G16690	-0.2707	-0.0559	0.3526
AT5G16710	-0.1408	0.1311	0.0865
AT5G16715	-0.043	-0.1078	0.3864
AT5G16720	-0.3863	0.1983	0.2165
AT5G16730	0.1837	0.6097	0.2666
AT5G16750	0.0784	0.1435	0.2512
AT5G16760	-0.0134	0.4136	-0.093
AT5G16780	0.1569	0.3083	0.2251
AT5G16790	-0.441	-0.2194	0.2656
AT5G16800	-0.024	0.287	0.2268
AT5G16810	-0.1614	-0.4674	0.2149
AT5G16820	-0.21	-0.5262	-0.0221
AT5G16830	-0.2477	-0.1672	0.0718
AT5G16840	0.0303	0.202	0.0866
AT5G16860	-0.077	0.1282	0.1559
AT5G16870	-0.1829	-0.1353	-0.1249
AT5G16880	-0.1803	-0.6062	-0.0081
AT5G16890	0.1191	0.6474	0.2863
AT5G16910	0.0577	0.4724	-0.0394
AT5G16930	-0.2015	0.1942	0.2971
AT5G16940	-0.221	0.1242	-0.219
AT5G16950	0.0151	0.2126	0.0206
AT5G16970	1.0343	0.0888	-0.65
AT5G16990	-0.1738	0.2343	0.1467
AT5G17000	-0.7958	0.2387	-0.2363
AT5G17010	-0.4932	0.0347	0.0933
AT5G17020	0.0239	0.1274	0.1151
AT5G17050	-0.5535	-0.0534	-0.3482
AT5G17060	-0.1021	0.3713	-0.017
AT5G17070	0.0196	0.1071	0.0052
AT5G17160	-0.5156	-0.9053	0.3839
AT5G17165	-0.3669	-0.1708	-0.6512
AT5G17170	-0.3366	-1.7153	-0.2154
AT5G17190	-0.1202	0.4124	-0.3597
AT5G17210	-0.1628	0.0941	0.1116
AT5G17220	-0.2732	0.1788	-0.5148
AT5G17230	-0.4525	0.5515	-0.45
AT5G17240	-0.2544	0.5543	-0.0318
AT5G17250	0.1264	0.5192	0.253
AT5G17270	-0.107	0.4254	0.5034
AT5G17280	-0.0261	0.2127	-0.3135
AT5G17290	-0.1439	-0.7305	0.2183
AT5G17300	-0.3007	-1.5938	-0.0398
AT5G17310	0.3809	0.4198	0.3118
AT5G17330	-0.1709	-0.0187	-0.0926
AT5G17350	0.6218	0.7691	0.1436
AT5G17360	-0.3665	-0.2768	0.1258
AT5G17370	0.0527	0.2687	0.1749
AT5G17380	-0.0802	0.2776	-0.1471
AT5G17390	-0.0061	0.1302	-0.1703
AT5G17400	0.0107	-0.9738	0.2059
AT5G17410	-0.1225	-0.1002	0.1183
AT5G17420	-0.2055	0.4187	-0.1281
AT5G17430	0.1225	-0.7706	0.0254
AT5G17440	0.2299	0.1387	0.2004
AT5G17450	-0.4487	0.8935	0.0522
AT5G17460	-0.4998	-0.0124	-0.6818
AT5G17490	0.1408	-0.5718	-0.0116
AT5G17510	-0.2241	-0.0085	0.3832
AT5G17520	0.1839	0.8746	-0.0307
AT5G17530	-0.0542	0.3885	0.2084
AT5G17550	0.0617	-0.5949	-0.2335
AT5G17560	-0.1282	0.1469	-0.0943
AT5G17570	0.0362	0.3125	-0.1968
AT5G17580	0.1555	0.0901	0.286
AT5G17600	-0.2326	0.0246	-0.0487
AT5G17610	-0.1604	-0.3419	0.0015
AT5G17620	-0.0677	0.3412	0.0824
AT5G17630	-0.1376	0.2051	-0.1463
AT5G17640	0.0832	0.0223	-0.017
AT5G17650	-0.0555	0.4931	0.2193
AT5G17660	0.0904	0.552	0.3738
AT5G17670	0.0189	-0.1433	0.2451
AT5G17680	0.0891	0.1011	-0.0197
AT5G17690	-0.0066	-0.1673	0.1599
AT5G17700	-1.0404	-1.0121	0.5486
AT5G17710	-0.0922	-0.1329	0.185
AT5G17760	0.0433	0.5798	0.335
AT5G17770	-0.1833	-0.2103	-0.0005
AT5G17780	0.1657	0.9627	0.2373
AT5G17790	0.0924	0.2368	-0.0694
AT5G17810	0.1698	-0.2071	-0.719
AT5G17820	0.0111	0.2485	-0.246
AT5G17840	-0.0675	0.3599	-0.1384
AT5G17850	0.3809	0.3823	-0.1567
AT5G17870	-0.1429	-0.0942	-0.1518
AT5G17900	0.0747	-0.1886	0.2996
AT5G17910	0.1327	0.4714	0.0907
AT5G17920	-0.1492	0.3493	-0.0044
AT5G17930	0.0162	0.1081	0.3546
AT5G17980	0.0477	0.4602	0.0385
AT5G17990	-0.3078	0.0542	0.1702
AT5G18040	-0.0416	0.3503	0.3455
AT5G18065	0.1518	0.3759	0.236
AT5G18070	-0.0798	0.2108	0.1101
AT5G18100	0.2506	0.458	0.2395
AT5G18110	-0.1089	-0.6867	0.0433
AT5G18120	-0.0598	0.4802	-0.0409
AT5G18130	0.3216	-0.1982	0.1383
AT5G18140	-0.138	-0.9919	0.3015
AT5G18150	-0.1641	0.2219	-0.122
AT5G18170	-0.0536	0.2051	0.1509
AT5G18190	-0.1379	0.0251	0.0628
AT5G18200	-0.2001	-0.4683	0.1764
AT5G18210	-0.1774	-0.2677	0.0862
AT5G18230	0.0654	0.19	0.173
AT5G18240	-0.3624	0.2278	0.3821
AT5G18245	0.1953	0.2614	0.2128
AT5G18250	-0.0999	0.3962	0.0048
AT5G18255	0.0305	-0.2784	0.256
AT5G18260	-0.3796	0.0612	0.1728
AT5G18270	-0.2652	-0.0144	-0.061
AT5G18280	-0.1559	0.2981	0.0294
AT5G18290	-0.2185	0.6178	0.0762
AT5G18310	0.0949	1.1059	0.0732
AT5G18360	-0.1039	0.0677	-0.2357
AT5G18370	-0.0988	-0.3518	0.2126
AT5G18380	0.0505	0.2365	-0.0329
AT5G18390	-0.1098	-0.2818	0.0135
AT5G18400	-0.0756	0.6461	0.0285
AT5G18410	-0.0515	0.0514	0.2425
AT5G18420	0.0019	0.1062	0.0635
AT5G18440	-0.2667	-0.0524	0.2536
AT5G18460	-0.0809	-0.0232	0.2189
AT5G18470	0.272	0.8658	0.3216
AT5G18475	-0.1535	0.4364	-0.0371
AT5G18480	-0.0507	0.3246	0.1918
AT5G18490	0.142	0.5421	0.0231
AT5G18500	-0.4221	0.2119	0.0413
AT5G18520	-0.0088	0.621	-0.099
AT5G18525	0.016	-0.1353	0.1365
AT5G18540	-0.179	-0.3726	0.1727
AT5G18550	-0.2144	0.5834	0.0994
AT5G18570	-0.0315	0.3097	0.2458
AT5G18580	-0.1454	0.0089	0.0632
AT5G18590	0.0958	0.1534	0.1509
AT5G18610	0.049	-0.1691	0.1644
AT5G18620	-0.1011	-0.1907	0.2899
AT5G18630	0.0548	-0.3493	-0.009
AT5G18640	-0.1451	-0.422	0.1976
AT5G18650	0.3554	0.3849	0.1203
AT5G18660	-0.3437	0.0615	-0.0823
AT5G18670	-0.1144	-0.5611	0.0466
AT5G18680	-0.119	-0.0302	0.0205
AT5G18690	0.0211	0.2708	-0.1151
AT5G18700	-0.2075	-0.3226	0.0812
AT5G18750	-0.0516	-0.4652	0.0174
AT5G18760	-0.0249	-0.0873	0.0582
AT5G18770	-0.2064	-0.0163	0.0242
AT5G18780	-0.2148	-0.2246	-0.1319
AT5G18790	0.0944	-0.1071	0.1959
AT5G18800	-0.1199	-0.285	-0.1568
AT5G18810	-0.0344	0.0805	0.1537
AT5G18820	-0.154	0.5866	0.3804
AT5G18830	-0.2566	0.1512	-0.0422
AT5G18840	-0.2954	0.1903	0.4591
AT5G18850	-0.2116	-0.1836	-0.3601
AT5G18860	-0.0394	0.0795	0.0614
AT5G18900	0.0251	0.655	-0.0289
AT5G18920	-0.2125	0.0266	-0.1684
AT5G18930	0.0096	-0.438	0.197
AT5G18940	-0.2837	0.1096	0.1116
AT5G18950	-0.0401	0.0572	0.1993
AT5G18960	-0.1371	-0.227	0.0485
AT5G18970	-0.2359	0.1712	-0.1259
AT5G18980	-0.384	-0.4817	0.0951
AT5G19000	-0.1092	0.5088	-0.0867
AT5G19010	-0.1046	0.1671	0.101
AT5G19020	-0.3463	-0.0459	0.1117
AT5G19025	0.0525	0.2414	0.0112
AT5G19030	-0.151	0.0023	0.1687
AT5G19040	-0.0322	0.2337	-0.3361
AT5G19050	-0.1152	0.3337	-0.0726
AT5G19060	-0.0412	-0.0392	0.0718
AT5G19070	-0.0597	0.328	0.0953
AT5G19080	-0.0383	0.3437	-0.0214
AT5G19090	0.1552	0.5918	0.2013
AT5G19100	0.001	0.1601	0.5183
AT5G19120	0.2567	-1.0585	0.4313
AT5G19130	-0.0566	0.0235	0.0141
AT5G19140	-0.4098	0.5535	0.2464
AT5G19150	-0.061	-0.4418	0.2739
AT5G19151	-0.0698	0.0338	-0.0391
AT5G19160	0.0007	0.4528	0.0541
AT5G19180	-0.007	0.0046	0.0587
AT5G19190	0.2786	0.6459	0.2739
AT5G19200	-0.0405	-0.3638	0.4099
AT5G19210	-0.1535	0.2918	-0.0371
AT5G19220	0.2738	0.4057	-0.047
AT5G19230	-0.2475	0.1124	-0.4542
AT5G19240	-0.5957	0.319	-0.564
AT5G19250	-0.0958	0.5638	-0.165
AT5G19260	-0.1699	0.2967	0.3214
AT5G19280	0.0427	-0.16	0.1395
AT5G19290	-0.273	-0.1554	0.1719
AT5G19300	-0.2255	0.438	0.2833
AT5G19310	-0.0779	-0.0887	0.4069
AT5G19320	-0.0717	0.3175	0.2761
AT5G19330	-0.0275	-0.6923	0.2944
AT5G19340	0.4392	1.0626	0.4282
AT5G19350	-0.0116	-0.1999	0.1423
AT5G19370	0.2014	0.5618	0.1743
AT5G19380	0.0325	0.7868	-0.0007
AT5G19390	-0.1867	0.0974	0.0101
AT5G19400	-0.0472	0.1268	0.0847
AT5G19420	0.0608	0.057	0.1767
AT5G19430	0.2271	-0.1932	0.2881
AT5G19440	-0.0361	-0.1822	0.1757
AT5G19450	-0.1461	-0.2404	0.0539
AT5G19460	-0.1746	0.7936	0.1781
AT5G19480	-0.1091	0.0218	0.3616
AT5G19485	-0.0539	-0.1096	0.0009
AT5G19490	0.0124	0.3087	-0.0352
AT5G19500	-0.0671	0.3587	0.0214
AT5G19510	0.0493	-0.0102	0.0539
AT5G19520	0.2303	-0.4693	0.3125
AT5G19530	-0.3517	-0.5162	0.2101
AT5G19540	-0.1165	-0.4323	0.0588
AT5G19550	-0.1806	0.4225	0.1356
AT5G19570	0.1027	0.4784	-0.0875
AT5G19590	-0.5018	-0.1196	-0.2212
AT5G19600	-1.3371	-0.4249	0.494
AT5G19620	-0.1231	0.3076	-0.0161
AT5G19630	0.0495	0.6073	0.0052
AT5G19660	0.0056	-0.1156	0.2029
AT5G19670	-0.0574	0.143	0.1558
AT5G19680	-0.0837	0.0735	0.2446
AT5G19690	-0.0369	0.1927	0.1969
AT5G19730	-0.3009	0.297	-0.4852
AT5G19740	-0.0149	0.0368	0.197
AT5G19750	0.0577	0.3995	0.0489
AT5G19760	-0.0663	-0.1673	0.1412
AT5G19770	0.1315	1.0961	-0.2989
AT5G19780	-0.0658	0.215	-0.1589
AT5G19820	0.2419	0.1908	0.0366
AT5G19830	-0.2779	0.0741	0.156
AT5G19840	-0.133	0.1554	0.2152
AT5G19850	-0.4328	-0.2079	-0.1839
AT5G19855	-0.0011	-0.0328	0.0086
AT5G19860	-0.3375	-0.1662	-0.2251
AT5G19875	-0.4313	0.1399	-0.6965
AT5G19900	-0.2622	0.08	0.1507
AT5G19910	0.0494	-0.0339	0.1585
AT5G19920	-0.2831	-0.4388	0.2536
AT5G19930	-0.0147	0.0442	-0.1074
AT5G19940	-0.2011	0.1601	-0.201
AT5G19950	-0.0056	-0.6164	0.295
AT5G19960	-0.0418	0.0515	0.1125
AT5G19970	-0.634	-0.4326	-0.4345
AT5G19980	-0.1826	0.3821	-0.132
AT5G19990	-0.1737	0.0495	-0.0531
AT5G20000	-0.0991	0.4326	-0.1443
AT5G20010	-0.0804	0.4791	-0.061
AT5G20020	-0.1173	0.4002	0.0177
AT5G20030	-0.2395	0.2241	0.0674
AT5G20040	0.1434	0.15	0.1247
AT5G20050	-0.011	0.6144	-0.2096
AT5G20060	-0.0141	0.295	0.0023
AT5G20070	-0.297	-0.1147	0.0945
AT5G20080	-0.2576	0.721	0.0511
AT5G20090	-0.2001	-0.238	-0.2516
AT5G20110	0.1871	0.4777	-0.1522
AT5G20120	-0.2222	-0.3147	0.0348
AT5G20130	-0.1452	-0.3336	-0.1199
AT5G20140	-0.0893	0.3917	0.0744
AT5G20150	0.933	1.0471	-0.2555
AT5G20160	-0.1004	0.445	-0.2088
AT5G20165	-0.0394	-0.1197	-0.0954
AT5G20170	0.0302	0.1357	0.1752
AT5G20180	0.1348	0.8302	-0.1539
AT5G20190	0.2715	1.2112	-0.0109
AT5G20200	0.1176	0.1624	0.1372
AT5G20220	-0.218	0.0596	-0.1524
AT5G20230	-0.2897	-1.2208	-0.0625
AT5G20250	0.6036	-0.2973	0.3633
AT5G20270	-0.5514	0.1867	-0.2167
AT5G20280	0.0565	-0.1551	-0.1367
AT5G20290	-0.1125	0.0818	0.0452
AT5G20300	-0.0173	-0.0857	0.2005
AT5G20320	-0.0474	0.0692	0.1528
AT5G20350	-0.0889	-0.5408	0.0502
AT5G20360	-0.0884	-0.1271	-0.0402
AT5G20380	0.0183	-0.438	0.0343
AT5G20400	0.488	0.6926	-0.0292
AT5G20410	0.2765	0.1943	0.2793
AT5G20450	-0.1894	0.2271	0.071
AT5G20480	0.0433	0.3622	-0.0107
AT5G20490	0.0041	0.0124	-0.0341
AT5G20500	-0.1156	-0.1282	-0.1227
AT5G20510	-0.016	0.4016	0.1517
AT5G20520	-0.2769	-1.0737	0.1537
AT5G20540	-0.3531	0.8332	0.0085
AT5G20570	-0.0177	0.0333	0.0129
AT5G20580	-0.2273	0.2414	0.2491
AT5G20590	-0.1777	0.1597	0.1383
AT5G20600	-0.1733	-0.2876	0.1813
AT5G20610	0.0546	-0.0143	0.0192
AT5G20620	-0.156	-0.1974	0.1056
AT5G20635	-0.1511	-0.3474	0.2932
AT5G20650	-0.2974	0.1294	-0.2128
AT5G20660	-0.0291	0.034	0.1283
AT5G20670	0.1729	0.0628	-0.0405
AT5G20680	0.0155	0.3452	0.1333
AT5G20700	-0.5467	-0.1185	0.2439
AT5G20720	-0.0289	0.1251	0.0909
AT5G20730	0.1672	0.3837	-0.0408
AT5G20790	1.6105	2.9703	-0.5635
AT5G20830	-0.0897	-0.1377	0.1474
AT5G20840	-0.1351	-0.2606	0.0763
AT5G20850	-0.4765	-0.3048	-0.031
AT5G20885	-0.0571	0.454	-0.095
AT5G20890	-0.0156	0.1552	0.0706
AT5G20900	-0.5646	-0.3313	-0.0745
AT5G20910	0.0259	0.2165	-0.0067
AT5G20920	0.05	0.2386	-0.1191
AT5G20930	0.0128	-0.1114	0.2086
AT5G20950	0.1093	-0.1649	0.3509
AT5G20960	0.1494	-0.1779	-0.0864
AT5G20980	0.2189	0.0438	0.0213
AT5G20990	0.1313	0.3182	-0.0637
AT5G21010	-0.0771	-0.0759	-0.1416
AT5G21020	0.1679	-0.0661	0.1851
AT5G21040	0.0305	0.1382	0.0828
AT5G21060	-0.0642	0.2463	0.2061
AT5G21070	0.0692	0.3893	0.0614
AT5G21090	-0.2378	0.3114	-0.0145
AT5G21105	0.0216	1.0242	-0.051
AT5G21140	-0.2174	0.1023	-0.0294
AT5G21160	-0.094	-0.1087	0.2547
AT5G21170	0.0357	-1.0488	0.1218
AT5G21222	-0.2221	-0.6807	0.2844
AT5G21274	-0.2187	0.1181	-0.0809
AT5G21280	0.0449	0.5542	-0.3705
AT5G21326	-0.2529	-0.21	0.0447
AT5G21482	-0.9039	-0.2698	-0.0719
AT5G21900	-0.1805	0.0231	0.0881
AT5G21910	-0.0919	0.187	-0.0242
AT5G21920	-0.0494	0.2041	0.0964
AT5G21930	-0.0248	-0.3645	0.3134
AT5G21940	0.5319	-1.4321	0.7587
AT5G21950	-0.4371	-0.5964	0.1999
AT5G21970	-0.1904	-0.2434	0.4799
AT5G21990	0.161	0.5556	-0.0206
AT5G22000	-0.3369	-0.3461	0.1744
AT5G22010	0.033	-0.1423	0.106
AT5G22020	-0.2844	0.0705	0.1121
AT5G22030	-0.1209	-0.2108	0.2098
AT5G22040	0.1549	0.3195	0.1728
AT5G22050	-0.2119	0.208	0.2816
AT5G22060	0.179	0.3237	0.0828
AT5G22070	-0.2558	-0.132	-0.1236
AT5G22080	-0.0529	-0.3365	0.3108
AT5G22090	-0.3253	0.1388	-0.0411
AT5G22100	-0.2012	0.6345	0.0375
AT5G22110	-0.0847	0.3359	0.1946
AT5G22120	-0.0226	0.4813	0.1336
AT5G22130	-0.1317	0.6903	-0.031
AT5G22140	-0.3367	-0.4155	0.0583
AT5G22210	-0.1425	-0.2065	0.0102
AT5G22220	-0.1736	-0.0733	0.2112
AT5G22250	0.2725	0.7347	-0.1014
AT5G22270	0.0041	0.1636	0.2462
AT5G22280	-0.1958	0.0948	0.309
AT5G22290	0.1783	-0.4696	0.2195
AT5G22300	1.2625	-0.6514	0.5586
AT5G22310	0.5596	1.4471	-0.0271
AT5G22320	-0.3054	0.1976	0.5483
AT5G22330	-0.0412	0.393	0.172
AT5G22340	-0.1769	-0.3003	0.3549
AT5G22350	-0.078	0.5496	-0.0279
AT5G22355	0.1601	0.0362	-0.2881
AT5G22360	-0.0306	-0.003	-0.0202
AT5G22370	-0.0494	0.1632	0.2415
AT5G22390	-0.5443	-0.6726	0.1655
AT5G22400	-0.2107	-0.0677	-0.0182
AT5G22440	0.0241	0.0521	0.0868
AT5G22450	0.2729	0.2454	0.1282
AT5G22480	-0.0113	0.0644	0.0657
AT5G22500	-0.3884	0.9456	0.341
AT5G22510	0.0525	0.2852	0.0307
AT5G22580	0.1189	2.1534	0.0982
AT5G22620	-0.0451	0.1712	0.265
AT5G22630	-0.3838	0.3373	-0.1154
AT5G22640	-0.1067	-0.038	0.2872
AT5G22650	-0.0655	0.4462	0.1676
AT5G22690	0.0428	0.2211	0.2791
AT5G22700	-0.1764	0.1147	0.2674
AT5G22730	0.1398	-0.0724	0.1125
AT5G22740	-0.529	0.0316	0.2653
AT5G22750	-0.1016	-0.0463	0.1492
AT5G22760	0.2655	0.2149	0.2036
AT5G22770	0.1062	0.0563	-0.0435
AT5G22780	0.0751	0.3062	-0.1921
AT5G22790	-0.0143	0.5499	0.1947
AT5G22800	0.1112	0.1053	0.5941
AT5G22820	0.0096	0.0669	0.1099
AT5G22830	-0.284	0.1385	0.0875
AT5G22840	-0.0216	0.1325	0.1691
AT5G22850	-0.4094	-0.3263	-0.152
AT5G22875	-0.1863	-0.3212	0.0444
AT5G22880	-0.4339	-0.186	0.1114
AT5G22890	-0.2135	-0.6344	-0.2445
AT5G22920	0.1845	-1.6003	0.2581
AT5G22930	-0.3988	0.2232	0.0829
AT5G22940	0.0998	0.1926	0.1048
AT5G22950	-0.0832	0.5685	0.0483
AT5G23010	-0.9792	-2.1803	0.4268
AT5G23020	-0.5047	-0.1564	0.2851
AT5G23040	0.0786	-0.4928	-0.0551
AT5G23050	-0.0132	-1.204	0.2505
AT5G23060	-0.0774	-0.1038	-0.1019
AT5G23070	-0.144	0.1042	-0.0508
AT5G23080	0.0135	-0.5216	0.2996
AT5G23090	0.0772	0.2197	0.1877
AT5G23100	-0.4152	-0.0912	-0.1475
AT5G23110	0.2725	0.0185	0.0465
AT5G23120	-0.3262	-0.3144	-0.0658
AT5G23130	0.0027	-0.212	0.2506
AT5G23140	-0.0825	-0.1006	-0.0113
AT5G23150	0.1287	-0.1176	0.0289
AT5G23170	-0.1914	-0.2763	0.0816
AT5G23190	-0.9156	0.3213	-0.108
AT5G23200	-0.0638	0.2777	0.3062
AT5G23210	-0.0171	1.1055	0.0111
AT5G23220	0.3115	0.7156	-0.4747
AT5G23240	-0.3399	-0.6188	0.13
AT5G23250	-0.2571	0.3182	0.1369
AT5G23280	-0.6756	0.1061	-0.3198
AT5G23290	-0.0726	-0.1086	0.0037
AT5G23300	-0.1322	0.4882	0.0889
AT5G23310	-0.0287	0.0441	0.2899
AT5G23330	-0.1406	-0.3858	0.0782
AT5G23340	-0.0035	-0.8492	-0.1829
AT5G23350	0.1922	0.1789	0.2262
AT5G23360	0.5301	0.3392	0.0781
AT5G23380	0.1793	-0.79	0.2614
AT5G23390	-0.0902	-0.0025	0.2262
AT5G23395	0.0429	0.0826	0.1017
AT5G23400	-0.5908	0.1644	-0.1368
AT5G23405	-0.2029	-0.3951	0.1481
AT5G23420	-0.5673	-0.466	0.2774
AT5G23430	-0.1621	0.0426	0.0832
AT5G23440	0.036	0.4376	0.0032
AT5G23450	-0.0421	-0.0137	-0.068
AT5G23460	0.1363	-0.0379	0.0176
AT5G23490	-0.1842	0.3239	0.0303
AT5G23510	-0.1848	0.4465	-0.0276
AT5G23520	-0.2146	0.0531	0.0671
AT5G23530	-0.6316	0.0678	-0.0137
AT5G23535	-0.1319	0.2221	0.1533
AT5G23540	0.0466	0.1361	-0.1298
AT5G23550	-0.0704	0.2701	0.1581
AT5G23570	-0.1282	-0.3083	0.3637
AT5G23575	0.0114	-0.6388	0.0813
AT5G23580	-0.4475	-0.3082	0.1461
AT5G23590	-0.0831	-0.5345	0.1036
AT5G23610	0.0812	0.1815	0.2327
AT5G23630	0.1292	0.263	0.0783
AT5G23660	-0.3216	0.0075	-0.8138
AT5G23670	-0.3058	-0.4484	0.2669
AT5G23680	-0.1362	-0.4787	0.0317
AT5G23690	-0.2755	-0.3068	0.1974
AT5G23710	-0.1489	-0.0671	0.0035
AT5G23720	-0.3127	0.1724	0.0745
AT5G23730	-0.4561	0.1708	-0.4374
AT5G23740	-0.0106	-0.0581	0.0737
AT5G23750	-0.5824	-0.4201	-0.1625
AT5G23760	-0.2954	0.1628	-0.1092
AT5G23770	-0.1492	-0.046	0.1629
AT5G23780	-0.0033	-0.2763	0.2803
AT5G23800	0.0141	-0.1392	-0.24
AT5G23820	-0.6969	-0.8826	0.3248
AT5G23830	-0.0838	0.7288	-0.4513
AT5G23850	-0.0345	0.4007	0.1714
AT5G23860	-0.131	-0.0894	-0.0
AT5G23870	0.0636	1.4293	0.0254
AT5G23880	-0.2441	0.0823	-0.0209
AT5G23890	-0.1926	-0.187	0.0478
AT5G23900	-0.0143	-0.257	0.1072
AT5G23910	-0.7845	-1.047	0.0394
AT5G23920	-0.5719	0.1946	-0.5688
AT5G23930	-0.2428	-0.3261	0.305
AT5G23940	-0.2876	-0.9706	-0.0419
AT5G24000	-0.1355	0.2455	0.147
AT5G24010	-0.4022	0.5604	-0.1706
AT5G24020	-0.0889	0.318	0.0109
AT5G24030	0.0696	1.5188	-0.2563
AT5G24060	-0.0881	-0.8621	0.4816
AT5G24090	-0.0056	0.1747	-0.2004
AT5G24105	-0.2858	-0.644	-0.4123
AT5G24120	-1.2077	-1.3679	-0.8957
AT5G24165	-0.2985	-0.276	-0.1348
AT5G24170	-0.088	-0.3594	-0.1839
AT5G24240	0.1016	0.5168	-0.0681
AT5G24260	-0.0742	-0.2392	0.2023
AT5G24270	-0.0386	0.1687	0.0063
AT5G24280	0.3306	0.8672	0.0554
AT5G24290	-0.3824	0.0971	0.0634
AT5G24300	-0.2037	0.4834	0.0845
AT5G24310	-0.4454	0.2118	0.1498
AT5G24314	-0.1723	0.3758	-0.0416
AT5G24318	-0.1116	-0.7953	0.2051
AT5G24320	-0.092	-0.0201	-0.0642
AT5G24330	-0.0826	-0.4438	0.3397
AT5G24340	0.0634	0.1395	0.2504
AT5G24350	0.2254	-0.2354	0.0061
AT5G24352	0.0142	0.027	0.0901
AT5G24360	-0.0098	-0.0218	0.1083
AT5G24380	-0.0392	1.3859	0.013
AT5G24390	-0.3911	0.3189	0.1244
AT5G24400	-0.0563	0.3119	0.0163
AT5G24430	0.0995	0.204	0.0842
AT5G24450	-0.1161	-0.0045	0.1853
AT5G24460	-0.3329	-0.8014	-0.3321
AT5G24470	-0.4748	-0.4479	-0.409
AT5G24490	0.3085	-0.6917	0.4565
AT5G24500	-0.3137	0.1092	0.1811
AT5G24520	-0.258	-0.3197	-0.0931
AT5G24530	-0.3208	-0.356	-0.0632
AT5G24570	0.491	0.8593	0.2261
AT5G24580	-0.3896	-0.41	0.3016
AT5G24590	-0.1923	0.3799	0.0965
AT5G24600	0.0571	0.5082	-0.3776
AT5G24610	0.0942	0.0799	-0.0845
AT5G24620	-0.2211	0.3877	0.495
AT5G24630	0.133	0.4488	0.3482
AT5G24650	0.0263	0.6161	-0.0195
AT5G24670	0.1631	0.2577	0.3141
AT5G24680	-0.1027	-0.2252	-0.0249
AT5G24690	-0.2056	-0.536	0.0728
AT5G24710	0.0774	0.1372	0.1241
AT5G24735	-0.1523	-0.3376	-0.219
AT5G24740	0.1125	0.0389	0.1754
AT5G24750	-0.1238	-0.2872	0.2564
AT5G24760	-0.2914	-0.1392	0.0236
AT5G24770	-1.9851	-0.2339	1.3244
AT5G24780	-0.847	-0.8135	1.4504
AT5G24800	-0.3051	-1.5455	0.4259
AT5G24810	0.009	0.38	0.066
AT5G24830	0.0078	0.2842	0.1382
AT5G24840	-0.0143	0.1553	0.0037
AT5G24850	-0.3177	-0.3117	-0.3093
AT5G24870	0.0034	-0.9293	0.0034
AT5G24890	-0.0187	-0.5819	0.2797
AT5G24920	-0.3105	-0.0511	0.7879
AT5G24930	0.051	0.0102	-0.3016
AT5G24970	0.133	-0.049	0.3632
AT5G24980	-0.3393	0.0128	-0.4296
AT5G24990	-0.077	-0.6188	0.1252
AT5G25010	0.0627	0.03	0.0606
AT5G25050	-0.142	0.3037	-0.0632
AT5G25060	0.1622	-0.0732	0.3216
AT5G25070	-0.1104	-0.0341	0.2308
AT5G25080	-0.023	-0.0519	0.059
AT5G25090	-0.4273	-0.887	-0.0412
AT5G25100	-0.0196	0.2058	-0.0008
AT5G25110	0.1044	0.2396	0.372
AT5G25120	-0.5141	-1.3294	-0.438
AT5G25130	-0.4351	-1.3012	-0.1182
AT5G25140	-0.6346	-1.0966	0.3791
AT5G25150	0.2645	0.3119	0.0927
AT5G25160	-0.1727	0.097	-0.2704
AT5G25170	0.2284	1.0446	0.0344
AT5G25190	0.8919	1.673	0.0918
AT5G25210	0.0729	-0.3078	0.4517
AT5G25220	-0.4831	0.1121	0.309
AT5G25240	-0.448	-0.2211	-0.2929
AT5G25265	-0.2007	0.0933	0.0428
AT5G25270	0.0329	0.2588	0.0769
AT5G25280	0.3895	0.0455	0.0652
AT5G25350	1.2179	1.7716	0.5137
AT5G25360	-0.0152	0.5338	0.1607
AT5G25440	-0.0578	-0.3666	0.2103
AT5G25450	0.6692	0.58	0.164
AT5G25460	-0.0199	1.6822	0.0976
AT5G25475	-0.1738	-0.7567	0.5068
AT5G25480	-0.1549	0.3852	0.1876
AT5G25490	0.1129	-0.7381	0.1249
AT5G25500	-0.1061	-0.166	-0.0018
AT5G25510	-0.194	0.2956	0.1273
AT5G25520	0.0434	-0.0619	0.124
AT5G25540	0.0122	0.7923	-0.0247
AT5G25560	0.0887	0.0134	0.1038
AT5G25570	-0.2576	-0.1057	0.3096
AT5G25580	-0.2482	-0.1208	0.4112
AT5G25590	-0.0847	-0.2988	0.2674
AT5G25610	0.8915	1.0122	-0.6353
AT5G25620	-0.1385	0.3667	-0.2762
AT5G25630	0.1858	-0.0428	0.1524
AT5G25754	0.0763	-0.0235	0.0493
AT5G25757	0.0274	0.0401	0.1033
AT5G25760	-0.2163	0.015	-0.1711
AT5G25770	-0.085	0.2747	-0.0558
AT5G25780	0.0714	0.1319	0.0711
AT5G25790	-0.1996	-0.2454	0.1182
AT5G25800	-0.106	0.0696	0.3592
AT5G25810	-0.2268	0.3656	-0.5104
AT5G25820	0.0318	0.4434	-0.339
AT5G25830	0.062	0.9664	0.0168
AT5G25880	-0.1432	-0.3668	0.19
AT5G25890	-0.564	0.1628	-0.1668
AT5G25900	0.3936	0.5743	0.1997
AT5G25930	-0.0706	0.438	0.026
AT5G25940	0.0026	0.3237	-0.0567
AT5G26010	0.0701	0.2638	-0.3782
AT5G26030	-0.0548	0.5797	-0.0126
AT5G26040	0.1349	0.024	-0.0147
AT5G26110	-0.0092	0.1195	0.2063
AT5G26160	-0.0106	-0.6218	0.3345
AT5G26170	0.1704	0.1001	0.0888
AT5G26180	-0.1565	0.1143	0.1787
AT5G26210	-0.1017	-0.2188	-0.0486
AT5G26220	0.3866	1.2096	0.0632
AT5G26230	0.2283	0.1277	0.2971
AT5G26240	-0.0211	-0.0725	0.3364
AT5G26260	-0.0339	-0.4371	0.866
AT5G26280	-0.1304	-1.0666	-0.0231
AT5G26330	-0.0301	0.8578	-0.1872
AT5G26340	0.3887	0.0859	-0.4966
AT5G26360	0.0255	0.2253	0.0661
AT5G26570	0.2431	-0.5087	0.3761
AT5G26600	-0.2392	-0.431	-0.0169
AT5G26610	-0.0301	0.1552	0.2427
AT5G26622	-0.0182	-0.2235	0.2053
AT5G26660	-0.2485	-0.0139	-0.0951
AT5G26667	-0.1443	0.8772	-0.0743
AT5G26670	-0.5862	0.2744	0.1994
AT5G26680	-0.0645	0.3109	0.3298
AT5G26710	-0.0428	0.1654	0.2207
AT5G26720	-0.3931	-0.1123	-0.2611
AT5G26731	0.137	-0.0419	0.0077
AT5G26740	-0.2721	-0.3168	-0.0677
AT5G26742	0.003	-0.3545	0.0441
AT5G26749	-0.0492	-0.1409	0.1344
AT5G26751	-0.2091	0.2201	0.0224
AT5G26760	0.027	0.0337	0.2624
AT5G26770	-0.1454	0.5477	0.128
AT5G26780	-0.3103	0.2614	0.0353
AT5G26790	-0.2701	0.4541	-0.0896
AT5G26800	-0.2678	-0.0833	0.0356
AT5G26820	-0.1461	-0.2841	-0.1085
AT5G26830	-0.1273	0.0441	0.2184
AT5G26850	0.1714	-0.2465	0.2081
AT5G26860	0.1106	0.6086	0.3404
AT5G26880	-0.2811	-0.6373	0.2961
AT5G26910	-0.0975	0.0908	0.143
AT5G26940	-0.0512	0.1375	0.0906
AT5G26960	-0.0061	0.0581	0.1434
AT5G26980	-0.2187	0.223	0.2781
AT5G26990	-0.1919	-0.0813	0.0744
AT5G27000	-0.1999	-0.4621	0.1751
AT5G27030	0.0721	0.1563	0.28
AT5G27100	-0.0684	-0.0963	-0.0607
AT5G27110	0.0007	-0.2619	0.1736
AT5G27120	-0.0511	0.6447	0.3094
AT5G27150	-0.3085	-0.0504	-0.2619
AT5G27210	0.2053	0.0077	0.0905
AT5G27240	-0.0554	-0.5871	0.2685
AT5G27270	-0.2012	-0.2562	0.2535
AT5G27280	-0.0726	-0.5526	-0.054
AT5G27300	-0.0844	-0.1385	0.2475
AT5G27320	-0.1946	-0.5542	0.0728
AT5G27330	0.0168	-0.0531	0.3661
AT5G27350	-0.2656	0.3382	-0.6235
AT5G27380	-0.3146	0.0573	0.1235
AT5G27390	-0.0432	0.3844	0.265
AT5G27395	-0.287	0.6294	0.3145
AT5G27400	-0.1489	-1.1197	0.4262
AT5G27410	0.1471	0.1986	-0.1512
AT5G27420	0.068	-0.4023	-0.1592
AT5G27430	-0.1371	-0.2052	0.2448
AT5G27450	-0.1193	0.0585	0.0986
AT5G27460	-0.049	-0.0647	0.2949
AT5G27470	-0.0493	0.1803	0.0124
AT5G27490	0.0612	0.6258	0.0536
AT5G27520	0.1662	0.2396	0.0356
AT5G27540	0.0426	0.0509	0.3013
AT5G27550	-0.2697	-0.6097	0.2203
AT5G27560	-0.0087	0.1633	0.0701
AT5G27600	0.5435	0.1692	0.1681
AT5G27610	0.1201	0.0388	0.0578
AT5G27620	-0.071	0.2932	0.3298
AT5G27630	0.1555	0.1262	0.2695
AT5G27640	0.0709	0.2908	0.0357
AT5G27650	0.1057	-0.2517	0.0526
AT5G27660	-0.3566	0.0069	0.2369
AT5G27670	-0.1239	0.0335	0.0878
AT5G27680	-0.1655	-0.0788	0.2825
AT5G27690	-0.0913	0.0785	0.3603
AT5G27700	0.1083	0.009	-0.0894
AT5G27710	-0.1205	-0.1732	0.1908
AT5G27720	-0.0792	0.2761	-0.0553
AT5G27730	0.0531	-0.4944	0.0236
AT5G27740	-0.1933	-0.1824	0.2211
AT5G27750	0.242	0.3241	0.1706
AT5G27760	-0.0031	0.4801	0.057
AT5G27770	-0.0565	0.0075	-0.0817
AT5G27820	-0.2281	-0.1648	0.0985
AT5G27830	-0.0365	0.4987	0.2892
AT5G27840	-0.2238	-0.0375	-0.0734
AT5G27850	-0.0614	0.2517	-0.0843
AT5G27860	-0.0492	-0.2093	0.084
AT5G27920	-0.172	-0.1903	-0.1715
AT5G27930	-0.292	-0.122	-0.3401
AT5G27950	-0.1763	0.3782	0.1746
AT5G27970	0.1205	-0.0799	0.1714
AT5G27990	0.1068	0.199	0.202
AT5G28020	-0.0938	0.6229	0.0287
AT5G28040	-0.2018	0.0139	0.1452
AT5G28050	-0.1105	-0.3203	-0.0993
AT5G28060	-0.2055	-0.1861	0.0543
AT5G28150	-0.2397	0.2234	-0.1525
AT5G28220	0.1504	0.6377	0.2822
AT5G28290	0.031	0.268	0.2525
AT5G28300	0.6089	1.1002	0.4199
AT5G28350	-0.1215	0.3416	0.1096
AT5G28400	0.2827	-0.2694	0.2769
AT5G28460	-0.0801	0.0698	0.3232
AT5G28490	-0.7383	-0.2608	0.6219
AT5G28500	-0.28	0.3622	-0.1931
AT5G28510	-0.0804	0.5429	0.5374
AT5G28530	-0.151	-0.1765	-0.1326
AT5G28540	0.0329	0.6417	0.0649
AT5G28610	0.5451	1.0748	0.1292
AT5G28630	0.1199	0.6123	-0.0474
AT5G28640	0.1005	-0.4563	0.2775
AT5G28650	-0.4234	0.1849	0.2393
AT5G28740	-0.0245	0.07	0.1455
AT5G28750	-0.0173	0.1839	-0.0536
AT5G28770	0.031	-0.093	0.3661
AT5G28830	-0.3257	-0.024	0.2951
AT5G28840	-0.1509	-0.2931	0.0393
AT5G28850	-0.1484	-0.3662	0.2046
AT5G28900	-0.0797	-0.205	0.2021
AT5G29000	-0.3359	0.0983	0.0719
AT5G30490	-0.1823	0.1873	0.0055
AT5G30495	-0.1557	-0.1581	0.2852
AT5G30510	-0.0019	0.3168	0.0505
AT5G32440	-0.1008	-0.2143	-0.0138
AT5G32450	-0.1183	0.0257	0.0186
AT5G32470	-0.02	-0.2315	0.0613
AT5G33280	-0.1686	-0.1315	0.1649
AT5G33290	0.2108	0.6231	-0.0324
AT5G33300	-0.2695	-0.1998	0.3221
AT5G33320	-0.1723	0.3136	-0.0124
AT5G34850	-0.5133	-0.4543	0.0219
AT5G34930	0.0979	0.2117	0.0873
AT5G34940	-0.1346	0.5807	0.018
AT5G35080	-0.0174	0.0386	0.2836
AT5G35100	-0.0755	0.2941	-0.0846
AT5G35160	-0.057	0.233	-0.0942
AT5G35170	0.0548	0.0954	0.1601
AT5G35180	-0.0547	0.6772	-0.1364
AT5G35200	-0.1799	-0.0392	-0.0496
AT5G35210	0.1525	-0.3175	-0.0661
AT5G35220	0.0095	0.3964	0.3124
AT5G35320	0.1865	0.21	-0.009
AT5G35330	-0.1522	-0.4055	-0.0433
AT5G35360	-0.2818	-0.3115	0.1515
AT5G35370	-0.0329	-0.0376	-0.2153
AT5G35400	-0.0021	0.0678	0.0689
AT5G35410	-0.1357	-0.0326	0.1259
AT5G35430	-0.1098	-0.011	-0.0042
AT5G35460	-0.4854	-0.017	-0.3048
AT5G35520	-0.116	0.3695	0.2112
AT5G35525	-0.0515	-0.0634	-0.7274
AT5G35530	0.0444	-0.1013	0.0623
AT5G35560	-0.0245	-0.014	-0.1044
AT5G35570	0.0477	0.2846	0.2426
AT5G35580	0.0344	0.552	-0.2346
AT5G35590	0.0448	0.3733	0.0409
AT5G35620	0.0498	0.6008	0.0473
AT5G35630	0.0474	0.5538	-0.1153
AT5G35670	0.3243	0.2307	0.4238
AT5G35680	-0.2837	0.5229	-0.0984
AT5G35690	-0.1956	0.1285	-0.0574
AT5G35700	0.0865	0.4737	0.0389
AT5G35730	-0.0489	0.348	0.2654
AT5G35732	0.3582	1.2676	0.0194
AT5G35735	-0.0943	0.166	-0.1186
AT5G35740	0.2823	0.3664	0.2035
AT5G35750	0.0525	0.2233	0.1878
AT5G35753	0.1926	-0.1549	0.518
AT5G35790	-0.0394	-0.3944	-0.0743
AT5G35840	0.1701	-0.0059	0.2001
AT5G35910	-0.021	0.147	0.1821
AT5G35926	-0.2125	-0.5375	0.3239
AT5G35930	0.1691	0.1382	0.3748
AT5G35970	-0.2038	-0.3993	-0.2298
AT5G35980	-0.1797	-0.242	0.0403
AT5G35995	-0.0587	0.1425	0.1374
AT5G36002	0.1524	0.0802	0.2127
AT5G36120	-0.2494	0.1296	-0.2536
AT5G36160	-0.2099	0.2202	-0.1866
AT5G36170	-0.2375	-0.2107	0.2371
AT5G36210	-0.0719	0.2639	0.2026
AT5G36220	0.0805	0.5738	-0.257
AT5G36230	-0.1765	0.0841	0.0868
AT5G36250	-0.0385	0.3385	0.0046
AT5G36290	0.0332	0.3493	0.063
AT5G36700	0.7329	0.7806	-0.4203
AT5G36710	-0.6617	-0.9212	-0.0268
AT5G36740	-0.2374	-0.3587	0.2769
AT5G36800	-0.7501	-0.9905	-0.0222
AT5G36880	0.0943	0.6718	0.2367
AT5G36890	-0.1525	0.2297	0.3434
AT5G36925	0.2176	-0.2164	0.3251
AT5G36940	-0.3077	0.1011	-0.0986
AT5G36950	-0.0286	-0.0894	0.2969
AT5G37000	-0.3591	0.3857	0.2783
AT5G37010	-0.4217	-0.4002	0.165
AT5G37020	-0.1816	0.0896	0.1257
AT5G37055	-0.0522	-0.28	0.1955
AT5G37070	-0.0663	-0.061	0.0596
AT5G37130	-0.168	-0.1077	0.3581
AT5G37180	-0.2364	0.3898	0.1221
AT5G37190	0.0814	0.0385	0.3552
AT5G37260	-0.5286	-1.4553	-0.1623
AT5G37290	-0.2178	-0.1662	0.2724
AT5G37310	-0.1978	0.1798	-0.0264
AT5G37340	0.3285	0.1305	0.386
AT5G37350	0.0265	0.0826	0.2976
AT5G37360	-0.147	0.6179	-0.0811
AT5G37370	-0.0125	0.181	0.2705
AT5G37380	-0.1011	-0.1904	0.131
AT5G37475	-0.0696	-0.1723	-0.0819
AT5G37480	-0.1808	0.2553	-0.2434
AT5G37500	-0.0941	1.0387	0.3203
AT5G37510	-0.1054	-0.0348	-0.0584
AT5G37530	0.0545	0.3781	0.2218
AT5G37540	-0.217	0.3251	-0.3307
AT5G37550	-0.7623	0.107	-0.4923
AT5G37570	-0.0983	0.0463	0.2256
AT5G37590	-0.2014	0.416	0.267
AT5G37600	0.3233	1.5277	-0.0449
AT5G37630	-0.527	-0.4996	0.0655
AT5G37660	-0.0838	0.1698	0.2468
AT5G37670	0.2309	0.1853	-0.1507
AT5G37680	-0.1389	-0.2438	0.0649
AT5G37690	-0.7312	0.7176	0.4874
AT5G37710	0.0264	0.027	-0.0424
AT5G37720	0.0332	0.1015	0.0537
AT5G37740	-0.2191	0.4714	-0.0217
AT5G37770	-0.1696	0.7839	-0.0883
AT5G37780	-0.2573	0.3767	-0.0566
AT5G37790	-0.1437	0.0954	-0.0205
AT5G37830	-0.0797	-0.2476	0.0169
AT5G37850	-0.1464	0.1419	0.2763
AT5G37890	-0.1091	-0.1142	0.0309
AT5G37930	0.004	-0.0641	0.214
AT5G37990	0.2035	-0.4909	1.4008
AT5G38000	0.1727	0.6722	0.7667
AT5G38005	-0.1609	-0.1188	0.0995
AT5G38010	-0.4111	0.8756	-0.1241
AT5G38020	-0.4992	-0.2659	0.778
AT5G38040	-0.1191	-0.5082	-0.047
AT5G38050	-0.296	-0.2731	0.1176
AT5G38060	-0.0351	0.4392	-0.0385
AT5G38110	-0.0129	-0.306	0.209
AT5G38140	0.0263	0.1359	0.3368
AT5G38150	-0.0715	-0.3981	0.3704
AT5G38200	-0.3686	-0.8017	0.3984
AT5G38210	-0.3512	0.634	-0.2687
AT5G38212	0.0763	0.2452	0.1062
AT5G38220	-0.1024	0.2108	0.0862
AT5G38280	0.093	0.6959	0.369
AT5G38290	-0.1585	0.023	0.2448
AT5G38300	-0.6687	-0.6517	-0.0418
AT5G38340	-0.0606	0.2226	-0.0255
AT5G38360	-0.2652	0.0747	0.2885
AT5G38380	-0.1468	-0.1147	-0.0026
AT5G38410	1.6872	0.4348	-1.1619
AT5G38420	1.7685	0.3447	-0.7442
AT5G38430	1.5833	0.7654	-1.0286
AT5G38460	-0.0331	0.0793	0.008
AT5G38470	-0.0074	0.4147	-0.0514
AT5G38480	0.0322	0.7768	-0.0476
AT5G38510	-0.0695	-0.1683	0.0276
AT5G38520	-0.2408	-0.3823	-0.0524
AT5G38530	0.1016	-0.0402	-0.0431
AT5G38560	-0.0645	0.1397	0.1021
AT5G38590	-0.068	0.0768	0.1242
AT5G38600	-0.012	0.1421	0.137
AT5G38630	-0.0741	0.202	-0.0226
AT5G38640	-0.0121	-0.264	0.1283
AT5G38650	-0.128	-0.2647	-0.1144
AT5G38660	0.162	0.4689	0.0392
AT5G38690	-0.3117	-0.0422	0.3056
AT5G38700	0.009	0.2221	0.0561
AT5G38720	-0.0189	0.6646	0.3051
AT5G38730	0.019	0.3193	0.1801
AT5G38830	-0.1757	-0.1889	0.2986
AT5G38840	0.0735	0.0413	0.4164
AT5G38850	0.1735	-0.1139	0.1522
AT5G38860	-0.1186	-0.2536	0.315
AT5G38880	0.0278	0.0758	0.1735
AT5G38890	0.0772	0.515	0.1334
AT5G38895	-0.0192	-0.5004	0.0136
AT5G38940	-0.1372	0.8405	0.5602
AT5G38970	-0.3237	0.163	-0.0252
AT5G38980	-0.2559	-0.5149	-0.7036
AT5G39020	-0.074	0.0772	-0.0602
AT5G39040	-0.1029	0.0133	0.0859
AT5G39050	0.088	-0.4022	-0.2422
AT5G39080	0.546	0.2775	-0.0746
AT5G39220	0.1325	0.3551	0.3795
AT5G39240	-0.093	-0.222	0.048
AT5G39250	-0.1334	0.081	-0.0894
AT5G39320	0.1248	1.0951	0.007
AT5G39340	-0.1129	0.0287	0.096
AT5G39350	-0.1238	-0.0631	0.3247
AT5G39360	-0.0376	0.8916	0.0711
AT5G39380	-0.1264	0.2895	0.0693
AT5G39410	-0.1511	-0.2166	0.0322
AT5G39450	-0.1027	-0.3702	0.225
AT5G39500	-0.012	0.1349	0.0519
AT5G39510	-0.1685	0.549	-0.1664
AT5G39530	-0.1873	-0.314	-0.0962
AT5G39550	-0.117	-0.2463	0.3347
AT5G39570	-0.228	0.4118	0.0427
AT5G39580	-0.0214	-0.9802	-0.2637
AT5G39590	-0.2691	0.2511	-0.1863
AT5G39600	-0.0122	-0.3454	0.1767
AT5G39610	0.7213	1.2141	0.1955
AT5G39660	-0.0788	-0.8178	-0.1927
AT5G39670	0.3372	0.1403	0.7463
AT5G39710	-0.2365	-0.3472	0.1943
AT5G39730	-0.3461	0.8407	0.0619
AT5G39740	-0.2042	0.343	0.064
AT5G39760	0.1234	0.6918	-0.3291
AT5G39785	0.0226	0.6995	-0.1131
AT5G39790	-0.1431	-0.031	0.3614
AT5G39800	-0.0782	0.4149	-0.0083
AT5G39830	0.013	0.3412	0.1658
AT5G39840	-0.1693	0.298	0.2236
AT5G39850	0.0696	0.5628	0.0414
AT5G39865	-0.0152	0.4915	0.2125
AT5G39890	0.0371	1.1448	0.6957
AT5G39900	-0.0949	0.2533	0.2008
AT5G39940	-0.1545	0.2765	0.2946
AT5G39950	0.0351	0.1869	-0.0717
AT5G39960	-0.0309	0.5674	0.2953
AT5G39970	0.4567	1.3009	-0.1302
AT5G39980	-0.0979	0.0734	0.1919
AT5G39990	0.0555	0.3748	0.3189
AT5G40030	0.0456	-0.0463	-0.0301
AT5G40080	-0.1425	-0.0947	0.034
AT5G40090	0.2924	0.412	0.11
AT5G40100	0.4712	0.6668	0.1321
AT5G40140	-0.2659	0.0452	-0.2396
AT5G40150	-0.2097	0.6176	0.0797
AT5G40160	-0.3015	0.1904	0.2257
AT5G40170	0.0818	0.1603	-0.1301
AT5G40190	-0.1979	-0.4982	-0.095
AT5G40200	-0.2112	-0.2026	0.2138
AT5G40240	-0.2837	0.1029	-0.1231
AT5G40250	-0.5338	-0.7198	0.1374
AT5G40270	-0.4555	-0.0895	0.1539
AT5G40280	-0.0919	0.168	0.2246
AT5G40300	-0.0792	0.2182	0.1098
AT5G40330	-0.1757	-0.559	0.3534
AT5G40340	0.2051	0.7287	0.3794
AT5G40370	-0.1215	0.3835	-0.1626
AT5G40390	-0.5663	-0.21	-0.4769
AT5G40400	-0.2275	-0.3169	0.1433
AT5G40405	-0.1993	-0.311	0.2233
AT5G40440	-0.1683	0.1854	0.1893
AT5G40450	-0.0572	0.2356	0.3977
AT5G40460	-0.2273	-0.322	0.3255
AT5G40470	-0.3457	0.2424	0.0025
AT5G40480	-0.0605	0.4467	0.3099
AT5G40490	-0.0689	-0.4914	0.1416
AT5G40500	-0.1823	-0.0108	-0.0385
AT5G40520	-0.2854	-0.1187	0.1805
AT5G40530	-0.168	0.2795	0.3403
AT5G40540	0.2221	0.8131	0.1313
AT5G40550	-0.1627	0.0542	0.4449
AT5G40570	0.2657	0.7632	0.5025
AT5G40580	-0.1077	0.2798	-0.0695
AT5G40600	-0.1737	-0.0015	0.0842
AT5G40610	0.0587	0.3102	0.0918
AT5G40630	0.0275	-0.0801	0.2355
AT5G40640	-0.2548	-0.2467	0.0822
AT5G40650	-0.1792	-0.1551	0.0225
AT5G40660	-0.0958	0.1122	0.1409
AT5G40670	-0.2552	0.317	0.0691
AT5G40690	-0.0439	0.1535	-0.3927
AT5G40700	-0.3644	-0.1819	0.1724
AT5G40710	-0.1163	0.0364	0.1851
AT5G40720	-0.1623	-0.5525	0.1925
AT5G40730	-0.1965	-0.5288	-0.4696
AT5G40740	-0.1007	-0.3156	0.0515
AT5G40760	-0.1676	0.2254	0.0504
AT5G40770	-0.1298	0.377	-0.0061
AT5G40780	0.3631	0.1249	-0.6954
AT5G40810	-0.1247	-0.0995	-0.0084
AT5G40820	0.1093	-0.2678	0.2699
AT5G40830	-0.3632	0.3683	0.0602
AT5G40840	0.216	-0.1867	0.2282
AT5G40850	-0.6322	-0.74	-0.0061
AT5G40870	-0.0012	0.1092	0.1168
AT5G40880	-0.081	0.0718	0.1641
AT5G40890	-0.1535	0.6277	-0.1363
AT5G40910	0.0374	0.3088	0.0773
AT5G40930	-0.1409	0.3666	0.0686
AT5G40950	-0.1948	0.0326	-0.1963
AT5G40960	0.0207	0.4879	-0.0565
AT5G40970	0.118	0.3264	0.1644
AT5G41000	-0.0903	0.1916	0.2767
AT5G41010	-0.1083	0.208	-0.13
AT5G41020	0.0579	0.7199	0.2868
AT5G41040	-0.6353	0.7907	-0.4762
AT5G41050	0.019	-0.1184	-0.4225
AT5G41060	-0.3914	0.1109	0.1028
AT5G41070	0.642	0.3659	0.5102
AT5G41080	0.6344	-0.2603	0.434
AT5G41100	0.0839	0.3559	0.0872
AT5G41110	-0.2259	-0.0609	0.219
AT5G41120	-0.2069	-0.156	0.2825
AT5G41130	-0.2399	0.3606	0.0163
AT5G41140	-0.171	0.4927	0.4254
AT5G41150	0.03	0.1511	0.1304
AT5G41160	-0.0934	0.1347	-0.0222
AT5G41170	-0.1449	-0.2278	0.0793
AT5G41180	-0.2571	0.3932	0.1596
AT5G41190	0.0547	0.2658	0.0853
AT5G41210	-0.1953	0.1358	-0.0113
AT5G41220	-0.1979	-0.0152	0.1893
AT5G41240	-0.1252	0.0154	0.1011
AT5G41260	-0.1874	-0.0347	0.1387
AT5G41270	0.0389	-0.4176	0.0492
AT5G41315	-0.2342	-0.2668	0.4034
AT5G41320	0.0585	-0.1974	0.0672
AT5G41330	-0.163	-0.2196	0.1766
AT5G41340	-0.3576	0.068	0.0865
AT5G41350	-0.1425	-0.0363	0.2455
AT5G41360	0.1903	0.3411	0.2033
AT5G41370	0.1748	0.0462	0.2894
AT5G41400	-0.4997	0.0142	-0.188
AT5G41410	-0.5685	-0.2208	-0.1542
AT5G41460	-0.5732	0.2017	0.1256
AT5G41480	-0.1171	0.4111	0.1067
AT5G41520	-0.068	0.0738	0.0646
AT5G41560	0.0197	-0.0036	0.0794
AT5G41580	-0.0897	-0.1018	0.0239
AT5G41600	-0.2551	-0.1478	-0.0347
AT5G41610	0.431	-0.1092	0.2219
AT5G41612	0.0313	0.1993	-0.217
AT5G41620	-0.4547	0.0218	-0.1111
AT5G41650	0.0657	0.1117	-0.1531
AT5G41670	-0.4443	0.5789	-0.0424
AT5G41685	0.04	0.3821	-0.0659
AT5G41690	0.2269	-0.0934	-0.0339
AT5G41700	0.0398	0.1837	0.0469
AT5G41760	-0.2607	0.1756	0.2811
AT5G41770	-0.0287	0.2186	0.1373
AT5G41790	-0.1214	0.7203	0.1499
AT5G41800	0.1367	0.856	-0.0612
AT5G41810	-0.3197	-0.155	-0.0202
AT5G41850	0.0587	0.1532	0.0098
AT5G41870	-0.127	0.3383	0.0858
AT5G41880	-0.3571	-0.3297	0.2544
AT5G41910	-0.1261	-0.0296	-0.1784
AT5G41920	0.0556	0.6039	0.0327
AT5G41940	-0.1486	-0.2628	0.1121
AT5G41950	-0.0005	0.495	0.0475
AT5G41960	-0.3157	0.0881	0.3485
AT5G41970	-0.0206	-0.0651	0.106
AT5G41980	-0.0914	-0.4391	0.3247
AT5G41990	-0.128	0.1473	0.0558
AT5G42000	-0.2284	-0.145	-0.0491
AT5G42010	0.2353	0.5165	-0.0068
AT5G42020	0.1466	0.734	0.1766
AT5G42030	-0.52	0.2047	0.2412
AT5G42050	-0.1794	0.3565	0.1868
AT5G42060	-0.3369	-0.0204	-0.027
AT5G42070	-0.0682	0.2844	-0.0637
AT5G42080	-0.1202	0.0284	0.1074
AT5G42090	-0.0392	0.0948	0.1522
AT5G42092	0.4541	1.7185	0.0028
AT5G42100	0.1848	0.6189	0.0939
AT5G42110	0.0981	0.3441	-0.1849
AT5G42130	0.0194	0.3515	0.0397
AT5G42140	-0.0993	0.1134	0.2189
AT5G42146	-0.1916	0.6734	-0.3732
AT5G42150	-0.1825	0.3033	0.2016
AT5G42180	-0.9141	0.5267	-0.7324
AT5G42190	-0.0047	-0.1112	0.0917
AT5G42200	-0.2542	-0.7561	0.0689
AT5G42220	0.0194	-0.0309	0.2641
AT5G42240	-0.1799	-0.2758	0.1503
AT5G42250	-0.6003	0.307	-0.4787
AT5G42270	0.0098	0.3784	-0.2586
AT5G42280	0.0264	0.3319	0.2619
AT5G42300	-0.1196	0.171	-0.1181
AT5G42310	-0.0474	-0.0559	0.0041
AT5G42320	0.0232	0.6231	0.3165
AT5G42330	-0.2473	-0.4162	-0.1662
AT5G42350	-0.1919	0.0063	0.0644
AT5G42360	-0.2954	-0.1696	0.1962
AT5G42370	-0.3805	-0.0739	0.4057
AT5G42390	0.0476	-0.0605	0.1092
AT5G42400	-0.0275	0.1501	0.2153
AT5G42420	-0.1263	-0.143	0.1984
AT5G42440	-0.2748	0.1891	0.064
AT5G42450	-0.2936	-0.1191	0.1642
AT5G42460	-0.2443	-0.2375	0.0336
AT5G42470	-0.0745	0.0062	0.1962
AT5G42480	0.0891	0.2315	0.1523
AT5G42520	-0.0519	-0.3419	0.2515
AT5G42530	-0.1329	0.2033	0.6297
AT5G42540	-0.0709	-0.169	0.2459
AT5G42560	0.0453	-0.1304	0.0204
AT5G42570	-0.1037	0.5658	-0.1867
AT5G42620	-0.1415	0.1411	0.0563
AT5G42650	-0.2263	0.4685	-0.0537
AT5G42660	-0.2178	0.1075	0.0741
AT5G42670	-0.2003	-0.1485	0.2129
AT5G42690	-0.3004	-0.0126	-0.0451
AT5G42700	-0.243	-0.498	0.1428
AT5G42720	-0.6444	-0.4221	-0.1155
AT5G42740	-0.2054	0.2664	-0.1008
AT5G42750	0.1029	-0.1578	-0.1042
AT5G42760	-0.1304	0.5029	-0.635
AT5G42765	0.0733	0.3166	-0.0092
AT5G42770	-0.0928	0.2387	-0.0404
AT5G42780	-0.5656	-0.6844	-0.1066
AT5G42790	-0.062	0.1136	-0.0513
AT5G42810	-0.3889	-0.5183	0.1061
AT5G42820	-0.0077	-0.8617	0.1334
AT5G42825	0.5738	-0.743	-0.4588
AT5G42850	-0.321	-0.6675	-0.0336
AT5G42860	0.093	0.3774	-0.0008
AT5G42870	0.1313	0.2624	0.1309
AT5G42880	0.1304	0.181	0.3797
AT5G42890	-0.2038	0.2014	-0.1266
AT5G42900	0.2149	-2.2924	0.0104
AT5G42920	-0.0693	-0.2114	0.1438
AT5G42940	-0.0253	-0.1594	0.152
AT5G42950	0.4088	-0.2011	-0.0915
AT5G42960	0.1392	0.374	-0.007
AT5G42970	-0.081	0.2896	0.0705
AT5G42980	0.1658	0.6288	-0.1402
AT5G42990	-0.1002	0.2789	-0.1143
AT5G43010	-0.071	0.3252	-0.0453
AT5G43020	0.1443	-0.2315	0.2526
AT5G43050	-0.1744	-0.0619	0.0083
AT5G43060	0.338	0.8695	-0.009
AT5G43070	-0.1222	-0.2011	-0.1868
AT5G43080	-0.1475	-0.1639	0.3037
AT5G43100	-0.2324	-0.1273	0.1573
AT5G43130	0.0787	-0.1064	0.1968
AT5G43140	0.0459	0.753	0.1347
AT5G43150	-0.459	-1.1148	-0.3123
AT5G43160	-0.3189	-0.1644	0.3002
AT5G43170	0.4299	1.5426	-0.1174
AT5G43180	0.2075	0.967	-0.3684
AT5G43190	0.0341	-0.0975	-0.1216
AT5G43210	0.0093	-0.2151	0.0833
AT5G43250	-0.199	-0.05	-0.025
AT5G43260	-0.1063	-0.3822	-0.4428
AT5G43270	-0.0011	0.5535	0.8258
AT5G43280	-0.0896	0.3674	0.0745
AT5G43310	0.0567	0.2134	0.3446
AT5G43320	-0.3172	0.2477	0.142
AT5G43330	0.1719	1.0645	0.3565
AT5G43350	-0.0064	0.0262	-0.783
AT5G43380	0.287	1.7467	-0.2069
AT5G43400	-0.0355	-0.0956	-0.0535
AT5G43420	-0.5968	-0.0295	-0.1762
AT5G43430	-0.0809	0.0768	0.1169
AT5G43450	0.539	0.3152	-0.4072
AT5G43460	-0.0806	-0.472	0.0175
AT5G43470	-0.111	-0.4081	-0.0617
AT5G43500	-0.155	0.16	0.0473
AT5G43560	0.083	0.2135	0.1376
AT5G43580	0.8976	0.2888	-1.1736
AT5G43600	-0.197	-0.0149	0.1655
AT5G43620	0.3362	0.6421	-0.1036
AT5G43630	-0.496	-0.2944	-0.488
AT5G43670	-0.0281	0.0498	0.0273
AT5G43680	-0.1653	-0.3823	0.2276
AT5G43700	-0.1552	-0.0991	0.4756
AT5G43710	-0.0959	0.2715	0.504
AT5G43720	-0.1912	-0.1472	0.1273
AT5G43730	0.1258	0.1366	-0.0293
AT5G43745	-0.0384	0.541	0.2538
AT5G43750	0.0187	0.2774	0.0095
AT5G43760	0.098	0.2934	0.1406
AT5G43780	-0.2797	0.4724	-0.6833
AT5G43790	-0.1615	0.0557	0.2709
AT5G43810	0.1166	-0.6403	0.2012
AT5G43820	-0.0206	-0.4119	0.118
AT5G43822	-0.1222	0.1735	0.16
AT5G43830	-0.1574	0.016	0.234
AT5G43850	-0.2278	-0.186	-0.0171
AT5G43870	-0.209	0.1666	-0.2213
AT5G43880	-0.3163	0.3789	-0.0816
AT5G43890	0.31	1.7221	-0.2097
AT5G43900	0.0914	0.4566	0.1815
AT5G43910	0.0739	0.3379	0.0111
AT5G43920	-0.0393	-0.0919	-0.1153
AT5G43930	0.1319	0.1768	0.3152
AT5G43940	-0.0698	0.1651	0.1054
AT5G43950	-0.3478	0.6203	-0.0641
AT5G43960	-0.0676	0.4957	0.0545
AT5G43970	0.0729	0.2951	-0.0919
AT5G43980	0.0484	0.2979	-0.0919
AT5G43990	-0.3909	-0.2553	-0.0497
AT5G44000	0.0126	0.1672	0.1946
AT5G44005	0.2099	-0.2817	0.3017
AT5G44010	-0.7201	-0.0099	0.196
AT5G44020	-0.376	-0.2214	-0.7679
AT5G44030	-0.1407	0.3593	-0.1052
AT5G44040	-0.8326	-0.43	0.0758
AT5G44050	-0.4924	-0.1887	0.3396
AT5G44060	0.0146	-0.0095	0.0088
AT5G44070	-0.0365	0.7665	-0.0456
AT5G44080	-0.1497	-0.1194	0.0821
AT5G44090	0.0696	0.0563	0.1364
AT5G44100	-0.0962	0.3369	0.1437
AT5G44110	-0.4217	0.5395	-0.6742
AT5G44130	-0.1582	-0.5262	-0.8369
AT5G44150	-0.0325	0.0884	0.1038
AT5G44160	0.2305	0.5938	0.1358
AT5G44170	0.0356	0.4219	0.1108
AT5G44180	0.2144	-0.0912	0.159
AT5G44190	-0.0086	0.1893	-0.4357
AT5G44200	-0.0768	-0.0307	0.1866
AT5G44210	0.0533	0.2818	0.0304
AT5G44230	-0.0445	-0.0853	0.3478
AT5G44240	0.2298	0.4757	-0.0179
AT5G44250	-0.1177	-0.0029	0.0464
AT5G44260	0.7116	0.4267	0.5721
AT5G44280	0.3671	0.7151	0.0463
AT5G44290	-0.099	0.2622	0.0343
AT5G44320	-0.065	-0.1254	-0.0139
AT5G44340	-0.242	-0.148	-0.1261
AT5G44370	-0.3386	0.1565	-0.0271
AT5G44380	-0.1258	-0.044	-0.1316
AT5G44390	-0.4266	0.7648	0.3219
AT5G44400	-1.8672	0.4507	1.3244
AT5G44410	-0.1994	0.0423	0.3258
AT5G44450	0.082	0.0808	0.2442
AT5G44480	-0.3774	0.6465	-0.1532
AT5G44490	0.0361	0.6893	0.6285
AT5G44500	0.0497	0.0669	0.2164
AT5G44510	-0.235	-0.4711	0.0113
AT5G44520	-0.1727	-0.4466	0.2152
AT5G44530	-0.0658	0.9924	0.0399
AT5G44550	-0.6888	0.9141	0.1483
AT5G44560	-0.3408	-0.3495	0.1617
AT5G44568	-0.6625	-0.6187	-0.3279
AT5G44578	-0.4365	-0.0509	-0.1716
AT5G44580	0.8016	1.1682	-0.0851
AT5G44582	0.1282	0.0409	-0.27
AT5G44600	-0.1764	0.1251	0.0284
AT5G44610	-0.2034	-0.4191	-0.5821
AT5G44635	-0.5319	-0.341	0.2762
AT5G44650	-0.036	0.2501	0.0108
AT5G44660	0.095	0.4055	-0.0106
AT5G44670	-0.248	0.5334	-0.0684
AT5G44680	-0.0766	0.5132	0.7097
AT5G44700	0.1156	0.6859	-0.1654
AT5G44710	-0.0378	0.2414	0.0767
AT5G44720	-0.4994	0.0494	0.0689
AT5G44730	-0.2339	0.154	0.1956
AT5G44740	-0.0753	0.122	0.5415
AT5G44750	0.1273	0.0261	0.2185
AT5G44780	-0.0581	0.2886	0.3354
AT5G44785	-0.0736	0.2204	0.4215
AT5G44790	-0.1532	-0.5062	-0.0477
AT5G44800	-0.001	-0.1007	0.162
AT5G44860	-0.0947	-0.0283	-0.0995
AT5G44870	0.156	-0.0365	-0.2544
AT5G44920	-0.1594	0.2144	0.1644
AT5G44930	-0.0026	0.3095	0.1555
AT5G45010	-0.1377	-0.0139	-0.1898
AT5G45020	-0.3548	-0.1178	0.263
AT5G45030	-0.2058	0.2842	0.0151
AT5G45040	-0.0103	-0.2404	-0.055
AT5G45050	0.036	0.091	0.2863
AT5G45060	-0.101	-0.0413	0.0419
AT5G45100	-0.281	-0.074	0.2616
AT5G45110	0.2028	0.2635	0.1465
AT5G45130	-0.0028	0.2076	-0.0387
AT5G45140	0.0817	0.3679	0.2777
AT5G45160	0.3111	0.2252	0.2792
AT5G45170	-0.3654	0.2865	0.0354
AT5G45190	-0.0611	-0.1762	0.2965
AT5G45250	-0.1792	-0.1874	0.1922
AT5G45260	-0.2267	0.0992	0.1357
AT5G45275	-0.0553	0.2554	0.0747
AT5G45280	0.3331	1.4365	0.1177
AT5G45290	-0.3561	-0.0507	0.2808
AT5G45300	0.1157	-0.0294	0.2998
AT5G45330	-0.0683	0.0354	0.3343
AT5G45340	0.4095	1.9655	-0.0941
AT5G45350	0.0157	0.4885	0.1427
AT5G45360	-0.0158	-0.1836	0.1316
AT5G45370	-0.0504	0.4182	-0.0407
AT5G45380	-0.1115	-0.3591	0.0388
AT5G45390	-0.1165	0.3381	-0.0513
AT5G45400	-0.2456	-0.3742	0.0126
AT5G45410	-0.283	-1.1381	-0.1665
AT5G45420	-0.0891	0.4252	0.1071
AT5G45430	-0.0748	0.4107	0.0343
AT5G45440	-0.0683	-0.1225	0.1516
AT5G45460	0.023	-0.0135	0.1344
AT5G45470	-0.0344	0.9176	0.9089
AT5G45472	0.1658	-0.1022	-0.2508
AT5G45475	-0.3472	0.185	-0.2078
AT5G45490	-0.3609	-0.9761	-0.355
AT5G45500	-0.0195	-0.3504	-0.3354
AT5G45510	0.2374	0.4928	-0.141
AT5G45550	-0.1368	0.5786	-0.1639
AT5G45560	-0.0193	0.4413	0.1441
AT5G45590	-0.0168	0.1399	0.2239
AT5G45600	-0.4204	0.0035	0.2232
AT5G45610	-0.0515	-0.3285	0.4374
AT5G45620	-0.0264	0.1083	0.0968
AT5G45630	0.2246	-0.9324	0.7624
AT5G45650	0.2257	0.6112	-0.1415
AT5G45660	0.1531	-0.3612	0.121
AT5G45670	0.6156	0.2715	0.1351
AT5G45680	-0.0059	-0.0966	-0.6761
AT5G45700	-0.5086	-0.8939	-0.0022
AT5G45710	-0.0852	0.0045	0.2123
AT5G45720	0.7353	1.2478	0.323
AT5G45730	-0.2411	-0.2597	0.0365
AT5G45750	-0.1297	0.5971	0.0927
AT5G45760	-0.0066	0.2071	0.3664
AT5G45775	0.015	0.201	-0.0294
AT5G45780	-0.2061	-0.1914	0.3925
AT5G45790	-0.3686	-0.2879	0.373
AT5G45800	-0.5671	-0.3718	-0.2271
AT5G45840	-0.3777	-0.3721	-0.2575
AT5G45900	-0.0698	-0.1462	0.0306
AT5G45920	0.3504	0.1677	0.3925
AT5G45930	-0.0671	0.4439	-0.0996
AT5G45940	-0.3117	0.1197	0.2423
AT5G46020	-0.2184	-0.1318	0.1666
AT5G46030	-0.1392	-0.001	0.1383
AT5G46050	0.2711	0.111	-0.1335
AT5G46070	-0.0958	-0.1472	0.0655
AT5G46080	-0.3292	-0.0566	0.259
AT5G46090	-0.5578	0.0901	-0.4938
AT5G46100	-0.1291	-0.2768	0.2324
AT5G46110	-0.2392	-0.0205	-0.7872
AT5G46150	-0.2196	-0.4436	0.183
AT5G46160	-0.0768	0.4936	0.0102
AT5G46170	-0.1804	0.3909	-0.2968
AT5G46180	0.1982	0.0057	0.123
AT5G46190	0.034	-0.1714	0.093
AT5G46210	0.0609	-0.0073	-0.0149
AT5G46230	-0.0007	0.4672	-0.1695
AT5G46250	-0.3976	-0.125	0.2958
AT5G46270	-0.1051	0.1958	-0.0361
AT5G46280	-0.4644	-0.4204	0.3216
AT5G46290	-0.0568	0.3676	0.0896
AT5G46340	-0.3099	0.4583	0.2739
AT5G46390	-0.0958	-0.1918	0.1545
AT5G46400	0.0663	-0.2471	0.4439
AT5G46410	-0.0774	-0.2491	-0.0335
AT5G46420	-0.2759	-0.2509	0.1433
AT5G46430	0.0948	0.2007	0.0546
AT5G46450	0.4011	0.6393	0.0986
AT5G46460	-0.1791	-0.1766	0.0994
AT5G46470	0.3458	0.5678	0.1438
AT5G46530	-0.2882	0.056	-0.1716
AT5G46550	-0.2025	0.2269	0.0487
AT5G46560	-0.3962	0.1946	0.066
AT5G46570	-0.0331	0.1148	0.0956
AT5G46580	-0.0806	0.1589	0.0874
AT5G46620	-0.1371	0.2773	0.2019
AT5G46630	-0.2575	0.4872	-0.005
AT5G46640	0.1199	0.0116	0.2033
AT5G46680	-0.1899	-0.3317	0.13
AT5G46700	-0.3927	-0.3438	0.0245
AT5G46710	-0.0045	0.1011	0.3867
AT5G46720	-0.0477	0.1319	-0.0785
AT5G46730	0.1401	0.8869	0.0826
AT5G46740	-0.1697	0.0478	-0.0061
AT5G46750	-0.2457	0.1779	-0.01
AT5G46760	-0.093	-0.1977	0.0577
AT5G46780	0.0929	0.3278	0.2097
AT5G46790	0.0481	0.7059	-0.3589
AT5G46800	-0.032	0.0356	-0.0763
AT5G46840	0.0938	-0.5786	0.3073
AT5G46850	-0.084	0.0182	0.0042
AT5G46860	-0.2599	0.1833	-0.1239
AT5G46870	-0.4078	-0.0726	-0.1484
AT5G46910	-0.0977	0.2122	0.1128
AT5G46920	-0.2401	0.127	0.2353
AT5G47010	0.1477	0.2305	0.113
AT5G47020	-0.0045	-0.1188	0.1275
AT5G47030	-0.0823	0.1212	-0.0408
AT5G47040	0.1987	-0.4505	-0.1611
AT5G47050	0.0821	-0.53	0.3908
AT5G47060	-0.0499	0.7699	-0.0035
AT5G47070	-0.0329	0.4147	0.3002
AT5G47080	-0.0585	0.2853	0.436
AT5G47090	0.2412	-0.1735	0.3095
AT5G47100	-0.1962	-0.2331	0.2449
AT5G47110	-0.1719	-0.3231	-0.1363
AT5G47120	-0.2483	0.2701	-0.3413
AT5G47140	-0.1505	0.1107	-0.078
AT5G47160	0.0178	-0.4421	-0.0473
AT5G47180	-0.1961	0.1257	-0.0941
AT5G47190	-0.3384	-0.0057	-0.0376
AT5G47200	-0.0413	0.4428	-0.1706
AT5G47210	0.0227	0.4779	0.1484
AT5G47230	-0.3207	0.1996	-0.5385
AT5G47250	-0.3252	-0.0354	-0.0611
AT5G47310	-0.3124	-0.0752	-0.0685
AT5G47320	-0.0155	-0.0253	0.2359
AT5G47360	-0.0195	0.3658	0.0137
AT5G47370	0.266	0.8523	0.0054
AT5G47390	-0.0465	-0.6182	0.1355
AT5G47400	-0.1022	-0.234	-0.0932
AT5G47420	-0.1598	0.7715	0.047
AT5G47430	0.2197	-0.0771	0.0562
AT5G47435	-0.2275	-0.3992	0.3551
AT5G47440	0.4933	0.584	-0.1214
AT5G47455	0.0125	0.3555	0.1428
AT5G47460	-0.2605	0.093	0.1036
AT5G47480	0.1541	0.2733	0.0913
AT5G47490	0.1978	0.4483	0.1623
AT5G47500	-0.463	-0.8682	0.1776
AT5G47510	-0.3213	-0.0193	0.0717
AT5G47520	-0.2252	0.0169	0.1722
AT5G47540	-0.0362	0.5713	0.2197
AT5G47550	-0.0193	0.7982	0.0478
AT5G47560	0.1085	-0.0133	0.0419
AT5G47570	-0.0254	0.3002	-0.1118
AT5G47580	-0.0345	-0.1889	0.1403
AT5G47600	0.3923	0.0048	0.709
AT5G47610	0.4569	-0.9562	-0.3673
AT5G47620	-0.2409	-0.2655	-0.0071
AT5G47630	-0.1467	0.16	-0.0465
AT5G47640	-0.4079	-0.7561	-0.1209
AT5G47650	-0.0569	0.3155	0.1629
AT5G47660	-0.0508	-0.096	0.3235
AT5G47680	-0.0422	-0.3656	0.3492
AT5G47690	0.1499	0.1343	0.323
AT5G47700	0.0069	0.1652	0.0249
AT5G47710	-0.0754	0.2017	-0.0685
AT5G47720	-0.2445	0.1284	0.0731
AT5G47730	-0.1737	0.6147	0.0414
AT5G47750	-0.0114	0.1273	0.07
AT5G47760	-0.0366	0.2247	0.1768
AT5G47770	0.0257	0.4943	0.0226
AT5G47780	0.0167	0.7915	0.0998
AT5G47790	-0.2416	-0.2076	0.0813
AT5G47800	-0.2255	0.4435	0.1527
AT5G47810	0.1567	-0.9138	-0.0619
AT5G47820	0.2116	0.2736	0.1034
AT5G47830	0.018	-0.074	-0.0023
AT5G47840	-0.2423	-0.3253	0.1098
AT5G47860	-0.195	0.2989	0.264
AT5G47870	-0.1698	0.4462	0.0002
AT5G47880	0.0012	0.7054	-0.0552
AT5G47890	-0.2876	-0.2335	-0.1242
AT5G47910	-0.0651	0.9359	0.2099
AT5G47920	0.3493	0.2316	-0.2188
AT5G47930	0.1252	0.2852	-0.0859
AT5G47940	-0.0566	0.1929	0.1707
AT5G47960	0.1314	0.4536	0.0261
AT5G47970	0.2205	0.3733	0.1611
AT5G47990	-0.1524	-0.2375	0.2064
AT5G48000	-0.2365	-0.1069	0.3654
AT5G48010	-0.1116	-0.311	0.4348
AT5G48020	-0.2752	-0.0811	0.0541
AT5G48030	-0.0987	0.1814	0.334
AT5G48040	-0.1189	-0.3477	0.3478
AT5G48060	-0.1504	-0.1883	-0.257
AT5G48070	-0.0483	0.8773	-0.184
AT5G48090	0.3245	0.2022	0.1734
AT5G48110	0.5681	0.138	0.5565
AT5G48120	0.0095	-0.177	0.3273
AT5G48150	-0.0252	0.1326	0.169
AT5G48160	0.3119	-0.6573	0.0487
AT5G48170	-0.1299	-0.443	0.0665
AT5G48180	0.1728	-0.1835	0.0578
AT5G48220	0.1068	0.1178	-0.0002
AT5G48230	-0.1909	-0.0534	-0.0444
AT5G48240	-0.2125	0.1293	0.4124
AT5G48250	-0.1516	-0.1616	-0.0745
AT5G48290	-0.0791	0.3046	-0.3607
AT5G48300	-0.0333	0.6929	0.2298
AT5G48310	-0.3083	-0.7575	0.3888
AT5G48320	-0.2263	-0.268	-0.1956
AT5G48330	-0.2386	0.1418	0.1264
AT5G48335	-0.0441	-0.4104	0.0316
AT5G48340	-0.0824	-0.1363	0.3251
AT5G48360	-0.2631	-0.5331	0.2922
AT5G48370	0.0405	0.3355	-0.0074
AT5G48380	-0.2572	0.1296	-0.0592
AT5G48385	0.0447	0.2659	0.1546
AT5G48412	0.4054	-0.3161	-0.1782
AT5G48430	0.1968	1.1055	-0.5493
AT5G48440	0.1294	0.2301	0.1905
AT5G48450	0.2302	0.7393	0.4625
AT5G48460	-0.6023	-0.0356	0.3115
AT5G48470	-0.3749	0.3103	0.464
AT5G48480	-0.3002	0.0453	0.0117
AT5G48485	-0.888	0.5942	-0.1833
AT5G48500	-0.0881	0.4519	0.1212
AT5G48520	-0.0889	0.0719	0.1387
AT5G48530	0.0846	0.0928	0.5181
AT5G48540	0.0017	0.1499	-0.6063
AT5G48545	0.1308	0.1694	-0.0372
AT5G48560	0.096	0.5267	0.2622
AT5G48570	0.3227	1.2432	0.9335
AT5G48580	-0.0123	0.3283	0.0213
AT5G48590	-0.1033	0.0201	0.199
AT5G48600	-0.2988	-0.2302	0.3684
AT5G48610	0.093	0.6849	0.3269
AT5G48620	-0.1195	-0.3968	0.2091
AT5G48630	-0.1829	0.1651	-0.0123
AT5G48640	-0.0858	0.1124	0.278
AT5G48650	0.0691	-0.0396	0.7622
AT5G48655	0.0536	-0.1276	0.0614
AT5G48660	-0.3055	0.4452	0.1389
AT5G48680	-0.0868	0.0364	0.154
AT5G48720	-0.2512	-0.091	0.1405
AT5G48730	-0.2847	-0.1715	0.394
AT5G48760	0.0237	-0.0532	0.0946
AT5G48790	-0.2665	-0.3364	0.2137
AT5G48800	-0.9246	-0.2693	0.3206
AT5G48810	0.0769	-0.0898	0.0063
AT5G48820	-0.1792	-0.5385	0.3083
AT5G48830	-0.0378	0.0326	0.0513
AT5G48840	-0.3061	-0.0674	-0.0407
AT5G48850	0.1836	0.9675	0.5598
AT5G48870	-0.092	0.3639	-0.1017
AT5G48880	-0.6893	-0.2342	-0.3887
AT5G48900	0.1845	1.6445	0.2457
AT5G48910	-0.3076	-0.3609	-0.039
AT5G48930	-0.4979	-0.3031	-0.3151
AT5G48940	0.1677	-0.2571	0.3409
AT5G48960	-0.103	0.1431	0.235
AT5G48970	-0.1188	0.1927	0.144
AT5G48990	0.0165	0.0708	-0.0374
AT5G49000	-0.1153	-0.0086	-0.0094
AT5G49010	-0.1194	-0.1163	0.1852
AT5G49015	-0.0131	-0.489	0.0366
AT5G49020	0.0324	0.0935	0.231
AT5G49030	0.1674	0.0002	0.1969
AT5G49060	-0.1341	-0.0	0.1895
AT5G49100	-0.1231	-0.2764	0.2514
AT5G49110	0.004	-0.1174	0.5479
AT5G49160	-0.0566	-0.5024	0.2391
AT5G49170	0.0302	0.7484	0.3075
AT5G49210	-0.0246	-0.2033	0.1243
AT5G49215	-0.0655	0.3525	0.219
AT5G49220	-0.0986	-0.0416	-0.0442
AT5G49230	0.0459	0.1636	0.1807
AT5G49280	0.0773	0.6015	0.0795
AT5G49290	0.1182	0.1098	0.0732
AT5G49300	-0.3676	0.2029	-0.0586
AT5G49360	0.0623	-1.2931	-0.0288
AT5G49390	0.2339	0.361	0.2746
AT5G49400	-0.0948	-0.2655	0.206
AT5G49410	0.0487	0.2186	0.3126
AT5G49430	0.2405	-0.2326	0.169
AT5G49440	0.0961	0.124	-0.0953
AT5G49450	1.4933	-0.682	0.3176
AT5G49460	-0.062	-0.1238	0.1199
AT5G49470	-0.0772	-0.0888	0.2828
AT5G49480	-0.4265	-0.3859	-0.6433
AT5G49500	-0.0896	0.3506	0.2507
AT5G49510	-0.1261	0.0468	0.122
AT5G49520	-0.4888	0.0624	-0.0626
AT5G49530	0.1035	0.2056	0.2063
AT5G49540	0.0397	0.5823	-0.1366
AT5G49550	-0.0461	0.0742	-0.1432
AT5G49555	-0.1665	0.1082	0.2404
AT5G49560	-0.206	-0.0765	0.0059
AT5G49570	0.0165	0.2629	-0.062
AT5G49580	0.0423	0.1605	0.2677
AT5G49610	-0.1386	-0.0926	0.0643
AT5G49630	0.2213	0.6682	0.0868
AT5G49640	-0.1443	-0.9165	-0.5598
AT5G49645	-0.2164	0.6435	0.5738
AT5G49650	-0.1958	0.1355	0.2661
AT5G49660	-0.155	0.2683	0.3235
AT5G49665	0.307	0.3434	0.3778
AT5G49680	0.3105	-0.1635	0.1596
AT5G49690	1.3083	0.4915	0.3503
AT5G49700	1.1458	0.4963	0.0288
AT5G49710	-0.0711	0.2044	-0.0956
AT5G49720	-0.0644	0.483	0.0097
AT5G49730	-0.5375	-1.4296	-0.2179
AT5G49760	0.0836	0.5267	-0.287
AT5G49800	0.1871	0.2117	0.1543
AT5G49810	0.0067	0.2864	0.0204
AT5G49820	-0.1556	-0.0644	-0.018
AT5G49830	-0.2171	-0.1142	-0.0852
AT5G49840	-0.1289	0.0188	0.335
AT5G49850	-0.0383	0.8159	-0.468
AT5G49880	-0.1678	-0.0453	0.2208
AT5G49890	-0.439	0.4377	0.0743
AT5G49900	-0.4126	0.081	0.0573
AT5G49910	0.099	0.6003	0.1004
AT5G49930	0.1976	0.2709	0.2106
AT5G49940	-0.0704	0.1373	-0.0065
AT5G49945	0.0	0.4949	0.2556
AT5G49950	-0.2831	0.1483	0.1594
AT5G49960	-0.2783	0.4236	0.2196
AT5G49970	-0.364	-0.1062	0.0691
AT5G49980	-0.2488	-0.4379	0.0428
AT5G49990	0.5604	0.2695	-0.0154
AT5G50000	-0.1096	0.2303	0.1049
AT5G50010	-0.5249	0.0144	0.0336
AT5G50020	-0.283	0.1925	0.1076
AT5G50090	-0.224	-0.1572	0.3801
AT5G50100	-0.4648	0.3517	0.0468
AT5G50110	-0.0443	0.5559	0.1906
AT5G50120	-0.0341	0.1825	-0.1069
AT5G50130	-0.7743	-0.4904	0.7632
AT5G50150	0.0492	0.2691	0.2825
AT5G50170	0.5402	-0.0291	0.3231
AT5G50180	-0.0413	0.2805	0.4636
AT5G50200	0.087	0.1065	-0.9929
AT5G50210	0.0383	0.3227	0.1638
AT5G50230	-0.1699	-0.297	-0.011
AT5G50240	0.5412	-0.2626	-0.2633
AT5G50250	-0.0115	0.455	0.0529
AT5G50280	-0.0756	-0.2515	0.3788
AT5G50310	0.09	0.3387	0.3104
AT5G50320	0.0091	-0.2242	0.1107
AT5G50330	-0.0589	0.3243	0.2854
AT5G50340	0.121	0.7068	0.0215
AT5G50350	0.034	-0.1052	0.1371
AT5G50370	-0.2855	0.0036	-0.0285
AT5G50375	-0.0907	-0.199	-0.061
AT5G50380	0.0464	-0.0868	0.1185
AT5G50390	-0.1368	-0.178	0.2348
AT5G50400	-0.1336	-0.0146	0.0563
AT5G50410	-0.1395	0.2078	0.1918
AT5G50420	-0.1262	0.219	0.2665
AT5G50430	-0.0953	0.4983	0.0255
AT5G50440	0.2029	0.7163	0.1872
AT5G50450	0.0912	-0.8958	0.2941
AT5G50460	-0.038	0.2563	-0.241
AT5G50520	0.0308	0.1447	0.1079
AT5G50530	-0.3226	0.2458	-0.077
AT5G50550	-0.0924	0.5888	0.0724
AT5G50565	-0.1721	-0.039	0.3427
AT5G50570	0.096	0.9794	0.4458
AT5G50630	0.0308	0.1447	0.1079
AT5G50650	-0.0924	0.5888	0.0724
AT5G50665	-0.296	-0.2306	0.1149
AT5G50670	0.2276	1.7414	0.2065
AT5G50680	0.698	2.2468	0.3092
AT5G50720	-0.1053	-0.0621	0.0246
AT5G50740	0.0051	0.4655	0.4148
AT5G50760	-0.1342	-0.7422	-0.0783
AT5G50780	0.2641	0.2272	-0.0085
AT5G50810	-0.0611	-0.1078	-0.0054
AT5G50820	-0.2296	-0.1644	-0.3783
AT5G50840	-0.1842	0.2624	0.2407
AT5G50850	-0.2247	0.2049	-0.0722
AT5G50860	-0.0823	0.1696	0.2342
AT5G50870	-0.1246	0.0553	0.0769
AT5G50890	-0.1555	0.3751	0.2002
AT5G50900	-0.2634	0.4284	-0.3647
AT5G50920	0.0816	-0.2884	0.0011
AT5G50930	-0.1999	0.1752	0.1748
AT5G50950	-0.6792	-0.5628	0.2796
AT5G50960	0.0177	0.29	0.0048
AT5G50970	-0.0208	0.4701	0.331
AT5G50990	-0.0349	0.0953	0.3431
AT5G51010	-0.1181	-0.8599	-0.1138
AT5G51020	-0.007	0.2145	0.1868
AT5G51040	-0.334	-0.138	-0.1005
AT5G51050	0.0127	0.3482	0.0868
AT5G51070	0.1544	0.4179	-0.144
AT5G51080	0.1311	-0.1959	0.2624
AT5G51100	-0.0739	0.0555	0.3286
AT5G51110	0.0547	-0.1958	-0.2803
AT5G51120	0.0273	0.3358	-0.0772
AT5G51130	-0.0146	0.2602	0.2872
AT5G51140	-0.2881	-0.5559	0.2037
AT5G51150	-0.0479	-0.2756	-0.0088
AT5G51170	0.1435	-0.4925	0.2932
AT5G51180	0.079	-0.2171	0.2609
AT5G51200	0.1571	-0.0008	0.2365
AT5G51210	0.5875	0.0499	0.2787
AT5G51220	-0.2719	0.1835	0.2064
AT5G51230	-0.1178	0.1482	0.078
AT5G51260	-0.0868	0.3488	-0.081
AT5G51280	-0.0265	-0.0171	0.0679
AT5G51290	-0.0832	0.1164	0.204
AT5G51300	-0.0377	0.1074	0.2105
AT5G51340	-0.0393	0.0005	0.0351
AT5G51350	-0.4367	-0.0595	0.1024
AT5G51370	0.0043	-0.0504	-0.0092
AT5G51380	-0.1511	-0.3681	0.0391
AT5G51390	0.5389	-0.717	0.2333
AT5G51400	-0.1635	-0.3591	0.0342
AT5G51410	0.0735	-0.0663	0.052
AT5G51430	0.0145	0.3527	0.0457
AT5G51440	0.3517	0.6875	-0.0313
AT5G51450	-0.3353	-0.2321	0.0392
AT5G51460	-0.3956	0.0034	-0.0163
AT5G51510	-0.0339	-0.0444	-0.0289
AT5G51540	-0.2239	0.2558	0.3498
AT5G51545	-0.2511	0.1395	-0.2391
AT5G51550	-0.8314	0.0612	0.0096
AT5G51560	-0.2969	-0.5777	0.202
AT5G51570	-0.0408	-0.1296	-0.1286
AT5G51590	0.0201	0.0696	0.003
AT5G51600	-0.3341	-0.9351	0.1781
AT5G51640	-0.24	0.2511	-0.0113
AT5G51660	0.0518	0.0577	0.0705
AT5G51670	-0.1861	0.5122	0.0625
AT5G51680	-0.4311	0.3187	-0.3289
AT5G51690	-0.1731	-0.4966	0.1733
AT5G51700	0.1357	0.3389	0.125
AT5G51710	-0.1372	-0.2104	0.0753
AT5G51730	-0.1924	-0.1668	0.354
AT5G51740	0.112	0.1951	0.0918
AT5G51750	0.2739	-0.8509	0.6171
AT5G51770	-0.1006	0.0777	0.0038
AT5G51780	0.0607	-0.4104	0.415
AT5G51795	-0.1035	-0.0996	0.6042
AT5G51810	0.4279	-0.0193	-0.0643
AT5G51820	0.1569	0.2623	0.2339
AT5G51830	-0.0686	0.4104	-0.1832
AT5G51840	0.0914	0.4978	0.3874
AT5G51880	-0.0986	0.0387	-0.0666
AT5G51890	0.1074	0.6607	-0.1617
AT5G51910	0.0782	-0.6829	0.2642
AT5G51920	-0.0864	0.6244	-0.1166
AT5G51940	-0.1199	0.3654	0.1196
AT5G51960	-0.2435	-0.1287	-0.223
AT5G51970	-0.3153	-0.5908	-0.1096
AT5G51980	-0.0006	0.1064	0.1127
AT5G52010	-0.1637	-0.0995	0.1021
AT5G52030	-0.2981	0.1001	0.026
AT5G52040	0.0925	0.1406	0.1373
AT5G52060	-0.5727	0.0465	-0.161
AT5G52070	0.0344	-0.5874	0.5141
AT5G52110	-0.2262	0.0186	0.1268
AT5G52120	-0.7358	-0.5327	0.4745
AT5G52170	0.1246	0.1125	0.2655
AT5G52180	-0.1805	0.4597	-0.0622
AT5G52190	0.016	-0.438	-0.617
AT5G52200	-0.0314	0.6227	-0.0286
AT5G52210	0.1395	0.5549	0.2039
AT5G52220	-0.3154	-0.0418	-0.0919
AT5G52230	0.129	-0.0001	0.3067
AT5G52240	-0.2624	-0.1721	-0.0922
AT5G52250	-0.4168	-0.0082	-0.6901
AT5G52280	-0.2134	0.1051	0.4132
AT5G52310	0.5221	0.3787	-0.7919
AT5G52370	-0.052	-0.3758	0.0946
AT5G52380	0.0545	0.3892	0.221
AT5G52410	-0.1763	0.0885	0.1685
AT5G52420	0.2527	-0.7088	-0.0203
AT5G52430	0.1061	0.1852	0.364
AT5G52440	-0.0923	-0.6244	0.0404
AT5G52450	0.1266	0.1942	0.1993
AT5G52470	0.0171	0.2709	0.1465
AT5G52510	-0.2939	0.6218	-0.3319
AT5G52520	-0.0245	0.2831	0.243
AT5G52530	0.1692	-0.0479	0.1347
AT5G52540	-0.2782	-0.0229	-0.0686
AT5G52545	-0.1068	0.2937	0.2629
AT5G52547	-0.4426	-0.1184	-0.0141
AT5G52550	-0.1796	0.0093	0.2353
AT5G52560	-0.103	0.4895	0.0686
AT5G52580	0.1439	0.5144	-0.0443
AT5G52630	-0.0469	-0.021	0.1526
AT5G52640	1.266	0.7697	0.5366
AT5G52650	0.0275	0.3028	0.0166
AT5G52660	-0.1644	-0.3536	-0.2021
AT5G52780	0.1678	-0.3705	-0.4687
AT5G52810	-0.4166	-0.3373	-0.3205
AT5G52820	-0.0275	-0.2637	0.0764
AT5G52830	0.0141	0.1392	-0.3048
AT5G52840	0.0298	0.5246	-0.0384
AT5G52850	-0.5046	-0.3766	0.2827
AT5G52870	-0.4243	-0.0133	0.1163
AT5G52880	-0.065	0.0837	0.0308
AT5G52882	-0.0793	0.8809	0.1004
AT5G52890	0.0695	0.1503	0.0311
AT5G52900	-0.3468	-0.4445	0.1247
AT5G52910	-0.2369	-0.363	0.4453
AT5G52920	-0.0145	-0.2549	0.1701
AT5G52950	-0.3302	-0.2854	0.194
AT5G52960	-0.0602	-0.8266	0.0095
AT5G52970	-0.19	0.1976	0.2984
AT5G52980	0.0468	0.7397	0.002
AT5G52990	-0.1934	0.1178	-0.0622
AT5G53000	-0.0251	0.3037	-0.0224
AT5G53010	0.1433	0.2542	0.2481
AT5G53020	-0.1119	0.0192	0.3379
AT5G53045	-0.1209	-0.2359	-0.0038
AT5G53050	-0.3265	-0.6463	0.1267
AT5G53060	0.0639	0.0968	0.1886
AT5G53070	-0.1102	0.3384	0.2179
AT5G53080	0.1276	-0.1298	0.5459
AT5G53090	0.0281	0.0926	0.1273
AT5G53120	-0.2072	0.2036	-0.1204
AT5G53130	0.0747	0.3164	0.0808
AT5G53140	-0.1369	0.6484	-0.0049
AT5G53150	0.2125	-0.1854	0.144
AT5G53160	-0.353	-0.7905	0.0323
AT5G53170	-0.1355	-0.2943	0.2893
AT5G53180	-0.1066	0.1763	0.1025
AT5G53200	0.0087	0.0216	0.1885
AT5G53220	0.0263	-0.1802	0.3265
AT5G53250	0.4121	1.1571	-0.4176
AT5G53280	-0.3727	-0.3178	0.0578
AT5G53290	-0.1213	0.1815	0.1469
AT5G53300	0.1119	0.0777	0.0282
AT5G53310	0.1141	0.4398	-0.0723
AT5G53320	-0.3708	0.7923	0.0227
AT5G53330	-0.0678	0.4484	-0.1756
AT5G53340	-0.1594	0.2625	0.1006
AT5G53350	-0.0718	0.1073	0.1509
AT5G53360	-0.1079	-0.2319	0.1373
AT5G53370	-0.3676	-0.1465	-0.117
AT5G53400	0.1161	0.4141	0.03
AT5G53420	0.544	1.5627	0.2446
AT5G53430	0.429	0.3801	-0.0767
AT5G53440	0.034	-0.3467	0.2614
AT5G53450	-0.2412	1.343	-0.0782
AT5G53460	0.0839	0.1258	-0.0582
AT5G53470	0.1702	0.3762	0.155
AT5G53480	-0.0766	-0.0193	-0.0205
AT5G53490	0.2873	0.0715	-0.1038
AT5G53500	-0.0118	-0.169	-0.0863
AT5G53530	-0.1122	0.7164	-0.045
AT5G53540	0.0107	0.1462	0.0001
AT5G53550	0.3389	0.2437	0.3055
AT5G53560	-0.0848	0.0227	-0.0482
AT5G53570	0.0394	0.5276	0.0973
AT5G53580	-0.247	-0.4108	0.2038
AT5G53590	-0.2026	0.3309	-0.3195
AT5G53620	-0.0377	0.0607	0.2641
AT5G53650	-0.217	-0.4392	-0.2011
AT5G53730	0.0892	0.1522	0.2378
AT5G53750	0.5311	1.2313	-0.1005
AT5G53760	0.0774	0.6984	0.2684
AT5G53770	-0.097	0.1585	0.2321
AT5G53800	0.0485	0.5657	0.251
AT5G53830	-0.5011	0.9308	0.448
AT5G53850	-0.1139	-0.3222	0.1932
AT5G53860	-0.2063	-0.254	0.1097
AT5G53880	-0.7147	0.9181	0.6087
AT5G53890	-0.237	0.0451	0.1466
AT5G53900	0.0552	-0.0916	0.4373
AT5G53920	-0.1979	0.2343	0.4889
AT5G53930	-0.0413	0.2634	0.3473
AT5G53940	-0.1052	0.1667	-0.1005
AT5G53970	-0.0349	-0.5496	-0.1435
AT5G53980	1.4631	1.1109	0.7062
AT5G54020	-0.258	0.032	-0.4009
AT5G54030	0.3577	0.3909	-0.1515
AT5G54080	-0.0502	-1.2034	0.1032
AT5G54090	-0.2085	-0.0199	0.334
AT5G54100	-0.1795	0.6433	-0.1189
AT5G54110	-0.2878	-0.1645	0.0107
AT5G54130	-0.798	-0.6215	0.3217
AT5G54140	-0.2556	-0.0169	-0.2062
AT5G54145	-0.1935	-0.4793	-0.3495
AT5G54160	-0.303	0.0283	-0.2358
AT5G54170	0.1048	-0.4966	0.2293
AT5G54180	0.0894	0.0283	0.2098
AT5G54200	0.0928	0.1503	0.1296
AT5G54240	-0.2498	-0.0966	-0.2512
AT5G54260	0.0603	0.2164	0.2534
AT5G54270	0.0103	0.2961	-0.4213
AT5G54280	-0.1184	-0.6414	0.241
AT5G54290	0.1119	0.2463	0.0993
AT5G54300	0.119	-0.6915	-0.4145
AT5G54310	-0.1446	-0.3499	0.1738
AT5G54380	-0.2405	0.2068	0.017
AT5G54390	-0.2879	-0.634	0.126
AT5G54400	-0.3334	0.5859	0.1592
AT5G54430	-0.0003	0.2625	0.1001
AT5G54440	0.0006	0.4405	0.0168
AT5G54470	-0.8563	-0.2117	-1.0512
AT5G54490	0.9402	0.5473	1.0178
AT5G54500	-0.0938	0.1318	-0.0464
AT5G54510	0.2573	-0.3005	-0.1846
AT5G54520	0.1323	0.0738	0.1967
AT5G54530	-0.0494	-0.7133	0.0969
AT5G54540	-0.1359	0.0419	-0.2202
AT5G54569	-0.2336	-0.4513	0.1612
AT5G54580	-0.1017	0.3004	0.0893
AT5G54585	0.3098	-1.1505	-0.2402
AT5G54590	-0.5296	-0.4298	0.0297
AT5G54600	-0.1619	-0.0305	0.1906
AT5G54640	0.105	0.1056	-0.1807
AT5G54650	0.0598	0.3635	0.05
AT5G54660	0.1278	0.5877	0.2232
AT5G54670	-0.316	0.041	0.1575
AT5G54680	0.0252	0.0736	0.0881
AT5G54730	0.1031	0.3536	0.0785
AT5G54750	0.0329	0.3528	0.0511
AT5G54760	-0.0204	0.7943	-0.0942
AT5G54770	-0.1551	-0.663	-0.6382
AT5G54780	-0.2345	-0.2111	0.1446
AT5G54800	-0.3323	0.2079	-0.3732
AT5G54810	-0.326	-0.5728	0.1268
AT5G54830	0.0305	0.1404	0.1609
AT5G54840	-0.3698	-0.2009	-0.0026
AT5G54850	-0.0591	0.3915	0.0856
AT5G54855	-0.1437	0.1658	-0.0477
AT5G54860	-0.0322	0.4896	-0.0942
AT5G54870	-0.0691	0.3537	0.001
AT5G54880	0.0294	0.1643	0.2161
AT5G54890	-0.2515	0.1682	0.3093
AT5G54900	-0.0614	0.5606	0.1075
AT5G54910	-0.1575	0.5835	0.1343
AT5G54920	0.1195	0.1943	0.2257
AT5G54930	-0.019	-0.288	0.1538
AT5G54940	0.5043	1.3308	0.233
AT5G54960	-0.5186	-0.905	-0.1392
AT5G54970	-0.301	-0.2599	0.0979
AT5G54980	-0.1925	0.0035	-0.2301
AT5G55000	-0.1695	-0.2562	0.1102
AT5G55040	0.0492	0.3464	0.0522
AT5G55050	-0.0596	0.4943	-0.106
AT5G55060	-0.2291	0.2059	0.1989
AT5G55070	-0.1218	0.5346	0.0052
AT5G55090	0.324	0.6966	-0.1099
AT5G55100	0.1429	-0.0012	0.4076
AT5G55120	-0.2863	-0.6008	0.3203
AT5G55125	-0.0223	0.0422	-0.0343
AT5G55130	-0.1266	-0.2196	0.2304
AT5G55140	0.0072	-0.0607	-0.0091
AT5G55160	-0.1111	-0.4379	0.0396
AT5G55180	-0.6488	-0.1743	0.1517
AT5G55190	0.0887	0.1607	0.1332
AT5G55200	-0.2865	0.4159	-0.0106
AT5G55210	0.0169	-0.0972	0.1587
AT5G55220	0.1629	0.4092	0.4665
AT5G55230	-0.2066	0.0518	0.1548
AT5G55250	-0.166	-0.7381	-1.0047
AT5G55260	-0.3183	0.3183	-0.0163
AT5G55280	-0.113	0.6216	0.2082
AT5G55290	-0.0216	-0.058	-0.0541
AT5G55300	0.2251	-0.4535	0.5981
AT5G55310	0.1522	-0.0503	0.3223
AT5G55340	0.1618	-0.3691	-0.0724
AT5G55380	-0.1082	0.229	0.018
AT5G55390	0.1772	0.0785	-0.1129
AT5G55400	-0.082	0.1497	0.2449
AT5G55470	0.7733	0.2563	0.1227
AT5G55480	-0.0022	0.2914	-0.1122
AT5G55490	0.0898	-0.0181	0.3681
AT5G55500	-0.2877	0.2594	0.0361
AT5G55510	0.1111	0.6409	-0.0947
AT5G55520	-0.5714	-1.2313	0.2787
AT5G55530	-0.0564	0.2125	0.0386
AT5G55540	-0.0138	-0.0207	0.185
AT5G55550	-0.1076	0.6647	0.1827
AT5G55560	-0.2569	0.1489	-0.0209
AT5G55580	-0.2701	-0.0108	-0.1009
AT5G55600	-0.0276	-0.0058	0.3759
AT5G55610	-0.099	0.7068	-0.0796
AT5G55620	-0.1295	-0.2223	0.8473
AT5G55630	-0.0003	0.5883	0.1445
AT5G55640	-0.4379	-0.6957	0.1339
AT5G55660	0.1597	0.5855	0.3818
AT5G55670	0.155	0.0484	0.1013
AT5G55680	-0.0968	-0.0901	-0.1932
AT5G55700	0.0125	-0.5201	0.2417
AT5G55710	-0.0833	-0.0635	-0.0137
AT5G55730	-0.1384	0.3712	0.0217
AT5G55760	0.0307	0.61	0.21
AT5G55790	-0.0617	0.1456	0.1843
AT5G55810	-0.2754	0.3949	0.2923
AT5G55820	-0.3676	-0.6415	0.5953
AT5G55830	-0.3455	0.042	-0.0455
AT5G55840	-0.1135	-0.2331	0.483
AT5G55850	-0.0559	0.4742	-0.2769
AT5G55860	-0.299	0.0976	-0.045
AT5G55900	0.0406	0.1141	0.2489
AT5G55910	-0.1475	0.0971	-0.1096
AT5G55920	0.0336	0.7768	0.4329
AT5G55940	-0.023	-0.1589	0.0684
AT5G55960	-0.5186	-0.7675	-0.1552
AT5G55970	-0.3257	-0.8122	-0.2766
AT5G55990	-0.3575	-0.3075	-0.0436
AT5G56000	0.1469	0.6592	-0.0955
AT5G56010	0.2813	1.089	-0.1585
AT5G56020	-0.1901	-0.1095	0.0118
AT5G56030	0.2154	0.9628	-0.1774
AT5G56040	0.1808	0.6595	-0.0255
AT5G56050	-0.1496	0.0743	-0.1896
AT5G56090	-0.3297	0.0111	-0.0613
AT5G56100	1.3466	-1.4717	-0.1117
AT5G56120	-0.5458	-0.7744	0.058
AT5G56130	-0.2349	0.4493	0.0078
AT5G56140	0.0513	0.1969	0.1273
AT5G56150	0.0798	0.6891	-0.0592
AT5G56160	-0.0378	0.703	0.0908
AT5G56170	-0.0193	0.6308	-0.1426
AT5G56180	-0.2062	0.2025	-0.0671
AT5G56190	-0.2649	0.156	0.0234
AT5G56210	-0.1554	-0.333	0.1379
AT5G56220	0.429	1.2562	0.3824
AT5G56230	0.1289	1.4254	-0.2211
AT5G56240	-0.0635	0.2777	-0.1317
AT5G56250	-0.2784	0.481	0.3255
AT5G56260	-0.2746	-0.353	0.2271
AT5G56270	-0.0429	0.5028	0.218
AT5G56280	-0.0164	0.4775	0.2299
AT5G56290	-0.0096	-0.3983	0.2148
AT5G56310	0.0094	-0.0257	0.2741
AT5G56320	0.3468	1.0574	0.4596
AT5G56340	-0.0965	0.5216	-0.1498
AT5G56350	-0.0036	1.0473	-0.1879
AT5G56360	0.0128	0.4463	0.3921
AT5G56420	0.1111	-0.0082	0.1107
AT5G56450	-0.4872	-0.4983	-0.0087
AT5G56460	-0.3743	0.1404	0.0939
AT5G56500	-0.1613	0.0381	0.2022
AT5G56520	0.2644	0.2346	0.2093
AT5G56530	-0.4991	-0.3869	0.2515
AT5G56540	0.0553	0.2231	-0.4343
AT5G56550	0.9698	-2.1624	0.6438
AT5G56580	-0.4463	-0.2477	0.1447
AT5G56590	-0.3133	-0.5462	0.3296
AT5G56600	-0.1042	0.1563	0.2759
AT5G56610	-0.2688	0.1329	-0.1009
AT5G56620	-0.1723	0.2014	0.1756
AT5G56630	-0.2162	0.0897	-0.0011
AT5G56650	-0.4612	0.0244	0.025
AT5G56660	-0.2045	0.0838	0.0498
AT5G56670	-0.0294	0.1385	-0.0276
AT5G56680	-0.0549	0.3198	0.0609
AT5G56710	-0.0222	0.2344	0.0519
AT5G56730	0.0701	0.1293	0.1285
AT5G56740	-0.3523	-0.2355	0.1782
AT5G56750	-0.4226	-1.2342	0.0239
AT5G56760	-0.2507	-0.012	0.001
AT5G56780	-0.337	-0.7478	-0.0434
AT5G56790	-0.1903	0.116	0.1868
AT5G56840	0.2031	-0.1974	0.3781
AT5G56860	-0.0007	-0.0872	-0.049
AT5G56870	0.0551	-0.6601	-0.189
AT5G56890	0.0099	0.6597	0.054
AT5G56900	0.0476	-0.1669	0.301
AT5G56910	0.2574	0.1163	0.1092
AT5G56930	-0.3738	-0.3504	0.0343
AT5G56940	-0.1061	0.1032	-0.0127
AT5G56950	-0.3313	0.2982	0.001
AT5G56980	-0.6531	0.391	-0.7857
AT5G57000	-0.3498	-0.0216	-0.0293
AT5G57015	-0.1455	0.2593	0.0916
AT5G57020	-0.0355	0.0391	0.0185
AT5G57030	-0.5713	-0.08	0.0852
AT5G57035	0.1007	0.0659	0.1543
AT5G57040	-0.1369	-0.1296	0.0197
AT5G57050	-0.0605	0.2788	0.214
AT5G57060	-0.146	0.2857	0.0073
AT5G57070	-0.3426	0.2147	-0.3173
AT5G57080	0.075	0.2468	0.0493
AT5G57090	0.3416	-0.0159	0.447
AT5G57100	-0.449	-0.3632	0.1638
AT5G57110	-0.1823	-0.6171	-0.186
AT5G57120	-0.1177	0.1086	0.3985
AT5G57123	0.3782	0.3161	0.3644
AT5G57130	-0.3158	-0.5135	0.0172
AT5G57140	-0.1661	-0.2545	0.5017
AT5G57150	-0.428	0.075	-0.0534
AT5G57160	0.0245	0.2383	0.2187
AT5G57170	0.1191	-0.2199	0.1559
AT5G57180	-0.7615	-0.2773	-0.6912
AT5G57190	0.4863	1.0673	-0.2067
AT5G57210	-0.2825	0.3498	0.1337
AT5G57220	0.2445	-0.2076	0.0854
AT5G57230	-0.1035	0.2002	0.0503
AT5G57250	-0.1208	-0.1624	0.1946
AT5G57270	-0.1797	0.2806	0.0606
AT5G57280	0.0384	0.3315	0.1274
AT5G57290	-0.0481	0.1492	-0.0721
AT5G57300	-0.0661	-0.1029	0.019
AT5G57330	-0.0663	0.447	0.2332
AT5G57340	0.5982	0.013	0.8184
AT5G57345	0.1048	0.4243	-0.2056
AT5G57350	-0.0879	-0.433	0.3711
AT5G57360	-0.0799	-0.4789	-0.1343
AT5G57370	-0.1046	-0.1663	0.0354
AT5G57390	0.5633	0.6185	-0.2199
AT5G57410	-0.2766	-0.3898	0.1625
AT5G57440	-0.2024	-0.1078	0.2762
AT5G57450	-0.1422	0.1298	0.1507
AT5G57460	-0.0454	0.3418	-0.0806
AT5G57480	-0.0347	0.7678	-0.3326
AT5G57490	-0.0694	-0.1784	0.0909
AT5G57560	0.251	-0.0052	0.6284
AT5G57565	-0.1253	0.3751	0.2424
AT5G57570	0.145	-0.0868	-0.022
AT5G57580	-0.0094	0.169	0.1227
AT5G57590	-0.0281	0.0136	0.2656
AT5G57610	0.1649	0.1027	0.0493
AT5G57620	-0.1789	0.4344	-0.0783
AT5G57630	-0.6287	-0.4107	0.0671
AT5G57655	-0.2209	-0.951	0.3249
AT5G57660	-0.7063	0.0183	-0.8053
AT5G57685	0.1285	0.8863	-0.0052
AT5G57700	0.0033	0.8406	0.1956
AT5G57710	0.322	0.1335	-0.0274
AT5G57740	-0.1487	0.4231	-0.1254
AT5G57760	1.3191	5.031	0.315
AT5G57770	0.4139	2.1408	0.3807
AT5G57780	-0.3065	0.5021	-0.0596
AT5G57785	-0.644	-1.6326	-0.9965
AT5G57790	0.3361	-0.4856	0.0815
AT5G57800	0.304	0.1049	-0.2877
AT5G57815	-0.2903	-0.4662	-0.171
AT5G57830	-0.3856	-0.5333	0.0785
AT5G57840	0.025	0.9047	0.0779
AT5G57850	-0.0466	0.3724	0.1269
AT5G57860	-0.2716	-0.1201	-0.0989
AT5G57870	0.0623	-0.039	0.0517
AT5G57880	-0.0535	0.4062	0.1088
AT5G57887	0.526	-0.2802	-0.1339
AT5G57890	-0.0687	-0.0009	0.2822
AT5G57900	0.0529	-0.2399	-0.1041
AT5G57910	0.265	0.7586	0.1675
AT5G57930	0.0776	-0.0324	0.1741
AT5G57940	-0.1753	0.3422	0.1072
AT5G57950	-0.0164	0.3055	0.0251
AT5G57960	-0.0193	0.0539	0.1485
AT5G57970	-0.1901	0.5678	0.1023
AT5G57990	0.2164	0.3967	0.269
AT5G58000	-0.4188	0.1666	0.3108
AT5G58003	-0.0446	0.3102	0.1711
AT5G58005	-0.0482	-0.0566	-0.054
AT5G58020	-0.1335	0.2073	-0.0756
AT5G58030	-0.1216	0.4294	-0.0491
AT5G58040	0.3315	-0.1024	0.3296
AT5G58060	-0.0308	0.4707	-0.068
AT5G58070	0.1809	0.9028	-0.5093
AT5G58090	-0.1381	-0.5243	0.029
AT5G58100	0.0297	0.2234	0.1253
AT5G58110	0.213	0.199	0.1381
AT5G58130	0.2079	-0.3644	0.3522
AT5G58140	0.2063	0.0895	-0.0916
AT5G58160	0.2056	0.28	0.0549
AT5G58190	-0.1316	0.1986	-0.0864
AT5G58200	-0.091	0.4077	0.1588
AT5G58210	0.0839	-0.1446	0.1489
AT5G58220	-0.0649	-0.2931	0.1248
AT5G58230	-0.114	0.3752	0.0071
AT5G58240	-0.16	0.0997	-0.0151
AT5G58250	0.0118	0.4113	-0.177
AT5G58270	-0.074	0.231	0.065
AT5G58280	0.1826	-0.2899	0.3152
AT5G58290	-0.1003	0.1423	0.0071
AT5G58300	-0.3049	0.0765	-0.071
AT5G58320	-0.0995	0.6627	-0.4042
AT5G58330	-0.0095	-0.0303	-0.4339
AT5G58340	0.0942	-0.5957	0.2032
AT5G58350	0.0398	-0.8489	-0.2517
AT5G58370	-0.1019	0.0293	0.3623
AT5G58375	-0.1605	-0.5457	-0.173
AT5G58380	-0.5013	-0.2449	0.1063
AT5G58410	0.3317	-0.0233	0.0435
AT5G58420	0.1403	0.3177	0.0445
AT5G58430	0.0396	0.3923	0.0813
AT5G58440	-0.1379	0.0777	0.1474
AT5G58450	-0.1237	0.0774	0.2496
AT5G58470	0.002	0.1436	0.0837
AT5G58480	-0.2444	-0.6009	0.3124
AT5G58490	-0.1645	0.0674	0.2125
AT5G58500	-0.388	-0.3653	0.1277
AT5G58510	0.2439	0.4941	0.0757
AT5G58520	-0.3876	-0.3141	0.2729
AT5G58530	0.1094	-0.0772	-0.0115
AT5G58540	0.2712	0.4409	-0.1036
AT5G58550	0.1243	0.249	0.0272
AT5G58560	-0.2181	0.1611	-0.0506
AT5G58570	-0.5597	-0.7936	-0.081
AT5G58575	-0.0887	-0.133	0.0412
AT5G58580	0.0651	-0.0494	-0.0088
AT5G58590	0.1113	0.4626	0.3231
AT5G58600	-0.0026	-0.0681	0.1192
AT5G58610	-0.2286	0.0729	0.4015
AT5G58620	-0.2746	0.5984	-0.2413
AT5G58640	-0.0597	-0.1	0.1027
AT5G58650	-0.0407	0.2896	-0.3552
AT5G58660	0.2466	0.6168	-0.1376
AT5G58670	-0.6414	-0.3526	0.1851
AT5G58690	0.0112	0.7633	0.1242
AT5G58700	-0.3495	0.0191	0.0199
AT5G58710	-0.172	0.2538	-0.0057
AT5G58720	0.2109	0.1156	0.0414
AT5G58730	-0.001	0.0492	-0.1405
AT5G58740	-0.0409	0.0355	-0.0181
AT5G58750	0.0432	-0.1577	-0.1032
AT5G58760	-0.1087	-0.0723	-0.1245
AT5G58770	-0.8384	-0.5167	-0.5927
AT5G58787	0.0876	0.1271	0.1952
AT5G58790	-0.1061	0.0835	0.2953
AT5G58800	-0.2653	-0.743	0.008
AT5G58840	-0.1916	-0.0487	-0.1615
AT5G58860	-0.7572	0.8575	0.1509
AT5G58870	-0.1441	0.1063	-0.0213
AT5G58900	0.5762	1.7505	-0.2236
AT5G58920	-0.1474	-0.376	0.073
AT5G58930	-0.232	0.2188	0.3699
AT5G58940	-0.146	0.2292	-0.0738
AT5G58950	0.0215	-0.3079	0.0427
AT5G58960	-0.0186	-0.2014	0.1812
AT5G58970	-0.1383	0.5102	0.0615
AT5G58980	-0.1737	0.7402	0.1558
AT5G58990	0.0104	0.2783	0.0666
AT5G59000	0.2776	0.9042	0.0598
AT5G59010	0.0216	0.5698	0.181
AT5G59020	-0.1591	-0.081	0.0109
AT5G59030	0.218	-0.7899	0.0934
AT5G59050	-0.3654	0.6559	-0.0692
AT5G59080	0.4428	-0.1236	0.3492
AT5G59090	0.1934	0.4128	-0.1447
AT5G59140	0.0055	-0.0002	0.0536
AT5G59150	0.1286	0.9109	-0.1315
AT5G59160	-0.0849	0.1835	-0.0513
AT5G59180	-0.0545	0.7759	-0.0853
AT5G59210	-0.2042	0.047	0.1501
AT5G59220	-0.0993	-1.0411	0.0517
AT5G59240	0.4211	0.6281	0.3309
AT5G59250	-0.2375	-0.2213	-0.0114
AT5G59290	-0.4229	0.2219	-0.0736
AT5G59300	-0.2213	0.1193	-0.0945
AT5G59320	1.3915	1.6836	-0.2
AT5G59350	-0.4507	-0.2646	0.2028
AT5G59380	-0.0156	-0.4572	0.2436
AT5G59400	0.317	-0.9362	0.0959
AT5G59410	-0.0863	0.1306	0.0
AT5G59420	-0.0228	0.3643	-0.077
AT5G59430	-0.0531	-0.0881	0.0245
AT5G59440	-0.1951	-0.6885	0.2607
AT5G59450	-0.0041	0.3727	0.2534
AT5G59460	-0.0538	0.1664	0.1138
AT5G59470	-0.5743	0.1067	-0.3029
AT5G59480	-0.4337	0.2694	0.0766
AT5G59500	0.0787	0.0483	-0.0313
AT5G59510	-0.3698	-1.1425	-0.1744
AT5G59540	0.2266	0.3915	0.5425
AT5G59550	-0.0496	0.2891	0.0619
AT5G59560	-0.1713	-0.1653	0.1508
AT5G59570	0.0927	-1.0067	0.3077
AT5G59590	0.5069	-0.5514	-0.5716
AT5G59610	-0.1898	0.1212	0.1461
AT5G59613	-0.3082	0.1027	-0.2994
AT5G59650	-0.1244	0.0711	0.2211
AT5G59662	-0.1427	-0.2692	0.1113
AT5G59690	-0.1503	-0.1479	-0.1964
AT5G59700	-0.3387	0.1248	-0.1293
AT5G59710	-0.1315	0.0565	0.1872
AT5G59720	-0.5095	0.3083	0.1057
AT5G59730	-0.3433	0.5762	0.9019
AT5G59732	-0.1274	-1.1758	-0.4942
AT5G59740	-0.0401	0.1369	0.2369
AT5G59750	-0.1021	0.0301	0.2605
AT5G59770	-0.0659	0.1026	0.1001
AT5G59780	0.3991	0.3742	0.3328
AT5G59790	0.0056	-0.1273	0.0048
AT5G59800	0.1849	0.4421	0.2475
AT5G59820	-0.0057	0.0705	-0.6592
AT5G59830	-0.173	-0.1568	0.3375
AT5G59840	0.0075	0.4002	0.0723
AT5G59850	-0.1094	0.4481	-0.1728
AT5G59870	-0.1283	0.1927	-0.069
AT5G59880	-0.2151	0.1561	-0.2738
AT5G59890	-0.3866	0.2224	-0.0435
AT5G59900	-0.0189	-0.2477	0.2572
AT5G59910	-0.1072	0.0422	-0.0386
AT5G59920	0.0464	0.6479	-0.1267
AT5G59950	0.0538	0.0853	0.0632
AT5G59960	-0.2534	-0.1658	-0.0737
AT5G59970	-0.1867	0.0892	-0.2017
AT5G59980	-0.2722	0.1148	0.3447
AT5G60020	-0.5857	0.1175	-0.1509
AT5G60030	-0.0694	0.3083	0.4318
AT5G60040	-0.0125	0.1463	0.2345
AT5G60050	0.3258	0.3873	-0.0463
AT5G60100	-0.4352	-0.912	0.5277
AT5G60120	0.2368	0.5688	-0.2272
AT5G60150	-0.051	-0.783	-0.0196
AT5G60160	-0.0889	-0.1968	0.2227
AT5G60170	0.0864	0.1985	0.0965
AT5G60190	0.0227	-0.2229	0.1904
AT5G60200	-0.0171	-0.3493	0.1795
AT5G60210	-0.1664	-0.3761	0.4898
AT5G60230	0.0069	-0.2058	0.2809
AT5G60270	0.3926	0.3362	-0.2591
AT5G60280	-0.1617	-0.329	0.1064
AT5G60300	-0.0472	0.4836	-0.1444
AT5G60335	-0.1941	0.0574	0.0499
AT5G60340	-0.1431	-0.3632	0.1649
AT5G60360	-0.3687	-0.3204	0.0125
AT5G60370	-0.1643	0.0853	0.3435
AT5G60390	-0.0113	0.4251	-0.0748
AT5G60400	0.0848	0.6834	0.0642
AT5G60410	0.1084	0.0177	0.0835
AT5G60430	-0.1237	-0.2734	0.28
AT5G60450	-0.1993	0.4709	0.0516
AT5G60460	0.2225	0.4819	-0.1334
AT5G60490	-0.1118	0.5411	-0.0866
AT5G60540	-0.0664	-0.6516	0.2383
AT5G60550	-0.0394	0.051	0.0206
AT5G60570	-0.2214	0.2472	0.0469
AT5G60580	-0.1217	-0.012	0.1612
AT5G60590	-0.0021	0.4253	0.1215
AT5G60600	0.0193	0.2132	0.0112
AT5G60620	-0.1854	-0.0945	-0.041
AT5G60640	0.0112	0.5254	0.3456
AT5G60670	-0.0895	0.1745	0.141
AT5G60680	0.2766	-0.8371	0.4432
AT5G60690	-0.0957	0.1639	0.016
AT5G60700	-0.2283	-0.2033	0.2177
AT5G60710	-0.0158	0.224	-0.0441
AT5G60730	-0.0852	0.2834	0.2082
AT5G60750	-0.19	-0.2331	-0.0132
AT5G60760	0.6108	0.3079	0.2377
AT5G60790	0.0008	-0.1223	-0.0562
AT5G60800	0.2401	0.5648	0.4157
AT5G60820	-0.2042	0.1543	0.0834
AT5G60840	-0.2202	0.6208	0.2783
AT5G60850	-0.9375	-0.296	-0.4516
AT5G60860	-0.1685	0.7503	-0.0657
AT5G60870	-0.1748	0.5708	0.2194
AT5G60890	-0.471	0.5602	0.3407
AT5G60920	-0.125	0.5963	-0.004
AT5G60930	-0.2961	-0.9458	0.3403
AT5G60940	-0.124	0.1559	0.2991
AT5G60950	-0.0369	-0.0799	0.0671
AT5G60960	-0.1516	0.0172	0.1996
AT5G60980	0.0062	0.0046	0.0372
AT5G60990	-0.0077	0.1272	0.0676
AT5G61000	-0.5213	-0.4539	0.2814
AT5G61010	-0.5783	-0.9984	-0.1783
AT5G61020	-0.1889	0.0146	0.107
AT5G61030	-0.1545	0.8854	0.1958
AT5G61040	-0.2592	0.0489	0.0662
AT5G61060	-0.2591	-0.4453	0.178
AT5G61130	0.0608	0.3555	0.0558
AT5G61140	0.349	0.0905	0.1342
AT5G61150	-0.0733	-0.1354	0.3769
AT5G61170	0.0288	0.3834	0.0044
AT5G61190	0.3134	0.2481	0.3858
AT5G61200	-0.3376	0.0748	0.3115
AT5G61210	-0.0774	0.2647	-0.0354
AT5G61220	-0.2247	0.3264	-0.0774
AT5G61230	-0.093	-0.0408	0.0388
AT5G61240	-0.0877	0.6877	0.1553
AT5G61250	-0.2109	0.0351	0.1901
AT5G61300	-0.1528	0.2524	0.1084
AT5G61310	-0.1466	-0.0249	0.0171
AT5G61330	0.1283	0.1325	0.2773
AT5G61340	-0.6043	0.1822	-0.237
AT5G61350	-0.5803	-1.1641	-0.0522
AT5G61360	-0.2399	-0.4526	0.0055
AT5G61370	-0.3264	-0.0531	0.1758
AT5G61380	-0.2538	-0.6807	0.0183
AT5G61390	0.4381	0.8008	-0.2432
AT5G61400	-0.022	0.2671	0.0062
AT5G61410	0.0747	-0.6738	-0.0025
AT5G61420	-0.5531	-0.2769	0.1875
AT5G61440	-0.0027	-0.8731	0.5283
AT5G61450	-0.2179	0.1977	0.2367
AT5G61460	0.0802	0.2132	0.344
AT5G61480	-0.6161	0.0376	0.0463
AT5G61500	-0.0788	0.2927	-0.0073
AT5G61510	-0.0654	0.2618	-0.1696
AT5G61530	-0.1785	-0.2462	0.1107
AT5G61540	-0.3487	0.184	-0.0032
AT5G61570	-0.0577	1.3878	0.0515
AT5G61580	-0.3369	-0.3058	0.3125
AT5G61590	1.7513	0.6562	1.0227
AT5G61600	0.5039	-0.0878	0.0238
AT5G61640	-0.2322	-0.1006	-0.3155
AT5G61650	0.0016	1.3265	-0.0869
AT5G61670	-0.1609	-0.0252	0.1277
AT5G61760	-0.1375	0.4629	-0.0834
AT5G61770	-0.09	0.4392	0.289
AT5G61780	0.1662	0.6242	0.0777
AT5G61790	-0.0446	0.524	0.0841
AT5G61800	-0.228	0.0763	0.2378
AT5G61810	-0.4857	-0.533	-0.0276
AT5G61820	-0.5084	-1.2216	-0.0876
AT5G61830	-0.2558	0.0454	0.0217
AT5G61840	-0.163	0.2505	-0.0804
AT5G61865	-0.1672	-0.1256	0.33
AT5G61880	0.0904	0.0688	0.3731
AT5G61900	0.0798	0.5216	-0.0531
AT5G61910	-0.0629	0.0014	0.0434
AT5G61920	0.1098	0.3971	0.1154
AT5G61930	0.1197	0.0593	0.2741
AT5G61950	-0.0162	0.1237	0.1337
AT5G61960	-0.1263	0.1921	-0.0114
AT5G61970	-0.0064	0.196	0.118
AT5G61980	0.0262	0.5325	-0.0438
AT5G61990	0.2791	-0.059	0.4138
AT5G62000	-0.0977	0.1627	0.2318
AT5G62020	-0.2358	0.4765	-0.4351
AT5G62030	0.0476	-0.1057	0.0606
AT5G62050	-0.2174	0.4126	0.1591
AT5G62070	-0.5814	0.2287	-0.2575
AT5G62090	0.0419	0.2275	0.1768
AT5G62100	-0.2141	0.1549	-0.1978
AT5G62130	-0.5728	-0.9711	-0.8075
AT5G62140	-0.3599	-0.2444	-0.3585
AT5G62170	0.0978	-0.5099	0.3361
AT5G62180	0.1289	0.5985	0.1624
AT5G62190	0.1633	-0.2734	0.3361
AT5G62200	-0.1943	-0.5674	-0.0148
AT5G62210	-0.5348	-0.2135	0.7369
AT5G62220	-0.4132	0.6498	-0.0945
AT5G62260	0.2353	0.6557	0.1085
AT5G62270	-0.1604	0.5078	0.2354
AT5G62280	0.7639	1.592	0.751
AT5G62290	-0.1307	0.3382	0.0863
AT5G62300	0.1397	0.1194	0.0101
AT5G62340	0.3397	0.0445	0.2593
AT5G62350	-0.5382	0.2765	0.0183
AT5G62360	-0.4539	-0.2327	-0.0202
AT5G62370	-0.2467	-0.0689	0.1961
AT5G62390	0.0771	0.6207	0.0871
AT5G62410	-0.1025	-0.3571	0.2871
AT5G62430	-0.9882	-0.8618	-0.7247
AT5G62440	-0.2196	0.27	-0.0017
AT5G62460	-0.1735	0.0397	-0.2006
AT5G62470	0.1248	0.0389	-0.0926
AT5G62480	-0.2216	0.3673	-0.4971
AT5G62500	-0.2525	0.6013	0.0948
AT5G62520	0.3507	0.6397	-0.0712
AT5G62530	-0.3534	-0.0393	0.1089
AT5G62540	-0.145	0.1156	0.0034
AT5G62550	-0.7927	-0.8428	0.2114
AT5G62560	-0.1796	0.172	-0.2415
AT5G62570	0.1075	0.0327	-0.0024
AT5G62575	-0.1504	-0.1429	-0.0998
AT5G62580	-0.1531	0.4304	0.2881
AT5G62600	0.1253	0.1973	0.1639
AT5G62610	0.1347	0.3053	0.2866
AT5G62620	0.1958	0.4356	0.3085
AT5G62630	-0.5088	0.3868	0.1464
AT5G62640	-0.0715	-0.1547	0.0211
AT5G62650	-0.1476	-0.0708	0.224
AT5G62670	-0.0512	-0.0603	0.2707
AT5G62680	-0.1672	1.1102	-0.1441
AT5G62690	-0.0121	0.0427	0.0609
AT5G62700	-0.114	0.1182	-0.012
AT5G62710	-0.7562	-0.3888	-0.0098
AT5G62720	-0.8444	-0.9086	-0.0651
AT5G62740	-0.3379	0.3612	-0.0158
AT5G62760	-0.0925	0.1933	0.2327
AT5G62770	-0.2008	0.1314	-0.1221
AT5G62790	-0.0883	0.4043	0.0198
AT5G62810	-0.0755	-0.2237	0.3379
AT5G62820	-0.2073	-0.091	-0.0581
AT5G62840	0.0324	0.2932	0.1481
AT5G62865	0.1772	0.6767	-0.2129
AT5G62880	-0.1147	0.3222	0.0717
AT5G62890	-0.2093	0.1516	0.1456
AT5G62900	-0.3432	-0.4632	-0.1269
AT5G62910	-0.0433	-0.3324	-0.0641
AT5G62920	-0.4766	1.9991	-0.3266
AT5G62930	-0.2547	-0.3798	0.2471
AT5G62940	-0.1797	0.3344	-0.0646
AT5G62950	-0.0785	0.2249	0.1519
AT5G62960	-0.4722	0.1487	0.2373
AT5G62980	-0.1946	-0.3386	-0.003
AT5G62990	-0.275	-0.1481	0.2437
AT5G63000	-0.0899	0.5908	0.0281
AT5G63010	-0.0568	-0.2319	0.07
AT5G63020	0.2822	-0.1237	-0.2517
AT5G63030	0.2625	-0.2763	-0.2796
AT5G63040	0.0388	-0.1698	0.3378
AT5G63050	0.0115	0.1422	0.0108
AT5G63060	0.1809	0.986	0.3082
AT5G63080	0.0147	0.5152	0.2952
AT5G63090	-0.0427	-0.3427	0.0111
AT5G63100	-0.3014	0.1373	0.0368
AT5G63110	-0.0582	0.285	0.1403
AT5G63120	-0.053	0.4126	-0.038
AT5G63130	0.2385	0.0396	-0.3234
AT5G63135	-0.2258	0.1531	0.0855
AT5G63140	0.317	0.0597	0.1078
AT5G63150	-0.0651	0.2172	0.0445
AT5G63160	-0.3372	-2.044	0.5776
AT5G63190	0.0154	-1.1196	-0.0002
AT5G63200	0.0679	-0.1409	0.0423
AT5G63220	-0.1782	0.3066	-0.0313
AT5G63260	0.0137	0.3483	0.2414
AT5G63280	-0.2597	-0.3342	0.1723
AT5G63290	-0.1611	0.3107	0.0039
AT5G63300	-0.0381	-0.2294	-0.0103
AT5G63310	-0.0475	0.2958	0.0099
AT5G63320	0.3203	0.298	0.4252
AT5G63370	0.0491	0.2312	0.0565
AT5G63380	-0.4162	0.1222	-0.146
AT5G63400	0.0595	0.0785	0.05
AT5G63410	-0.1352	0.5859	0.0038
AT5G63420	-0.0352	-0.0773	0.6658
AT5G63440	0.0825	0.7045	0.1299
AT5G63450	0.1337	-0.6106	-0.1057
AT5G63460	0.0645	0.1643	0.1356
AT5G63470	-0.1077	-0.2217	0.1642
AT5G63480	-0.2229	-0.3356	0.1062
AT5G63490	0.0639	0.3916	0.0136
AT5G63500	-0.1549	-0.0138	-0.3071
AT5G63510	-0.1268	-0.2644	-0.0308
AT5G63520	-0.1387	-0.1612	0.1453
AT5G63530	0.1712	0.754	0.6433
AT5G63540	-0.2565	-0.279	-0.1364
AT5G63550	-0.0166	0.351	0.4243
AT5G63560	-0.7728	-0.136	0.6511
AT5G63570	-0.2122	0.3587	-0.139
AT5G63590	-0.2698	0.2239	0.2587
AT5G63600	-0.4981	-1.1565	-0.234
AT5G63610	0.1121	0.1365	0.1121
AT5G63620	-0.1138	-0.1837	0.0027
AT5G63630	-0.0051	0.4854	-0.0087
AT5G63640	0.1237	0.2744	0.1768
AT5G63650	0.2744	0.9365	0.4569
AT5G63660	0.4972	0.5293	0.2273
AT5G63670	-0.036	-0.5323	0.075
AT5G63680	-0.2901	-0.0087	0.0506
AT5G63690	0.0776	-0.1711	0.4324
AT5G63700	-0.1334	0.0419	0.0497
AT5G63710	-0.2282	0.0899	0.3313
AT5G63760	-0.2257	-0.242	0.2285
AT5G63770	-0.0482	0.5479	0.1935
AT5G63780	-0.3438	-0.0907	0.0998
AT5G63790	-0.1964	-0.504	-0.0799
AT5G63800	-0.411	-0.9534	-0.0401
AT5G63810	-0.1617	-0.1627	0.3441
AT5G63830	-0.1528	-0.2923	0.0764
AT5G63840	0.0785	0.3015	0.1967
AT5G63850	0.4717	1.6216	-0.0734
AT5G63860	0.0899	-0.5145	-0.0066
AT5G63870	-0.2868	0.0692	0.2612
AT5G63880	-0.3421	0.0329	0.1
AT5G63890	-0.2631	0.1013	0.0516
AT5G63905	-0.1191	-0.0198	-0.11
AT5G63910	-0.209	-0.0348	0.0491
AT5G63920	-0.062	-0.0421	0.37
AT5G63930	-0.0542	0.1819	0.1762
AT5G63940	-0.3367	0.0598	0.0424
AT5G63950	-0.2071	-0.4757	0.2638
AT5G63960	0.0658	0.1923	0.3668
AT5G63970	-0.2356	-0.2398	0.094
AT5G63980	-0.372	0.3799	-0.1722
AT5G63990	-0.2566	0.4739	0.0634
AT5G64010	-0.0614	-0.2329	0.1837
AT5G64020	-0.176	0.1206	0.0934
AT5G64030	-0.0412	0.4259	0.2639
AT5G64040	-0.0752	0.2632	-0.1865
AT5G64050	-0.0977	0.2351	0.0047
AT5G64060	0.0687	0.4517	0.4354
AT5G64070	-0.0356	-0.007	-0.024
AT5G64080	-0.3039	0.8671	0.0852
AT5G64090	-0.3158	0.1283	-0.0871
AT5G64100	0.025	0.2609	-0.0996
AT5G64110	0.1774	0.8346	-0.0086
AT5G64120	0.2109	-0.1217	-0.2924
AT5G64130	0.04	0.3572	-0.0827
AT5G64140	-0.0183	0.1756	-0.1393
AT5G64150	0.0996	0.6456	0.0525
AT5G64160	-0.0001	0.2012	0.0305
AT5G64170	-1.046	-1.7379	-0.1697
AT5G64180	-0.2267	-0.5349	-0.0395
AT5G64200	0.0546	0.0075	0.092
AT5G64220	0.0775	0.2805	-0.0907
AT5G64230	0.113	0.1099	-0.1607
AT5G64240	-0.2681	-0.5433	0.0527
AT5G64250	0.0906	0.0751	0.0582
AT5G64260	-0.1969	-0.8647	-0.3297
AT5G64270	0.1662	-0.1681	0.0615
AT5G64280	-0.254	-0.8317	0.0875
AT5G64290	-0.1011	0.3588	-0.0004
AT5G64300	0.2386	0.4138	0.1991
AT5G64310	-0.1219	0.1038	-0.0082
AT5G64320	-0.1625	0.0841	0.1859
AT5G64330	0.3318	1.1824	0.0449
AT5G64340	-0.3558	0.2574	0.1716
AT5G64350	-0.0089	0.2816	-0.0484
AT5G64360	-0.1742	-0.1218	0.2092
AT5G64370	-0.2231	0.2668	-0.0316
AT5G64380	-0.1505	-0.5047	0.0188
AT5G64390	0.0301	-0.1088	0.1146
AT5G64400	-0.0871	0.0995	-0.0605
AT5G64410	-0.006	0.5177	-0.0723
AT5G64420	0.0168	-0.2113	0.1709
AT5G64430	-0.2115	0.2021	-0.0526
AT5G64440	-0.0058	0.7614	0.1712
AT5G64460	-0.2623	0.1094	-0.0124
AT5G64470	-0.0993	0.1512	0.0973
AT5G64480	-0.0358	0.1185	-0.1508
AT5G64500	-0.3664	-0.2139	-0.0725
AT5G64520	0.068	0.186	0.4798
AT5G64530	0.0714	0.5516	0.1057
AT5G64550	-0.4002	-0.2318	0.0932
AT5G64560	-0.1644	0.2956	0.1324
AT5G64570	-0.1621	0.3297	0.1288
AT5G64572	-0.3921	0.118	-0.2611
AT5G64580	-0.0322	0.3384	0.3232
AT5G64600	-0.1272	0.5384	0.2845
AT5G64610	0.1208	-0.0859	0.3396
AT5G64620	-0.0778	0.7304	-0.6402
AT5G64630	-0.3889	0.0265	0.2507
AT5G64640	-0.0975	0.4635	0.2401
AT5G64650	-0.0239	-0.1613	0.1382
AT5G64660	0.1742	0.9916	-0.0966
AT5G64670	-0.2008	0.2685	0.176
AT5G64680	-0.2018	0.2052	0.0664
AT5G64700	-0.9179	0.1489	-0.3736
AT5G64710	-0.232	0.6663	0.302
AT5G64730	0.1093	0.3197	0.1336
AT5G64740	0.0816	0.3026	-0.0763
AT5G64750	0.9759	1.5931	0.0239
AT5G64760	-0.2306	0.0098	0.3105
AT5G64780	0.0754	-0.1273	-0.1468
AT5G64813	-0.0531	0.1836	0.0846
AT5G64816	-0.3566	0.0486	-0.0376
AT5G64830	-0.1885	0.2361	0.1327
AT5G64840	0.0989	-0.6151	0.1808
AT5G64850	-0.4173	0.5338	-0.3428
AT5G64860	-0.1002	-0.1341	0.2887
AT5G64880	-0.2385	-0.3625	-0.0189
AT5G64900	-0.1102	0.5234	0.1104
AT5G64920	-0.066	-0.3658	0.2029
AT5G64930	-0.0972	-0.1758	-0.0239
AT5G64940	-0.5122	0.2197	-0.1197
AT5G64950	-0.2632	-0.3288	0.1675
AT5G64960	-0.056	0.1296	0.0894
AT5G64970	-0.3913	0.1646	-0.0063
AT5G64980	-0.3507	0.3452	0.4505
AT5G64990	-0.1479	0.401	0.4938
AT5G65000	-0.1091	0.0056	0.2221
AT5G65010	-0.3212	-0.0247	0.0364
AT5G65020	-0.2871	0.5268	-0.1197
AT5G65030	0.1973	0.7743	0.5875
AT5G65040	0.2941	0.591	0.1225
AT5G65050	-0.0583	0.3797	0.3202
AT5G65060	-0.182	0.2291	0.0593
AT5G65070	0.5312	0.0287	-0.0595
AT5G65110	0.2001	-0.2572	-0.1086
AT5G65120	-0.1955	-0.1306	0.1246
AT5G65140	0.3187	0.3477	0.6636
AT5G65160	-0.6079	-0.2131	-0.2501
AT5G65165	0.3429	0.2341	-0.3056
AT5G65170	0.166	0.058	0.158
AT5G65180	0.0768	-0.0771	0.3102
AT5G65200	0.0081	0.3053	-0.1935
AT5G65205	-0.204	0.046	0.0542
AT5G65207	0.3398	-1.3242	0.0805
AT5G65210	-0.0763	-0.1362	0.1702
AT5G65220	-0.228	-0.2266	0.0742
AT5G65230	-0.9106	-0.1296	-0.2176
AT5G65240	-0.1109	0.282	0.4467
AT5G65250	-0.3887	-0.0861	0.0703
AT5G65260	-0.1426	0.0264	-0.0696
AT5G65270	-0.0292	0.9489	0.0429
AT5G65280	0.193	-0.5194	0.2285
AT5G65290	-0.0537	0.0814	0.2004
AT5G65300	0.0291	0.6164	-0.1762
AT5G65310	-0.3566	0.6862	0.1612
AT5G65350	0.0004	0.3483	0.0293
AT5G65360	-0.0577	0.1684	0.0552
AT5G65380	-0.2315	-0.405	-0.1757
AT5G65390	0.2091	1.2662	-0.3877
AT5G65400	0.0185	0.3972	0.0223
AT5G65420	-0.2354	0.318	0.3022
AT5G65430	-0.0309	0.4616	-0.2921
AT5G65440	0.0327	0.4738	0.1613
AT5G65450	0.2622	0.9289	0.0046
AT5G65460	-0.2002	-0.2589	0.1206
AT5G65470	-0.4467	0.1552	0.0983
AT5G65480	-0.3574	-0.0761	-0.0707
AT5G65490	-0.2423	-0.1096	0.1812
AT5G65495	0.0201	0.0843	-0.3062
AT5G65510	0.0208	0.3164	-0.3932
AT5G65520	0.0373	-0.3542	-0.0001
AT5G65530	-0.3755	0.0352	-0.2992
AT5G65540	-0.118	0.0304	0.1385
AT5G65560	-0.0105	-0.1081	0.2243
AT5G65570	0.075	-0.2599	0.4913
AT5G65575	-0.0413	-0.1115	0.1342
AT5G65590	-0.373	-0.1232	0.2571
AT5G65620	0.1353	0.668	0.0904
AT5G65630	-0.3067	0.2024	-0.108
AT5G65640	-0.5019	0.4479	0.181
AT5G65650	-0.05	0.5568	0.1539
AT5G65660	-0.2192	-0.6575	0.0296
AT5G65670	-0.4549	0.282	0.0408
AT5G65683	-0.5504	-0.6144	-0.3312
AT5G65685	-0.3973	0.0508	0.2844
AT5G65687	-0.1379	0.2765	0.1684
AT5G65700	-0.4824	0.1031	-0.0263
AT5G65710	-0.3304	-0.3384	0.1251
AT5G65720	-0.0961	-0.1609	0.0669
AT5G65740	-0.1037	0.0042	0.3055
AT5G65750	0.565	0.5432	0.4624
AT5G65760	-0.2442	-0.1168	0.1365
AT5G65770	0.0203	-0.0655	0.1967
AT5G65780	-0.2418	0.1474	0.0776
AT5G65790	-0.8555	0.1876	-0.1268
AT5G65810	0.1037	1.0378	0.0242
AT5G65820	-0.0901	-0.3503	0.1343
AT5G65830	-0.1306	0.1433	-0.083
AT5G65840	-0.2391	0.2884	0.1063
AT5G65860	-0.0837	0.0779	0.1306
AT5G65870	-0.0939	-0.1067	-0.4884
AT5G65880	-0.1868	0.1529	-0.0509
AT5G65900	0.1556	0.9832	0.2185
AT5G65910	-0.1348	0.2949	0.129
AT5G65920	-0.0346	-0.0072	-0.0457
AT5G65925	0.3685	0.3281	-0.3084
AT5G65930	0.0973	0.2279	0.3647
AT5G65940	-0.0087	-0.2181	0.4541
AT5G65950	-0.0974	-0.2299	0.0625
AT5G65960	0.0832	-0.0378	0.1449
AT5G65970	-0.3007	0.6703	-0.0413
AT5G65990	-0.3249	-0.3695	-0.0774
AT5G66000	0.0395	0.036	0.2566
AT5G66005	0.0438	0.1619	0.3767
AT5G66010	0.048	0.0528	0.072
AT5G66030	0.0585	-0.1773	0.2707
AT5G66040	-0.2541	-0.4865	-0.1391
AT5G66050	0.2193	0.3159	0.3558
AT5G66052	-0.5133	-1.5579	-0.224
AT5G66055	-0.1096	-0.0674	0.2175
AT5G66060	-0.0061	0.416	0.202
AT5G66070	0.1142	0.4905	-0.1372
AT5G66080	0.4698	0.748	-0.4011
AT5G66090	0.1907	0.2629	-0.0445
AT5G66100	0.0525	0.6331	0.0083
AT5G66120	-0.1199	0.4615	0.0414
AT5G66130	0.0643	0.3759	0.238
AT5G66140	0.0566	0.2872	0.0678
AT5G66160	-0.2084	-0.348	0.122
AT5G66170	1.0778	0.2508	1.1029
AT5G66180	-0.198	-0.2507	0.2155
AT5G66190	0.0338	0.1561	-0.1494
AT5G66200	-0.1607	0.3443	-0.2063
AT5G66210	0.2346	0.5325	0.256
AT5G66230	-0.6141	-0.9424	0.0203
AT5G66240	-0.0565	-0.2429	0.045
AT5G66250	-0.2074	-0.2795	0.016
AT5G66270	0.0181	-0.2652	0.1573
AT5G66280	-0.241	0.9766	0.2426
AT5G66290	-0.312	-0.3788	0.0124
AT5G66300	-0.1325	0.0693	0.2165
AT5G66310	0.5904	1.2857	0.4008
AT5G66320	-0.2293	-0.209	0.1124
AT5G66330	-0.0233	0.3173	-0.1274
AT5G66350	0.0956	0.6837	-0.0392
AT5G66360	0.0446	-0.0448	0.328
AT5G66380	-0.1051	-0.205	0.2237
AT5G66390	-0.9575	0.4298	-0.8081
AT5G66410	-0.0469	0.2758	0.0643
AT5G66420	-0.1318	0.5247	-0.0315
AT5G66440	-0.048	0.7389	0.3526
AT5G66450	-0.0111	0.1169	0.1485
AT5G66460	-0.7156	-0.0454	0.6215
AT5G66470	-0.2356	0.2091	0.3765
AT5G66480	0.0028	-0.1171	0.215
AT5G66490	-0.0782	-0.4838	-0.4117
AT5G66500	-0.2625	-0.3416	0.0274
AT5G66510	-0.2904	0.0694	-0.0314
AT5G66530	-0.0867	0.2288	-0.0403
AT5G66540	0.0042	0.3033	0.3707
AT5G66550	-0.0712	-0.1747	0.1001
AT5G66558	0.197	0.8037	0.2489
AT5G66560	-0.1608	-0.1841	0.1149
AT5G66570	-0.2139	0.1991	-0.3971
AT5G66580	-0.2623	-0.9953	-0.1365
AT5G66590	0.0022	-0.4376	-0.0324
AT5G66600	-0.1727	-0.6302	0.224
AT5G66610	0.2897	0.6327	0.2508
AT5G66620	-0.1259	-0.965	-0.0593
AT5G66630	-0.4375	-0.8809	0.2592
AT5G66631	-0.0837	-0.4101	0.1814
AT5G66640	0.4812	0.5822	0.2943
AT5G66650	0.169	0.1498	0.3769
AT5G66658	-0.0229	-0.0646	0.1508
AT5G66675	-0.0959	0.3642	0.0149
AT5G66680	0.1052	0.4162	0.0611
AT5G66690	-0.1372	-0.002	-0.0407
AT5G66720	-0.0787	-0.1733	0.0188
AT5G66730	0.0765	-0.1882	0.0568
AT5G66740	-0.4966	-1.0796	-0.1843
AT5G66750	-0.2194	-0.3641	0.197
AT5G66760	-0.1265	0.3857	0.1218
AT5G66770	0.0812	0.5604	0.0836
AT5G66780	2.1639	0.3888	0.4904
AT5G66790	0.1181	0.1888	-0.1159
AT5G66800	-0.0264	0.1375	0.1634
AT5G66810	-0.1465	0.2765	0.0339
AT5G66820	-0.2005	-0.0513	0.0374
AT5G66840	-0.0451	-0.5993	0.5795
AT5G66850	-0.0445	0.3349	0.0597
AT5G66860	-0.009	0.6604	0.3013
AT5G66880	0.2655	-0.0913	0.182
AT5G66900	0.2568	0.3001	0.1959
AT5G66910	-0.1226	-0.2739	0.1278
AT5G66920	-0.1453	0.688	0.0547
AT5G66930	-0.0793	0.4186	0.1095
AT5G66950	-0.3118	0.256	-0.0968
AT5G66960	-0.0799	0.4609	0.4673
AT5G66985	-0.2441	0.6048	-0.4595
AT5G67020	0.0136	0.1117	0.2005
AT5G67030	0.0101	-0.159	-0.0111
AT5G67070	-0.0145	0.4102	0.0549
AT5G67080	0.4796	0.4464	-0.3412
AT5G67100	-0.1273	-0.3358	0.2069
AT5G67110	0.2845	0.0314	0.3749
AT5G67130	-0.1634	-0.2611	0.2424
AT5G67140	-0.335	-0.0373	-0.293
AT5G67150	-0.5961	-0.5253	0.0695
AT5G67160	-0.4365	-0.2178	-0.1556
AT5G67170	0.0886	0.3316	0.381
AT5G67190	0.0026	-1.3896	0.2416
AT5G67200	-0.1152	0.1204	0.0537
AT5G67210	-0.7299	0.1868	-0.5093
AT5G67220	-0.1308	-0.2556	0.1427
AT5G67230	-0.4518	-0.0499	-0.163
AT5G67240	0.0198	0.0056	0.5354
AT5G67245	-0.0991	-0.1021	-0.0156
AT5G67250	-0.0025	0.0311	0.0398
AT5G67260	-0.1886	-0.7506	0.2974
AT5G67270	-0.3291	-0.5055	0.1264
AT5G67280	-0.0091	0.4699	0.1086
AT5G67290	-0.1477	-0.4448	0.0387
AT5G67300	-0.553	0.4217	-0.8851
AT5G67320	0.1601	0.3109	0.3369
AT5G67330	-0.2343	0.4453	-0.0646
AT5G67340	-0.4276	-0.014	-0.2631
AT5G67350	-0.1925	0.1663	-0.1271
AT5G67360	-0.0075	-0.1597	0.0184
AT5G67370	-0.1503	1.3351	-0.4309
AT5G67380	-0.1489	-0.6548	0.2936
AT5G67385	-0.0623	-0.2253	-0.4222
AT5G67390	-0.0372	0.2795	0.2709
AT5G67420	-0.3292	-0.2226	-0.1617
AT5G67440	-0.0952	0.0842	0.1154
AT5G67450	0.4849	1.5361	-0.3211
AT5G67460	-0.4196	-0.0269	0.2695
AT5G67470	-0.221	0.784	0.1373
AT5G67480	0.0521	-0.1849	-0.0836
AT5G67488	-0.2821	-0.2757	-0.6908
AT5G67490	-0.1304	-0.3723	-0.0526
AT5G67500	-0.148	0.4534	-0.1505
AT5G67510	0.0104	-0.0537	0.0309
AT5G67520	1.006	1.1975	0.2936
AT5G67530	-0.0111	0.0508	0.2927
AT5G67540	0.1154	0.471	0.2603
AT5G67560	-0.1467	0.3493	-0.246
AT5G67570	0.0292	-0.5064	0.4053
AT5G67580	-0.291	-0.0081	0.0994
AT5G67590	0.0149	0.2389	-0.1314
AT5G67600	0.2352	0.3804	-0.2141
AT5G67610	-0.0317	-0.0114	0.0867
AT5G67630	-0.0386	-0.0356	0.1471
AT5G67640	-0.238	0.3194	0.2154
ATCG00020	0.3443	0.1306	-0.3504
ATCG00040	0.063	0.7544	0.2555
ATCG00120	0.1222	0.1672	0.0941
ATCG00130	0.3593	0.1714	0.0804
ATCG00140	0.3738	-0.0189	0.1198
ATCG00150	0.1889	0.5716	0.1701
ATCG00160	0.2539	0.9177	0.247
ATCG00170	0.15	0.3563	0.3321
ATCG00180	0.0803	-0.1973	0.3682
ATCG00190	0.0144	-0.0846	0.4009
ATCG00270	0.5493	1.9414	-0.3304
ATCG00280	0.3503	0.5743	-0.148
ATCG00340	0.0502	-0.0968	-0.2981
ATCG00350	-0.2859	-0.2041	-0.5773
ATCG00380	0.077	0.9262	0.185
ATCG00420	0.4464	1.2249	-0.103
ATCG00430	0.6488	2.1589	0.2054
ATCG00440	0.3494	1.7931	0.0564
ATCG00470	0.5774	2.4279	0.1025
ATCG00480	0.27	2.1901	0.0645
ATCG00490	0.0758	0.0271	-0.2031
ATCG00500	-0.2145	0.2338	-0.0256
ATCG00520	-0.1636	0.3335	0.1349
ATCG00530	-0.3271	-0.226	0.1585
ATCG00540	0.2588	0.4318	0.0853
ATCG00580	-0.2174	-0.1857	0.01
ATCG00640	0.1138	-0.2063	0.1773
ATCG00650	0.2667	1.1878	0.1779
ATCG00660	0.2297	0.1787	0.5877
ATCG00670	0.0655	0.2263	0.3652
ATCG00680	0.1569	0.183	-0.0106
ATCG00720	0.199	0.4312	-0.0074
ATCG00730	0.1894	0.5065	-0.004
ATCG00740	0.0569	1.6001	0.426
ATCG00750	0.2304	1.0524	0.2181
ATCG00770	0.221	1.2219	0.4358
ATCG00780	0.4135	1.6272	0.7329
ATCG00790	0.6231	2.2407	0.5085
ATCG00800	0.0327	2.0572	0.6716
ATCG00810	0.0875	1.4776	0.5576
ATCG00820	0.2241	1.0198	0.4504
ATCG00830	0.3246	1.3018	-0.1975
ATCG00840	0.1294	0.3035	-0.0069
ATCG00860	-0.1761	0.2112	0.0042
ATCG00890	0.6716	1.2637	0.1768
ATCG00900	0.6574	1.4856	0.2978
ATCG00905	0.615	1.0605	0.5666
ATCG00920	0.2751	-0.2969	0.3069
ATCG00950	0.4891	-0.2723	0.0362
ATCG01010	-0.188	0.9236	0.4181
ATCG01020	-0.0787	0.4372	0.1644
ATCG01040	-0.0078	0.5264	0.1185
ATCG01050	0.1118	0.5754	-0.0885
ATCG01070	0.2887	-0.0645	0.0229
ATCG01080	0.1881	0.2163	0.2596
ATCG01090	0.0486	0.9274	0.4264
ATCG01100	0.2158	0.6045	0.5146
ATCG01110	0.3258	1.404	0.5439
ATCG01120	0.1979	0.3059	0.4376
ATCG01130	-0.0686	2.4369	0.7002
ATCG01180	0.7912	0.8575	0.0687
ATCG01210	0.4067	0.3593	-0.145
ATCG01230	0.4698	1.1639	0.2166
ATCG01240	0.2517	1.833	0.0676
ATCG01250	0.299	0.0003	0.1013
ATCG01280	0.0674	0.2112	0.1108
ATCG01300	0.2801	0.3035	0.1941
ATCG01310	0.5765	5.1787	0.5037
ATMG00020	0.9254	0.985	-0.0222
ATMG00030	0.8644	0.0632	-0.009
ATMG00070	0.2313	-0.1099	0.0863
ATMG00080	0.2323	0.0201	0.2306
ATMG00090	0.2932	0.155	0.4202
ATMG00160	0.4139	0.7856	0.2525
ATMG00180	0.0953	0.149	0.2264
ATMG00410	-0.1965	-0.1746	0.1616
ATMG00510	0.1769	-0.0018	0.5145
ATMG00520	0.1812	-0.2929	0.0419
ATMG00560	0.4298	-0.1286	0.2511
ATMG00580	0.2093	-0.3263	-0.0203
ATMG00640	0.3786	0.5902	0.0142
ATMG00660	0.2888	-0.0409	0.0817
ATMG00670	0.0301	0.5286	0.0297
ATMG00690	0.3037	0.0061	0.181
ATMG00830	0.1276	0.4472	0.4689
ATMG00980	0.0552	0.2597	-0.1919
ATMG01190	0.0201	-0.1656	-0.1051
ATMG01200	-0.0649	0.1063	0.1035
ATMG01360	0.1222	-0.131	0.0509
ATMG01390	0.4295	0.3703	0.2707
