AT1G01190	30	0.0	1.3897763484196042	1.3221820129311121	0.09273452853067346	0.1104943321926546	0.3798565992576271	0.41389703308215414	0.5689580692537393	0.595917937992061
AT1G01250	26244	0.0	0.21607545690343966	0.010565404562498631	-0.22464648892186162	0.002731891259226455	0.2835222289192459	0.625251702634237	0.8878244866451313	1.633917065537418
AT1G01520	19683	0.0	-1.0387219112730177	-1.0621616810999395	-0.9289061755612138	-0.5295633010754416	-0.7502283584712464	-0.15485486904904386	-0.04614812337467676	0.16082988309852989
AT1G01580	19683	0.0	-1.0387219112730177	-1.0621616810999395	-0.9289061755612138	-0.5295633010754416	-0.7502283584712464	-0.15485486904904386	-0.04614812337467676	0.16082988309852989
AT1G02300	0	0.0	1.3897763484196042	1.3221820129311121	0.09273452853067346	0.1104943321926546	0.3798565992576271	1.232385077298978	1.5247457358309853	1.5044026379562263
AT1G02340	759	0.0	1.3897763484196042	1.3221820129311121	0.818598158246003	0.38292363633604143	0.14644874130229013	-0.19492128734677489	-0.17651081604460925	-0.12819709921791717
AT1G02390	27	0.0	1.3897763484196042	1.3221820129311121	0.09273452853067346	0.1104943321926546	0.3798565992576271	0.41389703308215414	0.5689580692537393	1.9352917614604255
AT1G02610	729	0.0	1.3897763484196042	1.3221820129311121	0.818598158246003	0.38292363633604143	0.14644874130229013	-1.0124924567358347	-1.0808788582463884	-0.49064077885350255
AT1G02640	8748	0.0	-0.34292832000393453	0.024290258313075293	0.6210054096607837	0.36506874117418187	-0.2284740429908892	-1.2226457855510948	-1.3729464147219157	-1.2912623233238143
AT1G02660	729	0.0	1.3897763484196042	1.3221820129311121	0.818598158246003	0.38292363633604143	0.14644874130229013	-1.0124924567358347	-1.0808788582463884	-0.49064077885350255
AT1G02730	6561	0.0	-0.34292832000393453	-0.4184869908192939	-0.8525228682079703	-1.9459290483004938	-1.9059577714096951	-1.097606792975272	0.31163998310793495	-0.011655202403997469
AT1G02820	30	0.0	1.3897763484196042	1.3221820129311121	0.09273452853067346	0.1104943321926546	0.3798565992576271	0.41389703308215414	0.5689580692537393	0.595917937992061
AT1G02850	8748	0.0	-0.34292832000393453	0.024290258313075293	0.6210054096607837	0.36506874117418187	-0.2284740429908892	-1.2226457855510948	-1.3729464147219157	-1.2912623233238143
AT1G02920	729	0.0	1.3897763484196042	1.3221820129311121	0.818598158246003	0.38292363633604143	0.14644874130229013	-1.0124924567358347	-1.0808788582463884	-0.49064077885350255
AT1G02930	756	0.0	1.3897763484196042	1.3221820129311121	0.818598158246003	0.38292363633604143	0.14644874130229013	-0.19492128734677489	-0.17651081604460925	1.1105473984938241
AT1G03090	8748	0.0	-0.34292832000393453	0.024290258313075293	0.6210054096607837	0.36506874117418187	-0.2284740429908892	-1.2226457855510948	-1.3729464147219157	-1.2912623233238143
AT1G03610	759	0.0	1.3897763484196042	1.3221820129311121	0.818598158246003	0.38292363633604143	0.14644874130229013	-0.19492128734677489	-0.17651081604460925	-0.12819709921791717
AT1G03700	27	0.0	1.3897763484196042	1.3221820129311121	0.09273452853067346	0.1104943321926546	0.3798565992576271	0.41389703308215414	0.5689580692537393	1.9352917614604255
AT1G03780	6561	0.0	-0.34292832000393453	-0.4184869908192939	-0.8525228682079703	-1.9459290483004938	-1.9059577714096951	-1.097606792975272	0.31163998310793495	-0.011655202403997469
AT1G03820	26244	0.0	0.21607545690343966	0.010565404562498631	-0.22464648892186162	0.002731891259226455	0.2835222289192459	0.625251702634237	0.8878244866451313	1.633917065537418
AT1G04077	26244	0.0	0.21607545690343966	0.010565404562498631	-0.22464648892186162	0.002731891259226455	0.2835222289192459	0.625251702634237	0.8878244866451313	1.633917065537418
AT1G04220	30	0.0	1.3897763484196042	1.3221820129311121	0.09273452853067346	0.1104943321926546	0.3798565992576271	0.41389703308215414	0.5689580692537393	0.595917937992061
AT1G04680	27	0.0	1.3897763484196042	1.3221820129311121	0.09273452853067346	0.1104943321926546	0.3798565992576271	0.41389703308215414	0.5689580692537393	1.9352917614604255
AT1G04770	13122	0.0	1.496113858851713	1.3937937019293964	0.21474280098760976	0.1649349967136464	0.6201960005355599	1.0285985086345724	1.212211500432892	1.2389501871063449
AT1G04980	30	0.0	1.3897763484196042	1.3221820129311121	0.09273452853067346	0.1104943321926546	0.3798565992576271	0.41389703308215414	0.5689580692537393	0.595917937992061
AT1G05250	19710	0.0	-1.0387219112730177	-1.0621616810999395	-0.9289061755612138	-0.5295633010754416	-0.7502283584712464	-1.3495831768109354	-1.4262542243832768	-1.3466996965183782
AT1G05440	6561	0.0	-0.34292832000393453	-0.4184869908192939	-0.8525228682079703	-1.9459290483004938	-1.9059577714096951	-1.097606792975272	0.31163998310793495	-0.011655202403997469
AT1G05490	26244	0.0	0.21607545690343966	0.010565404562498631	-0.22464648892186162	0.002731891259226455	0.2835222289192459	0.625251702634237	0.8878244866451313	1.633917065537418
AT1G05570	19710	0.0	-1.0387219112730177	-1.0621616810999395	-0.9289061755612138	-0.5295633010754416	-0.7502283584712464	-1.3495831768109354	-1.4262542243832768	-1.3466996965183782
AT1G05650	759	0.0	1.3897763484196042	1.3221820129311121	0.818598158246003	0.38292363633604143	0.14644874130229013	-0.19492128734677489	-0.17651081604460925	-0.12819709921791717
AT1G05700	756	0.0	1.3897763484196042	1.3221820129311121	0.818598158246003	0.38292363633604143	0.14644874130229013	-0.19492128734677489	-0.17651081604460925	1.1105473984938241
AT1G05927	19710	0.0	-1.0387219112730177	-1.0621616810999395	-0.9289061755612138	-0.5295633010754416	-0.7502283584712464	-1.3495831768109354	-1.4262542243832768	-1.3466996965183782
AT1G06002	0	0.0	1.3897763484196042	1.3221820129311121	0.09273452853067346	0.1104943321926546	0.3798565992576271	1.232385077298978	1.5247457358309853	1.5044026379562263
AT1G06100	26244	0.0	0.21607545690343966	0.010565404562498631	-0.22464648892186162	0.002731891259226455	0.2835222289192459	0.625251702634237	0.8878244866451313	1.633917065537418
AT1G06160	19710	0.0	-1.0387219112730177	-1.0621616810999395	-0.9289061755612138	-0.5295633010754416	-0.7502283584712464	-1.3495831768109354	-1.4262542243832768	-1.3466996965183782
AT1G06350	0	0.0	1.3897763484196042	1.3221820129311121	0.09273452853067346	0.1104943321926546	0.3798565992576271	1.232385077298978	1.5247457358309853	1.5044026379562263
AT1G06540	0	0.0	1.3897763484196042	1.3221820129311121	0.09273452853067346	0.1104943321926546	0.3798565992576271	1.232385077298978	1.5247457358309853	1.5044026379562263
AT1G06570	8748	0.0	-0.34292832000393453	0.024290258313075293	0.6210054096607837	0.36506874117418187	-0.2284740429908892	-1.2226457855510948	-1.3729464147219157	-1.2912623233238143
AT1G06830	19683	0.0	-1.0387219112730177	-1.0621616810999395	-0.9289061755612138	-0.5295633010754416	-0.7502283584712464	-0.15485486904904386	-0.04614812337467676	0.16082988309852989
AT1G06980	26244	0.0	0.21607545690343966	0.010565404562498631	-0.22464648892186162	0.002731891259226455	0.2835222289192459	0.625251702634237	0.8878244866451313	1.633917065537418
AT1G07050	26244	0.0	0.21607545690343966	0.010565404562498631	-0.22464648892186162	0.002731891259226455	0.2835222289192459	0.625251702634237	0.8878244866451313	1.633917065537418
AT1G07135	729	0.0	1.3897763484196042	1.3221820129311121	0.818598158246003	0.38292363633604143	0.14644874130229013	-1.0124924567358347	-1.0808788582463884	-0.49064077885350255
AT1G07187	19710	0.0	-1.0387219112730177	-1.0621616810999395	-0.9289061755612138	-0.5295633010754416	-0.7502283584712464	-1.3495831768109354	-1.4262542243832768	-1.3466996965183782
AT1G07350	759	0.0	1.3897763484196042	1.3221820129311121	0.818598158246003	0.38292363633604143	0.14644874130229013	-0.19492128734677489	-0.17651081604460925	-0.12819709921791717
AT1G07400	759	0.0	1.3897763484196042	1.3221820129311121	0.818598158246003	0.38292363633604143	0.14644874130229013	-0.19492128734677489	-0.17651081604460925	-0.12819709921791717
AT1G07520	729	0.0	1.3897763484196042	1.3221820129311121	0.818598158246003	0.38292363633604143	0.14644874130229013	-1.0124924567358347	-1.0808788582463884	-0.49064077885350255
AT1G07725	8748	0.0	-0.34292832000393453	0.024290258313075293	0.6210054096607837	0.36506874117418187	-0.2284740429908892	-1.2226457855510948	-1.3729464147219157	-1.2912623233238143
AT1G08037	8748	0.0	-0.34292832000393453	0.024290258313075293	0.6210054096607837	0.36506874117418187	-0.2284740429908892	-1.2226457855510948	-1.3729464147219157	-1.2912623233238143
AT1G08043	0	0.0	1.3897763484196042	1.3221820129311121	0.09273452853067346	0.1104943321926546	0.3798565992576271	1.232385077298978	1.5247457358309853	1.5044026379562263
AT1G08090	0	0.0	1.3897763484196042	1.3221820129311121	0.09273452853067346	0.1104943321926546	0.3798565992576271	1.232385077298978	1.5247457358309853	1.5044026379562263
AT1G08250	19683	0.0	-1.0387219112730177	-1.0621616810999395	-0.9289061755612138	-0.5295633010754416	-0.7502283584712464	-0.15485486904904386	-0.04614812337467676	0.16082988309852989
AT1G08300	19710	0.0	-1.0387219112730177	-1.0621616810999395	-0.9289061755612138	-0.5295633010754416	-0.7502283584712464	-1.3495831768109354	-1.4262542243832768	-1.3466996965183782
AT1G08477	26244	0.0	0.21607545690343966	0.010565404562498631	-0.22464648892186162	0.002731891259226455	0.2835222289192459	0.625251702634237	0.8878244866451313	1.633917065537418
AT1G08560	6561	0.0	-0.34292832000393453	-0.4184869908192939	-0.8525228682079703	-1.9459290483004938	-1.9059577714096951	-1.097606792975272	0.31163998310793495	-0.011655202403997469
AT1G08592	8748	0.0	-0.34292832000393453	0.024290258313075293	0.6210054096607837	0.36506874117418187	-0.2284740429908892	-1.2226457855510948	-1.3729464147219157	-1.2912623233238143
AT1G08630	8748	0.0	-0.34292832000393453	0.024290258313075293	0.6210054096607837	0.36506874117418187	-0.2284740429908892	-1.2226457855510948	-1.3729464147219157	-1.2912623233238143
AT1G08657	27	0.0	1.3897763484196042	1.3221820129311121	0.09273452853067346	0.1104943321926546	0.3798565992576271	0.41389703308215414	0.5689580692537393	1.9352917614604255
AT1G08890	30	0.0	1.3897763484196042	1.3221820129311121	0.09273452853067346	0.1104943321926546	0.3798565992576271	0.41389703308215414	0.5689580692537393	0.595917937992061
AT1G08920	30	0.0	1.3897763484196042	1.3221820129311121	0.09273452853067346	0.1104943321926546	0.3798565992576271	0.41389703308215414	0.5689580692537393	0.595917937992061
AT1G08930	8748	0.0	-0.34292832000393453	0.024290258313075293	0.6210054096607837	0.36506874117418187	-0.2284740429908892	-1.2226457855510948	-1.3729464147219157	-1.2912623233238143
AT1G09070	759	0.0	1.3897763484196042	1.3221820129311121	0.818598158246003	0.38292363633604143	0.14644874130229013	-0.19492128734677489	-0.17651081604460925	-0.12819709921791717
AT1G09310	0	0.0	1.3897763484196042	1.3221820129311121	0.09273452853067346	0.1104943321926546	0.3798565992576271	1.232385077298978	1.5247457358309853	1.5044026379562263
AT1G09500	8748	0.0	-0.34292832000393453	0.024290258313075293	0.6210054096607837	0.36506874117418187	-0.2284740429908892	-1.2226457855510948	-1.3729464147219157	-1.2912623233238143
AT1G09927	13122	0.0	1.496113858851713	1.3937937019293964	0.21474280098760976	0.1649349967136464	0.6201960005355599	1.0285985086345724	1.212211500432892	1.2389501871063449
AT1G09932	26244	0.0	0.21607545690343966	0.010565404562498631	-0.22464648892186162	0.002731891259226455	0.2835222289192459	0.625251702634237	0.8878244866451313	1.633917065537418
AT1G09995	19710	0.0	-1.0387219112730177	-1.0621616810999395	-0.9289061755612138	-0.5295633010754416	-0.7502283584712464	-1.3495831768109354	-1.4262542243832768	-1.3466996965183782
AT1G10070	8748	0.0	-0.34292832000393453	0.024290258313075293	0.6210054096607837	0.36506874117418187	-0.2284740429908892	-1.2226457855510948	-1.3729464147219157	-1.2912623233238143
AT1G10340	756	0.0	1.3897763484196042	1.3221820129311121	0.818598158246003	0.38292363633604143	0.14644874130229013	-0.19492128734677489	-0.17651081604460925	1.1105473984938241
AT1G10370	13122	0.0	1.496113858851713	1.3937937019293964	0.21474280098760976	0.1649349967136464	0.6201960005355599	1.0285985086345724	1.212211500432892	1.2389501871063449
AT1G10640	26244	0.0	0.21607545690343966	0.010565404562498631	-0.22464648892186162	0.002731891259226455	0.2835222289192459	0.625251702634237	0.8878244866451313	1.633917065537418
AT1G11080	19683	0.0	-1.0387219112730177	-1.0621616810999395	-0.9289061755612138	-0.5295633010754416	-0.7502283584712464	-0.15485486904904386	-0.04614812337467676	0.16082988309852989
AT1G11185	8748	0.0	-0.34292832000393453	0.024290258313075293	0.6210054096607837	0.36506874117418187	-0.2284740429908892	-1.2226457855510948	-1.3729464147219157	-1.2912623233238143
AT1G11220	6561	0.0	-0.34292832000393453	-0.4184869908192939	-0.8525228682079703	-1.9459290483004938	-1.9059577714096951	-1.097606792975272	0.31163998310793495	-0.011655202403997469
AT1G11260	8748	0.0	-0.34292832000393453	0.024290258313075293	0.6210054096607837	0.36506874117418187	-0.2284740429908892	-1.2226457855510948	-1.3729464147219157	-1.2912623233238143
AT1G11700	26244	0.0	0.21607545690343966	0.010565404562498631	-0.22464648892186162	0.002731891259226455	0.2835222289192459	0.625251702634237	0.8878244866451313	1.633917065537418
AT1G12010	19710	0.0	-1.0387219112730177	-1.0621616810999395	-0.9289061755612138	-0.5295633010754416	-0.7502283584712464	-1.3495831768109354	-1.4262542243832768	-1.3466996965183782
AT1G12040	19710	0.0	-1.0387219112730177	-1.0621616810999395	-0.9289061755612138	-0.5295633010754416	-0.7502283584712464	-1.3495831768109354	-1.4262542243832768	-1.3466996965183782
AT1G12080	26244	0.0	0.21607545690343966	0.010565404562498631	-0.22464648892186162	0.002731891259226455	0.2835222289192459	0.625251702634237	0.8878244866451313	1.633917065537418
AT1G12160	19683	0.0	-1.0387219112730177	-1.0621616810999395	-0.9289061755612138	-0.5295633010754416	-0.7502283584712464	-0.15485486904904386	-0.04614812337467676	0.16082988309852989
AT1G12210	8748	0.0	-0.34292832000393453	0.024290258313075293	0.6210054096607837	0.36506874117418187	-0.2284740429908892	-1.2226457855510948	-1.3729464147219157	-1.2912623233238143
AT1G12220	19710	0.0	-1.0387219112730177	-1.0621616810999395	-0.9289061755612138	-0.5295633010754416	-0.7502283584712464	-1.3495831768109354	-1.4262542243832768	-1.3466996965183782
AT1G12780	8748	0.0	-0.34292832000393453	0.024290258313075293	0.6210054096607837	0.36506874117418187	-0.2284740429908892	-1.2226457855510948	-1.3729464147219157	-1.2912623233238143
AT1G12950	30	0.0	1.3897763484196042	1.3221820129311121	0.09273452853067346	0.1104943321926546	0.3798565992576271	0.41389703308215414	0.5689580692537393	0.595917937992061
AT1G13245	8748	0.0	-0.34292832000393453	0.024290258313075293	0.6210054096607837	0.36506874117418187	-0.2284740429908892	-1.2226457855510948	-1.3729464147219157	-1.2912623233238143
AT1G13260	729	0.0	1.3897763484196042	1.3221820129311121	0.818598158246003	0.38292363633604143	0.14644874130229013	-1.0124924567358347	-1.0808788582463884	-0.49064077885350255
AT1G13330	26244	0.0	0.21607545690343966	0.010565404562498631	-0.22464648892186162	0.002731891259226455	0.2835222289192459	0.625251702634237	0.8878244866451313	1.633917065537418
AT1G13520	759	0.0	1.3897763484196042	1.3221820129311121	0.818598158246003	0.38292363633604143	0.14644874130229013	-0.19492128734677489	-0.17651081604460925	-0.12819709921791717
AT1G13609	19683	0.0	-1.0387219112730177	-1.0621616810999395	-0.9289061755612138	-0.5295633010754416	-0.7502283584712464	-0.15485486904904386	-0.04614812337467676	0.16082988309852989
AT1G13650	13122	0.0	1.496113858851713	1.3937937019293964	0.21474280098760976	0.1649349967136464	0.6201960005355599	1.0285985086345724	1.212211500432892	1.2389501871063449
AT1G13700	759	0.0	1.3897763484196042	1.3221820129311121	0.818598158246003	0.38292363633604143	0.14644874130229013	-0.19492128734677489	-0.17651081604460925	-0.12819709921791717
AT1G13930	0	0.0	1.3897763484196042	1.3221820129311121	0.09273452853067346	0.1104943321926546	0.3798565992576271	1.232385077298978	1.5247457358309853	1.5044026379562263
AT1G14200	759	0.0	1.3897763484196042	1.3221820129311121	0.818598158246003	0.38292363633604143	0.14644874130229013	-0.19492128734677489	-0.17651081604460925	-0.12819709921791717
AT1G14250	19710	0.0	-1.0387219112730177	-1.0621616810999395	-0.9289061755612138	-0.5295633010754416	-0.7502283584712464	-1.3495831768109354	-1.4262542243832768	-1.3466996965183782
AT1G14360	30	0.0	1.3897763484196042	1.3221820129311121	0.09273452853067346	0.1104943321926546	0.3798565992576271	0.41389703308215414	0.5689580692537393	0.595917937992061
AT1G14540	729	0.0	1.3897763484196042	1.3221820129311121	0.818598158246003	0.38292363633604143	0.14644874130229013	-1.0124924567358347	-1.0808788582463884	-0.49064077885350255
AT1G14630	26244	0.0	0.21607545690343966	0.010565404562498631	-0.22464648892186162	0.002731891259226455	0.2835222289192459	0.625251702634237	0.8878244866451313	1.633917065537418
AT1G14700	0	0.0	1.3897763484196042	1.3221820129311121	0.09273452853067346	0.1104943321926546	0.3798565992576271	1.232385077298978	1.5247457358309853	1.5044026379562263
AT1G14780	759	0.0	1.3897763484196042	1.3221820129311121	0.818598158246003	0.38292363633604143	0.14644874130229013	-0.19492128734677489	-0.17651081604460925	-0.12819709921791717
AT1G14870	8748	0.0	-0.34292832000393453	0.024290258313075293	0.6210054096607837	0.36506874117418187	-0.2284740429908892	-1.2226457855510948	-1.3729464147219157	-1.2912623233238143
AT1G15002	0	0.0	1.3897763484196042	1.3221820129311121	0.09273452853067346	0.1104943321926546	0.3798565992576271	1.232385077298978	1.5247457358309853	1.5044026379562263
AT1G15040	13122	0.0	1.496113858851713	1.3937937019293964	0.21474280098760976	0.1649349967136464	0.6201960005355599	1.0285985086345724	1.212211500432892	1.2389501871063449
AT1G15125	13122	0.0	1.496113858851713	1.3937937019293964	0.21474280098760976	0.1649349967136464	0.6201960005355599	1.0285985086345724	1.212211500432892	1.2389501871063449
AT1G15180	19710	0.0	-1.0387219112730177	-1.0621616810999395	-0.9289061755612138	-0.5295633010754416	-0.7502283584712464	-1.3495831768109354	-1.4262542243832768	-1.3466996965183782
AT1G15330	8748	0.0	-0.34292832000393453	0.024290258313075293	0.6210054096607837	0.36506874117418187	-0.2284740429908892	-1.2226457855510948	-1.3729464147219157	-1.2912623233238143
AT1G15380	19710	0.0	-1.0387219112730177	-1.0621616810999395	-0.9289061755612138	-0.5295633010754416	-0.7502283584712464	-1.3495831768109354	-1.4262542243832768	-1.3466996965183782
AT1G15580	26244	0.0	0.21607545690343966	0.010565404562498631	-0.22464648892186162	0.002731891259226455	0.2835222289192459	0.625251702634237	0.8878244866451313	1.633917065537418
AT1G15960	19710	0.0	-1.0387219112730177	-1.0621616810999395	-0.9289061755612138	-0.5295633010754416	-0.7502283584712464	-1.3495831768109354	-1.4262542243832768	-1.3466996965183782
AT1G16030	759	0.0	1.3897763484196042	1.3221820129311121	0.818598158246003	0.38292363633604143	0.14644874130229013	-0.19492128734677489	-0.17651081604460925	-0.12819709921791717
AT1G16110	759	0.0	1.3897763484196042	1.3221820129311121	0.818598158246003	0.38292363633604143	0.14644874130229013	-0.19492128734677489	-0.17651081604460925	-0.12819709921791717
AT1G16130	759	0.0	1.3897763484196042	1.3221820129311121	0.818598158246003	0.38292363633604143	0.14644874130229013	-0.19492128734677489	-0.17651081604460925	-0.12819709921791717
AT1G16150	759	0.0	1.3897763484196042	1.3221820129311121	0.818598158246003	0.38292363633604143	0.14644874130229013	-0.19492128734677489	-0.17651081604460925	-0.12819709921791717
AT1G16330	6561	0.0	-0.34292832000393453	-0.4184869908192939	-0.8525228682079703	-1.9459290483004938	-1.9059577714096951	-1.097606792975272	0.31163998310793495	-0.011655202403997469
AT1G16370	759	0.0	1.3897763484196042	1.3221820129311121	0.818598158246003	0.38292363633604143	0.14644874130229013	-0.19492128734677489	-0.17651081604460925	-0.12819709921791717
AT1G16400	19683	0.0	-1.0387219112730177	-1.0621616810999395	-0.9289061755612138	-0.5295633010754416	-0.7502283584712464	-0.15485486904904386	-0.04614812337467676	0.16082988309852989
AT1G16410	13122	0.0	1.496113858851713	1.3937937019293964	0.21474280098760976	0.1649349967136464	0.6201960005355599	1.0285985086345724	1.212211500432892	1.2389501871063449
AT1G16630	6561	0.0	-0.34292832000393453	-0.4184869908192939	-0.8525228682079703	-1.9459290483004938	-1.9059577714096951	-1.097606792975272	0.31163998310793495	-0.011655202403997469
AT1G16850	0	0.0	1.3897763484196042	1.3221820129311121	0.09273452853067346	0.1104943321926546	0.3798565992576271	1.232385077298978	1.5247457358309853	1.5044026379562263
AT1G17170	13122	0.0	1.496113858851713	1.3937937019293964	0.21474280098760976	0.1649349967136464	0.6201960005355599	1.0285985086345724	1.212211500432892	1.2389501871063449
AT1G17180	26244	0.0	0.21607545690343966	0.010565404562498631	-0.22464648892186162	0.002731891259226455	0.2835222289192459	0.625251702634237	0.8878244866451313	1.633917065537418
AT1G17745	26244	0.0	0.21607545690343966	0.010565404562498631	-0.22464648892186162	0.002731891259226455	0.2835222289192459	0.625251702634237	0.8878244866451313	1.633917065537418
AT1G17820	13122	0.0	1.496113858851713	1.3937937019293964	0.21474280098760976	0.1649349967136464	0.6201960005355599	1.0285985086345724	1.212211500432892	1.2389501871063449
AT1G18000	13122	0.0	1.496113858851713	1.3937937019293964	0.21474280098760976	0.1649349967136464	0.6201960005355599	1.0285985086345724	1.212211500432892	1.2389501871063449
AT1G18020	8748	0.0	-0.34292832000393453	0.024290258313075293	0.6210054096607837	0.36506874117418187	-0.2284740429908892	-1.2226457855510948	-1.3729464147219157	-1.2912623233238143
AT1G18270	8748	0.0	-0.34292832000393453	0.024290258313075293	0.6210054096607837	0.36506874117418187	-0.2284740429908892	-1.2226457855510948	-1.3729464147219157	-1.2912623233238143
AT1G18370	6561	0.0	-0.34292832000393453	-0.4184869908192939	-0.8525228682079703	-1.9459290483004938	-1.9059577714096951	-1.097606792975272	0.31163998310793495	-0.011655202403997469
AT1G18570	729	0.0	1.3897763484196042	1.3221820129311121	0.818598158246003	0.38292363633604143	0.14644874130229013	-1.0124924567358347	-1.0808788582463884	-0.49064077885350255
AT1G18590	26244	0.0	0.21607545690343966	0.010565404562498631	-0.22464648892186162	0.002731891259226455	0.2835222289192459	0.625251702634237	0.8878244866451313	1.633917065537418
AT1G18870	0	0.0	1.3897763484196042	1.3221820129311121	0.09273452853067346	0.1104943321926546	0.3798565992576271	1.232385077298978	1.5247457358309853	1.5044026379562263
AT1G19020	729	0.0	1.3897763484196042	1.3221820129311121	0.818598158246003	0.38292363633604143	0.14644874130229013	-1.0124924567358347	-1.0808788582463884	-0.49064077885350255
AT1G19050	19683	0.0	-1.0387219112730177	-1.0621616810999395	-0.9289061755612138	-0.5295633010754416	-0.7502283584712464	-0.15485486904904386	-0.04614812337467676	0.16082988309852989
AT1G19180	756	0.0	1.3897763484196042	1.3221820129311121	0.818598158246003	0.38292363633604143	0.14644874130229013	-0.19492128734677489	-0.17651081604460925	1.1105473984938241
AT1G19330	0	0.0	1.3897763484196042	1.3221820129311121	0.09273452853067346	0.1104943321926546	0.3798565992576271	1.232385077298978	1.5247457358309853	1.5044026379562263
AT1G19380	729	0.0	1.3897763484196042	1.3221820129311121	0.818598158246003	0.38292363633604143	0.14644874130229013	-1.0124924567358347	-1.0808788582463884	-0.49064077885350255
AT1G19530	19683	0.0	-1.0387219112730177	-1.0621616810999395	-0.9289061755612138	-0.5295633010754416	-0.7502283584712464	-0.15485486904904386	-0.04614812337467676	0.16082988309852989
AT1G19540	8748	0.0	-0.34292832000393453	0.024290258313075293	0.6210054096607837	0.36506874117418187	-0.2284740429908892	-1.2226457855510948	-1.3729464147219157	-1.2912623233238143
AT1G19670	19683	0.0	-1.0387219112730177	-1.0621616810999395	-0.9289061755612138	-0.5295633010754416	-0.7502283584712464	-0.15485486904904386	-0.04614812337467676	0.16082988309852989
AT1G19720	8748	0.0	-0.34292832000393453	0.024290258313075293	0.6210054096607837	0.36506874117418187	-0.2284740429908892	-1.2226457855510948	-1.3729464147219157	-1.2912623233238143
AT1G19900	19710	0.0	-1.0387219112730177	-1.0621616810999395	-0.9289061755612138	-0.5295633010754416	-0.7502283584712464	-1.3495831768109354	-1.4262542243832768	-1.3466996965183782
AT1G19960	19683	0.0	-1.0387219112730177	-1.0621616810999395	-0.9289061755612138	-0.5295633010754416	-0.7502283584712464	-0.15485486904904386	-0.04614812337467676	0.16082988309852989
AT1G20190	26244	0.0	0.21607545690343966	0.010565404562498631	-0.22464648892186162	0.002731891259226455	0.2835222289192459	0.625251702634237	0.8878244866451313	1.633917065537418
AT1G20350	756	0.0	1.3897763484196042	1.3221820129311121	0.818598158246003	0.38292363633604143	0.14644874130229013	-0.19492128734677489	-0.17651081604460925	1.1105473984938241
AT1G20440	30	0.0	1.3897763484196042	1.3221820129311121	0.09273452853067346	0.1104943321926546	0.3798565992576271	0.41389703308215414	0.5689580692537393	0.595917937992061
AT1G20450	30	0.0	1.3897763484196042	1.3221820129311121	0.09273452853067346	0.1104943321926546	0.3798565992576271	0.41389703308215414	0.5689580692537393	0.595917937992061
AT1G21100	8748	0.0	-0.34292832000393453	0.024290258313075293	0.6210054096607837	0.36506874117418187	-0.2284740429908892	-1.2226457855510948	-1.3729464147219157	-1.2912623233238143
AT1G21110	30	0.0	1.3897763484196042	1.3221820129311121	0.09273452853067346	0.1104943321926546	0.3798565992576271	0.41389703308215414	0.5689580692537393	0.595917937992061
AT1G21120	13122	0.0	1.496113858851713	1.3937937019293964	0.21474280098760976	0.1649349967136464	0.6201960005355599	1.0285985086345724	1.212211500432892	1.2389501871063449
AT1G21140	729	0.0	1.3897763484196042	1.3221820129311121	0.818598158246003	0.38292363633604143	0.14644874130229013	-1.0124924567358347	-1.0808788582463884	-0.49064077885350255
AT1G21250	26244	0.0	0.21607545690343966	0.010565404562498631	-0.22464648892186162	0.002731891259226455	0.2835222289192459	0.625251702634237	0.8878244866451313	1.633917065537418
AT1G21270	26244	0.0	0.21607545690343966	0.010565404562498631	-0.22464648892186162	0.002731891259226455	0.2835222289192459	0.625251702634237	0.8878244866451313	1.633917065537418
AT1G21400	8748	0.0	-0.34292832000393453	0.024290258313075293	0.6210054096607837	0.36506874117418187	-0.2284740429908892	-1.2226457855510948	-1.3729464147219157	-1.2912623233238143
AT1G21520	27	0.0	1.3897763484196042	1.3221820129311121	0.09273452853067346	0.1104943321926546	0.3798565992576271	0.41389703308215414	0.5689580692537393	1.9352917614604255
AT1G21790	30	0.0	1.3897763484196042	1.3221820129311121	0.09273452853067346	0.1104943321926546	0.3798565992576271	0.41389703308215414	0.5689580692537393	0.595917937992061
AT1G21910	729	0.0	1.3897763484196042	1.3221820129311121	0.818598158246003	0.38292363633604143	0.14644874130229013	-1.0124924567358347	-1.0808788582463884	-0.49064077885350255
AT1G22160	0	0.0	1.3897763484196042	1.3221820129311121	0.09273452853067346	0.1104943321926546	0.3798565992576271	1.232385077298978	1.5247457358309853	1.5044026379562263
AT1G22470	30	0.0	1.3897763484196042	1.3221820129311121	0.09273452853067346	0.1104943321926546	0.3798565992576271	0.41389703308215414	0.5689580692537393	0.595917937992061
AT1G22500	19683	0.0	-1.0387219112730177	-1.0621616810999395	-0.9289061755612138	-0.5295633010754416	-0.7502283584712464	-0.15485486904904386	-0.04614812337467676	0.16082988309852989
AT1G22610	8748	0.0	-0.34292832000393453	0.024290258313075293	0.6210054096607837	0.36506874117418187	-0.2284740429908892	-1.2226457855510948	-1.3729464147219157	-1.2912623233238143
AT1G22890	8748	0.0	-0.34292832000393453	0.024290258313075293	0.6210054096607837	0.36506874117418187	-0.2284740429908892	-1.2226457855510948	-1.3729464147219157	-1.2912623233238143
AT1G23020	19710	0.0	-1.0387219112730177	-1.0621616810999395	-0.9289061755612138	-0.5295633010754416	-0.7502283584712464	-1.3495831768109354	-1.4262542243832768	-1.3466996965183782
AT1G23052	8748	0.0	-0.34292832000393453	0.024290258313075293	0.6210054096607837	0.36506874117418187	-0.2284740429908892	-1.2226457855510948	-1.3729464147219157	-1.2912623233238143
AT1G23205	26244	0.0	0.21607545690343966	0.010565404562498631	-0.22464648892186162	0.002731891259226455	0.2835222289192459	0.625251702634237	0.8878244866451313	1.633917065537418
AT1G23390	729	0.0	1.3897763484196042	1.3221820129311121	0.818598158246003	0.38292363633604143	0.14644874130229013	-1.0124924567358347	-1.0808788582463884	-0.49064077885350255
AT1G23720	19710	0.0	-1.0387219112730177	-1.0621616810999395	-0.9289061755612138	-0.5295633010754416	-0.7502283584712464	-1.3495831768109354	-1.4262542243832768	-1.3466996965183782
AT1G23790	6561	0.0	-0.34292832000393453	-0.4184869908192939	-0.8525228682079703	-1.9459290483004938	-1.9059577714096951	-1.097606792975272	0.31163998310793495	-0.011655202403997469
AT1G23800	30	0.0	1.3897763484196042	1.3221820129311121	0.09273452853067346	0.1104943321926546	0.3798565992576271	0.41389703308215414	0.5689580692537393	0.595917937992061
AT1G23870	8748	0.0	-0.34292832000393453	0.024290258313075293	0.6210054096607837	0.36506874117418187	-0.2284740429908892	-1.2226457855510948	-1.3729464147219157	-1.2912623233238143
AT1G24095	26244	0.0	0.21607545690343966	0.010565404562498631	-0.22464648892186162	0.002731891259226455	0.2835222289192459	0.625251702634237	0.8878244866451313	1.633917065537418
AT1G24140	756	0.0	1.3897763484196042	1.3221820129311121	0.818598158246003	0.38292363633604143	0.14644874130229013	-0.19492128734677489	-0.17651081604460925	1.1105473984938241
AT1G24147	27	0.0	1.3897763484196042	1.3221820129311121	0.09273452853067346	0.1104943321926546	0.3798565992576271	0.41389703308215414	0.5689580692537393	1.9352917614604255
AT1G24580	19683	0.0	-1.0387219112730177	-1.0621616810999395	-0.9289061755612138	-0.5295633010754416	-0.7502283584712464	-0.15485486904904386	-0.04614812337467676	0.16082988309852989
AT1G24793	13122	0.0	1.496113858851713	1.3937937019293964	0.21474280098760976	0.1649349967136464	0.6201960005355599	1.0285985086345724	1.212211500432892	1.2389501871063449
AT1G24800	13122	0.0	1.496113858851713	1.3937937019293964	0.21474280098760976	0.1649349967136464	0.6201960005355599	1.0285985086345724	1.212211500432892	1.2389501871063449
AT1G24881	8748	0.0	-0.34292832000393453	0.024290258313075293	0.6210054096607837	0.36506874117418187	-0.2284740429908892	-1.2226457855510948	-1.3729464147219157	-1.2912623233238143
AT1G25054	19710	0.0	-1.0387219112730177	-1.0621616810999395	-0.9289061755612138	-0.5295633010754416	-0.7502283584712464	-1.3495831768109354	-1.4262542243832768	-1.3466996965183782
AT1G25145	19683	0.0	-1.0387219112730177	-1.0621616810999395	-0.9289061755612138	-0.5295633010754416	-0.7502283584712464	-0.15485486904904386	-0.04614812337467676	0.16082988309852989
AT1G25210	30	0.0	1.3897763484196042	1.3221820129311121	0.09273452853067346	0.1104943321926546	0.3798565992576271	0.41389703308215414	0.5689580692537393	0.595917937992061
AT1G25211	19683	0.0	-1.0387219112730177	-1.0621616810999395	-0.9289061755612138	-0.5295633010754416	-0.7502283584712464	-0.15485486904904386	-0.04614812337467676	0.16082988309852989
AT1G25400	729	0.0	1.3897763484196042	1.3221820129311121	0.818598158246003	0.38292363633604143	0.14644874130229013	-1.0124924567358347	-1.0808788582463884	-0.49064077885350255
AT1G25560	729	0.0	1.3897763484196042	1.3221820129311121	0.818598158246003	0.38292363633604143	0.14644874130229013	-1.0124924567358347	-1.0808788582463884	-0.49064077885350255
AT1G26250	8748	0.0	-0.34292832000393453	0.024290258313075293	0.6210054096607837	0.36506874117418187	-0.2284740429908892	-1.2226457855510948	-1.3729464147219157	-1.2912623233238143
AT1G26255	8748	0.0	-0.34292832000393453	0.024290258313075293	0.6210054096607837	0.36506874117418187	-0.2284740429908892	-1.2226457855510948	-1.3729464147219157	-1.2912623233238143
AT1G26380	756	0.0	1.3897763484196042	1.3221820129311121	0.818598158246003	0.38292363633604143	0.14644874130229013	-0.19492128734677489	-0.17651081604460925	1.1105473984938241
AT1G26420	756	0.0	1.3897763484196042	1.3221820129311121	0.818598158246003	0.38292363633604143	0.14644874130229013	-0.19492128734677489	-0.17651081604460925	1.1105473984938241
AT1G26560	0	0.0	1.3897763484196042	1.3221820129311121	0.09273452853067346	0.1104943321926546	0.3798565992576271	1.232385077298978	1.5247457358309853	1.5044026379562263
AT1G26760	6561	0.0	-0.34292832000393453	-0.4184869908192939	-0.8525228682079703	-1.9459290483004938	-1.9059577714096951	-1.097606792975272	0.31163998310793495	-0.011655202403997469
AT1G26800	759	0.0	1.3897763484196042	1.3221820129311121	0.818598158246003	0.38292363633604143	0.14644874130229013	-0.19492128734677489	-0.17651081604460925	-0.12819709921791717
AT1G27180	19710	0.0	-1.0387219112730177	-1.0621616810999395	-0.9289061755612138	-0.5295633010754416	-0.7502283584712464	-1.3495831768109354	-1.4262542243832768	-1.3466996965183782
AT1G27460	19710	0.0	-1.0387219112730177	-1.0621616810999395	-0.9289061755612138	-0.5295633010754416	-0.7502283584712464	-1.3495831768109354	-1.4262542243832768	-1.3466996965183782
AT1G27540	0	0.0	1.3897763484196042	1.3221820129311121	0.09273452853067346	0.1104943321926546	0.3798565992576271	1.232385077298978	1.5247457358309853	1.5044026379562263
AT1G27730	729	0.0	1.3897763484196042	1.3221820129311121	0.818598158246003	0.38292363633604143	0.14644874130229013	-1.0124924567358347	-1.0808788582463884	-0.49064077885350255
AT1G27921	8748	0.0	-0.34292832000393453	0.024290258313075293	0.6210054096607837	0.36506874117418187	-0.2284740429908892	-1.2226457855510948	-1.3729464147219157	-1.2912623233238143
AT1G28230	0	0.0	1.3897763484196042	1.3221820129311121	0.09273452853067346	0.1104943321926546	0.3798565992576271	1.232385077298978	1.5247457358309853	1.5044026379562263
AT1G28330	8748	0.0	-0.34292832000393453	0.024290258313075293	0.6210054096607837	0.36506874117418187	-0.2284740429908892	-1.2226457855510948	-1.3729464147219157	-1.2912623233238143
AT1G28480	27	0.0	1.3897763484196042	1.3221820129311121	0.09273452853067346	0.1104943321926546	0.3798565992576271	0.41389703308215414	0.5689580692537393	1.9352917614604255
AT1G28570	26244	0.0	0.21607545690343966	0.010565404562498631	-0.22464648892186162	0.002731891259226455	0.2835222289192459	0.625251702634237	0.8878244866451313	1.633917065537418
AT1G28610	0	0.0	1.3897763484196042	1.3221820129311121	0.09273452853067346	0.1104943321926546	0.3798565992576271	1.232385077298978	1.5247457358309853	1.5044026379562263
AT1G28670	19683	0.0	-1.0387219112730177	-1.0621616810999395	-0.9289061755612138	-0.5295633010754416	-0.7502283584712464	-0.15485486904904386	-0.04614812337467676	0.16082988309852989
AT1G29090	30	0.0	1.3897763484196042	1.3221820129311121	0.09273452853067346	0.1104943321926546	0.3798565992576271	0.41389703308215414	0.5689580692537393	0.595917937992061
AT1G29357	19710	0.0	-1.0387219112730177	-1.0621616810999395	-0.9289061755612138	-0.5295633010754416	-0.7502283584712464	-1.3495831768109354	-1.4262542243832768	-1.3466996965183782
AT1G29395	13122	0.0	1.496113858851713	1.3937937019293964	0.21474280098760976	0.1649349967136464	0.6201960005355599	1.0285985086345724	1.212211500432892	1.2389501871063449
AT1G29440	26244	0.0	0.21607545690343966	0.010565404562498631	-0.22464648892186162	0.002731891259226455	0.2835222289192459	0.625251702634237	0.8878244866451313	1.633917065537418
AT1G29660	30	0.0	1.3897763484196042	1.3221820129311121	0.09273452853067346	0.1104943321926546	0.3798565992576271	0.41389703308215414	0.5689580692537393	0.595917937992061
AT1G29670	30	0.0	1.3897763484196042	1.3221820129311121	0.09273452853067346	0.1104943321926546	0.3798565992576271	0.41389703308215414	0.5689580692537393	0.595917937992061
AT1G29690	759	0.0	1.3897763484196042	1.3221820129311121	0.818598158246003	0.38292363633604143	0.14644874130229013	-0.19492128734677489	-0.17651081604460925	-0.12819709921791717
AT1G29720	19710	0.0	-1.0387219112730177	-1.0621616810999395	-0.9289061755612138	-0.5295633010754416	-0.7502283584712464	-1.3495831768109354	-1.4262542243832768	-1.3466996965183782
AT1G30070	30	0.0	1.3897763484196042	1.3221820129311121	0.09273452853067346	0.1104943321926546	0.3798565992576271	0.41389703308215414	0.5689580692537393	0.595917937992061
AT1G30510	26244	0.0	0.21607545690343966	0.010565404562498631	-0.22464648892186162	0.002731891259226455	0.2835222289192459	0.625251702634237	0.8878244866451313	1.633917065537418
AT1G30700	729	0.0	1.3897763484196042	1.3221820129311121	0.818598158246003	0.38292363633604143	0.14644874130229013	-1.0124924567358347	-1.0808788582463884	-0.49064077885350255
AT1G30720	8748	0.0	-0.34292832000393453	0.024290258313075293	0.6210054096607837	0.36506874117418187	-0.2284740429908892	-1.2226457855510948	-1.3729464147219157	-1.2912623233238143
AT1G30730	729	0.0	1.3897763484196042	1.3221820129311121	0.818598158246003	0.38292363633604143	0.14644874130229013	-1.0124924567358347	-1.0808788582463884	-0.49064077885350255
AT1G31350	759	0.0	1.3897763484196042	1.3221820129311121	0.818598158246003	0.38292363633604143	0.14644874130229013	-0.19492128734677489	-0.17651081604460925	-0.12819709921791717
AT1G31550	0	0.0	1.3897763484196042	1.3221820129311121	0.09273452853067346	0.1104943321926546	0.3798565992576271	1.232385077298978	1.5247457358309853	1.5044026379562263
AT1G31580	19683	0.0	-1.0387219112730177	-1.0621616810999395	-0.9289061755612138	-0.5295633010754416	-0.7502283584712464	-0.15485486904904386	-0.04614812337467676	0.16082988309852989
AT1G31600	19710	0.0	-1.0387219112730177	-1.0621616810999395	-0.9289061755612138	-0.5295633010754416	-0.7502283584712464	-1.3495831768109354	-1.4262542243832768	-1.3466996965183782
AT1G31690	26244	0.0	0.21607545690343966	0.010565404562498631	-0.22464648892186162	0.002731891259226455	0.2835222289192459	0.625251702634237	0.8878244866451313	1.633917065537418
AT1G32170	729	0.0	1.3897763484196042	1.3221820129311121	0.818598158246003	0.38292363633604143	0.14644874130229013	-1.0124924567358347	-1.0808788582463884	-0.49064077885350255
AT1G32450	19683	0.0	-1.0387219112730177	-1.0621616810999395	-0.9289061755612138	-0.5295633010754416	-0.7502283584712464	-0.15485486904904386	-0.04614812337467676	0.16082988309852989
AT1G32560	19683	0.0	-1.0387219112730177	-1.0621616810999395	-0.9289061755612138	-0.5295633010754416	-0.7502283584712464	-0.15485486904904386	-0.04614812337467676	0.16082988309852989
AT1G32640	19683	0.0	-1.0387219112730177	-1.0621616810999395	-0.9289061755612138	-0.5295633010754416	-0.7502283584712464	-0.15485486904904386	-0.04614812337467676	0.16082988309852989
AT1G32920	759	0.0	1.3897763484196042	1.3221820129311121	0.818598158246003	0.38292363633604143	0.14644874130229013	-0.19492128734677489	-0.17651081604460925	-0.12819709921791717
AT1G32928	729	0.0	1.3897763484196042	1.3221820129311121	0.818598158246003	0.38292363633604143	0.14644874130229013	-1.0124924567358347	-1.0808788582463884	-0.49064077885350255
AT1G33610	759	0.0	1.3897763484196042	1.3221820129311121	0.818598158246003	0.38292363633604143	0.14644874130229013	-0.19492128734677489	-0.17651081604460925	-0.12819709921791717
AT1G33790	19710	0.0	-1.0387219112730177	-1.0621616810999395	-0.9289061755612138	-0.5295633010754416	-0.7502283584712464	-1.3495831768109354	-1.4262542243832768	-1.3466996965183782
AT1G34355	6561	0.0	-0.34292832000393453	-0.4184869908192939	-0.8525228682079703	-1.9459290483004938	-1.9059577714096951	-1.097606792975272	0.31163998310793495	-0.011655202403997469
AT1G35140	729	0.0	1.3897763484196042	1.3221820129311121	0.818598158246003	0.38292363633604143	0.14644874130229013	-1.0124924567358347	-1.0808788582463884	-0.49064077885350255
AT1G35210	756	0.0	1.3897763484196042	1.3221820129311121	0.818598158246003	0.38292363633604143	0.14644874130229013	-0.19492128734677489	-0.17651081604460925	1.1105473984938241
AT1G35230	26244	0.0	0.21607545690343966	0.010565404562498631	-0.22464648892186162	0.002731891259226455	0.2835222289192459	0.625251702634237	0.8878244866451313	1.633917065537418
AT1G35310	26244	0.0	0.21607545690343966	0.010565404562498631	-0.22464648892186162	0.002731891259226455	0.2835222289192459	0.625251702634237	0.8878244866451313	1.633917065537418
AT1G35320	19710	0.0	-1.0387219112730177	-1.0621616810999395	-0.9289061755612138	-0.5295633010754416	-0.7502283584712464	-1.3495831768109354	-1.4262542243832768	-1.3466996965183782
AT1G35350	729	0.0	1.3897763484196042	1.3221820129311121	0.818598158246003	0.38292363633604143	0.14644874130229013	-1.0124924567358347	-1.0808788582463884	-0.49064077885350255
AT1G35710	19683	0.0	-1.0387219112730177	-1.0621616810999395	-0.9289061755612138	-0.5295633010754416	-0.7502283584712464	-0.15485486904904386	-0.04614812337467676	0.16082988309852989
AT1G36370	30	0.0	1.3897763484196042	1.3221820129311121	0.09273452853067346	0.1104943321926546	0.3798565992576271	0.41389703308215414	0.5689580692537393	0.595917937992061
AT1G36622	756	0.0	1.3897763484196042	1.3221820129311121	0.818598158246003	0.38292363633604143	0.14644874130229013	-0.19492128734677489	-0.17651081604460925	1.1105473984938241
AT1G43605	26244	0.0	0.21607545690343966	0.010565404562498631	-0.22464648892186162	0.002731891259226455	0.2835222289192459	0.625251702634237	0.8878244866451313	1.633917065537418
AT1G43800	13122	0.0	1.496113858851713	1.3937937019293964	0.21474280098760976	0.1649349967136464	0.6201960005355599	1.0285985086345724	1.212211500432892	1.2389501871063449
AT1G43910	26244	0.0	0.21607545690343966	0.010565404562498631	-0.22464648892186162	0.002731891259226455	0.2835222289192459	0.625251702634237	0.8878244866451313	1.633917065537418
AT1G44110	6561	0.0	-0.34292832000393453	-0.4184869908192939	-0.8525228682079703	-1.9459290483004938	-1.9059577714096951	-1.097606792975272	0.31163998310793495	-0.011655202403997469
AT1G45010	0	0.0	1.3897763484196042	1.3221820129311121	0.09273452853067346	0.1104943321926546	0.3798565992576271	1.232385077298978	1.5247457358309853	1.5044026379562263
AT1G45201	13122	0.0	1.496113858851713	1.3937937019293964	0.21474280098760976	0.1649349967136464	0.6201960005355599	1.0285985086345724	1.212211500432892	1.2389501871063449
AT1G46480	0	0.0	1.3897763484196042	1.3221820129311121	0.09273452853067346	0.1104943321926546	0.3798565992576271	1.232385077298978	1.5247457358309853	1.5044026379562263
AT1G47395	19683	0.0	-1.0387219112730177	-1.0621616810999395	-0.9289061755612138	-0.5295633010754416	-0.7502283584712464	-0.15485486904904386	-0.04614812337467676	0.16082988309852989
AT1G47400	19683	0.0	-1.0387219112730177	-1.0621616810999395	-0.9289061755612138	-0.5295633010754416	-0.7502283584712464	-0.15485486904904386	-0.04614812337467676	0.16082988309852989
AT1G49000	30	0.0	1.3897763484196042	1.3221820129311121	0.09273452853067346	0.1104943321926546	0.3798565992576271	0.41389703308215414	0.5689580692537393	0.595917937992061
AT1G49130	759	0.0	1.3897763484196042	1.3221820129311121	0.818598158246003	0.38292363633604143	0.14644874130229013	-0.19492128734677489	-0.17651081604460925	-0.12819709921791717
AT1G49450	30	0.0	1.3897763484196042	1.3221820129311121	0.09273452853067346	0.1104943321926546	0.3798565992576271	0.41389703308215414	0.5689580692537393	0.595917937992061
AT1G49570	19710	0.0	-1.0387219112730177	-1.0621616810999395	-0.9289061755612138	-0.5295633010754416	-0.7502283584712464	-1.3495831768109354	-1.4262542243832768	-1.3466996965183782
AT1G49780	30	0.0	1.3897763484196042	1.3221820129311121	0.09273452853067346	0.1104943321926546	0.3798565992576271	0.41389703308215414	0.5689580692537393	0.595917937992061
AT1G49860	19683	0.0	-1.0387219112730177	-1.0621616810999395	-0.9289061755612138	-0.5295633010754416	-0.7502283584712464	-0.15485486904904386	-0.04614812337467676	0.16082988309852989
AT1G49870	6561	0.0	-0.34292832000393453	-0.4184869908192939	-0.8525228682079703	-1.9459290483004938	-1.9059577714096951	-1.097606792975272	0.31163998310793495	-0.011655202403997469
AT1G50040	729	0.0	1.3897763484196042	1.3221820129311121	0.818598158246003	0.38292363633604143	0.14644874130229013	-1.0124924567358347	-1.0808788582463884	-0.49064077885350255
AT1G50490	6561	0.0	-0.34292832000393453	-0.4184869908192939	-0.8525228682079703	-1.9459290483004938	-1.9059577714096951	-1.097606792975272	0.31163998310793495	-0.011655202403997469
AT1G50740	756	0.0	1.3897763484196042	1.3221820129311121	0.818598158246003	0.38292363633604143	0.14644874130229013	-0.19492128734677489	-0.17651081604460925	1.1105473984938241
AT1G51090	0	0.0	1.3897763484196042	1.3221820129311121	0.09273452853067346	0.1104943321926546	0.3798565992576271	1.232385077298978	1.5247457358309853	1.5044026379562263
AT1G51140	0	0.0	1.3897763484196042	1.3221820129311121	0.09273452853067346	0.1104943321926546	0.3798565992576271	1.232385077298978	1.5247457358309853	1.5044026379562263
AT1G51700	30	0.0	1.3897763484196042	1.3221820129311121	0.09273452853067346	0.1104943321926546	0.3798565992576271	0.41389703308215414	0.5689580692537393	0.595917937992061
AT1G51820	729	0.0	1.3897763484196042	1.3221820129311121	0.818598158246003	0.38292363633604143	0.14644874130229013	-1.0124924567358347	-1.0808788582463884	-0.49064077885350255
AT1G52315	26244	0.0	0.21607545690343966	0.010565404562498631	-0.22464648892186162	0.002731891259226455	0.2835222289192459	0.625251702634237	0.8878244866451313	1.633917065537418
AT1G52690	27	0.0	1.3897763484196042	1.3221820129311121	0.09273452853067346	0.1104943321926546	0.3798565992576271	0.41389703308215414	0.5689580692537393	1.9352917614604255
AT1G52905	19710	0.0	-1.0387219112730177	-1.0621616810999395	-0.9289061755612138	-0.5295633010754416	-0.7502283584712464	-1.3495831768109354	-1.4262542243832768	-1.3466996965183782
AT1G53070	26244	0.0	0.21607545690343966	0.010565404562498631	-0.22464648892186162	0.002731891259226455	0.2835222289192459	0.625251702634237	0.8878244866451313	1.633917065537418
AT1G53140	6561	0.0	-0.34292832000393453	-0.4184869908192939	-0.8525228682079703	-1.9459290483004938	-1.9059577714096951	-1.097606792975272	0.31163998310793495	-0.011655202403997469
AT1G53625	756	0.0	1.3897763484196042	1.3221820129311121	0.818598158246003	0.38292363633604143	0.14644874130229013	-0.19492128734677489	-0.17651081604460925	1.1105473984938241
AT1G53875	19683	0.0	-1.0387219112730177	-1.0621616810999395	-0.9289061755612138	-0.5295633010754416	-0.7502283584712464	-0.15485486904904386	-0.04614812337467676	0.16082988309852989
AT1G53920	756	0.0	1.3897763484196042	1.3221820129311121	0.818598158246003	0.38292363633604143	0.14644874130229013	-0.19492128734677489	-0.17651081604460925	1.1105473984938241
AT1G54010	19683	0.0	-1.0387219112730177	-1.0621616810999395	-0.9289061755612138	-0.5295633010754416	-0.7502283584712464	-0.15485486904904386	-0.04614812337467676	0.16082988309852989
AT1G54050	30	0.0	1.3897763484196042	1.3221820129311121	0.09273452853067346	0.1104943321926546	0.3798565992576271	0.41389703308215414	0.5689580692537393	0.595917937992061
AT1G54100	8748	0.0	-0.34292832000393453	0.024290258313075293	0.6210054096607837	0.36506874117418187	-0.2284740429908892	-1.2226457855510948	-1.3729464147219157	-1.2912623233238143
AT1G54540	30	0.0	1.3897763484196042	1.3221820129311121	0.09273452853067346	0.1104943321926546	0.3798565992576271	0.41389703308215414	0.5689580692537393	0.595917937992061
AT1G54575	27	0.0	1.3897763484196042	1.3221820129311121	0.09273452853067346	0.1104943321926546	0.3798565992576271	0.41389703308215414	0.5689580692537393	1.9352917614604255
AT1G54740	8748	0.0	-0.34292832000393453	0.024290258313075293	0.6210054096607837	0.36506874117418187	-0.2284740429908892	-1.2226457855510948	-1.3729464147219157	-1.2912623233238143
AT1G54820	0	0.0	1.3897763484196042	1.3221820129311121	0.09273452853067346	0.1104943321926546	0.3798565992576271	1.232385077298978	1.5247457358309853	1.5044026379562263
AT1G54970	19683	0.0	-1.0387219112730177	-1.0621616810999395	-0.9289061755612138	-0.5295633010754416	-0.7502283584712464	-0.15485486904904386	-0.04614812337467676	0.16082988309852989
AT1G55210	26244	0.0	0.21607545690343966	0.010565404562498631	-0.22464648892186162	0.002731891259226455	0.2835222289192459	0.625251702634237	0.8878244866451313	1.633917065537418
AT1G55330	0	0.0	1.3897763484196042	1.3221820129311121	0.09273452853067346	0.1104943321926546	0.3798565992576271	1.232385077298978	1.5247457358309853	1.5044026379562263
AT1G55450	756	0.0	1.3897763484196042	1.3221820129311121	0.818598158246003	0.38292363633604143	0.14644874130229013	-0.19492128734677489	-0.17651081604460925	1.1105473984938241
AT1G55810	8748	0.0	-0.34292832000393453	0.024290258313075293	0.6210054096607837	0.36506874117418187	-0.2284740429908892	-1.2226457855510948	-1.3729464147219157	-1.2912623233238143
AT1G55990	27	0.0	1.3897763484196042	1.3221820129311121	0.09273452853067346	0.1104943321926546	0.3798565992576271	0.41389703308215414	0.5689580692537393	1.9352917614604255
AT1G56240	756	0.0	1.3897763484196042	1.3221820129311121	0.818598158246003	0.38292363633604143	0.14644874130229013	-0.19492128734677489	-0.17651081604460925	1.1105473984938241
AT1G56430	26244	0.0	0.21607545690343966	0.010565404562498631	-0.22464648892186162	0.002731891259226455	0.2835222289192459	0.625251702634237	0.8878244866451313	1.633917065537418
AT1G56510	729	0.0	1.3897763484196042	1.3221820129311121	0.818598158246003	0.38292363633604143	0.14644874130229013	-1.0124924567358347	-1.0808788582463884	-0.49064077885350255
AT1G56650	0	0.0	1.3897763484196042	1.3221820129311121	0.09273452853067346	0.1104943321926546	0.3798565992576271	1.232385077298978	1.5247457358309853	1.5044026379562263
AT1G57990	759	0.0	1.3897763484196042	1.3221820129311121	0.818598158246003	0.38292363633604143	0.14644874130229013	-0.19492128734677489	-0.17651081604460925	-0.12819709921791717
AT1G58170	30	0.0	1.3897763484196042	1.3221820129311121	0.09273452853067346	0.1104943321926546	0.3798565992576271	0.41389703308215414	0.5689580692537393	0.595917937992061
AT1G58420	30	0.0	1.3897763484196042	1.3221820129311121	0.09273452853067346	0.1104943321926546	0.3798565992576271	0.41389703308215414	0.5689580692537393	0.595917937992061
AT1G58684	13122	0.0	1.496113858851713	1.3937937019293964	0.21474280098760976	0.1649349967136464	0.6201960005355599	1.0285985086345724	1.212211500432892	1.2389501871063449
AT1G58983	13122	0.0	1.496113858851713	1.3937937019293964	0.21474280098760976	0.1649349967136464	0.6201960005355599	1.0285985086345724	1.212211500432892	1.2389501871063449
AT1G59359	13122	0.0	1.496113858851713	1.3937937019293964	0.21474280098760976	0.1649349967136464	0.6201960005355599	1.0285985086345724	1.212211500432892	1.2389501871063449
AT1G59540	6561	0.0	-0.34292832000393453	-0.4184869908192939	-0.8525228682079703	-1.9459290483004938	-1.9059577714096951	-1.097606792975272	0.31163998310793495	-0.011655202403997469
AT1G59860	30	0.0	1.3897763484196042	1.3221820129311121	0.09273452853067346	0.1104943321926546	0.3798565992576271	0.41389703308215414	0.5689580692537393	0.595917937992061
AT1G59910	759	0.0	1.3897763484196042	1.3221820129311121	0.818598158246003	0.38292363633604143	0.14644874130229013	-0.19492128734677489	-0.17651081604460925	-0.12819709921791717
AT1G60030	26244	0.0	0.21607545690343966	0.010565404562498631	-0.22464648892186162	0.002731891259226455	0.2835222289192459	0.625251702634237	0.8878244866451313	1.633917065537418
AT1G60190	27	0.0	1.3897763484196042	1.3221820129311121	0.09273452853067346	0.1104943321926546	0.3798565992576271	0.41389703308215414	0.5689580692537393	1.9352917614604255
AT1G60590	0	0.0	1.3897763484196042	1.3221820129311121	0.09273452853067346	0.1104943321926546	0.3798565992576271	1.232385077298978	1.5247457358309853	1.5044026379562263
AT1G60750	8748	0.0	-0.34292832000393453	0.024290258313075293	0.6210054096607837	0.36506874117418187	-0.2284740429908892	-1.2226457855510948	-1.3729464147219157	-1.2912623233238143
AT1G60830	19683	0.0	-1.0387219112730177	-1.0621616810999395	-0.9289061755612138	-0.5295633010754416	-0.7502283584712464	-0.15485486904904386	-0.04614812337467676	0.16082988309852989
AT1G61255	0	0.0	1.3897763484196042	1.3221820129311121	0.09273452853067346	0.1104943321926546	0.3798565992576271	1.232385077298978	1.5247457358309853	1.5044026379562263
AT1G61340	756	0.0	1.3897763484196042	1.3221820129311121	0.818598158246003	0.38292363633604143	0.14644874130229013	-0.19492128734677489	-0.17651081604460925	1.1105473984938241
AT1G61450	19683	0.0	-1.0387219112730177	-1.0621616810999395	-0.9289061755612138	-0.5295633010754416	-0.7502283584712464	-0.15485486904904386	-0.04614812337467676	0.16082988309852989
AT1G61740	19710	0.0	-1.0387219112730177	-1.0621616810999395	-0.9289061755612138	-0.5295633010754416	-0.7502283584712464	-1.3495831768109354	-1.4262542243832768	-1.3466996965183782
AT1G61800	26244	0.0	0.21607545690343966	0.010565404562498631	-0.22464648892186162	0.002731891259226455	0.2835222289192459	0.625251702634237	0.8878244866451313	1.633917065537418
AT1G62180	26244	0.0	0.21607545690343966	0.010565404562498631	-0.22464648892186162	0.002731891259226455	0.2835222289192459	0.625251702634237	0.8878244866451313	1.633917065537418
AT1G62280	19683	0.0	-1.0387219112730177	-1.0621616810999395	-0.9289061755612138	-0.5295633010754416	-0.7502283584712464	-0.15485486904904386	-0.04614812337467676	0.16082988309852989
AT1G62500	19710	0.0	-1.0387219112730177	-1.0621616810999395	-0.9289061755612138	-0.5295633010754416	-0.7502283584712464	-1.3495831768109354	-1.4262542243832768	-1.3466996965183782
AT1G62540	0	0.0	1.3897763484196042	1.3221820129311121	0.09273452853067346	0.1104943321926546	0.3798565992576271	1.232385077298978	1.5247457358309853	1.5044026379562263
AT1G62560	13122	0.0	1.496113858851713	1.3937937019293964	0.21474280098760976	0.1649349967136464	0.6201960005355599	1.0285985086345724	1.212211500432892	1.2389501871063449
AT1G62570	30	0.0	1.3897763484196042	1.3221820129311121	0.09273452853067346	0.1104943321926546	0.3798565992576271	0.41389703308215414	0.5689580692537393	0.595917937992061
AT1G62770	19683	0.0	-1.0387219112730177	-1.0621616810999395	-0.9289061755612138	-0.5295633010754416	-0.7502283584712464	-0.15485486904904386	-0.04614812337467676	0.16082988309852989
AT1G62975	30	0.0	1.3897763484196042	1.3221820129311121	0.09273452853067346	0.1104943321926546	0.3798565992576271	0.41389703308215414	0.5689580692537393	0.595917937992061
AT1G63100	6561	0.0	-0.34292832000393453	-0.4184869908192939	-0.8525228682079703	-1.9459290483004938	-1.9059577714096951	-1.097606792975272	0.31163998310793495	-0.011655202403997469
AT1G63750	729	0.0	1.3897763484196042	1.3221820129311121	0.818598158246003	0.38292363633604143	0.14644874130229013	-1.0124924567358347	-1.0808788582463884	-0.49064077885350255
AT1G63860	729	0.0	1.3897763484196042	1.3221820129311121	0.818598158246003	0.38292363633604143	0.14644874130229013	-1.0124924567358347	-1.0808788582463884	-0.49064077885350255
AT1G64380	0	0.0	1.3897763484196042	1.3221820129311121	0.09273452853067346	0.1104943321926546	0.3798565992576271	1.232385077298978	1.5247457358309853	1.5044026379562263
AT1G64390	26244	0.0	0.21607545690343966	0.010565404562498631	-0.22464648892186162	0.002731891259226455	0.2835222289192459	0.625251702634237	0.8878244866451313	1.633917065537418
AT1G64400	0	0.0	1.3897763484196042	1.3221820129311121	0.09273452853067346	0.1104943321926546	0.3798565992576271	1.232385077298978	1.5247457358309853	1.5044026379562263
AT1G64660	8748	0.0	-0.34292832000393453	0.024290258313075293	0.6210054096607837	0.36506874117418187	-0.2284740429908892	-1.2226457855510948	-1.3729464147219157	-1.2912623233238143
AT1G64970	0	0.0	1.3897763484196042	1.3221820129311121	0.09273452853067346	0.1104943321926546	0.3798565992576271	1.232385077298978	1.5247457358309853	1.5044026379562263
AT1G65310	26244	0.0	0.21607545690343966	0.010565404562498631	-0.22464648892186162	0.002731891259226455	0.2835222289192459	0.625251702634237	0.8878244866451313	1.633917065537418
AT1G65390	729	0.0	1.3897763484196042	1.3221820129311121	0.818598158246003	0.38292363633604143	0.14644874130229013	-1.0124924567358347	-1.0808788582463884	-0.49064077885350255
AT1G65490	30	0.0	1.3897763484196042	1.3221820129311121	0.09273452853067346	0.1104943321926546	0.3798565992576271	0.41389703308215414	0.5689580692537393	0.595917937992061
AT1G65710	6561	0.0	-0.34292832000393453	-0.4184869908192939	-0.8525228682079703	-1.9459290483004938	-1.9059577714096951	-1.097606792975272	0.31163998310793495	-0.011655202403997469
AT1G65860	19683	0.0	-1.0387219112730177	-1.0621616810999395	-0.9289061755612138	-0.5295633010754416	-0.7502283584712464	-0.15485486904904386	-0.04614812337467676	0.16082988309852989
AT1G65890	0	0.0	1.3897763484196042	1.3221820129311121	0.09273452853067346	0.1104943321926546	0.3798565992576271	1.232385077298978	1.5247457358309853	1.5044026379562263
AT1G65970	19683	0.0	-1.0387219112730177	-1.0621616810999395	-0.9289061755612138	-0.5295633010754416	-0.7502283584712464	-0.15485486904904386	-0.04614812337467676	0.16082988309852989
AT1G66080	30	0.0	1.3897763484196042	1.3221820129311121	0.09273452853067346	0.1104943321926546	0.3798565992576271	0.41389703308215414	0.5689580692537393	0.595917937992061
AT1G66090	729	0.0	1.3897763484196042	1.3221820129311121	0.818598158246003	0.38292363633604143	0.14644874130229013	-1.0124924567358347	-1.0808788582463884	-0.49064077885350255
AT1G66160	759	0.0	1.3897763484196042	1.3221820129311121	0.818598158246003	0.38292363633604143	0.14644874130229013	-0.19492128734677489	-0.17651081604460925	-0.12819709921791717
AT1G66400	30	0.0	1.3897763484196042	1.3221820129311121	0.09273452853067346	0.1104943321926546	0.3798565992576271	0.41389703308215414	0.5689580692537393	0.595917937992061
AT1G66800	0	0.0	1.3897763484196042	1.3221820129311121	0.09273452853067346	0.1104943321926546	0.3798565992576271	1.232385077298978	1.5247457358309853	1.5044026379562263
AT1G66880	26244	0.0	0.21607545690343966	0.010565404562498631	-0.22464648892186162	0.002731891259226455	0.2835222289192459	0.625251702634237	0.8878244866451313	1.633917065537418
AT1G66920	27	0.0	1.3897763484196042	1.3221820129311121	0.09273452853067346	0.1104943321926546	0.3798565992576271	0.41389703308215414	0.5689580692537393	1.9352917614604255
AT1G67035	6561	0.0	-0.34292832000393453	-0.4184869908192939	-0.8525228682079703	-1.9459290483004938	-1.9059577714096951	-1.097606792975272	0.31163998310793495	-0.011655202403997469
AT1G67105	0	0.0	1.3897763484196042	1.3221820129311121	0.09273452853067346	0.1104943321926546	0.3798565992576271	1.232385077298978	1.5247457358309853	1.5044026379562263
AT1G67110	30	0.0	1.3897763484196042	1.3221820129311121	0.09273452853067346	0.1104943321926546	0.3798565992576271	0.41389703308215414	0.5689580692537393	0.595917937992061
AT1G67330	19683	0.0	-1.0387219112730177	-1.0621616810999395	-0.9289061755612138	-0.5295633010754416	-0.7502283584712464	-0.15485486904904386	-0.04614812337467676	0.16082988309852989
AT1G67360	0	0.0	1.3897763484196042	1.3221820129311121	0.09273452853067346	0.1104943321926546	0.3798565992576271	1.232385077298978	1.5247457358309853	1.5044026379562263
AT1G67750	0	0.0	1.3897763484196042	1.3221820129311121	0.09273452853067346	0.1104943321926546	0.3798565992576271	1.232385077298978	1.5247457358309853	1.5044026379562263
AT1G67810	8748	0.0	-0.34292832000393453	0.024290258313075293	0.6210054096607837	0.36506874117418187	-0.2284740429908892	-1.2226457855510948	-1.3729464147219157	-1.2912623233238143
AT1G68190	759	0.0	1.3897763484196042	1.3221820129311121	0.818598158246003	0.38292363633604143	0.14644874130229013	-0.19492128734677489	-0.17651081604460925	-0.12819709921791717
AT1G68200	26244	0.0	0.21607545690343966	0.010565404562498631	-0.22464648892186162	0.002731891259226455	0.2835222289192459	0.625251702634237	0.8878244866451313	1.633917065537418
AT1G68520	759	0.0	1.3897763484196042	1.3221820129311121	0.818598158246003	0.38292363633604143	0.14644874130229013	-0.19492128734677489	-0.17651081604460925	-0.12819709921791717
AT1G68600	26244	0.0	0.21607545690343966	0.010565404562498631	-0.22464648892186162	0.002731891259226455	0.2835222289192459	0.625251702634237	0.8878244866451313	1.633917065537418
AT1G68840	729	0.0	1.3897763484196042	1.3221820129311121	0.818598158246003	0.38292363633604143	0.14644874130229013	-1.0124924567358347	-1.0808788582463884	-0.49064077885350255
AT1G69530	19683	0.0	-1.0387219112730177	-1.0621616810999395	-0.9289061755612138	-0.5295633010754416	-0.7502283584712464	-0.15485486904904386	-0.04614812337467676	0.16082988309852989
AT1G69570	8748	0.0	-0.34292832000393453	0.024290258313075293	0.6210054096607837	0.36506874117418187	-0.2284740429908892	-1.2226457855510948	-1.3729464147219157	-1.2912623233238143
AT1G69840	729	0.0	1.3897763484196042	1.3221820129311121	0.818598158246003	0.38292363633604143	0.14644874130229013	-1.0124924567358347	-1.0808788582463884	-0.49064077885350255
AT1G69890	8748	0.0	-0.34292832000393453	0.024290258313075293	0.6210054096607837	0.36506874117418187	-0.2284740429908892	-1.2226457855510948	-1.3729464147219157	-1.2912623233238143
AT1G70290	729	0.0	1.3897763484196042	1.3221820129311121	0.818598158246003	0.38292363633604143	0.14644874130229013	-1.0124924567358347	-1.0808788582463884	-0.49064077885350255
AT1G70440	26244	0.0	0.21607545690343966	0.010565404562498631	-0.22464648892186162	0.002731891259226455	0.2835222289192459	0.625251702634237	0.8878244866451313	1.633917065537418
AT1G70460	19683	0.0	-1.0387219112730177	-1.0621616810999395	-0.9289061755612138	-0.5295633010754416	-0.7502283584712464	-0.15485486904904386	-0.04614812337467676	0.16082988309852989
AT1G70700	8748	0.0	-0.34292832000393453	0.024290258313075293	0.6210054096607837	0.36506874117418187	-0.2284740429908892	-1.2226457855510948	-1.3729464147219157	-1.2912623233238143
AT1G70830	26244	0.0	0.21607545690343966	0.010565404562498631	-0.22464648892186162	0.002731891259226455	0.2835222289192459	0.625251702634237	0.8878244866451313	1.633917065537418
AT1G70890	26244	0.0	0.21607545690343966	0.010565404562498631	-0.22464648892186162	0.002731891259226455	0.2835222289192459	0.625251702634237	0.8878244866451313	1.633917065537418
AT1G71030	8748	0.0	-0.34292832000393453	0.024290258313075293	0.6210054096607837	0.36506874117418187	-0.2284740429908892	-1.2226457855510948	-1.3729464147219157	-1.2912623233238143
AT1G72060	759	0.0	1.3897763484196042	1.3221820129311121	0.818598158246003	0.38292363633604143	0.14644874130229013	-0.19492128734677489	-0.17651081604460925	-0.12819709921791717
AT1G72140	30	0.0	1.3897763484196042	1.3221820129311121	0.09273452853067346	0.1104943321926546	0.3798565992576271	0.41389703308215414	0.5689580692537393	0.595917937992061
AT1G72250	6561	0.0	-0.34292832000393453	-0.4184869908192939	-0.8525228682079703	-1.9459290483004938	-1.9059577714096951	-1.097606792975272	0.31163998310793495	-0.011655202403997469
AT1G72416	729	0.0	1.3897763484196042	1.3221820129311121	0.818598158246003	0.38292363633604143	0.14644874130229013	-1.0124924567358347	-1.0808788582463884	-0.49064077885350255
AT1G72490	26244	0.0	0.21607545690343966	0.010565404562498631	-0.22464648892186162	0.002731891259226455	0.2835222289192459	0.625251702634237	0.8878244866451313	1.633917065537418
AT1G72520	756	0.0	1.3897763484196042	1.3221820129311121	0.818598158246003	0.38292363633604143	0.14644874130229013	-0.19492128734677489	-0.17651081604460925	1.1105473984938241
AT1G72670	6561	0.0	-0.34292832000393453	-0.4184869908192939	-0.8525228682079703	-1.9459290483004938	-1.9059577714096951	-1.097606792975272	0.31163998310793495	-0.011655202403997469
AT1G72900	729	0.0	1.3897763484196042	1.3221820129311121	0.818598158246003	0.38292363633604143	0.14644874130229013	-1.0124924567358347	-1.0808788582463884	-0.49064077885350255
AT1G72910	13122	0.0	1.496113858851713	1.3937937019293964	0.21474280098760976	0.1649349967136464	0.6201960005355599	1.0285985086345724	1.212211500432892	1.2389501871063449
AT1G72920	756	0.0	1.3897763484196042	1.3221820129311121	0.818598158246003	0.38292363633604143	0.14644874130229013	-0.19492128734677489	-0.17651081604460925	1.1105473984938241
AT1G72930	27	0.0	1.3897763484196042	1.3221820129311121	0.09273452853067346	0.1104943321926546	0.3798565992576271	0.41389703308215414	0.5689580692537393	1.9352917614604255
AT1G73010	26244	0.0	0.21607545690343966	0.010565404562498631	-0.22464648892186162	0.002731891259226455	0.2835222289192459	0.625251702634237	0.8878244866451313	1.633917065537418
AT1G73260	8748	0.0	-0.34292832000393453	0.024290258313075293	0.6210054096607837	0.36506874117418187	-0.2284740429908892	-1.2226457855510948	-1.3729464147219157	-1.2912623233238143
AT1G73480	756	0.0	1.3897763484196042	1.3221820129311121	0.818598158246003	0.38292363633604143	0.14644874130229013	-0.19492128734677489	-0.17651081604460925	1.1105473984938241
AT1G73500	729	0.0	1.3897763484196042	1.3221820129311121	0.818598158246003	0.38292363633604143	0.14644874130229013	-1.0124924567358347	-1.0808788582463884	-0.49064077885350255
AT1G73540	30	0.0	1.3897763484196042	1.3221820129311121	0.09273452853067346	0.1104943321926546	0.3798565992576271	0.41389703308215414	0.5689580692537393	0.595917937992061
AT1G73600	13122	0.0	1.496113858851713	1.3937937019293964	0.21474280098760976	0.1649349967136464	0.6201960005355599	1.0285985086345724	1.212211500432892	1.2389501871063449
AT1G73805	27	0.0	1.3897763484196042	1.3221820129311121	0.09273452853067346	0.1104943321926546	0.3798565992576271	0.41389703308215414	0.5689580692537393	1.9352917614604255
AT1G73810	30	0.0	1.3897763484196042	1.3221820129311121	0.09273452853067346	0.1104943321926546	0.3798565992576271	0.41389703308215414	0.5689580692537393	0.595917937992061
AT1G73830	19710	0.0	-1.0387219112730177	-1.0621616810999395	-0.9289061755612138	-0.5295633010754416	-0.7502283584712464	-1.3495831768109354	-1.4262542243832768	-1.3466996965183782
AT1G74010	30	0.0	1.3897763484196042	1.3221820129311121	0.09273452853067346	0.1104943321926546	0.3798565992576271	0.41389703308215414	0.5689580692537393	0.595917937992061
AT1G74070	0	0.0	1.3897763484196042	1.3221820129311121	0.09273452853067346	0.1104943321926546	0.3798565992576271	1.232385077298978	1.5247457358309853	1.5044026379562263
AT1G74090	19683	0.0	-1.0387219112730177	-1.0621616810999395	-0.9289061755612138	-0.5295633010754416	-0.7502283584712464	-0.15485486904904386	-0.04614812337467676	0.16082988309852989
AT1G74310	729	0.0	1.3897763484196042	1.3221820129311121	0.818598158246003	0.38292363633604143	0.14644874130229013	-1.0124924567358347	-1.0808788582463884	-0.49064077885350255
AT1G74440	27	0.0	1.3897763484196042	1.3221820129311121	0.09273452853067346	0.1104943321926546	0.3798565992576271	0.41389703308215414	0.5689580692537393	1.9352917614604255
AT1G74670	0	0.0	1.3897763484196042	1.3221820129311121	0.09273452853067346	0.1104943321926546	0.3798565992576271	1.232385077298978	1.5247457358309853	1.5044026379562263
AT1G74710	26244	0.0	0.21607545690343966	0.010565404562498631	-0.22464648892186162	0.002731891259226455	0.2835222289192459	0.625251702634237	0.8878244866451313	1.633917065537418
AT1G74870	27	0.0	1.3897763484196042	1.3221820129311121	0.09273452853067346	0.1104943321926546	0.3798565992576271	0.41389703308215414	0.5689580692537393	1.9352917614604255
AT1G75040	26244	0.0	0.21607545690343966	0.010565404562498631	-0.22464648892186162	0.002731891259226455	0.2835222289192459	0.625251702634237	0.8878244866451313	1.633917065537418
AT1G75750	8748	0.0	-0.34292832000393453	0.024290258313075293	0.6210054096607837	0.36506874117418187	-0.2284740429908892	-1.2226457855510948	-1.3729464147219157	-1.2912623233238143
AT1G75900	0	0.0	1.3897763484196042	1.3221820129311121	0.09273452853067346	0.1104943321926546	0.3798565992576271	1.232385077298978	1.5247457358309853	1.5044026379562263
AT1G76310	6561	0.0	-0.34292832000393453	-0.4184869908192939	-0.8525228682079703	-1.9459290483004938	-1.9059577714096951	-1.097606792975272	0.31163998310793495	-0.011655202403997469
AT1G76410	8748	0.0	-0.34292832000393453	0.024290258313075293	0.6210054096607837	0.36506874117418187	-0.2284740429908892	-1.2226457855510948	-1.3729464147219157	-1.2912623233238143
AT1G76600	729	0.0	1.3897763484196042	1.3221820129311121	0.818598158246003	0.38292363633604143	0.14644874130229013	-1.0124924567358347	-1.0808788582463884	-0.49064077885350255
AT1G76650	13122	0.0	1.496113858851713	1.3937937019293964	0.21474280098760976	0.1649349967136464	0.6201960005355599	1.0285985086345724	1.212211500432892	1.2389501871063449
AT1G76740	6561	0.0	-0.34292832000393453	-0.4184869908192939	-0.8525228682079703	-1.9459290483004938	-1.9059577714096951	-1.097606792975272	0.31163998310793495	-0.011655202403997469
AT1G76790	0	0.0	1.3897763484196042	1.3221820129311121	0.09273452853067346	0.1104943321926546	0.3798565992576271	1.232385077298978	1.5247457358309853	1.5044026379562263
AT1G77120	13122	0.0	1.496113858851713	1.3937937019293964	0.21474280098760976	0.1649349967136464	0.6201960005355599	1.0285985086345724	1.212211500432892	1.2389501871063449
AT1G77380	8748	0.0	-0.34292832000393453	0.024290258313075293	0.6210054096607837	0.36506874117418187	-0.2284740429908892	-1.2226457855510948	-1.3729464147219157	-1.2912623233238143
AT1G77520	0	0.0	1.3897763484196042	1.3221820129311121	0.09273452853067346	0.1104943321926546	0.3798565992576271	1.232385077298978	1.5247457358309853	1.5044026379562263
AT1G77530	30	0.0	1.3897763484196042	1.3221820129311121	0.09273452853067346	0.1104943321926546	0.3798565992576271	0.41389703308215414	0.5689580692537393	0.595917937992061
AT1G77760	19710	0.0	-1.0387219112730177	-1.0621616810999395	-0.9289061755612138	-0.5295633010754416	-0.7502283584712464	-1.3495831768109354	-1.4262542243832768	-1.3466996965183782
AT1G78000	759	0.0	1.3897763484196042	1.3221820129311121	0.818598158246003	0.38292363633604143	0.14644874130229013	-0.19492128734677489	-0.17651081604460925	-0.12819709921791717
AT1G78020	26244	0.0	0.21607545690343966	0.010565404562498631	-0.22464648892186162	0.002731891259226455	0.2835222289192459	0.625251702634237	0.8878244866451313	1.633917065537418
AT1G78340	30	0.0	1.3897763484196042	1.3221820129311121	0.09273452853067346	0.1104943321926546	0.3798565992576271	0.41389703308215414	0.5689580692537393	0.595917937992061
AT1G78370	19683	0.0	-1.0387219112730177	-1.0621616810999395	-0.9289061755612138	-0.5295633010754416	-0.7502283584712464	-0.15485486904904386	-0.04614812337467676	0.16082988309852989
AT1G78865	6561	0.0	-0.34292832000393453	-0.4184869908192939	-0.8525228682079703	-1.9459290483004938	-1.9059577714096951	-1.097606792975272	0.31163998310793495	-0.011655202403997469
AT1G79110	19683	0.0	-1.0387219112730177	-1.0621616810999395	-0.9289061755612138	-0.5295633010754416	-0.7502283584712464	-0.15485486904904386	-0.04614812337467676	0.16082988309852989
AT1G79700	8748	0.0	-0.34292832000393453	0.024290258313075293	0.6210054096607837	0.36506874117418187	-0.2284740429908892	-1.2226457855510948	-1.3729464147219157	-1.2912623233238143
AT1G80130	0	0.0	1.3897763484196042	1.3221820129311121	0.09273452853067346	0.1104943321926546	0.3798565992576271	1.232385077298978	1.5247457358309853	1.5044026379562263
AT1G80160	8748	0.0	-0.34292832000393453	0.024290258313075293	0.6210054096607837	0.36506874117418187	-0.2284740429908892	-1.2226457855510948	-1.3729464147219157	-1.2912623233238143
AT1G80240	19683	0.0	-1.0387219112730177	-1.0621616810999395	-0.9289061755612138	-0.5295633010754416	-0.7502283584712464	-0.15485486904904386	-0.04614812337467676	0.16082988309852989
AT1G80440	729	0.0	1.3897763484196042	1.3221820129311121	0.818598158246003	0.38292363633604143	0.14644874130229013	-1.0124924567358347	-1.0808788582463884	-0.49064077885350255
AT1G80820	30	0.0	1.3897763484196042	1.3221820129311121	0.09273452853067346	0.1104943321926546	0.3798565992576271	0.41389703308215414	0.5689580692537393	0.595917937992061
AT1G80840	729	0.0	1.3897763484196042	1.3221820129311121	0.818598158246003	0.38292363633604143	0.14644874130229013	-1.0124924567358347	-1.0808788582463884	-0.49064077885350255
AT1G80920	8748	0.0	-0.34292832000393453	0.024290258313075293	0.6210054096607837	0.36506874117418187	-0.2284740429908892	-1.2226457855510948	-1.3729464147219157	-1.2912623233238143
AT2G01190	19710	0.0	-1.0387219112730177	-1.0621616810999395	-0.9289061755612138	-0.5295633010754416	-0.7502283584712464	-1.3495831768109354	-1.4262542243832768	-1.3466996965183782
AT2G01610	0	0.0	1.3897763484196042	1.3221820129311121	0.09273452853067346	0.1104943321926546	0.3798565992576271	1.232385077298978	1.5247457358309853	1.5044026379562263
AT2G01880	30	0.0	1.3897763484196042	1.3221820129311121	0.09273452853067346	0.1104943321926546	0.3798565992576271	0.41389703308215414	0.5689580692537393	0.595917937992061
AT2G02120	19683	0.0	-1.0387219112730177	-1.0621616810999395	-0.9289061755612138	-0.5295633010754416	-0.7502283584712464	-0.15485486904904386	-0.04614812337467676	0.16082988309852989
AT2G02680	8748	0.0	-0.34292832000393453	0.024290258313075293	0.6210054096607837	0.36506874117418187	-0.2284740429908892	-1.2226457855510948	-1.3729464147219157	-1.2912623233238143
AT2G02710	8748	0.0	-0.34292832000393453	0.024290258313075293	0.6210054096607837	0.36506874117418187	-0.2284740429908892	-1.2226457855510948	-1.3729464147219157	-1.2912623233238143
AT2G02810	30	0.0	1.3897763484196042	1.3221820129311121	0.09273452853067346	0.1104943321926546	0.3798565992576271	0.41389703308215414	0.5689580692537393	0.595917937992061
AT2G02990	13122	0.0	1.496113858851713	1.3937937019293964	0.21474280098760976	0.1649349967136464	0.6201960005355599	1.0285985086345724	1.212211500432892	1.2389501871063449
AT2G04050	26244	0.0	0.21607545690343966	0.010565404562498631	-0.22464648892186162	0.002731891259226455	0.2835222289192459	0.625251702634237	0.8878244866451313	1.633917065537418
AT2G04450	26244	0.0	0.21607545690343966	0.010565404562498631	-0.22464648892186162	0.002731891259226455	0.2835222289192459	0.625251702634237	0.8878244866451313	1.633917065537418
AT2G04570	30	0.0	1.3897763484196042	1.3221820129311121	0.09273452853067346	0.1104943321926546	0.3798565992576271	0.41389703308215414	0.5689580692537393	0.595917937992061
AT2G04755	13122	0.0	1.496113858851713	1.3937937019293964	0.21474280098760976	0.1649349967136464	0.6201960005355599	1.0285985086345724	1.212211500432892	1.2389501871063449
AT2G05070	0	0.0	1.3897763484196042	1.3221820129311121	0.09273452853067346	0.1104943321926546	0.3798565992576271	1.232385077298978	1.5247457358309853	1.5044026379562263
AT2G05230	8748	0.0	-0.34292832000393453	0.024290258313075293	0.6210054096607837	0.36506874117418187	-0.2284740429908892	-1.2226457855510948	-1.3729464147219157	-1.2912623233238143
AT2G05540	8748	0.0	-0.34292832000393453	0.024290258313075293	0.6210054096607837	0.36506874117418187	-0.2284740429908892	-1.2226457855510948	-1.3729464147219157	-1.2912623233238143
AT2G07015	19683	0.0	-1.0387219112730177	-1.0621616810999395	-0.9289061755612138	-0.5295633010754416	-0.7502283584712464	-0.15485486904904386	-0.04614812337467676	0.16082988309852989
AT2G08420	19710	0.0	-1.0387219112730177	-1.0621616810999395	-0.9289061755612138	-0.5295633010754416	-0.7502283584712464	-1.3495831768109354	-1.4262542243832768	-1.3466996965183782
AT2G08470	26244	0.0	0.21607545690343966	0.010565404562498631	-0.22464648892186162	0.002731891259226455	0.2835222289192459	0.625251702634237	0.8878244866451313	1.633917065537418
AT2G08650	19710	0.0	-1.0387219112730177	-1.0621616810999395	-0.9289061755612138	-0.5295633010754416	-0.7502283584712464	-1.3495831768109354	-1.4262542243832768	-1.3466996965183782
AT2G08665	13122	0.0	1.496113858851713	1.3937937019293964	0.21474280098760976	0.1649349967136464	0.6201960005355599	1.0285985086345724	1.212211500432892	1.2389501871063449
AT2G14255	19710	0.0	-1.0387219112730177	-1.0621616810999395	-0.9289061755612138	-0.5295633010754416	-0.7502283584712464	-1.3495831768109354	-1.4262542243832768	-1.3466996965183782
AT2G14460	19710	0.0	-1.0387219112730177	-1.0621616810999395	-0.9289061755612138	-0.5295633010754416	-0.7502283584712464	-1.3495831768109354	-1.4262542243832768	-1.3466996965183782
AT2G14878	19710	0.0	-1.0387219112730177	-1.0621616810999395	-0.9289061755612138	-0.5295633010754416	-0.7502283584712464	-1.3495831768109354	-1.4262542243832768	-1.3466996965183782
AT2G15020	19683	0.0	-1.0387219112730177	-1.0621616810999395	-0.9289061755612138	-0.5295633010754416	-0.7502283584712464	-0.15485486904904386	-0.04614812337467676	0.16082988309852989
AT2G15080	8748	0.0	-0.34292832000393453	0.024290258313075293	0.6210054096607837	0.36506874117418187	-0.2284740429908892	-1.2226457855510948	-1.3729464147219157	-1.2912623233238143
AT2G15128	26244	0.0	0.21607545690343966	0.010565404562498631	-0.22464648892186162	0.002731891259226455	0.2835222289192459	0.625251702634237	0.8878244866451313	1.633917065537418
AT2G15292	19710	0.0	-1.0387219112730177	-1.0621616810999395	-0.9289061755612138	-0.5295633010754416	-0.7502283584712464	-1.3495831768109354	-1.4262542243832768	-1.3466996965183782
AT2G15880	8748	0.0	-0.34292832000393453	0.024290258313075293	0.6210054096607837	0.36506874117418187	-0.2284740429908892	-1.2226457855510948	-1.3729464147219157	-1.2912623233238143
AT2G15890	8748	0.0	-0.34292832000393453	0.024290258313075293	0.6210054096607837	0.36506874117418187	-0.2284740429908892	-1.2226457855510948	-1.3729464147219157	-1.2912623233238143
AT2G15970	0	0.0	1.3897763484196042	1.3221820129311121	0.09273452853067346	0.1104943321926546	0.3798565992576271	1.232385077298978	1.5247457358309853	1.5044026379562263
AT2G16005	30	0.0	1.3897763484196042	1.3221820129311121	0.09273452853067346	0.1104943321926546	0.3798565992576271	0.41389703308215414	0.5689580692537393	0.595917937992061
AT2G16060	26244	0.0	0.21607545690343966	0.010565404562498631	-0.22464648892186162	0.002731891259226455	0.2835222289192459	0.625251702634237	0.8878244866451313	1.633917065537418
AT2G16270	6561	0.0	-0.34292832000393453	-0.4184869908192939	-0.8525228682079703	-1.9459290483004938	-1.9059577714096951	-1.097606792975272	0.31163998310793495	-0.011655202403997469
AT2G16630	30	0.0	1.3897763484196042	1.3221820129311121	0.09273452853067346	0.1104943321926546	0.3798565992576271	0.41389703308215414	0.5689580692537393	0.595917937992061
AT2G16660	19683	0.0	-1.0387219112730177	-1.0621616810999395	-0.9289061755612138	-0.5295633010754416	-0.7502283584712464	-0.15485486904904386	-0.04614812337467676	0.16082988309852989
AT2G16760	30	0.0	1.3897763484196042	1.3221820129311121	0.09273452853067346	0.1104943321926546	0.3798565992576271	0.41389703308215414	0.5689580692537393	0.595917937992061
AT2G16890	26244	0.0	0.21607545690343966	0.010565404562498631	-0.22464648892186162	0.002731891259226455	0.2835222289192459	0.625251702634237	0.8878244866451313	1.633917065537418
AT2G17036	8748	0.0	-0.34292832000393453	0.024290258313075293	0.6210054096607837	0.36506874117418187	-0.2284740429908892	-1.2226457855510948	-1.3729464147219157	-1.2912623233238143
AT2G17040	27	0.0	1.3897763484196042	1.3221820129311121	0.09273452853067346	0.1104943321926546	0.3798565992576271	0.41389703308215414	0.5689580692537393	1.9352917614604255
AT2G17620	6561	0.0	-0.34292832000393453	-0.4184869908192939	-0.8525228682079703	-1.9459290483004938	-1.9059577714096951	-1.097606792975272	0.31163998310793495	-0.011655202403997469
AT2G17840	30	0.0	1.3897763484196042	1.3221820129311121	0.09273452853067346	0.1104943321926546	0.3798565992576271	0.41389703308215414	0.5689580692537393	0.595917937992061
AT2G17880	8748	0.0	-0.34292832000393453	0.024290258313075293	0.6210054096607837	0.36506874117418187	-0.2284740429908892	-1.2226457855510948	-1.3729464147219157	-1.2912623233238143
AT2G18150	27	0.0	1.3897763484196042	1.3221820129311121	0.09273452853067346	0.1104943321926546	0.3798565992576271	0.41389703308215414	0.5689580692537393	1.9352917614604255
AT2G18193	26244	0.0	0.21607545690343966	0.010565404562498631	-0.22464648892186162	0.002731891259226455	0.2835222289192459	0.625251702634237	0.8878244866451313	1.633917065537418
AT2G18620	30	0.0	1.3897763484196042	1.3221820129311121	0.09273452853067346	0.1104943321926546	0.3798565992576271	0.41389703308215414	0.5689580692537393	0.595917937992061
AT2G18690	729	0.0	1.3897763484196042	1.3221820129311121	0.818598158246003	0.38292363633604143	0.14644874130229013	-1.0124924567358347	-1.0808788582463884	-0.49064077885350255
AT2G18700	729	0.0	1.3897763484196042	1.3221820129311121	0.818598158246003	0.38292363633604143	0.14644874130229013	-1.0124924567358347	-1.0808788582463884	-0.49064077885350255
AT2G19060	759	0.0	1.3897763484196042	1.3221820129311121	0.818598158246003	0.38292363633604143	0.14644874130229013	-0.19492128734677489	-0.17651081604460925	-0.12819709921791717
AT2G19190	756	0.0	1.3897763484196042	1.3221820129311121	0.818598158246003	0.38292363633604143	0.14644874130229013	-0.19492128734677489	-0.17651081604460925	1.1105473984938241
AT2G19650	19683	0.0	-1.0387219112730177	-1.0621616810999395	-0.9289061755612138	-0.5295633010754416	-0.7502283584712464	-0.15485486904904386	-0.04614812337467676	0.16082988309852989
AT2G19800	8748	0.0	-0.34292832000393453	0.024290258313075293	0.6210054096607837	0.36506874117418187	-0.2284740429908892	-1.2226457855510948	-1.3729464147219157	-1.2912623233238143
AT2G20142	756	0.0	1.3897763484196042	1.3221820129311121	0.818598158246003	0.38292363633604143	0.14644874130229013	-0.19492128734677489	-0.17651081604460925	1.1105473984938241
AT2G20340	0	0.0	1.3897763484196042	1.3221820129311121	0.09273452853067346	0.1104943321926546	0.3798565992576271	1.232385077298978	1.5247457358309853	1.5044026379562263
AT2G20560	759	0.0	1.3897763484196042	1.3221820129311121	0.818598158246003	0.38292363633604143	0.14644874130229013	-0.19492128734677489	-0.17651081604460925	-0.12819709921791717
AT2G20590	6561	0.0	-0.34292832000393453	-0.4184869908192939	-0.8525228682079703	-1.9459290483004938	-1.9059577714096951	-1.097606792975272	0.31163998310793495	-0.011655202403997469
AT2G20670	8748	0.0	-0.34292832000393453	0.024290258313075293	0.6210054096607837	0.36506874117418187	-0.2284740429908892	-1.2226457855510948	-1.3729464147219157	-1.2912623233238143
AT2G21640	26244	0.0	0.21607545690343966	0.010565404562498631	-0.22464648892186162	0.002731891259226455	0.2835222289192459	0.625251702634237	0.8878244866451313	1.633917065537418
AT2G22240	0	0.0	1.3897763484196042	1.3221820129311121	0.09273452853067346	0.1104943321926546	0.3798565992576271	1.232385077298978	1.5247457358309853	1.5044026379562263
AT2G22330	30	0.0	1.3897763484196042	1.3221820129311121	0.09273452853067346	0.1104943321926546	0.3798565992576271	0.41389703308215414	0.5689580692537393	0.595917937992061
AT2G22500	27	0.0	1.3897763484196042	1.3221820129311121	0.09273452853067346	0.1104943321926546	0.3798565992576271	0.41389703308215414	0.5689580692537393	1.9352917614604255
AT2G22590	0	0.0	1.3897763484196042	1.3221820129311121	0.09273452853067346	0.1104943321926546	0.3798565992576271	1.232385077298978	1.5247457358309853	1.5044026379562263
AT2G22610	6561	0.0	-0.34292832000393453	-0.4184869908192939	-0.8525228682079703	-1.9459290483004938	-1.9059577714096951	-1.097606792975272	0.31163998310793495	-0.011655202403997469
AT2G22810	26244	0.0	0.21607545690343966	0.010565404562498631	-0.22464648892186162	0.002731891259226455	0.2835222289192459	0.625251702634237	0.8878244866451313	1.633917065537418
AT2G23000	13122	0.0	1.496113858851713	1.3937937019293964	0.21474280098760976	0.1649349967136464	0.6201960005355599	1.0285985086345724	1.212211500432892	1.2389501871063449
AT2G23170	19710	0.0	-1.0387219112730177	-1.0621616810999395	-0.9289061755612138	-0.5295633010754416	-0.7502283584712464	-1.3495831768109354	-1.4262542243832768	-1.3466996965183782
AT2G23672	26244	0.0	0.21607545690343966	0.010565404562498631	-0.22464648892186162	0.002731891259226455	0.2835222289192459	0.625251702634237	0.8878244866451313	1.633917065537418
AT2G23810	759	0.0	1.3897763484196042	1.3221820129311121	0.818598158246003	0.38292363633604143	0.14644874130229013	-0.19492128734677489	-0.17651081604460925	-0.12819709921791717
AT2G24600	729	0.0	1.3897763484196042	1.3221820129311121	0.818598158246003	0.38292363633604143	0.14644874130229013	-1.0124924567358347	-1.0808788582463884	-0.49064077885350255
AT2G24762	26244	0.0	0.21607545690343966	0.010565404562498631	-0.22464648892186162	0.002731891259226455	0.2835222289192459	0.625251702634237	0.8878244866451313	1.633917065537418
AT2G24945	19710	0.0	-1.0387219112730177	-1.0621616810999395	-0.9289061755612138	-0.5295633010754416	-0.7502283584712464	-1.3495831768109354	-1.4262542243832768	-1.3466996965183782
AT2G24980	19710	0.0	-1.0387219112730177	-1.0621616810999395	-0.9289061755612138	-0.5295633010754416	-0.7502283584712464	-1.3495831768109354	-1.4262542243832768	-1.3466996965183782
AT2G25060	6561	0.0	-0.34292832000393453	-0.4184869908192939	-0.8525228682079703	-1.9459290483004938	-1.9059577714096951	-1.097606792975272	0.31163998310793495	-0.011655202403997469
AT2G25090	759	0.0	1.3897763484196042	1.3221820129311121	0.818598158246003	0.38292363633604143	0.14644874130229013	-0.19492128734677489	-0.17651081604460925	-0.12819709921791717
AT2G25150	30	0.0	1.3897763484196042	1.3221820129311121	0.09273452853067346	0.1104943321926546	0.3798565992576271	0.41389703308215414	0.5689580692537393	0.595917937992061
AT2G25160	30	0.0	1.3897763484196042	1.3221820129311121	0.09273452853067346	0.1104943321926546	0.3798565992576271	0.41389703308215414	0.5689580692537393	0.595917937992061
AT2G25200	729	0.0	1.3897763484196042	1.3221820129311121	0.818598158246003	0.38292363633604143	0.14644874130229013	-1.0124924567358347	-1.0808788582463884	-0.49064077885350255
AT2G25460	30	0.0	1.3897763484196042	1.3221820129311121	0.09273452853067346	0.1104943321926546	0.3798565992576271	0.41389703308215414	0.5689580692537393	0.595917937992061
AT2G25510	19683	0.0	-1.0387219112730177	-1.0621616810999395	-0.9289061755612138	-0.5295633010754416	-0.7502283584712464	-0.15485486904904386	-0.04614812337467676	0.16082988309852989
AT2G25735	729	0.0	1.3897763484196042	1.3221820129311121	0.818598158246003	0.38292363633604143	0.14644874130229013	-1.0124924567358347	-1.0808788582463884	-0.49064077885350255
AT2G25880	6561	0.0	-0.34292832000393453	-0.4184869908192939	-0.8525228682079703	-1.9459290483004938	-1.9059577714096951	-1.097606792975272	0.31163998310793495	-0.011655202403997469
AT2G26530	729	0.0	1.3897763484196042	1.3221820129311121	0.818598158246003	0.38292363633604143	0.14644874130229013	-1.0124924567358347	-1.0808788582463884	-0.49064077885350255
AT2G26560	8748	0.0	-0.34292832000393453	0.024290258313075293	0.6210054096607837	0.36506874117418187	-0.2284740429908892	-1.2226457855510948	-1.3729464147219157	-1.2912623233238143
AT2G26690	0	0.0	1.3897763484196042	1.3221820129311121	0.09273452853067346	0.1104943321926546	0.3798565992576271	1.232385077298978	1.5247457358309853	1.5044026379562263
AT2G26760	6561	0.0	-0.34292832000393453	-0.4184869908192939	-0.8525228682079703	-1.9459290483004938	-1.9059577714096951	-1.097606792975272	0.31163998310793495	-0.011655202403997469
AT2G27080	759	0.0	1.3897763484196042	1.3221820129311121	0.818598158246003	0.38292363633604143	0.14644874130229013	-0.19492128734677489	-0.17651081604460925	-0.12819709921791717
AT2G27402	19710	0.0	-1.0387219112730177	-1.0621616810999395	-0.9289061755612138	-0.5295633010754416	-0.7502283584712464	-1.3495831768109354	-1.4262542243832768	-1.3466996965183782
AT2G27420	13122	0.0	1.496113858851713	1.3937937019293964	0.21474280098760976	0.1649349967136464	0.6201960005355599	1.0285985086345724	1.212211500432892	1.2389501871063449
AT2G27690	759	0.0	1.3897763484196042	1.3221820129311121	0.818598158246003	0.38292363633604143	0.14644874130229013	-0.19492128734677489	-0.17651081604460925	-0.12819709921791717
AT2G27830	759	0.0	1.3897763484196042	1.3221820129311121	0.818598158246003	0.38292363633604143	0.14644874130229013	-0.19492128734677489	-0.17651081604460925	-0.12819709921791717
AT2G27970	26244	0.0	0.21607545690343966	0.010565404562498631	-0.22464648892186162	0.002731891259226455	0.2835222289192459	0.625251702634237	0.8878244866451313	1.633917065537418
AT2G28400	756	0.0	1.3897763484196042	1.3221820129311121	0.818598158246003	0.38292363633604143	0.14644874130229013	-0.19492128734677489	-0.17651081604460925	1.1105473984938241
AT2G28620	6561	0.0	-0.34292832000393453	-0.4184869908192939	-0.8525228682079703	-1.9459290483004938	-1.9059577714096951	-1.097606792975272	0.31163998310793495	-0.011655202403997469
AT2G28630	756	0.0	1.3897763484196042	1.3221820129311121	0.818598158246003	0.38292363633604143	0.14644874130229013	-0.19492128734677489	-0.17651081604460925	1.1105473984938241
AT2G28780	19683	0.0	-1.0387219112730177	-1.0621616810999395	-0.9289061755612138	-0.5295633010754416	-0.7502283584712464	-0.15485486904904386	-0.04614812337467676	0.16082988309852989
AT2G28900	30	0.0	1.3897763484196042	1.3221820129311121	0.09273452853067346	0.1104943321926546	0.3798565992576271	0.41389703308215414	0.5689580692537393	0.595917937992061
AT2G29060	8748	0.0	-0.34292832000393453	0.024290258313075293	0.6210054096607837	0.36506874117418187	-0.2284740429908892	-1.2226457855510948	-1.3729464147219157	-1.2912623233238143
AT2G29090	19683	0.0	-1.0387219112730177	-1.0621616810999395	-0.9289061755612138	-0.5295633010754416	-0.7502283584712464	-0.15485486904904386	-0.04614812337467676	0.16082988309852989
AT2G29310	0	0.0	1.3897763484196042	1.3221820129311121	0.09273452853067346	0.1104943321926546	0.3798565992576271	1.232385077298978	1.5247457358309853	1.5044026379562263
AT2G29450	30	0.0	1.3897763484196042	1.3221820129311121	0.09273452853067346	0.1104943321926546	0.3798565992576271	0.41389703308215414	0.5689580692537393	0.595917937992061
AT2G29460	756	0.0	1.3897763484196042	1.3221820129311121	0.818598158246003	0.38292363633604143	0.14644874130229013	-0.19492128734677489	-0.17651081604460925	1.1105473984938241
AT2G29480	19710	0.0	-1.0387219112730177	-1.0621616810999395	-0.9289061755612138	-0.5295633010754416	-0.7502283584712464	-1.3495831768109354	-1.4262542243832768	-1.3466996965183782
AT2G29500	759	0.0	1.3897763484196042	1.3221820129311121	0.818598158246003	0.38292363633604143	0.14644874130229013	-0.19492128734677489	-0.17651081604460925	-0.12819709921791717
AT2G30020	759	0.0	1.3897763484196042	1.3221820129311121	0.818598158246003	0.38292363633604143	0.14644874130229013	-0.19492128734677489	-0.17651081604460925	-0.12819709921791717
AT2G30360	30	0.0	1.3897763484196042	1.3221820129311121	0.09273452853067346	0.1104943321926546	0.3798565992576271	0.41389703308215414	0.5689580692537393	0.595917937992061
AT2G30600	8748	0.0	-0.34292832000393453	0.024290258313075293	0.6210054096607837	0.36506874117418187	-0.2284740429908892	-1.2226457855510948	-1.3729464147219157	-1.2912623233238143
AT2G30615	8748	0.0	-0.34292832000393453	0.024290258313075293	0.6210054096607837	0.36506874117418187	-0.2284740429908892	-1.2226457855510948	-1.3729464147219157	-1.2912623233238143
AT2G30766	19683	0.0	-1.0387219112730177	-1.0621616810999395	-0.9289061755612138	-0.5295633010754416	-0.7502283584712464	-0.15485486904904386	-0.04614812337467676	0.16082988309852989
AT2G30820	19683	0.0	-1.0387219112730177	-1.0621616810999395	-0.9289061755612138	-0.5295633010754416	-0.7502283584712464	-0.15485486904904386	-0.04614812337467676	0.16082988309852989
AT2G31010	8748	0.0	-0.34292832000393453	0.024290258313075293	0.6210054096607837	0.36506874117418187	-0.2284740429908892	-1.2226457855510948	-1.3729464147219157	-1.2912623233238143
AT2G31150	19710	0.0	-1.0387219112730177	-1.0621616810999395	-0.9289061755612138	-0.5295633010754416	-0.7502283584712464	-1.3495831768109354	-1.4262542243832768	-1.3466996965183782
AT2G31810	8748	0.0	-0.34292832000393453	0.024290258313075293	0.6210054096607837	0.36506874117418187	-0.2284740429908892	-1.2226457855510948	-1.3729464147219157	-1.2912623233238143
AT2G31865	27	0.0	1.3897763484196042	1.3221820129311121	0.09273452853067346	0.1104943321926546	0.3798565992576271	0.41389703308215414	0.5689580692537393	1.9352917614604255
AT2G31880	756	0.0	1.3897763484196042	1.3221820129311121	0.818598158246003	0.38292363633604143	0.14644874130229013	-0.19492128734677489	-0.17651081604460925	1.1105473984938241
AT2G31945	759	0.0	1.3897763484196042	1.3221820129311121	0.818598158246003	0.38292363633604143	0.14644874130229013	-0.19492128734677489	-0.17651081604460925	-0.12819709921791717
AT2G32100	19683	0.0	-1.0387219112730177	-1.0621616810999395	-0.9289061755612138	-0.5295633010754416	-0.7502283584712464	-0.15485486904904386	-0.04614812337467676	0.16082988309852989
AT2G32120	30	0.0	1.3897763484196042	1.3221820129311121	0.09273452853067346	0.1104943321926546	0.3798565992576271	0.41389703308215414	0.5689580692537393	0.595917937992061
AT2G32150	8748	0.0	-0.34292832000393453	0.024290258313075293	0.6210054096607837	0.36506874117418187	-0.2284740429908892	-1.2226457855510948	-1.3729464147219157	-1.2912623233238143
AT2G32210	27	0.0	1.3897763484196042	1.3221820129311121	0.09273452853067346	0.1104943321926546	0.3798565992576271	0.41389703308215414	0.5689580692537393	1.9352917614604255
AT2G32990	0	0.0	1.3897763484196042	1.3221820129311121	0.09273452853067346	0.1104943321926546	0.3798565992576271	1.232385077298978	1.5247457358309853	1.5044026379562263
AT2G33400	6561	0.0	-0.34292832000393453	-0.4184869908192939	-0.8525228682079703	-1.9459290483004938	-1.9059577714096951	-1.097606792975272	0.31163998310793495	-0.011655202403997469
AT2G33560	6561	0.0	-0.34292832000393453	-0.4184869908192939	-0.8525228682079703	-1.9459290483004938	-1.9059577714096951	-1.097606792975272	0.31163998310793495	-0.011655202403997469
AT2G33790	19683	0.0	-1.0387219112730177	-1.0621616810999395	-0.9289061755612138	-0.5295633010754416	-0.7502283584712464	-0.15485486904904386	-0.04614812337467676	0.16082988309852989
AT2G33793	6561	0.0	-0.34292832000393453	-0.4184869908192939	-0.8525228682079703	-1.9459290483004938	-1.9059577714096951	-1.097606792975272	0.31163998310793495	-0.011655202403997469
AT2G33830	8748	0.0	-0.34292832000393453	0.024290258313075293	0.6210054096607837	0.36506874117418187	-0.2284740429908892	-1.2226457855510948	-1.3729464147219157	-1.2912623233238143
AT2G34080	19683	0.0	-1.0387219112730177	-1.0621616810999395	-0.9289061755612138	-0.5295633010754416	-0.7502283584712464	-0.15485486904904386	-0.04614812337467676	0.16082988309852989
AT2G34190	6561	0.0	-0.34292832000393453	-0.4184869908192939	-0.8525228682079703	-1.9459290483004938	-1.9059577714096951	-1.097606792975272	0.31163998310793495	-0.011655202403997469
AT2G34260	30	0.0	1.3897763484196042	1.3221820129311121	0.09273452853067346	0.1104943321926546	0.3798565992576271	0.41389703308215414	0.5689580692537393	0.595917937992061
AT2G34390	26244	0.0	0.21607545690343966	0.010565404562498631	-0.22464648892186162	0.002731891259226455	0.2835222289192459	0.625251702634237	0.8878244866451313	1.633917065537418
AT2G34490	26244	0.0	0.21607545690343966	0.010565404562498631	-0.22464648892186162	0.002731891259226455	0.2835222289192459	0.625251702634237	0.8878244866451313	1.633917065537418
AT2G34500	759	0.0	1.3897763484196042	1.3221820129311121	0.818598158246003	0.38292363633604143	0.14644874130229013	-0.19492128734677489	-0.17651081604460925	-0.12819709921791717
AT2G34620	0	0.0	1.3897763484196042	1.3221820129311121	0.09273452853067346	0.1104943321926546	0.3798565992576271	1.232385077298978	1.5247457358309853	1.5044026379562263
AT2G35770	30	0.0	1.3897763484196042	1.3221820129311121	0.09273452853067346	0.1104943321926546	0.3798565992576271	0.41389703308215414	0.5689580692537393	0.595917937992061
AT2G35930	759	0.0	1.3897763484196042	1.3221820129311121	0.818598158246003	0.38292363633604143	0.14644874130229013	-0.19492128734677489	-0.17651081604460925	-0.12819709921791717
AT2G35960	26244	0.0	0.21607545690343966	0.010565404562498631	-0.22464648892186162	0.002731891259226455	0.2835222289192459	0.625251702634237	0.8878244866451313	1.633917065537418
AT2G35980	759	0.0	1.3897763484196042	1.3221820129311121	0.818598158246003	0.38292363633604143	0.14644874130229013	-0.19492128734677489	-0.17651081604460925	-0.12819709921791717
AT2G36050	759	0.0	1.3897763484196042	1.3221820129311121	0.818598158246003	0.38292363633604143	0.14644874130229013	-0.19492128734677489	-0.17651081604460925	-0.12819709921791717
AT2G36120	19683	0.0	-1.0387219112730177	-1.0621616810999395	-0.9289061755612138	-0.5295633010754416	-0.7502283584712464	-0.15485486904904386	-0.04614812337467676	0.16082988309852989
AT2G36570	26244	0.0	0.21607545690343966	0.010565404562498631	-0.22464648892186162	0.002731891259226455	0.2835222289192459	0.625251702634237	0.8878244866451313	1.633917065537418
AT2G36780	756	0.0	1.3897763484196042	1.3221820129311121	0.818598158246003	0.38292363633604143	0.14644874130229013	-0.19492128734677489	-0.17651081604460925	1.1105473984938241
AT2G36792	30	0.0	1.3897763484196042	1.3221820129311121	0.09273452853067346	0.1104943321926546	0.3798565992576271	0.41389703308215414	0.5689580692537393	0.595917937992061
AT2G36800	19710	0.0	-1.0387219112730177	-1.0621616810999395	-0.9289061755612138	-0.5295633010754416	-0.7502283584712464	-1.3495831768109354	-1.4262542243832768	-1.3466996965183782
AT2G36870	0	0.0	1.3897763484196042	1.3221820129311121	0.09273452853067346	0.1104943321926546	0.3798565992576271	1.232385077298978	1.5247457358309853	1.5044026379562263
AT2G36970	19710	0.0	-1.0387219112730177	-1.0621616810999395	-0.9289061755612138	-0.5295633010754416	-0.7502283584712464	-1.3495831768109354	-1.4262542243832768	-1.3466996965183782
AT2G37420	6561	0.0	-0.34292832000393453	-0.4184869908192939	-0.8525228682079703	-1.9459290483004938	-1.9059577714096951	-1.097606792975272	0.31163998310793495	-0.011655202403997469
AT2G37430	756	0.0	1.3897763484196042	1.3221820129311121	0.818598158246003	0.38292363633604143	0.14644874130229013	-0.19492128734677489	-0.17651081604460925	1.1105473984938241
AT2G37640	0	0.0	1.3897763484196042	1.3221820129311121	0.09273452853067346	0.1104943321926546	0.3798565992576271	1.232385077298978	1.5247457358309853	1.5044026379562263
AT2G37710	26244	0.0	0.21607545690343966	0.010565404562498631	-0.22464648892186162	0.002731891259226455	0.2835222289192459	0.625251702634237	0.8878244866451313	1.633917065537418
AT2G38010	0	0.0	1.3897763484196042	1.3221820129311121	0.09273452853067346	0.1104943321926546	0.3798565992576271	1.232385077298978	1.5247457358309853	1.5044026379562263
AT2G38250	27	0.0	1.3897763484196042	1.3221820129311121	0.09273452853067346	0.1104943321926546	0.3798565992576271	0.41389703308215414	0.5689580692537393	1.9352917614604255
AT2G38340	26244	0.0	0.21607545690343966	0.010565404562498631	-0.22464648892186162	0.002731891259226455	0.2835222289192459	0.625251702634237	0.8878244866451313	1.633917065537418
AT2G38400	8748	0.0	-0.34292832000393453	0.024290258313075293	0.6210054096607837	0.36506874117418187	-0.2284740429908892	-1.2226457855510948	-1.3729464147219157	-1.2912623233238143
AT2G38470	729	0.0	1.3897763484196042	1.3221820129311121	0.818598158246003	0.38292363633604143	0.14644874130229013	-1.0124924567358347	-1.0808788582463884	-0.49064077885350255
AT2G38530	0	0.0	1.3897763484196042	1.3221820129311121	0.09273452853067346	0.1104943321926546	0.3798565992576271	1.232385077298978	1.5247457358309853	1.5044026379562263
AT2G38540	0	0.0	1.3897763484196042	1.3221820129311121	0.09273452853067346	0.1104943321926546	0.3798565992576271	1.232385077298978	1.5247457358309853	1.5044026379562263
AT2G38600	30	0.0	1.3897763484196042	1.3221820129311121	0.09273452853067346	0.1104943321926546	0.3798565992576271	0.41389703308215414	0.5689580692537393	0.595917937992061
AT2G38750	0	0.0	1.3897763484196042	1.3221820129311121	0.09273452853067346	0.1104943321926546	0.3798565992576271	1.232385077298978	1.5247457358309853	1.5044026379562263
AT2G38860	27	0.0	1.3897763484196042	1.3221820129311121	0.09273452853067346	0.1104943321926546	0.3798565992576271	0.41389703308215414	0.5689580692537393	1.9352917614604255
AT2G39040	19710	0.0	-1.0387219112730177	-1.0621616810999395	-0.9289061755612138	-0.5295633010754416	-0.7502283584712464	-1.3495831768109354	-1.4262542243832768	-1.3466996965183782
AT2G39050	30	0.0	1.3897763484196042	1.3221820129311121	0.09273452853067346	0.1104943321926546	0.3798565992576271	0.41389703308215414	0.5689580692537393	0.595917937992061
AT2G39310	26244	0.0	0.21607545690343966	0.010565404562498631	-0.22464648892186162	0.002731891259226455	0.2835222289192459	0.625251702634237	0.8878244866451313	1.633917065537418
AT2G39510	26244	0.0	0.21607545690343966	0.010565404562498631	-0.22464648892186162	0.002731891259226455	0.2835222289192459	0.625251702634237	0.8878244866451313	1.633917065537418
AT2G39518	759	0.0	1.3897763484196042	1.3221820129311121	0.818598158246003	0.38292363633604143	0.14644874130229013	-0.19492128734677489	-0.17651081604460925	-0.12819709921791717
AT2G39570	8748	0.0	-0.34292832000393453	0.024290258313075293	0.6210054096607837	0.36506874117418187	-0.2284740429908892	-1.2226457855510948	-1.3729464147219157	-1.2912623233238143
AT2G39580	8748	0.0	-0.34292832000393453	0.024290258313075293	0.6210054096607837	0.36506874117418187	-0.2284740429908892	-1.2226457855510948	-1.3729464147219157	-1.2912623233238143
AT2G39650	27	0.0	1.3897763484196042	1.3221820129311121	0.09273452853067346	0.1104943321926546	0.3798565992576271	0.41389703308215414	0.5689580692537393	1.9352917614604255
AT2G39800	0	0.0	1.3897763484196042	1.3221820129311121	0.09273452853067346	0.1104943321926546	0.3798565992576271	1.232385077298978	1.5247457358309853	1.5044026379562263
AT2G39980	19710	0.0	-1.0387219112730177	-1.0621616810999395	-0.9289061755612138	-0.5295633010754416	-0.7502283584712464	-1.3495831768109354	-1.4262542243832768	-1.3466996965183782
AT2G40000	729	0.0	1.3897763484196042	1.3221820129311121	0.818598158246003	0.38292363633604143	0.14644874130229013	-1.0124924567358347	-1.0808788582463884	-0.49064077885350255
AT2G40460	0	0.0	1.3897763484196042	1.3221820129311121	0.09273452853067346	0.1104943321926546	0.3798565992576271	1.232385077298978	1.5247457358309853	1.5044026379562263
AT2G40610	13122	0.0	1.496113858851713	1.3937937019293964	0.21474280098760976	0.1649349967136464	0.6201960005355599	1.0285985086345724	1.212211500432892	1.2389501871063449
AT2G40750	26244	0.0	0.21607545690343966	0.010565404562498631	-0.22464648892186162	0.002731891259226455	0.2835222289192459	0.625251702634237	0.8878244866451313	1.633917065537418
AT2G41090	26244	0.0	0.21607545690343966	0.010565404562498631	-0.22464648892186162	0.002731891259226455	0.2835222289192459	0.625251702634237	0.8878244866451313	1.633917065537418
AT2G41100	729	0.0	1.3897763484196042	1.3221820129311121	0.818598158246003	0.38292363633604143	0.14644874130229013	-1.0124924567358347	-1.0808788582463884	-0.49064077885350255
AT2G41180	19683	0.0	-1.0387219112730177	-1.0621616810999395	-0.9289061755612138	-0.5295633010754416	-0.7502283584712464	-0.15485486904904386	-0.04614812337467676	0.16082988309852989
AT2G41190	27	0.0	1.3897763484196042	1.3221820129311121	0.09273452853067346	0.1104943321926546	0.3798565992576271	0.41389703308215414	0.5689580692537393	1.9352917614604255
AT2G41410	27	0.0	1.3897763484196042	1.3221820129311121	0.09273452853067346	0.1104943321926546	0.3798565992576271	0.41389703308215414	0.5689580692537393	1.9352917614604255
AT2G41480	19683	0.0	-1.0387219112730177	-1.0621616810999395	-0.9289061755612138	-0.5295633010754416	-0.7502283584712464	-0.15485486904904386	-0.04614812337467676	0.16082988309852989
AT2G41640	729	0.0	1.3897763484196042	1.3221820129311121	0.818598158246003	0.38292363633604143	0.14644874130229013	-1.0124924567358347	-1.0808788582463884	-0.49064077885350255
AT2G41800	30	0.0	1.3897763484196042	1.3221820129311121	0.09273452853067346	0.1104943321926546	0.3798565992576271	0.41389703308215414	0.5689580692537393	0.595917937992061
AT2G41850	729	0.0	1.3897763484196042	1.3221820129311121	0.818598158246003	0.38292363633604143	0.14644874130229013	-1.0124924567358347	-1.0808788582463884	-0.49064077885350255
AT2G42060	759	0.0	1.3897763484196042	1.3221820129311121	0.818598158246003	0.38292363633604143	0.14644874130229013	-0.19492128734677489	-0.17651081604460925	-0.12819709921791717
AT2G42110	6561	0.0	-0.34292832000393453	-0.4184869908192939	-0.8525228682079703	-1.9459290483004938	-1.9059577714096951	-1.097606792975272	0.31163998310793495	-0.011655202403997469
AT2G42380	759	0.0	1.3897763484196042	1.3221820129311121	0.818598158246003	0.38292363633604143	0.14644874130229013	-0.19492128734677489	-0.17651081604460925	-0.12819709921791717
AT2G42530	13122	0.0	1.496113858851713	1.3937937019293964	0.21474280098760976	0.1649349967136464	0.6201960005355599	1.0285985086345724	1.212211500432892	1.2389501871063449
AT2G42540	13122	0.0	1.496113858851713	1.3937937019293964	0.21474280098760976	0.1649349967136464	0.6201960005355599	1.0285985086345724	1.212211500432892	1.2389501871063449
AT2G42870	729	0.0	1.3897763484196042	1.3221820129311121	0.818598158246003	0.38292363633604143	0.14644874130229013	-1.0124924567358347	-1.0808788582463884	-0.49064077885350255
AT2G43010	30	0.0	1.3897763484196042	1.3221820129311121	0.09273452853067346	0.1104943321926546	0.3798565992576271	0.41389703308215414	0.5689580692537393	0.595917937992061
AT2G43100	19683	0.0	-1.0387219112730177	-1.0621616810999395	-0.9289061755612138	-0.5295633010754416	-0.7502283584712464	-0.15485486904904386	-0.04614812337467676	0.16082988309852989
AT2G43120	0	0.0	1.3897763484196042	1.3221820129311121	0.09273452853067346	0.1104943321926546	0.3798565992576271	1.232385077298978	1.5247457358309853	1.5044026379562263
AT2G43140	19710	0.0	-1.0387219112730177	-1.0621616810999395	-0.9289061755612138	-0.5295633010754416	-0.7502283584712464	-1.3495831768109354	-1.4262542243832768	-1.3466996965183782
AT2G43290	0	0.0	1.3897763484196042	1.3221820129311121	0.09273452853067346	0.1104943321926546	0.3798565992576271	1.232385077298978	1.5247457358309853	1.5044026379562263
AT2G43400	8748	0.0	-0.34292832000393453	0.024290258313075293	0.6210054096607837	0.36506874117418187	-0.2284740429908892	-1.2226457855510948	-1.3729464147219157	-1.2912623233238143
AT2G43510	19683	0.0	-1.0387219112730177	-1.0621616810999395	-0.9289061755612138	-0.5295633010754416	-0.7502283584712464	-0.15485486904904386	-0.04614812337467676	0.16082988309852989
AT2G43520	8748	0.0	-0.34292832000393453	0.024290258313075293	0.6210054096607837	0.36506874117418187	-0.2284740429908892	-1.2226457855510948	-1.3729464147219157	-1.2912623233238143
AT2G43550	26244	0.0	0.21607545690343966	0.010565404562498631	-0.22464648892186162	0.002731891259226455	0.2835222289192459	0.625251702634237	0.8878244866451313	1.633917065537418
AT2G43620	13122	0.0	1.496113858851713	1.3937937019293964	0.21474280098760976	0.1649349967136464	0.6201960005355599	1.0285985086345724	1.212211500432892	1.2389501871063449
AT2G43880	759	0.0	1.3897763484196042	1.3221820129311121	0.818598158246003	0.38292363633604143	0.14644874130229013	-0.19492128734677489	-0.17651081604460925	-0.12819709921791717
AT2G44130	729	0.0	1.3897763484196042	1.3221820129311121	0.818598158246003	0.38292363633604143	0.14644874130229013	-1.0124924567358347	-1.0808788582463884	-0.49064077885350255
AT2G44190	6561	0.0	-0.34292832000393453	-0.4184869908192939	-0.8525228682079703	-1.9459290483004938	-1.9059577714096951	-1.097606792975272	0.31163998310793495	-0.011655202403997469
AT2G44230	0	0.0	1.3897763484196042	1.3221820129311121	0.09273452853067346	0.1104943321926546	0.3798565992576271	1.232385077298978	1.5247457358309853	1.5044026379562263
AT2G44290	27	0.0	1.3897763484196042	1.3221820129311121	0.09273452853067346	0.1104943321926546	0.3798565992576271	0.41389703308215414	0.5689580692537393	1.9352917614604255
AT2G44300	0	0.0	1.3897763484196042	1.3221820129311121	0.09273452853067346	0.1104943321926546	0.3798565992576271	1.232385077298978	1.5247457358309853	1.5044026379562263
AT2G44370	759	0.0	1.3897763484196042	1.3221820129311121	0.818598158246003	0.38292363633604143	0.14644874130229013	-0.19492128734677489	-0.17651081604460925	-0.12819709921791717
AT2G44840	756	0.0	1.3897763484196042	1.3221820129311121	0.818598158246003	0.38292363633604143	0.14644874130229013	-0.19492128734677489	-0.17651081604460925	1.1105473984938241
AT2G44910	759	0.0	1.3897763484196042	1.3221820129311121	0.818598158246003	0.38292363633604143	0.14644874130229013	-0.19492128734677489	-0.17651081604460925	-0.12819709921791717
AT2G45170	759	0.0	1.3897763484196042	1.3221820129311121	0.818598158246003	0.38292363633604143	0.14644874130229013	-0.19492128734677489	-0.17651081604460925	-0.12819709921791717
AT2G45220	8748	0.0	-0.34292832000393453	0.024290258313075293	0.6210054096607837	0.36506874117418187	-0.2284740429908892	-1.2226457855510948	-1.3729464147219157	-1.2912623233238143
AT2G46240	759	0.0	1.3897763484196042	1.3221820129311121	0.818598158246003	0.38292363633604143	0.14644874130229013	-0.19492128734677489	-0.17651081604460925	-0.12819709921791717
AT2G46400	27	0.0	1.3897763484196042	1.3221820129311121	0.09273452853067346	0.1104943321926546	0.3798565992576271	0.41389703308215414	0.5689580692537393	1.9352917614604255
AT2G46430	26244	0.0	0.21607545690343966	0.010565404562498631	-0.22464648892186162	0.002731891259226455	0.2835222289192459	0.625251702634237	0.8878244866451313	1.633917065537418
AT2G46440	26244	0.0	0.21607545690343966	0.010565404562498631	-0.22464648892186162	0.002731891259226455	0.2835222289192459	0.625251702634237	0.8878244866451313	1.633917065537418
AT2G46535	0	0.0	1.3897763484196042	1.3221820129311121	0.09273452853067346	0.1104943321926546	0.3798565992576271	1.232385077298978	1.5247457358309853	1.5044026379562263
AT2G46600	30	0.0	1.3897763484196042	1.3221820129311121	0.09273452853067346	0.1104943321926546	0.3798565992576271	0.41389703308215414	0.5689580692537393	0.595917937992061
AT2G46640	26244	0.0	0.21607545690343966	0.010565404562498631	-0.22464648892186162	0.002731891259226455	0.2835222289192459	0.625251702634237	0.8878244866451313	1.633917065537418
AT2G46650	13122	0.0	1.496113858851713	1.3937937019293964	0.21474280098760976	0.1649349967136464	0.6201960005355599	1.0285985086345724	1.212211500432892	1.2389501871063449
AT2G46670	19683	0.0	-1.0387219112730177	-1.0621616810999395	-0.9289061755612138	-0.5295633010754416	-0.7502283584712464	-0.15485486904904386	-0.04614812337467676	0.16082988309852989
AT2G46680	0	0.0	1.3897763484196042	1.3221820129311121	0.09273452853067346	0.1104943321926546	0.3798565992576271	1.232385077298978	1.5247457358309853	1.5044026379562263
AT2G46750	8748	0.0	-0.34292832000393453	0.024290258313075293	0.6210054096607837	0.36506874117418187	-0.2284740429908892	-1.2226457855510948	-1.3729464147219157	-1.2912623233238143
AT2G46790	19710	0.0	-1.0387219112730177	-1.0621616810999395	-0.9289061755612138	-0.5295633010754416	-0.7502283584712464	-1.3495831768109354	-1.4262542243832768	-1.3466996965183782
AT2G46830	8748	0.0	-0.34292832000393453	0.024290258313075293	0.6210054096607837	0.36506874117418187	-0.2284740429908892	-1.2226457855510948	-1.3729464147219157	-1.2912623233238143
AT2G46970	13122	0.0	1.496113858851713	1.3937937019293964	0.21474280098760976	0.1649349967136464	0.6201960005355599	1.0285985086345724	1.212211500432892	1.2389501871063449
AT2G47460	19683	0.0	-1.0387219112730177	-1.0621616810999395	-0.9289061755612138	-0.5295633010754416	-0.7502283584712464	-0.15485486904904386	-0.04614812337467676	0.16082988309852989
AT2G47680	26244	0.0	0.21607545690343966	0.010565404562498631	-0.22464648892186162	0.002731891259226455	0.2835222289192459	0.625251702634237	0.8878244866451313	1.633917065537418
AT2G47780	26244	0.0	0.21607545690343966	0.010565404562498631	-0.22464648892186162	0.002731891259226455	0.2835222289192459	0.625251702634237	0.8878244866451313	1.633917065537418
AT2G47880	26244	0.0	0.21607545690343966	0.010565404562498631	-0.22464648892186162	0.002731891259226455	0.2835222289192459	0.625251702634237	0.8878244866451313	1.633917065537418
AT3G01175	8748	0.0	-0.34292832000393453	0.024290258313075293	0.6210054096607837	0.36506874117418187	-0.2284740429908892	-1.2226457855510948	-1.3729464147219157	-1.2912623233238143
AT3G01260	19683	0.0	-1.0387219112730177	-1.0621616810999395	-0.9289061755612138	-0.5295633010754416	-0.7502283584712464	-0.15485486904904386	-0.04614812337467676	0.16082988309852989
AT3G01290	8748	0.0	-0.34292832000393453	0.024290258313075293	0.6210054096607837	0.36506874117418187	-0.2284740429908892	-1.2226457855510948	-1.3729464147219157	-1.2912623233238143
AT3G01420	729	0.0	1.3897763484196042	1.3221820129311121	0.818598158246003	0.38292363633604143	0.14644874130229013	-1.0124924567358347	-1.0808788582463884	-0.49064077885350255
AT3G01550	30	0.0	1.3897763484196042	1.3221820129311121	0.09273452853067346	0.1104943321926546	0.3798565992576271	0.41389703308215414	0.5689580692537393	0.595917937992061
AT3G01600	26244	0.0	0.21607545690343966	0.010565404562498631	-0.22464648892186162	0.002731891259226455	0.2835222289192459	0.625251702634237	0.8878244866451313	1.633917065537418
AT3G01710	6561	0.0	-0.34292832000393453	-0.4184869908192939	-0.8525228682079703	-1.9459290483004938	-1.9059577714096951	-1.097606792975272	0.31163998310793495	-0.011655202403997469
AT3G02020	19683	0.0	-1.0387219112730177	-1.0621616810999395	-0.9289061755612138	-0.5295633010754416	-0.7502283584712464	-0.15485486904904386	-0.04614812337467676	0.16082988309852989
AT3G02120	6561	0.0	-0.34292832000393453	-0.4184869908192939	-0.8525228682079703	-1.9459290483004938	-1.9059577714096951	-1.097606792975272	0.31163998310793495	-0.011655202403997469
AT3G02140	8748	0.0	-0.34292832000393453	0.024290258313075293	0.6210054096607837	0.36506874117418187	-0.2284740429908892	-1.2226457855510948	-1.3729464147219157	-1.2912623233238143
AT3G02480	26244	0.0	0.21607545690343966	0.010565404562498631	-0.22464648892186162	0.002731891259226455	0.2835222289192459	0.625251702634237	0.8878244866451313	1.633917065537418
AT3G02535	26244	0.0	0.21607545690343966	0.010565404562498631	-0.22464648892186162	0.002731891259226455	0.2835222289192459	0.625251702634237	0.8878244866451313	1.633917065537418
AT3G02550	0	0.0	1.3897763484196042	1.3221820129311121	0.09273452853067346	0.1104943321926546	0.3798565992576271	1.232385077298978	1.5247457358309853	1.5044026379562263
AT3G02640	6561	0.0	-0.34292832000393453	-0.4184869908192939	-0.8525228682079703	-1.9459290483004938	-1.9059577714096951	-1.097606792975272	0.31163998310793495	-0.011655202403997469
AT3G02870	0	0.0	1.3897763484196042	1.3221820129311121	0.09273452853067346	0.1104943321926546	0.3798565992576271	1.232385077298978	1.5247457358309853	1.5044026379562263
AT3G02885	26244	0.0	0.21607545690343966	0.010565404562498631	-0.22464648892186162	0.002731891259226455	0.2835222289192459	0.625251702634237	0.8878244866451313	1.633917065537418
AT3G03130	6561	0.0	-0.34292832000393453	-0.4184869908192939	-0.8525228682079703	-1.9459290483004938	-1.9059577714096951	-1.097606792975272	0.31163998310793495	-0.011655202403997469
AT3G03145	26244	0.0	0.21607545690343966	0.010565404562498631	-0.22464648892186162	0.002731891259226455	0.2835222289192459	0.625251702634237	0.8878244866451313	1.633917065537418
AT3G03190	19683	0.0	-1.0387219112730177	-1.0621616810999395	-0.9289061755612138	-0.5295633010754416	-0.7502283584712464	-0.15485486904904386	-0.04614812337467676	0.16082988309852989
AT3G03270	26244	0.0	0.21607545690343966	0.010565404562498631	-0.22464648892186162	0.002731891259226455	0.2835222289192459	0.625251702634237	0.8878244866451313	1.633917065537418
AT3G03640	0	0.0	1.3897763484196042	1.3221820129311121	0.09273452853067346	0.1104943321926546	0.3798565992576271	1.232385077298978	1.5247457358309853	1.5044026379562263
AT3G03770	30	0.0	1.3897763484196042	1.3221820129311121	0.09273452853067346	0.1104943321926546	0.3798565992576271	0.41389703308215414	0.5689580692537393	0.595917937992061
AT3G03780	0	0.0	1.3897763484196042	1.3221820129311121	0.09273452853067346	0.1104943321926546	0.3798565992576271	1.232385077298978	1.5247457358309853	1.5044026379562263
AT3G03820	0	0.0	1.3897763484196042	1.3221820129311121	0.09273452853067346	0.1104943321926546	0.3798565992576271	1.232385077298978	1.5247457358309853	1.5044026379562263
AT3G03840	30	0.0	1.3897763484196042	1.3221820129311121	0.09273452853067346	0.1104943321926546	0.3798565992576271	0.41389703308215414	0.5689580692537393	0.595917937992061
AT3G03850	13122	0.0	1.496113858851713	1.3937937019293964	0.21474280098760976	0.1649349967136464	0.6201960005355599	1.0285985086345724	1.212211500432892	1.2389501871063449
AT3G03870	30	0.0	1.3897763484196042	1.3221820129311121	0.09273452853067346	0.1104943321926546	0.3798565992576271	0.41389703308215414	0.5689580692537393	0.595917937992061
AT3G04140	19683	0.0	-1.0387219112730177	-1.0621616810999395	-0.9289061755612138	-0.5295633010754416	-0.7502283584712464	-0.15485486904904386	-0.04614812337467676	0.16082988309852989
AT3G04210	27	0.0	1.3897763484196042	1.3221820129311121	0.09273452853067346	0.1104943321926546	0.3798565992576271	0.41389703308215414	0.5689580692537393	1.9352917614604255
AT3G04615	729	0.0	1.3897763484196042	1.3221820129311121	0.818598158246003	0.38292363633604143	0.14644874130229013	-1.0124924567358347	-1.0808788582463884	-0.49064077885350255
AT3G04640	759	0.0	1.3897763484196042	1.3221820129311121	0.818598158246003	0.38292363633604143	0.14644874130229013	-0.19492128734677489	-0.17651081604460925	-0.12819709921791717
AT3G04720	19683	0.0	-1.0387219112730177	-1.0621616810999395	-0.9289061755612138	-0.5295633010754416	-0.7502283584712464	-0.15485486904904386	-0.04614812337467676	0.16082988309852989
AT3G05330	6561	0.0	-0.34292832000393453	-0.4184869908192939	-0.8525228682079703	-1.9459290483004938	-1.9059577714096951	-1.097606792975272	0.31163998310793495	-0.011655202403997469
AT3G05650	26244	0.0	0.21607545690343966	0.010565404562498631	-0.22464648892186162	0.002731891259226455	0.2835222289192459	0.625251702634237	0.8878244866451313	1.633917065537418
AT3G05660	27	0.0	1.3897763484196042	1.3221820129311121	0.09273452853067346	0.1104943321926546	0.3798565992576271	0.41389703308215414	0.5689580692537393	1.9352917614604255
AT3G05955	26244	0.0	0.21607545690343966	0.010565404562498631	-0.22464648892186162	0.002731891259226455	0.2835222289192459	0.625251702634237	0.8878244866451313	1.633917065537418
AT3G06070	759	0.0	1.3897763484196042	1.3221820129311121	0.818598158246003	0.38292363633604143	0.14644874130229013	-0.19492128734677489	-0.17651081604460925	-0.12819709921791717
AT3G06390	19710	0.0	-1.0387219112730177	-1.0621616810999395	-0.9289061755612138	-0.5295633010754416	-0.7502283584712464	-1.3495831768109354	-1.4262542243832768	-1.3466996965183782
AT3G06850	8748	0.0	-0.34292832000393453	0.024290258313075293	0.6210054096607837	0.36506874117418187	-0.2284740429908892	-1.2226457855510948	-1.3729464147219157	-1.2912623233238143
AT3G07090	30	0.0	1.3897763484196042	1.3221820129311121	0.09273452853067346	0.1104943321926546	0.3798565992576271	0.41389703308215414	0.5689580692537393	0.595917937992061
AT3G07350	729	0.0	1.3897763484196042	1.3221820129311121	0.818598158246003	0.38292363633604143	0.14644874130229013	-1.0124924567358347	-1.0808788582463884	-0.49064077885350255
AT3G07390	0	0.0	1.3897763484196042	1.3221820129311121	0.09273452853067346	0.1104943321926546	0.3798565992576271	1.232385077298978	1.5247457358309853	1.5044026379562263
AT3G07770	30	0.0	1.3897763484196042	1.3221820129311121	0.09273452853067346	0.1104943321926546	0.3798565992576271	0.41389703308215414	0.5689580692537393	0.595917937992061
AT3G07835	0	0.0	1.3897763484196042	1.3221820129311121	0.09273452853067346	0.1104943321926546	0.3798565992576271	1.232385077298978	1.5247457358309853	1.5044026379562263
AT3G08170	30	0.0	1.3897763484196042	1.3221820129311121	0.09273452853067346	0.1104943321926546	0.3798565992576271	0.41389703308215414	0.5689580692537393	0.595917937992061
AT3G08970	30	0.0	1.3897763484196042	1.3221820129311121	0.09273452853067346	0.1104943321926546	0.3798565992576271	0.41389703308215414	0.5689580692537393	0.595917937992061
AT3G09220	8748	0.0	-0.34292832000393453	0.024290258313075293	0.6210054096607837	0.36506874117418187	-0.2284740429908892	-1.2226457855510948	-1.3729464147219157	-1.2912623233238143
AT3G09275	8748	0.0	-0.34292832000393453	0.024290258313075293	0.6210054096607837	0.36506874117418187	-0.2284740429908892	-1.2226457855510948	-1.3729464147219157	-1.2912623233238143
AT3G09350	759	0.0	1.3897763484196042	1.3221820129311121	0.818598158246003	0.38292363633604143	0.14644874130229013	-0.19492128734677489	-0.17651081604460925	-0.12819709921791717
AT3G09390	26244	0.0	0.21607545690343966	0.010565404562498631	-0.22464648892186162	0.002731891259226455	0.2835222289192459	0.625251702634237	0.8878244866451313	1.633917065537418
AT3G09440	0	0.0	1.3897763484196042	1.3221820129311121	0.09273452853067346	0.1104943321926546	0.3798565992576271	1.232385077298978	1.5247457358309853	1.5044026379562263
AT3G09450	19710	0.0	-1.0387219112730177	-1.0621616810999395	-0.9289061755612138	-0.5295633010754416	-0.7502283584712464	-1.3495831768109354	-1.4262542243832768	-1.3466996965183782
AT3G09540	0	0.0	1.3897763484196042	1.3221820129311121	0.09273452853067346	0.1104943321926546	0.3798565992576271	1.232385077298978	1.5247457358309853	1.5044026379562263
AT3G10020	729	0.0	1.3897763484196042	1.3221820129311121	0.818598158246003	0.38292363633604143	0.14644874130229013	-1.0124924567358347	-1.0808788582463884	-0.49064077885350255
AT3G10040	26244	0.0	0.21607545690343966	0.010565404562498631	-0.22464648892186162	0.002731891259226455	0.2835222289192459	0.625251702634237	0.8878244866451313	1.633917065537418
AT3G10310	6561	0.0	-0.34292832000393453	-0.4184869908192939	-0.8525228682079703	-1.9459290483004938	-1.9059577714096951	-1.097606792975272	0.31163998310793495	-0.011655202403997469
AT3G10930	27	0.0	1.3897763484196042	1.3221820129311121	0.09273452853067346	0.1104943321926546	0.3798565992576271	0.41389703308215414	0.5689580692537393	1.9352917614604255
AT3G11010	26244	0.0	0.21607545690343966	0.010565404562498631	-0.22464648892186162	0.002731891259226455	0.2835222289192459	0.625251702634237	0.8878244866451313	1.633917065537418
AT3G11520	6561	0.0	-0.34292832000393453	-0.4184869908192939	-0.8525228682079703	-1.9459290483004938	-1.9059577714096951	-1.097606792975272	0.31163998310793495	-0.011655202403997469
AT3G12145	19710	0.0	-1.0387219112730177	-1.0621616810999395	-0.9289061755612138	-0.5295633010754416	-0.7502283584712464	-1.3495831768109354	-1.4262542243832768	-1.3466996965183782
AT3G12320	8748	0.0	-0.34292832000393453	0.024290258313075293	0.6210054096607837	0.36506874117418187	-0.2284740429908892	-1.2226457855510948	-1.3729464147219157	-1.2912623233238143
AT3G12410	26244	0.0	0.21607545690343966	0.010565404562498631	-0.22464648892186162	0.002731891259226455	0.2835222289192459	0.625251702634237	0.8878244866451313	1.633917065537418
AT3G12580	13122	0.0	1.496113858851713	1.3937937019293964	0.21474280098760976	0.1649349967136464	0.6201960005355599	1.0285985086345724	1.212211500432892	1.2389501871063449
AT3G12870	6561	0.0	-0.34292832000393453	-0.4184869908192939	-0.8525228682079703	-1.9459290483004938	-1.9059577714096951	-1.097606792975272	0.31163998310793495	-0.011655202403997469
AT3G13080	756	0.0	1.3897763484196042	1.3221820129311121	0.818598158246003	0.38292363633604143	0.14644874130229013	-0.19492128734677489	-0.17651081604460925	1.1105473984938241
AT3G13450	8748	0.0	-0.34292832000393453	0.024290258313075293	0.6210054096607837	0.36506874117418187	-0.2284740429908892	-1.2226457855510948	-1.3729464147219157	-1.2912623233238143
AT3G13610	27	0.0	1.3897763484196042	1.3221820129311121	0.09273452853067346	0.1104943321926546	0.3798565992576271	0.41389703308215414	0.5689580692537393	1.9352917614604255
AT3G13650	0	0.0	1.3897763484196042	1.3221820129311121	0.09273452853067346	0.1104943321926546	0.3798565992576271	1.232385077298978	1.5247457358309853	1.5044026379562263
AT3G14190	6561	0.0	-0.34292832000393453	-0.4184869908192939	-0.8525228682079703	-1.9459290483004938	-1.9059577714096951	-1.097606792975272	0.31163998310793495	-0.011655202403997469
AT3G14200	759	0.0	1.3897763484196042	1.3221820129311121	0.818598158246003	0.38292363633604143	0.14644874130229013	-0.19492128734677489	-0.17651081604460925	-0.12819709921791717
AT3G14440	27	0.0	1.3897763484196042	1.3221820129311121	0.09273452853067346	0.1104943321926546	0.3798565992576271	0.41389703308215414	0.5689580692537393	1.9352917614604255
AT3G15340	756	0.0	1.3897763484196042	1.3221820129311121	0.818598158246003	0.38292363633604143	0.14644874130229013	-0.19492128734677489	-0.17651081604460925	1.1105473984938241
AT3G15356	19710	0.0	-1.0387219112730177	-1.0621616810999395	-0.9289061755612138	-0.5295633010754416	-0.7502283584712464	-1.3495831768109354	-1.4262542243832768	-1.3466996965183782
AT3G15450	8748	0.0	-0.34292832000393453	0.024290258313075293	0.6210054096607837	0.36506874117418187	-0.2284740429908892	-1.2226457855510948	-1.3729464147219157	-1.2912623233238143
AT3G15500	19710	0.0	-1.0387219112730177	-1.0621616810999395	-0.9289061755612138	-0.5295633010754416	-0.7502283584712464	-1.3495831768109354	-1.4262542243832768	-1.3466996965183782
AT3G15550	6561	0.0	-0.34292832000393453	-0.4184869908192939	-0.8525228682079703	-1.9459290483004938	-1.9059577714096951	-1.097606792975272	0.31163998310793495	-0.011655202403997469
AT3G15620	8748	0.0	-0.34292832000393453	0.024290258313075293	0.6210054096607837	0.36506874117418187	-0.2284740429908892	-1.2226457855510948	-1.3729464147219157	-1.2912623233238143
AT3G15630	8748	0.0	-0.34292832000393453	0.024290258313075293	0.6210054096607837	0.36506874117418187	-0.2284740429908892	-1.2226457855510948	-1.3729464147219157	-1.2912623233238143
AT3G15650	26244	0.0	0.21607545690343966	0.010565404562498631	-0.22464648892186162	0.002731891259226455	0.2835222289192459	0.625251702634237	0.8878244866451313	1.633917065537418
AT3G15770	759	0.0	1.3897763484196042	1.3221820129311121	0.818598158246003	0.38292363633604143	0.14644874130229013	-0.19492128734677489	-0.17651081604460925	-0.12819709921791717
AT3G16370	0	0.0	1.3897763484196042	1.3221820129311121	0.09273452853067346	0.1104943321926546	0.3798565992576271	1.232385077298978	1.5247457358309853	1.5044026379562263
AT3G16650	26244	0.0	0.21607545690343966	0.010565404562498631	-0.22464648892186162	0.002731891259226455	0.2835222289192459	0.625251702634237	0.8878244866451313	1.633917065537418
AT3G16670	19683	0.0	-1.0387219112730177	-1.0621616810999395	-0.9289061755612138	-0.5295633010754416	-0.7502283584712464	-0.15485486904904386	-0.04614812337467676	0.16082988309852989
AT3G16720	756	0.0	1.3897763484196042	1.3221820129311121	0.818598158246003	0.38292363633604143	0.14644874130229013	-0.19492128734677489	-0.17651081604460925	1.1105473984938241
AT3G17130	0	0.0	1.3897763484196042	1.3221820129311121	0.09273452853067346	0.1104943321926546	0.3798565992576271	1.232385077298978	1.5247457358309853	1.5044026379562263
AT3G17520	19683	0.0	-1.0387219112730177	-1.0621616810999395	-0.9289061755612138	-0.5295633010754416	-0.7502283584712464	-0.15485486904904386	-0.04614812337467676	0.16082988309852989
AT3G17690	26244	0.0	0.21607545690343966	0.010565404562498631	-0.22464648892186162	0.002731891259226455	0.2835222289192459	0.625251702634237	0.8878244866451313	1.633917065537418
AT3G17700	756	0.0	1.3897763484196042	1.3221820129311121	0.818598158246003	0.38292363633604143	0.14644874130229013	-0.19492128734677489	-0.17651081604460925	1.1105473984938241
AT3G17712	8748	0.0	-0.34292832000393453	0.024290258313075293	0.6210054096607837	0.36506874117418187	-0.2284740429908892	-1.2226457855510948	-1.3729464147219157	-1.2912623233238143
AT3G17790	26244	0.0	0.21607545690343966	0.010565404562498631	-0.22464648892186162	0.002731891259226455	0.2835222289192459	0.625251702634237	0.8878244866451313	1.633917065537418
AT3G18000	30	0.0	1.3897763484196042	1.3221820129311121	0.09273452853067346	0.1104943321926546	0.3798565992576271	0.41389703308215414	0.5689580692537393	0.595917937992061
AT3G18290	8748	0.0	-0.34292832000393453	0.024290258313075293	0.6210054096607837	0.36506874117418187	-0.2284740429908892	-1.2226457855510948	-1.3729464147219157	-1.2912623233238143
AT3G18773	8748	0.0	-0.34292832000393453	0.024290258313075293	0.6210054096607837	0.36506874117418187	-0.2284740429908892	-1.2226457855510948	-1.3729464147219157	-1.2912623233238143
AT3G19430	19710	0.0	-1.0387219112730177	-1.0621616810999395	-0.9289061755612138	-0.5295633010754416	-0.7502283584712464	-1.3495831768109354	-1.4262542243832768	-1.3466996965183782
AT3G19620	26244	0.0	0.21607545690343966	0.010565404562498631	-0.22464648892186162	0.002731891259226455	0.2835222289192459	0.625251702634237	0.8878244866451313	1.633917065537418
AT3G19710	19683	0.0	-1.0387219112730177	-1.0621616810999395	-0.9289061755612138	-0.5295633010754416	-0.7502283584712464	-0.15485486904904386	-0.04614812337467676	0.16082988309852989
AT3G20150	6561	0.0	-0.34292832000393453	-0.4184869908192939	-0.8525228682079703	-1.9459290483004938	-1.9059577714096951	-1.097606792975272	0.31163998310793495	-0.011655202403997469
AT3G20395	19710	0.0	-1.0387219112730177	-1.0621616810999395	-0.9289061755612138	-0.5295633010754416	-0.7502283584712464	-1.3495831768109354	-1.4262542243832768	-1.3466996965183782
AT3G20470	0	0.0	1.3897763484196042	1.3221820129311121	0.09273452853067346	0.1104943321926546	0.3798565992576271	1.232385077298978	1.5247457358309853	1.5044026379562263
AT3G20810	19710	0.0	-1.0387219112730177	-1.0621616810999395	-0.9289061755612138	-0.5295633010754416	-0.7502283584712464	-1.3495831768109354	-1.4262542243832768	-1.3466996965183782
AT3G21150	19683	0.0	-1.0387219112730177	-1.0621616810999395	-0.9289061755612138	-0.5295633010754416	-0.7502283584712464	-0.15485486904904386	-0.04614812337467676	0.16082988309852989
AT3G21330	759	0.0	1.3897763484196042	1.3221820129311121	0.818598158246003	0.38292363633604143	0.14644874130229013	-0.19492128734677489	-0.17651081604460925	-0.12819709921791717
AT3G21560	19683	0.0	-1.0387219112730177	-1.0621616810999395	-0.9289061755612138	-0.5295633010754416	-0.7502283584712464	-0.15485486904904386	-0.04614812337467676	0.16082988309852989
AT3G21720	13122	0.0	1.496113858851713	1.3937937019293964	0.21474280098760976	0.1649349967136464	0.6201960005355599	1.0285985086345724	1.212211500432892	1.2389501871063449
AT3G21760	19683	0.0	-1.0387219112730177	-1.0621616810999395	-0.9289061755612138	-0.5295633010754416	-0.7502283584712464	-0.15485486904904386	-0.04614812337467676	0.16082988309852989
AT3G21890	19683	0.0	-1.0387219112730177	-1.0621616810999395	-0.9289061755612138	-0.5295633010754416	-0.7502283584712464	-0.15485486904904386	-0.04614812337467676	0.16082988309852989
AT3G21950	26244	0.0	0.21607545690343966	0.010565404562498631	-0.22464648892186162	0.002731891259226455	0.2835222289192459	0.625251702634237	0.8878244866451313	1.633917065537418
AT3G22070	26244	0.0	0.21607545690343966	0.010565404562498631	-0.22464648892186162	0.002731891259226455	0.2835222289192459	0.625251702634237	0.8878244866451313	1.633917065537418
AT3G22120	19683	0.0	-1.0387219112730177	-1.0621616810999395	-0.9289061755612138	-0.5295633010754416	-0.7502283584712464	-0.15485486904904386	-0.04614812337467676	0.16082988309852989
AT3G22121	729	0.0	1.3897763484196042	1.3221820129311121	0.818598158246003	0.38292363633604143	0.14644874130229013	-1.0124924567358347	-1.0808788582463884	-0.49064077885350255
AT3G22235	13122	0.0	1.496113858851713	1.3937937019293964	0.21474280098760976	0.1649349967136464	0.6201960005355599	1.0285985086345724	1.212211500432892	1.2389501871063449
AT3G22240	19683	0.0	-1.0387219112730177	-1.0621616810999395	-0.9289061755612138	-0.5295633010754416	-0.7502283584712464	-0.15485486904904386	-0.04614812337467676	0.16082988309852989
AT3G22550	26244	0.0	0.21607545690343966	0.010565404562498631	-0.22464648892186162	0.002731891259226455	0.2835222289192459	0.625251702634237	0.8878244866451313	1.633917065537418
AT3G22600	30	0.0	1.3897763484196042	1.3221820129311121	0.09273452853067346	0.1104943321926546	0.3798565992576271	0.41389703308215414	0.5689580692537393	0.595917937992061
AT3G22620	30	0.0	1.3897763484196042	1.3221820129311121	0.09273452853067346	0.1104943321926546	0.3798565992576271	0.41389703308215414	0.5689580692537393	0.595917937992061
AT3G22800	8748	0.0	-0.34292832000393453	0.024290258313075293	0.6210054096607837	0.36506874117418187	-0.2284740429908892	-1.2226457855510948	-1.3729464147219157	-1.2912623233238143
AT3G22830	30	0.0	1.3897763484196042	1.3221820129311121	0.09273452853067346	0.1104943321926546	0.3798565992576271	0.41389703308215414	0.5689580692537393	0.595917937992061
AT3G22840	19683	0.0	-1.0387219112730177	-1.0621616810999395	-0.9289061755612138	-0.5295633010754416	-0.7502283584712464	-0.15485486904904386	-0.04614812337467676	0.16082988309852989
AT3G22910	27	0.0	1.3897763484196042	1.3221820129311121	0.09273452853067346	0.1104943321926546	0.3798565992576271	0.41389703308215414	0.5689580692537393	1.9352917614604255
AT3G22930	0	0.0	1.3897763484196042	1.3221820129311121	0.09273452853067346	0.1104943321926546	0.3798565992576271	1.232385077298978	1.5247457358309853	1.5044026379562263
AT3G23110	26244	0.0	0.21607545690343966	0.010565404562498631	-0.22464648892186162	0.002731891259226455	0.2835222289192459	0.625251702634237	0.8878244866451313	1.633917065537418
AT3G23150	19710	0.0	-1.0387219112730177	-1.0621616810999395	-0.9289061755612138	-0.5295633010754416	-0.7502283584712464	-1.3495831768109354	-1.4262542243832768	-1.3466996965183782
AT3G23170	0	0.0	1.3897763484196042	1.3221820129311121	0.09273452853067346	0.1104943321926546	0.3798565992576271	1.232385077298978	1.5247457358309853	1.5044026379562263
AT3G23550	13122	0.0	1.496113858851713	1.3937937019293964	0.21474280098760976	0.1649349967136464	0.6201960005355599	1.0285985086345724	1.212211500432892	1.2389501871063449
AT3G23670	6561	0.0	-0.34292832000393453	-0.4184869908192939	-0.8525228682079703	-1.9459290483004938	-1.9059577714096951	-1.097606792975272	0.31163998310793495	-0.011655202403997469
AT3G23810	0	0.0	1.3897763484196042	1.3221820129311121	0.09273452853067346	0.1104943321926546	0.3798565992576271	1.232385077298978	1.5247457358309853	1.5044026379562263
AT3G23890	6561	0.0	-0.34292832000393453	-0.4184869908192939	-0.8525228682079703	-1.9459290483004938	-1.9059577714096951	-1.097606792975272	0.31163998310793495	-0.011655202403997469
AT3G24420	759	0.0	1.3897763484196042	1.3221820129311121	0.818598158246003	0.38292363633604143	0.14644874130229013	-0.19492128734677489	-0.17651081604460925	-0.12819709921791717
AT3G24500	759	0.0	1.3897763484196042	1.3221820129311121	0.818598158246003	0.38292363633604143	0.14644874130229013	-0.19492128734677489	-0.17651081604460925	-0.12819709921791717
AT3G25190	8748	0.0	-0.34292832000393453	0.024290258313075293	0.6210054096607837	0.36506874117418187	-0.2284740429908892	-1.2226457855510948	-1.3729464147219157	-1.2912623233238143
AT3G25230	30	0.0	1.3897763484196042	1.3221820129311121	0.09273452853067346	0.1104943321926546	0.3798565992576271	0.41389703308215414	0.5689580692537393	0.595917937992061
AT3G25600	30	0.0	1.3897763484196042	1.3221820129311121	0.09273452853067346	0.1104943321926546	0.3798565992576271	0.41389703308215414	0.5689580692537393	0.595917937992061
AT3G25770	19683	0.0	-1.0387219112730177	-1.0621616810999395	-0.9289061755612138	-0.5295633010754416	-0.7502283584712464	-0.15485486904904386	-0.04614812337467676	0.16082988309852989
AT3G25882	26244	0.0	0.21607545690343966	0.010565404562498631	-0.22464648892186162	0.002731891259226455	0.2835222289192459	0.625251702634237	0.8878244866451313	1.633917065537418
AT3G25980	6561	0.0	-0.34292832000393453	-0.4184869908192939	-0.8525228682079703	-1.9459290483004938	-1.9059577714096951	-1.097606792975272	0.31163998310793495	-0.011655202403997469
AT3G26050	6561	0.0	-0.34292832000393453	-0.4184869908192939	-0.8525228682079703	-1.9459290483004938	-1.9059577714096951	-1.097606792975272	0.31163998310793495	-0.011655202403997469
AT3G26220	8748	0.0	-0.34292832000393453	0.024290258313075293	0.6210054096607837	0.36506874117418187	-0.2284740429908892	-1.2226457855510948	-1.3729464147219157	-1.2912623233238143
AT3G26460	0	0.0	1.3897763484196042	1.3221820129311121	0.09273452853067346	0.1104943321926546	0.3798565992576271	1.232385077298978	1.5247457358309853	1.5044026379562263
AT3G26830	26244	0.0	0.21607545690343966	0.010565404562498631	-0.22464648892186162	0.002731891259226455	0.2835222289192459	0.625251702634237	0.8878244866451313	1.633917065537418
AT3G26840	27	0.0	1.3897763484196042	1.3221820129311121	0.09273452853067346	0.1104943321926546	0.3798565992576271	0.41389703308215414	0.5689580692537393	1.9352917614604255
AT3G27220	26244	0.0	0.21607545690343966	0.010565404562498631	-0.22464648892186162	0.002731891259226455	0.2835222289192459	0.625251702634237	0.8878244866451313	1.633917065537418
AT3G27400	27	0.0	1.3897763484196042	1.3221820129311121	0.09273452853067346	0.1104943321926546	0.3798565992576271	0.41389703308215414	0.5689580692537393	1.9352917614604255
AT3G27630	26244	0.0	0.21607545690343966	0.010565404562498631	-0.22464648892186162	0.002731891259226455	0.2835222289192459	0.625251702634237	0.8878244866451313	1.633917065537418
AT3G27690	0	0.0	1.3897763484196042	1.3221820129311121	0.09273452853067346	0.1104943321926546	0.3798565992576271	1.232385077298978	1.5247457358309853	1.5044026379562263
AT3G28070	0	0.0	1.3897763484196042	1.3221820129311121	0.09273452853067346	0.1104943321926546	0.3798565992576271	1.232385077298978	1.5247457358309853	1.5044026379562263
AT3G28130	0	0.0	1.3897763484196042	1.3221820129311121	0.09273452853067346	0.1104943321926546	0.3798565992576271	1.232385077298978	1.5247457358309853	1.5044026379562263
AT3G28210	756	0.0	1.3897763484196042	1.3221820129311121	0.818598158246003	0.38292363633604143	0.14644874130229013	-0.19492128734677489	-0.17651081604460925	1.1105473984938241
AT3G28340	30	0.0	1.3897763484196042	1.3221820129311121	0.09273452853067346	0.1104943321926546	0.3798565992576271	0.41389703308215414	0.5689580692537393	0.595917937992061
AT3G28420	30	0.0	1.3897763484196042	1.3221820129311121	0.09273452853067346	0.1104943321926546	0.3798565992576271	0.41389703308215414	0.5689580692537393	0.595917937992061
AT3G28540	26244	0.0	0.21607545690343966	0.010565404562498631	-0.22464648892186162	0.002731891259226455	0.2835222289192459	0.625251702634237	0.8878244866451313	1.633917065537418
AT3G28550	19710	0.0	-1.0387219112730177	-1.0621616810999395	-0.9289061755612138	-0.5295633010754416	-0.7502283584712464	-1.3495831768109354	-1.4262542243832768	-1.3466996965183782
AT3G28580	26244	0.0	0.21607545690343966	0.010565404562498631	-0.22464648892186162	0.002731891259226455	0.2835222289192459	0.625251702634237	0.8878244866451313	1.633917065537418
AT3G28740	8748	0.0	-0.34292832000393453	0.024290258313075293	0.6210054096607837	0.36506874117418187	-0.2284740429908892	-1.2226457855510948	-1.3729464147219157	-1.2912623233238143
AT3G28930	19683	0.0	-1.0387219112730177	-1.0621616810999395	-0.9289061755612138	-0.5295633010754416	-0.7502283584712464	-0.15485486904904386	-0.04614812337467676	0.16082988309852989
AT3G29000	756	0.0	1.3897763484196042	1.3221820129311121	0.818598158246003	0.38292363633604143	0.14644874130229013	-0.19492128734677489	-0.17651081604460925	1.1105473984938241
AT3G29030	26244	0.0	0.21607545690343966	0.010565404562498631	-0.22464648892186162	0.002731891259226455	0.2835222289192459	0.625251702634237	0.8878244866451313	1.633917065537418
AT3G29250	30	0.0	1.3897763484196042	1.3221820129311121	0.09273452853067346	0.1104943321926546	0.3798565992576271	0.41389703308215414	0.5689580692537393	0.595917937992061
AT3G29670	759	0.0	1.3897763484196042	1.3221820129311121	0.818598158246003	0.38292363633604143	0.14644874130229013	-0.19492128734677489	-0.17651081604460925	-0.12819709921791717
AT3G30775	8748	0.0	-0.34292832000393453	0.024290258313075293	0.6210054096607837	0.36506874117418187	-0.2284740429908892	-1.2226457855510948	-1.3729464147219157	-1.2912623233238143
AT3G42725	19683	0.0	-1.0387219112730177	-1.0621616810999395	-0.9289061755612138	-0.5295633010754416	-0.7502283584712464	-0.15485486904904386	-0.04614812337467676	0.16082988309852989
AT3G43190	26244	0.0	0.21607545690343966	0.010565404562498631	-0.22464648892186162	0.002731891259226455	0.2835222289192459	0.625251702634237	0.8878244866451313	1.633917065537418
AT3G44050	6561	0.0	-0.34292832000393453	-0.4184869908192939	-0.8525228682079703	-1.9459290483004938	-1.9059577714096951	-1.097606792975272	0.31163998310793495	-0.011655202403997469
AT3G44260	756	0.0	1.3897763484196042	1.3221820129311121	0.818598158246003	0.38292363633604143	0.14644874130229013	-0.19492128734677489	-0.17651081604460925	1.1105473984938241
AT3G44450	19683	0.0	-1.0387219112730177	-1.0621616810999395	-0.9289061755612138	-0.5295633010754416	-0.7502283584712464	-0.15485486904904386	-0.04614812337467676	0.16082988309852989
AT3G44550	30	0.0	1.3897763484196042	1.3221820129311121	0.09273452853067346	0.1104943321926546	0.3798565992576271	0.41389703308215414	0.5689580692537393	0.595917937992061
AT3G44735	0	0.0	1.3897763484196042	1.3221820129311121	0.09273452853067346	0.1104943321926546	0.3798565992576271	1.232385077298978	1.5247457358309853	1.5044026379562263
AT3G44970	30	0.0	1.3897763484196042	1.3221820129311121	0.09273452853067346	0.1104943321926546	0.3798565992576271	0.41389703308215414	0.5689580692537393	0.595917937992061
AT3G44990	13122	0.0	1.496113858851713	1.3937937019293964	0.21474280098760976	0.1649349967136464	0.6201960005355599	1.0285985086345724	1.212211500432892	1.2389501871063449
AT3G45060	759	0.0	1.3897763484196042	1.3221820129311121	0.818598158246003	0.38292363633604143	0.14644874130229013	-0.19492128734677489	-0.17651081604460925	-0.12819709921791717
AT3G45140	19683	0.0	-1.0387219112730177	-1.0621616810999395	-0.9289061755612138	-0.5295633010754416	-0.7502283584712464	-0.15485486904904386	-0.04614812337467676	0.16082988309852989
AT3G45160	19683	0.0	-1.0387219112730177	-1.0621616810999395	-0.9289061755612138	-0.5295633010754416	-0.7502283584712464	-0.15485486904904386	-0.04614812337467676	0.16082988309852989
AT3G45300	8748	0.0	-0.34292832000393453	0.024290258313075293	0.6210054096607837	0.36506874117418187	-0.2284740429908892	-1.2226457855510948	-1.3729464147219157	-1.2912623233238143
AT3G45680	30	0.0	1.3897763484196042	1.3221820129311121	0.09273452853067346	0.1104943321926546	0.3798565992576271	0.41389703308215414	0.5689580692537393	0.595917937992061
AT3G45700	19710	0.0	-1.0387219112730177	-1.0621616810999395	-0.9289061755612138	-0.5295633010754416	-0.7502283584712464	-1.3495831768109354	-1.4262542243832768	-1.3466996965183782
AT3G45730	8748	0.0	-0.34292832000393453	0.024290258313075293	0.6210054096607837	0.36506874117418187	-0.2284740429908892	-1.2226457855510948	-1.3729464147219157	-1.2912623233238143
AT3G45970	759	0.0	1.3897763484196042	1.3221820129311121	0.818598158246003	0.38292363633604143	0.14644874130229013	-0.19492128734677489	-0.17651081604460925	-0.12819709921791717
AT3G46090	756	0.0	1.3897763484196042	1.3221820129311121	0.818598158246003	0.38292363633604143	0.14644874130229013	-0.19492128734677489	-0.17651081604460925	1.1105473984938241
AT3G46110	756	0.0	1.3897763484196042	1.3221820129311121	0.818598158246003	0.38292363633604143	0.14644874130229013	-0.19492128734677489	-0.17651081604460925	1.1105473984938241
AT3G46490	26244	0.0	0.21607545690343966	0.010565404562498631	-0.22464648892186162	0.002731891259226455	0.2835222289192459	0.625251702634237	0.8878244866451313	1.633917065537418
AT3G46600	759	0.0	1.3897763484196042	1.3221820129311121	0.818598158246003	0.38292363633604143	0.14644874130229013	-0.19492128734677489	-0.17651081604460925	-0.12819709921791717
AT3G46940	0	0.0	1.3897763484196042	1.3221820129311121	0.09273452853067346	0.1104943321926546	0.3798565992576271	1.232385077298978	1.5247457358309853	1.5044026379562263
AT3G46970	26244	0.0	0.21607545690343966	0.010565404562498631	-0.22464648892186162	0.002731891259226455	0.2835222289192459	0.625251702634237	0.8878244866451313	1.633917065537418
AT3G47340	8748	0.0	-0.34292832000393453	0.024290258313075293	0.6210054096607837	0.36506874117418187	-0.2284740429908892	-1.2226457855510948	-1.3729464147219157	-1.2912623233238143
AT3G47380	30	0.0	1.3897763484196042	1.3221820129311121	0.09273452853067346	0.1104943321926546	0.3798565992576271	0.41389703308215414	0.5689580692537393	0.595917937992061
AT3G47420	19683	0.0	-1.0387219112730177	-1.0621616810999395	-0.9289061755612138	-0.5295633010754416	-0.7502283584712464	-0.15485486904904386	-0.04614812337467676	0.16082988309852989
AT3G47540	26244	0.0	0.21607545690343966	0.010565404562498631	-0.22464648892186162	0.002731891259226455	0.2835222289192459	0.625251702634237	0.8878244866451313	1.633917065537418
AT3G47640	19683	0.0	-1.0387219112730177	-1.0621616810999395	-0.9289061755612138	-0.5295633010754416	-0.7502283584712464	-0.15485486904904386	-0.04614812337467676	0.16082988309852989
AT3G47960	0	0.0	1.3897763484196042	1.3221820129311121	0.09273452853067346	0.1104943321926546	0.3798565992576271	1.232385077298978	1.5247457358309853	1.5044026379562263
AT3G48090	26244	0.0	0.21607545690343966	0.010565404562498631	-0.22464648892186162	0.002731891259226455	0.2835222289192459	0.625251702634237	0.8878244866451313	1.633917065537418
AT3G48350	30	0.0	1.3897763484196042	1.3221820129311121	0.09273452853067346	0.1104943321926546	0.3798565992576271	0.41389703308215414	0.5689580692537393	0.595917937992061
AT3G48360	8748	0.0	-0.34292832000393453	0.024290258313075293	0.6210054096607837	0.36506874117418187	-0.2284740429908892	-1.2226457855510948	-1.3729464147219157	-1.2912623233238143
AT3G48390	8748	0.0	-0.34292832000393453	0.024290258313075293	0.6210054096607837	0.36506874117418187	-0.2284740429908892	-1.2226457855510948	-1.3729464147219157	-1.2912623233238143
AT3G48520	729	0.0	1.3897763484196042	1.3221820129311121	0.818598158246003	0.38292363633604143	0.14644874130229013	-1.0124924567358347	-1.0808788582463884	-0.49064077885350255
AT3G48770	26244	0.0	0.21607545690343966	0.010565404562498631	-0.22464648892186162	0.002731891259226455	0.2835222289192459	0.625251702634237	0.8878244866451313	1.633917065537418
AT3G49110	19683	0.0	-1.0387219112730177	-1.0621616810999395	-0.9289061755612138	-0.5295633010754416	-0.7502283584712464	-0.15485486904904386	-0.04614812337467676	0.16082988309852989
AT3G49530	756	0.0	1.3897763484196042	1.3221820129311121	0.818598158246003	0.38292363633604143	0.14644874130229013	-0.19492128734677489	-0.17651081604460925	1.1105473984938241
AT3G49570	0	0.0	1.3897763484196042	1.3221820129311121	0.09273452853067346	0.1104943321926546	0.3798565992576271	1.232385077298978	1.5247457358309853	1.5044026379562263
AT3G49580	0	0.0	1.3897763484196042	1.3221820129311121	0.09273452853067346	0.1104943321926546	0.3798565992576271	1.232385077298978	1.5247457358309853	1.5044026379562263
AT3G49620	13122	0.0	1.496113858851713	1.3937937019293964	0.21474280098760976	0.1649349967136464	0.6201960005355599	1.0285985086345724	1.212211500432892	1.2389501871063449
AT3G49780	8748	0.0	-0.34292832000393453	0.024290258313075293	0.6210054096607837	0.36506874117418187	-0.2284740429908892	-1.2226457855510948	-1.3729464147219157	-1.2912623233238143
AT3G49960	19683	0.0	-1.0387219112730177	-1.0621616810999395	-0.9289061755612138	-0.5295633010754416	-0.7502283584712464	-0.15485486904904386	-0.04614812337467676	0.16082988309852989
AT3G50060	30	0.0	1.3897763484196042	1.3221820129311121	0.09273452853067346	0.1104943321926546	0.3798565992576271	0.41389703308215414	0.5689580692537393	0.595917937992061
AT3G50400	30	0.0	1.3897763484196042	1.3221820129311121	0.09273452853067346	0.1104943321926546	0.3798565992576271	0.41389703308215414	0.5689580692537393	0.595917937992061
AT3G50440	13122	0.0	1.496113858851713	1.3937937019293964	0.21474280098760976	0.1649349967136464	0.6201960005355599	1.0285985086345724	1.212211500432892	1.2389501871063449
AT3G50480	729	0.0	1.3897763484196042	1.3221820129311121	0.818598158246003	0.38292363633604143	0.14644874130229013	-1.0124924567358347	-1.0808788582463884	-0.49064077885350255
AT3G50560	729	0.0	1.3897763484196042	1.3221820129311121	0.818598158246003	0.38292363633604143	0.14644874130229013	-1.0124924567358347	-1.0808788582463884	-0.49064077885350255
AT3G50760	26244	0.0	0.21607545690343966	0.010565404562498631	-0.22464648892186162	0.002731891259226455	0.2835222289192459	0.625251702634237	0.8878244866451313	1.633917065537418
AT3G50800	27	0.0	1.3897763484196042	1.3221820129311121	0.09273452853067346	0.1104943321926546	0.3798565992576271	0.41389703308215414	0.5689580692537393	1.9352917614604255
AT3G50930	27	0.0	1.3897763484196042	1.3221820129311121	0.09273452853067346	0.1104943321926546	0.3798565992576271	0.41389703308215414	0.5689580692537393	1.9352917614604255
AT3G50970	30	0.0	1.3897763484196042	1.3221820129311121	0.09273452853067346	0.1104943321926546	0.3798565992576271	0.41389703308215414	0.5689580692537393	0.595917937992061
AT3G51230	6561	0.0	-0.34292832000393453	-0.4184869908192939	-0.8525228682079703	-1.9459290483004938	-1.9059577714096951	-1.097606792975272	0.31163998310793495	-0.011655202403997469
AT3G51238	26244	0.0	0.21607545690343966	0.010565404562498631	-0.22464648892186162	0.002731891259226455	0.2835222289192459	0.625251702634237	0.8878244866451313	1.633917065537418
AT3G51240	0	0.0	1.3897763484196042	1.3221820129311121	0.09273452853067346	0.1104943321926546	0.3798565992576271	1.232385077298978	1.5247457358309853	1.5044026379562263
AT3G51280	6561	0.0	-0.34292832000393453	-0.4184869908192939	-0.8525228682079703	-1.9459290483004938	-1.9059577714096951	-1.097606792975272	0.31163998310793495	-0.011655202403997469
AT3G51720	6561	0.0	-0.34292832000393453	-0.4184869908192939	-0.8525228682079703	-1.9459290483004938	-1.9059577714096951	-1.097606792975272	0.31163998310793495	-0.011655202403997469
AT3G51740	6561	0.0	-0.34292832000393453	-0.4184869908192939	-0.8525228682079703	-1.9459290483004938	-1.9059577714096951	-1.097606792975272	0.31163998310793495	-0.011655202403997469
AT3G51750	0	0.0	1.3897763484196042	1.3221820129311121	0.09273452853067346	0.1104943321926546	0.3798565992576271	1.232385077298978	1.5247457358309853	1.5044026379562263
AT3G51895	0	0.0	1.3897763484196042	1.3221820129311121	0.09273452853067346	0.1104943321926546	0.3798565992576271	1.232385077298978	1.5247457358309853	1.5044026379562263
AT3G51910	729	0.0	1.3897763484196042	1.3221820129311121	0.818598158246003	0.38292363633604143	0.14644874130229013	-1.0124924567358347	-1.0808788582463884	-0.49064077885350255
AT3G51930	6561	0.0	-0.34292832000393453	-0.4184869908192939	-0.8525228682079703	-1.9459290483004938	-1.9059577714096951	-1.097606792975272	0.31163998310793495	-0.011655202403997469
AT3G52110	6561	0.0	-0.34292832000393453	-0.4184869908192939	-0.8525228682079703	-1.9459290483004938	-1.9059577714096951	-1.097606792975272	0.31163998310793495	-0.011655202403997469
AT3G52430	26244	0.0	0.21607545690343966	0.010565404562498631	-0.22464648892186162	0.002731891259226455	0.2835222289192459	0.625251702634237	0.8878244866451313	1.633917065537418
AT3G52450	759	0.0	1.3897763484196042	1.3221820129311121	0.818598158246003	0.38292363633604143	0.14644874130229013	-0.19492128734677489	-0.17651081604460925	-0.12819709921791717
AT3G52630	0	0.0	1.3897763484196042	1.3221820129311121	0.09273452853067346	0.1104943321926546	0.3798565992576271	1.232385077298978	1.5247457358309853	1.5044026379562263
AT3G52720	0	0.0	1.3897763484196042	1.3221820129311121	0.09273452853067346	0.1104943321926546	0.3798565992576271	1.232385077298978	1.5247457358309853	1.5044026379562263
AT3G52740	19683	0.0	-1.0387219112730177	-1.0621616810999395	-0.9289061755612138	-0.5295633010754416	-0.7502283584712464	-0.15485486904904386	-0.04614812337467676	0.16082988309852989
AT3G52748	30	0.0	1.3897763484196042	1.3221820129311121	0.09273452853067346	0.1104943321926546	0.3798565992576271	0.41389703308215414	0.5689580692537393	0.595917937992061
AT3G53040	19683	0.0	-1.0387219112730177	-1.0621616810999395	-0.9289061755612138	-0.5295633010754416	-0.7502283584712464	-0.15485486904904386	-0.04614812337467676	0.16082988309852989
AT3G53830	759	0.0	1.3897763484196042	1.3221820129311121	0.818598158246003	0.38292363633604143	0.14644874130229013	-0.19492128734677489	-0.17651081604460925	-0.12819709921791717
AT3G54420	759	0.0	1.3897763484196042	1.3221820129311121	0.818598158246003	0.38292363633604143	0.14644874130229013	-0.19492128734677489	-0.17651081604460925	-0.12819709921791717
AT3G54430	19683	0.0	-1.0387219112730177	-1.0621616810999395	-0.9289061755612138	-0.5295633010754416	-0.7502283584712464	-0.15485486904904386	-0.04614812337467676	0.16082988309852989
AT3G54500	8748	0.0	-0.34292832000393453	0.024290258313075293	0.6210054096607837	0.36506874117418187	-0.2284740429908892	-1.2226457855510948	-1.3729464147219157	-1.2912623233238143
AT3G54510	8748	0.0	-0.34292832000393453	0.024290258313075293	0.6210054096607837	0.36506874117418187	-0.2284740429908892	-1.2226457855510948	-1.3729464147219157	-1.2912623233238143
AT3G54580	19710	0.0	-1.0387219112730177	-1.0621616810999395	-0.9289061755612138	-0.5295633010754416	-0.7502283584712464	-1.3495831768109354	-1.4262542243832768	-1.3466996965183782
AT3G54590	19710	0.0	-1.0387219112730177	-1.0621616810999395	-0.9289061755612138	-0.5295633010754416	-0.7502283584712464	-1.3495831768109354	-1.4262542243832768	-1.3466996965183782
AT3G54600	0	0.0	1.3897763484196042	1.3221820129311121	0.09273452853067346	0.1104943321926546	0.3798565992576271	1.232385077298978	1.5247457358309853	1.5044026379562263
AT3G55090	759	0.0	1.3897763484196042	1.3221820129311121	0.818598158246003	0.38292363633604143	0.14644874130229013	-0.19492128734677489	-0.17651081604460925	-0.12819709921791717
AT3G55120	0	0.0	1.3897763484196042	1.3221820129311121	0.09273452853067346	0.1104943321926546	0.3798565992576271	1.232385077298978	1.5247457358309853	1.5044026379562263
AT3G55240	0	0.0	1.3897763484196042	1.3221820129311121	0.09273452853067346	0.1104943321926546	0.3798565992576271	1.232385077298978	1.5247457358309853	1.5044026379562263
AT3G55500	759	0.0	1.3897763484196042	1.3221820129311121	0.818598158246003	0.38292363633604143	0.14644874130229013	-0.19492128734677489	-0.17651081604460925	-0.12819709921791717
AT3G55660	6561	0.0	-0.34292832000393453	-0.4184869908192939	-0.8525228682079703	-1.9459290483004938	-1.9059577714096951	-1.097606792975272	0.31163998310793495	-0.011655202403997469
AT3G55840	759	0.0	1.3897763484196042	1.3221820129311121	0.818598158246003	0.38292363633604143	0.14644874130229013	-0.19492128734677489	-0.17651081604460925	-0.12819709921791717
AT3G55980	729	0.0	1.3897763484196042	1.3221820129311121	0.818598158246003	0.38292363633604143	0.14644874130229013	-1.0124924567358347	-1.0808788582463884	-0.49064077885350255
AT3G56080	0	0.0	1.3897763484196042	1.3221820129311121	0.09273452853067346	0.1104943321926546	0.3798565992576271	1.232385077298978	1.5247457358309853	1.5044026379562263
AT3G56100	6561	0.0	-0.34292832000393453	-0.4184869908192939	-0.8525228682079703	-1.9459290483004938	-1.9059577714096951	-1.097606792975272	0.31163998310793495	-0.011655202403997469
AT3G56400	13122	0.0	1.496113858851713	1.3937937019293964	0.21474280098760976	0.1649349967136464	0.6201960005355599	1.0285985086345724	1.212211500432892	1.2389501871063449
AT3G56410	8748	0.0	-0.34292832000393453	0.024290258313075293	0.6210054096607837	0.36506874117418187	-0.2284740429908892	-1.2226457855510948	-1.3729464147219157	-1.2912623233238143
AT3G56710	19683	0.0	-1.0387219112730177	-1.0621616810999395	-0.9289061755612138	-0.5295633010754416	-0.7502283584712464	-0.15485486904904386	-0.04614812337467676	0.16082988309852989
AT3G56980	19683	0.0	-1.0387219112730177	-1.0621616810999395	-0.9289061755612138	-0.5295633010754416	-0.7502283584712464	-0.15485486904904386	-0.04614812337467676	0.16082988309852989
AT3G57010	0	0.0	1.3897763484196042	1.3221820129311121	0.09273452853067346	0.1104943321926546	0.3798565992576271	1.232385077298978	1.5247457358309853	1.5044026379562263
AT3G57062	0	0.0	1.3897763484196042	1.3221820129311121	0.09273452853067346	0.1104943321926546	0.3798565992576271	1.232385077298978	1.5247457358309853	1.5044026379562263
AT3G57450	756	0.0	1.3897763484196042	1.3221820129311121	0.818598158246003	0.38292363633604143	0.14644874130229013	-0.19492128734677489	-0.17651081604460925	1.1105473984938241
AT3G57520	8748	0.0	-0.34292832000393453	0.024290258313075293	0.6210054096607837	0.36506874117418187	-0.2284740429908892	-1.2226457855510948	-1.3729464147219157	-1.2912623233238143
AT3G58270	26244	0.0	0.21607545690343966	0.010565404562498631	-0.22464648892186162	0.002731891259226455	0.2835222289192459	0.625251702634237	0.8878244866451313	1.633917065537418
AT3G58650	6561	0.0	-0.34292832000393453	-0.4184869908192939	-0.8525228682079703	-1.9459290483004938	-1.9059577714096951	-1.097606792975272	0.31163998310793495	-0.011655202403997469
AT3G58990	19683	0.0	-1.0387219112730177	-1.0621616810999395	-0.9289061755612138	-0.5295633010754416	-0.7502283584712464	-0.15485486904904386	-0.04614812337467676	0.16082988309852989
AT3G59080	729	0.0	1.3897763484196042	1.3221820129311121	0.818598158246003	0.38292363633604143	0.14644874130229013	-1.0124924567358347	-1.0808788582463884	-0.49064077885350255
AT3G59220	30	0.0	1.3897763484196042	1.3221820129311121	0.09273452853067346	0.1104943321926546	0.3798565992576271	0.41389703308215414	0.5689580692537393	0.595917937992061
AT3G59340	6561	0.0	-0.34292832000393453	-0.4184869908192939	-0.8525228682079703	-1.9459290483004938	-1.9059577714096951	-1.097606792975272	0.31163998310793495	-0.011655202403997469
AT3G59765	6561	0.0	-0.34292832000393453	-0.4184869908192939	-0.8525228682079703	-1.9459290483004938	-1.9059577714096951	-1.097606792975272	0.31163998310793495	-0.011655202403997469
AT3G59930	19683	0.0	-1.0387219112730177	-1.0621616810999395	-0.9289061755612138	-0.5295633010754416	-0.7502283584712464	-0.15485486904904386	-0.04614812337467676	0.16082988309852989
AT3G59940	8748	0.0	-0.34292832000393453	0.024290258313075293	0.6210054096607837	0.36506874117418187	-0.2284740429908892	-1.2226457855510948	-1.3729464147219157	-1.2912623233238143
AT3G60140	8748	0.0	-0.34292832000393453	0.024290258313075293	0.6210054096607837	0.36506874117418187	-0.2284740429908892	-1.2226457855510948	-1.3729464147219157	-1.2912623233238143
AT3G60415	27	0.0	1.3897763484196042	1.3221820129311121	0.09273452853067346	0.1104943321926546	0.3798565992576271	0.41389703308215414	0.5689580692537393	1.9352917614604255
AT3G60840	6561	0.0	-0.34292832000393453	-0.4184869908192939	-0.8525228682079703	-1.9459290483004938	-1.9059577714096951	-1.097606792975272	0.31163998310793495	-0.011655202403997469
AT3G61060	729	0.0	1.3897763484196042	1.3221820129311121	0.818598158246003	0.38292363633604143	0.14644874130229013	-1.0124924567358347	-1.0808788582463884	-0.49064077885350255
AT3G61190	756	0.0	1.3897763484196042	1.3221820129311121	0.818598158246003	0.38292363633604143	0.14644874130229013	-0.19492128734677489	-0.17651081604460925	1.1105473984938241
AT3G61260	8748	0.0	-0.34292832000393453	0.024290258313075293	0.6210054096607837	0.36506874117418187	-0.2284740429908892	-1.2226457855510948	-1.3729464147219157	-1.2912623233238143
AT3G61820	26244	0.0	0.21607545690343966	0.010565404562498631	-0.22464648892186162	0.002731891259226455	0.2835222289192459	0.625251702634237	0.8878244866451313	1.633917065537418
AT3G61920	0	0.0	1.3897763484196042	1.3221820129311121	0.09273452853067346	0.1104943321926546	0.3798565992576271	1.232385077298978	1.5247457358309853	1.5044026379562263
AT3G62070	759	0.0	1.3897763484196042	1.3221820129311121	0.818598158246003	0.38292363633604143	0.14644874130229013	-0.19492128734677489	-0.17651081604460925	-0.12819709921791717
AT3G62100	30	0.0	1.3897763484196042	1.3221820129311121	0.09273452853067346	0.1104943321926546	0.3798565992576271	0.41389703308215414	0.5689580692537393	0.595917937992061
AT3G62150	19710	0.0	-1.0387219112730177	-1.0621616810999395	-0.9289061755612138	-0.5295633010754416	-0.7502283584712464	-1.3495831768109354	-1.4262542243832768	-1.3466996965183782
AT3G62550	0	0.0	1.3897763484196042	1.3221820129311121	0.09273452853067346	0.1104943321926546	0.3798565992576271	1.232385077298978	1.5247457358309853	1.5044026379562263
AT3G62600	30	0.0	1.3897763484196042	1.3221820129311121	0.09273452853067346	0.1104943321926546	0.3798565992576271	0.41389703308215414	0.5689580692537393	0.595917937992061
AT3G62720	759	0.0	1.3897763484196042	1.3221820129311121	0.818598158246003	0.38292363633604143	0.14644874130229013	-0.19492128734677489	-0.17651081604460925	-0.12819709921791717
AT3G62740	759	0.0	1.3897763484196042	1.3221820129311121	0.818598158246003	0.38292363633604143	0.14644874130229013	-0.19492128734677489	-0.17651081604460925	-0.12819709921791717
AT3G63110	19710	0.0	-1.0387219112730177	-1.0621616810999395	-0.9289061755612138	-0.5295633010754416	-0.7502283584712464	-1.3495831768109354	-1.4262542243832768	-1.3466996965183782
AT3G63160	19683	0.0	-1.0387219112730177	-1.0621616810999395	-0.9289061755612138	-0.5295633010754416	-0.7502283584712464	-0.15485486904904386	-0.04614812337467676	0.16082988309852989
AT3G63380	759	0.0	1.3897763484196042	1.3221820129311121	0.818598158246003	0.38292363633604143	0.14644874130229013	-0.19492128734677489	-0.17651081604460925	-0.12819709921791717
AT4G00165	26244	0.0	0.21607545690343966	0.010565404562498631	-0.22464648892186162	0.002731891259226455	0.2835222289192459	0.625251702634237	0.8878244866451313	1.633917065537418
AT4G00360	30	0.0	1.3897763484196042	1.3221820129311121	0.09273452853067346	0.1104943321926546	0.3798565992576271	0.41389703308215414	0.5689580692537393	0.595917937992061
AT4G00910	19683	0.0	-1.0387219112730177	-1.0621616810999395	-0.9289061755612138	-0.5295633010754416	-0.7502283584712464	-0.15485486904904386	-0.04614812337467676	0.16082988309852989
AT4G00970	27	0.0	1.3897763484196042	1.3221820129311121	0.09273452853067346	0.1104943321926546	0.3798565992576271	0.41389703308215414	0.5689580692537393	1.9352917614604255
AT4G01080	0	0.0	1.3897763484196042	1.3221820129311121	0.09273452853067346	0.1104943321926546	0.3798565992576271	1.232385077298978	1.5247457358309853	1.5044026379562263
AT4G01250	729	0.0	1.3897763484196042	1.3221820129311121	0.818598158246003	0.38292363633604143	0.14644874130229013	-1.0124924567358347	-1.0808788582463884	-0.49064077885350255
AT4G01330	759	0.0	1.3897763484196042	1.3221820129311121	0.818598158246003	0.38292363633604143	0.14644874130229013	-0.19492128734677489	-0.17651081604460925	-0.12819709921791717
AT4G01390	19683	0.0	-1.0387219112730177	-1.0621616810999395	-0.9289061755612138	-0.5295633010754416	-0.7502283584712464	-0.15485486904904386	-0.04614812337467676	0.16082988309852989
AT4G01630	13122	0.0	1.496113858851713	1.3937937019293964	0.21474280098760976	0.1649349967136464	0.6201960005355599	1.0285985086345724	1.212211500432892	1.2389501871063449
AT4G01700	27	0.0	1.3897763484196042	1.3221820129311121	0.09273452853067346	0.1104943321926546	0.3798565992576271	0.41389703308215414	0.5689580692537393	1.9352917614604255
AT4G01730	6561	0.0	-0.34292832000393453	-0.4184869908192939	-0.8525228682079703	-1.9459290483004938	-1.9059577714096951	-1.097606792975272	0.31163998310793495	-0.011655202403997469
AT4G01870	8748	0.0	-0.34292832000393453	0.024290258313075293	0.6210054096607837	0.36506874117418187	-0.2284740429908892	-1.2226457855510948	-1.3729464147219157	-1.2912623233238143
AT4G01950	0	0.0	1.3897763484196042	1.3221820129311121	0.09273452853067346	0.1104943321926546	0.3798565992576271	1.232385077298978	1.5247457358309853	1.5044026379562263
AT4G02330	13122	0.0	1.496113858851713	1.3937937019293964	0.21474280098760976	0.1649349967136464	0.6201960005355599	1.0285985086345724	1.212211500432892	1.2389501871063449
AT4G02380	8748	0.0	-0.34292832000393453	0.024290258313075293	0.6210054096607837	0.36506874117418187	-0.2284740429908892	-1.2226457855510948	-1.3729464147219157	-1.2912623233238143
AT4G02390	26244	0.0	0.21607545690343966	0.010565404562498631	-0.22464648892186162	0.002731891259226455	0.2835222289192459	0.625251702634237	0.8878244866451313	1.633917065537418
AT4G02420	26244	0.0	0.21607545690343966	0.010565404562498631	-0.22464648892186162	0.002731891259226455	0.2835222289192459	0.625251702634237	0.8878244866451313	1.633917065537418
AT4G02630	0	0.0	1.3897763484196042	1.3221820129311121	0.09273452853067346	0.1104943321926546	0.3798565992576271	1.232385077298978	1.5247457358309853	1.5044026379562263
AT4G02800	6561	0.0	-0.34292832000393453	-0.4184869908192939	-0.8525228682079703	-1.9459290483004938	-1.9059577714096951	-1.097606792975272	0.31163998310793495	-0.011655202403997469
AT4G02850	26244	0.0	0.21607545690343966	0.010565404562498631	-0.22464648892186162	0.002731891259226455	0.2835222289192459	0.625251702634237	0.8878244866451313	1.633917065537418
AT4G03100	6561	0.0	-0.34292832000393453	-0.4184869908192939	-0.8525228682079703	-1.9459290483004938	-1.9059577714096951	-1.097606792975272	0.31163998310793495	-0.011655202403997469
AT4G03510	8748	0.0	-0.34292832000393453	0.024290258313075293	0.6210054096607837	0.36506874117418187	-0.2284740429908892	-1.2226457855510948	-1.3729464147219157	-1.2912623233238143
AT4G03540	30	0.0	1.3897763484196042	1.3221820129311121	0.09273452853067346	0.1104943321926546	0.3798565992576271	0.41389703308215414	0.5689580692537393	0.595917937992061
AT4G03585	30	0.0	1.3897763484196042	1.3221820129311121	0.09273452853067346	0.1104943321926546	0.3798565992576271	0.41389703308215414	0.5689580692537393	0.595917937992061
AT4G03960	26244	0.0	0.21607545690343966	0.010565404562498631	-0.22464648892186162	0.002731891259226455	0.2835222289192459	0.625251702634237	0.8878244866451313	1.633917065537418
AT4G04020	30	0.0	1.3897763484196042	1.3221820129311121	0.09273452853067346	0.1104943321926546	0.3798565992576271	0.41389703308215414	0.5689580692537393	0.595917937992061
AT4G04223	0	0.0	1.3897763484196042	1.3221820129311121	0.09273452853067346	0.1104943321926546	0.3798565992576271	1.232385077298978	1.5247457358309853	1.5044026379562263
AT4G04610	13122	0.0	1.496113858851713	1.3937937019293964	0.21474280098760976	0.1649349967136464	0.6201960005355599	1.0285985086345724	1.212211500432892	1.2389501871063449
AT4G04750	0	0.0	1.3897763484196042	1.3221820129311121	0.09273452853067346	0.1104943321926546	0.3798565992576271	1.232385077298978	1.5247457358309853	1.5044026379562263
AT4G04840	19683	0.0	-1.0387219112730177	-1.0621616810999395	-0.9289061755612138	-0.5295633010754416	-0.7502283584712464	-0.15485486904904386	-0.04614812337467676	0.16082988309852989
AT4G05020	30	0.0	1.3897763484196042	1.3221820129311121	0.09273452853067346	0.1104943321926546	0.3798565992576271	0.41389703308215414	0.5689580692537393	0.595917937992061
AT4G05190	6561	0.0	-0.34292832000393453	-0.4184869908192939	-0.8525228682079703	-1.9459290483004938	-1.9059577714096951	-1.097606792975272	0.31163998310793495	-0.011655202403997469
AT4G05775	26244	0.0	0.21607545690343966	0.010565404562498631	-0.22464648892186162	0.002731891259226455	0.2835222289192459	0.625251702634237	0.8878244866451313	1.633917065537418
AT4G06410	8748	0.0	-0.34292832000393453	0.024290258313075293	0.6210054096607837	0.36506874117418187	-0.2284740429908892	-1.2226457855510948	-1.3729464147219157	-1.2912623233238143
AT4G06746	19710	0.0	-1.0387219112730177	-1.0621616810999395	-0.9289061755612138	-0.5295633010754416	-0.7502283584712464	-1.3495831768109354	-1.4262542243832768	-1.3466996965183782
AT4G08040	729	0.0	1.3897763484196042	1.3221820129311121	0.818598158246003	0.38292363633604143	0.14644874130229013	-1.0124924567358347	-1.0808788582463884	-0.49064077885350255
AT4G08400	19710	0.0	-1.0387219112730177	-1.0621616810999395	-0.9289061755612138	-0.5295633010754416	-0.7502283584712464	-1.3495831768109354	-1.4262542243832768	-1.3466996965183782
AT4G08410	19710	0.0	-1.0387219112730177	-1.0621616810999395	-0.9289061755612138	-0.5295633010754416	-0.7502283584712464	-1.3495831768109354	-1.4262542243832768	-1.3466996965183782
AT4G08555	756	0.0	1.3897763484196042	1.3221820129311121	0.818598158246003	0.38292363633604143	0.14644874130229013	-0.19492128734677489	-0.17651081604460925	1.1105473984938241
AT4G08570	26244	0.0	0.21607545690343966	0.010565404562498631	-0.22464648892186162	0.002731891259226455	0.2835222289192459	0.625251702634237	0.8878244866451313	1.633917065537418
AT4G08685	0	0.0	1.3897763484196042	1.3221820129311121	0.09273452853067346	0.1104943321926546	0.3798565992576271	1.232385077298978	1.5247457358309853	1.5044026379562263
AT4G08870	30	0.0	1.3897763484196042	1.3221820129311121	0.09273452853067346	0.1104943321926546	0.3798565992576271	0.41389703308215414	0.5689580692537393	0.595917937992061
AT4G08950	759	0.0	1.3897763484196042	1.3221820129311121	0.818598158246003	0.38292363633604143	0.14644874130229013	-0.19492128734677489	-0.17651081604460925	-0.12819709921791717
AT4G09060	6561	0.0	-0.34292832000393453	-0.4184869908192939	-0.8525228682079703	-1.9459290483004938	-1.9059577714096951	-1.097606792975272	0.31163998310793495	-0.011655202403997469
AT4G10270	26244	0.0	0.21607545690343966	0.010565404562498631	-0.22464648892186162	0.002731891259226455	0.2835222289192459	0.625251702634237	0.8878244866451313	1.633917065537418
AT4G10770	0	0.0	1.3897763484196042	1.3221820129311121	0.09273452853067346	0.1104943321926546	0.3798565992576271	1.232385077298978	1.5247457358309853	1.5044026379562263
AT4G11080	6561	0.0	-0.34292832000393453	-0.4184869908192939	-0.8525228682079703	-1.9459290483004938	-1.9059577714096951	-1.097606792975272	0.31163998310793495	-0.011655202403997469
AT4G11190	0	0.0	1.3897763484196042	1.3221820129311121	0.09273452853067346	0.1104943321926546	0.3798565992576271	1.232385077298978	1.5247457358309853	1.5044026379562263
AT4G11211	26244	0.0	0.21607545690343966	0.010565404562498631	-0.22464648892186162	0.002731891259226455	0.2835222289192459	0.625251702634237	0.8878244866451313	1.633917065537418
AT4G11280	756	0.0	1.3897763484196042	1.3221820129311121	0.818598158246003	0.38292363633604143	0.14644874130229013	-0.19492128734677489	-0.17651081604460925	1.1105473984938241
AT4G11460	19710	0.0	-1.0387219112730177	-1.0621616810999395	-0.9289061755612138	-0.5295633010754416	-0.7502283584712464	-1.3495831768109354	-1.4262542243832768	-1.3466996965183782
AT4G11650	8748	0.0	-0.34292832000393453	0.024290258313075293	0.6210054096607837	0.36506874117418187	-0.2284740429908892	-1.2226457855510948	-1.3729464147219157	-1.2912623233238143
AT4G11660	759	0.0	1.3897763484196042	1.3221820129311121	0.818598158246003	0.38292363633604143	0.14644874130229013	-0.19492128734677489	-0.17651081604460925	-0.12819709921791717
AT4G11890	27	0.0	1.3897763484196042	1.3221820129311121	0.09273452853067346	0.1104943321926546	0.3798565992576271	0.41389703308215414	0.5689580692537393	1.9352917614604255
AT4G12030	19683	0.0	-1.0387219112730177	-1.0621616810999395	-0.9289061755612138	-0.5295633010754416	-0.7502283584712464	-0.15485486904904386	-0.04614812337467676	0.16082988309852989
AT4G12320	19683	0.0	-1.0387219112730177	-1.0621616810999395	-0.9289061755612138	-0.5295633010754416	-0.7502283584712464	-0.15485486904904386	-0.04614812337467676	0.16082988309852989
AT4G12400	759	0.0	1.3897763484196042	1.3221820129311121	0.818598158246003	0.38292363633604143	0.14644874130229013	-0.19492128734677489	-0.17651081604460925	-0.12819709921791717
AT4G12490	30	0.0	1.3897763484196042	1.3221820129311121	0.09273452853067346	0.1104943321926546	0.3798565992576271	0.41389703308215414	0.5689580692537393	0.595917937992061
AT4G12500	30	0.0	1.3897763484196042	1.3221820129311121	0.09273452853067346	0.1104943321926546	0.3798565992576271	0.41389703308215414	0.5689580692537393	0.595917937992061
AT4G12550	0	0.0	1.3897763484196042	1.3221820129311121	0.09273452853067346	0.1104943321926546	0.3798565992576271	1.232385077298978	1.5247457358309853	1.5044026379562263
AT4G12720	756	0.0	1.3897763484196042	1.3221820129311121	0.818598158246003	0.38292363633604143	0.14644874130229013	-0.19492128734677489	-0.17651081604460925	1.1105473984938241
AT4G12880	0	0.0	1.3897763484196042	1.3221820129311121	0.09273452853067346	0.1104943321926546	0.3798565992576271	1.232385077298978	1.5247457358309853	1.5044026379562263
AT4G12980	0	0.0	1.3897763484196042	1.3221820129311121	0.09273452853067346	0.1104943321926546	0.3798565992576271	1.232385077298978	1.5247457358309853	1.5044026379562263
AT4G13340	729	0.0	1.3897763484196042	1.3221820129311121	0.818598158246003	0.38292363633604143	0.14644874130229013	-1.0124924567358347	-1.0808788582463884	-0.49064077885350255
AT4G13370	6561	0.0	-0.34292832000393453	-0.4184869908192939	-0.8525228682079703	-1.9459290483004938	-1.9059577714096951	-1.097606792975272	0.31163998310793495	-0.011655202403997469
AT4G13390	19710	0.0	-1.0387219112730177	-1.0621616810999395	-0.9289061755612138	-0.5295633010754416	-0.7502283584712464	-1.3495831768109354	-1.4262542243832768	-1.3466996965183782
AT4G13510	13122	0.0	1.496113858851713	1.3937937019293964	0.21474280098760976	0.1649349967136464	0.6201960005355599	1.0285985086345724	1.212211500432892	1.2389501871063449
AT4G13575	0	0.0	1.3897763484196042	1.3221820129311121	0.09273452853067346	0.1104943321926546	0.3798565992576271	1.232385077298978	1.5247457358309853	1.5044026379562263
AT4G13770	19683	0.0	-1.0387219112730177	-1.0621616810999395	-0.9289061755612138	-0.5295633010754416	-0.7502283584712464	-0.15485486904904386	-0.04614812337467676	0.16082988309852989
AT4G13800	30	0.0	1.3897763484196042	1.3221820129311121	0.09273452853067346	0.1104943321926546	0.3798565992576271	0.41389703308215414	0.5689580692537393	0.595917937992061
AT4G14090	26244	0.0	0.21607545690343966	0.010565404562498631	-0.22464648892186162	0.002731891259226455	0.2835222289192459	0.625251702634237	0.8878244866451313	1.633917065537418
AT4G14130	8748	0.0	-0.34292832000393453	0.024290258313075293	0.6210054096607837	0.36506874117418187	-0.2284740429908892	-1.2226457855510948	-1.3729464147219157	-1.2912623233238143
AT4G14330	6561	0.0	-0.34292832000393453	-0.4184869908192939	-0.8525228682079703	-1.9459290483004938	-1.9059577714096951	-1.097606792975272	0.31163998310793495	-0.011655202403997469
AT4G14365	27	0.0	1.3897763484196042	1.3221820129311121	0.09273452853067346	0.1104943321926546	0.3798565992576271	0.41389703308215414	0.5689580692537393	1.9352917614604255
AT4G14370	756	0.0	1.3897763484196042	1.3221820129311121	0.818598158246003	0.38292363633604143	0.14644874130229013	-0.19492128734677489	-0.17651081604460925	1.1105473984938241
AT4G14400	19683	0.0	-1.0387219112730177	-1.0621616810999395	-0.9289061755612138	-0.5295633010754416	-0.7502283584712464	-0.15485486904904386	-0.04614812337467676	0.16082988309852989
AT4G14690	26244	0.0	0.21607545690343966	0.010565404562498631	-0.22464648892186162	0.002731891259226455	0.2835222289192459	0.625251702634237	0.8878244866451313	1.633917065537418
AT4G15248	19683	0.0	-1.0387219112730177	-1.0621616810999395	-0.9289061755612138	-0.5295633010754416	-0.7502283584712464	-0.15485486904904386	-0.04614812337467676	0.16082988309852989
AT4G15393	26244	0.0	0.21607545690343966	0.010565404562498631	-0.22464648892186162	0.002731891259226455	0.2835222289192459	0.625251702634237	0.8878244866451313	1.633917065537418
AT4G15480	0	0.0	1.3897763484196042	1.3221820129311121	0.09273452853067346	0.1104943321926546	0.3798565992576271	1.232385077298978	1.5247457358309853	1.5044026379562263
AT4G15530	759	0.0	1.3897763484196042	1.3221820129311121	0.818598158246003	0.38292363633604143	0.14644874130229013	-0.19492128734677489	-0.17651081604460925	-0.12819709921791717
AT4G15610	8748	0.0	-0.34292832000393453	0.024290258313075293	0.6210054096607837	0.36506874117418187	-0.2284740429908892	-1.2226457855510948	-1.3729464147219157	-1.2912623233238143
AT4G15620	0	0.0	1.3897763484196042	1.3221820129311121	0.09273452853067346	0.1104943321926546	0.3798565992576271	1.232385077298978	1.5247457358309853	1.5044026379562263
AT4G15630	0	0.0	1.3897763484196042	1.3221820129311121	0.09273452853067346	0.1104943321926546	0.3798565992576271	1.232385077298978	1.5247457358309853	1.5044026379562263
AT4G15670	8748	0.0	-0.34292832000393453	0.024290258313075293	0.6210054096607837	0.36506874117418187	-0.2284740429908892	-1.2226457855510948	-1.3729464147219157	-1.2912623233238143
AT4G15690	8748	0.0	-0.34292832000393453	0.024290258313075293	0.6210054096607837	0.36506874117418187	-0.2284740429908892	-1.2226457855510948	-1.3729464147219157	-1.2912623233238143
AT4G15760	759	0.0	1.3897763484196042	1.3221820129311121	0.818598158246003	0.38292363633604143	0.14644874130229013	-0.19492128734677489	-0.17651081604460925	-0.12819709921791717
AT4G15800	0	0.0	1.3897763484196042	1.3221820129311121	0.09273452853067346	0.1104943321926546	0.3798565992576271	1.232385077298978	1.5247457358309853	1.5044026379562263
AT4G15830	6561	0.0	-0.34292832000393453	-0.4184869908192939	-0.8525228682079703	-1.9459290483004938	-1.9059577714096951	-1.097606792975272	0.31163998310793495	-0.011655202403997469
AT4G16000	759	0.0	1.3897763484196042	1.3221820129311121	0.818598158246003	0.38292363633604143	0.14644874130229013	-0.19492128734677489	-0.17651081604460925	-0.12819709921791717
AT4G16260	19710	0.0	-1.0387219112730177	-1.0621616810999395	-0.9289061755612138	-0.5295633010754416	-0.7502283584712464	-1.3495831768109354	-1.4262542243832768	-1.3466996965183782
AT4G16680	8748	0.0	-0.34292832000393453	0.024290258313075293	0.6210054096607837	0.36506874117418187	-0.2284740429908892	-1.2226457855510948	-1.3729464147219157	-1.2912623233238143
AT4G16780	13122	0.0	1.496113858851713	1.3937937019293964	0.21474280098760976	0.1649349967136464	0.6201960005355599	1.0285985086345724	1.212211500432892	1.2389501871063449
AT4G16880	19683	0.0	-1.0387219112730177	-1.0621616810999395	-0.9289061755612138	-0.5295633010754416	-0.7502283584712464	-0.15485486904904386	-0.04614812337467676	0.16082988309852989
AT4G17000	6561	0.0	-0.34292832000393453	-0.4184869908192939	-0.8525228682079703	-1.9459290483004938	-1.9059577714096951	-1.097606792975272	0.31163998310793495	-0.011655202403997469
AT4G17030	0	0.0	1.3897763484196042	1.3221820129311121	0.09273452853067346	0.1104943321926546	0.3798565992576271	1.232385077298978	1.5247457358309853	1.5044026379562263
AT4G17280	30	0.0	1.3897763484196042	1.3221820129311121	0.09273452853067346	0.1104943321926546	0.3798565992576271	0.41389703308215414	0.5689580692537393	0.595917937992061
AT4G17460	759	0.0	1.3897763484196042	1.3221820129311121	0.818598158246003	0.38292363633604143	0.14644874130229013	-0.19492128734677489	-0.17651081604460925	-0.12819709921791717
AT4G17490	729	0.0	1.3897763484196042	1.3221820129311121	0.818598158246003	0.38292363633604143	0.14644874130229013	-1.0124924567358347	-1.0808788582463884	-0.49064077885350255
AT4G17670	26244	0.0	0.21607545690343966	0.010565404562498631	-0.22464648892186162	0.002731891259226455	0.2835222289192459	0.625251702634237	0.8878244866451313	1.633917065537418
AT4G18010	8748	0.0	-0.34292832000393453	0.024290258313075293	0.6210054096607837	0.36506874117418187	-0.2284740429908892	-1.2226457855510948	-1.3729464147219157	-1.2912623233238143
AT4G18253	27	0.0	1.3897763484196042	1.3221820129311121	0.09273452853067346	0.1104943321926546	0.3798565992576271	0.41389703308215414	0.5689580692537393	1.9352917614604255
AT4G18280	30	0.0	1.3897763484196042	1.3221820129311121	0.09273452853067346	0.1104943321926546	0.3798565992576271	0.41389703308215414	0.5689580692537393	0.595917937992061
AT4G18440	19683	0.0	-1.0387219112730177	-1.0621616810999395	-0.9289061755612138	-0.5295633010754416	-0.7502283584712464	-0.15485486904904386	-0.04614812337467676	0.16082988309852989
AT4G18970	0	0.0	1.3897763484196042	1.3221820129311121	0.09273452853067346	0.1104943321926546	0.3798565992576271	1.232385077298978	1.5247457358309853	1.5044026379562263
AT4G19160	759	0.0	1.3897763484196042	1.3221820129311121	0.818598158246003	0.38292363633604143	0.14644874130229013	-0.19492128734677489	-0.17651081604460925	-0.12819709921791717
AT4G19230	30	0.0	1.3897763484196042	1.3221820129311121	0.09273452853067346	0.1104943321926546	0.3798565992576271	0.41389703308215414	0.5689580692537393	0.595917937992061
AT4G19520	729	0.0	1.3897763484196042	1.3221820129311121	0.818598158246003	0.38292363633604143	0.14644874130229013	-1.0124924567358347	-1.0808788582463884	-0.49064077885350255
AT4G20000	27	0.0	1.3897763484196042	1.3221820129311121	0.09273452853067346	0.1104943321926546	0.3798565992576271	0.41389703308215414	0.5689580692537393	1.9352917614604255
AT4G20240	19683	0.0	-1.0387219112730177	-1.0621616810999395	-0.9289061755612138	-0.5295633010754416	-0.7502283584712464	-0.15485486904904386	-0.04614812337467676	0.16082988309852989
AT4G20830	756	0.0	1.3897763484196042	1.3221820129311121	0.818598158246003	0.38292363633604143	0.14644874130229013	-0.19492128734677489	-0.17651081604460925	1.1105473984938241
AT4G20860	759	0.0	1.3897763484196042	1.3221820129311121	0.818598158246003	0.38292363633604143	0.14644874130229013	-0.19492128734677489	-0.17651081604460925	-0.12819709921791717
AT4G21120	759	0.0	1.3897763484196042	1.3221820129311121	0.818598158246003	0.38292363633604143	0.14644874130229013	-0.19492128734677489	-0.17651081604460925	-0.12819709921791717
AT4G21270	6561	0.0	-0.34292832000393453	-0.4184869908192939	-0.8525228682079703	-1.9459290483004938	-1.9059577714096951	-1.097606792975272	0.31163998310793495	-0.011655202403997469
AT4G21380	27	0.0	1.3897763484196042	1.3221820129311121	0.09273452853067346	0.1104943321926546	0.3798565992576271	0.41389703308215414	0.5689580692537393	1.9352917614604255
AT4G21400	8748	0.0	-0.34292832000393453	0.024290258313075293	0.6210054096607837	0.36506874117418187	-0.2284740429908892	-1.2226457855510948	-1.3729464147219157	-1.2912623233238143
AT4G21410	19710	0.0	-1.0387219112730177	-1.0621616810999395	-0.9289061755612138	-0.5295633010754416	-0.7502283584712464	-1.3495831768109354	-1.4262542243832768	-1.3466996965183782
AT4G21680	729	0.0	1.3897763484196042	1.3221820129311121	0.818598158246003	0.38292363633604143	0.14644874130229013	-1.0124924567358347	-1.0808788582463884	-0.49064077885350255
AT4G21760	0	0.0	1.3897763484196042	1.3221820129311121	0.09273452853067346	0.1104943321926546	0.3798565992576271	1.232385077298978	1.5247457358309853	1.5044026379562263
AT4G21820	6561	0.0	-0.34292832000393453	-0.4184869908192939	-0.8525228682079703	-1.9459290483004938	-1.9059577714096951	-1.097606792975272	0.31163998310793495	-0.011655202403997469
AT4G21870	19710	0.0	-1.0387219112730177	-1.0621616810999395	-0.9289061755612138	-0.5295633010754416	-0.7502283584712464	-1.3495831768109354	-1.4262542243832768	-1.3466996965183782
AT4G21990	0	0.0	1.3897763484196042	1.3221820129311121	0.09273452853067346	0.1104943321926546	0.3798565992576271	1.232385077298978	1.5247457358309853	1.5044026379562263
AT4G22070	729	0.0	1.3897763484196042	1.3221820129311121	0.818598158246003	0.38292363633604143	0.14644874130229013	-1.0124924567358347	-1.0808788582463884	-0.49064077885350255
AT4G22212	759	0.0	1.3897763484196042	1.3221820129311121	0.818598158246003	0.38292363633604143	0.14644874130229013	-0.19492128734677489	-0.17651081604460925	-0.12819709921791717
AT4G22305	26244	0.0	0.21607545690343966	0.010565404562498631	-0.22464648892186162	0.002731891259226455	0.2835222289192459	0.625251702634237	0.8878244866451313	1.633917065537418
AT4G22470	759	0.0	1.3897763484196042	1.3221820129311121	0.818598158246003	0.38292363633604143	0.14644874130229013	-0.19492128734677489	-0.17651081604460925	-0.12819709921791717
AT4G22485	19710	0.0	-1.0387219112730177	-1.0621616810999395	-0.9289061755612138	-0.5295633010754416	-0.7502283584712464	-1.3495831768109354	-1.4262542243832768	-1.3466996965183782
AT4G22495	8748	0.0	-0.34292832000393453	0.024290258313075293	0.6210054096607837	0.36506874117418187	-0.2284740429908892	-1.2226457855510948	-1.3729464147219157	-1.2912623233238143
AT4G22505	19710	0.0	-1.0387219112730177	-1.0621616810999395	-0.9289061755612138	-0.5295633010754416	-0.7502283584712464	-1.3495831768109354	-1.4262542243832768	-1.3466996965183782
AT4G22520	19710	0.0	-1.0387219112730177	-1.0621616810999395	-0.9289061755612138	-0.5295633010754416	-0.7502283584712464	-1.3495831768109354	-1.4262542243832768	-1.3466996965183782
AT4G22610	0	0.0	1.3897763484196042	1.3221820129311121	0.09273452853067346	0.1104943321926546	0.3798565992576271	1.232385077298978	1.5247457358309853	1.5044026379562263
AT4G22710	13122	0.0	1.496113858851713	1.3937937019293964	0.21474280098760976	0.1649349967136464	0.6201960005355599	1.0285985086345724	1.212211500432892	1.2389501871063449
AT4G22860	6561	0.0	-0.34292832000393453	-0.4184869908192939	-0.8525228682079703	-1.9459290483004938	-1.9059577714096951	-1.097606792975272	0.31163998310793495	-0.011655202403997469
AT4G22880	27	0.0	1.3897763484196042	1.3221820129311121	0.09273452853067346	0.1104943321926546	0.3798565992576271	0.41389703308215414	0.5689580692537393	1.9352917614604255
AT4G22960	26244	0.0	0.21607545690343966	0.010565404562498631	-0.22464648892186162	0.002731891259226455	0.2835222289192459	0.625251702634237	0.8878244866451313	1.633917065537418
AT4G23140	26244	0.0	0.21607545690343966	0.010565404562498631	-0.22464648892186162	0.002731891259226455	0.2835222289192459	0.625251702634237	0.8878244866451313	1.633917065537418
AT4G23170	0	0.0	1.3897763484196042	1.3221820129311121	0.09273452853067346	0.1104943321926546	0.3798565992576271	1.232385077298978	1.5247457358309853	1.5044026379562263
AT4G23180	756	0.0	1.3897763484196042	1.3221820129311121	0.818598158246003	0.38292363633604143	0.14644874130229013	-0.19492128734677489	-0.17651081604460925	1.1105473984938241
AT4G23190	756	0.0	1.3897763484196042	1.3221820129311121	0.818598158246003	0.38292363633604143	0.14644874130229013	-0.19492128734677489	-0.17651081604460925	1.1105473984938241
AT4G23210	756	0.0	1.3897763484196042	1.3221820129311121	0.818598158246003	0.38292363633604143	0.14644874130229013	-0.19492128734677489	-0.17651081604460925	1.1105473984938241
AT4G23220	27	0.0	1.3897763484196042	1.3221820129311121	0.09273452853067346	0.1104943321926546	0.3798565992576271	0.41389703308215414	0.5689580692537393	1.9352917614604255
AT4G23250	27	0.0	1.3897763484196042	1.3221820129311121	0.09273452853067346	0.1104943321926546	0.3798565992576271	0.41389703308215414	0.5689580692537393	1.9352917614604255
AT4G23570	759	0.0	1.3897763484196042	1.3221820129311121	0.818598158246003	0.38292363633604143	0.14644874130229013	-0.19492128734677489	-0.17651081604460925	-0.12819709921791717
AT4G23600	0	0.0	1.3897763484196042	1.3221820129311121	0.09273452853067346	0.1104943321926546	0.3798565992576271	1.232385077298978	1.5247457358309853	1.5044026379562263
AT4G23670	26244	0.0	0.21607545690343966	0.010565404562498631	-0.22464648892186162	0.002731891259226455	0.2835222289192459	0.625251702634237	0.8878244866451313	1.633917065537418
AT4G23680	0	0.0	1.3897763484196042	1.3221820129311121	0.09273452853067346	0.1104943321926546	0.3798565992576271	1.232385077298978	1.5247457358309853	1.5044026379562263
AT4G23700	759	0.0	1.3897763484196042	1.3221820129311121	0.818598158246003	0.38292363633604143	0.14644874130229013	-0.19492128734677489	-0.17651081604460925	-0.12819709921791717
AT4G23800	6561	0.0	-0.34292832000393453	-0.4184869908192939	-0.8525228682079703	-1.9459290483004938	-1.9059577714096951	-1.097606792975272	0.31163998310793495	-0.011655202403997469
AT4G23810	756	0.0	1.3897763484196042	1.3221820129311121	0.818598158246003	0.38292363633604143	0.14644874130229013	-0.19492128734677489	-0.17651081604460925	1.1105473984938241
AT4G23870	30	0.0	1.3897763484196042	1.3221820129311121	0.09273452853067346	0.1104943321926546	0.3798565992576271	0.41389703308215414	0.5689580692537393	0.595917937992061
AT4G23990	0	0.0	1.3897763484196042	1.3221820129311121	0.09273452853067346	0.1104943321926546	0.3798565992576271	1.232385077298978	1.5247457358309853	1.5044026379562263
AT4G24010	0	0.0	1.3897763484196042	1.3221820129311121	0.09273452853067346	0.1104943321926546	0.3798565992576271	1.232385077298978	1.5247457358309853	1.5044026379562263
AT4G24110	0	0.0	1.3897763484196042	1.3221820129311121	0.09273452853067346	0.1104943321926546	0.3798565992576271	1.232385077298978	1.5247457358309853	1.5044026379562263
AT4G24130	30	0.0	1.3897763484196042	1.3221820129311121	0.09273452853067346	0.1104943321926546	0.3798565992576271	0.41389703308215414	0.5689580692537393	0.595917937992061
AT4G24230	8748	0.0	-0.34292832000393453	0.024290258313075293	0.6210054096607837	0.36506874117418187	-0.2284740429908892	-1.2226457855510948	-1.3729464147219157	-1.2912623233238143
AT4G24350	19683	0.0	-1.0387219112730177	-1.0621616810999395	-0.9289061755612138	-0.5295633010754416	-0.7502283584712464	-0.15485486904904386	-0.04614812337467676	0.16082988309852989
AT4G24380	30	0.0	1.3897763484196042	1.3221820129311121	0.09273452853067346	0.1104943321926546	0.3798565992576271	0.41389703308215414	0.5689580692537393	0.595917937992061
AT4G24570	729	0.0	1.3897763484196042	1.3221820129311121	0.818598158246003	0.38292363633604143	0.14644874130229013	-1.0124924567358347	-1.0808788582463884	-0.49064077885350255
AT4G24960	30	0.0	1.3897763484196042	1.3221820129311121	0.09273452853067346	0.1104943321926546	0.3798565992576271	0.41389703308215414	0.5689580692537393	0.595917937992061
AT4G25110	8748	0.0	-0.34292832000393453	0.024290258313075293	0.6210054096607837	0.36506874117418187	-0.2284740429908892	-1.2226457855510948	-1.3729464147219157	-1.2912623233238143
AT4G25340	30	0.0	1.3897763484196042	1.3221820129311121	0.09273452853067346	0.1104943321926546	0.3798565992576271	0.41389703308215414	0.5689580692537393	0.595917937992061
AT4G25580	8748	0.0	-0.34292832000393453	0.024290258313075293	0.6210054096607837	0.36506874117418187	-0.2284740429908892	-1.2226457855510948	-1.3729464147219157	-1.2912623233238143
AT4G25750	19710	0.0	-1.0387219112730177	-1.0621616810999395	-0.9289061755612138	-0.5295633010754416	-0.7502283584712464	-1.3495831768109354	-1.4262542243832768	-1.3466996965183782
AT4G25810	729	0.0	1.3897763484196042	1.3221820129311121	0.818598158246003	0.38292363633604143	0.14644874130229013	-1.0124924567358347	-1.0808788582463884	-0.49064077885350255
AT4G26070	27	0.0	1.3897763484196042	1.3221820129311121	0.09273452853067346	0.1104943321926546	0.3798565992576271	0.41389703308215414	0.5689580692537393	1.9352917614604255
AT4G26150	19710	0.0	-1.0387219112730177	-1.0621616810999395	-0.9289061755612138	-0.5295633010754416	-0.7502283584712464	-1.3495831768109354	-1.4262542243832768	-1.3466996965183782
AT4G26200	30	0.0	1.3897763484196042	1.3221820129311121	0.09273452853067346	0.1104943321926546	0.3798565992576271	0.41389703308215414	0.5689580692537393	0.595917937992061
AT4G26220	19683	0.0	-1.0387219112730177	-1.0621616810999395	-0.9289061755612138	-0.5295633010754416	-0.7502283584712464	-0.15485486904904386	-0.04614812337467676	0.16082988309852989
AT4G26260	8748	0.0	-0.34292832000393453	0.024290258313075293	0.6210054096607837	0.36506874117418187	-0.2284740429908892	-1.2226457855510948	-1.3729464147219157	-1.2912623233238143
AT4G26270	26244	0.0	0.21607545690343966	0.010565404562498631	-0.22464648892186162	0.002731891259226455	0.2835222289192459	0.625251702634237	0.8878244866451313	1.633917065537418
AT4G26288	729	0.0	1.3897763484196042	1.3221820129311121	0.818598158246003	0.38292363633604143	0.14644874130229013	-1.0124924567358347	-1.0808788582463884	-0.49064077885350255
AT4G26530	26244	0.0	0.21607545690343966	0.010565404562498631	-0.22464648892186162	0.002731891259226455	0.2835222289192459	0.625251702634237	0.8878244866451313	1.633917065537418
AT4G26660	6561	0.0	-0.34292832000393453	-0.4184869908192939	-0.8525228682079703	-1.9459290483004938	-1.9059577714096951	-1.097606792975272	0.31163998310793495	-0.011655202403997469
AT4G26790	0	0.0	1.3897763484196042	1.3221820129311121	0.09273452853067346	0.1104943321926546	0.3798565992576271	1.232385077298978	1.5247457358309853	1.5044026379562263
AT4G27280	756	0.0	1.3897763484196042	1.3221820129311121	0.818598158246003	0.38292363633604143	0.14644874130229013	-0.19492128734677489	-0.17651081604460925	1.1105473984938241
AT4G27410	8748	0.0	-0.34292832000393453	0.024290258313075293	0.6210054096607837	0.36506874117418187	-0.2284740429908892	-1.2226457855510948	-1.3729464147219157	-1.2912623233238143
AT4G27450	759	0.0	1.3897763484196042	1.3221820129311121	0.818598158246003	0.38292363633604143	0.14644874130229013	-0.19492128734677489	-0.17651081604460925	-0.12819709921791717
AT4G27560	30	0.0	1.3897763484196042	1.3221820129311121	0.09273452853067346	0.1104943321926546	0.3798565992576271	0.41389703308215414	0.5689580692537393	0.595917937992061
AT4G28040	8748	0.0	-0.34292832000393453	0.024290258313075293	0.6210054096607837	0.36506874117418187	-0.2284740429908892	-1.2226457855510948	-1.3729464147219157	-1.2912623233238143
AT4G28110	759	0.0	1.3897763484196042	1.3221820129311121	0.818598158246003	0.38292363633604143	0.14644874130229013	-0.19492128734677489	-0.17651081604460925	-0.12819709921791717
AT4G28230	6561	0.0	-0.34292832000393453	-0.4184869908192939	-0.8525228682079703	-1.9459290483004938	-1.9059577714096951	-1.097606792975272	0.31163998310793495	-0.011655202403997469
AT4G28250	13122	0.0	1.496113858851713	1.3937937019293964	0.21474280098760976	0.1649349967136464	0.6201960005355599	1.0285985086345724	1.212211500432892	1.2389501871063449
AT4G28430	6561	0.0	-0.34292832000393453	-0.4184869908192939	-0.8525228682079703	-1.9459290483004938	-1.9059577714096951	-1.097606792975272	0.31163998310793495	-0.011655202403997469
AT4G28680	0	0.0	1.3897763484196042	1.3221820129311121	0.09273452853067346	0.1104943321926546	0.3798565992576271	1.232385077298978	1.5247457358309853	1.5044026379562263
AT4G28720	759	0.0	1.3897763484196042	1.3221820129311121	0.818598158246003	0.38292363633604143	0.14644874130229013	-0.19492128734677489	-0.17651081604460925	-0.12819709921791717
AT4G28755	19683	0.0	-1.0387219112730177	-1.0621616810999395	-0.9289061755612138	-0.5295633010754416	-0.7502283584712464	-0.15485486904904386	-0.04614812337467676	0.16082988309852989
AT4G28850	19683	0.0	-1.0387219112730177	-1.0621616810999395	-0.9289061755612138	-0.5295633010754416	-0.7502283584712464	-0.15485486904904386	-0.04614812337467676	0.16082988309852989
AT4G29020	0	0.0	1.3897763484196042	1.3221820129311121	0.09273452853067346	0.1104943321926546	0.3798565992576271	1.232385077298978	1.5247457358309853	1.5044026379562263
AT4G29780	756	0.0	1.3897763484196042	1.3221820129311121	0.818598158246003	0.38292363633604143	0.14644874130229013	-0.19492128734677489	-0.17651081604460925	1.1105473984938241
AT4G29930	30	0.0	1.3897763484196042	1.3221820129311121	0.09273452853067346	0.1104943321926546	0.3798565992576271	0.41389703308215414	0.5689580692537393	0.595917937992061
AT4G30250	0	0.0	1.3897763484196042	1.3221820129311121	0.09273452853067346	0.1104943321926546	0.3798565992576271	1.232385077298978	1.5247457358309853	1.5044026379562263
AT4G30270	8748	0.0	-0.34292832000393453	0.024290258313075293	0.6210054096607837	0.36506874117418187	-0.2284740429908892	-1.2226457855510948	-1.3729464147219157	-1.2912623233238143
AT4G30490	759	0.0	1.3897763484196042	1.3221820129311121	0.818598158246003	0.38292363633604143	0.14644874130229013	-0.19492128734677489	-0.17651081604460925	-0.12819709921791717
AT4G30530	26244	0.0	0.21607545690343966	0.010565404562498631	-0.22464648892186162	0.002731891259226455	0.2835222289192459	0.625251702634237	0.8878244866451313	1.633917065537418
AT4G30650	0	0.0	1.3897763484196042	1.3221820129311121	0.09273452853067346	0.1104943321926546	0.3798565992576271	1.232385077298978	1.5247457358309853	1.5044026379562263
AT4G31500	27	0.0	1.3897763484196042	1.3221820129311121	0.09273452853067346	0.1104943321926546	0.3798565992576271	0.41389703308215414	0.5689580692537393	1.9352917614604255
AT4G31800	756	0.0	1.3897763484196042	1.3221820129311121	0.818598158246003	0.38292363633604143	0.14644874130229013	-0.19492128734677489	-0.17651081604460925	1.1105473984938241
AT4G31840	6561	0.0	-0.34292832000393453	-0.4184869908192939	-0.8525228682079703	-1.9459290483004938	-1.9059577714096951	-1.097606792975272	0.31163998310793495	-0.011655202403997469
AT4G31940	19683	0.0	-1.0387219112730177	-1.0621616810999395	-0.9289061755612138	-0.5295633010754416	-0.7502283584712464	-0.15485486904904386	-0.04614812337467676	0.16082988309852989
AT4G32208	0	0.0	1.3897763484196042	1.3221820129311121	0.09273452853067346	0.1104943321926546	0.3798565992576271	1.232385077298978	1.5247457358309853	1.5044026379562263
AT4G32280	759	0.0	1.3897763484196042	1.3221820129311121	0.818598158246003	0.38292363633604143	0.14644874130229013	-0.19492128734677489	-0.17651081604460925	-0.12819709921791717
AT4G32480	729	0.0	1.3897763484196042	1.3221820129311121	0.818598158246003	0.38292363633604143	0.14644874130229013	-1.0124924567358347	-1.0808788582463884	-0.49064077885350255
AT4G32830	6561	0.0	-0.34292832000393453	-0.4184869908192939	-0.8525228682079703	-1.9459290483004938	-1.9059577714096951	-1.097606792975272	0.31163998310793495	-0.011655202403997469
AT4G32950	30	0.0	1.3897763484196042	1.3221820129311121	0.09273452853067346	0.1104943321926546	0.3798565992576271	0.41389703308215414	0.5689580692537393	0.595917937992061
AT4G33040	26244	0.0	0.21607545690343966	0.010565404562498631	-0.22464648892186162	0.002731891259226455	0.2835222289192459	0.625251702634237	0.8878244866451313	1.633917065537418
AT4G33070	13122	0.0	1.496113858851713	1.3937937019293964	0.21474280098760976	0.1649349967136464	0.6201960005355599	1.0285985086345724	1.212211500432892	1.2389501871063449
AT4G33260	6561	0.0	-0.34292832000393453	-0.4184869908192939	-0.8525228682079703	-1.9459290483004938	-1.9059577714096951	-1.097606792975272	0.31163998310793495	-0.011655202403997469
AT4G33270	6561	0.0	-0.34292832000393453	-0.4184869908192939	-0.8525228682079703	-1.9459290483004938	-1.9059577714096951	-1.097606792975272	0.31163998310793495	-0.011655202403997469
AT4G33550	0	0.0	1.3897763484196042	1.3221820129311121	0.09273452853067346	0.1104943321926546	0.3798565992576271	1.232385077298978	1.5247457358309853	1.5044026379562263
AT4G33560	26244	0.0	0.21607545690343966	0.010565404562498631	-0.22464648892186162	0.002731891259226455	0.2835222289192459	0.625251702634237	0.8878244866451313	1.633917065537418
AT4G34110	19710	0.0	-1.0387219112730177	-1.0621616810999395	-0.9289061755612138	-0.5295633010754416	-0.7502283584712464	-1.3495831768109354	-1.4262542243832768	-1.3466996965183782
AT4G34150	759	0.0	1.3897763484196042	1.3221820129311121	0.818598158246003	0.38292363633604143	0.14644874130229013	-0.19492128734677489	-0.17651081604460925	-0.12819709921791717
AT4G34230	0	0.0	1.3897763484196042	1.3221820129311121	0.09273452853067346	0.1104943321926546	0.3798565992576271	1.232385077298978	1.5247457358309853	1.5044026379562263
AT4G34320	26244	0.0	0.21607545690343966	0.010565404562498631	-0.22464648892186162	0.002731891259226455	0.2835222289192459	0.625251702634237	0.8878244866451313	1.633917065537418
AT4G34530	729	0.0	1.3897763484196042	1.3221820129311121	0.818598158246003	0.38292363633604143	0.14644874130229013	-1.0124924567358347	-1.0808788582463884	-0.49064077885350255
AT4G34610	19683	0.0	-1.0387219112730177	-1.0621616810999395	-0.9289061755612138	-0.5295633010754416	-0.7502283584712464	-0.15485486904904386	-0.04614812337467676	0.16082988309852989
AT4G34650	0	0.0	1.3897763484196042	1.3221820129311121	0.09273452853067346	0.1104943321926546	0.3798565992576271	1.232385077298978	1.5247457358309853	1.5044026379562263
AT4G34770	759	0.0	1.3897763484196042	1.3221820129311121	0.818598158246003	0.38292363633604143	0.14644874130229013	-0.19492128734677489	-0.17651081604460925	-0.12819709921791717
AT4G34950	19683	0.0	-1.0387219112730177	-1.0621616810999395	-0.9289061755612138	-0.5295633010754416	-0.7502283584712464	-0.15485486904904386	-0.04614812337467676	0.16082988309852989
AT4G35160	0	0.0	1.3897763484196042	1.3221820129311121	0.09273452853067346	0.1104943321926546	0.3798565992576271	1.232385077298978	1.5247457358309853	1.5044026379562263
AT4G35620	6561	0.0	-0.34292832000393453	-0.4184869908192939	-0.8525228682079703	-1.9459290483004938	-1.9059577714096951	-1.097606792975272	0.31163998310793495	-0.011655202403997469
AT4G35640	0	0.0	1.3897763484196042	1.3221820129311121	0.09273452853067346	0.1104943321926546	0.3798565992576271	1.232385077298978	1.5247457358309853	1.5044026379562263
AT4G35720	26244	0.0	0.21607545690343966	0.010565404562498631	-0.22464648892186162	0.002731891259226455	0.2835222289192459	0.625251702634237	0.8878244866451313	1.633917065537418
AT4G35730	6561	0.0	-0.34292832000393453	-0.4184869908192939	-0.8525228682079703	-1.9459290483004938	-1.9059577714096951	-1.097606792975272	0.31163998310793495	-0.011655202403997469
AT4G35770	13122	0.0	1.496113858851713	1.3937937019293964	0.21474280098760976	0.1649349967136464	0.6201960005355599	1.0285985086345724	1.212211500432892	1.2389501871063449
AT4G36040	8748	0.0	-0.34292832000393453	0.024290258313075293	0.6210054096607837	0.36506874117418187	-0.2284740429908892	-1.2226457855510948	-1.3729464147219157	-1.2912623233238143
AT4G36240	26244	0.0	0.21607545690343966	0.010565404562498631	-0.22464648892186162	0.002731891259226455	0.2835222289192459	0.625251702634237	0.8878244866451313	1.633917065537418
AT4G36430	27	0.0	1.3897763484196042	1.3221820129311121	0.09273452853067346	0.1104943321926546	0.3798565992576271	0.41389703308215414	0.5689580692537393	1.9352917614604255
AT4G36500	756	0.0	1.3897763484196042	1.3221820129311121	0.818598158246003	0.38292363633604143	0.14644874130229013	-0.19492128734677489	-0.17651081604460925	1.1105473984938241
AT4G36610	0	0.0	1.3897763484196042	1.3221820129311121	0.09273452853067346	0.1104943321926546	0.3798565992576271	1.232385077298978	1.5247457358309853	1.5044026379562263
AT4G36810	26244	0.0	0.21607545690343966	0.010565404562498631	-0.22464648892186162	0.002731891259226455	0.2835222289192459	0.625251702634237	0.8878244866451313	1.633917065537418
AT4G36830	0	0.0	1.3897763484196042	1.3221820129311121	0.09273452853067346	0.1104943321926546	0.3798565992576271	1.232385077298978	1.5247457358309853	1.5044026379562263
AT4G36850	8748	0.0	-0.34292832000393453	0.024290258313075293	0.6210054096607837	0.36506874117418187	-0.2284740429908892	-1.2226457855510948	-1.3729464147219157	-1.2912623233238143
AT4G36880	0	0.0	1.3897763484196042	1.3221820129311121	0.09273452853067346	0.1104943321926546	0.3798565992576271	1.232385077298978	1.5247457358309853	1.5044026379562263
AT4G37220	8748	0.0	-0.34292832000393453	0.024290258313075293	0.6210054096607837	0.36506874117418187	-0.2284740429908892	-1.2226457855510948	-1.3729464147219157	-1.2912623233238143
AT4G37240	30	0.0	1.3897763484196042	1.3221820129311121	0.09273452853067346	0.1104943321926546	0.3798565992576271	0.41389703308215414	0.5689580692537393	0.595917937992061
AT4G37260	759	0.0	1.3897763484196042	1.3221820129311121	0.818598158246003	0.38292363633604143	0.14644874130229013	-0.19492128734677489	-0.17651081604460925	-0.12819709921791717
AT4G37370	756	0.0	1.3897763484196042	1.3221820129311121	0.818598158246003	0.38292363633604143	0.14644874130229013	-0.19492128734677489	-0.17651081604460925	1.1105473984938241
AT4G37409	30	0.0	1.3897763484196042	1.3221820129311121	0.09273452853067346	0.1104943321926546	0.3798565992576271	0.41389703308215414	0.5689580692537393	0.595917937992061
AT4G37610	8748	0.0	-0.34292832000393453	0.024290258313075293	0.6210054096607837	0.36506874117418187	-0.2284740429908892	-1.2226457855510948	-1.3729464147219157	-1.2912623233238143
AT4G37800	0	0.0	1.3897763484196042	1.3221820129311121	0.09273452853067346	0.1104943321926546	0.3798565992576271	1.232385077298978	1.5247457358309853	1.5044026379562263
AT4G38062	6561	0.0	-0.34292832000393453	-0.4184869908192939	-0.8525228682079703	-1.9459290483004938	-1.9059577714096951	-1.097606792975272	0.31163998310793495	-0.011655202403997469
AT4G38470	8748	0.0	-0.34292832000393453	0.024290258313075293	0.6210054096607837	0.36506874117418187	-0.2284740429908892	-1.2226457855510948	-1.3729464147219157	-1.2912623233238143
AT4G38552	8748	0.0	-0.34292832000393453	0.024290258313075293	0.6210054096607837	0.36506874117418187	-0.2284740429908892	-1.2226457855510948	-1.3729464147219157	-1.2912623233238143
AT4G38840	0	0.0	1.3897763484196042	1.3221820129311121	0.09273452853067346	0.1104943321926546	0.3798565992576271	1.232385077298978	1.5247457358309853	1.5044026379562263
AT4G39030	27	0.0	1.3897763484196042	1.3221820129311121	0.09273452853067346	0.1104943321926546	0.3798565992576271	0.41389703308215414	0.5689580692537393	1.9352917614604255
AT4G39210	0	0.0	1.3897763484196042	1.3221820129311121	0.09273452853067346	0.1104943321926546	0.3798565992576271	1.232385077298978	1.5247457358309853	1.5044026379562263
AT4G39320	0	0.0	1.3897763484196042	1.3221820129311121	0.09273452853067346	0.1104943321926546	0.3798565992576271	1.232385077298978	1.5247457358309853	1.5044026379562263
AT4G39330	0	0.0	1.3897763484196042	1.3221820129311121	0.09273452853067346	0.1104943321926546	0.3798565992576271	1.232385077298978	1.5247457358309853	1.5044026379562263
AT4G39675	19683	0.0	-1.0387219112730177	-1.0621616810999395	-0.9289061755612138	-0.5295633010754416	-0.7502283584712464	-0.15485486904904386	-0.04614812337467676	0.16082988309852989
AT4G39730	0	0.0	1.3897763484196042	1.3221820129311121	0.09273452853067346	0.1104943321926546	0.3798565992576271	1.232385077298978	1.5247457358309853	1.5044026379562263
AT4G39800	0	0.0	1.3897763484196042	1.3221820129311121	0.09273452853067346	0.1104943321926546	0.3798565992576271	1.232385077298978	1.5247457358309853	1.5044026379562263
AT4G39830	27	0.0	1.3897763484196042	1.3221820129311121	0.09273452853067346	0.1104943321926546	0.3798565992576271	0.41389703308215414	0.5689580692537393	1.9352917614604255
AT4G39840	13122	0.0	1.496113858851713	1.3937937019293964	0.21474280098760976	0.1649349967136464	0.6201960005355599	1.0285985086345724	1.212211500432892	1.2389501871063449
AT4G39940	0	0.0	1.3897763484196042	1.3221820129311121	0.09273452853067346	0.1104943321926546	0.3798565992576271	1.232385077298978	1.5247457358309853	1.5044026379562263
AT4G39950	0	0.0	1.3897763484196042	1.3221820129311121	0.09273452853067346	0.1104943321926546	0.3798565992576271	1.232385077298978	1.5247457358309853	1.5044026379562263
AT5G01015	26244	0.0	0.21607545690343966	0.010565404562498631	-0.22464648892186162	0.002731891259226455	0.2835222289192459	0.625251702634237	0.8878244866451313	1.633917065537418
AT5G01420	6561	0.0	-0.34292832000393453	-0.4184869908192939	-0.8525228682079703	-1.9459290483004938	-1.9059577714096951	-1.097606792975272	0.31163998310793495	-0.011655202403997469
AT5G01542	27	0.0	1.3897763484196042	1.3221820129311121	0.09273452853067346	0.1104943321926546	0.3798565992576271	0.41389703308215414	0.5689580692537393	1.9352917614604255
AT5G01600	26244	0.0	0.21607545690343966	0.010565404562498631	-0.22464648892186162	0.002731891259226455	0.2835222289192459	0.625251702634237	0.8878244866451313	1.633917065537418
AT5G01910	6561	0.0	-0.34292832000393453	-0.4184869908192939	-0.8525228682079703	-1.9459290483004938	-1.9059577714096951	-1.097606792975272	0.31163998310793495	-0.011655202403997469
AT5G02020	729	0.0	1.3897763484196042	1.3221820129311121	0.818598158246003	0.38292363633604143	0.14644874130229013	-1.0124924567358347	-1.0808788582463884	-0.49064077885350255
AT5G02170	30	0.0	1.3897763484196042	1.3221820129311121	0.09273452853067346	0.1104943321926546	0.3798565992576271	0.41389703308215414	0.5689580692537393	0.595917937992061
AT5G02270	26244	0.0	0.21607545690343966	0.010565404562498631	-0.22464648892186162	0.002731891259226455	0.2835222289192459	0.625251702634237	0.8878244866451313	1.633917065537418
AT5G02490	0	0.0	1.3897763484196042	1.3221820129311121	0.09273452853067346	0.1104943321926546	0.3798565992576271	1.232385077298978	1.5247457358309853	1.5044026379562263
AT5G02760	19710	0.0	-1.0387219112730177	-1.0621616810999395	-0.9289061755612138	-0.5295633010754416	-0.7502283584712464	-1.3495831768109354	-1.4262542243832768	-1.3466996965183782
AT5G02940	19710	0.0	-1.0387219112730177	-1.0621616810999395	-0.9289061755612138	-0.5295633010754416	-0.7502283584712464	-1.3495831768109354	-1.4262542243832768	-1.3466996965183782
AT5G03350	27	0.0	1.3897763484196042	1.3221820129311121	0.09273452853067346	0.1104943321926546	0.3798565992576271	0.41389703308215414	0.5689580692537393	1.9352917614604255
AT5G03355	759	0.0	1.3897763484196042	1.3221820129311121	0.818598158246003	0.38292363633604143	0.14644874130229013	-0.19492128734677489	-0.17651081604460925	-0.12819709921791717
AT5G03545	26244	0.0	0.21607545690343966	0.010565404562498631	-0.22464648892186162	0.002731891259226455	0.2835222289192459	0.625251702634237	0.8878244866451313	1.633917065537418
AT5G03570	19683	0.0	-1.0387219112730177	-1.0621616810999395	-0.9289061755612138	-0.5295633010754416	-0.7502283584712464	-0.15485486904904386	-0.04614812337467676	0.16082988309852989
AT5G03760	0	0.0	1.3897763484196042	1.3221820129311121	0.09273452853067346	0.1104943321926546	0.3798565992576271	1.232385077298978	1.5247457358309853	1.5044026379562263
AT5G03870	6561	0.0	-0.34292832000393453	-0.4184869908192939	-0.8525228682079703	-1.9459290483004938	-1.9059577714096951	-1.097606792975272	0.31163998310793495	-0.011655202403997469
AT5G04120	30	0.0	1.3897763484196042	1.3221820129311121	0.09273452853067346	0.1104943321926546	0.3798565992576271	0.41389703308215414	0.5689580692537393	0.595917937992061
AT5G04150	729	0.0	1.3897763484196042	1.3221820129311121	0.818598158246003	0.38292363633604143	0.14644874130229013	-1.0124924567358347	-1.0808788582463884	-0.49064077885350255
AT5G04190	729	0.0	1.3897763484196042	1.3221820129311121	0.818598158246003	0.38292363633604143	0.14644874130229013	-1.0124924567358347	-1.0808788582463884	-0.49064077885350255
AT5G04340	729	0.0	1.3897763484196042	1.3221820129311121	0.818598158246003	0.38292363633604143	0.14644874130229013	-1.0124924567358347	-1.0808788582463884	-0.49064077885350255
AT5G04950	0	0.0	1.3897763484196042	1.3221820129311121	0.09273452853067346	0.1104943321926546	0.3798565992576271	1.232385077298978	1.5247457358309853	1.5044026379562263
AT5G04960	19683	0.0	-1.0387219112730177	-1.0621616810999395	-0.9289061755612138	-0.5295633010754416	-0.7502283584712464	-0.15485486904904386	-0.04614812337467676	0.16082988309852989
AT5G05250	19683	0.0	-1.0387219112730177	-1.0621616810999395	-0.9289061755612138	-0.5295633010754416	-0.7502283584712464	-0.15485486904904386	-0.04614812337467676	0.16082988309852989
AT5G05270	0	0.0	1.3897763484196042	1.3221820129311121	0.09273452853067346	0.1104943321926546	0.3798565992576271	1.232385077298978	1.5247457358309853	1.5044026379562263
AT5G05410	759	0.0	1.3897763484196042	1.3221820129311121	0.818598158246003	0.38292363633604143	0.14644874130229013	-0.19492128734677489	-0.17651081604460925	-0.12819709921791717
AT5G05600	729	0.0	1.3897763484196042	1.3221820129311121	0.818598158246003	0.38292363633604143	0.14644874130229013	-1.0124924567358347	-1.0808788582463884	-0.49064077885350255
AT5G06090	759	0.0	1.3897763484196042	1.3221820129311121	0.818598158246003	0.38292363633604143	0.14644874130229013	-0.19492128734677489	-0.17651081604460925	-0.12819709921791717
AT5G06150	6561	0.0	-0.34292832000393453	-0.4184869908192939	-0.8525228682079703	-1.9459290483004938	-1.9059577714096951	-1.097606792975272	0.31163998310793495	-0.011655202403997469
AT5G06320	756	0.0	1.3897763484196042	1.3221820129311121	0.818598158246003	0.38292363633604143	0.14644874130229013	-0.19492128734677489	-0.17651081604460925	1.1105473984938241
AT5G06570	8748	0.0	-0.34292832000393453	0.024290258313075293	0.6210054096607837	0.36506874117418187	-0.2284740429908892	-1.2226457855510948	-1.3729464147219157	-1.2912623233238143
AT5G06630	19710	0.0	-1.0387219112730177	-1.0621616810999395	-0.9289061755612138	-0.5295633010754416	-0.7502283584712464	-1.3495831768109354	-1.4262542243832768	-1.3466996965183782
AT5G06640	19710	0.0	-1.0387219112730177	-1.0621616810999395	-0.9289061755612138	-0.5295633010754416	-0.7502283584712464	-1.3495831768109354	-1.4262542243832768	-1.3466996965183782
AT5G06760	27	0.0	1.3897763484196042	1.3221820129311121	0.09273452853067346	0.1104943321926546	0.3798565992576271	0.41389703308215414	0.5689580692537393	1.9352917614604255
AT5G06980	8748	0.0	-0.34292832000393453	0.024290258313075293	0.6210054096607837	0.36506874117418187	-0.2284740429908892	-1.2226457855510948	-1.3729464147219157	-1.2912623233238143
AT5G07000	30	0.0	1.3897763484196042	1.3221820129311121	0.09273452853067346	0.1104943321926546	0.3798565992576271	0.41389703308215414	0.5689580692537393	0.595917937992061
AT5G07010	759	0.0	1.3897763484196042	1.3221820129311121	0.818598158246003	0.38292363633604143	0.14644874130229013	-0.19492128734677489	-0.17651081604460925	-0.12819709921791717
AT5G07100	8748	0.0	-0.34292832000393453	0.024290258313075293	0.6210054096607837	0.36506874117418187	-0.2284740429908892	-1.2226457855510948	-1.3729464147219157	-1.2912623233238143
AT5G07440	8748	0.0	-0.34292832000393453	0.024290258313075293	0.6210054096607837	0.36506874117418187	-0.2284740429908892	-1.2226457855510948	-1.3729464147219157	-1.2912623233238143
AT5G07460	26244	0.0	0.21607545690343966	0.010565404562498631	-0.22464648892186162	0.002731891259226455	0.2835222289192459	0.625251702634237	0.8878244866451313	1.633917065537418
AT5G07690	0	0.0	1.3897763484196042	1.3221820129311121	0.09273452853067346	0.1104943321926546	0.3798565992576271	1.232385077298978	1.5247457358309853	1.5044026379562263
AT5G08030	0	0.0	1.3897763484196042	1.3221820129311121	0.09273452853067346	0.1104943321926546	0.3798565992576271	1.232385077298978	1.5247457358309853	1.5044026379562263
AT5G08150	759	0.0	1.3897763484196042	1.3221820129311121	0.818598158246003	0.38292363633604143	0.14644874130229013	-0.19492128734677489	-0.17651081604460925	-0.12819709921791717
AT5G08230	8748	0.0	-0.34292832000393453	0.024290258313075293	0.6210054096607837	0.36506874117418187	-0.2284740429908892	-1.2226457855510948	-1.3729464147219157	-1.2912623233238143
AT5G08250	30	0.0	1.3897763484196042	1.3221820129311121	0.09273452853067346	0.1104943321926546	0.3798565992576271	0.41389703308215414	0.5689580692537393	0.595917937992061
AT5G08275	19683	0.0	-1.0387219112730177	-1.0621616810999395	-0.9289061755612138	-0.5295633010754416	-0.7502283584712464	-0.15485486904904386	-0.04614812337467676	0.16082988309852989
AT5G08350	8748	0.0	-0.34292832000393453	0.024290258313075293	0.6210054096607837	0.36506874117418187	-0.2284740429908892	-1.2226457855510948	-1.3729464147219157	-1.2912623233238143
AT5G08640	0	0.0	1.3897763484196042	1.3221820129311121	0.09273452853067346	0.1104943321926546	0.3798565992576271	1.232385077298978	1.5247457358309853	1.5044026379562263
AT5G09520	30	0.0	1.3897763484196042	1.3221820129311121	0.09273452853067346	0.1104943321926546	0.3798565992576271	0.41389703308215414	0.5689580692537393	0.595917937992061
AT5G09970	19710	0.0	-1.0387219112730177	-1.0621616810999395	-0.9289061755612138	-0.5295633010754416	-0.7502283584712464	-1.3495831768109354	-1.4262542243832768	-1.3466996965183782
AT5G10210	26244	0.0	0.21607545690343966	0.010565404562498631	-0.22464648892186162	0.002731891259226455	0.2835222289192459	0.625251702634237	0.8878244866451313	1.633917065537418
AT5G10230	0	0.0	1.3897763484196042	1.3221820129311121	0.09273452853067346	0.1104943321926546	0.3798565992576271	1.232385077298978	1.5247457358309853	1.5044026379562263
AT5G10380	27	0.0	1.3897763484196042	1.3221820129311121	0.09273452853067346	0.1104943321926546	0.3798565992576271	0.41389703308215414	0.5689580692537393	1.9352917614604255
AT5G10435	19683	0.0	-1.0387219112730177	-1.0621616810999395	-0.9289061755612138	-0.5295633010754416	-0.7502283584712464	-0.15485486904904386	-0.04614812337467676	0.16082988309852989
AT5G10695	30	0.0	1.3897763484196042	1.3221820129311121	0.09273452853067346	0.1104943321926546	0.3798565992576271	0.41389703308215414	0.5689580692537393	0.595917937992061
AT5G11410	27	0.0	1.3897763484196042	1.3221820129311121	0.09273452853067346	0.1104943321926546	0.3798565992576271	0.41389703308215414	0.5689580692537393	1.9352917614604255
AT5G11420	0	0.0	1.3897763484196042	1.3221820129311121	0.09273452853067346	0.1104943321926546	0.3798565992576271	1.232385077298978	1.5247457358309853	1.5044026379562263
AT5G11510	6561	0.0	-0.34292832000393453	-0.4184869908192939	-0.8525228682079703	-1.9459290483004938	-1.9059577714096951	-1.097606792975272	0.31163998310793495	-0.011655202403997469
AT5G11670	19710	0.0	-1.0387219112730177	-1.0621616810999395	-0.9289061755612138	-0.5295633010754416	-0.7502283584712464	-1.3495831768109354	-1.4262542243832768	-1.3466996965183782
AT5G11740	30	0.0	1.3897763484196042	1.3221820129311121	0.09273452853067346	0.1104943321926546	0.3798565992576271	0.41389703308215414	0.5689580692537393	0.595917937992061
AT5G11920	26244	0.0	0.21607545690343966	0.010565404562498631	-0.22464648892186162	0.002731891259226455	0.2835222289192459	0.625251702634237	0.8878244866451313	1.633917065537418
AT5G12050	759	0.0	1.3897763484196042	1.3221820129311121	0.818598158246003	0.38292363633604143	0.14644874130229013	-0.19492128734677489	-0.17651081604460925	-0.12819709921791717
AT5G12110	0	0.0	1.3897763484196042	1.3221820129311121	0.09273452853067346	0.1104943321926546	0.3798565992576271	1.232385077298978	1.5247457358309853	1.5044026379562263
AT5G12340	759	0.0	1.3897763484196042	1.3221820129311121	0.818598158246003	0.38292363633604143	0.14644874130229013	-0.19492128734677489	-0.17651081604460925	-0.12819709921791717
AT5G13080	759	0.0	1.3897763484196042	1.3221820129311121	0.818598158246003	0.38292363633604143	0.14644874130229013	-0.19492128734677489	-0.17651081604460925	-0.12819709921791717
AT5G13170	13122	0.0	1.496113858851713	1.3937937019293964	0.21474280098760976	0.1649349967136464	0.6201960005355599	1.0285985086345724	1.212211500432892	1.2389501871063449
AT5G13200	30	0.0	1.3897763484196042	1.3221820129311121	0.09273452853067346	0.1104943321926546	0.3798565992576271	0.41389703308215414	0.5689580692537393	0.595917937992061
AT5G13210	756	0.0	1.3897763484196042	1.3221820129311121	0.818598158246003	0.38292363633604143	0.14644874130229013	-0.19492128734677489	-0.17651081604460925	1.1105473984938241
AT5G13580	759	0.0	1.3897763484196042	1.3221820129311121	0.818598158246003	0.38292363633604143	0.14644874130229013	-0.19492128734677489	-0.17651081604460925	-0.12819709921791717
AT5G13840	6561	0.0	-0.34292832000393453	-0.4184869908192939	-0.8525228682079703	-1.9459290483004938	-1.9059577714096951	-1.097606792975272	0.31163998310793495	-0.011655202403997469
AT5G13880	26244	0.0	0.21607545690343966	0.010565404562498631	-0.22464648892186162	0.002731891259226455	0.2835222289192459	0.625251702634237	0.8878244866451313	1.633917065537418
AT5G13900	30	0.0	1.3897763484196042	1.3221820129311121	0.09273452853067346	0.1104943321926546	0.3798565992576271	0.41389703308215414	0.5689580692537393	0.595917937992061
AT5G13930	0	0.0	1.3897763484196042	1.3221820129311121	0.09273452853067346	0.1104943321926546	0.3798565992576271	1.232385077298978	1.5247457358309853	1.5044026379562263
AT5G14120	8748	0.0	-0.34292832000393453	0.024290258313075293	0.6210054096607837	0.36506874117418187	-0.2284740429908892	-1.2226457855510948	-1.3729464147219157	-1.2912623233238143
AT5G14200	19683	0.0	-1.0387219112730177	-1.0621616810999395	-0.9289061755612138	-0.5295633010754416	-0.7502283584712464	-0.15485486904904386	-0.04614812337467676	0.16082988309852989
AT5G14470	729	0.0	1.3897763484196042	1.3221820129311121	0.818598158246003	0.38292363633604143	0.14644874130229013	-1.0124924567358347	-1.0808788582463884	-0.49064077885350255
AT5G14490	26244	0.0	0.21607545690343966	0.010565404562498631	-0.22464648892186162	0.002731891259226455	0.2835222289192459	0.625251702634237	0.8878244866451313	1.633917065537418
AT5G14760	19683	0.0	-1.0387219112730177	-1.0621616810999395	-0.9289061755612138	-0.5295633010754416	-0.7502283584712464	-0.15485486904904386	-0.04614812337467676	0.16082988309852989
AT5G15510	6561	0.0	-0.34292832000393453	-0.4184869908192939	-0.8525228682079703	-1.9459290483004938	-1.9059577714096951	-1.097606792975272	0.31163998310793495	-0.011655202403997469
AT5G15950	19683	0.0	-1.0387219112730177	-1.0621616810999395	-0.9289061755612138	-0.5295633010754416	-0.7502283584712464	-0.15485486904904386	-0.04614812337467676	0.16082988309852989
AT5G15960	13122	0.0	1.496113858851713	1.3937937019293964	0.21474280098760976	0.1649349967136464	0.6201960005355599	1.0285985086345724	1.212211500432892	1.2389501871063449
AT5G15970	13122	0.0	1.496113858851713	1.3937937019293964	0.21474280098760976	0.1649349967136464	0.6201960005355599	1.0285985086345724	1.212211500432892	1.2389501871063449
AT5G16030	30	0.0	1.3897763484196042	1.3221820129311121	0.09273452853067346	0.1104943321926546	0.3798565992576271	0.41389703308215414	0.5689580692537393	0.595917937992061
AT5G16250	6561	0.0	-0.34292832000393453	-0.4184869908192939	-0.8525228682079703	-1.9459290483004938	-1.9059577714096951	-1.097606792975272	0.31163998310793495	-0.011655202403997469
AT5G16370	8748	0.0	-0.34292832000393453	0.024290258313075293	0.6210054096607837	0.36506874117418187	-0.2284740429908892	-1.2226457855510948	-1.3729464147219157	-1.2912623233238143
AT5G17160	6561	0.0	-0.34292832000393453	-0.4184869908192939	-0.8525228682079703	-1.9459290483004938	-1.9059577714096951	-1.097606792975272	0.31163998310793495	-0.011655202403997469
AT5G17220	0	0.0	1.3897763484196042	1.3221820129311121	0.09273452853067346	0.1104943321926546	0.3798565992576271	1.232385077298978	1.5247457358309853	1.5044026379562263
AT5G17300	19710	0.0	-1.0387219112730177	-1.0621616810999395	-0.9289061755612138	-0.5295633010754416	-0.7502283584712464	-1.3495831768109354	-1.4262542243832768	-1.3466996965183782
AT5G17350	759	0.0	1.3897763484196042	1.3221820129311121	0.818598158246003	0.38292363633604143	0.14644874130229013	-0.19492128734677489	-0.17651081604460925	-0.12819709921791717
AT5G17460	30	0.0	1.3897763484196042	1.3221820129311121	0.09273452853067346	0.1104943321926546	0.3798565992576271	0.41389703308215414	0.5689580692537393	0.595917937992061
AT5G17760	26244	0.0	0.21607545690343966	0.010565404562498631	-0.22464648892186162	0.002731891259226455	0.2835222289192459	0.625251702634237	0.8878244866451313	1.633917065537418
AT5G18020	0	0.0	1.3897763484196042	1.3221820129311121	0.09273452853067346	0.1104943321926546	0.3798565992576271	1.232385077298978	1.5247457358309853	1.5044026379562263
AT5G18030	0	0.0	1.3897763484196042	1.3221820129311121	0.09273452853067346	0.1104943321926546	0.3798565992576271	1.232385077298978	1.5247457358309853	1.5044026379562263
AT5G18060	756	0.0	1.3897763484196042	1.3221820129311121	0.818598158246003	0.38292363633604143	0.14644874130229013	-0.19492128734677489	-0.17651081604460925	1.1105473984938241
AT5G18080	30	0.0	1.3897763484196042	1.3221820129311121	0.09273452853067346	0.1104943321926546	0.3798565992576271	0.41389703308215414	0.5689580692537393	0.595917937992061
AT5G18600	8748	0.0	-0.34292832000393453	0.024290258313075293	0.6210054096607837	0.36506874117418187	-0.2284740429908892	-1.2226457855510948	-1.3729464147219157	-1.2912623233238143
AT5G18670	8748	0.0	-0.34292832000393453	0.024290258313075293	0.6210054096607837	0.36506874117418187	-0.2284740429908892	-1.2226457855510948	-1.3729464147219157	-1.2912623233238143
AT5G19120	8748	0.0	-0.34292832000393453	0.024290258313075293	0.6210054096607837	0.36506874117418187	-0.2284740429908892	-1.2226457855510948	-1.3729464147219157	-1.2912623233238143
AT5G19190	759	0.0	1.3897763484196042	1.3221820129311121	0.818598158246003	0.38292363633604143	0.14644874130229013	-0.19492128734677489	-0.17651081604460925	-0.12819709921791717
AT5G19240	27	0.0	1.3897763484196042	1.3221820129311121	0.09273452853067346	0.1104943321926546	0.3798565992576271	0.41389703308215414	0.5689580692537393	1.9352917614604255
AT5G19890	19683	0.0	-1.0387219112730177	-1.0621616810999395	-0.9289061755612138	-0.5295633010754416	-0.7502283584712464	-0.15485486904904386	-0.04614812337467676	0.16082988309852989
AT5G20230	729	0.0	1.3897763484196042	1.3221820129311121	0.818598158246003	0.38292363633604143	0.14644874130229013	-1.0124924567358347	-1.0808788582463884	-0.49064077885350255
AT5G20250	8748	0.0	-0.34292832000393453	0.024290258313075293	0.6210054096607837	0.36506874117418187	-0.2284740429908892	-1.2226457855510948	-1.3729464147219157	-1.2912623233238143
AT5G20270	30	0.0	1.3897763484196042	1.3221820129311121	0.09273452853067346	0.1104943321926546	0.3798565992576271	0.41389703308215414	0.5689580692537393	0.595917937992061
AT5G20740	0	0.0	1.3897763484196042	1.3221820129311121	0.09273452853067346	0.1104943321926546	0.3798565992576271	1.232385077298978	1.5247457358309853	1.5044026379562263
AT5G20790	26244	0.0	0.21607545690343966	0.010565404562498631	-0.22464648892186162	0.002731891259226455	0.2835222289192459	0.625251702634237	0.8878244866451313	1.633917065537418
AT5G20830	26244	0.0	0.21607545690343966	0.010565404562498631	-0.22464648892186162	0.002731891259226455	0.2835222289192459	0.625251702634237	0.8878244866451313	1.633917065537418
AT5G21170	8748	0.0	-0.34292832000393453	0.024290258313075293	0.6210054096607837	0.36506874117418187	-0.2284740429908892	-1.2226457855510948	-1.3729464147219157	-1.2912623233238143
AT5G21482	0	0.0	1.3897763484196042	1.3221820129311121	0.09273452853067346	0.1104943321926546	0.3798565992576271	1.232385077298978	1.5247457358309853	1.5044026379562263
AT5G21940	8748	0.0	-0.34292832000393453	0.024290258313075293	0.6210054096607837	0.36506874117418187	-0.2284740429908892	-1.2226457855510948	-1.3729464147219157	-1.2912623233238143
AT5G22140	30	0.0	1.3897763484196042	1.3221820129311121	0.09273452853067346	0.1104943321926546	0.3798565992576271	0.41389703308215414	0.5689580692537393	0.595917937992061
AT5G22580	0	0.0	1.3897763484196042	1.3221820129311121	0.09273452853067346	0.1104943321926546	0.3798565992576271	1.232385077298978	1.5247457358309853	1.5044026379562263
AT5G22920	729	0.0	1.3897763484196042	1.3221820129311121	0.818598158246003	0.38292363633604143	0.14644874130229013	-1.0124924567358347	-1.0808788582463884	-0.49064077885350255
AT5G23010	19683	0.0	-1.0387219112730177	-1.0621616810999395	-0.9289061755612138	-0.5295633010754416	-0.7502283584712464	-0.15485486904904386	-0.04614812337467676	0.16082988309852989
AT5G23020	19683	0.0	-1.0387219112730177	-1.0621616810999395	-0.9289061755612138	-0.5295633010754416	-0.7502283584712464	-0.15485486904904386	-0.04614812337467676	0.16082988309852989
AT5G23240	19683	0.0	-1.0387219112730177	-1.0621616810999395	-0.9289061755612138	-0.5295633010754416	-0.7502283584712464	-0.15485486904904386	-0.04614812337467676	0.16082988309852989
AT5G23830	30	0.0	1.3897763484196042	1.3221820129311121	0.09273452853067346	0.1104943321926546	0.3798565992576271	0.41389703308215414	0.5689580692537393	0.595917937992061
AT5G23910	6561	0.0	-0.34292832000393453	-0.4184869908192939	-0.8525228682079703	-1.9459290483004938	-1.9059577714096951	-1.097606792975272	0.31163998310793495	-0.011655202403997469
AT5G24105	26244	0.0	0.21607545690343966	0.010565404562498631	-0.22464648892186162	0.002731891259226455	0.2835222289192459	0.625251702634237	0.8878244866451313	1.633917065537418
AT5G24140	759	0.0	1.3897763484196042	1.3221820129311121	0.818598158246003	0.38292363633604143	0.14644874130229013	-0.19492128734677489	-0.17651081604460925	-0.12819709921791717
AT5G24155	0	0.0	1.3897763484196042	1.3221820129311121	0.09273452853067346	0.1104943321926546	0.3798565992576271	1.232385077298978	1.5247457358309853	1.5044026379562263
AT5G24210	759	0.0	1.3897763484196042	1.3221820129311121	0.818598158246003	0.38292363633604143	0.14644874130229013	-0.19492128734677489	-0.17651081604460925	-0.12819709921791717
AT5G24280	26244	0.0	0.21607545690343966	0.010565404562498631	-0.22464648892186162	0.002731891259226455	0.2835222289192459	0.625251702634237	0.8878244866451313	1.633917065537418
AT5G24470	19683	0.0	-1.0387219112730177	-1.0621616810999395	-0.9289061755612138	-0.5295633010754416	-0.7502283584712464	-0.15485486904904386	-0.04614812337467676	0.16082988309852989
AT5G24530	756	0.0	1.3897763484196042	1.3221820129311121	0.818598158246003	0.38292363633604143	0.14644874130229013	-0.19492128734677489	-0.17651081604460925	1.1105473984938241
AT5G24660	13122	0.0	1.496113858851713	1.3937937019293964	0.21474280098760976	0.1649349967136464	0.6201960005355599	1.0285985086345724	1.212211500432892	1.2389501871063449
AT5G24770	6561	0.0	-0.34292832000393453	-0.4184869908192939	-0.8525228682079703	-1.9459290483004938	-1.9059577714096951	-1.097606792975272	0.31163998310793495	-0.011655202403997469
AT5G25090	6561	0.0	-0.34292832000393453	-0.4184869908192939	-0.8525228682079703	-1.9459290483004938	-1.9059577714096951	-1.097606792975272	0.31163998310793495	-0.011655202403997469
AT5G25190	13122	0.0	1.496113858851713	1.3937937019293964	0.21474280098760976	0.1649349967136464	0.6201960005355599	1.0285985086345724	1.212211500432892	1.2389501871063449
AT5G25250	756	0.0	1.3897763484196042	1.3221820129311121	0.818598158246003	0.38292363633604143	0.14644874130229013	-0.19492128734677489	-0.17651081604460925	1.1105473984938241
AT5G25280	759	0.0	1.3897763484196042	1.3221820129311121	0.818598158246003	0.38292363633604143	0.14644874130229013	-0.19492128734677489	-0.17651081604460925	-0.12819709921791717
AT5G25350	19710	0.0	-1.0387219112730177	-1.0621616810999395	-0.9289061755612138	-0.5295633010754416	-0.7502283584712464	-1.3495831768109354	-1.4262542243832768	-1.3466996965183782
AT5G25450	759	0.0	1.3897763484196042	1.3221820129311121	0.818598158246003	0.38292363633604143	0.14644874130229013	-0.19492128734677489	-0.17651081604460925	-0.12819709921791717
AT5G25610	0	0.0	1.3897763484196042	1.3221820129311121	0.09273452853067346	0.1104943321926546	0.3798565992576271	1.232385077298978	1.5247457358309853	1.5044026379562263
AT5G26170	26244	0.0	0.21607545690343966	0.010565404562498631	-0.22464648892186162	0.002731891259226455	0.2835222289192459	0.625251702634237	0.8878244866451313	1.633917065537418
AT5G26220	0	0.0	1.3897763484196042	1.3221820129311121	0.09273452853067346	0.1104943321926546	0.3798565992576271	1.232385077298978	1.5247457358309853	1.5044026379562263
AT5G26920	729	0.0	1.3897763484196042	1.3221820129311121	0.818598158246003	0.38292363633604143	0.14644874130229013	-1.0124924567358347	-1.0808788582463884	-0.49064077885350255
AT5G27120	30	0.0	1.3897763484196042	1.3221820129311121	0.09273452853067346	0.1104943321926546	0.3798565992576271	0.41389703308215414	0.5689580692537393	0.595917937992061
AT5G27420	756	0.0	1.3897763484196042	1.3221820129311121	0.818598158246003	0.38292363633604143	0.14644874130229013	-0.19492128734677489	-0.17651081604460925	1.1105473984938241
AT5G27550	6561	0.0	-0.34292832000393453	-0.4184869908192939	-0.8525228682079703	-1.9459290483004938	-1.9059577714096951	-1.097606792975272	0.31163998310793495	-0.011655202403997469
AT5G28400	8748	0.0	-0.34292832000393453	0.024290258313075293	0.6210054096607837	0.36506874117418187	-0.2284740429908892	-1.2226457855510948	-1.3729464147219157	-1.2912623233238143
AT5G28540	30	0.0	1.3897763484196042	1.3221820129311121	0.09273452853067346	0.1104943321926546	0.3798565992576271	0.41389703308215414	0.5689580692537393	0.595917937992061
AT5G28910	26244	0.0	0.21607545690343966	0.010565404562498631	-0.22464648892186162	0.002731891259226455	0.2835222289192459	0.625251702634237	0.8878244866451313	1.633917065537418
AT5G28919	8748	0.0	-0.34292832000393453	0.024290258313075293	0.6210054096607837	0.36506874117418187	-0.2284740429908892	-1.2226457855510948	-1.3729464147219157	-1.2912623233238143
AT5G33370	19683	0.0	-1.0387219112730177	-1.0621616810999395	-0.9289061755612138	-0.5295633010754416	-0.7502283584712464	-0.15485486904904386	-0.04614812337467676	0.16082988309852989
AT5G35190	19710	0.0	-1.0387219112730177	-1.0621616810999395	-0.9289061755612138	-0.5295633010754416	-0.7502283584712464	-1.3495831768109354	-1.4262542243832768	-1.3466996965183782
AT5G35735	19683	0.0	-1.0387219112730177	-1.0621616810999395	-0.9289061755612138	-0.5295633010754416	-0.7502283584712464	-0.15485486904904386	-0.04614812337467676	0.16082988309852989
AT5G36710	6561	0.0	-0.34292832000393453	-0.4184869908192939	-0.8525228682079703	-1.9459290483004938	-1.9059577714096951	-1.097606792975272	0.31163998310793495	-0.011655202403997469
AT5G36790	19683	0.0	-1.0387219112730177	-1.0621616810999395	-0.9289061755612138	-0.5295633010754416	-0.7502283584712464	-0.15485486904904386	-0.04614812337467676	0.16082988309852989
AT5G36800	6561	0.0	-0.34292832000393453	-0.4184869908192939	-0.8525228682079703	-1.9459290483004938	-1.9059577714096951	-1.097606792975272	0.31163998310793495	-0.011655202403997469
AT5G36870	8748	0.0	-0.34292832000393453	0.024290258313075293	0.6210054096607837	0.36506874117418187	-0.2284740429908892	-1.2226457855510948	-1.3729464147219157	-1.2912623233238143
AT5G37010	6561	0.0	-0.34292832000393453	-0.4184869908192939	-0.8525228682079703	-1.9459290483004938	-1.9059577714096951	-1.097606792975272	0.31163998310793495	-0.011655202403997469
AT5G37260	19710	0.0	-1.0387219112730177	-1.0621616810999395	-0.9289061755612138	-0.5295633010754416	-0.7502283584712464	-1.3495831768109354	-1.4262542243832768	-1.3466996965183782
AT5G37770	30	0.0	1.3897763484196042	1.3221820129311121	0.09273452853067346	0.1104943321926546	0.3798565992576271	0.41389703308215414	0.5689580692537393	0.595917937992061
AT5G37990	0	0.0	1.3897763484196042	1.3221820129311121	0.09273452853067346	0.1104943321926546	0.3798565992576271	1.232385077298978	1.5247457358309853	1.5044026379562263
AT5G38000	0	0.0	1.3897763484196042	1.3221820129311121	0.09273452853067346	0.1104943321926546	0.3798565992576271	1.232385077298978	1.5247457358309853	1.5044026379562263
AT5G38020	0	0.0	1.3897763484196042	1.3221820129311121	0.09273452853067346	0.1104943321926546	0.3798565992576271	1.232385077298978	1.5247457358309853	1.5044026379562263
AT5G38030	0	0.0	1.3897763484196042	1.3221820129311121	0.09273452853067346	0.1104943321926546	0.3798565992576271	1.232385077298978	1.5247457358309853	1.5044026379562263
AT5G38200	19683	0.0	-1.0387219112730177	-1.0621616810999395	-0.9289061755612138	-0.5295633010754416	-0.7502283584712464	-0.15485486904904386	-0.04614812337467676	0.16082988309852989
AT5G38300	6561	0.0	-0.34292832000393453	-0.4184869908192939	-0.8525228682079703	-1.9459290483004938	-1.9059577714096951	-1.097606792975272	0.31163998310793495	-0.011655202403997469
AT5G38710	30	0.0	1.3897763484196042	1.3221820129311121	0.09273452853067346	0.1104943321926546	0.3798565992576271	0.41389703308215414	0.5689580692537393	0.595917937992061
AT5G38980	0	0.0	1.3897763484196042	1.3221820129311121	0.09273452853067346	0.1104943321926546	0.3798565992576271	1.232385077298978	1.5247457358309853	1.5044026379562263
AT5G39580	759	0.0	1.3897763484196042	1.3221820129311121	0.818598158246003	0.38292363633604143	0.14644874130229013	-0.19492128734677489	-0.17651081604460925	-0.12819709921791717
AT5G39660	8748	0.0	-0.34292832000393453	0.024290258313075293	0.6210054096607837	0.36506874117418187	-0.2284740429908892	-1.2226457855510948	-1.3729464147219157	-1.2912623233238143
AT5G39670	756	0.0	1.3897763484196042	1.3221820129311121	0.818598158246003	0.38292363633604143	0.14644874130229013	-0.19492128734677489	-0.17651081604460925	1.1105473984938241
AT5G39890	26244	0.0	0.21607545690343966	0.010565404562498631	-0.22464648892186162	0.002731891259226455	0.2835222289192459	0.625251702634237	0.8878244866451313	1.633917065537418
AT5G40010	27	0.0	1.3897763484196042	1.3221820129311121	0.09273452853067346	0.1104943321926546	0.3798565992576271	0.41389703308215414	0.5689580692537393	1.9352917614604255
AT5G40450	19710	0.0	-1.0387219112730177	-1.0621616810999395	-0.9289061755612138	-0.5295633010754416	-0.7502283584712464	-1.3495831768109354	-1.4262542243832768	-1.3466996965183782
AT5G40780	759	0.0	1.3897763484196042	1.3221820129311121	0.818598158246003	0.38292363633604143	0.14644874130229013	-0.19492128734677489	-0.17651081604460925	-0.12819709921791717
AT5G41040	30	0.0	1.3897763484196042	1.3221820129311121	0.09273452853067346	0.1104943321926546	0.3798565992576271	0.41389703308215414	0.5689580692537393	0.595917937992061
AT5G41080	729	0.0	1.3897763484196042	1.3221820129311121	0.818598158246003	0.38292363633604143	0.14644874130229013	-1.0124924567358347	-1.0808788582463884	-0.49064077885350255
AT5G41460	0	0.0	1.3897763484196042	1.3221820129311121	0.09273452853067346	0.1104943321926546	0.3798565992576271	1.232385077298978	1.5247457358309853	1.5044026379562263
AT5G41740	729	0.0	1.3897763484196042	1.3221820129311121	0.818598158246003	0.38292363633604143	0.14644874130229013	-1.0124924567358347	-1.0808788582463884	-0.49064077885350255
AT5G41750	729	0.0	1.3897763484196042	1.3221820129311121	0.818598158246003	0.38292363633604143	0.14644874130229013	-1.0124924567358347	-1.0808788582463884	-0.49064077885350255
AT5G41900	0	0.0	1.3897763484196042	1.3221820129311121	0.09273452853067346	0.1104943321926546	0.3798565992576271	1.232385077298978	1.5247457358309853	1.5044026379562263
AT5G42020	30	0.0	1.3897763484196042	1.3221820129311121	0.09273452853067346	0.1104943321926546	0.3798565992576271	0.41389703308215414	0.5689580692537393	0.595917937992061
AT5G42092	8748	0.0	-0.34292832000393453	0.024290258313075293	0.6210054096607837	0.36506874117418187	-0.2284740429908892	-1.2226457855510948	-1.3729464147219157	-1.2912623233238143
AT5G42530	13122	0.0	1.496113858851713	1.3937937019293964	0.21474280098760976	0.1649349967136464	0.6201960005355599	1.0285985086345724	1.212211500432892	1.2389501871063449
AT5G42580	30	0.0	1.3897763484196042	1.3221820129311121	0.09273452853067346	0.1104943321926546	0.3798565992576271	0.41389703308215414	0.5689580692537393	0.595917937992061
AT5G42700	6561	0.0	-0.34292832000393453	-0.4184869908192939	-0.8525228682079703	-1.9459290483004938	-1.9059577714096951	-1.097606792975272	0.31163998310793495	-0.011655202403997469
AT5G42720	26244	0.0	0.21607545690343966	0.010565404562498631	-0.22464648892186162	0.002731891259226455	0.2835222289192459	0.625251702634237	0.8878244866451313	1.633917065537418
AT5G42760	19683	0.0	-1.0387219112730177	-1.0621616810999395	-0.9289061755612138	-0.5295633010754416	-0.7502283584712464	-0.15485486904904386	-0.04614812337467676	0.16082988309852989
AT5G42800	13122	0.0	1.496113858851713	1.3937937019293964	0.21474280098760976	0.1649349967136464	0.6201960005355599	1.0285985086345724	1.212211500432892	1.2389501871063449
AT5G42830	756	0.0	1.3897763484196042	1.3221820129311121	0.818598158246003	0.38292363633604143	0.14644874130229013	-0.19492128734677489	-0.17651081604460925	1.1105473984938241
AT5G43250	26244	0.0	0.21607545690343966	0.010565404562498631	-0.22464648892186162	0.002731891259226455	0.2835222289192459	0.625251702634237	0.8878244866451313	1.633917065537418
AT5G43350	30	0.0	1.3897763484196042	1.3221820129311121	0.09273452853067346	0.1104943321926546	0.3798565992576271	0.41389703308215414	0.5689580692537393	0.595917937992061
AT5G43420	27	0.0	1.3897763484196042	1.3221820129311121	0.09273452853067346	0.1104943321926546	0.3798565992576271	0.41389703308215414	0.5689580692537393	1.9352917614604255
AT5G43620	30	0.0	1.3897763484196042	1.3221820129311121	0.09273452853067346	0.1104943321926546	0.3798565992576271	0.41389703308215414	0.5689580692537393	0.595917937992061
AT5G43890	759	0.0	1.3897763484196042	1.3221820129311121	0.818598158246003	0.38292363633604143	0.14644874130229013	-0.19492128734677489	-0.17651081604460925	-0.12819709921791717
AT5G44110	30	0.0	1.3897763484196042	1.3221820129311121	0.09273452853067346	0.1104943321926546	0.3798565992576271	0.41389703308215414	0.5689580692537393	0.595917937992061
AT5G44260	729	0.0	1.3897763484196042	1.3221820129311121	0.818598158246003	0.38292363633604143	0.14644874130229013	-1.0124924567358347	-1.0808788582463884	-0.49064077885350255
AT5G44400	0	0.0	1.3897763484196042	1.3221820129311121	0.09273452853067346	0.1104943321926546	0.3798565992576271	1.232385077298978	1.5247457358309853	1.5044026379562263
AT5G44568	27	0.0	1.3897763484196042	1.3221820129311121	0.09273452853067346	0.1104943321926546	0.3798565992576271	0.41389703308215414	0.5689580692537393	1.9352917614604255
AT5G44572	30	0.0	1.3897763484196042	1.3221820129311121	0.09273452853067346	0.1104943321926546	0.3798565992576271	0.41389703308215414	0.5689580692537393	0.595917937992061
AT5G44575	30	0.0	1.3897763484196042	1.3221820129311121	0.09273452853067346	0.1104943321926546	0.3798565992576271	0.41389703308215414	0.5689580692537393	0.595917937992061
AT5G44578	26244	0.0	0.21607545690343966	0.010565404562498631	-0.22464648892186162	0.002731891259226455	0.2835222289192459	0.625251702634237	0.8878244866451313	1.633917065537418
AT5G44580	0	0.0	1.3897763484196042	1.3221820129311121	0.09273452853067346	0.1104943321926546	0.3798565992576271	1.232385077298978	1.5247457358309853	1.5044026379562263
AT5G44582	26244	0.0	0.21607545690343966	0.010565404562498631	-0.22464648892186162	0.002731891259226455	0.2835222289192459	0.625251702634237	0.8878244866451313	1.633917065537418
AT5G44820	26244	0.0	0.21607545690343966	0.010565404562498631	-0.22464648892186162	0.002731891259226455	0.2835222289192459	0.625251702634237	0.8878244866451313	1.633917065537418
AT5G45340	756	0.0	1.3897763484196042	1.3221820129311121	0.818598158246003	0.38292363633604143	0.14644874130229013	-0.19492128734677489	-0.17651081604460925	1.1105473984938241
AT5G45650	0	0.0	1.3897763484196042	1.3221820129311121	0.09273452853067346	0.1104943321926546	0.3798565992576271	1.232385077298978	1.5247457358309853	1.5044026379562263
AT5G45700	6561	0.0	-0.34292832000393453	-0.4184869908192939	-0.8525228682079703	-1.9459290483004938	-1.9059577714096951	-1.097606792975272	0.31163998310793495	-0.011655202403997469
AT5G45820	19683	0.0	-1.0387219112730177	-1.0621616810999395	-0.9289061755612138	-0.5295633010754416	-0.7502283584712464	-0.15485486904904386	-0.04614812337467676	0.16082988309852989
AT5G45850	26244	0.0	0.21607545690343966	0.010565404562498631	-0.22464648892186162	0.002731891259226455	0.2835222289192459	0.625251702634237	0.8878244866451313	1.633917065537418
AT5G45950	0	0.0	1.3897763484196042	1.3221820129311121	0.09273452853067346	0.1104943321926546	0.3798565992576271	1.232385077298978	1.5247457358309853	1.5044026379562263
AT5G46240	756	0.0	1.3897763484196042	1.3221820129311121	0.818598158246003	0.38292363633604143	0.14644874130229013	-0.19492128734677489	-0.17651081604460925	1.1105473984938241
AT5G46710	756	0.0	1.3897763484196042	1.3221820129311121	0.818598158246003	0.38292363633604143	0.14644874130229013	-0.19492128734677489	-0.17651081604460925	1.1105473984938241
AT5G46730	19683	0.0	-1.0387219112730177	-1.0621616810999395	-0.9289061755612138	-0.5295633010754416	-0.7502283584712464	-0.15485486904904386	-0.04614812337467676	0.16082988309852989
AT5G46890	19683	0.0	-1.0387219112730177	-1.0621616810999395	-0.9289061755612138	-0.5295633010754416	-0.7502283584712464	-0.15485486904904386	-0.04614812337467676	0.16082988309852989
AT5G46900	19683	0.0	-1.0387219112730177	-1.0621616810999395	-0.9289061755612138	-0.5295633010754416	-0.7502283584712464	-0.15485486904904386	-0.04614812337467676	0.16082988309852989
AT5G47060	26244	0.0	0.21607545690343966	0.010565404562498631	-0.22464648892186162	0.002731891259226455	0.2835222289192459	0.625251702634237	0.8878244866451313	1.633917065537418
AT5G47220	8748	0.0	-0.34292832000393453	0.024290258313075293	0.6210054096607837	0.36506874117418187	-0.2284740429908892	-1.2226457855510948	-1.3729464147219157	-1.2912623233238143
AT5G47230	756	0.0	1.3897763484196042	1.3221820129311121	0.818598158246003	0.38292363633604143	0.14644874130229013	-0.19492128734677489	-0.17651081604460925	1.1105473984938241
AT5G47330	13122	0.0	1.496113858851713	1.3937937019293964	0.21474280098760976	0.1649349967136464	0.6201960005355599	1.0285985086345724	1.212211500432892	1.2389501871063449
AT5G47450	8748	0.0	-0.34292832000393453	0.024290258313075293	0.6210054096607837	0.36506874117418187	-0.2284740429908892	-1.2226457855510948	-1.3729464147219157	-1.2912623233238143
AT5G47500	19710	0.0	-1.0387219112730177	-1.0621616810999395	-0.9289061755612138	-0.5295633010754416	-0.7502283584712464	-1.3495831768109354	-1.4262542243832768	-1.3466996965183782
AT5G47530	30	0.0	1.3897763484196042	1.3221820129311121	0.09273452853067346	0.1104943321926546	0.3798565992576271	0.41389703308215414	0.5689580692537393	0.595917937992061
AT5G47640	0	0.0	1.3897763484196042	1.3221820129311121	0.09273452853067346	0.1104943321926546	0.3798565992576271	1.232385077298978	1.5247457358309853	1.5044026379562263
AT5G47980	13122	0.0	1.496113858851713	1.3937937019293964	0.21474280098760976	0.1649349967136464	0.6201960005355599	1.0285985086345724	1.212211500432892	1.2389501871063449
AT5G47990	0	0.0	1.3897763484196042	1.3221820129311121	0.09273452853067346	0.1104943321926546	0.3798565992576271	1.232385077298978	1.5247457358309853	1.5044026379562263
AT5G48000	0	0.0	1.3897763484196042	1.3221820129311121	0.09273452853067346	0.1104943321926546	0.3798565992576271	1.232385077298978	1.5247457358309853	1.5044026379562263
AT5G48010	13122	0.0	1.496113858851713	1.3937937019293964	0.21474280098760976	0.1649349967136464	0.6201960005355599	1.0285985086345724	1.212211500432892	1.2389501871063449
AT5G48070	27	0.0	1.3897763484196042	1.3221820129311121	0.09273452853067346	0.1104943321926546	0.3798565992576271	0.41389703308215414	0.5689580692537393	1.9352917614604255
AT5G48310	6561	0.0	-0.34292832000393453	-0.4184869908192939	-0.8525228682079703	-1.9459290483004938	-1.9059577714096951	-1.097606792975272	0.31163998310793495	-0.011655202403997469
AT5G48400	30	0.0	1.3897763484196042	1.3221820129311121	0.09273452853067346	0.1104943321926546	0.3798565992576271	0.41389703308215414	0.5689580692537393	0.595917937992061
AT5G48430	13122	0.0	1.496113858851713	1.3937937019293964	0.21474280098760976	0.1649349967136464	0.6201960005355599	1.0285985086345724	1.212211500432892	1.2389501871063449
AT5G48490	0	0.0	1.3897763484196042	1.3221820129311121	0.09273452853067346	0.1104943321926546	0.3798565992576271	1.232385077298978	1.5247457358309853	1.5044026379562263
AT5G48540	27	0.0	1.3897763484196042	1.3221820129311121	0.09273452853067346	0.1104943321926546	0.3798565992576271	0.41389703308215414	0.5689580692537393	1.9352917614604255
AT5G48570	759	0.0	1.3897763484196042	1.3221820129311121	0.818598158246003	0.38292363633604143	0.14644874130229013	-0.19492128734677489	-0.17651081604460925	-0.12819709921791717
AT5G48850	0	0.0	1.3897763484196042	1.3221820129311121	0.09273452853067346	0.1104943321926546	0.3798565992576271	1.232385077298978	1.5247457358309853	1.5044026379562263
AT5G48880	0	0.0	1.3897763484196042	1.3221820129311121	0.09273452853067346	0.1104943321926546	0.3798565992576271	1.232385077298978	1.5247457358309853	1.5044026379562263
AT5G49330	19683	0.0	-1.0387219112730177	-1.0621616810999395	-0.9289061755612138	-0.5295633010754416	-0.7502283584712464	-0.15485486904904386	-0.04614812337467676	0.16082988309852989
AT5G49360	8748	0.0	-0.34292832000393453	0.024290258313075293	0.6210054096607837	0.36506874117418187	-0.2284740429908892	-1.2226457855510948	-1.3729464147219157	-1.2912623233238143
AT5G49450	729	0.0	1.3897763484196042	1.3221820129311121	0.818598158246003	0.38292363633604143	0.14644874130229013	-1.0124924567358347	-1.0808788582463884	-0.49064077885350255
AT5G49520	756	0.0	1.3897763484196042	1.3221820129311121	0.818598158246003	0.38292363633604143	0.14644874130229013	-0.19492128734677489	-0.17651081604460925	1.1105473984938241
AT5G49640	26244	0.0	0.21607545690343966	0.010565404562498631	-0.22464648892186162	0.002731891259226455	0.2835222289192459	0.625251702634237	0.8878244866451313	1.633917065537418
AT5G49690	759	0.0	1.3897763484196042	1.3221820129311121	0.818598158246003	0.38292363633604143	0.14644874130229013	-0.19492128734677489	-0.17651081604460925	-0.12819709921791717
AT5G49700	8748	0.0	-0.34292832000393453	0.024290258313075293	0.6210054096607837	0.36506874117418187	-0.2284740429908892	-1.2226457855510948	-1.3729464147219157	-1.2912623233238143
AT5G50200	759	0.0	1.3897763484196042	1.3221820129311121	0.818598158246003	0.38292363633604143	0.14644874130229013	-0.19492128734677489	-0.17651081604460925	-0.12819709921791717
AT5G50640	8748	0.0	-0.34292832000393453	0.024290258313075293	0.6210054096607837	0.36506874117418187	-0.2284740429908892	-1.2226457855510948	-1.3729464147219157	-1.2912623233238143
AT5G50800	0	0.0	1.3897763484196042	1.3221820129311121	0.09273452853067346	0.1104943321926546	0.3798565992576271	1.232385077298978	1.5247457358309853	1.5044026379562263
AT5G50915	30	0.0	1.3897763484196042	1.3221820129311121	0.09273452853067346	0.1104943321926546	0.3798565992576271	0.41389703308215414	0.5689580692537393	0.595917937992061
AT5G50950	0	0.0	1.3897763484196042	1.3221820129311121	0.09273452853067346	0.1104943321926546	0.3798565992576271	1.232385077298978	1.5247457358309853	1.5044026379562263
AT5G51190	13122	0.0	1.496113858851713	1.3937937019293964	0.21474280098760976	0.1649349967136464	0.6201960005355599	1.0285985086345724	1.212211500432892	1.2389501871063449
AT5G51440	13122	0.0	1.496113858851713	1.3937937019293964	0.21474280098760976	0.1649349967136464	0.6201960005355599	1.0285985086345724	1.212211500432892	1.2389501871063449
AT5G51600	6561	0.0	-0.34292832000393453	-0.4184869908192939	-0.8525228682079703	-1.9459290483004938	-1.9059577714096951	-1.097606792975272	0.31163998310793495	-0.011655202403997469
AT5G52050	759	0.0	1.3897763484196042	1.3221820129311121	0.818598158246003	0.38292363633604143	0.14644874130229013	-0.19492128734677489	-0.17651081604460925	-0.12819709921791717
AT5G52250	8748	0.0	-0.34292832000393453	0.024290258313075293	0.6210054096607837	0.36506874117418187	-0.2284740429908892	-1.2226457855510948	-1.3729464147219157	-1.2912623233238143
AT5G52300	26244	0.0	0.21607545690343966	0.010565404562498631	-0.22464648892186162	0.002731891259226455	0.2835222289192459	0.625251702634237	0.8878244866451313	1.633917065537418
AT5G52310	13122	0.0	1.496113858851713	1.3937937019293964	0.21474280098760976	0.1649349967136464	0.6201960005355599	1.0285985086345724	1.212211500432892	1.2389501871063449
AT5G52320	26244	0.0	0.21607545690343966	0.010565404562498631	-0.22464648892186162	0.002731891259226455	0.2835222289192459	0.625251702634237	0.8878244866451313	1.633917065537418
AT5G52640	13122	0.0	1.496113858851713	1.3937937019293964	0.21474280098760976	0.1649349967136464	0.6201960005355599	1.0285985086345724	1.212211500432892	1.2389501871063449
AT5G52750	27	0.0	1.3897763484196042	1.3221820129311121	0.09273452853067346	0.1104943321926546	0.3798565992576271	0.41389703308215414	0.5689580692537393	1.9352917614604255
AT5G52790	19683	0.0	-1.0387219112730177	-1.0621616810999395	-0.9289061755612138	-0.5295633010754416	-0.7502283584712464	-0.15485486904904386	-0.04614812337467676	0.16082988309852989
AT5G53048	26244	0.0	0.21607545690343966	0.010565404562498631	-0.22464648892186162	0.002731891259226455	0.2835222289192459	0.625251702634237	0.8878244866451313	1.633917065537418
AT5G54060	27	0.0	1.3897763484196042	1.3221820129311121	0.09273452853067346	0.1104943321926546	0.3798565992576271	0.41389703308215414	0.5689580692537393	1.9352917614604255
AT5G54080	8748	0.0	-0.34292832000393453	0.024290258313075293	0.6210054096607837	0.36506874117418187	-0.2284740429908892	-1.2226457855510948	-1.3729464147219157	-1.2912623233238143
AT5G54130	19710	0.0	-1.0387219112730177	-1.0621616810999395	-0.9289061755612138	-0.5295633010754416	-0.7502283584712464	-1.3495831768109354	-1.4262542243832768	-1.3466996965183782
AT5G54470	19683	0.0	-1.0387219112730177	-1.0621616810999395	-0.9289061755612138	-0.5295633010754416	-0.7502283584712464	-0.15485486904904386	-0.04614812337467676	0.16082988309852989
AT5G54490	756	0.0	1.3897763484196042	1.3221820129311121	0.818598158246003	0.38292363633604143	0.14644874130229013	-0.19492128734677489	-0.17651081604460925	1.1105473984938241
AT5G54710	756	0.0	1.3897763484196042	1.3221820129311121	0.818598158246003	0.38292363633604143	0.14644874130229013	-0.19492128734677489	-0.17651081604460925	1.1105473984938241
AT5G54720	756	0.0	1.3897763484196042	1.3221820129311121	0.818598158246003	0.38292363633604143	0.14644874130229013	-0.19492128734677489	-0.17651081604460925	1.1105473984938241
AT5G55050	30	0.0	1.3897763484196042	1.3221820129311121	0.09273452853067346	0.1104943321926546	0.3798565992576271	0.41389703308215414	0.5689580692537393	0.595917937992061
AT5G55180	6561	0.0	-0.34292832000393453	-0.4184869908192939	-0.8525228682079703	-1.9459290483004938	-1.9059577714096951	-1.097606792975272	0.31163998310793495	-0.011655202403997469
AT5G55450	26244	0.0	0.21607545690343966	0.010565404562498631	-0.22464648892186162	0.002731891259226455	0.2835222289192459	0.625251702634237	0.8878244866451313	1.633917065537418
AT5G55520	6561	0.0	-0.34292832000393453	-0.4184869908192939	-0.8525228682079703	-1.9459290483004938	-1.9059577714096951	-1.097606792975272	0.31163998310793495	-0.011655202403997469
AT5G55620	19683	0.0	-1.0387219112730177	-1.0621616810999395	-0.9289061755612138	-0.5295633010754416	-0.7502283584712464	-0.15485486904904386	-0.04614812337467676	0.16082988309852989
AT5G55830	6561	0.0	-0.34292832000393453	-0.4184869908192939	-0.8525228682079703	-1.9459290483004938	-1.9059577714096951	-1.097606792975272	0.31163998310793495	-0.011655202403997469
AT5G55970	8748	0.0	-0.34292832000393453	0.024290258313075293	0.6210054096607837	0.36506874117418187	-0.2284740429908892	-1.2226457855510948	-1.3729464147219157	-1.2912623233238143
AT5G56010	30	0.0	1.3897763484196042	1.3221820129311121	0.09273452853067346	0.1104943321926546	0.3798565992576271	0.41389703308215414	0.5689580692537393	0.595917937992061
AT5G56030	30	0.0	1.3897763484196042	1.3221820129311121	0.09273452853067346	0.1104943321926546	0.3798565992576271	0.41389703308215414	0.5689580692537393	0.595917937992061
AT5G56080	13122	0.0	1.496113858851713	1.3937937019293964	0.21474280098760976	0.1649349967136464	0.6201960005355599	1.0285985086345724	1.212211500432892	1.2389501871063449
AT5G56100	759	0.0	1.3897763484196042	1.3221820129311121	0.818598158246003	0.38292363633604143	0.14644874130229013	-0.19492128734677489	-0.17651081604460925	-0.12819709921791717
AT5G56120	6561	0.0	-0.34292832000393453	-0.4184869908192939	-0.8525228682079703	-1.9459290483004938	-1.9059577714096951	-1.097606792975272	0.31163998310793495	-0.011655202403997469
AT5G56550	8748	0.0	-0.34292832000393453	0.024290258313075293	0.6210054096607837	0.36506874117418187	-0.2284740429908892	-1.2226457855510948	-1.3729464147219157	-1.2912623233238143
AT5G56795	26244	0.0	0.21607545690343966	0.010565404562498631	-0.22464648892186162	0.002731891259226455	0.2835222289192459	0.625251702634237	0.8878244866451313	1.633917065537418
AT5G56860	19683	0.0	-1.0387219112730177	-1.0621616810999395	-0.9289061755612138	-0.5295633010754416	-0.7502283584712464	-0.15485486904904386	-0.04614812337467676	0.16082988309852989
AT5G56870	8748	0.0	-0.34292832000393453	0.024290258313075293	0.6210054096607837	0.36506874117418187	-0.2284740429908892	-1.2226457855510948	-1.3729464147219157	-1.2912623233238143
AT5G56985	30	0.0	1.3897763484196042	1.3221820129311121	0.09273452853067346	0.1104943321926546	0.3798565992576271	0.41389703308215414	0.5689580692537393	0.595917937992061
AT5G57220	729	0.0	1.3897763484196042	1.3221820129311121	0.818598158246003	0.38292363633604143	0.14644874130229013	-1.0124924567358347	-1.0808788582463884	-0.49064077885350255
AT5G57560	13122	0.0	1.496113858851713	1.3937937019293964	0.21474280098760976	0.1649349967136464	0.6201960005355599	1.0285985086345724	1.212211500432892	1.2389501871063449
AT5G57655	8748	0.0	-0.34292832000393453	0.024290258313075293	0.6210054096607837	0.36506874117418187	-0.2284740429908892	-1.2226457855510948	-1.3729464147219157	-1.2912623233238143
AT5G57660	729	0.0	1.3897763484196042	1.3221820129311121	0.818598158246003	0.38292363633604143	0.14644874130229013	-1.0124924567358347	-1.0808788582463884	-0.49064077885350255
AT5G57760	19710	0.0	-1.0387219112730177	-1.0621616810999395	-0.9289061755612138	-0.5295633010754416	-0.7502283584712464	-1.3495831768109354	-1.4262542243832768	-1.3466996965183782
AT5G57800	759	0.0	1.3897763484196042	1.3221820129311121	0.818598158246003	0.38292363633604143	0.14644874130229013	-0.19492128734677489	-0.17651081604460925	-0.12819709921791717
AT5G58070	30	0.0	1.3897763484196042	1.3221820129311121	0.09273452853067346	0.1104943321926546	0.3798565992576271	0.41389703308215414	0.5689580692537393	0.595917937992061
AT5G58120	729	0.0	1.3897763484196042	1.3221820129311121	0.818598158246003	0.38292363633604143	0.14644874130229013	-1.0124924567358347	-1.0808788582463884	-0.49064077885350255
AT5G58610	26244	0.0	0.21607545690343966	0.010565404562498631	-0.22464648892186162	0.002731891259226455	0.2835222289192459	0.625251702634237	0.8878244866451313	1.633917065537418
AT5G58910	30	0.0	1.3897763484196042	1.3221820129311121	0.09273452853067346	0.1104943321926546	0.3798565992576271	0.41389703308215414	0.5689580692537393	0.595917937992061
AT5G59080	759	0.0	1.3897763484196042	1.3221820129311121	0.818598158246003	0.38292363633604143	0.14644874130229013	-0.19492128734677489	-0.17651081604460925	-0.12819709921791717
AT5G59130	0	0.0	1.3897763484196042	1.3221820129311121	0.09273452853067346	0.1104943321926546	0.3798565992576271	1.232385077298978	1.5247457358309853	1.5044026379562263
AT5G59220	27	0.0	1.3897763484196042	1.3221820129311121	0.09273452853067346	0.1104943321926546	0.3798565992576271	0.41389703308215414	0.5689580692537393	1.9352917614604255
AT5G59320	27	0.0	1.3897763484196042	1.3221820129311121	0.09273452853067346	0.1104943321926546	0.3798565992576271	0.41389703308215414	0.5689580692537393	1.9352917614604255
AT5G59820	729	0.0	1.3897763484196042	1.3221820129311121	0.818598158246003	0.38292363633604143	0.14644874130229013	-1.0124924567358347	-1.0808788582463884	-0.49064077885350255
AT5G60150	19683	0.0	-1.0387219112730177	-1.0621616810999395	-0.9289061755612138	-0.5295633010754416	-0.7502283584712464	-0.15485486904904386	-0.04614812337467676	0.16082988309852989
AT5G60250	26244	0.0	0.21607545690343966	0.010565404562498631	-0.22464648892186162	0.002731891259226455	0.2835222289192459	0.625251702634237	0.8878244866451313	1.633917065537418
AT5G60930	6561	0.0	-0.34292832000393453	-0.4184869908192939	-0.8525228682079703	-1.9459290483004938	-1.9059577714096951	-1.097606792975272	0.31163998310793495	-0.011655202403997469
AT5G61070	26244	0.0	0.21607545690343966	0.010565404562498631	-0.22464648892186162	0.002731891259226455	0.2835222289192459	0.625251702634237	0.8878244866451313	1.633917065537418
AT5G61290	0	0.0	1.3897763484196042	1.3221820129311121	0.09273452853067346	0.1104943321926546	0.3798565992576271	1.232385077298978	1.5247457358309853	1.5044026379562263
AT5G61440	729	0.0	1.3897763484196042	1.3221820129311121	0.818598158246003	0.38292363633604143	0.14644874130229013	-1.0124924567358347	-1.0808788582463884	-0.49064077885350255
AT5G61490	26244	0.0	0.21607545690343966	0.010565404562498631	-0.22464648892186162	0.002731891259226455	0.2835222289192459	0.625251702634237	0.8878244866451313	1.633917065537418
AT5G61600	729	0.0	1.3897763484196042	1.3221820129311121	0.818598158246003	0.38292363633604143	0.14644874130229013	-1.0124924567358347	-1.0808788582463884	-0.49064077885350255
AT5G61790	30	0.0	1.3897763484196042	1.3221820129311121	0.09273452853067346	0.1104943321926546	0.3798565992576271	0.41389703308215414	0.5689580692537393	0.595917937992061
AT5G62020	756	0.0	1.3897763484196042	1.3221820129311121	0.818598158246003	0.38292363633604143	0.14644874130229013	-0.19492128734677489	-0.17651081604460925	1.1105473984938241
AT5G62140	0	0.0	1.3897763484196042	1.3221820129311121	0.09273452853067346	0.1104943321926546	0.3798565992576271	1.232385077298978	1.5247457358309853	1.5044026379562263
AT5G62210	0	0.0	1.3897763484196042	1.3221820129311121	0.09273452853067346	0.1104943321926546	0.3798565992576271	1.232385077298978	1.5247457358309853	1.5044026379562263
AT5G62280	13122	0.0	1.496113858851713	1.3937937019293964	0.21474280098760976	0.1649349967136464	0.6201960005355599	1.0285985086345724	1.212211500432892	1.2389501871063449
AT5G62470	756	0.0	1.3897763484196042	1.3221820129311121	0.818598158246003	0.38292363633604143	0.14644874130229013	-0.19492128734677489	-0.17651081604460925	1.1105473984938241
AT5G62520	27	0.0	1.3897763484196042	1.3221820129311121	0.09273452853067346	0.1104943321926546	0.3798565992576271	0.41389703308215414	0.5689580692537393	1.9352917614604255
AT5G62550	26244	0.0	0.21607545690343966	0.010565404562498631	-0.22464648892186162	0.002731891259226455	0.2835222289192459	0.625251702634237	0.8878244866451313	1.633917065537418
AT5G63160	8748	0.0	-0.34292832000393453	0.024290258313075293	0.6210054096607837	0.36506874117418187	-0.2284740429908892	-1.2226457855510948	-1.3729464147219157	-1.2912623233238143
AT5G63180	0	0.0	1.3897763484196042	1.3221820129311121	0.09273452853067346	0.1104943321926546	0.3798565992576271	1.232385077298978	1.5247457358309853	1.5044026379562263
AT5G63195	729	0.0	1.3897763484196042	1.3221820129311121	0.818598158246003	0.38292363633604143	0.14644874130229013	-1.0124924567358347	-1.0808788582463884	-0.49064077885350255
AT5G63450	30	0.0	1.3897763484196042	1.3221820129311121	0.09273452853067346	0.1104943321926546	0.3798565992576271	0.41389703308215414	0.5689580692537393	0.595917937992061
AT5G64060	26244	0.0	0.21607545690343966	0.010565404562498631	-0.22464648892186162	0.002731891259226455	0.2835222289192459	0.625251702634237	0.8878244866451313	1.633917065537418
AT5G64110	8748	0.0	-0.34292832000393453	0.024290258313075293	0.6210054096607837	0.36506874117418187	-0.2284740429908892	-1.2226457855510948	-1.3729464147219157	-1.2912623233238143
AT5G64120	8748	0.0	-0.34292832000393453	0.024290258313075293	0.6210054096607837	0.36506874117418187	-0.2284740429908892	-1.2226457855510948	-1.3729464147219157	-1.2912623233238143
AT5G64310	6561	0.0	-0.34292832000393453	-0.4184869908192939	-0.8525228682079703	-1.9459290483004938	-1.9059577714096951	-1.097606792975272	0.31163998310793495	-0.011655202403997469
AT5G64550	0	0.0	1.3897763484196042	1.3221820129311121	0.09273452853067346	0.1104943321926546	0.3798565992576271	1.232385077298978	1.5247457358309853	1.5044026379562263
AT5G64570	8748	0.0	-0.34292832000393453	0.024290258313075293	0.6210054096607837	0.36506874117418187	-0.2284740429908892	-1.2226457855510948	-1.3729464147219157	-1.2912623233238143
AT5G64572	8748	0.0	-0.34292832000393453	0.024290258313075293	0.6210054096607837	0.36506874117418187	-0.2284740429908892	-1.2226457855510948	-1.3729464147219157	-1.2912623233238143
AT5G64770	26244	0.0	0.21607545690343966	0.010565404562498631	-0.22464648892186162	0.002731891259226455	0.2835222289192459	0.625251702634237	0.8878244866451313	1.633917065537418
AT5G64810	26244	0.0	0.21607545690343966	0.010565404562498631	-0.22464648892186162	0.002731891259226455	0.2835222289192459	0.625251702634237	0.8878244866451313	1.633917065537418
AT5G64870	27	0.0	1.3897763484196042	1.3221820129311121	0.09273452853067346	0.1104943321926546	0.3798565992576271	0.41389703308215414	0.5689580692537393	1.9352917614604255
AT5G65140	26244	0.0	0.21607545690343966	0.010565404562498631	-0.22464648892186162	0.002731891259226455	0.2835222289192459	0.625251702634237	0.8878244866451313	1.633917065537418
AT5G65207	759	0.0	1.3897763484196042	1.3221820129311121	0.818598158246003	0.38292363633604143	0.14644874130229013	-0.19492128734677489	-0.17651081604460925	-0.12819709921791717
AT5G65280	759	0.0	1.3897763484196042	1.3221820129311121	0.818598158246003	0.38292363633604143	0.14644874130229013	-0.19492128734677489	-0.17651081604460925	-0.12819709921791717
AT5G65870	0	0.0	1.3897763484196042	1.3221820129311121	0.09273452853067346	0.1104943321926546	0.3798565992576271	1.232385077298978	1.5247457358309853	1.5044026379562263
AT5G66070	759	0.0	1.3897763484196042	1.3221820129311121	0.818598158246003	0.38292363633604143	0.14644874130229013	-0.19492128734677489	-0.17651081604460925	-0.12819709921791717
AT5G66210	759	0.0	1.3897763484196042	1.3221820129311121	0.818598158246003	0.38292363633604143	0.14644874130229013	-0.19492128734677489	-0.17651081604460925	-0.12819709921791717
AT5G66230	6561	0.0	-0.34292832000393453	-0.4184869908192939	-0.8525228682079703	-1.9459290483004938	-1.9059577714096951	-1.097606792975272	0.31163998310793495	-0.011655202403997469
AT5G66400	26244	0.0	0.21607545690343966	0.010565404562498631	-0.22464648892186162	0.002731891259226455	0.2835222289192459	0.625251702634237	0.8878244866451313	1.633917065537418
AT5G66580	759	0.0	1.3897763484196042	1.3221820129311121	0.818598158246003	0.38292363633604143	0.14644874130229013	-0.19492128734677489	-0.17651081604460925	-0.12819709921791717
AT5G66650	8748	0.0	-0.34292832000393453	0.024290258313075293	0.6210054096607837	0.36506874117418187	-0.2284740429908892	-1.2226457855510948	-1.3729464147219157	-1.2912623233238143
AT5G66740	26244	0.0	0.21607545690343966	0.010565404562498631	-0.22464648892186162	0.002731891259226455	0.2835222289192459	0.625251702634237	0.8878244866451313	1.633917065537418
AT5G66840	6561	0.0	-0.34292832000393453	-0.4184869908192939	-0.8525228682079703	-1.9459290483004938	-1.9059577714096951	-1.097606792975272	0.31163998310793495	-0.011655202403997469
AT5G67270	6561	0.0	-0.34292832000393453	-0.4184869908192939	-0.8525228682079703	-1.9459290483004938	-1.9059577714096951	-1.097606792975272	0.31163998310793495	-0.011655202403997469
AT5G67460	26244	0.0	0.21607545690343966	0.010565404562498631	-0.22464648892186162	0.002731891259226455	0.2835222289192459	0.625251702634237	0.8878244866451313	1.633917065537418
AT5G67480	8748	0.0	-0.34292832000393453	0.024290258313075293	0.6210054096607837	0.36506874117418187	-0.2284740429908892	-1.2226457855510948	-1.3729464147219157	-1.2912623233238143
AT5G67620	30	0.0	1.3897763484196042	1.3221820129311121	0.09273452853067346	0.1104943321926546	0.3798565992576271	0.41389703308215414	0.5689580692537393	0.595917937992061
ATCG00080	26244	0.0	0.21607545690343966	0.010565404562498631	-0.22464648892186162	0.002731891259226455	0.2835222289192459	0.625251702634237	0.8878244866451313	1.633917065537418
ATCG00180	8748	0.0	-0.34292832000393453	0.024290258313075293	0.6210054096607837	0.36506874117418187	-0.2284740429908892	-1.2226457855510948	-1.3729464147219157	-1.2912623233238143
ATCG00330	26244	0.0	0.21607545690343966	0.010565404562498631	-0.22464648892186162	0.002731891259226455	0.2835222289192459	0.625251702634237	0.8878244866451313	1.633917065537418
ATCG00380	13122	0.0	1.496113858851713	1.3937937019293964	0.21474280098760976	0.1649349967136464	0.6201960005355599	1.0285985086345724	1.212211500432892	1.2389501871063449
ATCG00420	26244	0.0	0.21607545690343966	0.010565404562498631	-0.22464648892186162	0.002731891259226455	0.2835222289192459	0.625251702634237	0.8878244866451313	1.633917065537418
ATCG00430	13122	0.0	1.496113858851713	1.3937937019293964	0.21474280098760976	0.1649349967136464	0.6201960005355599	1.0285985086345724	1.212211500432892	1.2389501871063449
ATCG00440	13122	0.0	1.496113858851713	1.3937937019293964	0.21474280098760976	0.1649349967136464	0.6201960005355599	1.0285985086345724	1.212211500432892	1.2389501871063449
ATCG00470	13122	0.0	1.496113858851713	1.3937937019293964	0.21474280098760976	0.1649349967136464	0.6201960005355599	1.0285985086345724	1.212211500432892	1.2389501871063449
ATCG00480	13122	0.0	1.496113858851713	1.3937937019293964	0.21474280098760976	0.1649349967136464	0.6201960005355599	1.0285985086345724	1.212211500432892	1.2389501871063449
ATCG00740	8748	0.0	-0.34292832000393453	0.024290258313075293	0.6210054096607837	0.36506874117418187	-0.2284740429908892	-1.2226457855510948	-1.3729464147219157	-1.2912623233238143
ATCG00750	8748	0.0	-0.34292832000393453	0.024290258313075293	0.6210054096607837	0.36506874117418187	-0.2284740429908892	-1.2226457855510948	-1.3729464147219157	-1.2912623233238143
ATCG00760	8748	0.0	-0.34292832000393453	0.024290258313075293	0.6210054096607837	0.36506874117418187	-0.2284740429908892	-1.2226457855510948	-1.3729464147219157	-1.2912623233238143
ATCG00770	8748	0.0	-0.34292832000393453	0.024290258313075293	0.6210054096607837	0.36506874117418187	-0.2284740429908892	-1.2226457855510948	-1.3729464147219157	-1.2912623233238143
ATCG00890	8748	0.0	-0.34292832000393453	0.024290258313075293	0.6210054096607837	0.36506874117418187	-0.2284740429908892	-1.2226457855510948	-1.3729464147219157	-1.2912623233238143
ATCG01020	13122	0.0	1.496113858851713	1.3937937019293964	0.21474280098760976	0.1649349967136464	0.6201960005355599	1.0285985086345724	1.212211500432892	1.2389501871063449
ATCG01050	8748	0.0	-0.34292832000393453	0.024290258313075293	0.6210054096607837	0.36506874117418187	-0.2284740429908892	-1.2226457855510948	-1.3729464147219157	-1.2912623233238143
ATCG01080	8748	0.0	-0.34292832000393453	0.024290258313075293	0.6210054096607837	0.36506874117418187	-0.2284740429908892	-1.2226457855510948	-1.3729464147219157	-1.2912623233238143
ATCG01100	8748	0.0	-0.34292832000393453	0.024290258313075293	0.6210054096607837	0.36506874117418187	-0.2284740429908892	-1.2226457855510948	-1.3729464147219157	-1.2912623233238143
ATCG01110	8748	0.0	-0.34292832000393453	0.024290258313075293	0.6210054096607837	0.36506874117418187	-0.2284740429908892	-1.2226457855510948	-1.3729464147219157	-1.2912623233238143
ATCG01250	8748	0.0	-0.34292832000393453	0.024290258313075293	0.6210054096607837	0.36506874117418187	-0.2284740429908892	-1.2226457855510948	-1.3729464147219157	-1.2912623233238143
