AT1G01010	729	0.0	0.15986899945786673	0.5301591166623336	1.2583542586209566	1.5382050858165244	1.8432022325199333	0.9893904484898937	0.2760319525297844	0.2733858240032958
AT1G01180	729	0.0	0.15986899945786673	0.5301591166623336	1.2583542586209566	1.5382050858165244	1.8432022325199333	0.9893904484898937	0.2760319525297844	0.2733858240032958
AT1G01470	756	0.0	0.15986899945786673	0.5301591166623336	1.2583542586209566	1.5382050858165244	1.8432022325199333	1.8018190851493503	0.9955813478512939	0.6888211212003934
AT1G01520	26244	0.0	-0.4191483607925548	-0.6928177349239655	-1.1809003917792205	-0.26573393533128653	-1.0586476439106751	-0.446185710763709	-0.14513062018385073	-0.018387636353214665
AT1G01580	26244	0.0	-0.4191483607925548	-0.6928177349239655	-1.1809003917792205	-0.26573393533128653	-1.0586476439106751	-0.446185710763709	-0.14513062018385073	-0.018387636353214665
AT1G02340	19764	0.0	0.2594770867750919	0.3901934366723598	0.8886056503240549	0.1532022371402299	1.2347596159245362	-0.10099651404966813	-0.6097594475114289	-0.3504713826261554
AT1G02380	729	0.0	0.15986899945786673	0.5301591166623336	1.2583542586209566	1.5382050858165244	1.8432022325199333	0.9893904484898937	0.2760319525297844	0.2733858240032958
AT1G02390	13149	0.0	1.5784420931980416	2.0726839082642634	1.3001406359316803	0.8669018438592818	0.8100255257849085	0.17995254969979016	-0.1261377483799859	-0.074169780101052
AT1G02520	729	0.0	0.15986899945786673	0.5301591166623336	1.2583542586209566	1.5382050858165244	1.8432022325199333	0.9893904484898937	0.2760319525297844	0.2733858240032958
AT1G02610	19710	0.0	0.2594770867750919	0.3901934366723598	0.8886056503240549	0.1532022371402299	-0.1852070127748602	-1.4443403750480157	-1.7574870555176738	-0.6049078459056544
AT1G02640	19683	0.0	0.2594770867750919	0.3901934366723598	0.8886056503240549	0.1532022371402299	-0.1852070127748602	-2.473456450043764	-3.03357885882898	-0.966023943395892
AT1G02650	729	0.0	0.15986899945786673	0.5301591166623336	1.2583542586209566	1.5382050858165244	1.8432022325199333	0.9893904484898937	0.2760319525297844	0.2733858240032958
AT1G02660	13122	0.0	1.5784420931980416	2.0726839082642634	1.3001406359316803	0.8669018438592818	0.8100255257849085	-0.6042286920993255	-1.1314328463856558	-0.3467476747327473
AT1G02670	729	0.0	0.15986899945786673	0.5301591166623336	1.2583542586209566	1.5382050858165244	1.8432022325199333	0.9893904484898937	0.2760319525297844	0.2733858240032958
AT1G02730	6561	0.0	0.09754178223316834	0.030274946644256312	-0.6000947183834374	-1.3208791928271721	-3.1947106676626715	-3.2362476155002584	-2.245829499919579	-0.8586564635545347
AT1G02800	6804	0.0	0.09754178223316834	0.030274946644256312	-0.6000947183834374	-0.6472251345249863	-1.7020916576118803	-1.7293145421430414	-1.0284087340327954	-0.4040570079780308
AT1G02850	729	0.0	0.15986899945786673	0.5301591166623336	1.2583542586209566	1.5382050858165244	1.8432022325199333	0.9893904484898937	0.2760319525297844	0.2733858240032958
AT1G02920	0	0.0	0.15986899945786673	0.5301591166623336	3.10784639009641	3.619842498464092	3.718734790841116	3.060101646820548	1.8000119906870518	1.3722504851878736
AT1G02930	0	0.0	0.15986899945786673	0.5301591166623336	3.10784639009641	3.619842498464092	3.718734790841116	3.060101646820548	1.8000119906870518	1.3722504851878736
AT1G02970	756	0.0	0.15986899945786673	0.5301591166623336	1.2583542586209566	1.5382050858165244	1.8432022325199333	1.8018190851493503	0.9955813478512939	0.6888211212003934
AT1G03090	19683	0.0	0.2594770867750919	0.3901934366723598	0.8886056503240549	0.1532022371402299	-0.1852070127748602	-2.473456450043764	-3.03357885882898	-0.966023943395892
AT1G03230	19764	0.0	0.2594770867750919	0.3901934366723598	0.8886056503240549	0.1532022371402299	1.2347596159245362	-0.10099651404966813	-0.6097594475114289	-0.3504713826261554
AT1G03310	2187	0.0	0.15986899945786673	-0.0917403296443504	-0.3060999009916527	-0.3884187475455568	0.3210796308901819	1.4651489043241765	1.7487402618276087	0.6425290003625739
AT1G03440	729	0.0	0.15986899945786673	0.5301591166623336	1.2583542586209566	1.5382050858165244	1.8432022325199333	0.9893904484898937	0.2760319525297844	0.2733858240032958
AT1G03470	19710	0.0	0.2594770867750919	0.3901934366723598	0.8886056503240549	0.1532022371402299	-0.1852070127748602	-1.4443403750480157	-1.7574870555176738	-0.6049078459056544
AT1G03660	729	0.0	0.15986899945786673	0.5301591166623336	1.2583542586209566	1.5382050858165244	1.8432022325199333	0.9893904484898937	0.2760319525297844	0.2733858240032958
AT1G03780	6561	0.0	0.09754178223316834	0.030274946644256312	-0.6000947183834374	-1.3208791928271721	-3.1947106676626715	-3.2362476155002584	-2.245829499919579	-0.8586564635545347
AT1G03820	2187	0.0	0.15986899945786673	-0.0917403296443504	-0.3060999009916527	-0.3884187475455568	0.3210796308901819	1.4651489043241765	1.7487402618276087	0.6425290003625739
AT1G04425	6561	0.0	0.09754178223316834	0.030274946644256312	-0.6000947183834374	-1.3208791928271721	-3.1947106676626715	-3.2362476155002584	-2.245829499919579	-0.8586564635545347
AT1G04650	756	0.0	0.15986899945786673	0.5301591166623336	1.2583542586209566	1.5382050858165244	1.8432022325199333	1.8018190851493503	0.9955813478512939	0.6888211212003934
AT1G04760	6804	0.0	0.09754178223316834	0.030274946644256312	-0.6000947183834374	-0.6472251345249863	-1.7020916576118803	-1.7293145421430414	-1.0284087340327954	-0.4040570079780308
AT1G04770	19791	0.0	0.2594770867750919	0.3901934366723598	0.8886056503240549	0.1532022371402299	1.2347596159245362	1.614604592026327	1.54589811641286	0.6635913857709217
AT1G04833	13149	0.0	1.5784420931980416	2.0726839082642634	1.3001406359316803	0.8669018438592818	0.8100255257849085	0.17995254969979016	-0.1261377483799859	-0.074169780101052
AT1G05020	6804	0.0	0.09754178223316834	0.030274946644256312	-0.6000947183834374	-0.6472251345249863	-1.7020916576118803	-1.7293145421430414	-1.0284087340327954	-0.4040570079780308
AT1G05030	19791	0.0	0.2594770867750919	0.3901934366723598	0.8886056503240549	0.1532022371402299	1.2347596159245362	1.614604592026327	1.54589811641286	0.6635913857709217
AT1G05340	19764	0.0	0.2594770867750919	0.3901934366723598	0.8886056503240549	0.1532022371402299	1.2347596159245362	-0.10099651404966813	-0.6097594475114289	-0.3504713826261554
AT1G05440	6561	0.0	0.09754178223316834	0.030274946644256312	-0.6000947183834374	-1.3208791928271721	-3.1947106676626715	-3.2362476155002584	-2.245829499919579	-0.8586564635545347
AT1G05490	81	0.0	0.15986899945786673	0.5301591166623336	3.10784639009641	3.619842498464092	5.804257859254649	5.293571319317618	3.839646797023559	3.120942743468567
AT1G05575	13122	0.0	1.5784420931980416	2.0726839082642634	1.3001406359316803	0.8669018438592818	0.8100255257849085	-0.6042286920993255	-1.1314328463856558	-0.3467476747327473
AT1G05675	13149	0.0	1.5784420931980416	2.0726839082642634	1.3001406359316803	0.8669018438592818	0.8100255257849085	0.17995254969979016	-0.1261377483799859	-0.074169780101052
AT1G05680	756	0.0	0.15986899945786673	0.5301591166623336	1.2583542586209566	1.5382050858165244	1.8432022325199333	1.8018190851493503	0.9955813478512939	0.6888211212003934
AT1G05710	756	0.0	0.15986899945786673	0.5301591166623336	1.2583542586209566	1.5382050858165244	1.8432022325199333	1.8018190851493503	0.9955813478512939	0.6888211212003934
AT1G05927	756	0.0	0.15986899945786673	0.5301591166623336	1.2583542586209566	1.5382050858165244	1.8432022325199333	1.8018190851493503	0.9955813478512939	0.6888211212003934
AT1G06070	729	0.0	0.15986899945786673	0.5301591166623336	1.2583542586209566	1.5382050858165244	1.8432022325199333	0.9893904484898937	0.2760319525297844	0.2733858240032958
AT1G06570	19710	0.0	0.2594770867750919	0.3901934366723598	0.8886056503240549	0.1532022371402299	-0.1852070127748602	-1.4443403750480157	-1.7574870555176738	-0.6049078459056544
AT1G06660	6804	0.0	0.09754178223316834	0.030274946644256312	-0.6000947183834374	-0.6472251345249863	-1.7020916576118803	-1.7293145421430414	-1.0284087340327954	-0.4040570079780308
AT1G06980	26244	0.0	-0.4191483607925548	-0.6928177349239655	-1.1809003917792205	-0.26573393533128653	-1.0586476439106751	-0.446185710763709	-0.14513062018385073	-0.018387636353214665
AT1G07135	13122	0.0	1.5784420931980416	2.0726839082642634	1.3001406359316803	0.8669018438592818	0.8100255257849085	-0.6042286920993255	-1.1314328463856558	-0.3467476747327473
AT1G07167	756	0.0	0.15986899945786673	0.5301591166623336	1.2583542586209566	1.5382050858165244	1.8432022325199333	1.8018190851493503	0.9955813478512939	0.6888211212003934
AT1G07367	2187	0.0	0.15986899945786673	-0.0917403296443504	-0.3060999009916527	-0.3884187475455568	0.3210796308901819	1.4651489043241765	1.7487402618276087	0.6425290003625739
AT1G07373	2187	0.0	0.15986899945786673	-0.0917403296443504	-0.3060999009916527	-0.3884187475455568	0.3210796308901819	1.4651489043241765	1.7487402618276087	0.6425290003625739
AT1G07520	13122	0.0	1.5784420931980416	2.0726839082642634	1.3001406359316803	0.8669018438592818	0.8100255257849085	-0.6042286920993255	-1.1314328463856558	-0.3467476747327473
AT1G07880	6804	0.0	0.09754178223316834	0.030274946644256312	-0.6000947183834374	-0.6472251345249863	-1.7020916576118803	-1.7293145421430414	-1.0284087340327954	-0.4040570079780308
AT1G07897	2187	0.0	0.15986899945786673	-0.0917403296443504	-0.3060999009916527	-0.3884187475455568	0.3210796308901819	1.4651489043241765	1.7487402618276087	0.6425290003625739
AT1G08050	729	0.0	0.15986899945786673	0.5301591166623336	1.2583542586209566	1.5382050858165244	1.8432022325199333	0.9893904484898937	0.2760319525297844	0.2733858240032958
AT1G08250	26244	0.0	-0.4191483607925548	-0.6928177349239655	-1.1809003917792205	-0.26573393533128653	-1.0586476439106751	-0.446185710763709	-0.14513062018385073	-0.018387636353214665
AT1G08260	0	0.0	0.15986899945786673	0.5301591166623336	3.10784639009641	3.619842498464092	3.718734790841116	3.060101646820548	1.8000119906870518	1.3722504851878736
AT1G08270	0	0.0	0.15986899945786673	0.5301591166623336	3.10784639009641	3.619842498464092	3.718734790841116	3.060101646820548	1.8000119906870518	1.3722504851878736
AT1G08477	2187	0.0	0.15986899945786673	-0.0917403296443504	-0.3060999009916527	-0.3884187475455568	0.3210796308901819	1.4651489043241765	1.7487402618276087	0.6425290003625739
AT1G08560	6561	0.0	0.09754178223316834	0.030274946644256312	-0.6000947183834374	-1.3208791928271721	-3.1947106676626715	-3.2362476155002584	-2.245829499919579	-0.8586564635545347
AT1G08630	19683	0.0	0.2594770867750919	0.3901934366723598	0.8886056503240549	0.1532022371402299	-0.1852070127748602	-2.473456450043764	-3.03357885882898	-0.966023943395892
AT1G08930	19710	0.0	0.2594770867750919	0.3901934366723598	0.8886056503240549	0.1532022371402299	-0.1852070127748602	-1.4443403750480157	-1.7574870555176738	-0.6049078459056544
AT1G09070	13149	0.0	1.5784420931980416	2.0726839082642634	1.3001406359316803	0.8669018438592818	0.8100255257849085	0.17995254969979016	-0.1261377483799859	-0.074169780101052
AT1G09180	756	0.0	0.15986899945786673	0.5301591166623336	1.2583542586209566	1.5382050858165244	1.8432022325199333	1.8018190851493503	0.9955813478512939	0.6888211212003934
AT1G09200	6804	0.0	0.09754178223316834	0.030274946644256312	-0.6000947183834374	-0.6472251345249863	-1.7020916576118803	-1.7293145421430414	-1.0284087340327954	-0.4040570079780308
AT1G09310	2187	0.0	0.15986899945786673	-0.0917403296443504	-0.3060999009916527	-0.3884187475455568	0.3210796308901819	1.4651489043241765	1.7487402618276087	0.6425290003625739
AT1G09460	19710	0.0	0.2594770867750919	0.3901934366723598	0.8886056503240549	0.1532022371402299	-0.1852070127748602	-1.4443403750480157	-1.7574870555176738	-0.6049078459056544
AT1G09470	6804	0.0	0.09754178223316834	0.030274946644256312	-0.6000947183834374	-0.6472251345249863	-1.7020916576118803	-1.7293145421430414	-1.0284087340327954	-0.4040570079780308
AT1G09815	0	0.0	0.15986899945786673	0.5301591166623336	3.10784639009641	3.619842498464092	3.718734790841116	3.060101646820548	1.8000119906870518	1.3722504851878736
AT1G09927	26244	0.0	-0.4191483607925548	-0.6928177349239655	-1.1809003917792205	-0.26573393533128653	-1.0586476439106751	-0.446185710763709	-0.14513062018385073	-0.018387636353214665
AT1G09932	756	0.0	0.15986899945786673	0.5301591166623336	1.2583542586209566	1.5382050858165244	1.8432022325199333	1.8018190851493503	0.9955813478512939	0.6888211212003934
AT1G09995	729	0.0	0.15986899945786673	0.5301591166623336	1.2583542586209566	1.5382050858165244	1.8432022325199333	0.9893904484898937	0.2760319525297844	0.2733858240032958
AT1G10040	756	0.0	0.15986899945786673	0.5301591166623336	1.2583542586209566	1.5382050858165244	1.8432022325199333	1.8018190851493503	0.9955813478512939	0.6888211212003934
AT1G10050	756	0.0	0.15986899945786673	0.5301591166623336	1.2583542586209566	1.5382050858165244	1.8432022325199333	1.8018190851493503	0.9955813478512939	0.6888211212003934
AT1G10070	19683	0.0	0.2594770867750919	0.3901934366723598	0.8886056503240549	0.1532022371402299	-0.1852070127748602	-2.473456450043764	-3.03357885882898	-0.966023943395892
AT1G10140	19764	0.0	0.2594770867750919	0.3901934366723598	0.8886056503240549	0.1532022371402299	1.2347596159245362	-0.10099651404966813	-0.6097594475114289	-0.3504713826261554
AT1G10370	2187	0.0	0.15986899945786673	-0.0917403296443504	-0.3060999009916527	-0.3884187475455568	0.3210796308901819	1.4651489043241765	1.7487402618276087	0.6425290003625739
AT1G10780	6804	0.0	0.09754178223316834	0.030274946644256312	-0.6000947183834374	-0.6472251345249863	-1.7020916576118803	-1.7293145421430414	-1.0284087340327954	-0.4040570079780308
AT1G11220	6804	0.0	0.09754178223316834	0.030274946644256312	-0.6000947183834374	-0.6472251345249863	-1.7020916576118803	-1.7293145421430414	-1.0284087340327954	-0.4040570079780308
AT1G11260	19710	0.0	0.2594770867750919	0.3901934366723598	0.8886056503240549	0.1532022371402299	-0.1852070127748602	-1.4443403750480157	-1.7574870555176738	-0.6049078459056544
AT1G11580	26244	0.0	-0.4191483607925548	-0.6928177349239655	-1.1809003917792205	-0.26573393533128653	-1.0586476439106751	-0.446185710763709	-0.14513062018385073	-0.018387636353214665
AT1G12020	729	0.0	0.15986899945786673	0.5301591166623336	1.2583542586209566	1.5382050858165244	1.8432022325199333	0.9893904484898937	0.2760319525297844	0.2733858240032958
AT1G12211	756	0.0	0.15986899945786673	0.5301591166623336	1.2583542586209566	1.5382050858165244	1.8432022325199333	1.8018190851493503	0.9955813478512939	0.6888211212003934
AT1G12220	19791	0.0	0.2594770867750919	0.3901934366723598	0.8886056503240549	0.1532022371402299	1.2347596159245362	1.614604592026327	1.54589811641286	0.6635913857709217
AT1G12320	26244	0.0	-0.4191483607925548	-0.6928177349239655	-1.1809003917792205	-0.26573393533128653	-1.0586476439106751	-0.446185710763709	-0.14513062018385073	-0.018387636353214665
AT1G12480	756	0.0	0.15986899945786673	0.5301591166623336	1.2583542586209566	1.5382050858165244	1.8432022325199333	1.8018190851493503	0.9955813478512939	0.6888211212003934
AT1G12780	19710	0.0	0.2594770867750919	0.3901934366723598	0.8886056503240549	0.1532022371402299	-0.1852070127748602	-1.4443403750480157	-1.7574870555176738	-0.6049078459056544
AT1G13245	19710	0.0	0.2594770867750919	0.3901934366723598	0.8886056503240549	0.1532022371402299	-0.1852070127748602	-1.4443403750480157	-1.7574870555176738	-0.6049078459056544
AT1G13260	13122	0.0	1.5784420931980416	2.0726839082642634	1.3001406359316803	0.8669018438592818	0.8100255257849085	-0.6042286920993255	-1.1314328463856558	-0.3467476747327473
AT1G13330	81	0.0	0.15986899945786673	0.5301591166623336	3.10784639009641	3.619842498464092	5.804257859254649	5.293571319317618	3.839646797023559	3.120942743468567
AT1G13340	729	0.0	0.15986899945786673	0.5301591166623336	1.2583542586209566	1.5382050858165244	1.8432022325199333	0.9893904484898937	0.2760319525297844	0.2733858240032958
AT1G13420	2187	0.0	0.15986899945786673	-0.0917403296443504	-0.3060999009916527	-0.3884187475455568	0.3210796308901819	1.4651489043241765	1.7487402618276087	0.6425290003625739
AT1G13480	756	0.0	0.15986899945786673	0.5301591166623336	1.2583542586209566	1.5382050858165244	1.8432022325199333	1.8018190851493503	0.9955813478512939	0.6888211212003934
AT1G13520	729	0.0	0.15986899945786673	0.5301591166623336	1.2583542586209566	1.5382050858165244	1.8432022325199333	0.9893904484898937	0.2760319525297844	0.2733858240032958
AT1G13609	2187	0.0	0.15986899945786673	-0.0917403296443504	-0.3060999009916527	-0.3884187475455568	0.3210796308901819	1.4651489043241765	1.7487402618276087	0.6425290003625739
AT1G13650	2187	0.0	0.15986899945786673	-0.0917403296443504	-0.3060999009916527	-0.3884187475455568	0.3210796308901819	1.4651489043241765	1.7487402618276087	0.6425290003625739
AT1G13930	2187	0.0	0.15986899945786673	-0.0917403296443504	-0.3060999009916527	-0.3884187475455568	0.3210796308901819	1.4651489043241765	1.7487402618276087	0.6425290003625739
AT1G14250	2187	0.0	0.15986899945786673	-0.0917403296443504	-0.3060999009916527	-0.3884187475455568	0.3210796308901819	1.4651489043241765	1.7487402618276087	0.6425290003625739
AT1G14540	13122	0.0	1.5784420931980416	2.0726839082642634	1.3001406359316803	0.8669018438592818	0.8100255257849085	-0.6042286920993255	-1.1314328463856558	-0.3467476747327473
AT1G14720	756	0.0	0.15986899945786673	0.5301591166623336	1.2583542586209566	1.5382050858165244	1.8432022325199333	1.8018190851493503	0.9955813478512939	0.6888211212003934
AT1G14890	19764	0.0	0.2594770867750919	0.3901934366723598	0.8886056503240549	0.1532022371402299	1.2347596159245362	-0.10099651404966813	-0.6097594475114289	-0.3504713826261554
AT1G15040	19683	0.0	0.2594770867750919	0.3901934366723598	0.8886056503240549	0.1532022371402299	-0.1852070127748602	-2.473456450043764	-3.03357885882898	-0.966023943395892
AT1G15125	19683	0.0	0.2594770867750919	0.3901934366723598	0.8886056503240549	0.1532022371402299	-0.1852070127748602	-2.473456450043764	-3.03357885882898	-0.966023943395892
AT1G15330	19710	0.0	0.2594770867750919	0.3901934366723598	0.8886056503240549	0.1532022371402299	-0.1852070127748602	-1.4443403750480157	-1.7574870555176738	-0.6049078459056544
AT1G15380	19710	0.0	0.2594770867750919	0.3901934366723598	0.8886056503240549	0.1532022371402299	-0.1852070127748602	-1.4443403750480157	-1.7574870555176738	-0.6049078459056544
AT1G15580	0	0.0	0.15986899945786673	0.5301591166623336	3.10784639009641	3.619842498464092	3.718734790841116	3.060101646820548	1.8000119906870518	1.3722504851878736
AT1G15790	756	0.0	0.15986899945786673	0.5301591166623336	1.2583542586209566	1.5382050858165244	1.8432022325199333	1.8018190851493503	0.9955813478512939	0.6888211212003934
AT1G16070	6804	0.0	0.09754178223316834	0.030274946644256312	-0.6000947183834374	-0.6472251345249863	-1.7020916576118803	-1.7293145421430414	-1.0284087340327954	-0.4040570079780308
AT1G16130	13122	0.0	1.5784420931980416	2.0726839082642634	1.3001406359316803	0.8669018438592818	0.8100255257849085	-0.6042286920993255	-1.1314328463856558	-0.3467476747327473
AT1G16330	6804	0.0	0.09754178223316834	0.030274946644256312	-0.6000947183834374	-0.6472251345249863	-1.7020916576118803	-1.7293145421430414	-1.0284087340327954	-0.4040570079780308
AT1G16400	2187	0.0	0.15986899945786673	-0.0917403296443504	-0.3060999009916527	-0.3884187475455568	0.3210796308901819	1.4651489043241765	1.7487402618276087	0.6425290003625739
AT1G16410	26244	0.0	-0.4191483607925548	-0.6928177349239655	-1.1809003917792205	-0.26573393533128653	-1.0586476439106751	-0.446185710763709	-0.14513062018385073	-0.018387636353214665
AT1G16530	2187	0.0	0.15986899945786673	-0.0917403296443504	-0.3060999009916527	-0.3884187475455568	0.3210796308901819	1.4651489043241765	1.7487402618276087	0.6425290003625739
AT1G16630	6561	0.0	0.09754178223316834	0.030274946644256312	-0.6000947183834374	-1.3208791928271721	-3.1947106676626715	-3.2362476155002584	-2.245829499919579	-0.8586564635545347
AT1G16850	19791	0.0	0.2594770867750919	0.3901934366723598	0.8886056503240549	0.1532022371402299	1.2347596159245362	1.614604592026327	1.54589811641286	0.6635913857709217
AT1G17147	13149	0.0	1.5784420931980416	2.0726839082642634	1.3001406359316803	0.8669018438592818	0.8100255257849085	0.17995254969979016	-0.1261377483799859	-0.074169780101052
AT1G17180	0	0.0	0.15986899945786673	0.5301591166623336	3.10784639009641	3.619842498464092	3.718734790841116	3.060101646820548	1.8000119906870518	1.3722504851878736
AT1G17290	729	0.0	0.15986899945786673	0.5301591166623336	1.2583542586209566	1.5382050858165244	1.8432022325199333	0.9893904484898937	0.2760319525297844	0.2733858240032958
AT1G17360	756	0.0	0.15986899945786673	0.5301591166623336	1.2583542586209566	1.5382050858165244	1.8432022325199333	1.8018190851493503	0.9955813478512939	0.6888211212003934
AT1G17380	13149	0.0	1.5784420931980416	2.0726839082642634	1.3001406359316803	0.8669018438592818	0.8100255257849085	0.17995254969979016	-0.1261377483799859	-0.074169780101052
AT1G17460	0	0.0	0.15986899945786673	0.5301591166623336	3.10784639009641	3.619842498464092	3.718734790841116	3.060101646820548	1.8000119906870518	1.3722504851878736
AT1G17480	6804	0.0	0.09754178223316834	0.030274946644256312	-0.6000947183834374	-0.6472251345249863	-1.7020916576118803	-1.7293145421430414	-1.0284087340327954	-0.4040570079780308
AT1G17745	2187	0.0	0.15986899945786673	-0.0917403296443504	-0.3060999009916527	-0.3884187475455568	0.3210796308901819	1.4651489043241765	1.7487402618276087	0.6425290003625739
AT1G17960	729	0.0	0.15986899945786673	0.5301591166623336	1.2583542586209566	1.5382050858165244	1.8432022325199333	0.9893904484898937	0.2760319525297844	0.2733858240032958
AT1G18250	6804	0.0	0.09754178223316834	0.030274946644256312	-0.6000947183834374	-0.6472251345249863	-1.7020916576118803	-1.7293145421430414	-1.0284087340327954	-0.4040570079780308
AT1G18270	19710	0.0	0.2594770867750919	0.3901934366723598	0.8886056503240549	0.1532022371402299	-0.1852070127748602	-1.4443403750480157	-1.7574870555176738	-0.6049078459056544
AT1G18300	13122	0.0	1.5784420931980416	2.0726839082642634	1.3001406359316803	0.8669018438592818	0.8100255257849085	-0.6042286920993255	-1.1314328463856558	-0.3467476747327473
AT1G18330	26244	0.0	-0.4191483607925548	-0.6928177349239655	-1.1809003917792205	-0.26573393533128653	-1.0586476439106751	-0.446185710763709	-0.14513062018385073	-0.018387636353214665
AT1G18370	6561	0.0	0.09754178223316834	0.030274946644256312	-0.6000947183834374	-1.3208791928271721	-3.1947106676626715	-3.2362476155002584	-2.245829499919579	-0.8586564635545347
AT1G18400	26244	0.0	-0.4191483607925548	-0.6928177349239655	-1.1809003917792205	-0.26573393533128653	-1.0586476439106751	-0.446185710763709	-0.14513062018385073	-0.018387636353214665
AT1G18570	13122	0.0	1.5784420931980416	2.0726839082642634	1.3001406359316803	0.8669018438592818	0.8100255257849085	-0.6042286920993255	-1.1314328463856558	-0.3467476747327473
AT1G18590	2187	0.0	0.15986899945786673	-0.0917403296443504	-0.3060999009916527	-0.3884187475455568	0.3210796308901819	1.4651489043241765	1.7487402618276087	0.6425290003625739
AT1G18740	13149	0.0	1.5784420931980416	2.0726839082642634	1.3001406359316803	0.8669018438592818	0.8100255257849085	0.17995254969979016	-0.1261377483799859	-0.074169780101052
AT1G18810	26244	0.0	-0.4191483607925548	-0.6928177349239655	-1.1809003917792205	-0.26573393533128653	-1.0586476439106751	-0.446185710763709	-0.14513062018385073	-0.018387636353214665
AT1G18970	756	0.0	0.15986899945786673	0.5301591166623336	1.2583542586209566	1.5382050858165244	1.8432022325199333	1.8018190851493503	0.9955813478512939	0.6888211212003934
AT1G19020	13149	0.0	1.5784420931980416	2.0726839082642634	1.3001406359316803	0.8669018438592818	0.8100255257849085	0.17995254969979016	-0.1261377483799859	-0.074169780101052
AT1G19380	13122	0.0	1.5784420931980416	2.0726839082642634	1.3001406359316803	0.8669018438592818	0.8100255257849085	-0.6042286920993255	-1.1314328463856558	-0.3467476747327473
AT1G19530	19683	0.0	0.2594770867750919	0.3901934366723598	0.8886056503240549	0.1532022371402299	-0.1852070127748602	-2.473456450043764	-3.03357885882898	-0.966023943395892
AT1G19540	19683	0.0	0.2594770867750919	0.3901934366723598	0.8886056503240549	0.1532022371402299	-0.1852070127748602	-2.473456450043764	-3.03357885882898	-0.966023943395892
AT1G19670	26244	0.0	-0.4191483607925548	-0.6928177349239655	-1.1809003917792205	-0.26573393533128653	-1.0586476439106751	-0.446185710763709	-0.14513062018385073	-0.018387636353214665
AT1G19770	13122	0.0	1.5784420931980416	2.0726839082642634	1.3001406359316803	0.8669018438592818	0.8100255257849085	-0.6042286920993255	-1.1314328463856558	-0.3467476747327473
AT1G20070	26244	0.0	-0.4191483607925548	-0.6928177349239655	-1.1809003917792205	-0.26573393533128653	-1.0586476439106751	-0.446185710763709	-0.14513062018385073	-0.018387636353214665
AT1G20350	0	0.0	0.15986899945786673	0.5301591166623336	3.10784639009641	3.619842498464092	3.718734790841116	3.060101646820548	1.8000119906870518	1.3722504851878736
AT1G20440	19764	0.0	0.2594770867750919	0.3901934366723598	0.8886056503240549	0.1532022371402299	1.2347596159245362	-0.10099651404966813	-0.6097594475114289	-0.3504713826261554
AT1G20450	19791	0.0	0.2594770867750919	0.3901934366723598	0.8886056503240549	0.1532022371402299	1.2347596159245362	1.614604592026327	1.54589811641286	0.6635913857709217
AT1G20610	6561	0.0	0.09754178223316834	0.030274946644256312	-0.6000947183834374	-1.3208791928271721	-3.1947106676626715	-3.2362476155002584	-2.245829499919579	-0.8586564635545347
AT1G20750	81	0.0	0.15986899945786673	0.5301591166623336	3.10784639009641	3.619842498464092	5.804257859254649	5.293571319317618	3.839646797023559	3.120942743468567
AT1G20930	6804	0.0	0.09754178223316834	0.030274946644256312	-0.6000947183834374	-0.6472251345249863	-1.7020916576118803	-1.7293145421430414	-1.0284087340327954	-0.4040570079780308
AT1G21100	13122	0.0	1.5784420931980416	2.0726839082642634	1.3001406359316803	0.8669018438592818	0.8100255257849085	-0.6042286920993255	-1.1314328463856558	-0.3467476747327473
AT1G21110	19764	0.0	0.2594770867750919	0.3901934366723598	0.8886056503240549	0.1532022371402299	1.2347596159245362	-0.10099651404966813	-0.6097594475114289	-0.3504713826261554
AT1G21120	13122	0.0	1.5784420931980416	2.0726839082642634	1.3001406359316803	0.8669018438592818	0.8100255257849085	-0.6042286920993255	-1.1314328463856558	-0.3467476747327473
AT1G21140	26244	0.0	-0.4191483607925548	-0.6928177349239655	-1.1809003917792205	-0.26573393533128653	-1.0586476439106751	-0.446185710763709	-0.14513062018385073	-0.018387636353214665
AT1G21250	0	0.0	0.15986899945786673	0.5301591166623336	3.10784639009641	3.619842498464092	3.718734790841116	3.060101646820548	1.8000119906870518	1.3722504851878736
AT1G21270	756	0.0	0.15986899945786673	0.5301591166623336	1.2583542586209566	1.5382050858165244	1.8432022325199333	1.8018190851493503	0.9955813478512939	0.6888211212003934
AT1G21400	19764	0.0	0.2594770867750919	0.3901934366723598	0.8886056503240549	0.1532022371402299	1.2347596159245362	-0.10099651404966813	-0.6097594475114289	-0.3504713826261554
AT1G21520	756	0.0	0.15986899945786673	0.5301591166623336	1.2583542586209566	1.5382050858165244	1.8432022325199333	1.8018190851493503	0.9955813478512939	0.6888211212003934
AT1G21810	6804	0.0	0.09754178223316834	0.030274946644256312	-0.6000947183834374	-0.6472251345249863	-1.7020916576118803	-1.7293145421430414	-1.0284087340327954	-0.4040570079780308
AT1G21910	13122	0.0	1.5784420931980416	2.0726839082642634	1.3001406359316803	0.8669018438592818	0.8100255257849085	-0.6042286920993255	-1.1314328463856558	-0.3467476747327473
AT1G22065	2187	0.0	0.15986899945786673	-0.0917403296443504	-0.3060999009916527	-0.3884187475455568	0.3210796308901819	1.4651489043241765	1.7487402618276087	0.6425290003625739
AT1G22160	2187	0.0	0.15986899945786673	-0.0917403296443504	-0.3060999009916527	-0.3884187475455568	0.3210796308901819	1.4651489043241765	1.7487402618276087	0.6425290003625739
AT1G22740	19710	0.0	0.2594770867750919	0.3901934366723598	0.8886056503240549	0.1532022371402299	-0.1852070127748602	-1.4443403750480157	-1.7574870555176738	-0.6049078459056544
AT1G22890	13122	0.0	1.5784420931980416	2.0726839082642634	1.3001406359316803	0.8669018438592818	0.8100255257849085	-0.6042286920993255	-1.1314328463856558	-0.3467476747327473
AT1G23000	756	0.0	0.15986899945786673	0.5301591166623336	1.2583542586209566	1.5382050858165244	1.8432022325199333	1.8018190851493503	0.9955813478512939	0.6888211212003934
AT1G23052	19710	0.0	0.2594770867750919	0.3901934366723598	0.8886056503240549	0.1532022371402299	-0.1852070127748602	-1.4443403750480157	-1.7574870555176738	-0.6049078459056544
AT1G23205	2187	0.0	0.15986899945786673	-0.0917403296443504	-0.3060999009916527	-0.3884187475455568	0.3210796308901819	1.4651489043241765	1.7487402618276087	0.6425290003625739
AT1G23390	19710	0.0	0.2594770867750919	0.3901934366723598	0.8886056503240549	0.1532022371402299	-0.1852070127748602	-1.4443403750480157	-1.7574870555176738	-0.6049078459056544
AT1G23550	729	0.0	0.15986899945786673	0.5301591166623336	1.2583542586209566	1.5382050858165244	1.8432022325199333	0.9893904484898937	0.2760319525297844	0.2733858240032958
AT1G23710	13149	0.0	1.5784420931980416	2.0726839082642634	1.3001406359316803	0.8669018438592818	0.8100255257849085	0.17995254969979016	-0.1261377483799859	-0.074169780101052
AT1G23790	6561	0.0	0.09754178223316834	0.030274946644256312	-0.6000947183834374	-1.3208791928271721	-3.1947106676626715	-3.2362476155002584	-2.245829499919579	-0.8586564635545347
AT1G23870	19710	0.0	0.2594770867750919	0.3901934366723598	0.8886056503240549	0.1532022371402299	-0.1852070127748602	-1.4443403750480157	-1.7574870555176738	-0.6049078459056544
AT1G24150	729	0.0	0.15986899945786673	0.5301591166623336	1.2583542586209566	1.5382050858165244	1.8432022325199333	0.9893904484898937	0.2760319525297844	0.2733858240032958
AT1G24580	26244	0.0	-0.4191483607925548	-0.6928177349239655	-1.1809003917792205	-0.26573393533128653	-1.0586476439106751	-0.446185710763709	-0.14513062018385073	-0.018387636353214665
AT1G24793	19791	0.0	0.2594770867750919	0.3901934366723598	0.8886056503240549	0.1532022371402299	1.2347596159245362	1.614604592026327	1.54589811641286	0.6635913857709217
AT1G25054	19764	0.0	0.2594770867750919	0.3901934366723598	0.8886056503240549	0.1532022371402299	1.2347596159245362	-0.10099651404966813	-0.6097594475114289	-0.3504713826261554
AT1G25145	13122	0.0	1.5784420931980416	2.0726839082642634	1.3001406359316803	0.8669018438592818	0.8100255257849085	-0.6042286920993255	-1.1314328463856558	-0.3467476747327473
AT1G25210	26244	0.0	-0.4191483607925548	-0.6928177349239655	-1.1809003917792205	-0.26573393533128653	-1.0586476439106751	-0.446185710763709	-0.14513062018385073	-0.018387636353214665
AT1G25400	13122	0.0	1.5784420931980416	2.0726839082642634	1.3001406359316803	0.8669018438592818	0.8100255257849085	-0.6042286920993255	-1.1314328463856558	-0.3467476747327473
AT1G25560	13122	0.0	1.5784420931980416	2.0726839082642634	1.3001406359316803	0.8669018438592818	0.8100255257849085	-0.6042286920993255	-1.1314328463856558	-0.3467476747327473
AT1G26380	0	0.0	0.15986899945786673	0.5301591166623336	3.10784639009641	3.619842498464092	3.718734790841116	3.060101646820548	1.8000119906870518	1.3722504851878736
AT1G26420	756	0.0	0.15986899945786673	0.5301591166623336	1.2583542586209566	1.5382050858165244	1.8432022325199333	1.8018190851493503	0.9955813478512939	0.6888211212003934
AT1G26560	19791	0.0	0.2594770867750919	0.3901934366723598	0.8886056503240549	0.1532022371402299	1.2347596159245362	1.614604592026327	1.54589811641286	0.6635913857709217
AT1G26760	6561	0.0	0.09754178223316834	0.030274946644256312	-0.6000947183834374	-1.3208791928271721	-3.1947106676626715	-3.2362476155002584	-2.245829499919579	-0.8586564635545347
AT1G26800	19764	0.0	0.2594770867750919	0.3901934366723598	0.8886056503240549	0.1532022371402299	1.2347596159245362	-0.10099651404966813	-0.6097594475114289	-0.3504713826261554
AT1G27100	13149	0.0	1.5784420931980416	2.0726839082642634	1.3001406359316803	0.8669018438592818	0.8100255257849085	0.17995254969979016	-0.1261377483799859	-0.074169780101052
AT1G27180	19791	0.0	0.2594770867750919	0.3901934366723598	0.8886056503240549	0.1532022371402299	1.2347596159245362	1.614604592026327	1.54589811641286	0.6635913857709217
AT1G27540	6804	0.0	0.09754178223316834	0.030274946644256312	-0.6000947183834374	-0.6472251345249863	-1.7020916576118803	-1.7293145421430414	-1.0284087340327954	-0.4040570079780308
AT1G27720	756	0.0	0.15986899945786673	0.5301591166623336	1.2583542586209566	1.5382050858165244	1.8432022325199333	1.8018190851493503	0.9955813478512939	0.6888211212003934
AT1G27730	13122	0.0	1.5784420931980416	2.0726839082642634	1.3001406359316803	0.8669018438592818	0.8100255257849085	-0.6042286920993255	-1.1314328463856558	-0.3467476747327473
AT1G27770	13149	0.0	1.5784420931980416	2.0726839082642634	1.3001406359316803	0.8669018438592818	0.8100255257849085	0.17995254969979016	-0.1261377483799859	-0.074169780101052
AT1G27940	0	0.0	0.15986899945786673	0.5301591166623336	3.10784639009641	3.619842498464092	3.718734790841116	3.060101646820548	1.8000119906870518	1.3722504851878736
AT1G28330	19683	0.0	0.2594770867750919	0.3901934366723598	0.8886056503240549	0.1532022371402299	-0.1852070127748602	-2.473456450043764	-3.03357885882898	-0.966023943395892
AT1G28370	13122	0.0	1.5784420931980416	2.0726839082642634	1.3001406359316803	0.8669018438592818	0.8100255257849085	-0.6042286920993255	-1.1314328463856558	-0.3467476747327473
AT1G28410	729	0.0	0.15986899945786673	0.5301591166623336	1.2583542586209566	1.5382050858165244	1.8432022325199333	0.9893904484898937	0.2760319525297844	0.2733858240032958
AT1G28570	2187	0.0	0.15986899945786673	-0.0917403296443504	-0.3060999009916527	-0.3884187475455568	0.3210796308901819	1.4651489043241765	1.7487402618276087	0.6425290003625739
AT1G28670	2187	0.0	0.15986899945786673	-0.0917403296443504	-0.3060999009916527	-0.3884187475455568	0.3210796308901819	1.4651489043241765	1.7487402618276087	0.6425290003625739
AT1G29395	19791	0.0	0.2594770867750919	0.3901934366723598	0.8886056503240549	0.1532022371402299	1.2347596159245362	1.614604592026327	1.54589811641286	0.6635913857709217
AT1G29640	756	0.0	0.15986899945786673	0.5301591166623336	1.2583542586209566	1.5382050858165244	1.8432022325199333	1.8018190851493503	0.9955813478512939	0.6888211212003934
AT1G29690	13149	0.0	1.5784420931980416	2.0726839082642634	1.3001406359316803	0.8669018438592818	0.8100255257849085	0.17995254969979016	-0.1261377483799859	-0.074169780101052
AT1G30475	0	0.0	0.15986899945786673	0.5301591166623336	3.10784639009641	3.619842498464092	3.718734790841116	3.060101646820548	1.8000119906870518	1.3722504851878736
AT1G30510	2187	0.0	0.15986899945786673	-0.0917403296443504	-0.3060999009916527	-0.3884187475455568	0.3210796308901819	1.4651489043241765	1.7487402618276087	0.6425290003625739
AT1G30600	756	0.0	0.15986899945786673	0.5301591166623336	1.2583542586209566	1.5382050858165244	1.8432022325199333	1.8018190851493503	0.9955813478512939	0.6888211212003934
AT1G30680	2187	0.0	0.15986899945786673	-0.0917403296443504	-0.3060999009916527	-0.3884187475455568	0.3210796308901819	1.4651489043241765	1.7487402618276087	0.6425290003625739
AT1G30700	13149	0.0	1.5784420931980416	2.0726839082642634	1.3001406359316803	0.8669018438592818	0.8100255257849085	0.17995254969979016	-0.1261377483799859	-0.074169780101052
AT1G30720	13122	0.0	1.5784420931980416	2.0726839082642634	1.3001406359316803	0.8669018438592818	0.8100255257849085	-0.6042286920993255	-1.1314328463856558	-0.3467476747327473
AT1G30730	13122	0.0	1.5784420931980416	2.0726839082642634	1.3001406359316803	0.8669018438592818	0.8100255257849085	-0.6042286920993255	-1.1314328463856558	-0.3467476747327473
AT1G30820	19710	0.0	0.2594770867750919	0.3901934366723598	0.8886056503240549	0.1532022371402299	-0.1852070127748602	-1.4443403750480157	-1.7574870555176738	-0.6049078459056544
AT1G31280	0	0.0	0.15986899945786673	0.5301591166623336	3.10784639009641	3.619842498464092	3.718734790841116	3.060101646820548	1.8000119906870518	1.3722504851878736
AT1G31290	13149	0.0	1.5784420931980416	2.0726839082642634	1.3001406359316803	0.8669018438592818	0.8100255257849085	0.17995254969979016	-0.1261377483799859	-0.074169780101052
AT1G31580	19791	0.0	0.2594770867750919	0.3901934366723598	0.8886056503240549	0.1532022371402299	1.2347596159245362	1.614604592026327	1.54589811641286	0.6635913857709217
AT1G31690	26244	0.0	-0.4191483607925548	-0.6928177349239655	-1.1809003917792205	-0.26573393533128653	-1.0586476439106751	-0.446185710763709	-0.14513062018385073	-0.018387636353214665
AT1G31770	26244	0.0	-0.4191483607925548	-0.6928177349239655	-1.1809003917792205	-0.26573393533128653	-1.0586476439106751	-0.446185710763709	-0.14513062018385073	-0.018387636353214665
AT1G31820	756	0.0	0.15986899945786673	0.5301591166623336	1.2583542586209566	1.5382050858165244	1.8432022325199333	1.8018190851493503	0.9955813478512939	0.6888211212003934
AT1G31920	6804	0.0	0.09754178223316834	0.030274946644256312	-0.6000947183834374	-0.6472251345249863	-1.7020916576118803	-1.7293145421430414	-1.0284087340327954	-0.4040570079780308
AT1G32450	6804	0.0	0.09754178223316834	0.030274946644256312	-0.6000947183834374	-0.6472251345249863	-1.7020916576118803	-1.7293145421430414	-1.0284087340327954	-0.4040570079780308
AT1G32640	13122	0.0	1.5784420931980416	2.0726839082642634	1.3001406359316803	0.8669018438592818	0.8100255257849085	-0.6042286920993255	-1.1314328463856558	-0.3467476747327473
AT1G32860	756	0.0	0.15986899945786673	0.5301591166623336	1.2583542586209566	1.5382050858165244	1.8432022325199333	1.8018190851493503	0.9955813478512939	0.6888211212003934
AT1G32900	19791	0.0	0.2594770867750919	0.3901934366723598	0.8886056503240549	0.1532022371402299	1.2347596159245362	1.614604592026327	1.54589811641286	0.6635913857709217
AT1G32920	13122	0.0	1.5784420931980416	2.0726839082642634	1.3001406359316803	0.8669018438592818	0.8100255257849085	-0.6042286920993255	-1.1314328463856558	-0.3467476747327473
AT1G32928	13122	0.0	1.5784420931980416	2.0726839082642634	1.3001406359316803	0.8669018438592818	0.8100255257849085	-0.6042286920993255	-1.1314328463856558	-0.3467476747327473
AT1G33610	13122	0.0	1.5784420931980416	2.0726839082642634	1.3001406359316803	0.8669018438592818	0.8100255257849085	-0.6042286920993255	-1.1314328463856558	-0.3467476747327473
AT1G34040	2187	0.0	0.15986899945786673	-0.0917403296443504	-0.3060999009916527	-0.3884187475455568	0.3210796308901819	1.4651489043241765	1.7487402618276087	0.6425290003625739
AT1G34355	6561	0.0	0.09754178223316834	0.030274946644256312	-0.6000947183834374	-1.3208791928271721	-3.1947106676626715	-3.2362476155002584	-2.245829499919579	-0.8586564635545347
AT1G35140	13122	0.0	1.5784420931980416	2.0726839082642634	1.3001406359316803	0.8669018438592818	0.8100255257849085	-0.6042286920993255	-1.1314328463856558	-0.3467476747327473
AT1G35210	13149	0.0	1.5784420931980416	2.0726839082642634	1.3001406359316803	0.8669018438592818	0.8100255257849085	0.17995254969979016	-0.1261377483799859	-0.074169780101052
AT1G35230	756	0.0	0.15986899945786673	0.5301591166623336	1.2583542586209566	1.5382050858165244	1.8432022325199333	1.8018190851493503	0.9955813478512939	0.6888211212003934
AT1G35320	19791	0.0	0.2594770867750919	0.3901934366723598	0.8886056503240549	0.1532022371402299	1.2347596159245362	1.614604592026327	1.54589811641286	0.6635913857709217
AT1G35350	13122	0.0	1.5784420931980416	2.0726839082642634	1.3001406359316803	0.8669018438592818	0.8100255257849085	-0.6042286920993255	-1.1314328463856558	-0.3467476747327473
AT1G35430	729	0.0	0.15986899945786673	0.5301591166623336	1.2583542586209566	1.5382050858165244	1.8432022325199333	0.9893904484898937	0.2760319525297844	0.2733858240032958
AT1G35710	756	0.0	0.15986899945786673	0.5301591166623336	1.2583542586209566	1.5382050858165244	1.8432022325199333	1.8018190851493503	0.9955813478512939	0.6888211212003934
AT1G36180	2187	0.0	0.15986899945786673	-0.0917403296443504	-0.3060999009916527	-0.3884187475455568	0.3210796308901819	1.4651489043241765	1.7487402618276087	0.6425290003625739
AT1G37130	19710	0.0	0.2594770867750919	0.3901934366723598	0.8886056503240549	0.1532022371402299	-0.1852070127748602	-1.4443403750480157	-1.7574870555176738	-0.6049078459056544
AT1G43605	2187	0.0	0.15986899945786673	-0.0917403296443504	-0.3060999009916527	-0.3884187475455568	0.3210796308901819	1.4651489043241765	1.7487402618276087	0.6425290003625739
AT1G43910	756	0.0	0.15986899945786673	0.5301591166623336	1.2583542586209566	1.5382050858165244	1.8432022325199333	1.8018190851493503	0.9955813478512939	0.6888211212003934
AT1G44110	6561	0.0	0.09754178223316834	0.030274946644256312	-0.6000947183834374	-1.3208791928271721	-3.1947106676626715	-3.2362476155002584	-2.245829499919579	-0.8586564635545347
AT1G44830	756	0.0	0.15986899945786673	0.5301591166623336	1.2583542586209566	1.5382050858165244	1.8432022325199333	1.8018190851493503	0.9955813478512939	0.6888211212003934
AT1G45010	2187	0.0	0.15986899945786673	-0.0917403296443504	-0.3060999009916527	-0.3884187475455568	0.3210796308901819	1.4651489043241765	1.7487402618276087	0.6425290003625739
AT1G45165	19791	0.0	0.2594770867750919	0.3901934366723598	0.8886056503240549	0.1532022371402299	1.2347596159245362	1.614604592026327	1.54589811641286	0.6635913857709217
AT1G45201	2187	0.0	0.15986899945786673	-0.0917403296443504	-0.3060999009916527	-0.3884187475455568	0.3210796308901819	1.4651489043241765	1.7487402618276087	0.6425290003625739
AT1G47395	26244	0.0	-0.4191483607925548	-0.6928177349239655	-1.1809003917792205	-0.26573393533128653	-1.0586476439106751	-0.446185710763709	-0.14513062018385073	-0.018387636353214665
AT1G47400	2187	0.0	0.15986899945786673	-0.0917403296443504	-0.3060999009916527	-0.3884187475455568	0.3210796308901819	1.4651489043241765	1.7487402618276087	0.6425290003625739
AT1G48120	2187	0.0	0.15986899945786673	-0.0917403296443504	-0.3060999009916527	-0.3884187475455568	0.3210796308901819	1.4651489043241765	1.7487402618276087	0.6425290003625739
AT1G49050	729	0.0	0.15986899945786673	0.5301591166623336	1.2583542586209566	1.5382050858165244	1.8432022325199333	0.9893904484898937	0.2760319525297844	0.2733858240032958
AT1G49130	19764	0.0	0.2594770867750919	0.3901934366723598	0.8886056503240549	0.1532022371402299	1.2347596159245362	-0.10099651404966813	-0.6097594475114289	-0.3504713826261554
AT1G49200	26244	0.0	-0.4191483607925548	-0.6928177349239655	-1.1809003917792205	-0.26573393533128653	-1.0586476439106751	-0.446185710763709	-0.14513062018385073	-0.018387636353214665
AT1G49230	26244	0.0	-0.4191483607925548	-0.6928177349239655	-1.1809003917792205	-0.26573393533128653	-1.0586476439106751	-0.446185710763709	-0.14513062018385073	-0.018387636353214665
AT1G49570	26244	0.0	-0.4191483607925548	-0.6928177349239655	-1.1809003917792205	-0.26573393533128653	-1.0586476439106751	-0.446185710763709	-0.14513062018385073	-0.018387636353214665
AT1G49860	2187	0.0	0.15986899945786673	-0.0917403296443504	-0.3060999009916527	-0.3884187475455568	0.3210796308901819	1.4651489043241765	1.7487402618276087	0.6425290003625739
AT1G49870	6561	0.0	0.09754178223316834	0.030274946644256312	-0.6000947183834374	-1.3208791928271721	-3.1947106676626715	-3.2362476155002584	-2.245829499919579	-0.8586564635545347
AT1G49980	756	0.0	0.15986899945786673	0.5301591166623336	1.2583542586209566	1.5382050858165244	1.8432022325199333	1.8018190851493503	0.9955813478512939	0.6888211212003934
AT1G50040	19764	0.0	0.2594770867750919	0.3901934366723598	0.8886056503240549	0.1532022371402299	1.2347596159245362	-0.10099651404966813	-0.6097594475114289	-0.3504713826261554
AT1G50240	6804	0.0	0.09754178223316834	0.030274946644256312	-0.6000947183834374	-0.6472251345249863	-1.7020916576118803	-1.7293145421430414	-1.0284087340327954	-0.4040570079780308
AT1G50490	6561	0.0	0.09754178223316834	0.030274946644256312	-0.6000947183834374	-1.3208791928271721	-3.1947106676626715	-3.2362476155002584	-2.245829499919579	-0.8586564635545347
AT1G50740	13149	0.0	1.5784420931980416	2.0726839082642634	1.3001406359316803	0.8669018438592818	0.8100255257849085	0.17995254969979016	-0.1261377483799859	-0.074169780101052
AT1G51090	19791	0.0	0.2594770867750919	0.3901934366723598	0.8886056503240549	0.1532022371402299	1.2347596159245362	1.614604592026327	1.54589811641286	0.6635913857709217
AT1G51130	0	0.0	0.15986899945786673	0.5301591166623336	3.10784639009641	3.619842498464092	3.718734790841116	3.060101646820548	1.8000119906870518	1.3722504851878736
AT1G51890	729	0.0	0.15986899945786673	0.5301591166623336	1.2583542586209566	1.5382050858165244	1.8432022325199333	0.9893904484898937	0.2760319525297844	0.2733858240032958
AT1G52000	26244	0.0	-0.4191483607925548	-0.6928177349239655	-1.1809003917792205	-0.26573393533128653	-1.0586476439106751	-0.446185710763709	-0.14513062018385073	-0.018387636353214665
AT1G52270	729	0.0	0.15986899945786673	0.5301591166623336	1.2583542586209566	1.5382050858165244	1.8432022325199333	0.9893904484898937	0.2760319525297844	0.2733858240032958
AT1G52315	81	0.0	0.15986899945786673	0.5301591166623336	3.10784639009641	3.619842498464092	5.804257859254649	5.293571319317618	3.839646797023559	3.120942743468567
AT1G52400	6804	0.0	0.09754178223316834	0.030274946644256312	-0.6000947183834374	-0.6472251345249863	-1.7020916576118803	-1.7293145421430414	-1.0284087340327954	-0.4040570079780308
AT1G52410	6804	0.0	0.09754178223316834	0.030274946644256312	-0.6000947183834374	-0.6472251345249863	-1.7020916576118803	-1.7293145421430414	-1.0284087340327954	-0.4040570079780308
AT1G52905	19791	0.0	0.2594770867750919	0.3901934366723598	0.8886056503240549	0.1532022371402299	1.2347596159245362	1.614604592026327	1.54589811641286	0.6635913857709217
AT1G53025	756	0.0	0.15986899945786673	0.5301591166623336	1.2583542586209566	1.5382050858165244	1.8432022325199333	1.8018190851493503	0.9955813478512939	0.6888211212003934
AT1G53140	6561	0.0	0.09754178223316834	0.030274946644256312	-0.6000947183834374	-1.3208791928271721	-3.1947106676626715	-3.2362476155002584	-2.245829499919579	-0.8586564635545347
AT1G53625	729	0.0	0.15986899945786673	0.5301591166623336	1.2583542586209566	1.5382050858165244	1.8432022325199333	0.9893904484898937	0.2760319525297844	0.2733858240032958
AT1G54385	6804	0.0	0.09754178223316834	0.030274946644256312	-0.6000947183834374	-0.6472251345249863	-1.7020916576118803	-1.7293145421430414	-1.0284087340327954	-0.4040570079780308
AT1G54575	2187	0.0	0.15986899945786673	-0.0917403296443504	-0.3060999009916527	-0.3884187475455568	0.3210796308901819	1.4651489043241765	1.7487402618276087	0.6425290003625739
AT1G54740	19710	0.0	0.2594770867750919	0.3901934366723598	0.8886056503240549	0.1532022371402299	-0.1852070127748602	-1.4443403750480157	-1.7574870555176738	-0.6049078459056544
AT1G54820	2187	0.0	0.15986899945786673	-0.0917403296443504	-0.3060999009916527	-0.3884187475455568	0.3210796308901819	1.4651489043241765	1.7487402618276087	0.6425290003625739
AT1G55265	2187	0.0	0.15986899945786673	-0.0917403296443504	-0.3060999009916527	-0.3884187475455568	0.3210796308901819	1.4651489043241765	1.7487402618276087	0.6425290003625739
AT1G55450	13149	0.0	1.5784420931980416	2.0726839082642634	1.3001406359316803	0.8669018438592818	0.8100255257849085	0.17995254969979016	-0.1261377483799859	-0.074169780101052
AT1G55990	19791	0.0	0.2594770867750919	0.3901934366723598	0.8886056503240549	0.1532022371402299	1.2347596159245362	1.614604592026327	1.54589811641286	0.6635913857709217
AT1G56240	13122	0.0	1.5784420931980416	2.0726839082642634	1.3001406359316803	0.8669018438592818	0.8100255257849085	-0.6042286920993255	-1.1314328463856558	-0.3467476747327473
AT1G56430	2187	0.0	0.15986899945786673	-0.0917403296443504	-0.3060999009916527	-0.3884187475455568	0.3210796308901819	1.4651489043241765	1.7487402618276087	0.6425290003625739
AT1G56510	756	0.0	0.15986899945786673	0.5301591166623336	1.2583542586209566	1.5382050858165244	1.8432022325199333	1.8018190851493503	0.9955813478512939	0.6888211212003934
AT1G56540	13149	0.0	1.5784420931980416	2.0726839082642634	1.3001406359316803	0.8669018438592818	0.8100255257849085	0.17995254969979016	-0.1261377483799859	-0.074169780101052
AT1G56650	19791	0.0	0.2594770867750919	0.3901934366723598	0.8886056503240549	0.1532022371402299	1.2347596159245362	1.614604592026327	1.54589811641286	0.6635913857709217
AT1G56680	26244	0.0	-0.4191483607925548	-0.6928177349239655	-1.1809003917792205	-0.26573393533128653	-1.0586476439106751	-0.446185710763709	-0.14513062018385073	-0.018387636353214665
AT1G57990	13122	0.0	1.5784420931980416	2.0726839082642634	1.3001406359316803	0.8669018438592818	0.8100255257849085	-0.6042286920993255	-1.1314328463856558	-0.3467476747327473
AT1G58180	19710	0.0	0.2594770867750919	0.3901934366723598	0.8886056503240549	0.1532022371402299	-0.1852070127748602	-1.4443403750480157	-1.7574870555176738	-0.6049078459056544
AT1G58420	13149	0.0	1.5784420931980416	2.0726839082642634	1.3001406359316803	0.8669018438592818	0.8100255257849085	0.17995254969979016	-0.1261377483799859	-0.074169780101052
AT1G58684	6561	0.0	0.09754178223316834	0.030274946644256312	-0.6000947183834374	-1.3208791928271721	-3.1947106676626715	-3.2362476155002584	-2.245829499919579	-0.8586564635545347
AT1G58983	2187	0.0	0.15986899945786673	-0.0917403296443504	-0.3060999009916527	-0.3884187475455568	0.3210796308901819	1.4651489043241765	1.7487402618276087	0.6425290003625739
AT1G59359	6561	0.0	0.09754178223316834	0.030274946644256312	-0.6000947183834374	-1.3208791928271721	-3.1947106676626715	-3.2362476155002584	-2.245829499919579	-0.8586564635545347
AT1G59540	6804	0.0	0.09754178223316834	0.030274946644256312	-0.6000947183834374	-0.6472251345249863	-1.7020916576118803	-1.7293145421430414	-1.0284087340327954	-0.4040570079780308
AT1G59590	13149	0.0	1.5784420931980416	2.0726839082642634	1.3001406359316803	0.8669018438592818	0.8100255257849085	0.17995254969979016	-0.1261377483799859	-0.074169780101052
AT1G59660	0	0.0	0.15986899945786673	0.5301591166623336	3.10784639009641	3.619842498464092	3.718734790841116	3.060101646820548	1.8000119906870518	1.3722504851878736
AT1G59910	13149	0.0	1.5784420931980416	2.0726839082642634	1.3001406359316803	0.8669018438592818	0.8100255257849085	0.17995254969979016	-0.1261377483799859	-0.074169780101052
AT1G60140	19710	0.0	0.2594770867750919	0.3901934366723598	0.8886056503240549	0.1532022371402299	-0.1852070127748602	-1.4443403750480157	-1.7574870555176738	-0.6049078459056544
AT1G60590	2187	0.0	0.15986899945786673	-0.0917403296443504	-0.3060999009916527	-0.3884187475455568	0.3210796308901819	1.4651489043241765	1.7487402618276087	0.6425290003625739
AT1G61340	13122	0.0	1.5784420931980416	2.0726839082642634	1.3001406359316803	0.8669018438592818	0.8100255257849085	-0.6042286920993255	-1.1314328463856558	-0.3467476747327473
AT1G61450	6804	0.0	0.09754178223316834	0.030274946644256312	-0.6000947183834374	-0.6472251345249863	-1.7020916576118803	-1.7293145421430414	-1.0284087340327954	-0.4040570079780308
AT1G61470	13176	0.0	1.5784420931980416	2.0726839082642634	1.3001406359316803	0.8669018438592818	0.8100255257849085	1.083413755735228	0.7673280700712783	0.5393171676631839
AT1G61740	26244	0.0	-0.4191483607925548	-0.6928177349239655	-1.1809003917792205	-0.26573393533128653	-1.0586476439106751	-0.446185710763709	-0.14513062018385073	-0.018387636353214665
AT1G61800	2187	0.0	0.15986899945786673	-0.0917403296443504	-0.3060999009916527	-0.3884187475455568	0.3210796308901819	1.4651489043241765	1.7487402618276087	0.6425290003625739
AT1G62180	2187	0.0	0.15986899945786673	-0.0917403296443504	-0.3060999009916527	-0.3884187475455568	0.3210796308901819	1.4651489043241765	1.7487402618276087	0.6425290003625739
AT1G62500	6804	0.0	0.09754178223316834	0.030274946644256312	-0.6000947183834374	-0.6472251345249863	-1.7020916576118803	-1.7293145421430414	-1.0284087340327954	-0.4040570079780308
AT1G62510	19710	0.0	0.2594770867750919	0.3901934366723598	0.8886056503240549	0.1532022371402299	-0.1852070127748602	-1.4443403750480157	-1.7574870555176738	-0.6049078459056544
AT1G62540	2187	0.0	0.15986899945786673	-0.0917403296443504	-0.3060999009916527	-0.3884187475455568	0.3210796308901819	1.4651489043241765	1.7487402618276087	0.6425290003625739
AT1G62560	2187	0.0	0.15986899945786673	-0.0917403296443504	-0.3060999009916527	-0.3884187475455568	0.3210796308901819	1.4651489043241765	1.7487402618276087	0.6425290003625739
AT1G62730	756	0.0	0.15986899945786673	0.5301591166623336	1.2583542586209566	1.5382050858165244	1.8432022325199333	1.8018190851493503	0.9955813478512939	0.6888211212003934
AT1G63100	6561	0.0	0.09754178223316834	0.030274946644256312	-0.6000947183834374	-1.3208791928271721	-3.1947106676626715	-3.2362476155002584	-2.245829499919579	-0.8586564635545347
AT1G63180	19710	0.0	0.2594770867750919	0.3901934366723598	0.8886056503240549	0.1532022371402299	-0.1852070127748602	-1.4443403750480157	-1.7574870555176738	-0.6049078459056544
AT1G63530	756	0.0	0.15986899945786673	0.5301591166623336	1.2583542586209566	1.5382050858165244	1.8432022325199333	1.8018190851493503	0.9955813478512939	0.6888211212003934
AT1G63720	13149	0.0	1.5784420931980416	2.0726839082642634	1.3001406359316803	0.8669018438592818	0.8100255257849085	0.17995254969979016	-0.1261377483799859	-0.074169780101052
AT1G63750	13149	0.0	1.5784420931980416	2.0726839082642634	1.3001406359316803	0.8669018438592818	0.8100255257849085	0.17995254969979016	-0.1261377483799859	-0.074169780101052
AT1G63860	13149	0.0	1.5784420931980416	2.0726839082642634	1.3001406359316803	0.8669018438592818	0.8100255257849085	0.17995254969979016	-0.1261377483799859	-0.074169780101052
AT1G64065	13149	0.0	1.5784420931980416	2.0726839082642634	1.3001406359316803	0.8669018438592818	0.8100255257849085	0.17995254969979016	-0.1261377483799859	-0.074169780101052
AT1G64390	2187	0.0	0.15986899945786673	-0.0917403296443504	-0.3060999009916527	-0.3884187475455568	0.3210796308901819	1.4651489043241765	1.7487402618276087	0.6425290003625739
AT1G64400	2187	0.0	0.15986899945786673	-0.0917403296443504	-0.3060999009916527	-0.3884187475455568	0.3210796308901819	1.4651489043241765	1.7487402618276087	0.6425290003625739
AT1G64620	729	0.0	0.15986899945786673	0.5301591166623336	1.2583542586209566	1.5382050858165244	1.8432022325199333	0.9893904484898937	0.2760319525297844	0.2733858240032958
AT1G64660	19764	0.0	0.2594770867750919	0.3901934366723598	0.8886056503240549	0.1532022371402299	1.2347596159245362	-0.10099651404966813	-0.6097594475114289	-0.3504713826261554
AT1G64970	2187	0.0	0.15986899945786673	-0.0917403296443504	-0.3060999009916527	-0.3884187475455568	0.3210796308901819	1.4651489043241765	1.7487402618276087	0.6425290003625739
AT1G65390	13122	0.0	1.5784420931980416	2.0726839082642634	1.3001406359316803	0.8669018438592818	0.8100255257849085	-0.6042286920993255	-1.1314328463856558	-0.3467476747327473
AT1G65490	13149	0.0	1.5784420931980416	2.0726839082642634	1.3001406359316803	0.8669018438592818	0.8100255257849085	0.17995254969979016	-0.1261377483799859	-0.074169780101052
AT1G65710	6561	0.0	0.09754178223316834	0.030274946644256312	-0.6000947183834374	-1.3208791928271721	-3.1947106676626715	-3.2362476155002584	-2.245829499919579	-0.8586564635545347
AT1G65860	26244	0.0	-0.4191483607925548	-0.6928177349239655	-1.1809003917792205	-0.26573393533128653	-1.0586476439106751	-0.446185710763709	-0.14513062018385073	-0.018387636353214665
AT1G65970	19710	0.0	0.2594770867750919	0.3901934366723598	0.8886056503240549	0.1532022371402299	-0.1852070127748602	-1.4443403750480157	-1.7574870555176738	-0.6049078459056544
AT1G66040	0	0.0	0.15986899945786673	0.5301591166623336	3.10784639009641	3.619842498464092	3.718734790841116	3.060101646820548	1.8000119906870518	1.3722504851878736
AT1G66090	13122	0.0	1.5784420931980416	2.0726839082642634	1.3001406359316803	0.8669018438592818	0.8100255257849085	-0.6042286920993255	-1.1314328463856558	-0.3467476747327473
AT1G66160	13149	0.0	1.5784420931980416	2.0726839082642634	1.3001406359316803	0.8669018438592818	0.8100255257849085	0.17995254969979016	-0.1261377483799859	-0.074169780101052
AT1G66180	13122	0.0	1.5784420931980416	2.0726839082642634	1.3001406359316803	0.8669018438592818	0.8100255257849085	-0.6042286920993255	-1.1314328463856558	-0.3467476747327473
AT1G66400	13176	0.0	1.5784420931980416	2.0726839082642634	1.3001406359316803	0.8669018438592818	0.8100255257849085	1.083413755735228	0.7673280700712783	0.5393171676631839
AT1G66500	13149	0.0	1.5784420931980416	2.0726839082642634	1.3001406359316803	0.8669018438592818	0.8100255257849085	0.17995254969979016	-0.1261377483799859	-0.074169780101052
AT1G66810	729	0.0	0.15986899945786673	0.5301591166623336	1.2583542586209566	1.5382050858165244	1.8432022325199333	0.9893904484898937	0.2760319525297844	0.2733858240032958
AT1G67035	6804	0.0	0.09754178223316834	0.030274946644256312	-0.6000947183834374	-0.6472251345249863	-1.7020916576118803	-1.7293145421430414	-1.0284087340327954	-0.4040570079780308
AT1G67330	26244	0.0	-0.4191483607925548	-0.6928177349239655	-1.1809003917792205	-0.26573393533128653	-1.0586476439106751	-0.446185710763709	-0.14513062018385073	-0.018387636353214665
AT1G67470	13149	0.0	1.5784420931980416	2.0726839082642634	1.3001406359316803	0.8669018438592818	0.8100255257849085	0.17995254969979016	-0.1261377483799859	-0.074169780101052
AT1G67750	2187	0.0	0.15986899945786673	-0.0917403296443504	-0.3060999009916527	-0.3884187475455568	0.3210796308901819	1.4651489043241765	1.7487402618276087	0.6425290003625739
AT1G67810	19764	0.0	0.2594770867750919	0.3901934366723598	0.8886056503240549	0.1532022371402299	1.2347596159245362	-0.10099651404966813	-0.6097594475114289	-0.3504713826261554
AT1G68200	0	0.0	0.15986899945786673	0.5301591166623336	3.10784639009641	3.619842498464092	3.718734790841116	3.060101646820548	1.8000119906870518	1.3722504851878736
AT1G68520	19764	0.0	0.2594770867750919	0.3901934366723598	0.8886056503240549	0.1532022371402299	1.2347596159245362	-0.10099651404966813	-0.6097594475114289	-0.3504713826261554
AT1G68600	2187	0.0	0.15986899945786673	-0.0917403296443504	-0.3060999009916527	-0.3884187475455568	0.3210796308901819	1.4651489043241765	1.7487402618276087	0.6425290003625739
AT1G68620	19764	0.0	0.2594770867750919	0.3901934366723598	0.8886056503240549	0.1532022371402299	1.2347596159245362	-0.10099651404966813	-0.6097594475114289	-0.3504713826261554
AT1G68840	13122	0.0	1.5784420931980416	2.0726839082642634	1.3001406359316803	0.8669018438592818	0.8100255257849085	-0.6042286920993255	-1.1314328463856558	-0.3467476747327473
AT1G68880	26244	0.0	-0.4191483607925548	-0.6928177349239655	-1.1809003917792205	-0.26573393533128653	-1.0586476439106751	-0.446185710763709	-0.14513062018385073	-0.018387636353214665
AT1G69570	19710	0.0	0.2594770867750919	0.3901934366723598	0.8886056503240549	0.1532022371402299	-0.1852070127748602	-1.4443403750480157	-1.7574870555176738	-0.6049078459056544
AT1G69840	13149	0.0	1.5784420931980416	2.0726839082642634	1.3001406359316803	0.8669018438592818	0.8100255257849085	0.17995254969979016	-0.1261377483799859	-0.074169780101052
AT1G69890	13122	0.0	1.5784420931980416	2.0726839082642634	1.3001406359316803	0.8669018438592818	0.8100255257849085	-0.6042286920993255	-1.1314328463856558	-0.3467476747327473
AT1G70290	19710	0.0	0.2594770867750919	0.3901934366723598	0.8886056503240549	0.1532022371402299	-0.1852070127748602	-1.4443403750480157	-1.7574870555176738	-0.6049078459056544
AT1G70440	0	0.0	0.15986899945786673	0.5301591166623336	3.10784639009641	3.619842498464092	3.718734790841116	3.060101646820548	1.8000119906870518	1.3722504851878736
AT1G70700	19710	0.0	0.2594770867750919	0.3901934366723598	0.8886056503240549	0.1532022371402299	-0.1852070127748602	-1.4443403750480157	-1.7574870555176738	-0.6049078459056544
AT1G70740	13149	0.0	1.5784420931980416	2.0726839082642634	1.3001406359316803	0.8669018438592818	0.8100255257849085	0.17995254969979016	-0.1261377483799859	-0.074169780101052
AT1G71030	19683	0.0	0.2594770867750919	0.3901934366723598	0.8886056503240549	0.1532022371402299	-0.1852070127748602	-2.473456450043764	-3.03357885882898	-0.966023943395892
AT1G72060	19710	0.0	0.2594770867750919	0.3901934366723598	0.8886056503240549	0.1532022371402299	-0.1852070127748602	-1.4443403750480157	-1.7574870555176738	-0.6049078459056544
AT1G72250	6561	0.0	0.09754178223316834	0.030274946644256312	-0.6000947183834374	-1.3208791928271721	-3.1947106676626715	-3.2362476155002584	-2.245829499919579	-0.8586564635545347
AT1G72520	13149	0.0	1.5784420931980416	2.0726839082642634	1.3001406359316803	0.8669018438592818	0.8100255257849085	0.17995254969979016	-0.1261377483799859	-0.074169780101052
AT1G72670	6561	0.0	0.09754178223316834	0.030274946644256312	-0.6000947183834374	-1.3208791928271721	-3.1947106676626715	-3.2362476155002584	-2.245829499919579	-0.8586564635545347
AT1G72790	729	0.0	0.15986899945786673	0.5301591166623336	1.2583542586209566	1.5382050858165244	1.8432022325199333	0.9893904484898937	0.2760319525297844	0.2733858240032958
AT1G72900	13122	0.0	1.5784420931980416	2.0726839082642634	1.3001406359316803	0.8669018438592818	0.8100255257849085	-0.6042286920993255	-1.1314328463856558	-0.3467476747327473
AT1G72910	13176	0.0	1.5784420931980416	2.0726839082642634	1.3001406359316803	0.8669018438592818	0.8100255257849085	1.083413755735228	0.7673280700712783	0.5393171676631839
AT1G72920	13122	0.0	1.5784420931980416	2.0726839082642634	1.3001406359316803	0.8669018438592818	0.8100255257849085	-0.6042286920993255	-1.1314328463856558	-0.3467476747327473
AT1G72940	13149	0.0	1.5784420931980416	2.0726839082642634	1.3001406359316803	0.8669018438592818	0.8100255257849085	0.17995254969979016	-0.1261377483799859	-0.074169780101052
AT1G73325	2187	0.0	0.15986899945786673	-0.0917403296443504	-0.3060999009916527	-0.3884187475455568	0.3210796308901819	1.4651489043241765	1.7487402618276087	0.6425290003625739
AT1G73500	13122	0.0	1.5784420931980416	2.0726839082642634	1.3001406359316803	0.8669018438592818	0.8100255257849085	-0.6042286920993255	-1.1314328463856558	-0.3467476747327473
AT1G73540	13149	0.0	1.5784420931980416	2.0726839082642634	1.3001406359316803	0.8669018438592818	0.8100255257849085	0.17995254969979016	-0.1261377483799859	-0.074169780101052
AT1G73590	6804	0.0	0.09754178223316834	0.030274946644256312	-0.6000947183834374	-0.6472251345249863	-1.7020916576118803	-1.7293145421430414	-1.0284087340327954	-0.4040570079780308
AT1G73600	2187	0.0	0.15986899945786673	-0.0917403296443504	-0.3060999009916527	-0.3884187475455568	0.3210796308901819	1.4651489043241765	1.7487402618276087	0.6425290003625739
AT1G73805	13176	0.0	1.5784420931980416	2.0726839082642634	1.3001406359316803	0.8669018438592818	0.8100255257849085	1.083413755735228	0.7673280700712783	0.5393171676631839
AT1G74390	729	0.0	0.15986899945786673	0.5301591166623336	1.2583542586209566	1.5382050858165244	1.8432022325199333	0.9893904484898937	0.2760319525297844	0.2733858240032958
AT1G74400	729	0.0	0.15986899945786673	0.5301591166623336	1.2583542586209566	1.5382050858165244	1.8432022325199333	0.9893904484898937	0.2760319525297844	0.2733858240032958
AT1G74440	756	0.0	0.15986899945786673	0.5301591166623336	1.2583542586209566	1.5382050858165244	1.8432022325199333	1.8018190851493503	0.9955813478512939	0.6888211212003934
AT1G74450	13176	0.0	1.5784420931980416	2.0726839082642634	1.3001406359316803	0.8669018438592818	0.8100255257849085	1.083413755735228	0.7673280700712783	0.5393171676631839
AT1G74460	2187	0.0	0.15986899945786673	-0.0917403296443504	-0.3060999009916527	-0.3884187475455568	0.3210796308901819	1.4651489043241765	1.7487402618276087	0.6425290003625739
AT1G74670	26244	0.0	-0.4191483607925548	-0.6928177349239655	-1.1809003917792205	-0.26573393533128653	-1.0586476439106751	-0.446185710763709	-0.14513062018385073	-0.018387636353214665
AT1G75640	6804	0.0	0.09754178223316834	0.030274946644256312	-0.6000947183834374	-0.6472251345249863	-1.7020916576118803	-1.7293145421430414	-1.0284087340327954	-0.4040570079780308
AT1G75700	756	0.0	0.15986899945786673	0.5301591166623336	1.2583542586209566	1.5382050858165244	1.8432022325199333	1.8018190851493503	0.9955813478512939	0.6888211212003934
AT1G75750	19710	0.0	0.2594770867750919	0.3901934366723598	0.8886056503240549	0.1532022371402299	-0.1852070127748602	-1.4443403750480157	-1.7574870555176738	-0.6049078459056544
AT1G75900	2187	0.0	0.15986899945786673	-0.0917403296443504	-0.3060999009916527	-0.3884187475455568	0.3210796308901819	1.4651489043241765	1.7487402618276087	0.6425290003625739
AT1G75960	26244	0.0	-0.4191483607925548	-0.6928177349239655	-1.1809003917792205	-0.26573393533128653	-1.0586476439106751	-0.446185710763709	-0.14513062018385073	-0.018387636353214665
AT1G76180	756	0.0	0.15986899945786673	0.5301591166623336	1.2583542586209566	1.5382050858165244	1.8432022325199333	1.8018190851493503	0.9955813478512939	0.6888211212003934
AT1G76310	6561	0.0	0.09754178223316834	0.030274946644256312	-0.6000947183834374	-1.3208791928271721	-3.1947106676626715	-3.2362476155002584	-2.245829499919579	-0.8586564635545347
AT1G76410	19710	0.0	0.2594770867750919	0.3901934366723598	0.8886056503240549	0.1532022371402299	-0.1852070127748602	-1.4443403750480157	-1.7574870555176738	-0.6049078459056544
AT1G76540	6804	0.0	0.09754178223316834	0.030274946644256312	-0.6000947183834374	-0.6472251345249863	-1.7020916576118803	-1.7293145421430414	-1.0284087340327954	-0.4040570079780308
AT1G76600	13122	0.0	1.5784420931980416	2.0726839082642634	1.3001406359316803	0.8669018438592818	0.8100255257849085	-0.6042286920993255	-1.1314328463856558	-0.3467476747327473
AT1G76650	13122	0.0	1.5784420931980416	2.0726839082642634	1.3001406359316803	0.8669018438592818	0.8100255257849085	-0.6042286920993255	-1.1314328463856558	-0.3467476747327473
AT1G76740	6804	0.0	0.09754178223316834	0.030274946644256312	-0.6000947183834374	-0.6472251345249863	-1.7020916576118803	-1.7293145421430414	-1.0284087340327954	-0.4040570079780308
AT1G77210	19710	0.0	0.2594770867750919	0.3901934366723598	0.8886056503240549	0.1532022371402299	-0.1852070127748602	-1.4443403750480157	-1.7574870555176738	-0.6049078459056544
AT1G77520	2187	0.0	0.15986899945786673	-0.0917403296443504	-0.3060999009916527	-0.3884187475455568	0.3210796308901819	1.4651489043241765	1.7487402618276087	0.6425290003625739
AT1G77760	19683	0.0	0.2594770867750919	0.3901934366723598	0.8886056503240549	0.1532022371402299	-0.1852070127748602	-2.473456450043764	-3.03357885882898	-0.966023943395892
AT1G78020	2187	0.0	0.15986899945786673	-0.0917403296443504	-0.3060999009916527	-0.3884187475455568	0.3210796308901819	1.4651489043241765	1.7487402618276087	0.6425290003625739
AT1G78110	756	0.0	0.15986899945786673	0.5301591166623336	1.2583542586209566	1.5382050858165244	1.8432022325199333	1.8018190851493503	0.9955813478512939	0.6888211212003934
AT1G78150	729	0.0	0.15986899945786673	0.5301591166623336	1.2583542586209566	1.5382050858165244	1.8432022325199333	0.9893904484898937	0.2760319525297844	0.2733858240032958
AT1G78340	729	0.0	0.15986899945786673	0.5301591166623336	1.2583542586209566	1.5382050858165244	1.8432022325199333	0.9893904484898937	0.2760319525297844	0.2733858240032958
AT1G78430	6804	0.0	0.09754178223316834	0.030274946644256312	-0.6000947183834374	-0.6472251345249863	-1.7020916576118803	-1.7293145421430414	-1.0284087340327954	-0.4040570079780308
AT1G78450	6804	0.0	0.09754178223316834	0.030274946644256312	-0.6000947183834374	-0.6472251345249863	-1.7020916576118803	-1.7293145421430414	-1.0284087340327954	-0.4040570079780308
AT1G78570	2187	0.0	0.15986899945786673	-0.0917403296443504	-0.3060999009916527	-0.3884187475455568	0.3210796308901819	1.4651489043241765	1.7487402618276087	0.6425290003625739
AT1G78830	19710	0.0	0.2594770867750919	0.3901934366723598	0.8886056503240549	0.1532022371402299	-0.1852070127748602	-1.4443403750480157	-1.7574870555176738	-0.6049078459056544
AT1G78865	6561	0.0	0.09754178223316834	0.030274946644256312	-0.6000947183834374	-1.3208791928271721	-3.1947106676626715	-3.2362476155002584	-2.245829499919579	-0.8586564635545347
AT1G79610	756	0.0	0.15986899945786673	0.5301591166623336	1.2583542586209566	1.5382050858165244	1.8432022325199333	1.8018190851493503	0.9955813478512939	0.6888211212003934
AT1G79700	19710	0.0	0.2594770867750919	0.3901934366723598	0.8886056503240549	0.1532022371402299	-0.1852070127748602	-1.4443403750480157	-1.7574870555176738	-0.6049078459056544
AT1G79820	729	0.0	0.15986899945786673	0.5301591166623336	1.2583542586209566	1.5382050858165244	1.8432022325199333	0.9893904484898937	0.2760319525297844	0.2733858240032958
AT1G80130	2187	0.0	0.15986899945786673	-0.0917403296443504	-0.3060999009916527	-0.3884187475455568	0.3210796308901819	1.4651489043241765	1.7487402618276087	0.6425290003625739
AT1G80440	19683	0.0	0.2594770867750919	0.3901934366723598	0.8886056503240549	0.1532022371402299	-0.1852070127748602	-2.473456450043764	-3.03357885882898	-0.966023943395892
AT1G80610	729	0.0	0.15986899945786673	0.5301591166623336	1.2583542586209566	1.5382050858165244	1.8432022325199333	0.9893904484898937	0.2760319525297844	0.2733858240032958
AT1G80840	13122	0.0	1.5784420931980416	2.0726839082642634	1.3001406359316803	0.8669018438592818	0.8100255257849085	-0.6042286920993255	-1.1314328463856558	-0.3467476747327473
AT1G80850	756	0.0	0.15986899945786673	0.5301591166623336	1.2583542586209566	1.5382050858165244	1.8432022325199333	1.8018190851493503	0.9955813478512939	0.6888211212003934
AT1G80920	19710	0.0	0.2594770867750919	0.3901934366723598	0.8886056503240549	0.1532022371402299	-0.1852070127748602	-1.4443403750480157	-1.7574870555176738	-0.6049078459056544
AT2G01180	13149	0.0	1.5784420931980416	2.0726839082642634	1.3001406359316803	0.8669018438592818	0.8100255257849085	0.17995254969979016	-0.1261377483799859	-0.074169780101052
AT2G01530	19710	0.0	0.2594770867750919	0.3901934366723598	0.8886056503240549	0.1532022371402299	-0.1852070127748602	-1.4443403750480157	-1.7574870555176738	-0.6049078459056544
AT2G01610	2187	0.0	0.15986899945786673	-0.0917403296443504	-0.3060999009916527	-0.3884187475455568	0.3210796308901819	1.4651489043241765	1.7487402618276087	0.6425290003625739
AT2G02710	19710	0.0	0.2594770867750919	0.3901934366723598	0.8886056503240549	0.1532022371402299	-0.1852070127748602	-1.4443403750480157	-1.7574870555176738	-0.6049078459056544
AT2G03090	26244	0.0	-0.4191483607925548	-0.6928177349239655	-1.1809003917792205	-0.26573393533128653	-1.0586476439106751	-0.446185710763709	-0.14513062018385073	-0.018387636353214665
AT2G03870	729	0.0	0.15986899945786673	0.5301591166623336	1.2583542586209566	1.5382050858165244	1.8432022325199333	0.9893904484898937	0.2760319525297844	0.2733858240032958
AT2G04040	19764	0.0	0.2594770867750919	0.3901934366723598	0.8886056503240549	0.1532022371402299	1.2347596159245362	-0.10099651404966813	-0.6097594475114289	-0.3504713826261554
AT2G04755	19791	0.0	0.2594770867750919	0.3901934366723598	0.8886056503240549	0.1532022371402299	1.2347596159245362	1.614604592026327	1.54589811641286	0.6635913857709217
AT2G05230	19791	0.0	0.2594770867750919	0.3901934366723598	0.8886056503240549	0.1532022371402299	1.2347596159245362	1.614604592026327	1.54589811641286	0.6635913857709217
AT2G05380	756	0.0	0.15986899945786673	0.5301591166623336	1.2583542586209566	1.5382050858165244	1.8432022325199333	1.8018190851493503	0.9955813478512939	0.6888211212003934
AT2G05540	19683	0.0	0.2594770867750919	0.3901934366723598	0.8886056503240549	0.1532022371402299	-0.1852070127748602	-2.473456450043764	-3.03357885882898	-0.966023943395892
AT2G06465	19764	0.0	0.2594770867750919	0.3901934366723598	0.8886056503240549	0.1532022371402299	1.2347596159245362	-0.10099651404966813	-0.6097594475114289	-0.3504713826261554
AT2G06510	729	0.0	0.15986899945786673	0.5301591166623336	1.2583542586209566	1.5382050858165244	1.8432022325199333	0.9893904484898937	0.2760319525297844	0.2733858240032958
AT2G07170	6804	0.0	0.09754178223316834	0.030274946644256312	-0.6000947183834374	-0.6472251345249863	-1.7020916576118803	-1.7293145421430414	-1.0284087340327954	-0.4040570079780308
AT2G08420	26244	0.0	-0.4191483607925548	-0.6928177349239655	-1.1809003917792205	-0.26573393533128653	-1.0586476439106751	-0.446185710763709	-0.14513062018385073	-0.018387636353214665
AT2G08665	26244	0.0	-0.4191483607925548	-0.6928177349239655	-1.1809003917792205	-0.26573393533128653	-1.0586476439106751	-0.446185710763709	-0.14513062018385073	-0.018387636353214665
AT2G09735	756	0.0	0.15986899945786673	0.5301591166623336	1.2583542586209566	1.5382050858165244	1.8432022325199333	1.8018190851493503	0.9955813478512939	0.6888211212003934
AT2G10940	6804	0.0	0.09754178223316834	0.030274946644256312	-0.6000947183834374	-0.6472251345249863	-1.7020916576118803	-1.7293145421430414	-1.0284087340327954	-0.4040570079780308
AT2G14247	2187	0.0	0.15986899945786673	-0.0917403296443504	-0.3060999009916527	-0.3884187475455568	0.3210796308901819	1.4651489043241765	1.7487402618276087	0.6425290003625739
AT2G14460	19791	0.0	0.2594770867750919	0.3901934366723598	0.8886056503240549	0.1532022371402299	1.2347596159245362	1.614604592026327	1.54589811641286	0.6635913857709217
AT2G14580	19791	0.0	0.2594770867750919	0.3901934366723598	0.8886056503240549	0.1532022371402299	1.2347596159245362	1.614604592026327	1.54589811641286	0.6635913857709217
AT2G14878	19791	0.0	0.2594770867750919	0.3901934366723598	0.8886056503240549	0.1532022371402299	1.2347596159245362	1.614604592026327	1.54589811641286	0.6635913857709217
AT2G15020	26244	0.0	-0.4191483607925548	-0.6928177349239655	-1.1809003917792205	-0.26573393533128653	-1.0586476439106751	-0.446185710763709	-0.14513062018385073	-0.018387636353214665
AT2G15292	19791	0.0	0.2594770867750919	0.3901934366723598	0.8886056503240549	0.1532022371402299	1.2347596159245362	1.614604592026327	1.54589811641286	0.6635913857709217
AT2G15480	19764	0.0	0.2594770867750919	0.3901934366723598	0.8886056503240549	0.1532022371402299	1.2347596159245362	-0.10099651404966813	-0.6097594475114289	-0.3504713826261554
AT2G15490	756	0.0	0.15986899945786673	0.5301591166623336	1.2583542586209566	1.5382050858165244	1.8432022325199333	1.8018190851493503	0.9955813478512939	0.6888211212003934
AT2G15880	19683	0.0	0.2594770867750919	0.3901934366723598	0.8886056503240549	0.1532022371402299	-0.1852070127748602	-2.473456450043764	-3.03357885882898	-0.966023943395892
AT2G15890	19710	0.0	0.2594770867750919	0.3901934366723598	0.8886056503240549	0.1532022371402299	-0.1852070127748602	-1.4443403750480157	-1.7574870555176738	-0.6049078459056544
AT2G15960	19710	0.0	0.2594770867750919	0.3901934366723598	0.8886056503240549	0.1532022371402299	-0.1852070127748602	-1.4443403750480157	-1.7574870555176738	-0.6049078459056544
AT2G16270	6561	0.0	0.09754178223316834	0.030274946644256312	-0.6000947183834374	-1.3208791928271721	-3.1947106676626715	-3.2362476155002584	-2.245829499919579	-0.8586564635545347
AT2G16660	26244	0.0	-0.4191483607925548	-0.6928177349239655	-1.1809003917792205	-0.26573393533128653	-1.0586476439106751	-0.446185710763709	-0.14513062018385073	-0.018387636353214665
AT2G16850	6804	0.0	0.09754178223316834	0.030274946644256312	-0.6000947183834374	-0.6472251345249863	-1.7020916576118803	-1.7293145421430414	-1.0284087340327954	-0.4040570079780308
AT2G16890	26244	0.0	-0.4191483607925548	-0.6928177349239655	-1.1809003917792205	-0.26573393533128653	-1.0586476439106751	-0.446185710763709	-0.14513062018385073	-0.018387636353214665
AT2G17040	13176	0.0	1.5784420931980416	2.0726839082642634	1.3001406359316803	0.8669018438592818	0.8100255257849085	1.083413755735228	0.7673280700712783	0.5393171676631839
AT2G17620	6804	0.0	0.09754178223316834	0.030274946644256312	-0.6000947183834374	-0.6472251345249863	-1.7020916576118803	-1.7293145421430414	-1.0284087340327954	-0.4040570079780308
AT2G17840	729	0.0	0.15986899945786673	0.5301591166623336	1.2583542586209566	1.5382050858165244	1.8432022325199333	0.9893904484898937	0.2760319525297844	0.2733858240032958
AT2G17880	19710	0.0	0.2594770867750919	0.3901934366723598	0.8886056503240549	0.1532022371402299	-0.1852070127748602	-1.4443403750480157	-1.7574870555176738	-0.6049078459056544
AT2G18000	0	0.0	0.15986899945786673	0.5301591166623336	3.10784639009641	3.619842498464092	3.718734790841116	3.060101646820548	1.8000119906870518	1.3722504851878736
AT2G18193	81	0.0	0.15986899945786673	0.5301591166623336	3.10784639009641	3.619842498464092	5.804257859254649	5.293571319317618	3.839646797023559	3.120942743468567
AT2G18600	0	0.0	0.15986899945786673	0.5301591166623336	3.10784639009641	3.619842498464092	3.718734790841116	3.060101646820548	1.8000119906870518	1.3722504851878736
AT2G18690	13149	0.0	1.5784420931980416	2.0726839082642634	1.3001406359316803	0.8669018438592818	0.8100255257849085	0.17995254969979016	-0.1261377483799859	-0.074169780101052
AT2G18700	19683	0.0	0.2594770867750919	0.3901934366723598	0.8886056503240549	0.1532022371402299	-0.1852070127748602	-2.473456450043764	-3.03357885882898	-0.966023943395892
AT2G18760	729	0.0	0.15986899945786673	0.5301591166623336	1.2583542586209566	1.5382050858165244	1.8432022325199333	0.9893904484898937	0.2760319525297844	0.2733858240032958
AT2G18790	729	0.0	0.15986899945786673	0.5301591166623336	1.2583542586209566	1.5382050858165244	1.8432022325199333	0.9893904484898937	0.2760319525297844	0.2733858240032958
AT2G19310	756	0.0	0.15986899945786673	0.5301591166623336	1.2583542586209566	1.5382050858165244	1.8432022325199333	1.8018190851493503	0.9955813478512939	0.6888211212003934
AT2G19650	26244	0.0	-0.4191483607925548	-0.6928177349239655	-1.1809003917792205	-0.26573393533128653	-1.0586476439106751	-0.446185710763709	-0.14513062018385073	-0.018387636353214665
AT2G19800	19683	0.0	0.2594770867750919	0.3901934366723598	0.8886056503240549	0.1532022371402299	-0.1852070127748602	-2.473456450043764	-3.03357885882898	-0.966023943395892
AT2G20320	729	0.0	0.15986899945786673	0.5301591166623336	1.2583542586209566	1.5382050858165244	1.8432022325199333	0.9893904484898937	0.2760319525297844	0.2733858240032958
AT2G20340	2187	0.0	0.15986899945786673	-0.0917403296443504	-0.3060999009916527	-0.3884187475455568	0.3210796308901819	1.4651489043241765	1.7487402618276087	0.6425290003625739
AT2G20560	729	0.0	0.15986899945786673	0.5301591166623336	1.2583542586209566	1.5382050858165244	1.8432022325199333	0.9893904484898937	0.2760319525297844	0.2733858240032958
AT2G20570	2187	0.0	0.15986899945786673	-0.0917403296443504	-0.3060999009916527	-0.3884187475455568	0.3210796308901819	1.4651489043241765	1.7487402618276087	0.6425290003625739
AT2G20590	6561	0.0	0.09754178223316834	0.030274946644256312	-0.6000947183834374	-1.3208791928271721	-3.1947106676626715	-3.2362476155002584	-2.245829499919579	-0.8586564635545347
AT2G20670	19683	0.0	0.2594770867750919	0.3901934366723598	0.8886056503240549	0.1532022371402299	-0.1852070127748602	-2.473456450043764	-3.03357885882898	-0.966023943395892
AT2G21500	13149	0.0	1.5784420931980416	2.0726839082642634	1.3001406359316803	0.8669018438592818	0.8100255257849085	0.17995254969979016	-0.1261377483799859	-0.074169780101052
AT2G21640	0	0.0	0.15986899945786673	0.5301591166623336	3.10784639009641	3.619842498464092	3.718734790841116	3.060101646820548	1.8000119906870518	1.3722504851878736
AT2G21790	0	0.0	0.15986899945786673	0.5301591166623336	3.10784639009641	3.619842498464092	3.718734790841116	3.060101646820548	1.8000119906870518	1.3722504851878736
AT2G22330	26244	0.0	-0.4191483607925548	-0.6928177349239655	-1.1809003917792205	-0.26573393533128653	-1.0586476439106751	-0.446185710763709	-0.14513062018385073	-0.018387636353214665
AT2G22500	13176	0.0	1.5784420931980416	2.0726839082642634	1.3001406359316803	0.8669018438592818	0.8100255257849085	1.083413755735228	0.7673280700712783	0.5393171676631839
AT2G22510	2187	0.0	0.15986899945786673	-0.0917403296443504	-0.3060999009916527	-0.3884187475455568	0.3210796308901819	1.4651489043241765	1.7487402618276087	0.6425290003625739
AT2G22590	2187	0.0	0.15986899945786673	-0.0917403296443504	-0.3060999009916527	-0.3884187475455568	0.3210796308901819	1.4651489043241765	1.7487402618276087	0.6425290003625739
AT2G22610	6561	0.0	0.09754178223316834	0.030274946644256312	-0.6000947183834374	-1.3208791928271721	-3.1947106676626715	-3.2362476155002584	-2.245829499919579	-0.8586564635545347
AT2G22980	6804	0.0	0.09754178223316834	0.030274946644256312	-0.6000947183834374	-0.6472251345249863	-1.7020916576118803	-1.7293145421430414	-1.0284087340327954	-0.4040570079780308
AT2G23000	19791	0.0	0.2594770867750919	0.3901934366723598	0.8886056503240549	0.1532022371402299	1.2347596159245362	1.614604592026327	1.54589811641286	0.6635913857709217
AT2G23120	729	0.0	0.15986899945786673	0.5301591166623336	1.2583542586209566	1.5382050858165244	1.8432022325199333	0.9893904484898937	0.2760319525297844	0.2733858240032958
AT2G23150	729	0.0	0.15986899945786673	0.5301591166623336	1.2583542586209566	1.5382050858165244	1.8432022325199333	0.9893904484898937	0.2760319525297844	0.2733858240032958
AT2G23170	19764	0.0	0.2594770867750919	0.3901934366723598	0.8886056503240549	0.1532022371402299	1.2347596159245362	-0.10099651404966813	-0.6097594475114289	-0.3504713826261554
AT2G23680	729	0.0	0.15986899945786673	0.5301591166623336	1.2583542586209566	1.5382050858165244	1.8432022325199333	0.9893904484898937	0.2760319525297844	0.2733858240032958
AT2G23810	13122	0.0	1.5784420931980416	2.0726839082642634	1.3001406359316803	0.8669018438592818	0.8100255257849085	-0.6042286920993255	-1.1314328463856558	-0.3467476747327473
AT2G23910	2187	0.0	0.15986899945786673	-0.0917403296443504	-0.3060999009916527	-0.3884187475455568	0.3210796308901819	1.4651489043241765	1.7487402618276087	0.6425290003625739
AT2G24550	13149	0.0	1.5784420931980416	2.0726839082642634	1.3001406359316803	0.8669018438592818	0.8100255257849085	0.17995254969979016	-0.1261377483799859	-0.074169780101052
AT2G24600	13122	0.0	1.5784420931980416	2.0726839082642634	1.3001406359316803	0.8669018438592818	0.8100255257849085	-0.6042286920993255	-1.1314328463856558	-0.3467476747327473
AT2G24762	2187	0.0	0.15986899945786673	-0.0917403296443504	-0.3060999009916527	-0.3884187475455568	0.3210796308901819	1.4651489043241765	1.7487402618276087	0.6425290003625739
AT2G24980	26244	0.0	-0.4191483607925548	-0.6928177349239655	-1.1809003917792205	-0.26573393533128653	-1.0586476439106751	-0.446185710763709	-0.14513062018385073	-0.018387636353214665
AT2G25000	2187	0.0	0.15986899945786673	-0.0917403296443504	-0.3060999009916527	-0.3884187475455568	0.3210796308901819	1.4651489043241765	1.7487402618276087	0.6425290003625739
AT2G25060	6561	0.0	0.09754178223316834	0.030274946644256312	-0.6000947183834374	-1.3208791928271721	-3.1947106676626715	-3.2362476155002584	-2.245829499919579	-0.8586564635545347
AT2G25090	19710	0.0	0.2594770867750919	0.3901934366723598	0.8886056503240549	0.1532022371402299	-0.1852070127748602	-1.4443403750480157	-1.7574870555176738	-0.6049078459056544
AT2G25200	19710	0.0	0.2594770867750919	0.3901934366723598	0.8886056503240549	0.1532022371402299	-0.1852070127748602	-1.4443403750480157	-1.7574870555176738	-0.6049078459056544
AT2G25460	13149	0.0	1.5784420931980416	2.0726839082642634	1.3001406359316803	0.8669018438592818	0.8100255257849085	0.17995254969979016	-0.1261377483799859	-0.074169780101052
AT2G25510	2187	0.0	0.15986899945786673	-0.0917403296443504	-0.3060999009916527	-0.3884187475455568	0.3210796308901819	1.4651489043241765	1.7487402618276087	0.6425290003625739
AT2G25735	13122	0.0	1.5784420931980416	2.0726839082642634	1.3001406359316803	0.8669018438592818	0.8100255257849085	-0.6042286920993255	-1.1314328463856558	-0.3467476747327473
AT2G25880	6561	0.0	0.09754178223316834	0.030274946644256312	-0.6000947183834374	-1.3208791928271721	-3.1947106676626715	-3.2362476155002584	-2.245829499919579	-0.8586564635545347
AT2G25900	19710	0.0	0.2594770867750919	0.3901934366723598	0.8886056503240549	0.1532022371402299	-0.1852070127748602	-1.4443403750480157	-1.7574870555176738	-0.6049078459056544
AT2G25940	729	0.0	0.15986899945786673	0.5301591166623336	1.2583542586209566	1.5382050858165244	1.8432022325199333	0.9893904484898937	0.2760319525297844	0.2733858240032958
AT2G25964	26244	0.0	-0.4191483607925548	-0.6928177349239655	-1.1809003917792205	-0.26573393533128653	-1.0586476439106751	-0.446185710763709	-0.14513062018385073	-0.018387636353214665
AT2G26180	6804	0.0	0.09754178223316834	0.030274946644256312	-0.6000947183834374	-0.6472251345249863	-1.7020916576118803	-1.7293145421430414	-1.0284087340327954	-0.4040570079780308
AT2G26190	13122	0.0	1.5784420931980416	2.0726839082642634	1.3001406359316803	0.8669018438592818	0.8100255257849085	-0.6042286920993255	-1.1314328463856558	-0.3467476747327473
AT2G26530	13149	0.0	1.5784420931980416	2.0726839082642634	1.3001406359316803	0.8669018438592818	0.8100255257849085	0.17995254969979016	-0.1261377483799859	-0.074169780101052
AT2G26560	19764	0.0	0.2594770867750919	0.3901934366723598	0.8886056503240549	0.1532022371402299	1.2347596159245362	-0.10099651404966813	-0.6097594475114289	-0.3504713826261554
AT2G26760	6561	0.0	0.09754178223316834	0.030274946644256312	-0.6000947183834374	-1.3208791928271721	-3.1947106676626715	-3.2362476155002584	-2.245829499919579	-0.8586564635545347
AT2G27080	13149	0.0	1.5784420931980416	2.0726839082642634	1.3001406359316803	0.8669018438592818	0.8100255257849085	0.17995254969979016	-0.1261377483799859	-0.074169780101052
AT2G27402	19791	0.0	0.2594770867750919	0.3901934366723598	0.8886056503240549	0.1532022371402299	1.2347596159245362	1.614604592026327	1.54589811641286	0.6635913857709217
AT2G27420	26244	0.0	-0.4191483607925548	-0.6928177349239655	-1.1809003917792205	-0.26573393533128653	-1.0586476439106751	-0.446185710763709	-0.14513062018385073	-0.018387636353214665
AT2G27690	13149	0.0	1.5784420931980416	2.0726839082642634	1.3001406359316803	0.8669018438592818	0.8100255257849085	0.17995254969979016	-0.1261377483799859	-0.074169780101052
AT2G27830	13122	0.0	1.5784420931980416	2.0726839082642634	1.3001406359316803	0.8669018438592818	0.8100255257849085	-0.6042286920993255	-1.1314328463856558	-0.3467476747327473
AT2G28120	19764	0.0	0.2594770867750919	0.3901934366723598	0.8886056503240549	0.1532022371402299	1.2347596159245362	-0.10099651404966813	-0.6097594475114289	-0.3504713826261554
AT2G28400	13149	0.0	1.5784420931980416	2.0726839082642634	1.3001406359316803	0.8669018438592818	0.8100255257849085	0.17995254969979016	-0.1261377483799859	-0.074169780101052
AT2G28570	19764	0.0	0.2594770867750919	0.3901934366723598	0.8886056503240549	0.1532022371402299	1.2347596159245362	-0.10099651404966813	-0.6097594475114289	-0.3504713826261554
AT2G28620	6561	0.0	0.09754178223316834	0.030274946644256312	-0.6000947183834374	-1.3208791928271721	-3.1947106676626715	-3.2362476155002584	-2.245829499919579	-0.8586564635545347
AT2G28780	6804	0.0	0.09754178223316834	0.030274946644256312	-0.6000947183834374	-0.6472251345249863	-1.7020916576118803	-1.7293145421430414	-1.0284087340327954	-0.4040570079780308
AT2G29090	26244	0.0	-0.4191483607925548	-0.6928177349239655	-1.1809003917792205	-0.26573393533128653	-1.0586476439106751	-0.446185710763709	-0.14513062018385073	-0.018387636353214665
AT2G29120	2187	0.0	0.15986899945786673	-0.0917403296443504	-0.3060999009916527	-0.3884187475455568	0.3210796308901819	1.4651489043241765	1.7487402618276087	0.6425290003625739
AT2G29300	19710	0.0	0.2594770867750919	0.3901934366723598	0.8886056503240549	0.1532022371402299	-0.1852070127748602	-1.4443403750480157	-1.7574870555176738	-0.6049078459056544
AT2G29500	19791	0.0	0.2594770867750919	0.3901934366723598	0.8886056503240549	0.1532022371402299	1.2347596159245362	1.614604592026327	1.54589811641286	0.6635913857709217
AT2G30020	13122	0.0	1.5784420931980416	2.0726839082642634	1.3001406359316803	0.8669018438592818	0.8100255257849085	-0.6042286920993255	-1.1314328463856558	-0.3467476747327473
AT2G30140	729	0.0	0.15986899945786673	0.5301591166623336	1.2583542586209566	1.5382050858165244	1.8432022325199333	0.9893904484898937	0.2760319525297844	0.2733858240032958
AT2G30250	0	0.0	0.15986899945786673	0.5301591166623336	3.10784639009641	3.619842498464092	3.718734790841116	3.060101646820548	1.8000119906870518	1.3722504851878736
AT2G30360	0	0.0	0.15986899945786673	0.5301591166623336	3.10784639009641	3.619842498464092	3.718734790841116	3.060101646820548	1.8000119906870518	1.3722504851878736
AT2G30362	13176	0.0	1.5784420931980416	2.0726839082642634	1.3001406359316803	0.8669018438592818	0.8100255257849085	1.083413755735228	0.7673280700712783	0.5393171676631839
AT2G30600	6804	0.0	0.09754178223316834	0.030274946644256312	-0.6000947183834374	-0.6472251345249863	-1.7020916576118803	-1.7293145421430414	-1.0284087340327954	-0.4040570079780308
AT2G30615	19710	0.0	0.2594770867750919	0.3901934366723598	0.8886056503240549	0.1532022371402299	-0.1852070127748602	-1.4443403750480157	-1.7574870555176738	-0.6049078459056544
AT2G30766	26244	0.0	-0.4191483607925548	-0.6928177349239655	-1.1809003917792205	-0.26573393533128653	-1.0586476439106751	-0.446185710763709	-0.14513062018385073	-0.018387636353214665
AT2G30820	26244	0.0	-0.4191483607925548	-0.6928177349239655	-1.1809003917792205	-0.26573393533128653	-1.0586476439106751	-0.446185710763709	-0.14513062018385073	-0.018387636353214665
AT2G31150	19791	0.0	0.2594770867750919	0.3901934366723598	0.8886056503240549	0.1532022371402299	1.2347596159245362	1.614604592026327	1.54589811641286	0.6635913857709217
AT2G31320	0	0.0	0.15986899945786673	0.5301591166623336	3.10784639009641	3.619842498464092	3.718734790841116	3.060101646820548	1.8000119906870518	1.3722504851878736
AT2G31810	19710	0.0	0.2594770867750919	0.3901934366723598	0.8886056503240549	0.1532022371402299	-0.1852070127748602	-1.4443403750480157	-1.7574870555176738	-0.6049078459056544
AT2G31870	756	0.0	0.15986899945786673	0.5301591166623336	1.2583542586209566	1.5382050858165244	1.8432022325199333	1.8018190851493503	0.9955813478512939	0.6888211212003934
AT2G31880	13149	0.0	1.5784420931980416	2.0726839082642634	1.3001406359316803	0.8669018438592818	0.8100255257849085	0.17995254969979016	-0.1261377483799859	-0.074169780101052
AT2G31945	13149	0.0	1.5784420931980416	2.0726839082642634	1.3001406359316803	0.8669018438592818	0.8100255257849085	0.17995254969979016	-0.1261377483799859	-0.074169780101052
AT2G32030	13149	0.0	1.5784420931980416	2.0726839082642634	1.3001406359316803	0.8669018438592818	0.8100255257849085	0.17995254969979016	-0.1261377483799859	-0.074169780101052
AT2G32150	19710	0.0	0.2594770867750919	0.3901934366723598	0.8886056503240549	0.1532022371402299	-0.1852070127748602	-1.4443403750480157	-1.7574870555176738	-0.6049078459056544
AT2G32210	13176	0.0	1.5784420931980416	2.0726839082642634	1.3001406359316803	0.8669018438592818	0.8100255257849085	1.083413755735228	0.7673280700712783	0.5393171676631839
AT2G32290	26244	0.0	-0.4191483607925548	-0.6928177349239655	-1.1809003917792205	-0.26573393533128653	-1.0586476439106751	-0.446185710763709	-0.14513062018385073	-0.018387636353214665
AT2G32800	13149	0.0	1.5784420931980416	2.0726839082642634	1.3001406359316803	0.8669018438592818	0.8100255257849085	0.17995254969979016	-0.1261377483799859	-0.074169780101052
AT2G32930	756	0.0	0.15986899945786673	0.5301591166623336	1.2583542586209566	1.5382050858165244	1.8432022325199333	1.8018190851493503	0.9955813478512939	0.6888211212003934
AT2G32990	2187	0.0	0.15986899945786673	-0.0917403296443504	-0.3060999009916527	-0.3884187475455568	0.3210796308901819	1.4651489043241765	1.7487402618276087	0.6425290003625739
AT2G33400	6561	0.0	0.09754178223316834	0.030274946644256312	-0.6000947183834374	-1.3208791928271721	-3.1947106676626715	-3.2362476155002584	-2.245829499919579	-0.8586564635545347
AT2G33560	6561	0.0	0.09754178223316834	0.030274946644256312	-0.6000947183834374	-1.3208791928271721	-3.1947106676626715	-3.2362476155002584	-2.245829499919579	-0.8586564635545347
AT2G33580	13149	0.0	1.5784420931980416	2.0726839082642634	1.3001406359316803	0.8669018438592818	0.8100255257849085	0.17995254969979016	-0.1261377483799859	-0.074169780101052
AT2G33790	6804	0.0	0.09754178223316834	0.030274946644256312	-0.6000947183834374	-0.6472251345249863	-1.7020916576118803	-1.7293145421430414	-1.0284087340327954	-0.4040570079780308
AT2G33793	6804	0.0	0.09754178223316834	0.030274946644256312	-0.6000947183834374	-0.6472251345249863	-1.7020916576118803	-1.7293145421430414	-1.0284087340327954	-0.4040570079780308
AT2G33830	19683	0.0	0.2594770867750919	0.3901934366723598	0.8886056503240549	0.1532022371402299	-0.1852070127748602	-2.473456450043764	-3.03357885882898	-0.966023943395892
AT2G34190	6561	0.0	0.09754178223316834	0.030274946644256312	-0.6000947183834374	-1.3208791928271721	-3.1947106676626715	-3.2362476155002584	-2.245829499919579	-0.8586564635545347
AT2G34500	19764	0.0	0.2594770867750919	0.3901934366723598	0.8886056503240549	0.1532022371402299	1.2347596159245362	-0.10099651404966813	-0.6097594475114289	-0.3504713826261554
AT2G34920	756	0.0	0.15986899945786673	0.5301591166623336	1.2583542586209566	1.5382050858165244	1.8432022325199333	1.8018190851493503	0.9955813478512939	0.6888211212003934
AT2G34930	13149	0.0	1.5784420931980416	2.0726839082642634	1.3001406359316803	0.8669018438592818	0.8100255257849085	0.17995254969979016	-0.1261377483799859	-0.074169780101052
AT2G35710	13122	0.0	1.5784420931980416	2.0726839082642634	1.3001406359316803	0.8669018438592818	0.8100255257849085	-0.6042286920993255	-1.1314328463856558	-0.3467476747327473
AT2G35930	13149	0.0	1.5784420931980416	2.0726839082642634	1.3001406359316803	0.8669018438592818	0.8100255257849085	0.17995254969979016	-0.1261377483799859	-0.074169780101052
AT2G36200	6804	0.0	0.09754178223316834	0.030274946644256312	-0.6000947183834374	-0.6472251345249863	-1.7020916576118803	-1.7293145421430414	-1.0284087340327954	-0.4040570079780308
AT2G36220	13122	0.0	1.5784420931980416	2.0726839082642634	1.3001406359316803	0.8669018438592818	0.8100255257849085	-0.6042286920993255	-1.1314328463856558	-0.3467476747327473
AT2G36780	0	0.0	0.15986899945786673	0.5301591166623336	3.10784639009641	3.619842498464092	3.718734790841116	3.060101646820548	1.8000119906870518	1.3722504851878736
AT2G36790	729	0.0	0.15986899945786673	0.5301591166623336	1.2583542586209566	1.5382050858165244	1.8432022325199333	0.9893904484898937	0.2760319525297844	0.2733858240032958
AT2G36870	2187	0.0	0.15986899945786673	-0.0917403296443504	-0.3060999009916527	-0.3884187475455568	0.3210796308901819	1.4651489043241765	1.7487402618276087	0.6425290003625739
AT2G36910	756	0.0	0.15986899945786673	0.5301591166623336	1.2583542586209566	1.5382050858165244	1.8432022325199333	1.8018190851493503	0.9955813478512939	0.6888211212003934
AT2G36970	26244	0.0	-0.4191483607925548	-0.6928177349239655	-1.1809003917792205	-0.26573393533128653	-1.0586476439106751	-0.446185710763709	-0.14513062018385073	-0.018387636353214665
AT2G37025	19710	0.0	0.2594770867750919	0.3901934366723598	0.8886056503240549	0.1532022371402299	-0.1852070127748602	-1.4443403750480157	-1.7574870555176738	-0.6049078459056544
AT2G37240	756	0.0	0.15986899945786673	0.5301591166623336	1.2583542586209566	1.5382050858165244	1.8432022325199333	1.8018190851493503	0.9955813478512939	0.6888211212003934
AT2G37420	6561	0.0	0.09754178223316834	0.030274946644256312	-0.6000947183834374	-1.3208791928271721	-3.1947106676626715	-3.2362476155002584	-2.245829499919579	-0.8586564635545347
AT2G37430	13149	0.0	1.5784420931980416	2.0726839082642634	1.3001406359316803	0.8669018438592818	0.8100255257849085	0.17995254969979016	-0.1261377483799859	-0.074169780101052
AT2G37460	26244	0.0	-0.4191483607925548	-0.6928177349239655	-1.1809003917792205	-0.26573393533128653	-1.0586476439106751	-0.446185710763709	-0.14513062018385073	-0.018387636353214665
AT2G37470	6804	0.0	0.09754178223316834	0.030274946644256312	-0.6000947183834374	-0.6472251345249863	-1.7020916576118803	-1.7293145421430414	-1.0284087340327954	-0.4040570079780308
AT2G37640	2187	0.0	0.15986899945786673	-0.0917403296443504	-0.3060999009916527	-0.3884187475455568	0.3210796308901819	1.4651489043241765	1.7487402618276087	0.6425290003625739
AT2G37770	2187	0.0	0.15986899945786673	-0.0917403296443504	-0.3060999009916527	-0.3884187475455568	0.3210796308901819	1.4651489043241765	1.7487402618276087	0.6425290003625739
AT2G38160	6804	0.0	0.09754178223316834	0.030274946644256312	-0.6000947183834374	-0.6472251345249863	-1.7020916576118803	-1.7293145421430414	-1.0284087340327954	-0.4040570079780308
AT2G38250	756	0.0	0.15986899945786673	0.5301591166623336	1.2583542586209566	1.5382050858165244	1.8432022325199333	1.8018190851493503	0.9955813478512939	0.6888211212003934
AT2G38340	0	0.0	0.15986899945786673	0.5301591166623336	3.10784639009641	3.619842498464092	3.718734790841116	3.060101646820548	1.8000119906870518	1.3722504851878736
AT2G38400	19710	0.0	0.2594770867750919	0.3901934366723598	0.8886056503240549	0.1532022371402299	-0.1852070127748602	-1.4443403750480157	-1.7574870555176738	-0.6049078459056544
AT2G38470	13122	0.0	1.5784420931980416	2.0726839082642634	1.3001406359316803	0.8669018438592818	0.8100255257849085	-0.6042286920993255	-1.1314328463856558	-0.3467476747327473
AT2G38530	19791	0.0	0.2594770867750919	0.3901934366723598	0.8886056503240549	0.1532022371402299	1.2347596159245362	1.614604592026327	1.54589811641286	0.6635913857709217
AT2G38620	6804	0.0	0.09754178223316834	0.030274946644256312	-0.6000947183834374	-0.6472251345249863	-1.7020916576118803	-1.7293145421430414	-1.0284087340327954	-0.4040570079780308
AT2G38750	2187	0.0	0.15986899945786673	-0.0917403296443504	-0.3060999009916527	-0.3884187475455568	0.3210796308901819	1.4651489043241765	1.7487402618276087	0.6425290003625739
AT2G38820	19710	0.0	0.2594770867750919	0.3901934366723598	0.8886056503240549	0.1532022371402299	-0.1852070127748602	-1.4443403750480157	-1.7574870555176738	-0.6049078459056544
AT2G38940	2187	0.0	0.15986899945786673	-0.0917403296443504	-0.3060999009916527	-0.3884187475455568	0.3210796308901819	1.4651489043241765	1.7487402618276087	0.6425290003625739
AT2G39400	19710	0.0	0.2594770867750919	0.3901934366723598	0.8886056503240549	0.1532022371402299	-0.1852070127748602	-1.4443403750480157	-1.7574870555176738	-0.6049078459056544
AT2G39570	19710	0.0	0.2594770867750919	0.3901934366723598	0.8886056503240549	0.1532022371402299	-0.1852070127748602	-1.4443403750480157	-1.7574870555176738	-0.6049078459056544
AT2G39650	13176	0.0	1.5784420931980416	2.0726839082642634	1.3001406359316803	0.8669018438592818	0.8100255257849085	1.083413755735228	0.7673280700712783	0.5393171676631839
AT2G39800	2187	0.0	0.15986899945786673	-0.0917403296443504	-0.3060999009916527	-0.3884187475455568	0.3210796308901819	1.4651489043241765	1.7487402618276087	0.6425290003625739
AT2G39850	2187	0.0	0.15986899945786673	-0.0917403296443504	-0.3060999009916527	-0.3884187475455568	0.3210796308901819	1.4651489043241765	1.7487402618276087	0.6425290003625739
AT2G39980	19683	0.0	0.2594770867750919	0.3901934366723598	0.8886056503240549	0.1532022371402299	-0.1852070127748602	-2.473456450043764	-3.03357885882898	-0.966023943395892
AT2G40000	13122	0.0	1.5784420931980416	2.0726839082642634	1.3001406359316803	0.8669018438592818	0.8100255257849085	-0.6042286920993255	-1.1314328463856558	-0.3467476747327473
AT2G40140	13149	0.0	1.5784420931980416	2.0726839082642634	1.3001406359316803	0.8669018438592818	0.8100255257849085	0.17995254969979016	-0.1261377483799859	-0.074169780101052
AT2G40340	729	0.0	0.15986899945786673	0.5301591166623336	1.2583542586209566	1.5382050858165244	1.8432022325199333	0.9893904484898937	0.2760319525297844	0.2733858240032958
AT2G40435	2187	0.0	0.15986899945786673	-0.0917403296443504	-0.3060999009916527	-0.3884187475455568	0.3210796308901819	1.4651489043241765	1.7487402618276087	0.6425290003625739
AT2G40460	19791	0.0	0.2594770867750919	0.3901934366723598	0.8886056503240549	0.1532022371402299	1.2347596159245362	1.614604592026327	1.54589811641286	0.6635913857709217
AT2G40610	2187	0.0	0.15986899945786673	-0.0917403296443504	-0.3060999009916527	-0.3884187475455568	0.3210796308901819	1.4651489043241765	1.7487402618276087	0.6425290003625739
AT2G40900	26244	0.0	-0.4191483607925548	-0.6928177349239655	-1.1809003917792205	-0.26573393533128653	-1.0586476439106751	-0.446185710763709	-0.14513062018385073	-0.018387636353214665
AT2G41010	13122	0.0	1.5784420931980416	2.0726839082642634	1.3001406359316803	0.8669018438592818	0.8100255257849085	-0.6042286920993255	-1.1314328463856558	-0.3467476747327473
AT2G41100	13122	0.0	1.5784420931980416	2.0726839082642634	1.3001406359316803	0.8669018438592818	0.8100255257849085	-0.6042286920993255	-1.1314328463856558	-0.3467476747327473
AT2G41180	26244	0.0	-0.4191483607925548	-0.6928177349239655	-1.1809003917792205	-0.26573393533128653	-1.0586476439106751	-0.446185710763709	-0.14513062018385073	-0.018387636353214665
AT2G41240	2187	0.0	0.15986899945786673	-0.0917403296443504	-0.3060999009916527	-0.3884187475455568	0.3210796308901819	1.4651489043241765	1.7487402618276087	0.6425290003625739
AT2G41410	13176	0.0	1.5784420931980416	2.0726839082642634	1.3001406359316803	0.8669018438592818	0.8100255257849085	1.083413755735228	0.7673280700712783	0.5393171676631839
AT2G41630	729	0.0	0.15986899945786673	0.5301591166623336	1.2583542586209566	1.5382050858165244	1.8432022325199333	0.9893904484898937	0.2760319525297844	0.2733858240032958
AT2G41640	13122	0.0	1.5784420931980416	2.0726839082642634	1.3001406359316803	0.8669018438592818	0.8100255257849085	-0.6042286920993255	-1.1314328463856558	-0.3467476747327473
AT2G42040	19710	0.0	0.2594770867750919	0.3901934366723598	0.8886056503240549	0.1532022371402299	-0.1852070127748602	-1.4443403750480157	-1.7574870555176738	-0.6049078459056544
AT2G42110	6561	0.0	0.09754178223316834	0.030274946644256312	-0.6000947183834374	-1.3208791928271721	-3.1947106676626715	-3.2362476155002584	-2.245829499919579	-0.8586564635545347
AT2G42170	6804	0.0	0.09754178223316834	0.030274946644256312	-0.6000947183834374	-0.6472251345249863	-1.7020916576118803	-1.7293145421430414	-1.0284087340327954	-0.4040570079780308
AT2G42530	19791	0.0	0.2594770867750919	0.3901934366723598	0.8886056503240549	0.1532022371402299	1.2347596159245362	1.614604592026327	1.54589811641286	0.6635913857709217
AT2G42540	19791	0.0	0.2594770867750919	0.3901934366723598	0.8886056503240549	0.1532022371402299	1.2347596159245362	1.614604592026327	1.54589811641286	0.6635913857709217
AT2G42620	19710	0.0	0.2594770867750919	0.3901934366723598	0.8886056503240549	0.1532022371402299	-0.1852070127748602	-1.4443403750480157	-1.7574870555176738	-0.6049078459056544
AT2G42840	6804	0.0	0.09754178223316834	0.030274946644256312	-0.6000947183834374	-0.6472251345249863	-1.7020916576118803	-1.7293145421430414	-1.0284087340327954	-0.4040570079780308
AT2G43100	26244	0.0	-0.4191483607925548	-0.6928177349239655	-1.1809003917792205	-0.26573393533128653	-1.0586476439106751	-0.446185710763709	-0.14513062018385073	-0.018387636353214665
AT2G43120	19791	0.0	0.2594770867750919	0.3901934366723598	0.8886056503240549	0.1532022371402299	1.2347596159245362	1.614604592026327	1.54589811641286	0.6635913857709217
AT2G43140	26244	0.0	-0.4191483607925548	-0.6928177349239655	-1.1809003917792205	-0.26573393533128653	-1.0586476439106751	-0.446185710763709	-0.14513062018385073	-0.018387636353214665
AT2G43400	19710	0.0	0.2594770867750919	0.3901934366723598	0.8886056503240549	0.1532022371402299	-0.1852070127748602	-1.4443403750480157	-1.7574870555176738	-0.6049078459056544
AT2G43620	756	0.0	0.15986899945786673	0.5301591166623336	1.2583542586209566	1.5382050858165244	1.8432022325199333	1.8018190851493503	0.9955813478512939	0.6888211212003934
AT2G44130	19710	0.0	0.2594770867750919	0.3901934366723598	0.8886056503240549	0.1532022371402299	-0.1852070127748602	-1.4443403750480157	-1.7574870555176738	-0.6049078459056544
AT2G44190	6804	0.0	0.09754178223316834	0.030274946644256312	-0.6000947183834374	-0.6472251345249863	-1.7020916576118803	-1.7293145421430414	-1.0284087340327954	-0.4040570079780308
AT2G44670	26244	0.0	-0.4191483607925548	-0.6928177349239655	-1.1809003917792205	-0.26573393533128653	-1.0586476439106751	-0.446185710763709	-0.14513062018385073	-0.018387636353214665
AT2G44840	13149	0.0	1.5784420931980416	2.0726839082642634	1.3001406359316803	0.8669018438592818	0.8100255257849085	0.17995254969979016	-0.1261377483799859	-0.074169780101052
AT2G44910	19764	0.0	0.2594770867750919	0.3901934366723598	0.8886056503240549	0.1532022371402299	1.2347596159245362	-0.10099651404966813	-0.6097594475114289	-0.3504713826261554
AT2G44940	26244	0.0	-0.4191483607925548	-0.6928177349239655	-1.1809003917792205	-0.26573393533128653	-1.0586476439106751	-0.446185710763709	-0.14513062018385073	-0.018387636353214665
AT2G45170	19764	0.0	0.2594770867750919	0.3901934366723598	0.8886056503240549	0.1532022371402299	1.2347596159245362	-0.10099651404966813	-0.6097594475114289	-0.3504713826261554
AT2G45460	0	0.0	0.15986899945786673	0.5301591166623336	3.10784639009641	3.619842498464092	3.718734790841116	3.060101646820548	1.8000119906870518	1.3722504851878736
AT2G45685	26244	0.0	-0.4191483607925548	-0.6928177349239655	-1.1809003917792205	-0.26573393533128653	-1.0586476439106751	-0.446185710763709	-0.14513062018385073	-0.018387636353214665
AT2G46180	729	0.0	0.15986899945786673	0.5301591166623336	1.2583542586209566	1.5382050858165244	1.8432022325199333	0.9893904484898937	0.2760319525297844	0.2733858240032958
AT2G46400	13176	0.0	1.5784420931980416	2.0726839082642634	1.3001406359316803	0.8669018438592818	0.8100255257849085	1.083413755735228	0.7673280700712783	0.5393171676631839
AT2G46450	26244	0.0	-0.4191483607925548	-0.6928177349239655	-1.1809003917792205	-0.26573393533128653	-1.0586476439106751	-0.446185710763709	-0.14513062018385073	-0.018387636353214665
AT2G46535	2187	0.0	0.15986899945786673	-0.0917403296443504	-0.3060999009916527	-0.3884187475455568	0.3210796308901819	1.4651489043241765	1.7487402618276087	0.6425290003625739
AT2G46600	13176	0.0	1.5784420931980416	2.0726839082642634	1.3001406359316803	0.8669018438592818	0.8100255257849085	1.083413755735228	0.7673280700712783	0.5393171676631839
AT2G46610	0	0.0	0.15986899945786673	0.5301591166623336	3.10784639009641	3.619842498464092	3.718734790841116	3.060101646820548	1.8000119906870518	1.3722504851878736
AT2G46650	2187	0.0	0.15986899945786673	-0.0917403296443504	-0.3060999009916527	-0.3884187475455568	0.3210796308901819	1.4651489043241765	1.7487402618276087	0.6425290003625739
AT2G46660	26244	0.0	-0.4191483607925548	-0.6928177349239655	-1.1809003917792205	-0.26573393533128653	-1.0586476439106751	-0.446185710763709	-0.14513062018385073	-0.018387636353214665
AT2G46790	26244	0.0	-0.4191483607925548	-0.6928177349239655	-1.1809003917792205	-0.26573393533128653	-1.0586476439106751	-0.446185710763709	-0.14513062018385073	-0.018387636353214665
AT2G46970	19764	0.0	0.2594770867750919	0.3901934366723598	0.8886056503240549	0.1532022371402299	1.2347596159245362	-0.10099651404966813	-0.6097594475114289	-0.3504713826261554
AT2G46980	756	0.0	0.15986899945786673	0.5301591166623336	1.2583542586209566	1.5382050858165244	1.8432022325199333	1.8018190851493503	0.9955813478512939	0.6888211212003934
AT2G47200	2187	0.0	0.15986899945786673	-0.0917403296443504	-0.3060999009916527	-0.3884187475455568	0.3210796308901819	1.4651489043241765	1.7487402618276087	0.6425290003625739
AT2G47670	729	0.0	0.15986899945786673	0.5301591166623336	1.2583542586209566	1.5382050858165244	1.8432022325199333	0.9893904484898937	0.2760319525297844	0.2733858240032958
AT2G47680	0	0.0	0.15986899945786673	0.5301591166623336	3.10784639009641	3.619842498464092	3.718734790841116	3.060101646820548	1.8000119906870518	1.3722504851878736
AT2G47780	19791	0.0	0.2594770867750919	0.3901934366723598	0.8886056503240549	0.1532022371402299	1.2347596159245362	1.614604592026327	1.54589811641286	0.6635913857709217
AT2G47880	19791	0.0	0.2594770867750919	0.3901934366723598	0.8886056503240549	0.1532022371402299	1.2347596159245362	1.614604592026327	1.54589811641286	0.6635913857709217
AT3G01175	19710	0.0	0.2594770867750919	0.3901934366723598	0.8886056503240549	0.1532022371402299	-0.1852070127748602	-1.4443403750480157	-1.7574870555176738	-0.6049078459056544
AT3G01290	19710	0.0	0.2594770867750919	0.3901934366723598	0.8886056503240549	0.1532022371402299	-0.1852070127748602	-1.4443403750480157	-1.7574870555176738	-0.6049078459056544
AT3G01513	729	0.0	0.15986899945786673	0.5301591166623336	1.2583542586209566	1.5382050858165244	1.8432022325199333	0.9893904484898937	0.2760319525297844	0.2733858240032958
AT3G01600	81	0.0	0.15986899945786673	0.5301591166623336	3.10784639009641	3.619842498464092	5.804257859254649	5.293571319317618	3.839646797023559	3.120942743468567
AT3G01710	6561	0.0	0.09754178223316834	0.030274946644256312	-0.6000947183834374	-1.3208791928271721	-3.1947106676626715	-3.2362476155002584	-2.245829499919579	-0.8586564635545347
AT3G02020	26244	0.0	-0.4191483607925548	-0.6928177349239655	-1.1809003917792205	-0.26573393533128653	-1.0586476439106751	-0.446185710763709	-0.14513062018385073	-0.018387636353214665
AT3G02120	6561	0.0	0.09754178223316834	0.030274946644256312	-0.6000947183834374	-1.3208791928271721	-3.1947106676626715	-3.2362476155002584	-2.245829499919579	-0.8586564635545347
AT3G02400	0	0.0	0.15986899945786673	0.5301591166623336	3.10784639009641	3.619842498464092	3.718734790841116	3.060101646820548	1.8000119906870518	1.3722504851878736
AT3G02535	756	0.0	0.15986899945786673	0.5301591166623336	1.2583542586209566	1.5382050858165244	1.8432022325199333	1.8018190851493503	0.9955813478512939	0.6888211212003934
AT3G02640	6561	0.0	0.09754178223316834	0.030274946644256312	-0.6000947183834374	-1.3208791928271721	-3.1947106676626715	-3.2362476155002584	-2.245829499919579	-0.8586564635545347
AT3G02850	26244	0.0	-0.4191483607925548	-0.6928177349239655	-1.1809003917792205	-0.26573393533128653	-1.0586476439106751	-0.446185710763709	-0.14513062018385073	-0.018387636353214665
AT3G03130	6561	0.0	0.09754178223316834	0.030274946644256312	-0.6000947183834374	-1.3208791928271721	-3.1947106676626715	-3.2362476155002584	-2.245829499919579	-0.8586564635545347
AT3G03190	26244	0.0	-0.4191483607925548	-0.6928177349239655	-1.1809003917792205	-0.26573393533128653	-1.0586476439106751	-0.446185710763709	-0.14513062018385073	-0.018387636353214665
AT3G03470	729	0.0	0.15986899945786673	0.5301591166623336	1.2583542586209566	1.5382050858165244	1.8432022325199333	0.9893904484898937	0.2760319525297844	0.2733858240032958
AT3G03530	2187	0.0	0.15986899945786673	-0.0917403296443504	-0.3060999009916527	-0.3884187475455568	0.3210796308901819	1.4651489043241765	1.7487402618276087	0.6425290003625739
AT3G03780	2187	0.0	0.15986899945786673	-0.0917403296443504	-0.3060999009916527	-0.3884187475455568	0.3210796308901819	1.4651489043241765	1.7487402618276087	0.6425290003625739
AT3G03870	19764	0.0	0.2594770867750919	0.3901934366723598	0.8886056503240549	0.1532022371402299	1.2347596159245362	-0.10099651404966813	-0.6097594475114289	-0.3504713826261554
AT3G04060	729	0.0	0.15986899945786673	0.5301591166623336	1.2583542586209566	1.5382050858165244	1.8432022325199333	0.9893904484898937	0.2760319525297844	0.2733858240032958
AT3G04140	26244	0.0	-0.4191483607925548	-0.6928177349239655	-1.1809003917792205	-0.26573393533128653	-1.0586476439106751	-0.446185710763709	-0.14513062018385073	-0.018387636353214665
AT3G04210	13149	0.0	1.5784420931980416	2.0726839082642634	1.3001406359316803	0.8669018438592818	0.8100255257849085	0.17995254969979016	-0.1261377483799859	-0.074169780101052
AT3G04220	729	0.0	0.15986899945786673	0.5301591166623336	1.2583542586209566	1.5382050858165244	1.8432022325199333	0.9893904484898937	0.2760319525297844	0.2733858240032958
AT3G04615	26244	0.0	-0.4191483607925548	-0.6928177349239655	-1.1809003917792205	-0.26573393533128653	-1.0586476439106751	-0.446185710763709	-0.14513062018385073	-0.018387636353214665
AT3G04640	13149	0.0	1.5784420931980416	2.0726839082642634	1.3001406359316803	0.8669018438592818	0.8100255257849085	0.17995254969979016	-0.1261377483799859	-0.074169780101052
AT3G05330	6561	0.0	0.09754178223316834	0.030274946644256312	-0.6000947183834374	-1.3208791928271721	-3.1947106676626715	-3.2362476155002584	-2.245829499919579	-0.8586564635545347
AT3G05640	19764	0.0	0.2594770867750919	0.3901934366723598	0.8886056503240549	0.1532022371402299	1.2347596159245362	-0.10099651404966813	-0.6097594475114289	-0.3504713826261554
AT3G05727	19791	0.0	0.2594770867750919	0.3901934366723598	0.8886056503240549	0.1532022371402299	1.2347596159245362	1.614604592026327	1.54589811641286	0.6635913857709217
AT3G06030	6804	0.0	0.09754178223316834	0.030274946644256312	-0.6000947183834374	-0.6472251345249863	-1.7020916576118803	-1.7293145421430414	-1.0284087340327954	-0.4040570079780308
AT3G06850	19710	0.0	0.2594770867750919	0.3901934366723598	0.8886056503240549	0.1532022371402299	-0.1852070127748602	-1.4443403750480157	-1.7574870555176738	-0.6049078459056544
AT3G07350	19710	0.0	0.2594770867750919	0.3901934366723598	0.8886056503240549	0.1532022371402299	-0.1852070127748602	-1.4443403750480157	-1.7574870555176738	-0.6049078459056544
AT3G07800	81	0.0	0.15986899945786673	0.5301591166623336	3.10784639009641	3.619842498464092	5.804257859254649	5.293571319317618	3.839646797023559	3.120942743468567
AT3G08170	13176	0.0	1.5784420931980416	2.0726839082642634	1.3001406359316803	0.8669018438592818	0.8100255257849085	1.083413755735228	0.7673280700712783	0.5393171676631839
AT3G09020	729	0.0	0.15986899945786673	0.5301591166623336	1.2583542586209566	1.5382050858165244	1.8432022325199333	0.9893904484898937	0.2760319525297844	0.2733858240032958
AT3G09275	26244	0.0	-0.4191483607925548	-0.6928177349239655	-1.1809003917792205	-0.26573393533128653	-1.0586476439106751	-0.446185710763709	-0.14513062018385073	-0.018387636353214665
AT3G09390	19791	0.0	0.2594770867750919	0.3901934366723598	0.8886056503240549	0.1532022371402299	1.2347596159245362	1.614604592026327	1.54589811641286	0.6635913857709217
AT3G09405	729	0.0	0.15986899945786673	0.5301591166623336	1.2583542586209566	1.5382050858165244	1.8432022325199333	0.9893904484898937	0.2760319525297844	0.2733858240032958
AT3G09440	2187	0.0	0.15986899945786673	-0.0917403296443504	-0.3060999009916527	-0.3884187475455568	0.3210796308901819	1.4651489043241765	1.7487402618276087	0.6425290003625739
AT3G09450	26244	0.0	-0.4191483607925548	-0.6928177349239655	-1.1809003917792205	-0.26573393533128653	-1.0586476439106751	-0.446185710763709	-0.14513062018385073	-0.018387636353214665
AT3G09520	13149	0.0	1.5784420931980416	2.0726839082642634	1.3001406359316803	0.8669018438592818	0.8100255257849085	0.17995254969979016	-0.1261377483799859	-0.074169780101052
AT3G09830	729	0.0	0.15986899945786673	0.5301591166623336	1.2583542586209566	1.5382050858165244	1.8432022325199333	0.9893904484898937	0.2760319525297844	0.2733858240032958
AT3G10020	19710	0.0	0.2594770867750919	0.3901934366723598	0.8886056503240549	0.1532022371402299	-0.1852070127748602	-1.4443403750480157	-1.7574870555176738	-0.6049078459056544
AT3G10190	2187	0.0	0.15986899945786673	-0.0917403296443504	-0.3060999009916527	-0.3884187475455568	0.3210796308901819	1.4651489043241765	1.7487402618276087	0.6425290003625739
AT3G10310	6561	0.0	0.09754178223316834	0.030274946644256312	-0.6000947183834374	-1.3208791928271721	-3.1947106676626715	-3.2362476155002584	-2.245829499919579	-0.8586564635545347
AT3G10500	756	0.0	0.15986899945786673	0.5301591166623336	1.2583542586209566	1.5382050858165244	1.8432022325199333	1.8018190851493503	0.9955813478512939	0.6888211212003934
AT3G10930	13176	0.0	1.5784420931980416	2.0726839082642634	1.3001406359316803	0.8669018438592818	0.8100255257849085	1.083413755735228	0.7673280700712783	0.5393171676631839
AT3G10985	19764	0.0	0.2594770867750919	0.3901934366723598	0.8886056503240549	0.1532022371402299	1.2347596159245362	-0.10099651404966813	-0.6097594475114289	-0.3504713826261554
AT3G11520	6561	0.0	0.09754178223316834	0.030274946644256312	-0.6000947183834374	-1.3208791928271721	-3.1947106676626715	-3.2362476155002584	-2.245829499919579	-0.8586564635545347
AT3G11820	13149	0.0	1.5784420931980416	2.0726839082642634	1.3001406359316803	0.8669018438592818	0.8100255257849085	0.17995254969979016	-0.1261377483799859	-0.074169780101052
AT3G12145	6804	0.0	0.09754178223316834	0.030274946644256312	-0.6000947183834374	-0.6472251345249863	-1.7020916576118803	-1.7293145421430414	-1.0284087340327954	-0.4040570079780308
AT3G12320	26244	0.0	-0.4191483607925548	-0.6928177349239655	-1.1809003917792205	-0.26573393533128653	-1.0586476439106751	-0.446185710763709	-0.14513062018385073	-0.018387636353214665
AT3G12410	0	0.0	0.15986899945786673	0.5301591166623336	3.10784639009641	3.619842498464092	3.718734790841116	3.060101646820548	1.8000119906870518	1.3722504851878736
AT3G12510	756	0.0	0.15986899945786673	0.5301591166623336	1.2583542586209566	1.5382050858165244	1.8432022325199333	1.8018190851493503	0.9955813478512939	0.6888211212003934
AT3G12520	2187	0.0	0.15986899945786673	-0.0917403296443504	-0.3060999009916527	-0.3884187475455568	0.3210796308901819	1.4651489043241765	1.7487402618276087	0.6425290003625739
AT3G12580	19791	0.0	0.2594770867750919	0.3901934366723598	0.8886056503240549	0.1532022371402299	1.2347596159245362	1.614604592026327	1.54589811641286	0.6635913857709217
AT3G12870	6561	0.0	0.09754178223316834	0.030274946644256312	-0.6000947183834374	-1.3208791928271721	-3.1947106676626715	-3.2362476155002584	-2.245829499919579	-0.8586564635545347
AT3G13080	0	0.0	0.15986899945786673	0.5301591166623336	3.10784639009641	3.619842498464092	3.718734790841116	3.060101646820548	1.8000119906870518	1.3722504851878736
AT3G13235	729	0.0	0.15986899945786673	0.5301591166623336	1.2583542586209566	1.5382050858165244	1.8432022325199333	0.9893904484898937	0.2760319525297844	0.2733858240032958
AT3G13380	756	0.0	0.15986899945786673	0.5301591166623336	1.2583542586209566	1.5382050858165244	1.8432022325199333	1.8018190851493503	0.9955813478512939	0.6888211212003934
AT3G13450	19710	0.0	0.2594770867750919	0.3901934366723598	0.8886056503240549	0.1532022371402299	-0.1852070127748602	-1.4443403750480157	-1.7574870555176738	-0.6049078459056544
AT3G13610	2187	0.0	0.15986899945786673	-0.0917403296443504	-0.3060999009916527	-0.3884187475455568	0.3210796308901819	1.4651489043241765	1.7487402618276087	0.6425290003625739
AT3G13650	2187	0.0	0.15986899945786673	-0.0917403296443504	-0.3060999009916527	-0.3884187475455568	0.3210796308901819	1.4651489043241765	1.7487402618276087	0.6425290003625739
AT3G13960	19710	0.0	0.2594770867750919	0.3901934366723598	0.8886056503240549	0.1532022371402299	-0.1852070127748602	-1.4443403750480157	-1.7574870555176738	-0.6049078459056544
AT3G14190	6561	0.0	0.09754178223316834	0.030274946644256312	-0.6000947183834374	-1.3208791928271721	-3.1947106676626715	-3.2362476155002584	-2.245829499919579	-0.8586564635545347
AT3G14210	2187	0.0	0.15986899945786673	-0.0917403296443504	-0.3060999009916527	-0.3884187475455568	0.3210796308901819	1.4651489043241765	1.7487402618276087	0.6425290003625739
AT3G14560	756	0.0	0.15986899945786673	0.5301591166623336	1.2583542586209566	1.5382050858165244	1.8432022325199333	1.8018190851493503	0.9955813478512939	0.6888211212003934
AT3G15180	756	0.0	0.15986899945786673	0.5301591166623336	1.2583542586209566	1.5382050858165244	1.8432022325199333	1.8018190851493503	0.9955813478512939	0.6888211212003934
AT3G15210	13149	0.0	1.5784420931980416	2.0726839082642634	1.3001406359316803	0.8669018438592818	0.8100255257849085	0.17995254969979016	-0.1261377483799859	-0.074169780101052
AT3G15240	756	0.0	0.15986899945786673	0.5301591166623336	1.2583542586209566	1.5382050858165244	1.8432022325199333	1.8018190851493503	0.9955813478512939	0.6888211212003934
AT3G15356	13122	0.0	1.5784420931980416	2.0726839082642634	1.3001406359316803	0.8669018438592818	0.8100255257849085	-0.6042286920993255	-1.1314328463856558	-0.3467476747327473
AT3G15450	19683	0.0	0.2594770867750919	0.3901934366723598	0.8886056503240549	0.1532022371402299	-0.1852070127748602	-2.473456450043764	-3.03357885882898	-0.966023943395892
AT3G15500	19683	0.0	0.2594770867750919	0.3901934366723598	0.8886056503240549	0.1532022371402299	-0.1852070127748602	-2.473456450043764	-3.03357885882898	-0.966023943395892
AT3G15510	19710	0.0	0.2594770867750919	0.3901934366723598	0.8886056503240549	0.1532022371402299	-0.1852070127748602	-1.4443403750480157	-1.7574870555176738	-0.6049078459056544
AT3G15530	13149	0.0	1.5784420931980416	2.0726839082642634	1.3001406359316803	0.8669018438592818	0.8100255257849085	0.17995254969979016	-0.1261377483799859	-0.074169780101052
AT3G15550	6561	0.0	0.09754178223316834	0.030274946644256312	-0.6000947183834374	-1.3208791928271721	-3.1947106676626715	-3.2362476155002584	-2.245829499919579	-0.8586564635545347
AT3G15620	19710	0.0	0.2594770867750919	0.3901934366723598	0.8886056503240549	0.1532022371402299	-0.1852070127748602	-1.4443403750480157	-1.7574870555176738	-0.6049078459056544
AT3G15630	19710	0.0	0.2594770867750919	0.3901934366723598	0.8886056503240549	0.1532022371402299	-0.1852070127748602	-1.4443403750480157	-1.7574870555176738	-0.6049078459056544
AT3G15650	2187	0.0	0.15986899945786673	-0.0917403296443504	-0.3060999009916527	-0.3884187475455568	0.3210796308901819	1.4651489043241765	1.7487402618276087	0.6425290003625739
AT3G15720	2187	0.0	0.15986899945786673	-0.0917403296443504	-0.3060999009916527	-0.3884187475455568	0.3210796308901819	1.4651489043241765	1.7487402618276087	0.6425290003625739
AT3G16240	19710	0.0	0.2594770867750919	0.3901934366723598	0.8886056503240549	0.1532022371402299	-0.1852070127748602	-1.4443403750480157	-1.7574870555176738	-0.6049078459056544
AT3G16360	2187	0.0	0.15986899945786673	-0.0917403296443504	-0.3060999009916527	-0.3884187475455568	0.3210796308901819	1.4651489043241765	1.7487402618276087	0.6425290003625739
AT3G16530	19764	0.0	0.2594770867750919	0.3901934366723598	0.8886056503240549	0.1532022371402299	1.2347596159245362	-0.10099651404966813	-0.6097594475114289	-0.3504713826261554
AT3G16650	756	0.0	0.15986899945786673	0.5301591166623336	1.2583542586209566	1.5382050858165244	1.8432022325199333	1.8018190851493503	0.9955813478512939	0.6888211212003934
AT3G16720	13149	0.0	1.5784420931980416	2.0726839082642634	1.3001406359316803	0.8669018438592818	0.8100255257849085	0.17995254969979016	-0.1261377483799859	-0.074169780101052
AT3G17250	729	0.0	0.15986899945786673	0.5301591166623336	1.2583542586209566	1.5382050858165244	1.8432022325199333	0.9893904484898937	0.2760319525297844	0.2733858240032958
AT3G17360	6804	0.0	0.09754178223316834	0.030274946644256312	-0.6000947183834374	-0.6472251345249863	-1.7020916576118803	-1.7293145421430414	-1.0284087340327954	-0.4040570079780308
AT3G17690	0	0.0	0.15986899945786673	0.5301591166623336	3.10784639009641	3.619842498464092	3.718734790841116	3.060101646820548	1.8000119906870518	1.3722504851878736
AT3G17790	2187	0.0	0.15986899945786673	-0.0917403296443504	-0.3060999009916527	-0.3884187475455568	0.3210796308901819	1.4651489043241765	1.7487402618276087	0.6425290003625739
AT3G17890	729	0.0	0.15986899945786673	0.5301591166623336	1.2583542586209566	1.5382050858165244	1.8432022325199333	0.9893904484898937	0.2760319525297844	0.2733858240032958
AT3G18000	2187	0.0	0.15986899945786673	-0.0917403296443504	-0.3060999009916527	-0.3884187475455568	0.3210796308901819	1.4651489043241765	1.7487402618276087	0.6425290003625739
AT3G18630	2187	0.0	0.15986899945786673	-0.0917403296443504	-0.3060999009916527	-0.3884187475455568	0.3210796308901819	1.4651489043241765	1.7487402618276087	0.6425290003625739
AT3G18773	6804	0.0	0.09754178223316834	0.030274946644256312	-0.6000947183834374	-0.6472251345249863	-1.7020916576118803	-1.7293145421430414	-1.0284087340327954	-0.4040570079780308
AT3G19050	6561	0.0	0.09754178223316834	0.030274946644256312	-0.6000947183834374	-1.3208791928271721	-3.1947106676626715	-3.2362476155002584	-2.245829499919579	-0.8586564635545347
AT3G19150	0	0.0	0.15986899945786673	0.5301591166623336	3.10784639009641	3.619842498464092	3.718734790841116	3.060101646820548	1.8000119906870518	1.3722504851878736
AT3G19210	756	0.0	0.15986899945786673	0.5301591166623336	1.2583542586209566	1.5382050858165244	1.8432022325199333	1.8018190851493503	0.9955813478512939	0.6888211212003934
AT3G19430	26244	0.0	-0.4191483607925548	-0.6928177349239655	-1.1809003917792205	-0.26573393533128653	-1.0586476439106751	-0.446185710763709	-0.14513062018385073	-0.018387636353214665
AT3G19580	13149	0.0	1.5784420931980416	2.0726839082642634	1.3001406359316803	0.8669018438592818	0.8100255257849085	0.17995254969979016	-0.1261377483799859	-0.074169780101052
AT3G19710	26244	0.0	-0.4191483607925548	-0.6928177349239655	-1.1809003917792205	-0.26573393533128653	-1.0586476439106751	-0.446185710763709	-0.14513062018385073	-0.018387636353214665
AT3G20150	6561	0.0	0.09754178223316834	0.030274946644256312	-0.6000947183834374	-1.3208791928271721	-3.1947106676626715	-3.2362476155002584	-2.245829499919579	-0.8586564635545347
AT3G20340	19683	0.0	0.2594770867750919	0.3901934366723598	0.8886056503240549	0.1532022371402299	-0.1852070127748602	-2.473456450043764	-3.03357885882898	-0.966023943395892
AT3G20395	19683	0.0	0.2594770867750919	0.3901934366723598	0.8886056503240549	0.1532022371402299	-0.1852070127748602	-2.473456450043764	-3.03357885882898	-0.966023943395892
AT3G20490	756	0.0	0.15986899945786673	0.5301591166623336	1.2583542586209566	1.5382050858165244	1.8432022325199333	1.8018190851493503	0.9955813478512939	0.6888211212003934
AT3G20600	13149	0.0	1.5784420931980416	2.0726839082642634	1.3001406359316803	0.8669018438592818	0.8100255257849085	0.17995254969979016	-0.1261377483799859	-0.074169780101052
AT3G21150	26244	0.0	-0.4191483607925548	-0.6928177349239655	-1.1809003917792205	-0.26573393533128653	-1.0586476439106751	-0.446185710763709	-0.14513062018385073	-0.018387636353214665
AT3G21310	756	0.0	0.15986899945786673	0.5301591166623336	1.2583542586209566	1.5382050858165244	1.8432022325199333	1.8018190851493503	0.9955813478512939	0.6888211212003934
AT3G21330	19764	0.0	0.2594770867750919	0.3901934366723598	0.8886056503240549	0.1532022371402299	1.2347596159245362	-0.10099651404966813	-0.6097594475114289	-0.3504713826261554
AT3G21560	26244	0.0	-0.4191483607925548	-0.6928177349239655	-1.1809003917792205	-0.26573393533128653	-1.0586476439106751	-0.446185710763709	-0.14513062018385073	-0.018387636353214665
AT3G21720	19710	0.0	0.2594770867750919	0.3901934366723598	0.8886056503240549	0.1532022371402299	-0.1852070127748602	-1.4443403750480157	-1.7574870555176738	-0.6049078459056544
AT3G21890	26244	0.0	-0.4191483607925548	-0.6928177349239655	-1.1809003917792205	-0.26573393533128653	-1.0586476439106751	-0.446185710763709	-0.14513062018385073	-0.018387636353214665
AT3G22120	19764	0.0	0.2594770867750919	0.3901934366723598	0.8886056503240549	0.1532022371402299	1.2347596159245362	-0.10099651404966813	-0.6097594475114289	-0.3504713826261554
AT3G22235	26244	0.0	-0.4191483607925548	-0.6928177349239655	-1.1809003917792205	-0.26573393533128653	-1.0586476439106751	-0.446185710763709	-0.14513062018385073	-0.018387636353214665
AT3G22550	2187	0.0	0.15986899945786673	-0.0917403296443504	-0.3060999009916527	-0.3884187475455568	0.3210796308901819	1.4651489043241765	1.7487402618276087	0.6425290003625739
AT3G22630	729	0.0	0.15986899945786673	0.5301591166623336	1.2583542586209566	1.5382050858165244	1.8432022325199333	0.9893904484898937	0.2760319525297844	0.2733858240032958
AT3G22740	6804	0.0	0.09754178223316834	0.030274946644256312	-0.6000947183834374	-0.6472251345249863	-1.7020916576118803	-1.7293145421430414	-1.0284087340327954	-0.4040570079780308
AT3G22840	26244	0.0	-0.4191483607925548	-0.6928177349239655	-1.1809003917792205	-0.26573393533128653	-1.0586476439106751	-0.446185710763709	-0.14513062018385073	-0.018387636353214665
AT3G22910	756	0.0	0.15986899945786673	0.5301591166623336	1.2583542586209566	1.5382050858165244	1.8432022325199333	1.8018190851493503	0.9955813478512939	0.6888211212003934
AT3G22930	756	0.0	0.15986899945786673	0.5301591166623336	1.2583542586209566	1.5382050858165244	1.8432022325199333	1.8018190851493503	0.9955813478512939	0.6888211212003934
AT3G23150	26244	0.0	-0.4191483607925548	-0.6928177349239655	-1.1809003917792205	-0.26573393533128653	-1.0586476439106751	-0.446185710763709	-0.14513062018385073	-0.018387636353214665
AT3G23550	19683	0.0	0.2594770867750919	0.3901934366723598	0.8886056503240549	0.1532022371402299	-0.1852070127748602	-2.473456450043764	-3.03357885882898	-0.966023943395892
AT3G23670	6561	0.0	0.09754178223316834	0.030274946644256312	-0.6000947183834374	-1.3208791928271721	-3.1947106676626715	-3.2362476155002584	-2.245829499919579	-0.8586564635545347
AT3G23810	2187	0.0	0.15986899945786673	-0.0917403296443504	-0.3060999009916527	-0.3884187475455568	0.3210796308901819	1.4651489043241765	1.7487402618276087	0.6425290003625739
AT3G23890	6561	0.0	0.09754178223316834	0.030274946644256312	-0.6000947183834374	-1.3208791928271721	-3.1947106676626715	-3.2362476155002584	-2.245829499919579	-0.8586564635545347
AT3G24420	19764	0.0	0.2594770867750919	0.3901934366723598	0.8886056503240549	0.1532022371402299	1.2347596159245362	-0.10099651404966813	-0.6097594475114289	-0.3504713826261554
AT3G24450	729	0.0	0.15986899945786673	0.5301591166623336	1.2583542586209566	1.5382050858165244	1.8432022325199333	0.9893904484898937	0.2760319525297844	0.2733858240032958
AT3G24500	729	0.0	0.15986899945786673	0.5301591166623336	1.2583542586209566	1.5382050858165244	1.8432022325199333	0.9893904484898937	0.2760319525297844	0.2733858240032958
AT3G24770	756	0.0	0.15986899945786673	0.5301591166623336	1.2583542586209566	1.5382050858165244	1.8432022325199333	1.8018190851493503	0.9955813478512939	0.6888211212003934
AT3G25190	26244	0.0	-0.4191483607925548	-0.6928177349239655	-1.1809003917792205	-0.26573393533128653	-1.0586476439106751	-0.446185710763709	-0.14513062018385073	-0.018387636353214665
AT3G25250	0	0.0	0.15986899945786673	0.5301591166623336	3.10784639009641	3.619842498464092	3.718734790841116	3.060101646820548	1.8000119906870518	1.3722504851878736
AT3G25600	13149	0.0	1.5784420931980416	2.0726839082642634	1.3001406359316803	0.8669018438592818	0.8100255257849085	0.17995254969979016	-0.1261377483799859	-0.074169780101052
AT3G25980	6561	0.0	0.09754178223316834	0.030274946644256312	-0.6000947183834374	-1.3208791928271721	-3.1947106676626715	-3.2362476155002584	-2.245829499919579	-0.8586564635545347
AT3G26050	6804	0.0	0.09754178223316834	0.030274946644256312	-0.6000947183834374	-0.6472251345249863	-1.7020916576118803	-1.7293145421430414	-1.0284087340327954	-0.4040570079780308
AT3G26220	19764	0.0	0.2594770867750919	0.3901934366723598	0.8886056503240549	0.1532022371402299	1.2347596159245362	-0.10099651404966813	-0.6097594475114289	-0.3504713826261554
AT3G26830	756	0.0	0.15986899945786673	0.5301591166623336	1.2583542586209566	1.5382050858165244	1.8432022325199333	1.8018190851493503	0.9955813478512939	0.6888211212003934
AT3G27010	729	0.0	0.15986899945786673	0.5301591166623336	1.2583542586209566	1.5382050858165244	1.8432022325199333	0.9893904484898937	0.2760319525297844	0.2733858240032958
AT3G27050	6804	0.0	0.09754178223316834	0.030274946644256312	-0.6000947183834374	-0.6472251345249863	-1.7020916576118803	-1.7293145421430414	-1.0284087340327954	-0.4040570079780308
AT3G27060	81	0.0	0.15986899945786673	0.5301591166623336	3.10784639009641	3.619842498464092	5.804257859254649	5.293571319317618	3.839646797023559	3.120942743468567
AT3G27070	756	0.0	0.15986899945786673	0.5301591166623336	1.2583542586209566	1.5382050858165244	1.8432022325199333	1.8018190851493503	0.9955813478512939	0.6888211212003934
AT3G27360	6804	0.0	0.09754178223316834	0.030274946644256312	-0.6000947183834374	-0.6472251345249863	-1.7020916576118803	-1.7293145421430414	-1.0284087340327954	-0.4040570079780308
AT3G27400	2187	0.0	0.15986899945786673	-0.0917403296443504	-0.3060999009916527	-0.3884187475455568	0.3210796308901819	1.4651489043241765	1.7487402618276087	0.6425290003625739
AT3G27630	81	0.0	0.15986899945786673	0.5301591166623336	3.10784639009641	3.619842498464092	5.804257859254649	5.293571319317618	3.839646797023559	3.120942743468567
AT3G28070	2187	0.0	0.15986899945786673	-0.0917403296443504	-0.3060999009916527	-0.3884187475455568	0.3210796308901819	1.4651489043241765	1.7487402618276087	0.6425290003625739
AT3G28210	0	0.0	0.15986899945786673	0.5301591166623336	3.10784639009641	3.619842498464092	3.718734790841116	3.060101646820548	1.8000119906870518	1.3722504851878736
AT3G28220	26244	0.0	-0.4191483607925548	-0.6928177349239655	-1.1809003917792205	-0.26573393533128653	-1.0586476439106751	-0.446185710763709	-0.14513062018385073	-0.018387636353214665
AT3G28290	6804	0.0	0.09754178223316834	0.030274946644256312	-0.6000947183834374	-0.6472251345249863	-1.7020916576118803	-1.7293145421430414	-1.0284087340327954	-0.4040570079780308
AT3G28300	6804	0.0	0.09754178223316834	0.030274946644256312	-0.6000947183834374	-0.6472251345249863	-1.7020916576118803	-1.7293145421430414	-1.0284087340327954	-0.4040570079780308
AT3G28340	13149	0.0	1.5784420931980416	2.0726839082642634	1.3001406359316803	0.8669018438592818	0.8100255257849085	0.17995254969979016	-0.1261377483799859	-0.074169780101052
AT3G28580	0	0.0	0.15986899945786673	0.5301591166623336	3.10784639009641	3.619842498464092	3.718734790841116	3.060101646820548	1.8000119906870518	1.3722504851878736
AT3G29000	13149	0.0	1.5784420931980416	2.0726839082642634	1.3001406359316803	0.8669018438592818	0.8100255257849085	0.17995254969979016	-0.1261377483799859	-0.074169780101052
AT3G29030	2187	0.0	0.15986899945786673	-0.0917403296443504	-0.3060999009916527	-0.3884187475455568	0.3210796308901819	1.4651489043241765	1.7487402618276087	0.6425290003625739
AT3G29590	2187	0.0	0.15986899945786673	-0.0917403296443504	-0.3060999009916527	-0.3884187475455568	0.3210796308901819	1.4651489043241765	1.7487402618276087	0.6425290003625739
AT3G30775	19710	0.0	0.2594770867750919	0.3901934366723598	0.8886056503240549	0.1532022371402299	-0.1852070127748602	-1.4443403750480157	-1.7574870555176738	-0.6049078459056544
AT3G42860	0	0.0	0.15986899945786673	0.5301591166623336	3.10784639009641	3.619842498464092	3.718734790841116	3.060101646820548	1.8000119906870518	1.3722504851878736
AT3G44260	13149	0.0	1.5784420931980416	2.0726839082642634	1.3001406359316803	0.8669018438592818	0.8100255257849085	0.17995254969979016	-0.1261377483799859	-0.074169780101052
AT3G44450	26244	0.0	-0.4191483607925548	-0.6928177349239655	-1.1809003917792205	-0.26573393533128653	-1.0586476439106751	-0.446185710763709	-0.14513062018385073	-0.018387636353214665
AT3G44550	2187	0.0	0.15986899945786673	-0.0917403296443504	-0.3060999009916527	-0.3884187475455568	0.3210796308901819	1.4651489043241765	1.7487402618276087	0.6425290003625739
AT3G44960	6804	0.0	0.09754178223316834	0.030274946644256312	-0.6000947183834374	-0.6472251345249863	-1.7020916576118803	-1.7293145421430414	-1.0284087340327954	-0.4040570079780308
AT3G44990	2187	0.0	0.15986899945786673	-0.0917403296443504	-0.3060999009916527	-0.3884187475455568	0.3210796308901819	1.4651489043241765	1.7487402618276087	0.6425290003625739
AT3G45140	26244	0.0	-0.4191483607925548	-0.6928177349239655	-1.1809003917792205	-0.26573393533128653	-1.0586476439106751	-0.446185710763709	-0.14513062018385073	-0.018387636353214665
AT3G45300	19710	0.0	0.2594770867750919	0.3901934366723598	0.8886056503240549	0.1532022371402299	-0.1852070127748602	-1.4443403750480157	-1.7574870555176738	-0.6049078459056544
AT3G45640	13122	0.0	1.5784420931980416	2.0726839082642634	1.3001406359316803	0.8669018438592818	0.8100255257849085	-0.6042286920993255	-1.1314328463856558	-0.3467476747327473
AT3G45700	6804	0.0	0.09754178223316834	0.030274946644256312	-0.6000947183834374	-0.6472251345249863	-1.7020916576118803	-1.7293145421430414	-1.0284087340327954	-0.4040570079780308
AT3G45730	0	0.0	0.15986899945786673	0.5301591166623336	3.10784639009641	3.619842498464092	3.718734790841116	3.060101646820548	1.8000119906870518	1.3722504851878736
AT3G45970	13122	0.0	1.5784420931980416	2.0726839082642634	1.3001406359316803	0.8669018438592818	0.8100255257849085	-0.6042286920993255	-1.1314328463856558	-0.3467476747327473
AT3G46080	13176	0.0	1.5784420931980416	2.0726839082642634	1.3001406359316803	0.8669018438592818	0.8100255257849085	1.083413755735228	0.7673280700712783	0.5393171676631839
AT3G46090	13149	0.0	1.5784420931980416	2.0726839082642634	1.3001406359316803	0.8669018438592818	0.8100255257849085	0.17995254969979016	-0.1261377483799859	-0.074169780101052
AT3G46130	26244	0.0	-0.4191483607925548	-0.6928177349239655	-1.1809003917792205	-0.26573393533128653	-1.0586476439106751	-0.446185710763709	-0.14513062018385073	-0.018387636353214665
AT3G46320	6804	0.0	0.09754178223316834	0.030274946644256312	-0.6000947183834374	-0.6472251345249863	-1.7020916576118803	-1.7293145421430414	-1.0284087340327954	-0.4040570079780308
AT3G46600	13149	0.0	1.5784420931980416	2.0726839082642634	1.3001406359316803	0.8669018438592818	0.8100255257849085	0.17995254969979016	-0.1261377483799859	-0.074169780101052
AT3G46620	13149	0.0	1.5784420931980416	2.0726839082642634	1.3001406359316803	0.8669018438592818	0.8100255257849085	0.17995254969979016	-0.1261377483799859	-0.074169780101052
AT3G46970	2187	0.0	0.15986899945786673	-0.0917403296443504	-0.3060999009916527	-0.3884187475455568	0.3210796308901819	1.4651489043241765	1.7487402618276087	0.6425290003625739
AT3G47340	19683	0.0	0.2594770867750919	0.3901934366723598	0.8886056503240549	0.1532022371402299	-0.1852070127748602	-2.473456450043764	-3.03357885882898	-0.966023943395892
AT3G47420	26244	0.0	-0.4191483607925548	-0.6928177349239655	-1.1809003917792205	-0.26573393533128653	-1.0586476439106751	-0.446185710763709	-0.14513062018385073	-0.018387636353214665
AT3G47500	26244	0.0	-0.4191483607925548	-0.6928177349239655	-1.1809003917792205	-0.26573393533128653	-1.0586476439106751	-0.446185710763709	-0.14513062018385073	-0.018387636353214665
AT3G47540	756	0.0	0.15986899945786673	0.5301591166623336	1.2583542586209566	1.5382050858165244	1.8432022325199333	1.8018190851493503	0.9955813478512939	0.6888211212003934
AT3G48360	19683	0.0	0.2594770867750919	0.3901934366723598	0.8886056503240549	0.1532022371402299	-0.1852070127748602	-2.473456450043764	-3.03357885882898	-0.966023943395892
AT3G48390	19710	0.0	0.2594770867750919	0.3901934366723598	0.8886056503240549	0.1532022371402299	-0.1852070127748602	-1.4443403750480157	-1.7574870555176738	-0.6049078459056544
AT3G48770	81	0.0	0.15986899945786673	0.5301591166623336	3.10784639009641	3.619842498464092	5.804257859254649	5.293571319317618	3.839646797023559	3.120942743468567
AT3G49110	19764	0.0	0.2594770867750919	0.3901934366723598	0.8886056503240549	0.1532022371402299	1.2347596159245362	-0.10099651404966813	-0.6097594475114289	-0.3504713826261554
AT3G49160	19764	0.0	0.2594770867750919	0.3901934366723598	0.8886056503240549	0.1532022371402299	1.2347596159245362	-0.10099651404966813	-0.6097594475114289	-0.3504713826261554
AT3G49190	26244	0.0	-0.4191483607925548	-0.6928177349239655	-1.1809003917792205	-0.26573393533128653	-1.0586476439106751	-0.446185710763709	-0.14513062018385073	-0.018387636353214665
AT3G49530	13149	0.0	1.5784420931980416	2.0726839082642634	1.3001406359316803	0.8669018438592818	0.8100255257849085	0.17995254969979016	-0.1261377483799859	-0.074169780101052
AT3G49570	19791	0.0	0.2594770867750919	0.3901934366723598	0.8886056503240549	0.1532022371402299	1.2347596159245362	1.614604592026327	1.54589811641286	0.6635913857709217
AT3G49580	19791	0.0	0.2594770867750919	0.3901934366723598	0.8886056503240549	0.1532022371402299	1.2347596159245362	1.614604592026327	1.54589811641286	0.6635913857709217
AT3G49620	19683	0.0	0.2594770867750919	0.3901934366723598	0.8886056503240549	0.1532022371402299	-0.1852070127748602	-2.473456450043764	-3.03357885882898	-0.966023943395892
AT3G49780	19710	0.0	0.2594770867750919	0.3901934366723598	0.8886056503240549	0.1532022371402299	-0.1852070127748602	-1.4443403750480157	-1.7574870555176738	-0.6049078459056544
AT3G49790	19710	0.0	0.2594770867750919	0.3901934366723598	0.8886056503240549	0.1532022371402299	-0.1852070127748602	-1.4443403750480157	-1.7574870555176738	-0.6049078459056544
AT3G50060	13149	0.0	1.5784420931980416	2.0726839082642634	1.3001406359316803	0.8669018438592818	0.8100255257849085	0.17995254969979016	-0.1261377483799859	-0.074169780101052
AT3G50400	2187	0.0	0.15986899945786673	-0.0917403296443504	-0.3060999009916527	-0.3884187475455568	0.3210796308901819	1.4651489043241765	1.7487402618276087	0.6425290003625739
AT3G50440	2187	0.0	0.15986899945786673	-0.0917403296443504	-0.3060999009916527	-0.3884187475455568	0.3210796308901819	1.4651489043241765	1.7487402618276087	0.6425290003625739
AT3G50480	13122	0.0	1.5784420931980416	2.0726839082642634	1.3001406359316803	0.8669018438592818	0.8100255257849085	-0.6042286920993255	-1.1314328463856558	-0.3467476747327473
AT3G50800	13149	0.0	1.5784420931980416	2.0726839082642634	1.3001406359316803	0.8669018438592818	0.8100255257849085	0.17995254969979016	-0.1261377483799859	-0.074169780101052
AT3G50930	13176	0.0	1.5784420931980416	2.0726839082642634	1.3001406359316803	0.8669018438592818	0.8100255257849085	1.083413755735228	0.7673280700712783	0.5393171676631839
AT3G50950	13149	0.0	1.5784420931980416	2.0726839082642634	1.3001406359316803	0.8669018438592818	0.8100255257849085	0.17995254969979016	-0.1261377483799859	-0.074169780101052
AT3G51230	6561	0.0	0.09754178223316834	0.030274946644256312	-0.6000947183834374	-1.3208791928271721	-3.1947106676626715	-3.2362476155002584	-2.245829499919579	-0.8586564635545347
AT3G51240	2187	0.0	0.15986899945786673	-0.0917403296443504	-0.3060999009916527	-0.3884187475455568	0.3210796308901819	1.4651489043241765	1.7487402618276087	0.6425290003625739
AT3G51280	6561	0.0	0.09754178223316834	0.030274946644256312	-0.6000947183834374	-1.3208791928271721	-3.1947106676626715	-3.2362476155002584	-2.245829499919579	-0.8586564635545347
AT3G51720	6804	0.0	0.09754178223316834	0.030274946644256312	-0.6000947183834374	-0.6472251345249863	-1.7020916576118803	-1.7293145421430414	-1.0284087340327954	-0.4040570079780308
AT3G51740	6561	0.0	0.09754178223316834	0.030274946644256312	-0.6000947183834374	-1.3208791928271721	-3.1947106676626715	-3.2362476155002584	-2.245829499919579	-0.8586564635545347
AT3G51860	2187	0.0	0.15986899945786673	-0.0917403296443504	-0.3060999009916527	-0.3884187475455568	0.3210796308901819	1.4651489043241765	1.7487402618276087	0.6425290003625739
AT3G51890	729	0.0	0.15986899945786673	0.5301591166623336	1.2583542586209566	1.5382050858165244	1.8432022325199333	0.9893904484898937	0.2760319525297844	0.2733858240032958
AT3G51920	729	0.0	0.15986899945786673	0.5301591166623336	1.2583542586209566	1.5382050858165244	1.8432022325199333	0.9893904484898937	0.2760319525297844	0.2733858240032958
AT3G51930	6804	0.0	0.09754178223316834	0.030274946644256312	-0.6000947183834374	-0.6472251345249863	-1.7020916576118803	-1.7293145421430414	-1.0284087340327954	-0.4040570079780308
AT3G52110	6561	0.0	0.09754178223316834	0.030274946644256312	-0.6000947183834374	-1.3208791928271721	-3.1947106676626715	-3.2362476155002584	-2.245829499919579	-0.8586564635545347
AT3G52115	0	0.0	0.15986899945786673	0.5301591166623336	3.10784639009641	3.619842498464092	3.718734790841116	3.060101646820548	1.8000119906870518	1.3722504851878736
AT3G52400	13149	0.0	1.5784420931980416	2.0726839082642634	1.3001406359316803	0.8669018438592818	0.8100255257849085	0.17995254969979016	-0.1261377483799859	-0.074169780101052
AT3G52520	13149	0.0	1.5784420931980416	2.0726839082642634	1.3001406359316803	0.8669018438592818	0.8100255257849085	0.17995254969979016	-0.1261377483799859	-0.074169780101052
AT3G52630	2187	0.0	0.15986899945786673	-0.0917403296443504	-0.3060999009916527	-0.3884187475455568	0.3210796308901819	1.4651489043241765	1.7487402618276087	0.6425290003625739
AT3G52800	13149	0.0	1.5784420931980416	2.0726839082642634	1.3001406359316803	0.8669018438592818	0.8100255257849085	0.17995254969979016	-0.1261377483799859	-0.074169780101052
AT3G53230	756	0.0	0.15986899945786673	0.5301591166623336	1.2583542586209566	1.5382050858165244	1.8432022325199333	1.8018190851493503	0.9955813478512939	0.6888211212003934
AT3G53280	729	0.0	0.15986899945786673	0.5301591166623336	1.2583542586209566	1.5382050858165244	1.8432022325199333	0.9893904484898937	0.2760319525297844	0.2733858240032958
AT3G54150	729	0.0	0.15986899945786673	0.5301591166623336	1.2583542586209566	1.5382050858165244	1.8432022325199333	0.9893904484898937	0.2760319525297844	0.2733858240032958
AT3G54430	6804	0.0	0.09754178223316834	0.030274946644256312	-0.6000947183834374	-0.6472251345249863	-1.7020916576118803	-1.7293145421430414	-1.0284087340327954	-0.4040570079780308
AT3G54500	26244	0.0	-0.4191483607925548	-0.6928177349239655	-1.1809003917792205	-0.26573393533128653	-1.0586476439106751	-0.446185710763709	-0.14513062018385073	-0.018387636353214665
AT3G54560	6804	0.0	0.09754178223316834	0.030274946644256312	-0.6000947183834374	-0.6472251345249863	-1.7020916576118803	-1.7293145421430414	-1.0284087340327954	-0.4040570079780308
AT3G54600	2187	0.0	0.15986899945786673	-0.0917403296443504	-0.3060999009916527	-0.3884187475455568	0.3210796308901819	1.4651489043241765	1.7487402618276087	0.6425290003625739
AT3G55005	756	0.0	0.15986899945786673	0.5301591166623336	1.2583542586209566	1.5382050858165244	1.8432022325199333	1.8018190851493503	0.9955813478512939	0.6888211212003934
AT3G55110	729	0.0	0.15986899945786673	0.5301591166623336	1.2583542586209566	1.5382050858165244	1.8432022325199333	0.9893904484898937	0.2760319525297844	0.2733858240032958
AT3G55120	2187	0.0	0.15986899945786673	-0.0917403296443504	-0.3060999009916527	-0.3884187475455568	0.3210796308901819	1.4651489043241765	1.7487402618276087	0.6425290003625739
AT3G55240	19764	0.0	0.2594770867750919	0.3901934366723598	0.8886056503240549	0.1532022371402299	1.2347596159245362	-0.10099651404966813	-0.6097594475114289	-0.3504713826261554
AT3G55500	19710	0.0	0.2594770867750919	0.3901934366723598	0.8886056503240549	0.1532022371402299	-0.1852070127748602	-1.4443403750480157	-1.7574870555176738	-0.6049078459056544
AT3G55660	6561	0.0	0.09754178223316834	0.030274946644256312	-0.6000947183834374	-1.3208791928271721	-3.1947106676626715	-3.2362476155002584	-2.245829499919579	-0.8586564635545347
AT3G55840	13122	0.0	1.5784420931980416	2.0726839082642634	1.3001406359316803	0.8669018438592818	0.8100255257849085	-0.6042286920993255	-1.1314328463856558	-0.3467476747327473
AT3G55980	13122	0.0	1.5784420931980416	2.0726839082642634	1.3001406359316803	0.8669018438592818	0.8100255257849085	-0.6042286920993255	-1.1314328463856558	-0.3467476747327473
AT3G56100	6561	0.0	0.09754178223316834	0.030274946644256312	-0.6000947183834374	-1.3208791928271721	-3.1947106676626715	-3.2362476155002584	-2.245829499919579	-0.8586564635545347
AT3G56250	729	0.0	0.15986899945786673	0.5301591166623336	1.2583542586209566	1.5382050858165244	1.8432022325199333	0.9893904484898937	0.2760319525297844	0.2733858240032958
AT3G56360	19764	0.0	0.2594770867750919	0.3901934366723598	0.8886056503240549	0.1532022371402299	1.2347596159245362	-0.10099651404966813	-0.6097594475114289	-0.3504713826261554
AT3G56400	13149	0.0	1.5784420931980416	2.0726839082642634	1.3001406359316803	0.8669018438592818	0.8100255257849085	0.17995254969979016	-0.1261377483799859	-0.074169780101052
AT3G56880	13149	0.0	1.5784420931980416	2.0726839082642634	1.3001406359316803	0.8669018438592818	0.8100255257849085	0.17995254969979016	-0.1261377483799859	-0.074169780101052
AT3G56970	2187	0.0	0.15986899945786673	-0.0917403296443504	-0.3060999009916527	-0.3884187475455568	0.3210796308901819	1.4651489043241765	1.7487402618276087	0.6425290003625739
AT3G56980	2187	0.0	0.15986899945786673	-0.0917403296443504	-0.3060999009916527	-0.3884187475455568	0.3210796308901819	1.4651489043241765	1.7487402618276087	0.6425290003625739
AT3G57450	13149	0.0	1.5784420931980416	2.0726839082642634	1.3001406359316803	0.8669018438592818	0.8100255257849085	0.17995254969979016	-0.1261377483799859	-0.074169780101052
AT3G57520	19710	0.0	0.2594770867750919	0.3901934366723598	0.8886056503240549	0.1532022371402299	-0.1852070127748602	-1.4443403750480157	-1.7574870555176738	-0.6049078459056544
AT3G57530	13149	0.0	1.5784420931980416	2.0726839082642634	1.3001406359316803	0.8669018438592818	0.8100255257849085	0.17995254969979016	-0.1261377483799859	-0.074169780101052
AT3G57540	729	0.0	0.15986899945786673	0.5301591166623336	1.2583542586209566	1.5382050858165244	1.8432022325199333	0.9893904484898937	0.2760319525297844	0.2733858240032958
AT3G57550	729	0.0	0.15986899945786673	0.5301591166623336	1.2583542586209566	1.5382050858165244	1.8432022325199333	0.9893904484898937	0.2760319525297844	0.2733858240032958
AT3G58270	81	0.0	0.15986899945786673	0.5301591166623336	3.10784639009641	3.619842498464092	5.804257859254649	5.293571319317618	3.839646797023559	3.120942743468567
AT3G58650	6561	0.0	0.09754178223316834	0.030274946644256312	-0.6000947183834374	-1.3208791928271721	-3.1947106676626715	-3.2362476155002584	-2.245829499919579	-0.8586564635545347
AT3G58990	26244	0.0	-0.4191483607925548	-0.6928177349239655	-1.1809003917792205	-0.26573393533128653	-1.0586476439106751	-0.446185710763709	-0.14513062018385073	-0.018387636353214665
AT3G59080	13122	0.0	1.5784420931980416	2.0726839082642634	1.3001406359316803	0.8669018438592818	0.8100255257849085	-0.6042286920993255	-1.1314328463856558	-0.3467476747327473
AT3G59340	6804	0.0	0.09754178223316834	0.030274946644256312	-0.6000947183834374	-0.6472251345249863	-1.7020916576118803	-1.7293145421430414	-1.0284087340327954	-0.4040570079780308
AT3G59765	6561	0.0	0.09754178223316834	0.030274946644256312	-0.6000947183834374	-1.3208791928271721	-3.1947106676626715	-3.2362476155002584	-2.245829499919579	-0.8586564635545347
AT3G59940	19710	0.0	0.2594770867750919	0.3901934366723598	0.8886056503240549	0.1532022371402299	-0.1852070127748602	-1.4443403750480157	-1.7574870555176738	-0.6049078459056544
AT3G60160	19791	0.0	0.2594770867750919	0.3901934366723598	0.8886056503240549	0.1532022371402299	1.2347596159245362	1.614604592026327	1.54589811641286	0.6635913857709217
AT3G60415	0	0.0	0.15986899945786673	0.5301591166623336	3.10784639009641	3.619842498464092	3.718734790841116	3.060101646820548	1.8000119906870518	1.3722504851878736
AT3G60840	6804	0.0	0.09754178223316834	0.030274946644256312	-0.6000947183834374	-0.6472251345249863	-1.7020916576118803	-1.7293145421430414	-1.0284087340327954	-0.4040570079780308
AT3G60900	6804	0.0	0.09754178223316834	0.030274946644256312	-0.6000947183834374	-0.6472251345249863	-1.7020916576118803	-1.7293145421430414	-1.0284087340327954	-0.4040570079780308
AT3G61060	19710	0.0	0.2594770867750919	0.3901934366723598	0.8886056503240549	0.1532022371402299	-0.1852070127748602	-1.4443403750480157	-1.7574870555176738	-0.6049078459056544
AT3G61190	13149	0.0	1.5784420931980416	2.0726839082642634	1.3001406359316803	0.8669018438592818	0.8100255257849085	0.17995254969979016	-0.1261377483799859	-0.074169780101052
AT3G61260	19710	0.0	0.2594770867750919	0.3901934366723598	0.8886056503240549	0.1532022371402299	-0.1852070127748602	-1.4443403750480157	-1.7574870555176738	-0.6049078459056544
AT3G61630	729	0.0	0.15986899945786673	0.5301591166623336	1.2583542586209566	1.5382050858165244	1.8432022325199333	0.9893904484898937	0.2760319525297844	0.2733858240032958
AT3G61820	2187	0.0	0.15986899945786673	-0.0917403296443504	-0.3060999009916527	-0.3884187475455568	0.3210796308901819	1.4651489043241765	1.7487402618276087	0.6425290003625739
AT3G61920	2187	0.0	0.15986899945786673	-0.0917403296443504	-0.3060999009916527	-0.3884187475455568	0.3210796308901819	1.4651489043241765	1.7487402618276087	0.6425290003625739
AT3G62150	19710	0.0	0.2594770867750919	0.3901934366723598	0.8886056503240549	0.1532022371402299	-0.1852070127748602	-1.4443403750480157	-1.7574870555176738	-0.6049078459056544
AT3G62760	26244	0.0	-0.4191483607925548	-0.6928177349239655	-1.1809003917792205	-0.26573393533128653	-1.0586476439106751	-0.446185710763709	-0.14513062018385073	-0.018387636353214665
AT3G63110	26244	0.0	-0.4191483607925548	-0.6928177349239655	-1.1809003917792205	-0.26573393533128653	-1.0586476439106751	-0.446185710763709	-0.14513062018385073	-0.018387636353214665
AT3G63380	729	0.0	0.15986899945786673	0.5301591166623336	1.2583542586209566	1.5382050858165244	1.8432022325199333	0.9893904484898937	0.2760319525297844	0.2733858240032958
AT4G00910	6804	0.0	0.09754178223316834	0.030274946644256312	-0.6000947183834374	-0.6472251345249863	-1.7020916576118803	-1.7293145421430414	-1.0284087340327954	-0.4040570079780308
AT4G00970	13176	0.0	1.5784420931980416	2.0726839082642634	1.3001406359316803	0.8669018438592818	0.8100255257849085	1.083413755735228	0.7673280700712783	0.5393171676631839
AT4G01010	729	0.0	0.15986899945786673	0.5301591166623336	1.2583542586209566	1.5382050858165244	1.8432022325199333	0.9893904484898937	0.2760319525297844	0.2733858240032958
AT4G01060	2187	0.0	0.15986899945786673	-0.0917403296443504	-0.3060999009916527	-0.3884187475455568	0.3210796308901819	1.4651489043241765	1.7487402618276087	0.6425290003625739
AT4G01080	2187	0.0	0.15986899945786673	-0.0917403296443504	-0.3060999009916527	-0.3884187475455568	0.3210796308901819	1.4651489043241765	1.7487402618276087	0.6425290003625739
AT4G01250	13122	0.0	1.5784420931980416	2.0726839082642634	1.3001406359316803	0.8669018438592818	0.8100255257849085	-0.6042286920993255	-1.1314328463856558	-0.3467476747327473
AT4G01450	729	0.0	0.15986899945786673	0.5301591166623336	1.2583542586209566	1.5382050858165244	1.8432022325199333	0.9893904484898937	0.2760319525297844	0.2733858240032958
AT4G01730	6561	0.0	0.09754178223316834	0.030274946644256312	-0.6000947183834374	-1.3208791928271721	-3.1947106676626715	-3.2362476155002584	-2.245829499919579	-0.8586564635545347
AT4G01950	13176	0.0	1.5784420931980416	2.0726839082642634	1.3001406359316803	0.8669018438592818	0.8100255257849085	1.083413755735228	0.7673280700712783	0.5393171676631839
AT4G02110	0	0.0	0.15986899945786673	0.5301591166623336	3.10784639009641	3.619842498464092	3.718734790841116	3.060101646820548	1.8000119906870518	1.3722504851878736
AT4G02270	26244	0.0	-0.4191483607925548	-0.6928177349239655	-1.1809003917792205	-0.26573393533128653	-1.0586476439106751	-0.446185710763709	-0.14513062018385073	-0.018387636353214665
AT4G02330	13176	0.0	1.5784420931980416	2.0726839082642634	1.3001406359316803	0.8669018438592818	0.8100255257849085	1.083413755735228	0.7673280700712783	0.5393171676631839
AT4G02380	19710	0.0	0.2594770867750919	0.3901934366723598	0.8886056503240549	0.1532022371402299	-0.1852070127748602	-1.4443403750480157	-1.7574870555176738	-0.6049078459056544
AT4G02390	81	0.0	0.15986899945786673	0.5301591166623336	3.10784639009641	3.619842498464092	5.804257859254649	5.293571319317618	3.839646797023559	3.120942743468567
AT4G02400	729	0.0	0.15986899945786673	0.5301591166623336	1.2583542586209566	1.5382050858165244	1.8432022325199333	0.9893904484898937	0.2760319525297844	0.2733858240032958
AT4G02410	13149	0.0	1.5784420931980416	2.0726839082642634	1.3001406359316803	0.8669018438592818	0.8100255257849085	0.17995254969979016	-0.1261377483799859	-0.074169780101052
AT4G02630	2187	0.0	0.15986899945786673	-0.0917403296443504	-0.3060999009916527	-0.3884187475455568	0.3210796308901819	1.4651489043241765	1.7487402618276087	0.6425290003625739
AT4G02800	6561	0.0	0.09754178223316834	0.030274946644256312	-0.6000947183834374	-1.3208791928271721	-3.1947106676626715	-3.2362476155002584	-2.245829499919579	-0.8586564635545347
AT4G03100	6561	0.0	0.09754178223316834	0.030274946644256312	-0.6000947183834374	-1.3208791928271721	-3.1947106676626715	-3.2362476155002584	-2.245829499919579	-0.8586564635545347
AT4G03510	19710	0.0	0.2594770867750919	0.3901934366723598	0.8886056503240549	0.1532022371402299	-0.1852070127748602	-1.4443403750480157	-1.7574870555176738	-0.6049078459056544
AT4G03540	19791	0.0	0.2594770867750919	0.3901934366723598	0.8886056503240549	0.1532022371402299	1.2347596159245362	1.614604592026327	1.54589811641286	0.6635913857709217
AT4G03895	19764	0.0	0.2594770867750919	0.3901934366723598	0.8886056503240549	0.1532022371402299	1.2347596159245362	-0.10099651404966813	-0.6097594475114289	-0.3504713826261554
AT4G03940	729	0.0	0.15986899945786673	0.5301591166623336	1.2583542586209566	1.5382050858165244	1.8432022325199333	0.9893904484898937	0.2760319525297844	0.2733858240032958
AT4G04223	6804	0.0	0.09754178223316834	0.030274946644256312	-0.6000947183834374	-0.6472251345249863	-1.7020916576118803	-1.7293145421430414	-1.0284087340327954	-0.4040570079780308
AT4G04610	19791	0.0	0.2594770867750919	0.3901934366723598	0.8886056503240549	0.1532022371402299	1.2347596159245362	1.614604592026327	1.54589811641286	0.6635913857709217
AT4G04750	2187	0.0	0.15986899945786673	-0.0917403296443504	-0.3060999009916527	-0.3884187475455568	0.3210796308901819	1.4651489043241765	1.7487402618276087	0.6425290003625739
AT4G05020	756	0.0	0.15986899945786673	0.5301591166623336	1.2583542586209566	1.5382050858165244	1.8432022325199333	1.8018190851493503	0.9955813478512939	0.6888211212003934
AT4G05190	6561	0.0	0.09754178223316834	0.030274946644256312	-0.6000947183834374	-1.3208791928271721	-3.1947106676626715	-3.2362476155002584	-2.245829499919579	-0.8586564635545347
AT4G05520	6804	0.0	0.09754178223316834	0.030274946644256312	-0.6000947183834374	-0.6472251345249863	-1.7020916576118803	-1.7293145421430414	-1.0284087340327954	-0.4040570079780308
AT4G06746	6804	0.0	0.09754178223316834	0.030274946644256312	-0.6000947183834374	-0.6472251345249863	-1.7020916576118803	-1.7293145421430414	-1.0284087340327954	-0.4040570079780308
AT4G08040	13122	0.0	1.5784420931980416	2.0726839082642634	1.3001406359316803	0.8669018438592818	0.8100255257849085	-0.6042286920993255	-1.1314328463856558	-0.3467476747327473
AT4G08950	13149	0.0	1.5784420931980416	2.0726839082642634	1.3001406359316803	0.8669018438592818	0.8100255257849085	0.17995254969979016	-0.1261377483799859	-0.074169780101052
AT4G09060	6804	0.0	0.09754178223316834	0.030274946644256312	-0.6000947183834374	-0.6472251345249863	-1.7020916576118803	-1.7293145421430414	-1.0284087340327954	-0.4040570079780308
AT4G09500	2187	0.0	0.15986899945786673	-0.0917403296443504	-0.3060999009916527	-0.3884187475455568	0.3210796308901819	1.4651489043241765	1.7487402618276087	0.6425290003625739
AT4G10120	2187	0.0	0.15986899945786673	-0.0917403296443504	-0.3060999009916527	-0.3884187475455568	0.3210796308901819	1.4651489043241765	1.7487402618276087	0.6425290003625739
AT4G11080	6804	0.0	0.09754178223316834	0.030274946644256312	-0.6000947183834374	-0.6472251345249863	-1.7020916576118803	-1.7293145421430414	-1.0284087340327954	-0.4040570079780308
AT4G11190	2187	0.0	0.15986899945786673	-0.0917403296443504	-0.3060999009916527	-0.3884187475455568	0.3210796308901819	1.4651489043241765	1.7487402618276087	0.6425290003625739
AT4G11210	26244	0.0	-0.4191483607925548	-0.6928177349239655	-1.1809003917792205	-0.26573393533128653	-1.0586476439106751	-0.446185710763709	-0.14513062018385073	-0.018387636353214665
AT4G11280	13176	0.0	1.5784420931980416	2.0726839082642634	1.3001406359316803	0.8669018438592818	0.8100255257849085	1.083413755735228	0.7673280700712783	0.5393171676631839
AT4G11460	26244	0.0	-0.4191483607925548	-0.6928177349239655	-1.1809003917792205	-0.26573393533128653	-1.0586476439106751	-0.446185710763709	-0.14513062018385073	-0.018387636353214665
AT4G11740	756	0.0	0.15986899945786673	0.5301591166623336	1.2583542586209566	1.5382050858165244	1.8432022325199333	1.8018190851493503	0.9955813478512939	0.6888211212003934
AT4G11890	0	0.0	0.15986899945786673	0.5301591166623336	3.10784639009641	3.619842498464092	3.718734790841116	3.060101646820548	1.8000119906870518	1.3722504851878736
AT4G12030	26244	0.0	-0.4191483607925548	-0.6928177349239655	-1.1809003917792205	-0.26573393533128653	-1.0586476439106751	-0.446185710763709	-0.14513062018385073	-0.018387636353214665
AT4G12320	26244	0.0	-0.4191483607925548	-0.6928177349239655	-1.1809003917792205	-0.26573393533128653	-1.0586476439106751	-0.446185710763709	-0.14513062018385073	-0.018387636353214665
AT4G12480	2187	0.0	0.15986899945786673	-0.0917403296443504	-0.3060999009916527	-0.3884187475455568	0.3210796308901819	1.4651489043241765	1.7487402618276087	0.6425290003625739
AT4G12490	19791	0.0	0.2594770867750919	0.3901934366723598	0.8886056503240549	0.1532022371402299	1.2347596159245362	1.614604592026327	1.54589811641286	0.6635913857709217
AT4G12500	2187	0.0	0.15986899945786673	-0.0917403296443504	-0.3060999009916527	-0.3884187475455568	0.3210796308901819	1.4651489043241765	1.7487402618276087	0.6425290003625739
AT4G12510	26244	0.0	-0.4191483607925548	-0.6928177349239655	-1.1809003917792205	-0.26573393533128653	-1.0586476439106751	-0.446185710763709	-0.14513062018385073	-0.018387636353214665
AT4G12720	13149	0.0	1.5784420931980416	2.0726839082642634	1.3001406359316803	0.8669018438592818	0.8100255257849085	0.17995254969979016	-0.1261377483799859	-0.074169780101052
AT4G12880	2187	0.0	0.15986899945786673	-0.0917403296443504	-0.3060999009916527	-0.3884187475455568	0.3210796308901819	1.4651489043241765	1.7487402618276087	0.6425290003625739
AT4G13370	729	0.0	0.15986899945786673	0.5301591166623336	1.2583542586209566	1.5382050858165244	1.8432022325199333	0.9893904484898937	0.2760319525297844	0.2733858240032958
AT4G13510	19791	0.0	0.2594770867750919	0.3901934366723598	0.8886056503240549	0.1532022371402299	1.2347596159245362	1.614604592026327	1.54589811641286	0.6635913857709217
AT4G13575	2187	0.0	0.15986899945786673	-0.0917403296443504	-0.3060999009916527	-0.3884187475455568	0.3210796308901819	1.4651489043241765	1.7487402618276087	0.6425290003625739
AT4G13770	2187	0.0	0.15986899945786673	-0.0917403296443504	-0.3060999009916527	-0.3884187475455568	0.3210796308901819	1.4651489043241765	1.7487402618276087	0.6425290003625739
AT4G13830	19764	0.0	0.2594770867750919	0.3901934366723598	0.8886056503240549	0.1532022371402299	1.2347596159245362	-0.10099651404966813	-0.6097594475114289	-0.3504713826261554
AT4G14090	2187	0.0	0.15986899945786673	-0.0917403296443504	-0.3060999009916527	-0.3884187475455568	0.3210796308901819	1.4651489043241765	1.7487402618276087	0.6425290003625739
AT4G14130	19710	0.0	0.2594770867750919	0.3901934366723598	0.8886056503240549	0.1532022371402299	-0.1852070127748602	-1.4443403750480157	-1.7574870555176738	-0.6049078459056544
AT4G14150	6804	0.0	0.09754178223316834	0.030274946644256312	-0.6000947183834374	-0.6472251345249863	-1.7020916576118803	-1.7293145421430414	-1.0284087340327954	-0.4040570079780308
AT4G14330	6561	0.0	0.09754178223316834	0.030274946644256312	-0.6000947183834374	-1.3208791928271721	-3.1947106676626715	-3.2362476155002584	-2.245829499919579	-0.8586564635545347
AT4G14365	0	0.0	0.15986899945786673	0.5301591166623336	3.10784639009641	3.619842498464092	3.718734790841116	3.060101646820548	1.8000119906870518	1.3722504851878736
AT4G14370	13149	0.0	1.5784420931980416	2.0726839082642634	1.3001406359316803	0.8669018438592818	0.8100255257849085	0.17995254969979016	-0.1261377483799859	-0.074169780101052
AT4G14490	6804	0.0	0.09754178223316834	0.030274946644256312	-0.6000947183834374	-0.6472251345249863	-1.7020916576118803	-1.7293145421430414	-1.0284087340327954	-0.4040570079780308
AT4G14690	26244	0.0	-0.4191483607925548	-0.6928177349239655	-1.1809003917792205	-0.26573393533128653	-1.0586476439106751	-0.446185710763709	-0.14513062018385073	-0.018387636353214665
AT4G14970	729	0.0	0.15986899945786673	0.5301591166623336	1.2583542586209566	1.5382050858165244	1.8432022325199333	0.9893904484898937	0.2760319525297844	0.2733858240032958
AT4G15260	19710	0.0	0.2594770867750919	0.3901934366723598	0.8886056503240549	0.1532022371402299	-0.1852070127748602	-1.4443403750480157	-1.7574870555176738	-0.6049078459056544
AT4G15290	26244	0.0	-0.4191483607925548	-0.6928177349239655	-1.1809003917792205	-0.26573393533128653	-1.0586476439106751	-0.446185710763709	-0.14513062018385073	-0.018387636353214665
AT4G15393	2187	0.0	0.15986899945786673	-0.0917403296443504	-0.3060999009916527	-0.3884187475455568	0.3210796308901819	1.4651489043241765	1.7487402618276087	0.6425290003625739
AT4G15690	6804	0.0	0.09754178223316834	0.030274946644256312	-0.6000947183834374	-0.6472251345249863	-1.7020916576118803	-1.7293145421430414	-1.0284087340327954	-0.4040570079780308
AT4G15830	6561	0.0	0.09754178223316834	0.030274946644256312	-0.6000947183834374	-1.3208791928271721	-3.1947106676626715	-3.2362476155002584	-2.245829499919579	-0.8586564635545347
AT4G16000	13149	0.0	1.5784420931980416	2.0726839082642634	1.3001406359316803	0.8669018438592818	0.8100255257849085	0.17995254969979016	-0.1261377483799859	-0.074169780101052
AT4G16610	19791	0.0	0.2594770867750919	0.3901934366723598	0.8886056503240549	0.1532022371402299	1.2347596159245362	1.614604592026327	1.54589811641286	0.6635913857709217
AT4G16780	19764	0.0	0.2594770867750919	0.3901934366723598	0.8886056503240549	0.1532022371402299	1.2347596159245362	-0.10099651404966813	-0.6097594475114289	-0.3504713826261554
AT4G17000	6561	0.0	0.09754178223316834	0.030274946644256312	-0.6000947183834374	-1.3208791928271721	-3.1947106676626715	-3.2362476155002584	-2.245829499919579	-0.8586564635545347
AT4G17230	13149	0.0	1.5784420931980416	2.0726839082642634	1.3001406359316803	0.8669018438592818	0.8100255257849085	0.17995254969979016	-0.1261377483799859	-0.074169780101052
AT4G17245	19710	0.0	0.2594770867750919	0.3901934366723598	0.8886056503240549	0.1532022371402299	-0.1852070127748602	-1.4443403750480157	-1.7574870555176738	-0.6049078459056544
AT4G17250	19710	0.0	0.2594770867750919	0.3901934366723598	0.8886056503240549	0.1532022371402299	-0.1852070127748602	-1.4443403750480157	-1.7574870555176738	-0.6049078459056544
AT4G17490	13122	0.0	1.5784420931980416	2.0726839082642634	1.3001406359316803	0.8669018438592818	0.8100255257849085	-0.6042286920993255	-1.1314328463856558	-0.3467476747327473
AT4G17500	13122	0.0	1.5784420931980416	2.0726839082642634	1.3001406359316803	0.8669018438592818	0.8100255257849085	-0.6042286920993255	-1.1314328463856558	-0.3467476747327473
AT4G17670	2187	0.0	0.15986899945786673	-0.0917403296443504	-0.3060999009916527	-0.3884187475455568	0.3210796308901819	1.4651489043241765	1.7487402618276087	0.6425290003625739
AT4G17905	756	0.0	0.15986899945786673	0.5301591166623336	1.2583542586209566	1.5382050858165244	1.8432022325199333	1.8018190851493503	0.9955813478512939	0.6888211212003934
AT4G18197	13122	0.0	1.5784420931980416	2.0726839082642634	1.3001406359316803	0.8669018438592818	0.8100255257849085	-0.6042286920993255	-1.1314328463856558	-0.3467476747327473
AT4G18205	13122	0.0	1.5784420931980416	2.0726839082642634	1.3001406359316803	0.8669018438592818	0.8100255257849085	-0.6042286920993255	-1.1314328463856558	-0.3467476747327473
AT4G18253	729	0.0	0.15986899945786673	0.5301591166623336	1.2583542586209566	1.5382050858165244	1.8432022325199333	0.9893904484898937	0.2760319525297844	0.2733858240032958
AT4G18280	13149	0.0	1.5784420931980416	2.0726839082642634	1.3001406359316803	0.8669018438592818	0.8100255257849085	0.17995254969979016	-0.1261377483799859	-0.074169780101052
AT4G18880	13149	0.0	1.5784420931980416	2.0726839082642634	1.3001406359316803	0.8669018438592818	0.8100255257849085	0.17995254969979016	-0.1261377483799859	-0.074169780101052
AT4G18970	2187	0.0	0.15986899945786673	-0.0917403296443504	-0.3060999009916527	-0.3884187475455568	0.3210796308901819	1.4651489043241765	1.7487402618276087	0.6425290003625739
AT4G19130	0	0.0	0.15986899945786673	0.5301591166623336	3.10784639009641	3.619842498464092	3.718734790841116	3.060101646820548	1.8000119906870518	1.3722504851878736
AT4G19380	26244	0.0	-0.4191483607925548	-0.6928177349239655	-1.1809003917792205	-0.26573393533128653	-1.0586476439106751	-0.446185710763709	-0.14513062018385073	-0.018387636353214665
AT4G19520	13149	0.0	1.5784420931980416	2.0726839082642634	1.3001406359316803	0.8669018438592818	0.8100255257849085	0.17995254969979016	-0.1261377483799859	-0.074169780101052
AT4G19690	26244	0.0	-0.4191483607925548	-0.6928177349239655	-1.1809003917792205	-0.26573393533128653	-1.0586476439106751	-0.446185710763709	-0.14513062018385073	-0.018387636353214665
AT4G20240	26244	0.0	-0.4191483607925548	-0.6928177349239655	-1.1809003917792205	-0.26573393533128653	-1.0586476439106751	-0.446185710763709	-0.14513062018385073	-0.018387636353214665
AT4G20830	13149	0.0	1.5784420931980416	2.0726839082642634	1.3001406359316803	0.8669018438592818	0.8100255257849085	0.17995254969979016	-0.1261377483799859	-0.074169780101052
AT4G20860	13149	0.0	1.5784420931980416	2.0726839082642634	1.3001406359316803	0.8669018438592818	0.8100255257849085	0.17995254969979016	-0.1261377483799859	-0.074169780101052
AT4G21070	81	0.0	0.15986899945786673	0.5301591166623336	3.10784639009641	3.619842498464092	5.804257859254649	5.293571319317618	3.839646797023559	3.120942743468567
AT4G21270	6804	0.0	0.09754178223316834	0.030274946644256312	-0.6000947183834374	-0.6472251345249863	-1.7020916576118803	-1.7293145421430414	-1.0284087340327954	-0.4040570079780308
AT4G21680	19764	0.0	0.2594770867750919	0.3901934366723598	0.8886056503240549	0.1532022371402299	1.2347596159245362	-0.10099651404966813	-0.6097594475114289	-0.3504713826261554
AT4G21760	2187	0.0	0.15986899945786673	-0.0917403296443504	-0.3060999009916527	-0.3884187475455568	0.3210796308901819	1.4651489043241765	1.7487402618276087	0.6425290003625739
AT4G21820	6804	0.0	0.09754178223316834	0.030274946644256312	-0.6000947183834374	-0.6472251345249863	-1.7020916576118803	-1.7293145421430414	-1.0284087340327954	-0.4040570079780308
AT4G21870	26244	0.0	-0.4191483607925548	-0.6928177349239655	-1.1809003917792205	-0.26573393533128653	-1.0586476439106751	-0.446185710763709	-0.14513062018385073	-0.018387636353214665
AT4G21990	2187	0.0	0.15986899945786673	-0.0917403296443504	-0.3060999009916527	-0.3884187475455568	0.3210796308901819	1.4651489043241765	1.7487402618276087	0.6425290003625739
AT4G22250	756	0.0	0.15986899945786673	0.5301591166623336	1.2583542586209566	1.5382050858165244	1.8432022325199333	1.8018190851493503	0.9955813478512939	0.6888211212003934
AT4G22490	19791	0.0	0.2594770867750919	0.3901934366723598	0.8886056503240549	0.1532022371402299	1.2347596159245362	1.614604592026327	1.54589811641286	0.6635913857709217
AT4G22495	19791	0.0	0.2594770867750919	0.3901934366723598	0.8886056503240549	0.1532022371402299	1.2347596159245362	1.614604592026327	1.54589811641286	0.6635913857709217
AT4G22513	19791	0.0	0.2594770867750919	0.3901934366723598	0.8886056503240549	0.1532022371402299	1.2347596159245362	1.614604592026327	1.54589811641286	0.6635913857709217
AT4G22517	19791	0.0	0.2594770867750919	0.3901934366723598	0.8886056503240549	0.1532022371402299	1.2347596159245362	1.614604592026327	1.54589811641286	0.6635913857709217
AT4G22520	19791	0.0	0.2594770867750919	0.3901934366723598	0.8886056503240549	0.1532022371402299	1.2347596159245362	1.614604592026327	1.54589811641286	0.6635913857709217
AT4G22710	13122	0.0	1.5784420931980416	2.0726839082642634	1.3001406359316803	0.8669018438592818	0.8100255257849085	-0.6042286920993255	-1.1314328463856558	-0.3467476747327473
AT4G22860	6804	0.0	0.09754178223316834	0.030274946644256312	-0.6000947183834374	-0.6472251345249863	-1.7020916576118803	-1.7293145421430414	-1.0284087340327954	-0.4040570079780308
AT4G22880	2187	0.0	0.15986899945786673	-0.0917403296443504	-0.3060999009916527	-0.3884187475455568	0.3210796308901819	1.4651489043241765	1.7487402618276087	0.6425290003625739
AT4G22960	81	0.0	0.15986899945786673	0.5301591166623336	3.10784639009641	3.619842498464092	5.804257859254649	5.293571319317618	3.839646797023559	3.120942743468567
AT4G23140	0	0.0	0.15986899945786673	0.5301591166623336	3.10784639009641	3.619842498464092	3.718734790841116	3.060101646820548	1.8000119906870518	1.3722504851878736
AT4G23180	13149	0.0	1.5784420931980416	2.0726839082642634	1.3001406359316803	0.8669018438592818	0.8100255257849085	0.17995254969979016	-0.1261377483799859	-0.074169780101052
AT4G23190	13149	0.0	1.5784420931980416	2.0726839082642634	1.3001406359316803	0.8669018438592818	0.8100255257849085	0.17995254969979016	-0.1261377483799859	-0.074169780101052
AT4G23220	13176	0.0	1.5784420931980416	2.0726839082642634	1.3001406359316803	0.8669018438592818	0.8100255257849085	1.083413755735228	0.7673280700712783	0.5393171676631839
AT4G23600	19791	0.0	0.2594770867750919	0.3901934366723598	0.8886056503240549	0.1532022371402299	1.2347596159245362	1.614604592026327	1.54589811641286	0.6635913857709217
AT4G23700	19764	0.0	0.2594770867750919	0.3901934366723598	0.8886056503240549	0.1532022371402299	1.2347596159245362	-0.10099651404966813	-0.6097594475114289	-0.3504713826261554
AT4G23800	6561	0.0	0.09754178223316834	0.030274946644256312	-0.6000947183834374	-1.3208791928271721	-3.1947106676626715	-3.2362476155002584	-2.245829499919579	-0.8586564635545347
AT4G23810	13149	0.0	1.5784420931980416	2.0726839082642634	1.3001406359316803	0.8669018438592818	0.8100255257849085	0.17995254969979016	-0.1261377483799859	-0.074169780101052
AT4G23990	19791	0.0	0.2594770867750919	0.3901934366723598	0.8886056503240549	0.1532022371402299	1.2347596159245362	1.614604592026327	1.54589811641286	0.6635913857709217
AT4G24010	2187	0.0	0.15986899945786673	-0.0917403296443504	-0.3060999009916527	-0.3884187475455568	0.3210796308901819	1.4651489043241765	1.7487402618276087	0.6425290003625739
AT4G24110	13149	0.0	1.5784420931980416	2.0726839082642634	1.3001406359316803	0.8669018438592818	0.8100255257849085	0.17995254969979016	-0.1261377483799859	-0.074169780101052
AT4G24230	19710	0.0	0.2594770867750919	0.3901934366723598	0.8886056503240549	0.1532022371402299	-0.1852070127748602	-1.4443403750480157	-1.7574870555176738	-0.6049078459056544
AT4G24350	26244	0.0	-0.4191483607925548	-0.6928177349239655	-1.1809003917792205	-0.26573393533128653	-1.0586476439106751	-0.446185710763709	-0.14513062018385073	-0.018387636353214665
AT4G24380	13149	0.0	1.5784420931980416	2.0726839082642634	1.3001406359316803	0.8669018438592818	0.8100255257849085	0.17995254969979016	-0.1261377483799859	-0.074169780101052
AT4G24570	13122	0.0	1.5784420931980416	2.0726839082642634	1.3001406359316803	0.8669018438592818	0.8100255257849085	-0.6042286920993255	-1.1314328463856558	-0.3467476747327473
AT4G24580	756	0.0	0.15986899945786673	0.5301591166623336	1.2583542586209566	1.5382050858165244	1.8432022325199333	1.8018190851493503	0.9955813478512939	0.6888211212003934
AT4G24610	729	0.0	0.15986899945786673	0.5301591166623336	1.2583542586209566	1.5382050858165244	1.8432022325199333	0.9893904484898937	0.2760319525297844	0.2733858240032958
AT4G25580	19764	0.0	0.2594770867750919	0.3901934366723598	0.8886056503240549	0.1532022371402299	1.2347596159245362	-0.10099651404966813	-0.6097594475114289	-0.3504713826261554
AT4G25810	13122	0.0	1.5784420931980416	2.0726839082642634	1.3001406359316803	0.8669018438592818	0.8100255257849085	-0.6042286920993255	-1.1314328463856558	-0.3467476747327473
AT4G25990	19710	0.0	0.2594770867750919	0.3901934366723598	0.8886056503240549	0.1532022371402299	-0.1852070127748602	-1.4443403750480157	-1.7574870555176738	-0.6049078459056544
AT4G26090	26244	0.0	-0.4191483607925548	-0.6928177349239655	-1.1809003917792205	-0.26573393533128653	-1.0586476439106751	-0.446185710763709	-0.14513062018385073	-0.018387636353214665
AT4G26150	26244	0.0	-0.4191483607925548	-0.6928177349239655	-1.1809003917792205	-0.26573393533128653	-1.0586476439106751	-0.446185710763709	-0.14513062018385073	-0.018387636353214665
AT4G26200	13149	0.0	1.5784420931980416	2.0726839082642634	1.3001406359316803	0.8669018438592818	0.8100255257849085	0.17995254969979016	-0.1261377483799859	-0.074169780101052
AT4G26260	19683	0.0	0.2594770867750919	0.3901934366723598	0.8886056503240549	0.1532022371402299	-0.1852070127748602	-2.473456450043764	-3.03357885882898	-0.966023943395892
AT4G26288	19710	0.0	0.2594770867750919	0.3901934366723598	0.8886056503240549	0.1532022371402299	-0.1852070127748602	-1.4443403750480157	-1.7574870555176738	-0.6049078459056544
AT4G26660	6561	0.0	0.09754178223316834	0.030274946644256312	-0.6000947183834374	-1.3208791928271721	-3.1947106676626715	-3.2362476155002584	-2.245829499919579	-0.8586564635545347
AT4G26790	2187	0.0	0.15986899945786673	-0.0917403296443504	-0.3060999009916527	-0.3884187475455568	0.3210796308901819	1.4651489043241765	1.7487402618276087	0.6425290003625739
AT4G27260	19764	0.0	0.2594770867750919	0.3901934366723598	0.8886056503240549	0.1532022371402299	1.2347596159245362	-0.10099651404966813	-0.6097594475114289	-0.3504713826261554
AT4G27280	13122	0.0	1.5784420931980416	2.0726839082642634	1.3001406359316803	0.8669018438592818	0.8100255257849085	-0.6042286920993255	-1.1314328463856558	-0.3467476747327473
AT4G27410	19710	0.0	0.2594770867750919	0.3901934366723598	0.8886056503240549	0.1532022371402299	-0.1852070127748602	-1.4443403750480157	-1.7574870555176738	-0.6049078459056544
AT4G27450	19710	0.0	0.2594770867750919	0.3901934366723598	0.8886056503240549	0.1532022371402299	-0.1852070127748602	-1.4443403750480157	-1.7574870555176738	-0.6049078459056544
AT4G27657	13122	0.0	1.5784420931980416	2.0726839082642634	1.3001406359316803	0.8669018438592818	0.8100255257849085	-0.6042286920993255	-1.1314328463856558	-0.3467476747327473
AT4G27820	26244	0.0	-0.4191483607925548	-0.6928177349239655	-1.1809003917792205	-0.26573393533128653	-1.0586476439106751	-0.446185710763709	-0.14513062018385073	-0.018387636353214665
AT4G27980	756	0.0	0.15986899945786673	0.5301591166623336	1.2583542586209566	1.5382050858165244	1.8432022325199333	1.8018190851493503	0.9955813478512939	0.6888211212003934
AT4G28040	19710	0.0	0.2594770867750919	0.3901934366723598	0.8886056503240549	0.1532022371402299	-0.1852070127748602	-1.4443403750480157	-1.7574870555176738	-0.6049078459056544
AT4G28230	6561	0.0	0.09754178223316834	0.030274946644256312	-0.6000947183834374	-1.3208791928271721	-3.1947106676626715	-3.2362476155002584	-2.245829499919579	-0.8586564635545347
AT4G28250	2187	0.0	0.15986899945786673	-0.0917403296443504	-0.3060999009916527	-0.3884187475455568	0.3210796308901819	1.4651489043241765	1.7487402618276087	0.6425290003625739
AT4G28410	6804	0.0	0.09754178223316834	0.030274946644256312	-0.6000947183834374	-0.6472251345249863	-1.7020916576118803	-1.7293145421430414	-1.0284087340327954	-0.4040570079780308
AT4G28430	6561	0.0	0.09754178223316834	0.030274946644256312	-0.6000947183834374	-1.3208791928271721	-3.1947106676626715	-3.2362476155002584	-2.245829499919579	-0.8586564635545347
AT4G28720	19764	0.0	0.2594770867750919	0.3901934366723598	0.8886056503240549	0.1532022371402299	1.2347596159245362	-0.10099651404966813	-0.6097594475114289	-0.3504713826261554
AT4G28850	26244	0.0	-0.4191483607925548	-0.6928177349239655	-1.1809003917792205	-0.26573393533128653	-1.0586476439106751	-0.446185710763709	-0.14513062018385073	-0.018387636353214665
AT4G28950	0	0.0	0.15986899945786673	0.5301591166623336	3.10784639009641	3.619842498464092	3.718734790841116	3.060101646820548	1.8000119906870518	1.3722504851878736
AT4G29170	0	0.0	0.15986899945786673	0.5301591166623336	3.10784639009641	3.619842498464092	3.718734790841116	3.060101646820548	1.8000119906870518	1.3722504851878736
AT4G29780	13149	0.0	1.5784420931980416	2.0726839082642634	1.3001406359316803	0.8669018438592818	0.8100255257849085	0.17995254969979016	-0.1261377483799859	-0.074169780101052
AT4G30270	19683	0.0	0.2594770867750919	0.3901934366723598	0.8886056503240549	0.1532022371402299	-0.1852070127748602	-2.473456450043764	-3.03357885882898	-0.966023943395892
AT4G30650	2187	0.0	0.15986899945786673	-0.0917403296443504	-0.3060999009916527	-0.3884187475455568	0.3210796308901819	1.4651489043241765	1.7487402618276087	0.6425290003625739
AT4G31500	2187	0.0	0.15986899945786673	-0.0917403296443504	-0.3060999009916527	-0.3884187475455568	0.3210796308901819	1.4651489043241765	1.7487402618276087	0.6425290003625739
AT4G31800	13149	0.0	1.5784420931980416	2.0726839082642634	1.3001406359316803	0.8669018438592818	0.8100255257849085	0.17995254969979016	-0.1261377483799859	-0.074169780101052
AT4G31840	6561	0.0	0.09754178223316834	0.030274946644256312	-0.6000947183834374	-1.3208791928271721	-3.1947106676626715	-3.2362476155002584	-2.245829499919579	-0.8586564635545347
AT4G31940	26244	0.0	-0.4191483607925548	-0.6928177349239655	-1.1809003917792205	-0.26573393533128653	-1.0586476439106751	-0.446185710763709	-0.14513062018385073	-0.018387636353214665
AT4G32280	19764	0.0	0.2594770867750919	0.3901934366723598	0.8886056503240549	0.1532022371402299	1.2347596159245362	-0.10099651404966813	-0.6097594475114289	-0.3504713826261554
AT4G32480	19710	0.0	0.2594770867750919	0.3901934366723598	0.8886056503240549	0.1532022371402299	-0.1852070127748602	-1.4443403750480157	-1.7574870555176738	-0.6049078459056544
AT4G32830	6561	0.0	0.09754178223316834	0.030274946644256312	-0.6000947183834374	-1.3208791928271721	-3.1947106676626715	-3.2362476155002584	-2.245829499919579	-0.8586564635545347
AT4G33050	13122	0.0	1.5784420931980416	2.0726839082642634	1.3001406359316803	0.8669018438592818	0.8100255257849085	-0.6042286920993255	-1.1314328463856558	-0.3467476747327473
AT4G33160	729	0.0	0.15986899945786673	0.5301591166623336	1.2583542586209566	1.5382050858165244	1.8432022325199333	0.9893904484898937	0.2760319525297844	0.2733858240032958
AT4G33260	6561	0.0	0.09754178223316834	0.030274946644256312	-0.6000947183834374	-1.3208791928271721	-3.1947106676626715	-3.2362476155002584	-2.245829499919579	-0.8586564635545347
AT4G33270	6561	0.0	0.09754178223316834	0.030274946644256312	-0.6000947183834374	-1.3208791928271721	-3.1947106676626715	-3.2362476155002584	-2.245829499919579	-0.8586564635545347
AT4G33980	6804	0.0	0.09754178223316834	0.030274946644256312	-0.6000947183834374	-0.6472251345249863	-1.7020916576118803	-1.7293145421430414	-1.0284087340327954	-0.4040570079780308
AT4G34030	19764	0.0	0.2594770867750919	0.3901934366723598	0.8886056503240549	0.1532022371402299	1.2347596159245362	-0.10099651404966813	-0.6097594475114289	-0.3504713826261554
AT4G34150	13149	0.0	1.5784420931980416	2.0726839082642634	1.3001406359316803	0.8669018438592818	0.8100255257849085	0.17995254969979016	-0.1261377483799859	-0.074169780101052
AT4G34320	756	0.0	0.15986899945786673	0.5301591166623336	1.2583542586209566	1.5382050858165244	1.8432022325199333	1.8018190851493503	0.9955813478512939	0.6888211212003934
AT4G34510	0	0.0	0.15986899945786673	0.5301591166623336	3.10784639009641	3.619842498464092	3.718734790841116	3.060101646820548	1.8000119906870518	1.3722504851878736
AT4G34530	19683	0.0	0.2594770867750919	0.3901934366723598	0.8886056503240549	0.1532022371402299	-0.1852070127748602	-2.473456450043764	-3.03357885882898	-0.966023943395892
AT4G34610	26244	0.0	-0.4191483607925548	-0.6928177349239655	-1.1809003917792205	-0.26573393533128653	-1.0586476439106751	-0.446185710763709	-0.14513062018385073	-0.018387636353214665
AT4G34630	2187	0.0	0.15986899945786673	-0.0917403296443504	-0.3060999009916527	-0.3884187475455568	0.3210796308901819	1.4651489043241765	1.7487402618276087	0.6425290003625739
AT4G34950	26244	0.0	-0.4191483607925548	-0.6928177349239655	-1.1809003917792205	-0.26573393533128653	-1.0586476439106751	-0.446185710763709	-0.14513062018385073	-0.018387636353214665
AT4G35030	756	0.0	0.15986899945786673	0.5301591166623336	1.2583542586209566	1.5382050858165244	1.8432022325199333	1.8018190851493503	0.9955813478512939	0.6888211212003934
AT4G35620	6561	0.0	0.09754178223316834	0.030274946644256312	-0.6000947183834374	-1.3208791928271721	-3.1947106676626715	-3.2362476155002584	-2.245829499919579	-0.8586564635545347
AT4G35640	2187	0.0	0.15986899945786673	-0.0917403296443504	-0.3060999009916527	-0.3884187475455568	0.3210796308901819	1.4651489043241765	1.7487402618276087	0.6425290003625739
AT4G35730	6561	0.0	0.09754178223316834	0.030274946644256312	-0.6000947183834374	-1.3208791928271721	-3.1947106676626715	-3.2362476155002584	-2.245829499919579	-0.8586564635545347
AT4G35740	756	0.0	0.15986899945786673	0.5301591166623336	1.2583542586209566	1.5382050858165244	1.8432022325199333	1.8018190851493503	0.9955813478512939	0.6888211212003934
AT4G35770	19683	0.0	0.2594770867750919	0.3901934366723598	0.8886056503240549	0.1532022371402299	-0.1852070127748602	-2.473456450043764	-3.03357885882898	-0.966023943395892
AT4G36040	19710	0.0	0.2594770867750919	0.3901934366723598	0.8886056503240549	0.1532022371402299	-0.1852070127748602	-1.4443403750480157	-1.7574870555176738	-0.6049078459056544
AT4G36120	6804	0.0	0.09754178223316834	0.030274946644256312	-0.6000947183834374	-0.6472251345249863	-1.7020916576118803	-1.7293145421430414	-1.0284087340327954	-0.4040570079780308
AT4G36430	729	0.0	0.15986899945786673	0.5301591166623336	1.2583542586209566	1.5382050858165244	1.8432022325199333	0.9893904484898937	0.2760319525297844	0.2733858240032958
AT4G36500	13149	0.0	1.5784420931980416	2.0726839082642634	1.3001406359316803	0.8669018438592818	0.8100255257849085	0.17995254969979016	-0.1261377483799859	-0.074169780101052
AT4G36610	2187	0.0	0.15986899945786673	-0.0917403296443504	-0.3060999009916527	-0.3884187475455568	0.3210796308901819	1.4651489043241765	1.7487402618276087	0.6425290003625739
AT4G36830	2187	0.0	0.15986899945786673	-0.0917403296443504	-0.3060999009916527	-0.3884187475455568	0.3210796308901819	1.4651489043241765	1.7487402618276087	0.6425290003625739
AT4G36850	19683	0.0	0.2594770867750919	0.3901934366723598	0.8886056503240549	0.1532022371402299	-0.1852070127748602	-2.473456450043764	-3.03357885882898	-0.966023943395892
AT4G36970	729	0.0	0.15986899945786673	0.5301591166623336	1.2583542586209566	1.5382050858165244	1.8432022325199333	0.9893904484898937	0.2760319525297844	0.2733858240032958
AT4G37030	0	0.0	0.15986899945786673	0.5301591166623336	3.10784639009641	3.619842498464092	3.718734790841116	3.060101646820548	1.8000119906870518	1.3722504851878736
AT4G37220	19710	0.0	0.2594770867750919	0.3901934366723598	0.8886056503240549	0.1532022371402299	-0.1852070127748602	-1.4443403750480157	-1.7574870555176738	-0.6049078459056544
AT4G37260	13122	0.0	1.5784420931980416	2.0726839082642634	1.3001406359316803	0.8669018438592818	0.8100255257849085	-0.6042286920993255	-1.1314328463856558	-0.3467476747327473
AT4G37370	729	0.0	0.15986899945786673	0.5301591166623336	1.2583542586209566	1.5382050858165244	1.8432022325199333	0.9893904484898937	0.2760319525297844	0.2733858240032958
AT4G37490	0	0.0	0.15986899945786673	0.5301591166623336	3.10784639009641	3.619842498464092	3.718734790841116	3.060101646820548	1.8000119906870518	1.3722504851878736
AT4G37610	19683	0.0	0.2594770867750919	0.3901934366723598	0.8886056503240549	0.1532022371402299	-0.1852070127748602	-2.473456450043764	-3.03357885882898	-0.966023943395892
AT4G37810	756	0.0	0.15986899945786673	0.5301591166623336	1.2583542586209566	1.5382050858165244	1.8432022325199333	1.8018190851493503	0.9955813478512939	0.6888211212003934
AT4G38062	6561	0.0	0.09754178223316834	0.030274946644256312	-0.6000947183834374	-1.3208791928271721	-3.1947106676626715	-3.2362476155002584	-2.245829499919579	-0.8586564635545347
AT4G38470	19710	0.0	0.2594770867750919	0.3901934366723598	0.8886056503240549	0.1532022371402299	-0.1852070127748602	-1.4443403750480157	-1.7574870555176738	-0.6049078459056544
AT4G38860	26244	0.0	-0.4191483607925548	-0.6928177349239655	-1.1809003917792205	-0.26573393533128653	-1.0586476439106751	-0.446185710763709	-0.14513062018385073	-0.018387636353214665
AT4G39210	2187	0.0	0.15986899945786673	-0.0917403296443504	-0.3060999009916527	-0.3884187475455568	0.3210796308901819	1.4651489043241765	1.7487402618276087	0.6425290003625739
AT4G39330	2187	0.0	0.15986899945786673	-0.0917403296443504	-0.3060999009916527	-0.3884187475455568	0.3210796308901819	1.4651489043241765	1.7487402618276087	0.6425290003625739
AT4G39675	19710	0.0	0.2594770867750919	0.3901934366723598	0.8886056503240549	0.1532022371402299	-0.1852070127748602	-1.4443403750480157	-1.7574870555176738	-0.6049078459056544
AT4G39780	729	0.0	0.15986899945786673	0.5301591166623336	1.2583542586209566	1.5382050858165244	1.8432022325199333	0.9893904484898937	0.2760319525297844	0.2733858240032958
AT4G39940	2187	0.0	0.15986899945786673	-0.0917403296443504	-0.3060999009916527	-0.3884187475455568	0.3210796308901819	1.4651489043241765	1.7487402618276087	0.6425290003625739
AT4G39952	729	0.0	0.15986899945786673	0.5301591166623336	1.2583542586209566	1.5382050858165244	1.8432022325199333	0.9893904484898937	0.2760319525297844	0.2733858240032958
AT5G01040	19764	0.0	0.2594770867750919	0.3901934366723598	0.8886056503240549	0.1532022371402299	1.2347596159245362	-0.10099651404966813	-0.6097594475114289	-0.3504713826261554
AT5G01100	13122	0.0	1.5784420931980416	2.0726839082642634	1.3001406359316803	0.8669018438592818	0.8100255257849085	-0.6042286920993255	-1.1314328463856558	-0.3467476747327473
AT5G01370	6804	0.0	0.09754178223316834	0.030274946644256312	-0.6000947183834374	-0.6472251345249863	-1.7020916576118803	-1.7293145421430414	-1.0284087340327954	-0.4040570079780308
AT5G01420	6804	0.0	0.09754178223316834	0.030274946644256312	-0.6000947183834374	-0.6472251345249863	-1.7020916576118803	-1.7293145421430414	-1.0284087340327954	-0.4040570079780308
AT5G01600	26244	0.0	-0.4191483607925548	-0.6928177349239655	-1.1809003917792205	-0.26573393533128653	-1.0586476439106751	-0.446185710763709	-0.14513062018385073	-0.018387636353214665
AT5G01910	6561	0.0	0.09754178223316834	0.030274946644256312	-0.6000947183834374	-1.3208791928271721	-3.1947106676626715	-3.2362476155002584	-2.245829499919579	-0.8586564635545347
AT5G02020	19764	0.0	0.2594770867750919	0.3901934366723598	0.8886056503240549	0.1532022371402299	1.2347596159245362	-0.10099651404966813	-0.6097594475114289	-0.3504713826261554
AT5G02220	0	0.0	0.15986899945786673	0.5301591166623336	3.10784639009641	3.619842498464092	3.718734790841116	3.060101646820548	1.8000119906870518	1.3722504851878736
AT5G02370	6804	0.0	0.09754178223316834	0.030274946644256312	-0.6000947183834374	-0.6472251345249863	-1.7020916576118803	-1.7293145421430414	-1.0284087340327954	-0.4040570079780308
AT5G02490	19791	0.0	0.2594770867750919	0.3901934366723598	0.8886056503240549	0.1532022371402299	1.2347596159245362	1.614604592026327	1.54589811641286	0.6635913857709217
AT5G02515	26244	0.0	-0.4191483607925548	-0.6928177349239655	-1.1809003917792205	-0.26573393533128653	-1.0586476439106751	-0.446185710763709	-0.14513062018385073	-0.018387636353214665
AT5G02540	19710	0.0	0.2594770867750919	0.3901934366723598	0.8886056503240549	0.1532022371402299	-0.1852070127748602	-1.4443403750480157	-1.7574870555176738	-0.6049078459056544
AT5G02760	26244	0.0	-0.4191483607925548	-0.6928177349239655	-1.1809003917792205	-0.26573393533128653	-1.0586476439106751	-0.446185710763709	-0.14513062018385073	-0.018387636353214665
AT5G02940	6804	0.0	0.09754178223316834	0.030274946644256312	-0.6000947183834374	-0.6472251345249863	-1.7020916576118803	-1.7293145421430414	-1.0284087340327954	-0.4040570079780308
AT5G03350	2187	0.0	0.15986899945786673	-0.0917403296443504	-0.3060999009916527	-0.3884187475455568	0.3210796308901819	1.4651489043241765	1.7487402618276087	0.6425290003625739
AT5G03495	2187	0.0	0.15986899945786673	-0.0917403296443504	-0.3060999009916527	-0.3884187475455568	0.3210796308901819	1.4651489043241765	1.7487402618276087	0.6425290003625739
AT5G03760	2187	0.0	0.15986899945786673	-0.0917403296443504	-0.3060999009916527	-0.3884187475455568	0.3210796308901819	1.4651489043241765	1.7487402618276087	0.6425290003625739
AT5G03780	81	0.0	0.15986899945786673	0.5301591166623336	3.10784639009641	3.619842498464092	5.804257859254649	5.293571319317618	3.839646797023559	3.120942743468567
AT5G03870	6561	0.0	0.09754178223316834	0.030274946644256312	-0.6000947183834374	-1.3208791928271721	-3.1947106676626715	-3.2362476155002584	-2.245829499919579	-0.8586564635545347
AT5G04340	13122	0.0	1.5784420931980416	2.0726839082642634	1.3001406359316803	0.8669018438592818	0.8100255257849085	-0.6042286920993255	-1.1314328463856558	-0.3467476747327473
AT5G04950	2187	0.0	0.15986899945786673	-0.0917403296443504	-0.3060999009916527	-0.3884187475455568	0.3210796308901819	1.4651489043241765	1.7487402618276087	0.6425290003625739
AT5G05270	2187	0.0	0.15986899945786673	-0.0917403296443504	-0.3060999009916527	-0.3884187475455568	0.3210796308901819	1.4651489043241765	1.7487402618276087	0.6425290003625739
AT5G05440	13122	0.0	1.5784420931980416	2.0726839082642634	1.3001406359316803	0.8669018438592818	0.8100255257849085	-0.6042286920993255	-1.1314328463856558	-0.3467476747327473
AT5G05510	6804	0.0	0.09754178223316834	0.030274946644256312	-0.6000947183834374	-0.6472251345249863	-1.7020916576118803	-1.7293145421430414	-1.0284087340327954	-0.4040570079780308
AT5G05940	6804	0.0	0.09754178223316834	0.030274946644256312	-0.6000947183834374	-0.6472251345249863	-1.7020916576118803	-1.7293145421430414	-1.0284087340327954	-0.4040570079780308
AT5G06090	19791	0.0	0.2594770867750919	0.3901934366723598	0.8886056503240549	0.1532022371402299	1.2347596159245362	1.614604592026327	1.54589811641286	0.6635913857709217
AT5G06150	6561	0.0	0.09754178223316834	0.030274946644256312	-0.6000947183834374	-1.3208791928271721	-3.1947106676626715	-3.2362476155002584	-2.245829499919579	-0.8586564635545347
AT5G06190	756	0.0	0.15986899945786673	0.5301591166623336	1.2583542586209566	1.5382050858165244	1.8432022325199333	1.8018190851493503	0.9955813478512939	0.6888211212003934
AT5G06320	13149	0.0	1.5784420931980416	2.0726839082642634	1.3001406359316803	0.8669018438592818	0.8100255257849085	0.17995254969979016	-0.1261377483799859	-0.074169780101052
AT5G06570	19710	0.0	0.2594770867750919	0.3901934366723598	0.8886056503240549	0.1532022371402299	-0.1852070127748602	-1.4443403750480157	-1.7574870555176738	-0.6049078459056544
AT5G06640	26244	0.0	-0.4191483607925548	-0.6928177349239655	-1.1809003917792205	-0.26573393533128653	-1.0586476439106751	-0.446185710763709	-0.14513062018385073	-0.018387636353214665
AT5G06790	26244	0.0	-0.4191483607925548	-0.6928177349239655	-1.1809003917792205	-0.26573393533128653	-1.0586476439106751	-0.446185710763709	-0.14513062018385073	-0.018387636353214665
AT5G06865	19710	0.0	0.2594770867750919	0.3901934366723598	0.8886056503240549	0.1532022371402299	-0.1852070127748602	-1.4443403750480157	-1.7574870555176738	-0.6049078459056544
AT5G06870	19710	0.0	0.2594770867750919	0.3901934366723598	0.8886056503240549	0.1532022371402299	-0.1852070127748602	-1.4443403750480157	-1.7574870555176738	-0.6049078459056544
AT5G06980	26244	0.0	-0.4191483607925548	-0.6928177349239655	-1.1809003917792205	-0.26573393533128653	-1.0586476439106751	-0.446185710763709	-0.14513062018385073	-0.018387636353214665
AT5G07000	19764	0.0	0.2594770867750919	0.3901934366723598	0.8886056503240549	0.1532022371402299	1.2347596159245362	-0.10099651404966813	-0.6097594475114289	-0.3504713826261554
AT5G07010	19764	0.0	0.2594770867750919	0.3901934366723598	0.8886056503240549	0.1532022371402299	1.2347596159245362	-0.10099651404966813	-0.6097594475114289	-0.3504713826261554
AT5G07100	19764	0.0	0.2594770867750919	0.3901934366723598	0.8886056503240549	0.1532022371402299	1.2347596159245362	-0.10099651404966813	-0.6097594475114289	-0.3504713826261554
AT5G07165	0	0.0	0.15986899945786673	0.5301591166623336	3.10784639009641	3.619842498464092	3.718734790841116	3.060101646820548	1.8000119906870518	1.3722504851878736
AT5G07440	19710	0.0	0.2594770867750919	0.3901934366723598	0.8886056503240549	0.1532022371402299	-0.1852070127748602	-1.4443403750480157	-1.7574870555176738	-0.6049078459056544
AT5G07475	2187	0.0	0.15986899945786673	-0.0917403296443504	-0.3060999009916527	-0.3884187475455568	0.3210796308901819	1.4651489043241765	1.7487402618276087	0.6425290003625739
AT5G07610	81	0.0	0.15986899945786673	0.5301591166623336	3.10784639009641	3.619842498464092	5.804257859254649	5.293571319317618	3.839646797023559	3.120942743468567
AT5G07620	756	0.0	0.15986899945786673	0.5301591166623336	1.2583542586209566	1.5382050858165244	1.8432022325199333	1.8018190851493503	0.9955813478512939	0.6888211212003934
AT5G07690	2187	0.0	0.15986899945786673	-0.0917403296443504	-0.3060999009916527	-0.3884187475455568	0.3210796308901819	1.4651489043241765	1.7487402618276087	0.6425290003625739
AT5G07790	756	0.0	0.15986899945786673	0.5301591166623336	1.2583542586209566	1.5382050858165244	1.8432022325199333	1.8018190851493503	0.9955813478512939	0.6888211212003934
AT5G07990	2187	0.0	0.15986899945786673	-0.0917403296443504	-0.3060999009916527	-0.3884187475455568	0.3210796308901819	1.4651489043241765	1.7487402618276087	0.6425290003625739
AT5G08150	19764	0.0	0.2594770867750919	0.3901934366723598	0.8886056503240549	0.1532022371402299	1.2347596159245362	-0.10099651404966813	-0.6097594475114289	-0.3504713826261554
AT5G08350	19710	0.0	0.2594770867750919	0.3901934366723598	0.8886056503240549	0.1532022371402299	-0.1852070127748602	-1.4443403750480157	-1.7574870555176738	-0.6049078459056544
AT5G08640	2187	0.0	0.15986899945786673	-0.0917403296443504	-0.3060999009916527	-0.3884187475455568	0.3210796308901819	1.4651489043241765	1.7487402618276087	0.6425290003625739
AT5G09520	19791	0.0	0.2594770867750919	0.3901934366723598	0.8886056503240549	0.1532022371402299	1.2347596159245362	1.614604592026327	1.54589811641286	0.6635913857709217
AT5G09530	19791	0.0	0.2594770867750919	0.3901934366723598	0.8886056503240549	0.1532022371402299	1.2347596159245362	1.614604592026327	1.54589811641286	0.6635913857709217
AT5G10380	13176	0.0	1.5784420931980416	2.0726839082642634	1.3001406359316803	0.8669018438592818	0.8100255257849085	1.083413755735228	0.7673280700712783	0.5393171676631839
AT5G10390	6804	0.0	0.09754178223316834	0.030274946644256312	-0.6000947183834374	-0.6472251345249863	-1.7020916576118803	-1.7293145421430414	-1.0284087340327954	-0.4040570079780308
AT5G10400	6804	0.0	0.09754178223316834	0.030274946644256312	-0.6000947183834374	-0.6472251345249863	-1.7020916576118803	-1.7293145421430414	-1.0284087340327954	-0.4040570079780308
AT5G10650	729	0.0	0.15986899945786673	0.5301591166623336	1.2583542586209566	1.5382050858165244	1.8432022325199333	0.9893904484898937	0.2760319525297844	0.2733858240032958
AT5G10695	13149	0.0	1.5784420931980416	2.0726839082642634	1.3001406359316803	0.8669018438592818	0.8100255257849085	0.17995254969979016	-0.1261377483799859	-0.074169780101052
AT5G11410	0	0.0	0.15986899945786673	0.5301591166623336	3.10784639009641	3.619842498464092	3.718734790841116	3.060101646820548	1.8000119906870518	1.3722504851878736
AT5G11460	0	0.0	0.15986899945786673	0.5301591166623336	3.10784639009641	3.619842498464092	3.718734790841116	3.060101646820548	1.8000119906870518	1.3722504851878736
AT5G11510	6804	0.0	0.09754178223316834	0.030274946644256312	-0.6000947183834374	-0.6472251345249863	-1.7020916576118803	-1.7293145421430414	-1.0284087340327954	-0.4040570079780308
AT5G12050	19764	0.0	0.2594770867750919	0.3901934366723598	0.8886056503240549	0.1532022371402299	1.2347596159245362	-0.10099651404966813	-0.6097594475114289	-0.3504713826261554
AT5G13080	19764	0.0	0.2594770867750919	0.3901934366723598	0.8886056503240549	0.1532022371402299	1.2347596159245362	-0.10099651404966813	-0.6097594475114289	-0.3504713826261554
AT5G13210	19764	0.0	0.2594770867750919	0.3901934366723598	0.8886056503240549	0.1532022371402299	1.2347596159245362	-0.10099651404966813	-0.6097594475114289	-0.3504713826261554
AT5G13840	6804	0.0	0.09754178223316834	0.030274946644256312	-0.6000947183834374	-0.6472251345249863	-1.7020916576118803	-1.7293145421430414	-1.0284087340327954	-0.4040570079780308
AT5G13930	2187	0.0	0.15986899945786673	-0.0917403296443504	-0.3060999009916527	-0.3884187475455568	0.3210796308901819	1.4651489043241765	1.7487402618276087	0.6425290003625739
AT5G14120	19683	0.0	0.2594770867750919	0.3901934366723598	0.8886056503240549	0.1532022371402299	-0.1852070127748602	-2.473456450043764	-3.03357885882898	-0.966023943395892
AT5G14420	729	0.0	0.15986899945786673	0.5301591166623336	1.2583542586209566	1.5382050858165244	1.8432022325199333	0.9893904484898937	0.2760319525297844	0.2733858240032958
AT5G14470	19764	0.0	0.2594770867750919	0.3901934366723598	0.8886056503240549	0.1532022371402299	1.2347596159245362	-0.10099651404966813	-0.6097594475114289	-0.3504713826261554
AT5G14490	0	0.0	0.15986899945786673	0.5301591166623336	3.10784639009641	3.619842498464092	3.718734790841116	3.060101646820548	1.8000119906870518	1.3722504851878736
AT5G14760	26244	0.0	-0.4191483607925548	-0.6928177349239655	-1.1809003917792205	-0.26573393533128653	-1.0586476439106751	-0.446185710763709	-0.14513062018385073	-0.018387636353214665
AT5G14930	756	0.0	0.15986899945786673	0.5301591166623336	1.2583542586209566	1.5382050858165244	1.8432022325199333	1.8018190851493503	0.9955813478512939	0.6888211212003934
AT5G15510	6561	0.0	0.09754178223316834	0.030274946644256312	-0.6000947183834374	-1.3208791928271721	-3.1947106676626715	-3.2362476155002584	-2.245829499919579	-0.8586564635545347
AT5G15540	729	0.0	0.15986899945786673	0.5301591166623336	1.2583542586209566	1.5382050858165244	1.8432022325199333	0.9893904484898937	0.2760319525297844	0.2733858240032958
AT5G15850	26244	0.0	-0.4191483607925548	-0.6928177349239655	-1.1809003917792205	-0.26573393533128653	-1.0586476439106751	-0.446185710763709	-0.14513062018385073	-0.018387636353214665
AT5G15950	26244	0.0	-0.4191483607925548	-0.6928177349239655	-1.1809003917792205	-0.26573393533128653	-1.0586476439106751	-0.446185710763709	-0.14513062018385073	-0.018387636353214665
AT5G15960	19764	0.0	0.2594770867750919	0.3901934366723598	0.8886056503240549	0.1532022371402299	1.2347596159245362	-0.10099651404966813	-0.6097594475114289	-0.3504713826261554
AT5G15970	19791	0.0	0.2594770867750919	0.3901934366723598	0.8886056503240549	0.1532022371402299	1.2347596159245362	1.614604592026327	1.54589811641286	0.6635913857709217
AT5G16250	6561	0.0	0.09754178223316834	0.030274946644256312	-0.6000947183834374	-1.3208791928271721	-3.1947106676626715	-3.2362476155002584	-2.245829499919579	-0.8586564635545347
AT5G16370	19710	0.0	0.2594770867750919	0.3901934366723598	0.8886056503240549	0.1532022371402299	-0.1852070127748602	-1.4443403750480157	-1.7574870555176738	-0.6049078459056544
AT5G17160	6561	0.0	0.09754178223316834	0.030274946644256312	-0.6000947183834374	-1.3208791928271721	-3.1947106676626715	-3.2362476155002584	-2.245829499919579	-0.8586564635545347
AT5G17220	2187	0.0	0.15986899945786673	-0.0917403296443504	-0.3060999009916527	-0.3884187475455568	0.3210796308901819	1.4651489043241765	1.7487402618276087	0.6425290003625739
AT5G17300	26244	0.0	-0.4191483607925548	-0.6928177349239655	-1.1809003917792205	-0.26573393533128653	-1.0586476439106751	-0.446185710763709	-0.14513062018385073	-0.018387636353214665
AT5G17350	13122	0.0	1.5784420931980416	2.0726839082642634	1.3001406359316803	0.8669018438592818	0.8100255257849085	-0.6042286920993255	-1.1314328463856558	-0.3467476747327473
AT5G18060	19764	0.0	0.2594770867750919	0.3901934366723598	0.8886056503240549	0.1532022371402299	1.2347596159245362	-0.10099651404966813	-0.6097594475114289	-0.3504713826261554
AT5G18130	19764	0.0	0.2594770867750919	0.3901934366723598	0.8886056503240549	0.1532022371402299	1.2347596159245362	-0.10099651404966813	-0.6097594475114289	-0.3504713826261554
AT5G18270	756	0.0	0.15986899945786673	0.5301591166623336	1.2583542586209566	1.5382050858165244	1.8432022325199333	1.8018190851493503	0.9955813478512939	0.6888211212003934
AT5G18470	729	0.0	0.15986899945786673	0.5301591166623336	1.2583542586209566	1.5382050858165244	1.8432022325199333	0.9893904484898937	0.2760319525297844	0.2733858240032958
AT5G18490	13149	0.0	1.5784420931980416	2.0726839082642634	1.3001406359316803	0.8669018438592818	0.8100255257849085	0.17995254969979016	-0.1261377483799859	-0.074169780101052
AT5G18670	6804	0.0	0.09754178223316834	0.030274946644256312	-0.6000947183834374	-0.6472251345249863	-1.7020916576118803	-1.7293145421430414	-1.0284087340327954	-0.4040570079780308
AT5G19120	19683	0.0	0.2594770867750919	0.3901934366723598	0.8886056503240549	0.1532022371402299	-0.1852070127748602	-2.473456450043764	-3.03357885882898	-0.966023943395892
AT5G19190	19764	0.0	0.2594770867750919	0.3901934366723598	0.8886056503240549	0.1532022371402299	1.2347596159245362	-0.10099651404966813	-0.6097594475114289	-0.3504713826261554
AT5G19240	13149	0.0	1.5784420931980416	2.0726839082642634	1.3001406359316803	0.8669018438592818	0.8100255257849085	0.17995254969979016	-0.1261377483799859	-0.074169780101052
AT5G19410	2187	0.0	0.15986899945786673	-0.0917403296443504	-0.3060999009916527	-0.3884187475455568	0.3210796308901819	1.4651489043241765	1.7487402618276087	0.6425290003625739
AT5G19520	6804	0.0	0.09754178223316834	0.030274946644256312	-0.6000947183834374	-0.6472251345249863	-1.7020916576118803	-1.7293145421430414	-1.0284087340327954	-0.4040570079780308
AT5G20000	729	0.0	0.15986899945786673	0.5301591166623336	1.2583542586209566	1.5382050858165244	1.8432022325199333	0.9893904484898937	0.2760319525297844	0.2733858240032958
AT5G20230	13122	0.0	1.5784420931980416	2.0726839082642634	1.3001406359316803	0.8669018438592818	0.8100255257849085	-0.6042286920993255	-1.1314328463856558	-0.3467476747327473
AT5G20250	19683	0.0	0.2594770867750919	0.3901934366723598	0.8886056503240549	0.1532022371402299	-0.1852070127748602	-2.473456450043764	-3.03357885882898	-0.966023943395892
AT5G20740	2187	0.0	0.15986899945786673	-0.0917403296443504	-0.3060999009916527	-0.3884187475455568	0.3210796308901819	1.4651489043241765	1.7487402618276087	0.6425290003625739
AT5G20790	26244	0.0	-0.4191483607925548	-0.6928177349239655	-1.1809003917792205	-0.26573393533128653	-1.0586476439106751	-0.446185710763709	-0.14513062018385073	-0.018387636353214665
AT5G20850	81	0.0	0.15986899945786673	0.5301591166623336	3.10784639009641	3.619842498464092	5.804257859254649	5.293571319317618	3.839646797023559	3.120942743468567
AT5G20930	729	0.0	0.15986899945786673	0.5301591166623336	1.2583542586209566	1.5382050858165244	1.8432022325199333	0.9893904484898937	0.2760319525297844	0.2733858240032958
AT5G21140	756	0.0	0.15986899945786673	0.5301591166623336	1.2583542586209566	1.5382050858165244	1.8432022325199333	1.8018190851493503	0.9955813478512939	0.6888211212003934
AT5G21170	19710	0.0	0.2594770867750919	0.3901934366723598	0.8886056503240549	0.1532022371402299	-0.1852070127748602	-1.4443403750480157	-1.7574870555176738	-0.6049078459056544
AT5G21940	19683	0.0	0.2594770867750919	0.3901934366723598	0.8886056503240549	0.1532022371402299	-0.1852070127748602	-2.473456450043764	-3.03357885882898	-0.966023943395892
AT5G22010	729	0.0	0.15986899945786673	0.5301591166623336	1.2583542586209566	1.5382050858165244	1.8432022325199333	0.9893904484898937	0.2760319525297844	0.2733858240032958
AT5G22020	756	0.0	0.15986899945786673	0.5301591166623336	1.2583542586209566	1.5382050858165244	1.8432022325199333	1.8018190851493503	0.9955813478512939	0.6888211212003934
AT5G22250	13149	0.0	1.5784420931980416	2.0726839082642634	1.3001406359316803	0.8669018438592818	0.8100255257849085	0.17995254969979016	-0.1261377483799859	-0.074169780101052
AT5G22500	729	0.0	0.15986899945786673	0.5301591166623336	1.2583542586209566	1.5382050858165244	1.8432022325199333	0.9893904484898937	0.2760319525297844	0.2733858240032958
AT5G22660	756	0.0	0.15986899945786673	0.5301591166623336	1.2583542586209566	1.5382050858165244	1.8432022325199333	1.8018190851493503	0.9955813478512939	0.6888211212003934
AT5G22690	13122	0.0	1.5784420931980416	2.0726839082642634	1.3001406359316803	0.8669018438592818	0.8100255257849085	-0.6042286920993255	-1.1314328463856558	-0.3467476747327473
AT5G22880	6804	0.0	0.09754178223316834	0.030274946644256312	-0.6000947183834374	-0.6472251345249863	-1.7020916576118803	-1.7293145421430414	-1.0284087340327954	-0.4040570079780308
AT5G22920	19683	0.0	0.2594770867750919	0.3901934366723598	0.8886056503240549	0.1532022371402299	-0.1852070127748602	-2.473456450043764	-3.03357885882898	-0.966023943395892
AT5G23010	26244	0.0	-0.4191483607925548	-0.6928177349239655	-1.1809003917792205	-0.26573393533128653	-1.0586476439106751	-0.446185710763709	-0.14513062018385073	-0.018387636353214665
AT5G23240	2187	0.0	0.15986899945786673	-0.0917403296443504	-0.3060999009916527	-0.3884187475455568	0.3210796308901819	1.4651489043241765	1.7487402618276087	0.6425290003625739
AT5G23910	0	0.0	0.15986899945786673	0.5301591166623336	3.10784639009641	3.619842498464092	3.718734790841116	3.060101646820548	1.8000119906870518	1.3722504851878736
AT5G24155	2187	0.0	0.15986899945786673	-0.0917403296443504	-0.3060999009916527	-0.3884187475455568	0.3210796308901819	1.4651489043241765	1.7487402618276087	0.6425290003625739
AT5G24210	13176	0.0	1.5784420931980416	2.0726839082642634	1.3001406359316803	0.8669018438592818	0.8100255257849085	1.083413755735228	0.7673280700712783	0.5393171676631839
AT5G24280	81	0.0	0.15986899945786673	0.5301591166623336	3.10784639009641	3.619842498464092	5.804257859254649	5.293571319317618	3.839646797023559	3.120942743468567
AT5G24470	26244	0.0	-0.4191483607925548	-0.6928177349239655	-1.1809003917792205	-0.26573393533128653	-1.0586476439106751	-0.446185710763709	-0.14513062018385073	-0.018387636353214665
AT5G24590	13149	0.0	1.5784420931980416	2.0726839082642634	1.3001406359316803	0.8669018438592818	0.8100255257849085	0.17995254969979016	-0.1261377483799859	-0.074169780101052
AT5G24660	19791	0.0	0.2594770867750919	0.3901934366723598	0.8886056503240549	0.1532022371402299	1.2347596159245362	1.614604592026327	1.54589811641286	0.6635913857709217
AT5G24770	26244	0.0	-0.4191483607925548	-0.6928177349239655	-1.1809003917792205	-0.26573393533128653	-1.0586476439106751	-0.446185710763709	-0.14513062018385073	-0.018387636353214665
AT5G25090	6561	0.0	0.09754178223316834	0.030274946644256312	-0.6000947183834374	-1.3208791928271721	-3.1947106676626715	-3.2362476155002584	-2.245829499919579	-0.8586564635545347
AT5G25190	19764	0.0	0.2594770867750919	0.3901934366723598	0.8886056503240549	0.1532022371402299	1.2347596159245362	-0.10099651404966813	-0.6097594475114289	-0.3504713826261554
AT5G25250	729	0.0	0.15986899945786673	0.5301591166623336	1.2583542586209566	1.5382050858165244	1.8432022325199333	0.9893904484898937	0.2760319525297844	0.2733858240032958
AT5G25450	729	0.0	0.15986899945786673	0.5301591166623336	1.2583542586209566	1.5382050858165244	1.8432022325199333	0.9893904484898937	0.2760319525297844	0.2733858240032958
AT5G25620	26244	0.0	-0.4191483607925548	-0.6928177349239655	-1.1809003917792205	-0.26573393533128653	-1.0586476439106751	-0.446185710763709	-0.14513062018385073	-0.018387636353214665
AT5G25930	13149	0.0	1.5784420931980416	2.0726839082642634	1.3001406359316803	0.8669018438592818	0.8100255257849085	0.17995254969979016	-0.1261377483799859	-0.074169780101052
AT5G26170	0	0.0	0.15986899945786673	0.5301591166623336	3.10784639009641	3.619842498464092	3.718734790841116	3.060101646820548	1.8000119906870518	1.3722504851878736
AT5G26220	2187	0.0	0.15986899945786673	-0.0917403296443504	-0.3060999009916527	-0.3884187475455568	0.3210796308901819	1.4651489043241765	1.7487402618276087	0.6425290003625739
AT5G26920	13176	0.0	1.5784420931980416	2.0726839082642634	1.3001406359316803	0.8669018438592818	0.8100255257849085	1.083413755735228	0.7673280700712783	0.5393171676631839
AT5G27030	729	0.0	0.15986899945786673	0.5301591166623336	1.2583542586209566	1.5382050858165244	1.8432022325199333	0.9893904484898937	0.2760319525297844	0.2733858240032958
AT5G27420	13122	0.0	1.5784420931980416	2.0726839082642634	1.3001406359316803	0.8669018438592818	0.8100255257849085	-0.6042286920993255	-1.1314328463856558	-0.3467476747327473
AT5G27550	6804	0.0	0.09754178223316834	0.030274946644256312	-0.6000947183834374	-0.6472251345249863	-1.7020916576118803	-1.7293145421430414	-1.0284087340327954	-0.4040570079780308
AT5G27760	756	0.0	0.15986899945786673	0.5301591166623336	1.2583542586209566	1.5382050858165244	1.8432022325199333	1.8018190851493503	0.9955813478512939	0.6888211212003934
AT5G28030	2187	0.0	0.15986899945786673	-0.0917403296443504	-0.3060999009916527	-0.3884187475455568	0.3210796308901819	1.4651489043241765	1.7487402618276087	0.6425290003625739
AT5G28610	13149	0.0	1.5784420931980416	2.0726839082642634	1.3001406359316803	0.8669018438592818	0.8100255257849085	0.17995254969979016	-0.1261377483799859	-0.074169780101052
AT5G28630	13122	0.0	1.5784420931980416	2.0726839082642634	1.3001406359316803	0.8669018438592818	0.8100255257849085	-0.6042286920993255	-1.1314328463856558	-0.3467476747327473
AT5G28910	2187	0.0	0.15986899945786673	-0.0917403296443504	-0.3060999009916527	-0.3884187475455568	0.3210796308901819	1.4651489043241765	1.7487402618276087	0.6425290003625739
AT5G28919	26244	0.0	-0.4191483607925548	-0.6928177349239655	-1.1809003917792205	-0.26573393533128653	-1.0586476439106751	-0.446185710763709	-0.14513062018385073	-0.018387636353214665
AT5G35190	26244	0.0	-0.4191483607925548	-0.6928177349239655	-1.1809003917792205	-0.26573393533128653	-1.0586476439106751	-0.446185710763709	-0.14513062018385073	-0.018387636353214665
AT5G35735	13149	0.0	1.5784420931980416	2.0726839082642634	1.3001406359316803	0.8669018438592818	0.8100255257849085	0.17995254969979016	-0.1261377483799859	-0.074169780101052
AT5G36220	26244	0.0	-0.4191483607925548	-0.6928177349239655	-1.1809003917792205	-0.26573393533128653	-1.0586476439106751	-0.446185710763709	-0.14513062018385073	-0.018387636353214665
AT5G36710	6561	0.0	0.09754178223316834	0.030274946644256312	-0.6000947183834374	-1.3208791928271721	-3.1947106676626715	-3.2362476155002584	-2.245829499919579	-0.8586564635545347
AT5G36800	6561	0.0	0.09754178223316834	0.030274946644256312	-0.6000947183834374	-1.3208791928271721	-3.1947106676626715	-3.2362476155002584	-2.245829499919579	-0.8586564635545347
AT5G36910	26244	0.0	-0.4191483607925548	-0.6928177349239655	-1.1809003917792205	-0.26573393533128653	-1.0586476439106751	-0.446185710763709	-0.14513062018385073	-0.018387636353214665
AT5G37010	6804	0.0	0.09754178223316834	0.030274946644256312	-0.6000947183834374	-0.6472251345249863	-1.7020916576118803	-1.7293145421430414	-1.0284087340327954	-0.4040570079780308
AT5G37260	6804	0.0	0.09754178223316834	0.030274946644256312	-0.6000947183834374	-0.6472251345249863	-1.7020916576118803	-1.7293145421430414	-1.0284087340327954	-0.4040570079780308
AT5G37690	2187	0.0	0.15986899945786673	-0.0917403296443504	-0.3060999009916527	-0.3884187475455568	0.3210796308901819	1.4651489043241765	1.7487402618276087	0.6425290003625739
AT5G37770	13149	0.0	1.5784420931980416	2.0726839082642634	1.3001406359316803	0.8669018438592818	0.8100255257849085	0.17995254969979016	-0.1261377483799859	-0.074169780101052
AT5G37990	2187	0.0	0.15986899945786673	-0.0917403296443504	-0.3060999009916527	-0.3884187475455568	0.3210796308901819	1.4651489043241765	1.7487402618276087	0.6425290003625739
AT5G38020	2187	0.0	0.15986899945786673	-0.0917403296443504	-0.3060999009916527	-0.3884187475455568	0.3210796308901819	1.4651489043241765	1.7487402618276087	0.6425290003625739
AT5G38300	6804	0.0	0.09754178223316834	0.030274946644256312	-0.6000947183834374	-0.6472251345249863	-1.7020916576118803	-1.7293145421430414	-1.0284087340327954	-0.4040570079780308
AT5G38650	756	0.0	0.15986899945786673	0.5301591166623336	1.2583542586209566	1.5382050858165244	1.8432022325199333	1.8018190851493503	0.9955813478512939	0.6888211212003934
AT5G38900	756	0.0	0.15986899945786673	0.5301591166623336	1.2583542586209566	1.5382050858165244	1.8432022325199333	1.8018190851493503	0.9955813478512939	0.6888211212003934
AT5G38980	2187	0.0	0.15986899945786673	-0.0917403296443504	-0.3060999009916527	-0.3884187475455568	0.3210796308901819	1.4651489043241765	1.7487402618276087	0.6425290003625739
AT5G39050	729	0.0	0.15986899945786673	0.5301591166623336	1.2583542586209566	1.5382050858165244	1.8432022325199333	0.9893904484898937	0.2760319525297844	0.2733858240032958
AT5G39580	13122	0.0	1.5784420931980416	2.0726839082642634	1.3001406359316803	0.8669018438592818	0.8100255257849085	-0.6042286920993255	-1.1314328463856558	-0.3467476747327473
AT5G39670	13176	0.0	1.5784420931980416	2.0726839082642634	1.3001406359316803	0.8669018438592818	0.8100255257849085	1.083413755735228	0.7673280700712783	0.5393171676631839
AT5G40010	729	0.0	0.15986899945786673	0.5301591166623336	1.2583542586209566	1.5382050858165244	1.8432022325199333	0.9893904484898937	0.2760319525297844	0.2733858240032958
AT5G40090	729	0.0	0.15986899945786673	0.5301591166623336	1.2583542586209566	1.5382050858165244	1.8432022325199333	0.9893904484898937	0.2760319525297844	0.2733858240032958
AT5G40590	19764	0.0	0.2594770867750919	0.3901934366723598	0.8886056503240549	0.1532022371402299	1.2347596159245362	-0.10099651404966813	-0.6097594475114289	-0.3504713826261554
AT5G40840	0	0.0	0.15986899945786673	0.5301591166623336	3.10784639009641	3.619842498464092	3.718734790841116	3.060101646820548	1.8000119906870518	1.3722504851878736
AT5G40980	2187	0.0	0.15986899945786673	-0.0917403296443504	-0.3060999009916527	-0.3884187475455568	0.3210796308901819	1.4651489043241765	1.7487402618276087	0.6425290003625739
AT5G41100	13149	0.0	1.5784420931980416	2.0726839082642634	1.3001406359316803	0.8669018438592818	0.8100255257849085	0.17995254969979016	-0.1261377483799859	-0.074169780101052
AT5G41380	2187	0.0	0.15986899945786673	-0.0917403296443504	-0.3060999009916527	-0.3884187475455568	0.3210796308901819	1.4651489043241765	1.7487402618276087	0.6425290003625739
AT5G41740	13122	0.0	1.5784420931980416	2.0726839082642634	1.3001406359316803	0.8669018438592818	0.8100255257849085	-0.6042286920993255	-1.1314328463856558	-0.3467476747327473
AT5G41750	13149	0.0	1.5784420931980416	2.0726839082642634	1.3001406359316803	0.8669018438592818	0.8100255257849085	0.17995254969979016	-0.1261377483799859	-0.074169780101052
AT5G41880	2187	0.0	0.15986899945786673	-0.0917403296443504	-0.3060999009916527	-0.3884187475455568	0.3210796308901819	1.4651489043241765	1.7487402618276087	0.6425290003625739
AT5G42050	13176	0.0	1.5784420931980416	2.0726839082642634	1.3001406359316803	0.8669018438592818	0.8100255257849085	1.083413755735228	0.7673280700712783	0.5393171676631839
AT5G42200	19764	0.0	0.2594770867750919	0.3901934366723598	0.8886056503240549	0.1532022371402299	1.2347596159245362	-0.10099651404966813	-0.6097594475114289	-0.3504713826261554
AT5G42210	756	0.0	0.15986899945786673	0.5301591166623336	1.2583542586209566	1.5382050858165244	1.8432022325199333	1.8018190851493503	0.9955813478512939	0.6888211212003934
AT5G42700	6804	0.0	0.09754178223316834	0.030274946644256312	-0.6000947183834374	-0.6472251345249863	-1.7020916576118803	-1.7293145421430414	-1.0284087340327954	-0.4040570079780308
AT5G42760	26244	0.0	-0.4191483607925548	-0.6928177349239655	-1.1809003917792205	-0.26573393533128653	-1.0586476439106751	-0.446185710763709	-0.14513062018385073	-0.018387636353214665
AT5G42800	2187	0.0	0.15986899945786673	-0.0917403296443504	-0.3060999009916527	-0.3884187475455568	0.3210796308901819	1.4651489043241765	1.7487402618276087	0.6425290003625739
AT5G43170	13149	0.0	1.5784420931980416	2.0726839082642634	1.3001406359316803	0.8669018438592818	0.8100255257849085	0.17995254969979016	-0.1261377483799859	-0.074169780101052
AT5G43420	2187	0.0	0.15986899945786673	-0.0917403296443504	-0.3060999009916527	-0.3884187475455568	0.3210796308901819	1.4651489043241765	1.7487402618276087	0.6425290003625739
AT5G43440	756	0.0	0.15986899945786673	0.5301591166623336	1.2583542586209566	1.5382050858165244	1.8432022325199333	1.8018190851493503	0.9955813478512939	0.6888211212003934
AT5G43450	729	0.0	0.15986899945786673	0.5301591166623336	1.2583542586209566	1.5382050858165244	1.8432022325199333	0.9893904484898937	0.2760319525297844	0.2733858240032958
AT5G43630	729	0.0	0.15986899945786673	0.5301591166623336	1.2583542586209566	1.5382050858165244	1.8432022325199333	0.9893904484898937	0.2760319525297844	0.2733858240032958
AT5G43890	13149	0.0	1.5784420931980416	2.0726839082642634	1.3001406359316803	0.8669018438592818	0.8100255257849085	0.17995254969979016	-0.1261377483799859	-0.074169780101052
AT5G44040	6804	0.0	0.09754178223316834	0.030274946644256312	-0.6000947183834374	-0.6472251345249863	-1.7020916576118803	-1.7293145421430414	-1.0284087340327954	-0.4040570079780308
AT5G44050	6804	0.0	0.09754178223316834	0.030274946644256312	-0.6000947183834374	-0.6472251345249863	-1.7020916576118803	-1.7293145421430414	-1.0284087340327954	-0.4040570079780308
AT5G44260	19683	0.0	0.2594770867750919	0.3901934366723598	0.8886056503240549	0.1532022371402299	-0.1852070127748602	-2.473456450043764	-3.03357885882898	-0.966023943395892
AT5G44400	2187	0.0	0.15986899945786673	-0.0917403296443504	-0.3060999009916527	-0.3884187475455568	0.3210796308901819	1.4651489043241765	1.7487402618276087	0.6425290003625739
AT5G44568	13176	0.0	1.5784420931980416	2.0726839082642634	1.3001406359316803	0.8669018438592818	0.8100255257849085	1.083413755735228	0.7673280700712783	0.5393171676631839
AT5G45110	13149	0.0	1.5784420931980416	2.0726839082642634	1.3001406359316803	0.8669018438592818	0.8100255257849085	0.17995254969979016	-0.1261377483799859	-0.074169780101052
AT5G45340	13122	0.0	1.5784420931980416	2.0726839082642634	1.3001406359316803	0.8669018438592818	0.8100255257849085	-0.6042286920993255	-1.1314328463856558	-0.3467476747327473
AT5G45400	756	0.0	0.15986899945786673	0.5301591166623336	1.2583542586209566	1.5382050858165244	1.8432022325199333	1.8018190851493503	0.9955813478512939	0.6888211212003934
AT5G45650	2187	0.0	0.15986899945786673	-0.0917403296443504	-0.3060999009916527	-0.3884187475455568	0.3210796308901819	1.4651489043241765	1.7487402618276087	0.6425290003625739
AT5G45700	6561	0.0	0.09754178223316834	0.030274946644256312	-0.6000947183834374	-1.3208791928271721	-3.1947106676626715	-3.2362476155002584	-2.245829499919579	-0.8586564635545347
AT5G45950	2187	0.0	0.15986899945786673	-0.0917403296443504	-0.3060999009916527	-0.3884187475455568	0.3210796308901819	1.4651489043241765	1.7487402618276087	0.6425290003625739
AT5G46240	19764	0.0	0.2594770867750919	0.3901934366723598	0.8886056503240549	0.1532022371402299	1.2347596159245362	-0.10099651404966813	-0.6097594475114289	-0.3504713826261554
AT5G46710	13176	0.0	1.5784420931980416	2.0726839082642634	1.3001406359316803	0.8669018438592818	0.8100255257849085	1.083413755735228	0.7673280700712783	0.5393171676631839
AT5G46890	26244	0.0	-0.4191483607925548	-0.6928177349239655	-1.1809003917792205	-0.26573393533128653	-1.0586476439106751	-0.446185710763709	-0.14513062018385073	-0.018387636353214665
AT5G46900	26244	0.0	-0.4191483607925548	-0.6928177349239655	-1.1809003917792205	-0.26573393533128653	-1.0586476439106751	-0.446185710763709	-0.14513062018385073	-0.018387636353214665
AT5G47050	729	0.0	0.15986899945786673	0.5301591166623336	1.2583542586209566	1.5382050858165244	1.8432022325199333	0.9893904484898937	0.2760319525297844	0.2733858240032958
AT5G47070	13176	0.0	1.5784420931980416	2.0726839082642634	1.3001406359316803	0.8669018438592818	0.8100255257849085	1.083413755735228	0.7673280700712783	0.5393171676631839
AT5G47220	13122	0.0	1.5784420931980416	2.0726839082642634	1.3001406359316803	0.8669018438592818	0.8100255257849085	-0.6042286920993255	-1.1314328463856558	-0.3467476747327473
AT5G47230	13149	0.0	1.5784420931980416	2.0726839082642634	1.3001406359316803	0.8669018438592818	0.8100255257849085	0.17995254969979016	-0.1261377483799859	-0.074169780101052
AT5G47450	26244	0.0	-0.4191483607925548	-0.6928177349239655	-1.1809003917792205	-0.26573393533128653	-1.0586476439106751	-0.446185710763709	-0.14513062018385073	-0.018387636353214665
AT5G47500	6561	0.0	0.09754178223316834	0.030274946644256312	-0.6000947183834374	-1.3208791928271721	-3.1947106676626715	-3.2362476155002584	-2.245829499919579	-0.8586564635545347
AT5G47560	19710	0.0	0.2594770867750919	0.3901934366723598	0.8886056503240549	0.1532022371402299	-0.1852070127748602	-1.4443403750480157	-1.7574870555176738	-0.6049078459056544
AT5G47610	26244	0.0	-0.4191483607925548	-0.6928177349239655	-1.1809003917792205	-0.26573393533128653	-1.0586476439106751	-0.446185710763709	-0.14513062018385073	-0.018387636353214665
AT5G47910	13149	0.0	1.5784420931980416	2.0726839082642634	1.3001406359316803	0.8669018438592818	0.8100255257849085	0.17995254969979016	-0.1261377483799859	-0.074169780101052
AT5G48000	2187	0.0	0.15986899945786673	-0.0917403296443504	-0.3060999009916527	-0.3884187475455568	0.3210796308901819	1.4651489043241765	1.7487402618276087	0.6425290003625739
AT5G48010	2187	0.0	0.15986899945786673	-0.0917403296443504	-0.3060999009916527	-0.3884187475455568	0.3210796308901819	1.4651489043241765	1.7487402618276087	0.6425290003625739
AT5G48020	0	0.0	0.15986899945786673	0.5301591166623336	3.10784639009641	3.619842498464092	3.718734790841116	3.060101646820548	1.8000119906870518	1.3722504851878736
AT5G48310	6561	0.0	0.09754178223316834	0.030274946644256312	-0.6000947183834374	-1.3208791928271721	-3.1947106676626715	-3.2362476155002584	-2.245829499919579	-0.8586564635545347
AT5G48430	13149	0.0	1.5784420931980416	2.0726839082642634	1.3001406359316803	0.8669018438592818	0.8100255257849085	0.17995254969979016	-0.1261377483799859	-0.074169780101052
AT5G48460	6804	0.0	0.09754178223316834	0.030274946644256312	-0.6000947183834374	-0.6472251345249863	-1.7020916576118803	-1.7293145421430414	-1.0284087340327954	-0.4040570079780308
AT5G48490	19791	0.0	0.2594770867750919	0.3901934366723598	0.8886056503240549	0.1532022371402299	1.2347596159245362	1.614604592026327	1.54589811641286	0.6635913857709217
AT5G48720	81	0.0	0.15986899945786673	0.5301591166623336	3.10784639009641	3.619842498464092	5.804257859254649	5.293571319317618	3.839646797023559	3.120942743468567
AT5G48850	19791	0.0	0.2594770867750919	0.3901934366723598	0.8886056503240549	0.1532022371402299	1.2347596159245362	1.614604592026327	1.54589811641286	0.6635913857709217
AT5G48880	2187	0.0	0.15986899945786673	-0.0917403296443504	-0.3060999009916527	-0.3884187475455568	0.3210796308901819	1.4651489043241765	1.7487402618276087	0.6425290003625739
AT5G49110	0	0.0	0.15986899945786673	0.5301591166623336	3.10784639009641	3.619842498464092	3.718734790841116	3.060101646820548	1.8000119906870518	1.3722504851878736
AT5G49360	19683	0.0	0.2594770867750919	0.3901934366723598	0.8886056503240549	0.1532022371402299	-0.1852070127748602	-2.473456450043764	-3.03357885882898	-0.966023943395892
AT5G49450	19710	0.0	0.2594770867750919	0.3901934366723598	0.8886056503240549	0.1532022371402299	-0.1852070127748602	-1.4443403750480157	-1.7574870555176738	-0.6049078459056544
AT5G49480	0	0.0	0.15986899945786673	0.5301591166623336	3.10784639009641	3.619842498464092	3.718734790841116	3.060101646820548	1.8000119906870518	1.3722504851878736
AT5G49520	13176	0.0	1.5784420931980416	2.0726839082642634	1.3001406359316803	0.8669018438592818	0.8100255257849085	1.083413755735228	0.7673280700712783	0.5393171676631839
AT5G49630	756	0.0	0.15986899945786673	0.5301591166623336	1.2583542586209566	1.5382050858165244	1.8432022325199333	1.8018190851493503	0.9955813478512939	0.6888211212003934
AT5G49700	19764	0.0	0.2594770867750919	0.3901934366723598	0.8886056503240549	0.1532022371402299	1.2347596159245362	-0.10099651404966813	-0.6097594475114289	-0.3504713826261554
AT5G49740	26244	0.0	-0.4191483607925548	-0.6928177349239655	-1.1809003917792205	-0.26573393533128653	-1.0586476439106751	-0.446185710763709	-0.14513062018385073	-0.018387636353214665
AT5G49990	729	0.0	0.15986899945786673	0.5301591166623336	1.2583542586209566	1.5382050858165244	1.8432022325199333	0.9893904484898937	0.2760319525297844	0.2733858240032958
AT5G50330	729	0.0	0.15986899945786673	0.5301591166623336	1.2583542586209566	1.5382050858165244	1.8432022325199333	0.9893904484898937	0.2760319525297844	0.2733858240032958
AT5G50740	6804	0.0	0.09754178223316834	0.030274946644256312	-0.6000947183834374	-0.6472251345249863	-1.7020916576118803	-1.7293145421430414	-1.0284087340327954	-0.4040570079780308
AT5G50950	2187	0.0	0.15986899945786673	-0.0917403296443504	-0.3060999009916527	-0.3884187475455568	0.3210796308901819	1.4651489043241765	1.7487402618276087	0.6425290003625739
AT5G51190	13149	0.0	1.5784420931980416	2.0726839082642634	1.3001406359316803	0.8669018438592818	0.8100255257849085	0.17995254969979016	-0.1261377483799859	-0.074169780101052
AT5G51440	729	0.0	0.15986899945786673	0.5301591166623336	1.2583542586209566	1.5382050858165244	1.8432022325199333	0.9893904484898937	0.2760319525297844	0.2733858240032958
AT5G51580	0	0.0	0.15986899945786673	0.5301591166623336	3.10784639009641	3.619842498464092	3.718734790841116	3.060101646820548	1.8000119906870518	1.3722504851878736
AT5G51585	0	0.0	0.15986899945786673	0.5301591166623336	3.10784639009641	3.619842498464092	3.718734790841116	3.060101646820548	1.8000119906870518	1.3722504851878736
AT5G51600	6561	0.0	0.09754178223316834	0.030274946644256312	-0.6000947183834374	-1.3208791928271721	-3.1947106676626715	-3.2362476155002584	-2.245829499919579	-0.8586564635545347
AT5G51730	756	0.0	0.15986899945786673	0.5301591166623336	1.2583542586209566	1.5382050858165244	1.8432022325199333	1.8018190851493503	0.9955813478512939	0.6888211212003934
AT5G51740	756	0.0	0.15986899945786673	0.5301591166623336	1.2583542586209566	1.5382050858165244	1.8432022325199333	1.8018190851493503	0.9955813478512939	0.6888211212003934
AT5G52050	13122	0.0	1.5784420931980416	2.0726839082642634	1.3001406359316803	0.8669018438592818	0.8100255257849085	-0.6042286920993255	-1.1314328463856558	-0.3467476747327473
AT5G52250	19710	0.0	0.2594770867750919	0.3901934366723598	0.8886056503240549	0.1532022371402299	-0.1852070127748602	-1.4443403750480157	-1.7574870555176738	-0.6049078459056544
AT5G52310	19791	0.0	0.2594770867750919	0.3901934366723598	0.8886056503240549	0.1532022371402299	1.2347596159245362	1.614604592026327	1.54589811641286	0.6635913857709217
AT5G52320	2187	0.0	0.15986899945786673	-0.0917403296443504	-0.3060999009916527	-0.3884187475455568	0.3210796308901819	1.4651489043241765	1.7487402618276087	0.6425290003625739
AT5G52640	729	0.0	0.15986899945786673	0.5301591166623336	1.2583542586209566	1.5382050858165244	1.8432022325199333	0.9893904484898937	0.2760319525297844	0.2733858240032958
AT5G52750	13176	0.0	1.5784420931980416	2.0726839082642634	1.3001406359316803	0.8669018438592818	0.8100255257849085	1.083413755735228	0.7673280700712783	0.5393171676631839
AT5G52900	19764	0.0	0.2594770867750919	0.3901934366723598	0.8886056503240549	0.1532022371402299	1.2347596159245362	-0.10099651404966813	-0.6097594475114289	-0.3504713826261554
AT5G53048	2187	0.0	0.15986899945786673	-0.0917403296443504	-0.3060999009916527	-0.3884187475455568	0.3210796308901819	1.4651489043241765	1.7487402618276087	0.6425290003625739
AT5G53250	26244	0.0	-0.4191483607925548	-0.6928177349239655	-1.1809003917792205	-0.26573393533128653	-1.0586476439106751	-0.446185710763709	-0.14513062018385073	-0.018387636353214665
AT5G53970	729	0.0	0.15986899945786673	0.5301591166623336	1.2583542586209566	1.5382050858165244	1.8432022325199333	0.9893904484898937	0.2760319525297844	0.2733858240032958
AT5G54060	2187	0.0	0.15986899945786673	-0.0917403296443504	-0.3060999009916527	-0.3884187475455568	0.3210796308901819	1.4651489043241765	1.7487402618276087	0.6425290003625739
AT5G54080	19710	0.0	0.2594770867750919	0.3901934366723598	0.8886056503240549	0.1532022371402299	-0.1852070127748602	-1.4443403750480157	-1.7574870555176738	-0.6049078459056544
AT5G54130	26244	0.0	-0.4191483607925548	-0.6928177349239655	-1.1809003917792205	-0.26573393533128653	-1.0586476439106751	-0.446185710763709	-0.14513062018385073	-0.018387636353214665
AT5G54230	26244	0.0	-0.4191483607925548	-0.6928177349239655	-1.1809003917792205	-0.26573393533128653	-1.0586476439106751	-0.446185710763709	-0.14513062018385073	-0.018387636353214665
AT5G54470	26244	0.0	-0.4191483607925548	-0.6928177349239655	-1.1809003917792205	-0.26573393533128653	-1.0586476439106751	-0.446185710763709	-0.14513062018385073	-0.018387636353214665
AT5G54490	13149	0.0	1.5784420931980416	2.0726839082642634	1.3001406359316803	0.8669018438592818	0.8100255257849085	0.17995254969979016	-0.1261377483799859	-0.074169780101052
AT5G54710	13149	0.0	1.5784420931980416	2.0726839082642634	1.3001406359316803	0.8669018438592818	0.8100255257849085	0.17995254969979016	-0.1261377483799859	-0.074169780101052
AT5G54720	13149	0.0	1.5784420931980416	2.0726839082642634	1.3001406359316803	0.8669018438592818	0.8100255257849085	0.17995254969979016	-0.1261377483799859	-0.074169780101052
AT5G55450	2187	0.0	0.15986899945786673	-0.0917403296443504	-0.3060999009916527	-0.3884187475455568	0.3210796308901819	1.4651489043241765	1.7487402618276087	0.6425290003625739
AT5G55490	81	0.0	0.15986899945786673	0.5301591166623336	3.10784639009641	3.619842498464092	5.804257859254649	5.293571319317618	3.839646797023559	3.120942743468567
AT5G55520	6561	0.0	0.09754178223316834	0.030274946644256312	-0.6000947183834374	-1.3208791928271721	-3.1947106676626715	-3.2362476155002584	-2.245829499919579	-0.8586564635545347
AT5G55820	6804	0.0	0.09754178223316834	0.030274946644256312	-0.6000947183834374	-0.6472251345249863	-1.7020916576118803	-1.7293145421430414	-1.0284087340327954	-0.4040570079780308
AT5G55830	6804	0.0	0.09754178223316834	0.030274946644256312	-0.6000947183834374	-0.6472251345249863	-1.7020916576118803	-1.7293145421430414	-1.0284087340327954	-0.4040570079780308
AT5G56080	2187	0.0	0.15986899945786673	-0.0917403296443504	-0.3060999009916527	-0.3884187475455568	0.3210796308901819	1.4651489043241765	1.7487402618276087	0.6425290003625739
AT5G56100	19710	0.0	0.2594770867750919	0.3901934366723598	0.8886056503240549	0.1532022371402299	-0.1852070127748602	-1.4443403750480157	-1.7574870555176738	-0.6049078459056544
AT5G56120	6561	0.0	0.09754178223316834	0.030274946644256312	-0.6000947183834374	-1.3208791928271721	-3.1947106676626715	-3.2362476155002584	-2.245829499919579	-0.8586564635545347
AT5G56550	19683	0.0	0.2594770867750919	0.3901934366723598	0.8886056503240549	0.1532022371402299	-0.1852070127748602	-2.473456450043764	-3.03357885882898	-0.966023943395892
AT5G56580	6804	0.0	0.09754178223316834	0.030274946644256312	-0.6000947183834374	-0.6472251345249863	-1.7020916576118803	-1.7293145421430414	-1.0284087340327954	-0.4040570079780308
AT5G56780	729	0.0	0.15986899945786673	0.5301591166623336	1.2583542586209566	1.5382050858165244	1.8432022325199333	0.9893904484898937	0.2760319525297844	0.2733858240032958
AT5G56870	19683	0.0	0.2594770867750919	0.3901934366723598	0.8886056503240549	0.1532022371402299	-0.1852070127748602	-2.473456450043764	-3.03357885882898	-0.966023943395892
AT5G57220	13149	0.0	1.5784420931980416	2.0726839082642634	1.3001406359316803	0.8669018438592818	0.8100255257849085	0.17995254969979016	-0.1261377483799859	-0.074169780101052
AT5G57560	13122	0.0	1.5784420931980416	2.0726839082642634	1.3001406359316803	0.8669018438592818	0.8100255257849085	-0.6042286920993255	-1.1314328463856558	-0.3467476747327473
AT5G57655	19710	0.0	0.2594770867750919	0.3901934366723598	0.8886056503240549	0.1532022371402299	-0.1852070127748602	-1.4443403750480157	-1.7574870555176738	-0.6049078459056544
AT5G57660	19710	0.0	0.2594770867750919	0.3901934366723598	0.8886056503240549	0.1532022371402299	-0.1852070127748602	-1.4443403750480157	-1.7574870555176738	-0.6049078459056544
AT5G57670	19791	0.0	0.2594770867750919	0.3901934366723598	0.8886056503240549	0.1532022371402299	1.2347596159245362	1.614604592026327	1.54589811641286	0.6635913857709217
AT5G57760	26244	0.0	-0.4191483607925548	-0.6928177349239655	-1.1809003917792205	-0.26573393533128653	-1.0586476439106751	-0.446185710763709	-0.14513062018385073	-0.018387636353214665
AT5G58070	756	0.0	0.15986899945786673	0.5301591166623336	1.2583542586209566	1.5382050858165244	1.8432022325199333	1.8018190851493503	0.9955813478512939	0.6888211212003934
AT5G58120	13149	0.0	1.5784420931980416	2.0726839082642634	1.3001406359316803	0.8669018438592818	0.8100255257849085	0.17995254969979016	-0.1261377483799859	-0.074169780101052
AT5G58430	13122	0.0	1.5784420931980416	2.0726839082642634	1.3001406359316803	0.8669018438592818	0.8100255257849085	-0.6042286920993255	-1.1314328463856558	-0.3467476747327473
AT5G58570	19791	0.0	0.2594770867750919	0.3901934366723598	0.8886056503240549	0.1532022371402299	1.2347596159245362	1.614604592026327	1.54589811641286	0.6635913857709217
AT5G58610	0	0.0	0.15986899945786673	0.5301591166623336	3.10784639009641	3.619842498464092	3.718734790841116	3.060101646820548	1.8000119906870518	1.3722504851878736
AT5G59080	19764	0.0	0.2594770867750919	0.3901934366723598	0.8886056503240549	0.1532022371402299	1.2347596159245362	-0.10099651404966813	-0.6097594475114289	-0.3504713826261554
AT5G59130	2187	0.0	0.15986899945786673	-0.0917403296443504	-0.3060999009916527	-0.3884187475455568	0.3210796308901819	1.4651489043241765	1.7487402618276087	0.6425290003625739
AT5G59330	19791	0.0	0.2594770867750919	0.3901934366723598	0.8886056503240549	0.1532022371402299	1.2347596159245362	1.614604592026327	1.54589811641286	0.6635913857709217
AT5G59550	13149	0.0	1.5784420931980416	2.0726839082642634	1.3001406359316803	0.8669018438592818	0.8100255257849085	0.17995254969979016	-0.1261377483799859	-0.074169780101052
AT5G59690	6804	0.0	0.09754178223316834	0.030274946644256312	-0.6000947183834374	-0.6472251345249863	-1.7020916576118803	-1.7293145421430414	-1.0284087340327954	-0.4040570079780308
AT5G59730	13122	0.0	1.5784420931980416	2.0726839082642634	1.3001406359316803	0.8669018438592818	0.8100255257849085	-0.6042286920993255	-1.1314328463856558	-0.3467476747327473
AT5G59732	13149	0.0	1.5784420931980416	2.0726839082642634	1.3001406359316803	0.8669018438592818	0.8100255257849085	0.17995254969979016	-0.1261377483799859	-0.074169780101052
AT5G59820	13149	0.0	1.5784420931980416	2.0726839082642634	1.3001406359316803	0.8669018438592818	0.8100255257849085	0.17995254969979016	-0.1261377483799859	-0.074169780101052
AT5G59870	6804	0.0	0.09754178223316834	0.030274946644256312	-0.6000947183834374	-0.6472251345249863	-1.7020916576118803	-1.7293145421430414	-1.0284087340327954	-0.4040570079780308
AT5G60150	6804	0.0	0.09754178223316834	0.030274946644256312	-0.6000947183834374	-0.6472251345249863	-1.7020916576118803	-1.7293145421430414	-1.0284087340327954	-0.4040570079780308
AT5G60250	81	0.0	0.15986899945786673	0.5301591166623336	3.10784639009641	3.619842498464092	5.804257859254649	5.293571319317618	3.839646797023559	3.120942743468567
AT5G60680	19710	0.0	0.2594770867750919	0.3901934366723598	0.8886056503240549	0.1532022371402299	-0.1852070127748602	-1.4443403750480157	-1.7574870555176738	-0.6049078459056544
AT5G60890	26244	0.0	-0.4191483607925548	-0.6928177349239655	-1.1809003917792205	-0.26573393533128653	-1.0586476439106751	-0.446185710763709	-0.14513062018385073	-0.018387636353214665
AT5G60930	6561	0.0	0.09754178223316834	0.030274946644256312	-0.6000947183834374	-1.3208791928271721	-3.1947106676626715	-3.2362476155002584	-2.245829499919579	-0.8586564635545347
AT5G61290	2187	0.0	0.15986899945786673	-0.0917403296443504	-0.3060999009916527	-0.3884187475455568	0.3210796308901819	1.4651489043241765	1.7487402618276087	0.6425290003625739
AT5G61420	26244	0.0	-0.4191483607925548	-0.6928177349239655	-1.1809003917792205	-0.26573393533128653	-1.0586476439106751	-0.446185710763709	-0.14513062018385073	-0.018387636353214665
AT5G61440	19710	0.0	0.2594770867750919	0.3901934366723598	0.8886056503240549	0.1532022371402299	-0.1852070127748602	-1.4443403750480157	-1.7574870555176738	-0.6049078459056544
AT5G61490	756	0.0	0.15986899945786673	0.5301591166623336	1.2583542586209566	1.5382050858165244	1.8432022325199333	1.8018190851493503	0.9955813478512939	0.6888211212003934
AT5G61590	19710	0.0	0.2594770867750919	0.3901934366723598	0.8886056503240549	0.1532022371402299	-0.1852070127748602	-1.4443403750480157	-1.7574870555176738	-0.6049078459056544
AT5G61600	13122	0.0	1.5784420931980416	2.0726839082642634	1.3001406359316803	0.8669018438592818	0.8100255257849085	-0.6042286920993255	-1.1314328463856558	-0.3467476747327473
AT5G62020	13149	0.0	1.5784420931980416	2.0726839082642634	1.3001406359316803	0.8669018438592818	0.8100255257849085	0.17995254969979016	-0.1261377483799859	-0.074169780101052
AT5G62070	756	0.0	0.15986899945786673	0.5301591166623336	1.2583542586209566	1.5382050858165244	1.8432022325199333	1.8018190851493503	0.9955813478512939	0.6888211212003934
AT5G62140	2187	0.0	0.15986899945786673	-0.0917403296443504	-0.3060999009916527	-0.3884187475455568	0.3210796308901819	1.4651489043241765	1.7487402618276087	0.6425290003625739
AT5G62210	2187	0.0	0.15986899945786673	-0.0917403296443504	-0.3060999009916527	-0.3884187475455568	0.3210796308901819	1.4651489043241765	1.7487402618276087	0.6425290003625739
AT5G62280	19683	0.0	0.2594770867750919	0.3901934366723598	0.8886056503240549	0.1532022371402299	-0.1852070127748602	-2.473456450043764	-3.03357885882898	-0.966023943395892
AT5G62340	19764	0.0	0.2594770867750919	0.3901934366723598	0.8886056503240549	0.1532022371402299	1.2347596159245362	-0.10099651404966813	-0.6097594475114289	-0.3504713826261554
AT5G62470	13149	0.0	1.5784420931980416	2.0726839082642634	1.3001406359316803	0.8669018438592818	0.8100255257849085	0.17995254969979016	-0.1261377483799859	-0.074169780101052
AT5G62520	13149	0.0	1.5784420931980416	2.0726839082642634	1.3001406359316803	0.8669018438592818	0.8100255257849085	0.17995254969979016	-0.1261377483799859	-0.074169780101052
AT5G62550	6804	0.0	0.09754178223316834	0.030274946644256312	-0.6000947183834374	-0.6472251345249863	-1.7020916576118803	-1.7293145421430414	-1.0284087340327954	-0.4040570079780308
AT5G62960	756	0.0	0.15986899945786673	0.5301591166623336	1.2583542586209566	1.5382050858165244	1.8432022325199333	1.8018190851493503	0.9955813478512939	0.6888211212003934
AT5G63160	19683	0.0	0.2594770867750919	0.3901934366723598	0.8886056503240549	0.1532022371402299	-0.1852070127748602	-2.473456450043764	-3.03357885882898	-0.966023943395892
AT5G63180	2187	0.0	0.15986899945786673	-0.0917403296443504	-0.3060999009916527	-0.3884187475455568	0.3210796308901819	1.4651489043241765	1.7487402618276087	0.6425290003625739
AT5G63190	19710	0.0	0.2594770867750919	0.3901934366723598	0.8886056503240549	0.1532022371402299	-0.1852070127748602	-1.4443403750480157	-1.7574870555176738	-0.6049078459056544
AT5G64060	81	0.0	0.15986899945786673	0.5301591166623336	3.10784639009641	3.619842498464092	5.804257859254649	5.293571319317618	3.839646797023559	3.120942743468567
AT5G64120	19710	0.0	0.2594770867750919	0.3901934366723598	0.8886056503240549	0.1532022371402299	-0.1852070127748602	-1.4443403750480157	-1.7574870555176738	-0.6049078459056544
AT5G64260	13122	0.0	1.5784420931980416	2.0726839082642634	1.3001406359316803	0.8669018438592818	0.8100255257849085	-0.6042286920993255	-1.1314328463856558	-0.3467476747327473
AT5G64310	19683	0.0	0.2594770867750919	0.3901934366723598	0.8886056503240549	0.1532022371402299	-0.1852070127748602	-2.473456450043764	-3.03357885882898	-0.966023943395892
AT5G64550	2187	0.0	0.15986899945786673	-0.0917403296443504	-0.3060999009916527	-0.3884187475455568	0.3210796308901819	1.4651489043241765	1.7487402618276087	0.6425290003625739
AT5G64570	19710	0.0	0.2594770867750919	0.3901934366723598	0.8886056503240549	0.1532022371402299	-0.1852070127748602	-1.4443403750480157	-1.7574870555176738	-0.6049078459056544
AT5G64660	13149	0.0	1.5784420931980416	2.0726839082642634	1.3001406359316803	0.8669018438592818	0.8100255257849085	0.17995254969979016	-0.1261377483799859	-0.074169780101052
AT5G64870	13176	0.0	1.5784420931980416	2.0726839082642634	1.3001406359316803	0.8669018438592818	0.8100255257849085	1.083413755735228	0.7673280700712783	0.5393171676631839
AT5G65207	19710	0.0	0.2594770867750919	0.3901934366723598	0.8886056503240549	0.1532022371402299	-0.1852070127748602	-1.4443403750480157	-1.7574870555176738	-0.6049078459056544
AT5G65300	13176	0.0	1.5784420931980416	2.0726839082642634	1.3001406359316803	0.8669018438592818	0.8100255257849085	1.083413755735228	0.7673280700712783	0.5393171676631839
AT5G65350	13149	0.0	1.5784420931980416	2.0726839082642634	1.3001406359316803	0.8669018438592818	0.8100255257849085	0.17995254969979016	-0.1261377483799859	-0.074169780101052
AT5G65360	729	0.0	0.15986899945786673	0.5301591166623336	1.2583542586209566	1.5382050858165244	1.8432022325199333	0.9893904484898937	0.2760319525297844	0.2733858240032958
AT5G65750	756	0.0	0.15986899945786673	0.5301591166623336	1.2583542586209566	1.5382050858165244	1.8432022325199333	1.8018190851493503	0.9955813478512939	0.6888211212003934
AT5G65870	2187	0.0	0.15986899945786673	-0.0917403296443504	-0.3060999009916527	-0.3884187475455568	0.3210796308901819	1.4651489043241765	1.7487402618276087	0.6425290003625739
AT5G66070	13149	0.0	1.5784420931980416	2.0726839082642634	1.3001406359316803	0.8669018438592818	0.8100255257849085	0.17995254969979016	-0.1261377483799859	-0.074169780101052
AT5G66130	0	0.0	0.15986899945786673	0.5301591166623336	3.10784639009641	3.619842498464092	3.718734790841116	3.060101646820548	1.8000119906870518	1.3722504851878736
AT5G66140	756	0.0	0.15986899945786673	0.5301591166623336	1.2583542586209566	1.5382050858165244	1.8432022325199333	1.8018190851493503	0.9955813478512939	0.6888211212003934
AT5G66210	13149	0.0	1.5784420931980416	2.0726839082642634	1.3001406359316803	0.8669018438592818	0.8100255257849085	0.17995254969979016	-0.1261377483799859	-0.074169780101052
AT5G66230	6561	0.0	0.09754178223316834	0.030274946644256312	-0.6000947183834374	-1.3208791928271721	-3.1947106676626715	-3.2362476155002584	-2.245829499919579	-0.8586564635545347
AT5G66270	756	0.0	0.15986899945786673	0.5301591166623336	1.2583542586209566	1.5382050858165244	1.8432022325199333	1.8018190851493503	0.9955813478512939	0.6888211212003934
AT5G66650	13122	0.0	1.5784420931980416	2.0726839082642634	1.3001406359316803	0.8669018438592818	0.8100255257849085	-0.6042286920993255	-1.1314328463856558	-0.3467476747327473
AT5G66675	13149	0.0	1.5784420931980416	2.0726839082642634	1.3001406359316803	0.8669018438592818	0.8100255257849085	0.17995254969979016	-0.1261377483799859	-0.074169780101052
AT5G66840	6804	0.0	0.09754178223316834	0.030274946644256312	-0.6000947183834374	-0.6472251345249863	-1.7020916576118803	-1.7293145421430414	-1.0284087340327954	-0.4040570079780308
AT5G67270	6561	0.0	0.09754178223316834	0.030274946644256312	-0.6000947183834374	-1.3208791928271721	-3.1947106676626715	-3.2362476155002584	-2.245829499919579	-0.8586564635545347
AT5G67360	756	0.0	0.15986899945786673	0.5301591166623336	1.2583542586209566	1.5382050858165244	1.8432022325199333	1.8018190851493503	0.9955813478512939	0.6888211212003934
AT5G67460	0	0.0	0.15986899945786673	0.5301591166623336	3.10784639009641	3.619842498464092	3.718734790841116	3.060101646820548	1.8000119906870518	1.3722504851878736
