kind	split	from_time	from_value	to_time	to_value	TF	coeff	avg_branch	avg_other	diff	score
2way	0	0.0	0.872			AT3G21890	0.827	0.108	0.042	-0.066	0.00182
2way	0	0.0	0.872			AT2G38470	0.773	0.148	0.081	-0.067	0.00727
2way	0	0.0	0.872			AT5G26170	0.324	0.165	0.097	-0.067	0.011
2way	0	0.0	0.872			AT4G14410	-0.232	0.0	0.011	0.011	0.013
2way	0	0.0	0.872			AT5G38800	0.0	0.0	0.006	0.006	0.024
2way	0	0.0	0.872			AT1G51700	0.037	0.102	0.055	-0.047	0.029
2way	0	0.0	0.872			AT5G49300	0.0	0.0	0.004	0.004	0.064
2way	0	0.0	0.872			AT3G23210	-1.234	0.01	0.032	0.022	0.071
2way	0	0.0	0.872			AT1G19000	1.605	0.062	0.019	-0.043	0.079
2way	0	0.0	0.872			AT1G34190	-0.83	0.046	0.082	0.037	0.112
2way	0	0.0	0.872			AT5G61600	-0.459	0.04	0.064	0.023	0.118
2way	0	0.0	0.872			AT5G06950	-1.219	0.051	0.087	0.037	0.13
2way	0	0.0	0.872			AT5G66700	0.99	0.072	0.033	-0.039	0.133
2way	0	0.0	0.872			AT1G64620	0.362	0.06	0.027	-0.034	0.144
2way	0	0.0	0.872			AT1G34370	-1.455	0.008	0.025	0.018	0.148
2way	0	0.0	0.872			AT4G00250	0.0	0.043	0.014	-0.029	0.149
2way	0	0.0	0.872			AT1G06850	2.205	0.041	0.01	-0.031	0.15
2way	0	0.0	0.872			AT1G74840	0.103	0.054	0.022	-0.032	0.15
2way	0	0.0	0.872			AT1G80840	0.158	0.024	0.008	-0.015	0.151
2way	0	0.0	0.872			AT1G01250	0.595	0.018	0.004	-0.014	0.158
2way	0	0.0	0.872			AT5G61620	0.578	0.07	0.034	-0.036	0.165
2way	0	0.0	0.872			AT2G44840	-0.076	0.123	0.157	0.034	0.168
2way	0	0.0	0.872			AT5G47390	0.0	0.059	0.028	-0.031	0.173
2way	0	0.0	0.872			AT4G01250	0.0	0.116	0.085	-0.031	0.177
2way	0	0.0	0.872			AT3G01970	0.565	0.058	0.026	-0.033	0.178
2way	0	0.0	0.872			AT3G55370	0.695	0.059	0.025	-0.033	0.195
2way	0	0.0	0.872			AT4G22070	0.0	0.106	0.076	-0.03	0.197
2way	0	0.0	0.872			AT4G32730	1.112	0.088	0.05	-0.039	0.197
2way	0	0.0	0.872			AT1G29860	0.0	0.058	0.027	-0.032	0.212
2way	0	0.0	0.872			AT4G18170	0.0	0.061	0.03	-0.031	0.217
2way	0	0.0	0.872			AT1G18570	-0.07	0.019	0.034	0.015	0.218
2way	0	0.0	0.872			AT3G45150	-1.381	0.005	0.017	0.012	0.218
2way	0	0.0	0.872			AT5G09410	1.77	0.045	0.018	-0.027	0.223
2way	0	0.0	0.872			AT5G62940	0.0	0.045	0.019	-0.026	0.247
2way	0	0.0	0.872			AT5G13080	-0.096	0.167	0.136	-0.031	0.25
2way	0	0.0	0.872			AT1G08010	0.458	0.026	0.007	-0.018	0.252
2way	0	0.0	0.872			AT2G46770	0.552	0.046	0.022	-0.024	0.262
2way	0	0.0	0.872			AT2G40740	0.14	0.063	0.036	-0.027	0.269
2way	0	0.0	0.872			AT3G30530	0.0	0.002	0.01	0.008	0.27
2way	0	0.0	0.872			AT1G13260	0.102	0.041	0.025	-0.016	0.279
2way	0	0.0	0.872			AT4G01540	0.73	0.061	0.033	-0.028	0.281
2way	0	0.0	0.872			AT2G30250	0.0	0.068	0.04	-0.028	0.286
2way	0	0.0	0.872			AT1G69570	-0.386	0.132	0.106	-0.026	0.291
2way	0	0.0	0.872			AT2G28810	0.0	0.055	0.029	-0.026	0.291
2way	0	0.0	0.872			AT5G66940	0.0	0.052	0.026	-0.026	0.291
2way	0	0.0	0.872			AT5G25830	0.0	0.027	0.01	-0.017	0.293
2way	0	0.0	0.872			AT1G69010	-0.437	0.054	0.083	0.029	0.294
2way	0	0.0	0.872			AT2G15740	0.287	0.048	0.026	-0.022	0.295
2way	0	0.0	0.872			AT3G23250	0.0	0.005	0.014	0.01	0.296
2way	0	0.0	0.872			AT3G30210	0.0	0.015	0.03	0.015	0.302
2way	0	0.0	0.872			AT3G28920	0.634	0.055	0.029	-0.026	0.304
2way	0	0.0	0.872			AT3G24050	0.0	0.021	0.007	-0.014	0.308
2way	0	0.0	0.872			AT5G62380	0.0	0.042	0.021	-0.022	0.308
2way	0	0.0	0.872			AT3G52440	0.0	0.064	0.038	-0.026	0.311
2way	0	0.0	0.872			AT2G02070	1.186	0.037	0.018	-0.02	0.316
2way	0	0.0	0.872			AT2G43000	0.368	0.066	0.043	-0.023	0.316
2way	0	0.0	0.872			AT3G22830	0.062	0.118	0.093	-0.025	0.317
2way	0	0.0	0.872			AT1G77200	0.006	0.07	0.044	-0.026	0.323
2way	0	0.0	0.872			AT5G45300	-0.446	0.027	0.045	0.019	0.325
2way	0	0.0	0.872			AT2G03340	0.0	0.023	0.009	-0.015	0.326
2way	0	0.0	0.872			AT1G14687	0.424	0.047	0.024	-0.023	0.332
2way	0	0.0	0.872			AT2G18380	1.033	0.042	0.021	-0.022	0.336
2way	0	0.0	0.872			AT1G73730	0.0	0.009	0.0	-0.009	0.339
2way	0	0.0	0.872			AT5G25390	0.0	0.005	0.01	0.005	0.34
2way	0	0.0	0.872			AT5G17800	0.699	0.038	0.019	-0.019	0.345
2way	0	0.0	0.872			AT5G07680	0.0	0.01	0.001	-0.009	0.346
2way	0	0.0	0.872			AT2G46590	0.0	0.056	0.034	-0.022	0.352
2way	0	0.0	0.872			AT4G23550	0.0	0.06	0.038	-0.023	0.352
2way	0	0.0	0.872			AT4G38000	0.0	0.055	0.035	-0.021	0.352
2way	0	0.0	0.872			AT5G45580	0.514	0.061	0.039	-0.022	0.352
2way	0	0.0	0.872			AT2G22430	0.0	0.046	0.027	-0.019	0.353
2way	0	0.0	0.872			AT2G33550	-1.17	0.017	0.034	0.017	0.36
2way	0	0.0	0.872			AT1G12260	0.0	0.041	0.022	-0.019	0.361
2way	0	0.0	0.872			AT2G44940	0.063	0.042	0.024	-0.018	0.361
2way	0	0.0	0.872			AT3G16280	0.071	0.043	0.025	-0.018	0.361
2way	0	0.0	0.872			AT4G10350	0.0	0.04	0.02	-0.021	0.361
2way	0	0.0	0.872			AT2G31230	-1.265	0.053	0.075	0.022	0.365
2way	0	0.0	0.872			AT3G47500	0.0	0.048	0.028	-0.02	0.365
2way	0	0.0	0.872			AT1G10720	0.0	0.001	0.005	0.004	0.37
2way	0	0.0	0.872			AT1G12630	0.0	0.065	0.042	-0.023	0.37
2way	0	0.0	0.872			AT1G69780	0.091	0.046	0.027	-0.019	0.37
2way	0	0.0	0.872			AT5G22890	0.0	0.001	0.005	0.004	0.37
2way	0	0.0	0.872			AT1G26960	0.0	0.042	0.022	-0.021	0.372
2way	0	0.0	0.872			AT1G65910	0.268	0.046	0.026	-0.02	0.372
2way	0	0.0	0.872			AT5G65310	0.0	0.065	0.042	-0.024	0.376
2way	0	0.0	0.872			AT1G25340	-0.612	0.028	0.046	0.018	0.377
2way	0	0.0	0.872			AT3G50410	0.0	0.036	0.019	-0.017	0.377
2way	0	0.0	0.872			AT5G56930	0.0	0.004	0.0	-0.004	0.377
2way	0	0.0	0.872			AT5G61270	0.0	0.002	0.007	0.005	0.377
2way	0	0.0	0.872			AT3G60490	0.37	0.044	0.025	-0.019	0.378
2way	0	0.0	0.872			AT1G32240	1.408	0.012	0.002	-0.01	0.386
2way	0	0.0	0.872			AT2G23320	0.0	0.071	0.046	-0.025	0.386
2way	0	0.0	0.872			AT1G78700	0.0	0.054	0.076	0.022	0.391
2way	0	0.0	0.872			AT3G61120	0.0	0.004	0.0	-0.004	0.391
2way	0	0.0	0.872			AT5G10510	0.0	0.002	0.006	0.004	0.391
2way	0	0.0	0.872			AT1G34180	-0.417	0.046	0.065	0.019	0.392
2way	0	0.0	0.872			AT4G26640	0.0	0.029	0.016	-0.013	0.392
2way	0	0.0	0.872			AT4G11660	0.219	0.094	0.076	-0.018	0.395
2way	0	0.0	0.872			AT5G52830	0.0	0.055	0.036	-0.019	0.398
2way	0	0.0	0.872			AT3G45610	0.0	0.052	0.033	-0.019	0.399
2way	0	0.0	0.872			AT5G54230	0.071	0.054	0.034	-0.019	0.4
2way	0	0.0	0.872			AT4G32800	0.0	0.019	0.007	-0.011	0.402
2way	0	0.0	0.872			AT5G65410	0.0	0.053	0.034	-0.019	0.405
2way	0	0.0	0.872			AT1G49010	0.0	0.064	0.043	-0.021	0.412
2way	0	0.0	0.872			AT3G61150	0.566	0.042	0.025	-0.017	0.412
2way	0	0.0	0.872			AT2G02080	0.0	0.042	0.025	-0.018	0.415
2way	0	0.0	0.872			AT1G63030	0.0	0.008	0.001	-0.007	0.416
2way	0	0.0	0.872			AT1G30650	0.0	0.06	0.04	-0.02	0.417
2way	0	0.0	0.872			AT2G02540	0.0	0.059	0.04	-0.018	0.418
2way	0	0.0	0.872			AT2G22540	0.395	0.056	0.036	-0.02	0.418
2way	0	0.0	0.872			AT3G24520	0.04	0.063	0.044	-0.019	0.418
2way	0	0.0	0.872			AT1G43700	0.0	0.012	0.0	-0.012	0.419
2way	0	0.0	0.872			AT5G02460	-0.043	0.056	0.036	-0.02	0.419
2way	0	0.0	0.872			AT5G02840	-0.075	0.02	0.033	0.013	0.421
2way	0	0.0	0.872			AT2G18060	0.0	0.042	0.024	-0.018	0.429
2way	0	0.0	0.872			AT5G51990	0.332	0.067	0.049	-0.018	0.434
2way	0	0.0	0.872			AT5G56840	-0.287	0.069	0.048	-0.022	0.439
2way	0	0.0	0.872			AT1G52150	0.0	0.033	0.017	-0.016	0.44
2way	0	0.0	0.872			AT1G34670	1.207	0.051	0.032	-0.019	0.444
2way	0	0.0	0.872			AT3G03200	0.06	0.049	0.03	-0.018	0.444
2way	0	0.0	0.872			AT1G28470	0.458	0.056	0.039	-0.018	0.45
2way	0	0.0	0.872			AT1G76890	0.0	0.05	0.034	-0.016	0.451
2way	0	0.0	0.872			AT3G17730	0.142	0.049	0.03	-0.018	0.451
2way	0	0.0	0.872			AT3G50060	0.334	0.126	0.106	-0.02	0.451
2way	0	0.0	0.872			AT1G70920	0.0	0.037	0.022	-0.015	0.452
2way	0	0.0	0.872			AT1G79580	0.0	0.051	0.032	-0.019	0.457
2way	0	0.0	0.872			AT2G33810	0.0	0.008	0.015	0.007	0.461
2way	0	0.0	0.872			AT2G45680	0.0	0.009	0.003	-0.006	0.461
2way	0	0.0	0.872			AT1G21910	-0.152	0.02	0.03	0.01	0.463
2way	0	0.0	0.872			AT5G63260	-0.043	0.055	0.039	-0.016	0.463
2way	0	0.0	0.872			AT5G60130	0.0	0.037	0.022	-0.015	0.464
2way	0	0.0	0.872			AT4G36740	0.0	0.056	0.038	-0.017	0.466
2way	0	0.0	0.872			AT3G15170	0.725	0.026	0.012	-0.014	0.468
2way	0	0.0	0.872			AT5G25190	-0.252	0.186	0.208	0.021	0.47
2way	0	0.0	0.872			AT3G50700	0.0	0.015	0.005	-0.01	0.474
2way	0	0.0	0.872			AT3G02940	0.356	0.059	0.039	-0.02	0.475
2way	0	0.0	0.872			AT5G04390	-0.589	0.026	0.038	0.012	0.483
2way	0	0.0	0.872			AT1G49560	0.055	0.042	0.026	-0.016	0.486
2way	0	0.0	0.872			AT2G38340	0.365	0.151	0.131	-0.019	0.486
2way	0	0.0	0.872			AT3G24120	0.167	0.061	0.044	-0.018	0.487
2way	0	0.0	0.872			AT5G10140	0.0	0.006	0.0	-0.006	0.491
2way	0	0.0	0.872			AT4G27900	0.0	0.003	0.008	0.004	0.496
2way	0	0.0	0.872			AT5G58900	0.044	0.049	0.034	-0.015	0.497
2way	0	0.0	0.872			AT4G01500	-0.441	0.01	0.017	0.007	0.5
2way	0	0.0	0.872			AT1G54330	0.0	0.046	0.031	-0.014	0.501
2way	0	0.0	0.872			AT4G36780	0.0	0.054	0.072	0.018	0.501
2way	0	0.0	0.872			AT5G47370	0.0	0.045	0.029	-0.015	0.502
2way	0	0.0	0.872			AT5G39820	0.0	0.013	0.006	-0.006	0.504
2way	0	0.0	0.872			AT4G36160	0.063	0.064	0.047	-0.017	0.505
2way	0	0.0	0.872			AT5G46350	0.0	0.031	0.02	-0.011	0.506
2way	0	0.0	0.872			AT1G69690	0.0	0.012	0.005	-0.007	0.508
2way	0	0.0	0.872			AT3G11280	0.343	0.021	0.012	-0.009	0.511
2way	0	0.0	0.872			AT1G75240	0.0	0.052	0.035	-0.016	0.521
2way	0	0.0	0.872			AT2G45410	0.0	0.055	0.04	-0.015	0.521
2way	0	0.0	0.872			AT4G29230	0.0	0.035	0.024	-0.011	0.525
2way	0	0.0	0.872			AT1G44830	-0.487	0.017	0.026	0.01	0.528
2way	0	0.0	0.872			AT3G06490	-0.56	0.016	0.026	0.01	0.528
2way	0	0.0	0.872			AT1G19790	-0.384	0.017	0.029	0.012	0.529
2way	0	0.0	0.872			AT4G18890	0.0	0.007	0.013	0.006	0.532
2way	0	0.0	0.872			AT5G07100	-1.073	0.029	0.038	0.01	0.533
2way	0	0.0	0.872			AT5G18450	-0.553	0.035	0.047	0.012	0.538
2way	0	0.0	0.872			AT5G60850	-0.402	0.059	0.043	-0.016	0.538
2way	0	0.0	0.872			AT1G71450	0.6	0.088	0.071	-0.018	0.542
2way	0	0.0	0.872			AT5G47660	0.0	0.034	0.021	-0.013	0.543
2way	0	0.0	0.872			AT5G66730	0.0	0.039	0.026	-0.013	0.543
2way	0	0.0	0.872			AT1G24250	0.295	0.02	0.01	-0.01	0.544
2way	0	0.0	0.872			AT5G08520	-0.326	0.069	0.052	-0.016	0.548
2way	0	0.0	0.872			AT5G22990	0.0	0.066	0.05	-0.015	0.549
2way	0	0.0	0.872			AT1G68320	-0.189	0.032	0.045	0.012	0.551
2way	0	0.0	0.872			AT5G23930	0.0	0.061	0.074	0.014	0.553
2way	0	0.0	0.872			AT5G56110	0.0	0.059	0.044	-0.014	0.553
2way	0	0.0	0.872			AT1G29280	0.0	0.065	0.051	-0.014	0.557
2way	0	0.0	0.872			AT4G28500	0.5	0.041	0.028	-0.013	0.558
2way	0	0.0	0.872			AT1G14580	0.0	0.016	0.008	-0.008	0.559
2way	0	0.0	0.872			AT4G37180	0.0	0.046	0.035	-0.012	0.559
2way	0	0.0	0.872			AT3G57230	0.0	0.006	0.003	-0.004	0.561
2way	0	0.0	0.872			AT5G14960	0.0	0.006	0.003	-0.003	0.561
2way	0	0.0	0.872			AT2G18350	0.0	0.04	0.027	-0.013	0.566
2way	0	0.0	0.872			AT3G44480	0.0	0.043	0.029	-0.013	0.566
2way	0	0.0	0.872			AT4G31800	-0.034	0.164	0.148	-0.016	0.566
2way	0	0.0	0.872			AT1G27730	0.418	0.066	0.055	-0.011	0.568
2way	0	0.0	0.872			AT5G66300	0.0	0.025	0.016	-0.009	0.568
2way	0	0.0	0.872			AT1G72010	0.238	0.027	0.017	-0.01	0.569
2way	0	0.0	0.872			AT5G52660	-0.388	0.042	0.055	0.013	0.572
2way	0	0.0	0.872			AT1G65620	0.0	0.007	0.002	-0.005	0.573
2way	0	0.0	0.872			AT3G27785	0.192	0.044	0.032	-0.012	0.573
2way	0	0.0	0.872			AT5G64060	0.0	0.11	0.123	0.013	0.574
2way	0	0.0	0.872			AT1G06180	0.0	0.026	0.036	0.01	0.58
2way	0	0.0	0.872			AT1G75390	-0.996	0.015	0.023	0.008	0.58
2way	0	0.0	0.872			AT3G25990	-0.322	0.013	0.022	0.008	0.58
2way	0	0.0	0.872			AT5G03150	0.0	0.017	0.01	-0.008	0.58
2way	0	0.0	0.872			AT5G65130	-0.495	0.027	0.037	0.01	0.58
2way	0	0.0	0.872			AT2G02820	-0.12	0.071	0.087	0.016	0.581
2way	0	0.0	0.872			AT3G09735	0.0	0.049	0.039	-0.011	0.584
2way	0	0.0	0.872			AT3G01220	0.0	0.047	0.034	-0.013	0.585
2way	0	0.0	0.872			AT3G42860	0.0	0.034	0.025	-0.009	0.589
2way	0	0.0	0.872			AT1G33240	0.0	0.053	0.04	-0.012	0.59
2way	0	0.0	0.872			AT3G04030	0.0	0.053	0.041	-0.012	0.591
2way	0	0.0	0.872			AT4G27950	0.0	0.028	0.039	0.011	0.591
2way	0	0.0	0.872			AT5G05550	0.0	0.089	0.073	-0.016	0.597
2way	0	0.0	0.872			AT1G12610	0.0	0.029	0.018	-0.011	0.599
2way	0	0.0	0.872			AT1G18960	0.0	0.001	0.003	0.002	0.599
2way	0	0.0	0.872			AT1G32510	0.0	0.001	0.002	0.001	0.599
2way	0	0.0	0.872			AT2G01060	0.015	0.031	0.021	-0.01	0.599
2way	0	0.0	0.872			AT3G12130	0.0	0.034	0.026	-0.008	0.599
2way	0	0.0	0.872			AT3G21175	-0.108	0.015	0.022	0.007	0.599
2way	0	0.0	0.872			AT3G46070	0.0	0.001	0.0	-0.001	0.599
2way	0	0.0	0.872			AT4G24240	0.0	0.002	0.0	-0.002	0.599
2way	0	0.0	0.872			AT4G36620	0.0	0.001	0.004	0.003	0.599
2way	0	0.0	0.872			AT5G08070	0.0	0.002	0.0	-0.002	0.599
2way	0	0.0	0.872			AT5G13790	0.0	0.016	0.009	-0.008	0.599
2way	0	0.0	0.872			AT5G18090	0.0	0.001	0.004	0.002	0.599
2way	0	0.0	0.872			AT5G58620	0.0	0.001	0.0	-0.0	0.599
2way	0	0.0	0.872			AT5G67580	0.0	0.028	0.039	0.011	0.599
2way	0	0.0	0.872			AT4G17980	0.0	0.054	0.042	-0.012	0.602
2way	0	0.0	0.872			AT1G46264	0.0	0.002	0.001	-0.001	0.604
2way	0	0.0	0.872			AT2G17900	0.0	0.001	0.0	-0.001	0.604
2way	0	0.0	0.872			AT2G38880	0.0	0.002	0.003	0.002	0.604
2way	0	0.0	0.872			AT3G13040	0.0	0.001	0.004	0.002	0.604
2way	0	0.0	0.872			AT5G40330	0.0	0.001	0.005	0.004	0.604
2way	0	0.0	0.872			AT1G74370	0.0	0.001	0.003	0.002	0.605
2way	0	0.0	0.872			AT2G35700	0.0	0.053	0.04	-0.013	0.605
2way	0	0.0	0.872			AT2G39900	0.0	0.002	0.0	-0.002	0.605
2way	0	0.0	0.872			AT2G45420	0.16	0.059	0.044	-0.015	0.605
2way	0	0.0	0.872			AT3G47620	0.0	0.001	0.0	-0.001	0.605
2way	0	0.0	0.872			AT2G42590	0.0	0.007	0.003	-0.004	0.606
2way	0	0.0	0.872			AT2G45650	0.0	0.01	0.003	-0.006	0.606
2way	0	0.0	0.872			AT4G04450	0.0	0.006	0.003	-0.003	0.606
2way	0	0.0	0.872			AT5G67300	0.0	0.007	0.003	-0.003	0.606
2way	0	0.0	0.872			AT3G57600	0.0	0.006	0.011	0.005	0.607
2way	0	0.0	0.872			AT1G36060	0.005	0.034	0.024	-0.01	0.608
2way	0	0.0	0.872			AT5G62000	0.206	0.037	0.025	-0.012	0.608
2way	0	0.0	0.872			AT4G01720	0.0	0.007	0.003	-0.004	0.609
2way	0	0.0	0.872			AT4G38620	0.0	0.006	0.003	-0.003	0.609
2way	0	0.0	0.872			AT4G31060	0.0	0.057	0.044	-0.013	0.61
2way	0	0.0	0.872			AT5G17300	-0.062	0.139	0.153	0.013	0.611
2way	0	0.0	0.872			AT5G41570	-0.084	0.063	0.048	-0.014	0.615
2way	0	0.0	0.872			AT1G47655	0.0	0.033	0.022	-0.01	0.616
2way	0	0.0	0.872			AT1G76110	0.0	0.018	0.011	-0.007	0.616
2way	0	0.0	0.872			AT3G23240	0.0	0.03	0.042	0.011	0.616
2way	0	0.0	0.872			AT5G46590	0.0	0.021	0.014	-0.007	0.616
2way	0	0.0	0.872			AT3G22780	0.0	0.002	0.0	-0.002	0.617
2way	0	0.0	0.872			AT4G30080	0.0	0.001	0.003	0.001	0.617
2way	0	0.0	0.872			AT5G16600	0.0	0.002	0.003	0.001	0.617
2way	0	0.0	0.872			AT1G02250	-0.987	0.035	0.046	0.011	0.623
2way	0	0.0	0.872			AT1G55110	0.0	0.038	0.027	-0.011	0.623
2way	0	0.0	0.872			AT4G25490	0.0	0.063	0.05	-0.013	0.623
2way	0	0.0	0.872			AT5G64750	0.611	0.068	0.055	-0.013	0.627
2way	0	0.0	0.872			AT2G20400	-1.002	0.036	0.045	0.009	0.63
2way	0	0.0	0.872			AT1G74480	0.0	0.037	0.027	-0.01	0.631
2way	0	0.0	0.872			AT4G16750	0.0	0.066	0.054	-0.012	0.631
2way	0	0.0	0.872			AT4G25480	0.0	0.064	0.052	-0.013	0.634
2way	0	0.0	0.872			AT3G12910	0.0	0.003	0.0	-0.002	0.636
2way	0	0.0	0.872			AT2G18160	1.37	0.072	0.06	-0.012	0.637
2way	0	0.0	0.872			AT3G12730	0.0	0.041	0.029	-0.012	0.637
2way	0	0.0	0.872			AT3G46590	0.0	0.008	0.004	-0.004	0.64
2way	0	0.0	0.872			AT5G08750	0.0	0.008	0.003	-0.005	0.641
2way	0	0.0	0.872			AT5G67450	0.0	0.011	0.008	-0.003	0.641
2way	0	0.0	0.872			AT2G06200	0.0	0.019	0.013	-0.006	0.642
2way	0	0.0	0.872			AT1G66370	0.0	0.011	0.006	-0.005	0.643
2way	0	0.0	0.872			AT4G00730	0.0	0.04	0.029	-0.011	0.643
2way	0	0.0	0.872			AT4G28140	0.0	0.01	0.004	-0.006	0.643
2way	0	0.0	0.872			AT1G18330	-0.15	0.036	0.046	0.01	0.644
2way	0	0.0	0.872			AT1G16490	-0.468	0.042	0.052	0.009	0.66
2way	0	0.0	0.872			AT4G14770	0.0	0.051	0.041	-0.01	0.664
2way	0	0.0	0.872			AT3G27010	0.0	0.012	0.006	-0.006	0.667
2way	0	0.0	0.872			AT5G43840	0.0	0.012	0.006	-0.005	0.667
2way	0	0.0	0.872			AT5G08130	0.0	0.009	0.014	0.005	0.668
2way	0	0.0	0.872			AT1G62300	-0.149	0.05	0.04	-0.01	0.669
2way	0	0.0	0.872			AT1G53230	0.0	0.013	0.007	-0.006	0.67
2way	0	0.0	0.872			AT3G26620	0.0	0.03	0.021	-0.009	0.673
2way	0	0.0	0.872			AT1G25550	0.0	0.029	0.02	-0.009	0.674
2way	0	0.0	0.872			AT2G23340	0.0	0.048	0.037	-0.011	0.674
2way	0	0.0	0.872			AT4G38170	0.0	0.047	0.038	-0.009	0.678
2way	0	0.0	0.872			AT5G06839	0.106	0.056	0.047	-0.009	0.678
2way	0	0.0	0.872			AT5G08330	0.0	0.028	0.021	-0.007	0.682
2way	0	0.0	0.872			AT3G13810	0.0	0.029	0.021	-0.007	0.698
2way	0	0.0	0.872			AT2G04038	0.069	0.069	0.06	-0.009	0.702
2way	0	0.0	0.872			AT1G30490	0.0	0.033	0.025	-0.008	0.703
2way	0	0.0	0.872			AT1G72740	0.0	0.029	0.035	0.006	0.703
2way	0	0.0	0.872			AT1G76870	0.0	0.003	0.002	-0.001	0.705
2way	0	0.0	0.872			AT2G17410	0.0	0.002	0.0	-0.002	0.705
2way	0	0.0	0.872			AT2G21900	0.0	0.003	0.0	-0.003	0.705
2way	0	0.0	0.872			AT3G45170	0.0	0.004	0.0	-0.004	0.705
2way	0	0.0	0.872			AT5G25475	0.0	0.003	0.003	-0.0	0.705
2way	0	0.0	0.872			AT5G58850	0.0	0.068	0.057	-0.011	0.705
2way	0	0.0	0.872			AT1G03800	-0.189	0.075	0.086	0.011	0.71
2way	0	0.0	0.872			AT4G17460	0.0	0.007	0.004	-0.003	0.719
2way	0	0.0	0.872			AT3G62420	0.0	0.081	0.071	-0.01	0.72
2way	0	0.0	0.872			AT4G31550	0.0	0.017	0.012	-0.005	0.72
2way	0	0.0	0.872			AT5G22500	0.0	0.017	0.021	0.004	0.72
2way	0	0.0	0.872			AT1G31140	0.0	0.037	0.028	-0.009	0.721
2way	0	0.0	0.872			AT1G45249	-0.393	0.038	0.045	0.008	0.722
2way	0	0.0	0.872			AT3G12820	0.0	0.015	0.02	0.005	0.723
2way	0	0.0	0.872			AT2G32460	0.0	0.034	0.039	0.006	0.726
2way	0	0.0	0.872			AT3G49530	0.0	0.103	0.093	-0.01	0.726
2way	0	0.0	0.872			AT5G24110	-0.043	0.047	0.039	-0.007	0.727
2way	0	0.0	0.872			AT2G42430	0.0	0.046	0.039	-0.006	0.73
2way	0	0.0	0.872			AT3G18990	0.0	0.04	0.034	-0.006	0.731
2way	0	0.0	0.872			AT1G68670	0.0	0.02	0.015	-0.005	0.736
2way	0	0.0	0.872			AT1G32870	0.0	0.042	0.049	0.006	0.743
2way	0	0.0	0.872			AT2G20110	0.0	0.051	0.043	-0.008	0.743
2way	0	0.0	0.872			AT3G01530	0.0	0.042	0.048	0.006	0.743
2way	0	0.0	0.872			AT5G65510	0.026	0.02	0.015	-0.005	0.744
2way	0	0.0	0.872			AT3G28910	0.0	0.02	0.015	-0.005	0.746
2way	0	0.0	0.872			AT1G52880	-0.298	0.047	0.056	0.009	0.747
2way	0	0.0	0.872			AT3G11440	-0.964	0.047	0.054	0.007	0.747
2way	0	0.0	0.872			AT2G24430	-0.291	0.042	0.051	0.009	0.75
2way	0	0.0	0.872			AT5G18270	0.0	0.044	0.05	0.005	0.75
2way	0	0.0	0.872			AT4G18770	0.0	0.047	0.04	-0.007	0.751
2way	0	0.0	0.872			AT4G37260	-0.131	0.127	0.119	-0.008	0.751
2way	0	0.0	0.872			AT3G51080	0.0	0.006	0.002	-0.004	0.755
2way	0	0.0	0.872			AT5G14340	0.0	0.005	0.005	-0.0	0.755
2way	0	0.0	0.872			AT3G02150	0.0	0.006	0.001	-0.004	0.756
2way	0	0.0	0.872			AT3G20840	0.0	0.004	0.006	0.002	0.756
2way	0	0.0	0.872			AT3G09600	0.0	0.05	0.059	0.009	0.757
2way	0	0.0	0.872			AT4G25470	0.0	0.058	0.051	-0.007	0.76
2way	0	0.0	0.872			AT5G53950	0.0	0.02	0.016	-0.004	0.761
2way	0	0.0	0.872			AT3G10030	0.0	0.023	0.018	-0.006	0.769
2way	0	0.0	0.872			AT4G34410	0.0	0.069	0.063	-0.007	0.771
2way	0	0.0	0.872			AT1G79180	0.0	0.026	0.032	0.006	0.775
2way	0	0.0	0.872			AT4G06746	0.0	0.066	0.059	-0.007	0.775
2way	0	0.0	0.872			AT5G10030	0.0	0.07	0.077	0.007	0.778
2way	0	0.0	0.872			AT2G26960	0.0	0.032	0.027	-0.005	0.788
2way	0	0.0	0.872			AT1G32150	-0.233	0.082	0.09	0.008	0.789
2way	0	0.0	0.872			AT2G35530	-0.641	0.08	0.086	0.006	0.789
2way	0	0.0	0.872			AT3G20310	0.0	0.086	0.092	0.006	0.79
2way	0	0.0	0.872			AT2G15660	0.0	0.007	0.004	-0.002	0.794
2way	0	0.0	0.872			AT3G11020	0.0	0.036	0.032	-0.004	0.802
2way	0	0.0	0.872			AT3G57920	0.0	0.034	0.04	0.006	0.802
2way	0	0.0	0.872			AT1G69560	0.0	0.007	0.004	-0.004	0.808
2way	0	0.0	0.872			AT3G02990	0.0	0.007	0.004	-0.003	0.808
2way	0	0.0	0.872			AT1G22070	0.0	0.008	0.006	-0.003	0.809
2way	0	0.0	0.872			AT5G13910	0.0	0.008	0.006	-0.002	0.809
2way	0	0.0	0.872			AT3G08500	0.0	0.03	0.034	0.004	0.81
2way	0	0.0	0.872			AT4G01550	0.0	0.038	0.033	-0.006	0.81
2way	0	0.0	0.872			AT4G26030	0.0	0.035	0.04	0.005	0.81
2way	0	0.0	0.872			AT3G12720	0.0	0.033	0.039	0.006	0.813
2way	0	0.0	0.872			AT5G29000	0.0	0.038	0.042	0.004	0.817
2way	0	0.0	0.872			AT1G02230	0.0	0.039	0.034	-0.005	0.82
2way	0	0.0	0.872			AT3G04060	-0.235	0.037	0.041	0.004	0.82
2way	0	0.0	0.872			AT1G13400	0.0	0.009	0.01	0.001	0.823
2way	0	0.0	0.872			AT2G30590	0.0	0.011	0.01	-0.001	0.823
2way	0	0.0	0.872			AT2G41690	0.0	0.009	0.006	-0.003	0.823
2way	0	0.0	0.872			AT3G04070	0.0	0.012	0.009	-0.003	0.823
2way	0	0.0	0.872			AT3G53200	0.0	0.041	0.037	-0.004	0.823
2way	0	0.0	0.872			AT5G59990	0.0	0.009	0.01	0.001	0.823
2way	0	0.0	0.872			AT1G75080	0.0	0.007	0.01	0.003	0.824
2way	0	0.0	0.872			AT1G77640	0.0	0.009	0.007	-0.002	0.824
2way	0	0.0	0.872			AT1G01060	0.0	0.052	0.055	0.004	0.833
2way	0	0.0	0.872			AT2G23290	0.0	0.052	0.046	-0.006	0.833
2way	0	0.0	0.872			AT5G16820	0.0	0.054	0.05	-0.004	0.833
2way	0	0.0	0.872			AT4G01280	0.081	0.053	0.05	-0.003	0.835
2way	0	0.0	0.872			AT4G17785	0.0	0.011	0.012	0.001	0.836
2way	0	0.0	0.872			AT3G60530	0.0	0.011	0.009	-0.003	0.837
2way	0	0.0	0.872			AT5G65210	0.0	0.054	0.049	-0.005	0.837
2way	0	0.0	0.872			AT3G18400	0.0	0.052	0.057	0.005	0.838
2way	0	0.0	0.872			AT1G50640	0.565	0.061	0.056	-0.005	0.84
2way	0	0.0	0.872			AT1G28160	0.337	0.063	0.058	-0.005	0.841
2way	0	0.0	0.872			AT3G01470	0.0	0.012	0.009	-0.003	0.846
2way	0	0.0	0.872			AT3G58630	0.0	0.015	0.013	-0.002	0.846
2way	0	0.0	0.872			AT4G24470	0.0	0.013	0.016	0.004	0.846
2way	0	0.0	0.872			AT5G10280	0.0	0.014	0.012	-0.003	0.846
2way	0	0.0	0.872			AT1G08320	0.266	0.069	0.063	-0.007	0.847
2way	0	0.0	0.872			AT1G28370	0.0	0.071	0.067	-0.004	0.847
2way	0	0.0	0.872			AT5G11260	0.0	0.073	0.078	0.005	0.853
2way	0	0.0	0.872			AT2G28920	0.0	0.015	0.017	0.001	0.854
2way	0	0.0	0.872			AT3G56850	0.131	0.072	0.066	-0.006	0.855
2way	0	0.0	0.872			AT5G15830	0.0	0.081	0.077	-0.005	0.855
2way	0	0.0	0.872			AT1G53170	0.0	0.092	0.087	-0.006	0.862
2way	0	0.0	0.872			AT2G01818	0.0	0.017	0.014	-0.002	0.867
2way	0	0.0	0.872			AT2G46130	0.0	0.018	0.015	-0.004	0.867
2way	0	0.0	0.872			AT3G26790	0.0	0.018	0.015	-0.003	0.867
2way	0	0.0	0.872			AT5G63090	0.0	0.021	0.017	-0.004	0.872
2way	0	0.0	0.872			AT3G23220	0.438	0.02	0.016	-0.003	0.873
2way	0	0.0	0.872			AT1G04880	0.0	0.019	0.016	-0.003	0.877
2way	0	0.0	0.872			AT4G34590	0.0	0.02	0.024	0.004	0.877
2way	0	0.0	0.872			AT1G20980	0.0	0.023	0.025	0.002	0.882
2way	0	0.0	0.872			AT4G05100	-0.778	0.02	0.025	0.004	0.885
2way	0	0.0	0.872			AT5G44210	0.0	0.028	0.027	-0.001	0.888
2way	0	0.0	0.872			AT1G20910	0.0	0.023	0.02	-0.003	0.892
2way	0	0.0	0.872			AT1G03840	-0.278	0.029	0.028	-0.001	0.894
2way	0	0.0	0.872			AT5G05790	-0.996	0.03	0.033	0.003	0.894
2way	0	0.0	0.872			AT1G51220	0.0	0.032	0.029	-0.003	0.899
2way	0	0.0	0.872			AT3G20770	-0.226	0.033	0.034	0.002	0.899
2way	0	0.0	0.872			AT4G01680	0.0	0.029	0.03	0.001	0.899
2way	0	0.0	0.872			AT5G62320	-0.054	0.027	0.03	0.003	0.9
2way	0	0.0	0.872			AT3G10113	0.0	0.036	0.033	-0.003	0.901
2way	0	0.0	0.872			AT1G75490	0.0	0.039	0.036	-0.003	0.902
2way	0	0.0	0.872			AT2G46680	0.0	0.093	0.089	-0.004	0.903
2way	0	0.0	0.872			AT3G10800	0.12	0.039	0.036	-0.003	0.903
2way	0	0.0	0.872			AT2G40260	-0.329	0.04	0.044	0.004	0.907
2way	0	0.0	0.872			AT2G01940	0.0	0.041	0.04	-0.001	0.909
2way	0	0.0	0.872			AT2G47070	0.0	0.041	0.044	0.003	0.909
2way	0	0.0	0.872			AT1G71696	-0.143	0.039	0.037	-0.002	0.91
2way	0	0.0	0.872			AT2G01930	0.0	0.04	0.036	-0.004	0.91
2way	0	0.0	0.872			AT5G39610	-0.328	0.038	0.04	0.002	0.91
2way	0	0.0	0.872			AT1G09540	0.0	0.041	0.042	0.001	0.912
2way	0	0.0	0.872			AT1G69490	0.0	0.044	0.048	0.003	0.912
2way	0	0.0	0.872			AT5G06100	0.0	0.042	0.041	-0.001	0.912
2way	0	0.0	0.872			AT1G76420	0.0	0.04	0.037	-0.003	0.913
2way	0	0.0	0.872			AT3G10500	0.0	0.043	0.041	-0.002	0.913
2way	0	0.0	0.872			AT1G22810	0.0	0.044	0.041	-0.003	0.914
2way	0	0.0	0.872			AT1G74650	0.0	0.051	0.048	-0.003	0.917
2way	0	0.0	0.872			AT1G01720	0.0	0.052	0.054	0.002	0.92
2way	0	0.0	0.872			AT3G15270	0.0	0.059	0.057	-0.002	0.921
2way	0	0.0	0.872			AT5G67190	0.0	0.061	0.062	0.002	0.922
2way	0	0.0	0.872			AT1G68550	0.0	0.07	0.072	0.003	0.924
2way	0	0.0	0.872			AT3G12250	0.0	0.067	0.069	0.002	0.924
2way	0	0.0	0.872			AT1G19210	0.0	0.078	0.076	-0.002	0.927
2way	0	0.0	0.872			AT1G06280	0.0	0.082	0.08	-0.003	0.928
2way	0	0.0	0.872			AT2G36270	0.0	0.079	0.075	-0.004	0.928
2way	0	0.0	0.872			AT3G15210	0.0	0.087	0.084	-0.003	0.929
2way	0	0.0	0.872			AT1G13300	0.0	0.009	0.008	-0.001	1.0
2way	0	0.0	0.872			AT1G17950	0.0	0.0	0.0	-0.0	1.0
2way	0	0.0	0.872			AT1G19040	0.0	0.009	0.01	0.001	1.0
2way	0	0.0	0.872			AT1G23810	0.0	0.004	0.004	-0.0	1.0
2way	0	0.0	0.872			AT1G27360	0.0	0.002	0.001	-0.001	1.0
2way	0	0.0	0.872			AT1G30210	0.0	0.0	0.001	0.0	1.0
2way	0	0.0	0.872			AT1G47870	0.0	0.0	0.0	-0.0	1.0
2way	0	0.0	0.872			AT1G51600	0.0	0.004	0.004	-0.0	1.0
2way	0	0.0	0.872			AT1G60920	0.0	0.001	0.001	-0.0	1.0
2way	0	0.0	0.872			AT1G63040	0.0	0.001	0.0	-0.0	1.0
2way	0	0.0	0.872			AT1G66420	0.0	0.0	0.0	-0.0	1.0
2way	0	0.0	0.872			AT1G67260	0.0	0.001	0.001	0.0	1.0
2way	0	0.0	0.872			AT1G69180	0.0	0.034	0.033	-0.001	1.0
2way	0	0.0	0.872			AT1G70910	0.0	0.001	0.0	-0.001	1.0
2way	0	0.0	0.872			AT1G72360	0.0	0.006	0.007	0.001	1.0
2way	0	0.0	0.872			AT1G76880	0.0	0.005	0.003	-0.001	1.0
2way	0	0.0	0.872			AT2G03500	0.0	0.038	0.037	-0.001	1.0
2way	0	0.0	0.872			AT2G17950	0.0	0.011	0.011	0.0	1.0
2way	0	0.0	0.872			AT2G24570	0.0	0.005	0.005	0.0	1.0
2way	0	0.0	0.872			AT2G30340	0.0	0.038	0.039	0.001	1.0
2way	0	0.0	0.872			AT2G31460	0.0	0.001	0.002	0.001	1.0
2way	0	0.0	0.872			AT2G33710	0.0	0.062	0.064	0.002	1.0
2way	0	0.0	0.872			AT2G38090	0.0	0.001	0.0	-0.001	1.0
2way	0	0.0	0.872			AT2G38300	0.0	0.006	0.006	0.001	1.0
2way	0	0.0	0.872			AT2G41835	0.0	0.001	0.0	-0.001	1.0
2way	0	0.0	0.872			AT2G42200	0.083	0.049	0.048	-0.001	1.0
2way	0	0.0	0.872			AT2G46400	0.0	0.005	0.004	-0.0	1.0
2way	0	0.0	0.872			AT2G48100	0.0	0.0	0.0	-0.0	1.0
2way	0	0.0	0.872			AT3G03660	0.0	0.002	0.0	-0.002	1.0
2way	0	0.0	0.872			AT3G06740	-0.015	0.03	0.03	-0.0	1.0
2way	0	0.0	0.872			AT3G07220	0.0	0.001	0.001	-0.0	1.0
2way	0	0.0	0.872			AT3G09230	0.0	0.001	0.001	0.001	1.0
2way	0	0.0	0.872			AT3G10480	0.0	0.048	0.048	-0.0	1.0
2way	0	0.0	0.872			AT3G10580	0.0	0.044	0.045	0.001	1.0
2way	0	0.0	0.872			AT3G13350	0.0	0.004	0.004	0.0	1.0
2way	0	0.0	0.872			AT3G47600	0.0	0.007	0.006	-0.001	1.0
2way	0	0.0	0.872			AT3G48160	0.0	0.002	0.002	-0.0	1.0
2way	0	0.0	0.872			AT3G49930	0.0	0.0	0.0	-0.0	1.0
2way	0	0.0	0.872			AT3G50260	0.0	0.077	0.075	-0.002	1.0
2way	0	0.0	0.872			AT3G51470	0.0	0.004	0.005	0.001	1.0
2way	0	0.0	0.872			AT3G60580	0.0	0.02	0.019	-0.0	1.0
2way	0	0.0	0.872			AT3G61250	0.0	0.01	0.011	0.001	1.0
2way	0	0.0	0.872			AT4G12670	0.0	0.0	0.0	-0.0	1.0
2way	0	0.0	0.872			AT4G18450	0.0	0.006	0.007	0.001	1.0
2way	0	0.0	0.872			AT4G24020	0.0	0.005	0.006	0.001	1.0
2way	0	0.0	0.872			AT4G28110	0.0	0.007	0.008	0.002	1.0
2way	0	0.0	0.872			AT4G37790	0.0	0.0	0.002	0.002	1.0
2way	0	0.0	0.872			AT4G38910	0.0	0.001	0.002	0.001	1.0
2way	0	0.0	0.872			AT5G03790	-0.941	0.053	0.054	0.0	1.0
2way	0	0.0	0.872			AT5G04410	0.0	0.05	0.049	-0.001	1.0
2way	0	0.0	0.872			AT5G06960	0.0	0.033	0.032	-0.001	1.0
2way	0	0.0	0.872			AT5G13180	0.0	0.046	0.046	0.0	1.0
2way	0	0.0	0.872			AT5G18560	0.0	0.037	0.036	-0.001	1.0
2way	0	0.0	0.872			AT5G38860	0.0	0.002	0.002	-0.001	1.0
2way	0	0.0	0.872			AT5G42520	0.0	0.001	0.0	-0.001	1.0
2way	0	0.0	0.872			AT5G42820	0.0	0.001	0.001	0.0	1.0
2way	0	0.0	0.872			AT5G44160	0.0	0.01	0.008	-0.002	1.0
2way	0	0.0	0.872			AT5G47220	0.208	0.06	0.059	-0.001	1.0
2way	0	0.0	0.872			AT5G47230	0.0	0.037	0.038	0.001	1.0
2way	0	0.0	0.872			AT5G48670	0.0	0.001	0.0	-0.001	1.0
2way	0	0.0	0.872			AT5G50570	0.0	0.012	0.012	0.0	1.0
2way	0	0.0	0.872			AT5G52170	0.0	0.002	0.001	-0.001	1.0
2way	0	0.0	0.872			AT5G62165	0.0	0.0	0.0	-0.0	1.0
2way	0	0.0	0.872			AT5G62470	0.0	0.054	0.055	0.001	1.0
2way	0	0.0	0.872			AT5G67000	0.0	0.001	0.001	-0.0	1.0
2way	0	0.0	0.872			AT1G25580	0.0	0.026	0.026	-0.0	1.0
2way	2	-0.301	0.462			AT4G32730	-7.135	0.046	0.348	0.301	7.46e-08
2way	2	1.155	0.747			AT4G01250	0.856	0.228	0.094	-0.134	1.72e-07
2way	2	1.155	0.747			AT4G11660	1.376	0.184	0.074	-0.11	2.47e-06
2way	2	1.155	0.747			AT5G13080	-0.0	0.276	0.158	-0.118	5.56e-05
2way	2	1.155	0.747			AT4G31800	0.637	0.272	0.163	-0.109	0.000189
2way	2	1.155	0.747			AT3G22830	-0.0	0.195	0.102	-0.093	0.000228
2way	2	1.155	0.747			AT5G26170	0.229	0.257	0.155	-0.103	0.000375
2way	2	1.155	0.747			AT2G38470	-0.0	0.243	0.146	-0.096	0.000609
2way	2	-0.301	0.462			AT5G15830	-0.0	0.188	0.034	-0.154	0.00162
2way	2	-0.301	0.462			AT1G32150	-0.0	0.186	0.03	-0.155	0.00187
2way	2	-0.301	0.462			AT2G04038	2.021	0.178	0.032	-0.146	0.00283
2way	2	-0.301	0.462			AT2G18160	-0.0	0.175	0.039	-0.137	0.00425
2way	2	-0.301	0.462			AT3G62420	-0.0	0.183	0.043	-0.14	0.00494
2way	2	-0.301	0.462			AT3G20770	-0.361	0.018	0.145	0.127	0.00525
2way	2	-0.301	0.462			AT2G36270	-0.0	0.17	0.035	-0.135	0.0053
2way	2	1.155	0.747			AT1G80840	-0.0	0.055	0.02	-0.035	0.00654
2way	2	1.155	0.747			AT5G07100	0.436	0.055	0.02	-0.035	0.00654
2way	2	-0.301	0.462			AT5G17300	-0.0	0.186	0.073	-0.112	0.00767
2way	2	1.155	0.747			AT1G51700	-0.222	0.059	0.115	0.056	0.00957
2way	2	1.155	0.747			AT5G08520	1.2	0.111	0.046	-0.065	0.00967
2way	2	-0.301	0.462			AT2G35530	-0.0	0.176	0.048	-0.128	0.00975
2way	2	-0.301	0.462			AT5G58850	-0.744	0.056	0.177	0.121	0.01
2way	2	1.155	0.747			AT4G23550	1.024	0.122	0.053	-0.068	0.011
2way	2	1.155	0.747			AT5G47390	2.054	0.098	0.035	-0.063	0.011
2way	2	-0.301	0.462			AT3G27785	-0.0	0.032	0.142	0.109	0.013
2way	2	1.155	0.747			AT1G74840	0.356	0.093	0.035	-0.058	0.014
2way	2	-0.301	0.462			AT3G56850	-0.0	0.161	0.046	-0.115	0.015
2way	2	1.155	0.747			AT5G52830	-0.0	0.111	0.048	-0.062	0.015
2way	2	-0.301	0.462			AT5G11260	1.12	0.135	0.027	-0.108	0.019
2way	2	1.155	0.747			AT5G25190	0.397	0.243	0.174	-0.068	0.021
2way	2	-0.301	0.462			AT5G47390	1.747	0.113	0.02	-0.093	0.026
2way	2	1.155	0.747			AT1G19000	-0.0	0.1	0.042	-0.058	0.027
2way	2	1.155	0.747			AT3G21890	-0.202	0.077	0.128	0.051	0.028
2way	2	1.155	0.747			AT4G00250	0.121	0.076	0.027	-0.049	0.028
2way	2	1.155	0.747			AT4G22070	-0.0	0.169	0.115	-0.054	0.031
2way	2	1.155	0.747			AT4G24240	-0.0	0.009	0.0	-0.009	0.034
2way	2	1.155	0.747			AT1G21910	0.752	0.04	0.016	-0.024	0.035
2way	2	-0.301	0.462			AT5G26170	0.578	0.149	0.073	-0.076	0.051
2way	2	1.155	0.747			AT3G01970	-0.0	0.108	0.056	-0.053	0.052
2way	2	-0.301	0.462			AT1G74840	0.01	0.089	0.015	-0.074	0.053
2way	2	-0.301	0.462			AT3G10800	-0.0	0.095	0.025	-0.07	0.053
2way	2	-0.301	0.462			AT4G36780	1.75	0.094	0.019	-0.075	0.057
2way	2	1.155	0.747			AT5G56840	0.117	0.1	0.05	-0.05	0.06
2way	2	-0.301	0.462			AT3G52440	0.471	0.106	0.03	-0.075	0.063
2way	2	-0.301	0.462			AT5G10030	-0.0	0.111	0.032	-0.079	0.063
2way	2	1.155	0.747			AT4G31550	0.843	0.041	0.013	-0.028	0.063
2way	2	-0.301	0.462			AT1G08320	1.463	0.113	0.035	-0.078	0.07
2way	2	1.155	0.747			AT1G49010	-0.0	0.093	0.047	-0.047	0.07
2way	2	1.155	0.747			AT2G30590	0.2	0.028	0.006	-0.022	0.07
2way	2	-0.301	0.462			AT4G34590	-0.0	0.07	0.009	-0.061	0.072
2way	2	-0.301	0.462			AT5G52660	-0.0	0.063	0.006	-0.057	0.072
2way	2	-0.301	0.462			AT1G45249	-0.0	0.102	0.027	-0.075	0.074
2way	2	-0.301	0.462			AT1G01250	-0.0	0.005	0.033	0.027	0.077
2way	2	-0.301	0.462			AT3G12250	-0.0	0.11	0.033	-0.077	0.077
2way	2	-0.301	0.462			AT5G61620	-0.0	0.124	0.041	-0.082	0.077
2way	2	-0.301	0.462			AT5G45300	0.346	0.059	0.004	-0.056	0.079
2way	2	-0.301	0.462			AT1G69490	-0.0	0.079	0.012	-0.067	0.081
2way	2	-0.301	0.462			AT1G71696	-0.247	0.018	0.083	0.065	0.081
2way	2	1.155	0.747			AT2G03340	0.5	0.05	0.02	-0.03	0.081
2way	2	-0.301	0.462			AT1G78700	-0.0	0.089	0.012	-0.077	0.084
2way	2	1.155	0.747			AT1G30650	-0.0	0.105	0.058	-0.047	0.086
2way	2	-0.301	0.462			AT3G09600	1.687	0.077	0.01	-0.067	0.088
2way	2	-0.301	0.462			AT1G52880	0.813	0.08	0.012	-0.068	0.089
2way	2	1.155	0.747			AT5G66940	-1.982	0.024	0.066	0.041	0.09
2way	2	1.155	0.747			AT1G74370	-0.0	0.004	0.0	-0.004	0.095
2way	2	1.155	0.747			AT2G31460	-0.0	0.004	0.0	-0.004	0.095
2way	2	-0.301	0.462			AT4G14770	-1.128	0.028	0.093	0.065	0.098
2way	2	1.155	0.747			AT5G61620	-0.995	0.094	0.052	-0.042	0.099
2way	2	1.155	0.747			AT5G46350	-0.0	0.06	0.026	-0.034	0.1
2way	2	-0.301	0.462			AT1G01060	-0.0	0.076	0.014	-0.063	0.101
2way	2	-0.301	0.462			AT5G56840	0.717	0.117	0.041	-0.076	0.103
2way	2	1.155	0.747			AT5G41570	-0.0	0.107	0.062	-0.045	0.104
2way	2	-0.301	0.462			AT1G69010	-0.0	0.084	0.019	-0.065	0.105
2way	2	1.155	0.747			AT4G18170	-0.0	0.109	0.065	-0.044	0.109
2way	2	-0.301	0.462			AT5G08520	-0.0	0.107	0.039	-0.068	0.113
2way	2	1.155	0.747			AT5G09410	1.505	0.075	0.036	-0.04	0.114
2way	2	-0.301	0.462			AT2G28920	-0.0	0.032	0.001	-0.03	0.115
2way	2	1.155	0.747			AT2G30250	-0.0	0.114	0.068	-0.046	0.12
2way	2	1.155	0.747			AT2G23320	-0.521	0.118	0.072	-0.045	0.122
2way	2	1.155	0.747			AT3G42860	0.019	0.063	0.029	-0.034	0.125
2way	2	1.155	0.747			AT1G29860	-0.22	0.104	0.061	-0.043	0.127
2way	2	1.155	0.747			AT5G24110	-0.0	0.081	0.043	-0.037	0.128
2way	2	-0.301	0.462			AT4G01280	-0.0	0.071	0.009	-0.062	0.131
2way	2	-0.301	0.462			AT5G58900	-0.0	0.081	0.026	-0.055	0.133
2way	2	1.155	0.747			AT5G52660	-0.975	0.02	0.054	0.034	0.135
2way	2	-0.301	0.462			AT1G18330	-0.0	0.053	0.003	-0.05	0.14
2way	2	-0.301	0.462			AT4G37260	-0.0	0.119	0.179	0.06	0.141
2way	2	-0.301	0.462			AT3G26620	-0.0	0.044	0.006	-0.039	0.144
2way	2	1.155	0.747			AT1G69570	-0.0	0.096	0.132	0.036	0.145
2way	2	1.155	0.747			AT1G79180	-1.25	0.01	0.036	0.027	0.147
2way	2	1.155	0.747			AT2G04038	0.688	0.081	0.044	-0.037	0.147
2way	2	-0.301	0.462			AT5G06839	-0.0	0.088	0.028	-0.06	0.151
2way	2	-0.301	0.462			AT5G65210	-0.0	0.09	0.027	-0.064	0.151
2way	2	1.155	0.747			AT5G16820	-0.0	0.086	0.05	-0.037	0.151
2way	2	-0.301	0.462			AT4G18770	-0.0	0.035	0.094	0.06	0.157
2way	2	1.155	0.747			AT5G47220	0.786	0.074	0.049	-0.024	0.158
2way	2	-0.301	0.462			AT3G23210	-0.0	0.015	0.0	-0.015	0.161
2way	2	1.155	0.747			AT1G13260	-0.0	0.029	0.051	0.022	0.161
2way	2	1.155	0.747			AT2G24430	1.036	0.069	0.036	-0.034	0.161
2way	2	1.155	0.747			AT1G29280	-0.013	0.104	0.065	-0.039	0.165
2way	2	1.155	0.747			AT1G69490	0.667	0.064	0.033	-0.03	0.166
2way	2	1.155	0.747			AT3G09600	-0.908	0.028	0.062	0.034	0.167
2way	2	-0.301	0.462			AT5G64060	0.229	0.082	0.041	-0.042	0.17
2way	2	-0.301	0.462			AT1G75390	-0.0	0.052	0.008	-0.043	0.172
2way	2	-0.301	0.462			AT4G06746	-0.587	0.052	0.098	0.046	0.172
2way	2	1.155	0.747			AT1G74480	0.479	0.054	0.026	-0.028	0.172
2way	2	-0.301	0.462			AT3G10113	-0.0	0.065	0.018	-0.047	0.173
2way	2	1.155	0.747			AT2G46680	-0.0	0.077	0.109	0.031	0.179
2way	2	1.155	0.747			AT5G08750	2.135	0.021	0.006	-0.015	0.186
2way	2	1.155	0.747			AT5G02840	-0.0	0.007	0.028	0.021	0.187
2way	2	1.155	0.747			AT1G25340	-2.019	0.011	0.038	0.027	0.19
2way	2	-0.301	0.462			AT2G46680	0.033	0.093	0.049	-0.044	0.192
2way	2	1.155	0.747			AT1G12630	-0.897	0.044	0.079	0.035	0.193
2way	2	1.155	0.747			AT2G46130	-0.0	0.04	0.016	-0.024	0.193
2way	2	-0.301	0.462			AT1G01720	0.873	0.081	0.032	-0.049	0.198
2way	2	1.155	0.747			AT1G51220	-0.71	0.017	0.043	0.026	0.202
2way	2	-0.301	0.462			AT3G12730	-0.0	0.063	0.014	-0.048	0.203
2way	2	1.155	0.747			AT1G18570	-0.267	0.011	0.026	0.015	0.21
2way	2	-0.301	0.462			AT5G50570	-0.0	0.021	0.0	-0.021	0.212
2way	2	1.155	0.747			AT5G61270	-0.0	0.006	0.0	-0.006	0.212
2way	2	1.155	0.747			AT5G60850	-0.021	0.039	0.07	0.031	0.214
2way	2	-0.301	0.462			AT1G49010	-0.0	0.097	0.042	-0.055	0.216
2way	2	1.155	0.747			AT1G32150	-0.0	0.096	0.061	-0.035	0.217
2way	2	-0.301	0.462			AT5G25830	-1.218	0.028	0.071	0.043	0.219
2way	2	1.155	0.747			AT3G52440	-0.049	0.038	0.072	0.033	0.219
2way	2	1.155	0.747			AT2G40740	-0.0	0.103	0.067	-0.036	0.221
2way	2	-0.301	0.462			AT5G45580	0.218	0.094	0.041	-0.053	0.227
2way	2	1.155	0.747			AT2G44840	-0.0	0.147	0.117	-0.03	0.227
2way	2	-0.301	0.462			AT2G22430	-0.0	0.054	0.016	-0.038	0.237
2way	2	-0.301	0.462			AT3G11280	-0.0	0.043	0.01	-0.033	0.24
2way	2	1.155	0.747			AT4G26030	-0.722	0.02	0.046	0.025	0.24
2way	2	-0.301	0.462			AT1G14687	-0.0	0.067	0.021	-0.046	0.242
2way	2	1.155	0.747			AT3G09735	-0.0	0.076	0.047	-0.029	0.242
2way	2	-0.301	0.462			AT3G10580	-0.0	0.074	0.025	-0.049	0.243
2way	2	1.155	0.747			AT2G15740	1.085	0.065	0.038	-0.027	0.248
2way	2	1.155	0.747			AT2G35530	-0.0	0.088	0.057	-0.031	0.249
2way	2	-0.301	0.462			AT5G09410	-0.0	0.061	0.02	-0.041	0.251
2way	2	1.155	0.747			AT5G15830	-0.0	0.092	0.06	-0.032	0.251
2way	2	1.155	0.747			AT3G62420	-0.0	0.091	0.057	-0.033	0.253
2way	2	1.155	0.747			AT1G64620	-0.0	0.041	0.07	0.028	0.254
2way	2	-0.301	0.462			AT5G06950	-0.0	0.053	0.014	-0.039	0.259
2way	2	1.155	0.747			AT3G04060	-0.0	0.064	0.036	-0.028	0.26
2way	2	-0.301	0.462			AT5G02840	-0.0	0.032	0.001	-0.031	0.262
2way	2	1.155	0.747			AT1G52880	-0.0	0.064	0.038	-0.026	0.263
2way	2	-0.301	0.462			AT1G06180	-0.0	0.019	0.004	-0.015	0.269
2way	2	-0.301	0.462			AT2G45410	0.948	0.062	0.028	-0.034	0.27
2way	2	-0.301	0.462			AT3G04030	-0.0	0.079	0.033	-0.046	0.271
2way	2	1.155	0.747			AT3G01220	-0.0	0.036	0.061	0.025	0.274
2way	2	1.155	0.747			AT3G15170	-0.0	0.045	0.025	-0.021	0.279
2way	2	1.155	0.747			AT5G07680	-0.0	0.024	0.008	-0.016	0.28
2way	2	-0.301	0.462			AT1G33240	1.274	0.058	0.019	-0.039	0.282
2way	2	-0.301	0.462			AT1G19000	-0.0	0.096	0.044	-0.052	0.283
2way	2	1.155	0.747			AT5G51990	-0.0	0.052	0.079	0.027	0.285
2way	2	1.155	0.747			AT5G58900	-0.0	0.061	0.038	-0.023	0.287
2way	2	1.155	0.747			AT2G21900	-0.0	0.009	0.002	-0.007	0.288
2way	2	1.155	0.747			AT5G65310	-0.144	0.056	0.086	0.03	0.288
2way	2	1.155	0.747			AT1G76890	-0.706	0.039	0.066	0.027	0.29
2way	2	1.155	0.747			AT1G27730	-0.68	0.048	0.067	0.02	0.291
2way	2	1.155	0.747			AT1G32240	-1.072	0.006	0.019	0.013	0.291
2way	2	1.155	0.747			AT3G26790	-0.0	0.009	0.024	0.014	0.298
2way	2	1.155	0.747			AT5G25830	-0.223	0.009	0.026	0.017	0.298
2way	2	1.155	0.747			AT3G10113	-0.0	0.018	0.041	0.023	0.299
2way	2	1.155	0.747			AT4G26640	-0.0	0.05	0.028	-0.022	0.299
2way	2	1.155	0.747			AT4G25480	-0.0	0.049	0.079	0.03	0.3
2way	2	-0.301	0.462			AT1G34370	-0.0	0.007	0.0	-0.007	0.303
2way	2	-0.301	0.462			AT1G65620	-0.0	0.01	0.0	-0.01	0.303
2way	2	-0.301	0.462			AT2G38300	-0.0	0.01	0.001	-0.008	0.303
2way	2	-0.301	0.462			AT4G24020	-0.0	0.011	0.004	-0.007	0.303
2way	2	-0.301	0.462			AT1G68670	-0.0	0.032	0.006	-0.026	0.306
2way	2	-0.301	0.462			AT1G70920	-0.0	0.034	0.01	-0.024	0.306
2way	2	1.155	0.747			AT1G67260	-0.0	0.003	0.0	-0.003	0.309
2way	2	-0.301	0.462			AT4G36740	-0.0	0.041	0.009	-0.033	0.311
2way	2	1.155	0.747			AT1G02230	-0.771	0.029	0.055	0.025	0.314
2way	2	-0.301	0.462			AT2G02820	-0.706	0.067	0.113	0.046	0.315
2way	2	1.155	0.747			AT5G53950	-0.0	0.037	0.02	-0.017	0.318
2way	2	1.155	0.747			AT1G28370	0.198	0.087	0.062	-0.024	0.32
2way	2	1.155	0.747			AT3G02940	-0.429	0.048	0.077	0.029	0.324
2way	2	-0.301	0.462			AT1G04880	-0.0	0.026	0.004	-0.021	0.326
2way	2	1.155	0.747			AT1G16490	-0.0	0.032	0.055	0.023	0.327
2way	2	1.155	0.747			AT5G16600	-0.0	0.0	0.003	0.003	0.331
2way	2	-0.301	0.462			AT4G23550	-0.0	0.044	0.015	-0.029	0.332
2way	2	1.155	0.747			AT1G01060	-0.0	0.036	0.061	0.025	0.332
2way	2	1.155	0.747			AT5G56110	-0.287	0.048	0.075	0.027	0.332
2way	2	1.155	0.747			AT1G70920	-0.946	0.026	0.048	0.022	0.333
2way	2	-0.301	0.462			AT3G49530	0.041	0.072	0.041	-0.032	0.334
2way	2	1.155	0.747			AT2G28920	-0.0	0.005	0.019	0.013	0.337
2way	2	1.155	0.747			AT1G06180	-0.0	0.014	0.034	0.02	0.338
2way	2	1.155	0.747			AT4G01280	-0.0	0.037	0.062	0.025	0.338
2way	2	1.155	0.747			AT3G04070	-0.0	0.016	0.007	-0.008	0.339
2way	2	1.155	0.747			AT3G60530	-0.0	0.005	0.013	0.008	0.339
2way	2	-0.301	0.462			AT5G06960	-0.0	0.05	0.017	-0.033	0.343
2way	2	1.155	0.747			AT5G63260	-0.0	0.037	0.062	0.025	0.344
2way	2	1.155	0.747			AT2G01818	-0.0	0.033	0.015	-0.017	0.345
2way	2	-0.301	0.462			AT1G76890	-0.0	0.049	0.014	-0.034	0.348
2way	2	-0.301	0.462			AT2G45650	-0.0	0.023	0.002	-0.021	0.348
2way	2	-0.301	0.462			AT3G09735	0.281	0.055	0.022	-0.032	0.348
2way	2	-0.301	0.462			AT3G53200	0.246	0.056	0.019	-0.037	0.348
2way	2	-0.301	0.462			AT5G29000	-0.0	0.053	0.017	-0.036	0.348
2way	2	-0.301	0.462			AT1G06850	-0.0	0.056	0.027	-0.03	0.352
2way	2	-0.301	0.462			AT2G20400	0.185	0.057	0.021	-0.036	0.352
2way	2	-0.301	0.462			AT1G19210	-0.0	0.085	0.049	-0.036	0.354
2way	2	1.155	0.747			AT1G18330	-0.0	0.022	0.045	0.022	0.355
2way	2	1.155	0.747			AT5G62940	-0.0	0.028	0.051	0.023	0.355
2way	2	1.155	0.747			AT5G61600	0.326	0.051	0.036	-0.015	0.357
2way	2	-0.301	0.462			AT3G03200	-0.0	0.033	0.005	-0.028	0.364
2way	2	-0.301	0.462			AT4G17980	-0.0	0.03	0.008	-0.021	0.364
2way	2	-0.301	0.462			AT4G36160	-0.0	0.053	0.019	-0.034	0.364
2way	2	-0.301	0.462			AT4G38000	-0.0	0.069	0.03	-0.039	0.364
2way	2	-0.301	0.462			AT5G03790	0.608	0.05	0.014	-0.036	0.364
2way	2	1.155	0.747			AT4G36740	-0.051	0.05	0.073	0.023	0.364
2way	2	1.155	0.747			AT5G02460	-0.0	0.039	0.064	0.025	0.364
2way	2	1.155	0.747			AT5G14340	-0.0	0.002	0.008	0.006	0.364
2way	2	-0.301	0.462			AT1G51700	-0.0	0.124	0.089	-0.034	0.365
2way	2	-0.301	0.462			AT2G03500	-0.0	0.052	0.018	-0.034	0.365
2way	2	1.155	0.747			AT2G18160	-0.0	0.076	0.051	-0.025	0.368
2way	2	1.155	0.747			AT1G36060	-0.551	0.024	0.044	0.02	0.369
2way	2	-0.301	0.462			AT4G00250	-0.0	0.068	0.032	-0.035	0.372
2way	2	1.155	0.747			AT4G24470	-1.856	0.004	0.015	0.011	0.372
2way	2	1.155	0.747			AT1G25550	0.018	0.039	0.024	-0.015	0.374
2way	2	1.155	0.747			AT4G25490	-0.0	0.051	0.075	0.024	0.374
2way	2	1.155	0.747			AT1G25580	-0.0	0.019	0.033	0.015	0.374
2way	2	1.155	0.747			AT1G68670	0.744	0.029	0.016	-0.012	0.375
2way	2	1.155	0.747			AT1G68550	-0.0	0.085	0.062	-0.023	0.377
2way	2	1.155	0.747			AT1G77200	-0.013	0.058	0.082	0.024	0.377
2way	2	1.155	0.747			AT5G67190	-1.551	0.047	0.07	0.023	0.377
2way	2	-0.301	0.462			AT3G15270	-0.0	0.057	0.021	-0.035	0.378
2way	2	-0.301	0.462			AT5G25190	0.357	0.206	0.163	-0.044	0.379
2way	2	-0.301	0.462			AT1G66370	-0.0	0.001	0.015	0.014	0.38
2way	2	-0.301	0.462			AT3G04070	-0.0	0.027	0.005	-0.022	0.38
2way	2	-0.301	0.462			AT5G08330	-0.0	0.049	0.023	-0.027	0.38
2way	2	-0.301	0.462			AT3G44480	-0.0	0.061	0.028	-0.034	0.381
2way	2	-0.301	0.462			AT5G65410	-0.0	0.06	0.031	-0.028	0.381
2way	2	1.155	0.747			AT5G39610	-0.0	0.061	0.041	-0.02	0.381
2way	2	-0.301	0.462			AT1G20980	-0.0	0.03	0.005	-0.025	0.384
2way	2	-0.301	0.462			AT4G26640	-0.0	0.02	0.005	-0.015	0.384
2way	2	-0.301	0.462			AT5G63090	-0.0	0.022	0.008	-0.014	0.384
2way	2	-0.301	0.462			AT1G72010	-0.0	0.048	0.023	-0.025	0.387
2way	2	-0.301	0.462			AT2G39900	-0.0	0.0	0.008	0.008	0.388
2way	2	-0.301	0.462			AT4G17460	-0.0	0.0	0.008	0.008	0.388
2way	2	-0.301	0.462			AT4G28110	-0.0	0.0	0.008	0.008	0.388
2way	2	-0.301	0.462			AT4G38620	-0.0	0.0	0.007	0.007	0.388
2way	2	-0.301	0.462			AT2G45420	-0.0	0.064	0.033	-0.031	0.391
2way	2	-0.301	0.462			AT5G66940	-0.0	0.061	0.032	-0.029	0.391
2way	2	1.155	0.747			AT1G33240	-0.0	0.045	0.066	0.021	0.392
2way	2	-0.301	0.462			AT1G25550	-0.0	0.039	0.013	-0.026	0.393
2way	2	1.155	0.747			AT2G46770	0.004	0.069	0.047	-0.022	0.394
2way	2	1.155	0.747			AT2G28810	0.092	0.041	0.06	0.02	0.397
2way	2	-0.301	0.462			AT5G05550	-0.0	0.13	0.087	-0.043	0.4
2way	2	1.155	0.747			AT5G39820	0.311	0.021	0.01	-0.011	0.401
2way	2	1.155	0.747			AT1G75240	-1.014	0.038	0.059	0.022	0.403
2way	2	-0.301	0.462			AT1G64620	-0.0	0.074	0.04	-0.035	0.404
2way	2	-0.301	0.462			AT2G46590	-0.0	0.076	0.039	-0.037	0.405
2way	2	-0.301	0.462			AT2G46770	-0.0	0.04	0.015	-0.025	0.41
2way	2	-0.301	0.462			AT2G47070	-0.0	0.042	0.012	-0.03	0.41
2way	2	-0.301	0.462			AT3G18400	-0.0	0.034	0.009	-0.024	0.41
2way	2	-0.301	0.462			AT5G18450	-0.0	0.047	0.022	-0.026	0.41
2way	2	-0.301	0.462			AT1G13300	-0.0	0.017	0.004	-0.013	0.411
2way	2	-0.301	0.462			AT3G51080	-0.0	0.003	0.013	0.01	0.411
2way	2	-0.301	0.462			AT4G01500	-0.0	0.016	0.0	-0.015	0.411
2way	2	-0.301	0.462			AT5G07100	-0.0	0.026	0.008	-0.018	0.411
2way	2	1.155	0.747			AT3G28920	-0.606	0.04	0.062	0.022	0.418
2way	2	1.155	0.747			AT1G06280	0.411	0.108	0.086	-0.023	0.42
2way	2	-0.301	0.462			AT1G24250	-0.0	0.01	0.027	0.017	0.421
2way	2	-0.301	0.462			AT3G15170	-0.0	0.021	0.003	-0.018	0.421
2way	2	1.155	0.747			AT5G65510	-0.0	0.033	0.019	-0.014	0.424
2way	2	-0.301	0.462			AT2G22540	-0.0	0.061	0.03	-0.031	0.426
2way	2	1.155	0.747			AT2G02540	-0.0	0.054	0.075	0.021	0.426
2way	2	1.155	0.747			AT3G55370	0.025	0.046	0.066	0.02	0.426
2way	2	1.155	0.747			AT5G05550	0.001	0.102	0.079	-0.023	0.426
2way	2	1.155	0.747			AT5G43840	-0.0	0.022	0.011	-0.011	0.426
2way	2	-0.301	0.462			AT2G42200	-0.0	0.044	0.019	-0.024	0.428
2way	2	-0.301	0.462			AT2G01940	-0.0	0.015	0.038	0.023	0.431
2way	2	-0.301	0.462			AT2G40260	-0.0	0.053	0.024	-0.03	0.431
2way	2	-0.301	0.462			AT4G24470	-0.0	0.012	0.03	0.019	0.431
2way	2	1.155	0.747			AT3G10800	-0.0	0.045	0.027	-0.018	0.436
2way	2	-0.301	0.462			AT5G46590	-0.0	0.018	0.001	-0.017	0.437
2way	2	1.155	0.747			AT1G69780	-0.0	0.042	0.06	0.018	0.44
2way	2	1.155	0.747			AT1G76420	-0.0	0.06	0.042	-0.017	0.44
2way	2	1.155	0.747			AT1G03800	-0.0	0.091	0.07	-0.02	0.442
2way	2	1.155	0.747			AT4G01540	-0.0	0.052	0.074	0.022	0.442
2way	2	-0.301	0.462			AT3G24120	-0.0	0.083	0.049	-0.033	0.444
2way	2	-0.301	0.462			AT1G69570	0.027	0.18	0.146	-0.034	0.445
2way	2	-0.301	0.462			AT1G79580	-0.0	0.044	0.019	-0.024	0.445
2way	2	1.155	0.747			AT4G10350	-0.0	0.061	0.041	-0.02	0.446
2way	2	1.155	0.747			AT5G64060	-0.065	0.114	0.135	0.021	0.446
2way	2	1.155	0.747			AT1G27360	-0.0	0.006	0.001	-0.005	0.447
2way	2	1.155	0.747			AT4G17460	-0.0	0.004	0.01	0.006	0.447
2way	2	1.155	0.747			AT5G25390	-0.0	0.006	0.003	-0.003	0.447
2way	2	-0.301	0.462			AT3G01220	0.337	0.039	0.012	-0.026	0.448
2way	2	1.155	0.747			AT3G58630	-0.0	0.025	0.014	-0.011	0.449
2way	2	1.155	0.747			AT2G36270	-0.0	0.085	0.063	-0.022	0.45
2way	2	1.155	0.747			AT1G24250	-0.726	0.013	0.025	0.013	0.451
2way	2	-0.301	0.462			AT1G54330	-0.0	0.026	0.007	-0.019	0.456
2way	2	-0.301	0.462			AT3G10500	-0.0	0.02	0.004	-0.016	0.456
2way	2	-0.301	0.462			AT3G61150	-0.0	0.03	0.009	-0.021	0.456
2way	2	-0.301	0.462			AT4G01680	-0.0	0.026	0.007	-0.019	0.457
2way	2	1.155	0.747			AT5G66700	-0.0	0.061	0.083	0.022	0.46
2way	2	-0.301	0.462			AT2G02540	-0.0	0.04	0.015	-0.025	0.461
2way	2	1.155	0.747			AT1G52150	-0.795	0.026	0.043	0.018	0.461
2way	2	-0.301	0.462			AT5G62940	-0.0	0.055	0.034	-0.022	0.462
2way	2	-0.301	0.462			AT5G65310	-0.0	0.048	0.024	-0.024	0.462
2way	2	1.155	0.747			AT5G03790	-0.957	0.049	0.07	0.021	0.462
2way	2	1.155	0.747			AT5G18270	-0.0	0.063	0.046	-0.018	0.462
2way	2	1.155	0.747			AT1G63030	-0.0	0.004	0.011	0.007	0.463
2way	2	1.155	0.747			AT5G44210	0.253	0.038	0.024	-0.014	0.463
2way	2	1.155	0.747			AT5G17300	-0.0	0.129	0.15	0.021	0.466
2way	2	1.155	0.747			AT3G51080	-0.0	0.0	0.007	0.006	0.47
2way	2	1.155	0.747			AT5G25475	-0.0	0.001	0.006	0.006	0.47
2way	2	-0.301	0.462			AT1G30490	-0.0	0.026	0.007	-0.018	0.471
2way	2	-0.301	0.462			AT1G65910	-0.0	0.029	0.009	-0.019	0.471
2way	2	1.155	0.747			AT1G65910	0.835	0.071	0.052	-0.019	0.471
2way	2	-0.301	0.462			AT1G26960	-0.0	0.056	0.027	-0.029	0.474
2way	2	-0.301	0.462			AT2G18380	-0.0	0.033	0.063	0.03	0.474
2way	2	1.155	0.747			AT4G05100	-0.0	0.015	0.027	0.012	0.474
2way	2	1.155	0.747			AT3G44480	-0.0	0.031	0.047	0.016	0.481
2way	2	1.155	0.747			AT3G47500	-0.0	0.034	0.049	0.014	0.481
2way	2	1.155	0.747			AT5G54230	-0.0	0.049	0.068	0.019	0.482
2way	2	-0.301	0.462			AT2G18060	-0.0	0.03	0.011	-0.019	0.483
2way	2	1.155	0.747			AT1G62300	-1.607	0.076	0.057	-0.019	0.484
2way	2	1.155	0.747			AT5G22990	-0.0	0.081	0.062	-0.019	0.484
2way	2	-0.301	0.462			AT1G08010	-0.0	0.03	0.054	0.024	0.488
2way	2	-0.301	0.462			AT3G28920	-0.0	0.063	0.041	-0.022	0.488
2way	2	-0.301	0.462			AT3G57920	-0.0	0.033	0.012	-0.02	0.488
2way	2	1.155	0.747			AT4G25470	-0.0	0.05	0.069	0.019	0.488
2way	2	-0.301	0.462			AT2G17950	-0.0	0.015	0.001	-0.014	0.491
2way	2	-0.301	0.462			AT4G18450	-0.0	0.015	0.007	-0.008	0.491
2way	2	-0.301	0.462			AT5G08130	-0.0	0.018	0.002	-0.015	0.491
2way	2	1.155	0.747			AT1G75390	-0.0	0.014	0.007	-0.007	0.493
2way	2	-0.301	0.462			AT3G47500	-0.0	0.069	0.041	-0.028	0.499
2way	2	-0.301	0.462			AT3G24520	-0.0	0.064	0.034	-0.031	0.501
2way	2	-0.301	0.462			AT4G01540	-0.0	0.061	0.035	-0.027	0.501
2way	2	1.155	0.747			AT3G12820	-0.0	0.01	0.02	0.01	0.502
2way	2	1.155	0.747			AT1G13400	0.658	0.014	0.006	-0.008	0.504
2way	2	1.155	0.747			AT3G06740	-0.159	0.026	0.039	0.013	0.504
2way	2	1.155	0.747			AT5G66300	-0.0	0.041	0.027	-0.014	0.504
2way	2	-0.301	0.462			AT3G17730	-0.0	0.029	0.008	-0.02	0.507
2way	2	-0.301	0.462			AT4G00730	-0.0	0.031	0.012	-0.018	0.507
2way	2	-0.301	0.462			AT5G04410	-0.0	0.025	0.01	-0.015	0.507
2way	2	-0.301	0.462			AT1G74480	0.661	0.062	0.03	-0.032	0.509
2way	2	-0.301	0.462			AT3G45610	-0.0	0.07	0.041	-0.03	0.509
2way	2	-0.301	0.462			AT3G24050	-0.0	0.019	0.039	0.02	0.51
2way	2	-0.301	0.462			AT4G38170	-0.0	0.062	0.036	-0.026	0.511
2way	2	-0.301	0.462			AT5G02460	-0.0	0.07	0.044	-0.026	0.511
2way	2	1.155	0.747			AT1G09540	-0.0	0.036	0.051	0.015	0.511
2way	2	1.155	0.747			AT1G22810	-0.0	0.036	0.051	0.015	0.511
2way	2	1.155	0.747			AT1G19210	-0.0	0.071	0.087	0.016	0.513
2way	2	-0.301	0.462			AT1G52150	-0.0	0.031	0.01	-0.021	0.516
2way	2	-0.301	0.462			AT5G63260	-0.0	0.07	0.041	-0.029	0.519
2way	2	-0.301	0.462			AT5G66700	0.09	0.067	0.039	-0.028	0.519
2way	2	-0.301	0.462			AT1G18570	-0.0	0.01	0.0	-0.01	0.524
2way	2	-0.301	0.462			AT1G51600	-0.0	0.004	0.0	-0.004	0.524
2way	2	-0.301	0.462			AT1G63030	-0.0	0.003	0.0	-0.003	0.524
2way	2	-0.301	0.462			AT2G38090	-0.0	0.005	0.0	-0.005	0.524
2way	2	-0.301	0.462			AT3G02150	-0.0	0.005	0.0	-0.005	0.524
2way	2	-0.301	0.462			AT3G45170	-0.0	0.002	0.006	0.004	0.524
2way	2	-0.301	0.462			AT3G46070	-0.0	0.0	0.004	0.004	0.524
2way	2	-0.301	0.462			AT5G08750	-0.0	0.004	0.0	-0.004	0.524
2way	2	-0.301	0.462			AT5G10280	-0.0	0.003	0.0	-0.003	0.524
2way	2	-0.301	0.462			AT5G38860	-0.0	0.006	0.0	-0.006	0.524
2way	2	-0.301	0.462			AT5G42520	-0.0	0.0	0.006	0.006	0.524
2way	2	1.155	0.747			AT1G12260	-0.0	0.062	0.046	-0.016	0.526
2way	2	-0.301	0.462			AT1G34670	-0.0	0.036	0.015	-0.021	0.527
2way	2	-0.301	0.462			AT4G10350	-0.0	0.036	0.013	-0.022	0.527
2way	2	-0.301	0.462			AT5G13180	-0.0	0.035	0.017	-0.018	0.527
2way	2	1.155	0.747			AT5G13180	-0.0	0.064	0.048	-0.017	0.527
2way	2	1.155	0.747			AT4G01680	-0.0	0.023	0.036	0.014	0.528
2way	2	-0.301	0.462			AT1G25340	-0.0	0.035	0.018	-0.018	0.529
2way	2	-0.301	0.462			AT5G18270	-0.0	0.035	0.015	-0.02	0.529
2way	2	1.155	0.747			AT3G20840	-0.0	0.009	0.004	-0.006	0.53
2way	2	1.155	0.747			AT1G54330	-0.0	0.069	0.053	-0.016	0.531
2way	2	1.155	0.747			AT1G49560	-0.0	0.052	0.038	-0.015	0.535
2way	2	1.155	0.747			AT3G50410	0.0	0.03	0.042	0.012	0.535
2way	2	1.155	0.747			AT1G55110	-0.0	0.027	0.04	0.013	0.536
2way	2	-0.301	0.462			AT1G03800	-0.0	0.091	0.064	-0.027	0.537
2way	2	-0.301	0.462			AT1G68550	-0.0	0.089	0.067	-0.022	0.537
2way	2	-0.301	0.462			AT2G43000	-0.0	0.082	0.054	-0.028	0.537
2way	2	1.155	0.747			AT1G79580	-0.0	0.069	0.056	-0.013	0.539
2way	2	1.155	0.747			AT1G30490	-0.0	0.032	0.044	0.012	0.543
2way	2	-0.301	0.462			AT1G13260	-0.0	0.031	0.049	0.018	0.548
2way	2	-0.301	0.462			AT3G06490	-0.0	0.013	0.002	-0.011	0.548
2way	2	-0.301	0.462			AT4G18890	-0.0	0.015	0.0	-0.014	0.548
2way	2	1.155	0.747			AT1G68320	-0.0	0.029	0.041	0.012	0.548
2way	2	1.155	0.747			AT5G62320	-0.0	0.023	0.036	0.013	0.549
2way	2	1.155	0.747			AT1G28470	0.226	0.083	0.067	-0.016	0.551
2way	2	1.155	0.747			AT4G38000	0.682	0.048	0.064	0.016	0.551
2way	2	1.155	0.747			AT1G20980	-0.0	0.031	0.022	-0.009	0.553
2way	2	1.155	0.747			AT4G34410	-0.0	0.08	0.064	-0.016	0.553
2way	2	1.155	0.747			AT1G32510	-0.0	0.0	0.002	0.002	0.557
2way	2	1.155	0.747			AT2G40260	-0.038	0.034	0.047	0.013	0.557
2way	2	1.155	0.747			AT3G47620	-0.0	0.003	0.001	-0.001	0.557
2way	2	1.155	0.747			AT5G18090	-0.0	0.0	0.002	0.002	0.557
2way	2	1.155	0.747			AT5G48670	-0.0	0.0	0.001	0.001	0.557
2way	2	1.155	0.747			AT3G56850	-0.0	0.071	0.054	-0.017	0.559
2way	2	-0.301	0.462			AT1G75240	-0.0	0.055	0.033	-0.022	0.561
2way	2	-0.301	0.462			AT1G75490	-0.0	0.052	0.031	-0.022	0.561
2way	2	-0.301	0.462			AT2G18350	-0.0	0.048	0.032	-0.016	0.561
2way	2	-0.301	0.462			AT2G20110	-0.0	0.034	0.056	0.021	0.561
2way	2	-0.301	0.462			AT2G42430	-0.0	0.047	0.024	-0.023	0.561
2way	2	-0.301	0.462			AT3G01530	-0.0	0.053	0.028	-0.024	0.561
2way	2	-0.301	0.462			AT3G12130	-0.0	0.05	0.027	-0.024	0.561
2way	2	-0.301	0.462			AT3G50410	-0.0	0.042	0.025	-0.017	0.561
2way	2	-0.301	0.462			AT4G31800	-0.28	0.088	0.114	0.026	0.561
2way	2	-0.301	0.462			AT5G05790	-0.0	0.049	0.028	-0.021	0.561
2way	2	-0.301	0.462			AT5G18560	-0.0	0.057	0.043	-0.015	0.561
2way	2	-0.301	0.462			AT5G47660	-0.0	0.027	0.013	-0.015	0.561
2way	2	1.155	0.747			AT1G19040	-0.0	0.018	0.011	-0.007	0.561
2way	2	-0.301	0.462			AT1G23810	-0.0	0.005	0.0	-0.004	0.562
2way	2	-0.301	0.462			AT1G53230	-0.0	0.008	0.002	-0.005	0.562
2way	2	-0.301	0.462			AT2G24570	-0.0	0.004	0.001	-0.003	0.562
2way	2	-0.301	0.462			AT2G33810	-0.0	0.008	0.002	-0.005	0.562
2way	2	-0.301	0.462			AT3G12910	-0.0	0.009	0.0	-0.009	0.562
2way	2	-0.301	0.462			AT3G61250	-0.0	0.004	0.001	-0.003	0.562
2way	2	-0.301	0.462			AT3G20310	-0.0	0.096	0.074	-0.023	0.564
2way	2	1.155	0.747			AT2G44940	-0.0	0.035	0.048	0.012	0.566
2way	2	1.155	0.747			AT1G73730	-0.0	0.006	0.011	0.005	0.568
2way	2	1.155	0.747			AT2G24570	-0.0	0.011	0.004	-0.007	0.568
2way	2	1.155	0.747			AT4G00730	-0.0	0.036	0.049	0.013	0.572
2way	2	1.155	0.747			AT1G72360	-0.0	0.01	0.005	-0.005	0.573
2way	2	1.155	0.747			AT2G42590	-0.0	0.011	0.005	-0.006	0.573
2way	2	1.155	0.747			AT2G45680	-0.0	0.01	0.007	-0.003	0.573
2way	2	-0.301	0.462			AT2G23320	0.083	0.046	0.03	-0.016	0.574
2way	2	-0.301	0.462			AT3G16280	-0.0	0.033	0.05	0.017	0.574
2way	2	-0.301	0.462			AT1G31140	-0.0	0.044	0.02	-0.024	0.577
2way	2	1.155	0.747			AT3G61150	-0.846	0.04	0.054	0.014	0.577
2way	2	-0.301	0.462			AT1G14580	-0.0	0.028	0.019	-0.009	0.578
2way	2	-0.301	0.462			AT2G33550	0.535	0.023	0.006	-0.017	0.578
2way	2	-0.301	0.462			AT3G21175	-0.0	0.013	0.023	0.01	0.578
2way	2	-0.301	0.462			AT3G27010	-0.0	0.026	0.015	-0.011	0.578
2way	2	-0.301	0.462			AT4G26030	-0.0	0.023	0.007	-0.016	0.578
2way	2	-0.301	0.462			AT4G32800	-0.0	0.008	0.02	0.011	0.578
2way	2	-0.301	0.462			AT5G66300	-0.0	0.017	0.005	-0.012	0.578
2way	2	1.155	0.747			AT3G15210	-0.0	0.095	0.081	-0.014	0.582
2way	2	1.155	0.747			AT3G25990	-0.0	0.01	0.018	0.008	0.582
2way	2	-0.301	0.462			AT3G60490	-0.0	0.029	0.048	0.019	0.587
2way	2	-0.301	0.462			AT2G38340	0.445	0.119	0.098	-0.021	0.588
2way	2	1.155	0.747			AT1G45249	-0.0	0.034	0.024	-0.01	0.59
2way	2	1.155	0.747			AT3G12130	-0.0	0.027	0.036	0.009	0.59
2way	2	-0.301	0.462			AT1G02250	-0.0	0.021	0.01	-0.011	0.591
2way	2	-0.301	0.462			AT5G13790	-0.0	0.021	0.009	-0.012	0.591
2way	2	1.155	0.747			AT1G10720	-0.0	0.003	0.001	-0.001	0.591
2way	2	1.155	0.747			AT1G53170	-0.419	0.101	0.085	-0.016	0.591
2way	2	1.155	0.747			AT2G46400	-0.0	0.007	0.003	-0.004	0.591
2way	2	1.155	0.747			AT3G13040	-0.0	0.003	0.001	-0.002	0.591
2way	2	1.155	0.747			AT4G36620	-0.0	0.003	0.001	-0.002	0.591
2way	2	-0.301	0.462			AT2G32460	-0.0	0.03	0.051	0.02	0.592
2way	2	1.155	0.747			AT3G24050	-0.0	0.013	0.022	0.009	0.595
2way	2	-0.301	0.462			AT2G35700	-0.0	0.028	0.049	0.022	0.597
2way	2	1.155	0.747			AT5G06960	-0.0	0.026	0.037	0.011	0.597
2way	2	1.155	0.747			AT2G33710	-0.0	0.066	0.053	-0.012	0.599
2way	2	1.155	0.747			AT1G50640	-0.0	0.07	0.054	-0.016	0.603
2way	2	1.155	0.747			AT1G65620	-0.0	0.013	0.006	-0.007	0.605
2way	2	1.155	0.747			AT5G14960	-0.055	0.004	0.01	0.006	0.605
2way	2	1.155	0.747			AT5G59990	-0.0	0.003	0.008	0.005	0.605
2way	2	-0.301	0.462			AT1G19790	-0.0	0.016	0.028	0.012	0.607
2way	2	-0.301	0.462			AT2G24430	-0.0	0.043	0.018	-0.025	0.607
2way	2	-0.301	0.462			AT3G60530	-0.0	0.007	0.022	0.015	0.607
2way	2	-0.301	0.462			AT5G06100	-0.0	0.036	0.058	0.022	0.607
2way	2	1.155	0.747			AT1G69560	-0.0	0.01	0.006	-0.003	0.607
2way	2	1.155	0.747			AT4G01500	-0.0	0.006	0.01	0.005	0.607
2way	2	1.155	0.747			AT5G13910	-0.0	0.011	0.006	-0.004	0.607
2way	2	1.155	0.747			AT5G10280	-0.0	0.013	0.021	0.008	0.609
2way	2	-0.301	0.462			AT3G50060	-0.0	0.124	0.146	0.023	0.611
2way	2	1.155	0.747			AT3G57920	0.694	0.044	0.035	-0.01	0.612
2way	2	1.155	0.747			AT5G63090	-0.0	0.028	0.02	-0.008	0.612
2way	2	-0.301	0.462			AT2G28810	-0.0	0.064	0.042	-0.023	0.617
2way	2	1.155	0.747			AT3G18400	-0.0	0.073	0.059	-0.014	0.617
2way	2	1.155	0.747			AT2G33550	-0.0	0.011	0.019	0.008	0.621
2way	2	1.155	0.747			AT3G24520	-0.324	0.079	0.067	-0.012	0.621
2way	2	1.155	0.747			AT3G20770	0.037	0.026	0.019	-0.007	0.623
2way	2	-0.301	0.462			AT1G12630	-0.0	0.061	0.043	-0.017	0.625
2way	2	-0.301	0.462			AT2G31230	-0.0	0.046	0.071	0.024	0.625
2way	2	-0.301	0.462			AT3G23220	-0.0	0.032	0.018	-0.013	0.626
2way	2	1.155	0.747			AT5G29000	0.719	0.045	0.034	-0.01	0.629
2way	2	1.155	0.747			AT1G69180	-0.0	0.026	0.037	0.011	0.631
2way	2	1.155	0.747			AT2G15660	-0.0	0.012	0.007	-0.005	0.634
2way	2	1.155	0.747			AT2G17950	-0.0	0.005	0.013	0.008	0.634
2way	2	1.155	0.747			AT2G33810	-0.0	0.014	0.009	-0.005	0.634
2way	2	1.155	0.747			AT4G18890	-0.0	0.01	0.005	-0.005	0.634
2way	2	-0.301	0.462			AT5G04390	-0.0	0.017	0.029	0.012	0.637
2way	2	-0.301	0.462			AT5G39610	-0.0	0.02	0.009	-0.012	0.637
2way	2	1.155	0.747			AT1G02250	-0.0	0.037	0.048	0.011	0.64
2way	2	1.155	0.747			AT5G47660	-0.0	0.034	0.044	0.011	0.64
2way	2	-0.301	0.462			AT3G55370	-0.0	0.067	0.044	-0.023	0.641
2way	2	1.155	0.747			AT3G28910	-0.0	0.019	0.026	0.007	0.642
2way	2	1.155	0.747			AT5G46590	-0.0	0.031	0.023	-0.008	0.642
2way	2	1.155	0.747			AT2G02080	-0.0	0.032	0.042	0.01	0.644
2way	2	1.155	0.747			AT2G22430	1.184	0.054	0.045	-0.009	0.644
2way	2	-0.301	0.462			AT1G28370	-0.0	0.091	0.071	-0.02	0.646
2way	2	1.155	0.747			AT2G01940	-0.118	0.042	0.052	0.01	0.649
2way	2	-0.301	0.462			AT1G12260	-0.0	0.028	0.013	-0.015	0.651
2way	2	-0.301	0.462			AT1G69780	-0.0	0.028	0.017	-0.011	0.651
2way	2	-0.301	0.462			AT3G04060	-0.0	0.023	0.011	-0.012	0.651
2way	2	-0.301	0.462			AT5G47220	-0.0	0.062	0.081	0.019	0.651
2way	2	-0.301	0.462			AT5G62380	-0.0	0.028	0.01	-0.017	0.651
2way	2	-0.301	0.462			AT2G15660	-0.0	0.005	0.002	-0.003	0.652
2way	2	-0.301	0.462			AT2G17410	-0.0	0.006	0.002	-0.004	0.652
2way	2	-0.301	0.462			AT3G01470	-0.0	0.007	0.001	-0.007	0.652
2way	2	-0.301	0.462			AT3G02990	-0.0	0.007	0.001	-0.007	0.652
2way	2	-0.301	0.462			AT3G13350	-0.0	0.007	0.004	-0.003	0.652
2way	2	-0.301	0.462			AT3G57600	-0.0	0.007	0.011	0.004	0.652
2way	2	-0.301	0.462			AT3G61120	-0.0	0.007	0.0	-0.006	0.652
2way	2	-0.301	0.462			AT4G27900	-0.0	0.002	0.01	0.008	0.652
2way	2	-0.301	0.462			AT5G07680	-0.0	0.007	0.0	-0.007	0.652
2way	2	-0.301	0.462			AT5G10140	-0.0	0.008	0.002	-0.006	0.652
2way	2	-0.301	0.462			AT5G25390	-0.0	0.01	0.005	-0.004	0.652
2way	2	1.155	0.747			AT1G34370	-0.0	0.006	0.011	0.005	0.657
2way	2	1.155	0.747			AT4G28140	-0.0	0.006	0.013	0.007	0.657
2way	2	1.155	0.747			AT3G50060	0.02	0.132	0.12	-0.012	0.658
2way	2	1.155	0.747			AT4G37260	0.046	0.132	0.12	-0.012	0.658
2way	2	-0.301	0.462			AT1G21910	-0.0	0.015	0.008	-0.007	0.66
2way	2	-0.301	0.462			AT4G01720	-0.0	0.008	0.001	-0.007	0.66
2way	2	1.155	0.747			AT4G27950	-0.0	0.032	0.023	-0.009	0.66
2way	2	1.155	0.747			AT2G31230	-0.0	0.059	0.049	-0.009	0.661
2way	2	1.155	0.747			AT3G18990	0.532	0.052	0.043	-0.009	0.661
2way	2	1.155	0.747			AT5G50570	-0.0	0.017	0.01	-0.007	0.661
2way	2	-0.301	0.462			AT1G36060	-0.0	0.035	0.02	-0.015	0.666
2way	2	-0.301	0.462			AT1G09540	-0.0	0.032	0.017	-0.015	0.67
2way	2	-0.301	0.462			AT1G27730	-0.056	0.072	0.089	0.017	0.67
2way	2	-0.301	0.462			AT1G30650	-0.0	0.034	0.024	-0.01	0.67
2way	2	-0.301	0.462			AT2G30340	-0.0	0.026	0.015	-0.012	0.67
2way	2	1.155	0.747			AT2G17410	-0.0	0.004	0.001	-0.003	0.672
2way	2	1.155	0.747			AT2G38880	-0.0	0.005	0.002	-0.003	0.672
2way	2	1.155	0.747			AT2G41835	-0.0	0.003	0.001	-0.002	0.672
2way	2	1.155	0.747			AT3G30530	-0.0	0.002	0.001	-0.001	0.672
2way	2	1.155	0.747			AT3G61120	-0.0	0.002	0.006	0.003	0.672
2way	2	1.155	0.747			AT4G27900	-0.0	0.0	0.004	0.004	0.672
2way	2	1.155	0.747			AT5G65210	-0.0	0.047	0.057	0.01	0.672
2way	2	1.155	0.747			AT2G22540	-0.275	0.053	0.064	0.011	0.673
2way	2	1.155	0.747			AT3G45610	1.377	0.044	0.055	0.011	0.673
2way	2	1.155	0.747			AT5G62380	-0.0	0.059	0.049	-0.009	0.673
2way	2	1.155	0.747			AT1G66370	0.078	0.017	0.012	-0.005	0.675
2way	2	1.155	0.747			AT1G34670	-0.0	0.052	0.065	0.012	0.676
2way	2	1.155	0.747			AT2G18060	-0.0	0.058	0.048	-0.011	0.676
2way	2	1.155	0.747			AT2G46590	-0.0	0.046	0.058	0.012	0.676
2way	2	1.155	0.747			AT3G23210	-0.0	0.016	0.009	-0.007	0.678
2way	2	1.155	0.747			AT3G10480	-0.0	0.068	0.058	-0.009	0.679
2way	2	-0.301	0.462			AT1G75080	-0.0	0.008	0.0	-0.008	0.681
2way	2	-0.301	0.462			AT2G40740	-0.0	0.037	0.028	-0.008	0.681
2way	2	-0.301	0.462			AT3G01970	-0.0	0.035	0.021	-0.014	0.681
2way	2	-0.301	0.462			AT3G12720	-0.0	0.036	0.024	-0.012	0.681
2way	2	-0.301	0.462			AT5G41570	-0.0	0.041	0.023	-0.018	0.681
2way	2	-0.301	0.462			AT5G43840	-0.0	0.01	0.003	-0.007	0.681
2way	2	1.155	0.747			AT3G03200	-0.0	0.069	0.058	-0.011	0.683
2way	2	1.155	0.747			AT3G48160	-0.0	0.001	0.003	0.002	0.683
2way	2	1.155	0.747			AT5G10510	-0.0	0.005	0.002	-0.003	0.683
2way	2	1.155	0.747			AT5G52170	-0.0	0.001	0.004	0.003	0.683
2way	2	1.155	0.747			AT5G67000	-0.0	0.003	0.0	-0.003	0.683
2way	2	-0.301	0.462			AT1G53170	-0.0	0.119	0.101	-0.018	0.684
2way	2	1.155	0.747			AT5G64750	-0.0	0.074	0.063	-0.011	0.688
2way	2	1.155	0.747			AT5G67580	-0.0	0.035	0.025	-0.01	0.688
2way	2	-0.301	0.462			AT1G76420	-0.0	0.027	0.014	-0.014	0.692
2way	2	-0.301	0.462			AT5G52830	-0.0	0.035	0.021	-0.014	0.692
2way	2	1.155	0.747			AT4G17980	-0.0	0.074	0.064	-0.01	0.693
2way	2	1.155	0.747			AT5G03150	-0.0	0.01	0.017	0.007	0.693
2way	2	-0.301	0.462			AT1G29280	-0.0	0.044	0.027	-0.016	0.694
2way	2	-0.301	0.462			AT1G74650	-0.0	0.045	0.027	-0.018	0.694
2way	2	1.155	0.747			AT4G16750	-0.0	0.065	0.075	0.01	0.696
2way	2	1.155	0.747			AT4G32730	-0.0	0.071	0.061	-0.011	0.701
2way	2	-0.301	0.462			AT5G17800	0.191	0.031	0.041	0.01	0.703
2way	2	1.155	0.747			AT5G11260	-0.0	0.077	0.067	-0.01	0.703
2way	2	1.155	0.747			AT1G47655	-0.0	0.028	0.035	0.007	0.705
2way	2	1.155	0.747			AT1G72740	-0.0	0.039	0.03	-0.008	0.705
2way	2	1.155	0.747			AT2G02070	-0.0	0.031	0.04	0.008	0.707
2way	2	-0.301	0.462			AT2G03340	-0.0	0.013	0.004	-0.009	0.71
2way	2	-0.301	0.462			AT2G46130	-0.0	0.01	0.003	-0.007	0.71
2way	2	1.155	0.747			AT3G20310	-0.0	0.093	0.081	-0.012	0.71
2way	2	1.155	0.747			AT4G37180	-0.0	0.051	0.042	-0.009	0.711
2way	2	-0.301	0.462			AT2G30250	-0.0	0.04	0.026	-0.014	0.713
2way	2	-0.301	0.462			AT2G44940	-0.0	0.029	0.045	0.017	0.713
2way	2	-0.301	0.462			AT5G16820	-0.0	0.051	0.033	-0.018	0.713
2way	2	1.155	0.747			AT3G08500	-0.0	0.027	0.034	0.007	0.715
2way	2	-0.301	0.462			AT3G30210	-0.0	0.01	0.007	-0.003	0.716
2way	2	-0.301	0.462			AT5G13910	-0.0	0.015	0.003	-0.011	0.716
2way	2	-0.301	0.462			AT5G39820	-0.0	0.016	0.005	-0.011	0.716
2way	2	-0.301	0.462			AT5G53950	-0.0	0.012	0.005	-0.007	0.716
2way	2	-0.301	0.462			AT5G67450	-0.0	0.011	0.012	0.001	0.716
2way	2	1.155	0.747			AT3G21175	-0.0	0.012	0.017	0.004	0.72
2way	2	-0.301	0.462			AT2G15740	-0.0	0.071	0.054	-0.017	0.723
2way	2	1.155	0.747			AT2G30340	-0.0	0.045	0.038	-0.007	0.723
2way	2	1.155	0.747			AT2G42430	-0.129	0.042	0.051	0.009	0.728
2way	2	-0.301	0.462			AT4G37180	-0.0	0.053	0.041	-0.012	0.729
2way	2	1.155	0.747			AT5G13790	-0.0	0.015	0.02	0.005	0.729
2way	2	1.155	0.747			AT3G13350	-0.0	0.0	0.004	0.004	0.732
2way	2	1.155	0.747			AT3G45170	-0.0	0.005	0.004	-0.001	0.732
2way	2	1.155	0.747			AT5G56930	-0.0	0.008	0.005	-0.003	0.732
2way	2	-0.301	0.462			AT2G01930	-0.0	0.051	0.065	0.014	0.735
2way	2	-0.301	0.462			AT2G23340	-0.0	0.044	0.06	0.016	0.735
2way	2	1.155	0.747			AT1G26960	-0.0	0.036	0.044	0.008	0.736
2way	2	1.155	0.747			AT3G01530	-0.0	0.038	0.046	0.008	0.742
2way	2	-0.301	0.462			AT1G32240	-0.0	0.012	0.003	-0.009	0.746
2way	2	-0.301	0.462			AT3G26790	-0.0	0.018	0.007	-0.011	0.746
2way	2	-0.301	0.462			AT5G44160	-0.0	0.014	0.016	0.002	0.746
2way	2	1.155	0.747			AT1G08010	-0.0	0.015	0.023	0.008	0.746
2way	2	1.155	0.747			AT1G19790	-0.0	0.021	0.015	-0.006	0.746
2way	2	1.155	0.747			AT2G06200	-0.0	0.016	0.022	0.006	0.746
2way	2	-0.301	0.462			AT5G23930	-0.0	0.064	0.076	0.012	0.747
2way	2	1.155	0.747			AT2G23340	-0.0	0.044	0.051	0.007	0.747
2way	2	-0.301	0.462			AT1G50640	-0.0	0.08	0.064	-0.016	0.748
2way	2	-0.301	0.462			AT5G22990	-0.0	0.075	0.058	-0.017	0.748
2way	2	1.155	0.747			AT4G38170	-0.0	0.041	0.049	0.008	0.753
2way	2	1.155	0.747			AT5G62470	-0.0	0.051	0.059	0.008	0.753
2way	2	-0.301	0.462			AT2G01818	-0.0	0.01	0.005	-0.005	0.755
2way	2	1.155	0.747			AT1G28160	-0.0	0.066	0.057	-0.01	0.755
2way	2	1.155	0.747			AT1G34190	-0.0	0.062	0.052	-0.01	0.755
2way	2	1.155	0.747			AT2G35700	-0.0	0.053	0.062	0.009	0.755
2way	2	1.155	0.747			AT3G24120	-0.53	0.053	0.06	0.007	0.755
2way	2	1.155	0.747			AT5G65410	1.086	0.048	0.056	0.008	0.756
2way	2	-0.301	0.462			AT4G16750	-0.0	0.059	0.046	-0.014	0.758
2way	2	1.155	0.747			AT2G45420	-0.541	0.056	0.064	0.008	0.758
2way	2	1.155	0.747			AT5G23930	-0.15	0.065	0.056	-0.008	0.758
2way	2	1.155	0.747			AT3G60580	-0.0	0.019	0.024	0.004	0.761
2way	2	-0.301	0.462			AT5G64750	-0.0	0.073	0.084	0.011	0.762
2way	2	1.155	0.747			AT1G23810	-0.0	0.003	0.005	0.002	0.764
2way	2	1.155	0.747			AT1G78700	-0.0	0.047	0.055	0.008	0.764
2way	2	1.155	0.747			AT5G44160	-0.0	0.008	0.008	-0.0	0.764
2way	2	-0.301	0.462			AT3G50260	-0.0	0.075	0.058	-0.017	0.766
2way	2	1.155	0.747			AT1G72010	-0.0	0.027	0.023	-0.004	0.767
2way	2	1.155	0.747			AT5G04390	-0.0	0.024	0.028	0.004	0.767
2way	2	1.155	0.747			AT3G23250	-0.0	0.004	0.006	0.002	0.772
2way	2	-0.301	0.462			AT1G69690	-0.0	0.026	0.018	-0.008	0.773
2way	2	-0.301	0.462			AT3G60580	-0.0	0.009	0.015	0.006	0.773
2way	2	-0.301	0.462			AT4G05100	-0.0	0.009	0.012	0.003	0.773
2way	2	-0.301	0.462			AT5G22500	-0.0	0.023	0.025	0.002	0.773
2way	2	-0.301	0.462			AT5G61600	-0.0	0.036	0.049	0.013	0.773
2way	2	-0.301	0.462			AT5G65510	-0.0	0.008	0.017	0.009	0.773
2way	2	1.155	0.747			AT5G10030	-0.698	0.063	0.071	0.008	0.775
2way	2	1.155	0.747			AT3G13810	-0.0	0.022	0.028	0.006	0.779
2way	2	-0.301	0.462			AT5G62470	-0.0	0.041	0.049	0.008	0.784
2way	2	1.155	0.747			AT4G36160	-0.0	0.081	0.072	-0.009	0.784
2way	2	1.155	0.747			AT3G02150	-0.0	0.009	0.006	-0.003	0.787
2way	2	1.155	0.747			AT3G23240	-0.0	0.037	0.03	-0.006	0.788
2way	2	-0.301	0.462			AT1G12610	-0.0	0.02	0.028	0.008	0.789
2way	2	1.155	0.747			AT1G13300	-0.0	0.01	0.008	-0.002	0.792
2way	2	1.155	0.747			AT1G20910	-0.068	0.022	0.025	0.004	0.792
2way	2	-0.301	0.462			AT1G20910	-0.0	0.022	0.017	-0.005	0.793
2way	2	-0.301	0.462			AT1G44830	-0.0	0.015	0.024	0.009	0.793
2way	2	-0.301	0.462			AT4G28500	-0.0	0.019	0.014	-0.004	0.793
2way	2	-0.301	0.462			AT5G24110	-0.0	0.031	0.023	-0.008	0.793
2way	2	-0.301	0.462			AT5G47230	-0.0	0.046	0.057	0.011	0.793
2way	2	1.155	0.747			AT1G12610	0.059	0.027	0.032	0.005	0.8
2way	2	1.155	0.747			AT5G62000	-0.0	0.046	0.039	-0.007	0.802
2way	2	-0.301	0.462			AT1G28470	-0.0	0.021	0.028	0.006	0.804
2way	2	-0.301	0.462			AT1G32870	-0.0	0.023	0.016	-0.008	0.804
2way	2	-0.301	0.462			AT1G34180	-0.0	0.022	0.022	-0.0	0.804
2way	2	-0.301	0.462			AT3G06740	-0.0	0.025	0.018	-0.007	0.804
2way	2	-0.301	0.462			AT3G08500	-0.0	0.027	0.021	-0.006	0.804
2way	2	-0.301	0.462			AT3G10480	-0.0	0.022	0.017	-0.005	0.804
2way	2	-0.301	0.462			AT4G29230	-0.0	0.019	0.015	-0.004	0.804
2way	2	1.155	0.747			AT4G04450	-0.0	0.01	0.007	-0.003	0.804
2way	2	1.155	0.747			AT4G38620	-0.0	0.004	0.006	0.002	0.804
2way	2	1.155	0.747			AT5G67450	-0.0	0.007	0.011	0.004	0.804
2way	2	-0.301	0.462			AT1G43700	-0.0	0.022	0.016	-0.006	0.805
2way	2	1.155	0.747			AT1G01250	-0.0	0.018	0.021	0.003	0.806
2way	2	1.155	0.747			AT3G27785	-0.0	0.032	0.038	0.005	0.806
2way	2	1.155	0.747			AT2G32460	-0.0	0.038	0.032	-0.006	0.807
2way	2	1.155	0.747			AT3G27010	-0.0	0.013	0.009	-0.004	0.807
2way	2	1.155	0.747			AT3G45150	-0.0	0.007	0.006	-0.001	0.807
2way	2	1.155	0.747			AT3G46590	-0.0	0.011	0.01	-0.001	0.807
2way	2	1.155	0.747			AT3G47600	-0.0	0.007	0.009	0.003	0.807
2way	2	1.155	0.747			AT3G11020	-0.0	0.037	0.043	0.006	0.809
2way	2	1.155	0.747			AT5G60130	-0.0	0.038	0.041	0.003	0.809
2way	2	-0.301	0.462			AT1G16490	-0.0	0.024	0.019	-0.006	0.81
2way	2	-0.301	0.462			AT1G69180	-0.0	0.018	0.013	-0.005	0.81
2way	2	1.155	0.747			AT3G12720	0.355	0.031	0.037	0.006	0.812
2way	2	1.155	0.747			AT3G12730	-0.0	0.044	0.039	-0.005	0.812
2way	2	-0.301	0.462			AT4G18170	-0.0	0.028	0.019	-0.009	0.815
2way	2	-0.301	0.462			AT1G29860	-0.0	0.027	0.019	-0.009	0.817
2way	2	1.155	0.747			AT1G22070	-0.0	0.008	0.011	0.003	0.818
2way	2	1.155	0.747			AT1G69690	-0.0	0.012	0.009	-0.004	0.818
2way	2	1.155	0.747			AT5G08130	-0.0	0.01	0.007	-0.003	0.818
2way	2	1.155	0.747			AT2G18350	-0.0	0.036	0.042	0.006	0.82
2way	2	1.155	0.747			AT2G41690	-0.0	0.011	0.008	-0.003	0.82
2way	2	1.155	0.747			AT5G47370	0.177	0.044	0.05	0.006	0.821
2way	2	1.155	0.747			AT3G60490	-0.0	0.042	0.049	0.007	0.822
2way	2	1.155	0.747			AT2G23290	-0.0	0.056	0.051	-0.005	0.823
2way	2	-0.301	0.462			AT1G02230	-0.0	0.028	0.016	-0.012	0.825
2way	2	-0.301	0.462			AT1G72740	-0.0	0.023	0.028	0.006	0.825
2way	2	-0.301	0.462			AT5G62000	-0.0	0.034	0.022	-0.012	0.825
2way	2	1.155	0.747			AT3G11440	-0.0	0.05	0.044	-0.005	0.825
2way	2	-0.301	0.462			AT2G26960	-0.0	0.033	0.04	0.008	0.829
2way	2	-0.301	0.462			AT3G10030	-0.0	0.016	0.023	0.007	0.829
2way	2	1.155	0.747			AT1G14580	-0.0	0.01	0.013	0.004	0.83
2way	2	1.155	0.747			AT1G43700	-0.0	0.011	0.008	-0.003	0.83
2way	2	1.155	0.747			AT1G75080	-0.0	0.007	0.01	0.002	0.83
2way	2	1.155	0.747			AT3G02990	-0.0	0.011	0.008	-0.002	0.83
2way	2	1.155	0.747			AT2G20110	-0.0	0.059	0.053	-0.006	0.831
2way	2	1.155	0.747			AT4G28500	-0.418	0.049	0.055	0.006	0.831
2way	2	-0.301	0.462			AT1G68320	-0.0	0.024	0.018	-0.007	0.833
2way	2	-0.301	0.462			AT2G01060	-0.0	0.034	0.031	-0.003	0.834
2way	2	-0.301	0.462			AT4G27950	-0.0	0.036	0.043	0.007	0.834
2way	2	-0.301	0.462			AT5G44210	-0.0	0.04	0.029	-0.011	0.834
2way	2	1.155	0.747			AT1G01720	-0.0	0.053	0.049	-0.004	0.836
2way	2	1.155	0.747			AT4G31060	-0.0	0.058	0.064	0.006	0.838
2way	2	1.155	0.747			AT3G61250	-0.0	0.009	0.013	0.004	0.839
2way	2	-0.301	0.462			AT3G23240	-0.0	0.028	0.023	-0.006	0.84
2way	2	-0.301	0.462			AT5G67580	-0.0	0.033	0.036	0.003	0.84
2way	2	1.155	0.747			AT5G06950	-0.0	0.056	0.06	0.004	0.84
2way	2	-0.301	0.462			AT1G03840	-0.0	0.036	0.044	0.007	0.842
2way	2	1.155	0.747			AT1G08320	-0.0	0.065	0.071	0.006	0.842
2way	2	1.155	0.747			AT2G43000	-0.349	0.07	0.065	-0.004	0.842
2way	2	-0.301	0.462			AT1G55110	-0.0	0.046	0.043	-0.003	0.846
2way	2	-0.301	0.462			AT5G60130	-0.0	0.032	0.04	0.008	0.846
2way	2	1.155	0.747			AT5G47230	-0.234	0.033	0.036	0.003	0.847
2way	2	-0.301	0.462			AT1G47655	-0.0	0.043	0.038	-0.006	0.853
2way	2	1.155	0.747			AT1G53230	-0.024	0.016	0.018	0.003	0.853
2way	2	-0.301	0.462			AT1G22810	-0.0	0.038	0.043	0.005	0.856
2way	2	-0.301	0.462			AT2G02080	-0.0	0.054	0.052	-0.002	0.856
2way	2	-0.301	0.462			AT5G51990	-0.0	0.055	0.046	-0.009	0.856
2way	2	-0.301	0.462			AT5G56110	-0.0	0.045	0.039	-0.007	0.857
2way	2	1.155	0.747			AT4G34590	-0.0	0.014	0.011	-0.003	0.859
2way	2	-0.301	0.462			AT5G47370	-0.0	0.033	0.027	-0.006	0.86
2way	2	1.155	0.747			AT1G71450	-0.0	0.085	0.091	0.005	0.86
2way	2	1.155	0.747			AT3G11280	-0.0	0.02	0.015	-0.005	0.86
2way	2	-0.301	0.462			AT4G25490	-0.0	0.045	0.042	-0.004	0.861
2way	2	-0.301	0.462			AT4G31060	-0.0	0.048	0.057	0.009	0.864
2way	2	1.155	0.747			AT3G23220	-0.0	0.02	0.017	-0.003	0.865
2way	2	-0.301	0.462			AT1G77200	-0.0	0.055	0.06	0.005	0.868
2way	2	-0.301	0.462			AT5G60850	-0.0	0.059	0.053	-0.007	0.868
2way	2	1.155	0.747			AT1G76110	-0.0	0.016	0.021	0.005	0.869
2way	2	1.155	0.747			AT4G32800	-0.0	0.019	0.021	0.002	0.873
2way	2	-0.301	0.462			AT1G06280	-0.0	0.065	0.058	-0.007	0.874
2way	2	-0.301	0.462			AT3G11440	1.712	0.06	0.059	-0.001	0.874
2way	2	1.155	0.747			AT1G44830	-0.0	0.019	0.017	-0.002	0.874
2way	2	1.155	0.747			AT3G10030	-0.0	0.027	0.026	-0.001	0.874
2way	2	-0.301	0.462			AT1G28160	-0.0	0.086	0.076	-0.01	0.876
2way	2	-0.301	0.462			AT4G34410	-0.427	0.078	0.073	-0.005	0.877
2way	2	-0.301	0.462			AT2G33710	-0.271	0.076	0.082	0.006	0.88
2way	2	1.155	0.747			AT4G06746	-0.0	0.062	0.067	0.005	0.883
2way	2	1.155	0.747			AT5G05790	-0.005	0.031	0.027	-0.005	0.883
2way	2	1.155	0.747			AT1G04880	-0.0	0.018	0.02	0.003	0.884
2way	2	1.155	0.747			AT5G65130	-0.0	0.027	0.029	0.002	0.884
2way	2	-0.301	0.462			AT1G71450	-0.0	0.095	0.085	-0.01	0.889
2way	2	1.155	0.747			AT3G26620	-0.037	0.029	0.032	0.003	0.889
2way	2	1.155	0.747			AT5G08330	-0.0	0.028	0.025	-0.002	0.891
2way	2	1.155	0.747			AT2G01060	-0.0	0.027	0.031	0.004	0.894
2way	2	1.155	0.747			AT2G26960	-0.0	0.035	0.032	-0.003	0.894
2way	2	1.155	0.747			AT5G45300	-0.0	0.021	0.025	0.004	0.894
2way	2	1.155	0.747			AT1G75490	-0.0	0.038	0.039	0.002	0.9
2way	2	1.155	0.747			AT5G66730	-0.0	0.036	0.039	0.003	0.9
2way	2	1.155	0.747			AT1G31140	-0.0	0.04	0.038	-0.002	0.901
2way	2	1.155	0.747			AT2G03500	-0.0	0.039	0.037	-0.002	0.902
2way	2	1.155	0.747			AT5G18560	-0.0	0.036	0.033	-0.003	0.903
2way	2	1.155	0.747			AT4G29230	-0.0	0.044	0.042	-0.003	0.905
2way	2	1.155	0.747			AT5G17800	-0.0	0.041	0.037	-0.004	0.905
2way	2	1.155	0.747			AT2G18380	-0.0	0.046	0.042	-0.005	0.906
2way	2	1.155	0.747			AT2G47070	-0.0	0.045	0.045	0.001	0.906
2way	2	1.155	0.747			AT1G06850	-0.0	0.039	0.042	0.003	0.907
2way	2	1.155	0.747			AT2G01930	-0.0	0.035	0.036	0.001	0.907
2way	2	1.155	0.747			AT3G16280	-0.0	0.042	0.045	0.004	0.909
2way	2	1.155	0.747			AT3G53200	-0.0	0.045	0.043	-0.003	0.912
2way	2	1.155	0.747			AT4G18770	-0.0	0.049	0.045	-0.004	0.912
2way	2	1.155	0.747			AT3G49530	-0.13	0.125	0.13	0.005	0.913
2way	2	1.155	0.747			AT5G45580	-0.0	0.06	0.056	-0.004	0.914
2way	2	1.155	0.747			AT1G32870	-0.055	0.049	0.051	0.003	0.915
2way	2	1.155	0.747			AT2G42200	-0.0	0.056	0.058	0.003	0.915
2way	2	1.155	0.747			AT2G45410	-0.0	0.056	0.059	0.003	0.916
2way	2	1.155	0.747			AT3G10500	-0.0	0.056	0.055	-0.0	0.916
2way	2	1.155	0.747			AT5G06839	-0.0	0.055	0.058	0.003	0.916
2way	2	1.155	0.747			AT5G04410	-0.0	0.063	0.065	0.002	0.919
2way	2	1.155	0.747			AT5G58850	-0.0	0.056	0.06	0.004	0.919
2way	2	1.155	0.747			AT3G15270	-0.0	0.067	0.065	-0.003	0.92
2way	2	1.155	0.747			AT3G17730	-0.424	0.062	0.059	-0.003	0.92
2way	2	1.155	0.747			AT1G69010	-0.0	0.058	0.053	-0.004	0.921
2way	2	1.155	0.747			AT3G12250	-0.0	0.063	0.067	0.004	0.921
2way	2	1.155	0.747			AT2G02820	-0.083	0.069	0.068	-0.001	0.923
2way	2	1.155	0.747			AT3G50260	0.873	0.081	0.083	0.002	0.927
2way	2	-0.301	0.462			AT1G10720	-0.0	0.001	0.0	-0.001	1.0
2way	2	-0.301	0.462			AT1G13400	-0.0	0.009	0.009	-0.0	1.0
2way	2	-0.301	0.462			AT1G17950	-0.0	0.0	0.0	0.0	1.0
2way	2	-0.301	0.462			AT1G18960	-0.0	0.005	0.0	-0.005	1.0
2way	2	-0.301	0.462			AT1G19040	-0.0	0.0	0.0	0.0	1.0
2way	2	-0.301	0.462			AT1G22070	-0.0	0.006	0.006	0.0	1.0
2way	2	-0.301	0.462			AT1G27360	-0.0	0.001	0.0	-0.0	1.0
2way	2	-0.301	0.462			AT1G30210	-0.0	0.0	0.0	0.0	1.0
2way	2	-0.301	0.462			AT1G32510	-0.0	0.001	0.0	-0.001	1.0
2way	2	-0.301	0.462			AT1G34190	-0.0	0.027	0.026	-0.001	1.0
2way	2	-0.301	0.462			AT1G46264	-0.0	0.002	0.0	-0.002	1.0
2way	2	-0.301	0.462			AT1G47870	-0.0	0.0	0.0	0.0	1.0
2way	2	-0.301	0.462			AT1G49560	-0.0	0.045	0.047	0.002	1.0
2way	2	-0.301	0.462			AT1G51220	-0.0	0.028	0.024	-0.003	1.0
2way	2	-0.301	0.462			AT1G60920	-0.0	0.0	0.0	0.0	1.0
2way	2	-0.301	0.462			AT1G62300	-0.0	0.023	0.024	0.001	1.0
2way	2	-0.301	0.462			AT1G63040	-0.0	0.004	0.0	-0.004	1.0
2way	2	-0.301	0.462			AT1G66420	-0.0	0.0	0.0	0.0	1.0
2way	2	-0.301	0.462			AT1G67260	-0.0	0.0	0.0	0.0	1.0
2way	2	-0.301	0.462			AT1G69560	-0.0	0.005	0.007	0.002	1.0
2way	2	-0.301	0.462			AT1G70910	-0.0	0.0	0.0	0.0	1.0
2way	2	-0.301	0.462			AT1G72360	-0.0	0.005	0.007	0.002	1.0
2way	2	-0.301	0.462			AT1G73730	-0.0	0.0	0.0	-0.0	1.0
2way	2	-0.301	0.462			AT1G74370	-0.0	0.0	0.0	0.0	1.0
2way	2	-0.301	0.462			AT1G76110	-0.0	0.013	0.013	-0.0	1.0
2way	2	-0.301	0.462			AT1G76870	-0.0	0.006	0.003	-0.003	1.0
2way	2	-0.301	0.462			AT1G76880	-0.0	0.0	0.0	0.0	1.0
2way	2	-0.301	0.462			AT1G77640	-0.0	0.004	0.001	-0.003	1.0
2way	2	-0.301	0.462			AT1G79180	-0.0	0.013	0.014	0.001	1.0
2way	2	-0.301	0.462			AT1G80840	-0.0	0.005	0.008	0.003	1.0
2way	2	-0.301	0.462			AT2G02070	-0.0	0.038	0.037	-0.001	1.0
2way	2	-0.301	0.462			AT2G06200	-0.0	0.017	0.017	-0.0	1.0
2way	2	-0.301	0.462			AT2G17900	-0.0	0.0	0.0	-0.0	1.0
2way	2	-0.301	0.462			AT2G21900	-0.0	0.0	0.001	0.001	1.0
2way	2	-0.301	0.462			AT2G23290	1.645	0.058	0.054	-0.003	1.0
2way	2	-0.301	0.462			AT2G30590	-0.0	0.008	0.002	-0.006	1.0
2way	2	-0.301	0.462			AT2G31460	-0.0	0.0	0.0	0.0	1.0
2way	2	-0.301	0.462			AT2G38470	-0.0	0.088	0.089	0.002	1.0
2way	2	-0.301	0.462			AT2G38880	-0.0	0.0	0.0	0.0	1.0
2way	2	-0.301	0.462			AT2G41690	-0.0	0.01	0.009	-0.001	1.0
2way	2	-0.301	0.462			AT2G41835	-0.0	0.001	0.001	-0.0	1.0
2way	2	-0.301	0.462			AT2G42590	-0.0	0.004	0.007	0.002	1.0
2way	2	-0.301	0.462			AT2G44840	0.071	0.108	0.106	-0.003	1.0
2way	2	-0.301	0.462			AT2G45680	-0.0	0.017	0.013	-0.004	1.0
2way	2	-0.301	0.462			AT2G46400	-0.0	0.005	0.0	-0.005	1.0
2way	2	-0.301	0.462			AT2G48100	-0.0	0.0	0.0	0.0	1.0
2way	2	-0.301	0.462			AT3G02940	-0.0	0.042	0.04	-0.002	1.0
2way	2	-0.301	0.462			AT3G03660	-0.0	0.001	0.0	-0.001	1.0
2way	2	-0.301	0.462			AT3G07220	-0.0	0.0	0.0	-0.0	1.0
2way	2	-0.301	0.462			AT3G09230	-0.0	0.0	0.0	0.0	1.0
2way	2	-0.301	0.462			AT3G11020	-0.0	0.024	0.029	0.005	1.0
2way	2	-0.301	0.462			AT3G12820	-0.0	0.006	0.005	-0.001	1.0
2way	2	-0.301	0.462			AT3G13040	-0.0	0.002	0.0	-0.002	1.0
2way	2	-0.301	0.462			AT3G13810	-0.0	0.038	0.038	-0.001	1.0
2way	2	-0.301	0.462			AT3G15210	-0.0	0.098	0.095	-0.003	1.0
2way	2	-0.301	0.462			AT3G18990	-0.0	0.03	0.03	-0.0	1.0
2way	2	-0.301	0.462			AT3G20840	-0.0	0.001	0.0	-0.001	1.0
2way	2	-0.301	0.462			AT3G21890	-0.239	0.108	0.106	-0.003	1.0
2way	2	-0.301	0.462			AT3G22780	-0.0	0.001	0.0	-0.001	1.0
2way	2	-0.301	0.462			AT3G22830	-0.0	0.093	0.098	0.005	1.0
2way	2	-0.301	0.462			AT3G23250	-0.0	0.001	0.0	-0.001	1.0
2way	2	-0.301	0.462			AT3G25990	-0.0	0.011	0.009	-0.002	1.0
2way	2	-0.301	0.462			AT3G28910	-0.0	0.013	0.01	-0.003	1.0
2way	2	-0.301	0.462			AT3G30530	-0.0	0.006	0.001	-0.005	1.0
2way	2	-0.301	0.462			AT3G42860	-0.0	0.025	0.022	-0.004	1.0
2way	2	-0.301	0.462			AT3G45150	-0.0	0.004	0.002	-0.002	1.0
2way	2	-0.301	0.462			AT3G46590	-0.0	0.003	0.005	0.002	1.0
2way	2	-0.301	0.462			AT3G47600	-0.0	0.005	0.007	0.002	1.0
2way	2	-0.301	0.462			AT3G47620	-0.0	0.001	0.0	-0.001	1.0
2way	2	-0.301	0.462			AT3G48160	-0.0	0.001	0.0	-0.001	1.0
2way	2	-0.301	0.462			AT3G49930	-0.0	0.0	0.0	0.0	1.0
2way	2	-0.301	0.462			AT3G50700	-0.0	0.015	0.019	0.003	1.0
2way	2	-0.301	0.462			AT3G51470	-0.0	0.001	0.0	-0.001	1.0
2way	2	-0.301	0.462			AT3G57230	-0.0	0.005	0.003	-0.002	1.0
2way	2	-0.301	0.462			AT3G58630	-0.0	0.014	0.012	-0.002	1.0
2way	2	-0.301	0.462			AT4G01250	-0.0	0.077	0.073	-0.004	1.0
2way	2	-0.301	0.462			AT4G01550	-0.0	0.025	0.02	-0.005	1.0
2way	2	-0.301	0.462			AT4G04450	-0.0	0.005	0.001	-0.004	1.0
2way	2	-0.301	0.462			AT4G11660	-0.0	0.067	0.065	-0.002	1.0
2way	2	-0.301	0.462			AT4G12670	-0.0	0.0	0.0	0.0	1.0
2way	2	-0.301	0.462			AT4G14410	-0.0	0.0	0.0	0.0	1.0
2way	2	-0.301	0.462			AT4G17785	-0.0	0.003	0.001	-0.002	1.0
2way	2	-0.301	0.462			AT4G22070	-0.0	0.052	0.049	-0.003	1.0
2way	2	-0.301	0.462			AT4G24240	-0.0	0.0	0.0	0.0	1.0
2way	2	-0.301	0.462			AT4G25470	-0.0	0.04	0.042	0.002	1.0
2way	2	-0.301	0.462			AT4G25480	-0.0	0.046	0.042	-0.004	1.0
2way	2	-0.301	0.462			AT4G28140	-0.0	0.011	0.009	-0.002	1.0
2way	2	-0.301	0.462			AT4G30080	-0.0	0.003	0.004	0.002	1.0
2way	2	-0.301	0.462			AT4G31550	-0.0	0.007	0.006	-0.0	1.0
2way	2	-0.301	0.462			AT4G36620	-0.0	0.001	0.0	-0.001	1.0
2way	2	-0.301	0.462			AT4G37790	-0.0	0.0	0.0	0.0	1.0
2way	2	-0.301	0.462			AT4G38910	-0.0	0.002	0.002	0.0	1.0
2way	2	-0.301	0.462			AT5G03150	-0.0	0.026	0.027	0.001	1.0
2way	2	-0.301	0.462			AT5G08070	-0.0	0.002	0.0	-0.002	1.0
2way	2	-0.301	0.462			AT5G10510	-0.0	0.0	0.0	0.0	1.0
2way	2	-0.301	0.462			AT5G13080	-0.0	0.108	0.114	0.006	1.0
2way	2	-0.301	0.462			AT5G14340	-0.0	0.003	0.0	-0.003	1.0
2way	2	-0.301	0.462			AT5G14960	-0.0	0.004	0.001	-0.004	1.0
2way	2	-0.301	0.462			AT5G16600	-0.0	0.0	0.0	0.0	1.0
2way	2	-0.301	0.462			AT5G18090	-0.0	0.0	0.001	0.001	1.0
2way	2	-0.301	0.462			AT5G22890	-0.0	0.002	0.0	-0.001	1.0
2way	2	-0.301	0.462			AT5G25475	-0.0	0.0	0.0	0.0	1.0
2way	2	-0.301	0.462			AT5G38800	-0.0	0.0	0.0	0.0	1.0
2way	2	-0.301	0.462			AT5G40330	-0.0	0.001	0.0	-0.001	1.0
2way	2	-0.301	0.462			AT5G42820	-0.0	0.0	0.0	0.0	1.0
2way	2	-0.301	0.462			AT5G46350	-0.0	0.019	0.017	-0.002	1.0
2way	2	-0.301	0.462			AT5G48670	-0.0	0.0	0.0	0.0	1.0
2way	2	-0.301	0.462			AT5G49300	-0.0	0.0	0.0	0.0	1.0
2way	2	-0.301	0.462			AT5G52170	-0.0	0.001	0.0	-0.001	1.0
2way	2	-0.301	0.462			AT5G54230	-0.0	0.037	0.034	-0.002	1.0
2way	2	-0.301	0.462			AT5G56930	-0.0	0.0	0.0	0.0	1.0
2way	2	-0.301	0.462			AT5G58620	-0.0	0.0	0.0	0.0	1.0
2way	2	-0.301	0.462			AT5G59990	-0.0	0.015	0.019	0.004	1.0
2way	2	-0.301	0.462			AT5G61270	-0.0	0.0	0.0	0.0	1.0
2way	2	-0.301	0.462			AT5G62165	-0.0	0.0	0.001	0.001	1.0
2way	2	-0.301	0.462			AT5G62320	-0.0	0.013	0.013	-0.0	1.0
2way	2	-0.301	0.462			AT5G65130	-0.0	0.028	0.029	0.0	1.0
2way	2	-0.301	0.462			AT5G66730	-0.0	0.046	0.047	0.0	1.0
2way	2	-0.301	0.462			AT5G67000	-0.0	0.0	0.0	0.0	1.0
2way	2	-0.301	0.462			AT5G67190	-0.0	0.064	0.064	-0.001	1.0
2way	2	-0.301	0.462			AT5G67300	-0.0	0.005	0.008	0.003	1.0
2way	2	-0.301	0.462			AT1G25580	-0.0	0.02	0.019	-0.001	1.0
2way	2	1.155	0.747			AT1G03840	0.699	0.027	0.026	-0.001	1.0
2way	2	1.155	0.747			AT1G14687	-0.0	0.044	0.044	0.0	1.0
2way	2	1.155	0.747			AT1G17950	-0.0	0.0	0.0	-0.0	1.0
2way	2	1.155	0.747			AT1G18960	-0.0	0.0	0.0	0.0	1.0
2way	2	1.155	0.747			AT1G30210	-0.0	0.0	0.001	0.001	1.0
2way	2	1.155	0.747			AT1G34180	-0.0	0.058	0.057	-0.001	1.0
2way	2	1.155	0.747			AT1G46264	-0.0	0.002	0.002	0.001	1.0
2way	2	1.155	0.747			AT1G47870	-0.0	0.0	0.001	0.0	1.0
2way	2	1.155	0.747			AT1G51600	-0.0	0.005	0.005	0.001	1.0
2way	2	1.155	0.747			AT1G60920	-0.0	0.0	0.001	0.001	1.0
2way	2	1.155	0.747			AT1G63040	-0.0	0.0	0.0	0.0	1.0
2way	2	1.155	0.747			AT1G66420	-0.0	0.0	0.0	0.0	1.0
2way	2	1.155	0.747			AT1G70910	-0.0	0.0	0.001	0.001	1.0
2way	2	1.155	0.747			AT1G71696	-0.0	0.039	0.038	-0.001	1.0
2way	2	1.155	0.747			AT1G74650	0.536	0.056	0.056	0.0	1.0
2way	2	1.155	0.747			AT1G76870	-0.0	0.003	0.002	-0.001	1.0
2way	2	1.155	0.747			AT1G76880	-0.0	0.006	0.007	0.001	1.0
2way	2	1.155	0.747			AT1G77640	-0.0	0.012	0.011	-0.001	1.0
2way	2	1.155	0.747			AT2G17900	-0.0	0.001	0.002	0.001	1.0
2way	2	1.155	0.747			AT2G20400	-0.0	0.035	0.035	-0.0	1.0
2way	2	1.155	0.747			AT2G38090	-0.0	0.002	0.0	-0.001	1.0
2way	2	1.155	0.747			AT2G38300	-0.0	0.006	0.006	0.001	1.0
2way	2	1.155	0.747			AT2G38340	0.039	0.162	0.163	0.001	1.0
2way	2	1.155	0.747			AT2G39900	-0.0	0.002	0.002	0.0	1.0
2way	2	1.155	0.747			AT2G45650	-0.0	0.008	0.009	0.001	1.0
2way	2	1.155	0.747			AT2G48100	-0.0	0.0	0.0	0.0	1.0
2way	2	1.155	0.747			AT3G01470	0.111	0.015	0.016	0.0	1.0
2way	2	1.155	0.747			AT3G03660	-0.0	0.003	0.003	0.001	1.0
2way	2	1.155	0.747			AT3G04030	-0.0	0.051	0.052	0.001	1.0
2way	2	1.155	0.747			AT3G06490	-0.0	0.019	0.02	0.001	1.0
2way	2	1.155	0.747			AT3G07220	-0.0	0.001	0.001	-0.0	1.0
2way	2	1.155	0.747			AT3G09230	-0.0	0.002	0.001	-0.001	1.0
2way	2	1.155	0.747			AT3G10580	-0.0	0.041	0.04	-0.001	1.0
2way	2	1.155	0.747			AT3G12910	-0.0	0.002	0.002	-0.001	1.0
2way	2	1.155	0.747			AT3G22780	-0.0	0.002	0.002	0.0	1.0
2way	2	1.155	0.747			AT3G30210	-0.0	0.018	0.019	0.0	1.0
2way	2	1.155	0.747			AT3G46070	-0.0	0.001	0.001	0.0	1.0
2way	2	1.155	0.747			AT3G49930	-0.0	0.0	0.0	0.0	1.0
2way	2	1.155	0.747			AT3G50700	-0.0	0.014	0.015	0.001	1.0
2way	2	1.155	0.747			AT3G51470	-0.0	0.004	0.006	0.002	1.0
2way	2	1.155	0.747			AT3G57230	-0.0	0.008	0.008	0.0	1.0
2way	2	1.155	0.747			AT3G57600	-0.0	0.006	0.006	-0.0	1.0
2way	2	1.155	0.747			AT4G01550	-0.0	0.047	0.048	0.001	1.0
2way	2	1.155	0.747			AT4G01720	-0.0	0.007	0.008	0.0	1.0
2way	2	1.155	0.747			AT4G12670	-0.0	0.0	0.0	0.0	1.0
2way	2	1.155	0.747			AT4G14410	-0.0	0.0	0.0	0.0	1.0
2way	2	1.155	0.747			AT4G14770	0.335	0.05	0.051	0.001	1.0
2way	2	1.155	0.747			AT4G17785	1.636	0.015	0.015	-0.0	1.0
2way	2	1.155	0.747			AT4G18450	-0.0	0.005	0.004	-0.001	1.0
2way	2	1.155	0.747			AT4G24020	-0.0	0.003	0.003	-0.001	1.0
2way	2	1.155	0.747			AT4G28110	-0.0	0.007	0.01	0.003	1.0
2way	2	1.155	0.747			AT4G30080	-0.0	0.0	0.001	0.001	1.0
2way	2	1.155	0.747			AT4G36780	-0.0	0.051	0.051	0.0	1.0
2way	2	1.155	0.747			AT4G37790	-0.0	0.0	0.001	0.001	1.0
2way	2	1.155	0.747			AT4G38910	-0.0	0.0	0.001	0.001	1.0
2way	2	1.155	0.747			AT5G06100	-0.0	0.044	0.043	-0.001	1.0
2way	2	1.155	0.747			AT5G08070	-0.0	0.003	0.002	-0.001	1.0
2way	2	1.155	0.747			AT5G10140	-0.0	0.007	0.007	0.0	1.0
2way	2	1.155	0.747			AT5G18450	-0.0	0.035	0.036	0.001	1.0
2way	2	1.155	0.747			AT5G22500	-0.0	0.017	0.014	-0.003	1.0
2way	2	1.155	0.747			AT5G22890	-0.0	0.001	0.001	0.0	1.0
2way	2	1.155	0.747			AT5G38800	-0.0	0.0	0.0	0.0	1.0
2way	2	1.155	0.747			AT5G38860	-0.0	0.002	0.002	-0.0	1.0
2way	2	1.155	0.747			AT5G40330	-0.0	0.001	0.002	0.001	1.0
2way	2	1.155	0.747			AT5G42520	-0.0	0.0	0.0	0.0	1.0
2way	2	1.155	0.747			AT5G42820	-0.0	0.0	0.002	0.002	1.0
2way	2	1.155	0.747			AT5G49300	-0.0	0.001	0.0	-0.001	1.0
2way	2	1.155	0.747			AT5G58620	-0.0	0.0	0.001	0.001	1.0
2way	2	1.155	0.747			AT5G62165	-0.0	0.0	0.0	-0.0	1.0
2way	2	1.155	0.747			AT5G67300	-0.0	0.008	0.007	-0.001	1.0
2way	6	0.342	0.461			AT4G31800	-0.749	0.092	0.233	0.14	3.01e-06
2way	6	0.342	0.461			AT2G38470	-0.539	0.086	0.207	0.121	2.96e-05
2way	6	0.342	0.461			AT5G13080	-0.318	0.102	0.213	0.111	0.000218
2way	6	0.342	0.461			AT1G01250	1.366	0.04	0.003	-0.036	0.00161
2way	6	0.342	0.461			AT5G61600	0.163	0.059	0.013	-0.046	0.00213
2way	6	0.342	0.461			AT5G47220	0.0	0.076	0.023	-0.053	0.00257
2way	6	0.342	0.461			AT5G25190	0.0	0.221	0.128	-0.093	0.00271
2way	6	0.342	0.461			AT4G22070	0.1	0.076	0.154	0.078	0.00326
2way	6	-0.762	0.786			AT3G50060	-1.056	0.053	0.171	0.118	0.00493
2way	6	0.342	0.461			AT1G51700	-0.999	0.079	0.151	0.072	0.0073
2way	6	0.342	0.461			AT5G47230	0.0	0.056	0.016	-0.04	0.00913
2way	6	0.342	0.461			AT5G26170	0.0	0.116	0.193	0.078	0.00965
2way	6	0.342	0.461			AT4G37180	1.164	0.069	0.016	-0.053	0.023
2way	6	0.342	0.461			AT5G64060	-0.434	0.102	0.167	0.065	0.024
2way	6	-0.762	0.786			AT5G61600	-0.843	0.031	0.105	0.074	0.03
2way	6	0.342	0.461			AT4G36740	0.958	0.106	0.041	-0.065	0.03
2way	6	0.342	0.461			AT3G15210	0.151	0.113	0.049	-0.064	0.034
2way	6	0.342	0.461			AT5G66700	0.0	0.117	0.049	-0.068	0.034
2way	6	-0.762	0.786			AT1G13260	0.533	0.046	0.0	-0.046	0.035
2way	6	0.342	0.461			AT1G71450	0.967	0.125	0.056	-0.07	0.039
2way	6	0.342	0.461			AT1G77200	0.488	0.112	0.052	-0.061	0.039
2way	6	0.342	0.461			AT3G21890	-0.353	0.099	0.157	0.058	0.039
2way	6	0.342	0.461			AT1G25580	-0.993	0.012	0.054	0.043	0.041
2way	6	0.342	0.461			AT1G68550	0.536	0.09	0.033	-0.057	0.042
2way	6	0.342	0.461			AT1G18570	1.128	0.04	0.013	-0.026	0.046
2way	6	0.342	0.461			AT2G30250	-0.628	0.038	0.097	0.059	0.048
2way	6	0.342	0.461			AT1G12630	0.359	0.107	0.05	-0.057	0.051
2way	6	0.342	0.461			AT3G49530	-0.129	0.102	0.157	0.055	0.053
2way	6	0.342	0.461			AT5G03790	1.108	0.098	0.041	-0.057	0.054
2way	6	0.342	0.461			AT1G28160	0.385	0.082	0.031	-0.051	0.058
2way	6	0.342	0.461			AT3G04030	0.0	0.076	0.028	-0.048	0.059
2way	6	0.342	0.461			AT4G11660	-0.159	0.053	0.095	0.042	0.062
2way	6	0.342	0.461			AT1G21910	0.0	0.026	0.007	-0.02	0.063
2way	6	0.342	0.461			AT1G28370	0.0	0.088	0.037	-0.051	0.064
2way	6	0.342	0.461			AT5G45580	0.0	0.081	0.032	-0.049	0.065
2way	6	0.342	0.461			AT1G50640	0.0	0.08	0.029	-0.051	0.075
2way	6	0.342	0.461			AT3G23220	0.0	0.031	0.003	-0.028	0.08
2way	6	0.342	0.461			AT3G60490	0.239	0.072	0.027	-0.044	0.08
2way	6	0.342	0.461			AT1G68670	0.0	0.029	0.004	-0.025	0.087
2way	6	0.342	0.461			AT4G01250	0.0	0.073	0.115	0.042	0.094
2way	6	0.342	0.461			AT1G02230	-0.957	0.031	0.078	0.047	0.097
2way	6	0.342	0.461			AT5G23930	0.0	0.079	0.034	-0.045	0.098
2way	6	0.342	0.461			AT1G25550	0.0	0.04	0.008	-0.031	0.101
2way	6	0.342	0.461			AT4G31060	0.0	0.087	0.04	-0.046	0.101
2way	6	0.342	0.461			AT3G12730	1.014	0.058	0.019	-0.039	0.104
2way	6	0.342	0.461			AT5G11260	1.229	0.092	0.041	-0.051	0.106
2way	6	0.342	0.461			AT2G02540	0.0	0.1	0.05	-0.05	0.109
2way	6	0.342	0.461			AT2G22430	0.0	0.064	0.026	-0.038	0.11
2way	6	0.342	0.461			AT4G27950	0.0	0.038	0.009	-0.029	0.111
2way	6	0.342	0.461			AT5G65310	0.0	0.111	0.06	-0.051	0.114
2way	6	0.342	0.461			AT1G75490	0.277	0.058	0.021	-0.037	0.116
2way	6	0.342	0.461			AT2G03500	0.43	0.055	0.019	-0.036	0.116
2way	6	0.342	0.461			AT5G61620	0.196	0.07	0.033	-0.037	0.12
2way	6	0.342	0.461			AT4G16750	0.0	0.097	0.053	-0.044	0.127
2way	6	0.342	0.461			AT3G60580	1.22	0.039	0.008	-0.031	0.131
2way	6	0.342	0.461			AT3G20310	0.0	0.104	0.059	-0.045	0.135
2way	6	0.342	0.461			AT1G29860	0.0	0.04	0.082	0.042	0.138
2way	6	0.342	0.461			AT1G33240	0.292	0.086	0.045	-0.041	0.138
2way	6	0.342	0.461			AT3G24120	0.0	0.082	0.039	-0.042	0.138
2way	6	0.342	0.461			AT2G40740	-0.31	0.045	0.089	0.044	0.145
2way	6	0.342	0.461			AT5G65130	0.0	0.042	0.015	-0.027	0.149
2way	6	0.342	0.461			AT4G32800	0.0	0.035	0.007	-0.028	0.151
2way	6	0.342	0.461			AT5G44210	0.0	0.037	0.01	-0.026	0.151
2way	6	-0.762	0.786			AT1G51700	0.825	0.076	0.029	-0.048	0.152
2way	6	0.342	0.461			AT1G12260	2.523	0.065	0.027	-0.037	0.152
2way	6	0.342	0.461			AT1G53170	-0.084	0.109	0.062	-0.047	0.152
2way	6	0.342	0.461			AT1G70920	0.425	0.065	0.03	-0.035	0.157
2way	6	0.342	0.461			AT2G01818	-1.594	0.005	0.025	0.02	0.159
2way	6	0.342	0.461			AT2G35700	0.0	0.082	0.042	-0.039	0.16
2way	6	0.342	0.461			AT3G16280	0.0	0.064	0.027	-0.036	0.161
2way	6	-0.762	0.786			AT4G37260	0.0	0.092	0.152	0.061	0.162
2way	6	0.342	0.461			AT5G18450	0.0	0.053	0.02	-0.033	0.163
2way	6	-0.762	0.786			AT4G06746	-0.437	0.038	0.086	0.048	0.166
2way	6	0.342	0.461			AT2G44840	-0.094	0.135	0.098	-0.037	0.166
2way	6	0.342	0.461			AT2G44940	0.005	0.067	0.029	-0.038	0.167
2way	6	0.342	0.461			AT4G18170	0.0	0.045	0.085	0.04	0.169
2way	6	0.342	0.461			AT5G64750	0.0	0.083	0.043	-0.04	0.169
2way	6	0.342	0.461			AT5G18560	0.0	0.05	0.016	-0.034	0.17
2way	6	0.342	0.461			AT3G57230	0.0	0.014	0.002	-0.012	0.176
2way	6	0.342	0.461			AT1G52150	0.849	0.06	0.027	-0.032	0.182
2way	6	0.342	0.461			AT2G33710	0.0	0.071	0.036	-0.036	0.186
2way	6	0.342	0.461			AT1G62300	0.0	0.04	0.074	0.034	0.187
2way	6	-0.762	0.786			AT3G06490	-0.671	0.008	0.049	0.041	0.192
2way	6	0.342	0.461			AT5G29000	0.0	0.049	0.02	-0.028	0.192
2way	6	0.342	0.461			AT2G46680	-0.037	0.125	0.092	-0.034	0.194
2way	6	0.342	0.461			AT1G03800	0.0	0.091	0.05	-0.041	0.195
2way	6	0.342	0.461			AT1G32240	0.0	0.028	0.009	-0.02	0.201
2way	6	0.342	0.461			AT5G16820	-0.003	0.033	0.067	0.034	0.201
2way	6	0.342	0.461			AT3G01220	0.0	0.079	0.043	-0.036	0.205
2way	6	-0.762	0.786			AT1G69570	0.0	0.13	0.076	-0.054	0.207
2way	6	-0.762	0.786			AT5G45580	1.188	0.059	0.014	-0.045	0.209
2way	6	0.342	0.461			AT4G29230	-0.135	0.028	0.055	0.027	0.214
2way	6	-0.762	0.786			AT5G06960	0.0	0.048	0.012	-0.036	0.216
2way	6	0.342	0.461			AT1G23810	0.0	0.0	0.01	0.01	0.216
2way	6	0.342	0.461			AT1G30490	0.0	0.058	0.03	-0.029	0.221
2way	6	0.342	0.461			AT1G13300	0.0	0.014	0.002	-0.011	0.222
2way	6	0.342	0.461			AT1G73730	0.0	0.016	0.006	-0.011	0.222
2way	6	0.342	0.461			AT5G13910	0.0	0.012	0.0	-0.012	0.222
2way	6	0.342	0.461			AT5G56840	0.45	0.068	0.033	-0.035	0.223
2way	6	-0.762	0.786			AT3G25990	-0.478	0.006	0.042	0.036	0.224
2way	6	0.342	0.461			AT3G56850	0.086	0.073	0.036	-0.037	0.224
2way	6	-0.762	0.786			AT3G12250	0.902	0.097	0.035	-0.061	0.227
2way	6	0.342	0.461			AT3G22830	0.0	0.086	0.118	0.032	0.228
2way	6	0.342	0.461			AT1G72010	1.039	0.034	0.013	-0.021	0.229
2way	6	0.342	0.461			AT4G25490	0.0	0.093	0.056	-0.037	0.236
2way	6	0.342	0.461			AT5G63090	0.159	0.031	0.009	-0.022	0.237
2way	6	0.342	0.461			AT1G74650	0.197	0.072	0.04	-0.031	0.242
2way	6	0.342	0.461			AT2G20400	0.0	0.047	0.022	-0.026	0.242
2way	6	0.342	0.461			AT5G51990	0.0	0.098	0.061	-0.037	0.243
2way	6	-0.762	0.786			AT2G38340	-0.167	0.107	0.162	0.055	0.247
2way	6	0.342	0.461			AT2G42430	0.628	0.065	0.037	-0.028	0.247
2way	6	0.342	0.461			AT3G12910	0.0	0.004	0.0	-0.004	0.249
2way	6	0.342	0.461			AT5G18090	0.0	0.0	0.005	0.005	0.249
2way	6	0.342	0.461			AT4G26640	0.0	0.015	0.041	0.025	0.252
2way	6	0.342	0.461			AT5G06950	0.653	0.076	0.044	-0.032	0.256
2way	6	-0.762	0.786			AT2G32460	0.0	0.02	0.063	0.043	0.262
2way	6	0.342	0.461			AT5G04390	0.0	0.039	0.017	-0.022	0.263
2way	6	0.342	0.461			AT1G49560	0.0	0.051	0.025	-0.027	0.265
2way	6	0.342	0.461			AT2G18380	-0.903	0.028	0.056	0.028	0.266
2way	6	0.342	0.461			AT1G44830	0.0	0.028	0.006	-0.023	0.269
2way	6	0.342	0.461			AT2G03340	0.0	0.011	0.028	0.017	0.269
2way	6	0.342	0.461			AT4G26030	0.022	0.06	0.031	-0.029	0.27
2way	6	0.342	0.461			AT5G67190	0.0	0.086	0.054	-0.032	0.272
2way	6	-0.762	0.786			AT1G08320	0.0	0.085	0.034	-0.051	0.28
2way	6	0.342	0.461			AT1G69570	0.0	0.116	0.148	0.032	0.28
2way	6	0.342	0.461			AT1G45249	0.0	0.036	0.013	-0.023	0.283
2way	6	0.342	0.461			AT5G25830	-0.416	0.017	0.035	0.018	0.283
2way	6	-0.762	0.786			AT3G23210	0.0	0.019	0.049	0.029	0.284
2way	6	0.342	0.461			AT3G57600	0.0	0.011	0.001	-0.01	0.286
2way	6	0.342	0.461			AT4G04450	0.0	0.01	0.003	-0.007	0.286
2way	6	-0.762	0.786			AT3G11440	0.0	0.033	0.08	0.047	0.288
2way	6	-0.762	0.786			AT5G61620	1.317	0.053	0.01	-0.042	0.288
2way	6	0.342	0.461			AT3G09735	0.0	0.034	0.059	0.025	0.3
2way	6	0.342	0.461			AT5G41570	0.119	0.047	0.076	0.029	0.3
2way	6	0.342	0.461			AT3G50260	0.0	0.099	0.067	-0.032	0.303
2way	6	-0.762	0.786			AT5G06839	0.0	0.066	0.024	-0.041	0.304
2way	6	-0.762	0.786			AT5G47230	0.0	0.023	0.057	0.034	0.305
2way	6	0.342	0.461			AT5G62470	0.0	0.069	0.049	-0.02	0.308
2way	6	0.342	0.461			AT4G34410	0.0	0.079	0.05	-0.029	0.309
2way	6	0.342	0.461			AT1G02250	0.0	0.035	0.061	0.026	0.312
2way	6	0.342	0.461			AT4G01550	0.0	0.035	0.061	0.026	0.313
2way	6	0.342	0.461			AT1G76890	0.0	0.08	0.052	-0.028	0.317
2way	6	0.342	0.461			AT4G23550	0.0	0.04	0.067	0.026	0.318
2way	6	-0.762	0.786			AT1G74650	1.562	0.067	0.023	-0.044	0.319
2way	6	-0.762	0.786			AT5G56840	0.013	0.07	0.02	-0.05	0.319
2way	6	0.342	0.461			AT2G35530	0.0	0.072	0.043	-0.029	0.321
2way	6	0.342	0.461			AT3G23210	0.0	0.016	0.002	-0.013	0.325
2way	6	-0.762	0.786			AT1G13400	0.0	0.004	0.018	0.014	0.326
2way	6	-0.762	0.786			AT3G04070	0.0	0.003	0.016	0.014	0.326
2way	6	-0.762	0.786			AT3G60530	0.0	0.001	0.018	0.017	0.326
2way	6	-0.762	0.786			AT5G45300	0.0	0.065	0.021	-0.045	0.329
2way	6	-0.762	0.786			AT4G36780	0.891	0.095	0.043	-0.052	0.33
2way	6	0.342	0.461			AT1G22810	0.0	0.064	0.039	-0.025	0.33
2way	6	-0.762	0.786			AT5G08520	0.0	0.07	0.03	-0.04	0.334
2way	6	-0.762	0.786			AT5G25190	-0.213	0.183	0.238	0.055	0.335
2way	6	-0.762	0.786			AT1G74840	0.386	0.038	0.003	-0.035	0.336
2way	6	0.342	0.461			AT1G32150	0.0	0.076	0.046	-0.03	0.336
2way	6	0.342	0.461			AT2G36270	0.0	0.078	0.048	-0.029	0.339
2way	6	0.342	0.461			AT2G45650	0.0	0.013	0.006	-0.007	0.34
2way	6	0.342	0.461			AT3G01970	0.101	0.042	0.069	0.028	0.34
2way	6	0.342	0.461			AT3G02990	0.0	0.003	0.014	0.011	0.34
2way	6	0.342	0.461			AT5G08750	0.0	0.009	0.002	-0.007	0.34
2way	6	0.342	0.461			AT4G01680	0.0	0.049	0.024	-0.025	0.341
2way	6	0.342	0.461			AT5G62380	0.0	0.063	0.036	-0.027	0.344
2way	6	-0.762	0.786			AT3G21890	0.0	0.031	0.057	0.027	0.347
2way	6	0.342	0.461			AT1G49010	0.0	0.058	0.036	-0.022	0.348
2way	6	-0.762	0.786			AT3G10580	-0.883	0.026	0.068	0.042	0.349
2way	6	0.342	0.461			AT1G09540	0.0	0.064	0.038	-0.026	0.35
2way	6	0.342	0.461			AT2G45420	0.0	0.079	0.05	-0.028	0.35
2way	6	0.342	0.461			AT1G19040	-0.071	0.005	0.017	0.012	0.352
2way	6	0.342	0.461			AT5G08330	0.0	0.036	0.014	-0.022	0.353
2way	6	-0.762	0.786			AT4G01250	0.0	0.069	0.105	0.036	0.354
2way	6	-0.762	0.786			AT5G06100	0.0	0.025	0.061	0.035	0.354
2way	6	0.342	0.461			AT2G18160	0.0	0.064	0.037	-0.027	0.354
2way	6	0.342	0.461			AT2G30340	0.0	0.05	0.027	-0.023	0.355
2way	6	0.342	0.461			AT4G25480	0.0	0.093	0.064	-0.029	0.355
2way	6	0.342	0.461			AT1G79580	0.0	0.069	0.043	-0.026	0.358
2way	6	-0.762	0.786			AT1G31140	-1.268	0.011	0.05	0.038	0.36
2way	6	-0.762	0.786			AT3G27785	0.0	0.045	0.015	-0.03	0.36
2way	6	-0.762	0.786			AT5G47370	0.0	0.046	0.009	-0.036	0.36
2way	6	-0.762	0.786			AT5G47390	0.0	0.044	0.009	-0.034	0.36
2way	6	0.342	0.461			AT5G10280	0.0	0.028	0.014	-0.015	0.364
2way	6	0.342	0.461			AT5G08520	0.0	0.058	0.035	-0.023	0.367
2way	6	0.342	0.461			AT5G24110	0.0	0.032	0.055	0.023	0.367
2way	6	0.342	0.461			AT2G28810	0.0	0.047	0.073	0.026	0.368
2way	6	-0.762	0.786			AT4G18770	0.0	0.054	0.022	-0.032	0.371
2way	6	0.342	0.461			AT1G78700	0.0	0.069	0.042	-0.027	0.371
2way	6	0.342	0.461			AT3G03660	0.0	0.001	0.005	0.005	0.373
2way	6	0.342	0.461			AT5G52830	0.0	0.038	0.059	0.021	0.374
2way	6	0.342	0.461			AT3G26790	-0.394	0.016	0.031	0.015	0.378
2way	6	-0.762	0.786			AT1G25550	0.0	0.032	0.005	-0.027	0.379
2way	6	-0.762	0.786			AT3G60580	0.659	0.031	0.005	-0.026	0.379
2way	6	0.342	0.461			AT1G79180	0.0	0.046	0.027	-0.019	0.38
2way	6	0.342	0.461			AT4G10350	0.0	0.052	0.031	-0.021	0.38
2way	6	-0.762	0.786			AT1G28470	0.0	0.025	0.056	0.032	0.382
2way	6	0.342	0.461			AT5G07100	0.0	0.013	0.026	0.013	0.383
2way	6	0.342	0.461			AT5G14340	0.0	0.013	0.004	-0.009	0.383
2way	6	0.342	0.461			AT2G23320	0.0	0.058	0.086	0.028	0.384
2way	6	-0.762	0.786			AT1G69780	0.457	0.042	0.008	-0.034	0.387
2way	6	-0.762	0.786			AT2G20400	0.0	0.06	0.027	-0.033	0.387
2way	6	0.342	0.461			AT4G25470	0.0	0.082	0.055	-0.027	0.387
2way	6	0.342	0.461			AT5G15830	0.0	0.074	0.047	-0.027	0.387
2way	6	0.342	0.461			AT3G12820	0.055	0.028	0.011	-0.017	0.391
2way	6	0.342	0.461			AT3G28910	0.0	0.035	0.017	-0.018	0.391
2way	6	-0.762	0.786			AT5G62470	0.161	0.069	0.038	-0.031	0.395
2way	6	0.342	0.461			AT3G61250	0.0	0.021	0.005	-0.016	0.396
2way	6	-0.762	0.786			AT5G10030	0.0	0.094	0.055	-0.039	0.397
2way	6	0.342	0.461			AT4G01540	0.0	0.061	0.087	0.026	0.398
2way	6	-0.762	0.786			AT3G04030	0.0	0.057	0.021	-0.036	0.402
2way	6	-0.762	0.786			AT2G43000	0.0	0.056	0.026	-0.03	0.403
2way	6	-0.762	0.786			AT3G01220	0.581	0.048	0.015	-0.034	0.403
2way	6	-0.762	0.786			AT5G51990	0.0	0.065	0.028	-0.037	0.403
2way	6	-0.762	0.786			AT2G26960	0.0	0.016	0.04	0.025	0.409
2way	6	-0.762	0.786			AT3G26620	0.0	0.031	0.008	-0.023	0.409
2way	6	-0.762	0.786			AT4G29230	0.0	0.011	0.04	0.028	0.409
2way	6	-0.762	0.786			AT5G47220	0.0	0.046	0.076	0.03	0.409
2way	6	-0.762	0.786			AT1G25580	0.0	0.016	0.038	0.022	0.409
2way	6	-0.762	0.786			AT5G25830	0.0	0.004	0.016	0.012	0.411
2way	6	0.342	0.461			AT5G22990	-1.064	0.051	0.073	0.023	0.411
2way	6	-0.762	0.786			AT1G78700	0.0	0.094	0.054	-0.039	0.413
2way	6	0.342	0.461			AT1G06280	0.0	0.099	0.072	-0.027	0.413
2way	6	-0.762	0.786			AT1G68320	0.0	0.026	0.068	0.042	0.418
2way	6	-0.762	0.786			AT5G29000	0.0	0.058	0.023	-0.034	0.418
2way	6	0.342	0.461			AT3G27010	0.0	0.012	0.005	-0.007	0.418
2way	6	0.342	0.461			AT3G46590	0.0	0.006	0.013	0.007	0.418
2way	6	0.342	0.461			AT5G14960	0.625	0.014	0.006	-0.008	0.418
2way	6	0.342	0.461			AT5G43840	0.0	0.004	0.017	0.013	0.418
2way	6	0.342	0.461			AT1G25340	-0.637	0.028	0.048	0.02	0.425
2way	6	-0.762	0.786			AT4G00250	0.0	0.025	0.001	-0.024	0.43
2way	6	-0.762	0.786			AT4G34590	0.0	0.034	0.01	-0.024	0.43
2way	6	-0.762	0.786			AT4G31060	0.147	0.058	0.027	-0.03	0.433
2way	6	-0.762	0.786			AT5G03790	0.0	0.07	0.034	-0.036	0.433
2way	6	0.342	0.461			AT4G36780	0.033	0.064	0.039	-0.025	0.433
2way	6	0.342	0.461			AT3G23240	0.0	0.04	0.021	-0.018	0.434
2way	6	-0.762	0.786			AT1G19790	0.0	0.017	0.043	0.026	0.436
2way	6	-0.762	0.786			AT1G20910	0.0	0.03	0.008	-0.022	0.436
2way	6	0.342	0.461			AT1G18330	0.412	0.055	0.035	-0.02	0.443
2way	6	0.342	0.461			AT3G52440	0.0	0.061	0.083	0.022	0.444
2way	6	-0.762	0.786			AT5G64750	0.374	0.072	0.034	-0.038	0.447
2way	6	0.342	0.461			AT3G20770	0.0	0.025	0.013	-0.012	0.447
2way	6	0.342	0.461			AT1G63030	0.0	0.015	0.008	-0.007	0.448
2way	6	0.342	0.461			AT1G75080	0.0	0.013	0.006	-0.007	0.448
2way	6	0.342	0.461			AT3G60530	0.0	0.007	0.019	0.013	0.448
2way	6	0.342	0.461			AT3G62420	0.0	0.069	0.046	-0.023	0.448
2way	6	0.342	0.461			AT5G67450	0.0	0.016	0.007	-0.008	0.448
2way	6	0.342	0.461			AT2G31230	-0.009	0.059	0.039	-0.02	0.449
2way	6	0.342	0.461			AT3G44480	1.247	0.056	0.038	-0.018	0.449
2way	6	0.342	0.461			AT2G30590	0.0	0.003	0.01	0.008	0.45
2way	6	0.342	0.461			AT3G45170	0.0	0.002	0.006	0.005	0.45
2way	6	0.342	0.461			AT5G10140	0.0	0.012	0.003	-0.01	0.45
2way	6	-0.762	0.786			AT3G24120	0.0	0.057	0.028	-0.029	0.451
2way	6	0.342	0.461			AT5G62320	0.865	0.047	0.026	-0.02	0.454
2way	6	-0.762	0.786			AT1G29860	0.0	0.018	0.037	0.019	0.46
2way	6	-0.762	0.786			AT2G18060	-0.009	0.013	0.038	0.025	0.46
2way	6	-0.762	0.786			AT3G01970	0.0	0.014	0.041	0.027	0.46
2way	6	-0.762	0.786			AT4G31800	-0.11	0.13	0.171	0.042	0.461
2way	6	0.342	0.461			AT2G01060	0.0	0.039	0.023	-0.016	0.461
2way	6	0.342	0.461			AT3G24050	-0.076	0.014	0.03	0.016	0.461
2way	6	0.342	0.461			AT3G30210	0.0	0.024	0.013	-0.011	0.461
2way	6	0.342	0.461			AT2G18060	0.0	0.057	0.038	-0.019	0.469
2way	6	0.342	0.461			AT3G10800	0.0	0.035	0.018	-0.017	0.469
2way	6	0.342	0.461			AT2G46770	0.0	0.057	0.037	-0.02	0.47
2way	6	-0.762	0.786			AT1G08010	0.0	0.003	0.013	0.01	0.472
2way	6	-0.762	0.786			AT2G30590	0.0	0.005	0.016	0.011	0.472
2way	6	-0.762	0.786			AT3G28910	0.0	0.024	0.002	-0.022	0.472
2way	6	-0.762	0.786			AT3G57600	0.0	0.004	0.021	0.017	0.472
2way	6	-0.762	0.786			AT3G58630	0.0	0.018	0.007	-0.011	0.472
2way	6	-0.762	0.786			AT3G61250	0.0	0.016	0.004	-0.012	0.472
2way	6	-0.762	0.786			AT4G24470	0.0	0.024	0.006	-0.018	0.472
2way	6	-0.762	0.786			AT4G31550	0.0	0.003	0.024	0.021	0.472
2way	6	0.342	0.461			AT1G77640	0.0	0.017	0.005	-0.012	0.474
2way	6	0.342	0.461			AT2G04038	0.0	0.053	0.035	-0.018	0.474
2way	6	0.342	0.461			AT2G22540	0.0	0.073	0.054	-0.019	0.474
2way	6	0.342	0.461			AT5G22500	0.0	0.018	0.01	-0.009	0.474
2way	6	0.342	0.461			AT5G05550	0.0	0.09	0.068	-0.022	0.475
2way	6	-0.762	0.786			AT1G19000	0.0	0.034	0.001	-0.032	0.482
2way	6	-0.762	0.786			AT3G61150	0.007	0.038	0.009	-0.03	0.482
2way	6	-0.762	0.786			AT5G58900	0.0	0.044	0.02	-0.024	0.482
2way	6	-0.762	0.786			AT5G62320	0.0	0.042	0.016	-0.026	0.482
2way	6	0.342	0.461			AT1G30650	0.505	0.048	0.068	0.02	0.482
2way	6	0.342	0.461			AT3G09600	0.019	0.071	0.053	-0.018	0.483
2way	6	0.342	0.461			AT3G06490	0.0	0.027	0.014	-0.013	0.487
2way	6	-0.762	0.786			AT5G06950	0.386	0.104	0.067	-0.037	0.492
2way	6	-0.762	0.786			AT1G14687	0.0	0.035	0.009	-0.026	0.495
2way	6	-0.762	0.786			AT1G75490	0.0	0.025	0.049	0.024	0.495
2way	6	0.342	0.461			AT1G10720	0.0	0.0	0.002	0.002	0.499
2way	6	0.342	0.461			AT1G30210	0.0	0.001	0.0	-0.001	0.499
2way	6	0.342	0.461			AT1G46264	0.0	0.0	0.004	0.004	0.499
2way	6	0.342	0.461			AT1G70910	0.0	0.001	0.002	0.001	0.499
2way	6	0.342	0.461			AT2G17410	0.0	0.0	0.001	0.001	0.499
2way	6	0.342	0.461			AT2G39900	0.0	0.0	0.005	0.005	0.499
2way	6	0.342	0.461			AT3G07220	0.0	0.0	0.002	0.002	0.499
2way	6	0.342	0.461			AT3G30530	0.0	0.003	0.0	-0.003	0.499
2way	6	0.342	0.461			AT3G46070	0.0	0.002	0.0	-0.002	0.499
2way	6	0.342	0.461			AT3G47620	0.0	0.002	0.001	-0.001	0.499
2way	6	0.342	0.461			AT3G49930	0.0	0.0	0.0	0.0	0.499
2way	6	0.342	0.461			AT4G30080	0.0	0.0	0.003	0.003	0.499
2way	6	0.342	0.461			AT4G38910	0.0	0.003	0.0	-0.003	0.499
2way	6	0.342	0.461			AT5G08070	0.0	0.003	0.001	-0.002	0.499
2way	6	0.342	0.461			AT5G22890	0.0	0.001	0.001	-0.0	0.499
2way	6	0.342	0.461			AT5G42820	0.0	0.003	0.0	-0.003	0.499
2way	6	0.342	0.461			AT5G58620	0.0	0.0	0.003	0.003	0.499
2way	6	0.342	0.461			AT5G67000	0.0	0.001	0.0	-0.0	0.499
2way	6	-0.762	0.786			AT3G17730	0.0	0.019	0.044	0.025	0.503
2way	6	-0.762	0.786			AT3G22830	0.175	0.107	0.076	-0.031	0.503
2way	6	-0.762	0.786			AT5G24110	0.0	0.029	0.052	0.023	0.503
2way	6	0.342	0.461			AT3G12720	0.0	0.044	0.03	-0.015	0.503
2way	6	-0.762	0.786			AT1G23810	0.0	0.001	0.006	0.005	0.504
2way	6	-0.762	0.786			AT1G74370	0.0	0.006	0.0	-0.006	0.504
2way	6	-0.762	0.786			AT1G76870	0.0	0.003	0.0	-0.003	0.504
2way	6	-0.762	0.786			AT1G80840	0.0	0.015	0.0	-0.015	0.504
2way	6	-0.762	0.786			AT2G15660	0.0	0.002	0.008	0.006	0.504
2way	6	-0.762	0.786			AT3G02150	0.0	0.002	0.0	-0.002	0.504
2way	6	-0.762	0.786			AT3G02990	0.0	0.002	0.008	0.006	0.504
2way	6	-0.762	0.786			AT3G13040	0.0	0.006	0.0	-0.006	0.504
2way	6	-0.762	0.786			AT3G13350	0.0	0.001	0.007	0.006	0.504
2way	6	-0.762	0.786			AT3G51080	0.0	0.0	0.005	0.005	0.504
2way	6	-0.762	0.786			AT4G27900	0.0	0.014	0.0	-0.014	0.504
2way	6	-0.762	0.786			AT4G30080	0.0	0.005	0.0	-0.005	0.504
2way	6	-0.762	0.786			AT4G37790	0.0	0.0	0.005	0.005	0.504
2way	6	-0.762	0.786			AT5G14960	0.0	0.006	0.0	-0.005	0.504
2way	6	-0.762	0.786			AT5G38800	0.0	0.007	0.004	-0.003	0.504
2way	6	-0.762	0.786			AT5G38860	0.0	0.0	0.004	0.004	0.504
2way	6	-0.762	0.786			AT5G42820	0.0	0.002	0.0	-0.002	0.504
2way	6	0.342	0.461			AT1G65620	0.0	0.009	0.003	-0.007	0.505
2way	6	0.342	0.461			AT1G72360	0.0	0.009	0.0	-0.009	0.505
2way	6	0.342	0.461			AT1G76880	0.0	0.011	0.004	-0.007	0.505
2way	6	0.342	0.461			AT3G13350	0.0	0.001	0.006	0.005	0.505
2way	6	0.342	0.461			AT3G51470	0.0	0.01	0.002	-0.008	0.505
2way	6	0.342	0.461			AT4G18450	0.0	0.006	0.002	-0.004	0.505
2way	6	0.342	0.461			AT2G02820	0.0	0.078	0.058	-0.02	0.507
2way	6	-0.762	0.786			AT5G26170	0.0	0.084	0.114	0.03	0.51
2way	6	0.342	0.461			AT5G02460	0.0	0.055	0.074	0.019	0.513
2way	6	0.342	0.461			AT3G42860	0.0	0.022	0.037	0.015	0.518
2way	6	-0.762	0.786			AT1G24250	0.0	0.016	0.002	-0.014	0.519
2way	6	-0.762	0.786			AT1G68670	0.0	0.023	0.006	-0.017	0.519
2way	6	-0.762	0.786			AT3G23250	0.0	0.008	0.022	0.014	0.519
2way	6	0.342	0.461			AT2G01930	0.699	0.045	0.028	-0.017	0.52
2way	6	-0.762	0.786			AT4G25470	0.0	0.062	0.036	-0.026	0.521
2way	6	-0.762	0.786			AT4G36740	0.0	0.051	0.023	-0.028	0.521
2way	6	0.342	0.461			AT5G10030	0.275	0.081	0.061	-0.02	0.522
2way	6	0.342	0.461			AT4G32730	0.109	0.071	0.051	-0.02	0.523
2way	6	-0.762	0.786			AT1G25340	0.0	0.037	0.057	0.02	0.524
2way	6	-0.762	0.786			AT1G30650	0.0	0.031	0.052	0.02	0.524
2way	6	-0.762	0.786			AT1G51220	0.0	0.038	0.018	-0.02	0.524
2way	6	-0.762	0.786			AT1G69180	0.0	0.042	0.021	-0.022	0.524
2way	6	-0.762	0.786			AT1G77200	0.684	0.055	0.03	-0.026	0.524
2way	6	0.342	0.461			AT2G23340	0.0	0.059	0.044	-0.015	0.536
2way	6	-0.762	0.786			AT1G12630	0.0	0.055	0.026	-0.028	0.538
2way	6	-0.762	0.786			AT1G29280	-0.044	0.039	0.066	0.027	0.538
2way	6	-0.762	0.786			AT1G49010	0.0	0.058	0.024	-0.034	0.538
2way	6	-0.762	0.786			AT3G23240	0.0	0.03	0.056	0.025	0.538
2way	6	-0.762	0.786			AT2G40260	0.0	0.055	0.029	-0.026	0.539
2way	6	-0.762	0.786			AT2G46130	0.0	0.007	0.024	0.017	0.545
2way	6	0.342	0.461			AT2G15660	0.0	0.002	0.011	0.009	0.545
2way	6	0.342	0.461			AT2G33810	0.0	0.005	0.012	0.008	0.545
2way	6	0.342	0.461			AT2G45680	0.0	0.01	0.004	-0.006	0.545
2way	6	0.342	0.461			AT3G23250	0.0	0.005	0.008	0.004	0.545
2way	6	0.342	0.461			AT4G01720	0.0	0.011	0.005	-0.006	0.545
2way	6	0.342	0.461			AT4G18890	0.0	0.007	0.003	-0.004	0.545
2way	6	0.342	0.461			AT3G61150	0.0	0.047	0.062	0.016	0.549
2way	6	-0.762	0.786			AT2G23320	0.0	0.035	0.061	0.026	0.55
2way	6	-0.762	0.786			AT2G47070	0.0	0.057	0.029	-0.028	0.551
2way	6	0.342	0.461			AT3G12130	-0.737	0.028	0.043	0.016	0.552
2way	6	0.342	0.461			AT4G05100	0.0	0.033	0.021	-0.012	0.552
2way	6	-0.762	0.786			AT2G06200	0.0	0.02	0.005	-0.014	0.556
2way	6	-0.762	0.786			AT2G23290	0.0	0.036	0.059	0.024	0.559
2way	6	-0.762	0.786			AT4G25490	0.0	0.063	0.035	-0.028	0.559
2way	6	0.342	0.461			AT4G38170	-1.075	0.041	0.057	0.016	0.56
2way	6	0.342	0.461			AT1G16490	0.0	0.062	0.047	-0.015	0.561
2way	6	-0.762	0.786			AT5G56110	0.834	0.057	0.029	-0.028	0.563
2way	6	0.342	0.461			AT1G06180	0.0	0.04	0.027	-0.013	0.566
2way	6	0.342	0.461			AT3G10113	0.0	0.048	0.034	-0.015	0.566
2way	6	-0.762	0.786			AT5G13080	0.0	0.122	0.152	0.03	0.568
2way	6	0.342	0.461			AT1G12610	0.0	0.038	0.026	-0.012	0.572
2way	6	-0.762	0.786			AT5G65310	0.0	0.054	0.026	-0.029	0.575
2way	6	0.342	0.461			AT1G76110	-0.336	0.017	0.025	0.008	0.575
2way	6	0.342	0.461			AT3G24520	0.0	0.058	0.075	0.017	0.575
2way	6	-0.762	0.786			AT3G10480	0.0	0.039	0.059	0.02	0.577
2way	6	0.342	0.461			AT2G38300	0.0	0.008	0.004	-0.004	0.577
2way	6	0.342	0.461			AT2G41690	0.0	0.004	0.013	0.009	0.577
2way	6	0.342	0.461			AT3G45150	0.0	0.009	0.002	-0.007	0.577
2way	6	0.342	0.461			AT4G01500	0.0	0.013	0.008	-0.006	0.577
2way	6	0.342	0.461			AT5G07680	0.0	0.006	0.011	0.005	0.577
2way	6	0.342	0.461			AT5G67300	0.0	0.005	0.01	0.005	0.577
2way	6	0.342	0.461			AT2G15740	-0.889	0.032	0.043	0.011	0.578
2way	6	0.342	0.461			AT1G69010	0.0	0.063	0.044	-0.019	0.579
2way	6	0.342	0.461			AT1G36060	0.0	0.051	0.038	-0.013	0.584
2way	6	0.342	0.461			AT2G38340	-0.365	0.172	0.154	-0.018	0.584
2way	6	-0.762	0.786			AT1G28160	-0.163	0.045	0.074	0.029	0.585
2way	6	-0.762	0.786			AT5G09410	0.0	0.026	0.009	-0.017	0.586
2way	6	-0.762	0.786			AT5G18270	0.0	0.038	0.064	0.027	0.586
2way	6	-0.762	0.786			AT1G10720	0.0	0.002	0.01	0.008	0.587
2way	6	-0.762	0.786			AT1G13300	0.0	0.012	0.003	-0.009	0.587
2way	6	-0.762	0.786			AT1G18960	0.0	0.006	0.0	-0.006	0.587
2way	6	-0.762	0.786			AT1G22070	0.0	0.01	0.0	-0.01	0.587
2way	6	-0.762	0.786			AT1G69560	0.0	0.006	0.0	-0.006	0.587
2way	6	-0.762	0.786			AT5G22890	0.0	0.009	0.0	-0.009	0.587
2way	6	-0.762	0.786			AT5G39820	0.0	0.011	0.0	-0.011	0.587
2way	6	0.342	0.461			AT2G33550	0.421	0.022	0.015	-0.008	0.587
2way	6	0.342	0.461			AT1G29280	0.64	0.056	0.074	0.018	0.588
2way	6	0.342	0.461			AT3G10580	0.0	0.046	0.033	-0.013	0.589
2way	6	0.342	0.461			AT2G02070	0.037	0.047	0.032	-0.015	0.59
2way	6	-0.762	0.786			AT2G44840	0.0	0.145	0.171	0.026	0.594
2way	6	-0.762	0.786			AT3G10030	0.0	0.026	0.008	-0.018	0.594
2way	6	-0.762	0.786			AT3G26790	0.0	0.023	0.006	-0.017	0.594
2way	6	-0.762	0.786			AT3G42860	0.0	0.017	0.034	0.017	0.594
2way	6	-0.762	0.786			AT5G44210	0.0	0.034	0.019	-0.015	0.594
2way	6	-0.762	0.786			AT5G46350	0.0	0.012	0.03	0.019	0.594
2way	6	-0.762	0.786			AT5G62000	0.0	0.019	0.034	0.015	0.594
2way	6	-0.762	0.786			AT5G63090	0.0	0.009	0.027	0.018	0.594
2way	6	0.342	0.461			AT1G19000	0.0	0.048	0.037	-0.012	0.595
2way	6	0.342	0.461			AT2G40260	0.0	0.053	0.041	-0.013	0.599
2way	6	0.342	0.461			AT3G11020	0.0	0.05	0.036	-0.014	0.599
2way	6	0.342	0.461			AT4G36160	0.0	0.081	0.063	-0.018	0.601
2way	6	0.342	0.461			AT1G13400	0.0	0.009	0.003	-0.005	0.603
2way	6	0.342	0.461			AT1G69690	0.0	0.012	0.006	-0.006	0.603
2way	6	0.342	0.461			AT2G17950	0.0	0.01	0.016	0.006	0.603
2way	6	0.342	0.461			AT3G47600	0.0	0.013	0.006	-0.006	0.603
2way	6	-0.762	0.786			AT5G23930	0.0	0.062	0.09	0.029	0.605
2way	6	0.342	0.461			AT5G02840	0.0	0.033	0.023	-0.01	0.606
2way	6	0.342	0.461			AT5G47660	0.0	0.051	0.037	-0.014	0.609
2way	6	-0.762	0.786			AT1G06280	0.0	0.068	0.094	0.025	0.611
2way	6	-0.762	0.786			AT2G15740	0.0	0.018	0.035	0.017	0.612
2way	6	-0.762	0.786			AT1G20980	0.0	0.035	0.012	-0.023	0.614
2way	6	-0.762	0.786			AT4G05100	0.0	0.033	0.015	-0.018	0.614
2way	6	-0.762	0.786			AT4G28500	0.0	0.018	0.041	0.023	0.614
2way	6	-0.762	0.786			AT5G62380	0.0	0.011	0.033	0.022	0.614
2way	6	0.342	0.461			AT4G14770	0.477	0.058	0.044	-0.014	0.614
2way	6	0.342	0.461			AT5G05790	0.0	0.033	0.021	-0.011	0.616
2way	6	0.342	0.461			AT5G39610	0.0	0.047	0.034	-0.013	0.617
2way	6	0.342	0.461			AT2G01940	0.208	0.06	0.044	-0.016	0.618
2way	6	-0.762	0.786			AT2G31230	-0.219	0.063	0.09	0.028	0.623
2way	6	0.342	0.461			AT1G24250	0.374	0.031	0.019	-0.012	0.624
2way	6	0.342	0.461			AT1G43700	0.0	0.012	0.005	-0.007	0.624
2way	6	0.342	0.461			AT1G76870	0.0	0.003	0.001	-0.002	0.624
2way	6	0.342	0.461			AT2G38880	0.0	0.002	0.002	-0.0	0.624
2way	6	0.342	0.461			AT3G22780	0.0	0.002	0.002	-0.0	0.624
2way	6	0.342	0.461			AT3G61120	0.0	0.008	0.003	-0.005	0.624
2way	6	0.342	0.461			AT4G24020	0.0	0.005	0.0	-0.004	0.624
2way	6	0.342	0.461			AT4G31550	0.0	0.011	0.015	0.003	0.624
2way	6	0.342	0.461			AT5G25390	0.0	0.006	0.0	-0.006	0.624
2way	6	0.342	0.461			AT5G38860	0.0	0.002	0.003	0.001	0.624
2way	6	0.342	0.461			AT5G39820	0.0	0.012	0.008	-0.005	0.624
2way	6	-0.762	0.786			AT2G24570	0.0	0.002	0.009	0.006	0.631
2way	6	-0.762	0.786			AT3G46590	0.0	0.002	0.007	0.005	0.631
2way	6	-0.762	0.786			AT4G14410	0.0	0.013	0.009	-0.005	0.631
2way	6	-0.762	0.786			AT4G32800	0.0	0.012	0.002	-0.01	0.631
2way	6	-0.762	0.786			AT5G43840	0.0	0.002	0.012	0.011	0.631
2way	6	-0.762	0.786			AT5G67300	0.0	0.006	0.0	-0.005	0.631
2way	6	-0.762	0.786			AT1G30490	0.0	0.032	0.017	-0.014	0.632
2way	6	-0.762	0.786			AT1G49560	0.0	0.034	0.017	-0.017	0.632
2way	6	-0.762	0.786			AT3G11020	0.0	0.025	0.04	0.015	0.632
2way	6	-0.762	0.786			AT3G12730	0.0	0.04	0.016	-0.023	0.632
2way	6	-0.762	0.786			AT3G16280	0.189	0.034	0.013	-0.021	0.632
2way	6	-0.762	0.786			AT5G17800	0.0	0.012	0.028	0.017	0.632
2way	6	0.342	0.461			AT5G67580	0.0	0.022	0.029	0.007	0.632
2way	6	0.342	0.461			AT1G69780	-0.466	0.067	0.053	-0.015	0.633
2way	6	0.342	0.461			AT4G01280	0.0	0.07	0.055	-0.016	0.633
2way	6	-0.762	0.786			AT4G11660	0.065	0.084	0.067	-0.017	0.634
2way	6	0.342	0.461			AT1G22070	0.0	0.014	0.008	-0.007	0.642
2way	6	0.342	0.461			AT1G34370	0.0	0.008	0.014	0.007	0.642
2way	6	0.342	0.461			AT1G66370	0.0	0.015	0.01	-0.005	0.642
2way	6	-0.762	0.786			AT1G65910	0.0	0.019	0.035	0.016	0.644
2way	6	-0.762	0.786			AT3G18990	0.0	0.042	0.024	-0.017	0.644
2way	6	0.342	0.461			AT3G17730	0.0	0.066	0.053	-0.013	0.647
2way	6	-0.762	0.786			AT3G09735	0.0	0.032	0.047	0.014	0.648
2way	6	-0.762	0.786			AT3G45610	0.0	0.038	0.026	-0.013	0.648
2way	6	-0.762	0.786			AT3G57920	0.0	0.047	0.031	-0.015	0.648
2way	6	-0.762	0.786			AT4G01550	0.0	0.024	0.044	0.019	0.648
2way	6	-0.762	0.786			AT5G18560	0.0	0.029	0.046	0.017	0.648
2way	6	0.342	0.461			AT1G28470	0.0	0.06	0.075	0.015	0.653
2way	6	0.342	0.461			AT2G43000	-0.516	0.071	0.059	-0.012	0.653
2way	6	-0.762	0.786			AT2G03500	0.0	0.046	0.027	-0.02	0.655
2way	6	-0.762	0.786			AT4G00730	0.0	0.039	0.018	-0.021	0.655
2way	6	0.342	0.461			AT5G66940	0.382	0.061	0.071	0.011	0.655
2way	6	-0.762	0.786			AT1G69690	0.0	0.002	0.009	0.008	0.658
2way	6	-0.762	0.786			AT1G72360	0.0	0.011	0.002	-0.009	0.658
2way	6	-0.762	0.786			AT2G03340	0.0	0.003	0.015	0.012	0.658
2way	6	-0.762	0.786			AT2G17950	0.0	0.008	0.015	0.007	0.658
2way	6	-0.762	0.786			AT3G30530	0.0	0.007	0.013	0.006	0.658
2way	6	-0.762	0.786			AT3G57230	0.0	0.0	0.005	0.005	0.658
2way	6	-0.762	0.786			AT4G17785	0.0	0.016	0.008	-0.008	0.658
2way	6	-0.762	0.786			AT4G28140	0.0	0.007	0.001	-0.006	0.658
2way	6	-0.762	0.786			AT5G08750	0.0	0.005	0.001	-0.004	0.658
2way	6	-0.762	0.786			AT5G44160	0.0	0.005	0.012	0.007	0.658
2way	6	-0.762	0.786			AT5G59990	0.0	0.015	0.005	-0.01	0.658
2way	6	0.342	0.461			AT3G11280	0.0	0.018	0.012	-0.006	0.658
2way	6	0.342	0.461			AT3G57920	0.0	0.04	0.029	-0.011	0.658
2way	6	0.342	0.461			AT4G24470	0.0	0.019	0.011	-0.008	0.658
2way	6	-0.762	0.786			AT1G72740	0.0	0.027	0.045	0.018	0.662
2way	6	-0.762	0.786			AT2G30250	0.0	0.034	0.047	0.013	0.662
2way	6	-0.762	0.786			AT2G42430	0.0	0.031	0.05	0.02	0.662
2way	6	-0.762	0.786			AT2G46590	0.0	0.026	0.044	0.018	0.662
2way	6	-0.762	0.786			AT3G03200	0.0	0.023	0.04	0.018	0.662
2way	6	-0.762	0.786			AT3G60490	0.0	0.033	0.013	-0.02	0.662
2way	6	0.342	0.461			AT3G28920	-0.914	0.056	0.068	0.012	0.665
2way	6	-0.762	0.786			AT1G54330	0.0	0.024	0.04	0.017	0.666
2way	6	-0.762	0.786			AT1G79580	0.0	0.024	0.043	0.019	0.666
2way	6	-0.762	0.786			AT3G10800	0.0	0.043	0.027	-0.016	0.666
2way	6	-0.762	0.786			AT5G05790	0.0	0.043	0.022	-0.021	0.666
2way	6	-0.762	0.786			AT5G52830	0.0	0.027	0.047	0.02	0.666
2way	6	0.342	0.461			AT3G55370	0.0	0.059	0.073	0.013	0.666
2way	6	0.342	0.461			AT1G20910	-0.003	0.02	0.03	0.01	0.669
2way	6	0.342	0.461			AT5G45300	0.0	0.029	0.02	-0.009	0.669
2way	6	-0.762	0.786			AT2G30340	0.0	0.029	0.051	0.021	0.676
2way	6	-0.762	0.786			AT4G27950	0.0	0.029	0.052	0.023	0.676
2way	6	0.342	0.461			AT1G55110	0.0	0.045	0.034	-0.01	0.683
2way	6	0.342	0.461			AT3G25990	0.0	0.014	0.021	0.007	0.683
2way	6	0.342	0.461			AT3G01470	0.0	0.018	0.013	-0.006	0.684
2way	6	0.342	0.461			AT3G50700	0.0	0.019	0.011	-0.007	0.684
2way	6	0.342	0.461			AT4G17785	0.0	0.019	0.012	-0.007	0.684
2way	6	0.342	0.461			AT5G47390	0.0	0.039	0.03	-0.009	0.684
2way	6	-0.762	0.786			AT2G35700	0.0	0.047	0.032	-0.016	0.686
2way	6	-0.762	0.786			AT2G45420	0.0	0.033	0.057	0.024	0.686
2way	6	-0.762	0.786			AT3G08500	0.0	0.03	0.04	0.011	0.686
2way	6	-0.762	0.786			AT4G01540	0.0	0.038	0.028	-0.01	0.686
2way	6	-0.762	0.786			AT4G25480	0.0	0.056	0.046	-0.011	0.686
2way	6	-0.762	0.786			AT5G60850	0.0	0.037	0.051	0.014	0.686
2way	6	0.342	0.461			AT4G17460	-0.226	0.007	0.013	0.007	0.686
2way	6	0.342	0.461			AT4G27900	0.0	0.004	0.003	-0.001	0.686
2way	6	0.342	0.461			AT5G52170	0.0	0.001	0.007	0.006	0.686
2way	6	0.342	0.461			AT3G50410	0.0	0.037	0.047	0.01	0.687
2way	6	0.342	0.461			AT3G04060	0.0	0.041	0.031	-0.01	0.692
2way	6	0.342	0.461			AT5G09410	-0.721	0.03	0.041	0.01	0.692
2way	6	-0.762	0.786			AT1G09540	0.0	0.05	0.031	-0.018	0.693
2way	6	-0.762	0.786			AT4G38170	0.0	0.046	0.028	-0.018	0.693
2way	6	-0.762	0.786			AT5G02460	0.0	0.029	0.045	0.017	0.693
2way	6	-0.762	0.786			AT3G01470	0.0	0.012	0.005	-0.007	0.695
2way	6	-0.762	0.786			AT5G67450	0.0	0.013	0.001	-0.011	0.695
2way	6	0.342	0.461			AT3G21175	0.0	0.019	0.014	-0.005	0.695
2way	6	-0.762	0.786			AT1G76420	0.0	0.032	0.044	0.012	0.696
2way	6	-0.762	0.786			AT3G04060	0.0	0.033	0.05	0.017	0.696
2way	6	-0.762	0.786			AT3G10500	0.0	0.035	0.049	0.013	0.696
2way	6	-0.762	0.786			AT5G52660	0.0	0.048	0.063	0.015	0.696
2way	6	0.342	0.461			AT1G06850	0.0	0.048	0.036	-0.011	0.696
2way	6	-0.762	0.786			AT2G33710	0.0	0.058	0.073	0.015	0.7
2way	6	-0.762	0.786			AT2G42200	0.0	0.057	0.037	-0.019	0.7
2way	6	0.342	0.461			AT5G47370	0.0	0.056	0.044	-0.012	0.7
2way	6	-0.762	0.786			AT1G21910	0.0	0.023	0.038	0.015	0.703
2way	6	-0.762	0.786			AT5G13790	0.0	0.012	0.004	-0.008	0.703
2way	6	0.342	0.461			AT3G53200	0.0	0.049	0.037	-0.012	0.703
2way	6	0.342	0.461			AT4G00730	-0.631	0.044	0.054	0.01	0.703
2way	6	-0.762	0.786			AT3G18400	0.0	0.05	0.065	0.015	0.704
2way	6	-0.762	0.786			AT4G36160	0.0	0.039	0.057	0.017	0.704
2way	6	0.342	0.461			AT5G62940	0.0	0.046	0.056	0.01	0.706
2way	6	-0.762	0.786			AT1G32870	0.0	0.04	0.06	0.02	0.707
2way	6	-0.762	0.786			AT5G65210	0.0	0.056	0.041	-0.015	0.707
2way	6	-0.762	0.786			AT5G67190	0.0	0.055	0.072	0.017	0.707
2way	6	0.342	0.461			AT2G42200	0.0	0.062	0.054	-0.008	0.71
2way	6	-0.762	0.786			AT3G09600	0.0	0.049	0.071	0.021	0.713
2way	6	-0.762	0.786			AT5G58850	0.0	0.064	0.05	-0.014	0.713
2way	6	0.342	0.461			AT1G19790	0.0	0.018	0.012	-0.007	0.713
2way	6	0.342	0.461			AT5G52660	0.0	0.06	0.049	-0.011	0.713
2way	6	0.342	0.461			AT5G18270	0.0	0.05	0.042	-0.008	0.716
2way	6	-0.762	0.786			AT4G32730	0.0	0.042	0.059	0.016	0.719
2way	6	0.342	0.461			AT1G54330	0.0	0.058	0.048	-0.01	0.724
2way	6	0.342	0.461			AT1G51600	0.0	0.005	0.006	0.001	0.725
2way	6	0.342	0.461			AT2G42590	0.0	0.004	0.005	0.001	0.725
2way	6	0.342	0.461			AT3G10500	0.0	0.051	0.059	0.008	0.725
2way	6	0.342	0.461			AT3G20840	0.0	0.005	0.003	-0.003	0.725
2way	6	0.342	0.461			AT3G51080	0.0	0.007	0.006	-0.001	0.725
2way	6	0.342	0.461			AT5G25475	0.0	0.008	0.005	-0.003	0.725
2way	6	0.342	0.461			AT2G46590	0.0	0.054	0.062	0.008	0.727
2way	6	0.342	0.461			AT1G08010	0.0	0.019	0.028	0.009	0.728
2way	6	-0.762	0.786			AT1G68550	0.0	0.066	0.081	0.015	0.731
2way	6	-0.762	0.786			AT3G50260	0.0	0.068	0.083	0.015	0.731
2way	6	0.342	0.461			AT3G18400	0.0	0.064	0.054	-0.01	0.732
2way	6	0.342	0.461			AT5G65410	0.48	0.062	0.051	-0.011	0.732
2way	6	-0.762	0.786			AT1G18570	0.0	0.038	0.029	-0.01	0.735
2way	6	-0.762	0.786			AT1G75080	0.0	0.015	0.004	-0.012	0.735
2way	6	-0.762	0.786			AT2G28920	0.0	0.014	0.02	0.006	0.735
2way	6	-0.762	0.786			AT3G45150	0.0	0.013	0.021	0.008	0.735
2way	6	-0.762	0.786			AT3G50700	0.0	0.001	0.009	0.008	0.735
2way	6	-0.762	0.786			AT4G26640	0.0	0.012	0.021	0.009	0.735
2way	6	-0.762	0.786			AT5G08130	0.0	0.011	0.018	0.007	0.735
2way	6	0.342	0.461			AT3G10030	0.0	0.029	0.022	-0.007	0.735
2way	6	0.342	0.461			AT5G04410	0.0	0.061	0.069	0.008	0.735
2way	6	-0.762	0.786			AT1G71450	0.0	0.063	0.08	0.017	0.737
2way	6	0.342	0.461			AT1G08320	-1.076	0.066	0.075	0.009	0.737
2way	6	0.342	0.461			AT3G12250	0.0	0.073	0.062	-0.011	0.737
2way	6	0.342	0.461			AT4G17980	0.0	0.058	0.07	0.012	0.737
2way	6	-0.762	0.786			AT1G19210	0.0	0.081	0.069	-0.012	0.741
2way	6	-0.762	0.786			AT2G02820	0.0	0.08	0.096	0.016	0.741
2way	6	-0.762	0.786			AT3G62420	0.0	0.079	0.06	-0.018	0.741
2way	6	0.342	0.461			AT4G38000	0.0	0.059	0.068	0.009	0.743
2way	6	0.342	0.461			AT5G54230	0.0	0.073	0.062	-0.011	0.745
2way	6	0.342	0.461			AT3G15170	0.0	0.028	0.021	-0.007	0.747
2way	6	0.342	0.461			AT1G03840	0.0	0.03	0.021	-0.009	0.752
2way	6	0.342	0.461			AT3G02150	0.0	0.007	0.005	-0.001	0.752
2way	6	0.342	0.461			AT5G46350	0.0	0.021	0.031	0.009	0.752
2way	6	-0.762	0.786			AT2G35530	0.0	0.094	0.076	-0.018	0.754
2way	6	-0.762	0.786			AT2G18380	0.0	0.024	0.016	-0.008	0.755
2way	6	0.342	0.461			AT3G13810	0.0	0.031	0.025	-0.006	0.757
2way	6	0.342	0.461			AT4G00250	0.0	0.03	0.024	-0.006	0.757
2way	6	-0.762	0.786			AT1G75390	0.0	0.018	0.029	0.01	0.759
2way	6	-0.762	0.786			AT4G01500	0.0	0.014	0.021	0.007	0.759
2way	6	0.342	0.461			AT1G19210	-0.59	0.091	0.083	-0.008	0.76
2way	6	0.342	0.461			AT5G66300	-0.056	0.03	0.024	-0.006	0.762
2way	6	-0.762	0.786			AT1G52150	0.0	0.022	0.012	-0.01	0.77
2way	6	-0.762	0.786			AT1G72010	0.0	0.014	0.022	0.008	0.77
2way	6	-0.762	0.786			AT5G46590	0.0	0.011	0.019	0.008	0.77
2way	6	0.342	0.461			AT1G80840	0.026	0.017	0.023	0.006	0.772
2way	6	0.342	0.461			AT3G04070	0.0	0.009	0.006	-0.002	0.772
2way	6	0.342	0.461			AT5G06960	0.0	0.039	0.035	-0.005	0.774
2way	6	-0.762	0.786			AT1G04880	0.0	0.013	0.02	0.007	0.778
2way	6	-0.762	0.786			AT1G27730	0.0	0.061	0.048	-0.013	0.778
2way	6	-0.762	0.786			AT1G74480	0.0	0.029	0.023	-0.006	0.778
2way	6	-0.762	0.786			AT1G76110	0.0	0.009	0.013	0.004	0.778
2way	6	-0.762	0.786			AT5G02840	0.0	0.031	0.036	0.005	0.784
2way	6	-0.762	0.786			AT5G53950	0.0	0.013	0.02	0.007	0.784
2way	6	-0.762	0.786			AT5G66300	0.0	0.014	0.019	0.005	0.784
2way	6	0.342	0.461			AT1G75390	0.0	0.008	0.007	-0.001	0.788
2way	6	0.342	0.461			AT5G08130	0.0	0.009	0.006	-0.004	0.788
2way	6	0.342	0.461			AT5G50570	0.0	0.009	0.011	0.002	0.788
2way	6	-0.762	0.786			AT1G47655	0.0	0.027	0.016	-0.011	0.793
2way	6	-0.762	0.786			AT2G02080	0.0	0.022	0.028	0.006	0.793
2way	6	-0.762	0.786			AT3G12130	0.0	0.021	0.031	0.01	0.793
2way	6	-0.762	0.786			AT5G08330	0.0	0.018	0.025	0.007	0.793
2way	6	-0.762	0.786			AT5G62940	0.0	0.016	0.023	0.007	0.793
2way	6	0.342	0.461			AT1G69180	0.0	0.041	0.034	-0.007	0.793
2way	6	-0.762	0.786			AT1G03840	0.0	0.026	0.031	0.005	0.795
2way	6	-0.762	0.786			AT1G44830	0.0	0.025	0.028	0.003	0.795
2way	6	-0.762	0.786			AT1G70920	0.0	0.024	0.018	-0.006	0.795
2way	6	-0.762	0.786			AT2G01060	0.0	0.024	0.018	-0.007	0.795
2way	6	-0.762	0.786			AT2G02070	0.0	0.021	0.013	-0.007	0.795
2way	6	-0.762	0.786			AT2G44940	0.0	0.03	0.016	-0.014	0.795
2way	6	-0.762	0.786			AT3G20770	0.0	0.033	0.036	0.003	0.795
2way	6	-0.762	0.786			AT3G23220	0.0	0.01	0.024	0.013	0.795
2way	6	-0.762	0.786			AT3G30210	0.0	0.026	0.036	0.011	0.795
2way	6	0.342	0.461			AT2G18350	0.0	0.038	0.046	0.008	0.796
2way	6	0.342	0.461			AT3G18990	0.0	0.047	0.039	-0.009	0.801
2way	6	0.342	0.461			AT4G38620	0.0	0.006	0.006	0.0	0.801
2way	6	0.342	0.461			AT1G26960	0.0	0.041	0.047	0.006	0.803
2way	6	0.342	0.461			AT2G20110	0.0	0.055	0.051	-0.005	0.803
2way	6	-0.762	0.786			AT1G12260	0.0	0.018	0.028	0.009	0.806
2way	6	-0.762	0.786			AT1G34370	0.0	0.022	0.03	0.007	0.806
2way	6	-0.762	0.786			AT1G79180	0.0	0.029	0.035	0.006	0.806
2way	6	-0.762	0.786			AT3G06740	0.0	0.031	0.029	-0.002	0.806
2way	6	-0.762	0.786			AT3G13810	0.0	0.023	0.019	-0.004	0.806
2way	6	-0.762	0.786			AT4G22070	0.0	0.069	0.086	0.017	0.806
2way	6	0.342	0.461			AT3G01530	0.0	0.049	0.042	-0.007	0.808
2way	6	0.342	0.461			AT1G14687	0.0	0.041	0.047	0.006	0.81
2way	6	0.342	0.461			AT1G14580	0.0	0.016	0.011	-0.004	0.812
2way	6	0.342	0.461			AT1G32870	0.0	0.047	0.056	0.009	0.812
2way	6	0.342	0.461			AT5G06839	0.0	0.062	0.054	-0.007	0.812
2way	6	0.342	0.461			AT2G45410	-0.426	0.062	0.055	-0.007	0.813
2way	6	-0.762	0.786			AT2G38470	0.0	0.076	0.086	0.009	0.814
2way	6	-0.762	0.786			AT5G04390	0.0	0.034	0.043	0.009	0.815
2way	6	-0.762	0.786			AT5G63260	0.0	0.043	0.033	-0.01	0.815
2way	6	-0.762	0.786			AT5G66730	0.0	0.03	0.022	-0.009	0.815
2way	6	0.342	0.461			AT4G28500	0.0	0.058	0.051	-0.006	0.815
2way	6	0.342	0.461			AT3G03200	0.0	0.061	0.054	-0.007	0.817
2way	6	-0.762	0.786			AT1G26960	0.0	0.026	0.016	-0.01	0.82
2way	6	-0.762	0.786			AT2G01940	0.0	0.037	0.043	0.007	0.82
2way	6	-0.762	0.786			AT2G46680	-0.002	0.084	0.095	0.011	0.82
2way	6	0.342	0.461			AT3G58630	0.0	0.015	0.012	-0.003	0.821
2way	6	0.342	0.461			AT1G64620	0.0	0.066	0.073	0.007	0.822
2way	6	0.342	0.461			AT5G63260	0.0	0.058	0.065	0.007	0.822
2way	6	-0.762	0.786			AT2G18350	0.0	0.032	0.022	-0.01	0.823
2way	6	-0.762	0.786			AT3G10113	0.0	0.027	0.04	0.013	0.823
2way	6	-0.762	0.786			AT3G28920	0.0	0.034	0.024	-0.01	0.823
2way	6	-0.762	0.786			AT3G49530	0.285	0.099	0.086	-0.014	0.823
2way	6	-0.762	0.786			AT3G52440	0.0	0.034	0.044	0.01	0.823
2way	6	-0.762	0.786			AT4G14770	0.0	0.036	0.046	0.01	0.823
2way	6	-0.762	0.786			AT4G23550	0.0	0.035	0.041	0.005	0.826
2way	6	-0.762	0.786			AT5G65130	0.0	0.04	0.034	-0.006	0.826
2way	6	0.342	0.461			AT2G46130	0.0	0.014	0.018	0.004	0.829
2way	6	-0.762	0.786			AT1G69490	0.0	0.044	0.052	0.009	0.831
2way	6	-0.762	0.786			AT2G02540	0.0	0.036	0.046	0.01	0.831
2way	6	-0.762	0.786			AT2G20110	0.0	0.046	0.039	-0.006	0.831
2way	6	-0.762	0.786			AT2G45410	0.0	0.035	0.046	0.011	0.831
2way	6	-0.762	0.786			AT3G24520	-0.384	0.039	0.05	0.011	0.831
2way	6	-0.762	0.786			AT4G38000	0.0	0.038	0.031	-0.007	0.831
2way	6	-0.762	0.786			AT1G71696	0.0	0.043	0.03	-0.013	0.832
2way	6	-0.762	0.786			AT4G01680	0.0	0.035	0.024	-0.011	0.832
2way	6	-0.762	0.786			AT4G26030	0.0	0.042	0.038	-0.003	0.832
2way	6	-0.762	0.786			AT5G18450	0.0	0.051	0.042	-0.009	0.832
2way	6	0.342	0.461			AT5G03150	0.0	0.015	0.018	0.003	0.835
2way	6	0.342	0.461			AT5G56110	-0.219	0.072	0.078	0.006	0.835
2way	6	-0.762	0.786			AT1G02230	0.0	0.03	0.04	0.01	0.837
2way	6	-0.762	0.786			AT2G23340	0.0	0.038	0.036	-0.002	0.837
2way	6	-0.762	0.786			AT5G54230	0.0	0.038	0.03	-0.008	0.837
2way	6	-0.762	0.786			AT3G02940	0.0	0.044	0.034	-0.009	0.838
2way	6	-0.762	0.786			AT1G50640	0.0	0.05	0.064	0.014	0.842
2way	6	-0.762	0.786			AT1G52880	0.0	0.052	0.061	0.009	0.842
2way	6	-0.762	0.786			AT5G13180	0.0	0.041	0.053	0.012	0.842
2way	6	-0.762	0.786			AT5G39610	0.0	0.036	0.045	0.009	0.842
2way	6	0.342	0.461			AT1G53230	0.0	0.022	0.015	-0.006	0.842
2way	6	0.342	0.461			AT4G34590	0.0	0.012	0.01	-0.002	0.842
2way	6	-0.762	0.786			AT2G24430	0.0	0.054	0.047	-0.007	0.846
2way	6	-0.762	0.786			AT4G01280	0.0	0.046	0.055	0.009	0.847
2way	6	-0.762	0.786			AT4G17980	0.0	0.038	0.046	0.008	0.847
2way	6	-0.762	0.786			AT1G22810	0.0	0.037	0.045	0.008	0.849
2way	6	-0.762	0.786			AT2G22540	0.0	0.03	0.042	0.013	0.849
2way	6	-0.762	0.786			AT1G01060	0.0	0.05	0.062	0.011	0.852
2way	6	-0.762	0.786			AT1G34180	0.0	0.064	0.066	0.003	0.852
2way	6	-0.762	0.786			AT3G01530	0.0	0.044	0.054	0.01	0.852
2way	6	-0.762	0.786			AT4G34410	0.0	0.059	0.067	0.008	0.852
2way	6	-0.762	0.786			AT3G15270	0.0	0.061	0.051	-0.01	0.856
2way	6	-0.762	0.786			AT5G04410	0.0	0.045	0.053	0.008	0.856
2way	6	0.342	0.461			AT5G13790	0.0	0.022	0.018	-0.004	0.856
2way	6	-0.762	0.786			AT2G04038	0.0	0.064	0.056	-0.008	0.859
2way	6	0.342	0.461			AT5G46590	0.0	0.021	0.025	0.003	0.864
2way	6	-0.762	0.786			AT5G11260	0.0	0.082	0.073	-0.008	0.866
2way	6	-0.762	0.786			AT5G15830	0.0	0.078	0.075	-0.004	0.866
2way	6	0.342	0.461			AT1G20980	0.0	0.023	0.021	-0.001	0.867
2way	6	0.342	0.461			AT1G04880	0.0	0.019	0.021	0.002	0.873
2way	6	0.342	0.461			AT1G27730	0.0	0.069	0.066	-0.004	0.873
2way	6	0.342	0.461			AT4G06746	-0.43	0.069	0.066	-0.004	0.873
2way	6	-0.762	0.786			AT1G69010	0.0	0.088	0.077	-0.011	0.874
2way	6	-0.762	0.786			AT1G53170	0.0	0.091	0.081	-0.009	0.875
2way	6	-0.762	0.786			AT3G20310	0.0	0.089	0.095	0.006	0.876
2way	6	0.342	0.461			AT1G74480	0.0	0.029	0.024	-0.004	0.883
2way	6	0.342	0.461			AT1G72740	0.0	0.027	0.033	0.005	0.885
2way	6	0.342	0.461			AT2G26960	0.0	0.034	0.031	-0.003	0.885
2way	6	0.342	0.461			AT3G06740	0.0	0.041	0.037	-0.004	0.885
2way	6	0.342	0.461			AT5G58900	-0.198	0.037	0.038	0.001	0.885
2way	6	0.342	0.461			AT5G62000	-0.098	0.041	0.038	-0.003	0.887
2way	6	0.342	0.461			AT1G31140	-0.399	0.038	0.037	-0.001	0.889
2way	6	0.342	0.461			AT1G69490	0.0	0.035	0.032	-0.003	0.89
2way	6	0.342	0.461			AT1G47655	0.0	0.035	0.034	-0.001	0.892
2way	6	0.342	0.461			AT2G32460	0.0	0.029	0.035	0.006	0.892
2way	6	0.342	0.461			AT3G27785	0.0	0.037	0.038	0.001	0.892
2way	6	0.342	0.461			AT5G66730	0.0	0.038	0.04	0.003	0.892
2way	6	0.342	0.461			AT1G52880	-0.052	0.037	0.04	0.003	0.894
2way	6	0.342	0.461			AT2G02080	0.0	0.043	0.04	-0.003	0.895
2way	6	0.342	0.461			AT3G08500	-0.025	0.035	0.033	-0.003	0.896
2way	6	0.342	0.461			AT3G47500	0.0	0.05	0.047	-0.003	0.898
2way	6	0.342	0.461			AT2G24430	0.0	0.034	0.038	0.004	0.899
2way	6	0.342	0.461			AT3G50060	0.0	0.122	0.118	-0.004	0.901
2way	6	0.342	0.461			AT4G18770	-0.096	0.047	0.043	-0.004	0.901
2way	6	0.342	0.461			AT3G11440	0.0	0.044	0.045	0.001	0.903
2way	6	0.342	0.461			AT1G34190	0.0	0.054	0.05	-0.004	0.904
2way	6	0.342	0.461			AT1G01720	-0.005	0.047	0.05	0.002	0.905
2way	6	0.342	0.461			AT5G65210	0.0	0.058	0.055	-0.003	0.906
2way	6	0.342	0.461			AT1G65910	0.0	0.054	0.05	-0.004	0.907
2way	6	0.342	0.461			AT3G10480	0.0	0.057	0.059	0.002	0.907
2way	6	0.342	0.461			AT3G45610	0.0	0.056	0.055	-0.001	0.907
2way	6	0.342	0.461			AT1G34180	0.0	0.058	0.056	-0.003	0.909
2way	6	0.342	0.461			AT3G02940	0.0	0.079	0.076	-0.003	0.917
2way	6	-0.762	0.786			AT1G01250	0.0	0.008	0.0	-0.008	1.0
2way	6	-0.762	0.786			AT1G01720	0.0	0.056	0.052	-0.004	1.0
2way	6	-0.762	0.786			AT1G02250	0.0	0.045	0.048	0.004	1.0
2way	6	-0.762	0.786			AT1G03800	0.0	0.085	0.086	0.001	1.0
2way	6	-0.762	0.786			AT1G06180	0.0	0.037	0.036	-0.001	1.0
2way	6	-0.762	0.786			AT1G06850	0.0	0.008	0.014	0.006	1.0
2way	6	-0.762	0.786			AT1G12610	0.0	0.017	0.019	0.002	1.0
2way	6	-0.762	0.786			AT1G14580	0.0	0.008	0.007	-0.001	1.0
2way	6	-0.762	0.786			AT1G16490	0.0	0.053	0.051	-0.002	1.0
2way	6	-0.762	0.786			AT1G17950	0.0	0.0	0.0	-0.0	1.0
2way	6	-0.762	0.786			AT1G18330	0.0	0.045	0.047	0.001	1.0
2way	6	-0.762	0.786			AT1G19040	0.0	0.01	0.011	0.001	1.0
2way	6	-0.762	0.786			AT1G27360	0.0	0.001	0.002	0.001	1.0
2way	6	-0.762	0.786			AT1G28370	0.0	0.064	0.07	0.006	1.0
2way	6	-0.762	0.786			AT1G30210	0.0	0.0	0.002	0.002	1.0
2way	6	-0.762	0.786			AT1G32150	0.0	0.091	0.09	-0.001	1.0
2way	6	-0.762	0.786			AT1G32240	0.0	0.004	0.001	-0.003	1.0
2way	6	-0.762	0.786			AT1G32510	0.0	0.002	0.003	0.001	1.0
2way	6	-0.762	0.786			AT1G33240	0.0	0.043	0.037	-0.005	1.0
2way	6	-0.762	0.786			AT1G34190	0.0	0.08	0.085	0.005	1.0
2way	6	-0.762	0.786			AT1G34670	0.0	0.033	0.031	-0.002	1.0
2way	6	-0.762	0.786			AT1G36060	0.0	0.025	0.022	-0.004	1.0
2way	6	-0.762	0.786			AT1G43700	0.0	0.0	0.001	0.001	1.0
2way	6	-0.762	0.786			AT1G45249	0.0	0.045	0.046	0.001	1.0
2way	6	-0.762	0.786			AT1G46264	0.0	0.002	0.0	-0.002	1.0
2way	6	-0.762	0.786			AT1G47870	0.0	0.0	0.0	-0.0	1.0
2way	6	-0.762	0.786			AT1G51600	0.0	0.007	0.0	-0.007	1.0
2way	6	-0.762	0.786			AT1G53230	0.0	0.008	0.007	-0.002	1.0
2way	6	-0.762	0.786			AT1G55110	0.0	0.024	0.03	0.006	1.0
2way	6	-0.762	0.786			AT1G60920	0.0	0.0	0.001	0.001	1.0
2way	6	-0.762	0.786			AT1G62300	0.0	0.038	0.042	0.003	1.0
2way	6	-0.762	0.786			AT1G63030	0.0	0.002	0.0	-0.002	1.0
2way	6	-0.762	0.786			AT1G63040	0.0	0.0	0.001	0.001	1.0
2way	6	-0.762	0.786			AT1G64620	0.0	0.028	0.026	-0.002	1.0
2way	6	-0.762	0.786			AT1G65620	0.0	0.0	0.005	0.005	1.0
2way	6	-0.762	0.786			AT1G66370	0.0	0.007	0.004	-0.003	1.0
2way	6	-0.762	0.786			AT1G66420	0.0	0.0	0.0	-0.0	1.0
2way	6	-0.762	0.786			AT1G67260	0.0	0.001	0.0	-0.001	1.0
2way	6	-0.762	0.786			AT1G70910	0.0	0.0	0.0	-0.0	1.0
2way	6	-0.762	0.786			AT1G73730	0.0	0.0	0.0	-0.0	1.0
2way	6	-0.762	0.786			AT1G75240	0.0	0.036	0.034	-0.002	1.0
2way	6	-0.762	0.786			AT1G76880	0.0	0.005	0.002	-0.003	1.0
2way	6	-0.762	0.786			AT1G76890	0.0	0.035	0.033	-0.001	1.0
2way	6	-0.762	0.786			AT1G77640	0.0	0.005	0.009	0.005	1.0
2way	6	-0.762	0.786			AT2G01818	0.0	0.013	0.016	0.004	1.0
2way	6	-0.762	0.786			AT2G01930	0.0	0.037	0.036	-0.001	1.0
2way	6	-0.762	0.786			AT2G17410	0.0	0.0	0.001	0.001	1.0
2way	6	-0.762	0.786			AT2G17900	0.0	0.0	0.0	-0.0	1.0
2way	6	-0.762	0.786			AT2G18160	0.0	0.062	0.057	-0.005	1.0
2way	6	-0.762	0.786			AT2G21900	0.0	0.0	0.0	-0.0	1.0
2way	6	-0.762	0.786			AT2G22430	0.0	0.028	0.027	-0.001	1.0
2way	6	-0.762	0.786			AT2G28810	0.0	0.029	0.029	0.0	1.0
2way	6	-0.762	0.786			AT2G31460	0.0	0.003	0.0	-0.003	1.0
2way	6	-0.762	0.786			AT2G33550	0.0	0.035	0.032	-0.003	1.0
2way	6	-0.762	0.786			AT2G33810	0.0	0.014	0.017	0.003	1.0
2way	6	-0.762	0.786			AT2G36270	0.0	0.075	0.075	0.0	1.0
2way	6	-0.762	0.786			AT2G38090	0.0	0.0	0.0	-0.0	1.0
2way	6	-0.762	0.786			AT2G38300	0.0	0.005	0.008	0.003	1.0
2way	6	-0.762	0.786			AT2G38880	0.0	0.006	0.0	-0.006	1.0
2way	6	-0.762	0.786			AT2G39900	0.0	0.0	0.0	-0.0	1.0
2way	6	-0.762	0.786			AT2G40740	0.0	0.035	0.037	0.003	1.0
2way	6	-0.762	0.786			AT2G41690	0.0	0.005	0.008	0.003	1.0
2way	6	-0.762	0.786			AT2G41835	0.0	0.0	0.0	-0.0	1.0
2way	6	-0.762	0.786			AT2G42590	0.0	0.003	0.002	-0.001	1.0
2way	6	-0.762	0.786			AT2G45650	0.0	0.003	0.004	0.001	1.0
2way	6	-0.762	0.786			AT2G45680	0.0	0.006	0.0	-0.006	1.0
2way	6	-0.762	0.786			AT2G46400	0.0	0.008	0.0	-0.008	1.0
2way	6	-0.762	0.786			AT2G46770	0.0	0.02	0.025	0.005	1.0
2way	6	-0.762	0.786			AT2G48100	0.0	0.0	0.0	-0.0	1.0
2way	6	-0.762	0.786			AT3G03660	0.0	0.0	0.0	-0.0	1.0
2way	6	-0.762	0.786			AT3G07220	0.0	0.0	0.001	0.001	1.0
2way	6	-0.762	0.786			AT3G09230	0.0	0.002	0.0	-0.002	1.0
2way	6	-0.762	0.786			AT3G11280	0.0	0.013	0.009	-0.004	1.0
2way	6	-0.762	0.786			AT3G12720	0.0	0.037	0.042	0.005	1.0
2way	6	-0.762	0.786			AT3G12820	0.0	0.022	0.017	-0.004	1.0
2way	6	-0.762	0.786			AT3G12910	0.0	0.0	0.0	0.0	1.0
2way	6	-0.762	0.786			AT3G15170	0.0	0.01	0.014	0.004	1.0
2way	6	-0.762	0.786			AT3G15210	0.0	0.084	0.083	-0.001	1.0
2way	6	-0.762	0.786			AT3G20840	0.0	0.005	0.007	0.001	1.0
2way	6	-0.762	0.786			AT3G21175	0.0	0.024	0.019	-0.004	1.0
2way	6	-0.762	0.786			AT3G22780	0.0	0.0	0.0	-0.0	1.0
2way	6	-0.762	0.786			AT3G24050	0.0	0.006	0.008	0.002	1.0
2way	6	-0.762	0.786			AT3G27010	0.0	0.005	0.007	0.002	1.0
2way	6	-0.762	0.786			AT3G44480	0.0	0.032	0.026	-0.006	1.0
2way	6	-0.762	0.786			AT3G45170	0.0	0.0	0.0	-0.0	1.0
2way	6	-0.762	0.786			AT3G46070	0.0	0.0	0.0	-0.0	1.0
2way	6	-0.762	0.786			AT3G47500	0.0	0.028	0.029	0.001	1.0
2way	6	-0.762	0.786			AT3G47600	0.0	0.006	0.007	0.001	1.0
2way	6	-0.762	0.786			AT3G47620	0.0	0.0	0.0	-0.0	1.0
2way	6	-0.762	0.786			AT3G48160	0.0	0.003	0.0	-0.003	1.0
2way	6	-0.762	0.786			AT3G49930	0.0	0.0	0.0	-0.0	1.0
2way	6	-0.762	0.786			AT3G50410	0.0	0.02	0.018	-0.003	1.0
2way	6	-0.762	0.786			AT3G51470	0.0	0.003	0.007	0.004	1.0
2way	6	-0.762	0.786			AT3G53200	0.0	0.037	0.038	0.002	1.0
2way	6	-0.762	0.786			AT3G55370	0.0	0.026	0.025	-0.001	1.0
2way	6	-0.762	0.786			AT3G56850	0.0	0.066	0.066	0.001	1.0
2way	6	-0.762	0.786			AT3G61120	0.0	0.0	0.0	-0.0	1.0
2way	6	-0.762	0.786			AT4G01720	0.0	0.004	0.001	-0.002	1.0
2way	6	-0.762	0.786			AT4G04450	0.0	0.004	0.001	-0.003	1.0
2way	6	-0.762	0.786			AT4G10350	0.0	0.019	0.021	0.002	1.0
2way	6	-0.762	0.786			AT4G12670	0.0	0.0	0.0	-0.0	1.0
2way	6	-0.762	0.786			AT4G16750	0.0	0.053	0.054	0.001	1.0
2way	6	-0.762	0.786			AT4G17460	0.0	0.008	0.0	-0.008	1.0
2way	6	-0.762	0.786			AT4G18170	0.0	0.032	0.028	-0.003	1.0
2way	6	-0.762	0.786			AT4G18450	0.0	0.005	0.01	0.005	1.0
2way	6	-0.762	0.786			AT4G18890	0.0	0.017	0.009	-0.007	1.0
2way	6	-0.762	0.786			AT4G24020	0.0	0.008	0.004	-0.004	1.0
2way	6	-0.762	0.786			AT4G24240	0.0	0.0	0.0	-0.0	1.0
2way	6	-0.762	0.786			AT4G28110	0.0	0.008	0.01	0.002	1.0
2way	6	-0.762	0.786			AT4G36620	0.0	0.007	0.0	-0.007	1.0
2way	6	-0.762	0.786			AT4G37180	0.0	0.038	0.031	-0.007	1.0
2way	6	-0.762	0.786			AT4G38620	0.0	0.003	0.003	-0.001	1.0
2way	6	-0.762	0.786			AT4G38910	0.0	0.004	0.0	-0.004	1.0
2way	6	-0.762	0.786			AT5G03150	0.0	0.009	0.01	0.001	1.0
2way	6	-0.762	0.786			AT5G05550	0.0	0.072	0.074	0.002	1.0
2way	6	-0.762	0.786			AT5G07100	0.0	0.038	0.038	-0.0	1.0
2way	6	-0.762	0.786			AT5G07680	0.0	0.0	0.002	0.002	1.0
2way	6	-0.762	0.786			AT5G08070	0.0	0.0	0.0	-0.0	1.0
2way	6	-0.762	0.786			AT5G10140	0.0	0.0	0.001	0.001	1.0
2way	6	-0.762	0.786			AT5G10280	0.0	0.012	0.011	-0.002	1.0
2way	6	-0.762	0.786			AT5G10510	0.0	0.004	0.008	0.005	1.0
2way	6	-0.762	0.786			AT5G13910	0.0	0.006	0.005	-0.001	1.0
2way	6	-0.762	0.786			AT5G14340	0.0	0.004	0.006	0.002	1.0
2way	6	-0.762	0.786			AT5G16600	0.0	0.004	0.002	-0.001	1.0
2way	6	-0.762	0.786			AT5G16820	0.0	0.052	0.047	-0.006	1.0
2way	6	-0.762	0.786			AT5G17300	0.0	0.153	0.152	-0.0	1.0
2way	6	-0.762	0.786			AT5G18090	0.0	0.004	0.003	-0.001	1.0
2way	6	-0.762	0.786			AT5G22500	0.0	0.023	0.017	-0.006	1.0
2way	6	-0.762	0.786			AT5G22990	0.0	0.047	0.054	0.007	1.0
2way	6	-0.762	0.786			AT5G25390	0.0	0.009	0.012	0.003	1.0
2way	6	-0.762	0.786			AT5G25475	0.0	0.001	0.005	0.004	1.0
2way	6	-0.762	0.786			AT5G40330	0.0	0.005	0.005	-0.0	1.0
2way	6	-0.762	0.786			AT5G41570	0.0	0.045	0.053	0.008	1.0
2way	6	-0.762	0.786			AT5G42520	0.0	0.0	0.0	-0.0	1.0
2way	6	-0.762	0.786			AT5G47660	0.0	0.02	0.022	0.001	1.0
2way	6	-0.762	0.786			AT5G48670	0.0	0.0	0.0	-0.0	1.0
2way	6	-0.762	0.786			AT5G49300	0.0	0.008	0.0	-0.008	1.0
2way	6	-0.762	0.786			AT5G50570	0.0	0.013	0.012	-0.001	1.0
2way	6	-0.762	0.786			AT5G52170	0.0	0.002	0.0	-0.002	1.0
2way	6	-0.762	0.786			AT5G56930	0.0	0.0	0.0	-0.0	1.0
2way	6	-0.762	0.786			AT5G58620	0.0	0.001	0.0	-0.001	1.0
2way	6	-0.762	0.786			AT5G60130	0.0	0.022	0.022	-0.001	1.0
2way	6	-0.762	0.786			AT5G61270	0.0	0.007	0.007	0.0	1.0
2way	6	-0.762	0.786			AT5G62165	0.0	0.0	0.0	-0.0	1.0
2way	6	-0.762	0.786			AT5G64060	0.0	0.122	0.124	0.002	1.0
2way	6	-0.762	0.786			AT5G65410	0.0	0.035	0.034	-0.001	1.0
2way	6	-0.762	0.786			AT5G65510	0.0	0.016	0.013	-0.004	1.0
2way	6	-0.762	0.786			AT5G66700	0.0	0.036	0.029	-0.007	1.0
2way	6	-0.762	0.786			AT5G66940	0.0	0.027	0.025	-0.002	1.0
2way	6	-0.762	0.786			AT5G67000	0.0	0.0	0.001	0.001	1.0
2way	6	-0.762	0.786			AT5G67580	0.0	0.041	0.036	-0.005	1.0
2way	6	0.342	0.461			AT1G01060	-0.239	0.062	0.061	-0.001	1.0
2way	6	0.342	0.461			AT1G13260	0.0	0.05	0.052	0.003	1.0
2way	6	0.342	0.461			AT1G17950	0.0	0.0	0.001	0.001	1.0
2way	6	0.342	0.461			AT1G18960	0.0	0.0	0.001	0.001	1.0
2way	6	0.342	0.461			AT1G27360	0.0	0.001	0.001	-0.0	1.0
2way	6	0.342	0.461			AT1G32510	0.0	0.002	0.002	0.001	1.0
2way	6	0.342	0.461			AT1G34670	-0.29	0.065	0.064	-0.002	1.0
2way	6	0.342	0.461			AT1G47870	0.0	0.0	0.001	0.001	1.0
2way	6	0.342	0.461			AT1G51220	0.0	0.043	0.043	-0.0	1.0
2way	6	0.342	0.461			AT1G60920	0.0	0.0	0.002	0.002	1.0
2way	6	0.342	0.461			AT1G63040	0.0	0.0	0.0	0.0	1.0
2way	6	0.342	0.461			AT1G66420	0.0	0.0	0.0	-0.0	1.0
2way	6	0.342	0.461			AT1G67260	0.0	0.0	0.0	-0.0	1.0
2way	6	0.342	0.461			AT1G68320	0.0	0.04	0.042	0.001	1.0
2way	6	0.342	0.461			AT1G69560	0.0	0.005	0.007	0.002	1.0
2way	6	0.342	0.461			AT1G71696	0.0	0.038	0.039	0.001	1.0
2way	6	0.342	0.461			AT1G74370	0.0	0.0	0.0	-0.0	1.0
2way	6	0.342	0.461			AT1G74840	0.0	0.036	0.033	-0.003	1.0
2way	6	0.342	0.461			AT1G75240	0.0	0.06	0.059	-0.001	1.0
2way	6	0.342	0.461			AT1G76420	-0.241	0.042	0.043	0.0	1.0
2way	6	0.342	0.461			AT2G06200	0.0	0.022	0.022	0.0	1.0
2way	6	0.342	0.461			AT2G17900	0.0	0.002	0.001	-0.001	1.0
2way	6	0.342	0.461			AT2G21900	0.0	0.003	0.002	-0.001	1.0
2way	6	0.342	0.461			AT2G23290	0.0	0.051	0.051	-0.0	1.0
2way	6	0.342	0.461			AT2G24570	0.0	0.004	0.003	-0.001	1.0
2way	6	0.342	0.461			AT2G28920	0.0	0.02	0.017	-0.003	1.0
2way	6	0.342	0.461			AT2G31460	0.0	0.0	0.0	-0.0	1.0
2way	6	0.342	0.461			AT2G38090	0.0	0.0	0.001	0.001	1.0
2way	6	0.342	0.461			AT2G41835	0.0	0.001	0.0	-0.001	1.0
2way	6	0.342	0.461			AT2G46400	0.0	0.003	0.003	-0.0	1.0
2way	6	0.342	0.461			AT2G47070	0.0	0.045	0.045	-0.001	1.0
2way	6	0.342	0.461			AT2G48100	0.0	0.0	0.0	-0.0	1.0
2way	6	0.342	0.461			AT3G09230	0.0	0.002	0.0	-0.002	1.0
2way	6	0.342	0.461			AT3G13040	0.0	0.002	0.0	-0.002	1.0
2way	6	0.342	0.461			AT3G15270	0.0	0.065	0.064	-0.001	1.0
2way	6	0.342	0.461			AT3G26620	0.0	0.031	0.033	0.002	1.0
2way	6	0.342	0.461			AT3G48160	0.0	0.003	0.002	-0.001	1.0
2way	6	0.342	0.461			AT4G12670	0.0	0.0	0.0	0.0	1.0
2way	6	0.342	0.461			AT4G14410	0.0	0.0	0.0	-0.0	1.0
2way	6	0.342	0.461			AT4G24240	0.0	0.0	0.0	-0.0	1.0
2way	6	0.342	0.461			AT4G28110	0.0	0.01	0.01	-0.0	1.0
2way	6	0.342	0.461			AT4G28140	0.0	0.014	0.011	-0.003	1.0
2way	6	0.342	0.461			AT4G36620	0.0	0.0	0.003	0.003	1.0
2way	6	0.342	0.461			AT4G37260	0.0	0.119	0.121	0.002	1.0
2way	6	0.342	0.461			AT4G37790	0.0	0.0	0.002	0.002	1.0
2way	6	0.342	0.461			AT5G06100	0.0	0.044	0.043	-0.001	1.0
2way	6	0.342	0.461			AT5G10510	0.0	0.001	0.003	0.003	1.0
2way	6	0.342	0.461			AT5G13180	-0.517	0.047	0.048	0.001	1.0
2way	6	0.342	0.461			AT5G16600	0.0	0.004	0.003	-0.002	1.0
2way	6	0.342	0.461			AT5G17300	0.0	0.149	0.151	0.002	1.0
2way	6	0.342	0.461			AT5G17800	0.0	0.036	0.038	0.002	1.0
2way	6	0.342	0.461			AT5G38800	0.0	0.0	0.0	-0.0	1.0
2way	6	0.342	0.461			AT5G40330	0.0	0.001	0.003	0.002	1.0
2way	6	0.342	0.461			AT5G42520	0.0	0.0	0.0	0.0	1.0
2way	6	0.342	0.461			AT5G44160	0.0	0.007	0.009	0.002	1.0
2way	6	0.342	0.461			AT5G48670	0.0	0.002	0.001	-0.001	1.0
2way	6	0.342	0.461			AT5G49300	0.0	0.0	0.0	-0.0	1.0
2way	6	0.342	0.461			AT5G53950	-0.169	0.021	0.019	-0.002	1.0
2way	6	0.342	0.461			AT5G56930	0.0	0.005	0.006	0.001	1.0
2way	6	0.342	0.461			AT5G58850	0.0	0.06	0.061	0.001	1.0
2way	6	0.342	0.461			AT5G59990	0.0	0.008	0.008	0.0	1.0
2way	6	0.342	0.461			AT5G60130	0.0	0.04	0.042	0.002	1.0
2way	6	0.342	0.461			AT5G60850	0.026	0.07	0.071	0.002	1.0
2way	6	0.342	0.461			AT5G61270	0.0	0.0	0.0	-0.0	1.0
2way	6	0.342	0.461			AT5G62165	0.0	0.001	0.0	-0.001	1.0
2way	6	0.342	0.461			AT5G65510	0.0	0.019	0.019	-0.0	1.0
2way	8	0.465	0.342			AT4G11660	-1.796	0.022	0.205	0.183	1.03e-07
2way	8	0.465	0.342			AT4G22070	0.441	0.235	0.033	-0.202	1.39e-06
2way	8	0.465	0.342			AT4G31800	0.697	0.328	0.09	-0.238	1.83e-06
2way	8	0.465	0.342			AT5G26170	0.61	0.268	0.082	-0.186	4.94e-05
2way	8	0.465	0.342			AT2G38470	0.0	0.279	0.098	-0.18	0.000144
2way	8	0.465	0.342			AT5G13080	0.0	0.273	0.123	-0.15	0.00165
2way	8	0.465	0.342			AT3G22830	-0.087	0.071	0.189	0.117	0.00217
2way	8	0.465	0.342			AT5G64060	0.507	0.219	0.09	-0.128	0.00445
2way	8	0.465	0.342			AT2G40740	1.699	0.139	0.014	-0.125	0.00949
2way	8	0.465	0.342			AT5G43840	0.0	0.0	0.042	0.042	0.017
2way	8	0.465	0.342			AT5G16820	-0.072	0.03	0.122	0.092	0.019
2way	8	0.465	0.342			AT5G07100	0.0	0.044	0.0	-0.044	0.024
2way	8	0.465	0.342			AT3G09735	0.0	0.023	0.115	0.092	0.027
2way	8	0.465	0.342			AT2G01818	0.0	0.001	0.063	0.062	0.029
2way	8	0.465	0.342			AT1G62300	0.0	0.113	0.016	-0.098	0.03
2way	8	0.465	0.342			AT4G06746	0.0	0.038	0.107	0.068	0.031
2way	8	0.465	0.342			AT2G30250	0.0	0.138	0.037	-0.101	0.037
2way	8	0.465	0.342			AT3G24520	0.0	0.041	0.126	0.085	0.037
2way	8	0.465	0.342			AT5G25830	-0.057	0.012	0.07	0.058	0.04
2way	8	0.465	0.342			AT4G01250	0.0	0.148	0.066	-0.082	0.042
2way	8	0.465	0.342			AT1G80840	0.0	0.038	0.0	-0.038	0.044
2way	8	0.465	0.342			AT3G02990	0.0	0.0	0.034	0.034	0.044
2way	8	0.465	0.342			AT2G18380	-1.236	0.027	0.098	0.071	0.048
2way	8	0.465	0.342			AT4G18170	0.0	0.121	0.032	-0.089	0.055
2way	8	0.465	0.342			AT5G24110	0.0	0.085	0.009	-0.076	0.062
2way	8	0.465	0.342			AT1G30650	0.0	0.101	0.02	-0.081	0.063
2way	8	0.465	0.342			AT4G25490	-1.482	0.027	0.099	0.072	0.064
2way	8	0.465	0.342			AT1G23810	0.0	0.0	0.024	0.024	0.085
2way	8	0.465	0.342			AT2G35700	0.0	0.019	0.077	0.057	0.086
2way	8	0.465	0.342			AT5G15830	-1.117	0.02	0.087	0.066	0.095
2way	8	0.465	0.342			AT1G27730	0.0	0.087	0.033	-0.055	0.096
2way	8	0.465	0.342			AT3G24050	0.0	0.011	0.058	0.047	0.096
2way	8	0.465	0.342			AT1G29860	0.0	0.113	0.035	-0.078	0.101
2way	8	0.465	0.342			AT3G42860	0.0	0.06	0.004	-0.056	0.101
2way	8	0.465	0.342			AT5G41570	0.0	0.107	0.029	-0.078	0.105
2way	8	0.465	0.342			AT3G49530	0.719	0.186	0.115	-0.071	0.11
2way	8	0.465	0.342			AT5G54230	-1.294	0.035	0.103	0.068	0.111
2way	8	0.465	0.342			AT3G60530	0.0	0.006	0.04	0.034	0.123
2way	8	0.465	0.342			AT3G02940	-0.836	0.049	0.115	0.066	0.125
2way	8	0.465	0.342			AT4G25480	-0.056	0.036	0.107	0.071	0.125
2way	8	0.465	0.342			AT3G01970	0.0	0.095	0.031	-0.065	0.131
2way	8	0.465	0.342			AT5G56110	-0.367	0.052	0.117	0.065	0.139
2way	8	0.465	0.342			AT1G29280	0.0	0.101	0.033	-0.068	0.144
2way	8	0.465	0.342			AT5G52830	0.0	0.083	0.022	-0.061	0.146
2way	8	0.465	0.342			AT4G23550	0.0	0.091	0.03	-0.061	0.149
2way	8	0.465	0.342			AT2G42430	-0.083	0.019	0.063	0.044	0.15
2way	8	0.465	0.342			AT2G15660	0.0	0.001	0.027	0.026	0.151
2way	8	0.465	0.342			AT2G46680	-0.576	0.071	0.123	0.052	0.156
2way	8	0.465	0.342			AT1G21910	0.0	0.0	0.016	0.016	0.159
2way	8	0.465	0.342			AT1G46264	0.0	0.0	0.011	0.011	0.159
2way	8	0.465	0.342			AT2G23320	0.0	0.114	0.045	-0.069	0.159
2way	8	0.465	0.342			AT5G47230	0.936	0.027	0.0	-0.027	0.161
2way	8	0.465	0.342			AT2G41690	0.0	0.003	0.028	0.026	0.164
2way	8	0.465	0.342			AT5G66300	-1.345	0.01	0.046	0.036	0.165
2way	8	0.465	0.342			AT3G62420	0.0	0.023	0.08	0.057	0.183
2way	8	0.465	0.342			AT1G25580	0.0	0.074	0.025	-0.049	0.188
2way	8	0.465	0.342			AT3G50060	-0.262	0.098	0.148	0.049	0.208
2way	8	0.465	0.342			AT4G31550	0.0	0.024	0.0	-0.024	0.21
2way	8	0.465	0.342			AT2G18160	0.0	0.018	0.066	0.048	0.216
2way	8	0.465	0.342			AT1G12630	0.0	0.033	0.076	0.043	0.225
2way	8	0.465	0.342			AT3G52440	0.698	0.102	0.053	-0.049	0.227
2way	8	0.465	0.342			AT3G10580	0.0	0.019	0.055	0.036	0.231
2way	8	0.465	0.342			AT1G34670	0.0	0.044	0.093	0.049	0.24
2way	8	0.465	0.342			AT5G51990	0.0	0.041	0.09	0.048	0.256
2way	8	0.465	0.342			AT1G12610	0.0	0.013	0.046	0.033	0.261
2way	8	0.465	0.342			AT5G65130	0.0	0.007	0.029	0.022	0.263
2way	8	0.465	0.342			AT1G20910	-1.029	0.014	0.054	0.039	0.265
2way	8	0.465	0.342			AT3G12130	0.626	0.058	0.021	-0.037	0.265
2way	8	0.465	0.342			AT1G28470	0.616	0.094	0.047	-0.047	0.276
2way	8	0.465	0.342			AT2G04038	0.0	0.018	0.061	0.043	0.278
2way	8	0.465	0.342			AT3G03660	0.0	0.0	0.013	0.013	0.278
2way	8	0.465	0.342			AT5G52660	-0.248	0.035	0.071	0.036	0.278
2way	8	0.465	0.342			AT2G45420	0.0	0.033	0.076	0.043	0.285
2way	8	0.465	0.342			AT3G26620	-1.276	0.021	0.05	0.028	0.287
2way	8	0.465	0.342			AT5G62470	-0.059	0.038	0.066	0.027	0.293
2way	8	0.465	0.342			AT2G22540	0.0	0.039	0.077	0.038	0.294
2way	8	0.465	0.342			AT5G09410	-0.444	0.027	0.062	0.036	0.294
2way	8	0.465	0.342			AT2G46130	0.0	0.03	0.0	-0.029	0.296
2way	8	0.465	0.342			AT5G13790	0.0	0.008	0.033	0.025	0.296
2way	8	0.465	0.342			AT1G77200	0.0	0.037	0.073	0.036	0.304
2way	8	0.465	0.342			AT2G30340	0.0	0.013	0.048	0.034	0.306
2way	8	0.465	0.342			AT2G30590	0.0	0.017	0.0	-0.017	0.306
2way	8	0.465	0.342			AT3G13350	0.0	0.0	0.016	0.016	0.306
2way	8	0.465	0.342			AT1G51220	-0.49	0.028	0.066	0.038	0.312
2way	8	0.465	0.342			AT5G46350	0.0	0.044	0.011	-0.033	0.312
2way	8	0.465	0.342			AT2G35530	0.0	0.026	0.069	0.043	0.317
2way	8	0.465	0.342			AT1G02250	0.0	0.077	0.036	-0.041	0.318
2way	8	0.465	0.342			AT1G32150	0.0	0.027	0.073	0.046	0.318
2way	8	0.465	0.342			AT4G25470	0.0	0.039	0.08	0.041	0.318
2way	8	0.465	0.342			AT5G67190	0.0	0.039	0.077	0.039	0.318
2way	8	0.465	0.342			AT1G18330	0.0	0.021	0.055	0.033	0.327
2way	8	0.465	0.342			AT2G44840	0.296	0.115	0.074	-0.041	0.327
2way	8	0.465	0.342			AT1G51700	0.215	0.169	0.123	-0.046	0.328
2way	8	0.465	0.342			AT2G36270	0.0	0.034	0.07	0.036	0.34
2way	8	0.465	0.342			AT5G22990	0.0	0.056	0.099	0.043	0.34
2way	8	0.465	0.342			AT4G26640	0.0	0.056	0.018	-0.038	0.343
2way	8	0.465	0.342			AT4G14770	0.079	0.059	0.021	-0.038	0.348
2way	8	0.465	0.342			AT2G03340	0.0	0.041	0.009	-0.031	0.357
2way	8	0.465	0.342			AT4G29230	0.176	0.071	0.032	-0.039	0.359
2way	8	0.465	0.342			AT1G19210	0.0	0.066	0.109	0.043	0.366
2way	8	0.465	0.342			AT3G24120	-0.139	0.026	0.059	0.033	0.373
2way	8	0.465	0.342			AT4G17785	0.0	0.004	0.023	0.018	0.374
2way	8	0.465	0.342			AT1G69780	0.761	0.066	0.033	-0.033	0.377
2way	8	0.465	0.342			AT1G78700	0.0	0.028	0.062	0.035	0.377
2way	8	0.465	0.342			AT2G18060	0.0	0.026	0.056	0.03	0.377
2way	8	0.465	0.342			AT2G18350	-0.383	0.033	0.066	0.033	0.377
2way	8	0.465	0.342			AT5G11260	0.0	0.027	0.062	0.035	0.377
2way	8	0.465	0.342			AT4G01540	0.0	0.104	0.061	-0.042	0.385
2way	8	0.465	0.342			AT4G36780	0.0	0.025	0.06	0.035	0.387
2way	8	0.465	0.342			AT5G10280	0.0	0.006	0.026	0.02	0.387
2way	8	0.465	0.342			AT3G56850	0.0	0.021	0.057	0.036	0.398
2way	8	0.465	0.342			AT3G61150	-0.174	0.049	0.082	0.033	0.398
2way	8	0.465	0.342			AT1G69010	0.0	0.03	0.065	0.035	0.402
2way	8	0.465	0.342			AT2G45410	0.0	0.042	0.075	0.034	0.402
2way	8	0.465	0.342			AT1G28160	0.0	0.022	0.044	0.022	0.404
2way	8	0.465	0.342			AT2G44940	0.0	0.019	0.044	0.025	0.404
2way	8	0.465	0.342			AT1G14580	0.0	0.007	0.018	0.011	0.408
2way	8	0.465	0.342			AT1G63030	0.0	0.001	0.019	0.018	0.408
2way	8	0.465	0.342			AT1G75080	0.0	0.001	0.014	0.014	0.408
2way	8	0.465	0.342			AT1G77640	0.0	0.002	0.01	0.008	0.408
2way	8	0.465	0.342			AT2G02820	0.0	0.045	0.078	0.034	0.41
2way	8	0.465	0.342			AT4G01550	0.0	0.073	0.043	-0.031	0.41
2way	8	0.465	0.342			AT3G21890	-0.555	0.142	0.18	0.038	0.423
2way	8	0.465	0.342			AT3G04030	0.0	0.019	0.042	0.022	0.426
2way	8	0.465	0.342			AT5G10030	0.0	0.075	0.041	-0.033	0.436
2way	8	0.465	0.342			AT1G02230	0.0	0.093	0.056	-0.037	0.439
2way	8	0.465	0.342			AT2G40260	0.0	0.028	0.06	0.032	0.44
2way	8	0.465	0.342			AT1G44830	0.0	0.001	0.013	0.013	0.443
2way	8	0.465	0.342			AT1G47655	0.0	0.045	0.018	-0.027	0.448
2way	8	0.465	0.342			AT1G71696	0.0	0.05	0.022	-0.028	0.448
2way	8	0.465	0.342			AT1G68550	0.0	0.021	0.051	0.03	0.456
2way	8	0.465	0.342			AT1G22810	0.0	0.029	0.053	0.023	0.458
2way	8	0.465	0.342			AT2G01930	0.147	0.039	0.012	-0.026	0.458
2way	8	0.465	0.342			AT2G15740	0.0	0.033	0.059	0.026	0.458
2way	8	0.465	0.342			AT4G36740	0.0	0.052	0.024	-0.028	0.458
2way	8	0.465	0.342			AT3G47500	0.0	0.059	0.028	-0.031	0.47
2way	8	0.465	0.342			AT4G37260	0.0	0.109	0.139	0.03	0.476
2way	8	0.465	0.342			AT5G62380	0.0	0.025	0.051	0.026	0.476
2way	8	0.465	0.342			AT3G15170	0.0	0.015	0.031	0.016	0.48
2way	8	0.465	0.342			AT5G22500	0.0	0.004	0.018	0.014	0.483
2way	8	0.465	0.342			AT5G25190	-0.199	0.115	0.148	0.033	0.484
2way	8	0.465	0.342			AT3G46590	0.0	0.018	0.006	-0.012	0.492
2way	8	0.465	0.342			AT5G07680	0.0	0.004	0.021	0.017	0.492
2way	8	0.465	0.342			AT3G09600	0.0	0.042	0.069	0.027	0.494
2way	8	0.465	0.342			AT4G16750	0.0	0.041	0.071	0.03	0.494
2way	8	0.465	0.342			AT5G65310	0.0	0.071	0.045	-0.026	0.494
2way	8	0.465	0.342			AT2G22430	0.0	0.019	0.038	0.019	0.502
2way	8	0.465	0.342			AT1G26960	0.0	0.036	0.064	0.028	0.505
2way	8	0.465	0.342			AT2G43000	0.0	0.048	0.076	0.028	0.505
2way	8	0.465	0.342			AT3G45610	0.0	0.063	0.041	-0.022	0.506
2way	8	0.465	0.342			AT5G65210	0.055	0.066	0.038	-0.028	0.506
2way	8	0.465	0.342			AT1G52150	0.0	0.035	0.015	-0.02	0.508
2way	8	0.465	0.342			AT3G10500	0.0	0.069	0.045	-0.023	0.514
2way	8	0.465	0.342			AT3G12250	0.0	0.074	0.044	-0.029	0.514
2way	8	0.465	0.342			AT4G32730	0.0	0.04	0.067	0.027	0.514
2way	8	0.465	0.342			AT1G10720	0.0	0.0	0.006	0.006	0.518
2way	8	0.465	0.342			AT2G21900	0.0	0.0	0.004	0.004	0.518
2way	8	0.465	0.342			AT3G07220	0.0	0.003	0.0	-0.003	0.518
2way	8	0.465	0.342			AT3G48160	0.0	0.004	0.0	-0.003	0.518
2way	8	0.465	0.342			AT3G51470	0.0	0.003	0.0	-0.003	0.518
2way	8	0.465	0.342			AT4G04450	0.0	0.005	0.0	-0.005	0.518
2way	8	0.465	0.342			AT4G18450	0.0	0.004	0.0	-0.004	0.518
2way	8	0.465	0.342			AT4G30080	0.0	0.004	0.0	-0.004	0.518
2way	8	0.465	0.342			AT5G10140	0.0	0.001	0.006	0.005	0.518
2way	8	0.465	0.342			AT5G16600	0.0	0.001	0.005	0.004	0.518
2way	8	0.465	0.342			AT5G58620	0.0	0.0	0.007	0.007	0.518
2way	8	0.465	0.342			AT2G38340	0.0	0.142	0.172	0.03	0.519
2way	8	0.465	0.342			AT1G32870	0.0	0.066	0.041	-0.026	0.524
2way	8	0.465	0.342			AT5G04410	0.0	0.079	0.053	-0.026	0.524
2way	8	0.465	0.342			AT2G46590	0.0	0.071	0.049	-0.022	0.525
2way	8	0.465	0.342			AT1G06280	0.0	0.063	0.086	0.023	0.532
2way	8	0.465	0.342			AT3G01470	0.0	0.018	0.005	-0.012	0.535
2way	8	0.465	0.342			AT3G28910	0.0	0.009	0.027	0.018	0.535
2way	8	0.465	0.342			AT1G69180	0.122	0.042	0.021	-0.02	0.54
2way	8	0.465	0.342			AT5G45300	0.0	0.012	0.032	0.02	0.54
2way	8	0.465	0.342			AT5G66700	0.0	0.061	0.033	-0.028	0.54
2way	8	0.465	0.342			AT1G08320	0.846	0.087	0.057	-0.03	0.541
2way	8	0.465	0.342			AT1G72740	0.0	0.026	0.044	0.018	0.545
2way	8	0.465	0.342			AT5G06960	0.0	0.044	0.02	-0.024	0.545
2way	8	0.465	0.342			AT4G34590	0.0	0.005	0.018	0.013	0.552
2way	8	0.465	0.342			AT1G06850	0.0	0.026	0.052	0.027	0.557
2way	8	0.465	0.342			AT5G47370	0.0	0.033	0.059	0.025	0.557
2way	8	0.465	0.342			AT1G13300	0.0	0.004	0.0	-0.004	0.566
2way	8	0.465	0.342			AT1G76880	0.0	0.001	0.008	0.008	0.566
2way	8	0.465	0.342			AT4G28110	0.0	0.005	0.016	0.011	0.566
2way	8	0.465	0.342			AT4G36620	0.0	0.001	0.005	0.005	0.566
2way	8	0.465	0.342			AT5G10510	0.0	0.004	0.002	-0.003	0.566
2way	8	0.465	0.342			AT5G18090	0.0	0.006	0.002	-0.004	0.566
2way	8	0.465	0.342			AT5G44160	0.0	0.005	0.014	0.009	0.566
2way	8	0.465	0.342			AT5G47660	0.0	0.03	0.048	0.018	0.57
2way	8	0.465	0.342			AT3G20770	0.0	0.006	0.022	0.016	0.574
2way	8	0.465	0.342			AT3G60580	0.0	0.013	0.001	-0.012	0.574
2way	8	0.465	0.342			AT2G28920	0.0	0.013	0.024	0.01	0.578
2way	8	0.465	0.342			AT3G30210	0.0	0.01	0.018	0.009	0.578
2way	8	0.465	0.342			AT1G12260	0.0	0.02	0.038	0.018	0.583
2way	8	0.465	0.342			AT4G01280	0.0	0.046	0.068	0.021	0.59
2way	8	0.465	0.342			AT1G25340	0.068	0.055	0.037	-0.018	0.596
2way	8	0.465	0.342			AT1G76110	0.0	0.02	0.033	0.013	0.603
2way	8	0.465	0.342			AT5G04390	0.0	0.024	0.007	-0.017	0.603
2way	8	0.465	0.342			AT5G53950	0.0	0.015	0.025	0.01	0.603
2way	8	0.465	0.342			AT2G20110	0.0	0.062	0.035	-0.027	0.604
2way	8	0.465	0.342			AT3G01220	0.0	0.049	0.035	-0.014	0.604
2way	8	0.465	0.342			AT4G00730	0.0	0.045	0.068	0.023	0.604
2way	8	0.465	0.342			AT5G03790	0.0	0.048	0.031	-0.017	0.604
2way	8	0.465	0.342			AT5G06839	0.0	0.062	0.042	-0.02	0.61
2way	8	0.465	0.342			AT3G18400	0.0	0.048	0.064	0.016	0.613
2way	8	0.465	0.342			AT1G01720	0.0	0.058	0.037	-0.021	0.621
2way	8	0.465	0.342			AT1G03800	0.0	0.043	0.06	0.018	0.621
2way	8	0.465	0.342			AT1G14687	-0.168	0.038	0.06	0.022	0.621
2way	8	0.465	0.342			AT3G01530	0.628	0.05	0.031	-0.019	0.621
2way	8	0.465	0.342			AT4G28500	0.0	0.06	0.038	-0.022	0.621
2way	8	0.465	0.342			AT3G23240	0.0	0.026	0.014	-0.012	0.627
2way	8	0.465	0.342			AT1G75240	0.0	0.052	0.069	0.017	0.629
2way	8	0.465	0.342			AT1G24250	0.0	0.024	0.012	-0.012	0.63
2way	8	0.465	0.342			AT1G45249	0.0	0.01	0.018	0.008	0.63
2way	8	0.465	0.342			AT2G06200	0.0	0.027	0.016	-0.01	0.63
2way	8	0.465	0.342			AT3G10030	0.0	0.016	0.032	0.017	0.63
2way	8	0.465	0.342			AT4G37180	0.0	0.011	0.023	0.012	0.63
2way	8	0.465	0.342			AT5G65410	0.0	0.043	0.063	0.02	0.631
2way	8	0.465	0.342			AT1G64620	0.0	0.081	0.061	-0.02	0.642
2way	8	0.465	0.342			AT5G60850	0.0	0.079	0.06	-0.019	0.642
2way	8	0.465	0.342			AT1G71450	0.0	0.048	0.068	0.02	0.644
2way	8	0.465	0.342			AT1G08010	0.0	0.021	0.038	0.017	0.646
2way	8	0.465	0.342			AT2G01060	0.0	0.016	0.035	0.019	0.646
2way	8	0.465	0.342			AT2G28810	0.0	0.082	0.059	-0.023	0.649
2way	8	0.465	0.342			AT3G55370	0.0	0.079	0.063	-0.017	0.649
2way	8	0.465	0.342			AT5G63260	0.0	0.074	0.052	-0.022	0.649
2way	8	0.465	0.342			AT5G66940	0.0	0.081	0.057	-0.024	0.649
2way	8	0.465	0.342			AT1G69690	0.0	0.005	0.006	0.001	0.652
2way	8	0.465	0.342			AT1G73730	0.0	0.002	0.01	0.008	0.652
2way	8	0.465	0.342			AT2G42590	0.0	0.008	0.001	-0.007	0.652
2way	8	0.465	0.342			AT3G02150	0.0	0.006	0.004	-0.003	0.652
2way	8	0.465	0.342			AT3G23220	0.0	0.004	0.002	-0.002	0.652
2way	8	0.465	0.342			AT3G27010	0.0	0.005	0.006	0.001	0.652
2way	8	0.465	0.342			AT3G51080	0.0	0.003	0.011	0.008	0.652
2way	8	0.465	0.342			AT4G01500	0.0	0.013	0.0	-0.013	0.652
2way	8	0.465	0.342			AT4G01720	0.0	0.008	0.0	-0.008	0.652
2way	8	0.465	0.342			AT4G18890	0.0	0.0	0.008	0.007	0.652
2way	8	0.465	0.342			AT5G08750	0.0	0.002	0.002	0.001	0.652
2way	8	0.465	0.342			AT5G14960	0.0	0.007	0.004	-0.004	0.652
2way	8	0.465	0.342			AT5G25475	0.0	0.002	0.008	0.006	0.652
2way	8	0.465	0.342			AT5G56930	0.0	0.003	0.01	0.008	0.652
2way	8	0.465	0.342			AT4G17980	0.036	0.078	0.057	-0.021	0.653
2way	8	0.465	0.342			AT1G30490	0.0	0.036	0.021	-0.015	0.654
2way	8	0.465	0.342			AT4G36160	0.0	0.053	0.077	0.024	0.654
2way	8	0.465	0.342			AT5G02460	0.0	0.082	0.061	-0.022	0.66
2way	8	0.465	0.342			AT2G26960	0.0	0.034	0.026	-0.008	0.665
2way	8	0.465	0.342			AT3G12730	0.0	0.013	0.029	0.016	0.665
2way	8	0.465	0.342			AT3G26790	0.0	0.026	0.039	0.013	0.665
2way	8	0.465	0.342			AT1G70920	0.0	0.037	0.019	-0.018	0.677
2way	8	0.465	0.342			AT3G06740	0.0	0.032	0.044	0.012	0.683
2way	8	0.465	0.342			AT1G51600	0.0	0.009	0.002	-0.007	0.686
2way	8	0.465	0.342			AT3G58630	0.0	0.015	0.007	-0.008	0.686
2way	8	0.465	0.342			AT5G67450	0.0	0.01	0.003	-0.008	0.686
2way	8	0.465	0.342			AT5G45580	0.0	0.026	0.04	0.013	0.691
2way	8	0.465	0.342			AT5G66730	0.0	0.044	0.035	-0.009	0.691
2way	8	0.465	0.342			AT4G10350	0.0	0.026	0.037	0.011	0.7
2way	8	0.465	0.342			AT5G17800	0.0	0.034	0.045	0.01	0.7
2way	8	0.465	0.342			AT2G31230	0.0	0.046	0.03	-0.016	0.704
2way	8	0.465	0.342			AT1G75390	0.0	0.003	0.012	0.008	0.706
2way	8	0.465	0.342			AT3G04070	0.0	0.002	0.013	0.01	0.706
2way	8	0.465	0.342			AT3G47600	0.0	0.008	0.003	-0.005	0.706
2way	8	0.465	0.342			AT5G39820	0.0	0.004	0.014	0.01	0.706
2way	8	0.465	0.342			AT5G47220	0.0	0.027	0.016	-0.011	0.706
2way	8	0.465	0.342			AT3G08500	0.0	0.038	0.024	-0.014	0.71
2way	8	0.465	0.342			AT2G47070	0.0	0.048	0.039	-0.009	0.711
2way	8	0.465	0.342			AT4G26030	0.0	0.025	0.041	0.016	0.711
2way	8	0.465	0.342			AT4G31060	0.0	0.036	0.048	0.012	0.711
2way	8	0.465	0.342			AT1G22070	0.0	0.009	0.005	-0.004	0.718
2way	8	0.465	0.342			AT1G32240	0.0	0.011	0.006	-0.004	0.718
2way	8	0.465	0.342			AT1G69560	0.0	0.005	0.011	0.006	0.718
2way	8	0.465	0.342			AT2G01940	0.0	0.038	0.053	0.015	0.718
2way	8	0.465	0.342			AT3G11280	0.0	0.009	0.015	0.006	0.718
2way	8	0.465	0.342			AT3G44480	0.0	0.045	0.028	-0.017	0.718
2way	8	0.465	0.342			AT4G27950	0.0	0.011	0.006	-0.004	0.718
2way	8	0.465	0.342			AT4G28140	0.0	0.009	0.015	0.006	0.718
2way	8	0.465	0.342			AT5G50570	0.0	0.012	0.009	-0.003	0.718
2way	8	0.465	0.342			AT5G62320	0.0	0.021	0.035	0.014	0.718
2way	8	0.465	0.342			AT5G63090	0.0	0.005	0.015	0.01	0.718
2way	8	0.465	0.342			AT5G67300	0.0	0.013	0.005	-0.008	0.718
2way	8	0.465	0.342			AT4G18770	0.0	0.038	0.05	0.012	0.722
2way	8	0.465	0.342			AT3G50410	0.0	0.053	0.037	-0.016	0.726
2way	8	0.465	0.342			AT5G64750	0.0	0.048	0.036	-0.012	0.726
2way	8	0.465	0.342			AT1G54330	0.0	0.045	0.053	0.009	0.727
2way	8	0.465	0.342			AT1G76420	0.0	0.039	0.048	0.009	0.727
2way	8	0.465	0.342			AT1G79580	0.0	0.039	0.048	0.009	0.733
2way	8	0.465	0.342			AT3G15210	0.0	0.045	0.055	0.009	0.733
2way	8	0.465	0.342			AT3G53200	0.0	0.042	0.029	-0.013	0.733
2way	8	0.465	0.342			AT5G62940	0.0	0.063	0.046	-0.017	0.733
2way	8	0.465	0.342			AT1G16490	0.0	0.041	0.056	0.015	0.736
2way	8	0.465	0.342			AT3G10480	0.0	0.063	0.052	-0.011	0.739
2way	8	0.465	0.342			AT5G18270	0.0	0.037	0.048	0.011	0.739
2way	8	0.465	0.342			AT5G13180	0.0	0.054	0.038	-0.017	0.74
2way	8	0.465	0.342			AT1G25550	0.0	0.008	0.009	0.001	0.745
2way	8	0.465	0.342			AT1G66370	0.0	0.013	0.005	-0.009	0.745
2way	8	0.465	0.342			AT2G17950	0.0	0.017	0.015	-0.002	0.745
2way	8	0.465	0.342			AT5G03150	0.0	0.017	0.02	0.003	0.745
2way	8	0.465	0.342			AT5G17300	0.0	0.158	0.139	-0.019	0.745
2way	8	0.465	0.342			AT1G34180	0.0	0.062	0.046	-0.015	0.751
2way	8	0.465	0.342			AT4G38000	0.0	0.074	0.06	-0.015	0.755
2way	8	0.465	0.342			AT5G05550	0.0	0.063	0.075	0.012	0.768
2way	8	0.465	0.342			AT1G72010	0.0	0.015	0.01	-0.006	0.774
2way	8	0.465	0.342			AT1G03840	0.0	0.019	0.025	0.007	0.788
2way	8	0.465	0.342			AT3G06490	0.0	0.015	0.012	-0.003	0.788
2way	8	0.465	0.342			AT3G12820	0.0	0.012	0.01	-0.002	0.788
2way	8	0.465	0.342			AT3G25990	0.0	0.025	0.015	-0.01	0.788
2way	8	0.465	0.342			AT5G02840	0.0	0.018	0.031	0.012	0.788
2way	8	0.465	0.342			AT5G65510	0.0	0.017	0.023	0.006	0.788
2way	8	0.465	0.342			AT1G19790	0.0	0.009	0.016	0.007	0.789
2way	8	0.465	0.342			AT1G13260	0.0	0.049	0.057	0.008	0.797
2way	8	0.465	0.342			AT5G08330	0.0	0.017	0.011	-0.006	0.802
2way	8	0.465	0.342			AT1G75490	0.0	0.019	0.024	0.005	0.805
2way	8	0.465	0.342			AT2G03500	0.0	0.017	0.022	0.005	0.805
2way	8	0.465	0.342			AT1G04880	0.0	0.016	0.029	0.012	0.814
2way	8	0.465	0.342			AT1G55110	0.0	0.032	0.038	0.006	0.82
2way	8	0.465	0.342			AT5G46590	0.0	0.022	0.029	0.007	0.82
2way	8	0.465	0.342			AT5G29000	0.0	0.018	0.024	0.006	0.823
2way	8	0.465	0.342			AT2G02070	0.0	0.03	0.036	0.006	0.826
2way	8	0.465	0.342			AT3G10800	0.0	0.016	0.021	0.005	0.826
2way	8	0.465	0.342			AT4G01680	0.0	0.022	0.026	0.005	0.826
2way	8	0.465	0.342			AT1G06180	0.0	0.025	0.029	0.004	0.832
2way	8	0.465	0.342			AT1G36060	0.0	0.034	0.044	0.01	0.832
2way	8	0.465	0.342			AT2G20400	0.0	0.021	0.022	0.001	0.832
2way	8	0.465	0.342			AT3G10113	0.0	0.033	0.034	0.001	0.832
2way	8	0.465	0.342			AT5G47390	0.0	0.027	0.035	0.008	0.832
2way	8	0.465	0.342			AT5G58900	0.0	0.044	0.031	-0.013	0.832
2way	8	0.465	0.342			AT5G61620	0.0	0.033	0.033	0.001	0.832
2way	8	0.465	0.342			AT5G67580	0.0	0.027	0.033	0.006	0.832
2way	8	0.465	0.342			AT1G74840	0.0	0.036	0.028	-0.008	0.836
2way	8	0.465	0.342			AT3G11020	0.0	0.033	0.042	0.009	0.838
2way	8	0.465	0.342			AT3G60490	0.0	0.023	0.034	0.011	0.838
2way	8	0.465	0.342			AT5G08520	0.173	0.038	0.029	-0.009	0.838
2way	8	0.465	0.342			AT1G49010	0.0	0.034	0.037	0.003	0.84
2way	8	0.465	0.342			AT3G12720	0.0	0.032	0.026	-0.006	0.84
2way	8	0.465	0.342			AT5G62000	0.0	0.035	0.043	0.009	0.84
2way	8	0.465	0.342			AT1G28370	0.0	0.036	0.037	0.001	0.845
2way	8	0.465	0.342			AT5G56840	0.0	0.029	0.037	0.008	0.845
2way	8	0.465	0.342			AT5G60130	0.0	0.042	0.042	0.0	0.845
2way	8	0.465	0.342			AT1G19000	0.0	0.039	0.033	-0.006	0.848
2way	8	0.465	0.342			AT1G31140	0.0	0.033	0.044	0.011	0.85
2way	8	0.465	0.342			AT2G23340	0.0	0.041	0.048	0.008	0.851
2way	8	0.465	0.342			AT5G23930	0.0	0.037	0.03	-0.007	0.851
2way	8	0.465	0.342			AT1G33240	0.0	0.043	0.048	0.005	0.855
2way	8	0.465	0.342			AT3G18990	0.0	0.036	0.043	0.007	0.855
2way	8	0.465	0.342			AT2G23290	0.0	0.048	0.055	0.007	0.857
2way	8	0.465	0.342			AT1G09540	0.0	0.041	0.034	-0.007	0.859
2way	8	0.465	0.342			AT1G74650	0.0	0.037	0.046	0.009	0.859
2way	8	0.465	0.342			AT5G39610	0.0	0.031	0.04	0.01	0.859
2way	8	0.465	0.342			AT1G01060	0.0	0.059	0.063	0.004	0.86
2way	8	0.465	0.342			AT2G46770	0.0	0.033	0.043	0.01	0.86
2way	8	0.465	0.342			AT1G34190	0.0	0.044	0.058	0.013	0.863
2way	8	0.465	0.342			AT1G68320	0.0	0.045	0.037	-0.007	0.863
2way	8	0.465	0.342			AT2G02540	0.0	0.05	0.05	0.001	0.863
2way	8	0.465	0.342			AT3G11440	0.0	0.048	0.041	-0.007	0.863
2way	8	0.465	0.342			AT3G20310	0.0	0.061	0.056	-0.005	0.863
2way	8	0.465	0.342			AT5G06950	0.0	0.046	0.04	-0.006	0.867
2way	8	0.465	0.342			AT1G69570	0.0	0.153	0.139	-0.014	0.869
2way	8	0.465	0.342			AT3G17730	0.0	0.051	0.055	0.004	0.869
2way	8	0.465	0.342			AT5G58850	0.0	0.06	0.062	0.002	0.869
2way	8	0.465	0.342			AT1G65910	0.0	0.049	0.052	0.004	0.872
2way	8	0.465	0.342			AT1G53170	0.0	0.059	0.066	0.007	0.875
2way	8	0.465	0.342			AT3G15270	0.0	0.061	0.067	0.006	0.877
2way	8	0.465	0.342			AT3G28920	0.0	0.063	0.075	0.012	0.883
2way	8	0.465	0.342			AT1G01250	0.0	0.005	0.0	-0.005	1.0
2way	8	0.465	0.342			AT1G13400	0.0	0.003	0.005	0.002	1.0
2way	8	0.465	0.342			AT1G17950	0.0	0.0	0.002	0.002	1.0
2way	8	0.465	0.342			AT1G18570	0.0	0.011	0.016	0.005	1.0
2way	8	0.465	0.342			AT1G18960	0.0	0.0	0.001	0.001	1.0
2way	8	0.465	0.342			AT1G19040	0.0	0.017	0.016	-0.001	1.0
2way	8	0.465	0.342			AT1G20980	0.0	0.021	0.022	0.0	1.0
2way	8	0.465	0.342			AT1G27360	0.0	0.001	0.0	-0.001	1.0
2way	8	0.465	0.342			AT1G30210	0.0	0.0	0.0	-0.0	1.0
2way	8	0.465	0.342			AT1G32510	0.0	0.002	0.003	0.0	1.0
2way	8	0.465	0.342			AT1G34370	0.0	0.015	0.013	-0.002	1.0
2way	8	0.465	0.342			AT1G43700	0.0	0.004	0.006	0.003	1.0
2way	8	0.465	0.342			AT1G47870	0.0	0.002	0.0	-0.002	1.0
2way	8	0.465	0.342			AT1G49560	0.0	0.024	0.026	0.002	1.0
2way	8	0.465	0.342			AT1G50640	0.0	0.028	0.03	0.002	1.0
2way	8	0.465	0.342			AT1G52880	0.0	0.041	0.038	-0.003	1.0
2way	8	0.465	0.342			AT1G53230	0.0	0.014	0.018	0.004	1.0
2way	8	0.465	0.342			AT1G60920	0.0	0.0	0.004	0.004	1.0
2way	8	0.465	0.342			AT1G63040	0.0	0.0	0.001	0.001	1.0
2way	8	0.465	0.342			AT1G65620	0.0	0.003	0.001	-0.002	1.0
2way	8	0.465	0.342			AT1G66420	0.0	0.0	0.0	-0.0	1.0
2way	8	0.465	0.342			AT1G67260	0.0	0.0	0.0	-0.0	1.0
2way	8	0.465	0.342			AT1G68670	0.0	0.004	0.003	-0.001	1.0
2way	8	0.465	0.342			AT1G69490	0.0	0.034	0.03	-0.004	1.0
2way	8	0.465	0.342			AT1G70910	0.0	0.0	0.005	0.005	1.0
2way	8	0.465	0.342			AT1G72360	0.0	0.001	0.0	-0.001	1.0
2way	8	0.465	0.342			AT1G74370	0.0	0.0	0.0	-0.0	1.0
2way	8	0.465	0.342			AT1G74480	0.0	0.023	0.025	0.002	1.0
2way	8	0.465	0.342			AT1G76870	0.0	0.002	0.0	-0.002	1.0
2way	8	0.465	0.342			AT1G76890	0.0	0.052	0.053	0.002	1.0
2way	8	0.465	0.342			AT1G79180	0.0	0.025	0.03	0.005	1.0
2way	8	0.465	0.342			AT2G02080	0.0	0.041	0.04	-0.001	1.0
2way	8	0.465	0.342			AT2G17410	0.0	0.002	0.0	-0.001	1.0
2way	8	0.465	0.342			AT2G17900	0.0	0.0	0.003	0.003	1.0
2way	8	0.465	0.342			AT2G24430	0.0	0.037	0.038	0.001	1.0
2way	8	0.465	0.342			AT2G24570	0.0	0.005	0.0	-0.005	1.0
2way	8	0.465	0.342			AT2G31460	0.0	0.0	0.0	-0.0	1.0
2way	8	0.465	0.342			AT2G32460	0.0	0.035	0.035	0.0	1.0
2way	8	0.465	0.342			AT2G33550	0.0	0.015	0.015	0.001	1.0
2way	8	0.465	0.342			AT2G33710	0.0	0.034	0.038	0.003	1.0
2way	8	0.465	0.342			AT2G33810	0.0	0.012	0.012	0.0	1.0
2way	8	0.465	0.342			AT2G38090	0.0	0.0	0.002	0.002	1.0
2way	8	0.465	0.342			AT2G38300	0.0	0.005	0.004	-0.001	1.0
2way	8	0.465	0.342			AT2G38880	0.0	0.0	0.004	0.004	1.0
2way	8	0.465	0.342			AT2G39900	0.0	0.005	0.005	0.001	1.0
2way	8	0.465	0.342			AT2G41835	0.0	0.001	0.0	-0.001	1.0
2way	8	0.465	0.342			AT2G42200	0.0	0.056	0.052	-0.004	1.0
2way	8	0.465	0.342			AT2G45650	0.0	0.006	0.006	0.001	1.0
2way	8	0.465	0.342			AT2G45680	0.0	0.004	0.004	0.001	1.0
2way	8	0.465	0.342			AT2G46400	0.0	0.005	0.0	-0.005	1.0
2way	8	0.465	0.342			AT2G48100	0.0	0.0	0.0	-0.0	1.0
2way	8	0.465	0.342			AT3G03200	0.0	0.054	0.055	0.001	1.0
2way	8	0.465	0.342			AT3G04060	0.0	0.03	0.032	0.002	1.0
2way	8	0.465	0.342			AT3G09230	0.0	0.0	0.0	-0.0	1.0
2way	8	0.465	0.342			AT3G12910	0.0	0.0	0.0	-0.0	1.0
2way	8	0.465	0.342			AT3G13040	0.0	0.0	0.0	-0.0	1.0
2way	8	0.465	0.342			AT3G13810	0.0	0.023	0.028	0.005	1.0
2way	8	0.465	0.342			AT3G16280	0.0	0.027	0.028	0.002	1.0
2way	8	0.465	0.342			AT3G20840	0.0	0.003	0.002	-0.001	1.0
2way	8	0.465	0.342			AT3G21175	0.0	0.014	0.014	-0.001	1.0
2way	8	0.465	0.342			AT3G22780	0.0	0.0	0.005	0.005	1.0
2way	8	0.465	0.342			AT3G23210	0.0	0.003	0.002	-0.001	1.0
2way	8	0.465	0.342			AT3G23250	0.0	0.01	0.006	-0.003	1.0
2way	8	0.465	0.342			AT3G27785	0.0	0.037	0.04	0.003	1.0
2way	8	0.465	0.342			AT3G30530	0.0	0.0	0.0	-0.0	1.0
2way	8	0.465	0.342			AT3G45150	0.0	0.002	0.003	0.001	1.0
2way	8	0.465	0.342			AT3G45170	0.0	0.007	0.006	-0.001	1.0
2way	8	0.465	0.342			AT3G46070	0.0	0.0	0.0	-0.0	1.0
2way	8	0.465	0.342			AT3G47620	0.0	0.0	0.002	0.002	1.0
2way	8	0.465	0.342			AT3G49930	0.0	0.001	0.0	-0.001	1.0
2way	8	0.465	0.342			AT3G50260	0.0	0.065	0.07	0.005	1.0
2way	8	0.465	0.342			AT3G50700	0.0	0.013	0.01	-0.003	1.0
2way	8	0.465	0.342			AT3G57230	0.0	0.002	0.002	0.001	1.0
2way	8	0.465	0.342			AT3G57600	0.0	0.002	0.0	-0.002	1.0
2way	8	0.465	0.342			AT3G57920	0.0	0.028	0.031	0.003	1.0
2way	8	0.465	0.342			AT3G61120	0.0	0.005	0.0	-0.005	1.0
2way	8	0.465	0.342			AT3G61250	0.0	0.007	0.003	-0.004	1.0
2way	8	0.465	0.342			AT4G00250	0.0	0.022	0.026	0.003	1.0
2way	8	0.465	0.342			AT4G05100	0.0	0.02	0.021	0.0	1.0
2way	8	0.465	0.342			AT4G12670	0.0	0.0	0.0	-0.0	1.0
2way	8	0.465	0.342			AT4G14410	0.0	0.0	0.0	-0.0	1.0
2way	8	0.465	0.342			AT4G17460	0.0	0.011	0.016	0.005	1.0
2way	8	0.465	0.342			AT4G24020	0.0	0.0	0.001	0.001	1.0
2way	8	0.465	0.342			AT4G24240	0.0	0.0	0.0	-0.0	1.0
2way	8	0.465	0.342			AT4G24470	0.0	0.01	0.011	0.001	1.0
2way	8	0.465	0.342			AT4G27900	0.0	0.004	0.002	-0.002	1.0
2way	8	0.465	0.342			AT4G32800	0.0	0.005	0.01	0.005	1.0
2way	8	0.465	0.342			AT4G34410	0.0	0.049	0.051	0.002	1.0
2way	8	0.465	0.342			AT4G37790	0.0	0.003	0.0	-0.003	1.0
2way	8	0.465	0.342			AT4G38170	0.0	0.057	0.057	-0.001	1.0
2way	8	0.465	0.342			AT4G38620	0.0	0.005	0.008	0.003	1.0
2way	8	0.465	0.342			AT4G38910	0.0	0.0	0.0	-0.0	1.0
2way	8	0.465	0.342			AT5G05790	0.0	0.019	0.024	0.004	1.0
2way	8	0.465	0.342			AT5G06100	0.0	0.044	0.041	-0.003	1.0
2way	8	0.465	0.342			AT5G08070	0.0	0.0	0.003	0.003	1.0
2way	8	0.465	0.342			AT5G08130	0.0	0.007	0.004	-0.002	1.0
2way	8	0.465	0.342			AT5G13910	0.0	0.001	0.0	-0.001	1.0
2way	8	0.465	0.342			AT5G14340	0.0	0.004	0.003	-0.001	1.0
2way	8	0.465	0.342			AT5G18450	0.0	0.019	0.02	0.001	1.0
2way	8	0.465	0.342			AT5G18560	0.0	0.017	0.015	-0.002	1.0
2way	8	0.465	0.342			AT5G22890	0.0	0.0	0.001	0.001	1.0
2way	8	0.465	0.342			AT5G25390	0.0	0.0	0.0	-0.0	1.0
2way	8	0.465	0.342			AT5G38800	0.0	0.0	0.0	-0.0	1.0
2way	8	0.465	0.342			AT5G38860	0.0	0.003	0.001	-0.002	1.0
2way	8	0.465	0.342			AT5G40330	0.0	0.005	0.0	-0.005	1.0
2way	8	0.465	0.342			AT5G42520	0.0	0.0	0.0	-0.0	1.0
2way	8	0.465	0.342			AT5G42820	0.0	0.0	0.0	-0.0	1.0
2way	8	0.465	0.342			AT5G44210	0.0	0.012	0.008	-0.004	1.0
2way	8	0.465	0.342			AT5G48670	0.0	0.0	0.002	0.002	1.0
2way	8	0.465	0.342			AT5G49300	0.0	0.0	0.0	-0.0	1.0
2way	8	0.465	0.342			AT5G52170	0.0	0.005	0.01	0.004	1.0
2way	8	0.465	0.342			AT5G59990	0.0	0.009	0.008	-0.001	1.0
2way	8	0.465	0.342			AT5G61270	0.0	0.0	0.0	0.0	1.0
2way	8	0.465	0.342			AT5G61600	0.0	0.011	0.016	0.005	1.0
2way	8	0.465	0.342			AT5G62165	0.0	0.0	0.0	-0.0	1.0
2way	8	0.465	0.342			AT5G67000	0.0	0.0	0.0	-0.0	1.0
path	0	0.0	0.872	0.0	0.872	AT1G34370	17.43	18.0	0.57	10.75	8.91e-05
path	0	0.0	0.872	0.0	0.872	AT4G14410	3.95	4.0	0.05	3.38	0.000554
path	0	0.0	0.872	0.0	0.872	AT2G31230	44.37	47.0	2.63	13.37	0.00577
path	0	0.0	0.872	0.0	0.872	AT3G23210	14.4	15.0	0.6	7.29	0.00602
path	0	0.0	0.872	0.0	0.872	AT3G23250	9.66	10.0	0.34	5.68	0.00636
path	0	0.0	0.872	0.0	0.872	AT2G33550	20.95	22.0	1.05	8.58	0.00948
path	0	0.0	0.872	0.0	0.872	AT1G69010	47.96	51.0	3.04	12.13	0.015
path	0	0.0	0.872	0.0	0.872	AT4G27950	24.61	26.0	1.39	8.26	0.022
path	0	0.0	0.872	0.0	0.872	AT4G01500	10.54	11.0	0.46	5.14	0.023
path	0	0.0	0.872	0.0	0.872	AT5G38800	1.98	2.0	0.02	1.69	0.024
path	0	0.0	0.872	0.0	0.872	AT5G45300	28.32	30.0	1.68	8.56	0.027
path	0	0.0	0.872	0.0	0.872	AT1G03800	48.77	52.0	3.23	10.66	0.031
path	0	0.0	0.872	0.0	0.872	AT4G36780	45.01	48.0	2.99	9.75	0.04
path	0	0.0	0.872	0.0	0.872	AT1G34190	36.64	39.0	2.36	8.77	0.043
path	0	0.0	0.872	0.0	0.872	AT3G30210	15.18	16.0	0.82	5.51	0.048
path	0	0.0	0.872	0.0	0.872	AT1G18960	2.93	3.0	0.07	2.07	0.051
path	0	0.0	0.872	0.0	0.872	AT1G16490	32.88	35.0	2.12	7.85	0.054
path	0	0.0	0.872	0.0	0.872	AT3G57600	7.66	8.0	0.34	3.68	0.054
path	0	0.0	0.872	0.0	0.872	AT3G45150	8.6	9.0	0.4	3.91	0.056
path	0	0.0	0.872	0.0	0.872	AT5G65130	21.7	23.0	1.3	6.34	0.057
path	0	0.0	0.872	0.0	0.872	AT5G25390	5.77	6.0	0.23	3.07	0.059
path	0	0.0	0.872	0.0	0.872	AT4G37790	1.96	2.0	0.04	1.54	0.064
path	0	0.0	0.872	0.0	0.872	AT3G30530	4.82	5.0	0.18	2.69	0.067
path	0	0.0	0.872	0.0	0.872	AT1G06180	20.73	22.0	1.27	5.8	0.073
path	0	0.0	0.872	0.0	0.872	AT1G78700	43.96	47.0	3.04	8.13	0.075
path	0	0.0	0.872	0.0	0.872	AT3G23240	25.38	27.0	1.62	6.33	0.075
path	0	0.0	0.872	0.0	0.872	AT5G61600	14.19	15.0	0.81	4.67	0.079
path	0	0.0	0.872	0.0	0.872	AT5G05790	22.58	24.0	1.42	5.8	0.083
path	0	0.0	0.872	0.0	0.872	AT3G51470	5.75	6.0	0.25	2.76	0.091
path	0	0.0	0.872	0.0	0.872	AT2G44840	34.64	37.0	2.36	6.77	0.094
path	0	0.0	0.872	0.0	0.872	AT5G06950	38.35	41.0	2.65	7.07	0.095
path	0	0.0	0.872	0.0	0.872	AT3G08500	26.26	28.0	1.74	5.79	0.102
path	0	0.0	0.872	0.0	0.872	AT3G10580	30.9	33.0	2.1	6.16	0.105
path	0	0.0	0.872	0.0	0.872	AT2G33810	7.61	8.0	0.39	3.06	0.106
path	0	0.0	0.872	0.0	0.872	AT5G16600	2.9	3.0	0.1	1.77	0.112
path	0	0.0	0.872	0.0	0.872	AT1G19040	9.48	10.0	0.52	3.37	0.113
path	0	0.0	0.872	0.0	0.872	AT1G51220	23.46	25.0	1.54	5.26	0.114
path	0	0.0	0.872	0.0	0.872	AT5G42820	1.95	2.0	0.05	1.38	0.115
path	0	0.0	0.872	0.0	0.872	AT2G35530	49.42	53.0	3.58	7.19	0.117
path	0	0.0	0.872	0.0	0.872	AT3G26790	14.14	15.0	0.86	4.05	0.118
path	0	0.0	0.872	0.0	0.872	AT1G18570	7.6	8.0	0.4	2.91	0.123
path	0	0.0	0.872	0.0	0.872	AT3G20310	50.32	54.0	3.68	6.95	0.127
path	0	0.0	0.872	0.0	0.872	AT4G01680	23.43	25.0	1.57	4.95	0.131
path	0	0.0	0.872	0.0	0.872	AT1G68320	26.2	28.0	1.8	5.02	0.141
path	0	0.0	0.872	0.0	0.872	AT4G18890	9.46	10.0	0.54	3.06	0.142
path	0	0.0	0.872	0.0	0.872	AT3G06490	15.05	16.0	0.95	3.81	0.145
path	0	0.0	0.872	0.0	0.872	AT3G23220	15.05	16.0	0.95	3.81	0.145
path	0	0.0	0.872	0.0	0.872	AT1G25340	23.41	25.0	1.59	4.64	0.149
path	0	0.0	0.872	0.0	0.872	AT3G10480	31.76	34.0	2.24	5.31	0.149
path	0	0.0	0.872	0.0	0.872	AT1G10720	2.89	3.0	0.11	1.61	0.15
path	0	0.0	0.872	0.0	0.872	AT5G22890	2.89	3.0	0.11	1.61	0.15
path	0	0.0	0.872	0.0	0.872	AT1G75080	8.52	9.0	0.48	2.83	0.151
path	0	0.0	0.872	0.0	0.872	AT5G23930	38.24	41.0	2.76	5.68	0.152
path	0	0.0	0.872	0.0	0.872	AT1G45249	26.18	28.0	1.82	4.71	0.159
path	0	0.0	0.872	0.0	0.872	AT5G18270	32.66	35.0	2.34	5.08	0.165
path	0	0.0	0.872	0.0	0.872	AT1G32870	30.8	33.0	2.2	4.93	0.166
path	0	0.0	0.872	0.0	0.872	AT3G01530	30.8	33.0	2.2	4.93	0.166
path	0	0.0	0.872	0.0	0.872	AT1G02250	24.31	26.0	1.69	4.41	0.168
path	0	0.0	0.872	0.0	0.872	AT1G44830	15.02	16.0	0.98	3.51	0.17
path	0	0.0	0.872	0.0	0.872	AT1G74370	1.94	2.0	0.06	1.23	0.172
path	0	0.0	0.872	0.0	0.872	AT5G04390	18.73	20.0	1.27	3.8	0.176
path	0	0.0	0.872	0.0	0.872	AT3G04060	28.01	30.0	1.99	4.55	0.177
path	0	0.0	0.872	0.0	0.872	AT1G19790	15.01	16.0	0.99	3.35	0.183
path	0	0.0	0.872	0.0	0.872	AT1G34180	31.71	34.0	2.29	4.69	0.183
path	0	0.0	0.872	0.0	0.872	AT2G47070	27.07	29.0	1.93	4.32	0.187
path	0	0.0	0.872	0.0	0.872	AT5G63090	14.07	15.0	0.93	3.12	0.195
path	0	0.0	0.872	0.0	0.872	AT5G04410	32.61	35.0	2.39	4.46	0.2
path	0	0.0	0.872	0.0	0.872	AT5G52660	27.97	30.0	2.03	4.09	0.206
path	0	0.0	0.872	0.0	0.872	AT5G08130	8.48	9.0	0.52	2.37	0.207
path	0	0.0	0.872	0.0	0.872	AT2G30590	7.54	8.0	0.46	2.14	0.221
path	0	0.0	0.872	0.0	0.872	AT5G18450	23.32	25.0	1.68	3.56	0.223
path	0	0.0	0.872	0.0	0.872	AT1G32510	1.93	2.0	0.07	1.07	0.233
path	0	0.0	0.872	0.0	0.872	AT5G18090	1.93	2.0	0.07	1.07	0.233
path	0	0.0	0.872	0.0	0.872	AT5G10510	2.87	3.0	0.13	1.3	0.234
path	0	0.0	0.872	0.0	0.872	AT1G21910	6.6	7.0	0.4	1.91	0.237
path	0	0.0	0.872	0.0	0.872	AT1G72360	4.73	5.0	0.27	1.61	0.243
path	0	0.0	0.872	0.0	0.872	AT5G25190	45.5	49.0	3.5	4.27	0.246
path	0	0.0	0.872	0.0	0.872	AT1G01060	31.62	34.0	2.38	3.61	0.252
path	0	0.0	0.872	0.0	0.872	AT5G29000	26.07	28.0	1.93	3.32	0.253
path	0	0.0	0.872	0.0	0.872	AT1G75390	10.31	11.0	0.69	2.21	0.254
path	0	0.0	0.872	0.0	0.872	AT1G20980	15.88	17.0	1.12	2.65	0.256
path	0	0.0	0.872	0.0	0.872	AT1G72740	21.43	23.0	1.57	2.95	0.262
path	0	0.0	0.872	0.0	0.872	AT1G18330	26.06	28.0	1.94	3.17	0.265
path	0	0.0	0.872	0.0	0.872	AT1G79180	16.79	18.0	1.21	2.58	0.27
path	0	0.0	0.872	0.0	0.872	AT5G07100	8.45	9.0	0.55	1.9	0.27
path	0	0.0	0.872	0.0	0.872	AT3G25990	10.3	11.0	0.7	2.05	0.274
path	0	0.0	0.872	0.0	0.872	AT3G57230	4.72	5.0	0.28	1.45	0.275
path	0	0.0	0.872	0.0	0.872	AT1G22810	29.74	32.0	2.26	3.16	0.279
path	0	0.0	0.872	0.0	0.872	AT2G02820	42.68	46.0	3.32	3.58	0.282
path	0	0.0	0.872	0.0	0.872	AT4G18450	5.65	6.0	0.35	1.53	0.283
path	0	0.0	0.872	0.0	0.872	AT1G67260	0.98	1.0	0.02	0.69	0.285
path	0	0.0	0.872	0.0	0.872	AT5G50570	7.51	8.0	0.49	1.68	0.291
path	0	0.0	0.872	0.0	0.872	AT3G09600	32.5	35.0	2.5	3.07	0.293
path	0	0.0	0.872	0.0	0.872	AT3G13040	1.92	2.0	0.08	0.92	0.295
path	0	0.0	0.872	0.0	0.872	AT5G40330	1.92	2.0	0.08	0.92	0.295
path	0	0.0	0.872	0.0	0.872	AT4G34590	13.99	15.0	1.01	2.04	0.307
path	0	0.0	0.872	0.0	0.872	AT3G12720	24.17	26.0	1.83	2.55	0.308
path	0	0.0	0.872	0.0	0.872	AT5G02840	13.06	14.0	0.94	1.97	0.309
path	0	0.0	0.872	0.0	0.872	AT1G76110	12.13	13.0	0.87	1.89	0.311
path	0	0.0	0.872	0.0	0.872	AT5G64060	26.94	29.0	2.06	2.62	0.311
path	0	0.0	0.872	0.0	0.872	AT2G42200	28.78	31.0	2.22	2.62	0.317
path	0	0.0	0.872	0.0	0.872	AT4G05100	15.83	17.0	1.17	2.04	0.319
path	0	0.0	0.872	0.0	0.872	AT1G19210	42.63	46.0	3.37	2.96	0.322
path	0	0.0	0.872	0.0	0.872	AT4G26030	23.23	25.0	1.77	2.33	0.324
path	0	0.0	0.872	0.0	0.872	AT5G17300	33.39	36.0	2.61	2.68	0.324
path	0	0.0	0.872	0.0	0.872	AT5G25475	2.84	3.0	0.16	0.99	0.324
path	0	0.0	0.872	0.0	0.872	AT3G10800	22.3	24.0	1.7	2.25	0.327
path	0	0.0	0.872	0.0	0.872	AT5G10030	39.85	43.0	3.15	2.74	0.332
path	0	0.0	0.872	0.0	0.872	AT5G14340	3.77	4.0	0.23	1.07	0.335
path	0	0.0	0.872	0.0	0.872	AT3G61250	7.48	8.0	0.52	1.37	0.34
path	0	0.0	0.872	0.0	0.872	AT1G32150	45.38	49.0	3.62	2.73	0.342
path	0	0.0	0.872	0.0	0.872	AT3G10500	27.83	30.0	2.17	2.24	0.345
path	0	0.0	0.872	0.0	0.872	AT1G09540	26.9	29.0	2.1	2.16	0.349
path	0	0.0	0.872	0.0	0.872	AT4G30080	1.9	2.0	0.1	0.77	0.356
path	0	0.0	0.872	0.0	0.872	AT1G76420	27.82	30.0	2.18	2.08	0.358
path	0	0.0	0.872	0.0	0.872	AT2G40260	24.12	26.0	1.88	1.94	0.361
path	0	0.0	0.872	0.0	0.872	AT1G27360	2.83	3.0	0.17	0.84	0.37
path	0	0.0	0.872	0.0	0.872	AT2G30340	24.11	26.0	1.89	1.78	0.375
path	0	0.0	0.872	0.0	0.872	AT5G39610	25.95	28.0	2.05	1.78	0.38
path	0	0.0	0.872	0.0	0.872	AT2G36270	43.49	47.0	3.51	2.11	0.381
path	0	0.0	0.872	0.0	0.872	AT1G53170	48.1	52.0	3.9	2.18	0.382
path	0	0.0	0.872	0.0	0.872	AT2G20400	22.25	24.0	1.75	1.63	0.384
path	0	0.0	0.872	0.0	0.872	AT1G28160	33.32	36.0	2.68	1.76	0.394
path	0	0.0	0.872	0.0	0.872	AT1G30210	0.96	1.0	0.04	0.54	0.395
path	0	0.0	0.872	0.0	0.872	AT1G60920	0.96	1.0	0.04	0.54	0.395
path	0	0.0	0.872	0.0	0.872	AT1G63040	0.96	1.0	0.04	0.54	0.395
path	0	0.0	0.872	0.0	0.872	AT3G09230	0.96	1.0	0.04	0.54	0.395
path	0	0.0	0.872	0.0	0.872	AT5G49300	0.96	1.0	0.04	0.54	0.395
path	0	0.0	0.872	0.0	0.872	AT1G68550	37.94	41.0	3.06	1.82	0.396
path	0	0.0	0.872	0.0	0.872	AT3G12250	37.92	41.0	3.08	1.67	0.407
path	0	0.0	0.872	0.0	0.872	AT1G69180	23.15	25.0	1.85	1.4	0.408
path	0	0.0	0.872	0.0	0.872	AT1G76880	2.82	3.0	0.18	0.69	0.415
path	0	0.0	0.872	0.0	0.872	AT4G24020	2.82	3.0	0.18	0.69	0.415
path	0	0.0	0.872	0.0	0.872	AT5G38860	1.89	2.0	0.11	0.61	0.415
path	0	0.0	0.872	0.0	0.872	AT1G02230	24.99	27.0	2.01	1.24	0.425
path	0	0.0	0.872	0.0	0.872	AT3G15270	33.29	36.0	2.71	1.29	0.431
path	0	0.0	0.872	0.0	0.872	AT5G11260	39.74	43.0	3.26	1.35	0.432
path	0	0.0	0.872	0.0	0.872	AT5G46590	11.13	12.0	0.87	0.89	0.434
path	0	0.0	0.872	0.0	0.872	AT3G06740	16.66	18.0	1.34	0.88	0.448
path	0	0.0	0.872	0.0	0.872	AT5G22500	9.28	10.0	0.72	0.75	0.449
path	0	0.0	0.872	0.0	0.872	AT3G10113	20.35	22.0	1.65	0.87	0.454
path	0	0.0	0.872	0.0	0.872	AT3G10030	13.88	15.0	1.12	0.65	0.47
path	0	0.0	0.872	0.0	0.872	AT5G61270	1.88	2.0	0.12	0.46	0.472
path	0	0.0	0.872	0.0	0.872	AT5G67000	1.88	2.0	0.12	0.46	0.472
path	0	0.0	0.872	0.0	0.872	AT3G62420	42.47	46.0	3.53	0.81	0.473
path	0	0.0	0.872	0.0	0.872	AT5G53950	12.95	14.0	1.05	0.58	0.478
path	0	0.0	0.872	0.0	0.872	AT2G31460	0.95	1.0	0.05	0.38	0.489
path	0	0.0	0.872	0.0	0.872	AT5G67450	5.57	6.0	0.43	0.45	0.489
path	0	0.0	0.872	0.0	0.872	AT3G57920	19.4	21.0	1.6	0.48	0.492
path	0	0.0	0.872	0.0	0.872	AT5G65210	30.45	33.0	2.55	0.45	0.497
path	0	0.0	0.872	0.0	0.872	AT4G38620	4.64	5.0	0.36	0.37	0.503
path	0	0.0	0.872	0.0	0.872	AT5G44160	4.64	5.0	0.36	0.37	0.503
path	0	0.0	0.872	0.0	0.872	AT5G67580	17.54	19.0	1.46	0.34	0.507
path	0	0.0	0.872	0.0	0.872	AT5G13180	26.76	29.0	2.24	0.31	0.509
path	0	0.0	0.872	0.0	0.872	AT3G58630	7.4	8.0	0.6	0.29	0.516
path	0	0.0	0.872	0.0	0.872	AT4G24470	7.4	8.0	0.6	0.29	0.516
path	0	0.0	0.872	0.0	0.872	AT2G24570	3.71	4.0	0.29	0.3	0.52
path	0	0.0	0.872	0.0	0.872	AT4G28110	1.87	2.0	0.13	0.3	0.525
path	0	0.0	0.872	0.0	0.872	AT5G62470	12.0	13.0	1.0	0.2	0.525
path	0	0.0	0.872	0.0	0.872	AT2G46130	10.16	11.0	0.84	0.2	0.526
path	0	0.0	0.872	0.0	0.872	AT2G28920	8.31	9.0	0.69	0.21	0.527
path	0	0.0	0.872	0.0	0.872	AT5G47230	8.31	9.0	0.69	0.21	0.527
path	0	0.0	0.872	0.0	0.872	AT1G25580	12.91	14.0	1.09	0.12	0.534
path	0	0.0	0.872	0.0	0.872	AT3G12820	9.23	10.0	0.77	0.13	0.537
path	0	0.0	0.872	0.0	0.872	AT2G24430	27.65	30.0	2.35	-0.08	0.542
path	0	0.0	0.872	0.0	0.872	AT3G20840	2.78	3.0	0.22	0.22	0.542
path	0	0.0	0.872	0.0	0.872	AT3G18400	29.48	32.0	2.52	-0.24	0.554
path	0	0.0	0.872	0.0	0.872	AT1G28370	34.08	37.0	2.92	-0.33	0.558
path	0	0.0	0.872	0.0	0.872	AT4G17980	28.55	31.0	2.45	-0.31	0.56
path	0	0.0	0.872	0.0	0.872	AT1G04880	11.97	13.0	1.03	-0.11	0.563
path	0	0.0	0.872	0.0	0.872	AT2G23290	27.62	30.0	2.38	-0.39	0.567
path	0	0.0	0.872	0.0	0.872	AT5G15830	39.6	43.0	3.4	-0.5	0.567
path	0	0.0	0.872	0.0	0.872	AT1G75490	19.34	21.0	1.66	-0.29	0.568
path	0	0.0	0.872	0.0	0.872	AT4G38910	0.94	1.0	0.06	0.23	0.568
path	0	0.0	0.872	0.0	0.872	AT1G08320	34.07	37.0	2.93	-0.48	0.57
path	0	0.0	0.872	0.0	0.872	AT1G36060	17.49	19.0	1.51	-0.28	0.57
path	0	0.0	0.872	0.0	0.872	AT5G47220	12.89	14.0	1.11	-0.19	0.57
path	0	0.0	0.872	0.0	0.872	AT3G50700	8.29	9.0	0.71	-0.1	0.572
path	0	0.0	0.872	0.0	0.872	AT4G01280	28.54	31.0	2.46	-0.47	0.573
path	0	0.0	0.872	0.0	0.872	AT1G76870	1.86	2.0	0.14	0.15	0.574
path	0	0.0	0.872	0.0	0.872	AT5G62320	18.41	20.0	1.59	-0.36	0.577
path	0	0.0	0.872	0.0	0.872	AT2G04038	34.97	38.0	3.03	-0.72	0.586
path	0	0.0	0.872	0.0	0.872	AT3G15210	42.33	46.0	3.67	-0.89	0.593
path	0	0.0	0.872	0.0	0.872	AT3G13810	16.55	18.0	1.45	-0.51	0.595
path	0	0.0	0.872	0.0	0.872	AT1G77640	5.52	6.0	0.48	-0.17	0.599
path	0	0.0	0.872	0.0	0.872	AT5G03790	27.59	30.0	2.41	-0.85	0.605
path	0	0.0	0.872	0.0	0.872	AT2G46680	19.3	21.0	1.7	-0.75	0.612
path	0	0.0	0.872	0.0	0.872	AT1G71696	22.97	25.0	2.03	-0.91	0.618
path	0	0.0	0.872	0.0	0.872	AT1G33240	25.73	28.0	2.27	-1.0	0.62
path	0	0.0	0.872	0.0	0.872	AT1G52880	25.73	28.0	2.27	-1.0	0.62
path	0	0.0	0.872	0.0	0.872	AT5G08750	4.59	5.0	0.41	-0.24	0.621
path	0	0.0	0.872	0.0	0.872	AT3G27010	5.51	6.0	0.49	-0.32	0.624
path	0	0.0	0.872	0.0	0.872	AT2G22540	29.41	32.0	2.59	-1.16	0.627
path	0	0.0	0.872	0.0	0.872	AT3G56850	38.61	42.0	3.39	-1.34	0.627
path	0	0.0	0.872	0.0	0.872	AT1G62300	25.72	28.0	2.28	-1.15	0.633
path	0	0.0	0.872	0.0	0.872	AT3G07220	0.93	1.0	0.07	0.07	0.635
path	0	0.0	0.872	0.0	0.872	AT4G36620	0.93	1.0	0.07	0.07	0.635
path	0	0.0	0.872	0.0	0.872	AT5G58620	0.93	1.0	0.07	0.07	0.635
path	0	0.0	0.872	0.0	0.872	AT5G44210	13.76	15.0	1.24	-0.89	0.643
path	0	0.0	0.872	0.0	0.872	AT2G03500	20.19	22.0	1.81	-1.14	0.644
path	0	0.0	0.872	0.0	0.872	AT1G30490	17.43	19.0	1.57	-1.05	0.645
path	0	0.0	0.872	0.0	0.872	AT3G60580	11.0	12.0	1.0	-0.8	0.648
path	0	0.0	0.872	0.0	0.872	AT3G24120	30.3	33.0	2.7	-1.55	0.654
path	0	0.0	0.872	0.0	0.872	AT5G18560	19.26	21.0	1.74	-1.21	0.654
path	0	0.0	0.872	0.0	0.872	AT4G27900	1.83	2.0	0.17	-0.16	0.661
path	0	0.0	0.872	0.0	0.872	AT1G01720	29.37	32.0	2.63	-1.63	0.662
path	0	0.0	0.872	0.0	0.872	AT1G06280	39.49	43.0	3.51	-1.89	0.663
path	0	0.0	0.872	0.0	0.872	AT2G06200	10.99	12.0	1.01	-0.96	0.665
path	0	0.0	0.872	0.0	0.872	AT4G37260	25.68	28.0	2.32	-1.62	0.669
path	0	0.0	0.872	0.0	0.872	AT1G14580	6.4	7.0	0.6	-0.71	0.673
path	0	0.0	0.872	0.0	0.872	AT1G68670	9.14	10.0	0.86	-0.95	0.677
path	0	0.0	0.872	0.0	0.872	AT3G47600	3.65	4.0	0.35	-0.47	0.677
path	0	0.0	0.872	0.0	0.872	AT4G04450	3.65	4.0	0.35	-0.47	0.677
path	0	0.0	0.872	0.0	0.872	AT5G67300	3.65	4.0	0.35	-0.47	0.677
path	0	0.0	0.872	0.0	0.872	AT1G20910	14.65	16.0	1.35	-1.28	0.678
path	0	0.0	0.872	0.0	0.872	AT4G01550	19.24	21.0	1.76	-1.52	0.68
path	0	0.0	0.872	0.0	0.872	AT3G53200	22.91	25.0	2.09	-1.68	0.682
path	0	0.0	0.872	0.0	0.872	AT3G11020	17.4	19.0	1.6	-1.52	0.687
path	0	0.0	0.872	0.0	0.872	AT1G46264	0.92	1.0	0.08	-0.08	0.691
path	0	0.0	0.872	0.0	0.872	AT2G38880	0.92	1.0	0.08	-0.08	0.691
path	0	0.0	0.872	0.0	0.872	AT2G46400	0.92	1.0	0.08	-0.08	0.691
path	0	0.0	0.872	0.0	0.872	AT5G03150	7.3	8.0	0.7	-0.95	0.694
path	0	0.0	0.872	0.0	0.872	AT1G53230	5.47	6.0	0.53	-0.79	0.695
path	0	0.0	0.872	0.0	0.872	AT1G74650	26.58	29.0	2.42	-2.0	0.695
path	0	0.0	0.872	0.0	0.872	AT4G28140	4.55	5.0	0.45	-0.71	0.698
path	0	0.0	0.872	0.0	0.872	AT5G06960	16.47	18.0	1.53	-1.59	0.698
path	0	0.0	0.872	0.0	0.872	AT4G06746	12.79	14.0	1.21	-1.42	0.702
path	0	0.0	0.872	0.0	0.872	AT5G13910	3.64	4.0	0.36	-0.63	0.703
path	0	0.0	0.872	0.0	0.872	AT2G32460	20.13	22.0	1.87	-1.91	0.709
path	0	0.0	0.872	0.0	0.872	AT3G01220	23.8	26.0	2.2	-2.07	0.709
path	0	0.0	0.872	0.0	0.872	AT3G49530	20.13	22.0	1.87	-1.91	0.709
path	0	0.0	0.872	0.0	0.872	AT2G42430	21.05	23.0	1.95	-1.99	0.712
path	0	0.0	0.872	0.0	0.872	AT5G66300	12.78	14.0	1.22	-1.58	0.717
path	0	0.0	0.872	0.0	0.872	AT5G59990	4.54	5.0	0.46	-0.86	0.721
path	0	0.0	0.872	0.0	0.872	AT5G66730	18.28	20.0	1.72	-2.06	0.728
path	0	0.0	0.872	0.0	0.872	AT1G31140	19.19	21.0	1.81	-2.14	0.73
path	0	0.0	0.872	0.0	0.872	AT5G08330	13.69	15.0	1.31	-1.81	0.732
path	0	0.0	0.872	0.0	0.872	AT1G69780	21.94	24.0	2.06	-2.38	0.737
path	0	0.0	0.872	0.0	0.872	AT2G38300	2.71	3.0	0.29	-0.7	0.741
path	0	0.0	0.872	0.0	0.872	AT4G31060	27.44	30.0	2.56	-2.7	0.741
path	0	0.0	0.872	0.0	0.872	AT2G17950	4.53	5.0	0.47	-1.02	0.743
path	0	0.0	0.872	0.0	0.872	AT5G24110	20.09	22.0	1.91	-2.37	0.744
path	0	0.0	0.872	0.0	0.872	AT3G26620	12.76	14.0	1.24	-1.89	0.745
path	0	0.0	0.872	0.0	0.872	AT1G54330	21.93	24.0	2.07	-2.53	0.748
path	0	0.0	0.872	0.0	0.872	AT4G38170	26.52	29.0	2.48	-2.78	0.748
path	0	0.0	0.872	0.0	0.872	AT4G31800	32.02	35.0	2.98	-3.1	0.753
path	0	0.0	0.872	0.0	0.872	AT5G65310	30.18	33.0	2.82	-3.09	0.758
path	0	0.0	0.872	0.0	0.872	AT1G03840	14.58	16.0	1.42	-2.2	0.759
path	0	0.0	0.872	0.0	0.872	AT1G69490	21.91	24.0	2.09	-2.68	0.759
path	0	0.0	0.872	0.0	0.872	AT4G34410	31.09	34.0	2.91	-3.17	0.76
path	0	0.0	0.872	0.0	0.872	AT4G31550	7.25	8.0	0.75	-1.56	0.765
path	0	0.0	0.872	0.0	0.872	AT4G00730	20.07	22.0	1.93	-2.68	0.766
path	0	0.0	0.872	0.0	0.872	AT1G65620	2.7	3.0	0.3	-0.86	0.767
path	0	0.0	0.872	0.0	0.872	AT5G67190	30.17	33.0	2.83	-3.25	0.767
path	0	0.0	0.872	0.0	0.872	AT3G50260	37.51	41.0	3.49	-3.58	0.768
path	0	0.0	0.872	0.0	0.872	AT3G12910	0.89	1.0	0.11	-0.39	0.78
path	0	0.0	0.872	0.0	0.872	AT3G48160	0.89	1.0	0.11	-0.39	0.78
path	0	0.0	0.872	0.0	0.872	AT3G21175	7.24	8.0	0.76	-1.72	0.781
path	0	0.0	0.872	0.0	0.872	AT1G69690	4.51	5.0	0.49	-1.32	0.783
path	0	0.0	0.872	0.0	0.872	AT3G42860	13.64	15.0	1.36	-2.43	0.783
path	0	0.0	0.872	0.0	0.872	AT1G27730	11.81	13.0	1.19	-2.27	0.784
path	0	0.0	0.872	0.0	0.872	AT2G18350	20.05	22.0	1.95	-2.99	0.787
path	0	0.0	0.872	0.0	0.872	AT2G33710	28.3	31.0	2.7	-3.55	0.79
path	0	0.0	0.872	0.0	0.872	AT5G08520	28.3	31.0	2.7	-3.55	0.79
path	0	0.0	0.872	0.0	0.872	AT2G01060	14.54	16.0	1.46	-2.66	0.794
path	0	0.0	0.872	0.0	0.872	AT2G38340	28.27	31.0	2.73	-3.86	0.807
path	0	0.0	0.872	0.0	0.872	AT2G23340	24.6	27.0	2.4	-3.7	0.81
path	0	0.0	0.872	0.0	0.872	AT5G54230	24.6	27.0	2.4	-3.7	0.81
path	0	0.0	0.872	0.0	0.872	AT4G01720	2.67	3.0	0.33	-1.16	0.811
path	0	0.0	0.872	0.0	0.872	AT3G46590	3.58	4.0	0.42	-1.4	0.813
path	0	0.0	0.872	0.0	0.872	AT4G17460	0.88	1.0	0.12	-0.54	0.814
path	0	0.0	0.872	0.0	0.872	AT1G23810	1.77	2.0	0.23	-0.93	0.817
path	0	0.0	0.872	0.0	0.872	AT3G51080	1.77	2.0	0.23	-0.93	0.817
path	0	0.0	0.872	0.0	0.872	AT2G35700	25.5	28.0	2.5	-3.93	0.82
path	0	0.0	0.872	0.0	0.872	AT2G45420	25.5	28.0	2.5	-3.93	0.82
path	0	0.0	0.872	0.0	0.872	AT3G01470	5.38	6.0	0.62	-1.87	0.824
path	0	0.0	0.872	0.0	0.872	AT1G50640	26.41	29.0	2.59	-4.16	0.829
path	0	0.0	0.872	0.0	0.872	AT5G56110	28.24	31.0	2.76	-4.32	0.83
path	0	0.0	0.872	0.0	0.872	AT1G13300	2.66	3.0	0.34	-1.32	0.831
path	0	0.0	0.872	0.0	0.872	AT1G76890	22.73	25.0	2.27	-4.0	0.834
path	0	0.0	0.872	0.0	0.872	AT3G11440	22.73	25.0	2.27	-4.0	0.834
path	0	0.0	0.872	0.0	0.872	AT3G50060	22.73	25.0	2.27	-4.0	0.834
path	0	0.0	0.872	0.0	0.872	AT5G58850	31.9	35.0	3.1	-4.64	0.835
path	0	0.0	0.872	0.0	0.872	AT5G46350	13.58	15.0	1.42	-3.2	0.837
path	0	0.0	0.872	0.0	0.872	AT5G10280	5.37	6.0	0.63	-2.02	0.838
path	0	0.0	0.872	0.0	0.872	AT3G02150	1.76	2.0	0.24	-1.08	0.839
path	0	0.0	0.872	0.0	0.872	AT3G13350	1.76	2.0	0.24	-1.08	0.839
path	0	0.0	0.872	0.0	0.872	AT2G01940	19.06	21.0	1.94	-3.83	0.841
path	0	0.0	0.872	0.0	0.872	AT2G20110	21.8	24.0	2.2	-4.07	0.841
path	0	0.0	0.872	0.0	0.872	AT4G11660	16.31	18.0	1.69	-3.59	0.843
path	0	0.0	0.872	0.0	0.872	AT5G52170	0.87	1.0	0.13	-0.7	0.843
path	0	0.0	0.872	0.0	0.872	AT5G64750	29.13	32.0	2.87	-4.71	0.846
path	0	0.0	0.872	0.0	0.872	AT1G66370	3.55	4.0	0.45	-1.71	0.847
path	0	0.0	0.872	0.0	0.872	AT2G18160	31.88	35.0	3.12	-4.95	0.848
path	0	0.0	0.872	0.0	0.872	AT2G45650	2.65	3.0	0.35	-1.47	0.849
path	0	0.0	0.872	0.0	0.872	AT3G04030	22.71	25.0	2.29	-4.31	0.849
path	0	0.0	0.872	0.0	0.872	AT3G60490	20.88	23.0	2.12	-4.15	0.849
path	0	0.0	0.872	0.0	0.872	AT3G61150	18.13	20.0	1.87	-3.91	0.85
path	0	0.0	0.872	0.0	0.872	AT5G60850	25.45	28.0	2.55	-4.55	0.85
path	0	0.0	0.872	0.0	0.872	AT1G72010	10.82	12.0	1.18	-3.12	0.853
path	0	0.0	0.872	0.0	0.872	AT3G12130	13.55	15.0	1.45	-3.51	0.855
path	0	0.0	0.872	0.0	0.872	AT5G06839	24.53	27.0	2.47	-4.62	0.857
path	0	0.0	0.872	0.0	0.872	AT5G02460	26.36	29.0	2.64	-4.78	0.858
path	0	0.0	0.872	0.0	0.872	AT4G16750	30.02	33.0	2.98	-5.1	0.86
path	0	0.0	0.872	0.0	0.872	AT1G13400	3.54	4.0	0.46	-1.86	0.861
path	0	0.0	0.872	0.0	0.872	AT4G17785	4.45	5.0	0.55	-2.1	0.862
path	0	0.0	0.872	0.0	0.872	AT5G16820	23.6	26.0	2.4	-4.7	0.864
path	0	0.0	0.872	0.0	0.872	AT1G22070	2.64	3.0	0.36	-1.63	0.865
path	0	0.0	0.872	0.0	0.872	AT2G26960	12.62	14.0	1.38	-3.58	0.866
path	0	0.0	0.872	0.0	0.872	AT3G20770	14.44	16.0	1.56	-3.9	0.87
path	0	0.0	0.872	0.0	0.872	AT2G41690	3.53	4.0	0.47	-2.02	0.875
path	0	0.0	0.872	0.0	0.872	AT3G04070	3.53	4.0	0.47	-2.02	0.875
path	0	0.0	0.872	0.0	0.872	AT5G13790	6.24	7.0	0.76	-2.72	0.877
path	0	0.0	0.872	0.0	0.872	AT1G70920	14.43	16.0	1.57	-4.05	0.878
path	0	0.0	0.872	0.0	0.872	AT3G27785	19.0	21.0	2.0	-4.61	0.879
path	0	0.0	0.872	0.0	0.872	AT1G69560	2.63	3.0	0.37	-1.78	0.88
path	0	0.0	0.872	0.0	0.872	AT1G71450	39.15	43.0	3.85	-6.21	0.88
path	0	0.0	0.872	0.0	0.872	AT2G45680	2.63	3.0	0.37	-1.78	0.88
path	0	0.0	0.872	0.0	0.872	AT3G12730	17.17	19.0	1.83	-4.45	0.881
path	0	0.0	0.872	0.0	0.872	AT1G25550	10.77	12.0	1.23	-3.73	0.888
path	0	0.0	0.872	0.0	0.872	AT2G17410	0.84	1.0	0.16	-1.01	0.888
path	0	0.0	0.872	0.0	0.872	AT5G17800	17.15	19.0	1.85	-4.6	0.888
path	0	0.0	0.872	0.0	0.872	AT1G69570	22.64	25.0	2.36	-5.23	0.89
path	0	0.0	0.872	0.0	0.872	AT2G01818	7.13	8.0	0.87	-3.11	0.89
path	0	0.0	0.872	0.0	0.872	AT5G65510	7.13	8.0	0.87	-3.11	0.89
path	0	0.0	0.872	0.0	0.872	AT3G03200	20.8	23.0	2.2	-5.07	0.891
path	0	0.0	0.872	0.0	0.872	AT3G22830	19.89	22.0	2.11	-4.99	0.891
path	0	0.0	0.872	0.0	0.872	AT3G47500	18.97	21.0	2.03	-4.91	0.892
path	0	0.0	0.872	0.0	0.872	AT5G14960	1.72	2.0	0.28	-1.55	0.892
path	0	0.0	0.872	0.0	0.872	AT4G37180	17.14	19.0	1.86	-4.75	0.894
path	0	0.0	0.872	0.0	0.872	AT1G55110	15.31	17.0	1.69	-4.59	0.897
path	0	0.0	0.872	0.0	0.872	AT3G11280	7.12	8.0	0.88	-3.26	0.899
path	0	0.0	0.872	0.0	0.872	AT1G49010	24.44	27.0	2.56	-5.7	0.9
path	0	0.0	0.872	0.0	0.872	AT4G25490	27.19	30.0	2.81	-5.94	0.9
path	0	0.0	0.872	0.0	0.872	AT2G45410	21.7	24.0	2.3	-5.46	0.902
path	0	0.0	0.872	0.0	0.872	AT1G12610	12.56	14.0	1.44	-4.36	0.904
path	0	0.0	0.872	0.0	0.872	AT1G24250	8.93	10.0	1.07	-3.73	0.904
path	0	0.0	0.872	0.0	0.872	AT1G51600	0.83	1.0	0.17	-1.16	0.905
path	0	0.0	0.872	0.0	0.872	AT3G18990	18.03	20.0	1.97	-5.14	0.905
path	0	0.0	0.872	0.0	0.872	AT5G13080	29.01	32.0	2.99	-6.25	0.905
path	0	0.0	0.872	0.0	0.872	AT2G02070	14.38	16.0	1.62	-4.67	0.906
path	0	0.0	0.872	0.0	0.872	AT5G62000	13.47	15.0	1.53	-4.59	0.908
path	0	0.0	0.872	0.0	0.872	AT5G43840	3.49	4.0	0.51	-2.48	0.909
path	0	0.0	0.872	0.0	0.872	AT5G41570	25.33	28.0	2.67	-6.09	0.91
path	0	0.0	0.872	0.0	0.872	AT5G45580	23.5	26.0	2.5	-5.93	0.911
path	0	0.0	0.872	0.0	0.872	AT1G13260	5.29	6.0	0.71	-3.1	0.914
path	0	0.0	0.872	0.0	0.872	AT1G49560	17.09	19.0	1.91	-5.37	0.917
path	0	0.0	0.872	0.0	0.872	AT1G79580	21.66	24.0	2.34	-5.92	0.917
path	0	0.0	0.872	0.0	0.872	AT1G28470	20.74	23.0	2.26	-5.84	0.918
path	0	0.0	0.872	0.0	0.872	AT3G60530	3.48	4.0	0.52	-2.63	0.918
path	0	0.0	0.872	0.0	0.872	AT5G05550	36.3	40.0	3.7	-7.35	0.919
path	0	0.0	0.872	0.0	0.872	AT5G47370	18.91	21.0	2.09	-5.68	0.92
path	0	0.0	0.872	0.0	0.872	AT1G26960	18.9	21.0	2.1	-5.84	0.925
path	0	0.0	0.872	0.0	0.872	AT5G07680	2.58	3.0	0.42	-2.4	0.925
path	0	0.0	0.872	0.0	0.872	AT2G01930	17.99	20.0	2.01	-5.76	0.926
path	0	0.0	0.872	0.0	0.872	AT4G36160	28.95	32.0	3.05	-7.02	0.927
path	0	0.0	0.872	0.0	0.872	AT3G28910	7.07	8.0	0.93	-3.88	0.928
path	0	0.0	0.872	0.0	0.872	AT5G52830	21.62	24.0	2.38	-6.39	0.93
path	0	0.0	0.872	0.0	0.872	AT5G58900	17.97	20.0	2.03	-5.91	0.93
path	0	0.0	0.872	0.0	0.872	AT5G10140	0.81	1.0	0.19	-1.47	0.932
path	0	0.0	0.872	0.0	0.872	AT5G22990	25.27	28.0	2.73	-6.86	0.932
path	0	0.0	0.872	0.0	0.872	AT3G44480	17.05	19.0	1.95	-5.99	0.936
path	0	0.0	0.872	0.0	0.872	AT4G14770	19.78	22.0	2.22	-6.38	0.936
path	0	0.0	0.872	0.0	0.872	AT4G22070	16.13	18.0	1.87	-5.91	0.938
path	0	0.0	0.872	0.0	0.872	AT1G75240	20.68	23.0	2.32	-6.62	0.939
path	0	0.0	0.872	0.0	0.872	AT4G01250	17.95	20.0	2.05	-6.22	0.939
path	0	0.0	0.872	0.0	0.872	AT3G02940	23.42	26.0	2.58	-7.01	0.94
path	0	0.0	0.872	0.0	0.872	AT1G47655	13.38	15.0	1.62	-5.67	0.943
path	0	0.0	0.872	0.0	0.872	AT5G60130	14.29	16.0	1.71	-5.9	0.945
path	0	0.0	0.872	0.0	0.872	AT3G16280	17.01	19.0	1.99	-6.45	0.948
path	0	0.0	0.872	0.0	0.872	AT4G10350	17.01	19.0	1.99	-6.45	0.948
path	0	0.0	0.872	0.0	0.872	AT3G15170	8.83	10.0	1.17	-4.96	0.95
path	0	0.0	0.872	0.0	0.872	AT3G17730	19.73	22.0	2.27	-7.0	0.951
path	0	0.0	0.872	0.0	0.872	AT3G09735	18.82	21.0	2.18	-6.92	0.952
path	0	0.0	0.872	0.0	0.872	AT1G65910	17.9	20.0	2.1	-6.84	0.953
path	0	0.0	0.872	0.0	0.872	AT2G15660	1.65	2.0	0.35	-2.47	0.953
path	0	0.0	0.872	0.0	0.872	AT2G42590	1.65	2.0	0.35	-2.47	0.953
path	0	0.0	0.872	0.0	0.872	AT4G29230	12.44	14.0	1.56	-5.9	0.953
path	0	0.0	0.872	0.0	0.872	AT4G36740	21.54	24.0	2.46	-7.47	0.955
path	0	0.0	0.872	0.0	0.872	AT1G12630	24.27	27.0	2.73	-7.86	0.956
path	0	0.0	0.872	0.0	0.872	AT5G06100	17.89	20.0	2.11	-6.99	0.956
path	0	0.0	0.872	0.0	0.872	AT5G39820	2.52	3.0	0.48	-3.17	0.96
path	0	0.0	0.872	0.0	0.872	AT4G18770	19.68	22.0	2.32	-7.62	0.962
path	0	0.0	0.872	0.0	0.872	AT5G56840	26.07	29.0	2.93	-8.48	0.962
path	0	0.0	0.872	0.0	0.872	AT4G01540	25.15	28.0	2.85	-8.4	0.963
path	0	0.0	0.872	0.0	0.872	AT4G28500	15.13	17.0	1.87	-6.91	0.963
path	0	0.0	0.872	0.0	0.872	AT4G38000	21.5	24.0	2.5	-7.93	0.963
path	0	0.0	0.872	0.0	0.872	AT1G32240	2.51	3.0	0.49	-3.32	0.965
path	0	0.0	0.872	0.0	0.872	AT1G14687	18.76	21.0	2.24	-7.69	0.966
path	0	0.0	0.872	0.0	0.872	AT1G30650	22.39	25.0	2.61	-8.32	0.967
path	0	0.0	0.872	0.0	0.872	AT2G43000	23.3	26.0	2.7	-8.55	0.968
path	0	0.0	0.872	0.0	0.872	AT2G46770	16.93	19.0	2.07	-7.53	0.968
path	0	0.0	0.872	0.0	0.872	AT2G22430	15.09	17.0	1.91	-7.37	0.971
path	0	0.0	0.872	0.0	0.872	AT4G18170	21.45	24.0	2.55	-8.55	0.972
path	0	0.0	0.872	0.0	0.872	AT1G80840	1.6	2.0	0.4	-3.09	0.973
path	0	0.0	0.872	0.0	0.872	AT3G02990	1.6	2.0	0.4	-3.09	0.973
path	0	0.0	0.872	0.0	0.872	AT5G65410	20.54	23.0	2.46	-8.47	0.973
path	0	0.0	0.872	0.0	0.872	AT5G66940	19.62	22.0	2.38	-8.39	0.973
path	0	0.0	0.872	0.0	0.872	AT2G46590	20.52	23.0	2.48	-8.78	0.976
path	0	0.0	0.872	0.0	0.872	AT1G29280	24.15	27.0	2.85	-9.4	0.977
path	0	0.0	0.872	0.0	0.872	AT2G18060	15.96	18.0	2.04	-8.07	0.977
path	0	0.0	0.872	0.0	0.872	AT1G74840	16.87	19.0	2.13	-8.3	0.978
path	0	0.0	0.872	0.0	0.872	AT4G00250	13.23	15.0	1.77	-7.67	0.979
path	0	0.0	0.872	0.0	0.872	AT4G23550	20.49	23.0	2.51	-9.08	0.979
path	0	0.0	0.872	0.0	0.872	AT4G25470	21.39	24.0	2.61	-9.32	0.98
path	0	0.0	0.872	0.0	0.872	AT2G23320	25.03	28.0	2.97	-9.95	0.981
path	0	0.0	0.872	0.0	0.872	AT1G01250	0.71	1.0	0.29	-2.7	0.983
path	0	0.0	0.872	0.0	0.872	AT1G12260	15.01	17.0	1.99	-8.45	0.983
path	0	0.0	0.872	0.0	0.872	AT1G34670	16.83	19.0	2.17	-8.76	0.983
path	0	0.0	0.872	0.0	0.872	AT1G64620	19.55	22.0	2.45	-9.31	0.983
path	0	0.0	0.872	0.0	0.872	AT2G02540	21.37	24.0	2.63	-9.63	0.983
path	0	0.0	0.872	0.0	0.872	AT3G24520	21.37	24.0	2.63	-9.63	0.983
path	0	0.0	0.872	0.0	0.872	AT1G52150	10.48	12.0	1.52	-7.44	0.984
path	0	0.0	0.872	0.0	0.872	AT2G15740	14.09	16.0	1.91	-8.37	0.984
path	0	0.0	0.872	0.0	0.872	AT5G47660	12.28	14.0	1.72	-8.06	0.985
path	0	0.0	0.872	0.0	0.872	AT3G45610	18.61	21.0	2.39	-9.54	0.986
path	0	0.0	0.872	0.0	0.872	AT5G51990	23.15	26.0	2.85	-10.4	0.986
path	0	0.0	0.872	0.0	0.872	AT5G62380	14.99	17.0	2.01	-8.76	0.986
path	0	0.0	0.872	0.0	0.872	AT5G61620	22.24	25.0	2.76	-10.32	0.987
path	0	0.0	0.872	0.0	0.872	AT1G77200	22.21	25.0	2.79	-10.63	0.989
path	0	0.0	0.872	0.0	0.872	AT3G28920	19.48	22.0	2.52	-10.24	0.989
path	0	0.0	0.872	0.0	0.872	AT4G25480	24.94	28.0	3.06	-11.18	0.989
path	0	0.0	0.872	0.0	0.872	AT1G63030	0.67	1.0	0.33	-3.16	0.99
path	0	0.0	0.872	0.0	0.872	AT3G24050	4.16	5.0	0.84	-5.8	0.99
path	0	0.0	0.872	0.0	0.872	AT5G47390	18.56	21.0	2.44	-10.16	0.99
path	0	0.0	0.872	0.0	0.872	AT2G44940	14.01	16.0	1.99	-9.45	0.991
path	0	0.0	0.872	0.0	0.872	AT3G50410	10.41	12.0	1.59	-8.36	0.991
path	0	0.0	0.872	0.0	0.872	AT2G02080	13.09	15.0	1.91	-9.37	0.992
path	0	0.0	0.872	0.0	0.872	AT2G28810	17.61	20.0	2.39	-10.54	0.992
path	0	0.0	0.872	0.0	0.872	AT1G08010	6.79	8.0	1.21	-7.42	0.993
path	0	0.0	0.872	0.0	0.872	AT2G40740	20.32	23.0	2.68	-11.24	0.993
path	0	0.0	0.872	0.0	0.872	AT4G26640	6.78	8.0	1.22	-7.58	0.993
path	0	0.0	0.872	0.0	0.872	AT5G62940	13.07	15.0	1.93	-9.68	0.993
path	0	0.0	0.872	0.0	0.872	AT1G51700	11.25	13.0	1.75	-9.37	0.994
path	0	0.0	0.872	0.0	0.872	AT5G63260	17.59	20.0	2.41	-10.85	0.994
path	0	0.0	0.872	0.0	0.872	AT1G74480	11.23	13.0	1.77	-9.67	0.995
path	0	0.0	0.872	0.0	0.872	AT2G03340	4.08	5.0	0.92	-6.72	0.995
path	0	0.0	0.872	0.0	0.872	AT3G52440	19.37	22.0	2.63	-11.63	0.995
path	0	0.0	0.872	0.0	0.872	AT4G32730	33.01	37.0	3.99	-14.06	0.995
path	0	0.0	0.872	0.0	0.872	AT1G19000	17.48	20.0	2.52	-12.24	0.997
path	0	0.0	0.872	0.0	0.872	AT3G55370	19.29	22.0	2.71	-12.71	0.997
path	0	0.0	0.872	0.0	0.872	AT5G25830	4.91	6.0	1.09	-7.88	0.997
path	0	0.0	0.872	0.0	0.872	AT4G32800	3.13	4.0	0.87	-7.11	0.998
path	0	0.0	0.872	0.0	0.872	AT5G26170	20.15	23.0	2.85	-13.4	0.998
path	0	0.0	0.872	0.0	0.872	AT5G66700	22.83	26.0	3.17	-14.57	0.998
path	0	0.0	0.872	0.0	0.872	AT1G29860	15.53	18.0	2.47	-13.62	0.999
path	0	0.0	0.872	0.0	0.872	AT2G30250	20.08	23.0	2.92	-14.33	0.999
path	0	0.0	0.872	0.0	0.872	AT2G38470	16.47	19.0	2.53	-13.39	0.999
path	0	0.0	0.872	0.0	0.872	AT3G01970	15.53	18.0	2.47	-13.62	0.999
path	0	0.0	0.872	0.0	0.872	AT5G09410	11.87	14.0	2.13	-13.3	0.999
path	0	0.0	0.872	0.0	0.872	AT1G06850	8.21	10.0	1.79	-12.83	1.0
path	0	0.0	0.872	0.0	0.872	AT1G17950	-0.02	0.0	0.02	-0.31	1.0
path	0	0.0	0.872	0.0	0.872	AT1G43700	0.42	1.0	0.58	-6.4	1.0
path	0	0.0	0.872	0.0	0.872	AT1G47870	-0.02	0.0	0.02	-0.31	1.0
path	0	0.0	0.872	0.0	0.872	AT1G66420	-0.01	0.0	0.01	-0.15	1.0
path	0	0.0	0.872	0.0	0.872	AT1G70910	-0.02	0.0	0.02	-0.31	1.0
path	0	0.0	0.872	0.0	0.872	AT1G73730	-0.22	0.0	0.22	-2.78	1.0
path	0	0.0	0.872	0.0	0.872	AT2G17900	-0.08	0.0	0.08	-1.08	1.0
path	0	0.0	0.872	0.0	0.872	AT2G18380	8.23	10.0	1.77	-12.67	1.0
path	0	0.0	0.872	0.0	0.872	AT2G21900	-0.14	0.0	0.14	-1.85	1.0
path	0	0.0	0.872	0.0	0.872	AT2G38090	-0.05	0.0	0.05	-0.62	1.0
path	0	0.0	0.872	0.0	0.872	AT2G39900	-0.06	0.0	0.06	-0.77	1.0
path	0	0.0	0.872	0.0	0.872	AT2G41835	-0.11	0.0	0.11	-1.39	1.0
path	0	0.0	0.872	0.0	0.872	AT2G48100	-0.01	0.0	0.01	-0.15	1.0
path	0	0.0	0.872	0.0	0.872	AT3G03660	-0.12	0.0	0.12	-1.54	1.0
path	0	0.0	0.872	0.0	0.872	AT3G21890	8.19	10.0	1.81	-13.14	1.0
path	0	0.0	0.872	0.0	0.872	AT3G22780	-0.1	0.0	0.1	-1.23	1.0
path	0	0.0	0.872	0.0	0.872	AT3G45170	-0.14	0.0	0.14	-1.85	1.0
path	0	0.0	0.872	0.0	0.872	AT3G46070	-0.07	0.0	0.07	-0.93	1.0
path	0	0.0	0.872	0.0	0.872	AT3G47620	-0.06	0.0	0.06	-0.77	1.0
path	0	0.0	0.872	0.0	0.872	AT3G49930	-0.04	0.0	0.04	-0.46	1.0
path	0	0.0	0.872	0.0	0.872	AT3G61120	-0.13	0.0	0.13	-1.7	1.0
path	0	0.0	0.872	0.0	0.872	AT4G12670	-0.01	0.0	0.01	-0.15	1.0
path	0	0.0	0.872	0.0	0.872	AT4G24240	-0.07	0.0	0.07	-0.93	1.0
path	0	0.0	0.872	0.0	0.872	AT5G08070	-0.07	0.0	0.07	-0.93	1.0
path	0	0.0	0.872	0.0	0.872	AT5G42520	-0.05	0.0	0.05	-0.62	1.0
path	0	0.0	0.872	0.0	0.872	AT5G48670	-0.04	0.0	0.04	-0.46	1.0
path	0	0.0	0.872	0.0	0.872	AT5G56930	-0.12	0.0	0.12	-1.54	1.0
path	0	0.0	0.872	0.0	0.872	AT5G62165	-0.04	0.0	0.04	-0.46	1.0
path	1	0.0	0.872	-0.301	0.462	AT4G32730	117.64	123.0	5.36	50.98	3.25e-14
path	1	0.0	0.872	-0.301	0.462	AT3G20770	58.91	61.0	2.09	33.32	1.39e-12
path	1	0.0	0.872	1.155	0.747	AT4G18170	151.51	161.0	9.49	33.83	1e-09
path	1	0.0	0.872	1.155	0.747	AT1G62300	130.5	139.0	8.5	29.51	1.24e-08
path	1	0.0	0.872	1.155	0.747	AT1G28470	132.59	141.0	8.41	29.47	1.78e-08
path	1	0.0	0.872	1.155	0.747	AT1G29860	147.78	157.0	9.22	29.83	8.83e-08
path	1	0.0	0.872	1.155	0.747	AT4G28500	112.03	119.0	6.97	25.15	2.03e-07
path	1	0.0	0.872	1.155	0.747	AT4G17980	134.87	144.0	9.13	27.03	5.05e-07
path	1	0.0	0.872	1.155	0.747	AT4G31800	161.89	173.0	11.11	28.83	1.07e-06
path	1	0.0	0.872	1.155	0.747	AT1G54330	117.26	125.0	7.74	24.35	1.25e-06
path	1	0.0	0.872	1.155	0.747	AT1G34180	122.45	131.0	8.55	24.91	1.31e-06
path	1	0.0	0.872	1.155	0.747	AT1G30650	147.29	157.0	9.71	27.11	1.59e-06
path	1	0.0	0.872	1.155	0.747	AT1G65910	121.17	129.0	7.83	24.27	2.15e-06
path	1	0.0	0.872	1.155	0.747	AT3G49530	106.03	113.0	6.97	22.55	2.38e-06
path	1	0.0	0.872	1.155	0.747	AT4G22070	109.03	116.0	6.97	22.83	2.48e-06
path	1	0.0	0.872	1.155	0.747	AT3G10480	118.63	127.0	8.37	23.63	3.5e-06
path	1	0.0	0.872	1.155	0.747	AT2G23320	164.94	176.0	11.06	27.75	3.54e-06
path	1	0.0	0.872	1.155	0.747	AT2G40740	152.02	162.0	9.98	26.67	3.57e-06
path	1	0.0	0.872	1.155	0.747	AT3G03200	123.81	132.0	8.19	23.87	4.48e-06
path	1	0.0	0.872	-0.301	0.462	AT5G25830	37.54	39.0	1.46	18.42	4.78e-06
path	1	0.0	0.872	1.155	0.747	AT1G29280	158.39	169.0	10.61	26.87	4.86e-06
path	1	0.0	0.872	1.155	0.747	AT4G01550	99.43	106.0	6.57	20.99	6.28e-06
path	1	0.0	0.872	1.155	0.747	AT2G38470	145.56	155.0	9.44	25.11	8.93e-06
path	1	0.0	0.872	1.155	0.747	AT2G18060	117.4	125.0	7.6	22.31	1.15e-05
path	1	0.0	0.872	1.155	0.747	AT5G41570	146.06	156.0	9.94	24.75	1.31e-05
path	1	0.0	0.872	1.155	0.747	AT2G30250	164.12	175.0	10.88	26.07	1.38e-05
path	1	0.0	0.872	1.155	0.747	AT5G24110	105.89	113.0	7.11	20.51	2.32e-05
path	1	0.0	0.872	-0.301	0.462	AT1G08010	38.38	40.0	1.62	17.46	2.62e-05
path	1	0.0	0.872	1.155	0.747	AT3G17730	126.54	135.0	8.46	22.11	3.16e-05
path	1	0.0	0.872	1.155	0.747	AT1G02250	89.7	96.0	6.3	18.47	3.44e-05
path	1	0.0	0.872	1.155	0.747	AT3G10500	114.9	123.0	8.1	20.99	3.51e-05
path	1	0.0	0.872	1.155	0.747	AT4G36160	163.62	175.0	11.38	24.71	3.99e-05
path	1	0.0	0.872	-0.301	0.462	AT2G04038	71.93	76.0	4.07	23.82	4.03e-05
path	1	0.0	0.872	1.155	0.747	AT1G19040	30.07	32.0	1.93	9.56	4.19e-05
path	1	0.0	0.872	1.155	0.747	AT3G01970	140.78	150.0	9.22	22.83	4.57e-05
path	1	0.0	0.872	1.155	0.747	AT5G13080	159.85	171.0	11.15	24.11	5.17e-05
path	1	0.0	0.872	1.155	0.747	AT1G12260	113.58	121.0	7.42	20.35	5.45e-05
path	1	0.0	0.872	1.155	0.747	AT5G04410	123.09	132.0	8.91	21.15	5.96e-05
path	1	0.0	0.872	1.155	0.747	AT4G23550	138.64	148.0	9.36	22.19	6.83e-05
path	1	0.0	0.872	1.155	0.747	AT5G62380	114.49	122.0	7.51	19.99	8.15e-05
path	1	0.0	0.872	-0.301	0.462	AT5G58850	72.84	77.0	4.16	22.62	0.000113
path	1	0.0	0.872	1.155	0.747	AT5G54230	128.05	137.0	8.95	20.03	0.000202
path	1	0.0	0.872	1.155	0.747	AT1G34190	117.18	126.0	8.82	19.23	0.000203
path	1	0.0	0.872	-0.301	0.462	AT1G45249	44.55	47.0	2.45	16.87	0.000263
path	1	0.0	0.872	1.155	0.747	AT5G52830	128.14	137.0	8.86	19.35	0.000338
path	1	0.0	0.872	-0.301	0.462	AT3G27785	50.31	53.0	2.69	17.48	0.000388
path	1	0.0	0.872	-0.301	0.462	AT1G75390	21.08	22.0	0.92	10.73	0.000393
path	1	0.0	0.872	1.155	0.747	AT1G53230	33.02	35.0	1.98	9.16	0.000393
path	1	0.0	0.872	1.155	0.747	AT1G16490	105.08	113.0	7.92	17.11	0.000511
path	1	0.0	0.872	-0.301	0.462	AT2G18160	70.8	75.0	4.2	20.13	0.000533
path	1	0.0	0.872	1.155	0.747	AT5G53950	58.09	62.0	3.91	12.36	0.000613
path	1	0.0	0.872	1.155	0.747	AT3G18400	129.6	139.0	9.4	18.63	0.00062
path	1	0.0	0.872	1.155	0.747	AT5G10280	38.66	41.0	2.34	9.72	0.000691
path	1	0.0	0.872	-0.301	0.462	AT4G34590	27.64	29.0	1.36	12.1	0.000746
path	1	0.0	0.872	1.155	0.747	AT4G01250	111.35	119.0	7.65	16.99	0.00078
path	1	0.0	0.872	1.155	0.747	AT5G62320	85.06	91.0	5.94	14.83	0.000803
path	1	0.0	0.872	1.155	0.747	AT5G64060	105.31	113.0	7.69	16.43	0.000865
path	1	0.0	0.872	1.155	0.747	AT1G32870	109.81	118.0	8.19	16.67	0.000938
path	1	0.0	0.872	1.155	0.747	AT2G03340	56.58	60.0	3.42	11.72	0.000998
path	1	0.0	0.872	1.155	0.747	AT5G26170	153.39	164.0	10.61	19.15	0.00111
path	1	0.0	0.872	1.155	0.747	AT3G61150	100.03	107.0	6.97	15.19	0.00159
path	1	0.0	0.872	1.155	0.747	AT4G26640	71.46	76.0	4.54	12.75	0.00164
path	1	0.0	0.872	1.155	0.747	AT5G39610	104.35	112.0	7.65	15.43	0.00171
path	1	0.0	0.872	1.155	0.747	AT5G46590	47.76	51.0	3.24	10.2	0.00188
path	1	0.0	0.872	1.389	1.786	AT1G69180	18.24	19.0	0.76	9.4	0.0019
path	1	0.0	0.872	1.155	0.747	AT4G38000	131.69	141.0	9.31	16.55	0.00252
path	1	0.0	0.872	1.155	0.747	AT5G66300	66.46	71.0	4.54	11.83	0.00253
path	1	0.0	0.872	1.155	0.747	AT1G34670	116.9	125.0	8.1	15.51	0.00277
path	1	0.0	0.872	-0.301	0.462	AT3G56850	71.45	76.0	4.55	17.45	0.0028
path	1	0.0	0.872	1.155	0.747	AT4G17785	33.93	36.0	2.07	8.12	0.00285
path	1	0.0	0.872	1.155	0.747	AT3G42860	73.92	79.0	5.08	12.35	0.00286
path	1	0.0	0.872	1.155	0.747	AT5G13180	113.63	122.0	8.37	15.23	0.00295
path	1	0.0	0.872	-0.301	0.462	AT3G62420	73.25	78.0	4.75	17.49	0.00303
path	1	0.0	0.872	1.155	0.747	AT2G46770	111.26	119.0	7.74	14.95	0.00315
path	1	0.0	0.872	1.155	0.747	AT3G02940	134.38	144.0	9.62	16.15	0.00348
path	1	0.0	0.872	1.155	0.747	AT1G79580	122.27	131.0	8.73	15.39	0.00365
path	1	0.0	0.872	1.155	0.747	AT5G18270	114.27	123.0	8.73	14.87	0.00382
path	1	0.0	0.872	1.155	0.747	AT1G30490	82.15	88.0	5.85	12.51	0.00425
path	1	0.0	0.872	1.155	0.747	AT3G18990	103.67	111.0	7.33	13.75	0.00497
path	1	0.0	0.872	1.155	0.747	AT4G10350	105.58	113.0	7.42	13.71	0.00547
path	1	0.0	0.872	1.155	0.747	AT3G04060	97.58	105.0	7.42	13.19	0.00565
path	1	0.0	0.872	1.155	0.747	AT1G06180	62.28	67.0	4.72	10.55	0.0057
path	1	0.0	0.872	1.155	0.747	AT5G56110	139.7	150.0	10.3	15.35	0.00622
path	1	0.0	0.872	1.155	0.747	AT1G09540	104.17	112.0	7.83	13.39	0.00641
path	1	0.0	0.872	1.155	0.747	AT5G65310	141.48	152.0	10.52	15.31	0.00664
path	1	0.0	0.872	-0.301	0.462	AT5G15830	69.43	74.0	4.57	15.45	0.00714
path	1	0.0	0.872	1.155	0.747	AT4G29230	84.2	90.0	5.8	11.79	0.00766
path	1	0.0	0.872	-0.301	0.462	AT1G32150	72.14	77.0	4.86	15.51	0.00783
path	1	0.0	0.872	-0.301	0.462	AT1G74480	42.62	45.0	2.38	12.17	0.00786
path	1	0.0	0.872	1.155	0.747	AT4G11660	88.7	95.0	6.3	12.03	0.00802
path	1	0.0	0.872	1.155	0.747	AT4G26030	88.39	95.0	6.61	12.03	0.00802
path	1	0.0	0.872	-0.301	0.462	AT2G35530	70.19	75.0	4.81	15.23	0.00829
path	1	0.0	0.872	1.389	1.786	AT5G51990	23.83	25.0	1.17	9.26	0.00834
path	1	0.0	0.872	1.155	0.747	AT3G11020	83.02	89.0	5.98	11.47	0.00905
path	1	0.0	0.872	1.155	0.747	AT5G46350	75.69	81.0	5.31	10.95	0.00908
path	1	0.0	0.872	1.155	0.747	AT1G76880	11.33	12.0	0.67	3.84	0.00955
path	1	0.0	0.872	1.155	0.747	AT1G06280	170.91	184.0	13.09	15.34	0.011
path	1	0.0	0.872	1.155	0.747	AT3G15170	64.64	69.0	4.36	9.83	0.011
path	1	0.0	0.872	1.155	0.747	AT3G30210	39.94	43.0	3.06	7.64	0.012
path	1	0.0	0.872	1.389	1.786	AT2G42590	5.86	6.0	0.14	3.98	0.012
path	1	0.0	0.872	1.155	0.747	AT1G80840	25.52	27.0	1.48	5.92	0.013
path	1	0.0	0.872	1.155	0.747	AT5G06950	125.11	135.0	9.89	13.27	0.013
path	1	0.0	0.872	-0.301	0.462	AT3G10800	36.72	39.0	2.28	10.34	0.015
path	1	0.0	0.872	-0.301	0.462	AT3G60530	15.3	16.0	0.7	6.45	0.015
path	1	0.0	0.872	-0.301	0.462	AT1G49560	42.44	45.0	2.56	10.95	0.016
path	1	0.0	0.872	1.155	0.747	AT1G70920	82.15	88.0	5.85	10.47	0.016
path	1	0.0	0.872	-0.301	0.462	AT5G59990	13.38	14.0	0.62	5.92	0.017
path	1	0.0	0.872	1.155	0.747	AT4G36740	125.82	135.0	9.18	12.59	0.017
path	1	0.0	0.872	1.155	0.747	AT5G09410	115.04	123.0	7.96	12.15	0.017
path	1	0.0	0.872	1.155	0.747	AT5G16820	121.05	130.0	8.95	12.35	0.018
path	1	0.0	0.872	-0.301	0.462	AT5G45580	52.65	56.0	3.35	11.66	0.02
path	1	0.0	0.872	1.155	0.747	AT1G74650	119.96	129.0	9.04	12.03	0.02
path	1	0.0	0.872	1.155	0.747	AT4G01680	75.15	81.0	5.85	9.59	0.021
path	1	0.0	0.872	1.155	0.747	AT5G56930	9.55	10.0	0.45	3.2	0.021
path	1	0.0	0.872	1.155	0.747	AT1G02230	98.49	106.0	7.51	10.79	0.022
path	1	0.0	0.872	1.155	0.747	AT1G04880	53.18	57.0	3.82	8.04	0.022
path	1	0.0	0.872	1.155	0.747	AT5G08750	23.47	25.0	1.53	5.28	0.022
path	1	0.0	0.872	-0.301	0.462	AT1G69570	49.82	53.0	3.18	11.11	0.023
path	1	0.0	0.872	-0.301	0.462	AT2G45680	11.5	12.0	0.5	5.14	0.024
path	1	0.0	0.872	1.155	0.747	AT3G01470	34.71	37.0	2.29	6.4	0.024
path	1	0.0	0.872	1.155	0.747	AT2G42200	106.72	115.0	8.28	10.95	0.025
path	1	0.0	0.872	1.155	0.747	AT3G09735	111.86	120.0	8.14	11.19	0.025
path	1	0.0	0.872	1.155	0.747	AT3G22830	107.13	115.0	7.87	10.95	0.025
path	1	0.0	0.872	-0.301	0.462	AT3G27010	13.34	14.0	0.66	5.43	0.029
path	1	0.0	0.872	1.155	0.747	AT4G00730	96.8	104.0	7.2	10.15	0.029
path	1	0.0	0.872	1.155	0.747	AT2G46130	43.85	47.0	3.15	6.88	0.031
path	1	0.0	0.872	1.155	0.747	AT2G20110	109.81	118.0	8.19	10.55	0.032
path	1	0.0	0.872	1.155	0.747	AT4G25470	132.29	142.0	9.71	11.43	0.032
path	1	0.0	0.872	-0.301	0.462	AT2G45650	10.53	11.0	0.47	4.63	0.033
path	1	0.0	0.872	-0.301	0.462	AT4G24470	15.19	16.0	0.81	5.71	0.033
path	1	0.0	0.872	-0.301	0.462	AT3G10580	41.18	44.0	2.82	9.46	0.034
path	1	0.0	0.872	-0.301	0.462	AT5G05790	29.09	31.0	1.91	7.97	0.034
path	1	0.0	0.872	1.155	0.747	AT3G08500	81.52	88.0	6.48	9.11	0.034
path	1	0.0	0.872	1.389	1.786	AT4G38620	4.85	5.0	0.15	3.13	0.034
path	1	0.0	0.872	-0.301	0.462	AT4G30080	3.87	4.0	0.13	2.53	0.035
path	1	0.0	0.872	1.155	0.747	AT1G69780	102.31	110.0	7.69	10.03	0.035
path	1	0.0	0.872	1.155	0.747	AT4G01540	142.39	153.0	10.61	11.55	0.035
path	1	0.0	0.872	1.155	0.747	AT1G12610	74.65	80.0	5.35	8.59	0.036
path	1	0.0	0.872	1.155	0.747	AT3G24520	133.2	143.0	9.8	11.07	0.037
path	1	0.0	0.872	1.155	0.747	AT3G61250	27.07	29.0	1.93	5.2	0.037
path	1	0.0	0.872	1.155	0.747	AT3G12820	40.12	43.0	2.88	6.28	0.039
path	1	0.0	0.872	1.155	0.747	AT4G31550	40.21	43.0	2.79	6.28	0.039
path	1	0.0	0.872	1.155	0.747	AT1G76890	112.54	121.0	8.46	10.15	0.04
path	1	0.0	0.872	-0.301	0.462	AT3G04030	46.92	50.0	3.08	9.58	0.041
path	1	0.0	0.872	1.155	0.747	AT3G02150	15.1	16.0	0.9	3.76	0.041
path	1	0.0	0.872	1.155	0.747	AT3G01530	102.81	111.0	8.19	9.67	0.042
path	1	0.0	0.872	1.155	0.747	AT1G75240	116.36	125.0	8.64	10.07	0.044
path	1	0.0	0.872	1.155	0.747	AT1G52150	80.33	86.0	5.67	8.47	0.045
path	1	0.0	0.872	1.155	0.747	AT1G72740	75.15	81.0	5.85	8.23	0.045
path	1	0.0	0.872	-0.301	0.462	AT1G43700	16.22	17.0	0.78	5.49	0.046
path	1	0.0	0.872	-0.301	0.462	AT5G61620	56.29	60.0	3.71	10.02	0.047
path	1	0.0	0.872	1.155	0.747	AT2G01818	46.76	50.0	3.24	6.48	0.047
path	1	0.0	0.872	1.155	0.747	AT1G20910	67.96	73.0	5.04	7.71	0.048
path	1	0.0	0.872	1.155	0.747	AT1G51220	72.24	78.0	5.76	7.95	0.048
path	1	0.0	0.872	1.155	0.747	AT2G38340	132.84	143.0	10.16	10.39	0.048
path	1	0.0	0.872	-0.301	0.462	AT3G11440	45.95	49.0	3.05	9.07	0.049
path	1	0.0	0.872	-0.301	0.462	AT2G23290	46.81	50.0	3.19	9.09	0.051
path	1	0.0	0.872	-0.301	0.462	AT3G24050	20.87	22.0	1.13	6.08	0.053
path	1	0.0	0.872	-0.301	0.462	AT2G36270	65.29	70.0	4.71	10.23	0.055
path	1	0.0	0.872	1.155	0.747	AT1G72360	14.01	15.0	0.99	3.44	0.055
path	1	0.0	0.872	1.155	0.747	AT3G06490	45.45	49.0	3.55	6.16	0.056
path	1	0.0	0.872	1.155	0.747	AT1G66370	25.34	27.0	1.66	4.56	0.058
path	1	0.0	0.872	1.155	0.747	AT1G34370	21.89	24.0	2.11	4.28	0.059
path	1	0.0	0.872	-0.301	0.462	AT5G44160	9.51	10.0	0.49	3.88	0.061
path	1	0.0	0.872	1.155	0.747	AT4G05100	56.64	61.0	4.36	6.6	0.063
path	1	0.0	0.872	1.389	1.786	AT4G25490	19.84	21.0	1.16	5.78	0.067
path	1	0.0	0.872	-0.301	0.462	AT4G18770	46.89	50.0	3.11	8.35	0.068
path	1	0.0	0.872	1.155	0.747	AT1G68320	83.3	90.0	6.7	7.71	0.068
path	1	0.0	0.872	1.155	0.747	AT3G53200	101.22	109.0	7.78	8.35	0.069
path	1	0.0	0.872	1.155	0.747	AT5G07680	24.43	26.0	1.57	4.24	0.071
path	1	0.0	0.872	-0.301	0.462	AT5G58900	41.28	44.0	2.72	7.74	0.072
path	1	0.0	0.872	1.155	0.747	AT3G06740	65.01	70.0	4.99	6.75	0.072
path	1	0.0	0.872	1.155	0.747	AT2G02540	131.2	141.0	9.8	9.07	0.075
path	1	0.0	0.872	1.155	0.747	AT2G33810	18.56	20.0	1.44	3.68	0.075
path	1	0.0	0.872	1.155	0.747	AT3G45150	18.52	20.0	1.48	3.68	0.075
path	1	0.0	0.872	1.389	1.786	AT1G66420	1.0	1.0	0.0	0.93	0.075
path	1	0.0	0.872	-0.301	0.462	AT1G69690	12.34	13.0	0.66	4.18	0.078
path	1	0.0	0.872	-0.301	0.462	AT5G03150	16.06	17.0	0.94	4.75	0.08
path	1	0.0	0.872	1.155	0.747	AT1G33240	108.54	117.0	8.46	8.19	0.081
path	1	0.0	0.872	1.155	0.747	AT1G18330	90.76	98.0	7.24	7.55	0.082
path	1	0.0	0.872	1.155	0.747	AT3G23210	25.75	28.0	2.25	4.2	0.084
path	1	0.0	0.872	1.155	0.747	AT3G60580	50.27	54.0	3.73	5.72	0.084
path	1	0.0	0.872	-0.301	0.462	AT4G18450	8.53	9.0	0.47	3.37	0.085
path	1	0.0	0.872	1.155	0.747	AT1G75080	23.2	25.0	1.8	3.92	0.088
path	1	0.0	0.872	1.155	0.747	AT3G02990	23.52	25.0	1.48	3.92	0.088
path	1	0.0	0.872	1.155	0.747	AT3G15270	126.88	137.0	10.12	8.47	0.088
path	1	0.0	0.872	-0.301	0.462	AT4G37180	37.5	40.0	2.5	6.93	0.089
path	1	0.0	0.872	1.155	0.747	AT3G58630	30.75	33.0	2.25	4.44	0.09
path	1	0.0	0.872	1.155	0.747	AT1G22070	20.65	22.0	1.35	3.64	0.092
path	1	0.0	0.872	-0.301	0.462	AT1G49010	49.57	53.0	3.43	7.68	0.094
path	1	0.0	0.872	-0.301	0.462	AT1G19000	50.61	54.0	3.39	7.7	0.095
path	1	0.0	0.872	1.155	0.747	AT5G14340	12.15	13.0	0.85	2.8	0.095
path	1	0.0	0.872	1.155	0.747	AT5G43840	28.11	30.0	1.89	4.16	0.095
path	1	0.0	0.872	-0.301	0.462	AT2G33710	51.37	55.0	3.63	7.72	0.096
path	1	0.0	0.872	1.155	0.747	AT2G38880	5.69	6.0	0.31	1.92	0.098
path	1	0.0	0.872	-0.301	0.462	AT1G53170	69.77	75.0	5.23	8.61	0.1
path	1	0.0	0.872	1.155	0.747	AT1G77640	25.2	27.0	1.8	3.88	0.101
path	1	0.0	0.872	1.155	0.747	AT1G76420	101.86	110.0	8.14	7.31	0.102
path	1	0.0	0.872	-0.301	0.462	AT5G47230	15.08	16.0	0.92	4.24	0.103
path	1	0.0	0.872	1.155	0.747	AT1G76110	41.76	45.0	3.24	4.88	0.104
path	1	0.0	0.872	1.389	1.786	AT2G17950	4.81	5.0	0.19	2.45	0.105
path	1	0.0	0.872	-0.301	0.462	AT3G61120	4.82	5.0	0.18	2.31	0.106
path	1	0.0	0.872	1.155	0.747	AT3G28920	125.6	135.0	9.4	7.83	0.106
path	1	0.0	0.872	1.155	0.747	AT2G30590	22.29	24.0	1.71	3.6	0.107
path	1	0.0	0.872	1.155	0.747	AT2G45410	112.41	121.0	8.59	7.43	0.108
path	1	0.0	0.872	-0.301	0.462	AT3G12250	55.87	60.0	4.13	7.57	0.11
path	1	0.0	0.872	1.155	0.747	AT1G20980	52.82	57.0	4.18	5.32	0.11
path	1	0.0	0.872	1.155	0.747	AT4G25480	150.58	162.0	11.42	8.31	0.11
path	1	0.0	0.872	1.155	0.747	AT1G25580	52.95	57.0	4.05	5.32	0.11
path	1	0.0	0.872	1.155	0.747	AT5G03790	114.0	123.0	9.0	7.39	0.111
path	1	0.0	0.872	1.389	1.786	AT1G18570	3.84	4.0	0.16	2.13	0.111
path	1	0.0	0.872	-0.301	0.462	AT3G24120	50.37	54.0	3.63	7.21	0.112
path	1	0.0	0.872	-0.301	0.462	AT3G46590	10.43	11.0	0.57	3.41	0.112
path	1	0.0	0.872	1.155	0.747	AT1G21910	19.52	21.0	1.48	3.32	0.113
path	1	0.0	0.872	1.155	0.747	AT2G01940	94.76	102.0	7.24	6.79	0.113
path	1	0.0	0.872	1.155	0.747	AT2G18350	94.71	102.0	7.29	6.79	0.113
path	1	0.0	0.872	1.155	0.747	AT2G40260	87.98	95.0	7.02	6.59	0.113
path	1	0.0	0.872	1.389	1.786	AT4G26030	12.27	13.0	0.73	3.85	0.115
path	1	0.0	0.872	-0.301	0.462	AT3G10030	22.49	24.0	1.51	4.89	0.118
path	1	0.0	0.872	1.155	0.747	AT1G36060	72.38	78.0	5.62	5.91	0.119
path	1	0.0	0.872	1.155	0.747	AT1G44830	45.36	49.0	3.64	4.8	0.119
path	1	0.0	0.872	-0.301	0.462	AT3G15210	66.07	71.0	4.93	7.8	0.12
path	1	0.0	0.872	1.155	0.747	AT3G03660	8.55	9.0	0.45	2.2	0.12
path	1	0.0	0.872	1.155	0.747	AT5G25475	8.42	9.0	0.58	2.2	0.12
path	1	0.0	0.872	1.155	0.747	AT5G67190	134.43	145.0	10.57	7.63	0.12
path	1	0.0	0.872	1.155	0.747	AT3G12720	85.16	92.0	6.84	6.31	0.121
path	1	0.0	0.872	1.155	0.747	AT5G05550	176.19	190.0	13.81	8.42	0.121
path	1	0.0	0.872	1.155	0.747	AT5G25190	158.96	172.0	13.04	8.11	0.122
path	1	0.0	0.872	-0.301	0.462	AT3G04070	11.37	12.0	0.63	3.43	0.123
path	1	0.0	0.872	-0.301	0.462	AT4G18890	11.27	12.0	0.73	3.43	0.123
path	1	0.0	0.872	1.389	1.786	AT2G02540	17.92	19.0	1.08	4.46	0.123
path	1	0.0	0.872	1.155	0.747	AT4G31060	121.47	131.0	9.53	7.23	0.124
path	1	0.0	0.872	1.389	1.786	AT1G63030	3.87	4.0	0.13	2.05	0.124
path	1	0.0	0.872	1.155	0.747	AT5G47660	87.57	94.0	6.43	6.27	0.125
path	1	0.0	0.872	1.389	1.786	AT1G69780	14.15	15.0	0.85	3.98	0.125
path	1	0.0	0.872	1.155	0.747	AT5G62000	76.29	82.0	5.71	5.83	0.128
path	1	0.0	0.872	1.155	0.747	AT5G66700	157.17	169.0	11.83	7.83	0.129
path	1	0.0	0.872	-0.301	0.462	AT3G12130	29.06	31.0	1.94	5.28	0.13
path	1	0.0	0.872	1.389	1.786	AT1G24250	8.56	9.0	0.44	3.08	0.13
path	1	0.0	0.872	-0.301	0.462	AT2G01930	39.29	42.0	2.71	5.99	0.132
path	1	0.0	0.872	-0.301	0.462	AT3G47500	39.28	42.0	2.72	5.99	0.132
path	1	0.0	0.872	-0.301	0.462	AT5G06960	29.94	32.0	2.06	5.3	0.133
path	1	0.0	0.872	1.155	0.747	AT5G65510	44.76	48.0	3.24	4.48	0.136
path	1	0.0	0.872	1.155	0.747	AT5G52660	92.44	100.0	7.56	6.15	0.137
path	1	0.0	0.872	1.155	0.747	AT3G47600	18.7	20.0	1.3	3.0	0.138
path	1	0.0	0.872	-0.301	0.462	AT2G02820	58.54	63.0	4.46	6.9	0.139
path	1	0.0	0.872	-0.301	0.462	AT1G14580	13.19	14.0	0.81	3.47	0.143
path	1	0.0	0.872	1.389	1.786	AT1G60920	0.99	1.0	0.01	0.85	0.144
path	1	0.0	0.872	-0.301	0.462	AT3G11280	18.82	20.0	1.18	4.08	0.145
path	1	0.0	0.872	-0.301	0.462	AT5G56840	55.06	59.0	3.94	6.57	0.145
path	1	0.0	0.872	1.155	0.747	AT5G02460	126.15	136.0	9.85	6.79	0.145
path	1	0.0	0.872	1.155	0.747	AT5G16600	4.64	5.0	0.36	1.6	0.145
path	1	0.0	0.872	-0.301	0.462	AT2G17410	4.79	5.0	0.21	2.06	0.146
path	1	0.0	0.872	-0.301	0.462	AT4G27900	4.77	5.0	0.23	2.06	0.146
path	1	0.0	0.872	1.155	0.747	AT2G38300	15.92	17.0	1.08	2.72	0.147
path	1	0.0	0.872	1.155	0.747	AT5G14960	15.97	17.0	1.03	2.72	0.147
path	1	0.0	0.872	1.389	1.786	AT1G73730	2.91	3.0	0.09	1.65	0.147
path	1	0.0	0.872	1.389	1.786	AT3G13350	2.9	3.0	0.1	1.65	0.147
path	1	0.0	0.872	1.389	1.786	AT1G69560	3.85	4.0	0.15	1.9	0.152
path	1	0.0	0.872	-0.301	0.462	AT5G44210	24.33	26.0	1.67	4.44	0.156
path	1	0.0	0.872	1.155	0.747	AT2G46680	80.66	87.0	6.34	5.39	0.157
path	1	0.0	0.872	1.155	0.747	AT2G45420	118.69	128.0	9.31	6.27	0.16
path	1	0.0	0.872	-0.301	0.462	AT5G22890	2.85	3.0	0.15	1.53	0.161
path	1	0.0	0.872	1.155	0.747	AT1G51600	10.37	11.0	0.63	2.16	0.161
path	1	0.0	0.872	1.155	0.747	AT3G01220	103.81	112.0	8.19	5.91	0.161
path	1	0.0	0.872	1.389	1.786	AT4G25480	19.74	21.0	1.26	4.06	0.161
path	1	0.0	0.872	1.155	0.747	AT4G28110	7.51	8.0	0.49	1.88	0.162
path	1	0.0	0.872	-0.301	0.462	AT1G47655	31.83	34.0	2.17	4.85	0.165
path	1	0.0	0.872	-0.301	0.462	AT5G47390	46.73	50.0	3.27	5.66	0.168
path	1	0.0	0.872	-0.301	0.462	AT4G27950	24.14	26.0	1.86	4.2	0.172
path	1	0.0	0.872	1.155	0.747	AT3G28910	47.54	51.0	3.46	4.08	0.172
path	1	0.0	0.872	1.389	1.786	AT2G30340	12.22	13.0	0.78	3.18	0.172
path	1	0.0	0.872	-0.301	0.462	AT4G14770	42.02	45.0	2.98	5.31	0.173
path	1	0.0	0.872	1.155	0.747	AT1G19210	152.45	165.0	12.55	6.55	0.174
path	1	0.0	0.872	1.155	0.747	AT1G22810	102.59	111.0	8.41	5.59	0.175
path	1	0.0	0.872	-0.301	0.462	AT1G71696	37.28	40.0	2.72	4.97	0.178
path	1	0.0	0.872	1.389	1.786	AT4G36740	15.99	17.0	1.01	3.51	0.178
path	1	0.0	0.872	-0.301	0.462	AT5G06839	45.68	49.0	3.32	5.39	0.179
path	1	0.0	0.872	-0.301	0.462	AT5G65210	45.58	49.0	3.42	5.39	0.179
path	1	0.0	0.872	1.155	0.747	AT5G51990	138.39	149.0	10.61	6.19	0.179
path	1	0.0	0.872	-0.301	0.462	AT1G28160	47.4	51.0	3.6	5.43	0.181
path	1	0.0	0.872	1.155	0.747	AT1G79180	55.5	60.0	4.5	4.23	0.181
path	1	0.0	0.872	-0.301	0.462	AT1G27730	23.4	25.0	1.6	3.93	0.185
path	1	0.0	0.872	1.155	0.747	AT1G03800	140.95	153.0	12.05	6.11	0.185
path	1	0.0	0.872	1.389	1.786	AT2G24570	2.88	3.0	0.12	1.5	0.185
path	1	0.0	0.872	-0.301	0.462	AT1G08320	52.06	56.0	3.94	5.53	0.186
path	1	0.0	0.872	-0.301	0.462	AT4G00250	34.62	37.0	2.38	4.66	0.186
path	1	0.0	0.872	-0.301	0.462	AT5G45300	28.75	31.0	2.25	4.3	0.187
path	1	0.0	0.872	1.155	0.747	AT2G15660	19.7	21.0	1.3	2.64	0.188
path	1	0.0	0.872	1.155	0.747	AT1G77200	135.61	146.0	10.39	5.91	0.19
path	1	0.0	0.872	1.155	0.747	AT2G47070	86.8	94.0	7.2	4.91	0.192
path	1	0.0	0.872	-0.301	0.462	AT5G25390	4.69	5.0	0.31	1.82	0.193
path	1	0.0	0.872	-0.301	0.462	AT2G20400	31.65	34.0	2.35	4.36	0.195
path	1	0.0	0.872	-0.301	0.462	AT1G03840	27.09	29.0	1.91	4.01	0.198
path	1	0.0	0.872	-0.301	0.462	AT4G37260	41.89	45.0	3.11	4.82	0.199
path	1	0.0	0.872	-0.301	0.462	AT2G32460	34.49	37.0	2.51	4.42	0.201
path	1	0.0	0.872	-0.301	0.462	AT5G11260	56.63	61.0	4.37	5.39	0.202
path	1	0.0	0.872	1.155	0.747	AT5G10030	142.26	154.0	11.74	5.75	0.202
path	1	0.0	0.872	1.155	0.747	AT1G01060	107.14	116.0	8.86	5.15	0.203
path	1	0.0	0.872	1.155	0.747	AT1G01250	16.92	18.0	1.08	2.36	0.203
path	1	0.0	0.872	1.155	0.747	AT5G18450	75.75	82.0	6.25	4.47	0.203
path	1	0.0	0.872	1.155	0.747	AT3G45170	9.46	10.0	0.54	1.84	0.207
path	1	0.0	0.872	1.155	0.747	AT5G08330	63.1	68.0	4.9	4.07	0.207
path	1	0.0	0.872	-0.301	0.462	AT3G52440	49.47	53.0	3.53	4.98	0.208
path	1	0.0	0.872	1.389	1.786	AT1G18960	0.97	1.0	0.03	0.78	0.209
path	1	0.0	0.872	1.389	1.786	AT1G74370	0.98	1.0	0.02	0.78	0.209
path	1	0.0	0.872	1.389	1.786	AT2G31460	0.98	1.0	0.02	0.78	0.209
path	1	0.0	0.872	1.389	1.786	AT3G49930	0.99	1.0	0.01	0.78	0.209
path	1	0.0	0.872	1.389	1.786	AT3G57920	10.34	11.0	0.66	2.6	0.21
path	1	0.0	0.872	-0.301	0.462	AT1G76870	3.81	4.0	0.19	1.55	0.212
path	1	0.0	0.872	-0.301	0.462	AT3G30530	3.76	4.0	0.24	1.55	0.212
path	1	0.0	0.872	1.155	0.747	AT2G43000	129.93	140.0	10.07	5.35	0.212
path	1	0.0	0.872	1.389	1.786	AT3G12820	5.68	6.0	0.32	1.95	0.213
path	1	0.0	0.872	1.155	0.747	AT1G69010	130.67	142.0	11.33	5.31	0.215
path	1	0.0	0.872	1.389	1.786	AT2G44940	13.18	14.0	0.82	2.83	0.216
path	1	0.0	0.872	1.155	0.747	AT3G22780	6.64	7.0	0.36	1.56	0.217
path	1	0.0	0.872	1.155	0.747	AT3G48160	6.6	7.0	0.4	1.56	0.217
path	1	0.0	0.872	1.155	0.747	AT5G10510	6.51	7.0	0.49	1.56	0.217
path	1	0.0	0.872	1.155	0.747	AT5G61270	6.55	7.0	0.45	1.56	0.217
path	1	0.0	0.872	1.155	0.747	AT5G67000	6.55	7.0	0.45	1.56	0.217
path	1	0.0	0.872	-0.301	0.462	AT3G51080	5.69	6.0	0.31	1.84	0.218
path	1	0.0	0.872	1.155	0.747	AT5G50570	23.16	25.0	1.84	2.56	0.221
path	1	0.0	0.872	1.155	0.747	AT3G50700	34.35	37.0	2.65	3.0	0.222
path	1	0.0	0.872	1.155	0.747	AT1G63030	18.79	20.0	1.21	2.32	0.223
path	1	0.0	0.872	1.389	1.786	AT5G66700	19.7	21.0	1.3	3.23	0.224
path	1	0.0	0.872	1.389	1.786	AT4G24020	1.93	2.0	0.07	1.1	0.225
path	1	0.0	0.872	1.389	1.786	AT3G13810	9.41	10.0	0.59	2.35	0.227
path	1	0.0	0.872	1.155	0.747	AT3G50260	161.0	174.0	13.0	5.34	0.232
path	1	0.0	0.872	1.155	0.747	AT1G13260	36.35	39.0	2.65	2.96	0.233
path	1	0.0	0.872	1.155	0.747	AT4G25490	132.52	143.0	10.48	4.95	0.234
path	1	0.0	0.872	-0.301	0.462	AT3G44480	36.38	39.0	2.62	3.97	0.235
path	1	0.0	0.872	-0.301	0.462	AT5G64750	51.14	55.0	3.86	4.53	0.236
path	1	0.0	0.872	1.155	0.747	AT3G20840	11.19	12.0	0.81	1.8	0.241
path	1	0.0	0.872	1.155	0.747	AT3G51470	11.06	12.0	0.94	1.8	0.241
path	1	0.0	0.872	1.155	0.747	AT3G26790	37.81	41.0	3.19	2.92	0.242
path	1	0.0	0.872	1.155	0.747	AT3G57920	74.02	80.0	5.98	3.83	0.242
path	1	0.0	0.872	1.155	0.747	AT5G13790	38.17	41.0	2.83	2.92	0.242
path	1	0.0	0.872	-0.301	0.462	AT2G31230	42.47	46.0	3.53	4.11	0.244
path	1	0.0	0.872	1.155	0.747	AT1G65620	15.88	17.0	1.12	2.04	0.244
path	1	0.0	0.872	1.155	0.747	AT3G26620	59.37	64.0	4.63	3.47	0.244
path	1	0.0	0.872	-0.301	0.462	AT2G03500	32.57	35.0	2.43	3.64	0.246
path	1	0.0	0.872	-0.301	0.462	AT2G22540	45.52	49.0	3.48	4.17	0.246
path	1	0.0	0.872	1.389	1.786	AT1G13400	3.81	4.0	0.19	1.45	0.247
path	1	0.0	0.872	1.155	0.747	AT2G30340	85.94	93.0	7.06	3.91	0.252
path	1	0.0	0.872	-0.301	0.462	AT2G38090	1.94	2.0	0.06	1.02	0.253
path	1	0.0	0.872	-0.301	0.462	AT4G38910	1.92	2.0	0.08	1.02	0.253
path	1	0.0	0.872	-0.301	0.462	AT5G42520	1.94	2.0	0.06	1.02	0.253
path	1	0.0	0.872	-0.301	0.462	AT5G47220	20.51	22.0	1.49	2.89	0.254
path	1	0.0	0.872	1.389	1.786	AT3G28910	6.62	7.0	0.38	1.83	0.254
path	1	0.0	0.872	1.389	1.786	AT1G12610	9.41	10.0	0.59	2.13	0.255
path	1	0.0	0.872	1.155	0.747	AT4G28140	22.34	24.0	1.66	2.24	0.257
path	1	0.0	0.872	1.155	0.747	AT2G35700	116.69	126.0	9.31	4.27	0.259
path	1	0.0	0.872	-0.301	0.462	AT1G72010	22.41	24.0	1.59	2.93	0.26
path	1	0.0	0.872	1.389	1.786	AT4G25470	15.93	17.0	1.07	2.61	0.26
path	1	0.0	0.872	-0.301	0.462	AT1G25550	23.35	25.0	1.65	2.95	0.263
path	1	0.0	0.872	-0.301	0.462	AT3G23220	16.72	18.0	1.28	2.57	0.263
path	1	0.0	0.872	1.389	1.786	AT2G02070	10.34	11.0	0.66	2.15	0.263
path	1	0.0	0.872	-0.301	0.462	AT3G12730	33.54	36.0	2.46	3.42	0.264
path	1	0.0	0.872	1.155	0.747	AT1G18570	17.52	19.0	1.48	2.0	0.264
path	1	0.0	0.872	1.155	0.747	AT4G04450	17.7	19.0	1.3	2.0	0.264
path	1	0.0	0.872	1.155	0.747	AT4G38620	17.65	19.0	1.35	2.0	0.264
path	1	0.0	0.872	-0.301	0.462	AT2G18380	34.62	37.0	2.38	3.44	0.266
path	1	0.0	0.872	1.155	0.747	AT3G21890	92.25	99.0	6.75	3.79	0.266
path	1	0.0	0.872	1.389	1.786	AT1G79180	7.5	8.0	0.5	1.85	0.267
path	1	0.0	0.872	1.155	0.747	AT1G73730	13.19	14.0	0.81	1.76	0.268
path	1	0.0	0.872	1.155	0.747	AT3G23250	12.74	14.0	1.26	1.76	0.268
path	1	0.0	0.872	1.389	1.786	AT5G42520	0.98	1.0	0.02	0.7	0.268
path	1	0.0	0.872	-0.301	0.462	AT3G13810	26.06	28.0	1.94	3.01	0.27
path	1	0.0	0.872	-0.301	0.462	AT5G67580	26.04	28.0	1.96	3.01	0.27
path	1	0.0	0.872	1.389	1.786	AT1G06180	7.48	8.0	0.52	1.78	0.278
path	1	0.0	0.872	-0.301	0.462	AT1G28370	50.08	54.0	3.92	3.78	0.279
path	1	0.0	0.872	1.155	0.747	AT2G24430	107.23	116.0	8.77	3.79	0.28
path	1	0.0	0.872	1.155	0.747	AT1G64620	117.87	127.0	9.13	3.91	0.281
path	1	0.0	0.872	1.155	0.747	AT5G65410	117.82	127.0	9.18	3.91	0.281
path	1	0.0	0.872	1.389	1.786	AT2G38340	15.88	17.0	1.12	2.38	0.282
path	1	0.0	0.872	-0.301	0.462	AT2G15740	35.44	38.0	2.56	3.21	0.284
path	1	0.0	0.872	1.155	0.747	AT2G42430	90.71	98.0	7.29	3.47	0.286
path	1	0.0	0.872	1.155	0.747	AT5G60130	82.61	89.0	6.39	3.31	0.288
path	1	0.0	0.872	-0.301	0.462	AT5G13910	7.51	8.0	0.49	1.63	0.292
path	1	0.0	0.872	-0.301	0.462	AT2G43000	48.37	52.0	3.63	3.49	0.293
path	1	0.0	0.872	1.389	1.786	AT3G16280	12.18	13.0	0.82	2.06	0.293
path	1	0.0	0.872	-0.301	0.462	AT3G10113	28.78	31.0	2.22	2.83	0.295
path	1	0.0	0.872	-0.301	0.462	AT5G10140	4.74	5.0	0.26	1.33	0.296
path	1	0.0	0.872	1.389	1.786	AT2G44840	13.03	14.0	0.97	2.08	0.297
path	1	0.0	0.872	1.389	1.786	AT5G17800	11.24	12.0	0.76	1.96	0.297
path	1	0.0	0.872	1.155	0.747	AT5G17300	116.29	126.0	9.71	3.59	0.299
path	1	0.0	0.872	1.389	1.786	AT5G07100	3.77	4.0	0.23	1.23	0.299
path	1	0.0	0.872	1.389	1.786	AT5G04390	7.48	8.0	0.52	1.63	0.301
path	1	0.0	0.872	1.155	0.747	AT5G60850	118.51	128.0	9.49	3.55	0.303
path	1	0.0	0.872	-0.301	0.462	AT5G06100	38.16	41.0	2.84	3.03	0.304
path	1	0.0	0.872	-0.301	0.462	AT3G12910	2.85	3.0	0.15	1.04	0.309
path	1	0.0	0.872	1.155	0.747	AT4G01720	16.79	18.0	1.21	1.68	0.309
path	1	0.0	0.872	-0.301	0.462	AT1G68670	15.85	17.0	1.15	2.06	0.311
path	1	0.0	0.872	1.155	0.747	AT2G22430	91.89	99.0	7.11	3.11	0.311
path	1	0.0	0.872	1.389	1.786	AT3G20840	1.91	2.0	0.09	0.88	0.312
path	1	0.0	0.872	1.155	0.747	AT5G62470	46.27	50.0	3.73	2.4	0.313
path	1	0.0	0.872	1.155	0.747	AT5G48670	2.87	3.0	0.13	0.96	0.314
path	1	0.0	0.872	1.155	0.747	AT1G69180	83.12	90.0	6.88	2.95	0.315
path	1	0.0	0.872	1.155	0.747	AT3G25990	31.39	34.0	2.61	2.04	0.317
path	1	0.0	0.872	-0.301	0.462	AT1G51700	32.65	35.0	2.35	2.66	0.318
path	1	0.0	0.872	1.389	1.786	AT5G63090	5.62	6.0	0.38	1.35	0.318
path	1	0.0	0.872	1.389	1.786	AT1G32870	12.1	13.0	0.9	1.83	0.32
path	1	0.0	0.872	1.389	1.786	AT3G20310	19.49	21.0	1.51	2.18	0.32
path	1	0.0	0.872	1.155	0.747	AT1G23810	12.15	13.0	0.85	1.44	0.321
path	1	0.0	0.872	1.155	0.747	AT5G22990	127.84	138.0	10.16	3.35	0.321
path	1	0.0	0.872	-0.301	0.462	AT1G52880	38.95	42.0	3.05	2.8	0.322
path	1	0.0	0.872	1.155	0.747	AT5G07100	24.93	27.0	2.07	1.84	0.322
path	1	0.0	0.872	1.155	0.747	AT5G39820	25.2	27.0	1.8	1.84	0.322
path	1	0.0	0.872	-0.301	0.462	AT5G63260	43.76	47.0	3.24	2.9	0.323
path	1	0.0	0.872	1.389	1.786	AT5G58620	0.97	1.0	0.03	0.63	0.323
path	1	0.0	0.872	-0.301	0.462	AT5G65130	21.25	23.0	1.75	2.18	0.325
path	1	0.0	0.872	1.389	1.786	AT4G01500	2.81	3.0	0.19	0.98	0.33
path	1	0.0	0.872	1.155	0.747	AT3G09600	110.69	120.0	9.31	3.03	0.331
path	1	0.0	0.872	-0.301	0.462	AT1G75490	28.76	31.0	2.24	2.34	0.335
path	1	0.0	0.872	-0.301	0.462	AT4G24020	3.76	4.0	0.24	1.06	0.335
path	1	0.0	0.872	1.155	0.747	AT2G44840	102.18	111.0	8.82	2.87	0.336
path	1	0.0	0.872	-0.301	0.462	AT1G31140	31.57	34.0	2.43	2.4	0.337
path	1	0.0	0.872	-0.301	0.462	AT1G69490	36.2	39.0	2.8	2.5	0.339
path	1	0.0	0.872	-0.301	0.462	AT1G14687	39.99	43.0	3.01	2.58	0.34
path	1	0.0	0.872	-0.301	0.462	AT5G08520	46.37	50.0	3.63	2.72	0.34
path	1	0.0	0.872	1.155	0.747	AT3G57600	13.74	15.0	1.26	1.4	0.341
path	1	0.0	0.872	1.155	0.747	AT1G71450	176.65	191.0	14.35	3.3	0.343
path	1	0.0	0.872	1.155	0.747	AT3G50410	78.06	84.0	5.94	2.39	0.352
path	1	0.0	0.872	1.389	1.786	AT1G03840	8.42	9.0	0.58	1.35	0.354
path	1	0.0	0.872	-0.301	0.462	AT1G01720	44.47	48.0	3.53	2.43	0.357
path	1	0.0	0.872	-0.301	0.462	AT1G50640	44.52	48.0	3.48	2.43	0.357
path	1	0.0	0.872	-0.301	0.462	AT3G47620	1.92	2.0	0.08	0.78	0.357
path	1	0.0	0.872	1.155	0.747	AT5G18560	79.52	86.0	6.48	2.35	0.357
path	1	0.0	0.872	1.155	0.747	AT2G15740	91.89	99.0	7.11	2.43	0.359
path	1	0.0	0.872	1.389	1.786	AT1G25550	7.49	8.0	0.51	1.25	0.36
path	1	0.0	0.872	1.389	1.786	AT2G33550	5.57	6.0	0.43	1.13	0.36
path	1	0.0	0.872	1.389	1.786	AT2G35700	13.97	15.0	1.03	1.58	0.36
path	1	0.0	0.872	1.389	1.786	AT3G11280	5.64	6.0	0.36	1.13	0.36
path	1	0.0	0.872	1.155	0.747	AT1G12630	127.84	138.0	10.16	2.67	0.362
path	1	0.0	0.872	1.389	1.786	AT2G22430	11.22	12.0	0.78	1.43	0.364
path	1	0.0	0.872	-0.301	0.462	AT5G05550	63.03	68.0	4.97	2.59	0.367
path	1	0.0	0.872	1.389	1.786	AT3G08500	9.29	10.0	0.71	1.3	0.368
path	1	0.0	0.872	1.389	1.786	AT3G51080	1.91	2.0	0.09	0.73	0.368
path	1	0.0	0.872	1.389	1.786	AT1G31140	10.26	11.0	0.74	1.33	0.371
path	1	0.0	0.872	-0.301	0.462	AT3G55370	48.35	52.0	3.65	2.27	0.373
path	1	0.0	0.872	1.155	0.747	AT2G26960	64.87	70.0	5.13	1.99	0.373
path	1	0.0	0.872	1.155	0.747	AT4G32800	44.76	48.0	3.24	1.76	0.374
path	1	0.0	0.872	1.389	1.786	AT2G46400	0.97	1.0	0.03	0.55	0.374
path	1	0.0	0.872	1.389	1.786	AT3G46070	0.97	1.0	0.03	0.55	0.374
path	1	0.0	0.872	1.389	1.786	AT4G24240	0.97	1.0	0.03	0.55	0.374
path	1	0.0	0.872	-0.301	0.462	AT3G23240	25.83	28.0	2.17	1.79	0.376
path	1	0.0	0.872	-0.301	0.462	AT3G50060	38.95	42.0	3.05	2.07	0.376
path	1	0.0	0.872	-0.301	0.462	AT5G66730	29.68	32.0	2.32	1.87	0.376
path	1	0.0	0.872	1.155	0.747	AT1G06850	89.34	96.0	6.66	2.15	0.378
path	1	0.0	0.872	1.155	0.747	AT1G46264	4.69	5.0	0.31	0.92	0.378
path	1	0.0	0.872	1.155	0.747	AT4G24240	4.73	5.0	0.27	0.92	0.378
path	1	0.0	0.872	1.155	0.747	AT5G08070	4.73	5.0	0.27	0.92	0.378
path	1	0.0	0.872	1.389	1.786	AT5G65410	13.99	15.0	1.01	1.43	0.378
path	1	0.0	0.872	1.389	1.786	AT3G01220	12.1	13.0	0.9	1.31	0.385
path	1	0.0	0.872	-0.301	0.462	AT5G13790	13.98	15.0	1.02	1.28	0.393
path	1	0.0	0.872	1.155	0.747	AT5G23930	119.7	130.0	10.3	2.15	0.393
path	1	0.0	0.872	1.389	1.786	AT5G67450	2.82	3.0	0.18	0.75	0.393
path	1	0.0	0.872	-0.301	0.462	AT2G06200	17.64	19.0	1.36	1.36	0.396
path	1	0.0	0.872	1.389	1.786	AT3G23250	1.86	2.0	0.14	0.65	0.396
path	1	0.0	0.872	-0.301	0.462	AT3G50410	28.86	31.0	2.14	1.6	0.397
path	1	0.0	0.872	1.155	0.747	AT5G02840	41.49	45.0	3.51	1.48	0.4
path	1	0.0	0.872	1.155	0.747	AT5G66940	112.14	121.0	8.86	1.99	0.4
path	1	0.0	0.872	1.155	0.747	AT2G02070	75.97	82.0	6.03	1.75	0.401
path	1	0.0	0.872	1.389	1.786	AT1G51700	10.28	11.0	0.72	1.11	0.402
path	1	0.0	0.872	1.389	1.786	AT4G32800	5.64	6.0	0.36	0.9	0.402
path	1	0.0	0.872	1.389	1.786	AT1G74840	12.12	13.0	0.88	1.16	0.403
path	1	0.0	0.872	1.389	1.786	AT5G62940	11.21	12.0	0.79	1.13	0.403
path	1	0.0	0.872	1.389	1.786	AT2G31230	12.92	14.0	1.08	1.18	0.404
path	1	0.0	0.872	1.155	0.747	AT5G67580	65.56	71.0	5.44	1.63	0.405
path	1	0.0	0.872	1.389	1.786	AT1G14580	3.75	4.0	0.25	0.78	0.405
path	1	0.0	0.872	1.155	0.747	AT3G55370	129.88	140.0	10.12	1.95	0.409
path	1	0.0	0.872	1.155	0.747	AT4G17460	6.55	7.0	0.45	0.88	0.41
path	1	0.0	0.872	1.389	1.786	AT3G23240	8.34	9.0	0.66	0.98	0.41
path	1	0.0	0.872	-0.301	0.462	AT3G45610	41.79	45.0	3.21	1.64	0.411
path	1	0.0	0.872	1.389	1.786	AT3G26790	4.65	5.0	0.35	0.8	0.412
path	1	0.0	0.872	1.155	0.747	AT1G32240	25.16	27.0	1.84	1.16	0.416
path	1	0.0	0.872	1.389	1.786	AT2G17900	0.97	1.0	0.03	0.48	0.421
path	1	0.0	0.872	1.155	0.747	AT5G67300	16.7	18.0	1.3	1.0	0.424
path	1	0.0	0.872	1.155	0.747	AT3G45610	113.09	122.0	8.91	1.63	0.425
path	1	0.0	0.872	1.155	0.747	AT4G38170	112.73	122.0	9.27	1.63	0.425
path	1	0.0	0.872	1.155	0.747	AT1G24250	51.0	55.0	4.0	1.28	0.429
path	1	0.0	0.872	-0.301	0.462	AT1G63040	0.95	1.0	0.05	0.51	0.43
path	1	0.0	0.872	1.389	1.786	AT5G62470	5.59	6.0	0.41	0.75	0.43
path	1	0.0	0.872	-0.301	0.462	AT3G20310	58.06	63.0	4.94	1.51	0.431
path	1	0.0	0.872	1.155	0.747	AT1G28370	130.12	141.0	10.88	1.59	0.432
path	1	0.0	0.872	1.155	0.747	AT2G21900	8.46	9.0	0.54	0.84	0.432
path	1	0.0	0.872	1.155	0.747	AT5G11260	143.86	156.0	12.14	1.63	0.432
path	1	0.0	0.872	1.155	0.747	AT1G19790	42.31	46.0	3.69	1.12	0.439
path	1	0.0	0.872	1.155	0.747	AT5G65130	54.14	59.0	4.86	1.19	0.439
path	1	0.0	0.872	-0.301	0.462	AT1G71450	63.83	69.0	5.17	1.39	0.441
path	1	0.0	0.872	-0.301	0.462	AT4G34410	48.1	52.0	3.9	1.29	0.441
path	1	0.0	0.872	1.155	0.747	AT1G25340	68.06	74.0	5.94	1.23	0.441
path	1	0.0	0.872	1.155	0.747	AT4G16750	135.89	147.0	11.11	1.47	0.441
path	1	0.0	0.872	1.155	0.747	AT4G01280	109.82	119.0	9.18	1.35	0.444
path	1	0.0	0.872	-0.301	0.462	AT4G06746	20.38	22.0	1.62	0.93	0.448
path	1	0.0	0.872	1.155	0.747	AT1G13400	22.29	24.0	1.71	0.88	0.453
path	1	0.0	0.872	-0.301	0.462	AT1G10720	1.85	2.0	0.15	0.53	0.454
path	1	0.0	0.872	-0.301	0.462	AT3G46070	1.9	2.0	0.1	0.53	0.454
path	1	0.0	0.872	-0.301	0.462	AT2G02080	33.44	36.0	2.56	0.97	0.456
path	1	0.0	0.872	-0.301	0.462	AT5G22500	12.03	13.0	0.97	0.75	0.456
path	1	0.0	0.872	1.155	0.747	AT4G34410	131.16	142.0	10.84	1.23	0.456
path	1	0.0	0.872	1.389	1.786	AT2G06200	5.58	6.0	0.42	0.6	0.458
path	1	0.0	0.872	1.389	1.786	AT2G46130	4.65	5.0	0.35	0.58	0.458
path	1	0.0	0.872	-0.301	0.462	AT1G32240	9.34	10.0	0.66	0.69	0.459
path	1	0.0	0.872	-0.301	0.462	AT5G08130	8.3	9.0	0.7	0.67	0.459
path	1	0.0	0.872	-0.301	0.462	AT4G36780	45.98	50.0	4.02	1.0	0.46
path	1	0.0	0.872	-0.301	0.462	AT5G67450	7.42	8.0	0.58	0.65	0.46
path	1	0.0	0.872	1.155	0.747	AT3G57230	11.97	13.0	1.03	0.76	0.46
path	1	0.0	0.872	-0.301	0.462	AT1G55110	28.73	31.0	2.27	0.87	0.462
path	1	0.0	0.872	-0.301	0.462	AT3G13350	4.68	5.0	0.32	0.59	0.462
path	1	0.0	0.872	-0.301	0.462	AT5G18560	28.67	31.0	2.33	0.87	0.462
path	1	0.0	0.872	1.155	0.747	AT1G17950	1.91	2.0	0.09	0.64	0.462
path	1	0.0	0.872	1.155	0.747	AT1G30210	1.87	2.0	0.13	0.64	0.462
path	1	0.0	0.872	1.155	0.747	AT1G47870	1.91	2.0	0.09	0.64	0.462
path	1	0.0	0.872	1.155	0.747	AT1G70910	1.91	2.0	0.09	0.64	0.462
path	1	0.0	0.872	1.155	0.747	AT3G09230	1.87	2.0	0.13	0.64	0.462
path	1	0.0	0.872	1.155	0.747	AT5G42820	1.82	2.0	0.18	0.64	0.462
path	1	0.0	0.872	1.155	0.747	AT5G49300	1.87	2.0	0.13	0.64	0.462
path	1	0.0	0.872	1.389	1.786	AT1G76420	11.1	12.0	0.9	0.68	0.462
path	1	0.0	0.872	-0.301	0.462	AT5G23930	43.29	47.0	3.71	0.94	0.463
path	1	0.0	0.872	1.389	1.786	AT4G00730	10.21	11.0	0.79	0.66	0.464
path	1	0.0	0.872	-0.301	0.462	AT5G17300	41.5	45.0	3.5	0.9	0.465
path	1	0.0	0.872	1.389	1.786	AT5G10510	0.95	1.0	0.05	0.4	0.465
path	1	0.0	0.872	1.389	1.786	AT5G61270	0.95	1.0	0.05	0.4	0.465
path	1	0.0	0.872	-0.301	0.462	AT5G25190	55.3	60.0	4.7	0.96	0.466
path	1	0.0	0.872	1.155	0.747	AT5G63090	39.54	43.0	3.46	0.84	0.469
path	1	0.0	0.872	1.155	0.747	AT1G26960	97.17	105.0	7.83	0.95	0.47
path	1	0.0	0.872	1.155	0.747	AT3G60490	97.08	105.0	7.92	0.95	0.47
path	1	0.0	0.872	1.389	1.786	AT1G27730	6.51	7.0	0.49	0.55	0.47
path	1	0.0	0.872	1.155	0.747	AT5G06839	112.78	122.0	9.22	0.95	0.472
path	1	0.0	0.872	-0.301	0.462	AT1G68550	48.88	53.0	4.12	0.82	0.474
path	1	0.0	0.872	-0.301	0.462	AT5G47370	35.2	38.0	2.8	0.76	0.474
path	1	0.0	0.872	1.155	0.747	AT2G33550	41.09	45.0	3.91	0.8	0.474
path	1	0.0	0.872	1.389	1.786	AT1G43700	3.76	4.0	0.24	0.48	0.475
path	1	0.0	0.872	1.389	1.786	AT3G25990	3.71	4.0	0.29	0.48	0.475
path	1	0.0	0.872	-0.301	0.462	AT1G78700	46.92	51.0	4.08	0.78	0.476
path	1	0.0	0.872	1.389	1.786	AT5G08130	2.79	3.0	0.21	0.45	0.476
path	1	0.0	0.872	1.155	0.747	AT2G18380	87.39	94.0	6.61	0.83	0.478
path	1	0.0	0.872	-0.301	0.462	AT5G29000	30.41	33.0	2.59	0.66	0.48
path	1	0.0	0.872	1.389	1.786	AT1G77200	14.85	16.0	1.15	0.56	0.482
path	1	0.0	0.872	1.389	1.786	AT3G60490	11.13	12.0	0.87	0.53	0.482
path	1	0.0	0.872	1.155	0.747	AT1G14687	104.63	113.0	8.37	0.79	0.483
path	1	0.0	0.872	1.389	1.786	AT1G02230	10.17	11.0	0.83	0.51	0.484
path	1	0.0	0.872	1.389	1.786	AT2G33710	13.89	15.0	1.11	0.53	0.484
path	1	0.0	0.872	-0.301	0.462	AT4G38170	40.66	44.0	3.34	0.64	0.485
path	1	0.0	0.872	1.155	0.747	AT1G71696	90.44	98.0	7.56	0.75	0.485
path	1	0.0	0.872	1.155	0.747	AT2G02080	90.89	98.0	7.11	0.75	0.485
path	1	0.0	0.872	-0.301	0.462	AT4G01280	39.69	43.0	3.31	0.62	0.486
path	1	0.0	0.872	-0.301	0.462	AT3G21175	12.98	14.0	1.02	0.53	0.487
path	1	0.0	0.872	1.155	0.747	AT2G39900	3.78	4.0	0.22	0.6	0.487
path	1	0.0	0.872	1.155	0.747	AT3G07220	3.73	4.0	0.27	0.6	0.487
path	1	0.0	0.872	1.155	0.747	AT3G13040	3.69	4.0	0.31	0.6	0.487
path	1	0.0	0.872	1.155	0.747	AT4G36620	3.73	4.0	0.27	0.6	0.487
path	1	0.0	0.872	1.155	0.747	AT5G40330	3.69	4.0	0.31	0.6	0.487
path	1	0.0	0.872	1.155	0.747	AT5G58620	3.73	4.0	0.27	0.6	0.487
path	1	0.0	0.872	1.155	0.747	AT3G16280	92.58	100.0	7.42	0.71	0.488
path	1	0.0	0.872	1.389	1.786	AT1G68670	4.65	5.0	0.35	0.43	0.488
path	1	0.0	0.872	-0.301	0.462	AT2G24430	37.84	41.0	3.16	0.58	0.489
path	1	0.0	0.872	1.389	1.786	AT1G70920	8.36	9.0	0.64	0.45	0.489
path	1	0.0	0.872	1.155	0.747	AT5G61600	32.99	36.0	3.01	0.64	0.49
path	1	0.0	0.872	-0.301	0.462	AT4G16750	49.0	53.0	4.0	0.57	0.491
path	1	0.0	0.872	1.389	1.786	AT2G28920	3.72	4.0	0.28	0.4	0.492
path	1	0.0	0.872	1.389	1.786	AT3G10580	10.14	11.0	0.86	0.43	0.494
path	1	0.0	0.872	1.155	0.747	AT3G21175	35.17	38.0	2.83	0.6	0.495
path	1	0.0	0.872	1.389	1.786	AT2G41690	2.81	3.0	0.19	0.38	0.496
path	1	0.0	0.872	1.389	1.786	AT3G61250	2.79	3.0	0.21	0.38	0.496
path	1	0.0	0.872	1.155	0.747	AT5G63260	114.0	123.0	9.0	0.59	0.497
path	1	0.0	0.872	-0.301	0.462	AT2G41690	8.37	9.0	0.63	0.43	0.499
path	1	0.0	0.872	1.155	0.747	AT2G46590	115.73	125.0	9.27	0.55	0.5
path	1	0.0	0.872	1.155	0.747	AT3G12730	84.16	91.0	6.84	0.55	0.5
path	1	0.0	0.872	1.155	0.747	AT1G01720	117.2	127.0	9.8	0.51	0.502
path	1	0.0	0.872	-0.301	0.462	AT2G28810	40.79	44.0	3.21	0.39	0.503
path	1	0.0	0.872	1.389	1.786	AT2G41835	0.96	1.0	0.04	0.33	0.505
path	1	0.0	0.872	1.389	1.786	AT4G17460	0.95	1.0	0.05	0.33	0.505
path	1	0.0	0.872	1.389	1.786	AT1G75240	12.05	13.0	0.95	0.33	0.508
path	1	0.0	0.872	1.155	0.747	AT1G75490	73.79	80.0	6.21	0.43	0.51
path	1	0.0	0.872	-0.301	0.462	AT1G74840	36.13	39.0	2.87	0.29	0.511
path	1	0.0	0.872	1.155	0.747	AT1G27360	7.37	8.0	0.63	0.52	0.511
path	1	0.0	0.872	1.389	1.786	AT1G20980	5.54	6.0	0.46	0.3	0.512
path	1	0.0	0.872	-0.301	0.462	AT2G01060	24.04	26.0	1.96	0.28	0.514
path	1	0.0	0.872	1.389	1.786	AT2G46590	12.98	14.0	1.02	0.28	0.514
path	1	0.0	0.872	-0.301	0.462	AT1G06850	31.6	34.0	2.4	0.19	0.52
path	1	0.0	0.872	-0.301	0.462	AT5G61600	11.91	13.0	1.09	0.26	0.521
path	1	0.0	0.872	1.155	0.747	AT1G68550	133.58	145.0	11.42	0.15	0.525
path	1	0.0	0.872	1.155	0.747	AT2G28920	30.44	33.0	2.56	0.36	0.525
path	1	0.0	0.872	-0.301	0.462	AT5G60130	28.7	31.0	2.3	0.13	0.526
path	1	0.0	0.872	1.389	1.786	AT2G47070	9.21	10.0	0.79	0.18	0.529
path	1	0.0	0.872	-0.301	0.462	AT1G27360	2.77	3.0	0.23	0.31	0.53
path	1	0.0	0.872	1.155	0.747	AT2G24570	12.92	14.0	1.08	0.4	0.531
path	1	0.0	0.872	1.389	1.786	AT5G02840	4.61	5.0	0.39	0.2	0.532
path	1	0.0	0.872	1.155	0.747	AT2G23340	108.05	117.0	8.95	0.03	0.536
path	1	0.0	0.872	1.389	1.786	AT1G74650	12.0	13.0	1.0	0.11	0.536
path	1	0.0	0.872	1.389	1.786	AT2G23340	12.01	13.0	0.99	0.11	0.536
path	1	0.0	0.872	1.389	1.786	AT1G12630	13.88	15.0	1.12	0.08	0.537
path	1	0.0	0.872	1.155	0.747	AT1G47655	74.97	81.0	6.03	0.07	0.539
path	1	0.0	0.872	1.389	1.786	AT2G01060	7.4	8.0	0.6	0.13	0.539
path	1	0.0	0.872	1.389	1.786	AT5G29000	9.21	10.0	0.79	0.11	0.539
path	1	0.0	0.872	1.389	1.786	AT5G47220	5.54	6.0	0.46	0.15	0.539
path	1	0.0	0.872	1.155	0.747	AT5G13910	16.65	18.0	1.35	0.32	0.54
path	1	0.0	0.872	-0.301	0.462	AT1G44830	14.69	16.0	1.31	0.08	0.541
path	1	0.0	0.872	1.155	0.747	AT1G08320	129.07	140.0	10.93	-0.09	0.541
path	1	0.0	0.872	1.155	0.747	AT2G28810	112.09	121.0	8.91	-0.05	0.541
path	1	0.0	0.872	1.155	0.747	AT5G65210	111.51	121.0	9.49	-0.05	0.541
path	1	0.0	0.872	-0.301	0.462	AT5G38860	1.85	2.0	0.15	0.29	0.543
path	1	0.0	0.872	1.389	1.786	AT1G76870	0.94	1.0	0.06	0.25	0.543
path	1	0.0	0.872	1.389	1.786	AT5G25475	0.94	1.0	0.06	0.25	0.543
path	1	0.0	0.872	1.389	1.786	AT5G52170	0.95	1.0	0.05	0.25	0.543
path	1	0.0	0.872	-0.301	0.462	AT2G23340	38.78	42.0	3.22	-0.14	0.544
path	1	0.0	0.872	-0.301	0.462	AT5G08330	21.23	23.0	1.77	-0.03	0.545
path	1	0.0	0.872	1.389	1.786	AT4G36780	13.77	15.0	1.23	0.01	0.546
path	1	0.0	0.872	1.155	0.747	AT1G53170	169.47	184.0	14.53	-0.3	0.548
path	1	0.0	0.872	1.389	1.786	AT4G01720	1.87	2.0	0.13	0.2	0.548
path	1	0.0	0.872	1.389	1.786	AT1G52880	11.07	12.0	0.93	0.01	0.549
path	1	0.0	0.872	1.389	1.786	AT2G46680	8.3	9.0	0.7	0.0	0.555
path	1	0.0	0.872	-0.301	0.462	AT5G10030	48.77	53.0	4.23	-0.4	0.558
path	1	0.0	0.872	-0.301	0.462	AT1G25340	23.86	26.0	2.14	-0.21	0.56
path	1	0.0	0.872	-0.301	0.462	AT3G21890	31.57	34.0	2.43	-0.3	0.56
path	1	0.0	0.872	1.155	0.747	AT1G78700	127.67	139.0	11.33	-0.41	0.562
path	1	0.0	0.872	1.389	1.786	AT5G66940	12.02	13.0	0.98	-0.12	0.563
path	1	0.0	0.872	1.389	1.786	AT5G58900	10.17	11.0	0.83	-0.09	0.564
path	1	0.0	0.872	1.389	1.786	AT4G05100	5.52	6.0	0.48	0.0	0.565
path	1	0.0	0.872	-0.301	0.462	AT3G57600	4.55	5.0	0.45	0.1	0.566
path	1	0.0	0.872	1.155	0.747	AT5G47370	95.22	103.0	7.78	-0.37	0.567
path	1	0.0	0.872	-0.301	0.462	AT5G22990	44.34	48.0	3.66	-0.51	0.568
path	1	0.0	0.872	1.155	0.747	AT5G22500	31.3	34.0	2.7	-0.0	0.568
path	1	0.0	0.872	1.389	1.786	AT3G15270	12.88	14.0	1.12	-0.17	0.568
path	1	0.0	0.872	-0.301	0.462	AT1G19790	14.67	16.0	1.33	-0.17	0.569
path	1	0.0	0.872	1.155	0.747	AT5G06100	97.13	105.0	7.87	-0.41	0.569
path	1	0.0	0.872	-0.301	0.462	AT1G18960	0.9	1.0	0.1	0.27	0.57
path	1	0.0	0.872	-0.301	0.462	AT5G62165	0.95	1.0	0.05	0.27	0.57
path	1	0.0	0.872	1.155	0.747	AT1G28160	116.02	126.0	9.98	-0.49	0.57
path	1	0.0	0.872	1.155	0.747	AT1G50640	116.33	126.0	9.67	-0.49	0.57
path	1	0.0	0.872	1.389	1.786	AT3G61150	9.23	10.0	0.77	-0.12	0.57
path	1	0.0	0.872	1.389	1.786	AT4G37180	9.24	10.0	0.76	-0.12	0.57
path	1	0.0	0.872	1.389	1.786	AT1G13300	1.86	2.0	0.14	0.13	0.571
path	1	0.0	0.872	1.389	1.786	AT4G04450	1.86	2.0	0.14	0.13	0.571
path	1	0.0	0.872	1.389	1.786	AT5G44160	1.85	2.0	0.15	0.13	0.571
path	1	0.0	0.872	-0.301	0.462	AT1G26960	34.18	37.0	2.82	-0.48	0.573
path	1	0.0	0.872	1.389	1.786	AT1G69490	10.14	11.0	0.86	-0.17	0.574
path	1	0.0	0.872	-0.301	0.462	AT5G62940	32.41	35.0	2.59	-0.52	0.578
path	1	0.0	0.872	1.389	1.786	AT3G50060	11.07	12.0	0.93	-0.22	0.578
path	1	0.0	0.872	1.389	1.786	AT5G61620	13.86	15.0	1.14	-0.29	0.58
path	1	0.0	0.872	1.155	0.747	AT2G01060	65.56	71.0	5.44	-0.41	0.583
path	1	0.0	0.872	1.155	0.747	AT5G62940	90.8	98.0	7.2	-0.61	0.586
path	1	0.0	0.872	1.389	1.786	AT1G55110	8.31	9.0	0.69	-0.22	0.587
path	1	0.0	0.872	1.389	1.786	AT5G66730	8.29	9.0	0.71	-0.22	0.587
path	1	0.0	0.872	-0.301	0.462	AT5G47660	28.68	31.0	2.32	-0.6	0.588
path	1	0.0	0.872	1.389	1.786	AT4G31550	3.69	4.0	0.31	-0.05	0.588
path	1	0.0	0.872	-0.301	0.462	AT2G26960	22.15	24.0	1.85	-0.5	0.589
path	1	0.0	0.872	-0.301	0.462	AT3G50700	11.04	12.0	0.96	-0.25	0.589
path	1	0.0	0.872	1.389	1.786	AT1G78700	13.75	15.0	1.25	-0.37	0.589
path	1	0.0	0.872	1.389	1.786	AT2G28810	12.02	13.0	0.98	-0.34	0.59
path	1	0.0	0.872	1.389	1.786	AT1G20910	6.44	7.0	0.56	-0.2	0.592
path	1	0.0	0.872	-0.301	0.462	AT1G03800	47.66	52.0	4.34	-0.91	0.593
path	1	0.0	0.872	-0.301	0.462	AT2G46590	40.66	44.0	3.34	-0.83	0.593
path	1	0.0	0.872	1.155	0.747	AT1G13300	15.74	17.0	1.26	-0.0	0.595
path	1	0.0	0.872	1.155	0.747	AT1G55110	76.7	83.0	6.3	-0.65	0.596
path	1	0.0	0.872	1.155	0.747	AT5G52170	6.51	7.0	0.49	0.2	0.596
path	1	0.0	0.872	1.155	0.747	AT4G06746	53.5	58.0	4.5	-0.49	0.598
path	1	0.0	0.872	-0.301	0.462	AT1G13300	5.55	6.0	0.45	-0.12	0.601
path	1	0.0	0.872	-0.301	0.462	AT5G67300	5.53	6.0	0.47	-0.12	0.601
path	1	0.0	0.872	1.155	0.747	AT4G36780	123.85	135.0	11.15	-1.01	0.601
path	1	0.0	0.872	1.155	0.747	AT2G17900	4.69	5.0	0.31	0.24	0.602
path	1	0.0	0.872	1.155	0.747	AT5G29000	81.8	89.0	7.2	-0.77	0.602
path	1	0.0	0.872	1.155	0.747	AT5G38860	4.6	5.0	0.4	0.24	0.602
path	1	0.0	0.872	1.389	1.786	AT5G08520	12.89	14.0	1.11	-0.47	0.602
path	1	0.0	0.872	1.389	1.786	AT5G47370	10.14	11.0	0.86	-0.39	0.602
path	1	0.0	0.872	-0.301	0.462	AT5G17800	29.52	32.0	2.48	-0.83	0.606
path	1	0.0	0.872	1.389	1.786	AT2G17410	0.94	1.0	0.06	0.1	0.609
path	1	0.0	0.872	1.389	1.786	AT2G21900	0.94	1.0	0.06	0.1	0.609
path	1	0.0	0.872	1.389	1.786	AT4G27900	0.93	1.0	0.07	0.1	0.609
path	1	0.0	0.872	1.389	1.786	AT1G49560	9.22	10.0	0.78	-0.42	0.61
path	1	0.0	0.872	1.389	1.786	AT2G42430	9.2	10.0	0.8	-0.42	0.61
path	1	0.0	0.872	1.389	1.786	AT1G26960	10.14	11.0	0.86	-0.47	0.612
path	1	0.0	0.872	1.155	0.747	AT1G32510	2.73	3.0	0.27	0.28	0.616
path	1	0.0	0.872	1.155	0.747	AT5G18090	2.73	3.0	0.27	0.28	0.616
path	1	0.0	0.872	-0.301	0.462	AT3G09600	37.65	41.0	3.35	-1.14	0.618
path	1	0.0	0.872	-0.301	0.462	AT2G17950	7.37	8.0	0.63	-0.33	0.62
path	1	0.0	0.872	1.155	0.747	AT4G14770	100.72	109.0	8.28	-1.17	0.621
path	1	0.0	0.872	-0.301	0.462	AT5G18450	24.75	27.0	2.25	-0.93	0.622
path	1	0.0	0.872	1.155	0.747	AT5G04390	52.28	57.0	4.72	-0.81	0.627
path	1	0.0	0.872	-0.301	0.462	AT5G04390	18.3	20.0	1.7	-0.82	0.628
path	1	0.0	0.872	1.155	0.747	AT5G17800	83.12	90.0	6.88	-1.13	0.628
path	1	0.0	0.872	-0.301	0.462	AT1G64620	39.71	43.0	3.29	-1.34	0.63
path	1	0.0	0.872	1.155	0.747	AT2G44940	92.58	100.0	7.42	-1.33	0.636
path	1	0.0	0.872	1.389	1.786	AT5G39610	9.16	10.0	0.84	-0.64	0.638
path	1	0.0	0.872	1.389	1.786	AT4G06746	5.5	6.0	0.5	-0.45	0.639
path	1	0.0	0.872	1.155	0.747	AT5G06960	67.29	73.0	5.71	-1.13	0.64
path	1	0.0	0.872	1.155	0.747	AT1G74840	98.04	106.0	7.96	-1.45	0.641
path	1	0.0	0.872	1.389	1.786	AT1G04880	4.58	5.0	0.42	-0.4	0.641
path	1	0.0	0.872	1.155	0.747	AT2G20400	74.48	81.0	6.52	-1.29	0.646
path	1	0.0	0.872	1.389	1.786	AT3G10113	7.32	8.0	0.68	-0.62	0.647
path	1	0.0	0.872	1.155	0.747	AT4G01500	16.29	18.0	1.71	-0.36	0.648
path	1	0.0	0.872	1.389	1.786	AT1G69570	11.03	12.0	0.97	-0.82	0.649
path	1	0.0	0.872	-0.301	0.462	AT3G60490	33.15	36.0	2.85	-1.48	0.65
path	1	0.0	0.872	-0.301	0.462	AT2G44940	32.33	35.0	2.67	-1.5	0.653
path	1	0.0	0.872	1.389	1.786	AT1G68550	13.74	15.0	1.26	-0.97	0.653
path	1	0.0	0.872	1.389	1.786	AT5G08750	1.83	2.0	0.17	-0.17	0.653
path	1	0.0	0.872	-0.301	0.462	AT2G28920	10.08	11.0	0.92	-0.76	0.658
path	1	0.0	0.872	1.389	1.786	AT1G76110	3.64	4.0	0.36	-0.42	0.66
path	1	0.0	0.872	1.155	0.747	AT5G10140	9.28	10.0	0.72	-0.2	0.662
path	1	0.0	0.872	-0.301	0.462	AT5G60850	39.58	43.0	3.42	-1.83	0.664
path	1	0.0	0.872	1.155	0.747	AT3G12130	64.6	70.0	5.4	-1.41	0.665
path	1	0.0	0.872	1.155	0.747	AT3G50060	100.54	109.0	8.46	-1.85	0.666
path	1	0.0	0.872	1.389	1.786	AT5G65310	12.84	14.0	1.16	-1.07	0.668
path	1	0.0	0.872	-0.301	0.462	AT5G66940	37.81	41.0	3.19	-1.87	0.669
path	1	0.0	0.872	1.389	1.786	AT3G01470	2.75	3.0	0.25	-0.37	0.67
path	1	0.0	0.872	1.155	0.747	AT3G15210	159.33	173.0	13.67	-2.46	0.672
path	1	0.0	0.872	1.155	0.747	AT5G66730	75.57	82.0	6.43	-1.65	0.672
path	1	0.0	0.872	1.389	1.786	AT2G30590	1.81	2.0	0.19	-0.25	0.672
path	1	0.0	0.872	1.389	1.786	AT3G26620	5.49	6.0	0.51	-0.67	0.673
path	1	0.0	0.872	1.155	0.747	AT4G00250	81.39	88.0	6.61	-1.77	0.675
path	1	0.0	0.872	-0.301	0.462	AT1G32510	0.9	1.0	0.1	0.02	0.676
path	1	0.0	0.872	-0.301	0.462	AT5G18090	0.9	1.0	0.1	0.02	0.676
path	1	0.0	0.872	-0.301	0.462	AT1G13260	11.04	12.0	0.96	-0.98	0.678
path	1	0.0	0.872	-0.301	0.462	AT3G57230	3.63	4.0	0.37	-0.41	0.679
path	1	0.0	0.872	1.155	0.747	AT5G08520	118.93	129.0	10.07	-2.25	0.679
path	1	0.0	0.872	1.155	0.747	AT1G67260	0.91	1.0	0.09	0.32	0.68
path	1	0.0	0.872	1.155	0.747	AT2G48100	0.96	1.0	0.04	0.32	0.68
path	1	0.0	0.872	1.155	0.747	AT4G12670	0.96	1.0	0.04	0.32	0.68
path	1	0.0	0.872	1.155	0.747	AT4G37790	0.87	1.0	0.13	0.32	0.68
path	1	0.0	0.872	1.155	0.747	AT3G52440	121.2	131.0	9.8	-2.29	0.681
path	1	0.0	0.872	-0.301	0.462	AT2G42590	5.53	6.0	0.47	-0.61	0.682
path	1	0.0	0.872	-0.301	0.462	AT4G01500	5.38	6.0	0.62	-0.61	0.682
path	1	0.0	0.872	1.155	0.747	AT2G41835	5.6	6.0	0.4	-0.12	0.683
path	1	0.0	0.872	1.389	1.786	AT1G34670	10.11	11.0	0.89	-1.07	0.683
path	1	0.0	0.872	1.389	1.786	AT3G47500	9.17	10.0	0.83	-1.02	0.683
path	1	0.0	0.872	-0.301	0.462	AT1G22810	32.97	36.0	3.03	-1.97	0.685
path	1	0.0	0.872	-0.301	0.462	AT1G69010	42.92	47.0	4.08	-2.24	0.685
path	1	0.0	0.872	1.389	1.786	AT1G18330	8.2	9.0	0.8	-0.97	0.685
path	1	0.0	0.872	1.389	1.786	AT2G32460	8.23	9.0	0.77	-0.97	0.685
path	1	0.0	0.872	1.389	1.786	AT5G10280	2.74	3.0	0.26	-0.45	0.685
path	1	0.0	0.872	1.155	0.747	AT1G72010	52.59	57.0	4.41	-1.49	0.686
path	1	0.0	0.872	-0.301	0.462	AT2G41835	1.85	2.0	0.15	-0.2	0.688
path	1	0.0	0.872	1.155	0.747	AT3G12250	131.53	143.0	11.47	-2.53	0.688
path	1	0.0	0.872	1.155	0.747	AT5G56840	132.07	143.0	10.93	-2.53	0.688
path	1	0.0	0.872	-0.301	0.462	AT2G40260	27.47	30.0	2.53	-1.85	0.689
path	1	0.0	0.872	1.155	0.747	AT2G41690	21.25	23.0	1.75	-0.8	0.689
path	1	0.0	0.872	1.389	1.786	AT1G80840	1.84	2.0	0.16	-0.32	0.69
path	1	0.0	0.872	1.389	1.786	AT4G01680	6.36	7.0	0.64	-0.87	0.69
path	1	0.0	0.872	1.389	1.786	AT3G51470	0.9	1.0	0.1	-0.12	0.691
path	1	0.0	0.872	1.389	1.786	AT5G14340	0.91	1.0	0.09	-0.12	0.691
path	1	0.0	0.872	1.155	0.747	AT2G22540	112.33	122.0	9.67	-2.45	0.695
path	1	0.0	0.872	1.155	0.747	AT2G03500	78.25	85.0	6.75	-2.05	0.697
path	1	0.0	0.872	-0.301	0.462	AT1G33240	33.95	37.0	3.05	-2.2	0.699
path	1	0.0	0.872	1.389	1.786	AT1G01060	10.02	11.0	0.98	-1.22	0.699
path	1	0.0	0.872	-0.301	0.462	AT1G01250	4.61	5.0	0.39	-0.63	0.7
path	1	0.0	0.872	-0.301	0.462	AT5G67190	43.19	47.0	3.81	-2.49	0.7
path	1	0.0	0.872	-0.301	0.462	AT3G50260	53.32	58.0	4.68	-2.75	0.701
path	1	0.0	0.872	1.155	0.747	AT3G44480	87.71	95.0	7.29	-2.25	0.702
path	1	0.0	0.872	1.155	0.747	AT1G69490	91.22	99.0	7.78	-2.33	0.703
path	1	0.0	0.872	1.389	1.786	AT5G64750	12.82	14.0	1.18	-1.44	0.706
path	1	0.0	0.872	1.155	0.747	AT1G10720	3.6	4.0	0.4	-0.08	0.707
path	1	0.0	0.872	1.155	0.747	AT2G46400	3.69	4.0	0.31	-0.08	0.707
path	1	0.0	0.872	1.389	1.786	AT4G28140	1.82	2.0	0.18	-0.4	0.707
path	1	0.0	0.872	-0.301	0.462	AT5G02460	40.45	44.0	3.55	-2.55	0.708
path	1	0.0	0.872	1.155	0.747	AT4G37260	100.36	109.0	8.64	-2.53	0.708
path	1	0.0	0.872	1.389	1.786	AT1G25340	6.35	7.0	0.65	-1.02	0.709
path	1	0.0	0.872	1.389	1.786	AT3G23220	3.61	4.0	0.39	-0.72	0.711
path	1	0.0	0.872	1.389	1.786	AT3G10030	4.54	5.0	0.46	-0.85	0.712
path	1	0.0	0.872	1.155	0.747	AT5G44210	53.37	58.0	4.63	-1.85	0.713
path	1	0.0	0.872	-0.301	0.462	AT1G36060	21.97	24.0	2.03	-1.97	0.716
path	1	0.0	0.872	-0.301	0.462	AT1G12630	42.34	46.0	3.66	-2.75	0.717
path	1	0.0	0.872	1.155	0.747	AT3G10113	69.84	76.0	6.16	-2.21	0.717
path	1	0.0	0.872	-0.301	0.462	AT1G69560	5.5	6.0	0.5	-0.86	0.719
path	1	0.0	0.872	-0.301	0.462	AT5G39820	7.35	8.0	0.65	-1.06	0.721
path	1	0.0	0.872	1.155	0.747	AT5G64750	126.3	137.0	10.7	-3.09	0.722
path	1	0.0	0.872	1.389	1.786	AT5G50570	1.8	2.0	0.2	-0.47	0.723
path	1	0.0	0.872	1.389	1.786	AT5G59990	1.81	2.0	0.19	-0.47	0.723
path	1	0.0	0.872	1.155	0.747	AT1G52880	97.54	106.0	8.46	-2.81	0.727
path	1	0.0	0.872	1.389	1.786	AT5G45300	6.31	7.0	0.69	-1.17	0.728
path	1	0.0	0.872	1.389	1.786	AT5G52660	8.17	9.0	0.83	-1.34	0.728
path	1	0.0	0.872	1.155	0.747	AT5G08130	20.07	22.0	1.93	-1.12	0.731
path	1	0.0	0.872	1.389	1.786	AT2G23290	10.02	11.0	0.98	-1.52	0.731
path	1	0.0	0.872	1.389	1.786	AT2G45410	10.05	11.0	0.95	-1.52	0.731
path	1	0.0	0.872	-0.301	0.462	AT2G45420	37.65	41.0	3.35	-2.85	0.732
path	1	0.0	0.872	1.155	0.747	AT5G47390	110.91	120.0	9.09	-3.09	0.733
path	1	0.0	0.872	1.389	1.786	AT3G24050	3.65	4.0	0.35	-0.87	0.734
path	1	0.0	0.872	1.155	0.747	AT3G46590	18.43	20.0	1.57	-1.08	0.736
path	1	0.0	0.872	1.389	1.786	AT1G23810	0.91	1.0	0.09	-0.27	0.736
path	1	0.0	0.872	-0.301	0.462	AT3G58630	8.19	9.0	0.81	-1.29	0.737
path	1	0.0	0.872	-0.301	0.462	AT5G02840	12.74	14.0	1.26	-1.68	0.737
path	1	0.0	0.872	1.155	0.747	AT3G20310	153.28	167.0	13.72	-3.7	0.737
path	1	0.0	0.872	1.389	1.786	AT5G22500	2.7	3.0	0.3	-0.75	0.739
path	1	0.0	0.872	1.155	0.747	AT1G69560	16.61	18.0	1.39	-1.04	0.74
path	1	0.0	0.872	1.155	0.747	AT2G06200	43.22	47.0	3.78	-1.96	0.742
path	1	0.0	0.872	1.155	0.747	AT2G01930	89.49	97.0	7.51	-2.97	0.744
path	1	0.0	0.872	1.389	1.786	AT2G22540	10.93	12.0	1.07	-1.72	0.744
path	1	0.0	0.872	1.389	1.786	AT5G60850	10.95	12.0	1.05	-1.72	0.744
path	1	0.0	0.872	-0.301	0.462	AT3G16280	30.33	33.0	2.67	-2.77	0.745
path	1	0.0	0.872	1.155	0.747	AT3G23220	37.45	41.0	3.55	-1.84	0.745
path	1	0.0	0.872	-0.301	0.462	AT5G52170	1.82	2.0	0.18	-0.45	0.746
path	1	0.0	0.872	1.389	1.786	AT1G19790	3.59	4.0	0.41	-0.95	0.746
path	1	0.0	0.872	1.155	0.747	AT2G02820	139.63	152.0	12.37	-3.73	0.747
path	1	0.0	0.872	1.155	0.747	AT3G04030	100.45	109.0	8.55	-3.21	0.748
path	1	0.0	0.872	1.389	1.786	AT5G56110	11.86	13.0	1.14	-1.84	0.749
path	1	0.0	0.872	1.389	1.786	AT1G16490	8.13	9.0	0.87	-1.57	0.752
path	1	0.0	0.872	1.155	0.747	AT5G47230	28.44	31.0	2.56	-1.64	0.753
path	1	0.0	0.872	1.389	1.786	AT3G04070	1.81	2.0	0.19	-0.62	0.753
path	1	0.0	0.872	1.389	1.786	AT3G23210	1.75	2.0	0.25	-0.62	0.753
path	1	0.0	0.872	1.389	1.786	AT4G18890	1.78	2.0	0.22	-0.62	0.753
path	1	0.0	0.872	1.389	1.786	AT5G03790	10.01	11.0	0.99	-1.74	0.753
path	1	0.0	0.872	-0.301	0.462	AT2G39900	0.92	1.0	0.08	-0.22	0.755
path	1	0.0	0.872	-0.301	0.462	AT3G07220	0.9	1.0	0.1	-0.22	0.755
path	1	0.0	0.872	-0.301	0.462	AT3G13040	0.89	1.0	0.11	-0.22	0.755
path	1	0.0	0.872	-0.301	0.462	AT4G36620	0.9	1.0	0.1	-0.22	0.755
path	1	0.0	0.872	-0.301	0.462	AT5G40330	0.89	1.0	0.11	-0.22	0.755
path	1	0.0	0.872	1.389	1.786	AT5G62000	6.37	7.0	0.63	-1.4	0.755
path	1	0.0	0.872	1.389	1.786	AT3G57230	0.89	1.0	0.11	-0.35	0.756
path	1	0.0	0.872	1.389	1.786	AT1G49010	10.95	12.0	1.05	-1.87	0.758
path	1	0.0	0.872	1.155	0.747	AT1G74370	1.78	2.0	0.22	-0.04	0.759
path	1	0.0	0.872	1.155	0.747	AT2G31460	1.82	2.0	0.18	-0.04	0.759
path	1	0.0	0.872	1.155	0.747	AT3G49930	1.87	2.0	0.13	-0.04	0.759
path	1	0.0	0.872	1.155	0.747	AT5G62165	1.87	2.0	0.13	-0.04	0.759
path	1	0.0	0.872	-0.301	0.462	AT2G33550	12.59	14.0	1.41	-1.92	0.76
path	1	0.0	0.872	1.389	1.786	AT4G16750	12.78	14.0	1.22	-2.04	0.761
path	1	0.0	0.872	1.155	0.747	AT3G23240	63.97	70.0	6.03	-2.77	0.762
path	1	0.0	0.872	1.389	1.786	AT5G13180	9.08	10.0	0.92	-1.77	0.763
path	1	0.0	0.872	1.155	0.747	AT4G27950	52.83	58.0	5.17	-2.53	0.764
path	1	0.0	0.872	1.389	1.786	AT1G50640	10.93	12.0	1.07	-1.94	0.764
path	1	0.0	0.872	1.389	1.786	AT5G61600	2.67	3.0	0.33	-0.9	0.764
path	1	0.0	0.872	1.389	1.786	AT2G03500	7.26	8.0	0.74	-1.6	0.765
path	1	0.0	0.872	1.389	1.786	AT2G02080	8.22	9.0	0.78	-1.72	0.767
path	1	0.0	0.872	1.389	1.786	AT3G09600	9.97	11.0	1.03	-1.89	0.767
path	1	0.0	0.872	1.389	1.786	AT3G44480	8.2	9.0	0.8	-1.72	0.767
path	1	0.0	0.872	-0.301	0.462	AT2G42430	28.38	31.0	2.62	-3.05	0.769
path	1	0.0	0.872	1.155	0.747	AT3G12910	4.6	5.0	0.4	-0.44	0.769
path	1	0.0	0.872	1.389	1.786	AT2G35530	14.53	16.0	1.47	-2.29	0.771
path	1	0.0	0.872	1.389	1.786	AT3G28920	10.96	12.0	1.04	-2.02	0.771
path	1	0.0	0.872	1.389	1.786	AT4G01280	9.99	11.0	1.01	-1.97	0.774
path	1	0.0	0.872	-0.301	0.462	AT4G31060	37.57	41.0	3.43	-3.59	0.775
path	1	0.0	0.872	-0.301	0.462	AT3G53200	30.2	33.0	2.8	-3.26	0.776
path	1	0.0	0.872	1.155	0.747	AT5G67450	17.38	19.0	1.62	-1.4	0.777
path	1	0.0	0.872	-0.301	0.462	AT1G19210	48.48	53.0	4.52	-4.08	0.778
path	1	0.0	0.872	1.389	1.786	AT5G18270	9.04	10.0	0.96	-1.92	0.778
path	1	0.0	0.872	1.389	1.786	AT4G29230	6.36	7.0	0.64	-1.62	0.779
path	1	0.0	0.872	1.389	1.786	AT2G26960	5.43	6.0	0.57	-1.5	0.78
path	1	0.0	0.872	1.389	1.786	AT5G39820	1.8	2.0	0.2	-0.77	0.781
path	1	0.0	0.872	1.155	0.747	AT2G32460	80.03	87.0	6.97	-3.45	0.782
path	1	0.0	0.872	1.155	0.747	AT5G45300	64.75	71.0	6.25	-3.13	0.783
path	1	0.0	0.872	-0.301	0.462	AT2G18350	28.38	31.0	2.62	-3.3	0.784
path	1	0.0	0.872	1.155	0.747	AT3G11440	98.54	107.0	8.46	-3.85	0.784
path	1	0.0	0.872	1.389	1.786	AT1G19000	10.96	12.0	1.04	-2.17	0.784
path	1	0.0	0.872	-0.301	0.462	AT5G63090	11.75	13.0	1.25	-2.19	0.79
path	1	0.0	0.872	1.389	1.786	AT1G19210	13.62	15.0	1.38	-2.47	0.79
path	1	0.0	0.872	1.389	1.786	AT1G72010	4.51	5.0	0.49	-1.45	0.791
path	1	0.0	0.872	1.155	0.747	AT5G25390	7.15	8.0	0.85	-0.84	0.792
path	1	0.0	0.872	1.389	1.786	AT5G43840	1.79	2.0	0.21	-0.85	0.793
path	1	0.0	0.872	1.389	1.786	AT3G50260	14.57	16.0	1.43	-2.59	0.794
path	1	0.0	0.872	-0.301	0.462	AT2G38300	3.61	4.0	0.39	-1.14	0.796
path	1	0.0	0.872	-0.301	0.462	AT5G14960	3.63	4.0	0.37	-1.14	0.796
path	1	0.0	0.872	1.389	1.786	AT2G03340	3.62	4.0	0.38	-1.32	0.796
path	1	0.0	0.872	1.389	1.786	AT3G60580	3.59	4.0	0.41	-1.32	0.796
path	1	0.0	0.872	1.389	1.786	AT3G21175	2.69	3.0	0.31	-1.12	0.797
path	1	0.0	0.872	1.389	1.786	AT3G24120	10.89	12.0	1.11	-2.32	0.797
path	1	0.0	0.872	-0.301	0.462	AT3G26620	17.33	19.0	1.67	-2.8	0.799
path	1	0.0	0.872	1.155	0.747	AT1G51700	79.48	86.0	6.52	-3.77	0.8
path	1	0.0	0.872	1.389	1.786	AT3G18400	9.96	11.0	1.04	-2.27	0.8
path	1	0.0	0.872	1.389	1.786	AT4G38170	9.98	11.0	1.02	-2.27	0.8
path	1	0.0	0.872	1.155	0.747	AT1G31140	77.25	84.0	6.75	-3.73	0.801
path	1	0.0	0.872	1.155	0.747	AT1G68670	35.81	39.0	3.19	-2.48	0.801
path	1	0.0	0.872	1.155	0.747	AT3G10800	69.66	76.0	6.34	-3.57	0.802
path	1	0.0	0.872	1.389	1.786	AT1G51220	5.37	6.0	0.63	-1.72	0.804
path	1	0.0	0.872	1.389	1.786	AT5G46350	5.42	6.0	0.58	-1.72	0.804
path	1	0.0	0.872	-0.301	0.462	AT1G01060	32.81	36.0	3.19	-3.93	0.805
path	1	0.0	0.872	1.389	1.786	AT3G60530	1.79	2.0	0.21	-0.92	0.805
path	1	0.0	0.872	1.389	1.786	AT4G34410	11.81	13.0	1.19	-2.52	0.806
path	1	0.0	0.872	-0.301	0.462	AT1G72740	20.89	23.0	2.11	-3.21	0.807
path	1	0.0	0.872	-0.301	0.462	AT1G75080	5.35	6.0	0.65	-1.59	0.81
path	1	0.0	0.872	1.155	0.747	AT3G47620	2.78	3.0	0.22	-0.4	0.81
path	1	0.0	0.872	1.389	1.786	AT4G37260	9.05	10.0	0.95	-2.29	0.81
path	1	0.0	0.872	1.389	1.786	AT1G32150	14.51	16.0	1.49	-2.82	0.811
path	1	0.0	0.872	1.389	1.786	AT5G06950	9.91	11.0	1.09	-2.42	0.812
path	1	0.0	0.872	1.155	0.747	AT5G47220	45.86	50.0	4.14	-3.04	0.813
path	1	0.0	0.872	1.155	0.747	AT3G30530	5.33	6.0	0.67	-0.8	0.814
path	1	0.0	0.872	-0.301	0.462	AT1G46264	0.89	1.0	0.11	-0.47	0.815
path	1	0.0	0.872	-0.301	0.462	AT2G46400	0.89	1.0	0.11	-0.47	0.815
path	1	0.0	0.872	-0.301	0.462	AT5G08070	0.9	1.0	0.1	-0.47	0.815
path	1	0.0	0.872	1.389	1.786	AT4G27950	4.43	5.0	0.57	-1.67	0.815
path	1	0.0	0.872	1.389	1.786	AT3G04060	7.18	8.0	0.82	-2.12	0.816
path	1	0.0	0.872	1.389	1.786	AT3G10500	8.11	9.0	0.89	-2.24	0.816
path	1	0.0	0.872	-0.301	0.462	AT3G24520	39.47	43.0	3.53	-4.53	0.818
path	1	0.0	0.872	1.155	0.747	AT3G24120	114.93	125.0	10.07	-4.89	0.818
path	1	0.0	0.872	-0.301	0.462	AT4G32800	12.83	14.0	1.17	-2.66	0.819
path	1	0.0	0.872	1.389	1.786	AT1G65620	0.88	1.0	0.12	-0.65	0.823
path	1	0.0	0.872	1.389	1.786	AT3G56850	13.61	15.0	1.39	-2.92	0.823
path	1	0.0	0.872	1.389	1.786	AT1G64620	9.99	11.0	1.01	-2.57	0.824
path	1	0.0	0.872	1.389	1.786	AT5G45580	9.97	11.0	1.03	-2.57	0.824
path	1	0.0	0.872	1.389	1.786	AT5G47390	10.0	11.0	1.0	-2.57	0.824
path	1	0.0	0.872	-0.301	0.462	AT1G23810	2.69	3.0	0.31	-1.16	0.826
path	1	0.0	0.872	1.389	1.786	AT3G52440	10.92	12.0	1.08	-2.69	0.826
path	1	0.0	0.872	-0.301	0.462	AT1G65620	3.59	4.0	0.41	-1.39	0.827
path	1	0.0	0.872	-0.301	0.462	AT5G65510	11.83	13.0	1.17	-2.68	0.828
path	1	0.0	0.872	-0.301	0.462	AT3G12720	24.54	27.0	2.46	-3.87	0.829
path	1	0.0	0.872	-0.301	0.462	AT2G15660	4.53	5.0	0.47	-1.61	0.83
path	1	0.0	0.872	-0.301	0.462	AT2G21900	1.81	2.0	0.19	-0.94	0.833
path	1	0.0	0.872	-0.301	0.462	AT3G45170	1.81	2.0	0.19	-0.94	0.833
path	1	0.0	0.872	1.155	0.747	AT4G18450	12.7	14.0	1.3	-1.64	0.834
path	1	0.0	0.872	1.389	1.786	AT2G42200	8.09	9.0	0.91	-2.47	0.834
path	1	0.0	0.872	-0.301	0.462	AT4G28140	5.4	6.0	0.6	-1.84	0.835
path	1	0.0	0.872	1.389	1.786	AT1G06850	7.27	8.0	0.73	-2.34	0.835
path	1	0.0	0.872	1.155	0.747	AT2G17950	19.25	21.0	1.75	-2.12	0.836
path	1	0.0	0.872	1.389	1.786	AT5G22990	10.88	12.0	1.12	-2.84	0.836
path	1	0.0	0.872	1.155	0.747	AT2G36270	146.91	160.0	13.09	-5.94	0.837
path	1	0.0	0.872	1.389	1.786	AT1G08010	4.5	5.0	0.5	-1.9	0.838
path	1	0.0	0.872	1.389	1.786	AT4G24470	1.75	2.0	0.25	-1.15	0.838
path	1	0.0	0.872	-0.301	0.462	AT2G02070	22.83	25.0	2.17	-3.91	0.839
path	1	0.0	0.872	1.389	1.786	AT1G25580	3.55	4.0	0.45	-1.7	0.839
path	1	0.0	0.872	-0.301	0.462	AT2G01940	27.39	30.0	2.61	-4.3	0.841
path	1	0.0	0.872	-0.301	0.462	AT1G52150	21.96	24.0	2.04	-3.93	0.844
path	1	0.0	0.872	1.389	1.786	AT2G02820	12.64	14.0	1.36	-3.17	0.845
path	1	0.0	0.872	1.389	1.786	AT3G06740	4.45	5.0	0.55	-1.97	0.845
path	1	0.0	0.872	1.389	1.786	AT4G18770	9.05	10.0	0.95	-2.74	0.845
path	1	0.0	0.872	1.389	1.786	AT5G06100	8.13	9.0	0.87	-2.62	0.845
path	1	0.0	0.872	1.155	0.747	AT1G19000	113.6	123.0	9.4	-5.53	0.846
path	1	0.0	0.872	1.155	0.747	AT2G31230	101.2	111.0	9.8	-5.29	0.846
path	1	0.0	0.872	1.389	1.786	AT2G01940	7.2	8.0	0.8	-2.49	0.846
path	1	0.0	0.872	1.155	0.747	AT3G47500	87.44	95.0	7.56	-4.97	0.848
path	1	0.0	0.872	1.389	1.786	AT2G33810	0.84	1.0	0.16	-0.8	0.849
path	1	0.0	0.872	1.389	1.786	AT3G45150	0.84	1.0	0.16	-0.8	0.849
path	1	0.0	0.872	1.389	1.786	AT1G01720	9.92	11.0	1.08	-2.94	0.851
path	1	0.0	0.872	-0.301	0.462	AT3G25990	8.06	9.0	0.94	-2.51	0.852
path	1	0.0	0.872	-0.301	0.462	AT5G62470	12.66	14.0	1.34	-3.15	0.852
path	1	0.0	0.872	1.389	1.786	AT1G69010	10.75	12.0	1.25	-3.07	0.852
path	1	0.0	0.872	1.389	1.786	AT5G05790	4.42	5.0	0.58	-2.05	0.852
path	1	0.0	0.872	-0.301	0.462	AT2G22430	27.44	30.0	2.56	-4.54	0.853
path	1	0.0	0.872	1.389	1.786	AT3G12720	6.25	7.0	0.75	-2.45	0.854
path	1	0.0	0.872	1.389	1.786	AT1G34190	8.03	9.0	0.97	-2.77	0.856
path	1	0.0	0.872	-0.301	0.462	AT5G50570	5.34	6.0	0.66	-2.08	0.857
path	1	0.0	0.872	1.389	1.786	AT5G64060	7.15	8.0	0.85	-2.64	0.858
path	1	0.0	0.872	-0.301	0.462	AT2G44840	30.82	34.0	3.18	-4.95	0.859
path	1	0.0	0.872	1.155	0.747	AT1G49010	110.47	120.0	9.53	-5.81	0.859
path	1	0.0	0.872	1.155	0.747	AT4G18770	101.36	110.0	8.64	-5.61	0.859
path	1	0.0	0.872	1.155	0.747	AT1G69690	20.16	22.0	1.84	-2.48	0.86
path	1	0.0	0.872	1.155	0.747	AT5G03150	28.39	31.0	2.61	-3.0	0.86
path	1	0.0	0.872	1.389	1.786	AT3G47600	0.86	1.0	0.14	-0.87	0.86
path	1	0.0	0.872	1.389	1.786	AT5G67300	0.86	1.0	0.14	-0.87	0.86
path	1	0.0	0.872	-0.301	0.462	AT2G17900	0.89	1.0	0.11	-0.71	0.861
path	1	0.0	0.872	1.389	1.786	AT2G20110	8.1	9.0	0.9	-2.84	0.861
path	1	0.0	0.872	1.389	1.786	AT3G02940	9.94	11.0	1.06	-3.09	0.861
path	1	0.0	0.872	1.389	1.786	AT5G23930	9.86	11.0	1.14	-3.09	0.861
path	1	0.0	0.872	-0.301	0.462	AT5G65410	35.69	39.0	3.31	-5.34	0.862
path	1	0.0	0.872	1.155	0.747	AT1G25550	52.41	57.0	4.59	-4.21	0.864
path	1	0.0	0.872	1.389	1.786	AT5G62320	5.35	6.0	0.65	-2.4	0.864
path	1	0.0	0.872	1.389	1.786	AT1G06280	13.56	15.0	1.44	-3.59	0.865
path	1	0.0	0.872	-0.301	0.462	AT1G51600	1.77	2.0	0.23	-1.18	0.866
path	1	0.0	0.872	-0.301	0.462	AT5G52660	26.28	29.0	2.72	-4.81	0.868
path	1	0.0	0.872	1.389	1.786	AT3G20770	5.36	6.0	0.64	-2.47	0.87
path	1	0.0	0.872	1.389	1.786	AT1G21910	0.84	1.0	0.16	-0.95	0.871
path	1	0.0	0.872	1.155	0.747	AT3G10030	44.82	49.0	4.18	-4.04	0.872
path	1	0.0	0.872	-0.301	0.462	AT5G62000	20.94	23.0	2.06	-4.44	0.873
path	1	0.0	0.872	-0.301	0.462	AT1G25580	13.54	15.0	1.46	-3.62	0.873
path	1	0.0	0.872	1.389	1.786	AT1G09540	7.14	8.0	0.86	-2.87	0.873
path	1	0.0	0.872	-0.301	0.462	AT1G68320	22.59	25.0	2.41	-4.64	0.874
path	1	0.0	0.872	1.389	1.786	AT2G01818	2.64	3.0	0.36	-1.8	0.874
path	1	0.0	0.872	1.389	1.786	AT5G65510	2.64	3.0	0.36	-1.8	0.874
path	1	0.0	0.872	1.389	1.786	AT3G11020	5.34	6.0	0.66	-2.55	0.875
path	1	0.0	0.872	-0.301	0.462	AT1G13400	5.38	6.0	0.62	-2.33	0.876
path	1	0.0	0.872	-0.301	0.462	AT1G77640	5.35	6.0	0.65	-2.33	0.876
path	1	0.0	0.872	-0.301	0.462	AT4G01720	3.56	4.0	0.44	-1.88	0.876
path	1	0.0	0.872	1.389	1.786	AT3G42860	4.44	5.0	0.56	-2.35	0.876
path	1	0.0	0.872	-0.301	0.462	AT3G28920	36.61	40.0	3.39	-5.81	0.878
path	1	0.0	0.872	1.389	1.786	AT4G10350	7.18	8.0	0.82	-2.94	0.878
path	1	0.0	0.872	1.389	1.786	AT3G45610	9.02	10.0	0.98	-3.27	0.879
path	1	0.0	0.872	1.389	1.786	AT5G58850	11.73	13.0	1.27	-3.64	0.879
path	1	0.0	0.872	-0.301	0.462	AT5G03790	32.76	36.0	3.24	-5.65	0.881
path	1	0.0	0.872	1.389	1.786	AT1G22070	0.85	1.0	0.15	-1.02	0.881
path	1	0.0	0.872	1.389	1.786	AT2G15660	0.86	1.0	0.14	-1.02	0.881
path	1	0.0	0.872	1.155	0.747	AT1G27730	49.55	54.0	4.45	-4.49	0.883
path	1	0.0	0.872	1.389	1.786	AT2G01930	7.17	8.0	0.83	-3.02	0.883
path	1	0.0	0.872	1.389	1.786	AT4G01540	10.83	12.0	1.17	-3.59	0.883
path	1	0.0	0.872	-0.301	0.462	AT2G35700	34.65	38.0	3.35	-5.85	0.884
path	1	0.0	0.872	-0.301	0.462	AT3G06490	10.72	12.0	1.28	-3.43	0.884
path	1	0.0	0.872	1.389	1.786	AT1G76890	8.07	9.0	0.93	-3.22	0.885
path	1	0.0	0.872	-0.301	0.462	AT2G47070	24.41	27.0	2.59	-5.09	0.886
path	1	0.0	0.872	1.155	0.747	AT3G04070	19.25	21.0	1.75	-2.8	0.886
path	1	0.0	0.872	1.155	0.747	AT4G18890	18.98	21.0	2.02	-2.8	0.886
path	1	0.0	0.872	1.389	1.786	AT4G00250	6.27	7.0	0.73	-2.89	0.886
path	1	0.0	0.872	1.389	1.786	AT2G45420	8.97	10.0	1.03	-3.42	0.888
path	1	0.0	0.872	-0.301	0.462	AT3G01530	28.05	31.0	2.95	-5.5	0.889
path	1	0.0	0.872	1.389	1.786	AT2G45680	0.85	1.0	0.15	-1.1	0.89
path	1	0.0	0.872	1.155	0.747	AT5G15830	142.32	155.0	12.68	-7.53	0.891
path	1	0.0	0.872	1.389	1.786	AT1G75490	5.32	6.0	0.68	-2.77	0.891
path	1	0.0	0.872	1.389	1.786	AT5G25830	3.55	4.0	0.45	-2.3	0.891
path	1	0.0	0.872	-0.301	0.462	AT1G77200	40.26	44.0	3.74	-6.47	0.892
path	1	0.0	0.872	1.389	1.786	AT5G63260	9.01	10.0	0.99	-3.49	0.892
path	1	0.0	0.872	-0.301	0.462	AT2G45410	31.91	35.0	3.09	-5.91	0.893
path	1	0.0	0.872	1.389	1.786	AT1G14687	8.08	9.0	0.92	-3.37	0.894
path	1	0.0	0.872	-0.301	0.462	AT3G22780	0.87	1.0	0.13	-0.96	0.895
path	1	0.0	0.872	-0.301	0.462	AT3G48160	0.85	1.0	0.15	-0.96	0.895
path	1	0.0	0.872	-0.301	0.462	AT5G67000	0.84	1.0	0.16	-0.96	0.895
path	1	0.0	0.872	-0.301	0.462	AT3G47600	3.53	4.0	0.47	-2.12	0.896
path	1	0.0	0.872	-0.301	0.462	AT4G04450	3.53	4.0	0.47	-2.12	0.896
path	1	0.0	0.872	1.155	0.747	AT1G60920	0.87	1.0	0.13	-0.36	0.898
path	1	0.0	0.872	1.155	0.747	AT1G63040	0.87	1.0	0.13	-0.36	0.898
path	1	0.0	0.872	1.155	0.747	AT3G61120	5.51	6.0	0.49	-1.48	0.898
path	1	0.0	0.872	1.389	1.786	AT1G34370	0.77	1.0	0.23	-1.17	0.898
path	1	0.0	0.872	1.389	1.786	AT4G31060	8.95	10.0	1.05	-3.64	0.9
path	1	0.0	0.872	1.155	0.747	AT2G38090	1.82	2.0	0.18	-0.72	0.901
path	1	0.0	0.872	1.155	0.747	AT4G38910	1.78	2.0	0.22	-0.72	0.901
path	1	0.0	0.872	-0.301	0.462	AT2G24570	2.61	3.0	0.39	-1.9	0.902
path	1	0.0	0.872	1.155	0.747	AT1G03840	58.69	64.0	5.31	-5.37	0.902
path	1	0.0	0.872	1.155	0.747	AT3G13810	58.6	64.0	5.4	-5.37	0.902
path	1	0.0	0.872	1.389	1.786	AT5G03150	1.71	2.0	0.29	-1.75	0.902
path	1	0.0	0.872	1.389	1.786	AT5G24110	6.22	7.0	0.78	-3.19	0.904
path	1	0.0	0.872	1.389	1.786	AT2G36270	12.56	14.0	1.44	-4.29	0.905
path	1	0.0	0.872	1.389	1.786	AT5G56840	10.8	12.0	1.2	-4.04	0.905
path	1	0.0	0.872	-0.301	0.462	AT3G09735	30.07	33.0	2.93	-6.2	0.907
path	1	0.0	0.872	-0.301	0.462	AT1G24250	13.56	15.0	1.44	-4.35	0.908
path	1	0.0	0.872	-0.301	0.462	AT2G46680	21.72	24.0	2.28	-5.4	0.908
path	1	0.0	0.872	1.389	1.786	AT3G22830	7.13	8.0	0.87	-3.47	0.908
path	1	0.0	0.872	1.155	0.747	AT2G45650	13.7	15.0	1.3	-2.68	0.909
path	1	0.0	0.872	1.389	1.786	AT1G68320	5.26	6.0	0.74	-3.07	0.909
path	1	0.0	0.872	1.389	1.786	AT2G20400	5.28	6.0	0.72	-3.07	0.909
path	1	0.0	0.872	-0.301	0.462	AT3G02990	4.47	5.0	0.53	-2.59	0.91
path	1	0.0	0.872	-0.301	0.462	AT3G06740	16.2	18.0	1.8	-4.78	0.91
path	1	0.0	0.872	1.389	1.786	AT5G44210	3.49	4.0	0.51	-2.6	0.911
path	1	0.0	0.872	-0.301	0.462	AT1G21910	3.47	4.0	0.53	-2.37	0.913
path	1	0.0	0.872	1.155	0.747	AT3G46070	2.73	3.0	0.27	-1.08	0.913
path	1	0.0	0.872	1.155	0.747	AT5G22890	2.6	3.0	0.4	-1.08	0.913
path	1	0.0	0.872	1.389	1.786	AT1G71450	14.42	16.0	1.58	-4.69	0.913
path	1	0.0	0.872	1.389	1.786	AT3G02990	0.84	1.0	0.16	-1.32	0.913
path	1	0.0	0.872	1.389	1.786	AT4G11660	5.31	6.0	0.69	-3.15	0.913
path	1	0.0	0.872	-0.301	0.462	AT3G26790	8.85	10.0	1.15	-3.72	0.914
path	1	0.0	0.872	-0.301	0.462	AT3G51470	1.66	2.0	0.34	-1.67	0.915
path	1	0.0	0.872	1.389	1.786	AT1G22810	7.07	8.0	0.93	-3.62	0.915
path	1	0.0	0.872	1.155	0.747	AT3G13350	9.1	10.0	0.9	-2.24	0.916
path	1	0.0	0.872	1.389	1.786	AT1G45249	5.25	6.0	0.75	-3.22	0.917
path	1	0.0	0.872	1.389	1.786	AT3G01970	8.98	10.0	1.02	-4.02	0.917
path	1	0.0	0.872	1.389	1.786	AT5G18560	5.29	6.0	0.71	-3.22	0.917
path	1	0.0	0.872	1.389	1.786	AT1G13260	1.71	2.0	0.29	-1.97	0.919
path	1	0.0	0.872	1.389	1.786	AT2G18350	6.2	7.0	0.8	-3.49	0.919
path	1	0.0	0.872	1.389	1.786	AT3G21890	6.26	7.0	0.74	-3.49	0.919
path	1	0.0	0.872	1.389	1.786	AT3G55370	9.88	11.0	1.12	-4.22	0.919
path	1	0.0	0.872	1.389	1.786	AT5G07680	0.83	1.0	0.17	-1.4	0.92
path	1	0.0	0.872	-0.301	0.462	AT3G60580	11.66	13.0	1.34	-4.39	0.921
path	1	0.0	0.872	-0.301	0.462	AT4G17460	0.84	1.0	0.16	-1.2	0.921
path	1	0.0	0.872	-0.301	0.462	AT4G28110	0.82	1.0	0.18	-1.2	0.921
path	1	0.0	0.872	-0.301	0.462	AT5G07100	5.25	6.0	0.75	-3.06	0.922
path	1	0.0	0.872	1.155	0.747	AT4G37180	78.07	85.0	6.93	-6.81	0.922
path	1	0.0	0.872	1.389	1.786	AT4G32730	15.36	17.0	1.64	-5.04	0.922
path	1	0.0	0.872	1.155	0.747	AT2G23290	97.14	106.0	8.86	-7.57	0.923
path	1	0.0	0.872	-0.301	0.462	AT5G07680	4.43	5.0	0.57	-2.84	0.924
path	1	0.0	0.872	1.389	1.786	AT5G53950	2.57	3.0	0.43	-2.47	0.924
path	1	0.0	0.872	1.389	1.786	AT1G19040	0.79	1.0	0.21	-1.47	0.926
path	1	0.0	0.872	1.389	1.786	AT1G66370	0.82	1.0	0.18	-1.47	0.926
path	1	0.0	0.872	1.155	0.747	AT2G33710	112.93	123.0	10.07	-8.25	0.927
path	1	0.0	0.872	1.389	1.786	AT5G02460	8.91	10.0	1.09	-4.24	0.927
path	1	0.0	0.872	-0.301	0.462	AT1G22070	3.51	4.0	0.49	-2.61	0.928
path	1	0.0	0.872	-0.301	0.462	AT1G76890	29.95	33.0	3.05	-6.93	0.928
path	1	0.0	0.872	1.155	0.747	AT5G05790	52.69	58.0	5.31	-5.93	0.928
path	1	0.0	0.872	1.389	1.786	AT5G60130	5.3	6.0	0.7	-3.45	0.928
path	1	0.0	0.872	1.155	0.747	AT1G74480	77.39	84.0	6.61	-7.13	0.931
path	1	0.0	0.872	1.389	1.786	AT1G77640	0.8	1.0	0.2	-1.55	0.932
path	1	0.0	0.872	1.389	1.786	AT4G26640	3.5	4.0	0.5	-2.97	0.932
path	1	0.0	0.872	-0.301	0.462	AT4G01540	39.18	43.0	3.82	-7.96	0.933
path	1	0.0	0.872	-0.301	0.462	AT5G43840	5.32	6.0	0.68	-3.31	0.934
path	1	0.0	0.872	-0.301	0.462	AT5G16820	31.78	35.0	3.22	-7.38	0.935
path	1	0.0	0.872	1.155	0.747	AT5G58900	85.44	93.0	7.56	-7.65	0.935
path	1	0.0	0.872	1.389	1.786	AT3G27785	6.18	7.0	0.82	-3.87	0.935
path	1	0.0	0.872	1.389	1.786	AT5G41570	8.9	10.0	1.1	-4.47	0.935
path	1	0.0	0.872	-0.301	0.462	AT1G66370	4.4	5.0	0.6	-3.08	0.936
path	1	0.0	0.872	-0.301	0.462	AT1G18330	23.39	26.0	2.61	-6.58	0.937
path	1	0.0	0.872	1.155	0.747	AT1G76870	4.46	5.0	0.54	-1.8	0.937
path	1	0.0	0.872	1.389	1.786	AT3G27010	0.8	1.0	0.2	-1.62	0.937
path	1	0.0	0.872	1.389	1.786	AT4G14770	7.09	8.0	0.91	-4.14	0.937
path	1	0.0	0.872	1.155	0.747	AT3G11280	35.72	39.0	3.28	-5.2	0.938
path	1	0.0	0.872	1.155	0.747	AT3G24050	35.85	39.0	3.15	-5.2	0.938
path	1	0.0	0.872	-0.301	0.462	AT3G01220	28.05	31.0	2.95	-7.22	0.94
path	1	0.0	0.872	-0.301	0.462	AT3G03660	0.84	1.0	0.16	-1.45	0.94
path	1	0.0	0.872	1.155	0.747	AT1G14580	22.75	25.0	2.25	-4.24	0.94
path	1	0.0	0.872	1.155	0.747	AT3G27010	18.16	20.0	1.84	-3.8	0.94
path	1	0.0	0.872	1.389	1.786	AT5G04410	7.02	8.0	0.98	-4.22	0.94
path	1	0.0	0.872	1.389	1.786	AT5G09410	7.12	8.0	0.88	-4.22	0.94
path	1	0.0	0.872	-0.301	0.462	AT1G76110	8.83	10.0	1.17	-4.45	0.942
path	1	0.0	0.872	1.155	0.747	AT3G51080	8.15	9.0	0.85	-2.56	0.942
path	1	0.0	0.872	1.389	1.786	AT1G69690	0.8	1.0	0.2	-1.7	0.942
path	1	0.0	0.872	1.389	1.786	AT5G17300	7.93	9.0	1.07	-4.49	0.942
path	1	0.0	0.872	-0.301	0.462	AT2G01818	9.83	11.0	1.17	-4.68	0.943
path	1	0.0	0.872	1.155	0.747	AT2G42590	13.7	15.0	1.3	-3.36	0.943
path	1	0.0	0.872	1.389	1.786	AT3G15210	12.49	14.0	1.51	-5.34	0.943
path	1	0.0	0.872	1.389	1.786	AT5G18450	4.31	5.0	0.69	-3.55	0.943
path	1	0.0	0.872	1.389	1.786	AT2G24430	7.03	8.0	0.97	-4.37	0.945
path	1	0.0	0.872	-0.301	0.462	AT1G72360	1.64	2.0	0.36	-2.16	0.946
path	1	0.0	0.872	1.389	1.786	AT3G01530	6.1	7.0	0.9	-4.17	0.946
path	1	0.0	0.872	1.389	1.786	AT5G26170	9.83	11.0	1.17	-4.97	0.946
path	1	0.0	0.872	-0.301	0.462	AT3G22830	27.16	30.0	2.84	-7.48	0.947
path	1	0.0	0.872	1.155	0.747	AT2G17410	5.42	6.0	0.58	-2.16	0.947
path	1	0.0	0.872	1.155	0.747	AT4G24020	5.33	6.0	0.67	-2.16	0.947
path	1	0.0	0.872	1.155	0.747	AT4G27900	5.37	6.0	0.63	-2.16	0.947
path	1	0.0	0.872	-0.301	0.462	AT3G57920	18.85	21.0	2.15	-6.44	0.948
path	1	0.0	0.872	1.389	1.786	AT3G12250	9.74	11.0	1.26	-5.04	0.948
path	1	0.0	0.872	1.389	1.786	AT3G12730	5.25	6.0	0.75	-3.97	0.948
path	1	0.0	0.872	1.389	1.786	AT3G17730	7.07	8.0	0.93	-4.44	0.948
path	1	0.0	0.872	-0.301	0.462	AT3G15270	34.35	38.0	3.65	-8.3	0.949
path	1	0.0	0.872	1.155	0.747	AT5G45580	104.69	114.0	9.31	-9.09	0.949
path	1	0.0	0.872	1.389	1.786	AT4G01250	6.16	7.0	0.84	-4.24	0.949
path	1	0.0	0.872	1.389	1.786	AT5G46590	1.64	2.0	0.36	-2.5	0.949
path	1	0.0	0.872	-0.301	0.462	AT1G34370	3.24	4.0	0.76	-3.1	0.95
path	1	0.0	0.872	-0.301	0.462	AT1G51220	16.93	19.0	2.07	-6.23	0.95
path	1	0.0	0.872	-0.301	0.462	AT2G20110	28.05	31.0	2.95	-7.71	0.95
path	1	0.0	0.872	1.389	1.786	AT2G40740	8.9	10.0	1.1	-4.92	0.95
path	1	0.0	0.872	-0.301	0.462	AT2G30340	22.46	25.0	2.54	-7.09	0.951
path	1	0.0	0.872	1.389	1.786	AT1G32240	0.8	1.0	0.2	-1.85	0.951
path	1	0.0	0.872	-0.301	0.462	AT5G09410	29.13	32.0	2.87	-7.93	0.952
path	1	0.0	0.872	1.155	0.747	AT5G61620	118.7	129.0	10.3	-9.73	0.952
path	1	0.0	0.872	1.389	1.786	AT1G03800	9.67	11.0	1.33	-5.19	0.952
path	1	0.0	0.872	1.155	0.747	AT4G24470	21.75	24.0	2.25	-4.56	0.953
path	1	0.0	0.872	1.389	1.786	AT3G10480	6.08	7.0	0.92	-4.39	0.953
path	1	0.0	0.872	-0.301	0.462	AT3G23210	4.19	5.0	0.81	-3.57	0.955
path	1	0.0	0.872	1.389	1.786	AT1G28160	7.9	9.0	1.1	-4.94	0.956
path	1	0.0	0.872	1.389	1.786	AT2G46770	6.15	7.0	0.85	-4.47	0.956
path	1	0.0	0.872	1.389	1.786	AT5G10030	9.71	11.0	1.29	-5.34	0.956
path	1	0.0	0.872	1.389	1.786	AT5G67190	8.83	10.0	1.17	-5.14	0.956
path	1	0.0	0.872	-0.301	0.462	AT2G33810	2.48	3.0	0.52	-2.88	0.957
path	1	0.0	0.872	-0.301	0.462	AT3G45150	2.47	3.0	0.53	-2.88	0.957
path	1	0.0	0.872	-0.301	0.462	AT1G20980	11.49	13.0	1.51	-5.62	0.958
path	1	0.0	0.872	-0.301	0.462	AT3G02150	1.68	2.0	0.32	-2.41	0.958
path	1	0.0	0.872	-0.301	0.462	AT3G23250	1.55	2.0	0.45	-2.41	0.958
path	1	0.0	0.872	1.155	0.747	AT3G62420	143.82	157.0	13.18	-10.98	0.958
path	1	0.0	0.872	1.389	1.786	AT1G29860	7.98	9.0	1.02	-5.02	0.958
path	1	0.0	0.872	1.389	1.786	AT2G18380	5.27	6.0	0.73	-4.27	0.958
path	1	0.0	0.872	1.389	1.786	AT3G06490	1.61	2.0	0.39	-2.72	0.958
path	1	0.0	0.872	-0.301	0.462	AT1G76420	26.07	29.0	2.93	-7.99	0.959
path	1	0.0	0.872	-0.301	0.462	AT2G30590	3.38	4.0	0.62	-3.35	0.959
path	1	0.0	0.872	1.389	1.786	AT3G50410	4.35	5.0	0.65	-4.0	0.959
path	1	0.0	0.872	1.389	1.786	AT5G54230	7.01	8.0	0.99	-4.89	0.96
path	1	0.0	0.872	-0.301	0.462	AT4G38000	32.65	36.0	3.35	-8.83	0.961
path	1	0.0	0.872	1.389	1.786	AT1G28370	8.8	10.0	1.2	-5.37	0.961
path	1	0.0	0.872	1.389	1.786	AT4G17785	0.77	1.0	0.23	-2.07	0.961
path	1	0.0	0.872	1.389	1.786	AT1G34180	6.06	7.0	0.94	-4.69	0.962
path	1	0.0	0.872	1.389	1.786	AT5G16820	7.01	8.0	0.99	-4.97	0.962
path	1	0.0	0.872	-0.301	0.462	AT3G30210	6.9	8.0	1.1	-4.74	0.963
path	1	0.0	0.872	1.389	1.786	AT1G08320	8.8	10.0	1.2	-5.44	0.963
path	1	0.0	0.872	1.389	1.786	AT5G65130	2.46	3.0	0.54	-3.37	0.963
path	1	0.0	0.872	-0.301	0.462	AT1G79180	12.38	14.0	1.62	-6.09	0.964
path	1	0.0	0.872	-0.301	0.462	AT3G15170	13.43	15.0	1.57	-6.31	0.965
path	1	0.0	0.872	1.389	1.786	AT1G30650	7.93	9.0	1.07	-5.32	0.965
path	1	0.0	0.872	1.389	1.786	AT3G12130	3.41	4.0	0.59	-3.87	0.965
path	1	0.0	0.872	1.155	0.747	AT2G45680	13.61	15.0	1.39	-4.04	0.966
path	1	0.0	0.872	-0.301	0.462	AT2G42200	26.02	29.0	2.98	-8.48	0.967
path	1	0.0	0.872	1.155	0.747	AT1G18960	0.73	1.0	0.27	-1.04	0.967
path	1	0.0	0.872	1.389	1.786	AT1G29280	8.83	10.0	1.17	-5.67	0.967
path	1	0.0	0.872	1.389	1.786	AT1G36060	3.38	4.0	0.62	-3.95	0.967
path	1	0.0	0.872	1.389	1.786	AT3G15170	2.52	3.0	0.48	-3.52	0.967
path	1	0.0	0.872	1.389	1.786	AT3G09735	6.1	7.0	0.9	-4.99	0.968
path	1	0.0	0.872	1.389	1.786	AT3G18990	5.19	6.0	0.81	-4.72	0.969
path	1	0.0	0.872	1.155	0.747	AT1G69570	97.18	106.0	8.82	-10.29	0.97
path	1	0.0	0.872	1.389	1.786	AT5G65210	6.95	8.0	1.05	-5.34	0.97
path	1	0.0	0.872	1.155	0.747	AT5G44160	11.65	13.0	1.35	-4.0	0.971
path	1	0.0	0.872	-0.301	0.462	AT3G28910	9.75	11.0	1.25	-5.9	0.972
path	1	0.0	0.872	1.389	1.786	AT4G34590	1.58	2.0	0.42	-3.17	0.972
path	1	0.0	0.872	1.389	1.786	AT5G06960	3.37	4.0	0.63	-4.17	0.972
path	1	0.0	0.872	1.389	1.786	AT3G11440	6.07	7.0	0.93	-5.22	0.973
path	1	0.0	0.872	1.389	1.786	AT1G75390	0.72	1.0	0.28	-2.45	0.974
path	1	0.0	0.872	-0.301	0.462	AT5G66700	42.74	47.0	4.26	-11.06	0.975
path	1	0.0	0.872	1.155	0.747	AT3G10580	78.17	86.0	7.83	-9.89	0.975
path	1	0.0	0.872	1.389	1.786	AT1G30490	3.36	4.0	0.64	-4.32	0.975
path	1	0.0	0.872	1.389	1.786	AT3G62420	10.55	12.0	1.45	-6.52	0.975
path	1	0.0	0.872	-0.301	0.462	AT1G79580	28.86	32.0	3.14	-9.65	0.976
path	1	0.0	0.872	-0.301	0.462	AT4G05100	11.43	13.0	1.57	-6.6	0.976
path	1	0.0	0.872	1.155	0.747	AT1G32150	144.51	158.0	13.49	-12.7	0.976
path	1	0.0	0.872	1.389	1.786	AT1G12260	5.18	6.0	0.82	-5.09	0.976
path	1	0.0	0.872	1.389	1.786	AT2G40260	4.23	5.0	0.77	-4.74	0.976
path	1	0.0	0.872	1.389	1.786	AT3G53200	5.14	6.0	0.86	-5.09	0.976
path	1	0.0	0.872	1.389	1.786	AT5G13080	8.77	10.0	1.23	-6.19	0.976
path	1	0.0	0.872	-0.301	0.462	AT3G18990	23.36	26.0	2.64	-9.03	0.978
path	1	0.0	0.872	1.155	0.747	AT1G43700	23.84	26.0	2.16	-5.96	0.978
path	1	0.0	0.872	1.389	1.786	AT5G47230	0.72	1.0	0.28	-2.6	0.978
path	1	0.0	0.872	1.389	1.786	AT5G62380	5.17	6.0	0.83	-5.24	0.978
path	1	0.0	0.872	-0.301	0.462	AT1G06280	44.29	49.0	4.71	-11.75	0.979
path	1	0.0	0.872	-0.301	0.462	AT1G20910	14.19	16.0	1.81	-7.52	0.979
path	1	0.0	0.872	-0.301	0.462	AT4G25490	35.23	39.0	3.77	-10.73	0.979
path	1	0.0	0.872	1.155	0.747	AT2G35530	139.64	153.0	13.36	-12.94	0.979
path	1	0.0	0.872	1.389	1.786	AT1G52150	3.38	4.0	0.62	-4.55	0.979
path	1	0.0	0.872	1.389	1.786	AT2G30250	8.8	10.0	1.2	-6.42	0.979
path	1	0.0	0.872	1.389	1.786	AT5G08330	2.46	3.0	0.54	-4.05	0.979
path	1	0.0	0.872	1.155	0.747	AT3G60530	19.07	21.0	1.93	-5.52	0.98
path	1	0.0	0.872	1.389	1.786	AT2G18060	5.16	6.0	0.84	-5.32	0.98
path	1	0.0	0.872	-0.301	0.462	AT1G30490	16.89	19.0	2.11	-8.19	0.981
path	1	0.0	0.872	1.389	1.786	AT1G74480	4.27	5.0	0.73	-5.04	0.981
path	1	0.0	0.872	1.389	1.786	AT1G79580	6.04	7.0	0.96	-5.74	0.981
path	1	0.0	0.872	1.389	1.786	AT3G50700	0.71	1.0	0.29	-2.75	0.981
path	1	0.0	0.872	1.389	1.786	AT4G36160	8.75	10.0	1.25	-6.57	0.981
path	1	0.0	0.872	-0.301	0.462	AT5G66300	12.36	14.0	1.64	-7.31	0.982
path	1	0.0	0.872	1.155	0.747	AT1G49560	76.89	84.0	7.11	-10.53	0.982
path	1	0.0	0.872	1.389	1.786	AT1G65910	5.14	6.0	0.86	-5.54	0.983
path	1	0.0	0.872	-0.301	0.462	AT1G75240	27.89	31.0	3.11	-10.4	0.984
path	1	0.0	0.872	-0.301	0.462	AT4G11660	18.73	21.0	2.27	-8.89	0.984
path	1	0.0	0.872	1.389	1.786	AT2G18160	8.72	10.0	1.28	-6.79	0.984
path	1	0.0	0.872	1.389	1.786	AT2G38470	6.96	8.0	1.04	-6.32	0.984
path	1	0.0	0.872	1.389	1.786	AT3G30210	0.66	1.0	0.34	-2.9	0.984
path	1	0.0	0.872	1.389	1.786	AT4G22070	4.23	5.0	0.77	-5.27	0.984
path	1	0.0	0.872	1.389	1.786	AT5G52830	6.02	7.0	0.98	-5.97	0.984
path	1	0.0	0.872	-0.301	0.462	AT5G06950	29.44	33.0	3.56	-10.85	0.985
path	1	0.0	0.872	1.155	0.747	AT2G18160	127.35	139.0	11.65	-13.33	0.985
path	1	0.0	0.872	1.155	0.747	AT4G30080	1.64	2.0	0.36	-2.08	0.985
path	1	0.0	0.872	1.389	1.786	AT1G47655	3.34	4.0	0.66	-4.92	0.985
path	1	0.0	0.872	-0.301	0.462	AT3G20840	0.71	1.0	0.29	-2.67	0.986
path	1	0.0	0.872	-0.301	0.462	AT5G14340	0.69	1.0	0.31	-2.67	0.986
path	1	0.0	0.872	1.155	0.747	AT5G59990	15.29	17.0	1.71	-5.44	0.986
path	1	0.0	0.872	1.389	1.786	AT5G11260	8.66	10.0	1.34	-7.02	0.986
path	1	0.0	0.872	-0.301	0.462	AT3G11020	16.85	19.0	2.15	-8.93	0.987
path	1	0.0	0.872	-0.301	0.462	AT4G25480	38.88	43.0	4.12	-12.36	0.987
path	1	0.0	0.872	1.389	1.786	AT3G24520	6.92	8.0	1.08	-6.54	0.987
path	1	0.0	0.872	1.389	1.786	AT5G67580	2.4	3.0	0.6	-4.65	0.987
path	1	0.0	0.872	-0.301	0.462	AT2G46770	24.21	27.0	2.79	-10.48	0.988
path	1	0.0	0.872	-0.301	0.462	AT4G01680	14.89	17.0	2.11	-8.72	0.988
path	1	0.0	0.872	1.389	1.786	AT1G33240	5.07	6.0	0.93	-5.99	0.988
path	1	0.0	0.872	1.389	1.786	AT2G04038	7.76	9.0	1.24	-6.97	0.988
path	1	0.0	0.872	1.389	1.786	AT2G15740	4.22	5.0	0.78	-5.64	0.988
path	1	0.0	0.872	1.389	1.786	AT5G06839	5.98	7.0	1.02	-6.34	0.988
path	1	0.0	0.872	-0.301	0.462	AT4G31550	6.0	7.0	1.0	-6.23	0.989
path	1	0.0	0.872	1.155	0.747	AT3G56850	135.36	148.0	12.64	-14.53	0.989
path	1	0.0	0.872	1.389	1.786	AT1G71696	4.17	5.0	0.83	-5.72	0.989
path	1	0.0	0.872	-0.301	0.462	AT1G09540	22.18	25.0	2.82	-10.52	0.99
path	1	0.0	0.872	1.155	0.747	AT5G42520	0.82	1.0	0.18	-1.72	0.99
path	1	0.0	0.872	-0.301	0.462	AT4G10350	22.33	25.0	2.67	-10.77	0.991
path	1	0.0	0.872	1.389	1.786	AT1G72740	2.36	3.0	0.64	-5.02	0.991
path	1	0.0	0.872	1.389	1.786	AT2G23320	7.78	9.0	1.22	-7.34	0.991
path	1	0.0	0.872	1.389	1.786	AT3G04030	5.06	6.0	0.94	-6.37	0.991
path	1	0.0	0.872	-0.301	0.462	AT1G04880	8.62	10.0	1.38	-7.64	0.992
path	1	0.0	0.872	-0.301	0.462	AT1G18570	1.47	2.0	0.53	-4.12	0.992
path	1	0.0	0.872	-0.301	0.462	AT5G46350	14.09	16.0	1.91	-9.23	0.992
path	1	0.0	0.872	1.389	1.786	AT1G53170	10.4	12.0	1.6	-8.31	0.992
path	1	0.0	0.872	1.389	1.786	AT1G54330	4.15	5.0	0.85	-6.09	0.992
path	1	0.0	0.872	1.389	1.786	AT5G15830	8.6	10.0	1.4	-7.92	0.992
path	1	0.0	0.872	1.389	1.786	AT5G47660	3.29	4.0	0.71	-5.67	0.992
path	1	0.0	0.872	1.389	1.786	AT5G66300	1.5	2.0	0.5	-4.52	0.992
path	1	0.0	0.872	-0.301	0.462	AT1G74650	26.74	30.0	3.26	-12.14	0.993
path	1	0.0	0.872	-0.301	0.462	AT2G38340	31.34	35.0	3.66	-12.77	0.993
path	1	0.0	0.872	-0.301	0.462	AT3G01470	4.17	5.0	0.83	-6.02	0.993
path	1	0.0	0.872	-0.301	0.462	AT4G00730	20.41	23.0	2.59	-10.81	0.993
path	1	0.0	0.872	1.155	0.747	AT4G34590	34.22	38.0	3.78	-8.92	0.993
path	1	0.0	0.872	-0.301	0.462	AT1G02230	20.29	23.0	2.71	-11.3	0.994
path	1	0.0	0.872	-0.301	0.462	AT1G63030	1.56	2.0	0.44	-4.37	0.994
path	1	0.0	0.872	-0.301	0.462	AT1G73730	0.71	1.0	0.29	-3.41	0.994
path	1	0.0	0.872	-0.301	0.462	AT3G04060	19.33	22.0	2.67	-11.07	0.994
path	1	0.0	0.872	-0.301	0.462	AT4G29230	15.91	18.0	2.09	-10.17	0.994
path	1	0.0	0.872	1.389	1.786	AT1G02250	2.31	3.0	0.69	-5.55	0.994
path	1	0.0	0.872	1.389	1.786	AT4G17980	4.99	6.0	1.01	-6.89	0.994
path	1	0.0	0.872	-0.301	0.462	AT2G02540	30.47	34.0	3.53	-13.53	0.995
path	1	0.0	0.872	-0.301	0.462	AT3G02940	29.53	33.0	3.47	-13.06	0.995
path	1	0.0	0.872	-0.301	0.462	AT3G08500	15.67	18.0	2.33	-10.42	0.995
path	1	0.0	0.872	-0.301	0.462	AT5G56110	31.29	35.0	3.71	-13.51	0.995
path	1	0.0	0.872	1.389	1.786	AT4G31800	6.78	8.0	1.22	-7.89	0.995
path	1	0.0	0.872	-0.301	0.462	AT2G46130	5.87	7.0	1.13	-7.45	0.996
path	1	0.0	0.872	-0.301	0.462	AT3G61250	2.3	3.0	0.7	-5.57	0.996
path	1	0.0	0.872	-0.301	0.462	AT4G17785	3.25	4.0	0.75	-6.04	0.996
path	1	0.0	0.872	-0.301	0.462	AT5G26170	34.18	38.0	3.82	-14.18	0.996
path	1	0.0	0.872	1.155	0.747	AT3G27785	77.53	85.0	7.47	-13.61	0.996
path	1	0.0	0.872	1.389	1.786	AT1G62300	4.06	5.0	0.94	-7.07	0.996
path	1	0.0	0.872	1.389	1.786	AT3G03200	4.1	5.0	0.9	-6.92	0.996
path	1	0.0	0.872	-0.301	0.462	AT1G12610	13.07	15.0	1.93	-10.72	0.997
path	1	0.0	0.872	-0.301	0.462	AT1G70920	14.89	17.0	2.11	-10.93	0.997
path	1	0.0	0.872	-0.301	0.462	AT3G42860	12.17	14.0	1.83	-10.01	0.997
path	1	0.0	0.872	-0.301	0.462	AT4G01250	21.25	24.0	2.75	-12.75	0.997
path	1	0.0	0.872	-0.301	0.462	AT4G25470	29.5	33.0	3.5	-14.04	0.997
path	1	0.0	0.872	-0.301	0.462	AT4G26640	11.36	13.0	1.64	-9.78	0.997
path	1	0.0	0.872	-0.301	0.462	AT5G08750	1.45	2.0	0.55	-5.1	0.997
path	1	0.0	0.872	-0.301	0.462	AT5G18270	22.86	26.0	3.14	-12.95	0.997
path	1	0.0	0.872	-0.301	0.462	AT5G46590	5.83	7.0	1.17	-7.7	0.997
path	1	0.0	0.872	-0.301	0.462	AT5G52830	25.81	29.0	3.19	-13.38	0.997
path	1	0.0	0.872	-0.301	0.462	AT5G65310	31.21	35.0	3.79	-14.24	0.997
path	1	0.0	0.872	1.155	0.747	AT1G75390	20.44	23.0	2.56	-8.28	0.997
path	1	0.0	0.872	1.155	0.747	AT2G04038	116.71	128.0	11.29	-16.85	0.997
path	1	0.0	0.872	1.389	1.786	AT1G28470	4.07	5.0	0.93	-7.29	0.997
path	1	0.0	0.872	1.389	1.786	AT4G18170	4.95	6.0	1.05	-8.02	0.997
path	1	0.0	0.872	1.389	1.786	AT4G23550	4.97	6.0	1.03	-7.87	0.997
path	1	0.0	0.872	1.389	1.786	AT4G38000	4.97	6.0	1.03	-7.72	0.997
path	1	0.0	0.872	1.389	1.786	AT5G25190	7.56	9.0	1.44	-9.07	0.997
path	1	0.0	0.872	-0.301	0.462	AT1G53230	2.29	3.0	0.71	-6.31	0.998
path	1	0.0	0.872	-0.301	0.462	AT1G69180	16.52	19.0	2.48	-12.36	0.998
path	1	0.0	0.872	-0.301	0.462	AT1G80840	1.47	2.0	0.53	-5.59	0.998
path	1	0.0	0.872	-0.301	0.462	AT4G23550	27.63	31.0	3.37	-14.32	0.998
path	1	0.0	0.872	-0.301	0.462	AT5G13180	21.99	25.0	3.01	-13.46	0.998
path	1	0.0	0.872	-0.301	0.462	AT5G51990	32.18	36.0	3.82	-15.45	0.998
path	1	0.0	0.872	1.155	0.747	AT1G45249	63.21	70.0	6.79	-13.65	0.998
path	1	0.0	0.872	-0.301	0.462	AT1G02250	12.73	15.0	2.27	-12.93	0.999
path	1	0.0	0.872	-0.301	0.462	AT1G34670	22.08	25.0	2.92	-14.44	0.999
path	1	0.0	0.872	-0.301	0.462	AT1G69780	19.23	22.0	2.77	-14.01	0.999
path	1	0.0	0.872	-0.301	0.462	AT3G12820	3.96	5.0	1.04	-8.23	0.999
path	1	0.0	0.872	-0.301	0.462	AT3G49530	16.49	19.0	2.51	-13.58	0.999
path	1	0.0	0.872	-0.301	0.462	AT4G01550	14.63	17.0	2.37	-13.62	0.999
path	1	0.0	0.872	-0.301	0.462	AT4G36740	24.69	28.0	3.31	-16.1	0.999
path	1	0.0	0.872	-0.301	0.462	AT4G38620	0.51	1.0	0.49	-5.12	0.999
path	1	0.0	0.872	-0.301	0.462	AT5G53950	6.59	8.0	1.41	-9.88	0.999
path	1	0.0	0.872	-0.301	0.462	AT5G54230	23.78	27.0	3.22	-15.14	0.999
path	1	0.0	0.872	-0.301	0.462	AT5G62320	12.86	15.0	2.14	-12.44	0.999
path	1	0.0	0.872	-0.301	0.462	AT5G62380	19.29	22.0	2.71	-14.75	0.999
path	1	0.0	0.872	-0.301	0.462	AT5G64060	18.23	21.0	2.77	-13.79	0.999
path	1	0.0	0.872	1.155	0.747	AT5G58850	120.44	132.0	11.56	-18.97	0.999
path	1	0.0	0.872	1.389	1.786	AT2G43000	4.89	6.0	1.11	-8.84	0.999
path	1	0.0	0.872	1.389	1.786	AT3G10800	1.3	2.0	0.7	-6.77	0.999
path	1	0.0	0.872	1.389	1.786	AT4G28500	2.23	3.0	0.77	-7.34	0.999
path	1	0.0	0.872	1.389	1.786	AT5G05550	7.48	9.0	1.52	-11.01	0.999
path	1	0.0	0.872	-0.301	0.462	AT1G06180	6.3	8.0	1.7	-12.33	1.0
path	1	0.0	0.872	-0.301	0.462	AT1G12260	18.33	21.0	2.67	-15.26	1.0
path	1	0.0	0.872	-0.301	0.462	AT1G16490	16.15	19.0	2.85	-15.54	1.0
path	1	0.0	0.872	-0.301	0.462	AT1G17950	-0.03	0.0	0.03	-0.49	1.0
path	1	0.0	0.872	-0.301	0.462	AT1G19040	-0.7	0.0	0.7	-8.08	1.0
path	1	0.0	0.872	-0.301	0.462	AT1G28470	14.97	18.0	3.03	-22.18	1.0
path	1	0.0	0.872	-0.301	0.462	AT1G29280	26.18	30.0	3.82	-21.2	1.0
path	1	0.0	0.872	-0.301	0.462	AT1G29860	17.68	21.0	3.32	-24.81	1.0
path	1	0.0	0.872	-0.301	0.462	AT1G30210	-0.05	0.0	0.05	-0.49	1.0
path	1	0.0	0.872	-0.301	0.462	AT1G30650	21.5	25.0	3.5	-21.79	1.0
path	1	0.0	0.872	-0.301	0.462	AT1G32870	15.05	18.0	2.95	-18.5	1.0
path	1	0.0	0.872	-0.301	0.462	AT1G34180	14.92	18.0	3.08	-20.22	1.0
path	1	0.0	0.872	-0.301	0.462	AT1G34190	18.82	22.0	3.18	-16.46	1.0
path	1	0.0	0.872	-0.301	0.462	AT1G47870	-0.03	0.0	0.03	-0.49	1.0
path	1	0.0	0.872	-0.301	0.462	AT1G54330	15.21	18.0	2.79	-18.26	1.0
path	1	0.0	0.872	-0.301	0.462	AT1G60920	-0.05	0.0	0.05	-0.49	1.0
path	1	0.0	0.872	-0.301	0.462	AT1G62300	13.94	17.0	3.06	-22.44	1.0
path	1	0.0	0.872	-0.301	0.462	AT1G65910	16.18	19.0	2.82	-18.73	1.0
path	1	0.0	0.872	-0.301	0.462	AT1G66420	-0.02	0.0	0.02	-0.24	1.0
path	1	0.0	0.872	-0.301	0.462	AT1G67260	-0.03	0.0	0.03	-0.24	1.0
path	1	0.0	0.872	-0.301	0.462	AT1G70910	-0.03	0.0	0.03	-0.49	1.0
path	1	0.0	0.872	-0.301	0.462	AT1G74370	-0.08	0.0	0.08	-0.73	1.0
path	1	0.0	0.872	-0.301	0.462	AT1G76880	-0.24	0.0	0.24	-2.94	1.0
path	1	0.0	0.872	-0.301	0.462	AT2G03340	5.77	7.0	1.23	-10.39	1.0
path	1	0.0	0.872	-0.301	0.462	AT2G18060	17.26	20.0	2.74	-16.99	1.0
path	1	0.0	0.872	-0.301	0.462	AT2G23320	29.01	33.0	3.99	-20.4	1.0
path	1	0.0	0.872	-0.301	0.462	AT2G30250	30.08	34.0	3.92	-19.65	1.0
path	1	0.0	0.872	-0.301	0.462	AT2G31460	-0.06	0.0	0.06	-0.73	1.0
path	1	0.0	0.872	-0.301	0.462	AT2G38470	24.6	28.0	3.4	-18.79	1.0
path	1	0.0	0.872	-0.301	0.462	AT2G38880	-0.11	0.0	0.11	-1.47	1.0
path	1	0.0	0.872	-0.301	0.462	AT2G40740	23.4	27.0	3.6	-21.75	1.0
path	1	0.0	0.872	-0.301	0.462	AT2G48100	-0.02	0.0	0.02	-0.24	1.0
path	1	0.0	0.872	-0.301	0.462	AT3G01970	23.68	27.0	3.32	-18.81	1.0
path	1	0.0	0.872	-0.301	0.462	AT3G03200	19.05	22.0	2.95	-16.95	1.0
path	1	0.0	0.872	-0.301	0.462	AT3G09230	-0.05	0.0	0.05	-0.49	1.0
path	1	0.0	0.872	-0.301	0.462	AT3G10480	14.99	18.0	3.01	-19.24	1.0
path	1	0.0	0.872	-0.301	0.462	AT3G10500	15.08	18.0	2.92	-18.75	1.0
path	1	0.0	0.872	-0.301	0.462	AT3G17730	19.95	23.0	3.05	-17.67	1.0
path	1	0.0	0.872	-0.301	0.462	AT3G18400	23.61	27.0	3.39	-16.36	1.0
path	1	0.0	0.872	-0.301	0.462	AT3G49930	-0.05	0.0	0.05	-0.73	1.0
path	1	0.0	0.872	-0.301	0.462	AT3G61150	15.49	18.0	2.51	-15.07	1.0
path	1	0.0	0.872	-0.301	0.462	AT4G12670	-0.02	0.0	0.02	-0.24	1.0
path	1	0.0	0.872	-0.301	0.462	AT4G14410	-0.06	0.0	0.06	0.0	1.0
path	1	0.0	0.872	-0.301	0.462	AT4G17980	18.71	22.0	3.29	-20.14	1.0
path	1	0.0	0.872	-0.301	0.462	AT4G18170	16.58	20.0	3.42	-25.81	1.0
path	1	0.0	0.872	-0.301	0.462	AT4G22070	13.49	16.0	2.51	-17.56	1.0
path	1	0.0	0.872	-0.301	0.462	AT4G24240	-0.1	0.0	0.1	-1.47	1.0
path	1	0.0	0.872	-0.301	0.462	AT4G26030	11.62	14.0	2.38	-15.89	1.0
path	1	0.0	0.872	-0.301	0.462	AT4G28500	13.49	16.0	2.51	-17.81	1.0
path	1	0.0	0.872	-0.301	0.462	AT4G31800	27.0	31.0	4.0	-20.94	1.0
path	1	0.0	0.872	-0.301	0.462	AT4G36160	31.9	36.0	4.1	-18.14	1.0
path	1	0.0	0.872	-0.301	0.462	AT4G37790	-0.05	0.0	0.05	-0.24	1.0
path	1	0.0	0.872	-0.301	0.462	AT5G04410	19.79	23.0	3.21	-16.93	1.0
path	1	0.0	0.872	-0.301	0.462	AT5G10280	1.16	2.0	0.84	-9.27	1.0
path	1	0.0	0.872	-0.301	0.462	AT5G10510	-0.18	0.0	0.18	-1.96	1.0
path	1	0.0	0.872	-0.301	0.462	AT5G13080	30.98	35.0	4.02	-17.91	1.0
path	1	0.0	0.872	-0.301	0.462	AT5G16600	-0.13	0.0	0.13	-1.22	1.0
path	1	0.0	0.872	-0.301	0.462	AT5G24110	13.44	16.0	2.56	-17.32	1.0
path	1	0.0	0.872	-0.301	0.462	AT5G25475	-0.21	0.0	0.21	-2.45	1.0
path	1	0.0	0.872	-0.301	0.462	AT5G38800	-0.03	0.0	0.03	0.0	1.0
path	1	0.0	0.872	-0.301	0.462	AT5G39610	17.25	20.0	2.75	-14.79	1.0
path	1	0.0	0.872	-0.301	0.462	AT5G41570	23.42	27.0	3.58	-20.28	1.0
path	1	0.0	0.872	-0.301	0.462	AT5G42820	-0.06	0.0	0.06	-0.49	1.0
path	1	0.0	0.872	-0.301	0.462	AT5G48670	-0.05	0.0	0.05	-0.73	1.0
path	1	0.0	0.872	-0.301	0.462	AT5G49300	-0.05	0.0	0.05	-0.49	1.0
path	1	0.0	0.872	-0.301	0.462	AT5G56930	-0.16	0.0	0.16	-2.45	1.0
path	1	0.0	0.872	-0.301	0.462	AT5G58620	-0.1	0.0	0.1	-1.22	1.0
path	1	0.0	0.872	-0.301	0.462	AT5G61270	-0.16	0.0	0.16	-1.96	1.0
path	1	0.0	0.872	1.155	0.747	AT1G08010	42.5	47.0	4.5	-15.57	1.0
path	1	0.0	0.872	1.155	0.747	AT1G66420	-0.04	0.0	0.04	-0.68	1.0
path	1	0.0	0.872	1.155	0.747	AT3G20770	40.2	46.0	5.8	-30.85	1.0
path	1	0.0	0.872	1.155	0.747	AT4G14410	-0.18	0.0	0.18	0.0	1.0
path	1	0.0	0.872	1.155	0.747	AT4G32730	139.11	154.0	14.89	-45.94	1.0
path	1	0.0	0.872	1.155	0.747	AT5G25830	36.95	41.0	4.05	-16.13	1.0
path	1	0.0	0.872	1.155	0.747	AT5G38800	-0.09	0.0	0.09	0.0	1.0
path	1	0.0	0.872	1.389	1.786	AT1G01250	-0.12	0.0	0.12	-1.72	1.0
path	1	0.0	0.872	1.389	1.786	AT1G10720	-0.04	0.0	0.04	-0.45	1.0
path	1	0.0	0.872	1.389	1.786	AT1G17950	-0.01	0.0	0.01	-0.15	1.0
path	1	0.0	0.872	1.389	1.786	AT1G27360	-0.07	0.0	0.07	-0.82	1.0
path	1	0.0	0.872	1.389	1.786	AT1G30210	-0.01	0.0	0.01	-0.15	1.0
path	1	0.0	0.872	1.389	1.786	AT1G32510	-0.03	0.0	0.03	-0.3	1.0
path	1	0.0	0.872	1.389	1.786	AT1G44830	-0.4	0.0	0.4	-4.87	1.0
path	1	0.0	0.872	1.389	1.786	AT1G46264	-0.03	0.0	0.03	-0.45	1.0
path	1	0.0	0.872	1.389	1.786	AT1G47870	-0.01	0.0	0.01	-0.15	1.0
path	1	0.0	0.872	1.389	1.786	AT1G51600	-0.07	0.0	0.07	-0.97	1.0
path	1	0.0	0.872	1.389	1.786	AT1G53230	-0.22	0.0	0.22	-2.85	1.0
path	1	0.0	0.872	1.389	1.786	AT1G63040	-0.01	0.0	0.01	-0.15	1.0
path	1	0.0	0.872	1.389	1.786	AT1G67260	-0.01	0.0	0.01	-0.07	1.0
path	1	0.0	0.872	1.389	1.786	AT1G70910	-0.01	0.0	0.01	-0.15	1.0
path	1	0.0	0.872	1.389	1.786	AT1G72360	-0.11	0.0	0.11	-1.27	1.0
path	1	0.0	0.872	1.389	1.786	AT1G75080	-0.2	0.0	0.2	-2.32	1.0
path	1	0.0	0.872	1.389	1.786	AT1G76880	-0.07	0.0	0.07	-0.9	1.0
path	1	0.0	0.872	1.389	1.786	AT2G38090	-0.02	0.0	0.02	-0.3	1.0
path	1	0.0	0.872	1.389	1.786	AT2G38300	-0.12	0.0	0.12	-1.57	1.0
path	1	0.0	0.872	1.389	1.786	AT2G38880	-0.03	0.0	0.03	-0.45	1.0
path	1	0.0	0.872	1.389	1.786	AT2G39900	-0.02	0.0	0.02	-0.37	1.0
path	1	0.0	0.872	1.389	1.786	AT2G45650	-0.14	0.0	0.14	-1.95	1.0
path	1	0.0	0.872	1.389	1.786	AT2G48100	-0.0	0.0	0.0	-0.07	1.0
path	1	0.0	0.872	1.389	1.786	AT3G02150	-0.1	0.0	0.1	-1.35	1.0
path	1	0.0	0.872	1.389	1.786	AT3G03660	-0.05	0.0	0.05	-0.75	1.0
path	1	0.0	0.872	1.389	1.786	AT3G07220	-0.03	0.0	0.03	-0.37	1.0
path	1	0.0	0.872	1.389	1.786	AT3G09230	-0.01	0.0	0.01	-0.15	1.0
path	1	0.0	0.872	1.389	1.786	AT3G12910	-0.04	0.0	0.04	-0.6	1.0
path	1	0.0	0.872	1.389	1.786	AT3G13040	-0.03	0.0	0.03	-0.37	1.0
path	1	0.0	0.872	1.389	1.786	AT3G22780	-0.04	0.0	0.04	-0.6	1.0
path	1	0.0	0.872	1.389	1.786	AT3G30530	-0.07	0.0	0.07	-0.75	1.0
path	1	0.0	0.872	1.389	1.786	AT3G45170	-0.06	0.0	0.06	-0.9	1.0
path	1	0.0	0.872	1.389	1.786	AT3G46590	-0.17	0.0	0.17	-2.32	1.0
path	1	0.0	0.872	1.389	1.786	AT3G47620	-0.02	0.0	0.02	-0.37	1.0
path	1	0.0	0.872	1.389	1.786	AT3G48160	-0.04	0.0	0.04	-0.6	1.0
path	1	0.0	0.872	1.389	1.786	AT3G49530	0.23	1.0	0.77	-8.97	1.0
path	1	0.0	0.872	1.389	1.786	AT3G57600	-0.14	0.0	0.14	-1.5	1.0
path	1	0.0	0.872	1.389	1.786	AT3G58630	-0.25	0.0	0.25	-3.15	1.0
path	1	0.0	0.872	1.389	1.786	AT3G61120	-0.05	0.0	0.05	-0.82	1.0
path	1	0.0	0.872	1.389	1.786	AT4G01550	1.28	2.0	0.72	-7.37	1.0
path	1	0.0	0.872	1.389	1.786	AT4G12670	-0.0	0.0	0.0	-0.07	1.0
path	1	0.0	0.872	1.389	1.786	AT4G14410	-0.02	0.0	0.02	0.0	1.0
path	1	0.0	0.872	1.389	1.786	AT4G18450	-0.14	0.0	0.14	-1.72	1.0
path	1	0.0	0.872	1.389	1.786	AT4G28110	-0.05	0.0	0.05	-0.67	1.0
path	1	0.0	0.872	1.389	1.786	AT4G30080	-0.04	0.0	0.04	-0.45	1.0
path	1	0.0	0.872	1.389	1.786	AT4G36620	-0.03	0.0	0.03	-0.37	1.0
path	1	0.0	0.872	1.389	1.786	AT4G37790	-0.01	0.0	0.01	-0.07	1.0
path	1	0.0	0.872	1.389	1.786	AT4G38910	-0.02	0.0	0.02	-0.3	1.0
path	1	0.0	0.872	1.389	1.786	AT5G08070	-0.03	0.0	0.03	-0.45	1.0
path	1	0.0	0.872	1.389	1.786	AT5G10140	-0.08	0.0	0.08	-1.12	1.0
path	1	0.0	0.872	1.389	1.786	AT5G13790	-0.31	0.0	0.31	-4.2	1.0
path	1	0.0	0.872	1.389	1.786	AT5G13910	-0.15	0.0	0.15	-1.95	1.0
path	1	0.0	0.872	1.389	1.786	AT5G14960	-0.11	0.0	0.11	-1.57	1.0
path	1	0.0	0.872	1.389	1.786	AT5G16600	-0.04	0.0	0.04	-0.37	1.0
path	1	0.0	0.872	1.389	1.786	AT5G18090	-0.03	0.0	0.03	-0.3	1.0
path	1	0.0	0.872	1.389	1.786	AT5G22890	-0.04	0.0	0.04	-0.45	1.0
path	1	0.0	0.872	1.389	1.786	AT5G25390	-0.09	0.0	0.09	-0.97	1.0
path	1	0.0	0.872	1.389	1.786	AT5G38800	-0.01	0.0	0.01	0.0	1.0
path	1	0.0	0.872	1.389	1.786	AT5G38860	-0.04	0.0	0.04	-0.52	1.0
path	1	0.0	0.872	1.389	1.786	AT5G40330	-0.03	0.0	0.03	-0.37	1.0
path	1	0.0	0.872	1.389	1.786	AT5G42820	-0.02	0.0	0.02	-0.15	1.0
path	1	0.0	0.872	1.389	1.786	AT5G48670	-0.01	0.0	0.01	-0.22	1.0
path	1	0.0	0.872	1.389	1.786	AT5G49300	-0.01	0.0	0.01	-0.15	1.0
path	1	0.0	0.872	1.389	1.786	AT5G56930	-0.05	0.0	0.05	-0.75	1.0
path	1	0.0	0.872	1.389	1.786	AT5G62165	-0.01	0.0	0.01	-0.22	1.0
path	1	0.0	0.872	1.389	1.786	AT5G67000	-0.05	0.0	0.05	-0.6	1.0
path	2	-0.301	0.462	-0.417	0.219	AT4G32730	97.92	100.0	2.08	52.27	5.33e-37
path	2	-0.301	0.462	-0.417	0.219	AT3G20770	51.19	52.0	0.81	28.33	1.12e-16
path	2	-0.301	0.462	-0.417	0.219	AT5G58850	53.38	55.0	1.62	25.12	2.28e-11
path	2	-0.301	0.462	-0.417	0.219	AT3G27785	40.96	42.0	1.04	21.44	5.5e-11
path	2	1.155	0.747	1.457	0.65	AT4G23550	72.11	75.0	2.89	29.25	2.63e-08
path	2	1.155	0.747	1.457	0.65	AT4G01250	59.64	62.0	2.36	25.22	1.7e-07
path	2	-0.301	0.462	-0.417	0.219	AT4G18770	34.79	36.0	1.21	16.6	2.28e-07
path	2	1.155	0.747	1.457	0.65	AT5G52830	64.26	67.0	2.74	24.65	1.17e-06
path	2	1.155	0.747	1.457	0.65	AT5G47390	57.19	60.0	2.81	22.91	1.93e-06
path	2	1.155	0.747	1.457	0.65	AT4G11660	48.05	50.0	1.95	20.64	2.44e-06
path	2	-0.301	0.462	0.082	0.607	AT2G04038	60.51	63.0	2.49	16.49	3.59e-06
path	2	1.155	0.747	1.457	0.65	AT1G30650	70.0	73.0	3.0	24.47	4.17e-06
path	2	-0.301	0.462	0.082	0.607	AT1G69490	34.28	36.0	1.72	12.13	4.36e-06
path	2	-0.301	0.462	0.082	0.607	AT2G18160	59.43	62.0	2.57	16.1	5.49e-06
path	2	1.155	0.747	1.457	0.65	AT1G19000	57.09	60.0	2.91	21.98	5.7e-06
path	2	-0.301	0.462	0.082	0.607	AT3G62420	61.09	64.0	2.91	16.26	6.11e-06
path	2	1.155	0.747	1.457	0.65	AT5G08520	58.89	62.0	3.11	22.13	7.22e-06
path	2	1.155	0.747	1.457	0.65	AT5G61620	58.82	62.0	3.18	22.13	7.22e-06
path	2	1.155	0.747	1.457	0.65	AT1G74840	50.54	53.0	2.46	20.24	9.1e-06
path	2	1.155	0.747	1.457	0.65	AT1G49010	55.05	58.0	2.95	20.91	1.25e-05
path	2	1.155	0.747	1.457	0.65	AT3G01970	66.15	69.0	2.85	22.64	1.39e-05
path	2	1.155	0.747	1.457	0.65	AT5G09410	56.54	59.0	2.46	20.98	1.4e-05
path	2	1.155	0.747	1.457	0.65	AT5G56840	62.62	66.0	3.38	21.8	1.99e-05
path	2	1.155	0.747	1.457	0.65	AT5G16820	58.23	61.0	2.77	20.82	2.37e-05
path	2	1.155	0.747	1.457	0.65	AT4G18170	69.07	72.0	2.93	22.24	3.02e-05
path	2	-0.301	0.462	0.082	0.607	AT5G15830	57.2	60.0	2.8	14.71	3.1e-05
path	2	-0.301	0.462	0.082	0.607	AT1G32150	59.03	62.0	2.97	14.88	3.32e-05
path	2	1.155	0.747	1.457	0.65	AT4G31550	25.14	26.0	0.86	12.71	3.83e-05
path	2	1.155	0.747	1.457	0.65	AT5G13080	71.55	75.0	3.45	22.15	4.62e-05
path	2	-0.301	0.462	0.082	0.607	AT1G52880	35.14	37.0	1.86	11.3	4.64e-05
path	2	-0.301	0.462	0.082	0.607	AT3G56850	58.21	61.0	2.79	14.49	4.89e-05
path	2	1.155	0.747	1.457	0.65	AT2G30590	16.47	17.0	0.53	9.58	5.28e-05
path	2	1.155	0.747	1.457	0.65	AT2G30250	72.64	76.0	3.36	21.91	6.24e-05
path	2	-0.301	0.462	0.082	0.607	AT2G35530	57.06	60.0	2.94	14.1	7.16e-05
path	2	-0.301	0.462	-0.417	0.219	AT1G08010	26.37	27.0	0.63	11.48	8.36e-05
path	2	-0.301	0.462	-0.417	0.219	AT1G71696	25.94	27.0	1.06	11.48	8.36e-05
path	2	1.155	0.747	1.457	0.65	AT4G00250	40.96	43.0	2.04	15.8	0.000154
path	2	1.155	0.747	1.457	0.65	AT5G41570	64.93	68.0	3.07	19.78	0.000154
path	2	1.155	0.747	1.457	0.65	AT4G31800	70.57	74.0	3.43	20.53	0.000155
path	2	1.155	0.747	1.457	0.65	AT2G23320	71.58	75.0	3.42	20.6	0.00016
path	2	-0.301	0.462	-0.417	0.219	AT5G25830	25.43	26.0	0.57	10.87	0.000164
path	2	1.155	0.747	1.457	0.65	AT3G22830	50.57	53.0	2.43	17.45	0.000174
path	2	1.155	0.747	1.457	0.65	AT5G26170	66.72	70.0	3.28	19.31	0.000273
path	2	-0.301	0.462	0.082	0.607	AT5G11260	46.32	49.0	2.68	11.67	0.000371
path	2	1.155	0.747	1.457	0.65	AT1G29860	64.15	67.0	2.85	18.47	0.000391
path	2	-0.301	0.462	0.082	0.607	AT2G36270	52.11	55.0	2.89	12.16	0.000436
path	2	-0.301	0.462	0.082	0.607	AT4G34590	25.17	26.0	0.83	8.25	0.000451
path	2	-0.301	0.462	0.082	0.607	AT5G52660	24.33	26.0	1.67	8.25	0.000451
path	2	1.155	0.747	1.457	0.65	AT2G38470	63.08	66.0	2.92	18.09	0.000475
path	2	-0.301	0.462	-0.417	0.219	AT4G14770	26.84	28.0	1.16	10.54	0.00053
path	2	-0.301	0.462	0.082	0.607	AT5G47390	39.0	41.0	2.0	10.4	0.000571
path	2	1.155	0.747	1.457	0.65	AT3G42860	36.43	38.0	1.57	13.58	0.000594
path	2	1.155	0.747	1.457	0.65	AT2G40740	64.91	68.0	3.09	17.93	0.000637
path	2	1.155	0.747	1.457	0.65	AT3G09735	50.48	53.0	2.52	15.91	0.000682
path	2	-0.301	0.462	0.082	0.607	AT1G74840	31.25	33.0	1.75	9.13	0.000745
path	2	-0.301	0.462	-0.417	0.219	AT2G02820	34.27	36.0	1.73	11.56	0.000788
path	2	1.155	0.747	0.88	0.746	AT1G25340	58.9	63.0	4.1	11.87	0.000818
path	2	1.155	0.747	1.457	0.65	AT2G46130	24.03	25.0	0.97	10.47	0.0009
path	2	-0.301	0.462	0.082	0.607	AT3G10113	25.64	27.0	1.36	8.03	0.000995
path	2	-0.301	0.462	0.082	0.607	AT3G18400	21.93	24.0	2.07	7.48	0.00107
path	2	1.155	0.747	1.457	0.65	AT5G46350	36.36	38.0	1.64	12.96	0.00111
path	2	1.155	0.747	1.457	0.65	AT1G62300	56.37	59.0	2.63	16.04	0.00115
path	2	1.155	0.747	1.457	0.65	AT4G26640	34.6	36.0	1.4	12.51	0.00121
path	2	-0.301	0.462	0.082	0.607	AT3G09600	31.95	34.0	2.05	8.91	0.00131
path	2	-0.301	0.462	0.082	0.607	AT3G12250	44.47	47.0	2.53	10.28	0.00156
path	2	-0.301	0.462	0.082	0.607	AT5G10030	39.41	42.0	2.59	9.56	0.00197
path	2	-0.301	0.462	0.082	0.607	AT5G56840	43.59	46.0	2.41	9.89	0.00216
path	2	1.155	0.747	1.457	0.65	AT3G02990	14.54	15.0	0.46	7.27	0.00216
path	2	1.155	0.747	1.457	0.65	AT5G08750	14.53	15.0	0.47	7.27	0.00216
path	2	-0.301	0.462	0.082	0.607	AT5G06839	36.97	39.0	2.03	9.01	0.00257
path	2	-0.301	0.462	0.082	0.607	AT5G65210	36.91	39.0	2.09	9.01	0.00257
path	2	1.155	0.747	1.457	0.65	AT2G03340	27.94	29.0	1.06	10.45	0.00257
path	2	1.155	0.747	1.457	0.65	AT4G24240	4.92	5.0	0.08	3.45	0.00275
path	2	1.155	0.747	1.457	0.65	AT5G58900	38.66	41.0	2.34	12.25	0.0032
path	2	-0.301	0.462	0.082	0.607	AT5G17300	33.86	36.0	2.14	8.46	0.00333
path	2	-0.301	0.462	0.082	0.607	AT1G01720	35.84	38.0	2.16	8.62	0.00358
path	2	-0.301	0.462	0.082	0.607	AT5G45300	24.62	26.0	1.38	7.03	0.00409
path	2	1.155	0.747	1.457	0.65	AT1G29280	63.72	67.0	3.28	14.76	0.00459
path	2	-0.301	0.462	0.082	0.607	AT1G06850	26.53	28.0	1.47	7.19	0.00481
path	2	-0.301	0.462	0.082	0.607	AT2G20400	26.56	28.0	1.44	7.19	0.00481
path	2	1.155	0.747	0.88	0.746	AT1G76890	90.16	96.0	5.84	12.4	0.00485
path	2	-0.301	0.462	0.082	0.607	AT1G45249	35.5	37.0	1.5	8.24	0.00494
path	2	-0.301	0.462	-0.417	0.219	AT3G60580	9.48	10.0	0.52	4.96	0.00518
path	2	-0.301	0.462	0.082	0.607	AT4G36780	36.54	39.0	2.46	8.4	0.00518
path	2	1.155	0.747	0.88	0.746	AT1G51700	65.49	70.0	4.51	10.58	0.00521
path	2	1.155	0.747	1.457	0.65	AT1G80840	14.54	15.0	0.46	6.65	0.00602
path	2	1.155	0.747	1.457	0.65	AT5G07100	14.36	15.0	0.64	6.65	0.00602
path	2	1.155	0.747	1.457	0.65	AT1G69490	39.6	42.0	2.4	11.4	0.00679
path	2	1.155	0.747	1.457	0.65	AT2G15740	39.8	42.0	2.2	11.4	0.00679
path	2	-0.301	0.462	0.082	0.607	AT5G06950	24.82	27.0	2.18	6.8	0.00683
path	2	-0.301	0.462	0.082	0.607	AT5G29000	25.41	27.0	1.59	6.8	0.00683
path	2	1.155	0.747	1.457	0.65	AT2G01818	23.0	24.0	1.0	8.55	0.00684
path	2	-0.301	0.462	0.082	0.607	AT1G18330	20.4	22.0	1.6	6.09	0.00709
path	2	-0.301	0.462	0.082	0.607	AT1G01060	27.05	29.0	1.95	6.97	0.00762
path	2	1.155	0.747	0.88	0.746	AT1G79180	46.89	50.0	3.11	8.55	0.00765
path	2	1.155	0.747	1.457	0.65	AT5G43840	15.42	16.0	0.58	6.73	0.00774
path	2	1.155	0.747	0.88	0.746	AT3G02940	105.35	112.0	6.65	12.51	0.00786
path	2	-0.301	0.462	0.082	0.607	AT3G10800	29.6	31.0	1.4	7.13	0.00829
path	2	1.155	0.747	0.88	0.746	AT4G26030	71.43	76.0	4.57	10.36	0.00856
path	2	1.155	0.747	0.88	0.746	AT5G62320	68.9	73.0	4.1	10.13	0.00881
path	2	-0.301	0.462	0.082	0.607	AT5G02840	12.23	13.0	0.77	4.43	0.009
path	2	1.155	0.747	1.457	0.65	AT1G52880	41.39	44.0	2.61	11.24	0.00903
path	2	1.155	0.747	0.88	0.746	AT5G66940	88.88	95.0	6.12	11.4	0.00911
path	2	-0.301	0.462	0.082	0.607	AT5G09410	24.25	26.0	1.75	6.42	0.00963
path	2	-0.301	0.462	0.082	0.607	AT1G78700	36.5	39.0	2.5	7.79	0.00975
path	2	-0.301	0.462	0.082	0.607	AT1G19000	38.93	41.0	2.07	7.95	0.00987
path	2	-0.301	0.462	-0.417	0.219	AT2G01940	16.99	18.0	1.01	6.36	0.011
path	2	-0.301	0.462	-0.417	0.219	AT5G17800	18.04	19.0	0.96	6.58	0.011
path	2	-0.301	0.462	0.082	0.607	AT3G15270	27.77	30.0	2.23	6.74	0.011
path	2	-0.301	0.462	0.082	0.607	AT3G57920	16.68	18.0	1.32	5.15	0.012
path	2	1.155	0.747	0.88	0.746	AT3G01220	82.34	88.0	5.66	10.62	0.012
path	2	1.155	0.747	1.457	0.65	AT2G24430	44.29	47.0	2.71	11.15	0.012
path	2	1.155	0.747	1.457	0.65	AT5G24110	43.8	46.0	2.2	11.07	0.012
path	2	1.155	0.747	1.457	0.65	AT5G25190	61.97	66.0	4.03	12.84	0.012
path	2	-0.301	0.462	-0.417	0.219	AT3G60530	10.73	11.0	0.27	4.79	0.013
path	2	-0.301	0.462	-0.417	0.219	AT4G24470	10.69	11.0	0.31	4.79	0.013
path	2	-0.301	0.462	0.082	0.607	AT1G08320	39.59	42.0	2.41	7.73	0.013
path	2	-0.301	0.462	0.082	0.607	AT3G52440	37.84	40.0	2.16	7.56	0.013
path	2	1.155	0.747	1.457	0.65	AT4G04450	10.6	11.0	0.4	5.13	0.013
path	2	-0.301	0.462	-0.417	0.219	AT2G18380	20.08	21.0	0.92	6.64	0.015
path	2	1.155	0.747	0.88	0.746	AT3G21890	73.34	78.0	4.66	9.6	0.016
path	2	1.155	0.747	1.457	0.65	AT5G22990	50.86	54.0	3.14	11.35	0.016
path	2	1.155	0.747	1.457	0.65	AT5G29000	34.78	37.0	2.22	9.49	0.016
path	2	-0.301	0.462	0.082	0.607	AT4G01280	30.98	33.0	2.02	6.68	0.017
path	2	-0.301	0.462	-0.417	0.219	AT2G01930	21.95	23.0	1.05	6.7	0.018
path	2	1.155	0.747	1.457	0.65	AT5G05550	66.73	71.0	4.27	12.27	0.019
path	2	1.155	0.747	0.88	0.746	AT1G68320	66.37	71.0	4.63	8.82	0.02
path	2	1.155	0.747	1.457	0.65	AT4G22070	43.85	46.0	2.15	10.15	0.02
path	2	1.155	0.747	1.457	0.65	AT5G53950	25.79	27.0	1.21	7.84	0.02
path	2	-0.301	0.462	0.082	0.607	AT3G17730	17.14	19.0	1.86	4.92	0.021
path	2	-0.301	0.462	0.082	0.607	AT4G36160	25.49	28.0	2.51	5.97	0.021
path	2	1.155	0.747	0.88	0.746	AT3G12820	34.01	36.0	1.99	6.29	0.021
path	2	-0.301	0.462	0.082	0.607	AT4G18890	10.55	11.0	0.45	3.66	0.022
path	2	1.155	0.747	1.457	0.65	AT3G04060	39.71	42.0	2.29	9.55	0.022
path	2	1.155	0.747	0.88	0.746	AT1G51220	58.02	62.0	3.98	8.11	0.023
path	2	1.155	0.747	1.457	0.65	AT1G25550	23.58	25.0	1.42	7.38	0.023
path	2	-0.301	0.462	-0.417	0.219	AT5G65510	8.55	9.0	0.45	3.96	0.024
path	2	-0.301	0.462	0.082	0.607	AT5G18270	19.08	21.0	1.92	5.09	0.024
path	2	-0.301	0.462	0.082	0.607	AT3G26620	14.98	16.0	1.02	4.37	0.026
path	2	1.155	0.747	1.457	0.65	AT1G28370	50.64	54.0	3.36	10.42	0.026
path	2	-0.301	0.462	0.082	0.607	AT5G06960	23.74	25.0	1.26	5.42	0.027
path	2	-0.301	0.462	-0.417	0.219	AT2G23290	24.76	26.0	1.24	6.6	0.028
path	2	-0.301	0.462	-0.417	0.219	AT5G06100	20.9	22.0	1.1	6.09	0.028
path	2	1.155	0.747	0.88	0.746	AT2G28810	86.85	93.0	6.15	9.4	0.028
path	2	-0.301	0.462	0.082	0.607	AT2G24430	29.07	31.0	1.93	5.91	0.029
path	2	-0.301	0.462	0.082	0.607	AT3G10580	31.27	33.0	1.73	6.07	0.029
path	2	-0.301	0.462	0.082	0.607	AT5G08520	34.78	37.0	2.22	6.4	0.029
path	2	-0.301	0.462	0.082	0.607	AT5G26170	26.66	29.0	2.34	5.74	0.029
path	2	1.155	0.747	0.88	0.746	AT1G33240	84.16	90.0	5.84	9.16	0.029
path	2	1.155	0.747	0.88	0.746	AT4G36740	96.66	103.0	6.34	9.73	0.029
path	2	1.155	0.747	1.457	0.65	AT2G21900	5.83	6.0	0.17	3.22	0.029
path	2	1.155	0.747	1.457	0.65	AT3G11280	16.99	18.0	1.01	5.95	0.029
path	2	1.155	0.747	1.457	0.65	AT5G44210	23.57	25.0	1.43	7.07	0.029
path	2	-0.301	0.462	0.082	0.607	AT1G75390	17.43	18.0	0.57	4.54	0.03
path	2	1.155	0.747	0.88	0.746	AT1G02230	76.81	82.0	5.19	8.76	0.03
path	2	1.155	0.747	1.457	0.65	AT5G07680	12.51	13.0	0.49	4.96	0.03
path	2	1.155	0.747	0.88	0.746	AT3G52440	93.23	100.0	6.77	9.49	0.031
path	2	1.155	0.747	0.88	0.746	AT4G05100	45.99	49.0	3.01	6.85	0.031
path	2	1.155	0.747	1.457	0.65	AT1G21910	10.54	11.0	0.46	4.51	0.031
path	2	1.155	0.747	0.88	0.746	AT3G26790	31.79	34.0	2.21	5.67	0.032
path	2	1.155	0.747	1.457	0.65	AT5G22500	15.17	16.0	0.83	5.49	0.032
path	2	1.155	0.747	1.457	0.65	AT5G61270	4.86	5.0	0.14	2.84	0.032
path	2	1.155	0.747	1.457	0.65	AT5G67000	4.86	5.0	0.14	2.84	0.032
path	2	1.155	0.747	0.88	0.746	AT4G24470	19.45	21.0	1.55	4.42	0.033
path	2	1.155	0.747	1.457	0.65	AT1G74480	31.96	34.0	2.04	8.04	0.033
path	2	-0.301	0.462	-0.417	0.219	AT2G32460	19.03	20.0	0.97	5.64	0.034
path	2	-0.301	0.462	-0.417	0.219	AT3G51080	4.88	5.0	0.12	2.67	0.034
path	2	-0.301	0.462	0.082	0.607	AT2G28920	9.43	10.0	0.57	3.27	0.034
path	2	-0.301	0.462	0.082	0.607	AT2G45650	9.71	10.0	0.29	3.27	0.034
path	2	1.155	0.747	1.457	0.65	AT3G15210	59.77	64.0	4.23	10.53	0.034
path	2	-0.301	0.462	-0.417	0.219	AT3G24050	12.56	13.0	0.44	4.46	0.038
path	2	-0.301	0.462	-0.417	0.219	AT5G04390	11.34	12.0	0.66	4.24	0.04
path	2	1.155	0.747	0.88	0.746	AT1G06180	49.74	53.0	3.26	6.71	0.041
path	2	1.155	0.747	0.88	0.746	AT5G56110	105.88	113.0	7.12	9.36	0.041
path	2	1.155	0.747	1.457	0.65	AT2G18380	34.96	37.0	2.04	7.95	0.041
path	2	1.155	0.747	1.457	0.65	AT5G67580	27.32	29.0	1.68	7.05	0.042
path	2	-0.301	0.462	-0.417	0.219	AT3G21175	8.6	9.0	0.4	3.57	0.044
path	2	-0.301	0.462	-0.417	0.219	AT4G32800	8.55	9.0	0.45	3.57	0.044
path	2	1.155	0.747	1.457	0.65	AT2G20110	42.47	45.0	2.53	8.53	0.044
path	2	1.155	0.747	1.457	0.65	AT2G18160	48.4	52.0	3.6	9.04	0.045
path	2	1.155	0.747	0.88	0.746	AT3G28920	95.51	102.0	6.49	8.73	0.046
path	2	1.155	0.747	0.88	0.746	AT1G70920	63.96	68.0	4.04	7.2	0.049
path	2	1.155	0.747	1.457	0.65	AT3G15170	26.65	28.0	1.35	6.67	0.049
path	2	1.155	0.747	1.457	0.65	AT3G20310	56.76	61.0	4.24	9.38	0.05
path	2	-0.301	0.462	0.082	0.607	AT3G26790	8.3	9.0	0.7	2.88	0.051
path	2	-0.301	0.462	0.082	0.607	AT5G50570	5.59	6.0	0.41	2.33	0.051
path	2	1.155	0.747	0.88	0.746	AT1G16490	80.53	86.0	5.47	7.93	0.051
path	2	1.155	0.747	0.88	0.746	AT2G02540	99.23	106.0	6.77	8.58	0.052
path	2	1.155	0.747	1.457	0.65	AT2G18060	44.65	47.0	2.35	8.36	0.052
path	2	1.155	0.747	1.457	0.65	AT4G27950	22.4	24.0	1.6	6.07	0.053
path	2	1.155	0.747	0.88	0.746	AT5G14340	11.41	12.0	0.59	3.02	0.054
path	2	1.155	0.747	0.88	0.746	AT5G63260	86.79	93.0	6.21	8.02	0.055
path	2	-0.301	0.462	0.082	0.607	AT1G49010	35.9	38.0	2.1	5.56	0.057
path	2	-0.301	0.462	0.082	0.607	AT3G11280	15.28	16.0	0.72	3.76	0.057
path	2	1.155	0.747	0.88	0.746	AT1G09540	79.59	85.0	5.41	7.62	0.058
path	2	1.155	0.747	1.457	0.65	AT1G34190	44.28	47.0	2.72	8.05	0.059
path	2	1.155	0.747	1.457	0.65	AT1G06280	61.95	66.0	4.05	9.13	0.062
path	2	1.155	0.747	1.457	0.65	AT1G53170	61.51	66.0	4.49	9.13	0.062
path	2	-0.301	0.462	0.082	0.607	AT2G45420	27.95	30.0	2.05	4.91	0.063
path	2	1.155	0.747	1.457	0.65	AT4G36160	59.48	63.0	3.52	8.91	0.063
path	2	-0.301	0.462	0.082	0.607	AT1G76420	20.21	22.0	1.79	4.25	0.064
path	2	1.155	0.747	1.457	0.65	AT1G27360	4.81	5.0	0.19	2.53	0.064
path	2	-0.301	0.462	0.082	0.607	AT1G20980	10.08	11.0	0.92	3.04	0.065
path	2	-0.301	0.462	0.082	0.607	AT5G63090	10.24	11.0	0.76	3.04	0.065
path	2	1.155	0.747	1.457	0.65	AT1G01720	43.97	47.0	3.03	7.75	0.068
path	2	1.155	0.747	0.88	0.746	AT5G25830	30.2	33.0	2.8	4.67	0.07
path	2	1.155	0.747	1.457	0.65	AT1G23810	6.74	7.0	0.26	2.98	0.071
path	2	1.155	0.747	0.88	0.746	AT1G12630	95.98	103.0	7.02	7.65	0.074
path	2	-0.301	0.462	-0.417	0.219	AT1G24250	8.44	9.0	0.56	3.18	0.075
path	2	-0.301	0.462	-0.417	0.219	AT5G62320	8.17	9.0	0.83	3.18	0.075
path	2	1.155	0.747	1.457	0.65	AT2G02820	51.18	55.0	3.82	8.02	0.075
path	2	-0.301	0.462	-0.417	0.219	AT1G01250	3.85	4.0	0.15	2.06	0.077
path	2	-0.301	0.462	-0.417	0.219	AT1G66370	3.77	4.0	0.23	2.06	0.077
path	2	-0.301	0.462	-0.417	0.219	AT3G11440	22.82	24.0	1.18	4.99	0.077
path	2	-0.301	0.462	-0.417	0.219	AT4G27900	3.91	4.0	0.09	2.06	0.077
path	2	1.155	0.747	1.457	0.65	AT1G76420	38.48	41.0	2.52	7.0	0.077
path	2	1.155	0.747	1.457	0.65	AT2G04038	43.51	47.0	3.49	7.44	0.077
path	2	1.155	0.747	1.457	0.65	AT2G17410	3.82	4.0	0.18	2.15	0.077
path	2	1.155	0.747	1.457	0.65	AT3G30530	3.79	4.0	0.21	2.15	0.077
path	2	-0.301	0.462	0.082	0.607	AT1G65910	13.27	15.0	1.73	3.37	0.078
path	2	1.155	0.747	0.88	0.746	AT1G69570	73.91	80.0	6.09	6.76	0.078
path	2	1.155	0.747	1.457	0.65	AT2G15660	9.6	10.0	0.4	3.51	0.078
path	2	1.155	0.747	1.457	0.65	AT4G18890	9.37	10.0	0.63	3.51	0.078
path	2	-0.301	0.462	0.082	0.607	AT5G61620	39.73	42.0	2.27	5.28	0.079
path	2	-0.301	0.462	0.082	0.607	AT3G03200	15.2	17.0	1.8	3.54	0.081
path	2	-0.301	0.462	0.082	0.607	AT2G42430	21.39	23.0	1.61	4.03	0.083
path	2	-0.301	0.462	0.082	0.607	AT5G13180	17.16	19.0	1.84	3.7	0.083
path	2	-0.301	0.462	-0.417	0.219	AT3G10030	12.42	13.0	0.58	3.69	0.084
path	2	-0.301	0.462	0.082	0.607	AT3G23210	4.5	5.0	0.5	1.94	0.084
path	2	-0.301	0.462	0.082	0.607	AT4G36740	18.98	21.0	2.02	3.86	0.084
path	2	-0.301	0.462	0.082	0.607	AT5G07680	4.65	5.0	0.35	1.94	0.084
path	2	1.155	0.747	0.88	0.746	AT5G03790	85.79	92.0	6.21	7.02	0.084
path	2	1.155	0.747	1.457	0.65	AT2G35530	50.87	55.0	4.13	7.71	0.084
path	2	1.155	0.747	1.457	0.65	AT5G18270	42.3	45.0	2.7	6.98	0.087
path	2	1.155	0.747	1.457	0.65	AT2G23340	40.23	43.0	2.77	6.84	0.088
path	2	-0.301	0.462	-0.417	0.219	AT2G20110	14.86	16.0	1.14	3.97	0.09
path	2	-0.301	0.462	-0.417	0.219	AT3G50410	15.17	16.0	0.83	3.97	0.09
path	2	1.155	0.747	1.457	0.65	AT3G13040	2.9	3.0	0.1	1.76	0.09
path	2	-0.301	0.462	-0.417	0.219	AT4G06746	11.37	12.0	0.63	3.46	0.091
path	2	-0.301	0.462	-0.417	0.219	AT1G49560	21.01	22.0	0.99	4.54	0.092
path	2	-0.301	0.462	-0.417	0.219	AT2G35700	17.7	19.0	1.3	4.26	0.092
path	2	-0.301	0.462	-0.417	0.219	AT4G37260	20.79	22.0	1.21	4.54	0.092
path	2	1.155	0.747	0.88	0.746	AT2G46680	61.62	66.0	4.38	5.89	0.092
path	2	-0.301	0.462	0.082	0.607	AT3G04070	9.61	10.0	0.39	2.66	0.093
path	2	1.155	0.747	1.457	0.65	AT1G68550	48.47	52.0	3.53	7.18	0.095
path	2	1.155	0.747	1.457	0.65	AT1G74370	1.93	2.0	0.07	1.38	0.095
path	2	1.155	0.747	1.457	0.65	AT2G31460	1.94	2.0	0.06	1.38	0.095
path	2	1.155	0.747	1.457	0.65	AT5G49300	1.96	2.0	0.04	1.38	0.095
path	2	-0.301	0.462	-0.417	0.219	AT1G03840	14.26	15.0	0.74	3.75	0.098
path	2	1.155	0.747	1.457	0.65	AT5G23930	43.82	47.0	3.18	6.82	0.098
path	2	1.155	0.747	0.88	0.746	AT1G34670	87.41	93.0	5.59	6.64	0.099
path	2	1.155	0.747	0.88	0.746	AT1G75240	87.03	93.0	5.97	6.64	0.099
path	2	-0.301	0.462	0.082	0.607	AT3G15170	11.04	12.0	0.96	2.82	0.101
path	2	1.155	0.747	0.88	0.746	AT1G13260	29.17	31.0	1.83	4.05	0.101
path	2	1.155	0.747	0.88	0.746	AT3G24050	28.82	31.0	2.18	4.05	0.101
path	2	-0.301	0.462	0.082	0.607	AT3G12730	24.49	26.0	1.51	3.97	0.102
path	2	-0.301	0.462	0.082	0.607	AT4G38000	23.95	26.0	2.05	3.97	0.102
path	2	1.155	0.747	1.457	0.65	AT5G47220	18.72	20.0	1.28	4.55	0.103
path	2	1.155	0.747	0.88	0.746	AT5G60850	88.44	95.0	6.56	6.56	0.104
path	2	1.155	0.747	1.457	0.65	AT3G58630	13.3	14.0	0.7	3.8	0.104
path	2	-0.301	0.462	0.082	0.607	AT1G76890	22.14	24.0	1.86	3.8	0.105
path	2	1.155	0.747	0.88	0.746	AT5G66700	115.83	124.0	8.17	7.24	0.105
path	2	1.155	0.747	1.457	0.65	AT2G24570	6.67	7.0	0.33	2.67	0.105
path	2	-0.301	0.462	0.082	0.607	AT1G54330	12.29	14.0	1.71	2.98	0.106
path	2	1.155	0.747	0.88	0.746	AT3G61150	75.18	80.0	4.82	6.07	0.106
path	2	1.155	0.747	0.88	0.746	AT5G52660	69.78	75.0	5.22	5.91	0.106
path	2	-0.301	0.462	0.082	0.607	AT1G12260	14.36	16.0	1.64	3.15	0.108
path	2	-0.301	0.462	0.082	0.607	AT2G46680	16.6	18.0	1.4	3.31	0.108
path	2	-0.301	0.462	0.082	0.607	AT2G46770	18.29	20.0	1.71	3.48	0.108
path	2	-0.301	0.462	0.082	0.607	AT5G64060	14.3	16.0	1.7	3.15	0.108
path	2	1.155	0.747	0.88	0.746	AT4G27900	5.56	6.0	0.44	1.85	0.108
path	2	1.155	0.747	1.457	0.65	AT4G31060	44.05	47.0	2.95	6.51	0.11
path	2	1.155	0.747	0.88	0.746	AT1G32240	20.73	22.0	1.27	3.35	0.111
path	2	1.155	0.747	1.457	0.65	AT1G68670	15.01	16.0	0.99	3.95	0.112
path	2	1.155	0.747	0.88	0.746	AT1G18570	14.97	16.0	1.03	2.87	0.113
path	2	1.155	0.747	0.88	0.746	AT4G38620	15.07	16.0	0.93	2.87	0.113
path	2	1.155	0.747	0.88	0.746	AT5G67450	14.88	16.0	1.12	2.87	0.113
path	2	1.155	0.747	1.457	0.65	AT4G10350	38.71	41.0	2.29	6.07	0.113
path	2	1.155	0.747	1.457	0.65	AT5G50570	10.43	11.0	0.57	3.27	0.113
path	2	1.155	0.747	1.457	0.65	AT3G57920	28.15	30.0	1.85	5.27	0.114
path	2	1.155	0.747	0.88	0.746	AT5G45300	49.68	54.0	4.32	4.95	0.115
path	2	-0.301	0.462	0.082	0.607	AT5G39820	6.6	7.0	0.4	2.1	0.116
path	2	-0.301	0.462	0.082	0.607	AT5G53950	6.14	7.0	0.86	2.1	0.116
path	2	1.155	0.747	0.88	0.746	AT1G36060	55.12	59.0	3.88	5.11	0.117
path	2	1.155	0.747	0.88	0.746	AT5G54230	94.82	101.0	6.18	6.35	0.119
path	2	1.155	0.747	1.457	0.65	AT1G65620	7.65	8.0	0.35	2.75	0.119
path	2	1.155	0.747	0.88	0.746	AT3G55370	96.01	103.0	6.99	6.27	0.124
path	2	1.155	0.747	1.457	0.65	AT2G33710	40.89	44.0	3.11	5.98	0.125
path	2	-0.301	0.462	0.082	0.607	AT1G03800	33.34	36.0	2.66	4.18	0.126
path	2	1.155	0.747	0.88	0.746	AT3G08500	61.53	66.0	4.47	5.2	0.126
path	2	1.155	0.747	0.88	0.746	AT3G44480	65.97	71.0	5.03	5.36	0.126
path	2	-0.301	0.462	0.082	0.607	AT2G45410	23.11	25.0	1.89	3.58	0.128
path	2	1.155	0.747	0.88	0.746	AT5G02840	32.58	35.0	2.42	3.91	0.128
path	2	1.155	0.747	1.457	0.65	AT2G31230	36.97	40.0	3.03	5.69	0.128
path	2	1.155	0.747	1.457	0.65	AT2G44840	37.28	40.0	2.72	5.69	0.128
path	2	1.155	0.747	1.457	0.65	AT3G18990	37.73	40.0	2.27	5.69	0.128
path	2	1.155	0.747	1.457	0.65	AT3G62420	50.93	55.0	4.07	6.47	0.128
path	2	1.155	0.747	1.457	0.65	AT2G33810	8.56	9.0	0.44	2.82	0.129
path	2	1.155	0.747	1.457	0.65	AT2G22430	33.8	36.0	2.2	5.4	0.13
path	2	1.155	0.747	0.88	0.746	AT5G02460	93.19	100.0	6.81	6.04	0.131
path	2	1.155	0.747	1.457	0.65	AT2G20400	27.98	30.0	2.02	4.96	0.131
path	2	1.155	0.747	1.457	0.65	AT4G34410	46.65	50.0	3.35	6.11	0.133
path	2	1.155	0.747	0.88	0.746	AT3G13350	8.38	9.0	0.62	2.09	0.134
path	2	1.155	0.747	1.457	0.65	AT3G18400	46.09	49.0	2.91	6.04	0.134
path	2	1.155	0.747	0.88	0.746	AT5G10280	30.38	32.0	1.62	3.67	0.135
path	2	1.155	0.747	0.88	0.746	AT5G13790	30.04	32.0	1.96	3.67	0.135
path	2	-0.301	0.462	-0.417	0.219	AT2G23340	18.75	20.0	1.25	3.7	0.138
path	2	1.155	0.747	1.457	0.65	AT2G41690	9.46	10.0	0.54	2.89	0.138
path	2	-0.301	0.462	0.082	0.607	AT1G34370	3.53	4.0	0.47	1.55	0.139
path	2	-0.301	0.462	0.082	0.607	AT1G65620	3.75	4.0	0.25	1.55	0.139
path	2	-0.301	0.462	0.082	0.607	AT5G08330	15.92	17.0	1.08	2.92	0.14
path	2	1.155	0.747	0.88	0.746	AT1G22070	17.07	18.0	0.93	2.8	0.14
path	2	-0.301	0.462	0.082	0.607	AT1G43700	12.52	13.0	0.48	2.6	0.141
path	2	-0.301	0.462	0.082	0.607	AT2G18060	13.32	15.0	1.68	2.76	0.141
path	2	-0.301	0.462	0.082	0.607	AT5G39610	13.31	15.0	1.69	2.76	0.141
path	2	-0.301	0.462	0.082	0.607	AT1G14687	28.16	30.0	1.84	3.68	0.142
path	2	1.155	0.747	1.457	0.65	AT2G42200	38.44	41.0	2.56	5.45	0.142
path	2	1.155	0.747	1.457	0.65	AT5G39610	37.64	40.0	2.36	5.38	0.143
path	2	1.155	0.747	1.457	0.65	AT3G53200	36.6	39.0	2.4	5.31	0.144
path	2	-0.301	0.462	-0.417	0.219	AT5G67190	20.52	22.0	1.48	3.76	0.145
path	2	1.155	0.747	1.457	0.65	AT2G42590	6.6	7.0	0.4	2.36	0.147
path	2	1.155	0.747	1.457	0.65	AT3G57600	6.61	7.0	0.39	2.36	0.147
path	2	1.155	0.747	1.457	0.65	AT2G03500	28.91	31.0	2.09	4.73	0.148
path	2	1.155	0.747	1.457	0.65	AT3G23240	24.14	26.0	1.86	4.36	0.149
path	2	-0.301	0.462	-0.417	0.219	AT3G46070	1.96	2.0	0.04	1.22	0.15
path	2	-0.301	0.462	-0.417	0.219	AT5G42520	1.97	2.0	0.03	1.22	0.15
path	2	1.155	0.747	1.457	0.65	AT5G64750	44.69	48.0	3.31	5.65	0.15
path	2	-0.301	0.462	-0.417	0.219	AT4G37180	18.03	19.0	0.97	3.48	0.151
path	2	-0.301	0.462	0.082	0.607	AT1G33240	24.14	26.0	1.86	3.36	0.152
path	2	-0.301	0.462	0.082	0.607	AT4G00250	24.54	26.0	1.46	3.36	0.152
path	2	1.155	0.747	0.88	0.746	AT1G19210	111.33	120.0	8.67	6.0	0.152
path	2	1.155	0.747	1.457	0.65	AT1G19040	12.4	13.0	0.6	3.11	0.155
path	2	-0.301	0.462	-0.417	0.219	AT3G18990	11.98	13.0	1.02	2.91	0.156
path	2	1.155	0.747	0.88	0.746	AT3G61250	21.66	23.0	1.34	2.96	0.157
path	2	1.155	0.747	0.88	0.746	AT5G16600	4.75	5.0	0.25	1.55	0.157
path	2	-0.301	0.462	0.082	0.607	AT1G31140	22.51	24.0	1.49	3.19	0.158
path	2	-0.301	0.462	0.082	0.607	AT1G50640	30.87	33.0	2.13	3.62	0.158
path	2	1.155	0.747	0.88	0.746	AT1G69780	75.69	81.0	5.31	5.0	0.16
path	2	-0.301	0.462	-0.417	0.219	AT2G42590	3.82	4.0	0.18	1.67	0.161
path	2	1.155	0.747	0.88	0.746	AT1G64620	86.69	93.0	6.31	5.25	0.162
path	2	1.155	0.747	1.457	0.65	AT4G17980	47.18	50.0	2.82	5.49	0.162
path	2	-0.301	0.462	-0.417	0.219	AT3G57230	2.86	3.0	0.14	1.45	0.164
path	2	-0.301	0.462	-0.417	0.219	AT5G47370	16.91	18.0	1.09	3.26	0.164
path	2	-0.301	0.462	0.082	0.607	AT1G74480	29.54	31.0	1.46	3.46	0.164
path	2	1.155	0.747	1.457	0.65	AT1G71696	32.66	35.0	2.34	4.71	0.164
path	2	-0.301	0.462	0.082	0.607	AT5G45580	35.95	38.0	2.05	3.73	0.165
path	2	1.155	0.747	0.88	0.746	AT1G27730	37.92	41.0	3.08	3.69	0.166
path	2	1.155	0.747	0.88	0.746	AT2G02070	56.84	61.0	4.16	4.35	0.167
path	2	1.155	0.747	1.457	0.65	AT3G03200	43.47	46.0	2.53	5.2	0.168
path	2	1.155	0.747	1.457	0.65	AT3G04070	8.46	9.0	0.54	2.51	0.168
path	2	1.155	0.747	1.457	0.65	AT1G50640	41.01	44.0	2.99	5.05	0.171
path	2	-0.301	0.462	0.082	0.607	AT5G46590	5.29	6.0	0.71	1.72	0.172
path	2	-0.301	0.462	0.082	0.607	AT4G10350	16.36	18.0	1.64	2.7	0.174
path	2	1.155	0.747	1.457	0.65	AT1G46264	2.9	3.0	0.1	1.45	0.175
path	2	1.155	0.747	1.457	0.65	AT5G08070	2.92	3.0	0.08	1.45	0.175
path	2	1.155	0.747	0.88	0.746	AT4G25490	96.76	104.0	7.24	5.2	0.177
path	2	1.155	0.747	1.457	0.65	AT3G56850	47.09	51.0	3.91	5.25	0.177
path	2	-0.301	0.462	-0.417	0.219	AT3G60490	15.89	17.0	1.11	3.03	0.178
path	2	1.155	0.747	0.88	0.746	AT5G14960	13.29	14.0	0.71	2.25	0.178
path	2	1.155	0.747	0.88	0.746	AT5G59990	12.82	14.0	1.18	2.25	0.178
path	2	1.155	0.747	0.88	0.746	AT1G25580	40.2	43.0	2.8	3.62	0.178
path	2	-0.301	0.462	0.082	0.607	AT3G04060	14.36	16.0	1.64	2.54	0.179
path	2	-0.301	0.462	0.082	0.607	AT4G17980	13.99	16.0	2.01	2.54	0.179
path	2	-0.301	0.462	0.082	0.607	AT5G62380	14.34	16.0	1.66	2.54	0.179
path	2	1.155	0.747	0.88	0.746	AT3G51080	7.41	8.0	0.59	1.78	0.179
path	2	1.155	0.747	0.88	0.746	AT5G25475	7.6	8.0	0.4	1.78	0.179
path	2	-0.301	0.462	0.082	0.607	AT1G04880	7.16	8.0	0.84	1.88	0.183
path	2	-0.301	0.462	0.082	0.607	AT1G51220	12.73	14.0	1.27	2.37	0.183
path	2	-0.301	0.462	0.082	0.607	AT1G76110	7.29	8.0	0.71	1.88	0.183
path	2	-0.301	0.462	0.082	0.607	AT3G49530	12.46	14.0	1.54	2.37	0.183
path	2	-0.301	0.462	-0.417	0.219	AT4G31060	17.67	19.0	1.33	3.09	0.186
path	2	-0.301	0.462	0.082	0.607	AT4G26640	9.0	10.0	1.0	2.04	0.186
path	2	-0.301	0.462	0.082	0.607	AT5G03790	23.02	25.0	1.98	2.97	0.186
path	2	1.155	0.747	0.88	0.746	AT1G47655	55.84	60.0	4.16	4.04	0.187
path	2	1.155	0.747	0.88	0.746	AT4G01680	55.96	60.0	4.04	4.04	0.187
path	2	1.155	0.747	1.457	0.65	AT4G29230	30.21	32.0	1.79	4.18	0.187
path	2	1.155	0.747	0.88	0.746	AT5G51990	100.67	108.0	7.33	5.05	0.188
path	2	1.155	0.747	1.457	0.65	AT1G72740	27.19	29.0	1.81	3.96	0.19
path	2	1.155	0.747	1.457	0.65	AT5G61600	13.07	14.0	0.93	2.87	0.19
path	2	-0.301	0.462	-0.417	0.219	AT2G31230	19.63	21.0	1.37	3.15	0.192
path	2	-0.301	0.462	0.082	0.607	AT3G09735	21.21	23.0	1.79	2.8	0.193
path	2	1.155	0.747	0.88	0.746	AT4G25470	96.29	103.0	6.71	4.89	0.193
path	2	-0.301	0.462	-0.417	0.219	AT1G47655	15.16	16.0	0.84	2.81	0.194
path	2	1.155	0.747	0.88	0.746	AT5G65310	102.73	110.0	7.27	4.98	0.194
path	2	1.155	0.747	0.88	0.746	AT4G25480	109.11	117.0	7.89	5.07	0.195
path	2	1.155	0.747	1.457	0.65	AT1G72010	19.64	21.0	1.36	3.38	0.195
path	2	1.155	0.747	1.457	0.65	AT5G65510	17.0	18.0	1.0	3.16	0.195
path	2	-0.301	0.462	-0.417	0.219	AT5G22500	6.62	7.0	0.38	1.96	0.197
path	2	1.155	0.747	1.457	0.65	AT3G12250	45.46	49.0	3.54	4.8	0.197
path	2	1.155	0.747	1.457	0.65	AT3G24520	45.97	49.0	3.03	4.8	0.197
path	2	-0.301	0.462	0.082	0.607	AT3G20310	38.98	42.0	3.02	3.44	0.198
path	2	1.155	0.747	1.457	0.65	AT4G14770	35.44	38.0	2.56	4.31	0.199
path	2	1.155	0.747	0.88	0.746	AT3G06740	48.55	52.0	3.45	3.64	0.2
path	2	-0.301	0.462	0.082	0.607	AT2G22430	19.43	21.0	1.57	2.64	0.201
path	2	1.155	0.747	0.88	0.746	AT3G10030	34.11	37.0	2.89	3.15	0.202
path	2	1.155	0.747	0.88	0.746	AT5G47660	64.56	69.0	4.44	4.05	0.202
path	2	-0.301	0.462	0.082	0.607	AT2G43000	32.78	35.0	2.22	3.18	0.203
path	2	-0.301	0.462	0.082	0.607	AT5G25190	37.12	40.0	2.88	3.28	0.207
path	2	-0.301	0.462	-0.417	0.219	AT1G77200	18.55	20.0	1.45	2.93	0.208
path	2	1.155	0.747	0.88	0.746	AT1G63030	15.16	16.0	0.84	2.18	0.208
path	2	-0.301	0.462	0.082	0.607	AT2G47070	17.41	19.0	1.59	2.48	0.209
path	2	-0.301	0.462	0.082	0.607	AT5G18450	17.62	19.0	1.38	2.48	0.209
path	2	1.155	0.747	1.457	0.65	AT5G25390	3.74	4.0	0.26	1.53	0.21
path	2	1.155	0.747	1.457	0.65	AT2G22540	39.01	42.0	2.99	4.29	0.211
path	2	1.155	0.747	1.457	0.65	AT4G37180	27.86	30.0	2.14	3.73	0.211
path	2	1.155	0.747	1.457	0.65	AT5G13180	39.41	42.0	2.59	4.29	0.211
path	2	1.155	0.747	1.457	0.65	AT5G62000	27.23	29.0	1.77	3.65	0.213
path	2	-0.301	0.462	-0.417	0.219	AT3G46590	5.78	6.0	0.22	1.73	0.217
path	2	-0.301	0.462	0.082	0.607	AT1G36060	15.76	17.0	1.24	2.31	0.217
path	2	-0.301	0.462	0.082	0.607	AT1G72010	16.03	17.0	0.97	2.31	0.217
path	2	1.155	0.747	1.457	0.65	AT1G28470	45.4	48.0	2.6	4.42	0.217
path	2	-0.301	0.462	-0.417	0.219	AT2G02070	11.16	12.0	0.84	2.3	0.219
path	2	1.155	0.747	1.457	0.65	AT3G23210	10.3	11.0	0.7	2.35	0.219
path	2	1.155	0.747	1.457	0.65	AT3G17730	43.39	46.0	2.61	4.27	0.221
path	2	-0.301	0.462	-0.417	0.219	AT3G08500	8.09	9.0	0.91	2.02	0.223
path	2	-0.301	0.462	-0.417	0.219	AT4G29230	8.19	9.0	0.81	2.02	0.223
path	2	-0.301	0.462	0.082	0.607	AT1G51700	22.56	24.0	1.44	2.58	0.224
path	2	-0.301	0.462	0.082	0.607	AT2G03500	22.51	24.0	1.49	2.58	0.224
path	2	1.155	0.747	1.457	0.65	AT5G58850	41.43	45.0	3.57	4.2	0.224
path	2	1.155	0.747	1.457	0.65	AT1G44830	16.87	18.0	1.13	2.85	0.225
path	2	1.155	0.747	1.457	0.65	AT3G20770	15.21	17.0	1.79	2.78	0.225
path	2	1.155	0.747	1.457	0.65	AT5G63090	14.93	16.0	1.07	2.71	0.225
path	2	1.155	0.747	1.457	0.65	AT1G74650	41.21	44.0	2.79	4.13	0.226
path	2	-0.301	0.462	0.082	0.607	AT1G28370	33.6	36.0	2.4	2.95	0.227
path	2	-0.301	0.462	0.082	0.607	AT3G24120	33.78	36.0	2.22	2.95	0.227
path	2	1.155	0.747	1.457	0.65	AT2G02080	31.8	34.0	2.2	3.71	0.227
path	2	-0.301	0.462	0.082	0.607	AT3G12910	2.91	3.0	0.09	1.16	0.228
path	2	1.155	0.747	1.457	0.65	AT1G28160	39.91	43.0	3.09	4.05	0.228
path	2	1.155	0.747	0.88	0.746	AT5G64060	76.69	82.0	5.31	3.93	0.229
path	2	-0.301	0.462	-0.417	0.219	AT5G23930	19.56	21.0	1.44	2.76	0.23
path	2	1.155	0.747	0.88	0.746	AT1G02250	65.65	70.0	4.35	3.67	0.231
path	2	-0.301	0.462	0.082	0.607	AT1G34180	11.12	13.0	1.88	1.98	0.233
path	2	-0.301	0.462	0.082	0.607	AT3G06740	11.9	13.0	1.1	1.98	0.233
path	2	-0.301	0.462	0.082	0.607	AT3G10500	11.22	13.0	1.78	1.98	0.233
path	2	-0.301	0.462	0.082	0.607	AT3G61150	11.46	13.0	1.54	1.98	0.233
path	2	-0.301	0.462	0.082	0.607	AT1G79580	20.08	22.0	1.92	2.42	0.234
path	2	1.155	0.747	0.88	0.746	AT5G17300	84.29	91.0	6.71	3.95	0.238
path	2	1.155	0.747	1.457	0.65	AT5G45580	36.12	39.0	2.88	3.76	0.238
path	2	-0.301	0.462	-0.417	0.219	AT1G72740	10.18	11.0	0.82	2.08	0.24
path	2	-0.301	0.462	0.082	0.607	AT1G02250	9.61	11.0	1.39	1.82	0.24
path	2	-0.301	0.462	0.082	0.607	AT3G28920	24.93	27.0	2.07	2.52	0.243
path	2	-0.301	0.462	0.082	0.607	AT2G42200	18.18	20.0	1.82	2.25	0.244
path	2	1.155	0.747	1.457	0.65	AT5G15830	48.08	52.0	3.92	4.09	0.245
path	2	-0.301	0.462	-0.417	0.219	AT1G19790	7.48	8.0	0.52	1.79	0.246
path	2	-0.301	0.462	0.082	0.607	AT3G06490	8.22	9.0	0.78	1.66	0.247
path	2	1.155	0.747	1.457	0.65	AT2G18350	32.75	35.0	2.25	3.47	0.247
path	2	1.155	0.747	1.457	0.65	AT3G50260	53.98	58.0	4.02	4.22	0.247
path	2	-0.301	0.462	0.082	0.607	AT5G22990	29.76	32.0	2.24	2.62	0.249
path	2	1.155	0.747	1.457	0.65	AT3G10480	40.41	43.0	2.59	3.75	0.249
path	2	-0.301	0.462	0.082	0.607	AT1G13300	4.72	5.0	0.28	1.33	0.25
path	2	-0.301	0.462	0.082	0.607	AT1G75080	4.6	5.0	0.4	1.33	0.25
path	2	-0.301	0.462	0.082	0.607	AT4G01500	4.62	5.0	0.38	1.33	0.25
path	2	-0.301	0.462	0.082	0.607	AT5G07100	4.54	5.0	0.46	1.33	0.25
path	2	-0.301	0.462	-0.417	0.219	AT5G67580	12.24	13.0	0.76	2.14	0.251
path	2	-0.301	0.462	0.082	0.607	AT5G08130	6.57	7.0	0.43	1.49	0.251
path	2	-0.301	0.462	-0.417	0.219	AT2G33710	22.59	24.0	1.41	2.66	0.254
path	2	1.155	0.747	1.457	0.65	AT1G75390	8.21	9.0	0.79	1.89	0.257
path	2	1.155	0.747	0.88	0.746	AT3G24120	83.04	90.0	6.96	3.64	0.258
path	2	1.155	0.747	1.457	0.65	AT2G43000	43.89	47.0	3.11	3.73	0.258
path	2	-0.301	0.462	-0.417	0.219	AT3G16280	13.96	15.0	1.04	2.2	0.259
path	2	1.155	0.747	0.88	0.746	AT1G08010	31.89	35.0	3.11	2.53	0.259
path	2	1.155	0.747	0.88	0.746	AT5G62940	66.03	71.0	4.97	3.29	0.261
path	2	1.155	0.747	0.88	0.746	AT2G28920	23.23	25.0	1.77	2.2	0.262
path	2	-0.301	0.462	0.082	0.607	AT1G69570	33.06	35.0	1.94	2.56	0.263
path	2	1.155	0.747	1.457	0.65	AT5G11260	48.25	52.0	3.75	3.78	0.264
path	2	1.155	0.747	1.457	0.65	AT3G04030	34.36	37.0	2.64	3.31	0.265
path	2	-0.301	0.462	0.082	0.607	AT5G04410	14.04	16.0	1.96	1.92	0.267
path	2	1.155	0.747	1.457	0.65	AT2G23290	33.26	36.0	2.74	3.24	0.268
path	2	1.155	0.747	0.88	0.746	AT1G04880	39.36	42.0	2.64	2.62	0.269
path	2	1.155	0.747	0.88	0.746	AT5G04390	38.74	42.0	3.26	2.62	0.269
path	2	1.155	0.747	1.457	0.65	AT2G45420	40.12	43.0	2.88	3.44	0.27
path	2	-0.301	0.462	-0.417	0.219	AT5G59990	6.76	7.0	0.24	1.57	0.271
path	2	1.155	0.747	1.457	0.65	AT5G47370	32.6	35.0	2.4	3.16	0.271
path	2	1.155	0.747	1.457	0.65	AT2G41835	2.87	3.0	0.13	1.15	0.272
path	2	1.155	0.747	0.88	0.746	AT3G50410	56.9	61.0	4.1	2.96	0.273
path	2	1.155	0.747	1.457	0.65	AT1G54330	39.61	42.0	2.39	3.36	0.273
path	2	-0.301	0.462	-0.417	0.219	AT4G27950	11.28	12.0	0.72	1.91	0.274
path	2	1.155	0.747	1.457	0.65	AT5G06839	38.15	41.0	2.85	3.29	0.276
path	2	-0.301	0.462	0.082	0.607	AT1G75240	19.1	21.0	1.9	2.03	0.279
path	2	-0.301	0.462	0.082	0.607	AT2G18350	19.39	21.0	1.61	2.03	0.279
path	2	-0.301	0.462	0.082	0.607	AT3G01220	19.2	21.0	1.8	2.03	0.279
path	2	-0.301	0.462	0.082	0.607	AT4G18170	11.91	14.0	2.09	1.76	0.279
path	2	-0.301	0.462	0.082	0.607	AT4G23550	18.94	21.0	2.06	2.03	0.279
path	2	-0.301	0.462	0.082	0.607	AT5G18560	19.57	21.0	1.43	2.03	0.279
path	2	1.155	0.747	1.457	0.65	AT2G46770	37.61	40.0	2.39	3.22	0.279
path	2	1.155	0.747	1.457	0.65	AT2G36270	48.95	53.0	4.05	3.55	0.281
path	2	-0.301	0.462	-0.417	0.219	AT4G31800	12.45	14.0	1.55	1.97	0.282
path	2	1.155	0.747	1.457	0.65	AT3G12730	28.89	31.0	2.11	2.87	0.282
path	2	1.155	0.747	0.88	0.746	AT2G26960	47.46	51.0	3.54	2.64	0.286
path	2	-0.301	0.462	-0.417	0.219	AT1G22810	14.82	16.0	1.18	2.03	0.287
path	2	-0.301	0.462	0.082	0.607	AT3G15210	42.99	46.0	3.01	2.55	0.287
path	2	1.155	0.747	1.457	0.65	AT4G18770	34.33	37.0	2.67	3.0	0.288
path	2	-0.301	0.462	-0.417	0.219	AT1G16490	7.89	9.0	1.11	1.63	0.289
path	2	-0.301	0.462	-0.417	0.219	AT2G06200	8.47	9.0	0.53	1.63	0.289
path	2	-0.301	0.462	0.082	0.607	AT1G69010	28.5	31.0	2.5	2.24	0.289
path	2	-0.301	0.462	0.082	0.607	AT5G63260	29.02	31.0	1.98	2.24	0.289
path	2	1.155	0.747	1.457	0.65	AT3G03660	3.86	4.0	0.14	1.22	0.291
path	2	-0.301	0.462	0.082	0.607	AT1G68670	11.3	12.0	0.7	1.6	0.292
path	2	-0.301	0.462	0.082	0.607	AT1G70920	10.71	12.0	1.29	1.6	0.292
path	2	1.155	0.747	1.457	0.65	AT1G65910	40.58	43.0	2.42	3.13	0.292
path	2	1.155	0.747	0.88	0.746	AT2G44940	66.87	72.0	5.13	2.91	0.293
path	2	1.155	0.747	1.457	0.65	AT2G35700	39.12	42.0	2.88	3.05	0.295
path	2	-0.301	0.462	-0.417	0.219	AT3G57600	2.82	3.0	0.18	1.06	0.296
path	2	1.155	0.747	0.88	0.746	AT1G20910	49.52	53.0	3.48	2.56	0.296
path	2	1.155	0.747	0.88	0.746	AT5G06960	49.05	53.0	3.95	2.56	0.296
path	2	1.155	0.747	0.88	0.746	AT4G01540	101.67	109.0	7.33	3.29	0.298
path	2	-0.301	0.462	-0.417	0.219	AT2G26960	10.28	11.0	0.72	1.69	0.299
path	2	-0.301	0.462	-0.417	0.219	AT1G13260	5.63	6.0	0.37	1.34	0.301
path	2	-0.301	0.462	0.082	0.607	AT4G38170	26.96	29.0	2.04	2.07	0.303
path	2	1.155	0.747	1.457	0.65	AT1G32150	47.83	52.0	4.17	3.16	0.304
path	2	1.155	0.747	1.457	0.65	AT1G45249	21.9	24.0	2.1	2.36	0.304
path	2	1.155	0.747	1.457	0.65	AT1G72360	5.69	6.0	0.31	1.36	0.304
path	2	-0.301	0.462	0.082	0.607	AT5G66300	9.0	10.0	1.0	1.43	0.306
path	2	1.155	0.747	1.457	0.65	AT5G39820	9.44	10.0	0.56	1.65	0.306
path	2	1.155	0.747	1.457	0.65	AT1G13400	8.47	9.0	0.53	1.58	0.307
path	2	1.155	0.747	1.457	0.65	AT4G01720	6.62	7.0	0.38	1.44	0.307
path	2	1.155	0.747	1.457	0.65	AT5G13910	6.58	7.0	0.42	1.44	0.307
path	2	-0.301	0.462	0.082	0.607	AT1G34670	15.22	17.0	1.78	1.7	0.308
path	2	-0.301	0.462	0.082	0.607	AT2G30340	15.44	17.0	1.56	1.7	0.308
path	2	1.155	0.747	0.88	0.746	AT1G52150	58.08	62.0	3.92	2.58	0.308
path	2	1.155	0.747	1.457	0.65	AT1G67260	0.97	1.0	0.03	0.69	0.309
path	2	1.155	0.747	0.88	0.746	AT4G17460	5.69	6.0	0.31	1.16	0.31
path	2	1.155	0.747	0.88	0.746	AT5G52170	5.66	6.0	0.34	1.16	0.31
path	2	1.155	0.747	1.457	0.65	AT5G60130	28.03	30.0	1.97	2.49	0.312
path	2	-0.301	0.462	-0.417	0.219	AT2G28810	17.76	19.0	1.24	1.93	0.315
path	2	-0.301	0.462	-0.417	0.219	AT5G02460	17.62	19.0	1.38	1.93	0.315
path	2	-0.301	0.462	0.082	0.607	AT2G23320	19.56	22.0	2.44	1.8	0.315
path	2	-0.301	0.462	0.082	0.607	AT3G53200	20.28	22.0	1.72	1.8	0.315
path	2	-0.301	0.462	-0.417	0.219	AT2G22540	19.65	21.0	1.35	1.99	0.316
path	2	-0.301	0.462	0.082	0.607	AT1G06280	29.11	32.0	2.89	2.01	0.317
path	2	1.155	0.747	0.88	0.746	AT3G11020	59.87	64.0	4.13	2.51	0.317
path	2	1.155	0.747	1.457	0.65	AT5G05790	18.36	20.0	1.64	2.07	0.317
path	2	-0.301	0.462	-0.417	0.219	AT1G62300	6.81	8.0	1.19	1.4	0.318
path	2	1.155	0.747	0.88	0.746	AT1G53230	24.63	26.0	1.37	1.82	0.318
path	2	1.155	0.747	0.88	0.746	AT2G01940	68.0	73.0	5.0	2.53	0.325
path	2	1.155	0.747	0.88	0.746	AT5G66730	54.56	59.0	4.44	2.35	0.325
path	2	1.155	0.747	1.457	0.65	AT1G12260	37.71	40.0	2.29	2.6	0.325
path	2	1.155	0.747	0.88	0.746	AT1G73730	10.44	11.0	0.56	1.33	0.326
path	2	1.155	0.747	0.88	0.746	AT3G23250	10.13	11.0	0.87	1.33	0.326
path	2	1.155	0.747	1.457	0.65	AT1G08320	42.62	46.0	3.38	2.73	0.326
path	2	-0.301	0.462	-0.417	0.219	AT5G47220	9.42	10.0	0.58	1.46	0.327
path	2	1.155	0.747	0.88	0.746	AT3G60530	14.66	16.0	1.34	1.49	0.327
path	2	1.155	0.747	0.88	0.746	AT1G32510	2.81	3.0	0.19	0.93	0.329
path	2	1.155	0.747	0.88	0.746	AT5G18090	2.81	3.0	0.19	0.93	0.329
path	2	1.155	0.747	0.88	0.746	AT5G48670	2.91	3.0	0.09	0.93	0.329
path	2	1.155	0.747	0.88	0.746	AT1G24250	37.23	40.0	2.77	2.0	0.331
path	2	-0.301	0.462	0.082	0.607	AT1G12630	27.76	30.0	2.24	1.85	0.332
path	2	1.155	0.747	1.457	0.65	AT1G19790	14.86	16.0	1.14	1.78	0.332
path	2	1.155	0.747	0.88	0.746	AT5G06100	69.56	75.0	5.44	2.45	0.333
path	2	1.155	0.747	1.457	0.65	AT1G03800	46.27	50.0	3.73	2.71	0.333
path	2	1.155	0.747	1.457	0.65	AT5G66300	22.6	24.0	1.4	2.05	0.334
path	2	-0.301	0.462	-0.417	0.219	AT3G55370	20.59	22.0	1.41	1.82	0.338
path	2	-0.301	0.462	0.082	0.607	AT2G17950	5.61	6.0	0.39	1.1	0.338
path	2	1.155	0.747	1.457	0.65	AT1G79580	40.3	43.0	2.7	2.51	0.338
path	2	1.155	0.747	1.457	0.65	AT5G08330	21.48	23.0	1.52	1.98	0.338
path	2	-0.301	0.462	-0.417	0.219	AT3G50060	16.82	18.0	1.18	1.7	0.339
path	2	1.155	0.747	1.457	0.65	AT3G50060	33.39	36.0	2.61	2.31	0.341
path	2	1.155	0.747	1.457	0.65	AT4G37260	33.33	36.0	2.67	2.31	0.341
path	2	1.155	0.747	0.88	0.746	AT5G03150	21.2	23.0	1.8	1.58	0.342
path	2	1.155	0.747	1.457	0.65	AT4G01550	32.97	35.0	2.03	2.24	0.345
path	2	1.155	0.747	1.457	0.65	AT1G31140	25.91	28.0	2.09	2.04	0.347
path	2	1.155	0.747	1.457	0.65	AT1G49560	25.8	28.0	2.2	2.04	0.347
path	2	-0.301	0.462	0.082	0.607	AT2G40740	15.8	18.0	2.2	1.48	0.348
path	2	-0.301	0.462	0.082	0.607	AT3G24520	25.84	28.0	2.16	1.68	0.348
path	2	-0.301	0.462	0.082	0.607	AT4G25480	25.48	28.0	2.52	1.68	0.348
path	2	-0.301	0.462	0.082	0.607	AT2G38340	20.76	23.0	2.24	1.58	0.349
path	2	1.155	0.747	0.88	0.746	AT1G34370	16.54	18.0	1.46	1.42	0.349
path	2	1.155	0.747	1.457	0.65	AT5G62380	37.68	40.0	2.32	2.29	0.35
path	2	-0.301	0.462	-0.417	0.219	AT1G12610	6.25	7.0	0.75	1.18	0.351
path	2	-0.301	0.462	0.082	0.607	AT3G01470	3.49	4.0	0.51	0.94	0.356
path	2	-0.301	0.462	0.082	0.607	AT3G02990	3.67	4.0	0.33	0.94	0.356
path	2	-0.301	0.462	0.082	0.607	AT3G12820	3.37	4.0	0.63	0.94	0.356
path	2	-0.301	0.462	0.082	0.607	AT3G61120	3.89	4.0	0.11	0.94	0.356
path	2	-0.301	0.462	0.082	0.607	AT5G10140	3.84	4.0	0.16	0.94	0.356
path	2	1.155	0.747	0.88	0.746	AT2G38300	12.25	13.0	0.75	1.25	0.356
path	2	1.155	0.747	1.457	0.65	AT5G06950	40.94	44.0	3.06	2.27	0.357
path	2	1.155	0.747	1.457	0.65	AT1G75080	8.44	9.0	0.56	1.27	0.359
path	2	-0.301	0.462	-0.417	0.219	AT5G64750	21.5	23.0	1.5	1.66	0.36
path	2	1.155	0.747	0.88	0.746	AT5G65410	83.66	90.0	6.34	2.25	0.361
path	2	-0.301	0.462	-0.417	0.219	AT1G27730	10.38	11.0	0.62	1.3	0.362
path	2	1.155	0.747	1.457	0.65	AT2G47070	28.78	31.0	2.22	1.95	0.363
path	2	1.155	0.747	1.457	0.65	AT5G08130	7.4	8.0	0.6	1.2	0.363
path	2	-0.301	0.462	-0.417	0.219	AT1G29280	11.52	13.0	1.48	1.36	0.364
path	2	-0.301	0.462	-0.417	0.219	AT2G44940	13.96	15.0	1.04	1.42	0.364
path	2	1.155	0.747	1.457	0.65	AT1G10720	1.87	2.0	0.13	0.76	0.364
path	2	1.155	0.747	1.457	0.65	AT2G39900	1.93	2.0	0.07	0.76	0.364
path	2	1.155	0.747	1.457	0.65	AT2G46400	1.9	2.0	0.1	0.76	0.364
path	2	1.155	0.747	1.457	0.65	AT3G07220	1.92	2.0	0.08	0.76	0.364
path	2	1.155	0.747	1.457	0.65	AT5G58620	1.92	2.0	0.08	0.76	0.364
path	2	1.155	0.747	0.88	0.746	AT3G11440	70.16	76.0	5.84	2.07	0.366
path	2	1.155	0.747	1.457	0.65	AT3G02150	5.72	6.0	0.28	1.05	0.37
path	2	1.155	0.747	0.88	0.746	AT3G09600	78.57	85.0	6.43	2.09	0.371
path	2	1.155	0.747	1.457	0.65	AT1G69010	42.5	46.0	3.5	2.11	0.372
path	2	1.155	0.747	1.457	0.65	AT3G22780	2.89	3.0	0.11	0.84	0.373
path	2	-0.301	0.462	0.082	0.607	AT1G18570	1.67	2.0	0.33	0.78	0.374
path	2	-0.301	0.462	0.082	0.607	AT1G19210	31.23	34.0	2.77	1.56	0.374
path	2	-0.301	0.462	0.082	0.607	AT1G51600	1.86	2.0	0.14	0.78	0.374
path	2	-0.301	0.462	0.082	0.607	AT1G63030	1.73	2.0	0.27	0.78	0.374
path	2	-0.301	0.462	0.082	0.607	AT1G68550	31.48	34.0	2.52	1.56	0.374
path	2	-0.301	0.462	0.082	0.607	AT2G38090	1.96	2.0	0.04	0.78	0.374
path	2	-0.301	0.462	0.082	0.607	AT3G02150	1.8	2.0	0.2	0.78	0.374
path	2	-0.301	0.462	0.082	0.607	AT3G23250	1.72	2.0	0.28	0.78	0.374
path	2	-0.301	0.462	0.082	0.607	AT3G47620	1.95	2.0	0.05	0.78	0.374
path	2	-0.301	0.462	0.082	0.607	AT3G51470	1.79	2.0	0.21	0.78	0.374
path	2	-0.301	0.462	0.082	0.607	AT5G38860	1.91	2.0	0.09	0.78	0.374
path	2	-0.301	0.462	0.082	0.607	AT5G52170	1.89	2.0	0.11	0.78	0.374
path	2	1.155	0.747	0.88	0.746	AT2G06200	31.39	34.0	2.61	1.53	0.376
path	2	1.155	0.747	1.457	0.65	AT1G78700	41.5	45.0	3.5	2.04	0.376
path	2	1.155	0.747	1.457	0.65	AT4G00730	31.78	34.0	2.22	1.85	0.376
path	2	-0.301	0.462	-0.417	0.219	AT5G67450	3.77	4.0	0.23	0.9	0.377
path	2	1.155	0.747	0.88	0.746	AT1G69180	59.25	64.0	4.75	1.82	0.38
path	2	1.155	0.747	0.88	0.746	AT3G47600	14.1	15.0	0.9	1.18	0.38
path	2	-0.301	0.462	0.082	0.607	AT3G50260	34.13	37.0	2.87	1.5	0.385
path	2	-0.301	0.462	-0.417	0.219	AT2G39900	0.97	1.0	0.03	0.61	0.388
path	2	-0.301	0.462	-0.417	0.219	AT4G17460	0.94	1.0	0.06	0.61	0.388
path	2	-0.301	0.462	-0.417	0.219	AT4G28110	0.93	1.0	0.07	0.61	0.388
path	2	-0.301	0.462	-0.417	0.219	AT4G38620	0.81	1.0	0.19	0.61	0.388
path	2	-0.301	0.462	-0.417	0.219	AT5G18090	0.96	1.0	0.04	0.61	0.388
path	2	-0.301	0.462	-0.417	0.219	AT5G62165	0.98	1.0	0.02	0.61	0.388
path	2	-0.301	0.462	-0.417	0.219	AT5G67000	0.94	1.0	0.06	0.61	0.388
path	2	-0.301	0.462	0.082	0.607	AT1G29860	11.97	14.0	2.03	1.15	0.388
path	2	1.155	0.747	0.88	0.746	AT5G62470	33.42	36.0	2.58	1.45	0.388
path	2	-0.301	0.462	-0.417	0.219	AT4G05100	5.39	6.0	0.61	0.96	0.389
path	2	-0.301	0.462	-0.417	0.219	AT5G61600	5.58	6.0	0.42	0.96	0.389
path	2	-0.301	0.462	0.082	0.607	AT3G04030	30.12	32.0	1.88	1.4	0.391
path	2	1.155	0.747	0.88	0.746	AT1G55110	54.65	59.0	4.35	1.65	0.391
path	2	1.155	0.747	1.457	0.65	AT1G20980	17.71	19.0	1.29	1.38	0.391
path	2	1.155	0.747	1.457	0.65	AT2G40260	28.83	31.0	2.17	1.64	0.391
path	2	-0.301	0.462	-0.417	0.219	AT1G32870	6.86	8.0	1.14	1.02	0.393
path	2	-0.301	0.462	-0.417	0.219	AT4G25470	12.64	14.0	1.36	1.2	0.393
path	2	-0.301	0.462	-0.417	0.219	AT3G23240	11.16	12.0	0.84	1.14	0.394
path	2	1.155	0.747	0.88	0.746	AT4G28500	79.18	84.0	4.82	1.78	0.396
path	2	1.155	0.747	1.457	0.65	AT3G12720	27.89	30.0	2.11	1.56	0.396
path	2	-0.301	0.462	0.082	0.607	AT3G47500	25.33	27.0	1.67	1.3	0.397
path	2	-0.301	0.462	0.082	0.607	AT2G02540	19.84	22.0	2.16	1.19	0.402
path	2	-0.301	0.462	0.082	0.607	AT2G30250	19.6	22.0	2.4	1.19	0.402
path	2	1.155	0.747	0.88	0.746	AT3G30210	28.89	31.0	2.11	1.29	0.402
path	2	-0.301	0.462	0.082	0.607	AT5G05550	39.96	43.0	3.04	1.38	0.404
path	2	1.155	0.747	1.457	0.65	AT5G18560	26.0	28.0	2.0	1.42	0.406
path	2	-0.301	0.462	0.082	0.607	AT5G44210	15.98	17.0	1.02	1.09	0.408
path	2	-0.301	0.462	0.082	0.607	AT1G32240	6.59	7.0	0.41	0.88	0.411
path	2	-0.301	0.462	0.082	0.607	AT3G10480	10.16	12.0	1.84	0.98	0.411
path	2	-0.301	0.462	0.082	0.607	AT3G23220	11.22	12.0	0.78	0.98	0.411
path	2	-0.301	0.462	0.082	0.607	AT5G44160	6.7	7.0	0.3	0.88	0.411
path	2	1.155	0.747	1.457	0.65	AT1G43700	8.33	9.0	0.67	0.96	0.411
path	2	1.155	0.747	1.457	0.65	AT1G03840	19.36	21.0	1.64	1.22	0.414
path	2	1.155	0.747	1.457	0.65	AT1G76110	14.0	15.0	1.0	1.09	0.415
path	2	-0.301	0.462	0.082	0.607	AT3G44480	23.39	25.0	1.61	1.13	0.416
path	2	-0.301	0.462	0.082	0.607	AT5G65410	22.98	25.0	2.02	1.13	0.416
path	2	1.155	0.747	1.457	0.65	AT1G75490	24.08	26.0	1.92	1.27	0.417
path	2	1.155	0.747	0.88	0.746	AT4G38000	92.57	99.0	6.43	1.58	0.418
path	2	1.155	0.747	0.88	0.746	AT5G65130	38.64	42.0	3.36	1.24	0.421
path	2	-0.301	0.462	-0.417	0.219	AT1G55110	12.12	13.0	0.88	0.97	0.423
path	2	-0.301	0.462	0.082	0.607	AT3G01530	18.2	20.0	1.8	1.03	0.423
path	2	-0.301	0.462	0.082	0.607	AT5G05790	18.83	20.0	1.17	1.03	0.423
path	2	1.155	0.747	0.88	0.746	AT3G47500	61.78	67.0	5.22	1.36	0.424
path	2	1.155	0.747	0.88	0.746	AT3G06490	32.55	35.0	2.45	1.15	0.426
path	2	1.155	0.747	1.457	0.65	AT3G45150	6.54	7.0	0.46	0.82	0.427
path	2	-0.301	0.462	0.082	0.607	AT2G46590	25.96	28.0	2.04	1.07	0.428
path	2	-0.301	0.462	0.082	0.607	AT5G58900	26.33	28.0	1.67	1.07	0.428
path	2	1.155	0.747	0.88	0.746	AT3G27785	54.84	60.0	5.16	1.27	0.429
path	2	1.155	0.747	1.457	0.65	AT5G17800	26.87	29.0	2.13	1.18	0.43
path	2	-0.301	0.462	-0.417	0.219	AT1G13400	2.76	3.0	0.24	0.67	0.431
path	2	-0.301	0.462	-0.417	0.219	AT1G69560	2.81	3.0	0.19	0.67	0.431
path	2	-0.301	0.462	-0.417	0.219	AT4G28140	2.77	3.0	0.23	0.67	0.431
path	2	-0.301	0.462	-0.417	0.219	AT5G43840	2.74	3.0	0.26	0.67	0.431
path	2	-0.301	0.462	-0.417	0.219	AT5G67300	2.82	3.0	0.18	0.67	0.431
path	2	-0.301	0.462	0.082	0.607	AT1G02230	13.34	15.0	1.66	0.92	0.431
path	2	-0.301	0.462	-0.417	0.219	AT4G28500	6.03	7.0	0.97	0.79	0.432
path	2	-0.301	0.462	-0.417	0.219	AT5G47230	6.64	7.0	0.36	0.79	0.432
path	2	-0.301	0.462	-0.417	0.219	AT2G01818	4.55	5.0	0.45	0.73	0.434
path	2	1.155	0.747	1.457	0.65	AT4G01280	35.16	38.0	2.84	1.22	0.435
path	2	1.155	0.747	1.457	0.65	AT1G13300	5.61	6.0	0.39	0.75	0.436
path	2	-0.301	0.462	0.082	0.607	AT1G53170	43.8	47.0	3.2	1.1	0.437
path	2	-0.301	0.462	0.082	0.607	AT2G02080	21.43	23.0	1.57	0.97	0.437
path	2	-0.301	0.462	0.082	0.607	AT5G51990	20.66	23.0	2.34	0.97	0.437
path	2	-0.301	0.462	0.082	0.607	AT1G25580	9.11	10.0	0.89	0.82	0.439
path	2	1.155	0.747	1.457	0.65	AT1G01060	34.26	37.0	2.74	1.15	0.441
path	2	1.155	0.747	1.457	0.65	AT5G67190	42.73	46.0	3.27	1.18	0.443
path	2	-0.301	0.462	0.082	0.607	AT2G03340	4.25	5.0	0.75	0.72	0.445
path	2	-0.301	0.462	0.082	0.607	AT2G46130	4.31	5.0	0.69	0.72	0.445
path	2	1.155	0.747	1.457	0.65	AT4G18450	4.6	5.0	0.4	0.67	0.446
path	2	1.155	0.747	0.88	0.746	AT1G77200	94.82	102.0	7.18	1.13	0.454
path	2	1.155	0.747	0.88	0.746	AT2G33550	29.3	32.0	2.7	0.91	0.454
path	2	1.155	0.747	0.88	0.746	AT4G06746	37.89	41.0	3.11	0.93	0.456
path	2	1.155	0.747	1.457	0.65	AT3G10500	36.5	39.0	2.5	0.98	0.456
path	2	-0.301	0.462	-0.417	0.219	AT4G34410	19.48	21.0	1.52	0.82	0.457
path	2	1.155	0.747	0.88	0.746	AT2G01060	46.24	50.0	3.76	0.95	0.458
path	2	-0.301	0.462	0.082	0.607	AT3G02940	18.88	21.0	2.12	0.8	0.459
path	2	1.155	0.747	0.88	0.746	AT2G01930	62.81	68.0	5.19	0.98	0.46
path	2	-0.301	0.462	-0.417	0.219	AT5G66700	17.35	19.0	1.65	0.76	0.463
path	2	1.155	0.747	0.88	0.746	AT1G76880	8.53	9.0	0.47	0.71	0.464
path	2	1.155	0.747	0.88	0.746	AT3G51470	8.35	9.0	0.65	0.71	0.464
path	2	1.155	0.747	1.457	0.65	AT1G77640	8.44	9.0	0.56	0.65	0.464
path	2	1.155	0.747	1.457	0.65	AT1G30490	26.19	28.0	1.81	0.8	0.466
path	2	-0.301	0.462	0.082	0.607	AT1G28160	29.8	32.0	2.2	0.79	0.467
path	2	1.155	0.747	0.88	0.746	AT1G14687	73.22	79.0	5.78	0.93	0.467
path	2	1.155	0.747	0.88	0.746	AT3G49530	74.18	79.0	4.82	0.93	0.467
path	2	-0.301	0.462	-0.417	0.219	AT1G30490	7.18	8.0	0.82	0.63	0.469
path	2	-0.301	0.462	-0.417	0.219	AT1G69180	7.04	8.0	0.96	0.63	0.469
path	2	-0.301	0.462	-0.417	0.219	AT3G11020	7.16	8.0	0.84	0.63	0.469
path	2	-0.301	0.462	0.082	0.607	AT2G15740	22.43	24.0	1.57	0.74	0.47
path	2	-0.301	0.462	0.082	0.607	AT1G25550	14.99	16.0	1.01	0.7	0.471
path	2	-0.301	0.462	0.082	0.607	AT2G45680	7.69	8.0	0.31	0.66	0.471
path	2	1.155	0.747	0.88	0.746	AT1G14580	16.45	18.0	1.55	0.73	0.471
path	2	-0.301	0.462	0.082	0.607	AT1G71450	39.84	43.0	3.16	0.77	0.472
path	2	1.155	0.747	0.88	0.746	AT3G21175	25.04	27.0	1.96	0.75	0.473
path	2	1.155	0.747	0.88	0.746	AT3G28910	33.61	36.0	2.39	0.76	0.474
path	2	1.155	0.747	0.88	0.746	AT5G46590	33.76	36.0	2.24	0.76	0.474
path	2	1.155	0.747	0.88	0.746	AT3G13810	41.27	45.0	3.73	0.78	0.475
path	2	1.155	0.747	0.88	0.746	AT3G26620	41.8	45.0	3.2	0.78	0.475
path	2	-0.301	0.462	-0.417	0.219	AT4G26030	5.08	6.0	0.92	0.57	0.477
path	2	-0.301	0.462	-0.417	0.219	AT5G62470	5.48	6.0	0.52	0.57	0.477
path	2	1.155	0.747	0.88	0.746	AT1G30210	1.91	2.0	0.09	0.62	0.477
path	2	1.155	0.747	0.88	0.746	AT1G70910	1.94	2.0	0.06	0.62	0.477
path	2	1.155	0.747	0.88	0.746	AT3G49930	1.91	2.0	0.09	0.62	0.477
path	2	1.155	0.747	0.88	0.746	AT4G30080	1.75	2.0	0.25	0.62	0.477
path	2	1.155	0.747	0.88	0.746	AT4G38910	1.84	2.0	0.16	0.62	0.477
path	2	1.155	0.747	0.88	0.746	AT5G42820	1.88	2.0	0.12	0.62	0.477
path	2	-0.301	0.462	0.082	0.607	AT5G60850	24.91	27.0	2.09	0.68	0.479
path	2	1.155	0.747	0.88	0.746	AT5G04410	85.85	92.0	6.15	0.8	0.479
path	2	1.155	0.747	1.457	0.65	AT5G18450	24.07	26.0	1.93	0.65	0.479
path	2	1.155	0.747	1.457	0.65	AT3G01470	11.29	12.0	0.71	0.56	0.482
path	2	1.155	0.747	1.457	0.65	AT3G50700	11.18	12.0	0.82	0.56	0.482
path	2	-0.301	0.462	-0.417	0.219	AT5G66730	12.1	13.0	0.9	0.58	0.483
path	2	-0.301	0.462	0.082	0.607	AT2G40260	17.45	19.0	1.55	0.64	0.483
path	2	1.155	0.747	0.88	0.746	AT2G45680	10.04	11.0	0.96	0.64	0.484
path	2	1.155	0.747	0.88	0.746	AT3G60580	35.42	38.0	2.58	0.69	0.484
path	2	1.155	0.747	0.88	0.746	AT4G36780	86.29	94.0	7.71	0.73	0.485
path	2	1.155	0.747	0.88	0.746	AT4G38170	78.6	85.0	6.4	0.71	0.486
path	2	-0.301	0.462	0.082	0.607	AT4G01680	9.71	11.0	1.29	0.6	0.487
path	2	-0.301	0.462	0.082	0.607	AT5G03150	10.42	11.0	0.58	0.6	0.487
path	2	-0.301	0.462	-0.417	0.219	AT2G41690	3.75	4.0	0.25	0.51	0.488
path	2	1.155	0.747	1.457	0.65	AT2G45410	35.34	38.0	2.66	0.6	0.488
path	2	1.155	0.747	1.457	0.65	AT5G65210	35.07	38.0	2.93	0.6	0.488
path	2	-0.301	0.462	-0.417	0.219	AT3G45610	16.76	18.0	1.24	0.54	0.491
path	2	1.155	0.747	0.88	0.746	AT3G12130	45.27	49.0	3.73	0.64	0.491
path	2	1.155	0.747	1.457	0.65	AT2G17900	1.9	2.0	0.1	0.45	0.491
path	2	1.155	0.747	1.457	0.65	AT3G12910	1.87	2.0	0.13	0.45	0.491
path	2	1.155	0.747	1.457	0.65	AT4G16750	42.57	46.0	3.43	0.56	0.492
path	2	-0.301	0.462	0.082	0.607	AT5G65310	19.68	22.0	2.32	0.58	0.493
path	2	1.155	0.747	1.457	0.65	AT1G32870	34.47	37.0	2.53	0.53	0.494
path	2	1.155	0.747	1.457	0.65	AT3G10800	22.04	24.0	1.96	0.51	0.494
path	2	-0.301	0.462	0.082	0.607	AT1G21910	2.67	3.0	0.33	0.55	0.496
path	2	-0.301	0.462	0.082	0.607	AT1G22070	2.7	3.0	0.3	0.55	0.496
path	2	-0.301	0.462	0.082	0.607	AT2G30590	2.62	3.0	0.38	0.55	0.496
path	2	-0.301	0.462	0.082	0.607	AT2G38300	2.76	3.0	0.24	0.55	0.496
path	2	-0.301	0.462	0.082	0.607	AT3G30530	2.85	3.0	0.15	0.55	0.496
path	2	-0.301	0.462	0.082	0.607	AT4G01720	2.73	3.0	0.27	0.55	0.496
path	2	-0.301	0.462	0.082	0.607	AT4G04450	2.71	3.0	0.29	0.55	0.496
path	2	-0.301	0.462	0.082	0.607	AT4G24020	2.85	3.0	0.15	0.55	0.496
path	2	-0.301	0.462	0.082	0.607	AT5G14960	2.77	3.0	0.23	0.55	0.496
path	2	1.155	0.747	0.88	0.746	AT4G32730	96.71	107.0	10.29	0.6	0.496
path	2	1.155	0.747	1.457	0.65	AT1G34180	38.36	41.0	2.64	0.51	0.496
path	2	1.155	0.747	0.88	0.746	AT3G10580	54.59	60.0	5.41	0.58	0.497
path	2	1.155	0.747	0.88	0.746	AT5G47230	20.23	22.0	1.77	0.58	0.497
path	2	-0.301	0.462	0.082	0.607	AT1G34190	12.06	14.0	1.94	0.54	0.499
path	2	-0.301	0.462	0.082	0.607	AT1G69780	12.3	14.0	1.7	0.54	0.499
path	2	1.155	0.747	0.88	0.746	AT1G01250	12.25	13.0	0.75	0.56	0.5
path	2	1.155	0.747	0.88	0.746	AT1G69560	12.04	13.0	0.96	0.56	0.5
path	2	1.155	0.747	0.88	0.746	AT4G01500	11.82	13.0	1.18	0.56	0.5
path	2	1.155	0.747	0.88	0.746	AT5G67300	12.1	13.0	0.9	0.56	0.5
path	2	-0.301	0.462	-0.417	0.219	AT1G76870	1.92	2.0	0.08	0.45	0.504
path	2	-0.301	0.462	-0.417	0.219	AT3G47600	1.82	2.0	0.18	0.45	0.504
path	2	-0.301	0.462	-0.417	0.219	AT4G17785	1.71	2.0	0.29	0.45	0.504
path	2	-0.301	0.462	-0.417	0.219	AT4G30080	1.95	2.0	0.05	0.45	0.504
path	2	1.155	0.747	1.457	0.65	AT5G10030	44.37	48.0	3.63	0.4	0.504
path	2	-0.301	0.462	-0.417	0.219	AT4G16750	19.45	21.0	1.55	0.44	0.505
path	2	1.155	0.747	0.88	0.746	AT3G10113	48.74	53.0	4.26	0.49	0.506
path	2	-0.301	0.462	-0.417	0.219	AT5G13080	12.44	14.0	1.56	0.42	0.507
path	2	-0.301	0.462	-0.417	0.219	AT5G16820	12.75	14.0	1.25	0.42	0.507
path	2	-0.301	0.462	-0.417	0.219	AT5G56110	12.56	14.0	1.44	0.42	0.507
path	2	-0.301	0.462	-0.417	0.219	AT5G62940	12.99	14.0	1.01	0.42	0.507
path	2	1.155	0.747	0.88	0.746	AT1G26960	67.59	73.0	5.41	0.45	0.508
path	2	1.155	0.747	0.88	0.746	AT3G25990	22.2	24.0	1.8	0.51	0.508
path	2	1.155	0.747	0.88	0.746	AT3G60490	67.53	73.0	5.47	0.45	0.508
path	2	1.155	0.747	1.457	0.65	AT2G46590	36.14	39.0	2.86	0.36	0.508
path	2	-0.301	0.462	0.082	0.607	AT3G01970	14.97	17.0	2.03	0.48	0.509
path	2	-0.301	0.462	0.082	0.607	AT3G12720	15.49	17.0	1.51	0.48	0.509
path	2	-0.301	0.462	0.082	0.607	AT5G41570	14.81	17.0	2.19	0.48	0.509
path	2	-0.301	0.462	0.082	0.607	AT5G54230	15.03	17.0	1.97	0.48	0.509
path	2	1.155	0.747	0.88	0.746	AT1G76870	3.63	4.0	0.37	0.55	0.509
path	2	1.155	0.747	0.88	0.746	AT5G38860	3.72	4.0	0.28	0.55	0.509
path	2	1.155	0.747	1.457	0.65	AT1G06850	27.94	30.0	2.06	0.33	0.511
path	2	-0.301	0.462	0.082	0.607	AT3G25990	5.42	6.0	0.58	0.49	0.512
path	2	-0.301	0.462	0.082	0.607	AT3G58630	5.5	6.0	0.5	0.49	0.512
path	2	-0.301	0.462	0.082	0.607	AT4G18450	5.71	6.0	0.29	0.49	0.512
path	2	-0.301	0.462	-0.417	0.219	AT4G01550	6.08	7.0	0.92	0.4	0.513
path	2	1.155	0.747	0.88	0.746	AT2G17950	13.79	15.0	1.21	0.49	0.514
path	2	1.155	0.747	1.457	0.65	AT3G45610	35.25	38.0	2.75	0.29	0.514
path	2	1.155	0.747	0.88	0.746	AT3G15270	88.01	95.0	6.99	0.35	0.516
path	2	1.155	0.747	1.457	0.65	AT2G45650	4.6	5.0	0.4	0.36	0.516
path	2	1.155	0.747	1.457	0.65	AT3G23220	11.9	13.0	1.1	0.33	0.516
path	2	-0.301	0.462	-0.417	0.219	AT1G74650	10.74	12.0	1.26	0.36	0.517
path	2	-0.301	0.462	-0.417	0.219	AT3G22830	10.9	12.0	1.1	0.36	0.517
path	2	1.155	0.747	1.457	0.65	AT1G12610	23.35	25.0	1.65	0.27	0.518
path	2	1.155	0.747	1.457	0.65	AT2G30340	26.82	29.0	2.18	0.25	0.518
path	2	-0.301	0.462	-0.417	0.219	AT1G64620	15.72	17.0	1.28	0.32	0.521
path	2	-0.301	0.462	-0.417	0.219	AT4G01540	15.52	17.0	1.48	0.32	0.521
path	2	1.155	0.747	0.88	0.746	AT1G22810	71.19	77.0	5.81	0.31	0.521
path	2	1.155	0.747	0.88	0.746	AT3G01530	71.34	77.0	5.66	0.31	0.521
path	2	-0.301	0.462	0.082	0.607	AT1G14580	8.5	9.0	0.5	0.43	0.523
path	2	-0.301	0.462	0.082	0.607	AT1G79180	8.01	9.0	0.99	0.43	0.523
path	2	-0.301	0.462	0.082	0.607	AT2G33550	8.14	9.0	0.86	0.43	0.523
path	2	-0.301	0.462	0.082	0.607	AT3G27010	8.59	9.0	0.41	0.43	0.523
path	2	-0.301	0.462	0.082	0.607	AT3G42860	7.88	9.0	1.12	0.43	0.523
path	2	1.155	0.747	1.457	0.65	AT1G17950	0.97	1.0	0.03	0.38	0.523
path	2	1.155	0.747	1.457	0.65	AT1G47870	0.97	1.0	0.03	0.38	0.523
path	2	1.155	0.747	1.457	0.65	AT2G38090	0.94	1.0	0.06	0.38	0.523
path	2	1.155	0.747	1.457	0.65	AT3G09230	0.96	1.0	0.04	0.38	0.523
path	2	1.155	0.747	1.457	0.65	AT5G62165	0.96	1.0	0.04	0.38	0.523
path	2	1.155	0.747	0.88	0.746	AT1G18330	63.0	68.0	5.0	0.29	0.524
path	2	1.155	0.747	0.88	0.746	AT2G42430	62.97	68.0	5.03	0.29	0.524
path	2	-0.301	0.462	0.082	0.607	AT1G26960	21.27	23.0	1.73	0.36	0.525
path	2	1.155	0.747	0.88	0.746	AT4G28140	15.85	17.0	1.15	0.42	0.526
path	2	1.155	0.747	0.88	0.746	AT2G38340	91.98	99.0	7.02	0.2	0.527
path	2	1.155	0.747	1.457	0.65	AT4G34590	10.83	12.0	1.17	0.25	0.527
path	2	1.155	0.747	0.88	0.746	AT4G28110	5.66	6.0	0.34	0.47	0.528
path	2	-0.301	0.462	-0.417	0.219	AT1G09540	8.91	10.0	1.09	0.3	0.529
path	2	-0.301	0.462	-0.417	0.219	AT1G30650	8.64	10.0	1.36	0.3	0.529
path	2	-0.301	0.462	-0.417	0.219	AT1G68320	9.06	10.0	0.94	0.3	0.529
path	2	-0.301	0.462	-0.417	0.219	AT3G50700	4.63	5.0	0.37	0.34	0.529
path	2	1.155	0.747	1.457	0.65	AT2G32460	24.85	27.0	2.15	0.11	0.533
path	2	1.155	0.747	1.457	0.65	AT3G16280	28.71	31.0	2.29	0.09	0.533
path	2	1.155	0.747	0.88	0.746	AT1G71450	122.09	132.0	9.91	0.04	0.535
path	2	1.155	0.747	1.457	0.65	AT1G71450	54.57	59.0	4.43	-0.04	0.535
path	2	1.155	0.747	0.88	0.746	AT1G66370	17.85	19.0	1.15	0.35	0.536
path	2	1.155	0.747	1.457	0.65	AT3G20840	3.75	4.0	0.25	0.29	0.536
path	2	1.155	0.747	1.457	0.65	AT4G32800	14.0	15.0	1.0	0.16	0.536
path	2	-0.301	0.462	0.082	0.607	AT1G52150	13.75	15.0	1.25	0.31	0.538
path	2	-0.301	0.462	0.082	0.607	AT4G01250	13.31	15.0	1.69	0.31	0.538
path	2	1.155	0.747	0.88	0.746	AT1G51600	7.56	8.0	0.44	0.4	0.543
path	2	-0.301	0.462	0.082	0.607	AT5G52830	16.05	18.0	1.95	0.25	0.544
path	2	1.155	0.747	1.457	0.65	AT1G69690	6.43	7.0	0.57	0.2	0.544
path	2	-0.301	0.462	0.082	0.607	AT2G44840	19.06	21.0	1.94	0.19	0.55
path	2	-0.301	0.462	0.082	0.607	AT3G21890	19.51	21.0	1.49	0.19	0.55
path	2	-0.301	0.462	-0.417	0.219	AT5G66940	14.76	16.0	1.24	0.09	0.552
path	2	1.155	0.747	1.457	0.65	AT2G38340	40.86	44.0	3.14	-0.2	0.552
path	2	-0.301	0.462	-0.417	0.219	AT2G38470	9.68	11.0	1.32	0.14	0.554
path	2	-0.301	0.462	-0.417	0.219	AT3G13810	10.25	11.0	0.75	0.14	0.554
path	2	-0.301	0.462	-0.417	0.219	AT4G31550	2.61	3.0	0.39	0.28	0.555
path	2	-0.301	0.462	0.082	0.607	AT4G25490	21.69	24.0	2.31	0.13	0.555
path	2	1.155	0.747	0.88	0.746	AT3G16280	63.87	69.0	5.13	-0.09	0.558
path	2	-0.301	0.462	-0.417	0.219	AT5G13790	5.6	6.0	0.4	0.18	0.561
path	2	1.155	0.747	0.88	0.746	AT4G17785	23.57	25.0	1.43	0.13	0.563
path	2	1.155	0.747	0.88	0.746	AT2G32460	55.18	60.0	4.82	-0.11	0.564
path	2	1.155	0.747	1.457	0.65	AT3G15270	38.87	42.0	3.13	-0.35	0.564
path	2	-0.301	0.462	0.082	0.607	AT3G28910	6.24	7.0	0.76	0.27	0.566
path	2	1.155	0.747	1.457	0.65	AT1G22810	31.4	34.0	2.6	-0.31	0.566
path	2	1.155	0.747	1.457	0.65	AT3G01530	31.47	34.0	2.53	-0.31	0.566
path	2	-0.301	0.462	0.082	0.607	AT1G20910	8.89	10.0	1.11	0.21	0.568
path	2	-0.301	0.462	0.082	0.607	AT1G44830	9.2	10.0	0.8	0.21	0.568
path	2	-0.301	0.462	0.082	0.607	AT4G22070	8.46	10.0	1.54	0.21	0.568
path	2	-0.301	0.462	0.082	0.607	AT5G24110	8.43	10.0	1.57	0.21	0.568
path	2	-0.301	0.462	0.082	0.607	AT5G46350	8.83	10.0	1.17	0.21	0.568
path	2	1.155	0.747	1.457	0.65	AT1G18330	27.76	30.0	2.24	-0.29	0.568
path	2	1.155	0.747	1.457	0.65	AT2G42430	27.75	30.0	2.25	-0.29	0.568
path	2	-0.301	0.462	-0.417	0.219	AT4G00730	7.99	9.0	1.01	0.08	0.569
path	2	-0.301	0.462	-0.417	0.219	AT5G62000	8.2	9.0	0.8	0.08	0.569
path	2	-0.301	0.462	-0.417	0.219	AT5G65130	8.32	9.0	0.68	0.08	0.569
path	2	-0.301	0.462	0.082	0.607	AT1G77640	3.6	4.0	0.4	0.33	0.569
path	2	-0.301	0.462	0.082	0.607	AT4G11660	11.61	13.0	1.39	0.15	0.57
path	2	1.155	0.747	0.88	0.746	AT3G45610	77.85	84.0	6.15	-0.29	0.57
path	2	1.155	0.747	0.88	0.746	AT5G10030	97.89	106.0	8.11	-0.4	0.572
path	2	1.155	0.747	0.88	0.746	AT3G27010	12.73	14.0	1.27	0.18	0.573
path	2	1.155	0.747	0.88	0.746	AT3G46590	12.91	14.0	1.09	0.18	0.573
path	2	-0.301	0.462	0.082	0.607	AT1G25340	14.69	16.0	1.31	0.09	0.574
path	2	-0.301	0.462	0.082	0.607	AT2G01060	14.8	16.0	1.2	0.09	0.574
path	2	1.155	0.747	0.88	0.746	AT2G46590	79.6	86.0	6.4	-0.36	0.575
path	2	1.155	0.747	0.88	0.746	AT2G30340	59.12	64.0	4.88	-0.25	0.576
path	2	-0.301	0.462	-0.417	0.219	AT1G75490	11.13	12.0	0.87	-0.03	0.577
path	2	-0.301	0.462	-0.417	0.219	AT3G12130	11.25	12.0	0.75	-0.03	0.577
path	2	-0.301	0.462	-0.417	0.219	AT5G47660	11.1	12.0	0.9	-0.03	0.577
path	2	-0.301	0.462	-0.417	0.219	AT5G60130	11.11	12.0	0.89	-0.03	0.577
path	2	-0.301	0.462	0.082	0.607	AT1G75490	17.63	19.0	1.37	0.03	0.577
path	2	-0.301	0.462	0.082	0.607	AT3G12130	17.81	19.0	1.19	0.03	0.577
path	2	-0.301	0.462	0.082	0.607	AT5G47660	17.58	19.0	1.42	0.03	0.577
path	2	-0.301	0.462	0.082	0.607	AT5G60130	17.59	19.0	1.41	0.03	0.577
path	2	1.155	0.747	0.88	0.746	AT1G06850	61.4	66.0	4.6	-0.33	0.581
path	2	1.155	0.747	1.457	0.65	AT1G26960	29.58	32.0	2.42	-0.45	0.581
path	2	1.155	0.747	1.457	0.65	AT3G60490	29.55	32.0	2.45	-0.45	0.581
path	2	1.155	0.747	1.457	0.65	AT4G32730	42.4	47.0	4.6	-0.6	0.581
path	2	1.155	0.747	0.88	0.746	AT1G12610	51.3	55.0	3.7	-0.27	0.583
path	2	1.155	0.747	1.457	0.65	AT4G17785	10.36	11.0	0.64	-0.13	0.583
path	2	-0.301	0.462	-0.417	0.219	AT4G25490	13.54	15.0	1.46	-0.13	0.584
path	2	-0.301	0.462	0.082	0.607	AT5G66940	23.05	25.0	1.95	-0.09	0.584
path	2	1.155	0.747	0.88	0.746	AT1G34180	84.1	90.0	5.9	-0.51	0.585
path	2	1.155	0.747	0.88	0.746	AT4G16750	93.32	101.0	7.68	-0.56	0.585
path	2	-0.301	0.462	-0.417	0.219	AT1G28470	5.82	7.0	1.18	0.02	0.589
path	2	1.155	0.747	0.88	0.746	AT1G32870	75.34	81.0	5.66	-0.53	0.591
path	2	1.155	0.747	0.88	0.746	AT4G32800	30.76	33.0	2.24	-0.16	0.591
path	2	-0.301	0.462	-0.417	0.219	AT1G25340	9.17	10.0	0.83	-0.09	0.592
path	2	-0.301	0.462	-0.417	0.219	AT2G01060	9.24	10.0	0.76	-0.09	0.592
path	2	1.155	0.747	1.457	0.65	AT4G36780	37.55	41.0	3.45	-0.73	0.595
path	2	1.155	0.747	0.88	0.746	AT2G45410	77.06	83.0	5.94	-0.6	0.596
path	2	1.155	0.747	0.88	0.746	AT5G65210	76.44	83.0	6.56	-0.6	0.596
path	2	1.155	0.747	1.457	0.65	AT3G10113	21.1	23.0	1.9	-0.49	0.596
path	2	1.155	0.747	1.457	0.65	AT4G38170	34.14	37.0	2.86	-0.71	0.597
path	2	-0.301	0.462	-0.417	0.219	AT2G44840	11.77	13.0	1.23	-0.19	0.598
path	2	-0.301	0.462	-0.417	0.219	AT3G21890	12.06	13.0	0.94	-0.19	0.598
path	2	1.155	0.747	1.457	0.65	AT2G38880	1.9	2.0	0.1	0.15	0.6
path	2	1.155	0.747	1.457	0.65	AT3G10580	23.58	26.0	2.42	-0.58	0.6
path	2	1.155	0.747	1.457	0.65	AT3G61120	1.85	2.0	0.15	0.15	0.6
path	2	1.155	0.747	1.457	0.65	AT4G24020	1.79	2.0	0.21	0.15	0.6
path	2	1.155	0.747	1.457	0.65	AT5G04410	37.25	40.0	2.75	-0.8	0.601
path	2	-0.301	0.462	0.082	0.607	AT2G38470	14.92	17.0	2.08	-0.14	0.606
path	2	-0.301	0.462	0.082	0.607	AT3G13810	15.81	17.0	1.19	-0.14	0.606
path	2	-0.301	0.462	0.082	0.607	AT4G00730	12.41	14.0	1.59	-0.08	0.606
path	2	-0.301	0.462	0.082	0.607	AT5G62000	12.74	14.0	1.26	-0.08	0.606
path	2	-0.301	0.462	0.082	0.607	AT5G65130	12.93	14.0	1.07	-0.08	0.606
path	2	-0.301	0.462	0.082	0.607	AT1G28470	9.15	11.0	1.85	-0.02	0.607
path	2	1.155	0.747	0.88	0.746	AT3G10800	47.62	52.0	4.38	-0.51	0.608
path	2	1.155	0.747	1.457	0.65	AT3G57230	3.68	4.0	0.32	-0.02	0.609
path	2	1.155	0.747	1.457	0.65	AT5G44160	3.58	4.0	0.42	-0.02	0.609
path	2	-0.301	0.462	0.082	0.607	AT1G64620	23.99	26.0	2.01	-0.32	0.611
path	2	-0.301	0.462	0.082	0.607	AT1G69690	7.59	8.0	0.41	0.04	0.611
path	2	-0.301	0.462	0.082	0.607	AT4G01540	23.66	26.0	2.34	-0.32	0.611
path	2	-0.301	0.462	-0.417	0.219	AT4G11660	7.12	8.0	0.88	-0.15	0.612
path	2	-0.301	0.462	0.082	0.607	AT1G18960	0.94	1.0	0.06	0.39	0.612
path	2	-0.301	0.462	0.082	0.607	AT1G32510	0.94	1.0	0.06	0.39	0.612
path	2	-0.301	0.462	0.082	0.607	AT1G46264	0.93	1.0	0.07	0.39	0.612
path	2	-0.301	0.462	0.082	0.607	AT1G63040	0.97	1.0	0.03	0.39	0.612
path	2	-0.301	0.462	0.082	0.607	AT1G73730	0.82	1.0	0.18	0.39	0.612
path	2	-0.301	0.462	0.082	0.607	AT2G17900	0.93	1.0	0.07	0.39	0.612
path	2	-0.301	0.462	0.082	0.607	AT2G46400	0.93	1.0	0.07	0.39	0.612
path	2	-0.301	0.462	0.082	0.607	AT3G03660	0.9	1.0	0.1	0.39	0.612
path	2	-0.301	0.462	0.082	0.607	AT3G07220	0.94	1.0	0.06	0.39	0.612
path	2	-0.301	0.462	0.082	0.607	AT3G13040	0.93	1.0	0.07	0.39	0.612
path	2	-0.301	0.462	0.082	0.607	AT3G20840	0.82	1.0	0.18	0.39	0.612
path	2	-0.301	0.462	0.082	0.607	AT3G22780	0.92	1.0	0.08	0.39	0.612
path	2	-0.301	0.462	0.082	0.607	AT3G48160	0.91	1.0	0.09	0.39	0.612
path	2	-0.301	0.462	0.082	0.607	AT4G36620	0.94	1.0	0.06	0.39	0.612
path	2	-0.301	0.462	0.082	0.607	AT5G08070	0.94	1.0	0.06	0.39	0.612
path	2	-0.301	0.462	0.082	0.607	AT5G14340	0.81	1.0	0.19	0.39	0.612
path	2	-0.301	0.462	0.082	0.607	AT5G40330	0.93	1.0	0.07	0.39	0.612
path	2	-0.301	0.462	-0.417	0.219	AT5G52830	9.76	11.0	1.24	-0.25	0.614
path	2	1.155	0.747	0.88	0.746	AT4G34590	23.39	26.0	2.61	-0.25	0.614
path	2	1.155	0.747	1.457	0.65	AT3G12130	19.33	21.0	1.67	-0.64	0.615
path	2	-0.301	0.462	-0.417	0.219	AT1G69690	4.74	5.0	0.26	-0.04	0.616
path	2	-0.301	0.462	0.082	0.607	AT4G16750	29.55	32.0	2.45	-0.44	0.616
path	2	-0.301	0.462	-0.417	0.219	AT1G26960	12.91	14.0	1.09	-0.36	0.617
path	2	1.155	0.747	0.88	0.746	AT5G18450	51.68	56.0	4.32	-0.65	0.618
path	2	1.155	0.747	1.457	0.65	AT1G14687	31.41	34.0	2.59	-0.93	0.619
path	2	1.155	0.747	1.457	0.65	AT3G49530	31.85	34.0	2.15	-0.93	0.619
path	2	1.155	0.747	0.88	0.746	AT3G23220	25.55	28.0	2.45	-0.33	0.62
path	2	1.155	0.747	1.457	0.65	AT3G27010	5.43	6.0	0.57	-0.18	0.62
path	2	1.155	0.747	1.457	0.65	AT3G46590	5.51	6.0	0.49	-0.18	0.62
path	2	1.155	0.747	1.457	0.65	AT1G77200	40.79	44.0	3.21	-1.13	0.622
path	2	-0.301	0.462	0.082	0.607	AT1G06180	3.96	5.0	1.04	0.1	0.623
path	2	-0.301	0.462	0.082	0.607	AT3G30210	4.33	5.0	0.67	0.1	0.623
path	2	-0.301	0.462	0.082	0.607	AT5G13910	4.7	5.0	0.3	0.1	0.623
path	2	-0.301	0.462	-0.417	0.219	AT1G10720	0.94	1.0	0.06	0.22	0.626
path	2	-0.301	0.462	-0.417	0.219	AT1G72360	0.86	1.0	0.14	0.22	0.626
path	2	-0.301	0.462	-0.417	0.219	AT1G80840	0.79	1.0	0.21	0.22	0.626
path	2	-0.301	0.462	-0.417	0.219	AT2G21900	0.92	1.0	0.08	0.22	0.626
path	2	-0.301	0.462	-0.417	0.219	AT2G41835	0.94	1.0	0.06	0.22	0.626
path	2	-0.301	0.462	-0.417	0.219	AT3G45170	0.92	1.0	0.08	0.22	0.626
path	2	-0.301	0.462	-0.417	0.219	AT4G38910	0.97	1.0	0.03	0.22	0.626
path	2	-0.301	0.462	-0.417	0.219	AT5G08750	0.79	1.0	0.21	0.22	0.626
path	2	-0.301	0.462	-0.417	0.219	AT5G10280	0.67	1.0	0.33	0.22	0.626
path	2	1.155	0.747	0.88	0.746	AT3G10500	78.41	84.0	5.59	-0.98	0.626
path	2	1.155	0.747	0.88	0.746	AT3G45170	6.63	7.0	0.37	0.09	0.626
path	2	1.155	0.747	0.88	0.746	AT5G10140	6.5	7.0	0.5	0.09	0.626
path	2	1.155	0.747	0.88	0.746	AT5G56930	6.69	7.0	0.31	0.09	0.626
path	2	1.155	0.747	0.88	0.746	AT3G48160	4.72	5.0	0.28	0.16	0.627
path	2	1.155	0.747	0.88	0.746	AT3G57230	8.29	9.0	0.71	0.02	0.627
path	2	1.155	0.747	0.88	0.746	AT5G10510	4.66	5.0	0.34	0.16	0.627
path	2	1.155	0.747	0.88	0.746	AT5G44160	8.07	9.0	0.93	0.02	0.627
path	2	1.155	0.747	0.88	0.746	AT1G30490	55.96	60.0	4.04	-0.8	0.628
path	2	1.155	0.747	1.457	0.65	AT1G66370	7.49	8.0	0.51	-0.35	0.631
path	2	1.155	0.747	1.457	0.65	AT2G01930	26.68	29.0	2.32	-0.98	0.631
path	2	1.155	0.747	0.88	0.746	AT5G67190	91.7	99.0	7.3	-1.18	0.632
path	2	-0.301	0.462	-0.417	0.219	AT1G52150	8.21	9.0	0.79	-0.31	0.633
path	2	-0.301	0.462	-0.417	0.219	AT4G01250	7.93	9.0	1.07	-0.31	0.633
path	2	1.155	0.747	1.457	0.65	AT3G13810	17.33	19.0	1.67	-0.78	0.635
path	2	1.155	0.747	1.457	0.65	AT3G26620	17.57	19.0	1.43	-0.78	0.635
path	2	-0.301	0.462	0.082	0.607	AT1G74650	16.01	18.0	1.99	-0.36	0.636
path	2	-0.301	0.462	0.082	0.607	AT3G22830	16.26	18.0	1.74	-0.36	0.636
path	2	-0.301	0.462	0.082	0.607	AT5G13080	18.54	21.0	2.46	-0.42	0.636
path	2	-0.301	0.462	0.082	0.607	AT5G16820	19.03	21.0	1.97	-0.42	0.636
path	2	-0.301	0.462	0.082	0.607	AT5G56110	18.73	21.0	2.27	-0.42	0.636
path	2	-0.301	0.462	0.082	0.607	AT5G62940	19.41	21.0	1.59	-0.42	0.636
path	2	1.155	0.747	0.88	0.746	AT4G36620	2.81	3.0	0.19	0.24	0.636
path	2	1.155	0.747	0.88	0.746	AT5G40330	2.78	3.0	0.22	0.24	0.636
path	2	1.155	0.747	1.457	0.65	AT3G60580	14.85	16.0	1.15	-0.69	0.636
path	2	-0.301	0.462	-0.417	0.219	AT1G71450	23.99	26.0	2.01	-0.77	0.637
path	2	-0.301	0.462	0.082	0.607	AT3G45610	25.04	27.0	1.96	-0.54	0.637
path	2	1.155	0.747	0.88	0.746	AT1G69690	13.73	15.0	1.27	-0.2	0.637
path	2	-0.301	0.462	0.082	0.607	AT1G09540	13.27	15.0	1.73	-0.3	0.638
path	2	-0.301	0.462	0.082	0.607	AT1G30650	12.86	15.0	2.14	-0.3	0.638
path	2	-0.301	0.462	0.082	0.607	AT1G68320	13.52	15.0	1.48	-0.3	0.638
path	2	-0.301	0.462	-0.417	0.219	AT1G20910	5.3	6.0	0.7	-0.21	0.639
path	2	-0.301	0.462	-0.417	0.219	AT1G44830	5.49	6.0	0.51	-0.21	0.639
path	2	-0.301	0.462	-0.417	0.219	AT4G22070	5.03	6.0	0.97	-0.21	0.639
path	2	-0.301	0.462	-0.417	0.219	AT5G24110	5.01	6.0	0.99	-0.21	0.639
path	2	-0.301	0.462	-0.417	0.219	AT5G46350	5.26	6.0	0.74	-0.21	0.639
path	2	1.155	0.747	1.457	0.65	AT3G25990	9.19	10.0	0.81	-0.51	0.641
path	2	1.155	0.747	0.88	0.746	AT1G01060	72.88	79.0	6.12	-1.15	0.642
path	2	1.155	0.747	1.457	0.65	AT3G45170	2.83	3.0	0.17	-0.09	0.642
path	2	1.155	0.747	1.457	0.65	AT5G10140	2.78	3.0	0.22	-0.09	0.642
path	2	1.155	0.747	1.457	0.65	AT5G56930	2.86	3.0	0.14	-0.09	0.642
path	2	-0.301	0.462	-0.417	0.219	AT2G15660	1.82	2.0	0.18	0.06	0.644
path	2	-0.301	0.462	-0.417	0.219	AT2G17410	1.92	2.0	0.08	0.06	0.644
path	2	-0.301	0.462	-0.417	0.219	AT3G13350	1.87	2.0	0.13	0.06	0.644
path	2	-0.301	0.462	-0.417	0.219	AT5G25390	1.88	2.0	0.12	0.06	0.644
path	2	1.155	0.747	0.88	0.746	AT4G01280	74.66	81.0	6.34	-1.22	0.646
path	2	1.155	0.747	1.457	0.65	AT2G01060	19.32	21.0	1.68	-0.95	0.646
path	2	1.155	0.747	1.457	0.65	AT3G28910	13.93	15.0	1.07	-0.76	0.648
path	2	1.155	0.747	1.457	0.65	AT5G46590	14.0	15.0	1.0	-0.76	0.648
path	2	-0.301	0.462	0.082	0.607	AT5G13790	8.38	9.0	0.62	-0.18	0.649
path	2	-0.301	0.462	-0.417	0.219	AT5G65310	11.53	13.0	1.47	-0.58	0.651
path	2	1.155	0.747	1.457	0.65	AT4G28140	6.49	7.0	0.51	-0.42	0.651
path	2	-0.301	0.462	-0.417	0.219	AT3G01970	8.71	10.0	1.29	-0.48	0.652
path	2	-0.301	0.462	-0.417	0.219	AT3G12720	9.04	10.0	0.96	-0.48	0.652
path	2	-0.301	0.462	-0.417	0.219	AT5G41570	8.61	10.0	1.39	-0.48	0.652
path	2	-0.301	0.462	-0.417	0.219	AT5G54230	8.75	10.0	1.25	-0.48	0.652
path	2	-0.301	0.462	-0.417	0.219	AT5G60850	14.67	16.0	1.33	-0.68	0.652
path	2	-0.301	0.462	-0.417	0.219	AT1G28160	17.6	19.0	1.4	-0.79	0.654
path	2	1.155	0.747	0.88	0.746	AT3G01470	23.42	25.0	1.58	-0.56	0.657
path	2	1.155	0.747	0.88	0.746	AT3G50700	23.17	25.0	1.83	-0.56	0.657
path	2	1.155	0.747	1.457	0.65	AT4G06746	15.61	17.0	1.39	-0.93	0.657
path	2	1.155	0.747	1.457	0.65	AT4G38000	39.12	42.0	2.88	-1.58	0.658
path	2	1.155	0.747	1.457	0.65	AT5G47230	8.21	9.0	0.79	-0.58	0.658
path	2	-0.301	0.462	0.082	0.607	AT5G66700	25.39	28.0	2.61	-0.76	0.661
path	2	1.155	0.747	0.88	0.746	AT5G17800	56.25	61.0	4.75	-1.18	0.661
path	2	-0.301	0.462	-0.417	0.219	AT1G06180	2.34	3.0	0.66	-0.1	0.662
path	2	-0.301	0.462	-0.417	0.219	AT3G30210	2.57	3.0	0.43	-0.1	0.662
path	2	-0.301	0.462	-0.417	0.219	AT5G13910	2.81	3.0	0.19	-0.1	0.662
path	2	-0.301	0.462	0.082	0.607	AT4G34410	28.61	31.0	2.39	-0.82	0.662
path	2	-0.301	0.462	0.082	0.607	AT5G66730	17.58	19.0	1.42	-0.58	0.664
path	2	1.155	0.747	1.457	0.65	AT3G27785	22.69	25.0	2.31	-1.27	0.665
path	2	-0.301	0.462	-0.417	0.219	AT1G53170	25.97	28.0	2.03	-1.1	0.666
path	2	-0.301	0.462	0.082	0.607	AT1G23810	1.81	2.0	0.19	0.16	0.666
path	2	-0.301	0.462	0.082	0.607	AT1G27360	1.86	2.0	0.14	0.16	0.666
path	2	-0.301	0.462	0.082	0.607	AT1G53230	1.56	2.0	0.44	0.16	0.666
path	2	-0.301	0.462	0.082	0.607	AT2G24570	1.76	2.0	0.24	0.16	0.666
path	2	-0.301	0.462	0.082	0.607	AT2G33810	1.68	2.0	0.32	0.16	0.666
path	2	-0.301	0.462	0.082	0.607	AT3G45150	1.67	2.0	0.33	0.16	0.666
path	2	-0.301	0.462	0.082	0.607	AT3G61250	1.57	2.0	0.43	0.16	0.666
path	2	-0.301	0.462	0.082	0.607	AT5G22890	1.91	2.0	0.09	0.16	0.666
path	2	1.155	0.747	1.457	0.65	AT3G21175	10.12	11.0	0.88	-0.75	0.666
path	2	1.155	0.747	1.457	0.65	AT3G47500	25.66	28.0	2.34	-1.36	0.666
path	2	-0.301	0.462	-0.417	0.219	AT2G15740	13.01	14.0	0.99	-0.74	0.667
path	2	-0.301	0.462	-0.417	0.219	AT2G40260	10.02	11.0	0.98	-0.64	0.669
path	2	1.155	0.747	1.457	0.65	AT3G46070	0.92	1.0	0.08	0.07	0.671
path	2	1.155	0.747	1.457	0.65	AT3G47620	0.93	1.0	0.07	0.07	0.671
path	2	1.155	0.747	1.457	0.65	AT5G22890	0.87	1.0	0.13	0.07	0.671
path	2	1.155	0.747	1.457	0.65	AT2G17950	5.46	6.0	0.54	-0.49	0.673
path	2	1.155	0.747	1.457	0.65	AT2G33550	11.79	13.0	1.21	-0.91	0.674
path	2	-0.301	0.462	-0.417	0.219	AT1G34190	6.77	8.0	1.23	-0.54	0.676
path	2	-0.301	0.462	-0.417	0.219	AT1G69780	6.93	8.0	1.07	-0.54	0.676
path	2	1.155	0.747	0.88	0.746	AT1G75490	49.71	54.0	4.29	-1.27	0.677
path	2	-0.301	0.462	-0.417	0.219	AT3G28910	3.52	4.0	0.48	-0.27	0.678
path	2	-0.301	0.462	0.082	0.607	AT4G01550	8.55	10.0	1.45	-0.4	0.682
path	2	1.155	0.747	1.457	0.65	AT4G28500	32.85	35.0	2.15	-1.78	0.684
path	2	-0.301	0.462	-0.417	0.219	AT3G02940	10.65	12.0	1.35	-0.8	0.685
path	2	1.155	0.747	0.88	0.746	AT5G18560	53.53	58.0	4.47	-1.42	0.685
path	2	1.155	0.747	0.88	0.746	AT1G03840	39.33	43.0	3.67	-1.22	0.689
path	2	1.155	0.747	1.457	0.65	AT5G65130	15.5	17.0	1.5	-1.24	0.689
path	2	1.155	0.747	1.457	0.65	AT3G48160	1.87	2.0	0.13	-0.16	0.69
path	2	1.155	0.747	1.457	0.65	AT5G10510	1.85	2.0	0.15	-0.16	0.69
path	2	1.155	0.747	0.88	0.746	AT1G18960	0.81	1.0	0.19	0.31	0.691
path	2	1.155	0.747	0.88	0.746	AT1G60920	0.91	1.0	0.09	0.31	0.691
path	2	1.155	0.747	0.88	0.746	AT1G63040	0.91	1.0	0.09	0.31	0.691
path	2	1.155	0.747	0.88	0.746	AT2G48100	0.97	1.0	0.03	0.31	0.691
path	2	1.155	0.747	0.88	0.746	AT4G12670	0.97	1.0	0.03	0.31	0.691
path	2	1.155	0.747	0.88	0.746	AT4G37790	0.91	1.0	0.09	0.31	0.691
path	2	1.155	0.747	0.88	0.746	AT5G42520	0.88	1.0	0.12	0.31	0.691
path	2	-0.301	0.462	-0.417	0.219	AT1G25550	8.36	9.0	0.64	-0.7	0.692
path	2	1.155	0.747	0.88	0.746	AT3G12720	57.28	62.0	4.72	-1.56	0.692
path	2	-0.301	0.462	-0.417	0.219	AT1G14580	4.69	5.0	0.31	-0.43	0.694
path	2	-0.301	0.462	-0.417	0.219	AT1G79180	4.37	5.0	0.63	-0.43	0.694
path	2	-0.301	0.462	-0.417	0.219	AT2G33550	4.45	5.0	0.55	-0.43	0.694
path	2	-0.301	0.462	-0.417	0.219	AT3G27010	4.74	5.0	0.26	-0.43	0.694
path	2	-0.301	0.462	-0.417	0.219	AT3G42860	4.29	5.0	0.71	-0.43	0.694
path	2	1.155	0.747	0.88	0.746	AT1G77640	16.76	18.0	1.24	-0.65	0.694
path	2	1.155	0.747	0.88	0.746	AT2G40260	59.15	64.0	4.85	-1.64	0.695
path	2	1.155	0.747	1.457	0.65	AT3G06490	12.9	14.0	1.1	-1.15	0.695
path	2	1.155	0.747	0.88	0.746	AT1G78700	86.17	94.0	7.83	-2.04	0.696
path	2	1.155	0.747	0.88	0.746	AT2G45650	9.1	10.0	0.9	-0.36	0.696
path	2	-0.301	0.462	-0.417	0.219	AT2G46590	14.7	16.0	1.3	-1.07	0.697
path	2	-0.301	0.462	-0.417	0.219	AT5G58900	14.94	16.0	1.06	-1.07	0.697
path	2	1.155	0.747	1.457	0.65	AT1G14580	6.3	7.0	0.7	-0.73	0.698
path	2	-0.301	0.462	0.082	0.607	AT3G50700	6.42	7.0	0.58	-0.34	0.699
path	2	1.155	0.747	1.457	0.65	AT1G01250	4.67	5.0	0.33	-0.56	0.699
path	2	1.155	0.747	1.457	0.65	AT1G69560	4.57	5.0	0.43	-0.56	0.699
path	2	1.155	0.747	1.457	0.65	AT4G01500	4.47	5.0	0.53	-0.56	0.699
path	2	1.155	0.747	1.457	0.65	AT5G67300	4.6	5.0	0.4	-0.56	0.699
path	2	-0.301	0.462	-0.417	0.219	AT2G02080	12.01	13.0	0.99	-0.97	0.7
path	2	-0.301	0.462	-0.417	0.219	AT5G05550	23.07	25.0	1.93	-1.38	0.7
path	2	-0.301	0.462	-0.417	0.219	AT5G51990	11.52	13.0	1.48	-0.97	0.7
path	2	1.155	0.747	0.88	0.746	AT1G69010	88.17	96.0	7.83	-2.11	0.7
path	2	1.155	0.747	0.88	0.746	AT3G20840	7.44	8.0	0.56	-0.29	0.7
path	2	1.155	0.747	1.457	0.65	AT1G55110	22.05	24.0	1.95	-1.65	0.701
path	2	-0.301	0.462	0.082	0.607	AT2G15660	2.71	3.0	0.29	-0.06	0.704
path	2	-0.301	0.462	0.082	0.607	AT2G17410	2.87	3.0	0.13	-0.06	0.704
path	2	-0.301	0.462	0.082	0.607	AT3G13350	2.8	3.0	0.2	-0.06	0.704
path	2	-0.301	0.462	0.082	0.607	AT5G25390	2.81	3.0	0.19	-0.06	0.704
path	2	1.155	0.747	0.88	0.746	AT1G76110	27.76	30.0	2.24	-1.09	0.705
path	2	1.155	0.747	0.88	0.746	AT4G00730	65.03	70.0	4.97	-1.85	0.705
path	2	1.155	0.747	1.457	0.65	AT3G09600	32.12	35.0	2.88	-2.09	0.707
path	2	-0.301	0.462	-0.417	0.219	AT4G01680	5.18	6.0	0.82	-0.6	0.708
path	2	-0.301	0.462	-0.417	0.219	AT5G03150	5.64	6.0	0.36	-0.6	0.708
path	2	1.155	0.747	1.457	0.65	AT1G69180	23.87	26.0	2.13	-1.82	0.709
path	2	-0.301	0.462	0.082	0.607	AT1G30490	9.71	11.0	1.29	-0.63	0.711
path	2	-0.301	0.462	0.082	0.607	AT1G69180	9.48	11.0	1.52	-0.63	0.711
path	2	-0.301	0.462	0.082	0.607	AT3G11020	9.68	11.0	1.32	-0.63	0.711
path	2	1.155	0.747	1.457	0.65	AT1G51600	2.81	3.0	0.19	-0.4	0.712
path	2	-0.301	0.462	-0.417	0.219	AT3G44480	12.98	14.0	1.02	-1.13	0.714
path	2	-0.301	0.462	-0.417	0.219	AT5G65410	12.72	14.0	1.28	-1.13	0.714
path	2	1.155	0.747	1.457	0.65	AT5G65410	34.16	37.0	2.84	-2.25	0.714
path	2	1.155	0.747	0.88	0.746	AT1G20980	35.11	38.0	2.89	-1.38	0.715
path	2	1.155	0.747	0.88	0.746	AT5G06950	84.16	91.0	6.84	-2.27	0.715
path	2	1.155	0.747	1.457	0.65	AT3G11440	28.39	31.0	2.61	-2.07	0.715
path	2	-0.301	0.462	0.082	0.607	AT1G55110	16.61	18.0	1.39	-0.97	0.718
path	2	-0.301	0.462	-0.417	0.219	AT3G01530	9.86	11.0	1.14	-1.03	0.721
path	2	-0.301	0.462	-0.417	0.219	AT5G05790	10.26	11.0	0.74	-1.03	0.721
path	2	1.155	0.747	0.88	0.746	AT2G47070	58.03	63.0	4.97	-1.95	0.721
path	2	-0.301	0.462	-0.417	0.219	AT3G50260	19.18	21.0	1.82	-1.5	0.723
path	2	1.155	0.747	1.457	0.65	AT3G30210	11.05	12.0	0.95	-1.29	0.723
path	2	-0.301	0.462	-0.417	0.219	AT3G04030	16.81	18.0	1.19	-1.4	0.724
path	2	1.155	0.747	0.88	0.746	AT5G62380	76.81	82.0	5.19	-2.29	0.724
path	2	-0.301	0.462	-0.417	0.219	AT3G47500	13.94	15.0	1.06	-1.3	0.727
path	2	1.155	0.747	1.457	0.65	AT5G62470	12.85	14.0	1.15	-1.45	0.727
path	2	1.155	0.747	0.88	0.746	AT2G38880	3.78	4.0	0.22	-0.15	0.728
path	2	1.155	0.747	0.88	0.746	AT3G61120	3.66	4.0	0.34	-0.15	0.728
path	2	1.155	0.747	0.88	0.746	AT4G24020	3.53	4.0	0.47	-0.15	0.728
path	2	-0.301	0.462	0.082	0.607	AT4G26030	6.54	8.0	1.46	-0.57	0.729
path	2	-0.301	0.462	0.082	0.607	AT5G62470	7.18	8.0	0.82	-0.57	0.729
path	2	1.155	0.747	1.457	0.65	AT2G45680	3.57	4.0	0.43	-0.64	0.731
path	2	1.155	0.747	0.88	0.746	AT4G01550	66.46	71.0	4.54	-2.24	0.732
path	2	-0.301	0.462	-0.417	0.219	AT1G02230	6.95	8.0	1.05	-0.92	0.733
path	2	-0.301	0.462	-0.417	0.219	AT2G02540	10.63	12.0	1.37	-1.19	0.733
path	2	-0.301	0.462	-0.417	0.219	AT2G30250	10.48	12.0	1.52	-1.19	0.733
path	2	1.155	0.747	0.88	0.746	AT1G03800	94.67	103.0	8.33	-2.71	0.733
path	2	1.155	0.747	0.88	0.746	AT1G79580	81.97	88.0	6.03	-2.51	0.733
path	2	-0.301	0.462	0.082	0.607	AT4G31550	3.39	4.0	0.61	-0.28	0.735
path	2	1.155	0.747	0.88	0.746	AT3G50060	67.16	73.0	5.84	-2.31	0.735
path	2	1.155	0.747	0.88	0.746	AT4G37260	67.03	73.0	5.97	-2.31	0.735
path	2	-0.301	0.462	-0.417	0.219	AT1G19210	17.25	19.0	1.75	-1.56	0.737
path	2	-0.301	0.462	-0.417	0.219	AT1G68550	17.4	19.0	1.6	-1.56	0.737
path	2	1.155	0.747	0.88	0.746	AT1G31140	51.34	56.0	4.66	-2.04	0.738
path	2	1.155	0.747	0.88	0.746	AT1G49560	51.09	56.0	4.91	-2.04	0.738
path	2	-0.301	0.462	0.082	0.607	AT4G25470	16.86	19.0	2.14	-1.2	0.741
path	2	1.155	0.747	0.88	0.746	AT1G43700	15.51	17.0	1.49	-0.96	0.741
path	2	1.155	0.747	1.457	0.65	AT2G06200	11.83	13.0	1.17	-1.53	0.741
path	2	1.155	0.747	0.88	0.746	AT1G08320	86.45	94.0	7.55	-2.73	0.742
path	2	-0.301	0.462	-0.417	0.219	AT5G44210	8.35	9.0	0.65	-1.09	0.745
path	2	1.155	0.747	1.457	0.65	AT5G06100	27.57	30.0	2.43	-2.45	0.745
path	2	-0.301	0.462	0.082	0.607	AT5G64750	29.64	32.0	2.36	-1.66	0.746
path	2	1.155	0.747	0.88	0.746	AT1G12260	75.87	81.0	5.13	-2.6	0.746
path	2	1.155	0.747	0.88	0.746	AT3G45150	11.97	13.0	1.03	-0.82	0.746
path	2	-0.301	0.462	-0.417	0.219	AT3G25990	2.64	3.0	0.36	-0.49	0.749
path	2	-0.301	0.462	-0.417	0.219	AT3G58630	2.69	3.0	0.31	-0.49	0.749
path	2	-0.301	0.462	-0.417	0.219	AT4G18450	2.82	3.0	0.18	-0.49	0.749
path	2	-0.301	0.462	0.082	0.607	AT3G23240	14.67	16.0	1.33	-1.14	0.749
path	2	-0.301	0.462	-0.417	0.219	AT1G77640	1.75	2.0	0.25	-0.33	0.75
path	2	1.155	0.747	0.88	0.746	AT1G13300	10.13	11.0	0.87	-0.75	0.751
path	2	-0.301	0.462	-0.417	0.219	AT2G45680	3.81	4.0	0.19	-0.66	0.753
path	2	1.155	0.747	1.457	0.65	AT2G01940	26.76	29.0	2.24	-2.53	0.753
path	2	-0.301	0.462	0.082	0.607	AT4G28500	7.46	9.0	1.54	-0.79	0.754
path	2	-0.301	0.462	0.082	0.607	AT5G47230	8.43	9.0	0.57	-0.79	0.754
path	2	1.155	0.747	0.88	0.746	AT5G08330	41.61	45.0	3.39	-1.98	0.754
path	2	1.155	0.747	0.88	0.746	AT5G66300	43.86	47.0	3.14	-2.05	0.755
path	2	1.155	0.747	0.88	0.746	AT1G32150	96.68	106.0	9.32	-3.16	0.758
path	2	1.155	0.747	0.88	0.746	AT4G18450	8.1	9.0	0.9	-0.67	0.759
path	2	-0.301	0.462	-0.417	0.219	AT1G25580	4.43	5.0	0.57	-0.82	0.76
path	2	1.155	0.747	1.457	0.65	AT5G66730	21.01	23.0	1.99	-2.35	0.76
path	2	-0.301	0.462	0.082	0.607	AT2G41690	4.61	5.0	0.39	-0.51	0.761
path	2	-0.301	0.462	0.082	0.607	AT2G44940	18.36	20.0	1.64	-1.42	0.761
path	2	1.155	0.747	1.457	0.65	AT4G28110	1.85	2.0	0.15	-0.47	0.763
path	2	1.155	0.747	1.457	0.65	AT3G11020	23.15	25.0	1.85	-2.51	0.765
path	2	-0.301	0.462	0.082	0.607	AT3G55370	27.77	30.0	2.23	-1.82	0.766
path	2	1.155	0.747	1.457	0.65	AT4G01540	40.72	44.0	3.28	-3.29	0.766
path	2	-0.301	0.462	-0.417	0.219	AT3G10480	4.83	6.0	1.17	-0.98	0.767
path	2	-0.301	0.462	-0.417	0.219	AT3G23220	5.5	6.0	0.5	-0.98	0.767
path	2	-0.301	0.462	-0.417	0.219	AT3G24520	13.63	15.0	1.37	-1.68	0.767
path	2	-0.301	0.462	-0.417	0.219	AT4G25480	13.4	15.0	1.6	-1.68	0.767
path	2	1.155	0.747	0.88	0.746	AT5G60130	54.59	59.0	4.41	-2.49	0.767
path	2	-0.301	0.462	0.082	0.607	AT1G29280	14.66	17.0	2.34	-1.36	0.769
path	2	1.155	0.747	1.457	0.65	AT1G76880	2.79	3.0	0.21	-0.71	0.77
path	2	1.155	0.747	1.457	0.65	AT3G51470	2.71	3.0	0.29	-0.71	0.77
path	2	-0.301	0.462	-0.417	0.219	AT1G23810	0.88	1.0	0.12	-0.16	0.772
path	2	-0.301	0.462	-0.417	0.219	AT1G27360	0.91	1.0	0.09	-0.16	0.772
path	2	-0.301	0.462	-0.417	0.219	AT1G53230	0.72	1.0	0.28	-0.16	0.772
path	2	-0.301	0.462	-0.417	0.219	AT2G24570	0.85	1.0	0.15	-0.16	0.772
path	2	-0.301	0.462	-0.417	0.219	AT2G33810	0.8	1.0	0.2	-0.16	0.772
path	2	-0.301	0.462	-0.417	0.219	AT3G45150	0.79	1.0	0.21	-0.16	0.772
path	2	-0.301	0.462	-0.417	0.219	AT3G61250	0.73	1.0	0.27	-0.16	0.772
path	2	-0.301	0.462	-0.417	0.219	AT5G22890	0.94	1.0	0.06	-0.16	0.772
path	2	1.155	0.747	0.88	0.746	AT2G35700	77.57	84.0	6.43	-3.05	0.772
path	2	1.155	0.747	1.457	0.65	AT1G24250	13.76	15.0	1.24	-2.0	0.772
path	2	1.155	0.747	0.88	0.746	AT3G46070	1.81	2.0	0.19	-0.07	0.773
path	2	1.155	0.747	0.88	0.746	AT3G47620	1.84	2.0	0.16	-0.07	0.773
path	2	1.155	0.747	0.88	0.746	AT5G22890	1.72	2.0	0.28	-0.07	0.773
path	2	1.155	0.747	1.457	0.65	AT4G36620	0.92	1.0	0.08	-0.24	0.773
path	2	1.155	0.747	1.457	0.65	AT5G40330	0.9	1.0	0.1	-0.24	0.773
path	2	-0.301	0.462	0.082	0.607	AT3G50060	22.14	24.0	1.86	-1.7	0.774
path	2	1.155	0.747	0.88	0.746	AT1G65910	80.59	86.0	5.41	-3.13	0.774
path	2	1.155	0.747	1.457	0.65	AT1G52150	22.25	24.0	1.75	-2.58	0.774
path	2	-0.301	0.462	-0.417	0.219	AT1G29860	5.71	7.0	1.29	-1.15	0.775
path	2	1.155	0.747	0.88	0.746	AT1G19790	27.45	30.0	2.55	-1.78	0.775
path	2	-0.301	0.462	-0.417	0.219	AT2G38340	10.58	12.0	1.42	-1.58	0.776
path	2	-0.301	0.462	0.082	0.607	AT1G32870	8.2	10.0	1.8	-1.02	0.777
path	2	1.155	0.747	0.88	0.746	AT5G05790	34.33	38.0	3.67	-2.07	0.777
path	2	-0.301	0.462	-0.417	0.219	AT1G12630	14.58	16.0	1.42	-1.85	0.778
path	2	1.155	0.747	0.88	0.746	AT2G36270	97.96	107.0	9.04	-3.55	0.779
path	2	-0.301	0.462	0.082	0.607	AT1G27730	13.02	14.0	0.98	-1.3	0.781
path	2	1.155	0.747	0.88	0.746	AT4G18770	67.03	73.0	5.97	-3.0	0.781
path	2	1.155	0.747	0.88	0.746	AT1G45249	41.31	46.0	4.69	-2.36	0.782
path	2	1.155	0.747	1.457	0.65	AT2G44940	25.71	28.0	2.29	-2.91	0.782
path	2	-0.301	0.462	0.082	0.607	AT2G01818	5.29	6.0	0.71	-0.73	0.783
path	2	1.155	0.747	0.88	0.746	AT1G75080	14.76	16.0	1.24	-1.27	0.785
path	2	-0.301	0.462	-0.417	0.219	AT1G06280	15.17	17.0	1.83	-2.01	0.787
path	2	-0.301	0.462	0.082	0.607	AT2G22540	25.87	28.0	2.13	-1.99	0.787
path	2	1.155	0.747	0.88	0.746	AT2G46770	73.66	79.0	5.34	-3.22	0.787
path	2	1.155	0.747	0.88	0.746	AT5G06839	74.63	81.0	6.37	-3.29	0.789
path	2	1.155	0.747	0.88	0.746	AT5G08130	12.66	14.0	1.34	-1.2	0.789
path	2	1.155	0.747	1.457	0.65	AT1G20910	18.44	20.0	1.56	-2.56	0.79
path	2	1.155	0.747	1.457	0.65	AT5G06960	18.23	20.0	1.77	-2.56	0.79
path	2	-0.301	0.462	-0.417	0.219	AT2G40740	7.6	9.0	1.4	-1.48	0.791
path	2	1.155	0.747	0.88	0.746	AT1G54330	77.66	83.0	5.34	-3.36	0.791
path	2	-0.301	0.462	0.082	0.607	AT2G28810	23.04	25.0	1.96	-1.93	0.792
path	2	-0.301	0.462	0.082	0.607	AT5G02460	22.83	25.0	2.17	-1.93	0.792
path	2	1.155	0.747	0.88	0.746	AT3G12730	55.28	60.0	4.72	-2.87	0.792
path	2	1.155	0.747	1.457	0.65	AT3G47600	4.6	5.0	0.4	-1.18	0.792
path	2	1.155	0.747	0.88	0.746	AT2G45420	78.57	85.0	6.43	-3.44	0.793
path	2	1.155	0.747	1.457	0.65	AT5G03150	7.19	8.0	0.81	-1.58	0.793
path	2	1.155	0.747	0.88	0.746	AT5G11260	95.61	104.0	8.39	-3.78	0.794
path	2	1.155	0.747	0.88	0.746	AT5G47370	62.62	68.0	5.38	-3.16	0.798
path	2	-0.301	0.462	-0.417	0.219	AT3G15210	23.09	25.0	1.91	-2.55	0.8
path	2	1.155	0.747	0.88	0.746	AT2G23290	63.88	70.0	6.12	-3.24	0.8
path	2	1.155	0.747	1.457	0.65	AT2G26960	17.42	19.0	1.58	-2.64	0.8
path	2	1.155	0.747	0.88	0.746	AT2G43000	86.04	93.0	6.96	-3.73	0.801
path	2	1.155	0.747	0.88	0.746	AT3G04030	66.1	72.0	5.9	-3.31	0.801
path	2	-0.301	0.462	0.082	0.607	AT4G05100	6.04	7.0	0.96	-0.96	0.803
path	2	-0.301	0.462	0.082	0.607	AT5G61600	6.34	7.0	0.66	-0.96	0.803
path	2	1.155	0.747	1.457	0.65	AT1G34370	5.35	6.0	0.65	-1.42	0.803
path	2	-0.301	0.462	-0.417	0.219	AT4G38170	13.7	15.0	1.3	-2.07	0.804
path	2	1.155	0.747	1.457	0.65	AT3G50410	21.16	23.0	1.84	-2.96	0.804
path	2	1.155	0.747	0.88	0.746	AT3G02150	9.38	10.0	0.62	-1.05	0.805
path	2	1.155	0.747	1.457	0.65	AT1G53230	8.39	9.0	0.61	-1.82	0.805
path	2	1.155	0.747	1.457	0.65	AT3G24120	31.89	35.0	3.11	-3.64	0.806
path	2	-0.301	0.462	-0.417	0.219	AT2G23320	9.45	11.0	1.55	-1.8	0.807
path	2	-0.301	0.462	-0.417	0.219	AT3G53200	9.91	11.0	1.09	-1.8	0.807
path	2	1.155	0.747	0.88	0.746	AT3G50260	107.02	116.0	8.98	-4.22	0.807
path	2	1.155	0.747	1.457	0.65	AT5G62940	24.78	27.0	2.22	-3.29	0.81
path	2	1.155	0.747	0.88	0.746	AT3G10480	78.22	84.0	5.78	-3.75	0.811
path	2	1.155	0.747	0.88	0.746	AT5G15830	94.24	103.0	8.76	-4.09	0.811
path	2	-0.301	0.462	-0.417	0.219	AT1G69010	14.42	16.0	1.58	-2.24	0.812
path	2	-0.301	0.462	-0.417	0.219	AT5G63260	14.74	16.0	1.26	-2.24	0.812
path	2	-0.301	0.462	0.082	0.607	AT5G47220	11.09	12.0	0.91	-1.46	0.814
path	2	-0.301	0.462	-0.417	0.219	AT1G32240	2.74	3.0	0.26	-0.88	0.817
path	2	-0.301	0.462	-0.417	0.219	AT5G44160	2.81	3.0	0.19	-0.88	0.817
path	2	1.155	0.747	0.88	0.746	AT2G18350	61.97	67.0	5.03	-3.47	0.818
path	2	-0.301	0.462	0.082	0.607	AT1G12610	6.82	8.0	1.18	-1.18	0.82
path	2	1.155	0.747	0.88	0.746	AT5G39820	15.76	17.0	1.24	-1.65	0.82
path	2	-0.301	0.462	0.082	0.607	AT1G22810	18.15	20.0	1.85	-2.03	0.822
path	2	1.155	0.747	1.457	0.65	AT1G04880	13.82	15.0	1.18	-2.62	0.822
path	2	1.155	0.747	1.457	0.65	AT2G38300	3.67	4.0	0.33	-1.25	0.822
path	2	1.155	0.747	1.457	0.65	AT5G04390	13.54	15.0	1.46	-2.62	0.822
path	2	1.155	0.747	1.457	0.65	AT5G17300	32.0	35.0	3.0	-3.95	0.822
path	2	1.155	0.747	0.88	0.746	AT5G45580	68.57	75.0	6.43	-3.76	0.823
path	2	1.155	0.747	0.88	0.746	AT1G13400	13.82	15.0	1.18	-1.58	0.825
path	2	1.155	0.747	0.88	0.746	AT2G17900	2.78	3.0	0.22	-0.45	0.825
path	2	1.155	0.747	0.88	0.746	AT3G12910	2.72	3.0	0.28	-0.45	0.825
path	2	-0.301	0.462	-0.417	0.219	AT1G34670	6.87	8.0	1.13	-1.7	0.826
path	2	-0.301	0.462	-0.417	0.219	AT2G30340	7.01	8.0	0.99	-1.7	0.826
path	2	-0.301	0.462	-0.417	0.219	AT1G69570	16.77	18.0	1.23	-2.56	0.828
path	2	-0.301	0.462	-0.417	0.219	AT2G03340	1.52	2.0	0.48	-0.72	0.828
path	2	-0.301	0.462	-0.417	0.219	AT2G46130	1.56	2.0	0.44	-0.72	0.828
path	2	1.155	0.747	0.88	0.746	AT1G28160	76.1	83.0	6.9	-4.05	0.829
path	2	1.155	0.747	1.457	0.65	AT3G60530	4.4	5.0	0.6	-1.49	0.829
path	2	-0.301	0.462	0.082	0.607	AT2G26960	11.87	13.0	1.13	-1.69	0.83
path	2	1.155	0.747	0.88	0.746	AT1G74650	78.75	85.0	6.25	-4.13	0.83
path	2	-0.301	0.462	0.082	0.607	AT4G31800	14.55	17.0	2.45	-1.97	0.831
path	2	-0.301	0.462	0.082	0.607	AT2G33710	28.78	31.0	2.22	-2.66	0.832
path	2	1.155	0.747	0.88	0.746	AT5G58850	79.01	87.0	7.99	-4.2	0.832
path	2	1.155	0.747	0.88	0.746	AT3G17730	83.16	89.0	5.84	-4.27	0.833
path	2	1.155	0.747	1.457	0.65	AT5G64060	28.62	31.0	2.38	-3.93	0.833
path	2	-0.301	0.462	0.082	0.607	AT1G62300	7.13	9.0	1.87	-1.4	0.835
path	2	1.155	0.747	1.457	0.65	AT1G02250	24.05	26.0	1.95	-3.67	0.835
path	2	-0.301	0.462	0.082	0.607	AT1G76870	1.88	2.0	0.12	-0.45	0.836
path	2	-0.301	0.462	0.082	0.607	AT3G47600	1.71	2.0	0.29	-0.45	0.836
path	2	-0.301	0.462	0.082	0.607	AT4G17785	1.54	2.0	0.46	-0.45	0.836
path	2	-0.301	0.462	0.082	0.607	AT4G30080	1.92	2.0	0.08	-0.45	0.836
path	2	1.155	0.747	0.88	0.746	AT1G28470	87.19	93.0	5.81	-4.42	0.836
path	2	1.155	0.747	0.88	0.746	AT2G02080	59.09	64.0	4.91	-3.71	0.836
path	2	-0.301	0.462	-0.417	0.219	AT1G75240	8.79	10.0	1.21	-2.03	0.837
path	2	-0.301	0.462	-0.417	0.219	AT2G18350	8.98	10.0	1.02	-2.03	0.837
path	2	-0.301	0.462	-0.417	0.219	AT3G01220	8.86	10.0	1.14	-2.03	0.837
path	2	-0.301	0.462	-0.417	0.219	AT4G23550	8.69	10.0	1.31	-2.03	0.837
path	2	-0.301	0.462	-0.417	0.219	AT5G18560	9.09	10.0	0.91	-2.03	0.837
path	2	1.155	0.747	1.457	0.65	AT1G08010	10.61	12.0	1.39	-2.53	0.837
path	2	-0.301	0.462	0.082	0.607	AT1G13400	2.62	3.0	0.38	-0.67	0.839
path	2	-0.301	0.462	0.082	0.607	AT1G69560	2.69	3.0	0.31	-0.67	0.839
path	2	-0.301	0.462	0.082	0.607	AT4G28140	2.63	3.0	0.37	-0.67	0.839
path	2	-0.301	0.462	0.082	0.607	AT5G43840	2.58	3.0	0.42	-0.67	0.839
path	2	-0.301	0.462	0.082	0.607	AT5G67300	2.71	3.0	0.29	-0.67	0.839
path	2	1.155	0.747	0.88	0.746	AT4G01720	10.16	11.0	0.84	-1.44	0.841
path	2	1.155	0.747	0.88	0.746	AT5G13910	10.07	11.0	0.93	-1.44	0.841
path	2	-0.301	0.462	-0.417	0.219	AT5G22990	14.58	16.0	1.42	-2.62	0.842
path	2	1.155	0.747	1.457	0.65	AT1G76870	0.83	1.0	0.17	-0.55	0.843
path	2	1.155	0.747	1.457	0.65	AT5G38860	0.87	1.0	0.13	-0.55	0.843
path	2	-0.301	0.462	0.082	0.607	AT4G27950	12.86	14.0	1.14	-1.91	0.844
path	2	1.155	0.747	0.88	0.746	AT2G22540	73.32	80.0	6.68	-4.29	0.844
path	2	1.155	0.747	0.88	0.746	AT5G13180	74.22	80.0	5.78	-4.29	0.844
path	2	-0.301	0.462	0.082	0.607	AT3G16280	16.36	18.0	1.64	-2.2	0.845
path	2	-0.301	0.462	0.082	0.607	AT5G67450	3.64	4.0	0.36	-0.9	0.847
path	2	-0.301	0.462	0.082	0.607	AT1G16490	8.25	10.0	1.75	-1.63	0.849
path	2	-0.301	0.462	0.082	0.607	AT2G06200	9.17	10.0	0.83	-1.63	0.849
path	2	-0.301	0.462	0.082	0.607	AT1G10720	0.91	1.0	0.09	-0.22	0.85
path	2	-0.301	0.462	0.082	0.607	AT1G72360	0.78	1.0	0.22	-0.22	0.85
path	2	-0.301	0.462	0.082	0.607	AT1G80840	0.67	1.0	0.33	-0.22	0.85
path	2	-0.301	0.462	0.082	0.607	AT2G21900	0.88	1.0	0.12	-0.22	0.85
path	2	-0.301	0.462	0.082	0.607	AT2G41835	0.91	1.0	0.09	-0.22	0.85
path	2	-0.301	0.462	0.082	0.607	AT3G45170	0.88	1.0	0.12	-0.22	0.85
path	2	-0.301	0.462	0.082	0.607	AT4G38910	0.95	1.0	0.05	-0.22	0.85
path	2	-0.301	0.462	0.082	0.607	AT5G08750	0.66	1.0	0.34	-0.22	0.85
path	2	-0.301	0.462	0.082	0.607	AT5G10280	0.48	1.0	0.52	-0.22	0.85
path	2	1.155	0.747	0.88	0.746	AT5G62000	49.05	53.0	3.95	-3.65	0.851
path	2	1.155	0.747	1.457	0.65	AT2G28920	7.21	8.0	0.79	-2.2	0.851
path	2	1.155	0.747	0.88	0.746	AT4G37180	50.21	55.0	4.79	-3.73	0.852
path	2	-0.301	0.462	-0.417	0.219	AT3G28920	11.69	13.0	1.31	-2.52	0.853
path	2	1.155	0.747	0.88	0.746	AT1G72360	8.32	9.0	0.68	-1.36	0.853
path	2	1.155	0.747	0.88	0.746	AT3G12250	86.08	94.0	7.92	-4.8	0.853
path	2	1.155	0.747	0.88	0.746	AT3G24520	87.23	94.0	6.77	-4.8	0.853
path	2	1.155	0.747	1.457	0.65	AT4G25480	41.47	45.0	3.53	-5.07	0.853
path	2	-0.301	0.462	-0.417	0.219	AT1G28370	16.48	18.0	1.52	-2.95	0.855
path	2	-0.301	0.462	-0.417	0.219	AT3G24120	16.59	18.0	1.41	-2.95	0.855
path	2	-0.301	0.462	0.082	0.607	AT5G23930	23.73	26.0	2.27	-2.76	0.855
path	2	1.155	0.747	1.457	0.65	AT5G65310	38.75	42.0	3.25	-4.98	0.855
path	2	1.155	0.747	0.88	0.746	AT4G14770	65.28	71.0	5.72	-4.31	0.856
path	2	1.155	0.747	0.88	0.746	AT1G44830	28.48	31.0	2.52	-2.85	0.857
path	2	-0.301	0.462	0.082	0.607	AT5G67580	13.8	15.0	1.2	-2.14	0.858
path	2	1.155	0.747	0.88	0.746	AT3G20770	24.99	29.0	4.01	-2.78	0.858
path	2	1.155	0.747	1.457	0.65	AT1G73730	2.75	3.0	0.25	-1.33	0.858
path	2	1.155	0.747	1.457	0.65	AT3G23250	2.61	3.0	0.39	-1.33	0.858
path	2	1.155	0.747	1.457	0.65	AT4G25470	36.0	39.0	3.0	-4.89	0.858
path	2	-0.301	0.462	-0.417	0.219	AT1G68670	4.55	5.0	0.45	-1.6	0.859
path	2	-0.301	0.462	-0.417	0.219	AT1G70920	4.18	5.0	0.82	-1.6	0.859
path	2	-0.301	0.462	-0.417	0.219	AT4G18170	4.67	6.0	1.33	-1.76	0.859
path	2	1.155	0.747	1.457	0.65	AT5G47660	23.01	25.0	1.99	-4.05	0.859
path	2	-0.301	0.462	-0.417	0.219	AT5G04410	5.76	7.0	1.24	-1.92	0.86
path	2	1.155	0.747	1.457	0.65	AT5G51990	37.72	41.0	3.28	-5.05	0.86
path	2	-0.301	0.462	-0.417	0.219	AT1G21910	0.79	1.0	0.21	-0.55	0.861
path	2	-0.301	0.462	-0.417	0.219	AT1G22070	0.81	1.0	0.19	-0.55	0.861
path	2	-0.301	0.462	-0.417	0.219	AT2G30590	0.76	1.0	0.24	-0.55	0.861
path	2	-0.301	0.462	-0.417	0.219	AT2G38300	0.85	1.0	0.15	-0.55	0.861
path	2	-0.301	0.462	-0.417	0.219	AT3G30530	0.91	1.0	0.09	-0.55	0.861
path	2	-0.301	0.462	-0.417	0.219	AT4G01720	0.83	1.0	0.17	-0.55	0.861
path	2	-0.301	0.462	-0.417	0.219	AT4G04450	0.82	1.0	0.18	-0.55	0.861
path	2	-0.301	0.462	-0.417	0.219	AT4G24020	0.91	1.0	0.09	-0.55	0.861
path	2	-0.301	0.462	-0.417	0.219	AT5G14960	0.86	1.0	0.14	-0.55	0.861
path	2	1.155	0.747	0.88	0.746	AT5G63090	24.61	27.0	2.39	-2.71	0.861
path	2	-0.301	0.462	-0.417	0.219	AT5G66300	3.37	4.0	0.63	-1.43	0.862
path	2	1.155	0.747	0.88	0.746	AT1G75390	12.23	14.0	1.77	-1.89	0.862
path	2	1.155	0.747	0.88	0.746	AT3G22780	3.75	4.0	0.25	-0.84	0.863
path	2	-0.301	0.462	-0.417	0.219	AT2G42200	7.84	9.0	1.16	-2.25	0.865
path	2	-0.301	0.462	-0.417	0.219	AT5G25190	18.18	20.0	1.82	-3.28	0.867
path	2	-0.301	0.462	0.082	0.607	AT1G13260	5.42	6.0	0.58	-1.34	0.867
path	2	-0.301	0.462	-0.417	0.219	AT1G79580	8.78	10.0	1.22	-2.42	0.868
path	2	1.155	0.747	0.88	0.746	AT1G72740	47.96	52.0	4.04	-3.96	0.869
path	2	1.155	0.747	0.88	0.746	AT3G56850	88.27	97.0	8.73	-5.25	0.869
path	2	1.155	0.747	1.457	0.65	AT3G06740	16.46	18.0	1.54	-3.64	0.869
path	2	1.155	0.747	0.88	0.746	AT4G29230	53.99	58.0	4.01	-4.18	0.87
path	2	1.155	0.747	1.457	0.65	AT4G25490	35.76	39.0	3.24	-5.2	0.871
path	2	-0.301	0.462	-0.417	0.219	AT1G51700	10.09	11.0	0.91	-2.58	0.872
path	2	-0.301	0.462	-0.417	0.219	AT2G03500	10.06	11.0	0.94	-2.58	0.872
path	2	-0.301	0.462	-0.417	0.219	AT3G20310	19.08	21.0	1.92	-3.44	0.873
path	2	-0.301	0.462	0.082	0.607	AT1G72740	10.71	12.0	1.29	-2.08	0.873
path	2	-0.301	0.462	0.082	0.607	AT1G77200	21.71	24.0	2.29	-2.93	0.873
path	2	-0.301	0.462	-0.417	0.219	AT2G43000	15.59	17.0	1.41	-3.18	0.874
path	2	1.155	0.747	0.88	0.746	AT1G72010	32.95	36.0	3.05	-3.38	0.874
path	2	1.155	0.747	1.457	0.65	AT1G47655	19.14	21.0	1.86	-4.04	0.875
path	2	1.155	0.747	1.457	0.65	AT4G01680	19.19	21.0	1.81	-4.04	0.875
path	2	-0.301	0.462	0.082	0.607	AT5G59990	6.62	7.0	0.38	-1.57	0.876
path	2	1.155	0.747	0.88	0.746	AT1G50640	75.32	82.0	6.68	-5.05	0.876
path	2	1.155	0.747	0.88	0.746	AT3G03200	80.34	86.0	5.66	-5.2	0.877
path	2	1.155	0.747	1.457	0.65	AT3G10030	10.71	12.0	1.29	-3.15	0.878
path	2	1.155	0.747	0.88	0.746	AT5G65510	27.76	30.0	2.24	-3.16	0.879
path	2	1.155	0.747	0.88	0.746	AT3G23210	15.45	17.0	1.55	-2.35	0.88
path	2	1.155	0.747	0.88	0.746	AT4G17980	87.69	94.0	6.31	-5.49	0.881
path	2	-0.301	0.462	0.082	0.607	AT2G31230	22.84	25.0	2.16	-3.15	0.883
path	2	-0.301	0.462	-0.417	0.219	AT2G17950	1.75	2.0	0.25	-1.1	0.884
path	2	-0.301	0.462	0.082	0.607	AT2G02070	11.67	13.0	1.33	-2.3	0.884
path	2	-0.301	0.462	0.082	0.607	AT1G19790	7.19	8.0	0.81	-1.79	0.885
path	2	1.155	0.747	1.457	0.65	AT1G64620	31.18	34.0	2.82	-5.25	0.885
path	2	1.155	0.747	0.88	0.746	AT1G71696	57.78	63.0	5.22	-4.71	0.886
path	2	1.155	0.747	1.457	0.65	AT1G19210	41.12	45.0	3.88	-6.0	0.889
path	2	1.155	0.747	1.457	0.65	AT1G69780	26.62	29.0	2.38	-5.0	0.889
path	2	1.155	0.747	1.457	0.65	AT2G02070	19.14	21.0	1.86	-4.35	0.889
path	2	-0.301	0.462	0.082	0.607	AT1G47655	16.67	18.0	1.33	-2.81	0.89
path	2	-0.301	0.462	0.082	0.607	AT4G31060	19.9	22.0	2.1	-3.09	0.891
path	2	1.155	0.747	0.88	0.746	AT3G03660	4.69	5.0	0.31	-1.22	0.891
path	2	1.155	0.747	0.88	0.746	AT5G61600	19.92	22.0	2.08	-2.87	0.891
path	2	1.155	0.747	0.88	0.746	AT5G64750	81.6	89.0	7.4	-5.65	0.891
path	2	1.155	0.747	1.457	0.65	AT1G25580	12.75	14.0	1.25	-3.62	0.891
path	2	-0.301	0.462	-0.417	0.219	AT1G36060	6.21	7.0	0.79	-2.31	0.892
path	2	-0.301	0.462	-0.417	0.219	AT1G72010	6.38	7.0	0.62	-2.31	0.892
path	2	-0.301	0.462	-0.417	0.219	AT2G47070	6.99	8.0	1.01	-2.48	0.892
path	2	-0.301	0.462	-0.417	0.219	AT5G18450	7.13	8.0	0.87	-2.48	0.892
path	2	-0.301	0.462	-0.417	0.219	AT2G22430	8.01	9.0	0.99	-2.64	0.893
path	2	-0.301	0.462	-0.417	0.219	AT1G34180	3.81	5.0	1.19	-1.98	0.894
path	2	-0.301	0.462	-0.417	0.219	AT3G06740	4.3	5.0	0.7	-1.98	0.894
path	2	-0.301	0.462	-0.417	0.219	AT3G10500	3.87	5.0	1.13	-1.98	0.894
path	2	-0.301	0.462	-0.417	0.219	AT3G61150	4.03	5.0	0.97	-1.98	0.894
path	2	-0.301	0.462	0.082	0.607	AT3G08500	7.57	9.0	1.43	-2.02	0.894
path	2	-0.301	0.462	0.082	0.607	AT4G29230	7.72	9.0	1.28	-2.02	0.894
path	2	-0.301	0.462	-0.417	0.219	AT3G09735	8.86	10.0	1.14	-2.8	0.895
path	2	-0.301	0.462	-0.417	0.219	AT5G03790	9.74	11.0	1.26	-2.97	0.898
path	2	-0.301	0.462	-0.417	0.219	AT1G02250	3.12	4.0	0.88	-1.82	0.899
path	2	-0.301	0.462	0.082	0.607	AT3G60490	17.25	19.0	1.75	-3.03	0.899
path	2	-0.301	0.462	-0.417	0.219	AT5G45580	16.7	18.0	1.3	-3.73	0.9
path	2	1.155	0.747	0.88	0.746	AT2G03500	49.34	54.0	4.66	-4.73	0.9
path	2	1.155	0.747	0.88	0.746	AT2G42200	68.28	74.0	5.72	-5.45	0.9
path	2	1.155	0.747	0.88	0.746	AT3G53200	64.62	70.0	5.38	-5.31	0.9
path	2	1.155	0.747	0.88	0.746	AT5G39610	66.72	72.0	5.28	-5.38	0.9
path	2	1.155	0.747	1.457	0.65	AT1G27730	11.62	13.0	1.38	-3.69	0.901
path	2	1.155	0.747	0.88	0.746	AT3G18400	83.51	90.0	6.49	-6.04	0.904
path	2	1.155	0.747	0.88	0.746	AT3G23240	39.84	44.0	4.16	-4.36	0.904
path	2	1.155	0.747	0.88	0.746	AT4G34410	84.51	92.0	7.49	-6.11	0.904
path	2	1.155	0.747	0.88	0.746	AT1G17950	0.94	1.0	0.06	-0.38	0.905
path	2	1.155	0.747	0.88	0.746	AT1G47870	0.94	1.0	0.06	-0.38	0.905
path	2	1.155	0.747	0.88	0.746	AT2G38090	0.88	1.0	0.12	-0.38	0.905
path	2	1.155	0.747	0.88	0.746	AT3G09230	0.91	1.0	0.09	-0.38	0.905
path	2	1.155	0.747	0.88	0.746	AT5G62165	0.91	1.0	0.09	-0.38	0.905
path	2	-0.301	0.462	-0.417	0.219	AT1G74480	13.08	14.0	0.92	-3.46	0.906
path	2	-0.301	0.462	-0.417	0.219	AT3G06490	2.5	3.0	0.5	-1.66	0.907
path	2	1.155	0.747	0.88	0.746	AT3G62420	92.9	102.0	9.1	-6.47	0.907
path	2	-0.301	0.462	0.082	0.607	AT5G47370	18.28	20.0	1.72	-3.26	0.908
path	2	1.155	0.747	1.457	0.65	AT5G02460	32.96	36.0	3.04	-6.04	0.908
path	2	-0.301	0.462	-0.417	0.219	AT1G50640	13.65	15.0	1.35	-3.62	0.909
path	2	1.155	0.747	0.88	0.746	AT1G10720	1.72	2.0	0.28	-0.76	0.91
path	2	1.155	0.747	0.88	0.746	AT2G39900	1.84	2.0	0.16	-0.76	0.91
path	2	1.155	0.747	0.88	0.746	AT2G46400	1.78	2.0	0.22	-0.76	0.91
path	2	1.155	0.747	0.88	0.746	AT3G07220	1.81	2.0	0.19	-0.76	0.91
path	2	1.155	0.747	0.88	0.746	AT5G58620	1.81	2.0	0.19	-0.76	0.91
path	2	1.155	0.747	1.457	0.65	AT1G63030	3.62	4.0	0.38	-2.18	0.91
path	2	1.155	0.747	0.88	0.746	AT2G22430	58.09	63.0	4.91	-5.4	0.912
path	2	1.155	0.747	0.88	0.746	AT2G31230	64.23	71.0	6.77	-5.69	0.912
path	2	1.155	0.747	0.88	0.746	AT2G44840	64.91	71.0	6.09	-5.69	0.912
path	2	1.155	0.747	0.88	0.746	AT3G18990	65.93	71.0	5.07	-5.69	0.912
path	2	1.155	0.747	0.88	0.746	AT2G33710	72.04	79.0	6.96	-5.98	0.913
path	2	1.155	0.747	1.457	0.65	AT3G55370	33.87	37.0	3.13	-6.27	0.913
path	2	1.155	0.747	0.88	0.746	AT2G20400	46.49	51.0	4.51	-4.96	0.914
path	2	-0.301	0.462	0.082	0.607	AT4G37180	19.47	21.0	1.53	-3.48	0.915
path	2	-0.301	0.462	-0.417	0.219	AT3G01470	0.68	1.0	0.32	-0.94	0.916
path	2	-0.301	0.462	-0.417	0.219	AT3G02990	0.79	1.0	0.21	-0.94	0.916
path	2	-0.301	0.462	-0.417	0.219	AT3G12820	0.6	1.0	0.4	-0.94	0.916
path	2	-0.301	0.462	-0.417	0.219	AT3G61120	0.93	1.0	0.07	-0.94	0.916
path	2	-0.301	0.462	-0.417	0.219	AT5G10140	0.9	1.0	0.1	-0.94	0.916
path	2	-0.301	0.462	0.082	0.607	AT5G67190	22.67	25.0	2.33	-3.76	0.916
path	2	-0.301	0.462	-0.417	0.219	AT1G31140	9.06	10.0	0.94	-3.19	0.917
path	2	-0.301	0.462	-0.417	0.219	AT4G10350	5.96	7.0	1.04	-2.7	0.917
path	2	1.155	0.747	1.457	0.65	AT5G54230	33.23	36.0	2.77	-6.35	0.917
path	2	-0.301	0.462	0.082	0.607	AT3G46590	4.65	5.0	0.35	-1.73	0.918
path	2	1.155	0.747	0.88	0.746	AT1G19040	17.66	19.0	1.34	-3.11	0.918
path	2	1.155	0.747	1.457	0.65	AT3G44480	21.75	24.0	2.25	-5.36	0.918
path	2	-0.301	0.462	-0.417	0.219	AT1G33240	9.82	11.0	1.18	-3.36	0.919
path	2	-0.301	0.462	-0.417	0.219	AT3G04060	4.96	6.0	1.04	-2.54	0.919
path	2	-0.301	0.462	-0.417	0.219	AT4G00250	10.08	11.0	0.92	-3.36	0.919
path	2	-0.301	0.462	-0.417	0.219	AT4G17980	4.72	6.0	1.28	-2.54	0.919
path	2	-0.301	0.462	-0.417	0.219	AT5G62380	4.95	6.0	1.05	-2.54	0.919
path	2	1.155	0.747	1.457	0.65	AT3G08500	20.0	22.0	2.0	-5.2	0.919
path	2	-0.301	0.462	-0.417	0.219	AT1G14687	11.83	13.0	1.17	-3.68	0.922
path	2	-0.301	0.462	-0.417	0.219	AT1G51220	4.2	5.0	0.8	-2.37	0.922
path	2	-0.301	0.462	-0.417	0.219	AT3G49530	4.03	5.0	0.97	-2.37	0.922
path	2	-0.301	0.462	-0.417	0.219	AT5G08130	1.73	2.0	0.27	-1.49	0.922
path	2	-0.301	0.462	0.082	0.607	AT2G23340	20.03	22.0	1.97	-3.7	0.922
path	2	-0.301	0.462	0.082	0.607	AT5G22500	5.41	6.0	0.59	-1.96	0.922
path	2	1.155	0.747	0.88	0.746	AT3G04070	10.79	12.0	1.21	-2.51	0.922
path	2	-0.301	0.462	0.082	0.607	AT3G18990	11.38	13.0	1.62	-2.91	0.923
path	2	-0.301	0.462	0.082	0.607	AT3G57600	1.72	2.0	0.28	-1.06	0.923
path	2	1.155	0.747	0.88	0.746	AT2G41835	2.72	3.0	0.28	-1.15	0.923
path	2	1.155	0.747	0.88	0.746	AT4G10350	66.87	72.0	5.13	-6.07	0.923
path	2	1.155	0.747	0.88	0.746	AT4G31060	77.41	84.0	6.59	-6.51	0.923
path	2	1.155	0.747	1.457	0.65	AT5G66700	41.34	45.0	3.66	-7.24	0.925
path	2	1.155	0.747	1.457	0.65	AT3G61250	5.4	6.0	0.6	-2.96	0.926
path	2	1.155	0.747	1.457	0.65	AT4G17460	0.86	1.0	0.14	-1.16	0.926
path	2	1.155	0.747	1.457	0.65	AT5G52170	0.85	1.0	0.15	-1.16	0.926
path	2	1.155	0.747	0.88	0.746	AT3G57920	45.87	50.0	4.13	-5.27	0.927
path	2	1.155	0.747	1.457	0.65	AT1G36060	17.26	19.0	1.74	-5.11	0.927
path	2	-0.301	0.462	-0.417	0.219	AT1G03800	14.32	16.0	1.68	-4.18	0.929
path	2	1.155	0.747	1.457	0.65	AT5G10280	8.28	9.0	0.72	-3.67	0.93
path	2	1.155	0.747	1.457	0.65	AT5G13790	8.12	9.0	0.88	-3.67	0.93
path	2	1.155	0.747	1.457	0.65	AT5G45300	15.07	17.0	1.93	-4.95	0.93
path	2	1.155	0.747	1.457	0.65	AT5G60850	30.07	33.0	2.93	-6.56	0.93
path	2	1.155	0.747	1.457	0.65	AT3G61150	24.85	27.0	2.15	-6.07	0.931
path	2	1.155	0.747	0.88	0.746	AT5G23930	75.88	83.0	7.12	-6.82	0.932
path	2	1.155	0.747	1.457	0.65	AT5G02840	8.92	10.0	1.08	-3.91	0.932
path	2	1.155	0.747	1.457	0.65	AT5G52660	22.66	25.0	2.34	-5.91	0.932
path	2	1.155	0.747	0.88	0.746	AT1G68550	85.11	93.0	7.89	-7.18	0.933
path	2	1.155	0.747	1.457	0.65	AT1G34670	29.5	32.0	2.5	-6.64	0.934
path	2	1.155	0.747	1.457	0.65	AT1G75240	29.33	32.0	2.67	-6.64	0.934
path	2	-0.301	0.462	-0.417	0.219	AT4G26640	2.37	3.0	0.63	-2.04	0.935
path	2	1.155	0.747	1.457	0.65	AT5G14960	2.68	3.0	0.32	-2.25	0.935
path	2	1.155	0.747	1.457	0.65	AT5G59990	2.47	3.0	0.53	-2.25	0.935
path	2	-0.301	0.462	-0.417	0.219	AT2G45410	8.8	10.0	1.2	-3.58	0.936
path	2	1.155	0.747	0.88	0.746	AT2G41690	11.79	13.0	1.21	-2.89	0.936
path	2	1.155	0.747	0.88	0.746	AT5G25390	3.41	4.0	0.59	-1.53	0.936
path	2	-0.301	0.462	-0.417	0.219	AT5G08330	5.31	6.0	0.69	-2.92	0.939
path	2	1.155	0.747	0.88	0.746	AT1G68670	20.79	23.0	2.21	-3.95	0.94
path	2	1.155	0.747	0.88	0.746	AT2G23340	67.82	74.0	6.18	-6.84	0.941
path	2	1.155	0.747	0.88	0.746	AT5G18270	71.97	78.0	6.03	-6.98	0.941
path	2	1.155	0.747	0.88	0.746	AT2G35530	88.77	98.0	9.23	-7.71	0.942
path	2	1.155	0.747	0.88	0.746	AT5G47220	27.14	30.0	2.86	-4.55	0.942
path	2	-0.301	0.462	-0.417	0.219	AT2G18060	3.94	5.0	1.06	-2.76	0.943
path	2	-0.301	0.462	-0.417	0.219	AT5G39610	3.93	5.0	1.07	-2.76	0.943
path	2	1.155	0.747	0.88	0.746	AT2G42590	7.1	8.0	0.9	-2.36	0.943
path	2	1.155	0.747	0.88	0.746	AT3G57600	7.13	8.0	0.87	-2.36	0.943
path	2	1.155	0.747	1.457	0.65	AT2G46680	19.04	21.0	1.96	-5.89	0.943
path	2	1.155	0.747	0.88	0.746	AT2G33810	10.01	11.0	0.99	-2.82	0.944
path	2	1.155	0.747	1.457	0.65	AT1G22070	3.58	4.0	0.42	-2.8	0.945
path	2	1.155	0.747	1.457	0.65	AT5G03790	28.22	31.0	2.78	-7.02	0.945
path	2	-0.301	0.462	-0.417	0.219	AT1G43700	3.7	4.0	0.3	-2.6	0.948
path	2	1.155	0.747	0.88	0.746	AT2G04038	73.2	81.0	7.8	-7.44	0.948
path	2	1.155	0.747	0.88	0.746	AT3G58630	17.45	19.0	1.55	-3.8	0.948
path	2	1.155	0.747	0.88	0.746	AT5G50570	12.73	14.0	1.27	-3.27	0.948
path	2	-0.301	0.462	-0.417	0.219	AT1G04880	1.47	2.0	0.53	-1.88	0.949
path	2	-0.301	0.462	-0.417	0.219	AT1G13300	0.82	1.0	0.18	-1.33	0.949
path	2	-0.301	0.462	-0.417	0.219	AT1G75080	0.75	1.0	0.25	-1.33	0.949
path	2	-0.301	0.462	-0.417	0.219	AT1G76110	1.55	2.0	0.45	-1.88	0.949
path	2	-0.301	0.462	-0.417	0.219	AT4G01500	0.76	1.0	0.24	-1.33	0.949
path	2	-0.301	0.462	-0.417	0.219	AT5G07100	0.71	1.0	0.29	-1.33	0.949
path	2	1.155	0.747	0.88	0.746	AT1G76420	63.38	69.0	5.62	-7.0	0.949
path	2	1.155	0.747	0.88	0.746	AT2G02820	88.45	97.0	8.55	-8.02	0.949
path	2	-0.301	0.462	-0.417	0.219	AT3G12730	9.04	10.0	0.96	-3.97	0.95
path	2	-0.301	0.462	-0.417	0.219	AT4G38000	8.7	10.0	1.3	-3.97	0.95
path	2	1.155	0.747	1.457	0.65	AT1G69570	23.28	26.0	2.72	-6.76	0.95
path	2	-0.301	0.462	-0.417	0.219	AT1G76890	7.82	9.0	1.18	-3.8	0.951
path	2	-0.301	0.462	0.082	0.607	AT1G49560	21.43	23.0	1.57	-4.54	0.951
path	2	-0.301	0.462	0.082	0.607	AT4G37260	21.1	23.0	1.9	-4.54	0.951
path	2	1.155	0.747	1.457	0.65	AT1G12630	31.86	35.0	3.14	-7.65	0.951
path	2	1.155	0.747	1.457	0.65	AT1G13260	7.18	8.0	0.82	-4.05	0.951
path	2	1.155	0.747	1.457	0.65	AT3G24050	7.03	8.0	0.97	-4.05	0.951
path	2	-0.301	0.462	-0.417	0.219	AT2G46770	5.92	7.0	1.08	-3.48	0.953
path	2	-0.301	0.462	0.082	0.607	AT2G35700	16.95	19.0	2.05	-4.26	0.953
path	2	1.155	0.747	0.88	0.746	AT1G65620	8.22	9.0	0.78	-2.75	0.953
path	2	-0.301	0.462	0.082	0.607	AT1G03840	12.83	14.0	1.17	-3.75	0.954
path	2	1.155	0.747	1.457	0.65	AT1G32240	4.43	5.0	0.57	-3.35	0.954
path	2	-0.301	0.462	-0.417	0.219	AT2G46680	5.11	6.0	0.89	-3.31	0.955
path	2	1.155	0.747	0.88	0.746	AT1G01720	73.23	80.0	6.77	-7.75	0.955
path	2	1.155	0.747	0.88	0.746	AT4G36160	104.14	112.0	7.86	-8.91	0.956
path	2	-0.301	0.462	-0.417	0.219	AT5G61620	16.56	18.0	1.44	-5.28	0.957
path	2	-0.301	0.462	0.082	0.607	AT2G20110	13.2	15.0	1.8	-3.97	0.957
path	2	-0.301	0.462	0.082	0.607	AT3G50410	13.69	15.0	1.31	-3.97	0.957
path	2	1.155	0.747	0.88	0.746	AT1G06280	108.96	118.0	9.04	-9.13	0.957
path	2	1.155	0.747	0.88	0.746	AT1G53170	107.96	118.0	10.04	-9.13	0.957
path	2	-0.301	0.462	-0.417	0.219	AT1G12260	3.96	5.0	1.04	-3.15	0.959
path	2	-0.301	0.462	-0.417	0.219	AT5G64060	3.93	5.0	1.07	-3.15	0.959
path	2	-0.301	0.462	0.082	0.607	AT3G11440	23.14	25.0	1.86	-4.99	0.959
path	2	1.155	0.747	0.88	0.746	AT1G34190	72.91	79.0	6.09	-8.05	0.961
path	2	-0.301	0.462	0.082	0.607	AT4G06746	9.01	10.0	0.99	-3.46	0.962
path	2	-0.301	0.462	-0.417	0.219	AT1G54330	2.92	4.0	1.08	-2.98	0.963
path	2	1.155	0.747	1.457	0.65	AT1G18570	2.54	3.0	0.46	-2.87	0.963
path	2	1.155	0.747	1.457	0.65	AT4G38620	2.58	3.0	0.42	-2.87	0.963
path	2	1.155	0.747	1.457	0.65	AT5G67450	2.5	3.0	0.5	-2.87	0.963
path	2	-0.301	0.462	-0.417	0.219	AT2G42430	6.98	8.0	1.02	-4.03	0.964
path	2	1.155	0.747	0.88	0.746	AT2G24570	6.25	7.0	0.75	-2.67	0.964
path	2	1.155	0.747	1.457	0.65	AT1G09540	24.58	27.0	2.42	-7.62	0.964
path	2	-0.301	0.462	-0.417	0.219	AT4G36740	5.72	7.0	1.28	-3.86	0.965
path	2	-0.301	0.462	0.082	0.607	AT3G10030	10.08	11.0	0.92	-3.69	0.965
path	2	1.155	0.747	1.457	0.65	AT3G51080	0.74	1.0	0.26	-1.78	0.965
path	2	1.155	0.747	1.457	0.65	AT5G25475	0.82	1.0	0.18	-1.78	0.965
path	2	1.155	0.747	1.457	0.65	AT5G63260	27.22	30.0	2.78	-8.02	0.965
path	2	-0.301	0.462	0.082	0.607	AT2G42590	1.71	2.0	0.29	-1.67	0.966
path	2	1.155	0.747	0.88	0.746	AT1G46264	1.78	2.0	0.22	-1.45	0.966
path	2	1.155	0.747	0.88	0.746	AT3G20310	96.52	106.0	9.48	-9.38	0.966
path	2	1.155	0.747	0.88	0.746	AT5G08070	1.81	2.0	0.19	-1.45	0.966
path	2	1.155	0.747	1.457	0.65	AT2G02540	31.97	35.0	3.03	-8.58	0.966
path	2	-0.301	0.462	-0.417	0.219	AT5G13180	4.83	6.0	1.17	-3.7	0.967
path	2	1.155	0.747	0.88	0.746	AT2G18060	72.75	78.0	5.25	-8.36	0.967
path	2	1.155	0.747	1.457	0.65	AT5G25830	6.75	8.0	1.25	-4.67	0.968
path	2	-0.301	0.462	-0.417	0.219	AT5G46590	0.55	1.0	0.45	-1.72	0.969
path	2	1.155	0.747	0.88	0.746	AT2G15660	10.1	11.0	0.9	-3.51	0.969
path	2	1.155	0.747	0.88	0.746	AT4G18890	9.6	11.0	1.4	-3.51	0.969
path	2	1.155	0.747	1.457	0.65	AT1G16490	24.55	27.0	2.45	-7.93	0.969
path	2	-0.301	0.462	-0.417	0.219	AT3G03200	3.86	5.0	1.14	-3.54	0.97
path	2	-0.301	0.462	-0.417	0.219	AT3G15170	2.39	3.0	0.61	-2.82	0.97
path	2	1.155	0.747	0.88	0.746	AT2G18160	78.95	87.0	8.05	-9.04	0.97
path	2	-0.301	0.462	-0.417	0.219	AT1G49010	13.67	15.0	1.33	-5.56	0.971
path	2	-0.301	0.462	-0.417	0.219	AT2G45420	9.7	11.0	1.3	-4.91	0.971
path	2	1.155	0.747	0.88	0.746	AT4G27950	30.43	34.0	3.57	-6.07	0.971
path	2	1.155	0.747	1.457	0.65	AT3G28920	30.09	33.0	2.91	-8.73	0.971
path	2	1.155	0.747	0.88	0.746	AT2G20110	67.34	73.0	5.66	-8.53	0.972
path	2	1.155	0.747	0.88	0.746	AT3G15170	37.99	41.0	3.01	-6.67	0.972
path	2	1.155	0.747	1.457	0.65	AT1G70920	18.19	20.0	1.81	-7.2	0.972
path	2	-0.301	0.462	-0.417	0.219	AT1G65910	2.91	4.0	1.09	-3.37	0.974
path	2	-0.301	0.462	-0.417	0.219	AT1G76420	5.86	7.0	1.14	-4.25	0.974
path	2	1.155	0.747	1.457	0.65	AT5G56110	33.82	37.0	3.18	-9.36	0.974
path	2	1.155	0.747	0.88	0.746	AT2G18380	52.43	57.0	4.57	-7.95	0.975
path	2	-0.301	0.462	0.082	0.607	AT1G24250	5.12	6.0	0.88	-3.18	0.976
path	2	-0.301	0.462	0.082	0.607	AT5G62320	4.69	6.0	1.31	-3.18	0.976
path	2	1.155	0.747	1.457	0.65	AT3G13350	0.72	1.0	0.28	-2.09	0.976
path	2	1.155	0.747	0.88	0.746	AT5G67580	38.24	42.0	3.76	-7.05	0.977
path	2	-0.301	0.462	-0.417	0.219	AT3G04070	1.75	2.0	0.25	-2.66	0.978
path	2	-0.301	0.462	0.082	0.607	AT3G57230	0.77	1.0	0.23	-1.45	0.978
path	2	1.155	0.747	0.88	0.746	AT3G15210	99.55	109.0	9.45	-10.53	0.978
path	2	1.155	0.747	0.88	0.746	AT1G23810	5.41	6.0	0.59	-2.98	0.979
path	2	1.155	0.747	1.457	0.65	AT1G06180	12.54	14.0	1.46	-6.71	0.979
path	2	-0.301	0.462	-0.417	0.219	AT5G39820	0.75	1.0	0.25	-2.1	0.981
path	2	-0.301	0.462	-0.417	0.219	AT5G53950	0.45	1.0	0.55	-2.1	0.981
path	2	1.155	0.747	0.88	0.746	AT1G74480	45.43	50.0	4.57	-8.04	0.981
path	2	1.155	0.747	1.457	0.65	AT3G52440	27.97	31.0	3.03	-9.49	0.981
path	2	-0.301	0.462	-0.417	0.219	AT3G11280	3.54	4.0	0.46	-3.76	0.982
path	2	1.155	0.747	1.457	0.65	AT4G36740	29.16	32.0	2.84	-9.73	0.982
path	2	1.155	0.747	1.457	0.65	AT1G02230	21.68	24.0	2.32	-8.76	0.983
path	2	1.155	0.747	1.457	0.65	AT1G33240	24.39	27.0	2.61	-9.16	0.983
path	2	1.155	0.747	0.88	0.746	AT1G28370	79.48	87.0	7.52	-10.42	0.984
path	2	1.155	0.747	1.457	0.65	AT2G28810	25.25	28.0	2.75	-9.4	0.984
path	2	-0.301	0.462	0.082	0.607	AT2G32460	15.46	17.0	1.54	-5.64	0.985
path	2	1.155	0.747	0.88	0.746	AT5G44210	29.8	33.0	3.2	-7.07	0.985
path	2	-0.301	0.462	-0.417	0.219	AT1G20980	1.42	2.0	0.58	-3.04	0.986
path	2	-0.301	0.462	-0.417	0.219	AT5G63090	1.52	2.0	0.48	-3.04	0.986
path	2	1.155	0.747	0.88	0.746	AT5G22500	16.14	18.0	1.86	-5.49	0.986
path	2	1.155	0.747	1.457	0.65	AT4G05100	10.65	12.0	1.35	-6.85	0.986
path	2	-0.301	0.462	-0.417	0.219	AT5G08520	11.59	13.0	1.41	-6.4	0.987
path	2	-0.301	0.462	0.082	0.607	AT2G23290	22.05	24.0	1.95	-6.6	0.987
path	2	-0.301	0.462	0.082	0.607	AT3G24050	8.31	9.0	0.69	-4.46	0.987
path	2	-0.301	0.462	0.082	0.607	AT5G04390	6.96	8.0	1.04	-4.24	0.987
path	2	-0.301	0.462	0.082	0.607	AT5G06100	17.26	19.0	1.74	-6.09	0.987
path	2	1.155	0.747	0.88	0.746	AT1G27360	2.56	3.0	0.44	-2.53	0.987
path	2	1.155	0.747	0.88	0.746	AT3G04060	57.87	63.0	5.13	-9.55	0.987
path	2	1.155	0.747	0.88	0.746	AT3G11280	18.73	21.0	2.27	-5.95	0.987
path	2	1.155	0.747	1.457	0.65	AT3G26790	6.01	7.0	0.99	-5.67	0.987
path	2	-0.301	0.462	-0.417	0.219	AT2G24430	8.77	10.0	1.23	-5.91	0.988
path	2	-0.301	0.462	-0.417	0.219	AT3G10580	9.91	11.0	1.09	-6.07	0.988
path	2	-0.301	0.462	0.082	0.607	AT3G21175	4.38	5.0	0.62	-3.57	0.988
path	2	-0.301	0.462	0.082	0.607	AT4G32800	4.29	5.0	0.71	-3.57	0.988
path	2	1.155	0.747	0.88	0.746	AT2G17410	1.6	2.0	0.4	-2.15	0.988
path	2	1.155	0.747	0.88	0.746	AT3G30530	1.53	2.0	0.47	-2.15	0.988
path	2	1.155	0.747	0.88	0.746	AT4G22070	65.18	70.0	4.82	-10.15	0.988
path	2	1.155	0.747	0.88	0.746	AT5G05550	109.46	119.0	9.54	-12.27	0.988
path	2	-0.301	0.462	-0.417	0.219	AT5G26170	7.52	9.0	1.48	-5.74	0.989
path	2	1.155	0.747	0.88	0.746	AT1G25550	28.83	32.0	3.17	-7.38	0.989
path	2	1.155	0.747	0.88	0.746	AT5G07680	11.91	13.0	1.09	-4.96	0.989
path	2	1.155	0.747	1.457	0.65	AT1G51220	14.22	16.0	1.78	-8.11	0.989
path	2	1.155	0.747	1.457	0.65	AT1G68320	16.93	19.0	2.07	-8.82	0.989
path	2	-0.301	0.462	-0.417	0.219	AT5G06960	6.2	7.0	0.8	-5.42	0.99
path	2	1.155	0.747	0.88	0.746	AT1G21910	8.97	10.0	1.03	-4.51	0.99
path	2	1.155	0.747	0.88	0.746	AT5G22990	76.98	84.0	7.02	-11.35	0.99
path	2	1.155	0.747	0.88	0.746	AT5G53950	32.3	35.0	2.7	-7.84	0.99
path	2	1.155	0.747	0.88	0.746	AT3G13040	0.78	1.0	0.22	-1.76	0.991
path	2	1.155	0.747	0.88	0.746	AT5G29000	47.03	52.0	4.97	-9.49	0.991
path	2	1.155	0.747	1.457	0.65	AT4G24470	2.3	3.0	0.7	-4.42	0.991
path	2	-0.301	0.462	-0.417	0.219	AT1G75390	3.64	4.0	0.36	-4.54	0.992
path	2	-0.301	0.462	-0.417	0.219	AT4G36160	6.41	8.0	1.59	-5.97	0.992
path	2	-0.301	0.462	0.082	0.607	AT1G01250	0.76	1.0	0.24	-2.06	0.992
path	2	-0.301	0.462	0.082	0.607	AT1G66370	0.63	1.0	0.37	-2.06	0.992
path	2	-0.301	0.462	0.082	0.607	AT2G01930	17.34	19.0	1.66	-6.7	0.992
path	2	-0.301	0.462	0.082	0.607	AT4G27900	0.86	1.0	0.14	-2.06	0.992
path	2	1.155	0.747	0.88	0.746	AT5G25190	96.99	106.0	9.01	-12.84	0.992
path	2	1.155	0.747	1.457	0.65	AT3G12820	6.11	7.0	0.89	-6.29	0.992
path	2	1.155	0.747	1.457	0.65	AT3G21890	18.91	21.0	2.09	-9.6	0.992
path	2	1.155	0.747	1.457	0.65	AT5G14340	0.74	1.0	0.26	-3.02	0.992
path	2	-0.301	0.462	-0.417	0.219	AT3G26790	0.55	1.0	0.45	-2.88	0.993
path	2	-0.301	0.462	-0.417	0.219	AT5G18270	3.78	5.0	1.22	-5.09	0.993
path	2	1.155	0.747	0.88	0.746	AT2G24430	62.94	69.0	6.06	-11.15	0.993
path	2	1.155	0.747	0.88	0.746	AT5G24110	62.09	67.0	4.91	-11.07	0.993
path	2	-0.301	0.462	-0.417	0.219	AT3G17730	2.82	4.0	1.18	-4.92	0.994
path	2	-0.301	0.462	-0.417	0.219	AT3G26620	2.35	3.0	0.65	-4.37	0.994
path	2	-0.301	0.462	-0.417	0.219	AT4G01280	8.72	10.0	1.28	-6.68	0.994
path	2	-0.301	0.462	0.082	0.607	AT2G18380	14.54	16.0	1.46	-6.64	0.994
path	2	1.155	0.747	1.457	0.65	AT3G01220	21.47	24.0	2.53	-10.62	0.994
path	2	-0.301	0.462	-0.417	0.219	AT1G08320	12.47	14.0	1.53	-7.73	0.995
path	2	-0.301	0.462	-0.417	0.219	AT3G52440	11.63	13.0	1.37	-7.56	0.995
path	2	-0.301	0.462	0.082	0.607	AT5G65510	3.29	4.0	0.71	-3.96	0.995
path	2	1.155	0.747	0.88	0.746	AT1G52880	56.16	62.0	5.84	-11.24	0.995
path	2	1.155	0.747	0.88	0.746	AT2G21900	2.63	3.0	0.37	-3.22	0.995
path	2	1.155	0.747	1.457	0.65	AT5G66940	23.26	26.0	2.74	-11.4	0.995
path	2	-0.301	0.462	-0.417	0.219	AT1G19000	11.69	13.0	1.31	-7.95	0.996
path	2	-0.301	0.462	-0.417	0.219	AT1G78700	10.42	12.0	1.58	-7.79	0.996
path	2	-0.301	0.462	-0.417	0.219	AT2G28920	0.64	1.0	0.36	-3.27	0.996
path	2	-0.301	0.462	-0.417	0.219	AT2G45650	0.82	1.0	0.18	-3.27	0.996
path	2	-0.301	0.462	-0.417	0.219	AT3G15270	6.59	8.0	1.41	-6.74	0.996
path	2	-0.301	0.462	0.082	0.607	AT2G01940	10.4	12.0	1.6	-6.36	0.996
path	2	-0.301	0.462	0.082	0.607	AT5G17800	11.48	13.0	1.52	-6.58	0.996
path	2	1.155	0.747	0.88	0.746	AT1G69490	51.62	57.0	5.38	-11.4	0.996
path	2	1.155	0.747	0.88	0.746	AT2G15740	52.09	57.0	4.91	-11.4	0.996
path	2	1.155	0.747	0.88	0.746	AT5G61270	1.69	2.0	0.31	-2.84	0.996
path	2	1.155	0.747	0.88	0.746	AT5G67000	1.69	2.0	0.31	-2.84	0.996
path	2	1.155	0.747	1.457	0.65	AT3G02940	29.03	32.0	2.97	-12.51	0.996
path	2	1.155	0.747	1.457	0.65	AT4G26030	16.96	19.0	2.04	-10.36	0.996
path	2	1.155	0.747	1.457	0.65	AT5G62320	16.16	18.0	1.84	-10.13	0.996
path	2	-0.301	0.462	-0.417	0.219	AT3G10800	7.11	8.0	0.89	-7.13	0.997
path	2	-0.301	0.462	-0.417	0.219	AT3G57920	2.16	3.0	0.84	-5.15	0.997
path	2	-0.301	0.462	-0.417	0.219	AT5G09410	4.89	6.0	1.11	-6.42	0.997
path	2	-0.301	0.462	0.082	0.607	AT3G51080	0.81	1.0	0.19	-2.67	0.997
path	2	-0.301	0.462	0.082	0.607	AT3G60530	4.57	5.0	0.43	-4.79	0.997
path	2	-0.301	0.462	0.082	0.607	AT4G24470	4.5	5.0	0.5	-4.79	0.997
path	2	1.155	0.747	0.88	0.746	AT1G29280	94.67	102.0	7.33	-14.76	0.997
path	2	1.155	0.747	0.88	0.746	AT2G01818	23.76	26.0	2.24	-8.55	0.997
path	2	1.155	0.747	0.88	0.746	AT4G04450	7.1	8.0	0.9	-5.13	0.997
path	2	1.155	0.747	0.88	0.746	AT5G43840	12.69	14.0	1.31	-6.73	0.997
path	2	1.155	0.747	1.457	0.65	AT1G79180	8.61	10.0	1.39	-8.55	0.997
path	2	-0.301	0.462	-0.417	0.219	AT1G01060	5.76	7.0	1.24	-6.97	0.998
path	2	-0.301	0.462	-0.417	0.219	AT1G18330	2.99	4.0	1.01	-6.09	0.998
path	2	-0.301	0.462	-0.417	0.219	AT1G45249	9.05	10.0	0.95	-8.24	0.998
path	2	-0.301	0.462	-0.417	0.219	AT4G18890	0.72	1.0	0.28	-3.66	0.998
path	2	-0.301	0.462	-0.417	0.219	AT4G36780	9.44	11.0	1.56	-8.4	0.998
path	2	-0.301	0.462	-0.417	0.219	AT5G06950	4.62	6.0	1.38	-6.8	0.998
path	2	-0.301	0.462	-0.417	0.219	AT5G29000	4.99	6.0	1.01	-6.8	0.998
path	2	1.155	0.747	0.88	0.746	AT1G80840	10.97	12.0	1.03	-6.65	0.998
path	2	1.155	0.747	0.88	0.746	AT5G07100	10.57	12.0	1.43	-6.65	0.998
path	2	1.155	0.747	0.88	0.746	AT5G58900	46.78	52.0	5.22	-12.25	0.998
path	2	1.155	0.747	1.457	0.65	AT1G51700	13.98	16.0	2.02	-10.58	0.998
path	2	1.155	0.747	1.457	0.65	AT1G76890	22.39	25.0	2.61	-12.4	0.998
path	2	-0.301	0.462	-0.417	0.219	AT1G01720	8.63	10.0	1.37	-8.62	0.999
path	2	-0.301	0.462	-0.417	0.219	AT1G06850	5.07	6.0	0.93	-7.19	0.999
path	2	-0.301	0.462	-0.417	0.219	AT2G20400	5.09	6.0	0.91	-7.19	0.999
path	2	-0.301	0.462	-0.417	0.219	AT3G12250	11.4	13.0	1.6	-10.28	0.999
path	2	-0.301	0.462	-0.417	0.219	AT5G02840	0.51	1.0	0.49	-4.43	0.999
path	2	-0.301	0.462	-0.417	0.219	AT5G06839	8.71	10.0	1.29	-9.01	0.999
path	2	-0.301	0.462	-0.417	0.219	AT5G10030	9.36	11.0	1.64	-9.56	0.999
path	2	-0.301	0.462	-0.417	0.219	AT5G17300	7.64	9.0	1.36	-8.46	0.999
path	2	-0.301	0.462	-0.417	0.219	AT5G45300	4.13	5.0	0.87	-7.03	0.999
path	2	-0.301	0.462	-0.417	0.219	AT5G56840	11.47	13.0	1.53	-9.89	0.999
path	2	-0.301	0.462	-0.417	0.219	AT5G65210	8.67	10.0	1.33	-9.01	0.999
path	2	-0.301	0.462	0.082	0.607	AT3G60580	2.18	3.0	0.82	-4.96	0.999
path	2	1.155	0.747	0.88	0.746	AT1G62300	74.13	80.0	5.87	-16.04	0.999
path	2	1.155	0.747	0.88	0.746	AT2G03340	28.64	31.0	2.36	-10.45	0.999
path	2	1.155	0.747	0.88	0.746	AT3G02990	8.97	10.0	1.03	-7.27	0.999
path	2	1.155	0.747	0.88	0.746	AT4G26640	36.86	40.0	3.14	-12.51	0.999
path	2	1.155	0.747	0.88	0.746	AT5G08750	8.94	10.0	1.06	-7.27	0.999
path	2	-0.301	0.462	-0.417	0.219	AT1G17950	-0.01	0.0	0.01	0.0	1.0
path	2	-0.301	0.462	-0.417	0.219	AT1G18570	-0.21	0.0	0.21	-0.78	1.0
path	2	-0.301	0.462	-0.417	0.219	AT1G18960	-0.04	0.0	0.04	-0.39	1.0
path	2	-0.301	0.462	-0.417	0.219	AT1G19040	-0.27	0.0	0.27	0.0	1.0
path	2	-0.301	0.462	-0.417	0.219	AT1G30210	-0.02	0.0	0.02	0.0	1.0
path	2	-0.301	0.462	-0.417	0.219	AT1G32150	13.11	15.0	1.89	-14.88	1.0
path	2	-0.301	0.462	-0.417	0.219	AT1G32510	-0.04	0.0	0.04	-0.39	1.0
path	2	-0.301	0.462	-0.417	0.219	AT1G34370	-0.3	0.0	0.3	-1.55	1.0
path	2	-0.301	0.462	-0.417	0.219	AT1G46264	-0.04	0.0	0.04	-0.39	1.0
path	2	-0.301	0.462	-0.417	0.219	AT1G47870	-0.01	0.0	0.01	0.0	1.0
path	2	-0.301	0.462	-0.417	0.219	AT1G51600	-0.09	0.0	0.09	-0.78	1.0
path	2	-0.301	0.462	-0.417	0.219	AT1G52880	3.82	5.0	1.18	-11.3	1.0
path	2	-0.301	0.462	-0.417	0.219	AT1G60920	-0.02	0.0	0.02	0.0	1.0
path	2	-0.301	0.462	-0.417	0.219	AT1G63030	-0.17	0.0	0.17	-0.78	1.0
path	2	-0.301	0.462	-0.417	0.219	AT1G63040	-0.02	0.0	0.02	-0.39	1.0
path	2	-0.301	0.462	-0.417	0.219	AT1G65620	-0.16	0.0	0.16	-1.55	1.0
path	2	-0.301	0.462	-0.417	0.219	AT1G66420	-0.01	0.0	0.01	0.0	1.0
path	2	-0.301	0.462	-0.417	0.219	AT1G67260	-0.01	0.0	0.01	0.0	1.0
path	2	-0.301	0.462	-0.417	0.219	AT1G69490	1.91	3.0	1.09	-12.13	1.0
path	2	-0.301	0.462	-0.417	0.219	AT1G70910	-0.01	0.0	0.01	0.0	1.0
path	2	-0.301	0.462	-0.417	0.219	AT1G73730	-0.11	0.0	0.11	-0.39	1.0
path	2	-0.301	0.462	-0.417	0.219	AT1G74370	-0.03	0.0	0.03	0.0	1.0
path	2	-0.301	0.462	-0.417	0.219	AT1G74840	4.89	6.0	1.11	-9.13	1.0
path	2	-0.301	0.462	-0.417	0.219	AT1G76880	-0.09	0.0	0.09	0.0	1.0
path	2	-0.301	0.462	-0.417	0.219	AT2G04038	11.42	13.0	1.58	-16.49	1.0
path	2	-0.301	0.462	-0.417	0.219	AT2G17900	-0.04	0.0	0.04	-0.39	1.0
path	2	-0.301	0.462	-0.417	0.219	AT2G18160	11.37	13.0	1.63	-16.1	1.0
path	2	-0.301	0.462	-0.417	0.219	AT2G31460	-0.03	0.0	0.03	0.0	1.0
path	2	-0.301	0.462	-0.417	0.219	AT2G35530	13.13	15.0	1.87	-14.1	1.0
path	2	-0.301	0.462	-0.417	0.219	AT2G36270	13.17	15.0	1.83	-12.16	1.0
path	2	-0.301	0.462	-0.417	0.219	AT2G38090	-0.03	0.0	0.03	-0.78	1.0
path	2	-0.301	0.462	-0.417	0.219	AT2G38880	-0.04	0.0	0.04	0.0	1.0
path	2	-0.301	0.462	-0.417	0.219	AT2G46400	-0.04	0.0	0.04	-0.39	1.0
path	2	-0.301	0.462	-0.417	0.219	AT2G48100	-0.01	0.0	0.01	0.0	1.0
path	2	-0.301	0.462	-0.417	0.219	AT3G02150	-0.13	0.0	0.13	-0.78	1.0
path	2	-0.301	0.462	-0.417	0.219	AT3G03660	-0.06	0.0	0.06	-0.39	1.0
path	2	-0.301	0.462	-0.417	0.219	AT3G07220	-0.04	0.0	0.04	-0.39	1.0
path	2	-0.301	0.462	-0.417	0.219	AT3G09230	-0.02	0.0	0.02	0.0	1.0
path	2	-0.301	0.462	-0.417	0.219	AT3G09600	5.7	7.0	1.3	-8.91	1.0
path	2	-0.301	0.462	-0.417	0.219	AT3G10113	3.14	4.0	0.86	-8.03	1.0
path	2	-0.301	0.462	-0.417	0.219	AT3G12910	-0.06	0.0	0.06	-1.16	1.0
path	2	-0.301	0.462	-0.417	0.219	AT3G13040	-0.04	0.0	0.04	-0.39	1.0
path	2	-0.301	0.462	-0.417	0.219	AT3G18400	1.69	3.0	1.31	-7.48	1.0
path	2	-0.301	0.462	-0.417	0.219	AT3G20840	-0.11	0.0	0.11	-0.39	1.0
path	2	-0.301	0.462	-0.417	0.219	AT3G22780	-0.05	0.0	0.05	-0.39	1.0
path	2	-0.301	0.462	-0.417	0.219	AT3G23210	-0.31	0.0	0.31	-1.94	1.0
path	2	-0.301	0.462	-0.417	0.219	AT3G23250	-0.18	0.0	0.18	-0.78	1.0
path	2	-0.301	0.462	-0.417	0.219	AT3G47620	-0.03	0.0	0.03	-0.78	1.0
path	2	-0.301	0.462	-0.417	0.219	AT3G48160	-0.06	0.0	0.06	-0.39	1.0
path	2	-0.301	0.462	-0.417	0.219	AT3G49930	-0.02	0.0	0.02	0.0	1.0
path	2	-0.301	0.462	-0.417	0.219	AT3G51470	-0.13	0.0	0.13	-0.78	1.0
path	2	-0.301	0.462	-0.417	0.219	AT3G56850	13.23	15.0	1.77	-14.49	1.0
path	2	-0.301	0.462	-0.417	0.219	AT3G62420	12.16	14.0	1.84	-16.26	1.0
path	2	-0.301	0.462	-0.417	0.219	AT4G12670	-0.01	0.0	0.01	0.0	1.0
path	2	-0.301	0.462	-0.417	0.219	AT4G14410	-0.03	0.0	0.03	0.0	1.0
path	2	-0.301	0.462	-0.417	0.219	AT4G24240	-0.04	0.0	0.04	0.0	1.0
path	2	-0.301	0.462	-0.417	0.219	AT4G34590	2.47	3.0	0.53	-8.25	1.0
path	2	-0.301	0.462	-0.417	0.219	AT4G36620	-0.04	0.0	0.04	-0.39	1.0
path	2	-0.301	0.462	-0.417	0.219	AT4G37790	-0.02	0.0	0.02	0.0	1.0
path	2	-0.301	0.462	-0.417	0.219	AT5G07680	-0.22	0.0	0.22	-1.94	1.0
path	2	-0.301	0.462	-0.417	0.219	AT5G08070	-0.04	0.0	0.04	-0.39	1.0
path	2	-0.301	0.462	-0.417	0.219	AT5G10510	-0.07	0.0	0.07	0.0	1.0
path	2	-0.301	0.462	-0.417	0.219	AT5G11260	10.3	12.0	1.7	-11.67	1.0
path	2	-0.301	0.462	-0.417	0.219	AT5G14340	-0.12	0.0	0.12	-0.39	1.0
path	2	-0.301	0.462	-0.417	0.219	AT5G15830	12.23	14.0	1.77	-14.71	1.0
path	2	-0.301	0.462	-0.417	0.219	AT5G16600	-0.05	0.0	0.05	0.0	1.0
path	2	-0.301	0.462	-0.417	0.219	AT5G25475	-0.08	0.0	0.08	0.0	1.0
path	2	-0.301	0.462	-0.417	0.219	AT5G38800	-0.01	0.0	0.01	0.0	1.0
path	2	-0.301	0.462	-0.417	0.219	AT5G38860	-0.06	0.0	0.06	-0.78	1.0
path	2	-0.301	0.462	-0.417	0.219	AT5G40330	-0.04	0.0	0.04	-0.39	1.0
path	2	-0.301	0.462	-0.417	0.219	AT5G42820	-0.03	0.0	0.03	0.0	1.0
path	2	-0.301	0.462	-0.417	0.219	AT5G47390	7.73	9.0	1.27	-10.4	1.0
path	2	-0.301	0.462	-0.417	0.219	AT5G48670	-0.02	0.0	0.02	0.0	1.0
path	2	-0.301	0.462	-0.417	0.219	AT5G49300	-0.02	0.0	0.02	0.0	1.0
path	2	-0.301	0.462	-0.417	0.219	AT5G50570	-0.26	0.0	0.26	-2.33	1.0
path	2	-0.301	0.462	-0.417	0.219	AT5G52170	-0.07	0.0	0.07	-0.78	1.0
path	2	-0.301	0.462	-0.417	0.219	AT5G52660	1.94	3.0	1.06	-8.25	1.0
path	2	-0.301	0.462	-0.417	0.219	AT5G56930	-0.06	0.0	0.06	0.0	1.0
path	2	-0.301	0.462	-0.417	0.219	AT5G58620	-0.04	0.0	0.04	0.0	1.0
path	2	-0.301	0.462	-0.417	0.219	AT5G61270	-0.06	0.0	0.06	0.0	1.0
path	2	-0.301	0.462	0.082	0.607	AT1G08010	12.01	13.0	0.99	-11.48	1.0
path	2	-0.301	0.462	0.082	0.607	AT1G17950	-0.02	0.0	0.02	0.0	1.0
path	2	-0.301	0.462	0.082	0.607	AT1G19040	-0.43	0.0	0.43	0.0	1.0
path	2	-0.301	0.462	0.082	0.607	AT1G30210	-0.03	0.0	0.03	0.0	1.0
path	2	-0.301	0.462	0.082	0.607	AT1G47870	-0.02	0.0	0.02	0.0	1.0
path	2	-0.301	0.462	0.082	0.607	AT1G60920	-0.03	0.0	0.03	0.0	1.0
path	2	-0.301	0.462	0.082	0.607	AT1G66420	-0.01	0.0	0.01	0.0	1.0
path	2	-0.301	0.462	0.082	0.607	AT1G67260	-0.02	0.0	0.02	0.0	1.0
path	2	-0.301	0.462	0.082	0.607	AT1G70910	-0.02	0.0	0.02	0.0	1.0
path	2	-0.301	0.462	0.082	0.607	AT1G71696	11.33	13.0	1.67	-11.48	1.0
path	2	-0.301	0.462	0.082	0.607	AT1G74370	-0.05	0.0	0.05	0.0	1.0
path	2	-0.301	0.462	0.082	0.607	AT1G76880	-0.15	0.0	0.15	0.0	1.0
path	2	-0.301	0.462	0.082	0.607	AT2G02820	24.27	27.0	2.73	-11.56	1.0
path	2	-0.301	0.462	0.082	0.607	AT2G31460	-0.04	0.0	0.04	0.0	1.0
path	2	-0.301	0.462	0.082	0.607	AT2G38880	-0.07	0.0	0.07	0.0	1.0
path	2	-0.301	0.462	0.082	0.607	AT2G39900	-0.05	0.0	0.05	-0.61	1.0
path	2	-0.301	0.462	0.082	0.607	AT2G48100	-0.01	0.0	0.01	0.0	1.0
path	2	-0.301	0.462	0.082	0.607	AT3G09230	-0.03	0.0	0.03	0.0	1.0
path	2	-0.301	0.462	0.082	0.607	AT3G20770	7.72	9.0	1.28	-28.33	1.0
path	2	-0.301	0.462	0.082	0.607	AT3G27785	9.35	11.0	1.65	-21.44	1.0
path	2	-0.301	0.462	0.082	0.607	AT3G46070	-0.06	0.0	0.06	-1.22	1.0
path	2	-0.301	0.462	0.082	0.607	AT3G49930	-0.03	0.0	0.03	0.0	1.0
path	2	-0.301	0.462	0.082	0.607	AT4G12670	-0.01	0.0	0.01	0.0	1.0
path	2	-0.301	0.462	0.082	0.607	AT4G14410	-0.04	0.0	0.04	0.0	1.0
path	2	-0.301	0.462	0.082	0.607	AT4G14770	15.18	17.0	1.82	-10.54	1.0
path	2	-0.301	0.462	0.082	0.607	AT4G17460	-0.1	0.0	0.1	-0.61	1.0
path	2	-0.301	0.462	0.082	0.607	AT4G18770	12.1	14.0	1.9	-16.6	1.0
path	2	-0.301	0.462	0.082	0.607	AT4G24240	-0.06	0.0	0.06	0.0	1.0
path	2	-0.301	0.462	0.082	0.607	AT4G28110	-0.11	0.0	0.11	-0.61	1.0
path	2	-0.301	0.462	0.082	0.607	AT4G32730	19.72	23.0	3.28	-52.27	1.0
path	2	-0.301	0.462	0.082	0.607	AT4G37790	-0.03	0.0	0.03	0.0	1.0
path	2	-0.301	0.462	0.082	0.607	AT4G38620	-0.3	0.0	0.3	-0.61	1.0
path	2	-0.301	0.462	0.082	0.607	AT5G10510	-0.11	0.0	0.11	0.0	1.0
path	2	-0.301	0.462	0.082	0.607	AT5G16600	-0.08	0.0	0.08	0.0	1.0
path	2	-0.301	0.462	0.082	0.607	AT5G18090	-0.06	0.0	0.06	-0.61	1.0
path	2	-0.301	0.462	0.082	0.607	AT5G25475	-0.13	0.0	0.13	0.0	1.0
path	2	-0.301	0.462	0.082	0.607	AT5G25830	12.11	13.0	0.89	-10.87	1.0
path	2	-0.301	0.462	0.082	0.607	AT5G38800	-0.02	0.0	0.02	0.0	1.0
path	2	-0.301	0.462	0.082	0.607	AT5G42520	-0.04	0.0	0.04	-1.22	1.0
path	2	-0.301	0.462	0.082	0.607	AT5G42820	-0.04	0.0	0.04	0.0	1.0
path	2	-0.301	0.462	0.082	0.607	AT5G48670	-0.03	0.0	0.03	0.0	1.0
path	2	-0.301	0.462	0.082	0.607	AT5G49300	-0.03	0.0	0.03	0.0	1.0
path	2	-0.301	0.462	0.082	0.607	AT5G56930	-0.1	0.0	0.1	0.0	1.0
path	2	-0.301	0.462	0.082	0.607	AT5G58620	-0.06	0.0	0.06	0.0	1.0
path	2	-0.301	0.462	0.082	0.607	AT5G58850	19.45	22.0	2.55	-25.12	1.0
path	2	-0.301	0.462	0.082	0.607	AT5G61270	-0.1	0.0	0.1	0.0	1.0
path	2	-0.301	0.462	0.082	0.607	AT5G62165	-0.03	0.0	0.03	-0.61	1.0
path	2	-0.301	0.462	0.082	0.607	AT5G67000	-0.1	0.0	0.1	-0.61	1.0
path	2	1.155	0.747	0.88	0.746	AT1G19000	56.51	63.0	6.49	-21.98	1.0
path	2	1.155	0.747	0.88	0.746	AT1G29860	83.63	90.0	6.37	-18.47	1.0
path	2	1.155	0.747	0.88	0.746	AT1G30650	77.29	84.0	6.71	-24.47	1.0
path	2	1.155	0.747	0.88	0.746	AT1G49010	55.41	62.0	6.59	-20.91	1.0
path	2	1.155	0.747	0.88	0.746	AT1G66420	-0.03	0.0	0.03	0.0	1.0
path	2	1.155	0.747	0.88	0.746	AT1G67260	-0.06	0.0	0.06	-0.69	1.0
path	2	1.155	0.747	0.88	0.746	AT1G74370	-0.16	0.0	0.16	-1.38	1.0
path	2	1.155	0.747	0.88	0.746	AT1G74840	47.5	53.0	5.5	-20.24	1.0
path	2	1.155	0.747	0.88	0.746	AT2G23320	93.36	101.0	7.64	-20.6	1.0
path	2	1.155	0.747	0.88	0.746	AT2G30250	91.48	99.0	7.52	-21.91	1.0
path	2	1.155	0.747	0.88	0.746	AT2G30590	5.82	7.0	1.18	-9.58	1.0
path	2	1.155	0.747	0.88	0.746	AT2G31460	-0.12	0.0	0.12	-1.38	1.0
path	2	1.155	0.747	0.88	0.746	AT2G38470	82.47	89.0	6.53	-18.09	1.0
path	2	1.155	0.747	0.88	0.746	AT2G40740	87.1	94.0	6.9	-17.93	1.0
path	2	1.155	0.747	0.88	0.746	AT2G46130	19.82	22.0	2.18	-10.47	1.0
path	2	1.155	0.747	0.88	0.746	AT3G01970	74.63	81.0	6.37	-22.64	1.0
path	2	1.155	0.747	0.88	0.746	AT3G09735	61.38	67.0	5.62	-15.91	1.0
path	2	1.155	0.747	0.88	0.746	AT3G22830	56.56	62.0	5.44	-17.45	1.0
path	2	1.155	0.747	0.88	0.746	AT3G42860	37.49	41.0	3.51	-13.58	1.0
path	2	1.155	0.747	0.88	0.746	AT4G00250	40.43	45.0	4.57	-15.8	1.0
path	2	1.155	0.747	0.88	0.746	AT4G01250	51.72	57.0	5.28	-25.22	1.0
path	2	1.155	0.747	0.88	0.746	AT4G11660	40.65	45.0	4.35	-20.64	1.0
path	2	1.155	0.747	0.88	0.746	AT4G14410	-0.12	0.0	0.12	0.0	1.0
path	2	1.155	0.747	0.88	0.746	AT4G18170	82.44	89.0	6.56	-22.24	1.0
path	2	1.155	0.747	0.88	0.746	AT4G23550	66.54	73.0	6.46	-29.25	1.0
path	2	1.155	0.747	0.88	0.746	AT4G24240	-0.19	0.0	0.19	-3.45	1.0
path	2	1.155	0.747	0.88	0.746	AT4G31550	15.07	17.0	1.93	-12.71	1.0
path	2	1.155	0.747	0.88	0.746	AT4G31800	91.32	99.0	7.68	-20.53	1.0
path	2	1.155	0.747	0.88	0.746	AT5G08520	60.04	67.0	6.96	-22.13	1.0
path	2	1.155	0.747	0.88	0.746	AT5G09410	58.5	64.0	5.5	-20.98	1.0
path	2	1.155	0.747	0.88	0.746	AT5G13080	88.29	96.0	7.71	-22.15	1.0
path	2	1.155	0.747	0.88	0.746	AT5G16820	62.82	69.0	6.18	-20.82	1.0
path	2	1.155	0.747	0.88	0.746	AT5G26170	86.67	94.0	7.33	-19.31	1.0
path	2	1.155	0.747	0.88	0.746	AT5G38800	-0.06	0.0	0.06	0.0	1.0
path	2	1.155	0.747	0.88	0.746	AT5G41570	81.13	88.0	6.87	-19.78	1.0
path	2	1.155	0.747	0.88	0.746	AT5G46350	39.33	43.0	3.67	-12.96	1.0
path	2	1.155	0.747	0.88	0.746	AT5G47390	53.72	60.0	6.28	-22.91	1.0
path	2	1.155	0.747	0.88	0.746	AT5G49300	-0.09	0.0	0.09	-1.38	1.0
path	2	1.155	0.747	0.88	0.746	AT5G52830	63.88	70.0	6.12	-24.65	1.0
path	2	1.155	0.747	0.88	0.746	AT5G56840	69.45	77.0	7.55	-21.8	1.0
path	2	1.155	0.747	0.88	0.746	AT5G61620	59.88	67.0	7.12	-22.13	1.0
path	2	1.155	0.747	1.457	0.65	AT1G18960	-0.08	0.0	0.08	-0.31	1.0
path	2	1.155	0.747	1.457	0.65	AT1G25340	9.16	11.0	1.84	-11.87	1.0
path	2	1.155	0.747	1.457	0.65	AT1G30210	-0.04	0.0	0.04	-0.62	1.0
path	2	1.155	0.747	1.457	0.65	AT1G32510	-0.08	0.0	0.08	-0.93	1.0
path	2	1.155	0.747	1.457	0.65	AT1G60920	-0.04	0.0	0.04	-0.31	1.0
path	2	1.155	0.747	1.457	0.65	AT1G63040	-0.04	0.0	0.04	-0.31	1.0
path	2	1.155	0.747	1.457	0.65	AT1G66420	-0.01	0.0	0.01	0.0	1.0
path	2	1.155	0.747	1.457	0.65	AT1G70910	-0.03	0.0	0.03	-0.62	1.0
path	2	1.155	0.747	1.457	0.65	AT2G48100	-0.01	0.0	0.01	-0.31	1.0
path	2	1.155	0.747	1.457	0.65	AT3G49930	-0.04	0.0	0.04	-0.62	1.0
path	2	1.155	0.747	1.457	0.65	AT4G12670	-0.01	0.0	0.01	-0.31	1.0
path	2	1.155	0.747	1.457	0.65	AT4G14410	-0.06	0.0	0.06	0.0	1.0
path	2	1.155	0.747	1.457	0.65	AT4G27900	-0.19	0.0	0.19	-1.85	1.0
path	2	1.155	0.747	1.457	0.65	AT4G30080	-0.11	0.0	0.11	-0.62	1.0
path	2	1.155	0.747	1.457	0.65	AT4G37790	-0.04	0.0	0.04	-0.31	1.0
path	2	1.155	0.747	1.457	0.65	AT4G38910	-0.07	0.0	0.07	-0.62	1.0
path	2	1.155	0.747	1.457	0.65	AT5G16600	-0.11	0.0	0.11	-1.55	1.0
path	2	1.155	0.747	1.457	0.65	AT5G18090	-0.08	0.0	0.08	-0.93	1.0
path	2	1.155	0.747	1.457	0.65	AT5G38800	-0.03	0.0	0.03	0.0	1.0
path	2	1.155	0.747	1.457	0.65	AT5G42520	-0.06	0.0	0.06	-0.31	1.0
path	2	1.155	0.747	1.457	0.65	AT5G42820	-0.06	0.0	0.06	-0.62	1.0
path	2	1.155	0.747	1.457	0.65	AT5G48670	-0.04	0.0	0.04	-0.93	1.0
path	6	0.342	0.461	0.314	0.298	AT4G31800	67.15	71.0	3.85	21.34	1.76e-06
path	6	0.342	0.461	0.314	0.298	AT2G30250	66.23	70.0	3.77	20.34	5.19e-06
path	6	0.342	0.461	0.314	0.298	AT2G38470	59.73	63.0	3.27	18.35	1.7e-05
path	6	0.342	0.461	0.314	0.298	AT4G26640	30.43	32.0	1.57	11.93	6.04e-05
path	6	0.342	0.461	1.125	0.376	AT4G36740	65.84	69.0	3.16	17.67	9.23e-05
path	6	0.342	0.461	0.314	0.298	AT2G40740	60.54	64.0	3.46	16.85	0.000108
path	6	0.342	0.461	0.314	0.298	AT5G13080	61.13	65.0	3.87	16.84	0.000124
path	6	0.342	0.461	1.125	0.376	AT1G28160	53.56	57.0	3.44	15.64	0.000154
path	6	0.342	0.461	0.314	0.298	AT3G01970	52.8	56.0	3.2	15.37	0.00017
path	6	0.342	0.461	0.314	0.298	AT5G41570	56.55	60.0	3.45	15.86	0.000178
path	6	0.342	0.461	0.314	0.298	AT1G25580	31.6	33.0	1.4	11.43	0.000208
path	6	0.342	0.461	1.125	0.376	AT5G18560	39.77	42.0	2.23	13.1	0.000212
path	6	0.342	0.461	0.314	0.298	AT2G23320	63.17	67.0	3.83	16.33	0.000256
path	6	0.342	0.461	0.314	0.298	AT4G18170	56.71	60.0	3.29	15.35	0.000296
path	6	0.342	0.461	1.125	0.376	AT3G23220	21.78	23.0	1.22	9.05	0.000327
path	6	0.342	0.461	1.125	0.376	AT4G27950	24.22	26.0	1.78	9.06	0.00104
path	6	0.342	0.461	1.125	0.376	AT1G28370	53.25	57.0	3.75	13.64	0.0011
path	6	0.342	0.461	1.125	0.376	AT1G44830	22.75	24.0	1.25	8.55	0.00123
path	6	0.342	0.461	1.125	0.376	AT1G68550	56.07	60.0	3.93	13.65	0.00145
path	6	0.342	0.461	1.125	0.376	AT1G01250	11.63	12.0	0.37	5.52	0.0015
path	6	0.342	0.461	1.125	0.376	AT5G11260	61.82	66.0	4.18	14.17	0.00155
path	6	0.342	0.461	1.125	0.376	AT5G25190	62.51	67.0	4.49	14.17	0.00167
path	6	0.342	0.461	1.125	0.376	AT5G61600	16.96	18.0	1.04	7.04	0.00176
path	6	0.342	0.461	0.314	0.298	AT4G22070	44.58	47.0	2.42	11.88	0.00178
path	6	0.342	0.461	0.314	0.298	AT5G52830	43.93	47.0	3.07	11.88	0.00178
path	6	0.342	0.461	1.125	0.376	AT5G65310	65.38	69.0	3.62	14.18	0.00191
path	6	0.342	0.461	1.125	0.376	AT5G47220	21.58	23.0	1.42	8.05	0.00199
path	6	0.342	0.461	0.314	0.298	AT1G29860	54.8	58.0	3.2	12.85	0.00229
path	6	0.342	0.461	1.125	0.376	AT3G15210	63.29	68.0	4.71	13.68	0.00258
path	6	0.342	0.461	0.314	0.298	AT1G62300	49.05	52.0	2.95	11.87	0.00305
path	6	0.342	0.461	0.314	0.298	AT4G23550	44.76	48.0	3.24	11.38	0.00315
path	6	-0.762	0.786	-1.214	0.624	AT3G50060	16.99	18.0	1.01	6.88	0.00325
path	6	0.342	0.461	1.125	0.376	AT2G02540	62.62	66.0	3.38	13.17	0.00328
path	6	0.342	0.461	1.125	0.376	AT3G20310	61.28	66.0	4.72	13.17	0.00328
path	6	0.342	0.461	1.125	0.376	AT5G18450	35.85	38.0	2.15	10.09	0.00335
path	6	0.342	0.461	0.314	0.298	AT3G12130	32.13	34.0	1.87	9.42	0.00365
path	6	0.342	0.461	0.314	0.298	AT1G51700	43.74	46.0	2.26	10.88	0.00397
path	6	-0.762	0.786	-0.098	0.48	AT1G19000	15.6	17.0	1.4	5.9	0.00411
path	6	0.342	0.461	1.125	0.376	AT5G44210	22.4	24.0	1.6	7.55	0.00528
path	6	0.342	0.461	0.314	0.298	AT5G26170	55.32	59.0	3.68	11.85	0.00531
path	6	0.342	0.461	1.125	0.376	AT1G71450	74.06	79.0	4.94	13.22	0.00609
path	6	0.342	0.461	0.314	0.298	AT1G02230	49.4	52.0	2.6	10.87	0.00673
path	6	0.342	0.461	1.125	0.376	AT1G75490	33.86	36.0	2.14	9.09	0.00686
path	6	0.342	0.461	1.125	0.376	AT2G03500	33.68	36.0	2.32	9.09	0.00686
path	6	0.342	0.461	1.125	0.376	AT5G47230	16.12	17.0	0.88	6.04	0.00719
path	6	-0.762	0.786	-1.214	0.624	AT3G50700	7.68	8.0	0.32	4.0	0.00737
path	6	0.342	0.461	1.125	0.376	AT2G22430	38.55	41.0	2.45	9.6	0.00744
path	6	0.342	0.461	1.125	0.376	AT2G44940	43.44	46.0	2.56	10.12	0.00766
path	6	0.342	0.461	1.125	0.376	AT1G12630	59.5	63.0	3.5	11.67	0.00773
path	6	-0.762	0.786	-0.098	0.48	AT5G45300	22.07	23.0	0.93	6.35	0.00944
path	6	-0.762	0.786	-0.098	0.48	AT4G00250	12.02	13.0	0.98	4.67	0.00977
path	6	-0.762	0.786	-0.098	0.48	AT4G34590	12.44	13.0	0.56	4.67	0.00977
path	6	-0.762	0.786	-0.098	0.48	AT1G49010	19.58	21.0	1.42	6.01	0.01
path	6	0.342	0.461	0.314	0.298	AT3G26790	22.89	24.0	1.11	6.94	0.011
path	6	0.342	0.461	0.314	0.298	AT5G16820	40.9	44.0	3.1	9.39	0.011
path	6	0.342	0.461	1.125	0.376	AT3G60490	43.27	46.0	2.73	9.62	0.011
path	6	0.342	0.461	1.125	0.376	AT4G37180	33.62	36.0	2.38	8.59	0.011
path	6	0.342	0.461	0.314	0.298	AT4G01550	42.72	45.0	2.28	9.38	0.012
path	6	0.342	0.461	1.125	0.376	AT2G35700	48.79	52.0	3.21	10.14	0.012
path	6	0.342	0.461	1.125	0.376	AT3G28910	23.81	25.0	1.19	7.06	0.012
path	6	0.342	0.461	0.314	0.298	AT2G01818	17.88	19.0	1.12	5.96	0.013
path	6	0.342	0.461	0.314	0.298	AT5G64060	48.33	51.0	2.67	9.87	0.013
path	6	0.342	0.461	1.125	0.376	AT1G55110	35.83	38.0	2.17	8.6	0.013
path	6	0.342	0.461	1.125	0.376	AT5G56840	44.24	48.0	3.76	9.63	0.013
path	6	-0.762	0.786	-0.098	0.48	AT1G74650	20.65	22.0	1.35	5.9	0.014
path	6	0.342	0.461	0.314	0.298	AT1G30650	48.63	52.0	3.37	9.86	0.014
path	6	0.342	0.461	0.314	0.298	AT2G18380	34.71	37.0	2.29	8.41	0.014
path	6	0.342	0.461	1.125	0.376	AT1G33240	52.09	55.0	2.91	10.15	0.014
path	6	-0.762	0.786	-0.098	0.48	AT2G40260	18.96	20.0	1.04	5.57	0.015
path	6	-0.762	0.786	-0.098	0.48	AT5G45580	18.61	20.0	1.39	5.57	0.015
path	6	0.342	0.461	1.125	0.376	AT1G68670	15.9	17.0	1.1	5.54	0.015
path	6	0.342	0.461	1.125	0.376	AT3G61250	16.33	17.0	0.67	5.54	0.015
path	6	0.342	0.461	0.314	0.298	AT1G02250	41.82	44.0	2.18	8.88	0.016
path	6	0.342	0.461	0.314	0.298	AT1G23810	5.7	6.0	0.3	2.99	0.016
path	6	-0.762	0.786	-0.098	0.48	AT3G61150	14.96	16.0	1.04	4.9	0.017
path	6	0.342	0.461	1.125	0.376	AT5G65130	26.33	28.0	1.67	7.07	0.017
path	6	0.342	0.461	1.125	0.376	AT1G72360	7.66	8.0	0.34	3.51	0.018
path	6	0.342	0.461	1.125	0.376	AT1G77200	57.42	61.0	3.58	10.17	0.018
path	6	0.342	0.461	1.125	0.376	AT5G61620	38.45	42.0	3.55	8.61	0.018
path	6	0.342	0.461	1.125	0.376	AT1G30490	35.99	38.0	2.01	8.1	0.019
path	6	0.342	0.461	1.125	0.376	AT3G16280	40.44	43.0	2.56	8.61	0.019
path	6	-0.762	0.786	-1.214	0.624	AT5G61600	10.64	11.0	0.36	4.33	0.02
path	6	0.342	0.461	0.314	0.298	AT3G09735	39.18	42.0	2.82	8.39	0.02
path	6	0.342	0.461	0.314	0.298	AT5G24110	39.54	42.0	2.46	8.39	0.02
path	6	0.342	0.461	1.125	0.376	AT1G52150	37.05	39.0	1.95	8.1	0.02
path	6	0.342	0.461	0.314	0.298	AT1G29280	57.32	61.0	3.68	9.83	0.021
path	6	0.342	0.461	0.314	0.298	AT3G21890	45.66	48.0	2.34	8.87	0.021
path	6	0.342	0.461	1.125	0.376	AT1G25550	20.42	22.0	1.58	6.05	0.021
path	6	0.342	0.461	1.125	0.376	AT5G45580	42.79	46.0	3.21	8.62	0.022
path	6	-0.762	0.786	-0.098	0.48	AT1G24250	8.4	9.0	0.6	3.45	0.023
path	6	-0.762	0.786	-0.098	0.48	AT5G61620	17.47	19.0	1.53	5.12	0.023
path	6	0.342	0.461	0.314	0.298	AT1G20910	32.25	34.0	1.75	7.41	0.023
path	6	0.342	0.461	1.125	0.376	AT4G16750	56.17	60.0	3.83	9.67	0.023
path	6	0.342	0.461	1.125	0.376	AT5G63090	17.81	19.0	1.19	5.54	0.023
path	6	-0.762	0.786	-0.098	0.48	AT3G24120	22.5	24.0	1.5	5.68	0.024
path	6	0.342	0.461	0.314	0.298	AT2G46130	14.91	16.0	1.09	4.96	0.025
path	6	0.342	0.461	1.125	0.376	AT1G70920	39.99	42.0	2.01	8.11	0.025
path	6	0.342	0.461	1.125	0.376	AT2G33710	44.53	48.0	3.47	8.63	0.025
path	6	-0.762	0.786	-0.098	0.48	AT1G74840	13.81	15.0	1.19	4.45	0.026
path	6	0.342	0.461	1.125	0.376	AT1G78700	52.1	56.0	3.9	9.15	0.026
path	6	0.342	0.461	0.314	0.298	AT1G69490	33.3	36.0	2.7	7.41	0.027
path	6	0.342	0.461	0.314	0.298	AT3G42860	25.24	27.0	1.76	6.43	0.027
path	6	0.342	0.461	1.125	0.376	AT1G03840	26.17	28.0	1.83	6.57	0.027
path	6	0.342	0.461	1.125	0.376	AT2G02070	35.92	38.0	2.08	7.6	0.027
path	6	0.342	0.461	1.125	0.376	AT5G23930	46.45	50.0	3.55	8.64	0.027
path	6	-0.762	0.786	-0.098	0.48	AT1G13260	5.6	6.0	0.4	2.67	0.028
path	6	-0.762	0.786	-1.214	0.624	AT1G31140	13.2	14.0	0.8	4.66	0.028
path	6	0.342	0.461	0.314	0.298	AT3G49530	45.58	48.0	2.42	8.37	0.029
path	6	-0.762	0.786	-1.214	0.624	AT2G42430	14.13	15.0	0.87	4.77	0.03
path	6	0.342	0.461	0.314	0.298	AT4G17980	52.84	56.0	3.16	8.85	0.03
path	6	0.342	0.461	0.314	0.298	AT5G46350	26.16	28.0	1.84	6.43	0.03
path	6	-0.762	0.786	-1.214	0.624	AT3G11440	14.99	16.0	1.01	4.88	0.031
path	6	0.342	0.461	0.314	0.298	AT1G19040	13.33	14.0	0.67	4.47	0.031
path	6	0.342	0.461	0.314	0.298	AT3G50410	35.94	38.0	2.06	7.4	0.031
path	6	0.342	0.461	1.125	0.376	AT3G60580	23.71	25.0	1.29	6.06	0.031
path	6	0.342	0.461	1.125	0.376	AT4G25490	57.39	61.0	3.61	9.17	0.031
path	6	0.342	0.461	1.125	0.376	AT5G13910	8.54	9.0	0.46	3.52	0.031
path	6	0.342	0.461	1.125	0.376	AT1G32150	57.35	62.0	4.65	9.17	0.032
path	6	-0.762	0.786	-0.098	0.48	AT1G69780	16.86	18.0	1.14	4.68	0.033
path	6	0.342	0.461	0.314	0.298	AT2G03340	19.82	21.0	1.18	5.45	0.033
path	6	0.342	0.461	0.314	0.298	AT4G11660	26.82	29.0	2.18	6.43	0.033
path	6	0.342	0.461	0.314	0.298	AT5G02460	55.59	59.0	3.41	8.84	0.034
path	6	0.342	0.461	1.125	0.376	AT4G32800	20.89	22.0	1.11	5.55	0.034
path	6	-0.762	0.786	-1.214	0.624	AT1G25580	9.52	10.0	0.48	3.77	0.035
path	6	0.342	0.461	0.314	0.298	AT3G28920	56.74	60.0	3.26	8.83	0.035
path	6	0.342	0.461	1.125	0.376	AT1G18570	11.49	12.0	0.51	4.03	0.035
path	6	0.342	0.461	1.125	0.376	AT1G50640	45.67	49.0	3.33	8.13	0.035
path	6	-0.762	0.786	-0.098	0.48	AT1G08320	24.37	26.0	1.63	5.46	0.036
path	6	-0.762	0.786	-0.098	0.48	AT5G47370	14.84	16.0	1.16	4.34	0.036
path	6	-0.762	0.786	-0.098	0.48	AT5G47390	14.65	16.0	1.35	4.34	0.036
path	6	0.342	0.461	1.125	0.376	AT3G50260	62.52	67.0	4.48	9.19	0.036
path	6	0.342	0.461	1.125	0.376	AT4G01680	34.99	37.0	2.01	7.1	0.036
path	6	0.342	0.461	1.125	0.376	AT4G31060	46.72	50.0	3.28	8.14	0.036
path	6	0.342	0.461	1.125	0.376	AT1G53170	63.0	68.0	5.0	9.19	0.037
path	6	0.342	0.461	0.314	0.298	AT2G28810	51.91	55.0	3.09	8.35	0.038
path	6	0.342	0.461	0.314	0.298	AT5G25830	20.6	22.0	1.4	5.45	0.038
path	6	0.342	0.461	0.314	0.298	AT5G63260	51.88	55.0	3.12	8.35	0.038
path	6	-0.762	0.786	-1.214	0.624	AT3G23220	10.58	11.0	0.42	3.88	0.039
path	6	0.342	0.461	1.125	0.376	AT3G24120	49.53	53.0	3.47	8.15	0.04
path	6	0.342	0.461	1.125	0.376	AT5G66700	66.93	71.0	4.07	9.2	0.04
path	6	-0.762	0.786	-0.098	0.48	AT2G06200	9.44	10.0	0.56	3.34	0.041
path	6	-0.762	0.786	-1.214	0.624	AT3G01970	10.9	12.0	1.1	3.99	0.043
path	6	0.342	0.461	1.125	0.376	AT2G42430	38.49	41.0	2.51	7.11	0.044
path	6	0.342	0.461	0.314	0.298	AT5G09410	36.24	39.0	2.76	6.89	0.045
path	6	-0.762	0.786	-0.098	0.48	AT5G08520	20.5	22.0	1.5	4.79	0.046
path	6	-0.762	0.786	-1.214	0.624	AT2G32460	13.17	14.0	0.83	4.21	0.048
path	6	0.342	0.461	1.125	0.376	AT3G04030	40.06	43.0	2.94	7.12	0.048
path	6	-0.762	0.786	-0.098	0.48	AT3G12250	26.29	28.0	1.71	5.24	0.049
path	6	0.342	0.461	1.125	0.376	AT3G50700	16.09	17.0	0.91	4.54	0.049
path	6	0.342	0.461	0.314	0.298	AT1G32870	45.16	48.0	2.84	7.37	0.05
path	6	0.342	0.461	0.314	0.298	AT4G01250	32.35	35.0	2.65	6.41	0.05
path	6	0.342	0.461	1.125	0.376	AT5G51990	58.35	62.0	3.65	8.18	0.051
path	6	-0.762	0.786	-1.214	0.624	AT1G28160	19.81	21.0	1.19	4.98	0.052
path	6	0.342	0.461	1.125	0.376	AT1G21910	7.49	8.0	0.51	3.02	0.052
path	6	-0.762	0.786	-0.098	0.48	AT5G58900	13.88	15.0	1.12	3.9	0.053
path	6	-0.762	0.786	-0.098	0.48	AT4G36780	30.34	32.0	1.66	5.36	0.056
path	6	-0.762	0.786	-0.098	0.48	AT5G65310	21.43	23.0	1.57	4.68	0.056
path	6	0.342	0.461	1.125	0.376	AT5G08520	36.53	40.0	3.47	6.61	0.056
path	6	0.342	0.461	1.125	0.376	AT1G06280	62.49	67.0	4.51	8.19	0.057
path	6	0.342	0.461	0.314	0.298	AT1G25340	35.94	38.0	2.06	6.4	0.058
path	6	0.342	0.461	1.125	0.376	AT1G72010	21.48	23.0	1.52	5.06	0.058
path	6	0.342	0.461	1.125	0.376	AT5G08330	26.31	28.0	1.69	5.57	0.058
path	6	0.342	0.461	1.125	0.376	AT4G25470	55.66	59.0	3.34	7.67	0.06
path	6	0.342	0.461	1.125	0.376	AT5G15830	54.63	59.0	4.37	7.67	0.06
path	6	0.342	0.461	1.125	0.376	AT5G25390	3.71	4.0	0.29	2.01	0.061
path	6	0.342	0.461	0.314	0.298	AT5G66940	51.93	55.0	3.07	7.34	0.063
path	6	0.342	0.461	1.125	0.376	AT4G32730	55.87	61.0	5.13	7.68	0.063
path	6	-0.762	0.786	-0.098	0.48	AT3G28910	6.48	7.0	0.52	2.56	0.064
path	6	0.342	0.461	1.125	0.376	AT3G12730	33.65	36.0	2.35	6.1	0.064
path	6	-0.762	0.786	-1.214	0.624	AT5G62000	9.32	10.0	0.68	3.33	0.065
path	6	-0.762	0.786	-0.098	0.48	AT4G00730	14.93	16.0	1.07	3.79	0.067
path	6	0.342	0.461	0.314	0.298	AT5G22990	45.48	49.0	3.52	6.86	0.067
path	6	0.342	0.461	0.314	0.298	AT4G29230	32.99	35.0	2.01	5.9	0.068
path	6	0.342	0.461	1.125	0.376	AT4G36780	50.16	54.0	3.84	7.15	0.068
path	6	-0.762	0.786	-1.214	0.624	AT5G23930	21.77	23.0	1.23	4.76	0.071
path	6	0.342	0.461	0.314	0.298	AT1G26960	40.29	43.0	2.71	6.38	0.071
path	6	0.342	0.461	0.314	0.298	AT3G24050	18.91	20.0	1.09	4.45	0.072
path	6	0.342	0.461	1.125	0.376	AT5G04390	24.37	26.0	1.63	5.07	0.072
path	6	-0.762	0.786	-0.098	0.48	AT1G78700	29.31	31.0	1.69	4.91	0.073
path	6	-0.762	0.786	-1.214	0.624	AT1G75490	12.26	13.0	0.74	3.66	0.074
path	6	0.342	0.461	0.314	0.298	AT4G01540	58.32	62.0	3.68	7.32	0.074
path	6	0.342	0.461	1.125	0.376	AT3G62420	53.46	58.0	4.54	7.17	0.074
path	6	-0.762	0.786	-1.214	0.624	AT4G23550	12.88	14.0	1.12	3.77	0.075
path	6	-0.762	0.786	-1.214	0.624	AT5G65130	13.42	14.0	0.58	3.77	0.075
path	6	0.342	0.461	1.125	0.376	AT1G12610	31.16	33.0	1.84	5.59	0.075
path	6	-0.762	0.786	-0.098	0.48	AT3G16280	12.9	14.0	1.1	3.45	0.076
path	6	-0.762	0.786	-1.214	0.624	AT1G29280	14.73	16.0	1.27	3.99	0.076
path	6	-0.762	0.786	-1.214	0.624	AT3G53200	14.07	15.0	0.93	3.88	0.076
path	6	0.342	0.461	0.314	0.298	AT3G01530	42.16	45.0	2.84	6.37	0.076
path	6	0.342	0.461	0.314	0.298	AT1G08320	50.21	54.0	3.79	6.85	0.077
path	6	0.342	0.461	1.125	0.376	AT3G58630	12.23	13.0	0.77	3.53	0.078
path	6	0.342	0.461	1.125	0.376	AT5G64750	47.31	51.0	3.69	6.65	0.079
path	6	-0.762	0.786	-1.214	0.624	AT1G08010	5.46	6.0	0.54	2.44	0.08
path	6	-0.762	0.786	-1.214	0.624	AT3G57600	5.85	6.0	0.15	2.44	0.08
path	6	-0.762	0.786	-1.214	0.624	AT4G31550	5.67	6.0	0.33	2.44	0.08
path	6	-0.762	0.786	-1.214	0.624	AT1G53170	26.27	28.0	1.73	4.86	0.084
path	6	0.342	0.461	0.314	0.298	AT3G53200	38.3	41.0	2.7	5.88	0.085
path	6	-0.762	0.786	-0.098	0.48	AT5G56840	18.37	20.0	1.63	3.9	0.086
path	6	0.342	0.461	0.314	0.298	AT2G15740	31.54	34.0	2.46	5.41	0.086
path	6	0.342	0.461	1.125	0.376	AT3G56850	50.65	55.0	4.35	6.66	0.086
path	6	-0.762	0.786	-1.214	0.624	AT1G65620	2.87	3.0	0.13	1.67	0.087
path	6	0.342	0.461	1.125	0.376	AT1G65620	6.61	7.0	0.39	2.51	0.087
path	6	0.342	0.461	1.125	0.376	AT3G51470	6.67	7.0	0.33	2.51	0.087
path	6	0.342	0.461	1.125	0.376	AT3G57230	6.64	7.0	0.36	2.51	0.087
path	6	0.342	0.461	1.125	0.376	AT4G18450	6.55	7.0	0.45	2.51	0.087
path	6	0.342	0.461	0.314	0.298	AT5G43840	9.35	10.0	0.65	2.98	0.089
path	6	-0.762	0.786	-0.098	0.48	AT1G69010	31.31	33.0	1.69	4.69	0.091
path	6	-0.762	0.786	-1.214	0.624	AT3G23250	6.85	7.0	0.15	2.55	0.091
path	6	0.342	0.461	1.125	0.376	AT1G03800	53.85	58.0	4.15	6.67	0.091
path	6	-0.762	0.786	-0.098	0.48	AT1G51700	9.03	10.0	0.97	2.78	0.093
path	6	-0.762	0.786	-0.098	0.48	AT1G14687	13.75	15.0	1.25	3.34	0.094
path	6	-0.762	0.786	-0.098	0.48	AT3G45610	13.67	15.0	1.33	3.34	0.094
path	6	0.342	0.461	1.125	0.376	AT2G44840	37.96	41.0	3.04	5.62	0.098
path	6	-0.762	0.786	-0.098	0.48	AT3G01220	16.78	18.0	1.22	3.57	0.099
path	6	0.342	0.461	1.125	0.376	AT1G49560	30.55	33.0	2.45	5.09	0.099
path	6	-0.762	0.786	-0.098	0.48	AT1G68670	7.52	8.0	0.48	2.45	0.1
path	6	-0.762	0.786	-0.098	0.48	AT2G42200	19.77	21.0	1.23	3.79	0.1
path	6	0.342	0.461	1.125	0.376	AT5G03790	48.9	52.0	3.1	6.15	0.1
path	6	-0.762	0.786	-1.214	0.624	AT4G06746	8.46	9.0	0.54	2.77	0.104
path	6	0.342	0.461	0.314	0.298	AT3G60530	10.33	11.0	0.67	2.97	0.104
path	6	0.342	0.461	1.125	0.376	AT5G47390	31.87	35.0	3.13	5.1	0.105
path	6	0.342	0.461	0.314	0.298	AT2G46590	45.79	49.0	3.21	5.86	0.106
path	6	0.342	0.461	1.125	0.376	AT2G35530	50.4	55.0	4.6	6.16	0.106
path	6	-0.762	0.786	-0.098	0.48	AT3G06740	12.26	13.0	0.74	3.01	0.107
path	6	-0.762	0.786	-0.098	0.48	AT5G10030	26.25	28.0	1.75	4.13	0.108
path	6	-0.762	0.786	-1.214	0.624	AT1G19790	9.56	10.0	0.44	2.88	0.108
path	6	-0.762	0.786	-1.214	0.624	AT3G06490	9.58	10.0	0.42	2.88	0.108
path	6	-0.762	0.786	-1.214	0.624	AT2G45420	14.89	16.0	1.11	3.54	0.109
path	6	-0.762	0.786	-1.214	0.624	AT3G08500	15.23	16.0	0.77	3.54	0.109
path	6	-0.762	0.786	-1.214	0.624	AT4G37260	14.97	16.0	1.03	3.54	0.109
path	6	0.342	0.461	0.314	0.298	AT5G62940	38.51	41.0	2.49	5.38	0.109
path	6	0.342	0.461	1.125	0.376	AT1G13300	7.57	8.0	0.43	2.52	0.109
path	6	-0.762	0.786	-1.214	0.624	AT1G29860	9.9	11.0	1.1	2.99	0.11
path	6	0.342	0.461	1.125	0.376	AT1G12260	43.44	46.0	2.56	5.63	0.11
path	6	-0.762	0.786	-1.214	0.624	AT2G45410	12.98	14.0	1.02	3.32	0.111
path	6	-0.762	0.786	-1.214	0.624	AT5G06100	11.06	12.0	0.94	3.1	0.111
path	6	0.342	0.461	1.125	0.376	AT1G69180	34.63	37.0	2.37	5.11	0.112
path	6	0.342	0.461	1.125	0.376	AT2G02080	34.55	37.0	2.45	5.11	0.112
path	6	0.342	0.461	1.125	0.376	AT2G30340	34.57	37.0	2.43	5.11	0.112
path	6	0.342	0.461	1.125	0.376	AT3G11020	34.94	37.0	2.06	5.11	0.112
path	6	0.342	0.461	0.314	0.298	AT2G15660	7.55	8.0	0.45	2.48	0.113
path	6	0.342	0.461	0.314	0.298	AT2G33810	7.5	8.0	0.5	2.48	0.113
path	6	0.342	0.461	1.125	0.376	AT1G14580	11.23	12.0	0.77	3.03	0.113
path	6	0.342	0.461	1.125	0.376	AT1G77640	11.38	12.0	0.62	3.03	0.113
path	6	-0.762	0.786	-0.098	0.48	AT4G01540	17.42	19.0	1.58	3.46	0.115
path	6	-0.762	0.786	-0.098	0.48	AT5G29000	17.93	19.0	1.07	3.46	0.115
path	6	0.342	0.461	1.125	0.376	AT1G09540	45.31	48.0	2.69	5.64	0.115
path	6	0.342	0.461	1.125	0.376	AT1G74650	44.89	48.0	3.11	5.64	0.115
path	6	0.342	0.461	1.125	0.376	AT2G45420	44.79	48.0	3.21	5.64	0.115
path	6	0.342	0.461	1.125	0.376	AT2G46680	35.82	38.0	2.18	5.11	0.115
path	6	0.342	0.461	1.125	0.376	AT2G18160	44.99	49.0	4.01	5.64	0.117
path	6	0.342	0.461	0.314	0.298	AT1G34370	11.27	12.0	0.73	2.97	0.118
path	6	0.342	0.461	0.314	0.298	AT3G22830	33.27	36.0	2.73	4.9	0.119
path	6	0.342	0.461	0.314	0.298	AT1G14687	42.1	45.0	2.9	5.37	0.12
path	6	-0.762	0.786	-0.098	0.48	AT3G26790	10.52	11.0	0.48	2.67	0.121
path	6	0.342	0.461	0.314	0.298	AT3G52440	52.6	56.0	3.4	5.84	0.121
path	6	0.342	0.461	1.125	0.376	AT3G12910	2.86	3.0	0.14	1.5	0.123
path	6	0.342	0.461	1.125	0.376	AT4G10350	38.44	41.0	2.56	5.12	0.123
path	6	-0.762	0.786	-1.214	0.624	AT3G24050	3.62	4.0	0.38	1.78	0.124
path	6	-0.762	0.786	-1.214	0.624	AT3G57230	3.88	4.0	0.12	1.78	0.124
path	6	0.342	0.461	0.314	0.298	AT4G36620	2.91	3.0	0.09	1.5	0.126
path	6	0.342	0.461	0.314	0.298	AT5G18090	2.91	3.0	0.09	1.5	0.126
path	6	0.342	0.461	0.314	0.298	AT4G38170	44.79	48.0	3.21	5.36	0.128
path	6	0.342	0.461	1.125	0.376	AT3G45150	8.49	9.0	0.51	2.52	0.128
path	6	0.342	0.461	1.125	0.376	AT5G67190	51.36	55.0	3.64	5.66	0.128
path	6	-0.762	0.786	-0.098	0.48	AT5G03790	18.66	20.0	1.34	3.35	0.131
path	6	0.342	0.461	1.125	0.376	AT1G36060	32.06	34.0	1.94	4.6	0.131
path	6	-0.762	0.786	-0.098	0.48	AT1G69570	15.69	17.0	1.31	3.12	0.132
path	6	-0.762	0.786	-0.098	0.48	AT3G04030	15.73	17.0	1.27	3.12	0.132
path	6	0.342	0.461	1.125	0.376	AT3G23240	23.92	26.0	2.08	4.07	0.132
path	6	0.342	0.461	0.314	0.298	AT2G41690	8.39	9.0	0.61	2.48	0.133
path	6	0.342	0.461	0.314	0.298	AT4G00730	37.51	40.0	2.49	4.88	0.133
path	6	0.342	0.461	0.314	0.298	AT5G07680	8.45	9.0	0.55	2.48	0.133
path	6	0.342	0.461	1.125	0.376	AT1G32240	13.37	14.0	0.63	3.04	0.135
path	6	-0.762	0.786	-0.098	0.48	AT1G25550	8.32	9.0	0.68	2.34	0.136
path	6	0.342	0.461	0.314	0.298	AT5G67580	23.11	25.0	1.89	3.93	0.136
path	6	0.342	0.461	1.125	0.376	AT1G45249	24.66	27.0	2.34	4.08	0.136
path	6	-0.762	0.786	-1.214	0.624	AT1G28370	18.7	20.0	1.3	3.54	0.137
path	6	0.342	0.461	0.314	0.298	AT1G64620	48.84	52.0	3.16	5.35	0.137
path	6	0.342	0.461	1.125	0.376	AT3G57600	5.57	6.0	0.43	2.01	0.141
path	6	0.342	0.461	1.125	0.376	AT4G04450	5.55	6.0	0.45	2.01	0.141
path	6	-0.762	0.786	-1.214	0.624	AT5G67190	16.74	18.0	1.26	3.32	0.144
path	6	0.342	0.461	0.314	0.298	AT1G51600	5.78	6.0	0.22	1.99	0.145
path	6	0.342	0.461	1.125	0.376	AT1G69690	9.37	10.0	0.63	2.52	0.145
path	6	0.342	0.461	1.125	0.376	AT1G79180	27.45	29.0	1.55	4.08	0.145
path	6	0.342	0.461	1.125	0.376	AT2G01060	27.13	29.0	1.87	4.08	0.145
path	6	0.342	0.461	1.125	0.376	AT4G34410	47.27	51.0	3.73	5.15	0.146
path	6	-0.762	0.786	-1.214	0.624	AT2G38340	15.79	17.0	1.21	3.21	0.147
path	6	0.342	0.461	0.314	0.298	AT1G01720	41.6	45.0	3.4	4.87	0.147
path	6	0.342	0.461	0.314	0.298	AT1G69570	41.94	45.0	3.06	4.87	0.147
path	6	0.342	0.461	1.125	0.376	AT5G29000	27.52	30.0	2.48	4.09	0.149
path	6	-0.762	0.786	-0.098	0.48	AT1G02230	16.88	18.0	1.12	3.01	0.15
path	6	-0.762	0.786	-0.098	0.48	AT1G12630	16.49	18.0	1.51	3.01	0.15
path	6	-0.762	0.786	-0.098	0.48	AT5G06839	16.63	18.0	1.37	3.01	0.15
path	6	0.342	0.461	1.125	0.376	AT1G69010	49.1	53.0	3.9	5.16	0.15
path	6	-0.762	0.786	-0.098	0.48	AT2G03500	14.0	15.0	1.0	2.79	0.151
path	6	0.342	0.461	0.314	0.298	AT2G17950	9.39	10.0	0.61	2.48	0.151
path	6	-0.762	0.786	-0.098	0.48	AT1G75080	6.73	7.0	0.27	2.0	0.152
path	6	-0.762	0.786	-1.214	0.624	AT2G23340	13.93	15.0	1.07	2.99	0.153
path	6	-0.762	0.786	-1.214	0.624	AT5G47230	5.69	6.0	0.31	2.0	0.153
path	6	0.342	0.461	0.314	0.298	AT1G08010	19.44	21.0	1.56	3.44	0.153
path	6	0.342	0.461	0.314	0.298	AT3G25990	14.1	15.0	0.9	2.96	0.153
path	6	0.342	0.461	0.314	0.298	AT2G18350	35.47	38.0	2.53	4.39	0.157
path	6	0.342	0.461	1.125	0.376	AT1G22810	40.1	43.0	2.9	4.63	0.157
path	6	-0.762	0.786	-1.214	0.624	AT3G03200	12.02	13.0	0.98	2.77	0.158
path	6	-0.762	0.786	-1.214	0.624	AT3G25990	6.69	7.0	0.31	2.11	0.159
path	6	0.342	0.461	1.125	0.376	AT3G23210	10.23	11.0	0.77	2.53	0.159
path	6	0.342	0.461	0.314	0.298	AT1G76420	36.18	39.0	2.82	4.39	0.16
path	6	-0.762	0.786	-1.214	0.624	AT5G18560	11.23	12.0	0.77	2.66	0.161
path	6	-0.762	0.786	-1.214	0.624	AT1G36060	10.33	11.0	0.67	2.55	0.162
path	6	-0.762	0.786	-1.214	0.624	AT3G11020	10.29	11.0	0.71	2.55	0.162
path	6	-0.762	0.786	-1.214	0.624	AT5G17800	10.18	11.0	0.82	2.55	0.162
path	6	0.342	0.461	1.125	0.376	AT2G04038	41.11	45.0	3.89	4.63	0.162
path	6	0.342	0.461	1.125	0.376	AT4G01280	41.84	45.0	3.16	4.63	0.162
path	6	-0.762	0.786	-0.098	0.48	AT3G62420	27.04	29.0	1.96	3.47	0.163
path	6	-0.762	0.786	-1.214	0.624	AT1G55110	9.25	10.0	0.75	2.44	0.163
path	6	-0.762	0.786	-1.214	0.624	AT3G12130	8.36	9.0	0.64	2.33	0.163
path	6	-0.762	0.786	-1.214	0.624	AT5G62380	9.1	10.0	0.9	2.44	0.163
path	6	-0.762	0.786	-1.214	0.624	AT5G63090	8.59	9.0	0.41	2.33	0.163
path	6	0.342	0.461	0.314	0.298	AT4G31550	10.03	11.0	0.97	2.47	0.166
path	6	-0.762	0.786	-0.098	0.48	AT2G35530	31.01	33.0	1.99	3.58	0.167
path	6	-0.762	0.786	-0.098	0.48	AT5G67450	4.76	5.0	0.24	1.67	0.167
path	6	-0.762	0.786	-0.098	0.48	AT1G09540	17.84	19.0	1.16	2.9	0.169
path	6	-0.762	0.786	-0.098	0.48	AT1G18960	2.96	3.0	0.04	1.33	0.169
path	6	-0.762	0.786	-0.098	0.48	AT1G22070	2.8	3.0	0.2	1.33	0.169
path	6	-0.762	0.786	-0.098	0.48	AT2G45680	2.79	3.0	0.21	1.33	0.169
path	6	-0.762	0.786	-0.098	0.48	AT5G09410	8.81	10.0	1.19	2.23	0.169
path	6	-0.762	0.786	-0.098	0.48	AT5G22890	2.94	3.0	0.06	1.33	0.169
path	6	0.342	0.461	0.314	0.298	AT1G31140	29.66	32.0	2.34	3.91	0.17
path	6	0.342	0.461	0.314	0.298	AT5G06100	39.27	42.0	2.73	4.38	0.17
path	6	0.342	0.461	1.125	0.376	AT3G13810	24.14	26.0	1.86	3.57	0.17
path	6	0.342	0.461	1.125	0.376	AT4G00250	23.72	26.0	2.28	3.57	0.17
path	6	-0.762	0.786	-0.098	0.48	AT3G10800	15.06	16.0	0.94	2.68	0.173
path	6	-0.762	0.786	-0.098	0.48	AT4G36740	14.63	16.0	1.37	2.68	0.173
path	6	-0.762	0.786	-0.098	0.48	AT5G05790	15.21	16.0	0.79	2.68	0.173
path	6	0.342	0.461	0.314	0.298	AT3G02990	6.49	7.0	0.51	1.98	0.173
path	6	-0.762	0.786	-0.098	0.48	AT3G44480	11.92	13.0	1.08	2.45	0.174
path	6	-0.762	0.786	-0.098	0.48	AT4G10350	11.9	13.0	1.1	2.45	0.174
path	6	0.342	0.461	1.125	0.376	AT1G18330	35.51	38.0	2.49	4.11	0.176
path	6	0.342	0.461	1.125	0.376	AT5G47370	35.32	38.0	2.68	4.11	0.176
path	6	0.342	0.461	1.125	0.376	AT5G10280	18.19	19.0	0.81	3.05	0.177
path	6	0.342	0.461	0.314	0.298	AT2G32460	31.58	34.0	2.42	3.9	0.178
path	6	0.342	0.461	1.125	0.376	AT3G11280	11.87	13.0	1.13	2.53	0.183
path	6	0.342	0.461	1.125	0.376	AT4G24470	12.23	13.0	0.77	2.53	0.183
path	6	0.342	0.461	1.125	0.376	AT2G23340	37.92	41.0	3.08	4.12	0.185
path	6	-0.762	0.786	-0.098	0.48	AT5G11260	25.19	27.0	1.81	3.13	0.186
path	6	-0.762	0.786	-0.098	0.48	AT5G56110	18.47	20.0	1.53	2.79	0.187
path	6	0.342	0.461	1.125	0.376	AT2G36270	53.49	58.0	4.51	4.68	0.187
path	6	0.342	0.461	1.125	0.376	AT4G26030	39.72	42.0	2.28	4.12	0.187
path	6	0.342	0.461	1.125	0.376	AT5G14340	7.71	8.0	0.29	2.02	0.188
path	6	0.342	0.461	1.125	0.376	AT3G12820	20.01	21.0	0.99	3.06	0.19
path	6	0.342	0.461	1.125	0.376	AT5G62470	19.71	21.0	1.29	3.06	0.19
path	6	-0.762	0.786	-1.214	0.624	AT5G25190	23.44	25.0	1.56	3.2	0.192
path	6	-0.762	0.786	-1.214	0.624	AT1G22810	16.0	17.0	1.0	2.76	0.193
path	6	-0.762	0.786	-1.214	0.624	AT2G22540	15.85	17.0	1.15	2.76	0.193
path	6	0.342	0.461	0.314	0.298	AT1G28470	48.08	51.0	2.92	4.35	0.193
path	6	-0.762	0.786	-0.098	0.48	AT5G51990	15.42	17.0	1.58	2.57	0.194
path	6	0.342	0.461	1.125	0.376	AT4G25480	59.07	63.0	3.93	4.69	0.194
path	6	0.342	0.461	1.125	0.376	AT5G62380	42.41	45.0	2.59	4.13	0.194
path	6	0.342	0.461	0.314	0.298	AT3G15270	48.49	52.0	3.51	4.34	0.195
path	6	0.342	0.461	0.314	0.298	AT5G07100	7.28	8.0	0.72	1.98	0.195
path	6	0.342	0.461	0.314	0.298	AT5G60850	48.71	52.0	3.29	4.34	0.195
path	6	-0.762	0.786	-0.098	0.48	AT2G04038	22.32	24.0	1.68	2.91	0.196
path	6	-0.762	0.786	-1.214	0.624	AT3G51080	1.9	2.0	0.1	1.11	0.197
path	6	-0.762	0.786	-1.214	0.624	AT4G37790	1.98	2.0	0.02	1.11	0.197
path	6	-0.762	0.786	-1.214	0.624	AT5G38860	1.95	2.0	0.05	1.11	0.197
path	6	-0.762	0.786	-1.214	0.624	AT2G23290	14.94	16.0	1.06	2.65	0.198
path	6	-0.762	0.786	-0.098	0.48	AT1G26960	12.84	14.0	1.16	2.34	0.199
path	6	0.342	0.461	1.125	0.376	AT3G01220	45.18	48.0	2.82	4.14	0.2
path	6	-0.762	0.786	-0.098	0.48	AT1G20910	10.25	11.0	0.75	2.12	0.201
path	6	-0.762	0.786	-0.098	0.48	AT1G70920	10.13	11.0	0.87	2.12	0.201
path	6	0.342	0.461	0.314	0.298	AT5G46590	19.88	21.0	1.12	2.94	0.201
path	6	-0.762	0.786	-1.214	0.624	AT1G52880	13.99	15.0	1.01	2.54	0.204
path	6	0.342	0.461	1.125	0.376	AT3G27010	8.37	9.0	0.63	2.02	0.206
path	6	0.342	0.461	1.125	0.376	AT5G14960	8.64	9.0	0.36	2.02	0.206
path	6	0.342	0.461	0.314	0.298	AT5G18270	39.98	43.0	3.02	3.87	0.207
path	6	-0.762	0.786	-1.214	0.624	AT4G27950	13.38	14.0	0.62	2.43	0.209
path	6	-0.762	0.786	-1.214	0.624	AT1G06280	20.44	22.0	1.56	2.87	0.21
path	6	0.342	0.461	0.314	0.298	AT5G13180	41.1	44.0	2.9	3.87	0.21
path	6	0.342	0.461	0.314	0.298	AT3G46590	8.45	9.0	0.55	1.98	0.213
path	6	-0.762	0.786	-1.214	0.624	AT1G69490	12.07	13.0	0.93	2.32	0.214
path	6	-0.762	0.786	-1.214	0.624	AT5G52830	11.94	13.0	1.06	2.32	0.214
path	6	-0.762	0.786	-0.098	0.48	AT1G18330	16.92	18.0	1.08	2.46	0.215
path	6	-0.762	0.786	-0.098	0.48	AT1G33240	16.74	18.0	1.26	2.46	0.215
path	6	-0.762	0.786	-0.098	0.48	AT5G22990	16.49	18.0	1.51	2.46	0.215
path	6	0.342	0.461	0.314	0.298	AT3G10500	43.19	46.0	2.81	3.86	0.215
path	6	0.342	0.461	1.125	0.376	AT2G31230	35.62	39.0	3.38	3.62	0.216
path	6	-0.762	0.786	-1.214	0.624	AT1G68550	19.64	21.0	1.36	2.76	0.217
path	6	0.342	0.461	0.314	0.298	AT1G65910	44.29	47.0	2.71	3.86	0.217
path	6	0.342	0.461	0.314	0.298	AT3G03200	44.16	47.0	2.84	3.86	0.217
path	6	-0.762	0.786	-1.214	0.624	AT3G17730	10.99	12.0	1.01	2.21	0.22
path	6	-0.762	0.786	-1.214	0.624	AT5G24110	11.15	12.0	0.85	2.21	0.22
path	6	0.342	0.461	1.125	0.376	AT1G63030	9.58	10.0	0.42	2.03	0.22
path	6	0.342	0.461	1.125	0.376	AT1G75080	9.38	10.0	0.62	2.03	0.22
path	6	0.342	0.461	1.125	0.376	AT5G67450	9.44	10.0	0.56	2.03	0.22
path	6	0.342	0.461	0.314	0.298	AT1G34180	46.04	49.0	2.96	3.85	0.222
path	6	-0.762	0.786	-0.098	0.48	AT3G60490	13.82	15.0	1.18	2.23	0.223
path	6	0.342	0.461	1.125	0.376	AT5G10140	4.75	5.0	0.25	1.51	0.223
path	6	-0.762	0.786	-1.214	0.624	AT1G34190	18.95	20.0	1.05	2.65	0.224
path	6	-0.762	0.786	-0.098	0.48	AT3G11280	5.51	6.0	0.49	1.56	0.225
path	6	-0.762	0.786	-0.098	0.48	AT3G61250	5.71	6.0	0.29	1.56	0.225
path	6	-0.762	0.786	-1.214	0.624	AT2G01930	10.1	11.0	0.9	2.1	0.225
path	6	-0.762	0.786	-1.214	0.624	AT4G01250	10.09	11.0	0.91	2.1	0.225
path	6	0.342	0.461	1.125	0.376	AT1G19210	59.68	64.0	4.32	4.2	0.226
path	6	0.342	0.461	1.125	0.376	AT3G10800	26.82	29.0	2.18	3.09	0.227
path	6	-0.762	0.786	-0.098	0.48	AT5G06960	11.15	12.0	0.85	2.01	0.23
path	6	-0.762	0.786	-1.214	0.624	AT1G79180	9.46	10.0	0.54	1.99	0.23
path	6	0.342	0.461	0.314	0.298	AT2G24430	34.96	38.0	3.04	3.39	0.23
path	6	-0.762	0.786	-1.214	0.624	AT4G32730	17.22	19.0	1.78	2.54	0.231
path	6	-0.762	0.786	-0.098	0.48	AT5G62470	8.44	9.0	0.56	1.78	0.233
path	6	-0.762	0.786	-1.214	0.624	AT1G13400	2.8	3.0	0.2	1.22	0.233
path	6	-0.762	0.786	-1.214	0.624	AT1G66370	2.8	3.0	0.2	1.22	0.233
path	6	-0.762	0.786	-1.214	0.624	AT3G46590	2.81	3.0	0.19	1.22	0.233
path	6	-0.762	0.786	-1.214	0.624	AT3G60530	2.77	3.0	0.23	1.22	0.233
path	6	-0.762	0.786	-1.214	0.624	AT5G14340	2.9	3.0	0.1	1.22	0.233
path	6	-0.762	0.786	-1.214	0.624	AT5G43840	2.77	3.0	0.23	1.22	0.233
path	6	0.342	0.461	0.314	0.298	AT1G68320	36.68	39.0	2.32	3.38	0.233
path	6	-0.762	0.786	-0.098	0.48	AT4G25490	17.44	19.0	1.56	2.35	0.235
path	6	-0.762	0.786	-1.214	0.624	AT1G44830	8.57	9.0	0.43	1.88	0.235
path	6	0.342	0.461	0.314	0.298	AT2G20110	37.16	40.0	2.84	3.38	0.236
path	6	0.342	0.461	1.125	0.376	AT3G06490	18.78	20.0	1.22	2.56	0.237
path	6	0.342	0.461	1.125	0.376	AT5G02840	18.79	20.0	1.21	2.56	0.237
path	6	-0.762	0.786	-1.214	0.624	AT4G31800	16.67	18.0	1.33	2.43	0.238
path	6	0.342	0.461	1.125	0.376	AT1G34670	47.21	50.0	2.79	3.65	0.239
path	6	0.342	0.461	1.125	0.376	AT2G43000	46.53	50.0	3.47	3.65	0.239
path	6	-0.762	0.786	-1.214	0.624	AT1G12610	7.36	8.0	0.64	1.77	0.24
path	6	-0.762	0.786	-1.214	0.624	AT2G26960	7.39	8.0	0.61	1.77	0.24
path	6	-0.762	0.786	-1.214	0.624	AT4G29230	7.31	8.0	0.69	1.77	0.24
path	6	-0.762	0.786	-1.214	0.624	AT5G47220	7.51	8.0	0.49	1.77	0.24
path	6	0.342	0.461	1.125	0.376	AT2G02820	47.74	52.0	4.26	3.66	0.242
path	6	0.342	0.461	1.125	0.376	AT1G49010	30.72	34.0	3.28	3.1	0.243
path	6	0.342	0.461	1.125	0.376	AT1G51220	32.02	34.0	1.98	3.1	0.243
path	6	0.342	0.461	1.125	0.376	AT3G12720	31.65	34.0	2.35	3.1	0.243
path	6	-0.762	0.786	-1.214	0.624	AT1G77640	3.79	4.0	0.21	1.33	0.244
path	6	-0.762	0.786	-1.214	0.624	AT3G51470	3.89	4.0	0.11	1.33	0.244
path	6	-0.762	0.786	-1.214	0.624	AT5G25830	3.52	4.0	0.48	1.33	0.244
path	6	-0.762	0.786	-0.098	0.48	AT1G71696	14.88	16.0	1.12	2.12	0.246
path	6	-0.762	0.786	-0.098	0.48	AT1G77200	14.45	16.0	1.55	2.12	0.246
path	6	-0.762	0.786	-1.214	0.624	AT1G06850	5.21	6.0	0.79	1.55	0.246
path	6	-0.762	0.786	-1.214	0.624	AT3G12820	5.66	6.0	0.34	1.55	0.246
path	6	-0.762	0.786	-1.214	0.624	AT3G21890	5.2	6.0	0.8	1.55	0.246
path	6	-0.762	0.786	-1.214	0.624	AT4G16750	15.67	17.0	1.33	2.32	0.246
path	6	-0.762	0.786	-1.214	0.624	AT2G01818	4.61	5.0	0.39	1.44	0.247
path	6	-0.762	0.786	-1.214	0.624	AT2G30590	4.8	5.0	0.2	1.44	0.247
path	6	-0.762	0.786	-1.214	0.624	AT2G33810	4.83	5.0	0.17	1.44	0.247
path	6	0.342	0.461	1.125	0.376	AT1G06850	33.71	36.0	2.29	3.11	0.248
path	6	0.342	0.461	1.125	0.376	AT3G30530	1.77	2.0	0.23	1.0	0.248
path	6	0.342	0.461	1.125	0.376	AT3G46070	1.91	2.0	0.09	1.0	0.248
path	6	0.342	0.461	1.125	0.376	AT4G38910	1.92	2.0	0.08	1.0	0.248
path	6	0.342	0.461	1.125	0.376	AT5G42820	1.94	2.0	0.06	1.0	0.248
path	6	0.342	0.461	1.125	0.376	AT1G76880	5.77	6.0	0.23	1.51	0.249
path	6	0.342	0.461	1.125	0.376	AT5G44160	5.54	6.0	0.46	1.51	0.249
path	6	-0.762	0.786	-1.214	0.624	AT3G15210	21.37	23.0	1.63	2.53	0.25
path	6	0.342	0.461	0.314	0.298	AT1G10720	1.86	2.0	0.14	1.0	0.251
path	6	0.342	0.461	0.314	0.298	AT1G46264	1.89	2.0	0.11	1.0	0.251
path	6	0.342	0.461	0.314	0.298	AT2G17410	1.8	2.0	0.2	1.0	0.251
path	6	0.342	0.461	0.314	0.298	AT2G39900	1.92	2.0	0.08	1.0	0.251
path	6	0.342	0.461	0.314	0.298	AT3G07220	1.91	2.0	0.09	1.0	0.251
path	6	0.342	0.461	0.314	0.298	AT3G49930	1.95	2.0	0.05	1.0	0.251
path	6	0.342	0.461	0.314	0.298	AT4G30080	1.88	2.0	0.12	1.0	0.251
path	6	0.342	0.461	0.314	0.298	AT5G58620	1.91	2.0	0.09	1.0	0.251
path	6	-0.762	0.786	-1.214	0.624	AT2G33710	14.8	16.0	1.2	2.21	0.253
path	6	-0.762	0.786	-1.214	0.624	AT4G01280	14.91	16.0	1.09	2.21	0.253
path	6	-0.762	0.786	-0.098	0.48	AT5G64750	18.41	20.0	1.59	2.24	0.254
path	6	-0.762	0.786	-0.098	0.48	AT5G63260	11.66	13.0	1.34	1.9	0.257
path	6	0.342	0.461	1.125	0.376	AT2G42200	37.15	40.0	2.85	3.12	0.258
path	6	0.342	0.461	0.314	0.298	AT1G52880	31.07	34.0	2.93	2.9	0.26
path	6	-0.762	0.786	-0.098	0.48	AT4G17785	3.69	4.0	0.31	1.22	0.261
path	6	-0.762	0.786	-0.098	0.48	AT4G28140	3.75	4.0	0.25	1.22	0.261
path	6	0.342	0.461	1.125	0.376	AT5G66300	24.44	26.0	1.56	2.58	0.264
path	6	-0.762	0.786	-0.098	0.48	AT1G47655	9.1	10.0	0.9	1.67	0.267
path	6	0.342	0.461	1.125	0.376	AT1G53230	14.32	15.0	0.68	2.04	0.268
path	6	-0.762	0.786	-1.214	0.624	AT3G23240	13.28	14.0	0.72	1.99	0.269
path	6	0.342	0.461	1.125	0.376	AT2G45680	6.52	7.0	0.48	1.52	0.269
path	6	0.342	0.461	1.125	0.376	AT3G23250	6.57	7.0	0.43	1.52	0.269
path	6	0.342	0.461	1.125	0.376	AT4G18890	6.3	7.0	0.7	1.52	0.269
path	6	0.342	0.461	0.314	0.298	AT3G55370	51.49	55.0	3.51	3.33	0.27
path	6	0.342	0.461	1.125	0.376	AT1G79580	44.0	47.0	3.0	3.14	0.271
path	6	-0.762	0.786	-0.098	0.48	AT1G34180	19.73	21.0	1.27	2.13	0.273
path	6	0.342	0.461	1.125	0.376	AT3G18400	44.76	48.0	3.24	3.15	0.273
path	6	-0.762	0.786	-0.098	0.48	AT5G06950	23.53	25.0	1.47	2.24	0.275
path	6	-0.762	0.786	-1.214	0.624	AT5G05550	18.35	20.0	1.65	2.2	0.275
path	6	0.342	0.461	0.314	0.298	AT3G26620	23.39	25.0	1.61	2.43	0.276
path	6	-0.762	0.786	-1.214	0.624	AT1G25340	12.29	13.0	0.71	1.88	0.278
path	6	-0.762	0.786	-1.214	0.624	AT1G30650	11.84	13.0	1.16	1.88	0.278
path	6	-0.762	0.786	-0.098	0.48	AT2G18350	12.92	14.0	1.08	1.79	0.283
path	6	-0.762	0.786	-0.098	0.48	AT3G22830	12.83	14.0	1.17	1.79	0.283
path	6	-0.762	0.786	-0.098	0.48	AT3G55370	12.49	14.0	1.51	1.79	0.283
path	6	-0.762	0.786	-0.098	0.48	AT4G18770	12.71	14.0	1.29	1.79	0.283
path	6	0.342	0.461	1.125	0.376	AT4G01500	7.41	8.0	0.59	1.52	0.284
path	6	-0.762	0.786	-1.214	0.624	AT1G28470	11.0	12.0	1.0	1.77	0.287
path	6	-0.762	0.786	-1.214	0.624	AT1G72740	11.3	12.0	0.7	1.77	0.287
path	6	-0.762	0.786	-1.214	0.624	AT2G30250	10.7	12.0	1.3	1.77	0.287
path	6	-0.762	0.786	-1.214	0.624	AT5G26170	10.73	12.0	1.27	1.77	0.287
path	6	0.342	0.461	1.125	0.376	AT3G04060	31.44	34.0	2.56	2.6	0.288
path	6	0.342	0.461	0.314	0.298	AT4G28500	42.58	45.0	2.42	2.86	0.29
path	6	0.342	0.461	0.314	0.298	AT1G69560	7.52	8.0	0.48	1.48	0.293
path	6	0.342	0.461	0.314	0.298	AT5G67300	7.55	8.0	0.45	1.48	0.293
path	6	0.342	0.461	1.125	0.376	AT5G47660	34.79	37.0	2.21	2.61	0.295
path	6	0.342	0.461	0.314	0.298	AT5G65410	44.82	48.0	3.18	2.85	0.296
path	6	0.342	0.461	1.125	0.376	AT4G14770	35.15	38.0	2.85	2.62	0.297
path	6	-0.762	0.786	-0.098	0.48	AT4G05100	10.35	11.0	0.65	1.56	0.298
path	6	-0.762	0.786	-1.214	0.624	AT2G31230	21.83	23.0	1.17	2.09	0.3
path	6	0.342	0.461	0.314	0.298	AT2G06200	17.69	19.0	1.31	1.94	0.305
path	6	0.342	0.461	1.125	0.376	AT1G69780	40.35	43.0	2.65	2.63	0.305
path	6	-0.762	0.786	-0.098	0.48	AT1G74370	1.97	2.0	0.03	0.89	0.307
path	6	-0.762	0.786	-0.098	0.48	AT1G80840	1.78	2.0	0.22	0.89	0.307
path	6	-0.762	0.786	-0.098	0.48	AT2G20400	14.03	15.0	0.97	1.68	0.307
path	6	-0.762	0.786	-0.098	0.48	AT3G02150	1.87	2.0	0.13	0.89	0.307
path	6	-0.762	0.786	-0.098	0.48	AT4G25470	13.55	15.0	1.45	1.68	0.307
path	6	-0.762	0.786	-0.098	0.48	AT4G27900	1.91	2.0	0.09	0.89	0.307
path	6	-0.762	0.786	-0.098	0.48	AT4G30080	1.95	2.0	0.05	0.89	0.307
path	6	-0.762	0.786	-0.098	0.48	AT5G42820	1.97	2.0	0.03	0.89	0.307
path	6	0.342	0.461	0.314	0.298	AT2G47070	31.51	34.0	2.49	2.4	0.307
path	6	0.342	0.461	1.125	0.376	AT1G43700	9.26	10.0	0.74	1.53	0.307
path	6	0.342	0.461	1.125	0.376	AT1G54330	41.34	44.0	2.66	2.64	0.307
path	6	0.342	0.461	1.125	0.376	AT5G39820	9.38	10.0	0.62	1.53	0.307
path	6	0.342	0.461	1.125	0.376	AT1G76870	2.81	3.0	0.19	1.01	0.309
path	6	0.342	0.461	1.125	0.376	AT2G38880	2.89	3.0	0.11	1.01	0.309
path	6	0.342	0.461	1.125	0.376	AT3G22780	2.88	3.0	0.12	1.01	0.309
path	6	0.342	0.461	1.125	0.376	AT3G61120	2.83	3.0	0.17	1.01	0.309
path	6	0.342	0.461	1.125	0.376	AT4G24020	2.77	3.0	0.23	1.01	0.309
path	6	-0.762	0.786	-0.098	0.48	AT3G50410	7.12	8.0	0.88	1.34	0.312
path	6	-0.762	0.786	-0.098	0.48	AT3G60580	7.44	8.0	0.56	1.34	0.312
path	6	0.342	0.461	0.314	0.298	AT3G47500	33.38	36.0	2.62	2.39	0.312
path	6	-0.762	0.786	-1.214	0.624	AT5G13080	14.67	16.0	1.33	1.76	0.313
path	6	0.342	0.461	1.125	0.376	AT5G06950	44.59	48.0	3.41	2.65	0.313
path	6	0.342	0.461	0.314	0.298	AT5G38860	2.86	3.0	0.14	0.99	0.314
path	6	-0.762	0.786	-1.214	0.624	AT2G22430	8.15	9.0	0.85	1.44	0.316
path	6	0.342	0.461	1.125	0.376	AT2G38340	48.5	52.0	3.5	2.66	0.317
path	6	0.342	0.461	1.125	0.376	AT1G74480	24.72	27.0	2.28	2.08	0.32
path	6	-0.762	0.786	-1.214	0.624	AT3G20310	24.36	26.0	1.64	1.97	0.322
path	6	-0.762	0.786	-1.214	0.624	AT3G10500	14.03	15.0	0.97	1.65	0.324
path	6	-0.762	0.786	-0.098	0.48	AT1G30490	11.13	12.0	0.87	1.45	0.326
path	6	-0.762	0.786	-0.098	0.48	AT1G49560	10.94	12.0	1.06	1.45	0.326
path	6	-0.762	0.786	-0.098	0.48	AT3G12730	10.98	12.0	1.02	1.45	0.326
path	6	-0.762	0.786	-1.214	0.624	AT3G23210	7.73	8.0	0.27	1.33	0.327
path	6	-0.762	0.786	-1.214	0.624	AT5G46350	7.37	8.0	0.63	1.33	0.327
path	6	-0.762	0.786	-0.098	0.48	AT2G43000	14.5	16.0	1.5	1.57	0.33
path	6	-0.762	0.786	-0.098	0.48	AT5G16820	14.67	16.0	1.33	1.57	0.33
path	6	0.342	0.461	0.314	0.298	AT5G65210	40.71	44.0	3.29	2.36	0.33
path	6	0.342	0.461	1.125	0.376	AT5G03150	12.1	13.0	0.9	1.54	0.33
path	6	-0.762	0.786	-1.214	0.624	AT3G50260	18.45	20.0	1.55	1.76	0.331
path	6	-0.762	0.786	-1.214	0.624	AT1G62300	12.99	14.0	1.01	1.54	0.335
path	6	-0.762	0.786	-1.214	0.624	AT1G68320	13.2	14.0	0.8	1.54	0.335
path	6	-0.762	0.786	-1.214	0.624	AT2G23320	12.68	14.0	1.32	1.54	0.335
path	6	0.342	0.461	1.125	0.376	AT3G01470	13.21	14.0	0.79	1.54	0.336
path	6	-0.762	0.786	-1.214	0.624	AT1G04880	6.54	7.0	0.46	1.22	0.338
path	6	0.342	0.461	0.314	0.298	AT1G72740	25.97	28.0	2.03	1.91	0.341
path	6	-0.762	0.786	-0.098	0.48	AT3G56850	23.12	25.0	1.88	1.69	0.344
path	6	0.342	0.461	1.125	0.376	AT3G20770	14.0	16.0	2.0	1.55	0.345
path	6	0.342	0.461	0.314	0.298	AT4G17460	3.84	4.0	0.16	0.99	0.346
path	6	0.342	0.461	0.314	0.298	AT5G52170	3.83	4.0	0.17	0.99	0.346
path	6	-0.762	0.786	-0.098	0.48	AT3G26620	8.31	9.0	0.69	1.23	0.347
path	6	0.342	0.461	0.314	0.298	AT2G28920	13.11	14.0	0.89	1.46	0.348
path	6	0.342	0.461	1.125	0.376	AT3G30210	15.95	17.0	1.05	1.55	0.349
path	6	-0.762	0.786	-1.214	0.624	AT1G75390	5.69	6.0	0.31	1.11	0.351
path	6	-0.762	0.786	-1.214	0.624	AT2G46130	5.62	6.0	0.38	1.11	0.351
path	6	0.342	0.461	0.314	0.298	AT1G47655	29.91	32.0	2.09	1.9	0.352
path	6	-0.762	0.786	-1.214	0.624	AT2G44840	16.95	18.0	1.05	1.54	0.353
path	6	0.342	0.461	0.314	0.298	AT5G56110	55.43	59.0	3.57	2.31	0.353
path	6	0.342	0.461	1.125	0.376	AT1G76890	47.09	50.0	2.91	2.16	0.356
path	6	0.342	0.461	1.125	0.376	AT5G53950	17.65	19.0	1.35	1.56	0.357
path	6	-0.762	0.786	-1.214	0.624	AT1G54330	11.08	12.0	0.92	1.32	0.359
path	6	-0.762	0.786	-1.214	0.624	AT1G79580	10.96	12.0	1.04	1.32	0.359
path	6	-0.762	0.786	-1.214	0.624	AT2G02540	10.83	12.0	1.17	1.32	0.359
path	6	-0.762	0.786	-1.214	0.624	AT3G24520	10.83	12.0	1.17	1.32	0.359
path	6	0.342	0.461	1.125	0.376	AT3G20840	4.72	5.0	0.28	1.01	0.359
path	6	0.342	0.461	1.125	0.376	AT5G10030	50.96	55.0	4.04	2.17	0.36
path	6	0.342	0.461	1.125	0.376	AT3G02940	54.69	58.0	3.31	2.18	0.362
path	6	-0.762	0.786	-1.214	0.624	AT3G45150	4.82	5.0	0.18	1.0	0.364
path	6	-0.762	0.786	-1.214	0.624	AT5G08130	4.77	5.0	0.23	1.0	0.364
path	6	-0.762	0.786	-1.214	0.624	AT2G02820	20.52	22.0	1.48	1.53	0.365
path	6	0.342	0.461	0.314	0.298	AT3G61150	39.58	42.0	2.42	1.87	0.371
path	6	-0.762	0.786	-0.098	0.48	AT2G24430	16.69	18.0	1.31	1.35	0.372
path	6	-0.762	0.786	-0.098	0.48	AT4G31060	16.58	18.0	1.42	1.35	0.372
path	6	-0.762	0.786	-1.214	0.624	AT1G06180	10.44	11.0	0.56	1.21	0.372
path	6	-0.762	0.786	-1.214	0.624	AT3G10113	10.26	11.0	0.74	1.21	0.372
path	6	-0.762	0.786	-1.214	0.624	AT4G14770	10.01	11.0	0.99	1.21	0.372
path	6	0.342	0.461	1.125	0.376	AT2G45650	5.55	6.0	0.45	1.02	0.372
path	6	0.342	0.461	0.314	0.298	AT3G45610	40.91	44.0	3.09	1.86	0.375
path	6	-0.762	0.786	-0.098	0.48	AT1G75240	12.71	14.0	1.29	1.23	0.376
path	6	-0.762	0.786	-0.098	0.48	AT2G46590	12.62	14.0	1.38	1.23	0.376
path	6	0.342	0.461	1.125	0.376	AT2G26960	25.23	27.0	1.77	1.58	0.376
path	6	-0.762	0.786	-0.098	0.48	AT1G03840	9.21	10.0	0.79	1.12	0.377
path	6	-0.762	0.786	-0.098	0.48	AT2G02070	9.1	10.0	0.9	1.12	0.377
path	6	-0.762	0.786	-0.098	0.48	AT2G44940	8.9	10.0	1.1	1.12	0.377
path	6	-0.762	0.786	-1.214	0.624	AT3G01530	15.02	16.0	0.98	1.32	0.377
path	6	-0.762	0.786	-1.214	0.624	AT3G10580	15.07	16.0	0.93	1.32	0.377
path	6	0.342	0.461	1.125	0.376	AT1G06180	26.37	28.0	1.63	1.59	0.377
path	6	0.342	0.461	1.125	0.376	AT3G10113	25.88	28.0	2.12	1.59	0.377
path	6	-0.762	0.786	-1.214	0.624	AT1G14580	3.73	4.0	0.27	0.89	0.379
path	6	-0.762	0.786	-1.214	0.624	AT1G21910	3.82	4.0	0.18	0.89	0.379
path	6	-0.762	0.786	-1.214	0.624	AT5G13790	3.66	4.0	0.34	0.89	0.379
path	6	0.342	0.461	0.314	0.298	AT5G04410	44.91	48.0	3.09	1.85	0.38
path	6	-0.762	0.786	-1.214	0.624	AT5G04390	9.44	10.0	0.56	1.1	0.386
path	6	0.342	0.461	1.125	0.376	AT5G08130	7.33	8.0	0.67	1.02	0.389
path	6	0.342	0.461	0.314	0.298	AT1G80840	6.49	7.0	0.51	0.98	0.391
path	6	0.342	0.461	0.314	0.298	AT3G04070	6.39	7.0	0.61	0.98	0.391
path	6	0.342	0.461	1.125	0.376	AT5G52660	36.4	39.0	2.6	1.62	0.391
path	6	0.342	0.461	1.125	0.376	AT1G01060	37.95	41.0	3.05	1.63	0.393
path	6	0.342	0.461	1.125	0.376	AT2G46770	38.34	41.0	2.66	1.63	0.393
path	6	0.342	0.461	1.125	0.376	AT3G09600	40.79	44.0	3.21	1.64	0.395
path	6	0.342	0.461	1.125	0.376	AT4G38620	8.54	9.0	0.46	1.03	0.395
path	6	-0.762	0.786	-1.214	0.624	AT1G69690	2.78	3.0	0.22	0.78	0.397
path	6	-0.762	0.786	-1.214	0.624	AT2G03340	2.59	3.0	0.41	0.78	0.397
path	6	-0.762	0.786	-1.214	0.624	AT2G17950	2.79	3.0	0.21	0.78	0.397
path	6	-0.762	0.786	-1.214	0.624	AT3G30530	2.92	3.0	0.08	0.78	0.397
path	6	-0.762	0.786	-1.214	0.624	AT4G38620	2.84	3.0	0.16	0.78	0.397
path	6	-0.762	0.786	-1.214	0.624	AT5G44160	2.84	3.0	0.16	0.78	0.397
path	6	0.342	0.461	0.314	0.298	AT5G06960	26.02	28.0	1.98	1.41	0.397
path	6	0.342	0.461	0.314	0.298	AT5G62000	26.02	28.0	1.98	1.41	0.397
path	6	-0.762	0.786	-0.098	0.48	AT1G51220	14.14	15.0	0.86	1.12	0.398
path	6	-0.762	0.786	-0.098	0.48	AT1G76890	13.74	15.0	1.26	1.12	0.398
path	6	-0.762	0.786	-0.098	0.48	AT2G41690	2.74	3.0	0.26	0.78	0.398
path	6	-0.762	0.786	-0.098	0.48	AT3G47600	2.81	3.0	0.19	0.78	0.398
path	6	-0.762	0.786	-0.098	0.48	AT4G01680	14.13	15.0	0.87	1.12	0.398
path	6	-0.762	0.786	-0.098	0.48	AT4G14410	2.97	3.0	0.03	0.78	0.398
path	6	-0.762	0.786	-0.098	0.48	AT4G26030	14.02	15.0	0.98	1.12	0.398
path	6	-0.762	0.786	-0.098	0.48	AT4G32800	2.52	3.0	0.48	0.78	0.398
path	6	-0.762	0.786	-0.098	0.48	AT5G67300	2.81	3.0	0.19	0.78	0.398
path	6	0.342	0.461	0.314	0.298	AT5G50570	7.36	8.0	0.64	0.98	0.399
path	6	0.342	0.461	1.125	0.376	AT1G22070	9.54	10.0	0.46	1.03	0.4
path	6	0.342	0.461	1.125	0.376	AT5G22500	9.07	10.0	0.93	1.03	0.4
path	6	0.342	0.461	1.125	0.376	AT5G54230	48.92	52.0	3.08	1.67	0.4
path	6	-0.762	0.786	-1.214	0.624	AT1G34370	8.75	9.0	0.25	0.99	0.402
path	6	-0.762	0.786	-1.214	0.624	AT2G18060	8.09	9.0	0.91	0.99	0.402
path	6	-0.762	0.786	-1.214	0.624	AT4G22070	8.17	9.0	0.83	0.99	0.402
path	6	-0.762	0.786	-0.098	0.48	AT3G13810	10.2	11.0	0.8	1.01	0.404
path	6	-0.762	0.786	-0.098	0.48	AT4G11660	10.06	11.0	0.94	1.01	0.404
path	6	-0.762	0.786	-1.214	0.624	AT1G50640	12.85	14.0	1.15	1.1	0.404
path	6	-0.762	0.786	-0.098	0.48	AT1G01060	18.68	20.0	1.32	1.13	0.41
path	6	0.342	0.461	1.125	0.376	AT4G34590	12.7	14.0	1.3	1.04	0.414
path	6	-0.762	0.786	-0.098	0.48	AT5G15830	23.11	25.0	1.89	1.13	0.417
path	6	-0.762	0.786	-1.214	0.624	AT1G10720	1.95	2.0	0.05	0.67	0.417
path	6	-0.762	0.786	-1.214	0.624	AT1G27360	1.92	2.0	0.08	0.67	0.417
path	6	-0.762	0.786	-1.214	0.624	AT2G45650	1.84	2.0	0.16	0.67	0.417
path	6	-0.762	0.786	-1.214	0.624	AT5G07680	1.81	2.0	0.19	0.67	0.417
path	6	-0.762	0.786	-1.214	0.624	AT5G16600	1.96	2.0	0.04	0.67	0.417
path	6	-0.762	0.786	-1.214	0.624	AT5G25475	1.93	2.0	0.07	0.67	0.417
path	6	-0.762	0.786	-1.214	0.624	AT3G30210	7.64	8.0	0.36	0.88	0.418
path	6	-0.762	0.786	-0.098	0.48	AT5G54230	14.67	16.0	1.33	1.01	0.419
path	6	0.342	0.461	0.314	0.298	AT2G45410	40.02	43.0	2.98	1.36	0.419
path	6	0.342	0.461	1.125	0.376	AT1G19790	14.73	16.0	1.27	1.05	0.419
path	6	0.342	0.461	0.314	0.298	AT5G58850	40.99	45.0	4.01	1.36	0.421
path	6	0.342	0.461	1.125	0.376	AT1G20980	18.56	20.0	1.44	1.06	0.425
path	6	0.342	0.461	0.314	0.298	AT4G38000	47.77	51.0	3.23	1.34	0.427
path	6	0.342	0.461	1.125	0.376	AT1G24250	19.62	21.0	1.38	1.07	0.427
path	6	0.342	0.461	1.125	0.376	AT1G04880	20.68	22.0	1.32	1.07	0.428
path	6	-0.762	0.786	-0.098	0.48	AT2G28810	10.67	12.0	1.33	0.9	0.429
path	6	-0.762	0.786	-0.098	0.48	AT5G62320	11.12	12.0	0.88	0.9	0.429
path	6	0.342	0.461	0.314	0.298	AT1G76110	14.88	16.0	1.12	0.95	0.433
path	6	0.342	0.461	1.125	0.376	AT5G58900	24.4	27.0	2.6	1.09	0.433
path	6	-0.762	0.786	-1.214	0.624	AT5G18450	11.25	12.0	0.75	0.88	0.434
path	6	0.342	0.461	1.125	0.376	AT3G10580	28.31	31.0	2.69	1.1	0.435
path	6	0.342	0.461	1.125	0.376	AT3G27785	28.43	31.0	2.57	1.1	0.435
path	6	0.342	0.461	1.125	0.376	AT2G40260	30.58	33.0	2.42	1.11	0.436
path	6	-0.762	0.786	-1.214	0.624	AT5G47660	6.23	7.0	0.77	0.77	0.437
path	6	-0.762	0.786	-0.098	0.48	AT1G27730	7.34	8.0	0.66	0.78	0.439
path	6	-0.762	0.786	-0.098	0.48	AT1G74480	7.02	8.0	0.98	0.78	0.439
path	6	-0.762	0.786	-0.098	0.48	AT1G76110	7.52	8.0	0.48	0.78	0.439
path	6	0.342	0.461	1.125	0.376	AT2G18060	37.38	40.0	2.62	1.13	0.439
path	6	0.342	0.461	1.125	0.376	AT2G22540	37.67	41.0	3.33	1.13	0.44
path	6	0.342	0.461	1.125	0.376	AT1G16490	41.27	44.0	2.73	1.14	0.441
path	6	0.342	0.461	1.125	0.376	AT3G12250	44.05	48.0	3.95	1.15	0.442
path	6	-0.762	0.786	-1.214	0.624	AT3G10480	15.0	16.0	1.0	0.87	0.443
path	6	-0.762	0.786	-1.214	0.624	AT4G34410	14.71	16.0	1.29	0.87	0.443
path	6	-0.762	0.786	-1.214	0.624	AT1G30210	0.98	1.0	0.02	0.56	0.445
path	6	-0.762	0.786	-1.214	0.624	AT1G43700	0.74	1.0	0.26	0.56	0.445
path	6	-0.762	0.786	-1.214	0.624	AT1G60920	0.98	1.0	0.02	0.56	0.445
path	6	-0.762	0.786	-1.214	0.624	AT1G63040	0.98	1.0	0.02	0.56	0.445
path	6	-0.762	0.786	-1.214	0.624	AT2G17410	0.93	1.0	0.07	0.56	0.445
path	6	-0.762	0.786	-1.214	0.624	AT3G07220	0.97	1.0	0.03	0.56	0.445
path	6	-0.762	0.786	-1.214	0.624	AT3G12910	0.95	1.0	0.05	0.56	0.445
path	6	-0.762	0.786	-1.214	0.624	AT5G10140	0.91	1.0	0.09	0.56	0.445
path	6	-0.762	0.786	-0.098	0.48	AT2G36270	25.05	27.0	1.95	0.91	0.448
path	6	-0.762	0.786	-1.214	0.624	AT1G71450	18.29	20.0	1.71	0.87	0.449
path	6	-0.762	0.786	-0.098	0.48	AT1G53230	3.71	4.0	0.29	0.67	0.451
path	6	-0.762	0.786	-0.098	0.48	AT1G64620	11.64	13.0	1.36	0.79	0.451
path	6	-0.762	0.786	-0.098	0.48	AT2G33550	12.42	13.0	0.58	0.79	0.451
path	6	-0.762	0.786	-0.098	0.48	AT3G27010	3.73	4.0	0.27	0.67	0.451
path	6	-0.762	0.786	-0.098	0.48	AT3G28920	11.6	13.0	1.4	0.79	0.451
path	6	-0.762	0.786	-0.098	0.48	AT3G49530	11.96	13.0	1.04	0.79	0.451
path	6	-0.762	0.786	-0.098	0.48	AT5G66940	11.68	13.0	1.32	0.79	0.451
path	6	-0.762	0.786	-1.214	0.624	AT2G40740	9.81	11.0	1.19	0.77	0.451
path	6	-0.762	0.786	-1.214	0.624	AT5G65410	9.91	11.0	1.09	0.77	0.451
path	6	0.342	0.461	0.314	0.298	AT3G57920	23.93	26.0	2.07	0.92	0.451
path	6	0.342	0.461	0.314	0.298	AT3G06740	25.27	27.0	1.73	0.91	0.452
path	6	-0.762	0.786	-1.214	0.624	AT1G03800	22.56	24.0	1.44	0.86	0.453
path	6	-0.762	0.786	-1.214	0.624	AT1G72010	5.47	6.0	0.53	0.66	0.458
path	6	-0.762	0.786	-1.214	0.624	AT3G18400	13.88	15.0	1.12	0.76	0.458
path	6	-0.762	0.786	-1.214	0.624	AT4G36160	13.64	15.0	1.36	0.76	0.458
path	6	0.342	0.461	0.314	0.298	AT2G23290	32.93	36.0	3.07	0.88	0.461
path	6	0.342	0.461	0.314	0.298	AT5G39610	34.35	37.0	2.65	0.88	0.462
path	6	-0.762	0.786	-0.098	0.48	AT1G32150	25.99	28.0	2.01	0.8	0.463
path	6	0.342	0.461	0.314	0.298	AT3G11440	36.07	39.0	2.93	0.88	0.463
path	6	0.342	0.461	0.314	0.298	AT3G10480	40.1	43.0	2.9	0.86	0.466
path	6	-0.762	0.786	-0.098	0.48	AT3G10030	8.38	9.0	0.62	0.67	0.467
path	6	-0.762	0.786	-1.214	0.624	AT2G46680	9.24	10.0	0.76	0.66	0.469
path	6	-0.762	0.786	-1.214	0.624	AT3G09735	9.03	10.0	0.97	0.66	0.469
path	6	-0.762	0.786	-1.214	0.624	AT3G47500	9.1	10.0	0.9	0.66	0.469
path	6	-0.762	0.786	-1.214	0.624	AT3G57920	9.29	10.0	0.71	0.66	0.469
path	6	-0.762	0.786	-1.214	0.624	AT4G01550	9.22	10.0	0.78	0.66	0.469
path	6	0.342	0.461	0.314	0.298	AT3G24520	44.6	48.0	3.4	0.85	0.469
path	6	-0.762	0.786	-0.098	0.48	AT2G20110	12.78	14.0	1.22	0.68	0.472
path	6	-0.762	0.786	-0.098	0.48	AT4G18170	12.59	14.0	1.41	0.68	0.472
path	6	-0.762	0.786	-0.098	0.48	AT4G38000	12.61	14.0	1.39	0.68	0.472
path	6	-0.762	0.786	-1.214	0.624	AT3G04060	13.11	14.0	0.89	0.65	0.474
path	6	0.342	0.461	0.314	0.298	AT4G36160	53.06	57.0	3.94	0.82	0.474
path	6	-0.762	0.786	-0.098	0.48	AT1G32870	17.78	19.0	1.22	0.68	0.475
path	6	-0.762	0.786	-1.214	0.624	AT1G19040	4.77	5.0	0.23	0.55	0.482
path	6	-0.762	0.786	-1.214	0.624	AT2G18380	4.21	5.0	0.79	0.55	0.482
path	6	0.342	0.461	1.125	0.376	AT5G05550	55.25	60.0	4.75	0.7	0.484
path	6	-0.762	0.786	-0.098	0.48	AT1G18570	4.78	5.0	0.22	0.56	0.488
path	6	-0.762	0.786	-0.098	0.48	AT3G58630	4.67	5.0	0.33	0.56	0.488
path	6	-0.762	0.786	-0.098	0.48	AT4G24470	4.67	5.0	0.33	0.56	0.488
path	6	-0.762	0.786	-0.098	0.48	AT4G26640	4.32	5.0	0.68	0.56	0.488
path	6	-0.762	0.786	-0.098	0.48	AT5G65510	4.52	5.0	0.48	0.56	0.488
path	6	-0.762	0.786	-1.214	0.624	AT1G34670	8.03	9.0	0.97	0.55	0.488
path	6	-0.762	0.786	-1.214	0.624	AT2G38470	7.87	9.0	1.13	0.55	0.488
path	6	-0.762	0.786	-1.214	0.624	AT2G46770	8.08	9.0	0.92	0.55	0.488
path	6	-0.762	0.786	-1.214	0.624	AT4G37180	8.17	9.0	0.83	0.55	0.488
path	6	0.342	0.461	1.125	0.376	AT2G01940	34.51	37.0	2.49	0.62	0.488
path	6	0.342	0.461	1.125	0.376	AT3G18990	33.48	36.0	2.52	0.62	0.488
path	6	0.342	0.461	1.125	0.376	AT3G50060	34.09	37.0	2.91	0.62	0.488
path	6	0.342	0.461	1.125	0.376	AT5G62320	34.96	37.0	2.04	0.62	0.488
path	6	0.342	0.461	1.125	0.376	AT1G19000	28.76	32.0	3.24	0.6	0.489
path	6	0.342	0.461	1.125	0.376	AT5G66730	27.79	30.0	2.21	0.6	0.489
path	6	-0.762	0.786	-0.098	0.48	AT1G20980	9.38	10.0	0.62	0.56	0.49
path	6	0.342	0.461	1.125	0.376	AT1G74840	24.26	27.0	2.74	0.59	0.49
path	6	0.342	0.461	1.125	0.376	AT2G20400	23.75	26.0	2.25	0.58	0.49
path	6	0.342	0.461	1.125	0.376	AT4G05100	23.5	25.0	1.5	0.58	0.49
path	6	-0.762	0.786	-0.098	0.48	AT1G16490	18.82	20.0	1.18	0.57	0.491
path	6	-0.762	0.786	-0.098	0.48	AT2G18160	18.27	20.0	1.73	0.57	0.491
path	6	-0.762	0.786	-0.098	0.48	AT5G04410	18.67	20.0	1.33	0.57	0.491
path	6	-0.762	0.786	-0.098	0.48	AT5G66700	13.24	15.0	1.76	0.57	0.491
path	6	-0.762	0.786	-1.214	0.624	AT4G25480	11.64	13.0	1.36	0.54	0.491
path	6	-0.762	0.786	-1.214	0.624	AT5G39610	12.09	13.0	0.91	0.54	0.491
path	6	0.342	0.461	1.125	0.376	AT1G27730	19.47	21.0	1.53	0.57	0.491
path	6	0.342	0.461	1.125	0.376	AT3G15170	19.5	21.0	1.5	0.57	0.491
path	6	0.342	0.461	1.125	0.376	AT4G06746	19.45	21.0	1.55	0.57	0.491
path	6	0.342	0.461	1.125	0.376	AT3G21175	13.02	14.0	0.98	0.54	0.493
path	6	0.342	0.461	1.125	0.376	AT4G17785	12.29	13.0	0.71	0.54	0.493
path	6	0.342	0.461	1.125	0.376	AT4G28140	8.43	9.0	0.57	0.53	0.494
path	6	0.342	0.461	1.125	0.376	AT1G13400	7.41	8.0	0.59	0.52	0.495
path	6	0.342	0.461	1.125	0.376	AT2G38300	6.63	7.0	0.37	0.52	0.495
path	6	0.342	0.461	1.125	0.376	AT3G47600	7.55	8.0	0.45	0.52	0.495
path	6	0.342	0.461	1.125	0.376	AT1G73730	5.72	6.0	0.28	0.52	0.496
path	6	0.342	0.461	1.125	0.376	AT3G13350	4.69	5.0	0.31	0.51	0.496
path	6	0.342	0.461	1.125	0.376	AT4G01720	5.58	6.0	0.42	0.52	0.496
path	6	0.342	0.461	1.125	0.376	AT3G48160	2.86	3.0	0.14	0.51	0.497
path	6	0.342	0.461	1.125	0.376	AT5G16600	2.88	3.0	0.12	0.51	0.497
path	6	0.342	0.461	1.125	0.376	AT1G27360	1.78	2.0	0.22	0.5	0.498
path	6	0.342	0.461	1.125	0.376	AT2G17900	1.89	2.0	0.11	0.5	0.498
path	6	0.342	0.461	1.125	0.376	AT2G41835	1.86	2.0	0.14	0.5	0.498
path	6	0.342	0.461	1.125	0.376	AT2G48100	0.98	1.0	0.02	0.5	0.498
path	6	0.342	0.461	1.125	0.376	AT3G09230	0.95	1.0	0.05	0.5	0.498
path	6	0.342	0.461	1.125	0.376	AT3G13040	0.89	1.0	0.11	0.5	0.498
path	6	0.342	0.461	1.125	0.376	AT5G40330	1.89	2.0	0.11	0.5	0.498
path	6	0.342	0.461	1.125	0.376	AT5G48670	1.95	2.0	0.05	0.5	0.498
path	6	0.342	0.461	1.125	0.376	AT5G62165	0.95	1.0	0.05	0.5	0.498
path	6	0.342	0.461	0.314	0.298	AT1G17950	0.97	1.0	0.03	0.5	0.502
path	6	0.342	0.461	0.314	0.298	AT1G18960	0.91	1.0	0.09	0.5	0.502
path	6	0.342	0.461	0.314	0.298	AT1G32510	1.91	2.0	0.09	0.5	0.502
path	6	0.342	0.461	0.314	0.298	AT1G47870	0.97	1.0	0.03	0.5	0.502
path	6	0.342	0.461	0.314	0.298	AT1G60920	0.95	1.0	0.05	0.5	0.502
path	6	0.342	0.461	0.314	0.298	AT1G63040	0.95	1.0	0.05	0.5	0.502
path	6	0.342	0.461	0.314	0.298	AT2G21900	1.81	2.0	0.19	0.5	0.502
path	6	0.342	0.461	0.314	0.298	AT2G38090	0.94	1.0	0.06	0.5	0.502
path	6	0.342	0.461	0.314	0.298	AT4G12670	0.98	1.0	0.02	0.5	0.502
path	6	0.342	0.461	0.314	0.298	AT4G37790	0.95	1.0	0.05	0.5	0.502
path	6	0.342	0.461	0.314	0.298	AT5G42520	0.94	1.0	0.06	0.5	0.502
path	6	0.342	0.461	0.314	0.298	AT3G03660	2.84	3.0	0.16	0.49	0.503
path	6	0.342	0.461	0.314	0.298	AT5G10510	2.83	3.0	0.17	0.49	0.503
path	6	0.342	0.461	0.314	0.298	AT2G24570	3.63	4.0	0.37	0.49	0.504
path	6	0.342	0.461	0.314	0.298	AT2G30590	3.41	4.0	0.59	0.49	0.504
path	6	0.342	0.461	0.314	0.298	AT3G45170	3.81	4.0	0.19	0.49	0.504
path	6	0.342	0.461	0.314	0.298	AT5G56930	3.84	4.0	0.16	0.49	0.504
path	6	-0.762	0.786	-0.098	0.48	AT1G19210	24.13	26.0	1.87	0.47	0.506
path	6	0.342	0.461	0.314	0.298	AT1G66370	9.42	10.0	0.58	0.47	0.506
path	6	0.342	0.461	0.314	0.298	AT1G13260	15.08	16.0	0.92	0.45	0.508
path	6	0.342	0.461	0.314	0.298	AT3G10030	17.55	19.0	1.45	0.44	0.508
path	6	-0.762	0.786	-0.098	0.48	AT1G45249	14.99	16.0	1.01	0.46	0.509
path	6	-0.762	0.786	-0.098	0.48	AT2G35700	14.61	16.0	1.39	0.46	0.509
path	6	-0.762	0.786	-0.098	0.48	AT5G41570	14.52	16.0	1.48	0.46	0.509
path	6	-0.762	0.786	-0.098	0.48	AT5G60850	14.59	16.0	1.41	0.46	0.509
path	6	-0.762	0.786	-1.214	0.624	AT1G02250	11.25	12.0	0.75	0.43	0.509
path	6	-0.762	0.786	-1.214	0.624	AT2G30340	11.16	12.0	0.84	0.43	0.509
path	6	-0.762	0.786	-1.214	0.624	AT3G02940	10.85	12.0	1.15	0.43	0.509
path	6	-0.762	0.786	-1.214	0.624	AT3G09600	14.89	16.0	1.11	0.43	0.509
path	6	-0.762	0.786	-1.214	0.624	AT3G12720	11.18	12.0	0.82	0.43	0.509
path	6	-0.762	0.786	-1.214	0.624	AT5G18270	14.96	16.0	1.04	0.43	0.509
path	6	-0.762	0.786	-1.214	0.624	AT5G58850	14.62	16.0	1.38	0.43	0.509
path	6	-0.762	0.786	-1.214	0.624	AT1G12260	7.11	8.0	0.89	0.44	0.51
path	6	-0.762	0.786	-1.214	0.624	AT4G28500	7.17	8.0	0.83	0.44	0.51
path	6	0.342	0.461	0.314	0.298	AT1G71696	29.38	32.0	2.62	0.4	0.511
path	6	0.342	0.461	0.314	0.298	AT5G17800	28.61	31.0	2.39	0.4	0.511
path	6	0.342	0.461	0.314	0.298	AT5G60130	27.79	30.0	2.21	0.4	0.511
path	6	-0.762	0.786	-0.098	0.48	AT5G67580	10.19	11.0	0.81	0.45	0.512
path	6	-0.762	0.786	-1.214	0.624	AT3G21175	3.66	4.0	0.34	0.44	0.512
path	6	-0.762	0.786	-1.214	0.624	AT5G03150	3.69	4.0	0.31	0.44	0.512
path	6	-0.762	0.786	-1.214	0.624	AT5G50570	3.78	4.0	0.22	0.44	0.512
path	6	0.342	0.461	0.314	0.298	AT3G44480	33.47	36.0	2.53	0.38	0.512
path	6	0.342	0.461	0.314	0.298	AT4G18770	34.01	37.0	2.99	0.38	0.512
path	6	0.342	0.461	0.314	0.298	AT4G37260	34.01	37.0	2.99	0.38	0.512
path	6	0.342	0.461	0.314	0.298	AT1G34190	36.94	40.0	3.06	0.37	0.513
path	6	0.342	0.461	0.314	0.298	AT3G17730	42.07	45.0	2.93	0.35	0.513
path	6	0.342	0.461	0.314	0.298	AT5G06839	37.8	41.0	3.2	0.37	0.513
path	6	0.342	0.461	0.314	0.298	AT1G75240	44.01	47.0	2.99	0.35	0.514
path	6	0.342	0.461	0.314	0.298	AT5G17300	42.63	46.0	3.37	0.35	0.514
path	6	-0.762	0.786	-0.098	0.48	AT3G15170	5.35	6.0	0.65	0.45	0.518
path	6	-0.762	0.786	-0.098	0.48	AT4G18890	5.7	6.0	0.3	0.45	0.518
path	6	-0.762	0.786	-0.098	0.48	AT5G22500	5.6	6.0	0.4	0.45	0.518
path	6	-0.762	0.786	-1.214	0.624	AT5G65210	13.87	15.0	1.13	0.32	0.525
path	6	-0.762	0.786	-0.098	0.48	AT1G76420	15.79	17.0	1.21	0.35	0.526
path	6	-0.762	0.786	-0.098	0.48	AT5G52660	15.88	17.0	1.12	0.35	0.526
path	6	-0.762	0.786	-0.098	0.48	AT2G01940	10.92	12.0	1.08	0.34	0.531
path	6	-0.762	0.786	-0.098	0.48	AT3G27785	10.89	12.0	1.11	0.34	0.531
path	6	-0.762	0.786	-1.214	0.624	AT2G02080	6.15	7.0	0.85	0.33	0.533
path	6	-0.762	0.786	-1.214	0.624	AT3G42860	6.39	7.0	0.61	0.33	0.533
path	6	-0.762	0.786	-1.214	0.624	AT5G08330	6.42	7.0	0.58	0.33	0.533
path	6	-0.762	0.786	-1.214	0.624	AT5G44210	6.45	7.0	0.55	0.33	0.533
path	6	-0.762	0.786	-1.214	0.624	AT5G62940	6.14	7.0	0.86	0.33	0.533
path	6	0.342	0.461	1.125	0.376	AT2G01930	31.41	34.0	2.59	0.11	0.54
path	6	0.342	0.461	1.125	0.376	AT3G08500	30.77	33.0	2.23	0.11	0.541
path	6	-0.762	0.786	-0.098	0.48	AT1G01720	16.54	18.0	1.46	0.24	0.542
path	6	-0.762	0.786	-0.098	0.48	AT1G52150	6.16	7.0	0.84	0.34	0.542
path	6	-0.762	0.786	-0.098	0.48	AT5G46590	6.52	7.0	0.48	0.34	0.542
path	6	-0.762	0.786	-1.214	0.624	AT4G17980	12.91	14.0	1.09	0.21	0.543
path	6	0.342	0.461	1.125	0.376	AT5G45300	24.85	27.0	2.15	0.09	0.547
path	6	-0.762	0.786	-1.214	0.624	AT3G01470	2.73	3.0	0.27	0.33	0.549
path	6	-0.762	0.786	-1.214	0.624	AT3G52440	8.83	10.0	1.17	0.21	0.549
path	6	-0.762	0.786	-1.214	0.624	AT4G18450	2.84	3.0	0.16	0.33	0.549
path	6	-0.762	0.786	-1.214	0.624	AT5G10280	2.72	3.0	0.28	0.33	0.549
path	6	-0.762	0.786	-1.214	0.624	AT5G25390	2.9	3.0	0.1	0.33	0.549
path	6	-0.762	0.786	-0.098	0.48	AT1G01250	0.84	1.0	0.16	0.44	0.555
path	6	-0.762	0.786	-0.098	0.48	AT1G46264	0.95	1.0	0.05	0.44	0.555
path	6	-0.762	0.786	-0.098	0.48	AT1G51600	0.91	1.0	0.09	0.44	0.555
path	6	-0.762	0.786	-0.098	0.48	AT1G63030	0.82	1.0	0.18	0.44	0.555
path	6	-0.762	0.786	-0.098	0.48	AT1G67260	0.99	1.0	0.01	0.44	0.555
path	6	-0.762	0.786	-0.098	0.48	AT2G31460	0.97	1.0	0.03	0.44	0.555
path	6	-0.762	0.786	-0.098	0.48	AT2G38880	0.95	1.0	0.05	0.44	0.555
path	6	-0.762	0.786	-0.098	0.48	AT2G46400	0.95	1.0	0.05	0.44	0.555
path	6	-0.762	0.786	-0.098	0.48	AT3G09230	0.98	1.0	0.02	0.44	0.555
path	6	-0.762	0.786	-0.098	0.48	AT3G48160	0.94	1.0	0.06	0.44	0.555
path	6	-0.762	0.786	-0.098	0.48	AT4G17460	0.93	1.0	0.07	0.44	0.555
path	6	-0.762	0.786	-0.098	0.48	AT4G36620	0.96	1.0	0.04	0.44	0.555
path	6	-0.762	0.786	-0.098	0.48	AT4G38910	0.97	1.0	0.03	0.44	0.555
path	6	-0.762	0.786	-0.098	0.48	AT5G49300	0.98	1.0	0.02	0.44	0.555
path	6	-0.762	0.786	-0.098	0.48	AT5G52170	0.93	1.0	0.07	0.44	0.555
path	6	-0.762	0.786	-0.098	0.48	AT5G58620	0.96	1.0	0.04	0.44	0.555
path	6	0.342	0.461	1.125	0.376	AT5G05790	17.17	19.0	1.83	0.06	0.558
path	6	-0.762	0.786	-1.214	0.624	AT2G47070	12.14	13.0	0.86	0.1	0.561
path	6	-0.762	0.786	-1.214	0.624	AT4G38170	11.89	13.0	1.11	0.1	0.561
path	6	-0.762	0.786	-1.214	0.624	AT5G02460	11.82	13.0	1.18	0.1	0.561
path	6	-0.762	0.786	-1.214	0.624	AT5G13180	12.0	13.0	1.0	0.1	0.561
path	6	-0.762	0.786	-1.214	0.624	AT5G64060	12.08	13.0	0.92	0.1	0.561
path	6	-0.762	0.786	-0.098	0.48	AT5G02840	7.48	8.0	0.52	0.23	0.563
path	6	-0.762	0.786	-0.098	0.48	AT5G53950	7.42	8.0	0.58	0.23	0.563
path	6	-0.762	0.786	-0.098	0.48	AT5G66300	7.32	8.0	0.68	0.23	0.563
path	6	0.342	0.461	0.314	0.298	AT2G01930	31.4	34.0	2.6	-0.11	0.563
path	6	0.342	0.461	0.314	0.298	AT3G08500	30.76	33.0	2.24	-0.11	0.563
path	6	0.342	0.461	1.125	0.376	AT2G33550	14.65	16.0	1.35	0.05	0.564
path	6	0.342	0.461	1.125	0.376	AT5G13790	15.02	16.0	0.98	0.05	0.564
path	6	-0.762	0.786	-0.098	0.48	AT1G69180	12.98	14.0	1.02	0.12	0.566
path	6	0.342	0.461	0.314	0.298	AT5G45300	24.83	27.0	2.17	-0.09	0.567
path	6	0.342	0.461	1.125	0.376	AT5G65510	13.89	15.0	1.11	0.05	0.567
path	6	-0.762	0.786	-1.214	0.624	AT1G65910	8.07	9.0	0.93	0.1	0.571
path	6	-0.762	0.786	-1.214	0.624	AT3G18990	8.13	9.0	0.87	0.1	0.571
path	6	-0.762	0.786	-1.214	0.624	AT5G66730	8.23	9.0	0.77	0.1	0.571
path	6	-0.762	0.786	-0.098	0.48	AT3G15270	18.49	20.0	1.51	0.02	0.572
path	6	-0.762	0.786	-0.098	0.48	AT5G17300	18.55	20.0	1.45	0.02	0.572
path	6	-0.762	0.786	-1.214	0.624	AT3G15270	14.79	16.0	1.21	-0.02	0.573
path	6	-0.762	0.786	-1.214	0.624	AT5G17300	14.84	16.0	1.16	-0.02	0.573
path	6	0.342	0.461	0.314	0.298	AT5G05790	17.16	19.0	1.84	-0.06	0.575
path	6	0.342	0.461	1.125	0.376	AT1G75240	43.03	46.0	2.97	-0.35	0.576
path	6	0.342	0.461	1.125	0.376	AT5G17300	41.66	45.0	3.34	-0.35	0.577
path	6	0.342	0.461	1.125	0.376	AT3G17730	41.09	44.0	2.91	-0.35	0.578
path	6	0.342	0.461	0.314	0.298	AT2G33550	14.64	16.0	1.36	-0.05	0.579
path	6	0.342	0.461	0.314	0.298	AT5G13790	15.02	16.0	0.98	-0.05	0.579
path	6	0.342	0.461	0.314	0.298	AT5G65510	13.88	15.0	1.12	-0.05	0.581
path	6	-0.762	0.786	-0.098	0.48	AT2G01060	8.19	9.0	0.81	0.12	0.582
path	6	-0.762	0.786	-0.098	0.48	AT2G15740	7.94	9.0	1.06	0.12	0.582
path	6	-0.762	0.786	-0.098	0.48	AT3G20770	8.14	9.0	0.86	0.12	0.582
path	6	-0.762	0.786	-0.098	0.48	AT5G60130	8.05	9.0	0.95	0.12	0.582
path	6	0.342	0.461	1.125	0.376	AT5G06839	36.83	40.0	3.17	-0.37	0.582
path	6	-0.762	0.786	-0.098	0.48	AT1G13300	1.81	2.0	0.19	0.33	0.583
path	6	-0.762	0.786	-0.098	0.48	AT1G32240	1.73	2.0	0.27	0.33	0.583
path	6	-0.762	0.786	-0.098	0.48	AT1G69560	1.79	2.0	0.21	0.33	0.583
path	6	-0.762	0.786	-0.098	0.48	AT1G76880	1.9	2.0	0.1	0.33	0.583
path	6	-0.762	0.786	-0.098	0.48	AT2G38300	1.84	2.0	0.16	0.33	0.583
path	6	-0.762	0.786	-0.098	0.48	AT3G20840	1.88	2.0	0.12	0.33	0.583
path	6	-0.762	0.786	-0.098	0.48	AT4G01720	1.82	2.0	0.18	0.33	0.583
path	6	-0.762	0.786	-0.098	0.48	AT4G24020	1.9	2.0	0.1	0.33	0.583
path	6	-0.762	0.786	-0.098	0.48	AT5G10510	1.93	2.0	0.07	0.33	0.583
path	6	-0.762	0.786	-0.098	0.48	AT5G39820	1.73	2.0	0.27	0.33	0.583
path	6	0.342	0.461	1.125	0.376	AT1G34190	35.96	39.0	3.04	-0.37	0.583
path	6	0.342	0.461	1.125	0.376	AT4G18770	33.03	36.0	2.97	-0.38	0.587
path	6	0.342	0.461	1.125	0.376	AT4G37260	33.03	36.0	2.97	-0.38	0.587
path	6	0.342	0.461	1.125	0.376	AT3G44480	32.49	35.0	2.51	-0.38	0.588
path	6	-0.762	0.786	-1.214	0.624	AT4G01500	4.8	5.0	0.2	0.11	0.592
path	6	0.342	0.461	1.125	0.376	AT1G71696	28.4	31.0	2.6	-0.4	0.594
path	6	-0.762	0.786	-0.098	0.48	AT2G47070	14.93	16.0	1.07	-0.1	0.596
path	6	-0.762	0.786	-0.098	0.48	AT4G38170	14.62	16.0	1.38	-0.1	0.596
path	6	-0.762	0.786	-0.098	0.48	AT5G02460	14.53	16.0	1.47	-0.1	0.596
path	6	-0.762	0.786	-0.098	0.48	AT5G13180	14.75	16.0	1.25	-0.1	0.596
path	6	-0.762	0.786	-0.098	0.48	AT5G64060	14.86	16.0	1.14	-0.1	0.596
path	6	0.342	0.461	1.125	0.376	AT5G17800	27.63	30.0	2.37	-0.4	0.596
path	6	0.342	0.461	0.314	0.298	AT5G05550	54.21	59.0	4.79	-0.7	0.597
path	6	0.342	0.461	1.125	0.376	AT5G60130	26.8	29.0	2.2	-0.4	0.598
path	6	0.342	0.461	1.125	0.376	AT1G75390	6.12	7.0	0.88	0.02	0.601
path	6	0.342	0.461	1.125	0.376	AT5G59990	6.41	7.0	0.59	0.02	0.601
path	6	-0.762	0.786	-1.214	0.624	AT1G69180	10.18	11.0	0.82	-0.12	0.602
path	6	-0.762	0.786	-1.214	0.624	AT2G24570	1.87	2.0	0.13	0.22	0.602
path	6	-0.762	0.786	-1.214	0.624	AT3G04070	1.79	2.0	0.21	0.22	0.602
path	6	-0.762	0.786	-1.214	0.624	AT4G04450	1.84	2.0	0.16	0.22	0.602
path	6	-0.762	0.786	-1.214	0.624	AT5G13910	1.84	2.0	0.16	0.22	0.602
path	6	-0.762	0.786	-0.098	0.48	AT1G72360	2.85	3.0	0.15	0.22	0.603
path	6	-0.762	0.786	-0.098	0.48	AT5G08750	2.77	3.0	0.23	0.22	0.603
path	6	-0.762	0.786	-0.098	0.48	AT5G59990	2.75	3.0	0.25	0.22	0.603
path	6	0.342	0.461	1.125	0.376	AT4G36160	51.08	55.0	3.92	-0.82	0.608
path	6	-0.762	0.786	-1.214	0.624	AT1G01720	12.83	14.0	1.17	-0.24	0.609
path	6	-0.762	0.786	-0.098	0.48	AT4G17980	15.64	17.0	1.36	-0.21	0.61
path	6	0.342	0.461	0.314	0.298	AT2G01940	33.49	36.0	2.51	-0.62	0.61
path	6	0.342	0.461	0.314	0.298	AT3G50060	33.07	36.0	2.93	-0.62	0.61
path	6	0.342	0.461	0.314	0.298	AT5G62320	33.94	36.0	2.06	-0.62	0.61
path	6	0.342	0.461	0.314	0.298	AT1G75390	6.11	7.0	0.89	-0.02	0.611
path	6	0.342	0.461	0.314	0.298	AT3G18990	32.46	35.0	2.54	-0.62	0.611
path	6	0.342	0.461	0.314	0.298	AT5G59990	6.41	7.0	0.59	-0.02	0.611
path	6	-0.762	0.786	-0.098	0.48	AT1G65910	9.84	11.0	1.16	-0.1	0.614
path	6	-0.762	0.786	-0.098	0.48	AT3G18990	9.91	11.0	1.09	-0.1	0.614
path	6	-0.762	0.786	-0.098	0.48	AT5G66730	10.04	11.0	0.96	-0.1	0.614
path	6	0.342	0.461	0.314	0.298	AT1G19000	27.74	31.0	3.26	-0.6	0.615
path	6	0.342	0.461	0.314	0.298	AT5G66730	26.77	29.0	2.23	-0.6	0.618
path	6	0.342	0.461	1.125	0.376	AT3G24520	42.62	46.0	3.38	-0.85	0.619
path	6	0.342	0.461	1.125	0.376	AT3G02150	4.69	5.0	0.31	0.02	0.62
path	6	0.342	0.461	1.125	0.376	AT5G08750	4.47	5.0	0.53	0.02	0.62
path	6	-0.762	0.786	-0.098	0.48	AT5G65210	16.59	18.0	1.41	-0.32	0.623
path	6	-0.762	0.786	-1.214	0.624	AT2G01060	6.35	7.0	0.65	-0.12	0.623
path	6	-0.762	0.786	-1.214	0.624	AT2G15740	6.15	7.0	0.85	-0.12	0.623
path	6	-0.762	0.786	-1.214	0.624	AT3G20770	6.31	7.0	0.69	-0.12	0.623
path	6	-0.762	0.786	-1.214	0.624	AT5G60130	6.24	7.0	0.76	-0.12	0.623
path	6	0.342	0.461	0.314	0.298	AT1G74840	23.24	26.0	2.76	-0.59	0.623
path	6	-0.762	0.786	-1.214	0.624	AT1G19210	18.5	20.0	1.5	-0.47	0.624
path	6	0.342	0.461	0.314	0.298	AT2G20400	22.74	25.0	2.26	-0.58	0.624
path	6	0.342	0.461	1.125	0.376	AT3G10030	16.56	18.0	1.44	-0.44	0.625
path	6	0.342	0.461	1.125	0.376	AT3G10480	38.12	41.0	2.88	-0.86	0.625
path	6	0.342	0.461	0.314	0.298	AT4G05100	22.49	24.0	1.51	-0.58	0.626
path	6	-0.762	0.786	-0.098	0.48	AT3G52440	10.54	12.0	1.46	-0.21	0.628
path	6	-0.762	0.786	-1.214	0.624	AT1G76420	12.03	13.0	0.97	-0.35	0.628
path	6	-0.762	0.786	-1.214	0.624	AT5G52660	12.1	13.0	0.9	-0.35	0.628
path	6	0.342	0.461	0.314	0.298	AT3G02150	4.69	5.0	0.31	-0.02	0.628
path	6	0.342	0.461	0.314	0.298	AT5G08750	4.47	5.0	0.53	-0.02	0.628
path	6	-0.762	0.786	-1.214	0.624	AT2G28920	3.69	4.0	0.31	-0.0	0.63
path	6	-0.762	0.786	-1.214	0.624	AT5G07100	3.75	4.0	0.25	-0.0	0.63
path	6	0.342	0.461	1.125	0.376	AT3G11440	34.09	37.0	2.91	-0.88	0.632
path	6	0.342	0.461	1.125	0.376	AT2G42590	3.55	4.0	0.45	0.01	0.634
path	6	0.342	0.461	1.125	0.376	AT3G51080	3.71	4.0	0.29	0.01	0.634
path	6	0.342	0.461	1.125	0.376	AT5G25475	3.8	4.0	0.2	0.01	0.634
path	6	-0.762	0.786	-0.098	0.48	AT3G09600	17.61	19.0	1.39	-0.43	0.635
path	6	-0.762	0.786	-0.098	0.48	AT5G18270	17.7	19.0	1.3	-0.43	0.635
path	6	-0.762	0.786	-0.098	0.48	AT5G58850	17.28	19.0	1.72	-0.43	0.635
path	6	0.342	0.461	0.314	0.298	AT1G27730	18.46	20.0	1.54	-0.57	0.635
path	6	0.342	0.461	0.314	0.298	AT3G15170	18.49	20.0	1.51	-0.57	0.635
path	6	0.342	0.461	0.314	0.298	AT4G06746	18.44	20.0	1.56	-0.57	0.635
path	6	0.342	0.461	1.125	0.376	AT5G39610	32.37	35.0	2.63	-0.88	0.635
path	6	-0.762	0.786	-0.098	0.48	AT2G28920	4.62	5.0	0.38	0.0	0.636
path	6	-0.762	0.786	-0.098	0.48	AT5G07100	4.69	5.0	0.31	0.0	0.636
path	6	0.342	0.461	1.125	0.376	AT1G13260	14.09	15.0	0.91	-0.45	0.636
path	6	0.342	0.461	1.125	0.376	AT2G23290	30.95	34.0	3.05	-0.88	0.637
path	6	0.342	0.461	0.314	0.298	AT2G42590	3.55	4.0	0.45	-0.01	0.641
path	6	0.342	0.461	0.314	0.298	AT3G51080	3.7	4.0	0.3	-0.01	0.641
path	6	0.342	0.461	0.314	0.298	AT5G25475	3.8	4.0	0.2	-0.01	0.641
path	6	0.342	0.461	0.314	0.298	AT3G12250	42.02	46.0	3.98	-1.15	0.645
path	6	-0.762	0.786	-1.214	0.624	AT2G01940	8.14	9.0	0.86	-0.34	0.648
path	6	-0.762	0.786	-1.214	0.624	AT3G27785	8.11	9.0	0.89	-0.34	0.648
path	6	-0.762	0.786	-0.098	0.48	AT4G01500	5.75	6.0	0.25	-0.11	0.649
path	6	-0.762	0.786	-1.214	0.624	AT1G45249	11.19	12.0	0.81	-0.46	0.649
path	6	-0.762	0.786	-1.214	0.624	AT2G35700	10.89	12.0	1.11	-0.46	0.649
path	6	-0.762	0.786	-1.214	0.624	AT5G41570	10.81	12.0	1.19	-0.46	0.649
path	6	-0.762	0.786	-1.214	0.624	AT5G60850	10.87	12.0	1.13	-0.46	0.649
path	6	0.342	0.461	0.314	0.298	AT1G16490	39.26	42.0	2.74	-1.14	0.649
path	6	-0.762	0.786	-1.214	0.624	AT1G16490	14.06	15.0	0.94	-0.57	0.652
path	6	-0.762	0.786	-1.214	0.624	AT2G18160	13.61	15.0	1.39	-0.57	0.652
path	6	-0.762	0.786	-1.214	0.624	AT5G04410	13.94	15.0	1.06	-0.57	0.652
path	6	0.342	0.461	0.314	0.298	AT2G22540	35.65	39.0	3.35	-1.13	0.652
path	6	-0.762	0.786	-0.098	0.48	AT1G02250	13.06	14.0	0.94	-0.43	0.653
path	6	-0.762	0.786	-0.098	0.48	AT2G30340	12.95	14.0	1.05	-0.43	0.653
path	6	-0.762	0.786	-0.098	0.48	AT3G02940	12.57	14.0	1.43	-0.43	0.653
path	6	-0.762	0.786	-0.098	0.48	AT3G12720	12.98	14.0	1.02	-0.43	0.653
path	6	-0.762	0.786	-1.214	0.624	AT5G02840	5.58	6.0	0.42	-0.23	0.653
path	6	-0.762	0.786	-1.214	0.624	AT5G53950	5.53	6.0	0.47	-0.23	0.653
path	6	-0.762	0.786	-1.214	0.624	AT5G66300	5.46	6.0	0.54	-0.23	0.653
path	6	0.342	0.461	0.314	0.298	AT2G18060	35.37	38.0	2.63	-1.13	0.653
path	6	0.342	0.461	1.125	0.376	AT4G27900	2.78	3.0	0.22	0.01	0.654
path	6	0.342	0.461	1.125	0.376	AT4G28110	2.83	3.0	0.17	0.01	0.654
path	6	0.342	0.461	1.125	0.376	AT4G38000	44.79	48.0	3.21	-1.34	0.657
path	6	0.342	0.461	0.314	0.298	AT3G21175	12.02	13.0	0.98	-0.54	0.659
path	6	0.342	0.461	1.125	0.376	AT3G06740	23.28	25.0	1.72	-0.91	0.659
path	6	0.342	0.461	0.314	0.298	AT4G27900	2.78	3.0	0.22	-0.01	0.66
path	6	0.342	0.461	0.314	0.298	AT4G28110	2.83	3.0	0.17	-0.01	0.66
path	6	-0.762	0.786	-1.214	0.624	AT1G32150	19.39	21.0	1.61	-0.8	0.662
path	6	0.342	0.461	1.125	0.376	AT3G57920	21.94	24.0	2.06	-0.92	0.662
path	6	0.342	0.461	0.314	0.298	AT2G40260	28.57	31.0	2.43	-1.11	0.664
path	6	0.342	0.461	0.314	0.298	AT4G17785	11.28	12.0	0.72	-0.54	0.664
path	6	-0.762	0.786	-0.098	0.48	AT4G25480	13.3	15.0	1.7	-0.54	0.665
path	6	-0.762	0.786	-0.098	0.48	AT5G39610	13.86	15.0	1.14	-0.54	0.665
path	6	0.342	0.461	1.125	0.376	AT5G58850	38.02	42.0	3.98	-1.36	0.666
path	6	-0.762	0.786	-0.098	0.48	AT1G03800	26.21	28.0	1.79	-0.86	0.668
path	6	0.342	0.461	0.314	0.298	AT3G10580	26.29	29.0	2.71	-1.1	0.668
path	6	0.342	0.461	0.314	0.298	AT3G27785	26.41	29.0	2.59	-1.1	0.668
path	6	-0.762	0.786	-1.214	0.624	AT5G66700	9.59	11.0	1.41	-0.57	0.67
path	6	0.342	0.461	1.125	0.376	AT2G45410	37.04	40.0	2.96	-1.36	0.67
path	6	-0.762	0.786	-1.214	0.624	AT1G32870	13.02	14.0	0.98	-0.68	0.671
path	6	-0.762	0.786	-0.098	0.48	AT2G02080	6.94	8.0	1.06	-0.33	0.673
path	6	-0.762	0.786	-0.098	0.48	AT3G42860	7.24	8.0	0.76	-0.33	0.673
path	6	-0.762	0.786	-0.098	0.48	AT5G08330	7.27	8.0	0.73	-0.33	0.673
path	6	-0.762	0.786	-0.098	0.48	AT5G44210	7.31	8.0	0.69	-0.33	0.673
path	6	-0.762	0.786	-0.098	0.48	AT5G62940	6.93	8.0	1.07	-0.33	0.673
path	6	-0.762	0.786	-1.214	0.624	AT5G67580	7.35	8.0	0.65	-0.45	0.674
path	6	0.342	0.461	1.125	0.376	AT1G66370	8.43	9.0	0.57	-0.47	0.674
path	6	-0.762	0.786	-0.098	0.48	AT3G04060	14.9	16.0	1.1	-0.65	0.676
path	6	-0.762	0.786	-1.214	0.624	AT2G36270	18.44	20.0	1.56	-0.91	0.677
path	6	0.342	0.461	0.314	0.298	AT5G58900	22.38	25.0	2.62	-1.09	0.677
path	6	-0.762	0.786	-0.098	0.48	AT1G71450	20.86	23.0	2.14	-0.87	0.68
path	6	0.342	0.461	0.314	0.298	AT5G54230	45.9	49.0	3.1	-1.67	0.682
path	6	-0.762	0.786	-0.098	0.48	AT1G12260	7.9	9.0	1.1	-0.44	0.684
path	6	-0.762	0.786	-0.098	0.48	AT4G28500	7.96	9.0	1.04	-0.44	0.684
path	6	-0.762	0.786	-0.098	0.48	AT3G18400	15.6	17.0	1.4	-0.76	0.687
path	6	-0.762	0.786	-0.098	0.48	AT4G36160	15.31	17.0	1.69	-0.76	0.687
path	6	-0.762	0.786	-1.214	0.624	AT1G52150	4.32	5.0	0.68	-0.34	0.688
path	6	-0.762	0.786	-1.214	0.624	AT5G46590	4.61	5.0	0.39	-0.34	0.688
path	6	0.342	0.461	0.314	0.298	AT1G04880	18.67	20.0	1.33	-1.07	0.692
path	6	0.342	0.461	0.314	0.298	AT3G09600	37.77	41.0	3.23	-1.64	0.692
path	6	-0.762	0.786	-1.214	0.624	AT1G23810	0.9	1.0	0.1	0.11	0.693
path	6	-0.762	0.786	-1.214	0.624	AT1G32510	0.97	1.0	0.03	0.11	0.693
path	6	-0.762	0.786	-1.214	0.624	AT1G76870	0.94	1.0	0.06	0.11	0.693
path	6	-0.762	0.786	-1.214	0.624	AT2G15660	0.84	1.0	0.16	0.11	0.693
path	6	-0.762	0.786	-1.214	0.624	AT2G20110	9.02	10.0	0.98	-0.68	0.693
path	6	-0.762	0.786	-1.214	0.624	AT2G42590	0.84	1.0	0.16	0.11	0.693
path	6	-0.762	0.786	-1.214	0.624	AT3G02990	0.82	1.0	0.18	0.11	0.693
path	6	-0.762	0.786	-1.214	0.624	AT3G13040	0.96	1.0	0.04	0.11	0.693
path	6	-0.762	0.786	-1.214	0.624	AT3G13350	0.89	1.0	0.11	0.11	0.693
path	6	-0.762	0.786	-1.214	0.624	AT4G18170	8.87	10.0	1.13	-0.68	0.693
path	6	-0.762	0.786	-1.214	0.624	AT4G28110	0.94	1.0	0.06	0.11	0.693
path	6	-0.762	0.786	-1.214	0.624	AT4G38000	8.89	10.0	1.11	-0.68	0.693
path	6	-0.762	0.786	-1.214	0.624	AT5G14960	0.88	1.0	0.12	0.11	0.693
path	6	-0.762	0.786	-1.214	0.624	AT5G18090	0.97	1.0	0.03	0.11	0.693
path	6	-0.762	0.786	-1.214	0.624	AT5G38800	0.99	1.0	0.01	0.11	0.693
path	6	-0.762	0.786	-1.214	0.624	AT5G40330	0.96	1.0	0.04	0.11	0.693
path	6	-0.762	0.786	-1.214	0.624	AT5G61270	0.95	1.0	0.05	0.11	0.693
path	6	-0.762	0.786	-1.214	0.624	AT5G67000	0.95	1.0	0.05	0.11	0.693
path	6	0.342	0.461	0.314	0.298	AT4G28140	7.42	8.0	0.58	-0.53	0.693
path	6	-0.762	0.786	-0.098	0.48	AT1G34670	8.79	10.0	1.21	-0.55	0.694
path	6	-0.762	0.786	-0.098	0.48	AT2G38470	8.59	10.0	1.41	-0.55	0.694
path	6	-0.762	0.786	-0.098	0.48	AT2G46770	8.85	10.0	1.15	-0.55	0.694
path	6	-0.762	0.786	-0.098	0.48	AT4G37180	8.97	10.0	1.03	-0.55	0.694
path	6	0.342	0.461	0.314	0.298	AT1G01060	34.93	38.0	3.07	-1.63	0.696
path	6	0.342	0.461	0.314	0.298	AT1G24250	17.61	19.0	1.39	-1.07	0.696
path	6	0.342	0.461	0.314	0.298	AT2G46770	35.32	38.0	2.68	-1.63	0.696
path	6	-0.762	0.786	-0.098	0.48	AT3G10480	16.75	18.0	1.25	-0.87	0.697
path	6	-0.762	0.786	-0.098	0.48	AT4G34410	16.39	18.0	1.61	-0.87	0.697
path	6	0.342	0.461	0.314	0.298	AT1G20980	16.55	18.0	1.45	-1.06	0.699
path	6	0.342	0.461	0.314	0.298	AT5G52660	33.38	36.0	2.62	-1.62	0.7
path	6	-0.762	0.786	-1.214	0.624	AT1G20980	6.5	7.0	0.5	-0.56	0.702
path	6	0.342	0.461	1.125	0.376	AT5G04410	40.93	44.0	3.07	-1.85	0.702
path	6	0.342	0.461	0.314	0.298	AT1G13400	6.41	7.0	0.59	-0.52	0.703
path	6	0.342	0.461	0.314	0.298	AT3G47600	6.55	7.0	0.45	-0.52	0.703
path	6	-0.762	0.786	-0.098	0.48	AT2G46680	10.06	11.0	0.94	-0.66	0.704
path	6	-0.762	0.786	-0.098	0.48	AT3G09735	9.79	11.0	1.21	-0.66	0.704
path	6	-0.762	0.786	-0.098	0.48	AT3G47500	9.88	11.0	1.12	-0.66	0.704
path	6	-0.762	0.786	-0.098	0.48	AT3G57920	10.11	11.0	0.89	-0.66	0.704
path	6	-0.762	0.786	-0.098	0.48	AT4G01550	10.02	11.0	0.98	-0.66	0.704
path	6	0.342	0.461	1.125	0.376	AT1G76110	12.89	14.0	1.11	-0.95	0.706
path	6	-0.762	0.786	-1.214	0.624	AT5G15830	16.49	18.0	1.51	-1.13	0.709
path	6	0.342	0.461	1.125	0.376	AT5G06960	23.03	25.0	1.97	-1.41	0.709
path	6	0.342	0.461	1.125	0.376	AT5G62000	23.03	25.0	1.97	-1.41	0.709
path	6	0.342	0.461	1.125	0.376	AT3G45610	36.93	40.0	3.07	-1.86	0.71
path	6	-0.762	0.786	-0.098	0.48	AT2G40740	10.51	12.0	1.49	-0.77	0.713
path	6	-0.762	0.786	-0.098	0.48	AT5G65410	10.63	12.0	1.37	-0.77	0.713
path	6	0.342	0.461	0.314	0.298	AT3G02940	50.66	54.0	3.34	-2.18	0.713
path	6	0.342	0.461	1.125	0.376	AT3G61150	35.6	38.0	2.4	-1.87	0.715
path	6	0.342	0.461	0.314	0.298	AT2G38300	5.63	6.0	0.37	-0.52	0.716
path	6	0.342	0.461	0.314	0.298	AT5G10030	46.93	51.0	4.07	-2.17	0.716
path	6	-0.762	0.786	-1.214	0.624	AT1G64620	7.91	9.0	1.09	-0.79	0.717
path	6	-0.762	0.786	-1.214	0.624	AT2G33550	8.53	9.0	0.47	-0.79	0.717
path	6	-0.762	0.786	-1.214	0.624	AT3G28920	7.88	9.0	1.12	-0.79	0.717
path	6	-0.762	0.786	-1.214	0.624	AT3G49530	8.17	9.0	0.83	-0.79	0.717
path	6	-0.762	0.786	-1.214	0.624	AT5G66940	7.94	9.0	1.06	-0.79	0.717
path	6	0.342	0.461	0.314	0.298	AT1G19790	12.72	14.0	1.28	-1.05	0.719
path	6	0.342	0.461	1.125	0.376	AT5G56110	50.45	54.0	3.55	-2.31	0.721
path	6	-0.762	0.786	-0.098	0.48	AT5G18450	12.07	13.0	0.93	-0.88	0.722
path	6	0.342	0.461	0.314	0.298	AT1G76890	43.07	46.0	2.93	-2.16	0.723
path	6	0.342	0.461	0.314	0.298	AT1G06180	23.36	25.0	1.64	-1.59	0.726
path	6	0.342	0.461	0.314	0.298	AT3G10113	22.86	25.0	2.14	-1.59	0.726
path	6	-0.762	0.786	-1.214	0.624	AT1G01060	12.94	14.0	1.06	-1.13	0.727
path	6	-0.762	0.786	-1.214	0.624	AT3G15170	3.48	4.0	0.52	-0.45	0.728
path	6	-0.762	0.786	-1.214	0.624	AT4G18890	3.76	4.0	0.24	-0.45	0.728
path	6	-0.762	0.786	-1.214	0.624	AT5G22500	3.68	4.0	0.32	-0.45	0.728
path	6	0.342	0.461	0.314	0.298	AT2G26960	22.22	24.0	1.78	-1.58	0.729
path	6	0.342	0.461	0.314	0.298	AT1G73730	4.72	5.0	0.28	-0.52	0.731
path	6	0.342	0.461	0.314	0.298	AT4G01720	4.58	5.0	0.42	-0.52	0.731
path	6	-0.762	0.786	-1.214	0.624	AT5G54230	9.93	11.0	1.07	-1.01	0.732
path	6	0.342	0.461	0.314	0.298	AT4G34590	10.69	12.0	1.31	-1.04	0.732
path	6	-0.762	0.786	-1.214	0.624	AT3G10030	5.5	6.0	0.5	-0.67	0.733
path	6	-0.762	0.786	-0.098	0.48	AT1G50640	13.56	15.0	1.44	-1.1	0.739
path	6	-0.762	0.786	-1.214	0.624	AT1G72360	1.88	2.0	0.12	-0.22	0.739
path	6	-0.762	0.786	-1.214	0.624	AT5G08750	1.82	2.0	0.18	-0.22	0.739
path	6	-0.762	0.786	-1.214	0.624	AT5G59990	1.8	2.0	0.2	-0.22	0.739
path	6	-0.762	0.786	-1.214	0.624	AT2G28810	6.94	8.0	1.06	-0.9	0.743
path	6	-0.762	0.786	-1.214	0.624	AT5G62320	7.29	8.0	0.71	-0.9	0.743
path	6	0.342	0.461	1.125	0.376	AT1G47655	25.92	28.0	2.08	-1.9	0.743
path	6	0.342	0.461	1.125	0.376	AT1G30210	0.95	1.0	0.05	0.0	0.749
path	6	0.342	0.461	1.125	0.376	AT1G70910	0.97	1.0	0.03	0.0	0.749
path	6	0.342	0.461	1.125	0.376	AT2G46400	0.89	1.0	0.11	0.0	0.749
path	6	0.342	0.461	1.125	0.376	AT3G47620	0.92	1.0	0.08	0.0	0.749
path	6	0.342	0.461	1.125	0.376	AT5G08070	0.91	1.0	0.09	0.0	0.749
path	6	0.342	0.461	1.125	0.376	AT5G22890	0.86	1.0	0.14	0.0	0.749
path	6	0.342	0.461	1.125	0.376	AT5G61270	0.85	1.0	0.15	0.0	0.749
path	6	0.342	0.461	1.125	0.376	AT5G67000	0.85	1.0	0.15	0.0	0.749
path	6	-0.762	0.786	-0.098	0.48	AT2G02820	22.16	24.0	1.84	-1.53	0.75
path	6	0.342	0.461	0.314	0.298	AT3G13350	3.69	4.0	0.31	-0.51	0.751
path	6	0.342	0.461	1.125	0.376	AT5G65210	35.73	39.0	3.27	-2.36	0.751
path	6	0.342	0.461	0.314	0.298	AT1G30210	0.95	1.0	0.05	-0.0	0.752
path	6	0.342	0.461	0.314	0.298	AT1G70910	0.97	1.0	0.03	-0.0	0.752
path	6	0.342	0.461	0.314	0.298	AT2G46400	0.89	1.0	0.11	-0.0	0.752
path	6	0.342	0.461	0.314	0.298	AT3G47620	0.92	1.0	0.08	-0.0	0.752
path	6	0.342	0.461	0.314	0.298	AT5G08070	0.91	1.0	0.09	-0.0	0.752
path	6	0.342	0.461	0.314	0.298	AT5G22890	0.86	1.0	0.14	-0.0	0.752
path	6	0.342	0.461	0.314	0.298	AT5G61270	0.84	1.0	0.16	-0.0	0.752
path	6	0.342	0.461	0.314	0.298	AT5G67000	0.84	1.0	0.16	-0.0	0.752
path	6	-0.762	0.786	-0.098	0.48	AT3G21175	3.58	4.0	0.42	-0.44	0.753
path	6	-0.762	0.786	-0.098	0.48	AT5G03150	3.61	4.0	0.39	-0.44	0.753
path	6	-0.762	0.786	-0.098	0.48	AT5G50570	3.73	4.0	0.27	-0.44	0.753
path	6	-0.762	0.786	-0.098	0.48	AT1G19040	4.71	5.0	0.29	-0.55	0.754
path	6	-0.762	0.786	-0.098	0.48	AT2G18380	4.02	5.0	0.98	-0.55	0.754
path	6	-0.762	0.786	-0.098	0.48	AT3G01530	15.78	17.0	1.22	-1.32	0.754
path	6	-0.762	0.786	-0.098	0.48	AT3G10580	15.84	17.0	1.16	-1.32	0.754
path	6	-0.762	0.786	-1.214	0.624	AT1G51220	9.31	10.0	0.69	-1.12	0.754
path	6	-0.762	0.786	-1.214	0.624	AT1G76890	8.99	10.0	1.01	-1.12	0.754
path	6	-0.762	0.786	-1.214	0.624	AT4G01680	9.3	10.0	0.7	-1.12	0.754
path	6	-0.762	0.786	-1.214	0.624	AT4G26030	9.21	10.0	0.79	-1.12	0.754
path	6	-0.762	0.786	-0.098	0.48	AT1G72010	5.34	6.0	0.66	-0.66	0.756
path	6	-0.762	0.786	-0.098	0.48	AT3G01470	2.66	3.0	0.34	-0.33	0.756
path	6	-0.762	0.786	-0.098	0.48	AT4G18450	2.81	3.0	0.19	-0.33	0.756
path	6	-0.762	0.786	-0.098	0.48	AT5G10280	2.65	3.0	0.35	-0.33	0.756
path	6	-0.762	0.786	-0.098	0.48	AT5G25390	2.87	3.0	0.13	-0.33	0.756
path	6	0.342	0.461	0.314	0.298	AT2G38340	43.48	47.0	3.52	-2.66	0.756
path	6	0.342	0.461	1.125	0.376	AT1G72740	21.99	24.0	2.01	-1.91	0.758
path	6	-0.762	0.786	-0.098	0.48	AT5G47660	6.04	7.0	0.96	-0.77	0.76
path	6	0.342	0.461	0.314	0.298	AT5G06950	39.57	43.0	3.43	-2.65	0.763
path	6	0.342	0.461	0.314	0.298	AT5G53950	14.64	16.0	1.36	-1.56	0.763
path	6	-0.762	0.786	-0.098	0.48	AT3G30210	7.54	8.0	0.46	-0.88	0.765
path	6	-0.762	0.786	-1.214	0.624	AT2G24430	10.95	12.0	1.05	-1.35	0.765
path	6	-0.762	0.786	-1.214	0.624	AT4G31060	10.86	12.0	1.14	-1.35	0.765
path	6	-0.762	0.786	-0.098	0.48	AT2G24570	1.84	2.0	0.16	-0.22	0.767
path	6	-0.762	0.786	-0.098	0.48	AT3G04070	1.74	2.0	0.26	-0.22	0.767
path	6	-0.762	0.786	-0.098	0.48	AT4G04450	1.81	2.0	0.19	-0.22	0.767
path	6	-0.762	0.786	-0.098	0.48	AT5G13910	1.8	2.0	0.2	-0.22	0.767
path	6	-0.762	0.786	-1.214	0.624	AT1G27730	4.47	5.0	0.53	-0.78	0.767
path	6	-0.762	0.786	-1.214	0.624	AT1G74480	4.21	5.0	0.79	-0.78	0.767
path	6	-0.762	0.786	-1.214	0.624	AT1G76110	4.61	5.0	0.39	-0.78	0.767
path	6	0.342	0.461	0.314	0.298	AT1G22070	7.53	8.0	0.47	-1.03	0.767
path	6	0.342	0.461	0.314	0.298	AT5G22500	7.06	8.0	0.94	-1.03	0.767
path	6	-0.762	0.786	-0.098	0.48	AT2G44840	17.69	19.0	1.31	-1.54	0.769
path	6	-0.762	0.786	-0.098	0.48	AT1G34370	8.69	9.0	0.31	-0.99	0.77
path	6	-0.762	0.786	-0.098	0.48	AT2G18060	7.87	9.0	1.13	-0.99	0.77
path	6	-0.762	0.786	-0.098	0.48	AT4G22070	7.96	9.0	1.04	-0.99	0.77
path	6	-0.762	0.786	-1.214	0.624	AT3G13810	6.36	7.0	0.64	-1.01	0.77
path	6	-0.762	0.786	-1.214	0.624	AT4G11660	6.25	7.0	0.75	-1.01	0.77
path	6	0.342	0.461	0.314	0.298	AT1G54330	36.32	39.0	2.68	-2.64	0.771
path	6	-0.762	0.786	-1.214	0.624	AT3G56850	15.49	17.0	1.51	-1.69	0.772
path	6	0.342	0.461	1.125	0.376	AT2G24570	2.63	3.0	0.37	-0.49	0.772
path	6	0.342	0.461	1.125	0.376	AT2G30590	2.41	3.0	0.59	-0.49	0.772
path	6	0.342	0.461	1.125	0.376	AT3G45170	2.81	3.0	0.19	-0.49	0.772
path	6	0.342	0.461	1.125	0.376	AT5G56930	2.85	3.0	0.15	-0.49	0.772
path	6	0.342	0.461	0.314	0.298	AT1G69780	35.33	38.0	2.67	-2.63	0.773
path	6	0.342	0.461	1.125	0.376	AT3G47500	28.4	31.0	2.6	-2.39	0.773
path	6	-0.762	0.786	-0.098	0.48	AT5G04390	9.3	10.0	0.7	-1.1	0.775
path	6	-0.762	0.786	-1.214	0.624	AT1G18570	2.82	3.0	0.18	-0.56	0.775
path	6	-0.762	0.786	-1.214	0.624	AT3G58630	2.73	3.0	0.27	-0.56	0.775
path	6	-0.762	0.786	-1.214	0.624	AT4G24470	2.73	3.0	0.27	-0.56	0.775
path	6	-0.762	0.786	-1.214	0.624	AT4G26640	2.46	3.0	0.54	-0.56	0.775
path	6	-0.762	0.786	-1.214	0.624	AT5G65510	2.61	3.0	0.39	-0.56	0.775
path	6	0.342	0.461	0.314	0.298	AT3G30210	12.94	14.0	1.06	-1.55	0.775
path	6	-0.762	0.786	-1.214	0.624	AT1G75240	7.97	9.0	1.03	-1.23	0.777
path	6	-0.762	0.786	-1.214	0.624	AT2G46590	7.89	9.0	1.11	-1.23	0.777
path	6	0.342	0.461	0.314	0.298	AT1G74480	20.71	23.0	2.29	-2.08	0.777
path	6	0.342	0.461	1.125	0.376	AT5G65410	38.84	42.0	3.16	-2.85	0.778
path	6	0.342	0.461	1.125	0.376	AT2G47070	26.52	29.0	2.48	-2.4	0.779
path	6	-0.762	0.786	-0.098	0.48	AT1G06180	10.3	11.0	0.7	-1.21	0.78
path	6	-0.762	0.786	-0.098	0.48	AT3G10113	10.08	11.0	0.92	-1.21	0.78
path	6	-0.762	0.786	-0.098	0.48	AT3G20310	25.96	28.0	2.04	-1.97	0.78
path	6	-0.762	0.786	-0.098	0.48	AT4G14770	9.77	11.0	1.23	-1.21	0.78
path	6	0.342	0.461	0.314	0.298	AT4G38620	6.53	7.0	0.47	-1.03	0.78
path	6	0.342	0.461	0.314	0.298	AT3G20770	10.99	13.0	2.01	-1.55	0.782
path	6	-0.762	0.786	-0.098	0.48	AT3G50260	19.07	21.0	1.93	-1.76	0.783
path	6	0.342	0.461	0.314	0.298	AT4G14770	30.13	33.0	2.87	-2.62	0.784
path	6	0.342	0.461	1.125	0.376	AT4G28500	36.6	39.0	2.4	-2.86	0.785
path	6	-0.762	0.786	-0.098	0.48	AT1G54330	10.85	12.0	1.15	-1.32	0.786
path	6	-0.762	0.786	-0.098	0.48	AT1G79580	10.7	12.0	1.3	-1.32	0.786
path	6	-0.762	0.786	-0.098	0.48	AT2G02540	10.54	12.0	1.46	-1.32	0.786
path	6	-0.762	0.786	-0.098	0.48	AT3G24520	10.54	12.0	1.46	-1.32	0.786
path	6	0.342	0.461	0.314	0.298	AT5G47660	29.77	32.0	2.23	-2.61	0.787
path	6	0.342	0.461	1.125	0.376	AT5G50570	5.37	6.0	0.63	-0.98	0.787
path	6	0.342	0.461	1.125	0.376	AT2G28920	10.12	11.0	0.88	-1.46	0.788
path	6	0.342	0.461	0.314	0.298	AT5G08130	5.33	6.0	0.67	-1.02	0.794
path	6	-0.762	0.786	-0.098	0.48	AT1G62300	12.73	14.0	1.27	-1.54	0.796
path	6	-0.762	0.786	-0.098	0.48	AT1G68320	13.0	14.0	1.0	-1.54	0.796
path	6	-0.762	0.786	-0.098	0.48	AT2G23320	12.35	14.0	1.65	-1.54	0.796
path	6	0.342	0.461	0.314	0.298	AT3G04060	26.43	29.0	2.57	-2.6	0.796
path	6	0.342	0.461	1.125	0.376	AT3G55370	44.52	48.0	3.48	-3.33	0.796
path	6	0.342	0.461	0.314	0.298	AT3G01470	10.2	11.0	0.8	-1.54	0.798
path	6	0.342	0.461	0.314	0.298	AT3G18400	38.74	42.0	3.26	-3.15	0.798
path	6	-0.762	0.786	-1.214	0.624	AT1G03840	5.37	6.0	0.63	-1.12	0.799
path	6	-0.762	0.786	-1.214	0.624	AT2G02070	5.28	6.0	0.72	-1.12	0.799
path	6	-0.762	0.786	-1.214	0.624	AT2G44940	5.11	6.0	0.89	-1.12	0.799
path	6	0.342	0.461	0.314	0.298	AT1G79580	37.98	41.0	3.02	-3.14	0.8
path	6	-0.762	0.786	-0.098	0.48	AT2G31230	22.54	24.0	1.46	-2.09	0.802
path	6	-0.762	0.786	-0.098	0.48	AT3G10500	13.79	15.0	1.21	-1.65	0.802
path	6	-0.762	0.786	-0.098	0.48	AT1G23810	0.87	1.0	0.13	-0.11	0.803
path	6	-0.762	0.786	-0.098	0.48	AT1G32510	0.96	1.0	0.04	-0.11	0.803
path	6	-0.762	0.786	-0.098	0.48	AT1G76870	0.92	1.0	0.08	-0.11	0.803
path	6	-0.762	0.786	-0.098	0.48	AT2G15660	0.81	1.0	0.19	-0.11	0.803
path	6	-0.762	0.786	-0.098	0.48	AT2G42590	0.81	1.0	0.19	-0.11	0.803
path	6	-0.762	0.786	-0.098	0.48	AT3G02990	0.78	1.0	0.22	-0.11	0.803
path	6	-0.762	0.786	-0.098	0.48	AT3G13040	0.95	1.0	0.05	-0.11	0.803
path	6	-0.762	0.786	-0.098	0.48	AT3G13350	0.87	1.0	0.13	-0.11	0.803
path	6	-0.762	0.786	-0.098	0.48	AT4G28110	0.93	1.0	0.07	-0.11	0.803
path	6	-0.762	0.786	-0.098	0.48	AT5G14960	0.85	1.0	0.15	-0.11	0.803
path	6	-0.762	0.786	-0.098	0.48	AT5G18090	0.96	1.0	0.04	-0.11	0.803
path	6	-0.762	0.786	-0.098	0.48	AT5G38800	0.99	1.0	0.01	-0.11	0.803
path	6	-0.762	0.786	-0.098	0.48	AT5G40330	0.95	1.0	0.05	-0.11	0.803
path	6	-0.762	0.786	-0.098	0.48	AT5G61270	0.93	1.0	0.07	-0.11	0.803
path	6	-0.762	0.786	-0.098	0.48	AT5G67000	0.93	1.0	0.07	-0.11	0.803
path	6	0.342	0.461	1.125	0.376	AT1G80840	4.49	5.0	0.51	-0.98	0.805
path	6	0.342	0.461	1.125	0.376	AT3G04070	4.4	5.0	0.6	-0.98	0.805
path	6	-0.762	0.786	-1.214	0.624	AT2G43000	8.8	10.0	1.2	-1.57	0.806
path	6	-0.762	0.786	-1.214	0.624	AT5G16820	8.93	10.0	1.07	-1.57	0.806
path	6	0.342	0.461	1.125	0.376	AT2G06200	13.7	15.0	1.3	-1.94	0.806
path	6	-0.762	0.786	-0.098	0.48	AT5G13080	14.34	16.0	1.66	-1.76	0.807
path	6	0.342	0.461	0.314	0.298	AT5G03150	9.1	10.0	0.9	-1.54	0.807
path	6	0.342	0.461	1.125	0.376	AT3G03660	1.85	2.0	0.15	-0.49	0.811
path	6	0.342	0.461	1.125	0.376	AT5G10510	1.83	2.0	0.17	-0.49	0.811
path	6	0.342	0.461	0.314	0.298	AT2G42200	31.13	34.0	2.87	-3.12	0.815
path	6	0.342	0.461	0.314	0.298	AT3G48160	1.86	2.0	0.14	-0.51	0.816
path	6	0.342	0.461	0.314	0.298	AT5G16600	1.88	2.0	0.12	-0.51	0.816
path	6	0.342	0.461	1.125	0.376	AT3G26620	18.4	20.0	1.6	-2.43	0.818
path	6	0.342	0.461	1.125	0.376	AT1G52880	25.09	28.0	2.91	-2.9	0.819
path	6	0.342	0.461	0.314	0.298	AT2G02820	40.71	45.0	4.29	-3.66	0.822
path	6	0.342	0.461	0.314	0.298	AT1G34670	40.19	43.0	2.81	-3.65	0.825
path	6	0.342	0.461	0.314	0.298	AT2G43000	39.51	43.0	3.49	-3.65	0.825
path	6	0.342	0.461	0.314	0.298	AT5G66300	19.43	21.0	1.57	-2.58	0.825
path	6	-0.762	0.786	-1.214	0.624	AT1G30490	6.3	7.0	0.7	-1.45	0.826
path	6	-0.762	0.786	-1.214	0.624	AT1G49560	6.15	7.0	0.85	-1.45	0.826
path	6	-0.762	0.786	-1.214	0.624	AT3G12730	6.18	7.0	0.82	-1.45	0.826
path	6	-0.762	0.786	-0.098	0.48	AT5G05550	17.94	20.0	2.06	-2.2	0.827
path	6	-0.762	0.786	-1.214	0.624	AT2G20400	8.22	9.0	0.78	-1.68	0.827
path	6	-0.762	0.786	-1.214	0.624	AT4G25470	7.84	9.0	1.16	-1.68	0.827
path	6	0.342	0.461	0.314	0.298	AT1G06850	27.69	30.0	2.31	-3.11	0.827
path	6	-0.762	0.786	-1.214	0.624	AT5G06950	14.82	16.0	1.18	-2.24	0.828
path	6	-0.762	0.786	-1.214	0.624	AT1G13300	0.85	1.0	0.15	-0.33	0.831
path	6	-0.762	0.786	-1.214	0.624	AT1G32240	0.78	1.0	0.22	-0.33	0.831
path	6	-0.762	0.786	-1.214	0.624	AT1G69560	0.83	1.0	0.17	-0.33	0.831
path	6	-0.762	0.786	-1.214	0.624	AT1G76880	0.92	1.0	0.08	-0.33	0.831
path	6	-0.762	0.786	-1.214	0.624	AT2G38300	0.87	1.0	0.13	-0.33	0.831
path	6	-0.762	0.786	-1.214	0.624	AT3G20840	0.9	1.0	0.1	-0.33	0.831
path	6	-0.762	0.786	-1.214	0.624	AT3G26620	4.45	5.0	0.55	-1.23	0.831
path	6	-0.762	0.786	-1.214	0.624	AT4G01720	0.86	1.0	0.14	-0.33	0.831
path	6	-0.762	0.786	-1.214	0.624	AT4G24020	0.92	1.0	0.08	-0.33	0.831
path	6	-0.762	0.786	-1.214	0.624	AT5G10510	0.94	1.0	0.06	-0.33	0.831
path	6	-0.762	0.786	-1.214	0.624	AT5G39820	0.79	1.0	0.21	-0.33	0.831
path	6	0.342	0.461	0.314	0.298	AT1G19210	51.65	56.0	4.35	-4.2	0.831
path	6	-0.762	0.786	-1.214	0.624	AT1G53230	1.76	2.0	0.24	-0.67	0.833
path	6	-0.762	0.786	-1.214	0.624	AT3G27010	1.78	2.0	0.22	-0.67	0.833
path	6	0.342	0.461	0.314	0.298	AT1G49010	24.7	28.0	3.3	-3.1	0.833
path	6	0.342	0.461	0.314	0.298	AT1G51220	26.0	28.0	2.0	-3.1	0.833
path	6	0.342	0.461	0.314	0.298	AT2G45650	3.55	4.0	0.45	-1.02	0.833
path	6	0.342	0.461	0.314	0.298	AT3G12720	25.63	28.0	2.37	-3.1	0.833
path	6	0.342	0.461	1.125	0.376	AT2G20110	30.18	33.0	2.82	-3.38	0.834
path	6	-0.762	0.786	-1.214	0.624	AT1G34180	11.98	13.0	1.02	-2.13	0.836
path	6	-0.762	0.786	-0.098	0.48	AT2G22430	6.94	8.0	1.06	-1.44	0.837
path	6	-0.762	0.786	-0.098	0.48	AT3G23210	6.67	7.0	0.33	-1.33	0.837
path	6	-0.762	0.786	-0.098	0.48	AT5G46350	6.21	7.0	0.79	-1.33	0.837
path	6	0.342	0.461	1.125	0.376	AT1G68320	29.69	32.0	2.31	-3.38	0.837
path	6	-0.762	0.786	-0.098	0.48	AT1G04880	5.43	6.0	0.57	-1.22	0.838
path	6	0.342	0.461	1.125	0.376	AT1G34180	38.06	41.0	2.94	-3.85	0.84
path	6	0.342	0.461	1.125	0.376	AT2G24430	27.98	31.0	3.02	-3.39	0.84
path	6	-0.762	0.786	-0.098	0.48	AT1G75390	4.62	5.0	0.38	-1.11	0.841
path	6	-0.762	0.786	-0.098	0.48	AT2G46130	4.53	5.0	0.47	-1.11	0.841
path	6	0.342	0.461	0.314	0.298	AT1G43700	6.25	7.0	0.75	-1.53	0.841
path	6	0.342	0.461	0.314	0.298	AT5G39820	6.38	7.0	0.62	-1.53	0.841
path	6	-0.762	0.786	-0.098	0.48	AT1G28470	9.75	11.0	1.25	-1.77	0.842
path	6	-0.762	0.786	-0.098	0.48	AT1G72740	10.13	11.0	0.87	-1.77	0.842
path	6	-0.762	0.786	-0.098	0.48	AT2G30250	9.38	11.0	1.62	-1.77	0.842
path	6	-0.762	0.786	-0.098	0.48	AT3G15210	20.96	23.0	2.04	-2.53	0.842
path	6	-0.762	0.786	-0.098	0.48	AT5G26170	9.42	11.0	1.58	-1.77	0.842
path	6	-0.762	0.786	-0.098	0.48	AT1G25340	11.12	12.0	0.88	-1.88	0.844
path	6	-0.762	0.786	-0.098	0.48	AT1G30650	10.55	12.0	1.45	-1.88	0.844
path	6	0.342	0.461	1.125	0.376	AT1G65910	36.31	39.0	2.69	-3.86	0.845
path	6	0.342	0.461	1.125	0.376	AT3G03200	36.18	39.0	2.82	-3.86	0.845
path	6	0.342	0.461	0.314	0.298	AT1G53230	10.31	11.0	0.69	-2.04	0.846
path	6	-0.762	0.786	-0.098	0.48	AT3G23240	12.1	13.0	0.9	-1.99	0.847
path	6	-0.762	0.786	-0.098	0.48	AT3G45150	3.78	4.0	0.22	-1.0	0.847
path	6	-0.762	0.786	-0.098	0.48	AT5G08130	3.71	4.0	0.29	-1.0	0.847
path	6	0.342	0.461	1.125	0.376	AT3G10500	35.21	38.0	2.79	-3.86	0.847
path	6	-0.762	0.786	-1.214	0.624	AT2G18350	7.13	8.0	0.87	-1.79	0.849
path	6	-0.762	0.786	-1.214	0.624	AT3G22830	7.06	8.0	0.94	-1.79	0.849
path	6	-0.762	0.786	-1.214	0.624	AT3G55370	6.79	8.0	1.21	-1.79	0.849
path	6	-0.762	0.786	-1.214	0.624	AT4G18770	6.97	8.0	1.03	-1.79	0.849
path	6	0.342	0.461	0.314	0.298	AT2G31230	28.6	32.0	3.4	-3.62	0.851
path	6	0.342	0.461	0.314	0.298	AT3G10800	20.8	23.0	2.2	-3.09	0.851
path	6	-0.762	0.786	-1.214	0.624	AT4G05100	5.48	6.0	0.52	-1.56	0.852
path	6	-0.762	0.786	-0.098	0.48	AT2G33710	13.5	15.0	1.5	-2.21	0.853
path	6	-0.762	0.786	-0.098	0.48	AT4G01280	13.63	15.0	1.37	-2.21	0.853
path	6	-0.762	0.786	-1.214	0.624	AT5G64750	10.72	12.0	1.28	-2.24	0.853
path	6	0.342	0.461	1.125	0.376	AT5G13180	33.12	36.0	2.88	-3.87	0.853
path	6	-0.762	0.786	-0.098	0.48	AT4G16750	14.35	16.0	1.65	-2.32	0.856
path	6	0.342	0.461	1.125	0.376	AT5G18270	32.0	35.0	3.0	-3.87	0.856
path	6	-0.762	0.786	-0.098	0.48	AT1G14580	2.67	3.0	0.33	-0.89	0.857
path	6	-0.762	0.786	-0.098	0.48	AT1G21910	2.78	3.0	0.22	-0.89	0.857
path	6	-0.762	0.786	-0.098	0.48	AT5G13790	2.58	3.0	0.42	-0.89	0.857
path	6	0.342	0.461	0.314	0.298	AT3G06490	13.77	15.0	1.23	-2.56	0.857
path	6	0.342	0.461	0.314	0.298	AT4G25480	50.04	54.0	3.96	-4.69	0.857
path	6	0.342	0.461	0.314	0.298	AT5G02840	13.78	15.0	1.22	-2.56	0.857
path	6	0.342	0.461	0.314	0.298	AT3G01220	37.16	40.0	2.84	-4.14	0.858
path	6	0.342	0.461	0.314	0.298	AT3G20840	2.72	3.0	0.28	-1.01	0.859
path	6	-0.762	0.786	-0.098	0.48	AT4G31800	15.35	17.0	1.65	-2.43	0.86
path	6	0.342	0.461	1.125	0.376	AT3G15270	39.52	43.0	3.48	-4.34	0.86
path	6	0.342	0.461	1.125	0.376	AT5G60850	39.73	43.0	3.27	-4.34	0.86
path	6	-0.762	0.786	-0.098	0.48	AT4G32730	15.78	18.0	2.22	-2.54	0.863
path	6	0.342	0.461	1.125	0.376	AT1G28470	39.1	42.0	2.9	-4.35	0.863
path	6	-0.762	0.786	-1.214	0.624	AT3G50410	3.29	4.0	0.71	-1.34	0.864
path	6	-0.762	0.786	-1.214	0.624	AT3G60580	3.55	4.0	0.45	-1.34	0.864
path	6	0.342	0.461	0.314	0.298	AT5G62380	34.4	37.0	2.6	-4.13	0.864
path	6	0.342	0.461	0.314	0.298	AT2G36270	44.46	49.0	4.54	-4.68	0.865
path	6	-0.762	0.786	-0.098	0.48	AT1G34190	17.69	19.0	1.31	-2.65	0.866
path	6	0.342	0.461	1.125	0.376	AT1G69560	4.52	5.0	0.48	-1.48	0.867
path	6	0.342	0.461	1.125	0.376	AT5G67300	4.55	5.0	0.45	-1.48	0.867
path	6	-0.762	0.786	-1.214	0.624	AT1G71696	8.1	9.0	0.9	-2.12	0.868
path	6	-0.762	0.786	-1.214	0.624	AT1G77200	7.76	9.0	1.24	-2.12	0.868
path	6	-0.762	0.786	-1.214	0.624	AT4G25490	9.75	11.0	1.25	-2.35	0.869
path	6	-0.762	0.786	-0.098	0.48	AT1G68550	18.3	20.0	1.7	-2.76	0.87
path	6	-0.762	0.786	-1.214	0.624	AT5G63260	5.93	7.0	1.07	-1.9	0.871
path	6	0.342	0.461	0.314	0.298	AT4G01500	4.41	5.0	0.59	-1.52	0.872
path	6	0.342	0.461	0.314	0.298	AT4G26030	31.71	34.0	2.29	-4.12	0.872
path	6	-0.762	0.786	-0.098	0.48	AT1G06280	19.05	21.0	1.95	-2.87	0.873
path	6	0.342	0.461	0.314	0.298	AT2G23340	29.9	33.0	3.1	-4.12	0.874
path	6	0.342	0.461	1.125	0.376	AT1G32510	0.91	1.0	0.09	-0.5	0.874
path	6	0.342	0.461	1.125	0.376	AT2G21900	0.81	1.0	0.19	-0.5	0.874
path	6	-0.762	0.786	-0.098	0.48	AT1G69690	1.73	2.0	0.27	-0.78	0.876
path	6	-0.762	0.786	-0.098	0.48	AT2G03340	1.49	2.0	0.51	-0.78	0.876
path	6	-0.762	0.786	-0.098	0.48	AT2G17950	1.74	2.0	0.26	-0.78	0.876
path	6	-0.762	0.786	-0.098	0.48	AT3G30530	1.9	2.0	0.1	-0.78	0.876
path	6	-0.762	0.786	-0.098	0.48	AT4G38620	1.8	2.0	0.2	-0.78	0.876
path	6	-0.762	0.786	-0.098	0.48	AT5G44160	1.8	2.0	0.2	-0.78	0.876
path	6	0.342	0.461	0.314	0.298	AT1G27360	0.78	1.0	0.22	-0.5	0.877
path	6	0.342	0.461	0.314	0.298	AT2G17900	0.89	1.0	0.11	-0.5	0.877
path	6	0.342	0.461	0.314	0.298	AT2G41835	0.86	1.0	0.14	-0.5	0.877
path	6	0.342	0.461	0.314	0.298	AT5G40330	0.89	1.0	0.11	-0.5	0.877
path	6	0.342	0.461	0.314	0.298	AT5G48670	0.95	1.0	0.05	-0.5	0.877
path	6	-0.762	0.786	-1.214	0.624	AT1G47655	4.28	5.0	0.72	-1.67	0.879
path	6	0.342	0.461	0.314	0.298	AT1G18330	27.49	30.0	2.51	-4.11	0.882
path	6	0.342	0.461	0.314	0.298	AT5G47370	27.3	30.0	2.7	-4.11	0.882
path	6	0.342	0.461	1.125	0.376	AT5G46590	13.89	15.0	1.11	-2.94	0.882
path	6	-0.762	0.786	-0.098	0.48	AT5G25190	22.06	24.0	1.94	-3.2	0.884
path	6	0.342	0.461	1.125	0.376	AT2G32460	23.6	26.0	2.4	-3.9	0.884
path	6	-0.762	0.786	-1.214	0.624	AT1G18330	9.14	10.0	0.86	-2.46	0.885
path	6	-0.762	0.786	-1.214	0.624	AT1G33240	8.99	10.0	1.01	-2.46	0.885
path	6	-0.762	0.786	-1.214	0.624	AT5G22990	8.79	10.0	1.21	-2.46	0.885
path	6	0.342	0.461	1.125	0.376	AT5G06100	30.29	33.0	2.71	-4.38	0.886
path	6	-0.762	0.786	-1.214	0.624	AT3G60490	7.06	8.0	0.94	-2.23	0.887
path	6	-0.762	0.786	-1.214	0.624	AT2G04038	12.65	14.0	1.35	-2.91	0.888
path	6	-0.762	0.786	-0.098	0.48	AT1G69490	9.84	11.0	1.16	-2.32	0.889
path	6	-0.762	0.786	-0.098	0.48	AT2G01930	7.88	9.0	1.12	-2.1	0.889
path	6	-0.762	0.786	-0.098	0.48	AT3G17730	8.74	10.0	1.26	-2.21	0.889
path	6	-0.762	0.786	-0.098	0.48	AT4G01250	7.86	9.0	1.14	-2.1	0.889
path	6	-0.762	0.786	-0.098	0.48	AT5G24110	8.94	10.0	1.06	-2.21	0.889
path	6	-0.762	0.786	-0.098	0.48	AT5G52830	9.68	11.0	1.32	-2.32	0.889
path	6	-0.762	0.786	-0.098	0.48	AT1G79180	7.33	8.0	0.67	-1.99	0.89
path	6	-0.762	0.786	-0.098	0.48	AT4G27950	11.23	12.0	0.77	-2.43	0.89
path	6	0.342	0.461	0.314	0.298	AT2G04038	32.09	36.0	3.91	-4.63	0.89
path	6	0.342	0.461	0.314	0.298	AT3G12820	14.0	15.0	1.0	-3.06	0.89
path	6	0.342	0.461	0.314	0.298	AT4G01280	32.82	36.0	3.18	-4.63	0.89
path	6	0.342	0.461	0.314	0.298	AT5G62470	13.71	15.0	1.29	-3.06	0.89
path	6	0.342	0.461	1.125	0.376	AT4G17460	1.85	2.0	0.15	-0.99	0.89
path	6	0.342	0.461	1.125	0.376	AT5G52170	1.83	2.0	0.17	-0.99	0.89
path	6	-0.762	0.786	-0.098	0.48	AT1G52880	11.74	13.0	1.26	-2.54	0.891
path	6	0.342	0.461	0.314	0.298	AT2G45680	3.52	4.0	0.48	-1.52	0.891
path	6	0.342	0.461	0.314	0.298	AT3G23250	3.56	4.0	0.44	-1.52	0.891
path	6	0.342	0.461	0.314	0.298	AT4G18890	3.3	4.0	0.7	-1.52	0.891
path	6	-0.762	0.786	-0.098	0.48	AT1G44830	6.46	7.0	0.54	-1.88	0.892
path	6	-0.762	0.786	-0.098	0.48	AT2G23290	12.68	14.0	1.32	-2.65	0.892
path	6	-0.762	0.786	-1.214	0.624	AT5G11260	14.55	16.0	1.45	-3.13	0.892
path	6	0.342	0.461	1.125	0.376	AT1G31140	21.68	24.0	2.32	-3.91	0.892
path	6	-0.762	0.786	-1.214	0.624	AT5G06960	5.32	6.0	0.68	-2.01	0.893
path	6	-0.762	0.786	-0.098	0.48	AT1G22810	13.75	15.0	1.25	-2.76	0.894
path	6	-0.762	0.786	-0.098	0.48	AT2G22540	13.56	15.0	1.44	-2.76	0.894
path	6	0.342	0.461	1.125	0.376	AT1G76420	27.2	30.0	2.8	-4.39	0.894
path	6	0.342	0.461	0.314	0.298	AT1G22810	31.08	34.0	2.92	-4.63	0.895
path	6	-0.762	0.786	-0.098	0.48	AT1G12610	5.2	6.0	0.8	-1.77	0.896
path	6	-0.762	0.786	-0.098	0.48	AT2G26960	5.24	6.0	0.76	-1.77	0.896
path	6	-0.762	0.786	-0.098	0.48	AT4G29230	5.14	6.0	0.86	-1.77	0.896
path	6	-0.762	0.786	-0.098	0.48	AT5G47220	5.38	6.0	0.62	-1.77	0.896
path	6	0.342	0.461	0.314	0.298	AT1G69010	39.07	43.0	3.93	-5.16	0.896
path	6	0.342	0.461	0.314	0.298	AT3G13810	17.13	19.0	1.87	-3.57	0.897
path	6	0.342	0.461	0.314	0.298	AT4G00250	16.71	19.0	2.29	-3.57	0.897
path	6	0.342	0.461	1.125	0.376	AT2G18350	26.49	29.0	2.51	-4.39	0.897
path	6	-0.762	0.786	-1.214	0.624	AT2G35530	18.41	20.0	1.59	-3.58	0.9
path	6	-0.762	0.786	-1.214	0.624	AT5G56110	9.77	11.0	1.23	-2.79	0.9
path	6	0.342	0.461	0.314	0.298	AT1G63030	5.58	6.0	0.42	-2.03	0.9
path	6	0.342	0.461	0.314	0.298	AT1G75080	5.38	6.0	0.62	-2.03	0.9
path	6	0.342	0.461	0.314	0.298	AT4G34410	37.24	41.0	3.76	-5.15	0.9
path	6	0.342	0.461	0.314	0.298	AT5G67450	5.44	6.0	0.56	-2.03	0.9
path	6	-0.762	0.786	-1.214	0.624	AT5G51990	7.73	9.0	1.27	-2.57	0.901
path	6	0.342	0.461	1.125	0.376	AT1G01720	31.62	35.0	3.38	-4.87	0.901
path	6	0.342	0.461	1.125	0.376	AT1G69570	31.96	35.0	3.04	-4.87	0.901
path	6	0.342	0.461	0.314	0.298	AT5G10280	12.19	13.0	0.81	-3.05	0.902
path	6	-0.762	0.786	-1.214	0.624	AT1G26960	6.07	7.0	0.93	-2.34	0.906
path	6	-0.762	0.786	-1.214	0.624	AT3G62420	15.43	17.0	1.57	-3.47	0.906
path	6	0.342	0.461	1.125	0.376	AT1G64620	37.86	41.0	3.14	-5.35	0.906
path	6	-0.762	0.786	-1.214	0.624	AT2G41690	0.79	1.0	0.21	-0.78	0.907
path	6	-0.762	0.786	-1.214	0.624	AT3G47600	0.84	1.0	0.16	-0.78	0.907
path	6	-0.762	0.786	-1.214	0.624	AT4G14410	0.98	1.0	0.02	-0.78	0.907
path	6	-0.762	0.786	-1.214	0.624	AT4G32800	0.61	1.0	0.39	-0.78	0.907
path	6	-0.762	0.786	-1.214	0.624	AT5G62470	3.55	4.0	0.45	-1.78	0.907
path	6	-0.762	0.786	-1.214	0.624	AT5G67300	0.84	1.0	0.16	-0.78	0.907
path	6	0.342	0.461	0.314	0.298	AT5G29000	19.51	22.0	2.49	-4.09	0.908
path	6	-0.762	0.786	-0.098	0.48	AT1G06850	3.01	4.0	0.99	-1.55	0.909
path	6	-0.762	0.786	-0.098	0.48	AT3G12820	3.57	4.0	0.43	-1.55	0.909
path	6	-0.762	0.786	-0.098	0.48	AT3G21890	3.0	4.0	1.0	-1.55	0.909
path	6	0.342	0.461	1.125	0.376	AT3G46590	4.46	5.0	0.54	-1.98	0.911
path	6	0.342	0.461	0.314	0.298	AT1G79180	19.44	21.0	1.56	-4.08	0.912
path	6	0.342	0.461	0.314	0.298	AT2G01060	19.11	21.0	1.89	-4.08	0.912
path	6	0.342	0.461	0.314	0.298	AT3G11280	6.86	8.0	1.14	-2.53	0.912
path	6	0.342	0.461	0.314	0.298	AT4G24470	7.22	8.0	0.78	-2.53	0.912
path	6	0.342	0.461	0.314	0.298	AT5G67190	40.34	44.0	3.66	-5.66	0.912
path	6	-0.762	0.786	-0.098	0.48	AT1G10720	0.94	1.0	0.06	-0.67	0.913
path	6	-0.762	0.786	-0.098	0.48	AT1G27360	0.91	1.0	0.09	-0.67	0.913
path	6	-0.762	0.786	-0.098	0.48	AT2G45650	0.81	1.0	0.19	-0.67	0.913
path	6	-0.762	0.786	-0.098	0.48	AT5G07680	0.77	1.0	0.23	-0.67	0.913
path	6	-0.762	0.786	-0.098	0.48	AT5G16600	0.95	1.0	0.05	-0.67	0.913
path	6	-0.762	0.786	-0.098	0.48	AT5G25475	0.91	1.0	0.09	-0.67	0.913
path	6	0.342	0.461	0.314	0.298	AT1G76880	2.77	3.0	0.23	-1.51	0.913
path	6	0.342	0.461	0.314	0.298	AT5G44160	2.53	3.0	0.47	-1.51	0.913
path	6	-0.762	0.786	-1.214	0.624	AT1G09540	9.07	10.0	0.93	-2.9	0.914
path	6	0.342	0.461	0.314	0.298	AT3G27010	4.36	5.0	0.64	-2.02	0.915
path	6	0.342	0.461	0.314	0.298	AT5G14960	4.64	5.0	0.36	-2.02	0.915
path	6	0.342	0.461	1.125	0.376	AT4G00730	27.52	30.0	2.48	-4.88	0.915
path	6	0.342	0.461	1.125	0.376	AT4G38170	33.81	37.0	3.19	-5.36	0.915
path	6	-0.762	0.786	-1.214	0.624	AT1G20910	4.4	5.0	0.6	-2.12	0.916
path	6	-0.762	0.786	-1.214	0.624	AT1G70920	4.3	5.0	0.7	-2.12	0.916
path	6	0.342	0.461	1.125	0.376	AT1G08010	12.45	14.0	1.55	-3.44	0.916
path	6	-0.762	0.786	-1.214	0.624	AT3G10800	7.24	8.0	0.76	-2.68	0.917
path	6	-0.762	0.786	-1.214	0.624	AT4G36740	6.91	8.0	1.09	-2.68	0.917
path	6	-0.762	0.786	-1.214	0.624	AT5G05790	7.37	8.0	0.63	-2.68	0.917
path	6	0.342	0.461	1.125	0.376	AT3G52440	40.62	44.0	3.38	-5.84	0.917
path	6	0.342	0.461	0.314	0.298	AT1G36060	23.05	25.0	1.95	-4.6	0.919
path	6	-0.762	0.786	-0.098	0.48	AT2G01818	2.52	3.0	0.48	-1.44	0.92
path	6	-0.762	0.786	-0.098	0.48	AT2G30590	2.75	3.0	0.25	-1.44	0.92
path	6	-0.762	0.786	-0.098	0.48	AT2G33810	2.79	3.0	0.21	-1.44	0.92
path	6	0.342	0.461	0.314	0.298	AT1G45249	16.65	19.0	2.35	-4.08	0.92
path	6	0.342	0.461	0.314	0.298	AT4G10350	28.43	31.0	2.57	-5.12	0.921
path	6	0.342	0.461	1.125	0.376	AT1G14687	31.12	34.0	2.88	-5.37	0.922
path	6	0.342	0.461	1.125	0.376	AT5G67580	15.13	17.0	1.87	-3.93	0.922
path	6	0.342	0.461	0.314	0.298	AT2G18160	33.96	38.0	4.04	-5.64	0.923
path	6	-0.762	0.786	-0.098	0.48	AT2G23340	10.67	12.0	1.33	-2.99	0.924
path	6	-0.762	0.786	-0.098	0.48	AT2G38340	12.49	14.0	1.51	-3.21	0.924
path	6	-0.762	0.786	-1.214	0.624	AT3G44480	5.13	6.0	0.87	-2.45	0.924
path	6	-0.762	0.786	-1.214	0.624	AT4G10350	5.11	6.0	0.89	-2.45	0.924
path	6	0.342	0.461	0.314	0.298	AT3G23240	15.91	18.0	2.09	-4.07	0.924
path	6	-0.762	0.786	-0.098	0.48	AT3G03200	8.78	10.0	1.22	-2.77	0.925
path	6	-0.762	0.786	-0.098	0.48	AT5G67190	13.43	15.0	1.57	-3.32	0.925
path	6	0.342	0.461	0.314	0.298	AT1G09540	34.29	37.0	2.71	-5.64	0.925
path	6	0.342	0.461	0.314	0.298	AT1G74650	33.87	37.0	3.13	-5.64	0.925
path	6	0.342	0.461	0.314	0.298	AT2G45420	33.77	37.0	3.23	-5.64	0.925
path	6	-0.762	0.786	-0.098	0.48	AT5G18560	8.04	9.0	0.96	-2.66	0.926
path	6	0.342	0.461	1.125	0.376	AT3G22830	23.29	26.0	2.71	-4.9	0.926
path	6	0.342	0.461	1.125	0.376	AT3G25990	8.1	9.0	0.9	-2.96	0.926
path	6	-0.762	0.786	-0.098	0.48	AT1G28370	15.38	17.0	1.62	-3.54	0.927
path	6	-0.762	0.786	-1.214	0.624	AT1G02230	8.1	9.0	0.9	-3.01	0.927
path	6	-0.762	0.786	-1.214	0.624	AT1G12630	7.79	9.0	1.21	-3.01	0.927
path	6	-0.762	0.786	-1.214	0.624	AT5G06839	7.9	9.0	1.1	-3.01	0.927
path	6	0.342	0.461	1.125	0.376	AT5G07100	3.29	4.0	0.71	-1.98	0.927
path	6	-0.762	0.786	-0.098	0.48	AT1G36060	7.16	8.0	0.84	-2.55	0.928
path	6	-0.762	0.786	-0.098	0.48	AT3G11020	7.11	8.0	0.89	-2.55	0.928
path	6	-0.762	0.786	-0.098	0.48	AT5G17800	6.98	8.0	1.02	-2.55	0.928
path	6	0.342	0.461	0.314	0.298	AT2G46680	25.8	28.0	2.2	-5.11	0.928
path	6	0.342	0.461	0.314	0.298	AT1G12260	32.43	35.0	2.57	-5.63	0.929
path	6	0.342	0.461	0.314	0.298	AT2G35530	38.37	43.0	4.63	-6.16	0.929
path	6	0.342	0.461	1.125	0.376	AT4G31550	5.04	6.0	0.96	-2.47	0.929
path	6	-0.762	0.786	-0.098	0.48	AT1G55110	6.06	7.0	0.94	-2.44	0.931
path	6	-0.762	0.786	-0.098	0.48	AT5G62380	5.88	7.0	1.12	-2.44	0.931
path	6	0.342	0.461	0.314	0.298	AT1G69180	24.61	27.0	2.39	-5.11	0.931
path	6	0.342	0.461	0.314	0.298	AT2G02080	24.54	27.0	2.46	-5.11	0.931
path	6	0.342	0.461	0.314	0.298	AT2G30340	24.55	27.0	2.45	-5.11	0.931
path	6	0.342	0.461	0.314	0.298	AT3G11020	24.93	27.0	2.07	-5.11	0.931
path	6	0.342	0.461	0.314	0.298	AT5G14340	3.7	4.0	0.3	-2.02	0.931
path	6	0.342	0.461	1.125	0.376	AT2G46590	33.81	37.0	3.19	-5.86	0.931
path	6	0.342	0.461	1.125	0.376	AT5G62940	27.52	30.0	2.48	-5.38	0.932
path	6	-0.762	0.786	-1.214	0.624	AT2G03500	6.2	7.0	0.8	-2.79	0.933
path	6	0.342	0.461	0.314	0.298	AT3G23210	5.22	6.0	0.78	-2.53	0.933
path	6	0.342	0.461	0.314	0.298	AT5G03790	36.88	40.0	3.12	-6.15	0.934
path	6	-0.762	0.786	-0.098	0.48	AT3G12130	5.2	6.0	0.8	-2.33	0.935
path	6	-0.762	0.786	-0.098	0.48	AT5G63090	5.48	6.0	0.52	-2.33	0.935
path	6	-0.762	0.786	-1.214	0.624	AT3G11280	1.61	2.0	0.39	-1.56	0.936
path	6	-0.762	0.786	-1.214	0.624	AT3G61250	1.77	2.0	0.23	-1.56	0.936
path	6	-0.762	0.786	-1.214	0.624	AT5G03790	8.93	10.0	1.07	-3.35	0.936
path	6	0.342	0.461	0.314	0.298	AT5G47390	21.85	25.0	3.15	-5.1	0.936
path	6	-0.762	0.786	-0.098	0.48	AT1G77640	1.73	2.0	0.27	-1.33	0.937
path	6	-0.762	0.786	-0.098	0.48	AT3G51470	1.86	2.0	0.14	-1.33	0.937
path	6	-0.762	0.786	-0.098	0.48	AT5G25830	1.4	2.0	0.6	-1.33	0.937
path	6	0.342	0.461	1.125	0.376	AT5G38860	0.86	1.0	0.14	-0.99	0.937
path	6	-0.762	0.786	-1.214	0.624	AT5G09410	3.05	4.0	0.95	-2.23	0.938
path	6	0.342	0.461	0.314	0.298	AT1G32240	7.36	8.0	0.64	-3.04	0.939
path	6	0.342	0.461	0.314	0.298	AT1G76870	0.81	1.0	0.19	-1.01	0.939
path	6	0.342	0.461	0.314	0.298	AT2G38880	0.89	1.0	0.11	-1.01	0.939
path	6	0.342	0.461	0.314	0.298	AT2G44840	26.94	30.0	3.06	-5.62	0.939
path	6	0.342	0.461	0.314	0.298	AT3G22780	0.88	1.0	0.12	-1.01	0.939
path	6	0.342	0.461	0.314	0.298	AT3G61120	0.83	1.0	0.17	-1.01	0.939
path	6	0.342	0.461	0.314	0.298	AT4G24020	0.77	1.0	0.23	-1.01	0.939
path	6	-0.762	0.786	-1.214	0.624	AT1G69570	6.95	8.0	1.05	-3.12	0.94
path	6	-0.762	0.786	-1.214	0.624	AT3G04030	6.98	8.0	1.02	-3.12	0.94
path	6	0.342	0.461	0.314	0.298	AT1G03800	40.82	45.0	4.18	-6.67	0.94
path	6	0.342	0.461	0.314	0.298	AT5G10140	1.75	2.0	0.25	-1.51	0.94
path	6	0.342	0.461	0.314	0.298	AT1G49560	20.54	23.0	2.46	-5.09	0.942
path	6	0.342	0.461	1.125	0.376	AT2G17950	4.4	5.0	0.6	-2.48	0.942
path	6	-0.762	0.786	-1.214	0.624	AT5G10030	13.6	15.0	1.4	-4.13	0.943
path	6	0.342	0.461	0.314	0.298	AT1G69690	4.36	5.0	0.64	-2.52	0.944
path	6	0.342	0.461	0.314	0.298	AT3G56850	37.62	42.0	4.38	-6.66	0.944
path	6	0.342	0.461	1.125	0.376	AT3G02990	2.49	3.0	0.51	-1.98	0.946
path	6	-0.762	0.786	-0.098	0.48	AT3G25990	3.61	4.0	0.39	-2.11	0.947
path	6	-0.762	0.786	-1.214	0.624	AT4G01540	7.73	9.0	1.27	-3.46	0.947
path	6	-0.762	0.786	-1.214	0.624	AT5G29000	8.14	9.0	0.86	-3.46	0.947
path	6	0.342	0.461	1.125	0.376	AT3G53200	26.32	29.0	2.68	-5.88	0.948
path	6	-0.762	0.786	-0.098	0.48	AT2G45420	10.61	12.0	1.39	-3.54	0.949
path	6	-0.762	0.786	-0.098	0.48	AT3G08500	11.04	12.0	0.96	-3.54	0.949
path	6	-0.762	0.786	-0.098	0.48	AT4G37260	10.71	12.0	1.29	-3.54	0.949
path	6	-0.762	0.786	-1.214	0.624	AT4G17785	0.75	1.0	0.25	-1.22	0.949
path	6	-0.762	0.786	-1.214	0.624	AT4G28140	0.8	1.0	0.2	-1.22	0.949
path	6	0.342	0.461	0.314	0.298	AT5G64750	34.29	38.0	3.71	-6.65	0.95
path	6	0.342	0.461	1.125	0.376	AT2G15740	20.55	23.0	2.45	-5.41	0.95
path	6	-0.762	0.786	-0.098	0.48	AT2G45410	8.72	10.0	1.28	-3.32	0.951
path	6	0.342	0.461	1.125	0.376	AT1G08320	36.24	40.0	3.76	-6.85	0.951
path	6	0.342	0.461	1.125	0.376	AT4G01540	43.35	47.0	3.65	-7.32	0.951
path	6	-0.762	0.786	-1.214	0.624	AT1G69010	16.65	18.0	1.35	-4.69	0.952
path	6	0.342	0.461	0.314	0.298	AT3G62420	39.43	44.0	4.57	-7.17	0.952
path	6	0.342	0.461	1.125	0.376	AT1G34370	5.27	6.0	0.73	-2.97	0.953
path	6	0.342	0.461	1.125	0.376	AT3G01530	29.18	32.0	2.82	-6.37	0.953
path	6	-0.762	0.786	-1.214	0.624	AT2G42200	9.01	10.0	0.99	-3.79	0.954
path	6	0.342	0.461	1.125	0.376	AT2G41690	3.4	4.0	0.6	-2.48	0.954
path	6	0.342	0.461	1.125	0.376	AT5G07680	3.46	4.0	0.54	-2.48	0.954
path	6	-0.762	0.786	-0.098	0.48	AT1G53170	21.84	24.0	2.16	-4.86	0.955
path	6	-0.762	0.786	-0.098	0.48	AT5G06100	6.83	8.0	1.17	-3.1	0.955
path	6	-0.762	0.786	-0.098	0.48	AT5G47230	2.62	3.0	0.38	-2.0	0.956
path	6	0.342	0.461	0.314	0.298	AT1G14580	5.22	6.0	0.78	-3.03	0.956
path	6	0.342	0.461	0.314	0.298	AT1G77640	5.38	6.0	0.62	-3.03	0.956
path	6	-0.762	0.786	-0.098	0.48	AT1G29860	5.63	7.0	1.37	-2.99	0.957
path	6	0.342	0.461	0.314	0.298	AT3G45150	3.49	4.0	0.51	-2.52	0.957
path	6	0.342	0.461	0.314	0.298	AT4G36780	36.13	40.0	3.87	-7.15	0.957
path	6	0.342	0.461	1.125	0.376	AT1G26960	27.31	30.0	2.69	-6.38	0.957
path	6	-0.762	0.786	-1.214	0.624	AT3G01220	7.02	8.0	0.98	-3.57	0.958
path	6	0.342	0.461	0.314	0.298	AT1G12610	20.14	22.0	1.86	-5.59	0.958
path	6	0.342	0.461	1.125	0.376	AT5G22990	31.5	35.0	3.5	-6.86	0.958
path	6	-0.762	0.786	-1.214	0.624	AT1G25550	2.45	3.0	0.55	-2.34	0.959
path	6	-0.762	0.786	-1.214	0.624	AT3G26790	3.62	4.0	0.38	-2.67	0.959
path	6	0.342	0.461	0.314	0.298	AT4G32730	40.84	46.0	5.16	-7.68	0.959
path	6	0.342	0.461	1.125	0.376	AT5G66940	36.95	40.0	3.05	-7.34	0.96
path	6	-0.762	0.786	-0.098	0.48	AT1G19790	5.45	6.0	0.55	-2.88	0.961
path	6	-0.762	0.786	-0.098	0.48	AT3G06490	5.47	6.0	0.53	-2.88	0.961
path	6	-0.762	0.786	-1.214	0.624	AT3G06740	4.4	5.0	0.6	-3.01	0.961
path	6	-0.762	0.786	-0.098	0.48	AT1G13400	0.75	1.0	0.25	-1.22	0.962
path	6	-0.762	0.786	-0.098	0.48	AT1G66370	0.75	1.0	0.25	-1.22	0.962
path	6	-0.762	0.786	-0.098	0.48	AT3G46590	0.77	1.0	0.23	-1.22	0.962
path	6	-0.762	0.786	-0.098	0.48	AT3G60530	0.71	1.0	0.29	-1.22	0.962
path	6	-0.762	0.786	-0.098	0.48	AT5G14340	0.87	1.0	0.13	-1.22	0.962
path	6	-0.762	0.786	-0.098	0.48	AT5G43840	0.72	1.0	0.28	-1.22	0.962
path	6	-0.762	0.786	-1.214	0.624	AT1G75080	1.79	2.0	0.21	-2.0	0.962
path	6	-0.762	0.786	-1.214	0.624	AT5G56840	7.7	9.0	1.3	-3.9	0.962
path	6	0.342	0.461	0.314	0.298	AT4G25470	40.63	44.0	3.37	-7.67	0.962
path	6	0.342	0.461	0.314	0.298	AT5G15830	39.6	44.0	4.4	-7.67	0.962
path	6	0.342	0.461	1.125	0.376	AT3G60530	4.33	5.0	0.67	-2.97	0.962
path	6	0.342	0.461	1.125	0.376	AT4G29230	21.0	23.0	2.0	-5.9	0.962
path	6	-0.762	0.786	-1.214	0.624	AT1G78700	14.65	16.0	1.35	-4.91	0.963
path	6	0.342	0.461	0.314	0.298	AT1G06280	46.46	51.0	4.54	-8.19	0.963
path	6	0.342	0.461	0.314	0.298	AT5G04390	14.36	16.0	1.64	-5.07	0.963
path	6	-0.762	0.786	-1.214	0.624	AT1G14687	5.0	6.0	1.0	-3.34	0.964
path	6	-0.762	0.786	-1.214	0.624	AT3G45610	4.94	6.0	1.06	-3.34	0.964
path	6	0.342	0.461	0.314	0.298	AT3G12730	21.63	24.0	2.37	-6.1	0.964
path	6	-0.762	0.786	-0.098	0.48	AT4G06746	4.33	5.0	0.67	-2.77	0.965
path	6	-0.762	0.786	-0.098	0.48	AT5G23930	16.47	18.0	1.53	-4.76	0.965
path	6	0.342	0.461	1.125	0.376	AT1G51600	1.78	2.0	0.22	-1.99	0.965
path	6	0.342	0.461	0.314	0.298	AT3G57600	1.56	2.0	0.44	-2.01	0.966
path	6	0.342	0.461	0.314	0.298	AT4G04450	1.55	2.0	0.45	-2.01	0.966
path	6	-0.762	0.786	-0.098	0.48	AT1G29280	9.42	11.0	1.58	-3.99	0.967
path	6	0.342	0.461	0.314	0.298	AT5G51990	42.32	46.0	3.68	-8.18	0.967
path	6	0.342	0.461	1.125	0.376	AT1G25340	22.96	25.0	2.04	-6.4	0.967
path	6	0.342	0.461	1.125	0.376	AT3G24050	9.92	11.0	1.08	-4.45	0.967
path	6	0.342	0.461	0.314	0.298	AT5G08520	23.51	27.0	3.49	-6.61	0.968
path	6	0.342	0.461	1.125	0.376	AT2G15660	2.55	3.0	0.45	-2.48	0.968
path	6	0.342	0.461	1.125	0.376	AT2G33810	2.5	3.0	0.5	-2.48	0.968
path	6	-0.762	0.786	-0.098	0.48	AT3G53200	8.84	10.0	1.16	-3.88	0.969
path	6	0.342	0.461	0.314	0.298	AT1G13300	2.56	3.0	0.44	-2.52	0.969
path	6	-0.762	0.786	-0.098	0.48	AT4G23550	7.61	9.0	1.39	-3.77	0.97
path	6	-0.762	0.786	-0.098	0.48	AT5G65130	8.28	9.0	0.72	-3.77	0.97
path	6	0.342	0.461	1.125	0.376	AT1G32870	30.18	33.0	2.82	-7.37	0.97
path	6	0.342	0.461	0.314	0.298	AT3G58630	5.22	6.0	0.78	-3.53	0.971
path	6	0.342	0.461	0.314	0.298	AT5G08330	15.3	17.0	1.7	-5.57	0.971
path	6	-0.762	0.786	-0.098	0.48	AT1G75490	7.08	8.0	0.92	-3.66	0.972
path	6	-0.762	0.786	-1.214	0.624	AT5G67450	0.81	1.0	0.19	-1.67	0.972
path	6	0.342	0.461	0.314	0.298	AT3G04030	26.04	29.0	2.96	-7.12	0.972
path	6	0.342	0.461	1.125	0.376	AT5G43840	3.35	4.0	0.65	-2.98	0.972
path	6	-0.762	0.786	-1.214	0.624	AT4G36780	14.67	16.0	1.33	-5.36	0.973
path	6	0.342	0.461	0.314	0.298	AT1G72010	11.47	13.0	1.53	-5.06	0.973
path	6	0.342	0.461	1.125	0.376	AT4G01250	19.37	22.0	2.63	-6.41	0.973
path	6	-0.762	0.786	-1.214	0.624	AT1G51700	2.22	3.0	0.78	-2.78	0.974
path	6	-0.762	0.786	-1.214	0.624	AT3G16280	4.11	5.0	0.89	-3.45	0.974
path	6	0.342	0.461	0.314	0.298	AT2G42430	24.47	27.0	2.53	-7.11	0.975
path	6	0.342	0.461	0.314	0.298	AT5G66700	48.9	53.0	4.1	-9.2	0.975
path	6	0.342	0.461	1.125	0.376	AT5G09410	22.26	25.0	2.74	-6.89	0.975
path	6	-0.762	0.786	-1.214	0.624	AT4G00730	5.14	6.0	0.86	-3.79	0.976
path	6	-0.762	0.786	-1.214	0.624	AT5G65310	8.74	10.0	1.26	-4.68	0.976
path	6	0.342	0.461	0.314	0.298	AT3G24120	33.51	37.0	3.49	-8.15	0.976
path	6	-0.762	0.786	-0.098	0.48	AT1G28160	13.51	15.0	1.49	-4.98	0.977
path	6	-0.762	0.786	-0.098	0.48	AT3G23250	2.81	3.0	0.19	-2.55	0.977
path	6	-0.762	0.786	-1.214	0.624	AT1G68670	1.62	2.0	0.38	-2.45	0.977
path	6	0.342	0.461	0.314	0.298	AT1G53170	44.96	50.0	5.04	-9.19	0.977
path	6	0.342	0.461	0.314	0.298	AT3G50260	44.49	49.0	4.51	-9.19	0.977
path	6	0.342	0.461	1.125	0.376	AT2G28810	34.93	38.0	3.07	-8.35	0.977
path	6	0.342	0.461	1.125	0.376	AT5G63260	34.9	38.0	3.1	-8.35	0.977
path	6	-0.762	0.786	-1.214	0.624	AT3G12250	11.63	13.0	1.37	-5.24	0.978
path	6	0.342	0.461	0.314	0.298	AT4G31060	30.7	34.0	3.3	-8.14	0.979
path	6	0.342	0.461	1.125	0.376	AT3G28920	38.76	42.0	3.24	-8.83	0.979
path	6	-0.762	0.786	-0.098	0.48	AT5G62000	4.15	5.0	0.85	-3.33	0.98
path	6	0.342	0.461	0.314	0.298	AT1G50640	29.65	33.0	3.35	-8.13	0.98
path	6	0.342	0.461	1.125	0.376	AT5G02460	37.61	41.0	3.39	-8.84	0.98
path	6	-0.762	0.786	-1.214	0.624	AT5G08520	7.8	9.0	1.2	-4.79	0.981
path	6	0.342	0.461	0.314	0.298	AT1G32150	39.32	44.0	4.68	-9.17	0.981
path	6	0.342	0.461	0.314	0.298	AT3G50700	7.08	8.0	0.92	-4.54	0.981
path	6	0.342	0.461	0.314	0.298	AT4G01680	20.97	23.0	2.03	-7.1	0.981
path	6	0.342	0.461	0.314	0.298	AT1G65620	1.61	2.0	0.39	-2.51	0.982
path	6	0.342	0.461	0.314	0.298	AT3G51470	1.67	2.0	0.33	-2.51	0.982
path	6	0.342	0.461	0.314	0.298	AT3G57230	1.64	2.0	0.36	-2.51	0.982
path	6	0.342	0.461	0.314	0.298	AT4G18450	1.55	2.0	0.45	-2.51	0.982
path	6	0.342	0.461	0.314	0.298	AT4G25490	39.37	43.0	3.63	-9.17	0.982
path	6	0.342	0.461	1.125	0.376	AT4G17980	34.86	38.0	3.14	-8.85	0.982
path	6	-0.762	0.786	-0.098	0.48	AT2G32460	6.96	8.0	1.04	-4.21	0.983
path	6	-0.762	0.786	-0.098	0.48	AT3G24050	0.53	1.0	0.47	-1.78	0.983
path	6	-0.762	0.786	-0.098	0.48	AT3G57230	0.85	1.0	0.15	-1.78	0.983
path	6	-0.762	0.786	-1.214	0.624	AT5G58900	4.1	5.0	0.9	-3.9	0.983
path	6	0.342	0.461	1.125	0.376	AT3G49530	28.6	31.0	2.4	-8.37	0.984
path	6	0.342	0.461	1.125	0.376	AT3G50410	20.96	23.0	2.04	-7.4	0.984
path	6	0.342	0.461	1.125	0.376	AT5G25830	9.61	11.0	1.39	-5.45	0.984
path	6	-0.762	0.786	-0.098	0.48	AT1G08010	1.33	2.0	0.67	-2.44	0.985
path	6	-0.762	0.786	-0.098	0.48	AT3G57600	1.81	2.0	0.19	-2.44	0.985
path	6	-0.762	0.786	-0.098	0.48	AT4G31550	1.58	2.0	0.42	-2.44	0.985
path	6	-0.762	0.786	-1.214	0.624	AT1G08320	9.7	11.0	1.3	-5.46	0.985
path	6	0.342	0.461	0.314	0.298	AT1G78700	34.07	38.0	3.93	-9.15	0.985
path	6	0.342	0.461	0.314	0.298	AT5G23930	29.43	33.0	3.57	-8.64	0.985
path	6	0.342	0.461	1.125	0.376	AT4G11660	13.83	16.0	2.17	-6.43	0.985
path	6	0.342	0.461	0.314	0.298	AT2G02070	20.91	23.0	2.09	-7.6	0.986
path	6	0.342	0.461	0.314	0.298	AT2G33710	27.51	31.0	3.49	-8.63	0.986
path	6	0.342	0.461	0.314	0.298	AT4G32800	9.88	11.0	1.12	-5.55	0.986
path	6	0.342	0.461	1.125	0.376	AT1G69490	18.32	21.0	2.68	-7.41	0.986
path	6	0.342	0.461	1.125	0.376	AT5G46350	13.17	15.0	1.83	-6.43	0.986
path	6	-0.762	0.786	-0.098	0.48	AT3G01970	4.63	6.0	1.37	-3.99	0.987
path	6	0.342	0.461	0.314	0.298	AT1G70920	23.97	26.0	2.03	-8.11	0.987
path	6	0.342	0.461	0.314	0.298	AT3G60580	11.71	13.0	1.29	-6.06	0.987
path	6	0.342	0.461	0.314	0.298	AT4G16750	37.15	41.0	3.85	-9.67	0.987
path	6	0.342	0.461	1.125	0.376	AT2G03340	8.82	10.0	1.18	-5.45	0.987
path	6	0.342	0.461	0.314	0.298	AT1G03840	13.16	15.0	1.84	-6.57	0.988
path	6	0.342	0.461	0.314	0.298	AT5G45580	25.77	29.0	3.23	-8.62	0.988
path	6	0.342	0.461	1.125	0.376	AT1G29280	37.35	41.0	3.65	-9.83	0.988
path	6	0.342	0.461	1.125	0.376	AT3G42860	12.25	14.0	1.75	-6.43	0.988
path	6	-0.762	0.786	-0.098	0.48	AT3G11440	7.74	9.0	1.26	-4.88	0.989
path	6	-0.762	0.786	-0.098	0.48	AT3G23220	4.47	5.0	0.53	-3.88	0.989
path	6	-0.762	0.786	-1.214	0.624	AT1G69780	5.08	6.0	0.92	-4.68	0.989
path	6	-0.762	0.786	-1.214	0.624	AT5G47370	4.07	5.0	0.93	-4.34	0.989
path	6	-0.762	0.786	-1.214	0.624	AT5G47390	3.92	5.0	1.08	-4.34	0.989
path	6	0.342	0.461	1.125	0.376	AT1G20910	17.27	19.0	1.73	-7.41	0.989
path	6	0.342	0.461	1.125	0.376	AT3G21890	27.68	30.0	2.32	-8.87	0.989
path	6	-0.762	0.786	-0.098	0.48	AT2G42430	6.92	8.0	1.08	-4.77	0.99
path	6	0.342	0.461	0.314	0.298	AT1G21910	1.49	2.0	0.51	-3.02	0.99
path	6	0.342	0.461	0.314	0.298	AT1G52150	21.04	23.0	1.96	-8.1	0.99
path	6	0.342	0.461	0.314	0.298	AT1G77200	37.4	41.0	3.6	-10.17	0.99
path	6	0.342	0.461	0.314	0.298	AT3G16280	23.43	26.0	2.57	-8.61	0.99
path	6	0.342	0.461	1.125	0.376	AT3G09735	22.2	25.0	2.8	-8.39	0.99
path	6	0.342	0.461	1.125	0.376	AT5G24110	22.55	25.0	2.45	-8.39	0.99
path	6	-0.762	0.786	-0.098	0.48	AT1G31140	6.0	7.0	1.0	-4.66	0.991
path	6	-0.762	0.786	-0.098	0.48	AT1G25580	3.4	4.0	0.6	-3.77	0.991
path	6	-0.762	0.786	-1.214	0.624	AT3G24120	7.8	9.0	1.2	-5.68	0.991
path	6	0.342	0.461	0.314	0.298	AT1G18570	3.49	4.0	0.51	-4.03	0.991
path	6	0.342	0.461	0.314	0.298	AT1G30490	19.97	22.0	2.03	-8.1	0.991
path	6	0.342	0.461	0.314	0.298	AT5G61620	21.43	25.0	3.57	-8.61	0.991
path	6	0.342	0.461	1.125	0.376	AT1G19040	4.33	5.0	0.67	-4.47	0.991
path	6	-0.762	0.786	-1.214	0.624	AT2G06200	1.55	2.0	0.45	-3.34	0.992
path	6	-0.762	0.786	-1.214	0.624	AT3G28910	0.59	1.0	0.41	-2.56	0.992
path	6	0.342	0.461	0.314	0.298	AT1G25550	8.41	10.0	1.59	-6.05	0.992
path	6	0.342	0.461	0.314	0.298	AT5G63090	6.8	8.0	1.2	-5.54	0.992
path	6	0.342	0.461	1.125	0.376	AT1G02250	23.83	26.0	2.17	-8.88	0.992
path	6	0.342	0.461	1.125	0.376	AT2G46130	4.92	6.0	1.08	-4.96	0.992
path	6	-0.762	0.786	-1.214	0.624	AT1G74840	3.05	4.0	0.95	-4.45	0.993
path	6	-0.762	0.786	-1.214	0.624	AT5G61620	4.77	6.0	1.23	-5.12	0.993
path	6	0.342	0.461	0.314	0.298	AT1G33240	32.07	35.0	2.93	-10.15	0.993
path	6	0.342	0.461	0.314	0.298	AT5G56840	25.21	29.0	3.79	-9.63	0.993
path	6	0.342	0.461	0.314	0.298	AT5G65130	12.32	14.0	1.68	-7.07	0.993
path	6	0.342	0.461	1.125	0.376	AT1G30650	28.66	32.0	3.34	-9.86	0.993
path	6	0.342	0.461	1.125	0.376	AT5G64060	28.35	31.0	2.65	-9.87	0.993
path	6	0.342	0.461	0.314	0.298	AT1G55110	18.82	21.0	2.18	-8.6	0.994
path	6	0.342	0.461	0.314	0.298	AT2G35700	28.77	32.0	3.23	-10.14	0.994
path	6	0.342	0.461	0.314	0.298	AT3G60490	24.26	27.0	2.74	-9.62	0.994
path	6	0.342	0.461	1.125	0.376	AT2G18380	17.72	20.0	2.28	-8.41	0.994
path	6	0.342	0.461	1.125	0.376	AT4G01550	23.74	26.0	2.26	-9.38	0.994
path	6	0.342	0.461	1.125	0.376	AT5G16820	21.92	25.0	3.08	-9.39	0.994
path	6	0.342	0.461	0.314	0.298	AT4G37180	16.6	19.0	2.4	-8.59	0.995
path	6	0.342	0.461	0.314	0.298	AT5G13910	1.53	2.0	0.47	-3.52	0.995
path	6	-0.762	0.786	-0.098	0.48	AT5G61600	3.55	4.0	0.45	-4.33	0.996
path	6	-0.762	0.786	-1.214	0.624	AT1G74650	5.92	7.0	1.08	-5.9	0.996
path	6	-0.762	0.786	-1.214	0.624	AT2G40260	5.16	6.0	0.84	-5.57	0.996
path	6	-0.762	0.786	-1.214	0.624	AT3G61150	3.17	4.0	0.83	-4.9	0.996
path	6	-0.762	0.786	-1.214	0.624	AT5G45580	4.89	6.0	1.11	-5.57	0.996
path	6	0.342	0.461	0.314	0.298	AT1G12630	36.48	40.0	3.52	-11.67	0.996
path	6	0.342	0.461	0.314	0.298	AT1G68670	4.89	6.0	1.11	-5.54	0.996
path	6	0.342	0.461	0.314	0.298	AT2G44940	23.43	26.0	2.57	-10.12	0.996
path	6	0.342	0.461	0.314	0.298	AT3G28910	9.8	11.0	1.2	-7.06	0.996
path	6	0.342	0.461	0.314	0.298	AT3G61250	5.33	6.0	0.67	-5.54	0.996
path	6	0.342	0.461	1.125	0.376	AT2G01818	5.89	7.0	1.11	-5.96	0.996
path	6	0.342	0.461	1.125	0.376	AT3G26790	8.9	10.0	1.1	-6.94	0.996
path	6	-0.762	0.786	-1.214	0.624	AT1G49010	4.86	6.0	1.14	-6.01	0.997
path	6	-0.762	0.786	-1.214	0.624	AT5G45300	6.25	7.0	0.75	-6.35	0.997
path	6	0.342	0.461	0.314	0.298	AT1G71450	48.03	53.0	4.97	-13.22	0.997
path	6	0.342	0.461	0.314	0.298	AT1G75490	15.85	18.0	2.15	-9.09	0.997
path	6	0.342	0.461	0.314	0.298	AT2G03500	15.66	18.0	2.34	-9.09	0.997
path	6	0.342	0.461	0.314	0.298	AT2G22430	19.54	22.0	2.46	-9.6	0.997
path	6	0.342	0.461	1.125	0.376	AT1G02230	27.41	30.0	2.59	-10.87	0.997
path	6	0.342	0.461	1.125	0.376	AT5G26170	31.35	35.0	3.65	-11.85	0.997
path	6	-0.762	0.786	-1.214	0.624	AT1G24250	0.52	1.0	0.48	-3.45	0.998
path	6	0.342	0.461	0.314	0.298	AT1G72360	0.66	1.0	0.34	-3.51	0.998
path	6	0.342	0.461	0.314	0.298	AT2G02540	36.6	40.0	3.4	-13.17	0.998
path	6	0.342	0.461	0.314	0.298	AT3G20310	35.25	40.0	4.75	-13.17	0.998
path	6	0.342	0.461	0.314	0.298	AT5G44210	7.39	9.0	1.61	-7.55	0.998
path	6	0.342	0.461	0.314	0.298	AT5G47230	4.11	5.0	0.89	-6.04	0.998
path	6	0.342	0.461	1.125	0.376	AT1G51700	21.75	24.0	2.25	-10.88	0.998
path	6	-0.762	0.786	-0.098	0.48	AT3G50060	5.74	7.0	1.26	-6.88	0.999
path	6	-0.762	0.786	-0.098	0.48	AT3G50700	0.6	1.0	0.4	-4.0	0.999
path	6	-0.762	0.786	-1.214	0.624	AT1G19000	1.88	3.0	1.12	-5.9	0.999
path	6	-0.762	0.786	-1.214	0.624	AT4G00250	1.21	2.0	0.79	-4.67	0.999
path	6	-0.762	0.786	-1.214	0.624	AT4G34590	1.55	2.0	0.45	-4.67	0.999
path	6	0.342	0.461	0.314	0.298	AT1G68550	29.04	33.0	3.96	-13.65	0.999
path	6	0.342	0.461	0.314	0.298	AT3G15210	36.26	41.0	4.74	-13.68	0.999
path	6	0.342	0.461	0.314	0.298	AT5G11260	33.79	38.0	4.21	-14.17	0.999
path	6	0.342	0.461	0.314	0.298	AT5G18450	15.83	18.0	2.17	-10.09	0.999
path	6	0.342	0.461	0.314	0.298	AT5G25190	34.48	39.0	4.52	-14.17	0.999
path	6	0.342	0.461	0.314	0.298	AT5G47220	5.57	7.0	1.43	-8.05	0.999
path	6	0.342	0.461	0.314	0.298	AT5G65310	37.35	41.0	3.65	-14.18	0.999
path	6	0.342	0.461	1.125	0.376	AT1G29860	28.83	32.0	3.17	-12.85	0.999
path	6	0.342	0.461	1.125	0.376	AT1G62300	25.07	28.0	2.93	-11.87	0.999
path	6	0.342	0.461	1.125	0.376	AT3G12130	13.14	15.0	1.86	-9.42	0.999
path	6	0.342	0.461	1.125	0.376	AT4G22070	20.6	23.0	2.4	-11.88	0.999
path	6	0.342	0.461	1.125	0.376	AT4G23550	21.78	25.0	3.22	-11.38	0.999
path	6	0.342	0.461	1.125	0.376	AT5G52830	19.95	23.0	3.05	-11.88	0.999
path	6	-0.762	0.786	-0.098	0.48	AT1G17950	-0.01	0.0	0.01	0.0	1.0
path	6	-0.762	0.786	-0.098	0.48	AT1G30210	-0.02	0.0	0.02	-0.56	1.0
path	6	-0.762	0.786	-0.098	0.48	AT1G43700	-0.32	0.0	0.32	-0.56	1.0
path	6	-0.762	0.786	-0.098	0.48	AT1G47870	-0.01	0.0	0.01	0.0	1.0
path	6	-0.762	0.786	-0.098	0.48	AT1G60920	-0.02	0.0	0.02	-0.56	1.0
path	6	-0.762	0.786	-0.098	0.48	AT1G63040	-0.02	0.0	0.02	-0.56	1.0
path	6	-0.762	0.786	-0.098	0.48	AT1G65620	-0.17	0.0	0.17	-1.67	1.0
path	6	-0.762	0.786	-0.098	0.48	AT1G66420	-0.01	0.0	0.01	0.0	1.0
path	6	-0.762	0.786	-0.098	0.48	AT1G70910	-0.01	0.0	0.01	0.0	1.0
path	6	-0.762	0.786	-0.098	0.48	AT1G73730	-0.12	0.0	0.12	0.0	1.0
path	6	-0.762	0.786	-0.098	0.48	AT2G17410	-0.09	0.0	0.09	-0.56	1.0
path	6	-0.762	0.786	-0.098	0.48	AT2G17900	-0.05	0.0	0.05	0.0	1.0
path	6	-0.762	0.786	-0.098	0.48	AT2G21900	-0.08	0.0	0.08	0.0	1.0
path	6	-0.762	0.786	-0.098	0.48	AT2G38090	-0.03	0.0	0.03	0.0	1.0
path	6	-0.762	0.786	-0.098	0.48	AT2G39900	-0.03	0.0	0.03	0.0	1.0
path	6	-0.762	0.786	-0.098	0.48	AT2G41835	-0.06	0.0	0.06	0.0	1.0
path	6	-0.762	0.786	-0.098	0.48	AT2G48100	-0.01	0.0	0.01	0.0	1.0
path	6	-0.762	0.786	-0.098	0.48	AT3G03660	-0.07	0.0	0.07	0.0	1.0
path	6	-0.762	0.786	-0.098	0.48	AT3G07220	-0.04	0.0	0.04	-0.56	1.0
path	6	-0.762	0.786	-0.098	0.48	AT3G12910	-0.06	0.0	0.06	-0.56	1.0
path	6	-0.762	0.786	-0.098	0.48	AT3G22780	-0.05	0.0	0.05	0.0	1.0
path	6	-0.762	0.786	-0.098	0.48	AT3G45170	-0.08	0.0	0.08	0.0	1.0
path	6	-0.762	0.786	-0.098	0.48	AT3G46070	-0.04	0.0	0.04	0.0	1.0
path	6	-0.762	0.786	-0.098	0.48	AT3G47620	-0.03	0.0	0.03	0.0	1.0
path	6	-0.762	0.786	-0.098	0.48	AT3G49930	-0.02	0.0	0.02	0.0	1.0
path	6	-0.762	0.786	-0.098	0.48	AT3G51080	-0.13	0.0	0.13	-1.11	1.0
path	6	-0.762	0.786	-0.098	0.48	AT3G61120	-0.07	0.0	0.07	0.0	1.0
path	6	-0.762	0.786	-0.098	0.48	AT4G12670	-0.01	0.0	0.01	0.0	1.0
path	6	-0.762	0.786	-0.098	0.48	AT4G24240	-0.04	0.0	0.04	0.0	1.0
path	6	-0.762	0.786	-0.098	0.48	AT4G37790	-0.02	0.0	0.02	-1.11	1.0
path	6	-0.762	0.786	-0.098	0.48	AT5G08070	-0.04	0.0	0.04	0.0	1.0
path	6	-0.762	0.786	-0.098	0.48	AT5G10140	-0.11	0.0	0.11	-0.56	1.0
path	6	-0.762	0.786	-0.098	0.48	AT5G38860	-0.06	0.0	0.06	-1.11	1.0
path	6	-0.762	0.786	-0.098	0.48	AT5G42520	-0.03	0.0	0.03	0.0	1.0
path	6	-0.762	0.786	-0.098	0.48	AT5G48670	-0.02	0.0	0.02	0.0	1.0
path	6	-0.762	0.786	-0.098	0.48	AT5G56930	-0.07	0.0	0.07	0.0	1.0
path	6	-0.762	0.786	-0.098	0.48	AT5G62165	-0.02	0.0	0.02	0.0	1.0
path	6	-0.762	0.786	-1.214	0.624	AT1G01250	-0.13	0.0	0.13	-0.44	1.0
path	6	-0.762	0.786	-1.214	0.624	AT1G13260	-0.32	0.0	0.32	-2.67	1.0
path	6	-0.762	0.786	-1.214	0.624	AT1G17950	-0.01	0.0	0.01	0.0	1.0
path	6	-0.762	0.786	-1.214	0.624	AT1G18960	-0.03	0.0	0.03	-1.33	1.0
path	6	-0.762	0.786	-1.214	0.624	AT1G22070	-0.16	0.0	0.16	-1.33	1.0
path	6	-0.762	0.786	-1.214	0.624	AT1G46264	-0.04	0.0	0.04	-0.44	1.0
path	6	-0.762	0.786	-1.214	0.624	AT1G47870	-0.01	0.0	0.01	0.0	1.0
path	6	-0.762	0.786	-1.214	0.624	AT1G51600	-0.08	0.0	0.08	-0.44	1.0
path	6	-0.762	0.786	-1.214	0.624	AT1G63030	-0.14	0.0	0.14	-0.44	1.0
path	6	-0.762	0.786	-1.214	0.624	AT1G66420	-0.01	0.0	0.01	0.0	1.0
path	6	-0.762	0.786	-1.214	0.624	AT1G67260	-0.01	0.0	0.01	-0.44	1.0
path	6	-0.762	0.786	-1.214	0.624	AT1G70910	-0.01	0.0	0.01	0.0	1.0
path	6	-0.762	0.786	-1.214	0.624	AT1G73730	-0.1	0.0	0.1	0.0	1.0
path	6	-0.762	0.786	-1.214	0.624	AT1G74370	-0.03	0.0	0.03	-0.89	1.0
path	6	-0.762	0.786	-1.214	0.624	AT1G80840	-0.18	0.0	0.18	-0.89	1.0
path	6	-0.762	0.786	-1.214	0.624	AT2G17900	-0.04	0.0	0.04	0.0	1.0
path	6	-0.762	0.786	-1.214	0.624	AT2G21900	-0.06	0.0	0.06	0.0	1.0
path	6	-0.762	0.786	-1.214	0.624	AT2G31460	-0.02	0.0	0.02	-0.44	1.0
path	6	-0.762	0.786	-1.214	0.624	AT2G38090	-0.02	0.0	0.02	0.0	1.0
path	6	-0.762	0.786	-1.214	0.624	AT2G38880	-0.04	0.0	0.04	-0.44	1.0
path	6	-0.762	0.786	-1.214	0.624	AT2G39900	-0.03	0.0	0.03	0.0	1.0
path	6	-0.762	0.786	-1.214	0.624	AT2G41835	-0.05	0.0	0.05	0.0	1.0
path	6	-0.762	0.786	-1.214	0.624	AT2G45680	-0.17	0.0	0.17	-1.33	1.0
path	6	-0.762	0.786	-1.214	0.624	AT2G46400	-0.04	0.0	0.04	-0.44	1.0
path	6	-0.762	0.786	-1.214	0.624	AT2G48100	-0.01	0.0	0.01	0.0	1.0
path	6	-0.762	0.786	-1.214	0.624	AT3G02150	-0.11	0.0	0.11	-0.89	1.0
path	6	-0.762	0.786	-1.214	0.624	AT3G03660	-0.05	0.0	0.05	0.0	1.0
path	6	-0.762	0.786	-1.214	0.624	AT3G09230	-0.02	0.0	0.02	-0.44	1.0
path	6	-0.762	0.786	-1.214	0.624	AT3G22780	-0.04	0.0	0.04	0.0	1.0
path	6	-0.762	0.786	-1.214	0.624	AT3G45170	-0.06	0.0	0.06	0.0	1.0
path	6	-0.762	0.786	-1.214	0.624	AT3G46070	-0.03	0.0	0.03	0.0	1.0
path	6	-0.762	0.786	-1.214	0.624	AT3G47620	-0.03	0.0	0.03	0.0	1.0
path	6	-0.762	0.786	-1.214	0.624	AT3G48160	-0.05	0.0	0.05	-0.44	1.0
path	6	-0.762	0.786	-1.214	0.624	AT3G49930	-0.02	0.0	0.02	0.0	1.0
path	6	-0.762	0.786	-1.214	0.624	AT3G61120	-0.06	0.0	0.06	0.0	1.0
path	6	-0.762	0.786	-1.214	0.624	AT4G12670	-0.01	0.0	0.01	0.0	1.0
path	6	-0.762	0.786	-1.214	0.624	AT4G17460	-0.05	0.0	0.05	-0.44	1.0
path	6	-0.762	0.786	-1.214	0.624	AT4G24240	-0.03	0.0	0.03	0.0	1.0
path	6	-0.762	0.786	-1.214	0.624	AT4G27900	-0.08	0.0	0.08	-0.89	1.0
path	6	-0.762	0.786	-1.214	0.624	AT4G30080	-0.04	0.0	0.04	-0.89	1.0
path	6	-0.762	0.786	-1.214	0.624	AT4G36620	-0.03	0.0	0.03	-0.44	1.0
path	6	-0.762	0.786	-1.214	0.624	AT4G38910	-0.03	0.0	0.03	-0.44	1.0
path	6	-0.762	0.786	-1.214	0.624	AT5G08070	-0.03	0.0	0.03	0.0	1.0
path	6	-0.762	0.786	-1.214	0.624	AT5G22890	-0.05	0.0	0.05	-1.33	1.0
path	6	-0.762	0.786	-1.214	0.624	AT5G42520	-0.02	0.0	0.02	0.0	1.0
path	6	-0.762	0.786	-1.214	0.624	AT5G42820	-0.02	0.0	0.02	-0.89	1.0
path	6	-0.762	0.786	-1.214	0.624	AT5G48670	-0.02	0.0	0.02	0.0	1.0
path	6	-0.762	0.786	-1.214	0.624	AT5G49300	-0.02	0.0	0.02	-0.44	1.0
path	6	-0.762	0.786	-1.214	0.624	AT5G52170	-0.06	0.0	0.06	-0.44	1.0
path	6	-0.762	0.786	-1.214	0.624	AT5G56930	-0.05	0.0	0.05	0.0	1.0
path	6	-0.762	0.786	-1.214	0.624	AT5G58620	-0.03	0.0	0.03	-0.44	1.0
path	6	-0.762	0.786	-1.214	0.624	AT5G62165	-0.02	0.0	0.02	0.0	1.0
path	6	0.342	0.461	0.314	0.298	AT1G01250	0.63	1.0	0.37	-5.52	1.0
path	6	0.342	0.461	0.314	0.298	AT1G28160	22.54	26.0	3.46	-15.64	1.0
path	6	0.342	0.461	0.314	0.298	AT1G28370	26.23	30.0	3.77	-13.64	1.0
path	6	0.342	0.461	0.314	0.298	AT1G44830	5.74	7.0	1.26	-8.55	1.0
path	6	0.342	0.461	0.314	0.298	AT1G66420	-0.02	0.0	0.02	0.0	1.0
path	6	0.342	0.461	0.314	0.298	AT1G67260	-0.03	0.0	0.03	0.0	1.0
path	6	0.342	0.461	0.314	0.298	AT1G74370	-0.08	0.0	0.08	0.0	1.0
path	6	0.342	0.461	0.314	0.298	AT2G31460	-0.06	0.0	0.06	0.0	1.0
path	6	0.342	0.461	0.314	0.298	AT2G48100	-0.02	0.0	0.02	-0.5	1.0
path	6	0.342	0.461	0.314	0.298	AT3G09230	-0.05	0.0	0.05	-0.5	1.0
path	6	0.342	0.461	0.314	0.298	AT3G12910	-0.14	0.0	0.14	-1.5	1.0
path	6	0.342	0.461	0.314	0.298	AT3G13040	-0.11	0.0	0.11	-0.5	1.0
path	6	0.342	0.461	0.314	0.298	AT3G23220	3.77	5.0	1.23	-9.05	1.0
path	6	0.342	0.461	0.314	0.298	AT3G30530	-0.23	0.0	0.23	-1.0	1.0
path	6	0.342	0.461	0.314	0.298	AT3G46070	-0.09	0.0	0.09	-1.0	1.0
path	6	0.342	0.461	0.314	0.298	AT4G14410	-0.06	0.0	0.06	0.0	1.0
path	6	0.342	0.461	0.314	0.298	AT4G24240	-0.09	0.0	0.09	0.0	1.0
path	6	0.342	0.461	0.314	0.298	AT4G27950	6.21	8.0	1.79	-9.06	1.0
path	6	0.342	0.461	0.314	0.298	AT4G36740	30.82	34.0	3.18	-17.67	1.0
path	6	0.342	0.461	0.314	0.298	AT4G38910	-0.08	0.0	0.08	-1.0	1.0
path	6	0.342	0.461	0.314	0.298	AT5G18560	13.76	16.0	2.24	-13.1	1.0
path	6	0.342	0.461	0.314	0.298	AT5G25390	-0.3	0.0	0.3	-2.01	1.0
path	6	0.342	0.461	0.314	0.298	AT5G38800	-0.03	0.0	0.03	0.0	1.0
path	6	0.342	0.461	0.314	0.298	AT5G42820	-0.06	0.0	0.06	-1.0	1.0
path	6	0.342	0.461	0.314	0.298	AT5G49300	-0.05	0.0	0.05	0.0	1.0
path	6	0.342	0.461	0.314	0.298	AT5G61600	2.96	4.0	1.04	-7.04	1.0
path	6	0.342	0.461	0.314	0.298	AT5G62165	-0.05	0.0	0.05	-0.5	1.0
path	6	0.342	0.461	1.125	0.376	AT1G10720	-0.14	0.0	0.14	-1.0	1.0
path	6	0.342	0.461	1.125	0.376	AT1G17950	-0.03	0.0	0.03	-0.5	1.0
path	6	0.342	0.461	1.125	0.376	AT1G18960	-0.09	0.0	0.09	-0.5	1.0
path	6	0.342	0.461	1.125	0.376	AT1G23810	-0.29	0.0	0.29	-2.99	1.0
path	6	0.342	0.461	1.125	0.376	AT1G46264	-0.11	0.0	0.11	-1.0	1.0
path	6	0.342	0.461	1.125	0.376	AT1G47870	-0.03	0.0	0.03	-0.5	1.0
path	6	0.342	0.461	1.125	0.376	AT1G60920	-0.05	0.0	0.05	-0.5	1.0
path	6	0.342	0.461	1.125	0.376	AT1G63040	-0.05	0.0	0.05	-0.5	1.0
path	6	0.342	0.461	1.125	0.376	AT1G66420	-0.02	0.0	0.02	0.0	1.0
path	6	0.342	0.461	1.125	0.376	AT1G67260	-0.03	0.0	0.03	0.0	1.0
path	6	0.342	0.461	1.125	0.376	AT1G74370	-0.08	0.0	0.08	0.0	1.0
path	6	0.342	0.461	1.125	0.376	AT2G17410	-0.2	0.0	0.2	-1.0	1.0
path	6	0.342	0.461	1.125	0.376	AT2G23320	30.19	34.0	3.81	-16.33	1.0
path	6	0.342	0.461	1.125	0.376	AT2G30250	25.25	29.0	3.75	-20.34	1.0
path	6	0.342	0.461	1.125	0.376	AT2G31460	-0.06	0.0	0.06	0.0	1.0
path	6	0.342	0.461	1.125	0.376	AT2G38090	-0.06	0.0	0.06	-0.5	1.0
path	6	0.342	0.461	1.125	0.376	AT2G38470	22.75	26.0	3.25	-18.35	1.0
path	6	0.342	0.461	1.125	0.376	AT2G39900	-0.08	0.0	0.08	-1.0	1.0
path	6	0.342	0.461	1.125	0.376	AT2G40740	26.56	30.0	3.44	-16.85	1.0
path	6	0.342	0.461	1.125	0.376	AT3G01970	21.83	25.0	3.17	-15.37	1.0
path	6	0.342	0.461	1.125	0.376	AT3G07220	-0.09	0.0	0.09	-1.0	1.0
path	6	0.342	0.461	1.125	0.376	AT3G49930	-0.05	0.0	0.05	-1.0	1.0
path	6	0.342	0.461	1.125	0.376	AT4G12670	-0.02	0.0	0.02	-0.5	1.0
path	6	0.342	0.461	1.125	0.376	AT4G14410	-0.06	0.0	0.06	0.0	1.0
path	6	0.342	0.461	1.125	0.376	AT4G18170	25.73	29.0	3.27	-15.35	1.0
path	6	0.342	0.461	1.125	0.376	AT4G24240	-0.09	0.0	0.09	0.0	1.0
path	6	0.342	0.461	1.125	0.376	AT4G26640	6.44	8.0	1.56	-11.93	1.0
path	6	0.342	0.461	1.125	0.376	AT4G30080	-0.12	0.0	0.12	-1.0	1.0
path	6	0.342	0.461	1.125	0.376	AT4G31800	24.17	28.0	3.83	-21.34	1.0
path	6	0.342	0.461	1.125	0.376	AT4G36620	-0.09	0.0	0.09	-1.5	1.0
path	6	0.342	0.461	1.125	0.376	AT4G37790	-0.05	0.0	0.05	-0.5	1.0
path	6	0.342	0.461	1.125	0.376	AT5G13080	27.16	31.0	3.84	-16.84	1.0
path	6	0.342	0.461	1.125	0.376	AT5G18090	-0.09	0.0	0.09	-1.5	1.0
path	6	0.342	0.461	1.125	0.376	AT5G38800	-0.03	0.0	0.03	0.0	1.0
path	6	0.342	0.461	1.125	0.376	AT5G41570	24.58	28.0	3.42	-15.86	1.0
path	6	0.342	0.461	1.125	0.376	AT5G42520	-0.06	0.0	0.06	-0.5	1.0
path	6	0.342	0.461	1.125	0.376	AT5G49300	-0.05	0.0	0.05	0.0	1.0
path	6	0.342	0.461	1.125	0.376	AT5G58620	-0.09	0.0	0.09	-1.0	1.0
path	6	0.342	0.461	1.125	0.376	AT1G25580	8.61	10.0	1.39	-11.43	1.0
path	8	0.465	0.342	1.81	0.981	AT2G40740	54.92	57.0	2.08	18.6	1.54e-08
path	8	0.465	0.342	0.497	0.28	AT4G11660	24.13	25.0	0.87	13.4	1.03e-07
path	8	0.465	0.342	1.81	0.981	AT4G22070	41.55	43.0	1.45	14.8	2.75e-07
path	8	0.465	0.342	1.81	0.981	AT4G31800	57.69	60.0	2.31	17.4	5.14e-07
path	8	0.465	0.342	1.81	0.981	AT1G62300	44.23	46.0	1.77	14.8	1.11e-06
path	8	0.465	0.342	1.81	0.981	AT2G30250	55.74	58.0	2.26	16.0	3.73e-06
path	8	0.465	0.342	0.497	0.28	AT2G01818	16.55	17.0	0.45	9.4	6.18e-06
path	8	0.465	0.342	1.81	0.981	AT3G42860	24.94	26.0	1.06	9.8	9.79e-06
path	8	0.465	0.342	1.81	0.981	AT5G26170	46.79	49.0	2.21	13.6	2.68e-05
path	8	0.465	0.342	1.81	0.981	AT1G30650	41.98	44.0	2.02	12.8	3.07e-05
path	8	0.465	0.342	1.81	0.981	AT4G18170	47.03	49.0	1.97	13.0	6.88e-05
path	8	0.465	0.342	1.81	0.981	AT2G38470	49.04	51.0	1.96	13.2	7.41e-05
path	8	0.465	0.342	0.497	0.28	AT5G43840	9.74	10.0	0.26	6.0	8.33e-05
path	8	0.465	0.342	1.81	0.981	AT5G24110	34.52	36.0	1.48	10.8	0.000117
path	8	0.465	0.342	1.81	0.981	AT5G41570	45.93	48.0	2.07	12.0	0.000242
path	8	0.465	0.342	1.81	0.981	AT1G29860	44.08	46.0	1.92	11.2	0.000513
path	8	0.465	0.342	0.497	0.28	AT5G16820	26.76	28.0	1.24	10.4	0.000554
path	8	0.465	0.342	1.81	0.981	AT4G23550	37.05	39.0	1.95	10.2	0.000626
path	8	0.465	0.342	0.497	0.28	AT4G25490	25.55	27.0	1.45	9.8	0.00099
path	8	0.465	0.342	1.81	0.981	AT5G13080	47.68	50.0	2.32	11.0	0.00108
path	8	0.465	0.342	0.497	0.28	AT3G24050	14.56	15.0	0.44	7.0	0.00115
path	8	0.465	0.342	0.497	0.28	AT5G25830	15.44	16.0	0.56	7.2	0.00134
path	8	0.465	0.342	0.497	0.28	AT3G02990	6.79	7.0	0.21	4.2	0.00147
path	8	0.465	0.342	1.81	0.981	AT1G29280	44.79	47.0	2.21	10.4	0.00153
path	8	0.465	0.342	0.497	0.28	AT3G22830	21.91	23.0	1.09	8.6	0.00184
path	8	0.465	0.342	1.81	0.981	AT5G64060	38.4	40.0	1.6	9.4	0.00208
path	8	0.465	0.342	1.81	0.981	AT4G29230	27.79	29.0	1.21	8.0	0.0021
path	8	0.465	0.342	1.81	0.981	AT2G46130	14.35	15.0	0.65	5.4	0.0027
path	8	0.465	0.342	1.81	0.981	AT5G52830	35.16	37.0	1.84	8.8	0.00286
path	8	0.465	0.342	0.497	0.28	AT2G30340	17.02	18.0	0.98	7.2	0.00317
path	8	0.465	0.342	0.497	0.28	AT1G19210	30.26	32.0	1.74	9.6	0.00322
path	8	0.465	0.342	0.497	0.28	AT2G41690	7.76	8.0	0.24	4.4	0.00337
path	8	0.465	0.342	0.497	0.28	AT1G23810	5.88	6.0	0.12	3.6	0.0038
path	8	0.465	0.342	0.497	0.28	AT3G09735	23.87	25.0	1.13	8.2	0.00484
path	8	0.465	0.342	0.497	0.28	AT1G12610	14.26	15.0	0.74	6.2	0.00538
path	8	0.465	0.342	0.497	0.28	AT1G20910	20.3	21.0	0.7	7.4	0.00558
path	8	0.465	0.342	1.81	0.981	AT1G32870	35.3	37.0	1.7	8.2	0.00569
path	8	0.465	0.342	1.81	0.981	AT1G28470	37.25	39.0	1.75	8.4	0.0057
path	8	0.465	0.342	0.497	0.28	AT5G54230	26.76	28.0	1.24	8.4	0.00633
path	8	0.465	0.342	1.81	0.981	AT1G47655	24.75	26.0	1.25	6.8	0.00646
path	8	0.465	0.342	1.81	0.981	AT4G01540	43.79	46.0	2.21	8.8	0.00711
path	8	0.465	0.342	1.81	0.981	AT3G01970	40.08	42.0	1.92	8.4	0.00755
path	8	0.465	0.342	0.497	0.28	AT2G15660	6.82	7.0	0.18	3.8	0.00781
path	8	0.465	0.342	0.497	0.28	AT4G25480	28.42	30.0	1.58	8.4	0.0082
path	8	0.465	0.342	1.81	0.981	AT2G23320	46.7	49.0	2.3	8.8	0.00871
path	8	0.465	0.342	0.497	0.28	AT2G18380	21.08	22.0	0.92	7.2	0.00875
path	8	0.465	0.342	1.81	0.981	AT2G03340	17.29	18.0	0.71	5.4	0.00898
path	8	0.465	0.342	0.497	0.28	AT5G56110	30.57	32.0	1.43	8.4	0.01
path	8	0.465	0.342	0.497	0.28	AT5G15830	23.24	25.0	1.76	7.4	0.011
path	8	0.465	0.342	0.497	0.28	AT3G56850	22.25	24.0	1.75	7.2	0.012
path	8	0.465	0.342	0.497	0.28	AT1G12630	21.59	23.0	1.41	7.0	0.013
path	8	0.465	0.342	0.497	0.28	AT5G22990	25.59	27.0	1.41	7.4	0.015
path	8	0.465	0.342	0.497	0.28	AT2G35700	17.71	19.0	1.29	6.2	0.016
path	8	0.465	0.342	1.81	0.981	AT5G07100	7.57	8.0	0.43	3.2	0.016
path	8	0.465	0.342	0.497	0.28	AT5G13790	10.61	11.0	0.39	4.6	0.017
path	8	0.465	0.342	0.497	0.28	AT3G02940	27.67	29.0	1.33	7.4	0.018
path	8	0.465	0.342	0.497	0.28	AT4G06746	12.38	13.0	0.62	5.0	0.018
path	8	0.465	0.342	1.81	0.981	AT1G02250	31.69	33.0	1.31	6.6	0.019
path	8	0.465	0.342	1.81	0.981	AT4G26640	24.06	25.0	0.94	5.8	0.019
path	8	0.465	0.342	1.81	0.981	AT4G01250	25.41	27.0	1.59	6.0	0.02
path	8	0.465	0.342	0.497	0.28	AT5G51990	23.53	25.0	1.47	6.6	0.024
path	8	0.465	0.342	0.497	0.28	AT3G13350	3.88	4.0	0.12	2.4	0.025
path	8	0.465	0.342	1.81	0.981	AT3G10500	32.32	34.0	1.68	6.4	0.025
path	8	0.465	0.342	0.497	0.28	AT3G62420	22.17	24.0	1.83	6.4	0.026
path	8	0.465	0.342	0.497	0.28	AT4G25470	22.65	24.0	1.35	6.4	0.026
path	8	0.465	0.342	0.497	0.28	AT5G67190	22.53	24.0	1.47	6.4	0.026
path	8	0.465	0.342	0.497	0.28	AT3G60530	7.73	8.0	0.27	3.6	0.027
path	8	0.465	0.342	1.81	0.981	AT1G80840	6.69	7.0	0.31	2.8	0.027
path	8	0.465	0.342	1.81	0.981	AT4G31550	9.42	10.0	0.58	3.4	0.028
path	8	0.465	0.342	0.497	0.28	AT3G20770	8.2	9.0	0.8	3.8	0.029
path	8	0.465	0.342	0.497	0.28	AT2G01060	12.25	13.0	0.75	4.6	0.03
path	8	0.465	0.342	0.497	0.28	AT1G78700	19.43	21.0	1.57	5.8	0.031
path	8	0.465	0.342	0.497	0.28	AT2G18160	19.39	21.0	1.61	5.8	0.031
path	8	0.465	0.342	1.81	0.981	AT5G04410	33.15	35.0	1.85	6.2	0.032
path	8	0.465	0.342	0.497	0.28	AT2G04038	18.43	20.0	1.57	5.6	0.033
path	8	0.465	0.342	1.81	0.981	AT4G01550	31.63	33.0	1.37	6.0	0.033
path	8	0.465	0.342	1.81	0.981	AT4G28500	31.55	33.0	1.45	6.0	0.033
path	8	0.465	0.342	1.81	0.981	AT1G25580	24.16	25.0	0.84	5.2	0.036
path	8	0.465	0.342	0.497	0.28	AT1G34670	21.88	23.0	1.12	5.8	0.038
path	8	0.465	0.342	0.497	0.28	AT1G63030	4.83	5.0	0.17	2.6	0.039
path	8	0.465	0.342	0.497	0.28	AT1G75080	4.75	5.0	0.25	2.6	0.039
path	8	0.465	0.342	0.497	0.28	AT1G06850	16.08	17.0	0.92	5.0	0.04
path	8	0.465	0.342	0.497	0.28	AT1G18330	16.0	17.0	1.0	5.0	0.04
path	8	0.465	0.342	0.497	0.28	AT4G16750	20.46	22.0	1.54	5.6	0.041
path	8	0.465	0.342	0.497	0.28	AT1G28160	13.62	15.0	1.38	4.6	0.044
path	8	0.465	0.342	0.497	0.28	AT3G24520	23.64	25.0	1.36	5.8	0.045
path	8	0.465	0.342	1.81	0.981	AT1G27730	15.07	16.0	0.93	4.0	0.045
path	8	0.465	0.342	0.497	0.28	AT2G45420	18.71	20.0	1.29	5.2	0.047
path	8	0.465	0.342	1.81	0.981	AT1G52150	16.82	18.0	1.18	4.2	0.047
path	8	0.465	0.342	1.81	0.981	AT1G02230	35.44	37.0	1.56	5.8	0.048
path	8	0.465	0.342	1.81	0.981	AT1G70920	18.78	20.0	1.22	4.4	0.048
path	8	0.465	0.342	1.81	0.981	AT5G66730	20.66	22.0	1.34	4.6	0.048
path	8	0.465	0.342	0.497	0.28	AT1G04880	11.47	12.0	0.53	4.0	0.051
path	8	0.465	0.342	1.81	0.981	AT1G34180	33.22	35.0	1.78	5.6	0.051
path	8	0.465	0.342	0.497	0.28	AT1G71450	25.01	27.0	1.99	5.8	0.052
path	8	0.465	0.342	0.497	0.28	AT1G32150	21.13	23.0	1.87	5.4	0.053
path	8	0.465	0.342	0.497	0.28	AT2G28920	8.64	9.0	0.36	3.4	0.054
path	8	0.465	0.342	1.81	0.981	AT3G60580	10.22	11.0	0.78	3.2	0.054
path	8	0.465	0.342	1.81	0.981	AT3G10480	29.26	31.0	1.74	5.2	0.055
path	8	0.465	0.342	0.497	0.28	AT2G36270	23.19	25.0	1.81	5.4	0.06
path	8	0.465	0.342	0.497	0.28	AT3G04030	14.82	16.0	1.18	4.4	0.061
path	8	0.465	0.342	0.497	0.28	AT4G36780	19.45	21.0	1.55	5.0	0.061
path	8	0.465	0.342	1.81	0.981	AT3G12130	23.88	25.0	1.12	4.6	0.062
path	8	0.465	0.342	1.81	0.981	AT1G24250	14.17	15.0	0.83	3.6	0.063
path	8	0.465	0.342	1.81	0.981	AT3G49530	32.55	34.0	1.45	5.2	0.064
path	8	0.465	0.342	0.497	0.28	AT2G18350	18.99	20.0	1.01	4.8	0.065
path	8	0.465	0.342	0.497	0.28	AT2G42430	13.99	15.0	1.01	4.2	0.065
path	8	0.465	0.342	1.81	0.981	AT3G52440	36.96	39.0	2.04	5.4	0.068
path	8	0.465	0.342	1.81	0.981	AT4G17980	37.1	39.0	1.9	5.4	0.068
path	8	0.465	0.342	0.497	0.28	AT3G26620	13.36	14.0	0.64	4.0	0.069
path	8	0.465	0.342	0.497	0.28	AT5G52660	17.95	19.0	1.05	4.6	0.07
path	8	0.465	0.342	0.497	0.28	AT4G01680	12.19	13.0	0.81	3.8	0.073
path	8	0.465	0.342	1.81	0.981	AT1G68320	26.61	28.0	1.39	4.6	0.074
path	8	0.465	0.342	0.497	0.28	AT1G22810	16.83	18.0	1.17	4.4	0.075
path	8	0.465	0.342	0.497	0.28	AT1G69010	20.43	22.0	1.57	4.8	0.075
path	8	0.465	0.342	0.497	0.28	AT2G32460	17.03	18.0	0.97	4.4	0.075
path	8	0.465	0.342	1.81	0.981	AT4G01500	4.64	5.0	0.36	2.0	0.076
path	8	0.465	0.342	1.81	0.981	AT4G01720	4.75	5.0	0.25	2.0	0.076
path	8	0.465	0.342	1.81	0.981	AT5G47230	4.47	5.0	0.53	2.0	0.076
path	8	0.465	0.342	0.497	0.28	AT5G66300	11.37	12.0	0.63	3.6	0.077
path	8	0.465	0.342	0.497	0.28	AT4G37180	10.04	11.0	0.96	3.4	0.082
path	8	0.465	0.342	1.81	0.981	AT1G69180	18.57	20.0	1.43	3.8	0.085
path	8	0.465	0.342	1.81	0.981	AT3G45610	29.15	31.0	1.85	4.6	0.085
path	8	0.465	0.342	1.81	0.981	AT5G13180	29.26	31.0	1.74	4.6	0.085
path	8	0.465	0.342	1.81	0.981	AT5G46590	15.33	16.0	0.67	3.4	0.088
path	8	0.465	0.342	0.497	0.28	AT4G32730	20.94	23.0	2.06	4.6	0.091
path	8	0.465	0.342	0.497	0.28	AT2G46680	14.12	15.0	0.88	3.8	0.092
path	8	0.465	0.342	0.497	0.28	AT1G43700	4.7	5.0	0.3	2.2	0.094
path	8	0.465	0.342	0.497	0.28	AT1G44830	4.49	5.0	0.51	2.2	0.094
path	8	0.465	0.342	1.81	0.981	AT1G25340	25.77	27.0	1.23	4.2	0.094
path	8	0.465	0.342	1.81	0.981	AT2G24430	25.18	27.0	1.82	4.2	0.094
path	8	0.465	0.342	0.497	0.28	AT4G32800	6.55	7.0	0.45	2.6	0.095
path	8	0.465	0.342	1.81	0.981	AT2G46590	32.07	34.0	1.93	4.6	0.095
path	8	0.465	0.342	0.497	0.28	AT2G44940	12.97	14.0	1.03	3.6	0.098
path	8	0.465	0.342	1.81	0.981	AT3G12250	29.61	32.0	2.39	4.4	0.1
path	8	0.465	0.342	1.81	0.981	AT1G08320	34.73	37.0	2.27	4.6	0.104
path	8	0.465	0.342	0.497	0.28	AT3G12730	12.05	13.0	0.95	3.4	0.105
path	8	0.465	0.342	0.497	0.28	AT4G00730	19.0	20.0	1.0	4.0	0.113
path	8	0.465	0.342	0.497	0.28	AT5G11260	17.32	19.0	1.68	3.8	0.122
path	8	0.465	0.342	0.497	0.28	AT5G45580	13.71	15.0	1.29	3.4	0.124
path	8	0.465	0.342	1.81	0.981	AT2G01930	22.44	24.0	1.56	3.6	0.124
path	8	0.465	0.342	1.81	0.981	AT3G01530	29.3	31.0	1.7	4.0	0.124
path	8	0.465	0.342	1.81	0.981	AT2G24570	3.78	4.0	0.22	1.6	0.128
path	8	0.465	0.342	1.81	0.981	AT2G30590	3.64	4.0	0.36	1.6	0.128
path	8	0.465	0.342	0.497	0.28	AT3G50060	16.83	18.0	1.17	3.6	0.131
path	8	0.465	0.342	0.497	0.28	AT5G62320	17.18	18.0	0.82	3.6	0.131
path	8	0.465	0.342	0.497	0.28	AT2G35530	19.15	21.0	1.85	3.8	0.134
path	8	0.465	0.342	0.497	0.28	AT1G53170	21.99	24.0	2.01	4.0	0.135
path	8	0.465	0.342	1.81	0.981	AT5G06960	18.81	20.0	1.19	3.2	0.137
path	8	0.465	0.342	1.81	0.981	AT5G46350	18.9	20.0	1.1	3.2	0.137
path	8	0.465	0.342	0.497	0.28	AT4G26030	16.08	17.0	0.92	3.4	0.141
path	8	0.465	0.342	1.81	0.981	AT5G58900	16.43	18.0	1.57	3.0	0.143
path	8	0.465	0.342	0.497	0.28	AT1G06180	12.35	13.0	0.65	3.0	0.144
path	8	0.465	0.342	1.81	0.981	AT3G47500	23.43	25.0	1.57	3.4	0.146
path	8	0.465	0.342	1.81	0.981	AT1G30490	14.78	16.0	1.22	2.8	0.149
path	8	0.465	0.342	0.497	0.28	AT5G47660	15.11	16.0	0.89	3.2	0.152
path	8	0.465	0.342	0.497	0.28	AT4G17785	6.71	7.0	0.29	2.2	0.153
path	8	0.465	0.342	0.497	0.28	AT4G34590	6.48	7.0	0.52	2.2	0.153
path	8	0.465	0.342	0.497	0.28	AT1G10720	1.94	2.0	0.06	1.2	0.159
path	8	0.465	0.342	0.497	0.28	AT1G21910	1.79	2.0	0.21	1.2	0.159
path	8	0.465	0.342	0.497	0.28	AT1G46264	1.96	2.0	0.04	1.2	0.159
path	8	0.465	0.342	0.497	0.28	AT5G58620	1.96	2.0	0.04	1.2	0.159
path	8	0.465	0.342	1.81	0.981	AT5G04390	11.02	12.0	0.98	2.4	0.16
path	8	0.465	0.342	1.81	0.981	AT5G06839	26.08	28.0	1.92	3.4	0.16
path	8	0.465	0.342	1.81	0.981	AT5G53950	11.19	12.0	0.81	2.4	0.16
path	8	0.465	0.342	0.497	0.28	AT5G47370	13.92	15.0	1.08	3.0	0.163
path	8	0.465	0.342	1.81	0.981	AT2G44840	19.17	21.0	1.83	3.0	0.163
path	8	0.465	0.342	1.81	0.981	AT1G69780	24.4	26.0	1.6	3.2	0.17
path	8	0.465	0.342	1.81	0.981	AT5G64750	23.77	26.0	2.23	3.2	0.17
path	8	0.465	0.342	0.497	0.28	AT1G69560	4.81	5.0	0.19	1.8	0.171
path	8	0.465	0.342	0.497	0.28	AT5G22500	4.63	5.0	0.37	1.8	0.171
path	8	0.465	0.342	0.497	0.28	AT5G63090	4.52	5.0	0.48	1.8	0.171
path	8	0.465	0.342	1.81	0.981	AT1G51700	29.64	31.0	1.36	3.4	0.172
path	8	0.465	0.342	0.497	0.28	AT1G51220	13.2	14.0	0.8	2.8	0.176
path	8	0.465	0.342	0.497	0.28	AT2G45680	2.81	3.0	0.19	1.4	0.178
path	8	0.465	0.342	0.497	0.28	AT3G51080	2.88	3.0	0.12	1.4	0.178
path	8	0.465	0.342	0.497	0.28	AT4G18890	2.72	3.0	0.28	1.4	0.178
path	8	0.465	0.342	0.497	0.28	AT5G52170	2.93	3.0	0.07	1.4	0.178
path	8	0.465	0.342	0.497	0.28	AT5G56930	2.94	3.0	0.06	1.4	0.178
path	8	0.465	0.342	0.497	0.28	AT3G10030	9.42	10.0	0.58	2.4	0.179
path	8	0.465	0.342	0.497	0.28	AT3G16280	11.97	13.0	1.03	2.6	0.189
path	8	0.465	0.342	0.497	0.28	AT1G50640	14.66	16.0	1.34	2.8	0.193
path	8	0.465	0.342	0.497	0.28	AT1G68550	14.42	16.0	1.58	2.8	0.193
path	8	0.465	0.342	0.497	0.28	AT1G03800	19.33	21.0	1.67	3.0	0.204
path	8	0.465	0.342	0.497	0.28	AT1G14687	19.84	21.0	1.16	3.0	0.204
path	8	0.465	0.342	1.81	0.981	AT1G01720	27.96	30.0	2.04	3.0	0.206
path	8	0.465	0.342	0.497	0.28	AT2G18060	16.95	18.0	1.05	2.8	0.207
path	8	0.465	0.342	0.497	0.28	AT5G17800	14.05	15.0	0.95	2.6	0.207
path	8	0.465	0.342	0.497	0.28	AT5G62470	7.48	8.0	0.52	2.0	0.208
path	8	0.465	0.342	0.497	0.28	AT4G36160	24.42	26.0	1.58	3.2	0.209
path	8	0.465	0.342	1.81	0.981	AT3G06490	10.26	11.0	0.74	2.0	0.211
path	8	0.465	0.342	1.81	0.981	AT3G25990	10.46	11.0	0.54	2.0	0.211
path	8	0.465	0.342	1.81	0.981	AT1G13300	2.74	3.0	0.26	1.2	0.215
path	8	0.465	0.342	0.497	0.28	AT1G26960	18.92	20.0	1.08	2.8	0.219
path	8	0.465	0.342	0.497	0.28	AT2G22430	10.01	11.0	0.99	2.2	0.22
path	8	0.465	0.342	0.497	0.28	AT2G23290	15.77	17.0	1.23	2.6	0.222
path	8	0.465	0.342	0.497	0.28	AT3G10580	12.92	14.0	1.08	2.4	0.223
path	8	0.465	0.342	0.497	0.28	AT5G56840	12.48	14.0	1.52	2.4	0.223
path	8	0.465	0.342	0.497	0.28	AT5G10280	6.68	7.0	0.32	1.8	0.224
path	8	0.465	0.342	1.81	0.981	AT2G28810	34.15	36.0	1.85	3.0	0.225
path	8	0.465	0.342	1.81	0.981	AT5G63260	34.13	36.0	1.87	3.0	0.225
path	8	0.465	0.342	1.81	0.981	AT3G46590	6.67	7.0	0.33	1.6	0.228
path	8	0.465	0.342	1.81	0.981	AT5G44210	6.04	7.0	0.96	1.6	0.228
path	8	0.465	0.342	0.497	0.28	AT3G21890	21.06	22.0	0.94	2.8	0.229
path	8	0.465	0.342	1.81	0.981	AT1G75240	29.2	31.0	1.8	2.8	0.229
path	8	0.465	0.342	1.81	0.981	AT3G03200	29.3	31.0	1.7	2.8	0.229
path	8	0.465	0.342	0.497	0.28	AT3G28920	25.7	27.0	1.3	3.0	0.23
path	8	0.465	0.342	1.81	0.981	AT3G61250	4.6	5.0	0.4	1.4	0.231
path	8	0.465	0.342	0.497	0.28	AT2G15740	15.01	16.0	0.99	2.4	0.239
path	8	0.465	0.342	0.497	0.28	AT4G31060	14.68	16.0	1.32	2.4	0.239
path	8	0.465	0.342	1.81	0.981	AT3G15270	31.9	34.0	2.1	2.8	0.239
path	8	0.465	0.342	0.497	0.28	AT3G60490	11.9	13.0	1.1	2.2	0.241
path	8	0.465	0.342	1.81	0.981	AT3G15170	13.09	14.0	0.91	2.0	0.242
path	8	0.465	0.342	1.81	0.981	AT5G65210	27.03	29.0	1.97	2.6	0.244
path	8	0.465	0.342	0.497	0.28	AT1G76890	19.83	21.0	1.17	2.6	0.245
path	8	0.465	0.342	1.81	0.981	AT1G69490	22.38	24.0	1.62	2.4	0.247
path	8	0.465	0.342	1.81	0.981	AT3G44480	22.48	24.0	1.52	2.4	0.247
path	8	0.465	0.342	0.497	0.28	AT2G22540	16.66	18.0	1.34	2.4	0.252
path	8	0.465	0.342	0.497	0.28	AT5G25190	16.19	18.0	1.81	2.4	0.252
path	8	0.465	0.342	1.81	0.981	AT1G79580	25.19	27.0	1.81	2.4	0.259
path	8	0.465	0.342	1.81	0.981	AT3G53200	25.38	27.0	1.62	2.4	0.259
path	8	0.465	0.342	1.81	0.981	AT5G62940	25.5	27.0	1.5	2.4	0.259
path	8	0.465	0.342	1.81	0.981	AT5G65310	24.81	27.0	2.19	2.4	0.259
path	8	0.465	0.342	0.497	0.28	AT5G07680	4.78	5.0	0.22	1.4	0.264
path	8	0.465	0.342	1.81	0.981	AT5G67580	15.87	17.0	1.13	2.0	0.264
path	8	0.465	0.342	0.497	0.28	AT3G24120	15.6	17.0	1.4	2.2	0.27
path	8	0.465	0.342	0.497	0.28	AT4G18770	15.8	17.0	1.2	2.2	0.27
path	8	0.465	0.342	0.497	0.28	AT4G37260	15.8	17.0	1.2	2.2	0.27
path	8	0.465	0.342	0.497	0.28	AT5G39610	15.94	17.0	1.06	2.2	0.27
path	8	0.465	0.342	0.497	0.28	AT5G60130	13.11	14.0	0.89	2.0	0.276
path	8	0.465	0.342	1.81	0.981	AT2G46770	23.39	25.0	1.61	2.2	0.276
path	8	0.465	0.342	1.81	0.981	AT3G50410	23.77	25.0	1.23	2.2	0.276
path	8	0.465	0.342	1.81	0.981	AT5G10030	30.56	33.0	2.44	2.4	0.278
path	8	0.465	0.342	0.497	0.28	AT1G76110	7.55	8.0	0.45	1.6	0.279
path	8	0.465	0.342	0.497	0.28	AT5G18560	7.1	8.0	0.9	1.6	0.279
path	8	0.465	0.342	0.497	0.28	AT5G06100	17.91	19.0	1.09	2.2	0.28
path	8	0.465	0.342	0.497	0.28	AT5G05550	24.09	26.0	1.91	2.4	0.286
path	8	0.465	0.342	0.497	0.28	AT4G38620	3.81	4.0	0.19	1.2	0.288
path	8	0.465	0.342	0.497	0.28	AT5G39820	3.75	4.0	0.25	1.2	0.288
path	8	0.465	0.342	0.497	0.28	AT2G38340	19.59	21.0	1.41	2.2	0.289
path	8	0.465	0.342	1.81	0.981	AT3G01470	7.52	8.0	0.48	1.4	0.292
path	8	0.465	0.342	1.81	0.981	AT4G38170	29.07	31.0	1.93	2.2	0.295
path	8	0.465	0.342	1.81	0.981	AT5G08520	15.9	18.0	2.1	1.8	0.3
path	8	0.465	0.342	0.497	0.28	AT1G08010	9.38	10.0	0.62	1.6	0.303
path	8	0.465	0.342	0.497	0.28	AT1G55110	9.13	10.0	0.87	1.6	0.303
path	8	0.465	0.342	0.497	0.28	AT1G79180	9.38	10.0	0.62	1.6	0.303
path	8	0.465	0.342	0.497	0.28	AT5G65130	6.33	7.0	0.67	1.4	0.304
path	8	0.465	0.342	0.497	0.28	AT2G23340	13.76	15.0	1.24	1.8	0.31
path	8	0.465	0.342	1.81	0.981	AT1G22070	5.72	6.0	0.28	1.2	0.313
path	8	0.465	0.342	1.81	0.981	AT1G32240	5.62	6.0	0.38	1.2	0.313
path	8	0.465	0.342	1.81	0.981	AT3G50700	5.45	6.0	0.55	1.2	0.313
path	8	0.465	0.342	0.497	0.28	AT1G69690	2.74	3.0	0.26	1.0	0.316
path	8	0.465	0.342	0.497	0.28	AT1G73730	2.89	3.0	0.11	1.0	0.316
path	8	0.465	0.342	0.497	0.28	AT3G23220	2.51	3.0	0.49	1.0	0.316
path	8	0.465	0.342	0.497	0.28	AT3G27010	2.74	3.0	0.26	1.0	0.316
path	8	0.465	0.342	0.497	0.28	AT1G01060	15.77	17.0	1.23	1.8	0.32
path	8	0.465	0.342	0.497	0.28	AT1G74840	10.9	12.0	1.1	1.6	0.32
path	8	0.465	0.342	0.497	0.28	AT3G57920	11.17	12.0	0.83	1.6	0.32
path	8	0.465	0.342	1.81	0.981	AT5G66940	33.16	35.0	1.84	2.0	0.326
path	8	0.465	0.342	0.497	0.28	AT1G45249	8.06	9.0	0.94	1.4	0.328
path	8	0.465	0.342	0.497	0.28	AT2G43000	17.6	19.0	1.4	1.8	0.329
path	8	0.465	0.342	0.497	0.28	AT2G45410	17.81	19.0	1.19	1.8	0.329
path	8	0.465	0.342	0.497	0.28	AT2G33710	12.6	14.0	1.4	1.6	0.332
path	8	0.465	0.342	1.81	0.981	AT3G18400	25.05	27.0	1.95	1.8	0.332
path	8	0.465	0.342	1.81	0.981	AT3G02150	3.81	4.0	0.19	1.0	0.335
path	8	0.465	0.342	1.81	0.981	AT5G08750	3.68	4.0	0.32	1.0	0.335
path	8	0.465	0.342	0.497	0.28	AT2G01940	15.0	16.0	1.0	1.6	0.342
path	8	0.465	0.342	0.497	0.28	AT4G01280	14.73	16.0	1.27	1.6	0.342
path	8	0.465	0.342	0.497	0.28	AT4G05100	10.4	11.0	0.6	1.4	0.345
path	8	0.465	0.342	1.81	0.981	AT1G52880	20.24	22.0	1.76	1.6	0.345
path	8	0.465	0.342	0.497	0.28	AT3G15210	16.1	18.0	1.9	1.6	0.351
path	8	0.465	0.342	0.497	0.28	AT1G76880	1.91	2.0	0.09	0.8	0.352
path	8	0.465	0.342	0.497	0.28	AT3G03660	1.94	2.0	0.06	0.8	0.352
path	8	0.465	0.342	0.497	0.28	AT4G28110	1.93	2.0	0.07	0.8	0.352
path	8	0.465	0.342	0.497	0.28	AT5G44160	1.81	2.0	0.19	0.8	0.352
path	8	0.465	0.342	1.81	0.981	AT3G11440	23.24	25.0	1.76	1.6	0.353
path	8	0.465	0.342	1.81	0.981	AT3G07220	1.94	2.0	0.06	0.8	0.359
path	8	0.465	0.342	1.81	0.981	AT3G49930	1.97	2.0	0.03	0.8	0.359
path	8	0.465	0.342	1.81	0.981	AT3G51470	1.8	2.0	0.2	0.8	0.359
path	8	0.465	0.342	1.81	0.981	AT3G57600	1.74	2.0	0.26	0.8	0.359
path	8	0.465	0.342	1.81	0.981	AT4G04450	1.73	2.0	0.27	0.8	0.359
path	8	0.465	0.342	1.81	0.981	AT4G18450	1.73	2.0	0.27	0.8	0.359
path	8	0.465	0.342	1.81	0.981	AT4G30080	1.93	2.0	0.07	0.8	0.359
path	8	0.465	0.342	1.81	0.981	AT5G13910	1.72	2.0	0.28	0.8	0.359
path	8	0.465	0.342	0.497	0.28	AT1G06280	20.19	22.0	1.81	1.6	0.363
path	8	0.465	0.342	0.497	0.28	AT1G25550	4.36	5.0	0.64	1.0	0.365
path	8	0.465	0.342	0.497	0.28	AT1G66370	4.77	5.0	0.23	1.0	0.365
path	8	0.465	0.342	1.81	0.981	AT5G18450	10.7	12.0	1.3	1.2	0.37
path	8	0.465	0.342	0.497	0.28	AT1G54330	15.93	17.0	1.07	1.4	0.374
path	8	0.465	0.342	0.497	0.28	AT5G09410	15.9	17.0	1.1	1.4	0.374
path	8	0.465	0.342	1.81	0.981	AT2G17950	6.64	7.0	0.36	1.0	0.38
path	8	0.465	0.342	1.81	0.981	AT4G34410	23.75	26.0	2.25	1.4	0.382
path	8	0.465	0.342	0.497	0.28	AT5G45300	11.13	12.0	0.87	1.2	0.383
path	8	0.465	0.342	1.81	0.981	AT1G74480	13.63	15.0	1.37	1.2	0.383
path	8	0.465	0.342	0.497	0.28	AT3G50260	19.2	21.0	1.8	1.4	0.385
path	8	0.465	0.342	1.81	0.981	AT5G17300	26.98	29.0	2.02	1.4	0.387
path	8	0.465	0.342	0.497	0.28	AT1G09540	14.92	16.0	1.08	1.2	0.398
path	8	0.465	0.342	0.497	0.28	AT5G62380	14.96	16.0	1.04	1.2	0.398
path	8	0.465	0.342	0.497	0.28	AT1G17950	0.99	1.0	0.01	0.6	0.4
path	8	0.465	0.342	0.497	0.28	AT1G18960	0.96	1.0	0.04	0.6	0.4
path	8	0.465	0.342	0.497	0.28	AT1G60920	0.98	1.0	0.02	0.6	0.4
path	8	0.465	0.342	0.497	0.28	AT1G63040	0.98	1.0	0.02	0.6	0.4
path	8	0.465	0.342	0.497	0.28	AT1G70910	0.99	1.0	0.01	0.6	0.4
path	8	0.465	0.342	0.497	0.28	AT2G17900	0.96	1.0	0.04	0.6	0.4
path	8	0.465	0.342	0.497	0.28	AT2G38090	0.98	1.0	0.02	0.6	0.4
path	8	0.465	0.342	0.497	0.28	AT2G38880	0.96	1.0	0.04	0.6	0.4
path	8	0.465	0.342	0.497	0.28	AT3G22780	0.95	1.0	0.05	0.6	0.4
path	8	0.465	0.342	0.497	0.28	AT3G47620	0.97	1.0	0.03	0.6	0.4
path	8	0.465	0.342	0.497	0.28	AT4G24020	0.91	1.0	0.09	0.6	0.4
path	8	0.465	0.342	0.497	0.28	AT5G08070	0.96	1.0	0.04	0.6	0.4
path	8	0.465	0.342	0.497	0.28	AT5G22890	0.94	1.0	0.06	0.6	0.4
path	8	0.465	0.342	0.497	0.28	AT5G48670	0.98	1.0	0.02	0.6	0.4
path	8	0.465	0.342	0.497	0.28	AT5G61270	0.94	1.0	0.06	0.6	0.4
path	8	0.465	0.342	1.81	0.981	AT3G08500	19.65	21.0	1.35	1.2	0.4
path	8	0.465	0.342	1.81	0.981	AT4G14770	19.28	21.0	1.72	1.2	0.4
path	8	0.465	0.342	0.497	0.28	AT1G16490	16.9	18.0	1.1	1.2	0.403
path	8	0.465	0.342	0.497	0.28	AT3G61150	17.03	18.0	0.97	1.2	0.403
path	8	0.465	0.342	0.497	0.28	AT3G11280	3.54	4.0	0.46	0.8	0.405
path	8	0.465	0.342	0.497	0.28	AT4G28140	3.77	4.0	0.23	0.8	0.405
path	8	0.465	0.342	1.81	0.981	AT5G18270	25.19	27.0	1.81	1.2	0.41
path	8	0.465	0.342	0.497	0.28	AT1G36060	10.22	11.0	0.78	1.0	0.411
path	8	0.465	0.342	0.497	0.28	AT5G61620	9.57	11.0	1.43	1.0	0.411
path	8	0.465	0.342	0.497	0.28	AT1G28370	11.49	13.0	1.51	1.0	0.418
path	8	0.465	0.342	1.81	0.981	AT5G47220	4.14	5.0	0.86	0.8	0.418
path	8	0.465	0.342	0.497	0.28	AT3G18990	13.98	15.0	1.02	1.0	0.424
path	8	0.465	0.342	0.497	0.28	AT3G01220	15.87	17.0	1.13	1.0	0.428
path	8	0.465	0.342	0.497	0.28	AT1G20980	7.42	8.0	0.58	0.8	0.435
path	8	0.465	0.342	0.497	0.28	AT2G03500	7.06	8.0	0.94	0.8	0.435
path	8	0.465	0.342	1.81	0.981	AT2G02540	22.96	25.0	2.04	1.0	0.435
path	8	0.465	0.342	1.81	0.981	AT2G20110	23.3	25.0	1.7	1.0	0.435
path	8	0.465	0.342	1.81	0.981	AT5G03790	23.13	25.0	1.87	1.0	0.435
path	8	0.465	0.342	1.81	0.981	AT1G34370	7.56	8.0	0.44	0.8	0.436
path	8	0.465	0.342	1.81	0.981	AT1G69570	26.17	28.0	1.83	1.0	0.438
path	8	0.465	0.342	1.81	0.981	AT3G17730	26.24	28.0	1.76	1.0	0.438
path	8	0.465	0.342	0.497	0.28	AT2G02070	9.16	10.0	0.84	0.8	0.442
path	8	0.465	0.342	0.497	0.28	AT3G10800	9.12	10.0	0.88	0.8	0.442
path	8	0.465	0.342	1.81	0.981	AT3G55370	31.9	34.0	2.1	1.0	0.442
path	8	0.465	0.342	0.497	0.28	AT1G72740	11.19	12.0	0.81	0.8	0.447
path	8	0.465	0.342	0.497	0.28	AT5G23930	12.57	14.0	1.43	0.8	0.451
path	8	0.465	0.342	0.497	0.28	AT1G14580	2.69	3.0	0.31	0.6	0.456
path	8	0.465	0.342	0.497	0.28	AT1G68670	2.56	3.0	0.44	0.6	0.456
path	8	0.465	0.342	0.497	0.28	AT1G77640	2.75	3.0	0.25	0.6	0.456
path	8	0.465	0.342	0.497	0.28	AT2G38300	2.85	3.0	0.15	0.6	0.456
path	8	0.465	0.342	0.497	0.28	AT3G23210	2.69	3.0	0.31	0.6	0.456
path	8	0.465	0.342	0.497	0.28	AT5G08130	2.73	3.0	0.27	0.6	0.456
path	8	0.465	0.342	0.497	0.28	AT5G65410	18.73	20.0	1.27	0.8	0.459
path	8	0.465	0.342	1.81	0.981	AT1G71696	18.43	20.0	1.57	0.8	0.459
path	8	0.465	0.342	0.497	0.28	AT5G66700	20.36	22.0	1.64	0.8	0.461
path	8	0.465	0.342	1.81	0.981	AT1G74650	21.12	23.0	1.88	0.8	0.461
path	8	0.465	0.342	1.81	0.981	AT1G64620	30.1	32.0	1.9	0.8	0.466
path	8	0.465	0.342	0.497	0.28	AT1G53230	4.73	5.0	0.27	0.6	0.467
path	8	0.465	0.342	0.497	0.28	AT3G28910	4.52	5.0	0.48	0.6	0.467
path	8	0.465	0.342	0.497	0.28	AT1G13260	6.63	7.0	0.37	0.6	0.473
path	8	0.465	0.342	1.81	0.981	AT2G42590	2.73	3.0	0.27	0.6	0.475
path	8	0.465	0.342	1.81	0.981	AT3G23250	2.74	3.0	0.26	0.6	0.475
path	8	0.465	0.342	1.81	0.981	AT5G14340	2.82	3.0	0.18	0.6	0.475
path	8	0.465	0.342	1.81	0.981	AT5G25475	2.88	3.0	0.12	0.6	0.475
path	8	0.465	0.342	0.497	0.28	AT1G19000	11.7	13.0	1.3	0.6	0.48
path	8	0.465	0.342	0.497	0.28	AT1G77200	15.56	17.0	1.44	0.6	0.483
path	8	0.465	0.342	1.81	0.981	AT1G19040	8.6	9.0	0.4	0.6	0.485
path	8	0.465	0.342	1.81	0.981	AT1G19790	8.23	9.0	0.77	0.6	0.485
path	8	0.465	0.342	1.81	0.981	AT2G06200	11.21	12.0	0.79	0.6	0.487
path	8	0.465	0.342	1.81	0.981	AT4G00250	10.63	12.0	1.37	0.6	0.487
path	8	0.465	0.342	1.81	0.981	AT5G05790	10.9	12.0	1.1	0.6	0.487
path	8	0.465	0.342	1.81	0.981	AT2G26960	13.93	15.0	1.07	0.6	0.488
path	8	0.465	0.342	1.81	0.981	AT3G04060	16.46	18.0	1.54	0.6	0.489
path	8	0.465	0.342	1.81	0.981	AT4G36740	19.09	21.0	1.91	0.6	0.489
path	8	0.465	0.342	1.81	0.981	AT1G76420	22.31	24.0	1.69	0.6	0.49
path	8	0.465	0.342	0.497	0.28	AT5G02460	22.63	24.0	1.37	0.4	0.509
path	8	0.465	0.342	0.497	0.28	AT2G42200	12.85	14.0	1.15	0.4	0.511
path	8	0.465	0.342	0.497	0.28	AT2G47070	13.0	14.0	1.0	0.4	0.511
path	8	0.465	0.342	0.497	0.28	AT3G27785	10.96	12.0	1.04	0.4	0.511
path	8	0.465	0.342	0.497	0.28	AT3G26790	9.56	10.0	0.44	0.4	0.512
path	8	0.465	0.342	0.497	0.28	AT3G13810	7.25	8.0	0.75	0.4	0.513
path	8	0.465	0.342	0.497	0.28	AT3G30210	5.58	6.0	0.42	0.4	0.515
path	8	0.465	0.342	1.81	0.981	AT4G38000	29.06	31.0	1.94	0.4	0.515
path	8	0.465	0.342	1.81	0.981	AT3G09600	23.06	25.0	1.94	0.4	0.517
path	8	0.465	0.342	1.81	0.981	AT2G40260	17.54	19.0	1.46	0.4	0.52
path	8	0.465	0.342	1.81	0.981	AT4G10350	17.46	19.0	1.54	0.4	0.52
path	8	0.465	0.342	0.497	0.28	AT1G18570	1.79	2.0	0.21	0.4	0.525
path	8	0.465	0.342	0.497	0.28	AT2G45650	1.82	2.0	0.18	0.4	0.525
path	8	0.465	0.342	0.497	0.28	AT3G45150	1.79	2.0	0.21	0.4	0.525
path	8	0.465	0.342	0.497	0.28	AT3G45170	1.93	2.0	0.07	0.4	0.525
path	8	0.465	0.342	0.497	0.28	AT4G17460	1.94	2.0	0.06	0.4	0.525
path	8	0.465	0.342	0.497	0.28	AT5G61600	1.58	2.0	0.42	0.4	0.525
path	8	0.465	0.342	1.81	0.981	AT2G33550	9.19	10.0	0.81	0.4	0.527
path	8	0.465	0.342	0.497	0.28	AT5G60850	19.68	21.0	1.32	0.2	0.534
path	8	0.465	0.342	0.497	0.28	AT1G65910	17.92	19.0	1.08	0.2	0.536
path	8	0.465	0.342	0.497	0.28	AT1G31140	12.06	13.0	0.94	0.2	0.541
path	8	0.465	0.342	0.497	0.28	AT2G31230	11.64	13.0	1.36	0.2	0.541
path	8	0.465	0.342	1.81	0.981	AT5G06950	23.94	26.0	2.06	0.2	0.543
path	8	0.465	0.342	0.497	0.28	AT2G02080	10.01	11.0	0.99	0.2	0.544
path	8	0.465	0.342	0.497	0.28	AT3G06740	10.31	11.0	0.69	0.2	0.544
path	8	0.465	0.342	0.497	0.28	AT3G11020	10.17	11.0	0.83	0.2	0.544
path	8	0.465	0.342	1.81	0.981	AT1G51600	3.87	4.0	0.13	0.4	0.544
path	8	0.465	0.342	1.81	0.981	AT3G58630	3.53	4.0	0.47	0.4	0.544
path	8	0.465	0.342	1.81	0.981	AT5G67450	3.66	4.0	0.34	0.4	0.544
path	8	0.465	0.342	0.497	0.28	AT5G29000	8.0	9.0	1.0	0.2	0.549
path	8	0.465	0.342	1.81	0.981	AT1G49010	15.02	17.0	1.98	0.2	0.553
path	8	0.465	0.342	1.81	0.981	AT3G12720	15.58	17.0	1.42	0.2	0.553
path	8	0.465	0.342	1.81	0.981	AT5G62000	15.81	17.0	1.19	0.2	0.553
path	8	0.465	0.342	0.497	0.28	AT5G08330	6.32	7.0	0.68	0.2	0.554
path	8	0.465	0.342	1.81	0.981	AT1G49560	12.52	14.0	1.48	0.2	0.558
path	8	0.465	0.342	0.497	0.28	AT2G02820	16.29	18.0	1.71	0.0	0.562
path	8	0.465	0.342	0.497	0.28	AT5G58850	16.4	18.0	1.6	0.0	0.562
path	8	0.465	0.342	0.497	0.28	AT1G34190	14.78	16.0	1.22	0.0	0.565
path	8	0.465	0.342	0.497	0.28	AT3G20310	14.1	16.0	1.9	0.0	0.565
path	8	0.465	0.342	1.81	0.981	AT1G75490	9.71	11.0	1.29	0.2	0.565
path	8	0.465	0.342	1.81	0.981	AT3G23240	9.75	11.0	1.25	0.2	0.565
path	8	0.465	0.342	1.81	0.981	AT2G02820	24.43	27.0	2.57	0.0	0.568
path	8	0.465	0.342	1.81	0.981	AT5G58850	24.6	27.0	2.4	0.0	0.568
path	8	0.465	0.342	0.497	0.28	AT1G12260	12.97	14.0	1.03	0.0	0.569
path	8	0.465	0.342	0.497	0.28	AT1G33240	12.83	14.0	1.17	0.0	0.569
path	8	0.465	0.342	1.81	0.981	AT1G34190	22.17	24.0	1.83	0.0	0.572
path	8	0.465	0.342	1.81	0.981	AT3G20310	21.15	24.0	2.85	0.0	0.572
path	8	0.465	0.342	1.81	0.981	AT1G72010	7.08	8.0	0.92	0.2	0.575
path	8	0.465	0.342	1.81	0.981	AT3G21175	7.41	8.0	0.59	0.2	0.575
path	8	0.465	0.342	1.81	0.981	AT1G12260	19.46	21.0	1.54	0.0	0.576
path	8	0.465	0.342	1.81	0.981	AT1G33240	19.24	21.0	1.76	0.0	0.576
path	8	0.465	0.342	0.497	0.28	AT2G20400	9.1	10.0	0.9	0.0	0.58
path	8	0.465	0.342	0.497	0.28	AT3G10113	9.15	10.0	0.85	0.0	0.58
path	8	0.465	0.342	0.497	0.28	AT5G47390	8.74	10.0	1.26	0.0	0.58
path	8	0.465	0.342	0.497	0.28	AT1G13400	2.76	3.0	0.24	0.2	0.582
path	8	0.465	0.342	0.497	0.28	AT1G75390	2.64	3.0	0.36	0.2	0.582
path	8	0.465	0.342	0.497	0.28	AT3G04070	2.76	3.0	0.24	0.2	0.582
path	8	0.465	0.342	0.497	0.28	AT3G47600	2.82	3.0	0.18	0.2	0.582
path	8	0.465	0.342	0.497	0.28	AT5G59990	2.76	3.0	0.24	0.2	0.582
path	8	0.465	0.342	1.81	0.981	AT2G20400	13.64	15.0	1.36	0.0	0.589
path	8	0.465	0.342	1.81	0.981	AT3G10113	13.72	15.0	1.28	0.0	0.589
path	8	0.465	0.342	1.81	0.981	AT5G47390	13.11	15.0	1.89	0.0	0.589
path	8	0.465	0.342	1.81	0.981	AT5G60850	29.03	31.0	1.97	-0.2	0.589
path	8	0.465	0.342	0.497	0.28	AT5G06950	15.63	17.0	1.37	-0.2	0.59
path	8	0.465	0.342	1.81	0.981	AT1G65910	26.37	28.0	1.63	-0.2	0.592
path	8	0.465	0.342	1.81	0.981	AT2G33810	4.7	5.0	0.3	0.2	0.595
path	8	0.465	0.342	1.81	0.981	AT4G24470	4.53	5.0	0.47	0.2	0.595
path	8	0.465	0.342	1.81	0.981	AT4G27950	3.92	5.0	1.08	0.2	0.595
path	8	0.465	0.342	1.81	0.981	AT5G50570	4.62	5.0	0.38	0.2	0.595
path	8	0.465	0.342	1.81	0.981	AT5G67300	4.73	5.0	0.27	0.2	0.595
path	8	0.465	0.342	0.497	0.28	AT1G03840	5.26	6.0	0.74	0.0	0.6
path	8	0.465	0.342	0.497	0.28	AT3G12820	5.6	6.0	0.4	0.0	0.6
path	8	0.465	0.342	0.497	0.28	AT5G02840	5.51	6.0	0.49	0.0	0.6
path	8	0.465	0.342	0.497	0.28	AT5G65510	5.55	6.0	0.45	0.0	0.6
path	8	0.465	0.342	1.81	0.981	AT1G01250	0.78	1.0	0.22	0.4	0.6
path	8	0.465	0.342	1.81	0.981	AT1G27360	0.87	1.0	0.13	0.4	0.6
path	8	0.465	0.342	1.81	0.981	AT1G30210	0.97	1.0	0.03	0.4	0.6
path	8	0.465	0.342	1.81	0.981	AT1G47870	0.98	1.0	0.02	0.4	0.6
path	8	0.465	0.342	1.81	0.981	AT1G72360	0.79	1.0	0.21	0.4	0.6
path	8	0.465	0.342	1.81	0.981	AT1G76870	0.89	1.0	0.11	0.4	0.6
path	8	0.465	0.342	1.81	0.981	AT2G41835	0.92	1.0	0.08	0.4	0.6
path	8	0.465	0.342	1.81	0.981	AT2G46400	0.93	1.0	0.07	0.4	0.6
path	8	0.465	0.342	1.81	0.981	AT3G61120	0.9	1.0	0.1	0.4	0.6
path	8	0.465	0.342	1.81	0.981	AT4G12670	0.99	1.0	0.01	0.4	0.6
path	8	0.465	0.342	1.81	0.981	AT4G37790	0.97	1.0	0.03	0.4	0.6
path	8	0.465	0.342	1.81	0.981	AT5G40330	0.93	1.0	0.07	0.4	0.6
path	8	0.465	0.342	1.81	0.981	AT5G42520	0.96	1.0	0.04	0.4	0.6
path	8	0.465	0.342	1.81	0.981	AT5G67000	0.91	1.0	0.09	0.4	0.6
path	8	0.465	0.342	0.497	0.28	AT1G49010	9.68	11.0	1.32	-0.2	0.607
path	8	0.465	0.342	0.497	0.28	AT3G12720	10.05	11.0	0.95	-0.2	0.607
path	8	0.465	0.342	0.497	0.28	AT5G62000	10.21	11.0	0.79	-0.2	0.607
path	8	0.465	0.342	1.81	0.981	AT5G02460	32.95	35.0	2.05	-0.4	0.607
path	8	0.465	0.342	0.497	0.28	AT4G38000	18.71	20.0	1.29	-0.4	0.608
path	8	0.465	0.342	1.81	0.981	AT1G31140	17.6	19.0	1.4	-0.2	0.609
path	8	0.465	0.342	1.81	0.981	AT2G31230	16.96	19.0	2.04	-0.2	0.609
path	8	0.465	0.342	1.81	0.981	AT1G03840	7.9	9.0	1.1	0.0	0.612
path	8	0.465	0.342	1.81	0.981	AT3G12820	8.4	9.0	0.6	0.0	0.612
path	8	0.465	0.342	1.81	0.981	AT5G02840	8.27	9.0	0.73	0.0	0.612
path	8	0.465	0.342	1.81	0.981	AT5G65510	8.33	9.0	0.67	0.0	0.612
path	8	0.465	0.342	0.497	0.28	AT1G49560	8.01	9.0	0.99	-0.2	0.617
path	8	0.465	0.342	1.81	0.981	AT2G02080	14.52	16.0	1.48	-0.2	0.617
path	8	0.465	0.342	1.81	0.981	AT3G06740	14.96	16.0	1.04	-0.2	0.617
path	8	0.465	0.342	1.81	0.981	AT3G11020	14.76	16.0	1.24	-0.2	0.617
path	8	0.465	0.342	0.497	0.28	AT3G09600	14.71	16.0	1.29	-0.4	0.618
path	8	0.465	0.342	0.497	0.28	AT5G03150	3.64	4.0	0.36	0.0	0.62
path	8	0.465	0.342	1.81	0.981	AT5G29000	11.5	13.0	1.5	-0.2	0.628
path	8	0.465	0.342	0.497	0.28	AT1G75490	6.14	7.0	0.86	-0.2	0.63
path	8	0.465	0.342	0.497	0.28	AT3G23240	6.16	7.0	0.84	-0.2	0.63
path	8	0.465	0.342	0.497	0.28	AT2G40260	11.03	12.0	0.97	-0.4	0.632
path	8	0.465	0.342	0.497	0.28	AT4G10350	10.97	12.0	1.03	-0.4	0.632
path	8	0.465	0.342	1.81	0.981	AT2G42200	18.28	20.0	1.72	-0.4	0.634
path	8	0.465	0.342	1.81	0.981	AT2G47070	18.5	20.0	1.5	-0.4	0.634
path	8	0.465	0.342	1.81	0.981	AT5G03150	5.46	6.0	0.54	0.0	0.635
path	8	0.465	0.342	0.497	0.28	AT1G32510	0.96	1.0	0.04	0.2	0.641
path	8	0.465	0.342	0.497	0.28	AT1G65620	0.84	1.0	0.16	0.2	0.641
path	8	0.465	0.342	0.497	0.28	AT2G17410	0.92	1.0	0.08	0.2	0.641
path	8	0.465	0.342	0.497	0.28	AT2G21900	0.93	1.0	0.07	0.2	0.641
path	8	0.465	0.342	0.497	0.28	AT2G39900	0.97	1.0	0.03	0.2	0.641
path	8	0.465	0.342	0.497	0.28	AT3G48160	0.94	1.0	0.06	0.2	0.641
path	8	0.465	0.342	0.497	0.28	AT3G57230	0.86	1.0	0.14	0.2	0.641
path	8	0.465	0.342	0.497	0.28	AT5G10140	0.9	1.0	0.1	0.2	0.641
path	8	0.465	0.342	0.497	0.28	AT5G16600	0.95	1.0	0.05	0.2	0.641
path	8	0.465	0.342	1.81	0.981	AT3G27785	15.45	17.0	1.55	-0.4	0.643
path	8	0.465	0.342	1.81	0.981	AT5G08330	8.98	10.0	1.02	-0.2	0.644
path	8	0.465	0.342	0.497	0.28	AT1G76420	13.87	15.0	1.13	-0.6	0.647
path	8	0.465	0.342	1.81	0.981	AT3G20840	1.83	2.0	0.17	0.2	0.648
path	8	0.465	0.342	1.81	0.981	AT4G27900	1.87	2.0	0.13	0.2	0.648
path	8	0.465	0.342	1.81	0.981	AT4G36620	1.94	2.0	0.06	0.2	0.648
path	8	0.465	0.342	1.81	0.981	AT5G10510	1.9	2.0	0.1	0.2	0.648
path	8	0.465	0.342	1.81	0.981	AT5G18090	1.94	2.0	0.06	0.2	0.648
path	8	0.465	0.342	1.81	0.981	AT5G38860	1.92	2.0	0.08	0.2	0.648
path	8	0.465	0.342	1.81	0.981	AT1G77200	21.84	24.0	2.16	-0.6	0.649
path	8	0.465	0.342	0.497	0.28	AT1G72010	4.39	5.0	0.61	-0.2	0.651
path	8	0.465	0.342	0.497	0.28	AT3G21175	4.61	5.0	0.39	-0.2	0.651
path	8	0.465	0.342	0.497	0.28	AT1G64620	18.73	20.0	1.27	-0.8	0.655
path	8	0.465	0.342	0.497	0.28	AT4G36740	11.73	13.0	1.27	-0.6	0.655
path	8	0.465	0.342	1.81	0.981	AT3G26790	13.34	14.0	0.66	-0.4	0.655
path	8	0.465	0.342	1.81	0.981	AT5G66700	28.54	31.0	2.46	-0.8	0.658
path	8	0.465	0.342	1.81	0.981	AT5G65410	26.09	28.0	1.91	-0.8	0.664
path	8	0.465	0.342	0.497	0.28	AT5G14960	1.86	2.0	0.14	0.0	0.665
path	8	0.465	0.342	0.497	0.28	AT3G04060	9.97	11.0	1.03	-0.6	0.666
path	8	0.465	0.342	1.81	0.981	AT1G19000	16.05	18.0	1.95	-0.6	0.668
path	8	0.465	0.342	1.81	0.981	AT3G13810	9.88	11.0	1.12	-0.4	0.672
path	8	0.465	0.342	0.497	0.28	AT3G55370	19.6	21.0	1.4	-1.0	0.674
path	8	0.465	0.342	0.497	0.28	AT1G74650	12.75	14.0	1.25	-0.8	0.676
path	8	0.465	0.342	0.497	0.28	AT2G33550	5.46	6.0	0.54	-0.4	0.676
path	8	0.465	0.342	0.497	0.28	AT2G26960	8.29	9.0	0.71	-0.6	0.68
path	8	0.465	0.342	1.81	0.981	AT5G14960	2.78	3.0	0.22	0.0	0.684
path	8	0.465	0.342	0.497	0.28	AT1G69570	15.78	17.0	1.22	-1.0	0.687
path	8	0.465	0.342	0.497	0.28	AT1G71696	10.95	12.0	1.05	-0.8	0.687
path	8	0.465	0.342	0.497	0.28	AT2G33810	2.8	3.0	0.2	-0.2	0.687
path	8	0.465	0.342	0.497	0.28	AT3G17730	15.83	17.0	1.17	-1.0	0.687
path	8	0.465	0.342	0.497	0.28	AT4G24470	2.69	3.0	0.31	-0.2	0.687
path	8	0.465	0.342	0.497	0.28	AT4G27950	2.28	3.0	0.72	-0.2	0.687
path	8	0.465	0.342	0.497	0.28	AT5G50570	2.74	3.0	0.26	-0.2	0.687
path	8	0.465	0.342	0.497	0.28	AT5G67300	2.82	3.0	0.18	-0.2	0.687
path	8	0.465	0.342	1.81	0.981	AT5G23930	16.86	19.0	2.14	-0.8	0.69
path	8	0.465	0.342	0.497	0.28	AT2G02540	13.64	15.0	1.36	-1.0	0.696
path	8	0.465	0.342	0.497	0.28	AT2G20110	13.87	15.0	1.13	-1.0	0.696
path	8	0.465	0.342	0.497	0.28	AT5G03790	13.75	15.0	1.25	-1.0	0.696
path	8	0.465	0.342	1.81	0.981	AT3G30210	7.36	8.0	0.64	-0.4	0.696
path	8	0.465	0.342	0.497	0.28	AT2G06200	6.48	7.0	0.52	-0.6	0.698
path	8	0.465	0.342	0.497	0.28	AT4G00250	6.08	7.0	0.92	-0.6	0.698
path	8	0.465	0.342	0.497	0.28	AT5G05790	6.26	7.0	0.74	-0.6	0.698
path	8	0.465	0.342	1.81	0.981	AT3G01220	21.3	23.0	1.7	-1.0	0.7
path	8	0.465	0.342	1.81	0.981	AT1G72740	14.78	16.0	1.22	-0.8	0.703
path	8	0.465	0.342	1.81	0.981	AT3G18990	18.48	20.0	1.52	-1.0	0.711
path	8	0.465	0.342	1.81	0.981	AT1G13400	3.64	4.0	0.36	-0.2	0.712
path	8	0.465	0.342	1.81	0.981	AT1G75390	3.47	4.0	0.53	-0.2	0.712
path	8	0.465	0.342	1.81	0.981	AT3G04070	3.64	4.0	0.36	-0.2	0.712
path	8	0.465	0.342	1.81	0.981	AT3G47600	3.73	4.0	0.27	-0.2	0.712
path	8	0.465	0.342	1.81	0.981	AT5G59990	3.64	4.0	0.36	-0.2	0.712
path	8	0.465	0.342	0.497	0.28	AT5G18270	14.79	16.0	1.21	-1.2	0.714
path	8	0.465	0.342	1.81	0.981	AT1G16490	22.35	24.0	1.65	-1.2	0.72
path	8	0.465	0.342	1.81	0.981	AT2G02070	11.75	13.0	1.25	-0.8	0.72
path	8	0.465	0.342	1.81	0.981	AT3G10800	11.68	13.0	1.32	-0.8	0.72
path	8	0.465	0.342	1.81	0.981	AT3G61150	22.55	24.0	1.45	-1.2	0.72
path	8	0.465	0.342	1.81	0.981	AT1G13260	8.45	9.0	0.55	-0.6	0.721
path	8	0.465	0.342	1.81	0.981	AT1G28370	14.74	17.0	2.26	-1.0	0.724
path	8	0.465	0.342	0.497	0.28	AT1G19040	4.73	5.0	0.27	-0.6	0.726
path	8	0.465	0.342	0.497	0.28	AT1G19790	4.49	5.0	0.51	-0.6	0.726
path	8	0.465	0.342	1.81	0.981	AT3G50260	25.3	28.0	2.7	-1.4	0.729
path	8	0.465	0.342	1.81	0.981	AT1G09540	19.37	21.0	1.63	-1.2	0.73
path	8	0.465	0.342	1.81	0.981	AT5G62380	19.44	21.0	1.56	-1.2	0.73
path	8	0.465	0.342	0.497	0.28	AT5G17300	15.65	17.0	1.35	-1.4	0.731
path	8	0.465	0.342	0.497	0.28	AT3G08500	11.1	12.0	0.9	-1.2	0.737
path	8	0.465	0.342	0.497	0.28	AT4G14770	10.85	12.0	1.15	-1.2	0.737
path	8	0.465	0.342	0.497	0.28	AT4G34410	13.5	15.0	1.5	-1.4	0.741
path	8	0.465	0.342	1.81	0.981	AT1G36060	12.83	14.0	1.17	-1.0	0.741
path	8	0.465	0.342	1.81	0.981	AT5G61620	11.86	14.0	2.14	-1.0	0.741
path	8	0.465	0.342	1.81	0.981	AT1G20980	9.13	10.0	0.87	-0.8	0.743
path	8	0.465	0.342	1.81	0.981	AT2G03500	8.6	10.0	1.4	-0.8	0.743
path	8	0.465	0.342	1.81	0.981	AT1G06280	26.28	29.0	2.72	-1.6	0.746
path	8	0.465	0.342	1.81	0.981	AT1G54330	20.39	22.0	1.61	-1.4	0.748
path	8	0.465	0.342	1.81	0.981	AT5G09410	20.34	22.0	1.66	-1.4	0.748
path	8	0.465	0.342	1.81	0.981	AT1G53230	5.59	6.0	0.41	-0.6	0.757
path	8	0.465	0.342	1.81	0.981	AT3G28910	5.28	6.0	0.72	-0.6	0.757
path	8	0.465	0.342	1.81	0.981	AT5G45300	13.7	15.0	1.3	-1.2	0.759
path	8	0.465	0.342	1.81	0.981	AT3G15210	20.16	23.0	2.84	-1.6	0.765
path	8	0.465	0.342	0.497	0.28	AT3G11440	12.83	14.0	1.17	-1.6	0.767
path	8	0.465	0.342	0.497	0.28	AT1G51600	1.91	2.0	0.09	-0.4	0.769
path	8	0.465	0.342	0.497	0.28	AT3G58630	1.69	2.0	0.31	-0.4	0.769
path	8	0.465	0.342	0.497	0.28	AT5G67450	1.78	2.0	0.22	-0.4	0.769
path	8	0.465	0.342	0.497	0.28	AT1G74480	7.08	8.0	0.92	-1.2	0.772
path	8	0.465	0.342	0.497	0.28	AT5G66940	18.77	20.0	1.23	-2.0	0.775
path	8	0.465	0.342	1.81	0.981	AT2G01940	18.49	20.0	1.51	-1.6	0.778
path	8	0.465	0.342	1.81	0.981	AT4G01280	18.09	20.0	1.91	-1.6	0.778
path	8	0.465	0.342	0.497	0.28	AT1G34370	3.71	4.0	0.29	-0.8	0.78
path	8	0.465	0.342	0.497	0.28	AT1G52880	10.83	12.0	1.17	-1.6	0.781
path	8	0.465	0.342	0.497	0.28	AT3G18400	13.7	15.0	1.3	-1.8	0.781
path	8	0.465	0.342	1.81	0.981	AT2G43000	21.9	24.0	2.1	-1.8	0.781
path	8	0.465	0.342	1.81	0.981	AT2G45410	22.21	24.0	1.79	-1.8	0.781
path	8	0.465	0.342	0.497	0.28	AT3G20840	0.89	1.0	0.11	-0.2	0.785
path	8	0.465	0.342	0.497	0.28	AT4G27900	0.91	1.0	0.09	-0.2	0.785
path	8	0.465	0.342	0.497	0.28	AT4G36620	0.96	1.0	0.04	-0.2	0.785
path	8	0.465	0.342	0.497	0.28	AT5G10510	0.93	1.0	0.07	-0.2	0.785
path	8	0.465	0.342	0.497	0.28	AT5G18090	0.96	1.0	0.04	-0.2	0.785
path	8	0.465	0.342	0.497	0.28	AT5G38860	0.94	1.0	0.06	-0.2	0.785
path	8	0.465	0.342	1.81	0.981	AT1G01060	19.16	21.0	1.84	-1.8	0.793
path	8	0.465	0.342	1.81	0.981	AT2G33710	14.9	17.0	2.1	-1.6	0.793
path	8	0.465	0.342	1.81	0.981	AT4G05100	12.09	13.0	0.91	-1.4	0.796
path	8	0.465	0.342	0.497	0.28	AT5G18450	5.13	6.0	0.87	-1.2	0.799
path	8	0.465	0.342	1.81	0.981	AT5G05550	30.13	33.0	2.87	-2.4	0.805
path	8	0.465	0.342	0.497	0.28	AT4G38170	15.72	17.0	1.28	-2.2	0.806
path	8	0.465	0.342	1.81	0.981	AT2G23340	16.14	18.0	1.86	-1.8	0.807
path	8	0.465	0.342	1.81	0.981	AT2G38340	23.89	26.0	2.11	-2.2	0.809
path	8	0.465	0.342	1.81	0.981	AT1G74840	12.34	14.0	1.66	-1.6	0.811
path	8	0.465	0.342	1.81	0.981	AT3G57920	12.76	14.0	1.24	-1.6	0.811
path	8	0.465	0.342	0.497	0.28	AT5G10030	16.37	18.0	1.63	-2.4	0.818
path	8	0.465	0.342	1.81	0.981	AT5G06100	21.36	23.0	1.64	-2.2	0.82
path	8	0.465	0.342	1.81	0.981	AT1G45249	8.59	10.0	1.41	-1.4	0.821
path	8	0.465	0.342	1.81	0.981	AT1G18570	1.69	2.0	0.31	-0.4	0.822
path	8	0.465	0.342	1.81	0.981	AT2G45650	1.73	2.0	0.27	-0.4	0.822
path	8	0.465	0.342	1.81	0.981	AT3G45150	1.69	2.0	0.31	-0.4	0.822
path	8	0.465	0.342	1.81	0.981	AT3G45170	1.89	2.0	0.11	-0.4	0.822
path	8	0.465	0.342	1.81	0.981	AT4G17460	1.91	2.0	0.09	-0.4	0.822
path	8	0.465	0.342	1.81	0.981	AT5G61600	1.37	2.0	0.63	-0.4	0.822
path	8	0.465	0.342	1.81	0.981	AT1G14580	2.53	3.0	0.47	-0.6	0.823
path	8	0.465	0.342	1.81	0.981	AT1G68670	2.34	3.0	0.66	-0.6	0.823
path	8	0.465	0.342	1.81	0.981	AT1G77640	2.63	3.0	0.37	-0.6	0.823
path	8	0.465	0.342	1.81	0.981	AT2G38300	2.78	3.0	0.22	-0.6	0.823
path	8	0.465	0.342	1.81	0.981	AT3G23210	2.53	3.0	0.47	-0.6	0.823
path	8	0.465	0.342	1.81	0.981	AT5G08130	2.6	3.0	0.4	-0.6	0.823
path	8	0.465	0.342	0.497	0.28	AT5G08520	7.6	9.0	1.4	-1.8	0.828
path	8	0.465	0.342	1.81	0.981	AT3G11280	3.32	4.0	0.68	-0.8	0.829
path	8	0.465	0.342	1.81	0.981	AT4G28140	3.65	4.0	0.35	-0.8	0.829
path	8	0.465	0.342	0.497	0.28	AT2G46770	11.93	13.0	1.07	-2.2	0.83
path	8	0.465	0.342	0.497	0.28	AT3G50410	12.18	13.0	0.82	-2.2	0.83
path	8	0.465	0.342	1.81	0.981	AT3G24120	17.9	20.0	2.1	-2.2	0.833
path	8	0.465	0.342	1.81	0.981	AT4G18770	18.2	20.0	1.8	-2.2	0.833
path	8	0.465	0.342	1.81	0.981	AT4G37260	18.2	20.0	1.8	-2.2	0.833
path	8	0.465	0.342	1.81	0.981	AT5G39610	18.41	20.0	1.59	-2.2	0.833
path	8	0.465	0.342	1.81	0.981	AT1G08010	10.06	11.0	0.94	-1.6	0.834
path	8	0.465	0.342	1.81	0.981	AT1G55110	9.69	11.0	1.31	-1.6	0.834
path	8	0.465	0.342	1.81	0.981	AT1G79180	10.06	11.0	0.94	-1.6	0.834
path	8	0.465	0.342	0.497	0.28	AT2G17950	2.76	3.0	0.24	-1.0	0.837
path	8	0.465	0.342	1.81	0.981	AT5G60130	14.67	16.0	1.33	-2.0	0.837
path	8	0.465	0.342	1.81	0.981	AT1G25550	4.05	5.0	0.95	-1.0	0.838
path	8	0.465	0.342	1.81	0.981	AT1G66370	4.65	5.0	0.35	-1.0	0.838
path	8	0.465	0.342	0.497	0.28	AT1G79580	12.79	14.0	1.21	-2.4	0.84
path	8	0.465	0.342	0.497	0.28	AT3G53200	12.92	14.0	1.08	-2.4	0.84
path	8	0.465	0.342	0.497	0.28	AT5G62940	13.0	14.0	1.0	-2.4	0.84
path	8	0.465	0.342	0.497	0.28	AT5G65310	12.54	14.0	1.46	-2.4	0.84
path	8	0.465	0.342	1.81	0.981	AT1G32510	0.94	1.0	0.06	-0.2	0.841
path	8	0.465	0.342	1.81	0.981	AT1G65620	0.77	1.0	0.23	-0.2	0.841
path	8	0.465	0.342	1.81	0.981	AT2G17410	0.88	1.0	0.12	-0.2	0.841
path	8	0.465	0.342	1.81	0.981	AT2G21900	0.89	1.0	0.11	-0.2	0.841
path	8	0.465	0.342	1.81	0.981	AT2G39900	0.95	1.0	0.05	-0.2	0.841
path	8	0.465	0.342	1.81	0.981	AT3G48160	0.92	1.0	0.08	-0.2	0.841
path	8	0.465	0.342	1.81	0.981	AT3G57230	0.78	1.0	0.22	-0.2	0.841
path	8	0.465	0.342	1.81	0.981	AT5G10140	0.85	1.0	0.15	-0.2	0.841
path	8	0.465	0.342	1.81	0.981	AT5G16600	0.93	1.0	0.07	-0.2	0.841
path	8	0.465	0.342	0.497	0.28	AT5G47220	1.43	2.0	0.57	-0.8	0.844
path	8	0.465	0.342	1.81	0.981	AT1G76890	23.24	25.0	1.76	-2.6	0.844
path	8	0.465	0.342	1.81	0.981	AT2G22540	18.99	21.0	2.01	-2.4	0.845
path	8	0.465	0.342	1.81	0.981	AT5G25190	18.29	21.0	2.71	-2.4	0.845
path	8	0.465	0.342	0.497	0.28	AT3G15270	16.6	18.0	1.4	-2.8	0.848
path	8	0.465	0.342	1.81	0.981	AT3G28920	31.05	33.0	1.95	-3.0	0.848
path	8	0.465	0.342	0.497	0.28	AT5G65210	13.68	15.0	1.32	-2.6	0.849
path	8	0.465	0.342	0.497	0.28	AT1G69490	10.92	12.0	1.08	-2.4	0.854
path	8	0.465	0.342	0.497	0.28	AT3G44480	10.99	12.0	1.01	-2.4	0.854
path	8	0.465	0.342	1.81	0.981	AT3G21890	24.6	26.0	1.4	-2.8	0.855
path	8	0.465	0.342	1.81	0.981	AT5G65130	5.99	7.0	1.01	-1.4	0.855
path	8	0.465	0.342	0.497	0.28	AT2G28810	17.77	19.0	1.23	-3.0	0.857
path	8	0.465	0.342	0.497	0.28	AT5G63260	17.75	19.0	1.25	-3.0	0.857
path	8	0.465	0.342	0.497	0.28	AT5G67580	7.25	8.0	0.75	-2.0	0.857
path	8	0.465	0.342	0.497	0.28	AT1G75240	14.8	16.0	1.2	-2.8	0.858
path	8	0.465	0.342	0.497	0.28	AT3G03200	14.87	16.0	1.13	-2.8	0.858
path	8	0.465	0.342	1.81	0.981	AT2G15740	16.52	18.0	1.48	-2.4	0.859
path	8	0.465	0.342	1.81	0.981	AT4G31060	16.02	18.0	1.98	-2.4	0.859
path	8	0.465	0.342	1.81	0.981	AT1G76110	7.33	8.0	0.67	-1.6	0.864
path	8	0.465	0.342	1.81	0.981	AT5G18560	6.65	8.0	1.35	-1.6	0.864
path	8	0.465	0.342	1.81	0.981	AT1G26960	21.37	23.0	1.63	-2.8	0.866
path	8	0.465	0.342	1.81	0.981	AT3G60490	12.35	14.0	1.65	-2.2	0.866
path	8	0.465	0.342	1.81	0.981	AT4G36160	28.63	31.0	2.37	-3.2	0.866
path	8	0.465	0.342	1.81	0.981	AT2G23290	17.16	19.0	1.84	-2.6	0.869
path	8	0.465	0.342	0.497	0.28	AT2G42590	0.82	1.0	0.18	-0.6	0.872
path	8	0.465	0.342	0.497	0.28	AT3G23250	0.83	1.0	0.17	-0.6	0.872
path	8	0.465	0.342	0.497	0.28	AT5G14340	0.88	1.0	0.12	-0.6	0.872
path	8	0.465	0.342	0.497	0.28	AT5G25475	0.92	1.0	0.08	-0.6	0.872
path	8	0.465	0.342	1.81	0.981	AT1G03800	21.49	24.0	2.51	-3.0	0.875
path	8	0.465	0.342	1.81	0.981	AT1G14687	22.26	24.0	1.74	-3.0	0.875
path	8	0.465	0.342	0.497	0.28	AT1G01720	13.64	15.0	1.36	-3.0	0.876
path	8	0.465	0.342	1.81	0.981	AT3G10580	13.37	15.0	1.63	-2.4	0.876
path	8	0.465	0.342	1.81	0.981	AT5G56840	12.73	15.0	2.27	-2.4	0.876
path	8	0.465	0.342	1.81	0.981	AT2G18060	18.42	20.0	1.58	-2.8	0.878
path	8	0.465	0.342	0.497	0.28	AT3G15170	5.4	6.0	0.6	-2.0	0.883
path	8	0.465	0.342	1.81	0.981	AT5G17800	14.57	16.0	1.43	-2.6	0.884
path	8	0.465	0.342	0.497	0.28	AT3G01470	2.68	3.0	0.32	-1.4	0.885
path	8	0.465	0.342	1.81	0.981	AT2G22430	9.52	11.0	1.48	-2.2	0.888
path	8	0.465	0.342	1.81	0.981	AT1G50640	14.99	17.0	2.01	-2.8	0.892
path	8	0.465	0.342	1.81	0.981	AT1G68550	14.62	17.0	2.38	-2.8	0.892
path	8	0.465	0.342	0.497	0.28	AT1G22070	1.81	2.0	0.19	-1.2	0.897
path	8	0.465	0.342	0.497	0.28	AT1G32240	1.74	2.0	0.26	-1.2	0.897
path	8	0.465	0.342	0.497	0.28	AT3G50700	1.63	2.0	0.37	-1.2	0.897
path	8	0.465	0.342	0.497	0.28	AT1G51700	14.1	15.0	0.9	-3.4	0.9
path	8	0.465	0.342	1.81	0.981	AT3G16280	11.46	13.0	1.54	-2.6	0.902
path	8	0.465	0.342	1.81	0.981	AT5G07680	3.67	4.0	0.33	-1.4	0.904
path	8	0.465	0.342	0.497	0.28	AT1G69780	10.93	12.0	1.07	-3.2	0.906
path	8	0.465	0.342	0.497	0.28	AT5G64750	10.52	12.0	1.48	-3.2	0.906
path	8	0.465	0.342	1.81	0.981	AT4G38620	2.72	3.0	0.28	-1.2	0.906
path	8	0.465	0.342	1.81	0.981	AT5G39820	2.63	3.0	0.37	-1.2	0.906
path	8	0.465	0.342	1.81	0.981	AT5G10280	5.51	6.0	0.49	-1.8	0.907
path	8	0.465	0.342	1.81	0.981	AT1G51220	12.8	14.0	1.2	-2.8	0.908
path	8	0.465	0.342	1.81	0.981	AT5G62470	6.22	7.0	0.78	-2.0	0.91
path	8	0.465	0.342	0.497	0.28	AT5G06839	11.72	13.0	1.28	-3.4	0.911
path	8	0.465	0.342	1.81	0.981	AT5G47370	13.38	15.0	1.62	-3.0	0.914
path	8	0.465	0.342	0.497	0.28	AT3G06490	3.51	4.0	0.49	-2.0	0.915
path	8	0.465	0.342	0.497	0.28	AT3G25990	3.64	4.0	0.36	-2.0	0.915
path	8	0.465	0.342	1.81	0.981	AT1G69690	1.62	2.0	0.38	-1.0	0.915
path	8	0.465	0.342	1.81	0.981	AT1G73730	1.83	2.0	0.17	-1.0	0.915
path	8	0.465	0.342	1.81	0.981	AT3G23220	1.26	2.0	0.74	-1.0	0.915
path	8	0.465	0.342	1.81	0.981	AT3G27010	1.62	2.0	0.38	-1.0	0.915
path	8	0.465	0.342	0.497	0.28	AT2G44840	7.78	9.0	1.22	-3.0	0.917
path	8	0.465	0.342	1.81	0.981	AT3G10030	8.13	9.0	0.87	-2.4	0.918
path	8	0.465	0.342	1.81	0.981	AT5G47660	14.66	16.0	1.34	-3.2	0.92
path	8	0.465	0.342	1.81	0.981	AT1G53170	22.98	26.0	3.02	-4.0	0.922
path	8	0.465	0.342	0.497	0.28	AT3G47500	9.95	11.0	1.05	-3.4	0.923
path	8	0.465	0.342	0.497	0.28	AT3G02150	0.88	1.0	0.12	-1.0	0.924
path	8	0.465	0.342	0.497	0.28	AT5G08750	0.79	1.0	0.21	-1.0	0.924
path	8	0.465	0.342	1.81	0.981	AT2G35530	19.22	22.0	2.78	-3.8	0.925
path	8	0.465	0.342	1.81	0.981	AT4G26030	15.63	17.0	1.37	-3.4	0.925
path	8	0.465	0.342	1.81	0.981	AT3G50060	16.24	18.0	1.76	-3.6	0.93
path	8	0.465	0.342	1.81	0.981	AT5G62320	16.77	18.0	1.23	-3.6	0.93
path	8	0.465	0.342	1.81	0.981	AT1G06180	11.02	12.0	0.98	-3.0	0.931
path	8	0.465	0.342	0.497	0.28	AT3G46590	1.78	2.0	0.22	-1.6	0.932
path	8	0.465	0.342	0.497	0.28	AT5G44210	1.36	2.0	0.64	-1.6	0.932
path	8	0.465	0.342	0.497	0.28	AT3G01530	12.87	14.0	1.13	-4.0	0.933
path	8	0.465	0.342	0.497	0.28	AT1G30490	5.19	6.0	0.81	-2.8	0.935
path	8	0.465	0.342	0.497	0.28	AT5G06960	7.21	8.0	0.79	-3.2	0.935
path	8	0.465	0.342	0.497	0.28	AT5G46350	7.26	8.0	0.74	-3.2	0.935
path	8	0.465	0.342	0.497	0.28	AT5G58900	5.95	7.0	1.05	-3.0	0.935
path	8	0.465	0.342	1.81	0.981	AT5G11260	16.47	19.0	2.53	-3.8	0.935
path	8	0.465	0.342	1.81	0.981	AT1G76880	0.86	1.0	0.14	-0.8	0.937
path	8	0.465	0.342	1.81	0.981	AT3G03660	0.91	1.0	0.09	-0.8	0.937
path	8	0.465	0.342	1.81	0.981	AT4G28110	0.9	1.0	0.1	-0.8	0.937
path	8	0.465	0.342	1.81	0.981	AT5G44160	0.72	1.0	0.28	-0.8	0.937
path	8	0.465	0.342	0.497	0.28	AT2G01930	8.96	10.0	1.04	-3.6	0.938
path	8	0.465	0.342	1.81	0.981	AT4G00730	18.5	20.0	1.5	-4.0	0.939
path	8	0.465	0.342	1.81	0.981	AT5G45580	12.06	14.0	1.94	-3.4	0.939
path	8	0.465	0.342	0.497	0.28	AT5G04390	3.35	4.0	0.65	-2.4	0.94
path	8	0.465	0.342	0.497	0.28	AT5G53950	3.46	4.0	0.54	-2.4	0.94
path	8	0.465	0.342	0.497	0.28	AT1G08320	15.48	17.0	1.52	-4.6	0.942
path	8	0.465	0.342	1.81	0.981	AT4G17785	4.57	5.0	0.43	-2.2	0.946
path	8	0.465	0.342	1.81	0.981	AT4G34590	4.21	5.0	0.79	-2.2	0.946
path	8	0.465	0.342	0.497	0.28	AT3G12250	12.41	14.0	1.59	-4.4	0.947
path	8	0.465	0.342	0.497	0.28	AT2G46590	13.72	15.0	1.28	-4.6	0.949
path	8	0.465	0.342	1.81	0.981	AT4G32730	19.9	23.0	3.1	-4.6	0.951
path	8	0.465	0.342	1.81	0.981	AT1G69560	2.71	3.0	0.29	-1.8	0.952
path	8	0.465	0.342	1.81	0.981	AT5G22500	2.44	3.0	0.56	-1.8	0.952
path	8	0.465	0.342	1.81	0.981	AT5G63090	2.28	3.0	0.72	-1.8	0.952
path	8	0.465	0.342	0.497	0.28	AT1G25340	10.18	11.0	0.82	-4.2	0.954
path	8	0.465	0.342	0.497	0.28	AT2G24430	9.78	11.0	1.22	-4.2	0.954
path	8	0.465	0.342	1.81	0.981	AT3G12730	9.58	11.0	1.42	-3.4	0.954
path	8	0.465	0.342	0.497	0.28	AT3G61250	0.73	1.0	0.27	-1.4	0.955
path	8	0.465	0.342	1.81	0.981	AT2G44940	10.46	12.0	1.54	-3.6	0.956
path	8	0.465	0.342	0.497	0.28	AT3G45610	11.77	13.0	1.23	-4.6	0.957
path	8	0.465	0.342	0.497	0.28	AT5G13180	11.84	13.0	1.16	-4.6	0.957
path	8	0.465	0.342	1.81	0.981	AT2G46680	11.68	13.0	1.32	-3.8	0.958
path	8	0.465	0.342	1.81	0.981	AT1G69010	18.64	21.0	2.36	-4.8	0.962
path	8	0.465	0.342	0.497	0.28	AT3G52440	15.64	17.0	1.36	-5.4	0.964
path	8	0.465	0.342	0.497	0.28	AT4G17980	15.73	17.0	1.27	-5.4	0.964
path	8	0.465	0.342	0.497	0.28	AT1G68320	10.07	11.0	0.93	-4.6	0.965
path	8	0.465	0.342	0.497	0.28	AT1G69180	6.05	7.0	0.95	-3.8	0.965
path	8	0.465	0.342	1.81	0.981	AT1G22810	14.25	16.0	1.75	-4.4	0.965
path	8	0.465	0.342	1.81	0.981	AT2G32460	14.55	16.0	1.45	-4.4	0.965
path	8	0.465	0.342	1.81	0.981	AT5G52660	15.43	17.0	1.57	-4.6	0.967
path	8	0.465	0.342	0.497	0.28	AT3G49530	13.03	14.0	0.97	-5.2	0.968
path	8	0.465	0.342	0.497	0.28	AT5G46590	4.55	5.0	0.45	-3.4	0.968
path	8	0.465	0.342	1.81	0.981	AT2G18350	16.48	18.0	1.52	-4.8	0.969
path	8	0.465	0.342	1.81	0.981	AT2G36270	21.28	24.0	2.72	-5.4	0.969
path	8	0.465	0.342	1.81	0.981	AT4G37180	6.56	8.0	1.44	-3.4	0.969
path	8	0.465	0.342	1.81	0.981	AT4G01680	8.78	10.0	1.22	-3.8	0.97
path	8	0.465	0.342	1.81	0.981	AT5G66300	8.06	9.0	0.94	-3.6	0.97
path	8	0.465	0.342	1.81	0.981	AT3G26620	10.04	11.0	0.96	-4.0	0.971
path	8	0.465	0.342	1.81	0.981	AT4G36780	16.68	19.0	2.32	-5.0	0.971
path	8	0.465	0.342	1.81	0.981	AT2G42430	10.48	12.0	1.52	-4.2	0.972
path	8	0.465	0.342	0.497	0.28	AT3G12130	8.25	9.0	0.75	-4.6	0.973
path	8	0.465	0.342	1.81	0.981	AT1G71450	23.02	26.0	2.98	-5.8	0.973
path	8	0.465	0.342	1.81	0.981	AT4G32800	3.33	4.0	0.67	-2.6	0.973
path	8	0.465	0.342	0.497	0.28	AT3G10480	10.84	12.0	1.16	-5.2	0.974
path	8	0.465	0.342	1.81	0.981	AT1G32150	18.19	21.0	2.81	-5.4	0.974
path	8	0.465	0.342	1.81	0.981	AT3G04030	11.22	13.0	1.78	-4.4	0.974
path	8	0.465	0.342	1.81	0.981	AT2G45680	0.71	1.0	0.29	-1.4	0.975
path	8	0.465	0.342	1.81	0.981	AT3G51080	0.82	1.0	0.18	-1.4	0.975
path	8	0.465	0.342	1.81	0.981	AT4G18890	0.58	1.0	0.42	-1.4	0.975
path	8	0.465	0.342	1.81	0.981	AT5G52170	0.9	1.0	0.1	-1.4	0.975
path	8	0.465	0.342	1.81	0.981	AT5G56930	0.91	1.0	0.09	-1.4	0.975
path	8	0.465	0.342	0.497	0.28	AT1G02230	13.96	15.0	1.04	-5.8	0.976
path	8	0.465	0.342	0.497	0.28	AT1G34180	12.82	14.0	1.18	-5.6	0.976
path	8	0.465	0.342	1.81	0.981	AT3G24520	20.96	23.0	2.04	-5.8	0.978
path	8	0.465	0.342	1.81	0.981	AT2G45420	15.06	17.0	1.94	-5.2	0.979
path	8	0.465	0.342	0.497	0.28	AT1G24250	3.45	4.0	0.55	-3.6	0.98
path	8	0.465	0.342	1.81	0.981	AT4G16750	16.69	19.0	2.31	-5.6	0.981
path	8	0.465	0.342	0.497	0.28	AT5G66730	6.11	7.0	0.89	-4.6	0.982
path	8	0.465	0.342	1.81	0.981	AT1G04880	7.2	8.0	0.8	-4.0	0.982
path	8	0.465	0.342	1.81	0.981	AT1G34670	18.32	20.0	1.68	-5.8	0.982
path	8	0.465	0.342	1.81	0.981	AT1G43700	1.55	2.0	0.45	-2.2	0.982
path	8	0.465	0.342	1.81	0.981	AT1G44830	1.24	2.0	0.76	-2.2	0.982
path	8	0.465	0.342	0.497	0.28	AT1G70920	5.19	6.0	0.81	-4.4	0.983
path	8	0.465	0.342	1.81	0.981	AT1G28160	8.92	11.0	2.08	-4.6	0.983
path	8	0.465	0.342	0.497	0.28	AT1G52150	4.21	5.0	0.79	-4.2	0.984
path	8	0.465	0.342	1.81	0.981	AT1G06850	11.62	13.0	1.38	-5.0	0.984
path	8	0.465	0.342	1.81	0.981	AT1G18330	11.49	13.0	1.51	-5.0	0.984
path	8	0.465	0.342	1.81	0.981	AT2G28920	4.47	5.0	0.53	-3.4	0.985
path	8	0.465	0.342	0.497	0.28	AT4G01550	11.09	12.0	0.91	-6.0	0.986
path	8	0.465	0.342	0.497	0.28	AT4G28500	11.03	12.0	0.97	-6.0	0.986
path	8	0.465	0.342	0.497	0.28	AT5G04410	11.77	13.0	1.23	-6.2	0.986
path	8	0.465	0.342	0.497	0.28	AT1G25580	7.44	8.0	0.56	-5.2	0.986
path	8	0.465	0.342	1.81	0.981	AT1G78700	14.64	17.0	2.36	-5.8	0.986
path	8	0.465	0.342	1.81	0.981	AT2G04038	13.65	16.0	2.35	-5.6	0.986
path	8	0.465	0.342	1.81	0.981	AT2G18160	14.58	17.0	2.42	-5.8	0.986
path	8	0.465	0.342	0.497	0.28	AT1G27730	3.38	4.0	0.62	-4.0	0.987
path	8	0.465	0.342	0.497	0.28	AT3G10500	10.88	12.0	1.12	-6.4	0.989
path	8	0.465	0.342	0.497	0.28	AT3G60580	1.48	2.0	0.52	-3.2	0.989
path	8	0.465	0.342	1.81	0.981	AT3G62420	17.26	20.0	2.74	-6.4	0.989
path	8	0.465	0.342	1.81	0.981	AT4G25470	17.98	20.0	2.02	-6.4	0.989
path	8	0.465	0.342	1.81	0.981	AT5G51990	18.79	21.0	2.21	-6.6	0.989
path	8	0.465	0.342	1.81	0.981	AT5G67190	17.8	20.0	2.2	-6.4	0.989
path	8	0.465	0.342	1.81	0.981	AT2G01060	6.87	8.0	1.13	-4.6	0.99
path	8	0.465	0.342	0.497	0.28	AT1G02250	10.13	11.0	0.87	-6.6	0.992
path	8	0.465	0.342	1.81	0.981	AT3G02940	23.0	25.0	2.0	-7.4	0.992
path	8	0.465	0.342	0.497	0.28	AT4G01250	6.94	8.0	1.06	-6.0	0.993
path	8	0.465	0.342	1.81	0.981	AT3G20770	2.79	4.0	1.21	-3.8	0.993
path	8	0.465	0.342	0.497	0.28	AT4G26640	6.37	7.0	0.63	-5.8	0.994
path	8	0.465	0.342	1.81	0.981	AT2G35700	11.06	13.0	1.94	-6.2	0.994
path	8	0.465	0.342	1.81	0.981	AT5G22990	19.89	22.0	2.11	-7.4	0.994
path	8	0.465	0.342	1.81	0.981	AT1G12630	14.89	17.0	2.11	-7.0	0.995
path	8	0.465	0.342	1.81	0.981	AT3G56850	15.37	18.0	2.63	-7.2	0.995
path	8	0.465	0.342	1.81	0.981	AT3G60530	2.6	3.0	0.4	-3.6	0.995
path	8	0.465	0.342	1.81	0.981	AT4G06746	6.06	7.0	0.94	-5.0	0.995
path	8	0.465	0.342	1.81	0.981	AT5G15830	16.36	19.0	2.64	-7.4	0.995
path	8	0.465	0.342	0.497	0.28	AT2G23320	16.47	18.0	1.53	-8.8	0.996
path	8	0.465	0.342	1.81	0.981	AT1G63030	0.75	1.0	0.25	-2.6	0.996
path	8	0.465	0.342	1.81	0.981	AT1G75080	0.63	1.0	0.37	-2.6	0.996
path	8	0.465	0.342	1.81	0.981	AT5G13790	4.41	5.0	0.59	-4.6	0.996
path	8	0.465	0.342	1.81	0.981	AT5G56110	24.86	27.0	2.14	-8.4	0.996
path	8	0.465	0.342	0.497	0.28	AT3G01970	12.72	14.0	1.28	-8.4	0.997
path	8	0.465	0.342	0.497	0.28	AT4G01540	14.53	16.0	1.47	-8.8	0.997
path	8	0.465	0.342	0.497	0.28	AT4G31550	0.61	1.0	0.39	-3.4	0.997
path	8	0.465	0.342	1.81	0.981	AT2G18380	13.63	15.0	1.37	-7.2	0.997
path	8	0.465	0.342	1.81	0.981	AT4G25480	21.62	24.0	2.38	-8.4	0.997
path	8	0.465	0.342	0.497	0.28	AT1G28470	10.83	12.0	1.17	-8.4	0.998
path	8	0.465	0.342	0.497	0.28	AT1G32870	9.87	11.0	1.13	-8.2	0.998
path	8	0.465	0.342	0.497	0.28	AT1G47655	5.16	6.0	0.84	-6.8	0.998
path	8	0.465	0.342	0.497	0.28	AT2G03340	2.53	3.0	0.47	-5.4	0.998
path	8	0.465	0.342	1.81	0.981	AT1G20910	11.95	13.0	1.05	-7.4	0.998
path	8	0.465	0.342	1.81	0.981	AT3G09735	15.31	17.0	1.69	-8.2	0.998
path	8	0.465	0.342	1.81	0.981	AT5G54230	19.14	21.0	1.86	-8.4	0.998
path	8	0.465	0.342	0.497	0.28	AT1G29280	12.53	14.0	1.47	-10.4	0.999
path	8	0.465	0.342	0.497	0.28	AT4G29230	5.2	6.0	0.8	-8.0	0.999
path	8	0.465	0.342	0.497	0.28	AT5G52830	8.77	10.0	1.23	-8.8	0.999
path	8	0.465	0.342	0.497	0.28	AT5G64060	9.93	11.0	1.07	-9.4	0.999
path	8	0.465	0.342	1.81	0.981	AT1G12610	5.89	7.0	1.11	-6.2	0.999
path	8	0.465	0.342	1.81	0.981	AT1G19210	21.39	24.0	2.61	-9.6	0.999
path	8	0.465	0.342	1.81	0.981	AT2G15660	0.73	1.0	0.27	-3.8	0.999
path	8	0.465	0.342	1.81	0.981	AT2G30340	7.53	9.0	1.47	-7.2	0.999
path	8	0.465	0.342	1.81	0.981	AT3G22830	11.36	13.0	1.64	-8.6	0.999
path	8	0.465	0.342	0.497	0.28	AT1G01250	-0.15	0.0	0.15	-0.4	1.0
path	8	0.465	0.342	0.497	0.28	AT1G13300	-0.17	0.0	0.17	-1.2	1.0
path	8	0.465	0.342	0.497	0.28	AT1G27360	-0.09	0.0	0.09	-0.4	1.0
path	8	0.465	0.342	0.497	0.28	AT1G29860	10.72	12.0	1.28	-11.2	1.0
path	8	0.465	0.342	0.497	0.28	AT1G30210	-0.02	0.0	0.02	-0.4	1.0
path	8	0.465	0.342	0.497	0.28	AT1G30650	6.65	8.0	1.35	-12.8	1.0
path	8	0.465	0.342	0.497	0.28	AT1G47870	-0.01	0.0	0.01	-0.4	1.0
path	8	0.465	0.342	0.497	0.28	AT1G62300	4.82	6.0	1.18	-14.8	1.0
path	8	0.465	0.342	0.497	0.28	AT1G66420	-0.01	0.0	0.01	0.0	1.0
path	8	0.465	0.342	0.497	0.28	AT1G67260	-0.01	0.0	0.01	0.0	1.0
path	8	0.465	0.342	0.497	0.28	AT1G72360	-0.14	0.0	0.14	-0.4	1.0
path	8	0.465	0.342	0.497	0.28	AT1G74370	-0.03	0.0	0.03	0.0	1.0
path	8	0.465	0.342	0.497	0.28	AT1G76870	-0.07	0.0	0.07	-0.4	1.0
path	8	0.465	0.342	0.497	0.28	AT1G80840	-0.21	0.0	0.21	-2.8	1.0
path	8	0.465	0.342	0.497	0.28	AT2G24570	-0.15	0.0	0.15	-1.6	1.0
path	8	0.465	0.342	0.497	0.28	AT2G30250	10.49	12.0	1.51	-16.0	1.0
path	8	0.465	0.342	0.497	0.28	AT2G30590	-0.24	0.0	0.24	-1.6	1.0
path	8	0.465	0.342	0.497	0.28	AT2G31460	-0.02	0.0	0.02	0.0	1.0
path	8	0.465	0.342	0.497	0.28	AT2G38470	10.69	12.0	1.31	-13.2	1.0
path	8	0.465	0.342	0.497	0.28	AT2G40740	5.62	7.0	1.38	-18.6	1.0
path	8	0.465	0.342	0.497	0.28	AT2G41835	-0.06	0.0	0.06	-0.4	1.0
path	8	0.465	0.342	0.497	0.28	AT2G46130	0.56	1.0	0.44	-5.4	1.0
path	8	0.465	0.342	0.497	0.28	AT2G46400	-0.04	0.0	0.04	-0.4	1.0
path	8	0.465	0.342	0.497	0.28	AT2G48100	-0.01	0.0	0.01	0.0	1.0
path	8	0.465	0.342	0.497	0.28	AT3G07220	-0.04	0.0	0.04	-0.8	1.0
path	8	0.465	0.342	0.497	0.28	AT3G09230	-0.02	0.0	0.02	0.0	1.0
path	8	0.465	0.342	0.497	0.28	AT3G12910	-0.06	0.0	0.06	0.0	1.0
path	8	0.465	0.342	0.497	0.28	AT3G13040	-0.04	0.0	0.04	0.0	1.0
path	8	0.465	0.342	0.497	0.28	AT3G30530	-0.09	0.0	0.09	0.0	1.0
path	8	0.465	0.342	0.497	0.28	AT3G42860	0.3	1.0	0.7	-9.8	1.0
path	8	0.465	0.342	0.497	0.28	AT3G46070	-0.04	0.0	0.04	0.0	1.0
path	8	0.465	0.342	0.497	0.28	AT3G49930	-0.02	0.0	0.02	-0.8	1.0
path	8	0.465	0.342	0.497	0.28	AT3G51470	-0.13	0.0	0.13	-0.8	1.0
path	8	0.465	0.342	0.497	0.28	AT3G57600	-0.17	0.0	0.17	-0.8	1.0
path	8	0.465	0.342	0.497	0.28	AT3G61120	-0.07	0.0	0.07	-0.4	1.0
path	8	0.465	0.342	0.497	0.28	AT4G01500	-0.24	0.0	0.24	-2.0	1.0
path	8	0.465	0.342	0.497	0.28	AT4G01720	-0.17	0.0	0.17	-2.0	1.0
path	8	0.465	0.342	0.497	0.28	AT4G04450	-0.18	0.0	0.18	-0.8	1.0
path	8	0.465	0.342	0.497	0.28	AT4G12670	-0.01	0.0	0.01	-0.4	1.0
path	8	0.465	0.342	0.497	0.28	AT4G14410	-0.02	0.0	0.02	0.0	1.0
path	8	0.465	0.342	0.497	0.28	AT4G18170	9.68	11.0	1.32	-13.0	1.0
path	8	0.465	0.342	0.497	0.28	AT4G18450	-0.18	0.0	0.18	-0.8	1.0
path	8	0.465	0.342	0.497	0.28	AT4G22070	3.03	4.0	0.97	-14.8	1.0
path	8	0.465	0.342	0.497	0.28	AT4G23550	7.7	9.0	1.3	-10.2	1.0
path	8	0.465	0.342	0.497	0.28	AT4G24240	-0.04	0.0	0.04	0.0	1.0
path	8	0.465	0.342	0.497	0.28	AT4G30080	-0.05	0.0	0.05	-0.8	1.0
path	8	0.465	0.342	0.497	0.28	AT4G31800	9.46	11.0	1.54	-17.4	1.0
path	8	0.465	0.342	0.497	0.28	AT4G37790	-0.02	0.0	0.02	-0.4	1.0
path	8	0.465	0.342	0.497	0.28	AT4G38910	-0.03	0.0	0.03	0.0	1.0
path	8	0.465	0.342	0.497	0.28	AT5G07100	-0.29	0.0	0.29	-3.2	1.0
path	8	0.465	0.342	0.497	0.28	AT5G13080	13.45	15.0	1.55	-11.0	1.0
path	8	0.465	0.342	0.497	0.28	AT5G13910	-0.19	0.0	0.19	-0.8	1.0
path	8	0.465	0.342	0.497	0.28	AT5G24110	5.01	6.0	0.99	-10.8	1.0
path	8	0.465	0.342	0.497	0.28	AT5G25390	-0.12	0.0	0.12	0.0	1.0
path	8	0.465	0.342	0.497	0.28	AT5G26170	8.53	10.0	1.47	-13.6	1.0
path	8	0.465	0.342	0.497	0.28	AT5G38800	-0.01	0.0	0.01	0.0	1.0
path	8	0.465	0.342	0.497	0.28	AT5G40330	-0.04	0.0	0.04	-0.4	1.0
path	8	0.465	0.342	0.497	0.28	AT5G41570	10.62	12.0	1.38	-12.0	1.0
path	8	0.465	0.342	0.497	0.28	AT5G42520	-0.02	0.0	0.02	-0.4	1.0
path	8	0.465	0.342	0.497	0.28	AT5G42820	-0.02	0.0	0.02	0.0	1.0
path	8	0.465	0.342	0.497	0.28	AT5G47230	-0.36	0.0	0.36	-2.0	1.0
path	8	0.465	0.342	0.497	0.28	AT5G49300	-0.02	0.0	0.02	0.0	1.0
path	8	0.465	0.342	0.497	0.28	AT5G62165	-0.02	0.0	0.02	0.0	1.0
path	8	0.465	0.342	0.497	0.28	AT5G67000	-0.06	0.0	0.06	-0.4	1.0
path	8	0.465	0.342	1.81	0.981	AT1G10720	-0.08	0.0	0.08	-1.2	1.0
path	8	0.465	0.342	1.81	0.981	AT1G17950	-0.02	0.0	0.02	-0.6	1.0
path	8	0.465	0.342	1.81	0.981	AT1G18960	-0.06	0.0	0.06	-0.6	1.0
path	8	0.465	0.342	1.81	0.981	AT1G21910	-0.31	0.0	0.31	-1.2	1.0
path	8	0.465	0.342	1.81	0.981	AT1G23810	-0.18	0.0	0.18	-3.6	1.0
path	8	0.465	0.342	1.81	0.981	AT1G46264	-0.07	0.0	0.07	-1.2	1.0
path	8	0.465	0.342	1.81	0.981	AT1G60920	-0.03	0.0	0.03	-0.6	1.0
path	8	0.465	0.342	1.81	0.981	AT1G63040	-0.03	0.0	0.03	-0.6	1.0
path	8	0.465	0.342	1.81	0.981	AT1G66420	-0.01	0.0	0.01	0.0	1.0
path	8	0.465	0.342	1.81	0.981	AT1G67260	-0.02	0.0	0.02	0.0	1.0
path	8	0.465	0.342	1.81	0.981	AT1G70910	-0.02	0.0	0.02	-0.6	1.0
path	8	0.465	0.342	1.81	0.981	AT1G74370	-0.05	0.0	0.05	0.0	1.0
path	8	0.465	0.342	1.81	0.981	AT2G01818	1.33	2.0	0.67	-9.4	1.0
path	8	0.465	0.342	1.81	0.981	AT2G17900	-0.07	0.0	0.07	-0.6	1.0
path	8	0.465	0.342	1.81	0.981	AT2G31460	-0.04	0.0	0.04	0.0	1.0
path	8	0.465	0.342	1.81	0.981	AT2G38090	-0.04	0.0	0.04	-0.6	1.0
path	8	0.465	0.342	1.81	0.981	AT2G38880	-0.07	0.0	0.07	-0.6	1.0
path	8	0.465	0.342	1.81	0.981	AT2G41690	0.64	1.0	0.36	-4.4	1.0
path	8	0.465	0.342	1.81	0.981	AT2G48100	-0.01	0.0	0.01	0.0	1.0
path	8	0.465	0.342	1.81	0.981	AT3G02990	-0.31	0.0	0.31	-4.2	1.0
path	8	0.465	0.342	1.81	0.981	AT3G09230	-0.03	0.0	0.03	0.0	1.0
path	8	0.465	0.342	1.81	0.981	AT3G12910	-0.08	0.0	0.08	0.0	1.0
path	8	0.465	0.342	1.81	0.981	AT3G13040	-0.07	0.0	0.07	0.0	1.0
path	8	0.465	0.342	1.81	0.981	AT3G13350	-0.19	0.0	0.19	-2.4	1.0
path	8	0.465	0.342	1.81	0.981	AT3G22780	-0.07	0.0	0.07	-0.6	1.0
path	8	0.465	0.342	1.81	0.981	AT3G24050	4.35	5.0	0.65	-7.0	1.0
path	8	0.465	0.342	1.81	0.981	AT3G30530	-0.14	0.0	0.14	0.0	1.0
path	8	0.465	0.342	1.81	0.981	AT3G46070	-0.06	0.0	0.06	0.0	1.0
path	8	0.465	0.342	1.81	0.981	AT3G47620	-0.05	0.0	0.05	-0.6	1.0
path	8	0.465	0.342	1.81	0.981	AT4G11660	2.69	4.0	1.31	-13.4	1.0
path	8	0.465	0.342	1.81	0.981	AT4G14410	-0.04	0.0	0.04	0.0	1.0
path	8	0.465	0.342	1.81	0.981	AT4G24020	-0.14	0.0	0.14	-0.6	1.0
path	8	0.465	0.342	1.81	0.981	AT4G24240	-0.06	0.0	0.06	0.0	1.0
path	8	0.465	0.342	1.81	0.981	AT4G25490	13.82	16.0	2.18	-9.8	1.0
path	8	0.465	0.342	1.81	0.981	AT4G38910	-0.05	0.0	0.05	0.0	1.0
path	8	0.465	0.342	1.81	0.981	AT5G08070	-0.06	0.0	0.06	-0.6	1.0
path	8	0.465	0.342	1.81	0.981	AT5G16820	14.14	16.0	1.86	-10.4	1.0
path	8	0.465	0.342	1.81	0.981	AT5G22890	-0.08	0.0	0.08	-0.6	1.0
path	8	0.465	0.342	1.81	0.981	AT5G25390	-0.18	0.0	0.18	0.0	1.0
path	8	0.465	0.342	1.81	0.981	AT5G25830	5.16	6.0	0.84	-7.2	1.0
path	8	0.465	0.342	1.81	0.981	AT5G38800	-0.02	0.0	0.02	0.0	1.0
path	8	0.465	0.342	1.81	0.981	AT5G42820	-0.04	0.0	0.04	0.0	1.0
path	8	0.465	0.342	1.81	0.981	AT5G43840	-0.39	0.0	0.39	-6.0	1.0
path	8	0.465	0.342	1.81	0.981	AT5G48670	-0.03	0.0	0.03	-0.6	1.0
path	8	0.465	0.342	1.81	0.981	AT5G49300	-0.03	0.0	0.03	0.0	1.0
path	8	0.465	0.342	1.81	0.981	AT5G58620	-0.06	0.0	0.06	-1.2	1.0
path	8	0.465	0.342	1.81	0.981	AT5G61270	-0.09	0.0	0.09	-0.6	1.0
path	8	0.465	0.342	1.81	0.981	AT5G62165	-0.03	0.0	0.03	0.0	1.0
vsOthers	1	0.0	0.872	1.155	0.747	AT4G31800	0.286		0.094	0.102	4.19e-06
vsOthers	1	0.0	0.872	1.155	0.747	AT3G49530	1.018		0.048	0.08	8.37e-06
vsOthers	1	0.0	0.872	1.155	0.747	AT4G22070	0.389		0.051	0.081	1.22e-05
vsOthers	1	0.0	0.872	1.155	0.747	AT2G38470	0.283		0.087	0.089	2.39e-05
vsOthers	1	0.0	0.872	1.155	0.747	AT5G13080	0.0		0.109	0.086	0.000116
vsOthers	1	0.0	0.872	-0.301	0.462	AT4G22070	-0.054	0.05	0.124	-0.073	0.000212
vsOthers	1	0.0	0.872	-0.301	0.462	AT4G32730	2.29	0.163	0.064	0.1	0.000286
vsOthers	1	0.0	0.872	-0.301	0.462	AT4G31800	0.0	0.098	0.185	-0.087	0.000337
vsOthers	1	0.0	0.872	-0.301	0.462	AT2G38470	0.0	0.088	0.167	-0.079	0.000714
vsOthers	1	0.0	0.872	1.155	0.747	AT4G01250	0.002		0.075	0.06	0.00206
vsOthers	1	0.0	0.872	1.155	0.747	AT5G64060	0.078		0.07	0.058	0.00219
vsOthers	1	0.0	0.872	1.155	0.747	AT4G32730	-0.045		0.139	-0.075	0.0022
vsOthers	1	0.0	0.872	1.155	0.747	AT5G26170	0.0		0.118	0.068	0.0022
vsOthers	1	0.0	0.872	-0.301	0.462	AT5G13080	0.002	0.11	0.185	-0.075	0.00235
vsOthers	1	0.0	0.872	1.389	1.786	AT3G49530	0.0	0.01	0.11	-0.1	0.00326
vsOthers	1	0.0	0.872	-0.301	0.462	AT3G49530	0.306	0.06	0.117	-0.057	0.00384
vsOthers	1	0.0	0.872	-0.301	0.462	AT2G04038	1.748	0.122	0.052	0.07	0.00403
vsOthers	1	0.0	0.872	-0.301	0.462	AT5G64060	0.0	0.066	0.124	-0.058	0.00502
vsOthers	1	0.0	0.872	-0.301	0.462	AT2G18160	0.0	0.122	0.056	0.067	0.00641
vsOthers	1	0.0	0.872	1.155	0.747	AT4G18170	1.061		0.023	0.056	0.00844
vsOthers	1	0.0	0.872	-0.301	0.462	AT4G01250	-0.063	0.076	0.129	-0.053	0.011
vsOthers	1	0.0	0.872	-0.301	0.462	AT3G20770	0.93	0.067	0.022	0.046	0.012
vsOthers	1	0.0	0.872	-0.301	0.462	AT5G15830	0.0	0.128	0.066	0.062	0.012
vsOthers	1	0.0	0.872	1.155	0.747	AT1G28470	0.912		0.022	0.05	0.012
vsOthers	1	0.0	0.872	-0.301	0.462	AT2G35530	0.0	0.126	0.064	0.062	0.013
vsOthers	1	0.0	0.872	-0.301	0.462	AT3G62420	0.0	0.129	0.065	0.064	0.013
vsOthers	1	0.0	0.872	-0.301	0.462	AT4G34590	0.452	0.046	0.012	0.034	0.014
vsOthers	1	0.0	0.872	-0.301	0.462	AT5G26170	0.188	0.12	0.179	-0.059	0.014
vsOthers	1	0.0	0.872	1.155	0.747	AT1G29860	0.671		0.024	0.05	0.014
vsOthers	1	0.0	0.872	1.155	0.747	AT4G11660	0.444		0.065	0.043	0.014
vsOthers	1	0.0	0.872	1.389	1.786	AT5G25190	0.0	0.093	0.194	-0.101	0.014
vsOthers	1	0.0	0.872	-0.301	0.462	AT1G45249	1.093	0.073	0.026	0.046	0.015
vsOthers	1	0.0	0.872	-0.301	0.462	AT1G80840	-0.041	0.006	0.03	-0.023	0.018
vsOthers	1	0.0	0.872	-0.301	0.462	AT3G56850	0.081	0.116	0.058	0.058	0.02
vsOthers	1	0.0	0.872	-0.301	0.462	AT1G32150	0.0	0.125	0.068	0.057	0.022
vsOthers	1	0.0	0.872	-0.301	0.462	AT1G75390	0.0	0.035	0.009	0.026	0.023
vsOthers	1	0.0	0.872	-0.301	0.462	AT2G38340	-0.609	0.11	0.164	-0.053	0.024
vsOthers	1	0.0	0.872	1.155	0.747	AT2G40740	1.315		0.031	0.048	0.026
vsOthers	1	0.0	0.872	1.155	0.747	AT3G20770	-0.751		0.058	-0.037	0.026
vsOthers	1	0.0	0.872	1.155	0.747	AT1G80840	0.0		0.01	0.021	0.03
vsOthers	1	0.0	0.872	1.155	0.747	AT2G23320	0.09		0.038	0.048	0.031
vsOthers	1	0.0	0.872	1.155	0.747	AT5G04410	0.0		0.021	0.043	0.031
vsOthers	1	0.0	0.872	1.389	1.786	AT4G31800	0.0	0.082	0.17	-0.088	0.031
vsOthers	1	0.0	0.872	1.389	1.786	AT1G69180	0.0	0.093	0.029	0.063	0.032
vsOthers	1	0.0	0.872	1.155	0.747	AT3G10480	0.0		0.02	0.041	0.033
vsOthers	1	0.0	0.872	1.155	0.747	AT4G23550	0.035		0.03	0.044	0.033
vsOthers	1	0.0	0.872	-0.301	0.462	AT4G18170	0.0	0.025	0.073	-0.048	0.034
vsOthers	1	0.0	0.872	-0.301	0.462	AT1G69570	0.233	0.167	0.121	0.046	0.036
vsOthers	1	0.0	0.872	1.155	0.747	AT1G62300	0.0		0.022	0.041	0.038
vsOthers	1	0.0	0.872	1.155	0.747	AT1G54330	0.0		0.019	0.038	0.039
vsOthers	1	0.0	0.872	-0.301	0.462	AT3G27785	0.577	0.075	0.034	0.041	0.04
vsOthers	1	0.0	0.872	1.389	1.786	AT1G73730	0.0	0.029	0.007	0.023	0.04
vsOthers	1	0.0	0.872	-0.301	0.462	AT1G28470	0.0	0.024	0.067	-0.043	0.041
vsOthers	1	0.0	0.872	-0.301	0.462	AT3G10800	0.0	0.068	0.029	0.039	0.042
vsOthers	1	0.0	0.872	1.155	0.747	AT3G01970	0.0		0.03	0.042	0.042
vsOthers	1	0.0	0.872	1.155	0.747	AT4G28500	0.264		0.016	0.037	0.042
vsOthers	1	0.0	0.872	-0.301	0.462	AT1G29860	-0.019	0.024	0.069	-0.046	0.043
vsOthers	1	0.0	0.872	1.155	0.747	AT4G17980	0.0		0.025	0.042	0.043
vsOthers	1	0.0	0.872	-0.301	0.462	AT4G17980	0.0	0.022	0.064	-0.042	0.045
vsOthers	1	0.0	0.872	1.155	0.747	AT3G03200	0.0		0.022	0.039	0.046
vsOthers	1	0.0	0.872	-0.301	0.462	AT2G36270	0.0	0.118	0.067	0.051	0.047
vsOthers	1	0.0	0.872	1.155	0.747	AT2G30250	0.0		0.037	0.045	0.047
vsOthers	1	0.0	0.872	1.155	0.747	AT3G10500	0.146		0.017	0.039	0.05
vsOthers	1	0.0	0.872	-0.301	0.462	AT5G04410	0.0	0.019	0.061	-0.042	0.052
vsOthers	1	0.0	0.872	1.155	0.747	AT3G22830	0.323		0.092	0.039	0.052
vsOthers	1	0.0	0.872	1.155	0.747	AT1G30650	0.0		0.033	0.04	0.053
vsOthers	1	0.0	0.872	1.155	0.747	AT2G04038	0.0		0.098	-0.043	0.054
vsOthers	1	0.0	0.872	1.155	0.747	AT5G52830	0.0		0.029	0.038	0.054
vsOthers	1	0.0	0.872	-0.301	0.462	AT1G18570	0.0	0.006	0.024	-0.017	0.059
vsOthers	1	0.0	0.872	-0.301	0.462	AT4G11660	-0.015	0.066	0.103	-0.037	0.059
vsOthers	1	0.0	0.872	-0.301	0.462	AT5G58850	0.0	0.103	0.057	0.046	0.059
vsOthers	1	0.0	0.872	1.155	0.747	AT2G18160	0.0		0.101	-0.042	0.059
vsOthers	1	0.0	0.872	-0.301	0.462	AT1G63040	0.0	0.002	0.0	0.002	0.06
vsOthers	1	0.0	0.872	1.155	0.747	AT3G17730	0.0		0.023	0.037	0.061
vsOthers	1	0.0	0.872	1.155	0.747	AT4G34590	0.0		0.037	-0.025	0.064
vsOthers	1	0.0	0.872	1.155	0.747	AT1G65910	0.0		0.022	0.036	0.066
vsOthers	1	0.0	0.872	1.155	0.747	AT5G41570	0.0		0.036	0.04	0.066
vsOthers	1	0.0	0.872	1.155	0.747	AT1G45249	0.0		0.06	-0.032	0.067
vsOthers	1	0.0	0.872	1.155	0.747	AT1G34180	0.669		0.022	0.035	0.068
vsOthers	1	0.0	0.872	-0.301	0.462	AT3G10500	-0.101	0.014	0.053	-0.039	0.069
vsOthers	1	0.0	0.872	-0.301	0.462	AT2G30250	0.0	0.035	0.078	-0.044	0.07
vsOthers	1	0.0	0.872	-0.301	0.462	AT3G10480	0.0	0.02	0.057	-0.037	0.071
vsOthers	1	0.0	0.872	1.389	1.786	AT2G38470	0.0	0.082	0.153	-0.07	0.073
vsOthers	1	0.0	0.872	1.155	0.747	AT1G29280	0.0		0.038	0.039	0.075
vsOthers	1	0.0	0.872	1.389	1.786	AT1G66420	0.0	0.002	0.0	0.002	0.075
vsOthers	1	0.0	0.872	1.155	0.747	AT1G69570	0.0		0.157	-0.037	0.078
vsOthers	1	0.0	0.872	1.155	0.747	AT2G35530	0.0		0.107	-0.04	0.08
vsOthers	1	0.0	0.872	1.155	0.747	AT3G62420	0.0		0.108	-0.04	0.081
vsOthers	1	0.0	0.872	-0.301	0.462	AT3G17730	0.0	0.021	0.058	-0.037	0.082
vsOthers	1	0.0	0.872	-0.301	0.462	AT1G30650	-0.514	0.03	0.07	-0.04	0.083
vsOthers	1	0.0	0.872	1.155	0.747	AT3G18400	0.0		0.028	0.036	0.083
vsOthers	1	0.0	0.872	-0.301	0.462	AT1G54330	0.0	0.019	0.054	-0.036	0.084
vsOthers	1	0.0	0.872	-0.301	0.462	AT2G23320	0.0	0.04	0.081	-0.041	0.084
vsOthers	1	0.0	0.872	1.389	1.786	AT4G22070	0.0	0.052	0.11	-0.059	0.084
vsOthers	1	0.0	0.872	1.155	0.747	AT4G01550	0.436		0.019	0.029	0.086
vsOthers	1	0.0	0.872	-0.301	0.462	AT2G40740	0.0	0.033	0.073	-0.039	0.089
vsOthers	1	0.0	0.872	1.389	1.786	AT5G13080	0.0	0.103	0.172	-0.069	0.089
vsOthers	1	0.0	0.872	-0.301	0.462	AT3G18400	0.0	0.024	0.061	-0.037	0.09
vsOthers	1	0.0	0.872	1.155	0.747	AT3G56850	-0.248		0.099	-0.04	0.091
vsOthers	1	0.0	0.872	-0.301	0.462	AT1G73730	-4.465	0.0	0.011	-0.011	0.092
vsOthers	1	0.0	0.872	1.155	0.747	AT1G02250	0.0		0.016	0.029	0.092
vsOthers	1	0.0	0.872	-0.301	0.462	AT3G03200	0.0	0.022	0.057	-0.035	0.094
vsOthers	1	0.0	0.872	-0.301	0.462	AT4G23550	0.0	0.033	0.069	-0.037	0.096
vsOthers	1	0.0	0.872	1.155	0.747	AT2G38340	-0.082		0.126	0.037	0.096
vsOthers	1	0.0	0.872	-0.301	0.462	AT1G62300	0.0	0.023	0.059	-0.035	0.097
vsOthers	1	0.0	0.872	-0.301	0.462	AT3G01970	0.0	0.029	0.068	-0.038	0.098
vsOthers	1	0.0	0.872	1.155	0.747	AT5G65310	0.596		0.042	0.035	0.1
vsOthers	1	0.0	0.872	-0.301	0.462	AT5G41570	0.0	0.034	0.072	-0.038	0.102
vsOthers	1	0.0	0.872	-0.301	0.462	AT2G02540	-1.403	0.03	0.068	-0.038	0.103
vsOthers	1	0.0	0.872	1.155	0.747	AT1G75390	0.0		0.027	-0.018	0.107
vsOthers	1	0.0	0.872	-0.301	0.462	AT1G65910	0.0	0.021	0.055	-0.034	0.11
vsOthers	1	0.0	0.872	1.389	1.786	AT1G18570	0.0	0.041	0.018	0.024	0.111
vsOthers	1	0.0	0.872	-0.301	0.462	AT4G36740	0.0	0.029	0.064	-0.036	0.112
vsOthers	1	0.0	0.872	1.155	0.747	AT5G62380	0.0		0.022	0.03	0.113
vsOthers	1	0.0	0.872	-0.301	0.462	AT4G28500	0.0	0.017	0.049	-0.032	0.116
vsOthers	1	0.0	0.872	1.155	0.747	AT4G36740	0.0		0.033	0.033	0.121
vsOthers	1	0.0	0.872	1.155	0.747	AT5G15830	0.078		0.105	-0.035	0.124
vsOthers	1	0.0	0.872	-0.301	0.462	AT1G69780	-0.033	0.024	0.053	-0.03	0.126
vsOthers	1	0.0	0.872	1.155	0.747	AT5G39610	0.0		0.019	0.028	0.127
vsOthers	1	0.0	0.872	-0.301	0.462	AT5G52830	0.0	0.03	0.064	-0.034	0.128
vsOthers	1	0.0	0.872	-0.301	0.462	AT5G65310	0.0	0.038	0.074	-0.036	0.129
vsOthers	1	0.0	0.872	1.155	0.747	AT1G19040	0.318		0.0	0.013	0.129
vsOthers	1	0.0	0.872	1.155	0.747	AT4G36160	0.0		0.041	0.033	0.133
vsOthers	1	0.0	0.872	1.155	0.747	AT1G12260	0.0		0.021	0.029	0.134
vsOthers	1	0.0	0.872	1.155	0.747	AT5G03790	0.909		0.033	0.03	0.134
vsOthers	1	0.0	0.872	-0.301	0.462	AT1G29280	0.0	0.037	0.074	-0.036	0.135
vsOthers	1	0.0	0.872	-0.301	0.462	AT1G34180	-0.058	0.022	0.054	-0.032	0.136
vsOthers	1	0.0	0.872	1.155	0.747	AT2G18060	0.0		0.022	0.029	0.138
vsOthers	1	0.0	0.872	1.389	1.786	AT1G60920	0.0	0.004	0.0	0.004	0.144
vsOthers	1	0.0	0.872	1.155	0.747	AT1G34190	0.0		0.026	0.029	0.145
vsOthers	1	0.0	0.872	-0.301	0.462	AT5G39610	0.0	0.016	0.045	-0.03	0.148
vsOthers	1	0.0	0.872	1.155	0.747	AT1G34670	0.133		0.031	0.03	0.148
vsOthers	1	0.0	0.872	1.155	0.747	AT2G01940	1.446		0.023	0.026	0.15
vsOthers	1	0.0	0.872	-0.301	0.462	AT5G25830	0.692	0.044	0.021	0.023	0.151
vsOthers	1	0.0	0.872	1.155	0.747	AT1G32150	0.0		0.105	-0.034	0.152
vsOthers	1	0.0	0.872	-0.301	0.462	AT1G32870	0.0	0.02	0.05	-0.029	0.156
vsOthers	1	0.0	0.872	1.155	0.747	AT2G02540	0.0		0.038	0.031	0.156
vsOthers	1	0.0	0.872	-0.301	0.462	AT5G62380	0.0	0.021	0.049	-0.029	0.157
vsOthers	1	0.0	0.872	1.155	0.747	AT1G79580	0.0		0.032	0.028	0.158
vsOthers	1	0.0	0.872	1.155	0.747	AT1G69780	0.0		0.029	0.025	0.159
vsOthers	1	0.0	0.872	-0.301	0.462	AT3G22830	0.0	0.095	0.126	-0.031	0.161
vsOthers	1	0.0	0.872	-0.301	0.462	AT5G10280	0.0	0.002	0.018	-0.016	0.163
vsOthers	1	0.0	0.872	1.155	0.747	AT2G46770	0.0		0.029	0.025	0.166
vsOthers	1	0.0	0.872	-0.301	0.462	AT1G69690	0.175	0.023	0.009	0.014	0.169
vsOthers	1	0.0	0.872	-0.301	0.462	AT3G61150	0.0	0.022	0.048	-0.026	0.169
vsOthers	1	0.0	0.872	-0.301	0.462	AT1G34670	0.0	0.028	0.059	-0.031	0.17
vsOthers	1	0.0	0.872	-0.301	0.462	AT5G47230	0.0	0.05	0.033	0.018	0.17
vsOthers	1	0.0	0.872	-0.301	0.462	AT1G02250	0.0	0.017	0.042	-0.025	0.172
vsOthers	1	0.0	0.872	1.155	0.747	AT1G06280	0.77		0.061	0.032	0.173
vsOthers	1	0.0	0.872	1.155	0.747	AT3G04060	0.0		0.02	0.025	0.173
vsOthers	1	0.0	0.872	1.155	0.747	AT3G61150	0.701		0.025	0.025	0.173
vsOthers	1	0.0	0.872	1.155	0.747	AT5G24110	0.0		0.029	0.025	0.173
vsOthers	1	0.0	0.872	1.389	1.786	AT5G47230	0.0	0.01	0.039	-0.029	0.173
vsOthers	1	0.0	0.872	1.155	0.747	AT4G29230	0.0		0.019	0.024	0.174
vsOthers	1	0.0	0.872	1.389	1.786	AT2G15740	0.0	0.007	0.051	-0.044	0.174
vsOthers	1	0.0	0.872	1.389	1.786	AT4G18170	0.0	0.016	0.065	-0.048	0.175
vsOthers	1	0.0	0.872	1.155	0.747	AT3G02940	0.241		0.04	0.028	0.177
vsOthers	1	0.0	0.872	-0.301	0.462	AT1G16490	-0.668	0.022	0.049	-0.027	0.18
vsOthers	1	0.0	0.872	1.155	0.747	AT4G31550	0.0		0.007	0.015	0.18
vsOthers	1	0.0	0.872	-0.301	0.462	AT5G61620	0.173	0.092	0.063	0.029	0.183
vsOthers	1	0.0	0.872	1.155	0.747	AT5G25830	-0.611		0.04	-0.019	0.183
vsOthers	1	0.0	0.872	1.155	0.747	AT3G27785	0.0		0.061	-0.025	0.186
vsOthers	1	0.0	0.872	1.155	0.747	AT5G54230	0.043		0.036	0.026	0.188
vsOthers	1	0.0	0.872	1.389	1.786	AT4G01250	0.0	0.072	0.119	-0.047	0.188
vsOthers	1	0.0	0.872	-0.301	0.462	AT2G18060	0.0	0.023	0.048	-0.025	0.19
vsOthers	1	0.0	0.872	1.155	0.747	AT2G03340	0.0		0.011	0.018	0.19
vsOthers	1	0.0	0.872	1.155	0.747	AT1G32870	0.0		0.025	0.026	0.191
vsOthers	1	0.0	0.872	1.155	0.747	AT5G66300	0.0		0.011	0.02	0.191
vsOthers	1	0.0	0.872	1.155	0.747	AT1G76420	0.033		0.024	0.024	0.194
vsOthers	1	0.0	0.872	1.155	0.747	AT2G36270	0.348		0.099	-0.029	0.195
vsOthers	1	0.0	0.872	1.155	0.747	AT5G47660	0.683		0.018	0.023	0.196
vsOthers	1	0.0	0.872	-0.301	0.462	AT4G36160	0.0	0.04	0.072	-0.032	0.197
vsOthers	1	0.0	0.872	1.155	0.747	AT2G42200	1.372		0.033	0.025	0.197
vsOthers	1	0.0	0.872	1.155	0.747	AT5G10280	0.0		0.005	0.014	0.197
vsOthers	1	0.0	0.872	1.155	0.747	AT5G53950	0.0		0.009	0.017	0.197
vsOthers	1	0.0	0.872	1.155	0.747	AT2G46130	0.0		0.007	0.016	0.199
vsOthers	1	0.0	0.872	1.389	1.786	AT2G04038	0.0	0.022	0.073	-0.051	0.199
vsOthers	1	0.0	0.872	1.389	1.786	AT3G10800	0.0	0.003	0.042	-0.039	0.199
vsOthers	1	0.0	0.872	1.389	1.786	AT5G26170	0.0	0.113	0.169	-0.055	0.199
vsOthers	1	0.0	0.872	-0.301	0.462	AT5G05550	0.398	0.113	0.081	0.032	0.201
vsOthers	1	0.0	0.872	1.155	0.747	AT1G30490	1.023		0.018	0.022	0.201
vsOthers	1	0.0	0.872	-0.301	0.462	AT2G03340	0.0	0.009	0.028	-0.018	0.202
vsOthers	1	0.0	0.872	1.389	1.786	AT4G26030	0.0	0.069	0.032	0.037	0.203
vsOthers	1	0.0	0.872	1.155	0.747	AT1G21910	0.02		0.012	0.012	0.204
vsOthers	1	0.0	0.872	1.155	0.747	AT4G26640	0.0		0.016	0.019	0.205
vsOthers	1	0.0	0.872	1.389	1.786	AT1G28470	0.0	0.017	0.059	-0.043	0.205
vsOthers	1	0.0	0.872	-0.301	0.462	AT5G24110	0.0	0.028	0.053	-0.025	0.206
vsOthers	1	0.0	0.872	1.155	0.747	AT5G58850	0.0		0.087	-0.028	0.207
vsOthers	1	0.0	0.872	1.389	1.786	AT1G18960	0.0	0.005	0.001	0.004	0.209
vsOthers	1	0.0	0.872	1.155	0.747	AT3G24520	0.0		0.045	0.025	0.21
vsOthers	1	0.0	0.872	-0.301	0.462	AT4G29230	0.0	0.018	0.04	-0.023	0.211
vsOthers	1	0.0	0.872	1.155	0.747	AT3G10800	0.017		0.053	-0.021	0.212
vsOthers	1	0.0	0.872	1.155	0.747	AT1G02230	0.0		0.023	0.023	0.213
vsOthers	1	0.0	0.872	1.155	0.747	AT1G76880	0.0		0.0	0.007	0.215
vsOthers	1	0.0	0.872	1.155	0.747	AT4G24020	-0.35		0.01	-0.008	0.215
vsOthers	1	0.0	0.872	1.155	0.747	AT1G53230	1.41		0.004	0.013	0.216
vsOthers	1	0.0	0.872	1.389	1.786	AT5G15830	0.0	0.031	0.085	-0.054	0.22
vsOthers	1	0.0	0.872	1.389	1.786	AT2G40260	0.0	0.006	0.043	-0.037	0.221
vsOthers	1	0.0	0.872	1.389	1.786	AT5G17300	0.0	0.093	0.143	-0.05	0.221
vsOthers	1	0.0	0.872	1.155	0.747	AT4G10350	0.0		0.025	0.022	0.222
vsOthers	1	0.0	0.872	1.155	0.747	AT5G25190	0.508		0.167	0.029	0.222
vsOthers	1	0.0	0.872	-0.301	0.462	AT1G12260	0.0	0.022	0.048	-0.026	0.224
vsOthers	1	0.0	0.872	-0.301	0.462	AT4G26030	-1.327	0.017	0.041	-0.024	0.224
vsOthers	1	0.0	0.872	1.389	1.786	AT4G24020	0.0	0.017	0.004	0.012	0.225
vsOthers	1	0.0	0.872	1.155	0.747	AT5G06950	1.411		0.034	0.024	0.227
vsOthers	1	0.0	0.872	-0.301	0.462	AT3G27010	0.0	0.021	0.009	0.012	0.23
vsOthers	1	0.0	0.872	1.155	0.747	AT4G17785	0.824		0.003	0.012	0.233
vsOthers	1	0.0	0.872	-0.301	0.462	AT1G69180	-2.574	0.016	0.04	-0.023	0.234
vsOthers	1	0.0	0.872	-0.301	0.462	AT1G34190	0.0	0.027	0.052	-0.025	0.235
vsOthers	1	0.0	0.872	-0.301	0.462	AT5G13180	-0.071	0.028	0.052	-0.024	0.235
vsOthers	1	0.0	0.872	1.389	1.786	AT3G24520	0.0	0.022	0.066	-0.044	0.235
vsOthers	1	0.0	0.872	-0.301	0.462	AT2G30340	-1.483	0.022	0.043	-0.022	0.238
vsOthers	1	0.0	0.872	1.389	1.786	AT5G05550	0.0	0.039	0.093	-0.054	0.24
vsOthers	1	0.0	0.872	1.389	1.786	AT2G40740	0.0	0.022	0.066	-0.045	0.241
vsOthers	1	0.0	0.872	1.155	0.747	AT1G76890	0.0		0.034	0.024	0.243
vsOthers	1	0.0	0.872	-0.301	0.462	AT3G04060	0.0	0.019	0.042	-0.024	0.244
vsOthers	1	0.0	0.872	1.155	0.747	AT5G56110	0.114		0.042	0.025	0.247
vsOthers	1	0.0	0.872	-0.301	0.462	AT4G00730	0.0	0.023	0.045	-0.022	0.25
vsOthers	1	0.0	0.872	1.389	1.786	AT1G01250	0.0	0.0	0.019	-0.019	0.251
vsOthers	1	0.0	0.872	1.389	1.786	AT4G38620	0.0	0.025	0.005	0.021	0.251
vsOthers	1	0.0	0.872	-0.301	0.462	AT2G01940	-0.144	0.024	0.046	-0.023	0.252
vsOthers	1	0.0	0.872	-0.301	0.462	AT5G07100	0.0	0.019	0.032	-0.013	0.254
vsOthers	1	0.0	0.872	1.155	0.747	AT5G16820	0.0		0.039	0.023	0.255
vsOthers	1	0.0	0.872	-0.301	0.462	AT2G15740	0.444	0.064	0.042	0.022	0.256
vsOthers	1	0.0	0.872	-0.301	0.462	AT4G31550	0.0	0.006	0.02	-0.014	0.257
vsOthers	1	0.0	0.872	1.155	0.747	AT5G46590	-0.008		0.012	0.014	0.259
vsOthers	1	0.0	0.872	1.155	0.747	AT3G42860	-1.765		0.022	0.018	0.26
vsOthers	1	0.0	0.872	1.389	1.786	AT2G23320	0.0	0.033	0.074	-0.041	0.26
vsOthers	1	0.0	0.872	1.389	1.786	AT3G09735	0.0	0.015	0.052	-0.037	0.26
vsOthers	1	0.0	0.872	-0.301	0.462	AT4G26640	0.0	0.014	0.033	-0.019	0.261
vsOthers	1	0.0	0.872	-0.301	0.462	AT2G01930	0.228	0.056	0.035	0.021	0.262
vsOthers	1	0.0	0.872	1.389	1.786	AT2G18160	0.0	0.03	0.075	-0.045	0.263
vsOthers	1	0.0	0.872	-0.301	0.462	AT5G47390	0.07	0.077	0.054	0.024	0.264
vsOthers	1	0.0	0.872	-0.301	0.462	AT2G46680	0.0	0.076	0.098	-0.023	0.265
vsOthers	1	0.0	0.872	-0.301	0.462	AT1G76420	-0.176	0.022	0.046	-0.024	0.268
vsOthers	1	0.0	0.872	1.389	1.786	AT5G42520	0.0	0.004	0.001	0.004	0.268
vsOthers	1	0.0	0.872	-0.301	0.462	AT1G28160	0.0	0.082	0.057	0.025	0.269
vsOthers	1	0.0	0.872	-0.301	0.462	AT4G25480	-0.586	0.044	0.071	-0.027	0.269
vsOthers	1	0.0	0.872	1.155	0.747	AT2G01818	0.0		0.007	0.013	0.271
vsOthers	1	0.0	0.872	-0.301	0.462	AT4G01550	0.0	0.023	0.043	-0.02	0.273
vsOthers	1	0.0	0.872	-0.301	0.462	AT3G01220	0.0	0.029	0.053	-0.024	0.275
vsOthers	1	0.0	0.872	1.155	0.747	AT3G11280	-0.494		0.03	-0.014	0.275
vsOthers	1	0.0	0.872	1.389	1.786	AT1G06180	0.0	0.055	0.024	0.031	0.276
vsOthers	1	0.0	0.872	1.155	0.747	AT5G18270	0.0		0.029	0.022	0.277
vsOthers	1	0.0	0.872	1.389	1.786	AT5G16820	0.0	0.021	0.057	-0.036	0.277
vsOthers	1	0.0	0.872	-0.301	0.462	AT1G14580	0.0	0.024	0.013	0.011	0.278
vsOthers	1	0.0	0.872	1.155	0.747	AT1G33240	0.257		0.038	0.021	0.278
vsOthers	1	0.0	0.872	-0.301	0.462	AT5G18270	0.0	0.028	0.05	-0.022	0.279
vsOthers	1	0.0	0.872	1.389	1.786	AT2G36270	0.0	0.038	0.082	-0.045	0.282
vsOthers	1	0.0	0.872	1.389	1.786	AT3G62420	0.0	0.04	0.084	-0.044	0.282
vsOthers	1	0.0	0.872	1.389	1.786	AT4G01550	0.0	0.005	0.041	-0.036	0.284
vsOthers	1	0.0	0.872	1.155	0.747	AT3G15170	0.0		0.015	0.016	0.285
vsOthers	1	0.0	0.872	1.389	1.786	AT1G32150	0.0	0.04	0.086	-0.046	0.285
vsOthers	1	0.0	0.872	-0.301	0.462	AT1G06280	-0.358	0.063	0.089	-0.026	0.286
vsOthers	1	0.0	0.872	-0.301	0.462	AT4G25490	0.0	0.044	0.069	-0.025	0.286
vsOthers	1	0.0	0.872	1.155	0.747	AT4G28110	0.0		0.002	0.007	0.286
vsOthers	1	0.0	0.872	1.389	1.786	AT4G11660	0.0	0.062	0.097	-0.035	0.286
vsOthers	1	0.0	0.872	1.389	1.786	AT2G30340	0.0	0.069	0.036	0.033	0.291
vsOthers	1	0.0	0.872	-0.301	0.462	AT1G06180	0.0	0.013	0.03	-0.017	0.292
vsOthers	1	0.0	0.872	1.389	1.786	AT1G29860	0.0	0.025	0.061	-0.036	0.292
vsOthers	1	0.0	0.872	1.389	1.786	AT4G23550	0.0	0.022	0.063	-0.041	0.292
vsOthers	1	0.0	0.872	1.155	0.747	AT3G11020	0.204		0.024	0.017	0.293
vsOthers	1	0.0	0.872	-0.301	0.462	AT5G03790	0.0	0.036	0.059	-0.023	0.294
vsOthers	1	0.0	0.872	-0.301	0.462	AT5G54230	0.0	0.036	0.06	-0.024	0.295
vsOthers	1	0.0	0.872	-0.301	0.462	AT5G56840	0.02	0.087	0.063	0.024	0.297
vsOthers	1	0.0	0.872	1.155	0.747	AT3G18990	1.284		0.027	0.019	0.297
vsOthers	1	0.0	0.872	-0.301	0.462	AT1G02230	0.0	0.023	0.045	-0.021	0.299
vsOthers	1	0.0	0.872	-0.301	0.462	AT1G30490	0.0	0.019	0.038	-0.019	0.299
vsOthers	1	0.0	0.872	1.389	1.786	AT1G53170	0.0	0.049	0.096	-0.047	0.301
vsOthers	1	0.0	0.872	-0.301	0.462	AT5G66300	0.0	0.012	0.029	-0.017	0.303
vsOthers	1	0.0	0.872	-0.301	0.462	AT1G19040	0.0	0.0	0.012	-0.012	0.304
vsOthers	1	0.0	0.872	-0.301	0.462	AT2G35700	-1.76	0.036	0.059	-0.023	0.304
vsOthers	1	0.0	0.872	-0.301	0.462	AT5G59990	0.212	0.017	0.007	0.01	0.304
vsOthers	1	0.0	0.872	-0.301	0.462	AT1G09540	0.0	0.026	0.045	-0.019	0.305
vsOthers	1	0.0	0.872	1.155	0.747	AT2G46680	0.18		0.08	0.019	0.305
vsOthers	1	0.0	0.872	1.155	0.747	AT5G56930	0.0		0.0	0.006	0.305
vsOthers	1	0.0	0.872	1.389	1.786	AT4G28500	0.0	0.011	0.043	-0.032	0.306
vsOthers	1	0.0	0.872	1.389	1.786	AT3G21890	0.0	0.072	0.111	-0.039	0.307
vsOthers	1	0.0	0.872	-0.301	0.462	AT5G11260	-0.579	0.093	0.066	0.027	0.308
vsOthers	1	0.0	0.872	1.155	0.747	AT3G15270	0.0		0.044	0.021	0.311
vsOthers	1	0.0	0.872	1.389	1.786	AT1G08320	0.0	0.033	0.072	-0.039	0.312
vsOthers	1	0.0	0.872	-0.301	0.462	AT1G76880	0.0	0.0	0.006	-0.006	0.313
vsOthers	1	0.0	0.872	-0.301	0.462	AT3G02940	0.0	0.041	0.065	-0.024	0.313
vsOthers	1	0.0	0.872	1.155	0.747	AT5G42520	0.0		0.003	-0.003	0.313
vsOthers	1	0.0	0.872	-0.301	0.462	AT1G08010	0.0	0.039	0.021	0.018	0.314
vsOthers	1	0.0	0.872	1.155	0.747	AT3G01220	0.0		0.033	0.02	0.314
vsOthers	1	0.0	0.872	1.155	0.747	AT5G13180	0.0		0.032	0.02	0.315
vsOthers	1	0.0	0.872	-0.301	0.462	AT2G42200	0.0	0.034	0.054	-0.02	0.317
vsOthers	1	0.0	0.872	-0.301	0.462	AT2G46770	0.0	0.031	0.051	-0.02	0.317
vsOthers	1	0.0	0.872	-0.301	0.462	AT4G25470	0.0	0.04	0.064	-0.023	0.317
vsOthers	1	0.0	0.872	-0.301	0.462	AT5G03150	0.216	0.027	0.014	0.012	0.318
vsOthers	1	0.0	0.872	1.155	0.747	AT1G14580	0.0		0.024	-0.011	0.318
vsOthers	1	0.0	0.872	1.155	0.747	AT3G09735	0.0		0.036	0.02	0.319
vsOthers	1	0.0	0.872	1.389	1.786	AT3G12250	0.0	0.034	0.07	-0.035	0.319
vsOthers	1	0.0	0.872	-0.301	0.462	AT5G18560	0.347	0.052	0.032	0.02	0.321
vsOthers	1	0.0	0.872	1.155	0.747	AT5G46350	0.0		0.019	0.017	0.322
vsOthers	1	0.0	0.872	-0.301	0.462	AT4G18450	0.215	0.011	0.004	0.008	0.325
vsOthers	1	0.0	0.872	1.389	1.786	AT3G22830	0.0	0.082	0.121	-0.039	0.326
vsOthers	1	0.0	0.872	-0.301	0.462	AT5G53950	0.0	0.009	0.023	-0.014	0.328
vsOthers	1	0.0	0.872	1.155	0.747	AT3G01470	0.0		0.005	0.01	0.33
vsOthers	1	0.0	0.872	1.389	1.786	AT5G11260	0.0	0.037	0.076	-0.039	0.331
vsOthers	1	0.0	0.872	1.155	0.747	AT3G06490	0.572		0.008	0.012	0.332
vsOthers	1	0.0	0.872	1.155	0.747	AT5G16600	0.0		0.0	0.002	0.335
vsOthers	1	0.0	0.872	-0.301	0.462	AT3G12820	0.0	0.005	0.018	-0.012	0.336
vsOthers	1	0.0	0.872	1.389	1.786	AT1G36060	0.0	0.009	0.036	-0.026	0.336
vsOthers	1	0.0	0.872	1.155	0.747	AT5G07680	0.0		0.004	0.009	0.337
vsOthers	1	0.0	0.872	-0.301	0.462	AT1G53230	0.0	0.005	0.016	-0.01	0.338
vsOthers	1	0.0	0.872	-0.301	0.462	AT1G79580	0.0	0.034	0.056	-0.022	0.338
vsOthers	1	0.0	0.872	1.155	0.747	AT1G27730	-0.45		0.077	-0.016	0.338
vsOthers	1	0.0	0.872	1.389	1.786	AT5G06960	0.0	0.008	0.035	-0.027	0.339
vsOthers	1	0.0	0.872	-0.301	0.462	AT1G53170	0.985	0.112	0.086	0.026	0.341
vsOthers	1	0.0	0.872	-0.301	0.462	AT5G46350	0.0	0.018	0.035	-0.017	0.341
vsOthers	1	0.0	0.872	1.155	0.747	AT5G62320	0.0		0.016	0.016	0.341
vsOthers	1	0.0	0.872	1.155	0.747	AT2G35700	0.0		0.041	0.019	0.343
vsOthers	1	0.0	0.872	1.389	1.786	AT2G35530	0.0	0.043	0.083	-0.04	0.344
vsOthers	1	0.0	0.872	1.389	1.786	AT3G11440	0.0	0.018	0.05	-0.032	0.344
vsOthers	1	0.0	0.872	1.155	0.747	AT1G09540	0.0		0.029	0.017	0.345
vsOthers	1	0.0	0.872	-0.301	0.462	AT2G38880	0.0	0.0	0.002	-0.002	0.346
vsOthers	1	0.0	0.872	-0.301	0.462	AT4G24240	0.0	0.0	0.003	-0.003	0.346
vsOthers	1	0.0	0.872	-0.301	0.462	AT4G30080	0.0	0.003	0.001	0.002	0.346
vsOthers	1	0.0	0.872	1.389	1.786	AT1G62300	0.0	0.019	0.053	-0.034	0.346
vsOthers	1	0.0	0.872	1.389	1.786	AT4G18770	0.0	0.016	0.049	-0.033	0.347
vsOthers	1	0.0	0.872	1.389	1.786	AT5G03790	0.0	0.024	0.056	-0.031	0.347
vsOthers	1	0.0	0.872	-0.301	0.462	AT1G79180	0.0	0.014	0.029	-0.016	0.353
vsOthers	1	0.0	0.872	-0.301	0.462	AT2G46130	0.0	0.008	0.022	-0.014	0.353
vsOthers	1	0.0	0.872	1.155	0.747	AT1G77640	0.0		0.003	0.008	0.353
vsOthers	1	0.0	0.872	1.155	0.747	AT3G28910	0.336		0.012	0.011	0.353
vsOthers	1	0.0	0.872	1.155	0.747	AT1G08010	0.0		0.036	-0.015	0.354
vsOthers	1	0.0	0.872	-0.301	0.462	AT4G17785	0.0	0.002	0.014	-0.012	0.356
vsOthers	1	0.0	0.872	-0.301	0.462	AT5G46590	0.0	0.012	0.024	-0.012	0.356
vsOthers	1	0.0	0.872	1.155	0.747	AT3G06740	1.4		0.02	0.015	0.356
vsOthers	1	0.0	0.872	1.389	1.786	AT1G53230	0.0	0.0	0.014	-0.014	0.356
vsOthers	1	0.0	0.872	-0.301	0.462	AT5G62320	0.0	0.013	0.032	-0.019	0.358
vsOthers	1	0.0	0.872	-0.301	0.462	AT5G66700	0.0	0.056	0.078	-0.021	0.358
vsOthers	1	0.0	0.872	1.155	0.747	AT1G68320	0.306		0.022	0.015	0.358
vsOthers	1	0.0	0.872	-0.301	0.462	AT1G21910	0.0	0.013	0.023	-0.01	0.36
vsOthers	1	0.0	0.872	-0.301	0.462	AT1G63030	-0.343	0.002	0.01	-0.008	0.36
vsOthers	1	0.0	0.872	1.389	1.786	AT5G06839	0.0	0.022	0.059	-0.037	0.36
vsOthers	1	0.0	0.872	1.389	1.786	AT5G06950	0.0	0.023	0.053	-0.03	0.36
vsOthers	1	0.0	0.872	1.389	1.786	AT5G65210	0.0	0.022	0.057	-0.035	0.36
vsOthers	1	0.0	0.872	-0.301	0.462	AT3G15270	-0.065	0.043	0.064	-0.021	0.361
vsOthers	1	0.0	0.872	1.155	0.747	AT3G30210	0.0		0.008	0.011	0.362
vsOthers	1	0.0	0.872	1.389	1.786	AT1G47655	0.0	0.008	0.035	-0.027	0.362
vsOthers	1	0.0	0.872	-0.301	0.462	AT1G27730	0.158	0.079	0.062	0.016	0.363
vsOthers	1	0.0	0.872	-0.301	0.462	AT1G72010	0.039	0.038	0.023	0.015	0.363
vsOthers	1	0.0	0.872	1.389	1.786	AT3G58630	0.0	0.0	0.016	-0.016	0.364
vsOthers	1	0.0	0.872	-0.301	0.462	AT2G33710	0.0	0.078	0.057	0.021	0.365
vsOthers	1	0.0	0.872	-0.301	0.462	AT3G15170	0.0	0.014	0.029	-0.015	0.366
vsOthers	1	0.0	0.872	-0.301	0.462	AT5G47370	0.0	0.03	0.049	-0.019	0.366
vsOthers	1	0.0	0.872	1.389	1.786	AT1G28160	0.0	0.032	0.065	-0.034	0.366
vsOthers	1	0.0	0.872	-0.301	0.462	AT5G56110	0.0	0.043	0.064	-0.021	0.369
vsOthers	1	0.0	0.872	1.155	0.747	AT1G01250	0.0		0.012	0.008	0.37
vsOthers	1	0.0	0.872	-0.301	0.462	AT4G27950	0.0	0.039	0.025	0.014	0.373
vsOthers	1	0.0	0.872	1.389	1.786	AT2G46400	0.0	0.01	0.004	0.006	0.374
vsOthers	1	0.0	0.872	-0.301	0.462	AT2G44840	-0.582	0.107	0.128	-0.021	0.376
vsOthers	1	0.0	0.872	-0.301	0.462	AT3G01470	0.0	0.005	0.014	-0.01	0.377
vsOthers	1	0.0	0.872	1.155	0.747	AT1G32240	0.966		0.006	0.008	0.377
vsOthers	1	0.0	0.872	1.155	0.747	AT5G43840	0.0		0.006	0.008	0.377
vsOthers	1	0.0	0.872	-0.301	0.462	AT1G76890	0.0	0.035	0.055	-0.02	0.381
vsOthers	1	0.0	0.872	-0.301	0.462	AT5G51990	0.0	0.052	0.072	-0.02	0.381
vsOthers	1	0.0	0.872	-0.301	0.462	AT4G37260	0.0	0.142	0.122	0.02	0.382
vsOthers	1	0.0	0.872	-0.301	0.462	AT5G05790	0.262	0.041	0.027	0.014	0.383
vsOthers	1	0.0	0.872	-0.301	0.462	AT5G08330	0.0	0.039	0.025	0.014	0.383
vsOthers	1	0.0	0.872	1.155	0.747	AT4G00730	0.0		0.029	0.016	0.385
vsOthers	1	0.0	0.872	1.389	1.786	AT1G74480	0.0	0.012	0.039	-0.027	0.385
vsOthers	1	0.0	0.872	1.389	1.786	AT4G00250	0.0	0.018	0.045	-0.027	0.385
vsOthers	1	0.0	0.872	1.389	1.786	AT5G47660	0.0	0.007	0.036	-0.029	0.386
vsOthers	1	0.0	0.872	1.389	1.786	AT1G28370	0.0	0.038	0.073	-0.035	0.387
vsOthers	1	0.0	0.872	-0.301	0.462	AT5G47660	0.0	0.021	0.038	-0.016	0.388
vsOthers	1	0.0	0.872	1.389	1.786	AT5G67190	0.0	0.03	0.063	-0.034	0.388
vsOthers	1	0.0	0.872	1.155	0.747	AT1G16490	0.0		0.032	0.016	0.389
vsOthers	1	0.0	0.872	-0.301	0.462	AT1G74650	-0.07	0.038	0.055	-0.017	0.391
vsOthers	1	0.0	0.872	-0.301	0.462	AT3G42860	0.0	0.024	0.038	-0.014	0.392
vsOthers	1	0.0	0.872	1.389	1.786	AT3G51080	0.0	0.017	0.005	0.011	0.393
vsOthers	1	0.0	0.872	1.389	1.786	AT3G57600	0.0	0.0	0.007	-0.007	0.393
vsOthers	1	0.0	0.872	-0.301	0.462	AT3G60580	-1.372	0.011	0.022	-0.011	0.395
vsOthers	1	0.0	0.872	-0.301	0.462	AT1G74480	0.0	0.049	0.033	0.017	0.396
vsOthers	1	0.0	0.872	-0.301	0.462	AT5G62470	0.0	0.044	0.057	-0.013	0.396
vsOthers	1	0.0	0.872	1.155	0.747	AT5G62000	0.357		0.027	0.014	0.397
vsOthers	1	0.0	0.872	1.389	1.786	AT5G14960	0.0	0.0	0.007	-0.007	0.397
vsOthers	1	0.0	0.872	1.389	1.786	AT5G65130	0.0	0.009	0.028	-0.02	0.397
vsOthers	1	0.0	0.872	1.389	1.786	AT5G66300	0.0	0.009	0.026	-0.017	0.398
vsOthers	1	0.0	0.872	1.389	1.786	AT5G44210	0.0	0.004	0.03	-0.026	0.399
vsOthers	1	0.0	0.872	-0.301	0.462	AT5G06950	-0.174	0.038	0.055	-0.017	0.4
vsOthers	1	0.0	0.872	1.155	0.747	AT1G52150	0.0		0.023	0.015	0.4
vsOthers	1	0.0	0.872	1.155	0.747	AT1G70920	0.0		0.027	0.014	0.4
vsOthers	1	0.0	0.872	1.389	1.786	AT1G03800	0.0	0.043	0.078	-0.034	0.4
vsOthers	1	0.0	0.872	1.389	1.786	AT5G58850	0.0	0.037	0.071	-0.034	0.4
vsOthers	1	0.0	0.872	-0.301	0.462	AT1G03840	0.0	0.039	0.026	0.013	0.401
vsOthers	1	0.0	0.872	-0.301	0.462	AT5G22500	0.0	0.024	0.014	0.009	0.401
vsOthers	1	0.0	0.872	-0.301	0.462	AT5G07680	0.0	0.004	0.012	-0.008	0.405
vsOthers	1	0.0	0.872	1.389	1.786	AT3G27785	0.0	0.018	0.046	-0.029	0.405
vsOthers	1	0.0	0.872	1.389	1.786	AT4G10350	0.0	0.018	0.042	-0.024	0.405
vsOthers	1	0.0	0.872	1.389	1.786	AT1G12260	0.0	0.019	0.043	-0.024	0.406
vsOthers	1	0.0	0.872	1.389	1.786	AT1G54330	0.0	0.022	0.047	-0.025	0.406
vsOthers	1	0.0	0.872	1.389	1.786	AT5G64060	0.0	0.082	0.112	-0.029	0.406
vsOthers	1	0.0	0.872	-0.301	0.462	AT1G19000	0.36	0.076	0.058	0.018	0.41
vsOthers	1	0.0	0.872	1.155	0.747	AT5G65510	0.0		0.012	0.011	0.41
vsOthers	1	0.0	0.872	1.389	1.786	AT3G10480	0.0	0.022	0.05	-0.028	0.411
vsOthers	1	0.0	0.872	-0.301	0.462	AT4G10350	0.055	0.027	0.044	-0.017	0.414
vsOthers	1	0.0	0.872	1.155	0.747	AT4G01540	0.0		0.048	0.019	0.417
vsOthers	1	0.0	0.872	-0.301	0.462	AT5G45300	0.356	0.038	0.023	0.014	0.418
vsOthers	1	0.0	0.872	-0.301	0.462	AT4G05100	0.0	0.01	0.024	-0.013	0.42
vsOthers	1	0.0	0.872	1.389	1.786	AT1G06280	0.0	0.055	0.085	-0.03	0.421
vsOthers	1	0.0	0.872	1.389	1.786	AT3G50260	0.0	0.049	0.079	-0.03	0.421
vsOthers	1	0.0	0.872	-0.301	0.462	AT1G77640	0.0	0.003	0.011	-0.007	0.423
vsOthers	1	0.0	0.872	1.155	0.747	AT4G16750	0.205		0.054	0.018	0.423
vsOthers	1	0.0	0.872	1.389	1.786	AT1G33240	0.0	0.023	0.055	-0.031	0.423
vsOthers	1	0.0	0.872	1.389	1.786	AT3G03200	0.0	0.024	0.051	-0.027	0.423
vsOthers	1	0.0	0.872	1.389	1.786	AT1G34180	0.0	0.022	0.048	-0.026	0.424
vsOthers	1	0.0	0.872	-0.301	0.462	AT1G52150	0.0	0.022	0.037	-0.014	0.425
vsOthers	1	0.0	0.872	-0.301	0.462	AT1G70920	0.0	0.025	0.04	-0.015	0.425
vsOthers	1	0.0	0.872	-0.301	0.462	AT3G04070	0.0	0.018	0.009	0.009	0.425
vsOthers	1	0.0	0.872	-0.301	0.462	AT3G11020	0.0	0.026	0.039	-0.013	0.425
vsOthers	1	0.0	0.872	-0.301	0.462	AT3G61250	0.0	0.003	0.012	-0.009	0.425
vsOthers	1	0.0	0.872	1.155	0.747	AT5G08750	0.0		0.003	0.007	0.425
vsOthers	1	0.0	0.872	1.389	1.786	AT1G13260	0.0	0.021	0.043	-0.022	0.425
vsOthers	1	0.0	0.872	1.389	1.786	AT3G30210	0.0	0.003	0.016	-0.013	0.425
vsOthers	1	0.0	0.872	1.389	1.786	AT5G09410	0.0	0.022	0.047	-0.025	0.425
vsOthers	1	0.0	0.872	-0.301	0.462	AT3G10113	1.167	0.047	0.032	0.015	0.426
vsOthers	1	0.0	0.872	1.155	0.747	AT1G43700	-1.805		0.019	-0.01	0.426
vsOthers	1	0.0	0.872	1.389	1.786	AT3G12820	0.0	0.028	0.014	0.014	0.426
vsOthers	1	0.0	0.872	1.155	0.747	AT2G30590	0.0		0.005	0.008	0.428
vsOthers	1	0.0	0.872	1.389	1.786	AT2G26960	0.0	0.009	0.034	-0.025	0.429
vsOthers	1	0.0	0.872	1.389	1.786	AT3G42860	0.0	0.017	0.036	-0.019	0.429
vsOthers	1	0.0	0.872	1.155	0.747	AT1G74650	0.445		0.04	0.015	0.43
vsOthers	1	0.0	0.872	1.389	1.786	AT5G13790	0.0	0.0	0.018	-0.018	0.431
vsOthers	1	0.0	0.872	1.389	1.786	AT5G67580	0.0	0.007	0.03	-0.023	0.431
vsOthers	1	0.0	0.872	1.155	0.747	AT4G25480	0.0		0.053	0.017	0.433
vsOthers	1	0.0	0.872	1.155	0.747	AT3G46590	0.809		0.003	0.007	0.438
vsOthers	1	0.0	0.872	1.389	1.786	AT5G52830	0.0	0.027	0.058	-0.031	0.438
vsOthers	1	0.0	0.872	1.389	1.786	AT1G79580	0.0	0.024	0.053	-0.029	0.439
vsOthers	1	0.0	0.872	1.155	0.747	AT5G03150	0.0		0.023	-0.008	0.44
vsOthers	1	0.0	0.872	1.155	0.747	AT5G47390	0.0		0.07	-0.015	0.44
vsOthers	1	0.0	0.872	-0.301	0.462	AT2G02820	0.0	0.085	0.067	0.018	0.446
vsOthers	1	0.0	0.872	1.155	0.747	AT1G36060	0.826		0.025	0.013	0.447
vsOthers	1	0.0	0.872	1.155	0.747	AT3G12910	0.0		0.004	-0.002	0.448
vsOthers	1	0.0	0.872	1.155	0.747	AT3G48160	0.0		0.0	0.002	0.448
vsOthers	1	0.0	0.872	1.155	0.747	AT5G10510	0.0		0.0	0.003	0.448
vsOthers	1	0.0	0.872	1.155	0.747	AT3G50260	0.0		0.064	0.018	0.449
vsOthers	1	0.0	0.872	1.155	0.747	AT1G66370	1.599		0.006	0.008	0.45
vsOthers	1	0.0	0.872	1.155	0.747	AT5G59990	-1.104		0.015	-0.009	0.45
vsOthers	1	0.0	0.872	1.155	0.747	AT2G33710	-0.381		0.073	-0.015	0.452
vsOthers	1	0.0	0.872	-0.301	0.462	AT2G47070	0.0	0.03	0.045	-0.014	0.453
vsOthers	1	0.0	0.872	-0.301	0.462	AT5G65210	0.0	0.066	0.05	0.015	0.453
vsOthers	1	0.0	0.872	1.155	0.747	AT1G13260	0.0		0.034	0.011	0.453
vsOthers	1	0.0	0.872	1.389	1.786	AT1G50640	0.0	0.035	0.063	-0.028	0.453
vsOthers	1	0.0	0.872	1.389	1.786	AT3G01970	0.0	0.031	0.061	-0.03	0.453
vsOthers	1	0.0	0.872	1.389	1.786	AT3G02940	0.0	0.036	0.061	-0.025	0.453
vsOthers	1	0.0	0.872	1.389	1.786	AT4G38000	0.0	0.031	0.057	-0.027	0.453
vsOthers	1	0.0	0.872	1.155	0.747	AT5G47220	-0.287		0.068	-0.011	0.454
vsOthers	1	0.0	0.872	1.389	1.786	AT1G19000	0.0	0.034	0.064	-0.03	0.454
vsOthers	1	0.0	0.872	-0.301	0.462	AT4G00250	0.0	0.054	0.04	0.014	0.455
vsOthers	1	0.0	0.872	1.389	1.786	AT5G62000	0.0	0.02	0.038	-0.018	0.455
vsOthers	1	0.0	0.872	1.389	1.786	AT1G02250	0.0	0.014	0.037	-0.024	0.456
vsOthers	1	0.0	0.872	1.389	1.786	AT3G11020	0.0	0.018	0.037	-0.019	0.456
vsOthers	1	0.0	0.872	1.389	1.786	AT5G18450	0.0	0.018	0.036	-0.018	0.456
vsOthers	1	0.0	0.872	-0.301	0.462	AT5G45580	0.787	0.074	0.057	0.017	0.457
vsOthers	1	0.0	0.872	1.389	1.786	AT3G10113	0.0	0.018	0.037	-0.019	0.457
vsOthers	1	0.0	0.872	1.155	0.747	AT3G57920	0.0		0.025	0.012	0.459
vsOthers	1	0.0	0.872	1.389	1.786	AT1G75490	0.0	0.018	0.04	-0.023	0.459
vsOthers	1	0.0	0.872	-0.301	0.462	AT3G11280	0.0	0.03	0.018	0.012	0.46
vsOthers	1	0.0	0.872	-0.301	0.462	AT1G49010	0.0	0.076	0.06	0.016	0.461
vsOthers	1	0.0	0.872	-0.301	0.462	AT1G50640	0.0	0.074	0.057	0.017	0.461
vsOthers	1	0.0	0.872	-0.301	0.462	AT2G01818	0.0	0.008	0.019	-0.011	0.461
vsOthers	1	0.0	0.872	-0.301	0.462	AT5G65510	0.0	0.012	0.022	-0.011	0.461
vsOthers	1	0.0	0.872	1.155	0.747	AT5G61620	0.0		0.081	-0.016	0.462
vsOthers	1	0.0	0.872	-0.301	0.462	AT1G76870	0.0	0.005	0.003	0.003	0.466
vsOthers	1	0.0	0.872	-0.301	0.462	AT3G30530	0.0	0.004	0.002	0.002	0.466
vsOthers	1	0.0	0.872	-0.301	0.462	AT5G25475	0.0	0.0	0.004	-0.004	0.466
vsOthers	1	0.0	0.872	-0.301	0.462	AT5G56930	0.0	0.0	0.006	-0.006	0.466
vsOthers	1	0.0	0.872	1.389	1.786	AT2G43000	0.0	0.041	0.068	-0.027	0.466
vsOthers	1	0.0	0.872	1.389	1.786	AT5G22990	0.0	0.037	0.068	-0.031	0.466
vsOthers	1	0.0	0.872	-0.301	0.462	AT4G17460	0.0	0.003	0.008	-0.005	0.467
vsOthers	1	0.0	0.872	-0.301	0.462	AT4G28110	0.0	0.003	0.008	-0.005	0.467
vsOthers	1	0.0	0.872	1.389	1.786	AT4G25490	0.0	0.086	0.061	0.025	0.467
vsOthers	1	0.0	0.872	1.155	0.747	AT3G27010	0.0		0.017	-0.007	0.468
vsOthers	1	0.0	0.872	1.389	1.786	AT5G61620	0.0	0.045	0.072	-0.027	0.468
vsOthers	1	0.0	0.872	-0.301	0.462	AT5G08520	0.0	0.08	0.065	0.016	0.469
vsOthers	1	0.0	0.872	1.155	0.747	AT1G69690	0.0		0.018	-0.009	0.469
vsOthers	1	0.0	0.872	-0.301	0.462	AT4G24470	0.0	0.019	0.011	0.008	0.47
vsOthers	1	0.0	0.872	-0.301	0.462	AT2G02080	0.0	0.053	0.039	0.014	0.471
vsOthers	1	0.0	0.872	-0.301	0.462	AT3G28910	0.0	0.012	0.022	-0.01	0.473
vsOthers	1	0.0	0.872	1.389	1.786	AT1G44830	0.0	0.0	0.018	-0.018	0.474
vsOthers	1	0.0	0.872	1.389	1.786	AT2G33550	0.0	0.03	0.016	0.014	0.474
vsOthers	1	0.0	0.872	1.155	0.747	AT2G24430	0.0		0.032	0.014	0.475
vsOthers	1	0.0	0.872	-0.301	0.462	AT3G47500	0.0	0.058	0.045	0.013	0.476
vsOthers	1	0.0	0.872	-0.301	0.462	AT4G01680	0.0	0.019	0.032	-0.014	0.477
vsOthers	1	0.0	0.872	-0.301	0.462	AT5G58900	0.0	0.06	0.046	0.014	0.477
vsOthers	1	0.0	0.872	1.389	1.786	AT1G68550	0.0	0.041	0.072	-0.031	0.477
vsOthers	1	0.0	0.872	1.389	1.786	AT4G34590	0.0	0.007	0.021	-0.014	0.477
vsOthers	1	0.0	0.872	1.389	1.786	AT5G56840	0.0	0.043	0.071	-0.028	0.477
vsOthers	1	0.0	0.872	1.389	1.786	AT5G60130	0.0	0.014	0.039	-0.025	0.478
vsOthers	1	0.0	0.872	1.389	1.786	AT1G45249	0.0	0.018	0.039	-0.022	0.479
vsOthers	1	0.0	0.872	1.389	1.786	AT5G18560	0.0	0.018	0.039	-0.021	0.479
vsOthers	1	0.0	0.872	-0.301	0.462	AT1G08320	0.0	0.083	0.065	0.017	0.48
vsOthers	1	0.0	0.872	-0.301	0.462	AT1G28370	0.0	0.083	0.067	0.017	0.48
vsOthers	1	0.0	0.872	-0.301	0.462	AT1G77200	0.0	0.057	0.074	-0.017	0.48
vsOthers	1	0.0	0.872	-0.301	0.462	AT4G38620	-0.763	0.003	0.007	-0.005	0.48
vsOthers	1	0.0	0.872	-0.301	0.462	AT5G44160	0.0	0.015	0.008	0.007	0.48
vsOthers	1	0.0	0.872	1.389	1.786	AT5G10030	0.0	0.043	0.072	-0.028	0.48
vsOthers	1	0.0	0.872	-0.301	0.462	AT3G12250	0.644	0.08	0.063	0.017	0.487
vsOthers	1	0.0	0.872	-0.301	0.462	AT4G16750	0.0	0.054	0.07	-0.016	0.487
vsOthers	1	0.0	0.872	1.155	0.747	AT5G14960	1.389		0.002	0.006	0.488
vsOthers	1	0.0	0.872	-0.301	0.462	AT1G43700	0.0	0.02	0.01	0.01	0.49
vsOthers	1	0.0	0.872	-0.301	0.462	AT2G45650	0.477	0.015	0.008	0.007	0.49
vsOthers	1	0.0	0.872	1.155	0.747	AT2G47070	0.0		0.033	0.012	0.49
vsOthers	1	0.0	0.872	-0.301	0.462	AT3G57920	0.0	0.025	0.036	-0.012	0.491
vsOthers	1	0.0	0.872	1.155	0.747	AT1G51700	-0.031		0.111	-0.013	0.491
vsOthers	1	0.0	0.872	1.155	0.747	AT2G22540	0.012		0.046	0.014	0.494
vsOthers	1	0.0	0.872	1.155	0.747	AT4G31060	0.255		0.048	0.014	0.494
vsOthers	1	0.0	0.872	-0.301	0.462	AT3G11440	0.0	0.059	0.043	0.016	0.496
vsOthers	1	0.0	0.872	-0.301	0.462	AT5G47220	0.0	0.069	0.057	0.012	0.497
vsOthers	1	0.0	0.872	1.155	0.747	AT3G24050	0.0		0.027	-0.008	0.497
vsOthers	1	0.0	0.872	1.389	1.786	AT1G02230	0.0	0.023	0.041	-0.017	0.497
vsOthers	1	0.0	0.872	1.389	1.786	AT2G01940	0.0	0.022	0.042	-0.021	0.497
vsOthers	1	0.0	0.872	1.389	1.786	AT3G56850	0.0	0.045	0.074	-0.03	0.497
vsOthers	1	0.0	0.872	1.389	1.786	AT1G16490	0.0	0.063	0.041	0.022	0.498
vsOthers	1	0.0	0.872	1.389	1.786	AT3G18990	0.0	0.017	0.042	-0.025	0.499
vsOthers	1	0.0	0.872	-0.301	0.462	AT4G24020	0.0	0.009	0.004	0.004	0.502
vsOthers	1	0.0	0.872	1.155	0.747	AT3G58630	0.357		0.01	0.007	0.502
vsOthers	1	0.0	0.872	1.155	0.747	AT3G10580	-0.694		0.054	-0.014	0.503
vsOthers	1	0.0	0.872	1.155	0.747	AT3G21890	0.192		0.099	0.013	0.503
vsOthers	1	0.0	0.872	1.155	0.747	AT4G25470	0.0		0.048	0.015	0.503
vsOthers	1	0.0	0.872	-0.301	0.462	AT1G68320	0.0	0.022	0.036	-0.014	0.505
vsOthers	1	0.0	0.872	-0.301	0.462	AT4G18770	0.0	0.058	0.043	0.015	0.505
vsOthers	1	0.0	0.872	1.155	0.747	AT1G03840	0.0		0.037	-0.011	0.507
vsOthers	1	0.0	0.872	1.155	0.747	AT2G02080	-0.9		0.05	-0.012	0.507
vsOthers	1	0.0	0.872	1.389	1.786	AT1G19040	0.0	0.001	0.01	-0.009	0.507
vsOthers	1	0.0	0.872	1.389	1.786	AT1G66370	0.0	0.003	0.012	-0.009	0.507
vsOthers	1	0.0	0.872	1.389	1.786	AT1G75080	0.0	0.0	0.008	-0.008	0.508
vsOthers	1	0.0	0.872	1.389	1.786	AT3G46590	0.0	0.0	0.009	-0.009	0.508
vsOthers	1	0.0	0.872	-0.301	0.462	AT2G45680	0.0	0.015	0.007	0.008	0.509
vsOthers	1	0.0	0.872	1.389	1.786	AT1G77640	0.0	0.003	0.009	-0.007	0.509
vsOthers	1	0.0	0.872	1.389	1.786	AT2G17950	0.0	0.016	0.01	0.006	0.509
vsOthers	1	0.0	0.872	1.389	1.786	AT3G15210	0.0	0.062	0.089	-0.027	0.509
vsOthers	1	0.0	0.872	-0.301	0.462	AT3G30210	0.0	0.009	0.017	-0.008	0.51
vsOthers	1	0.0	0.872	1.389	1.786	AT5G67450	0.0	0.019	0.01	0.009	0.51
vsOthers	1	0.0	0.872	1.155	0.747	AT2G01930	0.0		0.049	-0.013	0.511
vsOthers	1	0.0	0.872	1.155	0.747	AT3G47500	-0.994		0.058	-0.014	0.511
vsOthers	1	0.0	0.872	1.389	1.786	AT3G04070	0.0	0.005	0.012	-0.007	0.511
vsOthers	1	0.0	0.872	1.389	1.786	AT3G23210	0.0	0.003	0.011	-0.007	0.511
vsOthers	1	0.0	0.872	1.389	1.786	AT3G27010	0.0	0.002	0.013	-0.011	0.511
vsOthers	1	0.0	0.872	-0.301	0.462	AT5G08750	0.0	0.003	0.01	-0.007	0.512
vsOthers	1	0.0	0.872	1.155	0.747	AT4G01680	0.0		0.023	0.01	0.513
vsOthers	1	0.0	0.872	1.155	0.747	AT5G58900	-0.619		0.058	-0.013	0.513
vsOthers	1	0.0	0.872	1.389	1.786	AT1G65910	0.0	0.026	0.048	-0.023	0.514
vsOthers	1	0.0	0.872	1.389	1.786	AT1G69690	0.0	0.003	0.013	-0.01	0.514
vsOthers	1	0.0	0.872	1.389	1.786	AT1G79180	0.0	0.042	0.024	0.018	0.514
vsOthers	1	0.0	0.872	1.389	1.786	AT2G18060	0.0	0.021	0.043	-0.023	0.514
vsOthers	1	0.0	0.872	1.389	1.786	AT2G42200	0.0	0.027	0.051	-0.024	0.514
vsOthers	1	0.0	0.872	1.389	1.786	AT2G46770	0.0	0.023	0.048	-0.025	0.514
vsOthers	1	0.0	0.872	1.389	1.786	AT5G47370	0.0	0.061	0.043	0.018	0.514
vsOthers	1	0.0	0.872	1.155	0.747	AT1G77200	0.0		0.06	0.014	0.515
vsOthers	1	0.0	0.872	1.389	1.786	AT3G01530	0.0	0.022	0.043	-0.022	0.515
vsOthers	1	0.0	0.872	1.389	1.786	AT5G06100	0.0	0.019	0.044	-0.025	0.515
vsOthers	1	0.0	0.872	1.155	0.747	AT3G60580	0.519		0.014	0.009	0.516
vsOthers	1	0.0	0.872	1.155	0.747	AT5G25475	0.0		0.001	0.004	0.516
vsOthers	1	0.0	0.872	1.389	1.786	AT3G53200	0.0	0.02	0.043	-0.023	0.516
vsOthers	1	0.0	0.872	1.155	0.747	AT1G18570	0.0		0.014	0.007	0.517
vsOthers	1	0.0	0.872	1.155	0.747	AT2G33810	0.0		0.004	0.006	0.517
vsOthers	1	0.0	0.872	1.155	0.747	AT3G47600	0.0		0.005	0.004	0.517
vsOthers	1	0.0	0.872	1.155	0.747	AT4G04450	0.0		0.004	0.004	0.517
vsOthers	1	0.0	0.872	1.155	0.747	AT5G44160	0.762		0.013	-0.005	0.517
vsOthers	1	0.0	0.872	1.389	1.786	AT1G34190	0.0	0.024	0.047	-0.024	0.517
vsOthers	1	0.0	0.872	1.155	0.747	AT1G72740	0.238		0.022	0.011	0.518
vsOthers	1	0.0	0.872	1.389	1.786	AT5G07100	0.0	0.041	0.028	0.014	0.518
vsOthers	1	0.0	0.872	-0.301	0.462	AT2G30590	0.0	0.006	0.012	-0.006	0.519
vsOthers	1	0.0	0.872	1.389	1.786	AT2G44840	0.0	0.144	0.121	0.023	0.519
vsOthers	1	0.0	0.872	1.155	0.747	AT5G45300	-0.096		0.034	-0.01	0.52
vsOthers	1	0.0	0.872	1.389	1.786	AT1G32240	0.0	0.001	0.013	-0.012	0.523
vsOthers	1	0.0	0.872	1.389	1.786	AT5G43840	0.0	0.003	0.012	-0.01	0.523
vsOthers	1	0.0	0.872	-0.301	0.462	AT5G44210	0.0	0.036	0.026	0.01	0.526
vsOthers	1	0.0	0.872	1.155	0.747	AT1G25580	0.136		0.019	0.009	0.527
vsOthers	1	0.0	0.872	-0.301	0.462	AT3G52440	0.476	0.077	0.06	0.016	0.528
vsOthers	1	0.0	0.872	1.389	1.786	AT3G17730	0.0	0.032	0.05	-0.018	0.529
vsOthers	1	0.0	0.872	1.389	1.786	AT4G32730	0.0	0.061	0.09	-0.03	0.529
vsOthers	1	0.0	0.872	1.389	1.786	AT4G37260	0.0	0.103	0.129	-0.026	0.529
vsOthers	1	0.0	0.872	1.389	1.786	AT1G76890	0.0	0.028	0.052	-0.024	0.53
vsOthers	1	0.0	0.872	1.389	1.786	AT5G04410	0.0	0.029	0.052	-0.023	0.53
vsOthers	1	0.0	0.872	-0.301	0.462	AT1G12630	0.0	0.054	0.068	-0.014	0.532
vsOthers	1	0.0	0.872	-0.301	0.462	AT4G36780	0.0	0.065	0.051	0.014	0.532
vsOthers	1	0.0	0.872	1.155	0.747	AT3G10030	0.0		0.018	0.009	0.532
vsOthers	1	0.0	0.872	-0.301	0.462	AT3G06740	0.0	0.022	0.033	-0.011	0.533
vsOthers	1	0.0	0.872	-0.301	0.462	AT3G10580	0.0	0.055	0.041	0.014	0.534
vsOthers	1	0.0	0.872	1.155	0.747	AT1G19210	0.0		0.069	0.013	0.535
vsOthers	1	0.0	0.872	1.155	0.747	AT4G27900	0.0		0.006	-0.003	0.537
vsOthers	1	0.0	0.872	-0.301	0.462	AT1G66370	0.0	0.006	0.013	-0.006	0.538
vsOthers	1	0.0	0.872	-0.301	0.462	AT4G01540	0.0	0.051	0.064	-0.013	0.538
vsOthers	1	0.0	0.872	-0.301	0.462	AT5G25390	0.0	0.008	0.003	0.005	0.539
vsOthers	1	0.0	0.872	-0.301	0.462	AT3G18990	0.0	0.03	0.043	-0.013	0.54
vsOthers	1	0.0	0.872	1.155	0.747	AT2G45680	0.0		0.012	-0.004	0.54
vsOthers	1	0.0	0.872	1.155	0.747	AT4G05100	0.0		0.014	0.009	0.54
vsOthers	1	0.0	0.872	1.155	0.747	AT1G22070	0.0		0.005	0.005	0.541
vsOthers	1	0.0	0.872	1.155	0.747	AT2G15660	0.0		0.003	0.006	0.541
vsOthers	1	0.0	0.872	1.389	1.786	AT3G06740	0.0	0.014	0.032	-0.018	0.541
vsOthers	1	0.0	0.872	-0.301	0.462	AT1G68550	0.0	0.081	0.066	0.014	0.542
vsOthers	1	0.0	0.872	1.389	1.786	AT5G05790	0.0	0.013	0.032	-0.018	0.542
vsOthers	1	0.0	0.872	1.389	1.786	AT5G08330	0.0	0.012	0.029	-0.017	0.542
vsOthers	1	0.0	0.872	1.155	0.747	AT5G18560	0.0		0.044	-0.01	0.543
vsOthers	1	0.0	0.872	1.389	1.786	AT3G45610	0.0	0.03	0.054	-0.023	0.543
vsOthers	1	0.0	0.872	1.389	1.786	AT4G27950	0.0	0.011	0.029	-0.018	0.543
vsOthers	1	0.0	0.872	1.389	1.786	AT4G31060	0.0	0.036	0.059	-0.023	0.543
vsOthers	1	0.0	0.872	-0.301	0.462	AT1G69490	0.04	0.053	0.042	0.012	0.544
vsOthers	1	0.0	0.872	1.389	1.786	AT2G22540	0.0	0.036	0.057	-0.021	0.544
vsOthers	1	0.0	0.872	-0.301	0.462	AT3G20840	0.0	0.001	0.005	-0.005	0.545
vsOthers	1	0.0	0.872	-0.301	0.462	AT3G51470	0.0	0.001	0.005	-0.005	0.545
vsOthers	1	0.0	0.872	-0.301	0.462	AT5G14340	0.0	0.002	0.006	-0.005	0.545
vsOthers	1	0.0	0.872	-0.301	0.462	AT5G10030	0.0	0.08	0.066	0.014	0.546
vsOthers	1	0.0	0.872	1.155	0.747	AT1G34370	0.0		0.004	0.006	0.546
vsOthers	1	0.0	0.872	1.155	0.747	AT5G60130	0.567		0.03	0.01	0.547
vsOthers	1	0.0	0.872	1.155	0.747	AT5G17300	0.13		0.13	0.013	0.548
vsOthers	1	0.0	0.872	-0.301	0.462	AT3G06490	0.0	0.009	0.018	-0.01	0.549
vsOthers	1	0.0	0.872	-0.301	0.462	AT3G13810	0.187	0.038	0.026	0.012	0.549
vsOthers	1	0.0	0.872	-0.301	0.462	AT3G23220	0.294	0.026	0.018	0.009	0.549
vsOthers	1	0.0	0.872	1.155	0.747	AT2G40260	0.544		0.033	0.01	0.552
vsOthers	1	0.0	0.872	1.155	0.747	AT3G12820	0.0		0.011	0.006	0.554
vsOthers	1	0.0	0.872	1.389	1.786	AT1G30650	0.0	0.041	0.062	-0.021	0.554
vsOthers	1	0.0	0.872	1.389	1.786	AT5G08520	0.0	0.051	0.07	-0.02	0.554
vsOthers	1	0.0	0.872	1.389	1.786	AT5G41570	0.0	0.042	0.065	-0.022	0.554
vsOthers	1	0.0	0.872	1.389	1.786	AT2G38340	0.0	0.175	0.149	0.027	0.555
vsOthers	1	0.0	0.872	-0.301	0.462	AT3G12130	0.096	0.041	0.031	0.01	0.556
vsOthers	1	0.0	0.872	1.155	0.747	AT1G18960	0.0		0.004	-0.003	0.556
vsOthers	1	0.0	0.872	1.155	0.747	AT1G74370	0.0		0.0	0.001	0.556
vsOthers	1	0.0	0.872	1.155	0.747	AT2G31460	0.0		0.001	0.001	0.556
vsOthers	1	0.0	0.872	1.155	0.747	AT5G48670	0.0		0.0	0.001	0.556
vsOthers	1	0.0	0.872	-0.301	0.462	AT1G33240	0.0	0.043	0.056	-0.013	0.557
vsOthers	1	0.0	0.872	1.389	1.786	AT5G56110	0.0	0.038	0.06	-0.022	0.557
vsOthers	1	0.0	0.872	-0.301	0.462	AT2G24430	0.0	0.034	0.044	-0.011	0.561
vsOthers	1	0.0	0.872	-0.301	0.462	AT3G04030	0.0	0.061	0.05	0.011	0.561
vsOthers	1	0.0	0.872	1.155	0.747	AT1G75080	0.0		0.004	0.005	0.561
vsOthers	1	0.0	0.872	1.155	0.747	AT3G02990	0.0		0.004	0.005	0.561
vsOthers	1	0.0	0.872	-0.301	0.462	AT4G32800	0.0	0.013	0.021	-0.008	0.562
vsOthers	1	0.0	0.872	-0.301	0.462	AT5G43840	0.0	0.007	0.013	-0.006	0.565
vsOthers	1	0.0	0.872	1.155	0.747	AT1G63040	0.0		0.002	-0.002	0.565
vsOthers	1	0.0	0.872	1.389	1.786	AT4G01540	0.0	0.04	0.063	-0.023	0.565
vsOthers	1	0.0	0.872	1.389	1.786	AT4G34410	0.0	0.047	0.071	-0.024	0.565
vsOthers	1	0.0	0.872	1.155	0.747	AT4G25490	-0.405		0.054	0.014	0.566
vsOthers	1	0.0	0.872	1.389	1.786	AT1G25340	0.0	0.014	0.029	-0.015	0.566
vsOthers	1	0.0	0.872	1.389	1.786	AT1G29280	0.0	0.041	0.067	-0.025	0.566
vsOthers	1	0.0	0.872	1.389	1.786	AT1G72740	0.0	0.013	0.031	-0.018	0.566
vsOthers	1	0.0	0.872	1.389	1.786	AT3G12130	0.0	0.019	0.035	-0.016	0.566
vsOthers	1	0.0	0.872	1.389	1.786	AT1G69010	0.0	0.033	0.056	-0.023	0.567
vsOthers	1	0.0	0.872	1.155	0.747	AT1G51600	0.0		0.002	0.003	0.568
vsOthers	1	0.0	0.872	-0.301	0.462	AT5G16820	0.0	0.044	0.057	-0.013	0.569
vsOthers	1	0.0	0.872	1.389	1.786	AT1G30490	0.0	0.016	0.035	-0.018	0.57
vsOthers	1	0.0	0.872	-0.301	0.462	AT3G15210	0.0	0.097	0.083	0.014	0.571
vsOthers	1	0.0	0.872	1.155	0.747	AT5G51990	0.0		0.059	0.012	0.572
vsOthers	1	0.0	0.872	-0.301	0.462	AT5G06839	0.0	0.065	0.054	0.011	0.573
vsOthers	1	0.0	0.872	1.389	1.786	AT1G75390	0.0	0.003	0.016	-0.013	0.573
vsOthers	1	0.0	0.872	1.389	1.786	AT3G01470	0.0	0.006	0.013	-0.007	0.574
vsOthers	1	0.0	0.872	1.389	1.786	AT2G30250	0.0	0.046	0.07	-0.024	0.575
vsOthers	1	0.0	0.872	1.389	1.786	AT4G36160	0.0	0.047	0.065	-0.018	0.575
vsOthers	1	0.0	0.872	-0.301	0.462	AT1G47655	0.335	0.041	0.03	0.011	0.576
vsOthers	1	0.0	0.872	-0.301	0.462	AT1G32510	0.0	0.001	0.001	-0.0	0.578
vsOthers	1	0.0	0.872	-0.301	0.462	AT2G38090	0.0	0.003	0.001	0.002	0.578
vsOthers	1	0.0	0.872	-0.301	0.462	AT4G38910	0.0	0.002	0.001	0.001	0.578
vsOthers	1	0.0	0.872	-0.301	0.462	AT5G18090	0.0	0.0	0.001	-0.001	0.578
vsOthers	1	0.0	0.872	-0.301	0.462	AT5G42520	0.0	0.002	0.0	0.002	0.578
vsOthers	1	0.0	0.872	1.155	0.747	AT3G20840	0.0		0.001	0.004	0.579
vsOthers	1	0.0	0.872	1.155	0.747	AT3G51470	0.0		0.002	0.004	0.579
vsOthers	1	0.0	0.872	1.155	0.747	AT5G14340	0.0		0.003	0.004	0.579
vsOthers	1	0.0	0.872	1.155	0.747	AT5G47370	-0.289		0.038	0.01	0.579
vsOthers	1	0.0	0.872	1.389	1.786	AT4G24470	0.0	0.004	0.013	-0.01	0.579
vsOthers	1	0.0	0.872	-0.301	0.462	AT1G01720	0.388	0.062	0.049	0.013	0.58
vsOthers	1	0.0	0.872	-0.301	0.462	AT1G18960	0.0	0.003	0.001	0.002	0.581
vsOthers	1	0.0	0.872	-0.301	0.462	AT1G74370	0.0	0.0	0.001	-0.001	0.581
vsOthers	1	0.0	0.872	-0.301	0.462	AT2G31460	0.0	0.0	0.001	-0.001	0.581
vsOthers	1	0.0	0.872	-0.301	0.462	AT1G55110	0.0	0.045	0.035	0.01	0.582
vsOthers	1	0.0	0.872	-0.301	0.462	AT5G66730	0.0	0.046	0.036	0.01	0.582
vsOthers	1	0.0	0.872	-0.301	0.462	AT1G25580	-0.097	0.019	0.028	-0.008	0.582
vsOthers	1	0.0	0.872	1.155	0.747	AT1G22810	0.032		0.037	0.009	0.582
vsOthers	1	0.0	0.872	1.155	0.747	AT1G51220	0.78		0.025	0.01	0.582
vsOthers	1	0.0	0.872	1.155	0.747	AT3G04070	0.0		0.015	-0.005	0.582
vsOthers	1	0.0	0.872	1.155	0.747	AT3G61250	0.0		0.006	0.006	0.582
vsOthers	1	0.0	0.872	1.155	0.747	AT2G20110	0.0		0.043	0.012	0.585
vsOthers	1	0.0	0.872	-0.301	0.462	AT3G02150	0.0	0.003	0.006	-0.003	0.586
vsOthers	1	0.0	0.872	-0.301	0.462	AT3G13350	0.0	0.006	0.003	0.003	0.586
vsOthers	1	0.0	0.872	-0.301	0.462	AT3G23250	0.0	0.001	0.006	-0.005	0.586
vsOthers	1	0.0	0.872	-0.301	0.462	AT3G57230	0.0	0.004	0.007	-0.003	0.586
vsOthers	1	0.0	0.872	1.389	1.786	AT3G50410	0.0	0.019	0.038	-0.019	0.586
vsOthers	1	0.0	0.872	-0.301	0.462	AT3G24520	0.226	0.053	0.066	-0.013	0.587
vsOthers	1	0.0	0.872	1.389	1.786	AT5G66730	0.0	0.023	0.04	-0.017	0.588
vsOthers	1	0.0	0.872	1.155	0.747	AT5G66700	-0.365		0.064	0.012	0.59
vsOthers	1	0.0	0.872	-0.301	0.462	AT1G51700	0.0	0.11	0.099	0.011	0.594
vsOthers	1	0.0	0.872	1.155	0.747	AT5G07100	-1.253		0.024	0.007	0.594
vsOthers	1	0.0	0.872	-0.301	0.462	AT5G64750	0.0	0.077	0.065	0.012	0.596
vsOthers	1	0.0	0.872	1.155	0.747	AT2G38090	0.0		0.002	-0.002	0.597
vsOthers	1	0.0	0.872	1.155	0.747	AT5G18090	0.0		0.0	0.001	0.597
vsOthers	1	0.0	0.872	1.155	0.747	AT5G62470	0.0		0.048	0.009	0.599
vsOthers	1	0.0	0.872	-0.301	0.462	AT4G36620	0.0	0.0	0.002	-0.001	0.601
vsOthers	1	0.0	0.872	-0.301	0.462	AT5G16600	0.0	0.0	0.002	-0.002	0.601
vsOthers	1	0.0	0.872	-0.301	0.462	AT5G40330	0.0	0.0	0.001	-0.001	0.601
vsOthers	1	0.0	0.872	-0.301	0.462	AT5G58620	0.0	0.0	0.001	-0.001	0.601
vsOthers	1	0.0	0.872	-0.301	0.462	AT2G42430	-0.226	0.038	0.048	-0.01	0.602
vsOthers	1	0.0	0.872	1.389	1.786	AT2G32460	0.0	0.017	0.035	-0.018	0.603
vsOthers	1	0.0	0.872	1.155	0.747	AT1G72360	0.0		0.004	0.002	0.604
vsOthers	1	0.0	0.872	1.155	0.747	AT3G51080	0.0		0.009	-0.004	0.604
vsOthers	1	0.0	0.872	1.389	1.786	AT3G04060	0.0	0.023	0.038	-0.014	0.604
vsOthers	1	0.0	0.872	1.155	0.747	AT2G45420	0.229		0.052	0.01	0.605
vsOthers	1	0.0	0.872	1.389	1.786	AT2G18380	0.0	0.025	0.044	-0.018	0.605
vsOthers	1	0.0	0.872	1.155	0.747	AT5G45580	0.0		0.068	-0.011	0.607
vsOthers	1	0.0	0.872	1.389	1.786	AT1G06850	0.0	0.027	0.042	-0.015	0.607
vsOthers	1	0.0	0.872	1.155	0.747	AT4G38000	0.05		0.048	0.011	0.608
vsOthers	1	0.0	0.872	1.155	0.747	AT1G28160	0.0		0.07	-0.011	0.61
vsOthers	1	0.0	0.872	1.155	0.747	AT4G26030	-0.773		0.029	0.009	0.61
vsOthers	1	0.0	0.872	-0.301	0.462	AT2G28920	0.0	0.02	0.014	0.006	0.612
vsOthers	1	0.0	0.872	1.155	0.747	AT3G02150	0.0		0.003	0.004	0.612
vsOthers	1	0.0	0.872	1.155	0.747	AT3G23250	0.0		0.003	0.003	0.612
vsOthers	1	0.0	0.872	1.155	0.747	AT3G57230	0.0		0.004	0.004	0.612
vsOthers	1	0.0	0.872	1.389	1.786	AT1G51600	0.0	0.0	0.004	-0.004	0.615
vsOthers	1	0.0	0.872	1.389	1.786	AT5G25390	0.0	0.0	0.005	-0.005	0.615
vsOthers	1	0.0	0.872	1.389	1.786	AT1G76880	0.0	0.0	0.005	-0.005	0.616
vsOthers	1	0.0	0.872	1.389	1.786	AT2G17410	0.0	0.005	0.002	0.003	0.616
vsOthers	1	0.0	0.872	1.389	1.786	AT3G45170	0.0	0.0	0.004	-0.004	0.616
vsOthers	1	0.0	0.872	1.389	1.786	AT4G27900	0.0	0.006	0.003	0.003	0.616
vsOthers	1	0.0	0.872	1.389	1.786	AT2G46130	0.0	0.007	0.019	-0.012	0.617
vsOthers	1	0.0	0.872	1.389	1.786	AT2G01930	0.0	0.024	0.041	-0.017	0.618
vsOthers	1	0.0	0.872	1.389	1.786	AT5G46590	0.0	0.012	0.022	-0.01	0.618
vsOthers	1	0.0	0.872	1.389	1.786	AT1G69490	0.0	0.03	0.046	-0.016	0.619
vsOthers	1	0.0	0.872	1.389	1.786	AT1G27360	0.0	0.0	0.002	-0.002	0.62
vsOthers	1	0.0	0.872	1.389	1.786	AT3G10500	0.0	0.026	0.044	-0.018	0.62
vsOthers	1	0.0	0.872	1.389	1.786	AT3G61120	0.0	0.0	0.004	-0.004	0.62
vsOthers	1	0.0	0.872	1.389	1.786	AT5G10140	0.0	0.0	0.007	-0.007	0.62
vsOthers	1	0.0	0.872	1.389	1.786	AT5G62380	0.0	0.025	0.044	-0.018	0.62
vsOthers	1	0.0	0.872	1.389	1.786	AT3G06490	0.0	0.005	0.017	-0.012	0.621
vsOthers	1	0.0	0.872	1.389	1.786	AT3G23220	0.0	0.012	0.02	-0.009	0.621
vsOthers	1	0.0	0.872	1.155	0.747	AT2G30340	-0.692		0.033	0.008	0.622
vsOthers	1	0.0	0.872	-0.301	0.462	AT2G20110	-0.122	0.043	0.054	-0.011	0.623
vsOthers	1	0.0	0.872	-0.301	0.462	AT3G09735	0.462	0.042	0.052	-0.009	0.623
vsOthers	1	0.0	0.872	1.389	1.786	AT2G01818	0.0	0.004	0.018	-0.013	0.623
vsOthers	1	0.0	0.872	-0.301	0.462	AT5G14960	0.0	0.003	0.007	-0.004	0.624
vsOthers	1	0.0	0.872	1.389	1.786	AT3G11280	0.0	0.031	0.02	0.011	0.625
vsOthers	1	0.0	0.872	1.389	1.786	AT4G31550	0.0	0.007	0.018	-0.011	0.625
vsOthers	1	0.0	0.872	1.155	0.747	AT1G79180	-0.037		0.02	0.008	0.626
vsOthers	1	0.0	0.872	1.389	1.786	AT5G56930	0.0	0.0	0.005	-0.005	0.626
vsOthers	1	0.0	0.872	1.155	0.747	AT5G56840	0.0		0.077	-0.011	0.63
vsOthers	1	0.0	0.872	1.389	1.786	AT1G34670	0.0	0.039	0.052	-0.013	0.631
vsOthers	1	0.0	0.872	1.389	1.786	AT1G52880	0.0	0.037	0.048	-0.011	0.631
vsOthers	1	0.0	0.872	1.155	0.747	AT2G24570	0.0		0.004	0.002	0.632
vsOthers	1	0.0	0.872	1.389	1.786	AT1G01060	0.0	0.035	0.053	-0.018	0.632
vsOthers	1	0.0	0.872	1.389	1.786	AT1G23810	0.0	0.001	0.004	-0.003	0.632
vsOthers	1	0.0	0.872	1.389	1.786	AT1G72360	0.0	0.0	0.006	-0.006	0.632
vsOthers	1	0.0	0.872	1.155	0.747	AT1G72010	0.0		0.032	-0.008	0.633
vsOthers	1	0.0	0.872	1.155	0.747	AT3G25990	0.111		0.01	0.005	0.633
vsOthers	1	0.0	0.872	1.389	1.786	AT1G22810	0.0	0.029	0.045	-0.016	0.633
vsOthers	1	0.0	0.872	1.389	1.786	AT3G04030	0.0	0.036	0.054	-0.018	0.634
vsOthers	1	0.0	0.872	-0.301	0.462	AT1G12610	0.0	0.023	0.031	-0.008	0.636
vsOthers	1	0.0	0.872	1.155	0.747	AT5G47230	0.0		0.041	-0.006	0.637
vsOthers	1	0.0	0.872	1.389	1.786	AT4G28110	0.0	0.0	0.008	-0.008	0.637
vsOthers	1	0.0	0.872	-0.301	0.462	AT3G26790	0.0	0.014	0.02	-0.006	0.638
vsOthers	1	0.0	0.872	1.155	0.747	AT4G27950	0.0		0.032	-0.006	0.638
vsOthers	1	0.0	0.872	1.155	0.747	AT5G11260	0.265		0.08	-0.01	0.638
vsOthers	1	0.0	0.872	-0.301	0.462	AT2G45420	0.0	0.052	0.061	-0.009	0.64
vsOthers	1	0.0	0.872	1.155	0.747	AT2G02820	0.0		0.078	-0.01	0.64
vsOthers	1	0.0	0.872	1.389	1.786	AT3G02150	0.0	0.0	0.006	-0.006	0.64
vsOthers	1	0.0	0.872	1.389	1.786	AT3G23250	0.0	0.009	0.004	0.005	0.64
vsOthers	1	0.0	0.872	1.389	1.786	AT3G57230	0.0	0.003	0.007	-0.004	0.64
vsOthers	1	0.0	0.872	1.155	0.747	AT5G22500	0.0		0.021	-0.006	0.643
vsOthers	1	0.0	0.872	1.389	1.786	AT4G17980	0.0	0.035	0.055	-0.02	0.643
vsOthers	1	0.0	0.872	1.389	1.786	AT5G54230	0.0	0.037	0.055	-0.018	0.643
vsOthers	1	0.0	0.872	1.155	0.747	AT3G60490	0.0		0.037	0.01	0.645
vsOthers	1	0.0	0.872	-0.301	0.462	AT5G62000	0.0	0.03	0.039	-0.01	0.646
vsOthers	1	0.0	0.872	-0.301	0.462	AT5G23930	0.0	0.069	0.058	0.01	0.647
vsOthers	1	0.0	0.872	-0.301	0.462	AT3G24120	0.0	0.07	0.058	0.011	0.649
vsOthers	1	0.0	0.872	-0.301	0.462	AT5G13910	0.0	0.01	0.007	0.003	0.649
vsOthers	1	0.0	0.872	-0.301	0.462	AT5G63090	0.0	0.016	0.023	-0.006	0.65
vsOthers	1	0.0	0.872	1.155	0.747	AT2G44840	-0.028		0.116	0.01	0.65
vsOthers	1	0.0	0.872	1.389	1.786	AT5G53950	0.0	0.007	0.021	-0.014	0.65
vsOthers	1	0.0	0.872	-0.301	0.462	AT1G22070	0.0	0.006	0.009	-0.003	0.651
vsOthers	1	0.0	0.872	-0.301	0.462	AT2G15660	0.0	0.004	0.008	-0.004	0.651
vsOthers	1	0.0	0.872	-0.301	0.462	AT3G08500	0.0	0.024	0.032	-0.008	0.651
vsOthers	1	0.0	0.872	-0.301	0.462	AT1G75490	0.097	0.044	0.037	0.007	0.652
vsOthers	1	0.0	0.872	1.155	0.747	AT5G09410	0.076		0.04	0.008	0.653
vsOthers	1	0.0	0.872	1.389	1.786	AT5G02460	0.0	0.042	0.057	-0.015	0.654
vsOthers	1	0.0	0.872	1.155	0.747	AT4G18450	0.0		0.009	-0.004	0.655
vsOthers	1	0.0	0.872	1.155	0.747	AT4G37260	0.0		0.133	-0.009	0.655
vsOthers	1	0.0	0.872	1.389	1.786	AT3G10030	0.0	0.013	0.024	-0.012	0.655
vsOthers	1	0.0	0.872	-0.301	0.462	AT2G20400	0.054	0.043	0.034	0.009	0.657
vsOthers	1	0.0	0.872	1.155	0.747	AT2G45410	0.008		0.049	0.009	0.657
vsOthers	1	0.0	0.872	-0.301	0.462	AT3G24050	0.0	0.027	0.02	0.007	0.658
vsOthers	1	0.0	0.872	1.155	0.747	AT3G13810	-0.229		0.034	-0.008	0.658
vsOthers	1	0.0	0.872	1.155	0.747	AT3G45150	0.0		0.003	0.003	0.659
vsOthers	1	0.0	0.872	1.155	0.747	AT4G01720	0.0		0.005	0.003	0.659
vsOthers	1	0.0	0.872	1.155	0.747	AT5G05550	0.0		0.096	-0.01	0.659
vsOthers	1	0.0	0.872	1.155	0.747	AT5G13790	0.0		0.012	0.006	0.661
vsOthers	1	0.0	0.872	1.389	1.786	AT5G65310	0.0	0.053	0.066	-0.013	0.662
vsOthers	1	0.0	0.872	1.155	0.747	AT3G23240	0.0		0.026	0.007	0.666
vsOthers	1	0.0	0.872	1.155	0.747	AT1G76110	0.0		0.014	0.005	0.669
vsOthers	1	0.0	0.872	1.155	0.747	AT1G49010	0.0		0.071	-0.01	0.67
vsOthers	1	0.0	0.872	1.389	1.786	AT4G16750	0.0	0.052	0.067	-0.015	0.67
vsOthers	1	0.0	0.872	1.155	0.747	AT1G10720	0.0		0.001	0.001	0.671
vsOthers	1	0.0	0.872	1.155	0.747	AT1G46264	0.0		0.001	0.001	0.671
vsOthers	1	0.0	0.872	1.155	0.747	AT2G38880	0.0		0.0	0.003	0.671
vsOthers	1	0.0	0.872	1.155	0.747	AT3G46070	0.0		0.001	-0.001	0.671
vsOthers	1	0.0	0.872	1.155	0.747	AT4G24240	0.0		0.001	0.002	0.671
vsOthers	1	0.0	0.872	1.155	0.747	AT4G30080	0.0		0.002	-0.002	0.671
vsOthers	1	0.0	0.872	1.155	0.747	AT5G08070	0.0		0.001	0.001	0.671
vsOthers	1	0.0	0.872	1.389	1.786	AT5G51990	0.0	0.083	0.066	0.017	0.671
vsOthers	1	0.0	0.872	-0.301	0.462	AT1G34370	0.0	0.005	0.009	-0.004	0.673
vsOthers	1	0.0	0.872	-0.301	0.462	AT1G75080	0.0	0.005	0.008	-0.003	0.673
vsOthers	1	0.0	0.872	-0.301	0.462	AT3G02990	0.0	0.005	0.008	-0.003	0.673
vsOthers	1	0.0	0.872	-0.301	0.462	AT3G46590	0.0	0.004	0.009	-0.005	0.673
vsOthers	1	0.0	0.872	-0.301	0.462	AT1G19210	0.0	0.071	0.08	-0.01	0.674
vsOthers	1	0.0	0.872	1.155	0.747	AT3G24120	0.0		0.068	-0.01	0.674
vsOthers	1	0.0	0.872	1.389	1.786	AT1G72010	0.0	0.012	0.028	-0.016	0.674
vsOthers	1	0.0	0.872	1.389	1.786	AT3G15170	0.0	0.015	0.027	-0.011	0.674
vsOthers	1	0.0	0.872	1.389	1.786	AT5G04390	0.0	0.036	0.025	0.01	0.674
vsOthers	1	0.0	0.872	1.155	0.747	AT1G63030	0.0		0.005	0.004	0.675
vsOthers	1	0.0	0.872	1.155	0.747	AT3G10113	0.0		0.04	-0.007	0.676
vsOthers	1	0.0	0.872	1.155	0.747	AT4G36620	0.0		0.0	0.002	0.677
vsOthers	1	0.0	0.872	1.389	1.786	AT4G25480	0.0	0.081	0.063	0.019	0.677
vsOthers	1	0.0	0.872	-0.301	0.462	AT2G22430	0.0	0.039	0.048	-0.009	0.678
vsOthers	1	0.0	0.872	1.155	0.747	AT3G23220	-0.072		0.023	-0.005	0.678
vsOthers	1	0.0	0.872	1.155	0.747	AT3G52440	-0.024		0.071	-0.01	0.678
vsOthers	1	0.0	0.872	1.389	1.786	AT2G02820	0.0	0.056	0.073	-0.017	0.678
vsOthers	1	0.0	0.872	1.155	0.747	AT1G12630	0.0		0.058	0.009	0.68
vsOthers	1	0.0	0.872	1.155	0.747	AT4G36780	-0.016		0.061	-0.009	0.68
vsOthers	1	0.0	0.872	-0.301	0.462	AT3G50260	0.0	0.069	0.079	-0.01	0.682
vsOthers	1	0.0	0.872	1.155	0.747	AT3G50410	0.897		0.031	0.007	0.682
vsOthers	1	0.0	0.872	-0.301	0.462	AT3G10030	0.0	0.019	0.025	-0.006	0.684
vsOthers	1	0.0	0.872	1.155	0.747	AT1G55110	0.0		0.042	-0.006	0.685
vsOthers	1	0.0	0.872	1.389	1.786	AT5G66700	0.0	0.09	0.071	0.019	0.685
vsOthers	1	0.0	0.872	-0.301	0.462	AT2G44940	0.011	0.035	0.044	-0.009	0.686
vsOthers	1	0.0	0.872	-0.301	0.462	AT3G12910	0.266	0.005	0.002	0.004	0.688
vsOthers	1	0.0	0.872	-0.301	0.462	AT3G22780	0.0	0.001	0.002	-0.001	0.688
vsOthers	1	0.0	0.872	-0.301	0.462	AT3G48160	0.0	0.0	0.002	-0.002	0.688
vsOthers	1	0.0	0.872	-0.301	0.462	AT5G10510	0.0	0.0	0.003	-0.003	0.688
vsOthers	1	0.0	0.872	-0.301	0.462	AT5G61270	0.0	0.0	0.002	-0.002	0.688
vsOthers	1	0.0	0.872	-0.301	0.462	AT5G67000	0.0	0.0	0.001	-0.001	0.688
vsOthers	1	0.0	0.872	-0.301	0.462	AT3G60490	0.0	0.036	0.046	-0.01	0.689
vsOthers	1	0.0	0.872	-0.301	0.462	AT5G08130	0.0	0.012	0.008	0.004	0.69
vsOthers	1	0.0	0.872	-0.301	0.462	AT5G38860	0.0	0.004	0.002	0.002	0.69
vsOthers	1	0.0	0.872	1.155	0.747	AT4G32800	0.0		0.015	0.005	0.69
vsOthers	1	0.0	0.872	-0.301	0.462	AT4G18890	0.0	0.009	0.006	0.003	0.691
vsOthers	1	0.0	0.872	1.155	0.747	AT5G67450	0.0		0.013	-0.003	0.692
vsOthers	1	0.0	0.872	-0.301	0.462	AT1G74840	-0.454	0.06	0.052	0.008	0.693
vsOthers	1	0.0	0.872	1.155	0.747	AT1G18330	0.0		0.032	0.006	0.695
vsOthers	1	0.0	0.872	1.389	1.786	AT1G51220	0.0	0.021	0.033	-0.012	0.695
vsOthers	1	0.0	0.872	1.389	1.786	AT5G46350	0.0	0.023	0.032	-0.009	0.695
vsOthers	1	0.0	0.872	-0.301	0.462	AT1G52880	0.293	0.054	0.045	0.008	0.696
vsOthers	1	0.0	0.872	-0.301	0.462	AT3G50060	-0.273	0.132	0.124	0.009	0.697
vsOthers	1	0.0	0.872	-0.301	0.462	AT5G04390	0.0	0.022	0.028	-0.006	0.697
vsOthers	1	0.0	0.872	-0.301	0.462	AT2G45410	-0.12	0.049	0.057	-0.009	0.7
vsOthers	1	0.0	0.872	1.155	0.747	AT2G42430	0.0		0.041	0.007	0.7
vsOthers	1	0.0	0.872	-0.301	0.462	AT1G75240	0.0	0.047	0.053	-0.007	0.702
vsOthers	1	0.0	0.872	-0.301	0.462	AT4G01280	-0.078	0.047	0.054	-0.007	0.704
vsOthers	1	0.0	0.872	-0.301	0.462	AT1G32240	0.0	0.008	0.013	-0.005	0.705
vsOthers	1	0.0	0.872	-0.301	0.462	AT3G45610	0.669	0.059	0.05	0.009	0.707
vsOthers	1	0.0	0.872	1.155	0.747	AT3G53200	0.0		0.036	0.007	0.708
vsOthers	1	0.0	0.872	1.155	0.747	AT2G44940	-0.229		0.037	0.007	0.709
vsOthers	1	0.0	0.872	-0.301	0.462	AT4G31060	0.0	0.052	0.059	-0.007	0.71
vsOthers	1	0.0	0.872	1.389	1.786	AT1G52150	0.0	0.024	0.034	-0.01	0.71
vsOthers	1	0.0	0.872	1.389	1.786	AT3G20770	0.0	0.026	0.033	-0.007	0.71
vsOthers	1	0.0	0.872	1.389	1.786	AT3G57920	0.0	0.026	0.034	-0.008	0.71
vsOthers	1	0.0	0.872	1.389	1.786	AT4G29230	0.0	0.022	0.036	-0.014	0.71
vsOthers	1	0.0	0.872	-0.301	0.462	AT2G22540	0.0	0.049	0.058	-0.009	0.711
vsOthers	1	0.0	0.872	-0.301	0.462	AT3G03660	0.0	0.001	0.003	-0.002	0.714
vsOthers	1	0.0	0.872	-0.301	0.462	AT5G52170	0.0	0.001	0.003	-0.002	0.714
vsOthers	1	0.0	0.872	1.389	1.786	AT1G13300	0.0	0.006	0.009	-0.003	0.716
vsOthers	1	0.0	0.872	1.389	1.786	AT1G21910	0.0	0.01	0.021	-0.011	0.716
vsOthers	1	0.0	0.872	1.389	1.786	AT1G22070	0.0	0.001	0.009	-0.008	0.716
vsOthers	1	0.0	0.872	1.389	1.786	AT1G63030	0.0	0.016	0.007	0.008	0.716
vsOthers	1	0.0	0.872	1.389	1.786	AT2G15660	0.0	0.001	0.007	-0.006	0.716
vsOthers	1	0.0	0.872	1.389	1.786	AT2G42590	0.0	0.014	0.006	0.007	0.716
vsOthers	1	0.0	0.872	1.389	1.786	AT2G45650	0.0	0.0	0.01	-0.01	0.716
vsOthers	1	0.0	0.872	1.389	1.786	AT3G47600	0.0	0.001	0.008	-0.006	0.716
vsOthers	1	0.0	0.872	1.389	1.786	AT4G01500	0.0	0.013	0.009	0.003	0.716
vsOthers	1	0.0	0.872	1.389	1.786	AT4G04450	0.0	0.004	0.006	-0.003	0.716
vsOthers	1	0.0	0.872	1.389	1.786	AT5G13910	0.0	0.0	0.008	-0.008	0.716
vsOthers	1	0.0	0.872	1.389	1.786	AT5G44160	0.0	0.005	0.01	-0.004	0.716
vsOthers	1	0.0	0.872	1.389	1.786	AT5G67300	0.0	0.004	0.007	-0.003	0.716
vsOthers	1	0.0	0.872	1.155	0.747	AT3G23210	0.0		0.008	0.004	0.717
vsOthers	1	0.0	0.872	1.389	1.786	AT1G69560	0.0	0.012	0.007	0.005	0.717
vsOthers	1	0.0	0.872	1.389	1.786	AT2G45680	0.0	0.001	0.01	-0.009	0.717
vsOthers	1	0.0	0.872	1.155	0.747	AT5G65130	0.0		0.024	0.005	0.718
vsOthers	1	0.0	0.872	1.389	1.786	AT2G33810	0.0	0.001	0.009	-0.008	0.718
vsOthers	1	0.0	0.872	1.389	1.786	AT3G45150	0.0	0.001	0.005	-0.004	0.718
vsOthers	1	0.0	0.872	1.389	1.786	AT4G01720	0.0	0.003	0.007	-0.004	0.718
vsOthers	1	0.0	0.872	-0.301	0.462	AT5G67580	0.0	0.034	0.026	0.008	0.719
vsOthers	1	0.0	0.872	1.389	1.786	AT1G34370	0.0	0.002	0.008	-0.006	0.719
vsOthers	1	0.0	0.872	1.389	1.786	AT5G08750	0.0	0.005	0.008	-0.003	0.719
vsOthers	1	0.0	0.872	-0.301	0.462	AT1G51220	0.0	0.026	0.034	-0.007	0.72
vsOthers	1	0.0	0.872	-0.301	0.462	AT2G43000	0.22	0.071	0.064	0.007	0.72
vsOthers	1	0.0	0.872	1.389	1.786	AT4G18450	0.0	0.0	0.006	-0.006	0.72
vsOthers	1	0.0	0.872	1.155	0.747	AT1G14687	-0.316		0.051	-0.007	0.721
vsOthers	1	0.0	0.872	1.389	1.786	AT2G30590	0.0	0.004	0.011	-0.007	0.721
vsOthers	1	0.0	0.872	1.389	1.786	AT3G12720	0.0	0.023	0.034	-0.011	0.723
vsOthers	1	0.0	0.872	-0.301	0.462	AT1G36060	0.0	0.029	0.035	-0.005	0.724
vsOthers	1	0.0	0.872	-0.301	0.462	AT4G34410	0.0	0.076	0.067	0.009	0.724
vsOthers	1	0.0	0.872	-0.301	0.462	AT1G72740	0.0	0.025	0.031	-0.006	0.725
vsOthers	1	0.0	0.872	-0.301	0.462	AT3G23240	0.0	0.026	0.031	-0.005	0.725
vsOthers	1	0.0	0.872	1.389	1.786	AT3G02990	0.0	0.001	0.008	-0.007	0.725
vsOthers	1	0.0	0.872	1.389	1.786	AT1G51700	0.0	0.113	0.101	0.012	0.726
vsOthers	1	0.0	0.872	1.389	1.786	AT1G68320	0.0	0.022	0.033	-0.011	0.726
vsOthers	1	0.0	0.872	1.155	0.747	AT4G01280	0.0		0.048	0.006	0.727
vsOthers	1	0.0	0.872	1.155	0.747	AT4G17460	0.0		0.005	0.003	0.727
vsOthers	1	0.0	0.872	1.389	1.786	AT1G18330	0.0	0.026	0.037	-0.011	0.727
vsOthers	1	0.0	0.872	1.155	0.747	AT3G60530	0.0		0.014	-0.003	0.728
vsOthers	1	0.0	0.872	1.389	1.786	AT4G28140	0.0	0.005	0.01	-0.006	0.728
vsOthers	1	0.0	0.872	1.389	1.786	AT5G07680	0.0	0.005	0.011	-0.006	0.728
vsOthers	1	0.0	0.872	-0.301	0.462	AT5G06960	0.0	0.037	0.031	0.006	0.729
vsOthers	1	0.0	0.872	1.389	1.786	AT2G38300	0.0	0.0	0.006	-0.006	0.729
vsOthers	1	0.0	0.872	-0.301	0.462	AT3G25990	0.0	0.01	0.015	-0.004	0.73
vsOthers	1	0.0	0.872	1.155	0.747	AT5G05790	0.0		0.034	-0.006	0.731
vsOthers	1	0.0	0.872	1.155	0.747	AT5G08330	0.0		0.033	-0.006	0.731
vsOthers	1	0.0	0.872	1.155	0.747	AT5G61270	0.0		0.0	0.002	0.732
vsOthers	1	0.0	0.872	1.155	0.747	AT1G01720	0.0		0.057	-0.007	0.734
vsOthers	1	0.0	0.872	1.155	0.747	AT1G50640	0.0		0.065	-0.006	0.734
vsOthers	1	0.0	0.872	1.155	0.747	AT1G76870	0.0		0.005	-0.002	0.735
vsOthers	1	0.0	0.872	1.155	0.747	AT3G03660	0.0		0.001	0.002	0.735
vsOthers	1	0.0	0.872	1.155	0.747	AT3G30530	0.0		0.003	-0.001	0.735
vsOthers	1	0.0	0.872	1.155	0.747	AT5G52170	0.0		0.001	0.002	0.735
vsOthers	1	0.0	0.872	1.389	1.786	AT1G49560	0.0	0.033	0.043	-0.011	0.735
vsOthers	1	0.0	0.872	1.389	1.786	AT4G00730	0.0	0.047	0.039	0.008	0.735
vsOthers	1	0.0	0.872	1.389	1.786	AT5G39610	0.0	0.03	0.039	-0.009	0.735
vsOthers	1	0.0	0.872	1.389	1.786	AT5G52660	0.0	0.035	0.043	-0.008	0.735
vsOthers	1	0.0	0.872	1.155	0.747	AT1G19000	0.0		0.066	-0.006	0.736
vsOthers	1	0.0	0.872	1.389	1.786	AT1G71696	0.0	0.029	0.04	-0.011	0.736
vsOthers	1	0.0	0.872	1.389	1.786	AT3G44480	0.0	0.032	0.044	-0.012	0.736
vsOthers	1	0.0	0.872	1.389	1.786	AT5G24110	0.0	0.035	0.048	-0.012	0.736
vsOthers	1	0.0	0.872	1.155	0.747	AT2G26960	0.0		0.029	0.004	0.738
vsOthers	1	0.0	0.872	1.155	0.747	AT4G24470	0.0		0.015	-0.004	0.738
vsOthers	1	0.0	0.872	1.155	0.747	AT5G08520	0.459		0.073	-0.007	0.738
vsOthers	1	0.0	0.872	-0.301	0.462	AT2G17410	0.0	0.004	0.002	0.002	0.741
vsOthers	1	0.0	0.872	-0.301	0.462	AT2G21900	0.0	0.001	0.004	-0.004	0.741
vsOthers	1	0.0	0.872	-0.301	0.462	AT3G45170	0.0	0.003	0.004	-0.001	0.741
vsOthers	1	0.0	0.872	-0.301	0.462	AT4G27900	0.0	0.006	0.003	0.003	0.741
vsOthers	1	0.0	0.872	1.155	0.747	AT5G22990	0.55		0.061	0.007	0.741
vsOthers	1	0.0	0.872	-0.301	0.462	AT1G27360	0.0	0.001	0.002	-0.001	0.743
vsOthers	1	0.0	0.872	1.155	0.747	AT5G67190	0.0		0.056	0.007	0.743
vsOthers	1	0.0	0.872	1.155	0.747	AT1G78700	0.0		0.058	-0.006	0.744
vsOthers	1	0.0	0.872	1.155	0.747	AT1G12610	0.0		0.026	0.005	0.745
vsOthers	1	0.0	0.872	1.389	1.786	AT1G76420	0.0	0.029	0.041	-0.012	0.745
vsOthers	1	0.0	0.872	-0.301	0.462	AT1G51600	0.0	0.002	0.005	-0.002	0.746
vsOthers	1	0.0	0.872	1.155	0.747	AT1G25340	0.0		0.025	0.004	0.746
vsOthers	1	0.0	0.872	-0.301	0.462	AT2G32460	0.0	0.038	0.032	0.006	0.752
vsOthers	1	0.0	0.872	1.389	1.786	AT1G14687	0.0	0.06	0.045	0.014	0.753
vsOthers	1	0.0	0.872	1.389	1.786	AT2G23290	0.0	0.037	0.053	-0.016	0.753
vsOthers	1	0.0	0.872	1.389	1.786	AT2G24430	0.0	0.029	0.043	-0.014	0.753
vsOthers	1	0.0	0.872	1.389	1.786	AT2G45410	0.0	0.05	0.055	-0.006	0.753
vsOthers	1	0.0	0.872	-0.301	0.462	AT1G06850	0.0	0.045	0.04	0.005	0.754
vsOthers	1	0.0	0.872	-0.301	0.462	AT1G49560	0.0	0.046	0.041	0.004	0.754
vsOthers	1	0.0	0.872	1.155	0.747	AT2G28920	0.0		0.017	-0.003	0.754
vsOthers	1	0.0	0.872	1.155	0.747	AT3G08500	0.0		0.027	0.005	0.754
vsOthers	1	0.0	0.872	1.389	1.786	AT1G75240	0.0	0.06	0.051	0.009	0.754
vsOthers	1	0.0	0.872	1.389	1.786	AT4G14770	0.0	0.041	0.051	-0.01	0.754
vsOthers	1	0.0	0.872	1.389	1.786	AT2G23340	0.0	0.037	0.049	-0.012	0.755
vsOthers	1	0.0	0.872	1.389	1.786	AT3G09600	0.0	0.04	0.051	-0.011	0.755
vsOthers	1	0.0	0.872	-0.301	0.462	AT1G71696	0.0	0.043	0.038	0.005	0.757
vsOthers	1	0.0	0.872	-0.301	0.462	AT1G76110	0.0	0.013	0.019	-0.006	0.757
vsOthers	1	0.0	0.872	-0.301	0.462	AT3G44480	0.0	0.048	0.041	0.007	0.757
vsOthers	1	0.0	0.872	1.155	0.747	AT2G20400	0.0		0.04	-0.005	0.76
vsOthers	1	0.0	0.872	1.389	1.786	AT1G64620	0.0	0.053	0.061	-0.008	0.761
vsOthers	1	0.0	0.872	1.389	1.786	AT2G45420	0.0	0.052	0.059	-0.007	0.761
vsOthers	1	0.0	0.872	1.389	1.786	AT3G18400	0.0	0.039	0.053	-0.014	0.761
vsOthers	1	0.0	0.872	1.389	1.786	AT4G36740	0.0	0.048	0.056	-0.008	0.761
vsOthers	1	0.0	0.872	1.389	1.786	AT4G38170	0.0	0.034	0.048	-0.014	0.761
vsOthers	1	0.0	0.872	1.389	1.786	AT5G45580	0.0	0.051	0.062	-0.011	0.761
vsOthers	1	0.0	0.872	1.389	1.786	AT5G47390	0.0	0.046	0.06	-0.015	0.761
vsOthers	1	0.0	0.872	1.389	1.786	AT5G63260	0.0	0.049	0.055	-0.007	0.761
vsOthers	1	0.0	0.872	1.389	1.786	AT5G65410	0.0	0.067	0.052	0.014	0.761
vsOthers	1	0.0	0.872	1.155	0.747	AT2G17410	0.0		0.004	-0.003	0.762
vsOthers	1	0.0	0.872	1.155	0.747	AT2G21900	0.0		0.001	0.003	0.762
vsOthers	1	0.0	0.872	1.155	0.747	AT3G45170	0.0		0.003	0.002	0.762
vsOthers	1	0.0	0.872	1.155	0.747	AT3G12720	0.0		0.029	0.006	0.763
vsOthers	1	0.0	0.872	1.389	1.786	AT1G01720	0.0	0.042	0.053	-0.011	0.763
vsOthers	1	0.0	0.872	1.389	1.786	AT1G49010	0.0	0.053	0.065	-0.012	0.763
vsOthers	1	0.0	0.872	1.389	1.786	AT3G60530	0.0	0.016	0.011	0.004	0.763
vsOthers	1	0.0	0.872	1.389	1.786	AT4G17785	0.0	0.007	0.012	-0.005	0.764
vsOthers	1	0.0	0.872	-0.301	0.462	AT1G22810	0.0	0.04	0.045	-0.005	0.765
vsOthers	1	0.0	0.872	1.389	1.786	AT5G39820	0.0	0.01	0.013	-0.003	0.765
vsOthers	1	0.0	0.872	1.155	0.747	AT1G27360	0.0		0.001	0.002	0.766
vsOthers	1	0.0	0.872	1.155	0.747	AT5G25390	0.0		0.006	-0.002	0.766
vsOthers	1	0.0	0.872	1.389	1.786	AT1G14580	0.0	0.022	0.015	0.006	0.766
vsOthers	1	0.0	0.872	1.389	1.786	AT2G33710	0.0	0.055	0.063	-0.008	0.768
vsOthers	1	0.0	0.872	1.389	1.786	AT3G52440	0.0	0.052	0.065	-0.013	0.768
vsOthers	1	0.0	0.872	1.389	1.786	AT4G25470	0.0	0.072	0.057	0.015	0.768
vsOthers	1	0.0	0.872	1.389	1.786	AT2G41690	0.0	0.004	0.009	-0.005	0.769
vsOthers	1	0.0	0.872	1.389	1.786	AT3G15270	0.0	0.049	0.059	-0.01	0.769
vsOthers	1	0.0	0.872	1.389	1.786	AT3G61250	0.0	0.015	0.01	0.006	0.769
vsOthers	1	0.0	0.872	1.389	1.786	AT4G18890	0.0	0.002	0.007	-0.005	0.769
vsOthers	1	0.0	0.872	1.155	0.747	AT1G53170	0.0		0.097	-0.007	0.77
vsOthers	1	0.0	0.872	1.155	0.747	AT1G74480	0.0		0.041	-0.006	0.77
vsOthers	1	0.0	0.872	1.155	0.747	AT3G26790	0.0		0.016	0.004	0.77
vsOthers	1	0.0	0.872	-0.301	0.462	AT1G19790	0.26	0.021	0.016	0.005	0.772
vsOthers	1	0.0	0.872	1.155	0.747	AT5G52660	0.484		0.039	0.004	0.772
vsOthers	1	0.0	0.872	-0.301	0.462	AT2G23290	0.0	0.056	0.051	0.005	0.773
vsOthers	1	0.0	0.872	1.155	0.747	AT2G22430	-0.458		0.042	0.006	0.774
vsOthers	1	0.0	0.872	1.389	1.786	AT5G64750	0.0	0.057	0.069	-0.012	0.774
vsOthers	1	0.0	0.872	-0.301	0.462	AT1G23810	0.0	0.003	0.004	-0.001	0.776
vsOthers	1	0.0	0.872	-0.301	0.462	AT3G51080	0.0	0.007	0.006	0.001	0.776
vsOthers	1	0.0	0.872	-0.301	0.462	AT2G06200	0.0	0.017	0.02	-0.003	0.778
vsOthers	1	0.0	0.872	-0.301	0.462	AT4G38170	0.412	0.052	0.045	0.007	0.778
vsOthers	1	0.0	0.872	1.155	0.747	AT3G16280	0.0		0.039	0.005	0.778
vsOthers	1	0.0	0.872	-0.301	0.462	AT5G63260	0.0	0.059	0.054	0.005	0.779
vsOthers	1	0.0	0.872	-0.301	0.462	AT5G65410	0.0	0.049	0.055	-0.006	0.78
vsOthers	1	0.0	0.872	1.155	0.747	AT1G69490	0.0		0.048	-0.005	0.78
vsOthers	1	0.0	0.872	1.155	0.747	AT3G01530	0.0		0.038	0.005	0.78
vsOthers	1	0.0	0.872	-0.301	0.462	AT2G46590	0.0	0.061	0.054	0.007	0.781
vsOthers	1	0.0	0.872	1.155	0.747	AT5G63090	0.0		0.019	0.004	0.781
vsOthers	1	0.0	0.872	-0.301	0.462	AT1G20980	0.058	0.021	0.024	-0.004	0.783
vsOthers	1	0.0	0.872	1.155	0.747	AT5G02840	0.0		0.019	0.003	0.784
vsOthers	1	0.0	0.872	1.389	1.786	AT1G19210	0.0	0.063	0.079	-0.016	0.784
vsOthers	1	0.0	0.872	1.155	0.747	AT1G44830	0.0		0.014	0.003	0.785
vsOthers	1	0.0	0.872	1.155	0.747	AT2G33550	0.0		0.02	-0.003	0.785
vsOthers	1	0.0	0.872	1.155	0.747	AT5G10140	0.0		0.005	0.003	0.786
vsOthers	1	0.0	0.872	-0.301	0.462	AT1G24250	0.0	0.017	0.021	-0.005	0.788
vsOthers	1	0.0	0.872	1.155	0.747	AT1G01060	0.0		0.048	0.006	0.788
vsOthers	1	0.0	0.872	1.155	0.747	AT3G50060	0.0		0.13	-0.007	0.788
vsOthers	1	0.0	0.872	-0.301	0.462	AT1G69010	0.068	0.059	0.053	0.006	0.789
vsOthers	1	0.0	0.872	-0.301	0.462	AT1G78700	0.0	0.06	0.053	0.007	0.791
vsOthers	1	0.0	0.872	1.389	1.786	AT3G21175	0.0	0.009	0.016	-0.007	0.793
vsOthers	1	0.0	0.872	1.389	1.786	AT5G61600	0.0	0.031	0.041	-0.01	0.793
vsOthers	1	0.0	0.872	1.389	1.786	AT3G26790	0.0	0.022	0.018	0.004	0.794
vsOthers	1	0.0	0.872	1.389	1.786	AT3G50700	0.0	0.008	0.015	-0.007	0.794
vsOthers	1	0.0	0.872	1.389	1.786	AT5G03150	0.0	0.011	0.018	-0.007	0.794
vsOthers	1	0.0	0.872	1.389	1.786	AT5G22500	0.0	0.01	0.017	-0.007	0.794
vsOthers	1	0.0	0.872	-0.301	0.462	AT1G03800	0.0	0.081	0.073	0.007	0.795
vsOthers	1	0.0	0.872	-0.301	0.462	AT2G24570	0.0	0.003	0.006	-0.004	0.796
vsOthers	1	0.0	0.872	-0.301	0.462	AT3G57600	0.0	0.009	0.005	0.003	0.796
vsOthers	1	0.0	0.872	1.155	0.747	AT1G23810	0.0		0.002	0.002	0.796
vsOthers	1	0.0	0.872	1.389	1.786	AT1G71450	0.0	0.077	0.089	-0.013	0.797
vsOthers	1	0.0	0.872	1.389	1.786	AT2G28920	0.0	0.01	0.016	-0.006	0.797
vsOthers	1	0.0	0.872	-0.301	0.462	AT2G38300	0.0	0.006	0.006	0.001	0.798
vsOthers	1	0.0	0.872	1.155	0.747	AT2G46590	0.0		0.059	-0.005	0.799
vsOthers	1	0.0	0.872	1.155	0.747	AT5G23930	0.0		0.065	-0.006	0.8
vsOthers	1	0.0	0.872	1.155	0.747	AT1G20980	-1.168		0.02	0.004	0.801
vsOthers	1	0.0	0.872	-0.301	0.462	AT1G65620	0.0	0.006	0.008	-0.002	0.803
vsOthers	1	0.0	0.872	1.155	0.747	AT1G24250	0.0		0.018	0.004	0.804
vsOthers	1	0.0	0.872	1.155	0.747	AT1G73730	0.0		0.007	0.002	0.804
vsOthers	1	0.0	0.872	1.155	0.747	AT3G13350	0.0		0.005	-0.003	0.804
vsOthers	1	0.0	0.872	-0.301	0.462	AT1G20910	-0.303	0.02	0.024	-0.003	0.805
vsOthers	1	0.0	0.872	1.155	0.747	AT5G64750	0.0		0.072	-0.006	0.807
vsOthers	1	0.0	0.872	1.155	0.747	AT1G06180	-0.523		0.023	0.005	0.808
vsOthers	1	0.0	0.872	-0.301	0.462	AT2G26960	0.0	0.036	0.031	0.005	0.809
vsOthers	1	0.0	0.872	1.155	0.747	AT1G03800	0.0		0.072	0.005	0.811
vsOthers	1	0.0	0.872	-0.301	0.462	AT2G33810	0.0	0.006	0.009	-0.004	0.813
vsOthers	1	0.0	0.872	-0.301	0.462	AT3G45150	0.0	0.003	0.006	-0.002	0.813
vsOthers	1	0.0	0.872	-0.301	0.462	AT4G01720	0.0	0.006	0.007	-0.002	0.813
vsOthers	1	0.0	0.872	1.389	1.786	AT1G19790	0.0	0.011	0.018	-0.007	0.813
vsOthers	1	0.0	0.872	1.389	1.786	AT3G24050	0.0	0.026	0.021	0.005	0.813
vsOthers	1	0.0	0.872	1.389	1.786	AT4G32800	0.0	0.023	0.018	0.005	0.813
vsOthers	1	0.0	0.872	1.389	1.786	AT5G02840	0.0	0.015	0.021	-0.006	0.813
vsOthers	1	0.0	0.872	1.389	1.786	AT5G65510	0.0	0.014	0.02	-0.006	0.813
vsOthers	1	0.0	0.872	-0.301	0.462	AT1G13300	0.0	0.012	0.008	0.003	0.814
vsOthers	1	0.0	0.872	-0.301	0.462	AT3G47600	0.0	0.006	0.008	-0.002	0.814
vsOthers	1	0.0	0.872	-0.301	0.462	AT4G04450	0.0	0.004	0.007	-0.004	0.814
vsOthers	1	0.0	0.872	-0.301	0.462	AT5G67300	0.0	0.006	0.007	-0.001	0.814
vsOthers	1	0.0	0.872	1.155	0.747	AT3G26620	-0.378		0.028	0.002	0.814
vsOthers	1	0.0	0.872	1.389	1.786	AT3G28910	0.0	0.013	0.02	-0.008	0.814
vsOthers	1	0.0	0.872	1.389	1.786	AT5G62470	0.0	0.062	0.053	0.008	0.814
vsOthers	1	0.0	0.872	-0.301	0.462	AT1G01250	0.061	0.016	0.018	-0.003	0.815
vsOthers	1	0.0	0.872	1.389	1.786	AT2G03340	0.0	0.017	0.024	-0.007	0.815
vsOthers	1	0.0	0.872	1.389	1.786	AT5G63090	0.0	0.026	0.021	0.005	0.815
vsOthers	1	0.0	0.872	1.389	1.786	AT1G68670	0.0	0.016	0.021	-0.005	0.816
vsOthers	1	0.0	0.872	1.155	0.747	AT1G65620	0.0		0.006	0.002	0.818
vsOthers	1	0.0	0.872	1.155	0.747	AT2G38300	0.0		0.005	0.001	0.818
vsOthers	1	0.0	0.872	1.155	0.747	AT1G20910	0.087		0.02	0.004	0.82
vsOthers	1	0.0	0.872	-0.301	0.462	AT1G69560	0.0	0.006	0.008	-0.002	0.827
vsOthers	1	0.0	0.872	1.155	0.747	AT2G01060	0.0		0.034	-0.004	0.827
vsOthers	1	0.0	0.872	1.155	0.747	AT3G12130	0.0		0.036	-0.003	0.827
vsOthers	1	0.0	0.872	-0.301	0.462	AT2G42590	-0.472	0.005	0.007	-0.002	0.828
vsOthers	1	0.0	0.872	1.389	1.786	AT1G24250	0.0	0.021	0.02	0.001	0.828
vsOthers	1	0.0	0.872	1.389	1.786	AT4G05100	0.0	0.027	0.02	0.007	0.828
vsOthers	1	0.0	0.872	-0.301	0.462	AT1G31140	0.0	0.035	0.038	-0.003	0.829
vsOthers	1	0.0	0.872	1.155	0.747	AT1G13300	0.0		0.01	-0.002	0.829
vsOthers	1	0.0	0.872	1.155	0.747	AT4G38620	0.0		0.008	-0.002	0.829
vsOthers	1	0.0	0.872	1.155	0.747	AT5G67300	0.0		0.005	0.002	0.829
vsOthers	1	0.0	0.872	1.389	1.786	AT1G20980	0.0	0.02	0.024	-0.003	0.829
vsOthers	1	0.0	0.872	1.389	1.786	AT1G25580	0.0	0.02	0.026	-0.006	0.829
vsOthers	1	0.0	0.872	1.155	0.747	AT5G06960	0.0		0.03	0.003	0.83
vsOthers	1	0.0	0.872	-0.301	0.462	AT1G18330	-0.101	0.034	0.037	-0.003	0.831
vsOthers	1	0.0	0.872	-0.301	0.462	AT3G12730	0.0	0.044	0.04	0.004	0.831
vsOthers	1	0.0	0.872	1.389	1.786	AT1G27730	0.0	0.072	0.066	0.006	0.831
vsOthers	1	0.0	0.872	-0.301	0.462	AT5G17800	-0.153	0.035	0.039	-0.004	0.832
vsOthers	1	0.0	0.872	1.155	0.747	AT2G45650	0.0		0.011	-0.002	0.832
vsOthers	1	0.0	0.872	-0.301	0.462	AT2G18380	0.0	0.045	0.041	0.003	0.834
vsOthers	1	0.0	0.872	1.155	0.747	AT5G18450	0.0		0.033	0.003	0.834
vsOthers	1	0.0	0.872	-0.301	0.462	AT3G16280	0.0	0.039	0.044	-0.005	0.838
vsOthers	1	0.0	0.872	-0.301	0.462	AT5G50570	0.025	0.013	0.012	0.001	0.838
vsOthers	1	0.0	0.872	1.155	0.747	AT4G01500	0.0		0.01	-0.001	0.839
vsOthers	1	0.0	0.872	1.155	0.747	AT5G66730	0.0		0.041	-0.003	0.839
vsOthers	1	0.0	0.872	1.389	1.786	AT4G26640	0.0	0.021	0.029	-0.008	0.839
vsOthers	1	0.0	0.872	-0.301	0.462	AT2G17950	0.0	0.009	0.011	-0.002	0.84
vsOthers	1	0.0	0.872	-0.301	0.462	AT3G01530	0.309	0.043	0.041	0.002	0.84
vsOthers	1	0.0	0.872	1.389	1.786	AT1G20910	0.0	0.019	0.023	-0.004	0.84
vsOthers	1	0.0	0.872	1.389	1.786	AT3G26620	0.0	0.025	0.03	-0.006	0.84
vsOthers	1	0.0	0.872	-0.301	0.462	AT1G26960	0.0	0.044	0.042	0.003	0.841
vsOthers	1	0.0	0.872	1.155	0.747	AT1G31140	0.0		0.035	0.004	0.843
vsOthers	1	0.0	0.872	1.155	0.747	AT4G00250	0.0		0.046	-0.003	0.844
vsOthers	1	0.0	0.872	-0.301	0.462	AT4G14770	0.0	0.053	0.05	0.004	0.845
vsOthers	1	0.0	0.872	1.155	0.747	AT4G37180	0.0		0.049	-0.004	0.846
vsOthers	1	0.0	0.872	-0.301	0.462	AT1G14687	0.0	0.049	0.046	0.003	0.847
vsOthers	1	0.0	0.872	-0.301	0.462	AT5G39820	0.0	0.012	0.013	-0.001	0.847
vsOthers	1	0.0	0.872	1.155	0.747	AT4G28140	0.0		0.009	0.002	0.848
vsOthers	1	0.0	0.872	-0.301	0.462	AT2G31230	0.0	0.056	0.052	0.004	0.849
vsOthers	1	0.0	0.872	1.155	0.747	AT2G15740	0.0		0.051	-0.005	0.849
vsOthers	1	0.0	0.872	1.389	1.786	AT1G12610	0.0	0.034	0.029	0.005	0.849
vsOthers	1	0.0	0.872	1.389	1.786	AT2G01060	0.0	0.038	0.031	0.007	0.849
vsOthers	1	0.0	0.872	1.389	1.786	AT3G23240	0.0	0.024	0.031	-0.007	0.849
vsOthers	1	0.0	0.872	1.389	1.786	AT4G01680	0.0	0.035	0.029	0.006	0.849
vsOthers	1	0.0	0.872	1.389	1.786	AT5G45300	0.0	0.022	0.027	-0.005	0.849
vsOthers	1	0.0	0.872	1.155	0.747	AT5G62940	0.0		0.048	-0.004	0.85
vsOthers	1	0.0	0.872	1.389	1.786	AT3G13810	0.0	0.023	0.029	-0.007	0.85
vsOthers	1	0.0	0.872	-0.301	0.462	AT5G60850	-0.44	0.057	0.06	-0.004	0.853
vsOthers	1	0.0	0.872	1.155	0.747	AT1G13400	0.0		0.01	-0.001	0.853
vsOthers	1	0.0	0.872	1.155	0.747	AT5G08130	0.0		0.01	-0.002	0.853
vsOthers	1	0.0	0.872	1.155	0.747	AT2G41690	0.0		0.008	0.001	0.854
vsOthers	1	0.0	0.872	1.155	0.747	AT4G18890	0.0		0.007	-0.001	0.854
vsOthers	1	0.0	0.872	1.155	0.747	AT5G06100	0.233		0.039	0.005	0.854
vsOthers	1	0.0	0.872	-0.301	0.462	AT3G58630	0.0	0.014	0.015	-0.002	0.855
vsOthers	1	0.0	0.872	-0.301	0.462	AT3G60530	0.0	0.013	0.011	0.002	0.855
vsOthers	1	0.0	0.872	-0.301	0.462	AT5G02460	0.0	0.06	0.055	0.005	0.855
vsOthers	1	0.0	0.872	1.155	0.747	AT1G74840	0.074		0.057	-0.005	0.856
vsOthers	1	0.0	0.872	1.389	1.786	AT2G02070	0.0	0.04	0.037	0.003	0.856
vsOthers	1	0.0	0.872	1.389	1.786	AT2G20400	0.0	0.029	0.037	-0.008	0.856
vsOthers	1	0.0	0.872	1.155	0.747	AT1G52880	0.0		0.05	-0.003	0.857
vsOthers	1	0.0	0.872	1.389	1.786	AT1G55110	0.0	0.031	0.038	-0.007	0.857
vsOthers	1	0.0	0.872	1.389	1.786	AT3G08500	0.0	0.037	0.03	0.007	0.857
vsOthers	1	0.0	0.872	-0.301	0.462	AT5G22990	0.0	0.068	0.065	0.003	0.858
vsOthers	1	0.0	0.872	1.155	0.747	AT3G04030	0.0		0.055	-0.004	0.858
vsOthers	1	0.0	0.872	1.155	0.747	AT3G11440	0.0		0.05	-0.003	0.858
vsOthers	1	0.0	0.872	-0.301	0.462	AT5G67190	1.209	0.064	0.06	0.004	0.859
vsOthers	1	0.0	0.872	1.155	0.747	AT5G39820	0.0		0.012	0.002	0.859
vsOthers	1	0.0	0.872	1.155	0.747	AT2G31230	0.0		0.055	-0.003	0.86
vsOthers	1	0.0	0.872	1.155	0.747	AT5G63260	0.0		0.057	-0.002	0.863
vsOthers	1	0.0	0.872	1.389	1.786	AT3G12730	0.0	0.036	0.041	-0.005	0.863
vsOthers	1	0.0	0.872	1.389	1.786	AT3G61150	0.0	0.033	0.043	-0.009	0.863
vsOthers	1	0.0	0.872	1.389	1.786	AT4G37180	0.0	0.05	0.046	0.005	0.863
vsOthers	1	0.0	0.872	1.389	1.786	AT5G17800	0.0	0.043	0.038	0.005	0.863
vsOthers	1	0.0	0.872	1.389	1.786	AT5G29000	0.0	0.036	0.038	-0.002	0.863
vsOthers	1	0.0	0.872	1.155	0.747	AT5G60850	0.0		0.057	0.004	0.864
vsOthers	1	0.0	0.872	-0.301	0.462	AT3G50700	0.0	0.017	0.014	0.002	0.867
vsOthers	1	0.0	0.872	1.389	1.786	AT1G09540	0.0	0.039	0.041	-0.002	0.868
vsOthers	1	0.0	0.872	1.389	1.786	AT2G44940	0.0	0.045	0.042	0.003	0.868
vsOthers	1	0.0	0.872	1.389	1.786	AT3G16280	0.0	0.04	0.043	-0.003	0.868
vsOthers	1	0.0	0.872	1.389	1.786	AT3G47500	0.0	0.057	0.048	0.009	0.868
vsOthers	1	0.0	0.872	1.389	1.786	AT5G58900	0.0	0.051	0.049	0.002	0.868
vsOthers	1	0.0	0.872	1.389	1.786	AT5G62940	0.0	0.052	0.045	0.007	0.868
vsOthers	1	0.0	0.872	1.155	0.747	AT2G43000	0.0		0.064	0.002	0.869
vsOthers	1	0.0	0.872	1.389	1.786	AT3G10580	0.0	0.049	0.044	0.005	0.869
vsOthers	1	0.0	0.872	-0.301	0.462	AT3G20310	-0.015	0.087	0.085	0.002	0.87
vsOthers	1	0.0	0.872	1.155	0.747	AT1G28370	0.0		0.073	-0.003	0.87
vsOthers	1	0.0	0.872	1.389	1.786	AT3G60490	0.0	0.039	0.044	-0.006	0.87
vsOthers	1	0.0	0.872	-0.301	0.462	AT1G13260	0.0	0.038	0.042	-0.004	0.871
vsOthers	1	0.0	0.872	1.155	0.747	AT3G12250	0.0		0.07	-0.003	0.873
vsOthers	1	0.0	0.872	1.389	1.786	AT1G74840	0.0	0.048	0.055	-0.007	0.873
vsOthers	1	0.0	0.872	1.389	1.786	AT2G20110	0.0	0.044	0.052	-0.007	0.873
vsOthers	1	0.0	0.872	1.389	1.786	AT5G18270	0.0	0.036	0.045	-0.009	0.873
vsOthers	1	0.0	0.872	1.155	0.747	AT5G10030	0.0		0.072	-0.003	0.874
vsOthers	1	0.0	0.872	-0.301	0.462	AT1G71450	0.0	0.091	0.088	0.003	0.875
vsOthers	1	0.0	0.872	1.155	0.747	AT3G50700	0.117		0.015	0.0	0.877
vsOthers	1	0.0	0.872	1.389	1.786	AT1G69570	0.0	0.124	0.133	-0.009	0.877
vsOthers	1	0.0	0.872	1.389	1.786	AT1G74650	0.0	0.049	0.051	-0.002	0.877
vsOthers	1	0.0	0.872	1.389	1.786	AT5G66940	0.0	0.049	0.052	-0.003	0.877
vsOthers	1	0.0	0.872	1.389	1.786	AT2G28810	0.0	0.06	0.054	0.005	0.878
vsOthers	1	0.0	0.872	-0.301	0.462	AT1G68670	0.0	0.022	0.02	0.002	0.879
vsOthers	1	0.0	0.872	1.155	0.747	AT3G20310	0.0		0.087	-0.003	0.88
vsOthers	1	0.0	0.872	1.155	0.747	AT3G15210	0.0		0.089	-0.003	0.881
vsOthers	1	0.0	0.872	1.155	0.747	AT5G61600	0.0		0.039	0.002	0.881
vsOthers	1	0.0	0.872	1.389	1.786	AT3G28920	0.0	0.054	0.055	-0.001	0.881
vsOthers	1	0.0	0.872	1.389	1.786	AT5G23930	0.0	0.054	0.061	-0.007	0.881
vsOthers	1	0.0	0.872	1.389	1.786	AT5G60850	0.0	0.056	0.06	-0.004	0.881
vsOthers	1	0.0	0.872	-0.301	0.462	AT1G44830	1.69	0.019	0.016	0.003	0.883
vsOthers	1	0.0	0.872	-0.301	0.462	AT2G33550	0.0	0.016	0.018	-0.001	0.883
vsOthers	1	0.0	0.872	1.389	1.786	AT1G12630	0.0	0.073	0.064	0.008	0.884
vsOthers	1	0.0	0.872	1.389	1.786	AT3G55370	0.0	0.051	0.059	-0.008	0.884
vsOthers	1	0.0	0.872	1.389	1.786	AT4G36780	0.0	0.048	0.055	-0.007	0.884
vsOthers	1	0.0	0.872	1.389	1.786	AT2G02540	0.0	0.064	0.058	0.006	0.885
vsOthers	1	0.0	0.872	-0.301	0.462	AT1G04880	0.0	0.017	0.02	-0.002	0.889
vsOthers	1	0.0	0.872	1.155	0.747	AT1G19790	0.0		0.018	-0.002	0.892
vsOthers	1	0.0	0.872	-0.301	0.462	AT4G06746	0.151	0.069	0.066	0.004	0.897
vsOthers	1	0.0	0.872	-0.301	0.462	AT5G65130	0.108	0.028	0.026	0.002	0.897
vsOthers	1	0.0	0.872	1.155	0.747	AT1G04880	0.0		0.018	0.001	0.897
vsOthers	1	0.0	0.872	1.155	0.747	AT2G06200	0.0		0.017	0.003	0.897
vsOthers	1	0.0	0.872	-0.301	0.462	AT1G25550	-0.054	0.029	0.029	0.001	0.899
vsOthers	1	0.0	0.872	1.155	0.747	AT5G04390	0.0		0.025	0.002	0.904
vsOthers	1	0.0	0.872	-0.301	0.462	AT2G01060	0.0	0.033	0.031	0.002	0.906
vsOthers	1	0.0	0.872	-0.301	0.462	AT5G18450	0.071	0.037	0.034	0.003	0.909
vsOthers	1	0.0	0.872	-0.301	0.462	AT3G12720	0.834	0.031	0.034	-0.003	0.913
vsOthers	1	0.0	0.872	-0.301	0.462	AT5G60130	0.0	0.035	0.038	-0.003	0.913
vsOthers	1	0.0	0.872	-0.301	0.462	AT2G40260	0.0	0.042	0.039	0.002	0.915
vsOthers	1	0.0	0.872	-0.301	0.462	AT5G29000	0.0	0.039	0.037	0.002	0.915
vsOthers	1	0.0	0.872	-0.301	0.462	AT4G37180	0.0	0.048	0.046	0.003	0.916
vsOthers	1	0.0	0.872	-0.301	0.462	AT2G18350	0.0	0.042	0.039	0.003	0.917
vsOthers	1	0.0	0.872	-0.301	0.462	AT5G52660	-0.14	0.041	0.043	-0.002	0.917
vsOthers	1	0.0	0.872	1.155	0.747	AT1G47655	0.0		0.033	-0.001	0.918
vsOthers	1	0.0	0.872	1.155	0.747	AT2G02070	0.0		0.038	-0.001	0.918
vsOthers	1	0.0	0.872	-0.301	0.462	AT5G62940	0.0	0.047	0.045	0.002	0.919
vsOthers	1	0.0	0.872	-0.301	0.462	AT5G06100	0.0	0.045	0.041	0.004	0.921
vsOthers	1	0.0	0.872	1.155	0.747	AT1G69180	-1.612		0.034	-0.0	0.921
vsOthers	1	0.0	0.872	1.155	0.747	AT2G03500	0.0		0.039	-0.001	0.921
vsOthers	1	0.0	0.872	1.155	0.747	AT3G12730	0.0		0.042	-0.002	0.922
vsOthers	1	0.0	0.872	1.155	0.747	AT5G17800	0.0		0.037	0.002	0.922
vsOthers	1	0.0	0.872	-0.301	0.462	AT5G09410	0.0	0.045	0.045	-0.0	0.923
vsOthers	1	0.0	0.872	1.155	0.747	AT2G18380	0.0		0.04	0.003	0.923
vsOthers	1	0.0	0.872	-0.301	0.462	AT2G23340	0.0	0.05	0.048	0.002	0.924
vsOthers	1	0.0	0.872	1.155	0.747	AT2G18350	0.0		0.041	-0.001	0.924
vsOthers	1	0.0	0.872	-0.301	0.462	AT5G66940	0.0	0.05	0.053	-0.003	0.925
vsOthers	1	0.0	0.872	1.155	0.747	AT1G71696	0.0		0.04	-0.001	0.925
vsOthers	1	0.0	0.872	1.155	0.747	AT3G44480	0.0		0.044	-0.002	0.925
vsOthers	1	0.0	0.872	-0.301	0.462	AT4G38000	0.0	0.054	0.056	-0.002	0.926
vsOthers	1	0.0	0.872	-0.301	0.462	AT5G17300	0.006	0.142	0.138	0.004	0.926
vsOthers	1	0.0	0.872	-0.301	0.462	AT3G28920	0.0	0.054	0.055	-0.001	0.927
vsOthers	1	0.0	0.872	1.155	0.747	AT1G26960	0.0		0.043	-0.001	0.927
vsOthers	1	0.0	0.872	1.155	0.747	AT1G75240	-0.209		0.05	0.003	0.93
vsOthers	1	0.0	0.872	1.155	0.747	AT2G23340	0.0		0.047	0.002	0.93
vsOthers	1	0.0	0.872	1.155	0.747	AT3G09600	0.0		0.048	0.003	0.93
vsOthers	1	0.0	0.872	1.155	0.747	AT4G18770	0.26		0.048	-0.002	0.93
vsOthers	1	0.0	0.872	1.155	0.747	AT2G28810	0.0		0.056	-0.002	0.931
vsOthers	1	0.0	0.872	1.155	0.747	AT5G06839	0.426		0.055	0.002	0.931
vsOthers	1	0.0	0.872	1.155	0.747	AT5G65210	0.0		0.055	-0.002	0.931
vsOthers	1	0.0	0.872	1.155	0.747	AT5G66940	0.0		0.05	0.003	0.931
vsOthers	1	0.0	0.872	1.155	0.747	AT1G64620	0.0		0.059	0.002	0.932
vsOthers	1	0.0	0.872	1.155	0.747	AT5G65410	-0.069		0.053	0.001	0.932
vsOthers	1	0.0	0.872	1.155	0.747	AT3G28920	0.0		0.054	0.001	0.933
vsOthers	1	0.0	0.872	-0.301	0.462	AT5G25190	0.354	0.189	0.185	0.004	0.934
vsOthers	1	0.0	0.872	1.155	0.747	AT1G69010	0.0		0.053	0.002	0.934
vsOthers	1	0.0	0.872	1.155	0.747	AT1G08320	0.0		0.071	-0.002	0.935
vsOthers	1	0.0	0.872	1.155	0.747	AT3G55370	0.0		0.056	0.003	0.935
vsOthers	1	0.0	0.872	1.155	0.747	AT1G68550	0.205		0.071	-0.002	0.936
vsOthers	1	0.0	0.872	1.155	0.747	AT1G71450	-0.147		0.087	0.001	0.942
vsOthers	1	0.0	0.872	-0.301	0.462	AT1G01060	0.0	0.052	0.052	0.0	1.0
vsOthers	1	0.0	0.872	-0.301	0.462	AT1G10720	0.0	0.001	0.001	-0.001	1.0
vsOthers	1	0.0	0.872	-0.301	0.462	AT1G13400	0.0	0.009	0.009	-0.0	1.0
vsOthers	1	0.0	0.872	-0.301	0.462	AT1G17950	0.0	0.0	0.0	-0.0	1.0
vsOthers	1	0.0	0.872	-0.301	0.462	AT1G25340	0.0	0.029	0.028	0.001	1.0
vsOthers	1	0.0	0.872	-0.301	0.462	AT1G30210	0.0	0.0	0.0	-0.0	1.0
vsOthers	1	0.0	0.872	-0.301	0.462	AT1G46264	0.0	0.001	0.002	-0.001	1.0
vsOthers	1	0.0	0.872	-0.301	0.462	AT1G47870	0.0	0.0	0.0	-0.0	1.0
vsOthers	1	0.0	0.872	-0.301	0.462	AT1G60920	0.0	0.0	0.001	-0.001	1.0
vsOthers	1	0.0	0.872	-0.301	0.462	AT1G64620	0.0	0.061	0.06	0.001	1.0
vsOthers	1	0.0	0.872	-0.301	0.462	AT1G66420	0.0	0.0	0.0	-0.0	1.0
vsOthers	1	0.0	0.872	-0.301	0.462	AT1G67260	0.0	0.0	0.001	-0.001	1.0
vsOthers	1	0.0	0.872	-0.301	0.462	AT1G70910	0.0	0.0	0.001	-0.001	1.0
vsOthers	1	0.0	0.872	-0.301	0.462	AT1G72360	0.0	0.005	0.006	-0.0	1.0
vsOthers	1	0.0	0.872	-0.301	0.462	AT2G02070	-0.229	0.038	0.037	0.0	1.0
vsOthers	1	0.0	0.872	-0.301	0.462	AT2G03500	0.0	0.038	0.038	0.0	1.0
vsOthers	1	0.0	0.872	-0.301	0.462	AT2G17900	0.0	0.0	0.001	-0.001	1.0
vsOthers	1	0.0	0.872	-0.301	0.462	AT2G28810	0.0	0.055	0.055	0.001	1.0
vsOthers	1	0.0	0.872	-0.301	0.462	AT2G39900	0.0	0.003	0.002	0.001	1.0
vsOthers	1	0.0	0.872	-0.301	0.462	AT2G41690	0.0	0.009	0.009	0.001	1.0
vsOthers	1	0.0	0.872	-0.301	0.462	AT2G41835	0.0	0.001	0.002	-0.001	1.0
vsOthers	1	0.0	0.872	-0.301	0.462	AT2G46400	0.0	0.003	0.005	-0.002	1.0
vsOthers	1	0.0	0.872	-0.301	0.462	AT2G48100	0.0	0.0	0.0	-0.0	1.0
vsOthers	1	0.0	0.872	-0.301	0.462	AT3G07220	0.0	0.0	0.001	-0.001	1.0
vsOthers	1	0.0	0.872	-0.301	0.462	AT3G09230	0.0	0.0	0.001	-0.001	1.0
vsOthers	1	0.0	0.872	-0.301	0.462	AT3G09600	0.0	0.051	0.05	0.001	1.0
vsOthers	1	0.0	0.872	-0.301	0.462	AT3G13040	0.0	0.001	0.002	-0.0	1.0
vsOthers	1	0.0	0.872	-0.301	0.462	AT3G21175	0.0	0.016	0.015	0.002	1.0
vsOthers	1	0.0	0.872	-0.301	0.462	AT3G21890	0.0	0.107	0.108	-0.001	1.0
vsOthers	1	0.0	0.872	-0.301	0.462	AT3G23210	0.0	0.009	0.01	-0.002	1.0
vsOthers	1	0.0	0.872	-0.301	0.462	AT3G26620	0.0	0.029	0.03	-0.001	1.0
vsOthers	1	0.0	0.872	-0.301	0.462	AT3G46070	0.0	0.001	0.001	0.001	1.0
vsOthers	1	0.0	0.872	-0.301	0.462	AT3G47620	0.0	0.001	0.001	-0.001	1.0
vsOthers	1	0.0	0.872	-0.301	0.462	AT3G49930	0.0	0.0	0.0	-0.0	1.0
vsOthers	1	0.0	0.872	-0.301	0.462	AT3G50410	0.0	0.035	0.036	-0.001	1.0
vsOthers	1	0.0	0.872	-0.301	0.462	AT3G53200	0.015	0.041	0.041	0.0	1.0
vsOthers	1	0.0	0.872	-0.301	0.462	AT3G55370	-0.148	0.058	0.059	-0.001	1.0
vsOthers	1	0.0	0.872	-0.301	0.462	AT3G61120	0.0	0.004	0.004	0.0	1.0
vsOthers	1	0.0	0.872	-0.301	0.462	AT4G01500	0.0	0.01	0.009	0.0	1.0
vsOthers	1	0.0	0.872	-0.301	0.462	AT4G12670	0.0	0.0	0.0	-0.0	1.0
vsOthers	1	0.0	0.872	-0.301	0.462	AT4G14410	0.0	0.0	0.0	0.0	1.0
vsOthers	1	0.0	0.872	-0.301	0.462	AT4G28140	0.0	0.01	0.01	0.0	1.0
vsOthers	1	0.0	0.872	-0.301	0.462	AT4G37790	0.0	0.0	0.0	-0.0	1.0
vsOthers	1	0.0	0.872	-0.301	0.462	AT5G02840	0.0	0.02	0.021	-0.001	1.0
vsOthers	1	0.0	0.872	-0.301	0.462	AT5G08070	0.0	0.001	0.002	-0.001	1.0
vsOthers	1	0.0	0.872	-0.301	0.462	AT5G10140	0.0	0.006	0.007	-0.001	1.0
vsOthers	1	0.0	0.872	-0.301	0.462	AT5G13790	0.0	0.016	0.017	-0.001	1.0
vsOthers	1	0.0	0.872	-0.301	0.462	AT5G22890	0.0	0.001	0.001	0.0	1.0
vsOthers	1	0.0	0.872	-0.301	0.462	AT5G38800	0.0	0.0	0.0	0.0	1.0
vsOthers	1	0.0	0.872	-0.301	0.462	AT5G42820	0.0	0.0	0.001	-0.001	1.0
vsOthers	1	0.0	0.872	-0.301	0.462	AT5G48670	0.0	0.0	0.001	-0.001	1.0
vsOthers	1	0.0	0.872	-0.301	0.462	AT5G49300	0.0	0.0	0.0	-0.0	1.0
vsOthers	1	0.0	0.872	-0.301	0.462	AT5G61600	0.0	0.041	0.04	0.001	1.0
vsOthers	1	0.0	0.872	-0.301	0.462	AT5G62165	0.0	0.001	0.0	0.0	1.0
vsOthers	1	0.0	0.872	-0.301	0.462	AT5G67450	0.0	0.011	0.011	0.0	1.0
vsOthers	1	0.0	0.872	1.155	0.747	AT1G06850	0.293		0.041	0.001	1.0
vsOthers	1	0.0	0.872	1.155	0.747	AT1G17950	0.0		0.0	0.0	1.0
vsOthers	1	0.0	0.872	1.155	0.747	AT1G25550	0.0		0.029	-0.001	1.0
vsOthers	1	0.0	0.872	1.155	0.747	AT1G30210	0.0		0.0	0.0	1.0
vsOthers	1	0.0	0.872	1.155	0.747	AT1G32510	0.0		0.001	0.001	1.0
vsOthers	1	0.0	0.872	1.155	0.747	AT1G47870	0.0		0.0	0.0	1.0
vsOthers	1	0.0	0.872	1.155	0.747	AT1G49560	0.001		0.043	-0.0	1.0
vsOthers	1	0.0	0.872	1.155	0.747	AT1G60920	0.0		0.001	-0.0	1.0
vsOthers	1	0.0	0.872	1.155	0.747	AT1G66420	0.0		0.0	-0.0	1.0
vsOthers	1	0.0	0.872	1.155	0.747	AT1G67260	0.0		0.0	0.001	1.0
vsOthers	1	0.0	0.872	1.155	0.747	AT1G68670	0.059		0.02	-0.0	1.0
vsOthers	1	0.0	0.872	1.155	0.747	AT1G69560	0.0		0.007	0.0	1.0
vsOthers	1	0.0	0.872	1.155	0.747	AT1G70910	0.0		0.0	0.001	1.0
vsOthers	1	0.0	0.872	1.155	0.747	AT1G75490	0.0		0.038	0.001	1.0
vsOthers	1	0.0	0.872	1.155	0.747	AT2G17900	0.0		0.001	0.001	1.0
vsOthers	1	0.0	0.872	1.155	0.747	AT2G17950	0.0		0.011	-0.0	1.0
vsOthers	1	0.0	0.872	1.155	0.747	AT2G23290	0.0		0.052	0.001	1.0
vsOthers	1	0.0	0.872	1.155	0.747	AT2G32460	0.0		0.033	0.001	1.0
vsOthers	1	0.0	0.872	1.155	0.747	AT2G39900	0.0		0.002	0.0	1.0
vsOthers	1	0.0	0.872	1.155	0.747	AT2G41835	0.0		0.001	0.0	1.0
vsOthers	1	0.0	0.872	1.155	0.747	AT2G42590	0.0		0.007	-0.001	1.0
vsOthers	1	0.0	0.872	1.155	0.747	AT2G46400	0.0		0.005	-0.0	1.0
vsOthers	1	0.0	0.872	1.155	0.747	AT2G48100	0.0		0.0	0.0	1.0
vsOthers	1	0.0	0.872	1.155	0.747	AT3G07220	0.0		0.0	0.001	1.0
vsOthers	1	0.0	0.872	1.155	0.747	AT3G09230	0.0		0.0	0.001	1.0
vsOthers	1	0.0	0.872	1.155	0.747	AT3G13040	0.0		0.001	0.001	1.0
vsOthers	1	0.0	0.872	1.155	0.747	AT3G21175	0.0		0.015	0.001	1.0
vsOthers	1	0.0	0.872	1.155	0.747	AT3G22780	0.0		0.001	0.001	1.0
vsOthers	1	0.0	0.872	1.155	0.747	AT3G45610	0.0		0.052	-0.0	1.0
vsOthers	1	0.0	0.872	1.155	0.747	AT3G47620	0.0		0.001	0.001	1.0
vsOthers	1	0.0	0.872	1.155	0.747	AT3G49930	0.0		0.0	-0.0	1.0
vsOthers	1	0.0	0.872	1.155	0.747	AT3G57600	0.0		0.007	-0.001	1.0
vsOthers	1	0.0	0.872	1.155	0.747	AT3G61120	0.0		0.003	0.001	1.0
vsOthers	1	0.0	0.872	1.155	0.747	AT4G06746	-0.125		0.068	-0.002	1.0
vsOthers	1	0.0	0.872	1.155	0.747	AT4G12670	0.0		0.0	0.0	1.0
vsOthers	1	0.0	0.872	1.155	0.747	AT4G14410	0.0		0.0	0.0	1.0
vsOthers	1	0.0	0.872	1.155	0.747	AT4G14770	0.0		0.05	0.0	1.0
vsOthers	1	0.0	0.872	1.155	0.747	AT4G34410	0.0		0.069	0.0	1.0
vsOthers	1	0.0	0.872	1.155	0.747	AT4G37790	0.0		0.0	0.001	1.0
vsOthers	1	0.0	0.872	1.155	0.747	AT4G38170	0.0		0.048	-0.001	1.0
vsOthers	1	0.0	0.872	1.155	0.747	AT4G38910	0.0		0.001	-0.0	1.0
vsOthers	1	0.0	0.872	1.155	0.747	AT5G02460	0.0		0.056	0.001	1.0
vsOthers	1	0.0	0.872	1.155	0.747	AT5G13910	0.0		0.008	-0.0	1.0
vsOthers	1	0.0	0.872	1.155	0.747	AT5G22890	0.0		0.001	-0.0	1.0
vsOthers	1	0.0	0.872	1.155	0.747	AT5G29000	0.0		0.038	-0.001	1.0
vsOthers	1	0.0	0.872	1.155	0.747	AT5G38800	0.0		0.0	0.0	1.0
vsOthers	1	0.0	0.872	1.155	0.747	AT5G38860	0.0		0.003	-0.001	1.0
vsOthers	1	0.0	0.872	1.155	0.747	AT5G40330	0.0		0.0	0.001	1.0
vsOthers	1	0.0	0.872	1.155	0.747	AT5G42820	0.0		0.0	0.001	1.0
vsOthers	1	0.0	0.872	1.155	0.747	AT5G44210	0.0		0.028	-0.001	1.0
vsOthers	1	0.0	0.872	1.155	0.747	AT5G49300	0.0		0.0	0.0	1.0
vsOthers	1	0.0	0.872	1.155	0.747	AT5G50570	0.0		0.012	0.0	1.0
vsOthers	1	0.0	0.872	1.155	0.747	AT5G58620	0.0		0.0	0.001	1.0
vsOthers	1	0.0	0.872	1.155	0.747	AT5G62165	0.0		0.0	-0.0	1.0
vsOthers	1	0.0	0.872	1.155	0.747	AT5G67000	0.0		0.0	0.001	1.0
vsOthers	1	0.0	0.872	1.155	0.747	AT5G67580	0.0		0.028	0.001	1.0
vsOthers	1	0.0	0.872	1.389	1.786	AT1G03840	0.0	0.028	0.03	-0.002	1.0
vsOthers	1	0.0	0.872	1.389	1.786	AT1G04880	0.0	0.021	0.019	0.002	1.0
vsOthers	1	0.0	0.872	1.389	1.786	AT1G08010	0.0	0.026	0.026	0.001	1.0
vsOthers	1	0.0	0.872	1.389	1.786	AT1G10720	0.0	0.0	0.001	-0.001	1.0
vsOthers	1	0.0	0.872	1.389	1.786	AT1G13400	0.0	0.012	0.009	0.004	1.0
vsOthers	1	0.0	0.872	1.389	1.786	AT1G17950	0.0	0.0	0.0	-0.0	1.0
vsOthers	1	0.0	0.872	1.389	1.786	AT1G25550	0.0	0.029	0.029	0.0	1.0
vsOthers	1	0.0	0.872	1.389	1.786	AT1G26960	0.0	0.039	0.043	-0.004	1.0
vsOthers	1	0.0	0.872	1.389	1.786	AT1G30210	0.0	0.0	0.0	-0.0	1.0
vsOthers	1	0.0	0.872	1.389	1.786	AT1G31140	0.0	0.034	0.037	-0.003	1.0
vsOthers	1	0.0	0.872	1.389	1.786	AT1G32510	0.0	0.0	0.001	-0.001	1.0
vsOthers	1	0.0	0.872	1.389	1.786	AT1G32870	0.0	0.041	0.043	-0.002	1.0
vsOthers	1	0.0	0.872	1.389	1.786	AT1G43700	0.0	0.017	0.012	0.005	1.0
vsOthers	1	0.0	0.872	1.389	1.786	AT1G46264	0.0	0.0	0.002	-0.002	1.0
vsOthers	1	0.0	0.872	1.389	1.786	AT1G47870	0.0	0.0	0.0	-0.0	1.0
vsOthers	1	0.0	0.872	1.389	1.786	AT1G63040	0.0	0.0	0.001	-0.001	1.0
vsOthers	1	0.0	0.872	1.389	1.786	AT1G65620	0.0	0.005	0.008	-0.003	1.0
vsOthers	1	0.0	0.872	1.389	1.786	AT1G67260	0.0	0.0	0.001	-0.001	1.0
vsOthers	1	0.0	0.872	1.389	1.786	AT1G69780	0.0	0.046	0.046	-0.0	1.0
vsOthers	1	0.0	0.872	1.389	1.786	AT1G70910	0.0	0.0	0.001	-0.001	1.0
vsOthers	1	0.0	0.872	1.389	1.786	AT1G70920	0.0	0.034	0.037	-0.002	1.0
vsOthers	1	0.0	0.872	1.389	1.786	AT1G74370	0.0	0.002	0.001	0.001	1.0
vsOthers	1	0.0	0.872	1.389	1.786	AT1G76110	0.0	0.016	0.018	-0.002	1.0
vsOthers	1	0.0	0.872	1.389	1.786	AT1G76870	0.0	0.003	0.003	-0.0	1.0
vsOthers	1	0.0	0.872	1.389	1.786	AT1G77200	0.0	0.07	0.07	-0.0	1.0
vsOthers	1	0.0	0.872	1.389	1.786	AT1G78700	0.0	0.055	0.054	0.0	1.0
vsOthers	1	0.0	0.872	1.389	1.786	AT1G80840	0.0	0.021	0.024	-0.004	1.0
vsOthers	1	0.0	0.872	1.389	1.786	AT2G02080	0.0	0.04	0.043	-0.002	1.0
vsOthers	1	0.0	0.872	1.389	1.786	AT2G03500	0.0	0.04	0.038	0.002	1.0
vsOthers	1	0.0	0.872	1.389	1.786	AT2G06200	0.0	0.018	0.02	-0.002	1.0
vsOthers	1	0.0	0.872	1.389	1.786	AT2G17900	0.0	0.002	0.001	0.001	1.0
vsOthers	1	0.0	0.872	1.389	1.786	AT2G18350	0.0	0.036	0.04	-0.005	1.0
vsOthers	1	0.0	0.872	1.389	1.786	AT2G21900	0.0	0.004	0.003	0.001	1.0
vsOthers	1	0.0	0.872	1.389	1.786	AT2G22430	0.0	0.05	0.046	0.005	1.0
vsOthers	1	0.0	0.872	1.389	1.786	AT2G24570	0.0	0.007	0.005	0.002	1.0
vsOthers	1	0.0	0.872	1.389	1.786	AT2G31230	0.0	0.051	0.053	-0.002	1.0
vsOthers	1	0.0	0.872	1.389	1.786	AT2G31460	0.0	0.002	0.001	0.001	1.0
vsOthers	1	0.0	0.872	1.389	1.786	AT2G35700	0.0	0.055	0.053	0.002	1.0
vsOthers	1	0.0	0.872	1.389	1.786	AT2G38090	0.0	0.0	0.001	-0.001	1.0
vsOthers	1	0.0	0.872	1.389	1.786	AT2G38880	0.0	0.0	0.002	-0.002	1.0
vsOthers	1	0.0	0.872	1.389	1.786	AT2G39900	0.0	0.0	0.002	-0.002	1.0
vsOthers	1	0.0	0.872	1.389	1.786	AT2G41835	0.0	0.003	0.001	0.001	1.0
vsOthers	1	0.0	0.872	1.389	1.786	AT2G42430	0.0	0.048	0.045	0.003	1.0
vsOthers	1	0.0	0.872	1.389	1.786	AT2G46590	0.0	0.053	0.056	-0.003	1.0
vsOthers	1	0.0	0.872	1.389	1.786	AT2G46680	0.0	0.093	0.093	0.0	1.0
vsOthers	1	0.0	0.872	1.389	1.786	AT2G47070	0.0	0.043	0.041	0.002	1.0
vsOthers	1	0.0	0.872	1.389	1.786	AT2G48100	0.0	0.0	0.0	-0.0	1.0
vsOthers	1	0.0	0.872	1.389	1.786	AT3G01220	0.0	0.047	0.047	0.001	1.0
vsOthers	1	0.0	0.872	1.389	1.786	AT3G03660	0.0	0.0	0.002	-0.002	1.0
vsOthers	1	0.0	0.872	1.389	1.786	AT3G07220	0.0	0.0	0.001	-0.001	1.0
vsOthers	1	0.0	0.872	1.389	1.786	AT3G09230	0.0	0.0	0.001	-0.001	1.0
vsOthers	1	0.0	0.872	1.389	1.786	AT3G12910	0.0	0.0	0.003	-0.003	1.0
vsOthers	1	0.0	0.872	1.389	1.786	AT3G13040	0.0	0.0	0.002	-0.002	1.0
vsOthers	1	0.0	0.872	1.389	1.786	AT3G13350	0.0	0.004	0.004	-0.0	1.0
vsOthers	1	0.0	0.872	1.389	1.786	AT3G20310	0.0	0.087	0.085	0.002	1.0
vsOthers	1	0.0	0.872	1.389	1.786	AT3G20840	0.0	0.004	0.004	-0.0	1.0
vsOthers	1	0.0	0.872	1.389	1.786	AT3G22780	0.0	0.0	0.002	-0.002	1.0
vsOthers	1	0.0	0.872	1.389	1.786	AT3G24120	0.0	0.063	0.061	0.002	1.0
vsOthers	1	0.0	0.872	1.389	1.786	AT3G25990	0.0	0.009	0.014	-0.004	1.0
vsOthers	1	0.0	0.872	1.389	1.786	AT3G30530	0.0	0.0	0.002	-0.002	1.0
vsOthers	1	0.0	0.872	1.389	1.786	AT3G46070	0.0	0.001	0.001	0.0	1.0
vsOthers	1	0.0	0.872	1.389	1.786	AT3G47620	0.0	0.0	0.001	-0.001	1.0
vsOthers	1	0.0	0.872	1.389	1.786	AT3G48160	0.0	0.0	0.002	-0.002	1.0
vsOthers	1	0.0	0.872	1.389	1.786	AT3G49930	0.0	0.001	0.0	0.001	1.0
vsOthers	1	0.0	0.872	1.389	1.786	AT3G50060	0.0	0.124	0.126	-0.002	1.0
vsOthers	1	0.0	0.872	1.389	1.786	AT3G51470	0.0	0.005	0.004	0.0	1.0
vsOthers	1	0.0	0.872	1.389	1.786	AT3G60580	0.0	0.021	0.019	0.002	1.0
vsOthers	1	0.0	0.872	1.389	1.786	AT4G01280	0.0	0.053	0.053	0.0	1.0
vsOthers	1	0.0	0.872	1.389	1.786	AT4G06746	0.0	0.062	0.067	-0.005	1.0
vsOthers	1	0.0	0.872	1.389	1.786	AT4G12670	0.0	0.0	0.0	-0.0	1.0
vsOthers	1	0.0	0.872	1.389	1.786	AT4G14410	0.0	0.0	0.0	0.0	1.0
vsOthers	1	0.0	0.872	1.389	1.786	AT4G17460	0.0	0.01	0.007	0.004	1.0
vsOthers	1	0.0	0.872	1.389	1.786	AT4G24240	0.0	0.004	0.002	0.002	1.0
vsOthers	1	0.0	0.872	1.389	1.786	AT4G30080	0.0	0.0	0.002	-0.002	1.0
vsOthers	1	0.0	0.872	1.389	1.786	AT4G36620	0.0	0.0	0.001	-0.001	1.0
vsOthers	1	0.0	0.872	1.389	1.786	AT4G37790	0.0	0.0	0.0	-0.0	1.0
vsOthers	1	0.0	0.872	1.389	1.786	AT4G38910	0.0	0.0	0.001	-0.001	1.0
vsOthers	1	0.0	0.872	1.389	1.786	AT5G08070	0.0	0.0	0.002	-0.002	1.0
vsOthers	1	0.0	0.872	1.389	1.786	AT5G08130	0.0	0.005	0.009	-0.004	1.0
vsOthers	1	0.0	0.872	1.389	1.786	AT5G10280	0.0	0.012	0.014	-0.002	1.0
vsOthers	1	0.0	0.872	1.389	1.786	AT5G10510	0.0	0.001	0.002	-0.002	1.0
vsOthers	1	0.0	0.872	1.389	1.786	AT5G13180	0.0	0.046	0.046	-0.0	1.0
vsOthers	1	0.0	0.872	1.389	1.786	AT5G14340	0.0	0.005	0.005	-0.0	1.0
vsOthers	1	0.0	0.872	1.389	1.786	AT5G16600	0.0	0.0	0.002	-0.002	1.0
vsOthers	1	0.0	0.872	1.389	1.786	AT5G18090	0.0	0.0	0.001	-0.001	1.0
vsOthers	1	0.0	0.872	1.389	1.786	AT5G22890	0.0	0.0	0.001	-0.001	1.0
vsOthers	1	0.0	0.872	1.389	1.786	AT5G25475	0.0	0.003	0.003	-0.001	1.0
vsOthers	1	0.0	0.872	1.389	1.786	AT5G25830	0.0	0.027	0.027	0.0	1.0
vsOthers	1	0.0	0.872	1.389	1.786	AT5G38800	0.0	0.0	0.0	0.0	1.0
vsOthers	1	0.0	0.872	1.389	1.786	AT5G38860	0.0	0.0	0.003	-0.003	1.0
vsOthers	1	0.0	0.872	1.389	1.786	AT5G40330	0.0	0.0	0.001	-0.001	1.0
vsOthers	1	0.0	0.872	1.389	1.786	AT5G42820	0.0	0.0	0.001	-0.001	1.0
vsOthers	1	0.0	0.872	1.389	1.786	AT5G47220	0.0	0.062	0.06	0.002	1.0
vsOthers	1	0.0	0.872	1.389	1.786	AT5G48670	0.0	0.0	0.001	-0.001	1.0
vsOthers	1	0.0	0.872	1.389	1.786	AT5G49300	0.0	0.0	0.0	-0.0	1.0
vsOthers	1	0.0	0.872	1.389	1.786	AT5G50570	0.0	0.008	0.012	-0.005	1.0
vsOthers	1	0.0	0.872	1.389	1.786	AT5G52170	0.0	0.001	0.002	-0.002	1.0
vsOthers	1	0.0	0.872	1.389	1.786	AT5G58620	0.0	0.001	0.001	-0.0	1.0
vsOthers	1	0.0	0.872	1.389	1.786	AT5G59990	0.0	0.01	0.009	0.001	1.0
vsOthers	1	0.0	0.872	1.389	1.786	AT5G61270	0.0	0.002	0.002	0.0	1.0
vsOthers	1	0.0	0.872	1.389	1.786	AT5G62165	0.0	0.0	0.0	-0.0	1.0
vsOthers	1	0.0	0.872	1.389	1.786	AT5G62320	0.0	0.026	0.027	-0.001	1.0
vsOthers	1	0.0	0.872	1.389	1.786	AT5G67000	0.0	0.0	0.001	-0.001	1.0
