kind	split	from_time	from_value	to_time	to_value	TF	coeff	avg_branch	avg_other	diff	score
2way	0	0.0	1.065			AT1G25580	4.335	0.131	0.013	-0.118	8.56e-10
2way	0	0.0	1.065			AT2G30250	0.485	0.231	0.106	-0.125	1.57e-09
2way	0	0.0	1.065			AT2G38470	0.242	0.202	0.091	-0.111	1.91e-08
2way	0	0.0	1.065			AT4G31800	0.0	0.219	0.123	-0.095	4.18e-06
2way	0	0.0	1.065			AT5G26170	0.193	0.198	0.11	-0.089	9.48e-06
2way	0	0.0	1.065			AT5G13080	0.217	0.206	0.117	-0.089	1.37e-05
2way	0	0.0	1.065			AT1G80840	2.45	0.04	0.003	-0.036	1.63e-05
2way	0	0.0	1.065			AT5G64060	0.759	0.14	0.077	-0.063	0.000239
2way	0	0.0	1.065			AT4G01250	0.423	0.144	0.082	-0.062	0.000418
2way	0	0.0	1.065			AT1G73730	-4.443	0.0	0.017	0.017	0.000826
2way	0	0.0	1.065			AT5G54230	-0.543	0.097	0.156	0.059	0.000901
2way	0	0.0	1.065			AT1G18330	-0.357	0.079	0.129	0.05	0.00212
2way	0	0.0	1.065			AT1G18570	-0.738	0.011	0.033	0.022	0.00577
2way	0	0.0	1.065			AT3G42860	0.0	0.091	0.051	-0.039	0.00715
2way	0	0.0	1.065			AT4G29230	0.977	0.076	0.026	-0.049	0.00723
2way	0	0.0	1.065			AT5G15830	0.0	0.061	0.115	0.054	0.00846
2way	0	0.0	1.065			AT2G04038	-0.513	0.053	0.104	0.052	0.00964
2way	0	0.0	1.065			AT5G17300	-0.1	0.121	0.17	0.049	0.01
2way	0	0.0	1.065			AT3G62420	-0.485	0.062	0.116	0.053	0.012
2way	0	0.0	1.065			AT4G18170	0.161	0.082	0.035	-0.047	0.013
2way	0	0.0	1.065			AT1G32150	0.0	0.064	0.115	0.051	0.016
2way	0	0.0	1.065			AT1G29860	0.0	0.077	0.032	-0.045	0.018
2way	0	0.0	1.065			AT1G62300	0.183	0.072	0.028	-0.044	0.018
2way	0	0.0	1.065			AT4G22070	0.0	0.058	0.02	-0.038	0.021
2way	0	0.0	1.065			AT2G18160	0.0	0.056	0.102	0.046	0.022
2way	0	0.0	1.065			AT5G11260	-0.221	0.054	0.101	0.047	0.022
2way	0	0.0	1.065			AT2G44840	-0.248	0.112	0.154	0.042	0.024
2way	0	0.0	1.065			AT3G01970	0.055	0.076	0.033	-0.043	0.025
2way	0	0.0	1.065			AT2G40740	0.729	0.08	0.037	-0.044	0.028
2way	0	0.0	1.065			AT3G09600	-0.612	0.037	0.076	0.039	0.03
2way	0	0.0	1.065			AT5G61620	-1.032	0.052	0.094	0.042	0.03
2way	0	0.0	1.065			AT2G35530	0.0	0.065	0.111	0.045	0.034
2way	0	0.0	1.065			AT5G02840	-0.562	0.014	0.041	0.027	0.036
2way	0	0.0	1.065			AT2G03340	0.0	0.038	0.011	-0.027	0.041
2way	0	0.0	1.065			AT5G61600	0.0	0.033	0.055	0.022	0.043
2way	0	0.0	1.065			AT4G18770	1.614	0.065	0.028	-0.036	0.046
2way	0	0.0	1.065			AT2G20400	-0.086	0.027	0.058	0.031	0.054
2way	0	0.0	1.065			AT3G10113	0.0	0.03	0.06	0.03	0.058
2way	0	0.0	1.065			AT2G46680	-1.22	0.02	0.048	0.028	0.059
2way	0	0.0	1.065			AT1G01060	0.0	0.038	0.072	0.034	0.06
2way	0	0.0	1.065			AT5G29000	-0.866	0.026	0.057	0.031	0.06
2way	0	0.0	1.065			AT5G08520	-0.395	0.057	0.093	0.036	0.061
2way	0	0.0	1.065			AT5G56840	0.0	0.056	0.092	0.036	0.064
2way	0	0.0	1.065			AT5G47390	-0.038	0.045	0.079	0.034	0.065
2way	0	0.0	1.065			AT1G78700	-0.133	0.044	0.079	0.035	0.07
2way	0	0.0	1.065			AT1G13300	-0.54	0.002	0.013	0.011	0.072
2way	0	0.0	1.065			AT5G09410	1.718	0.061	0.029	-0.033	0.074
2way	0	0.0	1.065			AT2G36270	0.001	0.067	0.105	0.038	0.075
2way	0	0.0	1.065			AT5G66700	-0.902	0.046	0.08	0.034	0.079
2way	0	0.0	1.065			AT1G30490	-1.508	0.022	0.049	0.027	0.083
2way	0	0.0	1.065			AT3G10580	0.0	0.037	0.068	0.031	0.083
2way	0	0.0	1.065			AT4G26640	0.0	0.042	0.017	-0.025	0.084
2way	0	0.0	1.065			AT5G08750	2.374	0.015	0.002	-0.013	0.085
2way	0	0.0	1.065			AT2G46130	0.0	0.028	0.008	-0.019	0.089
2way	0	0.0	1.065			AT3G27785	0.0	0.055	0.028	-0.027	0.09
2way	0	0.0	1.065			AT1G28470	0.0	0.079	0.048	-0.032	0.093
2way	0	0.0	1.065			AT2G28920	0.0	0.011	0.029	0.018	0.094
2way	0	0.0	1.065			AT5G58850	0.0	0.083	0.05	-0.033	0.094
2way	0	0.0	1.065			AT1G74840	0.0	0.043	0.073	0.029	0.095
2way	0	0.0	1.065			AT5G58900	-0.234	0.039	0.068	0.029	0.096
2way	0	0.0	1.065			AT5G62470	0.0	0.039	0.058	0.02	0.096
2way	0	0.0	1.065			AT1G69010	-0.985	0.04	0.072	0.031	0.097
2way	0	0.0	1.065			AT4G34590	-0.948	0.014	0.035	0.021	0.099
2way	0	0.0	1.065			AT3G56850	0.0	0.064	0.099	0.035	0.1
2way	0	0.0	1.065			AT5G52660	0.016	0.035	0.063	0.029	0.1
2way	0	0.0	1.065			AT4G32730	1.3	0.103	0.067	-0.036	0.103
2way	0	0.0	1.065			AT1G52150	-0.017	0.021	0.044	0.023	0.11
2way	0	0.0	1.065			AT5G10030	-0.428	0.059	0.092	0.033	0.112
2way	0	0.0	1.065			AT5G03790	-0.988	0.039	0.067	0.028	0.114
2way	0	0.0	1.065			AT4G36780	0.0	0.047	0.077	0.03	0.116
2way	0	0.0	1.065			AT5G07100	-0.818	0.045	0.027	-0.017	0.117
2way	0	0.0	1.065			AT1G49010	0.0	0.053	0.082	0.028	0.119
2way	0	0.0	1.065			AT4G01280	0.0	0.04	0.069	0.029	0.123
2way	0	0.0	1.065			AT2G03500	0.0	0.028	0.052	0.024	0.124
2way	0	0.0	1.065			AT3G01220	0.0	0.03	0.056	0.025	0.124
2way	0	0.0	1.065			AT5G41570	0.0	0.084	0.053	-0.03	0.128
2way	0	0.0	1.065			AT4G31550	0.0	0.021	0.006	-0.015	0.134
2way	0	0.0	1.065			AT2G23320	0.0	0.082	0.052	-0.03	0.14
2way	0	0.0	1.065			AT3G53200	-0.36	0.028	0.053	0.024	0.14
2way	0	0.0	1.065			AT3G49530	0.25	0.106	0.082	-0.024	0.143
2way	0	0.0	1.065			AT3G10800	0.0	0.029	0.051	0.022	0.15
2way	0	0.0	1.065			AT5G52830	0.0	0.062	0.035	-0.027	0.156
2way	0	0.0	1.065			AT4G23550	0.0	0.068	0.042	-0.027	0.162
2way	0	0.0	1.065			AT4G17785	-0.333	0.004	0.015	0.011	0.163
2way	0	0.0	1.065			AT3G10030	0.222	0.035	0.016	-0.02	0.165
2way	0	0.0	1.065			AT3G23220	0.0	0.014	0.03	0.015	0.165
2way	0	0.0	1.065			AT2G38340	-0.417	0.133	0.16	0.027	0.166
2way	0	0.0	1.065			AT4G01540	0.503	0.075	0.048	-0.028	0.167
2way	0	0.0	1.065			AT3G12250	-0.049	0.055	0.084	0.029	0.169
2way	0	0.0	1.065			AT3G30210	-0.01	0.011	0.025	0.014	0.169
2way	0	0.0	1.065			AT5G56110	0.0	0.043	0.069	0.026	0.169
2way	0	0.0	1.065			AT4G36740	0.0	0.039	0.062	0.023	0.172
2way	0	0.0	1.065			AT4G14770	0.736	0.066	0.043	-0.024	0.179
2way	0	0.0	1.065			AT1G19040	1.458	0.01	0.002	-0.009	0.181
2way	0	0.0	1.065			AT1G08320	0.0	0.058	0.084	0.027	0.185
2way	0	0.0	1.065			AT5G05790	-0.487	0.027	0.047	0.02	0.185
2way	0	0.0	1.065			AT1G70920	0.0	0.025	0.043	0.018	0.188
2way	0	0.0	1.065			AT2G45650	-0.376	0.003	0.012	0.009	0.197
2way	0	0.0	1.065			AT5G06950	0.0	0.044	0.067	0.024	0.197
2way	0	0.0	1.065			AT1G71696	0.091	0.059	0.036	-0.023	0.202
2way	0	0.0	1.065			AT1G68670	-0.435	0.013	0.027	0.014	0.21
2way	0	0.0	1.065			AT5G47220	0.118	0.053	0.07	0.017	0.211
2way	0	0.0	1.065			AT4G28500	0.0	0.059	0.037	-0.022	0.212
2way	0	0.0	1.065			AT5G45580	-0.089	0.049	0.072	0.023	0.212
2way	0	0.0	1.065			AT5G24110	0.0	0.055	0.033	-0.021	0.214
2way	0	0.0	1.065			AT2G02540	0.336	0.043	0.064	0.021	0.217
2way	0	0.0	1.065			AT2G22430	0.0	0.028	0.047	0.019	0.217
2way	0	0.0	1.065			AT1G30650	-1.474	0.069	0.045	-0.024	0.221
2way	0	0.0	1.065			AT1G28370	0.294	0.181	0.156	-0.025	0.223
2way	0	0.0	1.065			AT1G68320	-0.135	0.027	0.045	0.018	0.232
2way	0	0.0	1.065			AT1G02230	0.438	0.052	0.031	-0.021	0.238
2way	0	0.0	1.065			AT5G65310	0.573	0.047	0.068	0.022	0.239
2way	0	0.0	1.065			AT5G06839	0.0	0.045	0.067	0.022	0.241
2way	0	0.0	1.065			AT2G15740	0.773	0.06	0.04	-0.021	0.243
2way	0	0.0	1.065			AT1G50640	-1.16	0.05	0.071	0.022	0.244
2way	0	0.0	1.065			AT5G10280	0.0	0.004	0.014	0.01	0.245
2way	0	0.0	1.065			AT2G30590	0.0	0.015	0.005	-0.01	0.248
2way	0	0.0	1.065			AT5G23930	-0.373	0.053	0.075	0.022	0.253
2way	0	0.0	1.065			AT1G19000	0.742	0.057	0.078	0.021	0.255
2way	0	0.0	1.065			AT1G45249	0.0	0.038	0.057	0.019	0.266
2way	0	0.0	1.065			AT3G06490	0.0	0.014	0.027	0.013	0.267
2way	0	0.0	1.065			AT3G01530	0.0	0.034	0.053	0.02	0.268
2way	0	0.0	1.065			AT3G27010	-0.293	0.025	0.036	0.011	0.268
2way	0	0.0	1.065			AT4G37180	-1.309	0.04	0.06	0.019	0.27
2way	0	0.0	1.065			AT4G26030	0.0	0.029	0.046	0.017	0.271
2way	0	0.0	1.065			AT5G13790	-0.085	0.01	0.022	0.012	0.272
2way	0	0.0	1.065			AT5G65210	0.0	0.046	0.067	0.021	0.273
2way	0	0.0	1.065			AT1G72740	0.0	0.037	0.022	-0.015	0.279
2way	0	0.0	1.065			AT5G67580	0.363	0.039	0.024	-0.016	0.282
2way	0	0.0	1.065			AT3G15210	0.45	0.22	0.196	-0.025	0.288
2way	0	0.0	1.065			AT3G04030	0.0	0.046	0.064	0.018	0.291
2way	0	0.0	1.065			AT5G46350	0.0	0.039	0.023	-0.016	0.291
2way	0	0.0	1.065			AT3G11280	0.0	0.019	0.033	0.013	0.292
2way	0	0.0	1.065			AT4G27950	0.0	0.022	0.038	0.016	0.299
2way	0	0.0	1.065			AT1G74480	0.925	0.05	0.033	-0.017	0.301
2way	0	0.0	1.065			AT2G39900	0.0	0.003	0.0	-0.003	0.313
2way	0	0.0	1.065			AT5G25830	0.459	0.037	0.023	-0.014	0.313
2way	0	0.0	1.065			AT1G74650	-0.232	0.039	0.056	0.017	0.314
2way	0	0.0	1.065			AT1G02250	0.0	0.047	0.032	-0.016	0.32
2way	0	0.0	1.065			AT5G05550	0.0	0.107	0.085	-0.022	0.32
2way	0	0.0	1.065			AT3G61250	0.0	0.005	0.014	0.009	0.328
2way	0	0.0	1.065			AT3G61120	0.0	0.001	0.006	0.005	0.334
2way	0	0.0	1.065			AT3G20310	0.0	0.076	0.097	0.021	0.336
2way	0	0.0	1.065			AT3G23240	0.0	0.025	0.04	0.014	0.336
2way	0	0.0	1.065			AT1G75390	0.125	0.015	0.025	0.01	0.341
2way	0	0.0	1.065			AT3G28910	-0.926	0.013	0.023	0.01	0.349
2way	0	0.0	1.065			AT3G21890	0.172	0.122	0.105	-0.017	0.351
2way	0	0.0	1.065			AT3G44480	-1.035	0.039	0.056	0.017	0.351
2way	0	0.0	1.065			AT4G05100	0.0	0.015	0.027	0.013	0.353
2way	0	0.0	1.065			AT1G14687	-0.4	0.037	0.054	0.017	0.355
2way	0	0.0	1.065			AT1G03800	-1.038	0.075	0.094	0.019	0.357
2way	0	0.0	1.065			AT3G23250	-0.024	0.002	0.008	0.006	0.365
2way	0	0.0	1.065			AT3G50060	0.323	0.132	0.115	-0.017	0.369
2way	0	0.0	1.065			AT1G29280	-0.125	0.073	0.055	-0.018	0.375
2way	0	0.0	1.065			AT3G20770	1.185	0.039	0.025	-0.014	0.376
2way	0	0.0	1.065			AT2G41835	0.0	0.004	0.001	-0.003	0.379
2way	0	0.0	1.065			AT3G60530	0.0	0.017	0.008	-0.009	0.381
2way	0	0.0	1.065			AT4G25470	-0.222	0.048	0.064	0.016	0.381
2way	0	0.0	1.065			AT2G31230	-0.382	0.044	0.061	0.017	0.383
2way	0	0.0	1.065			AT1G34670	0.0	0.037	0.051	0.015	0.389
2way	0	0.0	1.065			AT5G08130	0.0	0.005	0.013	0.008	0.392
2way	0	0.0	1.065			AT3G26790	-0.011	0.012	0.02	0.008	0.399
2way	0	0.0	1.065			AT3G58630	0.765	0.022	0.012	-0.009	0.399
2way	0	0.0	1.065			AT5G14340	0.0	0.002	0.006	0.004	0.404
2way	0	0.0	1.065			AT1G69780	-0.01	0.032	0.045	0.013	0.41
2way	0	0.0	1.065			AT5G08070	0.0	0.004	0.001	-0.003	0.41
2way	0	0.0	1.065			AT4G01720	0.0	0.009	0.003	-0.006	0.415
2way	0	0.0	1.065			AT4G37260	0.012	0.132	0.117	-0.015	0.415
2way	0	0.0	1.065			AT5G62000	-0.312	0.024	0.036	0.013	0.416
2way	0	0.0	1.065			AT1G06280	0.037	0.095	0.078	-0.017	0.417
2way	0	0.0	1.065			AT1G69180	0.234	0.029	0.042	0.013	0.42
2way	0	0.0	1.065			AT3G02940	0.0	0.042	0.057	0.015	0.421
2way	0	0.0	1.065			AT1G63030	0.0	0.004	0.009	0.005	0.423
2way	0	0.0	1.065			AT4G18450	0.0	0.004	0.009	0.005	0.423
2way	0	0.0	1.065			AT1G75490	-0.47	0.03	0.042	0.012	0.424
2way	0	0.0	1.065			AT1G08010	0.0	0.035	0.024	-0.011	0.429
2way	0	0.0	1.065			AT2G20110	0.0	0.064	0.05	-0.014	0.431
2way	0	0.0	1.065			AT1G21910	0.0	0.022	0.015	-0.006	0.436
2way	0	0.0	1.065			AT5G62320	0.0	0.024	0.037	0.012	0.438
2way	0	0.0	1.065			AT1G09540	0.0	0.036	0.049	0.013	0.442
2way	0	0.0	1.065			AT5G45300	0.0	0.025	0.037	0.012	0.446
2way	0	0.0	1.065			AT5G47230	0.0	0.029	0.038	0.009	0.447
2way	0	0.0	1.065			AT5G44160	0.0	0.011	0.006	-0.005	0.455
2way	0	0.0	1.065			AT3G24050	0.0	0.026	0.017	-0.009	0.457
2way	0	0.0	1.065			AT4G01680	0.0	0.028	0.04	0.012	0.458
2way	0	0.0	1.065			AT3G12820	0.0	0.009	0.016	0.007	0.461
2way	0	0.0	1.065			AT5G65510	0.0	0.028	0.019	-0.009	0.462
2way	0	0.0	1.065			AT1G76890	-0.123	0.043	0.055	0.012	0.465
2way	0	0.0	1.065			AT1G79180	0.0	0.018	0.027	0.008	0.473
2way	0	0.0	1.065			AT1G16490	0.0	0.035	0.046	0.011	0.475
2way	0	0.0	1.065			AT1G32240	0.0	0.006	0.011	0.005	0.475
2way	0	0.0	1.065			AT1G06180	0.0	0.019	0.028	0.009	0.481
2way	0	0.0	1.065			AT1G76870	0.0	0.004	0.001	-0.002	0.482
2way	0	0.0	1.065			AT3G03660	0.0	0.003	0.0	-0.003	0.482
2way	0	0.0	1.065			AT3G07220	0.0	0.002	0.0	-0.002	0.482
2way	0	0.0	1.065			AT1G64620	-0.012	0.137	0.151	0.014	0.486
2way	0	0.0	1.065			AT3G46590	0.555	0.013	0.007	-0.007	0.488
2way	0	0.0	1.065			AT2G18380	0.603	0.048	0.036	-0.012	0.491
2way	0	0.0	1.065			AT1G49560	1.884	0.05	0.038	-0.012	0.493
2way	0	0.0	1.065			AT3G24120	0.0	0.055	0.069	0.014	0.495
2way	0	0.0	1.065			AT3G45170	0.016	0.008	0.003	-0.005	0.495
2way	0	0.0	1.065			AT4G01500	0.0	0.007	0.013	0.006	0.496
2way	0	0.0	1.065			AT3G08500	0.0	0.027	0.036	0.009	0.499
2way	0	0.0	1.065			AT1G06850	0.0	0.03	0.04	0.01	0.503
2way	0	0.0	1.065			AT4G36160	-0.357	0.054	0.066	0.012	0.505
2way	0	0.0	1.065			AT1G20980	-0.164	0.021	0.03	0.008	0.508
2way	0	0.0	1.065			AT4G17980	-0.002	0.043	0.054	0.011	0.513
2way	0	0.0	1.065			AT2G17410	0.734	0.007	0.002	-0.006	0.514
2way	0	0.0	1.065			AT3G23210	0.0	0.008	0.014	0.006	0.514
2way	0	0.0	1.065			AT3G57600	0.0	0.008	0.004	-0.004	0.514
2way	0	0.0	1.065			AT4G04450	0.0	0.007	0.003	-0.005	0.514
2way	0	0.0	1.065			AT1G18960	0.0	0.0	0.001	0.001	0.515
2way	0	0.0	1.065			AT1G63040	0.0	0.0	0.001	0.001	0.515
2way	0	0.0	1.065			AT2G48100	0.0	0.001	0.0	-0.001	0.515
2way	0	0.0	1.065			AT3G47620	0.0	0.0	0.001	0.001	0.515
2way	0	0.0	1.065			AT5G48670	0.0	0.0	0.001	0.001	0.515
2way	0	0.0	1.065			AT5G47370	0.509	0.039	0.051	0.012	0.517
2way	0	0.0	1.065			AT1G04880	0.0	0.015	0.022	0.007	0.523
2way	0	0.0	1.065			AT1G27730	0.0	0.067	0.075	0.009	0.527
2way	0	0.0	1.065			AT5G66730	0.483	0.044	0.035	-0.009	0.527
2way	0	0.0	1.065			AT3G12730	0.0	0.036	0.047	0.011	0.531
2way	0	0.0	1.065			AT1G25550	0.0	0.026	0.036	0.009	0.533
2way	0	0.0	1.065			AT2G40260	0.0	0.042	0.052	0.01	0.536
2way	0	0.0	1.065			AT5G44210	0.0	0.026	0.034	0.008	0.537
2way	0	0.0	1.065			AT3G48160	0.0	0.004	0.002	-0.002	0.541
2way	0	0.0	1.065			AT5G10510	0.0	0.004	0.001	-0.003	0.541
2way	0	0.0	1.065			AT5G67000	0.0	0.003	0.001	-0.002	0.541
2way	0	0.0	1.065			AT1G01250	0.0	0.011	0.006	-0.005	0.542
2way	0	0.0	1.065			AT4G00250	0.356	0.045	0.056	0.011	0.545
2way	0	0.0	1.065			AT3G10480	-0.002	0.035	0.045	0.01	0.548
2way	0	0.0	1.065			AT1G19790	0.502	0.024	0.017	-0.007	0.551
2way	0	0.0	1.065			AT1G65620	0.0	0.009	0.005	-0.004	0.555
2way	0	0.0	1.065			AT5G18270	-0.008	0.117	0.129	0.011	0.563
2way	0	0.0	1.065			AT1G25340	0.0	0.027	0.036	0.009	0.566
2way	0	0.0	1.065			AT1G33240	0.0	0.048	0.059	0.011	0.566
2way	0	0.0	1.065			AT5G46590	-0.069	0.012	0.019	0.006	0.566
2way	0	0.0	1.065			AT4G24240	0.0	0.002	0.0	-0.002	0.573
2way	0	0.0	1.065			AT5G49300	0.0	0.001	0.0	-0.001	0.573
2way	0	0.0	1.065			AT1G52880	0.0	0.049	0.06	0.01	0.574
2way	0	0.0	1.065			AT1G51600	0.0	0.005	0.002	-0.003	0.576
2way	0	0.0	1.065			AT3G50700	0.56	0.018	0.012	-0.006	0.577
2way	0	0.0	1.065			AT3G18400	-0.492	0.047	0.056	0.009	0.58
2way	0	0.0	1.065			AT5G67450	0.0	0.007	0.011	0.004	0.582
2way	0	0.0	1.065			AT2G35700	0.412	0.058	0.047	-0.01	0.584
2way	0	0.0	1.065			AT1G12260	-0.0	0.035	0.043	0.008	0.586
2way	0	0.0	1.065			AT2G17950	0.0	0.007	0.011	0.004	0.587
2way	0	0.0	1.065			AT5G51990	0.0	0.06	0.07	0.01	0.594
2way	0	0.0	1.065			AT3G10500	0.038	0.108	0.098	-0.01	0.595
2way	0	0.0	1.065			AT1G71450	-0.103	0.087	0.099	0.012	0.596
2way	0	0.0	1.065			AT4G28140	0.0	0.011	0.006	-0.005	0.596
2way	0	0.0	1.065			AT3G61150	0.0	0.036	0.046	0.009	0.597
2way	0	0.0	1.065			AT4G25490	-0.37	0.057	0.068	0.01	0.597
2way	0	0.0	1.065			AT1G12610	0.0	0.026	0.034	0.007	0.599
2way	0	0.0	1.065			AT3G17730	0.0	0.035	0.044	0.009	0.603
2way	0	0.0	1.065			AT4G25480	0.0	0.059	0.068	0.01	0.605
2way	0	0.0	1.065			AT2G21900	0.0	0.005	0.002	-0.003	0.606
2way	0	0.0	1.065			AT4G34410	1.321	0.074	0.065	-0.009	0.609
2way	0	0.0	1.065			AT3G30530	0.0	0.003	0.007	0.004	0.611
2way	0	0.0	1.065			AT1G44830	0.486	0.051	0.045	-0.006	0.616
2way	0	0.0	1.065			AT2G26960	0.0	0.028	0.035	0.007	0.616
2way	0	0.0	1.065			AT5G22990	0.0	0.085	0.075	-0.01	0.616
2way	0	0.0	1.065			AT3G47500	0.359	0.123	0.113	-0.01	0.617
2way	0	0.0	1.065			AT4G18890	0.0	0.007	0.012	0.004	0.621
2way	0	0.0	1.065			AT1G69490	0.0	0.049	0.057	0.009	0.624
2way	0	0.0	1.065			AT5G18560	0.0	0.032	0.039	0.007	0.626
2way	0	0.0	1.065			AT3G11440	-1.387	0.049	0.058	0.008	0.629
2way	0	0.0	1.065			AT5G25190	0.021	0.196	0.185	-0.011	0.631
2way	0	0.0	1.065			AT5G10140	0.0	0.004	0.006	0.002	0.632
2way	0	0.0	1.065			AT3G01470	0.0	0.01	0.014	0.004	0.635
2way	0	0.0	1.065			AT2G46590	-0.102	0.051	0.059	0.008	0.642
2way	0	0.0	1.065			AT3G47600	0.0	0.005	0.007	0.003	0.643
2way	0	0.0	1.065			AT5G60850	0.0	0.056	0.064	0.008	0.645
2way	0	0.0	1.065			AT2G38090	0.0	0.001	0.003	0.002	0.647
2way	0	0.0	1.065			AT4G37790	0.0	0.0	0.002	0.001	0.647
2way	0	0.0	1.065			AT5G16600	0.0	0.0	0.001	0.001	0.647
2way	0	0.0	1.065			AT5G42820	0.0	0.001	0.002	0.001	0.647
2way	0	0.0	1.065			AT5G67190	0.0	0.067	0.059	-0.008	0.648
2way	0	0.0	1.065			AT4G31060	0.003	0.067	0.059	-0.008	0.649
2way	0	0.0	1.065			AT2G24570	0.0	0.006	0.003	-0.002	0.652
2way	0	0.0	1.065			AT3G02990	0.0	0.004	0.006	0.003	0.652
2way	0	0.0	1.065			AT3G57230	0.0	0.004	0.007	0.004	0.652
2way	0	0.0	1.065			AT4G24020	0.0	0.005	0.008	0.002	0.652
2way	0	0.0	1.065			AT2G31460	0.0	0.002	0.0	-0.002	0.654
2way	0	0.0	1.065			AT3G09230	0.0	0.001	0.001	0.0	0.654
2way	0	0.0	1.065			AT3G15270	-0.111	0.062	0.07	0.009	0.654
2way	0	0.0	1.065			AT4G01550	-0.298	0.045	0.038	-0.007	0.654
2way	0	0.0	1.065			AT4G14410	0.0	0.001	0.001	-0.0	0.654
2way	0	0.0	1.065			AT5G22890	0.0	0.0	0.001	0.0	0.654
2way	0	0.0	1.065			AT5G38860	0.0	0.001	0.001	0.0	0.654
2way	0	0.0	1.065			AT5G56930	0.0	0.002	0.001	-0.0	0.654
2way	0	0.0	1.065			AT5G62165	0.0	0.001	0.001	0.0	0.654
2way	0	0.0	1.065			AT2G47070	-0.051	0.039	0.046	0.007	0.656
2way	0	0.0	1.065			AT4G10350	-0.217	0.034	0.041	0.007	0.656
2way	0	0.0	1.065			AT3G51080	0.0	0.005	0.007	0.002	0.657
2way	0	0.0	1.065			AT4G06746	-0.086	0.06	0.067	0.006	0.657
2way	0	0.0	1.065			AT5G02460	0.0	0.058	0.066	0.009	0.657
2way	0	0.0	1.065			AT1G72010	0.0	0.024	0.031	0.007	0.66
2way	0	0.0	1.065			AT1G68550	0.0	0.067	0.076	0.008	0.661
2way	0	0.0	1.065			AT1G65910	0.0	0.035	0.042	0.007	0.663
2way	0	0.0	1.065			AT3G03200	-0.559	0.037	0.044	0.007	0.666
2way	0	0.0	1.065			AT4G00730	0.0	0.039	0.047	0.008	0.666
2way	0	0.0	1.065			AT5G04390	-1.0	0.025	0.03	0.005	0.667
2way	0	0.0	1.065			AT1G34180	-0.541	0.04	0.047	0.007	0.673
2way	0	0.0	1.065			AT1G34190	0.0	0.04	0.048	0.007	0.674
2way	0	0.0	1.065			AT5G13180	0.0	0.045	0.052	0.007	0.674
2way	0	0.0	1.065			AT3G50260	0.0	0.074	0.081	0.008	0.678
2way	0	0.0	1.065			AT4G11660	0.27	0.03	0.024	-0.006	0.681
2way	0	0.0	1.065			AT3G26620	0.135	0.034	0.028	-0.006	0.682
2way	0	0.0	1.065			AT2G38300	0.0	0.006	0.008	0.002	0.684
2way	0	0.0	1.065			AT2G23290	-0.022	0.047	0.054	0.007	0.685
2way	0	0.0	1.065			AT5G06960	0.2	0.028	0.035	0.007	0.687
2way	0	0.0	1.065			AT3G25990	-0.188	0.015	0.019	0.004	0.691
2way	0	0.0	1.065			AT1G03840	0.353	0.035	0.028	-0.006	0.693
2way	0	0.0	1.065			AT2G22540	0.0	0.049	0.056	0.008	0.694
2way	0	0.0	1.065			AT2G45680	0.0	0.007	0.01	0.003	0.699
2way	0	0.0	1.065			AT3G28920	0.0	0.058	0.051	-0.007	0.699
2way	0	0.0	1.065			AT5G13910	0.0	0.006	0.009	0.003	0.699
2way	0	0.0	1.065			AT1G28160	-0.279	0.058	0.066	0.008	0.705
2way	0	0.0	1.065			AT2G17900	0.0	0.001	0.001	0.0	0.706
2way	0	0.0	1.065			AT2G46400	0.0	0.006	0.003	-0.003	0.706
2way	0	0.0	1.065			AT3G13040	0.0	0.002	0.002	-0.0	0.706
2way	0	0.0	1.065			AT3G22780	0.0	0.003	0.001	-0.003	0.706
2way	0	0.0	1.065			AT4G28110	0.0	0.002	0.004	0.002	0.706
2way	0	0.0	1.065			AT5G18090	0.0	0.001	0.002	0.001	0.706
2way	0	0.0	1.065			AT5G40330	0.0	0.003	0.003	0.0	0.706
2way	0	0.0	1.065			AT5G42520	0.558	0.003	0.001	-0.003	0.706
2way	0	0.0	1.065			AT1G76110	0.0	0.016	0.021	0.005	0.709
2way	0	0.0	1.065			AT3G12720	0.405	0.033	0.039	0.006	0.714
2way	0	0.0	1.065			AT5G63090	0.776	0.024	0.019	-0.005	0.718
2way	0	0.0	1.065			AT2G06200	-0.106	0.019	0.023	0.004	0.722
2way	0	0.0	1.065			AT1G10720	0.0	0.001	0.002	0.001	0.725
2way	0	0.0	1.065			AT5G62380	0.0	0.033	0.04	0.007	0.725
2way	0	0.0	1.065			AT3G04060	0.0	0.111	0.105	-0.007	0.728
2way	0	0.0	1.065			AT1G69560	0.0	0.009	0.006	-0.003	0.729
2way	0	0.0	1.065			AT3G04070	0.0	0.01	0.012	0.002	0.737
2way	0	0.0	1.065			AT5G14960	-0.781	0.013	0.009	-0.004	0.737
2way	0	0.0	1.065			AT4G36620	0.0	0.003	0.001	-0.002	0.744
2way	0	0.0	1.065			AT1G26960	0.607	0.048	0.043	-0.005	0.745
2way	0	0.0	1.065			AT2G41690	0.0	0.009	0.011	0.002	0.745
2way	0	0.0	1.065			AT3G06740	0.0	0.024	0.028	0.004	0.745
2way	0	0.0	1.065			AT5G50570	0.0	0.009	0.012	0.003	0.745
2way	0	0.0	1.065			AT2G45410	0.053	0.058	0.052	-0.006	0.747
2way	0	0.0	1.065			AT1G27360	0.0	0.002	0.001	-0.002	0.749
2way	0	0.0	1.065			AT3G02150	0.992	0.005	0.003	-0.002	0.749
2way	0	0.0	1.065			AT5G08330	0.0	0.027	0.032	0.004	0.749
2way	0	0.0	1.065			AT1G75080	0.0	0.009	0.011	0.002	0.751
2way	0	0.0	1.065			AT1G75240	0.306	0.058	0.052	-0.006	0.751
2way	0	0.0	1.065			AT2G28810	0.341	0.06	0.053	-0.006	0.751
2way	0	0.0	1.065			AT1G69570	0.0	0.141	0.136	-0.006	0.755
2way	0	0.0	1.065			AT4G38170	0.0	0.054	0.06	0.006	0.756
2way	0	0.0	1.065			AT1G20910	0.0	0.033	0.028	-0.005	0.766
2way	0	0.0	1.065			AT5G64750	0.0	0.066	0.071	0.006	0.768
2way	0	0.0	1.065			AT4G24470	0.0	0.014	0.017	0.003	0.769
2way	0	0.0	1.065			AT1G23810	0.0	0.002	0.003	0.001	0.77
2way	0	0.0	1.065			AT5G52170	0.0	0.002	0.005	0.003	0.77
2way	0	0.0	1.065			AT5G18450	0.0	0.033	0.037	0.004	0.771
2way	0	0.0	1.065			AT1G51700	0.0	0.039	0.043	0.005	0.785
2way	0	0.0	1.065			AT2G32460	0.0	0.034	0.038	0.004	0.788
2way	0	0.0	1.065			AT5G61270	1.787	0.004	0.003	-0.001	0.789
2way	0	0.0	1.065			AT2G46770	0.0	0.039	0.043	0.004	0.793
2way	0	0.0	1.065			AT3G18990	0.0	0.044	0.039	-0.005	0.793
2way	0	0.0	1.065			AT3G51470	0.0	0.003	0.002	-0.001	0.793
2way	0	0.0	1.065			AT2G01940	0.22	0.045	0.04	-0.004	0.795
2way	0	0.0	1.065			AT3G21175	0.0	0.016	0.02	0.003	0.795
2way	0	0.0	1.065			AT5G39610	0.0	0.037	0.043	0.006	0.795
2way	0	0.0	1.065			AT2G42430	0.0	0.044	0.048	0.004	0.8
2way	0	0.0	1.065			AT2G18350	-0.65	0.047	0.042	-0.005	0.801
2way	0	0.0	1.065			AT1G76420	0.0	0.044	0.04	-0.004	0.804
2way	0	0.0	1.065			AT4G38620	0.0	0.003	0.003	0.001	0.805
2way	0	0.0	1.065			AT5G25390	0.0	0.005	0.004	-0.001	0.805
2way	0	0.0	1.065			AT5G67300	0.0	0.005	0.004	-0.002	0.805
2way	0	0.0	1.065			AT5G66940	-0.469	0.049	0.054	0.004	0.811
2way	0	0.0	1.065			AT2G33550	0.0	0.018	0.022	0.003	0.812
2way	0	0.0	1.065			AT2G45420	-0.508	0.058	0.062	0.004	0.816
2way	0	0.0	1.065			AT3G13350	0.0	0.006	0.007	0.001	0.816
2way	0	0.0	1.065			AT3G60580	0.0	0.021	0.023	0.002	0.816
2way	0	0.0	1.065			AT1G12630	0.0	0.061	0.056	-0.005	0.818
2way	0	0.0	1.065			AT2G33710	0.0	0.062	0.067	0.004	0.821
2way	0	0.0	1.065			AT5G65130	0.792	0.028	0.025	-0.003	0.833
2way	0	0.0	1.065			AT2G02820	0.213	0.083	0.079	-0.003	0.835
2way	0	0.0	1.065			AT2G01060	0.156	0.033	0.035	0.002	0.842
2way	0	0.0	1.065			AT3G11020	0.335	0.032	0.035	0.003	0.845
2way	0	0.0	1.065			AT2G15660	0.0	0.008	0.005	-0.003	0.849
2way	0	0.0	1.065			AT2G33810	0.0	0.008	0.008	0.001	0.849
2way	0	0.0	1.065			AT1G22070	0.0	0.006	0.007	0.002	0.85
2way	0	0.0	1.065			AT2G02070	0.0	0.034	0.032	-0.002	0.85
2way	0	0.0	1.065			AT5G60130	0.0	0.035	0.038	0.003	0.85
2way	0	0.0	1.065			AT1G31140	0.0	0.032	0.035	0.003	0.852
2way	0	0.0	1.065			AT1G53230	0.0	0.009	0.01	0.001	0.855
2way	0	0.0	1.065			AT1G55110	0.0	0.04	0.038	-0.003	0.856
2way	0	0.0	1.065			AT1G77640	0.0	0.008	0.007	-0.002	0.856
2way	0	0.0	1.065			AT5G07680	0.0	0.008	0.009	0.001	0.856
2way	0	0.0	1.065			AT5G17800	0.0	0.04	0.037	-0.003	0.857
2way	0	0.0	1.065			AT1G54330	0.0	0.036	0.038	0.002	0.859
2way	0	0.0	1.065			AT2G18060	0.0	0.037	0.04	0.003	0.862
2way	0	0.0	1.065			AT1G13400	0.0	0.012	0.011	-0.002	0.864
2way	0	0.0	1.065			AT1G66370	0.0	0.012	0.011	-0.002	0.864
2way	0	0.0	1.065			AT1G22810	0.0	0.049	0.046	-0.003	0.869
2way	0	0.0	1.065			AT2G42200	0.0	0.049	0.051	0.002	0.869
2way	0	0.0	1.065			AT5G06100	0.0	0.044	0.048	0.003	0.869
2way	0	0.0	1.065			AT5G59990	0.0	0.009	0.01	0.001	0.869
2way	0	0.0	1.065			AT1G79580	0.0	0.048	0.05	0.003	0.872
2way	0	0.0	1.065			AT5G39820	0.0	0.013	0.015	0.002	0.872
2way	0	0.0	1.065			AT5G63260	0.153	0.051	0.054	0.003	0.873
2way	0	0.0	1.065			AT2G23340	0.073	0.053	0.049	-0.003	0.874
2way	0	0.0	1.065			AT1G01720	0.032	0.055	0.058	0.003	0.875
2way	0	0.0	1.065			AT3G45610	0.0	0.052	0.054	0.002	0.875
2way	0	0.0	1.065			AT1G69690	0.0	0.012	0.015	0.003	0.879
2way	0	0.0	1.065			AT4G38000	-0.049	0.063	0.065	0.003	0.881
2way	0	0.0	1.065			AT2G43000	0.0	0.069	0.067	-0.002	0.883
2way	0	0.0	1.065			AT4G16750	0.0	0.069	0.066	-0.004	0.884
2way	0	0.0	1.065			AT1G14580	0.0	0.016	0.015	-0.001	0.887
2way	0	0.0	1.065			AT2G01818	0.0	0.013	0.013	-0.0	0.887
2way	0	0.0	1.065			AT1G19210	0.042	0.073	0.077	0.003	0.889
2way	0	0.0	1.065			AT5G22500	-0.04	0.042	0.039	-0.003	0.892
2way	0	0.0	1.065			AT1G53170	0.0	0.1	0.096	-0.004	0.896
2way	0	0.0	1.065			AT5G03150	0.0	0.018	0.016	-0.001	0.896
2way	0	0.0	1.065			AT1G24250	0.0	0.018	0.017	-0.001	0.906
2way	0	0.0	1.065			AT5G53950	0.0	0.019	0.02	0.001	0.907
2way	0	0.0	1.065			AT5G66300	0.0	0.018	0.019	0.001	0.908
2way	0	0.0	1.065			AT3G15170	0.588	0.024	0.021	-0.002	0.911
2way	0	0.0	1.065			AT3G12130	0.0	0.034	0.036	0.002	0.92
2way	0	0.0	1.065			AT1G51220	0.0	0.031	0.032	0.001	0.921
2way	0	0.0	1.065			AT3G13810	0.0	0.031	0.029	-0.002	0.922
2way	0	0.0	1.065			AT3G50410	0.0	0.04	0.038	-0.002	0.928
2way	0	0.0	1.065			AT3G60490	0.0	0.042	0.04	-0.002	0.928
2way	0	0.0	1.065			AT2G44940	-0.106	0.106	0.108	0.002	0.93
2way	0	0.0	1.065			AT1G32870	-0.428	0.034	0.036	0.002	0.931
2way	0	0.0	1.065			AT5G04410	0.046	0.04	0.039	-0.001	0.932
2way	0	0.0	1.065			AT3G24520	0.0	0.047	0.048	0.002	0.933
2way	0	0.0	1.065			AT5G62940	0.0	0.049	0.047	-0.002	0.933
2way	0	0.0	1.065			AT2G01930	0.0	0.052	0.053	0.001	0.935
2way	0	0.0	1.065			AT2G02080	-0.114	0.046	0.046	-0.001	0.935
2way	0	0.0	1.065			AT5G65410	0.086	0.054	0.052	-0.002	0.936
2way	0	0.0	1.065			AT2G24430	0.0	0.046	0.047	0.001	0.937
2way	0	0.0	1.065			AT1G77200	0.0	0.066	0.066	-0.001	0.94
2way	0	0.0	1.065			AT3G55370	0.182	0.067	0.065	-0.002	0.942
2way	0	0.0	1.065			AT1G13260	0.0	0.044	0.045	0.001	1.0
2way	0	0.0	1.065			AT1G17950	0.0	0.0	0.0	-0.0	1.0
2way	0	0.0	1.065			AT1G30210	0.0	0.0	0.0	-0.0	1.0
2way	0	0.0	1.065			AT1G32510	0.0	0.001	0.001	0.0	1.0
2way	0	0.0	1.065			AT1G34370	0.0	0.009	0.009	-0.0	1.0
2way	0	0.0	1.065			AT1G36060	0.0	0.03	0.029	-0.001	1.0
2way	0	0.0	1.065			AT1G43700	0.0	0.012	0.011	-0.0	1.0
2way	0	0.0	1.065			AT1G46264	0.0	0.001	0.001	0.0	1.0
2way	0	0.0	1.065			AT1G47655	0.0	0.037	0.037	0.0	1.0
2way	0	0.0	1.065			AT1G47870	0.0	0.0	0.0	-0.0	1.0
2way	0	0.0	1.065			AT1G60920	0.0	0.0	0.0	-0.0	1.0
2way	0	0.0	1.065			AT1G66420	0.0	0.0	0.0	0.0	1.0
2way	0	0.0	1.065			AT1G67260	0.0	0.0	0.0	-0.0	1.0
2way	0	0.0	1.065			AT1G70910	0.0	0.001	0.0	-0.001	1.0
2way	0	0.0	1.065			AT1G72360	0.0	0.005	0.005	0.0	1.0
2way	0	0.0	1.065			AT1G74370	0.0	0.001	0.001	0.0	1.0
2way	0	0.0	1.065			AT1G76880	0.0	0.002	0.002	-0.0	1.0
2way	0	0.0	1.065			AT2G30340	0.0	0.042	0.042	-0.0	1.0
2way	0	0.0	1.065			AT2G38880	0.0	0.002	0.001	-0.001	1.0
2way	0	0.0	1.065			AT2G42590	0.0	0.008	0.007	-0.001	1.0
2way	0	0.0	1.065			AT3G09735	0.0	0.038	0.038	-0.0	1.0
2way	0	0.0	1.065			AT3G12910	0.0	0.002	0.001	-0.0	1.0
2way	0	0.0	1.065			AT3G16280	0.0	0.044	0.043	-0.0	1.0
2way	0	0.0	1.065			AT3G20840	0.0	0.004	0.005	0.0	1.0
2way	0	0.0	1.065			AT3G22830	0.0	0.035	0.035	-0.0	1.0
2way	0	0.0	1.065			AT3G45150	0.0	0.008	0.008	0.0	1.0
2way	0	0.0	1.065			AT3G46070	0.0	0.001	0.001	-0.001	1.0
2way	0	0.0	1.065			AT3G49930	0.0	0.0	0.0	0.0	1.0
2way	0	0.0	1.065			AT3G52440	0.0	0.062	0.062	0.0	1.0
2way	0	0.0	1.065			AT3G57920	0.0	0.04	0.04	-0.0	1.0
2way	0	0.0	1.065			AT4G12670	0.0	0.0	0.0	0.0	1.0
2way	0	0.0	1.065			AT4G17460	0.0	0.002	0.002	0.001	1.0
2way	0	0.0	1.065			AT4G27900	0.0	0.005	0.004	-0.0	1.0
2way	0	0.0	1.065			AT4G30080	0.0	0.001	0.002	0.001	1.0
2way	0	0.0	1.065			AT4G32800	0.0	0.02	0.021	0.0	1.0
2way	0	0.0	1.065			AT4G38910	0.0	0.001	0.001	-0.0	1.0
2way	0	0.0	1.065			AT5G16820	0.0	0.044	0.043	-0.001	1.0
2way	0	0.0	1.065			AT5G25475	0.0	0.001	0.001	0.001	1.0
2way	0	0.0	1.065			AT5G38800	0.0	0.0	0.001	0.001	1.0
2way	0	0.0	1.065			AT5G43840	0.0	0.006	0.006	-0.0	1.0
2way	0	0.0	1.065			AT5G47660	0.0	0.032	0.032	0.0	1.0
2way	0	0.0	1.065			AT5G58620	0.0	0.0	0.0	-0.0	1.0
2way	1	0.0	1.065			AT2G38470	1.055	0.104	0.045	-0.059	0.039
2way	1	0.0	1.065			AT1G18330	-0.603	0.113	0.182	0.069	0.04
2way	1	0.0	1.065			AT1G10720	0.0	0.001	0.007	0.007	0.051
2way	1	0.0	1.065			AT1G74840	1.395	0.088	0.019	-0.07	0.056
2way	1	0.0	1.065			AT5G61620	0.447	0.111	0.038	-0.072	0.058
2way	1	0.0	1.065			AT5G47390	0.048	0.094	0.026	-0.068	0.06
2way	1	0.0	1.065			AT5G22500	-0.785	0.031	0.068	0.037	0.072
2way	1	0.0	1.065			AT3G04060	0.392	0.118	0.061	-0.057	0.074
2way	1	0.0	1.065			AT2G44840	-0.522	0.14	0.205	0.065	0.076
2way	1	0.0	1.065			AT5G54230	0.513	0.171	0.106	-0.065	0.077
2way	1	0.0	1.065			AT1G73730	1.078	0.022	0.0	-0.022	0.085
2way	1	0.0	1.065			AT5G56840	0.0	0.107	0.041	-0.066	0.087
2way	1	0.0	1.065			AT3G10580	0.896	0.08	0.025	-0.055	0.113
2way	1	0.0	1.065			AT5G13180	0.266	0.062	0.017	-0.045	0.134
2way	1	0.0	1.065			AT2G45420	0.987	0.073	0.024	-0.05	0.152
2way	1	0.0	1.065			AT1G19000	0.0	0.09	0.037	-0.053	0.154
2way	1	0.0	1.065			AT2G15740	1.252	0.049	0.008	-0.04	0.178
2way	1	0.0	1.065			AT5G66700	0.0	0.091	0.04	-0.051	0.195
2way	1	0.0	1.065			AT5G25190	0.0	0.197	0.144	-0.053	0.202
2way	1	0.0	1.065			AT2G40260	-1.158	0.044	0.079	0.035	0.204
2way	1	0.0	1.065			AT5G26170	0.132	0.12	0.076	-0.044	0.204
2way	1	0.0	1.065			AT5G62380	0.0	0.048	0.013	-0.035	0.204
2way	1	0.0	1.065			AT1G64620	0.102	0.162	0.114	-0.048	0.213
2way	1	0.0	1.065			AT2G42430	0.291	0.057	0.016	-0.041	0.219
2way	1	0.0	1.065			AT2G45410	0.0	0.061	0.023	-0.037	0.219
2way	1	0.0	1.065			AT1G28370	0.459	0.166	0.121	-0.045	0.223
2way	1	0.0	1.065			AT5G38800	0.0	0.0	0.003	0.003	0.226
2way	1	0.0	1.065			AT1G49010	0.0	0.092	0.047	-0.045	0.243
2way	1	0.0	1.065			AT2G18060	0.083	0.047	0.013	-0.034	0.251
2way	1	0.0	1.065			AT2G02540	0.458	0.073	0.033	-0.04	0.254
2way	1	0.0	1.065			AT3G01530	0.433	0.062	0.024	-0.038	0.254
2way	1	0.0	1.065			AT5G58900	0.0	0.077	0.038	-0.039	0.274
2way	1	0.0	1.065			AT1G25580	-0.813	0.009	0.027	0.018	0.274
2way	1	0.0	1.065			AT1G71450	0.44	0.109	0.065	-0.043	0.276
2way	1	0.0	1.065			AT5G06839	0.062	0.076	0.036	-0.04	0.283
2way	1	0.0	1.065			AT5G65210	1.023	0.076	0.038	-0.037	0.283
2way	1	0.0	1.065			AT5G41570	1.588	0.062	0.025	-0.037	0.289
2way	1	0.0	1.065			AT1G79580	0.522	0.059	0.022	-0.037	0.301
2way	1	0.0	1.065			AT3G53200	0.254	0.061	0.024	-0.037	0.301
2way	1	0.0	1.065			AT4G18170	0.0	0.041	0.013	-0.028	0.31
2way	1	0.0	1.065			AT1G69570	0.0	0.144	0.106	-0.038	0.312
2way	1	0.0	1.065			AT4G37180	0.271	0.067	0.033	-0.034	0.312
2way	1	0.0	1.065			AT2G17950	0.0	0.014	0.002	-0.012	0.316
2way	1	0.0	1.065			AT2G45650	0.0	0.015	0.003	-0.012	0.316
2way	1	0.0	1.065			AT1G12260	0.0	0.05	0.019	-0.03	0.318
2way	1	0.0	1.065			AT3G04030	0.719	0.073	0.034	-0.039	0.324
2way	1	0.0	1.065			AT5G08520	-0.36	0.102	0.064	-0.037	0.324
2way	1	0.0	1.065			AT3G45150	0.0	0.004	0.022	0.017	0.327
2way	1	0.0	1.065			AT3G02940	0.22	0.065	0.03	-0.035	0.338
2way	1	0.0	1.065			AT4G10350	0.0	0.048	0.016	-0.031	0.342
2way	1	0.0	1.065			AT4G36160	0.356	0.073	0.043	-0.031	0.344
2way	1	0.0	1.065			AT1G01250	0.0	0.008	0.0	-0.008	0.346
2way	1	0.0	1.065			AT3G57600	0.0	0.003	0.009	0.007	0.346
2way	1	0.0	1.065			AT3G11280	0.0	0.038	0.016	-0.022	0.349
2way	1	0.0	1.065			AT3G24120	0.14	0.076	0.044	-0.033	0.354
2way	1	0.0	1.065			AT3G03200	0.0	0.05	0.021	-0.03	0.356
2way	1	0.0	1.065			AT3G61120	0.0	0.007	0.0	-0.007	0.359
2way	1	0.0	1.065			AT5G52170	0.0	0.006	0.0	-0.006	0.359
2way	1	0.0	1.065			AT2G18380	0.0	0.041	0.02	-0.021	0.372
2way	1	0.0	1.065			AT4G00250	0.0	0.062	0.034	-0.029	0.372
2way	1	0.0	1.065			AT1G75240	0.108	0.058	0.031	-0.028	0.383
2way	1	0.0	1.065			AT2G01818	0.0	0.01	0.024	0.014	0.388
2way	1	0.0	1.065			AT5G07100	0.0	0.031	0.015	-0.016	0.388
2way	1	0.0	1.065			AT3G01970	0.0	0.039	0.015	-0.024	0.389
2way	1	0.0	1.065			AT4G34410	0.87	0.072	0.042	-0.029	0.392
2way	1	0.0	1.065			AT3G11020	0.764	0.041	0.014	-0.027	0.393
2way	1	0.0	1.065			AT5G47370	0.537	0.058	0.026	-0.032	0.393
2way	1	0.0	1.065			AT3G28910	0.0	0.019	0.037	0.018	0.397
2way	1	0.0	1.065			AT5G62470	-0.015	0.053	0.076	0.023	0.397
2way	1	0.0	1.065			AT5G62165	0.0	0.0	0.005	0.005	0.402
2way	1	0.0	1.065			AT3G28920	0.518	0.058	0.027	-0.03	0.403
2way	1	0.0	1.065			AT3G18400	0.0	0.062	0.035	-0.027	0.404
2way	1	0.0	1.065			AT1G04880	0.0	0.026	0.007	-0.019	0.406
2way	1	0.0	1.065			AT1G52150	0.442	0.05	0.026	-0.023	0.412
2way	1	0.0	1.065			AT1G54330	0.0	0.043	0.019	-0.025	0.421
2way	1	0.0	1.065			AT3G06490	0.0	0.031	0.011	-0.021	0.428
2way	1	0.0	1.065			AT3G06740	0.536	0.033	0.013	-0.02	0.428
2way	1	0.0	1.065			AT5G45580	0.0	0.078	0.05	-0.028	0.431
2way	1	0.0	1.065			AT2G02820	-0.103	0.073	0.102	0.029	0.433
2way	1	0.0	1.065			AT2G46770	0.0	0.049	0.022	-0.027	0.436
2way	1	0.0	1.065			AT2G47070	-0.474	0.04	0.067	0.027	0.436
2way	1	0.0	1.065			AT4G01680	-1.71	0.034	0.061	0.028	0.436
2way	1	0.0	1.065			AT5G39610	0.0	0.049	0.022	-0.027	0.436
2way	1	0.0	1.065			AT3G17730	0.0	0.049	0.024	-0.025	0.437
2way	1	0.0	1.065			AT3G23210	-0.507	0.009	0.029	0.019	0.437
2way	1	0.0	1.065			AT3G24050	0.0	0.02	0.008	-0.012	0.437
2way	1	0.0	1.065			AT4G26640	0.0	0.021	0.005	-0.016	0.437
2way	1	0.0	1.065			AT5G47230	0.0	0.042	0.023	-0.019	0.437
2way	1	0.0	1.065			AT1G08320	0.0	0.091	0.061	-0.03	0.445
2way	1	0.0	1.065			AT5G56110	0.0	0.076	0.044	-0.033	0.445
2way	1	0.0	1.065			AT1G30490	0.0	0.055	0.03	-0.025	0.45
2way	1	0.0	1.065			AT1G68320	0.0	0.051	0.025	-0.025	0.45
2way	1	0.0	1.065			AT3G44480	0.0	0.061	0.036	-0.025	0.45
2way	1	0.0	1.065			AT1G14687	0.0	0.059	0.034	-0.026	0.462
2way	1	0.0	1.065			AT1G29280	0.0	0.062	0.034	-0.027	0.462
2way	1	0.0	1.065			AT1G33240	0.0	0.064	0.04	-0.024	0.462
2way	1	0.0	1.065			AT5G65410	0.0	0.057	0.034	-0.023	0.462
2way	1	0.0	1.065			AT1G25550	0.0	0.04	0.022	-0.018	0.464
2way	1	0.0	1.065			AT2G30590	0.0	0.003	0.011	0.007	0.469
2way	1	0.0	1.065			AT2G46590	0.0	0.065	0.039	-0.026	0.471
2way	1	0.0	1.065			AT4G36740	0.0	0.068	0.041	-0.027	0.471
2way	1	0.0	1.065			AT1G34670	0.739	0.058	0.03	-0.028	0.472
2way	1	0.0	1.065			AT2G24430	0.0	0.053	0.029	-0.023	0.475
2way	1	0.0	1.065			AT1G22070	0.0	0.009	0.0	-0.009	0.483
2way	1	0.0	1.065			AT4G38170	0.121	0.065	0.042	-0.023	0.483
2way	1	0.0	1.065			AT5G06960	0.0	0.04	0.018	-0.022	0.487
2way	1	0.0	1.065			AT5G66730	0.0	0.039	0.021	-0.018	0.499
2way	1	0.0	1.065			AT1G29860	0.0	0.037	0.015	-0.022	0.501
2way	1	0.0	1.065			AT5G25830	0.005	0.026	0.011	-0.015	0.509
2way	1	0.0	1.065			AT5G17300	0.0	0.164	0.189	0.025	0.511
2way	1	0.0	1.065			AT2G32460	-0.845	0.033	0.054	0.021	0.514
2way	1	0.0	1.065			AT5G05790	0.0	0.051	0.032	-0.019	0.514
2way	1	0.0	1.065			AT3G15270	-0.162	0.065	0.09	0.025	0.521
2way	1	0.0	1.065			AT1G06280	0.03	0.084	0.059	-0.024	0.525
2way	1	0.0	1.065			AT1G69010	-0.431	0.066	0.091	0.025	0.525
2way	1	0.0	1.065			AT1G65910	0.0	0.047	0.027	-0.02	0.527
2way	1	0.0	1.065			AT2G23320	0.0	0.057	0.033	-0.024	0.527
2way	1	0.0	1.065			AT1G30650	0.0	0.049	0.031	-0.018	0.529
2way	1	0.0	1.065			AT2G30250	-0.037	0.111	0.091	-0.02	0.529
2way	1	0.0	1.065			AT3G12250	0.0	0.09	0.063	-0.027	0.534
2way	1	0.0	1.065			AT5G53950	0.0	0.024	0.007	-0.016	0.534
2way	1	0.0	1.065			AT1G76420	0.0	0.044	0.025	-0.019	0.539
2way	1	0.0	1.065			AT3G24520	-0.141	0.045	0.062	0.017	0.54
2way	1	0.0	1.065			AT5G10030	0.0	0.097	0.074	-0.023	0.541
2way	1	0.0	1.065			AT1G53230	0.0	0.008	0.015	0.006	0.544
2way	1	0.0	1.065			AT5G07680	0.0	0.01	0.003	-0.007	0.544
2way	1	0.0	1.065			AT1G22810	0.0	0.05	0.033	-0.017	0.55
2way	1	0.0	1.065			AT2G03500	0.0	0.057	0.034	-0.022	0.55
2way	1	0.0	1.065			AT3G12730	0.0	0.052	0.03	-0.022	0.55
2way	1	0.0	1.065			AT4G29230	0.0	0.029	0.017	-0.012	0.556
2way	1	0.0	1.065			AT4G22070	0.0	0.023	0.009	-0.014	0.559
2way	1	0.0	1.065			AT1G76890	0.0	0.06	0.041	-0.019	0.56
2way	1	0.0	1.065			AT3G26620	0.0	0.031	0.018	-0.013	0.561
2way	1	0.0	1.065			AT1G01720	0.554	0.063	0.043	-0.02	0.569
2way	1	0.0	1.065			AT1G69490	0.0	0.061	0.045	-0.016	0.569
2way	1	0.0	1.065			AT5G29000	0.0	0.061	0.043	-0.018	0.569
2way	1	0.0	1.065			AT1G27730	0.324	0.08	0.061	-0.019	0.575
2way	1	0.0	1.065			AT1G72010	0.113	0.035	0.019	-0.016	0.575
2way	1	0.0	1.065			AT5G44210	0.0	0.037	0.022	-0.015	0.575
2way	1	0.0	1.065			AT5G09410	0.0	0.031	0.019	-0.012	0.578
2way	1	0.0	1.065			AT1G19040	0.0	0.002	0.0	-0.002	0.579
2way	1	0.0	1.065			AT1G23810	0.0	0.003	0.005	0.002	0.579
2way	1	0.0	1.065			AT2G21900	0.0	0.001	0.004	0.004	0.579
2way	1	0.0	1.065			AT4G17460	0.0	0.003	0.0	-0.003	0.579
2way	1	0.0	1.065			AT4G27900	0.0	0.004	0.007	0.003	0.579
2way	1	0.0	1.065			AT4G28110	0.0	0.005	0.0	-0.005	0.579
2way	1	0.0	1.065			AT5G10510	0.0	0.0	0.004	0.003	0.579
2way	1	0.0	1.065			AT4G01280	0.0	0.074	0.053	-0.021	0.585
2way	1	0.0	1.065			AT5G02460	0.0	0.07	0.053	-0.017	0.585
2way	1	0.0	1.065			AT5G22990	0.0	0.079	0.062	-0.017	0.585
2way	1	0.0	1.065			AT1G18570	0.0	0.035	0.023	-0.013	0.587
2way	1	0.0	1.065			AT5G50570	0.0	0.01	0.019	0.009	0.587
2way	1	0.0	1.065			AT5G51990	0.0	0.066	0.086	0.021	0.587
2way	1	0.0	1.065			AT1G43700	0.0	0.014	0.002	-0.013	0.588
2way	1	0.0	1.065			AT5G08130	0.0	0.011	0.021	0.01	0.588
2way	1	0.0	1.065			AT2G38090	0.0	0.003	0.0	-0.003	0.592
2way	1	0.0	1.065			AT3G13040	0.0	0.0	0.007	0.006	0.592
2way	1	0.0	1.065			AT3G49530	0.165	0.086	0.068	-0.018	0.592
2way	1	0.0	1.065			AT4G16750	0.0	0.07	0.052	-0.017	0.592
2way	1	0.0	1.065			AT4G25490	-0.482	0.063	0.083	0.02	0.592
2way	1	0.0	1.065			AT5G18090	0.0	0.0	0.006	0.006	0.592
2way	1	0.0	1.065			AT1G36060	0.0	0.033	0.015	-0.018	0.593
2way	1	0.0	1.065			AT3G45170	0.0	0.004	0.0	-0.004	0.593
2way	1	0.0	1.065			AT3G48160	0.0	0.001	0.003	0.002	0.593
2way	1	0.0	1.065			AT4G01720	0.0	0.003	0.0	-0.003	0.593
2way	1	0.0	1.065			AT4G05100	0.0	0.031	0.016	-0.015	0.593
2way	1	0.0	1.065			AT4G30080	0.0	0.001	0.005	0.003	0.593
2way	1	0.0	1.065			AT5G08330	0.068	0.035	0.021	-0.014	0.593
2way	1	0.0	1.065			AT3G27010	0.0	0.033	0.045	0.012	0.594
2way	1	0.0	1.065			AT3G50700	0.0	0.014	0.006	-0.008	0.594
2way	1	0.0	1.065			AT4G01500	0.0	0.015	0.006	-0.009	0.594
2way	1	0.0	1.065			AT4G17785	0.0	0.017	0.007	-0.01	0.594
2way	1	0.0	1.065			AT5G65310	0.0	0.073	0.052	-0.021	0.6
2way	1	0.0	1.065			AT3G09600	0.772	0.081	0.06	-0.021	0.601
2way	1	0.0	1.065			AT1G51220	0.0	0.035	0.024	-0.011	0.606
2way	1	0.0	1.065			AT2G02070	0.0	0.035	0.021	-0.014	0.606
2way	1	0.0	1.065			AT3G22830	0.0	0.032	0.045	0.014	0.606
2way	1	0.0	1.065			AT5G18560	0.0	0.043	0.025	-0.017	0.606
2way	1	0.0	1.065			AT1G02230	0.0	0.028	0.044	0.016	0.608
2way	1	0.0	1.065			AT1G51700	0.0	0.046	0.033	-0.013	0.608
2way	1	0.0	1.065			AT3G10500	0.0	0.102	0.083	-0.019	0.619
2way	1	0.0	1.065			AT4G23550	0.0	0.046	0.028	-0.017	0.619
2way	1	0.0	1.065			AT1G06850	0.0	0.043	0.029	-0.014	0.62
2way	1	0.0	1.065			AT1G70920	0.0	0.046	0.032	-0.015	0.62
2way	1	0.0	1.065			AT2G22430	0.0	0.05	0.038	-0.012	0.62
2way	1	0.0	1.065			AT2G40740	0.0	0.04	0.027	-0.013	0.62
2way	1	0.0	1.065			AT3G18990	-0.154	0.035	0.052	0.017	0.62
2way	1	0.0	1.065			AT4G18890	0.0	0.01	0.019	0.01	0.621
2way	1	0.0	1.065			AT5G65510	0.0	0.021	0.011	-0.01	0.621
2way	1	0.0	1.065			AT2G30340	0.0	0.045	0.031	-0.014	0.63
2way	1	0.0	1.065			AT3G21890	0.0	0.109	0.091	-0.018	0.63
2way	1	0.0	1.065			AT3G57920	0.0	0.037	0.051	0.014	0.63
2way	1	0.0	1.065			AT1G49560	0.0	0.041	0.026	-0.015	0.632
2way	1	0.0	1.065			AT2G44940	0.0	0.104	0.121	0.017	0.632
2way	1	0.0	1.065			AT4G32800	0.327	0.023	0.013	-0.011	0.632
2way	1	0.0	1.065			AT4G00730	0.0	0.05	0.036	-0.013	0.64
2way	1	0.0	1.065			AT4G26030	0.0	0.049	0.035	-0.014	0.64
2way	1	0.0	1.065			AT5G06100	0.0	0.045	0.056	0.011	0.64
2way	1	0.0	1.065			AT5G04410	0.295	0.043	0.027	-0.016	0.641
2way	1	0.0	1.065			AT5G13080	-0.897	0.113	0.129	0.016	0.644
2way	1	0.0	1.065			AT2G35530	-0.854	0.106	0.127	0.021	0.649
2way	1	0.0	1.065			AT5G63090	0.0	0.022	0.01	-0.012	0.649
2way	1	0.0	1.065			AT1G69780	0.0	0.047	0.036	-0.011	0.65
2way	1	0.0	1.065			AT1G74650	-0.256	0.053	0.068	0.015	0.65
2way	1	0.0	1.065			AT4G31800	-0.365	0.12	0.136	0.017	0.652
2way	1	0.0	1.065			AT5G18270	0.0	0.133	0.114	-0.019	0.658
2way	1	0.0	1.065			AT2G33710	0.0	0.07	0.056	-0.014	0.668
2way	1	0.0	1.065			AT1G24250	0.0	0.019	0.01	-0.009	0.672
2way	1	0.0	1.065			AT3G30210	0.0	0.028	0.017	-0.01	0.672
2way	1	0.0	1.065			AT4G11660	0.0	0.022	0.034	0.012	0.672
2way	1	0.0	1.065			AT1G28160	0.0	0.07	0.052	-0.018	0.673
2way	1	0.0	1.065			AT2G22540	0.0	0.053	0.069	0.016	0.673
2way	1	0.0	1.065			AT1G76110	-0.293	0.019	0.028	0.009	0.678
2way	1	0.0	1.065			AT2G31230	-0.948	0.057	0.075	0.018	0.679
2way	1	0.0	1.065			AT1G68550	0.0	0.078	0.066	-0.012	0.685
2way	1	0.0	1.065			AT5G23930	0.0	0.071	0.089	0.018	0.685
2way	1	0.0	1.065			AT3G15170	0.0	0.024	0.011	-0.013	0.687
2way	1	0.0	1.065			AT1G06180	0.0	0.03	0.02	-0.01	0.689
2way	1	0.0	1.065			AT1G68670	0.0	0.03	0.017	-0.013	0.689
2way	1	0.0	1.065			AT5G66300	0.0	0.021	0.011	-0.011	0.689
2way	1	0.0	1.065			AT3G51080	0.0	0.008	0.003	-0.005	0.69
2way	1	0.0	1.065			AT4G28140	0.0	0.008	0.0	-0.008	0.69
2way	1	0.0	1.065			AT5G10140	0.0	0.008	0.001	-0.007	0.69
2way	1	0.0	1.065			AT1G77640	0.0	0.008	0.002	-0.006	0.692
2way	1	0.0	1.065			AT3G13350	0.0	0.009	0.0	-0.009	0.692
2way	1	0.0	1.065			AT3G30530	0.0	0.008	0.004	-0.004	0.692
2way	1	0.0	1.065			AT3G57230	0.0	0.009	0.003	-0.006	0.692
2way	1	0.0	1.065			AT4G24020	0.0	0.008	0.007	-0.001	0.692
2way	1	0.0	1.065			AT5G46350	0.0	0.025	0.017	-0.009	0.692
2way	1	0.0	1.065			AT4G25480	0.0	0.066	0.077	0.012	0.696
2way	1	0.0	1.065			AT1G69560	0.0	0.004	0.011	0.007	0.702
2way	1	0.0	1.065			AT5G14340	0.0	0.007	0.003	-0.004	0.702
2way	1	0.0	1.065			AT1G53170	0.0	0.1	0.081	-0.019	0.709
2way	1	0.0	1.065			AT1G78700	0.0	0.082	0.069	-0.014	0.71
2way	1	0.0	1.065			AT1G03840	0.0	0.03	0.023	-0.007	0.716
2way	1	0.0	1.065			AT1G12610	0.0	0.032	0.04	0.008	0.716
2way	1	0.0	1.065			AT1G20980	0.0	0.028	0.036	0.008	0.716
2way	1	0.0	1.065			AT1G62300	0.0	0.03	0.022	-0.008	0.716
2way	1	0.0	1.065			AT4G01250	-0.192	0.08	0.091	0.011	0.719
2way	1	0.0	1.065			AT5G24110	0.0	0.036	0.026	-0.01	0.719
2way	1	0.0	1.065			AT1G75490	0.0	0.045	0.034	-0.011	0.726
2way	1	0.0	1.065			AT2G01060	0.0	0.037	0.029	-0.008	0.726
2way	1	0.0	1.065			AT3G13810	0.0	0.031	0.023	-0.008	0.726
2way	1	0.0	1.065			AT5G17800	0.0	0.035	0.047	0.012	0.726
2way	1	0.0	1.065			AT5G18450	0.0	0.039	0.029	-0.01	0.726
2way	1	0.0	1.065			AT5G47660	0.0	0.035	0.024	-0.011	0.726
2way	1	0.0	1.065			AT5G60130	0.0	0.04	0.031	-0.008	0.728
2way	1	0.0	1.065			AT5G62000	0.0	0.034	0.044	0.01	0.728
2way	1	0.0	1.065			AT1G32150	0.0	0.112	0.124	0.012	0.73
2way	1	0.0	1.065			AT5G52830	0.0	0.036	0.031	-0.006	0.736
2way	1	0.0	1.065			AT3G08500	0.0	0.033	0.046	0.012	0.737
2way	1	0.0	1.065			AT1G66370	0.0	0.009	0.015	0.005	0.742
2way	1	0.0	1.065			AT2G38300	0.0	0.008	0.012	0.004	0.742
2way	1	0.0	1.065			AT3G60530	0.0	0.01	0.004	-0.006	0.742
2way	1	0.0	1.065			AT1G25340	0.0	0.039	0.026	-0.012	0.744
2way	1	0.0	1.065			AT1G28470	-0.519	0.046	0.054	0.008	0.744
2way	1	0.0	1.065			AT1G31140	0.0	0.038	0.025	-0.013	0.745
2way	1	0.0	1.065			AT1G71696	-0.078	0.034	0.044	0.01	0.745
2way	1	0.0	1.065			AT5G16820	0.0	0.04	0.053	0.012	0.745
2way	1	0.0	1.065			AT5G62320	0.0	0.039	0.03	-0.009	0.745
2way	1	0.0	1.065			AT2G42590	0.0	0.008	0.001	-0.008	0.746
2way	1	0.0	1.065			AT3G04070	0.0	0.013	0.008	-0.005	0.746
2way	1	0.0	1.065			AT5G13910	0.0	0.01	0.007	-0.003	0.746
2way	1	0.0	1.065			AT3G60490	0.0	0.043	0.031	-0.012	0.752
2way	1	0.0	1.065			AT5G62940	0.0	0.049	0.038	-0.011	0.752
2way	1	0.0	1.065			AT2G03340	0.0	0.012	0.007	-0.005	0.755
2way	1	0.0	1.065			AT4G31550	0.0	0.005	0.01	0.004	0.755
2way	1	0.0	1.065			AT1G16490	0.0	0.048	0.038	-0.009	0.759
2way	1	0.0	1.065			AT1G26960	0.0	0.045	0.034	-0.011	0.759
2way	1	0.0	1.065			AT2G18350	0.0	0.045	0.034	-0.011	0.759
2way	1	0.0	1.065			AT2G23290	0.0	0.055	0.049	-0.007	0.759
2way	1	0.0	1.065			AT3G50060	0.0	0.118	0.106	-0.011	0.759
2way	1	0.0	1.065			AT5G58850	-0.055	0.048	0.055	0.007	0.759
2way	1	0.0	1.065			AT1G34180	0.0	0.049	0.04	-0.009	0.765
2way	1	0.0	1.065			AT2G02080	0.0	0.048	0.038	-0.01	0.765
2way	1	0.0	1.065			AT2G20400	0.0	0.061	0.047	-0.014	0.765
2way	1	0.0	1.065			AT3G61150	0.0	0.047	0.04	-0.008	0.765
2way	1	0.0	1.065			AT1G34190	-0.254	0.046	0.056	0.01	0.766
2way	1	0.0	1.065			AT4G01540	0.0	0.045	0.056	0.011	0.766
2way	1	0.0	1.065			AT4G17980	0.0	0.055	0.048	-0.007	0.766
2way	1	0.0	1.065			AT1G09540	0.0	0.046	0.06	0.014	0.771
2way	1	0.0	1.065			AT3G01220	0.0	0.058	0.047	-0.011	0.771
2way	1	0.0	1.065			AT5G67450	0.0	0.012	0.007	-0.005	0.774
2way	1	0.0	1.065			AT1G12630	0.0	0.059	0.047	-0.011	0.776
2way	1	0.0	1.065			AT1G32240	0.0	0.012	0.008	-0.004	0.776
2way	1	0.0	1.065			AT4G31060	0.0	0.061	0.051	-0.01	0.776
2way	1	0.0	1.065			AT5G67190	0.0	0.061	0.052	-0.009	0.776
2way	1	0.0	1.065			AT1G13300	0.0	0.014	0.009	-0.005	0.777
2way	1	0.0	1.065			AT5G39820	0.0	0.014	0.017	0.003	0.78
2way	1	0.0	1.065			AT1G50640	0.0	0.074	0.062	-0.012	0.781
2way	1	0.0	1.065			AT3G52440	0.0	0.065	0.052	-0.014	0.781
2way	1	0.0	1.065			AT5G60850	0.0	0.067	0.053	-0.013	0.781
2way	1	0.0	1.065			AT4G38000	0.0	0.068	0.058	-0.009	0.785
2way	1	0.0	1.065			AT5G06950	-0.221	0.065	0.075	0.01	0.785
2way	1	0.0	1.065			AT2G38340	0.0	0.162	0.152	-0.01	0.79
2way	1	0.0	1.065			AT1G01060	-0.411	0.07	0.08	0.01	0.793
2way	1	0.0	1.065			AT4G32730	0.0	0.07	0.059	-0.011	0.796
2way	1	0.0	1.065			AT1G69690	0.0	0.016	0.011	-0.005	0.797
2way	1	0.0	1.065			AT1G75080	0.0	0.01	0.014	0.004	0.797
2way	1	0.0	1.065			AT3G01470	0.0	0.015	0.012	-0.003	0.797
2way	1	0.0	1.065			AT4G24470	0.216	0.018	0.012	-0.006	0.797
2way	1	0.0	1.065			AT5G10280	0.0	0.015	0.011	-0.005	0.799
2way	1	0.0	1.065			AT1G14580	0.0	0.016	0.011	-0.005	0.8
2way	1	0.0	1.065			AT1G19210	0.0	0.079	0.07	-0.009	0.803
2way	1	0.0	1.065			AT3G50260	0.0	0.084	0.074	-0.01	0.805
2way	1	0.0	1.065			AT4G36780	0.671	0.08	0.067	-0.013	0.805
2way	1	0.0	1.065			AT1G13260	0.0	0.047	0.038	-0.009	0.813
2way	1	0.0	1.065			AT1G44830	0.0	0.047	0.038	-0.009	0.813
2way	1	0.0	1.065			AT2G04038	0.0	0.107	0.095	-0.012	0.813
2way	1	0.0	1.065			AT3G21175	0.0	0.02	0.019	-0.001	0.813
2way	1	0.0	1.065			AT5G46590	0.0	0.019	0.017	-0.002	0.813
2way	1	0.0	1.065			AT3G61250	0.0	0.013	0.018	0.004	0.814
2way	1	0.0	1.065			AT3G20770	0.0	0.026	0.021	-0.005	0.817
2way	1	0.0	1.065			AT3G56850	0.0	0.101	0.093	-0.008	0.817
2way	1	0.0	1.065			AT1G08010	0.0	0.026	0.017	-0.008	0.826
2way	1	0.0	1.065			AT1G19790	0.0	0.016	0.02	0.004	0.826
2way	1	0.0	1.065			AT2G28920	0.0	0.031	0.024	-0.007	0.826
2way	1	0.0	1.065			AT1G75390	0.0	0.026	0.022	-0.003	0.828
2way	1	0.0	1.065			AT3G26790	0.0	0.021	0.018	-0.003	0.828
2way	1	0.0	1.065			AT5G13790	0.0	0.023	0.019	-0.004	0.828
2way	1	0.0	1.065			AT5G61600	0.0	0.053	0.061	0.007	0.828
2way	1	0.0	1.065			AT2G06200	0.0	0.024	0.019	-0.005	0.837
2way	1	0.0	1.065			AT3G23220	0.0	0.031	0.024	-0.007	0.837
2way	1	0.0	1.065			AT1G79180	0.0	0.026	0.028	0.002	0.845
2way	1	0.0	1.065			AT3G12130	0.0	0.038	0.03	-0.007	0.845
2way	1	0.0	1.065			AT3G27785	0.0	0.028	0.026	-0.002	0.845
2way	1	0.0	1.065			AT5G65130	0.0	0.026	0.018	-0.008	0.845
2way	1	0.0	1.065			AT5G67580	0.0	0.025	0.018	-0.008	0.845
2way	1	0.0	1.065			AT5G47220	0.0	0.069	0.076	0.007	0.846
2way	1	0.0	1.065			AT1G02250	0.0	0.032	0.029	-0.004	0.852
2way	1	0.0	1.065			AT1G20910	0.0	0.029	0.024	-0.005	0.852
2way	1	0.0	1.065			AT4G34590	0.0	0.036	0.031	-0.006	0.852
2way	1	0.0	1.065			AT5G04390	0.0	0.031	0.027	-0.004	0.852
2way	1	0.0	1.065			AT2G26960	0.0	0.034	0.041	0.008	0.853
2way	1	0.0	1.065			AT4G01550	0.0	0.039	0.033	-0.007	0.858
2way	1	0.0	1.065			AT3G50410	0.0	0.039	0.037	-0.002	0.859
2way	1	0.0	1.065			AT4G27950	0.0	0.039	0.033	-0.006	0.859
2way	1	0.0	1.065			AT3G09735	0.0	0.037	0.04	0.003	0.864
2way	1	0.0	1.065			AT4G18770	0.0	0.027	0.032	0.005	0.865
2way	1	0.0	1.065			AT1G55110	0.0	0.038	0.036	-0.003	0.869
2way	1	0.0	1.065			AT1G74480	0.0	0.034	0.028	-0.006	0.869
2way	1	0.0	1.065			AT3G23240	0.0	0.038	0.044	0.006	0.869
2way	1	0.0	1.065			AT2G01940	0.0	0.041	0.037	-0.004	0.873
2way	1	0.0	1.065			AT2G46680	0.0	0.049	0.045	-0.004	0.873
2way	1	0.0	1.065			AT3G10800	0.0	0.052	0.047	-0.004	0.873
2way	1	0.0	1.065			AT3G12720	0.0	0.038	0.041	0.003	0.873
2way	1	0.0	1.065			AT5G45300	0.0	0.036	0.039	0.003	0.873
2way	1	0.0	1.065			AT3G47500	-0.17	0.115	0.106	-0.009	0.876
2way	1	0.0	1.065			AT3G10480	0.0	0.046	0.042	-0.005	0.877
2way	1	0.0	1.065			AT4G37260	0.0	0.115	0.121	0.006	0.878
2way	1	0.0	1.065			AT2G28810	0.0	0.054	0.05	-0.004	0.88
2way	1	0.0	1.065			AT5G63260	0.0	0.056	0.047	-0.009	0.883
2way	1	0.0	1.065			AT5G66940	0.0	0.054	0.051	-0.004	0.883
2way	1	0.0	1.065			AT2G23340	0.0	0.048	0.053	0.005	0.884
2way	1	0.0	1.065			AT2G35700	0.0	0.049	0.043	-0.006	0.886
2way	1	0.0	1.065			AT5G03790	0.0	0.069	0.061	-0.008	0.886
2way	1	0.0	1.065			AT1G77200	0.0	0.066	0.064	-0.003	0.888
2way	1	0.0	1.065			AT5G52660	0.0	0.062	0.068	0.006	0.888
2way	1	0.0	1.065			AT4G25470	0.0	0.065	0.061	-0.004	0.889
2way	1	0.0	1.065			AT1G52880	-0.216	0.06	0.058	-0.002	0.89
2way	1	0.0	1.065			AT3G55370	0.0	0.067	0.06	-0.007	0.89
2way	1	0.0	1.065			AT5G64750	0.0	0.073	0.067	-0.005	0.891
2way	1	0.0	1.065			AT2G43000	0.0	0.068	0.065	-0.003	0.893
2way	1	0.0	1.065			AT1G03800	-0.021	0.093	0.095	0.002	0.898
2way	1	0.0	1.065			AT1G13400	0.0	0.01	0.011	0.001	1.0
2way	1	0.0	1.065			AT1G17950	0.0	0.0	0.0	-0.0	1.0
2way	1	0.0	1.065			AT1G18960	0.0	0.001	0.002	0.001	1.0
2way	1	0.0	1.065			AT1G21910	0.0	0.016	0.015	-0.0	1.0
2way	1	0.0	1.065			AT1G27360	0.0	0.001	0.0	-0.001	1.0
2way	1	0.0	1.065			AT1G30210	0.0	0.0	0.001	0.001	1.0
2way	1	0.0	1.065			AT1G32510	0.0	0.001	0.002	0.001	1.0
2way	1	0.0	1.065			AT1G32870	0.0	0.036	0.035	-0.001	1.0
2way	1	0.0	1.065			AT1G34370	0.0	0.009	0.01	0.001	1.0
2way	1	0.0	1.065			AT1G45249	0.0	0.057	0.057	-0.0	1.0
2way	1	0.0	1.065			AT1G46264	0.0	0.002	0.0	-0.002	1.0
2way	1	0.0	1.065			AT1G47655	0.0	0.037	0.039	0.002	1.0
2way	1	0.0	1.065			AT1G47870	0.0	0.0	0.0	-0.0	1.0
2way	1	0.0	1.065			AT1G51600	0.0	0.003	0.0	-0.003	1.0
2way	1	0.0	1.065			AT1G60920	0.0	0.0	0.0	-0.0	1.0
2way	1	0.0	1.065			AT1G63030	0.0	0.009	0.007	-0.002	1.0
2way	1	0.0	1.065			AT1G63040	0.0	0.002	0.0	-0.002	1.0
2way	1	0.0	1.065			AT1G65620	0.0	0.005	0.005	-0.0	1.0
2way	1	0.0	1.065			AT1G66420	0.0	0.0	0.0	-0.0	1.0
2way	1	0.0	1.065			AT1G67260	0.0	0.0	0.0	-0.0	1.0
2way	1	0.0	1.065			AT1G69180	0.0	0.042	0.043	0.002	1.0
2way	1	0.0	1.065			AT1G70910	0.0	0.0	0.0	-0.0	1.0
2way	1	0.0	1.065			AT1G72360	0.0	0.004	0.006	0.001	1.0
2way	1	0.0	1.065			AT1G72740	0.0	0.023	0.019	-0.005	1.0
2way	1	0.0	1.065			AT1G74370	0.0	0.001	0.0	-0.001	1.0
2way	1	0.0	1.065			AT1G76870	0.0	0.002	0.0	-0.002	1.0
2way	1	0.0	1.065			AT1G76880	0.0	0.003	0.0	-0.003	1.0
2way	1	0.0	1.065			AT1G80840	0.0	0.004	0.0	-0.004	1.0
2way	1	0.0	1.065			AT2G01930	0.0	0.053	0.055	0.002	1.0
2way	1	0.0	1.065			AT2G15660	0.0	0.005	0.006	0.001	1.0
2way	1	0.0	1.065			AT2G17410	0.0	0.002	0.001	-0.002	1.0
2way	1	0.0	1.065			AT2G17900	0.0	0.001	0.002	0.0	1.0
2way	1	0.0	1.065			AT2G18160	0.0	0.102	0.1	-0.002	1.0
2way	1	0.0	1.065			AT2G20110	0.0	0.049	0.052	0.002	1.0
2way	1	0.0	1.065			AT2G24570	0.0	0.004	0.003	-0.001	1.0
2way	1	0.0	1.065			AT2G31460	0.0	0.0	0.0	-0.0	1.0
2way	1	0.0	1.065			AT2G33550	0.0	0.022	0.019	-0.003	1.0
2way	1	0.0	1.065			AT2G33810	0.0	0.008	0.01	0.003	1.0
2way	1	0.0	1.065			AT2G36270	0.0	0.105	0.105	0.0	1.0
2way	1	0.0	1.065			AT2G38880	0.0	0.002	0.0	-0.002	1.0
2way	1	0.0	1.065			AT2G39900	0.0	0.0	0.0	0.0	1.0
2way	1	0.0	1.065			AT2G41690	0.0	0.011	0.01	-0.001	1.0
2way	1	0.0	1.065			AT2G41835	0.0	0.001	0.0	-0.001	1.0
2way	1	0.0	1.065			AT2G42200	0.0	0.051	0.051	0.0	1.0
2way	1	0.0	1.065			AT2G45680	0.0	0.011	0.008	-0.002	1.0
2way	1	0.0	1.065			AT2G46130	0.0	0.009	0.007	-0.002	1.0
2way	1	0.0	1.065			AT2G46400	0.0	0.004	0.0	-0.004	1.0
2way	1	0.0	1.065			AT2G48100	0.0	0.0	0.0	-0.0	1.0
2way	1	0.0	1.065			AT3G02150	0.0	0.002	0.005	0.003	1.0
2way	1	0.0	1.065			AT3G02990	0.0	0.006	0.007	0.0	1.0
2way	1	0.0	1.065			AT3G03660	0.0	0.0	0.0	-0.0	1.0
2way	1	0.0	1.065			AT3G07220	0.0	0.0	0.001	0.001	1.0
2way	1	0.0	1.065			AT3G09230	0.0	0.001	0.002	0.001	1.0
2way	1	0.0	1.065			AT3G10030	0.0	0.016	0.014	-0.002	1.0
2way	1	0.0	1.065			AT3G10113	0.0	0.06	0.061	0.002	1.0
2way	1	0.0	1.065			AT3G11440	0.0	0.058	0.057	-0.001	1.0
2way	1	0.0	1.065			AT3G12820	0.0	0.017	0.014	-0.002	1.0
2way	1	0.0	1.065			AT3G12910	0.0	0.001	0.0	-0.001	1.0
2way	1	0.0	1.065			AT3G15210	0.0	0.195	0.197	0.002	1.0
2way	1	0.0	1.065			AT3G16280	0.0	0.043	0.042	-0.001	1.0
2way	1	0.0	1.065			AT3G20310	0.0	0.097	0.095	-0.002	1.0
2way	1	0.0	1.065			AT3G20840	0.0	0.004	0.005	0.001	1.0
2way	1	0.0	1.065			AT3G22780	0.0	0.001	0.0	-0.001	1.0
2way	1	0.0	1.065			AT3G23250	0.0	0.008	0.008	0.0	1.0
2way	1	0.0	1.065			AT3G25990	0.0	0.019	0.019	0.001	1.0
2way	1	0.0	1.065			AT3G42860	0.0	0.051	0.053	0.002	1.0
2way	1	0.0	1.065			AT3G45610	0.0	0.054	0.053	-0.001	1.0
2way	1	0.0	1.065			AT3G46070	0.0	0.0	0.003	0.003	1.0
2way	1	0.0	1.065			AT3G46590	0.0	0.007	0.006	-0.001	1.0
2way	1	0.0	1.065			AT3G47600	0.0	0.007	0.006	-0.001	1.0
2way	1	0.0	1.065			AT3G47620	0.0	0.0	0.001	0.001	1.0
2way	1	0.0	1.065			AT3G49930	0.0	0.0	0.0	-0.0	1.0
2way	1	0.0	1.065			AT3G51470	0.0	0.001	0.003	0.001	1.0
2way	1	0.0	1.065			AT3G58630	0.0	0.013	0.012	-0.001	1.0
2way	1	0.0	1.065			AT3G60580	0.0	0.023	0.021	-0.002	1.0
2way	1	0.0	1.065			AT3G62420	0.0	0.116	0.116	-0.0	1.0
2way	1	0.0	1.065			AT4G04450	0.0	0.003	0.0	-0.003	1.0
2way	1	0.0	1.065			AT4G06746	0.0	0.067	0.068	0.002	1.0
2way	1	0.0	1.065			AT4G12670	0.0	0.0	0.0	-0.0	1.0
2way	1	0.0	1.065			AT4G14410	0.0	0.0	0.001	0.001	1.0
2way	1	0.0	1.065			AT4G14770	0.0	0.043	0.043	0.001	1.0
2way	1	0.0	1.065			AT4G18450	0.0	0.009	0.01	0.001	1.0
2way	1	0.0	1.065			AT4G24240	0.0	0.0	0.0	-0.0	1.0
2way	1	0.0	1.065			AT4G28500	0.0	0.038	0.034	-0.004	1.0
2way	1	0.0	1.065			AT4G36620	0.0	0.002	0.0	-0.002	1.0
2way	1	0.0	1.065			AT4G37790	0.0	0.001	0.003	0.002	1.0
2way	1	0.0	1.065			AT4G38620	0.0	0.004	0.001	-0.003	1.0
2way	1	0.0	1.065			AT4G38910	0.0	0.001	0.0	-0.001	1.0
2way	1	0.0	1.065			AT5G02840	0.0	0.04	0.043	0.003	1.0
2way	1	0.0	1.065			AT5G03150	0.0	0.017	0.016	-0.001	1.0
2way	1	0.0	1.065			AT5G05550	-0.149	0.085	0.084	-0.001	1.0
2way	1	0.0	1.065			AT5G08070	0.0	0.001	0.0	-0.001	1.0
2way	1	0.0	1.065			AT5G08750	0.0	0.002	0.002	0.0	1.0
2way	1	0.0	1.065			AT5G11260	0.0	0.101	0.101	0.0	1.0
2way	1	0.0	1.065			AT5G14960	0.0	0.01	0.007	-0.002	1.0
2way	1	0.0	1.065			AT5G15830	0.0	0.115	0.115	-0.0	1.0
2way	1	0.0	1.065			AT5G16600	0.0	0.002	0.0	-0.002	1.0
2way	1	0.0	1.065			AT5G22890	0.0	0.001	0.0	-0.001	1.0
2way	1	0.0	1.065			AT5G25390	0.0	0.004	0.004	-0.001	1.0
2way	1	0.0	1.065			AT5G25475	0.0	0.001	0.0	-0.001	1.0
2way	1	0.0	1.065			AT5G38860	0.0	0.001	0.002	0.001	1.0
2way	1	0.0	1.065			AT5G40330	0.0	0.002	0.005	0.002	1.0
2way	1	0.0	1.065			AT5G42520	0.0	0.001	0.0	-0.001	1.0
2way	1	0.0	1.065			AT5G42820	0.0	0.002	0.001	-0.001	1.0
2way	1	0.0	1.065			AT5G43840	0.0	0.006	0.007	0.002	1.0
2way	1	0.0	1.065			AT5G44160	0.0	0.006	0.008	0.003	1.0
2way	1	0.0	1.065			AT5G48670	0.0	0.001	0.0	-0.001	1.0
2way	1	0.0	1.065			AT5G49300	0.0	0.0	0.0	-0.0	1.0
2way	1	0.0	1.065			AT5G56930	0.0	0.002	0.0	-0.002	1.0
2way	1	0.0	1.065			AT5G58620	0.0	0.0	0.0	-0.0	1.0
2way	1	0.0	1.065			AT5G59990	0.0	0.009	0.012	0.004	1.0
2way	1	0.0	1.065			AT5G61270	0.0	0.004	0.0	-0.004	1.0
2way	1	0.0	1.065			AT5G64060	0.0	0.078	0.076	-0.002	1.0
2way	1	0.0	1.065			AT5G67000	0.0	0.001	0.0	-0.001	1.0
2way	1	0.0	1.065			AT5G67300	0.0	0.003	0.006	0.003	1.0
2way	3	0.536	0.628			AT1G25580	1.578	0.415	0.235	-0.18	0.00337
2way	3	0.536	0.628			AT1G28370	-0.755	0.085	0.202	0.117	0.014
2way	3	0.536	0.628			AT3G47600	0.0	0.019	0.0	-0.018	0.023
2way	3	0.536	0.628			AT3G10500	1.087	0.213	0.116	-0.097	0.035
2way	3	0.536	0.628			AT1G64620	0.53	0.191	0.116	-0.076	0.078
2way	3	0.536	0.628			AT1G18570	1.081	0.021	0.0	-0.021	0.082
2way	3	0.536	0.628			AT1G76870	0.972	0.02	0.0	-0.02	0.082
2way	3	0.536	0.628			AT3G15210	0.0	0.138	0.227	0.089	0.093
2way	3	0.536	0.628			AT5G64060	0.285	0.277	0.189	-0.088	0.101
2way	3	0.536	0.628			AT5G14960	0.777	0.057	0.012	-0.045	0.11
2way	3	0.536	0.628			AT5G05790	0.754	0.047	0.008	-0.039	0.119
2way	3	0.536	0.628			AT1G18330	-0.601	0.032	0.077	0.045	0.145
2way	3	0.536	0.628			AT1G69490	-1.571	0.025	0.078	0.053	0.162
2way	3	0.536	0.628			AT3G21890	0.455	0.191	0.124	-0.067	0.162
2way	3	0.536	0.628			AT4G06746	-0.197	0.021	0.064	0.043	0.167
2way	3	0.536	0.628			AT2G30340	-0.179	0.008	0.055	0.047	0.174
2way	3	0.536	0.628			AT4G34410	-0.104	0.037	0.094	0.057	0.187
2way	3	0.536	0.628			AT1G24250	0.662	0.038	0.008	-0.029	0.191
2way	3	0.536	0.628			AT2G38340	-0.355	0.085	0.142	0.057	0.198
2way	3	0.536	0.628			AT3G11280	0.0	0.04	0.009	-0.031	0.208
2way	3	0.536	0.628			AT4G29230	0.0	0.192	0.127	-0.065	0.224
2way	3	0.536	0.628			AT3G04060	-0.426	0.106	0.159	0.052	0.231
2way	3	0.536	0.628			AT5G25190	-0.025	0.117	0.176	0.059	0.242
2way	3	0.536	0.628			AT4G37260	0.375	0.106	0.069	-0.038	0.264
2way	3	0.536	0.628			AT1G22810	0.0	0.03	0.07	0.041	0.279
2way	3	0.536	0.628			AT1G52880	0.0	0.023	0.072	0.049	0.282
2way	3	0.536	0.628			AT3G57920	-0.991	0.01	0.046	0.036	0.284
2way	3	0.536	0.628			AT1G02230	0.758	0.134	0.075	-0.059	0.287
2way	3	0.536	0.628			AT2G39900	0.0	0.01	0.0	-0.01	0.287
2way	3	0.536	0.628			AT2G48100	0.0	0.006	0.0	-0.006	0.287
2way	3	0.536	0.628			AT3G61120	0.0	0.007	0.0	-0.007	0.287
2way	3	0.536	0.628			AT1G13260	-0.36	0.032	0.069	0.037	0.296
2way	3	0.536	0.628			AT5G13180	-0.044	0.027	0.071	0.045	0.296
2way	3	0.536	0.628			AT1G09540	0.0	0.066	0.034	-0.032	0.298
2way	3	0.536	0.628			AT2G44840	-0.061	0.064	0.107	0.043	0.298
2way	3	0.536	0.628			AT1G53170	0.0	0.062	0.118	0.055	0.304
2way	3	0.536	0.628			AT1G36060	0.0	0.004	0.037	0.033	0.307
2way	3	0.536	0.628			AT1G75490	0.0	0.006	0.033	0.027	0.307
2way	3	0.536	0.628			AT3G08500	0.0	0.05	0.019	-0.031	0.307
2way	3	0.536	0.628			AT1G71696	0.0	0.073	0.039	-0.035	0.321
2way	3	0.536	0.628			AT3G52440	0.153	0.12	0.072	-0.047	0.323
2way	3	0.536	0.628			AT1G04880	0.0	0.001	0.011	0.01	0.327
2way	3	0.536	0.628			AT3G13350	0.0	0.0	0.015	0.015	0.327
2way	3	0.536	0.628			AT3G48160	0.0	0.023	0.004	-0.019	0.327
2way	3	0.536	0.628			AT4G01500	0.0	0.018	0.008	-0.01	0.327
2way	3	0.536	0.628			AT1G49560	-0.014	0.024	0.055	0.031	0.341
2way	3	0.536	0.628			AT1G71450	0.0	0.055	0.102	0.047	0.346
2way	3	0.536	0.628			AT5G16820	-0.157	0.025	0.064	0.039	0.346
2way	3	0.536	0.628			AT1G01250	0.0	0.001	0.015	0.014	0.36
2way	3	0.536	0.628			AT1G13400	0.0	0.0	0.016	0.016	0.36
2way	3	0.536	0.628			AT2G42590	0.0	0.0	0.014	0.014	0.36
2way	3	0.536	0.628			AT3G10580	0.0	0.016	0.043	0.028	0.367
2way	3	0.536	0.628			AT5G67190	0.0	0.043	0.085	0.042	0.376
2way	3	0.536	0.628			AT2G24430	0.0	0.029	0.063	0.034	0.38
2way	3	0.536	0.628			AT4G11660	0.0	0.02	0.046	0.026	0.397
2way	3	0.536	0.628			AT1G03800	0.0	0.051	0.084	0.032	0.404
2way	3	0.536	0.628			AT5G64750	0.0	0.036	0.075	0.039	0.405
2way	3	0.536	0.628			AT5G65130	0.0	0.008	0.029	0.021	0.413
2way	3	0.536	0.628			AT1G01720	0.0	0.046	0.084	0.039	0.416
2way	3	0.536	0.628			AT1G12610	0.0	0.012	0.032	0.02	0.421
2way	3	0.536	0.628			AT3G50260	-0.168	0.058	0.097	0.039	0.428
2way	3	0.536	0.628			AT1G50640	0.0	0.022	0.05	0.028	0.438
2way	3	0.536	0.628			AT4G14770	0.907	0.078	0.045	-0.033	0.438
2way	3	0.536	0.628			AT5G24110	0.0	0.074	0.048	-0.026	0.44
2way	3	0.536	0.628			AT2G01060	0.0	0.017	0.04	0.023	0.453
2way	3	0.536	0.628			AT1G80840	0.016	0.043	0.021	-0.021	0.455
2way	3	0.536	0.628			AT3G04070	0.0	0.001	0.013	0.012	0.455
2way	3	0.536	0.628			AT5G18450	0.0	0.014	0.031	0.016	0.455
2way	3	0.536	0.628			AT5G39820	0.0	0.022	0.01	-0.011	0.455
2way	3	0.536	0.628			AT5G66300	0.0	0.005	0.025	0.02	0.455
2way	3	0.536	0.628			AT3G17730	-0.865	0.02	0.048	0.029	0.456
2way	3	0.536	0.628			AT3G24520	0.0	0.034	0.063	0.029	0.456
2way	3	0.536	0.628			AT3G44480	0.0	0.072	0.041	-0.031	0.456
2way	3	0.536	0.628			AT5G05550	-0.185	0.079	0.116	0.037	0.464
2way	3	0.536	0.628			AT3G10800	0.366	0.044	0.023	-0.021	0.465
2way	3	0.536	0.628			AT2G18060	0.0	0.026	0.052	0.026	0.472
2way	3	0.536	0.628			AT2G45420	-0.438	0.038	0.068	0.029	0.472
2way	3	0.536	0.628			AT4G25470	0.0	0.037	0.064	0.027	0.472
2way	3	0.536	0.628			AT5G63260	0.302	0.077	0.044	-0.033	0.472
2way	3	0.536	0.628			AT3G45610	0.0	0.084	0.054	-0.03	0.474
2way	3	0.536	0.628			AT3G15170	0.0	0.011	0.031	0.021	0.485
2way	3	0.536	0.628			AT2G35700	0.0	0.049	0.075	0.027	0.486
2way	3	0.536	0.628			AT4G25490	0.0	0.046	0.075	0.029	0.486
2way	3	0.536	0.628			AT5G39610	0.0	0.023	0.055	0.032	0.486
2way	3	0.536	0.628			AT1G19210	0.0	0.045	0.076	0.031	0.499
2way	3	0.536	0.628			AT5G51990	0.0	0.052	0.079	0.027	0.499
2way	3	0.536	0.628			AT3G49530	-0.527	0.128	0.159	0.031	0.501
2way	3	0.536	0.628			AT4G25480	0.0	0.048	0.078	0.031	0.501
2way	3	0.536	0.628			AT1G08320	0.004	0.094	0.063	-0.031	0.511
2way	3	0.536	0.628			AT1G32870	0.94	0.069	0.035	-0.034	0.511
2way	3	0.536	0.628			AT3G20310	0.0	0.047	0.079	0.032	0.511
2way	3	0.536	0.628			AT1G16490	0.0	0.052	0.029	-0.023	0.512
2way	3	0.536	0.628			AT1G45249	0.0	0.029	0.049	0.02	0.52
2way	3	0.536	0.628			AT1G72740	-0.442	0.02	0.044	0.025	0.52
2way	3	0.536	0.628			AT1G76110	0.0	0.009	0.024	0.014	0.52
2way	3	0.536	0.628			AT2G33550	0.0	0.004	0.018	0.014	0.52
2way	3	0.536	0.628			AT4G26030	0.0	0.048	0.025	-0.023	0.52
2way	3	0.536	0.628			AT5G47220	0.0	0.021	0.043	0.022	0.52
2way	3	0.536	0.628			AT5G52660	0.0	0.025	0.05	0.024	0.52
2way	3	0.536	0.628			AT3G18400	-0.379	0.039	0.073	0.034	0.522
2way	3	0.536	0.628			AT1G76420	0.0	0.037	0.068	0.031	0.523
2way	3	0.536	0.628			AT3G20770	0.0	0.009	0.02	0.012	0.532
2way	3	0.536	0.628			AT3G61150	0.0	0.02	0.042	0.021	0.536
2way	3	0.536	0.628			AT2G42200	0.0	0.023	0.05	0.026	0.537
2way	3	0.536	0.628			AT4G01280	-0.227	0.033	0.054	0.022	0.537
2way	3	0.536	0.628			AT2G02540	-0.475	0.027	0.046	0.019	0.553
2way	3	0.536	0.628			AT2G42430	0.0	0.022	0.048	0.026	0.553
2way	3	0.536	0.628			AT4G37180	0.0	0.027	0.051	0.024	0.553
2way	3	0.536	0.628			AT1G13300	0.0	0.005	0.001	-0.004	0.56
2way	3	0.536	0.628			AT3G03660	0.0	0.008	0.005	-0.003	0.56
2way	3	0.536	0.628			AT3G07220	0.0	0.006	0.0	-0.006	0.56
2way	3	0.536	0.628			AT3G23250	0.0	0.011	0.001	-0.009	0.56
2way	3	0.536	0.628			AT3G51080	0.0	0.0	0.002	0.002	0.56
2way	3	0.536	0.628			AT4G24020	0.0	0.002	0.005	0.003	0.56
2way	3	0.536	0.628			AT5G13910	0.0	0.001	0.007	0.006	0.56
2way	3	0.536	0.628			AT5G18090	0.0	0.0	0.003	0.003	0.56
2way	3	0.536	0.628			AT5G40330	0.0	0.01	0.005	-0.005	0.56
2way	3	0.536	0.628			AT5G61270	0.0	0.0	0.003	0.003	0.56
2way	3	0.536	0.628			AT3G24050	0.0	0.016	0.028	0.012	0.568
2way	3	0.536	0.628			AT2G44940	0.0	0.096	0.124	0.029	0.569
2way	3	0.536	0.628			AT3G03200	-0.498	0.022	0.049	0.027	0.569
2way	3	0.536	0.628			AT4G00730	0.0	0.03	0.048	0.018	0.569
2way	3	0.536	0.628			AT4G18770	0.0	0.039	0.059	0.021	0.569
2way	3	0.536	0.628			AT3G09735	0.0	0.028	0.052	0.024	0.57
2way	3	0.536	0.628			AT3G25990	0.0	0.029	0.017	-0.012	0.571
2way	3	0.536	0.628			AT4G34590	0.0	0.034	0.014	-0.02	0.571
2way	3	0.536	0.628			AT5G08330	0.0	0.016	0.028	0.013	0.571
2way	3	0.536	0.628			AT2G20110	0.0	0.075	0.052	-0.023	0.572
2way	3	0.536	0.628			AT3G18990	0.0	0.07	0.044	-0.026	0.572
2way	3	0.536	0.628			AT4G01540	0.0	0.131	0.104	-0.027	0.578
2way	3	0.536	0.628			AT3G47500	0.0	0.138	0.116	-0.022	0.579
2way	3	0.536	0.628			AT5G17300	0.0	0.138	0.116	-0.022	0.579
2way	3	0.536	0.628			AT1G10720	0.0	0.003	0.001	-0.003	0.582
2way	3	0.536	0.628			AT1G32240	0.0	0.005	0.001	-0.005	0.582
2way	3	0.536	0.628			AT1G51600	0.0	0.01	0.002	-0.008	0.582
2way	3	0.536	0.628			AT1G53230	0.0	0.0	0.011	0.011	0.582
2way	3	0.536	0.628			AT1G63030	0.0	0.0	0.005	0.005	0.582
2way	3	0.536	0.628			AT2G21900	0.0	0.001	0.005	0.005	0.582
2way	3	0.536	0.628			AT3G45150	0.0	0.0	0.011	0.011	0.582
2way	3	0.536	0.628			AT3G57600	0.0	0.0	0.011	0.011	0.582
2way	3	0.536	0.628			AT4G24470	0.0	0.011	0.006	-0.005	0.582
2way	3	0.536	0.628			AT4G36620	0.0	0.01	0.003	-0.007	0.582
2way	3	0.536	0.628			AT4G38620	0.0	0.001	0.005	0.004	0.582
2way	3	0.536	0.628			AT5G44160	0.0	0.008	0.002	-0.006	0.582
2way	3	0.536	0.628			AT5G50570	0.0	0.001	0.004	0.003	0.582
2way	3	0.536	0.628			AT5G52170	0.0	0.008	0.003	-0.005	0.582
2way	3	0.536	0.628			AT5G67450	0.0	0.004	0.011	0.007	0.582
2way	3	0.536	0.628			AT1G68550	0.0	0.04	0.058	0.018	0.583
2way	3	0.536	0.628			AT1G54330	0.0	0.03	0.051	0.021	0.584
2way	3	0.536	0.628			AT4G22070	0.0	0.076	0.055	-0.021	0.584
2way	3	0.536	0.628			AT5G62380	0.0	0.022	0.05	0.028	0.584
2way	3	0.536	0.628			AT2G38880	0.0	0.0	0.007	0.007	0.589
2way	3	0.536	0.628			AT2G41835	0.0	0.0	0.008	0.008	0.589
2way	3	0.536	0.628			AT5G14340	0.0	0.007	0.0	-0.007	0.589
2way	3	0.536	0.628			AT5G49300	0.0	0.008	0.002	-0.007	0.589
2way	3	0.536	0.628			AT2G23340	0.0	0.043	0.061	0.018	0.596
2way	3	0.536	0.628			AT3G24120	0.0	0.07	0.049	-0.021	0.596
2way	3	0.536	0.628			AT4G17980	-0.269	0.027	0.047	0.02	0.597
2way	3	0.536	0.628			AT5G18270	0.0	0.117	0.142	0.025	0.597
2way	3	0.536	0.628			AT1G26960	-0.78	0.038	0.065	0.026	0.598
2way	3	0.536	0.628			AT1G34180	0.0	0.051	0.031	-0.02	0.598
2way	3	0.536	0.628			AT1G79580	0.0	0.041	0.063	0.022	0.598
2way	3	0.536	0.628			AT1G06180	0.0	0.032	0.019	-0.014	0.604
2way	3	0.536	0.628			AT5G44210	0.0	0.015	0.027	0.012	0.604
2way	3	0.536	0.628			AT5G62000	0.0	0.011	0.027	0.016	0.605
2way	3	0.536	0.628			AT1G12630	0.0	0.051	0.077	0.026	0.607
2way	3	0.536	0.628			AT4G16750	0.0	0.052	0.071	0.018	0.608
2way	3	0.536	0.628			AT5G60850	0.0	0.08	0.058	-0.022	0.608
2way	3	0.536	0.628			AT1G25550	0.0	0.012	0.026	0.014	0.61
2way	3	0.536	0.628			AT2G06200	-0.012	0.019	0.031	0.012	0.61
2way	3	0.536	0.628			AT3G56850	-0.151	0.052	0.074	0.022	0.612
2way	3	0.536	0.628			AT4G01550	0.0	0.082	0.058	-0.024	0.618
2way	3	0.536	0.628			AT2G36270	0.0	0.061	0.081	0.019	0.626
2way	3	0.536	0.628			AT4G36160	0.0	0.039	0.066	0.027	0.627
2way	3	0.536	0.628			AT2G45650	0.0	0.011	0.003	-0.008	0.628
2way	3	0.536	0.628			AT3G27010	0.0	0.021	0.013	-0.008	0.628
2way	3	0.536	0.628			AT1G27730	0.0	0.053	0.073	0.02	0.631
2way	3	0.536	0.628			AT2G03500	0.0	0.016	0.028	0.012	0.631
2way	3	0.536	0.628			AT1G52150	0.0	0.033	0.022	-0.011	0.633
2way	3	0.536	0.628			AT3G11020	0.0	0.024	0.036	0.013	0.633
2way	3	0.536	0.628			AT1G29860	0.0	0.089	0.066	-0.023	0.635
2way	3	0.536	0.628			AT1G06280	0.0	0.075	0.092	0.017	0.642
2way	3	0.536	0.628			AT2G38470	0.541	0.223	0.197	-0.026	0.65
2way	3	0.536	0.628			AT1G47655	0.0	0.035	0.048	0.013	0.653
2way	3	0.536	0.628			AT2G31230	0.0	0.017	0.029	0.013	0.653
2way	3	0.536	0.628			AT2G47070	0.0	0.021	0.032	0.012	0.653
2way	3	0.536	0.628			AT5G60130	0.0	0.022	0.037	0.015	0.653
2way	3	0.536	0.628			AT2G30250	0.0	0.255	0.232	-0.024	0.669
2way	3	0.536	0.628			AT5G06960	0.0	0.028	0.039	0.011	0.671
2way	3	0.536	0.628			AT5G65310	0.0	0.024	0.043	0.018	0.671
2way	3	0.536	0.628			AT1G49010	0.0	0.057	0.037	-0.02	0.672
2way	3	0.536	0.628			AT1G55110	0.508	0.046	0.032	-0.014	0.672
2way	3	0.536	0.628			AT1G65620	0.0	0.0	0.01	0.01	0.677
2way	3	0.536	0.628			AT1G75080	0.0	0.013	0.004	-0.01	0.677
2way	3	0.536	0.628			AT2G17410	0.0	0.003	0.014	0.011	0.677
2way	3	0.536	0.628			AT3G30210	0.0	0.004	0.009	0.005	0.677
2way	3	0.536	0.628			AT3G45170	0.0	0.012	0.006	-0.006	0.677
2way	3	0.536	0.628			AT4G04450	0.0	0.004	0.009	0.005	0.677
2way	3	0.536	0.628			AT5G10140	0.0	0.0	0.01	0.01	0.677
2way	3	0.536	0.628			AT5G22500	0.0	0.011	0.021	0.011	0.677
2way	3	0.536	0.628			AT1G22070	0.0	0.005	0.003	-0.002	0.678
2way	3	0.536	0.628			AT1G43700	0.0	0.003	0.01	0.007	0.678
2way	3	0.536	0.628			AT3G23210	0.0	0.008	0.008	0.0	0.678
2way	3	0.536	0.628			AT4G01720	0.0	0.013	0.006	-0.006	0.678
2way	3	0.536	0.628			AT5G08130	0.0	0.009	0.004	-0.005	0.678
2way	3	0.536	0.628			AT5G08750	0.0	0.008	0.019	0.012	0.678
2way	3	0.536	0.628			AT5G61600	0.0	0.032	0.017	-0.015	0.678
2way	3	0.536	0.628			AT1G14687	0.0	0.025	0.038	0.013	0.686
2way	3	0.536	0.628			AT2G01940	0.0	0.035	0.048	0.014	0.686
2way	3	0.536	0.628			AT2G02070	0.0	0.019	0.032	0.013	0.686
2way	3	0.536	0.628			AT2G18380	0.0	0.031	0.042	0.011	0.686
2way	3	0.536	0.628			AT2G40260	-0.496	0.031	0.051	0.02	0.686
2way	3	0.536	0.628			AT3G01530	0.0	0.029	0.042	0.013	0.686
2way	3	0.536	0.628			AT3G04030	0.0	0.033	0.049	0.017	0.686
2way	3	0.536	0.628			AT3G09600	0.0	0.038	0.053	0.016	0.686
2way	3	0.536	0.628			AT3G11440	0.0	0.045	0.032	-0.013	0.686
2way	3	0.536	0.628			AT5G08520	0.0	0.065	0.045	-0.02	0.686
2way	3	0.536	0.628			AT5G46350	0.0	0.04	0.032	-0.009	0.686
2way	3	0.536	0.628			AT5G47660	0.0	0.053	0.037	-0.016	0.686
2way	3	0.536	0.628			AT3G22830	0.0	0.033	0.051	0.018	0.689
2way	3	0.536	0.628			AT4G28140	0.0	0.003	0.013	0.01	0.694
2way	3	0.536	0.628			AT1G33240	0.0	0.063	0.044	-0.019	0.698
2way	3	0.536	0.628			AT4G36780	0.0	0.027	0.044	0.017	0.698
2way	3	0.536	0.628			AT1G78700	0.0	0.033	0.043	0.01	0.7
2way	3	0.536	0.628			AT1G51700	0.0	0.063	0.049	-0.014	0.71
2way	3	0.536	0.628			AT4G10350	0.0	0.032	0.044	0.012	0.71
2way	3	0.536	0.628			AT5G45580	0.0	0.041	0.057	0.016	0.71
2way	3	0.536	0.628			AT1G65910	0.0	0.023	0.039	0.016	0.713
2way	3	0.536	0.628			AT2G46770	0.0	0.037	0.052	0.015	0.713
2way	3	0.536	0.628			AT1G28160	0.0	0.04	0.054	0.015	0.719
2way	3	0.536	0.628			AT2G02080	0.0	0.039	0.049	0.01	0.719
2way	3	0.536	0.628			AT4G01250	-0.32	0.117	0.137	0.02	0.719
2way	3	0.536	0.628			AT1G12260	0.0	0.029	0.049	0.02	0.72
2way	3	0.536	0.628			AT2G01930	0.0	0.07	0.055	-0.016	0.72
2way	3	0.536	0.628			AT2G18350	0.0	0.052	0.062	0.011	0.72
2way	3	0.536	0.628			AT3G10480	0.0	0.034	0.046	0.012	0.728
2way	3	0.536	0.628			AT5G65210	0.0	0.048	0.065	0.017	0.728
2way	3	0.536	0.628			AT1G14580	0.0	0.005	0.012	0.007	0.73
2way	3	0.536	0.628			AT1G75390	0.0	0.028	0.016	-0.013	0.73
2way	3	0.536	0.628			AT2G41690	0.0	0.002	0.013	0.012	0.73
2way	3	0.536	0.628			AT3G23220	0.0	0.016	0.008	-0.008	0.73
2way	3	0.536	0.628			AT3G28910	0.0	0.016	0.009	-0.007	0.73
2way	3	0.536	0.628			AT3G50700	0.0	0.007	0.015	0.008	0.73
2way	3	0.536	0.628			AT1G34370	0.0	0.004	0.011	0.006	0.735
2way	3	0.536	0.628			AT1G62300	0.0	0.089	0.07	-0.02	0.735
2way	3	0.536	0.628			AT2G22540	0.0	0.076	0.063	-0.013	0.735
2way	3	0.536	0.628			AT2G28920	0.0	0.017	0.012	-0.005	0.735
2way	3	0.536	0.628			AT2G30590	0.0	0.023	0.011	-0.012	0.735
2way	3	0.536	0.628			AT3G06490	0.0	0.016	0.008	-0.008	0.735
2way	3	0.536	0.628			AT3G21175	0.0	0.016	0.012	-0.004	0.735
2way	3	0.536	0.628			AT5G04410	0.0	0.063	0.05	-0.012	0.735
2way	3	0.536	0.628			AT5G13790	0.0	0.016	0.01	-0.006	0.735
2way	3	0.536	0.628			AT1G32150	0.0	0.062	0.076	0.014	0.736
2way	3	0.536	0.628			AT4G31060	0.0	0.06	0.075	0.015	0.736
2way	3	0.536	0.628			AT1G77200	0.0	0.065	0.083	0.018	0.742
2way	3	0.536	0.628			AT4G38000	0.0	0.085	0.071	-0.014	0.744
2way	3	0.536	0.628			AT5G02460	0.0	0.083	0.07	-0.013	0.749
2way	3	0.536	0.628			AT4G31800	0.0	0.213	0.197	-0.015	0.762
2way	3	0.536	0.628			AT1G19040	0.0	0.013	0.011	-0.002	0.764
2way	3	0.536	0.628			AT1G20980	0.0	0.013	0.012	-0.001	0.764
2way	3	0.536	0.628			AT1G79180	0.0	0.016	0.018	0.002	0.764
2way	3	0.536	0.628			AT3G46590	0.0	0.025	0.025	0.0	0.764
2way	3	0.536	0.628			AT3G58630	0.0	0.012	0.021	0.009	0.764
2way	3	0.536	0.628			AT5G02840	0.0	0.015	0.017	0.003	0.764
2way	3	0.536	0.628			AT5G63090	0.0	0.009	0.023	0.015	0.764
2way	3	0.536	0.628			AT4G28500	0.0	0.107	0.091	-0.015	0.767
2way	3	0.536	0.628			AT1G72010	0.0	0.017	0.024	0.007	0.771
2way	3	0.536	0.628			AT4G05100	0.0	0.023	0.016	-0.007	0.771
2way	3	0.536	0.628			AT1G28470	0.0	0.133	0.112	-0.021	0.784
2way	3	0.536	0.628			AT1G70920	0.0	0.013	0.021	0.008	0.786
2way	3	0.536	0.628			AT3G10030	0.0	0.019	0.023	0.003	0.786
2way	3	0.536	0.628			AT3G23240	0.0	0.01	0.02	0.011	0.786
2way	3	0.536	0.628			AT2G26960	0.0	0.019	0.013	-0.006	0.789
2way	3	0.536	0.628			AT2G46680	0.0	0.019	0.011	-0.008	0.789
2way	3	0.536	0.628			AT3G60580	0.0	0.021	0.027	0.006	0.789
2way	3	0.536	0.628			AT4G32800	0.0	0.013	0.025	0.011	0.789
2way	3	0.536	0.628			AT5G18560	0.0	0.022	0.025	0.003	0.789
2way	3	0.536	0.628			AT5G65510	0.0	0.024	0.03	0.006	0.789
2way	3	0.536	0.628			AT1G19790	0.0	0.022	0.033	0.011	0.804
2way	3	0.536	0.628			AT1G30490	0.0	0.033	0.023	-0.01	0.804
2way	3	0.536	0.628			AT2G20400	0.0	0.028	0.022	-0.006	0.804
2way	3	0.536	0.628			AT5G53950	0.0	0.012	0.021	0.009	0.808
2way	3	0.536	0.628			AT1G03840	0.0	0.028	0.034	0.005	0.816
2way	3	0.536	0.628			AT1G08010	-0.069	0.019	0.031	0.012	0.816
2way	3	0.536	0.628			AT1G69180	0.0	0.029	0.021	-0.008	0.818
2way	3	0.536	0.628			AT2G23290	0.0	0.033	0.025	-0.007	0.818
2way	3	0.536	0.628			AT3G06740	0.0	0.034	0.031	-0.003	0.818
2way	3	0.536	0.628			AT3G10113	0.0	0.028	0.032	0.003	0.818
2way	3	0.536	0.628			AT3G12730	0.0	0.032	0.039	0.007	0.818
2way	3	0.536	0.628			AT3G26620	0.0	0.03	0.035	0.004	0.818
2way	3	0.536	0.628			AT4G01680	0.0	0.04	0.029	-0.011	0.818
2way	3	0.536	0.628			AT5G56840	0.0	0.032	0.038	0.006	0.818
2way	3	0.536	0.628			AT3G50060	0.0	0.085	0.077	-0.008	0.823
2way	3	0.536	0.628			AT1G31140	0.0	0.028	0.037	0.009	0.827
2way	3	0.536	0.628			AT3G42860	0.0	0.074	0.086	0.011	0.827
2way	3	0.536	0.628			AT4G00250	-0.634	0.033	0.038	0.005	0.827
2way	3	0.536	0.628			AT2G22430	0.0	0.032	0.028	-0.004	0.828
2way	3	0.536	0.628			AT4G36740	0.0	0.02	0.033	0.013	0.828
2way	3	0.536	0.628			AT5G03790	0.0	0.026	0.027	0.001	0.828
2way	3	0.536	0.628			AT5G45300	0.0	0.024	0.029	0.005	0.828
2way	3	0.536	0.628			AT5G58900	0.0	0.051	0.038	-0.013	0.828
2way	3	0.536	0.628			AT3G12130	0.0	0.052	0.044	-0.009	0.836
2way	3	0.536	0.628			AT3G12720	0.0	0.044	0.038	-0.006	0.836
2way	3	0.536	0.628			AT3G60490	0.0	0.044	0.049	0.005	0.836
2way	3	0.536	0.628			AT5G09410	0.0	0.025	0.028	0.003	0.836
2way	3	0.536	0.628			AT1G68320	0.0	0.037	0.028	-0.009	0.837
2way	3	0.536	0.628			AT1G34190	0.0	0.026	0.03	0.004	0.843
2way	3	0.536	0.628			AT1G69010	0.0	0.031	0.045	0.014	0.844
2way	3	0.536	0.628			AT1G74480	0.0	0.043	0.05	0.007	0.844
2way	3	0.536	0.628			AT1G74650	-0.211	0.033	0.041	0.008	0.844
2way	3	0.536	0.628			AT2G15740	0.0	0.045	0.038	-0.007	0.844
2way	3	0.536	0.628			AT5G23930	0.0	0.035	0.048	0.012	0.844
2way	3	0.536	0.628			AT5G56110	0.0	0.038	0.042	0.004	0.844
2way	3	0.536	0.628			AT5G66730	0.0	0.043	0.048	0.005	0.85
2way	3	0.536	0.628			AT5G66700	0.0	0.044	0.035	-0.008	0.851
2way	3	0.536	0.628			AT2G45410	0.0	0.052	0.064	0.012	0.855
2way	3	0.536	0.628			AT3G02940	0.0	0.04	0.051	0.011	0.855
2way	3	0.536	0.628			AT5G11260	0.0	0.059	0.064	0.005	0.855
2way	3	0.536	0.628			AT2G33710	0.0	0.048	0.054	0.006	0.86
2way	3	0.536	0.628			AT3G15270	0.0	0.057	0.061	0.004	0.86
2way	3	0.536	0.628			AT5G58850	0.0	0.062	0.056	-0.005	0.86
2way	3	0.536	0.628			AT5G62940	-0.032	0.066	0.07	0.004	0.86
2way	3	0.536	0.628			AT5G52830	0.0	0.059	0.053	-0.006	0.861
2way	3	0.536	0.628			AT2G35530	0.0	0.062	0.072	0.01	0.864
2way	3	0.536	0.628			AT2G43000	0.327	0.065	0.071	0.006	0.864
2way	3	0.536	0.628			AT5G66940	0.0	0.072	0.068	-0.004	0.864
2way	3	0.536	0.628			AT1G69570	-0.629	0.138	0.146	0.008	0.865
2way	3	0.536	0.628			AT2G18160	0.0	0.057	0.064	0.007	0.866
2way	3	0.536	0.628			AT3G28920	0.0	0.064	0.071	0.007	0.866
2way	3	0.536	0.628			AT4G38170	0.0	0.073	0.066	-0.006	0.866
2way	3	0.536	0.628			AT3G01970	0.0	0.076	0.066	-0.01	0.868
2way	3	0.536	0.628			AT4G23550	0.0	0.065	0.064	-0.001	0.868
2way	3	0.536	0.628			AT5G15830	0.0	0.063	0.071	0.008	0.868
2way	3	0.536	0.628			AT3G62420	0.0	0.068	0.073	0.005	0.871
2way	3	0.536	0.628			AT5G22990	0.0	0.074	0.078	0.004	0.871
2way	3	0.536	0.628			AT3G12250	0.0	0.073	0.065	-0.008	0.873
2way	3	0.536	0.628			AT2G23320	0.0	0.082	0.076	-0.006	0.875
2way	3	0.536	0.628			AT5G26170	-0.199	0.181	0.189	0.008	0.878
2way	3	0.536	0.628			AT5G41570	0.0	0.095	0.099	0.004	0.881
2way	3	0.536	0.628			AT1G01060	0.0	0.038	0.039	0.001	1.0
2way	3	0.536	0.628			AT1G02250	-0.393	0.078	0.079	0.002	1.0
2way	3	0.536	0.628			AT1G06850	0.0	0.022	0.027	0.005	1.0
2way	3	0.536	0.628			AT1G17950	0.0	0.0	0.0	-0.0	1.0
2way	3	0.536	0.628			AT1G18960	0.0	0.0	0.0	-0.0	1.0
2way	3	0.536	0.628			AT1G19000	0.0	0.047	0.046	-0.0	1.0
2way	3	0.536	0.628			AT1G20910	0.0	0.047	0.041	-0.006	1.0
2way	3	0.536	0.628			AT1G21910	0.0	0.021	0.017	-0.004	1.0
2way	3	0.536	0.628			AT1G23810	0.0	0.003	0.004	0.001	1.0
2way	3	0.536	0.628			AT1G25340	0.0	0.031	0.034	0.003	1.0
2way	3	0.536	0.628			AT1G27360	0.0	0.0	0.004	0.004	1.0
2way	3	0.536	0.628			AT1G29280	0.0	0.071	0.075	0.004	1.0
2way	3	0.536	0.628			AT1G30210	0.0	0.0	0.0	-0.0	1.0
2way	3	0.536	0.628			AT1G30650	0.0	0.07	0.068	-0.002	1.0
2way	3	0.536	0.628			AT1G32510	0.0	0.0	0.002	0.002	1.0
2way	3	0.536	0.628			AT1G34670	0.0	0.047	0.046	-0.002	1.0
2way	3	0.536	0.628			AT1G44830	0.0	0.032	0.039	0.007	1.0
2way	3	0.536	0.628			AT1G46264	0.0	0.003	0.001	-0.003	1.0
2way	3	0.536	0.628			AT1G47870	0.0	0.0	0.0	0.0	1.0
2way	3	0.536	0.628			AT1G51220	0.0	0.035	0.033	-0.002	1.0
2way	3	0.536	0.628			AT1G60920	0.0	0.0	0.001	0.001	1.0
2way	3	0.536	0.628			AT1G63040	0.0	0.0	0.0	-0.0	1.0
2way	3	0.536	0.628			AT1G66370	0.0	0.005	0.002	-0.003	1.0
2way	3	0.536	0.628			AT1G66420	0.0	0.0	0.0	-0.0	1.0
2way	3	0.536	0.628			AT1G67260	0.0	0.0	0.0	-0.0	1.0
2way	3	0.536	0.628			AT1G68670	0.0	0.006	0.01	0.004	1.0
2way	3	0.536	0.628			AT1G69560	0.0	0.004	0.003	-0.001	1.0
2way	3	0.536	0.628			AT1G69690	0.0	0.01	0.007	-0.003	1.0
2way	3	0.536	0.628			AT1G69780	0.0	0.028	0.031	0.003	1.0
2way	3	0.536	0.628			AT1G70910	0.0	0.0	0.0	-0.0	1.0
2way	3	0.536	0.628			AT1G72360	0.0	0.0	0.003	0.003	1.0
2way	3	0.536	0.628			AT1G73730	0.0	0.0	0.0	0.0	1.0
2way	3	0.536	0.628			AT1G74370	0.0	0.0	0.0	-0.0	1.0
2way	3	0.536	0.628			AT1G74840	0.0	0.031	0.033	0.003	1.0
2way	3	0.536	0.628			AT1G75240	0.0	0.06	0.058	-0.002	1.0
2way	3	0.536	0.628			AT1G76880	0.0	0.001	0.0	-0.001	1.0
2way	3	0.536	0.628			AT1G76890	0.0	0.053	0.046	-0.007	1.0
2way	3	0.536	0.628			AT1G77640	0.0	0.008	0.006	-0.002	1.0
2way	3	0.536	0.628			AT2G01818	0.0	0.016	0.018	0.002	1.0
2way	3	0.536	0.628			AT2G02820	0.0	0.058	0.062	0.004	1.0
2way	3	0.536	0.628			AT2G03340	0.0	0.042	0.04	-0.002	1.0
2way	3	0.536	0.628			AT2G04038	0.0	0.057	0.061	0.004	1.0
2way	3	0.536	0.628			AT2G15660	0.0	0.008	0.011	0.003	1.0
2way	3	0.536	0.628			AT2G17900	0.0	0.0	0.0	-0.0	1.0
2way	3	0.536	0.628			AT2G17950	0.0	0.001	0.003	0.002	1.0
2way	3	0.536	0.628			AT2G24570	0.0	0.004	0.006	0.001	1.0
2way	3	0.536	0.628			AT2G28810	-0.571	0.075	0.08	0.005	1.0
2way	3	0.536	0.628			AT2G31460	0.0	0.002	0.0	-0.002	1.0
2way	3	0.536	0.628			AT2G32460	0.0	0.018	0.015	-0.003	1.0
2way	3	0.536	0.628			AT2G33810	0.0	0.004	0.005	0.001	1.0
2way	3	0.536	0.628			AT2G38090	0.0	0.0	0.0	-0.0	1.0
2way	3	0.536	0.628			AT2G38300	0.0	0.004	0.004	0.0	1.0
2way	3	0.536	0.628			AT2G40740	0.0	0.088	0.092	0.003	1.0
2way	3	0.536	0.628			AT2G45680	0.0	0.007	0.004	-0.004	1.0
2way	3	0.536	0.628			AT2G46130	0.0	0.026	0.027	0.001	1.0
2way	3	0.536	0.628			AT2G46400	0.0	0.011	0.004	-0.006	1.0
2way	3	0.536	0.628			AT2G46590	0.0	0.062	0.055	-0.007	1.0
2way	3	0.536	0.628			AT3G01220	0.0	0.014	0.015	0.001	1.0
2way	3	0.536	0.628			AT3G01470	0.0	0.008	0.007	-0.001	1.0
2way	3	0.536	0.628			AT3G02150	0.0	0.003	0.004	0.001	1.0
2way	3	0.536	0.628			AT3G02990	0.0	0.006	0.007	0.001	1.0
2way	3	0.536	0.628			AT3G09230	0.0	0.0	0.001	0.001	1.0
2way	3	0.536	0.628			AT3G12820	0.0	0.013	0.01	-0.003	1.0
2way	3	0.536	0.628			AT3G12910	0.0	0.0	0.002	0.002	1.0
2way	3	0.536	0.628			AT3G13040	0.0	0.0	0.0	-0.0	1.0
2way	3	0.536	0.628			AT3G13810	0.0	0.021	0.024	0.003	1.0
2way	3	0.536	0.628			AT3G16280	0.0	0.05	0.05	-0.0	1.0
2way	3	0.536	0.628			AT3G20840	0.0	0.005	0.005	-0.0	1.0
2way	3	0.536	0.628			AT3G22780	0.0	0.007	0.002	-0.006	1.0
2way	3	0.536	0.628			AT3G26790	0.0	0.009	0.009	-0.0	1.0
2way	3	0.536	0.628			AT3G27785	0.0	0.042	0.038	-0.004	1.0
2way	3	0.536	0.628			AT3G30530	0.0	0.001	0.004	0.003	1.0
2way	3	0.536	0.628			AT3G46070	0.0	0.0	0.002	0.002	1.0
2way	3	0.536	0.628			AT3G47620	0.0	0.0	0.0	-0.0	1.0
2way	3	0.536	0.628			AT3G49930	0.0	0.0	0.0	0.0	1.0
2way	3	0.536	0.628			AT3G50410	0.0	0.053	0.054	0.0	1.0
2way	3	0.536	0.628			AT3G51470	0.0	0.006	0.0	-0.006	1.0
2way	3	0.536	0.628			AT3G53200	0.0	0.031	0.026	-0.005	1.0
2way	3	0.536	0.628			AT3G55370	0.0	0.092	0.094	0.002	1.0
2way	3	0.536	0.628			AT3G57230	0.0	0.006	0.005	-0.001	1.0
2way	3	0.536	0.628			AT3G60530	0.0	0.013	0.017	0.004	1.0
2way	3	0.536	0.628			AT3G61250	0.0	0.011	0.01	-0.001	1.0
2way	3	0.536	0.628			AT4G12670	0.0	0.0	0.0	-0.0	1.0
2way	3	0.536	0.628			AT4G14410	0.0	0.0	0.0	-0.0	1.0
2way	3	0.536	0.628			AT4G17460	0.0	0.0	0.0	0.0	1.0
2way	3	0.536	0.628			AT4G17785	0.0	0.005	0.005	-0.001	1.0
2way	3	0.536	0.628			AT4G18170	0.0	0.08	0.077	-0.003	1.0
2way	3	0.536	0.628			AT4G18450	0.0	0.006	0.001	-0.005	1.0
2way	3	0.536	0.628			AT4G18890	0.0	0.009	0.007	-0.002	1.0
2way	3	0.536	0.628			AT4G24240	0.0	0.0	0.002	0.002	1.0
2way	3	0.536	0.628			AT4G26640	0.0	0.045	0.046	0.001	1.0
2way	3	0.536	0.628			AT4G27900	0.0	0.001	0.002	0.002	1.0
2way	3	0.536	0.628			AT4G27950	0.0	0.012	0.016	0.004	1.0
2way	3	0.536	0.628			AT4G28110	0.0	0.0	0.003	0.003	1.0
2way	3	0.536	0.628			AT4G30080	0.0	0.0	0.0	-0.0	1.0
2way	3	0.536	0.628			AT4G31550	0.0	0.021	0.021	-0.0	1.0
2way	3	0.536	0.628			AT4G32730	0.0	0.052	0.049	-0.003	1.0
2way	3	0.536	0.628			AT4G37790	0.0	0.0	0.001	0.001	1.0
2way	3	0.536	0.628			AT4G38910	0.0	0.0	0.001	0.001	1.0
2way	3	0.536	0.628			AT5G03150	0.0	0.012	0.011	-0.001	1.0
2way	3	0.536	0.628			AT5G04390	0.0	0.034	0.034	-0.001	1.0
2way	3	0.536	0.628			AT5G06100	0.0	0.029	0.024	-0.005	1.0
2way	3	0.536	0.628			AT5G06839	0.0	0.058	0.055	-0.003	1.0
2way	3	0.536	0.628			AT5G06950	0.0	0.044	0.045	0.001	1.0
2way	3	0.536	0.628			AT5G07100	0.0	0.043	0.043	0.0	1.0
2way	3	0.536	0.628			AT5G07680	0.0	0.005	0.008	0.003	1.0
2way	3	0.536	0.628			AT5G08070	0.0	0.0	0.004	0.004	1.0
2way	3	0.536	0.628			AT5G10030	0.0	0.073	0.071	-0.002	1.0
2way	3	0.536	0.628			AT5G10280	0.0	0.007	0.008	0.0	1.0
2way	3	0.536	0.628			AT5G10510	0.0	0.01	0.006	-0.004	1.0
2way	3	0.536	0.628			AT5G13080	0.0	0.202	0.197	-0.005	1.0
2way	3	0.536	0.628			AT5G16600	0.0	0.002	0.0	-0.002	1.0
2way	3	0.536	0.628			AT5G17800	0.0	0.027	0.026	-0.001	1.0
2way	3	0.536	0.628			AT5G22890	0.0	0.0	0.0	-0.0	1.0
2way	3	0.536	0.628			AT5G25390	0.0	0.0	0.004	0.004	1.0
2way	3	0.536	0.628			AT5G25475	0.0	0.0	0.0	-0.0	1.0
2way	3	0.536	0.628			AT5G25830	0.0	0.024	0.024	0.0	1.0
2way	3	0.536	0.628			AT5G29000	0.0	0.025	0.027	0.002	1.0
2way	3	0.536	0.628			AT5G38800	0.0	0.0	0.0	-0.0	1.0
2way	3	0.536	0.628			AT5G38860	0.0	0.0	0.0	0.0	1.0
2way	3	0.536	0.628			AT5G42520	0.0	0.001	0.003	0.003	1.0
2way	3	0.536	0.628			AT5G42820	0.0	0.001	0.0	-0.001	1.0
2way	3	0.536	0.628			AT5G43840	0.0	0.014	0.012	-0.002	1.0
2way	3	0.536	0.628			AT5G46590	0.0	0.009	0.014	0.006	1.0
2way	3	0.536	0.628			AT5G47230	0.0	0.011	0.017	0.007	1.0
2way	3	0.536	0.628			AT5G47370	0.0	0.034	0.037	0.003	1.0
2way	3	0.536	0.628			AT5G47390	0.0	0.031	0.032	0.001	1.0
2way	3	0.536	0.628			AT5G48670	0.0	0.0	0.0	-0.0	1.0
2way	3	0.536	0.628			AT5G54230	0.0	0.106	0.103	-0.003	1.0
2way	3	0.536	0.628			AT5G56930	0.0	0.001	0.002	0.002	1.0
2way	3	0.536	0.628			AT5G58620	0.0	0.0	0.0	-0.0	1.0
2way	3	0.536	0.628			AT5G59990	0.0	0.005	0.006	0.001	1.0
2way	3	0.536	0.628			AT5G61620	0.0	0.033	0.036	0.003	1.0
2way	3	0.536	0.628			AT5G62165	0.0	0.0	0.003	0.003	1.0
2way	3	0.536	0.628			AT5G62320	0.0	0.029	0.027	-0.003	1.0
2way	3	0.536	0.628			AT5G62470	0.0	0.032	0.034	0.002	1.0
2way	3	0.536	0.628			AT5G65410	0.0	0.049	0.051	0.001	1.0
2way	3	0.536	0.628			AT5G67000	0.0	0.007	0.003	-0.004	1.0
2way	3	0.536	0.628			AT5G67300	0.0	0.0	0.001	0.001	1.0
2way	3	0.536	0.628			AT5G67580	0.0	0.038	0.043	0.005	1.0
2way	4	-0.604	0.336			AT4G32730	-3.035	0.112	0.379	0.268	0.00012
2way	4	-0.604	0.336			AT4G37260	-0.868	0.065	0.234	0.169	0.00102
2way	4	-0.604	0.336			AT3G20770	-0.061	0.036	0.175	0.139	0.028
2way	4	-0.604	0.336			AT5G17300	0.795	0.168	0.064	-0.104	0.029
2way	4	-0.604	0.336			AT5G58850	-0.0	0.07	0.186	0.117	0.095
2way	4	-0.604	0.336			AT3G27785	-0.0	0.049	0.151	0.101	0.097
2way	4	-0.604	0.336			AT3G50060	-0.0	0.103	0.191	0.089	0.106
2way	4	-0.604	0.336			AT5G13080	-0.252	0.065	0.128	0.062	0.152
2way	4	-0.604	0.336			AT4G38000	1.759	0.074	0.009	-0.065	0.156
2way	4	-0.604	0.336			AT2G44940	-1.163	0.075	0.138	0.064	0.169
2way	4	-0.604	0.336			AT1G01060	0.655	0.051	0.003	-0.048	0.203
2way	4	-0.604	0.336			AT5G63260	-0.0	0.082	0.02	-0.063	0.211
2way	4	-0.604	0.336			AT4G31800	-0.0	0.075	0.128	0.053	0.243
2way	4	-0.604	0.336			AT1G21910	-0.0	0.028	0.0	-0.028	0.249
2way	4	-0.604	0.336			AT3G12820	-0.0	0.012	0.0	-0.012	0.249
2way	4	-0.604	0.336			AT2G01930	-0.412	0.039	0.09	0.051	0.252
2way	4	-0.604	0.336			AT3G42860	-0.0	0.019	0.053	0.034	0.256
2way	4	-0.604	0.336			AT2G33550	0.7	0.045	0.007	-0.037	0.266
2way	4	-0.604	0.336			AT3G52440	-0.0	0.065	0.011	-0.054	0.278
2way	4	-0.604	0.336			AT1G20980	-0.0	0.027	0.001	-0.026	0.288
2way	4	-0.604	0.336			AT3G57920	-0.0	0.035	0.006	-0.029	0.288
2way	4	-0.604	0.336			AT3G45610	-0.0	0.062	0.017	-0.044	0.293
2way	4	-0.604	0.336			AT3G12130	-0.0	0.041	0.006	-0.035	0.296
2way	4	-0.604	0.336			AT3G61150	0.987	0.053	0.004	-0.049	0.296
2way	4	-0.604	0.336			AT4G18770	-0.0	0.044	0.102	0.058	0.297
2way	4	-0.604	0.336			AT2G20110	0.639	0.088	0.039	-0.049	0.323
2way	4	-0.604	0.336			AT2G42200	-0.0	0.051	0.014	-0.037	0.323
2way	4	-0.604	0.336			AT3G15270	0.337	0.054	0.011	-0.042	0.323
2way	4	-0.604	0.336			AT4G00730	-0.0	0.051	0.009	-0.041	0.323
2way	4	-0.604	0.336			AT1G19210	1.799	0.089	0.035	-0.054	0.334
2way	4	-0.604	0.336			AT3G11440	-0.0	0.019	0.077	0.058	0.334
2way	4	-0.604	0.336			AT1G18330	-0.0	0.065	0.032	-0.034	0.342
2way	4	-0.604	0.336			AT2G28920	-0.0	0.018	0.0	-0.018	0.342
2way	4	-0.604	0.336			AT5G51990	-0.0	0.064	0.023	-0.041	0.342
2way	4	-0.604	0.336			AT2G01060	1.325	0.06	0.022	-0.038	0.347
2way	4	-0.604	0.336			AT1G24250	-0.0	0.002	0.035	0.033	0.353
2way	4	-0.604	0.336			AT1G36060	-0.0	0.039	0.013	-0.026	0.353
2way	4	-0.604	0.336			AT1G69490	0.018	0.042	0.013	-0.029	0.353
2way	4	-0.604	0.336			AT4G28500	-0.0	0.035	0.005	-0.03	0.353
2way	4	-0.604	0.336			AT5G47220	-0.108	0.037	0.074	0.037	0.353
2way	4	-0.604	0.336			AT4G25490	0.51	0.06	0.018	-0.042	0.368
2way	4	-0.604	0.336			AT1G13400	-0.0	0.019	0.001	-0.018	0.374
2way	4	-0.604	0.336			AT1G19000	0.149	0.073	0.034	-0.039	0.377
2way	4	-0.604	0.336			AT4G25480	-0.0	0.057	0.019	-0.038	0.377
2way	4	-0.604	0.336			AT5G52660	-0.0	0.037	0.006	-0.031	0.386
2way	4	-0.604	0.336			AT1G74840	-0.0	0.034	0.007	-0.027	0.39
2way	4	-0.604	0.336			AT2G46590	-0.0	0.057	0.024	-0.033	0.408
2way	4	-0.604	0.336			AT1G28470	-0.0	0.045	0.018	-0.027	0.421
2way	4	-0.604	0.336			AT2G40740	-0.0	0.013	0.037	0.024	0.421
2way	4	-0.604	0.336			AT4G06746	-0.0	0.056	0.096	0.04	0.421
2way	4	-0.604	0.336			AT5G06100	-0.0	0.025	0.065	0.04	0.421
2way	4	-0.604	0.336			AT5G61600	-0.0	0.019	0.043	0.024	0.421
2way	4	-0.604	0.336			AT5G65210	-0.0	0.03	0.009	-0.021	0.421
2way	4	-0.604	0.336			AT5G06950	-0.0	0.04	0.01	-0.03	0.422
2way	4	-0.604	0.336			AT1G49560	-0.0	0.072	0.036	-0.036	0.434
2way	4	-0.604	0.336			AT2G23290	-0.0	0.023	0.069	0.046	0.446
2way	4	-0.604	0.336			AT5G60850	-0.0	0.085	0.037	-0.048	0.446
2way	4	-0.604	0.336			AT1G69180	-0.0	0.036	0.009	-0.027	0.447
2way	4	-0.604	0.336			AT2G26960	-0.0	0.014	0.047	0.033	0.447
2way	4	-0.604	0.336			AT3G02940	-0.0	0.023	0.048	0.025	0.447
2way	4	-0.604	0.336			AT3G09600	-0.0	0.033	0.007	-0.026	0.447
2way	4	-0.604	0.336			AT3G24050	-0.0	0.042	0.016	-0.025	0.447
2way	4	-0.604	0.336			AT4G01680	-0.0	0.035	0.01	-0.025	0.447
2way	4	-0.604	0.336			AT5G62320	-0.0	0.042	0.006	-0.036	0.447
2way	4	-0.604	0.336			AT3G06740	-0.0	0.002	0.023	0.021	0.452
2way	4	-0.604	0.336			AT3G58630	1.029	0.024	0.001	-0.024	0.452
2way	4	-0.604	0.336			AT3G15210	-0.0	0.196	0.149	-0.047	0.457
2way	4	-0.604	0.336			AT3G55370	-0.0	0.067	0.028	-0.04	0.457
2way	4	-0.604	0.336			AT2G44840	-0.0	0.075	0.106	0.032	0.467
2way	4	-0.604	0.336			AT2G39900	-0.0	0.0	0.01	0.01	0.468
2way	4	-0.604	0.336			AT1G75240	0.079	0.055	0.029	-0.026	0.47
2way	4	-0.604	0.336			AT2G38340	0.899	0.112	0.074	-0.038	0.47
2way	4	-0.604	0.336			AT4G00250	-0.0	0.055	0.031	-0.024	0.47
2way	4	-0.604	0.336			AT1G06180	-0.0	0.021	0.002	-0.018	0.477
2way	4	-0.604	0.336			AT5G06960	-0.0	0.027	0.004	-0.023	0.477
2way	4	-0.604	0.336			AT2G03500	-0.0	0.043	0.015	-0.028	0.485
2way	4	-0.604	0.336			AT5G47660	-0.0	0.038	0.007	-0.031	0.485
2way	4	-0.604	0.336			AT5G56840	0.087	0.061	0.029	-0.032	0.485
2way	4	-0.604	0.336			AT2G40260	-0.0	0.05	0.022	-0.029	0.491
2way	4	-0.604	0.336			AT4G01280	-0.0	0.04	0.006	-0.033	0.491
2way	4	-0.604	0.336			AT5G08520	-0.0	0.061	0.026	-0.035	0.491
2way	4	-0.604	0.336			AT5G66700	-0.0	0.015	0.04	0.024	0.491
2way	4	-0.604	0.336			AT1G18570	-0.0	0.019	0.0	-0.019	0.5
2way	4	-0.604	0.336			AT1G22070	-0.0	0.01	0.0	-0.01	0.5
2way	4	-0.604	0.336			AT1G34370	-0.0	0.006	0.0	-0.006	0.5
2way	4	-0.604	0.336			AT1G75080	-0.0	0.005	0.001	-0.005	0.5
2way	4	-0.604	0.336			AT1G76870	-0.0	0.0	0.004	0.004	0.5
2way	4	-0.604	0.336			AT2G17410	-0.0	0.002	0.001	-0.001	0.5
2way	4	-0.604	0.336			AT2G21900	-0.0	0.007	0.001	-0.006	0.5
2way	4	-0.604	0.336			AT2G41835	-0.0	0.006	0.0	-0.006	0.5
2way	4	-0.604	0.336			AT3G01470	-0.0	0.006	0.0	-0.006	0.5
2way	4	-0.604	0.336			AT3G03660	-0.0	0.008	0.0	-0.008	0.5
2way	4	-0.604	0.336			AT3G04070	-0.0	0.0	0.007	0.007	0.5
2way	4	-0.604	0.336			AT3G30530	-0.0	0.009	0.001	-0.007	0.5
2way	4	-0.604	0.336			AT3G45170	-0.0	0.009	0.0	-0.009	0.5
2way	4	-0.604	0.336			AT3G46070	-0.0	0.0	0.005	0.005	0.5
2way	4	-0.604	0.336			AT3G51470	-0.0	0.005	0.0	-0.005	0.5
2way	4	-0.604	0.336			AT3G61250	-0.0	0.002	0.0	-0.002	0.5
2way	4	-0.604	0.336			AT4G17460	-0.0	0.006	0.001	-0.005	0.5
2way	4	-0.604	0.336			AT4G18890	-0.0	0.004	0.001	-0.003	0.5
2way	4	-0.604	0.336			AT4G36620	-0.0	0.007	0.0	-0.007	0.5
2way	4	-0.604	0.336			AT4G38620	-0.0	0.009	0.0	-0.009	0.5
2way	4	-0.604	0.336			AT5G08750	-0.0	0.006	0.0	-0.006	0.5
2way	4	-0.604	0.336			AT5G25390	-0.0	0.002	0.005	0.003	0.5
2way	4	-0.604	0.336			AT5G39820	-0.0	0.002	0.007	0.005	0.5
2way	4	-0.604	0.336			AT5G67000	-0.0	0.005	0.001	-0.005	0.5
2way	4	-0.604	0.336			AT1G33240	0.137	0.052	0.021	-0.031	0.501
2way	4	-0.604	0.336			AT4G01540	-0.0	0.047	0.021	-0.026	0.501
2way	4	-0.604	0.336			AT4G14770	0.352	0.112	0.069	-0.043	0.501
2way	4	-0.604	0.336			AT4G25470	-0.0	0.054	0.021	-0.033	0.501
2way	4	-0.604	0.336			AT5G11260	-0.0	0.053	0.019	-0.033	0.501
2way	4	-0.604	0.336			AT5G66940	-0.0	0.045	0.019	-0.026	0.501
2way	4	-0.604	0.336			AT3G26620	-0.0	0.027	0.007	-0.02	0.506
2way	4	-0.604	0.336			AT1G49010	-0.0	0.063	0.032	-0.031	0.509
2way	4	-0.604	0.336			AT1G12610	-0.0	0.028	0.011	-0.018	0.52
2way	4	-0.604	0.336			AT1G79180	-0.0	0.03	0.007	-0.022	0.52
2way	4	-0.604	0.336			AT3G21175	-0.0	0.009	0.025	0.016	0.52
2way	4	-0.604	0.336			AT5G09410	-0.0	0.038	0.013	-0.026	0.52
2way	4	-0.604	0.336			AT5G24110	-0.0	0.005	0.029	0.024	0.52
2way	4	-0.604	0.336			AT5G62470	-0.628	0.037	0.064	0.026	0.52
2way	4	-0.604	0.336			AT1G74480	0.047	0.054	0.028	-0.026	0.525
2way	4	-0.604	0.336			AT3G50410	-0.0	0.047	0.02	-0.027	0.525
2way	4	-0.604	0.336			AT5G45580	0.448	0.058	0.025	-0.033	0.525
2way	4	-0.604	0.336			AT4G16750	-0.0	0.058	0.031	-0.027	0.529
2way	4	-0.604	0.336			AT2G32460	-0.0	0.027	0.056	0.029	0.54
2way	4	-0.604	0.336			AT1G68550	-0.0	0.072	0.044	-0.027	0.541
2way	4	-0.604	0.336			AT5G45300	-0.0	0.024	0.004	-0.019	0.547
2way	4	-0.604	0.336			AT5G65130	-0.0	0.033	0.014	-0.019	0.547
2way	4	-0.604	0.336			AT3G24120	-0.0	0.066	0.046	-0.021	0.552
2way	4	-0.604	0.336			AT3G10113	-0.0	0.039	0.016	-0.023	0.553
2way	4	-0.604	0.336			AT4G36740	-0.0	0.028	0.006	-0.022	0.553
2way	4	-0.604	0.336			AT5G65510	-0.0	0.032	0.008	-0.024	0.553
2way	4	-0.604	0.336			AT1G25550	-0.0	0.034	0.008	-0.026	0.58
2way	4	-0.604	0.336			AT1G31140	-0.0	0.034	0.011	-0.023	0.58
2way	4	-0.604	0.336			AT1G52880	-0.0	0.04	0.013	-0.027	0.58
2way	4	-0.604	0.336			AT2G20400	-0.0	0.044	0.017	-0.027	0.58
2way	4	-0.604	0.336			AT3G11020	-0.0	0.04	0.02	-0.021	0.58
2way	4	-0.604	0.336			AT4G24470	-0.0	0.015	0.037	0.022	0.58
2way	4	-0.604	0.336			AT4G26030	-0.0	0.032	0.005	-0.028	0.58
2way	4	-0.604	0.336			AT5G02460	-0.0	0.07	0.038	-0.032	0.58
2way	4	-0.604	0.336			AT5G05790	-0.0	0.036	0.016	-0.019	0.58
2way	4	-0.604	0.336			AT5G62000	-0.0	0.014	0.029	0.015	0.58
2way	4	-0.604	0.336			AT1G08010	1.204	0.064	0.034	-0.029	0.59
2way	4	-0.604	0.336			AT2G33810	-0.0	0.012	0.0	-0.012	0.6
2way	4	-0.604	0.336			AT3G23210	-0.0	0.01	0.0	-0.01	0.6
2way	4	-0.604	0.336			AT1G01720	-0.0	0.019	0.033	0.014	0.603
2way	4	-0.604	0.336			AT1G26960	-0.0	0.009	0.021	0.012	0.603
2way	4	-0.604	0.336			AT1G29280	-0.0	0.009	0.03	0.021	0.603
2way	4	-0.604	0.336			AT1G34190	-0.0	0.041	0.024	-0.017	0.603
2way	4	-0.604	0.336			AT2G23320	-0.0	0.019	0.031	0.012	0.603
2way	4	-0.604	0.336			AT2G47070	-0.0	0.037	0.007	-0.029	0.603
2way	4	-0.604	0.336			AT3G08500	-0.0	0.012	0.025	0.013	0.603
2way	4	-0.604	0.336			AT3G09735	-0.0	0.03	0.018	-0.012	0.603
2way	4	-0.604	0.336			AT3G12720	-0.0	0.032	0.016	-0.015	0.603
2way	4	-0.604	0.336			AT3G23240	-0.0	0.032	0.019	-0.013	0.603
2way	4	-0.604	0.336			AT3G60530	0.421	0.036	0.014	-0.022	0.603
2way	4	-0.604	0.336			AT5G03790	-0.0	0.025	0.008	-0.017	0.603
2way	4	-0.604	0.336			AT5G06839	-0.0	0.035	0.013	-0.022	0.603
2way	4	-0.604	0.336			AT5G10030	-0.0	0.037	0.017	-0.02	0.603
2way	4	-0.604	0.336			AT5G47390	-0.0	0.041	0.017	-0.025	0.603
2way	4	-0.604	0.336			AT1G30650	-0.0	0.008	0.028	0.02	0.605
2way	4	-0.604	0.336			AT1G27730	-0.122	0.075	0.096	0.021	0.621
2way	4	-0.604	0.336			AT1G75490	-0.0	0.042	0.022	-0.02	0.621
2way	4	-0.604	0.336			AT3G12250	-0.0	0.036	0.017	-0.019	0.621
2way	4	-0.604	0.336			AT1G51700	-0.0	0.036	0.014	-0.022	0.622
2way	4	-0.604	0.336			AT3G60580	-0.0	0.03	0.013	-0.016	0.622
2way	4	-0.604	0.336			AT1G04880	-0.0	0.008	0.006	-0.003	0.624
2way	4	-0.604	0.336			AT2G42590	-0.0	0.0	0.008	0.008	0.624
2way	4	-0.604	0.336			AT2G45680	-0.0	0.01	0.006	-0.004	0.624
2way	4	-0.604	0.336			AT3G57600	-0.0	0.01	0.007	-0.003	0.624
2way	4	-0.604	0.336			AT4G17785	-0.0	0.005	0.001	-0.004	0.624
2way	4	-0.604	0.336			AT4G27900	-0.0	0.005	0.008	0.003	0.624
2way	4	-0.604	0.336			AT4G28140	-0.0	0.006	0.011	0.004	0.624
2way	4	-0.604	0.336			AT4G31550	-0.0	0.003	0.008	0.005	0.624
2way	4	-0.604	0.336			AT5G02840	-0.0	0.014	0.0	-0.014	0.624
2way	4	-0.604	0.336			AT5G14960	-0.0	0.01	0.001	-0.01	0.624
2way	4	-0.604	0.336			AT5G44160	-0.0	0.011	0.016	0.005	0.624
2way	4	-0.604	0.336			AT5G67300	-0.0	0.0	0.011	0.011	0.624
2way	4	-0.604	0.336			AT1G03840	-0.0	0.029	0.05	0.02	0.635
2way	4	-0.604	0.336			AT2G45410	-0.0	0.05	0.029	-0.021	0.635
2way	4	-0.604	0.336			AT3G10030	-0.0	0.012	0.032	0.02	0.635
2way	4	-0.604	0.336			AT1G16490	-0.0	0.043	0.019	-0.024	0.639
2way	4	-0.604	0.336			AT1G76890	-0.0	0.038	0.015	-0.023	0.639
2way	4	-0.604	0.336			AT3G60490	-0.0	0.03	0.044	0.013	0.639
2way	4	-0.604	0.336			AT1G72740	0.209	0.052	0.031	-0.021	0.648
2way	4	-0.604	0.336			AT2G45420	-0.0	0.047	0.029	-0.018	0.648
2way	4	-0.604	0.336			AT4G36780	-0.0	0.04	0.022	-0.018	0.648
2way	4	-0.604	0.336			AT5G58900	-0.0	0.035	0.014	-0.021	0.648
2way	4	-0.604	0.336			AT1G03800	-0.0	0.064	0.045	-0.019	0.653
2way	4	-0.604	0.336			AT1G78700	-0.0	0.038	0.016	-0.022	0.653
2way	4	-0.604	0.336			AT2G43000	-0.0	0.034	0.056	0.022	0.653
2way	4	-0.604	0.336			AT3G10580	-0.0	0.04	0.025	-0.015	0.653
2way	4	-0.604	0.336			AT3G21890	-0.0	0.121	0.096	-0.026	0.653
2way	4	-0.604	0.336			AT5G16820	0.089	0.042	0.025	-0.018	0.653
2way	4	-0.604	0.336			AT1G12630	-0.0	0.049	0.028	-0.021	0.659
2way	4	-0.604	0.336			AT2G22540	-0.0	0.012	0.032	0.019	0.659
2way	4	-0.604	0.336			AT3G24520	-0.0	0.048	0.027	-0.02	0.659
2way	4	-0.604	0.336			AT3G47500	-0.0	0.103	0.128	0.025	0.659
2way	4	-0.604	0.336			AT4G31060	-0.0	0.056	0.038	-0.018	0.659
2way	4	-0.604	0.336			AT1G43700	-0.0	0.019	0.008	-0.011	0.666
2way	4	-0.604	0.336			AT3G27010	-0.0	0.019	0.032	0.013	0.666
2way	4	-0.604	0.336			AT4G24020	-0.0	0.014	0.005	-0.009	0.666
2way	4	-0.604	0.336			AT5G22990	-0.0	0.055	0.038	-0.016	0.666
2way	4	-0.604	0.336			AT3G04030	-0.0	0.048	0.024	-0.024	0.67
2way	4	-0.604	0.336			AT5G56110	0.02	0.053	0.034	-0.019	0.67
2way	4	-0.604	0.336			AT1G69570	-0.0	0.121	0.149	0.027	0.679
2way	4	-0.604	0.336			AT2G23340	-0.0	0.061	0.048	-0.013	0.679
2way	4	-0.604	0.336			AT1G65910	-0.0	0.005	0.012	0.006	0.687
2way	4	-0.604	0.336			AT1G66370	-0.0	0.004	0.02	0.015	0.687
2way	4	-0.604	0.336			AT1G76110	-0.0	0.006	0.0	-0.006	0.687
2way	4	-0.604	0.336			AT1G77640	-0.0	0.015	0.001	-0.014	0.687
2way	4	-0.604	0.336			AT3G11280	-0.0	0.015	0.008	-0.007	0.687
2way	4	-0.604	0.336			AT3G15170	-0.0	0.017	0.004	-0.013	0.687
2way	4	-0.604	0.336			AT3G18400	-0.0	0.007	0.012	0.005	0.687
2way	4	-0.604	0.336			AT3G51080	-0.0	0.018	0.004	-0.014	0.687
2way	4	-0.604	0.336			AT5G13790	-0.0	0.0	0.01	0.01	0.687
2way	4	-0.604	0.336			AT1G64620	-0.0	0.15	0.128	-0.022	0.688
2way	4	-0.604	0.336			AT5G61620	-0.0	0.061	0.035	-0.025	0.688
2way	4	-0.604	0.336			AT5G67190	0.929	0.073	0.045	-0.028	0.688
2way	4	-0.604	0.336			AT3G20310	-0.0	0.076	0.057	-0.019	0.704
2way	4	-0.604	0.336			AT1G68670	-0.0	0.009	0.002	-0.007	0.708
2way	4	-0.604	0.336			AT3G06490	-0.0	0.009	0.003	-0.006	0.708
2way	4	-0.604	0.336			AT3G10500	-0.0	0.028	0.043	0.015	0.708
2way	4	-0.604	0.336			AT3G30210	-0.0	0.019	0.009	-0.009	0.708
2way	4	-0.604	0.336			AT2G33710	-0.0	0.077	0.058	-0.019	0.709
2way	4	-0.604	0.336			AT1G44830	-0.0	0.047	0.032	-0.015	0.726
2way	4	-0.604	0.336			AT4G22070	-0.0	0.007	0.017	0.01	0.726
2way	4	-0.604	0.336			AT5G22500	-0.0	0.047	0.032	-0.015	0.726
2way	4	-0.604	0.336			AT5G67450	-0.0	0.016	0.005	-0.011	0.726
2way	4	-0.604	0.336			AT1G53170	-0.0	0.094	0.08	-0.014	0.729
2way	4	-0.604	0.336			AT1G70920	-0.0	0.021	0.012	-0.008	0.737
2way	4	-0.604	0.336			AT1G72010	-0.0	0.025	0.016	-0.009	0.737
2way	4	-0.604	0.336			AT3G04060	-0.0	0.037	0.053	0.016	0.737
2way	4	-0.604	0.336			AT5G08330	-0.0	0.028	0.016	-0.012	0.737
2way	4	-0.604	0.336			AT1G71696	-0.0	0.095	0.069	-0.026	0.741
2way	4	-0.604	0.336			AT2G02820	-0.0	0.115	0.094	-0.021	0.741
2way	4	-0.604	0.336			AT1G02230	-0.0	0.008	0.019	0.011	0.753
2way	4	-0.604	0.336			AT4G10350	-0.0	0.009	0.016	0.007	0.753
2way	4	-0.604	0.336			AT1G32870	-0.0	0.019	0.013	-0.006	0.758
2way	4	-0.604	0.336			AT2G06200	-0.0	0.002	0.018	0.015	0.758
2way	4	-0.604	0.336			AT2G18350	-0.0	0.031	0.015	-0.016	0.758
2way	4	-0.604	0.336			AT2G22430	-0.0	0.01	0.016	0.006	0.758
2way	4	-0.604	0.336			AT2G46770	-0.0	0.014	0.017	0.003	0.758
2way	4	-0.604	0.336			AT4G17980	-0.0	0.018	0.004	-0.013	0.758
2way	4	-0.604	0.336			AT4G32800	-0.0	0.011	0.023	0.012	0.758
2way	4	-0.604	0.336			AT5G18450	-0.0	0.026	0.015	-0.011	0.758
2way	4	-0.604	0.336			AT1G62300	-0.0	0.013	0.022	0.009	0.773
2way	4	-0.604	0.336			AT2G46680	-0.0	0.023	0.012	-0.012	0.773
2way	4	-0.604	0.336			AT3G10800	-0.0	0.03	0.021	-0.01	0.773
2way	4	-0.604	0.336			AT3G13810	-0.0	0.029	0.035	0.006	0.775
2way	4	-0.604	0.336			AT4G11660	-0.0	0.023	0.015	-0.008	0.775
2way	4	-0.604	0.336			AT5G29000	-0.0	0.029	0.015	-0.014	0.775
2way	4	-0.604	0.336			AT1G51220	-0.0	0.039	0.022	-0.017	0.789
2way	4	-0.604	0.336			AT1G79580	-0.0	0.019	0.02	0.001	0.789
2way	4	-0.604	0.336			AT2G15740	-0.0	0.038	0.038	-0.0	0.789
2way	4	-0.604	0.336			AT3G01220	-0.0	0.027	0.011	-0.016	0.789
2way	4	-0.604	0.336			AT3G01970	-0.0	0.015	0.021	0.005	0.789
2way	4	-0.604	0.336			AT4G23550	-0.0	0.012	0.013	0.001	0.789
2way	4	-0.604	0.336			AT4G29230	-0.0	0.029	0.009	-0.02	0.789
2way	4	-0.604	0.336			AT4G36160	-0.0	0.026	0.017	-0.008	0.789
2way	4	-0.604	0.336			AT5G18560	-0.0	0.043	0.029	-0.015	0.789
2way	4	-0.604	0.336			AT5G41570	-0.0	0.014	0.024	0.01	0.789
2way	4	-0.604	0.336			AT5G54230	-0.0	0.065	0.085	0.02	0.789
2way	4	-0.604	0.336			AT3G18990	-0.0	0.014	0.023	0.01	0.79
2way	4	-0.604	0.336			AT4G27950	-0.0	0.027	0.036	0.009	0.79
2way	4	-0.604	0.336			AT1G25340	-0.0	0.029	0.014	-0.015	0.8
2way	4	-0.604	0.336			AT2G24430	-0.0	0.031	0.019	-0.012	0.8
2way	4	-0.604	0.336			AT2G30340	-0.0	0.034	0.017	-0.017	0.8
2way	4	-0.604	0.336			AT2G38470	-0.0	0.075	0.085	0.01	0.8
2way	4	-0.604	0.336			AT3G12730	-0.0	0.027	0.017	-0.01	0.8
2way	4	-0.604	0.336			AT3G22830	-0.0	0.019	0.022	0.003	0.8
2way	4	-0.604	0.336			AT3G28920	-0.0	0.029	0.036	0.007	0.8
2way	4	-0.604	0.336			AT5G26170	-0.0	0.075	0.085	0.01	0.8
2way	4	-0.604	0.336			AT5G60130	-0.0	0.034	0.038	0.003	0.8
2way	4	-0.604	0.336			AT2G30250	-0.0	0.084	0.096	0.012	0.809
2way	4	-0.604	0.336			AT1G08320	-0.0	0.035	0.023	-0.012	0.81
2way	4	-0.604	0.336			AT1G50640	-0.0	0.042	0.05	0.007	0.81
2way	4	-0.604	0.336			AT3G01530	-0.0	0.033	0.028	-0.006	0.81
2way	4	-0.604	0.336			AT3G53200	-0.0	0.03	0.018	-0.012	0.81
2way	4	-0.604	0.336			AT1G45249	-0.0	0.04	0.032	-0.008	0.816
2way	4	-0.604	0.336			AT4G38170	-0.0	0.033	0.041	0.008	0.816
2way	4	-0.604	0.336			AT5G66730	-0.0	0.052	0.042	-0.011	0.816
2way	4	-0.604	0.336			AT2G04038	-0.0	0.037	0.031	-0.006	0.819
2way	4	-0.604	0.336			AT3G16280	-0.0	0.035	0.048	0.013	0.819
2way	4	-0.604	0.336			AT5G62940	-0.0	0.04	0.025	-0.014	0.819
2way	4	-0.604	0.336			AT1G22810	-0.0	0.048	0.036	-0.013	0.823
2way	4	-0.604	0.336			AT5G65410	-0.0	0.037	0.029	-0.009	0.823
2way	4	-0.604	0.336			AT1G69010	-0.0	0.031	0.022	-0.009	0.826
2way	4	-0.604	0.336			AT1G32150	-0.0	0.044	0.031	-0.013	0.832
2way	4	-0.604	0.336			AT2G18160	-0.0	0.047	0.038	-0.009	0.832
2way	4	-0.604	0.336			AT2G35700	-0.0	0.049	0.041	-0.008	0.832
2way	4	-0.604	0.336			AT4G37180	-0.0	0.046	0.035	-0.011	0.832
2way	4	-0.604	0.336			AT1G77200	-0.0	0.056	0.052	-0.004	0.834
2way	4	-0.604	0.336			AT2G31230	-0.0	0.046	0.061	0.015	0.834
2way	4	-0.604	0.336			AT2G36270	-0.0	0.054	0.039	-0.016	0.834
2way	4	-0.604	0.336			AT5G15830	-0.0	0.043	0.032	-0.012	0.834
2way	4	-0.604	0.336			AT5G17800	-0.0	0.028	0.043	0.015	0.834
2way	4	-0.604	0.336			AT5G64750	-0.0	0.066	0.055	-0.011	0.838
2way	4	-0.604	0.336			AT1G28160	-0.0	0.063	0.059	-0.004	0.839
2way	4	-0.604	0.336			AT2G28810	-0.0	0.048	0.03	-0.018	0.839
2way	4	-0.604	0.336			AT3G50260	-0.0	0.061	0.049	-0.012	0.839
2way	4	-0.604	0.336			AT5G47370	-0.0	0.037	0.023	-0.014	0.839
2way	4	-0.604	0.336			AT4G34410	-0.0	0.067	0.052	-0.015	0.843
2way	4	-0.604	0.336			AT1G71450	-0.0	0.078	0.068	-0.009	0.854
2way	4	-0.604	0.336			AT1G01250	-0.0	0.009	0.015	0.005	1.0
2way	4	-0.604	0.336			AT1G02250	-0.0	0.01	0.011	0.001	1.0
2way	4	-0.604	0.336			AT1G06280	-0.0	0.056	0.053	-0.002	1.0
2way	4	-0.604	0.336			AT1G06850	-0.0	0.022	0.019	-0.003	1.0
2way	4	-0.604	0.336			AT1G09540	-0.0	0.014	0.017	0.003	1.0
2way	4	-0.604	0.336			AT1G10720	-0.0	0.001	0.0	-0.001	1.0
2way	4	-0.604	0.336			AT1G12260	-0.0	0.012	0.016	0.004	1.0
2way	4	-0.604	0.336			AT1G13260	-0.0	0.037	0.043	0.005	1.0
2way	4	-0.604	0.336			AT1G13300	-0.0	0.0	0.0	0.0	1.0
2way	4	-0.604	0.336			AT1G14580	-0.0	0.016	0.018	0.003	1.0
2way	4	-0.604	0.336			AT1G14687	-0.0	0.024	0.017	-0.008	1.0
2way	4	-0.604	0.336			AT1G17950	-0.0	0.0	0.0	0.0	1.0
2way	4	-0.604	0.336			AT1G18960	-0.0	0.0	0.0	0.0	1.0
2way	4	-0.604	0.336			AT1G19040	-0.0	0.0	0.0	0.0	1.0
2way	4	-0.604	0.336			AT1G19790	-0.0	0.026	0.027	0.001	1.0
2way	4	-0.604	0.336			AT1G20910	-0.0	0.017	0.013	-0.004	1.0
2way	4	-0.604	0.336			AT1G23810	-0.0	0.0	0.0	0.0	1.0
2way	4	-0.604	0.336			AT1G27360	-0.0	0.0	0.001	0.001	1.0
2way	4	-0.604	0.336			AT1G28370	-0.0	0.131	0.128	-0.003	1.0
2way	4	-0.604	0.336			AT1G29860	-0.0	0.013	0.016	0.003	1.0
2way	4	-0.604	0.336			AT1G30210	-0.0	0.0	0.0	0.0	1.0
2way	4	-0.604	0.336			AT1G30490	-0.0	0.008	0.009	0.001	1.0
2way	4	-0.604	0.336			AT1G32240	-0.0	0.0	0.002	0.001	1.0
2way	4	-0.604	0.336			AT1G32510	-0.0	0.0	0.0	0.0	1.0
2way	4	-0.604	0.336			AT1G34180	-0.0	0.018	0.021	0.003	1.0
2way	4	-0.604	0.336			AT1G34670	-0.0	0.015	0.018	0.003	1.0
2way	4	-0.604	0.336			AT1G46264	-0.0	0.001	0.0	-0.001	1.0
2way	4	-0.604	0.336			AT1G47655	-0.0	0.041	0.036	-0.005	1.0
2way	4	-0.604	0.336			AT1G47870	-0.0	0.0	0.0	0.0	1.0
2way	4	-0.604	0.336			AT1G51600	-0.0	0.008	0.0	-0.008	1.0
2way	4	-0.604	0.336			AT1G52150	-0.0	0.007	0.011	0.005	1.0
2way	4	-0.604	0.336			AT1G53230	-0.0	0.002	0.003	0.001	1.0
2way	4	-0.604	0.336			AT1G54330	-0.0	0.01	0.009	-0.001	1.0
2way	4	-0.604	0.336			AT1G55110	-0.0	0.044	0.042	-0.002	1.0
2way	4	-0.604	0.336			AT1G60920	-0.0	0.001	0.0	-0.001	1.0
2way	4	-0.604	0.336			AT1G63030	-0.0	0.0	0.0	0.0	1.0
2way	4	-0.604	0.336			AT1G63040	-0.0	0.001	0.0	-0.001	1.0
2way	4	-0.604	0.336			AT1G65620	-0.0	0.001	0.0	-0.001	1.0
2way	4	-0.604	0.336			AT1G66420	-0.0	0.0	0.0	0.0	1.0
2way	4	-0.604	0.336			AT1G67260	-0.0	0.0	0.0	0.0	1.0
2way	4	-0.604	0.336			AT1G68320	-0.0	0.019	0.019	-0.0	1.0
2way	4	-0.604	0.336			AT1G69560	-0.0	0.007	0.01	0.002	1.0
2way	4	-0.604	0.336			AT1G69690	-0.0	0.012	0.012	0.0	1.0
2way	4	-0.604	0.336			AT1G69780	-0.0	0.017	0.012	-0.005	1.0
2way	4	-0.604	0.336			AT1G70910	-0.0	0.0	0.0	0.0	1.0
2way	4	-0.604	0.336			AT1G72360	-0.0	0.0	0.009	0.009	1.0
2way	4	-0.604	0.336			AT1G73730	-0.0	0.0	0.0	0.0	1.0
2way	4	-0.604	0.336			AT1G74370	-0.0	0.0	0.0	0.0	1.0
2way	4	-0.604	0.336			AT1G74650	-0.0	0.02	0.027	0.007	1.0
2way	4	-0.604	0.336			AT1G75390	-0.0	0.01	0.01	0.0	1.0
2way	4	-0.604	0.336			AT1G76420	-0.0	0.022	0.017	-0.005	1.0
2way	4	-0.604	0.336			AT1G76880	-0.0	0.0	0.001	0.001	1.0
2way	4	-0.604	0.336			AT1G80840	-0.0	0.009	0.011	0.001	1.0
2way	4	-0.604	0.336			AT2G01818	-0.0	0.006	0.003	-0.003	1.0
2way	4	-0.604	0.336			AT2G01940	-0.0	0.036	0.033	-0.003	1.0
2way	4	-0.604	0.336			AT2G02070	-0.0	0.033	0.031	-0.002	1.0
2way	4	-0.604	0.336			AT2G02080	-0.0	0.045	0.045	-0.0	1.0
2way	4	-0.604	0.336			AT2G02540	-0.0	0.021	0.015	-0.006	1.0
2way	4	-0.604	0.336			AT2G03340	-0.0	0.002	0.004	0.002	1.0
2way	4	-0.604	0.336			AT2G15660	-0.0	0.001	0.002	0.001	1.0
2way	4	-0.604	0.336			AT2G17900	-0.0	0.0	0.0	0.0	1.0
2way	4	-0.604	0.336			AT2G17950	-0.0	0.004	0.001	-0.003	1.0
2way	4	-0.604	0.336			AT2G18060	-0.0	0.008	0.011	0.003	1.0
2way	4	-0.604	0.336			AT2G18380	-0.0	0.056	0.051	-0.005	1.0
2way	4	-0.604	0.336			AT2G24570	-0.0	0.001	0.0	-0.001	1.0
2way	4	-0.604	0.336			AT2G30590	-0.0	0.0	0.003	0.003	1.0
2way	4	-0.604	0.336			AT2G31460	-0.0	0.004	0.0	-0.004	1.0
2way	4	-0.604	0.336			AT2G35530	-0.0	0.05	0.051	0.001	1.0
2way	4	-0.604	0.336			AT2G38090	-0.0	0.0	0.0	0.0	1.0
2way	4	-0.604	0.336			AT2G38300	-0.0	0.0	0.002	0.002	1.0
2way	4	-0.604	0.336			AT2G38880	-0.0	0.0	0.0	0.0	1.0
2way	4	-0.604	0.336			AT2G41690	-0.0	0.003	0.009	0.006	1.0
2way	4	-0.604	0.336			AT2G42430	-0.0	0.03	0.027	-0.003	1.0
2way	4	-0.604	0.336			AT2G45650	-0.0	0.0	0.002	0.002	1.0
2way	4	-0.604	0.336			AT2G46130	-0.0	0.004	0.004	-0.0	1.0
2way	4	-0.604	0.336			AT2G46400	-0.0	0.0	0.0	0.0	1.0
2way	4	-0.604	0.336			AT2G48100	-0.0	0.0	0.0	0.0	1.0
2way	4	-0.604	0.336			AT3G02150	-0.0	0.0	0.0	0.0	1.0
2way	4	-0.604	0.336			AT3G02990	-0.0	0.001	0.0	-0.001	1.0
2way	4	-0.604	0.336			AT3G03200	-0.0	0.006	0.006	0.001	1.0
2way	4	-0.604	0.336			AT3G07220	-0.0	0.0	0.0	0.0	1.0
2way	4	-0.604	0.336			AT3G09230	-0.0	0.0	0.0	0.0	1.0
2way	4	-0.604	0.336			AT3G10480	-0.0	0.014	0.016	0.002	1.0
2way	4	-0.604	0.336			AT3G12910	-0.0	0.0	0.0	0.0	1.0
2way	4	-0.604	0.336			AT3G13040	-0.0	0.004	0.0	-0.004	1.0
2way	4	-0.604	0.336			AT3G13350	-0.0	0.006	0.005	-0.001	1.0
2way	4	-0.604	0.336			AT3G17730	-0.0	0.011	0.01	-0.0	1.0
2way	4	-0.604	0.336			AT3G20840	-0.0	0.0	0.0	0.0	1.0
2way	4	-0.604	0.336			AT3G22780	-0.0	0.0	0.0	0.0	1.0
2way	4	-0.604	0.336			AT3G23220	-0.0	0.013	0.017	0.004	1.0
2way	4	-0.604	0.336			AT3G23250	-0.0	0.0	0.0	0.0	1.0
2way	4	-0.604	0.336			AT3G25990	-0.0	0.014	0.012	-0.002	1.0
2way	4	-0.604	0.336			AT3G26790	-0.0	0.01	0.012	0.002	1.0
2way	4	-0.604	0.336			AT3G28910	-0.0	0.007	0.006	-0.001	1.0
2way	4	-0.604	0.336			AT3G44480	-0.0	0.027	0.027	-0.0	1.0
2way	4	-0.604	0.336			AT3G45150	-0.0	0.003	0.0	-0.003	1.0
2way	4	-0.604	0.336			AT3G46590	-0.0	0.007	0.003	-0.004	1.0
2way	4	-0.604	0.336			AT3G47600	-0.0	0.007	0.007	-0.0	1.0
2way	4	-0.604	0.336			AT3G47620	-0.0	0.0	0.0	0.0	1.0
2way	4	-0.604	0.336			AT3G48160	-0.0	0.0	0.0	0.0	1.0
2way	4	-0.604	0.336			AT3G49530	-0.0	0.037	0.043	0.005	1.0
2way	4	-0.604	0.336			AT3G49930	-0.0	0.0	0.0	0.0	1.0
2way	4	-0.604	0.336			AT3G50700	-0.0	0.016	0.018	0.002	1.0
2way	4	-0.604	0.336			AT3G56850	-0.0	0.052	0.053	0.002	1.0
2way	4	-0.604	0.336			AT3G57230	-0.0	0.0	0.003	0.002	1.0
2way	4	-0.604	0.336			AT3G61120	-0.0	0.001	0.0	-0.001	1.0
2way	4	-0.604	0.336			AT3G62420	-0.0	0.046	0.044	-0.002	1.0
2way	4	-0.604	0.336			AT4G01250	-0.0	0.056	0.064	0.008	1.0
2way	4	-0.604	0.336			AT4G01500	-0.0	0.003	0.001	-0.002	1.0
2way	4	-0.604	0.336			AT4G01550	-0.0	0.024	0.025	0.0	1.0
2way	4	-0.604	0.336			AT4G01720	-0.0	0.002	0.001	-0.0	1.0
2way	4	-0.604	0.336			AT4G04450	-0.0	0.0	0.001	0.001	1.0
2way	4	-0.604	0.336			AT4G05100	-0.0	0.017	0.016	-0.001	1.0
2way	4	-0.604	0.336			AT4G12670	-0.0	0.0	0.0	0.0	1.0
2way	4	-0.604	0.336			AT4G14410	-0.0	0.007	0.0	-0.007	1.0
2way	4	-0.604	0.336			AT4G18170	-0.0	0.015	0.015	-0.0	1.0
2way	4	-0.604	0.336			AT4G18450	-0.0	0.002	0.007	0.005	1.0
2way	4	-0.604	0.336			AT4G24240	-0.0	0.0	0.0	0.0	1.0
2way	4	-0.604	0.336			AT4G26640	-0.0	0.005	0.006	0.001	1.0
2way	4	-0.604	0.336			AT4G28110	-0.0	0.0	0.003	0.003	1.0
2way	4	-0.604	0.336			AT4G30080	-0.0	0.0	0.001	0.001	1.0
2way	4	-0.604	0.336			AT4G34590	-0.0	0.009	0.01	0.001	1.0
2way	4	-0.604	0.336			AT4G37790	-0.0	0.0	0.0	0.0	1.0
2way	4	-0.604	0.336			AT4G38910	-0.0	0.001	0.002	0.001	1.0
2way	4	-0.604	0.336			AT5G03150	-0.0	0.029	0.024	-0.004	1.0
2way	4	-0.604	0.336			AT5G04390	-0.0	0.025	0.027	0.003	1.0
2way	4	-0.604	0.336			AT5G04410	-0.0	0.009	0.008	-0.001	1.0
2way	4	-0.604	0.336			AT5G05550	-0.0	0.078	0.074	-0.004	1.0
2way	4	-0.604	0.336			AT5G07100	-0.0	0.009	0.011	0.001	1.0
2way	4	-0.604	0.336			AT5G07680	-0.0	0.0	0.0	0.0	1.0
2way	4	-0.604	0.336			AT5G08070	-0.0	0.0	0.0	0.0	1.0
2way	4	-0.604	0.336			AT5G08130	-0.0	0.006	0.003	-0.003	1.0
2way	4	-0.604	0.336			AT5G10140	-0.0	0.003	0.0	-0.003	1.0
2way	4	-0.604	0.336			AT5G10280	-0.0	0.002	0.001	-0.002	1.0
2way	4	-0.604	0.336			AT5G10510	-0.0	0.0	0.0	0.0	1.0
2way	4	-0.604	0.336			AT5G13180	-0.0	0.022	0.021	-0.001	1.0
2way	4	-0.604	0.336			AT5G13910	-0.0	0.004	0.003	-0.0	1.0
2way	4	-0.604	0.336			AT5G14340	-0.0	0.0	0.0	0.0	1.0
2way	4	-0.604	0.336			AT5G16600	-0.0	0.0	0.0	0.0	1.0
2way	4	-0.604	0.336			AT5G18090	-0.0	0.0	0.001	0.001	1.0
2way	4	-0.604	0.336			AT5G18270	-0.0	0.056	0.053	-0.003	1.0
2way	4	-0.604	0.336			AT5G22890	-0.0	0.0	0.001	0.001	1.0
2way	4	-0.604	0.336			AT5G23930	-0.0	0.056	0.06	0.003	1.0
2way	4	-0.604	0.336			AT5G25190	-0.0	0.14	0.138	-0.002	1.0
2way	4	-0.604	0.336			AT5G25475	-0.0	0.0	0.0	0.0	1.0
2way	4	-0.604	0.336			AT5G25830	-0.0	0.058	0.052	-0.005	1.0
2way	4	-0.604	0.336			AT5G38800	-0.0	0.0	0.0	0.0	1.0
2way	4	-0.604	0.336			AT5G38860	-0.0	0.0	0.0	0.0	1.0
2way	4	-0.604	0.336			AT5G39610	-0.0	0.012	0.011	-0.002	1.0
2way	4	-0.604	0.336			AT5G40330	-0.0	0.0	0.0	0.0	1.0
2way	4	-0.604	0.336			AT5G42520	-0.0	0.007	0.007	-0.0	1.0
2way	4	-0.604	0.336			AT5G42820	-0.0	0.0	0.0	0.0	1.0
2way	4	-0.604	0.336			AT5G43840	-0.0	0.002	0.001	-0.001	1.0
2way	4	-0.604	0.336			AT5G44210	-0.0	0.028	0.028	-0.001	1.0
2way	4	-0.604	0.336			AT5G46350	-0.0	0.014	0.014	-0.0	1.0
2way	4	-0.604	0.336			AT5G46590	-0.0	0.0	0.002	0.002	1.0
2way	4	-0.604	0.336			AT5G47230	-0.0	0.047	0.043	-0.004	1.0
2way	4	-0.604	0.336			AT5G48670	-0.0	0.0	0.0	0.0	1.0
2way	4	-0.604	0.336			AT5G49300	-0.0	0.0	0.0	0.0	1.0
2way	4	-0.604	0.336			AT5G50570	-0.0	0.002	0.0	-0.002	1.0
2way	4	-0.604	0.336			AT5G52170	-0.0	0.0	0.0	0.0	1.0
2way	4	-0.604	0.336			AT5G52830	-0.0	0.018	0.019	0.001	1.0
2way	4	-0.604	0.336			AT5G53950	-0.0	0.005	0.006	0.001	1.0
2way	4	-0.604	0.336			AT5G56930	-0.0	0.0	0.0	0.0	1.0
2way	4	-0.604	0.336			AT5G58620	-0.0	0.0	0.0	0.0	1.0
2way	4	-0.604	0.336			AT5G59990	-0.0	0.013	0.011	-0.002	1.0
2way	4	-0.604	0.336			AT5G61270	-0.0	0.008	0.0	-0.008	1.0
2way	4	-0.604	0.336			AT5G62165	-0.0	0.002	0.0	-0.002	1.0
2way	4	-0.604	0.336			AT5G62380	-0.0	0.012	0.013	0.001	1.0
2way	4	-0.604	0.336			AT5G63090	-0.0	0.012	0.01	-0.002	1.0
2way	4	-0.604	0.336			AT5G64060	-0.0	0.037	0.043	0.005	1.0
2way	4	-0.604	0.336			AT5G65310	-0.0	0.018	0.023	0.005	1.0
2way	4	-0.604	0.336			AT5G66300	-0.0	0.002	0.006	0.004	1.0
2way	4	-0.604	0.336			AT5G67580	-0.0	0.047	0.045	-0.003	1.0
2way	4	-0.604	0.336			AT1G25580	-0.0	0.011	0.014	0.003	1.0
2way	5	3.521	1.448			AT1G69690	-0.0	0.044	0.001	-0.043	0.043
2way	5	3.521	1.448			AT3G15210	-1.232	0.0	0.176	0.176	0.063
2way	5	3.521	1.448			AT5G64060	0.495	0.45	0.23	-0.22	0.088
2way	5	3.521	1.448			AT3G49530	0.506	0.25	0.095	-0.155	0.122
2way	5	3.521	1.448			AT1G28370	-0.0	0.0	0.108	0.108	0.195
2way	5	3.521	1.448			AT3G50060	-0.575	0.0	0.108	0.108	0.195
2way	5	3.521	1.448			AT2G44940	-0.626	0.0	0.122	0.122	0.197
2way	5	3.521	1.448			AT4G29230	1.107	0.312	0.16	-0.152	0.202
2way	5	3.521	1.448			AT2G45680	-0.0	0.035	0.0	-0.035	0.213
2way	5	3.521	1.448			AT1G25580	0.119	0.493	0.393	-0.099	0.259
2way	5	3.521	1.448			AT1G69570	-0.0	0.05	0.162	0.112	0.287
2way	5	3.521	1.448			AT3G47500	-0.271	0.05	0.162	0.112	0.287
2way	5	3.521	1.448			AT1G06280	-0.0	0.013	0.092	0.079	0.288
2way	5	3.521	1.448			AT2G35530	-0.0	0.003	0.078	0.075	0.288
2way	5	3.521	1.448			AT2G36270	-0.0	0.003	0.077	0.075	0.288
2way	5	3.521	1.448			AT1G09540	-0.262	0.006	0.082	0.076	0.299
2way	5	3.521	1.448			AT1G53170	-0.0	0.0	0.079	0.079	0.299
2way	5	3.521	1.448			AT1G24250	-0.0	0.0	0.048	0.048	0.336
2way	5	3.521	1.448			AT1G51220	-0.0	0.077	0.024	-0.053	0.336
2way	5	3.521	1.448			AT3G12730	-0.0	0.075	0.021	-0.054	0.336
2way	5	3.521	1.448			AT1G22810	-0.0	0.0	0.038	0.038	0.339
2way	5	3.521	1.448			AT1G30490	-0.0	0.003	0.042	0.039	0.339
2way	5	3.521	1.448			AT1G52150	-0.0	0.003	0.041	0.038	0.339
2way	5	3.521	1.448			AT3G42860	-0.213	0.0	0.095	0.095	0.339
2way	5	3.521	1.448			AT4G00250	-0.0	0.06	0.026	-0.035	0.339
2way	5	3.521	1.448			AT5G03790	-0.0	0.0	0.032	0.032	0.339
2way	5	3.521	1.448			AT5G04390	-0.0	0.08	0.022	-0.058	0.339
2way	5	3.521	1.448			AT5G06960	-0.0	0.054	0.021	-0.034	0.339
2way	5	3.521	1.448			AT5G23930	-0.0	0.0	0.045	0.045	0.339
2way	5	3.521	1.448			AT5G62320	-0.0	0.0	0.037	0.037	0.339
2way	5	3.521	1.448			AT1G64620	-0.345	0.1	0.216	0.116	0.344
2way	5	3.521	1.448			AT3G45610	-0.101	0.009	0.104	0.095	0.344
2way	5	3.521	1.448			AT5G05550	-0.0	0.016	0.095	0.079	0.346
2way	5	3.521	1.448			AT3G10500	-0.0	0.3	0.189	-0.111	0.356
2way	5	3.521	1.448			AT2G45420	-0.0	0.0	0.049	0.049	0.36
2way	5	3.521	1.448			AT4G01680	-0.0	0.0	0.051	0.051	0.36
2way	5	3.521	1.448			AT4G34410	-0.0	0.0	0.047	0.047	0.36
2way	5	3.521	1.448			AT5G58900	-0.0	0.097	0.039	-0.058	0.36
2way	5	3.521	1.448			AT1G72010	-0.0	0.041	0.01	-0.031	0.382
2way	5	3.521	1.448			AT3G27010	-0.0	0.05	0.014	-0.036	0.382
2way	5	3.521	1.448			AT5G08330	-0.0	0.041	0.009	-0.033	0.382
2way	5	3.521	1.448			AT1G02230	-1.019	0.057	0.155	0.098	0.395
2way	5	3.521	1.448			AT2G33710	-0.0	0.0	0.061	0.061	0.395
2way	5	3.521	1.448			AT3G20310	-0.0	0.0	0.06	0.06	0.395
2way	5	3.521	1.448			AT4G01540	-0.0	0.052	0.152	0.101	0.41
2way	5	3.521	1.448			AT1G12630	-0.0	0.004	0.063	0.059	0.447
2way	5	3.521	1.448			AT1G33240	-0.0	0.1	0.053	-0.046	0.447
2way	5	3.521	1.448			AT2G04038	-0.0	0.004	0.071	0.067	0.447
2way	5	3.521	1.448			AT2G45410	-0.0	0.0	0.066	0.066	0.447
2way	5	3.521	1.448			AT3G02940	-0.0	0.005	0.049	0.044	0.447
2way	5	3.521	1.448			AT3G16280	-0.0	0.003	0.063	0.061	0.447
2way	5	3.521	1.448			AT4G26030	-0.0	0.003	0.06	0.057	0.447
2way	5	3.521	1.448			AT5G25190	-0.0	0.05	0.135	0.085	0.447
2way	5	3.521	1.448			AT1G19210	-0.0	0.0	0.058	0.058	0.45
2way	5	3.521	1.448			AT1G76890	-0.0	0.1	0.04	-0.06	0.45
2way	5	3.521	1.448			AT1G77200	-0.0	0.008	0.08	0.072	0.45
2way	5	3.521	1.448			AT2G02080	-0.0	0.006	0.048	0.042	0.45
2way	5	3.521	1.448			AT2G18160	-0.0	0.019	0.067	0.049	0.45
2way	5	3.521	1.448			AT3G11440	-0.0	0.0	0.058	0.058	0.45
2way	5	3.521	1.448			AT3G12130	-0.0	0.018	0.061	0.043	0.45
2way	5	3.521	1.448			AT3G50410	-0.0	0.0	0.068	0.068	0.45
2way	5	3.521	1.448			AT4G17980	-0.0	0.062	0.018	-0.045	0.45
2way	5	3.521	1.448			AT4G25470	-0.0	0.0	0.047	0.047	0.45
2way	5	3.521	1.448			AT5G11260	-0.042	0.004	0.074	0.07	0.45
2way	5	3.521	1.448			AT5G66730	-0.0	0.003	0.054	0.051	0.45
2way	5	3.521	1.448			AT1G55110	-0.0	0.0	0.058	0.058	0.456
2way	5	3.521	1.448			AT3G56850	-0.0	0.0	0.066	0.066	0.456
2way	5	3.521	1.448			AT4G37260	-0.0	0.05	0.122	0.072	0.456
2way	5	3.521	1.448			AT5G65410	-0.0	0.0	0.063	0.063	0.456
2way	5	3.521	1.448			AT5G66700	-0.0	0.0	0.055	0.055	0.456
2way	5	3.521	1.448			AT2G43000	-0.154	0.005	0.081	0.076	0.464
2way	5	3.521	1.448			AT4G25490	-0.0	0.006	0.057	0.051	0.464
2way	5	3.521	1.448			AT5G51990	-0.0	0.0	0.066	0.066	0.464
2way	5	3.521	1.448			AT5G15830	-0.0	0.013	0.076	0.063	0.487
2way	5	3.521	1.448			AT1G75240	-0.0	0.005	0.075	0.07	0.508
2way	5	3.521	1.448			AT2G22540	-0.0	0.032	0.088	0.055	0.508
2way	5	3.521	1.448			AT4G23550	-0.0	0.014	0.079	0.065	0.508
2way	5	3.521	1.448			AT2G40740	-0.0	0.049	0.099	0.05	0.512
2way	5	3.521	1.448			AT1G32150	-0.0	0.004	0.078	0.074	0.513
2way	5	3.521	1.448			AT4G01550	-0.0	0.024	0.098	0.074	0.513
2way	5	3.521	1.448			AT4G38000	-0.0	0.047	0.095	0.047	0.547
2way	5	3.521	1.448			AT5G02460	-0.0	0.036	0.095	0.059	0.55
2way	5	3.521	1.448			AT5G13080	-0.0	0.15	0.216	0.066	0.559
2way	5	3.521	1.448			AT1G19790	-0.0	0.0	0.027	0.027	0.575
2way	5	3.521	1.448			AT2G01818	-0.0	0.0	0.02	0.02	0.575
2way	5	3.521	1.448			AT2G30590	-0.0	0.0	0.029	0.029	0.575
2way	5	3.521	1.448			AT2G31230	-0.0	0.0	0.021	0.021	0.575
2way	5	3.521	1.448			AT2G42200	-0.0	0.0	0.03	0.03	0.575
2way	5	3.521	1.448			AT3G11020	-0.0	0.0	0.03	0.03	0.575
2way	5	3.521	1.448			AT3G12820	-0.0	0.0	0.016	0.016	0.575
2way	5	3.521	1.448			AT3G21175	-0.0	0.0	0.021	0.021	0.575
2way	5	3.521	1.448			AT3G28910	-0.0	0.003	0.02	0.018	0.575
2way	5	3.521	1.448			AT3G46590	-0.0	0.062	0.015	-0.048	0.575
2way	5	3.521	1.448			AT3G57920	-0.0	0.003	0.012	0.01	0.575
2way	5	3.521	1.448			AT4G32800	-0.0	0.0	0.017	0.017	0.575
2way	5	3.521	1.448			AT5G03150	-0.0	0.003	0.015	0.012	0.575
2way	5	3.521	1.448			AT5G07100	-0.0	0.0	0.054	0.054	0.575
2way	5	3.521	1.448			AT5G13790	-0.0	0.004	0.02	0.016	0.575
2way	5	3.521	1.448			AT5G18450	-0.0	0.0	0.018	0.018	0.575
2way	5	3.521	1.448			AT5G39820	-0.0	0.0	0.027	0.027	0.575
2way	5	3.521	1.448			AT5G43840	-0.0	0.0	0.017	0.017	0.575
2way	5	3.521	1.448			AT5G46590	-0.0	0.035	0.002	-0.033	0.575
2way	5	3.521	1.448			AT5G65510	-0.0	0.016	0.026	0.011	0.575
2way	5	3.521	1.448			AT1G25550	-0.0	0.008	0.014	0.006	0.581
2way	5	3.521	1.448			AT1G69180	-0.0	0.0	0.036	0.036	0.581
2way	5	3.521	1.448			AT1G69780	-0.0	0.0	0.035	0.035	0.581
2way	5	3.521	1.448			AT1G70920	-0.0	0.0	0.016	0.016	0.581
2way	5	3.521	1.448			AT1G74840	-0.0	0.036	0.029	-0.007	0.581
2way	5	3.521	1.448			AT1G75390	-0.0	0.0	0.036	0.036	0.581
2way	5	3.521	1.448			AT1G79180	-0.0	0.009	0.018	0.009	0.581
2way	5	3.521	1.448			AT2G01060	-0.0	0.035	0.012	-0.023	0.581
2way	5	3.521	1.448			AT2G03500	-0.0	0.0	0.021	0.021	0.581
2way	5	3.521	1.448			AT2G22430	-0.0	0.0	0.041	0.041	0.581
2way	5	3.521	1.448			AT2G46680	-0.0	0.01	0.022	0.012	0.581
2way	5	3.521	1.448			AT3G10030	-0.0	0.0	0.025	0.025	0.581
2way	5	3.521	1.448			AT3G13810	-0.0	0.0	0.027	0.027	0.581
2way	5	3.521	1.448			AT5G18560	-0.0	0.0	0.028	0.028	0.581
2way	5	3.521	1.448			AT5G44210	-0.0	0.0	0.019	0.019	0.581
2way	5	3.521	1.448			AT5G52660	-0.0	0.038	0.022	-0.016	0.581
2way	5	3.521	1.448			AT5G56840	-0.0	0.016	0.036	0.021	0.581
2way	5	3.521	1.448			AT5G60130	-0.0	0.0	0.028	0.028	0.581
2way	5	3.521	1.448			AT5G62000	-0.0	0.0	0.014	0.014	0.581
2way	5	3.521	1.448			AT1G28470	-0.0	0.183	0.119	-0.064	0.593
2way	5	3.521	1.448			AT1G13260	-0.0	0.0	0.041	0.041	0.597
2way	5	3.521	1.448			AT1G44830	-0.0	0.0	0.041	0.041	0.597
2way	5	3.521	1.448			AT3G48160	-0.0	0.0	0.029	0.029	0.597
2way	5	3.521	1.448			AT4G01500	-0.0	0.042	0.012	-0.03	0.597
2way	5	3.521	1.448			AT5G61600	-0.0	0.0	0.041	0.041	0.597
2way	5	3.521	1.448			AT5G62470	-0.0	0.0	0.041	0.041	0.597
2way	5	3.521	1.448			AT1G06180	-0.0	0.006	0.04	0.034	0.604
2way	5	3.521	1.448			AT1G50640	-0.0	0.0	0.028	0.028	0.604
2way	5	3.521	1.448			AT2G02540	-0.0	0.0	0.034	0.034	0.604
2way	5	3.521	1.448			AT2G06200	-0.0	0.053	0.01	-0.042	0.604
2way	5	3.521	1.448			AT2G32460	-0.0	0.0	0.023	0.023	0.604
2way	5	3.521	1.448			AT3G25990	-0.0	0.0	0.037	0.037	0.604
2way	5	3.521	1.448			AT4G05100	-0.0	0.008	0.027	0.018	0.604
2way	5	3.521	1.448			AT4G34590	-0.0	0.0	0.043	0.043	0.604
2way	5	3.521	1.448			AT4G36740	-0.0	0.0	0.026	0.026	0.604
2way	5	3.521	1.448			AT5G25830	-0.0	0.003	0.029	0.026	0.604
2way	5	3.521	1.448			AT5G61620	-0.0	0.016	0.038	0.022	0.604
2way	5	3.521	1.448			AT5G65310	-0.0	0.0	0.031	0.031	0.604
2way	5	3.521	1.448			AT1G12260	-0.0	0.012	0.034	0.021	0.679
2way	5	3.521	1.448			AT1G14687	-0.0	0.014	0.027	0.013	0.679
2way	5	3.521	1.448			AT1G20910	-0.0	0.053	0.045	-0.008	0.679
2way	5	3.521	1.448			AT1G34670	-0.0	0.003	0.059	0.057	0.679
2way	5	3.521	1.448			AT1G52880	-0.0	0.028	0.021	-0.007	0.679
2way	5	3.521	1.448			AT1G68550	-0.0	0.0	0.051	0.051	0.679
2way	5	3.521	1.448			AT1G69010	-0.0	0.011	0.037	0.026	0.679
2way	5	3.521	1.448			AT1G69490	-0.0	0.006	0.03	0.024	0.679
2way	5	3.521	1.448			AT1G72740	-0.0	0.007	0.023	0.016	0.679
2way	5	3.521	1.448			AT1G74480	-0.0	0.049	0.042	-0.007	0.679
2way	5	3.521	1.448			AT2G02070	-0.0	0.0	0.024	0.024	0.679
2way	5	3.521	1.448			AT2G23290	-0.0	0.003	0.041	0.038	0.679
2way	5	3.521	1.448			AT2G40260	-0.0	0.026	0.032	0.007	0.679
2way	5	3.521	1.448			AT2G42430	-0.0	0.0	0.028	0.028	0.679
2way	5	3.521	1.448			AT2G46770	-0.0	0.012	0.043	0.031	0.679
2way	5	3.521	1.448			AT3G04030	-0.0	0.063	0.024	-0.038	0.679
2way	5	3.521	1.448			AT3G08500	-0.0	0.006	0.062	0.056	0.679
2way	5	3.521	1.448			AT3G09735	-0.0	0.011	0.032	0.022	0.679
2way	5	3.521	1.448			AT3G10800	-0.0	0.0	0.056	0.056	0.679
2way	5	3.521	1.448			AT3G60490	-0.0	0.0	0.056	0.056	0.679
2way	5	3.521	1.448			AT4G10350	-0.0	0.012	0.038	0.026	0.679
2way	5	3.521	1.448			AT5G06100	-0.0	0.0	0.036	0.036	0.679
2way	5	3.521	1.448			AT5G16820	-0.0	0.021	0.026	0.006	0.679
2way	5	3.521	1.448			AT5G17800	-0.0	0.006	0.032	0.027	0.679
2way	5	3.521	1.448			AT5G29000	-0.0	0.006	0.03	0.024	0.679
2way	5	3.521	1.448			AT1G03800	-0.0	0.027	0.058	0.031	0.683
2way	5	3.521	1.448			AT1G16490	-0.0	0.011	0.063	0.052	0.683
2way	5	3.521	1.448			AT1G26960	-0.0	0.01	0.046	0.037	0.683
2way	5	3.521	1.448			AT1G28160	-0.0	0.0	0.05	0.05	0.683
2way	5	3.521	1.448			AT1G68320	-0.0	0.005	0.046	0.041	0.683
2way	5	3.521	1.448			AT1G78700	-0.0	0.0	0.042	0.042	0.683
2way	5	3.521	1.448			AT2G03340	-0.0	0.052	0.039	-0.013	0.683
2way	5	3.521	1.448			AT2G18350	-0.0	0.039	0.055	0.016	0.683
2way	5	3.521	1.448			AT2G18380	-0.0	0.005	0.038	0.033	0.683
2way	5	3.521	1.448			AT2G23340	-0.0	0.0	0.055	0.055	0.683
2way	5	3.521	1.448			AT2G35700	-0.0	0.012	0.059	0.046	0.683
2way	5	3.521	1.448			AT3G01530	-0.0	0.004	0.036	0.032	0.683
2way	5	3.521	1.448			AT3G03200	-0.0	0.032	0.019	-0.013	0.683
2way	5	3.521	1.448			AT3G12720	-0.0	0.009	0.053	0.044	0.683
2way	5	3.521	1.448			AT3G53200	-0.0	0.012	0.036	0.024	0.683
2way	5	3.521	1.448			AT5G24110	-0.0	0.043	0.082	0.039	0.683
2way	5	3.521	1.448			AT5G46350	-0.0	0.051	0.037	-0.014	0.683
2way	5	3.521	1.448			AT5G64750	-0.0	0.0	0.046	0.046	0.683
2way	5	3.521	1.448			AT5G67190	-0.0	0.004	0.054	0.049	0.683
2way	5	3.521	1.448			AT5G67580	-0.0	0.018	0.043	0.025	0.683
2way	5	3.521	1.448			AT1G03840	-0.0	0.013	0.033	0.019	0.684
2way	5	3.521	1.448			AT1G45249	-0.0	0.0	0.037	0.037	0.684
2way	5	3.521	1.448			AT1G47655	-0.0	0.01	0.041	0.031	0.684
2way	5	3.521	1.448			AT1G49010	-0.0	0.09	0.048	-0.042	0.684
2way	5	3.521	1.448			AT2G20400	-0.0	0.0	0.035	0.035	0.684
2way	5	3.521	1.448			AT2G38340	-0.0	0.05	0.095	0.045	0.684
2way	5	3.521	1.448			AT4G36780	-0.0	0.003	0.034	0.032	0.684
2way	5	3.521	1.448			AT5G08520	-0.0	0.086	0.059	-0.027	0.684
2way	5	3.521	1.448			AT5G14960	-0.0	0.079	0.051	-0.028	0.684
2way	5	3.521	1.448			AT5G47370	-0.0	0.003	0.043	0.04	0.684
2way	5	3.521	1.448			AT1G65910	-0.0	0.044	0.017	-0.027	0.696
2way	5	3.521	1.448			AT1G74650	-0.0	0.005	0.04	0.035	0.696
2way	5	3.521	1.448			AT3G06740	-0.0	0.003	0.042	0.039	0.696
2way	5	3.521	1.448			AT5G18270	-0.0	0.15	0.108	-0.042	0.696
2way	5	3.521	1.448			AT5G47660	-0.0	0.085	0.044	-0.041	0.696
2way	5	3.521	1.448			AT1G01720	-0.0	0.063	0.041	-0.022	0.727
2way	5	3.521	1.448			AT1G30650	-0.0	0.051	0.075	0.024	0.727
2way	5	3.521	1.448			AT1G51700	-0.0	0.022	0.074	0.051	0.727
2way	5	3.521	1.448			AT1G71696	-0.0	0.081	0.071	-0.01	0.727
2way	5	3.521	1.448			AT1G76420	-0.0	0.013	0.044	0.031	0.727
2way	5	3.521	1.448			AT2G02820	-0.0	0.054	0.059	0.005	0.727
2way	5	3.521	1.448			AT2G15740	-0.0	0.029	0.049	0.021	0.727
2way	5	3.521	1.448			AT2G24430	-0.0	0.011	0.034	0.023	0.727
2way	5	3.521	1.448			AT3G28920	-0.0	0.017	0.077	0.06	0.727
2way	5	3.521	1.448			AT3G50260	-0.0	0.028	0.066	0.038	0.727
2way	5	3.521	1.448			AT3G62420	-0.0	0.034	0.078	0.044	0.727
2way	5	3.521	1.448			AT4G16750	-0.0	0.04	0.056	0.016	0.727
2way	5	3.521	1.448			AT4G25480	-0.0	0.0	0.06	0.06	0.727
2way	5	3.521	1.448			AT4G26640	-0.0	0.053	0.042	-0.011	0.727
2way	5	3.521	1.448			AT5G62940	-0.0	0.047	0.071	0.025	0.727
2way	5	3.521	1.448			AT5G66940	-0.0	0.062	0.075	0.012	0.727
2way	5	3.521	1.448			AT1G54330	-0.0	0.017	0.034	0.017	0.728
2way	5	3.521	1.448			AT1G71450	-0.0	0.019	0.065	0.046	0.728
2way	5	3.521	1.448			AT2G28810	-0.0	0.041	0.084	0.043	0.728
2way	5	3.521	1.448			AT5G45580	-0.0	0.063	0.035	-0.029	0.728
2way	5	3.521	1.448			AT5G52830	-0.0	0.043	0.064	0.02	0.728
2way	5	3.521	1.448			AT1G79580	-0.0	0.022	0.046	0.023	0.731
2way	5	3.521	1.448			AT2G46590	-0.0	0.044	0.067	0.023	0.731
2way	5	3.521	1.448			AT4G18170	-0.0	0.057	0.087	0.03	0.731
2way	5	3.521	1.448			AT5G58850	-0.0	0.073	0.059	-0.014	0.731
2way	5	3.521	1.448			AT5G60850	-0.0	0.047	0.089	0.042	0.731
2way	5	3.521	1.448			AT1G29280	-0.0	0.047	0.078	0.03	0.74
2way	5	3.521	1.448			AT2G20110	-0.0	0.095	0.069	-0.026	0.74
2way	5	3.521	1.448			AT3G18990	-0.0	0.042	0.078	0.036	0.74
2way	5	3.521	1.448			AT1G02250	-0.0	0.042	0.087	0.046	0.755
2way	5	3.521	1.448			AT3G12250	-0.0	0.082	0.071	-0.011	0.755
2way	5	3.521	1.448			AT3G44480	-0.0	0.042	0.08	0.038	0.755
2way	5	3.521	1.448			AT3G52440	-0.0	0.111	0.122	0.011	0.755
2way	5	3.521	1.448			AT5G06839	-0.0	0.061	0.057	-0.004	0.755
2way	5	3.521	1.448			AT1G29860	-0.0	0.062	0.096	0.033	0.759
2way	5	3.521	1.448			AT3G01970	-0.0	0.047	0.084	0.037	0.759
2way	5	3.521	1.448			AT5G26170	-0.0	0.15	0.189	0.039	0.759
2way	5	3.521	1.448			AT5G63260	-0.0	0.051	0.084	0.033	0.759
2way	5	3.521	1.448			AT1G32870	-0.418	0.031	0.079	0.048	0.773
2way	5	3.521	1.448			AT4G28500	-0.0	0.13	0.1	-0.029	0.786
2way	5	3.521	1.448			AT1G01060	-0.0	0.038	0.038	0.0	1.0
2way	5	3.521	1.448			AT1G01250	-0.0	0.0	0.001	0.001	1.0
2way	5	3.521	1.448			AT1G04880	-0.0	0.0	0.001	0.001	1.0
2way	5	3.521	1.448			AT1G06850	-0.0	0.01	0.025	0.015	1.0
2way	5	3.521	1.448			AT1G08010	-0.0	0.005	0.022	0.017	1.0
2way	5	3.521	1.448			AT1G08320	-0.0	0.111	0.089	-0.022	1.0
2way	5	3.521	1.448			AT1G10720	-0.0	0.0	0.004	0.004	1.0
2way	5	3.521	1.448			AT1G12610	-0.0	0.0	0.015	0.015	1.0
2way	5	3.521	1.448			AT1G13300	-0.0	0.0	0.007	0.007	1.0
2way	5	3.521	1.448			AT1G13400	-0.0	0.0	0.0	0.0	1.0
2way	5	3.521	1.448			AT1G14580	-0.0	0.003	0.005	0.003	1.0
2way	5	3.521	1.448			AT1G17950	-0.0	0.0	0.0	0.0	1.0
2way	5	3.521	1.448			AT1G18330	-0.0	0.05	0.027	-0.023	1.0
2way	5	3.521	1.448			AT1G18570	-0.0	0.0	0.027	0.027	1.0
2way	5	3.521	1.448			AT1G18960	-0.0	0.0	0.0	0.0	1.0
2way	5	3.521	1.448			AT1G19000	-0.0	0.062	0.043	-0.019	1.0
2way	5	3.521	1.448			AT1G19040	-0.0	0.015	0.013	-0.002	1.0
2way	5	3.521	1.448			AT1G20980	-0.0	0.0	0.017	0.017	1.0
2way	5	3.521	1.448			AT1G21910	-0.0	0.0	0.027	0.027	1.0
2way	5	3.521	1.448			AT1G22070	-0.0	0.005	0.005	0.0	1.0
2way	5	3.521	1.448			AT1G23810	-0.0	0.0	0.004	0.004	1.0
2way	5	3.521	1.448			AT1G25340	-0.0	0.017	0.035	0.019	1.0
2way	5	3.521	1.448			AT1G27360	-0.0	0.0	0.0	0.0	1.0
2way	5	3.521	1.448			AT1G27730	-0.0	0.05	0.054	0.004	1.0
2way	5	3.521	1.448			AT1G30210	-0.0	0.0	0.0	0.0	1.0
2way	5	3.521	1.448			AT1G31140	-0.0	0.016	0.031	0.015	1.0
2way	5	3.521	1.448			AT1G32240	-0.0	0.0	0.007	0.007	1.0
2way	5	3.521	1.448			AT1G32510	-0.0	0.0	0.0	0.0	1.0
2way	5	3.521	1.448			AT1G34180	-0.0	0.032	0.057	0.025	1.0
2way	5	3.521	1.448			AT1G34190	-0.0	0.015	0.028	0.013	1.0
2way	5	3.521	1.448			AT1G34370	-0.0	0.0	0.006	0.006	1.0
2way	5	3.521	1.448			AT1G36060	-0.0	0.0	0.005	0.005	1.0
2way	5	3.521	1.448			AT1G43700	-0.0	0.005	0.003	-0.002	1.0
2way	5	3.521	1.448			AT1G46264	-0.0	0.0	0.004	0.004	1.0
2way	5	3.521	1.448			AT1G47870	-0.0	0.0	0.0	0.0	1.0
2way	5	3.521	1.448			AT1G49560	-0.0	0.027	0.023	-0.004	1.0
2way	5	3.521	1.448			AT1G51600	-0.0	0.0	0.013	0.013	1.0
2way	5	3.521	1.448			AT1G53230	-0.0	0.0	0.0	0.0	1.0
2way	5	3.521	1.448			AT1G60920	-0.0	0.0	0.0	0.0	1.0
2way	5	3.521	1.448			AT1G62300	-0.0	0.089	0.089	0.0	1.0
2way	5	3.521	1.448			AT1G63030	-0.0	0.0	0.0	0.0	1.0
2way	5	3.521	1.448			AT1G63040	-0.0	0.0	0.0	0.0	1.0
2way	5	3.521	1.448			AT1G65620	-0.0	0.0	0.0	0.0	1.0
2way	5	3.521	1.448			AT1G66370	-0.0	0.0	0.006	0.006	1.0
2way	5	3.521	1.448			AT1G66420	-0.0	0.0	0.0	0.0	1.0
2way	5	3.521	1.448			AT1G67260	-0.0	0.0	0.0	0.0	1.0
2way	5	3.521	1.448			AT1G68670	-0.0	0.0	0.007	0.007	1.0
2way	5	3.521	1.448			AT1G69560	-0.0	0.0	0.006	0.006	1.0
2way	5	3.521	1.448			AT1G70910	-0.0	0.0	0.0	0.0	1.0
2way	5	3.521	1.448			AT1G72360	-0.0	0.0	0.0	0.0	1.0
2way	5	3.521	1.448			AT1G73730	-0.0	0.0	0.0	0.0	1.0
2way	5	3.521	1.448			AT1G74370	-0.0	0.0	0.0	0.0	1.0
2way	5	3.521	1.448			AT1G75080	-0.0	0.0	0.017	0.017	1.0
2way	5	3.521	1.448			AT1G75490	-0.0	0.008	0.006	-0.002	1.0
2way	5	3.521	1.448			AT1G76110	-0.0	0.0	0.012	0.012	1.0
2way	5	3.521	1.448			AT1G76870	-0.0	0.0	0.026	0.026	1.0
2way	5	3.521	1.448			AT1G76880	-0.0	0.0	0.001	0.001	1.0
2way	5	3.521	1.448			AT1G77640	-0.0	0.009	0.007	-0.002	1.0
2way	5	3.521	1.448			AT1G80840	-0.0	0.05	0.041	-0.009	1.0
2way	5	3.521	1.448			AT2G01930	-0.0	0.049	0.076	0.027	1.0
2way	5	3.521	1.448			AT2G01940	-0.0	0.038	0.034	-0.004	1.0
2way	5	3.521	1.448			AT2G15660	-0.0	0.0	0.011	0.011	1.0
2way	5	3.521	1.448			AT2G17410	-0.0	0.0	0.004	0.004	1.0
2way	5	3.521	1.448			AT2G17900	-0.0	0.0	0.0	0.0	1.0
2way	5	3.521	1.448			AT2G17950	-0.0	0.0	0.002	0.002	1.0
2way	5	3.521	1.448			AT2G18060	-0.0	0.016	0.028	0.012	1.0
2way	5	3.521	1.448			AT2G21900	-0.0	0.003	0.0	-0.003	1.0
2way	5	3.521	1.448			AT2G23320	-0.0	0.078	0.083	0.005	1.0
2way	5	3.521	1.448			AT2G24570	-0.0	0.0	0.005	0.005	1.0
2way	5	3.521	1.448			AT2G26960	-0.0	0.016	0.019	0.004	1.0
2way	5	3.521	1.448			AT2G28920	-0.0	0.032	0.013	-0.019	1.0
2way	5	3.521	1.448			AT2G30250	-0.0	0.25	0.257	0.007	1.0
2way	5	3.521	1.448			AT2G30340	-0.0	0.0	0.01	0.01	1.0
2way	5	3.521	1.448			AT2G31460	-0.0	0.007	0.0	-0.007	1.0
2way	5	3.521	1.448			AT2G33550	-0.0	0.0	0.005	0.005	1.0
2way	5	3.521	1.448			AT2G33810	-0.0	0.0	0.005	0.005	1.0
2way	5	3.521	1.448			AT2G38090	-0.0	0.0	0.0	0.0	1.0
2way	5	3.521	1.448			AT2G38300	-0.0	0.0	0.005	0.005	1.0
2way	5	3.521	1.448			AT2G38470	-0.0	0.2	0.23	0.03	1.0
2way	5	3.521	1.448			AT2G38880	-0.0	0.0	0.0	0.0	1.0
2way	5	3.521	1.448			AT2G39900	-0.0	0.0	0.012	0.012	1.0
2way	5	3.521	1.448			AT2G41690	-0.0	0.003	0.001	-0.002	1.0
2way	5	3.521	1.448			AT2G41835	-0.0	0.0	0.0	0.0	1.0
2way	5	3.521	1.448			AT2G42590	-0.0	0.0	0.0	0.0	1.0
2way	5	3.521	1.448			AT2G44840	-0.0	0.05	0.068	0.018	1.0
2way	5	3.521	1.448			AT2G45650	-0.0	0.0	0.014	0.014	1.0
2way	5	3.521	1.448			AT2G46130	-0.0	0.032	0.024	-0.008	1.0
2way	5	3.521	1.448			AT2G46400	-0.0	0.0	0.014	0.014	1.0
2way	5	3.521	1.448			AT2G47070	-0.0	0.022	0.02	-0.002	1.0
2way	5	3.521	1.448			AT2G48100	-0.0	0.0	0.007	0.007	1.0
2way	5	3.521	1.448			AT3G01220	-0.0	0.0	0.018	0.018	1.0
2way	5	3.521	1.448			AT3G01470	-0.0	0.0	0.01	0.01	1.0
2way	5	3.521	1.448			AT3G02150	-0.0	0.012	0.0	-0.012	1.0
2way	5	3.521	1.448			AT3G02990	-0.0	0.0	0.007	0.007	1.0
2way	5	3.521	1.448			AT3G03660	-0.0	0.0	0.01	0.01	1.0
2way	5	3.521	1.448			AT3G04060	-0.0	0.1	0.108	0.008	1.0
2way	5	3.521	1.448			AT3G04070	-0.0	0.003	0.0	-0.003	1.0
2way	5	3.521	1.448			AT3G06490	-0.0	0.0	0.021	0.021	1.0
2way	5	3.521	1.448			AT3G07220	-0.0	0.027	0.001	-0.026	1.0
2way	5	3.521	1.448			AT3G09230	-0.0	0.0	0.0	0.0	1.0
2way	5	3.521	1.448			AT3G09600	-0.0	0.049	0.034	-0.015	1.0
2way	5	3.521	1.448			AT3G10113	-0.0	0.025	0.029	0.004	1.0
2way	5	3.521	1.448			AT3G10480	-0.0	0.029	0.036	0.007	1.0
2way	5	3.521	1.448			AT3G10580	-0.0	0.0	0.02	0.02	1.0
2way	5	3.521	1.448			AT3G11280	-0.0	0.052	0.037	-0.016	1.0
2way	5	3.521	1.448			AT3G12910	-0.0	0.0	0.0	0.0	1.0
2way	5	3.521	1.448			AT3G13040	-0.0	0.0	0.0	0.0	1.0
2way	5	3.521	1.448			AT3G13350	-0.0	0.0	0.0	0.0	1.0
2way	5	3.521	1.448			AT3G15170	-0.0	0.01	0.011	0.001	1.0
2way	5	3.521	1.448			AT3G15270	-0.0	0.05	0.059	0.009	1.0
2way	5	3.521	1.448			AT3G17730	-0.0	0.017	0.02	0.003	1.0
2way	5	3.521	1.448			AT3G18400	-0.0	0.03	0.042	0.012	1.0
2way	5	3.521	1.448			AT3G20770	-0.0	0.003	0.01	0.008	1.0
2way	5	3.521	1.448			AT3G20840	-0.0	0.0	0.007	0.007	1.0
2way	5	3.521	1.448			AT3G21890	0.035	0.2	0.189	-0.011	1.0
2way	5	3.521	1.448			AT3G22780	-0.0	0.0	0.009	0.009	1.0
2way	5	3.521	1.448			AT3G22830	-0.0	0.03	0.034	0.004	1.0
2way	5	3.521	1.448			AT3G23210	-0.0	0.0	0.01	0.01	1.0
2way	5	3.521	1.448			AT3G23220	-0.0	0.0	0.021	0.021	1.0
2way	5	3.521	1.448			AT3G23240	-0.0	0.0	0.012	0.012	1.0
2way	5	3.521	1.448			AT3G23250	-0.0	0.0	0.013	0.013	1.0
2way	5	3.521	1.448			AT3G24050	-0.0	0.0	0.02	0.02	1.0
2way	5	3.521	1.448			AT3G24120	-0.0	0.069	0.07	0.001	1.0
2way	5	3.521	1.448			AT3G24520	-0.0	0.032	0.035	0.003	1.0
2way	5	3.521	1.448			AT3G26620	-0.0	0.04	0.028	-0.013	1.0
2way	5	3.521	1.448			AT3G26790	-0.0	0.0	0.011	0.011	1.0
2way	5	3.521	1.448			AT3G27785	-0.0	0.059	0.038	-0.021	1.0
2way	5	3.521	1.448			AT3G30210	-0.0	0.003	0.004	0.001	1.0
2way	5	3.521	1.448			AT3G30530	-0.0	0.0	0.002	0.002	1.0
2way	5	3.521	1.448			AT3G45150	-0.0	0.0	0.0	0.0	1.0
2way	5	3.521	1.448			AT3G45170	-0.0	0.011	0.012	0.001	1.0
2way	5	3.521	1.448			AT3G46070	-0.0	0.0	0.0	0.0	1.0
2way	5	3.521	1.448			AT3G47600	-0.0	0.0	0.024	0.024	1.0
2way	5	3.521	1.448			AT3G47620	-0.0	0.0	0.0	0.0	1.0
2way	5	3.521	1.448			AT3G49930	-0.0	0.0	0.0	0.0	1.0
2way	5	3.521	1.448			AT3G50700	-0.0	0.0	0.009	0.009	1.0
2way	5	3.521	1.448			AT3G51080	-0.0	0.0	0.0	0.0	1.0
2way	5	3.521	1.448			AT3G51470	-0.0	0.0	0.007	0.007	1.0
2way	5	3.521	1.448			AT3G55370	-0.0	0.07	0.098	0.028	1.0
2way	5	3.521	1.448			AT3G57230	-0.0	0.0	0.008	0.008	1.0
2way	5	3.521	1.448			AT3G57600	-0.0	0.0	0.0	0.0	1.0
2way	5	3.521	1.448			AT3G58630	-0.0	0.0	0.016	0.016	1.0
2way	5	3.521	1.448			AT3G60530	-0.0	0.0	0.016	0.016	1.0
2way	5	3.521	1.448			AT3G60580	-0.0	0.02	0.022	0.002	1.0
2way	5	3.521	1.448			AT3G61120	-0.0	0.0	0.009	0.009	1.0
2way	5	3.521	1.448			AT3G61150	-0.0	0.02	0.02	0.001	1.0
2way	5	3.521	1.448			AT3G61250	-0.0	0.0	0.014	0.014	1.0
2way	5	3.521	1.448			AT4G00730	-0.0	0.006	0.037	0.03	1.0
2way	5	3.521	1.448			AT4G01250	-0.0	0.1	0.122	0.022	1.0
2way	5	3.521	1.448			AT4G01280	-0.0	0.045	0.029	-0.016	1.0
2way	5	3.521	1.448			AT4G01720	-0.0	0.013	0.013	0.0	1.0
2way	5	3.521	1.448			AT4G04450	-0.0	0.0	0.005	0.005	1.0
2way	5	3.521	1.448			AT4G06746	-0.0	0.0	0.027	0.027	1.0
2way	5	3.521	1.448			AT4G11660	-0.0	0.009	0.023	0.014	1.0
2way	5	3.521	1.448			AT4G12670	-0.0	0.0	0.0	0.0	1.0
2way	5	3.521	1.448			AT4G14410	-0.0	0.0	0.0	0.0	1.0
2way	5	3.521	1.448			AT4G14770	-0.0	0.074	0.079	0.005	1.0
2way	5	3.521	1.448			AT4G17460	-0.0	0.0	0.0	0.0	1.0
2way	5	3.521	1.448			AT4G17785	-0.0	0.019	0.002	-0.017	1.0
2way	5	3.521	1.448			AT4G18450	-0.0	0.0	0.008	0.008	1.0
2way	5	3.521	1.448			AT4G18770	-0.0	0.048	0.036	-0.011	1.0
2way	5	3.521	1.448			AT4G18890	-0.0	0.0	0.012	0.012	1.0
2way	5	3.521	1.448			AT4G22070	-0.0	0.076	0.076	-0.0	1.0
2way	5	3.521	1.448			AT4G24020	-0.0	0.0	0.002	0.002	1.0
2way	5	3.521	1.448			AT4G24240	-0.0	0.0	0.0	0.0	1.0
2way	5	3.521	1.448			AT4G24470	-0.0	0.0	0.013	0.013	1.0
2way	5	3.521	1.448			AT4G27900	-0.0	0.0	0.001	0.001	1.0
2way	5	3.521	1.448			AT4G27950	-0.0	0.0	0.016	0.016	1.0
2way	5	3.521	1.448			AT4G28110	-0.0	0.0	0.0	0.0	1.0
2way	5	3.521	1.448			AT4G28140	-0.0	0.0	0.004	0.004	1.0
2way	5	3.521	1.448			AT4G30080	-0.0	0.0	0.0	0.0	1.0
2way	5	3.521	1.448			AT4G31060	-0.0	0.039	0.066	0.027	1.0
2way	5	3.521	1.448			AT4G31550	-0.0	0.03	0.019	-0.011	1.0
2way	5	3.521	1.448			AT4G31800	-0.0	0.2	0.216	0.016	1.0
2way	5	3.521	1.448			AT4G32730	-0.0	0.037	0.056	0.019	1.0
2way	5	3.521	1.448			AT4G36160	-0.0	0.038	0.039	0.001	1.0
2way	5	3.521	1.448			AT4G36620	-0.0	0.0	0.012	0.012	1.0
2way	5	3.521	1.448			AT4G37180	-0.0	0.028	0.027	-0.001	1.0
2way	5	3.521	1.448			AT4G37790	-0.0	0.0	0.0	0.0	1.0
2way	5	3.521	1.448			AT4G38170	-0.0	0.079	0.071	-0.008	1.0
2way	5	3.521	1.448			AT4G38620	-0.0	0.0	0.001	0.001	1.0
2way	5	3.521	1.448			AT4G38910	-0.0	0.0	0.0	0.0	1.0
2way	5	3.521	1.448			AT5G02840	-0.0	0.029	0.011	-0.019	1.0
2way	5	3.521	1.448			AT5G04410	-0.0	0.064	0.062	-0.001	1.0
2way	5	3.521	1.448			AT5G05790	-0.0	0.045	0.048	0.003	1.0
2way	5	3.521	1.448			AT5G06950	-0.0	0.041	0.045	0.004	1.0
2way	5	3.521	1.448			AT5G07680	-0.0	0.0	0.007	0.007	1.0
2way	5	3.521	1.448			AT5G08070	-0.0	0.0	0.0	0.0	1.0
2way	5	3.521	1.448			AT5G08130	-0.0	0.0	0.011	0.011	1.0
2way	5	3.521	1.448			AT5G08750	-0.0	0.0	0.01	0.01	1.0
2way	5	3.521	1.448			AT5G09410	-0.0	0.023	0.025	0.002	1.0
2way	5	3.521	1.448			AT5G10030	-0.0	0.075	0.073	-0.002	1.0
2way	5	3.521	1.448			AT5G10140	-0.0	0.0	0.0	0.0	1.0
2way	5	3.521	1.448			AT5G10280	-0.0	0.0	0.009	0.009	1.0
2way	5	3.521	1.448			AT5G10510	-0.0	0.0	0.013	0.013	1.0
2way	5	3.521	1.448			AT5G13180	-0.0	0.023	0.028	0.005	1.0
2way	5	3.521	1.448			AT5G13910	-0.0	0.0	0.001	0.001	1.0
2way	5	3.521	1.448			AT5G14340	-0.0	0.0	0.009	0.009	1.0
2way	5	3.521	1.448			AT5G16600	-0.0	0.0	0.003	0.003	1.0
2way	5	3.521	1.448			AT5G17300	-0.0	0.15	0.135	-0.015	1.0
2way	5	3.521	1.448			AT5G18090	-0.0	0.0	0.0	0.0	1.0
2way	5	3.521	1.448			AT5G22500	-0.0	0.0	0.014	0.014	1.0
2way	5	3.521	1.448			AT5G22890	-0.0	0.0	0.0	0.0	1.0
2way	5	3.521	1.448			AT5G22990	-0.0	0.066	0.076	0.01	1.0
2way	5	3.521	1.448			AT5G25390	-0.0	0.0	0.0	0.0	1.0
2way	5	3.521	1.448			AT5G25475	-0.0	0.0	0.0	0.0	1.0
2way	5	3.521	1.448			AT5G38800	-0.0	0.0	0.0	0.0	1.0
2way	5	3.521	1.448			AT5G38860	-0.0	0.0	0.0	0.0	1.0
2way	5	3.521	1.448			AT5G39610	-0.0	0.013	0.026	0.012	1.0
2way	5	3.521	1.448			AT5G40330	-0.0	0.0	0.012	0.012	1.0
2way	5	3.521	1.448			AT5G41570	-0.0	0.115	0.089	-0.026	1.0
2way	5	3.521	1.448			AT5G42520	-0.0	0.0	0.001	0.001	1.0
2way	5	3.521	1.448			AT5G42820	-0.0	0.0	0.002	0.002	1.0
2way	5	3.521	1.448			AT5G44160	-0.0	0.0	0.01	0.01	1.0
2way	5	3.521	1.448			AT5G45300	-0.0	0.007	0.029	0.022	1.0
2way	5	3.521	1.448			AT5G47220	-0.0	0.0	0.027	0.027	1.0
2way	5	3.521	1.448			AT5G47230	-0.0	0.0	0.014	0.014	1.0
2way	5	3.521	1.448			AT5G47390	-0.0	0.047	0.027	-0.02	1.0
2way	5	3.521	1.448			AT5G48670	-0.0	0.0	0.0	0.0	1.0
2way	5	3.521	1.448			AT5G49300	-0.0	0.0	0.01	0.01	1.0
2way	5	3.521	1.448			AT5G50570	-0.0	0.0	0.001	0.001	1.0
2way	5	3.521	1.448			AT5G52170	-0.0	0.0	0.01	0.01	1.0
2way	5	3.521	1.448			AT5G53950	-0.0	0.011	0.013	0.002	1.0
2way	5	3.521	1.448			AT5G54230	-0.0	0.1	0.108	0.008	1.0
2way	5	3.521	1.448			AT5G56110	-0.0	0.024	0.041	0.017	1.0
2way	5	3.521	1.448			AT5G56930	-0.0	0.0	0.001	0.001	1.0
2way	5	3.521	1.448			AT5G58620	-0.0	0.0	0.0	0.0	1.0
2way	5	3.521	1.448			AT5G59990	-0.0	0.0	0.007	0.007	1.0
2way	5	3.521	1.448			AT5G61270	-0.0	0.0	0.0	0.0	1.0
2way	5	3.521	1.448			AT5G62165	-0.0	0.0	0.0	0.0	1.0
2way	5	3.521	1.448			AT5G62380	-0.0	0.012	0.025	0.013	1.0
2way	5	3.521	1.448			AT5G63090	-0.0	0.0	0.011	0.011	1.0
2way	5	3.521	1.448			AT5G65130	-0.0	0.0	0.01	0.01	1.0
2way	5	3.521	1.448			AT5G65210	-0.0	0.051	0.047	-0.004	1.0
2way	5	3.521	1.448			AT5G66300	-0.0	0.01	0.004	-0.006	1.0
2way	5	3.521	1.448			AT5G67000	-0.0	0.0	0.009	0.009	1.0
2way	5	3.521	1.448			AT5G67300	-0.0	0.0	0.0	0.0	1.0
2way	5	3.521	1.448			AT5G67450	-0.0	0.0	0.005	0.005	1.0
2way	6	0.262	0.861			AT5G15830	-1.407	0.032	0.22	0.189	2e-06
2way	6	0.262	0.861			AT2G04038	-2.551	0.026	0.209	0.183	6.1e-06
2way	6	0.262	0.861			AT3G62420	-0.0	0.038	0.214	0.176	1.77e-05
2way	6	0.262	0.861			AT2G18160	-0.0	0.028	0.196	0.168	2.19e-05
2way	6	0.262	0.861			AT1G74840	-0.974	0.021	0.172	0.151	2.83e-05
2way	6	0.262	0.861			AT1G32150	-0.0	0.037	0.207	0.171	3.09e-05
2way	6	0.262	0.861			AT1G19000	-2.234	0.023	0.175	0.153	5.03e-05
2way	6	0.262	0.861			AT5G47390	-0.314	0.029	0.176	0.146	9.53e-05
2way	6	0.262	0.861			AT2G35530	-0.0	0.039	0.19	0.151	0.000169
2way	6	0.262	0.861			AT2G36270	-0.0	0.038	0.189	0.15	0.000175
2way	6	0.262	0.861			AT5G08520	-0.107	0.036	0.184	0.148	0.000213
2way	6	0.262	0.861			AT4G00250	-0.966	0.011	0.127	0.117	0.000275
2way	6	0.262	0.861			AT5G56840	-0.0	0.047	0.182	0.135	0.000496
2way	6	0.262	0.861			AT5G25190	-0.99	0.139	0.27	0.131	0.00057
2way	6	0.262	0.861			AT5G61620	-0.0	0.05	0.187	0.137	0.000577
2way	6	0.262	0.861			AT1G49010	-0.0	0.035	0.162	0.127	0.000791
2way	6	0.262	0.861			AT5G58900	-1.349	0.026	0.141	0.115	0.00104
2way	6	0.262	0.861			AT3G10800	-0.0	0.01	0.104	0.094	0.0012
2way	6	1.826	0.503			AT5G25190	-1.672	0.081	0.246	0.165	0.0015
2way	6	0.262	0.861			AT5G54230	0.68	0.219	0.11	-0.109	0.00241
2way	6	0.262	0.861			AT3G56850	-0.0	0.047	0.169	0.122	0.00245
2way	6	0.262	0.861			AT5G05550	-0.619	0.038	0.144	0.106	0.00537
2way	6	0.262	0.861			AT3G15210	-1.385	0.147	0.255	0.108	0.00575
2way	6	0.262	0.861			AT4G34590	-0.0	0.007	0.074	0.067	0.00586
2way	6	0.262	0.861			AT5G11260	-0.0	0.057	0.157	0.1	0.00777
2way	6	0.262	0.861			AT1G45249	-0.0	0.019	0.104	0.085	0.00898
2way	6	0.262	0.861			AT3G47500	-0.647	0.08	0.16	0.08	0.011
2way	6	1.826	0.503			AT3G15210	-0.066	0.152	0.284	0.132	0.018
2way	6	0.262	0.861			AT1G75390	-0.0	0.003	0.054	0.052	0.021
2way	6	1.826	0.503			AT5G62470	-1.288	0.0	0.06	0.06	0.022
2way	6	1.826	0.503			AT1G69570	-0.015	0.081	0.194	0.113	0.023
2way	6	1.826	0.503			AT3G50060	-0.656	0.03	0.112	0.082	0.025
2way	6	0.262	0.861			AT3G27010	-0.208	0.016	0.055	0.039	0.032
2way	6	1.826	0.503			AT1G64620	-0.306	0.061	0.157	0.096	0.037
2way	6	0.262	0.861			AT5G22990	-0.537	0.047	0.118	0.071	0.042
2way	6	0.262	0.861			AT2G15740	-0.228	0.024	0.08	0.056	0.049
2way	6	0.262	0.861			AT1G69570	-0.0	0.116	0.18	0.064	0.059
2way	6	0.262	0.861			AT3G11280	-0.0	0.015	0.066	0.05	0.064
2way	6	0.262	0.861			AT5G10030	-0.0	0.066	0.135	0.069	0.064
2way	6	1.826	0.503			AT4G37260	-0.0	0.03	0.097	0.067	0.065
2way	6	1.826	0.503			AT1G28370	-0.0	0.141	0.246	0.105	0.069
2way	6	0.262	0.861			AT1G08320	-0.0	0.062	0.128	0.066	0.072
2way	6	1.826	0.503			AT3G55370	-0.751	0.044	0.13	0.086	0.075
2way	6	1.826	0.503			AT3G60530	-0.0	0.0	0.029	0.029	0.086
2way	6	0.262	0.861			AT3G10580	-0.0	0.053	0.115	0.062	0.087
2way	6	0.262	0.861			AT1G69490	-1.077	0.037	0.091	0.055	0.088
2way	6	0.262	0.861			AT1G73730	3.189	0.034	0.008	-0.026	0.089
2way	6	1.826	0.503			AT4G28500	1.249	0.141	0.055	-0.085	0.09
2way	6	0.262	0.861			AT2G01930	-1.605	0.032	0.08	0.048	0.096
2way	6	0.262	0.861			AT1G28370	1.087	0.139	0.2	0.061	0.098
2way	6	0.262	0.861			AT5G03790	1.614	0.092	0.04	-0.053	0.098
2way	6	0.262	0.861			AT3G12250	-0.0	0.062	0.126	0.064	0.101
2way	6	1.826	0.503			AT2G28810	-0.0	0.034	0.114	0.08	0.106
2way	6	0.262	0.861			AT5G06839	-0.0	0.051	0.107	0.056	0.108
2way	6	0.262	0.861			AT5G65210	-0.0	0.051	0.106	0.055	0.108
2way	6	1.826	0.503			AT3G21890	-0.0	0.081	0.157	0.076	0.108
2way	6	1.826	0.503			AT1G03800	-0.557	0.037	0.118	0.081	0.121
2way	6	0.262	0.861			AT3G04070	-0.0	0.004	0.026	0.022	0.122
2way	6	0.262	0.861			AT5G17300	-0.338	0.139	0.195	0.056	0.125
2way	6	1.826	0.503			AT3G50410	-0.0	0.02	0.078	0.058	0.127
2way	6	0.262	0.861			AT1G18570	0.142	0.048	0.02	-0.028	0.13
2way	6	1.826	0.503			AT5G66940	-0.0	0.031	0.096	0.065	0.132
2way	6	1.826	0.503			AT2G44840	-0.0	0.071	0.134	0.064	0.138
2way	6	1.826	0.503			AT3G45610	-0.0	0.023	0.077	0.054	0.139
2way	6	1.826	0.503			AT5G47230	-0.0	0.0	0.03	0.03	0.139
2way	6	0.262	0.861			AT3G30530	-0.0	0.0	0.017	0.017	0.147
2way	6	1.826	0.503			AT2G42200	-0.77	0.017	0.074	0.058	0.153
2way	6	0.262	0.861			AT1G53170	-0.0	0.077	0.129	0.052	0.156
2way	6	1.826	0.503			AT5G44210	-0.0	0.006	0.044	0.038	0.161
2way	6	1.826	0.503			AT1G01250	-0.0	0.027	0.006	-0.021	0.166
2way	6	1.826	0.503			AT2G17410	-0.0	0.0	0.024	0.024	0.166
2way	6	0.262	0.861			AT1G03800	-0.0	0.071	0.121	0.05	0.17
2way	6	1.826	0.503			AT4G29230	-0.0	0.173	0.093	-0.079	0.17
2way	6	0.262	0.861			AT5G05790	-0.0	0.033	0.074	0.042	0.172
2way	6	1.826	0.503			AT5G62940	-0.0	0.034	0.096	0.062	0.172
2way	6	0.262	0.861			AT2G44840	-0.06	0.12	0.165	0.045	0.174
2way	6	0.262	0.861			AT4G36740	-0.0	0.088	0.042	-0.046	0.174
2way	6	1.826	0.503			AT1G44830	0.649	0.061	0.022	-0.038	0.174
2way	6	1.826	0.503			AT5G26170	0.302	0.232	0.157	-0.076	0.176
2way	6	0.262	0.861			AT1G13260	-0.0	0.06	0.03	-0.03	0.178
2way	6	0.262	0.861			AT2G33710	-0.0	0.051	0.094	0.043	0.181
2way	6	0.262	0.861			AT1G28160	-0.0	0.051	0.095	0.044	0.188
2way	6	1.826	0.503			AT2G33710	-0.0	0.016	0.082	0.066	0.194
2way	6	1.826	0.503			AT3G52440	-0.0	0.035	0.1	0.066	0.194
2way	6	1.826	0.503			AT4G38000	-0.0	0.036	0.097	0.061	0.194
2way	6	0.262	0.861			AT2G01818	-0.0	0.003	0.018	0.014	0.197
2way	6	0.262	0.861			AT1G52880	-0.0	0.039	0.087	0.048	0.198
2way	6	1.826	0.503			AT1G51700	-0.0	0.018	0.072	0.054	0.198
2way	6	0.262	0.861			AT1G69690	-0.0	0.006	0.028	0.022	0.199
2way	6	0.262	0.861			AT3G01470	-0.0	0.024	0.004	-0.02	0.199
2way	6	0.262	0.861			AT5G18560	-0.0	0.027	0.063	0.036	0.201
2way	6	1.826	0.503			AT2G43000	1.233	0.104	0.046	-0.059	0.201
2way	6	0.262	0.861			AT1G14687	-0.296	0.041	0.083	0.043	0.206
2way	6	0.262	0.861			AT5G67580	-0.0	0.013	0.041	0.028	0.208
2way	6	0.262	0.861			AT3G10500	0.379	0.12	0.08	-0.04	0.21
2way	6	0.262	0.861			AT5G16820	-0.021	0.025	0.06	0.035	0.21
2way	6	0.262	0.861			AT1G71450	-0.0	0.087	0.135	0.048	0.212
2way	6	0.262	0.861			AT3G01220	-0.0	0.076	0.035	-0.041	0.212
2way	6	1.826	0.503			AT3G47500	-0.0	0.081	0.142	0.061	0.214
2way	6	1.826	0.503			AT3G12130	-0.243	0.016	0.064	0.048	0.225
2way	6	0.262	0.861			AT5G66700	-0.0	0.111	0.067	-0.044	0.226
2way	6	0.262	0.861			AT3G20310	-0.0	0.079	0.12	0.041	0.23
2way	6	0.262	0.861			AT1G01250	-0.0	0.014	0.0	-0.014	0.234
2way	6	0.262	0.861			AT3G02990	-0.0	0.0	0.014	0.014	0.234
2way	6	1.826	0.503			AT1G50640	-0.0	0.019	0.074	0.055	0.236
2way	6	0.262	0.861			AT2G02540	-0.0	0.092	0.051	-0.041	0.239
2way	6	0.262	0.861			AT4G37260	0.302	0.131	0.095	-0.036	0.239
2way	6	0.262	0.861			AT5G13790	-0.089	0.011	0.037	0.026	0.239
2way	6	0.262	0.861			AT2G41690	-0.0	0.004	0.02	0.016	0.241
2way	6	1.826	0.503			AT3G24050	-0.0	0.007	0.043	0.037	0.245
2way	6	0.262	0.861			AT5G26170	-0.657	0.104	0.14	0.036	0.246
2way	6	1.826	0.503			AT3G10800	-0.0	0.007	0.035	0.027	0.247
2way	6	1.826	0.503			AT3G44480	-0.0	0.015	0.061	0.047	0.247
2way	6	0.262	0.861			AT1G65620	-0.0	0.0	0.011	0.011	0.25
2way	6	0.262	0.861			AT2G18380	-0.122	0.027	0.059	0.032	0.257
2way	6	0.262	0.861			AT2G38090	-0.0	0.0	0.007	0.007	0.258
2way	6	0.262	0.861			AT4G27900	-0.0	0.007	0.0	-0.007	0.258
2way	6	0.262	0.861			AT2G20400	-0.0	0.046	0.079	0.033	0.264
2way	6	1.826	0.503			AT3G02990	-0.0	0.015	0.0	-0.015	0.264
2way	6	0.262	0.861			AT5G45300	-0.955	0.023	0.052	0.03	0.278
2way	6	0.262	0.861			AT5G52660	-0.0	0.048	0.08	0.033	0.278
2way	6	0.262	0.861			AT5G22500	0.561	0.04	0.02	-0.02	0.281
2way	6	1.826	0.503			AT4G01540	-0.0	0.07	0.129	0.059	0.281
2way	6	1.826	0.503			AT5G17800	-0.63	0.003	0.043	0.04	0.282
2way	6	1.826	0.503			AT1G28470	-0.0	0.148	0.086	-0.063	0.287
2way	6	0.262	0.861			AT2G46680	0.329	0.064	0.03	-0.034	0.291
2way	6	0.262	0.861			AT4G00730	0.486	0.064	0.032	-0.032	0.291
2way	6	1.826	0.503			AT5G63260	-0.0	0.022	0.06	0.038	0.293
2way	6	0.262	0.861			AT5G62470	-0.0	0.064	0.04	-0.024	0.297
2way	6	0.262	0.861			AT5G63090	-0.0	0.011	0.035	0.023	0.297
2way	6	1.826	0.503			AT2G36270	-0.823	0.054	0.1	0.046	0.297
2way	6	1.826	0.503			AT5G64750	-0.0	0.046	0.097	0.05	0.297
2way	6	0.262	0.861			AT2G45420	-0.011	0.059	0.092	0.033	0.298
2way	6	1.826	0.503			AT2G23290	-0.0	0.007	0.039	0.032	0.299
2way	6	1.826	0.503			AT3G20310	-0.0	0.05	0.1	0.049	0.31
2way	6	0.262	0.861			AT5G65310	0.218	0.088	0.054	-0.034	0.312
2way	6	1.826	0.503			AT1G04880	-0.0	0.0	0.019	0.019	0.314
2way	6	1.826	0.503			AT1G53230	-0.0	0.0	0.02	0.02	0.314
2way	6	0.262	0.861			AT5G08330	-0.0	0.023	0.05	0.027	0.318
2way	6	0.262	0.861			AT5G18450	-0.0	0.027	0.056	0.029	0.318
2way	6	1.826	0.503			AT4G34410	-0.0	0.064	0.116	0.052	0.318
2way	6	0.262	0.861			AT3G44480	-0.291	0.048	0.078	0.03	0.319
2way	6	1.826	0.503			AT3G15270	-0.0	0.037	0.079	0.041	0.319
2way	6	1.826	0.503			AT1G47655	-0.303	0.025	0.065	0.039	0.321
2way	6	1.826	0.503			AT5G11260	-0.0	0.038	0.084	0.046	0.326
2way	6	1.826	0.503			AT2G45410	-0.576	0.035	0.085	0.05	0.33
2way	6	0.262	0.861			AT3G09735	-0.809	0.025	0.053	0.028	0.338
2way	6	1.826	0.503			AT1G28160	-0.0	0.028	0.074	0.046	0.342
2way	6	1.826	0.503			AT1G71696	0.599	0.055	0.026	-0.029	0.344
2way	6	0.262	0.861			AT3G53200	-0.682	0.047	0.079	0.032	0.346
2way	6	1.826	0.503			AT1G25580	0.592	0.267	0.21	-0.057	0.347
2way	6	0.262	0.861			AT4G18450	-0.0	0.003	0.017	0.013	0.35
2way	6	0.262	0.861			AT1G79180	0.796	0.036	0.014	-0.022	0.357
2way	6	1.826	0.503			AT1G53170	-0.0	0.084	0.143	0.059	0.358
2way	6	0.262	0.861			AT2G45650	-0.0	0.007	0.023	0.016	0.36
2way	6	0.262	0.861			AT3G55370	-0.0	0.054	0.082	0.028	0.36
2way	6	0.262	0.861			AT4G38170	-0.0	0.052	0.082	0.03	0.36
2way	6	0.262	0.861			AT3G21890	-0.114	0.096	0.125	0.029	0.362
2way	6	1.826	0.503			AT5G63090	-0.0	0.008	0.034	0.026	0.362
2way	6	0.262	0.861			AT2G30250	0.634	0.124	0.095	-0.029	0.368
2way	6	1.826	0.503			AT3G49530	-0.041	0.131	0.179	0.048	0.368
2way	6	1.826	0.503			AT4G38170	-0.499	0.042	0.085	0.043	0.368
2way	6	1.826	0.503			AT1G70920	-0.0	0.009	0.03	0.022	0.369
2way	6	1.826	0.503			AT3G60580	-0.471	0.009	0.04	0.031	0.369
2way	6	1.826	0.503			AT5G25830	-0.0	0.01	0.034	0.024	0.369
2way	6	0.262	0.861			AT1G31140	-0.0	0.027	0.052	0.024	0.37
2way	6	1.826	0.503			AT5G02460	-0.0	0.048	0.086	0.038	0.37
2way	6	0.262	0.861			AT2G02820	-0.0	0.059	0.09	0.03	0.371
2way	6	0.262	0.861			AT3G04060	-0.33	0.104	0.135	0.031	0.377
2way	6	0.262	0.861			AT4G26030	-0.0	0.062	0.033	-0.029	0.377
2way	6	0.262	0.861			AT5G62940	-0.0	0.038	0.063	0.024	0.377
2way	6	1.826	0.503			AT2G20110	-0.0	0.074	0.036	-0.039	0.377
2way	6	1.826	0.503			AT1G02250	-0.331	0.055	0.098	0.043	0.381
2way	6	0.262	0.861			AT5G09410	-0.0	0.021	0.045	0.024	0.382
2way	6	0.262	0.861			AT2G15660	-0.0	0.001	0.01	0.009	0.388
2way	6	1.826	0.503			AT1G74650	-0.075	0.021	0.056	0.034	0.389
2way	6	1.826	0.503			AT5G54230	-0.0	0.081	0.119	0.039	0.389
2way	6	1.826	0.503			AT5G56110	-0.0	0.021	0.057	0.035	0.389
2way	6	0.262	0.861			AT1G72010	-0.0	0.025	0.047	0.022	0.392
2way	6	0.262	0.861			AT3G22830	-0.549	0.021	0.044	0.023	0.392
2way	6	1.826	0.503			AT2G42430	-0.0	0.026	0.064	0.038	0.392
2way	6	1.826	0.503			AT3G57920	-0.0	0.026	0.061	0.035	0.392
2way	6	0.262	0.861			AT3G61150	0.142	0.059	0.033	-0.026	0.396
2way	6	1.826	0.503			AT5G22500	-0.0	0.01	0.03	0.02	0.398
2way	6	0.262	0.861			AT2G28920	-0.0	0.022	0.042	0.02	0.399
2way	6	0.262	0.861			AT3G10113	-0.0	0.049	0.074	0.026	0.403
2way	6	1.826	0.503			AT2G06200	0.074	0.049	0.018	-0.031	0.404
2way	6	1.826	0.503			AT5G65510	-0.0	0.015	0.04	0.025	0.404
2way	6	1.826	0.503			AT2G42590	1.14	0.029	0.004	-0.025	0.406
2way	6	1.826	0.503			AT3G28910	-0.0	0.004	0.014	0.01	0.406
2way	6	1.826	0.503			AT5G08750	-0.0	0.009	0.027	0.018	0.406
2way	6	1.826	0.503			AT5G43840	-0.0	0.021	0.006	-0.015	0.406
2way	6	1.826	0.503			AT5G18560	-0.0	0.01	0.036	0.026	0.408
2way	6	1.826	0.503			AT5G24110	-1.09	0.03	0.062	0.032	0.408
2way	6	0.262	0.861			AT1G29280	1.342	0.072	0.049	-0.023	0.409
2way	6	0.262	0.861			AT5G62000	-0.0	0.026	0.045	0.02	0.411
2way	6	0.262	0.861			AT3G20840	-0.0	0.007	0.001	-0.006	0.413
2way	6	0.262	0.861			AT4G24020	-0.0	0.004	0.013	0.01	0.413
2way	6	0.262	0.861			AT5G07100	-0.692	0.024	0.04	0.016	0.415
2way	6	0.262	0.861			AT4G11660	-0.0	0.014	0.031	0.018	0.416
2way	6	0.262	0.861			AT5G29000	-0.0	0.051	0.075	0.024	0.416
2way	6	0.262	0.861			AT1G70920	-0.0	0.056	0.035	-0.021	0.42
2way	6	1.826	0.503			AT1G23810	-0.0	0.01	0.0	-0.01	0.425
2way	6	0.262	0.861			AT1G50640	-0.0	0.064	0.088	0.024	0.43
2way	6	0.262	0.861			AT1G51700	-0.0	0.037	0.058	0.02	0.43
2way	6	0.262	0.861			AT1G74480	-0.0	0.026	0.045	0.019	0.43
2way	6	0.262	0.861			AT5G06960	-0.0	0.03	0.053	0.023	0.43
2way	6	1.826	0.503			AT1G03840	-0.0	0.018	0.045	0.027	0.437
2way	6	1.826	0.503			AT3G23240	-0.0	0.008	0.03	0.022	0.437
2way	6	0.262	0.861			AT2G38470	-0.0	0.116	0.09	-0.026	0.439
2way	6	1.826	0.503			AT3G24520	0.065	0.083	0.049	-0.034	0.44
2way	6	1.826	0.503			AT2G04038	-0.0	0.045	0.074	0.029	0.442
2way	6	1.826	0.503			AT2G46590	-0.0	0.033	0.072	0.039	0.442
2way	6	0.262	0.861			AT3G02150	-0.0	0.0	0.004	0.004	0.443
2way	6	0.262	0.861			AT1G68550	-0.0	0.067	0.093	0.026	0.444
2way	6	1.826	0.503			AT2G22540	-0.0	0.046	0.075	0.029	0.453
2way	6	0.262	0.861			AT3G15270	1.18	0.076	0.05	-0.026	0.457
2way	6	0.262	0.861			AT1G69180	-0.0	0.052	0.029	-0.022	0.458
2way	6	0.262	0.861			AT5G13080	0.003	0.124	0.1	-0.024	0.458
2way	6	1.826	0.503			AT5G67190	-0.0	0.066	0.099	0.034	0.462
2way	6	1.826	0.503			AT1G32150	-0.0	0.055	0.092	0.037	0.465
2way	6	1.826	0.503			AT3G01970	0.698	0.088	0.05	-0.039	0.465
2way	6	1.826	0.503			AT4G01550	-0.556	0.038	0.072	0.034	0.465
2way	6	0.262	0.861			AT1G69780	-0.0	0.059	0.033	-0.026	0.466
2way	6	0.262	0.861			AT3G12130	-0.468	0.029	0.049	0.019	0.467
2way	6	0.262	0.861			AT3G50060	0.073	0.127	0.105	-0.022	0.468
2way	6	0.262	0.861			AT1G21910	-0.0	0.02	0.01	-0.01	0.47
2way	6	0.262	0.861			AT3G51080	-0.0	0.013	0.003	-0.01	0.47
2way	6	0.262	0.861			AT5G43840	-0.0	0.002	0.01	0.008	0.47
2way	6	1.826	0.503			AT1G34370	-0.0	0.002	0.017	0.014	0.472
2way	6	1.826	0.503			AT5G46590	-0.0	0.022	0.008	-0.014	0.472
2way	6	0.262	0.861			AT2G46770	-0.0	0.04	0.06	0.02	0.473
2way	6	0.262	0.861			AT5G44160	-0.0	0.003	0.009	0.006	0.475
2way	6	0.262	0.861			AT5G56110	-0.0	0.088	0.061	-0.027	0.476
2way	6	0.262	0.861			AT3G11440	-0.0	0.047	0.071	0.023	0.477
2way	6	1.826	0.503			AT5G15830	-0.0	0.05	0.087	0.037	0.478
2way	6	0.262	0.861			AT3G26620	-0.0	0.022	0.043	0.021	0.479
2way	6	0.262	0.861			AT2G02080	-0.0	0.037	0.061	0.024	0.481
2way	6	0.262	0.861			AT2G45410	-0.0	0.049	0.075	0.025	0.483
2way	6	1.826	0.503			AT3G62420	-0.0	0.055	0.086	0.031	0.487
2way	6	0.262	0.861			AT1G27730	-0.016	0.072	0.09	0.018	0.489
2way	6	1.826	0.503			AT1G31140	-0.0	0.02	0.051	0.031	0.489
2way	6	1.826	0.503			AT1G45249	-0.0	0.037	0.058	0.021	0.489
2way	6	1.826	0.503			AT2G15740	-0.0	0.021	0.05	0.03	0.489
2way	6	1.826	0.503			AT3G11440	-0.0	0.014	0.045	0.031	0.489
2way	6	1.826	0.503			AT3G12720	-0.542	0.019	0.051	0.032	0.489
2way	6	1.826	0.503			AT4G14770	-0.0	0.063	0.032	-0.032	0.489
2way	6	1.826	0.503			AT5G09410	-0.0	0.017	0.036	0.019	0.489
2way	6	1.826	0.503			AT5G45300	-0.0	0.011	0.043	0.032	0.489
2way	6	0.262	0.861			AT5G02840	-0.0	0.032	0.05	0.017	0.491
2way	6	0.262	0.861			AT5G44210	-0.0	0.027	0.049	0.021	0.491
2way	6	0.262	0.861			AT3G25990	-0.0	0.024	0.012	-0.011	0.492
2way	6	0.262	0.861			AT3G61250	-0.0	0.02	0.005	-0.014	0.492
2way	6	1.826	0.503			AT3G50260	-0.0	0.075	0.113	0.038	0.499
2way	6	1.826	0.503			AT3G50700	-0.0	0.005	0.023	0.018	0.5
2way	6	1.826	0.503			AT5G03150	-0.0	0.001	0.019	0.019	0.5
2way	6	0.262	0.861			AT1G46264	-0.0	0.0	0.004	0.004	0.505
2way	6	0.262	0.861			AT1G80840	-0.0	0.008	0.0	-0.008	0.505
2way	6	0.262	0.861			AT2G17900	-0.0	0.002	0.0	-0.002	0.505
2way	6	0.262	0.861			AT2G38880	-0.0	0.001	0.003	0.002	0.505
2way	6	0.262	0.861			AT3G22780	-0.0	0.0	0.002	0.002	0.505
2way	6	0.262	0.861			AT3G57600	-0.0	0.004	0.001	-0.003	0.505
2way	6	0.262	0.861			AT4G36620	-0.0	0.001	0.003	0.001	0.505
2way	6	0.262	0.861			AT4G37790	-0.0	0.002	0.0	-0.002	0.505
2way	6	0.262	0.861			AT5G25475	-0.0	0.003	0.0	-0.003	0.505
2way	6	0.262	0.861			AT5G40330	-0.0	0.002	0.003	0.001	0.505
2way	6	0.262	0.861			AT5G48670	-0.0	0.002	0.0	-0.002	0.505
2way	6	0.262	0.861			AT5G56930	-0.0	0.003	0.0	-0.003	0.505
2way	6	0.262	0.861			AT4G05100	-0.0	0.038	0.021	-0.017	0.506
2way	6	1.826	0.503			AT4G31800	0.122	0.222	0.179	-0.043	0.506
2way	6	0.262	0.861			AT5G47370	0.487	0.069	0.045	-0.024	0.508
2way	6	1.826	0.503			AT1G27360	-0.0	0.0	0.006	0.006	0.509
2way	6	1.826	0.503			AT1G72360	-0.0	0.0	0.004	0.004	0.509
2way	6	1.826	0.503			AT2G01940	-0.0	0.034	0.059	0.024	0.509
2way	6	1.826	0.503			AT2G02070	-0.0	0.014	0.044	0.03	0.509
2way	6	1.826	0.503			AT2G30340	-0.0	0.037	0.068	0.031	0.509
2way	6	1.826	0.503			AT2G33810	-0.0	0.0	0.009	0.009	0.509
2way	6	1.826	0.503			AT2G38880	-0.0	0.0	0.011	0.011	0.509
2way	6	1.826	0.503			AT2G41835	-0.0	0.009	0.007	-0.003	0.509
2way	6	1.826	0.503			AT3G03660	-0.0	0.007	0.003	-0.004	0.509
2way	6	1.826	0.503			AT3G10580	-0.0	0.027	0.056	0.029	0.509
2way	6	1.826	0.503			AT3G12910	-0.0	0.005	0.0	-0.005	0.509
2way	6	1.826	0.503			AT3G48160	-0.0	0.0	0.007	0.007	0.509
2way	6	1.826	0.503			AT4G01500	-0.0	0.0	0.014	0.014	0.509
2way	6	1.826	0.503			AT4G24020	-0.0	0.0	0.009	0.009	0.509
2way	6	1.826	0.503			AT5G13910	-0.0	0.0	0.011	0.011	0.509
2way	6	1.826	0.503			AT5G25390	-0.0	0.0	0.008	0.008	0.509
2way	6	1.826	0.503			AT5G40330	-0.0	0.002	0.007	0.005	0.509
2way	6	1.826	0.503			AT5G62165	-0.0	0.0	0.005	0.005	0.509
2way	6	0.262	0.861			AT3G13810	-0.0	0.023	0.04	0.017	0.515
2way	6	1.826	0.503			AT4G37180	-0.0	0.036	0.062	0.026	0.515
2way	6	0.262	0.861			AT2G38340	-0.558	0.151	0.175	0.024	0.522
2way	6	0.262	0.861			AT1G51220	0.064	0.042	0.026	-0.015	0.523
2way	6	1.826	0.503			AT2G33550	-0.0	0.009	0.024	0.015	0.524
2way	6	1.826	0.503			AT4G34590	-0.0	0.004	0.021	0.017	0.524
2way	6	0.262	0.861			AT1G69010	-0.0	0.056	0.079	0.023	0.528
2way	6	1.826	0.503			AT1G69010	-0.618	0.026	0.059	0.033	0.528
2way	6	0.262	0.861			AT4G16750	-0.0	0.06	0.081	0.021	0.529
2way	6	0.262	0.861			AT5G58850	-0.0	0.041	0.057	0.017	0.532
2way	6	0.262	0.861			AT5G62320	-0.0	0.047	0.029	-0.018	0.532
2way	6	0.262	0.861			AT4G32800	-0.0	0.03	0.015	-0.014	0.533
2way	6	0.262	0.861			AT3G12820	-0.0	0.023	0.009	-0.013	0.535
2way	6	1.826	0.503			AT1G20980	-0.0	0.005	0.018	0.013	0.535
2way	6	0.262	0.861			AT1G25340	-0.0	0.031	0.048	0.017	0.54
2way	6	0.262	0.861			AT3G12720	-0.021	0.029	0.05	0.02	0.54
2way	6	1.826	0.503			AT3G09735	-0.0	0.04	0.06	0.02	0.542
2way	6	1.826	0.503			AT4G36780	-0.0	0.031	0.055	0.024	0.542
2way	6	0.262	0.861			AT3G09600	0.076	0.07	0.094	0.024	0.543
2way	6	0.262	0.861			AT2G45680	-0.0	0.007	0.016	0.009	0.549
2way	6	0.262	0.861			AT1G52150	-0.0	0.059	0.039	-0.02	0.55
2way	6	0.262	0.861			AT2G23320	-0.0	0.065	0.047	-0.018	0.55
2way	6	0.262	0.861			AT5G25830	-0.0	0.022	0.032	0.01	0.55
2way	6	1.826	0.503			AT3G17730	-0.0	0.065	0.036	-0.029	0.55
2way	6	1.826	0.503			AT4G32730	-0.0	0.036	0.059	0.024	0.55
2way	6	0.262	0.861			AT1G16490	-0.0	0.058	0.036	-0.022	0.556
2way	6	0.262	0.861			AT5G04410	-0.0	0.05	0.034	-0.015	0.556
2way	6	1.826	0.503			AT5G62380	-0.0	0.063	0.04	-0.024	0.556
2way	6	1.826	0.503			AT2G02080	-0.0	0.037	0.058	0.021	0.559
2way	6	0.262	0.861			AT1G34370	-0.0	0.004	0.015	0.012	0.561
2way	6	0.262	0.861			AT2G17950	-0.0	0.018	0.008	-0.011	0.561
2way	6	0.262	0.861			AT2G42590	-0.0	0.006	0.012	0.007	0.561
2way	6	0.262	0.861			AT3G23210	-0.0	0.006	0.013	0.007	0.561
2way	6	0.262	0.861			AT3G23250	-0.0	0.011	0.004	-0.007	0.561
2way	6	0.262	0.861			AT3G30210	-0.0	0.034	0.02	-0.013	0.561
2way	6	0.262	0.861			AT3G58630	-0.0	0.009	0.017	0.008	0.561
2way	6	0.262	0.861			AT5G13910	-0.0	0.006	0.014	0.008	0.561
2way	6	1.826	0.503			AT1G30490	0.148	0.035	0.015	-0.021	0.565
2way	6	1.826	0.503			AT2G20400	-0.0	0.013	0.029	0.015	0.565
2way	6	1.826	0.503			AT2G32460	-0.0	0.004	0.023	0.018	0.565
2way	6	1.826	0.503			AT5G62000	-0.0	0.036	0.02	-0.016	0.565
2way	6	1.826	0.503			AT5G18270	-0.0	0.162	0.127	-0.035	0.569
2way	6	0.262	0.861			AT2G42200	-0.0	0.059	0.041	-0.018	0.57
2way	6	1.826	0.503			AT1G68550	-0.0	0.043	0.07	0.027	0.57
2way	6	1.826	0.503			AT4G01250	-0.185	0.121	0.149	0.028	0.57
2way	6	0.262	0.861			AT1G63030	-0.0	0.013	0.006	-0.007	0.576
2way	6	0.262	0.861			AT2G03340	-0.0	0.008	0.017	0.008	0.576
2way	6	1.826	0.503			AT1G69560	-0.0	0.0	0.005	0.005	0.576
2way	6	1.826	0.503			AT1G77640	-0.0	0.012	0.001	-0.01	0.576
2way	6	1.826	0.503			AT2G21900	-0.0	0.012	0.0	-0.012	0.576
2way	6	1.826	0.503			AT2G24570	-0.0	0.0	0.01	0.01	0.576
2way	6	1.826	0.503			AT2G38300	-0.0	0.0	0.007	0.007	0.576
2way	6	1.826	0.503			AT3G20840	-0.0	0.002	0.008	0.006	0.576
2way	6	1.826	0.503			AT3G45170	-0.0	0.0	0.011	0.011	0.576
2way	6	1.826	0.503			AT4G17785	-0.0	0.0	0.008	0.008	0.576
2way	6	1.826	0.503			AT4G38620	-0.0	0.001	0.008	0.007	0.576
2way	6	1.826	0.503			AT5G10510	-0.0	0.001	0.01	0.009	0.576
2way	6	1.826	0.503			AT5G52170	-0.0	0.0	0.006	0.006	0.576
2way	6	1.826	0.503			AT5G67450	-0.0	0.018	0.006	-0.012	0.576
2way	6	0.262	0.861			AT1G04880	-0.0	0.019	0.034	0.015	0.577
2way	6	1.826	0.503			AT1G12260	-0.0	0.067	0.036	-0.031	0.579
2way	6	1.826	0.503			AT1G22810	-0.0	0.056	0.081	0.026	0.584
2way	6	1.826	0.503			AT1G26960	-0.0	0.078	0.055	-0.023	0.584
2way	6	1.826	0.503			AT3G28920	-0.0	0.084	0.06	-0.024	0.584
2way	6	1.826	0.503			AT5G13180	-0.0	0.086	0.061	-0.025	0.584
2way	6	0.262	0.861			AT1G23810	-0.0	0.0	0.006	0.006	0.587
2way	6	0.262	0.861			AT2G31230	-0.617	0.049	0.067	0.018	0.587
2way	6	0.262	0.861			AT4G34410	-0.0	0.064	0.082	0.018	0.587
2way	6	0.262	0.861			AT5G67300	-0.0	0.005	0.001	-0.004	0.587
2way	6	0.262	0.861			AT4G37180	2.062	0.076	0.057	-0.018	0.591
2way	6	0.262	0.861			AT5G66300	-0.0	0.017	0.027	0.01	0.591
2way	6	1.826	0.503			AT2G18160	-0.0	0.051	0.074	0.023	0.591
2way	6	1.826	0.503			AT4G18170	0.786	0.094	0.065	-0.028	0.591
2way	6	1.826	0.503			AT1G74840	-0.0	0.043	0.026	-0.017	0.592
2way	6	1.826	0.503			AT2G01060	-0.0	0.028	0.049	0.021	0.592
2way	6	0.262	0.861			AT5G07680	-0.0	0.006	0.016	0.01	0.593
2way	6	0.262	0.861			AT5G23930	-0.0	0.064	0.08	0.016	0.593
2way	6	0.262	0.861			AT2G24430	-0.0	0.045	0.063	0.018	0.595
2way	6	0.262	0.861			AT5G06950	-0.0	0.056	0.076	0.02	0.595
2way	6	0.262	0.861			AT1G01720	-0.0	0.054	0.074	0.019	0.599
2way	6	0.262	0.861			AT4G18890	-0.0	0.006	0.015	0.009	0.599
2way	6	0.262	0.861			AT5G67450	-0.0	0.015	0.009	-0.006	0.599
2way	6	1.826	0.503			AT3G56850	-0.0	0.059	0.085	0.026	0.599
2way	6	1.826	0.503			AT4G31060	-0.0	0.06	0.087	0.027	0.6
2way	6	0.262	0.861			AT3G06490	-0.0	0.037	0.024	-0.014	0.602
2way	6	0.262	0.861			AT5G64060	0.295	0.084	0.07	-0.014	0.602
2way	6	1.826	0.503			AT1G09540	-0.0	0.025	0.04	0.015	0.604
2way	6	1.826	0.503			AT1G12610	-0.086	0.022	0.04	0.018	0.604
2way	6	1.826	0.503			AT1G19790	-0.0	0.021	0.042	0.021	0.604
2way	6	1.826	0.503			AT1G76420	-0.0	0.085	0.056	-0.029	0.606
2way	6	0.262	0.861			AT1G01060	0.824	0.062	0.08	0.019	0.607
2way	6	0.262	0.861			AT4G01280	-0.0	0.064	0.085	0.021	0.607
2way	6	0.262	0.861			AT3G02940	-0.0	0.074	0.054	-0.02	0.613
2way	6	0.262	0.861			AT4G27950	-0.0	0.033	0.047	0.014	0.615
2way	6	1.826	0.503			AT1G29280	-0.0	0.062	0.085	0.023	0.615
2way	6	1.826	0.503			AT1G36060	-0.0	0.049	0.028	-0.021	0.621
2way	6	1.826	0.503			AT1G69180	-0.0	0.013	0.027	0.013	0.621
2way	6	1.826	0.503			AT1G69780	-0.0	0.041	0.024	-0.018	0.621
2way	6	1.826	0.503			AT3G10113	-0.0	0.041	0.025	-0.016	0.621
2way	6	1.826	0.503			AT5G04390	-0.0	0.026	0.039	0.013	0.621
2way	6	0.262	0.861			AT2G01060	-0.0	0.042	0.03	-0.012	0.622
2way	6	0.262	0.861			AT5G60130	-0.0	0.033	0.048	0.015	0.622
2way	6	1.826	0.503			AT5G13080	-0.232	0.182	0.209	0.027	0.623
2way	6	0.262	0.861			AT1G02230	-0.0	0.022	0.035	0.012	0.629
2way	6	0.262	0.861			AT1G19040	-0.0	0.004	0.0	-0.004	0.633
2way	6	0.262	0.861			AT4G17460	-0.0	0.006	0.0	-0.006	0.633
2way	6	0.262	0.861			AT5G08750	-0.0	0.001	0.003	0.003	0.633
2way	6	0.262	0.861			AT1G19210	-0.0	0.07	0.09	0.02	0.634
2way	6	1.826	0.503			AT1G55110	-0.0	0.023	0.039	0.017	0.637
2way	6	1.826	0.503			AT1G72740	-0.0	0.031	0.054	0.023	0.637
2way	6	1.826	0.503			AT2G47070	-0.0	0.022	0.04	0.017	0.637
2way	6	1.826	0.503			AT4G00250	-0.0	0.05	0.029	-0.021	0.637
2way	6	1.826	0.503			AT5G58900	-0.0	0.052	0.028	-0.025	0.637
2way	6	0.262	0.861			AT3G50260	-0.0	0.075	0.095	0.02	0.639
2way	6	1.826	0.503			AT3G26790	-0.0	0.015	0.004	-0.011	0.639
2way	6	1.826	0.503			AT3G45150	-0.0	0.017	0.006	-0.011	0.639
2way	6	1.826	0.503			AT3G57600	-0.0	0.017	0.007	-0.01	0.639
2way	6	1.826	0.503			AT4G01720	-0.0	0.013	0.002	-0.011	0.639
2way	6	0.262	0.861			AT3G60490	-0.0	0.048	0.037	-0.011	0.651
2way	6	1.826	0.503			AT1G25340	0.113	0.041	0.029	-0.012	0.653
2way	6	1.826	0.503			AT1G75390	-0.0	0.011	0.019	0.008	0.653
2way	6	1.826	0.503			AT2G17950	-0.0	0.006	0.001	-0.005	0.653
2way	6	1.826	0.503			AT2G31230	-0.0	0.022	0.035	0.013	0.653
2way	6	1.826	0.503			AT3G01530	-0.0	0.031	0.051	0.02	0.653
2way	6	1.826	0.503			AT3G12820	-0.0	0.008	0.011	0.003	0.653
2way	6	1.826	0.503			AT3G13350	-0.0	0.013	0.017	0.004	0.653
2way	6	1.826	0.503			AT3G23210	-0.0	0.0	0.014	0.014	0.653
2way	6	1.826	0.503			AT4G04450	-0.0	0.011	0.007	-0.004	0.653
2way	6	1.826	0.503			AT4G18890	-0.0	0.002	0.011	0.009	0.653
2way	6	1.826	0.503			AT4G36740	-0.0	0.022	0.041	0.019	0.653
2way	6	1.826	0.503			AT5G07680	-0.0	0.012	0.005	-0.007	0.653
2way	6	1.826	0.503			AT5G10280	-0.0	0.002	0.012	0.01	0.653
2way	6	1.826	0.503			AT5G39820	-0.0	0.019	0.004	-0.015	0.653
2way	6	1.826	0.503			AT5G59990	-0.0	0.003	0.008	0.005	0.653
2way	6	0.262	0.861			AT1G44830	0.332	0.052	0.04	-0.012	0.656
2way	6	0.262	0.861			AT3G10030	-0.0	0.019	0.012	-0.008	0.656
2way	6	0.262	0.861			AT3G20770	-0.0	0.03	0.02	-0.011	0.656
2way	6	0.262	0.861			AT5G65510	0.039	0.024	0.017	-0.007	0.656
2way	6	0.262	0.861			AT1G30650	-0.0	0.056	0.041	-0.015	0.657
2way	6	0.262	0.861			AT1G54330	-0.0	0.048	0.037	-0.011	0.657
2way	6	0.262	0.861			AT3G24520	-0.0	0.038	0.052	0.014	0.657
2way	6	0.262	0.861			AT2G30590	-0.0	0.001	0.006	0.005	0.659
2way	6	0.262	0.861			AT4G01720	-0.0	0.001	0.006	0.005	0.659
2way	6	0.262	0.861			AT5G25390	-0.0	0.003	0.006	0.003	0.659
2way	6	1.826	0.503			AT5G46350	-0.0	0.02	0.04	0.02	0.659
2way	6	1.826	0.503			AT5G67580	-0.132	0.032	0.052	0.02	0.659
2way	6	0.262	0.861			AT1G34190	-0.0	0.052	0.037	-0.015	0.662
2way	6	0.262	0.861			AT3G26790	-0.0	0.016	0.026	0.01	0.662
2way	6	0.262	0.861			AT4G31800	-0.0	0.127	0.11	-0.017	0.662
2way	6	0.262	0.861			AT5G03150	-0.0	0.012	0.022	0.009	0.662
2way	6	0.262	0.861			AT2G23290	-0.0	0.061	0.048	-0.013	0.666
2way	6	0.262	0.861			AT4G10350	-0.0	0.041	0.056	0.015	0.667
2way	6	1.826	0.503			AT1G20910	-0.0	0.032	0.048	0.016	0.667
2way	6	1.826	0.503			AT5G06100	-0.0	0.013	0.032	0.019	0.667
2way	6	1.826	0.503			AT5G52660	-0.0	0.041	0.056	0.015	0.667
2way	6	1.826	0.503			AT1G34180	-0.0	0.038	0.027	-0.011	0.669
2way	6	1.826	0.503			AT3G22830	-0.0	0.044	0.056	0.012	0.669
2way	6	1.826	0.503			AT4G01280	-0.0	0.043	0.063	0.02	0.669
2way	6	1.826	0.503			AT5G08520	-0.0	0.052	0.04	-0.012	0.669
2way	6	0.262	0.861			AT2G22540	-0.0	0.046	0.061	0.015	0.673
2way	6	0.262	0.861			AT3G17730	-0.0	0.056	0.041	-0.015	0.673
2way	6	0.262	0.861			AT1G76110	-0.0	0.016	0.024	0.008	0.674
2way	6	0.262	0.861			AT5G61600	-0.354	0.048	0.06	0.012	0.674
2way	6	0.262	0.861			AT2G28810	-0.0	0.05	0.06	0.011	0.678
2way	6	0.262	0.861			AT2G42430	-0.0	0.051	0.066	0.016	0.678
2way	6	1.826	0.503			AT1G78700	-0.0	0.034	0.05	0.015	0.68
2way	6	0.262	0.861			AT1G76890	-0.0	0.066	0.052	-0.014	0.685
2way	6	1.826	0.503			AT1G76890	-0.0	0.055	0.04	-0.016	0.687
2way	6	1.826	0.503			AT5G23930	-0.0	0.037	0.056	0.019	0.687
2way	6	1.826	0.503			AT1G54330	-0.0	0.06	0.044	-0.016	0.69
2way	6	1.826	0.503			AT5G66700	-0.0	0.027	0.042	0.015	0.69
2way	6	0.262	0.861			AT5G64750	1.721	0.067	0.08	0.013	0.691
2way	6	1.826	0.503			AT1G32870	-0.0	0.027	0.042	0.015	0.694
2way	6	1.826	0.503			AT3G02940	-0.0	0.041	0.057	0.016	0.694
2way	6	1.826	0.503			AT5G16820	-0.016	0.053	0.072	0.019	0.694
2way	6	0.262	0.861			AT5G02460	-0.0	0.064	0.078	0.014	0.695
2way	6	0.262	0.861			AT2G17410	-0.0	0.0	0.005	0.005	0.697
2way	6	0.262	0.861			AT4G04450	-0.0	0.001	0.006	0.005	0.697
2way	6	0.262	0.861			AT5G61270	-0.0	0.001	0.007	0.006	0.697
2way	6	0.262	0.861			AT3G04030	-0.0	0.078	0.066	-0.012	0.698
2way	6	1.826	0.503			AT2G01930	-0.0	0.045	0.062	0.017	0.701
2way	6	1.826	0.503			AT2G24430	-0.963	0.055	0.069	0.014	0.701
2way	6	1.826	0.503			AT2G46770	-0.0	0.061	0.045	-0.016	0.701
2way	6	1.826	0.503			AT1G14580	-0.0	0.006	0.016	0.01	0.702
2way	6	1.826	0.503			AT1G68670	-0.0	0.017	0.005	-0.012	0.702
2way	6	1.826	0.503			AT2G30590	-0.0	0.008	0.013	0.005	0.702
2way	6	1.826	0.503			AT2G41690	-0.0	0.011	0.016	0.005	0.702
2way	6	1.826	0.503			AT3G06490	-0.0	0.01	0.007	-0.003	0.702
2way	6	1.826	0.503			AT3G11280	-0.0	0.01	0.008	-0.003	0.702
2way	6	1.826	0.503			AT3G21175	-0.0	0.017	0.008	-0.009	0.702
2way	6	1.826	0.503			AT3G23220	-0.0	0.004	0.011	0.007	0.702
2way	6	1.826	0.503			AT5G05790	-0.0	0.011	0.007	-0.004	0.702
2way	6	1.826	0.503			AT5G13790	-0.0	0.012	0.009	-0.003	0.702
2way	6	0.262	0.861			AT1G06180	-0.0	0.035	0.024	-0.011	0.705
2way	6	0.262	0.861			AT1G69560	-0.0	0.005	0.004	-0.001	0.705
2way	6	0.262	0.861			AT4G28140	-0.0	0.009	0.007	-0.001	0.705
2way	6	0.262	0.861			AT5G10140	-0.0	0.006	0.01	0.004	0.705
2way	6	0.262	0.861			AT5G46350	-0.0	0.028	0.022	-0.006	0.705
2way	6	0.262	0.861			AT5G52170	-0.0	0.008	0.004	-0.004	0.705
2way	6	1.826	0.503			AT2G15660	-0.0	0.017	0.007	-0.01	0.705
2way	6	0.262	0.861			AT4G25480	-0.0	0.072	0.057	-0.015	0.706
2way	6	1.826	0.503			AT5G60850	-0.0	0.045	0.068	0.022	0.708
2way	6	0.262	0.861			AT5G65130	-0.0	0.021	0.033	0.011	0.709
2way	6	1.826	0.503			AT2G38340	-0.0	0.131	0.149	0.018	0.71
2way	6	0.262	0.861			AT5G45580	-0.447	0.072	0.086	0.015	0.711
2way	6	1.826	0.503			AT2G35530	-0.0	0.062	0.079	0.017	0.713
2way	6	1.826	0.503			AT4G16750	-0.0	0.062	0.078	0.016	0.713
2way	6	0.262	0.861			AT3G06740	-0.0	0.028	0.038	0.01	0.715
2way	6	0.262	0.861			AT3G15170	-0.0	0.021	0.028	0.007	0.715
2way	6	1.826	0.503			AT1G12630	0.265	0.09	0.068	-0.022	0.718
2way	6	1.826	0.503			AT2G02820	-0.0	0.052	0.069	0.016	0.718
2way	6	1.826	0.503			AT2G35700	-0.0	0.066	0.082	0.015	0.718
2way	6	1.826	0.503			AT1G19210	0.243	0.086	0.069	-0.017	0.723
2way	6	0.262	0.861			AT1G02250	-0.0	0.035	0.03	-0.005	0.724
2way	6	0.262	0.861			AT1G62300	-0.0	0.035	0.024	-0.011	0.724
2way	6	0.262	0.861			AT1G72740	-0.0	0.018	0.029	0.011	0.724
2way	6	0.262	0.861			AT5G17800	-0.0	0.032	0.038	0.006	0.724
2way	6	1.826	0.503			AT1G01720	-0.014	0.078	0.089	0.01	0.728
2way	6	1.826	0.503			AT1G02230	0.459	0.087	0.067	-0.02	0.728
2way	6	0.262	0.861			AT4G01250	-0.0	0.076	0.085	0.009	0.73
2way	6	0.262	0.861			AT2G38300	-0.0	0.006	0.009	0.002	0.737
2way	6	0.262	0.861			AT3G13350	-0.0	0.007	0.011	0.004	0.737
2way	6	0.262	0.861			AT3G45150	-0.0	0.005	0.004	-0.001	0.737
2way	6	0.262	0.861			AT3G49530	-0.0	0.092	0.08	-0.012	0.737
2way	6	0.262	0.861			AT4G01550	-0.0	0.043	0.035	-0.007	0.737
2way	6	0.262	0.861			AT5G14340	-0.0	0.008	0.005	-0.003	0.737
2way	6	1.826	0.503			AT1G76110	-0.0	0.019	0.027	0.009	0.737
2way	6	1.826	0.503			AT1G79180	-0.0	0.013	0.022	0.009	0.737
2way	6	1.826	0.503			AT2G28920	-0.0	0.021	0.006	-0.014	0.737
2way	6	1.826	0.503			AT3G20770	-0.0	0.013	0.025	0.012	0.737
2way	6	1.826	0.503			AT3G61250	-0.0	0.014	0.007	-0.007	0.737
2way	6	1.826	0.503			AT4G05100	-0.0	0.012	0.02	0.008	0.737
2way	6	0.262	0.861			AT1G36060	1.229	0.036	0.03	-0.007	0.74
2way	6	0.262	0.861			AT4G28500	-0.0	0.034	0.042	0.008	0.74
2way	6	1.826	0.503			AT5G41570	-0.0	0.09	0.106	0.017	0.744
2way	6	0.262	0.861			AT3G23240	-0.0	0.035	0.042	0.007	0.745
2way	6	1.826	0.503			AT3G25990	-0.0	0.013	0.019	0.006	0.747
2way	6	1.826	0.503			AT3G46590	-0.0	0.028	0.023	-0.005	0.747
2way	6	1.826	0.503			AT5G14960	-0.0	0.017	0.009	-0.008	0.747
2way	6	0.262	0.861			AT3G01970	-0.0	0.042	0.035	-0.007	0.75
2way	6	1.826	0.503			AT5G05550	-0.0	0.108	0.121	0.014	0.752
2way	6	0.262	0.861			AT1G47655	-0.0	0.032	0.044	0.012	0.755
2way	6	0.262	0.861			AT1G55110	-0.0	0.034	0.043	0.009	0.755
2way	6	0.262	0.861			AT2G47070	-0.0	0.042	0.036	-0.006	0.755
2way	6	0.262	0.861			AT3G57920	-0.0	0.042	0.03	-0.013	0.755
2way	6	0.262	0.861			AT1G53230	-0.0	0.007	0.01	0.004	0.756
2way	6	0.262	0.861			AT5G14960	-0.0	0.012	0.007	-0.005	0.756
2way	6	1.826	0.503			AT2G30250	-0.0	0.242	0.224	-0.019	0.756
2way	6	0.262	0.861			AT1G29860	-0.0	0.041	0.031	-0.01	0.758
2way	6	0.262	0.861			AT2G01940	-0.0	0.045	0.037	-0.008	0.76
2way	6	0.262	0.861			AT3G11020	-0.0	0.036	0.047	0.011	0.76
2way	6	0.262	0.861			AT1G13400	-0.0	0.01	0.012	0.002	0.762
2way	6	0.262	0.861			AT1G22070	-0.0	0.011	0.008	-0.003	0.762
2way	6	0.262	0.861			AT3G60530	-0.0	0.012	0.007	-0.005	0.762
2way	6	0.262	0.861			AT5G59990	-0.0	0.011	0.006	-0.005	0.762
2way	6	1.826	0.503			AT3G08500	-0.0	0.013	0.024	0.011	0.763
2way	6	1.826	0.503			AT4G31550	-0.0	0.015	0.026	0.011	0.763
2way	6	0.262	0.861			AT1G12260	-0.0	0.045	0.056	0.011	0.765
2way	6	0.262	0.861			AT1G18330	0.074	0.108	0.12	0.012	0.765
2way	6	0.262	0.861			AT2G18060	-0.0	0.043	0.052	0.009	0.765
2way	6	0.262	0.861			AT2G30340	-0.0	0.042	0.049	0.007	0.765
2way	6	1.826	0.503			AT2G01818	-0.0	0.019	0.017	-0.003	0.766
2way	6	1.826	0.503			AT2G26960	-0.0	0.009	0.016	0.007	0.766
2way	6	0.262	0.861			AT1G34180	-0.0	0.054	0.042	-0.012	0.769
2way	6	0.262	0.861			AT1G49560	-0.0	0.045	0.036	-0.009	0.769
2way	6	0.262	0.861			AT5G06100	-0.0	0.043	0.048	0.005	0.769
2way	6	0.262	0.861			AT5G50570	-0.0	0.012	0.008	-0.004	0.772
2way	6	0.262	0.861			AT1G30490	-0.0	0.06	0.048	-0.011	0.773
2way	6	0.262	0.861			AT2G18350	-0.0	0.041	0.05	0.009	0.773
2way	6	0.262	0.861			AT3G10480	-0.0	0.05	0.041	-0.009	0.773
2way	6	0.262	0.861			AT1G33240	-0.0	0.068	0.059	-0.008	0.78
2way	6	0.262	0.861			AT1G68320	-0.0	0.054	0.046	-0.008	0.78
2way	6	0.262	0.861			AT5G18270	-0.0	0.127	0.14	0.013	0.78
2way	6	0.262	0.861			AT5G62380	-0.0	0.044	0.052	0.008	0.78
2way	6	0.262	0.861			AT5G66940	0.358	0.057	0.051	-0.007	0.78
2way	6	0.262	0.861			AT5G08130	-0.0	0.01	0.013	0.003	0.781
2way	6	1.826	0.503			AT3G01220	-0.0	0.019	0.012	-0.007	0.782
2way	6	1.826	0.503			AT3G06740	-0.0	0.031	0.03	-0.001	0.782
2way	6	1.826	0.503			AT4G32800	-0.0	0.028	0.022	-0.006	0.782
2way	6	1.826	0.503			AT5G08330	-0.0	0.027	0.029	0.001	0.782
2way	6	1.826	0.503			AT5G29000	-0.0	0.018	0.033	0.015	0.782
2way	6	0.262	0.861			AT5G65410	-0.0	0.06	0.054	-0.006	0.783
2way	6	0.262	0.861			AT1G12630	-0.0	0.062	0.054	-0.007	0.786
2way	6	0.262	0.861			AT1G75240	-0.05	0.055	0.063	0.008	0.786
2way	6	0.262	0.861			AT1G79580	-0.0	0.054	0.064	0.01	0.786
2way	6	0.262	0.861			AT1G13300	-0.0	0.011	0.018	0.007	0.787
2way	6	0.262	0.861			AT4G25470	-0.0	0.069	0.06	-0.008	0.788
2way	6	0.262	0.861			AT1G77200	-0.0	0.07	0.062	-0.008	0.789
2way	6	0.262	0.861			AT5G51990	-0.0	0.07	0.06	-0.01	0.79
2way	6	1.826	0.503			AT4G06746	-0.0	0.071	0.06	-0.011	0.791
2way	6	1.826	0.503			AT5G53950	-0.0	0.026	0.018	-0.008	0.791
2way	6	0.262	0.861			AT3G01530	-0.0	0.057	0.069	0.012	0.793
2way	6	0.262	0.861			AT3G52440	-0.0	0.061	0.071	0.01	0.793
2way	6	0.262	0.861			AT4G25490	-0.0	0.068	0.058	-0.01	0.793
2way	6	0.262	0.861			AT1G34670	-0.0	0.055	0.061	0.006	0.795
2way	6	0.262	0.861			AT5G60850	-0.0	0.071	0.061	-0.01	0.795
2way	6	1.826	0.503			AT4G27950	-0.0	0.009	0.022	0.014	0.796
2way	6	1.826	0.503			AT5G62320	-0.0	0.024	0.029	0.006	0.796
2way	6	0.262	0.861			AT4G01500	-0.0	0.012	0.019	0.007	0.799
2way	6	0.262	0.861			AT4G38000	-0.0	0.064	0.072	0.007	0.799
2way	6	1.826	0.503			AT1G08010	-0.0	0.039	0.025	-0.013	0.8
2way	6	1.826	0.503			AT1G16490	-0.0	0.031	0.027	-0.005	0.8
2way	6	1.826	0.503			AT1G27730	0.056	0.081	0.067	-0.014	0.8
2way	6	1.826	0.503			AT1G75490	-0.0	0.03	0.035	0.004	0.8
2way	6	1.826	0.503			AT2G03340	-0.0	0.037	0.042	0.005	0.8
2way	6	1.826	0.503			AT2G03500	-0.0	0.02	0.034	0.014	0.8
2way	6	1.826	0.503			AT4G01680	-0.0	0.036	0.024	-0.012	0.8
2way	6	1.826	0.503			AT5G18450	-0.0	0.025	0.035	0.01	0.8
2way	6	1.826	0.503			AT5G66300	-0.0	0.032	0.02	-0.012	0.8
2way	6	1.826	0.503			AT1G18330	-0.02	0.071	0.082	0.011	0.809
2way	6	1.826	0.503			AT1G51220	-0.0	0.027	0.038	0.011	0.809
2way	6	1.826	0.503			AT3G11020	-0.0	0.035	0.038	0.003	0.809
2way	6	1.826	0.503			AT3G12730	-0.0	0.043	0.036	-0.007	0.809
2way	6	1.826	0.503			AT3G15170	-0.0	0.03	0.032	0.003	0.809
2way	6	1.826	0.503			AT3G26620	-0.0	0.044	0.028	-0.016	0.809
2way	6	1.826	0.503			AT5G47390	-0.0	0.033	0.031	-0.002	0.809
2way	6	0.262	0.861			AT3G50700	-0.0	0.015	0.012	-0.002	0.81
2way	6	0.262	0.861			AT1G06280	0.867	0.079	0.089	0.01	0.813
2way	6	1.826	0.503			AT5G03790	-0.0	0.028	0.026	-0.002	0.818
2way	6	1.826	0.503			AT5G60130	-0.0	0.043	0.032	-0.011	0.818
2way	6	0.262	0.861			AT4G17785	-0.0	0.018	0.016	-0.002	0.819
2way	6	0.262	0.861			AT4G26640	-0.0	0.018	0.024	0.007	0.819
2way	6	0.262	0.861			AT5G46590	-0.0	0.017	0.021	0.004	0.819
2way	6	1.826	0.503			AT1G01060	-0.0	0.043	0.036	-0.007	0.823
2way	6	1.826	0.503			AT3G60490	-0.0	0.046	0.052	0.006	0.823
2way	6	1.826	0.503			AT5G06960	-0.0	0.034	0.042	0.008	0.823
2way	6	1.826	0.503			AT5G47370	-0.0	0.043	0.033	-0.011	0.823
2way	6	1.826	0.503			AT5G47660	-0.0	0.042	0.033	-0.009	0.823
2way	6	1.826	0.503			AT2G18380	-0.0	0.039	0.044	0.005	0.826
2way	6	1.826	0.503			AT2G22430	-0.0	0.022	0.033	0.01	0.826
2way	6	1.826	0.503			AT3G18990	-0.0	0.037	0.049	0.011	0.826
2way	6	1.826	0.503			AT4G26640	-0.0	0.042	0.049	0.007	0.826
2way	6	1.826	0.503			AT5G65310	-0.0	0.038	0.046	0.008	0.826
2way	6	1.826	0.503			AT1G14687	-0.0	0.046	0.032	-0.013	0.828
2way	6	1.826	0.503			AT3G04030	-0.0	0.056	0.044	-0.011	0.828
2way	6	1.826	0.503			AT4G11660	-0.0	0.039	0.051	0.012	0.828
2way	6	1.826	0.503			AT5G61620	-0.0	0.04	0.032	-0.008	0.828
2way	6	1.826	0.503			AT1G74480	-0.0	0.043	0.055	0.012	0.834
2way	6	1.826	0.503			AT3G16280	-0.0	0.047	0.053	0.007	0.834
2way	6	1.826	0.503			AT4G18770	-0.0	0.066	0.055	-0.011	0.834
2way	6	1.826	0.503			AT5G06950	-0.0	0.043	0.047	0.005	0.834
2way	6	1.826	0.503			AT5G45580	-0.0	0.062	0.053	-0.009	0.834
2way	6	1.826	0.503			AT5G66730	-0.0	0.041	0.053	0.012	0.834
2way	6	0.262	0.861			AT1G08010	-0.0	0.022	0.03	0.008	0.836
2way	6	0.262	0.861			AT2G06200	-0.0	0.022	0.026	0.003	0.836
2way	6	0.262	0.861			AT2G33550	-0.0	0.019	0.026	0.007	0.836
2way	6	0.262	0.861			AT3G60580	-0.0	0.025	0.02	-0.005	0.836
2way	6	1.826	0.503			AT1G49560	-0.0	0.06	0.051	-0.009	0.839
2way	6	1.826	0.503			AT3G03200	-0.0	0.05	0.048	-0.002	0.839
2way	6	1.826	0.503			AT3G24120	-0.0	0.057	0.044	-0.013	0.839
2way	6	1.826	0.503			AT5G06839	-0.0	0.053	0.056	0.003	0.839
2way	6	0.262	0.861			AT3G23220	-0.0	0.029	0.034	0.005	0.842
2way	6	1.826	0.503			AT1G19000	-0.0	0.052	0.042	-0.01	0.842
2way	6	1.826	0.503			AT1G65910	-0.0	0.043	0.036	-0.006	0.845
2way	6	1.826	0.503			AT3G10480	-0.0	0.04	0.051	0.011	0.845
2way	6	1.826	0.503			AT4G10350	-0.0	0.051	0.04	-0.011	0.845
2way	6	1.826	0.503			AT5G58850	-0.0	0.063	0.051	-0.012	0.845
2way	6	1.826	0.503			AT1G79580	-0.0	0.061	0.065	0.004	0.846
2way	6	1.826	0.503			AT4G00730	-0.0	0.052	0.045	-0.008	0.846
2way	6	1.826	0.503			AT4G25470	-0.0	0.066	0.063	-0.003	0.846
2way	6	1.826	0.503			AT5G65410	-0.0	0.056	0.046	-0.01	0.846
2way	6	0.262	0.861			AT4G06746	-0.0	0.064	0.07	0.006	0.85
2way	6	1.826	0.503			AT1G08320	-0.0	0.06	0.065	0.006	0.85
2way	6	1.826	0.503			AT5G52830	-0.0	0.049	0.057	0.008	0.85
2way	6	1.826	0.503			AT1G52880	-0.0	0.078	0.068	-0.01	0.853
2way	6	1.826	0.503			AT2G18350	-0.0	0.068	0.058	-0.01	0.853
2way	6	1.826	0.503			AT2G23340	-0.0	0.053	0.068	0.014	0.853
2way	6	1.826	0.503			AT2G45420	-0.0	0.059	0.074	0.015	0.853
2way	6	1.826	0.503			AT4G25490	-0.0	0.08	0.071	-0.009	0.853
2way	6	0.262	0.861			AT4G22070	-0.0	0.027	0.019	-0.007	0.854
2way	6	1.826	0.503			AT4G23550	-0.0	0.068	0.061	-0.006	0.855
2way	6	1.826	0.503			AT5G39610	-0.0	0.062	0.05	-0.012	0.855
2way	6	1.826	0.503			AT1G30650	-0.0	0.065	0.07	0.006	0.857
2way	6	1.826	0.503			AT4G25480	-0.0	0.084	0.074	-0.009	0.857
2way	6	1.826	0.503			AT5G51990	-0.0	0.085	0.075	-0.01	0.857
2way	6	0.262	0.861			AT1G68670	-0.0	0.027	0.032	0.005	0.858
2way	6	1.826	0.503			AT1G29860	-0.0	0.073	0.06	-0.013	0.858
2way	6	1.826	0.503			AT1G69490	-0.0	0.086	0.071	-0.015	0.858
2way	6	1.826	0.503			AT3G12250	0.069	0.067	0.063	-0.004	0.858
2way	6	1.826	0.503			AT5G22990	0.189	0.085	0.072	-0.014	0.858
2way	6	0.262	0.861			AT1G20980	-0.0	0.027	0.028	0.001	0.862
2way	6	1.826	0.503			AT1G77200	-0.0	0.085	0.08	-0.005	0.864
2way	6	1.826	0.503			AT2G23320	-0.0	0.082	0.071	-0.011	0.864
2way	6	1.826	0.503			AT4G36160	-0.0	0.057	0.072	0.015	0.864
2way	6	0.262	0.861			AT1G03840	-0.0	0.027	0.034	0.007	0.865
2way	6	1.826	0.503			AT5G64060	-0.014	0.182	0.194	0.012	0.867
2way	6	0.262	0.861			AT1G32870	-0.0	0.035	0.039	0.004	0.869
2way	6	0.262	0.861			AT1G75490	0.115	0.046	0.043	-0.004	0.869
2way	6	0.262	0.861			AT2G32460	-0.0	0.032	0.034	0.002	0.869
2way	6	0.262	0.861			AT3G18990	-0.0	0.038	0.032	-0.006	0.869
2way	6	1.826	0.503			AT1G71450	-0.0	0.095	0.107	0.012	0.869
2way	6	1.826	0.503			AT1G06280	0.821	0.097	0.088	-0.009	0.871
2way	6	0.262	0.861			AT2G02070	-0.0	0.033	0.038	0.004	0.872
2way	6	0.262	0.861			AT3G08500	-0.0	0.031	0.036	0.005	0.872
2way	6	0.262	0.861			AT5G47660	-0.0	0.038	0.031	-0.007	0.872
2way	6	0.262	0.861			AT5G52830	-0.0	0.037	0.035	-0.002	0.872
2way	6	0.262	0.861			AT5G66730	-0.0	0.037	0.042	0.005	0.872
2way	6	0.262	0.861			AT2G22430	-0.0	0.052	0.048	-0.004	0.875
2way	6	0.262	0.861			AT2G40260	0.091	0.047	0.041	-0.006	0.875
2way	6	0.262	0.861			AT1G71696	-0.028	0.032	0.036	0.004	0.876
2way	6	0.262	0.861			AT3G16280	-0.0	0.046	0.041	-0.005	0.876
2way	6	0.262	0.861			AT2G40740	-0.0	0.038	0.042	0.005	0.877
2way	6	0.262	0.861			AT4G14770	-0.007	0.039	0.046	0.007	0.877
2way	6	0.262	0.861			AT4G23550	0.529	0.047	0.043	-0.004	0.877
2way	6	0.262	0.861			AT4G18170	-0.0	0.044	0.038	-0.006	0.878
2way	6	0.262	0.861			AT1G06850	-0.0	0.042	0.044	0.003	0.88
2way	6	0.262	0.861			AT2G20110	-0.0	0.048	0.051	0.003	0.88
2way	6	0.262	0.861			AT1G74650	-0.0	0.054	0.052	-0.001	0.882
2way	6	0.262	0.861			AT1G26960	0.919	0.048	0.041	-0.007	0.884
2way	6	0.262	0.861			AT1G09540	-0.0	0.049	0.043	-0.005	0.886
2way	6	0.262	0.861			AT4G01540	-0.0	0.042	0.048	0.006	0.886
2way	6	0.262	0.861			AT4G17980	-0.0	0.058	0.052	-0.006	0.886
2way	6	0.262	0.861			AT5G41570	-0.0	0.064	0.059	-0.006	0.887
2way	6	0.262	0.861			AT1G76420	-0.0	0.043	0.047	0.004	0.888
2way	6	0.262	0.861			AT2G03500	-0.0	0.055	0.06	0.005	0.888
2way	6	0.262	0.861			AT3G03200	-0.0	0.051	0.049	-0.002	0.888
2way	6	0.262	0.861			AT2G35700	-0.0	0.047	0.051	0.003	0.891
2way	6	0.262	0.861			AT2G46590	-0.0	0.063	0.068	0.005	0.893
2way	6	0.262	0.861			AT3G45610	-0.0	0.055	0.053	-0.002	0.893
2way	6	0.262	0.861			AT4G31060	-0.0	0.06	0.062	0.002	0.893
2way	6	0.262	0.861			AT5G13180	-0.0	0.064	0.058	-0.006	0.893
2way	6	0.262	0.861			AT3G28920	-0.0	0.054	0.062	0.007	0.896
2way	6	0.262	0.861			AT2G43000	-0.0	0.066	0.07	0.005	0.897
2way	6	0.262	0.861			AT3G18400	-0.0	0.063	0.061	-0.002	0.897
2way	6	0.262	0.861			AT1G64620	0.327	0.159	0.165	0.006	0.898
2way	6	0.262	0.861			AT3G24120	-0.0	0.078	0.075	-0.003	0.9
2way	6	0.262	0.861			AT1G78700	0.249	0.08	0.086	0.006	0.907
2way	6	0.262	0.861			AT4G36780	-0.0	0.077	0.083	0.006	0.907
2way	6	0.262	0.861			AT1G10720	-0.0	0.0	0.001	0.001	1.0
2way	6	0.262	0.861			AT1G12610	-0.0	0.03	0.033	0.003	1.0
2way	6	0.262	0.861			AT1G14580	-0.0	0.015	0.016	0.001	1.0
2way	6	0.262	0.861			AT1G17950	-0.0	0.0	0.0	0.0	1.0
2way	6	0.262	0.861			AT1G18960	-0.0	0.0	0.002	0.002	1.0
2way	6	0.262	0.861			AT1G19790	-0.0	0.016	0.015	-0.002	1.0
2way	6	0.262	0.861			AT1G20910	-0.0	0.028	0.03	0.002	1.0
2way	6	0.262	0.861			AT1G22810	-0.0	0.05	0.05	0.001	1.0
2way	6	0.262	0.861			AT1G24250	-0.0	0.017	0.021	0.004	1.0
2way	6	0.262	0.861			AT1G25550	-0.0	0.039	0.041	0.001	1.0
2way	6	0.262	0.861			AT1G27360	-0.0	0.0	0.001	0.0	1.0
2way	6	0.262	0.861			AT1G28470	0.282	0.044	0.048	0.004	1.0
2way	6	0.262	0.861			AT1G30210	-0.0	0.0	0.0	0.0	1.0
2way	6	0.262	0.861			AT1G32240	-0.0	0.012	0.012	-0.0	1.0
2way	6	0.262	0.861			AT1G32510	-0.0	0.0	0.001	0.001	1.0
2way	6	0.262	0.861			AT1G43700	-0.0	0.015	0.014	-0.001	1.0
2way	6	0.262	0.861			AT1G47870	-0.0	0.0	0.0	0.0	1.0
2way	6	0.262	0.861			AT1G51600	-0.0	0.002	0.004	0.002	1.0
2way	6	0.262	0.861			AT1G60920	-0.0	0.0	0.0	0.0	1.0
2way	6	0.262	0.861			AT1G63040	-0.0	0.0	0.004	0.004	1.0
2way	6	0.262	0.861			AT1G65910	-0.0	0.047	0.047	0.001	1.0
2way	6	0.262	0.861			AT1G66370	-0.0	0.011	0.008	-0.003	1.0
2way	6	0.262	0.861			AT1G66420	-0.0	0.001	0.0	-0.001	1.0
2way	6	0.262	0.861			AT1G67260	-0.0	0.0	0.0	0.0	1.0
2way	6	0.262	0.861			AT1G70910	-0.0	0.0	0.0	0.0	1.0
2way	6	0.262	0.861			AT1G72360	-0.0	0.003	0.006	0.003	1.0
2way	6	0.262	0.861			AT1G74370	-0.0	0.0	0.003	0.003	1.0
2way	6	0.262	0.861			AT1G75080	-0.0	0.012	0.009	-0.003	1.0
2way	6	0.262	0.861			AT1G76870	-0.0	0.001	0.002	0.001	1.0
2way	6	0.262	0.861			AT1G76880	-0.0	0.004	0.001	-0.003	1.0
2way	6	0.262	0.861			AT1G77640	-0.0	0.01	0.006	-0.004	1.0
2way	6	0.262	0.861			AT2G21900	-0.0	0.0	0.002	0.002	1.0
2way	6	0.262	0.861			AT2G23340	-0.0	0.049	0.047	-0.002	1.0
2way	6	0.262	0.861			AT2G24570	-0.0	0.004	0.003	-0.0	1.0
2way	6	0.262	0.861			AT2G26960	-0.0	0.033	0.034	0.001	1.0
2way	6	0.262	0.861			AT2G31460	-0.0	0.0	0.0	0.0	1.0
2way	6	0.262	0.861			AT2G33810	-0.0	0.007	0.008	0.001	1.0
2way	6	0.262	0.861			AT2G39900	-0.0	0.0	0.0	0.0	1.0
2way	6	0.262	0.861			AT2G41835	-0.0	0.002	0.001	-0.001	1.0
2way	6	0.262	0.861			AT2G44940	-0.01	0.104	0.105	0.001	1.0
2way	6	0.262	0.861			AT2G46130	-0.0	0.009	0.007	-0.002	1.0
2way	6	0.262	0.861			AT2G46400	-0.0	0.004	0.005	0.001	1.0
2way	6	0.262	0.861			AT2G48100	-0.0	0.0	0.0	-0.0	1.0
2way	6	0.262	0.861			AT3G03660	-0.0	0.001	0.0	-0.001	1.0
2way	6	0.262	0.861			AT3G07220	-0.0	0.0	0.0	0.0	1.0
2way	6	0.262	0.861			AT3G09230	-0.0	0.002	0.0	-0.002	1.0
2way	6	0.262	0.861			AT3G12730	-0.0	0.053	0.051	-0.001	1.0
2way	6	0.262	0.861			AT3G12910	-0.0	0.003	0.0	-0.003	1.0
2way	6	0.262	0.861			AT3G13040	-0.0	0.0	0.0	0.0	1.0
2way	6	0.262	0.861			AT3G21175	-0.0	0.02	0.02	-0.0	1.0
2way	6	0.262	0.861			AT3G24050	-0.0	0.018	0.021	0.003	1.0
2way	6	0.262	0.861			AT3G27785	-0.0	0.027	0.031	0.004	1.0
2way	6	0.262	0.861			AT3G28910	-0.0	0.018	0.02	0.002	1.0
2way	6	0.262	0.861			AT3G42860	-0.0	0.052	0.05	-0.002	1.0
2way	6	0.262	0.861			AT3G45170	-0.0	0.005	0.004	-0.001	1.0
2way	6	0.262	0.861			AT3G46070	-0.0	0.0	0.001	0.001	1.0
2way	6	0.262	0.861			AT3G46590	-0.0	0.006	0.008	0.002	1.0
2way	6	0.262	0.861			AT3G47600	-0.0	0.009	0.006	-0.003	1.0
2way	6	0.262	0.861			AT3G47620	-0.0	0.0	0.001	0.001	1.0
2way	6	0.262	0.861			AT3G48160	-0.0	0.001	0.001	-0.0	1.0
2way	6	0.262	0.861			AT3G49930	-0.0	0.0	0.0	-0.0	1.0
2way	6	0.262	0.861			AT3G50410	-0.0	0.039	0.038	-0.001	1.0
2way	6	0.262	0.861			AT3G51470	-0.0	0.002	0.001	-0.001	1.0
2way	6	0.262	0.861			AT3G57230	-0.0	0.009	0.008	-0.001	1.0
2way	6	0.262	0.861			AT3G61120	-0.0	0.007	0.007	0.0	1.0
2way	6	0.262	0.861			AT4G01680	-0.0	0.034	0.033	-0.001	1.0
2way	6	0.262	0.861			AT4G12670	-0.0	0.0	0.0	-0.0	1.0
2way	6	0.262	0.861			AT4G14410	-0.0	0.001	0.0	-0.0	1.0
2way	6	0.262	0.861			AT4G18770	-0.0	0.027	0.027	-0.001	1.0
2way	6	0.262	0.861			AT4G24240	-0.0	0.0	0.0	0.0	1.0
2way	6	0.262	0.861			AT4G24470	-0.0	0.019	0.017	-0.001	1.0
2way	6	0.262	0.861			AT4G28110	-0.0	0.005	0.005	-0.0	1.0
2way	6	0.262	0.861			AT4G29230	-0.0	0.029	0.029	0.0	1.0
2way	6	0.262	0.861			AT4G30080	-0.0	0.001	0.002	0.001	1.0
2way	6	0.262	0.861			AT4G31550	-0.0	0.006	0.004	-0.002	1.0
2way	6	0.262	0.861			AT4G32730	-0.0	0.07	0.07	-0.0	1.0
2way	6	0.262	0.861			AT4G36160	-0.0	0.074	0.072	-0.001	1.0
2way	6	0.262	0.861			AT4G38620	-0.0	0.006	0.002	-0.003	1.0
2way	6	0.262	0.861			AT4G38910	-0.0	0.0	0.001	0.001	1.0
2way	6	0.262	0.861			AT5G04390	-0.0	0.029	0.032	0.003	1.0
2way	6	0.262	0.861			AT5G08070	-0.0	0.0	0.002	0.002	1.0
2way	6	0.262	0.861			AT5G10280	-0.0	0.016	0.014	-0.002	1.0
2way	6	0.262	0.861			AT5G10510	-0.0	0.001	0.0	-0.0	1.0
2way	6	0.262	0.861			AT5G16600	-0.0	0.001	0.002	0.001	1.0
2way	6	0.262	0.861			AT5G18090	-0.0	0.001	0.0	-0.001	1.0
2way	6	0.262	0.861			AT5G22890	-0.0	0.0	0.002	0.002	1.0
2way	6	0.262	0.861			AT5G24110	-0.0	0.036	0.036	0.0	1.0
2way	6	0.262	0.861			AT5G38800	-0.0	0.0	0.0	0.0	1.0
2way	6	0.262	0.861			AT5G38860	-0.0	0.002	0.0	-0.002	1.0
2way	6	0.262	0.861			AT5G39610	-0.0	0.048	0.049	0.0	1.0
2way	6	0.262	0.861			AT5G39820	-0.0	0.014	0.014	0.001	1.0
2way	6	0.262	0.861			AT5G42520	-0.0	0.0	0.002	0.002	1.0
2way	6	0.262	0.861			AT5G42820	-0.0	0.003	0.0	-0.003	1.0
2way	6	0.262	0.861			AT5G47220	-0.0	0.068	0.07	0.002	1.0
2way	6	0.262	0.861			AT5G47230	-0.0	0.044	0.04	-0.004	1.0
2way	6	0.262	0.861			AT5G49300	-0.0	0.0	0.0	0.0	1.0
2way	6	0.262	0.861			AT5G53950	-0.0	0.023	0.024	0.001	1.0
2way	6	0.262	0.861			AT5G58620	-0.0	0.0	0.0	0.0	1.0
2way	6	0.262	0.861			AT5G62165	-0.0	0.001	0.0	-0.001	1.0
2way	6	0.262	0.861			AT5G63260	-0.0	0.056	0.057	0.001	1.0
2way	6	0.262	0.861			AT5G67000	-0.0	0.001	0.002	0.002	1.0
2way	6	0.262	0.861			AT5G67190	-0.0	0.061	0.061	-0.001	1.0
2way	6	0.262	0.861			AT1G25580	-0.0	0.009	0.009	-0.0	1.0
2way	6	1.826	0.503			AT1G06180	-0.0	0.019	0.019	0.0	1.0
2way	6	1.826	0.503			AT1G06850	-0.0	0.024	0.029	0.004	1.0
2way	6	1.826	0.503			AT1G10720	-0.0	0.002	0.0	-0.002	1.0
2way	6	1.826	0.503			AT1G13260	0.174	0.071	0.067	-0.004	1.0
2way	6	1.826	0.503			AT1G13300	-0.0	0.0	0.002	0.002	1.0
2way	6	1.826	0.503			AT1G13400	-0.0	0.015	0.017	0.002	1.0
2way	6	1.826	0.503			AT1G17950	-0.0	0.0	0.0	0.0	1.0
2way	6	1.826	0.503			AT1G18570	-0.0	0.0	0.0	0.0	1.0
2way	6	1.826	0.503			AT1G18960	-0.0	0.0	0.0	0.0	1.0
2way	6	1.826	0.503			AT1G19040	-0.0	0.009	0.012	0.004	1.0
2way	6	1.826	0.503			AT1G21910	-0.0	0.02	0.015	-0.005	1.0
2way	6	1.826	0.503			AT1G22070	-0.0	0.002	0.003	0.001	1.0
2way	6	1.826	0.503			AT1G24250	-0.0	0.012	0.006	-0.006	1.0
2way	6	1.826	0.503			AT1G25550	-0.0	0.027	0.026	-0.002	1.0
2way	6	1.826	0.503			AT1G30210	-0.0	0.0	0.0	0.0	1.0
2way	6	1.826	0.503			AT1G32240	-0.0	0.002	0.0	-0.002	1.0
2way	6	1.826	0.503			AT1G32510	-0.0	0.004	0.0	-0.004	1.0
2way	6	1.826	0.503			AT1G33240	-0.0	0.045	0.044	-0.001	1.0
2way	6	1.826	0.503			AT1G34190	-0.0	0.028	0.032	0.004	1.0
2way	6	1.826	0.503			AT1G34670	-0.0	0.044	0.047	0.003	1.0
2way	6	1.826	0.503			AT1G43700	-0.0	0.013	0.008	-0.005	1.0
2way	6	1.826	0.503			AT1G46264	-0.0	0.001	0.0	-0.001	1.0
2way	6	1.826	0.503			AT1G47870	-0.0	0.0	0.0	0.0	1.0
2way	6	1.826	0.503			AT1G49010	-0.0	0.04	0.034	-0.005	1.0
2way	6	1.826	0.503			AT1G51600	-0.0	0.0	0.004	0.004	1.0
2way	6	1.826	0.503			AT1G52150	-0.0	0.023	0.021	-0.001	1.0
2way	6	1.826	0.503			AT1G60920	-0.0	0.002	0.0	-0.002	1.0
2way	6	1.826	0.503			AT1G62300	-0.0	0.072	0.067	-0.005	1.0
2way	6	1.826	0.503			AT1G63030	-0.0	0.005	0.005	0.0	1.0
2way	6	1.826	0.503			AT1G63040	-0.0	0.0	0.0	0.0	1.0
2way	6	1.826	0.503			AT1G65620	-0.0	0.006	0.013	0.006	1.0
2way	6	1.826	0.503			AT1G66370	-0.0	0.0	0.004	0.004	1.0
2way	6	1.826	0.503			AT1G66420	-0.0	0.0	0.0	0.0	1.0
2way	6	1.826	0.503			AT1G67260	-0.0	0.0	0.0	0.0	1.0
2way	6	1.826	0.503			AT1G68320	-0.0	0.024	0.031	0.007	1.0
2way	6	1.826	0.503			AT1G69690	-0.0	0.006	0.007	0.001	1.0
2way	6	1.826	0.503			AT1G70910	-0.0	0.0	0.0	0.0	1.0
2way	6	1.826	0.503			AT1G72010	-0.0	0.026	0.022	-0.004	1.0
2way	6	1.826	0.503			AT1G73730	-0.0	0.0	0.0	0.0	1.0
2way	6	1.826	0.503			AT1G74370	-0.0	0.0	0.0	0.0	1.0
2way	6	1.826	0.503			AT1G75080	-0.0	0.004	0.003	-0.001	1.0
2way	6	1.826	0.503			AT1G75240	-0.0	0.058	0.058	-0.0	1.0
2way	6	1.826	0.503			AT1G76870	-0.0	0.0	0.0	0.0	1.0
2way	6	1.826	0.503			AT1G76880	-0.0	0.0	0.0	0.0	1.0
2way	6	1.826	0.503			AT1G80840	-0.0	0.02	0.022	0.002	1.0
2way	6	1.826	0.503			AT2G02540	-0.0	0.047	0.045	-0.002	1.0
2way	6	1.826	0.503			AT2G17900	-0.0	0.0	0.0	0.0	1.0
2way	6	1.826	0.503			AT2G18060	-0.0	0.053	0.051	-0.003	1.0
2way	6	1.826	0.503			AT2G31460	-0.0	0.0	0.0	0.0	1.0
2way	6	1.826	0.503			AT2G38090	-0.0	0.0	0.0	0.0	1.0
2way	6	1.826	0.503			AT2G38470	-0.0	0.202	0.194	-0.008	1.0
2way	6	1.826	0.503			AT2G39900	-0.0	0.0	0.0	0.0	1.0
2way	6	1.826	0.503			AT2G40260	-0.0	0.052	0.051	-0.001	1.0
2way	6	1.826	0.503			AT2G40740	-0.0	0.088	0.094	0.006	1.0
2way	6	1.826	0.503			AT2G44940	-0.0	0.121	0.127	0.006	1.0
2way	6	1.826	0.503			AT2G45650	-0.0	0.001	0.005	0.003	1.0
2way	6	1.826	0.503			AT2G45680	-0.0	0.0	0.006	0.006	1.0
2way	6	1.826	0.503			AT2G46130	-0.0	0.022	0.03	0.008	1.0
2way	6	1.826	0.503			AT2G46400	-0.0	0.0	0.007	0.007	1.0
2way	6	1.826	0.503			AT2G46680	-0.0	0.013	0.01	-0.002	1.0
2way	6	1.826	0.503			AT2G48100	-0.0	0.0	0.0	0.0	1.0
2way	6	1.826	0.503			AT3G01470	-0.0	0.009	0.006	-0.004	1.0
2way	6	1.826	0.503			AT3G02150	-0.0	0.0	0.006	0.006	1.0
2way	6	1.826	0.503			AT3G04060	-0.0	0.162	0.157	-0.005	1.0
2way	6	1.826	0.503			AT3G04070	-0.0	0.012	0.013	0.002	1.0
2way	6	1.826	0.503			AT3G07220	-0.0	0.0	0.0	0.0	1.0
2way	6	1.826	0.503			AT3G09230	-0.0	0.0	0.002	0.002	1.0
2way	6	1.826	0.503			AT3G09600	-0.0	0.051	0.055	0.004	1.0
2way	6	1.826	0.503			AT3G10030	-0.0	0.023	0.023	0.0	1.0
2way	6	1.826	0.503			AT3G10500	-0.027	0.111	0.119	0.008	1.0
2way	6	1.826	0.503			AT3G13040	-0.0	0.0	0.0	0.0	1.0
2way	6	1.826	0.503			AT3G13810	-0.0	0.023	0.025	0.002	1.0
2way	6	1.826	0.503			AT3G18400	-0.0	0.072	0.074	0.001	1.0
2way	6	1.826	0.503			AT3G22780	-0.0	0.004	0.0	-0.004	1.0
2way	6	1.826	0.503			AT3G23250	-0.0	0.0	0.002	0.002	1.0
2way	6	1.826	0.503			AT3G27010	-0.0	0.01	0.015	0.005	1.0
2way	6	1.826	0.503			AT3G27785	-0.0	0.037	0.039	0.002	1.0
2way	6	1.826	0.503			AT3G30210	-0.0	0.009	0.009	0.0	1.0
2way	6	1.826	0.503			AT3G30530	-0.0	0.0	0.007	0.007	1.0
2way	6	1.826	0.503			AT3G42860	-0.0	0.081	0.09	0.009	1.0
2way	6	1.826	0.503			AT3G46070	-0.0	0.0	0.004	0.004	1.0
2way	6	1.826	0.503			AT3G47600	-0.0	0.0	0.0	0.0	1.0
2way	6	1.826	0.503			AT3G47620	-0.0	0.0	0.0	0.0	1.0
2way	6	1.826	0.503			AT3G49930	-0.0	0.001	0.0	-0.001	1.0
2way	6	1.826	0.503			AT3G51080	-0.0	0.004	0.001	-0.003	1.0
2way	6	1.826	0.503			AT3G51470	-0.0	0.0	0.0	0.0	1.0
2way	6	1.826	0.503			AT3G53200	-0.0	0.029	0.025	-0.004	1.0
2way	6	1.826	0.503			AT3G57230	-0.0	0.008	0.004	-0.004	1.0
2way	6	1.826	0.503			AT3G58630	-0.0	0.023	0.02	-0.003	1.0
2way	6	1.826	0.503			AT3G61120	-0.0	0.0	0.0	0.0	1.0
2way	6	1.826	0.503			AT3G61150	-0.0	0.045	0.039	-0.006	1.0
2way	6	1.826	0.503			AT4G12670	-0.0	0.0	0.0	0.0	1.0
2way	6	1.826	0.503			AT4G14410	-0.0	0.0	0.0	0.0	1.0
2way	6	1.826	0.503			AT4G17460	-0.0	0.001	0.0	-0.001	1.0
2way	6	1.826	0.503			AT4G17980	-0.0	0.048	0.047	-0.001	1.0
2way	6	1.826	0.503			AT4G18450	-0.0	0.0	0.001	0.001	1.0
2way	6	1.826	0.503			AT4G22070	-0.0	0.057	0.053	-0.004	1.0
2way	6	1.826	0.503			AT4G24240	-0.0	0.0	0.003	0.003	1.0
2way	6	1.826	0.503			AT4G24470	-0.0	0.005	0.007	0.002	1.0
2way	6	1.826	0.503			AT4G26030	-0.0	0.022	0.027	0.004	1.0
2way	6	1.826	0.503			AT4G27900	-0.0	0.0	0.004	0.004	1.0
2way	6	1.826	0.503			AT4G28110	-0.0	0.0	0.005	0.005	1.0
2way	6	1.826	0.503			AT4G28140	-0.0	0.013	0.013	0.0	1.0
2way	6	1.826	0.503			AT4G30080	-0.0	0.0	0.0	0.0	1.0
2way	6	1.826	0.503			AT4G36620	-0.0	0.0	0.005	0.005	1.0
2way	6	1.826	0.503			AT4G37790	-0.0	0.0	0.002	0.002	1.0
2way	6	1.826	0.503			AT4G38910	-0.0	0.003	0.0	-0.003	1.0
2way	6	1.826	0.503			AT5G02840	-0.0	0.019	0.016	-0.003	1.0
2way	6	1.826	0.503			AT5G04410	-0.0	0.049	0.051	0.003	1.0
2way	6	1.826	0.503			AT5G07100	-0.0	0.04	0.045	0.004	1.0
2way	6	1.826	0.503			AT5G08070	-0.0	0.0	0.006	0.006	1.0
2way	6	1.826	0.503			AT5G08130	-0.0	0.004	0.004	-0.0	1.0
2way	6	1.826	0.503			AT5G10030	-0.0	0.07	0.072	0.002	1.0
2way	6	1.826	0.503			AT5G10140	-0.0	0.01	0.01	0.0	1.0
2way	6	1.826	0.503			AT5G14340	-0.0	0.0	0.0	0.0	1.0
2way	6	1.826	0.503			AT5G16600	-0.0	0.0	0.0	0.0	1.0
2way	6	1.826	0.503			AT5G17300	-0.0	0.111	0.119	0.008	1.0
2way	6	1.826	0.503			AT5G18090	-0.0	0.001	0.005	0.004	1.0
2way	6	1.826	0.503			AT5G22890	-0.0	0.0	0.0	0.0	1.0
2way	6	1.826	0.503			AT5G25475	-0.0	0.0	0.0	0.0	1.0
2way	6	1.826	0.503			AT5G38800	-0.0	0.0	0.0	0.0	1.0
2way	6	1.826	0.503			AT5G38860	-0.0	0.001	0.0	-0.001	1.0
2way	6	1.826	0.503			AT5G42520	-0.0	0.007	0.0	-0.007	1.0
2way	6	1.826	0.503			AT5G42820	-0.0	0.0	0.0	0.0	1.0
2way	6	1.826	0.503			AT5G44160	-0.0	0.001	0.003	0.002	1.0
2way	6	1.826	0.503			AT5G47220	-0.0	0.04	0.045	0.004	1.0
2way	6	1.826	0.503			AT5G48670	-0.0	0.0	0.0	0.0	1.0
2way	6	1.826	0.503			AT5G49300	-0.0	0.0	0.003	0.003	1.0
2way	6	1.826	0.503			AT5G50570	-0.0	0.003	0.005	0.001	1.0
2way	6	1.826	0.503			AT5G56840	-0.0	0.033	0.042	0.009	1.0
2way	6	1.826	0.503			AT5G56930	-0.0	0.005	0.0	-0.005	1.0
2way	6	1.826	0.503			AT5G58620	-0.0	0.0	0.0	0.0	1.0
2way	6	1.826	0.503			AT5G61270	-0.0	0.002	0.003	0.002	1.0
2way	6	1.826	0.503			AT5G61600	-0.0	0.02	0.015	-0.005	1.0
2way	6	1.826	0.503			AT5G65130	-0.0	0.031	0.027	-0.004	1.0
2way	6	1.826	0.503			AT5G65210	-0.0	0.062	0.067	0.005	1.0
2way	6	1.826	0.503			AT5G67000	-0.0	0.0	0.005	0.005	1.0
2way	6	1.826	0.503			AT5G67300	-0.0	0.0	0.001	0.001	1.0
path	0	0.0	1.065	0.0	1.065	AT2G35530	139.87	148.0	8.13	35.12	1.25e-06
path	0	0.0	1.065	0.0	1.065	AT3G10580	93.87	99.0	5.13	27.88	3.59e-06
path	0	0.0	1.065	0.0	1.065	AT2G04038	123.82	131.0	7.18	31.35	5.37e-06
path	0	0.0	1.065	0.0	1.065	AT1G32150	134.01	142.0	7.99	31.19	1.31e-05
path	0	0.0	1.065	0.0	1.065	AT5G56840	114.36	121.0	6.64	28.8	1.56e-05
path	0	0.0	1.065	0.0	1.065	AT1G01060	93.73	99.0	5.27	25.81	2.07e-05
path	0	0.0	1.065	0.0	1.065	AT5G08520	111.5	118.0	6.5	27.86	2.41e-05
path	0	0.0	1.065	0.0	1.065	AT1G78700	109.62	116.0	6.38	27.52	2.64e-05
path	0	0.0	1.065	0.0	1.065	AT4G36780	110.53	117.0	6.47	27.28	3.38e-05
path	0	0.0	1.065	0.0	1.065	AT3G09600	95.52	101.0	5.48	24.92	4.98e-05
path	0	0.0	1.065	0.0	1.065	AT3G62420	134.78	143.0	8.22	28.88	6e-05
path	0	0.0	1.065	0.0	1.065	AT5G15830	130.1	138.0	7.9	28.43	6.07e-05
path	0	0.0	1.065	0.0	1.065	AT5G29000	76.74	81.0	4.26	21.87	7.3e-05
path	0	0.0	1.065	0.0	1.065	AT1G73730	12.58	13.0	0.42	7.21	8.29e-05
path	0	0.0	1.065	0.0	1.065	AT5G11260	120.7	128.0	7.3	26.7	0.000101
path	0	0.0	1.065	0.0	1.065	AT2G18160	118.76	126.0	7.24	25.53	0.000184
path	0	0.0	1.065	0.0	1.065	AT3G56850	130.9	139.0	8.1	26.53	0.000194
path	0	0.0	1.065	0.0	1.065	AT1G74840	85.99	91.0	5.01	21.54	0.000245
path	0	0.0	1.065	0.0	1.065	AT1G30490	65.36	69.0	3.64	18.56	0.000286
path	0	0.0	1.065	0.0	1.065	AT3G10113	73.8	78.0	4.2	19.7	0.000297
path	0	0.0	1.065	0.0	1.065	AT3G01220	72.83	77.0	4.17	19.11	0.000419
path	0	0.0	1.065	0.0	1.065	AT5G56110	101.83	108.0	6.17	22.41	0.000439
path	0	0.0	1.065	0.0	1.065	AT1G49010	97.13	103.0	5.87	21.55	0.000554
path	0	0.0	1.065	0.0	1.065	AT5G54230	85.9	91.0	5.1	20.3	0.000564
path	0	0.0	1.065	0.0	1.065	AT5G52660	78.38	83.0	4.62	18.91	0.000788
path	0	0.0	1.065	0.0	1.065	AT2G36270	127.9	136.0	8.1	23.53	0.000841
path	0	0.0	1.065	0.0	1.065	AT5G02840	44.62	47.0	2.38	13.92	0.000932
path	0	0.0	1.065	0.0	1.065	AT5G58900	83.96	89.0	5.04	19.12	0.00104
path	0	0.0	1.065	0.0	1.065	AT1G13300	15.37	16.0	0.63	7.32	0.00119
path	0	0.0	1.065	0.0	1.065	AT5G10030	112.91	120.0	7.09	21.59	0.00123
path	0	0.0	1.065	0.0	1.065	AT5G61620	104.5	111.0	6.5	20.86	0.00123
path	0	0.0	1.065	0.0	1.065	AT5G65310	94.22	100.0	5.78	19.79	0.00131
path	0	0.0	1.065	0.0	1.065	AT4G05100	44.59	47.0	2.41	13.51	0.00136
path	0	0.0	1.065	0.0	1.065	AT1G18330	70.83	75.0	4.17	17.11	0.00143
path	0	0.0	1.065	0.0	1.065	AT2G20400	68.95	73.0	4.05	16.77	0.00155
path	0	0.0	1.065	0.0	1.065	AT5G47390	89.52	95.0	5.48	18.92	0.00165
path	0	0.0	1.065	0.0	1.065	AT5G05790	55.81	59.0	3.19	14.76	0.00193
path	0	0.0	1.065	0.0	1.065	AT1G69010	101.62	108.0	6.38	19.52	0.00218
path	0	0.0	1.065	0.0	1.065	AT3G23250	14.4	15.0	0.6	6.73	0.00225
path	0	0.0	1.065	0.0	1.065	AT5G45580	94.13	100.0	5.87	18.55	0.00256
path	0	0.0	1.065	0.0	1.065	AT1G45249	77.29	82.0	4.71	16.67	0.00294
path	0	0.0	1.065	0.0	1.065	AT3G30210	32.3	34.0	1.7	10.43	0.00342
path	0	0.0	1.065	0.0	1.065	AT1G18570	18.17	19.0	0.83	7.42	0.00385
path	0	0.0	1.065	0.0	1.065	AT2G46680	57.6	61.0	3.4	13.86	0.00424
path	0	0.0	1.065	0.0	1.065	AT2G03500	68.83	73.0	4.17	15.11	0.00433
path	0	0.0	1.065	0.0	1.065	AT1G69780	66.95	71.0	4.05	14.77	0.00471
path	0	0.0	1.065	0.0	1.065	AT3G61250	23.81	25.0	1.19	8.46	0.00506
path	0	0.0	1.065	0.0	1.065	AT1G34670	75.35	80.0	4.65	15.5	0.00508
path	0	0.0	1.065	0.0	1.065	AT3G26790	30.39	32.0	1.61	9.67	0.00518
path	0	0.0	1.065	0.0	1.065	AT3G11280	41.65	44.0	2.35	11.34	0.00573
path	0	0.0	1.065	0.0	1.065	AT5G17300	93.07	99.0	5.93	16.72	0.0061
path	0	0.0	1.065	0.0	1.065	AT5G66700	96.8	103.0	6.2	17.0	0.00615
path	0	0.0	1.065	0.0	1.065	AT4G01280	84.67	90.0	5.33	15.99	0.00617
path	0	0.0	1.065	0.0	1.065	AT1G52150	55.66	59.0	3.34	12.69	0.00772
path	0	0.0	1.065	0.0	1.065	AT3G12820	27.54	29.0	1.46	8.74	0.0079
path	0	0.0	1.065	0.0	1.065	AT4G18890	22.84	24.0	1.16	7.87	0.00793
path	0	0.0	1.065	0.0	1.065	AT1G19000	96.74	103.0	6.26	16.17	0.00891
path	0	0.0	1.065	0.0	1.065	AT5G14340	9.61	10.0	0.39	4.62	0.00996
path	0	0.0	1.065	0.0	1.065	AT1G68320	64.98	69.0	4.02	13.18	0.01
path	0	0.0	1.065	0.0	1.065	AT3G28910	32.21	34.0	1.79	9.19	0.01
path	0	0.0	1.065	0.0	1.065	AT3G02940	84.58	90.0	5.42	14.75	0.011
path	0	0.0	1.065	0.0	1.065	AT3G10800	59.36	63.0	3.64	12.56	0.011
path	0	0.0	1.065	0.0	1.065	AT4G34590	40.65	43.0	2.35	10.34	0.011
path	0	0.0	1.065	0.0	1.065	AT5G06950	84.58	90.0	5.42	14.75	0.011
path	0	0.0	1.065	0.0	1.065	AT3G01530	75.23	80.0	4.77	13.84	0.012
path	0	0.0	1.065	0.0	1.065	AT3G06490	36.88	39.0	2.12	9.64	0.012
path	0	0.0	1.065	0.0	1.065	AT5G10280	21.87	23.0	1.13	7.29	0.012
path	0	0.0	1.065	0.0	1.065	AT1G68670	35.94	38.0	2.06	9.47	0.013
path	0	0.0	1.065	0.0	1.065	AT2G44840	84.55	90.0	5.45	14.33	0.013
path	0	0.0	1.065	0.0	1.065	AT3G12250	106.94	114.0	7.06	16.01	0.013
path	0	0.0	1.065	0.0	1.065	AT3G15270	99.47	106.0	6.53	15.45	0.013
path	0	0.0	1.065	0.0	1.065	AT3G12730	67.74	72.0	4.26	12.87	0.014
path	0	0.0	1.065	0.0	1.065	AT1G75390	30.3	32.0	1.7	8.43	0.015
path	0	0.0	1.065	0.0	1.065	AT4G36740	74.26	79.0	4.74	13.26	0.015
path	0	0.0	1.065	0.0	1.065	AT5G13790	30.3	32.0	1.7	8.43	0.015
path	0	0.0	1.065	0.0	1.065	AT2G28920	29.36	31.0	1.64	8.26	0.016
path	0	0.0	1.065	0.0	1.065	AT1G70920	52.75	56.0	3.25	10.93	0.018
path	0	0.0	1.065	0.0	1.065	AT4G17785	19.96	21.0	1.04	6.53	0.019
path	0	0.0	1.065	0.0	1.065	AT1G20980	44.32	47.0	2.68	9.79	0.021
path	0	0.0	1.065	0.0	1.065	AT4G01680	62.07	66.0	3.93	11.42	0.022
path	0	0.0	1.065	0.0	1.065	AT5G65210	88.19	94.0	5.81	13.37	0.022
path	0	0.0	1.065	0.0	1.065	AT3G61150	68.59	73.0	4.41	11.81	0.024
path	0	0.0	1.065	0.0	1.065	AT3G53200	70.44	75.0	4.56	11.74	0.026
path	0	0.0	1.065	0.0	1.065	AT4G37180	74.17	79.0	4.83	12.02	0.026
path	0	0.0	1.065	0.0	1.065	AT5G06839	88.16	94.0	5.84	12.96	0.026
path	0	0.0	1.065	0.0	1.065	AT5G45300	58.31	62.0	3.69	10.73	0.026
path	0	0.0	1.065	0.0	1.065	AT1G08320	100.27	107.0	6.73	13.55	0.028
path	0	0.0	1.065	0.0	1.065	AT4G01500	19.93	21.0	1.07	6.11	0.028
path	0	0.0	1.065	0.0	1.065	AT5G61600	30.24	32.0	1.76	7.6	0.028
path	0	0.0	1.065	0.0	1.065	AT1G63030	15.23	16.0	0.77	5.25	0.029
path	0	0.0	1.065	0.0	1.065	AT3G23220	33.97	36.0	2.03	7.88	0.032
path	0	0.0	1.065	0.0	1.065	AT1G04880	33.03	35.0	1.97	7.71	0.033
path	0	0.0	1.065	0.0	1.065	AT1G09540	72.26	77.0	4.74	11.26	0.033
path	0	0.0	1.065	0.0	1.065	AT1G52880	82.52	88.0	5.48	11.92	0.034
path	0	0.0	1.065	0.0	1.065	AT4G26030	61.98	66.0	4.02	10.18	0.038
path	0	0.0	1.065	0.0	1.065	AT3G23210	20.84	22.0	1.16	5.87	0.039
path	0	0.0	1.065	0.0	1.065	AT1G69180	64.77	69.0	4.23	10.29	0.04
path	0	0.0	1.065	0.0	1.065	AT4G38620	10.49	11.0	0.51	3.97	0.044
path	0	0.0	1.065	0.0	1.065	AT4G00250	69.41	74.0	4.59	10.32	0.045
path	0	0.0	1.065	0.0	1.065	AT1G79180	36.74	39.0	2.26	7.58	0.046
path	0	0.0	1.065	0.0	1.065	AT3G24120	91.74	98.0	6.26	11.17	0.053
path	0	0.0	1.065	0.0	1.065	AT5G62320	54.45	58.0	3.55	8.8	0.054
path	0	0.0	1.065	0.0	1.065	AT5G03790	74.96	80.0	5.04	10.12	0.055
path	0	0.0	1.065	0.0	1.065	AT5G62470	32.03	34.0	1.97	6.71	0.057
path	0	0.0	1.065	0.0	1.065	AT5G08130	18.93	20.0	1.07	5.11	0.058
path	0	0.0	1.065	0.0	1.065	AT2G02540	76.82	82.0	5.18	10.06	0.059
path	0	0.0	1.065	0.0	1.065	AT3G04030	78.67	84.0	5.33	9.99	0.062
path	0	0.0	1.065	0.0	1.065	AT2G45680	15.17	16.0	0.83	4.42	0.065
path	0	0.0	1.065	0.0	1.065	AT3G61120	6.7	7.0	0.3	2.87	0.065
path	0	0.0	1.065	0.0	1.065	AT2G31230	82.37	88.0	5.63	9.85	0.069
path	0	0.0	1.065	0.0	1.065	AT2G45650	12.34	13.0	0.66	3.9	0.07
path	0	0.0	1.065	0.0	1.065	AT1G25340	55.34	59.0	3.66	8.14	0.072
path	0	0.0	1.065	0.0	1.065	AT1G69490	76.76	82.0	5.24	9.23	0.077
path	0	0.0	1.065	0.0	1.065	AT1G16490	63.71	68.0	4.29	8.46	0.078
path	0	0.0	1.065	0.0	1.065	AT5G62000	48.78	52.0	3.22	7.34	0.083
path	0	0.0	1.065	0.0	1.065	AT1G76110	32.91	35.0	2.09	6.06	0.084
path	0	0.0	1.065	0.0	1.065	AT1G32240	17.02	18.0	0.98	4.36	0.085
path	0	0.0	1.065	0.0	1.065	AT5G08330	44.11	47.0	2.89	6.89	0.087
path	0	0.0	1.065	0.0	1.065	AT5G67450	16.08	17.0	0.92	4.18	0.088
path	0	0.0	1.065	0.0	1.065	AT2G38340	86.95	93.0	6.05	9.06	0.094
path	0	0.0	1.065	0.0	1.065	AT4G14410	3.85	4.0	0.15	1.93	0.097
path	0	0.0	1.065	0.0	1.065	AT1G72010	41.29	44.0	2.71	6.37	0.099
path	0	0.0	1.065	0.0	1.065	AT1G06850	54.34	58.0	3.66	7.14	0.102
path	0	0.0	1.065	0.0	1.065	AT4G25480	95.3	102.0	6.7	8.97	0.106
path	0	0.0	1.065	0.0	1.065	AT3G12720	58.98	63.0	4.02	7.18	0.11
path	0	0.0	1.065	0.0	1.065	AT4G27950	45.93	49.0	3.07	6.41	0.11
path	0	0.0	1.065	0.0	1.065	AT1G14687	71.08	76.0	4.92	7.78	0.111
path	0	0.0	1.065	0.0	1.065	AT5G47220	38.47	41.0	2.53	5.85	0.112
path	0	0.0	1.065	0.0	1.065	AT5G06960	48.72	52.0	3.28	6.52	0.113
path	0	0.0	1.065	0.0	1.065	AT3G18400	81.31	87.0	5.69	8.03	0.117
path	0	0.0	1.065	0.0	1.065	AT1G51220	49.63	53.0	3.37	6.28	0.125
path	0	0.0	1.065	0.0	1.065	AT4G25470	79.43	85.0	5.57	7.68	0.126
path	0	0.0	1.065	0.0	1.065	AT5G46590	24.45	26.0	1.55	4.5	0.126
path	0	0.0	1.065	0.0	1.065	AT5G47370	76.64	82.0	5.36	7.57	0.126
path	0	0.0	1.065	0.0	1.065	AT1G06180	35.65	38.0	2.35	5.34	0.128
path	0	0.0	1.065	0.0	1.065	AT2G22430	54.28	58.0	3.72	6.32	0.134
path	0	0.0	1.065	0.0	1.065	AT4G18450	13.23	14.0	0.77	3.25	0.135
path	0	0.0	1.065	0.0	1.065	AT3G57920	57.07	61.0	3.93	6.42	0.136
path	0	0.0	1.065	0.0	1.065	AT1G31140	56.13	60.0	3.87	6.25	0.141
path	0	0.0	1.065	0.0	1.065	AT3G08500	52.39	56.0	3.61	5.97	0.146
path	0	0.0	1.065	0.0	1.065	AT1G36060	45.87	49.0	3.13	5.59	0.148
path	0	0.0	1.065	0.0	1.065	AT1G19210	106.34	114.0	7.66	7.74	0.155
path	0	0.0	1.065	0.0	1.065	AT1G75080	19.75	21.0	1.25	3.63	0.159
path	0	0.0	1.065	0.0	1.065	AT3G01470	19.75	21.0	1.25	3.63	0.159
path	0	0.0	1.065	0.0	1.065	AT3G27010	19.75	21.0	1.25	3.63	0.159
path	0	0.0	1.065	0.0	1.065	AT1G53230	15.08	16.0	0.92	3.18	0.161
path	0	0.0	1.065	0.0	1.065	AT2G47070	61.68	66.0	4.32	6.05	0.162
path	0	0.0	1.065	0.0	1.065	AT3G23240	52.36	56.0	3.64	5.56	0.165
path	0	0.0	1.065	0.0	1.065	AT3G30530	8.52	9.0	0.48	2.38	0.168
path	0	0.0	1.065	0.0	1.065	AT1G18960	1.94	2.0	0.06	1.17	0.171
path	0	0.0	1.065	0.0	1.065	AT3G47620	1.94	2.0	0.06	1.17	0.171
path	0	0.0	1.065	0.0	1.065	AT5G48670	1.94	2.0	0.06	1.17	0.171
path	0	0.0	1.065	0.0	1.065	AT3G11020	50.48	54.0	3.52	5.21	0.179
path	0	0.0	1.065	0.0	1.065	AT5G52170	6.64	7.0	0.36	2.04	0.182
path	0	0.0	1.065	0.0	1.065	AT5G23930	85.83	92.0	6.17	6.41	0.183
path	0	0.0	1.065	0.0	1.065	AT5G51990	85.83	92.0	6.17	6.41	0.183
path	0	0.0	1.065	0.0	1.065	AT2G38300	12.26	13.0	0.74	2.66	0.187
path	0	0.0	1.065	0.0	1.065	AT4G25490	87.68	94.0	6.32	6.34	0.188
path	0	0.0	1.065	0.0	1.065	AT2G38090	2.88	3.0	0.12	1.35	0.195
path	0	0.0	1.065	0.0	1.065	AT4G30080	4.76	5.0	0.24	1.69	0.195
path	0	0.0	1.065	0.0	1.065	AT4G37790	2.88	3.0	0.12	1.35	0.195
path	0	0.0	1.065	0.0	1.065	AT5G16600	2.88	3.0	0.12	1.35	0.195
path	0	0.0	1.065	0.0	1.065	AT1G75490	47.66	51.0	3.34	4.69	0.201
path	0	0.0	1.065	0.0	1.065	AT2G01060	47.66	51.0	3.34	4.69	0.201
path	0	0.0	1.065	0.0	1.065	AT3G60490	58.83	63.0	4.17	5.11	0.202
path	0	0.0	1.065	0.0	1.065	AT5G66300	35.56	38.0	2.44	4.1	0.203
path	0	0.0	1.065	0.0	1.065	AT5G07680	15.05	16.0	0.95	2.77	0.204
path	0	0.0	1.065	0.0	1.065	AT3G50260	108.1	116.0	7.9	6.43	0.206
path	0	0.0	1.065	0.0	1.065	AT2G42200	70.9	76.0	5.1	5.3	0.213
path	0	0.0	1.065	0.0	1.065	AT5G50570	17.84	19.0	1.16	2.87	0.216
path	0	0.0	1.065	0.0	1.065	AT3G47600	9.43	10.0	0.57	2.14	0.219
path	0	0.0	1.065	0.0	1.065	AT5G47230	20.63	22.0	1.37	2.98	0.224
path	0	0.0	1.065	0.0	1.065	AT2G42590	13.17	14.0	0.83	2.42	0.227
path	0	0.0	1.065	0.0	1.065	AT5G13910	13.17	14.0	0.83	2.42	0.227
path	0	0.0	1.065	0.0	1.065	AT5G18560	49.48	53.0	3.52	4.21	0.234
path	0	0.0	1.065	0.0	1.065	AT5G13180	68.08	73.0	4.92	4.78	0.235
path	0	0.0	1.065	0.0	1.065	AT1G34180	67.14	72.0	4.86	4.6	0.243
path	0	0.0	1.065	0.0	1.065	AT5G04390	40.17	43.0	2.83	3.72	0.243
path	0	0.0	1.065	0.0	1.065	AT1G64620	82.01	88.0	5.99	4.89	0.248
path	0	0.0	1.065	0.0	1.065	AT1G12610	42.02	45.0	2.98	3.65	0.252
path	0	0.0	1.065	0.0	1.065	AT3G20310	108.95	117.0	8.05	5.36	0.252
path	0	0.0	1.065	0.0	1.065	AT1G50640	81.07	87.0	5.93	4.72	0.256
path	0	0.0	1.065	0.0	1.065	AT2G46770	61.53	66.0	4.47	3.98	0.27
path	0	0.0	1.065	0.0	1.065	AT1G25550	42.93	46.0	3.07	3.41	0.272
path	0	0.0	1.065	0.0	1.065	AT3G03200	63.38	68.0	4.62	3.91	0.277
path	0	0.0	1.065	0.0	1.065	AT5G18270	69.87	75.0	5.13	3.88	0.287
path	0	0.0	1.065	0.0	1.065	AT1G27730	41.05	44.0	2.95	3.07	0.292
path	0	0.0	1.065	0.0	1.065	AT1G43700	18.72	20.0	1.28	2.22	0.292
path	0	0.0	1.065	0.0	1.065	AT1G33240	70.79	76.0	5.21	3.64	0.302
path	0	0.0	1.065	0.0	1.065	AT5G39820	17.78	19.0	1.22	2.05	0.307
path	0	0.0	1.065	0.0	1.065	AT3G17730	62.41	67.0	4.59	3.32	0.311
path	0	0.0	1.065	0.0	1.065	AT2G40260	59.62	64.0	4.38	3.22	0.314
path	0	0.0	1.065	0.0	1.065	AT2G17900	3.79	4.0	0.21	1.11	0.316
path	0	0.0	1.065	0.0	1.065	AT4G28110	3.79	4.0	0.21	1.11	0.316
path	0	0.0	1.065	0.0	1.065	AT3G20840	7.52	8.0	0.48	1.38	0.322
path	0	0.0	1.065	0.0	1.065	AT1G34190	66.11	71.0	4.89	3.19	0.324
path	0	0.0	1.065	0.0	1.065	AT1G69690	19.63	21.0	1.37	1.98	0.324
path	0	0.0	1.065	0.0	1.065	AT4G10350	58.68	63.0	4.32	3.05	0.324
path	0	0.0	1.065	0.0	1.065	AT2G24430	75.4	81.0	5.6	3.27	0.329
path	0	0.0	1.065	0.0	1.065	AT3G28920	80.04	86.0	5.96	3.3	0.331
path	0	0.0	1.065	0.0	1.065	AT2G22540	77.25	83.0	5.75	3.2	0.335
path	0	0.0	1.065	0.0	1.065	AT4G38170	79.1	85.0	5.9	3.13	0.34
path	0	0.0	1.065	0.0	1.065	AT5G22890	2.85	3.0	0.15	0.93	0.341
path	0	0.0	1.065	0.0	1.065	AT5G38860	2.85	3.0	0.15	0.93	0.341
path	0	0.0	1.065	0.0	1.065	AT1G24250	31.71	34.0	2.29	2.16	0.344
path	0	0.0	1.065	0.0	1.065	AT2G06200	31.71	34.0	2.29	2.16	0.344
path	0	0.0	1.065	0.0	1.065	AT4G06746	36.35	39.0	2.65	2.2	0.351
path	0	0.0	1.065	0.0	1.065	AT3G25990	25.18	27.0	1.82	1.78	0.365
path	0	0.0	1.065	0.0	1.065	AT5G53950	32.62	35.0	2.38	1.92	0.368
path	0	0.0	1.065	0.0	1.065	AT5G62380	59.56	64.0	4.44	2.39	0.368
path	0	0.0	1.065	0.0	1.065	AT1G74650	66.05	71.0	4.95	2.36	0.376
path	0	0.0	1.065	0.0	1.065	AT3G13350	8.43	9.0	0.57	1.14	0.377
path	0	0.0	1.065	0.0	1.065	AT3G13810	46.54	50.0	3.46	2.04	0.38
path	0	0.0	1.065	0.0	1.065	AT3G10480	62.32	67.0	4.68	2.08	0.391
path	0	0.0	1.065	0.0	1.065	AT1G01720	76.25	82.0	5.75	2.2	0.393
path	0	0.0	1.065	0.0	1.065	AT3G44480	64.17	69.0	4.83	2.02	0.397
path	0	0.0	1.065	0.0	1.065	AT3G45150	13.08	14.0	0.92	1.18	0.397
path	0	0.0	1.065	0.0	1.065	AT4G00730	61.38	66.0	4.62	1.91	0.402
path	0	0.0	1.065	0.0	1.065	AT1G76890	70.67	76.0	5.33	1.99	0.403
path	0	0.0	1.065	0.0	1.065	AT1G03800	97.58	105.0	7.42	2.04	0.412
path	0	0.0	1.065	0.0	1.065	AT1G13400	14.93	16.0	1.07	1.11	0.413
path	0	0.0	1.065	0.0	1.065	AT1G66420	0.97	1.0	0.03	0.59	0.413
path	0	0.0	1.065	0.0	1.065	AT4G12670	0.97	1.0	0.03	0.59	0.413
path	0	0.0	1.065	0.0	1.065	AT5G38800	0.97	1.0	0.03	0.59	0.413
path	0	0.0	1.065	0.0	1.065	AT1G71450	115.21	124.0	8.79	2.02	0.419
path	0	0.0	1.065	0.0	1.065	AT2G30340	57.65	62.0	4.35	1.63	0.419
path	0	0.0	1.065	0.0	1.065	AT2G42430	64.14	69.0	4.86	1.6	0.425
path	0	0.0	1.065	0.0	1.065	AT3G45610	75.28	81.0	5.72	1.61	0.429
path	0	0.0	1.065	0.0	1.065	AT5G60850	79.92	86.0	6.08	1.65	0.429
path	0	0.0	1.065	0.0	1.065	AT2G33550	30.71	33.0	2.29	1.16	0.435
path	0	0.0	1.065	0.0	1.065	AT4G17460	3.76	4.0	0.24	0.69	0.437
path	0	0.0	1.065	0.0	1.065	AT5G03150	25.12	27.0	1.88	0.95	0.45
path	0	0.0	1.065	0.0	1.065	AT3G15170	34.41	37.0	2.59	1.03	0.451
path	0	0.0	1.065	0.0	1.065	AT4G17980	68.76	74.0	5.24	1.23	0.451
path	0	0.0	1.065	0.0	1.065	AT3G57230	8.4	9.0	0.6	0.73	0.453
path	0	0.0	1.065	0.0	1.065	AT4G24020	8.4	9.0	0.6	0.73	0.453
path	0	0.0	1.065	0.0	1.065	AT3G52440	79.89	86.0	6.11	1.24	0.454
path	0	0.0	1.065	0.0	1.065	AT1G79580	69.67	75.0	5.33	0.99	0.467
path	0	0.0	1.065	0.0	1.065	AT4G24470	19.54	21.0	1.46	0.74	0.469
path	0	0.0	1.065	0.0	1.065	AT5G39610	60.38	65.0	4.62	0.91	0.47
path	0	0.0	1.065	0.0	1.065	AT5G18450	46.45	50.0	3.55	0.8	0.475
path	0	0.0	1.065	0.0	1.065	AT2G18350	64.08	69.0	4.92	0.78	0.48
path	0	0.0	1.065	0.0	1.065	AT4G36160	86.36	93.0	6.64	0.8	0.481
path	0	0.0	1.065	0.0	1.065	AT1G72360	7.46	8.0	0.54	0.56	0.483
path	0	0.0	1.065	0.0	1.065	AT5G10140	7.46	8.0	0.54	0.56	0.483
path	0	0.0	1.065	0.0	1.065	AT1G54330	56.65	61.0	4.35	0.63	0.489
path	0	0.0	1.065	0.0	1.065	AT5G44210	40.87	44.0	3.13	0.59	0.491
path	0	0.0	1.065	0.0	1.065	AT2G44940	58.5	63.0	4.5	0.57	0.494
path	0	0.0	1.065	0.0	1.065	AT3G06740	36.23	39.0	2.77	0.55	0.494
path	0	0.0	1.065	0.0	1.065	AT1G55110	53.86	58.0	4.14	0.53	0.496
path	0	0.0	1.065	0.0	1.065	AT1G22810	66.85	72.0	5.15	0.47	0.501
path	0	0.0	1.065	0.0	1.065	AT3G48160	4.67	5.0	0.33	0.45	0.504
path	0	0.0	1.065	0.0	1.065	AT1G22070	11.17	12.0	0.83	0.42	0.508
path	0	0.0	1.065	0.0	1.065	AT3G24520	64.05	69.0	4.95	0.36	0.508
path	0	0.0	1.065	0.0	1.065	AT1G13260	24.15	26.0	1.85	0.36	0.511
path	0	0.0	1.065	0.0	1.065	AT1G65910	58.47	63.0	4.53	0.15	0.523
path	0	0.0	1.065	0.0	1.065	AT5G04410	60.32	65.0	4.68	0.08	0.527
path	0	0.0	1.065	0.0	1.065	AT2G32460	54.74	59.0	4.26	-0.13	0.543
path	0	0.0	1.065	0.0	1.065	AT4G38000	82.56	89.0	6.44	-0.31	0.547
path	0	0.0	1.065	0.0	1.065	AT1G32510	1.88	2.0	0.12	0.35	0.548
path	0	0.0	1.065	0.0	1.065	AT2G38880	1.88	2.0	0.12	0.35	0.548
path	0	0.0	1.065	0.0	1.065	AT5G25475	1.88	2.0	0.12	0.35	0.548
path	0	0.0	1.065	0.0	1.065	AT5G42820	1.88	2.0	0.12	0.35	0.548
path	0	0.0	1.065	0.0	1.065	AT1G47655	51.95	56.0	4.05	-0.23	0.552
path	0	0.0	1.065	0.0	1.065	AT5G61270	5.58	6.0	0.42	0.21	0.556
path	0	0.0	1.065	0.0	1.065	AT1G75240	72.34	78.0	5.66	-0.56	0.565
path	0	0.0	1.065	0.0	1.065	AT1G12260	52.86	57.0	4.14	-0.47	0.568
path	0	0.0	1.065	0.0	1.065	AT2G02070	48.22	52.0	3.78	-0.51	0.574
path	0	0.0	1.065	0.0	1.065	AT5G60130	48.22	52.0	3.78	-0.51	0.574
path	0	0.0	1.065	0.0	1.065	AT1G03840	43.57	47.0	3.43	-0.55	0.58
path	0	0.0	1.065	0.0	1.065	AT2G45420	75.1	81.0	5.9	-0.87	0.583
path	0	0.0	1.065	0.0	1.065	AT1G19790	28.74	31.0	2.26	-0.42	0.585
path	0	0.0	1.065	0.0	1.065	AT5G65410	70.46	76.0	5.54	-0.91	0.588
path	0	0.0	1.065	0.0	1.065	AT3G21175	24.09	26.0	1.91	-0.46	0.596
path	0	0.0	1.065	0.0	1.065	AT5G02460	84.36	91.0	6.64	-1.2	0.599
path	0	0.0	1.065	0.0	1.065	AT2G17950	12.05	13.0	0.95	-0.23	0.601
path	0	0.0	1.065	0.0	1.065	AT4G16750	88.06	95.0	6.94	-1.34	0.605
path	0	0.0	1.065	0.0	1.065	AT2G26960	41.69	45.0	3.31	-0.9	0.609
path	0	0.0	1.065	0.0	1.065	AT3G13040	2.79	3.0	0.21	0.11	0.609
path	0	0.0	1.065	0.0	1.065	AT5G18090	2.79	3.0	0.21	0.11	0.609
path	0	0.0	1.065	0.0	1.065	AT5G40330	2.79	3.0	0.21	0.11	0.609
path	0	0.0	1.065	0.0	1.065	AT3G11440	68.58	74.0	5.42	-1.25	0.61
path	0	0.0	1.065	0.0	1.065	AT2G43000	86.18	93.0	6.82	-1.69	0.625
path	0	0.0	1.065	0.0	1.065	AT2G23340	71.34	77.0	5.66	-1.56	0.627
path	0	0.0	1.065	0.0	1.065	AT2G24570	7.4	8.0	0.6	-0.27	0.633
path	0	0.0	1.065	0.0	1.065	AT3G02990	7.4	8.0	0.6	-0.27	0.633
path	0	0.0	1.065	0.0	1.065	AT3G51470	5.55	6.0	0.45	-0.2	0.639
path	0	0.0	1.065	0.0	1.065	AT2G01940	57.41	62.0	4.59	-1.68	0.646
path	0	0.0	1.065	0.0	1.065	AT5G63260	69.46	75.0	5.54	-1.91	0.649
path	0	0.0	1.065	0.0	1.065	AT5G65130	37.02	40.0	2.98	-1.35	0.65
path	0	0.0	1.065	0.0	1.065	AT1G69570	73.16	79.0	5.84	-2.04	0.653
path	0	0.0	1.065	0.0	1.065	AT1G34370	13.87	15.0	1.13	-0.71	0.654
path	0	0.0	1.065	0.0	1.065	AT5G22500	21.27	23.0	1.73	-0.98	0.654
path	0	0.0	1.065	0.0	1.065	AT5G59990	13.87	15.0	1.13	-0.71	0.654
path	0	0.0	1.065	0.0	1.065	AT3G16280	54.62	59.0	4.38	-1.78	0.655
path	0	0.0	1.065	0.0	1.065	AT1G63040	0.94	1.0	0.06	0.17	0.656
path	0	0.0	1.065	0.0	1.065	AT2G48100	0.94	1.0	0.06	0.17	0.656
path	0	0.0	1.065	0.0	1.065	AT3G49930	0.94	1.0	0.06	0.17	0.656
path	0	0.0	1.065	0.0	1.065	AT2G02080	66.67	72.0	5.33	-2.01	0.657
path	0	0.0	1.065	0.0	1.065	AT3G60580	29.59	32.0	2.41	-1.49	0.676
path	0	0.0	1.065	0.0	1.065	AT3G04060	56.44	61.0	4.56	-2.26	0.683
path	0	0.0	1.065	0.0	1.065	AT1G49560	58.29	63.0	4.71	-2.33	0.685
path	0	0.0	1.065	0.0	1.065	AT3G09230	1.85	2.0	0.15	-0.07	0.686
path	0	0.0	1.065	0.0	1.065	AT5G56930	1.85	2.0	0.15	-0.07	0.686
path	0	0.0	1.065	0.0	1.065	AT5G62165	1.85	2.0	0.15	-0.07	0.686
path	0	0.0	1.065	0.0	1.065	AT3G51080	7.37	8.0	0.63	-0.68	0.697
path	0	0.0	1.065	0.0	1.065	AT2G35700	72.16	78.0	5.84	-3.04	0.709
path	0	0.0	1.065	0.0	1.065	AT5G67300	5.52	6.0	0.48	-0.62	0.711
path	0	0.0	1.065	0.0	1.065	AT2G33810	10.14	11.0	0.86	-0.99	0.712
path	0	0.0	1.065	0.0	1.065	AT1G76870	2.76	3.0	0.24	-0.31	0.713
path	0	0.0	1.065	0.0	1.065	AT1G28160	77.71	84.0	6.29	-3.24	0.714
path	0	0.0	1.065	0.0	1.065	AT5G25190	99.95	108.0	8.05	-3.64	0.715
path	0	0.0	1.065	0.0	1.065	AT1G68550	85.12	92.0	6.88	-3.51	0.721
path	0	0.0	1.065	0.0	1.065	AT2G46590	73.07	79.0	5.93	-3.28	0.721
path	0	0.0	1.065	0.0	1.065	AT1G76420	62.87	68.0	5.13	-3.12	0.724
path	0	0.0	1.065	0.0	1.065	AT3G04070	12.9	14.0	1.1	-1.3	0.726
path	0	0.0	1.065	0.0	1.065	AT5G63090	26.77	29.0	2.23	-2.01	0.726
path	0	0.0	1.065	0.0	1.065	AT5G66940	68.43	74.0	5.57	-3.32	0.728
path	0	0.0	1.065	0.0	1.065	AT5G66730	50.83	55.0	4.17	-2.89	0.729
path	0	0.0	1.065	0.0	1.065	AT3G50700	19.36	21.0	1.64	-1.74	0.733
path	0	0.0	1.065	0.0	1.065	AT5G10510	3.67	4.0	0.33	-0.55	0.736
path	0	0.0	1.065	0.0	1.065	AT1G51700	49.89	54.0	4.11	-3.06	0.741
path	0	0.0	1.065	0.0	1.065	AT3G09735	49.89	54.0	4.11	-3.06	0.741
path	0	0.0	1.065	0.0	1.065	AT1G44830	23.97	26.0	2.03	-2.12	0.744
path	0	0.0	1.065	0.0	1.065	AT2G41690	13.81	15.0	1.19	-1.54	0.745
path	0	0.0	1.065	0.0	1.065	AT3G47500	60.99	66.0	5.01	-3.46	0.745
path	0	0.0	1.065	0.0	1.065	AT1G14580	18.42	20.0	1.58	-1.91	0.752
path	0	0.0	1.065	0.0	1.065	AT3G26620	37.84	41.0	3.16	-2.83	0.752
path	0	0.0	1.065	0.0	1.065	AT5G47660	47.1	51.0	3.9	-3.17	0.752
path	0	0.0	1.065	0.0	1.065	AT3G10500	52.65	57.0	4.35	-3.37	0.753
path	0	0.0	1.065	0.0	1.065	AT5G44160	10.11	11.0	0.89	-1.4	0.76
path	0	0.0	1.065	0.0	1.065	AT1G12630	74.86	81.0	6.14	-4.18	0.762
path	0	0.0	1.065	0.0	1.065	AT1G77200	76.71	83.0	6.29	-4.24	0.763
path	0	0.0	1.065	0.0	1.065	AT1G20910	40.6	44.0	3.4	-3.14	0.764
path	0	0.0	1.065	0.0	1.065	AT3G18990	53.56	58.0	4.44	-3.61	0.764
path	0	0.0	1.065	0.0	1.065	AT3G22830	48.01	52.0	3.99	-3.41	0.764
path	0	0.0	1.065	0.0	1.065	AT5G16820	55.41	60.0	4.59	-3.68	0.765
path	0	0.0	1.065	0.0	1.065	AT5G64750	82.27	89.0	6.73	-4.45	0.767
path	0	0.0	1.065	0.0	1.065	AT5G67190	75.77	82.0	6.23	-4.42	0.772
path	0	0.0	1.065	0.0	1.065	AT5G25390	5.49	6.0	0.51	-1.03	0.773
path	0	0.0	1.065	0.0	1.065	AT2G18060	54.47	59.0	4.53	-3.85	0.775
path	0	0.0	1.065	0.0	1.065	AT1G46264	1.82	2.0	0.18	-0.48	0.788
path	0	0.0	1.065	0.0	1.065	AT3G46070	1.82	2.0	0.18	-0.48	0.788
path	0	0.0	1.065	0.0	1.065	AT4G38910	1.82	2.0	0.18	-0.48	0.788
path	0	0.0	1.065	0.0	1.065	AT1G66370	11.93	13.0	1.07	-1.89	0.792
path	0	0.0	1.065	0.0	1.065	AT1G30210	0.91	1.0	0.09	-0.24	0.799
path	0	0.0	1.065	0.0	1.065	AT1G74370	0.91	1.0	0.09	-0.24	0.799
path	0	0.0	1.065	0.0	1.065	AT1G23810	3.64	4.0	0.36	-0.96	0.803
path	0	0.0	1.065	0.0	1.065	AT2G23290	63.67	69.0	5.33	-5.01	0.815
path	0	0.0	1.065	0.0	1.065	AT5G62940	58.11	63.0	4.89	-4.81	0.815
path	0	0.0	1.065	0.0	1.065	AT1G26960	62.73	68.0	5.27	-5.19	0.823
path	0	0.0	1.065	0.0	1.065	AT4G37260	62.73	68.0	5.27	-5.19	0.823
path	0	0.0	1.065	0.0	1.065	AT4G31060	74.74	81.0	6.26	-5.83	0.832
path	0	0.0	1.065	0.0	1.065	AT5G06100	60.85	66.0	5.15	-5.53	0.84
path	0	0.0	1.065	0.0	1.065	AT2G45410	63.61	69.0	5.39	-5.84	0.847
path	0	0.0	1.065	0.0	1.065	AT3G50060	61.76	67.0	5.24	-5.77	0.848
path	0	0.0	1.065	0.0	1.065	AT2G02820	93.22	101.0	7.78	-6.92	0.849
path	0	0.0	1.065	0.0	1.065	AT4G32800	23.85	26.0	2.15	-3.77	0.853
path	0	0.0	1.065	0.0	1.065	AT1G21910	8.2	9.0	0.8	-2.16	0.854
path	0	0.0	1.065	0.0	1.065	AT1G27360	2.7	3.0	0.3	-1.13	0.854
path	0	0.0	1.065	0.0	1.065	AT1G76880	2.7	3.0	0.3	-1.13	0.854
path	0	0.0	1.065	0.0	1.065	AT2G46400	1.79	2.0	0.21	-0.89	0.859
path	0	0.0	1.065	0.0	1.065	AT3G22780	1.79	2.0	0.21	-0.89	0.859
path	0	0.0	1.065	0.0	1.065	AT3G21890	56.17	61.0	4.83	-5.98	0.864
path	0	0.0	1.065	0.0	1.065	AT3G55370	81.15	88.0	6.85	-7.1	0.867
path	0	0.0	1.065	0.0	1.065	AT2G28810	66.34	72.0	5.66	-6.56	0.868
path	0	0.0	1.065	0.0	1.065	AT2G17410	6.34	7.0	0.66	-2.1	0.872
path	0	0.0	1.065	0.0	1.065	AT2G33710	74.65	81.0	6.35	-7.07	0.874
path	0	0.0	1.065	0.0	1.065	AT3G15210	105.18	114.0	8.82	-8.39	0.881
path	0	0.0	1.065	0.0	1.065	AT2G39900	0.88	1.0	0.12	-0.65	0.882
path	0	0.0	1.065	0.0	1.065	AT2G01930	59.82	65.0	5.18	-6.94	0.89
path	0	0.0	1.065	0.0	1.065	AT1G06280	99.6	108.0	8.4	-8.6	0.891
path	0	0.0	1.065	0.0	1.065	AT4G27900	3.58	4.0	0.42	-1.79	0.896
path	0	0.0	1.065	0.0	1.065	AT1G72740	38.54	42.0	3.46	-5.96	0.899
path	0	0.0	1.065	0.0	1.065	AT5G67000	2.67	3.0	0.33	-1.55	0.899
path	0	0.0	1.065	0.0	1.065	AT1G32870	51.47	56.0	4.53	-6.85	0.9
path	0	0.0	1.065	0.0	1.065	AT3G12130	36.69	40.0	3.31	-5.9	0.901
path	0	0.0	1.065	0.0	1.065	AT5G14960	10.9	12.0	1.1	-3.3	0.902
path	0	0.0	1.065	0.0	1.065	AT1G28370	83.82	91.0	7.18	-8.65	0.906
path	0	0.0	1.065	0.0	1.065	AT5G43840	7.23	8.0	0.77	-2.75	0.906
path	0	0.0	1.065	0.0	1.065	AT1G10720	1.76	2.0	0.24	-1.31	0.908
path	0	0.0	1.065	0.0	1.065	AT5G22990	83.79	91.0	7.21	-9.06	0.915
path	0	0.0	1.065	0.0	1.065	AT2G21900	3.55	4.0	0.45	-2.2	0.926
path	0	0.0	1.065	0.0	1.065	AT1G65620	7.2	8.0	0.8	-3.16	0.928
path	0	0.0	1.065	0.0	1.065	AT2G41835	2.64	3.0	0.36	-1.96	0.931
path	0	0.0	1.065	0.0	1.065	AT1G74480	51.38	56.0	4.62	-8.09	0.932
path	0	0.0	1.065	0.0	1.065	AT3G50410	44.92	49.0	4.08	-7.65	0.932
path	0	0.0	1.065	0.0	1.065	AT5G17800	45.83	50.0	4.17	-7.89	0.936
path	0	0.0	1.065	0.0	1.065	AT4G36620	1.73	2.0	0.27	-1.72	0.94
path	0	0.0	1.065	0.0	1.065	AT5G65510	21.85	24.0	2.15	-5.77	0.94
path	0	0.0	1.065	0.0	1.065	AT1G53170	105.88	115.0	9.12	-11.52	0.943
path	0	0.0	1.065	0.0	1.065	AT3G57600	5.34	6.0	0.66	-3.1	0.945
path	0	0.0	1.065	0.0	1.065	AT4G04450	5.34	6.0	0.66	-3.1	0.945
path	0	0.0	1.065	0.0	1.065	AT3G49530	43.95	48.0	4.05	-8.23	0.946
path	0	0.0	1.065	0.0	1.065	AT3G58630	15.39	17.0	1.61	-5.33	0.952
path	0	0.0	1.065	0.0	1.065	AT1G51600	2.61	3.0	0.39	-2.38	0.953
path	0	0.0	1.065	0.0	1.065	AT2G20110	63.28	69.0	5.72	-10.39	0.958
path	0	0.0	1.065	0.0	1.065	AT1G77640	8.05	9.0	0.95	-4.23	0.96
path	0	0.0	1.065	0.0	1.065	AT3G12910	0.82	1.0	0.18	-1.48	0.96
path	0	0.0	1.065	0.0	1.065	AT5G08070	0.82	1.0	0.18	-1.48	0.96
path	0	0.0	1.065	0.0	1.065	AT1G69560	8.96	10.0	1.04	-4.47	0.961
path	0	0.0	1.065	0.0	1.065	AT3G45170	4.4	5.0	0.6	-3.27	0.961
path	0	0.0	1.065	0.0	1.065	AT3G46590	8.96	10.0	1.04	-4.47	0.961
path	0	0.0	1.065	0.0	1.065	AT3G02150	1.7	2.0	0.3	-2.13	0.962
path	0	0.0	1.065	0.0	1.065	AT2G01818	14.42	16.0	1.58	-5.91	0.968
path	0	0.0	1.065	0.0	1.065	AT5G07100	14.42	16.0	1.58	-5.91	0.968
path	0	0.0	1.065	0.0	1.065	AT3G24050	19.91	22.0	2.09	-6.94	0.97
path	0	0.0	1.065	0.0	1.065	AT5G05550	100.15	109.0	8.85	-13.8	0.972
path	0	0.0	1.065	0.0	1.065	AT5G67580	35.51	39.0	3.49	-9.38	0.975
path	0	0.0	1.065	0.0	1.065	AT5G42520	0.79	1.0	0.21	-1.89	0.976
path	0	0.0	1.065	0.0	1.065	AT1G01250	5.26	6.0	0.74	-4.34	0.979
path	0	0.0	1.065	0.0	1.065	AT4G01550	43.77	48.0	4.23	-10.71	0.979
path	0	0.0	1.065	0.0	1.065	AT4G11660	30.87	34.0	3.13	-9.41	0.98
path	0	0.0	1.065	0.0	1.065	AT2G15660	6.14	7.0	0.86	-4.99	0.984
path	0	0.0	1.065	0.0	1.065	AT4G34410	74.15	81.0	6.85	-14.1	0.984
path	0	0.0	1.065	0.0	1.065	AT3G03660	0.76	1.0	0.24	-2.31	0.986
path	0	0.0	1.065	0.0	1.065	AT3G07220	0.76	1.0	0.24	-2.31	0.986
path	0	0.0	1.065	0.0	1.065	AT2G30590	8.84	10.0	1.16	-6.13	0.987
path	0	0.0	1.065	0.0	1.065	AT4G28140	7.02	8.0	0.98	-5.64	0.988
path	0	0.0	1.065	0.0	1.065	AT2G15740	51.02	56.0	4.98	-13.05	0.989
path	0	0.0	1.065	0.0	1.065	AT5G24110	43.65	48.0	4.35	-12.37	0.989
path	0	0.0	1.065	0.0	1.065	AT5G46350	35.36	39.0	3.64	-11.44	0.99
path	0	0.0	1.065	0.0	1.065	AT1G02230	49.11	54.0	4.89	-13.81	0.993
path	0	0.0	1.065	0.0	1.065	AT3G60530	11.51	13.0	1.49	-7.67	0.993
path	0	0.0	1.065	0.0	1.065	AT4G01720	4.26	5.0	0.74	-5.34	0.994
path	0	0.0	1.065	0.0	1.065	AT1G29280	69.33	76.0	6.67	-16.62	0.995
path	0	0.0	1.065	0.0	1.065	AT4G28500	49.96	55.0	5.04	-14.88	0.995
path	0	0.0	1.065	0.0	1.065	AT4G31550	13.27	15.0	1.73	-8.98	0.996
path	0	0.0	1.065	0.0	1.065	AT2G18380	44.38	49.0	4.62	-15.09	0.997
path	0	0.0	1.065	0.0	1.065	AT3G10030	25.11	28.0	2.89	-12.11	0.997
path	0	0.0	1.065	0.0	1.065	AT1G02250	38.83	43.0	4.17	-14.89	0.998
path	0	0.0	1.065	0.0	1.065	AT1G71696	54.43	60.0	5.57	-17.32	0.998
path	0	0.0	1.065	0.0	1.065	AT3G42860	26.87	30.0	3.13	-13.41	0.998
path	0	0.0	1.065	0.0	1.065	AT4G14770	55.31	61.0	5.69	-17.97	0.998
path	0	0.0	1.065	0.0	1.065	AT1G30650	58.83	65.0	6.17	-20.59	0.999
path	0	0.0	1.065	0.0	1.065	AT5G08750	4.14	5.0	0.86	-6.99	0.999
path	0	0.0	1.065	0.0	1.065	AT5G25830	27.72	31.0	3.28	-14.48	0.999
path	0	0.0	1.065	0.0	1.065	AT1G08010	27.57	31.0	3.43	-16.55	1.0
path	0	0.0	1.065	0.0	1.065	AT1G17950	-0.06	0.0	0.06	-0.83	1.0
path	0	0.0	1.065	0.0	1.065	AT1G19040	3.14	4.0	0.86	-7.99	1.0
path	0	0.0	1.065	0.0	1.065	AT1G28470	52.83	59.0	6.17	-26.59	1.0
path	0	0.0	1.065	0.0	1.065	AT1G29860	49.74	56.0	6.26	-30.83	1.0
path	0	0.0	1.065	0.0	1.065	AT1G47870	-0.03	0.0	0.03	-0.41	1.0
path	0	0.0	1.065	0.0	1.065	AT1G60920	-0.06	0.0	0.06	-0.83	1.0
path	0	0.0	1.065	0.0	1.065	AT1G62300	41.67	47.0	5.33	-27.01	1.0
path	0	0.0	1.065	0.0	1.065	AT1G67260	0.0	0.0	0.0	0.0	1.0
path	0	0.0	1.065	0.0	1.065	AT1G70910	-0.03	0.0	0.03	-0.41	1.0
path	0	0.0	1.065	0.0	1.065	AT1G80840	0.96	2.0	1.04	-12.47	1.0
path	0	0.0	1.065	0.0	1.065	AT2G03340	12.44	15.0	2.56	-20.56	1.0
path	0	0.0	1.065	0.0	1.065	AT2G23320	57.27	64.0	6.73	-29.45	1.0
path	0	0.0	1.065	0.0	1.065	AT2G30250	54.46	62.0	7.54	-42.61	1.0
path	0	0.0	1.065	0.0	1.065	AT2G31460	-0.15	0.0	0.15	-2.07	1.0
path	0	0.0	1.065	0.0	1.065	AT2G38470	46.44	53.0	6.56	-37.96	1.0
path	0	0.0	1.065	0.0	1.065	AT2G40740	51.65	58.0	6.35	-30.07	1.0
path	0	0.0	1.065	0.0	1.065	AT2G46130	13.8	16.0	2.2	-14.6	1.0
path	0	0.0	1.065	0.0	1.065	AT3G01970	46.95	53.0	6.05	-30.94	1.0
path	0	0.0	1.065	0.0	1.065	AT3G20770	24.54	28.0	3.46	-19.96	1.0
path	0	0.0	1.065	0.0	1.065	AT3G27785	34.68	39.0	4.32	-20.95	1.0
path	0	0.0	1.065	0.0	1.065	AT4G01250	43.02	48.0	4.98	-21.05	1.0
path	0	0.0	1.065	0.0	1.065	AT4G01540	67.06	74.0	6.94	-22.34	1.0
path	0	0.0	1.065	0.0	1.065	AT4G18170	48.98	55.0	6.02	-28.52	1.0
path	0	0.0	1.065	0.0	1.065	AT4G18770	45.46	51.0	5.54	-25.91	1.0
path	0	0.0	1.065	0.0	1.065	AT4G22070	33.65	38.0	4.35	-22.37	1.0
path	0	0.0	1.065	0.0	1.065	AT4G23550	51.07	57.0	5.93	-25.28	1.0
path	0	0.0	1.065	0.0	1.065	AT4G24240	-0.09	0.0	0.09	-1.24	1.0
path	0	0.0	1.065	0.0	1.065	AT4G26640	17.78	21.0	3.22	-23.66	1.0
path	0	0.0	1.065	0.0	1.065	AT4G29230	33.67	39.0	5.33	-35.01	1.0
path	0	0.0	1.065	0.0	1.065	AT4G31800	64.46	72.0	7.54	-32.61	1.0
path	0	0.0	1.065	0.0	1.065	AT4G32730	93.7	103.0	9.3	-26.0	1.0
path	0	0.0	1.065	0.0	1.065	AT5G09410	39.64	45.0	5.36	-29.43	1.0
path	0	0.0	1.065	0.0	1.065	AT5G13080	60.91	68.0	7.09	-30.41	1.0
path	0	0.0	1.065	0.0	1.065	AT5G26170	57.21	64.0	6.79	-30.27	1.0
path	0	0.0	1.065	0.0	1.065	AT5G41570	64.0	71.0	7.0	-26.17	1.0
path	0	0.0	1.065	0.0	1.065	AT5G49300	-0.09	0.0	0.09	-1.24	1.0
path	0	0.0	1.065	0.0	1.065	AT5G52830	49.28	55.0	5.72	-24.39	1.0
path	0	0.0	1.065	0.0	1.065	AT5G58620	0.0	0.0	0.0	0.0	1.0
path	0	0.0	1.065	0.0	1.065	AT5G58850	62.06	69.0	6.94	-27.34	1.0
path	0	0.0	1.065	0.0	1.065	AT5G64060	40.2	45.0	4.8	-21.57	1.0
path	0	0.0	1.065	0.0	1.065	AT1G25580	13.59	20.0	6.41	-68.9	1.0
path	1	0.0	1.065	0.185	0.297	AT1G25580	160.41	164.0	3.59	86.9	5.88e-49
path	1	0.0	1.065	0.097	0.139	AT4G32730	108.79	112.0	3.21	61.2	1.23e-27
path	1	0.0	1.065	1.424	0.859	AT5G09410	91.25	94.0	2.75	45.19	4.29e-18
path	1	0.0	1.065	0.097	0.139	AT3G20770	55.81	57.0	1.19	35.61	9.36e-18
path	1	0.0	1.065	0.185	0.297	AT4G29230	91.01	94.0	2.99	38.64	3.85e-13
path	1	0.0	1.065	1.424	0.859	AT4G18170	81.91	85.0	3.09	31.85	2.8e-09
path	1	0.0	1.065	0.185	0.297	AT1G28470	85.54	89.0	3.46	30.48	1.85e-08
path	1	0.0	1.065	1.424	0.859	AT1G29860	82.79	86.0	3.21	30.32	2.51e-08
path	1	0.0	1.065	0.185	0.297	AT4G28500	68.18	71.0	2.82	25.92	1.08e-07
path	1	0.0	1.065	1.424	0.859	AT3G01970	78.9	82.0	3.1	27.77	2.37e-07
path	1	0.0	1.065	1.424	0.859	AT4G31800	91.13	95.0	3.87	29.56	2.65e-07
path	1	0.0	1.065	0.097	0.139	AT3G27785	46.51	48.0	1.49	22.24	2.96e-07
path	1	0.0	1.065	1.424	0.859	AT5G26170	83.52	87.0	3.48	27.71	5.77e-07
path	1	0.0	1.065	1.424	0.859	AT2G23320	82.55	86.0	3.45	27.43	6.64e-07
path	1	0.0	1.065	0.185	0.297	AT5G64060	67.31	70.0	2.69	24.13	8.56e-07
path	1	0.0	1.065	1.424	0.859	AT5G52830	72.07	75.0	2.93	25.47	8.91e-07
path	1	0.0	1.065	1.424	0.859	AT2G40740	78.75	82.0	3.25	25.96	1.67e-06
path	1	0.0	1.065	0.097	0.139	AT5G58850	61.61	64.0	2.39	24.14	1.77e-06
path	1	0.0	1.065	1.424	0.859	AT1G30650	72.84	76.0	3.16	24.66	2.55e-06
path	1	0.0	1.065	0.185	0.297	AT1G02230	63.26	66.0	2.74	22.51	2.62e-06
path	1	0.0	1.065	1.424	0.859	AT4G23550	71.96	75.0	3.04	23.66	6.11e-06
path	1	0.0	1.065	0.097	0.139	AT1G08010	36.82	38.0	1.18	17.58	7.25e-06
path	1	0.0	1.065	1.424	0.859	AT2G30250	91.13	95.0	3.87	25.94	7.92e-06
path	1	0.0	1.065	1.424	0.859	AT5G13080	82.36	86.0	3.64	24.54	1.08e-05
path	1	0.0	1.065	1.424	0.859	AT2G15740	58.45	61.0	2.55	20.87	1.09e-05
path	1	0.0	1.065	1.424	0.859	AT5G56840	53.59	57.0	3.41	20.12	1.13e-05
path	1	0.0	1.065	1.424	0.859	AT1G62300	67.26	70.0	2.74	22.28	1.16e-05
path	1	0.0	1.065	0.185	0.297	AT1G02250	55.66	58.0	2.34	19.65	1.45e-05
path	1	0.0	1.065	1.424	0.859	AT4G01250	61.45	64.0	2.55	20.98	1.67e-05
path	1	0.0	1.065	1.424	0.859	AT5G25190	77.87	82.0	4.13	23.43	1.86e-05
path	1	0.0	1.065	1.424	0.859	AT2G38470	80.64	84.0	3.36	23.62	1.96e-05
path	1	0.0	1.065	0.097	0.139	AT5G25830	33.87	35.0	1.13	15.8	3.19e-05
path	1	0.0	1.065	1.424	0.859	AT4G22070	55.77	58.0	2.23	18.95	4.93e-05
path	1	0.0	1.065	0.188	0.43	AT1G74840	80.13	84.0	3.87	13.6	5.08e-05
path	1	0.0	1.065	0.185	0.297	AT4G01540	81.11	85.0	3.89	22.13	5.46e-05
path	1	0.0	1.065	1.424	0.859	AT1G04880	20.99	22.0	1.01	10.79	6.33e-05
path	1	0.0	1.065	1.424	0.859	AT1G74840	41.43	44.0	2.57	16.16	6.63e-05
path	1	0.0	1.065	1.424	0.859	AT1G68550	66.47	70.0	3.53	19.74	0.000121
path	1	0.0	1.065	0.188	0.43	AT5G61620	94.98	100.0	5.02	14.13	0.000127
path	1	0.0	1.065	1.424	0.859	AT5G41570	76.41	80.0	3.59	20.71	0.000146
path	1	0.0	1.065	1.424	0.859	AT1G06280	79.69	84.0	4.31	21.09	0.000151
path	1	0.0	1.065	0.097	0.139	AT1G71696	46.08	48.0	1.92	17.13	0.000154
path	1	0.0	1.065	1.424	0.859	AT2G03340	38.69	40.0	1.31	14.33	0.000231
path	1	0.0	1.065	0.185	0.297	AT3G18400	54.81	58.0	3.19	16.88	0.000255
path	1	0.0	1.065	1.424	0.859	AT1G80840	21.47	22.0	0.53	10.07	0.000273
path	1	0.0	1.065	0.185	0.297	AT1G32870	51.46	54.0	2.54	16.04	0.000322
path	1	0.0	1.065	1.424	0.859	AT5G50570	14.4	15.0	0.6	7.77	0.0004
path	1	0.0	1.065	1.424	0.859	AT1G50640	53.96	57.0	3.04	16.51	0.000429
path	1	0.0	1.065	1.424	0.859	AT5G24110	48.77	51.0	2.23	15.57	0.000452
path	1	0.0	1.065	1.424	0.859	AT3G42860	39.4	41.0	1.6	13.88	0.000466
path	1	0.0	1.065	1.424	0.859	AT5G47390	44.19	47.0	2.81	14.82	0.000506
path	1	0.0	1.065	1.424	0.859	AT1G03800	66.19	70.0	3.81	17.94	0.000509
path	1	0.0	1.065	1.424	0.859	AT5G65310	46.04	49.0	2.96	15.01	0.000568
path	1	0.0	1.065	1.424	0.859	AT1G29280	67.58	71.0	3.42	17.49	0.000763
path	1	0.0	1.065	0.185	0.297	AT5G14960	17.38	18.0	0.62	8.11	0.000871
path	1	0.0	1.065	0.188	0.43	AT5G47390	80.76	85.0	4.24	11.51	0.000879
path	1	0.0	1.065	0.185	0.297	AT3G49530	46.73	49.0	2.27	14.2	0.000885
path	1	0.0	1.065	0.188	0.43	AT5G62380	55.57	59.0	3.43	9.49	0.000999
path	1	0.0	1.065	0.185	0.297	AT1G76420	53.13	56.0	2.87	14.88	0.00113
path	1	0.0	1.065	1.424	0.859	AT5G63090	25.85	27.0	1.15	10.37	0.00114
path	1	0.0	1.065	0.188	0.43	AT5G56840	100.86	106.0	5.14	12.4	0.00121
path	1	0.0	1.065	0.097	0.139	AT4G14770	44.04	46.0	1.96	14.4	0.00132
path	1	0.0	1.065	1.424	0.859	AT3G50060	51.31	54.0	2.69	14.59	0.00148
path	1	0.0	1.065	1.424	0.859	AT4G37260	51.3	54.0	2.7	14.59	0.00148
path	1	0.0	1.065	1.424	0.859	AT5G18450	35.18	37.0	1.82	12.05	0.00149
path	1	0.0	1.065	0.185	0.297	AT4G01550	48.63	51.0	2.37	13.83	0.00155
path	1	0.0	1.065	1.424	0.859	AT2G43000	61.5	65.0	3.5	15.83	0.00155
path	1	0.0	1.065	0.188	0.43	AT1G19000	86.16	91.0	4.84	11.32	0.00159
path	1	0.0	1.065	1.424	0.859	AT5G22990	67.3	71.0	3.7	16.41	0.0016
path	1	0.0	1.065	0.185	0.297	AT5G04410	47.38	50.0	2.62	13.62	0.00165
path	1	0.0	1.065	1.424	0.859	AT5G03790	42.42	45.0	2.58	12.82	0.0023
path	1	0.0	1.065	0.097	0.139	AT4G24470	13.5	14.0	0.5	7.19	0.00242
path	1	0.0	1.065	1.424	0.859	AT4G26640	42.35	44.0	1.65	12.55	0.00257
path	1	0.0	1.065	1.424	0.859	AT5G22500	20.11	21.0	0.89	8.35	0.00288
path	1	0.0	1.065	1.424	0.859	AT5G65130	30.47	32.0	1.53	10.31	0.00359
path	1	0.0	1.065	1.424	0.859	AT3G45150	11.53	12.0	0.47	5.85	0.00378
path	1	0.0	1.065	1.424	0.859	AT1G28370	65.32	69.0	3.68	14.77	0.00399
path	1	0.0	1.065	1.424	0.859	AT1G06850	32.12	34.0	1.88	10.5	0.00409
path	1	0.0	1.065	1.424	0.859	AT1G18330	31.86	34.0	2.14	10.5	0.00409
path	1	0.0	1.065	1.424	0.859	AT2G31230	46.11	49.0	2.89	12.48	0.00447
path	1	0.0	1.065	0.188	0.43	AT1G34670	67.4	71.0	3.6	9.11	0.00452
path	1	0.0	1.065	0.185	0.297	AT1G12260	41.68	44.0	2.32	11.58	0.00453
path	1	0.0	1.065	0.185	0.297	AT3G10500	44.56	47.0	2.44	11.81	0.00507
path	1	0.0	1.065	1.424	0.859	AT4G36740	37.57	40.0	2.43	11.08	0.00535
path	1	0.0	1.065	1.424	0.859	AT3G15210	76.48	81.0	4.52	15.2	0.00543
path	1	0.0	1.065	0.188	0.43	AT5G13180	61.2	65.0	3.8	8.53	0.00564
path	1	0.0	1.065	1.424	0.859	AT5G46350	39.14	41.0	1.86	10.99	0.00635
path	1	0.0	1.065	0.188	0.43	AT5G58900	74.1	78.0	3.9	9.15	0.00643
path	1	0.0	1.065	1.424	0.859	AT2G23290	49.26	52.0	2.74	12.23	0.00674
path	1	0.0	1.065	0.185	0.297	AT5G39610	44.41	47.0	2.59	11.41	0.00675
path	1	0.0	1.065	1.424	0.859	AT5G08750	14.56	15.0	0.44	6.32	0.00699
path	1	0.0	1.065	1.424	0.859	AT5G07100	20.19	21.0	0.81	7.62	0.00721
path	1	0.0	1.065	0.097	0.139	AT3G60530	15.49	16.0	0.51	7.01	0.00749
path	1	0.0	1.065	1.424	0.859	AT1G71450	71.49	76.0	4.51	14.18	0.00766
path	1	0.0	1.065	1.424	0.859	AT4G16750	59.44	63.0	3.56	13.11	0.00769
path	1	0.0	1.065	0.185	0.297	AT3G61250	10.33	11.0	0.67	5.07	0.00795
path	1	0.0	1.065	0.097	0.139	AT5G67450	7.68	8.0	0.32	4.6	0.0081
path	1	0.0	1.065	1.424	0.859	AT2G30340	38.77	41.0	2.23	10.63	0.00831
path	1	0.0	1.065	0.188	0.43	AT1G49010	84.46	89.0	4.54	9.32	0.00886
path	1	0.0	1.065	0.188	0.43	AT2G45420	66.44	71.0	4.56	8.34	0.00956
path	1	0.0	1.065	1.424	0.859	AT2G30590	16.4	17.0	0.6	6.52	0.01
path	1	0.0	1.065	0.188	0.43	AT2G42430	57.24	61.0	3.76	7.62	0.011
path	1	0.0	1.065	1.424	0.859	AT2G42200	42.39	45.0	2.61	10.65	0.011
path	1	0.0	1.065	1.424	0.859	AT3G13810	31.23	33.0	1.77	9.14	0.011
path	1	0.0	1.065	1.424	0.859	AT3G23240	31.14	33.0	1.86	9.14	0.011
path	1	0.0	1.065	0.185	0.297	AT3G04060	44.44	47.0	2.56	10.62	0.012
path	1	0.0	1.065	0.185	0.297	AT3G10480	43.38	46.0	2.62	10.41	0.012
path	1	0.0	1.065	0.185	0.297	AT5G13180	44.24	47.0	2.76	10.62	0.012
path	1	0.0	1.065	0.188	0.43	AT1G12260	47.8	51.0	3.2	6.91	0.012
path	1	0.0	1.065	0.188	0.43	AT4G10350	52.66	56.0	3.34	7.26	0.012
path	1	0.0	1.065	1.424	0.859	AT1G69560	14.47	15.0	0.53	5.96	0.012
path	1	0.0	1.065	1.424	0.859	AT3G20310	63.87	68.0	4.13	12.68	0.012
path	1	0.0	1.065	1.424	0.859	AT4G36160	55.59	59.0	3.41	12.0	0.012
path	1	0.0	1.065	1.424	0.859	AT5G23930	49.84	53.0	3.16	11.42	0.012
path	1	0.0	1.065	-0.388	0.55	AT3G23210	9.74	10.0	0.26	5.02	0.013
path	1	0.0	1.065	1.424	0.859	AT1G75080	12.36	13.0	0.64	5.41	0.013
path	1	0.0	1.065	1.424	0.859	AT2G44840	41.2	44.0	2.8	10.38	0.013
path	1	0.0	1.065	1.424	0.859	AT3G01470	12.36	13.0	0.64	5.41	0.013
path	1	0.0	1.065	0.185	0.297	AT1G01720	51.77	55.0	3.23	11.11	0.014
path	1	0.0	1.065	0.188	0.43	AT2G15740	46.15	50.0	3.85	6.68	0.014
path	1	0.0	1.065	1.424	0.859	AT1G65620	11.59	12.0	0.41	5.13	0.014
path	1	0.0	1.065	0.188	0.43	AT5G06839	76.48	81.0	4.52	8.28	0.015
path	1	0.0	1.065	0.188	0.43	AT5G65210	76.51	81.0	4.49	8.28	0.015
path	1	0.0	1.065	0.185	0.297	AT1G34180	43.28	46.0	2.72	10.02	0.016
path	1	0.0	1.065	1.424	0.859	AT1G65910	39.68	42.0	2.32	9.82	0.016
path	1	0.0	1.065	1.424	0.859	AT1G70920	25.33	27.0	1.67	7.84	0.016
path	1	0.0	1.065	1.424	0.859	AT2G42430	41.51	44.0	2.49	10.01	0.016
path	1	0.0	1.065	1.424	0.859	AT5G05550	76.46	81.0	4.54	13.03	0.016
path	1	0.0	1.065	0.185	0.297	AT5G10510	5.82	6.0	0.18	3.23	0.017
path	1	0.0	1.065	1.424	0.859	AT3G03200	38.63	41.0	2.37	9.55	0.017
path	1	0.0	1.065	1.424	0.859	AT3G17730	38.65	41.0	2.35	9.55	0.017
path	1	0.0	1.065	1.424	0.859	AT5G18560	30.2	32.0	1.8	8.5	0.017
path	1	0.0	1.065	1.424	0.859	AT2G45410	48.23	51.0	2.77	10.51	0.018
path	1	0.0	1.065	1.424	0.859	AT2G45420	49.97	53.0	3.03	10.7	0.018
path	1	0.0	1.065	1.424	0.859	AT4G17980	44.31	47.0	2.69	10.12	0.018
path	1	0.0	1.065	1.424	0.859	AT5G11260	49.26	53.0	3.74	10.7	0.018
path	1	0.0	1.065	0.185	0.297	AT1G69490	44.06	47.0	2.94	9.83	0.019
path	1	0.0	1.065	1.424	0.859	AT3G01220	28.86	31.0	2.14	8.22	0.019
path	1	0.0	1.065	-0.388	0.55	AT5G58850	21.43	23.0	1.57	7.38	0.02
path	1	0.0	1.065	0.188	0.43	AT3G11020	45.28	48.0	2.72	6.23	0.02
path	1	0.0	1.065	1.424	0.859	AT1G44830	20.96	22.0	1.04	6.81	0.02
path	1	0.0	1.065	1.424	0.859	AT2G38340	46.9	50.0	3.1	10.23	0.02
path	1	0.0	1.065	1.424	0.859	AT5G08520	42.67	46.0	3.33	9.85	0.02
path	1	0.0	1.065	1.424	0.859	AT1G34190	40.49	43.0	2.51	9.38	0.022
path	1	0.0	1.065	1.424	0.859	AT2G18060	40.68	43.0	2.32	9.38	0.022
path	1	0.0	1.065	1.424	0.859	AT2G20110	52.07	55.0	2.93	10.53	0.022
path	1	0.0	1.065	1.424	0.859	AT3G57920	31.98	34.0	2.02	8.33	0.023
path	1	0.0	1.065	1.424	0.859	AT4G34410	61.49	65.0	3.51	11.13	0.023
path	1	0.0	1.065	0.188	0.43	AT2G38470	41.93	47.0	5.07	6.0	0.024
path	1	0.0	1.065	0.188	0.43	AT3G53200	61.47	65.0	3.53	6.98	0.024
path	1	0.0	1.065	1.424	0.859	AT1G69010	44.73	48.0	3.27	9.68	0.024
path	1	0.0	1.065	0.188	0.43	AT3G01530	65.31	69.0	3.69	7.11	0.025
path	1	0.0	1.065	1.424	0.859	AT3G10030	31.52	33.0	1.48	8.05	0.025
path	1	0.0	1.065	-0.388	0.55	AT3G57600	3.85	4.0	0.15	2.64	0.026
path	1	0.0	1.065	1.424	0.859	AT2G33810	10.56	11.0	0.44	4.49	0.026
path	1	0.0	1.065	1.424	0.859	AT2G47070	34.78	37.0	2.22	8.44	0.027
path	1	0.0	1.065	1.424	0.859	AT5G08330	23.52	25.0	1.48	6.92	0.027
path	1	0.0	1.065	1.424	0.859	AT1G28160	52.78	56.0	3.22	10.08	0.028
path	1	0.0	1.065	1.424	0.859	AT4G31550	21.11	22.0	0.89	6.45	0.028
path	1	0.0	1.065	1.424	0.859	AT5G07680	9.51	10.0	0.49	4.22	0.028
path	1	0.0	1.065	0.188	0.43	AT3G04030	67.87	72.0	4.13	7.02	0.029
path	1	0.0	1.065	1.424	0.859	AT1G12610	25.47	27.0	1.53	7.11	0.029
path	1	0.0	1.065	1.424	0.859	AT3G02150	5.85	6.0	0.15	3.11	0.029
path	1	0.0	1.065	-0.388	0.55	AT1G18330	23.06	24.0	0.94	7.02	0.03
path	1	0.0	1.065	0.097	0.139	AT4G18770	40.09	42.0	1.91	9.19	0.03
path	1	0.0	1.065	0.188	0.43	AT3G03200	55.43	59.0	3.57	6.4	0.03
path	1	0.0	1.065	0.188	0.43	AT4G17785	19.19	20.0	0.81	3.75	0.03
path	1	0.0	1.065	0.188	0.43	AT4G26640	17.51	20.0	2.49	3.75	0.03
path	1	0.0	1.065	1.424	0.859	AT1G72360	6.72	7.0	0.28	3.38	0.03
path	1	0.0	1.065	1.424	0.859	AT5G06950	39.22	42.0	2.78	8.74	0.03
path	1	0.0	1.065	1.424	0.859	AT5G61620	44.67	48.0	3.33	9.31	0.03
path	1	0.0	1.065	0.097	0.139	AT3G60580	17.17	18.0	0.83	6.09	0.031
path	1	0.0	1.065	1.424	0.859	AT3G26620	29.38	31.0	1.62	7.5	0.031
path	1	0.0	1.065	0.097	0.139	AT1G49560	29.38	31.0	1.62	7.91	0.032
path	1	0.0	1.065	1.424	0.859	AT1G69690	13.3	14.0	0.7	4.96	0.032
path	1	0.0	1.065	0.185	0.297	AT1G54330	39.56	42.0	2.44	8.39	0.033
path	1	0.0	1.065	0.185	0.297	AT5G62380	39.51	42.0	2.49	8.39	0.033
path	1	0.0	1.065	0.188	0.43	AT1G73730	12.68	13.0	0.32	2.94	0.034
path	1	0.0	1.065	0.188	0.43	AT3G17730	54.45	58.0	3.55	6.17	0.035
path	1	0.0	1.065	1.424	0.859	AT3G15270	46.65	50.0	3.35	9.15	0.035
path	1	0.0	1.065	0.188	0.43	AT3G06490	33.36	35.0	1.64	4.83	0.036
path	1	0.0	1.065	0.185	0.297	AT3G48160	4.82	5.0	0.18	2.63	0.038
path	1	0.0	1.065	0.188	0.43	AT1G43700	18.01	19.0	0.99	3.53	0.038
path	1	0.0	1.065	0.188	0.43	AT1G69490	65.94	70.0	4.06	6.57	0.038
path	1	0.0	1.065	0.188	0.43	AT3G04060	49.47	53.0	3.53	5.81	0.038
path	1	0.0	1.065	-0.388	0.55	AT1G69010	30.56	32.0	1.44	7.55	0.039
path	1	0.0	1.065	1.424	0.859	AT5G44210	27.4	29.0	1.6	6.95	0.039
path	1	0.0	1.065	0.097	0.139	AT2G02820	45.32	48.0	2.68	9.11	0.04
path	1	0.0	1.065	1.424	0.859	AT2G26960	29.3	31.0	1.7	7.14	0.04
path	1	0.0	1.065	0.188	0.43	AT3G11280	37.18	39.0	1.82	4.96	0.041
path	1	0.0	1.065	0.188	0.43	AT4G18170	43.34	48.0	4.66	5.45	0.041
path	1	0.0	1.065	1.424	0.859	AT5G64750	55.55	59.0	3.45	9.47	0.041
path	1	0.0	1.065	1.424	0.859	AT5G44160	10.54	11.0	0.46	4.13	0.042
path	1	0.0	1.065	0.188	0.43	AT1G68670	32.41	34.0	1.59	4.6	0.043
path	1	0.0	1.065	0.188	0.43	AT4G32800	22.34	24.0	1.66	3.89	0.043
path	1	0.0	1.065	0.188	0.43	AT5G66300	32.11	34.0	1.89	4.6	0.043
path	1	0.0	1.065	0.185	0.297	AT2G46770	38.49	41.0	2.51	7.79	0.044
path	1	0.0	1.065	0.188	0.43	AT5G54230	73.06	77.0	3.94	6.6	0.044
path	1	0.0	1.065	1.424	0.859	AT1G72010	21.61	23.0	1.39	6.01	0.044
path	1	0.0	1.065	1.424	0.859	AT1G14687	37.48	40.0	2.52	7.82	0.045
path	1	0.0	1.065	1.424	0.859	AT2G32460	35.81	38.0	2.19	7.63	0.045
path	1	0.0	1.065	0.188	0.43	AT5G39610	52.43	56.0	3.57	5.72	0.046
path	1	0.0	1.065	0.097	0.139	AT4G38910	2.94	3.0	0.06	2.03	0.047
path	1	0.0	1.065	1.424	0.859	AT1G19210	57.07	61.0	3.93	9.3	0.047
path	1	0.0	1.065	1.424	0.859	AT2G17900	2.89	3.0	0.11	1.92	0.047
path	1	0.0	1.065	0.188	0.43	AT1G79580	59.87	64.0	4.13	5.98	0.048
path	1	0.0	1.065	1.424	0.859	AT1G12630	50.85	54.0	3.15	8.81	0.048
path	1	0.0	1.065	-0.388	0.55	AT2G44840	25.77	27.0	1.23	6.62	0.049
path	1	0.0	1.065	0.188	0.43	AT1G52150	48.42	51.0	2.58	5.36	0.05
path	1	0.0	1.065	0.188	0.43	AT2G18060	47.5	51.0	3.5	5.36	0.05
path	1	0.0	1.065	0.188	0.43	AT3G02940	71.8	76.0	4.2	6.38	0.05
path	1	0.0	1.065	1.424	0.859	AT1G53230	8.53	9.0	0.47	3.58	0.05
path	1	0.0	1.065	1.424	0.859	AT3G56850	52.84	57.0	4.16	8.91	0.05
path	1	0.0	1.065	0.097	0.139	AT3G24050	16.28	17.0	0.72	5.33	0.051
path	1	0.0	1.065	-0.388	0.55	AT2G30590	4.74	5.0	0.26	2.74	0.052
path	1	0.0	1.065	-0.388	0.55	AT5G22500	8.61	9.0	0.39	3.79	0.053
path	1	0.0	1.065	1.424	0.859	AT1G74650	39.46	42.0	2.54	7.65	0.053
path	1	0.0	1.065	1.424	0.859	AT3G50260	58.95	63.0	4.05	9.13	0.053
path	1	0.0	1.065	0.097	0.139	AT2G32460	25.53	27.0	1.47	6.58	0.054
path	1	0.0	1.065	0.188	0.43	AT1G68320	55.89	59.0	3.11	5.62	0.054
path	1	0.0	1.065	0.188	0.43	AT2G45410	54.83	59.0	4.17	5.62	0.054
path	1	0.0	1.065	1.424	0.859	AT5G17800	37.86	40.0	2.14	7.46	0.054
path	1	0.0	1.065	1.424	0.859	AT1G20980	19.62	21.0	1.38	5.45	0.055
path	1	0.0	1.065	1.424	0.859	AT1G69780	27.92	30.0	2.08	6.5	0.055
path	1	0.0	1.065	-0.388	0.55	AT2G22540	23.7	25.0	1.3	6.21	0.056
path	1	0.0	1.065	0.097	0.139	AT5G04390	17.02	18.0	0.98	5.36	0.056
path	1	0.0	1.065	0.185	0.297	AT5G10030	51.02	55.0	3.98	8.34	0.056
path	1	0.0	1.065	0.188	0.43	AT3G10580	79.04	83.0	3.96	6.42	0.056
path	1	0.0	1.065	1.424	0.859	AT3G26790	11.17	12.0	0.83	4.05	0.058
path	1	0.0	1.065	1.424	0.859	AT5G25390	6.74	7.0	0.26	3.02	0.058
path	1	0.0	1.065	-0.388	0.55	AT2G26960	14.25	15.0	0.75	4.81	0.059
path	1	0.0	1.065	-0.388	0.55	AT1G25580	6.55	8.0	1.45	3.47	0.059
path	1	0.0	1.065	0.185	0.297	AT3G12250	53.04	57.0	3.96	8.37	0.059
path	1	0.0	1.065	1.424	0.859	AT4G31060	51.79	55.0	3.21	8.36	0.059
path	1	0.0	1.065	0.188	0.43	AT5G08520	92.98	98.0	5.02	6.72	0.06
path	1	0.0	1.065	1.424	0.859	AT2G46130	25.87	27.0	1.13	6.03	0.06
path	1	0.0	1.065	1.424	0.859	AT5G08070	3.91	4.0	0.09	2.19	0.06
path	1	0.0	1.065	0.188	0.43	AT1G76420	54.04	58.0	3.96	5.4	0.061
path	1	0.0	1.065	1.424	0.859	AT1G69180	30.83	33.0	2.17	6.61	0.061
path	1	0.0	1.065	1.424	0.859	AT2G18380	43.63	46.0	2.37	7.68	0.061
path	1	0.0	1.065	0.185	0.297	AT5G06960	27.16	29.0	1.84	6.07	0.062
path	1	0.0	1.065	0.188	0.43	AT1G06280	83.5	90.0	6.5	6.45	0.062
path	1	0.0	1.065	0.188	0.43	AT4G36160	72.86	78.0	5.14	6.06	0.063
path	1	0.0	1.065	1.424	0.859	AT1G76880	4.85	5.0	0.15	2.47	0.063
path	1	0.0	1.065	0.188	0.43	AT5G06960	42.46	45.0	2.54	4.77	0.064
path	1	0.0	1.065	1.424	0.859	AT4G01720	10.62	11.0	0.38	3.77	0.064
path	1	0.0	1.065	1.424	0.859	AT1G26960	44.3	47.0	2.7	7.59	0.066
path	1	0.0	1.065	1.424	0.859	AT5G61600	13.1	14.0	0.9	4.24	0.066
path	1	0.0	1.065	0.185	0.297	AT1G19040	13.52	14.0	0.48	4.11	0.068
path	1	0.0	1.065	0.185	0.297	AT3G46590	13.42	14.0	0.58	4.11	0.068
path	1	0.0	1.065	-0.388	0.55	AT4G18890	8.74	9.0	0.26	3.57	0.069
path	1	0.0	1.065	0.097	0.139	AT3G51080	5.78	6.0	0.22	2.84	0.07
path	1	0.0	1.065	0.185	0.297	AT1G13260	17.96	19.0	1.04	4.77	0.07
path	1	0.0	1.065	0.188	0.43	AT1G04880	29.48	31.0	1.52	3.92	0.07
path	1	0.0	1.065	1.424	0.859	AT1G49010	37.99	41.0	3.01	7.01	0.07
path	1	0.0	1.065	0.188	0.43	AT1G01720	64.55	69.0	4.45	5.57	0.071
path	1	0.0	1.065	0.188	0.43	AT2G02540	64.99	69.0	4.01	5.57	0.071
path	1	0.0	1.065	0.188	0.43	AT2G28810	56.62	61.0	4.38	5.3	0.071
path	1	0.0	1.065	1.424	0.859	AT5G47220	19.7	21.0	1.3	5.09	0.071
path	1	0.0	1.065	1.424	0.859	AT3G06490	14.92	16.0	1.08	4.43	0.072
path	1	0.0	1.065	1.424	0.859	AT5G06100	43.36	46.0	2.64	7.31	0.072
path	1	0.0	1.065	1.424	0.859	AT4G28140	12.5	13.0	0.5	3.96	0.074
path	1	0.0	1.065	0.185	0.297	AT4G10350	36.58	39.0	2.42	6.58	0.075
path	1	0.0	1.065	1.424	0.859	AT5G18270	39.37	42.0	2.63	6.93	0.075
path	1	0.0	1.065	0.097	0.139	AT2G01060	18.85	20.0	1.15	5.17	0.076
path	1	0.0	1.065	-0.388	0.55	AT3G27785	12.02	13.0	0.98	4.17	0.077
path	1	0.0	1.065	0.097	0.139	AT2G01930	31.21	33.0	1.79	6.51	0.077
path	1	0.0	1.065	1.424	0.859	AT5G65410	44.16	47.0	2.84	7.23	0.077
path	1	0.0	1.065	0.185	0.297	AT3G21890	44.29	47.0	2.71	7.06	0.078
path	1	0.0	1.065	0.185	0.297	AT5G65210	43.74	47.0	3.26	7.06	0.078
path	1	0.0	1.065	0.188	0.43	AT1G54330	48.63	52.0	3.37	4.81	0.078
path	1	0.0	1.065	0.188	0.43	AT3G09600	79.76	84.0	4.24	5.87	0.078
path	1	0.0	1.065	0.188	0.43	AT2G46770	52.54	56.0	3.46	4.94	0.079
path	1	0.0	1.065	1.424	0.859	AT4G04450	8.66	9.0	0.34	3.22	0.079
path	1	0.0	1.065	1.424	0.859	AT5G66700	41.82	45.0	3.18	7.04	0.079
path	1	0.0	1.065	-0.388	0.55	AT2G47070	19.02	20.0	0.98	5.06	0.08
path	1	0.0	1.065	-0.388	0.55	AT4G01680	19.11	20.0	0.89	5.06	0.08
path	1	0.0	1.065	0.188	0.43	AT1G76890	59.87	64.0	4.13	5.21	0.08
path	1	0.0	1.065	1.424	0.859	AT4G36780	39.68	43.0	3.32	6.85	0.08
path	1	0.0	1.065	1.424	0.859	AT1G34370	11.42	12.0	0.58	3.68	0.082
path	1	0.0	1.065	1.424	0.859	AT1G66370	11.45	12.0	0.55	3.68	0.082
path	1	0.0	1.065	1.424	0.859	AT1G77640	11.51	12.0	0.49	3.68	0.082
path	1	0.0	1.065	1.424	0.859	AT3G04070	11.43	12.0	0.57	3.68	0.082
path	1	0.0	1.065	0.185	0.297	AT5G52170	3.8	4.0	0.2	2.02	0.083
path	1	0.0	1.065	1.424	0.859	AT1G76110	15.93	17.0	1.07	4.35	0.085
path	1	0.0	1.065	0.097	0.139	AT2G23290	31.16	33.0	1.84	6.26	0.086
path	1	0.0	1.065	0.188	0.43	AT1G31140	48.0	51.0	3.0	4.58	0.088
path	1	0.0	1.065	0.188	0.43	AT5G67580	31.3	34.0	2.7	3.83	0.089
path	1	0.0	1.065	-0.388	0.55	AT2G32460	17.04	18.0	0.96	4.64	0.09
path	1	0.0	1.065	1.424	0.859	AT3G08500	27.15	29.0	1.85	5.5	0.09
path	1	0.0	1.065	0.185	0.297	AT5G06839	43.72	47.0	3.28	6.67	0.092
path	1	0.0	1.065	1.424	0.859	AT3G27010	10.36	11.0	0.64	3.41	0.092
path	1	0.0	1.065	1.424	0.859	AT5G67190	49.81	53.0	3.19	7.08	0.094
path	1	0.0	1.065	1.424	0.859	AT1G14580	15.19	16.0	0.81	4.07	0.095
path	1	0.0	1.065	0.185	0.297	AT1G08320	50.22	54.0	3.78	6.95	0.096
path	1	0.0	1.065	0.185	0.297	AT3G52440	50.57	54.0	3.43	6.95	0.096
path	1	0.0	1.065	0.188	0.43	AT2G18380	38.43	42.0	3.57	4.09	0.096
path	1	0.0	1.065	1.424	0.859	AT2G18350	38.48	41.0	2.52	6.29	0.096
path	1	0.0	1.065	0.188	0.43	AT3G13350	8.56	9.0	0.44	2.04	0.097
path	1	0.0	1.065	1.424	0.859	AT2G38300	6.62	7.0	0.38	2.66	0.097
path	1	0.0	1.065	1.424	0.859	AT4G18450	6.6	7.0	0.4	2.66	0.097
path	1	0.0	1.065	0.188	0.43	AT4G38000	69.02	74.0	4.98	5.15	0.098
path	1	0.0	1.065	0.185	0.297	AT2G18060	40.46	43.0	2.54	6.23	0.099
path	1	0.0	1.065	0.188	0.43	AT5G26170	48.74	54.0	5.26	4.49	0.1
path	1	0.0	1.065	1.424	0.859	AT1G24250	18.82	20.0	1.18	4.45	0.1
path	1	0.0	1.065	1.424	0.859	AT2G20400	25.92	28.0	2.08	5.22	0.1
path	1	0.0	1.065	1.424	0.859	AT5G46590	12.21	13.0	0.79	3.6	0.101
path	1	0.0	1.065	0.097	0.139	AT4G24020	4.79	5.0	0.21	2.33	0.102
path	1	0.0	1.065	0.097	0.139	AT5G47230	8.53	9.0	0.47	3.17	0.102
path	1	0.0	1.065	0.188	0.43	AT5G25190	82.78	89.0	6.22	5.45	0.102
path	1	0.0	1.065	1.424	0.859	AT2G35530	47.83	52.0	4.17	6.81	0.102
path	1	0.0	1.065	1.424	0.859	AT2G17950	9.51	10.0	0.49	3.13	0.103
path	1	0.0	1.065	-0.388	0.55	AT2G40260	18.01	19.0	0.99	4.51	0.104
path	1	0.0	1.065	-0.388	0.55	AT5G23930	24.6	26.0	1.4	5.17	0.104
path	1	0.0	1.065	0.188	0.43	AT5G66700	80.21	85.0	4.79	5.32	0.104
path	1	0.0	1.065	-0.388	0.55	AT2G31230	23.72	25.0	1.28	5.08	0.105
path	1	0.0	1.065	0.097	0.139	AT3G11440	30.13	32.0	1.87	5.75	0.105
path	1	0.0	1.065	0.185	0.297	AT2G22540	46.77	50.0	3.23	6.51	0.105
path	1	0.0	1.065	1.424	0.859	AT1G68670	13.95	15.0	1.05	3.79	0.106
path	1	0.0	1.065	0.185	0.297	AT1G51700	36.69	39.0	2.31	5.79	0.107
path	1	0.0	1.065	1.424	0.859	AT1G63030	5.6	6.0	0.4	2.38	0.108
path	1	0.0	1.065	0.188	0.43	AT1G52880	68.76	73.0	4.24	4.92	0.109
path	1	0.0	1.065	0.188	0.43	AT1G64620	68.37	73.0	4.63	4.92	0.109
path	1	0.0	1.065	0.185	0.297	AT1G20910	31.09	33.0	1.91	5.32	0.11
path	1	0.0	1.065	0.185	0.297	AT1G52880	40.92	44.0	3.08	6.04	0.11
path	1	0.0	1.065	0.185	0.297	AT2G18350	41.24	44.0	2.76	6.04	0.11
path	1	0.0	1.065	0.188	0.43	AT4G24470	17.87	19.0	1.13	2.75	0.11
path	1	0.0	1.065	1.424	0.859	AT1G36060	23.4	25.0	1.6	4.75	0.111
path	1	0.0	1.065	0.185	0.297	AT1G65910	38.46	41.0	2.54	5.81	0.112
path	1	0.0	1.065	0.188	0.43	AT1G06850	46.16	49.0	2.84	4.13	0.112
path	1	0.0	1.065	0.188	0.43	AT1G08320	82.79	88.0	5.21	5.23	0.112
path	1	0.0	1.065	1.424	0.859	AT2G04038	42.32	46.0	3.68	6.23	0.112
path	1	0.0	1.065	-0.388	0.55	AT5G50570	6.74	7.0	0.26	2.7	0.113
path	1	0.0	1.065	0.188	0.43	AT1G49560	49.36	53.0	3.64	4.26	0.113
path	1	0.0	1.065	0.188	0.43	AT1G65910	49.5	53.0	3.5	4.26	0.113
path	1	0.0	1.065	0.188	0.43	AT5G13790	26.69	28.0	1.31	3.25	0.113
path	1	0.0	1.065	0.188	0.43	AT5G62940	49.22	53.0	3.78	4.26	0.113
path	1	0.0	1.065	1.424	0.859	AT4G25490	45.76	49.0	3.24	6.34	0.114
path	1	0.0	1.065	1.424	0.859	AT2G01940	36.65	39.0	2.35	5.74	0.115
path	1	0.0	1.065	0.188	0.43	AT3G15170	29.99	32.0	2.01	3.38	0.118
path	1	0.0	1.065	-0.388	0.55	AT1G09540	20.93	22.0	1.07	4.57	0.119
path	1	0.0	1.065	0.188	0.43	AT3G18400	67.6	72.0	4.4	4.7	0.12
path	1	0.0	1.065	0.188	0.43	AT5G47370	63.85	68.0	4.15	4.57	0.122
path	1	0.0	1.065	1.424	0.859	AT3G50700	15.16	16.0	0.84	3.71	0.122
path	1	0.0	1.065	0.097	0.139	AT4G37180	23.34	25.0	1.66	4.83	0.123
path	1	0.0	1.065	0.185	0.297	AT5G43840	9.57	10.0	0.43	2.88	0.123
path	1	0.0	1.065	0.185	0.297	AT5G53950	20.66	22.0	1.34	4.21	0.123
path	1	0.0	1.065	0.188	0.43	AT3G21175	21.52	23.0	1.48	2.89	0.123
path	1	0.0	1.065	0.188	0.43	AT4G05100	38.13	40.0	1.87	3.64	0.124
path	1	0.0	1.065	0.188	0.43	AT5G08330	37.76	40.0	2.24	3.64	0.124
path	1	0.0	1.065	0.185	0.297	AT5G04390	23.41	25.0	1.59	4.44	0.125
path	1	0.0	1.065	0.188	0.43	AT3G12730	56.7	60.0	3.3	4.3	0.125
path	1	0.0	1.065	1.424	0.859	AT1G76890	40.26	43.0	2.74	5.76	0.125
path	1	0.0	1.065	1.424	0.859	AT5G52660	28.63	31.0	2.37	4.97	0.126
path	1	0.0	1.065	1.424	0.859	AT2G33710	50.75	54.0	3.25	6.28	0.127
path	1	0.0	1.065	1.424	0.859	AT5G39820	10.37	11.0	0.63	3.05	0.127
path	1	0.0	1.065	0.185	0.297	AT5G18270	41.13	44.0	2.87	5.65	0.128
path	1	0.0	1.065	1.424	0.859	AT1G54330	33.77	36.0	2.23	5.27	0.128
path	1	0.0	1.065	-0.388	0.55	AT1G53230	5.79	6.0	0.21	2.38	0.129
path	1	0.0	1.065	-0.388	0.55	AT2G01818	5.64	6.0	0.36	2.38	0.129
path	1	0.0	1.065	-0.388	0.55	AT3G13040	1.95	2.0	0.05	1.32	0.13
path	1	0.0	1.065	-0.388	0.55	AT5G18090	1.95	2.0	0.05	1.32	0.13
path	1	0.0	1.065	-0.388	0.55	AT5G38860	1.97	2.0	0.03	1.32	0.13
path	1	0.0	1.065	0.188	0.43	AT1G28370	69.44	75.0	5.56	4.6	0.13
path	1	0.0	1.065	0.188	0.43	AT5G22990	69.42	75.0	5.58	4.6	0.13
path	1	0.0	1.065	1.424	0.859	AT1G17950	1.97	2.0	0.03	1.28	0.13
path	1	0.0	1.065	1.424	0.859	AT1G30210	1.95	2.0	0.05	1.28	0.13
path	1	0.0	1.065	1.424	0.859	AT1G74370	1.95	2.0	0.05	1.28	0.13
path	1	0.0	1.065	1.424	0.859	AT5G25475	1.94	2.0	0.06	1.28	0.13
path	1	0.0	1.065	0.188	0.43	AT5G25830	24.46	27.0	2.54	3.02	0.131
path	1	0.0	1.065	1.424	0.859	AT1G32240	7.5	8.0	0.5	2.58	0.131
path	1	0.0	1.065	1.424	0.859	AT4G38000	48.7	52.0	3.3	6.08	0.131
path	1	0.0	1.065	-0.388	0.55	AT5G17800	14.06	15.0	0.94	3.68	0.132
path	1	0.0	1.065	0.185	0.297	AT1G25340	27.94	30.0	2.06	4.69	0.132
path	1	0.0	1.065	1.424	0.859	AT4G00250	31.65	34.0	2.35	5.08	0.132
path	1	0.0	1.065	-0.388	0.55	AT5G67300	2.89	3.0	0.11	1.64	0.133
path	1	0.0	1.065	0.185	0.297	AT3G15170	22.55	24.0	1.45	4.23	0.133
path	1	0.0	1.065	0.188	0.43	AT5G60850	66.3	71.0	4.7	4.47	0.133
path	1	0.0	1.065	1.424	0.859	AT4G18770	52.16	55.0	2.84	6.19	0.133
path	1	0.0	1.065	-0.388	0.55	AT3G18990	15.99	17.0	1.01	3.87	0.134
path	1	0.0	1.065	0.188	0.43	AT1G71450	94.2	101.0	6.8	5.08	0.134
path	1	0.0	1.065	1.424	0.859	AT1G53170	71.32	76.0	4.68	6.94	0.134
path	1	0.0	1.065	1.424	0.859	AT3G28920	43.94	47.0	3.06	5.78	0.134
path	1	0.0	1.065	0.188	0.43	AT2G24430	62.67	67.0	4.33	4.34	0.135
path	1	0.0	1.065	1.424	0.859	AT5G60130	30.06	32.0	1.94	4.88	0.135
path	1	0.0	1.065	1.424	0.859	AT3G23220	13.96	15.0	1.04	3.43	0.136
path	1	0.0	1.065	1.424	0.859	AT3G13040	2.89	3.0	0.11	1.55	0.137
path	1	0.0	1.065	0.188	0.43	AT3G26620	32.56	35.0	2.44	3.28	0.139
path	1	0.0	1.065	0.188	0.43	AT3G12250	87.54	93.0	5.46	4.81	0.14
path	1	0.0	1.065	-0.388	0.55	AT1G76110	10.53	11.0	0.47	3.08	0.142
path	1	0.0	1.065	-0.388	0.55	AT5G08130	6.76	7.0	0.24	2.47	0.142
path	1	0.0	1.065	0.097	0.139	AT3G10580	20.23	22.0	1.77	4.26	0.142
path	1	0.0	1.065	0.188	0.43	AT1G29860	42.16	47.0	4.84	3.68	0.142
path	1	0.0	1.065	0.188	0.43	AT5G47660	39.98	43.0	3.02	3.55	0.142
path	1	0.0	1.065	1.424	0.859	AT1G79580	40.26	43.0	2.74	5.4	0.143
path	1	0.0	1.065	1.424	0.859	AT3G18990	35.72	38.0	2.28	5.1	0.144
path	1	0.0	1.065	1.424	0.859	AT1G75240	43.1	46.0	2.9	5.51	0.145
path	1	0.0	1.065	0.188	0.43	AT4G38170	65.44	70.0	4.56	4.25	0.146
path	1	0.0	1.065	1.424	0.859	AT1G33240	38.33	41.0	2.67	5.21	0.147
path	1	0.0	1.065	1.424	0.859	AT2G36270	50.84	55.0	4.16	5.83	0.149
path	1	0.0	1.065	1.424	0.859	AT1G19000	40.79	44.0	3.21	5.31	0.15
path	1	0.0	1.065	1.424	0.859	AT2G24430	41.13	44.0	2.87	5.31	0.15
path	1	0.0	1.065	0.185	0.297	AT5G02460	54.27	58.0	3.73	5.81	0.151
path	1	0.0	1.065	1.424	0.859	AT5G53950	18.78	20.0	1.22	3.73	0.151
path	1	0.0	1.065	1.424	0.859	AT3G11280	14.79	16.0	1.21	3.35	0.153
path	1	0.0	1.065	0.097	0.139	AT1G27730	15.98	17.0	1.02	3.63	0.154
path	1	0.0	1.065	0.097	0.139	AT2G33550	13.21	14.0	0.79	3.31	0.155
path	1	0.0	1.065	0.185	0.297	AT2G38880	1.93	2.0	0.07	1.21	0.156
path	1	0.0	1.065	0.188	0.43	AT5G53950	28.16	30.0	1.84	2.92	0.156
path	1	0.0	1.065	0.185	0.297	AT5G10140	5.7	6.0	0.3	2.05	0.157
path	1	0.0	1.065	0.188	0.43	AT5G56110	83.23	88.0	4.77	4.45	0.157
path	1	0.0	1.065	0.097	0.139	AT5G42520	2.93	3.0	0.07	1.54	0.158
path	1	0.0	1.065	-0.388	0.55	AT5G51990	23.6	25.0	1.4	4.17	0.159
path	1	0.0	1.065	0.185	0.297	AT4G38170	46.69	50.0	3.31	5.32	0.159
path	1	0.0	1.065	0.188	0.43	AT3G13810	39.33	42.0	2.67	3.32	0.159
path	1	0.0	1.065	0.185	0.297	AT2G46130	25.76	27.0	1.24	4.07	0.16
path	1	0.0	1.065	0.185	0.297	AT5G62940	42.26	45.0	2.74	5.06	0.161
path	1	0.0	1.065	0.188	0.43	AT1G28160	64.14	69.0	4.86	4.02	0.161
path	1	0.0	1.065	1.424	0.859	AT1G21910	8.59	9.0	0.41	2.49	0.161
path	1	0.0	1.065	1.424	0.859	AT3G12730	27.81	30.0	2.19	4.33	0.161
path	1	0.0	1.065	1.424	0.859	AT1G30490	21.14	23.0	1.86	3.84	0.162
path	1	0.0	1.065	1.424	0.859	AT2G46680	21.26	23.0	1.74	3.84	0.162
path	1	0.0	1.065	-0.388	0.55	AT3G26790	9.64	10.0	0.36	2.75	0.163
path	1	0.0	1.065	0.185	0.297	AT5G66300	19.63	21.0	1.37	3.6	0.163
path	1	0.0	1.065	0.188	0.43	AT1G69570	60.48	65.0	4.52	3.89	0.164
path	1	0.0	1.065	0.188	0.43	AT2G46590	60.41	65.0	4.59	3.89	0.164
path	1	0.0	1.065	0.188	0.43	AT3G61120	6.77	7.0	0.23	1.58	0.164
path	1	0.0	1.065	0.188	0.43	AT4G37180	61.27	65.0	3.73	3.89	0.164
path	1	0.0	1.065	0.188	0.43	AT5G52170	6.72	7.0	0.28	1.58	0.164
path	1	0.0	1.065	1.424	0.859	AT2G02540	35.34	38.0	2.66	4.74	0.165
path	1	0.0	1.065	1.424	0.859	AT5G05790	19.36	21.0	1.64	3.65	0.165
path	1	0.0	1.065	0.185	0.297	AT3G20840	4.73	5.0	0.27	1.84	0.166
path	1	0.0	1.065	0.188	0.43	AT4G00250	57.45	61.0	3.55	3.75	0.167
path	1	0.0	1.065	0.188	0.43	AT2G17950	11.26	12.0	0.74	1.94	0.168
path	1	0.0	1.065	0.188	0.43	AT5G65510	19.34	21.0	1.66	2.43	0.168
path	1	0.0	1.065	1.424	0.859	AT1G43700	10.34	11.0	0.66	2.68	0.168
path	1	0.0	1.065	0.097	0.139	AT2G03500	18.56	20.0	1.44	3.72	0.169
path	1	0.0	1.065	0.188	0.43	AT3G44480	53.27	57.0	3.73	3.62	0.17
path	1	0.0	1.065	1.424	0.859	AT3G21175	16.02	17.0	0.98	3.26	0.17
path	1	0.0	1.065	-0.388	0.55	AT2G02820	25.24	27.0	1.76	4.13	0.171
path	1	0.0	1.065	-0.388	0.55	AT3G22830	14.1	15.0	0.9	3.23	0.171
path	1	0.0	1.065	0.185	0.297	AT3G17730	36.43	39.0	2.57	4.6	0.171
path	1	0.0	1.065	1.424	0.859	AT5G02840	13.78	15.0	1.22	3.07	0.171
path	1	0.0	1.065	0.097	0.139	AT5G17800	24.56	26.0	1.44	4.13	0.172
path	1	0.0	1.065	0.185	0.297	AT1G10720	3.87	4.0	0.13	1.63	0.172
path	1	0.0	1.065	0.185	0.297	AT4G38620	3.72	4.0	0.28	1.63	0.172
path	1	0.0	1.065	0.185	0.297	AT5G18090	2.88	3.0	0.12	1.42	0.173
path	1	0.0	1.065	0.185	0.297	AT5G40330	2.88	3.0	0.12	1.42	0.173
path	1	0.0	1.065	0.185	0.297	AT1G79580	43.01	46.0	2.99	4.88	0.174
path	1	0.0	1.065	1.424	0.859	AT5G62000	22.35	24.0	1.65	3.75	0.174
path	1	0.0	1.065	0.185	0.297	AT3G02940	37.96	41.0	3.04	4.62	0.175
path	1	0.0	1.065	0.188	0.43	AT3G12820	23.87	25.0	1.13	2.57	0.175
path	1	0.0	1.065	0.188	0.43	AT5G05790	46.53	49.0	2.47	3.36	0.175
path	1	0.0	1.065	0.097	0.139	AT5G47370	26.15	28.0	1.85	4.18	0.177
path	1	0.0	1.065	0.188	0.43	AT1G51700	41.82	45.0	3.18	3.23	0.177
path	1	0.0	1.065	0.097	0.139	AT4G05100	10.17	11.0	0.83	2.74	0.179
path	1	0.0	1.065	0.188	0.43	AT1G72010	34.9	37.0	2.1	2.96	0.179
path	1	0.0	1.065	0.188	0.43	AT4G29230	28.87	33.0	4.13	2.83	0.179
path	1	0.0	1.065	0.188	0.43	AT5G44210	34.58	37.0	2.42	2.96	0.179
path	1	0.0	1.065	0.185	0.297	AT3G28920	46.66	50.0	3.34	4.92	0.18
path	1	0.0	1.065	0.188	0.43	AT1G75240	59.62	64.0	4.38	3.66	0.18
path	1	0.0	1.065	0.185	0.297	AT5G66730	35.66	38.0	2.34	4.39	0.181
path	1	0.0	1.065	1.424	0.859	AT3G11020	25.2	27.0	1.8	3.86	0.181
path	1	0.0	1.065	1.424	0.859	AT5G47370	37.25	40.0	2.75	4.57	0.181
path	1	0.0	1.065	0.185	0.297	AT3G06740	23.45	25.0	1.55	3.65	0.182
path	1	0.0	1.065	1.424	0.859	AT3G57600	7.66	8.0	0.34	2.22	0.183
path	1	0.0	1.065	0.188	0.43	AT2G20400	56.87	60.0	3.13	3.53	0.184
path	1	0.0	1.065	0.185	0.297	AT1G68320	27.74	30.0	2.26	3.9	0.186
path	1	0.0	1.065	1.424	0.859	AT3G10800	23.14	25.0	1.86	3.67	0.186
path	1	0.0	1.065	0.097	0.139	AT5G60850	30.9	33.0	2.1	4.32	0.187
path	1	0.0	1.065	-0.388	0.55	AT2G20110	17.7	19.0	1.3	3.38	0.188
path	1	0.0	1.065	-0.388	0.55	AT3G45150	4.79	5.0	0.21	1.83	0.19
path	1	0.0	1.065	1.424	0.859	AT1G18570	4.57	5.0	0.43	1.75	0.191
path	1	0.0	1.065	1.424	0.859	AT2G41835	4.82	5.0	0.18	1.75	0.191
path	1	0.0	1.065	1.424	0.859	AT3G28910	11.08	12.0	0.92	2.6	0.191
path	1	0.0	1.065	1.424	0.859	AT3G51470	4.77	5.0	0.23	1.75	0.191
path	1	0.0	1.065	-0.388	0.55	AT4G25490	23.57	25.0	1.43	3.72	0.192
path	1	0.0	1.065	1.424	0.859	AT2G22430	26.09	28.0	1.91	3.78	0.192
path	1	0.0	1.065	1.424	0.859	AT3G62420	48.78	53.0	4.22	4.91	0.192
path	1	0.0	1.065	0.185	0.297	AT1G34670	31.39	34.0	2.61	3.95	0.197
path	1	0.0	1.065	0.188	0.43	AT1G51220	41.4	44.0	2.6	3.0	0.197
path	1	0.0	1.065	0.188	0.43	AT3G01970	39.32	44.0	4.68	3.0	0.197
path	1	0.0	1.065	0.188	0.43	AT5G18560	41.28	44.0	2.72	3.0	0.197
path	1	0.0	1.065	1.424	0.859	AT5G29000	23.81	26.0	2.19	3.58	0.198
path	1	0.0	1.065	0.097	0.139	AT1G47655	21.6	23.0	1.4	3.56	0.199
path	1	0.0	1.065	0.185	0.297	AT4G38000	51.39	55.0	3.61	4.78	0.199
path	1	0.0	1.065	1.424	0.859	AT3G09600	31.19	34.0	2.81	3.99	0.199
path	1	0.0	1.065	0.185	0.297	AT5G10280	7.36	8.0	0.64	2.07	0.2
path	1	0.0	1.065	0.188	0.43	AT4G22070	28.63	32.0	3.37	2.6	0.202
path	1	0.0	1.065	1.424	0.859	AT1G31140	27.01	29.0	1.99	3.69	0.202
path	1	0.0	1.065	1.424	0.859	AT1G34180	34.51	37.0	2.49	4.1	0.202
path	1	0.0	1.065	0.185	0.297	AT5G51990	46.54	50.0	3.46	4.53	0.203
path	1	0.0	1.065	0.188	0.43	AT1G22070	10.35	11.0	0.65	1.72	0.204
path	1	0.0	1.065	0.097	0.139	AT3G50410	23.59	25.0	1.41	3.61	0.205
path	1	0.0	1.065	0.188	0.43	AT3G28920	65.39	70.0	4.61	3.47	0.205
path	1	0.0	1.065	1.424	0.859	AT2G02080	40.26	43.0	2.74	4.31	0.205
path	1	0.0	1.065	1.424	0.859	AT5G51990	42.84	46.0	3.16	4.42	0.205
path	1	0.0	1.065	0.188	0.43	AT3G10480	51.38	55.0	3.62	3.17	0.206
path	1	0.0	1.065	0.188	0.43	AT5G45580	76.46	81.0	4.54	3.64	0.206
path	1	0.0	1.065	1.424	0.859	AT1G01060	29.3	32.0	2.7	3.8	0.206
path	1	0.0	1.065	1.424	0.859	AT3G12250	45.38	49.0	3.62	4.53	0.206
path	1	0.0	1.065	1.424	0.859	AT4G25480	45.56	49.0	3.44	4.53	0.206
path	1	0.0	1.065	-0.388	0.55	AT1G01060	24.81	26.0	1.19	3.58	0.207
path	1	0.0	1.065	0.097	0.139	AT4G27900	3.86	4.0	0.14	1.57	0.207
path	1	0.0	1.065	0.097	0.139	AT5G67300	3.84	4.0	0.16	1.57	0.207
path	1	0.0	1.065	1.424	0.859	AT5G13910	6.57	7.0	0.43	1.94	0.208
path	1	0.0	1.065	0.185	0.297	AT5G45300	25.93	28.0	2.07	3.48	0.209
path	1	0.0	1.065	0.097	0.139	AT4G06746	14.09	15.0	0.91	2.85	0.21
path	1	0.0	1.065	0.188	0.43	AT2G30340	47.63	51.0	3.37	3.04	0.21
path	1	0.0	1.065	0.188	0.43	AT2G33710	61.09	66.0	4.91	3.34	0.21
path	1	0.0	1.065	0.185	0.297	AT2G06200	18.71	20.0	1.29	3.0	0.211
path	1	0.0	1.065	0.185	0.297	AT4G36160	52.27	56.0	3.73	4.6	0.211
path	1	0.0	1.065	0.188	0.43	AT4G16750	71.63	77.0	5.37	3.51	0.212
path	1	0.0	1.065	0.188	0.43	AT1G01250	5.42	6.0	0.58	1.36	0.213
path	1	0.0	1.065	0.188	0.43	AT4G04450	5.49	6.0	0.51	1.36	0.213
path	1	0.0	1.065	0.188	0.43	AT5G61270	5.68	6.0	0.32	1.36	0.213
path	1	0.0	1.065	1.424	0.859	AT1G32150	45.9	50.0	4.1	4.44	0.213
path	1	0.0	1.065	1.424	0.859	AT5G10030	43.36	47.0	3.64	4.34	0.213
path	1	0.0	1.065	0.188	0.43	AT4G23550	42.41	47.0	4.59	2.91	0.214
path	1	0.0	1.065	0.188	0.43	AT1G29280	56.84	62.0	5.16	3.21	0.215
path	1	0.0	1.065	0.188	0.43	AT5G65410	57.71	62.0	4.29	3.21	0.215
path	1	0.0	1.065	0.185	0.297	AT2G28810	47.82	51.0	3.18	4.34	0.217
path	1	0.0	1.065	0.188	0.43	AT4G01280	68.87	73.0	4.13	3.38	0.217
path	1	0.0	1.065	1.424	0.859	AT1G27360	3.85	4.0	0.15	1.47	0.218
path	1	0.0	1.065	1.424	0.859	AT3G07220	3.88	4.0	0.12	1.47	0.218
path	1	0.0	1.065	1.424	0.859	AT4G01280	33.26	36.0	2.74	3.82	0.218
path	1	0.0	1.065	-0.388	0.55	AT1G32150	34.19	36.0	1.81	3.85	0.219
path	1	0.0	1.065	-0.388	0.55	AT3G28910	9.6	10.0	0.4	2.3	0.219
path	1	0.0	1.065	-0.388	0.55	AT5G62470	9.55	10.0	0.45	2.3	0.219
path	1	0.0	1.065	0.185	0.297	AT3G09735	34.69	37.0	2.31	3.79	0.219
path	1	0.0	1.065	0.188	0.43	AT5G67450	14.29	15.0	0.71	1.85	0.22
path	1	0.0	1.065	-0.388	0.55	AT2G17900	1.95	2.0	0.05	1.09	0.222
path	1	0.0	1.065	-0.388	0.55	AT5G10510	1.93	2.0	0.07	1.09	0.222
path	1	0.0	1.065	1.424	0.859	AT1G34670	28.62	31.0	2.38	3.52	0.223
path	1	0.0	1.065	0.185	0.297	AT1G06180	17.68	19.0	1.32	2.79	0.225
path	1	0.0	1.065	0.188	0.43	AT1G72740	32.33	35.0	2.67	2.51	0.225
path	1	0.0	1.065	-0.388	0.55	AT1G30210	0.98	1.0	0.02	0.77	0.226
path	1	0.0	1.065	-0.388	0.55	AT2G39900	0.97	1.0	0.03	0.77	0.226
path	1	0.0	1.065	-0.388	0.55	AT3G07220	0.95	1.0	0.05	0.77	0.226
path	1	0.0	1.065	-0.388	0.55	AT5G38800	0.99	1.0	0.01	0.77	0.226
path	1	0.0	1.065	-0.388	0.55	AT3G20310	28.18	30.0	1.82	3.51	0.227
path	1	0.0	1.065	0.188	0.43	AT3G24050	17.39	19.0	1.61	1.98	0.227
path	1	0.0	1.065	0.188	0.43	AT5G47230	17.94	19.0	1.06	1.98	0.227
path	1	0.0	1.065	1.424	0.859	AT3G10113	23.85	26.0	2.15	3.22	0.227
path	1	0.0	1.065	1.424	0.859	AT3G58630	15.17	16.0	0.83	2.62	0.227
path	1	0.0	1.065	0.188	0.43	AT2G04038	99.44	105.0	5.56	3.66	0.228
path	1	0.0	1.065	1.424	0.859	AT3G11440	40.22	43.0	2.78	3.95	0.228
path	1	0.0	1.065	-0.388	0.55	AT1G74650	17.88	19.0	1.12	2.92	0.229
path	1	0.0	1.065	0.185	0.297	AT3G25990	14.98	16.0	1.02	2.56	0.229
path	1	0.0	1.065	0.097	0.139	AT5G62470	9.32	10.0	0.68	2.22	0.23
path	1	0.0	1.065	0.188	0.43	AT2G46680	47.37	50.0	2.63	2.81	0.231
path	1	0.0	1.065	0.188	0.43	AT4G32730	75.81	83.0	7.19	3.32	0.234
path	1	0.0	1.065	0.097	0.139	AT1G72740	19.81	21.0	1.19	3.01	0.235
path	1	0.0	1.065	0.185	0.297	AT3G03200	35.41	38.0	2.59	3.6	0.235
path	1	0.0	1.065	0.188	0.43	AT2G18160	95.4	101.0	5.6	3.53	0.235
path	1	0.0	1.065	-0.388	0.55	AT4G31550	4.61	5.0	0.39	1.6	0.236
path	1	0.0	1.065	0.188	0.43	AT1G47655	42.87	46.0	3.13	2.68	0.236
path	1	0.0	1.065	0.097	0.139	AT5G67580	20.8	22.0	1.2	3.04	0.237
path	1	0.0	1.065	1.424	0.859	AT2G24570	5.69	6.0	0.31	1.66	0.237
path	1	0.0	1.065	1.424	0.859	AT2G45680	5.57	6.0	0.43	1.66	0.237
path	1	0.0	1.065	-0.388	0.55	AT4G28500	13.86	15.0	1.14	2.55	0.24
path	1	0.0	1.065	1.424	0.859	AT2G15660	9.56	10.0	0.44	2.05	0.241
path	1	0.0	1.065	-0.388	0.55	AT4G18770	12.75	14.0	1.25	2.45	0.243
path	1	0.0	1.065	0.097	0.139	AT1G63040	0.98	1.0	0.02	0.76	0.243
path	1	0.0	1.065	0.097	0.139	AT4G14410	0.95	1.0	0.05	0.76	0.243
path	1	0.0	1.065	1.424	0.859	AT1G09540	30.57	33.0	2.43	3.35	0.243
path	1	0.0	1.065	1.424	0.859	AT4G10350	30.78	33.0	2.22	3.35	0.243
path	1	0.0	1.065	1.424	0.859	AT1G78700	35.73	39.0	3.27	3.57	0.245
path	1	0.0	1.065	0.185	0.297	AT4G17980	41.06	44.0	2.94	3.67	0.246
path	1	0.0	1.065	0.188	0.43	AT1G25550	35.63	38.0	2.37	2.42	0.246
path	1	0.0	1.065	-0.388	0.55	AT2G35530	35.16	37.0	1.84	3.49	0.247
path	1	0.0	1.065	0.188	0.43	AT5G04410	49.38	53.0	3.62	2.72	0.247
path	1	0.0	1.065	0.188	0.43	AT4G36740	60.34	64.0	3.66	2.89	0.248
path	1	0.0	1.065	0.188	0.43	AT4G38620	9.61	10.0	0.39	1.49	0.248
path	1	0.0	1.065	0.185	0.297	AT2G24430	42.86	46.0	3.14	3.69	0.249
path	1	0.0	1.065	0.188	0.43	AT1G78700	88.07	93.0	4.93	3.26	0.249
path	1	0.0	1.065	-0.388	0.55	AT1G19790	8.49	9.0	0.51	1.98	0.25
path	1	0.0	1.065	0.097	0.139	AT3G46070	1.94	2.0	0.06	1.03	0.25
path	1	0.0	1.065	0.097	0.139	AT4G17460	1.92	2.0	0.08	1.03	0.25
path	1	0.0	1.065	-0.388	0.55	AT1G34180	17.9	19.0	1.1	2.7	0.251
path	1	0.0	1.065	1.424	0.859	AT2G31460	2.92	3.0	0.08	1.19	0.253
path	1	0.0	1.065	1.424	0.859	AT2G46400	2.89	3.0	0.11	1.19	0.253
path	1	0.0	1.065	1.424	0.859	AT3G12910	2.91	3.0	0.09	1.19	0.253
path	1	0.0	1.065	1.424	0.859	AT3G22780	2.89	3.0	0.11	1.19	0.253
path	1	0.0	1.065	0.185	0.297	AT2G18160	45.94	50.0	4.06	3.74	0.254
path	1	0.0	1.065	0.188	0.43	AT5G66940	55.69	60.0	4.31	2.75	0.255
path	1	0.0	1.065	0.185	0.297	AT2G45650	4.63	5.0	0.37	1.44	0.256
path	1	0.0	1.065	0.097	0.139	AT5G05790	12.9	14.0	1.1	2.33	0.257
path	1	0.0	1.065	0.185	0.297	AT5G41570	65.07	69.0	3.93	4.15	0.257
path	1	0.0	1.065	0.188	0.43	AT1G13300	13.52	14.0	0.48	1.62	0.259
path	1	0.0	1.065	0.188	0.43	AT5G07100	12.78	14.0	1.22	1.62	0.259
path	1	0.0	1.065	0.188	0.43	AT5G07680	13.26	14.0	0.74	1.62	0.259
path	1	0.0	1.065	0.188	0.43	AT5G10030	90.51	96.0	5.49	3.17	0.259
path	1	0.0	1.065	-0.388	0.55	AT2G36270	32.16	34.0	1.84	3.21	0.261
path	1	0.0	1.065	0.188	0.43	AT3G50700	16.73	18.0	1.27	1.75	0.262
path	1	0.0	1.065	0.185	0.297	AT3G55370	56.16	60.0	3.84	3.85	0.263
path	1	0.0	1.065	1.424	0.859	AT1G52880	35.19	38.0	2.81	3.29	0.263
path	1	0.0	1.065	-0.388	0.55	AT1G32870	13.97	15.0	1.03	2.32	0.265
path	1	0.0	1.065	0.185	0.297	AT2G44940	35.48	38.0	2.52	3.2	0.265
path	1	0.0	1.065	1.424	0.859	AT1G19040	10.56	11.0	0.44	1.96	0.265
path	1	0.0	1.065	0.188	0.43	AT1G68550	68.68	74.0	5.32	2.83	0.267
path	1	0.0	1.065	0.185	0.297	AT3G12130	29.14	31.0	1.86	2.93	0.268
path	1	0.0	1.065	0.188	0.43	AT2G35700	58.48	63.0	4.52	2.66	0.269
path	1	0.0	1.065	0.097	0.139	AT5G61620	26.76	29.0	2.24	2.99	0.27
path	1	0.0	1.065	1.424	0.859	AT1G13400	8.45	9.0	0.55	1.77	0.271
path	1	0.0	1.065	1.424	0.859	AT1G74480	36.63	39.0	2.37	3.21	0.272
path	1	0.0	1.065	1.424	0.859	AT5G56110	35.84	39.0	3.16	3.21	0.272
path	1	0.0	1.065	1.424	0.859	AT1G51600	4.8	5.0	0.2	1.38	0.273
path	1	0.0	1.065	1.424	0.859	AT5G67300	4.76	5.0	0.24	1.38	0.273
path	1	0.0	1.065	1.424	0.859	AT2G17410	6.66	7.0	0.34	1.58	0.275
path	1	0.0	1.065	1.424	0.859	AT3G45170	6.69	7.0	0.31	1.58	0.275
path	1	0.0	1.065	1.424	0.859	AT4G01500	6.45	7.0	0.55	1.58	0.275
path	1	0.0	1.065	1.424	0.859	AT4G18890	6.4	7.0	0.6	1.58	0.275
path	1	0.0	1.065	0.097	0.139	AT1G03840	17.82	19.0	1.18	2.47	0.276
path	1	0.0	1.065	0.188	0.43	AT1G25340	45.16	48.0	2.84	2.36	0.276
path	1	0.0	1.065	0.188	0.43	AT3G45170	4.54	5.0	0.46	1.13	0.276
path	1	0.0	1.065	0.188	0.43	AT4G01720	4.42	5.0	0.58	1.13	0.276
path	1	0.0	1.065	-0.388	0.55	AT5G06950	21.77	23.0	1.23	2.62	0.277
path	1	0.0	1.065	0.188	0.43	AT2G03500	55.77	59.0	3.23	2.53	0.277
path	1	0.0	1.065	1.424	0.859	AT2G35700	43.0	46.0	3.0	3.34	0.277
path	1	0.0	1.065	0.188	0.43	AT3G12130	30.44	33.0	2.56	2.06	0.278
path	1	0.0	1.065	0.185	0.297	AT5G66940	44.87	48.0	3.13	3.32	0.279
path	1	0.0	1.065	1.424	0.859	AT3G06740	20.58	22.0	1.42	2.48	0.279
path	1	0.0	1.065	0.185	0.297	AT4G36620	3.85	4.0	0.15	1.23	0.28
path	1	0.0	1.065	0.097	0.139	AT1G19790	12.22	13.0	0.78	2.06	0.282
path	1	0.0	1.065	0.185	0.297	AT3G18990	36.51	39.0	2.49	3.02	0.282
path	1	0.0	1.065	0.185	0.297	AT1G77200	50.47	54.0	3.53	3.39	0.284
path	1	0.0	1.065	0.188	0.43	AT3G09735	40.82	44.0	3.18	2.23	0.284
path	1	0.0	1.065	-0.388	0.55	AT1G13400	4.76	5.0	0.24	1.38	0.285
path	1	0.0	1.065	-0.388	0.55	AT2G45680	4.81	5.0	0.19	1.38	0.285
path	1	0.0	1.065	-0.388	0.55	AT5G17300	23.66	25.0	1.34	2.58	0.288
path	1	0.0	1.065	0.185	0.297	AT1G22810	40.11	43.0	2.89	3.06	0.288
path	1	0.0	1.065	0.097	0.139	AT3G24120	27.84	30.0	2.16	2.78	0.291
path	1	0.0	1.065	0.188	0.43	AT1G36060	37.58	40.0	2.42	2.09	0.291
path	1	0.0	1.065	0.188	0.43	AT3G50410	36.84	40.0	3.16	2.09	0.291
path	1	0.0	1.065	1.424	0.859	AT1G25550	21.43	23.0	1.57	2.39	0.292
path	1	0.0	1.065	1.424	0.859	AT3G10500	32.77	35.0	2.23	2.82	0.292
path	1	0.0	1.065	0.097	0.139	AT5G02460	32.71	35.0	2.29	2.92	0.293
path	1	0.0	1.065	1.424	0.859	AT1G55110	29.88	32.0	2.12	2.71	0.293
path	1	0.0	1.065	0.185	0.297	AT1G19790	18.73	20.0	1.27	2.21	0.294
path	1	0.0	1.065	0.097	0.139	AT1G75490	15.85	17.0	1.15	2.17	0.296
path	1	0.0	1.065	0.097	0.139	AT5G62320	15.78	17.0	1.22	2.17	0.296
path	1	0.0	1.065	0.188	0.43	AT3G52440	64.27	69.0	4.73	2.47	0.296
path	1	0.0	1.065	0.185	0.297	AT4G00730	35.41	38.0	2.59	2.81	0.297
path	1	0.0	1.065	1.424	0.859	AT3G09230	1.92	2.0	0.08	0.92	0.297
path	1	0.0	1.065	1.424	0.859	AT3G30210	9.13	10.0	0.87	1.68	0.297
path	1	0.0	1.065	1.424	0.859	AT4G24240	1.95	2.0	0.05	0.92	0.297
path	1	0.0	1.065	1.424	0.859	AT4G30080	1.88	2.0	0.12	0.92	0.297
path	1	0.0	1.065	1.424	0.859	AT5G59990	9.42	10.0	0.58	1.68	0.297
path	1	0.0	1.065	0.188	0.43	AT1G22810	54.01	58.0	3.99	2.3	0.299
path	1	0.0	1.065	0.188	0.43	AT1G27730	33.72	36.0	2.28	1.96	0.299
path	1	0.0	1.065	0.188	0.43	AT2G02080	53.87	58.0	4.13	2.3	0.299
path	1	0.0	1.065	0.188	0.43	AT5G14340	8.7	9.0	0.3	1.26	0.299
path	1	0.0	1.065	1.424	0.859	AT5G15830	44.95	49.0	4.05	3.08	0.3
path	1	0.0	1.065	0.097	0.139	AT3G10030	18.0	19.0	1.0	2.23	0.301
path	1	0.0	1.065	0.188	0.43	AT2G40740	42.09	47.0	4.91	2.13	0.301
path	1	0.0	1.065	1.424	0.859	AT2G33550	16.82	18.0	1.18	2.09	0.301
path	1	0.0	1.065	1.424	0.859	AT3G04060	33.66	36.0	2.34	2.74	0.301
path	1	0.0	1.065	1.424	0.859	AT5G66300	16.75	18.0	1.25	2.09	0.301
path	1	0.0	1.065	0.185	0.297	AT3G12720	28.74	31.0	2.26	2.53	0.302
path	1	0.0	1.065	0.188	0.43	AT2G03340	11.02	13.0	1.98	1.4	0.303
path	1	0.0	1.065	1.424	0.859	AT1G08320	42.55	46.0	3.45	2.98	0.303
path	1	0.0	1.065	0.188	0.43	AT3G45610	60.57	65.0	4.43	2.34	0.304
path	1	0.0	1.065	0.188	0.43	AT4G31060	60.16	65.0	4.84	2.34	0.304
path	1	0.0	1.065	-0.388	0.55	AT1G12610	11.33	12.0	0.67	1.81	0.306
path	1	0.0	1.065	0.185	0.297	AT1G26960	43.04	46.0	2.96	2.9	0.306
path	1	0.0	1.065	0.185	0.297	AT5G46590	11.13	12.0	0.87	1.72	0.306
path	1	0.0	1.065	0.188	0.43	AT1G79180	30.25	32.0	1.75	1.83	0.308
path	1	0.0	1.065	0.188	0.43	AT3G06740	29.86	32.0	2.14	1.83	0.308
path	1	0.0	1.065	0.185	0.297	AT1G13300	2.65	3.0	0.35	1.02	0.309
path	1	0.0	1.065	0.185	0.297	AT3G23250	2.67	3.0	0.33	1.02	0.309
path	1	0.0	1.065	1.424	0.859	AT3G04030	34.26	37.0	2.74	2.65	0.31
path	1	0.0	1.065	0.097	0.139	AT3G50060	27.19	29.0	1.81	2.51	0.311
path	1	0.0	1.065	0.097	0.139	AT4G37260	27.18	29.0	1.82	2.51	0.311
path	1	0.0	1.065	0.185	0.297	AT4G26640	35.2	37.0	1.8	2.6	0.312
path	1	0.0	1.065	1.424	0.859	AT2G02820	57.01	61.0	3.99	3.15	0.312
path	1	0.0	1.065	0.097	0.139	AT3G30210	6.41	7.0	0.59	1.41	0.316
path	1	0.0	1.065	0.097	0.139	AT5G59990	6.61	7.0	0.39	1.41	0.316
path	1	0.0	1.065	0.188	0.43	AT3G30210	26.69	28.0	1.31	1.7	0.316
path	1	0.0	1.065	1.424	0.859	AT4G11660	26.4	28.0	1.6	2.33	0.316
path	1	0.0	1.065	-0.388	0.55	AT4G30080	1.95	2.0	0.05	0.87	0.317
path	1	0.0	1.065	0.188	0.43	AT2G30250	44.17	50.0	5.83	2.04	0.317
path	1	0.0	1.065	0.185	0.297	AT4G25470	39.87	43.0	3.13	2.67	0.318
path	1	0.0	1.065	1.424	0.859	AT1G23810	3.82	4.0	0.18	1.11	0.318
path	1	0.0	1.065	1.424	0.859	AT5G61270	3.79	4.0	0.21	1.11	0.318
path	1	0.0	1.065	1.424	0.859	AT5G67000	3.83	4.0	0.17	1.11	0.318
path	1	0.0	1.065	0.188	0.43	AT3G49530	35.87	39.0	3.13	1.87	0.319
path	1	0.0	1.065	0.188	0.43	AT4G01550	35.73	39.0	3.27	1.87	0.319
path	1	0.0	1.065	0.188	0.43	AT5G24110	35.63	39.0	3.37	1.87	0.319
path	1	0.0	1.065	0.185	0.297	AT1G75240	43.82	47.0	3.18	2.71	0.321
path	1	0.0	1.065	0.185	0.297	AT2G02070	29.88	32.0	2.12	2.34	0.322
path	1	0.0	1.065	0.185	0.297	AT3G02990	5.67	6.0	0.33	1.26	0.322
path	1	0.0	1.065	0.188	0.43	AT5G41570	51.58	57.0	5.42	2.08	0.323
path	1	0.0	1.065	-0.388	0.55	AT1G03800	24.32	26.0	1.68	2.23	0.324
path	1	0.0	1.065	0.185	0.297	AT1G52150	21.13	23.0	1.87	2.04	0.325
path	1	0.0	1.065	0.185	0.297	AT5G54230	31.14	34.0	2.86	2.37	0.325
path	1	0.0	1.065	0.188	0.43	AT5G63090	22.27	24.0	1.73	1.57	0.325
path	1	0.0	1.065	0.185	0.297	AT4G34590	14.68	16.0	1.32	1.77	0.327
path	1	0.0	1.065	0.188	0.43	AT3G10500	42.63	46.0	3.37	1.91	0.327
path	1	0.0	1.065	1.424	0.859	AT5G65210	36.02	39.0	2.98	2.48	0.328
path	1	0.0	1.065	0.097	0.139	AT2G45680	3.71	4.0	0.29	1.08	0.329
path	1	0.0	1.065	0.188	0.43	AT1G02250	31.77	35.0	3.23	1.74	0.329
path	1	0.0	1.065	1.424	0.859	AT3G15170	18.67	20.0	1.33	1.92	0.329
path	1	0.0	1.065	1.424	0.859	AT2G46590	42.96	46.0	3.04	2.61	0.33
path	1	0.0	1.065	0.185	0.297	AT2G28920	10.08	11.0	0.92	1.51	0.331
path	1	0.0	1.065	-0.388	0.55	AT1G75080	5.72	6.0	0.28	1.25	0.332
path	1	0.0	1.065	-0.388	0.55	AT3G27010	5.72	6.0	0.28	1.25	0.332
path	1	0.0	1.065	-0.388	0.55	AT4G24020	2.87	3.0	0.13	0.96	0.333
path	1	0.0	1.065	0.188	0.43	AT4G26030	49.89	53.0	3.11	1.94	0.333
path	1	0.0	1.065	0.188	0.43	AT5G06100	49.01	53.0	3.99	1.94	0.333
path	1	0.0	1.065	1.424	0.859	AT5G62380	30.72	33.0	2.28	2.27	0.334
path	1	0.0	1.065	-0.388	0.55	AT3G58630	4.64	5.0	0.36	1.15	0.335
path	1	0.0	1.065	0.188	0.43	AT3G50260	85.89	92.0	6.11	2.26	0.335
path	1	0.0	1.065	-0.388	0.55	AT2G38300	3.83	4.0	0.17	1.06	0.336
path	1	0.0	1.065	0.188	0.43	AT3G62420	106.64	113.0	6.36	2.38	0.336
path	1	0.0	1.065	0.188	0.43	AT2G02070	39.07	42.0	2.93	1.77	0.337
path	1	0.0	1.065	0.188	0.43	AT5G18270	56.04	60.0	3.96	1.98	0.337
path	1	0.0	1.065	0.188	0.43	AT5G63260	55.71	60.0	4.29	1.98	0.337
path	1	0.0	1.065	1.424	0.859	AT3G18400	37.08	40.0	2.92	2.4	0.337
path	1	0.0	1.065	-0.388	0.55	AT2G44940	14.98	16.0	1.02	1.74	0.34
path	1	0.0	1.065	0.185	0.297	AT5G67580	31.04	33.0	1.96	2.16	0.341
path	1	0.0	1.065	1.424	0.859	AT1G75490	22.29	24.0	1.71	1.95	0.341
path	1	0.0	1.065	0.188	0.43	AT1G18570	15.35	16.0	0.65	1.3	0.343
path	1	0.0	1.065	0.188	0.43	AT3G21890	45.27	49.0	3.73	1.81	0.343
path	1	0.0	1.065	0.185	0.297	AT3G16280	34.54	37.0	2.46	2.2	0.345
path	1	0.0	1.065	0.185	0.297	AT5G14340	1.78	2.0	0.22	0.81	0.345
path	1	0.0	1.065	0.185	0.297	AT5G49300	1.95	2.0	0.05	0.81	0.345
path	1	0.0	1.065	0.185	0.297	AT5G56930	1.92	2.0	0.08	0.81	0.345
path	1	0.0	1.065	0.185	0.297	AT5G62165	1.92	2.0	0.08	0.81	0.345
path	1	0.0	1.065	-0.388	0.55	AT2G42200	17.85	19.0	1.15	1.79	0.346
path	1	0.0	1.065	-0.388	0.55	AT3G15270	24.52	26.0	1.48	2.0	0.346
path	1	0.0	1.065	-0.388	0.55	AT1G28470	13.6	15.0	1.4	1.64	0.347
path	1	0.0	1.065	0.185	0.297	AT3G44480	36.29	39.0	2.71	2.23	0.347
path	1	0.0	1.065	1.424	0.859	AT1G22070	6.57	7.0	0.43	1.22	0.347
path	1	0.0	1.065	1.424	0.859	AT1G47655	28.92	31.0	2.08	2.08	0.347
path	1	0.0	1.065	1.424	0.859	AT5G54230	28.39	31.0	2.61	2.08	0.347
path	1	0.0	1.065	1.424	0.859	AT5G58900	28.42	31.0	2.58	2.08	0.347
path	1	0.0	1.065	0.188	0.43	AT1G03840	35.35	38.0	2.65	1.64	0.348
path	1	0.0	1.065	0.185	0.297	AT4G05100	13.65	15.0	1.35	1.56	0.349
path	1	0.0	1.065	-0.388	0.55	AT5G64750	20.48	22.0	1.52	1.85	0.35
path	1	0.0	1.065	-0.388	0.55	AT4G25480	23.48	25.0	1.52	1.91	0.352
path	1	0.0	1.065	0.097	0.139	AT1G76870	1.92	2.0	0.08	0.78	0.352
path	1	0.0	1.065	0.185	0.297	AT5G60850	45.59	49.0	3.41	2.34	0.352
path	1	0.0	1.065	0.188	0.43	AT2G42590	11.35	12.0	0.65	1.17	0.352
path	1	0.0	1.065	0.188	0.43	AT5G13910	11.35	12.0	0.65	1.17	0.352
path	1	0.0	1.065	-0.388	0.55	AT4G31800	16.29	18.0	1.71	1.7	0.353
path	1	0.0	1.065	0.185	0.297	AT4G25480	47.24	51.0	3.76	2.37	0.353
path	1	0.0	1.065	0.188	0.43	AT3G55370	64.7	70.0	5.3	1.92	0.353
path	1	0.0	1.065	-0.388	0.55	AT5G11260	29.35	31.0	1.65	2.02	0.354
path	1	0.0	1.065	0.097	0.139	AT5G06100	26.22	28.0	1.78	1.99	0.354
path	1	0.0	1.065	0.185	0.297	AT3G62420	50.39	55.0	4.61	2.41	0.354
path	1	0.0	1.065	0.188	0.43	AT1G74480	41.43	45.0	3.57	1.68	0.354
path	1	0.0	1.065	0.097	0.139	AT3G04030	23.16	25.0	1.84	1.91	0.355
path	1	0.0	1.065	0.185	0.297	AT1G29280	57.26	61.0	3.74	2.48	0.355
path	1	0.0	1.065	0.185	0.297	AT3G13350	4.68	5.0	0.32	1.05	0.355
path	1	0.0	1.065	-0.388	0.55	AT2G06200	8.48	9.0	0.52	1.3	0.356
path	1	0.0	1.065	-0.388	0.55	AT4G11660	8.29	9.0	0.71	1.3	0.356
path	1	0.0	1.065	0.185	0.297	AT4G11660	28.25	30.0	1.75	1.93	0.356
path	1	0.0	1.065	0.188	0.43	AT1G53170	83.95	91.0	7.05	2.04	0.356
path	1	0.0	1.065	1.424	0.859	AT5G47230	9.3	10.0	0.7	1.32	0.356
path	1	0.0	1.065	0.188	0.43	AT1G19040	3.33	4.0	0.67	0.91	0.357
path	1	0.0	1.065	0.188	0.43	AT4G17460	3.82	4.0	0.18	0.91	0.357
path	1	0.0	1.065	0.188	0.43	AT4G28110	3.84	4.0	0.16	0.91	0.357
path	1	0.0	1.065	0.188	0.43	AT1G30650	47.23	52.0	4.77	1.72	0.358
path	1	0.0	1.065	1.424	0.859	AT3G47500	36.43	39.0	2.57	2.12	0.358
path	1	0.0	1.065	1.424	0.859	AT5G06839	36.0	39.0	3.0	2.12	0.358
path	1	0.0	1.065	0.188	0.43	AT1G77640	7.26	8.0	0.74	1.04	0.359
path	1	0.0	1.065	0.188	0.43	AT3G30530	7.63	8.0	0.37	1.04	0.359
path	1	0.0	1.065	-0.388	0.55	AT5G13080	15.39	17.0	1.61	1.6	0.36
path	1	0.0	1.065	1.424	0.859	AT2G02070	27.06	29.0	1.94	1.88	0.361
path	1	0.0	1.065	1.424	0.859	AT3G61150	26.74	29.0	2.26	1.88	0.361
path	1	0.0	1.065	1.424	0.859	AT1G69490	33.31	36.0	2.69	2.01	0.362
path	1	0.0	1.065	1.424	0.859	AT1G70910	0.98	1.0	0.02	0.64	0.362
path	1	0.0	1.065	1.424	0.859	AT2G21900	4.77	5.0	0.23	1.02	0.362
path	1	0.0	1.065	1.424	0.859	AT2G38090	0.94	1.0	0.06	0.64	0.362
path	1	0.0	1.065	1.424	0.859	AT4G38170	39.97	43.0	3.03	2.15	0.362
path	1	0.0	1.065	1.424	0.859	AT5G66940	40.14	43.0	2.86	2.15	0.362
path	1	0.0	1.065	0.188	0.43	AT1G77200	61.14	66.0	4.86	1.79	0.363
path	1	0.0	1.065	0.188	0.43	AT1G75490	38.42	41.0	2.58	1.55	0.366
path	1	0.0	1.065	0.188	0.43	AT2G01060	38.42	41.0	2.58	1.55	0.366
path	1	0.0	1.065	-0.388	0.55	AT1G62300	10.79	12.0	1.21	1.36	0.368
path	1	0.0	1.065	0.185	0.297	AT2G30250	73.77	78.0	4.23	2.48	0.368
path	1	0.0	1.065	0.097	0.139	AT2G33710	31.81	34.0	2.19	1.92	0.372
path	1	0.0	1.065	0.097	0.139	AT5G03150	9.35	10.0	0.65	1.25	0.372
path	1	0.0	1.065	0.188	0.43	AT1G30490	52.19	55.0	2.81	1.62	0.373
path	1	0.0	1.065	0.188	0.43	AT2G18350	51.2	55.0	3.8	1.62	0.373
path	1	0.0	1.065	0.188	0.43	AT2G23290	50.87	55.0	4.13	1.62	0.373
path	1	0.0	1.065	1.424	0.859	AT1G01250	7.62	8.0	0.38	1.13	0.373
path	1	0.0	1.065	0.185	0.297	AT4G26030	26.74	29.0	2.26	1.72	0.375
path	1	0.0	1.065	0.188	0.43	AT5G10280	18.12	19.0	0.88	1.21	0.375
path	1	0.0	1.065	1.424	0.859	AT1G20910	25.26	27.0	1.74	1.69	0.375
path	1	0.0	1.065	0.188	0.43	AT1G50640	64.41	69.0	4.59	1.7	0.376
path	1	0.0	1.065	0.097	0.139	AT5G58900	19.26	21.0	1.74	1.56	0.379
path	1	0.0	1.065	0.185	0.297	AT2G01818	15.11	16.0	0.89	1.37	0.379
path	1	0.0	1.065	0.097	0.139	AT1G16490	18.52	20.0	1.48	1.53	0.38
path	1	0.0	1.065	0.097	0.139	AT1G25340	15.74	17.0	1.26	1.44	0.38
path	1	0.0	1.065	0.097	0.139	AT1G45249	18.38	20.0	1.62	1.53	0.38
path	1	0.0	1.065	0.097	0.139	AT3G47600	2.8	3.0	0.2	0.81	0.38
path	1	0.0	1.065	-0.388	0.55	AT5G15830	31.21	33.0	1.79	1.75	0.381
path	1	0.0	1.065	0.185	0.297	AT5G16820	36.43	39.0	2.57	1.83	0.381
path	1	0.0	1.065	-0.388	0.55	AT3G08500	13.18	14.0	0.82	1.32	0.383
path	1	0.0	1.065	-0.388	0.55	AT3G23240	13.18	14.0	0.82	1.32	0.383
path	1	0.0	1.065	1.424	0.859	AT4G27950	19.43	21.0	1.57	1.48	0.383
path	1	0.0	1.065	1.424	0.859	AT5G63260	39.16	42.0	2.84	1.87	0.383
path	1	0.0	1.065	0.188	0.43	AT2G23320	45.79	51.0	5.21	1.49	0.385
path	1	0.0	1.065	-0.388	0.55	AT1G69180	16.04	17.0	0.96	1.38	0.387
path	1	0.0	1.065	-0.388	0.55	AT3G24520	15.88	17.0	1.12	1.38	0.387
path	1	0.0	1.065	0.185	0.297	AT3G12820	8.18	9.0	0.82	1.09	0.387
path	1	0.0	1.065	0.188	0.43	AT3G61150	54.59	58.0	3.41	1.53	0.387
path	1	0.0	1.065	0.188	0.43	AT5G67190	60.18	65.0	4.82	1.57	0.387
path	1	0.0	1.065	0.188	0.43	AT5G05550	79.15	86.0	6.85	1.68	0.388
path	1	0.0	1.065	1.424	0.859	AT2G46770	29.71	32.0	2.29	1.63	0.39
path	1	0.0	1.065	0.185	0.297	AT2G22430	25.91	28.0	2.09	1.51	0.394
path	1	0.0	1.065	-0.388	0.55	AT4G18450	3.82	4.0	0.18	0.83	0.395
path	1	0.0	1.065	0.185	0.297	AT1G23810	3.8	4.0	0.2	0.84	0.395
path	1	0.0	1.065	0.185	0.297	AT1G47870	0.98	1.0	0.02	0.6	0.395
path	1	0.0	1.065	0.185	0.297	AT1G73730	0.77	1.0	0.23	0.6	0.395
path	1	0.0	1.065	0.185	0.297	AT2G48100	0.97	1.0	0.03	0.6	0.395
path	1	0.0	1.065	0.185	0.297	AT3G49930	0.97	1.0	0.03	0.6	0.395
path	1	0.0	1.065	0.185	0.297	AT4G37790	0.93	1.0	0.07	0.6	0.395
path	1	0.0	1.065	0.185	0.297	AT5G13790	10.05	11.0	0.95	1.11	0.395
path	1	0.0	1.065	0.185	0.297	AT5G16600	0.93	1.0	0.07	0.6	0.395
path	1	0.0	1.065	0.188	0.43	AT5G18450	37.26	40.0	2.74	1.32	0.396
path	1	0.0	1.065	1.424	0.859	AT1G16490	26.8	29.0	2.2	1.52	0.396
path	1	0.0	1.065	0.185	0.297	AT3G22830	31.76	34.0	2.24	1.58	0.397
path	1	0.0	1.065	0.185	0.297	AT3G24520	37.23	40.0	2.77	1.65	0.398
path	1	0.0	1.065	0.185	0.297	AT5G15830	47.57	52.0	4.43	1.78	0.398
path	1	0.0	1.065	0.188	0.43	AT1G26960	49.92	54.0	4.08	1.4	0.399
path	1	0.0	1.065	-0.388	0.55	AT4G01250	10.87	12.0	1.13	1.13	0.4
path	1	0.0	1.065	0.188	0.43	AT3G01220	57.77	61.0	3.23	1.43	0.4
path	1	0.0	1.065	0.097	0.139	AT2G31230	24.06	26.0	1.94	1.45	0.401
path	1	0.0	1.065	0.188	0.43	AT5G03150	20.55	22.0	1.45	1.11	0.401
path	1	0.0	1.065	1.424	0.859	AT1G77200	44.78	48.0	3.22	1.72	0.401
path	1	0.0	1.065	-0.388	0.55	AT1G10720	0.95	1.0	0.05	0.55	0.402
path	1	0.0	1.065	-0.388	0.55	AT1G18960	0.99	1.0	0.01	0.55	0.402
path	1	0.0	1.065	-0.388	0.55	AT1G32510	0.97	1.0	0.03	0.55	0.402
path	1	0.0	1.065	-0.388	0.55	AT3G02150	0.93	1.0	0.07	0.55	0.402
path	1	0.0	1.065	-0.388	0.55	AT3G09230	0.97	1.0	0.03	0.55	0.402
path	1	0.0	1.065	-0.388	0.55	AT3G46070	0.96	1.0	0.04	0.55	0.402
path	1	0.0	1.065	-0.388	0.55	AT3G47620	0.99	1.0	0.01	0.55	0.402
path	1	0.0	1.065	-0.388	0.55	AT3G56850	31.16	33.0	1.84	1.53	0.402
path	1	0.0	1.065	-0.388	0.55	AT5G42820	0.97	1.0	0.03	0.55	0.402
path	1	0.0	1.065	-0.388	0.55	AT5G62165	0.97	1.0	0.03	0.55	0.402
path	1	0.0	1.065	0.097	0.139	AT5G45580	22.98	25.0	2.02	1.42	0.402
path	1	0.0	1.065	-0.388	0.55	AT1G69560	2.76	3.0	0.24	0.74	0.403
path	1	0.0	1.065	-0.388	0.55	AT3G57920	14.11	15.0	0.89	1.19	0.403
path	1	0.0	1.065	-0.388	0.55	AT4G01540	16.43	18.0	1.57	1.25	0.405
path	1	0.0	1.065	-0.388	0.55	AT4G17980	16.81	18.0	1.19	1.25	0.405
path	1	0.0	1.065	-0.388	0.55	AT5G65310	22.69	24.0	1.31	1.36	0.405
path	1	0.0	1.065	0.097	0.139	AT3G46590	6.64	7.0	0.36	0.92	0.406
path	1	0.0	1.065	0.097	0.139	AT3G60490	18.56	20.0	1.44	1.29	0.406
path	1	0.0	1.065	0.188	0.43	AT2G45650	10.49	11.0	0.51	0.94	0.406
path	1	0.0	1.065	0.188	0.43	AT3G60530	9.85	11.0	1.15	0.94	0.406
path	1	0.0	1.065	0.188	0.43	AT4G36780	87.0	92.0	5.0	1.49	0.408
path	1	0.0	1.065	-0.388	0.55	AT1G20910	10.23	11.0	0.77	1.04	0.409
path	1	0.0	1.065	1.424	0.859	AT3G10480	31.6	34.0	2.4	1.46	0.409
path	1	0.0	1.065	0.097	0.139	AT1G79180	9.22	10.0	0.78	1.01	0.41
path	1	0.0	1.065	0.188	0.43	AT5G09410	31.85	36.0	4.15	1.19	0.41
path	1	0.0	1.065	0.188	0.43	AT1G02230	39.22	43.0	3.78	1.23	0.412
path	1	0.0	1.065	0.188	0.43	AT1G12630	59.25	64.0	4.75	1.34	0.412
path	1	0.0	1.065	0.188	0.43	AT3G60490	46.77	50.0	3.23	1.26	0.412
path	1	0.0	1.065	0.188	0.43	AT5G29000	60.7	64.0	3.3	1.34	0.412
path	1	0.0	1.065	-0.388	0.55	AT3G25990	6.59	7.0	0.41	0.89	0.413
path	1	0.0	1.065	0.185	0.297	AT1G51220	23.11	25.0	1.89	1.28	0.413
path	1	0.0	1.065	0.185	0.297	AT5G47660	30.81	33.0	2.19	1.37	0.415
path	1	0.0	1.065	1.424	0.859	AT3G22830	28.95	31.0	2.05	1.35	0.415
path	1	0.0	1.065	1.424	0.859	AT2G41690	9.39	10.0	0.61	0.96	0.416
path	1	0.0	1.065	1.424	0.859	AT3G23210	6.4	7.0	0.6	0.85	0.42
path	1	0.0	1.065	-0.388	0.55	AT4G00730	14.95	16.0	1.05	1.06	0.423
path	1	0.0	1.065	0.097	0.139	AT2G18380	25.41	27.0	1.59	1.24	0.423
path	1	0.0	1.065	0.188	0.43	AT1G08010	22.35	25.0	2.65	1.02	0.423
path	1	0.0	1.065	0.188	0.43	AT3G50060	48.94	53.0	4.06	1.17	0.426
path	1	0.0	1.065	0.097	0.139	AT1G60920	0.98	1.0	0.02	0.51	0.427
path	1	0.0	1.065	0.097	0.139	AT5G22890	0.95	1.0	0.05	0.51	0.427
path	1	0.0	1.065	0.188	0.43	AT1G55110	42.8	46.0	3.2	1.13	0.427
path	1	0.0	1.065	0.188	0.43	AT1G65620	6.38	7.0	0.62	0.81	0.427
path	1	0.0	1.065	0.188	0.43	AT3G51080	6.52	7.0	0.48	0.81	0.427
path	1	0.0	1.065	0.188	0.43	AT4G27950	36.63	39.0	2.37	1.09	0.427
path	1	0.0	1.065	0.188	0.43	AT4G28140	6.24	7.0	0.76	0.81	0.427
path	1	0.0	1.065	0.188	0.43	AT5G10140	6.59	7.0	0.41	0.81	0.427
path	1	0.0	1.065	0.188	0.43	AT5G43840	6.4	7.0	0.6	0.81	0.427
path	1	0.0	1.065	0.188	0.43	AT5G62320	43.26	46.0	2.74	1.13	0.427
path	1	0.0	1.065	-0.388	0.55	AT3G23220	8.54	9.0	0.46	0.85	0.43
path	1	0.0	1.065	0.185	0.297	AT5G02840	12.66	14.0	1.34	0.95	0.43
path	1	0.0	1.065	-0.388	0.55	AT5G45300	14.16	15.0	0.84	0.96	0.432
path	1	0.0	1.065	0.185	0.297	AT3G50410	33.71	36.0	2.29	1.2	0.433
path	1	0.0	1.065	0.185	0.297	AT4G37180	31.29	34.0	2.71	1.18	0.433
path	1	0.0	1.065	0.188	0.43	AT3G24120	72.16	77.0	4.84	1.19	0.434
path	1	0.0	1.065	-0.388	0.55	AT5G39820	4.72	5.0	0.28	0.7	0.437
path	1	0.0	1.065	0.097	0.139	AT2G26960	15.86	17.0	1.14	0.96	0.437
path	1	0.0	1.065	0.097	0.139	AT4G01680	15.64	17.0	1.36	0.96	0.437
path	1	0.0	1.065	1.424	0.859	AT4G26030	23.94	26.0	2.06	1.05	0.439
path	1	0.0	1.065	-0.388	0.55	AT1G34190	15.89	17.0	1.11	0.92	0.441
path	1	0.0	1.065	-0.388	0.55	AT1G69780	16.08	17.0	0.92	0.92	0.441
path	1	0.0	1.065	0.097	0.139	AT4G27950	12.94	14.0	1.06	0.88	0.441
path	1	0.0	1.065	-0.388	0.55	AT3G60580	7.45	8.0	0.55	0.75	0.442
path	1	0.0	1.065	-0.388	0.55	AT5G61600	7.6	8.0	0.4	0.75	0.442
path	1	0.0	1.065	0.188	0.43	AT1G13260	19.57	21.0	1.43	0.89	0.442
path	1	0.0	1.065	0.188	0.43	AT1G44830	19.43	21.0	1.57	0.89	0.442
path	1	0.0	1.065	1.424	0.859	AT3G12820	7.25	8.0	0.75	0.77	0.442
path	1	0.0	1.065	0.185	0.297	AT2G36270	50.45	55.0	4.55	1.22	0.443
path	1	0.0	1.065	0.185	0.297	AT1G32150	46.52	51.0	4.48	1.18	0.445
path	1	0.0	1.065	0.097	0.139	AT3G21175	9.34	10.0	0.66	0.76	0.447
path	1	0.0	1.065	0.188	0.43	AT2G38340	68.32	73.0	4.68	1.06	0.447
path	1	0.0	1.065	0.097	0.139	AT1G10720	1.92	2.0	0.08	0.54	0.45
path	1	0.0	1.065	0.097	0.139	AT1G74480	23.41	25.0	1.59	0.94	0.45
path	1	0.0	1.065	0.097	0.139	AT4G38620	1.83	2.0	0.17	0.54	0.45
path	1	0.0	1.065	0.097	0.139	AT5G56110	22.87	25.0	2.13	0.94	0.45
path	1	0.0	1.065	1.424	0.859	AT3G02990	4.69	5.0	0.31	0.66	0.45
path	1	0.0	1.065	-0.388	0.55	AT5G59990	3.74	4.0	0.26	0.6	0.452
path	1	0.0	1.065	-0.388	0.55	AT5G47220	9.43	10.0	0.57	0.72	0.454
path	1	0.0	1.065	0.097	0.139	AT2G42590	3.71	4.0	0.29	0.6	0.454
path	1	0.0	1.065	0.097	0.139	AT3G13350	2.8	3.0	0.2	0.57	0.454
path	1	0.0	1.065	0.097	0.139	AT4G17785	3.64	4.0	0.36	0.6	0.454
path	1	0.0	1.065	0.097	0.139	AT5G13910	3.71	4.0	0.29	0.6	0.454
path	1	0.0	1.065	0.185	0.297	AT3G57920	26.79	29.0	2.21	0.93	0.454
path	1	0.0	1.065	0.188	0.43	AT3G47500	48.13	52.0	3.87	0.94	0.454
path	1	0.0	1.065	-0.388	0.55	AT3G10030	6.35	7.0	0.65	0.66	0.455
path	1	0.0	1.065	-0.388	0.55	AT3G20770	6.22	7.0	0.78	0.66	0.455
path	1	0.0	1.065	1.424	0.859	AT1G52150	18.29	20.0	1.71	0.84	0.456
path	1	0.0	1.065	0.185	0.297	AT1G22070	6.53	7.0	0.47	0.67	0.457
path	1	0.0	1.065	0.185	0.297	AT5G08130	6.4	7.0	0.6	0.67	0.457
path	1	0.0	1.065	0.097	0.139	AT2G40260	19.49	21.0	1.51	0.83	0.458
path	1	0.0	1.065	1.424	0.859	AT4G14770	45.08	48.0	2.92	1.0	0.458
path	1	0.0	1.065	-0.388	0.55	AT3G12720	14.09	15.0	0.91	0.74	0.461
path	1	0.0	1.065	0.188	0.43	AT1G27360	2.77	3.0	0.23	0.68	0.462
path	1	0.0	1.065	0.188	0.43	AT1G51600	2.7	3.0	0.3	0.68	0.462
path	1	0.0	1.065	0.188	0.43	AT1G76870	2.82	3.0	0.18	0.68	0.462
path	1	0.0	1.065	0.188	0.43	AT1G76880	2.77	3.0	0.23	0.68	0.462
path	1	0.0	1.065	0.188	0.43	AT2G38090	2.91	3.0	0.09	0.68	0.462
path	1	0.0	1.065	0.188	0.43	AT2G41835	2.72	3.0	0.28	0.68	0.462
path	1	0.0	1.065	0.188	0.43	AT5G16600	2.91	3.0	0.09	0.68	0.462
path	1	0.0	1.065	0.188	0.43	AT5G22890	2.88	3.0	0.12	0.68	0.462
path	1	0.0	1.065	0.188	0.43	AT5G67000	2.75	3.0	0.25	0.68	0.462
path	1	0.0	1.065	-0.388	0.55	AT4G25470	18.74	20.0	1.26	0.75	0.464
path	1	0.0	1.065	0.185	0.297	AT2G01930	41.09	44.0	2.91	0.9	0.464
path	1	0.0	1.065	0.188	0.43	AT5G14960	9.15	10.0	0.85	0.72	0.465
path	1	0.0	1.065	0.185	0.297	AT2G38470	63.32	67.0	3.68	0.97	0.466
path	1	0.0	1.065	1.424	0.859	AT3G45610	38.07	41.0	2.93	0.87	0.466
path	1	0.0	1.065	1.424	0.859	AT2G03500	22.86	25.0	2.14	0.78	0.467
path	1	0.0	1.065	1.424	0.859	AT3G53200	26.66	29.0	2.34	0.8	0.467
path	1	0.0	1.065	1.424	0.859	AT4G00730	30.63	33.0	2.37	0.82	0.467
path	1	0.0	1.065	-0.388	0.55	AT2G33810	2.8	3.0	0.2	0.51	0.47
path	1	0.0	1.065	-0.388	0.55	AT5G44160	2.8	3.0	0.2	0.51	0.47
path	1	0.0	1.065	0.188	0.43	AT5G60130	38.07	41.0	2.93	0.77	0.473
path	1	0.0	1.065	0.188	0.43	AT5G62000	38.51	41.0	2.49	0.77	0.473
path	1	0.0	1.065	0.188	0.43	AT1G19210	83.08	89.0	5.92	0.81	0.475
path	1	0.0	1.065	1.424	0.859	AT3G02940	31.22	34.0	2.78	0.74	0.475
path	1	0.0	1.065	1.424	0.859	AT2G01818	13.19	14.0	0.81	0.62	0.477
path	1	0.0	1.065	1.424	0.859	AT5G65510	16.9	18.0	1.1	0.65	0.477
path	1	0.0	1.065	-0.388	0.55	AT4G37260	14.81	16.0	1.19	0.6	0.479
path	1	0.0	1.065	0.185	0.297	AT1G69570	43.72	47.0	3.28	0.74	0.479
path	1	0.0	1.065	0.185	0.297	AT3G24120	41.49	45.0	3.51	0.71	0.48
path	1	0.0	1.065	-0.388	0.55	AT2G33550	7.48	8.0	0.52	0.53	0.481
path	1	0.0	1.065	1.424	0.859	AT1G69570	40.0	43.0	3.0	0.7	0.481
path	1	0.0	1.065	0.097	0.139	AT1G24250	10.21	11.0	0.79	0.55	0.482
path	1	0.0	1.065	0.097	0.139	AT2G06200	10.21	11.0	0.79	0.55	0.482
path	1	0.0	1.065	0.185	0.297	AT2G02080	40.01	43.0	2.99	0.69	0.482
path	1	0.0	1.065	1.424	0.859	AT3G09735	28.89	31.0	2.11	0.63	0.484
path	1	0.0	1.065	0.185	0.297	AT5G45580	35.71	39.0	3.29	0.65	0.485
path	1	0.0	1.065	0.188	0.43	AT3G61250	19.08	20.0	0.92	0.66	0.485
path	1	0.0	1.065	0.097	0.139	AT5G47660	18.65	20.0	1.35	0.56	0.486
path	1	0.0	1.065	1.424	0.859	AT5G45300	21.11	23.0	1.89	0.58	0.486
path	1	0.0	1.065	-0.388	0.55	AT1G14580	4.64	5.0	0.36	0.47	0.487
path	1	0.0	1.065	0.097	0.139	AT1G64620	25.94	28.0	2.06	0.54	0.491
path	1	0.0	1.065	0.188	0.43	AT5G02840	35.16	37.0	1.84	0.64	0.491
path	1	0.0	1.065	0.185	0.297	AT3G60490	28.66	31.0	2.34	0.55	0.492
path	1	0.0	1.065	0.188	0.43	AT1G63030	12.4	13.0	0.6	0.62	0.492
path	1	0.0	1.065	0.188	0.43	AT2G46130	11.29	13.0	1.71	0.62	0.492
path	1	0.0	1.065	0.185	0.297	AT5G52660	26.41	29.0	2.59	0.53	0.494
path	1	0.0	1.065	1.424	0.859	AT3G30530	2.76	3.0	0.24	0.47	0.494
path	1	0.0	1.065	-0.388	0.55	AT2G15660	1.8	2.0	0.2	0.42	0.495
path	1	0.0	1.065	0.097	0.139	AT3G55370	32.64	35.0	2.36	0.49	0.496
path	1	0.0	1.065	0.188	0.43	AT1G06180	28.18	30.0	1.82	0.6	0.496
path	1	0.0	1.065	-0.388	0.55	AT1G45249	17.93	19.0	1.07	0.43	0.5
path	1	0.0	1.065	0.185	0.297	AT2G42590	5.53	6.0	0.47	0.46	0.5
path	1	0.0	1.065	-0.388	0.55	AT1G71696	12.74	14.0	1.26	0.42	0.501
path	1	0.0	1.065	-0.388	0.55	AT5G16820	12.96	14.0	1.04	0.42	0.501
path	1	0.0	1.065	0.097	0.139	AT1G51220	13.84	15.0	1.16	0.42	0.501
path	1	0.0	1.065	0.097	0.139	AT1G66370	5.63	6.0	0.37	0.41	0.501
path	1	0.0	1.065	0.097	0.139	AT1G77640	5.67	6.0	0.33	0.41	0.501
path	1	0.0	1.065	0.185	0.297	AT5G17300	36.67	40.0	3.33	0.46	0.501
path	1	0.0	1.065	0.185	0.297	AT1G49560	35.36	38.0	2.64	0.44	0.503
path	1	0.0	1.065	-0.388	0.55	AT5G02460	19.5	21.0	1.5	0.4	0.504
path	1	0.0	1.065	0.097	0.139	AT5G62000	12.89	14.0	1.11	0.39	0.505
path	1	0.0	1.065	0.188	0.43	AT2G17410	5.49	6.0	0.51	0.58	0.505
path	1	0.0	1.065	1.424	0.859	AT1G03840	23.24	25.0	1.76	0.41	0.505
path	1	0.0	1.065	0.097	0.139	AT1G01250	4.74	5.0	0.26	0.38	0.507
path	1	0.0	1.065	-0.388	0.55	AT1G20980	10.39	11.0	0.61	0.36	0.509
path	1	0.0	1.065	0.185	0.297	AT3G01530	29.33	32.0	2.67	0.37	0.51
path	1	0.0	1.065	-0.388	0.55	AT3G10113	17.05	18.0	0.95	0.34	0.511
path	1	0.0	1.065	0.185	0.297	AT2G35700	43.72	47.0	3.28	0.34	0.511
path	1	0.0	1.065	0.185	0.297	AT4G25490	43.46	47.0	3.54	0.34	0.511
path	1	0.0	1.065	1.424	0.859	AT1G12260	27.88	30.0	2.12	0.35	0.511
path	1	0.0	1.065	1.424	0.859	AT4G32800	15.9	17.0	1.1	0.37	0.511
path	1	0.0	1.065	0.097	0.139	AT5G65510	11.26	12.0	0.74	0.33	0.512
path	1	0.0	1.065	0.185	0.297	AT3G61150	27.53	30.0	2.47	0.34	0.512
path	1	0.0	1.065	0.185	0.297	AT1G64620	41.64	45.0	3.36	0.32	0.513
path	1	0.0	1.065	0.185	0.297	AT2G23340	41.82	45.0	3.18	0.32	0.513
path	1	0.0	1.065	0.185	0.297	AT3G15270	41.34	45.0	3.66	0.32	0.513
path	1	0.0	1.065	-0.388	0.55	AT1G70920	12.26	13.0	0.74	0.32	0.514
path	1	0.0	1.065	0.188	0.43	AT2G23340	55.62	60.0	4.38	0.43	0.516
path	1	0.0	1.065	0.188	0.43	AT5G52830	38.57	43.0	4.43	0.45	0.516
path	1	0.0	1.065	0.188	0.43	AT5G66730	39.77	43.0	3.23	0.45	0.516
path	1	0.0	1.065	0.097	0.139	AT5G47220	10.13	11.0	0.87	0.31	0.517
path	1	0.0	1.065	0.185	0.297	AT1G46264	1.9	2.0	0.1	0.42	0.517
path	1	0.0	1.065	-0.388	0.55	AT2G01930	13.83	15.0	1.17	0.28	0.518
path	1	0.0	1.065	1.424	0.859	AT4G27900	3.79	4.0	0.21	0.38	0.518
path	1	0.0	1.065	-0.388	0.55	AT1G24250	7.48	8.0	0.52	0.3	0.519
path	1	0.0	1.065	0.188	0.43	AT1G16490	49.68	53.0	3.32	0.4	0.521
path	1	0.0	1.065	-0.388	0.55	AT3G11440	15.77	17.0	1.23	0.25	0.522
path	1	0.0	1.065	1.424	0.859	AT2G28920	8.16	9.0	0.84	0.32	0.523
path	1	0.0	1.065	-0.388	0.55	AT4G34590	9.47	10.0	0.53	0.26	0.524
path	1	0.0	1.065	-0.388	0.55	AT5G04390	9.36	10.0	0.64	0.26	0.524
path	1	0.0	1.065	0.097	0.139	AT3G57230	2.79	3.0	0.21	0.33	0.524
path	1	0.0	1.065	-0.388	0.55	AT3G15210	24.0	26.0	2.0	0.19	0.525
path	1	0.0	1.065	0.185	0.297	AT1G27730	20.35	22.0	1.65	0.25	0.525
path	1	0.0	1.065	-0.388	0.55	AT5G52660	17.95	19.0	1.05	0.21	0.526
path	1	0.0	1.065	0.188	0.43	AT4G34410	57.7	63.0	5.3	0.34	0.526
path	1	0.0	1.065	0.097	0.139	AT3G08500	14.76	16.0	1.24	0.2	0.527
path	1	0.0	1.065	0.185	0.297	AT2G40260	30.54	33.0	2.46	0.18	0.527
path	1	0.0	1.065	0.185	0.297	AT5G46350	30.96	33.0	2.04	0.18	0.527
path	1	0.0	1.065	1.424	0.859	AT2G23340	38.1	41.0	2.9	0.15	0.527
path	1	0.0	1.065	0.097	0.139	AT1G49010	20.98	23.0	2.02	0.15	0.528
path	1	0.0	1.065	0.188	0.43	AT3G16280	42.61	46.0	3.39	0.36	0.528
path	1	0.0	1.065	0.185	0.297	AT2G15660	8.52	9.0	0.48	0.3	0.529
path	1	0.0	1.065	0.185	0.297	AT5G39820	8.31	9.0	0.69	0.3	0.529
path	1	0.0	1.065	0.185	0.297	AT3G45610	40.79	44.0	3.21	0.11	0.53
path	1	0.0	1.065	1.424	0.859	AT4G25470	34.14	37.0	2.86	0.12	0.53
path	1	0.0	1.065	-0.388	0.55	AT4G14770	12.71	14.0	1.29	0.19	0.531
path	1	0.0	1.065	1.424	0.859	AT4G01680	21.98	24.0	2.02	0.14	0.534
path	1	0.0	1.065	-0.388	0.55	AT1G69690	4.69	5.0	0.31	0.25	0.535
path	1	0.0	1.065	-0.388	0.55	AT3G01470	4.72	5.0	0.28	0.25	0.535
path	1	0.0	1.065	-0.388	0.55	AT4G01500	4.76	5.0	0.24	0.25	0.535
path	1	0.0	1.065	0.097	0.139	AT1G25550	12.94	14.0	1.06	0.15	0.536
path	1	0.0	1.065	-0.388	0.55	AT3G42860	6.29	7.0	0.71	0.21	0.537
path	1	0.0	1.065	0.185	0.297	AT3G23210	6.35	7.0	0.65	0.28	0.537
path	1	0.0	1.065	-0.388	0.55	AT4G37790	0.97	1.0	0.03	0.32	0.538
path	1	0.0	1.065	-0.388	0.55	AT5G40330	0.95	1.0	0.05	0.32	0.538
path	1	0.0	1.065	0.097	0.139	AT3G03660	1.92	2.0	0.08	0.3	0.538
path	1	0.0	1.065	0.097	0.139	AT3G30530	1.84	2.0	0.16	0.3	0.538
path	1	0.0	1.065	0.097	0.139	AT4G36620	1.91	2.0	0.09	0.3	0.538
path	1	0.0	1.065	0.185	0.297	AT4G31060	47.49	51.0	3.51	-0.01	0.538
path	1	0.0	1.065	1.424	0.859	AT3G01530	26.55	29.0	2.45	0.08	0.538
path	1	0.0	1.065	-0.388	0.55	AT4G06746	8.4	9.0	0.6	0.17	0.539
path	1	0.0	1.065	-0.388	0.55	AT5G46350	8.18	9.0	0.82	0.17	0.539
path	1	0.0	1.065	0.188	0.43	AT3G10800	46.19	49.0	2.81	0.26	0.539
path	1	0.0	1.065	0.185	0.297	AT3G10113	22.64	25.0	2.36	0.09	0.541
path	1	0.0	1.065	0.188	0.43	AT1G14687	55.2	59.0	3.8	0.21	0.542
path	1	0.0	1.065	0.188	0.43	AT1G33240	54.97	59.0	4.03	0.21	0.542
path	1	0.0	1.065	0.097	0.139	AT3G53200	17.43	19.0	1.57	0.04	0.543
path	1	0.0	1.065	0.188	0.43	AT1G34370	11.12	12.0	0.88	0.4	0.548
path	1	0.0	1.065	0.188	0.43	AT2G41690	11.08	12.0	0.92	0.4	0.548
path	1	0.0	1.065	0.188	0.43	AT3G23250	11.54	12.0	0.46	0.4	0.548
path	1	0.0	1.065	1.424	0.859	AT5G06960	19.32	21.0	1.68	0.03	0.548
path	1	0.0	1.065	0.185	0.297	AT2G24570	4.67	5.0	0.33	0.26	0.549
path	1	0.0	1.065	1.424	0.859	AT5G08130	5.45	6.0	0.55	0.22	0.55
path	1	0.0	1.065	1.424	0.859	AT1G01720	37.05	40.0	2.95	-0.13	0.551
path	1	0.0	1.065	0.188	0.43	AT5G03790	58.1	62.0	3.9	0.11	0.552
path	1	0.0	1.065	-0.388	0.55	AT2G43000	19.46	21.0	1.54	-0.06	0.553
path	1	0.0	1.065	0.188	0.43	AT2G43000	66.72	72.0	5.28	0.06	0.554
path	1	0.0	1.065	1.424	0.859	AT5G17300	32.96	36.0	3.04	-0.15	0.555
path	1	0.0	1.065	0.097	0.139	AT1G68320	14.61	16.0	1.39	-0.04	0.556
path	1	0.0	1.065	0.097	0.139	AT3G23240	14.75	16.0	1.25	-0.04	0.556
path	1	0.0	1.065	0.188	0.43	AT5G64060	31.29	35.0	3.71	0.19	0.557
path	1	0.0	1.065	-0.388	0.55	AT5G46590	5.65	6.0	0.35	0.11	0.558
path	1	0.0	1.065	0.097	0.139	AT1G13400	4.63	5.0	0.37	0.14	0.558
path	1	0.0	1.065	0.185	0.297	AT1G75390	9.05	10.0	0.95	0.11	0.558
path	1	0.0	1.065	0.185	0.297	AT2G41690	9.33	10.0	0.67	0.11	0.558
path	1	0.0	1.065	0.188	0.43	AT1G75390	23.69	25.0	1.31	0.25	0.558
path	1	0.0	1.065	0.188	0.43	AT2G22430	42.12	45.0	2.88	0.13	0.558
path	1	0.0	1.065	-0.388	0.55	AT2G01940	12.96	14.0	1.04	-0.04	0.559
path	1	0.0	1.065	0.185	0.297	AT4G31550	16.03	17.0	0.97	-0.0	0.56
path	1	0.0	1.065	-0.388	0.55	AT5G03790	16.86	18.0	1.14	-0.11	0.563
path	1	0.0	1.065	1.424	0.859	AT2G18160	38.29	42.0	3.71	-0.3	0.563
path	1	0.0	1.065	1.424	0.859	AT4G06746	16.64	18.0	1.36	-0.08	0.565
path	1	0.0	1.065	0.097	0.139	AT2G39900	0.96	1.0	0.04	0.27	0.567
path	1	0.0	1.065	0.097	0.139	AT3G61120	0.9	1.0	0.1	0.27	0.567
path	1	0.0	1.065	0.097	0.139	AT4G28110	0.93	1.0	0.07	0.27	0.567
path	1	0.0	1.065	0.097	0.139	AT4G30080	0.92	1.0	0.08	0.27	0.567
path	1	0.0	1.065	0.097	0.139	AT5G62165	0.95	1.0	0.05	0.27	0.567
path	1	0.0	1.065	1.424	0.859	AT5G03150	12.04	13.0	0.96	-0.02	0.567
path	1	0.0	1.065	0.188	0.43	AT2G01940	44.45	48.0	3.55	0.04	0.568
path	1	0.0	1.065	0.185	0.297	AT3G47500	37.19	40.0	2.81	-0.33	0.569
path	1	0.0	1.065	0.097	0.139	AT3G57600	3.77	4.0	0.23	0.11	0.571
path	1	0.0	1.065	0.185	0.297	AT2G35530	44.44	49.0	4.56	-0.43	0.571
path	1	0.0	1.065	0.185	0.297	AT3G03660	2.87	3.0	0.13	0.23	0.571
path	1	0.0	1.065	0.185	0.297	AT3G07220	2.87	3.0	0.13	0.23	0.571
path	1	0.0	1.065	0.185	0.297	AT1G72740	27.06	29.0	1.94	-0.26	0.572
path	1	0.0	1.065	-0.388	0.55	AT1G72360	1.88	2.0	0.12	0.19	0.573
path	1	0.0	1.065	-0.388	0.55	AT2G22430	12.16	13.0	0.84	-0.13	0.573
path	1	0.0	1.065	-0.388	0.55	AT2G24570	1.87	2.0	0.13	0.19	0.573
path	1	0.0	1.065	-0.388	0.55	AT3G02990	1.87	2.0	0.13	0.19	0.573
path	1	0.0	1.065	-0.388	0.55	AT3G20840	1.89	2.0	0.11	0.19	0.573
path	1	0.0	1.065	0.097	0.139	AT5G17300	21.96	24.0	2.04	-0.3	0.573
path	1	0.0	1.065	0.188	0.43	AT3G15210	81.18	88.0	6.82	-0.19	0.573
path	1	0.0	1.065	-0.388	0.55	AT5G65130	8.33	9.0	0.67	-0.06	0.574
path	1	0.0	1.065	0.185	0.297	AT2G46590	43.67	47.0	3.33	-0.45	0.574
path	1	0.0	1.065	-0.388	0.55	AT1G14687	15.89	17.0	1.11	-0.21	0.575
path	1	0.0	1.065	-0.388	0.55	AT1G33240	15.82	17.0	1.18	-0.21	0.575
path	1	0.0	1.065	0.185	0.297	AT5G06950	32.96	36.0	3.04	-0.38	0.576
path	1	0.0	1.065	-0.388	0.55	AT2G28920	6.63	7.0	0.37	-0.02	0.577
path	1	0.0	1.065	0.185	0.297	AT2G04038	38.97	43.0	4.03	-0.49	0.58
path	1	0.0	1.065	0.185	0.297	AT4G32800	16.8	18.0	1.2	-0.19	0.581
path	1	0.0	1.065	0.188	0.43	AT5G65130	28.69	31.0	2.31	0.06	0.581
path	1	0.0	1.065	0.185	0.297	AT2G17410	5.63	6.0	0.37	0.07	0.583
path	1	0.0	1.065	0.185	0.297	AT3G45170	5.67	6.0	0.33	0.07	0.583
path	1	0.0	1.065	0.185	0.297	AT4G18890	5.35	6.0	0.65	0.07	0.583
path	1	0.0	1.065	1.424	0.859	AT1G75390	8.13	9.0	0.87	-0.04	0.583
path	1	0.0	1.065	0.097	0.139	AT2G23340	25.05	27.0	1.95	-0.46	0.584
path	1	0.0	1.065	0.097	0.139	AT4G32800	10.26	11.0	0.74	-0.18	0.585
path	1	0.0	1.065	0.097	0.139	AT2G44940	19.45	21.0	1.55	-0.39	0.586
path	1	0.0	1.065	0.097	0.139	AT3G16280	19.49	21.0	1.51	-0.39	0.586
path	1	0.0	1.065	0.188	0.43	AT5G52660	60.43	64.0	3.57	-0.21	0.586
path	1	0.0	1.065	1.424	0.859	AT1G22810	33.36	36.0	2.64	-0.52	0.586
path	1	0.0	1.065	1.424	0.859	AT3G10580	23.37	26.0	2.63	-0.39	0.586
path	1	0.0	1.065	-0.388	0.55	AT3G10800	13.18	14.0	0.82	-0.26	0.588
path	1	0.0	1.065	-0.388	0.55	AT4G34410	16.45	18.0	1.55	-0.34	0.588
path	1	0.0	1.065	0.097	0.139	AT4G18450	2.73	3.0	0.27	0.08	0.589
path	1	0.0	1.065	-0.388	0.55	AT5G64060	8.91	10.0	1.09	-0.19	0.59
path	1	0.0	1.065	0.097	0.139	AT3G01220	13.56	15.0	1.44	-0.31	0.59
path	1	0.0	1.065	0.188	0.43	AT3G51470	4.65	5.0	0.35	0.36	0.59
path	1	0.0	1.065	0.188	0.43	AT5G25390	4.61	5.0	0.39	0.36	0.59
path	1	0.0	1.065	1.424	0.859	AT4G24470	9.25	10.0	0.75	-0.12	0.592
path	1	0.0	1.065	1.424	0.859	AT5G39610	29.63	32.0	2.37	-0.54	0.592
path	1	0.0	1.065	0.097	0.139	AT1G69560	5.64	6.0	0.36	-0.08	0.593
path	1	0.0	1.065	0.097	0.139	AT1G75390	5.41	6.0	0.59	-0.08	0.593
path	1	0.0	1.065	0.097	0.139	AT5G13790	5.41	6.0	0.59	-0.08	0.593
path	1	0.0	1.065	1.424	0.859	AT1G32510	0.94	1.0	0.06	0.28	0.593
path	1	0.0	1.065	1.424	0.859	AT1G45249	24.59	27.0	2.41	-0.48	0.593
path	1	0.0	1.065	1.424	0.859	AT5G22890	0.92	1.0	0.08	0.28	0.593
path	1	0.0	1.065	1.424	0.859	AT5G38860	0.92	1.0	0.08	0.28	0.593
path	1	0.0	1.065	1.424	0.859	AT5G42820	0.94	1.0	0.06	0.28	0.593
path	1	0.0	1.065	-0.388	0.55	AT1G66370	2.76	3.0	0.24	0.06	0.594
path	1	0.0	1.065	1.424	0.859	AT1G13300	1.68	2.0	0.32	0.19	0.594
path	1	0.0	1.065	1.424	0.859	AT3G23250	1.69	2.0	0.31	0.19	0.594
path	1	0.0	1.065	0.097	0.139	AT3G01530	17.36	19.0	1.64	-0.44	0.595
path	1	0.0	1.065	0.097	0.139	AT4G00250	17.42	19.0	1.58	-0.44	0.595
path	1	0.0	1.065	0.188	0.43	AT3G11440	52.8	57.0	4.2	-0.25	0.595
path	1	0.0	1.065	0.185	0.297	AT1G34370	8.36	9.0	0.64	-0.09	0.596
path	1	0.0	1.065	0.185	0.297	AT3G04070	8.38	9.0	0.62	-0.09	0.596
path	1	0.0	1.065	0.188	0.43	AT2G28920	22.73	24.0	1.27	0.02	0.597
path	1	0.0	1.065	0.188	0.43	AT3G46590	7.19	8.0	0.81	0.26	0.597
path	1	0.0	1.065	0.188	0.43	AT3G47600	7.56	8.0	0.44	0.26	0.597
path	1	0.0	1.065	0.188	0.43	AT4G14770	42.6	47.0	4.4	-0.19	0.597
path	1	0.0	1.065	0.185	0.297	AT4G22070	39.56	42.0	2.44	-0.7	0.598
path	1	0.0	1.065	0.188	0.43	AT1G46264	1.86	2.0	0.14	0.45	0.598
path	1	0.0	1.065	0.188	0.43	AT1G80840	1.19	2.0	0.81	0.45	0.598
path	1	0.0	1.065	0.188	0.43	AT2G38880	1.91	2.0	0.09	0.45	0.598
path	1	0.0	1.065	0.188	0.43	AT2G46400	1.84	2.0	0.16	0.45	0.598
path	1	0.0	1.065	0.188	0.43	AT3G22780	1.84	2.0	0.16	0.45	0.598
path	1	0.0	1.065	0.188	0.43	AT4G36620	1.79	2.0	0.21	0.45	0.598
path	1	0.0	1.065	0.188	0.43	AT4G38910	1.86	2.0	0.14	0.45	0.598
path	1	0.0	1.065	0.188	0.43	AT5G25475	1.91	2.0	0.09	0.45	0.598
path	1	0.0	1.065	0.188	0.43	AT5G48670	1.95	2.0	0.05	0.45	0.598
path	1	0.0	1.065	0.188	0.43	AT5G56930	1.88	2.0	0.12	0.45	0.598
path	1	0.0	1.065	-0.388	0.55	AT2G23340	15.72	17.0	1.28	-0.43	0.6
path	1	0.0	1.065	1.424	0.859	AT3G20840	2.76	3.0	0.24	0.11	0.6
path	1	0.0	1.065	-0.388	0.55	AT1G16490	14.03	15.0	0.97	-0.4	0.601
path	1	0.0	1.065	0.097	0.139	AT3G24520	21.29	23.0	1.71	-0.58	0.601
path	1	0.0	1.065	-0.388	0.55	AT3G16280	12.01	13.0	0.99	-0.36	0.602
path	1	0.0	1.065	0.185	0.297	AT1G76890	37.01	40.0	2.99	-0.73	0.602
path	1	0.0	1.065	0.185	0.297	AT3G50260	53.57	58.0	4.43	-0.92	0.602
path	1	0.0	1.065	0.097	0.139	AT2G28810	26.05	28.0	1.95	-0.68	0.603
path	1	0.0	1.065	0.188	0.43	AT3G10113	56.75	60.0	3.25	-0.34	0.603
path	1	0.0	1.065	0.188	0.43	AT5G02460	64.86	70.0	5.14	-0.4	0.603
path	1	0.0	1.065	0.097	0.139	AT3G44480	20.34	22.0	1.66	-0.6	0.605
path	1	0.0	1.065	0.188	0.43	AT2G01930	45.99	50.0	4.01	-0.28	0.605
path	1	0.0	1.065	0.188	0.43	AT3G04070	10.15	11.0	0.85	0.17	0.605
path	1	0.0	1.065	0.097	0.139	AT3G27010	4.57	5.0	0.43	-0.1	0.607
path	1	0.0	1.065	0.185	0.297	AT1G51600	3.78	4.0	0.22	0.05	0.607
path	1	0.0	1.065	0.185	0.297	AT1G63030	3.57	4.0	0.43	0.05	0.607
path	1	0.0	1.065	1.424	0.859	AT3G57230	3.69	4.0	0.31	0.02	0.607
path	1	0.0	1.065	0.097	0.139	AT4G01280	19.16	21.0	1.84	-0.63	0.61
path	1	0.0	1.065	1.424	0.859	AT1G64620	36.93	40.0	3.07	-0.85	0.61
path	1	0.0	1.065	1.424	0.859	AT1G71696	42.14	45.0	2.86	-0.92	0.61
path	1	0.0	1.065	-0.388	0.55	AT1G32240	3.78	4.0	0.22	-0.08	0.611
path	1	0.0	1.065	0.097	0.139	AT3G50700	7.43	8.0	0.57	-0.26	0.611
path	1	0.0	1.065	0.188	0.43	AT1G45249	59.36	63.0	3.64	-0.43	0.611
path	1	0.0	1.065	0.185	0.297	AT5G63260	39.89	43.0	3.11	-0.89	0.612
path	1	0.0	1.065	-0.388	0.55	AT1G75390	6.62	7.0	0.38	-0.25	0.614
path	1	0.0	1.065	0.188	0.43	AT1G32240	13.24	14.0	0.76	0.08	0.614
path	1	0.0	1.065	1.424	0.859	AT4G17785	4.47	5.0	0.53	-0.06	0.614
path	1	0.0	1.065	0.097	0.139	AT5G66730	18.56	20.0	1.44	-0.66	0.615
path	1	0.0	1.065	1.424	0.859	AT1G79180	11.84	13.0	1.16	-0.38	0.615
path	1	0.0	1.065	0.097	0.139	AT5G67000	1.89	2.0	0.11	0.06	0.616
path	1	0.0	1.065	0.185	0.297	AT1G31140	24.83	27.0	2.17	-0.68	0.616
path	1	0.0	1.065	0.188	0.43	AT4G06746	27.95	30.0	2.05	-0.17	0.616
path	1	0.0	1.065	0.188	0.43	AT5G46350	27.19	30.0	2.81	-0.17	0.616
path	1	0.0	1.065	0.188	0.43	AT1G70920	40.49	43.0	2.51	-0.32	0.617
path	1	0.0	1.065	-0.388	0.55	AT5G52830	10.7	12.0	1.3	-0.45	0.618
path	1	0.0	1.065	-0.388	0.55	AT5G66730	11.06	12.0	0.94	-0.45	0.618
path	1	0.0	1.065	1.424	0.859	AT3G49530	28.92	31.0	2.08	-0.82	0.618
path	1	0.0	1.065	0.097	0.139	AT1G55110	17.57	19.0	1.43	-0.69	0.62
path	1	0.0	1.065	0.097	0.139	AT2G20110	27.03	29.0	1.97	-0.89	0.62
path	1	0.0	1.065	0.185	0.297	AT3G09600	28.92	32.0	3.08	-0.82	0.62
path	1	0.0	1.065	0.185	0.297	AT3G28910	9.0	10.0	1.0	-0.28	0.62
path	1	0.0	1.065	0.185	0.297	AT3G26620	23.23	25.0	1.77	-0.7	0.622
path	1	0.0	1.065	-0.388	0.55	AT1G19210	23.27	25.0	1.73	-0.81	0.623
path	1	0.0	1.065	0.188	0.43	AT4G34590	31.18	33.0	1.82	-0.26	0.624
path	1	0.0	1.065	0.188	0.43	AT5G04390	30.81	33.0	2.19	-0.26	0.624
path	1	0.0	1.065	0.188	0.43	AT1G71696	41.69	46.0	4.31	-0.42	0.625
path	1	0.0	1.065	0.188	0.43	AT5G16820	42.45	46.0	3.55	-0.42	0.625
path	1	0.0	1.065	0.185	0.297	AT3G53200	27.44	30.0	2.56	-0.84	0.626
path	1	0.0	1.065	0.097	0.139	AT5G23930	24.87	27.0	2.13	-0.95	0.628
path	1	0.0	1.065	0.097	0.139	AT5G16820	20.42	22.0	1.58	-0.85	0.629
path	1	0.0	1.065	0.188	0.43	AT5G46590	18.8	20.0	1.2	-0.11	0.629
path	1	0.0	1.065	1.424	0.859	AT5G16820	30.65	33.0	2.35	-0.99	0.63
path	1	0.0	1.065	0.097	0.139	AT1G69180	15.54	17.0	1.46	-0.74	0.632
path	1	0.0	1.065	0.097	0.139	AT3G45610	24.03	26.0	1.97	-0.98	0.632
path	1	0.0	1.065	0.097	0.139	AT5G63260	24.09	26.0	1.91	-0.98	0.632
path	1	0.0	1.065	0.188	0.43	AT1G20980	33.93	36.0	2.07	-0.36	0.632
path	1	0.0	1.065	0.185	0.297	AT1G32510	0.93	1.0	0.07	0.21	0.635
path	1	0.0	1.065	0.185	0.297	AT1G60920	0.97	1.0	0.03	0.21	0.635
path	1	0.0	1.065	0.185	0.297	AT5G38860	0.92	1.0	0.08	0.21	0.635
path	1	0.0	1.065	0.185	0.297	AT5G42820	0.93	1.0	0.07	0.21	0.635
path	1	0.0	1.065	1.424	0.859	AT3G24520	31.46	34.0	2.54	-1.07	0.635
path	1	0.0	1.065	0.188	0.43	AT3G42860	20.58	23.0	2.42	-0.21	0.637
path	1	0.0	1.065	1.424	0.859	AT2G40260	26.75	29.0	2.25	-1.01	0.639
path	1	0.0	1.065	0.188	0.43	AT4G37260	47.92	52.0	4.08	-0.6	0.64
path	1	0.0	1.065	-0.388	0.55	AT1G21910	1.82	2.0	0.18	-0.04	0.641
path	1	0.0	1.065	-0.388	0.55	AT3G57230	1.87	2.0	0.13	-0.04	0.641
path	1	0.0	1.065	0.185	0.297	AT2G30590	10.35	11.0	0.65	-0.47	0.641
path	1	0.0	1.065	-0.388	0.55	AT1G23810	0.92	1.0	0.08	0.09	0.643
path	1	0.0	1.065	-0.388	0.55	AT2G21900	0.9	1.0	0.1	0.09	0.643
path	1	0.0	1.065	-0.388	0.55	AT4G14410	0.97	1.0	0.03	0.09	0.643
path	1	0.0	1.065	-0.388	0.55	AT4G27900	0.91	1.0	0.09	0.09	0.643
path	1	0.0	1.065	0.188	0.43	AT4G25470	60.69	65.0	4.31	-0.75	0.643
path	1	0.0	1.065	0.188	0.43	AT1G24250	24.23	26.0	1.77	-0.3	0.644
path	1	0.0	1.065	0.097	0.139	AT5G18560	13.79	15.0	1.21	-0.8	0.645
path	1	0.0	1.065	0.185	0.297	AT1G45249	26.36	29.0	2.64	-1.05	0.646
path	1	0.0	1.065	0.097	0.139	AT5G22500	7.4	8.0	0.6	-0.51	0.647
path	1	0.0	1.065	0.185	0.297	AT1G12630	44.56	48.0	3.44	-1.43	0.647
path	1	0.0	1.065	0.185	0.297	AT1G79180	12.73	14.0	1.27	-0.63	0.647
path	1	0.0	1.065	0.185	0.297	AT3G58630	13.1	14.0	0.9	-0.63	0.647
path	1	0.0	1.065	0.185	0.297	AT5G07100	13.11	14.0	0.89	-0.63	0.647
path	1	0.0	1.065	-0.388	0.55	AT3G04070	2.75	3.0	0.25	-0.17	0.648
path	1	0.0	1.065	1.424	0.859	AT3G12720	22.94	25.0	2.06	-1.03	0.65
path	1	0.0	1.065	1.424	0.859	AT5G62470	9.99	11.0	1.01	-0.57	0.651
path	1	0.0	1.065	-0.388	0.55	AT5G02840	9.46	10.0	0.54	-0.64	0.652
path	1	0.0	1.065	0.097	0.139	AT3G26790	4.45	5.0	0.55	-0.35	0.652
path	1	0.0	1.065	0.185	0.297	AT2G03340	25.56	27.0	1.44	-1.07	0.653
path	1	0.0	1.065	1.424	0.859	AT5G04410	29.6	32.0	2.4	-1.26	0.655
path	1	0.0	1.065	0.185	0.297	AT1G76870	1.87	2.0	0.13	0.02	0.656
path	1	0.0	1.065	0.185	0.297	AT2G46400	1.88	2.0	0.12	0.02	0.656
path	1	0.0	1.065	0.185	0.297	AT3G12910	1.9	2.0	0.1	0.02	0.656
path	1	0.0	1.065	0.185	0.297	AT3G22780	1.88	2.0	0.12	0.02	0.656
path	1	0.0	1.065	-0.388	0.55	AT2G38340	18.63	20.0	1.37	-1.06	0.658
path	1	0.0	1.065	0.185	0.297	AT4G04450	5.63	6.0	0.37	-0.33	0.659
path	1	0.0	1.065	0.185	0.297	AT5G07680	5.47	6.0	0.53	-0.33	0.659
path	1	0.0	1.065	0.097	0.139	AT1G68670	6.29	7.0	0.71	-0.53	0.66
path	1	0.0	1.065	0.185	0.297	AT4G01680	22.79	25.0	2.21	-1.1	0.66
path	1	0.0	1.065	0.188	0.43	AT3G12720	44.89	48.0	3.11	-0.74	0.66
path	1	0.0	1.065	-0.388	0.55	AT1G06180	7.47	8.0	0.53	-0.6	0.661
path	1	0.0	1.065	0.185	0.297	AT1G30490	17.96	20.0	2.04	-0.96	0.661
path	1	0.0	1.065	-0.388	0.55	AT5G60130	10.14	11.0	0.86	-0.77	0.663
path	1	0.0	1.065	-0.388	0.55	AT5G62000	10.27	11.0	0.73	-0.77	0.663
path	1	0.0	1.065	1.424	0.859	AT2G01060	19.29	21.0	1.71	-1.05	0.663
path	1	0.0	1.065	1.424	0.859	AT5G62320	19.18	21.0	1.82	-1.05	0.663
path	1	0.0	1.065	0.188	0.43	AT1G66370	9.17	10.0	0.83	-0.06	0.664
path	1	0.0	1.065	1.424	0.859	AT1G06180	12.79	14.0	1.21	-0.82	0.666
path	1	0.0	1.065	-0.388	0.55	AT3G47500	12.87	14.0	1.13	-0.94	0.667
path	1	0.0	1.065	0.188	0.43	AT1G21910	6.38	7.0	0.62	0.04	0.667
path	1	0.0	1.065	0.188	0.43	AT3G57230	6.54	7.0	0.46	0.04	0.667
path	1	0.0	1.065	-0.388	0.55	AT3G24120	19.58	21.0	1.42	-1.19	0.668
path	1	0.0	1.065	0.185	0.297	AT5G62320	21.01	23.0	1.99	-1.12	0.668
path	1	0.0	1.065	0.188	0.43	AT1G69690	14.94	16.0	1.06	-0.25	0.668
path	1	0.0	1.065	0.188	0.43	AT3G01470	15.03	16.0	0.97	-0.25	0.668
path	1	0.0	1.065	0.188	0.43	AT4G01500	15.17	16.0	0.83	-0.25	0.668
path	1	0.0	1.065	0.097	0.139	AT2G46680	10.83	12.0	1.17	-0.88	0.669
path	1	0.0	1.065	0.097	0.139	AT1G69570	24.99	27.0	2.01	-1.44	0.67
path	1	0.0	1.065	1.424	0.859	AT5G62940	32.49	35.0	2.51	-1.52	0.67
path	1	0.0	1.065	0.185	0.297	AT5G65510	16.8	18.0	1.2	-0.98	0.671
path	1	0.0	1.065	0.097	0.139	AT1G46264	0.94	1.0	0.06	0.03	0.672
path	1	0.0	1.065	0.097	0.139	AT3G13040	0.93	1.0	0.07	0.03	0.672
path	1	0.0	1.065	0.097	0.139	AT5G18090	0.93	1.0	0.07	0.03	0.672
path	1	0.0	1.065	0.188	0.43	AT1G34190	50.22	54.0	3.78	-0.92	0.673
path	1	0.0	1.065	0.188	0.43	AT1G69780	50.87	54.0	3.13	-0.92	0.673
path	1	0.0	1.065	0.185	0.297	AT1G09540	28.34	31.0	2.66	-1.42	0.674
path	1	0.0	1.065	0.097	0.139	AT5G61600	5.39	6.0	0.61	-0.56	0.675
path	1	0.0	1.065	0.185	0.297	AT5G61270	2.77	3.0	0.23	-0.16	0.676
path	1	0.0	1.065	0.185	0.297	AT3G11280	11.68	13.0	1.32	-0.84	0.678
path	1	0.0	1.065	0.097	0.139	AT2G01940	19.42	21.0	1.58	-1.36	0.679
path	1	0.0	1.065	0.188	0.43	AT2G33550	23.23	25.0	1.77	-0.53	0.68
path	1	0.0	1.065	0.097	0.139	AT1G13260	7.36	8.0	0.64	-0.75	0.681
path	1	0.0	1.065	0.097	0.139	AT4G34590	7.19	8.0	0.81	-0.75	0.681
path	1	0.0	1.065	0.097	0.139	AT5G60130	15.7	17.0	1.3	-1.23	0.682
path	1	0.0	1.065	0.185	0.297	AT5G13080	61.02	65.0	3.98	-2.22	0.683
path	1	0.0	1.065	0.188	0.43	AT3G48160	3.75	4.0	0.25	0.13	0.683
path	1	0.0	1.065	0.188	0.43	AT5G08750	3.33	4.0	0.67	0.13	0.683
path	1	0.0	1.065	0.097	0.139	AT1G18570	1.71	2.0	0.29	-0.19	0.684
path	1	0.0	1.065	0.097	0.139	AT2G41835	1.88	2.0	0.12	-0.19	0.684
path	1	0.0	1.065	0.097	0.139	AT3G51470	1.85	2.0	0.15	-0.19	0.684
path	1	0.0	1.065	0.185	0.297	AT5G05550	67.04	72.0	4.96	-2.34	0.684
path	1	0.0	1.065	0.188	0.43	AT3G56850	99.73	106.0	6.27	-1.53	0.684
path	1	0.0	1.065	1.424	0.859	AT3G44480	29.52	32.0	2.48	-1.62	0.684
path	1	0.0	1.065	-0.388	0.55	AT4G36780	23.54	25.0	1.46	-1.49	0.685
path	1	0.0	1.065	0.188	0.43	AT5G45300	44.14	47.0	2.86	-0.96	0.687
path	1	0.0	1.065	0.185	0.297	AT1G78700	33.42	37.0	3.58	-1.75	0.688
path	1	0.0	1.065	0.185	0.297	AT5G24110	34.56	37.0	2.44	-1.75	0.688
path	1	0.0	1.065	0.097	0.139	AT3G12130	14.86	16.0	1.14	-1.26	0.689
path	1	0.0	1.065	0.097	0.139	AT3G12730	14.53	16.0	1.47	-1.26	0.689
path	1	0.0	1.065	0.188	0.43	AT5G47220	29.04	31.0	1.96	-0.72	0.689
path	1	0.0	1.065	1.424	0.859	AT2G45650	2.66	3.0	0.34	-0.25	0.69
path	1	0.0	1.065	1.424	0.859	AT3G47600	2.71	3.0	0.29	-0.25	0.69
path	1	0.0	1.065	0.185	0.297	AT3G10800	19.96	22.0	2.04	-1.33	0.691
path	1	0.0	1.065	0.188	0.43	AT5G65310	71.53	76.0	4.47	-1.36	0.691
path	1	0.0	1.065	-0.388	0.55	AT3G50060	12.81	14.0	1.19	-1.17	0.692
path	1	0.0	1.065	0.188	0.43	AT4G00730	46.43	50.0	3.57	-1.06	0.692
path	1	0.0	1.065	0.097	0.139	AT1G43700	4.56	5.0	0.44	-0.59	0.694
path	1	0.0	1.065	0.185	0.297	AT1G53170	67.89	73.0	5.11	-2.52	0.694
path	1	0.0	1.065	0.185	0.297	AT2G21900	3.75	4.0	0.25	-0.35	0.694
path	1	0.0	1.065	0.185	0.297	AT3G57230	3.67	4.0	0.33	-0.35	0.694
path	1	0.0	1.065	0.097	0.139	AT3G06490	6.27	7.0	0.73	-0.78	0.695
path	1	0.0	1.065	0.097	0.139	AT3G23220	6.3	7.0	0.7	-0.78	0.695
path	1	0.0	1.065	-0.388	0.55	AT1G12630	15.61	17.0	1.39	-1.34	0.696
path	1	0.0	1.065	-0.388	0.55	AT5G29000	16.04	17.0	0.96	-1.34	0.696
path	1	0.0	1.065	-0.388	0.55	AT1G34370	2.74	3.0	0.26	-0.4	0.697
path	1	0.0	1.065	-0.388	0.55	AT2G41690	2.73	3.0	0.27	-0.4	0.697
path	1	0.0	1.065	-0.388	0.55	AT3G23250	2.87	3.0	0.13	-0.4	0.697
path	1	0.0	1.065	1.424	0.859	AT3G52440	37.87	41.0	3.13	-2.02	0.697
path	1	0.0	1.065	0.185	0.297	AT1G62300	47.01	50.0	2.99	-2.19	0.698
path	1	0.0	1.065	-0.388	0.55	AT1G55110	11.06	12.0	0.94	-1.13	0.699
path	1	0.0	1.065	-0.388	0.55	AT5G62320	11.2	12.0	0.8	-1.13	0.699
path	1	0.0	1.065	0.097	0.139	AT5G67190	26.85	29.0	2.15	-1.87	0.699
path	1	0.0	1.065	-0.388	0.55	AT3G46590	1.76	2.0	0.24	-0.26	0.701
path	1	0.0	1.065	-0.388	0.55	AT3G47600	1.87	2.0	0.13	-0.26	0.701
path	1	0.0	1.065	1.424	0.859	AT4G34590	10.79	12.0	1.21	-1.02	0.701
path	1	0.0	1.065	0.188	0.43	AT4G01540	50.63	56.0	5.37	-1.25	0.703
path	1	0.0	1.065	0.188	0.43	AT4G17980	51.94	56.0	4.06	-1.25	0.703
path	1	0.0	1.065	0.188	0.43	AT5G15830	98.89	105.0	6.11	-1.75	0.703
path	1	0.0	1.065	-0.388	0.55	AT3G61250	4.73	5.0	0.27	-0.66	0.704
path	1	0.0	1.065	1.424	0.859	AT3G16280	27.75	30.0	2.25	-1.82	0.704
path	1	0.0	1.065	0.097	0.139	AT2G20400	12.6	14.0	1.4	-1.31	0.705
path	1	0.0	1.065	0.185	0.297	AT5G29000	20.61	23.0	2.39	-1.52	0.705
path	1	0.0	1.065	-0.388	0.55	AT5G05550	21.0	23.0	2.0	-1.68	0.706
path	1	0.0	1.065	-0.388	0.55	AT3G60490	12.06	13.0	0.94	-1.26	0.707
path	1	0.0	1.065	-0.388	0.55	AT3G01220	15.06	16.0	0.94	-1.43	0.709
path	1	0.0	1.065	-0.388	0.55	AT4G27950	9.31	10.0	0.69	-1.09	0.709
path	1	0.0	1.065	0.097	0.139	AT3G47500	21.27	23.0	1.73	-1.79	0.71
path	1	0.0	1.065	1.424	0.859	AT3G12130	22.3	24.0	1.7	-1.67	0.71
path	1	0.0	1.065	0.185	0.297	AT3G60580	16.65	18.0	1.35	-1.37	0.711
path	1	0.0	1.065	0.185	0.297	AT4G17785	4.42	5.0	0.58	-0.54	0.711
path	1	0.0	1.065	0.097	0.139	AT3G12720	14.61	16.0	1.39	-1.5	0.712
path	1	0.0	1.065	0.188	0.43	AT1G14580	13.78	15.0	1.22	-0.47	0.713
path	1	0.0	1.065	0.188	0.43	AT3G10030	18.76	21.0	2.24	-0.66	0.713
path	1	0.0	1.065	0.188	0.43	AT3G20770	18.33	21.0	2.67	-0.66	0.713
path	1	0.0	1.065	0.188	0.43	AT3G57920	42.96	46.0	3.04	-1.19	0.713
path	1	0.0	1.065	0.185	0.297	AT1G01060	26.04	29.0	2.96	-1.84	0.714
path	1	0.0	1.065	1.424	0.859	AT3G24050	14.93	16.0	1.07	-1.35	0.714
path	1	0.0	1.065	0.188	0.43	AT3G60580	22.13	24.0	1.87	-0.75	0.715
path	1	0.0	1.065	0.188	0.43	AT5G61600	22.64	24.0	1.36	-0.75	0.715
path	1	0.0	1.065	-0.388	0.55	AT1G02230	9.89	11.0	1.11	-1.23	0.716
path	1	0.0	1.065	-0.388	0.55	AT1G26960	12.81	14.0	1.19	-1.4	0.716
path	1	0.0	1.065	0.097	0.139	AT1G78700	19.8	22.0	2.2	-1.82	0.716
path	1	0.0	1.065	-0.388	0.55	AT5G67190	15.59	17.0	1.41	-1.57	0.717
path	1	0.0	1.065	0.097	0.139	AT5G44160	3.69	4.0	0.31	-0.62	0.717
path	1	0.0	1.065	0.185	0.297	AT2G45410	38.98	42.0	3.02	-2.29	0.717
path	1	0.0	1.065	1.424	0.859	AT5G45580	29.99	33.0	3.01	-2.07	0.717
path	1	0.0	1.065	0.188	0.43	AT3G23220	25.43	27.0	1.57	-0.85	0.718
path	1	0.0	1.065	1.424	0.859	AT3G60490	23.86	26.0	2.14	-1.84	0.718
path	1	0.0	1.065	1.424	0.859	AT5G47660	25.0	27.0	2.0	-1.92	0.721
path	1	0.0	1.065	0.188	0.43	AT1G69180	48.73	52.0	3.27	-1.38	0.722
path	1	0.0	1.065	0.188	0.43	AT3G24520	48.17	52.0	3.83	-1.38	0.722
path	1	0.0	1.065	-0.388	0.55	AT3G61150	14.0	15.0	1.0	-1.53	0.723
path	1	0.0	1.065	0.185	0.297	AT1G19000	36.49	40.0	3.51	-2.31	0.723
path	1	0.0	1.065	-0.388	0.55	AT3G48160	0.93	1.0	0.07	-0.13	0.724
path	1	0.0	1.065	-0.388	0.55	AT5G08750	0.8	1.0	0.2	-0.13	0.724
path	1	0.0	1.065	0.185	0.297	AT3G56850	45.45	50.0	4.55	-2.59	0.724
path	1	0.0	1.065	0.188	0.43	AT1G20910	30.37	33.0	2.63	-1.04	0.724
path	1	0.0	1.065	-0.388	0.55	AT1G50640	16.66	18.0	1.34	-1.7	0.725
path	1	0.0	1.065	0.185	0.297	AT5G03150	11.95	13.0	1.05	-1.23	0.725
path	1	0.0	1.065	0.185	0.297	AT1G55110	27.68	30.0	2.32	-2.03	0.726
path	1	0.0	1.065	0.097	0.139	AT2G46590	24.96	27.0	2.04	-2.17	0.727
path	1	0.0	1.065	0.188	0.43	AT4G01250	32.15	36.0	3.85	-1.13	0.727
path	1	0.0	1.065	1.424	0.859	AT1G51220	18.27	20.0	1.73	-1.69	0.727
path	1	0.0	1.065	-0.388	0.55	AT5G09410	7.79	9.0	1.21	-1.19	0.728
path	1	0.0	1.065	0.097	0.139	AT1G14580	6.46	7.0	0.54	-1.02	0.729
path	1	0.0	1.065	0.097	0.139	AT3G11020	12.79	14.0	1.21	-1.56	0.729
path	1	0.0	1.065	0.188	0.43	AT5G11260	91.35	97.0	5.65	-2.02	0.729
path	1	0.0	1.065	0.185	0.297	AT1G14687	30.24	33.0	2.76	-2.19	0.73
path	1	0.0	1.065	-0.388	0.55	AT2G23320	11.48	13.0	1.52	-1.49	0.731
path	1	0.0	1.065	0.185	0.297	AT1G29860	54.49	58.0	3.51	-2.89	0.731
path	1	0.0	1.065	-0.388	0.55	AT1G53170	21.94	24.0	2.06	-2.04	0.733
path	1	0.0	1.065	0.185	0.297	AT2G38340	37.61	41.0	3.39	-2.49	0.734
path	1	0.0	1.065	0.185	0.297	AT5G65410	37.89	41.0	3.11	-2.49	0.734
path	1	0.0	1.065	-0.388	0.55	AT5G18450	9.2	10.0	0.8	-1.32	0.735
path	1	0.0	1.065	0.188	0.43	AT3G08500	39.21	42.0	2.79	-1.32	0.735
path	1	0.0	1.065	0.188	0.43	AT3G23240	39.19	42.0	2.81	-1.32	0.735
path	1	0.0	1.065	0.097	0.139	AT1G33240	20.2	22.0	1.8	-2.06	0.736
path	1	0.0	1.065	1.424	0.859	AT5G13180	28.48	31.0	2.52	-2.26	0.736
path	1	0.0	1.065	0.188	0.43	AT1G72360	5.59	6.0	0.41	-0.19	0.737
path	1	0.0	1.065	0.188	0.43	AT2G24570	5.54	6.0	0.46	-0.19	0.737
path	1	0.0	1.065	0.188	0.43	AT3G02990	5.54	6.0	0.46	-0.19	0.737
path	1	0.0	1.065	0.188	0.43	AT3G20840	5.63	6.0	0.37	-0.19	0.737
path	1	0.0	1.065	-0.388	0.55	AT1G30490	13.18	14.0	0.82	-1.62	0.738
path	1	0.0	1.065	-0.388	0.55	AT1G77200	15.58	17.0	1.42	-1.79	0.738
path	1	0.0	1.065	-0.388	0.55	AT2G18350	12.89	14.0	1.11	-1.62	0.738
path	1	0.0	1.065	-0.388	0.55	AT2G23290	12.79	14.0	1.21	-1.62	0.738
path	1	0.0	1.065	0.188	0.43	AT4G25480	71.81	77.0	5.19	-1.91	0.738
path	1	0.0	1.065	1.424	0.859	AT5G13790	7.13	8.0	0.87	-1.04	0.738
path	1	0.0	1.065	-0.388	0.55	AT1G13260	4.58	5.0	0.42	-0.89	0.739
path	1	0.0	1.065	-0.388	0.55	AT1G44830	4.54	5.0	0.46	-0.89	0.739
path	1	0.0	1.065	0.185	0.297	AT4G01720	6.58	7.0	0.42	-0.91	0.739
path	1	0.0	1.065	0.185	0.297	AT5G66700	35.52	39.0	3.48	-2.52	0.739
path	1	0.0	1.065	1.424	0.859	AT2G39900	0.94	1.0	0.06	-0.08	0.74
path	1	0.0	1.065	1.424	0.859	AT3G25990	10.07	11.0	0.93	-1.29	0.74
path	1	0.0	1.065	1.424	0.859	AT3G61120	0.85	1.0	0.15	-0.08	0.74
path	1	0.0	1.065	1.424	0.859	AT4G28110	0.89	1.0	0.11	-0.08	0.74
path	1	0.0	1.065	1.424	0.859	AT5G14340	0.8	1.0	0.2	-0.08	0.74
path	1	0.0	1.065	1.424	0.859	AT5G49300	0.95	1.0	0.05	-0.08	0.74
path	1	0.0	1.065	1.424	0.859	AT5G56930	0.92	1.0	0.08	-0.08	0.74
path	1	0.0	1.065	-0.388	0.55	AT1G63030	2.82	3.0	0.18	-0.62	0.741
path	1	0.0	1.065	-0.388	0.55	AT2G46130	2.5	3.0	0.5	-0.62	0.741
path	1	0.0	1.065	0.185	0.297	AT2G02540	31.09	34.0	2.91	-2.38	0.741
path	1	0.0	1.065	1.424	0.859	AT3G60530	11.24	12.0	0.76	-1.38	0.741
path	1	0.0	1.065	-0.388	0.55	AT1G08010	5.22	6.0	0.78	-1.02	0.742
path	1	0.0	1.065	0.097	0.139	AT1G09540	16.37	18.0	1.63	-1.93	0.742
path	1	0.0	1.065	0.188	0.43	AT3G15270	74.95	80.0	5.05	-2.0	0.742
path	1	0.0	1.065	-0.388	0.55	AT3G62420	28.14	30.0	1.86	-2.38	0.744
path	1	0.0	1.065	0.188	0.43	AT5G64750	61.79	67.0	5.21	-1.85	0.744
path	1	0.0	1.065	-0.388	0.55	AT3G55370	16.45	18.0	1.55	-1.92	0.745
path	1	0.0	1.065	0.188	0.43	AT5G13080	45.51	51.0	5.49	-1.6	0.746
path	1	0.0	1.065	0.097	0.139	AT1G32240	2.66	3.0	0.34	-0.65	0.747
path	1	0.0	1.065	0.097	0.139	AT4G01500	2.63	3.0	0.37	-0.65	0.747
path	1	0.0	1.065	0.097	0.139	AT5G10280	2.61	3.0	0.39	-0.65	0.747
path	1	0.0	1.065	0.097	0.139	AT1G01060	15.18	17.0	1.82	-1.96	0.749
path	1	0.0	1.065	0.188	0.43	AT4G31800	48.17	54.0	5.83	-1.7	0.749
path	1	0.0	1.065	0.188	0.43	AT3G25990	18.59	20.0	1.41	-0.89	0.75
path	1	0.0	1.065	-0.388	0.55	AT3G50260	22.21	24.0	1.79	-2.26	0.751
path	1	0.0	1.065	0.097	0.139	AT2G31460	0.95	1.0	0.05	-0.22	0.752
path	1	0.0	1.065	0.185	0.297	AT1G74650	32.23	35.0	2.77	-2.56	0.752
path	1	0.0	1.065	1.424	0.859	AT3G51080	3.68	4.0	0.32	-0.7	0.752
path	1	0.0	1.065	-0.388	0.55	AT1G30650	11.6	13.0	1.4	-1.72	0.753
path	1	0.0	1.065	0.188	0.43	AT2G42200	53.06	57.0	3.94	-1.79	0.753
path	1	0.0	1.065	0.185	0.297	AT2G40740	54.44	58.0	3.56	-3.29	0.754
path	1	0.0	1.065	0.097	0.139	AT1G19210	29.36	32.0	2.64	-2.76	0.755
path	1	0.0	1.065	0.188	0.43	AT1G62300	30.87	35.0	4.13	-1.36	0.755
path	1	0.0	1.065	0.188	0.43	AT5G39820	13.05	14.0	0.95	-0.7	0.756
path	1	0.0	1.065	1.424	0.859	AT2G22540	34.05	37.0	2.95	-2.77	0.756
path	1	0.0	1.065	0.185	0.297	AT5G64750	47.22	51.0	3.78	-3.17	0.758
path	1	0.0	1.065	-0.388	0.55	AT1G75490	9.24	10.0	0.76	-1.55	0.759
path	1	0.0	1.065	-0.388	0.55	AT2G01060	9.24	10.0	0.76	-1.55	0.759
path	1	0.0	1.065	0.097	0.139	AT3G25990	6.37	7.0	0.63	-1.26	0.759
path	1	0.0	1.065	0.185	0.297	AT5G42520	1.88	2.0	0.12	-0.37	0.76
path	1	0.0	1.065	0.097	0.139	AT5G44210	11.92	13.0	1.08	-1.83	0.761
path	1	0.0	1.065	0.185	0.297	AT3G47600	2.68	3.0	0.32	-0.56	0.761
path	1	0.0	1.065	0.188	0.43	AT1G03800	73.26	79.0	5.74	-2.23	0.761
path	1	0.0	1.065	0.188	0.43	AT1G28470	39.23	44.0	4.77	-1.64	0.763
path	1	0.0	1.065	-0.388	0.55	AT1G74480	9.95	11.0	1.05	-1.68	0.764
path	1	0.0	1.065	0.188	0.43	AT5G59990	10.12	11.0	0.88	-0.6	0.764
path	1	0.0	1.065	1.424	0.859	AT5G10140	2.72	3.0	0.28	-0.62	0.764
path	1	0.0	1.065	-0.388	0.55	AT5G18270	13.84	15.0	1.16	-1.98	0.765
path	1	0.0	1.065	-0.388	0.55	AT5G63260	13.75	15.0	1.25	-1.98	0.765
path	1	0.0	1.065	0.188	0.43	AT2G44940	43.52	47.0	3.48	-1.74	0.765
path	1	0.0	1.065	0.097	0.139	AT1G69690	4.53	5.0	0.47	-1.08	0.767
path	1	0.0	1.065	0.097	0.139	AT2G02540	18.21	20.0	1.79	-2.36	0.767
path	1	0.0	1.065	0.097	0.139	AT2G41690	4.59	5.0	0.41	-1.08	0.767
path	1	0.0	1.065	0.185	0.297	AT2G38300	3.58	4.0	0.42	-0.74	0.767
path	1	0.0	1.065	0.185	0.297	AT1G34190	31.26	34.0	2.74	-2.77	0.768
path	1	0.0	1.065	-0.388	0.55	AT3G21890	10.91	12.0	1.09	-1.81	0.769
path	1	0.0	1.065	-0.388	0.55	AT5G03150	4.57	5.0	0.43	-1.11	0.771
path	1	0.0	1.065	0.185	0.297	AT1G36060	18.25	20.0	1.75	-2.14	0.771
path	1	0.0	1.065	0.185	0.297	AT3G11020	21.03	23.0	1.97	-2.31	0.771
path	1	0.0	1.065	0.097	0.139	AT1G22810	20.22	22.0	1.78	-2.55	0.773
path	1	0.0	1.065	0.097	0.139	AT3G21890	20.34	22.0	1.66	-2.55	0.773
path	1	0.0	1.065	1.424	0.859	AT5G25830	24.32	26.0	1.68	-2.56	0.773
path	1	0.0	1.065	-0.388	0.55	AT4G26030	12.09	13.0	0.91	-1.94	0.774
path	1	0.0	1.065	-0.388	0.55	AT5G06100	11.83	13.0	1.17	-1.94	0.774
path	1	0.0	1.065	0.097	0.139	AT1G28160	25.83	28.0	2.17	-2.87	0.774
path	1	0.0	1.065	0.185	0.297	AT4G01500	4.4	5.0	0.6	-0.93	0.774
path	1	0.0	1.065	0.188	0.43	AT1G63040	0.95	1.0	0.05	0.23	0.774
path	1	0.0	1.065	0.188	0.43	AT1G66420	0.98	1.0	0.02	0.23	0.774
path	1	0.0	1.065	0.188	0.43	AT1G74370	0.93	1.0	0.07	0.23	0.774
path	1	0.0	1.065	0.188	0.43	AT2G48100	0.95	1.0	0.05	0.23	0.774
path	1	0.0	1.065	0.188	0.43	AT3G03660	0.82	1.0	0.18	0.23	0.774
path	1	0.0	1.065	0.188	0.43	AT3G12910	0.86	1.0	0.14	0.23	0.774
path	1	0.0	1.065	0.188	0.43	AT3G49930	0.95	1.0	0.05	0.23	0.774
path	1	0.0	1.065	0.188	0.43	AT4G12670	0.98	1.0	0.02	0.23	0.774
path	1	0.0	1.065	0.188	0.43	AT5G08070	0.86	1.0	0.14	0.23	0.774
path	1	0.0	1.065	0.188	0.43	AT5G42520	0.84	1.0	0.16	0.23	0.774
path	1	0.0	1.065	0.097	0.139	AT3G61150	14.48	16.0	1.52	-2.23	0.777
path	1	0.0	1.065	-0.388	0.55	AT1G03840	8.22	9.0	0.78	-1.64	0.778
path	1	0.0	1.065	0.185	0.297	AT2G45420	39.69	43.0	3.31	-3.26	0.778
path	1	0.0	1.065	0.188	0.43	AT1G23810	2.72	3.0	0.28	-0.09	0.778
path	1	0.0	1.065	0.188	0.43	AT2G21900	2.65	3.0	0.35	-0.09	0.778
path	1	0.0	1.065	0.188	0.43	AT2G33810	7.33	8.0	0.67	-0.51	0.778
path	1	0.0	1.065	0.188	0.43	AT4G14410	2.88	3.0	0.12	-0.09	0.778
path	1	0.0	1.065	0.188	0.43	AT4G27900	2.68	3.0	0.32	-0.09	0.778
path	1	0.0	1.065	0.188	0.43	AT5G44160	7.31	8.0	0.69	-0.51	0.778
path	1	0.0	1.065	-0.388	0.55	AT5G41570	12.41	14.0	1.59	-2.08	0.78
path	1	0.0	1.065	0.185	0.297	AT2G39900	0.93	1.0	0.07	-0.19	0.78
path	1	0.0	1.065	0.185	0.297	AT3G09230	0.92	1.0	0.08	-0.19	0.78
path	1	0.0	1.065	0.185	0.297	AT3G61120	0.83	1.0	0.17	-0.19	0.78
path	1	0.0	1.065	0.185	0.297	AT4G24240	0.95	1.0	0.05	-0.19	0.78
path	1	0.0	1.065	0.185	0.297	AT4G28110	0.88	1.0	0.12	-0.19	0.78
path	1	0.0	1.065	0.185	0.297	AT5G22990	51.96	56.0	4.04	-3.71	0.78
path	1	0.0	1.065	0.185	0.297	AT5G26170	57.19	61.0	3.81	-3.85	0.78
path	1	0.0	1.065	0.097	0.139	AT1G51700	16.58	18.0	1.42	-2.42	0.781
path	1	0.0	1.065	0.188	0.43	AT2G06200	23.23	25.0	1.77	-1.3	0.781
path	1	0.0	1.065	0.188	0.43	AT4G11660	22.58	25.0	2.42	-1.3	0.781
path	1	0.0	1.065	1.424	0.859	AT2G44940	26.69	29.0	2.31	-2.82	0.781
path	1	0.0	1.065	-0.388	0.55	AT2G02070	9.14	10.0	0.86	-1.77	0.782
path	1	0.0	1.065	0.185	0.297	AT1G21910	5.55	6.0	0.45	-1.12	0.782
path	1	0.0	1.065	0.185	0.297	AT3G42860	25.25	27.0	1.75	-2.66	0.782
path	1	0.0	1.065	0.097	0.139	AT5G29000	11.53	13.0	1.47	-2.07	0.783
path	1	0.0	1.065	0.097	0.139	AT1G69010	20.8	23.0	2.2	-2.76	0.784
path	1	0.0	1.065	0.185	0.297	AT5G62470	9.9	11.0	1.1	-1.65	0.785
path	1	0.0	1.065	-0.388	0.55	AT3G10500	10.02	11.0	0.98	-1.91	0.786
path	1	0.0	1.065	1.424	0.859	AT3G03660	1.88	2.0	0.12	-0.53	0.786
path	1	0.0	1.065	1.424	0.859	AT4G01550	28.83	31.0	2.17	-2.99	0.786
path	1	0.0	1.065	-0.388	0.55	AT3G51470	0.9	1.0	0.1	-0.36	0.787
path	1	0.0	1.065	-0.388	0.55	AT5G25390	0.89	1.0	0.11	-0.36	0.787
path	1	0.0	1.065	0.185	0.297	AT1G33240	33.08	36.0	2.92	-3.15	0.787
path	1	0.0	1.065	0.097	0.139	AT5G08130	2.63	3.0	0.37	-0.89	0.788
path	1	0.0	1.065	1.424	0.859	AT1G02250	29.86	32.0	2.14	-3.07	0.788
path	1	0.0	1.065	-0.388	0.55	AT2G30250	10.29	12.0	1.71	-2.04	0.79
path	1	0.0	1.065	-0.388	0.55	AT3G45610	14.7	16.0	1.3	-2.34	0.79
path	1	0.0	1.065	-0.388	0.55	AT4G31060	14.58	16.0	1.42	-2.34	0.79
path	1	0.0	1.065	0.097	0.139	AT2G21900	1.85	2.0	0.15	-0.67	0.79
path	1	0.0	1.065	0.097	0.139	AT4G25470	20.08	22.0	1.92	-2.79	0.79
path	1	0.0	1.065	0.097	0.139	AT5G25390	1.83	2.0	0.17	-0.67	0.79
path	1	0.0	1.065	0.185	0.297	AT2G23320	56.22	60.0	3.78	-4.06	0.792
path	1	0.0	1.065	0.185	0.297	AT4G27950	17.28	19.0	1.72	-2.35	0.793
path	1	0.0	1.065	0.188	0.43	AT5G17300	69.41	74.0	4.59	-2.58	0.793
path	1	0.0	1.065	0.185	0.297	AT1G76110	10.83	12.0	1.17	-1.84	0.794
path	1	0.0	1.065	0.185	0.297	AT2G42430	31.28	34.0	2.72	-3.17	0.794
path	1	0.0	1.065	1.424	0.859	AT1G72740	22.23	24.0	1.77	-2.75	0.794
path	1	0.0	1.065	-0.388	0.55	AT3G52440	15.62	17.0	1.38	-2.47	0.795
path	1	0.0	1.065	-0.388	0.55	AT5G14960	1.75	2.0	0.25	-0.72	0.796
path	1	0.0	1.065	-0.388	0.55	AT1G02250	7.06	8.0	0.94	-1.74	0.799
path	1	0.0	1.065	-0.388	0.55	AT1G22810	12.83	14.0	1.17	-2.3	0.799
path	1	0.0	1.065	-0.388	0.55	AT2G02080	12.79	14.0	1.21	-2.3	0.799
path	1	0.0	1.065	0.097	0.139	AT1G19000	20.84	23.0	2.16	-3.01	0.8
path	1	0.0	1.065	1.424	0.859	AT3G24120	33.79	37.0	3.21	-3.49	0.8
path	1	0.0	1.065	-0.388	0.55	AT3G49530	8.08	9.0	0.92	-1.87	0.801
path	1	0.0	1.065	-0.388	0.55	AT4G01550	8.04	9.0	0.96	-1.87	0.801
path	1	0.0	1.065	-0.388	0.55	AT5G24110	8.02	9.0	0.98	-1.87	0.801
path	1	0.0	1.065	0.185	0.297	AT1G06850	20.94	23.0	2.06	-2.7	0.801
path	1	0.0	1.065	0.185	0.297	AT1G69780	20.73	23.0	2.27	-2.7	0.801
path	1	0.0	1.065	0.185	0.297	AT4G01280	29.01	32.0	2.99	-3.19	0.801
path	1	0.0	1.065	0.185	0.297	AT1G25550	18.28	20.0	1.72	-2.54	0.802
path	1	0.0	1.065	-0.388	0.55	AT5G10280	3.74	4.0	0.26	-1.21	0.804
path	1	0.0	1.065	0.188	0.43	AT2G15660	4.33	5.0	0.67	-0.42	0.805
path	1	0.0	1.065	0.188	0.43	AT5G06950	62.8	67.0	4.2	-2.62	0.805
path	1	0.0	1.065	1.424	0.859	AT2G28810	36.1	39.0	2.9	-3.66	0.805
path	1	0.0	1.065	-0.388	0.55	AT2G40740	9.56	11.0	1.44	-2.13	0.806
path	1	0.0	1.065	0.188	0.43	AT1G12610	30.69	33.0	2.31	-1.81	0.806
path	1	0.0	1.065	1.424	0.859	AT2G42590	3.57	4.0	0.43	-1.06	0.807
path	1	0.0	1.065	0.185	0.297	AT1G16490	24.59	27.0	2.41	-3.05	0.808
path	1	0.0	1.065	0.188	0.43	AT2G36270	95.73	102.0	6.27	-3.21	0.808
path	1	0.0	1.065	1.424	0.859	AT5G58850	51.44	55.0	3.56	-4.29	0.808
path	1	0.0	1.065	0.185	0.297	AT1G03840	22.08	24.0	1.92	-2.89	0.809
path	1	0.0	1.065	0.185	0.297	AT4G23550	48.67	52.0	3.33	-4.15	0.809
path	1	0.0	1.065	0.188	0.43	AT4G18450	9.4	10.0	0.6	-0.83	0.81
path	1	0.0	1.065	0.185	0.297	AT4G36780	32.37	36.0	3.63	-3.54	0.811
path	1	0.0	1.065	0.185	0.297	AT1G28370	50.97	55.0	4.03	-4.31	0.812
path	1	0.0	1.065	0.097	0.139	AT3G10800	10.75	12.0	1.25	-2.34	0.813
path	1	0.0	1.065	1.424	0.859	AT1G76420	31.37	34.0	2.63	-3.6	0.814
path	1	0.0	1.065	-0.388	0.55	AT5G10030	22.39	24.0	1.61	-3.17	0.815
path	1	0.0	1.065	-0.388	0.55	AT1G68550	16.44	18.0	1.56	-2.83	0.816
path	1	0.0	1.065	-0.388	0.55	AT2G03500	13.06	14.0	0.94	-2.53	0.816
path	1	0.0	1.065	0.185	0.297	AT3G12730	22.61	25.0	2.39	-3.07	0.817
path	1	0.0	1.065	0.188	0.43	AT2G35530	104.71	111.0	6.29	-3.49	0.818
path	1	0.0	1.065	0.097	0.139	AT2G18160	22.5	25.0	2.5	-3.44	0.819
path	1	0.0	1.065	-0.388	0.55	AT2G35700	13.68	15.0	1.32	-2.66	0.82
path	1	0.0	1.065	0.097	0.139	AT1G06180	7.19	8.0	0.81	-1.96	0.82
path	1	0.0	1.065	-0.388	0.55	AT1G27730	7.33	8.0	0.67	-1.96	0.821
path	1	0.0	1.065	-0.388	0.55	AT1G79180	6.49	7.0	0.51	-1.83	0.821
path	1	0.0	1.065	-0.388	0.55	AT3G06740	6.37	7.0	0.63	-1.83	0.821
path	1	0.0	1.065	-0.388	0.55	AT1G36060	8.29	9.0	0.71	-2.09	0.822
path	1	0.0	1.065	-0.388	0.55	AT3G30210	5.62	6.0	0.38	-1.7	0.822
path	1	0.0	1.065	-0.388	0.55	AT3G50410	8.08	9.0	0.92	-2.09	0.822
path	1	0.0	1.065	0.185	0.297	AT4G01250	40.21	43.0	2.79	-4.05	0.822
path	1	0.0	1.065	1.424	0.859	AT5G64060	35.54	38.0	2.46	-3.94	0.822
path	1	0.0	1.065	-0.388	0.55	AT3G09735	9.07	10.0	0.93	-2.23	0.823
path	1	0.0	1.065	0.097	0.139	AT3G22830	15.62	17.0	1.38	-2.93	0.823
path	1	0.0	1.065	0.097	0.139	AT3G23210	2.6	3.0	0.4	-1.13	0.823
path	1	0.0	1.065	1.424	0.859	AT1G51700	24.89	27.0	2.11	-3.37	0.823
path	1	0.0	1.065	1.424	0.859	AT3G55370	43.49	47.0	3.51	-4.34	0.823
path	1	0.0	1.065	1.424	0.859	AT4G24020	2.69	3.0	0.31	-0.98	0.823
path	1	0.0	1.065	-0.388	0.55	AT1G78700	21.56	23.0	1.44	-3.26	0.824
path	1	0.0	1.065	-0.388	0.55	AT1G25340	10.17	11.0	0.83	-2.36	0.825
path	1	0.0	1.065	-0.388	0.55	AT5G63090	4.49	5.0	0.51	-1.57	0.825
path	1	0.0	1.065	0.188	0.43	AT1G75080	14.03	15.0	0.97	-1.25	0.825
path	1	0.0	1.065	0.188	0.43	AT3G27010	14.03	15.0	0.97	-1.25	0.825
path	1	0.0	1.065	0.097	0.139	AT1G53170	38.86	42.0	3.14	-4.42	0.828
path	1	0.0	1.065	0.097	0.139	AT4G36780	18.77	21.0	2.23	-3.3	0.828
path	1	0.0	1.065	0.097	0.139	AT5G08520	18.76	21.0	2.24	-3.3	0.828
path	1	0.0	1.065	0.188	0.43	AT1G32870	37.5	41.0	3.5	-2.32	0.829
path	1	0.0	1.065	1.424	0.859	AT1G32870	28.68	31.0	2.32	-3.71	0.829
path	1	0.0	1.065	0.185	0.297	AT1G01250	5.58	6.0	0.42	-1.51	0.83
path	1	0.0	1.065	0.185	0.297	AT1G65620	5.55	6.0	0.45	-1.51	0.83
path	1	0.0	1.065	0.185	0.297	AT2G17950	5.47	6.0	0.53	-1.51	0.83
path	1	0.0	1.065	0.188	0.43	AT1G69560	6.19	7.0	0.81	-0.74	0.83
path	1	0.0	1.065	0.097	0.139	AT4G26030	12.61	14.0	1.39	-2.77	0.831
path	1	0.0	1.065	-0.388	0.55	AT2G45650	1.85	2.0	0.15	-0.94	0.832
path	1	0.0	1.065	-0.388	0.55	AT3G60530	1.66	2.0	0.34	-0.94	0.832
path	1	0.0	1.065	0.188	0.43	AT1G34180	49.24	53.0	3.76	-2.7	0.832
path	1	0.0	1.065	-0.388	0.55	AT2G18160	23.36	25.0	1.64	-3.53	0.833
path	1	0.0	1.065	-0.388	0.55	AT5G66940	12.74	14.0	1.26	-2.75	0.833
path	1	0.0	1.065	0.097	0.139	AT2G35700	22.99	25.0	2.01	-3.68	0.834
path	1	0.0	1.065	0.185	0.297	AT5G11260	37.91	42.0	4.09	-4.26	0.834
path	1	0.0	1.065	0.185	0.297	AT4G06746	15.51	17.0	1.49	-2.77	0.835
path	1	0.0	1.065	1.424	0.859	AT1G46264	0.91	1.0	0.09	-0.45	0.835
path	1	0.0	1.065	1.424	0.859	AT3G46070	0.91	1.0	0.09	-0.45	0.835
path	1	0.0	1.065	1.424	0.859	AT4G17460	0.88	1.0	0.12	-0.45	0.835
path	1	0.0	1.065	1.424	0.859	AT5G40330	0.89	1.0	0.11	-0.45	0.835
path	1	0.0	1.065	-0.388	0.55	AT2G17410	0.85	1.0	0.15	-0.58	0.836
path	1	0.0	1.065	-0.388	0.55	AT4G36740	13.93	15.0	1.07	-2.89	0.836
path	1	0.0	1.065	0.097	0.139	AT2G01818	6.46	7.0	0.54	-1.99	0.836
path	1	0.0	1.065	0.097	0.139	AT3G58630	6.45	7.0	0.55	-1.99	0.836
path	1	0.0	1.065	0.185	0.297	AT1G27360	1.83	2.0	0.17	-0.77	0.836
path	1	0.0	1.065	0.185	0.297	AT3G30530	1.73	2.0	0.27	-0.77	0.836
path	1	0.0	1.065	0.188	0.43	AT3G58630	10.76	12.0	1.24	-1.15	0.836
path	1	0.0	1.065	-0.388	0.55	AT2G04038	24.37	26.0	1.63	-3.66	0.838
path	1	0.0	1.065	-0.388	0.55	AT4G32730	17.9	20.0	2.1	-3.32	0.839
path	1	0.0	1.065	0.097	0.139	AT3G09600	15.11	17.0	1.89	-3.17	0.839
path	1	0.0	1.065	0.185	0.297	AT4G28140	7.45	8.0	0.55	-1.89	0.839
path	1	0.0	1.065	0.188	0.43	AT3G20310	80.78	87.0	6.22	-3.51	0.839
path	1	0.0	1.065	0.185	0.297	AT4G36740	25.34	28.0	2.66	-3.63	0.84
path	1	0.0	1.065	0.185	0.297	AT5G58900	25.18	28.0	2.82	-3.63	0.84
path	1	0.0	1.065	1.424	0.859	AT5G43840	4.6	5.0	0.4	-1.51	0.84
path	1	0.0	1.065	-0.388	0.55	AT3G12130	6.25	7.0	0.75	-2.06	0.842
path	1	0.0	1.065	0.097	0.139	AT1G36060	9.92	11.0	1.08	-2.61	0.842
path	1	0.0	1.065	0.097	0.139	AT1G44830	7.3	8.0	0.7	-2.21	0.842
path	1	0.0	1.065	0.097	0.139	AT5G62940	19.32	21.0	1.68	-3.55	0.842
path	1	0.0	1.065	0.185	0.297	AT2G46680	16.09	18.0	1.91	-2.96	0.842
path	1	0.0	1.065	0.185	0.297	AT4G34410	50.16	54.0	3.84	-4.92	0.842
path	1	0.0	1.065	0.188	0.43	AT1G32150	99.82	106.0	6.18	-3.85	0.842
path	1	0.0	1.065	-0.388	0.55	AT1G18570	2.81	3.0	0.19	-1.3	0.843
path	1	0.0	1.065	1.424	0.859	AT5G66730	24.86	27.0	2.14	-3.73	0.843
path	1	0.0	1.065	-0.388	0.55	AT5G04410	10.94	12.0	1.06	-2.72	0.844
path	1	0.0	1.065	0.097	0.139	AT2G22540	21.02	23.0	1.98	-3.74	0.844
path	1	0.0	1.065	0.185	0.297	AT2G43000	45.17	49.0	3.83	-4.78	0.844
path	1	0.0	1.065	0.185	0.297	AT1G03800	47.84	52.0	4.16	-4.94	0.846
path	1	0.0	1.065	0.185	0.297	AT1G74480	32.41	35.0	2.59	-4.15	0.846
path	1	0.0	1.065	0.185	0.297	AT5G56110	31.54	35.0	3.46	-4.15	0.846
path	1	0.0	1.065	0.097	0.139	AT1G31140	12.66	14.0	1.34	-3.01	0.847
path	1	0.0	1.065	0.097	0.139	AT2G47070	14.51	16.0	1.49	-3.2	0.847
path	1	0.0	1.065	0.097	0.139	AT1G72010	8.07	9.0	0.93	-2.42	0.848
path	1	0.0	1.065	0.185	0.297	AT5G60130	23.88	26.0	2.12	-3.66	0.848
path	1	0.0	1.065	0.188	0.43	AT4G18770	32.71	37.0	4.29	-2.45	0.849
path	1	0.0	1.065	0.188	0.43	AT4G28500	36.1	40.0	3.9	-2.55	0.849
path	1	0.0	1.065	0.188	0.43	AT1G74650	48.17	52.0	3.83	-2.92	0.85
path	1	0.0	1.065	0.185	0.297	AT4G18170	49.62	53.0	3.38	-5.12	0.852
path	1	0.0	1.065	0.185	0.297	AT4G31800	61.77	66.0	4.23	-5.57	0.852
path	1	0.0	1.065	0.188	0.43	AT2G38300	8.42	9.0	0.58	-1.06	0.852
path	1	0.0	1.065	1.424	0.859	AT5G10280	3.42	4.0	0.58	-1.42	0.852
path	1	0.0	1.065	0.097	0.139	AT1G21910	2.72	3.0	0.28	-1.37	0.853
path	1	0.0	1.065	0.097	0.139	AT2G33810	2.7	3.0	0.3	-1.37	0.853
path	1	0.0	1.065	0.097	0.139	AT5G43840	2.73	3.0	0.27	-1.37	0.853
path	1	0.0	1.065	0.097	0.139	AT2G30340	15.5	17.0	1.5	-3.42	0.854
path	1	0.0	1.065	0.097	0.139	AT3G13810	11.81	13.0	1.19	-3.04	0.856
path	1	0.0	1.065	-0.388	0.55	AT4G01280	15.79	17.0	1.21	-3.38	0.857
path	1	0.0	1.065	0.185	0.297	AT1G30650	47.54	51.0	3.46	-5.15	0.857
path	1	0.0	1.065	-0.388	0.55	AT1G47655	9.08	10.0	0.92	-2.68	0.858
path	1	0.0	1.065	-0.388	0.55	AT1G25550	7.31	8.0	0.69	-2.42	0.859
path	1	0.0	1.065	-0.388	0.55	AT2G46680	10.23	11.0	0.77	-2.81	0.859
path	1	0.0	1.065	-0.388	0.55	AT4G16750	16.43	18.0	1.57	-3.51	0.859
path	1	0.0	1.065	0.097	0.139	AT1G27360	0.9	1.0	0.1	-0.7	0.859
path	1	0.0	1.065	0.097	0.139	AT1G76880	0.9	1.0	0.1	-0.7	0.859
path	1	0.0	1.065	0.188	0.43	AT1G01060	68.92	73.0	4.08	-3.58	0.859
path	1	0.0	1.065	0.097	0.139	AT1G20980	7.08	8.0	0.92	-2.45	0.861
path	1	0.0	1.065	0.097	0.139	AT4G00730	16.41	18.0	1.59	-3.63	0.861
path	1	0.0	1.065	-0.388	0.55	AT5G45580	17.67	19.0	1.33	-3.64	0.862
path	1	0.0	1.065	0.188	0.43	AT1G19790	20.25	22.0	1.75	-1.98	0.862
path	1	0.0	1.065	-0.388	0.55	AT1G29280	12.49	14.0	1.51	-3.21	0.863
path	1	0.0	1.065	-0.388	0.55	AT2G42590	1.81	2.0	0.19	-1.17	0.863
path	1	0.0	1.065	-0.388	0.55	AT5G13910	1.81	2.0	0.19	-1.17	0.863
path	1	0.0	1.065	-0.388	0.55	AT5G65410	12.75	14.0	1.25	-3.21	0.863
path	1	0.0	1.065	0.185	0.297	AT3G10580	22.13	25.0	2.87	-3.86	0.863
path	1	0.0	1.065	0.185	0.297	AT1G06280	58.29	63.0	4.71	-5.8	0.864
path	1	0.0	1.065	1.424	0.859	AT4G01540	48.44	52.0	3.56	-5.49	0.864
path	1	0.0	1.065	-0.388	0.55	AT2G33710	13.56	15.0	1.44	-3.34	0.865
path	1	0.0	1.065	0.185	0.297	AT2G01940	29.43	32.0	2.57	-4.38	0.865
path	1	0.0	1.065	-0.388	0.55	AT3G28920	14.65	16.0	1.35	-3.47	0.867
path	1	0.0	1.065	0.185	0.297	AT3G15210	61.05	66.0	4.95	-5.96	0.867
path	1	0.0	1.065	0.185	0.297	AT3G46070	0.9	1.0	0.1	-0.58	0.867
path	1	0.0	1.065	0.185	0.297	AT4G17460	0.87	1.0	0.13	-0.58	0.867
path	1	0.0	1.065	0.185	0.297	AT4G38910	0.9	1.0	0.1	-0.58	0.867
path	1	0.0	1.065	1.424	0.859	AT3G21890	29.52	32.0	2.48	-4.52	0.867
path	1	0.0	1.065	0.185	0.297	AT1G13400	5.4	6.0	0.6	-1.91	0.869
path	1	0.0	1.065	0.097	0.139	AT1G30490	8.75	10.0	1.25	-2.88	0.87
path	1	0.0	1.065	0.097	0.139	AT1G52150	8.85	10.0	1.15	-2.88	0.87
path	1	0.0	1.065	0.185	0.297	AT1G20980	12.5	14.0	1.5	-3.0	0.87
path	1	0.0	1.065	0.185	0.297	AT1G43700	6.28	7.0	0.72	-2.09	0.87
path	1	0.0	1.065	0.188	0.43	AT4G37790	1.91	2.0	0.09	-0.32	0.87
path	1	0.0	1.065	0.188	0.43	AT5G40330	1.84	2.0	0.16	-0.32	0.87
path	1	0.0	1.065	0.185	0.297	AT3G04030	30.01	33.0	2.99	-4.56	0.871
path	1	0.0	1.065	0.185	0.297	AT5G67190	41.51	45.0	3.49	-5.22	0.871
path	1	0.0	1.065	0.185	0.297	AT5G67450	3.48	4.0	0.52	-1.54	0.871
path	1	0.0	1.065	0.188	0.43	AT1G13400	10.17	11.0	0.83	-1.38	0.871
path	1	0.0	1.065	0.188	0.43	AT2G45680	10.35	11.0	0.65	-1.38	0.871
path	1	0.0	1.065	0.188	0.43	AT4G25490	64.11	69.0	4.89	-3.72	0.871
path	1	0.0	1.065	0.097	0.139	AT2G28920	3.43	4.0	0.57	-1.83	0.873
path	1	0.0	1.065	-0.388	0.55	AT1G65620	0.82	1.0	0.18	-0.81	0.874
path	1	0.0	1.065	-0.388	0.55	AT2G30340	10.02	11.0	0.98	-3.04	0.874
path	1	0.0	1.065	-0.388	0.55	AT3G10480	10.94	12.0	1.06	-3.17	0.874
path	1	0.0	1.065	-0.388	0.55	AT3G51080	0.86	1.0	0.14	-0.81	0.874
path	1	0.0	1.065	-0.388	0.55	AT4G23550	8.66	10.0	1.34	-2.91	0.874
path	1	0.0	1.065	-0.388	0.55	AT4G28140	0.78	1.0	0.22	-0.81	0.874
path	1	0.0	1.065	-0.388	0.55	AT5G10140	0.88	1.0	0.12	-0.81	0.874
path	1	0.0	1.065	-0.388	0.55	AT5G43840	0.82	1.0	0.18	-0.81	0.874
path	1	0.0	1.065	0.185	0.297	AT4G24020	2.67	3.0	0.33	-1.35	0.876
path	1	0.0	1.065	0.185	0.297	AT4G16750	45.11	49.0	3.89	-5.57	0.877
path	1	0.0	1.065	0.188	0.43	AT4G24020	5.54	6.0	0.46	-0.96	0.877
path	1	0.0	1.065	-0.388	0.55	AT1G72740	6.22	7.0	0.78	-2.51	0.878
path	1	0.0	1.065	0.097	0.139	AT2G17950	2.67	3.0	0.33	-1.62	0.878
path	1	0.0	1.065	0.185	0.297	AT3G23220	8.86	10.0	1.14	-2.65	0.879
path	1	0.0	1.065	1.424	0.859	AT1G68320	17.94	20.0	2.06	-3.86	0.879
path	1	0.0	1.065	0.097	0.139	AT3G10113	10.55	12.0	1.45	-3.31	0.88
path	1	0.0	1.065	0.188	0.43	AT3G28910	22.62	24.0	1.38	-2.3	0.88
path	1	0.0	1.065	0.188	0.43	AT5G62470	22.48	24.0	1.52	-2.3	0.88
path	1	0.0	1.065	0.188	0.43	AT2G20110	45.57	50.0	4.43	-3.38	0.881
path	1	0.0	1.065	0.185	0.297	AT2G20400	18.73	21.0	2.27	-3.91	0.882
path	1	0.0	1.065	0.097	0.139	AT3G20310	29.23	32.0	2.77	-5.19	0.883
path	1	0.0	1.065	0.188	0.43	AT2G02820	67.98	74.0	6.02	-4.13	0.886
path	1	0.0	1.065	-0.388	0.55	AT2G20400	12.08	13.0	0.92	-3.53	0.888
path	1	0.0	1.065	0.097	0.139	AT5G15830	23.28	26.0	2.72	-4.87	0.888
path	1	0.0	1.065	0.185	0.297	AT1G12610	16.33	18.0	1.67	-3.75	0.888
path	1	0.0	1.065	-0.388	0.55	AT1G51220	8.24	9.0	0.76	-3.0	0.889
path	1	0.0	1.065	-0.388	0.55	AT1G75240	12.72	14.0	1.28	-3.66	0.889
path	1	0.0	1.065	-0.388	0.55	AT2G03340	1.42	2.0	0.58	-1.4	0.889
path	1	0.0	1.065	-0.388	0.55	AT3G01970	7.63	9.0	1.37	-3.0	0.889
path	1	0.0	1.065	-0.388	0.55	AT5G18560	8.2	9.0	0.8	-3.0	0.889
path	1	0.0	1.065	-0.388	0.55	AT3G50700	2.63	3.0	0.37	-1.75	0.89
path	1	0.0	1.065	0.185	0.297	AT3G02150	1.83	2.0	0.17	-1.16	0.89
path	1	0.0	1.065	0.185	0.297	AT5G67000	1.82	2.0	0.18	-1.16	0.89
path	1	0.0	1.065	0.097	0.139	AT1G76110	5.28	6.0	0.72	-2.51	0.891
path	1	0.0	1.065	0.097	0.139	AT3G11280	5.19	6.0	0.81	-2.51	0.891
path	1	0.0	1.065	0.097	0.139	AT5G66700	18.86	21.0	2.14	-4.52	0.891
path	1	0.0	1.065	0.185	0.297	AT4G00250	24.43	27.0	2.57	-4.63	0.892
path	1	0.0	1.065	0.097	0.139	AT5G61270	0.86	1.0	0.14	-0.94	0.893
path	1	0.0	1.065	0.097	0.139	AT4G28140	3.66	4.0	0.34	-2.08	0.894
path	1	0.0	1.065	0.097	0.139	AT5G14960	3.62	4.0	0.38	-2.08	0.894
path	1	0.0	1.065	1.424	0.859	AT1G76870	0.88	1.0	0.12	-0.81	0.895
path	1	0.0	1.065	1.424	0.859	AT3G50410	24.91	27.0	2.09	-4.82	0.895
path	1	0.0	1.065	1.424	0.859	AT5G52170	0.82	1.0	0.18	-0.81	0.895
path	1	0.0	1.065	0.097	0.139	AT3G52440	21.89	24.0	2.11	-4.92	0.896
path	1	0.0	1.065	0.097	0.139	AT5G08330	8.0	9.0	1.0	-3.15	0.896
path	1	0.0	1.065	0.097	0.139	AT5G65410	20.09	22.0	1.91	-4.74	0.896
path	1	0.0	1.065	0.185	0.297	AT1G72010	13.48	15.0	1.52	-3.58	0.896
path	1	0.0	1.065	0.185	0.297	AT3G01970	49.61	53.0	3.39	-6.31	0.896
path	1	0.0	1.065	0.188	0.43	AT5G51990	62.23	67.0	4.77	-4.17	0.896
path	1	0.0	1.065	-0.388	0.55	AT4G22070	5.02	6.0	0.98	-2.6	0.897
path	1	0.0	1.065	0.097	0.139	AT1G77200	23.83	26.0	2.17	-5.11	0.897
path	1	0.0	1.065	0.185	0.297	AT1G75490	18.13	20.0	1.87	-4.12	0.897
path	1	0.0	1.065	0.185	0.297	AT2G01060	18.13	20.0	1.87	-4.12	0.897
path	1	0.0	1.065	-0.388	0.55	AT5G56110	18.6	20.0	1.4	-4.45	0.898
path	1	0.0	1.065	-0.388	0.55	AT3G44480	10.91	12.0	1.09	-3.62	0.899
path	1	0.0	1.065	0.097	0.139	AT1G12610	8.97	10.0	1.03	-3.37	0.899
path	1	0.0	1.065	0.185	0.297	AT5G08750	6.52	7.0	0.48	-2.49	0.899
path	1	0.0	1.065	-0.388	0.55	AT1G69570	12.68	14.0	1.32	-3.89	0.9
path	1	0.0	1.065	-0.388	0.55	AT2G46590	12.66	14.0	1.34	-3.89	0.9
path	1	0.0	1.065	-0.388	0.55	AT4G00250	11.96	13.0	1.04	-3.75	0.9
path	1	0.0	1.065	-0.388	0.55	AT4G37180	12.91	14.0	1.09	-3.89	0.9
path	1	0.0	1.065	-0.388	0.55	AT5G05790	9.28	10.0	0.72	-3.36	0.9
path	1	0.0	1.065	0.097	0.139	AT3G12820	2.5	3.0	0.5	-1.86	0.9
path	1	0.0	1.065	0.185	0.297	AT1G75080	5.3	6.0	0.7	-2.3	0.9
path	1	0.0	1.065	0.185	0.297	AT3G01470	5.3	6.0	0.7	-2.3	0.9
path	1	0.0	1.065	0.185	0.297	AT5G08330	14.38	16.0	1.62	-3.77	0.9
path	1	0.0	1.065	0.188	0.43	AT3G22830	33.91	37.0	3.09	-3.23	0.9
path	1	0.0	1.065	1.424	0.859	AT1G27730	14.49	16.0	1.51	-3.89	0.9
path	1	0.0	1.065	-0.388	0.55	AT1G28160	13.58	15.0	1.42	-4.02	0.901
path	1	0.0	1.065	0.188	0.43	AT4G31550	8.66	10.0	1.34	-1.6	0.901
path	1	0.0	1.065	-0.388	0.55	AT1G51700	8.07	9.0	0.93	-3.23	0.902
path	1	0.0	1.065	0.097	0.139	AT5G65130	9.97	11.0	1.03	-3.58	0.902
path	1	0.0	1.065	-0.388	0.55	AT1G77640	0.78	1.0	0.22	-1.04	0.903
path	1	0.0	1.065	-0.388	0.55	AT3G30530	0.89	1.0	0.11	-1.04	0.903
path	1	0.0	1.065	0.185	0.297	AT1G14580	9.11	10.0	0.89	-3.05	0.903
path	1	0.0	1.065	0.185	0.297	AT1G70920	15.18	17.0	1.82	-3.96	0.903
path	1	0.0	1.065	0.097	0.139	AT1G69780	10.6	12.0	1.4	-3.8	0.905
path	1	0.0	1.065	0.185	0.297	AT2G03500	19.66	22.0	2.34	-4.49	0.905
path	1	0.0	1.065	0.097	0.139	AT5G56840	17.71	20.0	2.29	-4.79	0.906
path	1	0.0	1.065	0.185	0.297	AT1G32240	3.45	4.0	0.55	-1.93	0.906
path	1	0.0	1.065	0.185	0.297	AT1G53230	3.48	4.0	0.52	-1.93	0.906
path	1	0.0	1.065	-0.388	0.55	AT1G72010	6.39	7.0	0.61	-2.96	0.907
path	1	0.0	1.065	-0.388	0.55	AT5G44210	6.29	7.0	0.71	-2.96	0.907
path	1	0.0	1.065	0.097	0.139	AT2G44840	16.12	18.0	1.88	-4.6	0.907
path	1	0.0	1.065	0.185	0.297	AT5G62000	16.2	18.0	1.8	-4.14	0.907
path	1	0.0	1.065	-0.388	0.55	AT3G24050	2.53	3.0	0.47	-1.98	0.908
path	1	0.0	1.065	-0.388	0.55	AT5G47230	2.69	3.0	0.31	-1.98	0.908
path	1	0.0	1.065	0.185	0.297	AT1G19210	45.7	50.0	4.3	-6.54	0.908
path	1	0.0	1.065	-0.388	0.55	AT3G12250	19.4	21.0	1.6	-4.81	0.909
path	1	0.0	1.065	0.097	0.139	AT3G09735	14.58	16.0	1.42	-4.42	0.909
path	1	0.0	1.065	1.424	0.859	AT2G06200	10.82	12.0	1.18	-3.55	0.909
path	1	0.0	1.065	-0.388	0.55	AT1G13300	1.86	2.0	0.14	-1.62	0.91
path	1	0.0	1.065	-0.388	0.55	AT5G07100	1.64	2.0	0.36	-1.62	0.91
path	1	0.0	1.065	-0.388	0.55	AT5G07680	1.78	2.0	0.22	-1.62	0.91
path	1	0.0	1.065	0.097	0.139	AT2G02080	19.16	21.0	1.84	-5.01	0.91
path	1	0.0	1.065	1.424	0.859	AT1G02230	31.49	34.0	2.51	-5.77	0.91
path	1	0.0	1.065	-0.388	0.55	AT4G29230	4.79	6.0	1.21	-2.83	0.911
path	1	0.0	1.065	-0.388	0.55	AT4G38170	13.66	15.0	1.34	-4.25	0.911
path	1	0.0	1.065	0.097	0.139	AT3G28910	3.38	4.0	0.62	-2.32	0.911
path	1	0.0	1.065	0.097	0.139	AT2G02070	12.7	14.0	1.3	-4.23	0.912
path	1	0.0	1.065	-0.388	0.55	AT1G71450	21.01	23.0	1.99	-5.08	0.913
path	1	0.0	1.065	0.097	0.139	AT1G53230	1.68	2.0	0.32	-1.65	0.913
path	1	0.0	1.065	0.097	0.139	AT2G17410	1.77	2.0	0.23	-1.65	0.913
path	1	0.0	1.065	0.097	0.139	AT3G45170	1.79	2.0	0.21	-1.65	0.913
path	1	0.0	1.065	0.097	0.139	AT3G61250	1.59	2.0	0.41	-1.65	0.913
path	1	0.0	1.065	0.097	0.139	AT4G18890	1.6	2.0	0.4	-1.65	0.913
path	1	0.0	1.065	0.185	0.297	AT2G42200	29.14	32.0	2.86	-5.56	0.913
path	1	0.0	1.065	0.097	0.139	AT1G68550	25.63	28.0	2.37	-5.78	0.915
path	1	0.0	1.065	0.097	0.139	AT1G76890	18.16	20.0	1.84	-5.03	0.915
path	1	0.0	1.065	0.097	0.139	AT5G54230	13.24	15.0	1.76	-4.44	0.915
path	1	0.0	1.065	0.185	0.297	AT3G24050	13.83	15.0	1.17	-3.98	0.915
path	1	0.0	1.065	-0.388	0.55	AT3G13810	7.22	8.0	0.78	-3.32	0.916
path	1	0.0	1.065	0.185	0.297	AT1G18330	18.66	21.0	2.34	-4.7	0.917
path	1	0.0	1.065	0.188	0.43	AT3G26790	20.76	22.0	1.24	-2.75	0.917
path	1	0.0	1.065	0.097	0.139	AT1G32150	22.25	25.0	2.75	-5.62	0.919
path	1	0.0	1.065	0.097	0.139	AT4G11660	11.92	13.0	1.08	-4.26	0.919
path	1	0.0	1.065	0.185	0.297	AT2G47070	23.58	26.0	2.42	-5.24	0.919
path	1	0.0	1.065	-0.388	0.55	AT2G24430	12.73	14.0	1.27	-4.34	0.92
path	1	0.0	1.065	-0.388	0.55	AT5G60850	13.62	15.0	1.38	-4.47	0.92
path	1	0.0	1.065	0.097	0.139	AT2G45650	0.77	1.0	0.23	-1.19	0.92
path	1	0.0	1.065	0.185	0.297	AT2G31460	0.92	1.0	0.08	-0.98	0.92
path	1	0.0	1.065	0.185	0.297	AT5G08070	0.9	1.0	0.1	-0.98	0.92
path	1	0.0	1.065	-0.388	0.55	AT1G28370	14.37	16.0	1.63	-4.6	0.921
path	1	0.0	1.065	-0.388	0.55	AT5G22990	14.37	16.0	1.63	-4.6	0.921
path	1	0.0	1.065	0.188	0.43	AT4G30080	2.82	3.0	0.18	-0.87	0.921
path	1	0.0	1.065	0.185	0.297	AT2G44840	27.94	31.0	3.06	-5.77	0.922
path	1	0.0	1.065	0.097	0.139	AT1G71450	31.97	35.0	3.03	-6.56	0.923
path	1	0.0	1.065	0.097	0.139	AT5G66940	20.08	22.0	1.92	-5.46	0.923
path	1	0.0	1.065	0.185	0.297	AT1G68670	7.85	9.0	1.15	-3.26	0.923
path	1	0.0	1.065	0.185	0.297	AT3G50700	9.08	10.0	0.92	-3.44	0.923
path	1	0.0	1.065	0.188	0.43	AT3G18990	37.57	41.0	3.43	-3.87	0.923
path	1	0.0	1.065	1.424	0.859	AT5G67580	21.21	23.0	1.79	-5.2	0.923
path	1	0.0	1.065	-0.388	0.55	AT1G29860	7.58	9.0	1.42	-3.68	0.924
path	1	0.0	1.065	0.097	0.139	AT4G34410	27.64	30.0	2.36	-6.21	0.924
path	1	0.0	1.065	0.097	0.139	AT5G45300	9.73	11.0	1.27	-4.07	0.924
path	1	0.0	1.065	0.185	0.297	AT1G71450	55.07	60.0	4.93	-7.61	0.924
path	1	0.0	1.065	-0.388	0.55	AT5G14340	0.91	1.0	0.09	-1.26	0.925
path	1	0.0	1.065	0.097	0.139	AT1G74650	16.29	18.0	1.71	-5.09	0.925
path	1	0.0	1.065	0.097	0.139	AT2G42200	16.24	18.0	1.76	-5.09	0.925
path	1	0.0	1.065	-0.388	0.55	AT3G12820	3.67	4.0	0.33	-2.57	0.926
path	1	0.0	1.065	1.424	0.859	AT3G13350	1.71	2.0	0.29	-1.62	0.926
path	1	0.0	1.065	-0.388	0.55	AT5G47660	7.12	8.0	0.88	-3.55	0.927
path	1	0.0	1.065	-0.388	0.55	AT5G67450	1.79	2.0	0.21	-1.85	0.927
path	1	0.0	1.065	0.185	0.297	AT1G18570	1.53	2.0	0.47	-1.56	0.927
path	1	0.0	1.065	0.185	0.297	AT2G41835	1.8	2.0	0.2	-1.56	0.927
path	1	0.0	1.065	0.185	0.297	AT3G51470	1.75	2.0	0.25	-1.56	0.927
path	1	0.0	1.065	0.188	0.43	AT5G17800	31.77	35.0	3.23	-3.68	0.927
path	1	0.0	1.065	0.188	0.43	AT1G09540	51.34	55.0	3.66	-4.57	0.928
path	1	0.0	1.065	0.188	0.43	AT1G76110	22.39	24.0	1.61	-3.08	0.928
path	1	0.0	1.065	0.188	0.43	AT3G45150	8.29	9.0	0.71	-1.83	0.928
path	1	0.0	1.065	-0.388	0.55	AT3G12730	11.04	12.0	0.96	-4.3	0.929
path	1	0.0	1.065	-0.388	0.55	AT3G18400	13.71	15.0	1.29	-4.7	0.929
path	1	0.0	1.065	-0.388	0.55	AT5G47370	12.79	14.0	1.21	-4.57	0.929
path	1	0.0	1.065	0.185	0.297	AT3G20310	48.49	53.0	4.51	-7.5	0.929
path	1	0.0	1.065	0.185	0.297	AT5G63090	12.75	14.0	1.25	-4.19	0.929
path	1	0.0	1.065	-0.388	0.55	AT5G53950	4.46	5.0	0.54	-2.92	0.93
path	1	0.0	1.065	-0.388	0.55	AT1G08320	17.48	19.0	1.52	-5.23	0.931
path	1	0.0	1.065	0.097	0.139	AT1G22070	1.71	2.0	0.29	-1.89	0.931
path	1	0.0	1.065	0.097	0.139	AT1G70920	7.88	9.0	1.12	-3.88	0.931
path	1	0.0	1.065	0.185	0.297	AT1G47655	23.73	26.0	2.27	-5.63	0.931
path	1	0.0	1.065	0.185	0.297	AT3G57600	3.63	4.0	0.37	-2.33	0.932
path	1	0.0	1.065	1.424	0.859	AT5G60850	32.88	36.0	3.12	-6.66	0.932
path	1	0.0	1.065	0.097	0.139	AT2G15660	2.7	3.0	0.3	-2.35	0.933
path	1	0.0	1.065	0.097	0.139	AT5G64750	24.68	27.0	2.32	-6.3	0.933
path	1	0.0	1.065	1.424	0.859	AT3G48160	0.83	1.0	0.17	-1.17	0.933
path	1	0.0	1.065	1.424	0.859	AT5G42520	0.89	1.0	0.11	-1.17	0.933
path	1	0.0	1.065	-0.388	0.55	AT3G26620	5.28	6.0	0.72	-3.28	0.934
path	1	0.0	1.065	0.097	0.139	AT2G04038	18.52	21.0	2.48	-5.74	0.934
path	1	0.0	1.065	-0.388	0.55	AT1G52880	13.76	15.0	1.24	-4.92	0.936
path	1	0.0	1.065	-0.388	0.55	AT1G64620	13.64	15.0	1.36	-4.92	0.936
path	1	0.0	1.065	0.097	0.139	AT3G56850	23.21	26.0	2.79	-6.33	0.936
path	1	0.0	1.065	0.188	0.43	AT2G31230	58.64	63.0	4.36	-5.08	0.936
path	1	0.0	1.065	0.188	0.43	AT5G23930	61.23	66.0	4.77	-5.17	0.936
path	1	0.0	1.065	-0.388	0.55	AT5G65510	2.51	3.0	0.49	-2.43	0.937
path	1	0.0	1.065	-0.388	0.55	AT5G66700	16.6	18.0	1.4	-5.32	0.937
path	1	0.0	1.065	0.185	0.297	AT1G28160	39.47	43.0	3.53	-7.22	0.937
path	1	0.0	1.065	-0.388	0.55	AT5G25190	17.18	19.0	1.82	-5.45	0.938
path	1	0.0	1.065	0.097	0.139	AT3G02940	15.13	17.0	1.87	-5.36	0.938
path	1	0.0	1.065	0.097	0.139	AT1G51600	0.87	1.0	0.13	-1.43	0.939
path	1	0.0	1.065	0.097	0.139	AT1G72360	0.82	1.0	0.18	-1.43	0.939
path	1	0.0	1.065	0.097	0.139	AT5G10140	0.82	1.0	0.18	-1.43	0.939
path	1	0.0	1.065	0.185	0.297	AT5G08520	29.36	33.0	3.64	-6.54	0.939
path	1	0.0	1.065	0.185	0.297	AT5G44210	17.25	19.0	1.75	-5.12	0.939
path	1	0.0	1.065	1.424	0.859	AT1G19790	10.84	12.0	1.16	-4.27	0.939
path	1	0.0	1.065	-0.388	0.55	AT1G49560	8.93	10.0	1.07	-4.26	0.94
path	1	0.0	1.065	-0.388	0.55	AT1G65910	8.97	10.0	1.03	-4.26	0.94
path	1	0.0	1.065	-0.388	0.55	AT4G05100	6.45	7.0	0.55	-3.64	0.94
path	1	0.0	1.065	-0.388	0.55	AT5G08330	6.35	7.0	0.65	-3.64	0.94
path	1	0.0	1.065	-0.388	0.55	AT5G62940	8.89	10.0	1.11	-4.26	0.94
path	1	0.0	1.065	0.185	0.297	AT3G06490	7.81	9.0	1.19	-3.65	0.94
path	1	0.0	1.065	0.185	0.297	AT3G21175	9.93	11.0	1.07	-4.03	0.94
path	1	0.0	1.065	0.185	0.297	AT3G51080	2.65	3.0	0.35	-2.14	0.94
path	1	0.0	1.065	0.188	0.43	AT2G40260	41.61	45.0	3.39	-4.51	0.94
path	1	0.0	1.065	0.188	0.43	AT5G08130	12.17	13.0	0.83	-2.47	0.941
path	1	0.0	1.065	-0.388	0.55	AT1G06850	8.17	9.0	0.83	-4.13	0.942
path	1	0.0	1.065	-0.388	0.55	AT4G38620	0.89	1.0	0.11	-1.49	0.942
path	1	0.0	1.065	-0.388	0.55	AT4G38000	13.54	15.0	1.46	-5.15	0.943
path	1	0.0	1.065	0.097	0.139	AT2G35530	21.2	24.0	2.8	-6.38	0.943
path	1	0.0	1.065	1.424	0.859	AT4G37180	21.52	24.0	2.48	-6.01	0.943
path	1	0.0	1.065	0.185	0.297	AT1G69010	31.42	35.0	3.58	-6.91	0.944
path	1	0.0	1.065	0.185	0.297	AT3G30210	5.05	6.0	0.95	-3.09	0.944
path	1	0.0	1.065	0.185	0.297	AT5G59990	5.36	6.0	0.64	-3.09	0.944
path	1	0.0	1.065	0.185	0.297	AT1G69180	20.63	23.0	2.37	-5.86	0.946
path	1	0.0	1.065	-0.388	0.55	AT5G25830	3.26	4.0	0.74	-3.02	0.948
path	1	0.0	1.065	-0.388	0.55	AT5G26170	8.46	10.0	1.54	-4.49	0.948
path	1	0.0	1.065	1.424	0.859	AT3G60580	11.76	13.0	1.24	-4.72	0.948
path	1	0.0	1.065	-0.388	0.55	AT3G15170	4.41	5.0	0.59	-3.38	0.949
path	1	0.0	1.065	0.097	0.139	AT1G14687	14.3	16.0	1.7	-5.63	0.949
path	1	0.0	1.065	0.097	0.139	AT5G03790	14.26	16.0	1.74	-5.63	0.949
path	1	0.0	1.065	0.097	0.139	AT5G47390	14.11	16.0	1.89	-5.63	0.949
path	1	0.0	1.065	0.188	0.43	AT1G10720	0.82	1.0	0.18	-0.55	0.949
path	1	0.0	1.065	0.188	0.43	AT1G18960	0.95	1.0	0.05	-0.55	0.949
path	1	0.0	1.065	0.188	0.43	AT1G32510	0.91	1.0	0.09	-0.55	0.949
path	1	0.0	1.065	0.188	0.43	AT3G02150	0.77	1.0	0.23	-0.55	0.949
path	1	0.0	1.065	0.188	0.43	AT3G09230	0.88	1.0	0.12	-0.55	0.949
path	1	0.0	1.065	0.188	0.43	AT3G46070	0.86	1.0	0.14	-0.55	0.949
path	1	0.0	1.065	0.188	0.43	AT3G47620	0.95	1.0	0.05	-0.55	0.949
path	1	0.0	1.065	0.188	0.43	AT5G42820	0.91	1.0	0.09	-0.55	0.949
path	1	0.0	1.065	0.188	0.43	AT5G62165	0.88	1.0	0.12	-0.55	0.949
path	1	0.0	1.065	1.424	0.859	AT1G13260	8.05	9.0	0.95	-4.02	0.949
path	1	0.0	1.065	0.097	0.139	AT5G11260	19.48	22.0	2.52	-6.44	0.95
path	1	0.0	1.065	0.185	0.297	AT3G08500	17.98	20.0	2.02	-5.7	0.951
path	1	0.0	1.065	0.188	0.43	AT2G32460	37.7	41.0	3.3	-4.64	0.951
path	1	0.0	1.065	0.185	0.297	AT1G72360	1.7	2.0	0.3	-1.95	0.952
path	1	0.0	1.065	0.185	0.297	AT3G45150	3.48	4.0	0.52	-2.72	0.952
path	1	0.0	1.065	0.185	0.297	AT4G27900	1.77	2.0	0.23	-1.95	0.952
path	1	0.0	1.065	0.185	0.297	AT5G52830	42.79	46.0	3.21	-8.17	0.952
path	1	0.0	1.065	0.097	0.139	AT2G36270	23.21	26.0	2.79	-7.05	0.953
path	1	0.0	1.065	0.185	0.297	AT1G44830	10.86	12.0	1.14	-4.61	0.953
path	1	0.0	1.065	0.188	0.43	AT1G53230	9.29	10.0	0.71	-2.38	0.953
path	1	0.0	1.065	0.188	0.43	AT2G01818	8.78	10.0	1.22	-2.38	0.953
path	1	0.0	1.065	0.185	0.297	AT1G80840	8.42	9.0	0.58	-4.05	0.954
path	1	0.0	1.065	-0.388	0.55	AT2G18380	5.95	7.0	1.05	-4.09	0.955
path	1	0.0	1.065	-0.388	0.55	AT3G09600	15.76	17.0	1.24	-5.87	0.955
path	1	0.0	1.065	0.097	0.139	AT4G25490	19.82	22.0	2.18	-6.68	0.955
path	1	0.0	1.065	0.185	0.297	AT2G33710	40.44	44.0	3.56	-8.19	0.955
path	1	0.0	1.065	0.188	0.43	AT2G47070	42.66	46.0	3.34	-5.06	0.955
path	1	0.0	1.065	0.188	0.43	AT4G01680	42.96	46.0	3.04	-5.06	0.955
path	1	0.0	1.065	-0.388	0.55	AT1G22070	0.81	1.0	0.19	-1.72	0.956
path	1	0.0	1.065	-0.388	0.55	AT1G31140	8.12	9.0	0.88	-4.58	0.956
path	1	0.0	1.065	-0.388	0.55	AT5G13790	3.62	4.0	0.38	-3.25	0.956
path	1	0.0	1.065	0.185	0.297	AT5G61600	6.01	7.0	0.99	-3.68	0.956
path	1	0.0	1.065	0.188	0.43	AT5G50570	11.1	12.0	0.9	-2.7	0.956
path	1	0.0	1.065	1.424	0.859	AT2G01930	29.34	32.0	2.66	-7.41	0.956
path	1	0.0	1.065	-0.388	0.55	AT1G76890	10.79	12.0	1.21	-5.21	0.957
path	1	0.0	1.065	-0.388	0.55	AT3G21175	2.57	3.0	0.43	-2.89	0.957
path	1	0.0	1.065	0.097	0.139	AT4G25480	20.69	23.0	2.31	-6.89	0.957
path	1	0.0	1.065	1.424	0.859	AT4G36620	0.86	1.0	0.14	-1.53	0.957
path	1	0.0	1.065	1.424	0.859	AT5G10510	0.83	1.0	0.17	-1.53	0.957
path	1	0.0	1.065	0.185	0.297	AT1G49010	26.71	30.0	3.29	-7.17	0.958
path	1	0.0	1.065	0.185	0.297	AT5G13910	2.53	3.0	0.47	-2.54	0.958
path	1	0.0	1.065	-0.388	0.55	AT2G46770	8.99	10.0	1.01	-4.94	0.96
path	1	0.0	1.065	0.185	0.297	AT3G13810	18.06	20.0	1.94	-6.1	0.96
path	1	0.0	1.065	0.097	0.139	AT3G62420	22.16	25.0	2.84	-7.33	0.961
path	1	0.0	1.065	0.185	0.297	AT3G27010	4.3	5.0	0.7	-3.3	0.961
path	1	0.0	1.065	0.185	0.297	AT5G18450	19.01	21.0	1.99	-6.28	0.961
path	1	0.0	1.065	-0.388	0.55	AT1G01720	11.7	13.0	1.3	-5.57	0.962
path	1	0.0	1.065	-0.388	0.55	AT1G54330	8.02	9.0	0.98	-4.81	0.962
path	1	0.0	1.065	-0.388	0.55	AT2G02540	11.83	13.0	1.17	-5.57	0.962
path	1	0.0	1.065	0.097	0.139	AT2G22430	9.72	11.0	1.28	-5.28	0.962
path	1	0.0	1.065	0.097	0.139	AT4G16750	23.61	26.0	2.39	-7.54	0.962
path	1	0.0	1.065	0.097	0.139	AT5G52660	10.41	12.0	1.59	-5.5	0.962
path	1	0.0	1.065	0.188	0.43	AT2G17900	1.84	2.0	0.16	-1.09	0.962
path	1	0.0	1.065	0.188	0.43	AT5G10510	1.75	2.0	0.25	-1.09	0.962
path	1	0.0	1.065	0.097	0.139	AT1G74840	11.27	13.0	1.73	-5.71	0.963
path	1	0.0	1.065	0.185	0.297	AT1G24250	10.71	12.0	1.29	-5.0	0.963
path	1	0.0	1.065	0.185	0.297	AT5G03790	25.18	28.0	2.82	-7.19	0.963
path	1	0.0	1.065	0.188	0.43	AT3G27785	22.66	26.0	3.34	-4.17	0.963
path	1	0.0	1.065	1.424	0.859	AT4G05100	6.76	8.0	1.24	-4.29	0.963
path	1	0.0	1.065	-0.388	0.55	AT2G28810	9.72	11.0	1.28	-5.3	0.964
path	1	0.0	1.065	-0.388	0.55	AT5G67580	4.21	5.0	0.79	-3.83	0.964
path	1	0.0	1.065	-0.388	0.55	AT1G06280	16.1	18.0	1.9	-6.45	0.965
path	1	0.0	1.065	-0.388	0.55	AT4G36160	13.5	15.0	1.5	-6.06	0.965
path	1	0.0	1.065	-0.388	0.55	AT5G08520	18.53	20.0	1.47	-6.72	0.965
path	1	0.0	1.065	-0.388	0.55	AT2G17950	0.78	1.0	0.22	-1.94	0.966
path	1	0.0	1.065	0.097	0.139	AT1G04880	3.32	4.0	0.68	-3.53	0.966
path	1	0.0	1.065	0.097	0.139	AT1G12630	20.88	23.0	2.12	-7.38	0.966
path	1	0.0	1.065	0.097	0.139	AT2G24570	0.79	1.0	0.21	-1.92	0.966
path	1	0.0	1.065	0.097	0.139	AT2G38300	0.74	1.0	0.26	-1.92	0.966
path	1	0.0	1.065	0.097	0.139	AT3G02990	0.79	1.0	0.21	-1.92	0.966
path	1	0.0	1.065	0.185	0.297	AT2G33810	3.52	4.0	0.48	-3.12	0.966
path	1	0.0	1.065	1.424	0.859	AT1G25340	15.12	17.0	1.88	-6.14	0.966
path	1	0.0	1.065	0.185	0.297	AT1G50640	32.67	36.0	3.33	-8.29	0.967
path	1	0.0	1.065	0.185	0.297	AT2G30340	23.56	26.0	2.44	-7.21	0.967
path	1	0.0	1.065	1.424	0.859	AT5G02460	35.59	39.0	3.41	-8.72	0.967
path	1	0.0	1.065	-0.388	0.55	AT3G10580	14.84	16.0	1.16	-6.42	0.969
path	1	0.0	1.065	0.097	0.139	AT1G34190	14.32	16.0	1.68	-6.6	0.969
path	1	0.0	1.065	0.097	0.139	AT3G50260	25.28	28.0	2.72	-8.21	0.969
path	1	0.0	1.065	0.185	0.297	AT1G69690	5.23	6.0	0.77	-3.89	0.969
path	1	0.0	1.065	0.185	0.297	AT5G25390	1.72	2.0	0.28	-2.35	0.969
path	1	0.0	1.065	0.188	0.43	AT2G22540	53.55	58.0	4.45	-6.21	0.969
path	1	0.0	1.065	-0.388	0.55	AT1G76420	8.84	10.0	1.16	-5.4	0.97
path	1	0.0	1.065	-0.388	0.55	AT4G24470	1.67	2.0	0.33	-2.75	0.97
path	1	0.0	1.065	0.097	0.139	AT2G45420	18.97	21.0	2.03	-7.44	0.97
path	1	0.0	1.065	0.097	0.139	AT5G18450	9.78	11.0	1.22	-5.77	0.971
path	1	0.0	1.065	0.185	0.297	AT1G76880	0.83	1.0	0.17	-1.77	0.971
path	1	0.0	1.065	-0.388	0.55	AT5G06960	6.26	7.0	0.74	-4.77	0.972
path	1	0.0	1.065	0.185	0.297	AT2G33550	10.71	12.0	1.29	-5.4	0.972
path	1	0.0	1.065	0.185	0.297	AT3G26790	4.1	5.0	0.9	-3.7	0.972
path	1	0.0	1.065	0.185	0.297	AT5G47220	10.58	12.0	1.42	-5.4	0.972
path	1	0.0	1.065	0.188	0.43	AT2G26960	27.44	30.0	2.56	-4.81	0.972
path	1	0.0	1.065	0.188	0.43	AT2G44840	58.78	63.0	4.22	-6.62	0.972
path	1	0.0	1.065	1.424	0.859	AT1G28470	40.84	44.0	3.16	-9.51	0.972
path	1	0.0	1.065	0.097	0.139	AT2G42430	14.33	16.0	1.67	-6.85	0.973
path	1	0.0	1.065	0.097	0.139	AT3G15210	31.96	35.0	3.04	-9.23	0.973
path	1	0.0	1.065	0.097	0.139	AT4G01720	1.74	2.0	0.26	-2.86	0.973
path	1	0.0	1.065	0.097	0.139	AT4G38170	17.97	20.0	2.03	-7.46	0.973
path	1	0.0	1.065	0.097	0.139	AT5G65310	14.01	16.0	1.99	-6.85	0.973
path	1	0.0	1.065	-0.388	0.55	AT1G68320	9.09	10.0	0.91	-5.62	0.974
path	1	0.0	1.065	-0.388	0.55	AT2G45410	8.78	10.0	1.22	-5.62	0.974
path	1	0.0	1.065	-0.388	0.55	AT3G02940	12.77	14.0	1.23	-6.38	0.974
path	1	0.0	1.065	0.188	0.43	AT4G18890	14.1	15.0	0.9	-3.57	0.974
path	1	0.0	1.065	0.188	0.43	AT5G67300	2.63	3.0	0.37	-1.64	0.974
path	1	0.0	1.065	-0.388	0.55	AT1G04880	3.55	4.0	0.45	-3.92	0.975
path	1	0.0	1.065	0.185	0.297	AT5G65310	25.76	29.0	3.24	-8.17	0.975
path	1	0.0	1.065	-0.388	0.55	AT1G79580	9.79	11.0	1.21	-5.98	0.976
path	1	0.0	1.065	0.097	0.139	AT1G18330	8.56	10.0	1.44	-5.8	0.976
path	1	0.0	1.065	0.185	0.297	AT2G15740	32.21	35.0	2.79	-8.89	0.976
path	1	0.0	1.065	0.185	0.297	AT5G44160	3.5	4.0	0.5	-3.51	0.976
path	1	0.0	1.065	-0.388	0.55	AT5G54230	12.85	14.0	1.15	-6.6	0.977
path	1	0.0	1.065	0.097	0.139	AT5G02840	3.18	4.0	0.82	-4.02	0.977
path	1	0.0	1.065	-0.388	0.55	AT1G52150	7.24	8.0	0.76	-5.36	0.978
path	1	0.0	1.065	-0.388	0.55	AT2G18060	6.97	8.0	1.03	-5.36	0.978
path	1	0.0	1.065	0.097	0.139	AT2G38340	16.91	19.0	2.09	-7.74	0.978
path	1	0.0	1.065	0.185	0.297	AT5G05790	11.21	13.0	1.79	-5.98	0.978
path	1	0.0	1.065	0.185	0.297	AT5G65130	15.33	17.0	1.67	-6.72	0.978
path	1	0.0	1.065	0.188	0.43	AT1G69010	71.07	76.0	4.93	-7.55	0.978
path	1	0.0	1.065	-0.388	0.55	AT5G39610	7.95	9.0	1.05	-5.72	0.979
path	1	0.0	1.065	0.097	0.139	AT1G75080	1.57	2.0	0.43	-3.1	0.979
path	1	0.0	1.065	0.097	0.139	AT3G01470	1.57	2.0	0.43	-3.1	0.979
path	1	0.0	1.065	0.097	0.139	AT4G31060	20.84	23.0	2.16	-8.35	0.979
path	1	0.0	1.065	0.185	0.297	AT2G18380	30.41	33.0	2.59	-8.91	0.979
path	1	0.0	1.065	1.424	0.859	AT1G49560	23.59	26.0	2.41	-8.35	0.979
path	1	0.0	1.065	0.185	0.297	AT1G66370	4.4	5.0	0.6	-4.09	0.98
path	1	0.0	1.065	0.185	0.297	AT1G77640	4.47	5.0	0.53	-4.09	0.98
path	1	0.0	1.065	0.185	0.297	AT2G20110	35.79	39.0	3.21	-9.63	0.98
path	1	0.0	1.065	0.185	0.297	AT2G45680	1.53	2.0	0.47	-2.74	0.98
path	1	0.0	1.065	0.185	0.297	AT4G18450	1.57	2.0	0.43	-2.74	0.98
path	1	0.0	1.065	0.185	0.297	AT5G47370	26.99	30.0	3.01	-8.75	0.98
path	1	0.0	1.065	0.188	0.43	AT1G25580	7.04	12.0	4.96	-3.47	0.98
path	1	0.0	1.065	-0.388	0.55	AT1G69490	10.81	12.0	1.19	-6.57	0.981
path	1	0.0	1.065	0.188	0.43	AT5G22500	12.66	14.0	1.34	-3.79	0.981
path	1	0.0	1.065	1.424	0.859	AT4G28500	29.42	32.0	2.58	-9.22	0.981
path	1	0.0	1.065	0.185	0.297	AT5G06100	30.11	33.0	2.89	-9.31	0.982
path	1	0.0	1.065	-0.388	0.55	AT4G18170	5.64	7.0	1.36	-5.45	0.983
path	1	0.0	1.065	0.097	0.139	AT1G50640	16.96	19.0	2.04	-8.22	0.983
path	1	0.0	1.065	0.097	0.139	AT1G75240	17.05	19.0	1.95	-8.22	0.983
path	1	0.0	1.065	0.097	0.139	AT2G45410	17.14	19.0	1.86	-8.22	0.983
path	1	0.0	1.065	0.097	0.139	AT5G39820	1.58	2.0	0.42	-3.35	0.983
path	1	0.0	1.065	0.185	0.297	AT5G50570	3.35	4.0	0.65	-3.91	0.983
path	1	0.0	1.065	-0.388	0.55	AT3G04060	6.97	8.0	1.03	-5.81	0.984
path	1	0.0	1.065	1.424	0.859	AT5G67450	1.53	2.0	0.47	-3.06	0.984
path	1	0.0	1.065	-0.388	0.55	AT3G11280	4.47	5.0	0.53	-4.96	0.985
path	1	0.0	1.065	-0.388	0.55	AT3G17730	7.96	9.0	1.04	-6.17	0.985
path	1	0.0	1.065	0.185	0.297	AT3G11440	29.96	33.0	3.04	-9.7	0.985
path	1	0.0	1.065	0.185	0.297	AT3G60530	8.16	9.0	0.84	-5.63	0.985
path	1	0.0	1.065	0.188	0.43	AT1G18330	47.77	51.0	3.23	-7.02	0.985
path	1	0.0	1.065	1.424	0.859	AT1G08010	20.24	22.0	1.76	-8.37	0.985
path	1	0.0	1.065	1.424	0.859	AT3G27785	26.78	29.0	2.22	-9.32	0.985
path	1	0.0	1.065	-0.388	0.55	AT1G68670	3.53	4.0	0.47	-4.6	0.986
path	1	0.0	1.065	-0.388	0.55	AT3G04030	10.79	12.0	1.21	-7.02	0.986
path	1	0.0	1.065	-0.388	0.55	AT5G66300	3.45	4.0	0.55	-4.6	0.986
path	1	0.0	1.065	0.097	0.139	AT5G05550	31.95	35.0	3.05	-10.69	0.986
path	1	0.0	1.065	0.097	0.139	AT5G06960	6.87	8.0	1.13	-6.1	0.986
path	1	0.0	1.065	0.185	0.297	AT5G18560	16.03	18.0	1.97	-7.7	0.986
path	1	0.0	1.065	0.185	0.297	AT5G47230	4.23	5.0	0.77	-4.49	0.986
path	1	0.0	1.065	-0.388	0.55	AT3G03200	7.95	9.0	1.05	-6.4	0.987
path	1	0.0	1.065	0.097	0.139	AT1G34370	1.61	2.0	0.39	-3.59	0.987
path	1	0.0	1.065	0.097	0.139	AT3G04070	1.62	2.0	0.38	-3.59	0.987
path	1	0.0	1.065	0.097	0.139	AT4G36740	10.37	12.0	1.63	-7.44	0.988
path	1	0.0	1.065	0.185	0.297	AT5G25190	47.49	52.0	4.51	-12.06	0.988
path	1	0.0	1.065	0.185	0.297	AT5G47390	22.92	26.0	3.08	-9.19	0.988
path	1	0.0	1.065	-0.388	0.55	AT3G01530	9.92	11.0	1.08	-7.11	0.989
path	1	0.0	1.065	-0.388	0.55	AT3G06490	3.52	4.0	0.48	-4.83	0.989
path	1	0.0	1.065	0.097	0.139	AT1G20910	8.83	10.0	1.17	-7.01	0.989
path	1	0.0	1.065	0.097	0.139	AT3G06740	6.04	7.0	0.96	-6.12	0.989
path	1	0.0	1.065	0.097	0.139	AT4G04450	0.77	1.0	0.23	-2.89	0.989
path	1	0.0	1.065	0.097	0.139	AT5G51990	16.87	19.0	2.13	-8.95	0.989
path	1	0.0	1.065	0.185	0.297	AT2G26960	16.14	18.0	1.86	-8.1	0.989
path	1	0.0	1.065	0.185	0.297	AT3G01220	14.66	17.0	2.34	-7.91	0.989
path	1	0.0	1.065	0.185	0.297	AT5G23930	31.54	35.0	3.46	-10.47	0.989
path	1	0.0	1.065	0.188	0.43	AT2G30590	4.1	5.0	0.9	-2.74	0.989
path	1	0.0	1.065	0.188	0.43	AT3G13040	0.84	1.0	0.16	-1.32	0.989
path	1	0.0	1.065	0.188	0.43	AT5G18090	0.84	1.0	0.16	-1.32	0.989
path	1	0.0	1.065	0.188	0.43	AT5G38860	0.88	1.0	0.12	-1.32	0.989
path	1	0.0	1.065	1.424	0.859	AT3G61250	1.39	2.0	0.61	-3.42	0.989
path	1	0.0	1.065	-0.388	0.55	AT3G53200	8.97	10.0	1.03	-6.98	0.99
path	1	0.0	1.065	-0.388	0.55	AT4G32800	1.51	2.0	0.49	-3.89	0.99
path	1	0.0	1.065	0.097	0.139	AT1G34670	9.4	11.0	1.6	-7.47	0.99
path	1	0.0	1.065	0.097	0.139	AT3G18990	12.47	14.0	1.53	-8.12	0.99
path	1	0.0	1.065	0.097	0.139	AT3G26620	7.91	9.0	1.09	-6.8	0.99
path	1	0.0	1.065	0.097	0.139	AT5G08750	1.7	2.0	0.3	-3.83	0.99
path	1	0.0	1.065	0.185	0.297	AT1G08010	22.08	24.0	1.92	-9.21	0.99
path	1	0.0	1.065	0.185	0.297	AT2G02820	46.64	51.0	4.36	-12.26	0.99
path	1	0.0	1.065	0.188	0.43	AT5G58850	40.63	46.0	5.37	-7.38	0.99
path	1	0.0	1.065	-0.388	0.55	AT2G38470	4.52	6.0	1.48	-6.0	0.991
path	1	0.0	1.065	0.097	0.139	AT1G28370	23.52	26.0	2.48	-10.46	0.991
path	1	0.0	1.065	0.097	0.139	AT2G24430	15.07	17.0	1.93	-9.01	0.991
path	1	0.0	1.065	0.097	0.139	AT5G06839	13.99	16.0	2.01	-8.79	0.991
path	1	0.0	1.065	0.097	0.139	AT5G06950	12.13	14.0	1.87	-8.36	0.991
path	1	0.0	1.065	0.097	0.139	AT5G13180	12.3	14.0	1.7	-8.36	0.991
path	1	0.0	1.065	0.097	0.139	AT3G15170	5.11	6.0	0.89	-6.15	0.992
path	1	0.0	1.065	0.097	0.139	AT3G45150	0.68	1.0	0.32	-3.13	0.992
path	1	0.0	1.065	0.097	0.139	AT5G66300	4.16	5.0	0.84	-5.69	0.992
path	1	0.0	1.065	-0.388	0.55	AT3G11020	5.2	6.0	0.8	-6.23	0.993
path	1	0.0	1.065	-0.388	0.55	AT5G06839	11.68	13.0	1.32	-8.28	0.993
path	1	0.0	1.065	-0.388	0.55	AT5G65210	11.68	13.0	1.32	-8.28	0.993
path	1	0.0	1.065	0.097	0.139	AT3G15270	15.75	18.0	2.25	-9.46	0.993
path	1	0.0	1.065	0.097	0.139	AT1G08320	16.68	19.0	2.32	-9.92	0.994
path	1	0.0	1.065	0.097	0.139	AT5G25190	25.23	28.0	2.77	-11.37	0.994
path	1	0.0	1.065	0.185	0.297	AT5G67300	0.73	1.0	0.27	-2.95	0.994
path	1	0.0	1.065	1.424	0.859	AT3G46590	3.47	4.0	0.53	-5.04	0.994
path	1	0.0	1.065	-0.388	0.55	AT1G43700	0.71	1.0	0.29	-3.53	0.995
path	1	0.0	1.065	-0.388	0.55	AT2G15740	4.87	6.0	1.13	-6.68	0.995
path	1	0.0	1.065	0.097	0.139	AT1G52880	12.11	14.0	1.89	-9.33	0.995
path	1	0.0	1.065	0.097	0.139	AT1G65620	0.72	1.0	0.28	-3.62	0.995
path	1	0.0	1.065	0.097	0.139	AT2G43000	19.65	22.0	2.35	-11.05	0.995
path	1	0.0	1.065	0.097	0.139	AT5G63090	4.23	5.0	0.77	-6.18	0.995
path	1	0.0	1.065	0.097	0.139	AT5G65210	13.0	15.0	2.0	-9.55	0.995
path	1	0.0	1.065	0.185	0.297	AT3G23240	14.96	17.0	2.04	-9.1	0.995
path	1	0.0	1.065	-0.388	0.55	AT1G12260	5.06	6.0	0.94	-6.91	0.996
path	1	0.0	1.065	-0.388	0.55	AT1G49010	12.67	14.0	1.33	-9.32	0.996
path	1	0.0	1.065	-0.388	0.55	AT2G42430	6.9	8.0	1.1	-7.62	0.996
path	1	0.0	1.065	-0.388	0.55	AT2G45420	8.66	10.0	1.34	-8.34	0.996
path	1	0.0	1.065	-0.388	0.55	AT4G10350	6.02	7.0	0.98	-7.26	0.996
path	1	0.0	1.065	-0.388	0.55	AT4G17785	0.76	1.0	0.24	-3.75	0.996
path	1	0.0	1.065	-0.388	0.55	AT4G26640	0.27	1.0	0.73	-3.75	0.996
path	1	0.0	1.065	0.097	0.139	AT1G06850	6.74	8.0	1.26	-7.8	0.996
path	1	0.0	1.065	0.097	0.139	AT4G38000	17.78	20.0	2.22	-10.87	0.996
path	1	0.0	1.065	0.097	0.139	AT5G50570	0.6	1.0	0.4	-3.86	0.996
path	1	0.0	1.065	0.188	0.43	AT3G23210	11.1	12.0	0.9	-5.02	0.996
path	1	0.0	1.065	-0.388	0.55	AT5G58900	9.86	11.0	1.14	-9.15	0.997
path	1	0.0	1.065	0.097	0.139	AT1G26960	14.18	16.0	1.82	-10.49	0.997
path	1	0.0	1.065	0.097	0.139	AT1G79580	13.16	15.0	1.84	-10.28	0.997
path	1	0.0	1.065	0.097	0.139	AT3G28920	14.95	17.0	2.05	-10.71	0.997
path	1	0.0	1.065	0.097	0.139	AT4G31550	3.4	4.0	0.6	-6.45	0.997
path	1	0.0	1.065	0.185	0.297	AT1G68550	37.14	41.0	3.86	-13.96	0.997
path	1	0.0	1.065	0.185	0.297	AT1G74840	17.19	20.0	2.81	-10.45	0.997
path	1	0.0	1.065	0.185	0.297	AT5G61620	26.36	30.0	3.64	-12.31	0.997
path	1	0.0	1.065	0.188	0.43	AT3G57600	1.49	2.0	0.51	-2.64	0.997
path	1	0.0	1.065	-0.388	0.55	AT1G34670	7.95	9.0	1.05	-9.11	0.998
path	1	0.0	1.065	-0.388	0.55	AT5G13180	6.89	8.0	1.11	-8.53	0.998
path	1	0.0	1.065	0.097	0.139	AT1G01720	14.02	16.0	1.98	-10.98	0.998
path	1	0.0	1.065	0.097	0.139	AT2G46770	9.46	11.0	1.54	-9.42	0.998
path	1	0.0	1.065	0.097	0.139	AT5G22990	21.51	24.0	2.49	-12.7	0.998
path	1	0.0	1.065	0.185	0.297	AT1G69560	3.42	4.0	0.58	-5.89	0.998
path	1	0.0	1.065	0.185	0.297	AT3G10030	15.38	17.0	1.62	-10.28	0.998
path	1	0.0	1.065	0.185	0.297	AT3G27785	26.58	29.0	2.42	-12.91	0.998
path	1	0.0	1.065	0.185	0.297	AT5G17800	21.66	24.0	2.34	-11.59	0.998
path	1	0.0	1.065	-0.388	0.55	AT1G19000	10.58	12.0	1.42	-11.32	0.999
path	1	0.0	1.065	0.097	0.139	AT1G03800	19.44	22.0	2.56	-13.0	0.999
path	1	0.0	1.065	0.097	0.139	AT1G06280	24.1	27.0	2.9	-15.29	0.999
path	1	0.0	1.065	0.097	0.139	AT1G76420	12.23	14.0	1.77	-11.28	0.999
path	1	0.0	1.065	0.097	0.139	AT1G80840	1.64	2.0	0.36	-6.02	0.999
path	1	0.0	1.065	0.097	0.139	AT2G15740	13.28	15.0	1.72	-11.98	0.999
path	1	0.0	1.065	0.097	0.139	AT3G12250	14.57	17.0	2.43	-12.89	0.999
path	1	0.0	1.065	0.097	0.139	AT3G57920	6.64	8.0	1.36	-9.26	0.999
path	1	0.0	1.065	0.097	0.139	AT4G01550	10.54	12.0	1.46	-10.85	0.999
path	1	0.0	1.065	0.097	0.139	AT4G10350	8.51	10.0	1.49	-9.93	0.999
path	1	0.0	1.065	0.097	0.139	AT5G10030	13.56	16.0	2.44	-12.68	0.999
path	1	0.0	1.065	0.097	0.139	AT5G39610	9.41	11.0	1.59	-10.87	0.999
path	1	0.0	1.065	0.097	0.139	AT5G46590	0.47	1.0	0.53	-5.32	0.999
path	1	0.0	1.065	0.097	0.139	AT5G62380	8.47	10.0	1.53	-10.66	0.999
path	1	0.0	1.065	0.185	0.297	AT1G04880	3.9	5.0	1.1	-7.26	0.999
path	1	0.0	1.065	0.185	0.297	AT2G31230	22.84	26.0	3.16	-13.94	0.999
path	1	0.0	1.065	0.185	0.297	AT4G14770	32.81	36.0	3.19	-15.4	0.999
path	1	0.0	1.065	0.185	0.297	AT4G18770	34.89	38.0	3.11	-15.38	0.999
path	1	0.0	1.065	0.185	0.297	AT4G24470	3.18	4.0	0.82	-7.07	0.999
path	1	0.0	1.065	0.185	0.297	AT5G22500	5.03	6.0	0.97	-7.84	0.999
path	1	0.0	1.065	1.424	0.859	AT5G04390	7.55	9.0	1.45	-9.8	0.999
path	1	0.0	1.065	1.424	0.859	AT5G14960	2.43	3.0	0.57	-6.04	0.999
path	1	0.0	1.065	-0.388	0.55	AT1G01250	-0.17	0.0	0.17	-1.36	1.0
path	1	0.0	1.065	-0.388	0.55	AT1G17950	-0.01	0.0	0.01	0.0	1.0
path	1	0.0	1.065	-0.388	0.55	AT1G19040	-0.2	0.0	0.2	-0.91	1.0
path	1	0.0	1.065	-0.388	0.55	AT1G27360	-0.07	0.0	0.07	-0.68	1.0
path	1	0.0	1.065	-0.388	0.55	AT1G46264	-0.04	0.0	0.04	-0.45	1.0
path	1	0.0	1.065	-0.388	0.55	AT1G47870	-0.01	0.0	0.01	0.0	1.0
path	1	0.0	1.065	-0.388	0.55	AT1G51600	-0.09	0.0	0.09	-0.68	1.0
path	1	0.0	1.065	-0.388	0.55	AT1G60920	-0.01	0.0	0.01	0.0	1.0
path	1	0.0	1.065	-0.388	0.55	AT1G63040	-0.01	0.0	0.01	-0.23	1.0
path	1	0.0	1.065	-0.388	0.55	AT1G66420	-0.01	0.0	0.01	-0.23	1.0
path	1	0.0	1.065	-0.388	0.55	AT1G67260	0.0	0.0	0.0	0.0	1.0
path	1	0.0	1.065	-0.388	0.55	AT1G70910	-0.01	0.0	0.01	0.0	1.0
path	1	0.0	1.065	-0.388	0.55	AT1G73730	-0.09	0.0	0.09	-2.94	1.0
path	1	0.0	1.065	-0.388	0.55	AT1G74370	-0.02	0.0	0.02	-0.23	1.0
path	1	0.0	1.065	-0.388	0.55	AT1G74840	5.87	7.0	1.13	-13.6	1.0
path	1	0.0	1.065	-0.388	0.55	AT1G76870	-0.05	0.0	0.05	-0.68	1.0
path	1	0.0	1.065	-0.388	0.55	AT1G76880	-0.07	0.0	0.07	-0.68	1.0
path	1	0.0	1.065	-0.388	0.55	AT1G80840	-0.24	0.0	0.24	-0.45	1.0
path	1	0.0	1.065	-0.388	0.55	AT2G31460	-0.03	0.0	0.03	0.0	1.0
path	1	0.0	1.065	-0.388	0.55	AT2G38090	-0.03	0.0	0.03	-0.68	1.0
path	1	0.0	1.065	-0.388	0.55	AT2G38880	-0.03	0.0	0.03	-0.45	1.0
path	1	0.0	1.065	-0.388	0.55	AT2G41835	-0.08	0.0	0.08	-0.68	1.0
path	1	0.0	1.065	-0.388	0.55	AT2G46400	-0.05	0.0	0.05	-0.45	1.0
path	1	0.0	1.065	-0.388	0.55	AT2G48100	-0.01	0.0	0.01	-0.23	1.0
path	1	0.0	1.065	-0.388	0.55	AT3G03660	-0.05	0.0	0.05	-0.23	1.0
path	1	0.0	1.065	-0.388	0.55	AT3G12910	-0.04	0.0	0.04	-0.23	1.0
path	1	0.0	1.065	-0.388	0.55	AT3G13350	-0.13	0.0	0.13	-2.04	1.0
path	1	0.0	1.065	-0.388	0.55	AT3G22780	-0.05	0.0	0.05	-0.45	1.0
path	1	0.0	1.065	-0.388	0.55	AT3G45170	-0.13	0.0	0.13	-1.13	1.0
path	1	0.0	1.065	-0.388	0.55	AT3G49930	-0.01	0.0	0.01	-0.23	1.0
path	1	0.0	1.065	-0.388	0.55	AT3G61120	-0.07	0.0	0.07	-1.58	1.0
path	1	0.0	1.065	-0.388	0.55	AT4G01720	-0.17	0.0	0.17	-1.13	1.0
path	1	0.0	1.065	-0.388	0.55	AT4G04450	-0.15	0.0	0.15	-1.36	1.0
path	1	0.0	1.065	-0.388	0.55	AT4G12670	-0.01	0.0	0.01	-0.23	1.0
path	1	0.0	1.065	-0.388	0.55	AT4G17460	-0.05	0.0	0.05	-0.91	1.0
path	1	0.0	1.065	-0.388	0.55	AT4G24240	-0.02	0.0	0.02	0.0	1.0
path	1	0.0	1.065	-0.388	0.55	AT4G28110	-0.05	0.0	0.05	-0.91	1.0
path	1	0.0	1.065	-0.388	0.55	AT4G36620	-0.06	0.0	0.06	-0.45	1.0
path	1	0.0	1.065	-0.388	0.55	AT4G38910	-0.04	0.0	0.04	-0.45	1.0
path	1	0.0	1.065	-0.388	0.55	AT5G08070	-0.04	0.0	0.04	-0.23	1.0
path	1	0.0	1.065	-0.388	0.55	AT5G16600	-0.03	0.0	0.03	-0.68	1.0
path	1	0.0	1.065	-0.388	0.55	AT5G22890	-0.03	0.0	0.03	-0.68	1.0
path	1	0.0	1.065	-0.388	0.55	AT5G25475	-0.03	0.0	0.03	-0.45	1.0
path	1	0.0	1.065	-0.388	0.55	AT5G42520	-0.05	0.0	0.05	-0.23	1.0
path	1	0.0	1.065	-0.388	0.55	AT5G47390	8.76	10.0	1.24	-11.51	1.0
path	1	0.0	1.065	-0.388	0.55	AT5G48670	-0.01	0.0	0.01	-0.45	1.0
path	1	0.0	1.065	-0.388	0.55	AT5G49300	-0.02	0.0	0.02	0.0	1.0
path	1	0.0	1.065	-0.388	0.55	AT5G52170	-0.08	0.0	0.08	-1.58	1.0
path	1	0.0	1.065	-0.388	0.55	AT5G56840	13.5	15.0	1.5	-12.4	1.0
path	1	0.0	1.065	-0.388	0.55	AT5G56930	-0.03	0.0	0.03	-0.45	1.0
path	1	0.0	1.065	-0.388	0.55	AT5G58620	0.0	0.0	0.0	0.0	1.0
path	1	0.0	1.065	-0.388	0.55	AT5G61270	-0.09	0.0	0.09	-1.36	1.0
path	1	0.0	1.065	-0.388	0.55	AT5G61620	9.53	11.0	1.47	-14.13	1.0
path	1	0.0	1.065	-0.388	0.55	AT5G62380	3.99	5.0	1.01	-9.49	1.0
path	1	0.0	1.065	-0.388	0.55	AT5G67000	-0.07	0.0	0.07	-0.68	1.0
path	1	0.0	1.065	0.097	0.139	AT1G02230	8.32	10.0	1.68	-16.74	1.0
path	1	0.0	1.065	0.097	0.139	AT1G02250	5.56	7.0	1.44	-16.58	1.0
path	1	0.0	1.065	0.097	0.139	AT1G12260	6.57	8.0	1.43	-11.93	1.0
path	1	0.0	1.065	0.097	0.139	AT1G13300	-0.22	0.0	0.22	-1.22	1.0
path	1	0.0	1.065	0.097	0.139	AT1G17950	-0.02	0.0	0.02	-0.49	1.0
path	1	0.0	1.065	0.097	0.139	AT1G18960	-0.02	0.0	0.02	0.0	1.0
path	1	0.0	1.065	0.097	0.139	AT1G19040	-0.3	0.0	0.3	-6.08	1.0
path	1	0.0	1.065	0.097	0.139	AT1G23810	-0.12	0.0	0.12	-1.94	1.0
path	1	0.0	1.065	0.097	0.139	AT1G28470	12.87	15.0	2.13	-20.97	1.0
path	1	0.0	1.065	0.097	0.139	AT1G29280	13.7	16.0	2.3	-19.97	1.0
path	1	0.0	1.065	0.097	0.139	AT1G29860	7.84	10.0	2.16	-27.43	1.0
path	1	0.0	1.065	0.097	0.139	AT1G30210	-0.03	0.0	0.03	-0.49	1.0
path	1	0.0	1.065	0.097	0.139	AT1G30650	12.87	15.0	2.13	-19.51	1.0
path	1	0.0	1.065	0.097	0.139	AT1G32510	-0.04	0.0	0.04	-0.49	1.0
path	1	0.0	1.065	0.097	0.139	AT1G32870	9.44	11.0	1.56	-12.33	1.0
path	1	0.0	1.065	0.097	0.139	AT1G34180	6.33	8.0	1.67	-14.12	1.0
path	1	0.0	1.065	0.097	0.139	AT1G47870	-0.01	0.0	0.01	-0.24	1.0
path	1	0.0	1.065	0.097	0.139	AT1G54330	5.5	7.0	1.5	-13.66	1.0
path	1	0.0	1.065	0.097	0.139	AT1G62300	10.16	12.0	1.84	-20.08	1.0
path	1	0.0	1.065	0.097	0.139	AT1G63030	-0.27	0.0	0.27	-2.43	1.0
path	1	0.0	1.065	0.097	0.139	AT1G65910	4.44	6.0	1.56	-15.63	1.0
path	1	0.0	1.065	0.097	0.139	AT1G66420	-0.01	0.0	0.01	0.0	1.0
path	1	0.0	1.065	0.097	0.139	AT1G67260	0.0	0.0	0.0	0.0	1.0
path	1	0.0	1.065	0.097	0.139	AT1G69490	9.19	11.0	1.81	-11.85	1.0
path	1	0.0	1.065	0.097	0.139	AT1G70910	-0.01	0.0	0.01	-0.24	1.0
path	1	0.0	1.065	0.097	0.139	AT1G73730	-0.14	0.0	0.14	-0.24	1.0
path	1	0.0	1.065	0.097	0.139	AT1G74370	-0.03	0.0	0.03	-0.49	1.0
path	1	0.0	1.065	0.097	0.139	AT2G03340	3.12	4.0	0.88	-13.26	1.0
path	1	0.0	1.065	0.097	0.139	AT2G17900	-0.07	0.0	0.07	-0.73	1.0
path	1	0.0	1.065	0.097	0.139	AT2G18060	5.44	7.0	1.56	-15.6	1.0
path	1	0.0	1.065	0.097	0.139	AT2G18350	9.3	11.0	1.7	-12.33	1.0
path	1	0.0	1.065	0.097	0.139	AT2G23320	13.68	16.0	2.32	-23.37	1.0
path	1	0.0	1.065	0.097	0.139	AT2G30250	15.4	18.0	2.6	-28.42	1.0
path	1	0.0	1.065	0.097	0.139	AT2G30590	0.6	1.0	0.4	-6.05	1.0
path	1	0.0	1.065	0.097	0.139	AT2G38090	-0.04	0.0	0.04	-0.24	1.0
path	1	0.0	1.065	0.097	0.139	AT2G38470	13.74	16.0	2.26	-24.59	1.0
path	1	0.0	1.065	0.097	0.139	AT2G38880	-0.04	0.0	0.04	-0.49	1.0
path	1	0.0	1.065	0.097	0.139	AT2G40740	12.81	15.0	2.19	-22.67	1.0
path	1	0.0	1.065	0.097	0.139	AT2G46130	3.24	4.0	0.76	-10.1	1.0
path	1	0.0	1.065	0.097	0.139	AT2G46400	-0.07	0.0	0.07	-1.22	1.0
path	1	0.0	1.065	0.097	0.139	AT2G48100	-0.02	0.0	0.02	-0.24	1.0
path	1	0.0	1.065	0.097	0.139	AT3G01970	12.91	15.0	2.09	-21.46	1.0
path	1	0.0	1.065	0.097	0.139	AT3G02150	-0.1	0.0	0.1	-1.94	1.0
path	1	0.0	1.065	0.097	0.139	AT3G03200	6.41	8.0	1.59	-13.15	1.0
path	1	0.0	1.065	0.097	0.139	AT3G04060	7.43	9.0	1.57	-13.36	1.0
path	1	0.0	1.065	0.097	0.139	AT3G07220	-0.08	0.0	0.08	-1.7	1.0
path	1	0.0	1.065	0.097	0.139	AT3G09230	-0.05	0.0	0.05	-0.73	1.0
path	1	0.0	1.065	0.097	0.139	AT3G10480	8.39	10.0	1.61	-11.87	1.0
path	1	0.0	1.065	0.097	0.139	AT3G10500	5.5	7.0	1.5	-14.63	1.0
path	1	0.0	1.065	0.097	0.139	AT3G12910	-0.06	0.0	0.06	-1.22	1.0
path	1	0.0	1.065	0.097	0.139	AT3G17730	5.42	7.0	1.58	-14.15	1.0
path	1	0.0	1.065	0.097	0.139	AT3G18400	4.04	6.0	1.96	-19.28	1.0
path	1	0.0	1.065	0.097	0.139	AT3G20840	-0.16	0.0	0.16	-1.94	1.0
path	1	0.0	1.065	0.097	0.139	AT3G22780	-0.07	0.0	0.07	-1.22	1.0
path	1	0.0	1.065	0.097	0.139	AT3G23250	-0.21	0.0	0.21	-1.22	1.0
path	1	0.0	1.065	0.097	0.139	AT3G42860	5.92	7.0	1.08	-11.23	1.0
path	1	0.0	1.065	0.097	0.139	AT3G47620	-0.02	0.0	0.02	0.0	1.0
path	1	0.0	1.065	0.097	0.139	AT3G48160	-0.11	0.0	0.11	-1.46	1.0
path	1	0.0	1.065	0.097	0.139	AT3G49530	6.6	8.0	1.4	-13.39	1.0
path	1	0.0	1.065	0.097	0.139	AT3G49930	-0.02	0.0	0.02	-0.24	1.0
path	1	0.0	1.065	0.097	0.139	AT4G01250	10.28	12.0	1.72	-16.92	1.0
path	1	0.0	1.065	0.097	0.139	AT4G01540	19.61	22.0	2.39	-16.64	1.0
path	1	0.0	1.065	0.097	0.139	AT4G12670	-0.01	0.0	0.01	0.0	1.0
path	1	0.0	1.065	0.097	0.139	AT4G17980	9.19	11.0	1.81	-13.79	1.0
path	1	0.0	1.065	0.097	0.139	AT4G18170	6.92	9.0	2.08	-26.73	1.0
path	1	0.0	1.065	0.097	0.139	AT4G22070	6.5	8.0	1.5	-18.25	1.0
path	1	0.0	1.065	0.097	0.139	AT4G23550	12.96	15.0	2.04	-19.51	1.0
path	1	0.0	1.065	0.097	0.139	AT4G24240	-0.03	0.0	0.03	-0.73	1.0
path	1	0.0	1.065	0.097	0.139	AT4G26640	4.89	6.0	1.11	-15.15	1.0
path	1	0.0	1.065	0.097	0.139	AT4G28500	9.26	11.0	1.74	-16.71	1.0
path	1	0.0	1.065	0.097	0.139	AT4G29230	13.16	15.0	1.84	-19.03	1.0
path	1	0.0	1.065	0.097	0.139	AT4G31800	17.4	20.0	2.6	-23.99	1.0
path	1	0.0	1.065	0.097	0.139	AT4G36160	12.71	15.0	2.29	-16.6	1.0
path	1	0.0	1.065	0.097	0.139	AT4G37790	-0.04	0.0	0.04	-0.24	1.0
path	1	0.0	1.065	0.097	0.139	AT5G04410	8.39	10.0	1.61	-12.36	1.0
path	1	0.0	1.065	0.097	0.139	AT5G07100	1.46	2.0	0.54	-6.99	1.0
path	1	0.0	1.065	0.097	0.139	AT5G07680	-0.33	0.0	0.33	-3.89	1.0
path	1	0.0	1.065	0.097	0.139	AT5G08070	-0.06	0.0	0.06	-1.22	1.0
path	1	0.0	1.065	0.097	0.139	AT5G09410	8.15	10.0	1.85	-22.81	1.0
path	1	0.0	1.065	0.097	0.139	AT5G10510	-0.11	0.0	0.11	-1.7	1.0
path	1	0.0	1.065	0.097	0.139	AT5G13080	16.56	19.0	2.44	-22.32	1.0
path	1	0.0	1.065	0.097	0.139	AT5G14340	-0.13	0.0	0.13	-0.73	1.0
path	1	0.0	1.065	0.097	0.139	AT5G16600	-0.04	0.0	0.04	-0.24	1.0
path	1	0.0	1.065	0.097	0.139	AT5G18270	9.23	11.0	1.77	-12.58	1.0
path	1	0.0	1.065	0.097	0.139	AT5G24110	8.5	10.0	1.5	-13.82	1.0
path	1	0.0	1.065	0.097	0.139	AT5G25475	-0.04	0.0	0.04	-0.49	1.0
path	1	0.0	1.065	0.097	0.139	AT5G26170	13.66	16.0	2.34	-23.86	1.0
path	1	0.0	1.065	0.097	0.139	AT5G38800	-0.01	0.0	0.01	0.0	1.0
path	1	0.0	1.065	0.097	0.139	AT5G38860	-0.05	0.0	0.05	-0.49	1.0
path	1	0.0	1.065	0.097	0.139	AT5G40330	-0.07	0.0	0.07	-0.97	1.0
path	1	0.0	1.065	0.097	0.139	AT5G41570	12.59	15.0	2.41	-24.86	1.0
path	1	0.0	1.065	0.097	0.139	AT5G42820	-0.04	0.0	0.04	-0.49	1.0
path	1	0.0	1.065	0.097	0.139	AT5G46350	7.75	9.0	1.25	-11.17	1.0
path	1	0.0	1.065	0.097	0.139	AT5G48670	-0.02	0.0	0.02	0.0	1.0
path	1	0.0	1.065	0.097	0.139	AT5G49300	-0.03	0.0	0.03	-0.73	1.0
path	1	0.0	1.065	0.097	0.139	AT5G52170	-0.12	0.0	0.12	-1.22	1.0
path	1	0.0	1.065	0.097	0.139	AT5G52830	14.03	16.0	1.97	-17.3	1.0
path	1	0.0	1.065	0.097	0.139	AT5G53950	2.18	3.0	0.82	-7.94	1.0
path	1	0.0	1.065	0.097	0.139	AT5G56930	-0.05	0.0	0.05	-0.73	1.0
path	1	0.0	1.065	0.097	0.139	AT5G58620	0.0	0.0	0.0	0.0	1.0
path	1	0.0	1.065	0.097	0.139	AT5G64060	6.35	8.0	1.65	-20.19	1.0
path	1	0.0	1.065	0.097	0.139	AT1G25580	2.79	5.0	2.21	-42.39	1.0
path	1	0.0	1.065	0.185	0.297	AT1G17950	-0.03	0.0	0.03	-0.79	1.0
path	1	0.0	1.065	0.185	0.297	AT1G18960	-0.03	0.0	0.03	0.0	1.0
path	1	0.0	1.065	0.185	0.297	AT1G30210	-0.05	0.0	0.05	-0.79	1.0
path	1	0.0	1.065	0.185	0.297	AT1G63040	-0.03	0.0	0.03	-0.4	1.0
path	1	0.0	1.065	0.185	0.297	AT1G66420	-0.02	0.0	0.02	0.0	1.0
path	1	0.0	1.065	0.185	0.297	AT1G67260	0.0	0.0	0.0	0.0	1.0
path	1	0.0	1.065	0.185	0.297	AT1G70910	-0.02	0.0	0.02	-0.4	1.0
path	1	0.0	1.065	0.185	0.297	AT1G71696	30.87	34.0	3.13	-16.22	1.0
path	1	0.0	1.065	0.185	0.297	AT1G74370	-0.05	0.0	0.05	-0.79	1.0
path	1	0.0	1.065	0.185	0.297	AT2G17900	-0.12	0.0	0.12	-1.19	1.0
path	1	0.0	1.065	0.185	0.297	AT2G23290	22.01	25.0	2.99	-18.49	1.0
path	1	0.0	1.065	0.185	0.297	AT2G32460	16.61	19.0	2.39	-14.21	1.0
path	1	0.0	1.065	0.185	0.297	AT2G38090	-0.07	0.0	0.07	-0.4	1.0
path	1	0.0	1.065	0.185	0.297	AT3G13040	-0.12	0.0	0.12	-1.58	1.0
path	1	0.0	1.065	0.185	0.297	AT3G20770	11.06	13.0	1.94	-21.8	1.0
path	1	0.0	1.065	0.185	0.297	AT3G47620	-0.03	0.0	0.03	0.0	1.0
path	1	0.0	1.065	0.185	0.297	AT3G50060	23.06	26.0	2.94	-17.1	1.0
path	1	0.0	1.065	0.185	0.297	AT4G12670	-0.02	0.0	0.02	0.0	1.0
path	1	0.0	1.065	0.185	0.297	AT4G14410	-0.08	0.0	0.08	-0.4	1.0
path	1	0.0	1.065	0.185	0.297	AT4G30080	-0.13	0.0	0.13	-1.19	1.0
path	1	0.0	1.065	0.185	0.297	AT4G32730	40.79	46.0	5.21	-36.64	1.0
path	1	0.0	1.065	0.185	0.297	AT4G37260	23.04	26.0	2.96	-17.1	1.0
path	1	0.0	1.065	0.185	0.297	AT5G09410	27.99	31.0	3.01	-22.38	1.0
path	1	0.0	1.065	0.185	0.297	AT5G22890	-0.08	0.0	0.08	-0.79	1.0
path	1	0.0	1.065	0.185	0.297	AT5G25475	-0.07	0.0	0.07	-0.79	1.0
path	1	0.0	1.065	0.185	0.297	AT5G25830	16.16	18.0	1.84	-13.24	1.0
path	1	0.0	1.065	0.185	0.297	AT5G38800	-0.02	0.0	0.02	0.0	1.0
path	1	0.0	1.065	0.185	0.297	AT5G48670	-0.03	0.0	0.03	0.0	1.0
path	1	0.0	1.065	0.185	0.297	AT5G56840	21.27	25.0	3.73	-15.33	1.0
path	1	0.0	1.065	0.185	0.297	AT5G58620	0.0	0.0	0.0	0.0	1.0
path	1	0.0	1.065	0.185	0.297	AT5G58850	41.11	45.0	3.89	-19.85	1.0
path	1	0.0	1.065	0.188	0.43	AT1G17950	-0.05	0.0	0.05	0.0	1.0
path	1	0.0	1.065	0.188	0.43	AT1G30210	-0.07	0.0	0.07	-0.77	1.0
path	1	0.0	1.065	0.188	0.43	AT1G47870	-0.02	0.0	0.02	0.0	1.0
path	1	0.0	1.065	0.188	0.43	AT1G60920	-0.05	0.0	0.05	0.0	1.0
path	1	0.0	1.065	0.188	0.43	AT1G67260	0.0	0.0	0.0	0.0	1.0
path	1	0.0	1.065	0.188	0.43	AT1G70910	-0.02	0.0	0.02	0.0	1.0
path	1	0.0	1.065	0.188	0.43	AT2G31460	-0.12	0.0	0.12	0.0	1.0
path	1	0.0	1.065	0.188	0.43	AT2G39900	-0.09	0.0	0.09	-0.77	1.0
path	1	0.0	1.065	0.188	0.43	AT3G07220	-0.18	0.0	0.18	-0.77	1.0
path	1	0.0	1.065	0.188	0.43	AT4G24240	-0.07	0.0	0.07	0.0	1.0
path	1	0.0	1.065	0.188	0.43	AT5G38800	-0.02	0.0	0.02	-0.77	1.0
path	1	0.0	1.065	0.188	0.43	AT5G49300	-0.07	0.0	0.07	0.0	1.0
path	1	0.0	1.065	0.188	0.43	AT5G58620	0.0	0.0	0.0	0.0	1.0
path	1	0.0	1.065	1.424	0.859	AT1G10720	-0.12	0.0	0.12	-2.17	1.0
path	1	0.0	1.065	1.424	0.859	AT1G18960	-0.03	0.0	0.03	0.0	1.0
path	1	0.0	1.065	1.424	0.859	AT1G47870	-0.02	0.0	0.02	-0.36	1.0
path	1	0.0	1.065	1.424	0.859	AT1G60920	-0.03	0.0	0.03	-0.72	1.0
path	1	0.0	1.065	1.424	0.859	AT1G63040	-0.03	0.0	0.03	-0.36	1.0
path	1	0.0	1.065	1.424	0.859	AT1G66420	-0.02	0.0	0.02	0.0	1.0
path	1	0.0	1.065	1.424	0.859	AT1G67260	0.0	0.0	0.0	0.0	1.0
path	1	0.0	1.065	1.424	0.859	AT1G73730	-0.21	0.0	0.21	-0.36	1.0
path	1	0.0	1.065	1.424	0.859	AT2G38880	-0.06	0.0	0.06	-0.72	1.0
path	1	0.0	1.065	1.424	0.859	AT2G48100	-0.03	0.0	0.03	-0.36	1.0
path	1	0.0	1.065	1.424	0.859	AT3G20770	16.23	18.0	1.77	-13.82	1.0
path	1	0.0	1.065	1.424	0.859	AT3G47620	-0.03	0.0	0.03	0.0	1.0
path	1	0.0	1.065	1.424	0.859	AT3G49930	-0.03	0.0	0.03	-0.36	1.0
path	1	0.0	1.065	1.424	0.859	AT4G12670	-0.02	0.0	0.02	0.0	1.0
path	1	0.0	1.065	1.424	0.859	AT4G14410	-0.08	0.0	0.08	-0.36	1.0
path	1	0.0	1.065	1.424	0.859	AT4G29230	28.26	31.0	2.74	-19.62	1.0
path	1	0.0	1.065	1.424	0.859	AT4G32730	46.23	51.0	4.77	-24.56	1.0
path	1	0.0	1.065	1.424	0.859	AT4G37790	-0.06	0.0	0.06	-0.36	1.0
path	1	0.0	1.065	1.424	0.859	AT4G38620	-0.26	0.0	0.26	-2.17	1.0
path	1	0.0	1.065	1.424	0.859	AT4G38910	-0.09	0.0	0.09	-1.45	1.0
path	1	0.0	1.065	1.424	0.859	AT5G16600	-0.06	0.0	0.06	-0.36	1.0
path	1	0.0	1.065	1.424	0.859	AT5G18090	-0.11	0.0	0.11	-1.45	1.0
path	1	0.0	1.065	1.424	0.859	AT5G38800	-0.02	0.0	0.02	0.0	1.0
path	1	0.0	1.065	1.424	0.859	AT5G48670	-0.03	0.0	0.03	0.0	1.0
path	1	0.0	1.065	1.424	0.859	AT5G58620	0.0	0.0	0.0	0.0	1.0
path	1	0.0	1.065	1.424	0.859	AT5G62165	-0.08	0.0	0.08	-1.08	1.0
path	1	0.0	1.065	1.424	0.859	AT1G25580	22.71	26.0	3.29	-44.5	1.0
path	3	0.536	0.628	3.069	1.572	AT1G25580	66.97	68.0	1.03	20.86	2.37e-07
path	3	0.536	0.628	3.069	1.572	AT1G32870	23.27	24.0	0.73	8.48	0.00527
path	3	0.536	0.628	1.264	0.723	AT1G28370	44.13	47.0	2.87	7.81	0.0064
path	3	0.536	0.628	3.069	1.572	AT1G34180	20.22	21.0	0.78	7.78	0.00646
path	3	0.536	0.628	1.264	0.723	AT4G34410	43.26	46.0	2.74	7.52	0.00808
path	3	0.536	0.628	1.264	0.723	AT3G10580	20.95	23.0	2.05	5.19	0.01
path	3	0.536	0.628	3.069	1.572	AT3G44480	17.22	18.0	0.78	6.79	0.011
path	3	0.536	0.628	3.069	1.572	AT1G09540	14.24	15.0	0.76	6.09	0.012
path	3	0.536	0.628	3.069	1.572	AT4G29230	35.14	36.0	0.86	8.98	0.012
path	3	0.536	0.628	1.264	0.723	AT2G42200	25.96	28.0	2.04	5.2	0.021
path	3	0.536	0.628	3.069	1.572	AT3G10500	19.3	20.0	0.7	6.49	0.021
path	3	0.536	0.628	3.069	1.572	AT5G04410	20.25	21.0	0.75	6.63	0.021
path	3	0.536	0.628	1.264	0.723	AT3G23240	14.55	16.0	1.45	3.89	0.022
path	3	0.536	0.628	1.264	0.723	AT3G20310	40.78	44.0	3.22	6.24	0.025
path	3	0.536	0.628	1.264	0.723	AT2G30340	21.26	23.0	1.74	4.47	0.03
path	3	0.536	0.628	1.264	0.723	AT1G22810	33.94	36.0	2.06	5.36	0.035
path	3	0.536	0.628	3.069	1.572	AT4G28500	26.19	27.0	0.81	6.59	0.037
path	3	0.536	0.628	1.264	0.723	AT1G36060	16.75	18.0	1.25	3.75	0.041
path	3	0.536	0.628	1.264	0.723	AT3G57920	23.43	25.0	1.57	4.34	0.044
path	3	0.536	0.628	3.069	1.572	AT3G45610	17.08	18.0	0.92	5.35	0.044
path	3	0.536	0.628	3.069	1.572	AT5G06839	18.06	19.0	0.94	5.49	0.044
path	3	0.536	0.628	1.264	0.723	AT3G15210	49.48	53.0	3.52	5.97	0.045
path	3	0.536	0.628	3.069	1.572	AT1G02230	24.21	25.0	0.79	6.03	0.048
path	3	0.536	0.628	1.264	0.723	AT1G53170	54.36	58.0	3.64	5.98	0.051
path	3	0.536	0.628	3.069	1.572	AT1G08320	19.91	21.0	1.09	5.48	0.053
path	3	0.536	0.628	3.069	1.572	AT1G64620	17.03	18.0	0.97	5.06	0.055
path	3	0.536	0.628	3.069	1.572	AT2G20110	15.08	16.0	0.92	4.79	0.056
path	3	0.536	0.628	3.069	1.572	AT3G18990	15.28	16.0	0.72	4.79	0.056
path	3	0.536	0.628	3.069	1.572	AT4G14770	14.08	15.0	0.92	4.65	0.056
path	3	0.536	0.628	3.069	1.572	AT5G64060	25.23	26.0	0.77	5.88	0.056
path	3	0.536	0.628	1.264	0.723	AT1G50640	27.63	30.0	2.37	4.35	0.062
path	3	0.536	0.628	1.264	0.723	AT1G03800	39.03	42.0	2.97	4.95	0.065
path	3	0.536	0.628	3.069	1.572	AT4G38000	19.96	21.0	1.04	5.19	0.065
path	3	0.536	0.628	3.069	1.572	AT5G10030	19.86	21.0	1.14	5.19	0.065
path	3	0.536	0.628	3.069	1.572	AT3G06740	10.55	11.0	0.45	3.81	0.067
path	3	0.536	0.628	1.264	0.723	AT1G12610	14.81	16.0	1.19	3.17	0.069
path	3	0.536	0.628	3.069	1.572	AT5G63260	16.11	17.0	0.89	4.64	0.07
path	3	0.536	0.628	3.069	1.572	AT1G71696	13.1	14.0	0.9	4.23	0.071
path	3	0.536	0.628	3.069	1.572	AT1G23810	2.94	3.0	0.06	1.85	0.073
path	3	0.536	0.628	3.069	1.572	AT1G32240	2.84	3.0	0.16	1.85	0.073
path	3	0.536	0.628	3.069	1.572	AT4G36620	2.96	3.0	0.04	1.85	0.073
path	3	0.536	0.628	1.264	0.723	AT1G69490	35.9	38.0	2.1	4.51	0.078
path	3	0.536	0.628	1.264	0.723	AT2G45420	32.64	35.0	2.36	4.36	0.078
path	3	0.536	0.628	1.264	0.723	AT5G64750	38.31	41.0	2.69	4.66	0.078
path	3	0.536	0.628	3.069	1.572	AT1G18570	1.87	2.0	0.13	1.43	0.082
path	3	0.536	0.628	3.069	1.572	AT1G76870	1.96	2.0	0.04	1.43	0.082
path	3	0.536	0.628	3.069	1.572	AT3G51470	1.93	2.0	0.07	1.43	0.082
path	3	0.536	0.628	3.069	1.572	AT5G14340	1.94	2.0	0.06	1.43	0.082
path	3	0.536	0.628	3.069	1.572	AT3G08500	8.42	9.0	0.58	3.25	0.084
path	3	0.536	0.628	3.069	1.572	AT3G21890	17.22	18.0	0.78	4.49	0.084
path	3	0.536	0.628	1.264	0.723	AT2G31230	19.75	22.0	2.25	3.47	0.085
path	3	0.536	0.628	1.264	0.723	AT4G06746	13.94	15.0	1.06	2.89	0.088
path	3	0.536	0.628	1.264	0.723	AT5G65130	13.81	15.0	1.19	2.89	0.088
path	3	0.536	0.628	1.264	0.723	AT3G61150	23.24	25.0	1.76	3.62	0.089
path	3	0.536	0.628	3.069	1.572	AT2G15740	13.2	14.0	0.8	3.94	0.089
path	3	0.536	0.628	3.069	1.572	AT1G28470	30.01	31.0	0.99	5.42	0.09
path	3	0.536	0.628	1.264	0.723	AT2G02540	25.93	28.0	2.07	3.77	0.092
path	3	0.536	0.628	1.264	0.723	AT3G56850	36.76	40.0	3.24	4.37	0.092
path	3	0.536	0.628	1.264	0.723	AT4G00730	29.15	31.0	1.85	3.92	0.093
path	3	0.536	0.628	3.069	1.572	AT1G24250	5.63	6.0	0.37	2.55	0.095
path	3	0.536	0.628	1.264	0.723	AT1G18330	16.33	18.0	1.67	3.04	0.099
path	3	0.536	0.628	3.069	1.572	AT3G24120	15.99	17.0	1.01	4.06	0.105
path	3	0.536	0.628	1.264	0.723	AT5G52660	22.15	24.0	1.85	3.34	0.108
path	3	0.536	0.628	3.069	1.572	AT5G14960	7.82	8.0	0.18	2.83	0.109
path	3	0.536	0.628	1.264	0.723	AT2G38340	30.58	33.0	2.42	3.79	0.11
path	3	0.536	0.628	1.264	0.723	AT5G08330	12.84	14.0	1.16	2.6	0.113
path	3	0.536	0.628	1.264	0.723	AT1G71450	43.49	47.0	3.51	4.25	0.117
path	3	0.536	0.628	1.264	0.723	AT1G75490	15.67	17.0	1.33	2.75	0.123
path	3	0.536	0.628	1.264	0.723	AT5G25190	37.78	41.0	3.22	3.95	0.123
path	3	0.536	0.628	3.069	1.572	AT1G75390	4.73	5.0	0.27	2.13	0.126
path	3	0.536	0.628	3.069	1.572	AT4G32730	15.5	17.0	1.5	3.78	0.126
path	3	0.536	0.628	1.264	0.723	AT1G12260	33.34	35.0	1.66	3.65	0.128
path	3	0.536	0.628	1.264	0.723	AT1G13400	5.57	6.0	0.43	1.72	0.128
path	3	0.536	0.628	1.264	0.723	AT1G52880	32.81	35.0	2.19	3.65	0.128
path	3	0.536	0.628	1.264	0.723	AT1G65620	5.68	6.0	0.32	1.72	0.128
path	3	0.536	0.628	1.264	0.723	AT2G33710	32.46	35.0	2.54	3.65	0.128
path	3	0.536	0.628	1.264	0.723	AT2G42590	5.67	6.0	0.33	1.72	0.128
path	3	0.536	0.628	1.264	0.723	AT5G10140	5.79	6.0	0.21	1.72	0.128
path	3	0.536	0.628	1.264	0.723	AT1G06280	45.64	49.0	3.36	4.11	0.131
path	3	0.536	0.628	1.264	0.723	AT2G22430	21.51	23.0	1.49	3.05	0.131
path	3	0.536	0.628	3.069	1.572	AT4G26640	13.48	14.0	0.52	3.36	0.135
path	3	0.536	0.628	3.069	1.572	AT3G11280	5.62	6.0	0.38	2.26	0.136
path	3	0.536	0.628	3.069	1.572	AT5G05790	5.49	6.0	0.51	2.26	0.136
path	3	0.536	0.628	3.069	1.572	AT3G12130	11.47	12.0	0.53	3.09	0.141
path	3	0.536	0.628	1.264	0.723	AT1G72010	11.92	13.0	1.08	2.31	0.144
path	3	0.536	0.628	3.069	1.572	AT3G10800	8.41	9.0	0.59	2.68	0.145
path	3	0.536	0.628	3.069	1.572	AT3G48160	2.95	3.0	0.05	1.56	0.145
path	3	0.536	0.628	3.069	1.572	AT4G01500	2.83	3.0	0.17	1.56	0.145
path	3	0.536	0.628	1.264	0.723	AT2G35700	34.67	37.0	2.33	3.51	0.147
path	3	0.536	0.628	1.264	0.723	AT3G04060	35.18	37.0	1.82	3.51	0.147
path	3	0.536	0.628	1.264	0.723	AT1G13260	15.26	16.0	0.74	2.46	0.152
path	3	0.536	0.628	1.264	0.723	AT4G27950	14.77	16.0	1.23	2.46	0.152
path	3	0.536	0.628	3.069	1.572	AT3G55370	19.9	21.0	1.1	3.75	0.152
path	3	0.536	0.628	1.264	0.723	AT5G23930	25.53	28.0	2.47	3.06	0.155
path	3	0.536	0.628	1.264	0.723	AT3G11020	17.59	19.0	1.41	2.61	0.156
path	3	0.536	0.628	1.264	0.723	AT2G44840	22.82	25.0	2.18	2.91	0.157
path	3	0.536	0.628	1.264	0.723	AT1G77200	39.49	42.0	2.51	3.52	0.16
path	3	0.536	0.628	3.069	1.572	AT3G52440	18.02	19.0	0.98	3.48	0.163
path	3	0.536	0.628	1.264	0.723	AT3G50700	8.35	9.0	0.65	1.87	0.166
path	3	0.536	0.628	1.264	0.723	AT1G26960	33.89	36.0	2.11	3.22	0.17
path	3	0.536	0.628	3.069	1.572	AT3G27785	10.3	11.0	0.7	2.66	0.175
path	3	0.536	0.628	3.069	1.572	AT4G26030	10.35	11.0	0.65	2.66	0.175
path	3	0.536	0.628	3.069	1.572	AT4G37260	9.15	10.0	0.85	2.53	0.179
path	3	0.536	0.628	1.264	0.723	AT3G13350	4.77	5.0	0.23	1.44	0.181
path	3	0.536	0.628	3.069	1.572	AT3G15270	14.95	16.0	1.05	3.06	0.181
path	3	0.536	0.628	3.069	1.572	AT1G29860	18.99	20.0	1.01	3.33	0.182
path	3	0.536	0.628	3.069	1.572	AT5G02460	18.93	20.0	1.07	3.33	0.182
path	3	0.536	0.628	3.069	1.572	AT5G29000	8.31	9.0	0.69	2.39	0.182
path	3	0.536	0.628	1.264	0.723	AT4G11660	22.75	24.0	1.25	2.62	0.186
path	3	0.536	0.628	1.264	0.723	AT5G61620	21.4	24.0	2.6	2.62	0.186
path	3	0.536	0.628	3.069	1.572	AT4G22070	14.3	15.0	0.7	2.93	0.187
path	3	0.536	0.628	1.264	0.723	AT5G60130	19.49	21.0	1.51	2.47	0.188
path	3	0.536	0.628	3.069	1.572	AT1G51700	13.34	14.0	0.66	2.79	0.193
path	3	0.536	0.628	1.264	0.723	AT2G23340	32.74	35.0	2.26	2.94	0.195
path	3	0.536	0.628	1.264	0.723	AT5G67190	32.51	35.0	2.49	2.94	0.195
path	3	0.536	0.628	3.069	1.572	AT4G01540	26.88	28.0	1.12	3.57	0.196
path	3	0.536	0.628	3.069	1.572	AT3G07220	1.96	2.0	0.04	1.14	0.2
path	3	0.536	0.628	3.069	1.572	AT3G23250	1.9	2.0	0.1	1.14	0.2
path	3	0.536	0.628	3.069	1.572	AT3G47600	1.91	2.0	0.09	1.14	0.2
path	3	0.536	0.628	1.264	0.723	AT1G68550	29.25	32.0	2.75	2.79	0.201
path	3	0.536	0.628	1.264	0.723	AT2G46770	30.21	32.0	1.79	2.79	0.201
path	3	0.536	0.628	3.069	1.572	AT3G11440	11.13	12.0	0.87	2.51	0.205
path	3	0.536	0.628	3.069	1.572	AT3G10480	15.25	16.0	0.75	2.78	0.21
path	3	0.536	0.628	1.264	0.723	AT1G34370	7.55	8.0	0.45	1.59	0.215
path	3	0.536	0.628	1.264	0.723	AT3G04070	7.56	8.0	0.44	1.59	0.215
path	3	0.536	0.628	1.264	0.723	AT1G12630	34.55	37.0	2.45	2.8	0.216
path	3	0.536	0.628	3.069	1.572	AT1G16490	9.31	10.0	0.69	2.24	0.217
path	3	0.536	0.628	3.069	1.572	AT2G03340	9.59	10.0	0.41	2.24	0.217
path	3	0.536	0.628	1.264	0.723	AT5G65310	20.69	23.0	2.31	2.34	0.218
path	3	0.536	0.628	1.264	0.723	AT2G18350	32.04	34.0	1.96	2.65	0.223
path	3	0.536	0.628	1.264	0.723	AT5G56840	17.34	20.0	2.66	2.19	0.223
path	3	0.536	0.628	3.069	1.572	AT5G17800	8.33	9.0	0.67	2.1	0.223
path	3	0.536	0.628	1.264	0.723	AT5G18450	15.58	17.0	1.42	2.04	0.226
path	3	0.536	0.628	1.264	0.723	AT5G66300	16.02	17.0	0.98	2.04	0.226
path	3	0.536	0.628	1.264	0.723	AT3G01220	12.33	14.0	1.67	1.89	0.228
path	3	0.536	0.628	3.069	1.572	AT2G20400	7.35	8.0	0.65	1.96	0.229
path	3	0.536	0.628	1.264	0.723	AT3G24520	29.02	31.0	1.98	2.5	0.231
path	3	0.536	0.628	3.069	1.572	AT3G02990	2.9	3.0	0.1	1.28	0.231
path	3	0.536	0.628	3.069	1.572	AT3G45170	2.9	3.0	0.1	1.28	0.231
path	3	0.536	0.628	3.069	1.572	AT5G10510	2.95	3.0	0.05	1.28	0.231
path	3	0.536	0.628	1.264	0.723	AT4G31060	36.5	39.0	2.5	2.66	0.236
path	3	0.536	0.628	3.069	1.572	AT4G05100	5.61	6.0	0.39	1.69	0.238
path	3	0.536	0.628	1.264	0.723	AT4G36780	25.42	28.0	2.58	2.35	0.239
path	3	0.536	0.628	3.069	1.572	AT1G80840	3.83	4.0	0.17	1.41	0.24
path	3	0.536	0.628	3.069	1.572	AT3G12820	3.76	4.0	0.24	1.41	0.24
path	3	0.536	0.628	3.069	1.572	AT5G39820	3.8	4.0	0.2	1.41	0.24
path	3	0.536	0.628	3.069	1.572	AT1G75240	15.09	16.0	0.91	2.49	0.241
path	3	0.536	0.628	1.264	0.723	AT5G13180	34.04	36.0	1.96	2.51	0.245
path	3	0.536	0.628	1.264	0.723	AT5G39610	34.15	36.0	1.85	2.51	0.245
path	3	0.536	0.628	3.069	1.572	AT3G12250	17.86	19.0	1.14	2.61	0.245
path	3	0.536	0.628	1.264	0.723	AT3G50260	40.84	44.0	3.16	2.67	0.246
path	3	0.536	0.628	1.264	0.723	AT3G09600	22.81	25.0	2.19	2.2	0.247
path	3	0.536	0.628	1.264	0.723	AT4G01280	22.87	25.0	2.13	2.2	0.247
path	3	0.536	0.628	1.264	0.723	AT1G28160	30.49	33.0	2.51	2.36	0.254
path	3	0.536	0.628	1.264	0.723	AT4G36740	20.11	22.0	1.89	2.05	0.254
path	3	0.536	0.628	1.264	0.723	AT1G53230	3.63	4.0	0.37	1.15	0.256
path	3	0.536	0.628	1.264	0.723	AT1G63030	3.69	4.0	0.31	1.15	0.256
path	3	0.536	0.628	1.264	0.723	AT3G45150	3.63	4.0	0.37	1.15	0.256
path	3	0.536	0.628	1.264	0.723	AT3G57600	3.74	4.0	0.26	1.15	0.256
path	3	0.536	0.628	1.264	0.723	AT3G15170	17.96	19.0	1.04	1.9	0.262
path	3	0.536	0.628	1.264	0.723	AT4G10350	28.27	30.0	1.73	2.21	0.264
path	3	0.536	0.628	1.264	0.723	AT5G16820	28.17	30.0	1.83	2.21	0.264
path	3	0.536	0.628	1.264	0.723	AT1G19210	34.94	38.0	3.06	2.37	0.266
path	3	0.536	0.628	1.264	0.723	AT2G18160	35.11	38.0	2.89	2.37	0.266
path	3	0.536	0.628	3.069	1.572	AT2G23290	8.14	9.0	0.86	1.81	0.267
path	3	0.536	0.628	1.264	0.723	AT1G19790	15.09	16.0	0.91	1.75	0.269
path	3	0.536	0.628	3.069	1.572	AT1G02250	18.33	19.0	0.67	2.33	0.276
path	3	0.536	0.628	1.264	0.723	AT4G28140	6.61	7.0	0.39	1.3	0.278
path	3	0.536	0.628	1.264	0.723	AT2G33550	9.08	10.0	0.92	1.45	0.279
path	3	0.536	0.628	1.264	0.723	AT5G47220	8.99	10.0	1.01	1.45	0.279
path	3	0.536	0.628	3.069	1.572	AT5G58850	13.88	15.0	1.12	2.06	0.285
path	3	0.536	0.628	3.069	1.572	AT1G76880	0.95	1.0	0.05	0.71	0.287
path	3	0.536	0.628	3.069	1.572	AT2G31460	0.98	1.0	0.02	0.71	0.287
path	3	0.536	0.628	3.069	1.572	AT2G39900	0.98	1.0	0.02	0.71	0.287
path	3	0.536	0.628	3.069	1.572	AT2G48100	0.99	1.0	0.01	0.71	0.287
path	3	0.536	0.628	3.069	1.572	AT3G61120	0.95	1.0	0.05	0.71	0.287
path	3	0.536	0.628	3.069	1.572	AT5G16600	0.98	1.0	0.02	0.71	0.287
path	3	0.536	0.628	3.069	1.572	AT5G42820	0.98	1.0	0.02	0.71	0.287
path	3	0.536	0.628	1.264	0.723	AT1G31140	19.45	21.0	1.55	1.76	0.295
path	3	0.536	0.628	3.069	1.572	AT3G25990	5.71	6.0	0.29	1.4	0.296
path	3	0.536	0.628	3.069	1.572	AT4G34590	5.62	6.0	0.38	1.4	0.296
path	3	0.536	0.628	1.264	0.723	AT3G49530	35.38	37.0	1.62	2.09	0.298
path	3	0.536	0.628	1.264	0.723	AT2G44940	27.2	29.0	1.8	1.92	0.299
path	3	0.536	0.628	1.264	0.723	AT1G69180	16.31	18.0	1.69	1.61	0.306
path	3	0.536	0.628	1.264	0.723	AT1G69780	16.38	18.0	1.62	1.61	0.306
path	3	0.536	0.628	1.264	0.723	AT1G76420	39.95	42.0	2.05	2.1	0.306
path	3	0.536	0.628	1.264	0.723	AT4G36160	39.34	42.0	2.66	2.1	0.306
path	3	0.536	0.628	3.069	1.572	AT5G45580	12.05	13.0	0.95	1.79	0.308
path	3	0.536	0.628	3.069	1.572	AT3G28910	3.71	4.0	0.29	1.13	0.316
path	3	0.536	0.628	3.069	1.572	AT5G43840	3.88	4.0	0.12	1.13	0.316
path	3	0.536	0.628	3.069	1.572	AT5G22990	16.84	18.0	1.16	1.9	0.32
path	3	0.536	0.628	3.069	1.572	AT3G50410	11.34	12.0	0.66	1.65	0.321
path	3	0.536	0.628	3.069	1.572	AT1G79580	14.14	15.0	0.86	1.78	0.322
path	3	0.536	0.628	1.264	0.723	AT5G65410	28.79	31.0	2.21	1.79	0.323
path	3	0.536	0.628	3.069	1.572	AT1G43700	2.79	3.0	0.21	0.99	0.324
path	3	0.536	0.628	3.069	1.572	AT4G01720	2.88	3.0	0.12	0.99	0.324
path	3	0.536	0.628	3.069	1.572	AT5G61600	2.72	3.0	0.28	0.99	0.324
path	3	0.536	0.628	3.069	1.572	AT1G10720	1.96	2.0	0.04	0.85	0.326
path	3	0.536	0.628	3.069	1.572	AT2G33810	1.86	2.0	0.14	0.85	0.326
path	3	0.536	0.628	3.069	1.572	AT4G24470	1.76	2.0	0.24	0.85	0.326
path	3	0.536	0.628	3.069	1.572	AT1G06850	7.41	8.0	0.59	1.39	0.327
path	3	0.536	0.628	1.264	0.723	AT3G24050	11.17	12.0	0.83	1.31	0.33
path	3	0.536	0.628	3.069	1.572	AT3G01970	16.02	17.0	0.98	1.76	0.333
path	3	0.536	0.628	3.069	1.572	AT5G47660	10.37	11.0	0.63	1.51	0.334
path	3	0.536	0.628	1.264	0.723	AT3G09735	26.36	28.0	1.64	1.64	0.337
path	3	0.536	0.628	1.264	0.723	AT1G01720	38.7	41.0	2.3	1.81	0.339
path	3	0.536	0.628	1.264	0.723	AT2G36270	37.76	41.0	3.24	1.81	0.339
path	3	0.536	0.628	1.264	0.723	AT2G47070	18.27	20.0	1.73	1.47	0.339
path	3	0.536	0.628	1.264	0.723	AT3G62420	37.71	41.0	3.29	1.81	0.339
path	3	0.536	0.628	3.069	1.572	AT1G30490	6.41	7.0	0.59	1.25	0.341
path	3	0.536	0.628	1.264	0.723	AT2G28920	8.35	9.0	0.65	1.16	0.342
path	3	0.536	0.628	1.264	0.723	AT3G61250	8.52	9.0	0.48	1.16	0.342
path	3	0.536	0.628	1.264	0.723	AT5G18270	30.95	33.0	2.05	1.65	0.346
path	3	0.536	0.628	3.069	1.572	AT1G62300	15.14	16.0	0.86	1.63	0.346
path	3	0.536	0.628	3.069	1.572	AT2G22540	15.07	16.0	0.93	1.63	0.346
path	3	0.536	0.628	3.069	1.572	AT1G55110	9.33	10.0	0.67	1.38	0.348
path	3	0.536	0.628	3.069	1.572	AT1G68320	9.35	10.0	0.65	1.38	0.348
path	3	0.536	0.628	3.069	1.572	AT3G47500	12.19	13.0	0.81	1.5	0.348
path	3	0.536	0.628	3.069	1.572	AT3G53200	9.26	10.0	0.74	1.38	0.348
path	3	0.536	0.628	3.069	1.572	AT5G17300	12.04	13.0	0.96	1.5	0.348
path	3	0.536	0.628	3.069	1.572	AT2G38470	19.94	21.0	1.06	1.74	0.35
path	3	0.536	0.628	1.264	0.723	AT5G08520	22.4	25.0	2.6	1.49	0.352
path	3	0.536	0.628	1.264	0.723	AT2G28810	35.74	38.0	2.26	1.66	0.353
path	3	0.536	0.628	1.264	0.723	AT1G27730	15.82	17.0	1.18	1.32	0.354
path	3	0.536	0.628	1.264	0.723	AT2G03500	15.33	17.0	1.67	1.32	0.354
path	3	0.536	0.628	1.264	0.723	AT5G08750	5.65	6.0	0.35	1.01	0.354
path	3	0.536	0.628	3.069	1.572	AT4G31550	5.72	6.0	0.28	1.11	0.357
path	3	0.536	0.628	1.264	0.723	AT3G51080	2.75	3.0	0.25	0.86	0.36
path	3	0.536	0.628	1.264	0.723	AT5G18090	2.92	3.0	0.08	0.86	0.36
path	3	0.536	0.628	1.264	0.723	AT5G61270	2.83	3.0	0.17	0.86	0.36
path	3	0.536	0.628	3.069	1.572	AT2G46590	14.04	15.0	0.96	1.49	0.36
path	3	0.536	0.628	3.069	1.572	AT5G65210	14.06	15.0	0.94	1.49	0.36
path	3	0.536	0.628	1.264	0.723	AT5G05550	49.46	53.0	3.54	1.7	0.366
path	3	0.536	0.628	1.264	0.723	AT1G01060	19.89	22.0	2.11	1.34	0.368
path	3	0.536	0.628	1.264	0.723	AT5G06960	20.69	22.0	1.31	1.34	0.368
path	3	0.536	0.628	1.264	0.723	AT4G32800	13.14	14.0	0.86	1.17	0.371
path	3	0.536	0.628	1.264	0.723	AT5G65510	13.14	14.0	0.86	1.17	0.371
path	3	0.536	0.628	3.069	1.572	AT1G79180	4.63	5.0	0.37	0.98	0.374
path	3	0.536	0.628	3.069	1.572	AT2G30250	22.78	24.0	1.22	1.58	0.375
path	3	0.536	0.628	1.264	0.723	AT1G29280	42.33	45.0	2.67	1.54	0.378
path	3	0.536	0.628	3.069	1.572	AT1G34190	10.21	11.0	0.79	1.23	0.378
path	3	0.536	0.628	3.069	1.572	AT1G03840	7.45	8.0	0.55	1.1	0.379
path	3	0.536	0.628	1.264	0.723	AT2G04038	29.13	32.0	2.87	1.36	0.385
path	3	0.536	0.628	1.264	0.723	AT4G01250	30.01	32.0	1.99	1.36	0.385
path	3	0.536	0.628	1.264	0.723	AT1G51220	17.65	19.0	1.35	1.19	0.386
path	3	0.536	0.628	1.264	0.723	AT3G12730	17.3	19.0	1.7	1.19	0.386
path	3	0.536	0.628	1.264	0.723	AT3G26620	17.74	19.0	1.26	1.19	0.386
path	3	0.536	0.628	1.264	0.723	AT4G38170	34.64	37.0	2.36	1.37	0.39
path	3	0.536	0.628	1.264	0.723	AT5G51990	34.53	37.0	2.47	1.37	0.39
path	3	0.536	0.628	1.264	0.723	AT1G20980	9.93	11.0	1.07	1.02	0.391
path	3	0.536	0.628	1.264	0.723	AT3G58630	10.36	11.0	0.64	1.02	0.391
path	3	0.536	0.628	1.264	0.723	AT5G02840	10.05	11.0	0.95	1.02	0.391
path	3	0.536	0.628	1.264	0.723	AT5G63090	10.11	11.0	0.89	1.02	0.391
path	3	0.536	0.628	3.069	1.572	AT2G30590	3.81	4.0	0.19	0.84	0.393
path	3	0.536	0.628	3.069	1.572	AT3G21175	3.69	4.0	0.31	0.84	0.393
path	3	0.536	0.628	3.069	1.572	AT5G13790	3.73	4.0	0.27	0.84	0.393
path	3	0.536	0.628	3.069	1.572	AT3G12720	9.35	10.0	0.65	1.09	0.394
path	3	0.536	0.628	3.069	1.572	AT5G09410	9.14	10.0	0.86	1.09	0.394
path	3	0.536	0.628	1.264	0.723	AT3G17730	27.17	29.0	1.83	1.21	0.402
path	3	0.536	0.628	1.264	0.723	AT5G66700	26.52	29.0	2.48	1.21	0.402
path	3	0.536	0.628	3.069	1.572	AT4G18770	11.11	12.0	0.89	1.08	0.405
path	3	0.536	0.628	3.069	1.572	AT5G66730	11.33	12.0	0.67	1.08	0.405
path	3	0.536	0.628	3.069	1.572	AT5G62940	13.21	14.0	0.79	1.06	0.414
path	3	0.536	0.628	1.264	0.723	AT5G03790	18.99	21.0	2.01	1.05	0.415
path	3	0.536	0.628	1.264	0.723	AT5G45300	19.52	21.0	1.48	1.05	0.415
path	3	0.536	0.628	3.069	1.572	AT5G10280	2.82	3.0	0.18	0.7	0.416
path	3	0.536	0.628	3.069	1.572	AT5G41570	19.87	21.0	1.13	1.17	0.417
path	3	0.536	0.628	3.069	1.572	AT2G26960	5.47	6.0	0.53	0.83	0.418
path	3	0.536	0.628	3.069	1.572	AT3G60580	5.61	6.0	0.39	0.83	0.418
path	3	0.536	0.628	3.069	1.572	AT5G25830	5.47	6.0	0.53	0.83	0.418
path	3	0.536	0.628	1.264	0.723	AT1G69010	23.45	26.0	2.55	1.06	0.421
path	3	0.536	0.628	1.264	0.723	AT1G74480	24.15	26.0	1.85	1.06	0.421
path	3	0.536	0.628	3.069	1.572	AT4G23550	15.04	16.0	0.96	1.05	0.421
path	3	0.536	0.628	3.069	1.572	AT1G74650	10.2	11.0	0.8	0.94	0.423
path	3	0.536	0.628	3.069	1.572	AT5G56110	10.01	11.0	0.99	0.94	0.423
path	3	0.536	0.628	1.264	0.723	AT2G45410	28.84	31.0	2.16	1.07	0.425
path	3	0.536	0.628	1.264	0.723	AT2G43000	33.27	36.0	2.73	1.09	0.427
path	3	0.536	0.628	3.069	1.572	AT1G54330	12.3	13.0	0.7	0.93	0.431
path	3	0.536	0.628	3.069	1.572	AT4G31800	18.78	20.0	1.22	1.03	0.431
path	3	0.536	0.628	3.069	1.572	AT4G01680	7.37	8.0	0.63	0.81	0.432
path	3	0.536	0.628	3.069	1.572	AT5G60850	14.02	15.0	0.98	0.91	0.437
path	3	0.536	0.628	3.069	1.572	AT3G01530	9.23	10.0	0.77	0.8	0.442
path	3	0.536	0.628	1.264	0.723	AT1G49560	26.12	28.0	1.88	0.92	0.444
path	3	0.536	0.628	1.264	0.723	AT3G03200	26.15	28.0	1.85	0.92	0.444
path	3	0.536	0.628	1.264	0.723	AT1G01250	4.7	5.0	0.3	0.72	0.446
path	3	0.536	0.628	1.264	0.723	AT2G17410	4.74	5.0	0.26	0.72	0.446
path	3	0.536	0.628	1.264	0.723	AT2G17950	4.62	5.0	0.38	0.72	0.446
path	3	0.536	0.628	1.264	0.723	AT4G04450	4.74	5.0	0.26	0.72	0.446
path	3	0.536	0.628	1.264	0.723	AT4G18890	4.54	5.0	0.46	0.72	0.446
path	3	0.536	0.628	1.264	0.723	AT5G07680	4.62	5.0	0.38	0.72	0.446
path	3	0.536	0.628	1.264	0.723	AT5G22500	4.31	5.0	0.69	0.72	0.446
path	3	0.536	0.628	1.264	0.723	AT5G59990	4.55	5.0	0.45	0.72	0.446
path	3	0.536	0.628	3.069	1.572	AT1G66370	1.83	2.0	0.17	0.56	0.446
path	3	0.536	0.628	3.069	1.572	AT1G77640	1.85	2.0	0.15	0.56	0.446
path	3	0.536	0.628	3.069	1.572	AT2G24570	1.9	2.0	0.1	0.56	0.446
path	3	0.536	0.628	3.069	1.572	AT2G45650	1.89	2.0	0.11	0.56	0.446
path	3	0.536	0.628	3.069	1.572	AT3G20840	1.92	2.0	0.08	0.56	0.446
path	3	0.536	0.628	3.069	1.572	AT3G27010	1.8	2.0	0.2	0.56	0.446
path	3	0.536	0.628	3.069	1.572	AT4G17785	1.83	2.0	0.17	0.56	0.446
path	3	0.536	0.628	1.264	0.723	AT5G15830	34.84	38.0	3.16	0.95	0.447
path	3	0.536	0.628	3.069	1.572	AT2G24430	13.1	14.0	0.9	0.78	0.454
path	3	0.536	0.628	3.069	1.572	AT5G53950	6.62	7.0	0.38	0.68	0.454
path	3	0.536	0.628	1.264	0.723	AT1G25550	13.77	15.0	1.23	0.75	0.462
path	3	0.536	0.628	1.264	0.723	AT1G74840	13.0	15.0	2.0	0.75	0.462
path	3	0.536	0.628	1.264	0.723	AT2G01060	13.67	15.0	1.33	0.75	0.462
path	3	0.536	0.628	1.264	0.723	AT3G13810	13.62	15.0	1.38	0.75	0.462
path	3	0.536	0.628	3.069	1.572	AT1G72740	8.44	9.0	0.56	0.66	0.462
path	3	0.536	0.628	3.069	1.572	AT2G23320	16.91	18.0	1.09	0.75	0.463
path	3	0.536	0.628	1.264	0.723	AT2G46130	19.12	20.0	0.88	0.76	0.464
path	3	0.536	0.628	1.264	0.723	AT3G42860	18.75	20.0	1.25	0.76	0.464
path	3	0.536	0.628	1.264	0.723	AT4G00250	18.17	20.0	1.83	0.76	0.464
path	3	0.536	0.628	1.264	0.723	AT1G34670	23.14	25.0	1.86	0.77	0.465
path	3	0.536	0.628	1.264	0.723	AT2G42430	23.06	25.0	1.94	0.77	0.465
path	3	0.536	0.628	1.264	0.723	AT3G22830	23.4	25.0	1.6	0.77	0.465
path	3	0.536	0.628	1.264	0.723	AT1G65910	28.19	30.0	1.81	0.79	0.466
path	3	0.536	0.628	1.264	0.723	AT3G02940	27.83	30.0	2.17	0.79	0.466
path	3	0.536	0.628	3.069	1.572	AT1G33240	10.16	11.0	0.84	0.65	0.468
path	3	0.536	0.628	3.069	1.572	AT5G46590	3.75	4.0	0.25	0.55	0.469
path	3	0.536	0.628	3.069	1.572	AT1G06180	5.62	6.0	0.38	0.54	0.479
path	3	0.536	0.628	3.069	1.572	AT2G32460	5.31	6.0	0.69	0.54	0.479
path	3	0.536	0.628	1.264	0.723	AT3G18400	39.73	42.0	2.27	0.67	0.484
path	3	0.536	0.628	3.069	1.572	AT1G47655	7.35	8.0	0.65	0.53	0.484
path	3	0.536	0.628	3.069	1.572	AT3G50060	7.15	8.0	0.85	0.53	0.484
path	3	0.536	0.628	1.264	0.723	AT1G30650	34.53	37.0	2.47	0.66	0.485
path	3	0.536	0.628	1.264	0.723	AT2G02820	33.89	37.0	3.11	0.66	0.485
path	3	0.536	0.628	1.264	0.723	AT4G25480	34.32	37.0	2.68	0.66	0.485
path	3	0.536	0.628	1.264	0.723	AT2G01930	29.93	32.0	2.07	0.65	0.486
path	3	0.536	0.628	1.264	0.723	AT4G17980	29.9	32.0	2.1	0.65	0.486
path	3	0.536	0.628	1.264	0.723	AT1G78700	24.45	27.0	2.55	0.64	0.488
path	3	0.536	0.628	1.264	0.723	AT5G24110	25.26	27.0	1.74	0.64	0.488
path	3	0.536	0.628	3.069	1.572	AT2G18380	9.26	10.0	0.74	0.51	0.488
path	3	0.536	0.628	3.069	1.572	AT5G46350	9.41	10.0	0.59	0.51	0.488
path	3	0.536	0.628	3.069	1.572	AT5G67580	9.44	10.0	0.56	0.51	0.488
path	3	0.536	0.628	1.264	0.723	AT1G25340	20.54	22.0	1.46	0.62	0.489
path	3	0.536	0.628	1.264	0.723	AT1G49010	19.65	22.0	2.35	0.62	0.489
path	3	0.536	0.628	1.264	0.723	AT5G47370	19.86	22.0	2.14	0.62	0.489
path	3	0.536	0.628	3.069	1.572	AT1G76890	11.14	12.0	0.86	0.5	0.492
path	3	0.536	0.628	1.264	0.723	AT2G01818	11.37	12.0	0.63	0.6	0.493
path	3	0.536	0.628	3.069	1.572	AT1G46264	0.97	1.0	0.03	0.43	0.493
path	3	0.536	0.628	3.069	1.572	AT2G45680	0.87	1.0	0.13	0.43	0.493
path	3	0.536	0.628	3.069	1.572	AT2G46400	0.97	1.0	0.03	0.43	0.493
path	3	0.536	0.628	3.069	1.572	AT3G02150	0.95	1.0	0.05	0.43	0.493
path	3	0.536	0.628	3.069	1.572	AT3G22780	0.97	1.0	0.03	0.43	0.493
path	3	0.536	0.628	3.069	1.572	AT3G30530	0.92	1.0	0.08	0.43	0.493
path	3	0.536	0.628	3.069	1.572	AT4G18450	0.88	1.0	0.12	0.43	0.493
path	3	0.536	0.628	3.069	1.572	AT4G27900	0.93	1.0	0.07	0.43	0.493
path	3	0.536	0.628	3.069	1.572	AT5G42520	0.97	1.0	0.03	0.43	0.493
path	3	0.536	0.628	3.069	1.572	AT5G49300	0.99	1.0	0.01	0.43	0.493
path	3	0.536	0.628	3.069	1.572	AT5G56930	0.98	1.0	0.02	0.43	0.493
path	3	0.536	0.628	3.069	1.572	AT5G67000	0.95	1.0	0.05	0.43	0.493
path	3	0.536	0.628	1.264	0.723	AT1G68670	6.18	7.0	0.82	0.59	0.495
path	3	0.536	0.628	1.264	0.723	AT3G06490	6.15	7.0	0.85	0.59	0.495
path	3	0.536	0.628	1.264	0.723	AT5G26170	41.28	44.0	2.72	0.54	0.501
path	3	0.536	0.628	3.069	1.572	AT2G15660	2.86	3.0	0.14	0.41	0.505
path	3	0.536	0.628	3.069	1.572	AT3G60530	2.76	3.0	0.24	0.41	0.505
path	3	0.536	0.628	1.264	0.723	AT1G69570	31.67	34.0	2.33	0.51	0.506
path	3	0.536	0.628	1.264	0.723	AT4G25490	31.48	34.0	2.52	0.51	0.506
path	3	0.536	0.628	1.264	0.723	AT1G27360	1.88	2.0	0.12	0.57	0.507
path	3	0.536	0.628	1.264	0.723	AT1G72360	1.79	2.0	0.21	0.57	0.507
path	3	0.536	0.628	1.264	0.723	AT2G38880	1.95	2.0	0.05	0.57	0.507
path	3	0.536	0.628	1.264	0.723	AT2G41835	1.86	2.0	0.14	0.57	0.507
path	3	0.536	0.628	1.264	0.723	AT3G12910	1.93	2.0	0.07	0.57	0.507
path	3	0.536	0.628	1.264	0.723	AT5G25390	1.8	2.0	0.2	0.57	0.507
path	3	0.536	0.628	1.264	0.723	AT5G62165	1.94	2.0	0.06	0.57	0.507
path	3	0.536	0.628	1.264	0.723	AT1G19000	26.5	29.0	2.5	0.5	0.508
path	3	0.536	0.628	3.069	1.572	AT1G52150	6.46	7.0	0.54	0.39	0.509
path	3	0.536	0.628	3.069	1.572	AT5G62320	6.43	7.0	0.57	0.39	0.509
path	3	0.536	0.628	1.264	0.723	AT1G14687	22.04	24.0	1.96	0.49	0.512
path	3	0.536	0.628	1.264	0.723	AT1G20910	22.64	24.0	1.36	0.49	0.512
path	3	0.536	0.628	1.264	0.723	AT2G40260	22.25	24.0	1.75	0.49	0.512
path	3	0.536	0.628	1.264	0.723	AT3G04030	21.87	24.0	2.13	0.49	0.512
path	3	0.536	0.628	1.264	0.723	AT5G06100	21.94	24.0	2.06	0.49	0.512
path	3	0.536	0.628	3.069	1.572	AT3G16280	10.29	11.0	0.71	0.36	0.512
path	3	0.536	0.628	3.069	1.572	AT1G32150	13.71	15.0	1.29	0.34	0.515
path	3	0.536	0.628	3.069	1.572	AT4G01550	14.32	15.0	0.68	0.34	0.515
path	3	0.536	0.628	1.264	0.723	AT5G47390	16.81	19.0	2.19	0.47	0.516
path	3	0.536	0.628	3.069	1.572	AT2G40740	15.98	17.0	1.02	0.33	0.516
path	3	0.536	0.628	3.069	1.572	AT5G13080	17.86	19.0	1.14	0.31	0.517
path	3	0.536	0.628	1.264	0.723	AT5G44210	12.75	14.0	1.25	0.46	0.521
path	3	0.536	0.628	1.264	0.723	AT3G28920	33.62	36.0	2.38	0.37	0.524
path	3	0.536	0.628	1.264	0.723	AT2G02080	28.87	31.0	2.13	0.36	0.528
path	3	0.536	0.628	1.264	0.723	AT2G18060	29.19	31.0	1.81	0.36	0.528
path	3	0.536	0.628	1.264	0.723	AT4G25470	28.77	31.0	2.23	0.36	0.528
path	3	0.536	0.628	1.264	0.723	AT1G44830	8.19	9.0	0.81	0.45	0.531
path	3	0.536	0.628	1.264	0.723	AT1G76110	8.17	9.0	0.83	0.45	0.531
path	3	0.536	0.628	1.264	0.723	AT5G06950	23.83	26.0	2.17	0.35	0.532
path	3	0.536	0.628	3.069	1.572	AT5G66940	13.1	14.0	0.9	0.2	0.534
path	3	0.536	0.628	3.069	1.572	AT4G37180	9.22	10.0	0.78	0.23	0.535
path	3	0.536	0.628	3.069	1.572	AT5G54230	9.18	10.0	0.82	0.23	0.535
path	3	0.536	0.628	1.264	0.723	AT1G45249	19.12	21.0	1.88	0.34	0.538
path	3	0.536	0.628	3.069	1.572	AT2G06200	5.63	6.0	0.37	0.25	0.538
path	3	0.536	0.628	1.264	0.723	AT4G18170	35.59	38.0	2.41	0.24	0.541
path	3	0.536	0.628	3.069	1.572	AT3G20770	3.44	4.0	0.56	0.26	0.542
path	3	0.536	0.628	3.069	1.572	AT5G03150	3.7	4.0	0.3	0.26	0.542
path	3	0.536	0.628	1.264	0.723	AT5G52830	30.71	33.0	2.29	0.22	0.546
path	3	0.536	0.628	1.264	0.723	AT1G04880	3.21	4.0	0.79	0.44	0.554
path	3	0.536	0.628	1.264	0.723	AT3G26790	3.36	4.0	0.64	0.44	0.554
path	3	0.536	0.628	1.264	0.723	AT5G47230	3.45	4.0	0.55	0.44	0.554
path	3	0.536	0.628	3.069	1.572	AT1G21910	1.87	2.0	0.13	0.28	0.554
path	3	0.536	0.628	3.069	1.572	AT1G69690	1.78	2.0	0.22	0.28	0.554
path	3	0.536	0.628	3.069	1.572	AT1G75080	1.8	2.0	0.2	0.28	0.554
path	3	0.536	0.628	3.069	1.572	AT3G01470	1.8	2.0	0.2	0.28	0.554
path	3	0.536	0.628	3.069	1.572	AT3G30210	1.73	2.0	0.27	0.28	0.554
path	3	0.536	0.628	1.264	0.723	AT2G01940	21.17	23.0	1.83	0.2	0.558
path	3	0.536	0.628	1.264	0.723	AT2G02070	21.49	23.0	1.51	0.2	0.558
path	3	0.536	0.628	3.069	1.572	AT3G60490	8.33	9.0	0.67	0.09	0.559
path	3	0.536	0.628	1.264	0.723	AT2G35530	31.75	35.0	3.25	0.09	0.563
path	3	0.536	0.628	1.264	0.723	AT4G16750	32.23	35.0	2.77	0.09	0.563
path	3	0.536	0.628	3.069	1.572	AT1G08010	6.45	7.0	0.55	0.1	0.563
path	3	0.536	0.628	1.264	0.723	AT3G10113	16.32	18.0	1.68	0.19	0.568
path	3	0.536	0.628	1.264	0.723	AT5G04390	16.87	18.0	1.13	0.19	0.568
path	3	0.536	0.628	1.264	0.723	AT5G11260	27.08	30.0	2.92	0.07	0.569
path	3	0.536	0.628	1.264	0.723	AT5G62380	28.23	30.0	1.77	0.07	0.569
path	3	0.536	0.628	3.069	1.572	AT1G70920	4.48	5.0	0.52	0.11	0.57
path	3	0.536	0.628	3.069	1.572	AT3G10030	4.53	5.0	0.47	0.11	0.57
path	3	0.536	0.628	3.069	1.572	AT2G35530	12.69	14.0	1.31	-0.09	0.573
path	3	0.536	0.628	3.069	1.572	AT4G16750	12.88	14.0	1.12	-0.09	0.573
path	3	0.536	0.628	3.069	1.572	AT5G11260	10.82	12.0	1.18	-0.07	0.575
path	3	0.536	0.628	3.069	1.572	AT5G62380	11.28	12.0	0.72	-0.07	0.575
path	3	0.536	0.628	1.264	0.723	AT2G46680	11.64	13.0	1.36	0.17	0.582
path	3	0.536	0.628	1.264	0.723	AT5G18560	11.59	13.0	1.41	0.17	0.582
path	3	0.536	0.628	1.264	0.723	AT5G62000	11.71	13.0	1.29	0.17	0.582
path	3	0.536	0.628	3.069	1.572	AT5G58900	7.19	8.0	0.81	-0.05	0.585
path	3	0.536	0.628	3.069	1.572	AT1G14580	2.75	3.0	0.25	0.13	0.586
path	3	0.536	0.628	3.069	1.572	AT2G41690	2.81	3.0	0.19	0.13	0.586
path	3	0.536	0.628	3.069	1.572	AT3G23220	2.67	3.0	0.33	0.13	0.586
path	3	0.536	0.628	1.264	0.723	AT5G58900	17.99	20.0	2.01	0.05	0.588
path	3	0.536	0.628	3.069	1.572	AT4G18170	14.03	15.0	0.97	-0.24	0.59
path	3	0.536	0.628	3.069	1.572	AT5G52830	12.08	13.0	0.92	-0.22	0.594
path	3	0.536	0.628	1.264	0.723	AT5G66940	31.77	34.0	2.23	-0.2	0.602
path	3	0.536	0.628	1.264	0.723	AT5G13080	43.17	46.0	2.83	-0.31	0.603
path	3	0.536	0.628	3.069	1.572	AT2G01940	8.26	9.0	0.74	-0.2	0.604
path	3	0.536	0.628	3.069	1.572	AT2G02070	8.39	9.0	0.61	-0.2	0.604
path	3	0.536	0.628	1.264	0.723	AT3G60490	20.33	22.0	1.67	-0.09	0.606
path	3	0.536	0.628	1.264	0.723	AT5G62470	7.21	8.0	0.79	0.16	0.607
path	3	0.536	0.628	1.264	0.723	AT2G40740	38.46	41.0	2.54	-0.33	0.609
path	3	0.536	0.628	3.069	1.572	AT1G19040	3.86	4.0	0.14	-0.02	0.609
path	3	0.536	0.628	3.069	1.572	AT3G46590	3.83	4.0	0.17	-0.02	0.609
path	3	0.536	0.628	3.069	1.572	AT5G07100	3.75	4.0	0.25	-0.02	0.609
path	3	0.536	0.628	3.069	1.572	AT3G28920	13.04	14.0	0.96	-0.37	0.61
path	3	0.536	0.628	3.069	1.572	AT3G10113	6.32	7.0	0.68	-0.19	0.614
path	3	0.536	0.628	3.069	1.572	AT5G04390	6.54	7.0	0.46	-0.19	0.614
path	3	0.536	0.628	3.069	1.572	AT2G02080	11.14	12.0	0.86	-0.36	0.615
path	3	0.536	0.628	3.069	1.572	AT2G18060	11.27	12.0	0.73	-0.36	0.615
path	3	0.536	0.628	3.069	1.572	AT4G25470	11.1	12.0	0.9	-0.36	0.615
path	3	0.536	0.628	1.264	0.723	AT1G32150	32.81	36.0	3.19	-0.34	0.617
path	3	0.536	0.628	1.264	0.723	AT4G01550	34.31	36.0	1.69	-0.34	0.617
path	3	0.536	0.628	1.264	0.723	AT1G08010	15.63	17.0	1.37	-0.1	0.621
path	3	0.536	0.628	1.264	0.723	AT4G37180	22.07	24.0	1.93	-0.23	0.622
path	3	0.536	0.628	1.264	0.723	AT5G54230	21.96	24.0	2.04	-0.23	0.622
path	3	0.536	0.628	3.069	1.572	AT5G06950	9.13	10.0	0.87	-0.35	0.622
path	3	0.536	0.628	3.069	1.572	AT5G26170	15.9	17.0	1.1	-0.54	0.622
path	3	0.536	0.628	1.264	0.723	AT1G19040	9.65	10.0	0.35	0.02	0.626
path	3	0.536	0.628	1.264	0.723	AT3G46590	9.58	10.0	0.42	0.02	0.626
path	3	0.536	0.628	1.264	0.723	AT5G07100	9.37	10.0	0.63	0.02	0.626
path	3	0.536	0.628	3.069	1.572	AT2G46680	4.45	5.0	0.55	-0.17	0.629
path	3	0.536	0.628	3.069	1.572	AT5G18560	4.43	5.0	0.57	-0.17	0.629
path	3	0.536	0.628	3.069	1.572	AT5G62000	4.48	5.0	0.52	-0.17	0.629
path	3	0.536	0.628	3.069	1.572	AT1G69570	12.06	13.0	0.94	-0.51	0.631
path	3	0.536	0.628	3.069	1.572	AT4G25490	11.98	13.0	1.02	-0.51	0.631
path	3	0.536	0.628	3.069	1.572	AT1G45249	7.24	8.0	0.76	-0.34	0.632
path	3	0.536	0.628	1.264	0.723	AT3G16280	24.25	26.0	1.75	-0.36	0.637
path	3	0.536	0.628	3.069	1.572	AT1G19000	9.99	11.0	1.01	-0.5	0.638
path	3	0.536	0.628	3.069	1.572	AT1G13300	0.9	1.0	0.1	0.14	0.64
path	3	0.536	0.628	3.069	1.572	AT3G03660	0.96	1.0	0.04	0.14	0.64
path	3	0.536	0.628	3.069	1.572	AT4G24020	0.9	1.0	0.1	0.14	0.64
path	3	0.536	0.628	3.069	1.572	AT5G13910	0.87	1.0	0.13	0.14	0.64
path	3	0.536	0.628	3.069	1.572	AT5G40330	0.97	1.0	0.03	0.14	0.64
path	3	0.536	0.628	3.069	1.572	AT3G18400	15.08	16.0	0.92	-0.67	0.641
path	3	0.536	0.628	1.264	0.723	AT1G70920	10.7	12.0	1.3	-0.11	0.643
path	3	0.536	0.628	1.264	0.723	AT3G10030	10.84	12.0	1.16	-0.11	0.643
path	3	0.536	0.628	3.069	1.572	AT1G22070	1.87	2.0	0.13	-0.01	0.646
path	3	0.536	0.628	3.069	1.572	AT3G23210	1.81	2.0	0.19	-0.01	0.646
path	3	0.536	0.628	3.069	1.572	AT5G08130	1.83	2.0	0.17	-0.01	0.646
path	3	0.536	0.628	3.069	1.572	AT1G30650	13.01	14.0	0.99	-0.66	0.647
path	3	0.536	0.628	3.069	1.572	AT2G02820	12.75	14.0	1.25	-0.66	0.647
path	3	0.536	0.628	3.069	1.572	AT4G25480	12.92	14.0	1.08	-0.66	0.647
path	3	0.536	0.628	3.069	1.572	AT1G14687	8.21	9.0	0.79	-0.49	0.648
path	3	0.536	0.628	3.069	1.572	AT1G20910	8.45	9.0	0.55	-0.49	0.648
path	3	0.536	0.628	3.069	1.572	AT2G40260	8.29	9.0	0.71	-0.49	0.648
path	3	0.536	0.628	3.069	1.572	AT3G04030	8.14	9.0	0.86	-0.49	0.648
path	3	0.536	0.628	3.069	1.572	AT5G06100	8.17	9.0	0.83	-0.49	0.648
path	3	0.536	0.628	1.264	0.723	AT1G76890	25.87	28.0	2.13	-0.5	0.652
path	3	0.536	0.628	3.069	1.572	AT2G01930	11.16	12.0	0.84	-0.65	0.654
path	3	0.536	0.628	3.069	1.572	AT4G17980	11.15	12.0	0.85	-0.65	0.654
path	3	0.536	0.628	1.264	0.723	AT2G23320	39.31	42.0	2.69	-0.75	0.658
path	3	0.536	0.628	3.069	1.572	AT5G62470	2.68	3.0	0.32	-0.16	0.658
path	3	0.536	0.628	1.264	0.723	AT2G06200	13.08	14.0	0.92	-0.25	0.659
path	3	0.536	0.628	3.069	1.572	AT5G47390	6.12	7.0	0.88	-0.47	0.661
path	3	0.536	0.628	3.069	1.572	AT1G78700	8.97	10.0	1.03	-0.64	0.663
path	3	0.536	0.628	3.069	1.572	AT5G24110	9.3	10.0	0.7	-0.64	0.663
path	3	0.536	0.628	1.264	0.723	AT2G18380	21.15	23.0	1.85	-0.51	0.666
path	3	0.536	0.628	1.264	0.723	AT5G46350	21.55	23.0	1.45	-0.51	0.666
path	3	0.536	0.628	1.264	0.723	AT5G67580	21.61	23.0	1.39	-0.51	0.666
path	3	0.536	0.628	1.264	0.723	AT1G52150	14.67	16.0	1.33	-0.39	0.673
path	3	0.536	0.628	1.264	0.723	AT5G62320	14.58	16.0	1.42	-0.39	0.673
path	3	0.536	0.628	1.264	0.723	AT1G51600	2.85	3.0	0.15	0.15	0.674
path	3	0.536	0.628	1.264	0.723	AT1G69560	2.58	3.0	0.42	0.15	0.674
path	3	0.536	0.628	1.264	0.723	AT2G21900	2.82	3.0	0.18	0.15	0.674
path	3	0.536	0.628	1.264	0.723	AT2G38300	2.7	3.0	0.3	0.15	0.674
path	3	0.536	0.628	1.264	0.723	AT3G57230	2.76	3.0	0.24	0.15	0.674
path	3	0.536	0.628	1.264	0.723	AT4G38620	2.8	3.0	0.2	0.15	0.674
path	3	0.536	0.628	1.264	0.723	AT5G44160	2.64	3.0	0.36	0.15	0.674
path	3	0.536	0.628	1.264	0.723	AT5G50570	2.54	3.0	0.46	0.15	0.674
path	3	0.536	0.628	1.264	0.723	AT5G52170	2.86	3.0	0.14	0.15	0.674
path	3	0.536	0.628	1.264	0.723	AT5G67450	2.63	3.0	0.37	0.15	0.674
path	3	0.536	0.628	3.069	1.572	AT1G25340	7.41	8.0	0.59	-0.62	0.675
path	3	0.536	0.628	3.069	1.572	AT1G49010	7.05	8.0	0.95	-0.62	0.675
path	3	0.536	0.628	3.069	1.572	AT5G47370	7.14	8.0	0.86	-0.62	0.675
path	3	0.536	0.628	1.264	0.723	AT1G22070	4.67	5.0	0.33	0.01	0.676
path	3	0.536	0.628	1.264	0.723	AT3G23210	4.54	5.0	0.46	0.01	0.676
path	3	0.536	0.628	1.264	0.723	AT5G08130	4.57	5.0	0.43	0.01	0.676
path	3	0.536	0.628	3.069	1.572	AT1G65910	10.27	11.0	0.73	-0.79	0.677
path	3	0.536	0.628	3.069	1.572	AT3G02940	10.13	11.0	0.87	-0.79	0.677
path	3	0.536	0.628	1.264	0.723	AT2G24430	29.76	32.0	2.24	-0.78	0.678
path	3	0.536	0.628	1.264	0.723	AT1G33240	22.92	25.0	2.08	-0.65	0.679
path	3	0.536	0.628	3.069	1.572	AT5G15830	12.73	14.0	1.27	-0.95	0.681
path	3	0.536	0.628	1.264	0.723	AT4G31800	42.99	46.0	3.01	-1.03	0.683
path	3	0.536	0.628	3.069	1.572	AT5G44210	4.5	5.0	0.5	-0.46	0.683
path	3	0.536	0.628	1.264	0.723	AT1G14580	6.37	7.0	0.63	-0.13	0.684
path	3	0.536	0.628	1.264	0.723	AT2G41690	6.52	7.0	0.48	-0.13	0.684
path	3	0.536	0.628	1.264	0.723	AT3G23220	6.19	7.0	0.81	-0.13	0.684
path	3	0.536	0.628	1.264	0.723	AT1G47655	16.38	18.0	1.62	-0.53	0.686
path	3	0.536	0.628	1.264	0.723	AT3G50060	15.9	18.0	2.1	-0.53	0.686
path	3	0.536	0.628	3.069	1.572	AT1G34670	8.25	9.0	0.75	-0.77	0.689
path	3	0.536	0.628	3.069	1.572	AT2G42430	8.22	9.0	0.78	-0.77	0.689
path	3	0.536	0.628	3.069	1.572	AT3G22830	8.36	9.0	0.64	-0.77	0.689
path	3	0.536	0.628	1.264	0.723	AT5G60850	31.57	34.0	2.43	-0.91	0.69
path	3	0.536	0.628	1.264	0.723	AT3G20770	7.62	9.0	1.38	-0.26	0.694
path	3	0.536	0.628	1.264	0.723	AT5G03150	8.25	9.0	0.75	-0.26	0.694
path	3	0.536	0.628	1.264	0.723	AT5G41570	45.2	48.0	2.8	-1.17	0.694
path	3	0.536	0.628	1.264	0.723	AT1G72740	18.62	20.0	1.38	-0.66	0.698
path	3	0.536	0.628	3.069	1.572	AT1G49560	9.24	10.0	0.76	-0.92	0.701
path	3	0.536	0.628	3.069	1.572	AT3G03200	9.26	10.0	0.74	-0.92	0.701
path	3	0.536	0.628	1.264	0.723	AT4G23550	33.63	36.0	2.37	-1.05	0.702
path	3	0.536	0.628	3.069	1.572	AT2G43000	11.9	13.0	1.1	-1.09	0.702
path	3	0.536	0.628	1.264	0.723	AT1G54330	27.26	29.0	1.74	-0.93	0.704
path	3	0.536	0.628	3.069	1.572	AT2G46130	6.64	7.0	0.36	-0.76	0.705
path	3	0.536	0.628	3.069	1.572	AT3G42860	6.5	7.0	0.5	-0.76	0.705
path	3	0.536	0.628	3.069	1.572	AT4G00250	6.26	7.0	0.74	-0.76	0.705
path	3	0.536	0.628	1.264	0.723	AT3G01530	20.09	22.0	1.91	-0.8	0.709
path	3	0.536	0.628	3.069	1.572	AT2G45410	10.13	11.0	0.87	-1.07	0.712
path	3	0.536	0.628	1.264	0.723	AT1G32510	0.95	1.0	0.05	0.29	0.713
path	3	0.536	0.628	1.264	0.723	AT1G47870	0.99	1.0	0.01	0.29	0.713
path	3	0.536	0.628	1.264	0.723	AT1G60920	0.98	1.0	0.02	0.29	0.713
path	3	0.536	0.628	1.264	0.723	AT1G73730	0.83	1.0	0.17	0.29	0.713
path	3	0.536	0.628	1.264	0.723	AT3G09230	0.94	1.0	0.06	0.29	0.713
path	3	0.536	0.628	1.264	0.723	AT3G46070	0.93	1.0	0.07	0.29	0.713
path	3	0.536	0.628	1.264	0.723	AT3G49930	0.98	1.0	0.02	0.29	0.713
path	3	0.536	0.628	1.264	0.723	AT4G17460	0.9	1.0	0.1	0.29	0.713
path	3	0.536	0.628	1.264	0.723	AT4G24240	0.96	1.0	0.04	0.29	0.713
path	3	0.536	0.628	1.264	0.723	AT4G28110	0.92	1.0	0.08	0.29	0.713
path	3	0.536	0.628	1.264	0.723	AT4G37790	0.95	1.0	0.05	0.29	0.713
path	3	0.536	0.628	1.264	0.723	AT4G38910	0.93	1.0	0.07	0.29	0.713
path	3	0.536	0.628	1.264	0.723	AT5G08070	0.93	1.0	0.07	0.29	0.713
path	3	0.536	0.628	1.264	0.723	AT5G38860	0.94	1.0	0.06	0.29	0.713
path	3	0.536	0.628	1.264	0.723	AT5G67300	0.81	1.0	0.19	0.29	0.713
path	3	0.536	0.628	1.264	0.723	AT1G06180	12.06	13.0	0.94	-0.54	0.714
path	3	0.536	0.628	1.264	0.723	AT2G32460	11.3	13.0	1.7	-0.54	0.714
path	3	0.536	0.628	1.264	0.723	AT5G62940	29.05	31.0	1.95	-1.06	0.715
path	3	0.536	0.628	1.264	0.723	AT1G74650	22.02	24.0	1.98	-0.94	0.72
path	3	0.536	0.628	1.264	0.723	AT5G56110	21.53	24.0	2.47	-0.94	0.72
path	3	0.536	0.628	3.069	1.572	AT1G44830	2.67	3.0	0.33	-0.45	0.721
path	3	0.536	0.628	3.069	1.572	AT1G76110	2.66	3.0	0.34	-0.45	0.721
path	3	0.536	0.628	1.264	0.723	AT5G53950	14.05	15.0	0.95	-0.68	0.723
path	3	0.536	0.628	3.069	1.572	AT2G01818	3.75	4.0	0.25	-0.6	0.725
path	3	0.536	0.628	3.069	1.572	AT1G69010	7.97	9.0	1.03	-1.06	0.726
path	3	0.536	0.628	3.069	1.572	AT1G74480	8.26	9.0	0.74	-1.06	0.726
path	3	0.536	0.628	1.264	0.723	AT2G30250	50.99	54.0	3.01	-1.58	0.727
path	3	0.536	0.628	1.264	0.723	AT4G18770	23.79	26.0	2.21	-1.08	0.73
path	3	0.536	0.628	1.264	0.723	AT5G66730	24.33	26.0	1.67	-1.08	0.73
path	3	0.536	0.628	3.069	1.572	AT1G25550	4.51	5.0	0.49	-0.75	0.731
path	3	0.536	0.628	3.069	1.572	AT1G74840	4.19	5.0	0.81	-0.75	0.731
path	3	0.536	0.628	3.069	1.572	AT2G01060	4.46	5.0	0.54	-0.75	0.731
path	3	0.536	0.628	3.069	1.572	AT3G13810	4.44	5.0	0.56	-0.75	0.731
path	3	0.536	0.628	1.264	0.723	AT4G01680	15.43	17.0	1.57	-0.81	0.733
path	3	0.536	0.628	3.069	1.572	AT4G38170	12.05	13.0	0.95	-1.37	0.734
path	3	0.536	0.628	3.069	1.572	AT5G51990	12.01	13.0	0.99	-1.37	0.734
path	3	0.536	0.628	3.069	1.572	AT1G29280	14.92	16.0	1.08	-1.54	0.735
path	3	0.536	0.628	3.069	1.572	AT3G17730	9.26	10.0	0.74	-1.21	0.736
path	3	0.536	0.628	3.069	1.572	AT5G66700	9.0	10.0	1.0	-1.21	0.736
path	3	0.536	0.628	3.069	1.572	AT5G05550	17.57	19.0	1.43	-1.7	0.739
path	3	0.536	0.628	3.069	1.572	AT1G51600	0.94	1.0	0.06	-0.15	0.744
path	3	0.536	0.628	3.069	1.572	AT1G69560	0.83	1.0	0.17	-0.15	0.744
path	3	0.536	0.628	3.069	1.572	AT2G21900	0.93	1.0	0.07	-0.15	0.744
path	3	0.536	0.628	3.069	1.572	AT2G38300	0.88	1.0	0.12	-0.15	0.744
path	3	0.536	0.628	3.069	1.572	AT3G57230	0.9	1.0	0.1	-0.15	0.744
path	3	0.536	0.628	3.069	1.572	AT4G38620	0.92	1.0	0.08	-0.15	0.744
path	3	0.536	0.628	3.069	1.572	AT5G44160	0.86	1.0	0.14	-0.15	0.744
path	3	0.536	0.628	3.069	1.572	AT5G50570	0.81	1.0	0.19	-0.15	0.744
path	3	0.536	0.628	3.069	1.572	AT5G52170	0.94	1.0	0.06	-0.15	0.744
path	3	0.536	0.628	3.069	1.572	AT5G67450	0.85	1.0	0.15	-0.15	0.744
path	3	0.536	0.628	3.069	1.572	AT2G04038	9.84	11.0	1.16	-1.36	0.746
path	3	0.536	0.628	3.069	1.572	AT4G01250	10.2	11.0	0.8	-1.36	0.746
path	3	0.536	0.628	3.069	1.572	AT5G03790	6.19	7.0	0.81	-1.05	0.746
path	3	0.536	0.628	3.069	1.572	AT5G45300	6.4	7.0	0.6	-1.05	0.746
path	3	0.536	0.628	1.264	0.723	AT3G12720	19.39	21.0	1.61	-1.09	0.75
path	3	0.536	0.628	1.264	0.723	AT5G09410	18.86	21.0	2.14	-1.09	0.75
path	3	0.536	0.628	1.264	0.723	AT2G38470	43.38	46.0	2.62	-1.74	0.753
path	3	0.536	0.628	1.264	0.723	AT1G34190	21.05	23.0	1.95	-1.23	0.759
path	3	0.536	0.628	1.264	0.723	AT2G46590	29.63	32.0	2.37	-1.49	0.759
path	3	0.536	0.628	1.264	0.723	AT5G46590	7.38	8.0	0.62	-0.55	0.759
path	3	0.536	0.628	1.264	0.723	AT5G65210	29.68	32.0	2.32	-1.49	0.759
path	3	0.536	0.628	1.264	0.723	AT2G15660	5.65	6.0	0.35	-0.41	0.76
path	3	0.536	0.628	1.264	0.723	AT3G60530	5.4	6.0	0.6	-0.41	0.76
path	3	0.536	0.628	3.069	1.572	AT2G28810	12.09	13.0	0.91	-1.66	0.764
path	3	0.536	0.628	1.264	0.723	AT2G26960	10.68	12.0	1.32	-0.83	0.766
path	3	0.536	0.628	1.264	0.723	AT3G60580	11.04	12.0	0.96	-0.83	0.766
path	3	0.536	0.628	1.264	0.723	AT5G25830	10.69	12.0	1.31	-0.83	0.766
path	3	0.536	0.628	1.264	0.723	AT1G62300	31.87	34.0	2.13	-1.63	0.767
path	3	0.536	0.628	1.264	0.723	AT2G22540	31.7	34.0	2.3	-1.63	0.767
path	3	0.536	0.628	1.264	0.723	AT1G21910	3.68	4.0	0.32	-0.28	0.769
path	3	0.536	0.628	1.264	0.723	AT1G69690	3.45	4.0	0.55	-0.28	0.769
path	3	0.536	0.628	1.264	0.723	AT1G75080	3.5	4.0	0.5	-0.28	0.769
path	3	0.536	0.628	1.264	0.723	AT3G01470	3.5	4.0	0.5	-0.28	0.769
path	3	0.536	0.628	1.264	0.723	AT3G30210	3.32	4.0	0.68	-0.28	0.769
path	3	0.536	0.628	3.069	1.572	AT1G01720	13.07	14.0	0.93	-1.81	0.773
path	3	0.536	0.628	3.069	1.572	AT2G36270	12.69	14.0	1.31	-1.81	0.773
path	3	0.536	0.628	3.069	1.572	AT3G62420	12.67	14.0	1.33	-1.81	0.773
path	3	0.536	0.628	1.264	0.723	AT3G47500	25.0	27.0	2.0	-1.5	0.775
path	3	0.536	0.628	1.264	0.723	AT5G17300	24.63	27.0	2.37	-1.5	0.775
path	3	0.536	0.628	1.264	0.723	AT3G01970	33.58	36.0	2.42	-1.76	0.776
path	3	0.536	0.628	1.264	0.723	AT1G03840	14.63	16.0	1.37	-1.1	0.777
path	3	0.536	0.628	3.069	1.572	AT1G51220	5.46	6.0	0.54	-1.19	0.777
path	3	0.536	0.628	3.069	1.572	AT3G12730	5.31	6.0	0.69	-1.19	0.777
path	3	0.536	0.628	3.069	1.572	AT3G26620	5.49	6.0	0.51	-1.19	0.777
path	3	0.536	0.628	3.069	1.572	AT5G18270	10.17	11.0	0.83	-1.65	0.777
path	3	0.536	0.628	3.069	1.572	AT1G01060	6.15	7.0	0.85	-1.34	0.782
path	3	0.536	0.628	3.069	1.572	AT5G06960	6.47	7.0	0.53	-1.34	0.782
path	3	0.536	0.628	1.264	0.723	AT5G22990	35.12	38.0	2.88	-1.9	0.784
path	3	0.536	0.628	3.069	1.572	AT1G68670	1.67	2.0	0.33	-0.59	0.785
path	3	0.536	0.628	3.069	1.572	AT3G06490	1.66	2.0	0.34	-0.59	0.785
path	3	0.536	0.628	3.069	1.572	AT5G08520	6.95	8.0	1.05	-1.49	0.787
path	3	0.536	0.628	1.264	0.723	AT1G55110	18.34	20.0	1.66	-1.38	0.789
path	3	0.536	0.628	1.264	0.723	AT1G68320	18.39	20.0	1.61	-1.38	0.789
path	3	0.536	0.628	1.264	0.723	AT3G53200	18.18	20.0	1.82	-1.38	0.789
path	3	0.536	0.628	1.264	0.723	AT1G79580	28.87	31.0	2.13	-1.78	0.79
path	3	0.536	0.628	3.069	1.572	AT3G09735	8.34	9.0	0.66	-1.64	0.793
path	3	0.536	0.628	1.264	0.723	AT5G47660	20.44	22.0	1.56	-1.51	0.795
path	3	0.536	0.628	3.069	1.572	AT1G76420	13.17	14.0	0.83	-2.1	0.799
path	3	0.536	0.628	3.069	1.572	AT4G36160	12.93	14.0	1.07	-2.1	0.799
path	3	0.536	0.628	3.069	1.572	AT5G65410	9.11	10.0	0.89	-1.79	0.799
path	3	0.536	0.628	1.264	0.723	AT1G13300	1.75	2.0	0.25	-0.14	0.8
path	3	0.536	0.628	1.264	0.723	AT3G03660	1.9	2.0	0.1	-0.14	0.8
path	3	0.536	0.628	1.264	0.723	AT4G24020	1.76	2.0	0.24	-0.14	0.8
path	3	0.536	0.628	1.264	0.723	AT5G13910	1.67	2.0	0.33	-0.14	0.8
path	3	0.536	0.628	1.264	0.723	AT5G40330	1.92	2.0	0.08	-0.14	0.8
path	3	0.536	0.628	1.264	0.723	AT3G50410	22.37	24.0	1.63	-1.65	0.801
path	3	0.536	0.628	1.264	0.723	AT5G45580	23.65	26.0	2.35	-1.79	0.807
path	3	0.536	0.628	3.069	1.572	AT1G27730	4.52	5.0	0.48	-1.32	0.811
path	3	0.536	0.628	3.069	1.572	AT2G03500	4.33	5.0	0.67	-1.32	0.811
path	3	0.536	0.628	3.069	1.572	AT3G49530	11.35	12.0	0.65	-2.09	0.811
path	3	0.536	0.628	3.069	1.572	AT2G47070	5.3	6.0	0.7	-1.47	0.812
path	3	0.536	0.628	3.069	1.572	AT4G32800	3.65	4.0	0.35	-1.17	0.813
path	3	0.536	0.628	3.069	1.572	AT5G65510	3.65	4.0	0.35	-1.17	0.813
path	3	0.536	0.628	1.264	0.723	AT4G31550	10.31	11.0	0.69	-1.11	0.815
path	3	0.536	0.628	1.264	0.723	AT1G30490	11.55	13.0	1.45	-1.25	0.816
path	3	0.536	0.628	1.264	0.723	AT1G79180	8.09	9.0	0.91	-0.98	0.816
path	3	0.536	0.628	1.264	0.723	AT1G02250	37.33	39.0	1.67	-2.33	0.818
path	3	0.536	0.628	1.264	0.723	AT1G06850	13.54	15.0	1.46	-1.39	0.818
path	3	0.536	0.628	1.264	0.723	AT5G58850	27.23	30.0	2.77	-2.06	0.819
path	3	0.536	0.628	3.069	1.572	AT1G04880	0.68	1.0	0.32	-0.44	0.819
path	3	0.536	0.628	3.069	1.572	AT1G20980	2.57	3.0	0.43	-1.02	0.819
path	3	0.536	0.628	3.069	1.572	AT3G26790	0.74	1.0	0.26	-0.44	0.819
path	3	0.536	0.628	3.069	1.572	AT3G58630	2.74	3.0	0.26	-1.02	0.819
path	3	0.536	0.628	3.069	1.572	AT5G02840	2.62	3.0	0.38	-1.02	0.819
path	3	0.536	0.628	3.069	1.572	AT5G47230	0.78	1.0	0.22	-0.44	0.819
path	3	0.536	0.628	3.069	1.572	AT5G63090	2.64	3.0	0.36	-1.02	0.819
path	3	0.536	0.628	1.264	0.723	AT2G30590	6.54	7.0	0.46	-0.84	0.82
path	3	0.536	0.628	1.264	0.723	AT3G21175	6.24	7.0	0.76	-0.84	0.82
path	3	0.536	0.628	1.264	0.723	AT5G13790	6.32	7.0	0.68	-0.84	0.82
path	3	0.536	0.628	3.069	1.572	AT2G44940	8.27	9.0	0.73	-1.92	0.821
path	3	0.536	0.628	1.264	0.723	AT5G10280	4.55	5.0	0.45	-0.7	0.831
path	3	0.536	0.628	3.069	1.572	AT1G19210	10.77	12.0	1.23	-2.37	0.835
path	3	0.536	0.628	3.069	1.572	AT2G18160	10.83	12.0	1.17	-2.37	0.835
path	3	0.536	0.628	1.264	0.723	AT3G12250	35.18	38.0	2.82	-2.61	0.842
path	3	0.536	0.628	3.069	1.572	AT1G31140	5.38	6.0	0.62	-1.76	0.842
path	3	0.536	0.628	3.069	1.572	AT1G69180	4.32	5.0	0.68	-1.61	0.844
path	3	0.536	0.628	3.069	1.572	AT1G69780	4.35	5.0	0.65	-1.61	0.844
path	3	0.536	0.628	3.069	1.572	AT3G50260	12.73	14.0	1.27	-2.67	0.845
path	3	0.536	0.628	3.069	1.572	AT4G10350	8.3	9.0	0.7	-2.21	0.847
path	3	0.536	0.628	3.069	1.572	AT5G16820	8.26	9.0	0.74	-2.21	0.847
path	3	0.536	0.628	3.069	1.572	AT1G28160	8.99	10.0	1.01	-2.36	0.85
path	3	0.536	0.628	1.264	0.723	AT1G75240	28.74	31.0	2.26	-2.49	0.851
path	3	0.536	0.628	3.069	1.572	AT5G13180	10.21	11.0	0.79	-2.51	0.853
path	3	0.536	0.628	3.069	1.572	AT5G39610	10.26	11.0	0.74	-2.51	0.853
path	3	0.536	0.628	1.264	0.723	AT1G66370	2.57	3.0	0.43	-0.56	0.855
path	3	0.536	0.628	1.264	0.723	AT1G77640	2.62	3.0	0.38	-0.56	0.855
path	3	0.536	0.628	1.264	0.723	AT2G24570	2.76	3.0	0.24	-0.56	0.855
path	3	0.536	0.628	1.264	0.723	AT2G45650	2.74	3.0	0.26	-0.56	0.855
path	3	0.536	0.628	1.264	0.723	AT3G20840	2.81	3.0	0.19	-0.56	0.855
path	3	0.536	0.628	1.264	0.723	AT3G27010	2.5	3.0	0.5	-0.56	0.855
path	3	0.536	0.628	1.264	0.723	AT4G17785	2.58	3.0	0.42	-0.56	0.855
path	3	0.536	0.628	1.264	0.723	AT2G23290	13.87	16.0	2.13	-1.81	0.856
path	3	0.536	0.628	3.069	1.572	AT3G24050	2.66	3.0	0.34	-1.31	0.856
path	3	0.536	0.628	3.069	1.572	AT4G31060	10.99	12.0	1.01	-2.66	0.857
path	3	0.536	0.628	1.264	0.723	AT3G25990	9.27	10.0	0.73	-1.4	0.859
path	3	0.536	0.628	1.264	0.723	AT4G34590	9.06	10.0	0.94	-1.4	0.859
path	3	0.536	0.628	3.069	1.572	AT3G09600	6.12	7.0	0.88	-2.2	0.868
path	3	0.536	0.628	3.069	1.572	AT4G01280	6.14	7.0	0.86	-2.2	0.868
path	3	0.536	0.628	3.069	1.572	AT4G36780	6.96	8.0	1.04	-2.35	0.868
path	3	0.536	0.628	3.069	1.572	AT4G36740	5.24	6.0	0.76	-2.05	0.869
path	3	0.536	0.628	3.069	1.572	AT3G24520	8.2	9.0	0.8	-2.5	0.87
path	3	0.536	0.628	1.264	0.723	AT4G01540	54.23	57.0	2.77	-3.57	0.871
path	3	0.536	0.628	3.069	1.572	AT1G01250	0.88	1.0	0.12	-0.72	0.872
path	3	0.536	0.628	3.069	1.572	AT2G17410	0.89	1.0	0.11	-0.72	0.872
path	3	0.536	0.628	3.069	1.572	AT2G17950	0.85	1.0	0.15	-0.72	0.872
path	3	0.536	0.628	3.069	1.572	AT2G18350	9.21	10.0	0.79	-2.65	0.872
path	3	0.536	0.628	3.069	1.572	AT3G15170	4.58	5.0	0.42	-1.9	0.872
path	3	0.536	0.628	3.069	1.572	AT4G04450	0.89	1.0	0.11	-0.72	0.872
path	3	0.536	0.628	3.069	1.572	AT4G18890	0.81	1.0	0.19	-0.72	0.872
path	3	0.536	0.628	3.069	1.572	AT5G07680	0.85	1.0	0.15	-0.72	0.872
path	3	0.536	0.628	3.069	1.572	AT5G22500	0.72	1.0	0.28	-0.72	0.872
path	3	0.536	0.628	3.069	1.572	AT5G59990	0.82	1.0	0.18	-0.72	0.872
path	3	0.536	0.628	1.264	0.723	AT3G10480	28.13	30.0	1.87	-2.78	0.874
path	3	0.536	0.628	1.264	0.723	AT3G28910	5.29	6.0	0.71	-1.13	0.874
path	3	0.536	0.628	1.264	0.723	AT5G43840	5.69	6.0	0.31	-1.13	0.874
path	3	0.536	0.628	3.069	1.572	AT1G12630	10.01	11.0	0.99	-2.8	0.874
path	3	0.536	0.628	3.069	1.572	AT2G28920	1.74	2.0	0.26	-1.16	0.874
path	3	0.536	0.628	3.069	1.572	AT3G61250	1.81	2.0	0.19	-1.16	0.874
path	3	0.536	0.628	3.069	1.572	AT1G19790	3.63	4.0	0.37	-1.75	0.877
path	3	0.536	0.628	1.264	0.723	AT1G16490	15.29	17.0	1.71	-2.24	0.886
path	3	0.536	0.628	1.264	0.723	AT2G03340	15.98	17.0	1.02	-2.24	0.886
path	3	0.536	0.628	1.264	0.723	AT5G17800	13.33	15.0	1.67	-2.1	0.887
path	3	0.536	0.628	1.264	0.723	AT1G29860	35.5	38.0	2.5	-3.33	0.888
path	3	0.536	0.628	1.264	0.723	AT2G20400	11.38	13.0	1.62	-1.96	0.888
path	3	0.536	0.628	1.264	0.723	AT3G11440	18.83	21.0	2.17	-2.51	0.888
path	3	0.536	0.628	1.264	0.723	AT5G02460	35.34	38.0	2.66	-3.33	0.888
path	3	0.536	0.628	3.069	1.572	AT1G68550	7.89	9.0	1.11	-2.79	0.89
path	3	0.536	0.628	3.069	1.572	AT2G46770	8.28	9.0	0.72	-2.79	0.89
path	3	0.536	0.628	1.264	0.723	AT1G51700	23.36	25.0	1.64	-2.79	0.891
path	3	0.536	0.628	3.069	1.572	AT2G23340	9.09	10.0	0.91	-2.94	0.891
path	3	0.536	0.628	3.069	1.572	AT5G67190	9.0	10.0	1.0	-2.94	0.891
path	3	0.536	0.628	1.264	0.723	AT1G43700	3.49	4.0	0.51	-0.99	0.892
path	3	0.536	0.628	1.264	0.723	AT4G01720	3.7	4.0	0.3	-0.99	0.892
path	3	0.536	0.628	1.264	0.723	AT5G61600	3.3	4.0	0.7	-0.99	0.892
path	3	0.536	0.628	3.069	1.572	AT5G65310	5.07	6.0	0.93	-2.34	0.892
path	3	0.536	0.628	1.264	0.723	AT4G22070	25.26	27.0	1.74	-2.93	0.893
path	3	0.536	0.628	1.264	0.723	AT3G15270	26.39	29.0	2.61	-3.06	0.895
path	3	0.536	0.628	3.069	1.572	AT5G56840	3.93	5.0	1.07	-2.19	0.895
path	3	0.536	0.628	1.264	0.723	AT4G05100	8.04	9.0	0.96	-1.69	0.897
path	3	0.536	0.628	3.069	1.572	AT5G18450	3.43	4.0	0.57	-2.04	0.901
path	3	0.536	0.628	3.069	1.572	AT5G66300	3.61	4.0	0.39	-2.04	0.901
path	3	0.536	0.628	1.264	0.723	AT3G52440	32.56	35.0	2.44	-3.48	0.903
path	3	0.536	0.628	3.069	1.572	AT2G33550	1.63	2.0	0.37	-1.45	0.904
path	3	0.536	0.628	3.069	1.572	AT5G47220	1.59	2.0	0.41	-1.45	0.904
path	3	0.536	0.628	3.069	1.572	AT1G26960	9.15	10.0	0.85	-3.22	0.907
path	3	0.536	0.628	1.264	0.723	AT3G55370	36.26	39.0	2.74	-3.75	0.909
path	3	0.536	0.628	3.069	1.572	AT5G08750	0.86	1.0	0.14	-1.01	0.909
path	3	0.536	0.628	1.264	0.723	AT3G27785	16.27	18.0	1.73	-2.66	0.91
path	3	0.536	0.628	1.264	0.723	AT4G26030	16.39	18.0	1.61	-2.66	0.91
path	3	0.536	0.628	3.069	1.572	AT1G77200	10.99	12.0	1.01	-3.52	0.91
path	3	0.536	0.628	1.264	0.723	AT4G37260	13.89	16.0	2.11	-2.53	0.911
path	3	0.536	0.628	3.069	1.572	AT4G11660	5.5	6.0	0.5	-2.62	0.911
path	3	0.536	0.628	3.069	1.572	AT5G61620	4.95	6.0	1.05	-2.62	0.911
path	3	0.536	0.628	3.069	1.572	AT3G01220	2.33	3.0	0.67	-1.89	0.912
path	3	0.536	0.628	1.264	0.723	AT5G29000	12.3	14.0	1.7	-2.39	0.913
path	3	0.536	0.628	3.069	1.572	AT5G60130	4.39	5.0	0.61	-2.47	0.915
path	3	0.536	0.628	1.264	0.723	AT1G46264	0.93	1.0	0.07	-0.43	0.918
path	3	0.536	0.628	1.264	0.723	AT2G45680	0.67	1.0	0.33	-0.43	0.918
path	3	0.536	0.628	1.264	0.723	AT2G46400	0.92	1.0	0.08	-0.43	0.918
path	3	0.536	0.628	1.264	0.723	AT3G02150	0.88	1.0	0.12	-0.43	0.918
path	3	0.536	0.628	1.264	0.723	AT3G22780	0.92	1.0	0.08	-0.43	0.918
path	3	0.536	0.628	1.264	0.723	AT3G30530	0.81	1.0	0.19	-0.43	0.918
path	3	0.536	0.628	1.264	0.723	AT4G18450	0.69	1.0	0.31	-0.43	0.918
path	3	0.536	0.628	1.264	0.723	AT4G27900	0.83	1.0	0.17	-0.43	0.918
path	3	0.536	0.628	1.264	0.723	AT5G42520	0.92	1.0	0.08	-0.43	0.918
path	3	0.536	0.628	1.264	0.723	AT5G49300	0.96	1.0	0.04	-0.43	0.918
path	3	0.536	0.628	1.264	0.723	AT5G56930	0.94	1.0	0.06	-0.43	0.918
path	3	0.536	0.628	1.264	0.723	AT5G67000	0.87	1.0	0.13	-0.43	0.918
path	3	0.536	0.628	1.264	0.723	AT1G80840	4.58	5.0	0.42	-1.41	0.919
path	3	0.536	0.628	1.264	0.723	AT3G12820	4.42	5.0	0.58	-1.41	0.919
path	3	0.536	0.628	1.264	0.723	AT5G39820	4.51	5.0	0.49	-1.41	0.919
path	3	0.536	0.628	3.069	1.572	AT2G35700	9.06	10.0	0.94	-3.51	0.922
path	3	0.536	0.628	3.069	1.572	AT3G04060	9.26	10.0	0.74	-3.51	0.922
path	3	0.536	0.628	3.069	1.572	AT5G23930	6.01	7.0	0.99	-3.06	0.924
path	3	0.536	0.628	3.069	1.572	AT1G06280	12.65	14.0	1.35	-4.11	0.926
path	3	0.536	0.628	1.264	0.723	AT1G10720	1.9	2.0	0.1	-0.85	0.927
path	3	0.536	0.628	1.264	0.723	AT2G33810	1.65	2.0	0.35	-0.85	0.927
path	3	0.536	0.628	1.264	0.723	AT4G24470	1.42	2.0	0.58	-0.85	0.927
path	3	0.536	0.628	3.069	1.572	AT2G44840	5.12	6.0	0.88	-2.91	0.927
path	3	0.536	0.628	1.264	0.723	AT4G26640	21.71	23.0	1.29	-3.36	0.929
path	3	0.536	0.628	1.264	0.723	AT3G12130	17.68	19.0	1.32	-3.09	0.93
path	3	0.536	0.628	1.264	0.723	AT4G32730	25.28	29.0	3.72	-3.78	0.931
path	3	0.536	0.628	3.069	1.572	AT1G12260	8.33	9.0	0.67	-3.65	0.935
path	3	0.536	0.628	3.069	1.572	AT1G52880	8.12	9.0	0.88	-3.65	0.935
path	3	0.536	0.628	3.069	1.572	AT2G33710	7.98	9.0	1.02	-3.65	0.935
path	3	0.536	0.628	3.069	1.572	AT5G25190	9.7	11.0	1.3	-3.95	0.935
path	3	0.536	0.628	1.264	0.723	AT3G10800	11.55	13.0	1.45	-2.68	0.936
path	3	0.536	0.628	3.069	1.572	AT1G71450	11.58	13.0	1.42	-4.25	0.936
path	3	0.536	0.628	3.069	1.572	AT4G28140	0.84	1.0	0.16	-1.3	0.936
path	3	0.536	0.628	3.069	1.572	AT3G11020	3.43	4.0	0.57	-2.61	0.938
path	3	0.536	0.628	1.264	0.723	AT3G02990	2.76	3.0	0.24	-1.28	0.941
path	3	0.536	0.628	1.264	0.723	AT3G45170	2.76	3.0	0.24	-1.28	0.941
path	3	0.536	0.628	1.264	0.723	AT5G10510	2.87	3.0	0.13	-1.28	0.941
path	3	0.536	0.628	1.264	0.723	AT3G24120	25.5	28.0	2.5	-4.06	0.945
path	3	0.536	0.628	3.069	1.572	AT2G22430	4.4	5.0	0.6	-3.05	0.945
path	3	0.536	0.628	1.264	0.723	AT1G28470	55.53	58.0	2.47	-5.42	0.947
path	3	0.536	0.628	3.069	1.572	AT1G13260	2.7	3.0	0.3	-2.46	0.947
path	3	0.536	0.628	3.069	1.572	AT2G38340	7.02	8.0	0.98	-3.79	0.947
path	3	0.536	0.628	3.069	1.572	AT4G27950	2.51	3.0	0.49	-2.46	0.947
path	3	0.536	0.628	1.264	0.723	AT3G11280	6.06	7.0	0.94	-2.26	0.953
path	3	0.536	0.628	1.264	0.723	AT5G05790	5.73	7.0	1.27	-2.26	0.953
path	3	0.536	0.628	3.069	1.572	AT1G34370	0.82	1.0	0.18	-1.59	0.955
path	3	0.536	0.628	3.069	1.572	AT3G04070	0.82	1.0	0.18	-1.59	0.955
path	3	0.536	0.628	3.069	1.572	AT3G56850	8.69	10.0	1.31	-4.37	0.955
path	3	0.536	0.628	1.264	0.723	AT3G21890	27.07	29.0	1.93	-4.49	0.956
path	3	0.536	0.628	3.069	1.572	AT5G52660	4.26	5.0	0.74	-3.34	0.956
path	3	0.536	0.628	1.264	0.723	AT2G15740	19.01	21.0	1.99	-3.94	0.957
path	3	0.536	0.628	1.264	0.723	AT5G14960	9.56	10.0	0.44	-2.83	0.958
path	3	0.536	0.628	3.069	1.572	AT1G75490	2.46	3.0	0.54	-2.75	0.959
path	3	0.536	0.628	3.069	1.572	AT4G00730	6.26	7.0	0.74	-3.92	0.959
path	3	0.536	0.628	3.069	1.572	AT1G72010	1.56	2.0	0.44	-2.31	0.96
path	3	0.536	0.628	3.069	1.572	AT2G02540	5.16	6.0	0.84	-3.77	0.962
path	3	0.536	0.628	3.069	1.572	AT1G69490	8.15	9.0	0.85	-4.51	0.963
path	3	0.536	0.628	3.069	1.572	AT5G64750	8.91	10.0	1.09	-4.66	0.963
path	3	0.536	0.628	1.264	0.723	AT1G75390	4.32	5.0	0.68	-2.13	0.964
path	3	0.536	0.628	3.069	1.572	AT2G45420	7.05	8.0	0.95	-4.36	0.965
path	3	0.536	0.628	3.069	1.572	AT3G61150	4.29	5.0	0.71	-3.62	0.965
path	3	0.536	0.628	1.264	0.723	AT4G38000	31.43	34.0	2.57	-5.19	0.966
path	3	0.536	0.628	1.264	0.723	AT5G10030	31.17	34.0	2.83	-5.19	0.966
path	3	0.536	0.628	1.264	0.723	AT5G63260	23.79	26.0	2.21	-4.64	0.966
path	3	0.536	0.628	1.264	0.723	AT1G71696	17.77	20.0	2.23	-4.23	0.968
path	3	0.536	0.628	1.264	0.723	AT3G08500	9.56	11.0	1.44	-3.25	0.968
path	3	0.536	0.628	3.069	1.572	AT3G50700	0.74	1.0	0.26	-1.87	0.968
path	3	0.536	0.628	3.069	1.572	AT1G03800	8.8	10.0	1.2	-4.95	0.969
path	3	0.536	0.628	3.069	1.572	AT1G18330	2.33	3.0	0.67	-3.04	0.969
path	3	0.536	0.628	1.264	0.723	AT5G64060	42.08	44.0	1.92	-5.88	0.97
path	3	0.536	0.628	3.069	1.572	AT2G31230	3.09	4.0	0.91	-3.47	0.97
path	3	0.536	0.628	3.069	1.572	AT5G08330	1.53	2.0	0.47	-2.6	0.97
path	3	0.536	0.628	1.264	0.723	AT1G24250	5.08	6.0	0.92	-2.55	0.972
path	3	0.536	0.628	1.264	0.723	AT1G08320	30.31	33.0	2.69	-5.48	0.973
path	3	0.536	0.628	1.264	0.723	AT1G64620	24.61	27.0	2.39	-5.06	0.973
path	3	0.536	0.628	1.264	0.723	AT3G06740	12.89	14.0	1.11	-3.81	0.973
path	3	0.536	0.628	1.264	0.723	AT2G20110	20.71	23.0	2.29	-4.79	0.974
path	3	0.536	0.628	1.264	0.723	AT3G18990	21.23	23.0	1.77	-4.79	0.974
path	3	0.536	0.628	3.069	1.572	AT1G53170	13.53	15.0	1.47	-5.98	0.974
path	3	0.536	0.628	1.264	0.723	AT1G02230	39.05	41.0	1.95	-6.03	0.975
path	3	0.536	0.628	1.264	0.723	AT3G48160	1.87	2.0	0.13	-1.56	0.975
path	3	0.536	0.628	1.264	0.723	AT4G01500	1.57	2.0	0.43	-1.56	0.975
path	3	0.536	0.628	1.264	0.723	AT4G14770	18.73	21.0	2.27	-4.65	0.975
path	3	0.536	0.628	3.069	1.572	AT1G50640	5.04	6.0	0.96	-4.35	0.976
path	3	0.536	0.628	1.264	0.723	AT3G07220	0.9	1.0	0.1	-1.14	0.977
path	3	0.536	0.628	1.264	0.723	AT3G23250	0.76	1.0	0.24	-1.14	0.977
path	3	0.536	0.628	1.264	0.723	AT3G47600	0.77	1.0	0.23	-1.14	0.977
path	3	0.536	0.628	3.069	1.572	AT3G15210	11.58	13.0	1.42	-5.97	0.978
path	3	0.536	0.628	3.069	1.572	AT4G06746	1.57	2.0	0.43	-2.89	0.978
path	3	0.536	0.628	3.069	1.572	AT5G65130	1.52	2.0	0.48	-2.89	0.978
path	3	0.536	0.628	1.264	0.723	AT5G06839	25.67	28.0	2.33	-5.49	0.979
path	3	0.536	0.628	1.264	0.723	AT3G45610	23.71	26.0	2.29	-5.35	0.98
path	3	0.536	0.628	1.264	0.723	AT4G28500	41.99	44.0	2.01	-6.59	0.981
path	3	0.536	0.628	3.069	1.572	AT1G12610	1.52	2.0	0.48	-3.17	0.984
path	3	0.536	0.628	3.069	1.572	AT3G57920	3.37	4.0	0.63	-4.34	0.986
path	3	0.536	0.628	3.069	1.572	AT1G22810	6.17	7.0	0.83	-5.36	0.987
path	3	0.536	0.628	3.069	1.572	AT3G20310	7.7	9.0	1.3	-6.24	0.99
path	3	0.536	0.628	1.264	0.723	AT3G10500	25.26	27.0	1.74	-6.49	0.991
path	3	0.536	0.628	1.264	0.723	AT5G04410	27.13	29.0	1.87	-6.63	0.991
path	3	0.536	0.628	3.069	1.572	AT1G36060	1.5	2.0	0.5	-3.75	0.991
path	3	0.536	0.628	3.069	1.572	AT2G30340	2.3	3.0	0.7	-4.47	0.992
path	3	0.536	0.628	1.264	0.723	AT1G23810	0.86	1.0	0.14	-1.85	0.993
path	3	0.536	0.628	1.264	0.723	AT1G32240	0.61	1.0	0.39	-1.85	0.993
path	3	0.536	0.628	1.264	0.723	AT4G36620	0.89	1.0	0.11	-1.85	0.993
path	3	0.536	0.628	1.264	0.723	AT4G29230	55.87	58.0	2.13	-8.98	0.994
path	3	0.536	0.628	3.069	1.572	AT2G42200	3.18	4.0	0.82	-5.2	0.994
path	3	0.536	0.628	1.264	0.723	AT1G09540	14.11	16.0	1.89	-6.09	0.996
path	3	0.536	0.628	1.264	0.723	AT3G44480	19.07	21.0	1.93	-6.79	0.996
path	3	0.536	0.628	3.069	1.572	AT3G23240	0.41	1.0	0.59	-3.89	0.997
path	3	0.536	0.628	3.069	1.572	AT4G34410	6.9	8.0	1.1	-7.52	0.997
path	3	0.536	0.628	1.264	0.723	AT1G32870	28.19	30.0	1.81	-8.48	0.998
path	3	0.536	0.628	1.264	0.723	AT1G34180	23.06	25.0	1.94	-7.78	0.998
path	3	0.536	0.628	3.069	1.572	AT1G28370	6.84	8.0	1.16	-7.81	0.998
path	3	0.536	0.628	3.069	1.572	AT3G10580	1.17	2.0	0.83	-5.19	0.998
path	3	0.536	0.628	1.264	0.723	AT1G17950	-0.02	0.0	0.02	0.0	1.0
path	3	0.536	0.628	1.264	0.723	AT1G18570	-0.33	0.0	0.33	-1.43	1.0
path	3	0.536	0.628	1.264	0.723	AT1G18960	-0.02	0.0	0.02	0.0	1.0
path	3	0.536	0.628	1.264	0.723	AT1G30210	-0.04	0.0	0.04	0.0	1.0
path	3	0.536	0.628	1.264	0.723	AT1G63040	-0.02	0.0	0.02	0.0	1.0
path	3	0.536	0.628	1.264	0.723	AT1G66420	-0.01	0.0	0.01	0.0	1.0
path	3	0.536	0.628	1.264	0.723	AT1G67260	0.0	0.0	0.0	0.0	1.0
path	3	0.536	0.628	1.264	0.723	AT1G70910	-0.01	0.0	0.01	0.0	1.0
path	3	0.536	0.628	1.264	0.723	AT1G74370	-0.04	0.0	0.04	0.0	1.0
path	3	0.536	0.628	1.264	0.723	AT1G76870	-0.1	0.0	0.1	-1.43	1.0
path	3	0.536	0.628	1.264	0.723	AT1G76880	-0.12	0.0	0.12	-0.71	1.0
path	3	0.536	0.628	1.264	0.723	AT2G17900	-0.08	0.0	0.08	0.0	1.0
path	3	0.536	0.628	1.264	0.723	AT2G31460	-0.06	0.0	0.06	-0.71	1.0
path	3	0.536	0.628	1.264	0.723	AT2G38090	-0.05	0.0	0.05	0.0	1.0
path	3	0.536	0.628	1.264	0.723	AT2G39900	-0.05	0.0	0.05	-0.71	1.0
path	3	0.536	0.628	1.264	0.723	AT2G48100	-0.02	0.0	0.02	-0.71	1.0
path	3	0.536	0.628	1.264	0.723	AT3G13040	-0.08	0.0	0.08	0.0	1.0
path	3	0.536	0.628	1.264	0.723	AT3G47620	-0.02	0.0	0.02	0.0	1.0
path	3	0.536	0.628	1.264	0.723	AT3G51470	-0.18	0.0	0.18	-1.43	1.0
path	3	0.536	0.628	1.264	0.723	AT3G61120	-0.12	0.0	0.12	-0.71	1.0
path	3	0.536	0.628	1.264	0.723	AT4G12670	-0.01	0.0	0.01	0.0	1.0
path	3	0.536	0.628	1.264	0.723	AT4G14410	-0.06	0.0	0.06	0.0	1.0
path	3	0.536	0.628	1.264	0.723	AT4G30080	-0.1	0.0	0.1	0.0	1.0
path	3	0.536	0.628	1.264	0.723	AT5G14340	-0.15	0.0	0.15	-1.43	1.0
path	3	0.536	0.628	1.264	0.723	AT5G16600	-0.05	0.0	0.05	-0.71	1.0
path	3	0.536	0.628	1.264	0.723	AT5G22890	-0.06	0.0	0.06	0.0	1.0
path	3	0.536	0.628	1.264	0.723	AT5G25475	-0.05	0.0	0.05	0.0	1.0
path	3	0.536	0.628	1.264	0.723	AT5G38800	-0.01	0.0	0.01	0.0	1.0
path	3	0.536	0.628	1.264	0.723	AT5G42820	-0.05	0.0	0.05	-0.71	1.0
path	3	0.536	0.628	1.264	0.723	AT5G48670	-0.02	0.0	0.02	0.0	1.0
path	3	0.536	0.628	1.264	0.723	AT5G58620	0.0	0.0	0.0	0.0	1.0
path	3	0.536	0.628	1.264	0.723	AT1G25580	93.44	96.0	2.56	-20.86	1.0
path	3	0.536	0.628	3.069	1.572	AT1G13400	-0.17	0.0	0.17	-1.72	1.0
path	3	0.536	0.628	3.069	1.572	AT1G17950	-0.01	0.0	0.01	0.0	1.0
path	3	0.536	0.628	3.069	1.572	AT1G18960	-0.01	0.0	0.01	0.0	1.0
path	3	0.536	0.628	3.069	1.572	AT1G27360	-0.05	0.0	0.05	-0.57	1.0
path	3	0.536	0.628	3.069	1.572	AT1G30210	-0.01	0.0	0.01	0.0	1.0
path	3	0.536	0.628	3.069	1.572	AT1G32510	-0.02	0.0	0.02	-0.29	1.0
path	3	0.536	0.628	3.069	1.572	AT1G47870	-0.0	0.0	0.0	-0.29	1.0
path	3	0.536	0.628	3.069	1.572	AT1G53230	-0.15	0.0	0.15	-1.15	1.0
path	3	0.536	0.628	3.069	1.572	AT1G60920	-0.01	0.0	0.01	-0.29	1.0
path	3	0.536	0.628	3.069	1.572	AT1G63030	-0.12	0.0	0.12	-1.15	1.0
path	3	0.536	0.628	3.069	1.572	AT1G63040	-0.01	0.0	0.01	0.0	1.0
path	3	0.536	0.628	3.069	1.572	AT1G65620	-0.13	0.0	0.13	-1.72	1.0
path	3	0.536	0.628	3.069	1.572	AT1G66420	-0.0	0.0	0.0	0.0	1.0
path	3	0.536	0.628	3.069	1.572	AT1G67260	0.0	0.0	0.0	0.0	1.0
path	3	0.536	0.628	3.069	1.572	AT1G70910	-0.0	0.0	0.0	0.0	1.0
path	3	0.536	0.628	3.069	1.572	AT1G72360	-0.09	0.0	0.09	-0.57	1.0
path	3	0.536	0.628	3.069	1.572	AT1G73730	-0.07	0.0	0.07	-0.29	1.0
path	3	0.536	0.628	3.069	1.572	AT1G74370	-0.01	0.0	0.01	0.0	1.0
path	3	0.536	0.628	3.069	1.572	AT2G17900	-0.03	0.0	0.03	0.0	1.0
path	3	0.536	0.628	3.069	1.572	AT2G38090	-0.02	0.0	0.02	0.0	1.0
path	3	0.536	0.628	3.069	1.572	AT2G38880	-0.02	0.0	0.02	-0.57	1.0
path	3	0.536	0.628	3.069	1.572	AT2G41835	-0.06	0.0	0.06	-0.57	1.0
path	3	0.536	0.628	3.069	1.572	AT2G42590	-0.13	0.0	0.13	-1.72	1.0
path	3	0.536	0.628	3.069	1.572	AT3G09230	-0.02	0.0	0.02	-0.29	1.0
path	3	0.536	0.628	3.069	1.572	AT3G12910	-0.03	0.0	0.03	-0.57	1.0
path	3	0.536	0.628	3.069	1.572	AT3G13040	-0.03	0.0	0.03	0.0	1.0
path	3	0.536	0.628	3.069	1.572	AT3G13350	-0.09	0.0	0.09	-1.44	1.0
path	3	0.536	0.628	3.069	1.572	AT3G45150	-0.15	0.0	0.15	-1.15	1.0
path	3	0.536	0.628	3.069	1.572	AT3G46070	-0.03	0.0	0.03	-0.29	1.0
path	3	0.536	0.628	3.069	1.572	AT3G47620	-0.01	0.0	0.01	0.0	1.0
path	3	0.536	0.628	3.069	1.572	AT3G49930	-0.01	0.0	0.01	-0.29	1.0
path	3	0.536	0.628	3.069	1.572	AT3G51080	-0.1	0.0	0.1	-0.86	1.0
path	3	0.536	0.628	3.069	1.572	AT3G57600	-0.11	0.0	0.11	-1.15	1.0
path	3	0.536	0.628	3.069	1.572	AT4G12670	-0.0	0.0	0.0	0.0	1.0
path	3	0.536	0.628	3.069	1.572	AT4G14410	-0.02	0.0	0.02	0.0	1.0
path	3	0.536	0.628	3.069	1.572	AT4G17460	-0.04	0.0	0.04	-0.29	1.0
path	3	0.536	0.628	3.069	1.572	AT4G24240	-0.01	0.0	0.01	-0.29	1.0
path	3	0.536	0.628	3.069	1.572	AT4G28110	-0.03	0.0	0.03	-0.29	1.0
path	3	0.536	0.628	3.069	1.572	AT4G30080	-0.04	0.0	0.04	0.0	1.0
path	3	0.536	0.628	3.069	1.572	AT4G37790	-0.02	0.0	0.02	-0.29	1.0
path	3	0.536	0.628	3.069	1.572	AT4G38910	-0.03	0.0	0.03	-0.29	1.0
path	3	0.536	0.628	3.069	1.572	AT5G08070	-0.03	0.0	0.03	-0.29	1.0
path	3	0.536	0.628	3.069	1.572	AT5G10140	-0.09	0.0	0.09	-1.72	1.0
path	3	0.536	0.628	3.069	1.572	AT5G18090	-0.03	0.0	0.03	-0.86	1.0
path	3	0.536	0.628	3.069	1.572	AT5G22890	-0.02	0.0	0.02	0.0	1.0
path	3	0.536	0.628	3.069	1.572	AT5G25390	-0.08	0.0	0.08	-0.57	1.0
path	3	0.536	0.628	3.069	1.572	AT5G25475	-0.02	0.0	0.02	0.0	1.0
path	3	0.536	0.628	3.069	1.572	AT5G38800	-0.0	0.0	0.0	0.0	1.0
path	3	0.536	0.628	3.069	1.572	AT5G38860	-0.02	0.0	0.02	-0.29	1.0
path	3	0.536	0.628	3.069	1.572	AT5G48670	-0.01	0.0	0.01	0.0	1.0
path	3	0.536	0.628	3.069	1.572	AT5G58620	0.0	0.0	0.0	0.0	1.0
path	3	0.536	0.628	3.069	1.572	AT5G61270	-0.07	0.0	0.07	-0.86	1.0
path	3	0.536	0.628	3.069	1.572	AT5G62165	-0.02	0.0	0.02	-0.57	1.0
path	3	0.536	0.628	3.069	1.572	AT5G67300	-0.08	0.0	0.08	-0.29	1.0
path	4	-0.604	0.336	-1.316	0.432	AT4G32730	81.5	83.0	1.5	30.62	1.83e-19
path	4	-0.604	0.336	-1.316	0.432	AT3G20770	48.44	49.0	0.56	22.34	7.44e-13
path	4	-0.604	0.336	-1.316	0.432	AT5G58850	44.88	46.0	1.12	16.07	9.26e-07
path	4	-0.604	0.336	-1.316	0.432	AT3G27785	36.3	37.0	0.7	14.55	1.14e-06
path	4	-0.604	0.336	-1.316	0.432	AT2G22540	18.07	19.0	0.93	8.24	0.000219
path	4	-0.604	0.336	-1.316	0.432	AT2G23290	24.14	25.0	0.86	9.57	0.000232
path	4	-0.604	0.336	-1.316	0.432	AT3G11440	23.13	24.0	0.87	9.03	0.00043
path	4	-0.604	0.336	-1.316	0.432	AT4G37260	21.15	22.0	0.85	8.44	0.000618
path	4	-0.604	0.336	-1.316	0.432	AT4G18770	28.11	29.0	0.89	9.36	0.000983
path	4	-0.604	0.336	-1.316	0.432	AT2G01930	22.16	23.0	0.84	7.57	0.00336
path	4	-0.604	0.336	-1.316	0.432	AT5G06100	19.17	20.0	0.83	6.91	0.00426
path	4	-0.604	0.336	-1.316	0.432	AT2G32460	18.31	19.0	0.69	6.37	0.00721
path	4	-0.604	0.336	-1.316	0.432	AT5G13790	5.73	6.0	0.27	3.19	0.00959
path	4	-0.604	0.336	-0.665	0.398	AT1G01060	13.03	14.0	0.97	4.95	0.01
path	4	-0.604	0.336	-1.316	0.432	AT3G10030	13.53	14.0	0.47	5.11	0.012
path	4	-0.604	0.336	-1.316	0.432	AT5G17800	17.33	18.0	0.67	5.84	0.012
path	4	-0.604	0.336	-1.316	0.432	AT5G66700	14.0	15.0	1.0	5.18	0.015
path	4	-0.604	0.336	-0.665	0.398	AT3G61150	12.19	13.0	0.81	4.48	0.017
path	4	-0.604	0.336	-1.316	0.432	AT1G24250	8.63	9.0	0.37	3.86	0.017
path	4	-0.604	0.336	-0.665	0.398	AT5G17300	16.91	18.0	1.09	5.22	0.018
path	4	-0.604	0.336	-0.665	0.398	AT2G20110	19.95	21.0	1.05	5.56	0.02
path	4	-0.604	0.336	-0.665	0.398	AT1G76110	5.62	6.0	0.38	2.81	0.021
path	4	-0.604	0.336	-0.665	0.398	AT3G10113	9.23	10.0	0.77	3.61	0.029
path	4	-0.604	0.336	-0.665	0.398	AT5G52660	9.15	10.0	0.85	3.61	0.029
path	4	-0.604	0.336	-1.316	0.432	AT1G30490	7.41	8.0	0.59	3.32	0.032
path	4	-0.604	0.336	-1.316	0.432	AT1G52150	7.46	8.0	0.54	3.32	0.032
path	4	-0.604	0.336	-1.316	0.432	AT3G21175	7.69	8.0	0.31	3.32	0.032
path	4	-0.604	0.336	-0.665	0.398	AT4G38000	13.82	15.0	1.18	4.35	0.033
path	4	-0.604	0.336	-1.316	0.432	AT2G26960	11.47	12.0	0.53	4.05	0.035
path	4	-0.604	0.336	-0.665	0.398	AT3G09600	11.99	13.0	1.01	3.95	0.038
path	4	-0.604	0.336	-0.665	0.398	AT1G52880	9.99	11.0	1.01	3.55	0.043
path	4	-0.604	0.336	-1.316	0.432	AT2G01940	13.26	14.0	0.74	4.18	0.044
path	4	-0.604	0.336	-1.316	0.432	AT2G42590	3.87	4.0	0.13	2.13	0.046
path	4	-0.604	0.336	-1.316	0.432	AT5G67300	3.92	4.0	0.08	2.13	0.046
path	4	-0.604	0.336	-0.665	0.398	AT1G69490	8.04	9.0	0.96	3.14	0.047
path	4	-0.604	0.336	-0.665	0.398	AT1G20980	6.51	7.0	0.49	2.74	0.048
path	4	-0.604	0.336	-0.665	0.398	AT5G22990	15.68	17.0	1.32	4.22	0.051
path	4	-0.604	0.336	-1.316	0.432	AT3G50060	17.15	18.0	0.85	4.44	0.057
path	4	-0.604	0.336	-0.665	0.398	AT1G72740	14.37	15.0	0.63	3.82	0.061
path	4	-0.604	0.336	-1.316	0.432	AT3G60490	12.33	13.0	0.67	3.65	0.069
path	4	-0.604	0.336	-1.316	0.432	AT1G34670	7.25	8.0	0.75	2.86	0.071
path	4	-0.604	0.336	-1.316	0.432	AT2G06200	7.63	8.0	0.37	2.86	0.071
path	4	-0.604	0.336	-1.316	0.432	AT4G32800	7.65	8.0	0.35	2.86	0.071
path	4	-0.604	0.336	-0.665	0.398	AT3G15270	11.8	13.0	1.2	3.42	0.073
path	4	-0.604	0.336	-0.665	0.398	AT1G20910	7.38	8.0	0.62	2.68	0.076
path	4	-0.604	0.336	-0.665	0.398	AT2G28920	3.7	4.0	0.3	1.87	0.078
path	4	-0.604	0.336	-0.665	0.398	AT5G02840	3.56	4.0	0.44	1.87	0.078
path	4	-0.604	0.336	-0.665	0.398	AT3G58630	5.7	6.0	0.3	2.27	0.083
path	4	-0.604	0.336	-0.665	0.398	AT1G51220	10.38	11.0	0.62	3.01	0.087
path	4	-0.604	0.336	-0.665	0.398	AT4G36160	9.78	11.0	1.22	3.01	0.087
path	4	-0.604	0.336	-0.665	0.398	AT5G18560	10.35	11.0	0.65	3.01	0.087
path	4	-0.604	0.336	-0.665	0.398	AT1G71696	28.98	30.0	1.02	4.45	0.095
path	4	-0.604	0.336	-1.316	0.432	AT1G03840	11.45	12.0	0.55	3.11	0.103
path	4	-0.604	0.336	-1.316	0.432	AT5G13080	10.86	12.0	1.14	3.11	0.103
path	4	-0.604	0.336	-0.665	0.398	AT5G62320	11.35	12.0	0.65	2.95	0.106
path	4	-0.604	0.336	-1.316	0.432	AT2G44940	12.27	13.0	0.73	3.18	0.108
path	4	-0.604	0.336	-1.316	0.432	AT3G16280	12.29	13.0	0.71	3.18	0.108
path	4	-0.604	0.336	-0.665	0.398	AT3G52440	14.88	16.0	1.12	3.22	0.117
path	4	-0.604	0.336	-1.316	0.432	AT2G18380	15.26	16.0	0.74	3.37	0.117
path	4	-0.604	0.336	-0.665	0.398	AT2G20400	9.26	10.0	0.74	2.55	0.127
path	4	-0.604	0.336	-0.665	0.398	AT2G33550	9.58	10.0	0.42	2.55	0.127
path	4	-0.604	0.336	-0.665	0.398	AT5G15830	15.55	17.0	1.45	3.16	0.131
path	4	-0.604	0.336	-0.665	0.398	AT5G60850	19.88	21.0	1.12	3.43	0.131
path	4	-0.604	0.336	-0.665	0.398	AT1G77640	4.83	5.0	0.17	1.81	0.139
path	4	-0.604	0.336	-1.316	0.432	AT2G02070	8.39	9.0	0.61	2.45	0.139
path	4	-0.604	0.336	-1.316	0.432	AT4G24470	8.76	9.0	0.24	2.45	0.139
path	4	-0.604	0.336	-1.316	0.432	AT5G62000	8.48	9.0	0.52	2.45	0.139
path	4	-0.604	0.336	-0.665	0.398	AT2G40260	13.2	14.0	0.8	2.82	0.142
path	4	-0.604	0.336	-0.665	0.398	AT4G01280	13.02	14.0	0.98	2.82	0.142
path	4	-0.604	0.336	-0.665	0.398	AT1G68550	16.74	18.0	1.26	3.09	0.145
path	4	-0.604	0.336	-1.316	0.432	AT5G65310	9.07	10.0	0.93	2.52	0.146
path	4	-0.604	0.336	-1.316	0.432	AT1G01250	3.88	4.0	0.12	1.66	0.147
path	4	-0.604	0.336	-0.665	0.398	AT1G21910	2.85	3.0	0.15	1.4	0.149
path	4	-0.604	0.336	-0.665	0.398	AT2G33810	2.84	3.0	0.16	1.4	0.149
path	4	-0.604	0.336	-0.665	0.398	AT3G12820	2.73	3.0	0.27	1.4	0.149
path	4	-0.604	0.336	-0.665	0.398	AT3G23210	2.79	3.0	0.21	1.4	0.149
path	4	-0.604	0.336	-0.665	0.398	AT2G47070	10.21	11.0	0.79	2.48	0.15
path	4	-0.604	0.336	-1.316	0.432	AT1G74650	10.2	11.0	0.8	2.58	0.151
path	4	-0.604	0.336	-0.665	0.398	AT1G36060	7.43	8.0	0.57	2.14	0.154
path	4	-0.604	0.336	-0.665	0.398	AT5G65130	7.45	8.0	0.55	2.14	0.154
path	4	-0.604	0.336	-0.665	0.398	AT4G14770	26.96	28.0	1.04	3.51	0.155
path	4	-0.604	0.336	-1.316	0.432	AT4G31800	10.78	12.0	1.22	2.65	0.155
path	4	-0.604	0.336	-1.316	0.432	AT4G38170	11.05	12.0	0.95	2.65	0.155
path	4	-0.604	0.336	-1.316	0.432	AT2G43000	11.9	13.0	1.1	2.71	0.158
path	4	-0.604	0.336	-1.316	0.432	AT4G01540	11.88	13.0	1.12	2.71	0.158
path	4	-0.604	0.336	-0.665	0.398	AT4G00730	11.15	12.0	0.85	2.42	0.171
path	4	-0.604	0.336	-1.316	0.432	AT3G06740	4.55	5.0	0.45	1.73	0.173
path	4	-0.604	0.336	-1.316	0.432	AT3G42860	4.5	5.0	0.5	1.73	0.173
path	4	-0.604	0.336	-1.316	0.432	AT5G59990	4.82	5.0	0.18	1.73	0.173
path	4	-0.604	0.336	-0.665	0.398	AT5G56110	14.87	16.0	1.13	2.69	0.174
path	4	-0.604	0.336	-0.665	0.398	AT1G74840	8.08	9.0	0.92	2.08	0.183
path	4	-0.604	0.336	-0.665	0.398	AT5G29000	8.22	9.0	0.78	2.08	0.183
path	4	-0.604	0.336	-0.665	0.398	AT1G06180	5.57	6.0	0.43	1.74	0.186
path	4	-0.604	0.336	-0.665	0.398	AT3G57920	5.28	6.0	0.72	1.74	0.186
path	4	-0.604	0.336	-0.665	0.398	AT4G34590	5.57	6.0	0.43	1.74	0.186
path	4	-0.604	0.336	-0.665	0.398	AT2G46590	15.91	17.0	1.09	2.63	0.189
path	4	-0.604	0.336	-1.316	0.432	AT5G47220	6.59	7.0	0.41	1.86	0.2
path	4	-0.604	0.336	-0.665	0.398	AT5G61620	16.81	18.0	1.19	2.56	0.204
path	4	-0.604	0.336	-1.316	0.432	AT3G13810	7.44	8.0	0.56	1.92	0.207
path	4	-0.604	0.336	-0.665	0.398	AT1G28470	8.87	10.0	1.13	2.01	0.209
path	4	-0.604	0.336	-0.665	0.398	AT1G03800	12.64	14.0	1.36	2.29	0.21
path	4	-0.604	0.336	-0.665	0.398	AT4G25470	12.98	14.0	1.02	2.29	0.21
path	4	-0.604	0.336	-0.665	0.398	AT5G11260	12.66	14.0	1.34	2.29	0.21
path	4	-0.604	0.336	-0.665	0.398	AT5G16820	13.16	14.0	0.84	2.29	0.21
path	4	-0.604	0.336	-1.316	0.432	AT2G40740	7.98	9.0	1.02	1.99	0.212
path	4	-0.604	0.336	-1.316	0.432	AT4G06746	8.57	9.0	0.43	1.99	0.212
path	4	-0.604	0.336	-1.316	0.432	AT5G41570	7.87	9.0	1.13	1.99	0.212
path	4	-0.604	0.336	-1.316	0.432	AT3G02940	9.13	10.0	0.87	2.05	0.215
path	4	-0.604	0.336	-1.316	0.432	AT1G49560	16.24	17.0	0.76	2.5	0.216
path	4	-0.604	0.336	-1.316	0.432	AT1G76870	1.96	2.0	0.04	1.06	0.217
path	4	-0.604	0.336	-1.316	0.432	AT3G04070	1.82	2.0	0.18	1.06	0.217
path	4	-0.604	0.336	-1.316	0.432	AT3G46070	1.97	2.0	0.03	1.06	0.217
path	4	-0.604	0.336	-1.316	0.432	AT1G08320	9.91	11.0	1.09	2.11	0.218
path	4	-0.604	0.336	-1.316	0.432	AT5G67190	15.0	16.0	1.0	2.44	0.218
path	4	-0.604	0.336	-1.316	0.432	AT1G47655	12.35	13.0	0.65	2.24	0.219
path	4	-0.604	0.336	-1.316	0.432	AT4G37180	13.22	14.0	0.78	2.31	0.219
path	4	-0.604	0.336	-0.665	0.398	AT1G12610	6.45	7.0	0.55	1.68	0.224
path	4	-0.604	0.336	-0.665	0.398	AT1G18330	6.23	7.0	0.77	1.68	0.224
path	4	-0.604	0.336	-0.665	0.398	AT1G79180	6.58	7.0	0.42	1.68	0.224
path	4	-0.604	0.336	-0.665	0.398	AT5G09410	6.02	7.0	0.98	1.68	0.224
path	4	-0.604	0.336	-0.665	0.398	AT1G13400	3.8	4.0	0.2	1.34	0.227
path	4	-0.604	0.336	-0.665	0.398	AT1G43700	3.76	4.0	0.24	1.34	0.227
path	4	-0.604	0.336	-0.665	0.398	AT4G24020	3.89	4.0	0.11	1.34	0.227
path	4	-0.604	0.336	-0.665	0.398	AT1G69180	10.22	11.0	0.78	1.95	0.232
path	4	-0.604	0.336	-0.665	0.398	AT4G01680	10.28	11.0	0.72	1.95	0.232
path	4	-0.604	0.336	-0.665	0.398	AT5G63260	14.98	16.0	1.02	2.16	0.243
path	4	-0.604	0.336	-0.665	0.398	AT3G15210	19.38	21.0	1.62	2.37	0.244
path	4	-0.604	0.336	-1.316	0.432	AT2G02820	23.75	25.0	1.25	2.55	0.248
path	4	-0.604	0.336	-0.665	0.398	AT2G38340	10.89	12.0	1.11	1.89	0.253
path	4	-0.604	0.336	-0.665	0.398	AT1G69780	7.26	8.0	0.74	1.61	0.256
path	4	-0.604	0.336	-0.665	0.398	AT3G10800	7.33	8.0	0.67	1.61	0.256
path	4	-0.604	0.336	-0.665	0.398	AT1G28160	15.85	17.0	1.15	2.09	0.258
path	4	-0.604	0.336	-1.316	0.432	AT3G28910	2.71	3.0	0.29	1.13	0.264
path	4	-0.604	0.336	-1.316	0.432	AT4G27900	2.93	3.0	0.07	1.13	0.264
path	4	-0.604	0.336	-1.316	0.432	AT4G31550	2.72	3.0	0.28	1.13	0.264
path	4	-0.604	0.336	-0.665	0.398	AT1G10720	1.96	2.0	0.04	0.94	0.282
path	4	-0.604	0.336	-0.665	0.398	AT1G18570	1.85	2.0	0.15	0.94	0.282
path	4	-0.604	0.336	-0.665	0.398	AT1G22070	1.85	2.0	0.15	0.94	0.282
path	4	-0.604	0.336	-0.665	0.398	AT1G34370	1.79	2.0	0.21	0.94	0.282
path	4	-0.604	0.336	-0.665	0.398	AT2G41835	1.93	2.0	0.07	0.94	0.282
path	4	-0.604	0.336	-0.665	0.398	AT3G01470	1.77	2.0	0.23	0.94	0.282
path	4	-0.604	0.336	-0.665	0.398	AT3G03660	1.96	2.0	0.04	0.94	0.282
path	4	-0.604	0.336	-0.665	0.398	AT3G11020	8.35	9.0	0.65	1.55	0.282
path	4	-0.604	0.336	-0.665	0.398	AT3G45170	1.89	2.0	0.11	0.94	0.282
path	4	-0.604	0.336	-0.665	0.398	AT3G51470	1.92	2.0	0.08	0.94	0.282
path	4	-0.604	0.336	-0.665	0.398	AT3G61250	1.78	2.0	0.22	0.94	0.282
path	4	-0.604	0.336	-0.665	0.398	AT4G26030	8.26	9.0	0.74	1.55	0.282
path	4	-0.604	0.336	-0.665	0.398	AT4G36620	1.95	2.0	0.05	0.94	0.282
path	4	-0.604	0.336	-0.665	0.398	AT4G38620	1.91	2.0	0.09	0.94	0.282
path	4	-0.604	0.336	-0.665	0.398	AT5G06950	8.0	9.0	1.0	1.55	0.282
path	4	-0.604	0.336	-0.665	0.398	AT5G08750	1.84	2.0	0.16	0.94	0.282
path	4	-0.604	0.336	-0.665	0.398	AT5G13180	8.1	9.0	0.9	1.55	0.282
path	4	-0.604	0.336	-1.316	0.432	AT1G65910	3.27	4.0	0.73	1.19	0.282
path	4	-0.604	0.336	-1.316	0.432	AT1G66370	3.83	4.0	0.17	1.19	0.282
path	4	-0.604	0.336	-1.316	0.432	AT1G69560	3.83	4.0	0.17	1.19	0.282
path	4	-0.604	0.336	-1.316	0.432	AT1G75390	3.73	4.0	0.27	1.19	0.282
path	4	-0.604	0.336	-1.316	0.432	AT5G61600	3.72	4.0	0.28	1.19	0.282
path	4	-0.604	0.336	-1.316	0.432	AT1G77200	12.99	14.0	1.01	1.84	0.286
path	4	-0.604	0.336	-1.316	0.432	AT2G31230	13.09	14.0	0.91	1.84	0.286
path	4	-0.604	0.336	-0.665	0.398	AT1G12630	12.87	14.0	1.13	1.76	0.29
path	4	-0.604	0.336	-0.665	0.398	AT4G25480	12.77	14.0	1.23	1.76	0.29
path	4	-0.604	0.336	-1.316	0.432	AT1G22810	11.17	12.0	0.83	1.71	0.291
path	4	-0.604	0.336	-1.316	0.432	AT1G78700	10.97	12.0	1.03	1.71	0.291
path	4	-0.604	0.336	-1.316	0.432	AT3G03200	4.26	5.0	0.74	1.26	0.291
path	4	-0.604	0.336	-1.316	0.432	AT4G22070	4.3	5.0	0.7	1.26	0.291
path	4	-0.604	0.336	-1.316	0.432	AT5G66940	11.1	12.0	0.9	1.71	0.291
path	4	-0.604	0.336	-1.316	0.432	AT2G02540	10.16	11.0	0.84	1.65	0.294
path	4	-0.604	0.336	-1.316	0.432	AT1G02230	5.21	6.0	0.79	1.32	0.296
path	4	-0.604	0.336	-1.316	0.432	AT2G44840	9.12	10.0	0.88	1.58	0.296
path	4	-0.604	0.336	-1.316	0.432	AT4G10350	5.3	6.0	0.7	1.32	0.296
path	4	-0.604	0.336	-1.316	0.432	AT5G04390	9.54	10.0	0.46	1.58	0.296
path	4	-0.604	0.336	-1.316	0.432	AT5G24110	5.3	6.0	0.7	1.32	0.296
path	4	-0.604	0.336	-1.316	0.432	AT5G62470	5.68	6.0	0.32	1.32	0.296
path	4	-0.604	0.336	-1.316	0.432	AT1G14687	8.21	9.0	0.79	1.52	0.297
path	4	-0.604	0.336	-1.316	0.432	AT1G29280	7.92	9.0	1.08	1.52	0.297
path	4	-0.604	0.336	-1.316	0.432	AT3G18990	7.28	8.0	0.72	1.45	0.298
path	4	-0.604	0.336	-0.665	0.398	AT1G34190	9.1	10.0	0.9	1.48	0.306
path	4	-0.604	0.336	-0.665	0.398	AT5G52830	8.95	10.0	1.05	1.48	0.306
path	4	-0.604	0.336	-0.665	0.398	AT3G26620	5.42	6.0	0.58	1.21	0.317
path	4	-0.604	0.336	-0.665	0.398	AT1G09540	10.13	11.0	0.87	1.42	0.327
path	4	-0.604	0.336	-0.665	0.398	AT2G42200	10.06	11.0	0.94	1.42	0.327
path	4	-0.604	0.336	-1.316	0.432	AT1G71450	16.58	18.0	1.42	1.63	0.336
path	4	-0.604	0.336	-1.316	0.432	AT5G25830	17.47	18.0	0.53	1.63	0.336
path	4	-0.604	0.336	-0.665	0.398	AT1G76890	11.02	12.0	0.98	1.35	0.345
path	4	-0.604	0.336	-0.665	0.398	AT2G01060	11.39	12.0	0.61	1.35	0.345
path	4	-0.604	0.336	-0.665	0.398	AT5G56840	10.78	12.0	1.22	1.35	0.345
path	4	-0.604	0.336	-0.665	0.398	AT1G53170	22.33	24.0	1.67	1.64	0.347
path	4	-0.604	0.336	-0.665	0.398	AT2G18350	6.1	7.0	0.9	1.14	0.347
path	4	-0.604	0.336	-0.665	0.398	AT4G17980	6.04	7.0	0.96	1.14	0.347
path	4	-0.604	0.336	-0.665	0.398	AT4G28500	6.08	7.0	0.92	1.14	0.347
path	4	-0.604	0.336	-0.665	0.398	AT5G18450	6.35	7.0	0.65	1.14	0.347
path	4	-0.604	0.336	-0.665	0.398	AT5G39610	6.15	7.0	0.85	1.14	0.347
path	4	-0.604	0.336	-1.316	0.432	AT1G69570	13.06	14.0	0.94	1.37	0.358
path	4	-0.604	0.336	-1.316	0.432	AT5G23930	13.01	14.0	0.99	1.37	0.358
path	4	-0.604	0.336	-0.665	0.398	AT3G57600	2.88	3.0	0.12	0.87	0.361
path	4	-0.604	0.336	-0.665	0.398	AT4G17785	2.81	3.0	0.19	0.87	0.361
path	4	-0.604	0.336	-0.665	0.398	AT5G13910	2.85	3.0	0.15	0.87	0.361
path	4	-0.604	0.336	-0.665	0.398	AT5G14960	2.8	3.0	0.2	0.87	0.361
path	4	-0.604	0.336	-0.665	0.398	AT1G33240	12.04	13.0	0.96	1.29	0.362
path	4	-0.604	0.336	-0.665	0.398	AT3G10580	12.06	13.0	0.94	1.29	0.362
path	4	-0.604	0.336	-0.665	0.398	AT3G21890	12.11	13.0	0.89	1.29	0.362
path	4	-0.604	0.336	-1.316	0.432	AT2G35700	12.06	13.0	0.94	1.31	0.364
path	4	-0.604	0.336	-1.316	0.432	AT3G04030	12.14	13.0	0.86	1.31	0.364
path	4	-0.604	0.336	-1.316	0.432	AT5G45580	12.05	13.0	0.95	1.31	0.364
path	4	-0.604	0.336	-1.316	0.432	AT1G69010	10.97	12.0	1.03	1.24	0.37
path	4	-0.604	0.336	-1.316	0.432	AT3G47500	11.19	12.0	0.81	1.24	0.37
path	4	-0.604	0.336	-1.316	0.432	AT4G31060	10.99	12.0	1.01	1.24	0.37
path	4	-0.604	0.336	-0.665	0.398	AT4G11660	7.43	8.0	0.57	1.08	0.372
path	4	-0.604	0.336	-0.665	0.398	AT5G44210	7.43	8.0	0.57	1.08	0.372
path	4	-0.604	0.336	-0.665	0.398	AT5G02460	18.78	20.0	1.22	1.37	0.374
path	4	-0.604	0.336	-1.316	0.432	AT2G04038	9.84	11.0	1.16	1.18	0.376
path	4	-0.604	0.336	-1.316	0.432	AT3G01530	9.23	10.0	0.77	1.11	0.382
path	4	-0.604	0.336	-1.316	0.432	AT1G27730	8.52	9.0	0.48	1.05	0.389
path	4	-0.604	0.336	-1.316	0.432	AT3G12250	7.86	9.0	1.14	1.05	0.389
path	4	-0.604	0.336	-0.665	0.398	AT2G36270	13.51	15.0	1.49	1.16	0.392
path	4	-0.604	0.336	-1.316	0.432	AT1G30650	7.01	8.0	0.99	0.99	0.396
path	4	-0.604	0.336	-1.316	0.432	AT1G79580	7.14	8.0	0.86	0.99	0.396
path	4	-0.604	0.336	-1.316	0.432	AT3G01220	7.33	8.0	0.67	0.99	0.396
path	4	-0.604	0.336	-1.316	0.432	AT5G54230	7.18	8.0	0.82	0.99	0.396
path	4	-0.604	0.336	-1.316	0.432	AT1G19790	6.63	7.0	0.37	0.92	0.403
path	4	-0.604	0.336	-0.665	0.398	AT1G64620	14.9	16.0	1.1	1.09	0.406
path	4	-0.604	0.336	-0.665	0.398	AT5G47370	15.02	16.0	0.98	1.09	0.406
path	4	-0.604	0.336	-1.316	0.432	AT1G32870	5.27	6.0	0.73	0.86	0.411
path	4	-0.604	0.336	-1.316	0.432	AT2G46770	5.28	6.0	0.72	0.86	0.411
path	4	-0.604	0.336	-1.316	0.432	AT4G05100	5.61	6.0	0.39	0.86	0.411
path	4	-0.604	0.336	-0.665	0.398	AT1G25340	9.33	10.0	0.67	0.95	0.412
path	4	-0.604	0.336	-0.665	0.398	AT2G24430	8.97	10.0	1.03	0.95	0.412
path	4	-0.604	0.336	-1.316	0.432	AT1G72010	4.56	5.0	0.44	0.79	0.419
path	4	-0.604	0.336	-1.316	0.432	AT3G04060	4.26	5.0	0.74	0.79	0.419
path	4	-0.604	0.336	-1.316	0.432	AT4G18170	4.03	5.0	0.97	0.79	0.419
path	4	-0.604	0.336	-1.316	0.432	AT5G46350	4.41	5.0	0.59	0.79	0.419
path	4	-0.604	0.336	-1.316	0.432	AT4G34410	13.9	15.0	1.1	0.97	0.425
path	4	-0.604	0.336	-0.665	0.398	AT1G75240	9.96	11.0	1.04	0.89	0.428
path	4	-0.604	0.336	-0.665	0.398	AT4G00250	10.16	11.0	0.84	0.89	0.428
path	4	-0.604	0.336	-0.665	0.398	AT5G51990	9.87	11.0	1.13	0.89	0.428
path	4	-0.604	0.336	-1.316	0.432	AT1G54330	3.3	4.0	0.7	0.73	0.428
path	4	-0.604	0.336	-1.316	0.432	AT3G10500	3.3	4.0	0.7	0.73	0.428
path	4	-0.604	0.336	-1.316	0.432	AT3G25990	3.71	4.0	0.29	0.73	0.428
path	4	-0.604	0.336	-0.665	0.398	AT1G19210	16.59	18.0	1.41	0.97	0.43
path	4	-0.604	0.336	-1.316	0.432	AT2G28810	13.09	14.0	0.91	0.91	0.433
path	4	-0.604	0.336	-1.316	0.432	AT3G50260	12.73	14.0	1.27	0.91	0.433
path	4	-0.604	0.336	-0.665	0.398	AT1G06850	4.33	5.0	0.67	0.74	0.434
path	4	-0.604	0.336	-0.665	0.398	AT1G44830	4.63	5.0	0.37	0.74	0.434
path	4	-0.604	0.336	-0.665	0.398	AT3G50700	4.7	5.0	0.3	0.74	0.434
path	4	-0.604	0.336	-0.665	0.398	AT5G06960	4.4	5.0	0.6	0.74	0.434
path	4	-0.604	0.336	-0.665	0.398	AT5G22500	4.68	5.0	0.32	0.74	0.434
path	4	-0.604	0.336	-0.665	0.398	AT5G67450	4.83	5.0	0.17	0.74	0.434
path	4	-0.604	0.336	-1.316	0.432	AT1G69690	2.78	3.0	0.22	0.66	0.439
path	4	-0.604	0.336	-1.316	0.432	AT2G41690	2.81	3.0	0.19	0.66	0.439
path	4	-0.604	0.336	-1.316	0.432	AT3G27010	2.8	3.0	0.2	0.66	0.439
path	4	-0.604	0.336	-1.316	0.432	AT5G66300	2.61	3.0	0.39	0.66	0.439
path	4	-0.604	0.336	-1.316	0.432	AT1G25580	1.97	3.0	1.03	0.66	0.439
path	4	-0.604	0.336	-0.665	0.398	AT2G33710	17.84	19.0	1.16	0.9	0.441
path	4	-0.604	0.336	-1.316	0.432	AT3G45610	12.08	13.0	0.92	0.84	0.442
path	4	-0.604	0.336	-1.316	0.432	AT4G16750	11.88	13.0	1.12	0.84	0.442
path	4	-0.604	0.336	-0.665	0.398	AT2G02080	11.02	12.0	0.98	0.82	0.443
path	4	-0.604	0.336	-0.665	0.398	AT2G45420	10.92	12.0	1.08	0.82	0.443
path	4	-0.604	0.336	-0.665	0.398	AT4G36780	10.81	12.0	1.19	0.82	0.443
path	4	-0.604	0.336	-0.665	0.398	AT5G08520	10.81	12.0	1.19	0.82	0.443
path	4	-0.604	0.336	-1.316	0.432	AT1G32240	1.84	2.0	0.16	0.6	0.451
path	4	-0.604	0.336	-1.316	0.432	AT2G15660	1.86	2.0	0.14	0.6	0.451
path	4	-0.604	0.336	-1.316	0.432	AT3G13350	1.91	2.0	0.09	0.6	0.451
path	4	-0.604	0.336	-1.316	0.432	AT3G57230	1.9	2.0	0.1	0.6	0.451
path	4	-0.604	0.336	-1.316	0.432	AT5G08130	1.83	2.0	0.17	0.6	0.451
path	4	-0.604	0.336	-1.316	0.432	AT5G42520	1.97	2.0	0.03	0.6	0.451
path	4	-0.604	0.336	-0.665	0.398	AT1G19000	11.85	13.0	1.15	0.76	0.456
path	4	-0.604	0.336	-0.665	0.398	AT3G24520	12.09	13.0	0.91	0.76	0.456
path	4	-0.604	0.336	-0.665	0.398	AT5G03150	5.66	6.0	0.34	0.68	0.457
path	4	-0.604	0.336	-1.316	0.432	AT3G44480	10.22	11.0	0.78	0.71	0.46
path	4	-0.604	0.336	-1.316	0.432	AT5G67580	10.44	11.0	0.56	0.71	0.46
path	4	-0.604	0.336	-1.316	0.432	AT1G27360	0.95	1.0	0.05	0.53	0.468
path	4	-0.604	0.336	-1.316	0.432	AT1G72360	0.91	1.0	0.09	0.53	0.468
path	4	-0.604	0.336	-1.316	0.432	AT1G76880	0.95	1.0	0.05	0.53	0.468
path	4	-0.604	0.336	-1.316	0.432	AT2G30590	0.81	1.0	0.19	0.53	0.468
path	4	-0.604	0.336	-1.316	0.432	AT2G38300	0.88	1.0	0.12	0.53	0.468
path	4	-0.604	0.336	-1.316	0.432	AT2G39900	0.98	1.0	0.02	0.53	0.468
path	4	-0.604	0.336	-1.316	0.432	AT2G45650	0.89	1.0	0.11	0.53	0.468
path	4	-0.604	0.336	-1.316	0.432	AT4G04450	0.89	1.0	0.11	0.53	0.468
path	4	-0.604	0.336	-1.316	0.432	AT4G28110	0.97	1.0	0.03	0.53	0.468
path	4	-0.604	0.336	-1.316	0.432	AT4G30080	0.96	1.0	0.04	0.53	0.468
path	4	-0.604	0.336	-1.316	0.432	AT5G18090	0.97	1.0	0.03	0.53	0.468
path	4	-0.604	0.336	-1.316	0.432	AT5G22890	0.98	1.0	0.02	0.53	0.468
path	4	-0.604	0.336	-1.316	0.432	AT5G46590	0.75	1.0	0.25	0.53	0.468
path	4	-0.604	0.336	-0.665	0.398	AT1G32150	12.53	14.0	1.47	0.69	0.469
path	4	-0.604	0.336	-0.665	0.398	AT1G74480	13.15	14.0	0.85	0.69	0.469
path	4	-0.604	0.336	-0.665	0.398	AT2G18160	12.67	14.0	1.33	0.69	0.469
path	4	-0.604	0.336	-0.665	0.398	AT3G62420	12.49	14.0	1.51	0.69	0.469
path	4	-0.604	0.336	-1.316	0.432	AT5G66730	9.33	10.0	0.67	0.65	0.471
path	4	-0.604	0.336	-0.665	0.398	AT2G46680	6.38	7.0	0.62	0.61	0.476
path	4	-0.604	0.336	-0.665	0.398	AT4G36740	6.13	7.0	0.87	0.61	0.476
path	4	-0.604	0.336	-0.665	0.398	AT5G65510	6.61	7.0	0.39	0.61	0.476
path	4	-0.604	0.336	-1.316	0.432	AT3G55370	15.9	17.0	1.1	0.63	0.479
path	4	-0.604	0.336	-1.316	0.432	AT5G05550	15.57	17.0	1.43	0.63	0.479
path	4	-0.604	0.336	-0.665	0.398	AT1G06280	13.46	15.0	1.54	0.63	0.48
path	4	-0.604	0.336	-1.316	0.432	AT2G30250	7.78	9.0	1.22	0.58	0.482
path	4	-0.604	0.336	-0.665	0.398	AT1G31140	7.29	8.0	0.71	0.55	0.492
path	4	-0.604	0.336	-0.665	0.398	AT1G76420	7.06	8.0	0.94	0.55	0.492
path	4	-0.604	0.336	-0.665	0.398	AT5G05790	7.41	8.0	0.59	0.55	0.492
path	4	-0.604	0.336	-1.316	0.432	AT1G01720	7.07	8.0	0.93	0.52	0.494
path	4	-0.604	0.336	-1.316	0.432	AT1G26960	7.15	8.0	0.85	0.52	0.494
path	4	-0.604	0.336	-1.316	0.432	AT1G68320	7.35	8.0	0.65	0.52	0.494
path	4	-0.604	0.336	-1.316	0.432	AT2G23320	6.91	8.0	1.09	0.52	0.494
path	4	-0.604	0.336	-1.316	0.432	AT2G38470	6.94	8.0	1.06	0.52	0.494
path	4	-0.604	0.336	-1.316	0.432	AT2G42430	7.22	8.0	0.78	0.52	0.494
path	4	-0.604	0.336	-1.316	0.432	AT3G08500	7.42	8.0	0.58	0.52	0.494
path	4	-0.604	0.336	-1.316	0.432	AT3G12720	7.35	8.0	0.65	0.52	0.494
path	4	-0.604	0.336	-1.316	0.432	AT3G12730	7.31	8.0	0.69	0.52	0.494
path	4	-0.604	0.336	-1.316	0.432	AT3G60530	7.76	8.0	0.24	0.52	0.494
path	4	-0.604	0.336	-1.316	0.432	AT5G10030	6.86	8.0	1.14	0.52	0.494
path	4	-0.604	0.336	-1.316	0.432	AT5G26170	6.9	8.0	1.1	0.52	0.494
path	4	-0.604	0.336	-0.665	0.398	AT3G09735	8.25	9.0	0.75	0.48	0.506
path	4	-0.604	0.336	-0.665	0.398	AT3G12130	8.39	9.0	0.61	0.48	0.506
path	4	-0.604	0.336	-0.665	0.398	AT3G23240	8.33	9.0	0.67	0.48	0.506
path	4	-0.604	0.336	-0.665	0.398	AT5G03790	8.08	9.0	0.92	0.48	0.506
path	4	-0.604	0.336	-0.665	0.398	AT5G06839	7.93	9.0	1.07	0.48	0.506
path	4	-0.604	0.336	-0.665	0.398	AT5G47390	7.99	9.0	1.01	0.48	0.506
path	4	-0.604	0.336	-1.316	0.432	AT1G25550	6.51	7.0	0.49	0.45	0.508
path	4	-0.604	0.336	-1.316	0.432	AT4G27950	6.51	7.0	0.49	0.45	0.508
path	4	-0.604	0.336	-0.665	0.398	AT1G51700	9.25	10.0	0.75	0.42	0.518
path	4	-0.604	0.336	-0.665	0.398	AT3G60580	9.56	10.0	0.44	0.42	0.518
path	4	-0.604	0.336	-1.316	0.432	AT2G23340	12.09	13.0	0.91	0.37	0.52
path	4	-0.604	0.336	-1.316	0.432	AT5G64750	11.91	13.0	1.09	0.37	0.52
path	4	-0.604	0.336	-1.316	0.432	AT1G62300	5.14	6.0	0.86	0.39	0.524
path	4	-0.604	0.336	-1.316	0.432	AT4G01250	5.2	6.0	0.8	0.39	0.524
path	4	-0.604	0.336	-1.316	0.432	AT4G01550	5.32	6.0	0.68	0.39	0.524
path	4	-0.604	0.336	-0.665	0.398	AT1G16490	10.21	11.0	0.79	0.35	0.529
path	4	-0.604	0.336	-0.665	0.398	AT1G45249	10.14	11.0	0.86	0.35	0.529
path	4	-0.604	0.336	-0.665	0.398	AT2G03500	10.23	11.0	0.77	0.35	0.529
path	4	-0.604	0.336	-0.665	0.398	AT5G47660	10.28	11.0	0.72	0.35	0.529
path	4	-0.604	0.336	-1.316	0.432	AT3G50410	11.34	12.0	0.66	0.31	0.531
path	4	-0.604	0.336	-0.665	0.398	AT1G46264	0.97	1.0	0.03	0.47	0.532
path	4	-0.604	0.336	-0.665	0.398	AT1G51600	0.93	1.0	0.07	0.47	0.532
path	4	-0.604	0.336	-0.665	0.398	AT1G60920	0.99	1.0	0.01	0.47	0.532
path	4	-0.604	0.336	-0.665	0.398	AT1G63040	0.99	1.0	0.01	0.47	0.532
path	4	-0.604	0.336	-0.665	0.398	AT1G65620	0.85	1.0	0.15	0.47	0.532
path	4	-0.604	0.336	-0.665	0.398	AT2G24570	0.89	1.0	0.11	0.47	0.532
path	4	-0.604	0.336	-0.665	0.398	AT2G31460	0.97	1.0	0.03	0.47	0.532
path	4	-0.604	0.336	-0.665	0.398	AT3G02990	0.89	1.0	0.11	0.47	0.532
path	4	-0.604	0.336	-0.665	0.398	AT3G13040	0.96	1.0	0.04	0.47	0.532
path	4	-0.604	0.336	-0.665	0.398	AT3G45150	0.83	1.0	0.17	0.47	0.532
path	4	-0.604	0.336	-0.665	0.398	AT3G61120	0.95	1.0	0.05	0.47	0.532
path	4	-0.604	0.336	-0.665	0.398	AT4G14410	0.97	1.0	0.03	0.47	0.532
path	4	-0.604	0.336	-0.665	0.398	AT5G10140	0.9	1.0	0.1	0.47	0.532
path	4	-0.604	0.336	-0.665	0.398	AT5G50570	0.79	1.0	0.21	0.47	0.532
path	4	-0.604	0.336	-0.665	0.398	AT5G61270	0.92	1.0	0.08	0.47	0.532
path	4	-0.604	0.336	-0.665	0.398	AT5G62165	0.97	1.0	0.03	0.47	0.532
path	4	-0.604	0.336	-1.316	0.432	AT1G08010	17.45	18.0	0.55	0.23	0.538
path	4	-0.604	0.336	-0.665	0.398	AT4G25490	10.84	12.0	1.16	0.29	0.54
path	4	-0.604	0.336	-0.665	0.398	AT5G65410	10.98	12.0	1.02	0.29	0.54
path	4	-0.604	0.336	-1.316	0.432	AT1G29860	3.99	5.0	1.01	0.32	0.543
path	4	-0.604	0.336	-1.316	0.432	AT3G10480	4.25	5.0	0.75	0.32	0.543
path	4	-0.604	0.336	-1.316	0.432	AT5G04410	4.25	5.0	0.75	0.32	0.543
path	4	-0.604	0.336	-1.316	0.432	AT5G62380	4.28	5.0	0.72	0.32	0.543
path	4	-0.604	0.336	-1.316	0.432	AT1G49010	10.05	11.0	0.95	0.24	0.544
path	4	-0.604	0.336	-0.665	0.398	AT2G17950	1.83	2.0	0.17	0.4	0.549
path	4	-0.604	0.336	-0.665	0.398	AT2G35530	11.51	13.0	1.49	0.22	0.549
path	4	-0.604	0.336	-0.665	0.398	AT3G47600	1.9	2.0	0.1	0.4	0.549
path	4	-0.604	0.336	-0.665	0.398	AT4G01500	1.8	2.0	0.2	0.4	0.549
path	4	-0.604	0.336	-0.665	0.398	AT4G18450	1.86	2.0	0.14	0.4	0.549
path	4	-0.604	0.336	-0.665	0.398	AT4G38910	1.97	2.0	0.03	0.4	0.549
path	4	-0.604	0.336	-0.665	0.398	AT5G10280	1.79	2.0	0.21	0.4	0.549
path	4	-0.604	0.336	-0.665	0.398	AT5G43840	1.86	2.0	0.14	0.4	0.549
path	4	-0.604	0.336	-0.665	0.398	AT5G53950	1.56	2.0	0.44	0.4	0.549
path	4	-0.604	0.336	-1.316	0.432	AT5G58900	9.19	10.0	0.81	0.18	0.557
path	4	-0.604	0.336	-1.316	0.432	AT5G62940	9.21	10.0	0.79	0.18	0.557
path	4	-0.604	0.336	-0.665	0.398	AT1G28370	12.68	14.0	1.32	0.16	0.558
path	4	-0.604	0.336	-0.665	0.398	AT3G56850	12.51	14.0	1.49	0.16	0.558
path	4	-0.604	0.336	-0.665	0.398	AT3G26790	2.7	3.0	0.3	0.34	0.561
path	4	-0.604	0.336	-0.665	0.398	AT5G63090	2.59	3.0	0.41	0.34	0.561
path	4	-0.604	0.336	-1.316	0.432	AT1G12260	3.33	4.0	0.67	0.26	0.566
path	4	-0.604	0.336	-1.316	0.432	AT1G13260	3.7	4.0	0.3	0.26	0.566
path	4	-0.604	0.336	-1.316	0.432	AT1G34180	3.22	4.0	0.78	0.26	0.566
path	4	-0.604	0.336	-1.316	0.432	AT3G49530	3.35	4.0	0.65	0.26	0.566
path	4	-0.604	0.336	-1.316	0.432	AT5G64060	3.23	4.0	0.77	0.26	0.566
path	4	-0.604	0.336	-0.665	0.398	AT5G25190	13.52	15.0	1.48	0.09	0.567
path	4	-0.604	0.336	-1.316	0.432	AT3G20310	13.7	15.0	1.3	0.03	0.57
path	4	-0.604	0.336	-0.665	0.398	AT1G02250	3.23	4.0	0.77	0.27	0.572
path	4	-0.604	0.336	-0.665	0.398	AT1G14580	3.71	4.0	0.29	0.27	0.572
path	4	-0.604	0.336	-0.665	0.398	AT1G68670	3.62	4.0	0.38	0.27	0.572
path	4	-0.604	0.336	-0.665	0.398	AT2G01818	3.71	4.0	0.29	0.27	0.572
path	4	-0.604	0.336	-0.665	0.398	AT2G18060	3.17	4.0	0.83	0.27	0.572
path	4	-0.604	0.336	-0.665	0.398	AT3G06490	3.61	4.0	0.39	0.27	0.572
path	4	-0.604	0.336	-0.665	0.398	AT3G17730	3.16	4.0	0.84	0.27	0.572
path	4	-0.604	0.336	-0.665	0.398	AT3G23220	3.63	4.0	0.37	0.27	0.572
path	4	-0.604	0.336	-0.665	0.398	AT3G30210	3.69	4.0	0.31	0.27	0.572
path	4	-0.604	0.336	-0.665	0.398	AT3G46590	3.81	4.0	0.19	0.27	0.572
path	4	-0.604	0.336	-1.316	0.432	AT1G50640	8.04	9.0	0.96	0.11	0.572
path	4	-0.604	0.336	-1.316	0.432	AT1G55110	8.33	9.0	0.67	0.11	0.572
path	4	-0.604	0.336	-1.316	0.432	AT2G45410	8.13	9.0	0.87	0.11	0.572
path	4	-0.604	0.336	-1.316	0.432	AT3G53200	8.26	9.0	0.74	0.11	0.572
path	4	-0.604	0.336	-0.665	0.398	AT3G24120	14.85	16.0	1.15	0.03	0.575
path	4	-0.604	0.336	-0.665	0.398	AT1G70920	4.4	5.0	0.6	0.21	0.581
path	4	-0.604	0.336	-0.665	0.398	AT5G08330	4.47	5.0	0.53	0.21	0.581
path	4	-0.604	0.336	-0.665	0.398	AT5G47230	4.75	5.0	0.25	0.21	0.581
path	4	-0.604	0.336	-1.316	0.432	AT3G24120	12.99	14.0	1.01	-0.03	0.582
path	4	-0.604	0.336	-0.665	0.398	AT3G20310	15.52	17.0	1.48	-0.03	0.583
path	4	-0.604	0.336	-1.316	0.432	AT1G75490	7.46	8.0	0.54	0.05	0.588
path	4	-0.604	0.336	-1.316	0.432	AT2G30340	7.3	8.0	0.7	0.05	0.588
path	4	-0.604	0.336	-1.316	0.432	AT3G22830	7.36	8.0	0.64	0.05	0.588
path	4	-0.604	0.336	-1.316	0.432	AT3G24050	7.66	8.0	0.34	0.05	0.588
path	4	-0.604	0.336	-1.316	0.432	AT3G28920	7.04	8.0	0.96	0.05	0.588
path	4	-0.604	0.336	-1.316	0.432	AT5G60130	7.39	8.0	0.61	0.05	0.588
path	4	-0.604	0.336	-0.665	0.398	AT2G22430	5.32	6.0	0.68	0.14	0.589
path	4	-0.604	0.336	-0.665	0.398	AT5G18270	5.06	6.0	0.94	0.14	0.589
path	4	-0.604	0.336	-0.665	0.398	AT5G45300	5.32	6.0	0.68	0.14	0.589
path	4	-0.604	0.336	-1.316	0.432	AT5G25190	11.7	13.0	1.3	-0.09	0.594
path	4	-0.604	0.336	-1.316	0.432	AT3G11280	2.62	3.0	0.38	0.19	0.596
path	4	-0.604	0.336	-1.316	0.432	AT3G15170	2.58	3.0	0.42	0.19	0.596
path	4	-0.604	0.336	-1.316	0.432	AT3G18400	2.08	3.0	0.92	0.19	0.596
path	4	-0.604	0.336	-1.316	0.432	AT3G51080	2.9	3.0	0.1	0.19	0.596
path	4	-0.604	0.336	-1.316	0.432	AT4G26640	2.48	3.0	0.52	0.19	0.596
path	4	-0.604	0.336	-0.665	0.398	AT2G15740	7.09	8.0	0.91	0.01	0.604
path	4	-0.604	0.336	-0.665	0.398	AT3G01970	6.89	8.0	1.11	0.01	0.604
path	4	-0.604	0.336	-0.665	0.398	AT4G23550	6.91	8.0	1.09	0.01	0.604
path	4	-0.604	0.336	-0.665	0.398	AT4G29230	7.02	8.0	0.98	0.01	0.604
path	4	-0.604	0.336	-0.665	0.398	AT5G65210	6.93	8.0	1.07	0.01	0.604
path	4	-0.604	0.336	-0.665	0.398	AT1G08010	19.37	20.0	0.63	-0.23	0.605
path	4	-0.604	0.336	-1.316	0.432	AT2G15740	6.2	7.0	0.8	-0.01	0.607
path	4	-0.604	0.336	-1.316	0.432	AT3G01970	6.02	7.0	0.98	-0.01	0.607
path	4	-0.604	0.336	-1.316	0.432	AT4G23550	6.04	7.0	0.96	-0.01	0.607
path	4	-0.604	0.336	-1.316	0.432	AT4G29230	6.14	7.0	0.86	-0.01	0.607
path	4	-0.604	0.336	-1.316	0.432	AT5G65210	6.06	7.0	0.94	-0.01	0.607
path	4	-0.604	0.336	-1.316	0.432	AT1G28370	10.84	12.0	1.16	-0.16	0.608
path	4	-0.604	0.336	-1.316	0.432	AT3G56850	10.69	12.0	1.31	-0.16	0.608
path	4	-0.604	0.336	-0.665	0.398	AT1G75490	8.39	9.0	0.61	-0.05	0.611
path	4	-0.604	0.336	-0.665	0.398	AT2G30340	8.2	9.0	0.8	-0.05	0.611
path	4	-0.604	0.336	-0.665	0.398	AT3G22830	8.27	9.0	0.73	-0.05	0.611
path	4	-0.604	0.336	-0.665	0.398	AT3G24050	8.62	9.0	0.38	-0.05	0.611
path	4	-0.604	0.336	-0.665	0.398	AT3G28920	7.91	9.0	1.09	-0.05	0.611
path	4	-0.604	0.336	-0.665	0.398	AT5G60130	8.31	9.0	0.69	-0.05	0.611
path	4	-0.604	0.336	-0.665	0.398	AT1G50640	8.91	10.0	1.09	-0.11	0.618
path	4	-0.604	0.336	-0.665	0.398	AT1G55110	9.24	10.0	0.76	-0.11	0.618
path	4	-0.604	0.336	-0.665	0.398	AT2G45410	9.01	10.0	0.99	-0.11	0.618
path	4	-0.604	0.336	-0.665	0.398	AT3G53200	9.16	10.0	0.84	-0.11	0.618
path	4	-0.604	0.336	-1.316	0.432	AT2G35530	9.69	11.0	1.31	-0.22	0.622
path	4	-0.604	0.336	-0.665	0.398	AT5G58900	10.08	11.0	0.92	-0.18	0.624
path	4	-0.604	0.336	-0.665	0.398	AT5G62940	10.1	11.0	0.9	-0.18	0.624
path	4	-0.604	0.336	-0.665	0.398	AT1G49010	10.92	12.0	1.08	-0.24	0.63
path	4	-0.604	0.336	-0.665	0.398	AT3G50410	12.25	13.0	0.75	-0.31	0.636
path	4	-0.604	0.336	-1.316	0.432	AT4G25490	8.98	10.0	1.02	-0.29	0.638
path	4	-0.604	0.336	-1.316	0.432	AT5G65410	9.11	10.0	0.89	-0.29	0.638
path	4	-0.604	0.336	-1.316	0.432	AT1G04880	1.68	2.0	0.32	0.13	0.639
path	4	-0.604	0.336	-1.316	0.432	AT2G03340	1.59	2.0	0.41	0.13	0.639
path	4	-0.604	0.336	-1.316	0.432	AT2G45680	1.87	2.0	0.13	0.13	0.639
path	4	-0.604	0.336	-1.316	0.432	AT2G46130	1.64	2.0	0.36	0.13	0.639
path	4	-0.604	0.336	-1.316	0.432	AT4G28140	1.84	2.0	0.16	0.13	0.639
path	4	-0.604	0.336	-1.316	0.432	AT5G44160	1.86	2.0	0.14	0.13	0.639
path	4	-0.604	0.336	-0.665	0.398	AT2G23340	12.96	14.0	1.04	-0.37	0.642
path	4	-0.604	0.336	-0.665	0.398	AT5G64750	12.76	14.0	1.24	-0.37	0.642
path	4	-0.604	0.336	-1.316	0.432	AT2G22430	4.4	5.0	0.6	-0.14	0.653
path	4	-0.604	0.336	-1.316	0.432	AT5G18270	4.17	5.0	0.83	-0.14	0.653
path	4	-0.604	0.336	-1.316	0.432	AT5G45300	4.4	5.0	0.6	-0.14	0.653
path	4	-0.604	0.336	-1.316	0.432	AT1G16490	8.31	9.0	0.69	-0.35	0.655
path	4	-0.604	0.336	-1.316	0.432	AT1G45249	8.24	9.0	0.76	-0.35	0.655
path	4	-0.604	0.336	-1.316	0.432	AT2G03500	8.33	9.0	0.67	-0.35	0.655
path	4	-0.604	0.336	-1.316	0.432	AT5G47660	8.37	9.0	0.63	-0.35	0.655
path	4	-0.604	0.336	-0.665	0.398	AT3G55370	16.74	18.0	1.26	-0.63	0.664
path	4	-0.604	0.336	-0.665	0.398	AT5G05550	16.38	18.0	1.62	-0.63	0.664
path	4	-0.604	0.336	-1.316	0.432	AT1G51700	7.34	8.0	0.66	-0.42	0.673
path	4	-0.604	0.336	-1.316	0.432	AT3G60580	7.61	8.0	0.39	-0.42	0.673
path	4	-0.604	0.336	-1.316	0.432	AT1G06280	10.65	12.0	1.35	-0.63	0.679
path	4	-0.604	0.336	-1.316	0.432	AT1G70920	3.48	4.0	0.52	-0.21	0.683
path	4	-0.604	0.336	-1.316	0.432	AT5G08330	3.53	4.0	0.47	-0.21	0.683
path	4	-0.604	0.336	-1.316	0.432	AT5G47230	3.78	4.0	0.22	-0.21	0.683
path	4	-0.604	0.336	-1.316	0.432	AT1G32150	9.71	11.0	1.29	-0.69	0.694
path	4	-0.604	0.336	-1.316	0.432	AT1G74480	10.26	11.0	0.74	-0.69	0.694
path	4	-0.604	0.336	-1.316	0.432	AT2G18160	9.83	11.0	1.17	-0.69	0.694
path	4	-0.604	0.336	-1.316	0.432	AT3G09735	6.34	7.0	0.66	-0.48	0.694
path	4	-0.604	0.336	-1.316	0.432	AT3G12130	6.47	7.0	0.53	-0.48	0.694
path	4	-0.604	0.336	-1.316	0.432	AT3G23240	6.41	7.0	0.59	-0.48	0.694
path	4	-0.604	0.336	-1.316	0.432	AT3G62420	9.67	11.0	1.33	-0.69	0.694
path	4	-0.604	0.336	-1.316	0.432	AT5G03790	6.19	7.0	0.81	-0.48	0.694
path	4	-0.604	0.336	-1.316	0.432	AT5G06839	6.06	7.0	0.94	-0.48	0.694
path	4	-0.604	0.336	-1.316	0.432	AT5G47390	6.12	7.0	0.88	-0.48	0.694
path	4	-0.604	0.336	-1.316	0.432	AT2G33710	13.98	15.0	1.02	-0.9	0.7
path	4	-0.604	0.336	-0.665	0.398	AT1G25550	6.44	7.0	0.56	-0.45	0.702
path	4	-0.604	0.336	-0.665	0.398	AT1G62300	5.02	6.0	0.98	-0.39	0.702
path	4	-0.604	0.336	-0.665	0.398	AT4G01250	5.09	6.0	0.91	-0.39	0.702
path	4	-0.604	0.336	-0.665	0.398	AT4G01550	5.22	6.0	0.78	-0.39	0.702
path	4	-0.604	0.336	-0.665	0.398	AT4G27950	6.44	7.0	0.56	-0.45	0.702
path	4	-0.604	0.336	-0.665	0.398	AT1G01720	6.94	8.0	1.06	-0.52	0.703
path	4	-0.604	0.336	-0.665	0.398	AT1G26960	7.03	8.0	0.97	-0.52	0.703
path	4	-0.604	0.336	-0.665	0.398	AT1G68320	7.26	8.0	0.74	-0.52	0.703
path	4	-0.604	0.336	-0.665	0.398	AT2G23320	6.76	8.0	1.24	-0.52	0.703
path	4	-0.604	0.336	-0.665	0.398	AT2G38470	6.8	8.0	1.2	-0.52	0.703
path	4	-0.604	0.336	-0.665	0.398	AT2G42430	7.11	8.0	0.89	-0.52	0.703
path	4	-0.604	0.336	-0.665	0.398	AT3G08500	7.34	8.0	0.66	-0.52	0.703
path	4	-0.604	0.336	-0.665	0.398	AT3G12720	7.26	8.0	0.74	-0.52	0.703
path	4	-0.604	0.336	-0.665	0.398	AT3G12730	7.22	8.0	0.78	-0.52	0.703
path	4	-0.604	0.336	-0.665	0.398	AT3G60530	7.73	8.0	0.27	-0.52	0.703
path	4	-0.604	0.336	-0.665	0.398	AT5G10030	6.7	8.0	1.3	-0.52	0.703
path	4	-0.604	0.336	-0.665	0.398	AT5G26170	6.75	8.0	1.25	-0.52	0.703
path	4	-0.604	0.336	-0.665	0.398	AT1G29860	3.85	5.0	1.15	-0.32	0.704
path	4	-0.604	0.336	-0.665	0.398	AT2G30250	7.62	9.0	1.38	-0.58	0.704
path	4	-0.604	0.336	-0.665	0.398	AT3G10480	4.14	5.0	0.86	-0.32	0.704
path	4	-0.604	0.336	-0.665	0.398	AT5G04410	4.14	5.0	0.86	-0.32	0.704
path	4	-0.604	0.336	-0.665	0.398	AT5G62380	4.19	5.0	0.81	-0.32	0.704
path	4	-0.604	0.336	-0.665	0.398	AT5G66730	9.23	10.0	0.77	-0.65	0.706
path	4	-0.604	0.336	-0.665	0.398	AT1G12260	3.24	4.0	0.76	-0.26	0.709
path	4	-0.604	0.336	-0.665	0.398	AT1G13260	3.66	4.0	0.34	-0.26	0.709
path	4	-0.604	0.336	-0.665	0.398	AT1G34180	3.11	4.0	0.89	-0.26	0.709
path	4	-0.604	0.336	-0.665	0.398	AT3G44480	10.11	11.0	0.89	-0.71	0.709
path	4	-0.604	0.336	-0.665	0.398	AT3G49530	3.26	4.0	0.74	-0.26	0.709
path	4	-0.604	0.336	-0.665	0.398	AT5G64060	3.12	4.0	0.88	-0.26	0.709
path	4	-0.604	0.336	-0.665	0.398	AT5G67580	10.36	11.0	0.64	-0.71	0.709
path	4	-0.604	0.336	-1.316	0.432	AT1G19000	8.99	10.0	1.01	-0.76	0.71
path	4	-0.604	0.336	-1.316	0.432	AT3G24520	9.2	10.0	0.8	-0.76	0.71
path	4	-0.604	0.336	-1.316	0.432	AT1G19210	12.77	14.0	1.23	-0.97	0.713
path	4	-0.604	0.336	-0.665	0.398	AT3G45610	11.95	13.0	1.05	-0.84	0.714
path	4	-0.604	0.336	-0.665	0.398	AT4G16750	11.73	13.0	1.27	-0.84	0.714
path	4	-0.604	0.336	-0.665	0.398	AT2G28810	12.96	14.0	1.04	-0.91	0.717
path	4	-0.604	0.336	-0.665	0.398	AT3G50260	12.55	14.0	1.45	-0.91	0.717
path	4	-0.604	0.336	-0.665	0.398	AT3G11280	2.57	3.0	0.43	-0.19	0.718
path	4	-0.604	0.336	-0.665	0.398	AT3G15170	2.52	3.0	0.48	-0.19	0.718
path	4	-0.604	0.336	-0.665	0.398	AT3G18400	1.96	3.0	1.04	-0.19	0.718
path	4	-0.604	0.336	-0.665	0.398	AT3G51080	2.89	3.0	0.11	-0.19	0.718
path	4	-0.604	0.336	-0.665	0.398	AT4G26640	2.41	3.0	0.59	-0.19	0.718
path	4	-0.604	0.336	-1.316	0.432	AT1G31140	5.38	6.0	0.62	-0.55	0.718
path	4	-0.604	0.336	-1.316	0.432	AT1G53230	0.85	1.0	0.15	0.06	0.718
path	4	-0.604	0.336	-1.316	0.432	AT1G75080	0.8	1.0	0.2	0.06	0.718
path	4	-0.604	0.336	-1.316	0.432	AT1G76420	5.17	6.0	0.83	-0.55	0.718
path	4	-0.604	0.336	-1.316	0.432	AT1G80840	0.83	1.0	0.17	0.06	0.718
path	4	-0.604	0.336	-1.316	0.432	AT2G17410	0.89	1.0	0.11	0.06	0.718
path	4	-0.604	0.336	-1.316	0.432	AT2G21900	0.93	1.0	0.07	0.06	0.718
path	4	-0.604	0.336	-1.316	0.432	AT3G30530	0.92	1.0	0.08	0.06	0.718
path	4	-0.604	0.336	-1.316	0.432	AT4G01720	0.88	1.0	0.12	0.06	0.718
path	4	-0.604	0.336	-1.316	0.432	AT4G17460	0.96	1.0	0.04	0.06	0.718
path	4	-0.604	0.336	-1.316	0.432	AT4G18890	0.81	1.0	0.19	0.06	0.718
path	4	-0.604	0.336	-1.316	0.432	AT5G05790	5.49	6.0	0.51	-0.55	0.718
path	4	-0.604	0.336	-1.316	0.432	AT5G07100	0.75	1.0	0.25	0.06	0.718
path	4	-0.604	0.336	-1.316	0.432	AT5G25390	0.92	1.0	0.08	0.06	0.718
path	4	-0.604	0.336	-1.316	0.432	AT5G39820	0.8	1.0	0.2	0.06	0.718
path	4	-0.604	0.336	-1.316	0.432	AT5G67000	0.95	1.0	0.05	0.06	0.718
path	4	-0.604	0.336	-0.665	0.398	AT4G34410	13.74	15.0	1.26	-0.97	0.721
path	4	-0.604	0.336	-1.316	0.432	AT1G02250	2.33	3.0	0.67	-0.27	0.721
path	4	-0.604	0.336	-1.316	0.432	AT1G14580	2.75	3.0	0.25	-0.27	0.721
path	4	-0.604	0.336	-1.316	0.432	AT1G68670	2.67	3.0	0.33	-0.27	0.721
path	4	-0.604	0.336	-1.316	0.432	AT2G01818	2.75	3.0	0.25	-0.27	0.721
path	4	-0.604	0.336	-1.316	0.432	AT2G18060	2.27	3.0	0.73	-0.27	0.721
path	4	-0.604	0.336	-1.316	0.432	AT3G06490	2.66	3.0	0.34	-0.27	0.721
path	4	-0.604	0.336	-1.316	0.432	AT3G17730	2.26	3.0	0.74	-0.27	0.721
path	4	-0.604	0.336	-1.316	0.432	AT3G23220	2.67	3.0	0.33	-0.27	0.721
path	4	-0.604	0.336	-1.316	0.432	AT3G30210	2.73	3.0	0.27	-0.27	0.721
path	4	-0.604	0.336	-1.316	0.432	AT3G46590	2.83	3.0	0.17	-0.27	0.721
path	4	-0.604	0.336	-1.316	0.432	AT2G02080	8.14	9.0	0.86	-0.82	0.728
path	4	-0.604	0.336	-1.316	0.432	AT2G45420	8.05	9.0	0.95	-0.82	0.728
path	4	-0.604	0.336	-1.316	0.432	AT4G36780	7.96	9.0	1.04	-0.82	0.728
path	4	-0.604	0.336	-1.316	0.432	AT5G08520	7.95	9.0	1.05	-0.82	0.728
path	4	-0.604	0.336	-0.665	0.398	AT1G04880	1.64	2.0	0.36	-0.13	0.736
path	4	-0.604	0.336	-0.665	0.398	AT2G03340	1.53	2.0	0.47	-0.13	0.736
path	4	-0.604	0.336	-0.665	0.398	AT2G45680	1.85	2.0	0.15	-0.13	0.736
path	4	-0.604	0.336	-0.665	0.398	AT2G46130	1.6	2.0	0.4	-0.13	0.736
path	4	-0.604	0.336	-0.665	0.398	AT4G28140	1.82	2.0	0.18	-0.13	0.736
path	4	-0.604	0.336	-0.665	0.398	AT5G44160	1.84	2.0	0.16	-0.13	0.736
path	4	-0.604	0.336	-1.316	0.432	AT1G64620	11.03	12.0	0.97	-1.09	0.742
path	4	-0.604	0.336	-1.316	0.432	AT5G47370	11.14	12.0	0.86	-1.09	0.742
path	4	-0.604	0.336	-1.316	0.432	AT2G46680	4.45	5.0	0.55	-0.61	0.744
path	4	-0.604	0.336	-1.316	0.432	AT4G36740	4.24	5.0	0.76	-0.61	0.744
path	4	-0.604	0.336	-1.316	0.432	AT5G65510	4.65	5.0	0.35	-0.61	0.744
path	4	-0.604	0.336	-1.316	0.432	AT1G75240	7.09	8.0	0.91	-0.89	0.747
path	4	-0.604	0.336	-1.316	0.432	AT4G00250	7.26	8.0	0.74	-0.89	0.747
path	4	-0.604	0.336	-1.316	0.432	AT5G51990	7.01	8.0	0.99	-0.89	0.747
path	4	-0.604	0.336	-1.316	0.432	AT5G02460	13.93	15.0	1.07	-1.37	0.756
path	4	-0.604	0.336	-1.316	0.432	AT2G36270	9.69	11.0	1.31	-1.16	0.757
path	4	-0.604	0.336	-1.316	0.432	AT1G25340	6.41	7.0	0.59	-0.95	0.768
path	4	-0.604	0.336	-1.316	0.432	AT2G24430	6.1	7.0	0.9	-0.95	0.768
path	4	-0.604	0.336	-1.316	0.432	AT1G53170	16.53	18.0	1.47	-1.64	0.771
path	4	-0.604	0.336	-1.316	0.432	AT3G26790	1.74	2.0	0.26	-0.34	0.773
path	4	-0.604	0.336	-1.316	0.432	AT5G63090	1.64	2.0	0.36	-0.34	0.773
path	4	-0.604	0.336	-1.316	0.432	AT5G03150	3.7	4.0	0.3	-0.68	0.776
path	4	-0.604	0.336	-0.665	0.398	AT1G69010	9.83	11.0	1.17	-1.24	0.781
path	4	-0.604	0.336	-0.665	0.398	AT1G69570	11.93	13.0	1.07	-1.37	0.781
path	4	-0.604	0.336	-0.665	0.398	AT2G04038	8.68	10.0	1.32	-1.18	0.781
path	4	-0.604	0.336	-0.665	0.398	AT2G35700	10.93	12.0	1.07	-1.31	0.781
path	4	-0.604	0.336	-0.665	0.398	AT3G04030	11.02	12.0	0.98	-1.31	0.781
path	4	-0.604	0.336	-0.665	0.398	AT3G47500	10.08	11.0	0.92	-1.24	0.781
path	4	-0.604	0.336	-0.665	0.398	AT4G31060	9.85	11.0	1.15	-1.24	0.781
path	4	-0.604	0.336	-0.665	0.398	AT5G23930	11.87	13.0	1.13	-1.37	0.781
path	4	-0.604	0.336	-0.665	0.398	AT5G45580	10.92	12.0	1.08	-1.31	0.781
path	4	-0.604	0.336	-0.665	0.398	AT3G01530	8.13	9.0	0.87	-1.11	0.782
path	4	-0.604	0.336	-0.665	0.398	AT1G53230	0.83	1.0	0.17	-0.06	0.783
path	4	-0.604	0.336	-0.665	0.398	AT1G75080	0.77	1.0	0.23	-0.06	0.783
path	4	-0.604	0.336	-0.665	0.398	AT1G80840	0.81	1.0	0.19	-0.06	0.783
path	4	-0.604	0.336	-0.665	0.398	AT2G17410	0.88	1.0	0.12	-0.06	0.783
path	4	-0.604	0.336	-0.665	0.398	AT2G21900	0.92	1.0	0.08	-0.06	0.783
path	4	-0.604	0.336	-0.665	0.398	AT3G30530	0.91	1.0	0.09	-0.06	0.783
path	4	-0.604	0.336	-0.665	0.398	AT4G01720	0.86	1.0	0.14	-0.06	0.783
path	4	-0.604	0.336	-0.665	0.398	AT4G17460	0.96	1.0	0.04	-0.06	0.783
path	4	-0.604	0.336	-0.665	0.398	AT4G18890	0.79	1.0	0.21	-0.06	0.783
path	4	-0.604	0.336	-0.665	0.398	AT5G07100	0.71	1.0	0.29	-0.06	0.783
path	4	-0.604	0.336	-0.665	0.398	AT5G25390	0.91	1.0	0.09	-0.06	0.783
path	4	-0.604	0.336	-0.665	0.398	AT5G39820	0.78	1.0	0.22	-0.06	0.783
path	4	-0.604	0.336	-0.665	0.398	AT5G67000	0.94	1.0	0.06	-0.06	0.783
path	4	-0.604	0.336	-0.665	0.398	AT1G27730	7.46	8.0	0.54	-1.05	0.785
path	4	-0.604	0.336	-0.665	0.398	AT3G12250	6.7	8.0	1.3	-1.05	0.785
path	4	-0.604	0.336	-0.665	0.398	AT1G71450	15.39	17.0	1.61	-1.63	0.787
path	4	-0.604	0.336	-0.665	0.398	AT5G25830	16.4	17.0	0.6	-1.63	0.787
path	4	-0.604	0.336	-0.665	0.398	AT1G30650	5.87	7.0	1.13	-0.99	0.788
path	4	-0.604	0.336	-0.665	0.398	AT1G79580	6.02	7.0	0.98	-0.99	0.788
path	4	-0.604	0.336	-0.665	0.398	AT3G01220	6.23	7.0	0.77	-0.99	0.788
path	4	-0.604	0.336	-0.665	0.398	AT5G54230	6.06	7.0	0.94	-0.99	0.788
path	4	-0.604	0.336	-1.316	0.432	AT1G33240	8.16	9.0	0.84	-1.29	0.79
path	4	-0.604	0.336	-1.316	0.432	AT3G10580	8.17	9.0	0.83	-1.29	0.79
path	4	-0.604	0.336	-1.316	0.432	AT3G21890	8.22	9.0	0.78	-1.29	0.79
path	4	-0.604	0.336	-0.665	0.398	AT1G19790	5.58	6.0	0.42	-0.92	0.793
path	4	-0.604	0.336	-0.665	0.398	AT1G32870	4.17	5.0	0.83	-0.86	0.8
path	4	-0.604	0.336	-0.665	0.398	AT2G46770	4.18	5.0	0.82	-0.86	0.8
path	4	-0.604	0.336	-0.665	0.398	AT4G05100	4.56	5.0	0.44	-0.86	0.8
path	4	-0.604	0.336	-1.316	0.432	AT1G76890	7.14	8.0	0.86	-1.35	0.809
path	4	-0.604	0.336	-1.316	0.432	AT2G01060	7.46	8.0	0.54	-1.35	0.809
path	4	-0.604	0.336	-1.316	0.432	AT5G56840	6.93	8.0	1.07	-1.35	0.809
path	4	-0.604	0.336	-0.665	0.398	AT1G72010	3.5	4.0	0.5	-0.79	0.811
path	4	-0.604	0.336	-0.665	0.398	AT3G04060	3.16	4.0	0.84	-0.79	0.811
path	4	-0.604	0.336	-0.665	0.398	AT4G18170	2.9	4.0	1.1	-0.79	0.811
path	4	-0.604	0.336	-0.665	0.398	AT5G46350	3.33	4.0	0.67	-0.79	0.811
path	4	-0.604	0.336	-1.316	0.432	AT1G06850	2.41	3.0	0.59	-0.74	0.814
path	4	-0.604	0.336	-1.316	0.432	AT1G44830	2.67	3.0	0.33	-0.74	0.814
path	4	-0.604	0.336	-1.316	0.432	AT3G50700	2.74	3.0	0.26	-0.74	0.814
path	4	-0.604	0.336	-1.316	0.432	AT5G06960	2.47	3.0	0.53	-0.74	0.814
path	4	-0.604	0.336	-1.316	0.432	AT5G22500	2.72	3.0	0.28	-0.74	0.814
path	4	-0.604	0.336	-1.316	0.432	AT5G67450	2.85	3.0	0.15	-0.74	0.814
path	4	-0.604	0.336	-1.316	0.432	AT4G11660	4.5	5.0	0.5	-1.08	0.817
path	4	-0.604	0.336	-1.316	0.432	AT5G44210	4.5	5.0	0.5	-1.08	0.817
path	4	-0.604	0.336	-0.665	0.398	AT1G54330	2.2	3.0	0.8	-0.73	0.827
path	4	-0.604	0.336	-0.665	0.398	AT3G10500	2.2	3.0	0.8	-0.73	0.827
path	4	-0.604	0.336	-0.665	0.398	AT3G25990	2.67	3.0	0.33	-0.73	0.827
path	4	-0.604	0.336	-1.316	0.432	AT1G09540	6.24	7.0	0.76	-1.42	0.829
path	4	-0.604	0.336	-1.316	0.432	AT2G42200	6.18	7.0	0.82	-1.42	0.829
path	4	-0.604	0.336	-0.665	0.398	AT1G77200	10.85	12.0	1.15	-1.84	0.838
path	4	-0.604	0.336	-0.665	0.398	AT2G31230	10.97	12.0	1.03	-1.84	0.838
path	4	-0.604	0.336	-0.665	0.398	AT1G22810	9.05	10.0	0.95	-1.71	0.842
path	4	-0.604	0.336	-0.665	0.398	AT1G78700	8.83	10.0	1.17	-1.71	0.842
path	4	-0.604	0.336	-0.665	0.398	AT5G66940	8.98	10.0	1.02	-1.71	0.842
path	4	-0.604	0.336	-1.316	0.432	AT1G12630	8.01	9.0	0.99	-1.76	0.842
path	4	-0.604	0.336	-1.316	0.432	AT4G25480	7.92	9.0	1.08	-1.76	0.842
path	4	-0.604	0.336	-0.665	0.398	AT2G02820	21.57	23.0	1.43	-2.55	0.844
path	4	-0.604	0.336	-0.665	0.398	AT2G02540	8.05	9.0	0.95	-1.65	0.845
path	4	-0.604	0.336	-1.316	0.432	AT2G18350	3.21	4.0	0.79	-1.14	0.846
path	4	-0.604	0.336	-1.316	0.432	AT4G17980	3.15	4.0	0.85	-1.14	0.846
path	4	-0.604	0.336	-1.316	0.432	AT4G28500	3.19	4.0	0.81	-1.14	0.846
path	4	-0.604	0.336	-1.316	0.432	AT5G18450	3.43	4.0	0.57	-1.14	0.846
path	4	-0.604	0.336	-1.316	0.432	AT5G39610	3.26	4.0	0.74	-1.14	0.846
path	4	-0.604	0.336	-0.665	0.398	AT2G44840	7.0	8.0	1.0	-1.58	0.849
path	4	-0.604	0.336	-0.665	0.398	AT5G04390	7.48	8.0	0.52	-1.58	0.849
path	4	-0.604	0.336	-1.316	0.432	AT1G34190	5.21	6.0	0.79	-1.48	0.85
path	4	-0.604	0.336	-1.316	0.432	AT5G52830	5.08	6.0	0.92	-1.48	0.85
path	4	-0.604	0.336	-1.316	0.432	AT2G17950	0.85	1.0	0.15	-0.4	0.851
path	4	-0.604	0.336	-1.316	0.432	AT3G47600	0.91	1.0	0.09	-0.4	0.851
path	4	-0.604	0.336	-1.316	0.432	AT4G01500	0.83	1.0	0.17	-0.4	0.851
path	4	-0.604	0.336	-1.316	0.432	AT4G18450	0.88	1.0	0.12	-0.4	0.851
path	4	-0.604	0.336	-1.316	0.432	AT4G38910	0.97	1.0	0.03	-0.4	0.851
path	4	-0.604	0.336	-1.316	0.432	AT5G10280	0.82	1.0	0.18	-0.4	0.851
path	4	-0.604	0.336	-1.316	0.432	AT5G43840	0.88	1.0	0.12	-0.4	0.851
path	4	-0.604	0.336	-1.316	0.432	AT5G53950	0.62	1.0	0.38	-0.4	0.851
path	4	-0.604	0.336	-0.665	0.398	AT1G69690	1.75	2.0	0.25	-0.66	0.853
path	4	-0.604	0.336	-0.665	0.398	AT2G41690	1.78	2.0	0.22	-0.66	0.853
path	4	-0.604	0.336	-0.665	0.398	AT3G27010	1.77	2.0	0.23	-0.66	0.853
path	4	-0.604	0.336	-0.665	0.398	AT5G66300	1.55	2.0	0.45	-0.66	0.853
path	4	-0.604	0.336	-0.665	0.398	AT1G25580	0.82	2.0	1.18	-0.66	0.853
path	4	-0.604	0.336	-0.665	0.398	AT1G14687	6.1	7.0	0.9	-1.52	0.854
path	4	-0.604	0.336	-0.665	0.398	AT1G29280	5.78	7.0	1.22	-1.52	0.854
path	4	-0.604	0.336	-1.316	0.432	AT1G28160	9.99	11.0	1.01	-2.09	0.855
path	4	-0.604	0.336	-1.316	0.432	AT3G15210	12.58	14.0	1.42	-2.37	0.858
path	4	-0.604	0.336	-0.665	0.398	AT3G18990	5.19	6.0	0.81	-1.45	0.861
path	4	-0.604	0.336	-1.316	0.432	AT5G63260	9.11	10.0	0.89	-2.16	0.869
path	4	-0.604	0.336	-1.316	0.432	AT3G11020	4.43	5.0	0.57	-1.55	0.873
path	4	-0.604	0.336	-1.316	0.432	AT4G26030	4.35	5.0	0.65	-1.55	0.873
path	4	-0.604	0.336	-1.316	0.432	AT5G06950	4.13	5.0	0.87	-1.55	0.873
path	4	-0.604	0.336	-1.316	0.432	AT5G13180	4.21	5.0	0.79	-1.55	0.873
path	4	-0.604	0.336	-1.316	0.432	AT2G38340	6.02	7.0	0.98	-1.89	0.876
path	4	-0.604	0.336	-0.665	0.398	AT1G49560	13.14	14.0	0.86	-2.5	0.88
path	4	-0.604	0.336	-1.316	0.432	AT3G26620	2.49	3.0	0.51	-1.21	0.88
path	4	-0.604	0.336	-0.665	0.398	AT5G67190	11.86	13.0	1.14	-2.44	0.881
path	4	-0.604	0.336	-0.665	0.398	AT1G02230	3.1	4.0	0.9	-1.32	0.882
path	4	-0.604	0.336	-0.665	0.398	AT4G10350	3.21	4.0	0.79	-1.32	0.882
path	4	-0.604	0.336	-0.665	0.398	AT5G24110	3.2	4.0	0.8	-1.32	0.882
path	4	-0.604	0.336	-0.665	0.398	AT5G62470	3.64	4.0	0.36	-1.32	0.882
path	4	-0.604	0.336	-0.665	0.398	AT4G37180	10.11	11.0	0.89	-2.31	0.885
path	4	-0.604	0.336	-0.665	0.398	AT1G47655	9.26	10.0	0.74	-2.24	0.888
path	4	-0.604	0.336	-1.316	0.432	AT5G61620	9.95	11.0	1.05	-2.56	0.892
path	4	-0.604	0.336	-1.316	0.432	AT1G69180	5.32	6.0	0.68	-1.95	0.894
path	4	-0.604	0.336	-1.316	0.432	AT4G01680	5.37	6.0	0.63	-1.95	0.894
path	4	-0.604	0.336	-0.665	0.398	AT1G08320	6.76	8.0	1.24	-2.11	0.897
path	4	-0.604	0.336	-1.316	0.432	AT1G03800	6.8	8.0	1.2	-2.29	0.897
path	4	-0.604	0.336	-1.316	0.432	AT1G69780	3.35	4.0	0.65	-1.61	0.897
path	4	-0.604	0.336	-1.316	0.432	AT3G10800	3.41	4.0	0.59	-1.61	0.897
path	4	-0.604	0.336	-1.316	0.432	AT4G25470	7.1	8.0	0.9	-2.29	0.897
path	4	-0.604	0.336	-1.316	0.432	AT5G11260	6.82	8.0	1.18	-2.29	0.897
path	4	-0.604	0.336	-1.316	0.432	AT5G16820	7.26	8.0	0.74	-2.29	0.897
path	4	-0.604	0.336	-0.665	0.398	AT1G32240	0.82	1.0	0.18	-0.6	0.899
path	4	-0.604	0.336	-0.665	0.398	AT2G15660	0.84	1.0	0.16	-0.6	0.899
path	4	-0.604	0.336	-0.665	0.398	AT3G03200	2.15	3.0	0.85	-1.26	0.899
path	4	-0.604	0.336	-0.665	0.398	AT3G13350	0.9	1.0	0.1	-0.6	0.899
path	4	-0.604	0.336	-0.665	0.398	AT3G57230	0.89	1.0	0.11	-0.6	0.899
path	4	-0.604	0.336	-0.665	0.398	AT4G22070	2.2	3.0	0.8	-1.26	0.899
path	4	-0.604	0.336	-0.665	0.398	AT5G08130	0.8	1.0	0.2	-0.6	0.899
path	4	-0.604	0.336	-0.665	0.398	AT5G42520	0.96	1.0	0.04	-0.6	0.899
path	4	-0.604	0.336	-0.665	0.398	AT3G02940	6.0	7.0	1.0	-2.05	0.902
path	4	-0.604	0.336	-1.316	0.432	AT2G46590	9.04	10.0	0.96	-2.63	0.903
path	4	-0.604	0.336	-0.665	0.398	AT2G40740	4.84	6.0	1.16	-1.99	0.909
path	4	-0.604	0.336	-0.665	0.398	AT4G06746	5.51	6.0	0.49	-1.99	0.909
path	4	-0.604	0.336	-0.665	0.398	AT5G41570	4.71	6.0	1.29	-1.99	0.909
path	4	-0.604	0.336	-1.316	0.432	AT4G14770	17.08	18.0	0.92	-3.51	0.912
path	4	-0.604	0.336	-1.316	0.432	AT1G28470	4.01	5.0	0.99	-2.01	0.913
path	4	-0.604	0.336	-1.316	0.432	AT5G56110	8.01	9.0	0.99	-2.69	0.915
path	4	-0.604	0.336	-0.665	0.398	AT3G13810	4.37	5.0	0.63	-1.92	0.918
path	4	-0.604	0.336	-0.665	0.398	AT1G65910	1.17	2.0	0.83	-1.19	0.921
path	4	-0.604	0.336	-0.665	0.398	AT1G66370	1.8	2.0	0.2	-1.19	0.921
path	4	-0.604	0.336	-0.665	0.398	AT1G69560	1.81	2.0	0.19	-1.19	0.921
path	4	-0.604	0.336	-0.665	0.398	AT1G75390	1.69	2.0	0.31	-1.19	0.921
path	4	-0.604	0.336	-0.665	0.398	AT5G61600	1.68	2.0	0.32	-1.19	0.921
path	4	-0.604	0.336	-1.316	0.432	AT3G57600	0.89	1.0	0.11	-0.87	0.922
path	4	-0.604	0.336	-1.316	0.432	AT4G17785	0.83	1.0	0.17	-0.87	0.922
path	4	-0.604	0.336	-1.316	0.432	AT5G13910	0.87	1.0	0.13	-0.87	0.922
path	4	-0.604	0.336	-1.316	0.432	AT5G14960	0.82	1.0	0.18	-0.87	0.922
path	4	-0.604	0.336	-1.316	0.432	AT1G12610	2.52	3.0	0.48	-1.68	0.924
path	4	-0.604	0.336	-1.316	0.432	AT1G18330	2.33	3.0	0.67	-1.68	0.924
path	4	-0.604	0.336	-1.316	0.432	AT1G79180	2.63	3.0	0.37	-1.68	0.924
path	4	-0.604	0.336	-1.316	0.432	AT5G09410	2.14	3.0	0.86	-1.68	0.924
path	4	-0.604	0.336	-0.665	0.398	AT2G43000	7.75	9.0	1.25	-2.71	0.927
path	4	-0.604	0.336	-0.665	0.398	AT4G01540	7.73	9.0	1.27	-2.71	0.927
path	4	-0.604	0.336	-1.316	0.432	AT4G00730	5.26	6.0	0.74	-2.42	0.927
path	4	-0.604	0.336	-0.665	0.398	AT5G47220	3.54	4.0	0.46	-1.86	0.929
path	4	-0.604	0.336	-1.316	0.432	AT1G68550	8.89	10.0	1.11	-3.09	0.93
path	4	-0.604	0.336	-0.665	0.398	AT4G31800	6.62	8.0	1.38	-2.65	0.931
path	4	-0.604	0.336	-0.665	0.398	AT4G38170	6.92	8.0	1.08	-2.65	0.931
path	4	-0.604	0.336	-1.316	0.432	AT1G74840	3.19	4.0	0.81	-2.08	0.933
path	4	-0.604	0.336	-1.316	0.432	AT5G29000	3.31	4.0	0.69	-2.08	0.933
path	4	-0.604	0.336	-1.316	0.432	AT5G60850	11.02	12.0	0.98	-3.43	0.934
path	4	-0.604	0.336	-0.665	0.398	AT1G74650	6.09	7.0	0.91	-2.58	0.937
path	4	-0.604	0.336	-1.316	0.432	AT2G40260	6.29	7.0	0.71	-2.82	0.939
path	4	-0.604	0.336	-1.316	0.432	AT4G01280	6.14	7.0	0.86	-2.82	0.939
path	4	-0.604	0.336	-1.316	0.432	AT5G15830	7.73	9.0	1.27	-3.16	0.94
path	4	-0.604	0.336	-1.316	0.432	AT2G47070	4.3	5.0	0.7	-2.48	0.942
path	4	-0.604	0.336	-0.665	0.398	AT5G65310	4.94	6.0	1.06	-2.52	0.943
path	4	-0.604	0.336	-0.665	0.398	AT2G18380	10.15	11.0	0.85	-3.37	0.946
path	4	-0.604	0.336	-1.316	0.432	AT3G52440	7.02	8.0	0.98	-3.22	0.949
path	4	-0.604	0.336	-0.665	0.398	AT2G02070	4.31	5.0	0.69	-2.45	0.95
path	4	-0.604	0.336	-0.665	0.398	AT4G24470	4.73	5.0	0.27	-2.45	0.95
path	4	-0.604	0.336	-0.665	0.398	AT5G62000	4.41	5.0	0.59	-2.45	0.95
path	4	-0.604	0.336	-1.316	0.432	AT1G71696	17.1	18.0	0.9	-4.45	0.95
path	4	-0.604	0.336	-1.316	0.432	AT1G06180	1.62	2.0	0.38	-1.74	0.952
path	4	-0.604	0.336	-1.316	0.432	AT3G57920	1.37	2.0	0.63	-1.74	0.952
path	4	-0.604	0.336	-1.316	0.432	AT4G34590	1.62	2.0	0.38	-1.74	0.952
path	4	-0.604	0.336	-1.316	0.432	AT1G36060	2.5	3.0	0.5	-2.14	0.953
path	4	-0.604	0.336	-1.316	0.432	AT5G65130	2.52	3.0	0.48	-2.14	0.953
path	4	-0.604	0.336	-0.665	0.398	AT3G28910	0.67	1.0	0.33	-1.13	0.954
path	4	-0.604	0.336	-0.665	0.398	AT4G27900	0.92	1.0	0.08	-1.13	0.954
path	4	-0.604	0.336	-0.665	0.398	AT4G31550	0.68	1.0	0.32	-1.13	0.954
path	4	-0.604	0.336	-0.665	0.398	AT2G44940	7.17	8.0	0.83	-3.18	0.956
path	4	-0.604	0.336	-0.665	0.398	AT3G16280	7.2	8.0	0.8	-3.18	0.956
path	4	-0.604	0.336	-1.316	0.432	AT2G20400	3.35	4.0	0.65	-2.55	0.957
path	4	-0.604	0.336	-1.316	0.432	AT2G33550	3.63	4.0	0.37	-2.55	0.957
path	4	-0.604	0.336	-0.665	0.398	AT3G06740	1.49	2.0	0.51	-1.73	0.959
path	4	-0.604	0.336	-0.665	0.398	AT3G42860	1.43	2.0	0.57	-1.73	0.959
path	4	-0.604	0.336	-0.665	0.398	AT5G59990	1.79	2.0	0.21	-1.73	0.959
path	4	-0.604	0.336	-1.316	0.432	AT1G13400	0.83	1.0	0.17	-1.34	0.959
path	4	-0.604	0.336	-1.316	0.432	AT1G43700	0.79	1.0	0.21	-1.34	0.959
path	4	-0.604	0.336	-1.316	0.432	AT4G24020	0.9	1.0	0.1	-1.34	0.959
path	4	-0.604	0.336	-0.665	0.398	AT1G03840	6.37	7.0	0.63	-3.11	0.96
path	4	-0.604	0.336	-0.665	0.398	AT5G13080	5.7	7.0	1.3	-3.11	0.96
path	4	-0.604	0.336	-1.316	0.432	AT5G62320	4.43	5.0	0.57	-2.95	0.962
path	4	-0.604	0.336	-1.316	0.432	AT1G51220	3.46	4.0	0.54	-3.01	0.973
path	4	-0.604	0.336	-1.316	0.432	AT4G36160	2.93	4.0	1.07	-3.01	0.973
path	4	-0.604	0.336	-1.316	0.432	AT5G18560	3.43	4.0	0.57	-3.01	0.973
path	4	-0.604	0.336	-0.665	0.398	AT3G60490	6.23	7.0	0.77	-3.65	0.975
path	4	-0.604	0.336	-1.316	0.432	AT3G15270	3.95	5.0	1.05	-3.42	0.976
path	4	-0.604	0.336	-0.665	0.398	AT3G50060	10.04	11.0	0.96	-4.44	0.977
path	4	-0.604	0.336	-0.665	0.398	AT1G01250	0.86	1.0	0.14	-1.66	0.979
path	4	-0.604	0.336	-1.316	0.432	AT1G72740	5.44	6.0	0.56	-3.82	0.979
path	4	-0.604	0.336	-1.316	0.432	AT1G77640	0.85	1.0	0.15	-1.81	0.979
path	4	-0.604	0.336	-1.316	0.432	AT5G22990	5.84	7.0	1.16	-4.22	0.982
path	4	-0.604	0.336	-0.665	0.398	AT1G34670	2.15	3.0	0.85	-2.86	0.983
path	4	-0.604	0.336	-0.665	0.398	AT2G06200	2.58	3.0	0.42	-2.86	0.983
path	4	-0.604	0.336	-0.665	0.398	AT4G32800	2.61	3.0	0.39	-2.86	0.983
path	4	-0.604	0.336	-1.316	0.432	AT1G20910	1.45	2.0	0.55	-2.68	0.984
path	4	-0.604	0.336	-0.665	0.398	AT2G01940	6.16	7.0	0.84	-4.18	0.985
path	4	-0.604	0.336	-1.316	0.432	AT3G58630	0.74	1.0	0.26	-2.27	0.989
path	4	-0.604	0.336	-0.665	0.398	AT2G26960	4.39	5.0	0.61	-4.05	0.99
path	4	-0.604	0.336	-1.316	0.432	AT1G52880	2.12	3.0	0.88	-3.55	0.99
path	4	-0.604	0.336	-1.316	0.432	AT3G09600	3.12	4.0	0.88	-3.95	0.99
path	4	-0.604	0.336	-1.316	0.432	AT1G69490	1.15	2.0	0.85	-3.14	0.991
path	4	-0.604	0.336	-1.316	0.432	AT4G38000	3.96	5.0	1.04	-4.35	0.991
path	4	-0.604	0.336	-1.316	0.432	AT2G20110	7.08	8.0	0.92	-5.56	0.993
path	4	-0.604	0.336	-1.316	0.432	AT1G20980	0.57	1.0	0.43	-2.74	0.994
path	4	-0.604	0.336	-0.665	0.398	AT1G30490	1.33	2.0	0.67	-3.32	0.995
path	4	-0.604	0.336	-0.665	0.398	AT1G52150	1.39	2.0	0.61	-3.32	0.995
path	4	-0.604	0.336	-0.665	0.398	AT3G21175	1.65	2.0	0.35	-3.32	0.995
path	4	-0.604	0.336	-1.316	0.432	AT3G10113	1.32	2.0	0.68	-3.61	0.995
path	4	-0.604	0.336	-1.316	0.432	AT5G17300	5.04	6.0	0.96	-5.22	0.995
path	4	-0.604	0.336	-1.316	0.432	AT5G52660	1.26	2.0	0.74	-3.61	0.995
path	4	-0.604	0.336	-0.665	0.398	AT5G17800	7.23	8.0	0.77	-5.84	0.996
path	4	-0.604	0.336	-0.665	0.398	AT5G66700	4.86	6.0	1.14	-5.18	0.996
path	4	-0.604	0.336	-0.665	0.398	AT1G24250	1.58	2.0	0.42	-3.86	0.997
path	4	-0.604	0.336	-0.665	0.398	AT3G10030	4.47	5.0	0.53	-5.11	0.997
path	4	-0.604	0.336	-1.316	0.432	AT3G61150	2.29	3.0	0.71	-4.48	0.997
path	4	-0.604	0.336	-0.665	0.398	AT2G32460	7.22	8.0	0.78	-6.37	0.998
path	4	-0.604	0.336	-1.316	0.432	AT1G01060	2.15	3.0	0.85	-4.95	0.998
path	4	-0.604	0.336	-0.665	0.398	AT2G01930	9.05	10.0	0.95	-7.57	0.999
path	4	-0.604	0.336	-0.665	0.398	AT5G06100	7.05	8.0	0.95	-6.91	0.999
path	4	-0.604	0.336	-0.665	0.398	AT1G13300	-0.11	0.0	0.11	0.0	1.0
path	4	-0.604	0.336	-0.665	0.398	AT1G17950	-0.01	0.0	0.01	0.0	1.0
path	4	-0.604	0.336	-0.665	0.398	AT1G18960	-0.01	0.0	0.01	0.0	1.0
path	4	-0.604	0.336	-0.665	0.398	AT1G19040	-0.16	0.0	0.16	0.0	1.0
path	4	-0.604	0.336	-0.665	0.398	AT1G23810	-0.07	0.0	0.07	0.0	1.0
path	4	-0.604	0.336	-0.665	0.398	AT1G27360	-0.05	0.0	0.05	-0.53	1.0
path	4	-0.604	0.336	-0.665	0.398	AT1G30210	-0.02	0.0	0.02	0.0	1.0
path	4	-0.604	0.336	-0.665	0.398	AT1G32510	-0.02	0.0	0.02	0.0	1.0
path	4	-0.604	0.336	-0.665	0.398	AT1G47870	-0.01	0.0	0.01	0.0	1.0
path	4	-0.604	0.336	-0.665	0.398	AT1G63030	-0.14	0.0	0.14	0.0	1.0
path	4	-0.604	0.336	-0.665	0.398	AT1G66420	-0.01	0.0	0.01	0.0	1.0
path	4	-0.604	0.336	-0.665	0.398	AT1G67260	0.0	0.0	0.0	0.0	1.0
path	4	-0.604	0.336	-0.665	0.398	AT1G70910	-0.01	0.0	0.01	0.0	1.0
path	4	-0.604	0.336	-0.665	0.398	AT1G72360	-0.1	0.0	0.1	-0.53	1.0
path	4	-0.604	0.336	-0.665	0.398	AT1G73730	-0.08	0.0	0.08	0.0	1.0
path	4	-0.604	0.336	-0.665	0.398	AT1G74370	-0.02	0.0	0.02	0.0	1.0
path	4	-0.604	0.336	-0.665	0.398	AT1G76870	-0.04	0.0	0.04	-1.06	1.0
path	4	-0.604	0.336	-0.665	0.398	AT1G76880	-0.05	0.0	0.05	-0.53	1.0
path	4	-0.604	0.336	-0.665	0.398	AT2G17900	-0.04	0.0	0.04	0.0	1.0
path	4	-0.604	0.336	-0.665	0.398	AT2G22540	2.94	4.0	1.06	-8.24	1.0
path	4	-0.604	0.336	-0.665	0.398	AT2G23290	7.02	8.0	0.98	-9.57	1.0
path	4	-0.604	0.336	-0.665	0.398	AT2G30590	-0.21	0.0	0.21	-0.53	1.0
path	4	-0.604	0.336	-0.665	0.398	AT2G38090	-0.02	0.0	0.02	0.0	1.0
path	4	-0.604	0.336	-0.665	0.398	AT2G38300	-0.14	0.0	0.14	-0.53	1.0
path	4	-0.604	0.336	-0.665	0.398	AT2G38880	-0.02	0.0	0.02	0.0	1.0
path	4	-0.604	0.336	-0.665	0.398	AT2G39900	-0.02	0.0	0.02	-0.53	1.0
path	4	-0.604	0.336	-0.665	0.398	AT2G42590	-0.15	0.0	0.15	-2.13	1.0
path	4	-0.604	0.336	-0.665	0.398	AT2G45650	-0.12	0.0	0.12	-0.53	1.0
path	4	-0.604	0.336	-0.665	0.398	AT2G46400	-0.04	0.0	0.04	0.0	1.0
path	4	-0.604	0.336	-0.665	0.398	AT2G48100	-0.01	0.0	0.01	0.0	1.0
path	4	-0.604	0.336	-0.665	0.398	AT3G02150	-0.05	0.0	0.05	0.0	1.0
path	4	-0.604	0.336	-0.665	0.398	AT3G04070	-0.2	0.0	0.2	-1.06	1.0
path	4	-0.604	0.336	-0.665	0.398	AT3G07220	-0.04	0.0	0.04	0.0	1.0
path	4	-0.604	0.336	-0.665	0.398	AT3G09230	-0.03	0.0	0.03	0.0	1.0
path	4	-0.604	0.336	-0.665	0.398	AT3G11440	7.0	8.0	1.0	-9.03	1.0
path	4	-0.604	0.336	-0.665	0.398	AT3G12910	-0.03	0.0	0.03	0.0	1.0
path	4	-0.604	0.336	-0.665	0.398	AT3G20770	7.37	8.0	0.63	-22.34	1.0
path	4	-0.604	0.336	-0.665	0.398	AT3G20840	-0.09	0.0	0.09	0.0	1.0
path	4	-0.604	0.336	-0.665	0.398	AT3G22780	-0.04	0.0	0.04	0.0	1.0
path	4	-0.604	0.336	-0.665	0.398	AT3G23250	-0.11	0.0	0.11	0.0	1.0
path	4	-0.604	0.336	-0.665	0.398	AT3G27785	10.21	11.0	0.79	-14.55	1.0
path	4	-0.604	0.336	-0.665	0.398	AT3G46070	-0.03	0.0	0.03	-1.06	1.0
path	4	-0.604	0.336	-0.665	0.398	AT3G47620	-0.01	0.0	0.01	0.0	1.0
path	4	-0.604	0.336	-0.665	0.398	AT3G48160	-0.06	0.0	0.06	0.0	1.0
path	4	-0.604	0.336	-0.665	0.398	AT3G49930	-0.01	0.0	0.01	0.0	1.0
path	4	-0.604	0.336	-0.665	0.398	AT4G04450	-0.12	0.0	0.12	-0.53	1.0
path	4	-0.604	0.336	-0.665	0.398	AT4G12670	-0.01	0.0	0.01	0.0	1.0
path	4	-0.604	0.336	-0.665	0.398	AT4G18770	11.98	13.0	1.02	-9.36	1.0
path	4	-0.604	0.336	-0.665	0.398	AT4G24240	-0.02	0.0	0.02	0.0	1.0
path	4	-0.604	0.336	-0.665	0.398	AT4G28110	-0.04	0.0	0.04	-0.53	1.0
path	4	-0.604	0.336	-0.665	0.398	AT4G30080	-0.04	0.0	0.04	-0.53	1.0
path	4	-0.604	0.336	-0.665	0.398	AT4G32730	27.29	29.0	1.71	-30.62	1.0
path	4	-0.604	0.336	-0.665	0.398	AT4G37260	6.03	7.0	0.97	-8.44	1.0
path	4	-0.604	0.336	-0.665	0.398	AT4G37790	-0.02	0.0	0.02	0.0	1.0
path	4	-0.604	0.336	-0.665	0.398	AT5G07680	-0.17	0.0	0.17	0.0	1.0
path	4	-0.604	0.336	-0.665	0.398	AT5G08070	-0.03	0.0	0.03	0.0	1.0
path	4	-0.604	0.336	-0.665	0.398	AT5G10510	-0.06	0.0	0.06	0.0	1.0
path	4	-0.604	0.336	-0.665	0.398	AT5G13790	-0.31	0.0	0.31	-3.19	1.0
path	4	-0.604	0.336	-0.665	0.398	AT5G14340	-0.07	0.0	0.07	0.0	1.0
path	4	-0.604	0.336	-0.665	0.398	AT5G16600	-0.02	0.0	0.02	0.0	1.0
path	4	-0.604	0.336	-0.665	0.398	AT5G18090	-0.04	0.0	0.04	-0.53	1.0
path	4	-0.604	0.336	-0.665	0.398	AT5G22890	-0.03	0.0	0.03	-0.53	1.0
path	4	-0.604	0.336	-0.665	0.398	AT5G25475	-0.02	0.0	0.02	0.0	1.0
path	4	-0.604	0.336	-0.665	0.398	AT5G38800	-0.01	0.0	0.01	0.0	1.0
path	4	-0.604	0.336	-0.665	0.398	AT5G38860	-0.03	0.0	0.03	0.0	1.0
path	4	-0.604	0.336	-0.665	0.398	AT5G40330	-0.04	0.0	0.04	0.0	1.0
path	4	-0.604	0.336	-0.665	0.398	AT5G42820	-0.02	0.0	0.02	0.0	1.0
path	4	-0.604	0.336	-0.665	0.398	AT5G46590	-0.28	0.0	0.28	-0.53	1.0
path	4	-0.604	0.336	-0.665	0.398	AT5G48670	-0.01	0.0	0.01	0.0	1.0
path	4	-0.604	0.336	-0.665	0.398	AT5G49300	-0.02	0.0	0.02	0.0	1.0
path	4	-0.604	0.336	-0.665	0.398	AT5G52170	-0.07	0.0	0.07	0.0	1.0
path	4	-0.604	0.336	-0.665	0.398	AT5G56930	-0.03	0.0	0.03	0.0	1.0
path	4	-0.604	0.336	-0.665	0.398	AT5G58620	0.0	0.0	0.0	0.0	1.0
path	4	-0.604	0.336	-0.665	0.398	AT5G58850	16.73	18.0	1.27	-16.07	1.0
path	4	-0.604	0.336	-0.665	0.398	AT5G67300	-0.09	0.0	0.09	-2.13	1.0
path	4	-0.604	0.336	-1.316	0.432	AT1G10720	-0.04	0.0	0.04	-0.94	1.0
path	4	-0.604	0.336	-1.316	0.432	AT1G13300	-0.1	0.0	0.1	0.0	1.0
path	4	-0.604	0.336	-1.316	0.432	AT1G17950	-0.01	0.0	0.01	0.0	1.0
path	4	-0.604	0.336	-1.316	0.432	AT1G18570	-0.13	0.0	0.13	-0.94	1.0
path	4	-0.604	0.336	-1.316	0.432	AT1G18960	-0.01	0.0	0.01	0.0	1.0
path	4	-0.604	0.336	-1.316	0.432	AT1G19040	-0.14	0.0	0.14	0.0	1.0
path	4	-0.604	0.336	-1.316	0.432	AT1G21910	-0.13	0.0	0.13	-1.4	1.0
path	4	-0.604	0.336	-1.316	0.432	AT1G22070	-0.13	0.0	0.13	-0.94	1.0
path	4	-0.604	0.336	-1.316	0.432	AT1G23810	-0.06	0.0	0.06	0.0	1.0
path	4	-0.604	0.336	-1.316	0.432	AT1G30210	-0.01	0.0	0.01	0.0	1.0
path	4	-0.604	0.336	-1.316	0.432	AT1G32510	-0.02	0.0	0.02	0.0	1.0
path	4	-0.604	0.336	-1.316	0.432	AT1G34370	-0.18	0.0	0.18	-0.94	1.0
path	4	-0.604	0.336	-1.316	0.432	AT1G46264	-0.03	0.0	0.03	-0.47	1.0
path	4	-0.604	0.336	-1.316	0.432	AT1G47870	-0.0	0.0	0.0	0.0	1.0
path	4	-0.604	0.336	-1.316	0.432	AT1G51600	-0.06	0.0	0.06	-0.47	1.0
path	4	-0.604	0.336	-1.316	0.432	AT1G60920	-0.01	0.0	0.01	-0.47	1.0
path	4	-0.604	0.336	-1.316	0.432	AT1G63030	-0.12	0.0	0.12	0.0	1.0
path	4	-0.604	0.336	-1.316	0.432	AT1G63040	-0.01	0.0	0.01	-0.47	1.0
path	4	-0.604	0.336	-1.316	0.432	AT1G65620	-0.13	0.0	0.13	-0.47	1.0
path	4	-0.604	0.336	-1.316	0.432	AT1G66420	-0.0	0.0	0.0	0.0	1.0
path	4	-0.604	0.336	-1.316	0.432	AT1G67260	0.0	0.0	0.0	0.0	1.0
path	4	-0.604	0.336	-1.316	0.432	AT1G70910	-0.0	0.0	0.0	0.0	1.0
path	4	-0.604	0.336	-1.316	0.432	AT1G73730	-0.07	0.0	0.07	0.0	1.0
path	4	-0.604	0.336	-1.316	0.432	AT1G74370	-0.01	0.0	0.01	0.0	1.0
path	4	-0.604	0.336	-1.316	0.432	AT1G76110	-0.34	0.0	0.34	-2.81	1.0
path	4	-0.604	0.336	-1.316	0.432	AT2G17900	-0.03	0.0	0.03	0.0	1.0
path	4	-0.604	0.336	-1.316	0.432	AT2G24570	-0.1	0.0	0.1	-0.47	1.0
path	4	-0.604	0.336	-1.316	0.432	AT2G28920	-0.26	0.0	0.26	-1.87	1.0
path	4	-0.604	0.336	-1.316	0.432	AT2G31460	-0.02	0.0	0.02	-0.47	1.0
path	4	-0.604	0.336	-1.316	0.432	AT2G33810	-0.14	0.0	0.14	-1.4	1.0
path	4	-0.604	0.336	-1.316	0.432	AT2G38090	-0.02	0.0	0.02	0.0	1.0
path	4	-0.604	0.336	-1.316	0.432	AT2G38880	-0.02	0.0	0.02	0.0	1.0
path	4	-0.604	0.336	-1.316	0.432	AT2G41835	-0.06	0.0	0.06	-0.94	1.0
path	4	-0.604	0.336	-1.316	0.432	AT2G46400	-0.03	0.0	0.03	0.0	1.0
path	4	-0.604	0.336	-1.316	0.432	AT2G48100	-0.01	0.0	0.01	0.0	1.0
path	4	-0.604	0.336	-1.316	0.432	AT3G01470	-0.2	0.0	0.2	-0.94	1.0
path	4	-0.604	0.336	-1.316	0.432	AT3G02150	-0.05	0.0	0.05	0.0	1.0
path	4	-0.604	0.336	-1.316	0.432	AT3G02990	-0.1	0.0	0.1	-0.47	1.0
path	4	-0.604	0.336	-1.316	0.432	AT3G03660	-0.04	0.0	0.04	-0.94	1.0
path	4	-0.604	0.336	-1.316	0.432	AT3G07220	-0.04	0.0	0.04	0.0	1.0
path	4	-0.604	0.336	-1.316	0.432	AT3G09230	-0.02	0.0	0.02	0.0	1.0
path	4	-0.604	0.336	-1.316	0.432	AT3G12820	-0.24	0.0	0.24	-1.4	1.0
path	4	-0.604	0.336	-1.316	0.432	AT3G12910	-0.03	0.0	0.03	0.0	1.0
path	4	-0.604	0.336	-1.316	0.432	AT3G13040	-0.03	0.0	0.03	-0.47	1.0
path	4	-0.604	0.336	-1.316	0.432	AT3G20840	-0.08	0.0	0.08	0.0	1.0
path	4	-0.604	0.336	-1.316	0.432	AT3G22780	-0.03	0.0	0.03	0.0	1.0
path	4	-0.604	0.336	-1.316	0.432	AT3G23210	-0.19	0.0	0.19	-1.4	1.0
path	4	-0.604	0.336	-1.316	0.432	AT3G23250	-0.1	0.0	0.1	0.0	1.0
path	4	-0.604	0.336	-1.316	0.432	AT3G45150	-0.15	0.0	0.15	-0.47	1.0
path	4	-0.604	0.336	-1.316	0.432	AT3G45170	-0.1	0.0	0.1	-0.94	1.0
path	4	-0.604	0.336	-1.316	0.432	AT3G47620	-0.01	0.0	0.01	0.0	1.0
path	4	-0.604	0.336	-1.316	0.432	AT3G48160	-0.05	0.0	0.05	0.0	1.0
path	4	-0.604	0.336	-1.316	0.432	AT3G49930	-0.01	0.0	0.01	0.0	1.0
path	4	-0.604	0.336	-1.316	0.432	AT3G51470	-0.07	0.0	0.07	-0.94	1.0
path	4	-0.604	0.336	-1.316	0.432	AT3G61120	-0.05	0.0	0.05	-0.47	1.0
path	4	-0.604	0.336	-1.316	0.432	AT3G61250	-0.19	0.0	0.19	-0.94	1.0
path	4	-0.604	0.336	-1.316	0.432	AT4G12670	-0.0	0.0	0.0	0.0	1.0
path	4	-0.604	0.336	-1.316	0.432	AT4G14410	-0.02	0.0	0.02	-0.47	1.0
path	4	-0.604	0.336	-1.316	0.432	AT4G24240	-0.01	0.0	0.01	0.0	1.0
path	4	-0.604	0.336	-1.316	0.432	AT4G36620	-0.04	0.0	0.04	-0.94	1.0
path	4	-0.604	0.336	-1.316	0.432	AT4G37790	-0.02	0.0	0.02	0.0	1.0
path	4	-0.604	0.336	-1.316	0.432	AT4G38620	-0.08	0.0	0.08	-0.94	1.0
path	4	-0.604	0.336	-1.316	0.432	AT5G02840	-0.38	0.0	0.38	-1.87	1.0
path	4	-0.604	0.336	-1.316	0.432	AT5G07680	-0.15	0.0	0.15	0.0	1.0
path	4	-0.604	0.336	-1.316	0.432	AT5G08070	-0.03	0.0	0.03	0.0	1.0
path	4	-0.604	0.336	-1.316	0.432	AT5G08750	-0.14	0.0	0.14	-0.94	1.0
path	4	-0.604	0.336	-1.316	0.432	AT5G10140	-0.09	0.0	0.09	-0.47	1.0
path	4	-0.604	0.336	-1.316	0.432	AT5G10510	-0.05	0.0	0.05	0.0	1.0
path	4	-0.604	0.336	-1.316	0.432	AT5G14340	-0.06	0.0	0.06	0.0	1.0
path	4	-0.604	0.336	-1.316	0.432	AT5G16600	-0.02	0.0	0.02	0.0	1.0
path	4	-0.604	0.336	-1.316	0.432	AT5G25475	-0.02	0.0	0.02	0.0	1.0
path	4	-0.604	0.336	-1.316	0.432	AT5G38800	-0.0	0.0	0.0	0.0	1.0
path	4	-0.604	0.336	-1.316	0.432	AT5G38860	-0.02	0.0	0.02	0.0	1.0
path	4	-0.604	0.336	-1.316	0.432	AT5G40330	-0.03	0.0	0.03	0.0	1.0
path	4	-0.604	0.336	-1.316	0.432	AT5G42820	-0.02	0.0	0.02	0.0	1.0
path	4	-0.604	0.336	-1.316	0.432	AT5G48670	-0.01	0.0	0.01	0.0	1.0
path	4	-0.604	0.336	-1.316	0.432	AT5G49300	-0.01	0.0	0.01	0.0	1.0
path	4	-0.604	0.336	-1.316	0.432	AT5G50570	-0.19	0.0	0.19	-0.47	1.0
path	4	-0.604	0.336	-1.316	0.432	AT5G52170	-0.06	0.0	0.06	0.0	1.0
path	4	-0.604	0.336	-1.316	0.432	AT5G56930	-0.02	0.0	0.02	0.0	1.0
path	4	-0.604	0.336	-1.316	0.432	AT5G58620	0.0	0.0	0.0	0.0	1.0
path	4	-0.604	0.336	-1.316	0.432	AT5G61270	-0.07	0.0	0.07	-0.47	1.0
path	4	-0.604	0.336	-1.316	0.432	AT5G62165	-0.02	0.0	0.02	-0.47	1.0
path	5	3.521	1.448	3.714	0.662	AT1G53170	13.84	15.0	1.16	3.19	0.02
path	5	3.521	1.448	5.967	1.016	AT4G29230	11.82	12.0	0.18	4.34	0.024
path	5	3.521	1.448	3.714	0.662	AT4G25480	13.15	14.0	0.85	2.98	0.026
path	5	3.521	1.448	3.714	0.662	AT3G15210	11.88	13.0	1.12	2.77	0.035
path	5	3.521	1.448	3.714	0.662	AT5G51990	12.22	13.0	0.78	2.77	0.035
path	5	3.521	1.448	5.967	1.016	AT1G25580	17.78	18.0	0.22	3.53	0.038
path	5	3.521	1.448	3.714	0.662	AT1G19210	11.03	12.0	0.97	2.55	0.046
path	5	3.521	1.448	3.714	0.662	AT3G11440	11.31	12.0	0.69	2.55	0.046
path	5	3.521	1.448	3.714	0.662	AT3G50410	11.48	12.0	0.52	2.55	0.046
path	5	3.521	1.448	3.714	0.662	AT4G25470	11.29	12.0	0.71	2.55	0.046
path	5	3.521	1.448	5.967	1.016	AT5G64060	8.84	9.0	0.16	3.47	0.05
path	5	3.521	1.448	5.967	1.016	AT1G65910	4.84	5.0	0.16	2.66	0.052
path	5	3.521	1.448	5.967	1.016	AT1G49010	3.8	4.0	0.2	2.3	0.06
path	5	3.521	1.448	5.967	1.016	AT5G58900	3.83	4.0	0.17	2.3	0.06
path	5	3.521	1.448	3.714	0.662	AT2G45410	10.32	11.0	0.68	2.34	0.061
path	5	3.521	1.448	5.967	1.016	AT1G28470	9.79	10.0	0.21	3.4	0.062
path	5	3.521	1.448	5.967	1.016	AT3G49530	4.86	5.0	0.14	2.45	0.076
path	5	3.521	1.448	3.714	0.662	AT1G28160	9.2	10.0	0.8	2.13	0.079
path	5	3.521	1.448	3.714	0.662	AT1G55110	9.47	10.0	0.53	2.13	0.079
path	5	3.521	1.448	3.714	0.662	AT1G78700	9.19	10.0	0.81	2.13	0.079
path	5	3.521	1.448	3.714	0.662	AT2G23340	9.28	10.0	0.72	2.13	0.079
path	5	3.521	1.448	3.714	0.662	AT3G56850	8.97	10.0	1.03	2.13	0.079
path	5	3.521	1.448	3.714	0.662	AT5G64750	9.15	10.0	0.85	2.13	0.079
path	5	3.521	1.448	3.714	0.662	AT5G65410	9.3	10.0	0.7	2.13	0.079
path	5	3.521	1.448	3.714	0.662	AT5G66700	9.21	10.0	0.79	2.13	0.079
path	5	3.521	1.448	5.967	1.016	AT1G52880	3.81	4.0	0.19	2.09	0.093
path	5	3.521	1.448	3.714	0.662	AT1G68550	8.13	9.0	0.87	1.91	0.104
path	5	3.521	1.448	3.714	0.662	AT2G02070	8.52	9.0	0.48	1.91	0.104
path	5	3.521	1.448	3.714	0.662	AT2G33710	8.19	9.0	0.81	1.91	0.104
path	5	3.521	1.448	3.714	0.662	AT2G42430	8.38	9.0	0.62	1.91	0.104
path	5	3.521	1.448	3.714	0.662	AT2G44940	8.43	9.0	0.57	1.91	0.104
path	5	3.521	1.448	3.714	0.662	AT3G10800	8.54	9.0	0.46	1.91	0.104
path	5	3.521	1.448	3.714	0.662	AT3G20310	7.98	9.0	1.02	1.91	0.104
path	5	3.521	1.448	3.714	0.662	AT3G60490	8.47	9.0	0.53	1.91	0.104
path	5	3.521	1.448	3.714	0.662	AT5G06100	8.35	9.0	0.65	1.91	0.104
path	5	3.521	1.448	3.714	0.662	AT1G32150	12.99	14.0	1.01	2.19	0.118
path	5	3.521	1.448	5.967	1.016	AT5G09410	3.82	4.0	0.18	1.87	0.132
path	5	3.521	1.448	3.714	0.662	AT1G28370	7.09	8.0	0.91	1.7	0.135
path	5	3.521	1.448	3.714	0.662	AT1G45249	7.4	8.0	0.6	1.7	0.135
path	5	3.521	1.448	3.714	0.662	AT2G20400	7.49	8.0	0.51	1.7	0.135
path	5	3.521	1.448	3.714	0.662	AT2G45420	7.25	8.0	0.75	1.7	0.135
path	5	3.521	1.448	3.714	0.662	AT3G50060	7.33	8.0	0.67	1.7	0.135
path	5	3.521	1.448	3.714	0.662	AT4G01680	7.5	8.0	0.5	1.7	0.135
path	5	3.521	1.448	3.714	0.662	AT4G34410	7.13	8.0	0.87	1.7	0.135
path	5	3.521	1.448	3.714	0.662	AT1G51700	12.48	13.0	0.52	1.98	0.146
path	5	3.521	1.448	3.714	0.662	AT2G35530	11.97	13.0	1.03	1.98	0.146
path	5	3.521	1.448	3.714	0.662	AT2G36270	11.97	13.0	1.03	1.98	0.146
path	5	3.521	1.448	3.714	0.662	AT3G28920	12.24	13.0	0.76	1.98	0.146
path	5	3.521	1.448	3.714	0.662	AT3G50260	12.0	13.0	1.0	1.98	0.146
path	5	3.521	1.448	5.967	1.016	AT4G00250	2.84	3.0	0.16	1.51	0.163
path	5	3.521	1.448	5.967	1.016	AT5G04390	2.9	3.0	0.1	1.51	0.163
path	5	3.521	1.448	5.967	1.016	AT5G06960	2.89	3.0	0.11	1.51	0.163
path	5	3.521	1.448	5.967	1.016	AT5G47390	2.81	3.0	0.19	1.51	0.163
path	5	3.521	1.448	3.714	0.662	AT1G22810	6.35	7.0	0.65	1.49	0.176
path	5	3.521	1.448	3.714	0.662	AT3G42860	6.6	7.0	0.4	1.49	0.176
path	5	3.521	1.448	3.714	0.662	AT5G03790	6.36	7.0	0.64	1.49	0.176
path	5	3.521	1.448	3.714	0.662	AT5G23930	6.22	7.0	0.78	1.49	0.176
path	5	3.521	1.448	3.714	0.662	AT5G62320	6.55	7.0	0.45	1.49	0.176
path	5	3.521	1.448	5.967	1.016	AT1G19000	3.79	4.0	0.21	1.66	0.178
path	5	3.521	1.448	3.714	0.662	AT1G69570	11.26	12.0	0.74	1.77	0.18
path	5	3.521	1.448	3.714	0.662	AT1G71450	10.88	12.0	1.12	1.77	0.18
path	5	3.521	1.448	3.714	0.662	AT2G28810	11.28	12.0	0.72	1.77	0.18
path	5	3.521	1.448	3.714	0.662	AT3G47500	11.36	12.0	0.64	1.77	0.18
path	5	3.521	1.448	5.967	1.016	AT1G19040	1.97	2.0	0.03	1.15	0.198
path	5	3.521	1.448	5.967	1.016	AT3G46590	1.96	2.0	0.04	1.15	0.198
path	5	3.521	1.448	5.967	1.016	AT5G46590	1.95	2.0	0.05	1.15	0.198
path	5	3.521	1.448	3.714	0.662	AT1G64620	15.24	16.0	0.76	1.83	0.201
path	5	3.521	1.448	3.714	0.662	AT3G44480	15.39	16.0	0.61	1.83	0.201
path	5	3.521	1.448	3.714	0.662	AT3G45610	15.27	16.0	0.73	1.83	0.201
path	5	3.521	1.448	5.967	1.016	AT2G21900	0.98	1.0	0.02	0.79	0.213
path	5	3.521	1.448	5.967	1.016	AT2G31460	0.99	1.0	0.01	0.79	0.213
path	5	3.521	1.448	5.967	1.016	AT2G45680	0.97	1.0	0.03	0.79	0.213
path	5	3.521	1.448	5.967	1.016	AT3G02150	0.99	1.0	0.01	0.79	0.213
path	5	3.521	1.448	5.967	1.016	AT3G04070	0.96	1.0	0.04	0.79	0.213
path	5	3.521	1.448	3.714	0.662	AT4G01540	23.12	24.0	0.88	1.96	0.214
path	5	3.521	1.448	5.967	1.016	AT3G10500	5.85	6.0	0.15	1.74	0.218
path	5	3.521	1.448	3.714	0.662	AT1G77200	10.2	11.0	0.8	1.55	0.221
path	5	3.521	1.448	3.714	0.662	AT2G18160	10.08	11.0	0.92	1.55	0.221
path	5	3.521	1.448	3.714	0.662	AT5G11260	10.07	11.0	0.93	1.55	0.221
path	5	3.521	1.448	3.714	0.662	AT5G66730	10.47	11.0	0.53	1.55	0.221
path	5	3.521	1.448	5.967	1.016	AT1G25340	2.87	3.0	0.13	1.3	0.225
path	5	3.521	1.448	5.967	1.016	AT5G08520	2.78	3.0	0.22	1.3	0.225
path	5	3.521	1.448	5.967	1.016	AT5G14960	2.96	3.0	0.04	1.3	0.225
path	5	3.521	1.448	3.714	0.662	AT1G24250	5.71	6.0	0.29	1.28	0.228
path	5	3.521	1.448	3.714	0.662	AT1G50640	5.25	6.0	0.75	1.28	0.228
path	5	3.521	1.448	3.714	0.662	AT2G02540	5.34	6.0	0.66	1.28	0.228
path	5	3.521	1.448	3.714	0.662	AT2G32460	5.46	6.0	0.54	1.28	0.228
path	5	3.521	1.448	3.714	0.662	AT3G25990	5.77	6.0	0.23	1.28	0.228
path	5	3.521	1.448	3.714	0.662	AT4G34590	5.7	6.0	0.3	1.28	0.228
path	5	3.521	1.448	3.714	0.662	AT4G36740	5.4	6.0	0.6	1.28	0.228
path	5	3.521	1.448	3.714	0.662	AT5G65310	5.27	6.0	0.73	1.28	0.228
path	5	3.521	1.448	5.967	1.016	AT4G17980	3.82	4.0	0.18	1.45	0.229
path	5	3.521	1.448	3.714	0.662	AT2G40740	14.19	15.0	0.81	1.62	0.239
path	5	3.521	1.448	3.714	0.662	AT3G01970	14.23	15.0	0.77	1.62	0.239
path	5	3.521	1.448	3.714	0.662	AT4G32730	13.82	15.0	1.18	1.62	0.239
path	5	3.521	1.448	3.714	0.662	AT5G63260	14.3	15.0	0.7	1.62	0.239
path	5	3.521	1.448	5.967	1.016	AT5G04410	5.84	6.0	0.16	1.53	0.26
path	5	3.521	1.448	3.714	0.662	AT1G12630	9.22	10.0	0.78	1.34	0.269
path	5	3.521	1.448	3.714	0.662	AT2G04038	9.09	10.0	0.91	1.34	0.269
path	5	3.521	1.448	3.714	0.662	AT3G06740	9.65	10.0	0.35	1.34	0.269
path	5	3.521	1.448	3.714	0.662	AT3G16280	9.44	10.0	0.56	1.34	0.269
path	5	3.521	1.448	3.714	0.662	AT4G26030	9.49	10.0	0.51	1.34	0.269
path	5	3.521	1.448	3.714	0.662	AT5G25190	8.98	10.0	1.02	1.34	0.269
path	5	3.521	1.448	3.714	0.662	AT1G29280	13.15	14.0	0.85	1.4	0.283
path	5	3.521	1.448	3.714	0.662	AT1G75240	13.28	14.0	0.72	1.4	0.283
path	5	3.521	1.448	3.714	0.662	AT4G23550	13.25	14.0	0.75	1.4	0.283
path	5	3.521	1.448	3.714	0.662	AT4G38000	17.18	18.0	0.82	1.47	0.287
path	5	3.521	1.448	3.714	0.662	AT5G41570	17.11	18.0	0.89	1.47	0.287
path	5	3.521	1.448	5.967	1.016	AT3G61150	1.85	2.0	0.15	0.94	0.287
path	5	3.521	1.448	5.967	1.016	AT1G14687	2.83	3.0	0.17	1.09	0.291
path	5	3.521	1.448	5.967	1.016	AT2G01940	2.84	3.0	0.16	1.09	0.291
path	5	3.521	1.448	3.714	0.662	AT1G69180	4.46	5.0	0.54	1.06	0.293
path	5	3.521	1.448	3.714	0.662	AT1G69780	4.49	5.0	0.51	1.06	0.293
path	5	3.521	1.448	3.714	0.662	AT1G70920	4.59	5.0	0.41	1.06	0.293
path	5	3.521	1.448	3.714	0.662	AT1G75390	4.78	5.0	0.22	1.06	0.293
path	5	3.521	1.448	3.714	0.662	AT2G03500	4.47	5.0	0.53	1.06	0.293
path	5	3.521	1.448	3.714	0.662	AT2G22430	4.53	5.0	0.47	1.06	0.293
path	5	3.521	1.448	3.714	0.662	AT3G10030	4.63	5.0	0.37	1.06	0.293
path	5	3.521	1.448	3.714	0.662	AT3G13810	4.56	5.0	0.44	1.06	0.293
path	5	3.521	1.448	3.714	0.662	AT5G18560	4.55	5.0	0.45	1.06	0.293
path	5	3.521	1.448	3.714	0.662	AT5G44210	4.6	5.0	0.4	1.06	0.293
path	5	3.521	1.448	3.714	0.662	AT5G60130	4.52	5.0	0.48	1.06	0.293
path	5	3.521	1.448	3.714	0.662	AT5G62000	4.59	5.0	0.41	1.06	0.293
path	5	3.521	1.448	3.714	0.662	AT1G03800	8.06	9.0	0.94	1.13	0.324
path	5	3.521	1.448	3.714	0.662	AT1G26960	8.33	9.0	0.67	1.13	0.324
path	5	3.521	1.448	3.714	0.662	AT2G18350	8.38	9.0	0.62	1.13	0.324
path	5	3.521	1.448	3.714	0.662	AT3G01530	8.39	9.0	0.61	1.13	0.324
path	5	3.521	1.448	3.714	0.662	AT4G37180	8.39	9.0	0.61	1.13	0.324
path	5	3.521	1.448	3.714	0.662	AT4G37260	8.33	9.0	0.67	1.13	0.324
path	5	3.521	1.448	3.714	0.662	AT5G24110	8.45	9.0	0.55	1.13	0.324
path	5	3.521	1.448	3.714	0.662	AT5G67190	8.21	9.0	0.79	1.13	0.324
path	5	3.521	1.448	3.714	0.662	AT1G02230	20.38	21.0	0.62	1.32	0.328
path	5	3.521	1.448	5.967	1.016	AT4G28500	6.83	7.0	0.17	1.26	0.33
path	5	3.521	1.448	3.714	0.662	AT1G09540	12.4	13.0	0.6	1.19	0.332
path	5	3.521	1.448	3.714	0.662	AT2G46590	12.25	13.0	0.75	1.19	0.332
path	5	3.521	1.448	3.714	0.662	AT4G14770	12.28	13.0	0.72	1.19	0.332
path	5	3.521	1.448	3.714	0.662	AT4G18170	12.24	13.0	0.76	1.19	0.332
path	5	3.521	1.448	3.714	0.662	AT5G02460	16.16	17.0	0.84	1.26	0.332
path	5	3.521	1.448	3.714	0.662	AT5G60850	12.23	13.0	0.77	1.19	0.332
path	5	3.521	1.448	5.967	1.016	AT4G36160	3.77	4.0	0.23	1.02	0.341
path	5	3.521	1.448	5.967	1.016	AT3G03200	2.84	3.0	0.16	0.87	0.359
path	5	3.521	1.448	5.967	1.016	AT3G17730	2.84	3.0	0.16	0.87	0.359
path	5	3.521	1.448	5.967	1.016	AT3G12250	4.76	5.0	0.24	0.96	0.375
path	5	3.521	1.448	3.714	0.662	AT1G19790	3.71	4.0	0.29	0.85	0.377
path	5	3.521	1.448	3.714	0.662	AT2G01818	3.8	4.0	0.2	0.85	0.377
path	5	3.521	1.448	3.714	0.662	AT2G30590	3.85	4.0	0.15	0.85	0.377
path	5	3.521	1.448	3.714	0.662	AT2G31230	3.29	4.0	0.71	0.85	0.377
path	5	3.521	1.448	3.714	0.662	AT2G42200	3.35	4.0	0.65	0.85	0.377
path	5	3.521	1.448	3.714	0.662	AT3G11020	3.55	4.0	0.45	0.85	0.377
path	5	3.521	1.448	3.714	0.662	AT3G12820	3.81	4.0	0.19	0.85	0.377
path	5	3.521	1.448	3.714	0.662	AT3G21175	3.76	4.0	0.24	0.85	0.377
path	5	3.521	1.448	3.714	0.662	AT4G32800	3.73	4.0	0.27	0.85	0.377
path	5	3.521	1.448	3.714	0.662	AT5G07100	3.8	4.0	0.2	0.85	0.377
path	5	3.521	1.448	3.714	0.662	AT5G18450	3.55	4.0	0.45	0.85	0.377
path	5	3.521	1.448	3.714	0.662	AT5G39820	3.84	4.0	0.16	0.85	0.377
path	5	3.521	1.448	3.714	0.662	AT5G43840	3.9	4.0	0.1	0.85	0.377
path	5	3.521	1.448	5.967	1.016	AT1G51220	1.88	2.0	0.12	0.72	0.377
path	5	3.521	1.448	5.967	1.016	AT2G06200	1.92	2.0	0.08	0.72	0.377
path	5	3.521	1.448	5.967	1.016	AT3G11280	1.92	2.0	0.08	0.72	0.377
path	5	3.521	1.448	5.967	1.016	AT3G12730	1.85	2.0	0.15	0.72	0.377
path	5	3.521	1.448	3.714	0.662	AT3G52440	15.22	16.0	0.78	1.04	0.38
path	5	3.521	1.448	3.714	0.662	AT5G13080	15.1	16.0	0.9	1.04	0.38
path	5	3.521	1.448	5.967	1.016	AT1G22070	0.97	1.0	0.03	0.57	0.382
path	5	3.521	1.448	5.967	1.016	AT1G69690	0.95	1.0	0.05	0.57	0.382
path	5	3.521	1.448	5.967	1.016	AT1G72010	0.91	1.0	0.09	0.57	0.382
path	5	3.521	1.448	5.967	1.016	AT1G77640	0.97	1.0	0.03	0.57	0.382
path	5	3.521	1.448	5.967	1.016	AT2G28920	0.94	1.0	0.06	0.57	0.382
path	5	3.521	1.448	5.967	1.016	AT3G07220	0.99	1.0	0.01	0.57	0.382
path	5	3.521	1.448	5.967	1.016	AT3G27010	0.96	1.0	0.04	0.57	0.382
path	5	3.521	1.448	5.967	1.016	AT3G30210	0.94	1.0	0.06	0.57	0.382
path	5	3.521	1.448	5.967	1.016	AT4G17785	0.96	1.0	0.04	0.57	0.382
path	5	3.521	1.448	5.967	1.016	AT5G08330	0.9	1.0	0.1	0.57	0.382
path	5	3.521	1.448	3.714	0.662	AT1G06280	10.93	12.0	1.07	0.98	0.386
path	5	3.521	1.448	3.714	0.662	AT1G76420	11.35	12.0	0.65	0.98	0.386
path	5	3.521	1.448	3.714	0.662	AT2G02820	11.01	12.0	0.99	0.98	0.386
path	5	3.521	1.448	3.714	0.662	AT2G15740	11.37	12.0	0.63	0.98	0.386
path	5	3.521	1.448	3.714	0.662	AT2G24430	11.29	12.0	0.71	0.98	0.386
path	5	3.521	1.448	3.714	0.662	AT3G62420	10.96	12.0	1.04	0.98	0.386
path	5	3.521	1.448	3.714	0.662	AT4G16750	11.12	12.0	0.88	0.98	0.386
path	5	3.521	1.448	3.714	0.662	AT4G26640	11.59	12.0	0.41	0.98	0.386
path	5	3.521	1.448	3.714	0.662	AT5G15830	11.0	12.0	1.0	0.98	0.386
path	5	3.521	1.448	3.714	0.662	AT5G62940	11.38	12.0	0.62	0.98	0.386
path	5	3.521	1.448	3.714	0.662	AT5G66940	11.29	12.0	0.71	0.98	0.386
path	5	3.521	1.448	3.714	0.662	AT1G34670	7.41	8.0	0.59	0.91	0.387
path	5	3.521	1.448	3.714	0.662	AT2G23290	7.32	8.0	0.68	0.91	0.387
path	5	3.521	1.448	3.714	0.662	AT3G09735	7.48	8.0	0.52	0.91	0.387
path	5	3.521	1.448	3.714	0.662	AT3G22830	7.49	8.0	0.51	0.91	0.387
path	5	3.521	1.448	3.714	0.662	AT3G24520	7.37	8.0	0.63	0.91	0.387
path	5	3.521	1.448	3.714	0.662	AT5G16820	7.42	8.0	0.58	0.91	0.387
path	5	3.521	1.448	5.967	1.016	AT4G01550	3.85	4.0	0.15	0.81	0.399
path	5	3.521	1.448	5.967	1.016	AT1G32870	5.84	6.0	0.16	0.89	0.4
path	5	3.521	1.448	5.967	1.016	AT1G33240	2.82	3.0	0.18	0.66	0.427
path	5	3.521	1.448	5.967	1.016	AT3G27785	2.85	3.0	0.15	0.66	0.427
path	5	3.521	1.448	5.967	1.016	AT5G13180	2.83	3.0	0.17	0.66	0.427
path	5	3.521	1.448	5.967	1.016	AT5G18270	2.82	3.0	0.18	0.66	0.427
path	5	3.521	1.448	5.967	1.016	AT5G47660	2.87	3.0	0.13	0.66	0.427
path	5	3.521	1.448	3.714	0.662	AT2G23320	14.15	15.0	0.85	0.83	0.432
path	5	3.521	1.448	3.714	0.662	AT2G43000	10.13	11.0	0.87	0.77	0.444
path	5	3.521	1.448	3.714	0.662	AT4G25490	10.2	11.0	0.8	0.77	0.444
path	5	3.521	1.448	3.714	0.662	AT5G52830	10.27	11.0	0.73	0.77	0.444
path	5	3.521	1.448	5.967	1.016	AT3G18400	3.8	4.0	0.2	0.6	0.457
path	5	3.521	1.448	5.967	1.016	AT3G18990	3.85	4.0	0.15	0.6	0.457
path	5	3.521	1.448	3.714	0.662	AT1G06850	6.53	7.0	0.47	0.7	0.459
path	5	3.521	1.448	3.714	0.662	AT2G38340	6.23	7.0	0.77	0.7	0.459
path	5	3.521	1.448	3.714	0.662	AT4G36780	6.18	7.0	0.82	0.7	0.459
path	5	3.521	1.448	3.714	0.662	AT5G47370	6.32	7.0	0.68	0.7	0.459
path	5	3.521	1.448	5.967	1.016	AT1G08010	1.88	2.0	0.12	0.51	0.462
path	5	3.521	1.448	5.967	1.016	AT3G09600	1.81	2.0	0.19	0.51	0.462
path	5	3.521	1.448	5.967	1.016	AT3G10113	1.86	2.0	0.14	0.51	0.462
path	5	3.521	1.448	5.967	1.016	AT5G53950	1.92	2.0	0.08	0.51	0.462
path	5	3.521	1.448	5.967	1.016	AT1G08320	4.77	5.0	0.23	0.53	0.479
path	5	3.521	1.448	5.967	1.016	AT3G55370	4.76	5.0	0.24	0.53	0.479
path	5	3.521	1.448	5.967	1.016	AT5G10030	4.76	5.0	0.24	0.53	0.479
path	5	3.521	1.448	3.714	0.662	AT1G13260	2.77	3.0	0.23	0.64	0.484
path	5	3.521	1.448	3.714	0.662	AT1G20980	2.66	3.0	0.34	0.64	0.484
path	5	3.521	1.448	3.714	0.662	AT1G23810	2.95	3.0	0.05	0.64	0.484
path	5	3.521	1.448	3.714	0.662	AT1G32240	2.88	3.0	0.12	0.64	0.484
path	5	3.521	1.448	3.714	0.662	AT1G44830	2.74	3.0	0.26	0.64	0.484
path	5	3.521	1.448	3.714	0.662	AT1G76110	2.74	3.0	0.26	0.64	0.484
path	5	3.521	1.448	3.714	0.662	AT2G15660	2.89	3.0	0.11	0.64	0.484
path	5	3.521	1.448	3.714	0.662	AT2G30340	2.45	3.0	0.55	0.64	0.484
path	5	3.521	1.448	3.714	0.662	AT3G01220	2.47	3.0	0.53	0.64	0.484
path	5	3.521	1.448	3.714	0.662	AT3G02990	2.92	3.0	0.08	0.64	0.484
path	5	3.521	1.448	3.714	0.662	AT3G23220	2.74	3.0	0.26	0.64	0.484
path	5	3.521	1.448	3.714	0.662	AT3G24050	2.74	3.0	0.26	0.64	0.484
path	5	3.521	1.448	3.714	0.662	AT3G48160	2.96	3.0	0.04	0.64	0.484
path	5	3.521	1.448	3.714	0.662	AT3G58630	2.8	3.0	0.2	0.64	0.484
path	5	3.521	1.448	3.714	0.662	AT3G60530	2.81	3.0	0.19	0.64	0.484
path	5	3.521	1.448	3.714	0.662	AT4G27950	2.61	3.0	0.39	0.64	0.484
path	5	3.521	1.448	3.714	0.662	AT4G36620	2.97	3.0	0.03	0.64	0.484
path	5	3.521	1.448	3.714	0.662	AT5G10280	2.86	3.0	0.14	0.64	0.484
path	5	3.521	1.448	3.714	0.662	AT5G10510	2.96	3.0	0.04	0.64	0.484
path	5	3.521	1.448	3.714	0.662	AT5G61600	2.78	3.0	0.22	0.64	0.484
path	5	3.521	1.448	3.714	0.662	AT5G62470	2.75	3.0	0.25	0.64	0.484
path	5	3.521	1.448	3.714	0.662	AT5G63090	2.72	3.0	0.28	0.64	0.484
path	5	3.521	1.448	3.714	0.662	AT5G26170	13.14	14.0	0.86	0.62	0.486
path	5	3.521	1.448	5.967	1.016	AT1G76890	2.82	3.0	0.18	0.45	0.493
path	5	3.521	1.448	5.967	1.016	AT2G01930	2.82	3.0	0.18	0.45	0.493
path	5	3.521	1.448	5.967	1.016	AT4G18770	2.81	3.0	0.19	0.45	0.493
path	5	3.521	1.448	3.714	0.662	AT2G02080	9.32	10.0	0.68	0.55	0.507
path	5	3.521	1.448	3.714	0.662	AT2G18060	9.43	10.0	0.57	0.55	0.507
path	5	3.521	1.448	3.714	0.662	AT3G12130	9.58	10.0	0.42	0.55	0.507
path	5	3.521	1.448	3.714	0.662	AT4G31060	9.21	10.0	0.79	0.55	0.507
path	5	3.521	1.448	3.714	0.662	AT5G62380	9.44	10.0	0.56	0.55	0.507
path	5	3.521	1.448	5.967	1.016	AT3G24120	3.79	4.0	0.21	0.38	0.514
path	5	3.521	1.448	5.967	1.016	AT1G14580	0.95	1.0	0.05	0.36	0.516
path	5	3.521	1.448	5.967	1.016	AT1G18330	0.86	1.0	0.14	0.36	0.516
path	5	3.521	1.448	5.967	1.016	AT1G43700	0.96	1.0	0.04	0.36	0.516
path	5	3.521	1.448	5.967	1.016	AT1G75490	0.89	1.0	0.11	0.36	0.516
path	5	3.521	1.448	5.967	1.016	AT2G41690	0.96	1.0	0.04	0.36	0.516
path	5	3.521	1.448	5.967	1.016	AT3G45170	0.98	1.0	0.02	0.36	0.516
path	5	3.521	1.448	5.967	1.016	AT4G01500	0.96	1.0	0.04	0.36	0.516
path	5	3.521	1.448	5.967	1.016	AT4G01720	0.97	1.0	0.03	0.36	0.516
path	5	3.521	1.448	5.967	1.016	AT5G02840	0.92	1.0	0.08	0.36	0.516
path	5	3.521	1.448	3.714	0.662	AT1G34180	16.38	17.0	0.62	0.47	0.521
path	5	3.521	1.448	3.714	0.662	AT2G38470	16.17	17.0	0.83	0.47	0.521
path	5	3.521	1.448	3.714	0.662	AT1G01060	5.33	6.0	0.67	0.49	0.538
path	5	3.521	1.448	3.714	0.662	AT1G30490	5.54	6.0	0.46	0.49	0.538
path	5	3.521	1.448	3.714	0.662	AT1G52150	5.58	6.0	0.42	0.49	0.538
path	5	3.521	1.448	3.714	0.662	AT2G46130	5.72	6.0	0.28	0.49	0.538
path	5	3.521	1.448	3.714	0.662	AT4G00730	5.41	6.0	0.59	0.49	0.538
path	5	3.521	1.448	3.714	0.662	AT4G01280	5.32	6.0	0.68	0.49	0.538
path	5	3.521	1.448	3.714	0.662	AT5G45300	5.53	6.0	0.47	0.49	0.538
path	5	3.521	1.448	5.967	1.016	AT1G03840	1.88	2.0	0.12	0.3	0.541
path	5	3.521	1.448	5.967	1.016	AT1G47655	1.86	2.0	0.14	0.3	0.541
path	5	3.521	1.448	3.714	0.662	AT1G62300	12.32	13.0	0.68	0.4	0.543
path	5	3.521	1.448	3.714	0.662	AT2G20110	12.27	13.0	0.73	0.4	0.543
path	5	3.521	1.448	3.714	0.662	AT2G22540	12.27	13.0	0.73	0.4	0.543
path	5	3.521	1.448	3.714	0.662	AT3G10480	12.41	13.0	0.59	0.4	0.543
path	5	3.521	1.448	3.714	0.662	AT3G15270	12.17	13.0	0.83	0.4	0.543
path	5	3.521	1.448	5.967	1.016	AT1G54330	2.85	3.0	0.15	0.23	0.556
path	5	3.521	1.448	5.967	1.016	AT4G38170	2.8	3.0	0.2	0.23	0.556
path	5	3.521	1.448	5.967	1.016	AT5G17300	2.8	3.0	0.2	0.23	0.556
path	5	3.521	1.448	5.967	1.016	AT5G45580	2.8	3.0	0.2	0.23	0.556
path	5	3.521	1.448	5.967	1.016	AT3G21890	3.83	4.0	0.17	0.17	0.568
path	5	3.521	1.448	5.967	1.016	AT5G22990	3.75	4.0	0.25	0.17	0.568
path	5	3.521	1.448	3.714	0.662	AT1G29860	15.21	16.0	0.79	0.26	0.573
path	5	3.521	1.448	3.714	0.662	AT1G34190	8.38	9.0	0.62	0.34	0.573
path	5	3.521	1.448	3.714	0.662	AT1G74650	8.37	9.0	0.63	0.34	0.573
path	5	3.521	1.448	3.714	0.662	AT3G02940	8.31	9.0	0.69	0.34	0.573
path	5	3.521	1.448	3.714	0.662	AT4G01250	8.37	9.0	0.63	0.34	0.573
path	5	3.521	1.448	3.714	0.662	AT4G31800	15.04	16.0	0.96	0.26	0.573
path	5	3.521	1.448	3.714	0.662	AT5G39610	8.41	9.0	0.59	0.34	0.573
path	5	3.521	1.448	3.714	0.662	AT5G56110	8.22	9.0	0.78	0.34	0.573
path	5	3.521	1.448	3.714	0.662	AT2G30250	18.04	19.0	0.96	0.11	0.6
path	5	3.521	1.448	3.714	0.662	AT1G79580	11.32	12.0	0.68	0.19	0.601
path	5	3.521	1.448	3.714	0.662	AT4G22070	11.45	12.0	0.55	0.19	0.601
path	5	3.521	1.448	3.714	0.662	AT5G58850	11.12	12.0	0.88	0.19	0.601
path	5	3.521	1.448	3.714	0.662	AT5G65210	11.26	12.0	0.74	0.19	0.601
path	5	3.521	1.448	5.967	1.016	AT1G12260	1.86	2.0	0.14	0.09	0.613
path	5	3.521	1.448	5.967	1.016	AT1G20910	1.88	2.0	0.12	0.09	0.613
path	5	3.521	1.448	5.967	1.016	AT1G69010	1.78	2.0	0.22	0.09	0.613
path	5	3.521	1.448	5.967	1.016	AT1G69490	1.82	2.0	0.18	0.09	0.613
path	5	3.521	1.448	5.967	1.016	AT1G72740	1.88	2.0	0.12	0.09	0.613
path	5	3.521	1.448	5.967	1.016	AT1G74480	1.84	2.0	0.16	0.09	0.613
path	5	3.521	1.448	5.967	1.016	AT2G40260	1.85	2.0	0.15	0.09	0.613
path	5	3.521	1.448	5.967	1.016	AT2G46770	1.85	2.0	0.15	0.09	0.613
path	5	3.521	1.448	5.967	1.016	AT3G04030	1.82	2.0	0.18	0.09	0.613
path	5	3.521	1.448	5.967	1.016	AT3G08500	1.88	2.0	0.12	0.09	0.613
path	5	3.521	1.448	5.967	1.016	AT4G10350	1.85	2.0	0.15	0.09	0.613
path	5	3.521	1.448	5.967	1.016	AT5G17800	1.86	2.0	0.14	0.09	0.613
path	5	3.521	1.448	5.967	1.016	AT5G29000	1.85	2.0	0.15	0.09	0.613
path	5	3.521	1.448	5.967	1.016	AT1G01720	2.8	3.0	0.2	0.02	0.614
path	5	3.521	1.448	5.967	1.016	AT1G30650	2.79	3.0	0.21	0.02	0.614
path	5	3.521	1.448	5.967	1.016	AT1G71696	2.81	3.0	0.19	0.02	0.614
path	5	3.521	1.448	3.714	0.662	AT1G10720	1.97	2.0	0.03	0.43	0.618
path	5	3.521	1.448	3.714	0.662	AT1G12610	1.62	2.0	0.38	0.43	0.618
path	5	3.521	1.448	3.714	0.662	AT1G18570	1.89	2.0	0.11	0.43	0.618
path	5	3.521	1.448	3.714	0.662	AT1G21910	1.9	2.0	0.1	0.43	0.618
path	5	3.521	1.448	3.714	0.662	AT1G36060	1.6	2.0	0.4	0.43	0.618
path	5	3.521	1.448	3.714	0.662	AT1G66370	1.86	2.0	0.14	0.43	0.618
path	5	3.521	1.448	3.714	0.662	AT1G68670	1.74	2.0	0.26	0.43	0.618
path	5	3.521	1.448	3.714	0.662	AT1G75080	1.84	2.0	0.16	0.43	0.618
path	5	3.521	1.448	3.714	0.662	AT1G76870	1.97	2.0	0.03	0.43	0.618
path	5	3.521	1.448	3.714	0.662	AT2G24570	1.92	2.0	0.08	0.43	0.618
path	5	3.521	1.448	3.714	0.662	AT2G33550	1.71	2.0	0.29	0.43	0.618
path	5	3.521	1.448	3.714	0.662	AT2G33810	1.89	2.0	0.11	0.43	0.618
path	5	3.521	1.448	3.714	0.662	AT2G45650	1.92	2.0	0.08	0.43	0.618
path	5	3.521	1.448	3.714	0.662	AT3G01470	1.84	2.0	0.16	0.43	0.618
path	5	3.521	1.448	3.714	0.662	AT3G06490	1.73	2.0	0.27	0.43	0.618
path	5	3.521	1.448	3.714	0.662	AT3G10580	1.35	2.0	0.65	0.43	0.618
path	5	3.521	1.448	3.714	0.662	AT3G20840	1.94	2.0	0.06	0.43	0.618
path	5	3.521	1.448	3.714	0.662	AT3G23210	1.85	2.0	0.15	0.43	0.618
path	5	3.521	1.448	3.714	0.662	AT3G23250	1.92	2.0	0.08	0.43	0.618
path	5	3.521	1.448	3.714	0.662	AT3G47600	1.93	2.0	0.07	0.43	0.618
path	5	3.521	1.448	3.714	0.662	AT3G51470	1.94	2.0	0.06	0.43	0.618
path	5	3.521	1.448	3.714	0.662	AT3G61250	1.85	2.0	0.15	0.43	0.618
path	5	3.521	1.448	3.714	0.662	AT4G06746	1.66	2.0	0.34	0.43	0.618
path	5	3.521	1.448	3.714	0.662	AT4G24470	1.81	2.0	0.19	0.43	0.618
path	5	3.521	1.448	3.714	0.662	AT5G08130	1.86	2.0	0.14	0.43	0.618
path	5	3.521	1.448	3.714	0.662	AT5G14340	1.95	2.0	0.05	0.43	0.618
path	5	3.521	1.448	3.714	0.662	AT5G47220	1.68	2.0	0.32	0.43	0.618
path	5	3.521	1.448	3.714	0.662	AT5G65130	1.62	2.0	0.38	0.43	0.618
path	5	3.521	1.448	5.967	1.016	AT1G02250	3.86	4.0	0.14	-0.04	0.62
path	5	3.521	1.448	5.967	1.016	AT5G05550	3.7	4.0	0.3	-0.04	0.62
path	5	3.521	1.448	5.967	1.016	AT5G06839	3.8	4.0	0.2	-0.04	0.62
path	5	3.521	1.448	3.714	0.662	AT1G06180	4.7	5.0	0.3	0.28	0.623
path	5	3.521	1.448	3.714	0.662	AT1G31140	4.51	5.0	0.49	0.28	0.623
path	5	3.521	1.448	3.714	0.662	AT2G26960	4.58	5.0	0.42	0.28	0.623
path	5	3.521	1.448	3.714	0.662	AT2G44840	4.31	5.0	0.69	0.28	0.623
path	5	3.521	1.448	3.714	0.662	AT2G47070	4.45	5.0	0.55	0.28	0.623
path	5	3.521	1.448	3.714	0.662	AT3G26620	4.6	5.0	0.4	0.28	0.623
path	5	3.521	1.448	3.714	0.662	AT3G60580	4.69	5.0	0.31	0.28	0.623
path	5	3.521	1.448	3.714	0.662	AT4G05100	4.69	5.0	0.31	0.28	0.623
path	5	3.521	1.448	3.714	0.662	AT4G11660	4.6	5.0	0.4	0.28	0.623
path	5	3.521	1.448	3.714	0.662	AT4G31550	4.78	5.0	0.22	0.28	0.623
path	5	3.521	1.448	3.714	0.662	AT5G05790	4.6	5.0	0.4	0.28	0.623
path	5	3.521	1.448	3.714	0.662	AT5G25830	4.58	5.0	0.42	0.28	0.623
path	5	3.521	1.448	3.714	0.662	AT5G61620	4.18	5.0	0.82	0.28	0.623
path	5	3.521	1.448	5.967	1.016	AT1G80840	0.96	1.0	0.04	0.15	0.623
path	5	3.521	1.448	5.967	1.016	AT3G20770	0.88	1.0	0.12	0.15	0.623
path	5	3.521	1.448	5.967	1.016	AT3G28910	0.94	1.0	0.06	0.15	0.623
path	5	3.521	1.448	5.967	1.016	AT3G57920	0.87	1.0	0.13	0.15	0.623
path	5	3.521	1.448	5.967	1.016	AT5G03150	0.94	1.0	0.06	0.15	0.623
path	5	3.521	1.448	5.967	1.016	AT5G13790	0.94	1.0	0.06	0.15	0.623
path	5	3.521	1.448	5.967	1.016	AT5G65510	0.93	1.0	0.07	0.15	0.623
path	5	3.521	1.448	5.967	1.016	AT5G66300	0.92	1.0	0.08	0.15	0.623
path	5	3.521	1.448	3.714	0.662	AT1G02250	14.47	15.0	0.53	0.04	0.625
path	5	3.521	1.448	3.714	0.662	AT5G05550	13.88	15.0	1.12	0.04	0.625
path	5	3.521	1.448	3.714	0.662	AT5G06839	14.26	15.0	0.74	0.04	0.625
path	5	3.521	1.448	5.967	1.016	AT2G30250	4.74	5.0	0.26	-0.11	0.627
path	5	3.521	1.448	3.714	0.662	AT1G16490	7.46	8.0	0.54	0.13	0.641
path	5	3.521	1.448	3.714	0.662	AT1G49560	7.4	8.0	0.6	0.13	0.641
path	5	3.521	1.448	3.714	0.662	AT1G68320	7.49	8.0	0.51	0.13	0.641
path	5	3.521	1.448	3.714	0.662	AT2G03340	7.67	8.0	0.33	0.13	0.641
path	5	3.521	1.448	3.714	0.662	AT2G18380	7.41	8.0	0.59	0.13	0.641
path	5	3.521	1.448	3.714	0.662	AT2G35700	7.26	8.0	0.74	0.13	0.641
path	5	3.521	1.448	3.714	0.662	AT3G04060	7.42	8.0	0.58	0.13	0.641
path	5	3.521	1.448	3.714	0.662	AT3G12720	7.49	8.0	0.51	0.13	0.641
path	5	3.521	1.448	3.714	0.662	AT3G53200	7.42	8.0	0.58	0.13	0.641
path	5	3.521	1.448	3.714	0.662	AT5G06950	7.31	8.0	0.69	0.13	0.641
path	5	3.521	1.448	3.714	0.662	AT5G46350	7.54	8.0	0.46	0.13	0.641
path	5	3.521	1.448	3.714	0.662	AT5G54230	7.35	8.0	0.65	0.13	0.641
path	5	3.521	1.448	3.714	0.662	AT5G67580	7.56	8.0	0.44	0.13	0.641
path	5	3.521	1.448	3.714	0.662	AT1G01720	10.27	11.0	0.73	-0.02	0.659
path	5	3.521	1.448	3.714	0.662	AT1G30650	10.22	11.0	0.78	-0.02	0.659
path	5	3.521	1.448	3.714	0.662	AT1G71696	10.29	11.0	0.71	-0.02	0.659
path	5	3.521	1.448	5.967	1.016	AT1G29860	3.79	4.0	0.21	-0.26	0.668
path	5	3.521	1.448	5.967	1.016	AT1G79580	2.82	3.0	0.18	-0.19	0.668
path	5	3.521	1.448	5.967	1.016	AT4G22070	2.85	3.0	0.15	-0.19	0.668
path	5	3.521	1.448	5.967	1.016	AT4G31800	3.74	4.0	0.26	-0.26	0.668
path	5	3.521	1.448	5.967	1.016	AT5G58850	2.76	3.0	0.24	-0.19	0.668
path	5	3.521	1.448	5.967	1.016	AT5G65210	2.8	3.0	0.2	-0.19	0.668
path	5	3.521	1.448	5.967	1.016	AT1G16490	1.85	2.0	0.15	-0.13	0.676
path	5	3.521	1.448	5.967	1.016	AT1G49560	1.84	2.0	0.16	-0.13	0.676
path	5	3.521	1.448	5.967	1.016	AT1G68320	1.86	2.0	0.14	-0.13	0.676
path	5	3.521	1.448	5.967	1.016	AT2G03340	1.91	2.0	0.09	-0.13	0.676
path	5	3.521	1.448	5.967	1.016	AT2G18380	1.84	2.0	0.16	-0.13	0.676
path	5	3.521	1.448	5.967	1.016	AT2G35700	1.8	2.0	0.2	-0.13	0.676
path	5	3.521	1.448	5.967	1.016	AT3G04060	1.84	2.0	0.16	-0.13	0.676
path	5	3.521	1.448	5.967	1.016	AT3G12720	1.86	2.0	0.14	-0.13	0.676
path	5	3.521	1.448	5.967	1.016	AT3G53200	1.84	2.0	0.16	-0.13	0.676
path	5	3.521	1.448	5.967	1.016	AT5G06950	1.81	2.0	0.19	-0.13	0.676
path	5	3.521	1.448	5.967	1.016	AT5G46350	1.88	2.0	0.12	-0.13	0.676
path	5	3.521	1.448	5.967	1.016	AT5G54230	1.83	2.0	0.17	-0.13	0.676
path	5	3.521	1.448	5.967	1.016	AT5G67580	1.88	2.0	0.12	-0.13	0.676
path	5	3.521	1.448	3.714	0.662	AT3G21890	13.39	14.0	0.61	-0.17	0.677
path	5	3.521	1.448	3.714	0.662	AT5G22990	13.08	14.0	0.92	-0.17	0.677
path	5	3.521	1.448	5.967	1.016	AT1G25550	0.89	1.0	0.11	-0.06	0.707
path	5	3.521	1.448	5.967	1.016	AT1G27730	0.9	1.0	0.1	-0.06	0.707
path	5	3.521	1.448	5.967	1.016	AT1G74840	0.83	1.0	0.17	-0.06	0.707
path	5	3.521	1.448	5.967	1.016	AT1G79180	0.92	1.0	0.08	-0.06	0.707
path	5	3.521	1.448	5.967	1.016	AT2G01060	0.89	1.0	0.11	-0.06	0.707
path	5	3.521	1.448	5.967	1.016	AT2G46680	0.88	1.0	0.12	-0.06	0.707
path	5	3.521	1.448	5.967	1.016	AT3G15170	0.91	1.0	0.09	-0.06	0.707
path	5	3.521	1.448	5.967	1.016	AT5G52660	0.84	1.0	0.16	-0.06	0.707
path	5	3.521	1.448	5.967	1.016	AT5G56840	0.77	1.0	0.23	-0.06	0.707
path	5	3.521	1.448	3.714	0.662	AT1G12260	6.47	7.0	0.53	-0.09	0.709
path	5	3.521	1.448	3.714	0.662	AT1G20910	6.57	7.0	0.43	-0.09	0.709
path	5	3.521	1.448	3.714	0.662	AT1G69010	6.19	7.0	0.81	-0.09	0.709
path	5	3.521	1.448	3.714	0.662	AT1G69490	6.33	7.0	0.67	-0.09	0.709
path	5	3.521	1.448	3.714	0.662	AT1G72740	6.56	7.0	0.44	-0.09	0.709
path	5	3.521	1.448	3.714	0.662	AT1G74480	6.41	7.0	0.59	-0.09	0.709
path	5	3.521	1.448	3.714	0.662	AT2G40260	6.44	7.0	0.56	-0.09	0.709
path	5	3.521	1.448	3.714	0.662	AT2G46770	6.43	7.0	0.57	-0.09	0.709
path	5	3.521	1.448	3.714	0.662	AT3G04030	6.32	7.0	0.68	-0.09	0.709
path	5	3.521	1.448	3.714	0.662	AT3G08500	6.54	7.0	0.46	-0.09	0.709
path	5	3.521	1.448	3.714	0.662	AT4G10350	6.45	7.0	0.55	-0.09	0.709
path	5	3.521	1.448	3.714	0.662	AT5G17800	6.47	7.0	0.53	-0.09	0.709
path	5	3.521	1.448	3.714	0.662	AT5G29000	6.46	7.0	0.54	-0.09	0.709
path	5	3.521	1.448	3.714	0.662	AT1G25550	3.61	4.0	0.39	0.06	0.713
path	5	3.521	1.448	3.714	0.662	AT1G27730	3.63	4.0	0.37	0.06	0.713
path	5	3.521	1.448	3.714	0.662	AT1G74840	3.36	4.0	0.64	0.06	0.713
path	5	3.521	1.448	3.714	0.662	AT1G79180	3.71	4.0	0.29	0.06	0.713
path	5	3.521	1.448	3.714	0.662	AT2G01060	3.58	4.0	0.42	0.06	0.713
path	5	3.521	1.448	3.714	0.662	AT2G46680	3.57	4.0	0.43	0.06	0.713
path	5	3.521	1.448	3.714	0.662	AT3G15170	3.67	4.0	0.33	0.06	0.713
path	5	3.521	1.448	3.714	0.662	AT5G52660	3.41	4.0	0.59	0.06	0.713
path	5	3.521	1.448	3.714	0.662	AT5G56840	3.16	4.0	0.84	0.06	0.713
path	5	3.521	1.448	5.967	1.016	AT1G34180	3.83	4.0	0.17	-0.47	0.713
path	5	3.521	1.448	5.967	1.016	AT2G38470	3.78	4.0	0.22	-0.47	0.713
path	5	3.521	1.448	3.714	0.662	AT1G54330	9.45	10.0	0.55	-0.23	0.716
path	5	3.521	1.448	3.714	0.662	AT4G38170	9.25	10.0	0.75	-0.23	0.716
path	5	3.521	1.448	3.714	0.662	AT5G17300	9.25	10.0	0.75	-0.23	0.716
path	5	3.521	1.448	3.714	0.662	AT5G45580	9.25	10.0	0.75	-0.23	0.716
path	5	3.521	1.448	5.967	1.016	AT1G62300	2.82	3.0	0.18	-0.4	0.717
path	5	3.521	1.448	5.967	1.016	AT2G20110	2.8	3.0	0.2	-0.4	0.717
path	5	3.521	1.448	5.967	1.016	AT2G22540	2.8	3.0	0.2	-0.4	0.717
path	5	3.521	1.448	5.967	1.016	AT3G10480	2.84	3.0	0.16	-0.4	0.717
path	5	3.521	1.448	5.967	1.016	AT3G15270	2.78	3.0	0.22	-0.4	0.717
path	5	3.521	1.448	3.714	0.662	AT3G24120	12.21	13.0	0.79	-0.38	0.727
path	5	3.521	1.448	5.967	1.016	AT1G34190	1.83	2.0	0.17	-0.34	0.731
path	5	3.521	1.448	5.967	1.016	AT1G74650	1.83	2.0	0.17	-0.34	0.731
path	5	3.521	1.448	5.967	1.016	AT3G02940	1.81	2.0	0.19	-0.34	0.731
path	5	3.521	1.448	5.967	1.016	AT4G01250	1.83	2.0	0.17	-0.34	0.731
path	5	3.521	1.448	5.967	1.016	AT5G39610	1.84	2.0	0.16	-0.34	0.731
path	5	3.521	1.448	5.967	1.016	AT5G56110	1.79	2.0	0.21	-0.34	0.731
path	5	3.521	1.448	3.714	0.662	AT1G08320	15.15	16.0	0.85	-0.53	0.74
path	5	3.521	1.448	3.714	0.662	AT3G55370	15.13	16.0	0.87	-0.53	0.74
path	5	3.521	1.448	3.714	0.662	AT5G10030	15.1	16.0	0.9	-0.53	0.74
path	5	3.521	1.448	5.967	1.016	AT5G26170	2.77	3.0	0.23	-0.62	0.761
path	5	3.521	1.448	3.714	0.662	AT1G76890	8.32	9.0	0.68	-0.45	0.771
path	5	3.521	1.448	3.714	0.662	AT2G01930	8.34	9.0	0.66	-0.45	0.771
path	5	3.521	1.448	3.714	0.662	AT4G18770	8.3	9.0	0.7	-0.45	0.771
path	5	3.521	1.448	5.967	1.016	AT1G06180	0.92	1.0	0.08	-0.28	0.772
path	5	3.521	1.448	5.967	1.016	AT1G31140	0.87	1.0	0.13	-0.28	0.772
path	5	3.521	1.448	5.967	1.016	AT2G26960	0.89	1.0	0.11	-0.28	0.772
path	5	3.521	1.448	5.967	1.016	AT2G44840	0.81	1.0	0.19	-0.28	0.772
path	5	3.521	1.448	5.967	1.016	AT2G47070	0.85	1.0	0.15	-0.28	0.772
path	5	3.521	1.448	5.967	1.016	AT3G26620	0.89	1.0	0.11	-0.28	0.772
path	5	3.521	1.448	5.967	1.016	AT3G60580	0.92	1.0	0.08	-0.28	0.772
path	5	3.521	1.448	5.967	1.016	AT4G05100	0.92	1.0	0.08	-0.28	0.772
path	5	3.521	1.448	5.967	1.016	AT4G11660	0.89	1.0	0.11	-0.28	0.772
path	5	3.521	1.448	5.967	1.016	AT4G31550	0.94	1.0	0.06	-0.28	0.772
path	5	3.521	1.448	5.967	1.016	AT5G05790	0.89	1.0	0.11	-0.28	0.772
path	5	3.521	1.448	5.967	1.016	AT5G25830	0.89	1.0	0.11	-0.28	0.772
path	5	3.521	1.448	5.967	1.016	AT5G61620	0.78	1.0	0.22	-0.28	0.772
path	5	3.521	1.448	3.714	0.662	AT1G03840	5.57	6.0	0.43	-0.3	0.775
path	5	3.521	1.448	3.714	0.662	AT1G47655	5.49	6.0	0.51	-0.3	0.775
path	5	3.521	1.448	3.714	0.662	AT3G18400	11.28	12.0	0.72	-0.6	0.775
path	5	3.521	1.448	3.714	0.662	AT3G18990	11.44	12.0	0.56	-0.6	0.775
path	5	3.521	1.448	5.967	1.016	AT2G02080	1.82	2.0	0.18	-0.55	0.779
path	5	3.521	1.448	5.967	1.016	AT2G18060	1.84	2.0	0.16	-0.55	0.779
path	5	3.521	1.448	5.967	1.016	AT3G12130	1.89	2.0	0.11	-0.55	0.779
path	5	3.521	1.448	5.967	1.016	AT4G31060	1.79	2.0	0.21	-0.55	0.779
path	5	3.521	1.448	5.967	1.016	AT5G62380	1.85	2.0	0.15	-0.55	0.779
path	5	3.521	1.448	3.714	0.662	AT1G01250	0.91	1.0	0.09	0.21	0.787
path	5	3.521	1.448	3.714	0.662	AT1G04880	0.75	1.0	0.25	0.21	0.787
path	5	3.521	1.448	3.714	0.662	AT1G13300	0.92	1.0	0.08	0.21	0.787
path	5	3.521	1.448	3.714	0.662	AT1G34370	0.86	1.0	0.14	0.21	0.787
path	5	3.521	1.448	3.714	0.662	AT1G46264	0.98	1.0	0.02	0.21	0.787
path	5	3.521	1.448	3.714	0.662	AT1G51600	0.95	1.0	0.05	0.21	0.787
path	5	3.521	1.448	3.714	0.662	AT1G69560	0.87	1.0	0.13	0.21	0.787
path	5	3.521	1.448	3.714	0.662	AT1G76880	0.96	1.0	0.04	0.21	0.787
path	5	3.521	1.448	3.714	0.662	AT2G17410	0.92	1.0	0.08	0.21	0.787
path	5	3.521	1.448	3.714	0.662	AT2G17950	0.88	1.0	0.12	0.21	0.787
path	5	3.521	1.448	3.714	0.662	AT2G38300	0.91	1.0	0.09	0.21	0.787
path	5	3.521	1.448	3.714	0.662	AT2G39900	0.98	1.0	0.02	0.21	0.787
path	5	3.521	1.448	3.714	0.662	AT2G46400	0.97	1.0	0.03	0.21	0.787
path	5	3.521	1.448	3.714	0.662	AT2G48100	0.99	1.0	0.01	0.21	0.787
path	5	3.521	1.448	3.714	0.662	AT3G03660	0.97	1.0	0.03	0.21	0.787
path	5	3.521	1.448	3.714	0.662	AT3G22780	0.97	1.0	0.03	0.21	0.787
path	5	3.521	1.448	3.714	0.662	AT3G23240	0.54	1.0	0.46	0.21	0.787
path	5	3.521	1.448	3.714	0.662	AT3G26790	0.8	1.0	0.2	0.21	0.787
path	5	3.521	1.448	3.714	0.662	AT3G30530	0.94	1.0	0.06	0.21	0.787
path	5	3.521	1.448	3.714	0.662	AT3G50700	0.79	1.0	0.21	0.21	0.787
path	5	3.521	1.448	3.714	0.662	AT3G57230	0.92	1.0	0.08	0.21	0.787
path	5	3.521	1.448	3.714	0.662	AT3G61120	0.96	1.0	0.04	0.21	0.787
path	5	3.521	1.448	3.714	0.662	AT4G04450	0.92	1.0	0.08	0.21	0.787
path	5	3.521	1.448	3.714	0.662	AT4G18450	0.9	1.0	0.1	0.21	0.787
path	5	3.521	1.448	3.714	0.662	AT4G18890	0.85	1.0	0.15	0.21	0.787
path	5	3.521	1.448	3.714	0.662	AT4G24020	0.92	1.0	0.08	0.21	0.787
path	5	3.521	1.448	3.714	0.662	AT4G27900	0.95	1.0	0.05	0.21	0.787
path	5	3.521	1.448	3.714	0.662	AT4G28140	0.88	1.0	0.12	0.21	0.787
path	5	3.521	1.448	3.714	0.662	AT4G38620	0.94	1.0	0.06	0.21	0.787
path	5	3.521	1.448	3.714	0.662	AT5G07680	0.88	1.0	0.12	0.21	0.787
path	5	3.521	1.448	3.714	0.662	AT5G08750	0.89	1.0	0.11	0.21	0.787
path	5	3.521	1.448	3.714	0.662	AT5G13910	0.89	1.0	0.11	0.21	0.787
path	5	3.521	1.448	3.714	0.662	AT5G16600	0.98	1.0	0.02	0.21	0.787
path	5	3.521	1.448	3.714	0.662	AT5G22500	0.78	1.0	0.22	0.21	0.787
path	5	3.521	1.448	3.714	0.662	AT5G40330	0.97	1.0	0.03	0.21	0.787
path	5	3.521	1.448	3.714	0.662	AT5G42520	0.97	1.0	0.03	0.21	0.787
path	5	3.521	1.448	3.714	0.662	AT5G42820	0.98	1.0	0.02	0.21	0.787
path	5	3.521	1.448	3.714	0.662	AT5G44160	0.89	1.0	0.11	0.21	0.787
path	5	3.521	1.448	3.714	0.662	AT5G47230	0.83	1.0	0.17	0.21	0.787
path	5	3.521	1.448	3.714	0.662	AT5G49300	0.99	1.0	0.01	0.21	0.787
path	5	3.521	1.448	3.714	0.662	AT5G50570	0.85	1.0	0.15	0.21	0.787
path	5	3.521	1.448	3.714	0.662	AT5G52170	0.95	1.0	0.05	0.21	0.787
path	5	3.521	1.448	3.714	0.662	AT5G56930	0.98	1.0	0.02	0.21	0.787
path	5	3.521	1.448	3.714	0.662	AT5G59990	0.86	1.0	0.14	0.21	0.787
path	5	3.521	1.448	3.714	0.662	AT5G67000	0.96	1.0	0.04	0.21	0.787
path	5	3.521	1.448	3.714	0.662	AT5G67450	0.88	1.0	0.12	0.21	0.787
path	5	3.521	1.448	3.714	0.662	AT1G32870	17.43	18.0	0.57	-0.89	0.792
path	5	3.521	1.448	5.967	1.016	AT2G23320	2.77	3.0	0.23	-0.83	0.799
path	5	3.521	1.448	3.714	0.662	AT1G80840	2.87	3.0	0.13	-0.15	0.802
path	5	3.521	1.448	3.714	0.662	AT3G20770	2.56	3.0	0.44	-0.15	0.802
path	5	3.521	1.448	3.714	0.662	AT3G28910	2.77	3.0	0.23	-0.15	0.802
path	5	3.521	1.448	3.714	0.662	AT3G57920	2.5	3.0	0.5	-0.15	0.802
path	5	3.521	1.448	3.714	0.662	AT5G03150	2.76	3.0	0.24	-0.15	0.802
path	5	3.521	1.448	3.714	0.662	AT5G13790	2.78	3.0	0.22	-0.15	0.802
path	5	3.521	1.448	3.714	0.662	AT5G65510	2.73	3.0	0.27	-0.15	0.802
path	5	3.521	1.448	3.714	0.662	AT5G66300	2.69	3.0	0.31	-0.15	0.802
path	5	3.521	1.448	3.714	0.662	AT4G01550	10.46	11.0	0.54	-0.81	0.819
path	5	3.521	1.448	5.967	1.016	AT2G43000	1.77	2.0	0.23	-0.77	0.82
path	5	3.521	1.448	5.967	1.016	AT4G25490	1.78	2.0	0.22	-0.77	0.82
path	5	3.521	1.448	5.967	1.016	AT5G52830	1.8	2.0	0.2	-0.77	0.82
path	5	3.521	1.448	3.714	0.662	AT1G33240	7.34	8.0	0.66	-0.66	0.822
path	5	3.521	1.448	3.714	0.662	AT3G12250	13.1	14.0	0.9	-0.96	0.822
path	5	3.521	1.448	3.714	0.662	AT3G27785	7.45	8.0	0.55	-0.66	0.822
path	5	3.521	1.448	3.714	0.662	AT5G13180	7.38	8.0	0.62	-0.66	0.822
path	5	3.521	1.448	3.714	0.662	AT5G18270	7.35	8.0	0.65	-0.66	0.822
path	5	3.521	1.448	3.714	0.662	AT5G47660	7.5	8.0	0.5	-0.66	0.822
path	5	3.521	1.448	5.967	1.016	AT1G01060	0.82	1.0	0.18	-0.49	0.824
path	5	3.521	1.448	5.967	1.016	AT1G30490	0.88	1.0	0.12	-0.49	0.824
path	5	3.521	1.448	5.967	1.016	AT1G52150	0.89	1.0	0.11	-0.49	0.824
path	5	3.521	1.448	5.967	1.016	AT2G46130	0.92	1.0	0.08	-0.49	0.824
path	5	3.521	1.448	5.967	1.016	AT4G00730	0.84	1.0	0.16	-0.49	0.824
path	5	3.521	1.448	5.967	1.016	AT4G01280	0.82	1.0	0.18	-0.49	0.824
path	5	3.521	1.448	5.967	1.016	AT5G45300	0.87	1.0	0.13	-0.49	0.824
path	5	3.521	1.448	5.967	1.016	AT3G52440	2.79	3.0	0.21	-1.04	0.833
path	5	3.521	1.448	5.967	1.016	AT5G13080	2.76	3.0	0.24	-1.04	0.833
path	5	3.521	1.448	3.714	0.662	AT4G28500	19.36	20.0	0.64	-1.26	0.836
path	5	3.521	1.448	3.714	0.662	AT1G08010	4.57	5.0	0.43	-0.51	0.837
path	5	3.521	1.448	3.714	0.662	AT3G09600	4.3	5.0	0.7	-0.51	0.837
path	5	3.521	1.448	3.714	0.662	AT3G10113	4.47	5.0	0.53	-0.51	0.837
path	5	3.521	1.448	3.714	0.662	AT5G53950	4.7	5.0	0.3	-0.51	0.837
path	5	3.521	1.448	5.967	1.016	AT1G02230	3.83	4.0	0.17	-1.32	0.851
path	5	3.521	1.448	5.967	1.016	AT1G06280	1.71	2.0	0.29	-0.98	0.854
path	5	3.521	1.448	5.967	1.016	AT1G76420	1.82	2.0	0.18	-0.98	0.854
path	5	3.521	1.448	5.967	1.016	AT2G02820	1.73	2.0	0.27	-0.98	0.854
path	5	3.521	1.448	5.967	1.016	AT2G15740	1.83	2.0	0.17	-0.98	0.854
path	5	3.521	1.448	5.967	1.016	AT2G24430	1.81	2.0	0.19	-0.98	0.854
path	5	3.521	1.448	5.967	1.016	AT3G62420	1.72	2.0	0.28	-0.98	0.854
path	5	3.521	1.448	5.967	1.016	AT4G16750	1.76	2.0	0.24	-0.98	0.854
path	5	3.521	1.448	5.967	1.016	AT4G26640	1.89	2.0	0.11	-0.98	0.854
path	5	3.521	1.448	5.967	1.016	AT5G15830	1.73	2.0	0.27	-0.98	0.854
path	5	3.521	1.448	5.967	1.016	AT5G62940	1.83	2.0	0.17	-0.98	0.854
path	5	3.521	1.448	5.967	1.016	AT5G66940	1.81	2.0	0.19	-0.98	0.854
path	5	3.521	1.448	3.714	0.662	AT4G36160	9.16	10.0	0.84	-1.02	0.859
path	5	3.521	1.448	5.967	1.016	AT5G02460	2.77	3.0	0.23	-1.26	0.862
path	5	3.521	1.448	5.967	1.016	AT1G06850	0.87	1.0	0.13	-0.7	0.865
path	5	3.521	1.448	5.967	1.016	AT2G38340	0.79	1.0	0.21	-0.7	0.865
path	5	3.521	1.448	5.967	1.016	AT4G36780	0.78	1.0	0.22	-0.7	0.865
path	5	3.521	1.448	5.967	1.016	AT5G47370	0.82	1.0	0.18	-0.7	0.865
path	5	3.521	1.448	3.714	0.662	AT3G03200	6.41	7.0	0.59	-0.87	0.868
path	5	3.521	1.448	3.714	0.662	AT3G17730	6.42	7.0	0.58	-0.87	0.868
path	5	3.521	1.448	5.967	1.016	AT1G09540	1.84	2.0	0.16	-1.19	0.882
path	5	3.521	1.448	5.967	1.016	AT2G46590	1.8	2.0	0.2	-1.19	0.882
path	5	3.521	1.448	5.967	1.016	AT4G14770	1.8	2.0	0.2	-1.19	0.882
path	5	3.521	1.448	5.967	1.016	AT4G18170	1.79	2.0	0.21	-1.19	0.882
path	5	3.521	1.448	5.967	1.016	AT5G60850	1.79	2.0	0.21	-1.19	0.882
path	5	3.521	1.448	3.714	0.662	AT1G14580	1.8	2.0	0.2	-0.36	0.887
path	5	3.521	1.448	3.714	0.662	AT1G18330	1.47	2.0	0.53	-0.36	0.887
path	5	3.521	1.448	3.714	0.662	AT1G43700	1.84	2.0	0.16	-0.36	0.887
path	5	3.521	1.448	3.714	0.662	AT1G75490	1.58	2.0	0.42	-0.36	0.887
path	5	3.521	1.448	3.714	0.662	AT2G41690	1.85	2.0	0.15	-0.36	0.887
path	5	3.521	1.448	3.714	0.662	AT3G45170	1.92	2.0	0.08	-0.36	0.887
path	5	3.521	1.448	3.714	0.662	AT4G01500	1.86	2.0	0.14	-0.36	0.887
path	5	3.521	1.448	3.714	0.662	AT4G01720	1.91	2.0	0.09	-0.36	0.887
path	5	3.521	1.448	3.714	0.662	AT5G02840	1.7	2.0	0.3	-0.36	0.887
path	5	3.521	1.448	5.967	1.016	AT4G38000	2.78	3.0	0.22	-1.47	0.887
path	5	3.521	1.448	5.967	1.016	AT5G41570	2.76	3.0	0.24	-1.47	0.887
path	5	3.521	1.448	3.714	0.662	AT5G04410	14.41	15.0	0.59	-1.53	0.888
path	5	3.521	1.448	3.714	0.662	AT1G51220	3.57	4.0	0.43	-0.72	0.892
path	5	3.521	1.448	3.714	0.662	AT2G06200	3.71	4.0	0.29	-0.72	0.892
path	5	3.521	1.448	3.714	0.662	AT3G11280	3.7	4.0	0.3	-0.72	0.892
path	5	3.521	1.448	3.714	0.662	AT3G12730	3.46	4.0	0.54	-0.72	0.892
path	5	3.521	1.448	5.967	1.016	AT1G34670	0.84	1.0	0.16	-0.91	0.896
path	5	3.521	1.448	5.967	1.016	AT2G23290	0.82	1.0	0.18	-0.91	0.896
path	5	3.521	1.448	5.967	1.016	AT3G09735	0.86	1.0	0.14	-0.91	0.896
path	5	3.521	1.448	5.967	1.016	AT3G22830	0.86	1.0	0.14	-0.91	0.896
path	5	3.521	1.448	5.967	1.016	AT3G24520	0.83	1.0	0.17	-0.91	0.896
path	5	3.521	1.448	5.967	1.016	AT5G16820	0.84	1.0	0.16	-0.91	0.896
path	5	3.521	1.448	5.967	1.016	AT1G29280	1.77	2.0	0.23	-1.4	0.906
path	5	3.521	1.448	5.967	1.016	AT1G75240	1.81	2.0	0.19	-1.4	0.906
path	5	3.521	1.448	5.967	1.016	AT4G23550	1.8	2.0	0.2	-1.4	0.906
path	5	3.521	1.448	3.714	0.662	AT1G14687	5.38	6.0	0.62	-1.09	0.907
path	5	3.521	1.448	3.714	0.662	AT2G01940	5.42	6.0	0.58	-1.09	0.907
path	5	3.521	1.448	3.714	0.662	AT3G10500	13.45	14.0	0.55	-1.74	0.913
path	5	3.521	1.448	5.967	1.016	AT4G01540	3.76	4.0	0.24	-1.96	0.916
path	5	3.521	1.448	5.967	1.016	AT1G03800	0.75	1.0	0.25	-1.13	0.921
path	5	3.521	1.448	5.967	1.016	AT1G26960	0.82	1.0	0.18	-1.13	0.921
path	5	3.521	1.448	5.967	1.016	AT2G18350	0.83	1.0	0.17	-1.13	0.921
path	5	3.521	1.448	5.967	1.016	AT3G01530	0.84	1.0	0.16	-1.13	0.921
path	5	3.521	1.448	5.967	1.016	AT4G37180	0.83	1.0	0.17	-1.13	0.921
path	5	3.521	1.448	5.967	1.016	AT4G37260	0.82	1.0	0.18	-1.13	0.921
path	5	3.521	1.448	5.967	1.016	AT5G24110	0.85	1.0	0.15	-1.13	0.921
path	5	3.521	1.448	5.967	1.016	AT5G67190	0.79	1.0	0.21	-1.13	0.921
path	5	3.521	1.448	3.714	0.662	AT4G17980	7.33	8.0	0.67	-1.45	0.924
path	5	3.521	1.448	5.967	1.016	AT2G40740	1.78	2.0	0.22	-1.62	0.925
path	5	3.521	1.448	5.967	1.016	AT3G01970	1.79	2.0	0.21	-1.62	0.925
path	5	3.521	1.448	5.967	1.016	AT4G32730	1.68	2.0	0.32	-1.62	0.925
path	5	3.521	1.448	5.967	1.016	AT5G63260	1.81	2.0	0.19	-1.62	0.925
path	5	3.521	1.448	3.714	0.662	AT3G61150	2.44	3.0	0.56	-0.94	0.937
path	5	3.521	1.448	5.967	1.016	AT1G12630	0.79	1.0	0.21	-1.34	0.939
path	5	3.521	1.448	5.967	1.016	AT2G04038	0.75	1.0	0.25	-1.34	0.939
path	5	3.521	1.448	5.967	1.016	AT3G06740	0.9	1.0	0.1	-1.34	0.939
path	5	3.521	1.448	5.967	1.016	AT3G16280	0.85	1.0	0.15	-1.34	0.939
path	5	3.521	1.448	5.967	1.016	AT4G26030	0.86	1.0	0.14	-1.34	0.939
path	5	3.521	1.448	5.967	1.016	AT5G25190	0.72	1.0	0.28	-1.34	0.939
path	5	3.521	1.448	3.714	0.662	AT1G25340	4.53	5.0	0.47	-1.3	0.94
path	5	3.521	1.448	3.714	0.662	AT5G08520	4.18	5.0	0.82	-1.3	0.94
path	5	3.521	1.448	3.714	0.662	AT5G14960	4.86	5.0	0.14	-1.3	0.94
path	5	3.521	1.448	5.967	1.016	AT1G64620	1.79	2.0	0.21	-1.83	0.941
path	5	3.521	1.448	5.967	1.016	AT3G44480	1.83	2.0	0.17	-1.83	0.941
path	5	3.521	1.448	5.967	1.016	AT3G45610	1.8	2.0	0.2	-1.83	0.941
path	5	3.521	1.448	3.714	0.662	AT1G19000	6.21	7.0	0.79	-1.66	0.948
path	5	3.521	1.448	5.967	1.016	AT1G77200	0.78	1.0	0.22	-1.55	0.954
path	5	3.521	1.448	5.967	1.016	AT2G18160	0.75	1.0	0.25	-1.55	0.954
path	5	3.521	1.448	5.967	1.016	AT5G11260	0.75	1.0	0.25	-1.55	0.954
path	5	3.521	1.448	5.967	1.016	AT5G66730	0.86	1.0	0.14	-1.55	0.954
path	5	3.521	1.448	3.714	0.662	AT1G22070	0.89	1.0	0.11	-0.57	0.957
path	5	3.521	1.448	3.714	0.662	AT1G69690	0.83	1.0	0.17	-0.57	0.957
path	5	3.521	1.448	3.714	0.662	AT1G72010	0.66	1.0	0.34	-0.57	0.957
path	5	3.521	1.448	3.714	0.662	AT1G77640	0.88	1.0	0.12	-0.57	0.957
path	5	3.521	1.448	3.714	0.662	AT2G28920	0.79	1.0	0.21	-0.57	0.957
path	5	3.521	1.448	3.714	0.662	AT3G07220	0.97	1.0	0.03	-0.57	0.957
path	5	3.521	1.448	3.714	0.662	AT3G27010	0.84	1.0	0.16	-0.57	0.957
path	5	3.521	1.448	3.714	0.662	AT3G30210	0.78	1.0	0.22	-0.57	0.957
path	5	3.521	1.448	3.714	0.662	AT4G17785	0.87	1.0	0.13	-0.57	0.957
path	5	3.521	1.448	3.714	0.662	AT5G08330	0.63	1.0	0.37	-0.57	0.957
path	5	3.521	1.448	3.714	0.662	AT4G00250	3.42	4.0	0.58	-1.51	0.965
path	5	3.521	1.448	3.714	0.662	AT5G04390	3.64	4.0	0.36	-1.51	0.965
path	5	3.521	1.448	3.714	0.662	AT5G06960	3.58	4.0	0.42	-1.51	0.965
path	5	3.521	1.448	3.714	0.662	AT5G47390	3.3	4.0	0.7	-1.51	0.965
path	5	3.521	1.448	5.967	1.016	AT1G69570	0.8	1.0	0.2	-1.77	0.965
path	5	3.521	1.448	5.967	1.016	AT1G71450	0.7	1.0	0.3	-1.77	0.965
path	5	3.521	1.448	5.967	1.016	AT2G28810	0.81	1.0	0.19	-1.77	0.965
path	5	3.521	1.448	5.967	1.016	AT3G47500	0.83	1.0	0.17	-1.77	0.965
path	5	3.521	1.448	3.714	0.662	AT5G09410	5.32	6.0	0.68	-1.87	0.967
path	5	3.521	1.448	3.714	0.662	AT1G19040	1.89	2.0	0.11	-1.15	0.971
path	5	3.521	1.448	3.714	0.662	AT3G46590	1.87	2.0	0.13	-1.15	0.971
path	5	3.521	1.448	3.714	0.662	AT5G46590	1.8	2.0	0.2	-1.15	0.971
path	5	3.521	1.448	5.967	1.016	AT1G51700	0.86	1.0	0.14	-1.98	0.974
path	5	3.521	1.448	5.967	1.016	AT2G35530	0.72	1.0	0.28	-1.98	0.974
path	5	3.521	1.448	5.967	1.016	AT2G36270	0.72	1.0	0.28	-1.98	0.974
path	5	3.521	1.448	5.967	1.016	AT3G28920	0.8	1.0	0.2	-1.98	0.974
path	5	3.521	1.448	5.967	1.016	AT3G50260	0.73	1.0	0.27	-1.98	0.974
path	5	3.521	1.448	3.714	0.662	AT1G28470	20.22	21.0	0.78	-3.4	0.98
path	5	3.521	1.448	5.967	1.016	AT1G32150	0.73	1.0	0.27	-2.19	0.98
path	5	3.521	1.448	3.714	0.662	AT1G52880	4.3	5.0	0.7	-2.09	0.981
path	5	3.521	1.448	3.714	0.662	AT3G49530	6.49	7.0	0.51	-2.45	0.982
path	5	3.521	1.448	3.714	0.662	AT5G64060	16.39	17.0	0.61	-3.47	0.985
path	5	3.521	1.448	3.714	0.662	AT1G49010	3.25	4.0	0.75	-2.3	0.99
path	5	3.521	1.448	3.714	0.662	AT1G65910	5.43	6.0	0.57	-2.66	0.99
path	5	3.521	1.448	3.714	0.662	AT5G58900	3.36	4.0	0.64	-2.3	0.99
path	5	3.521	1.448	3.714	0.662	AT1G25580	49.19	50.0	0.81	-3.53	0.993
path	5	3.521	1.448	3.714	0.662	AT4G29230	23.32	24.0	0.68	-4.34	0.994
path	5	3.521	1.448	3.714	0.662	AT1G13400	-0.14	0.0	0.14	0.0	1.0
path	5	3.521	1.448	3.714	0.662	AT1G17950	-0.01	0.0	0.01	0.0	1.0
path	5	3.521	1.448	3.714	0.662	AT1G18960	-0.01	0.0	0.01	0.0	1.0
path	5	3.521	1.448	3.714	0.662	AT1G27360	-0.04	0.0	0.04	0.0	1.0
path	5	3.521	1.448	3.714	0.662	AT1G30210	-0.01	0.0	0.01	0.0	1.0
path	5	3.521	1.448	3.714	0.662	AT1G32510	-0.02	0.0	0.02	0.0	1.0
path	5	3.521	1.448	3.714	0.662	AT1G47870	-0.0	0.0	0.0	0.0	1.0
path	5	3.521	1.448	3.714	0.662	AT1G53230	-0.12	0.0	0.12	0.0	1.0
path	5	3.521	1.448	3.714	0.662	AT1G60920	-0.01	0.0	0.01	0.0	1.0
path	5	3.521	1.448	3.714	0.662	AT1G63030	-0.1	0.0	0.1	0.0	1.0
path	5	3.521	1.448	3.714	0.662	AT1G63040	-0.01	0.0	0.01	0.0	1.0
path	5	3.521	1.448	3.714	0.662	AT1G65620	-0.1	0.0	0.1	0.0	1.0
path	5	3.521	1.448	3.714	0.662	AT1G66420	-0.0	0.0	0.0	0.0	1.0
path	5	3.521	1.448	3.714	0.662	AT1G67260	0.0	0.0	0.0	0.0	1.0
path	5	3.521	1.448	3.714	0.662	AT1G70910	-0.0	0.0	0.0	0.0	1.0
path	5	3.521	1.448	3.714	0.662	AT1G72360	-0.07	0.0	0.07	0.0	1.0
path	5	3.521	1.448	3.714	0.662	AT1G73730	-0.05	0.0	0.05	0.0	1.0
path	5	3.521	1.448	3.714	0.662	AT1G74370	-0.01	0.0	0.01	0.0	1.0
path	5	3.521	1.448	3.714	0.662	AT2G17900	-0.03	0.0	0.03	0.0	1.0
path	5	3.521	1.448	3.714	0.662	AT2G21900	-0.06	0.0	0.06	-0.79	1.0
path	5	3.521	1.448	3.714	0.662	AT2G31460	-0.02	0.0	0.02	-0.79	1.0
path	5	3.521	1.448	3.714	0.662	AT2G38090	-0.02	0.0	0.02	0.0	1.0
path	5	3.521	1.448	3.714	0.662	AT2G38880	-0.02	0.0	0.02	0.0	1.0
path	5	3.521	1.448	3.714	0.662	AT2G41835	-0.05	0.0	0.05	0.0	1.0
path	5	3.521	1.448	3.714	0.662	AT2G42590	-0.11	0.0	0.11	0.0	1.0
path	5	3.521	1.448	3.714	0.662	AT2G45680	-0.11	0.0	0.11	-0.79	1.0
path	5	3.521	1.448	3.714	0.662	AT3G02150	-0.04	0.0	0.04	-0.79	1.0
path	5	3.521	1.448	3.714	0.662	AT3G04070	-0.14	0.0	0.14	-0.79	1.0
path	5	3.521	1.448	3.714	0.662	AT3G09230	-0.02	0.0	0.02	0.0	1.0
path	5	3.521	1.448	3.714	0.662	AT3G12910	-0.02	0.0	0.02	0.0	1.0
path	5	3.521	1.448	3.714	0.662	AT3G13040	-0.03	0.0	0.03	0.0	1.0
path	5	3.521	1.448	3.714	0.662	AT3G13350	-0.07	0.0	0.07	0.0	1.0
path	5	3.521	1.448	3.714	0.662	AT3G45150	-0.12	0.0	0.12	0.0	1.0
path	5	3.521	1.448	3.714	0.662	AT3G46070	-0.02	0.0	0.02	0.0	1.0
path	5	3.521	1.448	3.714	0.662	AT3G47620	-0.01	0.0	0.01	0.0	1.0
path	5	3.521	1.448	3.714	0.662	AT3G49930	-0.01	0.0	0.01	0.0	1.0
path	5	3.521	1.448	3.714	0.662	AT3G51080	-0.08	0.0	0.08	0.0	1.0
path	5	3.521	1.448	3.714	0.662	AT3G57600	-0.08	0.0	0.08	0.0	1.0
path	5	3.521	1.448	3.714	0.662	AT4G12670	-0.0	0.0	0.0	0.0	1.0
path	5	3.521	1.448	3.714	0.662	AT4G14410	-0.02	0.0	0.02	0.0	1.0
path	5	3.521	1.448	3.714	0.662	AT4G17460	-0.03	0.0	0.03	0.0	1.0
path	5	3.521	1.448	3.714	0.662	AT4G24240	-0.01	0.0	0.01	0.0	1.0
path	5	3.521	1.448	3.714	0.662	AT4G28110	-0.03	0.0	0.03	0.0	1.0
path	5	3.521	1.448	3.714	0.662	AT4G30080	-0.03	0.0	0.03	0.0	1.0
path	5	3.521	1.448	3.714	0.662	AT4G37790	-0.02	0.0	0.02	0.0	1.0
path	5	3.521	1.448	3.714	0.662	AT4G38910	-0.02	0.0	0.02	0.0	1.0
path	5	3.521	1.448	3.714	0.662	AT5G08070	-0.02	0.0	0.02	0.0	1.0
path	5	3.521	1.448	3.714	0.662	AT5G10140	-0.07	0.0	0.07	0.0	1.0
path	5	3.521	1.448	3.714	0.662	AT5G18090	-0.03	0.0	0.03	0.0	1.0
path	5	3.521	1.448	3.714	0.662	AT5G22890	-0.02	0.0	0.02	0.0	1.0
path	5	3.521	1.448	3.714	0.662	AT5G25390	-0.06	0.0	0.06	0.0	1.0
path	5	3.521	1.448	3.714	0.662	AT5G25475	-0.02	0.0	0.02	0.0	1.0
path	5	3.521	1.448	3.714	0.662	AT5G38800	-0.0	0.0	0.0	0.0	1.0
path	5	3.521	1.448	3.714	0.662	AT5G38860	-0.02	0.0	0.02	0.0	1.0
path	5	3.521	1.448	3.714	0.662	AT5G48670	-0.01	0.0	0.01	0.0	1.0
path	5	3.521	1.448	3.714	0.662	AT5G58620	0.0	0.0	0.0	0.0	1.0
path	5	3.521	1.448	3.714	0.662	AT5G61270	-0.05	0.0	0.05	0.0	1.0
path	5	3.521	1.448	3.714	0.662	AT5G62165	-0.02	0.0	0.02	0.0	1.0
path	5	3.521	1.448	3.714	0.662	AT5G67300	-0.06	0.0	0.06	0.0	1.0
path	5	3.521	1.448	5.967	1.016	AT1G01250	-0.03	0.0	0.03	-0.21	1.0
path	5	3.521	1.448	5.967	1.016	AT1G04880	-0.07	0.0	0.07	-0.21	1.0
path	5	3.521	1.448	5.967	1.016	AT1G10720	-0.01	0.0	0.01	-0.43	1.0
path	5	3.521	1.448	5.967	1.016	AT1G12610	-0.1	0.0	0.1	-0.43	1.0
path	5	3.521	1.448	5.967	1.016	AT1G13260	-0.06	0.0	0.06	-0.64	1.0
path	5	3.521	1.448	5.967	1.016	AT1G13300	-0.02	0.0	0.02	-0.21	1.0
path	5	3.521	1.448	5.967	1.016	AT1G13400	-0.04	0.0	0.04	0.0	1.0
path	5	3.521	1.448	5.967	1.016	AT1G17950	-0.0	0.0	0.0	0.0	1.0
path	5	3.521	1.448	5.967	1.016	AT1G18570	-0.03	0.0	0.03	-0.43	1.0
path	5	3.521	1.448	5.967	1.016	AT1G18960	-0.0	0.0	0.0	0.0	1.0
path	5	3.521	1.448	5.967	1.016	AT1G19210	-0.26	0.0	0.26	-2.55	1.0
path	5	3.521	1.448	5.967	1.016	AT1G19790	-0.08	0.0	0.08	-0.85	1.0
path	5	3.521	1.448	5.967	1.016	AT1G20980	-0.09	0.0	0.09	-0.64	1.0
path	5	3.521	1.448	5.967	1.016	AT1G21910	-0.03	0.0	0.03	-0.43	1.0
path	5	3.521	1.448	5.967	1.016	AT1G22810	-0.18	0.0	0.18	-1.49	1.0
path	5	3.521	1.448	5.967	1.016	AT1G23810	-0.01	0.0	0.01	-0.64	1.0
path	5	3.521	1.448	5.967	1.016	AT1G24250	-0.08	0.0	0.08	-1.28	1.0
path	5	3.521	1.448	5.967	1.016	AT1G27360	-0.01	0.0	0.01	0.0	1.0
path	5	3.521	1.448	5.967	1.016	AT1G28160	-0.22	0.0	0.22	-2.13	1.0
path	5	3.521	1.448	5.967	1.016	AT1G28370	-0.25	0.0	0.25	-1.7	1.0
path	5	3.521	1.448	5.967	1.016	AT1G30210	-0.0	0.0	0.0	0.0	1.0
path	5	3.521	1.448	5.967	1.016	AT1G32240	-0.03	0.0	0.03	-0.64	1.0
path	5	3.521	1.448	5.967	1.016	AT1G32510	-0.0	0.0	0.0	0.0	1.0
path	5	3.521	1.448	5.967	1.016	AT1G34370	-0.04	0.0	0.04	-0.21	1.0
path	5	3.521	1.448	5.967	1.016	AT1G36060	-0.11	0.0	0.11	-0.43	1.0
path	5	3.521	1.448	5.967	1.016	AT1G44830	-0.07	0.0	0.07	-0.64	1.0
path	5	3.521	1.448	5.967	1.016	AT1G45249	-0.16	0.0	0.16	-1.7	1.0
path	5	3.521	1.448	5.967	1.016	AT1G46264	-0.01	0.0	0.01	-0.21	1.0
path	5	3.521	1.448	5.967	1.016	AT1G47870	-0.0	0.0	0.0	0.0	1.0
path	5	3.521	1.448	5.967	1.016	AT1G50640	-0.2	0.0	0.2	-1.28	1.0
path	5	3.521	1.448	5.967	1.016	AT1G51600	-0.01	0.0	0.01	-0.21	1.0
path	5	3.521	1.448	5.967	1.016	AT1G53170	-0.31	0.0	0.31	-3.19	1.0
path	5	3.521	1.448	5.967	1.016	AT1G53230	-0.03	0.0	0.03	0.0	1.0
path	5	3.521	1.448	5.967	1.016	AT1G55110	-0.14	0.0	0.14	-2.13	1.0
path	5	3.521	1.448	5.967	1.016	AT1G60920	-0.0	0.0	0.0	0.0	1.0
path	5	3.521	1.448	5.967	1.016	AT1G63030	-0.03	0.0	0.03	0.0	1.0
path	5	3.521	1.448	5.967	1.016	AT1G63040	-0.0	0.0	0.0	0.0	1.0
path	5	3.521	1.448	5.967	1.016	AT1G65620	-0.03	0.0	0.03	0.0	1.0
path	5	3.521	1.448	5.967	1.016	AT1G66370	-0.04	0.0	0.04	-0.43	1.0
path	5	3.521	1.448	5.967	1.016	AT1G66420	-0.0	0.0	0.0	0.0	1.0
path	5	3.521	1.448	5.967	1.016	AT1G67260	0.0	0.0	0.0	0.0	1.0
path	5	3.521	1.448	5.967	1.016	AT1G68550	-0.24	0.0	0.24	-1.91	1.0
path	5	3.521	1.448	5.967	1.016	AT1G68670	-0.07	0.0	0.07	-0.43	1.0
path	5	3.521	1.448	5.967	1.016	AT1G69180	-0.15	0.0	0.15	-1.06	1.0
path	5	3.521	1.448	5.967	1.016	AT1G69560	-0.04	0.0	0.04	-0.21	1.0
path	5	3.521	1.448	5.967	1.016	AT1G69780	-0.14	0.0	0.14	-1.06	1.0
path	5	3.521	1.448	5.967	1.016	AT1G70910	-0.0	0.0	0.0	0.0	1.0
path	5	3.521	1.448	5.967	1.016	AT1G70920	-0.11	0.0	0.11	-1.06	1.0
path	5	3.521	1.448	5.967	1.016	AT1G72360	-0.02	0.0	0.02	0.0	1.0
path	5	3.521	1.448	5.967	1.016	AT1G73730	-0.01	0.0	0.01	0.0	1.0
path	5	3.521	1.448	5.967	1.016	AT1G74370	-0.0	0.0	0.0	0.0	1.0
path	5	3.521	1.448	5.967	1.016	AT1G75080	-0.04	0.0	0.04	-0.43	1.0
path	5	3.521	1.448	5.967	1.016	AT1G75390	-0.06	0.0	0.06	-1.06	1.0
path	5	3.521	1.448	5.967	1.016	AT1G76110	-0.07	0.0	0.07	-0.64	1.0
path	5	3.521	1.448	5.967	1.016	AT1G76870	-0.01	0.0	0.01	-0.43	1.0
path	5	3.521	1.448	5.967	1.016	AT1G76880	-0.01	0.0	0.01	-0.21	1.0
path	5	3.521	1.448	5.967	1.016	AT1G78700	-0.22	0.0	0.22	-2.13	1.0
path	5	3.521	1.448	5.967	1.016	AT2G01818	-0.05	0.0	0.05	-0.85	1.0
path	5	3.521	1.448	5.967	1.016	AT2G02070	-0.13	0.0	0.13	-1.91	1.0
path	5	3.521	1.448	5.967	1.016	AT2G02540	-0.18	0.0	0.18	-1.28	1.0
path	5	3.521	1.448	5.967	1.016	AT2G03500	-0.14	0.0	0.14	-1.06	1.0
path	5	3.521	1.448	5.967	1.016	AT2G15660	-0.03	0.0	0.03	-0.64	1.0
path	5	3.521	1.448	5.967	1.016	AT2G17410	-0.02	0.0	0.02	-0.21	1.0
path	5	3.521	1.448	5.967	1.016	AT2G17900	-0.01	0.0	0.01	0.0	1.0
path	5	3.521	1.448	5.967	1.016	AT2G17950	-0.03	0.0	0.03	-0.21	1.0
path	5	3.521	1.448	5.967	1.016	AT2G20400	-0.14	0.0	0.14	-1.7	1.0
path	5	3.521	1.448	5.967	1.016	AT2G22430	-0.13	0.0	0.13	-1.06	1.0
path	5	3.521	1.448	5.967	1.016	AT2G23340	-0.19	0.0	0.19	-2.13	1.0
path	5	3.521	1.448	5.967	1.016	AT2G24570	-0.02	0.0	0.02	-0.43	1.0
path	5	3.521	1.448	5.967	1.016	AT2G30340	-0.15	0.0	0.15	-0.64	1.0
path	5	3.521	1.448	5.967	1.016	AT2G30590	-0.04	0.0	0.04	-0.85	1.0
path	5	3.521	1.448	5.967	1.016	AT2G31230	-0.19	0.0	0.19	-0.85	1.0
path	5	3.521	1.448	5.967	1.016	AT2G32460	-0.15	0.0	0.15	-1.28	1.0
path	5	3.521	1.448	5.967	1.016	AT2G33550	-0.08	0.0	0.08	-0.43	1.0
path	5	3.521	1.448	5.967	1.016	AT2G33710	-0.22	0.0	0.22	-1.91	1.0
path	5	3.521	1.448	5.967	1.016	AT2G33810	-0.03	0.0	0.03	-0.43	1.0
path	5	3.521	1.448	5.967	1.016	AT2G38090	-0.0	0.0	0.0	0.0	1.0
path	5	3.521	1.448	5.967	1.016	AT2G38300	-0.03	0.0	0.03	-0.21	1.0
path	5	3.521	1.448	5.967	1.016	AT2G38880	-0.0	0.0	0.0	0.0	1.0
path	5	3.521	1.448	5.967	1.016	AT2G39900	-0.0	0.0	0.0	-0.21	1.0
path	5	3.521	1.448	5.967	1.016	AT2G41835	-0.01	0.0	0.01	0.0	1.0
path	5	3.521	1.448	5.967	1.016	AT2G42200	-0.17	0.0	0.17	-0.85	1.0
path	5	3.521	1.448	5.967	1.016	AT2G42430	-0.17	0.0	0.17	-1.91	1.0
path	5	3.521	1.448	5.967	1.016	AT2G42590	-0.03	0.0	0.03	0.0	1.0
path	5	3.521	1.448	5.967	1.016	AT2G44940	-0.15	0.0	0.15	-1.91	1.0
path	5	3.521	1.448	5.967	1.016	AT2G45410	-0.19	0.0	0.19	-2.34	1.0
path	5	3.521	1.448	5.967	1.016	AT2G45420	-0.2	0.0	0.2	-1.7	1.0
path	5	3.521	1.448	5.967	1.016	AT2G45650	-0.02	0.0	0.02	-0.43	1.0
path	5	3.521	1.448	5.967	1.016	AT2G46400	-0.01	0.0	0.01	-0.21	1.0
path	5	3.521	1.448	5.967	1.016	AT2G48100	-0.0	0.0	0.0	-0.21	1.0
path	5	3.521	1.448	5.967	1.016	AT3G01220	-0.14	0.0	0.14	-0.64	1.0
path	5	3.521	1.448	5.967	1.016	AT3G01470	-0.04	0.0	0.04	-0.43	1.0
path	5	3.521	1.448	5.967	1.016	AT3G02990	-0.02	0.0	0.02	-0.64	1.0
path	5	3.521	1.448	5.967	1.016	AT3G03660	-0.01	0.0	0.01	-0.21	1.0
path	5	3.521	1.448	5.967	1.016	AT3G06490	-0.07	0.0	0.07	-0.43	1.0
path	5	3.521	1.448	5.967	1.016	AT3G09230	-0.01	0.0	0.01	0.0	1.0
path	5	3.521	1.448	5.967	1.016	AT3G10030	-0.1	0.0	0.1	-1.06	1.0
path	5	3.521	1.448	5.967	1.016	AT3G10580	-0.18	0.0	0.18	-0.43	1.0
path	5	3.521	1.448	5.967	1.016	AT3G10800	-0.12	0.0	0.12	-1.91	1.0
path	5	3.521	1.448	5.967	1.016	AT3G11020	-0.12	0.0	0.12	-0.85	1.0
path	5	3.521	1.448	5.967	1.016	AT3G11440	-0.19	0.0	0.19	-2.55	1.0
path	5	3.521	1.448	5.967	1.016	AT3G12820	-0.05	0.0	0.05	-0.85	1.0
path	5	3.521	1.448	5.967	1.016	AT3G12910	-0.01	0.0	0.01	0.0	1.0
path	5	3.521	1.448	5.967	1.016	AT3G13040	-0.01	0.0	0.01	0.0	1.0
path	5	3.521	1.448	5.967	1.016	AT3G13350	-0.02	0.0	0.02	0.0	1.0
path	5	3.521	1.448	5.967	1.016	AT3G13810	-0.12	0.0	0.12	-1.06	1.0
path	5	3.521	1.448	5.967	1.016	AT3G15210	-0.3	0.0	0.3	-2.77	1.0
path	5	3.521	1.448	5.967	1.016	AT3G20310	-0.28	0.0	0.28	-1.91	1.0
path	5	3.521	1.448	5.967	1.016	AT3G20840	-0.02	0.0	0.02	-0.43	1.0
path	5	3.521	1.448	5.967	1.016	AT3G21175	-0.07	0.0	0.07	-0.85	1.0
path	5	3.521	1.448	5.967	1.016	AT3G22780	-0.01	0.0	0.01	-0.21	1.0
path	5	3.521	1.448	5.967	1.016	AT3G23210	-0.04	0.0	0.04	-0.43	1.0
path	5	3.521	1.448	5.967	1.016	AT3G23220	-0.07	0.0	0.07	-0.64	1.0
path	5	3.521	1.448	5.967	1.016	AT3G23240	-0.12	0.0	0.12	-0.21	1.0
path	5	3.521	1.448	5.967	1.016	AT3G23250	-0.02	0.0	0.02	-0.43	1.0
path	5	3.521	1.448	5.967	1.016	AT3G24050	-0.07	0.0	0.07	-0.64	1.0
path	5	3.521	1.448	5.967	1.016	AT3G25990	-0.06	0.0	0.06	-1.28	1.0
path	5	3.521	1.448	5.967	1.016	AT3G26790	-0.06	0.0	0.06	-0.21	1.0
path	5	3.521	1.448	5.967	1.016	AT3G30530	-0.02	0.0	0.02	-0.21	1.0
path	5	3.521	1.448	5.967	1.016	AT3G42860	-0.11	0.0	0.11	-1.49	1.0
path	5	3.521	1.448	5.967	1.016	AT3G45150	-0.03	0.0	0.03	0.0	1.0
path	5	3.521	1.448	5.967	1.016	AT3G46070	-0.01	0.0	0.01	0.0	1.0
path	5	3.521	1.448	5.967	1.016	AT3G47600	-0.02	0.0	0.02	-0.43	1.0
path	5	3.521	1.448	5.967	1.016	AT3G47620	-0.0	0.0	0.0	0.0	1.0
path	5	3.521	1.448	5.967	1.016	AT3G48160	-0.01	0.0	0.01	-0.64	1.0
path	5	3.521	1.448	5.967	1.016	AT3G49930	-0.0	0.0	0.0	0.0	1.0
path	5	3.521	1.448	5.967	1.016	AT3G50060	-0.18	0.0	0.18	-1.7	1.0
path	5	3.521	1.448	5.967	1.016	AT3G50410	-0.14	0.0	0.14	-2.55	1.0
path	5	3.521	1.448	5.967	1.016	AT3G50700	-0.06	0.0	0.06	-0.21	1.0
path	5	3.521	1.448	5.967	1.016	AT3G51080	-0.02	0.0	0.02	0.0	1.0
path	5	3.521	1.448	5.967	1.016	AT3G51470	-0.02	0.0	0.02	-0.43	1.0
path	5	3.521	1.448	5.967	1.016	AT3G56850	-0.28	0.0	0.28	-2.13	1.0
path	5	3.521	1.448	5.967	1.016	AT3G57230	-0.02	0.0	0.02	-0.21	1.0
path	5	3.521	1.448	5.967	1.016	AT3G57600	-0.02	0.0	0.02	0.0	1.0
path	5	3.521	1.448	5.967	1.016	AT3G58630	-0.06	0.0	0.06	-0.64	1.0
path	5	3.521	1.448	5.967	1.016	AT3G60490	-0.14	0.0	0.14	-1.91	1.0
path	5	3.521	1.448	5.967	1.016	AT3G60530	-0.05	0.0	0.05	-0.64	1.0
path	5	3.521	1.448	5.967	1.016	AT3G61120	-0.01	0.0	0.01	-0.21	1.0
path	5	3.521	1.448	5.967	1.016	AT3G61250	-0.04	0.0	0.04	-0.43	1.0
path	5	3.521	1.448	5.967	1.016	AT4G01680	-0.13	0.0	0.13	-1.7	1.0
path	5	3.521	1.448	5.967	1.016	AT4G04450	-0.02	0.0	0.02	-0.21	1.0
path	5	3.521	1.448	5.967	1.016	AT4G06746	-0.09	0.0	0.09	-0.43	1.0
path	5	3.521	1.448	5.967	1.016	AT4G12670	-0.0	0.0	0.0	0.0	1.0
path	5	3.521	1.448	5.967	1.016	AT4G14410	-0.01	0.0	0.01	0.0	1.0
path	5	3.521	1.448	5.967	1.016	AT4G17460	-0.01	0.0	0.01	0.0	1.0
path	5	3.521	1.448	5.967	1.016	AT4G18450	-0.03	0.0	0.03	-0.21	1.0
path	5	3.521	1.448	5.967	1.016	AT4G18890	-0.04	0.0	0.04	-0.21	1.0
path	5	3.521	1.448	5.967	1.016	AT4G24020	-0.02	0.0	0.02	-0.21	1.0
path	5	3.521	1.448	5.967	1.016	AT4G24240	-0.0	0.0	0.0	0.0	1.0
path	5	3.521	1.448	5.967	1.016	AT4G24470	-0.05	0.0	0.05	-0.43	1.0
path	5	3.521	1.448	5.967	1.016	AT4G25470	-0.19	0.0	0.19	-2.55	1.0
path	5	3.521	1.448	5.967	1.016	AT4G25480	-0.23	0.0	0.23	-2.98	1.0
path	5	3.521	1.448	5.967	1.016	AT4G27900	-0.01	0.0	0.01	-0.21	1.0
path	5	3.521	1.448	5.967	1.016	AT4G27950	-0.11	0.0	0.11	-0.64	1.0
path	5	3.521	1.448	5.967	1.016	AT4G28110	-0.01	0.0	0.01	0.0	1.0
path	5	3.521	1.448	5.967	1.016	AT4G28140	-0.03	0.0	0.03	-0.21	1.0
path	5	3.521	1.448	5.967	1.016	AT4G30080	-0.01	0.0	0.01	0.0	1.0
path	5	3.521	1.448	5.967	1.016	AT4G32800	-0.07	0.0	0.07	-0.85	1.0
path	5	3.521	1.448	5.967	1.016	AT4G34410	-0.24	0.0	0.24	-1.7	1.0
path	5	3.521	1.448	5.967	1.016	AT4G34590	-0.08	0.0	0.08	-1.28	1.0
path	5	3.521	1.448	5.967	1.016	AT4G36620	-0.01	0.0	0.01	-0.64	1.0
path	5	3.521	1.448	5.967	1.016	AT4G36740	-0.16	0.0	0.16	-1.28	1.0
path	5	3.521	1.448	5.967	1.016	AT4G37790	-0.0	0.0	0.0	0.0	1.0
path	5	3.521	1.448	5.967	1.016	AT4G38620	-0.02	0.0	0.02	-0.21	1.0
path	5	3.521	1.448	5.967	1.016	AT4G38910	-0.01	0.0	0.01	0.0	1.0
path	5	3.521	1.448	5.967	1.016	AT5G03790	-0.17	0.0	0.17	-1.49	1.0
path	5	3.521	1.448	5.967	1.016	AT5G06100	-0.18	0.0	0.18	-1.91	1.0
path	5	3.521	1.448	5.967	1.016	AT5G07100	-0.05	0.0	0.05	-0.85	1.0
path	5	3.521	1.448	5.967	1.016	AT5G07680	-0.03	0.0	0.03	-0.21	1.0
path	5	3.521	1.448	5.967	1.016	AT5G08070	-0.01	0.0	0.01	0.0	1.0
path	5	3.521	1.448	5.967	1.016	AT5G08130	-0.04	0.0	0.04	-0.43	1.0
path	5	3.521	1.448	5.967	1.016	AT5G08750	-0.03	0.0	0.03	-0.21	1.0
path	5	3.521	1.448	5.967	1.016	AT5G10140	-0.02	0.0	0.02	0.0	1.0
path	5	3.521	1.448	5.967	1.016	AT5G10280	-0.04	0.0	0.04	-0.64	1.0
path	5	3.521	1.448	5.967	1.016	AT5G10510	-0.01	0.0	0.01	-0.64	1.0
path	5	3.521	1.448	5.967	1.016	AT5G13910	-0.03	0.0	0.03	-0.21	1.0
path	5	3.521	1.448	5.967	1.016	AT5G14340	-0.01	0.0	0.01	-0.43	1.0
path	5	3.521	1.448	5.967	1.016	AT5G16600	-0.0	0.0	0.0	-0.21	1.0
path	5	3.521	1.448	5.967	1.016	AT5G18090	-0.01	0.0	0.01	0.0	1.0
path	5	3.521	1.448	5.967	1.016	AT5G18450	-0.12	0.0	0.12	-0.85	1.0
path	5	3.521	1.448	5.967	1.016	AT5G18560	-0.12	0.0	0.12	-1.06	1.0
path	5	3.521	1.448	5.967	1.016	AT5G22500	-0.06	0.0	0.06	-0.21	1.0
path	5	3.521	1.448	5.967	1.016	AT5G22890	-0.01	0.0	0.01	0.0	1.0
path	5	3.521	1.448	5.967	1.016	AT5G23930	-0.21	0.0	0.21	-1.49	1.0
path	5	3.521	1.448	5.967	1.016	AT5G25390	-0.02	0.0	0.02	0.0	1.0
path	5	3.521	1.448	5.967	1.016	AT5G25475	-0.0	0.0	0.0	0.0	1.0
path	5	3.521	1.448	5.967	1.016	AT5G38800	-0.0	0.0	0.0	0.0	1.0
path	5	3.521	1.448	5.967	1.016	AT5G38860	-0.01	0.0	0.01	0.0	1.0
path	5	3.521	1.448	5.967	1.016	AT5G39820	-0.04	0.0	0.04	-0.85	1.0
path	5	3.521	1.448	5.967	1.016	AT5G40330	-0.01	0.0	0.01	-0.21	1.0
path	5	3.521	1.448	5.967	1.016	AT5G42520	-0.01	0.0	0.01	-0.21	1.0
path	5	3.521	1.448	5.967	1.016	AT5G42820	-0.0	0.0	0.0	-0.21	1.0
path	5	3.521	1.448	5.967	1.016	AT5G43840	-0.03	0.0	0.03	-0.85	1.0
path	5	3.521	1.448	5.967	1.016	AT5G44160	-0.03	0.0	0.03	-0.21	1.0
path	5	3.521	1.448	5.967	1.016	AT5G44210	-0.11	0.0	0.11	-1.06	1.0
path	5	3.521	1.448	5.967	1.016	AT5G47220	-0.09	0.0	0.09	-0.43	1.0
path	5	3.521	1.448	5.967	1.016	AT5G47230	-0.05	0.0	0.05	-0.21	1.0
path	5	3.521	1.448	5.967	1.016	AT5G48670	-0.0	0.0	0.0	0.0	1.0
path	5	3.521	1.448	5.967	1.016	AT5G49300	-0.0	0.0	0.0	-0.21	1.0
path	5	3.521	1.448	5.967	1.016	AT5G50570	-0.04	0.0	0.04	-0.21	1.0
path	5	3.521	1.448	5.967	1.016	AT5G51990	-0.21	0.0	0.21	-2.77	1.0
path	5	3.521	1.448	5.967	1.016	AT5G52170	-0.01	0.0	0.01	-0.21	1.0
path	5	3.521	1.448	5.967	1.016	AT5G56930	-0.01	0.0	0.01	-0.21	1.0
path	5	3.521	1.448	5.967	1.016	AT5G58620	0.0	0.0	0.0	0.0	1.0
path	5	3.521	1.448	5.967	1.016	AT5G59990	-0.04	0.0	0.04	-0.21	1.0
path	5	3.521	1.448	5.967	1.016	AT5G60130	-0.13	0.0	0.13	-1.06	1.0
path	5	3.521	1.448	5.967	1.016	AT5G61270	-0.01	0.0	0.01	0.0	1.0
path	5	3.521	1.448	5.967	1.016	AT5G61600	-0.06	0.0	0.06	-0.64	1.0
path	5	3.521	1.448	5.967	1.016	AT5G62000	-0.11	0.0	0.11	-1.06	1.0
path	5	3.521	1.448	5.967	1.016	AT5G62165	-0.01	0.0	0.01	0.0	1.0
path	5	3.521	1.448	5.967	1.016	AT5G62320	-0.12	0.0	0.12	-1.49	1.0
path	5	3.521	1.448	5.967	1.016	AT5G62470	-0.07	0.0	0.07	-0.64	1.0
path	5	3.521	1.448	5.967	1.016	AT5G63090	-0.08	0.0	0.08	-0.64	1.0
path	5	3.521	1.448	5.967	1.016	AT5G64750	-0.23	0.0	0.23	-2.13	1.0
path	5	3.521	1.448	5.967	1.016	AT5G65130	-0.1	0.0	0.1	-0.43	1.0
path	5	3.521	1.448	5.967	1.016	AT5G65310	-0.2	0.0	0.2	-1.28	1.0
path	5	3.521	1.448	5.967	1.016	AT5G65410	-0.19	0.0	0.19	-2.13	1.0
path	5	3.521	1.448	5.967	1.016	AT5G66700	-0.21	0.0	0.21	-2.13	1.0
path	5	3.521	1.448	5.967	1.016	AT5G67000	-0.01	0.0	0.01	-0.21	1.0
path	5	3.521	1.448	5.967	1.016	AT5G67300	-0.02	0.0	0.02	0.0	1.0
path	5	3.521	1.448	5.967	1.016	AT5G67450	-0.03	0.0	0.03	-0.21	1.0
path	6	0.262	0.861	-1.562	0.794	AT2G04038	79.54	82.0	2.46	35.44	1.02e-15
path	6	0.262	0.861	-1.562	0.794	AT2G18160	75.52	78.0	2.48	33.21	2.64e-14
path	6	0.262	0.861	-1.562	0.794	AT1G19000	69.85	72.0	2.15	31.65	4.3e-14
path	6	0.262	0.861	-1.562	0.794	AT5G15830	75.29	78.0	2.71	31.44	1.33e-12
path	6	0.262	0.861	-1.562	0.794	AT5G08520	71.77	74.0	2.23	30.54	1.6e-12
path	6	0.262	0.861	-1.562	0.794	AT3G62420	79.18	82.0	2.82	31.89	2.41e-12
path	6	0.262	0.861	-1.562	0.794	AT5G47390	64.12	66.0	1.88	28.31	4.6e-12
path	6	0.262	0.861	-1.562	0.794	AT1G49010	64.99	67.0	2.01	27.53	4.19e-11
path	6	0.262	0.861	-1.562	0.794	AT1G74840	62.28	64.0	1.72	26.75	5.49e-11
path	6	0.262	0.861	-1.562	0.794	AT4G00250	48.43	50.0	1.57	22.95	1.16e-10
path	6	0.262	0.861	-1.562	0.794	AT5G58900	58.27	60.0	1.73	25.41	1.41e-10
path	6	0.262	0.861	-1.562	0.794	AT1G32150	72.26	75.0	2.74	27.99	3.35e-10
path	6	0.262	0.861	-1.562	0.794	AT2G35530	74.21	77.0	2.79	27.78	8.58e-10
path	6	0.262	0.861	-1.562	0.794	AT5G61620	67.77	70.0	2.23	25.65	4.22e-09
path	6	0.262	0.861	-1.562	0.794	AT2G36270	67.22	70.0	2.78	24.77	1.78e-08
path	6	0.262	0.861	-1.562	0.794	AT5G56840	69.72	72.0	2.28	24.99	2.05e-08
path	6	0.262	0.861	-1.562	0.794	AT3G56850	68.22	71.0	2.78	23.99	7.24e-08
path	6	0.262	0.861	-1.562	0.794	AT3G10800	37.75	39.0	1.25	17.27	1.11e-07
path	6	0.262	0.861	-1.562	0.794	AT1G45249	45.38	47.0	1.62	19.06	1.6e-07
path	6	0.262	0.861	-1.562	0.794	AT4G34590	27.19	28.0	0.81	13.37	8.15e-07
path	6	0.262	0.861	-1.562	0.794	AT5G06839	53.0	55.0	2.0	19.08	2.18e-06
path	6	0.262	0.861	-1.562	0.794	AT5G11260	60.5	63.0	2.5	19.98	3.49e-06
path	6	0.262	0.861	-1.562	0.794	AT1G75390	21.42	22.0	0.58	10.91	4.35e-06
path	6	0.262	0.861	-1.562	0.794	AT1G08320	55.69	58.0	2.31	18.98	4.95e-06
path	6	0.262	0.861	-1.562	0.794	AT5G65210	52.01	54.0	1.99	18.08	7.05e-06
path	6	0.262	0.861	-1.562	0.794	AT3G11280	29.19	30.0	0.81	12.71	1.63e-05
path	6	0.262	0.861	-1.562	0.794	AT3G12250	56.58	59.0	2.42	17.76	2.68e-05
path	6	0.262	0.861	-1.562	0.794	AT5G05550	51.96	55.0	3.04	16.86	4e-05
path	6	0.262	0.861	-1.562	0.794	AT5G10030	56.57	59.0	2.43	16.43	0.000116
path	6	0.262	0.861	-1.562	0.794	AT5G05790	32.91	34.0	1.09	12.27	0.000165
path	6	0.262	0.861	-1.562	0.794	AT5G25190	51.24	54.0	2.76	14.53	0.000426
path	6	0.262	0.861	1.481	0.633	AT4G26030	39.27	41.0	1.73	11.5	0.000441
path	6	1.826	0.503	0.998	0.394	AT5G25190	31.15	33.0	1.85	9.42	0.000677
path	6	0.262	0.861	-1.562	0.794	AT5G22990	43.53	46.0	2.47	12.74	0.000938
path	6	0.262	0.861	-1.562	0.794	AT3G30530	7.84	8.0	0.16	4.45	0.00138
path	6	0.262	0.861	1.481	0.633	AT5G54230	52.81	55.0	2.19	12.15	0.00145
path	6	0.262	0.861	-1.562	0.794	AT3G04070	9.62	10.0	0.38	5.12	0.00173
path	6	0.262	0.861	-1.562	0.794	AT1G53170	49.87	53.0	3.13	12.65	0.00211
path	6	0.262	0.861	-1.562	0.794	AT1G52880	42.12	44.0	1.88	11.63	0.00214
path	6	0.262	0.861	-1.562	0.794	AT3G15210	47.97	51.0	3.03	11.98	0.00309
path	6	1.826	0.503	0.998	0.394	AT2G42200	21.83	23.0	1.17	6.9	0.00346
path	6	1.826	0.503	1.839	0.348	AT4G28500	26.14	27.0	0.86	8.3	0.00425
path	6	0.262	0.861	1.481	0.633	AT1G79180	24.03	25.0	0.97	7.19	0.00561
path	6	0.262	0.861	1.481	0.633	AT5G62320	32.47	34.0	1.53	8.4	0.00587
path	6	0.262	0.861	-1.562	0.794	AT2G15740	29.29	31.0	1.71	8.83	0.00607
path	6	0.262	0.861	-1.562	0.794	AT3G47500	30.28	32.0	1.72	8.94	0.00623
path	6	0.262	0.861	-1.562	0.794	AT5G63090	16.23	17.0	0.77	6.36	0.00663
path	6	0.262	0.861	-1.562	0.794	AT2G20400	34.61	36.0	1.39	9.39	0.00666
path	6	1.826	0.503	0.998	0.394	AT2G32460	11.02	12.0	0.98	4.52	0.0067
path	6	0.262	0.861	-1.562	0.794	AT2G17410	5.78	6.0	0.22	3.34	0.00729
path	6	1.826	0.503	0.998	0.394	AT5G67580	18.2	19.0	0.8	5.77	0.00765
path	6	1.826	0.503	0.998	0.394	AT2G33710	25.54	27.0	1.46	6.87	0.00782
path	6	1.826	0.503	0.998	0.394	AT3G52440	25.6	27.0	1.4	6.87	0.00782
path	6	1.826	0.503	0.998	0.394	AT3G45610	19.69	21.0	1.31	6.05	0.00805
path	6	1.826	0.503	1.839	0.348	AT4G29230	32.09	33.0	0.91	8.36	0.00821
path	6	0.262	0.861	-1.562	0.794	AT5G06960	26.88	28.0	1.12	8.04	0.00865
path	6	0.262	0.861	-1.562	0.794	AT3G20310	46.24	49.0	2.76	10.42	0.00873
path	6	0.262	0.861	-1.562	0.794	AT3G10580	45.24	47.0	1.76	10.19	0.00902
path	6	0.262	0.861	-1.562	0.794	AT1G31140	29.67	31.0	1.33	8.38	0.0093
path	6	0.262	0.861	1.481	0.633	AT5G56110	56.34	59.0	2.66	10.02	0.011
path	6	1.826	0.503	0.998	0.394	AT1G69570	24.66	26.0	1.34	6.45	0.011
path	6	1.826	0.503	0.998	0.394	AT5G62470	7.55	8.0	0.45	3.4	0.011
path	6	1.826	0.503	0.998	0.394	AT5G66940	24.72	26.0	1.28	6.45	0.011
path	6	0.262	0.861	-1.562	0.794	AT2G45650	8.78	9.0	0.22	4.12	0.012
path	6	1.826	0.503	0.998	0.394	AT2G42430	18.88	20.0	1.12	5.62	0.012
path	6	1.826	0.503	0.998	0.394	AT3G15210	35.97	38.0	2.03	7.52	0.012
path	6	1.826	0.503	0.998	0.394	AT1G03800	29.29	31.0	1.71	6.85	0.013
path	6	0.262	0.861	-1.562	0.794	AT1G69490	38.2	40.0	1.8	8.96	0.014
path	6	0.262	0.861	-1.562	0.794	AT1G71450	51.98	55.0	3.02	10.21	0.014
path	6	0.262	0.861	-1.562	0.794	AT2G01930	28.22	30.0	1.78	7.83	0.014
path	6	1.826	0.503	0.998	0.394	AT3G55370	27.42	29.0	1.58	6.57	0.014
path	6	0.262	0.861	1.481	0.633	AT4G36740	41.96	44.0	2.04	8.38	0.015
path	6	0.262	0.861	1.481	0.633	AT1G70920	29.6	31.0	1.4	7.07	0.016
path	6	1.826	0.503	0.998	0.394	AT1G28160	23.55	25.0	1.45	6.02	0.016
path	6	0.262	0.861	1.481	0.633	AT3G01220	40.2	42.0	1.8	8.05	0.017
path	6	1.826	0.503	0.998	0.394	AT1G50640	21.64	23.0	1.36	5.75	0.017
path	6	1.826	0.503	0.998	0.394	AT3G50060	13.79	15.0	1.21	4.65	0.017
path	6	0.262	0.861	1.481	0.633	AT3G02940	48.67	51.0	2.33	8.7	0.018
path	6	1.826	0.503	0.998	0.394	AT1G31140	16.11	17.0	0.89	4.92	0.018
path	6	1.826	0.503	0.998	0.394	AT1G64620	19.62	21.0	1.38	5.47	0.018
path	6	1.826	0.503	0.998	0.394	AT3G50410	18.06	19.0	0.94	5.2	0.018
path	6	1.826	0.503	0.998	0.394	AT4G01540	38.4	40.0	1.6	7.22	0.018
path	6	0.262	0.861	-1.562	0.794	AT1G01720	37.03	39.0	1.97	8.4	0.019
path	6	0.262	0.861	1.481	0.633	AT1G16490	35.15	37.0	1.85	7.5	0.019
path	6	0.262	0.861	1.481	0.633	AT3G25990	15.22	16.0	0.78	4.87	0.019
path	6	0.262	0.861	1.481	0.633	AT3G61250	15.49	16.0	0.51	4.87	0.019
path	6	1.826	0.503	0.998	0.394	AT2G28810	26.7	28.0	1.3	6.15	0.02
path	6	0.262	0.861	-1.562	0.794	AT3G27010	10.57	11.0	0.43	4.35	0.021
path	6	0.262	0.861	-1.562	0.794	AT3G09600	44.12	46.0	1.88	8.75	0.023
path	6	1.826	0.503	0.998	0.394	AT2G46590	22.64	24.0	1.36	5.6	0.023
path	6	1.826	0.503	0.998	0.394	AT5G44210	11.28	12.0	0.72	3.95	0.023
path	6	0.262	0.861	1.481	0.633	AT3G30210	20.27	21.0	0.73	5.42	0.025
path	6	1.826	0.503	0.998	0.394	AT5G63260	18.73	20.0	1.27	5.05	0.025
path	6	0.262	0.861	1.481	0.633	AT3G12820	18.37	19.0	0.63	5.09	0.026
path	6	1.826	0.503	0.998	0.394	AT2G02070	17.13	18.0	0.87	4.77	0.026
path	6	0.262	0.861	-1.562	0.794	AT5G09410	20.16	22.0	1.84	6.04	0.027
path	6	0.262	0.861	-1.562	0.794	AT5G29000	34.54	36.0	1.46	7.62	0.027
path	6	0.262	0.861	-1.562	0.794	AT5G52660	34.42	36.0	1.58	7.62	0.027
path	6	0.262	0.861	-1.562	0.794	AT2G18380	23.42	25.0	1.58	6.37	0.028
path	6	0.262	0.861	-1.562	0.794	AT3G10113	32.56	34.0	1.44	7.39	0.028
path	6	0.262	0.861	-1.562	0.794	AT5G18450	22.78	24.0	1.22	6.26	0.028
path	6	1.826	0.503	0.998	0.394	AT4G38170	25.64	27.0	1.36	5.72	0.028
path	6	0.262	0.861	1.481	0.633	AT1G01250	5.68	6.0	0.32	2.66	0.029
path	6	0.262	0.861	1.481	0.633	AT3G01470	12.46	13.0	0.54	4.1	0.029
path	6	1.826	0.503	0.998	0.394	AT1G53170	37.9	40.0	2.1	6.64	0.029
path	6	1.826	0.503	0.998	0.394	AT4G38000	23.52	25.0	1.48	5.45	0.03
path	6	0.262	0.861	-1.562	0.794	AT1G03800	40.45	43.0	2.55	7.97	0.032
path	6	0.262	0.861	-1.562	0.794	AT1G65620	5.72	6.0	0.28	2.9	0.032
path	6	0.262	0.861	1.481	0.633	AT1G06180	20.99	22.0	1.01	5.3	0.032
path	6	1.826	0.503	0.998	0.394	AT5G62940	21.88	23.0	1.12	5.17	0.032
path	6	1.826	0.503	0.998	0.394	AT1G28370	31.35	33.0	1.65	5.97	0.034
path	6	1.826	0.503	0.998	0.394	AT3G60530	5.66	6.0	0.34	2.55	0.034
path	6	1.826	0.503	0.998	0.394	AT4G31060	26.56	28.0	1.44	5.57	0.034
path	6	1.826	0.503	0.998	0.394	AT5G23930	19.58	21.0	1.42	4.9	0.034
path	6	0.262	0.861	-1.562	0.794	AT1G69570	34.0	36.0	2.0	7.18	0.036
path	6	1.826	0.503	0.998	0.394	AT5G18560	10.19	11.0	0.81	3.52	0.036
path	6	0.262	0.861	-1.562	0.794	AT1G14687	31.31	33.0	1.69	6.84	0.038
path	6	1.826	0.503	0.998	0.394	AT1G12610	12.32	13.0	0.68	3.8	0.038
path	6	1.826	0.503	0.998	0.394	AT2G23290	11.77	13.0	1.23	3.8	0.038
path	6	1.826	0.503	0.998	0.394	AT3G20310	29.15	31.0	1.85	5.7	0.038
path	6	1.826	0.503	0.998	0.394	AT3G23240	12.16	13.0	0.84	3.8	0.038
path	6	1.826	0.503	0.998	0.394	AT3G50260	29.19	31.0	1.81	5.7	0.038
path	6	1.826	0.503	0.998	0.394	AT4G01550	25.03	26.0	0.97	5.3	0.038
path	6	1.826	0.503	0.998	0.394	AT4G37260	11.79	13.0	1.21	3.8	0.038
path	6	1.826	0.503	0.998	0.394	AT3G12130	14.24	15.0	0.76	4.07	0.039
path	6	0.262	0.861	-1.562	0.794	AT1G74480	24.42	26.0	1.58	6.04	0.04
path	6	0.262	0.861	-1.562	0.794	AT4G14770	25.05	27.0	1.95	6.16	0.04
path	6	0.262	0.861	-1.562	0.794	AT5G44210	20.93	22.0	1.07	5.59	0.04
path	6	0.262	0.861	-1.562	0.794	AT1G69690	10.53	11.0	0.47	3.9	0.041
path	6	0.262	0.861	1.481	0.633	AT4G25470	40.6	43.0	2.4	6.82	0.043
path	6	1.826	0.503	0.998	0.394	AT5G15830	25.19	27.0	1.81	5.15	0.046
path	6	0.262	0.861	-1.562	0.794	AT2G33710	33.82	36.0	2.18	6.73	0.048
path	6	0.262	0.861	1.481	0.633	AT1G29280	38.13	41.0	2.87	6.49	0.048
path	6	0.262	0.861	1.481	0.633	AT5G03790	38.83	41.0	2.17	6.49	0.048
path	6	1.826	0.503	0.998	0.394	AT5G03150	7.57	8.0	0.43	2.82	0.049
path	6	1.826	0.503	0.998	0.394	AT1G74650	16.86	18.0	1.14	4.2	0.051
path	6	1.826	0.503	0.998	0.394	AT5G06100	16.82	18.0	1.18	4.2	0.051
path	6	1.826	0.503	0.998	0.394	AT5G56110	16.58	18.0	1.42	4.2	0.051
path	6	0.262	0.861	-1.562	0.794	AT2G28920	14.44	15.0	0.56	4.36	0.052
path	6	1.826	0.503	0.998	0.394	AT2G15740	14.86	16.0	1.14	3.92	0.054
path	6	1.826	0.503	0.998	0.394	AT3G11440	14.75	16.0	1.25	3.92	0.054
path	6	1.826	0.503	0.998	0.394	AT3G12720	15.08	16.0	0.92	3.92	0.054
path	6	1.826	0.503	0.998	0.394	AT5G09410	14.77	16.0	1.23	3.92	0.054
path	6	0.262	0.861	-1.562	0.794	AT5G13790	16.42	17.0	0.58	4.58	0.055
path	6	0.262	0.861	1.481	0.633	AT1G68320	37.27	39.0	1.73	6.16	0.055
path	6	0.262	0.861	1.481	0.633	AT1G69780	34.26	36.0	1.74	5.95	0.055
path	6	1.826	0.503	0.998	0.394	AT3G24050	9.52	10.0	0.48	3.1	0.055
path	6	0.262	0.861	-1.562	0.794	AT1G28370	37.54	40.0	2.46	6.74	0.056
path	6	0.262	0.861	-1.562	0.794	AT5G18560	23.79	25.0	1.21	5.49	0.056
path	6	1.826	0.503	0.998	0.394	AT1G68550	21.42	23.0	1.58	4.6	0.056
path	6	1.826	0.503	0.998	0.394	AT2G24430	21.71	23.0	1.29	4.6	0.056
path	6	1.826	0.503	0.998	0.394	AT5G17800	11.04	12.0	0.96	3.37	0.057
path	6	0.262	0.861	-1.562	0.794	AT1G01060	37.19	39.0	1.81	6.63	0.058
path	6	0.262	0.861	-1.562	0.794	AT3G50260	45.29	48.0	2.71	7.2	0.058
path	6	0.262	0.861	1.481	0.633	AT1G34670	44.0	46.0	2.0	6.49	0.059
path	6	0.262	0.861	-1.562	0.794	AT1G28160	34.84	37.0	2.16	6.4	0.06
path	6	1.826	0.503	0.998	0.394	AT2G17410	4.85	5.0	0.15	2.12	0.061
path	6	1.826	0.503	0.998	0.394	AT3G21890	19.89	21.0	1.11	4.32	0.061
path	6	1.826	0.503	0.998	0.394	AT3G23210	4.73	5.0	0.27	2.12	0.061
path	6	0.262	0.861	1.481	0.633	AT1G52150	32.56	34.0	1.44	5.62	0.062
path	6	0.262	0.861	-1.562	0.794	AT3G02990	4.8	5.0	0.2	2.34	0.064
path	6	0.262	0.861	-1.562	0.794	AT4G24020	4.8	5.0	0.2	2.34	0.064
path	6	0.262	0.861	-1.562	0.794	AT2G31230	32.07	34.0	1.93	6.06	0.065
path	6	0.262	0.861	1.481	0.633	AT5G04410	32.99	35.0	2.01	5.5	0.069
path	6	0.262	0.861	-1.562	0.794	AT5G62940	27.32	29.0	1.68	5.5	0.071
path	6	1.826	0.503	0.998	0.394	AT3G10580	15.82	17.0	1.18	3.77	0.071
path	6	0.262	0.861	-1.562	0.794	AT5G17300	36.97	39.0	2.03	6.18	0.073
path	6	1.826	0.503	0.998	0.394	AT2G45410	20.76	22.0	1.24	4.17	0.074
path	6	1.826	0.503	0.998	0.394	AT1G72740	14.21	15.0	0.79	3.5	0.076
path	6	1.826	0.503	0.998	0.394	AT5G56840	13.47	15.0	1.53	3.5	0.076
path	6	1.826	0.503	1.839	0.348	AT1G14687	13.17	14.0	0.83	3.8	0.076
path	6	0.262	0.861	1.481	0.633	AT3G10480	33.99	36.0	2.01	5.39	0.077
path	6	1.826	0.503	1.839	0.348	AT2G06200	8.61	9.0	0.39	3.05	0.078
path	6	0.262	0.861	-1.562	0.794	AT5G65130	16.98	18.0	1.02	4.25	0.08
path	6	1.826	0.503	0.998	0.394	AT1G75490	12.23	13.0	0.77	3.22	0.08
path	6	1.826	0.503	0.998	0.394	AT5G18450	12.19	13.0	0.81	3.22	0.08
path	6	0.262	0.861	-1.562	0.794	AT5G23930	32.88	35.0	2.12	5.73	0.081
path	6	1.826	0.503	0.998	0.394	AT1G32150	23.16	25.0	1.84	4.3	0.081
path	6	1.826	0.503	0.998	0.394	AT5G63090	8.49	9.0	0.51	2.67	0.084
path	6	0.262	0.861	1.481	0.633	AT4G22070	20.13	22.0	1.87	4.19	0.085
path	6	1.826	0.503	0.998	0.394	AT2G36270	26.14	28.0	1.86	4.42	0.085
path	6	1.826	0.503	0.998	0.394	AT5G64750	26.45	28.0	1.55	4.42	0.085
path	6	0.262	0.861	-1.562	0.794	AT2G21900	2.85	3.0	0.15	1.67	0.086
path	6	0.262	0.861	-1.562	0.794	AT2G38090	2.96	3.0	0.04	1.67	0.086
path	6	0.262	0.861	-1.562	0.794	AT5G22890	2.95	3.0	0.05	1.67	0.086
path	6	0.262	0.861	1.481	0.633	AT1G54330	32.13	34.0	1.87	5.06	0.087
path	6	0.262	0.861	-1.562	0.794	AT2G02080	29.17	31.0	1.83	5.28	0.088
path	6	0.262	0.861	1.481	0.633	AT1G29860	28.31	31.0	2.69	4.84	0.088
path	6	0.262	0.861	1.481	0.633	AT3G08500	26.45	28.0	1.55	4.63	0.088
path	6	0.262	0.861	-1.562	0.794	AT4G16750	37.62	40.0	2.38	5.85	0.089
path	6	1.826	0.503	0.998	0.394	AT1G51700	17.05	18.0	0.95	3.62	0.089
path	6	1.826	0.503	0.998	0.394	AT2G44840	16.75	18.0	1.25	3.62	0.089
path	6	1.826	0.503	0.998	0.394	AT3G09600	16.74	18.0	1.26	3.62	0.089
path	6	1.826	0.503	0.998	0.394	AT3G22830	17.08	18.0	0.92	3.62	0.089
path	6	1.826	0.503	0.998	0.394	AT3G57920	17.1	18.0	0.9	3.62	0.089
path	6	0.262	0.861	1.481	0.633	AT1G18570	11.64	12.0	0.36	3.1	0.09
path	6	0.262	0.861	-1.562	0.794	AT4G01280	36.17	38.0	1.83	5.63	0.094
path	6	0.262	0.861	1.481	0.633	AT1G19040	3.63	4.0	0.37	1.77	0.095
path	6	0.262	0.861	1.481	0.633	AT4G17460	3.9	4.0	0.1	1.77	0.095
path	6	0.262	0.861	-1.562	0.794	AT2G45420	34.98	37.0	2.02	5.51	0.096
path	6	1.826	0.503	0.998	0.394	AT3G01530	14.9	16.0	1.1	3.35	0.097
path	6	0.262	0.861	1.481	0.633	AT1G73730	9.82	10.0	0.18	2.76	0.098
path	6	1.826	0.503	0.998	0.394	AT5G11260	19.32	21.0	1.68	3.75	0.098
path	6	1.826	0.503	0.998	0.394	AT5G16820	19.95	21.0	1.05	3.75	0.098
path	6	1.826	0.503	1.839	0.348	AT3G24520	16.16	17.0	0.84	3.83	0.098
path	6	0.262	0.861	-1.562	0.794	AT3G52440	33.9	36.0	2.1	5.4	0.099
path	6	1.826	0.503	1.839	0.348	AT5G26170	21.85	23.0	1.15	4.3	0.099
path	6	0.262	0.861	-1.562	0.794	AT1G34370	7.61	8.0	0.39	2.68	0.1
path	6	0.262	0.861	-1.562	0.794	AT5G06950	33.14	35.0	1.86	5.29	0.101
path	6	0.262	0.861	1.481	0.633	AT1G13260	14.2	15.0	0.8	3.31	0.102
path	6	1.826	0.503	1.839	0.348	AT1G25580	44.91	46.0	1.09	5.21	0.102
path	6	0.262	0.861	-1.562	0.794	AT3G13810	21.81	23.0	1.19	4.37	0.103
path	6	0.262	0.861	-1.562	0.794	AT4G31060	31.85	34.0	2.15	5.18	0.104
path	6	0.262	0.861	-1.562	0.794	AT5G08330	21.01	22.0	0.99	4.26	0.105
path	6	1.826	0.503	0.998	0.394	AT5G67190	22.57	24.0	1.43	3.87	0.105
path	6	1.826	0.503	1.839	0.348	AT5G39820	3.79	4.0	0.21	1.88	0.105
path	6	0.262	0.861	-1.562	0.794	AT2G44840	31.13	33.0	1.87	5.06	0.106
path	6	0.262	0.861	-1.562	0.794	AT5G07680	8.67	9.0	0.33	2.79	0.106
path	6	0.262	0.861	1.481	0.633	AT3G51080	5.73	6.0	0.27	2.1	0.107
path	6	1.826	0.503	0.998	0.394	AT1G04880	3.55	4.0	0.45	1.7	0.107
path	6	1.826	0.503	0.998	0.394	AT1G53230	3.79	4.0	0.21	1.7	0.107
path	6	1.826	0.503	0.998	0.394	AT5G47230	3.68	4.0	0.32	1.7	0.107
path	6	0.262	0.861	1.481	0.633	AT2G23320	30.1	33.0	2.9	4.62	0.108
path	6	1.826	0.503	0.998	0.394	AT1G78700	17.53	19.0	1.47	3.47	0.108
path	6	1.826	0.503	0.998	0.394	AT3G47500	17.85	19.0	1.15	3.47	0.108
path	6	0.262	0.861	-1.562	0.794	AT2G42430	30.33	32.0	1.67	4.95	0.109
path	6	1.826	0.503	0.998	0.394	AT3G56850	25.14	27.0	1.86	4.0	0.109
path	6	0.262	0.861	1.481	0.633	AT3G10500	28.13	30.0	1.87	4.4	0.11
path	6	1.826	0.503	0.998	0.394	AT4G27950	11.29	12.0	0.71	2.8	0.113
path	6	0.262	0.861	-1.562	0.794	AT2G02820	35.33	38.0	2.67	5.18	0.115
path	6	0.262	0.861	1.481	0.633	AT3G61150	35.1	37.0	1.9	4.72	0.116
path	6	1.826	0.503	0.998	0.394	AT4G11660	16.28	17.0	0.72	3.2	0.119
path	6	1.826	0.503	0.998	0.394	AT4G37180	15.89	17.0	1.11	3.2	0.119
path	6	1.826	0.503	0.998	0.394	AT5G52660	15.94	17.0	1.06	3.2	0.119
path	6	1.826	0.503	1.839	0.348	AT1G28470	27.95	29.0	1.05	4.36	0.119
path	6	1.826	0.503	0.998	0.394	AT3G10800	9.16	10.0	0.84	2.52	0.12
path	6	1.826	0.503	0.998	0.394	AT2G35700	23.66	25.0	1.34	3.72	0.121
path	6	0.262	0.861	-1.562	0.794	AT5G25390	3.83	4.0	0.17	1.78	0.123
path	6	1.826	0.503	0.998	0.394	AT1G71450	28.98	31.0	2.02	3.97	0.125
path	6	1.826	0.503	1.839	0.348	AT1G44830	5.66	6.0	0.34	2.18	0.125
path	6	1.826	0.503	1.839	0.348	AT2G28920	5.72	6.0	0.28	2.18	0.125
path	6	0.262	0.861	1.481	0.633	AT5G67450	10.6	11.0	0.4	2.65	0.127
path	6	0.262	0.861	-1.562	0.794	AT5G45300	23.73	25.0	1.27	4.16	0.128
path	6	1.826	0.503	0.998	0.394	AT3G15270	18.5	20.0	1.5	3.32	0.128
path	6	0.262	0.861	1.481	0.633	AT1G09540	32.96	35.0	2.04	4.39	0.13
path	6	0.262	0.861	1.481	0.633	AT1G30490	33.43	35.0	1.57	4.39	0.13
path	6	0.262	0.861	1.481	0.633	AT2G23290	32.7	35.0	2.3	4.39	0.13
path	6	1.826	0.503	0.998	0.394	AT3G44480	13.89	15.0	1.11	2.92	0.13
path	6	0.262	0.861	1.481	0.633	AT2G46680	30.54	32.0	1.46	4.17	0.133
path	6	1.826	0.503	0.998	0.394	AT2G22540	21.68	23.0	1.32	3.45	0.134
path	6	0.262	0.861	1.481	0.633	AT2G02540	40.77	43.0	2.23	4.6	0.14
path	6	0.262	0.861	1.481	0.633	AT2G42200	33.81	36.0	2.19	4.28	0.14
path	6	0.262	0.861	1.481	0.633	AT3G01530	40.95	43.0	2.05	4.6	0.14
path	6	1.826	0.503	0.998	0.394	AT4G18770	16.73	18.0	1.27	3.05	0.141
path	6	0.262	0.861	-1.562	0.794	AT1G22810	28.23	30.0	1.77	4.28	0.142
path	6	0.262	0.861	1.481	0.633	AT1G62300	20.7	23.0	2.3	3.52	0.142
path	6	0.262	0.861	1.481	0.633	AT1G72740	21.51	23.0	1.49	3.52	0.142
path	6	1.826	0.503	0.998	0.394	AT1G47655	12.07	13.0	0.93	2.65	0.143
path	6	1.826	0.503	0.998	0.394	AT1G69180	12.03	13.0	0.97	2.65	0.143
path	6	1.826	0.503	0.998	0.394	AT3G27785	12.01	13.0	0.99	2.65	0.143
path	6	0.262	0.861	1.481	0.633	AT1G30650	30.34	33.0	2.66	4.06	0.145
path	6	0.262	0.861	1.481	0.633	AT1G69180	31.18	33.0	1.82	4.06	0.145
path	6	0.262	0.861	1.481	0.633	AT4G37260	30.73	33.0	2.27	4.06	0.145
path	6	0.262	0.861	-1.562	0.794	AT3G26620	17.92	19.0	1.08	3.48	0.146
path	6	0.262	0.861	-1.562	0.794	AT3G12130	16.87	18.0	1.13	3.37	0.149
path	6	0.262	0.861	-1.562	0.794	AT5G26170	25.67	28.0	2.33	4.05	0.15
path	6	0.262	0.861	-1.562	0.794	AT1G50640	32.97	35.0	2.03	4.4	0.152
path	6	1.826	0.503	0.998	0.394	AT1G22810	22.82	24.0	1.18	3.3	0.153
path	6	1.826	0.503	0.998	0.394	AT3G62420	25.11	27.0	1.89	3.42	0.155
path	6	1.826	0.503	0.998	0.394	AT4G34410	28.42	30.0	1.58	3.55	0.155
path	6	0.262	0.861	-1.562	0.794	AT5G25830	13.88	15.0	1.12	3.03	0.156
path	6	0.262	0.861	-1.562	0.794	AT5G64750	31.69	34.0	2.31	4.29	0.156
path	6	0.262	0.861	1.481	0.633	AT5G14340	6.83	7.0	0.17	1.99	0.156
path	6	1.826	0.503	0.998	0.394	AT1G06850	10.16	11.0	0.84	2.37	0.156
path	6	1.826	0.503	0.998	0.394	AT2G01060	10.23	11.0	0.77	2.37	0.156
path	6	1.826	0.503	0.998	0.394	AT2G01940	14.95	16.0	1.05	2.77	0.156
path	6	1.826	0.503	0.998	0.394	AT5G46350	15.16	16.0	0.84	2.77	0.156
path	6	1.826	0.503	1.839	0.348	AT1G12630	17.96	19.0	1.04	3.28	0.157
path	6	0.262	0.861	-1.562	0.794	AT2G20110	24.04	26.0	1.96	3.83	0.158
path	6	0.262	0.861	-1.562	0.794	AT2G45680	6.71	7.0	0.29	2.12	0.16
path	6	0.262	0.861	-1.562	0.794	AT3G53200	31.44	33.0	1.56	4.18	0.161
path	6	0.262	0.861	-1.562	0.794	AT5G67190	30.86	33.0	2.14	4.18	0.161
path	6	0.262	0.861	1.481	0.633	AT3G15270	46.19	49.0	2.81	4.48	0.162
path	6	0.262	0.861	-1.562	0.794	AT1G43700	10.56	11.0	0.44	2.57	0.164
path	6	0.262	0.861	-1.562	0.794	AT4G18890	8.6	9.0	0.4	2.35	0.164
path	6	1.826	0.503	0.998	0.394	AT3G09735	18.05	19.0	0.95	2.9	0.164
path	6	0.262	0.861	1.481	0.633	AT5G47370	39.69	42.0	2.31	4.16	0.167
path	6	0.262	0.861	-1.562	0.794	AT3G09735	21.59	23.0	1.41	3.49	0.17
path	6	0.262	0.861	1.481	0.633	AT3G20840	4.79	5.0	0.21	1.66	0.17
path	6	1.826	0.503	0.998	0.394	AT2G26960	8.24	9.0	0.76	2.1	0.17
path	6	1.826	0.503	0.998	0.394	AT5G25830	8.25	9.0	0.75	2.1	0.17
path	6	0.262	0.861	1.481	0.633	AT4G27900	2.82	3.0	0.18	1.33	0.171
path	6	1.826	0.503	0.998	0.394	AT5G41570	29.39	31.0	1.61	3.39	0.172
path	6	1.826	0.503	1.839	0.348	AT1G71696	10.05	11.0	0.95	2.5	0.172
path	6	0.262	0.861	-1.562	0.794	AT1G68550	34.64	37.0	2.36	4.18	0.173
path	6	0.262	0.861	1.481	0.633	AT4G01550	23.18	25.0	1.82	3.29	0.173
path	6	1.826	0.503	0.998	0.394	AT1G55110	13.05	14.0	0.95	2.5	0.173
path	6	1.826	0.503	0.998	0.394	AT1G68320	13.08	14.0	0.92	2.5	0.173
path	6	1.826	0.503	0.998	0.394	AT2G46130	13.49	14.0	0.51	2.5	0.173
path	6	0.262	0.861	1.481	0.633	AT5G22500	9.26	10.0	0.74	2.21	0.176
path	6	0.262	0.861	-1.562	0.794	AT2G43000	33.66	36.0	2.34	4.07	0.178
path	6	0.262	0.861	-1.562	0.794	AT3G44480	27.34	29.0	1.66	3.72	0.179
path	6	1.826	0.503	1.839	0.348	AT1G10720	1.96	2.0	0.04	1.15	0.179
path	6	1.826	0.503	1.839	0.348	AT1G69780	9.31	10.0	0.69	2.35	0.179
path	6	1.826	0.503	1.839	0.348	AT3G12910	1.97	2.0	0.03	1.15	0.179
path	6	0.262	0.861	1.481	0.633	AT2G47070	27.14	29.0	1.86	3.4	0.182
path	6	0.262	0.861	1.481	0.633	AT3G57920	27.31	29.0	1.69	3.4	0.182
path	6	0.262	0.861	1.481	0.633	AT4G01680	27.31	29.0	1.69	3.4	0.182
path	6	0.262	0.861	1.481	0.633	AT5G10280	12.51	13.0	0.49	2.43	0.182
path	6	1.826	0.503	1.839	0.348	AT4G25470	15.05	16.0	0.95	2.83	0.182
path	6	0.262	0.861	1.481	0.633	AT3G60580	14.96	16.0	1.04	2.64	0.183
path	6	0.262	0.861	1.481	0.633	AT4G32800	15.08	16.0	0.92	2.64	0.183
path	6	0.262	0.861	1.481	0.633	AT5G62470	15.15	16.0	0.85	2.64	0.183
path	6	1.826	0.503	0.998	0.394	AT3G50700	6.62	7.0	0.38	1.82	0.183
path	6	1.826	0.503	0.998	0.394	AT4G05100	6.45	7.0	0.55	1.82	0.183
path	6	1.826	0.503	1.839	0.348	AT1G52150	8.43	9.0	0.57	2.2	0.186
path	6	1.826	0.503	0.998	0.394	AT1G51600	2.91	3.0	0.09	1.27	0.188
path	6	1.826	0.503	0.998	0.394	AT1G66370	2.75	3.0	0.25	1.27	0.188
path	6	1.826	0.503	0.998	0.394	AT1G69560	2.76	3.0	0.24	1.27	0.188
path	6	1.826	0.503	0.998	0.394	AT2G24570	2.86	3.0	0.14	1.27	0.188
path	6	1.826	0.503	0.998	0.394	AT2G38300	2.83	3.0	0.17	1.27	0.188
path	6	1.826	0.503	0.998	0.394	AT3G45170	2.86	3.0	0.14	1.27	0.188
path	6	1.826	0.503	0.998	0.394	AT4G17785	2.76	3.0	0.24	1.27	0.188
path	6	1.826	0.503	0.998	0.394	AT5G52170	2.92	3.0	0.08	1.27	0.188
path	6	1.826	0.503	0.998	0.394	AT5G58850	18.4	20.0	1.6	2.75	0.188
path	6	0.262	0.861	-1.562	0.794	AT3G04060	25.44	27.0	1.56	3.5	0.189
path	6	1.826	0.503	0.998	0.394	AT1G29280	27.47	29.0	1.53	3.12	0.19
path	6	1.826	0.503	0.998	0.394	AT2G35530	21.13	23.0	1.87	2.87	0.19
path	6	1.826	0.503	0.998	0.394	AT2G03500	11.04	12.0	0.96	2.22	0.191
path	6	1.826	0.503	1.839	0.348	AT3G17730	14.22	15.0	0.78	2.68	0.191
path	6	0.262	0.861	-1.562	0.794	AT5G66300	17.16	18.0	0.84	2.92	0.192
path	6	0.262	0.861	-1.562	0.794	AT5G67580	16.8	18.0	1.2	2.92	0.192
path	6	1.826	0.503	0.998	0.394	AT1G65620	4.82	5.0	0.18	1.55	0.193
path	6	1.826	0.503	0.998	0.394	AT3G28910	4.59	5.0	0.41	1.55	0.193
path	6	1.826	0.503	0.998	0.394	AT5G08750	4.8	5.0	0.2	1.55	0.193
path	6	0.262	0.861	1.481	0.633	AT1G20980	21.85	23.0	1.15	2.96	0.195
path	6	0.262	0.861	-1.562	0.794	AT1G46264	1.94	2.0	0.06	1.11	0.196
path	6	0.262	0.861	-1.562	0.794	AT3G22780	1.93	2.0	0.07	1.11	0.196
path	6	0.262	0.861	-1.562	0.794	AT3G06740	16.05	17.0	0.95	2.81	0.197
path	6	0.262	0.861	-1.562	0.794	AT3G21890	23.34	25.0	1.66	3.27	0.199
path	6	1.826	0.503	0.998	0.394	AT2G31230	13.71	15.0	1.29	2.35	0.202
path	6	1.826	0.503	1.839	0.348	AT3G25990	5.69	6.0	0.31	1.75	0.206
path	6	1.826	0.503	1.839	0.348	AT1G75080	2.79	3.0	0.21	1.3	0.207
path	6	1.826	0.503	1.839	0.348	AT3G45150	2.84	3.0	0.16	1.3	0.207
path	6	1.826	0.503	0.998	0.394	AT5G24110	17.0	18.0	1.0	2.47	0.208
path	6	0.262	0.861	1.481	0.633	AT5G65310	43.51	46.0	2.49	3.7	0.209
path	6	1.826	0.503	1.839	0.348	AT1G26960	17.1	18.0	0.9	2.7	0.209
path	6	1.826	0.503	1.839	0.348	AT2G43000	16.84	18.0	1.16	2.7	0.209
path	6	1.826	0.503	1.839	0.348	AT3G28920	16.99	18.0	1.01	2.7	0.209
path	6	0.262	0.861	-1.562	0.794	AT1G51700	21.59	23.0	1.41	3.04	0.21
path	6	0.262	0.861	1.481	0.633	AT2G30250	27.75	31.0	3.25	3.17	0.21
path	6	0.262	0.861	1.481	0.633	AT4G00730	29.01	31.0	1.99	3.17	0.21
path	6	1.826	0.503	0.998	0.394	AT4G36160	25.47	27.0	1.53	2.85	0.21
path	6	1.826	0.503	0.998	0.394	AT1G30650	22.58	24.0	1.42	2.72	0.211
path	6	1.826	0.503	0.998	0.394	AT2G01930	19.81	21.0	1.19	2.6	0.211
path	6	1.826	0.503	0.998	0.394	AT2G02820	22.21	24.0	1.79	2.72	0.211
path	6	1.826	0.503	0.998	0.394	AT2G04038	19.35	21.0	1.65	2.6	0.211
path	6	1.826	0.503	0.998	0.394	AT3G49530	23.07	24.0	0.93	2.72	0.211
path	6	1.826	0.503	1.839	0.348	AT5G46590	4.74	5.0	0.26	1.6	0.211
path	6	1.826	0.503	0.998	0.394	AT5G65510	9.51	10.0	0.49	1.95	0.212
path	6	1.826	0.503	1.839	0.348	AT2G42590	3.86	4.0	0.14	1.45	0.212
path	6	0.262	0.861	-1.562	0.794	AT1G76420	27.24	29.0	1.76	3.28	0.215
path	6	0.262	0.861	-1.562	0.794	AT2G22540	27.03	29.0	1.97	3.28	0.215
path	6	0.262	0.861	1.481	0.633	AT5G66700	48.33	51.0	2.67	3.69	0.22
path	6	0.262	0.861	-1.562	0.794	AT4G17980	26.2	28.0	1.8	3.17	0.221
path	6	0.262	0.861	-1.562	0.794	AT1G78700	42.81	45.0	2.19	3.76	0.222
path	6	0.262	0.861	-1.562	0.794	AT5G60130	19.7	21.0	1.3	2.82	0.222
path	6	0.262	0.861	-1.562	0.794	AT5G62000	19.9	21.0	1.1	2.82	0.222
path	6	0.262	0.861	1.481	0.633	AT1G74650	29.87	32.0	2.13	3.06	0.224
path	6	1.826	0.503	0.998	0.394	AT3G15170	12.4	13.0	0.6	2.07	0.225
path	6	0.262	0.861	-1.562	0.794	AT2G24430	31.08	33.0	1.92	3.29	0.228
path	6	0.262	0.861	-1.562	0.794	AT4G27950	18.95	20.0	1.05	2.71	0.228
path	6	0.262	0.861	1.481	0.633	AT3G47600	5.76	6.0	0.24	1.55	0.229
path	6	0.262	0.861	1.481	0.633	AT4G05100	23.96	25.0	1.04	2.74	0.229
path	6	1.826	0.503	0.998	0.394	AT1G20910	15.22	16.0	0.78	2.2	0.231
path	6	1.826	0.503	0.998	0.394	AT5G54230	14.83	16.0	1.17	2.2	0.231
path	6	1.826	0.503	1.839	0.348	AT2G46770	15.24	16.0	0.76	2.4	0.231
path	6	0.262	0.861	-1.562	0.794	AT5G08750	2.7	3.0	0.3	1.23	0.232
path	6	1.826	0.503	1.839	0.348	AT4G14770	10.03	11.0	0.97	2.08	0.232
path	6	0.262	0.861	-1.562	0.794	AT5G02840	18.18	19.0	0.82	2.59	0.234
path	6	1.826	0.503	0.998	0.394	AT5G60850	20.6	22.0	1.4	2.45	0.234
path	6	1.826	0.503	1.839	0.348	AT1G02230	19.17	20.0	0.83	2.58	0.234
path	6	1.826	0.503	1.839	0.348	AT2G40740	18.92	20.0	1.08	2.58	0.234
path	6	0.262	0.861	1.481	0.633	AT2G38470	26.18	29.0	2.82	2.84	0.235
path	6	0.262	0.861	1.481	0.633	AT2G40740	26.27	29.0	2.73	2.84	0.235
path	6	1.826	0.503	0.998	0.394	AT4G31550	7.6	8.0	0.4	1.67	0.235
path	6	0.262	0.861	1.481	0.633	AT3G06490	21.09	22.0	0.91	2.52	0.238
path	6	0.262	0.861	-1.562	0.794	AT5G07100	7.46	8.0	0.54	1.79	0.239
path	6	0.262	0.861	1.481	0.633	AT1G63030	8.67	9.0	0.33	1.76	0.239
path	6	0.262	0.861	1.481	0.633	AT2G46130	8.05	9.0	0.95	1.76	0.239
path	6	0.262	0.861	-1.562	0.794	AT2G35700	29.0	31.0	2.0	3.06	0.241
path	6	0.262	0.861	-1.562	0.794	AT4G34410	28.65	31.0	2.35	3.06	0.241
path	6	0.262	0.861	-1.562	0.794	AT2G41690	6.59	7.0	0.41	1.68	0.243
path	6	0.262	0.861	-1.562	0.794	AT3G58630	6.45	7.0	0.55	1.68	0.243
path	6	0.262	0.861	-1.562	0.794	AT5G13910	6.71	7.0	0.29	1.68	0.243
path	6	1.826	0.503	1.839	0.348	AT3G11020	9.4	10.0	0.6	1.93	0.244
path	6	0.262	0.861	-1.562	0.794	AT3G46590	4.64	5.0	0.36	1.45	0.246
path	6	0.262	0.861	-1.562	0.794	AT5G44160	4.69	5.0	0.31	1.45	0.246
path	6	0.262	0.861	-1.562	0.794	AT3G11020	22.79	24.0	1.21	2.71	0.247
path	6	0.262	0.861	1.481	0.633	AT5G46350	17.43	19.0	1.57	2.3	0.248
path	6	1.826	0.503	0.998	0.394	AT1G03840	10.21	11.0	0.79	1.8	0.251
path	6	1.826	0.503	0.998	0.394	AT1G09540	9.91	11.0	1.09	1.8	0.251
path	6	0.262	0.861	1.481	0.633	AT4G01540	31.01	34.0	2.99	2.83	0.252
path	6	0.262	0.861	-1.562	0.794	AT1G71696	21.09	23.0	1.91	2.6	0.255
path	6	0.262	0.861	-1.562	0.794	AT2G45410	27.15	29.0	1.85	2.84	0.255
path	6	0.262	0.861	-1.562	0.794	AT5G16820	21.43	23.0	1.57	2.6	0.255
path	6	0.262	0.861	-1.562	0.794	AT5G58850	20.62	23.0	2.38	2.6	0.255
path	6	0.262	0.861	1.481	0.633	AT4G18770	20.61	23.0	2.39	2.41	0.256
path	6	1.826	0.503	1.839	0.348	AT2G02540	13.12	14.0	0.88	2.1	0.256
path	6	1.826	0.503	0.998	0.394	AT5G45300	13.15	14.0	0.85	1.92	0.257
path	6	1.826	0.503	1.839	0.348	AT4G31800	20.72	22.0	1.28	2.45	0.257
path	6	1.826	0.503	1.839	0.348	AT4G25480	16.86	18.0	1.14	2.28	0.258
path	6	1.826	0.503	1.839	0.348	AT5G51990	16.95	18.0	1.05	2.28	0.258
path	6	0.262	0.861	-1.562	0.794	AT3G55370	31.65	34.0	2.35	2.96	0.259
path	6	0.262	0.861	-1.562	0.794	AT4G38170	31.98	34.0	2.02	2.96	0.259
path	6	1.826	0.503	0.998	0.394	AT2G02080	18.77	20.0	1.23	2.17	0.259
path	6	1.826	0.503	0.998	0.394	AT5G06950	15.75	17.0	1.25	2.05	0.259
path	6	1.826	0.503	0.998	0.394	AT5G45580	15.65	17.0	1.35	2.05	0.259
path	6	0.262	0.861	-1.562	0.794	AT3G11440	26.14	28.0	1.86	2.72	0.262
path	6	1.826	0.503	0.998	0.394	AT1G34370	5.74	6.0	0.26	1.4	0.262
path	6	1.826	0.503	0.998	0.394	AT5G05550	30.97	33.0	2.03	2.52	0.263
path	6	0.262	0.861	1.481	0.633	AT5G13080	27.95	31.0	3.05	2.62	0.264
path	6	0.262	0.861	1.481	0.633	AT3G45170	3.74	4.0	0.26	1.22	0.265
path	6	0.262	0.861	1.481	0.633	AT4G17785	12.55	13.0	0.45	1.87	0.266
path	6	0.262	0.861	-1.562	0.794	AT3G23220	13.3	14.0	0.7	2.03	0.27
path	6	0.262	0.861	-1.562	0.794	AT3G23240	19.75	21.0	1.25	2.37	0.27
path	6	1.826	0.503	1.839	0.348	AT3G13810	7.41	8.0	0.59	1.63	0.27
path	6	1.826	0.503	1.839	0.348	AT1G12260	16.3	17.0	0.7	2.13	0.272
path	6	1.826	0.503	1.839	0.348	AT1G52880	16.07	17.0	0.93	2.13	0.272
path	6	0.262	0.861	1.481	0.633	AT5G24110	22.13	24.0	1.87	2.29	0.274
path	6	0.262	0.861	-1.562	0.794	AT1G36060	18.93	20.0	1.07	2.26	0.278
path	6	0.262	0.861	-1.562	0.794	AT3G50410	18.6	20.0	1.4	2.26	0.278
path	6	0.262	0.861	-1.562	0.794	AT4G11660	11.93	13.0	1.07	1.91	0.278
path	6	0.262	0.861	1.481	0.633	AT4G38620	6.78	7.0	0.22	1.43	0.278
path	6	0.262	0.861	1.481	0.633	AT3G50060	29.74	32.0	2.26	2.5	0.279
path	6	0.262	0.861	1.481	0.633	AT5G51990	37.34	40.0	2.66	2.71	0.279
path	6	1.826	0.503	0.998	0.394	AT2G18160	22.34	24.0	1.66	2.15	0.279
path	6	1.826	0.503	0.998	0.394	AT3G12250	22.38	24.0	1.62	2.15	0.279
path	6	1.826	0.503	0.998	0.394	AT2G20400	8.07	9.0	0.93	1.52	0.281
path	6	1.826	0.503	1.839	0.348	AT1G76420	19.13	20.0	0.87	2.15	0.283
path	6	0.262	0.861	-1.562	0.794	AT2G30340	23.51	25.0	1.49	2.38	0.286
path	6	0.262	0.861	-1.562	0.794	AT3G21175	11.35	12.0	0.65	1.8	0.286
path	6	1.826	0.503	1.839	0.348	AT5G18270	15.13	16.0	0.87	1.98	0.286
path	6	1.826	0.503	0.998	0.394	AT1G49560	16.92	18.0	1.08	1.9	0.287
path	6	1.826	0.503	0.998	0.394	AT4G36780	16.51	18.0	1.49	1.9	0.287
path	6	1.826	0.503	0.998	0.394	AT1G34190	13.88	15.0	1.12	1.77	0.288
path	6	1.826	0.503	0.998	0.394	AT2G30340	14.0	15.0	1.0	1.77	0.288
path	6	1.826	0.503	0.998	0.394	AT3G18990	13.98	15.0	1.02	1.77	0.288
path	6	0.262	0.861	-1.562	0.794	AT2G38340	32.92	35.0	2.08	2.63	0.291
path	6	0.262	0.861	1.481	0.633	AT2G01060	23.56	25.0	1.44	2.18	0.291
path	6	0.262	0.861	1.481	0.633	AT2G32460	23.17	25.0	1.83	2.18	0.291
path	6	0.262	0.861	1.481	0.633	AT4G18170	26.41	29.0	2.59	2.29	0.293
path	6	1.826	0.503	0.998	0.394	AT4G18890	3.73	4.0	0.27	1.12	0.293
path	6	1.826	0.503	0.998	0.394	AT5G10280	3.74	4.0	0.26	1.12	0.293
path	6	1.826	0.503	0.998	0.394	AT5G22500	3.6	4.0	0.4	1.12	0.293
path	6	0.262	0.861	-1.562	0.794	AT1G27730	16.99	18.0	1.01	2.04	0.295
path	6	0.262	0.861	-1.562	0.794	AT3G10030	10.01	11.0	0.99	1.69	0.295
path	6	1.826	0.503	1.839	0.348	AT1G25340	10.38	11.0	0.62	1.65	0.299
path	6	1.826	0.503	1.839	0.348	AT3G58630	5.73	6.0	0.27	1.33	0.3
path	6	1.826	0.503	1.839	0.348	AT5G65410	14.06	15.0	0.94	1.83	0.301
path	6	0.262	0.861	1.481	0.633	AT5G41570	30.99	34.0	3.01	2.28	0.307
path	6	0.262	0.861	1.481	0.633	AT1G80840	1.55	2.0	0.45	0.89	0.309
path	6	0.262	0.861	1.481	0.633	AT5G25475	1.95	2.0	0.05	0.89	0.309
path	6	0.262	0.861	1.481	0.633	AT5G48670	1.97	2.0	0.03	0.89	0.309
path	6	0.262	0.861	1.481	0.633	AT5G56930	1.94	2.0	0.06	0.89	0.309
path	6	1.826	0.503	1.839	0.348	AT1G69490	17.11	18.0	0.89	1.85	0.312
path	6	1.826	0.503	1.839	0.348	AT4G18170	16.98	18.0	1.02	1.85	0.312
path	6	0.262	0.861	-1.562	0.794	AT3G15170	15.11	16.0	0.89	1.81	0.313
path	6	1.826	0.503	0.998	0.394	AT3G02940	17.75	19.0	1.25	1.75	0.313
path	6	0.262	0.861	-1.562	0.794	AT1G19210	39.37	42.0	2.63	2.53	0.314
path	6	0.262	0.861	1.481	0.633	AT2G17950	7.59	8.0	0.41	1.32	0.318
path	6	0.262	0.861	1.481	0.633	AT3G23210	7.5	8.0	0.5	1.32	0.318
path	6	0.262	0.861	1.481	0.633	AT5G50570	7.5	8.0	0.5	1.32	0.318
path	6	1.826	0.503	0.998	0.394	AT1G34670	14.93	16.0	1.07	1.62	0.318
path	6	1.826	0.503	0.998	0.394	AT2G33550	6.47	7.0	0.53	1.25	0.318
path	6	1.826	0.503	0.998	0.394	AT4G01280	14.77	16.0	1.23	1.62	0.318
path	6	1.826	0.503	0.998	0.394	AT4G34590	6.46	7.0	0.54	1.25	0.318
path	6	1.826	0.503	0.998	0.394	AT2G47070	12.01	13.0	0.99	1.5	0.322
path	6	1.826	0.503	0.998	0.394	AT3G53200	11.95	13.0	1.05	1.5	0.322
path	6	1.826	0.503	0.998	0.394	AT1G25550	9.29	10.0	0.71	1.37	0.323
path	6	0.262	0.861	1.481	0.633	AT2G40260	25.11	27.0	1.89	1.96	0.324
path	6	0.262	0.861	-1.562	0.794	AT1G14580	7.46	8.0	0.54	1.35	0.325
path	6	0.262	0.861	1.481	0.633	AT1G21910	4.65	5.0	0.35	1.1	0.328
path	6	0.262	0.861	1.481	0.633	AT3G57230	4.74	5.0	0.26	1.1	0.328
path	6	1.826	0.503	1.839	0.348	AT3G01970	15.97	17.0	1.03	1.7	0.328
path	6	1.826	0.503	0.998	0.394	AT1G13300	1.86	2.0	0.14	0.85	0.33
path	6	1.826	0.503	0.998	0.394	AT1G27360	1.93	2.0	0.07	0.85	0.33
path	6	1.826	0.503	0.998	0.394	AT1G72360	1.88	2.0	0.12	0.85	0.33
path	6	1.826	0.503	0.998	0.394	AT2G33810	1.8	2.0	0.2	0.85	0.33
path	6	1.826	0.503	0.998	0.394	AT2G38880	1.97	2.0	0.03	0.85	0.33
path	6	1.826	0.503	0.998	0.394	AT3G48160	1.92	2.0	0.08	0.85	0.33
path	6	1.826	0.503	0.998	0.394	AT4G01500	1.75	2.0	0.25	0.85	0.33
path	6	1.826	0.503	0.998	0.394	AT4G24020	1.86	2.0	0.14	0.85	0.33
path	6	1.826	0.503	0.998	0.394	AT5G13910	1.81	2.0	0.19	0.85	0.33
path	6	1.826	0.503	0.998	0.394	AT5G25390	1.88	2.0	0.12	0.85	0.33
path	6	1.826	0.503	0.998	0.394	AT5G62165	1.97	2.0	0.03	0.85	0.33
path	6	0.262	0.861	-1.562	0.794	AT1G32870	18.45	20.0	1.55	1.82	0.331
path	6	1.826	0.503	1.839	0.348	AT1G36060	8.47	9.0	0.53	1.35	0.334
path	6	1.826	0.503	1.839	0.348	AT3G10113	8.29	9.0	0.71	1.35	0.334
path	6	0.262	0.861	-1.562	0.794	AT5G08130	6.63	7.0	0.37	1.24	0.336
path	6	1.826	0.503	1.839	0.348	AT3G06490	3.64	4.0	0.36	1.03	0.337
path	6	1.826	0.503	1.839	0.348	AT3G11280	3.6	4.0	0.4	1.03	0.337
path	6	1.826	0.503	1.839	0.348	AT4G28140	3.83	4.0	0.17	1.03	0.337
path	6	0.262	0.861	1.481	0.633	AT1G26960	29.73	32.0	2.27	1.95	0.338
path	6	0.262	0.861	1.481	0.633	AT1G34190	29.9	32.0	2.1	1.95	0.338
path	6	0.262	0.861	1.481	0.633	AT4G31800	28.75	32.0	3.25	1.95	0.338
path	6	1.826	0.503	0.998	0.394	AT4G01250	18.86	20.0	1.14	1.6	0.339
path	6	0.262	0.861	1.481	0.633	AT1G12610	18.72	20.0	1.28	1.63	0.342
path	6	0.262	0.861	1.481	0.633	AT5G04390	18.78	20.0	1.22	1.63	0.342
path	6	0.262	0.861	-1.562	0.794	AT3G60490	22.57	24.0	1.43	1.83	0.343
path	6	0.262	0.861	-1.562	0.794	AT5G45580	35.99	38.0	2.01	2.08	0.347
path	6	0.262	0.861	-1.562	0.794	AT3G28920	30.96	33.0	2.04	1.96	0.35
path	6	0.262	0.861	-1.562	0.794	AT5G02460	30.72	33.0	2.28	1.96	0.35
path	6	1.826	0.503	1.839	0.348	AT1G33240	11.11	12.0	0.89	1.38	0.351
path	6	1.826	0.503	1.839	0.348	AT1G34180	11.18	12.0	0.82	1.38	0.351
path	6	1.826	0.503	1.839	0.348	AT3G61150	11.25	12.0	0.75	1.38	0.351
path	6	0.262	0.861	-1.562	0.794	AT1G06280	39.12	42.0	2.88	2.09	0.352
path	6	0.262	0.861	-1.562	0.794	AT1G72010	17.07	18.0	0.93	1.59	0.352
path	6	1.826	0.503	1.839	0.348	AT1G01720	18.02	19.0	0.98	1.58	0.352
path	6	0.262	0.861	-1.562	0.794	AT2G03500	26.57	28.0	1.43	1.84	0.353
path	6	0.262	0.861	-1.562	0.794	AT3G12720	21.62	23.0	1.38	1.71	0.353
path	6	1.826	0.503	1.839	0.348	AT5G62320	7.4	8.0	0.6	1.2	0.353
path	6	1.826	0.503	0.998	0.394	AT1G01060	12.79	14.0	1.21	1.35	0.354
path	6	1.826	0.503	0.998	0.394	AT1G02250	23.04	24.0	0.96	1.57	0.354
path	6	1.826	0.503	0.998	0.394	AT1G49010	12.65	14.0	1.35	1.35	0.354
path	6	1.826	0.503	0.998	0.394	AT3G60490	13.04	14.0	0.96	1.35	0.354
path	6	1.826	0.503	0.998	0.394	AT4G36740	12.91	14.0	1.09	1.35	0.354
path	6	0.262	0.861	-1.562	0.794	AT5G61600	11.4	12.0	0.6	1.36	0.357
path	6	0.262	0.861	1.481	0.633	AT3G18400	39.55	42.0	2.45	1.93	0.357
path	6	0.262	0.861	1.481	0.633	AT1G44830	12.13	13.0	0.87	1.31	0.36
path	6	0.262	0.861	1.481	0.633	AT3G20770	11.51	13.0	1.49	1.31	0.36
path	6	1.826	0.503	0.998	0.394	AT4G01680	10.1	11.0	0.9	1.22	0.36
path	6	1.826	0.503	1.839	0.348	AT1G01250	2.87	3.0	0.13	0.88	0.36
path	6	1.826	0.503	1.839	0.348	AT2G17950	2.84	3.0	0.16	0.88	0.36
path	6	1.826	0.503	1.839	0.348	AT5G07680	2.84	3.0	0.16	0.88	0.36
path	6	1.826	0.503	1.839	0.348	AT5G59990	2.81	3.0	0.19	0.88	0.36
path	6	0.262	0.861	1.481	0.633	AT1G02250	19.2	21.0	1.8	1.52	0.361
path	6	0.262	0.861	1.481	0.633	AT5G64060	18.93	21.0	2.07	1.52	0.361
path	6	0.262	0.861	1.481	0.633	AT3G45610	35.54	38.0	2.46	1.82	0.362
path	6	0.262	0.861	1.481	0.633	AT5G13180	35.88	38.0	2.12	1.82	0.362
path	6	0.262	0.861	-1.562	0.794	AT1G55110	20.58	22.0	1.42	1.6	0.364
path	6	1.826	0.503	0.998	0.394	AT1G14580	4.64	5.0	0.36	0.97	0.364
path	6	1.826	0.503	0.998	0.394	AT2G30590	4.73	5.0	0.27	0.97	0.364
path	6	1.826	0.503	0.998	0.394	AT3G23220	4.53	5.0	0.47	0.97	0.364
path	6	1.826	0.503	0.998	0.394	AT5G05790	4.27	5.0	0.73	0.97	0.364
path	6	1.826	0.503	0.998	0.394	AT3G10030	7.34	8.0	0.66	1.1	0.365
path	6	1.826	0.503	0.998	0.394	AT3G60580	7.45	8.0	0.55	1.1	0.365
path	6	0.262	0.861	1.481	0.633	AT3G17730	32.02	34.0	1.98	1.72	0.366
path	6	1.826	0.503	0.998	0.394	AT5G13080	26.37	28.0	1.63	1.55	0.366
path	6	0.262	0.861	-1.562	0.794	AT3G26790	10.45	11.0	0.55	1.24	0.37
path	6	0.262	0.861	-1.562	0.794	AT5G03150	10.36	11.0	0.64	1.24	0.37
path	6	1.826	0.503	1.839	0.348	AT2G18380	10.22	11.0	0.78	1.23	0.371
path	6	0.262	0.861	-1.562	0.794	AT2G18350	24.31	26.0	1.69	1.61	0.373
path	6	1.826	0.503	0.998	0.394	AT1G19000	16.56	18.0	1.44	1.32	0.374
path	6	1.826	0.503	0.998	0.394	AT4G32730	15.86	18.0	2.14	1.32	0.374
path	6	1.826	0.503	0.998	0.394	AT5G04410	16.92	18.0	1.08	1.32	0.374
path	6	1.826	0.503	0.998	0.394	AT5G66700	16.58	18.0	1.42	1.32	0.374
path	6	0.262	0.861	1.481	0.633	AT1G28470	23.34	26.0	2.66	1.51	0.375
path	6	0.262	0.861	1.481	0.633	AT2G38300	5.68	6.0	0.32	0.99	0.375
path	6	0.262	0.861	1.481	0.633	AT3G01970	23.4	26.0	2.6	1.51	0.375
path	6	1.826	0.503	1.839	0.348	AT3G01220	6.29	7.0	0.71	1.05	0.375
path	6	1.826	0.503	1.839	0.348	AT3G06740	6.53	7.0	0.47	1.05	0.375
path	6	0.262	0.861	1.481	0.633	AT4G32730	44.0	48.0	4.0	1.81	0.376
path	6	0.262	0.861	-1.562	0.794	AT3G61120	3.9	4.0	0.1	0.9	0.377
path	6	0.262	0.861	-1.562	0.794	AT4G28140	3.66	4.0	0.34	0.9	0.377
path	6	0.262	0.861	-1.562	0.794	AT5G10140	3.82	4.0	0.18	0.9	0.377
path	6	0.262	0.861	-1.562	0.794	AT4G26640	8.9	10.0	1.1	1.13	0.383
path	6	1.826	0.503	0.998	0.394	AT2G40260	13.99	15.0	1.01	1.2	0.384
path	6	0.262	0.861	1.481	0.633	AT4G25490	37.28	40.0	2.72	1.6	0.387
path	6	1.826	0.503	0.998	0.394	AT4G23550	20.64	22.0	1.36	1.3	0.388
path	6	1.826	0.503	1.839	0.348	AT1G77640	1.84	2.0	0.16	0.73	0.388
path	6	1.826	0.503	1.839	0.348	AT2G21900	1.92	2.0	0.08	0.73	0.388
path	6	1.826	0.503	1.839	0.348	AT2G45650	1.89	2.0	0.11	0.73	0.388
path	6	1.826	0.503	1.839	0.348	AT3G02990	1.9	2.0	0.1	0.73	0.388
path	6	1.826	0.503	1.839	0.348	AT3G57230	1.9	2.0	0.1	0.73	0.388
path	6	1.826	0.503	1.839	0.348	AT5G67450	1.84	2.0	0.16	0.73	0.388
path	6	0.262	0.861	1.481	0.633	AT1G47655	25.26	27.0	1.74	1.4	0.391
path	6	0.262	0.861	-1.562	0.794	AT1G12260	22.58	24.0	1.42	1.38	0.394
path	6	0.262	0.861	-1.562	0.794	AT1G18330	22.57	24.0	1.43	1.38	0.394
path	6	0.262	0.861	-1.562	0.794	AT2G15660	2.7	3.0	0.3	0.78	0.394
path	6	0.262	0.861	-1.562	0.794	AT2G30590	2.6	3.0	0.4	0.78	0.394
path	6	0.262	0.861	1.481	0.633	AT5G65410	33.61	36.0	2.39	1.49	0.394
path	6	1.826	0.503	0.998	0.394	AT1G51220	11.23	12.0	0.77	1.07	0.395
path	6	1.826	0.503	0.998	0.394	AT3G12730	11.02	12.0	0.98	1.07	0.395
path	6	0.262	0.861	1.481	0.633	AT3G49530	21.26	23.0	1.74	1.29	0.396
path	6	1.826	0.503	0.998	0.394	AT2G18060	17.96	19.0	1.04	1.17	0.399
path	6	1.826	0.503	0.998	0.394	AT4G00730	17.94	19.0	1.06	1.17	0.399
path	6	0.262	0.861	-1.562	0.794	AT2G23340	26.06	28.0	1.94	1.39	0.4
path	6	0.262	0.861	-1.562	0.794	AT5G18270	26.24	28.0	1.76	1.39	0.4
path	6	0.262	0.861	-1.562	0.794	AT5G66940	26.09	28.0	1.91	1.39	0.4
path	6	1.826	0.503	1.839	0.348	AT3G03200	12.22	13.0	0.78	1.1	0.4
path	6	1.826	0.503	1.839	0.348	AT3G24120	11.94	13.0	1.06	1.1	0.4
path	6	1.826	0.503	1.839	0.348	AT5G06839	12.01	13.0	0.99	1.1	0.4
path	6	1.826	0.503	0.998	0.394	AT5G08330	8.34	9.0	0.66	0.95	0.406
path	6	1.826	0.503	0.998	0.394	AT5G29000	8.02	9.0	0.98	0.95	0.406
path	6	0.262	0.861	1.481	0.633	AT1G75240	34.56	37.0	2.44	1.38	0.407
path	6	0.262	0.861	1.481	0.633	AT1G79580	34.7	37.0	2.3	1.38	0.407
path	6	1.826	0.503	1.839	0.348	AT3G18400	18.03	19.0	0.97	1.15	0.409
path	6	0.262	0.861	-1.562	0.794	AT1G25550	16.95	18.0	1.05	1.15	0.411
path	6	0.262	0.861	1.481	0.633	AT3G50700	10.29	11.0	0.71	0.98	0.411
path	6	1.826	0.503	0.998	0.394	AT5G02460	21.47	23.0	1.53	1.15	0.411
path	6	1.826	0.503	0.998	0.394	AT1G69010	14.53	16.0	1.47	1.05	0.412
path	6	1.826	0.503	0.998	0.394	AT1G74480	14.94	16.0	1.06	1.05	0.412
path	6	1.826	0.503	0.998	0.394	AT3G16280	14.99	16.0	1.01	1.05	0.412
path	6	0.262	0.861	1.481	0.633	AT1G13400	6.54	7.0	0.46	0.88	0.413
path	6	0.262	0.861	1.481	0.633	AT1G22070	6.64	7.0	0.36	0.88	0.413
path	6	0.262	0.861	1.481	0.633	AT3G18990	22.09	24.0	1.91	1.18	0.413
path	6	0.262	0.861	1.481	0.633	AT3G60530	6.36	7.0	0.64	0.88	0.413
path	6	0.262	0.861	-1.562	0.794	AT1G23810	1.88	2.0	0.12	0.67	0.415
path	6	0.262	0.861	-1.562	0.794	AT1G27360	1.9	2.0	0.1	0.67	0.415
path	6	0.262	0.861	-1.562	0.794	AT1G51600	1.87	2.0	0.13	0.67	0.415
path	6	0.262	0.861	-1.562	0.794	AT4G01500	7.63	8.0	0.37	0.9	0.415
path	6	0.262	0.861	-1.562	0.794	AT5G67000	1.89	2.0	0.11	0.67	0.415
path	6	1.826	0.503	1.839	0.348	AT3G26620	8.46	9.0	0.54	0.93	0.415
path	6	1.826	0.503	0.998	0.394	AT1G76110	5.52	6.0	0.48	0.82	0.419
path	6	1.826	0.503	0.998	0.394	AT1G79180	5.48	6.0	0.52	0.82	0.419
path	6	1.826	0.503	0.998	0.394	AT3G20770	5.21	6.0	0.79	0.82	0.419
path	6	0.262	0.861	-1.562	0.794	AT2G46770	24.47	26.0	1.53	1.17	0.423
path	6	0.262	0.861	-1.562	0.794	AT4G01250	15.29	17.0	1.71	1.04	0.424
path	6	1.826	0.503	0.998	0.394	AT1G08320	18.45	20.0	1.55	1.02	0.424
path	6	1.826	0.503	0.998	0.394	AT2G38340	18.61	20.0	1.39	1.02	0.424
path	6	1.826	0.503	1.839	0.348	AT1G23810	0.94	1.0	0.06	0.58	0.425
path	6	1.826	0.503	1.839	0.348	AT1G32240	0.83	1.0	0.17	0.58	0.425
path	6	1.826	0.503	1.839	0.348	AT1G32510	0.98	1.0	0.02	0.58	0.425
path	6	1.826	0.503	1.839	0.348	AT1G46264	0.97	1.0	0.03	0.58	0.425
path	6	1.826	0.503	1.839	0.348	AT1G60920	0.99	1.0	0.01	0.58	0.425
path	6	1.826	0.503	1.839	0.348	AT3G22780	0.96	1.0	0.04	0.58	0.425
path	6	1.826	0.503	1.839	0.348	AT3G49930	0.99	1.0	0.01	0.58	0.425
path	6	1.826	0.503	1.839	0.348	AT4G17460	0.96	1.0	0.04	0.58	0.425
path	6	1.826	0.503	1.839	0.348	AT4G38910	0.97	1.0	0.03	0.58	0.425
path	6	1.826	0.503	1.839	0.348	AT5G38860	0.97	1.0	0.03	0.58	0.425
path	6	1.826	0.503	1.839	0.348	AT5G42520	0.96	1.0	0.04	0.58	0.425
path	6	1.826	0.503	1.839	0.348	AT5G56930	0.97	1.0	0.03	0.58	0.425
path	6	1.826	0.503	0.998	0.394	AT1G45249	11.92	13.0	1.08	0.92	0.426
path	6	0.262	0.861	1.481	0.633	AT1G33240	31.76	34.0	2.24	1.16	0.428
path	6	0.262	0.861	1.481	0.633	AT1G02230	22.9	25.0	2.1	1.07	0.429
path	6	0.262	0.861	1.481	0.633	AT5G52830	22.54	25.0	2.46	1.07	0.429
path	6	1.826	0.503	1.839	0.348	AT2G30250	22.72	24.0	1.28	1.06	0.429
path	6	1.826	0.503	1.839	0.348	AT5G14960	4.81	5.0	0.19	0.75	0.429
path	6	0.262	0.861	-1.562	0.794	AT2G06200	11.21	12.0	0.79	0.91	0.43
path	6	0.262	0.861	-1.562	0.794	AT2G33550	11.21	12.0	0.79	0.91	0.43
path	6	1.826	0.503	0.998	0.394	AT1G63030	2.82	3.0	0.18	0.7	0.432
path	6	1.826	0.503	0.998	0.394	AT3G30210	2.61	3.0	0.39	0.7	0.432
path	6	0.262	0.861	-1.562	0.794	AT1G13300	6.79	7.0	0.21	0.79	0.433
path	6	0.262	0.861	-1.562	0.794	AT1G32240	6.66	7.0	0.34	0.79	0.433
path	6	0.262	0.861	-1.562	0.794	AT4G36780	39.78	42.0	2.22	1.2	0.433
path	6	0.262	0.861	1.481	0.633	AT3G24120	41.31	44.0	2.69	1.15	0.437
path	6	0.262	0.861	-1.562	0.794	AT1G68670	15.29	16.0	0.71	0.92	0.438
path	6	1.826	0.503	1.839	0.348	AT1G16490	7.27	8.0	0.73	0.78	0.44
path	6	1.826	0.503	1.839	0.348	AT1G27730	7.5	8.0	0.5	0.78	0.44
path	6	1.826	0.503	1.839	0.348	AT5G66300	7.59	8.0	0.41	0.78	0.44
path	6	0.262	0.861	-1.562	0.794	AT1G10720	0.92	1.0	0.08	0.56	0.443
path	6	0.262	0.861	-1.562	0.794	AT1G18960	0.98	1.0	0.02	0.56	0.443
path	6	0.262	0.861	-1.562	0.794	AT1G32510	0.96	1.0	0.04	0.56	0.443
path	6	0.262	0.861	-1.562	0.794	AT1G63040	0.98	1.0	0.02	0.56	0.443
path	6	0.262	0.861	-1.562	0.794	AT1G74370	0.97	1.0	0.03	0.56	0.443
path	6	0.262	0.861	-1.562	0.794	AT3G02150	0.9	1.0	0.1	0.56	0.443
path	6	0.262	0.861	-1.562	0.794	AT3G13040	0.93	1.0	0.07	0.56	0.443
path	6	0.262	0.861	-1.562	0.794	AT3G46070	0.94	1.0	0.06	0.56	0.443
path	6	0.262	0.861	-1.562	0.794	AT3G47620	0.98	1.0	0.02	0.56	0.443
path	6	0.262	0.861	-1.562	0.794	AT5G08070	0.94	1.0	0.06	0.56	0.443
path	6	0.262	0.861	-1.562	0.794	AT5G42520	0.93	1.0	0.07	0.56	0.443
path	6	0.262	0.861	-1.562	0.794	AT5G47660	18.66	20.0	1.34	0.93	0.443
path	6	0.262	0.861	-1.562	0.794	AT5G66730	18.57	20.0	1.43	0.93	0.443
path	6	1.826	0.503	1.839	0.348	AT3G04030	10.09	11.0	0.91	0.8	0.444
path	6	1.826	0.503	1.839	0.348	AT5G61620	9.9	11.0	1.1	0.8	0.444
path	6	0.262	0.861	1.481	0.633	AT2G22430	24.4	26.0	1.6	0.96	0.445
path	6	1.826	0.503	1.839	0.348	AT1G75240	13.04	14.0	0.96	0.83	0.446
path	6	1.826	0.503	1.839	0.348	AT1G29860	15.94	17.0	1.06	0.85	0.447
path	6	1.826	0.503	1.839	0.348	AT5G22990	15.78	17.0	1.22	0.85	0.447
path	6	1.826	0.503	0.998	0.394	AT2G23340	19.7	21.0	1.3	0.87	0.448
path	6	1.826	0.503	0.998	0.394	AT2G45420	19.64	21.0	1.36	0.87	0.448
path	6	1.826	0.503	0.998	0.394	AT4G16750	19.4	21.0	1.6	0.87	0.448
path	6	0.262	0.861	-1.562	0.794	AT2G28810	26.06	28.0	1.94	0.95	0.449
path	6	0.262	0.861	-1.562	0.794	AT2G42590	5.71	6.0	0.29	0.68	0.454
path	6	0.262	0.861	1.481	0.633	AT2G24570	3.74	4.0	0.26	0.66	0.454
path	6	1.826	0.503	0.998	0.394	AT2G23320	23.45	25.0	1.55	0.85	0.455
path	6	0.262	0.861	-1.562	0.794	AT1G75490	17.86	19.0	1.14	0.82	0.456
path	6	1.826	0.503	0.998	0.394	AT2G22430	13.14	14.0	0.86	0.77	0.456
path	6	0.262	0.861	1.481	0.633	AT1G19790	12.03	13.0	0.97	0.76	0.458
path	6	0.262	0.861	1.481	0.633	AT4G23550	24.45	27.0	2.55	0.84	0.46
path	6	0.262	0.861	-1.562	0.794	AT3G03200	25.42	27.0	1.58	0.84	0.461
path	6	0.262	0.861	-1.562	0.794	AT5G65510	9.26	10.0	0.74	0.69	0.463
path	6	0.262	0.861	1.481	0.633	AT4G10350	30.14	32.0	1.86	0.83	0.463
path	6	1.826	0.503	0.998	0.394	AT3G08500	6.17	7.0	0.83	0.67	0.463
path	6	1.826	0.503	0.998	0.394	AT1G32870	16.96	18.0	1.04	0.75	0.464
path	6	1.826	0.503	0.998	0.394	AT3G10480	16.92	18.0	1.08	0.75	0.464
path	6	0.262	0.861	1.481	0.633	AT1G04880	17.15	18.0	0.85	0.75	0.466
path	6	0.262	0.861	-1.562	0.794	AT2G26960	12.87	14.0	1.13	0.7	0.468
path	6	0.262	0.861	-1.562	0.794	AT4G06746	13.09	14.0	0.91	0.7	0.468
path	6	1.826	0.503	1.839	0.348	AT1G74840	6.15	7.0	0.85	0.63	0.468
path	6	1.826	0.503	1.839	0.348	AT4G06746	6.55	7.0	0.45	0.63	0.468
path	6	1.826	0.503	1.839	0.348	AT5G13180	15.17	16.0	0.83	0.7	0.468
path	6	1.826	0.503	1.839	0.348	AT5G39610	15.22	16.0	0.78	0.7	0.468
path	6	0.262	0.861	1.481	0.633	AT4G38000	39.23	42.0	2.77	0.82	0.469
path	6	1.826	0.503	1.839	0.348	AT1G54330	12.26	13.0	0.74	0.68	0.469
path	6	1.826	0.503	1.839	0.348	AT5G47370	9.09	10.0	0.91	0.65	0.469
path	6	1.826	0.503	1.839	0.348	AT5G47660	9.34	10.0	0.66	0.65	0.469
path	6	0.262	0.861	-1.562	0.794	AT1G25340	20.74	22.0	1.26	0.71	0.472
path	6	0.262	0.861	1.481	0.633	AT1G75080	8.46	9.0	0.54	0.65	0.472
path	6	1.826	0.503	0.998	0.394	AT1G18330	10.04	11.0	0.96	0.65	0.475
path	6	1.826	0.503	0.998	0.394	AT5G64060	24.9	26.0	1.1	0.7	0.476
path	6	0.262	0.861	-1.562	0.794	AT1G66370	4.63	5.0	0.37	0.57	0.479
path	6	0.262	0.861	-1.562	0.794	AT2G01818	4.46	5.0	0.54	0.57	0.479
path	6	0.262	0.861	-1.562	0.794	AT4G18450	4.73	5.0	0.27	0.57	0.479
path	6	0.262	0.861	1.481	0.633	AT1G69010	40.25	43.0	2.75	0.7	0.481
path	6	0.262	0.861	-1.562	0.794	AT3G24050	8.28	9.0	0.72	0.57	0.483
path	6	0.262	0.861	-1.562	0.794	AT4G24470	8.5	9.0	0.5	0.57	0.483
path	6	1.826	0.503	0.998	0.394	AT5G08520	13.51	15.0	1.49	0.62	0.483
path	6	0.262	0.861	-1.562	0.794	AT3G22830	15.63	17.0	1.37	0.59	0.485
path	6	0.262	0.861	-1.562	0.794	AT1G64620	30.95	33.0	2.05	0.63	0.486
path	6	0.262	0.861	-1.562	0.794	AT1G76890	27.17	29.0	1.83	0.62	0.486
path	6	0.262	0.861	-1.562	0.794	AT3G16280	19.5	21.0	1.5	0.6	0.486
path	6	0.262	0.861	1.481	0.633	AT2G18060	27.05	29.0	1.95	0.62	0.488
path	6	1.826	0.503	0.998	0.394	AT5G65210	17.66	19.0	1.34	0.6	0.488
path	6	1.826	0.503	1.839	0.348	AT4G25490	13.93	15.0	1.07	0.55	0.489
path	6	0.262	0.861	1.481	0.633	AT3G12730	32.17	34.0	1.83	0.61	0.49
path	6	0.262	0.861	1.481	0.633	AT1G77640	4.59	5.0	0.41	0.55	0.492
path	6	0.262	0.861	1.481	0.633	AT4G36160	41.14	44.0	2.86	0.59	0.492
path	6	1.826	0.503	0.998	0.394	AT1G24250	3.47	4.0	0.53	0.55	0.492
path	6	1.826	0.503	1.839	0.348	AT4G22070	11.26	12.0	0.74	0.53	0.492
path	6	1.826	0.503	1.839	0.348	AT4G00250	8.22	9.0	0.78	0.5	0.496
path	6	1.826	0.503	1.839	0.348	AT5G58900	8.14	9.0	0.86	0.5	0.496
path	6	0.262	0.861	1.481	0.633	AT1G24250	14.01	15.0	0.99	0.53	0.498
path	6	0.262	0.861	1.481	0.633	AT3G27785	13.14	15.0	1.86	0.53	0.498
path	6	0.262	0.861	-1.562	0.794	AT1G34180	22.33	24.0	1.67	0.5	0.499
path	6	0.262	0.861	1.481	0.633	AT1G51220	23.55	25.0	1.45	0.51	0.5
path	6	1.826	0.503	0.998	0.394	AT1G72010	7.38	8.0	0.62	0.52	0.5
path	6	1.826	0.503	0.998	0.394	AT2G46680	7.22	8.0	0.78	0.52	0.5
path	6	1.826	0.503	1.839	0.348	AT1G06180	5.6	6.0	0.4	0.48	0.5
path	6	1.826	0.503	1.839	0.348	AT1G30490	5.38	6.0	0.62	0.48	0.5
path	6	1.826	0.503	1.839	0.348	AT5G62000	5.45	6.0	0.55	0.48	0.5
path	6	0.262	0.861	-1.562	0.794	AT5G17800	14.57	16.0	1.43	0.48	0.501
path	6	0.262	0.861	1.481	0.633	AT1G49560	27.97	30.0	2.03	0.5	0.501
path	6	0.262	0.861	1.481	0.633	AT1G65910	28.05	30.0	1.95	0.5	0.501
path	6	0.262	0.861	1.481	0.633	AT5G06100	27.78	30.0	2.22	0.5	0.501
path	6	0.262	0.861	1.481	0.633	AT5G60850	37.38	40.0	2.62	0.49	0.503
path	6	1.826	0.503	0.998	0.394	AT3G42860	11.28	12.0	0.72	0.5	0.504
path	6	1.826	0.503	1.839	0.348	AT2G38470	18.89	20.0	1.11	0.45	0.504
path	6	0.262	0.861	-1.562	0.794	AT2G33810	3.7	4.0	0.3	0.45	0.508
path	6	1.826	0.503	0.998	0.394	AT3G10500	15.0	16.0	1.0	0.47	0.508
path	6	1.826	0.503	0.998	0.394	AT5G17300	14.64	16.0	1.36	0.47	0.508
path	6	1.826	0.503	1.839	0.348	AT1G13400	2.82	3.0	0.18	0.45	0.508
path	6	1.826	0.503	1.839	0.348	AT2G15660	2.85	3.0	0.15	0.45	0.508
path	6	1.826	0.503	1.839	0.348	AT5G10140	2.91	3.0	0.09	0.45	0.508
path	6	1.826	0.503	1.839	0.348	AT5G43840	2.87	3.0	0.13	0.45	0.508
path	6	0.262	0.861	-1.562	0.794	AT5G63260	25.1	27.0	1.9	0.39	0.51
path	6	1.826	0.503	0.998	0.394	AT1G62300	18.77	20.0	1.23	0.45	0.511
path	6	1.826	0.503	0.998	0.394	AT2G18350	18.87	20.0	1.13	0.45	0.511
path	6	1.826	0.503	0.998	0.394	AT5G10030	18.37	20.0	1.63	0.45	0.511
path	6	1.826	0.503	1.839	0.348	AT4G17980	13.11	14.0	0.89	0.4	0.512
path	6	0.262	0.861	-1.562	0.794	AT2G02070	17.7	19.0	1.3	0.37	0.514
path	6	0.262	0.861	1.481	0.633	AT1G12630	33.36	36.0	2.64	0.38	0.514
path	6	0.262	0.861	-1.562	0.794	AT1G20910	13.83	15.0	1.17	0.37	0.517
path	6	0.262	0.861	-1.562	0.794	AT4G29230	13.17	15.0	1.83	0.37	0.517
path	6	0.262	0.861	1.481	0.633	AT5G47230	10.41	11.0	0.59	0.43	0.517
path	6	0.262	0.861	-1.562	0.794	AT1G76110	10.28	11.0	0.72	0.36	0.521
path	6	0.262	0.861	-1.562	0.794	AT3G28910	10.39	11.0	0.61	0.36	0.521
path	6	0.262	0.861	1.481	0.633	AT1G53230	5.6	6.0	0.4	0.43	0.521
path	6	0.262	0.861	1.481	0.633	AT4G31550	5.26	6.0	0.74	0.43	0.521
path	6	0.262	0.861	1.481	0.633	AT5G14960	5.53	6.0	0.47	0.43	0.521
path	6	1.826	0.503	1.839	0.348	AT4G26030	7.32	8.0	0.68	0.35	0.525
path	6	1.826	0.503	1.839	0.348	AT5G04390	7.52	8.0	0.48	0.35	0.525
path	6	0.262	0.861	-1.562	0.794	AT1G06850	20.74	22.0	1.26	0.27	0.526
path	6	0.262	0.861	1.481	0.633	AT1G77200	34.29	37.0	2.71	0.27	0.526
path	6	0.262	0.861	1.481	0.633	AT2G01940	25.02	27.0	1.98	0.29	0.528
path	6	1.826	0.503	1.839	0.348	AT3G04060	15.23	16.0	0.77	0.28	0.529
path	6	0.262	0.861	-1.562	0.794	AT4G28500	16.27	18.0	1.73	0.26	0.53
path	6	1.826	0.503	0.998	0.394	AT2G44940	15.97	17.0	1.03	0.32	0.531
path	6	1.826	0.503	0.998	0.394	AT5G06960	12.25	13.0	0.75	0.35	0.531
path	6	0.262	0.861	1.481	0.633	AT5G53950	15.97	17.0	1.03	0.3	0.532
path	6	1.826	0.503	0.998	0.394	AT5G53950	8.45	9.0	0.55	0.37	0.532
path	6	1.826	0.503	0.998	0.394	AT5G65130	8.32	9.0	0.68	0.37	0.532
path	6	0.262	0.861	-1.562	0.794	AT2G46590	26.97	29.0	2.03	0.18	0.533
path	6	0.262	0.861	-1.562	0.794	AT4G37180	27.34	29.0	1.66	0.18	0.533
path	6	0.262	0.861	-1.562	0.794	AT5G47220	13.13	14.0	0.87	0.25	0.534
path	6	1.826	0.503	0.998	0.394	AT3G04070	4.75	5.0	0.25	0.4	0.536
path	6	1.826	0.503	1.839	0.348	AT1G65910	12.23	13.0	0.77	0.25	0.536
path	6	1.826	0.503	1.839	0.348	AT4G10350	12.27	13.0	0.73	0.25	0.536
path	6	1.826	0.503	1.839	0.348	AT5G62380	12.25	13.0	0.75	0.25	0.536
path	6	0.262	0.861	-1.562	0.794	AT5G39610	23.42	25.0	1.58	0.17	0.537
path	6	0.262	0.861	1.481	0.633	AT4G25480	40.11	43.0	2.89	0.15	0.537
path	6	1.826	0.503	1.839	0.348	AT1G20980	4.54	5.0	0.46	0.33	0.537
path	6	1.826	0.503	1.839	0.348	AT5G02840	4.6	5.0	0.4	0.33	0.537
path	6	0.262	0.861	1.481	0.633	AT5G62380	31.09	33.0	1.91	0.16	0.539
path	6	1.826	0.503	1.839	0.348	AT1G06280	19.57	21.0	1.43	0.18	0.539
path	6	0.262	0.861	-1.562	0.794	AT2G44940	19.46	21.0	1.54	0.16	0.54
path	6	0.262	0.861	-1.562	0.794	AT3G04030	30.17	32.0	1.83	0.07	0.543
path	6	1.826	0.503	1.839	0.348	AT2G20110	9.03	10.0	0.97	0.23	0.544
path	6	1.826	0.503	1.839	0.348	AT4G26640	9.45	10.0	0.55	0.23	0.544
path	6	1.826	0.503	1.839	0.348	AT5G65310	9.02	10.0	0.98	0.23	0.544
path	6	1.826	0.503	1.839	0.348	AT1G77200	16.93	18.0	1.07	0.15	0.545
path	6	0.262	0.861	-1.562	0.794	AT1G03840	15.82	17.0	1.18	0.15	0.546
path	6	0.262	0.861	-1.562	0.794	AT1G72360	2.82	3.0	0.18	0.34	0.546
path	6	0.262	0.861	-1.562	0.794	AT4G04450	2.78	3.0	0.22	0.34	0.546
path	6	0.262	0.861	-1.562	0.794	AT5G61270	2.86	3.0	0.14	0.34	0.546
path	6	0.262	0.861	1.481	0.633	AT3G23250	6.74	7.0	0.26	0.32	0.546
path	6	0.262	0.861	1.481	0.633	AT1G25580	4.24	7.0	2.76	0.32	0.546
path	6	1.826	0.503	0.998	0.394	AT1G19210	20.24	22.0	1.76	0.15	0.553
path	6	0.262	0.861	1.481	0.633	AT3G24520	26.87	29.0	2.13	0.06	0.554
path	6	0.262	0.861	1.481	0.633	AT3G42860	11.65	13.0	1.35	0.2	0.554
path	6	1.826	0.503	0.998	0.394	AT1G79580	16.77	18.0	1.23	0.17	0.554
path	6	0.262	0.861	-1.562	0.794	AT2G03340	5.12	6.0	0.88	0.24	0.555
path	6	0.262	0.861	1.481	0.633	AT1G66420	0.99	1.0	0.01	0.44	0.557
path	6	0.262	0.861	1.481	0.633	AT2G48100	0.97	1.0	0.03	0.44	0.557
path	6	0.262	0.861	1.481	0.633	AT3G03660	0.9	1.0	0.1	0.44	0.557
path	6	0.262	0.861	1.481	0.633	AT3G09230	0.94	1.0	0.06	0.44	0.557
path	6	0.262	0.861	1.481	0.633	AT3G12910	0.92	1.0	0.08	0.44	0.557
path	6	0.262	0.861	1.481	0.633	AT3G49930	0.97	1.0	0.03	0.44	0.557
path	6	0.262	0.861	1.481	0.633	AT4G12670	0.99	1.0	0.01	0.44	0.557
path	6	0.262	0.861	1.481	0.633	AT5G18090	0.91	1.0	0.09	0.44	0.557
path	6	0.262	0.861	1.481	0.633	AT5G38860	0.94	1.0	0.06	0.44	0.557
path	6	0.262	0.861	1.481	0.633	AT5G42820	0.95	1.0	0.05	0.44	0.557
path	6	0.262	0.861	1.481	0.633	AT5G62165	0.94	1.0	0.06	0.44	0.557
path	6	1.826	0.503	1.839	0.348	AT1G13260	6.69	7.0	0.31	0.2	0.557
path	6	1.826	0.503	1.839	0.348	AT1G19790	6.62	7.0	0.38	0.2	0.557
path	6	0.262	0.861	1.481	0.633	AT3G04030	37.7	40.0	2.3	-0.07	0.56
path	6	1.826	0.503	0.998	0.394	AT1G08010	9.21	10.0	0.79	0.22	0.56
path	6	1.826	0.503	0.998	0.394	AT2G03340	9.41	10.0	0.59	0.22	0.56
path	6	1.826	0.503	1.839	0.348	AT1G76890	11.09	12.0	0.91	0.1	0.561
path	6	0.262	0.861	-1.562	0.794	AT4G25480	31.7	34.0	2.3	-0.15	0.563
path	6	0.262	0.861	-1.562	0.794	AT3G24520	21.3	23.0	1.7	-0.06	0.564
path	6	0.262	0.861	-1.562	0.794	AT5G46590	8.47	9.0	0.53	0.13	0.564
path	6	0.262	0.861	1.481	0.633	AT5G39820	7.47	8.0	0.53	0.21	0.567
path	6	1.826	0.503	1.839	0.348	AT1G21910	1.86	2.0	0.14	0.3	0.568
path	6	1.826	0.503	1.839	0.348	AT1G43700	1.78	2.0	0.22	0.3	0.568
path	6	1.826	0.503	1.839	0.348	AT1G69690	1.77	2.0	0.23	0.3	0.568
path	6	1.826	0.503	1.839	0.348	AT3G01470	1.79	2.0	0.21	0.3	0.568
path	6	1.826	0.503	1.839	0.348	AT3G26790	1.73	2.0	0.27	0.3	0.568
path	6	1.826	0.503	1.839	0.348	AT3G57600	1.89	2.0	0.11	0.3	0.568
path	6	1.826	0.503	1.839	0.348	AT4G01720	1.87	2.0	0.13	0.3	0.568
path	6	1.826	0.503	1.839	0.348	AT5G61600	1.7	2.0	0.3	0.3	0.568
path	6	0.262	0.861	1.481	0.633	AT1G08010	12.52	14.0	1.48	0.09	0.57
path	6	1.826	0.503	0.998	0.394	AT1G19040	5.8	6.0	0.2	0.25	0.571
path	6	1.826	0.503	0.998	0.394	AT3G46590	5.76	6.0	0.24	0.25	0.571
path	6	1.826	0.503	0.998	0.394	AT5G07100	5.64	6.0	0.36	0.25	0.571
path	6	1.826	0.503	0.998	0.394	AT5G47220	5.42	6.0	0.58	0.25	0.571
path	6	0.262	0.861	-1.562	0.794	AT5G62380	24.48	26.0	1.52	-0.16	0.572
path	6	0.262	0.861	1.481	0.633	AT2G46590	33.45	36.0	2.55	-0.18	0.574
path	6	0.262	0.861	1.481	0.633	AT4G37180	33.92	36.0	2.08	-0.18	0.574
path	6	1.826	0.503	1.839	0.348	AT5G03790	8.14	9.0	0.86	0.08	0.574
path	6	1.826	0.503	1.839	0.348	AT5G60130	8.36	9.0	0.64	0.08	0.574
path	6	1.826	0.503	0.998	0.394	AT1G47870	0.99	1.0	0.01	0.42	0.575
path	6	1.826	0.503	0.998	0.394	AT1G73730	0.9	1.0	0.1	0.42	0.575
path	6	1.826	0.503	0.998	0.394	AT2G45680	0.81	1.0	0.19	0.42	0.575
path	6	1.826	0.503	0.998	0.394	AT2G46400	0.95	1.0	0.05	0.42	0.575
path	6	1.826	0.503	0.998	0.394	AT3G02150	0.93	1.0	0.07	0.42	0.575
path	6	1.826	0.503	0.998	0.394	AT3G07220	0.95	1.0	0.05	0.42	0.575
path	6	1.826	0.503	0.998	0.394	AT3G09230	0.97	1.0	0.03	0.42	0.575
path	6	1.826	0.503	0.998	0.394	AT3G23250	0.86	1.0	0.14	0.42	0.575
path	6	1.826	0.503	0.998	0.394	AT3G30530	0.89	1.0	0.11	0.42	0.575
path	6	1.826	0.503	0.998	0.394	AT3G46070	0.96	1.0	0.04	0.42	0.575
path	6	1.826	0.503	0.998	0.394	AT3G47600	0.87	1.0	0.13	0.42	0.575
path	6	1.826	0.503	0.998	0.394	AT4G18450	0.82	1.0	0.18	0.42	0.575
path	6	1.826	0.503	0.998	0.394	AT4G24240	0.98	1.0	0.02	0.42	0.575
path	6	1.826	0.503	0.998	0.394	AT4G27900	0.9	1.0	0.1	0.42	0.575
path	6	1.826	0.503	0.998	0.394	AT4G28110	0.95	1.0	0.05	0.42	0.575
path	6	1.826	0.503	0.998	0.394	AT4G36620	0.94	1.0	0.06	0.42	0.575
path	6	1.826	0.503	0.998	0.394	AT4G37790	0.97	1.0	0.03	0.42	0.575
path	6	1.826	0.503	0.998	0.394	AT5G08070	0.96	1.0	0.04	0.42	0.575
path	6	1.826	0.503	0.998	0.394	AT5G49300	0.98	1.0	0.02	0.42	0.575
path	6	1.826	0.503	0.998	0.394	AT5G52830	17.69	19.0	1.31	0.02	0.575
path	6	1.826	0.503	0.998	0.394	AT5G67000	0.92	1.0	0.08	0.42	0.575
path	6	1.826	0.503	0.998	0.394	AT5G67300	0.89	1.0	0.11	0.42	0.575
path	6	1.826	0.503	1.839	0.348	AT5G52830	13.03	14.0	0.97	-0.02	0.576
path	6	0.262	0.861	1.481	0.633	AT5G39610	29.01	31.0	1.99	-0.17	0.577
path	6	1.826	0.503	0.998	0.394	AT5G66730	14.04	15.0	0.96	0.05	0.579
path	6	0.262	0.861	-1.562	0.794	AT1G77200	26.84	29.0	2.16	-0.27	0.58
path	6	1.826	0.503	1.839	0.348	AT3G61250	3.8	4.0	0.2	0.18	0.581
path	6	0.262	0.861	1.481	0.633	AT2G44940	24.06	26.0	1.94	-0.16	0.582
path	6	0.262	0.861	1.481	0.633	AT1G76870	1.9	2.0	0.1	0.33	0.585
path	6	0.262	0.861	1.481	0.633	AT1G76880	1.87	2.0	0.13	0.33	0.585
path	6	0.262	0.861	1.481	0.633	AT2G41835	1.85	2.0	0.15	0.33	0.585
path	6	0.262	0.861	1.481	0.633	AT4G14410	1.94	2.0	0.06	0.33	0.585
path	6	0.262	0.861	1.481	0.633	AT4G30080	1.9	2.0	0.1	0.33	0.585
path	6	0.262	0.861	1.481	0.633	AT5G16600	1.95	2.0	0.05	0.33	0.585
path	6	0.262	0.861	1.481	0.633	AT5G67300	1.79	2.0	0.21	0.33	0.585
path	6	1.826	0.503	0.998	0.394	AT5G47390	9.74	11.0	1.26	0.07	0.585
path	6	0.262	0.861	-1.562	0.794	AT5G59990	4.61	5.0	0.39	0.12	0.587
path	6	1.826	0.503	1.839	0.348	AT5G66730	10.29	11.0	0.71	-0.05	0.588
path	6	0.262	0.861	1.481	0.633	AT1G03840	19.52	21.0	1.48	-0.15	0.589
path	6	1.826	0.503	0.998	0.394	AT1G06280	26.07	28.0	1.93	-0.18	0.589
path	6	1.826	0.503	1.839	0.348	AT1G19210	14.7	16.0	1.3	-0.15	0.589
path	6	1.826	0.503	0.998	0.394	AT1G77200	22.55	24.0	1.45	-0.15	0.591
path	6	0.262	0.861	-1.562	0.794	AT1G08010	9.82	11.0	1.18	-0.09	0.593
path	6	0.262	0.861	-1.562	0.794	AT1G12630	25.89	28.0	2.11	-0.38	0.593
path	6	0.262	0.861	-1.562	0.794	AT2G01940	19.43	21.0	1.57	-0.29	0.594
path	6	0.262	0.861	1.481	0.633	AT1G06850	25.42	27.0	1.58	-0.27	0.594
path	6	1.826	0.503	1.839	0.348	AT4G32800	5.64	6.0	0.36	0.05	0.594
path	6	0.262	0.861	-1.562	0.794	AT3G48160	1.89	2.0	0.11	0.23	0.599
path	6	0.262	0.861	-1.562	0.794	AT4G28110	1.93	2.0	0.07	0.23	0.599
path	6	0.262	0.861	-1.562	0.794	AT5G60850	28.91	31.0	2.09	-0.49	0.6
path	6	0.262	0.861	1.481	0.633	AT5G63260	30.61	33.0	2.39	-0.39	0.6
path	6	1.826	0.503	0.998	0.394	AT1G70920	6.25	7.0	0.75	0.1	0.6
path	6	1.826	0.503	0.998	0.394	AT1G76890	14.77	16.0	1.23	-0.1	0.6
path	6	1.826	0.503	0.998	0.394	AT2G01818	6.64	7.0	0.36	0.1	0.6
path	6	1.826	0.503	1.839	0.348	AT1G79580	12.09	13.0	0.91	-0.17	0.601
path	6	0.262	0.861	1.481	0.633	AT4G28500	19.83	22.0	2.17	-0.26	0.602
path	6	1.826	0.503	1.839	0.348	AT5G47390	7.07	8.0	0.93	-0.07	0.605
path	6	0.262	0.861	-1.562	0.794	AT4G36160	31.72	34.0	2.28	-0.59	0.606
path	6	0.262	0.861	1.481	0.633	AT3G51470	2.81	3.0	0.19	0.22	0.606
path	6	0.262	0.861	1.481	0.633	AT4G01720	2.68	3.0	0.32	0.22	0.606
path	6	1.826	0.503	0.998	0.394	AT5G03790	10.84	12.0	1.16	-0.08	0.608
path	6	1.826	0.503	0.998	0.394	AT5G60130	11.13	12.0	0.87	-0.08	0.608
path	6	1.826	0.503	0.998	0.394	AT3G20840	1.89	2.0	0.11	0.27	0.612
path	6	1.826	0.503	0.998	0.394	AT3G27010	1.71	2.0	0.29	0.27	0.612
path	6	1.826	0.503	0.998	0.394	AT3G51080	1.86	2.0	0.14	0.27	0.612
path	6	1.826	0.503	0.998	0.394	AT4G38620	1.88	2.0	0.12	0.27	0.612
path	6	1.826	0.503	0.998	0.394	AT5G10510	1.92	2.0	0.08	0.27	0.612
path	6	1.826	0.503	0.998	0.394	AT5G18090	1.95	2.0	0.05	0.27	0.612
path	6	1.826	0.503	0.998	0.394	AT5G44160	1.79	2.0	0.21	0.27	0.612
path	6	1.826	0.503	0.998	0.394	AT5G50570	1.73	2.0	0.27	0.27	0.612
path	6	1.826	0.503	0.998	0.394	AT5G61270	1.9	2.0	0.1	0.27	0.612
path	6	0.262	0.861	1.481	0.633	AT5G47220	15.91	17.0	1.09	-0.25	0.613
path	6	1.826	0.503	0.998	0.394	AT3G04060	19.95	21.0	1.05	-0.28	0.613
path	6	0.262	0.861	-1.562	0.794	AT1G49560	21.38	23.0	1.62	-0.5	0.614
path	6	0.262	0.861	-1.562	0.794	AT1G65910	21.45	23.0	1.55	-0.5	0.614
path	6	0.262	0.861	-1.562	0.794	AT5G06100	21.23	23.0	1.77	-0.5	0.614
path	6	0.262	0.861	1.481	0.633	AT2G02070	21.37	23.0	1.63	-0.37	0.614
path	6	0.262	0.861	-1.562	0.794	AT3G42860	8.93	10.0	1.07	-0.2	0.615
path	6	0.262	0.861	1.481	0.633	AT1G64620	37.42	40.0	2.58	-0.63	0.615
path	6	0.262	0.861	1.481	0.633	AT1G34180	26.91	29.0	2.09	-0.5	0.617
path	6	0.262	0.861	1.481	0.633	AT5G46590	10.33	11.0	0.67	-0.13	0.617
path	6	0.262	0.861	-1.562	0.794	AT1G69010	30.81	33.0	2.19	-0.7	0.618
path	6	0.262	0.861	-1.562	0.794	AT5G53950	12.18	13.0	0.82	-0.3	0.618
path	6	0.262	0.861	-1.562	0.794	AT3G12730	24.54	26.0	1.46	-0.61	0.62
path	6	1.826	0.503	0.998	0.394	AT1G65910	15.96	17.0	1.04	-0.25	0.62
path	6	1.826	0.503	0.998	0.394	AT4G10350	16.01	17.0	0.99	-0.25	0.62
path	6	1.826	0.503	0.998	0.394	AT5G62380	15.98	17.0	1.02	-0.25	0.62
path	6	0.262	0.861	1.481	0.633	AT1G76890	32.7	35.0	2.3	-0.62	0.621
path	6	0.262	0.861	1.481	0.633	AT1G69560	3.55	4.0	0.45	0.1	0.623
path	6	0.262	0.861	1.481	0.633	AT5G43840	3.67	4.0	0.33	0.1	0.623
path	6	0.262	0.861	1.481	0.633	AT5G52170	3.85	4.0	0.15	0.1	0.623
path	6	0.262	0.861	-1.562	0.794	AT1G51220	17.84	19.0	1.16	-0.51	0.625
path	6	0.262	0.861	-1.562	0.794	AT3G13350	3.81	4.0	0.19	0.01	0.625
path	6	0.262	0.861	-1.562	0.794	AT3G45150	3.68	4.0	0.32	0.01	0.625
path	6	0.262	0.861	1.481	0.633	AT1G20910	16.54	18.0	1.46	-0.37	0.625
path	6	0.262	0.861	1.481	0.633	AT4G29230	15.7	18.0	2.3	-0.37	0.625
path	6	1.826	0.503	0.998	0.394	AT4G32800	7.51	8.0	0.49	-0.05	0.625
path	6	1.826	0.503	0.998	0.394	AT2G38470	24.49	26.0	1.51	-0.45	0.626
path	6	1.826	0.503	1.839	0.348	AT2G44940	11.24	12.0	0.76	-0.32	0.626
path	6	0.262	0.861	-1.562	0.794	AT2G18060	20.45	22.0	1.55	-0.62	0.629
path	6	1.826	0.503	0.998	0.394	AT2G20110	11.69	13.0	1.31	-0.23	0.629
path	6	1.826	0.503	0.998	0.394	AT4G26640	12.26	13.0	0.74	-0.23	0.629
path	6	1.826	0.503	0.998	0.394	AT5G65310	11.67	13.0	1.33	-0.23	0.629
path	6	0.262	0.861	-1.562	0.794	AT4G38000	29.79	32.0	2.21	-0.82	0.631
path	6	1.826	0.503	1.839	0.348	AT1G70920	4.45	5.0	0.55	-0.1	0.635
path	6	1.826	0.503	1.839	0.348	AT2G01818	4.73	5.0	0.27	-0.1	0.635
path	6	0.262	0.861	1.481	0.633	AT3G16280	23.11	25.0	1.89	-0.6	0.636
path	6	1.826	0.503	1.839	0.348	AT1G62300	13.09	14.0	0.91	-0.45	0.636
path	6	1.826	0.503	1.839	0.348	AT1G68670	2.65	3.0	0.35	0.03	0.636
path	6	1.826	0.503	1.839	0.348	AT2G18350	13.17	14.0	0.83	-0.45	0.636
path	6	1.826	0.503	1.839	0.348	AT2G41690	2.8	3.0	0.2	0.03	0.636
path	6	1.826	0.503	1.839	0.348	AT3G21175	2.68	3.0	0.32	0.03	0.636
path	6	1.826	0.503	1.839	0.348	AT5G10030	12.8	14.0	1.2	-0.45	0.636
path	6	1.826	0.503	1.839	0.348	AT5G13790	2.71	3.0	0.29	0.03	0.636
path	6	0.262	0.861	1.481	0.633	AT5G17800	17.2	19.0	1.8	-0.48	0.637
path	6	0.262	0.861	1.481	0.633	AT3G13350	4.76	5.0	0.24	-0.01	0.638
path	6	0.262	0.861	1.481	0.633	AT3G45150	4.6	5.0	0.4	-0.01	0.638
path	6	1.826	0.503	0.998	0.394	AT4G17980	16.79	18.0	1.21	-0.4	0.638
path	6	1.826	0.503	0.998	0.394	AT1G22070	2.81	3.0	0.19	0.12	0.64
path	6	1.826	0.503	0.998	0.394	AT1G75390	2.61	3.0	0.39	0.12	0.64
path	6	1.826	0.503	0.998	0.394	AT1G80840	2.76	3.0	0.24	0.12	0.64
path	6	1.826	0.503	0.998	0.394	AT3G12820	2.66	3.0	0.34	0.12	0.64
path	6	1.826	0.503	0.998	0.394	AT3G13350	2.87	3.0	0.13	0.12	0.64
path	6	1.826	0.503	0.998	0.394	AT4G04450	2.85	3.0	0.15	0.12	0.64
path	6	1.826	0.503	0.998	0.394	AT5G08130	2.75	3.0	0.25	0.12	0.64
path	6	1.826	0.503	1.839	0.348	AT1G08010	6.42	7.0	0.58	-0.22	0.64
path	6	1.826	0.503	1.839	0.348	AT2G03340	6.56	7.0	0.44	-0.22	0.64
path	6	0.262	0.861	1.481	0.633	AT1G76110	12.1	13.0	0.9	-0.36	0.643
path	6	0.262	0.861	1.481	0.633	AT3G28910	12.23	13.0	0.77	-0.36	0.643
path	6	1.826	0.503	1.839	0.348	AT5G06960	8.44	9.0	0.56	-0.35	0.646
path	6	0.262	0.861	-1.562	0.794	AT5G39820	5.58	6.0	0.42	-0.21	0.647
path	6	0.262	0.861	1.481	0.633	AT1G25340	24.42	26.0	1.58	-0.71	0.647
path	6	0.262	0.861	1.481	0.633	AT3G03200	30.01	32.0	1.99	-0.84	0.647
path	6	1.826	0.503	0.998	0.394	AT1G13260	8.58	9.0	0.42	-0.2	0.647
path	6	1.826	0.503	0.998	0.394	AT1G19790	8.48	9.0	0.52	-0.2	0.647
path	6	0.262	0.861	-1.562	0.794	AT4G10350	22.52	24.0	1.48	-0.83	0.648
path	6	0.262	0.861	1.481	0.633	AT3G22830	18.28	20.0	1.72	-0.59	0.648
path	6	0.262	0.861	1.481	0.633	AT5G59990	5.51	6.0	0.49	-0.12	0.651
path	6	1.826	0.503	1.839	0.348	AT3G10500	10.26	11.0	0.74	-0.47	0.653
path	6	1.826	0.503	1.839	0.348	AT5G17300	9.99	11.0	1.01	-0.47	0.653
path	6	1.826	0.503	1.839	0.348	AT5G64060	17.19	18.0	0.81	-0.7	0.655
path	6	0.262	0.861	1.481	0.633	AT4G36780	47.22	50.0	2.78	-1.2	0.656
path	6	1.826	0.503	0.998	0.394	AT4G25490	17.55	19.0	1.45	-0.55	0.656
path	6	0.262	0.861	1.481	0.633	AT2G28810	30.56	33.0	2.44	-0.95	0.657
path	6	0.262	0.861	-1.562	0.794	AT1G24250	10.21	11.0	0.79	-0.53	0.66
path	6	0.262	0.861	-1.562	0.794	AT3G24120	30.85	33.0	2.15	-1.15	0.66
path	6	0.262	0.861	-1.562	0.794	AT3G27785	9.52	11.0	1.48	-0.53	0.66
path	6	0.262	0.861	-1.562	0.794	AT4G23550	17.97	20.0	2.03	-0.84	0.66
path	6	1.826	0.503	1.839	0.348	AT5G65210	12.01	13.0	0.99	-0.6	0.661
path	6	1.826	0.503	0.998	0.394	AT1G68670	3.53	4.0	0.47	-0.03	0.663
path	6	1.826	0.503	0.998	0.394	AT2G41690	3.73	4.0	0.27	-0.03	0.663
path	6	1.826	0.503	0.998	0.394	AT3G21175	3.56	4.0	0.44	-0.03	0.663
path	6	1.826	0.503	0.998	0.394	AT5G13790	3.61	4.0	0.39	-0.03	0.663
path	6	0.262	0.861	1.481	0.633	AT2G03340	5.9	7.0	1.1	-0.24	0.664
path	6	0.262	0.861	-1.562	0.794	AT5G47230	7.53	8.0	0.47	-0.43	0.666
path	6	1.826	0.503	0.998	0.394	AT4G26030	9.08	10.0	0.92	-0.35	0.666
path	6	1.826	0.503	0.998	0.394	AT5G04390	9.35	10.0	0.65	-0.35	0.666
path	6	1.826	0.503	0.998	0.394	AT4G22070	14.0	15.0	1.0	-0.53	0.667
path	6	0.262	0.861	1.481	0.633	AT1G75490	20.56	22.0	1.44	-0.82	0.669
path	6	1.826	0.503	1.839	0.348	AT2G41835	0.94	1.0	0.06	0.15	0.67
path	6	1.826	0.503	1.839	0.348	AT3G03660	0.96	1.0	0.04	0.15	0.67
path	6	1.826	0.503	1.839	0.348	AT4G24470	0.75	1.0	0.25	0.15	0.67
path	6	1.826	0.503	1.839	0.348	AT5G40330	0.96	1.0	0.04	0.15	0.67
path	6	0.262	0.861	-1.562	0.794	AT1G69560	2.64	3.0	0.36	-0.1	0.672
path	6	0.262	0.861	-1.562	0.794	AT5G43840	2.73	3.0	0.27	-0.1	0.672
path	6	0.262	0.861	-1.562	0.794	AT5G52170	2.88	3.0	0.12	-0.1	0.672
path	6	1.826	0.503	0.998	0.394	AT5G13180	18.87	20.0	1.13	-0.7	0.672
path	6	1.826	0.503	0.998	0.394	AT5G39610	18.94	20.0	1.06	-0.7	0.672
path	6	0.262	0.861	-1.562	0.794	AT2G22430	17.72	19.0	1.28	-0.96	0.676
path	6	0.262	0.861	1.481	0.633	AT2G26960	14.58	16.0	1.42	-0.7	0.677
path	6	0.262	0.861	1.481	0.633	AT4G06746	14.86	16.0	1.14	-0.7	0.677
path	6	1.826	0.503	1.839	0.348	AT2G23320	15.86	17.0	1.14	-0.85	0.677
path	6	1.826	0.503	1.839	0.348	AT5G53950	5.6	6.0	0.4	-0.37	0.677
path	6	1.826	0.503	1.839	0.348	AT5G65130	5.49	6.0	0.51	-0.37	0.677
path	6	0.262	0.861	-1.562	0.794	AT1G04880	12.33	13.0	0.67	-0.75	0.678
path	6	1.826	0.503	1.839	0.348	AT3G42860	7.47	8.0	0.53	-0.5	0.678
path	6	0.262	0.861	-1.562	0.794	AT1G33240	23.21	25.0	1.79	-1.16	0.679
path	6	0.262	0.861	1.481	0.633	AT5G47660	21.32	23.0	1.68	-0.93	0.679
path	6	0.262	0.861	1.481	0.633	AT5G66730	21.2	23.0	1.8	-0.93	0.679
path	6	0.262	0.861	-1.562	0.794	AT3G23250	4.8	5.0	0.2	-0.32	0.682
path	6	0.262	0.861	-1.562	0.794	AT1G25580	2.8	5.0	2.2	-0.32	0.682
path	6	1.826	0.503	0.998	0.394	AT3G61250	4.73	5.0	0.27	-0.18	0.682
path	6	1.826	0.503	1.839	0.348	AT1G19040	3.85	4.0	0.15	-0.25	0.682
path	6	1.826	0.503	1.839	0.348	AT3G46590	3.82	4.0	0.18	-0.25	0.682
path	6	1.826	0.503	1.839	0.348	AT5G07100	3.73	4.0	0.27	-0.25	0.682
path	6	1.826	0.503	1.839	0.348	AT5G08520	8.9	10.0	1.1	-0.62	0.682
path	6	1.826	0.503	1.839	0.348	AT5G47220	3.57	4.0	0.43	-0.25	0.682
path	6	1.826	0.503	0.998	0.394	AT1G54330	15.0	16.0	1.0	-0.68	0.684
path	6	0.262	0.861	1.481	0.633	AT2G46770	28.08	30.0	1.92	-1.17	0.685
path	6	1.826	0.503	0.998	0.394	AT4G00250	9.95	11.0	1.05	-0.5	0.685
path	6	1.826	0.503	0.998	0.394	AT5G58900	9.84	11.0	1.16	-0.5	0.685
path	6	1.826	0.503	1.839	0.348	AT1G32870	11.23	12.0	0.77	-0.75	0.687
path	6	1.826	0.503	1.839	0.348	AT3G10480	11.21	12.0	0.79	-0.75	0.687
path	6	1.826	0.503	0.998	0.394	AT1G29860	19.56	21.0	1.44	-0.85	0.688
path	6	1.826	0.503	0.998	0.394	AT2G30250	28.27	30.0	1.73	-1.06	0.688
path	6	1.826	0.503	0.998	0.394	AT5G22990	19.34	21.0	1.66	-0.85	0.688
path	6	0.262	0.861	-1.562	0.794	AT2G17900	0.93	1.0	0.07	0.11	0.691
path	6	0.262	0.861	-1.562	0.794	AT2G38880	0.96	1.0	0.04	0.11	0.691
path	6	0.262	0.861	-1.562	0.794	AT2G46400	0.93	1.0	0.07	0.11	0.691
path	6	0.262	0.861	-1.562	0.794	AT3G57600	0.78	1.0	0.22	0.11	0.691
path	6	0.262	0.861	-1.562	0.794	AT4G36620	0.91	1.0	0.09	0.11	0.691
path	6	0.262	0.861	-1.562	0.794	AT4G37790	0.96	1.0	0.04	0.11	0.691
path	6	0.262	0.861	-1.562	0.794	AT4G38910	0.94	1.0	0.06	0.11	0.691
path	6	0.262	0.861	-1.562	0.794	AT5G10510	0.89	1.0	0.11	0.11	0.691
path	6	0.262	0.861	-1.562	0.794	AT5G40330	0.93	1.0	0.07	0.11	0.691
path	6	0.262	0.861	-1.562	0.794	AT1G02230	16.32	18.0	1.68	-1.07	0.692
path	6	0.262	0.861	-1.562	0.794	AT5G52830	16.04	18.0	1.96	-1.07	0.692
path	6	1.826	0.503	1.839	0.348	AT2G23340	13.04	14.0	0.96	-0.87	0.693
path	6	1.826	0.503	1.839	0.348	AT2G45420	13.0	14.0	1.0	-0.87	0.693
path	6	1.826	0.503	1.839	0.348	AT4G16750	12.82	14.0	1.18	-0.87	0.693
path	6	0.262	0.861	-1.562	0.794	AT1G75240	25.06	27.0	1.94	-1.38	0.694
path	6	0.262	0.861	-1.562	0.794	AT1G79580	25.17	27.0	1.83	-1.38	0.694
path	6	0.262	0.861	1.481	0.633	AT3G24050	9.1	10.0	0.9	-0.57	0.695
path	6	0.262	0.861	1.481	0.633	AT4G24470	9.37	10.0	0.63	-0.57	0.695
path	6	0.262	0.861	1.481	0.633	AT1G68670	17.11	18.0	0.89	-0.92	0.696
path	6	1.826	0.503	0.998	0.394	AT1G75240	15.7	17.0	1.3	-0.83	0.699
path	6	1.826	0.503	0.998	0.394	AT1G20980	5.38	6.0	0.62	-0.33	0.7
path	6	1.826	0.503	0.998	0.394	AT5G02840	5.45	6.0	0.55	-0.33	0.7
path	6	1.826	0.503	0.998	0.394	AT5G47370	10.77	12.0	1.23	-0.65	0.701
path	6	1.826	0.503	0.998	0.394	AT5G47660	11.1	12.0	0.9	-0.65	0.701
path	6	0.262	0.861	1.481	0.633	AT2G23340	29.56	32.0	2.44	-1.39	0.702
path	6	0.262	0.861	1.481	0.633	AT5G18270	29.79	32.0	2.21	-1.39	0.702
path	6	0.262	0.861	1.481	0.633	AT5G66940	29.6	32.0	2.4	-1.39	0.702
path	6	0.262	0.861	1.481	0.633	AT4G01250	16.86	19.0	2.14	-1.04	0.705
path	6	0.262	0.861	1.481	0.633	AT5G65510	10.08	11.0	0.92	-0.69	0.705
path	6	0.262	0.861	-1.562	0.794	AT1G19790	8.22	9.0	0.78	-0.76	0.707
path	6	0.262	0.861	-1.562	0.794	AT5G65410	24.1	26.0	1.9	-1.49	0.707
path	6	1.826	0.503	1.839	0.348	AT1G22070	1.86	2.0	0.14	-0.12	0.707
path	6	1.826	0.503	1.839	0.348	AT1G75390	1.71	2.0	0.29	-0.12	0.707
path	6	1.826	0.503	1.839	0.348	AT1G80840	1.82	2.0	0.18	-0.12	0.707
path	6	1.826	0.503	1.839	0.348	AT3G12820	1.75	2.0	0.25	-0.12	0.707
path	6	1.826	0.503	1.839	0.348	AT3G13350	1.9	2.0	0.1	-0.12	0.707
path	6	1.826	0.503	1.839	0.348	AT4G04450	1.89	2.0	0.11	-0.12	0.707
path	6	1.826	0.503	1.839	0.348	AT5G08130	1.82	2.0	0.18	-0.12	0.707
path	6	0.262	0.861	-1.562	0.794	AT3G18990	15.48	17.0	1.52	-1.18	0.709
path	6	0.262	0.861	-1.562	0.794	AT4G25490	26.83	29.0	2.17	-1.6	0.709
path	6	1.826	0.503	1.839	0.348	AT1G18330	6.29	7.0	0.71	-0.65	0.712
path	6	1.826	0.503	1.839	0.348	AT2G22430	8.37	9.0	0.63	-0.77	0.712
path	6	0.262	0.861	-1.562	0.794	AT4G32730	31.81	35.0	3.19	-1.81	0.713
path	6	0.262	0.861	1.481	0.633	AT1G12260	25.22	27.0	1.78	-1.38	0.714
path	6	0.262	0.861	1.481	0.633	AT1G18330	25.2	27.0	1.8	-1.38	0.714
path	6	0.262	0.861	1.481	0.633	AT1G25550	18.68	20.0	1.32	-1.15	0.714
path	6	1.826	0.503	0.998	0.394	AT1G06180	6.46	7.0	0.54	-0.48	0.716
path	6	1.826	0.503	0.998	0.394	AT1G30490	6.16	7.0	0.84	-0.48	0.716
path	6	1.826	0.503	0.998	0.394	AT5G62000	6.26	7.0	0.74	-0.48	0.716
path	6	1.826	0.503	0.998	0.394	AT3G04030	11.77	13.0	1.23	-0.8	0.717
path	6	1.826	0.503	0.998	0.394	AT3G18400	21.69	23.0	1.31	-1.15	0.717
path	6	1.826	0.503	0.998	0.394	AT5G61620	11.51	13.0	1.49	-0.8	0.717
path	6	1.826	0.503	1.839	0.348	AT1G08320	11.86	13.0	1.14	-1.02	0.717
path	6	1.826	0.503	1.839	0.348	AT2G38340	11.97	13.0	1.03	-1.02	0.717
path	6	1.826	0.503	1.839	0.348	AT1G72010	4.54	5.0	0.46	-0.52	0.719
path	6	1.826	0.503	1.839	0.348	AT2G46680	4.42	5.0	0.58	-0.52	0.719
path	6	1.826	0.503	1.839	0.348	AT5G02460	13.87	15.0	1.13	-1.15	0.721
path	6	0.262	0.861	-1.562	0.794	AT1G53230	3.68	4.0	0.32	-0.43	0.722
path	6	0.262	0.861	-1.562	0.794	AT4G31550	3.41	4.0	0.59	-0.43	0.722
path	6	0.262	0.861	-1.562	0.794	AT5G14960	3.62	4.0	0.38	-0.43	0.722
path	6	0.262	0.861	1.481	0.633	AT2G06200	12.01	13.0	0.99	-0.91	0.722
path	6	0.262	0.861	1.481	0.633	AT2G33550	12.01	13.0	0.99	-0.91	0.722
path	6	0.262	0.861	-1.562	0.794	AT1G47655	17.61	19.0	1.39	-1.4	0.723
path	6	0.262	0.861	-1.562	0.794	AT1G75080	5.57	6.0	0.43	-0.65	0.726
path	6	0.262	0.861	-1.562	0.794	AT3G49530	14.61	16.0	1.39	-1.29	0.726
path	6	0.262	0.861	1.481	0.633	AT2G18350	26.88	29.0	2.12	-1.61	0.73
path	6	1.826	0.503	0.998	0.394	AT1G74840	6.85	8.0	1.15	-0.63	0.73
path	6	1.826	0.503	0.998	0.394	AT4G06746	7.39	8.0	0.61	-0.63	0.73
path	6	0.262	0.861	1.481	0.633	AT1G06280	44.38	48.0	3.62	-2.09	0.731
path	6	0.262	0.861	-1.562	0.794	AT3G17730	22.43	24.0	1.57	-1.72	0.734
path	6	0.262	0.861	-1.562	0.794	AT3G18400	28.05	30.0	1.95	-1.93	0.734
path	6	0.262	0.861	-1.562	0.794	AT3G45610	25.04	27.0	1.96	-1.82	0.734
path	6	0.262	0.861	-1.562	0.794	AT5G13180	25.31	27.0	1.69	-1.82	0.734
path	6	0.262	0.861	-1.562	0.794	AT3G51470	1.85	2.0	0.15	-0.22	0.735
path	6	0.262	0.861	-1.562	0.794	AT4G01720	1.74	2.0	0.26	-0.22	0.735
path	6	0.262	0.861	1.481	0.633	AT5G45580	40.47	43.0	2.53	-2.08	0.738
path	6	1.826	0.503	1.839	0.348	AT3G04070	2.81	3.0	0.19	-0.4	0.738
path	6	0.262	0.861	-1.562	0.794	AT1G28470	15.88	18.0	2.12	-1.51	0.739
path	6	0.262	0.861	-1.562	0.794	AT3G01970	15.92	18.0	2.08	-1.51	0.739
path	6	0.262	0.861	1.481	0.633	AT3G28920	34.43	37.0	2.57	-1.96	0.741
path	6	0.262	0.861	1.481	0.633	AT5G02460	34.14	37.0	2.86	-1.96	0.741
path	6	1.826	0.503	1.839	0.348	AT1G69010	8.92	10.0	1.08	-1.05	0.741
path	6	1.826	0.503	1.839	0.348	AT1G74480	9.22	10.0	0.78	-1.05	0.741
path	6	1.826	0.503	1.839	0.348	AT2G18060	11.23	12.0	0.77	-1.17	0.741
path	6	1.826	0.503	1.839	0.348	AT3G16280	9.26	10.0	0.74	-1.05	0.741
path	6	1.826	0.503	1.839	0.348	AT4G00730	11.22	12.0	0.78	-1.17	0.741
path	6	1.826	0.503	1.839	0.348	AT1G45249	7.2	8.0	0.8	-0.92	0.743
path	6	1.826	0.503	0.998	0.394	AT1G16490	8.01	9.0	0.99	-0.78	0.744
path	6	1.826	0.503	0.998	0.394	AT1G27730	8.32	9.0	0.68	-0.78	0.744
path	6	1.826	0.503	0.998	0.394	AT3G03200	13.94	15.0	1.06	-1.1	0.744
path	6	1.826	0.503	0.998	0.394	AT3G24120	13.56	15.0	1.44	-1.1	0.744
path	6	1.826	0.503	0.998	0.394	AT5G06839	13.66	15.0	1.34	-1.1	0.744
path	6	1.826	0.503	0.998	0.394	AT5G66300	8.44	9.0	0.56	-0.78	0.744
path	6	1.826	0.503	1.839	0.348	AT4G23550	12.99	14.0	1.01	-1.3	0.744
path	6	0.262	0.861	1.481	0.633	AT1G55110	22.22	24.0	1.78	-1.6	0.745
path	6	0.262	0.861	1.481	0.633	AT2G03500	29.2	31.0	1.8	-1.84	0.745
path	6	1.826	0.503	1.839	0.348	AT5G13080	16.8	18.0	1.2	-1.55	0.751
path	6	0.262	0.861	1.481	0.633	AT3G12720	23.27	25.0	1.73	-1.71	0.753
path	6	0.262	0.861	1.481	0.633	AT2G33810	3.63	4.0	0.37	-0.45	0.754
path	6	0.262	0.861	1.481	0.633	AT1G66370	4.54	5.0	0.46	-0.57	0.755
path	6	0.262	0.861	1.481	0.633	AT2G01818	4.32	5.0	0.68	-0.57	0.755
path	6	0.262	0.861	1.481	0.633	AT4G18450	4.67	5.0	0.33	-0.57	0.755
path	6	1.826	0.503	0.998	0.394	AT3G26620	9.27	10.0	0.73	-0.93	0.756
path	6	0.262	0.861	1.481	0.633	AT1G72360	2.77	3.0	0.23	-0.34	0.757
path	6	0.262	0.861	1.481	0.633	AT2G42590	5.64	6.0	0.36	-0.68	0.757
path	6	0.262	0.861	1.481	0.633	AT4G04450	2.72	3.0	0.28	-0.34	0.757
path	6	0.262	0.861	1.481	0.633	AT5G61270	2.82	3.0	0.18	-0.34	0.757
path	6	0.262	0.861	1.481	0.633	AT3G60490	24.2	26.0	1.8	-1.83	0.759
path	6	0.262	0.861	1.481	0.633	AT1G13300	6.73	7.0	0.27	-0.79	0.761
path	6	0.262	0.861	1.481	0.633	AT1G32240	6.58	7.0	0.42	-0.79	0.761
path	6	0.262	0.861	-1.562	0.794	AT1G02250	12.57	14.0	1.43	-1.52	0.762
path	6	0.262	0.861	-1.562	0.794	AT1G26960	20.19	22.0	1.81	-1.95	0.762
path	6	0.262	0.861	-1.562	0.794	AT1G34190	20.32	22.0	1.68	-1.95	0.762
path	6	0.262	0.861	-1.562	0.794	AT3G50700	6.44	7.0	0.56	-0.98	0.762
path	6	0.262	0.861	-1.562	0.794	AT4G31800	19.41	22.0	2.59	-1.95	0.762
path	6	0.262	0.861	-1.562	0.794	AT5G64060	12.35	14.0	1.65	-1.52	0.762
path	6	0.262	0.861	1.481	0.633	AT1G19210	43.7	47.0	3.3	-2.53	0.765
path	6	0.262	0.861	1.481	0.633	AT4G01500	7.54	8.0	0.46	-0.9	0.765
path	6	1.826	0.503	1.839	0.348	AT3G08500	3.39	4.0	0.61	-0.67	0.765
path	6	0.262	0.861	1.481	0.633	AT1G72010	17.83	19.0	1.17	-1.59	0.766
path	6	1.826	0.503	0.998	0.394	AT1G01720	20.68	22.0	1.32	-1.58	0.766
path	6	1.826	0.503	1.839	0.348	AT1G19000	9.94	11.0	1.06	-1.32	0.766
path	6	1.826	0.503	1.839	0.348	AT4G32730	9.42	11.0	1.58	-1.32	0.766
path	6	1.826	0.503	1.839	0.348	AT5G04410	10.21	11.0	0.79	-1.32	0.766
path	6	1.826	0.503	1.839	0.348	AT5G66700	9.95	11.0	1.05	-1.32	0.766
path	6	0.262	0.861	1.481	0.633	AT3G48160	1.86	2.0	0.14	-0.23	0.768
path	6	0.262	0.861	1.481	0.633	AT4G28110	1.91	2.0	0.09	-0.23	0.768
path	6	1.826	0.503	1.839	0.348	AT1G02250	14.29	15.0	0.71	-1.57	0.768
path	6	1.826	0.503	1.839	0.348	AT2G40260	8.26	9.0	0.74	-1.2	0.769
path	6	0.262	0.861	-1.562	0.794	AT1G77640	2.67	3.0	0.33	-0.55	0.771
path	6	0.262	0.861	1.481	0.633	AT4G26640	8.61	10.0	1.39	-1.13	0.774
path	6	1.826	0.503	1.839	0.348	AT1G51220	6.43	7.0	0.57	-1.07	0.775
path	6	1.826	0.503	1.839	0.348	AT3G12730	6.28	7.0	0.72	-1.07	0.775
path	6	0.262	0.861	1.481	0.633	AT1G32870	19.05	21.0	1.95	-1.82	0.778
path	6	0.262	0.861	1.481	0.633	AT3G26790	10.31	11.0	0.69	-1.24	0.779
path	6	0.262	0.861	1.481	0.633	AT5G03150	10.19	11.0	0.81	-1.24	0.779
path	6	1.826	0.503	0.998	0.394	AT2G18380	10.94	12.0	1.06	-1.23	0.779
path	6	0.262	0.861	-1.562	0.794	AT1G12610	11.98	13.0	1.02	-1.63	0.78
path	6	0.262	0.861	-1.562	0.794	AT5G04390	12.03	13.0	0.97	-1.63	0.78
path	6	0.262	0.861	-1.562	0.794	AT2G40260	16.5	18.0	1.5	-1.96	0.781
path	6	0.262	0.861	1.481	0.633	AT5G61600	11.24	12.0	0.76	-1.36	0.784
path	6	0.262	0.861	-1.562	0.794	AT5G41570	20.6	23.0	2.4	-2.28	0.785
path	6	1.826	0.503	0.998	0.394	AT1G13400	2.75	3.0	0.25	-0.45	0.788
path	6	1.826	0.503	0.998	0.394	AT2G15660	2.8	3.0	0.2	-0.45	0.788
path	6	1.826	0.503	0.998	0.394	AT5G10140	2.88	3.0	0.12	-0.45	0.788
path	6	1.826	0.503	0.998	0.394	AT5G43840	2.82	3.0	0.18	-0.45	0.788
path	6	1.826	0.503	1.839	0.348	AT5G08330	4.51	5.0	0.49	-0.95	0.788
path	6	1.826	0.503	1.839	0.348	AT5G29000	4.28	5.0	0.72	-0.95	0.788
path	6	1.826	0.503	1.839	0.348	AT4G01250	11.16	12.0	0.84	-1.6	0.789
path	6	0.262	0.861	1.481	0.633	AT2G38340	35.4	38.0	2.6	-2.63	0.79
path	6	1.826	0.503	0.998	0.394	AT1G33240	11.8	13.0	1.2	-1.38	0.79
path	6	1.826	0.503	0.998	0.394	AT1G34180	11.88	13.0	1.12	-1.38	0.79
path	6	1.826	0.503	0.998	0.394	AT3G61150	11.99	13.0	1.01	-1.38	0.79
path	6	0.262	0.861	-1.562	0.794	AT1G44830	7.3	8.0	0.7	-1.31	0.791
path	6	0.262	0.861	-1.562	0.794	AT3G20770	6.81	8.0	1.19	-1.31	0.791
path	6	1.826	0.503	0.998	0.394	AT3G01970	17.61	19.0	1.39	-1.7	0.791
path	6	1.826	0.503	0.998	0.394	AT1G21910	1.82	2.0	0.18	-0.3	0.793
path	6	1.826	0.503	0.998	0.394	AT1G43700	1.71	2.0	0.29	-0.3	0.793
path	6	1.826	0.503	0.998	0.394	AT1G69690	1.68	2.0	0.32	-0.3	0.793
path	6	1.826	0.503	0.998	0.394	AT3G01470	1.71	2.0	0.29	-0.3	0.793
path	6	1.826	0.503	0.998	0.394	AT3G26790	1.63	2.0	0.37	-0.3	0.793
path	6	1.826	0.503	0.998	0.394	AT3G57600	1.85	2.0	0.15	-0.3	0.793
path	6	1.826	0.503	0.998	0.394	AT4G01720	1.83	2.0	0.17	-0.3	0.793
path	6	1.826	0.503	0.998	0.394	AT5G61600	1.6	2.0	0.4	-0.3	0.793
path	6	1.826	0.503	0.998	0.394	AT5G14960	4.75	5.0	0.25	-0.75	0.794
path	6	1.826	0.503	1.839	0.348	AT1G01060	7.1	8.0	0.9	-1.35	0.798
path	6	1.826	0.503	1.839	0.348	AT1G49010	7.0	8.0	1.0	-1.35	0.798
path	6	1.826	0.503	1.839	0.348	AT3G60490	7.29	8.0	0.71	-1.35	0.798
path	6	1.826	0.503	1.839	0.348	AT4G36740	7.2	8.0	0.8	-1.35	0.798
path	6	0.262	0.861	-1.562	0.794	AT1G13400	3.63	4.0	0.37	-0.88	0.8
path	6	0.262	0.861	-1.562	0.794	AT1G22070	3.71	4.0	0.29	-0.88	0.8
path	6	0.262	0.861	-1.562	0.794	AT3G60530	3.49	4.0	0.51	-0.88	0.8
path	6	1.826	0.503	0.998	0.394	AT1G69490	18.79	20.0	1.21	-1.85	0.801
path	6	1.826	0.503	0.998	0.394	AT4G18170	18.62	20.0	1.38	-1.85	0.801
path	6	0.262	0.861	1.481	0.633	AT3G15170	14.88	16.0	1.12	-1.81	0.803
path	6	0.262	0.861	-1.562	0.794	AT4G18170	16.94	19.0	2.06	-2.29	0.804
path	6	0.262	0.861	-1.562	0.794	AT5G51990	24.88	27.0	2.12	-2.71	0.804
path	6	0.262	0.861	1.481	0.633	AT2G17900	0.91	1.0	0.09	-0.11	0.804
path	6	0.262	0.861	1.481	0.633	AT2G38880	0.95	1.0	0.05	-0.11	0.804
path	6	0.262	0.861	1.481	0.633	AT2G46400	0.91	1.0	0.09	-0.11	0.804
path	6	0.262	0.861	1.481	0.633	AT3G57600	0.72	1.0	0.28	-0.11	0.804
path	6	0.262	0.861	1.481	0.633	AT4G36620	0.88	1.0	0.12	-0.11	0.804
path	6	0.262	0.861	1.481	0.633	AT4G37790	0.95	1.0	0.05	-0.11	0.804
path	6	0.262	0.861	1.481	0.633	AT4G38910	0.92	1.0	0.08	-0.11	0.804
path	6	0.262	0.861	1.481	0.633	AT5G10510	0.86	1.0	0.14	-0.11	0.804
path	6	0.262	0.861	1.481	0.633	AT5G40330	0.91	1.0	0.09	-0.11	0.804
path	6	0.262	0.861	1.481	0.633	AT2G30340	24.13	26.0	1.87	-2.38	0.806
path	6	1.826	0.503	0.998	0.394	AT3G01220	6.04	7.0	0.96	-1.05	0.807
path	6	1.826	0.503	0.998	0.394	AT3G06740	6.36	7.0	0.64	-1.05	0.807
path	6	1.826	0.503	1.839	0.348	AT1G24250	1.61	2.0	0.39	-0.55	0.807
path	6	1.826	0.503	1.839	0.348	AT4G01680	5.33	6.0	0.67	-1.22	0.809
path	6	0.262	0.861	-1.562	0.794	AT2G01060	14.86	16.0	1.14	-2.18	0.811
path	6	0.262	0.861	-1.562	0.794	AT2G32460	14.54	16.0	1.46	-2.18	0.811
path	6	0.262	0.861	-1.562	0.794	AT3G50060	19.2	21.0	1.8	-2.5	0.811
path	6	1.826	0.503	1.839	0.348	AT3G02940	10.08	11.0	0.92	-1.75	0.812
path	6	1.826	0.503	1.839	0.348	AT3G20840	0.92	1.0	0.08	-0.27	0.812
path	6	1.826	0.503	1.839	0.348	AT3G27010	0.79	1.0	0.21	-0.27	0.812
path	6	1.826	0.503	1.839	0.348	AT3G51080	0.89	1.0	0.11	-0.27	0.812
path	6	1.826	0.503	1.839	0.348	AT4G38620	0.91	1.0	0.09	-0.27	0.812
path	6	1.826	0.503	1.839	0.348	AT5G10510	0.94	1.0	0.06	-0.27	0.812
path	6	1.826	0.503	1.839	0.348	AT5G18090	0.96	1.0	0.04	-0.27	0.812
path	6	1.826	0.503	1.839	0.348	AT5G44160	0.85	1.0	0.15	-0.27	0.812
path	6	1.826	0.503	1.839	0.348	AT5G50570	0.8	1.0	0.2	-0.27	0.812
path	6	1.826	0.503	1.839	0.348	AT5G61270	0.93	1.0	0.07	-0.27	0.812
path	6	0.262	0.861	1.481	0.633	AT1G27730	16.73	18.0	1.27	-2.04	0.813
path	6	1.826	0.503	0.998	0.394	AT5G62320	7.19	8.0	0.81	-1.2	0.814
path	6	0.262	0.861	1.481	0.633	AT3G55370	33.05	36.0	2.95	-2.96	0.817
path	6	0.262	0.861	1.481	0.633	AT4G38170	33.46	36.0	2.54	-2.96	0.817
path	6	1.826	0.503	1.839	0.348	AT1G76110	2.65	3.0	0.35	-0.82	0.817
path	6	1.826	0.503	1.839	0.348	AT1G79180	2.62	3.0	0.38	-0.82	0.817
path	6	1.826	0.503	1.839	0.348	AT3G20770	2.41	3.0	0.59	-0.82	0.817
path	6	1.826	0.503	0.998	0.394	AT5G65410	14.73	16.0	1.27	-1.83	0.818
path	6	1.826	0.503	1.839	0.348	AT1G34670	8.21	9.0	0.79	-1.62	0.818
path	6	1.826	0.503	1.839	0.348	AT4G01280	8.09	9.0	0.91	-1.62	0.818
path	6	1.826	0.503	0.998	0.394	AT1G76420	20.82	22.0	1.18	-2.15	0.82
path	6	0.262	0.861	1.481	0.633	AT3G11440	26.67	29.0	2.33	-2.72	0.821
path	6	1.826	0.503	0.998	0.394	AT1G36060	8.28	9.0	0.72	-1.35	0.821
path	6	1.826	0.503	0.998	0.394	AT2G41835	0.92	1.0	0.08	-0.15	0.821
path	6	1.826	0.503	0.998	0.394	AT3G03660	0.95	1.0	0.05	-0.15	0.821
path	6	1.826	0.503	0.998	0.394	AT3G10113	8.03	9.0	0.97	-1.35	0.821
path	6	1.826	0.503	0.998	0.394	AT4G24470	0.66	1.0	0.34	-0.15	0.821
path	6	1.826	0.503	0.998	0.394	AT5G40330	0.95	1.0	0.05	-0.15	0.821
path	6	0.262	0.861	1.481	0.633	AT1G36060	18.65	20.0	1.35	-2.26	0.822
path	6	0.262	0.861	1.481	0.633	AT3G50410	18.24	20.0	1.76	-2.26	0.822
path	6	0.262	0.861	-1.562	0.794	AT5G13080	17.57	20.0	2.43	-2.62	0.824
path	6	0.262	0.861	1.481	0.633	AT2G45410	27.68	30.0	2.32	-2.84	0.826
path	6	0.262	0.861	1.481	0.633	AT3G23240	19.43	21.0	1.57	-2.37	0.826
path	6	0.262	0.861	-1.562	0.794	AT5G24110	13.51	15.0	1.49	-2.29	0.827
path	6	1.826	0.503	0.998	0.394	AT5G18270	15.82	17.0	1.18	-1.98	0.827
path	6	1.826	0.503	1.839	0.348	AT2G47070	6.27	7.0	0.73	-1.5	0.827
path	6	1.826	0.503	1.839	0.348	AT3G53200	6.23	7.0	0.77	-1.5	0.827
path	6	0.262	0.861	-1.562	0.794	AT1G76870	0.92	1.0	0.08	-0.33	0.829
path	6	0.262	0.861	-1.562	0.794	AT1G76880	0.9	1.0	0.1	-0.33	0.829
path	6	0.262	0.861	-1.562	0.794	AT2G41835	0.88	1.0	0.12	-0.33	0.829
path	6	0.262	0.861	-1.562	0.794	AT4G14410	0.95	1.0	0.05	-0.33	0.829
path	6	0.262	0.861	-1.562	0.794	AT4G30080	0.92	1.0	0.08	-0.33	0.829
path	6	0.262	0.861	-1.562	0.794	AT5G16600	0.96	1.0	0.04	-0.33	0.829
path	6	0.262	0.861	-1.562	0.794	AT5G67300	0.84	1.0	0.16	-0.33	0.829
path	6	1.826	0.503	1.839	0.348	AT2G18160	12.77	14.0	1.23	-2.15	0.829
path	6	1.826	0.503	1.839	0.348	AT3G12250	12.8	14.0	1.2	-2.15	0.829
path	6	0.262	0.861	-1.562	0.794	AT2G24570	1.8	2.0	0.2	-0.66	0.83
path	6	1.826	0.503	1.839	0.348	AT3G10030	3.51	4.0	0.49	-1.1	0.83
path	6	1.826	0.503	1.839	0.348	AT3G60580	3.59	4.0	0.41	-1.1	0.83
path	6	1.826	0.503	1.839	0.348	AT5G05550	18.5	20.0	1.5	-2.52	0.83
path	6	0.262	0.861	-1.562	0.794	AT4G01540	19.62	22.0	2.38	-2.83	0.831
path	6	0.262	0.861	1.481	0.633	AT1G71696	20.6	23.0	2.4	-2.6	0.834
path	6	0.262	0.861	1.481	0.633	AT5G16820	21.02	23.0	1.98	-2.6	0.834
path	6	0.262	0.861	1.481	0.633	AT5G58850	20.01	23.0	2.99	-2.6	0.834
path	6	0.262	0.861	1.481	0.633	AT2G35700	29.49	32.0	2.51	-3.06	0.835
path	6	0.262	0.861	1.481	0.633	AT4G34410	29.05	32.0	2.95	-3.06	0.835
path	6	1.826	0.503	0.998	0.394	AT1G12260	17.05	18.0	0.95	-2.13	0.835
path	6	1.826	0.503	0.998	0.394	AT1G25340	10.16	11.0	0.84	-1.65	0.835
path	6	1.826	0.503	0.998	0.394	AT1G52880	16.74	18.0	1.26	-2.13	0.835
path	6	0.262	0.861	1.481	0.633	AT1G14580	6.32	7.0	0.68	-1.35	0.836
path	6	1.826	0.503	1.839	0.348	AT1G49560	9.2	10.0	0.8	-1.9	0.836
path	6	1.826	0.503	1.839	0.348	AT4G36780	8.9	10.0	1.1	-1.9	0.836
path	6	0.262	0.861	1.481	0.633	AT3G10030	8.76	10.0	1.24	-1.69	0.837
path	6	0.262	0.861	1.481	0.633	AT5G08130	5.54	6.0	0.46	-1.24	0.837
path	6	1.826	0.503	0.998	0.394	AT4G31800	22.27	24.0	1.73	-2.45	0.837
path	6	0.262	0.861	1.481	0.633	AT3G11020	22.49	24.0	1.51	-2.71	0.838
path	6	0.262	0.861	1.481	0.633	AT3G21175	10.18	11.0	0.82	-1.8	0.839
path	6	0.262	0.861	1.481	0.633	AT1G78700	45.25	48.0	2.75	-3.76	0.841
path	6	0.262	0.861	1.481	0.633	AT4G11660	10.65	12.0	1.35	-1.91	0.841
path	6	0.262	0.861	-1.562	0.794	AT4G18770	12.1	14.0	1.9	-2.41	0.842
path	6	1.826	0.503	0.998	0.394	AT4G25480	17.46	19.0	1.54	-2.28	0.843
path	6	1.826	0.503	0.998	0.394	AT5G51990	17.58	19.0	1.42	-2.28	0.843
path	6	0.262	0.861	-1.562	0.794	AT2G38300	2.74	3.0	0.26	-0.99	0.844
path	6	0.262	0.861	1.481	0.633	AT2G24430	31.59	34.0	2.41	-3.29	0.844
path	6	0.262	0.861	1.481	0.633	AT3G23220	12.13	13.0	0.87	-2.03	0.844
path	6	1.826	0.503	1.839	0.348	AT1G25550	4.48	5.0	0.52	-1.37	0.844
path	6	1.826	0.503	1.839	0.348	AT1G34190	7.17	8.0	0.83	-1.77	0.844
path	6	1.826	0.503	1.839	0.348	AT2G30340	7.26	8.0	0.74	-1.77	0.844
path	6	1.826	0.503	1.839	0.348	AT3G18990	7.25	8.0	0.75	-1.77	0.844
path	6	0.262	0.861	-1.562	0.794	AT5G66700	31.87	34.0	2.13	-3.69	0.845
path	6	0.262	0.861	-1.562	0.794	AT2G38470	15.75	18.0	2.25	-2.84	0.85
path	6	0.262	0.861	-1.562	0.794	AT2G40740	15.82	18.0	2.18	-2.84	0.85
path	6	1.826	0.503	1.839	0.348	AT2G02080	10.09	11.0	0.91	-2.17	0.852
path	6	0.262	0.861	1.481	0.633	AT4G17980	25.74	28.0	2.26	-3.17	0.854
path	6	0.262	0.861	-1.562	0.794	AT1G74650	18.3	20.0	1.7	-3.06	0.855
path	6	1.826	0.503	0.998	0.394	AT2G02540	12.81	14.0	1.19	-2.1	0.855
path	6	0.262	0.861	-1.562	0.794	AT5G46350	9.75	11.0	1.25	-2.3	0.857
path	6	0.262	0.861	-1.562	0.794	AT5G65310	28.02	30.0	1.98	-3.7	0.857
path	6	0.262	0.861	1.481	0.633	AT3G61120	2.87	3.0	0.13	-0.9	0.857
path	6	0.262	0.861	1.481	0.633	AT4G28140	2.58	3.0	0.42	-0.9	0.857
path	6	0.262	0.861	1.481	0.633	AT5G02840	16.97	18.0	1.03	-2.59	0.857
path	6	0.262	0.861	1.481	0.633	AT5G10140	2.77	3.0	0.23	-0.9	0.857
path	6	0.262	0.861	-1.562	0.794	AT3G06490	12.27	13.0	0.73	-2.52	0.858
path	6	0.262	0.861	1.481	0.633	AT1G76420	26.79	29.0	2.21	-3.28	0.858
path	6	0.262	0.861	1.481	0.633	AT2G22540	26.52	29.0	2.48	-3.28	0.858
path	6	1.826	0.503	0.998	0.394	AT1G02230	19.88	21.0	1.12	-2.58	0.858
path	6	1.826	0.503	0.998	0.394	AT2G40740	19.54	21.0	1.46	-2.58	0.858
path	6	0.262	0.861	-1.562	0.794	AT2G17950	3.67	4.0	0.33	-1.32	0.859
path	6	0.262	0.861	-1.562	0.794	AT3G23210	3.6	4.0	0.4	-1.32	0.859
path	6	0.262	0.861	-1.562	0.794	AT5G50570	3.6	4.0	0.4	-1.32	0.859
path	6	1.826	0.503	1.839	0.348	AT5G06950	8.08	9.0	0.92	-2.05	0.859
path	6	1.826	0.503	1.839	0.348	AT5G45580	8.0	9.0	1.0	-2.05	0.859
path	6	0.262	0.861	-1.562	0.794	AT4G05100	14.17	15.0	0.83	-2.74	0.86
path	6	0.262	0.861	1.481	0.633	AT4G27950	17.68	19.0	1.32	-2.71	0.86
path	6	0.262	0.861	-1.562	0.794	AT4G17785	6.64	7.0	0.36	-1.87	0.863
path	6	0.262	0.861	1.481	0.633	AT5G60130	18.37	20.0	1.63	-2.82	0.863
path	6	0.262	0.861	1.481	0.633	AT5G62000	18.61	20.0	1.39	-2.82	0.863
path	6	1.826	0.503	1.839	0.348	AT5G60850	10.97	12.0	1.03	-2.45	0.866
path	6	0.262	0.861	-1.562	0.794	AT2G30250	16.41	19.0	2.59	-3.17	0.867
path	6	0.262	0.861	-1.562	0.794	AT4G00730	17.42	19.0	1.58	-3.17	0.867
path	6	1.826	0.503	0.998	0.394	AT2G46770	14.97	16.0	1.03	-2.4	0.868
path	6	0.262	0.861	1.481	0.633	AT1G51700	20.23	22.0	1.77	-3.04	0.869
path	6	1.826	0.503	1.839	0.348	AT5G45300	6.37	7.0	0.63	-1.92	0.87
path	6	1.826	0.503	0.998	0.394	AT3G58630	4.63	5.0	0.37	-1.33	0.873
path	6	0.262	0.861	1.481	0.633	AT3G21890	21.92	24.0	2.08	-3.27	0.874
path	6	1.826	0.503	0.998	0.394	AT3G13810	6.21	7.0	0.79	-1.63	0.874
path	6	1.826	0.503	1.839	0.348	AT1G14580	1.73	2.0	0.27	-0.97	0.875
path	6	1.826	0.503	1.839	0.348	AT2G30590	1.8	2.0	0.2	-0.97	0.875
path	6	1.826	0.503	1.839	0.348	AT2G33550	2.61	3.0	0.39	-1.25	0.875
path	6	1.826	0.503	1.839	0.348	AT3G23220	1.66	2.0	0.34	-0.97	0.875
path	6	1.826	0.503	1.839	0.348	AT4G34590	2.6	3.0	0.4	-1.25	0.875
path	6	1.826	0.503	1.839	0.348	AT5G05790	1.46	2.0	0.54	-0.97	0.875
path	6	1.826	0.503	1.839	0.348	AT4G36160	13.87	15.0	1.13	-2.85	0.876
path	6	0.262	0.861	1.481	0.633	AT2G15660	1.63	2.0	0.37	-0.78	0.877
path	6	0.262	0.861	1.481	0.633	AT2G30590	1.5	2.0	0.5	-0.78	0.877
path	6	1.826	0.503	1.839	0.348	AT1G30650	11.95	13.0	1.05	-2.72	0.879
path	6	1.826	0.503	1.839	0.348	AT2G02820	11.68	13.0	1.32	-2.72	0.879
path	6	1.826	0.503	1.839	0.348	AT3G49530	12.31	13.0	0.69	-2.72	0.879
path	6	0.262	0.861	1.481	0.633	AT3G04060	24.04	26.0	1.96	-3.5	0.88
path	6	1.826	0.503	0.998	0.394	AT1G26960	16.79	18.0	1.21	-2.7	0.88
path	6	1.826	0.503	0.998	0.394	AT2G43000	16.43	18.0	1.57	-2.7	0.88
path	6	1.826	0.503	0.998	0.394	AT3G11020	8.19	9.0	0.81	-1.93	0.88
path	6	1.826	0.503	0.998	0.394	AT3G28920	16.63	18.0	1.37	-2.7	0.88
path	6	1.826	0.503	1.839	0.348	AT2G20400	3.31	4.0	0.69	-1.52	0.88
path	6	0.262	0.861	1.481	0.633	AT2G43000	33.06	36.0	2.94	-4.07	0.881
path	6	1.826	0.503	0.998	0.394	AT3G06490	2.51	3.0	0.49	-1.03	0.881
path	6	1.826	0.503	0.998	0.394	AT3G11280	2.46	3.0	0.54	-1.03	0.881
path	6	1.826	0.503	0.998	0.394	AT4G28140	2.77	3.0	0.23	-1.03	0.881
path	6	1.826	0.503	1.839	0.348	AT1G20910	7.42	8.0	0.58	-2.2	0.881
path	6	1.826	0.503	1.839	0.348	AT5G54230	7.13	8.0	0.87	-2.2	0.881
path	6	1.826	0.503	0.998	0.394	AT4G14770	8.69	10.0	1.31	-2.08	0.883
path	6	1.826	0.503	1.839	0.348	AT2G01930	10.12	11.0	0.88	-2.6	0.884
path	6	1.826	0.503	1.839	0.348	AT2G04038	9.78	11.0	1.22	-2.6	0.884
path	6	0.262	0.861	1.481	0.633	AT1G68550	34.04	37.0	2.96	-4.18	0.885
path	6	0.262	0.861	1.481	0.633	AT3G44480	25.92	28.0	2.08	-3.72	0.886
path	6	1.826	0.503	1.839	0.348	AT1G03840	4.42	5.0	0.58	-1.8	0.887
path	6	1.826	0.503	1.839	0.348	AT1G09540	4.2	5.0	0.8	-1.8	0.887
path	6	0.262	0.861	-1.562	0.794	AT1G20980	12.08	13.0	0.92	-2.96	0.888
path	6	1.826	0.503	1.839	0.348	AT1G29280	14.87	16.0	1.13	-3.12	0.888
path	6	0.262	0.861	1.481	0.633	AT3G06740	13.81	15.0	1.19	-2.81	0.889
path	6	0.262	0.861	-1.562	0.794	AT2G47070	15.52	17.0	1.48	-3.4	0.89
path	6	0.262	0.861	-1.562	0.794	AT3G57920	15.65	17.0	1.35	-3.4	0.89
path	6	0.262	0.861	-1.562	0.794	AT4G01680	15.65	17.0	1.35	-3.4	0.89
path	6	0.262	0.861	1.481	0.633	AT5G66300	14.95	16.0	1.05	-2.92	0.89
path	6	0.262	0.861	1.481	0.633	AT5G67580	14.5	16.0	1.5	-2.92	0.89
path	6	0.262	0.861	-1.562	0.794	AT3G15270	28.76	31.0	2.24	-4.48	0.892
path	6	0.262	0.861	-1.562	0.794	AT5G47370	24.16	26.0	1.84	-4.16	0.892
path	6	1.826	0.503	1.839	0.348	AT5G24110	8.26	9.0	0.74	-2.47	0.892
path	6	0.262	0.861	-1.562	0.794	AT1G21910	1.72	2.0	0.28	-1.1	0.893
path	6	0.262	0.861	-1.562	0.794	AT3G57230	1.8	2.0	0.2	-1.1	0.893
path	6	1.826	0.503	1.839	0.348	AT1G63030	0.87	1.0	0.13	-0.7	0.893
path	6	1.826	0.503	1.839	0.348	AT3G30210	0.71	1.0	0.29	-0.7	0.893
path	6	0.262	0.861	1.481	0.633	AT5G07100	5.32	6.0	0.68	-1.79	0.894
path	6	1.826	0.503	0.998	0.394	AT1G01250	1.83	2.0	0.17	-0.88	0.895
path	6	1.826	0.503	0.998	0.394	AT2G17950	1.78	2.0	0.22	-0.88	0.895
path	6	1.826	0.503	0.998	0.394	AT5G07680	1.78	2.0	0.22	-0.88	0.895
path	6	1.826	0.503	0.998	0.394	AT5G59990	1.74	2.0	0.26	-0.88	0.895
path	6	1.826	0.503	1.839	0.348	AT2G35530	10.62	12.0	1.38	-2.87	0.895
path	6	1.826	0.503	1.839	0.348	AT3G15170	5.56	6.0	0.44	-2.07	0.895
path	6	0.262	0.861	-1.562	0.794	AT4G38620	2.83	3.0	0.17	-1.43	0.896
path	6	0.262	0.861	1.481	0.633	AT3G53200	30.04	32.0	1.96	-4.18	0.896
path	6	0.262	0.861	1.481	0.633	AT5G67190	29.32	32.0	2.68	-4.18	0.896
path	6	0.262	0.861	1.481	0.633	AT3G09735	19.23	21.0	1.77	-3.49	0.898
path	6	1.826	0.503	0.998	0.394	AT3G17730	12.95	14.0	1.05	-2.68	0.898
path	6	0.262	0.861	1.481	0.633	AT5G64750	30.1	33.0	2.9	-4.29	0.899
path	6	0.262	0.861	1.481	0.633	AT2G41690	4.49	5.0	0.51	-1.68	0.9
path	6	0.262	0.861	1.481	0.633	AT3G58630	4.31	5.0	0.69	-1.68	0.9
path	6	0.262	0.861	1.481	0.633	AT5G13910	4.64	5.0	0.36	-1.68	0.9
path	6	1.826	0.503	1.839	0.348	AT5G41570	15.81	17.0	1.19	-3.39	0.9
path	6	0.262	0.861	-1.562	0.794	AT4G01550	12.55	14.0	1.45	-3.29	0.901
path	6	0.262	0.861	1.481	0.633	AT1G50640	31.45	34.0	2.55	-4.4	0.901
path	6	0.262	0.861	-1.562	0.794	AT1G63030	3.73	4.0	0.27	-1.76	0.902
path	6	0.262	0.861	-1.562	0.794	AT2G46130	3.24	4.0	0.76	-1.76	0.902
path	6	1.826	0.503	0.998	0.394	AT4G25470	13.72	15.0	1.28	-2.83	0.902
path	6	1.826	0.503	1.839	0.348	AT5G58850	8.82	10.0	1.18	-2.75	0.902
path	6	1.826	0.503	1.839	0.348	AT2G31230	6.04	7.0	0.96	-2.35	0.903
path	6	0.262	0.861	1.481	0.633	AT2G20110	21.54	24.0	2.46	-3.83	0.904
path	6	0.262	0.861	1.481	0.633	AT5G26170	23.08	26.0	2.92	-4.05	0.908
path	6	0.262	0.861	-1.562	0.794	AT3G60580	7.17	8.0	0.83	-2.64	0.909
path	6	0.262	0.861	-1.562	0.794	AT4G32800	7.26	8.0	0.74	-2.64	0.909
path	6	0.262	0.861	-1.562	0.794	AT5G62470	7.33	8.0	0.67	-2.64	0.909
path	6	0.262	0.861	-1.562	0.794	AT2G02540	24.22	26.0	1.78	-4.6	0.911
path	6	0.262	0.861	-1.562	0.794	AT3G01530	24.36	26.0	1.64	-4.6	0.911
path	6	0.262	0.861	1.481	0.633	AT1G22810	25.78	28.0	2.22	-4.28	0.912
path	6	1.826	0.503	1.839	0.348	AT4G34410	14.84	16.0	1.16	-3.55	0.912
path	6	0.262	0.861	-1.562	0.794	AT1G30650	16.88	19.0	2.12	-4.06	0.913
path	6	0.262	0.861	-1.562	0.794	AT1G69180	17.55	19.0	1.45	-4.06	0.913
path	6	0.262	0.861	-1.562	0.794	AT4G37260	17.19	19.0	1.81	-4.06	0.913
path	6	0.262	0.861	-1.562	0.794	AT2G42200	19.25	21.0	1.75	-4.28	0.914
path	6	0.262	0.861	1.481	0.633	AT1G23810	0.85	1.0	0.15	-0.67	0.914
path	6	0.262	0.861	1.481	0.633	AT1G27360	0.87	1.0	0.13	-0.67	0.914
path	6	0.262	0.861	1.481	0.633	AT1G51600	0.83	1.0	0.17	-0.67	0.914
path	6	0.262	0.861	1.481	0.633	AT5G67000	0.86	1.0	0.14	-0.67	0.914
path	6	1.826	0.503	0.998	0.394	AT1G12630	16.59	18.0	1.41	-3.28	0.914
path	6	1.826	0.503	1.839	0.348	AT3G62420	12.6	14.0	1.4	-3.42	0.915
path	6	1.826	0.503	1.839	0.348	AT4G31550	2.71	3.0	0.29	-1.67	0.916
path	6	1.826	0.503	1.839	0.348	AT5G65510	3.64	4.0	0.36	-1.95	0.917
path	6	0.262	0.861	-1.562	0.794	AT5G10280	5.61	6.0	0.39	-2.43	0.918
path	6	1.826	0.503	1.839	0.348	AT3G09735	8.3	9.0	0.7	-2.9	0.918
path	6	0.262	0.861	1.481	0.633	AT3G46590	2.55	3.0	0.45	-1.45	0.919
path	6	0.262	0.861	1.481	0.633	AT5G44160	2.62	3.0	0.38	-1.45	0.919
path	6	1.826	0.503	1.839	0.348	AT1G22810	11.12	12.0	0.88	-3.3	0.919
path	6	0.262	0.861	1.481	0.633	AT3G12130	13.58	15.0	1.42	-3.37	0.92
path	6	0.262	0.861	1.481	0.633	AT3G26620	14.64	16.0	1.36	-3.48	0.92
path	6	0.262	0.861	1.481	0.633	AT5G25830	10.59	12.0	1.41	-3.03	0.92
path	6	1.826	0.503	1.839	0.348	AT2G03500	4.29	5.0	0.71	-2.22	0.92
path	6	1.826	0.503	0.998	0.394	AT1G52150	6.23	7.0	0.77	-2.2	0.921
path	6	1.826	0.503	0.998	0.394	AT1G69780	7.07	8.0	0.93	-2.35	0.921
path	6	1.826	0.503	1.839	0.348	AT1G34370	1.81	2.0	0.19	-1.4	0.921
path	6	0.262	0.861	-1.562	0.794	AT2G46680	16.83	18.0	1.17	-4.17	0.922
path	6	1.826	0.503	0.998	0.394	AT1G71696	7.72	9.0	1.28	-2.5	0.922
path	6	0.262	0.861	-1.562	0.794	AT1G09540	18.37	20.0	1.63	-4.39	0.923
path	6	0.262	0.861	-1.562	0.794	AT1G30490	18.75	20.0	1.25	-4.39	0.923
path	6	0.262	0.861	-1.562	0.794	AT2G23290	18.17	20.0	1.83	-4.39	0.923
path	6	0.262	0.861	-1.562	0.794	AT1G62300	10.17	12.0	1.83	-3.52	0.924
path	6	0.262	0.861	-1.562	0.794	AT1G72740	10.81	12.0	1.19	-3.52	0.924
path	6	1.826	0.503	1.839	0.348	AT1G55110	5.3	6.0	0.7	-2.5	0.924
path	6	1.826	0.503	1.839	0.348	AT1G68320	5.32	6.0	0.68	-2.5	0.924
path	6	1.826	0.503	1.839	0.348	AT2G46130	5.63	6.0	0.37	-2.5	0.924
path	6	0.262	0.861	1.481	0.633	AT5G45300	20.41	22.0	1.59	-4.16	0.925
path	6	1.826	0.503	0.998	0.394	AT1G77640	0.78	1.0	0.22	-0.73	0.925
path	6	1.826	0.503	0.998	0.394	AT2G21900	0.9	1.0	0.1	-0.73	0.925
path	6	1.826	0.503	0.998	0.394	AT2G45650	0.85	1.0	0.15	-0.73	0.925
path	6	1.826	0.503	0.998	0.394	AT3G02990	0.86	1.0	0.14	-0.73	0.925
path	6	1.826	0.503	0.998	0.394	AT3G57230	0.86	1.0	0.14	-0.73	0.925
path	6	1.826	0.503	0.998	0.394	AT5G67450	0.79	1.0	0.21	-0.73	0.925
path	6	0.262	0.861	1.481	0.633	AT1G43700	7.45	8.0	0.55	-2.57	0.926
path	6	0.262	0.861	1.481	0.633	AT2G02820	32.65	36.0	3.35	-5.18	0.927
path	6	1.826	0.503	0.998	0.394	AT3G25990	3.58	4.0	0.42	-1.75	0.929
path	6	1.826	0.503	1.839	0.348	AT2G01940	6.22	7.0	0.78	-2.77	0.929
path	6	1.826	0.503	1.839	0.348	AT5G46350	6.38	7.0	0.62	-2.77	0.929
path	6	0.262	0.861	-1.562	0.794	AT3G61150	19.49	21.0	1.51	-4.72	0.931
path	6	1.826	0.503	0.998	0.394	AT1G28470	27.58	29.0	1.42	-4.36	0.931
path	6	1.826	0.503	1.839	0.348	AT1G71450	14.51	16.0	1.49	-3.97	0.931
path	6	1.826	0.503	1.839	0.348	AT2G22540	10.02	11.0	0.98	-3.45	0.932
path	6	0.262	0.861	-1.562	0.794	AT3G47600	1.81	2.0	0.19	-1.55	0.934
path	6	0.262	0.861	-1.562	0.794	AT5G22500	3.41	4.0	0.59	-2.21	0.934
path	6	0.262	0.861	1.481	0.633	AT2G42430	26.91	29.0	2.09	-4.95	0.934
path	6	0.262	0.861	1.481	0.633	AT4G18890	5.5	6.0	0.5	-2.35	0.934
path	6	1.826	0.503	1.839	0.348	AT4G18770	7.06	8.0	0.94	-3.05	0.934
path	6	0.262	0.861	1.481	0.633	AT2G44840	27.65	30.0	2.35	-5.06	0.935
path	6	1.826	0.503	0.998	0.394	AT5G46590	2.64	3.0	0.36	-1.6	0.936
path	6	0.262	0.861	1.481	0.633	AT4G31060	28.31	31.0	2.69	-5.18	0.937
path	6	0.262	0.861	-1.562	0.794	AT2G23320	15.69	18.0	2.31	-4.62	0.938
path	6	0.262	0.861	1.481	0.633	AT5G06950	29.67	32.0	2.33	-5.29	0.938
path	6	1.826	0.503	0.998	0.394	AT1G25580	48.53	50.0	1.47	-5.21	0.938
path	6	0.262	0.861	-1.562	0.794	AT3G10500	14.51	16.0	1.49	-4.4	0.939
path	6	1.826	0.503	1.839	0.348	AT2G35700	11.01	12.0	0.99	-3.72	0.939
path	6	1.826	0.503	1.839	0.348	AT3G15270	7.89	9.0	1.11	-3.32	0.939
path	6	1.826	0.503	1.839	0.348	AT4G18890	0.8	1.0	0.2	-1.12	0.939
path	6	1.826	0.503	1.839	0.348	AT5G10280	0.81	1.0	0.19	-1.12	0.939
path	6	1.826	0.503	1.839	0.348	AT5G22500	0.71	1.0	0.29	-1.12	0.939
path	6	0.262	0.861	1.481	0.633	AT3G52440	30.37	33.0	2.63	-5.4	0.94
path	6	0.262	0.861	1.481	0.633	AT2G45420	31.46	34.0	2.54	-5.51	0.941
path	6	0.262	0.861	1.481	0.633	AT4G01280	32.7	35.0	2.3	-5.63	0.942
path	6	0.262	0.861	1.481	0.633	AT5G08330	16.76	18.0	1.24	-4.26	0.943
path	6	1.826	0.503	1.839	0.348	AT1G06850	3.38	4.0	0.62	-2.37	0.943
path	6	1.826	0.503	1.839	0.348	AT2G01060	3.43	4.0	0.57	-2.37	0.943
path	6	0.262	0.861	1.481	0.633	AT3G13810	17.51	19.0	1.49	-4.37	0.944
path	6	1.826	0.503	1.839	0.348	AT1G47655	4.31	5.0	0.69	-2.65	0.944
path	6	1.826	0.503	1.839	0.348	AT1G69180	4.28	5.0	0.72	-2.65	0.944
path	6	1.826	0.503	1.839	0.348	AT3G27785	4.27	5.0	0.73	-2.65	0.944
path	6	1.826	0.503	1.839	0.348	AT3G56850	11.62	13.0	1.38	-4.0	0.944
path	6	0.262	0.861	1.481	0.633	AT4G16750	34.01	37.0	2.99	-5.85	0.945
path	6	1.826	0.503	1.839	0.348	AT2G26960	2.44	3.0	0.56	-2.1	0.945
path	6	1.826	0.503	1.839	0.348	AT5G25830	2.44	3.0	0.56	-2.1	0.945
path	6	0.262	0.861	1.481	0.633	AT2G45680	3.64	4.0	0.36	-2.12	0.946
path	6	1.826	0.503	1.839	0.348	AT3G44480	5.18	6.0	0.82	-2.92	0.946
path	6	0.262	0.861	-1.562	0.794	AT3G45170	0.8	1.0	0.2	-1.22	0.948
path	6	1.826	0.503	0.998	0.394	AT5G26170	19.44	21.0	1.56	-4.3	0.948
path	6	0.262	0.861	1.481	0.633	AT2G02080	24.7	27.0	2.3	-5.28	0.949
path	6	1.826	0.503	0.998	0.394	AT2G42590	1.81	2.0	0.19	-1.45	0.949
path	6	1.826	0.503	1.839	0.348	AT4G11660	6.47	7.0	0.53	-3.2	0.949
path	6	1.826	0.503	1.839	0.348	AT4G37180	6.18	7.0	0.82	-3.2	0.949
path	6	1.826	0.503	1.839	0.348	AT5G52660	6.22	7.0	0.78	-3.2	0.949
path	6	1.826	0.503	1.839	0.348	AT5G67190	9.94	11.0	1.06	-3.87	0.949
path	6	1.826	0.503	1.839	0.348	AT3G50700	1.72	2.0	0.28	-1.82	0.951
path	6	1.826	0.503	1.839	0.348	AT4G05100	1.59	2.0	0.41	-1.82	0.951
path	6	0.262	0.861	-1.562	0.794	AT1G54330	16.51	18.0	1.49	-5.06	0.952
path	6	0.262	0.861	1.481	0.633	AT5G23930	28.34	31.0	2.66	-5.73	0.952
path	6	1.826	0.503	1.839	0.348	AT1G78700	6.92	8.0	1.08	-3.47	0.952
path	6	1.826	0.503	1.839	0.348	AT3G47500	7.15	8.0	0.85	-3.47	0.952
path	6	0.262	0.861	-1.562	0.794	AT1G29860	13.85	16.0	2.15	-4.84	0.953
path	6	0.262	0.861	-1.562	0.794	AT3G08500	12.76	14.0	1.24	-4.63	0.954
path	6	1.826	0.503	0.998	0.394	AT3G24520	12.86	14.0	1.14	-3.83	0.954
path	6	0.262	0.861	-1.562	0.794	AT5G67450	3.68	4.0	0.32	-2.65	0.956
path	6	0.262	0.861	1.481	0.633	AT5G17300	32.45	35.0	2.55	-6.18	0.956
path	6	1.826	0.503	1.839	0.348	AT5G11260	7.76	9.0	1.24	-3.75	0.956
path	6	1.826	0.503	1.839	0.348	AT5G16820	8.22	9.0	0.78	-3.75	0.956
path	6	0.262	0.861	-1.562	0.794	AT3G10480	17.4	19.0	1.6	-5.39	0.957
path	6	1.826	0.503	1.839	0.348	AT2G36270	11.62	13.0	1.38	-4.42	0.958
path	6	1.826	0.503	1.839	0.348	AT5G64750	11.86	13.0	1.14	-4.42	0.958
path	6	0.262	0.861	-1.562	0.794	AT1G13260	5.37	6.0	0.63	-3.31	0.959
path	6	0.262	0.861	-1.562	0.794	AT4G22070	8.51	10.0	1.49	-4.19	0.96
path	6	0.262	0.861	-1.562	0.794	AT5G14340	1.87	2.0	0.13	-1.99	0.96
path	6	0.262	0.861	1.481	0.633	AT5G62940	21.9	24.0	2.1	-5.5	0.961
path	6	0.262	0.861	1.481	0.633	AT5G08750	0.63	1.0	0.37	-1.23	0.962
path	6	0.262	0.861	1.481	0.633	AT5G65130	11.72	13.0	1.28	-4.25	0.962
path	6	1.826	0.503	1.839	0.348	AT1G32150	9.64	11.0	1.36	-4.3	0.962
path	6	1.826	0.503	1.839	0.348	AT3G01530	5.19	6.0	0.81	-3.35	0.962
path	6	1.826	0.503	1.839	0.348	AT4G27950	3.48	4.0	0.52	-2.8	0.962
path	6	0.262	0.861	-1.562	0.794	AT5G04410	16.4	18.0	1.6	-5.5	0.963
path	6	0.262	0.861	1.481	0.633	AT2G31230	26.58	29.0	2.42	-6.06	0.963
path	6	0.262	0.861	1.481	0.633	AT5G07680	4.59	5.0	0.41	-2.79	0.964
path	6	1.826	0.503	1.839	0.348	AT1G51700	6.3	7.0	0.7	-3.62	0.964
path	6	1.826	0.503	1.839	0.348	AT2G44840	6.07	7.0	0.93	-3.62	0.964
path	6	1.826	0.503	1.839	0.348	AT3G09600	6.07	7.0	0.93	-3.62	0.964
path	6	1.826	0.503	1.839	0.348	AT3G10800	2.38	3.0	0.62	-2.52	0.964
path	6	1.826	0.503	1.839	0.348	AT3G22830	6.32	7.0	0.68	-3.62	0.964
path	6	1.826	0.503	1.839	0.348	AT3G57920	6.33	7.0	0.67	-3.62	0.964
path	6	0.262	0.861	1.481	0.633	AT1G28160	29.29	32.0	2.71	-6.4	0.965
path	6	0.262	0.861	1.481	0.633	AT3G50260	40.6	44.0	3.4	-7.2	0.965
path	6	0.262	0.861	-1.562	0.794	AT1G34670	23.41	25.0	1.59	-6.49	0.966
path	6	0.262	0.861	1.481	0.633	AT1G01060	31.73	34.0	2.27	-6.63	0.966
path	6	1.826	0.503	1.839	0.348	AT1G65620	0.86	1.0	0.14	-1.55	0.966
path	6	1.826	0.503	1.839	0.348	AT3G28910	0.7	1.0	0.3	-1.55	0.966
path	6	1.826	0.503	1.839	0.348	AT5G08750	0.85	1.0	0.15	-1.55	0.966
path	6	0.262	0.861	1.481	0.633	AT1G28370	31.91	35.0	3.09	-6.74	0.967
path	6	1.826	0.503	0.998	0.394	AT1G44830	2.53	3.0	0.47	-2.18	0.967
path	6	1.826	0.503	0.998	0.394	AT2G28920	2.62	3.0	0.38	-2.18	0.967
path	6	0.262	0.861	-1.562	0.794	AT1G52150	15.86	17.0	1.14	-5.62	0.968
path	6	1.826	0.503	1.839	0.348	AT2G45410	8.08	9.0	0.92	-4.17	0.968
path	6	1.826	0.503	0.998	0.394	AT1G14687	8.87	10.0	1.13	-3.8	0.969
path	6	1.826	0.503	0.998	0.394	AT1G75080	0.71	1.0	0.29	-1.3	0.969
path	6	1.826	0.503	0.998	0.394	AT3G45150	0.79	1.0	0.21	-1.3	0.969
path	6	0.262	0.861	1.481	0.633	AT1G34370	3.51	4.0	0.49	-2.68	0.97
path	6	0.262	0.861	-1.562	0.794	AT1G18570	3.71	4.0	0.29	-3.1	0.971
path	6	0.262	0.861	-1.562	0.794	AT1G68320	18.62	20.0	1.38	-6.16	0.971
path	6	0.262	0.861	-1.562	0.794	AT1G69780	16.61	18.0	1.39	-5.95	0.971
path	6	0.262	0.861	-1.562	0.794	AT3G20840	0.84	1.0	0.16	-1.66	0.971
path	6	0.262	0.861	-1.562	0.794	AT1G73730	2.86	3.0	0.14	-2.76	0.972
path	6	0.262	0.861	1.481	0.633	AT5G18560	17.49	19.0	1.51	-5.49	0.972
path	6	0.262	0.861	1.481	0.633	AT2G33710	27.27	30.0	2.73	-6.73	0.973
path	6	0.262	0.861	-1.562	0.794	AT1G29280	18.71	21.0	2.29	-6.49	0.974
path	6	0.262	0.861	-1.562	0.794	AT5G03790	19.27	21.0	1.73	-6.49	0.974
path	6	1.826	0.503	1.839	0.348	AT1G72740	4.41	5.0	0.59	-3.5	0.974
path	6	1.826	0.503	1.839	0.348	AT3G10580	5.13	6.0	0.87	-3.77	0.974
path	6	1.826	0.503	1.839	0.348	AT5G56840	3.87	5.0	1.13	-3.5	0.974
path	6	1.826	0.503	1.839	0.348	AT1G75490	3.43	4.0	0.57	-3.22	0.975
path	6	1.826	0.503	1.839	0.348	AT5G18450	3.4	4.0	0.6	-3.22	0.975
path	6	1.826	0.503	0.998	0.394	AT2G06200	4.47	5.0	0.53	-3.05	0.976
path	6	1.826	0.503	1.839	0.348	AT3G21890	7.18	8.0	0.82	-4.32	0.976
path	6	0.262	0.861	-1.562	0.794	AT4G25470	20.09	22.0	1.91	-6.82	0.977
path	6	0.262	0.861	1.481	0.633	AT5G13790	10.27	11.0	0.73	-4.58	0.977
path	6	1.826	0.503	1.839	0.348	AT1G68550	7.83	9.0	1.17	-4.6	0.977
path	6	1.826	0.503	1.839	0.348	AT2G24430	8.05	9.0	0.95	-4.6	0.977
path	6	0.262	0.861	1.481	0.633	AT1G14687	23.88	26.0	2.12	-6.84	0.98
path	6	0.262	0.861	1.481	0.633	AT2G28920	8.29	9.0	0.71	-4.36	0.98
path	6	0.262	0.861	1.481	0.633	AT4G14770	17.55	20.0	2.45	-6.16	0.98
path	6	1.826	0.503	1.839	0.348	AT5G15830	9.66	11.0	1.34	-5.15	0.98
path	6	0.262	0.861	1.481	0.633	AT1G69570	26.49	29.0	2.51	-7.18	0.981
path	6	0.262	0.861	1.481	0.633	AT1G74480	17.01	19.0	1.99	-6.04	0.981
path	6	1.826	0.503	1.839	0.348	AT5G63090	1.62	2.0	0.38	-2.67	0.981
path	6	0.262	0.861	1.481	0.633	AT1G03800	32.81	36.0	3.19	-7.97	0.982
path	6	0.262	0.861	1.481	0.633	AT5G44210	13.65	15.0	1.35	-5.59	0.982
path	6	1.826	0.503	1.839	0.348	AT1G74650	5.16	6.0	0.84	-4.2	0.982
path	6	1.826	0.503	1.839	0.348	AT2G15740	4.16	5.0	0.84	-3.92	0.982
path	6	1.826	0.503	1.839	0.348	AT3G11440	4.08	5.0	0.92	-3.92	0.982
path	6	1.826	0.503	1.839	0.348	AT3G12720	4.32	5.0	0.68	-3.92	0.982
path	6	1.826	0.503	1.839	0.348	AT5G06100	5.12	6.0	0.88	-4.2	0.982
path	6	1.826	0.503	1.839	0.348	AT5G09410	4.09	5.0	0.91	-3.92	0.982
path	6	1.826	0.503	1.839	0.348	AT5G56110	4.95	6.0	1.05	-4.2	0.982
path	6	0.262	0.861	1.481	0.633	AT5G25390	0.78	1.0	0.22	-1.78	0.983
path	6	1.826	0.503	1.839	0.348	AT3G20310	11.63	13.0	1.37	-5.7	0.983
path	6	1.826	0.503	1.839	0.348	AT3G50260	11.66	13.0	1.34	-5.7	0.983
path	6	0.262	0.861	-1.562	0.794	AT3G51080	0.79	1.0	0.21	-2.1	0.984
path	6	1.826	0.503	1.839	0.348	AT1G28370	12.78	14.0	1.22	-5.97	0.985
path	6	1.826	0.503	1.839	0.348	AT4G01550	9.28	10.0	0.72	-5.3	0.985
path	6	1.826	0.503	1.839	0.348	AT5G17800	2.29	3.0	0.71	-3.37	0.985
path	6	0.262	0.861	1.481	0.633	AT3G10113	24.19	26.0	1.81	-7.39	0.986
path	6	0.262	0.861	1.481	0.633	AT5G29000	26.17	28.0	1.83	-7.62	0.986
path	6	0.262	0.861	1.481	0.633	AT5G52660	26.01	28.0	1.99	-7.62	0.986
path	6	1.826	0.503	1.839	0.348	AT4G31060	9.94	11.0	1.06	-5.57	0.986
path	6	0.262	0.861	1.481	0.633	AT2G18380	15.01	17.0	1.99	-6.37	0.987
path	6	1.826	0.503	0.998	0.394	AT5G39820	0.72	1.0	0.28	-1.88	0.987
path	6	1.826	0.503	1.839	0.348	AT1G53170	16.45	18.0	1.55	-6.64	0.987
path	6	0.262	0.861	-1.562	0.794	AT1G06180	7.19	8.0	0.81	-5.3	0.988
path	6	0.262	0.861	1.481	0.633	AT1G69690	4.41	5.0	0.59	-3.9	0.988
path	6	0.262	0.861	1.481	0.633	AT3G09600	35.64	38.0	2.36	-8.75	0.988
path	6	0.262	0.861	1.481	0.633	AT5G18450	14.47	16.0	1.53	-6.26	0.988
path	6	1.826	0.503	1.839	0.348	AT5G23930	5.95	7.0	1.05	-4.9	0.988
path	6	1.826	0.503	1.839	0.348	AT5G62940	7.17	8.0	0.83	-5.17	0.988
path	6	0.262	0.861	1.481	0.633	AT5G09410	11.69	14.0	2.31	-6.04	0.989
path	6	1.826	0.503	1.839	0.348	AT3G12130	3.44	4.0	0.56	-4.07	0.989
path	6	1.826	0.503	1.839	0.348	AT3G24050	1.65	2.0	0.35	-3.1	0.989
path	6	1.826	0.503	1.839	0.348	AT4G38000	7.91	9.0	1.09	-5.45	0.989
path	6	1.826	0.503	1.839	0.348	AT4G38170	9.0	10.0	1.0	-5.72	0.989
path	6	0.262	0.861	1.481	0.633	AT1G01720	27.52	30.0	2.48	-8.4	0.99
path	6	0.262	0.861	-1.562	0.794	AT3G02940	23.14	25.0	1.86	-8.7	0.991
path	6	0.262	0.861	-1.562	0.794	AT3G12820	5.5	6.0	0.5	-5.09	0.991
path	6	0.262	0.861	-1.562	0.794	AT3G30210	6.42	7.0	0.58	-5.42	0.991
path	6	1.826	0.503	1.839	0.348	AT1G12610	2.49	3.0	0.51	-3.8	0.991
path	6	1.826	0.503	1.839	0.348	AT2G23290	2.09	3.0	0.91	-3.8	0.991
path	6	1.826	0.503	1.839	0.348	AT3G23240	2.38	3.0	0.62	-3.8	0.991
path	6	1.826	0.503	1.839	0.348	AT4G37260	2.1	3.0	0.9	-3.8	0.991
path	6	0.262	0.861	-1.562	0.794	AT1G16490	14.53	16.0	1.47	-7.5	0.992
path	6	0.262	0.861	-1.562	0.794	AT3G01220	17.57	19.0	1.43	-8.05	0.992
path	6	0.262	0.861	1.481	0.633	AT1G71450	42.22	46.0	3.78	-10.21	0.992
path	6	1.826	0.503	1.839	0.348	AT2G02070	4.36	5.0	0.64	-4.77	0.992
path	6	1.826	0.503	1.839	0.348	AT2G46590	6.99	8.0	1.01	-5.6	0.992
path	6	1.826	0.503	1.839	0.348	AT4G01540	15.82	17.0	1.18	-7.22	0.992
path	6	1.826	0.503	1.839	0.348	AT5G63260	5.06	6.0	0.94	-5.05	0.992
path	6	0.262	0.861	-1.562	0.794	AT3G01470	2.57	3.0	0.43	-4.1	0.993
path	6	0.262	0.861	-1.562	0.794	AT4G36740	18.37	20.0	1.63	-8.38	0.993
path	6	0.262	0.861	1.481	0.633	AT1G69490	27.74	30.0	2.26	-8.96	0.993
path	6	0.262	0.861	1.481	0.633	AT3G02990	0.74	1.0	0.26	-2.34	0.993
path	6	0.262	0.861	1.481	0.633	AT4G24020	0.74	1.0	0.26	-2.34	0.993
path	6	1.826	0.503	1.839	0.348	AT2G28810	9.04	10.0	0.96	-6.15	0.993
path	6	1.826	0.503	1.839	0.348	AT5G18560	1.4	2.0	0.6	-3.52	0.993
path	6	0.262	0.861	-1.562	0.794	AT1G70920	10.89	12.0	1.11	-7.07	0.994
path	6	0.262	0.861	-1.562	0.794	AT5G56110	26.88	29.0	2.12	-10.02	0.994
path	6	0.262	0.861	1.481	0.633	AT2G01930	17.77	20.0	2.23	-7.83	0.994
path	6	1.826	0.503	1.839	0.348	AT5G03150	0.68	1.0	0.32	-2.82	0.994
path	6	0.262	0.861	-1.562	0.794	AT3G25990	3.38	4.0	0.62	-4.87	0.995
path	6	0.262	0.861	-1.562	0.794	AT3G61250	3.59	4.0	0.41	-4.87	0.995
path	6	0.262	0.861	1.481	0.633	AT3G10580	33.79	36.0	2.21	-10.19	0.995
path	6	0.262	0.861	1.481	0.633	AT3G27010	3.46	4.0	0.54	-4.35	0.995
path	6	1.826	0.503	1.839	0.348	AT1G03800	9.74	11.0	1.26	-6.85	0.995
path	6	1.826	0.503	1.839	0.348	AT1G28160	6.93	8.0	1.07	-6.02	0.995
path	6	1.826	0.503	1.839	0.348	AT1G50640	5.99	7.0	1.01	-5.75	0.995
path	6	1.826	0.503	1.839	0.348	AT1G64620	4.98	6.0	1.02	-5.47	0.995
path	6	1.826	0.503	1.839	0.348	AT3G15210	13.5	15.0	1.5	-7.52	0.995
path	6	1.826	0.503	1.839	0.348	AT3G50410	4.31	5.0	0.69	-5.2	0.995
path	6	1.826	0.503	1.839	0.348	AT3G55370	8.84	10.0	1.16	-6.57	0.995
path	6	0.262	0.861	1.481	0.633	AT1G31140	18.33	20.0	1.67	-8.38	0.996
path	6	0.262	0.861	1.481	0.633	AT3G20310	34.54	38.0	3.46	-10.42	0.996
path	6	1.826	0.503	1.839	0.348	AT1G31140	3.34	4.0	0.66	-4.92	0.996
path	6	1.826	0.503	1.839	0.348	AT1G69570	7.01	8.0	0.99	-6.45	0.996
path	6	1.826	0.503	1.839	0.348	AT5G44210	1.47	2.0	0.53	-3.95	0.996
path	6	1.826	0.503	1.839	0.348	AT5G66940	7.05	8.0	0.95	-6.45	0.996
path	6	0.262	0.861	1.481	0.633	AT1G65620	0.65	1.0	0.35	-2.9	0.997
path	6	0.262	0.861	1.481	0.633	AT2G20400	22.26	24.0	1.74	-9.39	0.997
path	6	0.262	0.861	1.481	0.633	AT3G47500	17.84	20.0	2.16	-8.94	0.997
path	6	0.262	0.861	1.481	0.633	AT5G06960	15.59	17.0	1.41	-8.04	0.997
path	6	1.826	0.503	0.998	0.394	AT4G29230	23.77	25.0	1.23	-8.36	0.997
path	6	1.826	0.503	1.839	0.348	AT2G42430	4.18	5.0	0.82	-5.62	0.997
path	6	1.826	0.503	1.839	0.348	AT3G50060	2.11	3.0	0.89	-4.65	0.997
path	6	0.262	0.861	-1.562	0.794	AT1G79180	6.22	7.0	0.78	-7.19	0.998
path	6	0.262	0.861	-1.562	0.794	AT5G62320	10.78	12.0	1.22	-8.4	0.998
path	6	0.262	0.861	1.481	0.633	AT2G15740	16.86	19.0	2.14	-8.83	0.998
path	6	0.262	0.861	1.481	0.633	AT2G45650	1.72	2.0	0.28	-4.12	0.998
path	6	0.262	0.861	1.481	0.633	AT5G63090	6.04	7.0	0.96	-6.36	0.998
path	6	1.826	0.503	1.839	0.348	AT2G33710	6.92	8.0	1.08	-6.87	0.998
path	6	1.826	0.503	1.839	0.348	AT3G45610	4.03	5.0	0.97	-6.05	0.998
path	6	1.826	0.503	1.839	0.348	AT3G52440	6.96	8.0	1.04	-6.87	0.998
path	6	1.826	0.503	1.839	0.348	AT5G67580	3.41	4.0	0.59	-5.77	0.998
path	6	0.262	0.861	-1.562	0.794	AT5G54230	20.25	22.0	1.75	-12.15	0.999
path	6	0.262	0.861	1.481	0.633	AT1G52880	26.64	29.0	2.36	-11.63	0.999
path	6	0.262	0.861	1.481	0.633	AT1G53170	34.07	38.0	3.93	-12.65	0.999
path	6	0.262	0.861	1.481	0.633	AT3G15210	33.2	37.0	3.8	-11.98	0.999
path	6	1.826	0.503	0.998	0.394	AT4G28500	15.84	17.0	1.16	-8.3	0.999
path	6	1.826	0.503	1.839	0.348	AT2G32460	0.28	1.0	0.72	-4.52	0.999
path	6	1.826	0.503	1.839	0.348	AT2G42200	4.13	5.0	0.87	-6.9	0.999
path	6	0.262	0.861	-1.562	0.794	AT1G01250	-0.26	0.0	0.26	-2.66	1.0
path	6	0.262	0.861	-1.562	0.794	AT1G17950	-0.02	0.0	0.02	0.0	1.0
path	6	0.262	0.861	-1.562	0.794	AT1G19040	-0.3	0.0	0.3	-1.77	1.0
path	6	0.262	0.861	-1.562	0.794	AT1G30210	-0.03	0.0	0.03	0.0	1.0
path	6	0.262	0.861	-1.562	0.794	AT1G47870	-0.01	0.0	0.01	0.0	1.0
path	6	0.262	0.861	-1.562	0.794	AT1G60920	-0.02	0.0	0.02	0.0	1.0
path	6	0.262	0.861	-1.562	0.794	AT1G66420	-0.01	0.0	0.01	-0.44	1.0
path	6	0.262	0.861	-1.562	0.794	AT1G67260	0.0	0.0	0.0	0.0	1.0
path	6	0.262	0.861	-1.562	0.794	AT1G70910	-0.01	0.0	0.01	0.0	1.0
path	6	0.262	0.861	-1.562	0.794	AT1G80840	-0.36	0.0	0.36	-0.89	1.0
path	6	0.262	0.861	-1.562	0.794	AT2G31460	-0.05	0.0	0.05	0.0	1.0
path	6	0.262	0.861	-1.562	0.794	AT2G39900	-0.04	0.0	0.04	0.0	1.0
path	6	0.262	0.861	-1.562	0.794	AT2G48100	-0.02	0.0	0.02	-0.44	1.0
path	6	0.262	0.861	-1.562	0.794	AT3G03660	-0.08	0.0	0.08	-0.44	1.0
path	6	0.262	0.861	-1.562	0.794	AT3G07220	-0.08	0.0	0.08	0.0	1.0
path	6	0.262	0.861	-1.562	0.794	AT3G09230	-0.05	0.0	0.05	-0.44	1.0
path	6	0.262	0.861	-1.562	0.794	AT3G12910	-0.06	0.0	0.06	-0.44	1.0
path	6	0.262	0.861	-1.562	0.794	AT3G49930	-0.02	0.0	0.02	-0.44	1.0
path	6	0.262	0.861	-1.562	0.794	AT4G12670	-0.01	0.0	0.01	-0.44	1.0
path	6	0.262	0.861	-1.562	0.794	AT4G17460	-0.08	0.0	0.08	-1.77	1.0
path	6	0.262	0.861	-1.562	0.794	AT4G24240	-0.03	0.0	0.03	0.0	1.0
path	6	0.262	0.861	-1.562	0.794	AT4G26030	10.62	12.0	1.38	-11.5	1.0
path	6	0.262	0.861	-1.562	0.794	AT4G27900	-0.14	0.0	0.14	-1.33	1.0
path	6	0.262	0.861	-1.562	0.794	AT5G18090	-0.07	0.0	0.07	-0.44	1.0
path	6	0.262	0.861	-1.562	0.794	AT5G25475	-0.04	0.0	0.04	-0.89	1.0
path	6	0.262	0.861	-1.562	0.794	AT5G38800	-0.01	0.0	0.01	0.0	1.0
path	6	0.262	0.861	-1.562	0.794	AT5G38860	-0.05	0.0	0.05	-0.44	1.0
path	6	0.262	0.861	-1.562	0.794	AT5G42820	-0.04	0.0	0.04	-0.44	1.0
path	6	0.262	0.861	-1.562	0.794	AT5G48670	-0.02	0.0	0.02	-0.89	1.0
path	6	0.262	0.861	-1.562	0.794	AT5G49300	-0.03	0.0	0.03	0.0	1.0
path	6	0.262	0.861	-1.562	0.794	AT5G56930	-0.05	0.0	0.05	-0.89	1.0
path	6	0.262	0.861	-1.562	0.794	AT5G58620	0.0	0.0	0.0	0.0	1.0
path	6	0.262	0.861	-1.562	0.794	AT5G62165	-0.05	0.0	0.05	-0.44	1.0
path	6	0.262	0.861	1.481	0.633	AT1G08320	27.1	30.0	2.9	-18.98	1.0
path	6	0.262	0.861	1.481	0.633	AT1G10720	-0.1	0.0	0.1	-0.56	1.0
path	6	0.262	0.861	1.481	0.633	AT1G17950	-0.03	0.0	0.03	0.0	1.0
path	6	0.262	0.861	1.481	0.633	AT1G18960	-0.03	0.0	0.03	-0.56	1.0
path	6	0.262	0.861	1.481	0.633	AT1G19000	16.31	19.0	2.69	-31.65	1.0
path	6	0.262	0.861	1.481	0.633	AT1G30210	-0.04	0.0	0.04	0.0	1.0
path	6	0.262	0.861	1.481	0.633	AT1G32150	27.56	31.0	3.44	-27.99	1.0
path	6	0.262	0.861	1.481	0.633	AT1G32510	-0.05	0.0	0.05	-0.56	1.0
path	6	0.262	0.861	1.481	0.633	AT1G45249	13.97	16.0	2.03	-19.06	1.0
path	6	0.262	0.861	1.481	0.633	AT1G46264	-0.08	0.0	0.08	-1.11	1.0
path	6	0.262	0.861	1.481	0.633	AT1G47870	-0.01	0.0	0.01	0.0	1.0
path	6	0.262	0.861	1.481	0.633	AT1G49010	19.47	22.0	2.53	-27.53	1.0
path	6	0.262	0.861	1.481	0.633	AT1G60920	-0.03	0.0	0.03	0.0	1.0
path	6	0.262	0.861	1.481	0.633	AT1G63040	-0.03	0.0	0.03	-0.56	1.0
path	6	0.262	0.861	1.481	0.633	AT1G67260	0.0	0.0	0.0	0.0	1.0
path	6	0.262	0.861	1.481	0.633	AT1G70910	-0.01	0.0	0.01	0.0	1.0
path	6	0.262	0.861	1.481	0.633	AT1G74370	-0.04	0.0	0.04	-0.56	1.0
path	6	0.262	0.861	1.481	0.633	AT1G74840	17.84	20.0	2.16	-26.75	1.0
path	6	0.262	0.861	1.481	0.633	AT1G75390	2.27	3.0	0.73	-10.91	1.0
path	6	0.262	0.861	1.481	0.633	AT2G04038	19.91	23.0	3.09	-35.44	1.0
path	6	0.262	0.861	1.481	0.633	AT2G17410	-0.28	0.0	0.28	-3.34	1.0
path	6	0.262	0.861	1.481	0.633	AT2G18160	19.88	23.0	3.12	-33.21	1.0
path	6	0.262	0.861	1.481	0.633	AT2G21900	-0.19	0.0	0.19	-1.67	1.0
path	6	0.262	0.861	1.481	0.633	AT2G31460	-0.06	0.0	0.06	0.0	1.0
path	6	0.262	0.861	1.481	0.633	AT2G35530	30.5	34.0	3.5	-27.78	1.0
path	6	0.262	0.861	1.481	0.633	AT2G36270	28.51	32.0	3.49	-24.77	1.0
path	6	0.262	0.861	1.481	0.633	AT2G38090	-0.05	0.0	0.05	-1.67	1.0
path	6	0.262	0.861	1.481	0.633	AT2G39900	-0.05	0.0	0.05	0.0	1.0
path	6	0.262	0.861	1.481	0.633	AT3G02150	-0.13	0.0	0.13	-0.56	1.0
path	6	0.262	0.861	1.481	0.633	AT3G04070	0.53	1.0	0.47	-5.12	1.0
path	6	0.262	0.861	1.481	0.633	AT3G07220	-0.1	0.0	0.1	0.0	1.0
path	6	0.262	0.861	1.481	0.633	AT3G10800	8.43	10.0	1.57	-17.27	1.0
path	6	0.262	0.861	1.481	0.633	AT3G11280	7.99	9.0	1.01	-12.71	1.0
path	6	0.262	0.861	1.481	0.633	AT3G12250	30.96	34.0	3.04	-17.76	1.0
path	6	0.262	0.861	1.481	0.633	AT3G13040	-0.09	0.0	0.09	-0.56	1.0
path	6	0.262	0.861	1.481	0.633	AT3G22780	-0.09	0.0	0.09	-1.11	1.0
path	6	0.262	0.861	1.481	0.633	AT3G30530	-0.21	0.0	0.21	-4.45	1.0
path	6	0.262	0.861	1.481	0.633	AT3G46070	-0.08	0.0	0.08	-0.56	1.0
path	6	0.262	0.861	1.481	0.633	AT3G47620	-0.03	0.0	0.03	-0.56	1.0
path	6	0.262	0.861	1.481	0.633	AT3G56850	31.51	35.0	3.49	-23.99	1.0
path	6	0.262	0.861	1.481	0.633	AT3G62420	27.46	31.0	3.54	-31.89	1.0
path	6	0.262	0.861	1.481	0.633	AT4G00250	9.02	11.0	1.98	-22.95	1.0
path	6	0.262	0.861	1.481	0.633	AT4G24240	-0.04	0.0	0.04	0.0	1.0
path	6	0.262	0.861	1.481	0.633	AT4G34590	3.99	5.0	1.01	-13.37	1.0
path	6	0.262	0.861	1.481	0.633	AT5G05550	27.19	31.0	3.81	-16.86	1.0
path	6	0.262	0.861	1.481	0.633	AT5G05790	13.63	15.0	1.37	-12.27	1.0
path	6	0.262	0.861	1.481	0.633	AT5G06839	23.49	26.0	2.51	-19.08	1.0
path	6	0.262	0.861	1.481	0.633	AT5G08070	-0.08	0.0	0.08	-0.56	1.0
path	6	0.262	0.861	1.481	0.633	AT5G08520	21.2	24.0	2.8	-30.54	1.0
path	6	0.262	0.861	1.481	0.633	AT5G10030	33.95	37.0	3.05	-16.43	1.0
path	6	0.262	0.861	1.481	0.633	AT5G11260	30.86	34.0	3.14	-19.98	1.0
path	6	0.262	0.861	1.481	0.633	AT5G15830	23.6	27.0	3.4	-31.44	1.0
path	6	0.262	0.861	1.481	0.633	AT5G22890	-0.06	0.0	0.06	-1.67	1.0
path	6	0.262	0.861	1.481	0.633	AT5G22990	25.9	29.0	3.1	-12.74	1.0
path	6	0.262	0.861	1.481	0.633	AT5G25190	31.54	35.0	3.46	-14.53	1.0
path	6	0.262	0.861	1.481	0.633	AT5G38800	-0.01	0.0	0.01	0.0	1.0
path	6	0.262	0.861	1.481	0.633	AT5G42520	-0.09	0.0	0.09	-0.56	1.0
path	6	0.262	0.861	1.481	0.633	AT5G47390	16.64	19.0	2.36	-28.31	1.0
path	6	0.262	0.861	1.481	0.633	AT5G49300	-0.04	0.0	0.04	0.0	1.0
path	6	0.262	0.861	1.481	0.633	AT5G56840	31.14	34.0	2.86	-24.99	1.0
path	6	0.262	0.861	1.481	0.633	AT5G58620	0.0	0.0	0.0	0.0	1.0
path	6	0.262	0.861	1.481	0.633	AT5G58900	15.83	18.0	2.17	-25.41	1.0
path	6	0.262	0.861	1.481	0.633	AT5G61620	27.2	30.0	2.8	-25.65	1.0
path	6	0.262	0.861	1.481	0.633	AT5G65210	24.5	27.0	2.5	-18.08	1.0
path	6	1.826	0.503	0.998	0.394	AT1G10720	-0.05	0.0	0.05	-1.15	1.0
path	6	1.826	0.503	0.998	0.394	AT1G17950	-0.01	0.0	0.01	0.0	1.0
path	6	1.826	0.503	0.998	0.394	AT1G18570	-0.19	0.0	0.19	0.0	1.0
path	6	1.826	0.503	0.998	0.394	AT1G18960	-0.01	0.0	0.01	0.0	1.0
path	6	1.826	0.503	0.998	0.394	AT1G23810	-0.08	0.0	0.08	-0.58	1.0
path	6	1.826	0.503	0.998	0.394	AT1G30210	-0.02	0.0	0.02	0.0	1.0
path	6	1.826	0.503	0.998	0.394	AT1G32240	-0.23	0.0	0.23	-0.58	1.0
path	6	1.826	0.503	0.998	0.394	AT1G32510	-0.03	0.0	0.03	-0.58	1.0
path	6	1.826	0.503	0.998	0.394	AT1G46264	-0.04	0.0	0.04	-0.58	1.0
path	6	1.826	0.503	0.998	0.394	AT1G60920	-0.01	0.0	0.01	-0.58	1.0
path	6	1.826	0.503	0.998	0.394	AT1G63040	-0.01	0.0	0.01	0.0	1.0
path	6	1.826	0.503	0.998	0.394	AT1G66420	-0.01	0.0	0.01	0.0	1.0
path	6	1.826	0.503	0.998	0.394	AT1G67260	0.0	0.0	0.0	0.0	1.0
path	6	1.826	0.503	0.998	0.394	AT1G70910	-0.01	0.0	0.01	0.0	1.0
path	6	1.826	0.503	0.998	0.394	AT1G74370	-0.02	0.0	0.02	0.0	1.0
path	6	1.826	0.503	0.998	0.394	AT1G76870	-0.05	0.0	0.05	0.0	1.0
path	6	1.826	0.503	0.998	0.394	AT1G76880	-0.07	0.0	0.07	0.0	1.0
path	6	1.826	0.503	0.998	0.394	AT2G17900	-0.05	0.0	0.05	0.0	1.0
path	6	1.826	0.503	0.998	0.394	AT2G31460	-0.03	0.0	0.03	0.0	1.0
path	6	1.826	0.503	0.998	0.394	AT2G38090	-0.03	0.0	0.03	0.0	1.0
path	6	1.826	0.503	0.998	0.394	AT2G39900	-0.03	0.0	0.03	0.0	1.0
path	6	1.826	0.503	0.998	0.394	AT2G48100	-0.01	0.0	0.01	0.0	1.0
path	6	1.826	0.503	0.998	0.394	AT3G12910	-0.04	0.0	0.04	-1.15	1.0
path	6	1.826	0.503	0.998	0.394	AT3G13040	-0.05	0.0	0.05	0.0	1.0
path	6	1.826	0.503	0.998	0.394	AT3G22780	-0.05	0.0	0.05	-0.58	1.0
path	6	1.826	0.503	0.998	0.394	AT3G47620	-0.01	0.0	0.01	0.0	1.0
path	6	1.826	0.503	0.998	0.394	AT3G49930	-0.01	0.0	0.01	-0.58	1.0
path	6	1.826	0.503	0.998	0.394	AT3G51470	-0.1	0.0	0.1	0.0	1.0
path	6	1.826	0.503	0.998	0.394	AT3G61120	-0.07	0.0	0.07	0.0	1.0
path	6	1.826	0.503	0.998	0.394	AT4G12670	-0.01	0.0	0.01	0.0	1.0
path	6	1.826	0.503	0.998	0.394	AT4G14410	-0.03	0.0	0.03	0.0	1.0
path	6	1.826	0.503	0.998	0.394	AT4G17460	-0.05	0.0	0.05	-0.58	1.0
path	6	1.826	0.503	0.998	0.394	AT4G30080	-0.05	0.0	0.05	0.0	1.0
path	6	1.826	0.503	0.998	0.394	AT4G38910	-0.04	0.0	0.04	-0.58	1.0
path	6	1.826	0.503	0.998	0.394	AT5G14340	-0.09	0.0	0.09	0.0	1.0
path	6	1.826	0.503	0.998	0.394	AT5G16600	-0.03	0.0	0.03	0.0	1.0
path	6	1.826	0.503	0.998	0.394	AT5G22890	-0.03	0.0	0.03	0.0	1.0
path	6	1.826	0.503	0.998	0.394	AT5G25475	-0.03	0.0	0.03	0.0	1.0
path	6	1.826	0.503	0.998	0.394	AT5G38800	-0.01	0.0	0.01	0.0	1.0
path	6	1.826	0.503	0.998	0.394	AT5G38860	-0.03	0.0	0.03	-0.58	1.0
path	6	1.826	0.503	0.998	0.394	AT5G42520	-0.05	0.0	0.05	-0.58	1.0
path	6	1.826	0.503	0.998	0.394	AT5G42820	-0.03	0.0	0.03	0.0	1.0
path	6	1.826	0.503	0.998	0.394	AT5G48670	-0.01	0.0	0.01	0.0	1.0
path	6	1.826	0.503	0.998	0.394	AT5G56930	-0.03	0.0	0.03	-0.58	1.0
path	6	1.826	0.503	0.998	0.394	AT5G58620	0.0	0.0	0.0	0.0	1.0
path	6	1.826	0.503	1.839	0.348	AT1G04880	-0.33	0.0	0.33	-1.7	1.0
path	6	1.826	0.503	1.839	0.348	AT1G13300	-0.11	0.0	0.11	-0.85	1.0
path	6	1.826	0.503	1.839	0.348	AT1G17950	-0.01	0.0	0.01	0.0	1.0
path	6	1.826	0.503	1.839	0.348	AT1G18570	-0.14	0.0	0.14	0.0	1.0
path	6	1.826	0.503	1.839	0.348	AT1G18960	-0.01	0.0	0.01	0.0	1.0
path	6	1.826	0.503	1.839	0.348	AT1G27360	-0.05	0.0	0.05	-0.85	1.0
path	6	1.826	0.503	1.839	0.348	AT1G30210	-0.02	0.0	0.02	0.0	1.0
path	6	1.826	0.503	1.839	0.348	AT1G47870	-0.01	0.0	0.01	-0.42	1.0
path	6	1.826	0.503	1.839	0.348	AT1G51600	-0.07	0.0	0.07	-1.27	1.0
path	6	1.826	0.503	1.839	0.348	AT1G53230	-0.16	0.0	0.16	-1.7	1.0
path	6	1.826	0.503	1.839	0.348	AT1G63040	-0.01	0.0	0.01	0.0	1.0
path	6	1.826	0.503	1.839	0.348	AT1G66370	-0.18	0.0	0.18	-1.27	1.0
path	6	1.826	0.503	1.839	0.348	AT1G66420	-0.01	0.0	0.01	0.0	1.0
path	6	1.826	0.503	1.839	0.348	AT1G67260	0.0	0.0	0.0	0.0	1.0
path	6	1.826	0.503	1.839	0.348	AT1G69560	-0.18	0.0	0.18	-1.27	1.0
path	6	1.826	0.503	1.839	0.348	AT1G70910	-0.01	0.0	0.01	0.0	1.0
path	6	1.826	0.503	1.839	0.348	AT1G72360	-0.09	0.0	0.09	-0.85	1.0
path	6	1.826	0.503	1.839	0.348	AT1G73730	-0.07	0.0	0.07	-0.42	1.0
path	6	1.826	0.503	1.839	0.348	AT1G74370	-0.02	0.0	0.02	0.0	1.0
path	6	1.826	0.503	1.839	0.348	AT1G76870	-0.04	0.0	0.04	0.0	1.0
path	6	1.826	0.503	1.839	0.348	AT1G76880	-0.05	0.0	0.05	0.0	1.0
path	6	1.826	0.503	1.839	0.348	AT2G17410	-0.11	0.0	0.11	-2.12	1.0
path	6	1.826	0.503	1.839	0.348	AT2G17900	-0.04	0.0	0.04	0.0	1.0
path	6	1.826	0.503	1.839	0.348	AT2G24570	-0.1	0.0	0.1	-1.27	1.0
path	6	1.826	0.503	1.839	0.348	AT2G31460	-0.03	0.0	0.03	0.0	1.0
path	6	1.826	0.503	1.839	0.348	AT2G33810	-0.15	0.0	0.15	-0.85	1.0
path	6	1.826	0.503	1.839	0.348	AT2G38090	-0.02	0.0	0.02	0.0	1.0
path	6	1.826	0.503	1.839	0.348	AT2G38300	-0.13	0.0	0.13	-1.27	1.0
path	6	1.826	0.503	1.839	0.348	AT2G38880	-0.02	0.0	0.02	-0.85	1.0
path	6	1.826	0.503	1.839	0.348	AT2G39900	-0.02	0.0	0.02	0.0	1.0
path	6	1.826	0.503	1.839	0.348	AT2G45680	-0.14	0.0	0.14	-0.42	1.0
path	6	1.826	0.503	1.839	0.348	AT2G46400	-0.04	0.0	0.04	-0.42	1.0
path	6	1.826	0.503	1.839	0.348	AT2G48100	-0.01	0.0	0.01	0.0	1.0
path	6	1.826	0.503	1.839	0.348	AT3G02150	-0.05	0.0	0.05	-0.42	1.0
path	6	1.826	0.503	1.839	0.348	AT3G07220	-0.04	0.0	0.04	-0.42	1.0
path	6	1.826	0.503	1.839	0.348	AT3G09230	-0.03	0.0	0.03	-0.42	1.0
path	6	1.826	0.503	1.839	0.348	AT3G13040	-0.04	0.0	0.04	0.0	1.0
path	6	1.826	0.503	1.839	0.348	AT3G23210	-0.2	0.0	0.2	-2.12	1.0
path	6	1.826	0.503	1.839	0.348	AT3G23250	-0.1	0.0	0.1	-0.42	1.0
path	6	1.826	0.503	1.839	0.348	AT3G30530	-0.08	0.0	0.08	-0.42	1.0
path	6	1.826	0.503	1.839	0.348	AT3G45170	-0.1	0.0	0.1	-1.27	1.0
path	6	1.826	0.503	1.839	0.348	AT3G46070	-0.03	0.0	0.03	-0.42	1.0
path	6	1.826	0.503	1.839	0.348	AT3G47600	-0.1	0.0	0.1	-0.42	1.0
path	6	1.826	0.503	1.839	0.348	AT3G47620	-0.01	0.0	0.01	0.0	1.0
path	6	1.826	0.503	1.839	0.348	AT3G48160	-0.06	0.0	0.06	-0.85	1.0
path	6	1.826	0.503	1.839	0.348	AT3G51470	-0.08	0.0	0.08	0.0	1.0
path	6	1.826	0.503	1.839	0.348	AT3G60530	-0.25	0.0	0.25	-2.55	1.0
path	6	1.826	0.503	1.839	0.348	AT3G61120	-0.05	0.0	0.05	0.0	1.0
path	6	1.826	0.503	1.839	0.348	AT4G01500	-0.18	0.0	0.18	-0.85	1.0
path	6	1.826	0.503	1.839	0.348	AT4G12670	-0.01	0.0	0.01	0.0	1.0
path	6	1.826	0.503	1.839	0.348	AT4G14410	-0.03	0.0	0.03	0.0	1.0
path	6	1.826	0.503	1.839	0.348	AT4G17785	-0.18	0.0	0.18	-1.27	1.0
path	6	1.826	0.503	1.839	0.348	AT4G18450	-0.13	0.0	0.13	-0.42	1.0
path	6	1.826	0.503	1.839	0.348	AT4G24020	-0.1	0.0	0.1	-0.85	1.0
path	6	1.826	0.503	1.839	0.348	AT4G24240	-0.02	0.0	0.02	-0.42	1.0
path	6	1.826	0.503	1.839	0.348	AT4G27900	-0.07	0.0	0.07	-0.42	1.0
path	6	1.826	0.503	1.839	0.348	AT4G28110	-0.04	0.0	0.04	-0.42	1.0
path	6	1.826	0.503	1.839	0.348	AT4G30080	-0.04	0.0	0.04	0.0	1.0
path	6	1.826	0.503	1.839	0.348	AT4G36620	-0.05	0.0	0.05	-0.42	1.0
path	6	1.826	0.503	1.839	0.348	AT4G37790	-0.02	0.0	0.02	-0.42	1.0
path	6	1.826	0.503	1.839	0.348	AT5G08070	-0.03	0.0	0.03	-0.42	1.0
path	6	1.826	0.503	1.839	0.348	AT5G13910	-0.14	0.0	0.14	-0.85	1.0
path	6	1.826	0.503	1.839	0.348	AT5G14340	-0.07	0.0	0.07	0.0	1.0
path	6	1.826	0.503	1.839	0.348	AT5G16600	-0.02	0.0	0.02	0.0	1.0
path	6	1.826	0.503	1.839	0.348	AT5G22890	-0.03	0.0	0.03	0.0	1.0
path	6	1.826	0.503	1.839	0.348	AT5G25190	6.63	8.0	1.37	-9.42	1.0
path	6	1.826	0.503	1.839	0.348	AT5G25390	-0.09	0.0	0.09	-0.85	1.0
path	6	1.826	0.503	1.839	0.348	AT5G25475	-0.02	0.0	0.02	0.0	1.0
path	6	1.826	0.503	1.839	0.348	AT5G38800	-0.01	0.0	0.01	0.0	1.0
path	6	1.826	0.503	1.839	0.348	AT5G42820	-0.02	0.0	0.02	0.0	1.0
path	6	1.826	0.503	1.839	0.348	AT5G47230	-0.23	0.0	0.23	-1.7	1.0
path	6	1.826	0.503	1.839	0.348	AT5G48670	-0.01	0.0	0.01	0.0	1.0
path	6	1.826	0.503	1.839	0.348	AT5G49300	-0.02	0.0	0.02	-0.42	1.0
path	6	1.826	0.503	1.839	0.348	AT5G52170	-0.06	0.0	0.06	-1.27	1.0
path	6	1.826	0.503	1.839	0.348	AT5G58620	0.0	0.0	0.0	0.0	1.0
path	6	1.826	0.503	1.839	0.348	AT5G62165	-0.03	0.0	0.03	-0.85	1.0
path	6	1.826	0.503	1.839	0.348	AT5G62470	-0.33	0.0	0.33	-3.4	1.0
path	6	1.826	0.503	1.839	0.348	AT5G67000	-0.06	0.0	0.06	-0.42	1.0
path	6	1.826	0.503	1.839	0.348	AT5G67300	-0.08	0.0	0.08	-0.42	1.0
vsOthers	1	0.0	1.065	0.185	0.297	AT1G25580	4.129		0.029	0.257	2.59e-17
vsOthers	1	0.0	1.065	0.097	0.139	AT2G30250	-0.535	0.09	0.276	-0.187	9.2e-08
vsOthers	1	0.0	1.065	1.424	0.859	AT4G31800	0.0	0.318	0.163	0.155	2.94e-07
vsOthers	1	0.0	1.065	1.424	0.859	AT5G26170	0.0	0.291	0.146	0.145	6.59e-07
vsOthers	1	0.0	1.065	0.097	0.139	AT4G32730	3.503	0.237	0.06	0.177	6.71e-07
vsOthers	1	0.0	1.065	0.097	0.139	AT2G38470	-0.031	0.08	0.241	-0.162	7.06e-07
vsOthers	1	0.0	1.065	0.185	0.297	AT5G64060	0.568		0.092	0.122	9.5e-07
vsOthers	1	0.0	1.065	0.097	0.139	AT5G26170	-0.487	0.08	0.236	-0.157	1.94e-06
vsOthers	1	0.0	1.065	0.097	0.139	AT5G64060	-0.693	0.04	0.173	-0.133	3.24e-06
vsOthers	1	0.0	1.065	1.424	0.859	AT1G25580	0.0	0.04	0.182	-0.142	3.87e-06
vsOthers	1	0.0	1.065	0.097	0.139	AT4G31800	-0.411	0.1	0.257	-0.158	4.48e-06
vsOthers	1	0.0	1.065	0.097	0.139	AT1G25580	-2.087	0.013	0.169	-0.156	4.6e-06
vsOthers	1	0.0	1.065	0.097	0.139	AT5G13080	0.0	0.095	0.241	-0.147	9.96e-06
vsOthers	1	0.0	1.065	0.185	0.297	AT4G29230	2.161		0.03	0.116	1.11e-05
vsOthers	1	0.0	1.065	1.424	0.859	AT2G30250	0.0	0.318	0.182	0.136	1.13e-05
vsOthers	1	0.0	1.065	1.424	0.859	AT5G13080	0.0	0.288	0.159	0.129	1.29e-05
vsOthers	1	0.0	1.065	1.424	0.859	AT4G01250	0.0	0.214	0.104	0.11	2.19e-05
vsOthers	1	0.0	1.065	1.424	0.859	AT2G38470	0.0	0.281	0.157	0.124	2.42e-05
vsOthers	1	0.0	1.065	1.424	0.859	AT5G25190	0.0	0.274	0.152	0.123	2.61e-05
vsOthers	1	0.0	1.065	0.097	0.139	AT3G10500	-0.373	0.035	0.131	-0.096	0.000129
vsOthers	1	0.0	1.065	0.097	0.139	AT4G01250	-0.346	0.06	0.171	-0.111	0.000138
vsOthers	1	0.0	1.065	1.424	0.859	AT5G09410	0.0	0.122	0.027	0.095	0.000268
vsOthers	1	0.0	1.065	1.424	0.859	AT1G80840	0.0	0.074	0.021	0.053	0.000279
vsOthers	1	0.0	1.065	0.185	0.297	AT3G50060	-0.283		0.166	-0.086	0.000319
vsOthers	1	0.0	1.065	0.185	0.297	AT4G37260	-0.346		0.166	-0.086	0.000319
vsOthers	1	0.0	1.065	0.097	0.139	AT3G20770	0.707	0.101	0.018	0.083	0.000598
vsOthers	1	0.0	1.065	0.097	0.139	AT3G49530	-0.576	0.04	0.128	-0.088	0.000598
vsOthers	1	0.0	1.065	1.424	0.859	AT3G42860	0.0	0.137	0.064	0.073	0.00063
vsOthers	1	0.0	1.065	0.097	0.139	AT3G04060	-0.36	0.045	0.133	-0.088	0.00075
vsOthers	1	0.0	1.065	0.185	0.297	AT3G49530	0.507		0.078	0.072	0.00123
vsOthers	1	0.0	1.065	0.097	0.139	AT5G18270	0.0	0.055	0.137	-0.083	0.00147
vsOthers	1	0.0	1.065	0.097	0.139	AT3G42860	0.0	0.035	0.109	-0.074	0.00169
vsOthers	1	0.0	1.065	1.424	0.859	AT3G50060	0.0	0.181	0.104	0.076	0.00199
vsOthers	1	0.0	1.065	1.424	0.859	AT4G37260	0.0	0.181	0.104	0.076	0.00199
vsOthers	1	0.0	1.065	1.424	0.859	AT5G22500	0.0	0.07	0.027	0.044	0.00372
vsOthers	1	0.0	1.065	0.097	0.139	AT4G18170	-0.227	0.015	0.103	-0.088	0.00402
vsOthers	1	0.0	1.065	0.185	0.297	AT4G32730	0.0		0.138	-0.088	0.00535
vsOthers	1	0.0	1.065	1.424	0.859	AT4G18170	0.0	0.131	0.054	0.077	0.00597
vsOthers	1	0.0	1.065	0.185	0.297	AT1G02230	0.759		0.026	0.066	0.00628
vsOthers	1	0.0	1.065	1.424	0.859	AT1G28370	0.0	0.231	0.153	0.077	0.00643
vsOthers	1	0.0	1.065	1.424	0.859	AT3G01970	0.0	0.124	0.049	0.075	0.00643
vsOthers	1	0.0	1.065	0.097	0.139	AT1G29860	-0.096	0.014	0.097	-0.083	0.00659
vsOthers	1	0.0	1.065	1.424	0.859	AT1G18330	0.0	0.114	0.059	0.055	0.00676
vsOthers	1	0.0	1.065	0.185	0.297	AT5G22500	-0.072		0.058	-0.04	0.00715
vsOthers	1	0.0	1.065	0.185	0.297	AT3G10500	0.0		0.084	0.06	0.00815
vsOthers	1	0.0	1.065	0.097	0.139	AT5G41570	-0.336	0.018	0.105	-0.086	0.00841
vsOthers	1	0.0	1.065	1.424	0.859	AT3G15210	0.0	0.271	0.191	0.08	0.00881
vsOthers	1	0.0	1.065	1.424	0.859	AT5G07100	0.0	0.07	0.03	0.04	0.00894
vsOthers	1	0.0	1.065	1.424	0.859	AT1G29860	0.0	0.124	0.05	0.074	0.00917
vsOthers	1	0.0	1.065	0.097	0.139	AT5G07100	0.0	0.01	0.056	-0.046	0.00981
vsOthers	1	0.0	1.065	0.097	0.139	AT1G80840	0.0	0.01	0.05	-0.04	0.011
vsOthers	1	0.0	1.065	0.097	0.139	AT3G01970	0.0	0.018	0.095	-0.077	0.011
vsOthers	1	0.0	1.065	0.097	0.139	AT4G29230	0.0	0.019	0.094	-0.074	0.013
vsOthers	1	0.0	1.065	0.185	0.297	AT4G28500	0.0		0.035	0.061	0.013
vsOthers	1	0.0	1.065	0.097	0.139	AT2G23320	-0.033	0.024	0.101	-0.076	0.014
vsOthers	1	0.0	1.065	0.097	0.139	AT1G62300	0.0	0.017	0.09	-0.072	0.015
vsOthers	1	0.0	1.065	0.185	0.297	AT1G28470	0.0		0.054	0.064	0.016
vsOthers	1	0.0	1.065	1.424	0.859	AT4G23550	0.0	0.11	0.045	0.066	0.017
vsOthers	1	0.0	1.065	0.097	0.139	AT4G23550	-0.383	0.013	0.086	-0.074	0.018
vsOthers	1	0.0	1.065	0.185	0.297	AT3G04060	0.359		0.09	0.054	0.018
vsOthers	1	0.0	1.065	1.424	0.859	AT2G23320	0.0	0.126	0.057	0.069	0.018
vsOthers	1	0.0	1.065	1.424	0.859	AT2G15740	0.0	0.097	0.039	0.058	0.019
vsOthers	1	0.0	1.065	0.185	0.297	AT1G02250	0.172		0.027	0.052	0.02
vsOthers	1	0.0	1.065	1.424	0.859	AT4G29230	0.0	0.037	0.098	-0.061	0.02
vsOthers	1	0.0	1.065	0.097	0.139	AT2G40740	0.0	0.024	0.098	-0.074	0.022
vsOthers	1	0.0	1.065	0.097	0.139	AT4G22070	0.0	0.012	0.073	-0.062	0.022
vsOthers	1	0.0	1.065	1.424	0.859	AT2G44840	0.0	0.147	0.093	0.054	0.022
vsOthers	1	0.0	1.065	0.097	0.139	AT5G25190	-0.617	0.139	0.214	-0.075	0.024
vsOthers	1	0.0	1.065	0.097	0.139	AT1G29280	0.0	0.019	0.09	-0.071	0.026
vsOthers	1	0.0	1.065	0.097	0.139	AT1G30650	0.0	0.018	0.085	-0.068	0.031
vsOthers	1	0.0	1.065	0.185	0.297	AT4G01540	0.225		0.052	0.06	0.031
vsOthers	1	0.0	1.065	1.424	0.859	AT1G44830	0.0	0.074	0.038	0.036	0.031
vsOthers	1	0.0	1.065	0.185	0.297	AT5G25190	-0.387		0.22	-0.061	0.032
vsOthers	1	0.0	1.065	1.424	0.859	AT5G52830	0.0	0.098	0.041	0.057	0.032
vsOthers	1	0.0	1.065	1.424	0.859	AT2G38340	0.0	0.167	0.114	0.054	0.033
vsOthers	1	0.0	1.065	0.185	0.297	AT5G09410	-2.67		0.084	-0.057	0.034
vsOthers	1	0.0	1.065	0.097	0.139	AT1G28370	-0.365	0.129	0.198	-0.069	0.035
vsOthers	1	0.0	1.065	1.424	0.859	AT1G29280	0.0	0.108	0.053	0.055	0.038
vsOthers	1	0.0	1.065	0.097	0.139	AT3G27785	0.0	0.097	0.041	0.056	0.039
vsOthers	1	0.0	1.065	1.424	0.859	AT3G01220	0.0	0.055	0.017	0.039	0.04
vsOthers	1	0.0	1.065	0.097	0.139	AT2G03340	0.0	0.003	0.049	-0.046	0.042
vsOthers	1	0.0	1.065	0.097	0.139	AT1G28470	0.0	0.033	0.094	-0.062	0.044
vsOthers	1	0.0	1.065	1.424	0.859	AT1G30650	0.0	0.104	0.049	0.055	0.044
vsOthers	1	0.0	1.065	0.097	0.139	AT4G26640	0.0	0.006	0.054	-0.048	0.047
vsOthers	1	0.0	1.065	1.424	0.859	AT1G74840	0.0	0.07	0.028	0.042	0.047
vsOthers	1	0.0	1.065	1.424	0.859	AT5G03790	0.0	0.067	0.023	0.044	0.047
vsOthers	1	0.0	1.065	1.424	0.859	AT1G62300	0.0	0.105	0.053	0.052	0.048
vsOthers	1	0.0	1.065	1.424	0.859	AT3G10030	0.0	0.059	0.022	0.038	0.049
vsOthers	1	0.0	1.065	1.424	0.859	AT5G65310	0.0	0.074	0.031	0.043	0.052
vsOthers	1	0.0	1.065	0.097	0.139	AT1G02230	-0.132	0.013	0.065	-0.052	0.056
vsOthers	1	0.0	1.065	0.097	0.139	AT5G24110	0.0	0.016	0.067	-0.051	0.059
vsOthers	1	0.0	1.065	1.424	0.859	AT5G22990	0.0	0.119	0.065	0.053	0.061
vsOthers	1	0.0	1.065	1.424	0.859	AT5G56840	0.0	0.084	0.04	0.044	0.061
vsOthers	1	0.0	1.065	1.424	0.859	AT1G06280	0.0	0.13	0.075	0.056	0.062
vsOthers	1	0.0	1.065	0.097	0.139	AT5G52830	0.0	0.019	0.076	-0.057	0.064
vsOthers	1	0.0	1.065	1.424	0.859	AT4G36740	0.0	0.063	0.025	0.038	0.066
vsOthers	1	0.0	1.065	0.097	0.139	AT3G18400	0.0	0.01	0.059	-0.049	0.067
vsOthers	1	0.0	1.065	1.424	0.859	AT4G22070	0.0	0.087	0.042	0.045	0.067
vsOthers	1	0.0	1.065	0.097	0.139	AT2G38340	-0.434	0.095	0.145	-0.051	0.073
vsOthers	1	0.0	1.065	0.097	0.139	AT1G02250	0.0	0.011	0.059	-0.048	0.077
vsOthers	1	0.0	1.065	0.097	0.139	AT3G15210	0.0	0.174	0.235	-0.061	0.078
vsOthers	1	0.0	1.065	0.097	0.139	AT4G28500	0.0	0.021	0.071	-0.05	0.078
vsOthers	1	0.0	1.065	1.424	0.859	AT5G47390	0.0	0.07	0.031	0.039	0.08
vsOthers	1	0.0	1.065	0.097	0.139	AT5G58850	0.0	0.124	0.07	0.054	0.084
vsOthers	1	0.0	1.065	0.097	0.139	AT3G03200	0.0	0.006	0.047	-0.041	0.085
vsOthers	1	0.0	1.065	0.185	0.297	AT3G48160	0.0		0.001	0.009	0.087
vsOthers	1	0.0	1.065	0.185	0.297	AT5G47230	-0.206		0.038	-0.023	0.088
vsOthers	1	0.0	1.065	0.097	0.139	AT1G26960	-1.855	0.015	0.059	-0.044	0.093
vsOthers	1	0.0	1.065	1.424	0.859	AT5G24110	0.0	0.08	0.041	0.04	0.094
vsOthers	1	0.0	1.065	0.097	0.139	AT1G18330	-0.831	0.05	0.088	-0.038	0.097
vsOthers	1	0.0	1.065	1.424	0.859	AT5G50570	0.0	0.021	0.002	0.019	0.098
vsOthers	1	0.0	1.065	0.097	0.139	AT4G01540	-0.604	0.035	0.088	-0.054	0.099
vsOthers	1	0.0	1.065	0.185	0.297	AT5G14960	0.0		0.005	0.02	0.099
vsOthers	1	0.0	1.065	1.424	0.859	AT5G61600	0.0	0.047	0.025	0.022	0.103
vsOthers	1	0.0	1.065	0.185	0.297	AT3G20770	0.0		0.053	-0.036	0.107
vsOthers	1	0.0	1.065	1.424	0.859	AT5G47220	0.0	0.07	0.044	0.027	0.108
vsOthers	1	0.0	1.065	0.097	0.139	AT4G17980	-0.369	0.012	0.053	-0.041	0.109
vsOthers	1	0.0	1.065	0.185	0.297	AT3G55370	0.14		0.05	0.043	0.109
vsOthers	1	0.0	1.065	0.097	0.139	AT1G06280	-1.555	0.055	0.108	-0.053	0.112
vsOthers	1	0.0	1.065	0.185	0.297	AT5G47220	0.0		0.064	-0.027	0.112
vsOthers	1	0.0	1.065	1.424	0.859	AT4G32730	0.0	0.071	0.121	-0.05	0.114
vsOthers	1	0.0	1.065	0.097	0.139	AT5G22990	-1.221	0.047	0.097	-0.05	0.116
vsOthers	1	0.0	1.065	0.185	0.297	AT1G13260	0.28		0.034	0.024	0.116
vsOthers	1	0.0	1.065	1.424	0.859	AT5G46350	0.0	0.062	0.026	0.036	0.117
vsOthers	1	0.0	1.065	1.424	0.859	AT2G46130	0.0	0.045	0.018	0.027	0.118
vsOthers	1	0.0	1.065	0.097	0.139	AT5G04410	0.0	0.009	0.051	-0.042	0.121
vsOthers	1	0.0	1.065	1.424	0.859	AT2G03340	0.0	0.058	0.026	0.031	0.121
vsOthers	1	0.0	1.065	1.424	0.859	AT5G41570	0.0	0.112	0.068	0.044	0.123
vsOthers	1	0.0	1.065	0.097	0.139	AT5G09410	-2.546	0.026	0.073	-0.046	0.125
vsOthers	1	0.0	1.065	0.185	0.297	AT3G52440	0.487		0.046	0.04	0.128
vsOthers	1	0.0	1.065	0.185	0.297	AT5G58850	0.0		0.099	-0.041	0.129
vsOthers	1	0.0	1.065	0.185	0.297	AT3G21890	0.163		0.108	0.036	0.13
vsOthers	1	0.0	1.065	1.424	0.859	AT2G23290	0.0	0.07	0.034	0.036	0.136
vsOthers	1	0.0	1.065	1.424	0.859	AT2G47070	0.0	0.06	0.027	0.033	0.139
vsOthers	1	0.0	1.065	0.185	0.297	AT3G01220	-2.462		0.041	-0.026	0.14
vsOthers	1	0.0	1.065	1.424	0.859	AT5G18270	0.0	0.14	0.104	0.036	0.143
vsOthers	1	0.0	1.065	0.185	0.297	AT3G46590	0.838		0.006	0.019	0.145
vsOthers	1	0.0	1.065	0.185	0.297	AT4G01550	0.0		0.032	0.033	0.145
vsOthers	1	0.0	1.065	0.097	0.139	AT5G47230	0.43	0.045	0.024	0.021	0.146
vsOthers	1	0.0	1.065	0.185	0.297	AT1G44830	-0.067		0.06	-0.023	0.148
vsOthers	1	0.0	1.065	0.097	0.139	AT4G36160	-0.354	0.022	0.064	-0.042	0.149
vsOthers	1	0.0	1.065	0.185	0.297	AT1G80840	0.0		0.048	-0.02	0.151
vsOthers	1	0.0	1.065	0.097	0.139	AT1G65910	0.0	0.008	0.044	-0.035	0.152
vsOthers	1	0.0	1.065	0.097	0.139	AT2G46130	0.0	0.004	0.035	-0.031	0.152
vsOthers	1	0.0	1.065	1.424	0.859	AT4G17980	0.0	0.065	0.03	0.035	0.152
vsOthers	1	0.0	1.065	0.097	0.139	AT3G18990	-1.694	0.018	0.052	-0.034	0.153
vsOthers	1	0.0	1.065	0.097	0.139	AT3G15270	0.0	0.034	0.071	-0.037	0.156
vsOthers	1	0.0	1.065	0.185	0.297	AT2G38880	0.0		0.0	0.005	0.156
vsOthers	1	0.0	1.065	1.424	0.859	AT4G26640	0.0	0.063	0.03	0.033	0.157
vsOthers	1	0.0	1.065	1.424	0.859	AT5G66700	0.0	0.067	0.034	0.034	0.157
vsOthers	1	0.0	1.065	0.185	0.297	AT5G62940	0.204		0.036	0.033	0.158
vsOthers	1	0.0	1.065	1.424	0.859	AT5G63090	0.0	0.039	0.016	0.023	0.158
vsOthers	1	0.0	1.065	0.185	0.297	AT2G32460	-0.642		0.046	-0.03	0.159
vsOthers	1	0.0	1.065	0.097	0.139	AT2G18060	0.0	0.01	0.046	-0.036	0.16
vsOthers	1	0.0	1.065	0.097	0.139	AT5G65310	0.0	0.02	0.055	-0.035	0.16
vsOthers	1	0.0	1.065	0.185	0.297	AT5G56840	-0.194		0.069	-0.032	0.16
vsOthers	1	0.0	1.065	1.424	0.859	AT1G13260	0.0	0.03	0.051	-0.021	0.162
vsOthers	1	0.0	1.065	1.424	0.859	AT5G06100	0.0	0.066	0.032	0.034	0.162
vsOthers	1	0.0	1.065	1.424	0.859	AT5G61620	0.0	0.074	0.04	0.034	0.162
vsOthers	1	0.0	1.065	1.424	0.859	AT5G17800	0.0	0.059	0.029	0.03	0.163
vsOthers	1	0.0	1.065	0.097	0.139	AT5G10030	-0.437	0.028	0.068	-0.04	0.164
vsOthers	1	0.0	1.065	0.185	0.297	AT5G61600	0.0		0.04	-0.019	0.164
vsOthers	1	0.0	1.065	1.424	0.859	AT2G40740	0.0	0.107	0.065	0.042	0.164
vsOthers	1	0.0	1.065	1.424	0.859	AT3G27010	0.0	0.037	0.019	0.018	0.165
vsOthers	1	0.0	1.065	1.424	0.859	AT2G02540	0.0	0.062	0.032	0.03	0.168
vsOthers	1	0.0	1.065	0.185	0.297	AT5G06100	-0.627		0.057	-0.032	0.169
vsOthers	1	0.0	1.065	1.424	0.859	AT3G15270	0.0	0.083	0.05	0.033	0.171
vsOthers	1	0.0	1.065	0.185	0.297	AT2G15740	0.0		0.074	-0.034	0.175
vsOthers	1	0.0	1.065	0.185	0.297	AT3G27010	-1.494		0.032	-0.017	0.176
vsOthers	1	0.0	1.065	0.097	0.139	AT1G79580	0.0	0.019	0.057	-0.037	0.179
vsOthers	1	0.0	1.065	0.097	0.139	AT2G46770	0.0	0.015	0.046	-0.031	0.179
vsOthers	1	0.0	1.065	0.097	0.139	AT5G46350	0.0	0.014	0.048	-0.034	0.179
vsOthers	1	0.0	1.065	0.185	0.297	AT5G66940	0.0		0.036	0.033	0.179
vsOthers	1	0.0	1.065	0.097	0.139	AT1G54330	0.0	0.01	0.044	-0.035	0.181
vsOthers	1	0.0	1.065	1.424	0.859	AT1G04880	0.0	0.027	0.008	0.019	0.182
vsOthers	1	0.0	1.065	1.424	0.859	AT5G67300	0.0	0.011	0.002	0.009	0.182
vsOthers	1	0.0	1.065	1.424	0.859	AT1G66370	0.0	0.023	0.006	0.016	0.187
vsOthers	1	0.0	1.065	0.097	0.139	AT3G17730	0.0	0.01	0.043	-0.032	0.189
vsOthers	1	0.0	1.065	0.097	0.139	AT1G01720	-0.83	0.026	0.065	-0.039	0.19
vsOthers	1	0.0	1.065	0.097	0.139	AT2G22540	-1.077	0.021	0.058	-0.036	0.19
vsOthers	1	0.0	1.065	1.424	0.859	AT1G20980	0.0	0.035	0.014	0.021	0.191
vsOthers	1	0.0	1.065	0.097	0.139	AT5G39610	0.0	0.012	0.045	-0.034	0.193
vsOthers	1	0.0	1.065	0.185	0.297	AT2G31230	-1.157		0.056	-0.03	0.194
vsOthers	1	0.0	1.065	1.424	0.859	AT3G57920	0.0	0.057	0.03	0.027	0.196
vsOthers	1	0.0	1.065	0.097	0.139	AT2G02540	0.0	0.018	0.051	-0.032	0.197
vsOthers	1	0.0	1.065	0.097	0.139	AT5G13180	0.0	0.021	0.052	-0.031	0.197
vsOthers	1	0.0	1.065	1.424	0.859	AT3G20770	0.0	0.02	0.049	-0.029	0.197
vsOthers	1	0.0	1.065	1.424	0.859	AT1G65910	0.0	0.054	0.025	0.029	0.199
vsOthers	1	0.0	1.065	0.185	0.297	AT1G66370	0.0		0.018	-0.015	0.202
vsOthers	1	0.0	1.065	0.097	0.139	AT1G08320	0.0	0.029	0.067	-0.037	0.204
vsOthers	1	0.0	1.065	0.185	0.297	AT5G61620	-1.244		0.064	-0.029	0.204
vsOthers	1	0.0	1.065	0.097	0.139	AT2G18350	0.0	0.023	0.055	-0.031	0.206
vsOthers	1	0.0	1.065	1.424	0.859	AT4G16750	0.0	0.09	0.058	0.032	0.207
vsOthers	1	0.0	1.065	0.185	0.297	AT2G02820	-0.223		0.097	-0.037	0.208
vsOthers	1	0.0	1.065	0.185	0.297	AT2G22540	0.076		0.037	0.03	0.209
vsOthers	1	0.0	1.065	0.185	0.297	AT2G23290	0.0		0.06	-0.032	0.209
vsOthers	1	0.0	1.065	1.424	0.859	AT1G68550	0.0	0.088	0.055	0.033	0.209
vsOthers	1	0.0	1.065	0.097	0.139	AT3G12250	0.0	0.027	0.064	-0.037	0.21
vsOthers	1	0.0	1.065	0.097	0.139	AT1G74840	-2.687	0.021	0.05	-0.029	0.211
vsOthers	1	0.0	1.065	0.097	0.139	AT5G65210	-0.074	0.02	0.054	-0.034	0.215
vsOthers	1	0.0	1.065	0.185	0.297	AT2G44840	0.0		0.124	-0.029	0.216
vsOthers	1	0.0	1.065	0.097	0.139	AT1G09540	-0.12	0.016	0.043	-0.027	0.222
vsOthers	1	0.0	1.065	0.097	0.139	AT1G12260	0.0	0.014	0.042	-0.028	0.222
vsOthers	1	0.0	1.065	0.097	0.139	AT1G76420	0.0	0.02	0.052	-0.032	0.222
vsOthers	1	0.0	1.065	0.097	0.139	AT4G10350	0.0	0.012	0.04	-0.028	0.222
vsOthers	1	0.0	1.065	0.185	0.297	AT2G28810	0.082		0.047	0.031	0.222
vsOthers	1	0.0	1.065	1.424	0.859	AT4G36780	0.0	0.064	0.036	0.028	0.222
vsOthers	1	0.0	1.065	0.097	0.139	AT1G76110	0.0	0.003	0.021	-0.017	0.225
vsOthers	1	0.0	1.065	0.185	0.297	AT5G18270	0.0		0.106	0.029	0.225
vsOthers	1	0.0	1.065	1.424	0.859	AT1G65620	0.0	0.016	0.005	0.011	0.228
vsOthers	1	0.0	1.065	1.424	0.859	AT2G17950	0.0	0.014	0.002	0.012	0.228
vsOthers	1	0.0	1.065	1.424	0.859	AT2G38300	0.0	0.012	0.003	0.01	0.228
vsOthers	1	0.0	1.065	0.097	0.139	AT2G43000	-0.042	0.044	0.077	-0.033	0.229
vsOthers	1	0.0	1.065	0.097	0.139	AT5G08750	-0.942	0.003	0.019	-0.016	0.229
vsOthers	1	0.0	1.065	1.424	0.859	AT2G32460	0.0	0.05	0.025	0.025	0.231
vsOthers	1	0.0	1.065	0.097	0.139	AT1G19040	0.0	0.0	0.014	-0.014	0.234
vsOthers	1	0.0	1.065	0.185	0.297	AT1G18330	-0.801		0.088	-0.024	0.236
vsOthers	1	0.0	1.065	0.185	0.297	AT2G26960	0.0		0.037	-0.022	0.237
vsOthers	1	0.0	1.065	1.424	0.859	AT2G30590	0.0	0.024	0.009	0.014	0.237
vsOthers	1	0.0	1.065	0.185	0.297	AT3G18400	0.0		0.036	0.027	0.238
vsOthers	1	0.0	1.065	1.424	0.859	AT3G03200	0.0	0.054	0.028	0.026	0.238
vsOthers	1	0.0	1.065	0.097	0.139	AT3G28920	0.0	0.032	0.066	-0.034	0.239
vsOthers	1	0.0	1.065	1.424	0.859	AT5G18450	0.0	0.048	0.024	0.025	0.239
vsOthers	1	0.0	1.065	0.097	0.139	AT3G10480	0.0	0.015	0.042	-0.027	0.242
vsOthers	1	0.0	1.065	0.097	0.139	AT5G03790	0.0	0.017	0.046	-0.029	0.242
vsOthers	1	0.0	1.065	1.424	0.859	AT1G02230	0.0	0.035	0.062	-0.028	0.242
vsOthers	1	0.0	1.065	1.424	0.859	AT5G65410	0.0	0.072	0.044	0.028	0.242
vsOthers	1	0.0	1.065	0.097	0.139	AT4G14410	0.0	0.004	0.0	0.004	0.243
vsOthers	1	0.0	1.065	0.097	0.139	AT5G05550	-0.505	0.077	0.117	-0.04	0.246
vsOthers	1	0.0	1.065	0.185	0.297	AT3G10030	-1.005		0.044	-0.022	0.248
vsOthers	1	0.0	1.065	0.185	0.297	AT1G01720	0.736		0.044	0.029	0.251
vsOthers	1	0.0	1.065	0.097	0.139	AT2G44840	-0.455	0.09	0.12	-0.03	0.252
vsOthers	1	0.0	1.065	1.424	0.859	AT1G34190	0.0	0.058	0.03	0.028	0.252
vsOthers	1	0.0	1.065	0.185	0.297	AT5G17800	0.0		0.049	-0.023	0.253
vsOthers	1	0.0	1.065	0.097	0.139	AT1G27730	0.734	0.085	0.061	0.024	0.255
vsOthers	1	0.0	1.065	0.097	0.139	AT1G52880	0.0	0.028	0.056	-0.029	0.255
vsOthers	1	0.0	1.065	1.424	0.859	AT2G42200	0.0	0.066	0.039	0.027	0.257
vsOthers	1	0.0	1.065	0.097	0.139	AT1G32150	-0.394	0.038	0.073	-0.034	0.259
vsOthers	1	0.0	1.065	0.097	0.139	AT1G34670	-0.96	0.016	0.043	-0.027	0.261
vsOthers	1	0.0	1.065	1.424	0.859	AT5G05550	0.0	0.13	0.094	0.036	0.262
vsOthers	1	0.0	1.065	1.424	0.859	AT1G78700	0.0	0.059	0.035	0.024	0.263
vsOthers	1	0.0	1.065	0.097	0.139	AT4G14770	0.0	0.092	0.058	0.034	0.265
vsOthers	1	0.0	1.065	0.097	0.139	AT4G24470	0.0	0.025	0.01	0.015	0.265
vsOthers	1	0.0	1.065	0.097	0.139	AT2G30590	0.0	0.001	0.019	-0.018	0.269
vsOthers	1	0.0	1.065	1.424	0.859	AT3G02150	0.0	0.01	0.002	0.008	0.27
vsOthers	1	0.0	1.065	0.097	0.139	AT4G31550	0.0	0.005	0.026	-0.021	0.273
vsOthers	1	0.0	1.065	0.097	0.139	AT4G36740	0.0	0.018	0.046	-0.028	0.273
vsOthers	1	0.0	1.065	0.097	0.139	AT5G54230	-0.03	0.075	0.104	-0.029	0.273
vsOthers	1	0.0	1.065	1.424	0.859	AT4G36160	0.0	0.071	0.044	0.027	0.274
vsOthers	1	0.0	1.065	0.097	0.139	AT2G24430	0.0	0.025	0.053	-0.028	0.277
vsOthers	1	0.0	1.065	0.097	0.139	AT4G16750	0.0	0.045	0.077	-0.032	0.277
vsOthers	1	0.0	1.065	0.097	0.139	AT5G66300	0.0	0.004	0.023	-0.019	0.277
vsOthers	1	0.0	1.065	0.185	0.297	AT5G25830	-0.434		0.045	-0.022	0.277
vsOthers	1	0.0	1.065	1.424	0.859	AT1G32240	0.0	0.013	0.002	0.012	0.279
vsOthers	1	0.0	1.065	1.424	0.859	AT1G69780	0.0	0.045	0.024	0.02	0.282
vsOthers	1	0.0	1.065	1.424	0.859	AT2G43000	0.0	0.087	0.059	0.027	0.283
vsOthers	1	0.0	1.065	0.097	0.139	AT2G15740	-0.26	0.038	0.067	-0.029	0.284
vsOthers	1	0.0	1.065	0.097	0.139	AT5G62380	0.0	0.012	0.04	-0.027	0.285
vsOthers	1	0.0	1.065	0.185	0.297	AT1G76420	0.494		0.034	0.025	0.285
vsOthers	1	0.0	1.065	1.424	0.859	AT2G26960	0.0	0.042	0.02	0.022	0.287
vsOthers	1	0.0	1.065	0.185	0.297	AT3G27785	0.0		0.064	-0.025	0.289
vsOthers	1	0.0	1.065	0.185	0.297	AT1G51700	0.0		0.029	0.024	0.29
vsOthers	1	0.0	1.065	1.424	0.859	AT3G46590	0.0	0.006	0.017	-0.011	0.29
vsOthers	1	0.0	1.065	1.424	0.859	AT5G14960	0.0	0.004	0.018	-0.014	0.29
vsOthers	1	0.0	1.065	0.097	0.139	AT1G69780	0.0	0.015	0.037	-0.022	0.293
vsOthers	1	0.0	1.065	0.097	0.139	AT3G26620	0.0	0.018	0.039	-0.022	0.293
vsOthers	1	0.0	1.065	1.424	0.859	AT1G14687	0.0	0.051	0.029	0.022	0.293
vsOthers	1	0.0	1.065	1.424	0.859	AT3G58630	0.0	0.031	0.017	0.014	0.294
vsOthers	1	0.0	1.065	1.424	0.859	AT5G07680	0.0	0.014	0.004	0.01	0.295
vsOthers	1	0.0	1.065	1.424	0.859	AT1G18570	0.0	0.017	0.008	0.009	0.297
vsOthers	1	0.0	1.065	1.424	0.859	AT1G34180	0.0	0.056	0.03	0.025	0.298
vsOthers	1	0.0	1.065	1.424	0.859	AT5G04390	0.0	0.014	0.031	-0.017	0.298
vsOthers	1	0.0	1.065	0.097	0.139	AT3G52440	0.0	0.04	0.069	-0.029	0.299
vsOthers	1	0.0	1.065	0.185	0.297	AT3G50410	0.0		0.031	0.023	0.3
vsOthers	1	0.0	1.065	1.424	0.859	AT1G70920	0.0	0.037	0.018	0.019	0.301
vsOthers	1	0.0	1.065	0.185	0.297	AT5G47390	0.0		0.054	-0.022	0.302
vsOthers	1	0.0	1.065	1.424	0.859	AT3G13040	0.0	0.004	0.001	0.004	0.303
vsOthers	1	0.0	1.065	1.424	0.859	AT5G40330	0.0	0.0	0.004	-0.003	0.303
vsOthers	1	0.0	1.065	0.097	0.139	AT1G34180	0.0	0.019	0.046	-0.026	0.304
vsOthers	1	0.0	1.065	1.424	0.859	AT1G49010	0.0	0.068	0.045	0.023	0.305
vsOthers	1	0.0	1.065	1.424	0.859	AT2G42430	0.0	0.057	0.036	0.022	0.305
vsOthers	1	0.0	1.065	0.185	0.297	AT3G13040	0.0		0.003	-0.003	0.306
vsOthers	1	0.0	1.065	0.185	0.297	AT5G40330	0.0		0.0	0.006	0.306
vsOthers	1	0.0	1.065	0.097	0.139	AT1G69490	0.0	0.028	0.055	-0.027	0.307
vsOthers	1	0.0	1.065	0.097	0.139	AT4G01550	0.0	0.024	0.052	-0.027	0.307
vsOthers	1	0.0	1.065	0.097	0.139	AT1G20910	-0.763	0.015	0.039	-0.024	0.308
vsOthers	1	0.0	1.065	0.185	0.297	AT5G04410	0.0		0.032	0.022	0.31
vsOthers	1	0.0	1.065	0.185	0.297	AT5G13180	0.153		0.035	0.023	0.31
vsOthers	1	0.0	1.065	1.424	0.859	AT1G27730	0.0	0.054	0.074	-0.02	0.31
vsOthers	1	0.0	1.065	0.097	0.139	AT3G57920	0.0	0.021	0.046	-0.025	0.311
vsOthers	1	0.0	1.065	0.097	0.139	AT1G32870	0.0	0.016	0.04	-0.025	0.312
vsOthers	1	0.0	1.065	0.097	0.139	AT1G71696	0.525	0.083	0.051	0.031	0.312
vsOthers	1	0.0	1.065	0.097	0.139	AT2G38300	-0.307	0.001	0.008	-0.007	0.312
vsOthers	1	0.0	1.065	0.097	0.139	AT5G15830	0.0	0.038	0.068	-0.03	0.312
vsOthers	1	0.0	1.065	0.185	0.297	AT1G69490	0.0		0.04	0.023	0.313
vsOthers	1	0.0	1.065	0.185	0.297	AT3G12130	0.0		0.026	0.02	0.313
vsOthers	1	0.0	1.065	0.185	0.297	AT2G18350	0.807		0.039	0.02	0.318
vsOthers	1	0.0	1.065	1.424	0.859	AT5G08520	0.0	0.072	0.048	0.023	0.318
vsOthers	1	0.0	1.065	1.424	0.859	AT1G21910	0.0	0.03	0.017	0.013	0.321
vsOthers	1	0.0	1.065	1.424	0.859	AT3G21890	0.0	0.107	0.131	-0.024	0.323
vsOthers	1	0.0	1.065	0.097	0.139	AT3G51080	0.0	0.012	0.003	0.009	0.324
vsOthers	1	0.0	1.065	0.097	0.139	AT5G06839	0.0	0.025	0.052	-0.027	0.324
vsOthers	1	0.0	1.065	0.097	0.139	AT2G36270	0.0	0.047	0.074	-0.027	0.325
vsOthers	1	0.0	1.065	0.185	0.297	AT4G24470	0.0		0.018	-0.011	0.325
vsOthers	1	0.0	1.065	0.185	0.297	AT1G74840	0.0		0.051	-0.018	0.328
vsOthers	1	0.0	1.065	0.185	0.297	AT5G65210	0.0		0.036	0.024	0.328
vsOthers	1	0.0	1.065	1.424	0.859	AT4G31550	0.0	0.032	0.015	0.017	0.328
vsOthers	1	0.0	1.065	0.097	0.139	AT5G66700	-1.868	0.027	0.052	-0.025	0.33
vsOthers	1	0.0	1.065	0.185	0.297	AT3G13350	0.0		0.003	0.008	0.33
vsOthers	1	0.0	1.065	0.185	0.297	AT5G10140	0.0		0.001	0.006	0.33
vsOthers	1	0.0	1.065	0.185	0.297	AT5G67300	0.0		0.009	-0.008	0.33
vsOthers	1	0.0	1.065	0.185	0.297	AT1G18570	0.0		0.014	-0.008	0.332
vsOthers	1	0.0	1.065	0.185	0.297	AT5G02460	0.0		0.047	0.026	0.333
vsOthers	1	0.0	1.065	0.097	0.139	AT5G25830	1.794	0.055	0.031	0.024	0.334
vsOthers	1	0.0	1.065	1.424	0.859	AT3G11440	0.0	0.066	0.04	0.026	0.334
vsOthers	1	0.0	1.065	1.424	0.859	AT3G55370	0.0	0.051	0.076	-0.025	0.338
vsOthers	1	0.0	1.065	1.424	0.859	AT5G44160	0.0	0.018	0.007	0.01	0.338
vsOthers	1	0.0	1.065	0.097	0.139	AT2G04038	0.0	0.034	0.059	-0.025	0.339
vsOthers	1	0.0	1.065	0.097	0.139	AT5G65410	0.0	0.033	0.061	-0.028	0.339
vsOthers	1	0.0	1.065	0.185	0.297	AT5G43840	0.0		0.002	0.01	0.341
vsOthers	1	0.0	1.065	1.424	0.859	AT1G68670	0.0	0.022	0.008	0.014	0.341
vsOthers	1	0.0	1.065	0.097	0.139	AT2G46400	0.0	0.0	0.008	-0.008	0.343
vsOthers	1	0.0	1.065	0.185	0.297	AT5G44160	-0.954		0.016	-0.012	0.343
vsOthers	1	0.0	1.065	0.185	0.297	AT3G11440	0.0		0.058	-0.022	0.344
vsOthers	1	0.0	1.065	1.424	0.859	AT3G13350	0.0	0.001	0.009	-0.008	0.344
vsOthers	1	0.0	1.065	1.424	0.859	AT5G25390	0.0	0.009	0.003	0.006	0.344
vsOthers	1	0.0	1.065	0.097	0.139	AT3G09600	0.0	0.021	0.042	-0.021	0.345
vsOthers	1	0.0	1.065	0.097	0.139	AT3G48160	0.0	0.0	0.005	-0.005	0.345
vsOthers	1	0.0	1.065	0.097	0.139	AT5G42520	0.0	0.007	0.002	0.006	0.345
vsOthers	1	0.0	1.065	0.185	0.297	AT3G09600	1.051		0.029	0.019	0.345
vsOthers	1	0.0	1.065	0.185	0.297	AT3G15210	0.0		0.232	-0.03	0.345
vsOthers	1	0.0	1.065	1.424	0.859	AT4G28500	0.0	0.044	0.067	-0.024	0.345
vsOthers	1	0.0	1.065	0.185	0.297	AT4G31800	-0.321		0.23	-0.028	0.346
vsOthers	1	0.0	1.065	0.097	0.139	AT2G45420	0.0	0.039	0.064	-0.025	0.352
vsOthers	1	0.0	1.065	0.185	0.297	AT4G38170	0.226		0.045	0.023	0.353
vsOthers	1	0.0	1.065	0.097	0.139	AT2G28810	-0.431	0.039	0.066	-0.027	0.354
vsOthers	1	0.0	1.065	0.097	0.139	AT2G02820	0.779	0.105	0.076	0.029	0.356
vsOthers	1	0.0	1.065	0.097	0.139	AT5G46590	0.0	0.001	0.016	-0.015	0.357
vsOthers	1	0.0	1.065	1.424	0.859	AT1G75080	0.0	0.017	0.005	0.012	0.357
vsOthers	1	0.0	1.065	1.424	0.859	AT3G01470	0.0	0.016	0.006	0.011	0.357
vsOthers	1	0.0	1.065	1.424	0.859	AT3G06490	0.0	0.022	0.009	0.013	0.357
vsOthers	1	0.0	1.065	1.424	0.859	AT2G46400	0.0	0.01	0.004	0.006	0.358
vsOthers	1	0.0	1.065	1.424	0.859	AT5G08070	0.0	0.007	0.002	0.006	0.358
vsOthers	1	0.0	1.065	0.185	0.297	AT5G03790	-0.948		0.047	-0.02	0.36
vsOthers	1	0.0	1.065	0.185	0.297	AT5G50570	0.0		0.013	-0.01	0.36
vsOthers	1	0.0	1.065	0.185	0.297	AT1G08320	0.0		0.049	0.023	0.362
vsOthers	1	0.0	1.065	0.185	0.297	AT5G10030	0.0		0.05	0.022	0.362
vsOthers	1	0.0	1.065	1.424	0.859	AT1G70910	0.0	0.002	0.0	0.002	0.362
vsOthers	1	0.0	1.065	1.424	0.859	AT2G38090	0.0	0.002	0.0	0.002	0.362
vsOthers	1	0.0	1.065	0.185	0.297	AT1G14580	0.0		0.02	-0.011	0.364
vsOthers	1	0.0	1.065	0.097	0.139	AT1G12630	0.0	0.039	0.068	-0.029	0.366
vsOthers	1	0.0	1.065	0.097	0.139	AT5G06950	0.0	0.026	0.049	-0.023	0.367
vsOthers	1	0.0	1.065	0.185	0.297	AT1G34190	-0.424		0.048	-0.019	0.368
vsOthers	1	0.0	1.065	0.185	0.297	AT3G44480	0.0		0.031	0.019	0.368
vsOthers	1	0.0	1.065	0.097	0.139	AT5G10510	0.0	0.0	0.005	-0.005	0.37
vsOthers	1	0.0	1.065	0.097	0.139	AT4G31060	-0.289	0.047	0.074	-0.026	0.372
vsOthers	1	0.0	1.065	0.097	0.139	AT5G53950	0.0	0.006	0.023	-0.017	0.372
vsOthers	1	0.0	1.065	0.097	0.139	AT1G74650	-0.955	0.023	0.044	-0.021	0.373
vsOthers	1	0.0	1.065	0.097	0.139	AT2G22430	0.0	0.012	0.033	-0.021	0.375
vsOthers	1	0.0	1.065	1.424	0.859	AT5G02460	0.0	0.042	0.066	-0.024	0.375
vsOthers	1	0.0	1.065	0.097	0.139	AT5G63090	0.0	0.011	0.029	-0.017	0.376
vsOthers	1	0.0	1.065	1.424	0.859	AT2G31230	0.0	0.058	0.036	0.022	0.377
vsOthers	1	0.0	1.065	0.097	0.139	AT3G10030	0.0	0.021	0.04	-0.019	0.379
vsOthers	1	0.0	1.065	0.185	0.297	AT5G04390	0.0		0.019	0.015	0.379
vsOthers	1	0.0	1.065	0.097	0.139	AT1G78700	0.0	0.027	0.049	-0.022	0.381
vsOthers	1	0.0	1.065	0.097	0.139	AT4G04450	0.0	0.001	0.009	-0.009	0.382
vsOthers	1	0.0	1.065	0.097	0.139	AT5G07680	0.0	0.0	0.01	-0.01	0.382
vsOthers	1	0.0	1.065	1.424	0.859	AT1G19000	0.0	0.07	0.05	0.02	0.388
vsOthers	1	0.0	1.065	0.097	0.139	AT3G45150	0.0	0.001	0.01	-0.009	0.389
vsOthers	1	0.0	1.065	1.424	0.859	AT5G08750	0.0	0.023	0.011	0.011	0.389
vsOthers	1	0.0	1.065	0.097	0.139	AT1G76890	0.0	0.027	0.048	-0.021	0.39
vsOthers	1	0.0	1.065	0.097	0.139	AT3G55370	0.0	0.049	0.073	-0.024	0.39
vsOthers	1	0.0	1.065	0.185	0.297	AT1G68550	0.0		0.077	-0.024	0.392
vsOthers	1	0.0	1.065	1.424	0.859	AT1G26960	0.0	0.061	0.041	0.02	0.392
vsOthers	1	0.0	1.065	1.424	0.859	AT2G01930	0.0	0.038	0.061	-0.023	0.392
vsOthers	1	0.0	1.065	0.097	0.139	AT3G15170	0.0	0.011	0.028	-0.017	0.394
vsOthers	1	0.0	1.065	0.097	0.139	AT4G06746	0.663	0.075	0.056	0.019	0.394
vsOthers	1	0.0	1.065	0.097	0.139	AT5G62470	0.866	0.05	0.035	0.015	0.4
vsOthers	1	0.0	1.065	1.424	0.859	AT5G67450	0.0	0.003	0.01	-0.007	0.4
vsOthers	1	0.0	1.065	1.424	0.859	AT2G30340	0.0	0.053	0.035	0.018	0.403
vsOthers	1	0.0	1.065	0.097	0.139	AT2G45410	0.0	0.04	0.063	-0.023	0.407
vsOthers	1	0.0	1.065	0.185	0.297	AT3G22830	0.125		0.028	0.018	0.407
vsOthers	1	0.0	1.065	1.424	0.859	AT3G28910	0.0	0.018	0.009	0.009	0.408
vsOthers	1	0.0	1.065	1.424	0.859	AT5G46590	0.0	0.02	0.008	0.011	0.408
vsOthers	1	0.0	1.065	1.424	0.859	AT5G60850	0.0	0.041	0.064	-0.023	0.408
vsOthers	1	0.0	1.065	0.097	0.139	AT1G30490	0.0	0.009	0.027	-0.018	0.409
vsOthers	1	0.0	1.065	0.097	0.139	AT1G52150	0.0	0.009	0.025	-0.016	0.409
vsOthers	1	0.0	1.065	0.097	0.139	AT3G02150	0.0	0.0	0.007	-0.007	0.41
vsOthers	1	0.0	1.065	0.097	0.139	AT4G38170	-0.07	0.037	0.06	-0.023	0.41
vsOthers	1	0.0	1.065	0.097	0.139	AT2G47070	0.0	0.023	0.044	-0.021	0.411
vsOthers	1	0.0	1.065	0.097	0.139	AT3G06740	-0.633	0.012	0.027	-0.015	0.411
vsOthers	1	0.0	1.065	0.097	0.139	AT5G58900	0.0	0.025	0.043	-0.018	0.411
vsOthers	1	0.0	1.065	0.185	0.297	AT5G51990	0.0		0.052	0.02	0.411
vsOthers	1	0.0	1.065	1.424	0.859	AT3G50410	0.0	0.028	0.046	-0.018	0.412
vsOthers	1	0.0	1.065	0.097	0.139	AT3G22830	0.0	0.021	0.04	-0.019	0.417
vsOthers	1	0.0	1.065	0.097	0.139	AT4G25490	0.0	0.04	0.063	-0.023	0.42
vsOthers	1	0.0	1.065	0.185	0.297	AT4G01250	0.0		0.152	-0.021	0.42
vsOthers	1	0.0	1.065	1.424	0.859	AT1G06850	0.0	0.041	0.024	0.017	0.42
vsOthers	1	0.0	1.065	1.424	0.859	AT3G26620	0.0	0.046	0.028	0.018	0.42
vsOthers	1	0.0	1.065	0.097	0.139	AT1G08010	0.0	0.05	0.03	0.02	0.421
vsOthers	1	0.0	1.065	0.097	0.139	AT2G30340	0.0	0.026	0.047	-0.021	0.421
vsOthers	1	0.0	1.065	0.097	0.139	AT3G09735	0.0	0.024	0.043	-0.018	0.421
vsOthers	1	0.0	1.065	0.097	0.139	AT3G11280	0.0	0.012	0.022	-0.01	0.421
vsOthers	1	0.0	1.065	1.424	0.859	AT5G66300	0.0	0.027	0.013	0.014	0.421
vsOthers	1	0.0	1.065	0.185	0.297	AT5G41570	0.015		0.074	0.024	0.423
vsOthers	1	0.0	1.065	0.185	0.297	AT1G20980	0.0		0.027	-0.014	0.424
vsOthers	1	0.0	1.065	0.185	0.297	AT2G06200	0.085		0.013	0.014	0.424
vsOthers	1	0.0	1.065	0.185	0.297	AT3G12250	0.0		0.047	0.02	0.424
vsOthers	1	0.0	1.065	0.097	0.139	AT4G25480	0.0	0.04	0.065	-0.025	0.426
vsOthers	1	0.0	1.065	0.097	0.139	AT5G03150	0.371	0.027	0.015	0.012	0.426
vsOthers	1	0.0	1.065	0.185	0.297	AT1G32240	0.0		0.008	-0.006	0.426
vsOthers	1	0.0	1.065	0.185	0.297	AT2G17410	0.0		0.005	0.006	0.426
vsOthers	1	0.0	1.065	0.185	0.297	AT3G61250	0.0		0.002	0.008	0.426
vsOthers	1	0.0	1.065	0.185	0.297	AT4G01500	0.0		0.004	0.007	0.426
vsOthers	1	0.0	1.065	1.424	0.859	AT1G19790	0.0	0.015	0.028	-0.013	0.426
vsOthers	1	0.0	1.065	1.424	0.859	AT5G53950	0.0	0.027	0.014	0.013	0.426
vsOthers	1	0.0	1.065	0.097	0.139	AT5G06960	0.0	0.016	0.032	-0.015	0.427
vsOthers	1	0.0	1.065	1.424	0.859	AT3G48160	0.0	0.001	0.006	-0.005	0.427
vsOthers	1	0.0	1.065	1.424	0.859	AT1G74650	0.0	0.05	0.033	0.018	0.428
vsOthers	1	0.0	1.065	0.185	0.297	AT4G38000	0.0		0.054	0.021	0.431
vsOthers	1	0.0	1.065	0.097	0.139	AT1G14687	0.0	0.021	0.042	-0.022	0.432
vsOthers	1	0.0	1.065	0.097	0.139	AT4G01280	0.0	0.024	0.045	-0.021	0.432
vsOthers	1	0.0	1.065	0.097	0.139	AT4G38000	0.0	0.043	0.069	-0.025	0.432
vsOthers	1	0.0	1.065	0.097	0.139	AT5G47390	0.0	0.03	0.05	-0.02	0.432
vsOthers	1	0.0	1.065	1.424	0.859	AT1G76880	0.0	0.005	0.0	0.005	0.432
vsOthers	1	0.0	1.065	1.424	0.859	AT3G03660	0.0	0.0	0.005	-0.005	0.432
vsOthers	1	0.0	1.065	1.424	0.859	AT3G07220	0.0	0.004	0.001	0.003	0.432
vsOthers	1	0.0	1.065	1.424	0.859	AT4G36620	0.0	0.001	0.005	-0.004	0.432
vsOthers	1	0.0	1.065	0.185	0.297	AT1G49010	0.0		0.06	-0.018	0.433
vsOthers	1	0.0	1.065	0.097	0.139	AT4G01720	0.0	0.002	0.011	-0.009	0.434
vsOthers	1	0.0	1.065	0.097	0.139	AT5G50570	-0.123	0.001	0.012	-0.011	0.434
vsOthers	1	0.0	1.065	0.185	0.297	AT4G14770	0.0		0.074	-0.02	0.435
vsOthers	1	0.0	1.065	0.097	0.139	AT1G65620	0.0	0.001	0.011	-0.011	0.437
vsOthers	1	0.0	1.065	0.185	0.297	AT1G32870	0.0		0.028	0.017	0.437
vsOthers	1	0.0	1.065	1.424	0.859	AT4G04450	0.0	0.012	0.005	0.007	0.437
vsOthers	1	0.0	1.065	0.097	0.139	AT1G75080	0.0	0.003	0.011	-0.008	0.438
vsOthers	1	0.0	1.065	0.097	0.139	AT3G01470	0.0	0.003	0.012	-0.008	0.438
vsOthers	1	0.0	1.065	0.097	0.139	AT3G62420	0.0	0.045	0.068	-0.023	0.44
vsOthers	1	0.0	1.065	1.424	0.859	AT5G05790	0.0	0.036	0.022	0.014	0.441
vsOthers	1	0.0	1.065	0.097	0.139	AT2G42430	-0.608	0.028	0.049	-0.02	0.444
vsOthers	1	0.0	1.065	0.185	0.297	AT1G20910	0.0		0.027	0.016	0.444
vsOthers	1	0.0	1.065	0.185	0.297	AT3G03660	0.0		0.002	0.004	0.444
vsOthers	1	0.0	1.065	0.185	0.297	AT5G10510	0.0		0.002	0.005	0.444
vsOthers	1	0.0	1.065	1.424	0.859	AT1G19210	0.0	0.086	0.066	0.02	0.444
vsOthers	1	0.0	1.065	1.424	0.859	AT1G69180	0.0	0.039	0.023	0.016	0.445
vsOthers	1	0.0	1.065	1.424	0.859	AT3G45150	0.0	0.013	0.005	0.007	0.445
vsOthers	1	0.0	1.065	0.185	0.297	AT1G22810	0.0		0.043	0.016	0.447
vsOthers	1	0.0	1.065	0.185	0.297	AT5G05790	-0.571		0.032	-0.013	0.447
vsOthers	1	0.0	1.065	1.424	0.859	AT1G03800	0.0	0.088	0.067	0.021	0.447
vsOthers	1	0.0	1.065	0.097	0.139	AT5G39820	0.0	0.005	0.015	-0.011	0.449
vsOthers	1	0.0	1.065	0.185	0.297	AT5G52660	0.0		0.029	0.013	0.449
vsOthers	1	0.0	1.065	1.424	0.859	AT3G27785	0.0	0.043	0.061	-0.019	0.449
vsOthers	1	0.0	1.065	0.097	0.139	AT2G42200	-0.003	0.034	0.054	-0.02	0.45
vsOthers	1	0.0	1.065	0.185	0.297	AT5G06839	0.0		0.038	0.017	0.45
vsOthers	1	0.0	1.065	0.097	0.139	AT1G03800	0.0	0.055	0.081	-0.026	0.454
vsOthers	1	0.0	1.065	1.424	0.859	AT3G20310	0.0	0.089	0.069	0.02	0.456
vsOthers	1	0.0	1.065	0.097	0.139	AT4G36780	0.0	0.032	0.051	-0.02	0.457
vsOthers	1	0.0	1.065	0.097	0.139	AT5G62940	0.0	0.033	0.054	-0.021	0.458
vsOthers	1	0.0	1.065	0.185	0.297	AT1G04880	-0.459		0.019	-0.011	0.458
vsOthers	1	0.0	1.065	0.185	0.297	AT4G06746	0.0		0.066	-0.014	0.458
vsOthers	1	0.0	1.065	0.185	0.297	AT1G19000	0.0		0.064	-0.017	0.459
vsOthers	1	0.0	1.065	0.097	0.139	AT3G50260	0.0	0.055	0.08	-0.024	0.46
vsOthers	1	0.0	1.065	0.185	0.297	AT3G50260	0.225		0.066	0.02	0.46
vsOthers	1	0.0	1.065	1.424	0.859	AT2G46680	0.0	0.028	0.015	0.013	0.46
vsOthers	1	0.0	1.065	0.185	0.297	AT1G28370	0.0		0.19	-0.022	0.461
vsOthers	1	0.0	1.065	1.424	0.859	AT5G66940	0.0	0.039	0.055	-0.017	0.461
vsOthers	1	0.0	1.065	1.424	0.859	AT1G14580	0.0	0.023	0.012	0.01	0.463
vsOthers	1	0.0	1.065	1.424	0.859	AT4G01540	0.0	0.063	0.082	-0.019	0.463
vsOthers	1	0.0	1.065	0.185	0.297	AT1G34670	0.181		0.031	0.015	0.464
vsOthers	1	0.0	1.065	1.424	0.859	AT4G00250	0.0	0.055	0.04	0.015	0.464
vsOthers	1	0.0	1.065	0.097	0.139	AT1G63030	0.0	0.0	0.005	-0.005	0.465
vsOthers	1	0.0	1.065	0.097	0.139	AT2G06200	0.0	0.009	0.022	-0.012	0.466
vsOthers	1	0.0	1.065	0.097	0.139	AT5G18450	-0.442	0.02	0.037	-0.016	0.466
vsOthers	1	0.0	1.065	0.185	0.297	AT3G45610	0.0		0.045	0.017	0.466
vsOthers	1	0.0	1.065	1.424	0.859	AT5G64060	0.0	0.127	0.148	-0.021	0.466
vsOthers	1	0.0	1.065	0.097	0.139	AT1G44830	0.0	0.04	0.054	-0.015	0.467
vsOthers	1	0.0	1.065	0.097	0.139	AT1G69010	0.0	0.026	0.045	-0.018	0.467
vsOthers	1	0.0	1.065	0.185	0.297	AT2G46680	0.0		0.024	-0.01	0.468
vsOthers	1	0.0	1.065	1.424	0.859	AT2G45420	0.0	0.069	0.051	0.017	0.468
vsOthers	1	0.0	1.065	0.097	0.139	AT2G33550	0.404	0.027	0.015	0.012	0.469
vsOthers	1	0.0	1.065	0.097	0.139	AT3G12730	0.0	0.022	0.04	-0.018	0.469
vsOthers	1	0.0	1.065	0.097	0.139	AT4G11660	-0.575	0.019	0.034	-0.015	0.469
vsOthers	1	0.0	1.065	0.185	0.297	AT2G47070	-0.047		0.045	-0.016	0.469
vsOthers	1	0.0	1.065	1.424	0.859	AT3G50700	0.0	0.023	0.014	0.009	0.469
vsOthers	1	0.0	1.065	0.185	0.297	AT3G28920	0.001		0.051	0.018	0.47
vsOthers	1	0.0	1.065	0.185	0.297	AT4G00250	0.0		0.051	-0.014	0.471
vsOthers	1	0.0	1.065	0.185	0.297	AT4G36740	0.0		0.045	-0.016	0.471
vsOthers	1	0.0	1.065	0.185	0.297	AT5G47660	0.813		0.026	0.016	0.471
vsOthers	1	0.0	1.065	1.424	0.859	AT3G52440	0.0	0.05	0.068	-0.018	0.471
vsOthers	1	0.0	1.065	1.424	0.859	AT3G11280	0.0	0.026	0.015	0.011	0.472
vsOthers	1	0.0	1.065	0.185	0.297	AT3G06740	0.093		0.018	0.013	0.473
vsOthers	1	0.0	1.065	0.185	0.297	AT3G25990	0.316		0.012	0.009	0.475
vsOthers	1	0.0	1.065	0.185	0.297	AT3G50700	-0.155		0.021	-0.008	0.475
vsOthers	1	0.0	1.065	0.185	0.297	AT1G12260	0.0		0.03	0.013	0.476
vsOthers	1	0.0	1.065	0.097	0.139	AT3G46590	0.0	0.005	0.016	-0.011	0.477
vsOthers	1	0.0	1.065	0.097	0.139	AT4G24020	0.0	0.01	0.004	0.006	0.477
vsOthers	1	0.0	1.065	0.097	0.139	AT5G14960	0.0	0.006	0.015	-0.009	0.477
vsOthers	1	0.0	1.065	0.097	0.139	AT1G75240	0.0	0.043	0.063	-0.02	0.479
vsOthers	1	0.0	1.065	0.097	0.139	AT5G66940	0.0	0.032	0.055	-0.022	0.479
vsOthers	1	0.0	1.065	1.424	0.859	AT3G17730	0.0	0.046	0.029	0.017	0.479
vsOthers	1	0.0	1.065	1.424	0.859	AT4G01720	0.0	0.014	0.006	0.008	0.481
vsOthers	1	0.0	1.065	0.185	0.297	AT1G54330	0.0		0.03	0.015	0.482
vsOthers	1	0.0	1.065	0.185	0.297	AT2G46770	0.0		0.033	0.014	0.482
vsOthers	1	0.0	1.065	0.185	0.297	AT5G62380	0.0		0.027	0.015	0.482
vsOthers	1	0.0	1.065	0.097	0.139	AT5G51990	0.0	0.045	0.065	-0.02	0.483
vsOthers	1	0.0	1.065	0.097	0.139	AT2G18160	0.0	0.043	0.06	-0.017	0.486
vsOthers	1	0.0	1.065	0.097	0.139	AT5G11260	0.0	0.037	0.06	-0.022	0.486
vsOthers	1	0.0	1.065	0.185	0.297	AT4G25480	0.0		0.052	0.017	0.486
vsOthers	1	0.0	1.065	0.185	0.297	AT5G06960	0.0		0.023	0.012	0.487
vsOthers	1	0.0	1.065	1.424	0.859	AT5G65130	0.0	0.036	0.023	0.013	0.488
vsOthers	1	0.0	1.065	0.185	0.297	AT4G34590	0.0		0.011	0.009	0.489
vsOthers	1	0.0	1.065	0.185	0.297	AT5G03150	0.0		0.022	-0.01	0.489
vsOthers	1	0.0	1.065	1.424	0.859	AT2G01060	0.0	0.026	0.037	-0.011	0.489
vsOthers	1	0.0	1.065	0.185	0.297	AT1G71696	-0.402		0.066	-0.017	0.49
vsOthers	1	0.0	1.065	0.185	0.297	AT2G44940	0.25		0.1	0.016	0.49
vsOthers	1	0.0	1.065	1.424	0.859	AT5G06950	0.0	0.054	0.038	0.016	0.491
vsOthers	1	0.0	1.065	1.424	0.859	AT2G18060	0.0	0.047	0.031	0.016	0.492
vsOthers	1	0.0	1.065	0.185	0.297	AT1G77200	0.0		0.059	0.018	0.493
vsOthers	1	0.0	1.065	0.185	0.297	AT5G39610	0.0		0.031	0.015	0.493
vsOthers	1	0.0	1.065	0.185	0.297	AT2G45650	0.0		0.001	0.004	0.495
vsOthers	1	0.0	1.065	0.185	0.297	AT2G33710	-0.019		0.069	-0.017	0.497
vsOthers	1	0.0	1.065	0.097	0.139	AT2G35530	0.0	0.051	0.07	-0.019	0.498
vsOthers	1	0.0	1.065	0.097	0.139	AT2G24570	0.0	0.001	0.007	-0.007	0.499
vsOthers	1	0.0	1.065	1.424	0.859	AT5G39820	0.0	0.017	0.01	0.007	0.501
vsOthers	1	0.0	1.065	0.185	0.297	AT4G18770	0.0		0.072	-0.018	0.502
vsOthers	1	0.0	1.065	0.097	0.139	AT1G51700	0.0	0.026	0.043	-0.017	0.503
vsOthers	1	0.0	1.065	0.185	0.297	AT5G16820	0.829		0.038	0.015	0.503
vsOthers	1	0.0	1.065	0.185	0.297	AT5G65310	0.0		0.053	-0.015	0.503
vsOthers	1	0.0	1.065	1.424	0.859	AT1G02250	0.0	0.037	0.053	-0.016	0.503
vsOthers	1	0.0	1.065	1.424	0.859	AT3G23240	0.0	0.034	0.021	0.013	0.505
vsOthers	1	0.0	1.065	1.424	0.859	AT5G62940	0.0	0.038	0.055	-0.017	0.507
vsOthers	1	0.0	1.065	1.424	0.859	AT2G22430	0.0	0.037	0.023	0.014	0.508
vsOthers	1	0.0	1.065	1.424	0.859	AT1G63030	0.0	0.006	0.002	0.003	0.509
vsOthers	1	0.0	1.065	1.424	0.859	AT1G72360	0.0	0.008	0.003	0.005	0.509
vsOthers	1	0.0	1.065	1.424	0.859	AT5G10140	0.0	0.001	0.005	-0.004	0.509
vsOthers	1	0.0	1.065	0.185	0.297	AT5G18560	0.0		0.037	-0.013	0.511
vsOthers	1	0.0	1.065	1.424	0.859	AT1G34370	0.0	0.014	0.007	0.008	0.511
vsOthers	1	0.0	1.065	1.424	0.859	AT3G04070	0.0	0.015	0.007	0.008	0.511
vsOthers	1	0.0	1.065	0.185	0.297	AT3G13810	0.0		0.035	-0.012	0.512
vsOthers	1	0.0	1.065	0.185	0.297	AT3G23240	0.0		0.031	-0.013	0.512
vsOthers	1	0.0	1.065	1.424	0.859	AT1G79580	0.0	0.056	0.043	0.014	0.513
vsOthers	1	0.0	1.065	0.185	0.297	AT3G30210	0.0		0.014	-0.006	0.517
vsOthers	1	0.0	1.065	0.185	0.297	AT4G25470	0.297		0.042	0.015	0.517
vsOthers	1	0.0	1.065	0.185	0.297	AT1G32510	0.0		0.0	0.001	0.521
vsOthers	1	0.0	1.065	0.185	0.297	AT1G74370	0.0		0.001	-0.001	0.521
vsOthers	1	0.0	1.065	0.185	0.297	AT1G79580	0.0		0.041	0.015	0.522
vsOthers	1	0.0	1.065	0.185	0.297	AT5G66700	0.0		0.051	-0.013	0.522
vsOthers	1	0.0	1.065	0.185	0.297	AT2G40740	0.949		0.074	0.017	0.524
vsOthers	1	0.0	1.065	0.185	0.297	AT2G18380	-0.051		0.054	-0.015	0.525
vsOthers	1	0.0	1.065	0.185	0.297	AT4G11660	0.0		0.025	0.013	0.526
vsOthers	1	0.0	1.065	1.424	0.859	AT1G50640	0.0	0.06	0.043	0.017	0.526
vsOthers	1	0.0	1.065	1.424	0.859	AT1G75240	0.0	0.067	0.053	0.014	0.526
vsOthers	1	0.0	1.065	1.424	0.859	AT2G45410	0.0	0.067	0.053	0.014	0.526
vsOthers	1	0.0	1.065	1.424	0.859	AT1G19040	0.0	0.016	0.007	0.009	0.527
vsOthers	1	0.0	1.065	1.424	0.859	AT1G69560	0.0	0.015	0.005	0.01	0.527
vsOthers	1	0.0	1.065	1.424	0.859	AT1G69690	0.0	0.016	0.009	0.007	0.527
vsOthers	1	0.0	1.065	0.097	0.139	AT4G34410	0.0	0.06	0.079	-0.019	0.528
vsOthers	1	0.0	1.065	1.424	0.859	AT2G02070	0.0	0.043	0.03	0.013	0.529
vsOthers	1	0.0	1.065	0.097	0.139	AT1G33240	0.0	0.038	0.051	-0.014	0.532
vsOthers	1	0.0	1.065	0.185	0.297	AT1G19790	0.0		0.02	0.01	0.532
vsOthers	1	0.0	1.065	0.185	0.297	AT5G26170	-0.204		0.206	-0.019	0.533
vsOthers	1	0.0	1.065	0.097	0.139	AT3G06490	-0.364	0.006	0.016	-0.01	0.534
vsOthers	1	0.0	1.065	0.097	0.139	AT5G08520	0.0	0.044	0.061	-0.016	0.534
vsOthers	1	0.0	1.065	0.097	0.139	AT2G01060	0.0	0.042	0.03	0.012	0.535
vsOthers	1	0.0	1.065	0.097	0.139	AT5G02840	0.0	0.007	0.017	-0.009	0.535
vsOthers	1	0.0	1.065	0.185	0.297	AT1G69560	0.0		0.012	-0.009	0.535
vsOthers	1	0.0	1.065	0.185	0.297	AT1G69690	0.0		0.015	-0.007	0.535
vsOthers	1	0.0	1.065	0.185	0.297	AT1G75390	0.0		0.012	0.007	0.535
vsOthers	1	0.0	1.065	0.097	0.139	AT2G42590	0.0	0.004	0.009	-0.005	0.536
vsOthers	1	0.0	1.065	0.097	0.139	AT5G67450	0.0	0.011	0.006	0.005	0.536
vsOthers	1	0.0	1.065	0.097	0.139	AT1G04880	0.0	0.007	0.017	-0.01	0.538
vsOthers	1	0.0	1.065	0.185	0.297	AT3G42860	0.0		0.096	-0.013	0.538
vsOthers	1	0.0	1.065	0.185	0.297	AT5G23930	0.0		0.059	-0.015	0.538
vsOthers	1	0.0	1.065	0.185	0.297	AT5G63090	0.0		0.028	-0.009	0.538
vsOthers	1	0.0	1.065	1.424	0.859	AT1G74370	0.0	0.002	0.0	0.002	0.538
vsOthers	1	0.0	1.065	1.424	0.859	AT2G38880	0.0	0.0	0.003	-0.003	0.538
vsOthers	1	0.0	1.065	1.424	0.859	AT5G25475	0.0	0.002	0.0	0.002	0.538
vsOthers	1	0.0	1.065	1.424	0.859	AT5G38860	0.0	0.002	0.0	0.002	0.538
vsOthers	1	0.0	1.065	1.424	0.859	AT3G60580	0.0	0.015	0.024	-0.009	0.54
vsOthers	1	0.0	1.065	0.097	0.139	AT3G21890	0.0	0.109	0.126	-0.017	0.541
vsOthers	1	0.0	1.065	0.185	0.297	AT5G11260	0.518		0.048	0.014	0.541
vsOthers	1	0.0	1.065	0.185	0.297	AT5G25390	0.0		0.007	-0.004	0.541
vsOthers	1	0.0	1.065	1.424	0.859	AT1G47655	0.0	0.028	0.042	-0.014	0.541
vsOthers	1	0.0	1.065	0.185	0.297	AT2G35700	0.0		0.051	0.016	0.542
vsOthers	1	0.0	1.065	0.185	0.297	AT4G25490	0.0		0.051	0.016	0.542
vsOthers	1	0.0	1.065	0.185	0.297	AT5G60850	0.0		0.05	0.015	0.542
vsOthers	1	0.0	1.065	0.097	0.139	AT1G32240	0.0	0.001	0.007	-0.006	0.543
vsOthers	1	0.0	1.065	0.097	0.139	AT1G53230	0.0	0.003	0.011	-0.008	0.543
vsOthers	1	0.0	1.065	0.097	0.139	AT2G17410	0.0	0.001	0.009	-0.008	0.543
vsOthers	1	0.0	1.065	0.097	0.139	AT3G01220	0.0	0.02	0.034	-0.014	0.543
vsOthers	1	0.0	1.065	0.097	0.139	AT3G61250	0.0	0.001	0.007	-0.006	0.543
vsOthers	1	0.0	1.065	0.097	0.139	AT4G01500	0.0	0.002	0.008	-0.007	0.543
vsOthers	1	0.0	1.065	0.097	0.139	AT4G18890	0.0	0.002	0.009	-0.007	0.543
vsOthers	1	0.0	1.065	0.097	0.139	AT5G45300	0.0	0.015	0.028	-0.013	0.545
vsOthers	1	0.0	1.065	1.424	0.859	AT1G32150	0.0	0.073	0.059	0.014	0.546
vsOthers	1	0.0	1.065	0.097	0.139	AT1G06850	-0.22	0.021	0.033	-0.012	0.547
vsOthers	1	0.0	1.065	0.097	0.139	AT1G71450	0.0	0.073	0.092	-0.018	0.548
vsOthers	1	0.0	1.065	1.424	0.859	AT3G15170	0.0	0.03	0.02	0.01	0.549
vsOthers	1	0.0	1.065	0.097	0.139	AT3G50060	0.0	0.144	0.128	0.016	0.55
vsOthers	1	0.0	1.065	0.097	0.139	AT4G37260	-0.391	0.144	0.128	0.016	0.55
vsOthers	1	0.0	1.065	1.424	0.859	AT4G31060	0.0	0.077	0.062	0.015	0.55
vsOthers	1	0.0	1.065	0.097	0.139	AT3G45610	0.0	0.041	0.056	-0.015	0.552
vsOthers	1	0.0	1.065	0.185	0.297	AT1G12630	0.0		0.055	0.015	0.552
vsOthers	1	0.0	1.065	1.424	0.859	AT2G24570	0.0	0.01	0.003	0.006	0.552
vsOthers	1	0.0	1.065	1.424	0.859	AT1G54330	0.0	0.044	0.031	0.012	0.553
vsOthers	1	0.0	1.065	0.185	0.297	AT2G45680	0.0		0.009	-0.004	0.555
vsOthers	1	0.0	1.065	0.185	0.297	AT3G02990	0.0		0.002	0.005	0.555
vsOthers	1	0.0	1.065	0.097	0.139	AT2G01818	0.0	0.005	0.016	-0.011	0.557
vsOthers	1	0.0	1.065	0.097	0.139	AT3G58630	-0.076	0.013	0.025	-0.011	0.557
vsOthers	1	0.0	1.065	0.097	0.139	AT3G60530	0.0	0.025	0.015	0.01	0.557
vsOthers	1	0.0	1.065	0.185	0.297	AT1G08010	0.0		0.04	-0.012	0.557
vsOthers	1	0.0	1.065	1.424	0.859	AT2G17900	0.0	0.003	0.0	0.003	0.557
vsOthers	1	0.0	1.065	1.424	0.859	AT2G39900	0.0	0.001	0.003	-0.002	0.557
vsOthers	1	0.0	1.065	1.424	0.859	AT3G09230	0.0	0.002	0.001	0.002	0.557
vsOthers	1	0.0	1.065	1.424	0.859	AT3G61120	0.0	0.0	0.001	-0.001	0.557
vsOthers	1	0.0	1.065	1.424	0.859	AT4G24240	0.0	0.003	0.001	0.003	0.557
vsOthers	1	0.0	1.065	1.424	0.859	AT4G28110	0.0	0.001	0.002	-0.001	0.557
vsOthers	1	0.0	1.065	1.424	0.859	AT4G30080	0.0	0.003	0.0	0.003	0.557
vsOthers	1	0.0	1.065	1.424	0.859	AT5G14340	0.0	0.002	0.001	0.001	0.557
vsOthers	1	0.0	1.065	1.424	0.859	AT5G49300	0.0	0.0	0.002	-0.002	0.557
vsOthers	1	0.0	1.065	1.424	0.859	AT5G56930	0.0	0.003	0.001	0.002	0.557
vsOthers	1	0.0	1.065	1.424	0.859	AT5G62165	0.0	0.0	0.002	-0.002	0.557
vsOthers	1	0.0	1.065	0.097	0.139	AT4G26030	0.0	0.02	0.032	-0.012	0.558
vsOthers	1	0.0	1.065	1.424	0.859	AT2G44940	0.0	0.097	0.112	-0.015	0.558
vsOthers	1	0.0	1.065	1.424	0.859	AT3G10500	0.0	0.117	0.102	0.015	0.559
vsOthers	1	0.0	1.065	0.185	0.297	AT3G62420	0.0		0.056	0.015	0.561
vsOthers	1	0.0	1.065	0.185	0.297	AT1G70920	0.0		0.029	-0.01	0.564
vsOthers	1	0.0	1.065	1.424	0.859	AT3G18990	0.0	0.053	0.039	0.014	0.564
vsOthers	1	0.0	1.065	0.097	0.139	AT2G35700	0.0	0.046	0.062	-0.016	0.565
vsOthers	1	0.0	1.065	1.424	0.859	AT3G04060	0.0	0.12	0.106	0.014	0.565
vsOthers	1	0.0	1.065	0.097	0.139	AT3G12130	0.0	0.025	0.037	-0.012	0.566
vsOthers	1	0.0	1.065	0.097	0.139	AT3G12720	0.0	0.024	0.036	-0.012	0.566
vsOthers	1	0.0	1.065	0.097	0.139	AT5G52660	0.0	0.022	0.039	-0.016	0.566
vsOthers	1	0.0	1.065	0.185	0.297	AT2G17900	0.0		0.002	-0.002	0.566
vsOthers	1	0.0	1.065	0.185	0.297	AT3G61120	0.0		0.0	0.002	0.566
vsOthers	1	0.0	1.065	0.185	0.297	AT4G01280	0.0		0.035	0.013	0.566
vsOthers	1	0.0	1.065	0.185	0.297	AT4G27950	0.0		0.026	-0.011	0.566
vsOthers	1	0.0	1.065	0.185	0.297	AT4G28110	0.0		0.001	0.001	0.566
vsOthers	1	0.0	1.065	0.185	0.297	AT4G30080	0.0		0.002	-0.002	0.566
vsOthers	1	0.0	1.065	0.185	0.297	AT5G49300	0.0		0.0	0.003	0.566
vsOthers	1	0.0	1.065	0.185	0.297	AT5G62165	0.0		0.0	0.002	0.566
vsOthers	1	0.0	1.065	1.424	0.859	AT1G25550	0.0	0.034	0.022	0.012	0.568
vsOthers	1	0.0	1.065	1.424	0.859	AT4G01550	0.0	0.037	0.049	-0.012	0.569
vsOthers	1	0.0	1.065	0.185	0.297	AT3G18990	0.0		0.039	0.013	0.57
vsOthers	1	0.0	1.065	0.185	0.297	AT3G10480	0.0		0.031	0.012	0.571
vsOthers	1	0.0	1.065	1.424	0.859	AT1G28470	0.0	0.068	0.086	-0.018	0.571
vsOthers	1	0.0	1.065	1.424	0.859	AT3G04030	0.0	0.054	0.042	0.012	0.571
vsOthers	1	0.0	1.065	0.097	0.139	AT1G77200	0.0	0.054	0.07	-0.017	0.575
vsOthers	1	0.0	1.065	0.185	0.297	AT2G18060	0.0		0.032	0.012	0.575
vsOthers	1	0.0	1.065	0.097	0.139	AT1G06180	0.0	0.012	0.021	-0.009	0.576
vsOthers	1	0.0	1.065	0.185	0.297	AT1G68670	0.0		0.015	-0.007	0.576
vsOthers	1	0.0	1.065	0.097	0.139	AT1G46264	0.0	0.001	0.001	-0.0	0.577
vsOthers	1	0.0	1.065	0.097	0.139	AT3G13040	0.0	0.002	0.002	-0.0	0.577
vsOthers	1	0.0	1.065	0.097	0.139	AT3G46070	0.0	0.002	0.001	0.001	0.577
vsOthers	1	0.0	1.065	0.097	0.139	AT4G17460	0.0	0.003	0.001	0.002	0.577
vsOthers	1	0.0	1.065	0.097	0.139	AT4G38910	0.0	0.002	0.0	0.001	0.577
vsOthers	1	0.0	1.065	0.097	0.139	AT5G18090	0.0	0.0	0.001	-0.001	0.577
vsOthers	1	0.0	1.065	0.097	0.139	AT5G40330	0.0	0.0	0.003	-0.003	0.577
vsOthers	1	0.0	1.065	1.424	0.859	AT5G47370	0.0	0.047	0.034	0.013	0.577
vsOthers	1	0.0	1.065	1.424	0.859	AT1G74480	0.0	0.058	0.046	0.012	0.578
vsOthers	1	0.0	1.065	0.185	0.297	AT1G52880	0.0		0.044	0.014	0.579
vsOthers	1	0.0	1.065	0.097	0.139	AT2G39900	0.0	0.005	0.002	0.003	0.581
vsOthers	1	0.0	1.065	0.097	0.139	AT3G56850	0.0	0.052	0.068	-0.016	0.581
vsOthers	1	0.0	1.065	0.097	0.139	AT4G24240	0.0	0.0	0.002	-0.002	0.581
vsOthers	1	0.0	1.065	0.097	0.139	AT5G14340	0.0	0.0	0.002	-0.002	0.581
vsOthers	1	0.0	1.065	0.097	0.139	AT5G49300	0.0	0.0	0.002	-0.002	0.581
vsOthers	1	0.0	1.065	0.097	0.139	AT5G56930	0.0	0.0	0.002	-0.002	0.581
vsOthers	1	0.0	1.065	0.185	0.297	AT3G24520	0.0		0.042	0.013	0.581
vsOthers	1	0.0	1.065	0.185	0.297	AT3G51080	0.0		0.007	-0.005	0.581
vsOthers	1	0.0	1.065	0.185	0.297	AT2G42590	0.0		0.006	0.004	0.583
vsOthers	1	0.0	1.065	0.185	0.297	AT5G67450	0.0		0.006	0.003	0.583
vsOthers	1	0.0	1.065	0.097	0.139	AT5G47660	-0.266	0.024	0.034	-0.011	0.584
vsOthers	1	0.0	1.065	0.097	0.139	AT1G21910	0.0	0.015	0.024	-0.009	0.585
vsOthers	1	0.0	1.065	0.097	0.139	AT5G43840	0.0	0.002	0.008	-0.006	0.585
vsOthers	1	0.0	1.065	0.185	0.297	AT5G62470	-0.238		0.042	-0.008	0.585
vsOthers	1	0.0	1.065	1.424	0.859	AT3G25990	0.0	0.011	0.017	-0.007	0.586
vsOthers	1	0.0	1.065	1.424	0.859	AT4G05100	0.0	0.009	0.017	-0.008	0.586
vsOthers	1	0.0	1.065	0.097	0.139	AT2G17950	0.0	0.002	0.008	-0.006	0.588
vsOthers	1	0.0	1.065	1.424	0.859	AT1G69010	0.0	0.049	0.035	0.014	0.589
vsOthers	1	0.0	1.065	1.424	0.859	AT1G53230	0.0	0.013	0.006	0.007	0.591
vsOthers	1	0.0	1.065	1.424	0.859	AT3G45170	0.0	0.01	0.007	0.003	0.591
vsOthers	1	0.0	1.065	1.424	0.859	AT3G61250	0.0	0.003	0.007	-0.004	0.591
vsOthers	1	0.0	1.065	1.424	0.859	AT4G18890	0.0	0.01	0.006	0.004	0.591
vsOthers	1	0.0	1.065	1.424	0.859	AT5G18560	0.0	0.037	0.029	0.008	0.591
vsOthers	1	0.0	1.065	1.424	0.859	AT3G13810	0.0	0.038	0.027	0.011	0.594
vsOthers	1	0.0	1.065	1.424	0.859	AT1G76110	0.0	0.022	0.013	0.008	0.595
vsOthers	1	0.0	1.065	0.185	0.297	AT1G25340	0.0		0.023	0.01	0.596
vsOthers	1	0.0	1.065	0.185	0.297	AT1G26960	0.0		0.043	0.015	0.599
vsOthers	1	0.0	1.065	0.185	0.297	AT2G01930	0.304		0.048	0.011	0.599
vsOthers	1	0.0	1.065	0.097	0.139	AT1G13300	0.0	0.0	0.003	-0.003	0.6
vsOthers	1	0.0	1.065	0.097	0.139	AT1G76870	0.0	0.002	0.004	-0.003	0.6
vsOthers	1	0.0	1.065	0.097	0.139	AT3G12910	0.0	0.0	0.002	-0.002	0.6
vsOthers	1	0.0	1.065	0.097	0.139	AT3G22780	0.0	0.0	0.004	-0.004	0.6
vsOthers	1	0.0	1.065	0.097	0.139	AT3G23250	0.0	0.0	0.003	-0.003	0.6
vsOthers	1	0.0	1.065	0.097	0.139	AT5G08070	0.0	0.0	0.005	-0.005	0.6
vsOthers	1	0.0	1.065	0.097	0.139	AT5G52170	0.0	0.0	0.003	-0.003	0.6
vsOthers	1	0.0	1.065	0.185	0.297	AT5G10280	0.0		0.002	0.005	0.601
vsOthers	1	0.0	1.065	1.424	0.859	AT1G22070	0.0	0.009	0.004	0.005	0.601
vsOthers	1	0.0	1.065	0.185	0.297	AT1G50640	0.0		0.054	-0.012	0.604
vsOthers	1	0.0	1.065	1.424	0.859	AT3G12130	0.0	0.027	0.038	-0.011	0.606
vsOthers	1	0.0	1.065	1.424	0.859	AT3G12730	0.0	0.043	0.031	0.012	0.606
vsOthers	1	0.0	1.065	0.097	0.139	AT2G01940	-0.293	0.034	0.048	-0.014	0.607
vsOthers	1	0.0	1.065	0.097	0.139	AT3G44480	0.0	0.027	0.042	-0.015	0.608
vsOthers	1	0.0	1.065	0.185	0.297	AT5G18450	0.0		0.037	-0.011	0.608
vsOthers	1	0.0	1.065	0.097	0.139	AT5G65510	0.0	0.021	0.03	-0.009	0.609
vsOthers	1	0.0	1.065	0.097	0.139	AT5G16820	0.0	0.034	0.047	-0.013	0.61
vsOthers	1	0.0	1.065	0.185	0.297	AT1G22070	0.0		0.007	-0.004	0.61
vsOthers	1	0.0	1.065	0.097	0.139	AT3G24520	0.0	0.038	0.05	-0.011	0.614
vsOthers	1	0.0	1.065	0.185	0.297	AT3G12720	0.314		0.029	0.01	0.614
vsOthers	1	0.0	1.065	1.424	0.859	AT1G28160	0.0	0.065	0.054	0.011	0.616
vsOthers	1	0.0	1.065	1.424	0.859	AT5G15830	0.0	0.068	0.057	0.011	0.616
vsOthers	1	0.0	1.065	0.185	0.297	AT1G69180	0.0		0.033	-0.01	0.617
vsOthers	1	0.0	1.065	0.097	0.139	AT2G15660	0.0	0.002	0.01	-0.008	0.62
vsOthers	1	0.0	1.065	0.097	0.139	AT1G70920	0.0	0.017	0.027	-0.011	0.621
vsOthers	1	0.0	1.065	0.097	0.139	AT2G31230	0.0	0.053	0.041	0.012	0.621
vsOthers	1	0.0	1.065	0.185	0.297	AT1G32150	0.0		0.059	0.013	0.621
vsOthers	1	0.0	1.065	0.185	0.297	AT2G02070	0.0		0.038	-0.01	0.621
vsOthers	1	0.0	1.065	1.424	0.859	AT2G33810	0.0	0.012	0.005	0.006	0.621
vsOthers	1	0.0	1.065	1.424	0.859	AT5G43840	0.0	0.003	0.008	-0.006	0.621
vsOthers	1	0.0	1.065	0.097	0.139	AT1G34370	0.0	0.003	0.011	-0.008	0.622
vsOthers	1	0.0	1.065	0.097	0.139	AT3G04070	0.0	0.003	0.012	-0.009	0.622
vsOthers	1	0.0	1.065	0.097	0.139	AT4G25470	0.0	0.038	0.05	-0.012	0.622
vsOthers	1	0.0	1.065	0.097	0.139	AT4G27950	0.01	0.031	0.019	0.012	0.622
vsOthers	1	0.0	1.065	0.097	0.139	AT5G56840	0.0	0.046	0.059	-0.013	0.622
vsOthers	1	0.0	1.065	0.097	0.139	AT5G59990	0.0	0.012	0.008	0.004	0.622
vsOthers	1	0.0	1.065	0.185	0.297	AT1G28160	0.0		0.064	-0.014	0.622
vsOthers	1	0.0	1.065	0.185	0.297	AT5G15830	0.0		0.056	0.013	0.622
vsOthers	1	0.0	1.065	1.424	0.859	AT1G01060	0.0	0.045	0.035	0.01	0.622
vsOthers	1	0.0	1.065	1.424	0.859	AT2G33710	0.0	0.07	0.058	0.012	0.622
vsOthers	1	0.0	1.065	1.424	0.859	AT5G67580	0.0	0.032	0.043	-0.011	0.622
vsOthers	1	0.0	1.065	0.185	0.297	AT1G06180	0.0		0.016	0.007	0.624
vsOthers	1	0.0	1.065	0.185	0.297	AT3G60490	0.0		0.038	0.01	0.625
vsOthers	1	0.0	1.065	1.424	0.859	AT4G18770	0.0	0.072	0.06	0.012	0.625
vsOthers	1	0.0	1.065	1.424	0.859	AT5G54230	0.0	0.104	0.093	0.011	0.626
vsOthers	1	0.0	1.065	1.424	0.859	AT1G09540	0.0	0.043	0.033	0.011	0.628
vsOthers	1	0.0	1.065	1.424	0.859	AT1G12260	0.0	0.041	0.032	0.009	0.628
vsOthers	1	0.0	1.065	1.424	0.859	AT4G10350	0.0	0.04	0.03	0.01	0.628
vsOthers	1	0.0	1.065	0.097	0.139	AT1G53170	0.497	0.087	0.104	-0.017	0.631
vsOthers	1	0.0	1.065	0.185	0.297	AT1G47655	0.0		0.032	0.012	0.631
vsOthers	1	0.0	1.065	0.185	0.297	AT5G54230	0.003		0.092	0.012	0.631
vsOthers	1	0.0	1.065	0.097	0.139	AT2G01930	0.0	0.063	0.049	0.014	0.632
vsOthers	1	0.0	1.065	0.185	0.297	AT2G36270	0.0		0.062	0.013	0.632
vsOthers	1	0.0	1.065	1.424	0.859	AT1G51700	0.0	0.031	0.043	-0.011	0.632
vsOthers	1	0.0	1.065	1.424	0.859	AT2G46770	0.0	0.045	0.035	0.01	0.632
vsOthers	1	0.0	1.065	0.185	0.297	AT5G52830	-0.316		0.066	-0.011	0.633
vsOthers	1	0.0	1.065	0.185	0.297	AT1G09540	0.0		0.032	0.011	0.635
vsOthers	1	0.0	1.065	0.185	0.297	AT4G10350	0.0		0.029	0.012	0.635
vsOthers	1	0.0	1.065	0.185	0.297	AT1G21910	0.0		0.024	-0.006	0.636
vsOthers	1	0.0	1.065	0.185	0.297	AT1G65620	0.0		0.01	-0.003	0.636
vsOthers	1	0.0	1.065	0.185	0.297	AT2G17950	-0.518		0.01	-0.007	0.636
vsOthers	1	0.0	1.065	0.185	0.297	AT2G33810	0.0		0.01	-0.005	0.636
vsOthers	1	0.0	1.065	0.185	0.297	AT2G33550	0.0		0.021	-0.007	0.637
vsOthers	1	0.0	1.065	0.185	0.297	AT3G09735	0.0		0.034	0.011	0.639
vsOthers	1	0.0	1.065	1.424	0.859	AT1G72010	0.0	0.03	0.021	0.008	0.64
vsOthers	1	0.0	1.065	1.424	0.859	AT3G10480	0.0	0.041	0.032	0.009	0.642
vsOthers	1	0.0	1.065	1.424	0.859	AT5G39610	0.0	0.044	0.033	0.012	0.642
vsOthers	1	0.0	1.065	0.185	0.297	AT3G17730	0.0		0.032	0.008	0.643
vsOthers	1	0.0	1.065	0.185	0.297	AT3G01970	-0.609		0.081	-0.012	0.645
vsOthers	1	0.0	1.065	0.185	0.297	AT3G16280	0.0		0.039	0.011	0.645
vsOthers	1	0.0	1.065	0.185	0.297	AT5G22990	-0.606		0.09	-0.013	0.646
vsOthers	1	0.0	1.065	1.424	0.859	AT2G01940	0.0	0.052	0.04	0.012	0.646
vsOthers	1	0.0	1.065	1.424	0.859	AT5G04410	0.0	0.047	0.037	0.01	0.646
vsOthers	1	0.0	1.065	0.097	0.139	AT2G46590	0.0	0.042	0.054	-0.013	0.647
vsOthers	1	0.0	1.065	1.424	0.859	AT2G02820	0.0	0.092	0.078	0.015	0.647
vsOthers	1	0.0	1.065	0.097	0.139	AT3G28910	0.0	0.006	0.015	-0.008	0.648
vsOthers	1	0.0	1.065	1.424	0.859	AT5G08330	0.0	0.034	0.024	0.01	0.649
vsOthers	1	0.0	1.065	0.097	0.139	AT5G13790	0.0	0.005	0.012	-0.007	0.651
vsOthers	1	0.0	1.065	0.185	0.297	AT3G02940	0.0		0.039	0.009	0.651
vsOthers	1	0.0	1.065	0.185	0.297	AT1G13300	0.0		0.002	0.001	0.653
vsOthers	1	0.0	1.065	0.185	0.297	AT1G76870	0.0		0.002	0.003	0.653
vsOthers	1	0.0	1.065	0.185	0.297	AT2G31460	0.0		0.003	-0.003	0.653
vsOthers	1	0.0	1.065	0.185	0.297	AT3G22780	0.0		0.003	0.0	0.653
vsOthers	1	0.0	1.065	0.185	0.297	AT3G23250	0.0		0.001	0.003	0.653
vsOthers	1	0.0	1.065	0.185	0.297	AT3G60580	0.041		0.018	0.008	0.653
vsOthers	1	0.0	1.065	0.185	0.297	AT5G08070	0.0		0.004	-0.002	0.653
vsOthers	1	0.0	1.065	0.185	0.297	AT5G52170	0.0		0.001	0.004	0.653
vsOthers	1	0.0	1.065	0.097	0.139	AT1G68320	0.0	0.019	0.029	-0.011	0.654
vsOthers	1	0.0	1.065	0.097	0.139	AT3G08500	0.0	0.018	0.03	-0.011	0.654
vsOthers	1	0.0	1.065	0.097	0.139	AT4G01680	0.0	0.023	0.03	-0.007	0.654
vsOthers	1	0.0	1.065	0.185	0.297	AT1G75080	0.0		0.011	-0.005	0.655
vsOthers	1	0.0	1.065	0.185	0.297	AT3G01470	0.0		0.011	-0.004	0.655
vsOthers	1	0.0	1.065	1.424	0.859	AT1G71450	0.0	0.095	0.083	0.012	0.655
vsOthers	1	0.0	1.065	0.185	0.297	AT2G42200	0.0		0.053	-0.011	0.656
vsOthers	1	0.0	1.065	0.185	0.297	AT4G17460	0.0		0.003	-0.002	0.656
vsOthers	1	0.0	1.065	0.185	0.297	AT5G18090	0.0		0.0	0.002	0.656
vsOthers	1	0.0	1.065	1.424	0.859	AT3G26790	0.0	0.015	0.01	0.005	0.657
vsOthers	1	0.0	1.065	1.424	0.859	AT1G30490	0.0	0.027	0.02	0.008	0.658
vsOthers	1	0.0	1.065	1.424	0.859	AT1G13300	0.0	0.003	0.002	0.001	0.659
vsOthers	1	0.0	1.065	1.424	0.859	AT1G22810	0.0	0.044	0.053	-0.009	0.659
vsOthers	1	0.0	1.065	1.424	0.859	AT1G76870	0.0	0.003	0.004	-0.002	0.659
vsOthers	1	0.0	1.065	1.424	0.859	AT2G31460	0.0	0.004	0.001	0.003	0.659
vsOthers	1	0.0	1.065	1.424	0.859	AT3G12910	0.0	0.003	0.001	0.002	0.659
vsOthers	1	0.0	1.065	1.424	0.859	AT3G22780	0.0	0.005	0.002	0.003	0.659
vsOthers	1	0.0	1.065	1.424	0.859	AT3G23250	0.0	0.001	0.002	-0.001	0.659
vsOthers	1	0.0	1.065	1.424	0.859	AT5G52170	0.0	0.001	0.003	-0.002	0.659
vsOthers	1	0.0	1.065	0.185	0.297	AT2G15660	0.0		0.006	0.004	0.66
vsOthers	1	0.0	1.065	0.185	0.297	AT3G26790	0.0		0.014	-0.005	0.66
vsOthers	1	0.0	1.065	1.424	0.859	AT3G47500	0.0	0.13	0.119	0.011	0.66
vsOthers	1	0.0	1.065	0.097	0.139	AT1G31140	0.0	0.024	0.035	-0.011	0.663
vsOthers	1	0.0	1.065	0.185	0.297	AT1G06280	-0.239		0.1	-0.013	0.663
vsOthers	1	0.0	1.065	0.185	0.297	AT4G36780	-0.022		0.051	-0.012	0.663
vsOthers	1	0.0	1.065	0.185	0.297	AT5G08520	0.0		0.061	-0.01	0.663
vsOthers	1	0.0	1.065	1.424	0.859	AT3G18400	0.0	0.054	0.043	0.011	0.663
vsOthers	1	0.0	1.065	0.185	0.297	AT1G30490	0.236		0.02	0.007	0.664
vsOthers	1	0.0	1.065	0.185	0.297	AT1G52150	0.0		0.018	0.007	0.664
vsOthers	1	0.0	1.065	1.424	0.859	AT1G36060	0.0	0.035	0.027	0.008	0.666
vsOthers	1	0.0	1.065	1.424	0.859	AT2G18380	0.0	0.054	0.044	0.01	0.666
vsOthers	1	0.0	1.065	1.424	0.859	AT2G24430	0.0	0.052	0.042	0.01	0.666
vsOthers	1	0.0	1.065	1.424	0.859	AT5G47230	0.0	0.033	0.027	0.007	0.667
vsOthers	1	0.0	1.065	0.097	0.139	AT1G19210	0.0	0.064	0.076	-0.013	0.668
vsOthers	1	0.0	1.065	0.097	0.139	AT1G68670	0.0	0.006	0.015	-0.009	0.67
vsOthers	1	0.0	1.065	0.185	0.297	AT2G24430	0.0		0.041	0.012	0.672
vsOthers	1	0.0	1.065	0.185	0.297	AT1G43700	0.0		0.014	-0.006	0.673
vsOthers	1	0.0	1.065	0.185	0.297	AT2G28920	0.0		0.01	0.004	0.673
vsOthers	1	0.0	1.065	0.185	0.297	AT5G59990	0.0		0.011	-0.005	0.673
vsOthers	1	0.0	1.065	1.424	0.859	AT1G10720	0.0	0.0	0.001	-0.001	0.673
vsOthers	1	0.0	1.065	1.424	0.859	AT4G38620	0.0	0.0	0.004	-0.004	0.673
vsOthers	1	0.0	1.065	1.424	0.859	AT5G42520	0.0	0.001	0.004	-0.003	0.673
vsOthers	1	0.0	1.065	0.185	0.297	AT2G04038	0.0		0.048	0.013	0.675
vsOthers	1	0.0	1.065	0.185	0.297	AT2G38340	0.0		0.138	-0.013	0.675
vsOthers	1	0.0	1.065	1.424	0.859	AT5G23930	0.0	0.06	0.049	0.01	0.676
vsOthers	1	0.0	1.065	0.097	0.139	AT1G01060	0.0	0.029	0.042	-0.013	0.678
vsOthers	1	0.0	1.065	0.097	0.139	AT5G67580	0.0	0.046	0.037	0.009	0.678
vsOthers	1	0.0	1.065	1.424	0.859	AT1G75490	0.0	0.034	0.028	0.006	0.678
vsOthers	1	0.0	1.065	1.424	0.859	AT5G62320	0.0	0.021	0.027	-0.006	0.678
vsOthers	1	0.0	1.065	1.424	0.859	AT2G28810	0.0	0.053	0.064	-0.011	0.679
vsOthers	1	0.0	1.065	1.424	0.859	AT5G10030	0.0	0.064	0.055	0.009	0.679
vsOthers	1	0.0	1.065	0.185	0.297	AT1G75490	0.0		0.034	-0.008	0.683
vsOthers	1	0.0	1.065	0.185	0.297	AT5G65130	0.0		0.031	-0.008	0.683
vsOthers	1	0.0	1.065	0.185	0.297	AT2G18160	0.0		0.052	0.01	0.684
vsOthers	1	0.0	1.065	1.424	0.859	AT3G12250	0.0	0.061	0.052	0.009	0.684
vsOthers	1	0.0	1.065	0.097	0.139	AT1G23810	0.0	0.0	0.003	-0.003	0.687
vsOthers	1	0.0	1.065	0.097	0.139	AT3G20840	0.0	0.0	0.006	-0.006	0.687
vsOthers	1	0.0	1.065	0.097	0.139	AT5G61270	0.0	0.004	0.003	0.001	0.687
vsOthers	1	0.0	1.065	0.185	0.297	AT2G46590	0.0		0.047	0.011	0.687
vsOthers	1	0.0	1.065	1.424	0.859	AT2G35530	0.0	0.071	0.062	0.01	0.687
vsOthers	1	0.0	1.065	0.185	0.297	AT2G20110	0.0		0.067	-0.009	0.689
vsOthers	1	0.0	1.065	0.097	0.139	AT1G27360	0.0	0.0	0.003	-0.003	0.69
vsOthers	1	0.0	1.065	0.097	0.139	AT1G76880	0.0	0.0	0.003	-0.002	0.69
vsOthers	1	0.0	1.065	0.097	0.139	AT3G07220	0.0	0.0	0.003	-0.003	0.69
vsOthers	1	0.0	1.065	0.097	0.139	AT3G30530	0.0	0.005	0.002	0.003	0.69
vsOthers	1	0.0	1.065	0.097	0.139	AT4G34590	0.0	0.01	0.016	-0.006	0.691
vsOthers	1	0.0	1.065	0.185	0.297	AT1G06850	-0.411		0.033	-0.007	0.694
vsOthers	1	0.0	1.065	0.185	0.297	AT1G68320	0.0		0.024	0.007	0.694
vsOthers	1	0.0	1.065	0.185	0.297	AT4G01680	0.0		0.026	0.006	0.694
vsOthers	1	0.0	1.065	0.185	0.297	AT5G67190	0.0		0.062	0.011	0.694
vsOthers	1	0.0	1.065	0.097	0.139	AT2G41835	0.0	0.003	0.005	-0.001	0.696
vsOthers	1	0.0	1.065	0.097	0.139	AT2G45650	0.0	0.001	0.004	-0.003	0.696
vsOthers	1	0.0	1.065	0.097	0.139	AT3G47600	0.0	0.007	0.004	0.003	0.696
vsOthers	1	0.0	1.065	1.424	0.859	AT5G64750	0.0	0.071	0.063	0.008	0.697
vsOthers	1	0.0	1.065	0.097	0.139	AT4G00730	0.0	0.031	0.041	-0.01	0.698
vsOthers	1	0.0	1.065	0.097	0.139	AT3G02940	0.0	0.035	0.044	-0.01	0.699
vsOthers	1	0.0	1.065	0.097	0.139	AT1G34190	0.0	0.033	0.043	-0.01	0.703
vsOthers	1	0.0	1.065	0.097	0.139	AT3G04030	-0.129	0.037	0.049	-0.012	0.703
vsOthers	1	0.0	1.065	0.185	0.297	AT3G57920	0.0		0.043	-0.007	0.704
vsOthers	1	0.0	1.065	1.424	0.859	AT3G61150	0.0	0.041	0.034	0.008	0.706
vsOthers	1	0.0	1.065	0.185	0.297	AT1G19210	-0.122		0.077	-0.01	0.707
vsOthers	1	0.0	1.065	0.097	0.139	AT1G74480	0.0	0.042	0.053	-0.011	0.708
vsOthers	1	0.0	1.065	0.097	0.139	AT5G47370	0.0	0.03	0.041	-0.011	0.708
vsOthers	1	0.0	1.065	1.424	0.859	AT1G45249	0.0	0.033	0.04	-0.008	0.708
vsOthers	1	0.0	1.065	1.424	0.859	AT3G23220	0.0	0.018	0.012	0.006	0.708
vsOthers	1	0.0	1.065	0.185	0.297	AT1G76880	0.0		0.003	-0.003	0.71
vsOthers	1	0.0	1.065	0.185	0.297	AT4G36620	0.0		0.002	0.003	0.71
vsOthers	1	0.0	1.065	0.097	0.139	AT4G27900	0.0	0.007	0.004	0.003	0.712
vsOthers	1	0.0	1.065	0.097	0.139	AT5G10140	0.0	0.001	0.004	-0.003	0.712
vsOthers	1	0.0	1.065	0.185	0.297	AT1G45249	0.0		0.034	0.009	0.712
vsOthers	1	0.0	1.065	0.097	0.139	AT3G47500	-0.077	0.114	0.126	-0.012	0.713
vsOthers	1	0.0	1.065	0.185	0.297	AT3G06490	0.0		0.015	-0.005	0.713
vsOthers	1	0.0	1.065	0.185	0.297	AT3G23220	0.0		0.017	-0.006	0.713
vsOthers	1	0.0	1.065	0.185	0.297	AT3G20310	0.0		0.08	-0.011	0.714
vsOthers	1	0.0	1.065	1.424	0.859	AT5G47660	0.0	0.027	0.035	-0.008	0.714
vsOthers	1	0.0	1.065	1.424	0.859	AT5G58900	0.0	0.045	0.036	0.01	0.714
vsOthers	1	0.0	1.065	0.097	0.139	AT1G20980	0.0	0.015	0.023	-0.008	0.716
vsOthers	1	0.0	1.065	1.424	0.859	AT3G20840	0.0	0.007	0.003	0.004	0.718
vsOthers	1	0.0	1.065	1.424	0.859	AT4G37180	0.0	0.036	0.043	-0.007	0.718
vsOthers	1	0.0	1.065	1.424	0.859	AT5G61270	0.0	0.005	0.003	0.002	0.718
vsOthers	1	0.0	1.065	1.424	0.859	AT5G67000	0.0	0.002	0.004	-0.002	0.718
vsOthers	1	0.0	1.065	0.185	0.297	AT1G23810	0.0		0.001	0.003	0.719
vsOthers	1	0.0	1.065	0.185	0.297	AT3G02150	0.0		0.006	-0.003	0.719
vsOthers	1	0.0	1.065	0.185	0.297	AT3G20840	0.0		0.004	0.001	0.719
vsOthers	1	0.0	1.065	0.185	0.297	AT5G61270	0.0		0.005	-0.003	0.719
vsOthers	1	0.0	1.065	0.185	0.297	AT5G67000	0.0		0.002	0.002	0.719
vsOthers	1	0.0	1.065	0.185	0.297	AT1G55110	0.0		0.043	-0.007	0.72
vsOthers	1	0.0	1.065	0.185	0.297	AT3G01530	0.0		0.031	0.008	0.72
vsOthers	1	0.0	1.065	0.185	0.297	AT4G05100	0.0		0.012	0.006	0.721
vsOthers	1	0.0	1.065	1.424	0.859	AT5G62380	0.0	0.037	0.031	0.007	0.722
vsOthers	1	0.0	1.065	0.185	0.297	AT4G37180	0.0		0.038	0.006	0.723
vsOthers	1	0.0	1.065	0.185	0.297	AT5G46350	-0.497		0.043	-0.009	0.723
vsOthers	1	0.0	1.065	1.424	0.859	AT3G30530	0.0	0.001	0.004	-0.003	0.724
vsOthers	1	0.0	1.065	0.185	0.297	AT1G76110	0.0		0.014	0.005	0.725
vsOthers	1	0.0	1.065	0.185	0.297	AT5G13080	0.0		0.21	-0.011	0.725
vsOthers	1	0.0	1.065	1.424	0.859	AT3G16280	0.0	0.038	0.047	-0.009	0.726
vsOthers	1	0.0	1.065	0.097	0.139	AT1G72010	0.0	0.021	0.025	-0.004	0.727
vsOthers	1	0.0	1.065	1.424	0.859	AT3G60530	0.0	0.014	0.019	-0.005	0.728
vsOthers	1	0.0	1.065	0.097	0.139	AT3G24050	0.0	0.03	0.025	0.005	0.729
vsOthers	1	0.0	1.065	0.097	0.139	AT5G60850	1.278	0.063	0.053	0.009	0.73
vsOthers	1	0.0	1.065	1.424	0.859	AT2G45650	0.0	0.001	0.004	-0.002	0.73
vsOthers	1	0.0	1.065	1.424	0.859	AT3G21175	0.0	0.019	0.015	0.004	0.73
vsOthers	1	0.0	1.065	1.424	0.859	AT3G47600	0.0	0.002	0.006	-0.004	0.73
vsOthers	1	0.0	1.065	1.424	0.859	AT3G51470	0.0	0.005	0.002	0.003	0.73
vsOthers	1	0.0	1.065	0.185	0.297	AT2G01818	0.0		0.011	0.007	0.731
vsOthers	1	0.0	1.065	0.185	0.297	AT3G58630	0.0		0.024	-0.005	0.731
vsOthers	1	0.0	1.065	0.185	0.297	AT3G60530	0.0		0.019	-0.003	0.731
vsOthers	1	0.0	1.065	0.185	0.297	AT4G00730	0.036		0.036	0.007	0.731
vsOthers	1	0.0	1.065	1.424	0.859	AT1G53170	0.0	0.107	0.096	0.011	0.732
vsOthers	1	0.0	1.065	1.424	0.859	AT3G44480	0.0	0.034	0.041	-0.008	0.733
vsOthers	1	0.0	1.065	0.097	0.139	AT5G67190	0.0	0.06	0.069	-0.008	0.736
vsOthers	1	0.0	1.065	0.185	0.297	AT2G30250	0.084		0.226	0.013	0.736
vsOthers	1	0.0	1.065	1.424	0.859	AT1G52880	0.0	0.055	0.046	0.008	0.736
vsOthers	1	0.0	1.065	0.097	0.139	AT5G08330	0.0	0.023	0.029	-0.006	0.738
vsOthers	1	0.0	1.065	1.424	0.859	AT1G33240	0.0	0.053	0.045	0.008	0.739
vsOthers	1	0.0	1.065	0.097	0.139	AT2G45680	0.0	0.009	0.007	0.002	0.74
vsOthers	1	0.0	1.065	0.097	0.139	AT3G02990	0.0	0.001	0.004	-0.004	0.74
vsOthers	1	0.0	1.065	0.097	0.139	AT3G57230	0.0	0.001	0.005	-0.003	0.743
vsOthers	1	0.0	1.065	0.097	0.139	AT4G18770	0.0	0.071	0.062	0.009	0.743
vsOthers	1	0.0	1.065	0.097	0.139	AT5G25390	0.0	0.003	0.006	-0.003	0.743
vsOthers	1	0.0	1.065	1.424	0.859	AT1G76890	0.0	0.048	0.04	0.008	0.743
vsOthers	1	0.0	1.065	1.424	0.859	AT1G24250	0.0	0.02	0.017	0.003	0.745
vsOthers	1	0.0	1.065	1.424	0.859	AT2G06200	0.0	0.016	0.021	-0.005	0.745
vsOthers	1	0.0	1.065	0.097	0.139	AT1G12610	0.0	0.02	0.028	-0.008	0.746
vsOthers	1	0.0	1.065	0.097	0.139	AT1G68550	0.0	0.059	0.07	-0.011	0.746
vsOthers	1	0.0	1.065	0.097	0.139	AT1G36060	0.0	0.027	0.031	-0.004	0.747
vsOthers	1	0.0	1.065	0.185	0.297	AT1G76890	0.0		0.04	0.008	0.747
vsOthers	1	0.0	1.065	0.185	0.297	AT1G51600	0.0		0.006	-0.001	0.748
vsOthers	1	0.0	1.065	0.185	0.297	AT1G72360	0.0		0.007	-0.005	0.748
vsOthers	1	0.0	1.065	0.185	0.297	AT4G27900	0.0		0.006	-0.005	0.748
vsOthers	1	0.0	1.065	0.097	0.139	AT1G25550	0.0	0.022	0.028	-0.006	0.749
vsOthers	1	0.0	1.065	0.185	0.297	AT3G51470	0.0		0.004	-0.002	0.75
vsOthers	1	0.0	1.065	1.424	0.859	AT2G04038	0.0	0.057	0.05	0.007	0.75
vsOthers	1	0.0	1.065	1.424	0.859	AT2G23340	0.0	0.047	0.056	-0.009	0.752
vsOthers	1	0.0	1.065	1.424	0.859	AT3G28920	0.0	0.063	0.055	0.009	0.753
vsOthers	1	0.0	1.065	0.097	0.139	AT3G20310	0.0	0.067	0.079	-0.012	0.754
vsOthers	1	0.0	1.065	0.097	0.139	AT5G13910	0.0	0.004	0.006	-0.003	0.754
vsOthers	1	0.0	1.065	0.097	0.139	AT5G65130	0.0	0.024	0.029	-0.005	0.755
vsOthers	1	0.0	1.065	1.424	0.859	AT2G21900	0.0	0.007	0.004	0.003	0.755
vsOthers	1	0.0	1.065	1.424	0.859	AT3G57230	0.0	0.003	0.004	-0.001	0.755
vsOthers	1	0.0	1.065	1.424	0.859	AT4G24020	0.0	0.003	0.006	-0.003	0.755
vsOthers	1	0.0	1.065	1.424	0.859	AT1G51600	0.0	0.007	0.004	0.003	0.756
vsOthers	1	0.0	1.065	1.424	0.859	AT4G27900	0.0	0.006	0.004	0.002	0.756
vsOthers	1	0.0	1.065	1.424	0.859	AT1G08320	0.0	0.062	0.056	0.006	0.757
vsOthers	1	0.0	1.065	1.424	0.859	AT5G65510	0.0	0.032	0.025	0.007	0.758
vsOthers	1	0.0	1.065	0.185	0.297	AT1G72010	0.0		0.026	-0.005	0.759
vsOthers	1	0.0	1.065	0.185	0.297	AT3G57230	0.0		0.003	0.003	0.76
vsOthers	1	0.0	1.065	0.185	0.297	AT4G24020	0.0		0.006	-0.002	0.76
vsOthers	1	0.0	1.065	1.424	0.859	AT2G20110	0.0	0.069	0.061	0.008	0.761
vsOthers	1	0.0	1.065	0.097	0.139	AT1G25340	0.0	0.022	0.029	-0.007	0.762
vsOthers	1	0.0	1.065	0.097	0.139	AT2G20400	0.0	0.031	0.025	0.006	0.762
vsOthers	1	0.0	1.065	1.424	0.859	AT1G12630	0.0	0.065	0.058	0.008	0.762
vsOthers	1	0.0	1.065	0.097	0.139	AT5G18560	0.34	0.036	0.03	0.006	0.763
vsOthers	1	0.0	1.065	1.424	0.859	AT1G71696	0.0	0.054	0.062	-0.007	0.764
vsOthers	1	0.0	1.065	1.424	0.859	AT2G45680	0.0	0.009	0.006	0.003	0.765
vsOthers	1	0.0	1.065	1.424	0.859	AT3G02990	0.0	0.002	0.004	-0.002	0.765
vsOthers	1	0.0	1.065	1.424	0.859	AT4G18450	0.0	0.006	0.003	0.003	0.765
vsOthers	1	0.0	1.065	0.185	0.297	AT5G08330	0.0		0.029	-0.005	0.766
vsOthers	1	0.0	1.065	1.424	0.859	AT4G14770	0.0	0.062	0.069	-0.007	0.766
vsOthers	1	0.0	1.065	0.097	0.139	AT1G03840	0.0	0.039	0.033	0.005	0.768
vsOthers	1	0.0	1.065	1.424	0.859	AT3G56850	0.0	0.068	0.062	0.007	0.768
vsOthers	1	0.0	1.065	0.185	0.297	AT4G31060	0.0		0.065	0.006	0.769
vsOthers	1	0.0	1.065	1.424	0.859	AT1G52150	0.0	0.025	0.019	0.006	0.77
vsOthers	1	0.0	1.065	1.424	0.859	AT2G36270	0.0	0.072	0.064	0.008	0.77
vsOthers	1	0.0	1.065	0.185	0.297	AT2G38300	0.0		0.008	-0.004	0.772
vsOthers	1	0.0	1.065	0.185	0.297	AT4G18450	0.0		0.005	-0.003	0.772
vsOthers	1	0.0	1.065	1.424	0.859	AT1G12610	0.0	0.03	0.024	0.006	0.772
vsOthers	1	0.0	1.065	0.097	0.139	AT1G22070	0.0	0.005	0.006	-0.001	0.773
vsOthers	1	0.0	1.065	0.097	0.139	AT1G69180	0.0	0.024	0.031	-0.007	0.775
vsOthers	1	0.0	1.065	0.097	0.139	AT3G10580	0.115	0.033	0.038	-0.005	0.775
vsOthers	1	0.0	1.065	0.097	0.139	AT3G23210	0.0	0.005	0.009	-0.004	0.775
vsOthers	1	0.0	1.065	0.097	0.139	AT3G45170	0.0	0.005	0.009	-0.004	0.775
vsOthers	1	0.0	1.065	0.097	0.139	AT5G10280	0.0	0.002	0.005	-0.004	0.775
vsOthers	1	0.0	1.065	1.424	0.859	AT5G62000	0.0	0.027	0.022	0.005	0.775
vsOthers	1	0.0	1.065	0.097	0.139	AT1G72740	0.0	0.042	0.035	0.007	0.777
vsOthers	1	0.0	1.065	0.185	0.297	AT4G23550	0.0		0.071	-0.007	0.777
vsOthers	1	0.0	1.065	1.424	0.859	AT4G34410	0.0	0.081	0.071	0.01	0.778
vsOthers	1	0.0	1.065	0.097	0.139	AT1G16490	0.207	0.032	0.036	-0.004	0.779
vsOthers	1	0.0	1.065	0.185	0.297	AT1G25550	0.0		0.029	-0.007	0.779
vsOthers	1	0.0	1.065	0.185	0.297	AT1G36060	0.0		0.032	-0.004	0.779
vsOthers	1	0.0	1.065	0.097	0.139	AT3G60490	0.0	0.037	0.044	-0.007	0.78
vsOthers	1	0.0	1.065	0.097	0.139	AT3G61150	0.0	0.03	0.038	-0.008	0.78
vsOthers	1	0.0	1.065	0.185	0.297	AT4G18170	0.0		0.084	-0.006	0.78
vsOthers	1	0.0	1.065	1.424	0.859	AT1G51220	0.0	0.028	0.033	-0.004	0.78
vsOthers	1	0.0	1.065	1.424	0.859	AT4G17785	0.0	0.005	0.004	0.001	0.78
vsOthers	1	0.0	1.065	1.424	0.859	AT5G13910	0.0	0.008	0.004	0.004	0.78
vsOthers	1	0.0	1.065	0.097	0.139	AT3G01530	0.0	0.031	0.035	-0.004	0.784
vsOthers	1	0.0	1.065	0.185	0.297	AT1G29860	0.0		0.08	-0.007	0.784
vsOthers	1	0.0	1.065	0.185	0.297	AT1G51220	0.0		0.029	0.005	0.784
vsOthers	1	0.0	1.065	1.424	0.859	AT5G29000	0.0	0.028	0.025	0.004	0.784
vsOthers	1	0.0	1.065	1.424	0.859	AT5G45300	0.0	0.028	0.023	0.005	0.784
vsOthers	1	0.0	1.065	0.185	0.297	AT5G45300	0.0		0.023	0.005	0.787
vsOthers	1	0.0	1.065	0.185	0.297	AT5G62320	0.0		0.022	0.005	0.787
vsOthers	1	0.0	1.065	0.185	0.297	AT2G23320	0.0		0.085	-0.007	0.788
vsOthers	1	0.0	1.065	1.424	0.859	AT1G25340	0.0	0.024	0.029	-0.005	0.788
vsOthers	1	0.0	1.065	1.424	0.859	AT3G08500	0.0	0.032	0.024	0.007	0.788
vsOthers	1	0.0	1.065	0.097	0.139	AT2G32460	0.0	0.04	0.032	0.008	0.789
vsOthers	1	0.0	1.065	0.097	0.139	AT2G40260	0.0	0.037	0.043	-0.007	0.789
vsOthers	1	0.0	1.065	1.424	0.859	AT5G10280	0.0	0.003	0.005	-0.002	0.789
vsOthers	1	0.0	1.065	0.185	0.297	AT2G20400	0.0		0.029	-0.005	0.79
vsOthers	1	0.0	1.065	0.185	0.297	AT1G53230	0.0		0.009	-0.001	0.792
vsOthers	1	0.0	1.065	0.185	0.297	AT4G18890	0.0		0.007	0.001	0.792
vsOthers	1	0.0	1.065	0.097	0.139	AT3G50410	0.0	0.035	0.042	-0.007	0.793
vsOthers	1	0.0	1.065	1.424	0.859	AT4G26030	0.0	0.032	0.027	0.005	0.794
vsOthers	1	0.0	1.065	0.097	0.139	AT5G17800	-0.482	0.035	0.042	-0.007	0.795
vsOthers	1	0.0	1.065	0.185	0.297	AT2G03500	-0.429		0.03	-0.005	0.795
vsOthers	1	0.0	1.065	0.097	0.139	AT1G13400	0.0	0.01	0.013	-0.003	0.796
vsOthers	1	0.0	1.065	0.097	0.139	AT3G12820	0.0	0.006	0.01	-0.003	0.796
vsOthers	1	0.0	1.065	1.424	0.859	AT1G31140	0.0	0.035	0.031	0.005	0.796
vsOthers	1	0.0	1.065	0.097	0.139	AT5G44160	0.0	0.013	0.01	0.003	0.798
vsOthers	1	0.0	1.065	0.185	0.297	AT4G26030	0.0		0.027	0.004	0.798
vsOthers	1	0.0	1.065	0.097	0.139	AT1G49010	0.0	0.049	0.055	-0.006	0.799
vsOthers	1	0.0	1.065	0.185	0.297	AT1G31140	0.0		0.03	0.004	0.799
vsOthers	1	0.0	1.065	1.424	0.859	AT3G10580	0.0	0.041	0.035	0.007	0.799
vsOthers	1	0.0	1.065	1.424	0.859	AT3G23210	0.0	0.01	0.007	0.003	0.799
vsOthers	1	0.0	1.065	1.424	0.859	AT1G72740	0.0	0.033	0.039	-0.006	0.8
vsOthers	1	0.0	1.065	0.097	0.139	AT5G45580	0.0	0.043	0.051	-0.008	0.801
vsOthers	1	0.0	1.065	0.185	0.297	AT2G03340	0.0		0.036	0.005	0.801
vsOthers	1	0.0	1.065	0.097	0.139	AT1G49560	0.0	0.055	0.048	0.007	0.802
vsOthers	1	0.0	1.065	1.424	0.859	AT1G34670	0.0	0.041	0.035	0.006	0.802
vsOthers	1	0.0	1.065	1.424	0.859	AT3G60490	0.0	0.039	0.043	-0.005	0.804
vsOthers	1	0.0	1.065	0.097	0.139	AT1G22810	0.0	0.042	0.052	-0.009	0.805
vsOthers	1	0.0	1.065	0.185	0.297	AT5G60130	0.0		0.036	-0.004	0.805
vsOthers	1	0.0	1.065	1.424	0.859	AT3G53200	0.0	0.032	0.026	0.005	0.806
vsOthers	1	0.0	1.065	1.424	0.859	AT5G25830	0.0	0.039	0.036	0.003	0.806
vsOthers	1	0.0	1.065	1.424	0.859	AT3G01530	0.0	0.031	0.036	-0.005	0.807
vsOthers	1	0.0	1.065	0.097	0.139	AT2G18380	0.0	0.053	0.046	0.007	0.808
vsOthers	1	0.0	1.065	1.424	0.859	AT1G55110	0.0	0.043	0.039	0.005	0.808
vsOthers	1	0.0	1.065	0.185	0.297	AT5G58900	0.0		0.037	0.005	0.81
vsOthers	1	0.0	1.065	1.424	0.859	AT1G01250	0.0	0.01	0.011	-0.001	0.811
vsOthers	1	0.0	1.065	1.424	0.859	AT5G66730	0.0	0.04	0.047	-0.006	0.812
vsOthers	1	0.0	1.065	0.097	0.139	AT1G69560	0.0	0.008	0.009	-0.001	0.813
vsOthers	1	0.0	1.065	0.097	0.139	AT1G75390	0.0	0.01	0.016	-0.006	0.813
vsOthers	1	0.0	1.065	0.097	0.139	AT2G28920	0.0	0.009	0.012	-0.003	0.813
vsOthers	1	0.0	1.065	0.097	0.139	AT2G41690	0.0	0.006	0.009	-0.004	0.813
vsOthers	1	0.0	1.065	0.097	0.139	AT4G28140	0.0	0.008	0.012	-0.004	0.813
vsOthers	1	0.0	1.065	0.185	0.297	AT2G40260	0.0		0.039	0.006	0.813
vsOthers	1	0.0	1.065	0.097	0.139	AT1G43700	0.0	0.014	0.011	0.003	0.814
vsOthers	1	0.0	1.065	0.097	0.139	AT3G30210	0.0	0.014	0.01	0.004	0.814
vsOthers	1	0.0	1.065	1.424	0.859	AT1G13400	0.0	0.015	0.011	0.004	0.814
vsOthers	1	0.0	1.065	0.097	0.139	AT5G23930	0.0	0.058	0.051	0.006	0.815
vsOthers	1	0.0	1.065	0.185	0.297	AT5G66730	0.0		0.043	0.003	0.815
vsOthers	1	0.0	1.065	0.097	0.139	AT1G69570	0.0	0.134	0.144	-0.009	0.816
vsOthers	1	0.0	1.065	0.185	0.297	AT3G03200	0.0		0.034	0.007	0.817
vsOthers	1	0.0	1.065	0.185	0.297	AT4G26640	0.0		0.04	0.005	0.817
vsOthers	1	0.0	1.065	0.185	0.297	AT1G13400	0.0		0.013	-0.002	0.818
vsOthers	1	0.0	1.065	0.185	0.297	AT3G12820	0.0		0.008	0.003	0.818
vsOthers	1	0.0	1.065	0.185	0.297	AT4G01720	0.0		0.009	-0.001	0.818
vsOthers	1	0.0	1.065	0.185	0.297	AT1G14687	-0.424		0.039	-0.005	0.819
vsOthers	1	0.0	1.065	0.185	0.297	AT2G02540	0.0		0.045	-0.004	0.821
vsOthers	1	0.0	1.065	1.424	0.859	AT2G15660	0.0	0.01	0.007	0.003	0.823
vsOthers	1	0.0	1.065	0.185	0.297	AT1G49560	0.0		0.053	-0.007	0.824
vsOthers	1	0.0	1.065	0.185	0.297	AT2G42430	0.0		0.046	-0.005	0.824
vsOthers	1	0.0	1.065	0.185	0.297	AT5G45580	0.0		0.047	0.005	0.825
vsOthers	1	0.0	1.065	0.097	0.139	AT2G33710	1.195	0.068	0.061	0.007	0.826
vsOthers	1	0.0	1.065	0.185	0.297	AT1G78700	0.0		0.047	-0.006	0.826
vsOthers	1	0.0	1.065	0.185	0.297	AT5G47370	0.0		0.04	-0.004	0.826
vsOthers	1	0.0	1.065	1.424	0.859	AT4G25470	0.0	0.044	0.05	-0.006	0.826
vsOthers	1	0.0	1.065	0.097	0.139	AT5G61600	0.0	0.03	0.034	-0.004	0.827
vsOthers	1	0.0	1.065	1.424	0.859	AT1G43700	0.0	0.014	0.01	0.003	0.827
vsOthers	1	0.0	1.065	1.424	0.859	AT1G77640	0.0	0.011	0.007	0.003	0.827
vsOthers	1	0.0	1.065	1.424	0.859	AT3G30210	0.0	0.013	0.01	0.003	0.827
vsOthers	1	0.0	1.065	1.424	0.859	AT5G59990	0.0	0.01	0.008	0.002	0.827
vsOthers	1	0.0	1.065	0.097	0.139	AT5G64750	0.0	0.061	0.067	-0.007	0.828
vsOthers	1	0.0	1.065	0.185	0.297	AT1G34370	0.0		0.01	-0.001	0.829
vsOthers	1	0.0	1.065	0.185	0.297	AT1G77640	0.0		0.01	-0.003	0.829
vsOthers	1	0.0	1.065	0.185	0.297	AT3G04070	0.0		0.01	-0.001	0.829
vsOthers	1	0.0	1.065	0.185	0.297	AT4G22070	0.0		0.057	0.004	0.833
vsOthers	1	0.0	1.065	1.424	0.859	AT1G75390	0.0	0.013	0.016	-0.003	0.833
vsOthers	1	0.0	1.065	1.424	0.859	AT2G28920	0.0	0.01	0.012	-0.002	0.833
vsOthers	1	0.0	1.065	1.424	0.859	AT3G45610	0.0	0.048	0.054	-0.006	0.833
vsOthers	1	0.0	1.065	1.424	0.859	AT4G28140	0.0	0.014	0.01	0.004	0.833
vsOthers	1	0.0	1.065	1.424	0.859	AT4G38170	0.0	0.051	0.056	-0.005	0.833
vsOthers	1	0.0	1.065	1.424	0.859	AT5G13790	0.0	0.011	0.009	0.002	0.833
vsOthers	1	0.0	1.065	1.424	0.859	AT5G63260	0.0	0.048	0.053	-0.005	0.833
vsOthers	1	0.0	1.065	0.185	0.297	AT5G65410	0.0		0.057	-0.006	0.834
vsOthers	1	0.0	1.065	1.424	0.859	AT5G51990	0.0	0.057	0.061	-0.004	0.834
vsOthers	1	0.0	1.065	0.097	0.139	AT1G14580	0.0	0.017	0.016	0.001	0.836
vsOthers	1	0.0	1.065	0.185	0.297	AT2G23340	0.0		0.05	0.006	0.836
vsOthers	1	0.0	1.065	0.185	0.297	AT2G45410	0.0		0.056	0.004	0.836
vsOthers	1	0.0	1.065	1.424	0.859	AT2G18160	0.0	0.058	0.055	0.004	0.836
vsOthers	1	0.0	1.065	1.424	0.859	AT2G35700	0.0	0.055	0.059	-0.004	0.836
vsOthers	1	0.0	1.065	0.185	0.297	AT1G19040	0.0		0.01	0.002	0.837
vsOthers	1	0.0	1.065	0.185	0.297	AT2G41690	0.0		0.008	0.003	0.837
vsOthers	1	0.0	1.065	0.185	0.297	AT4G28140	0.0		0.012	-0.001	0.837
vsOthers	1	0.0	1.065	0.185	0.297	AT5G13790	0.0		0.009	0.003	0.837
vsOthers	1	0.0	1.065	0.097	0.139	AT3G25990	0.0	0.013	0.016	-0.002	0.838
vsOthers	1	0.0	1.065	0.097	0.139	AT4G05100	0.0	0.016	0.014	0.002	0.838
vsOthers	1	0.0	1.065	0.185	0.297	AT3G28910	0.0		0.013	-0.002	0.839
vsOthers	1	0.0	1.065	1.424	0.859	AT1G77200	0.0	0.063	0.068	-0.005	0.842
vsOthers	1	0.0	1.065	0.185	0.297	AT2G35530	-0.576		0.063	0.006	0.843
vsOthers	1	0.0	1.065	0.097	0.139	AT1G13260	0.0	0.04	0.045	-0.005	0.845
vsOthers	1	0.0	1.065	0.097	0.139	AT1G79180	0.0	0.019	0.018	0.001	0.845
vsOthers	1	0.0	1.065	0.185	0.297	AT4G36160	0.0		0.051	0.007	0.845
vsOthers	1	0.0	1.065	0.185	0.297	AT1G62300	0.0		0.07	0.005	0.846
vsOthers	1	0.0	1.065	0.097	0.139	AT5G22500	0.0	0.04	0.043	-0.003	0.847
vsOthers	1	0.0	1.065	0.185	0.297	AT3G56850	0.0		0.062	0.006	0.847
vsOthers	1	0.0	1.065	0.185	0.297	AT4G16750	0.0		0.072	-0.007	0.849
vsOthers	1	0.0	1.065	0.185	0.297	AT4G34410	0.052		0.072	0.005	0.854
vsOthers	1	0.0	1.065	1.424	0.859	AT5G02840	0.0	0.017	0.013	0.004	0.854
vsOthers	1	0.0	1.065	1.424	0.859	AT5G62470	0.0	0.037	0.04	-0.003	0.855
vsOthers	1	0.0	1.065	0.185	0.297	AT5G02840	0.0		0.013	0.003	0.856
vsOthers	1	0.0	1.065	0.097	0.139	AT1G19790	0.0	0.027	0.023	0.004	0.859
vsOthers	1	0.0	1.065	0.097	0.139	AT4G32800	0.0	0.017	0.022	-0.005	0.86
vsOthers	1	0.0	1.065	1.424	0.859	AT4G34590	0.0	0.012	0.016	-0.004	0.86
vsOthers	1	0.0	1.065	1.424	0.859	AT5G03150	0.0	0.018	0.017	0.001	0.86
vsOthers	1	0.0	1.065	0.185	0.297	AT3G11280	-0.224		0.02	-0.002	0.861
vsOthers	1	0.0	1.065	0.097	0.139	AT3G60580	0.0	0.022	0.02	0.002	0.864
vsOthers	1	0.0	1.065	0.185	0.297	AT3G21175	0.0		0.018	-0.005	0.865
vsOthers	1	0.0	1.065	0.185	0.297	AT5G05550	-0.375		0.108	-0.003	0.865
vsOthers	1	0.0	1.065	0.185	0.297	AT5G07100	0.0		0.046	-0.003	0.865
vsOthers	1	0.0	1.065	0.185	0.297	AT1G53170	1.211		0.099	0.003	0.866
vsOthers	1	0.0	1.065	0.097	0.139	AT2G46680	0.0	0.018	0.021	-0.003	0.869
vsOthers	1	0.0	1.065	1.424	0.859	AT2G33550	0.0	0.017	0.019	-0.002	0.872
vsOthers	1	0.0	1.065	0.185	0.297	AT1G24250	0.0		0.019	-0.002	0.873
vsOthers	1	0.0	1.065	0.097	0.139	AT5G62000	0.0	0.021	0.025	-0.004	0.874
vsOthers	1	0.0	1.065	0.097	0.139	AT3G10800	0.0	0.026	0.03	-0.004	0.875
vsOthers	1	0.0	1.065	0.185	0.297	AT4G32800	0.0		0.02	0.002	0.877
vsOthers	1	0.0	1.065	0.097	0.139	AT1G75490	0.0	0.033	0.029	0.004	0.878
vsOthers	1	0.0	1.065	0.097	0.139	AT5G29000	0.0	0.022	0.027	-0.005	0.878
vsOthers	1	0.0	1.065	0.097	0.139	AT5G44210	0.279	0.028	0.025	0.003	0.878
vsOthers	1	0.0	1.065	0.097	0.139	AT3G10113	0.0	0.028	0.03	-0.003	0.879
vsOthers	1	0.0	1.065	0.185	0.297	AT3G24050	0.0		0.027	-0.002	0.879
vsOthers	1	0.0	1.065	0.185	0.297	AT5G65510	0.0		0.027	0.001	0.879
vsOthers	1	0.0	1.065	0.097	0.139	AT2G26960	0.0	0.03	0.027	0.002	0.881
vsOthers	1	0.0	1.065	0.097	0.139	AT3G13810	0.0	0.032	0.03	0.001	0.881
vsOthers	1	0.0	1.065	0.097	0.139	AT3G23240	0.0	0.026	0.025	0.001	0.881
vsOthers	1	0.0	1.065	0.097	0.139	AT2G03500	0.0	0.03	0.027	0.003	0.882
vsOthers	1	0.0	1.065	0.185	0.297	AT3G15170	0.0		0.023	0.003	0.882
vsOthers	1	0.0	1.065	0.097	0.139	AT2G02070	0.0	0.032	0.035	-0.003	0.888
vsOthers	1	0.0	1.065	0.185	0.297	AT5G62000	0.0		0.025	-0.002	0.888
vsOthers	1	0.0	1.065	1.424	0.859	AT3G10800	0.0	0.031	0.028	0.003	0.888
vsOthers	1	0.0	1.065	1.424	0.859	AT5G06960	0.0	0.028	0.028	-0.001	0.888
vsOthers	1	0.0	1.065	0.185	0.297	AT2G46130	0.0		0.028	-0.002	0.889
vsOthers	1	0.0	1.065	0.097	0.139	AT3G53200	0.0	0.024	0.03	-0.006	0.89
vsOthers	1	0.0	1.065	1.424	0.859	AT5G44210	0.0	0.026	0.026	0.001	0.89
vsOthers	1	0.0	1.065	0.185	0.297	AT2G01060	0.0		0.032	0.001	0.892
vsOthers	1	0.0	1.065	0.185	0.297	AT5G44210	0.0		0.027	-0.003	0.892
vsOthers	1	0.0	1.065	1.424	0.859	AT3G11020	0.0	0.033	0.032	0.001	0.892
vsOthers	1	0.0	1.065	0.097	0.139	AT1G55110	0.0	0.043	0.04	0.003	0.893
vsOthers	1	0.0	1.065	0.185	0.297	AT3G10113	0.435		0.029	0.001	0.894
vsOthers	1	0.0	1.065	1.424	0.859	AT1G68320	0.0	0.028	0.026	0.001	0.894
vsOthers	1	0.0	1.065	1.424	0.859	AT4G01680	0.0	0.028	0.029	-0.001	0.894
vsOthers	1	0.0	1.065	0.097	0.139	AT5G66730	0.0	0.047	0.043	0.004	0.895
vsOthers	1	0.0	1.065	1.424	0.859	AT2G03500	0.0	0.03	0.027	0.003	0.895
vsOthers	1	0.0	1.065	0.097	0.139	AT3G16280	0.0	0.041	0.044	-0.003	0.896
vsOthers	1	0.0	1.065	0.185	0.297	AT1G69780	0.0		0.033	-0.002	0.896
vsOthers	1	0.0	1.065	0.185	0.297	AT3G08500	0.0		0.026	0.002	0.896
vsOthers	1	0.0	1.065	0.185	0.297	AT1G03840	0.0		0.037	-0.004	0.897
vsOthers	1	0.0	1.065	1.424	0.859	AT1G20910	0.0	0.035	0.032	0.003	0.897
vsOthers	1	0.0	1.065	1.424	0.859	AT3G12720	0.0	0.033	0.034	-0.001	0.898
vsOthers	1	0.0	1.065	1.424	0.859	AT5G52660	0.0	0.034	0.035	-0.0	0.898
vsOthers	1	0.0	1.065	0.185	0.297	AT3G12730	0.0		0.035	0.002	0.899
vsOthers	1	0.0	1.065	0.185	0.297	AT3G10580	0.0		0.038	-0.002	0.9
vsOthers	1	0.0	1.065	1.424	0.859	AT5G60130	0.0	0.037	0.034	0.003	0.9
vsOthers	1	0.0	1.065	0.097	0.139	AT5G56110	0.045	0.044	0.043	0.001	0.901
vsOthers	1	0.0	1.065	0.185	0.297	AT1G16490	0.0		0.034	0.001	0.902
vsOthers	1	0.0	1.065	0.185	0.297	AT3G53200	0.0		0.029	-0.001	0.903
vsOthers	1	0.0	1.065	0.185	0.297	AT5G67580	0.0		0.038	0.004	0.903
vsOthers	1	0.0	1.065	0.097	0.139	AT1G19000	1.474	0.055	0.058	-0.003	0.904
vsOthers	1	0.0	1.065	0.097	0.139	AT2G02080	0.0	0.045	0.047	-0.002	0.904
vsOthers	1	0.0	1.065	0.097	0.139	AT3G11440	0.0	0.046	0.05	-0.004	0.904
vsOthers	1	0.0	1.065	0.097	0.139	AT5G06100	0.0	0.044	0.045	-0.001	0.904
vsOthers	1	0.0	1.065	0.097	0.139	AT5G61620	0.432	0.049	0.054	-0.005	0.904
vsOthers	1	0.0	1.065	1.424	0.859	AT2G40260	0.0	0.041	0.042	-0.001	0.904
vsOthers	1	0.0	1.065	1.424	0.859	AT3G09600	0.0	0.035	0.038	-0.003	0.904
vsOthers	1	0.0	1.065	1.424	0.859	AT3G22830	0.0	0.033	0.036	-0.003	0.904
vsOthers	1	0.0	1.065	0.097	0.139	AT5G63260	0.0	0.053	0.051	0.003	0.905
vsOthers	1	0.0	1.065	1.424	0.859	AT1G08010	0.0	0.033	0.036	-0.003	0.905
vsOthers	1	0.0	1.065	1.424	0.859	AT3G09735	0.0	0.04	0.037	0.003	0.905
vsOthers	1	0.0	1.065	0.097	0.139	AT1G50640	0.0	0.046	0.051	-0.005	0.906
vsOthers	1	0.0	1.065	0.097	0.139	AT1G64620	0.0	0.139	0.136	0.004	0.906
vsOthers	1	0.0	1.065	0.097	0.139	AT2G23290	-0.066	0.045	0.048	-0.003	0.906
vsOthers	1	0.0	1.065	0.097	0.139	AT3G24120	0.256	0.057	0.055	0.002	0.906
vsOthers	1	0.0	1.065	1.424	0.859	AT3G49530	0.0	0.104	0.108	-0.004	0.907
vsOthers	1	0.0	1.065	1.424	0.859	AT4G00730	0.0	0.039	0.038	0.001	0.907
vsOthers	1	0.0	1.065	1.424	0.859	AT4G01280	0.0	0.042	0.039	0.003	0.907
vsOthers	1	0.0	1.065	1.424	0.859	AT3G02940	0.0	0.041	0.043	-0.002	0.908
vsOthers	1	0.0	1.065	0.097	0.139	AT2G20110	-0.02	0.065	0.063	0.001	0.909
vsOthers	1	0.0	1.065	1.424	0.859	AT1G69490	0.0	0.047	0.049	-0.002	0.909
vsOthers	1	0.0	1.065	1.424	0.859	AT5G16820	0.0	0.041	0.046	-0.004	0.909
vsOthers	1	0.0	1.065	0.185	0.297	AT1G34180	0.0		0.041	-0.004	0.91
vsOthers	1	0.0	1.065	0.185	0.297	AT5G06950	0.0		0.043	0.002	0.91
vsOthers	1	0.0	1.065	1.424	0.859	AT1G32870	0.0	0.035	0.034	0.002	0.91
vsOthers	1	0.0	1.065	1.424	0.859	AT2G18350	0.0	0.049	0.046	0.004	0.91
vsOthers	1	0.0	1.065	0.097	0.139	AT1G28160	0.0	0.061	0.057	0.003	0.911
vsOthers	1	0.0	1.065	1.424	0.859	AT3G24520	0.0	0.044	0.049	-0.005	0.911
vsOthers	1	0.0	1.065	1.424	0.859	AT5G45580	0.0	0.05	0.049	0.001	0.911
vsOthers	1	0.0	1.065	1.424	0.859	AT5G56110	0.0	0.045	0.042	0.003	0.911
vsOthers	1	0.0	1.065	0.097	0.139	AT5G02460	0.0	0.055	0.059	-0.004	0.912
vsOthers	1	0.0	1.065	0.185	0.297	AT3G04030	0.0		0.047	-0.003	0.912
vsOthers	1	0.0	1.065	0.185	0.297	AT1G33240	-0.211		0.047	0.003	0.913
vsOthers	1	0.0	1.065	0.185	0.297	AT1G74480	0.0		0.052	-0.003	0.913
vsOthers	1	0.0	1.065	0.185	0.297	AT5G56110	0.0		0.045	-0.004	0.913
vsOthers	1	0.0	1.065	1.424	0.859	AT5G06839	0.0	0.048	0.044	0.004	0.913
vsOthers	1	0.0	1.065	0.185	0.297	AT4G17980	0.0		0.043	-0.002	0.914
vsOthers	1	0.0	1.065	0.185	0.297	AT1G69010	0.0		0.04	0.001	0.915
vsOthers	1	0.0	1.065	1.424	0.859	AT1G01720	0.0	0.056	0.055	0.001	0.915
vsOthers	1	0.0	1.065	1.424	0.859	AT2G02080	0.0	0.047	0.046	0.002	0.915
vsOthers	1	0.0	1.065	1.424	0.859	AT2G22540	0.0	0.048	0.049	-0.002	0.915
vsOthers	1	0.0	1.065	1.424	0.859	AT1G64620	0.0	0.134	0.138	-0.004	0.916
vsOthers	1	0.0	1.065	0.185	0.297	AT1G75240	0.0		0.057	0.001	0.917
vsOthers	1	0.0	1.065	0.185	0.297	AT5G63260	0.0		0.05	0.003	0.917
vsOthers	1	0.0	1.065	1.424	0.859	AT1G69570	0.0	0.144	0.14	0.004	0.917
vsOthers	1	0.0	1.065	1.424	0.859	AT5G11260	0.0	0.056	0.053	0.003	0.917
vsOthers	1	0.0	1.065	0.185	0.297	AT3G15270	0.0		0.063	-0.003	0.918
vsOthers	1	0.0	1.065	1.424	0.859	AT4G25490	0.0	0.059	0.057	0.002	0.918
vsOthers	1	0.0	1.065	0.185	0.297	AT1G69570	0.0		0.14	0.004	0.919
vsOthers	1	0.0	1.065	0.185	0.297	AT2G45420	0.0		0.057	0.002	0.919
vsOthers	1	0.0	1.065	1.424	0.859	AT4G38000	0.0	0.062	0.063	-0.001	0.92
vsOthers	1	0.0	1.065	1.424	0.859	AT5G67190	0.0	0.064	0.068	-0.005	0.92
vsOthers	1	0.0	1.065	1.424	0.859	AT3G62420	0.0	0.064	0.062	0.002	0.922
vsOthers	1	0.0	1.065	0.185	0.297	AT5G64750	0.0		0.067	-0.003	0.924
vsOthers	1	0.0	1.065	0.185	0.297	AT1G03800	0.0		0.075	-0.0	0.925
vsOthers	1	0.0	1.065	0.185	0.297	AT1G30650	0.0		0.069	-0.001	0.925
vsOthers	1	0.0	1.065	1.424	0.859	AT3G50260	0.0	0.073	0.074	-0.001	0.925
vsOthers	1	0.0	1.065	0.185	0.297	AT2G38470	0.0		0.2	0.005	0.929
vsOthers	1	0.0	1.065	0.185	0.297	AT1G71450	0.02		0.086	0.002	0.93
vsOthers	1	0.0	1.065	0.097	0.139	AT1G01250	0.0	0.012	0.01	0.002	1.0
vsOthers	1	0.0	1.065	0.097	0.139	AT1G10720	0.0	0.0	0.001	-0.0	1.0
vsOthers	1	0.0	1.065	0.097	0.139	AT1G17950	0.0	0.0	0.0	-0.0	1.0
vsOthers	1	0.0	1.065	0.097	0.139	AT1G18570	0.0	0.01	0.011	-0.001	1.0
vsOthers	1	0.0	1.065	0.097	0.139	AT1G18960	0.0	0.0	0.0	0.0	1.0
vsOthers	1	0.0	1.065	0.097	0.139	AT1G24250	0.0	0.018	0.018	-0.001	1.0
vsOthers	1	0.0	1.065	0.097	0.139	AT1G30210	0.0	0.0	0.0	-0.0	1.0
vsOthers	1	0.0	1.065	0.097	0.139	AT1G32510	0.0	0.0	0.001	-0.001	1.0
vsOthers	1	0.0	1.065	0.097	0.139	AT1G45249	0.444	0.036	0.038	-0.002	1.0
vsOthers	1	0.0	1.065	0.097	0.139	AT1G47655	0.0	0.039	0.037	0.002	1.0
vsOthers	1	0.0	1.065	0.097	0.139	AT1G47870	0.0	0.0	0.0	-0.0	1.0
vsOthers	1	0.0	1.065	0.097	0.139	AT1G51220	0.0	0.031	0.031	-0.0	1.0
vsOthers	1	0.0	1.065	0.097	0.139	AT1G51600	0.0	0.004	0.006	-0.002	1.0
vsOthers	1	0.0	1.065	0.097	0.139	AT1G60920	0.0	0.001	0.0	0.0	1.0
vsOthers	1	0.0	1.065	0.097	0.139	AT1G63040	0.0	0.001	0.0	0.001	1.0
vsOthers	1	0.0	1.065	0.097	0.139	AT1G66370	0.0	0.012	0.012	-0.001	1.0
vsOthers	1	0.0	1.065	0.097	0.139	AT1G66420	0.0	0.0	0.0	0.0	1.0
vsOthers	1	0.0	1.065	0.097	0.139	AT1G67260	0.0	0.0	0.0	0.0	1.0
vsOthers	1	0.0	1.065	0.097	0.139	AT1G69690	0.0	0.012	0.012	0.0	1.0
vsOthers	1	0.0	1.065	0.097	0.139	AT1G70910	0.0	0.0	0.001	-0.001	1.0
vsOthers	1	0.0	1.065	0.097	0.139	AT1G72360	0.0	0.004	0.005	-0.001	1.0
vsOthers	1	0.0	1.065	0.097	0.139	AT1G73730	0.0	0.0	0.0	-0.0	1.0
vsOthers	1	0.0	1.065	0.097	0.139	AT1G74370	0.0	0.0	0.001	-0.001	1.0
vsOthers	1	0.0	1.065	0.097	0.139	AT1G77640	0.0	0.009	0.008	0.0	1.0
vsOthers	1	0.0	1.065	0.097	0.139	AT2G17900	0.0	0.0	0.001	-0.001	1.0
vsOthers	1	0.0	1.065	0.097	0.139	AT2G21900	0.0	0.004	0.005	-0.001	1.0
vsOthers	1	0.0	1.065	0.097	0.139	AT2G23340	0.001	0.055	0.052	0.003	1.0
vsOthers	1	0.0	1.065	0.097	0.139	AT2G31460	0.0	0.002	0.002	-0.0	1.0
vsOthers	1	0.0	1.065	0.097	0.139	AT2G33810	0.0	0.006	0.008	-0.002	1.0
vsOthers	1	0.0	1.065	0.097	0.139	AT2G38090	0.0	0.0	0.001	-0.001	1.0
vsOthers	1	0.0	1.065	0.097	0.139	AT2G38880	0.0	0.0	0.002	-0.002	1.0
vsOthers	1	0.0	1.065	0.097	0.139	AT2G44940	0.05	0.104	0.107	-0.003	1.0
vsOthers	1	0.0	1.065	0.097	0.139	AT2G48100	0.0	0.0	0.001	-0.001	1.0
vsOthers	1	0.0	1.065	0.097	0.139	AT3G03660	0.0	0.004	0.003	0.001	1.0
vsOthers	1	0.0	1.065	0.097	0.139	AT3G09230	0.0	0.0	0.001	-0.001	1.0
vsOthers	1	0.0	1.065	0.097	0.139	AT3G11020	0.0	0.031	0.033	-0.002	1.0
vsOthers	1	0.0	1.065	0.097	0.139	AT3G13350	0.0	0.006	0.006	-0.0	1.0
vsOthers	1	0.0	1.065	0.097	0.139	AT3G21175	0.0	0.017	0.016	0.001	1.0
vsOthers	1	0.0	1.065	0.097	0.139	AT3G23220	0.0	0.015	0.014	0.001	1.0
vsOthers	1	0.0	1.065	0.097	0.139	AT3G26790	0.0	0.011	0.012	-0.001	1.0
vsOthers	1	0.0	1.065	0.097	0.139	AT3G27010	0.0	0.025	0.026	-0.001	1.0
vsOthers	1	0.0	1.065	0.097	0.139	AT3G47620	0.0	0.0	0.0	0.0	1.0
vsOthers	1	0.0	1.065	0.097	0.139	AT3G49930	0.0	0.0	0.0	-0.0	1.0
vsOthers	1	0.0	1.065	0.097	0.139	AT3G50700	0.0	0.017	0.018	-0.001	1.0
vsOthers	1	0.0	1.065	0.097	0.139	AT3G51470	0.0	0.003	0.003	-0.0	1.0
vsOthers	1	0.0	1.065	0.097	0.139	AT3G57600	0.0	0.009	0.008	0.001	1.0
vsOthers	1	0.0	1.065	0.097	0.139	AT3G61120	0.0	0.0	0.001	-0.001	1.0
vsOthers	1	0.0	1.065	0.097	0.139	AT4G00250	0.0	0.044	0.046	-0.002	1.0
vsOthers	1	0.0	1.065	0.097	0.139	AT4G12670	0.0	0.0	0.0	0.0	1.0
vsOthers	1	0.0	1.065	0.097	0.139	AT4G17785	0.0	0.003	0.005	-0.002	1.0
vsOthers	1	0.0	1.065	0.097	0.139	AT4G18450	0.0	0.004	0.004	-0.0	1.0
vsOthers	1	0.0	1.065	0.097	0.139	AT4G28110	0.0	0.001	0.002	-0.001	1.0
vsOthers	1	0.0	1.065	0.097	0.139	AT4G30080	0.0	0.0	0.001	-0.001	1.0
vsOthers	1	0.0	1.065	0.097	0.139	AT4G36620	0.0	0.004	0.003	0.001	1.0
vsOthers	1	0.0	1.065	0.097	0.139	AT4G37180	0.0	0.041	0.04	0.001	1.0
vsOthers	1	0.0	1.065	0.097	0.139	AT4G37790	0.0	0.0	0.0	-0.0	1.0
vsOthers	1	0.0	1.065	0.097	0.139	AT4G38620	0.0	0.005	0.002	0.003	1.0
vsOthers	1	0.0	1.065	0.097	0.139	AT5G04390	0.0	0.026	0.024	0.001	1.0
vsOthers	1	0.0	1.065	0.097	0.139	AT5G05790	0.0	0.026	0.027	-0.001	1.0
vsOthers	1	0.0	1.065	0.097	0.139	AT5G08130	0.0	0.005	0.006	-0.001	1.0
vsOthers	1	0.0	1.065	0.097	0.139	AT5G16600	0.0	0.0	0.0	-0.0	1.0
vsOthers	1	0.0	1.065	0.097	0.139	AT5G17300	0.803	0.119	0.121	-0.002	1.0
vsOthers	1	0.0	1.065	0.097	0.139	AT5G22890	0.0	0.0	0.0	-0.0	1.0
vsOthers	1	0.0	1.065	0.097	0.139	AT5G25475	0.0	0.0	0.001	-0.001	1.0
vsOthers	1	0.0	1.065	0.097	0.139	AT5G38800	0.0	0.0	0.0	0.0	1.0
vsOthers	1	0.0	1.065	0.097	0.139	AT5G38860	0.0	0.0	0.001	-0.001	1.0
vsOthers	1	0.0	1.065	0.097	0.139	AT5G42820	0.0	0.0	0.001	-0.001	1.0
vsOthers	1	0.0	1.065	0.097	0.139	AT5G47220	0.0	0.055	0.053	0.002	1.0
vsOthers	1	0.0	1.065	0.097	0.139	AT5G48670	0.0	0.0	0.0	0.0	1.0
vsOthers	1	0.0	1.065	0.097	0.139	AT5G58620	0.0	0.0	0.0	0.0	1.0
vsOthers	1	0.0	1.065	0.097	0.139	AT5G60130	0.0	0.036	0.034	0.001	1.0
vsOthers	1	0.0	1.065	0.097	0.139	AT5G62165	0.0	0.001	0.001	-0.0	1.0
vsOthers	1	0.0	1.065	0.097	0.139	AT5G62320	0.116	0.025	0.024	0.001	1.0
vsOthers	1	0.0	1.065	0.097	0.139	AT5G67000	0.0	0.003	0.003	0.0	1.0
vsOthers	1	0.0	1.065	0.097	0.139	AT5G67300	0.0	0.005	0.005	-0.0	1.0
vsOthers	1	0.0	1.065	0.185	0.297	AT1G01060	0.0		0.038	0.001	1.0
vsOthers	1	0.0	1.065	0.185	0.297	AT1G01250	0.0		0.011	-0.0	1.0
vsOthers	1	0.0	1.065	0.185	0.297	AT1G10720	0.0		0.0	0.001	1.0
vsOthers	1	0.0	1.065	0.185	0.297	AT1G12610	0.0		0.026	0.001	1.0
vsOthers	1	0.0	1.065	0.185	0.297	AT1G17950	0.0		0.001	-0.001	1.0
vsOthers	1	0.0	1.065	0.185	0.297	AT1G18960	0.0		0.0	0.0	1.0
vsOthers	1	0.0	1.065	0.185	0.297	AT1G27360	0.0		0.002	0.0	1.0
vsOthers	1	0.0	1.065	0.185	0.297	AT1G27730	0.0		0.066	0.001	1.0
vsOthers	1	0.0	1.065	0.185	0.297	AT1G29280	0.0		0.073	0.001	1.0
vsOthers	1	0.0	1.065	0.185	0.297	AT1G30210	0.0		0.001	-0.001	1.0
vsOthers	1	0.0	1.065	0.185	0.297	AT1G46264	0.0		0.001	0.001	1.0
vsOthers	1	0.0	1.065	0.185	0.297	AT1G47870	0.0		0.0	0.0	1.0
vsOthers	1	0.0	1.065	0.185	0.297	AT1G60920	0.0		0.0	0.0	1.0
vsOthers	1	0.0	1.065	0.185	0.297	AT1G63030	0.0		0.003	0.0	1.0
vsOthers	1	0.0	1.065	0.185	0.297	AT1G63040	0.0		0.0	-0.0	1.0
vsOthers	1	0.0	1.065	0.185	0.297	AT1G64620	-0.427		0.136	0.002	1.0
vsOthers	1	0.0	1.065	0.185	0.297	AT1G65910	-2.677		0.035	-0.001	1.0
vsOthers	1	0.0	1.065	0.185	0.297	AT1G66420	0.0		0.0	0.0	1.0
vsOthers	1	0.0	1.065	0.185	0.297	AT1G67260	0.0		0.0	0.0	1.0
vsOthers	1	0.0	1.065	0.185	0.297	AT1G70910	0.0		0.001	-0.001	1.0
vsOthers	1	0.0	1.065	0.185	0.297	AT1G72740	0.0		0.037	0.0	1.0
vsOthers	1	0.0	1.065	0.185	0.297	AT1G73730	0.0		0.0	0.0	1.0
vsOthers	1	0.0	1.065	0.185	0.297	AT1G74650	0.0		0.04	-0.001	1.0
vsOthers	1	0.0	1.065	0.185	0.297	AT1G79180	0.0		0.019	-0.001	1.0
vsOthers	1	0.0	1.065	0.185	0.297	AT2G01940	0.0		0.045	-0.001	1.0
vsOthers	1	0.0	1.065	0.185	0.297	AT2G02080	0.111		0.046	-0.0	1.0
vsOthers	1	0.0	1.065	0.185	0.297	AT2G21900	0.0		0.006	-0.002	1.0
vsOthers	1	0.0	1.065	0.185	0.297	AT2G22430	0.0		0.027	0.002	1.0
vsOthers	1	0.0	1.065	0.185	0.297	AT2G24570	0.0		0.006	-0.001	1.0
vsOthers	1	0.0	1.065	0.185	0.297	AT2G30340	0.066		0.042	-0.001	1.0
vsOthers	1	0.0	1.065	0.185	0.297	AT2G30590	0.0		0.015	-0.0	1.0
vsOthers	1	0.0	1.065	0.185	0.297	AT2G38090	0.0		0.001	-0.001	1.0
vsOthers	1	0.0	1.065	0.185	0.297	AT2G39900	0.0		0.003	0.0	1.0
vsOthers	1	0.0	1.065	0.185	0.297	AT2G41835	0.0		0.004	0.002	1.0
vsOthers	1	0.0	1.065	0.185	0.297	AT2G43000	0.0		0.069	-0.001	1.0
vsOthers	1	0.0	1.065	0.185	0.297	AT2G46400	0.0		0.006	0.0	1.0
vsOthers	1	0.0	1.065	0.185	0.297	AT2G48100	0.0		0.0	0.002	1.0
vsOthers	1	0.0	1.065	0.185	0.297	AT3G07220	0.0		0.003	-0.001	1.0
vsOthers	1	0.0	1.065	0.185	0.297	AT3G09230	0.0		0.001	-0.0	1.0
vsOthers	1	0.0	1.065	0.185	0.297	AT3G10800	0.0		0.029	0.0	1.0
vsOthers	1	0.0	1.065	0.185	0.297	AT3G11020	0.0		0.032	0.0	1.0
vsOthers	1	0.0	1.065	0.185	0.297	AT3G12910	0.0		0.002	0.0	1.0
vsOthers	1	0.0	1.065	0.185	0.297	AT3G23210	0.0		0.008	0.0	1.0
vsOthers	1	0.0	1.065	0.185	0.297	AT3G24120	0.0		0.055	-0.0	1.0
vsOthers	1	0.0	1.065	0.185	0.297	AT3G26620	0.0		0.034	-0.001	1.0
vsOthers	1	0.0	1.065	0.185	0.297	AT3G30530	0.0		0.003	0.0	1.0
vsOthers	1	0.0	1.065	0.185	0.297	AT3G45150	0.0		0.008	-0.0	1.0
vsOthers	1	0.0	1.065	0.185	0.297	AT3G45170	0.0		0.008	0.0	1.0
vsOthers	1	0.0	1.065	0.185	0.297	AT3G46070	0.0		0.001	0.0	1.0
vsOthers	1	0.0	1.065	0.185	0.297	AT3G47500	-0.217		0.124	-0.002	1.0
vsOthers	1	0.0	1.065	0.185	0.297	AT3G47600	0.0		0.004	0.002	1.0
vsOthers	1	0.0	1.065	0.185	0.297	AT3G47620	0.0		0.0	0.0	1.0
vsOthers	1	0.0	1.065	0.185	0.297	AT3G49930	0.0		0.0	0.0	1.0
vsOthers	1	0.0	1.065	0.185	0.297	AT3G57600	0.0		0.008	-0.0	1.0
vsOthers	1	0.0	1.065	0.185	0.297	AT3G61150	0.0		0.037	-0.001	1.0
vsOthers	1	0.0	1.065	0.185	0.297	AT4G04450	0.0		0.007	0.0	1.0
vsOthers	1	0.0	1.065	0.185	0.297	AT4G12670	0.0		0.0	0.0	1.0
vsOthers	1	0.0	1.065	0.185	0.297	AT4G14410	0.0		0.002	-0.002	1.0
vsOthers	1	0.0	1.065	0.185	0.297	AT4G17785	0.0		0.004	0.001	1.0
vsOthers	1	0.0	1.065	0.185	0.297	AT4G24240	0.0		0.002	-0.001	1.0
vsOthers	1	0.0	1.065	0.185	0.297	AT4G31550	0.0		0.021	0.0	1.0
vsOthers	1	0.0	1.065	0.185	0.297	AT4G37790	0.0		0.0	0.001	1.0
vsOthers	1	0.0	1.065	0.185	0.297	AT4G38620	0.0		0.002	0.002	1.0
vsOthers	1	0.0	1.065	0.185	0.297	AT4G38910	0.0		0.001	0.0	1.0
vsOthers	1	0.0	1.065	0.185	0.297	AT5G07680	0.0		0.008	-0.001	1.0
vsOthers	1	0.0	1.065	0.185	0.297	AT5G08130	0.0		0.005	-0.0	1.0
vsOthers	1	0.0	1.065	0.185	0.297	AT5G08750	0.0		0.015	0.001	1.0
vsOthers	1	0.0	1.065	0.185	0.297	AT5G13910	0.0		0.006	-0.002	1.0
vsOthers	1	0.0	1.065	0.185	0.297	AT5G14340	0.0		0.001	0.001	1.0
vsOthers	1	0.0	1.065	0.185	0.297	AT5G16600	0.0		0.0	0.001	1.0
vsOthers	1	0.0	1.065	0.185	0.297	AT5G17300	0.237		0.12	0.002	1.0
vsOthers	1	0.0	1.065	0.185	0.297	AT5G22890	0.0		0.0	-0.0	1.0
vsOthers	1	0.0	1.065	0.185	0.297	AT5G24110	0.0		0.055	0.001	1.0
vsOthers	1	0.0	1.065	0.185	0.297	AT5G25475	0.0		0.001	-0.001	1.0
vsOthers	1	0.0	1.065	0.185	0.297	AT5G29000	0.0		0.026	0.0	1.0
vsOthers	1	0.0	1.065	0.185	0.297	AT5G38800	0.0		0.0	0.0	1.0
vsOthers	1	0.0	1.065	0.185	0.297	AT5G38860	0.0		0.001	-0.001	1.0
vsOthers	1	0.0	1.065	0.185	0.297	AT5G39820	-0.041		0.012	0.001	1.0
vsOthers	1	0.0	1.065	0.185	0.297	AT5G42520	0.0		0.004	-0.001	1.0
vsOthers	1	0.0	1.065	0.185	0.297	AT5G42820	0.0		0.001	-0.0	1.0
vsOthers	1	0.0	1.065	0.185	0.297	AT5G46590	0.0		0.012	0.001	1.0
vsOthers	1	0.0	1.065	0.185	0.297	AT5G48670	0.0		0.0	0.0	1.0
vsOthers	1	0.0	1.065	0.185	0.297	AT5G53950	0.0		0.019	0.0	1.0
vsOthers	1	0.0	1.065	0.185	0.297	AT5G56930	0.0		0.002	-0.0	1.0
vsOthers	1	0.0	1.065	0.185	0.297	AT5G58620	0.0		0.0	0.0	1.0
vsOthers	1	0.0	1.065	0.185	0.297	AT5G66300	0.0		0.018	0.001	1.0
vsOthers	1	0.0	1.065	1.424	0.859	AT1G03840	0.0	0.035	0.035	0.0	1.0
vsOthers	1	0.0	1.065	1.424	0.859	AT1G06180	0.0	0.019	0.019	0.0	1.0
vsOthers	1	0.0	1.065	1.424	0.859	AT1G16490	0.0	0.036	0.034	0.002	1.0
vsOthers	1	0.0	1.065	1.424	0.859	AT1G17950	0.0	0.001	0.0	0.001	1.0
vsOthers	1	0.0	1.065	1.424	0.859	AT1G18960	0.0	0.0	0.0	0.0	1.0
vsOthers	1	0.0	1.065	1.424	0.859	AT1G23810	0.0	0.002	0.002	-0.0	1.0
vsOthers	1	0.0	1.065	1.424	0.859	AT1G27360	0.0	0.004	0.002	0.002	1.0
vsOthers	1	0.0	1.065	1.424	0.859	AT1G30210	0.0	0.001	0.0	0.001	1.0
vsOthers	1	0.0	1.065	1.424	0.859	AT1G32510	0.0	0.0	0.001	-0.001	1.0
vsOthers	1	0.0	1.065	1.424	0.859	AT1G46264	0.0	0.0	0.001	-0.001	1.0
vsOthers	1	0.0	1.065	1.424	0.859	AT1G47870	0.0	0.0	0.0	-0.0	1.0
vsOthers	1	0.0	1.065	1.424	0.859	AT1G49560	0.0	0.051	0.05	0.001	1.0
vsOthers	1	0.0	1.065	1.424	0.859	AT1G60920	0.0	0.0	0.0	-0.0	1.0
vsOthers	1	0.0	1.065	1.424	0.859	AT1G63040	0.0	0.0	0.0	-0.0	1.0
vsOthers	1	0.0	1.065	1.424	0.859	AT1G66420	0.0	0.0	0.0	0.0	1.0
vsOthers	1	0.0	1.065	1.424	0.859	AT1G67260	0.0	0.0	0.0	0.0	1.0
vsOthers	1	0.0	1.065	1.424	0.859	AT1G73730	0.0	0.0	0.0	-0.0	1.0
vsOthers	1	0.0	1.065	1.424	0.859	AT1G76420	0.0	0.044	0.044	-0.001	1.0
vsOthers	1	0.0	1.065	1.424	0.859	AT1G79180	0.0	0.018	0.018	0.0	1.0
vsOthers	1	0.0	1.065	1.424	0.859	AT2G01818	0.0	0.015	0.013	0.002	1.0
vsOthers	1	0.0	1.065	1.424	0.859	AT2G17410	0.0	0.007	0.007	-0.0	1.0
vsOthers	1	0.0	1.065	1.424	0.859	AT2G20400	0.0	0.027	0.027	0.001	1.0
vsOthers	1	0.0	1.065	1.424	0.859	AT2G41690	0.0	0.009	0.009	0.0	1.0
vsOthers	1	0.0	1.065	1.424	0.859	AT2G41835	0.0	0.004	0.005	-0.001	1.0
vsOthers	1	0.0	1.065	1.424	0.859	AT2G42590	0.0	0.008	0.008	-0.0	1.0
vsOthers	1	0.0	1.065	1.424	0.859	AT2G46590	0.0	0.05	0.051	-0.001	1.0
vsOthers	1	0.0	1.065	1.424	0.859	AT2G48100	0.0	0.0	0.001	-0.001	1.0
vsOthers	1	0.0	1.065	1.424	0.859	AT3G06740	0.0	0.023	0.024	-0.001	1.0
vsOthers	1	0.0	1.065	1.424	0.859	AT3G10113	0.0	0.03	0.03	0.001	1.0
vsOthers	1	0.0	1.065	1.424	0.859	AT3G12820	0.0	0.009	0.009	-0.0	1.0
vsOthers	1	0.0	1.065	1.424	0.859	AT3G24050	0.0	0.025	0.026	-0.001	1.0
vsOthers	1	0.0	1.065	1.424	0.859	AT3G24120	0.0	0.055	0.056	-0.001	1.0
vsOthers	1	0.0	1.065	1.424	0.859	AT3G46070	0.0	0.001	0.002	-0.001	1.0
vsOthers	1	0.0	1.065	1.424	0.859	AT3G47620	0.0	0.0	0.0	0.0	1.0
vsOthers	1	0.0	1.065	1.424	0.859	AT3G49930	0.0	0.0	0.0	-0.0	1.0
vsOthers	1	0.0	1.065	1.424	0.859	AT3G51080	0.0	0.004	0.005	-0.001	1.0
vsOthers	1	0.0	1.065	1.424	0.859	AT3G57600	0.0	0.008	0.008	-0.0	1.0
vsOthers	1	0.0	1.065	1.424	0.859	AT4G01500	0.0	0.006	0.007	-0.002	1.0
vsOthers	1	0.0	1.065	1.424	0.859	AT4G06746	0.0	0.06	0.061	-0.0	1.0
vsOthers	1	0.0	1.065	1.424	0.859	AT4G11660	0.0	0.029	0.031	-0.002	1.0
vsOthers	1	0.0	1.065	1.424	0.859	AT4G12670	0.0	0.0	0.0	0.0	1.0
vsOthers	1	0.0	1.065	1.424	0.859	AT4G14410	0.0	0.0	0.001	-0.001	1.0
vsOthers	1	0.0	1.065	1.424	0.859	AT4G17460	0.0	0.002	0.002	0.001	1.0
vsOthers	1	0.0	1.065	1.424	0.859	AT4G24470	0.0	0.014	0.014	-0.0	1.0
vsOthers	1	0.0	1.065	1.424	0.859	AT4G25480	0.0	0.06	0.058	0.002	1.0
vsOthers	1	0.0	1.065	1.424	0.859	AT4G27950	0.0	0.023	0.021	0.002	1.0
vsOthers	1	0.0	1.065	1.424	0.859	AT4G32800	0.0	0.021	0.02	0.002	1.0
vsOthers	1	0.0	1.065	1.424	0.859	AT4G37790	0.0	0.0	0.001	-0.001	1.0
vsOthers	1	0.0	1.065	1.424	0.859	AT4G38910	0.0	0.0	0.001	-0.001	1.0
vsOthers	1	0.0	1.065	1.424	0.859	AT5G08130	0.0	0.006	0.005	0.001	1.0
vsOthers	1	0.0	1.065	1.424	0.859	AT5G10510	0.0	0.003	0.004	-0.001	1.0
vsOthers	1	0.0	1.065	1.424	0.859	AT5G13180	0.0	0.045	0.044	0.001	1.0
vsOthers	1	0.0	1.065	1.424	0.859	AT5G16600	0.0	0.0	0.0	-0.0	1.0
vsOthers	1	0.0	1.065	1.424	0.859	AT5G17300	0.0	0.12	0.121	-0.001	1.0
vsOthers	1	0.0	1.065	1.424	0.859	AT5G18090	0.0	0.0	0.002	-0.002	1.0
vsOthers	1	0.0	1.065	1.424	0.859	AT5G22890	0.0	0.001	0.0	0.0	1.0
vsOthers	1	0.0	1.065	1.424	0.859	AT5G38800	0.0	0.0	0.0	0.0	1.0
vsOthers	1	0.0	1.065	1.424	0.859	AT5G42820	0.0	0.001	0.0	0.001	1.0
vsOthers	1	0.0	1.065	1.424	0.859	AT5G48670	0.0	0.0	0.0	0.0	1.0
vsOthers	1	0.0	1.065	1.424	0.859	AT5G58620	0.0	0.0	0.0	0.0	1.0
vsOthers	1	0.0	1.065	1.424	0.859	AT5G58850	0.0	0.083	0.083	-0.0	1.0
vsOthers	1	0.0	1.065	1.424	0.859	AT5G65210	0.0	0.047	0.045	0.003	1.0
