kind	split	from_time	from_value	to_time	to_value	TF	coeff	avg_branch	avg_other	diff	score
2way	2	-0.388	0.398			AT4G32730	-3.627	0.13	0.82	0.69	1.01e-34
2way	2	-0.388	0.398			AT3G20770	-0.567	0.051	0.426	0.375	1.48e-15
2way	2	1.184	0.873			AT5G16820	1.377	0.237	0.071	-0.166	1.28e-13
2way	2	-0.388	0.398			AT3G27785	-1.559	0.04	0.344	0.305	1.96e-12
2way	2	1.184	0.873			AT4G11660	1.761	0.181	0.047	-0.135	6.38e-12
2way	2	-0.388	0.398			AT5G58850	-0.0	0.113	0.451	0.338	4.28e-11
2way	2	1.184	0.873			AT3G22830	-0.0	0.205	0.067	-0.138	1.06e-10
2way	2	1.184	0.873			AT3G09735	-0.0	0.205	0.074	-0.131	1.43e-09
2way	2	-0.388	0.398			AT4G18770	-0.0	0.051	0.287	0.236	1.73e-08
2way	2	1.184	0.873			AT5G09410	1.519	0.203	0.092	-0.111	6.51e-07
2way	2	1.184	0.873			AT5G52830	0.729	0.208	0.102	-0.106	3.48e-06
2way	2	1.184	0.873			AT1G49010	0.939	0.2	0.097	-0.104	3.66e-06
2way	2	1.184	0.873			AT4G23550	0.963	0.217	0.111	-0.107	5.38e-06
2way	2	1.184	0.873			AT2G01818	-0.0	0.092	0.026	-0.066	6.32e-06
2way	2	1.184	0.873			AT4G01250	0.675	0.181	0.085	-0.097	6.85e-06
2way	2	-0.388	0.398			AT1G69490	1.39	0.192	0.025	-0.168	8.39e-06
2way	2	1.184	0.873			AT5G08520	-0.0	0.208	0.105	-0.102	8.62e-06
2way	2	-0.388	0.398			AT1G08010	-1.064	0.051	0.221	0.17	1.08e-05
2way	2	1.184	0.873			AT5G47390	0.477	0.196	0.098	-0.097	1.66e-05
2way	2	-0.388	0.398			AT2G04038	0.659	0.299	0.098	-0.201	2.78e-05
2way	2	-0.388	0.398			AT2G18160	-0.0	0.305	0.098	-0.207	3.08e-05
2way	2	1.184	0.873			AT5G61620	-0.0	0.21	0.114	-0.096	4e-05
2way	2	1.184	0.873			AT1G74840	-0.0	0.176	0.088	-0.088	4.04e-05
2way	2	-0.388	0.398			AT1G52880	-0.0	0.203	0.041	-0.162	5.37e-05
2way	2	1.184	0.873			AT2G30250	0.608	0.251	0.149	-0.103	5.89e-05
2way	2	-0.388	0.398			AT3G62420	-0.0	0.305	0.107	-0.199	6.3e-05
2way	2	1.184	0.873			AT3G02990	0.117	0.048	0.009	-0.04	9.05e-05
2way	2	1.184	0.873			AT1G19000	-0.0	0.193	0.105	-0.088	0.000105
2way	2	1.184	0.873			AT3G01970	0.196	0.213	0.121	-0.092	0.000108
2way	2	1.184	0.873			AT4G00250	0.455	0.145	0.069	-0.076	0.000109
2way	2	1.184	0.873			AT5G43840	-0.0	0.058	0.014	-0.044	0.000115
2way	2	-0.388	0.398			AT5G25830	-0.722	0.062	0.213	0.151	0.000136
2way	2	-0.388	0.398			AT5G15830	-0.0	0.282	0.107	-0.176	0.000266
2way	2	-0.388	0.398			AT1G32150	-0.0	0.288	0.115	-0.173	0.00033
2way	2	-0.388	0.398			AT2G35530	-0.0	0.294	0.115	-0.179	0.000342
2way	2	1.184	0.873			AT5G62320	-0.128	0.058	0.124	0.066	0.00045
2way	2	-0.388	0.398			AT1G71696	-0.0	0.073	0.213	0.14	0.000501
2way	2	1.184	0.873			AT5G56840	-0.0	0.213	0.13	-0.083	0.000522
2way	2	1.184	0.873			AT4G26640	0.369	0.116	0.055	-0.061	0.000596
2way	2	-0.388	0.398			AT2G02820	-0.413	0.13	0.295	0.165	0.000606
2way	2	1.184	0.873			AT4G18170	0.212	0.22	0.136	-0.083	0.000635
2way	2	1.184	0.873			AT2G38470	-0.0	0.213	0.131	-0.081	0.000728
2way	2	1.184	0.873			AT3G02940	-0.882	0.111	0.188	0.077	0.000997
2way	2	-0.388	0.398			AT3G56850	0.36	0.288	0.123	-0.165	0.001
2way	2	-0.388	0.398			AT3G18400	-0.0	0.13	0.025	-0.105	0.00133
2way	2	1.184	0.873			AT1G30650	-0.0	0.21	0.133	-0.077	0.00135
2way	2	1.184	0.873			AT2G03340	0.209	0.094	0.043	-0.051	0.00155
2way	2	1.184	0.873			AT2G04038	1.388	0.193	0.119	-0.074	0.00156
2way	2	1.184	0.873			AT4G31800	0.29	0.232	0.152	-0.08	0.00162
2way	2	1.184	0.873			AT4G05100	-1.032	0.036	0.086	0.05	0.00163
2way	2	-0.388	0.398			AT5G65210	-0.0	0.209	0.074	-0.135	0.00171
2way	2	1.184	0.873			AT3G24520	-0.798	0.196	0.123	-0.073	0.00177
2way	2	1.184	0.873			AT4G26030	-0.22	0.072	0.136	0.064	0.0019
2way	2	1.184	0.873			AT2G30590	1.268	0.043	0.012	-0.031	0.0021
2way	2	-0.388	0.398			AT3G12250	-0.0	0.237	0.098	-0.139	0.00213
2way	2	-0.388	0.398			AT5G10030	0.36	0.215	0.082	-0.133	0.00216
2way	2	1.184	0.873			AT5G41570	-0.0	0.21	0.136	-0.074	0.0025
2way	2	1.184	0.873			AT5G13080	-0.241	0.225	0.149	-0.076	0.00253
2way	2	1.184	0.873			AT3G12820	-0.58	0.024	0.067	0.043	0.00261
2way	2	-0.388	0.398			AT4G14770	-0.962	0.096	0.221	0.125	0.00299
2way	2	-0.388	0.398			AT5G11260	0.522	0.232	0.098	-0.133	0.00324
2way	2	1.184	0.873			AT1G79180	-0.181	0.041	0.09	0.049	0.00334
2way	2	1.184	0.873			AT2G18380	0.649	0.14	0.081	-0.059	0.00334
2way	2	-0.388	0.398			AT2G36270	-0.0	0.266	0.123	-0.143	0.00348
2way	2	1.184	0.873			AT5G26170	0.195	0.217	0.145	-0.072	0.00392
2way	2	-0.388	0.398			AT4G34590	-0.0	0.119	0.025	-0.094	0.00395
2way	2	1.184	0.873			AT2G20110	0.535	0.167	0.104	-0.063	0.00405
2way	2	-0.388	0.398			AT5G06839	-0.0	0.192	0.074	-0.118	0.00418
2way	2	1.184	0.873			AT2G23320	-0.0	0.227	0.155	-0.072	0.00482
2way	2	1.184	0.873			AT4G31550	-0.0	0.068	0.029	-0.038	0.00513
2way	2	-0.388	0.398			AT5G17800	-0.0	0.056	0.156	0.099	0.00535
2way	2	-0.388	0.398			AT5G45300	1.29	0.141	0.041	-0.1	0.00537
2way	2	-0.388	0.398			AT3G10113	0.084	0.124	0.033	-0.092	0.00597
2way	2	-0.388	0.398			AT5G47390	0.527	0.186	0.074	-0.113	0.0064
2way	2	-0.388	0.398			AT5G52660	0.264	0.113	0.025	-0.088	0.00677
2way	2	-0.388	0.398			AT2G01930	-0.067	0.079	0.189	0.109	0.00682
2way	2	1.184	0.873			AT1G06180	-0.0	0.048	0.095	0.047	0.00704
2way	2	1.184	0.873			AT2G24430	0.487	0.162	0.104	-0.058	0.00709
2way	2	-0.388	0.398			AT2G20400	0.813	0.147	0.049	-0.098	0.00738
2way	2	-0.388	0.398			AT5G29000	-0.0	0.147	0.049	-0.098	0.00738
2way	2	-0.388	0.398			AT1G74840	0.66	0.153	0.049	-0.103	0.00773
2way	2	-0.388	0.398			AT1G01720	-0.0	0.198	0.082	-0.116	0.00791
2way	2	1.184	0.873			AT2G46130	-0.0	0.072	0.035	-0.038	0.00802
2way	2	1.184	0.873			AT2G15660	-0.0	0.039	0.012	-0.027	0.00891
2way	2	1.184	0.873			AT5G58900	-0.0	0.14	0.086	-0.054	0.00951
2way	2	1.184	0.873			AT5G08750	1.472	0.043	0.016	-0.028	0.00953
2way	2	-0.388	0.398			AT3G09600	0.084	0.158	0.057	-0.101	0.00962
2way	2	1.184	0.873			AT3G61250	-0.247	0.014	0.045	0.03	0.00962
2way	2	-0.388	0.398			AT2G18380	-0.241	0.073	0.172	0.099	0.00967
2way	2	1.184	0.873			AT1G01720	0.457	0.179	0.119	-0.06	0.01
2way	2	-0.388	0.398			AT1G06850	0.564	0.141	0.049	-0.092	0.011
2way	2	1.184	0.873			AT1G52880	-0.046	0.155	0.1	-0.054	0.011
2way	2	1.184	0.873			AT5G14340	-0.067	0.002	0.022	0.02	0.011
2way	2	1.184	0.873			AT5G46350	-0.0	0.114	0.067	-0.046	0.012
2way	2	-0.388	0.398			AT3G60530	-0.037	0.023	0.09	0.068	0.013
2way	2	-0.388	0.398			AT5G56840	0.087	0.22	0.107	-0.114	0.013
2way	2	-0.388	0.398			AT2G23290	-0.0	0.107	0.213	0.106	0.014
2way	2	-0.388	0.398			AT5G18270	-0.0	0.124	0.041	-0.083	0.014
2way	2	1.184	0.873			AT1G69490	0.407	0.145	0.093	-0.052	0.015
2way	2	-0.388	0.398			AT2G32460	-0.375	0.073	0.164	0.09	0.016
2way	2	-0.388	0.398			AT1G24250	-1.02	0.017	0.074	0.057	0.017
2way	2	-0.388	0.398			AT3G57920	0.025	0.096	0.025	-0.071	0.017
2way	2	-0.388	0.398			AT4G32800	-0.0	0.017	0.074	0.057	0.017
2way	2	1.184	0.873			AT3G01220	-0.701	0.101	0.154	0.052	0.017
2way	2	1.184	0.873			AT3G61150	-1.099	0.089	0.14	0.051	0.017
2way	2	-0.388	0.398			AT1G08320	-0.0	0.215	0.107	-0.108	0.018
2way	2	-0.388	0.398			AT3G52440	-0.0	0.215	0.107	-0.108	0.018
2way	2	-0.388	0.398			AT5G06950	0.626	0.136	0.049	-0.086	0.018
2way	2	-0.388	0.398			AT5G06100	-0.0	0.085	0.18	0.096	0.019
2way	2	1.184	0.873			AT1G29860	-1.233	0.198	0.142	-0.056	0.019
2way	2	1.184	0.873			AT5G15830	-0.114	0.213	0.154	-0.059	0.019
2way	2	1.184	0.873			AT1G34670	0.068	0.109	0.161	0.052	0.02
2way	2	1.184	0.873			AT1G51700	-0.116	0.07	0.114	0.044	0.022
2way	2	1.184	0.873			AT2G18160	0.015	0.191	0.136	-0.054	0.022
2way	2	1.184	0.873			AT3G52440	-0.606	0.114	0.166	0.052	0.022
2way	2	1.184	0.873			AT1G04880	-0.38	0.041	0.078	0.037	0.023
2way	2	1.184	0.873			AT2G35530	-0.0	0.213	0.155	-0.057	0.023
2way	2	1.184	0.873			AT5G67000	0.297	0.014	0.002	-0.013	0.023
2way	2	-0.388	0.398			AT1G18330	-0.0	0.107	0.033	-0.075	0.025
2way	2	1.184	0.873			AT5G45300	-0.769	0.058	0.098	0.04	0.025
2way	2	-0.388	0.398			AT1G45249	-0.0	0.175	0.082	-0.093	0.026
2way	2	-0.388	0.398			AT3G10580	0.447	0.186	0.09	-0.096	0.03
2way	2	-0.388	0.398			AT4G36780	-0.0	0.186	0.09	-0.096	0.03
2way	2	1.184	0.873			AT1G10720	-0.0	0.01	0.0	-0.01	0.03
2way	2	1.184	0.873			AT2G28810	-0.135	0.106	0.155	0.049	0.03
2way	2	1.184	0.873			AT2G15740	0.34	0.135	0.092	-0.044	0.031
2way	2	-0.388	0.398			AT3G24050	-0.0	0.04	0.107	0.067	0.032
2way	2	-0.388	0.398			AT5G26170	0.184	0.158	0.074	-0.084	0.032
2way	2	1.184	0.873			AT3G28920	-0.794	0.123	0.174	0.051	0.032
2way	2	-0.388	0.398			AT4G24470	-0.0	0.028	0.09	0.062	0.033
2way	2	1.184	0.873			AT5G03790	-0.492	0.111	0.159	0.048	0.033
2way	2	1.184	0.873			AT2G44840	0.316	0.155	0.109	-0.046	0.034
2way	2	-0.388	0.398			AT2G24430	0.518	0.169	0.082	-0.088	0.037
2way	2	-0.388	0.398			AT4G37260	-0.0	0.096	0.18	0.084	0.037
2way	2	1.184	0.873			AT1G62300	-0.0	0.176	0.128	-0.049	0.037
2way	2	1.184	0.873			AT3G62420	-0.189	0.213	0.161	-0.052	0.038
2way	2	-0.388	0.398			AT3G17730	-0.0	0.102	0.033	-0.069	0.04
2way	2	1.184	0.873			AT3G10580	-0.418	0.075	0.116	0.041	0.04
2way	2	1.184	0.873			AT4G32730	-0.953	0.143	0.193	0.051	0.041
2way	2	-0.388	0.398			AT5G06960	-0.0	0.124	0.049	-0.075	0.042
2way	2	-0.388	0.398			AT3G51080	-0.0	0.006	0.041	0.035	0.043
2way	2	-0.388	0.398			AT5G65510	-0.0	0.023	0.074	0.051	0.043
2way	2	1.184	0.873			AT1G28370	0.093	0.186	0.138	-0.048	0.043
2way	2	1.184	0.873			AT3G56850	-0.0	0.205	0.155	-0.05	0.043
2way	2	-0.388	0.398			AT5G17300	0.73	0.153	0.074	-0.079	0.047
2way	2	-0.388	0.398			AT1G78700	-0.0	0.186	0.098	-0.088	0.048
2way	2	-0.388	0.398			AT1G01060	0.018	0.13	0.057	-0.073	0.05
2way	2	-0.388	0.398			AT5G63090	-0.0	0.068	0.016	-0.051	0.05
2way	2	1.184	0.873			AT1G80840	-0.0	0.041	0.019	-0.022	0.051
2way	2	1.184	0.873			AT3G58630	-0.0	0.048	0.024	-0.024	0.051
2way	2	-0.388	0.398			AT4G18890	-0.0	0.051	0.008	-0.043	0.052
2way	2	-0.388	0.398			AT1G19000	-0.0	0.192	0.107	-0.086	0.053
2way	2	1.184	0.873			AT1G76420	-0.0	0.152	0.109	-0.043	0.053
2way	2	1.184	0.873			AT4G38620	-0.0	0.012	0.031	0.019	0.055
2way	2	1.184	0.873			AT5G56110	-0.0	0.135	0.181	0.046	0.055
2way	2	-0.388	0.398			AT3G60580	-0.0	0.028	0.082	0.054	0.056
2way	2	-0.388	0.398			AT5G02840	-0.0	0.056	0.008	-0.048	0.056
2way	2	1.184	0.873			AT1G53230	-0.751	0.022	0.045	0.023	0.056
2way	2	1.184	0.873			AT5G07100	-0.0	0.043	0.021	-0.023	0.058
2way	2	-0.388	0.398			AT4G36160	-0.0	0.141	0.066	-0.076	0.059
2way	2	-0.388	0.398			AT1G65910	0.306	0.09	0.033	-0.058	0.06
2way	2	1.184	0.873			AT2G21900	-0.0	0.019	0.005	-0.014	0.06
2way	2	1.184	0.873			AT5G10280	-0.0	0.029	0.055	0.026	0.06
2way	2	1.184	0.873			AT1G25340	-0.124	0.063	0.097	0.034	0.061
2way	2	1.184	0.873			AT1G45249	-0.0	0.104	0.069	-0.035	0.062
2way	2	-0.388	0.398			AT3G10030	-0.0	0.045	0.107	0.061	0.063
2way	2	1.184	0.873			AT3G21890	-0.647	0.087	0.124	0.037	0.064
2way	2	1.184	0.873			AT3G11280	-0.0	0.063	0.036	-0.027	0.068
2way	2	1.184	0.873			AT4G24470	-0.704	0.014	0.035	0.02	0.068
2way	2	1.184	0.873			AT1G32150	-0.596	0.215	0.168	-0.047	0.069
2way	2	1.184	0.873			AT1G69780	-0.035	0.106	0.147	0.041	0.069
2way	2	1.184	0.873			AT1G70920	-0.542	0.08	0.116	0.036	0.069
2way	2	1.184	0.873			AT3G04060	0.575	0.138	0.1	-0.038	0.071
2way	2	-0.388	0.398			AT3G26620	-0.0	0.073	0.025	-0.049	0.072
2way	2	1.184	0.873			AT2G31460	-0.0	0.007	0.0	-0.007	0.072
2way	2	-0.388	0.398			AT5G08520	-0.0	0.186	0.107	-0.08	0.073
2way	2	-0.388	0.398			AT4G01280	-0.0	0.153	0.082	-0.071	0.076
2way	2	1.184	0.873			AT3G23240	0.095	0.099	0.067	-0.032	0.077
2way	2	1.184	0.873			AT4G36740	-0.168	0.133	0.176	0.043	0.077
2way	2	1.184	0.873			AT2G24570	0.579	0.027	0.01	-0.016	0.079
2way	2	1.184	0.873			AT3G13810	0.744	0.101	0.069	-0.032	0.079
2way	2	1.184	0.873			AT5G16600	-0.0	0.0	0.009	0.009	0.079
2way	2	-0.388	0.398			AT1G20980	-0.0	0.062	0.016	-0.046	0.081
2way	2	-0.388	0.398			AT3G04070	-0.0	0.062	0.016	-0.046	0.081
2way	2	1.184	0.873			AT1G18570	-0.344	0.012	0.029	0.017	0.081
2way	2	-0.388	0.398			AT5G07680	-0.0	0.028	0.0	-0.028	0.082
2way	2	-0.388	0.398			AT5G50570	-0.0	0.028	0.0	-0.028	0.082
2way	2	-0.388	0.398			AT2G45420	0.545	0.164	0.09	-0.074	0.083
2way	2	-0.388	0.398			AT3G10800	-0.0	0.13	0.066	-0.064	0.084
2way	2	-0.388	0.398			AT3G15270	-0.0	0.13	0.066	-0.064	0.084
2way	2	-0.388	0.398			AT2G01940	-0.0	0.079	0.148	0.068	0.085
2way	2	1.184	0.873			AT1G31140	0.73	0.118	0.085	-0.034	0.085
2way	2	1.184	0.873			AT4G36160	0.56	0.215	0.171	-0.044	0.085
2way	2	1.184	0.873			AT1G51220	-0.244	0.068	0.1	0.033	0.086
2way	2	-0.388	0.398			AT1G76110	-0.0	0.045	0.008	-0.037	0.088
2way	2	-0.388	0.398			AT2G28920	-0.0	0.045	0.008	-0.037	0.088
2way	2	-0.388	0.398			AT3G26790	-0.0	0.045	0.008	-0.037	0.088
2way	2	-0.388	0.398			AT5G46590	-0.0	0.045	0.008	-0.037	0.088
2way	2	1.184	0.873			AT2G40740	-0.0	0.196	0.154	-0.042	0.088
2way	2	1.184	0.873			AT4G24240	-0.0	0.012	0.002	-0.01	0.088
2way	2	-0.388	0.398			AT5G13180	-0.0	0.107	0.049	-0.058	0.09
2way	2	1.184	0.873			AT5G53950	-0.302	0.082	0.054	-0.029	0.09
2way	2	-0.388	0.398			AT1G75390	-0.0	0.085	0.033	-0.052	0.091
2way	2	-0.388	0.398			AT1G03840	-0.0	0.062	0.123	0.061	0.093
2way	2	-0.388	0.398			AT3G21175	-0.0	0.028	0.074	0.046	0.093
2way	2	1.184	0.873			AT1G09540	-0.0	0.101	0.138	0.037	0.095
2way	2	1.184	0.873			AT1G24250	-0.424	0.051	0.078	0.027	0.095
2way	2	1.184	0.873			AT3G42860	-0.0	0.097	0.067	-0.029	0.097
2way	2	1.184	0.873			AT5G25830	-0.952	0.034	0.057	0.023	0.097
2way	2	1.184	0.873			AT5G39610	-0.0	0.145	0.109	-0.036	0.097
2way	2	1.184	0.873			AT5G05790	-0.343	0.085	0.057	-0.028	0.098
2way	2	1.184	0.873			AT5G60850	-0.18	0.121	0.159	0.038	0.098
2way	2	1.184	0.873			AT1G22070	-0.0	0.014	0.031	0.017	0.099
2way	2	1.184	0.873			AT5G25190	0.777	0.213	0.169	-0.043	0.099
2way	2	1.184	0.873			AT3G28910	-0.0	0.043	0.069	0.026	0.1
2way	2	-0.388	0.398			AT3G11440	-0.0	0.124	0.197	0.072	0.103
2way	2	1.184	0.873			AT1G23810	-0.0	0.022	0.009	-0.013	0.103
2way	2	1.184	0.873			AT2G02080	0.349	0.133	0.098	-0.034	0.103
2way	2	1.184	0.873			AT3G15210	0.153	0.22	0.178	-0.042	0.105
2way	2	1.184	0.873			AT5G18270	-0.179	0.155	0.119	-0.035	0.109
2way	2	1.184	0.873			AT4G14770	0.148	0.138	0.104	-0.034	0.11
2way	2	1.184	0.873			AT5G66940	-0.002	0.116	0.152	0.036	0.112
2way	2	-0.388	0.398			AT3G03200	-0.0	0.096	0.041	-0.055	0.113
2way	2	1.184	0.873			AT3G50410	0.092	0.072	0.102	0.029	0.116
2way	2	1.184	0.873			AT1G75240	-0.0	0.121	0.157	0.036	0.117
2way	2	1.184	0.873			AT3G24120	-1.1	0.121	0.157	0.036	0.117
2way	2	1.184	0.873			AT5G67580	-0.0	0.094	0.066	-0.029	0.117
2way	2	1.184	0.873			AT5G50570	0.119	0.039	0.021	-0.018	0.119
2way	2	1.184	0.873			AT4G04450	-0.0	0.031	0.016	-0.016	0.125
2way	2	1.184	0.873			AT3G18400	0.123	0.174	0.138	-0.036	0.129
2way	2	-0.388	0.398			AT5G09410	-0.0	0.102	0.049	-0.053	0.13
2way	2	1.184	0.873			AT3G45610	-0.0	0.114	0.147	0.033	0.131
2way	2	1.184	0.873			AT5G22990	0.215	0.176	0.14	-0.036	0.131
2way	2	1.184	0.873			AT3G08500	-0.0	0.082	0.112	0.03	0.133
2way	2	1.184	0.873			AT5G63260	-0.0	0.116	0.15	0.034	0.133
2way	2	1.184	0.873			AT3G51080	-0.0	0.005	0.016	0.011	0.134
2way	2	1.184	0.873			AT2G17410	0.289	0.012	0.003	-0.009	0.135
2way	2	-0.388	0.398			AT1G54330	-0.0	0.079	0.033	-0.046	0.137
2way	2	1.184	0.873			AT2G32460	0.614	0.121	0.09	-0.031	0.137
2way	2	1.184	0.873			AT1G72740	-0.0	0.104	0.076	-0.028	0.139
2way	2	1.184	0.873			AT2G02540	-0.297	0.143	0.18	0.037	0.14
2way	2	1.184	0.873			AT5G64060	-0.513	0.104	0.136	0.033	0.141
2way	2	1.184	0.873			AT3G15170	-0.0	0.089	0.064	-0.025	0.142
2way	2	1.184	0.873			AT1G16490	-0.0	0.106	0.138	0.032	0.145
2way	2	1.184	0.873			AT5G02460	-0.374	0.128	0.162	0.034	0.147
2way	2	1.184	0.873			AT5G54230	-0.0	0.128	0.162	0.034	0.147
2way	2	-0.388	0.398			AT1G65620	-0.0	0.023	0.0	-0.023	0.148
2way	2	-0.388	0.398			AT2G45650	-0.0	0.04	0.008	-0.031	0.148
2way	2	-0.388	0.398			AT4G37180	-0.236	0.096	0.156	0.06	0.148
2way	2	-0.388	0.398			AT5G53950	-0.0	0.04	0.008	-0.031	0.148
2way	2	1.184	0.873			AT1G13260	-0.337	0.031	0.052	0.02	0.154
2way	2	1.184	0.873			AT2G41690	-0.0	0.034	0.019	-0.015	0.154
2way	2	1.184	0.873			AT1G12630	-0.967	0.14	0.174	0.034	0.16
2way	2	-0.388	0.398			AT1G34180	-0.0	0.085	0.041	-0.044	0.162
2way	2	-0.388	0.398			AT3G49530	0.099	0.085	0.041	-0.044	0.162
2way	2	-0.388	0.398			AT5G39610	-0.0	0.085	0.041	-0.044	0.162
2way	2	1.184	0.873			AT5G47220	-0.0	0.068	0.047	-0.021	0.162
2way	2	-0.388	0.398			AT1G01250	-0.0	0.006	0.033	0.027	0.163
2way	2	-0.388	0.398			AT4G27900	-0.0	0.006	0.033	0.027	0.163
2way	2	1.184	0.873			AT1G65620	-0.0	0.027	0.014	-0.013	0.164
2way	2	1.184	0.873			AT3G24050	-0.0	0.034	0.054	0.02	0.164
2way	2	-0.388	0.398			AT2G23340	-0.0	0.107	0.164	0.057	0.165
2way	2	-0.388	0.398			AT3G46070	-0.0	0.0	0.016	0.016	0.166
2way	2	-0.388	0.398			AT5G04390	-0.0	0.051	0.098	0.048	0.166
2way	2	-0.388	0.398			AT5G42520	-0.0	0.0	0.016	0.016	0.166
2way	2	1.184	0.873			AT1G46264	-0.0	0.01	0.002	-0.008	0.167
2way	2	1.184	0.873			AT1G02230	-0.295	0.104	0.133	0.029	0.169
2way	2	1.184	0.873			AT5G67450	-1.315	0.012	0.026	0.014	0.169
2way	2	1.184	0.873			AT4G22070	-0.611	0.143	0.112	-0.03	0.173
2way	2	1.184	0.873			AT5G65310	-0.061	0.152	0.187	0.034	0.173
2way	2	1.184	0.873			AT1G47870	-0.0	0.005	0.0	-0.005	0.174
2way	2	1.184	0.873			AT5G49300	-0.0	0.005	0.0	-0.005	0.174
2way	2	1.184	0.873			AT5G25390	-0.0	0.014	0.005	-0.009	0.175
2way	2	1.184	0.873			AT1G32240	-0.634	0.019	0.035	0.015	0.177
2way	2	1.184	0.873			AT1G29280	-0.613	0.196	0.162	-0.033	0.178
2way	2	1.184	0.873			AT5G03150	0.647	0.048	0.031	-0.017	0.181
2way	2	-0.388	0.398			AT2G02070	-0.271	0.056	0.098	0.042	0.184
2way	2	-0.388	0.398			AT2G46680	0.373	0.096	0.049	-0.047	0.185
2way	2	-0.388	0.398			AT4G17980	-0.0	0.096	0.049	-0.047	0.185
2way	2	1.184	0.873			AT4G27950	-0.0	0.075	0.054	-0.021	0.185
2way	2	-0.388	0.398			AT5G67190	-0.0	0.124	0.18	0.056	0.188
2way	2	1.184	0.873			AT2G22430	1.247	0.13	0.102	-0.029	0.188
2way	2	1.184	0.873			AT2G23340	0.562	0.152	0.123	-0.03	0.188
2way	2	1.184	0.873			AT1G74480	-0.0	0.111	0.085	-0.026	0.189
2way	2	1.184	0.873			AT2G46680	-0.0	0.082	0.109	0.027	0.193
2way	2	-0.388	0.398			AT3G60490	-0.0	0.09	0.139	0.049	0.194
2way	2	-0.388	0.398			AT2G45410	-0.0	0.136	0.082	-0.054	0.195
2way	2	-0.388	0.398			AT3G12730	-0.0	0.136	0.082	-0.054	0.195
2way	2	1.184	0.873			AT2G44940	-0.449	0.104	0.131	0.027	0.199
2way	2	1.184	0.873			AT3G50700	0.867	0.053	0.035	-0.019	0.2
2way	2	-0.388	0.398			AT5G47370	-0.605	0.096	0.148	0.051	0.201
2way	2	1.184	0.873			AT5G44210	-0.0	0.08	0.059	-0.021	0.202
2way	2	-0.388	0.398			AT1G43700	-0.0	0.073	0.033	-0.041	0.203
2way	2	-0.388	0.398			AT3G11280	-0.0	0.073	0.033	-0.041	0.203
2way	2	1.184	0.873			AT2G40260	0.468	0.118	0.092	-0.027	0.203
2way	2	-0.388	0.398			AT3G61150	-0.0	0.068	0.033	-0.035	0.205
2way	2	1.184	0.873			AT5G05550	0.069	0.227	0.193	-0.034	0.205
2way	2	-0.388	0.398			AT1G76420	-0.0	0.102	0.057	-0.044	0.206
2way	2	-0.388	0.398			AT2G46770	-0.0	0.102	0.057	-0.044	0.206
2way	2	1.184	0.873			AT5G60130	0.544	0.118	0.093	-0.025	0.207
2way	2	1.184	0.873			AT3G23250	-0.0	0.01	0.021	0.011	0.208
2way	2	1.184	0.873			AT5G25475	-0.619	0.005	0.014	0.009	0.208
2way	2	-0.388	0.398			AT1G04880	0.038	0.051	0.016	-0.034	0.209
2way	2	-0.388	0.398			AT4G31800	-0.328	0.068	0.115	0.047	0.21
2way	2	-0.388	0.398			AT4G31060	-0.0	0.102	0.156	0.054	0.211
2way	2	1.184	0.873			AT4G28500	-0.578	0.111	0.138	0.027	0.211
2way	2	-0.388	0.398			AT2G43000	0.001	0.198	0.139	-0.058	0.216
2way	2	1.184	0.873			AT4G34590	-0.0	0.056	0.038	-0.018	0.216
2way	2	-0.388	0.398			AT1G14687	0.155	0.153	0.098	-0.054	0.221
2way	2	-0.388	0.398			AT2G42430	-0.0	0.113	0.066	-0.047	0.225
2way	2	-0.388	0.398			AT1G77200	-0.344	0.113	0.164	0.051	0.228
2way	2	1.184	0.873			AT4G18890	0.848	0.034	0.021	-0.013	0.229
2way	2	1.184	0.873			AT5G07680	-0.0	0.034	0.021	-0.013	0.229
2way	2	-0.388	0.398			AT1G66370	-0.0	0.011	0.033	0.021	0.23
2way	2	-0.388	0.398			AT2G42590	-0.0	0.011	0.033	0.021	0.23
2way	2	-0.388	0.398			AT1G12260	-0.0	0.079	0.041	-0.038	0.231
2way	2	-0.388	0.398			AT3G10500	-0.0	0.079	0.041	-0.038	0.231
2way	2	1.184	0.873			AT2G02820	-0.0	0.191	0.161	-0.03	0.234
2way	2	-0.388	0.398			AT2G20110	-0.0	0.079	0.123	0.044	0.235
2way	2	-0.388	0.398			AT2G22540	-0.0	0.119	0.172	0.053	0.236
2way	2	1.184	0.873			AT1G01250	-0.001	0.012	0.022	0.01	0.242
2way	2	1.184	0.873			AT1G73730	-0.073	0.012	0.022	0.01	0.242
2way	2	-0.388	0.398			AT1G22810	-0.0	0.085	0.131	0.046	0.247
2way	2	-0.388	0.398			AT1G47655	-0.0	0.085	0.131	0.046	0.247
2way	2	-0.388	0.398			AT3G50410	-0.0	0.085	0.131	0.046	0.247
2way	2	-0.388	0.398			AT5G39820	-0.0	0.034	0.008	-0.026	0.247
2way	2	1.184	0.873			AT4G27900	-0.0	0.002	0.01	0.008	0.249
2way	2	-0.388	0.398			AT1G49560	-0.0	0.13	0.18	0.05	0.252
2way	2	-0.388	0.398			AT3G15170	-0.0	0.056	0.025	-0.032	0.252
2way	2	-0.388	0.398			AT1G49010	-0.0	0.175	0.123	-0.052	0.255
2way	2	1.184	0.873			AT5G46590	-0.142	0.043	0.06	0.017	0.256
2way	2	1.184	0.873			AT2G45410	-0.315	0.118	0.145	0.027	0.257
2way	2	1.184	0.873			AT3G51470	-0.0	0.007	0.017	0.01	0.258
2way	2	1.184	0.873			AT2G18060	0.332	0.15	0.124	-0.025	0.259
2way	2	-0.388	0.398			AT3G04060	-0.0	0.09	0.049	-0.041	0.26
2way	2	-0.388	0.398			AT5G08330	-0.0	0.085	0.049	-0.036	0.26
2way	2	-0.388	0.398			AT5G62380	-0.0	0.085	0.049	-0.036	0.26
2way	2	-0.388	0.398			AT4G38000	0.135	0.124	0.082	-0.042	0.261
2way	2	1.184	0.873			AT4G01540	-0.09	0.15	0.178	0.028	0.261
2way	2	1.184	0.873			AT4G01680	0.09	0.077	0.098	0.021	0.262
2way	2	-0.388	0.398			AT1G62300	-0.133	0.034	0.066	0.032	0.266
2way	2	1.184	0.873			AT3G47600	-0.0	0.014	0.026	0.011	0.267
2way	2	1.184	0.873			AT2G22540	0.083	0.157	0.131	-0.026	0.269
2way	2	1.184	0.873			AT3G49930	-0.0	0.0	0.005	0.005	0.27
2way	2	1.184	0.873			AT5G18090	-0.0	0.0	0.005	0.005	0.27
2way	2	1.184	0.873			AT5G48670	-0.0	0.0	0.005	0.005	0.27
2way	2	-0.388	0.398			AT1G34370	-0.0	0.017	0.0	-0.017	0.273
2way	2	-0.388	0.398			AT3G12910	-0.0	0.017	0.0	-0.017	0.273
2way	2	-0.388	0.398			AT3G23210	-0.0	0.017	0.0	-0.017	0.273
2way	2	-0.388	0.398			AT3G23250	-0.0	0.017	0.0	-0.017	0.273
2way	2	1.184	0.873			AT3G04070	0.119	0.029	0.017	-0.012	0.275
2way	2	1.184	0.873			AT2G31230	0.121	0.14	0.116	-0.024	0.286
2way	2	-0.388	0.398			AT2G35700	-0.0	0.107	0.156	0.048	0.289
2way	2	-0.388	0.398			AT5G67580	-0.0	0.068	0.107	0.039	0.289
2way	2	1.184	0.873			AT1G27360	-0.0	0.012	0.005	-0.007	0.289
2way	2	1.184	0.873			AT5G61270	-0.0	0.012	0.005	-0.007	0.289
2way	2	1.184	0.873			AT1G71696	-0.226	0.116	0.095	-0.021	0.293
2way	2	-0.388	0.398			AT5G62320	-0.547	0.04	0.074	0.034	0.295
2way	2	1.184	0.873			AT1G53170	-0.155	0.222	0.193	-0.029	0.3
2way	2	1.184	0.873			AT1G76110	0.426	0.058	0.043	-0.015	0.301
2way	2	1.184	0.873			AT1G47655	-0.255	0.075	0.095	0.02	0.304
2way	2	1.184	0.873			AT1G72360	-0.0	0.022	0.012	-0.01	0.307
2way	2	-0.388	0.398			AT3G57230	-0.0	0.006	0.025	0.019	0.308
2way	2	1.184	0.873			AT1G75490	-0.372	0.077	0.097	0.019	0.31
2way	2	1.184	0.873			AT4G38170	0.332	0.155	0.131	-0.023	0.31
2way	2	1.184	0.873			AT3G13040	1.33	0.007	0.002	-0.006	0.314
2way	2	1.184	0.873			AT3G47620	-0.0	0.007	0.002	-0.006	0.314
2way	2	1.184	0.873			AT5G02840	-0.905	0.043	0.059	0.015	0.315
2way	2	-0.388	0.398			AT2G06200	-0.0	0.045	0.074	0.029	0.318
2way	2	1.184	0.873			AT5G10140	-0.0	0.005	0.012	0.007	0.319
2way	2	1.184	0.873			AT2G43000	-0.664	0.135	0.159	0.024	0.321
2way	2	-0.388	0.398			AT2G22430	-0.0	0.113	0.074	-0.039	0.322
2way	2	1.184	0.873			AT3G18990	0.636	0.133	0.111	-0.022	0.322
2way	2	-0.388	0.398			AT5G64060	-0.0	0.073	0.041	-0.032	0.325
2way	2	-0.388	0.398			AT1G13260	-0.0	0.023	0.049	0.027	0.326
2way	2	-0.388	0.398			AT3G46590	-0.0	0.023	0.049	0.027	0.326
2way	2	1.184	0.873			AT3G11020	-0.0	0.085	0.104	0.019	0.327
2way	2	-0.388	0.398			AT2G44940	-0.0	0.085	0.123	0.038	0.329
2way	2	-0.388	0.398			AT3G16280	-0.0	0.085	0.123	0.038	0.329
2way	2	1.184	0.873			AT3G12730	-0.0	0.087	0.107	0.02	0.332
2way	2	1.184	0.873			AT5G14960	-0.438	0.012	0.021	0.009	0.334
2way	2	-0.388	0.398			AT1G03800	-0.0	0.175	0.131	-0.044	0.335
2way	2	-0.388	0.398			AT1G79580	-0.0	0.119	0.082	-0.037	0.34
2way	2	1.184	0.873			AT1G02250	-0.018	0.092	0.112	0.02	0.342
2way	2	1.184	0.873			AT3G10030	-0.091	0.051	0.066	0.015	0.344
2way	2	1.184	0.873			AT5G06960	-0.0	0.07	0.088	0.018	0.345
2way	2	1.184	0.873			AT5G10030	-0.45	0.157	0.181	0.024	0.348
2way	2	1.184	0.873			AT4G01280	0.122	0.15	0.128	-0.022	0.349
2way	2	-0.388	0.398			AT5G45580	-0.0	0.192	0.148	-0.045	0.354
2way	2	-0.388	0.398			AT1G51700	0.518	0.13	0.09	-0.04	0.355
2way	2	1.184	0.873			AT1G64620	-0.0	0.128	0.15	0.022	0.355
2way	2	-0.388	0.398			AT1G72740	-0.0	0.056	0.09	0.034	0.357
2way	2	-0.388	0.398			AT2G26960	-0.0	0.056	0.09	0.034	0.357
2way	2	1.184	0.873			AT2G33710	0.329	0.157	0.135	-0.022	0.359
2way	2	1.184	0.873			AT2G36270	-0.0	0.2	0.176	-0.024	0.363
2way	2	1.184	0.873			AT3G10113	-0.0	0.099	0.081	-0.018	0.365
2way	2	-0.388	0.398			AT2G38340	0.216	0.136	0.098	-0.037	0.37
2way	2	-0.388	0.398			AT5G25190	-0.0	0.209	0.164	-0.045	0.371
2way	2	1.184	0.873			AT3G20310	-0.0	0.208	0.185	-0.023	0.372
2way	2	1.184	0.873			AT2G33810	-0.0	0.027	0.017	-0.009	0.373
2way	2	1.184	0.873			AT5G64750	-0.0	0.169	0.147	-0.022	0.375
2way	2	-0.388	0.398			AT3G13810	-0.0	0.062	0.09	0.028	0.376
2way	2	-0.388	0.398			AT3G20310	-0.0	0.22	0.172	-0.048	0.378
2way	2	-0.388	0.398			AT4G10350	-0.0	0.09	0.057	-0.033	0.379
2way	2	-0.388	0.398			AT4G36740	-0.0	0.09	0.057	-0.033	0.379
2way	2	-0.388	0.398			AT5G02460	-0.411	0.119	0.156	0.037	0.39
2way	2	1.184	0.873			AT5G08330	0.545	0.082	0.067	-0.015	0.39
2way	2	1.184	0.873			AT1G68320	-0.356	0.089	0.107	0.018	0.391
2way	2	-0.388	0.398			AT2G47070	-0.0	0.096	0.066	-0.03	0.401
2way	2	1.184	0.873			AT5G62470	-0.0	0.048	0.062	0.014	0.404
2way	2	-0.388	0.398			AT1G13300	-0.0	0.028	0.008	-0.02	0.407
2way	2	-0.388	0.398			AT1G75080	-0.0	0.028	0.008	-0.02	0.407
2way	2	-0.388	0.398			AT3G12820	-0.0	0.028	0.008	-0.02	0.407
2way	2	-0.388	0.398			AT2G21900	-0.0	0.0	0.008	0.008	0.408
2way	2	-0.388	0.398			AT2G39900	-0.0	0.0	0.008	0.008	0.408
2way	2	-0.388	0.398			AT4G17460	-0.0	0.0	0.008	0.008	0.408
2way	2	-0.388	0.398			AT4G38620	-0.0	0.0	0.008	0.008	0.408
2way	2	-0.388	0.398			AT5G18090	-0.0	0.0	0.008	0.008	0.408
2way	2	-0.388	0.398			AT5G67000	-0.0	0.0	0.008	0.008	0.408
2way	2	1.184	0.873			AT3G61120	-0.0	0.002	0.007	0.004	0.408
2way	2	1.184	0.873			AT5G23930	-0.0	0.155	0.135	-0.02	0.408
2way	2	1.184	0.873			AT5G38860	-0.0	0.002	0.007	0.004	0.408
2way	2	-0.388	0.398			AT1G50640	-0.0	0.158	0.123	-0.035	0.409
2way	2	1.184	0.873			AT3G30530	-0.0	0.01	0.003	-0.006	0.41
2way	2	-0.388	0.398			AT1G21910	-0.0	0.023	0.008	-0.014	0.413
2way	2	-0.388	0.398			AT2G31230	-0.0	0.136	0.172	0.037	0.413
2way	2	-0.388	0.398			AT3G01470	-0.0	0.023	0.008	-0.014	0.413
2way	2	-0.388	0.398			AT3G02990	-0.0	0.023	0.008	-0.014	0.413
2way	2	-0.388	0.398			AT3G61120	-0.0	0.023	0.008	-0.014	0.413
2way	2	-0.388	0.398			AT5G07100	-0.0	0.023	0.008	-0.014	0.413
2way	2	-0.388	0.398			AT5G10140	-0.0	0.023	0.008	-0.014	0.413
2way	2	1.184	0.873			AT3G60530	-0.0	0.019	0.028	0.008	0.415
2way	2	1.184	0.873			AT1G18960	-0.0	0.002	0.0	-0.002	0.417
2way	2	1.184	0.873			AT1G67260	-0.0	0.002	0.0	-0.002	0.417
2way	2	1.184	0.873			AT5G52660	0.09	0.126	0.107	-0.019	0.419
2way	2	-0.388	0.398			AT1G69180	-0.0	0.04	0.066	0.026	0.42
2way	2	-0.388	0.398			AT3G55370	-0.0	0.141	0.18	0.039	0.42
2way	2	-0.388	0.398			AT2G40740	0.233	0.102	0.074	-0.028	0.423
2way	2	-0.388	0.398			AT2G42200	-0.0	0.102	0.074	-0.028	0.423
2way	2	1.184	0.873			AT1G27730	-0.0	0.053	0.066	0.012	0.423
2way	2	1.184	0.873			AT4G00730	0.211	0.106	0.124	0.018	0.423
2way	2	1.184	0.873			AT1G13400	-0.0	0.022	0.031	0.009	0.432
2way	2	1.184	0.873			AT1G72010	-0.0	0.072	0.059	-0.014	0.432
2way	2	-0.388	0.398			AT5G64750	-0.0	0.153	0.189	0.036	0.434
2way	2	1.184	0.873			AT1G71450	-0.12	0.203	0.225	0.022	0.434
2way	2	1.184	0.873			AT4G18770	-0.0	0.135	0.117	-0.018	0.436
2way	2	-0.388	0.398			AT3G09735	0.395	0.113	0.082	-0.031	0.437
2way	2	-0.388	0.398			AT4G23550	-0.0	0.113	0.082	-0.031	0.437
2way	2	-0.388	0.398			AT2G33710	-0.431	0.158	0.197	0.039	0.438
2way	2	1.184	0.873			AT1G66370	0.1	0.034	0.024	-0.01	0.438
2way	2	1.184	0.873			AT2G42200	-0.0	0.138	0.121	-0.017	0.442
2way	2	1.184	0.873			AT1G33240	-0.0	0.121	0.138	0.017	0.446
2way	2	-0.388	0.398			AT1G68670	-0.0	0.068	0.041	-0.027	0.448
2way	2	-0.388	0.398			AT2G18060	-0.0	0.068	0.041	-0.027	0.448
2way	2	-0.388	0.398			AT3G06740	-0.0	0.068	0.041	-0.027	0.448
2way	2	-0.388	0.398			AT1G51220	-0.0	0.062	0.041	-0.021	0.451
2way	2	-0.388	0.398			AT3G42860	-0.0	0.062	0.041	-0.021	0.451
2way	2	-0.388	0.398			AT2G03500	-0.0	0.124	0.09	-0.034	0.453
2way	2	-0.388	0.398			AT3G53200	0.675	0.124	0.09	-0.034	0.453
2way	2	-0.388	0.398			AT5G03790	0.322	0.124	0.09	-0.034	0.453
2way	2	1.184	0.873			AT3G13350	-0.0	0.012	0.019	0.007	0.453
2way	2	1.184	0.873			AT3G26790	-0.126	0.041	0.052	0.011	0.453
2way	2	1.184	0.873			AT3G30210	-0.0	0.041	0.052	0.011	0.453
2way	2	1.184	0.873			AT3G48160	-0.0	0.01	0.005	-0.004	0.459
2way	2	-0.388	0.398			AT4G29230	-0.0	0.051	0.074	0.023	0.463
2way	2	1.184	0.873			AT1G50640	-0.0	0.155	0.136	-0.018	0.464
2way	2	1.184	0.873			AT5G65410	0.424	0.135	0.154	0.018	0.466
2way	2	1.184	0.873			AT1G74650	0.197	0.138	0.155	0.018	0.469
2way	2	1.184	0.873			AT2G01930	0.207	0.118	0.104	-0.015	0.473
2way	2	-0.388	0.398			AT3G23220	-0.0	0.073	0.049	-0.024	0.475
2way	2	1.184	0.873			AT1G18330	0.307	0.121	0.105	-0.015	0.475
2way	2	1.184	0.873			AT3G55370	-0.0	0.143	0.161	0.018	0.475
2way	2	-0.388	0.398			AT2G17950	-0.0	0.034	0.016	-0.018	0.479
2way	2	-0.388	0.398			AT5G08130	-0.0	0.034	0.016	-0.018	0.479
2way	2	-0.388	0.398			AT3G50060	0.504	0.113	0.148	0.035	0.48
2way	2	1.184	0.873			AT4G28110	-0.0	0.005	0.01	0.006	0.48
2way	2	1.184	0.873			AT3G49530	-0.461	0.106	0.121	0.015	0.482
2way	2	1.184	0.873			AT4G34410	-0.0	0.171	0.154	-0.018	0.484
2way	2	-0.388	0.398			AT1G74480	0.76	0.147	0.115	-0.032	0.491
2way	2	-0.388	0.398			AT2G28810	-0.0	0.124	0.156	0.031	0.495
2way	2	1.184	0.873			AT3G46590	-0.0	0.024	0.017	-0.007	0.496
2way	2	1.184	0.873			AT4G17785	1.366	0.031	0.041	0.01	0.498
2way	2	1.184	0.873			AT5G11260	-0.028	0.186	0.168	-0.018	0.498
2way	2	-0.388	0.398			AT1G72010	-0.0	0.085	0.057	-0.027	0.5
2way	2	-0.388	0.398			AT5G04410	-0.0	0.085	0.057	-0.027	0.5
2way	2	1.184	0.873			AT5G18450	0.101	0.099	0.085	-0.014	0.501
2way	2	1.184	0.873			AT3G03660	-0.0	0.012	0.007	-0.005	0.502
2way	2	1.184	0.873			AT1G12610	0.259	0.099	0.086	-0.013	0.505
2way	2	1.184	0.873			AT1G52150	-0.043	0.085	0.098	0.014	0.506
2way	2	1.184	0.873			AT4G06746	-0.412	0.056	0.067	0.012	0.507
2way	2	1.184	0.873			AT3G57920	-0.07	0.101	0.088	-0.013	0.508
2way	2	1.184	0.873			AT1G49560	-0.257	0.087	0.1	0.013	0.511
2way	2	1.184	0.873			AT1G30210	-0.0	0.0	0.003	0.003	0.513
2way	2	1.184	0.873			AT1G70910	-0.0	0.0	0.003	0.003	0.513
2way	2	1.184	0.873			AT4G30080	-0.0	0.0	0.003	0.003	0.513
2way	2	1.184	0.873			AT4G38910	-0.0	0.0	0.003	0.003	0.513
2way	2	1.184	0.873			AT5G42520	-0.0	0.0	0.003	0.003	0.513
2way	2	1.184	0.873			AT5G61600	-0.0	0.046	0.036	-0.01	0.513
2way	2	-0.388	0.398			AT1G18570	-0.0	0.011	0.0	-0.011	0.515
2way	2	-0.388	0.398			AT1G32510	-0.0	0.011	0.0	-0.011	0.515
2way	2	-0.388	0.398			AT1G51600	-0.0	0.011	0.0	-0.011	0.515
2way	2	-0.388	0.398			AT1G63030	-0.0	0.011	0.0	-0.011	0.515
2way	2	-0.388	0.398			AT3G02150	-0.0	0.011	0.0	-0.011	0.515
2way	2	-0.388	0.398			AT3G51470	-0.0	0.011	0.0	-0.011	0.515
2way	2	-0.388	0.398			AT5G38860	-0.0	0.011	0.0	-0.011	0.515
2way	2	-0.388	0.398			AT5G23930	-0.0	0.141	0.172	0.031	0.516
2way	2	1.184	0.873			AT5G29000	0.435	0.106	0.093	-0.013	0.518
2way	2	-0.388	0.398			AT1G34670	-0.0	0.09	0.066	-0.025	0.52
2way	2	-0.388	0.398			AT5G18450	-0.0	0.09	0.066	-0.025	0.52
2way	2	1.184	0.873			AT5G04410	-0.0	0.135	0.15	0.015	0.523
2way	2	-0.388	0.398			AT1G74650	-0.0	0.073	0.098	0.025	0.525
2way	2	-0.388	0.398			AT3G18990	-0.0	0.073	0.098	0.025	0.525
2way	2	-0.388	0.398			AT4G06746	-0.0	0.073	0.098	0.025	0.525
2way	2	-0.388	0.398			AT5G47660	-0.0	0.073	0.098	0.025	0.525
2way	2	-0.388	0.398			AT5G60130	-0.0	0.073	0.098	0.025	0.525
2way	2	1.184	0.873			AT4G17980	-0.177	0.14	0.155	0.015	0.528
2way	2	-0.388	0.398			AT3G24120	-0.0	0.181	0.148	-0.033	0.529
2way	2	-0.388	0.398			AT5G61620	-0.0	0.181	0.148	-0.033	0.529
2way	2	-0.388	0.398			AT4G26640	-0.0	0.045	0.025	-0.021	0.534
2way	2	-0.388	0.398			AT1G06180	-0.0	0.04	0.025	-0.015	0.536
2way	2	-0.388	0.398			AT3G06490	-0.0	0.04	0.025	-0.015	0.536
2way	2	1.184	0.873			AT4G36780	-0.001	0.147	0.162	0.015	0.536
2way	2	-0.388	0.398			AT2G18350	-0.0	0.096	0.074	-0.022	0.539
2way	2	1.184	0.873			AT1G51600	-0.0	0.014	0.009	-0.006	0.541
2way	2	1.184	0.873			AT2G38340	-0.246	0.152	0.168	0.015	0.541
2way	2	1.184	0.873			AT4G01550	-0.0	0.104	0.117	0.014	0.541
2way	2	1.184	0.873			AT4G25470	-0.101	0.155	0.171	0.016	0.543
2way	2	1.184	0.873			AT3G06740	-0.539	0.07	0.081	0.011	0.547
2way	2	1.184	0.873			AT1G34370	-0.0	0.022	0.029	0.008	0.548
2way	2	1.184	0.873			AT5G24110	-0.494	0.123	0.111	-0.013	0.548
2way	2	-0.388	0.398			AT1G55110	-0.0	0.085	0.107	0.022	0.549
2way	2	-0.388	0.398			AT1G31140	-0.0	0.107	0.082	-0.025	0.553
2way	2	1.184	0.873			AT1G75390	-0.0	0.031	0.024	-0.007	0.555
2way	2	-0.388	0.398			AT4G22070	-0.0	0.034	0.049	0.015	0.557
2way	2	-0.388	0.398			AT5G22500	-0.0	0.034	0.049	0.015	0.557
2way	2	-0.388	0.398			AT4G25470	-0.0	0.09	0.115	0.024	0.558
2way	2	1.184	0.873			AT2G01060	-0.0	0.075	0.086	0.011	0.558
2way	2	1.184	0.873			AT1G22810	-0.072	0.118	0.131	0.013	0.562
2way	2	-0.388	0.398			AT2G23320	-0.0	0.113	0.09	-0.023	0.568
2way	2	-0.388	0.398			AT4G00250	-0.0	0.113	0.09	-0.023	0.568
2way	2	1.184	0.873			AT1G01060	-0.194	0.14	0.126	-0.014	0.568
2way	2	-0.388	0.398			AT3G13350	-0.0	0.006	0.016	0.011	0.569
2way	2	-0.388	0.398			AT1G02250	-0.0	0.051	0.033	-0.018	0.57
2way	2	-0.388	0.398			AT5G66300	-0.0	0.051	0.033	-0.018	0.57
2way	2	1.184	0.873			AT3G10800	-0.0	0.094	0.083	-0.011	0.57
2way	2	1.184	0.873			AT2G06200	-0.113	0.048	0.057	0.009	0.571
2way	2	1.184	0.873			AT3G20770	0.205	0.048	0.057	0.009	0.571
2way	2	1.184	0.873			AT5G13180	-0.0	0.143	0.13	-0.013	0.573
2way	2	1.184	0.873			AT1G74370	-0.0	0.005	0.002	-0.003	0.574
2way	2	1.184	0.873			AT2G38090	-0.0	0.005	0.002	-0.003	0.574
2way	2	1.184	0.873			AT3G20840	-0.0	0.01	0.016	0.006	0.574
2way	2	1.184	0.873			AT3G46070	-0.0	0.005	0.002	-0.003	0.574
2way	2	1.184	0.873			AT3G57230	-0.0	0.01	0.016	0.006	0.574
2way	2	1.184	0.873			AT5G22890	-0.0	0.005	0.002	-0.003	0.574
2way	2	1.184	0.873			AT5G42820	-0.0	0.005	0.002	-0.003	0.574
2way	2	1.184	0.873			AT3G06490	0.755	0.06	0.052	-0.009	0.576
2way	2	1.184	0.873			AT1G08010	-0.0	0.051	0.06	0.01	0.578
2way	2	1.184	0.873			AT1G76880	-0.441	0.01	0.014	0.004	0.578
2way	2	-0.388	0.398			AT5G47230	-0.0	0.04	0.057	0.018	0.58
2way	2	-0.388	0.398			AT5G59990	-0.0	0.04	0.057	0.018	0.58
2way	2	1.184	0.873			AT1G77640	-0.08	0.027	0.033	0.006	0.582
2way	2	1.184	0.873			AT5G17300	-0.0	0.152	0.138	-0.014	0.582
2way	2	1.184	0.873			AT5G39820	-0.0	0.027	0.033	0.006	0.582
2way	2	1.184	0.873			AT1G55110	-0.0	0.104	0.093	-0.011	0.589
2way	2	1.184	0.873			AT5G65130	-0.42	0.058	0.067	0.009	0.599
2way	2	1.184	0.873			AT1G68550	-0.0	0.171	0.157	-0.014	0.601
2way	2	-0.388	0.398			AT1G19790	-0.202	0.045	0.066	0.02	0.602
2way	2	-0.388	0.398			AT1G79180	-0.0	0.056	0.041	-0.016	0.602
2way	2	-0.388	0.398			AT2G33550	-0.0	0.056	0.041	-0.016	0.602
2way	2	1.184	0.873			AT3G44480	-0.0	0.099	0.111	0.012	0.602
2way	2	1.184	0.873			AT1G25550	0.652	0.072	0.062	-0.01	0.606
2way	2	1.184	0.873			AT4G16750	-0.0	0.162	0.174	0.013	0.608
2way	2	1.184	0.873			AT2G42430	-0.0	0.106	0.117	0.011	0.612
2way	2	-0.388	0.398			AT1G30490	-0.0	0.051	0.066	0.015	0.618
2way	2	-0.388	0.398			AT1G69010	-0.549	0.158	0.131	-0.027	0.619
2way	2	-0.388	0.398			AT5G63260	-0.0	0.158	0.131	-0.027	0.619
2way	2	-0.388	0.398			AT5G22990	-0.0	0.153	0.131	-0.021	0.62
2way	2	1.184	0.873			AT3G26620	-0.742	0.068	0.078	0.01	0.622
2way	2	1.184	0.873			AT4G10350	-0.0	0.128	0.116	-0.012	0.622
2way	2	-0.388	0.398			AT3G10480	-0.0	0.068	0.049	-0.019	0.624
2way	2	-0.388	0.398			AT4G18170	-0.0	0.068	0.049	-0.019	0.624
2way	2	-0.388	0.398			AT5G24110	0.073	0.068	0.049	-0.019	0.624
2way	2	1.184	0.873			AT5G06100	-0.0	0.128	0.117	-0.011	0.624
2way	2	1.184	0.873			AT1G13300	-0.0	0.022	0.016	-0.006	0.631
2way	2	1.184	0.873			AT2G38300	-0.0	0.014	0.019	0.005	0.631
2way	2	1.184	0.873			AT2G45680	-0.0	0.014	0.019	0.005	0.631
2way	2	-0.388	0.398			AT1G16490	-0.0	0.056	0.074	0.017	0.632
2way	2	-0.388	0.398			AT3G08500	-0.756	0.056	0.074	0.017	0.632
2way	2	1.184	0.873			AT1G03840	-0.0	0.085	0.074	-0.01	0.633
2way	2	-0.388	0.398			AT1G28370	-0.0	0.169	0.148	-0.022	0.635
2way	2	1.184	0.873			AT5G13910	0.664	0.022	0.017	-0.004	0.644
2way	2	-0.388	0.398			AT1G29860	-0.0	0.073	0.057	-0.016	0.645
2way	2	-0.388	0.398			AT1G36060	-0.0	0.073	0.057	-0.016	0.645
2way	2	1.184	0.873			AT1G79580	-0.437	0.135	0.147	0.012	0.645
2way	2	-0.388	0.398			AT2G30590	-0.0	0.017	0.008	-0.009	0.648
2way	2	-0.388	0.398			AT2G38300	-0.0	0.017	0.008	-0.009	0.648
2way	2	-0.388	0.398			AT3G30530	-0.0	0.017	0.008	-0.009	0.648
2way	2	-0.388	0.398			AT4G01500	-0.0	0.017	0.008	-0.009	0.648
2way	2	-0.388	0.398			AT4G01720	-0.0	0.017	0.008	-0.009	0.648
2way	2	-0.388	0.398			AT4G24020	-0.0	0.017	0.008	-0.009	0.648
2way	2	-0.388	0.398			AT5G14960	-0.0	0.017	0.008	-0.009	0.648
2way	2	1.184	0.873			AT3G17730	-0.0	0.152	0.14	-0.012	0.648
2way	2	1.184	0.873			AT2G20400	0.159	0.094	0.085	-0.01	0.651
2way	2	-0.388	0.398			AT1G69560	-0.0	0.011	0.025	0.013	0.652
2way	2	-0.388	0.398			AT3G57600	-0.0	0.011	0.025	0.013	0.652
2way	2	1.184	0.873			AT3G07220	-0.0	0.007	0.003	-0.004	0.655
2way	2	1.184	0.873			AT4G36620	-0.0	0.007	0.003	-0.004	0.655
2way	2	1.184	0.873			AT5G08070	0.519	0.007	0.003	-0.004	0.655
2way	2	1.184	0.873			AT5G58620	-0.0	0.007	0.003	-0.004	0.655
2way	2	1.184	0.873			AT1G21910	-0.0	0.024	0.019	-0.005	0.657
2way	2	1.184	0.873			AT3G45150	-0.0	0.024	0.019	-0.005	0.657
2way	2	1.184	0.873			AT5G62000	-0.0	0.097	0.088	-0.009	0.657
2way	2	1.184	0.873			AT1G08320	-0.084	0.15	0.161	0.011	0.659
2way	2	1.184	0.873			AT3G15270	-0.076	0.152	0.164	0.012	0.66
2way	2	-0.388	0.398			AT1G34190	-0.0	0.085	0.066	-0.019	0.661
2way	2	-0.388	0.398			AT2G30340	-0.0	0.085	0.066	-0.019	0.661
2way	2	1.184	0.873			AT3G27010	-0.0	0.019	0.024	0.005	0.668
2way	2	1.184	0.873			AT1G63030	-0.0	0.027	0.021	-0.006	0.67
2way	2	1.184	0.873			AT2G47070	-0.0	0.114	0.104	-0.01	0.678
2way	2	1.184	0.873			AT1G06850	-0.123	0.104	0.112	0.008	0.681
2way	2	1.184	0.873			AT2G01940	-0.318	0.104	0.114	0.01	0.681
2way	2	-0.388	0.398			AT3G12720	-0.0	0.102	0.082	-0.02	0.687
2way	2	-0.388	0.398			AT5G18560	-0.0	0.102	0.082	-0.02	0.687
2way	2	-0.388	0.398			AT1G75240	-0.0	0.096	0.082	-0.014	0.69
2way	2	1.184	0.873			AT5G47370	0.34	0.123	0.114	-0.009	0.69
2way	2	-0.388	0.398			AT1G13400	-0.0	0.017	0.025	0.008	0.691
2way	2	-0.388	0.398			AT4G28140	-0.0	0.017	0.025	0.008	0.691
2way	2	-0.388	0.398			AT4G31550	-0.0	0.017	0.025	0.008	0.691
2way	2	-0.388	0.398			AT5G43840	-0.0	0.017	0.025	0.008	0.691
2way	2	-0.388	0.398			AT5G67300	-0.0	0.017	0.025	0.008	0.691
2way	2	1.184	0.873			AT1G20980	-0.0	0.068	0.06	-0.007	0.693
2way	2	1.184	0.873			AT3G01530	-0.316	0.116	0.126	0.01	0.694
2way	2	1.184	0.873			AT5G04390	0.019	0.06	0.067	0.007	0.696
2way	2	-0.388	0.398			AT5G16820	-0.0	0.096	0.115	0.019	0.7
2way	2	-0.388	0.398			AT5G62940	-0.0	0.096	0.115	0.019	0.7
2way	2	1.184	0.873			AT1G12260	-0.053	0.133	0.124	-0.008	0.701
2way	2	1.184	0.873			AT5G45580	-0.0	0.123	0.133	0.01	0.701
2way	2	-0.388	0.398			AT2G46130	-0.0	0.028	0.016	-0.012	0.705
2way	2	1.184	0.873			AT1G76870	-0.0	0.005	0.009	0.004	0.706
2way	2	1.184	0.873			AT3G10500	-0.0	0.128	0.138	0.01	0.706
2way	2	1.184	0.873			AT4G24020	-0.0	0.005	0.009	0.004	0.706
2way	2	-0.388	0.398			AT3G02940	-0.0	0.119	0.098	-0.02	0.708
2way	2	1.184	0.873			AT3G09600	-0.118	0.143	0.133	-0.01	0.708
2way	2	1.184	0.873			AT3G10480	0.301	0.143	0.133	-0.01	0.708
2way	2	1.184	0.873			AT1G34180	-0.017	0.133	0.142	0.009	0.71
2way	2	1.184	0.873			AT3G03200	0.265	0.145	0.136	-0.008	0.711
2way	2	1.184	0.873			AT2G17900	-0.0	0.005	0.007	0.002	0.712
2way	2	1.184	0.873			AT2G45420	-0.0	0.135	0.145	0.01	0.712
2way	2	1.184	0.873			AT1G19040	-0.0	0.034	0.029	-0.004	0.714
2way	2	-0.388	0.398			AT3G28920	-0.0	0.124	0.107	-0.018	0.716
2way	2	-0.388	0.398			AT5G66940	-0.0	0.113	0.131	0.018	0.718
2way	2	1.184	0.873			AT5G58850	-0.0	0.157	0.147	-0.01	0.719
2way	2	-0.388	0.398			AT5G67450	-0.0	0.023	0.033	0.01	0.72
2way	2	-0.388	0.398			AT1G64620	-0.0	0.119	0.139	0.021	0.724
2way	2	-0.388	0.398			AT3G44480	-0.0	0.13	0.115	-0.015	0.725
2way	2	1.184	0.873			AT1G78700	-0.0	0.155	0.164	0.009	0.726
2way	2	1.184	0.873			AT5G22500	-0.0	0.041	0.036	-0.005	0.739
2way	2	-0.388	0.398			AT1G32240	-0.0	0.034	0.025	-0.009	0.742
2way	2	-0.388	0.398			AT3G30210	-0.0	0.034	0.025	-0.009	0.742
2way	2	-0.388	0.398			AT5G66700	0.254	0.141	0.156	0.014	0.742
2way	2	1.184	0.873			AT4G17460	-0.0	0.007	0.01	0.003	0.742
2way	2	1.184	0.873			AT5G52170	-0.0	0.007	0.01	0.003	0.742
2way	2	-0.388	0.398			AT1G06280	-0.0	0.158	0.139	-0.019	0.743
2way	2	1.184	0.873			AT4G25480	0.266	0.198	0.188	-0.01	0.744
2way	2	-0.388	0.398			AT2G01818	-0.0	0.028	0.041	0.013	0.745
2way	2	-0.388	0.398			AT3G50700	-0.0	0.028	0.041	0.013	0.745
2way	2	-0.388	0.398			AT4G16750	-0.0	0.153	0.172	0.02	0.749
2way	2	-0.388	0.398			AT4G34410	-0.391	0.153	0.172	0.02	0.749
2way	2	1.184	0.873			AT5G13790	-0.289	0.046	0.04	-0.006	0.75
2way	2	-0.388	0.398			AT1G19210	0.319	0.175	0.156	-0.019	0.753
2way	2	-0.388	0.398			AT1G68550	-0.0	0.175	0.156	-0.019	0.753
2way	2	1.184	0.873			AT3G23220	-0.012	0.046	0.041	-0.004	0.754
2way	2	1.184	0.873			AT2G30340	-0.0	0.114	0.107	-0.006	0.758
2way	2	1.184	0.873			AT5G62940	0.779	0.106	0.114	0.008	0.759
2way	2	1.184	0.873			AT2G18350	0.114	0.118	0.111	-0.008	0.761
2way	2	1.184	0.873			AT3G53200	-0.0	0.111	0.117	0.006	0.763
2way	2	1.184	0.873			AT1G14687	-0.274	0.118	0.126	0.008	0.769
2way	2	-0.388	0.398			AT5G03150	-0.0	0.04	0.049	0.01	0.776
2way	2	-0.388	0.398			AT5G13790	-0.0	0.04	0.049	0.01	0.776
2way	2	-0.388	0.398			AT5G61600	-0.0	0.04	0.049	0.01	0.776
2way	2	1.184	0.873			AT1G34190	-0.0	0.14	0.133	-0.007	0.778
2way	2	1.184	0.873			AT1G65910	-0.0	0.14	0.133	-0.007	0.778
2way	2	-0.388	0.398			AT1G70920	-0.0	0.051	0.041	-0.01	0.786
2way	2	-0.388	0.398			AT4G26030	-0.0	0.051	0.041	-0.01	0.786
2way	2	1.184	0.873			AT5G06950	-0.0	0.145	0.152	0.007	0.787
2way	2	-0.388	0.398			AT1G12610	-0.0	0.045	0.057	0.012	0.789
2way	2	-0.388	0.398			AT4G28500	-0.0	0.045	0.057	0.012	0.789
2way	2	1.184	0.873			AT3G57600	-0.0	0.017	0.014	-0.003	0.794
2way	2	1.184	0.873			AT4G18450	-0.0	0.017	0.014	-0.003	0.794
2way	2	-0.388	0.398			AT4G01680	-0.0	0.062	0.049	-0.013	0.801
2way	2	-0.388	0.398			AT5G46350	-0.0	0.056	0.049	-0.007	0.803
2way	2	1.184	0.873			AT3G02150	-0.0	0.014	0.017	0.003	0.803
2way	2	1.184	0.873			AT1G19210	-0.12	0.181	0.188	0.007	0.804
2way	2	-0.388	0.398			AT3G11020	-0.0	0.056	0.066	0.009	0.807
2way	2	1.184	0.873			AT5G66300	-0.0	0.077	0.073	-0.005	0.807
2way	2	1.184	0.873			AT3G50260	-0.0	0.203	0.195	-0.008	0.809
2way	2	-0.388	0.398			AT5G62000	-0.0	0.062	0.074	0.012	0.815
2way	2	1.184	0.873			AT4G01720	-0.39	0.017	0.021	0.004	0.815
2way	2	1.184	0.873			AT5G67300	-0.0	0.017	0.021	0.004	0.815
2way	2	1.184	0.873			AT5G59990	-0.0	0.017	0.019	0.002	0.817
2way	2	1.184	0.873			AT1G36060	-0.0	0.089	0.085	-0.005	0.82
2way	2	-0.388	0.398			AT1G02230	-0.0	0.079	0.066	-0.014	0.822
2way	2	1.184	0.873			AT2G03500	-0.0	0.097	0.092	-0.005	0.825
2way	2	-0.388	0.398			AT1G30650	-0.0	0.073	0.082	0.009	0.827
2way	2	-0.388	0.398			AT5G41570	-0.0	0.073	0.082	0.009	0.827
2way	2	-0.388	0.398			AT5G47220	-0.0	0.073	0.082	0.009	0.827
2way	2	1.184	0.873			AT5G66730	-0.751	0.094	0.1	0.006	0.829
2way	2	-0.388	0.398			AT4G00730	-0.0	0.085	0.074	-0.011	0.83
2way	2	-0.388	0.398			AT4G01250	-0.0	0.085	0.074	-0.011	0.83
2way	2	-0.388	0.398			AT5G65130	-0.0	0.085	0.074	-0.011	0.83
2way	2	1.184	0.873			AT4G29230	-0.0	0.097	0.102	0.005	0.83
2way	2	-0.388	0.398			AT2G38470	-0.0	0.079	0.09	0.011	0.832
2way	2	1.184	0.873			AT5G47660	-0.0	0.109	0.104	-0.005	0.834
2way	2	-0.388	0.398			AT1G09540	-0.404	0.09	0.082	-0.008	0.838
2way	2	-0.388	0.398			AT1G25340	-0.0	0.09	0.082	-0.008	0.838
2way	2	-0.388	0.398			AT3G23240	-0.0	0.085	0.098	0.014	0.838
2way	2	-0.388	0.398			AT4G27950	-0.0	0.085	0.098	0.014	0.838
2way	2	-0.388	0.398			AT5G54230	-0.0	0.09	0.082	-0.008	0.838
2way	2	1.184	0.873			AT1G75080	-0.0	0.027	0.024	-0.002	0.839
2way	2	-0.388	0.398			AT1G33240	-0.0	0.102	0.09	-0.012	0.843
2way	2	-0.388	0.398			AT2G40260	-0.0	0.102	0.09	-0.012	0.843
2way	2	-0.388	0.398			AT3G01530	-0.0	0.102	0.09	-0.012	0.843
2way	2	1.184	0.873			AT3G11440	-0.0	0.116	0.121	0.005	0.843
2way	2	1.184	0.873			AT1G26960	0.131	0.118	0.123	0.004	0.844
2way	2	1.184	0.873			AT4G28140	-0.0	0.029	0.026	-0.003	0.844
2way	2	-0.388	0.398			AT5G66730	-0.0	0.096	0.107	0.011	0.845
2way	2	1.184	0.873			AT4G37260	-0.153	0.13	0.126	-0.004	0.848
2way	2	1.184	0.873			AT5G62380	-0.031	0.13	0.126	-0.004	0.848
2way	2	-0.388	0.398			AT2G15740	-0.0	0.102	0.115	0.013	0.849
2way	2	1.184	0.873			AT1G32870	-0.075	0.128	0.133	0.005	0.849
2way	2	1.184	0.873			AT5G65210	-0.0	0.13	0.136	0.006	0.85
2way	2	-0.388	0.398			AT2G02080	-0.0	0.107	0.115	0.007	0.853
2way	2	1.184	0.873			AT2G46590	0.16	0.138	0.143	0.006	0.853
2way	2	1.184	0.873			AT1G14580	-0.0	0.029	0.031	0.002	0.854
2way	2	1.184	0.873			AT1G43700	-0.0	0.029	0.031	0.002	0.854
2way	2	-0.388	0.398			AT4G25490	-0.0	0.113	0.123	0.01	0.855
2way	2	1.184	0.873			AT4G31060	-0.0	0.143	0.149	0.006	0.855
2way	2	1.184	0.873			AT3G23210	-0.155	0.034	0.031	-0.003	0.856
2way	2	-0.388	0.398			AT5G56110	-0.0	0.124	0.115	-0.01	0.858
2way	2	1.184	0.873			AT1G28470	-0.0	0.155	0.15	-0.004	0.858
2way	2	1.184	0.873			AT5G47230	-0.0	0.036	0.033	-0.003	0.86
2way	2	-0.388	0.398			AT3G24520	-0.0	0.13	0.123	-0.007	0.863
2way	2	-0.388	0.398			AT3G47500	-0.0	0.13	0.123	-0.007	0.863
2way	2	1.184	0.873			AT1G77200	0.14	0.171	0.166	-0.006	0.863
2way	2	-0.388	0.398			AT5G58900	-0.263	0.141	0.131	-0.01	0.865
2way	2	1.184	0.873			AT4G25490	0.48	0.169	0.174	0.005	0.865
2way	2	1.184	0.873			AT2G28920	0.629	0.041	0.038	-0.003	0.869
2way	2	-0.388	0.398			AT1G69570	-0.0	0.158	0.148	-0.011	0.871
2way	2	-0.388	0.398			AT3G04030	-0.0	0.158	0.148	-0.011	0.871
2way	2	1.184	0.873			AT3G25990	-0.0	0.039	0.041	0.003	0.871
2way	2	1.184	0.873			AT5G66700	0.512	0.191	0.197	0.006	0.871
2way	2	1.184	0.873			AT1G06280	-0.0	0.208	0.202	-0.006	0.873
2way	2	-0.388	0.398			AT1G28160	-0.0	0.169	0.156	-0.014	0.874
2way	2	1.184	0.873			AT3G01470	0.839	0.041	0.043	0.002	0.875
2way	2	1.184	0.873			AT1G19790	0.006	0.051	0.048	-0.002	0.883
2way	2	1.184	0.873			AT1G44830	-0.0	0.048	0.052	0.004	0.883
2way	2	1.184	0.873			AT5G63090	-0.0	0.051	0.048	-0.002	0.883
2way	2	1.184	0.873			AT5G65510	-0.297	0.048	0.052	0.004	0.883
2way	2	-0.388	0.398			AT5G05550	-0.0	0.198	0.205	0.007	0.884
2way	2	-0.388	0.398			AT1G71450	-0.0	0.203	0.213	0.01	0.885
2way	2	-0.388	0.398			AT3G15210	-0.0	0.215	0.205	-0.01	0.886
2way	2	1.184	0.873			AT4G32800	0.592	0.058	0.055	-0.003	0.89
2way	2	1.184	0.873			AT1G25580	-0.0	0.068	0.064	-0.004	0.897
2way	2	1.184	0.873			AT3G12130	0.625	0.072	0.076	0.004	0.903
2way	2	1.184	0.873			AT2G26960	0.404	0.082	0.079	-0.003	0.906
2way	2	1.184	0.873			AT1G30490	-0.0	0.097	0.093	-0.003	0.913
2way	2	1.184	0.873			AT3G27785	-0.0	0.099	0.095	-0.004	0.913
2way	2	1.184	0.873			AT5G18560	-0.785	0.099	0.095	-0.004	0.913
2way	2	1.184	0.873			AT4G37180	-0.0	0.097	0.1	0.004	0.914
2way	2	1.184	0.873			AT1G69180	0.108	0.109	0.112	0.004	0.918
2way	2	1.184	0.873			AT3G16280	-0.0	0.118	0.116	-0.003	0.92
2way	2	1.184	0.873			AT3G04030	0.069	0.116	0.119	0.003	0.921
2way	2	1.184	0.873			AT1G69570	0.501	0.123	0.126	0.003	0.923
2way	2	1.184	0.873			AT3G50060	-0.0	0.13	0.128	-0.003	0.924
2way	2	1.184	0.873			AT5G06839	0.061	0.133	0.136	0.004	0.925
2way	2	1.184	0.873			AT1G76890	0.115	0.138	0.14	0.002	0.926
2way	2	1.184	0.873			AT1G03800	-0.325	0.174	0.171	-0.003	0.932
2way	2	-0.388	0.398			AT1G10720	-0.0	0.006	0.008	0.003	1.0
2way	2	-0.388	0.398			AT1G12630	-0.0	0.136	0.131	-0.004	1.0
2way	2	-0.388	0.398			AT1G14580	-0.0	0.045	0.041	-0.004	1.0
2way	2	-0.388	0.398			AT1G17950	-0.0	0.0	0.0	0.0	1.0
2way	2	-0.388	0.398			AT1G18960	-0.0	0.006	0.0	-0.006	1.0
2way	2	-0.388	0.398			AT1G19040	-0.0	0.0	0.0	0.0	1.0
2way	2	-0.388	0.398			AT1G20910	-0.0	0.04	0.041	0.001	1.0
2way	2	-0.388	0.398			AT1G22070	-0.0	0.011	0.008	-0.003	1.0
2way	2	-0.388	0.398			AT1G23810	-0.0	0.011	0.008	-0.003	1.0
2way	2	-0.388	0.398			AT1G25550	-0.0	0.079	0.074	-0.005	1.0
2way	2	-0.388	0.398			AT1G26960	-0.0	0.107	0.107	-0.001	1.0
2way	2	-0.388	0.398			AT1G27360	-0.0	0.011	0.008	-0.003	1.0
2way	2	-0.388	0.398			AT1G27730	-0.0	0.085	0.09	0.005	1.0
2way	2	-0.388	0.398			AT1G28470	-0.0	0.062	0.057	-0.005	1.0
2way	2	-0.388	0.398			AT1G29280	-0.0	0.102	0.107	0.005	1.0
2way	2	-0.388	0.398			AT1G30210	-0.0	0.0	0.0	0.0	1.0
2way	2	-0.388	0.398			AT1G32870	-0.428	0.062	0.066	0.003	1.0
2way	2	-0.388	0.398			AT1G44830	-0.0	0.051	0.049	-0.002	1.0
2way	2	-0.388	0.398			AT1G46264	-0.0	0.006	0.0	-0.006	1.0
2way	2	-0.388	0.398			AT1G47870	-0.0	0.0	0.0	0.0	1.0
2way	2	-0.388	0.398			AT1G52150	-0.0	0.079	0.074	-0.005	1.0
2way	2	-0.388	0.398			AT1G53170	-0.0	0.232	0.23	-0.002	1.0
2way	2	-0.388	0.398			AT1G53230	-0.0	0.011	0.008	-0.003	1.0
2way	2	-0.388	0.398			AT1G60920	-0.0	0.0	0.0	0.0	1.0
2way	2	-0.388	0.398			AT1G63040	-0.0	0.006	0.0	-0.006	1.0
2way	2	-0.388	0.398			AT1G66420	-0.0	0.0	0.0	0.0	1.0
2way	2	-0.388	0.398			AT1G67260	-0.0	0.0	0.0	0.0	1.0
2way	2	-0.388	0.398			AT1G68320	-0.0	0.079	0.082	0.003	1.0
2way	2	-0.388	0.398			AT1G69690	-0.0	0.04	0.041	0.001	1.0
2way	2	-0.388	0.398			AT1G69780	-0.0	0.062	0.057	-0.005	1.0
2way	2	-0.388	0.398			AT1G70910	-0.0	0.0	0.0	0.0	1.0
2way	2	-0.388	0.398			AT1G72360	-0.0	0.006	0.008	0.003	1.0
2way	2	-0.388	0.398			AT1G73730	-0.0	0.0	0.0	0.0	1.0
2way	2	-0.388	0.398			AT1G74370	-0.0	0.0	0.0	0.0	1.0
2way	2	-0.388	0.398			AT1G75490	-0.0	0.102	0.098	-0.003	1.0
2way	2	-0.388	0.398			AT1G76870	-0.0	0.011	0.016	0.005	1.0
2way	2	-0.388	0.398			AT1G76880	-0.0	0.0	0.0	0.0	1.0
2way	2	-0.388	0.398			AT1G76890	0.725	0.079	0.074	-0.005	1.0
2way	2	-0.388	0.398			AT1G77640	-0.0	0.011	0.016	0.005	1.0
2way	2	-0.388	0.398			AT1G80840	-0.0	0.006	0.008	0.003	1.0
2way	2	-0.388	0.398			AT2G01060	-0.573	0.079	0.082	0.003	1.0
2way	2	-0.388	0.398			AT2G02540	-0.0	0.102	0.098	-0.003	1.0
2way	2	-0.388	0.398			AT2G03340	-0.0	0.023	0.016	-0.006	1.0
2way	2	-0.388	0.398			AT2G15660	-0.0	0.011	0.016	0.005	1.0
2way	2	-0.388	0.398			AT2G17410	-0.0	0.017	0.016	-0.001	1.0
2way	2	-0.388	0.398			AT2G17900	-0.0	0.006	0.0	-0.006	1.0
2way	2	-0.388	0.398			AT2G24570	-0.0	0.011	0.008	-0.003	1.0
2way	2	-0.388	0.398			AT2G30250	-0.0	0.096	0.098	0.002	1.0
2way	2	-0.388	0.398			AT2G31460	-0.0	0.0	0.0	0.0	1.0
2way	2	-0.388	0.398			AT2G33810	-0.0	0.011	0.008	-0.003	1.0
2way	2	-0.388	0.398			AT2G38090	-0.0	0.006	0.0	-0.006	1.0
2way	2	-0.388	0.398			AT2G38880	-0.0	0.0	0.0	0.0	1.0
2way	2	-0.388	0.398			AT2G41690	-0.0	0.028	0.033	0.005	1.0
2way	2	-0.388	0.398			AT2G41835	-0.0	0.006	0.008	0.003	1.0
2way	2	-0.388	0.398			AT2G44840	-0.0	0.107	0.107	-0.001	1.0
2way	2	-0.388	0.398			AT2G45680	-0.0	0.04	0.033	-0.007	1.0
2way	2	-0.388	0.398			AT2G46400	-0.0	0.006	0.0	-0.006	1.0
2way	2	-0.388	0.398			AT2G46590	-0.0	0.136	0.131	-0.004	1.0
2way	2	-0.388	0.398			AT2G48100	-0.0	0.0	0.0	0.0	1.0
2way	2	-0.388	0.398			AT3G01220	-0.0	0.085	0.082	-0.003	1.0
2way	2	-0.388	0.398			AT3G01970	-0.0	0.085	0.082	-0.003	1.0
2way	2	-0.388	0.398			AT3G03660	-0.0	0.006	0.0	-0.006	1.0
2way	2	-0.388	0.398			AT3G07220	-0.0	0.0	0.0	0.0	1.0
2way	2	-0.388	0.398			AT3G09230	-0.0	0.0	0.0	0.0	1.0
2way	2	-0.388	0.398			AT3G12130	-0.0	0.102	0.098	-0.003	1.0
2way	2	-0.388	0.398			AT3G13040	-0.0	0.006	0.0	-0.006	1.0
2way	2	-0.388	0.398			AT3G20840	-0.0	0.006	0.0	-0.006	1.0
2way	2	-0.388	0.398			AT3G21890	-0.0	0.102	0.107	0.005	1.0
2way	2	-0.388	0.398			AT3G22780	-0.0	0.006	0.0	-0.006	1.0
2way	2	-0.388	0.398			AT3G22830	-0.0	0.085	0.09	0.005	1.0
2way	2	-0.388	0.398			AT3G25990	-0.0	0.028	0.025	-0.004	1.0
2way	2	-0.388	0.398			AT3G27010	-0.0	0.045	0.041	-0.004	1.0
2way	2	-0.388	0.398			AT3G28910	-0.0	0.04	0.033	-0.007	1.0
2way	2	-0.388	0.398			AT3G45150	-0.0	0.011	0.008	-0.003	1.0
2way	2	-0.388	0.398			AT3G45170	-0.0	0.006	0.008	0.003	1.0
2way	2	-0.388	0.398			AT3G45610	-0.0	0.147	0.148	0.001	1.0
2way	2	-0.388	0.398			AT3G47600	-0.0	0.011	0.016	0.005	1.0
2way	2	-0.388	0.398			AT3G47620	-0.0	0.006	0.0	-0.006	1.0
2way	2	-0.388	0.398			AT3G48160	-0.0	0.006	0.0	-0.006	1.0
2way	2	-0.388	0.398			AT3G49930	-0.0	0.0	0.0	0.0	1.0
2way	2	-0.388	0.398			AT3G50260	-0.0	0.169	0.172	0.003	1.0
2way	2	-0.388	0.398			AT3G58630	-0.0	0.028	0.025	-0.004	1.0
2way	2	-0.388	0.398			AT3G61250	-0.0	0.011	0.008	-0.003	1.0
2way	2	-0.388	0.398			AT4G01540	-0.0	0.136	0.139	0.004	1.0
2way	2	-0.388	0.398			AT4G01550	-0.0	0.056	0.057	0.001	1.0
2way	2	-0.388	0.398			AT4G04450	-0.0	0.011	0.008	-0.003	1.0
2way	2	-0.388	0.398			AT4G05100	-0.0	0.045	0.049	0.004	1.0
2way	2	-0.388	0.398			AT4G11660	-0.0	0.062	0.066	0.003	1.0
2way	2	-0.388	0.398			AT4G12670	-0.0	0.0	0.0	0.0	1.0
2way	2	-0.388	0.398			AT4G14410	-0.0	0.0	0.0	0.0	1.0
2way	2	-0.388	0.398			AT4G17785	-0.0	0.017	0.016	-0.001	1.0
2way	2	-0.388	0.398			AT4G18450	-0.0	0.028	0.025	-0.004	1.0
2way	2	-0.388	0.398			AT4G24240	-0.0	0.0	0.0	0.0	1.0
2way	2	-0.388	0.398			AT4G25480	-0.0	0.124	0.123	-0.001	1.0
2way	2	-0.388	0.398			AT4G28110	-0.0	0.006	0.008	0.003	1.0
2way	2	-0.388	0.398			AT4G30080	-0.0	0.011	0.016	0.005	1.0
2way	2	-0.388	0.398			AT4G36620	-0.0	0.0	0.0	0.0	1.0
2way	2	-0.388	0.398			AT4G37790	-0.0	0.0	0.0	0.0	1.0
2way	2	-0.388	0.398			AT4G38170	-0.0	0.119	0.123	0.004	1.0
2way	2	-0.388	0.398			AT4G38910	-0.0	0.006	0.008	0.003	1.0
2way	2	-0.388	0.398			AT5G05790	-0.0	0.085	0.09	0.005	1.0
2way	2	-0.388	0.398			AT5G08070	-0.0	0.006	0.0	-0.006	1.0
2way	2	-0.388	0.398			AT5G08750	-0.0	0.006	0.008	0.003	1.0
2way	2	-0.388	0.398			AT5G10280	-0.0	0.011	0.008	-0.003	1.0
2way	2	-0.388	0.398			AT5G10510	-0.0	0.0	0.0	0.0	1.0
2way	2	-0.388	0.398			AT5G13080	-0.0	0.119	0.115	-0.004	1.0
2way	2	-0.388	0.398			AT5G13910	-0.0	0.023	0.025	0.002	1.0
2way	2	-0.388	0.398			AT5G14340	-0.0	0.006	0.0	-0.006	1.0
2way	2	-0.388	0.398			AT5G16600	-0.0	0.0	0.0	0.0	1.0
2way	2	-0.388	0.398			AT5G22890	-0.0	0.011	0.008	-0.003	1.0
2way	2	-0.388	0.398			AT5G25390	-0.0	0.011	0.016	0.005	1.0
2way	2	-0.388	0.398			AT5G25475	-0.0	0.0	0.0	0.0	1.0
2way	2	-0.388	0.398			AT5G38800	-0.0	0.0	0.0	0.0	1.0
2way	2	-0.388	0.398			AT5G40330	-0.0	0.006	0.0	-0.006	1.0
2way	2	-0.388	0.398			AT5G42820	-0.0	0.0	0.0	0.0	1.0
2way	2	-0.388	0.398			AT5G44160	-0.0	0.028	0.025	-0.004	1.0
2way	2	-0.388	0.398			AT5G44210	-0.0	0.073	0.074	0.0	1.0
2way	2	-0.388	0.398			AT5G48670	-0.0	0.0	0.0	0.0	1.0
2way	2	-0.388	0.398			AT5G49300	-0.0	0.0	0.0	0.0	1.0
2way	2	-0.388	0.398			AT5G51990	-0.0	0.113	0.107	-0.006	1.0
2way	2	-0.388	0.398			AT5G52170	-0.0	0.006	0.0	-0.006	1.0
2way	2	-0.388	0.398			AT5G52830	-0.183	0.085	0.09	0.005	1.0
2way	2	-0.388	0.398			AT5G56930	-0.0	0.0	0.0	0.0	1.0
2way	2	-0.388	0.398			AT5G58620	-0.0	0.0	0.0	0.0	1.0
2way	2	-0.388	0.398			AT5G60850	-0.0	0.13	0.131	0.001	1.0
2way	2	-0.388	0.398			AT5G61270	-0.0	0.0	0.0	0.0	1.0
2way	2	-0.388	0.398			AT5G62165	-0.0	0.006	0.008	0.003	1.0
2way	2	-0.388	0.398			AT5G62470	-0.0	0.045	0.049	0.004	1.0
2way	2	-0.388	0.398			AT5G65310	-0.0	0.102	0.107	0.005	1.0
2way	2	-0.388	0.398			AT5G65410	-0.0	0.113	0.115	0.002	1.0
2way	2	-0.388	0.398			AT1G25580	-0.0	0.045	0.041	-0.004	1.0
2way	2	1.184	0.873			AT1G17950	-0.0	0.002	0.002	-0.001	1.0
2way	2	1.184	0.873			AT1G20910	-0.148	0.085	0.083	-0.002	1.0
2way	2	1.184	0.873			AT1G28160	-0.491	0.138	0.136	-0.001	1.0
2way	2	1.184	0.873			AT1G32510	-0.0	0.002	0.003	0.001	1.0
2way	2	1.184	0.873			AT1G54330	-0.0	0.133	0.131	-0.002	1.0
2way	2	1.184	0.873			AT1G60920	-0.0	0.002	0.002	-0.001	1.0
2way	2	1.184	0.873			AT1G63040	-0.0	0.0	0.002	0.002	1.0
2way	2	1.184	0.873			AT1G66420	-0.0	0.0	0.002	0.002	1.0
2way	2	1.184	0.873			AT1G68670	-0.0	0.043	0.043	-0.0	1.0
2way	2	1.184	0.873			AT1G69010	-0.0	0.159	0.161	0.001	1.0
2way	2	1.184	0.873			AT1G69560	-0.0	0.024	0.024	0.0	1.0
2way	2	1.184	0.873			AT1G69690	-0.0	0.024	0.024	0.0	1.0
2way	2	1.184	0.873			AT2G02070	-0.393	0.097	0.098	0.002	1.0
2way	2	1.184	0.873			AT2G17950	-0.0	0.027	0.026	-0.001	1.0
2way	2	1.184	0.873			AT2G23290	-0.0	0.126	0.126	0.0	1.0
2way	2	1.184	0.873			AT2G33550	0.193	0.048	0.048	0.0	1.0
2way	2	1.184	0.873			AT2G35700	-0.0	0.143	0.143	0.001	1.0
2way	2	1.184	0.873			AT2G38880	-0.0	0.007	0.005	-0.002	1.0
2way	2	1.184	0.873			AT2G39900	-0.0	0.005	0.003	-0.001	1.0
2way	2	1.184	0.873			AT2G41835	-0.0	0.007	0.007	-0.0	1.0
2way	2	1.184	0.873			AT2G42590	-0.0	0.022	0.021	-0.001	1.0
2way	2	1.184	0.873			AT2G45650	-0.0	0.017	0.016	-0.001	1.0
2way	2	1.184	0.873			AT2G46400	-0.0	0.005	0.005	0.0	1.0
2way	2	1.184	0.873			AT2G46770	-0.007	0.128	0.126	-0.002	1.0
2way	2	1.184	0.873			AT2G48100	-0.0	0.0	0.002	0.002	1.0
2way	2	1.184	0.873			AT3G09230	-0.0	0.002	0.003	0.001	1.0
2way	2	1.184	0.873			AT3G12250	-0.0	0.159	0.161	0.001	1.0
2way	2	1.184	0.873			AT3G12720	0.714	0.101	0.1	-0.001	1.0
2way	2	1.184	0.873			AT3G12910	-0.0	0.005	0.005	0.0	1.0
2way	2	1.184	0.873			AT3G21175	-0.0	0.041	0.041	0.0	1.0
2way	2	1.184	0.873			AT3G22780	-0.0	0.007	0.007	-0.0	1.0
2way	2	1.184	0.873			AT3G45170	-0.0	0.01	0.01	0.001	1.0
2way	2	1.184	0.873			AT3G47500	-0.0	0.109	0.109	0.0	1.0
2way	2	1.184	0.873			AT3G60490	0.318	0.121	0.123	0.002	1.0
2way	2	1.184	0.873			AT3G60580	-0.0	0.056	0.057	0.001	1.0
2way	2	1.184	0.873			AT4G01500	-0.0	0.024	0.022	-0.002	1.0
2way	2	1.184	0.873			AT4G12670	-0.0	0.0	0.002	0.002	1.0
2way	2	1.184	0.873			AT4G14410	-0.0	0.0	0.0	0.0	1.0
2way	2	1.184	0.873			AT4G37790	-0.0	0.0	0.002	0.002	1.0
2way	2	1.184	0.873			AT4G38000	0.419	0.152	0.15	-0.002	1.0
2way	2	1.184	0.873			AT5G08130	-0.0	0.027	0.028	0.001	1.0
2way	2	1.184	0.873			AT5G10510	-0.0	0.007	0.009	0.001	1.0
2way	2	1.184	0.873			AT5G17800	-0.016	0.104	0.105	0.001	1.0
2way	2	1.184	0.873			AT5G38800	-0.0	0.0	0.0	0.0	1.0
2way	2	1.184	0.873			AT5G40330	-0.0	0.005	0.003	-0.001	1.0
2way	2	1.184	0.873			AT5G44160	-0.0	0.019	0.017	-0.002	1.0
2way	2	1.184	0.873			AT5G51990	-0.0	0.179	0.18	0.001	1.0
2way	2	1.184	0.873			AT5G56930	-0.0	0.01	0.01	0.001	1.0
2way	2	1.184	0.873			AT5G62165	-0.0	0.002	0.002	-0.001	1.0
2way	2	1.184	0.873			AT5G67190	-0.0	0.159	0.161	0.001	1.0
2way	5	0.009	0.613			AT4G01550	-1.243	0.0	0.137	0.137	0.000329
2way	5	0.009	0.613			AT5G65210	-1.027	0.012	0.157	0.144	0.000395
2way	5	0.009	0.613			AT5G06839	-0.402	0.025	0.155	0.13	0.00136
2way	5	0.009	0.613			AT4G17980	-0.268	0.037	0.175	0.138	0.0014
2way	5	0.009	0.613			AT3G49530	-1.09	0.012	0.139	0.126	0.00161
2way	5	0.009	0.613			AT1G65910	-0.342	0.025	0.151	0.126	0.00238
2way	5	0.009	0.613			AT3G10480	-0.286	0.025	0.151	0.126	0.00238
2way	5	0.009	0.613			AT2G42590	0.424	0.074	0.012	-0.062	0.00289
2way	5	0.009	0.613			AT2G06200	0.642	0.136	0.044	-0.092	0.00296
2way	5	0.009	0.613			AT3G03200	-0.322	0.037	0.153	0.116	0.00448
2way	5	0.009	0.613			AT4G01540	-0.114	0.062	0.197	0.135	0.00448
2way	5	0.009	0.613			AT5G15830	-0.686	0.049	0.171	0.121	0.00737
2way	5	0.009	0.613			AT3G12250	-0.0	0.062	0.177	0.115	0.00829
2way	5	0.009	0.613			AT5G54230	-0.739	0.062	0.179	0.117	0.0085
2way	5	0.009	0.613			AT5G05550	-0.513	0.086	0.211	0.124	0.00922
2way	5	0.009	0.613			AT5G06960	-0.083	0.012	0.1	0.088	0.00929
2way	5	0.009	0.613			AT3G15170	-0.0	0.0	0.074	0.074	0.011
2way	5	0.009	0.613			AT2G23320	-0.259	0.062	0.171	0.109	0.012
2way	5	0.009	0.613			AT4G18170	-0.04	0.049	0.151	0.101	0.013
2way	5	0.009	0.613			AT3G17730	-0.0	0.049	0.155	0.105	0.014
2way	5	0.009	0.613			AT1G29860	-0.695	0.049	0.157	0.107	0.015
2way	5	0.009	0.613			AT1G34180	-0.236	0.049	0.157	0.107	0.015
2way	5	0.009	0.613			AT2G04038	-0.512	0.037	0.133	0.095	0.015
2way	5	0.009	0.613			AT5G18450	-0.549	0.012	0.096	0.084	0.016
2way	5	0.009	0.613			AT5G25190	-0.131	0.074	0.185	0.111	0.016
2way	5	0.009	0.613			AT4G31800	-0.304	0.062	0.167	0.105	0.018
2way	5	0.009	0.613			AT5G10030	-0.0	0.086	0.197	0.11	0.019
2way	5	0.009	0.613			AT1G02230	-0.274	0.049	0.147	0.097	0.02
2way	5	0.009	0.613			AT1G54330	-0.0	0.049	0.145	0.095	0.02
2way	5	0.009	0.613			AT5G46590	-0.0	0.0	0.07	0.07	0.02
2way	5	0.009	0.613			AT1G02250	-0.319	0.037	0.124	0.087	0.021
2way	5	0.009	0.613			AT4G24020	1.195	0.037	0.004	-0.033	0.021
2way	5	0.009	0.613			AT1G08320	-0.0	0.074	0.175	0.101	0.022
2way	5	0.009	0.613			AT3G26620	-0.577	0.012	0.088	0.076	0.022
2way	5	0.009	0.613			AT3G52440	-0.356	0.074	0.181	0.107	0.023
2way	5	0.009	0.613			AT1G73730	1.03	0.062	0.016	-0.046	0.024
2way	5	0.009	0.613			AT5G53950	-0.0	0.0	0.062	0.062	0.028
2way	5	0.009	0.613			AT1G68320	-0.704	0.037	0.118	0.081	0.031
2way	5	0.009	0.613			AT3G02940	-0.317	0.099	0.203	0.104	0.031
2way	5	0.009	0.613			AT2G44940	0.844	0.21	0.118	-0.091	0.032
2way	5	0.009	0.613			AT2G18160	-0.008	0.062	0.149	0.087	0.036
2way	5	0.009	0.613			AT1G55110	0.959	0.16	0.082	-0.078	0.037
2way	5	0.009	0.613			AT4G36160	-0.0	0.086	0.185	0.098	0.037
2way	5	0.009	0.613			AT5G06100	-0.356	0.049	0.129	0.079	0.04
2way	5	0.009	0.613			AT5G56110	-0.0	0.099	0.195	0.096	0.042
2way	5	0.009	0.613			AT1G28470	-0.56	0.074	0.163	0.089	0.043
2way	5	0.009	0.613			AT2G30250	-0.0	0.074	0.161	0.087	0.043
2way	5	0.009	0.613			AT4G38000	-0.452	0.074	0.163	0.089	0.043
2way	5	0.009	0.613			AT5G04410	-0.0	0.074	0.163	0.089	0.043
2way	5	0.009	0.613			AT1G71450	-0.267	0.136	0.239	0.103	0.044
2way	5	0.009	0.613			AT3G06740	-1.177	0.025	0.09	0.066	0.047
2way	5	0.009	0.613			AT3G10800	-0.452	0.025	0.092	0.068	0.048
2way	5	0.009	0.613			AT1G36060	-0.648	0.025	0.094	0.07	0.049
2way	5	0.009	0.613			AT2G38470	-0.0	0.062	0.143	0.081	0.05
2way	5	0.009	0.613			AT1G29280	-0.117	0.086	0.175	0.088	0.051
2way	5	0.009	0.613			AT1G30650	-0.0	0.062	0.145	0.083	0.051
2way	5	0.009	0.613			AT3G42860	-0.262	0.012	0.076	0.064	0.051
2way	5	0.009	0.613			AT2G36270	-0.0	0.099	0.189	0.09	0.058
2way	5	0.009	0.613			AT4G34590	-0.0	0.0	0.044	0.044	0.058
2way	5	0.009	0.613			AT3G11280	0.726	0.074	0.03	-0.044	0.059
2way	5	0.009	0.613			AT1G30490	-0.183	0.037	0.102	0.065	0.064
2way	5	0.009	0.613			AT1G71696	-0.476	0.037	0.104	0.067	0.064
2way	5	0.009	0.613			AT5G60130	-0.594	0.037	0.102	0.065	0.064
2way	5	0.009	0.613			AT1G25340	-0.117	0.037	0.106	0.069	0.065
2way	5	0.009	0.613			AT1G75490	-0.0	0.037	0.106	0.069	0.065
2way	5	0.009	0.613			AT1G52150	-0.343	0.037	0.108	0.071	0.067
2way	5	0.009	0.613			AT3G12130	-0.851	0.025	0.084	0.06	0.069
2way	5	0.009	0.613			AT2G43000	-0.3	0.086	0.171	0.084	0.07
2way	5	0.009	0.613			AT3G01530	-0.255	0.062	0.137	0.075	0.07
2way	5	0.009	0.613			AT5G62380	0.014	0.062	0.137	0.075	0.07
2way	5	0.009	0.613			AT1G62300	-0.0	0.062	0.139	0.077	0.071
2way	5	0.009	0.613			AT1G63030	-0.0	0.049	0.016	-0.033	0.073
2way	5	0.009	0.613			AT5G11260	-0.0	0.099	0.179	0.08	0.079
2way	5	0.009	0.613			AT1G76420	-0.0	0.049	0.118	0.069	0.081
2way	5	0.009	0.613			AT1G09540	-0.313	0.074	0.149	0.075	0.082
2way	5	0.009	0.613			AT3G10500	-0.0	0.074	0.149	0.075	0.082
2way	5	0.009	0.613			AT4G28500	-0.0	0.074	0.149	0.075	0.082
2way	5	0.009	0.613			AT3G61150	-0.396	0.074	0.151	0.077	0.083
2way	5	0.009	0.613			AT4G23550	-0.0	0.049	0.12	0.071	0.083
2way	5	0.009	0.613			AT5G24110	-0.0	0.049	0.12	0.071	0.083
2way	5	0.009	0.613			AT5G41570	-0.0	0.074	0.147	0.073	0.083
2way	5	0.009	0.613			AT5G64060	-0.0	0.074	0.147	0.073	0.083
2way	5	0.009	0.613			AT2G01060	0.655	0.136	0.078	-0.057	0.091
2way	5	0.009	0.613			AT1G22070	-0.0	0.0	0.036	0.036	0.092
2way	5	0.009	0.613			AT3G10580	0.595	0.173	0.106	-0.066	0.092
2way	5	0.009	0.613			AT5G03150	-1.661	0.0	0.036	0.036	0.092
2way	5	0.009	0.613			AT2G40260	-0.871	0.037	0.1	0.063	0.093
2way	5	0.009	0.613			AT5G66940	-0.0	0.086	0.163	0.076	0.094
2way	5	0.009	0.613			AT2G40740	-0.059	0.086	0.165	0.078	0.095
2way	5	0.009	0.613			AT5G13080	-0.0	0.086	0.159	0.072	0.095
2way	5	0.009	0.613			AT1G53170	-0.497	0.123	0.205	0.081	0.096
2way	5	0.009	0.613			AT1G01720	-0.562	0.062	0.129	0.067	0.097
2way	5	0.009	0.613			AT3G53200	-0.268	0.062	0.127	0.065	0.097
2way	5	0.009	0.613			AT5G66300	-0.0	0.025	0.08	0.056	0.102
2way	5	0.009	0.613			AT1G13260	-0.398	0.012	0.058	0.046	0.104
2way	5	0.009	0.613			AT1G44830	-0.499	0.012	0.058	0.046	0.104
2way	5	0.009	0.613			AT1G34670	-0.0	0.099	0.171	0.072	0.106
2way	5	0.009	0.613			AT3G55370	-0.194	0.099	0.171	0.072	0.106
2way	5	0.009	0.613			AT5G67190	-0.0	0.099	0.171	0.072	0.106
2way	5	0.009	0.613			AT5G10280	-0.0	0.012	0.062	0.05	0.109
2way	5	0.009	0.613			AT1G22810	-0.364	0.074	0.141	0.066	0.112
2way	5	0.009	0.613			AT1G34190	-0.541	0.074	0.143	0.068	0.112
2way	5	0.009	0.613			AT3G50410	-0.0	0.049	0.11	0.061	0.112
2way	5	0.009	0.613			AT4G29230	-0.0	0.049	0.11	0.061	0.112
2way	5	0.009	0.613			AT5G52830	-0.0	0.049	0.11	0.061	0.112
2way	5	0.009	0.613			AT3G04060	-0.0	0.049	0.108	0.059	0.113
2way	5	0.009	0.613			AT3G11020	-0.153	0.049	0.112	0.063	0.113
2way	5	0.009	0.613			AT3G12720	-0.0	0.049	0.108	0.059	0.113
2way	5	0.009	0.613			AT4G14770	-0.0	0.049	0.112	0.063	0.113
2way	5	0.009	0.613			AT1G79580	-0.0	0.086	0.157	0.07	0.126
2way	5	0.009	0.613			AT5G65310	-0.0	0.123	0.197	0.073	0.126
2way	5	0.009	0.613			AT4G01250	-0.0	0.037	0.092	0.055	0.13
2way	5	0.009	0.613			AT4G05100	-0.0	0.037	0.094	0.057	0.132
2way	5	0.009	0.613			AT4G22070	-0.0	0.062	0.12	0.059	0.133
2way	5	0.009	0.613			AT1G60920	-0.0	0.012	0.0	-0.012	0.14
2way	5	0.009	0.613			AT1G63040	-0.0	0.012	0.0	-0.012	0.14
2way	5	0.009	0.613			AT1G66420	-0.0	0.012	0.0	-0.012	0.14
2way	5	0.009	0.613			AT1G74370	-0.0	0.012	0.0	-0.012	0.14
2way	5	0.009	0.613			AT2G38090	-0.0	0.012	0.0	-0.012	0.14
2way	5	0.009	0.613			AT3G46070	-0.0	0.012	0.0	-0.012	0.14
2way	5	0.009	0.613			AT5G22890	-0.0	0.012	0.0	-0.012	0.14
2way	5	0.009	0.613			AT1G68670	-0.0	0.074	0.038	-0.036	0.143
2way	5	0.009	0.613			AT5G46350	-0.0	0.025	0.074	0.05	0.147
2way	5	0.009	0.613			AT1G19040	-0.0	0.0	0.034	0.034	0.149
2way	5	0.009	0.613			AT2G46770	-0.0	0.074	0.135	0.06	0.15
2way	5	0.009	0.613			AT1G12260	-0.0	0.074	0.133	0.058	0.151
2way	5	0.009	0.613			AT2G18060	0.091	0.074	0.133	0.058	0.151
2way	5	0.009	0.613			AT5G13180	-0.0	0.074	0.139	0.064	0.151
2way	5	0.009	0.613			AT5G62320	-0.0	0.074	0.133	0.058	0.151
2way	5	0.009	0.613			AT1G32150	-0.0	0.111	0.177	0.066	0.153
2way	5	0.009	0.613			AT1G53230	-0.0	0.012	0.05	0.038	0.156
2way	5	0.009	0.613			AT4G01680	-0.0	0.049	0.106	0.057	0.157
2way	5	0.009	0.613			AT1G16490	-0.265	0.086	0.147	0.06	0.167
2way	5	0.009	0.613			AT5G39610	-0.0	0.062	0.116	0.055	0.178
2way	5	0.009	0.613			AT1G72740	-0.053	0.037	0.082	0.045	0.18
2way	5	0.009	0.613			AT2G26960	-0.276	0.037	0.086	0.049	0.181
2way	5	0.009	0.613			AT1G64620	-0.0	0.099	0.159	0.06	0.183
2way	5	0.009	0.613			AT3G01220	-0.903	0.099	0.163	0.064	0.183
2way	5	0.009	0.613			AT3G16280	-0.0	0.16	0.108	-0.052	0.189
2way	5	0.009	0.613			AT3G01970	-0.0	0.074	0.129	0.054	0.199
2way	5	0.009	0.613			AT5G18270	0.152	0.074	0.127	0.052	0.2
2way	5	0.009	0.613			AT3G15210	-0.0	0.123	0.187	0.063	0.21
2way	5	0.009	0.613			AT2G32460	-0.0	0.049	0.096	0.047	0.211
2way	5	0.009	0.613			AT5G09410	-0.0	0.049	0.098	0.049	0.211
2way	5	0.009	0.613			AT5G23930	-0.0	0.086	0.143	0.056	0.219
2way	5	0.009	0.613			AT1G19210	-0.073	0.136	0.197	0.061	0.222
2way	5	0.009	0.613			AT1G49010	0.095	0.136	0.09	-0.045	0.222
2way	5	0.009	0.613			AT2G02070	-0.0	0.136	0.092	-0.043	0.229
2way	5	0.009	0.613			AT4G17785	-0.0	0.012	0.046	0.034	0.23
2way	5	0.009	0.613			AT5G13790	-0.186	0.012	0.044	0.032	0.23
2way	5	0.009	0.613			AT5G07680	-0.0	0.0	0.024	0.024	0.234
2way	5	0.009	0.613			AT5G50570	-0.0	0.0	0.024	0.024	0.234
2way	5	0.009	0.613			AT1G66370	-0.0	0.0	0.028	0.028	0.236
2way	5	0.009	0.613			AT1G75390	-0.0	0.0	0.028	0.028	0.236
2way	5	0.009	0.613			AT2G20110	-0.0	0.062	0.11	0.049	0.238
2way	5	0.009	0.613			AT2G24430	-0.0	0.062	0.11	0.049	0.238
2way	5	0.009	0.613			AT5G47660	-0.576	0.062	0.11	0.049	0.238
2way	5	0.009	0.613			AT1G51220	-0.45	0.062	0.106	0.045	0.239
2way	5	0.009	0.613			AT2G38300	-0.0	0.0	0.022	0.022	0.242
2way	5	0.009	0.613			AT1G03840	0.227	0.111	0.068	-0.043	0.251
2way	5	0.009	0.613			AT4G00250	-0.318	0.037	0.074	0.037	0.251
2way	5	0.009	0.613			AT1G74650	-0.409	0.111	0.163	0.052	0.253
2way	5	0.009	0.613			AT2G28810	-0.0	0.111	0.163	0.052	0.253
2way	5	0.009	0.613			AT2G35530	-0.0	0.111	0.163	0.052	0.253
2way	5	0.009	0.613			AT5G42520	-0.0	0.012	0.002	-0.01	0.26
2way	5	0.009	0.613			AT5G58620	-0.0	0.012	0.002	-0.01	0.26
2way	5	0.009	0.613			AT5G63090	1.077	0.074	0.044	-0.03	0.261
2way	5	0.009	0.613			AT1G51700	-0.0	0.074	0.12	0.046	0.262
2way	5	0.009	0.613			AT1G06850	-0.197	0.074	0.118	0.044	0.264
2way	5	0.009	0.613			AT1G03800	-0.0	0.123	0.179	0.055	0.266
2way	5	0.009	0.613			AT3G21890	-0.0	0.086	0.131	0.044	0.285
2way	5	0.009	0.613			AT2G18380	-0.092	0.049	0.086	0.037	0.287
2way	5	0.009	0.613			AT1G74840	-0.0	0.123	0.082	-0.041	0.288
2way	5	0.009	0.613			AT5G65510	-0.48	0.025	0.056	0.032	0.292
2way	5	0.009	0.613			AT5G22990	-0.288	0.099	0.147	0.048	0.302
2way	5	0.009	0.613			AT1G28370	-0.0	0.099	0.145	0.046	0.303
2way	5	0.009	0.613			AT1G33240	-0.0	0.099	0.145	0.046	0.303
2way	5	0.009	0.613			AT3G18400	0.507	0.099	0.145	0.046	0.303
2way	5	0.009	0.613			AT1G28160	-0.0	0.099	0.143	0.044	0.305
2way	5	0.009	0.613			AT1G06180	-0.0	0.062	0.1	0.039	0.314
2way	5	0.009	0.613			AT1G47655	-0.0	0.062	0.1	0.039	0.314
2way	5	0.009	0.613			AT5G45300	-0.241	0.062	0.104	0.043	0.314
2way	5	0.009	0.613			AT5G06950	-0.0	0.111	0.159	0.048	0.319
2way	5	0.009	0.613			AT5G63260	-0.0	0.111	0.157	0.046	0.32
2way	5	0.009	0.613			AT3G24120	-0.0	0.198	0.151	-0.047	0.322
2way	5	0.009	0.613			AT3G15270	-0.0	0.123	0.171	0.047	0.334
2way	5	0.009	0.613			AT1G32240	-0.131	0.012	0.038	0.026	0.337
2way	5	0.009	0.613			AT3G62420	0.343	0.123	0.167	0.043	0.338
2way	5	0.009	0.613			AT3G10030	-0.0	0.037	0.07	0.033	0.339
2way	5	0.009	0.613			AT4G06746	-0.0	0.037	0.072	0.035	0.339
2way	5	0.009	0.613			AT5G65130	-0.0	0.037	0.072	0.035	0.339
2way	5	0.009	0.613			AT3G18990	-0.313	0.074	0.116	0.042	0.34
2way	5	0.009	0.613			AT1G25580	-0.0	0.037	0.068	0.031	0.34
2way	5	0.009	0.613			AT1G77640	-0.0	0.012	0.036	0.024	0.341
2way	5	0.009	0.613			AT2G28920	0.052	0.062	0.034	-0.028	0.342
2way	5	0.009	0.613			AT5G17800	-0.0	0.074	0.11	0.036	0.343
2way	5	0.009	0.613			AT5G61620	-0.0	0.148	0.108	-0.04	0.344
2way	5	0.009	0.613			AT3G23210	-0.0	0.012	0.034	0.022	0.348
2way	5	0.009	0.613			AT3G28920	-0.0	0.136	0.181	0.045	0.35
2way	5	0.009	0.613			AT3G11440	-0.0	0.086	0.127	0.04	0.362
2way	5	0.009	0.613			AT3G24520	-0.088	0.086	0.129	0.042	0.362
2way	5	0.009	0.613			AT2G21900	-0.0	0.012	0.004	-0.008	0.364
2way	5	0.009	0.613			AT2G46400	-0.0	0.012	0.004	-0.008	0.364
2way	5	0.009	0.613			AT3G48160	-0.0	0.012	0.004	-0.008	0.364
2way	5	0.009	0.613			AT3G49930	-0.0	0.012	0.004	-0.008	0.364
2way	5	0.009	0.613			AT5G25390	-0.0	0.012	0.004	-0.008	0.364
2way	5	0.009	0.613			AT5G61270	-0.0	0.012	0.004	-0.008	0.364
2way	5	0.009	0.613			AT2G33810	-0.0	0.0	0.02	0.02	0.371
2way	5	0.009	0.613			AT3G04070	-0.0	0.0	0.02	0.02	0.371
2way	5	0.009	0.613			AT3G51470	-0.0	0.0	0.02	0.02	0.371
2way	5	0.009	0.613			AT2G45650	-0.0	0.0	0.018	0.018	0.373
2way	5	0.009	0.613			AT2G45680	0.334	0.037	0.016	-0.021	0.377
2way	5	0.009	0.613			AT3G09735	-0.0	0.049	0.078	0.029	0.382
2way	5	0.009	0.613			AT4G38170	-0.0	0.099	0.137	0.038	0.383
2way	5	0.009	0.613			AT4G18890	-0.0	0.037	0.018	-0.019	0.389
2way	5	0.009	0.613			AT5G07100	0.351	0.037	0.018	-0.019	0.389
2way	5	0.009	0.613			AT1G12610	0.301	0.111	0.082	-0.029	0.394
2way	5	0.009	0.613			AT2G45420	-0.0	0.111	0.151	0.039	0.399
2way	5	0.009	0.613			AT5G26170	-0.0	0.111	0.151	0.039	0.399
2way	5	0.009	0.613			AT1G19790	-0.0	0.025	0.052	0.028	0.406
2way	5	0.009	0.613			AT5G03790	-0.494	0.123	0.165	0.041	0.414
2way	5	0.009	0.613			AT1G68550	-0.0	0.123	0.163	0.039	0.415
2way	5	0.009	0.613			AT1G75240	-0.118	0.123	0.163	0.039	0.415
2way	5	0.009	0.613			AT2G02080	-0.0	0.123	0.094	-0.029	0.421
2way	5	0.009	0.613			AT1G69690	-0.0	0.037	0.022	-0.015	0.428
2way	5	0.009	0.613			AT3G27010	-0.0	0.037	0.022	-0.015	0.428
2way	5	0.009	0.613			AT4G32800	-0.0	0.074	0.052	-0.022	0.43
2way	5	0.009	0.613			AT1G52880	-0.0	0.074	0.104	0.03	0.437
2way	5	0.009	0.613			AT3G50260	-0.0	0.16	0.201	0.04	0.452
2way	5	0.009	0.613			AT1G08010	-0.0	0.037	0.064	0.027	0.455
2way	5	0.009	0.613			AT1G20980	-0.0	0.037	0.064	0.027	0.455
2way	5	0.009	0.613			AT1G70920	-0.0	0.086	0.12	0.034	0.456
2way	5	0.009	0.613			AT4G10350	-0.0	0.086	0.12	0.034	0.456
2way	5	0.009	0.613			AT5G47370	-0.0	0.086	0.118	0.032	0.457
2way	5	0.009	0.613			AT5G62940	0.12	0.086	0.118	0.032	0.457
2way	5	0.009	0.613			AT5G25830	-0.0	0.037	0.06	0.023	0.459
2way	5	0.009	0.613			AT4G00730	-0.0	0.099	0.129	0.03	0.479
2way	5	0.009	0.613			AT5G45580	0.214	0.16	0.129	-0.032	0.479
2way	5	0.009	0.613			AT1G18570	-0.0	0.012	0.032	0.02	0.49
2way	5	0.009	0.613			AT1G34370	-0.0	0.012	0.032	0.02	0.49
2way	5	0.009	0.613			AT1G13400	-0.0	0.049	0.028	-0.021	0.492
2way	5	0.009	0.613			AT4G38620	-0.0	0.049	0.028	-0.021	0.492
2way	5	0.009	0.613			AT5G17300	-0.007	0.111	0.143	0.031	0.494
2way	5	0.009	0.613			AT1G50640	-0.0	0.111	0.141	0.029	0.496
2way	5	0.009	0.613			AT1G45249	-0.0	0.049	0.072	0.023	0.497
2way	5	0.009	0.613			AT5G39820	-0.0	0.049	0.03	-0.019	0.497
2way	5	0.009	0.613			AT1G24250	0.768	0.099	0.074	-0.024	0.5
2way	5	0.009	0.613			AT2G01818	-0.0	0.012	0.028	0.016	0.5
2way	5	0.009	0.613			AT2G17950	-0.0	0.012	0.028	0.016	0.5
2way	5	0.009	0.613			AT3G47600	-0.0	0.012	0.028	0.016	0.5
2way	5	0.009	0.613			AT5G67450	-0.0	0.012	0.028	0.016	0.5
2way	5	0.009	0.613			AT4G31060	-0.0	0.123	0.153	0.029	0.511
2way	5	0.009	0.613			AT5G61600	0.183	0.049	0.034	-0.015	0.518
2way	5	0.009	0.613			AT5G02460	0.081	0.136	0.167	0.031	0.522
2way	5	0.009	0.613			AT2G20400	-0.557	0.062	0.088	0.027	0.523
2way	5	0.009	0.613			AT1G69010	-0.0	0.136	0.165	0.029	0.524
2way	5	0.009	0.613			AT3G57920	0.252	0.111	0.084	-0.027	0.525
2way	5	0.009	0.613			AT2G02540	0.581	0.21	0.175	-0.035	0.533
2way	5	0.009	0.613			AT5G51990	0.163	0.21	0.175	-0.035	0.533
2way	5	0.009	0.613			AT1G12630	-0.385	0.148	0.179	0.031	0.534
2way	5	0.009	0.613			AT4G32730	0.184	0.222	0.189	-0.033	0.544
2way	5	0.009	0.613			AT5G47390	-0.067	0.074	0.102	0.028	0.548
2way	5	0.009	0.613			AT3G27785	-0.0	0.074	0.098	0.024	0.549
2way	5	0.009	0.613			AT1G76110	-0.0	0.025	0.046	0.021	0.558
2way	5	0.009	0.613			AT5G47220	0.664	0.062	0.044	-0.018	0.566
2way	5	0.009	0.613			AT3G12730	-0.0	0.086	0.11	0.024	0.57
2way	5	0.009	0.613			AT2G23340	-0.0	0.099	0.127	0.028	0.585
2way	5	0.009	0.613			AT2G42200	-0.0	0.099	0.124	0.026	0.586
2way	5	0.009	0.613			AT3G04030	-0.0	0.099	0.122	0.024	0.587
2way	5	0.009	0.613			AT4G37260	0.344	0.148	0.122	-0.026	0.587
2way	5	0.009	0.613			AT4G01280	-0.0	0.148	0.124	-0.024	0.59
2way	5	0.009	0.613			AT4G18770	-0.0	0.099	0.12	0.022	0.59
2way	5	0.009	0.613			AT1G32870	0.191	0.111	0.137	0.025	0.601
2way	5	0.009	0.613			AT1G72360	-0.0	0.0	0.014	0.014	0.601
2way	5	0.009	0.613			AT2G15660	-0.0	0.0	0.014	0.014	0.601
2way	5	0.009	0.613			AT2G30590	-0.0	0.0	0.014	0.014	0.601
2way	5	0.009	0.613			AT5G10140	-0.0	0.0	0.014	0.014	0.601
2way	5	0.009	0.613			AT2G22540	-0.0	0.111	0.135	0.023	0.602
2way	5	0.009	0.613			AT3G24050	-0.0	0.037	0.056	0.019	0.603
2way	5	0.009	0.613			AT3G45170	-0.0	0.0	0.012	0.012	0.603
2way	5	0.009	0.613			AT4G17460	-0.0	0.0	0.012	0.012	0.603
2way	5	0.009	0.613			AT4G28110	-0.0	0.0	0.012	0.012	0.603
2way	5	0.009	0.613			AT5G52170	-0.0	0.0	0.012	0.012	0.603
2way	5	0.009	0.613			AT3G20770	-0.0	0.074	0.054	-0.02	0.604
2way	5	0.009	0.613			AT3G30210	-0.0	0.037	0.054	0.017	0.605
2way	5	0.009	0.613			AT5G25475	-0.0	0.025	0.012	-0.013	0.608
2way	5	0.009	0.613			AT3G45610	0.226	0.123	0.151	0.027	0.613
2way	5	0.009	0.613			AT2G45410	-0.144	0.123	0.149	0.025	0.614
2way	5	0.009	0.613			AT5G10510	-0.0	0.0	0.01	0.01	0.615
2way	5	0.009	0.613			AT5G16600	-0.0	0.0	0.01	0.01	0.615
2way	5	0.009	0.613			AT2G02820	0.045	0.185	0.157	-0.029	0.625
2way	5	0.009	0.613			AT4G36780	0.094	0.185	0.159	-0.027	0.626
2way	5	0.009	0.613			AT3G56850	0.091	0.136	0.159	0.023	0.627
2way	5	0.009	0.613			AT3G23240	-0.0	0.049	0.07	0.021	0.635
2way	5	0.009	0.613			AT5G08330	-0.0	0.049	0.07	0.021	0.635
2way	5	0.009	0.613			AT3G13810	-0.0	0.086	0.066	-0.02	0.636
2way	5	0.009	0.613			AT5G67580	-0.0	0.049	0.068	0.019	0.636
2way	5	0.009	0.613			AT5G62470	-0.0	0.049	0.064	0.015	0.641
2way	5	0.009	0.613			AT3G03660	-0.0	0.0	0.008	0.008	0.642
2way	5	0.009	0.613			AT3G22780	-0.0	0.0	0.008	0.008	0.642
2way	5	0.009	0.613			AT3G61120	-0.0	0.0	0.008	0.008	0.642
2way	5	0.009	0.613			AT5G38860	-0.0	0.0	0.008	0.008	0.642
2way	5	0.009	0.613			AT3G20310	-0.0	0.16	0.189	0.028	0.644
2way	5	0.009	0.613			AT1G04880	-0.0	0.062	0.08	0.019	0.661
2way	5	0.009	0.613			AT3G10113	-0.0	0.099	0.078	-0.02	0.661
2way	5	0.009	0.613			AT1G20910	0.098	0.099	0.08	-0.018	0.663
2way	5	0.009	0.613			AT5G58900	-0.0	0.099	0.084	-0.014	0.67
2way	5	0.009	0.613			AT2G15740	-0.0	0.074	0.094	0.02	0.68
2way	5	0.009	0.613			AT1G79180	-0.0	0.074	0.092	0.018	0.681
2way	5	0.009	0.613			AT2G01930	-0.0	0.086	0.106	0.02	0.697
2way	5	0.009	0.613			AT1G75080	-0.0	0.012	0.026	0.014	0.704
2way	5	0.009	0.613			AT3G58630	-0.0	0.012	0.026	0.014	0.704
2way	5	0.009	0.613			AT1G01250	-0.0	0.012	0.024	0.012	0.706
2way	5	0.009	0.613			AT4G01500	-0.0	0.012	0.024	0.012	0.706
2way	5	0.009	0.613			AT5G14340	-0.0	0.012	0.024	0.012	0.706
2way	5	0.009	0.613			AT2G31230	-0.0	0.099	0.118	0.02	0.71
2way	5	0.009	0.613			AT2G01940	-0.205	0.099	0.116	0.018	0.711
2way	5	0.009	0.613			AT3G23250	-0.0	0.012	0.022	0.01	0.711
2way	5	0.009	0.613			AT5G14960	-0.0	0.012	0.022	0.01	0.711
2way	5	0.009	0.613			AT5G67300	-0.0	0.012	0.022	0.01	0.711
2way	5	0.009	0.613			AT3G08500	0.11	0.099	0.114	0.016	0.713
2way	5	0.009	0.613			AT3G60490	-0.0	0.136	0.12	-0.015	0.715
2way	5	0.009	0.613			AT4G31550	1.109	0.037	0.028	-0.009	0.719
2way	5	0.009	0.613			AT1G21910	-0.0	0.012	0.02	0.008	0.72
2way	5	0.009	0.613			AT2G41690	-0.0	0.012	0.02	0.008	0.72
2way	5	0.009	0.613			AT5G59990	-0.0	0.012	0.02	0.008	0.72
2way	5	0.009	0.613			AT3G50060	-0.0	0.111	0.131	0.019	0.722
2way	5	0.009	0.613			AT2G33710	0.156	0.148	0.133	-0.016	0.726
2way	5	0.009	0.613			AT2G35700	0.165	0.16	0.141	-0.02	0.732
2way	5	0.009	0.613			AT4G34410	-0.0	0.136	0.157	0.021	0.741
2way	5	0.009	0.613			AT5G65410	-0.0	0.136	0.157	0.021	0.741
2way	5	0.009	0.613			AT2G46130	-0.0	0.025	0.036	0.011	0.755
2way	5	0.009	0.613			AT3G50700	-0.0	0.025	0.036	0.011	0.755
2way	5	0.009	0.613			AT4G16750	-0.0	0.16	0.177	0.016	0.756
2way	5	0.009	0.613			AT5G47230	-0.0	0.025	0.034	0.009	0.758
2way	5	0.009	0.613			AT1G43700	-0.0	0.025	0.032	0.007	0.763
2way	5	0.009	0.613			AT5G66700	-0.0	0.21	0.195	-0.015	0.764
2way	5	0.009	0.613			AT3G01470	-0.0	0.049	0.042	-0.007	0.767
2way	5	0.009	0.613			AT2G33550	-0.0	0.037	0.05	0.013	0.784
2way	5	0.009	0.613			AT4G11660	-0.0	0.037	0.048	0.011	0.785
2way	5	0.009	0.613			AT3G26790	-0.0	0.062	0.05	-0.012	0.786
2way	5	0.009	0.613			AT3G61250	-0.0	0.037	0.046	0.009	0.787
2way	5	0.009	0.613			AT1G25550	-0.0	0.074	0.06	-0.014	0.805
2way	5	0.009	0.613			AT1G72010	-0.0	0.049	0.06	0.011	0.805
2way	5	0.009	0.613			AT3G60580	-0.0	0.049	0.058	0.009	0.807
2way	5	0.009	0.613			AT1G27730	-0.0	0.074	0.064	-0.01	0.808
2way	5	0.009	0.613			AT3G22830	-0.0	0.074	0.066	-0.008	0.811
2way	5	0.009	0.613			AT5G16820	-0.0	0.062	0.072	0.011	0.821
2way	5	0.009	0.613			AT5G62000	-0.0	0.099	0.086	-0.012	0.832
2way	5	0.009	0.613			AT5G18560	-0.0	0.086	0.096	0.01	0.842
2way	5	0.009	0.613			AT1G69490	-0.0	0.086	0.094	0.008	0.843
2way	5	0.009	0.613			AT2G22430	0.109	0.111	0.1	-0.011	0.843
2way	5	0.009	0.613			AT2G18350	-0.0	0.099	0.112	0.014	0.849
2way	5	0.009	0.613			AT3G44480	0.431	0.099	0.112	0.014	0.849
2way	5	0.009	0.613			AT2G30340	-0.171	0.099	0.108	0.01	0.85
2way	5	0.009	0.613			AT2G44840	-0.0	0.099	0.11	0.012	0.85
2way	5	0.009	0.613			AT2G46680	-0.081	0.099	0.11	0.012	0.85
2way	5	0.009	0.613			AT3G47500	-0.0	0.099	0.11	0.012	0.85
2way	5	0.009	0.613			AT1G14687	-0.0	0.136	0.124	-0.011	0.857
2way	5	0.009	0.613			AT5G56840	-0.0	0.136	0.129	-0.007	0.859
2way	5	0.009	0.613			AT3G09600	-0.065	0.123	0.135	0.011	0.862
2way	5	0.009	0.613			AT1G76890	0.558	0.148	0.139	-0.01	0.863
2way	5	0.009	0.613			AT1G69780	0.066	0.136	0.149	0.013	0.866
2way	5	0.009	0.613			AT5G58850	-0.0	0.136	0.149	0.013	0.866
2way	5	0.009	0.613			AT5G64750	0.01	0.136	0.149	0.013	0.866
2way	5	0.009	0.613			AT2G46590	-0.0	0.136	0.145	0.009	0.867
2way	5	0.009	0.613			AT5G60850	0.247	0.148	0.161	0.012	0.871
2way	5	0.009	0.613			AT1G77200	-0.0	0.173	0.165	-0.008	0.872
2way	5	0.009	0.613			AT4G25490	-0.0	0.185	0.173	-0.012	0.875
2way	5	0.009	0.613			AT4G36740	-0.0	0.185	0.175	-0.01	0.875
2way	5	0.009	0.613			AT1G06280	-0.0	0.21	0.201	-0.009	0.882
2way	5	0.009	0.613			AT1G01060	-0.0	0.123	0.127	0.003	1.0
2way	5	0.009	0.613			AT1G10720	-0.0	0.0	0.0	0.0	1.0
2way	5	0.009	0.613			AT1G13300	-0.0	0.012	0.016	0.004	1.0
2way	5	0.009	0.613			AT1G14580	-0.0	0.037	0.03	-0.007	1.0
2way	5	0.009	0.613			AT1G17950	-0.0	0.0	0.002	0.002	1.0
2way	5	0.009	0.613			AT1G18330	-0.118	0.111	0.104	-0.007	1.0
2way	5	0.009	0.613			AT1G18960	-0.0	0.0	0.0	0.0	1.0
2way	5	0.009	0.613			AT1G19000	-0.0	0.111	0.104	-0.007	1.0
2way	5	0.009	0.613			AT1G23810	-0.0	0.012	0.008	-0.004	1.0
2way	5	0.009	0.613			AT1G26960	-0.0	0.123	0.122	-0.001	1.0
2way	5	0.009	0.613			AT1G27360	-0.0	0.0	0.006	0.006	1.0
2way	5	0.009	0.613			AT1G30210	-0.0	0.0	0.004	0.004	1.0
2way	5	0.009	0.613			AT1G31140	-0.0	0.086	0.084	-0.002	1.0
2way	5	0.009	0.613			AT1G32510	-0.0	0.0	0.004	0.004	1.0
2way	5	0.009	0.613			AT1G46264	-0.0	0.0	0.002	0.002	1.0
2way	5	0.009	0.613			AT1G47870	-0.0	0.0	0.0	0.0	1.0
2way	5	0.009	0.613			AT1G49560	-0.0	0.099	0.1	0.002	1.0
2way	5	0.009	0.613			AT1G51600	-0.0	0.012	0.008	-0.004	1.0
2way	5	0.009	0.613			AT1G65620	-0.0	0.012	0.014	0.002	1.0
2way	5	0.009	0.613			AT1G67260	-0.0	0.0	0.0	0.0	1.0
2way	5	0.009	0.613			AT1G69180	-0.0	0.111	0.112	0.001	1.0
2way	5	0.009	0.613			AT1G69560	-0.0	0.025	0.024	-0.001	1.0
2way	5	0.009	0.613			AT1G69570	-0.0	0.123	0.127	0.003	1.0
2way	5	0.009	0.613			AT1G70910	-0.0	0.0	0.004	0.004	1.0
2way	5	0.009	0.613			AT1G74480	-0.0	0.086	0.084	-0.002	1.0
2way	5	0.009	0.613			AT1G76870	-0.0	0.012	0.008	-0.004	1.0
2way	5	0.009	0.613			AT1G76880	-0.0	0.012	0.014	0.002	1.0
2way	5	0.009	0.613			AT1G78700	-0.0	0.16	0.165	0.004	1.0
2way	5	0.009	0.613			AT1G80840	-0.0	0.025	0.018	-0.007	1.0
2way	5	0.009	0.613			AT2G03340	0.505	0.037	0.044	0.007	1.0
2way	5	0.009	0.613			AT2G03500	-0.094	0.086	0.092	0.006	1.0
2way	5	0.009	0.613			AT2G17410	-0.0	0.0	0.004	0.004	1.0
2way	5	0.009	0.613			AT2G17900	-0.0	0.012	0.006	-0.006	1.0
2way	5	0.009	0.613			AT2G23290	-0.0	0.123	0.127	0.003	1.0
2way	5	0.009	0.613			AT2G24570	-0.0	0.012	0.01	-0.002	1.0
2way	5	0.009	0.613			AT2G31460	-0.0	0.0	0.0	0.0	1.0
2way	5	0.009	0.613			AT2G38340	0.056	0.173	0.167	-0.006	1.0
2way	5	0.009	0.613			AT2G38880	-0.0	0.0	0.006	0.006	1.0
2way	5	0.009	0.613			AT2G39900	-0.0	0.0	0.004	0.004	1.0
2way	5	0.009	0.613			AT2G41835	-0.0	0.012	0.006	-0.006	1.0
2way	5	0.009	0.613			AT2G42430	-0.0	0.123	0.116	-0.007	1.0
2way	5	0.009	0.613			AT2G47070	-0.0	0.099	0.104	0.006	1.0
2way	5	0.009	0.613			AT2G48100	-0.0	0.0	0.002	0.002	1.0
2way	5	0.009	0.613			AT3G02150	-0.0	0.012	0.018	0.006	1.0
2way	5	0.009	0.613			AT3G02990	-0.0	0.012	0.008	-0.004	1.0
2way	5	0.009	0.613			AT3G06490	-0.0	0.049	0.052	0.003	1.0
2way	5	0.009	0.613			AT3G07220	-0.0	0.0	0.004	0.004	1.0
2way	5	0.009	0.613			AT3G09230	-0.0	0.0	0.004	0.004	1.0
2way	5	0.009	0.613			AT3G12820	-0.0	0.062	0.068	0.007	1.0
2way	5	0.009	0.613			AT3G12910	-0.0	0.0	0.006	0.006	1.0
2way	5	0.009	0.613			AT3G13040	-0.0	0.0	0.002	0.002	1.0
2way	5	0.009	0.613			AT3G13350	-0.0	0.025	0.018	-0.007	1.0
2way	5	0.009	0.613			AT3G20840	-0.0	0.012	0.016	0.004	1.0
2way	5	0.009	0.613			AT3G21175	-0.0	0.037	0.042	0.005	1.0
2way	5	0.009	0.613			AT3G23220	-0.0	0.037	0.042	0.005	1.0
2way	5	0.009	0.613			AT3G25990	-0.0	0.037	0.042	0.005	1.0
2way	5	0.009	0.613			AT3G28910	-0.0	0.074	0.068	-0.006	1.0
2way	5	0.009	0.613			AT3G30530	-0.0	0.0	0.004	0.004	1.0
2way	5	0.009	0.613			AT3G45150	-0.0	0.025	0.018	-0.007	1.0
2way	5	0.009	0.613			AT3G46590	-0.0	0.012	0.018	0.006	1.0
2way	5	0.009	0.613			AT3G47620	-0.0	0.0	0.002	0.002	1.0
2way	5	0.009	0.613			AT3G51080	-0.0	0.012	0.016	0.004	1.0
2way	5	0.009	0.613			AT3G57230	-0.0	0.012	0.016	0.004	1.0
2way	5	0.009	0.613			AT3G57600	-0.0	0.012	0.014	0.002	1.0
2way	5	0.009	0.613			AT3G60530	-0.0	0.025	0.028	0.003	1.0
2way	5	0.009	0.613			AT4G01720	-0.0	0.025	0.02	-0.005	1.0
2way	5	0.009	0.613			AT4G04450	-0.0	0.012	0.016	0.004	1.0
2way	5	0.009	0.613			AT4G12670	-0.0	0.0	0.002	0.002	1.0
2way	5	0.009	0.613			AT4G14410	-0.0	0.0	0.0	0.0	1.0
2way	5	0.009	0.613			AT4G18450	-0.0	0.012	0.014	0.002	1.0
2way	5	0.009	0.613			AT4G24240	-0.0	0.0	0.002	0.002	1.0
2way	5	0.009	0.613			AT4G24470	-0.0	0.037	0.034	-0.003	1.0
2way	5	0.009	0.613			AT4G25470	-0.0	0.173	0.171	-0.002	1.0
2way	5	0.009	0.613			AT4G25480	-0.0	0.185	0.189	0.004	1.0
2way	5	0.009	0.613			AT4G26030	1.062	0.136	0.137	0.001	1.0
2way	5	0.009	0.613			AT4G26640	-0.0	0.049	0.056	0.007	1.0
2way	5	0.009	0.613			AT4G27900	-0.0	0.012	0.01	-0.002	1.0
2way	5	0.009	0.613			AT4G27950	-0.0	0.049	0.054	0.005	1.0
2way	5	0.009	0.613			AT4G28140	-0.0	0.025	0.026	0.001	1.0
2way	5	0.009	0.613			AT4G30080	-0.0	0.0	0.004	0.004	1.0
2way	5	0.009	0.613			AT4G36620	-0.0	0.0	0.004	0.004	1.0
2way	5	0.009	0.613			AT4G37180	-0.003	0.099	0.1	0.002	1.0
2way	5	0.009	0.613			AT4G37790	-0.0	0.0	0.002	0.002	1.0
2way	5	0.009	0.613			AT4G38910	-0.0	0.0	0.004	0.004	1.0
2way	5	0.009	0.613			AT5G02840	-0.0	0.062	0.058	-0.003	1.0
2way	5	0.009	0.613			AT5G04390	-0.0	0.062	0.068	0.007	1.0
2way	5	0.009	0.613			AT5G05790	-0.0	0.062	0.056	-0.006	1.0
2way	5	0.009	0.613			AT5G08070	-0.0	0.0	0.004	0.004	1.0
2way	5	0.009	0.613			AT5G08130	-0.0	0.025	0.028	0.003	1.0
2way	5	0.009	0.613			AT5G08520	-0.071	0.111	0.104	-0.007	1.0
2way	5	0.009	0.613			AT5G08750	-0.0	0.012	0.016	0.004	1.0
2way	5	0.009	0.613			AT5G13910	-0.0	0.012	0.018	0.006	1.0
2way	5	0.009	0.613			AT5G18090	-0.0	0.0	0.006	0.006	1.0
2way	5	0.009	0.613			AT5G22500	-0.0	0.037	0.036	-0.001	1.0
2way	5	0.009	0.613			AT5G29000	-0.0	0.099	0.092	-0.006	1.0
2way	5	0.009	0.613			AT5G38800	-0.0	0.0	0.0	0.0	1.0
2way	5	0.009	0.613			AT5G40330	-0.0	0.0	0.004	0.004	1.0
2way	5	0.009	0.613			AT5G42820	-0.0	0.0	0.002	0.002	1.0
2way	5	0.009	0.613			AT5G43840	-0.0	0.012	0.014	0.002	1.0
2way	5	0.009	0.613			AT5G44160	-0.0	0.012	0.018	0.006	1.0
2way	5	0.009	0.613			AT5G44210	0.63	0.062	0.058	-0.003	1.0
2way	5	0.009	0.613			AT5G48670	-0.0	0.0	0.006	0.006	1.0
2way	5	0.009	0.613			AT5G49300	-0.0	0.0	0.0	0.0	1.0
2way	5	0.009	0.613			AT5G52660	-0.0	0.111	0.106	-0.005	1.0
2way	5	0.009	0.613			AT5G56930	-0.0	0.012	0.01	-0.002	1.0
2way	5	0.009	0.613			AT5G62165	-0.0	0.0	0.002	0.002	1.0
2way	5	0.009	0.613			AT5G66730	-0.0	0.099	0.1	0.002	1.0
2way	5	0.009	0.613			AT5G67000	-0.0	0.0	0.002	0.002	1.0
2way	6	0.25	0.351			AT4G31800	-0.972	0.1	0.23	0.13	0.000105
2way	6	0.25	0.351			AT4G26640	-1.254	0.017	0.093	0.077	0.000147
2way	6	0.25	0.351			AT2G30250	-0.158	0.1	0.218	0.118	0.000363
2way	6	0.25	0.351			AT2G40740	-0.558	0.104	0.222	0.118	0.00042
2way	6	0.25	0.351			AT3G23220	0.314	0.075	0.012	-0.063	0.000498
2way	6	0.25	0.351			AT1G25580	-1.561	0.029	0.105	0.076	0.00108
2way	6	0.25	0.351			AT1G28160	1.691	0.195	0.093	-0.102	0.0013
2way	6	0.25	0.351			AT3G60490	1.589	0.17	0.074	-0.096	0.00138
2way	6	-0.764	0.813			AT1G31140	-1.608	0.039	0.165	0.126	0.00153
2way	6	0.25	0.351			AT2G35700	0.0	0.191	0.093	-0.097	0.00191
2way	6	0.25	0.351			AT2G38470	0.0	0.091	0.191	0.099	0.00194
2way	6	-0.764	0.813			AT1G08320	1.05	0.225	0.073	-0.151	0.00196
2way	6	0.25	0.351			AT3G16280	0.192	0.154	0.066	-0.087	0.00224
2way	6	0.25	0.351			AT4G23550	-0.451	0.075	0.163	0.089	0.0024
2way	6	0.25	0.351			AT3G28910	0.993	0.104	0.035	-0.069	0.00243
2way	6	-0.764	0.813			AT3G11440	-0.123	0.047	0.165	0.119	0.00263
2way	6	0.25	0.351			AT5G13080	0.0	0.108	0.206	0.098	0.0031
2way	6	-0.764	0.813			AT5G45580	1.008	0.171	0.046	-0.125	0.00342
2way	6	0.25	0.351			AT1G77200	0.0	0.216	0.117	-0.099	0.00357
2way	6	0.25	0.351			AT5G18560	0.039	0.137	0.058	-0.079	0.00362
2way	6	0.25	0.351			AT4G17980	-0.567	0.124	0.222	0.097	0.00457
2way	6	0.25	0.351			AT1G28370	0.0	0.191	0.101	-0.09	0.00496
2way	6	0.25	0.351			AT2G44940	0.0	0.162	0.078	-0.084	0.00518
2way	6	0.25	0.351			AT4G18170	0.0	0.104	0.195	0.091	0.00561
2way	6	0.25	0.351			AT1G51700	-1.889	0.079	0.16	0.081	0.00589
2way	6	0.25	0.351			AT1G71450	0.024	0.295	0.187	-0.108	0.00614
2way	6	0.25	0.351			AT2G18380	-0.805	0.05	0.121	0.071	0.00616
2way	6	-0.764	0.813			AT3G50060	-1.659	0.047	0.156	0.109	0.00709
2way	6	0.25	0.351			AT5G47220	0.697	0.071	0.019	-0.051	0.00759
2way	6	0.25	0.351			AT5G63090	0.0	0.071	0.019	-0.051	0.00759
2way	6	-0.764	0.813			AT5G45300	0.456	0.171	0.055	-0.115	0.00781
2way	6	0.25	0.351			AT4G01680	0.988	0.145	0.07	-0.075	0.00844
2way	6	0.25	0.351			AT2G23320	-0.353	0.124	0.214	0.09	0.00872
2way	6	0.25	0.351			AT4G27950	0.023	0.083	0.027	-0.056	0.0089
2way	6	-0.764	0.813			AT2G40260	0.525	0.155	0.046	-0.109	0.00968
2way	6	0.25	0.351			AT3G01970	0.0	0.087	0.167	0.08	0.01
2way	6	-0.764	0.813			AT1G19000	0.204	0.132	0.037	-0.095	0.011
2way	6	0.25	0.351			AT1G68550	-0.186	0.207	0.121	-0.087	0.011
2way	6	0.25	0.351			AT1G44830	1.52	0.087	0.031	-0.056	0.012
2way	6	0.25	0.351			AT4G36740	0.467	0.22	0.132	-0.088	0.013
2way	6	0.25	0.351			AT5G51990	0.306	0.22	0.132	-0.088	0.013
2way	6	0.25	0.351			AT1G12630	0.0	0.224	0.136	-0.088	0.014
2way	6	0.25	0.351			AT3G15210	0.676	0.232	0.144	-0.088	0.015
2way	6	0.25	0.351			AT5G25830	-0.766	0.033	0.086	0.052	0.015
2way	6	-0.764	0.813			AT1G74650	1.309	0.171	0.064	-0.106	0.016
2way	6	0.25	0.351			AT5G56840	0.189	0.166	0.093	-0.073	0.016
2way	6	-0.764	0.813			AT3G12250	0.594	0.233	0.11	-0.122	0.017
2way	6	0.25	0.351			AT3G61250	0.635	0.071	0.023	-0.047	0.017
2way	6	0.25	0.351			AT4G25490	0.0	0.216	0.132	-0.083	0.017
2way	6	0.25	0.351			AT1G01250	0.0	0.041	0.008	-0.034	0.018
2way	6	0.25	0.351			AT5G65310	0.294	0.241	0.156	-0.085	0.018
2way	6	-0.764	0.813			AT3G46590	0.0	0.0	0.046	0.046	0.019
2way	6	-0.764	0.813			AT5G62000	-1.543	0.031	0.11	0.079	0.019
2way	6	0.25	0.351			AT2G02070	0.55	0.124	0.062	-0.062	0.02
2way	6	0.25	0.351			AT2G03500	0.418	0.124	0.062	-0.062	0.02
2way	6	0.25	0.351			AT1G69490	-0.608	0.062	0.125	0.062	0.021
2way	6	0.25	0.351			AT5G25190	0.0	0.228	0.144	-0.084	0.021
2way	6	0.25	0.351			AT1G55110	0.618	0.112	0.054	-0.058	0.022
2way	6	0.25	0.351			AT5G18450	0.0	0.129	0.066	-0.062	0.022
2way	6	0.25	0.351			AT5G41570	0.0	0.108	0.183	0.075	0.022
2way	6	0.25	0.351			AT4G25470	0.004	0.212	0.132	-0.079	0.023
2way	6	-0.764	0.813			AT1G69010	0.642	0.264	0.138	-0.126	0.024
2way	6	0.25	0.351			AT5G26170	0.0	0.112	0.187	0.075	0.024
2way	6	-0.764	0.813			AT5G06839	0.0	0.163	0.064	-0.099	0.025
2way	6	0.25	0.351			AT2G22430	0.008	0.133	0.07	-0.063	0.025
2way	6	0.25	0.351			AT4G24470	1.58	0.054	0.016	-0.038	0.025
2way	6	0.25	0.351			AT5G61600	0.0	0.054	0.016	-0.038	0.025
2way	6	0.25	0.351			AT4G01550	-0.453	0.1	0.171	0.072	0.026
2way	6	-0.764	0.813			AT5G10030	0.0	0.233	0.119	-0.113	0.028
2way	6	0.25	0.351			AT4G22070	0.0	0.087	0.152	0.065	0.028
2way	6	0.25	0.351			AT2G46130	0.0	0.017	0.054	0.038	0.029
2way	6	0.25	0.351			AT3G20310	0.116	0.228	0.152	-0.076	0.03
2way	6	0.25	0.351			AT5G02460	-0.373	0.129	0.202	0.074	0.03
2way	6	0.25	0.351			AT5G61620	0.235	0.141	0.078	-0.063	0.03
2way	6	0.25	0.351			AT3G50410	-0.158	0.079	0.14	0.061	0.032
2way	6	0.25	0.351			AT4G29230	-0.32	0.079	0.14	0.061	0.032
2way	6	0.25	0.351			AT5G52830	0.0	0.079	0.14	0.061	0.032
2way	6	-0.764	0.813			AT1G13260	0.518	0.047	0.0	-0.047	0.033
2way	6	0.25	0.351			AT4G16750	0.0	0.216	0.14	-0.076	0.034
2way	6	-0.764	0.813			AT4G00250	0.0	0.101	0.028	-0.073	0.035
2way	6	0.25	0.351			AT2G42430	1.255	0.149	0.086	-0.064	0.035
2way	6	0.25	0.351			AT1G29860	0.131	0.12	0.191	0.07	0.036
2way	6	-0.764	0.813			AT2G22540	-0.464	0.093	0.193	0.1	0.037
2way	6	-0.764	0.813			AT1G49010	0.33	0.155	0.064	-0.091	0.039
2way	6	-0.764	0.813			AT3G61150	0.824	0.124	0.046	-0.078	0.04
2way	6	0.25	0.351			AT3G26790	-1.121	0.029	0.07	0.041	0.041
2way	6	0.25	0.351			AT5G52660	0.637	0.137	0.078	-0.059	0.041
2way	6	0.25	0.351			AT4G32800	0.0	0.075	0.031	-0.044	0.042
2way	6	0.25	0.351			AT5G64060	-0.575	0.112	0.179	0.067	0.042
2way	6	-0.764	0.813			AT3G23220	-0.928	0.039	0.11	0.071	0.043
2way	6	-0.764	0.813			AT5G14340	0.0	0.0	0.037	0.037	0.043
2way	6	0.25	0.351			AT1G09540	0.0	0.183	0.117	-0.066	0.044
2way	6	-0.764	0.813			AT1G69780	0.0	0.14	0.055	-0.084	0.05
2way	6	-0.764	0.813			AT2G43000	0.674	0.14	0.055	-0.084	0.05
2way	6	-0.764	0.813			AT3G10800	0.0	0.132	0.055	-0.077	0.05
2way	6	-0.764	0.813			AT3G50700	-0.089	0.008	0.055	0.047	0.05
2way	6	-0.764	0.813			AT4G18170	0.231	0.132	0.055	-0.077	0.05
2way	6	0.25	0.351			AT5G09410	-0.426	0.071	0.125	0.054	0.05
2way	6	0.25	0.351			AT1G12610	0.155	0.108	0.058	-0.05	0.051
2way	6	0.25	0.351			AT1G03840	0.0	0.091	0.047	-0.045	0.052
2way	6	0.25	0.351			AT3G12130	-0.783	0.058	0.109	0.051	0.052
2way	6	0.25	0.351			AT4G25480	0.0	0.224	0.156	-0.068	0.053
2way	6	-0.764	0.813			AT3G06490	0.0	0.031	0.092	0.061	0.056
2way	6	-0.764	0.813			AT5G61600	0.0	0.031	0.092	0.061	0.056
2way	6	0.25	0.351			AT1G21910	0.0	0.033	0.008	-0.025	0.056
2way	6	-0.764	0.813			AT1G53170	-0.483	0.163	0.266	0.103	0.057
2way	6	-0.764	0.813			AT4G34590	0.0	0.093	0.028	-0.066	0.058
2way	6	0.25	0.351			AT1G25550	0.596	0.083	0.039	-0.044	0.058
2way	6	-0.764	0.813			AT5G61620	1.006	0.147	0.064	-0.083	0.059
2way	6	-0.764	0.813			AT5G65410	-1.118	0.07	0.147	0.077	0.059
2way	6	0.25	0.351			AT5G46350	0.0	0.05	0.097	0.047	0.059
2way	6	0.25	0.351			AT1G65620	0.0	0.025	0.004	-0.021	0.061
2way	6	-0.764	0.813			AT1G74840	0.0	0.116	0.046	-0.07	0.062
2way	6	0.25	0.351			AT1G08010	-0.461	0.041	0.086	0.044	0.066
2way	6	0.25	0.351			AT3G11280	0.904	0.046	0.016	-0.03	0.066
2way	6	0.25	0.351			AT1G62300	0.039	0.108	0.167	0.059	0.069
2way	6	-0.764	0.813			AT1G24250	0.0	0.07	0.018	-0.051	0.07
2way	6	-0.764	0.813			AT1G44830	0.0	0.039	0.101	0.062	0.07
2way	6	-0.764	0.813			AT1G68670	0.0	0.07	0.018	-0.051	0.07
2way	6	-0.764	0.813			AT3G28910	0.0	0.054	0.009	-0.045	0.073
2way	6	0.25	0.351			AT5G67190	0.0	0.203	0.14	-0.063	0.074
2way	6	-0.764	0.813			AT1G28160	0.0	0.116	0.202	0.086	0.075
2way	6	0.25	0.351			AT1G34370	-1.047	0.017	0.047	0.03	0.075
2way	6	0.25	0.351			AT1G02230	0.0	0.116	0.175	0.059	0.076
2way	6	0.25	0.351			AT5G47390	0.032	0.129	0.078	-0.051	0.076
2way	6	-0.764	0.813			AT2G42200	0.562	0.163	0.083	-0.08	0.078
2way	6	-0.764	0.813			AT4G01540	0.596	0.163	0.083	-0.08	0.078
2way	6	-0.764	0.813			AT5G03790	0.193	0.163	0.083	-0.08	0.078
2way	6	0.25	0.351			AT1G51220	0.508	0.133	0.082	-0.051	0.081
2way	6	0.25	0.351			AT1G75490	0.184	0.133	0.082	-0.051	0.081
2way	6	0.25	0.351			AT3G28920	-1.381	0.149	0.21	0.061	0.082
2way	6	-0.764	0.813			AT3G23250	-2.008	0.016	0.064	0.049	0.084
2way	6	0.25	0.351			AT1G28470	-0.311	0.133	0.191	0.058	0.089
2way	6	0.25	0.351			AT2G28810	-0.761	0.133	0.191	0.058	0.089
2way	6	0.25	0.351			AT3G42860	0.0	0.054	0.097	0.043	0.09
2way	6	0.25	0.351			AT5G03790	0.454	0.195	0.136	-0.059	0.09
2way	6	0.25	0.351			AT2G15740	-0.431	0.071	0.117	0.046	0.092
2way	6	-0.764	0.813			AT1G49560	0.003	0.109	0.046	-0.063	0.094
2way	6	-0.764	0.813			AT2G06200	0.918	0.085	0.028	-0.058	0.094
2way	6	-0.764	0.813			AT3G16280	0.0	0.109	0.046	-0.063	0.094
2way	6	-0.764	0.813			AT5G06960	0.0	0.109	0.046	-0.063	0.094
2way	6	-0.764	0.813			AT5G58900	0.0	0.109	0.046	-0.063	0.094
2way	6	-0.764	0.813			AT5G16600	0.0	0.0	0.028	0.028	0.095
2way	6	-0.764	0.813			AT1G77640	0.0	0.008	0.046	0.038	0.096
2way	6	-0.764	0.813			AT4G38620	0.0	0.008	0.046	0.038	0.096
2way	6	0.25	0.351			AT5G23930	0.0	0.17	0.117	-0.053	0.096
2way	6	-0.764	0.813			AT3G24120	0.222	0.178	0.101	-0.077	0.097
2way	6	0.25	0.351			AT1G20910	-0.615	0.058	0.101	0.043	0.098
2way	6	-0.764	0.813			AT3G53200	-0.638	0.078	0.147	0.069	0.099
2way	6	-0.764	0.813			AT4G37260	0.0	0.078	0.147	0.069	0.099
2way	6	0.25	0.351			AT1G08320	-1.088	0.145	0.202	0.057	0.099
2way	6	-0.764	0.813			AT1G75490	0.0	0.054	0.119	0.065	0.1
2way	6	-0.764	0.813			AT2G32460	0.0	0.054	0.119	0.065	0.1
2way	6	-0.764	0.813			AT4G25490	0.0	0.147	0.073	-0.074	0.1
2way	6	0.25	0.351			AT1G68670	0.0	0.054	0.023	-0.031	0.1
2way	6	0.25	0.351			AT5G24110	0.0	0.095	0.144	0.049	0.101
2way	6	0.25	0.351			AT2G45420	0.0	0.178	0.125	-0.054	0.104
2way	6	0.25	0.351			AT5G62470	0.0	0.083	0.047	-0.036	0.104
2way	6	-0.764	0.813			AT2G04038	0.28	0.194	0.11	-0.084	0.105
2way	6	0.25	0.351			AT1G02250	0.0	0.1	0.148	0.048	0.106
2way	6	0.25	0.351			AT1G14687	-0.31	0.1	0.148	0.048	0.106
2way	6	0.25	0.351			AT5G08520	0.09	0.129	0.082	-0.047	0.106
2way	6	-0.764	0.813			AT3G15210	-0.267	0.163	0.248	0.085	0.109
2way	6	0.25	0.351			AT5G63260	0.0	0.129	0.183	0.054	0.109
2way	6	0.25	0.351			AT3G21890	0.0	0.104	0.156	0.052	0.11
2way	6	-0.764	0.813			AT1G33240	0.302	0.155	0.083	-0.072	0.112
2way	6	0.25	0.351			AT1G52150	0.244	0.133	0.086	-0.047	0.112
2way	6	0.25	0.351			AT2G38880	0.0	0.012	0.0	-0.012	0.113
2way	6	-0.764	0.813			AT2G42430	-0.763	0.062	0.128	0.066	0.114
2way	6	-0.764	0.813			AT4G26640	0.0	0.062	0.018	-0.044	0.114
2way	6	-0.764	0.813			AT5G22500	0.0	0.062	0.018	-0.044	0.114
2way	6	0.25	0.351			AT1G12260	1.158	0.158	0.109	-0.049	0.114
2way	6	0.25	0.351			AT2G33710	0.0	0.158	0.109	-0.049	0.114
2way	6	-0.764	0.813			AT2G38340	-0.43	0.093	0.165	0.072	0.117
2way	6	0.25	0.351			AT3G47500	-0.401	0.087	0.132	0.045	0.117
2way	6	-0.764	0.813			AT1G51700	0.0	0.093	0.037	-0.056	0.118
2way	6	-0.764	0.813			AT2G35530	0.0	0.264	0.174	-0.089	0.118
2way	6	0.25	0.351			AT5G65130	0.0	0.091	0.054	-0.037	0.122
2way	6	-0.764	0.813			AT5G08520	0.0	0.163	0.092	-0.071	0.124
2way	6	0.25	0.351			AT1G23810	0.0	0.0	0.016	0.016	0.124
2way	6	0.25	0.351			AT5G38860	0.0	0.0	0.016	0.016	0.124
2way	6	0.25	0.351			AT2G02080	0.0	0.116	0.074	-0.042	0.125
2way	6	0.25	0.351			AT2G02540	0.0	0.203	0.148	-0.055	0.125
2way	6	-0.764	0.813			AT5G67190	0.0	0.101	0.174	0.074	0.127
2way	6	-0.764	0.813			AT5G67300	0.811	0.031	0.0	-0.031	0.127
2way	6	0.25	0.351			AT1G33240	0.335	0.17	0.121	-0.05	0.127
2way	6	0.25	0.351			AT5G11260	0.477	0.207	0.152	-0.056	0.128
2way	6	0.25	0.351			AT5G22990	-0.506	0.12	0.171	0.051	0.128
2way	6	-0.764	0.813			AT4G18770	0.351	0.132	0.064	-0.068	0.129
2way	6	-0.764	0.813			AT4G25470	0.125	0.124	0.064	-0.06	0.13
2way	6	-0.764	0.813			AT5G11260	0.0	0.217	0.138	-0.079	0.13
2way	6	0.25	0.351			AT2G03340	0.0	0.029	0.058	0.029	0.13
2way	6	0.25	0.351			AT1G69690	0.084	0.033	0.012	-0.022	0.131
2way	6	0.25	0.351			AT1G72010	0.73	0.079	0.043	-0.036	0.131
2way	6	0.25	0.351			AT3G27010	0.0	0.033	0.012	-0.022	0.131
2way	6	-0.764	0.813			AT1G34180	0.587	0.171	0.101	-0.07	0.135
2way	6	0.25	0.351			AT4G01280	0.0	0.149	0.101	-0.048	0.135
2way	6	0.25	0.351			AT4G31060	-1.062	0.178	0.128	-0.05	0.135
2way	6	-0.764	0.813			AT3G62420	0.0	0.225	0.147	-0.078	0.138
2way	6	0.25	0.351			AT1G30490	0.0	0.124	0.082	-0.043	0.139
2way	6	0.25	0.351			AT4G32730	0.294	0.216	0.163	-0.052	0.139
2way	6	0.25	0.351			AT1G19040	-1.178	0.021	0.047	0.026	0.14
2way	6	0.25	0.351			AT2G23340	-0.156	0.149	0.105	-0.044	0.141
2way	6	-0.764	0.813			AT5G18450	0.0	0.078	0.138	0.06	0.143
2way	6	0.25	0.351			AT5G07680	-0.003	0.012	0.035	0.023	0.144
2way	6	-0.764	0.813			AT1G08010	0.0	0.016	0.055	0.04	0.147
2way	6	-0.764	0.813			AT3G57600	0.0	0.016	0.055	0.04	0.147
2way	6	-0.764	0.813			AT5G13790	0.0	0.016	0.055	0.04	0.147
2way	6	0.25	0.351			AT3G50260	0.0	0.228	0.175	-0.053	0.147
2way	6	-0.764	0.813			AT1G25550	0.0	0.078	0.028	-0.05	0.15
2way	6	-0.764	0.813			AT1G36060	-0.094	0.054	0.11	0.056	0.15
2way	6	-0.764	0.813			AT4G36780	0.0	0.248	0.165	-0.083	0.15
2way	6	-0.764	0.813			AT5G62380	-1.937	0.054	0.11	0.056	0.15
2way	6	0.25	0.351			AT1G77640	0.182	0.05	0.023	-0.026	0.15
2way	6	0.25	0.351			AT5G03150	0.0	0.05	0.023	-0.026	0.15
2way	6	-0.764	0.813			AT1G25580	-0.19	0.031	0.073	0.042	0.151
2way	6	0.25	0.351			AT5G67580	-0.087	0.05	0.086	0.036	0.154
2way	6	-0.764	0.813			AT1G28370	0.0	0.124	0.193	0.069	0.155
2way	6	0.25	0.351			AT1G29280	0.0	0.149	0.198	0.049	0.158
2way	6	0.25	0.351			AT2G46590	0.0	0.12	0.167	0.047	0.161
2way	6	-0.764	0.813			AT3G12730	0.0	0.109	0.055	-0.053	0.164
2way	6	-0.764	0.813			AT3G44480	0.282	0.109	0.055	-0.053	0.164
2way	6	-0.764	0.813			AT4G00730	0.0	0.109	0.055	-0.053	0.164
2way	6	0.25	0.351			AT1G63030	0.0	0.025	0.008	-0.017	0.164
2way	6	0.25	0.351			AT2G45680	0.0	0.025	0.008	-0.017	0.164
2way	6	0.25	0.351			AT3G57230	0.0	0.025	0.008	-0.017	0.164
2way	6	0.25	0.351			AT3G20770	0.0	0.071	0.039	-0.032	0.165
2way	6	0.25	0.351			AT4G28500	0.0	0.124	0.171	0.047	0.166
2way	6	-0.764	0.813			AT2G01930	-0.522	0.062	0.119	0.057	0.168
2way	6	-0.764	0.813			AT5G65130	0.0	0.062	0.119	0.057	0.168
2way	6	-0.764	0.813			AT5G23930	0.0	0.14	0.211	0.071	0.169
2way	6	0.25	0.351			AT5G66700	0.0	0.22	0.171	-0.049	0.176
2way	6	0.25	0.351			AT2G17950	-0.404	0.017	0.039	0.022	0.177
2way	6	0.25	0.351			AT4G31550	0.0	0.017	0.039	0.022	0.177
2way	6	0.25	0.351			AT1G80840	0.0	0.008	0.027	0.019	0.178
2way	6	0.25	0.351			AT5G07100	0.0	0.008	0.027	0.019	0.178
2way	6	0.25	0.351			AT3G60580	0.645	0.075	0.043	-0.032	0.179
2way	6	0.25	0.351			AT5G02840	0.0	0.075	0.043	-0.032	0.179
2way	6	0.25	0.351			AT5G44210	0.0	0.075	0.043	-0.032	0.179
2way	6	-0.764	0.813			AT3G26790	0.4	0.085	0.037	-0.049	0.18
2way	6	0.25	0.351			AT4G37180	0.06	0.12	0.082	-0.039	0.18
2way	6	-0.764	0.813			AT1G13400	0.0	0.008	0.037	0.029	0.182
2way	6	-0.764	0.813			AT1G69690	0.0	0.008	0.037	0.029	0.182
2way	6	-0.764	0.813			AT2G45650	0.0	0.008	0.037	0.029	0.182
2way	6	-0.764	0.813			AT3G24050	0.0	0.008	0.037	0.029	0.182
2way	6	0.25	0.351			AT1G74650	-0.368	0.187	0.14	-0.047	0.182
2way	6	0.25	0.351			AT5G45580	0.313	0.149	0.109	-0.04	0.183
2way	6	-0.764	0.813			AT1G26960	0.228	0.116	0.064	-0.052	0.185
2way	6	-0.764	0.813			AT1G75080	0.0	0.054	0.018	-0.036	0.185
2way	6	-0.764	0.813			AT2G38470	0.0	0.116	0.064	-0.052	0.185
2way	6	-0.764	0.813			AT3G45610	0.0	0.116	0.064	-0.052	0.185
2way	6	-0.764	0.813			AT5G41570	0.0	0.163	0.101	-0.062	0.185
2way	6	-0.764	0.813			AT5G47390	0.0	0.116	0.064	-0.052	0.185
2way	6	-0.764	0.813			AT5G65210	-0.722	0.163	0.101	-0.062	0.185
2way	6	-0.764	0.813			AT5G65310	0.0	0.163	0.101	-0.062	0.185
2way	6	0.25	0.351			AT2G38340	-0.057	0.191	0.144	-0.047	0.186
2way	6	0.25	0.351			AT1G18330	0.0	0.124	0.086	-0.039	0.187
2way	6	0.25	0.351			AT1G14580	0.0	0.041	0.019	-0.022	0.192
2way	6	0.25	0.351			AT2G30340	0.0	0.129	0.089	-0.039	0.194
2way	6	0.25	0.351			AT3G12720	0.0	0.129	0.089	-0.039	0.194
2way	6	0.25	0.351			AT3G49530	-0.411	0.116	0.16	0.043	0.194
2way	6	0.25	0.351			AT4G26030	0.0	0.158	0.117	-0.041	0.194
2way	6	0.25	0.351			AT5G13180	-0.874	0.116	0.16	0.043	0.194
2way	6	0.25	0.351			AT1G22810	0.0	0.162	0.121	-0.041	0.199
2way	6	0.25	0.351			AT3G11020	-0.27	0.133	0.093	-0.039	0.201
2way	6	0.25	0.351			AT4G14770	0.0	0.133	0.093	-0.039	0.201
2way	6	-0.764	0.813			AT1G02230	0.445	0.132	0.073	-0.058	0.202
2way	6	-0.764	0.813			AT5G26170	0.0	0.132	0.073	-0.058	0.202
2way	6	-0.764	0.813			AT5G51990	0.0	0.132	0.073	-0.058	0.202
2way	6	-0.764	0.813			AT1G75240	0.0	0.078	0.128	0.051	0.204
2way	6	-0.764	0.813			AT2G45410	0.0	0.078	0.128	0.051	0.204
2way	6	-0.764	0.813			AT1G47655	0.229	0.093	0.046	-0.047	0.209
2way	6	-0.764	0.813			AT1G65620	0.0	0.0	0.018	0.018	0.209
2way	6	-0.764	0.813			AT3G51080	0.0	0.0	0.018	0.018	0.209
2way	6	-0.764	0.813			AT4G37790	0.0	0.0	0.018	0.018	0.209
2way	6	-0.764	0.813			AT5G10140	0.0	0.0	0.018	0.018	0.209
2way	6	-0.764	0.813			AT5G38860	0.0	0.0	0.018	0.018	0.209
2way	6	0.25	0.351			AT3G51470	0.0	0.029	0.012	-0.017	0.209
2way	6	0.25	0.351			AT1G70920	0.322	0.141	0.101	-0.04	0.215
2way	6	0.25	0.351			AT1G76420	-0.359	0.1	0.136	0.037	0.215
2way	6	0.25	0.351			AT4G10350	0.594	0.141	0.101	-0.04	0.215
2way	6	0.25	0.351			AT5G62940	0.0	0.1	0.136	0.037	0.215
2way	6	-0.764	0.813			AT4G27950	0.0	0.085	0.138	0.052	0.216
2way	6	0.25	0.351			AT4G01250	0.0	0.075	0.109	0.034	0.216
2way	6	-0.764	0.813			AT1G12630	0.415	0.14	0.083	-0.057	0.219
2way	6	-0.764	0.813			AT3G04030	0.0	0.14	0.083	-0.057	0.219
2way	6	0.25	0.351			AT5G04390	0.676	0.083	0.054	-0.029	0.219
2way	6	0.25	0.351			AT5G46590	-0.077	0.054	0.086	0.032	0.219
2way	6	0.25	0.351			AT5G47230	0.0	0.046	0.023	-0.022	0.219
2way	6	0.25	0.351			AT1G36060	0.0	0.112	0.078	-0.034	0.221
2way	6	0.25	0.351			AT1G26960	0.0	0.104	0.14	0.036	0.222
2way	6	0.25	0.351			AT1G53170	-0.818	0.228	0.183	-0.045	0.223
2way	6	0.25	0.351			AT5G66940	0.0	0.141	0.183	0.042	0.226
2way	6	0.25	0.351			AT1G78700	0.437	0.187	0.144	-0.043	0.227
2way	6	0.25	0.351			AT1G01720	-0.444	0.108	0.148	0.04	0.228
2way	6	0.25	0.351			AT4G00730	-0.468	0.108	0.148	0.04	0.228
2way	6	-0.764	0.813			AT1G68550	0.0	0.147	0.211	0.064	0.233
2way	6	-0.764	0.813			AT5G07100	0.0	0.062	0.028	-0.034	0.234
2way	6	-0.764	0.813			AT5G22990	0.0	0.147	0.092	-0.056	0.234
2way	6	0.25	0.351			AT3G09230	0.0	0.008	0.0	-0.008	0.234
2way	6	0.25	0.351			AT4G38910	0.0	0.008	0.0	-0.008	0.234
2way	6	0.25	0.351			AT5G25390	0.0	0.008	0.0	-0.008	0.234
2way	6	0.25	0.351			AT3G09600	0.0	0.154	0.117	-0.037	0.24
2way	6	-0.764	0.813			AT3G11020	0.0	0.062	0.11	0.048	0.242
2way	6	-0.764	0.813			AT5G18560	0.0	0.062	0.11	0.048	0.242
2way	6	0.25	0.351			AT1G76890	0.0	0.158	0.121	-0.037	0.245
2way	6	0.25	0.351			AT5G14340	0.0	0.033	0.016	-0.018	0.248
2way	6	0.25	0.351			AT5G18090	0.0	0.0	0.012	0.012	0.249
2way	6	-0.764	0.813			AT3G18400	0.647	0.155	0.101	-0.054	0.25
2way	6	-0.764	0.813			AT1G22070	0.0	0.023	0.0	-0.023	0.252
2way	6	-0.764	0.813			AT1G80840	0.0	0.023	0.0	-0.023	0.252
2way	6	-0.764	0.813			AT5G22890	0.0	0.023	0.0	-0.023	0.252
2way	6	-0.764	0.813			AT5G39820	0.0	0.023	0.0	-0.023	0.252
2way	6	0.25	0.351			AT1G30650	0.834	0.124	0.163	0.039	0.252
2way	6	0.25	0.351			AT2G44840	0.0	0.129	0.093	-0.035	0.253
2way	6	-0.764	0.813			AT1G78700	0.0	0.233	0.165	-0.067	0.256
2way	6	-0.764	0.813			AT3G03200	-0.28	0.07	0.119	0.049	0.261
2way	6	0.25	0.351			AT3G21175	0.0	0.054	0.031	-0.023	0.265
2way	6	-0.764	0.813			AT4G06746	0.0	0.039	0.073	0.035	0.266
2way	6	0.25	0.351			AT5G65210	0.0	0.137	0.175	0.038	0.268
2way	6	0.25	0.351			AT1G72360	0.0	0.021	0.008	-0.013	0.272
2way	6	0.25	0.351			AT3G57600	0.0	0.021	0.008	-0.013	0.272
2way	6	0.25	0.351			AT5G10140	0.0	0.021	0.008	-0.013	0.272
2way	6	0.25	0.351			AT3G04030	0.0	0.141	0.105	-0.036	0.274
2way	6	-0.764	0.813			AT1G77200	0.0	0.124	0.073	-0.051	0.28
2way	6	-0.764	0.813			AT2G03500	0.0	0.124	0.073	-0.051	0.28
2way	6	-0.764	0.813			AT4G36740	0.0	0.124	0.073	-0.051	0.28
2way	6	0.25	0.351			AT1G79180	0.0	0.108	0.078	-0.03	0.28
2way	6	0.25	0.351			AT2G06200	-0.051	0.033	0.054	0.021	0.281
2way	6	-0.764	0.813			AT3G60490	0.0	0.116	0.073	-0.043	0.282
2way	6	0.25	0.351			AT5G67450	0.0	0.037	0.019	-0.018	0.283
2way	6	-0.764	0.813			AT2G44840	0.0	0.132	0.183	0.052	0.287
2way	6	0.25	0.351			AT1G49560	0.0	0.116	0.086	-0.031	0.297
2way	6	-0.764	0.813			AT1G09540	0.76	0.132	0.083	-0.049	0.298
2way	6	-0.764	0.813			AT1G69570	0.0	0.132	0.083	-0.049	0.298
2way	6	-0.764	0.813			AT1G71696	0.0	0.132	0.083	-0.049	0.298
2way	6	-0.764	0.813			AT3G55370	0.0	0.132	0.083	-0.049	0.298
2way	6	0.25	0.351			AT5G08330	0.0	0.083	0.058	-0.025	0.298
2way	6	-0.764	0.813			AT5G05550	0.0	0.147	0.202	0.055	0.303
2way	6	0.25	0.351			AT1G50640	-0.114	0.158	0.125	-0.033	0.304
2way	6	0.25	0.351			AT1G71696	0.454	0.12	0.089	-0.031	0.305
2way	6	-0.764	0.813			AT2G01818	-0.367	0.023	0.055	0.032	0.308
2way	6	-0.764	0.813			AT3G12820	0.0	0.023	0.055	0.032	0.308
2way	6	-0.764	0.813			AT3G45150	0.0	0.023	0.055	0.032	0.308
2way	6	-0.764	0.813			AT5G15830	0.0	0.202	0.147	-0.055	0.308
2way	6	-0.764	0.813			AT5G47230	0.0	0.023	0.055	0.032	0.308
2way	6	0.25	0.351			AT4G00250	0.0	0.087	0.062	-0.025	0.309
2way	6	-0.764	0.813			AT2G45420	-0.014	0.093	0.138	0.045	0.31
2way	6	0.25	0.351			AT1G19210	-0.066	0.216	0.179	-0.037	0.312
2way	6	0.25	0.351			AT1G18570	0.0	0.041	0.023	-0.018	0.313
2way	6	-0.764	0.813			AT2G24430	0.0	0.14	0.092	-0.048	0.314
2way	6	-0.764	0.813			AT5G56840	0.0	0.14	0.092	-0.048	0.314
2way	6	-0.764	0.813			AT1G19790	0.0	0.054	0.092	0.037	0.317
2way	6	-0.764	0.813			AT5G06100	0.0	0.054	0.092	0.037	0.317
2way	6	0.25	0.351			AT2G24430	-0.195	0.095	0.125	0.029	0.32
2way	6	0.25	0.351			AT3G10113	0.0	0.091	0.066	-0.025	0.32
2way	6	0.25	0.351			AT1G69180	0.0	0.129	0.097	-0.031	0.321
2way	6	0.25	0.351			AT3G30210	0.0	0.066	0.043	-0.024	0.322
2way	6	0.25	0.351			AT2G45650	0.0	0.025	0.012	-0.013	0.326
2way	6	0.25	0.351			AT3G45150	0.0	0.025	0.012	-0.013	0.326
2way	6	0.25	0.351			AT5G13910	0.0	0.025	0.012	-0.013	0.326
2way	6	0.25	0.351			AT5G44160	0.0	0.025	0.012	-0.013	0.326
2way	6	-0.764	0.813			AT5G25190	0.0	0.171	0.229	0.059	0.327
2way	6	-0.764	0.813			AT1G76420	0.0	0.147	0.101	-0.046	0.33
2way	6	-0.764	0.813			AT3G42860	0.0	0.093	0.055	-0.038	0.33
2way	6	-0.764	0.813			AT4G05100	0.0	0.093	0.055	-0.038	0.33
2way	6	-0.764	0.813			AT1G22810	-0.008	0.109	0.156	0.047	0.335
2way	6	-0.764	0.813			AT1G32150	0.0	0.233	0.174	-0.058	0.335
2way	6	-0.764	0.813			AT3G60530	0.0	0.008	0.028	0.02	0.335
2way	6	-0.764	0.813			AT4G01280	0.0	0.109	0.156	0.047	0.335
2way	6	-0.764	0.813			AT4G16750	0.0	0.109	0.156	0.047	0.335
2way	6	-0.764	0.813			AT5G13910	0.0	0.008	0.028	0.02	0.335
2way	6	-0.764	0.813			AT5G43840	0.0	0.008	0.028	0.02	0.335
2way	6	-0.764	0.813			AT5G44160	0.0	0.008	0.028	0.02	0.335
2way	6	0.25	0.351			AT3G24050	0.0	0.046	0.066	0.021	0.338
2way	6	0.25	0.351			AT3G50700	0.0	0.046	0.027	-0.018	0.339
2way	6	0.25	0.351			AT2G26960	0.0	0.1	0.074	-0.026	0.34
2way	6	0.25	0.351			AT2G33810	-0.434	0.012	0.027	0.015	0.341
2way	6	0.25	0.351			AT2G41690	0.0	0.012	0.027	0.015	0.341
2way	6	0.25	0.351			AT4G01720	0.0	0.012	0.027	0.015	0.341
2way	6	0.25	0.351			AT3G26620	0.0	0.075	0.101	0.026	0.344
2way	6	-0.764	0.813			AT3G20310	0.0	0.194	0.248	0.054	0.347
2way	6	0.25	0.351			AT1G01060	0.0	0.141	0.113	-0.028	0.349
2way	6	0.25	0.351			AT1G49010	0.187	0.104	0.078	-0.026	0.35
2way	6	-0.764	0.813			AT3G25990	0.0	0.031	0.064	0.033	0.353
2way	6	0.25	0.351			AT5G10280	0.0	0.075	0.051	-0.024	0.354
2way	6	0.25	0.351			AT3G50060	0.0	0.145	0.117	-0.028	0.355
2way	6	0.25	0.351			AT1G76870	0.0	0.012	0.004	-0.009	0.358
2way	6	0.25	0.351			AT3G22780	0.0	0.012	0.004	-0.009	0.358
2way	6	0.25	0.351			AT3G61120	0.0	0.012	0.004	-0.009	0.358
2way	6	-0.764	0.813			AT5G13080	0.0	0.163	0.119	-0.044	0.359
2way	6	-0.764	0.813			AT2G46770	0.0	0.07	0.11	0.04	0.36
2way	6	0.25	0.351			AT1G32870	0.0	0.12	0.152	0.031	0.361
2way	6	0.25	0.351			AT3G27785	1.056	0.112	0.086	-0.026	0.367
2way	6	0.25	0.351			AT3G23250	0.0	0.029	0.016	-0.013	0.37
2way	6	0.25	0.351			AT5G14960	0.741	0.029	0.016	-0.013	0.37
2way	6	0.25	0.351			AT3G10500	-0.018	0.133	0.163	0.031	0.378
2way	6	-0.764	0.813			AT2G41690	0.0	0.031	0.009	-0.022	0.379
2way	6	-0.764	0.813			AT3G10113	0.0	0.078	0.119	0.042	0.379
2way	6	0.25	0.351			AT3G12820	0.0	0.079	0.058	-0.02	0.38
2way	6	0.25	0.351			AT2G47070	-0.173	0.091	0.117	0.025	0.382
2way	6	-0.764	0.813			AT3G56850	0.0	0.194	0.147	-0.047	0.391
2way	6	-0.764	0.813			AT4G29230	0.0	0.039	0.064	0.025	0.391
2way	6	0.25	0.351			AT3G12730	0.063	0.124	0.097	-0.027	0.391
2way	6	0.25	0.351			AT4G36780	0.0	0.174	0.144	-0.03	0.391
2way	6	-0.764	0.813			AT2G46130	0.0	0.07	0.037	-0.033	0.392
2way	6	-0.764	0.813			AT3G10030	0.0	0.07	0.037	-0.033	0.392
2way	6	0.25	0.351			AT4G06746	0.0	0.083	0.062	-0.021	0.392
2way	6	0.25	0.351			AT3G01220	-0.527	0.178	0.148	-0.031	0.396
2way	6	-0.764	0.813			AT1G14687	0.0	0.124	0.083	-0.041	0.397
2way	6	-0.764	0.813			AT1G25340	0.0	0.085	0.119	0.034	0.397
2way	6	-0.764	0.813			AT1G64620	0.0	0.124	0.083	-0.041	0.397
2way	6	-0.764	0.813			AT2G40740	0.0	0.124	0.083	-0.041	0.397
2way	6	-0.764	0.813			AT4G38000	0.0	0.124	0.083	-0.041	0.397
2way	6	-0.764	0.813			AT2G02820	0.0	0.163	0.211	0.048	0.403
2way	6	0.25	0.351			AT1G34670	0.0	0.187	0.156	-0.031	0.405
2way	6	0.25	0.351			AT5G15830	0.0	0.187	0.156	-0.031	0.405
2way	6	0.25	0.351			AT5G47370	0.0	0.133	0.105	-0.028	0.405
2way	6	0.25	0.351			AT1G75080	0.0	0.033	0.019	-0.014	0.406
2way	6	0.25	0.351			AT3G58630	0.0	0.033	0.019	-0.014	0.406
2way	6	-0.764	0.813			AT1G68320	0.0	0.093	0.128	0.035	0.41
2way	6	-0.764	0.813			AT2G23340	0.0	0.093	0.128	0.035	0.41
2way	6	-0.764	0.813			AT3G08500	0.0	0.093	0.128	0.035	0.41
2way	6	-0.764	0.813			AT2G36270	0.0	0.209	0.165	-0.044	0.411
2way	6	-0.764	0.813			AT5G13180	0.0	0.132	0.092	-0.04	0.413
2way	6	-0.764	0.813			AT5G39610	0.0	0.132	0.092	-0.04	0.413
2way	6	0.25	0.351			AT1G03800	-0.031	0.195	0.163	-0.032	0.413
2way	6	-0.764	0.813			AT3G51470	0.0	0.016	0.037	0.021	0.417
2way	6	-0.764	0.813			AT3G57230	0.0	0.016	0.037	0.021	0.417
2way	6	-0.764	0.813			AT5G25390	0.0	0.016	0.037	0.021	0.417
2way	6	-0.764	0.813			AT5G25830	0.0	0.016	0.037	0.021	0.417
2way	6	-0.764	0.813			AT5G47220	0.0	0.047	0.073	0.027	0.418
2way	6	-0.764	0.813			AT5G63090	0.0	0.047	0.073	0.027	0.418
2way	6	0.25	0.351			AT3G53200	-0.261	0.112	0.14	0.028	0.419
2way	6	0.25	0.351			AT3G06490	0.0	0.062	0.043	-0.019	0.421
2way	6	0.25	0.351			AT3G60530	0.0	0.021	0.035	0.014	0.421
2way	6	0.25	0.351			AT1G74480	0.71	0.095	0.074	-0.022	0.423
2way	6	-0.764	0.813			AT2G02070	0.0	0.078	0.046	-0.032	0.425
2way	6	0.25	0.351			AT3G24520	0.321	0.141	0.117	-0.024	0.425
2way	6	0.25	0.351			AT5G62320	0.0	0.145	0.121	-0.025	0.431
2way	6	-0.764	0.813			AT4G38170	-0.216	0.109	0.147	0.038	0.435
2way	6	0.25	0.351			AT5G62380	0.0	0.149	0.125	-0.025	0.436
2way	6	0.25	0.351			AT5G29000	0.0	0.104	0.082	-0.022	0.44
2way	6	-0.764	0.813			AT1G79180	0.0	0.054	0.083	0.028	0.442
2way	6	0.25	0.351			AT1G34190	0.0	0.129	0.156	0.027	0.442
2way	6	0.25	0.351			AT2G15660	0.0	0.008	0.019	0.011	0.452
2way	6	-0.764	0.813			AT1G20910	0.0	0.085	0.055	-0.03	0.453
2way	6	0.25	0.351			AT1G65910	-0.087	0.137	0.163	0.026	0.453
2way	6	0.25	0.351			AT3G61150	0.0	0.137	0.163	0.026	0.453
2way	6	-0.764	0.813			AT1G32870	0.0	0.155	0.119	-0.036	0.457
2way	6	-0.764	0.813			AT5G04410	0.0	0.155	0.119	-0.036	0.457
2way	6	-0.764	0.813			AT5G64750	0.389	0.155	0.119	-0.036	0.457
2way	6	-0.764	0.813			AT1G30210	0.0	0.0	0.009	0.009	0.458
2way	6	-0.764	0.813			AT1G43700	0.0	0.0	0.009	0.009	0.458
2way	6	-0.764	0.813			AT1G60920	0.0	0.0	0.009	0.009	0.458
2way	6	-0.764	0.813			AT1G63040	0.0	0.0	0.009	0.009	0.458
2way	6	-0.764	0.813			AT1G76870	0.0	0.0	0.009	0.009	0.458
2way	6	-0.764	0.813			AT2G17410	0.0	0.0	0.009	0.009	0.458
2way	6	-0.764	0.813			AT3G07220	0.0	0.0	0.009	0.009	0.458
2way	6	-0.764	0.813			AT3G46070	0.0	0.0	0.009	0.009	0.458
2way	6	-0.764	0.813			AT3G61120	0.0	0.0	0.009	0.009	0.458
2way	6	0.25	0.351			AT2G02820	0.0	0.17	0.144	-0.026	0.46
2way	6	0.25	0.351			AT3G23210	0.0	0.041	0.027	-0.014	0.462
2way	6	0.25	0.351			AT1G64620	0.0	0.145	0.171	0.026	0.463
2way	6	0.25	0.351			AT1G19000	0.0	0.116	0.093	-0.023	0.464
2way	6	-0.764	0.813			AT2G18160	0.0	0.163	0.128	-0.034	0.47
2way	6	0.25	0.351			AT1G25340	0.0	0.095	0.117	0.021	0.47
2way	6	-0.764	0.813			AT2G33810	0.0	0.023	0.046	0.023	0.475
2way	6	0.25	0.351			AT3G13810	0.0	0.075	0.058	-0.016	0.477
2way	6	-0.764	0.813			AT4G11660	0.313	0.093	0.064	-0.029	0.478
2way	6	-0.764	0.813			AT4G22070	0.0	0.093	0.064	-0.029	0.478
2way	6	-0.764	0.813			AT5G17300	-0.341	0.14	0.174	0.035	0.478
2way	6	0.25	0.351			AT1G32150	0.0	0.191	0.163	-0.027	0.481
2way	6	0.25	0.351			AT3G13040	0.0	0.004	0.0	-0.004	0.484
2way	6	0.25	0.351			AT4G24240	0.0	0.004	0.0	-0.004	0.484
2way	6	0.25	0.351			AT5G42820	0.0	0.004	0.0	-0.004	0.484
2way	6	0.25	0.351			AT5G67000	0.0	0.004	0.0	-0.004	0.484
2way	6	-0.764	0.813			AT1G34190	0.0	0.147	0.183	0.036	0.485
2way	6	0.25	0.351			AT1G32240	0.032	0.046	0.031	-0.015	0.485
2way	6	0.25	0.351			AT2G01940	0.0	0.129	0.105	-0.024	0.485
2way	6	0.25	0.351			AT3G18990	0.0	0.129	0.105	-0.024	0.485
2way	6	0.25	0.351			AT3G23240	0.0	0.079	0.062	-0.017	0.488
2way	6	0.25	0.351			AT1G13300	0.0	0.021	0.012	-0.009	0.492
2way	6	0.25	0.351			AT3G20840	0.0	0.021	0.012	-0.009	0.492
2way	6	0.25	0.351			AT5G08750	0.0	0.021	0.012	-0.009	0.492
2way	6	-0.764	0.813			AT3G50260	0.0	0.155	0.193	0.038	0.493
2way	6	0.25	0.351			AT2G42200	0.509	0.137	0.113	-0.024	0.497
2way	6	-0.764	0.813			AT3G27785	0.0	0.101	0.073	-0.027	0.5
2way	6	-0.764	0.813			AT3G49530	0.252	0.101	0.073	-0.027	0.5
2way	6	-0.764	0.813			AT5G47370	0.0	0.101	0.073	-0.027	0.5
2way	6	-0.764	0.813			AT5G63260	0.0	0.101	0.073	-0.027	0.5
2way	6	0.25	0.351			AT1G32510	0.0	0.0	0.008	0.008	0.5
2way	6	0.25	0.351			AT2G17410	0.0	0.0	0.008	0.008	0.5
2way	6	0.25	0.351			AT2G21900	0.0	0.0	0.008	0.008	0.5
2way	6	0.25	0.351			AT2G39900	0.0	0.0	0.008	0.008	0.5
2way	6	0.25	0.351			AT2G46400	0.0	0.0	0.008	0.008	0.5
2way	6	0.25	0.351			AT3G07220	0.0	0.0	0.008	0.008	0.5
2way	6	0.25	0.351			AT3G49930	0.0	0.0	0.008	0.008	0.5
2way	6	0.25	0.351			AT4G30080	0.0	0.0	0.008	0.008	0.5
2way	6	0.25	0.351			AT4G36620	0.0	0.0	0.008	0.008	0.5
2way	6	-0.764	0.813			AT1G72740	0.0	0.078	0.11	0.033	0.501
2way	6	-0.764	0.813			AT1G74370	0.0	0.016	0.0	-0.016	0.501
2way	6	-0.764	0.813			AT3G02150	0.0	0.016	0.0	-0.016	0.501
2way	6	-0.764	0.813			AT3G17730	0.0	0.078	0.11	0.033	0.501
2way	6	-0.764	0.813			AT4G27900	0.0	0.016	0.0	-0.016	0.501
2way	6	-0.764	0.813			AT4G28110	0.0	0.016	0.0	-0.016	0.501
2way	6	-0.764	0.813			AT4G30080	0.0	0.016	0.0	-0.016	0.501
2way	6	-0.764	0.813			AT5G38800	0.0	0.016	0.0	-0.016	0.501
2way	6	-0.764	0.813			AT5G42820	0.0	0.016	0.0	-0.016	0.501
2way	6	0.25	0.351			AT2G23290	0.0	0.137	0.117	-0.02	0.504
2way	6	0.25	0.351			AT2G01060	0.0	0.087	0.07	-0.017	0.508
2way	6	-0.764	0.813			AT2G30590	0.0	0.047	0.028	-0.019	0.514
2way	6	-0.764	0.813			AT5G65510	0.504	0.047	0.028	-0.019	0.514
2way	6	-0.764	0.813			AT2G30250	0.0	0.116	0.083	-0.034	0.518
2way	6	-0.764	0.813			AT5G05790	0.0	0.116	0.083	-0.034	0.518
2way	6	-0.764	0.813			AT2G28810	0.0	0.109	0.083	-0.026	0.52
2way	6	-0.764	0.813			AT2G31230	0.0	0.186	0.22	0.034	0.522
2way	6	0.25	0.351			AT5G17300	0.0	0.154	0.132	-0.021	0.523
2way	6	-0.764	0.813			AT2G02540	-0.045	0.093	0.119	0.026	0.532
2way	6	-0.764	0.813			AT1G51220	0.0	0.124	0.092	-0.032	0.533
2way	6	-0.764	0.813			AT2G46590	0.0	0.124	0.092	-0.032	0.533
2way	6	-0.764	0.813			AT3G02940	0.0	0.124	0.092	-0.032	0.533
2way	6	-0.764	0.813			AT4G25480	0.0	0.124	0.092	-0.032	0.533
2way	6	0.25	0.351			AT3G03200	-0.654	0.141	0.163	0.022	0.534
2way	6	0.25	0.351			AT5G59990	0.0	0.025	0.016	-0.009	0.534
2way	6	0.25	0.351			AT1G53230	0.0	0.058	0.043	-0.015	0.539
2way	6	0.25	0.351			AT4G05100	0.0	0.104	0.086	-0.018	0.541
2way	6	-0.764	0.813			AT2G23290	0.005	0.101	0.128	0.028	0.543
2way	6	0.25	0.351			AT5G60850	0.0	0.149	0.171	0.022	0.543
2way	6	0.25	0.351			AT4G38000	0.358	0.174	0.152	-0.023	0.544
2way	6	-0.764	0.813			AT1G62300	0.0	0.132	0.101	-0.031	0.547
2way	6	0.25	0.351			AT3G62420	0.175	0.178	0.156	-0.023	0.548
2way	6	0.25	0.351			AT3G55370	0.584	0.183	0.16	-0.023	0.552
2way	6	-0.764	0.813			AT1G50640	0.0	0.109	0.138	0.029	0.553
2way	6	-0.764	0.813			AT2G33710	0.0	0.109	0.138	0.029	0.553
2way	6	0.25	0.351			AT5G06960	0.0	0.091	0.109	0.018	0.553
2way	6	-0.764	0.813			AT3G60580	0.344	0.062	0.037	-0.025	0.554
2way	6	0.25	0.351			AT5G54230	-0.071	0.191	0.167	-0.024	0.559
2way	6	-0.764	0.813			AT1G01720	-0.369	0.14	0.11	-0.029	0.56
2way	6	-0.764	0.813			AT5G29000	0.0	0.14	0.11	-0.029	0.56
2way	6	0.25	0.351			AT1G52880	0.0	0.095	0.113	0.017	0.56
2way	6	0.25	0.351			AT4G01500	0.0	0.029	0.019	-0.01	0.566
2way	6	0.25	0.351			AT5G47660	-0.043	0.12	0.101	-0.019	0.568
2way	6	-0.764	0.813			AT3G10480	0.0	0.147	0.119	-0.028	0.572
2way	6	-0.764	0.813			AT4G17980	0.0	0.147	0.119	-0.028	0.572
2way	6	-0.764	0.813			AT5G56110	0.303	0.147	0.119	-0.028	0.572
2way	6	-0.764	0.813			AT5G58850	0.0	0.147	0.119	-0.028	0.572
2way	6	-0.764	0.813			AT4G34410	0.0	0.124	0.156	0.032	0.573
2way	6	0.25	0.351			AT2G18350	0.0	0.104	0.121	0.017	0.573
2way	6	0.25	0.351			AT5G39610	0.0	0.108	0.125	0.017	0.579
2way	6	-0.764	0.813			AT1G03840	0.0	0.07	0.046	-0.024	0.583
2way	6	-0.764	0.813			AT5G18270	0.0	0.155	0.128	-0.027	0.583
2way	6	-0.764	0.813			AT5G53950	0.0	0.07	0.046	-0.024	0.583
2way	6	0.25	0.351			AT4G37260	0.309	0.133	0.113	-0.02	0.585
2way	6	0.25	0.351			AT1G20980	0.072	0.071	0.058	-0.012	0.589
2way	6	0.25	0.351			AT1G69570	-0.024	0.116	0.136	0.02	0.59
2way	6	0.25	0.351			AT5G18270	0.0	0.116	0.136	0.02	0.59
2way	6	-0.764	0.813			AT3G09600	0.0	0.14	0.165	0.026	0.592
2way	6	0.25	0.351			AT1G66370	0.0	0.033	0.023	-0.01	0.593
2way	6	0.25	0.351			AT3G47600	0.0	0.033	0.023	-0.01	0.593
2way	6	0.25	0.351			AT4G38620	0.0	0.033	0.023	-0.01	0.593
2way	6	-0.764	0.813			AT1G10720	0.0	0.008	0.018	0.011	0.594
2way	6	-0.764	0.813			AT1G27360	0.0	0.008	0.018	0.011	0.594
2way	6	-0.764	0.813			AT1G66370	0.0	0.008	0.018	0.011	0.594
2way	6	-0.764	0.813			AT1G55110	0.0	0.054	0.073	0.019	0.6
2way	6	-0.764	0.813			AT3G20770	0.0	0.054	0.073	0.019	0.6
2way	6	0.25	0.351			AT2G22540	-0.091	0.124	0.144	0.019	0.6
2way	6	-0.764	0.813			AT2G44940	0.0	0.078	0.055	-0.022	0.607
2way	6	-0.764	0.813			AT5G09410	0.0	0.078	0.055	-0.022	0.607
2way	6	0.25	0.351			AT1G54330	1.415	0.154	0.136	-0.017	0.612
2way	6	0.25	0.351			AT1G27360	0.157	0.008	0.004	-0.004	0.613
2way	6	0.25	0.351			AT2G17900	0.0	0.008	0.004	-0.004	0.613
2way	6	0.25	0.351			AT2G41835	0.0	0.008	0.004	-0.004	0.613
2way	6	0.25	0.351			AT3G12910	0.0	0.008	0.004	-0.004	0.613
2way	6	0.25	0.351			AT5G48670	0.0	0.008	0.004	-0.004	0.613
2way	6	0.25	0.351			AT5G64750	0.0	0.158	0.14	-0.018	0.615
2way	6	-0.764	0.813			AT5G66730	0.0	0.062	0.083	0.021	0.617
2way	6	0.25	0.351			AT5G06839	0.0	0.145	0.163	0.018	0.621
2way	6	0.25	0.351			AT1G79580	0.492	0.166	0.148	-0.018	0.623
2way	6	0.25	0.351			AT5G66300	0.0	0.087	0.074	-0.013	0.623
2way	6	0.25	0.351			AT1G51600	0.0	0.004	0.012	0.008	0.624
2way	6	0.25	0.351			AT3G02990	0.0	0.004	0.012	0.008	0.624
2way	6	-0.764	0.813			AT1G13300	0.0	0.023	0.009	-0.014	0.627
2way	6	-0.764	0.813			AT1G18960	0.0	0.023	0.009	-0.014	0.627
2way	6	-0.764	0.813			AT2G24570	0.0	0.023	0.009	-0.014	0.627
2way	6	-0.764	0.813			AT3G04070	0.0	0.023	0.009	-0.014	0.627
2way	6	-0.764	0.813			AT3G20840	0.0	0.023	0.009	-0.014	0.627
2way	6	-0.764	0.813			AT4G01720	0.0	0.023	0.009	-0.014	0.627
2way	6	-0.764	0.813			AT4G14410	0.0	0.023	0.009	-0.014	0.627
2way	6	-0.764	0.813			AT4G17785	1.516	0.023	0.009	-0.014	0.627
2way	6	-0.764	0.813			AT4G32800	0.0	0.023	0.009	-0.014	0.627
2way	6	0.25	0.351			AT5G04410	0.0	0.154	0.171	0.018	0.628
2way	6	0.25	0.351			AT1G69010	-0.179	0.174	0.156	-0.019	0.629
2way	6	0.25	0.351			AT5G58900	0.0	0.091	0.078	-0.013	0.631
2way	6	-0.764	0.813			AT1G12260	0.0	0.07	0.092	0.022	0.633
2way	6	0.25	0.351			AT1G22070	0.0	0.041	0.031	-0.01	0.634
2way	6	-0.764	0.813			AT4G37180	-0.48	0.093	0.073	-0.02	0.645
2way	6	-0.764	0.813			AT5G62320	0.0	0.093	0.073	-0.02	0.645
2way	6	0.25	0.351			AT2G32460	0.0	0.104	0.089	-0.014	0.65
2way	6	0.25	0.351			AT1G06180	0.0	0.108	0.093	-0.014	0.655
2way	6	0.25	0.351			AT5G60130	-0.291	0.095	0.109	0.014	0.659
2way	6	0.25	0.351			AT3G25990	-0.212	0.037	0.047	0.009	0.66
2way	6	-0.764	0.813			AT1G69490	0.0	0.101	0.083	-0.018	0.661
2way	6	-0.764	0.813			AT4G10350	0.0	0.101	0.083	-0.018	0.661
2way	6	-0.764	0.813			AT1G72360	0.0	0.016	0.028	0.012	0.663
2way	6	-0.764	0.813			AT5G07680	0.0	0.016	0.028	0.012	0.663
2way	6	-0.764	0.813			AT5G10280	0.0	0.016	0.028	0.012	0.663
2way	6	0.25	0.351			AT5G13790	-0.025	0.05	0.039	-0.011	0.664
2way	6	-0.764	0.813			AT1G52880	0.0	0.116	0.092	-0.025	0.672
2way	6	-0.764	0.813			AT2G20400	0.0	0.116	0.092	-0.025	0.672
2way	6	-0.764	0.813			AT2G30340	0.0	0.116	0.092	-0.025	0.672
2way	6	-0.764	0.813			AT3G22830	0.26	0.116	0.092	-0.025	0.672
2way	6	-0.764	0.813			AT5G66940	0.0	0.116	0.092	-0.025	0.672
2way	6	0.25	0.351			AT1G76110	0.0	0.041	0.051	0.009	0.674
2way	6	0.25	0.351			AT4G27900	0.0	0.012	0.008	-0.005	0.677
2way	6	0.25	0.351			AT5G16600	0.0	0.012	0.008	-0.005	0.677
2way	6	-0.764	0.813			AT1G76890	0.0	0.124	0.101	-0.023	0.683
2way	6	0.25	0.351			AT2G42590	0.0	0.008	0.016	0.007	0.687
2way	6	0.25	0.351			AT5G52170	0.0	0.008	0.016	0.007	0.687
2way	6	0.25	0.351			AT1G19790	0.084	0.058	0.047	-0.011	0.688
2way	6	0.25	0.351			AT3G11440	0.0	0.133	0.121	-0.012	0.688
2way	6	-0.764	0.813			AT3G24520	0.0	0.109	0.128	0.02	0.689
2way	6	-0.764	0.813			AT1G53230	0.0	0.031	0.018	-0.013	0.69
2way	6	-0.764	0.813			AT2G03340	0.0	0.031	0.018	-0.013	0.69
2way	6	-0.764	0.813			AT5G59990	0.0	0.031	0.018	-0.013	0.69
2way	6	-0.764	0.813			AT1G30650	0.0	0.132	0.11	-0.022	0.693
2way	6	-0.764	0.813			AT5G16820	0.0	0.132	0.11	-0.022	0.693
2way	6	0.25	0.351			AT2G46770	0.0	0.141	0.128	-0.013	0.695
2way	6	0.25	0.351			AT3G01530	0.0	0.129	0.144	0.015	0.696
2way	6	-0.764	0.813			AT2G23320	0.0	0.14	0.119	-0.02	0.702
2way	6	-0.764	0.813			AT3G01530	0.0	0.124	0.147	0.023	0.704
2way	6	0.25	0.351			AT1G16490	0.0	0.154	0.14	-0.013	0.705
2way	6	-0.764	0.813			AT1G14580	0.0	0.023	0.037	0.013	0.706
2way	6	-0.764	0.813			AT1G21910	0.0	0.023	0.037	0.013	0.706
2way	6	0.25	0.351			AT5G58850	-0.509	0.141	0.156	0.015	0.706
2way	6	0.25	0.351			AT3G24120	0.0	0.158	0.144	-0.014	0.708
2way	6	-0.764	0.813			AT1G16490	0.0	0.147	0.128	-0.019	0.71
2way	6	0.25	0.351			AT3G56850	0.0	0.166	0.152	-0.014	0.713
2way	6	0.25	0.351			AT1G75240	0.284	0.17	0.156	-0.014	0.716
2way	6	0.25	0.351			AT2G35530	-0.234	0.17	0.156	-0.014	0.716
2way	6	0.25	0.351			AT5G53950	0.0	0.058	0.066	0.008	0.716
2way	6	0.25	0.351			AT1G76880	0.0	0.017	0.012	-0.005	0.717
2way	6	0.25	0.351			AT4G18450	0.0	0.017	0.012	-0.005	0.717
2way	6	-0.764	0.813			AT4G32730	0.0	0.147	0.165	0.018	0.723
2way	6	0.25	0.351			AT3G22830	0.0	0.071	0.062	-0.008	0.723
2way	6	0.25	0.351			AT3G51080	0.0	0.012	0.019	0.007	0.725
2way	6	0.25	0.351			AT4G04450	0.0	0.012	0.019	0.007	0.725
2way	6	-0.764	0.813			AT2G18380	0.0	0.039	0.028	-0.011	0.73
2way	6	-0.764	0.813			AT3G58630	0.0	0.039	0.028	-0.011	0.73
2way	6	-0.764	0.813			AT3G61250	0.0	0.039	0.028	-0.011	0.73
2way	6	-0.764	0.813			AT4G24470	0.0	0.039	0.028	-0.011	0.73
2way	6	-0.764	0.813			AT5G67450	0.0	0.039	0.028	-0.011	0.73
2way	6	0.25	0.351			AT1G24250	0.0	0.079	0.07	-0.009	0.735
2way	6	-0.764	0.813			AT1G06850	0.0	0.031	0.046	0.015	0.736
2way	6	-0.764	0.813			AT1G71450	0.0	0.171	0.193	0.022	0.736
2way	6	0.25	0.351			AT1G06280	-0.042	0.207	0.195	-0.013	0.738
2way	6	0.25	0.351			AT1G04880	-0.177	0.075	0.086	0.011	0.742
2way	6	0.25	0.351			AT3G02150	0.0	0.021	0.016	-0.005	0.745
2way	6	0.25	0.351			AT3G13350	0.0	0.021	0.016	-0.005	0.745
2way	6	0.25	0.351			AT4G18890	0.0	0.021	0.016	-0.005	0.745
2way	6	0.25	0.351			AT1G74840	0.0	0.087	0.078	-0.009	0.746
2way	6	-0.764	0.813			AT1G03800	0.0	0.202	0.22	0.019	0.751
2way	6	0.25	0.351			AT2G20400	-0.456	0.083	0.093	0.01	0.753
2way	6	0.25	0.351			AT3G04070	0.0	0.017	0.023	0.007	0.753
2way	6	-0.764	0.813			AT1G75390	0.0	0.039	0.055	0.016	0.758
2way	6	-0.764	0.813			AT4G18890	0.0	0.047	0.037	-0.01	0.758
2way	6	-0.764	0.813			AT5G46590	0.0	0.047	0.037	-0.01	0.758
2way	6	0.25	0.351			AT2G38300	0.0	0.025	0.019	-0.005	0.766
2way	6	0.25	0.351			AT5G67300	0.0	0.025	0.019	-0.005	0.766
2way	6	0.25	0.351			AT1G47655	0.0	0.095	0.105	0.01	0.767
2way	6	0.25	0.351			AT2G01930	0.159	0.112	0.101	-0.011	0.772
2way	6	0.25	0.351			AT5G50570	0.0	0.021	0.027	0.006	0.773
2way	6	0.25	0.351			AT2G46680	0.0	0.116	0.105	-0.011	0.775
2way	6	-0.764	0.813			AT1G04880	0.0	0.047	0.055	0.009	0.776
2way	6	-0.764	0.813			AT1G27730	0.0	0.062	0.046	-0.016	0.776
2way	6	-0.764	0.813			AT1G72010	0.0	0.047	0.055	0.009	0.776
2way	6	-0.764	0.813			AT1G74480	0.0	0.062	0.046	-0.016	0.776
2way	6	-0.764	0.813			AT5G62470	0.0	0.062	0.046	-0.016	0.776
2way	6	0.25	0.351			AT3G08500	-0.314	0.12	0.109	-0.011	0.778
2way	6	0.25	0.351			AT1G06850	0.292	0.124	0.113	-0.012	0.782
2way	6	0.25	0.351			AT2G31230	-0.345	0.124	0.113	-0.012	0.782
2way	6	-0.764	0.813			AT4G28500	0.0	0.054	0.064	0.01	0.788
2way	6	-0.764	0.813			AT5G44210	0.0	0.054	0.064	0.01	0.788
2way	6	-0.764	0.813			AT5G47660	0.0	0.054	0.064	0.01	0.788
2way	6	-0.764	0.813			AT5G66300	0.0	0.054	0.064	0.01	0.788
2way	6	0.25	0.351			AT1G75390	0.0	0.025	0.031	0.006	0.789
2way	6	0.25	0.351			AT2G01818	0.0	0.025	0.031	0.006	0.789
2way	6	0.25	0.351			AT5G08130	0.0	0.025	0.031	0.006	0.789
2way	6	0.25	0.351			AT5G06100	-0.506	0.133	0.125	-0.008	0.79
2way	6	-0.764	0.813			AT5G02840	0.0	0.07	0.055	-0.015	0.791
2way	6	0.25	0.351			AT2G18060	0.0	0.137	0.128	-0.009	0.793
2way	6	-0.764	0.813			AT1G70920	0.0	0.062	0.073	0.011	0.798
2way	6	-0.764	0.813			AT2G01060	0.0	0.062	0.073	0.011	0.798
2way	6	-0.764	0.813			AT2G22430	0.0	0.062	0.073	0.011	0.798
2way	6	-0.764	0.813			AT3G13810	0.0	0.062	0.073	0.011	0.798
2way	6	0.25	0.351			AT3G10480	0.0	0.145	0.156	0.01	0.802
2way	6	0.25	0.351			AT3G45610	0.224	0.145	0.156	0.01	0.802
2way	6	-0.764	0.813			AT1G20980	0.0	0.078	0.064	-0.013	0.803
2way	6	-0.764	0.813			AT2G15740	0.0	0.078	0.064	-0.013	0.803
2way	6	0.25	0.351			AT3G17730	0.0	0.149	0.16	0.01	0.805
2way	6	-0.764	0.813			AT1G28470	0.0	0.07	0.083	0.013	0.807
2way	6	-0.764	0.813			AT1G34370	0.0	0.07	0.083	0.013	0.807
2way	6	-0.764	0.813			AT1G34670	0.0	0.07	0.083	0.013	0.807
2way	6	-0.764	0.813			AT2G18060	0.0	0.07	0.083	0.013	0.807
2way	6	0.25	0.351			AT2G28920	-0.006	0.037	0.031	-0.006	0.807
2way	6	0.25	0.351			AT3G15270	0.0	0.166	0.175	0.009	0.812
2way	6	-0.764	0.813			AT1G65910	0.0	0.085	0.073	-0.012	0.813
2way	6	-0.764	0.813			AT3G18990	-0.062	0.085	0.073	-0.012	0.813
2way	6	-0.764	0.813			AT1G06180	0.0	0.078	0.092	0.014	0.816
2way	6	-0.764	0.813			AT5G04390	-0.074	0.078	0.092	0.014	0.816
2way	6	-0.764	0.813			AT1G29860	0.0	0.093	0.083	-0.01	0.822
2way	6	0.25	0.351			AT4G01540	0.876	0.191	0.202	0.011	0.822
2way	6	0.25	0.351			AT5G56110	-0.083	0.199	0.191	-0.009	0.822
2way	6	-0.764	0.813			AT3G01970	0.0	0.085	0.101	0.016	0.823
2way	6	0.25	0.351			AT3G01470	0.0	0.046	0.039	-0.007	0.824
2way	6	0.25	0.351			AT3G02940	0.0	0.207	0.198	-0.009	0.824
2way	6	-0.764	0.813			AT2G33550	0.0	0.109	0.092	-0.017	0.829
2way	6	-0.764	0.813			AT4G01680	0.0	0.109	0.092	-0.017	0.829
2way	6	-0.764	0.813			AT4G26030	0.0	0.109	0.092	-0.017	0.829
2way	6	-0.764	0.813			AT2G18350	0.0	0.101	0.092	-0.009	0.83
2way	6	-0.764	0.813			AT3G09735	0.0	0.101	0.092	-0.009	0.83
2way	6	0.25	0.351			AT4G17785	0.0	0.05	0.043	-0.007	0.832
2way	6	-0.764	0.813			AT3G01220	0.0	0.116	0.101	-0.015	0.835
2way	6	-0.764	0.813			AT5G52830	0.0	0.116	0.101	-0.015	0.835
2way	6	-0.764	0.813			AT5G66700	0.0	0.116	0.101	-0.015	0.835
2way	6	0.25	0.351			AT4G11660	0.0	0.046	0.051	0.005	0.837
2way	6	-0.764	0.813			AT3G23240	0.0	0.109	0.119	0.011	0.839
2way	6	-0.764	0.813			AT1G18330	0.0	0.124	0.11	-0.014	0.841
2way	6	-0.764	0.813			AT1G69180	0.0	0.124	0.11	-0.014	0.841
2way	6	-0.764	0.813			AT2G47070	0.0	0.124	0.11	-0.014	0.841
2way	6	-0.764	0.813			AT3G04060	0.0	0.124	0.11	-0.014	0.841
2way	6	-0.764	0.813			AT3G10500	0.0	0.124	0.11	-0.014	0.841
2way	6	0.25	0.351			AT5G65510	0.0	0.054	0.058	0.004	0.849
2way	6	-0.764	0.813			AT3G10580	0.0	0.14	0.128	-0.011	0.851
2way	6	-0.764	0.813			AT5G02460	0.0	0.14	0.128	-0.011	0.851
2way	6	0.25	0.351			AT1G27730	0.0	0.066	0.062	-0.004	0.857
2way	6	-0.764	0.813			AT1G01060	0.0	0.147	0.156	0.009	0.858
2way	6	0.25	0.351			AT3G10030	0.0	0.066	0.074	0.008	0.861
2way	6	0.25	0.351			AT1G45249	0.0	0.075	0.07	-0.005	0.864
2way	6	0.25	0.351			AT3G15170	0.0	0.071	0.078	0.007	0.865
2way	6	0.25	0.351			AT3G09735	0.0	0.075	0.082	0.007	0.868
2way	6	-0.764	0.813			AT1G19210	0.097	0.194	0.183	-0.01	0.869
2way	6	0.25	0.351			AT1G72740	0.0	0.079	0.086	0.007	0.871
2way	6	0.25	0.351			AT5G62000	-0.228	0.083	0.089	0.007	0.874
2way	6	0.25	0.351			AT3G06740	0.0	0.087	0.093	0.006	0.876
2way	6	0.25	0.351			AT3G10800	0.0	0.095	0.089	-0.006	0.877
2way	6	0.25	0.351			AT2G40260	0.0	0.104	0.097	-0.006	0.882
2way	6	0.25	0.351			AT5G45300	-0.21	0.108	0.101	-0.007	0.884
2way	6	0.25	0.351			AT3G10580	-0.438	0.104	0.109	0.005	0.885
2way	6	0.25	0.351			AT3G44480	1.074	0.116	0.109	-0.007	0.887
2way	6	0.25	0.351			AT4G38170	-0.375	0.133	0.14	0.007	0.896
2way	6	0.25	0.351			AT1G69780	-0.259	0.145	0.152	0.007	0.9
2way	6	0.25	0.351			AT2G45410	-1.012	0.145	0.152	0.007	0.9
2way	6	0.25	0.351			AT1G34180	0.012	0.154	0.16	0.006	0.902
2way	6	0.25	0.351			AT5G65410	1.091	0.154	0.16	0.006	0.902
2way	6	0.25	0.351			AT2G43000	-0.029	0.174	0.167	-0.007	0.905
2way	6	0.25	0.351			AT3G12250	0.272	0.174	0.179	0.005	0.907
2way	6	0.25	0.351			AT3G52440	0.226	0.178	0.183	0.004	0.908
2way	6	0.25	0.351			AT2G36270	0.0	0.191	0.187	-0.004	0.909
2way	6	0.25	0.351			AT5G10030	0.15	0.199	0.195	-0.005	0.911
2way	6	-0.764	0.813			AT1G01250	0.0	0.008	0.0	-0.008	1.0
2way	6	-0.764	0.813			AT1G02250	-0.122	0.101	0.101	0.0	1.0
2way	6	-0.764	0.813			AT1G06280	0.068	0.178	0.183	0.005	1.0
2way	6	-0.764	0.813			AT1G12610	0.0	0.054	0.055	0.001	1.0
2way	6	-0.764	0.813			AT1G17950	0.0	0.0	0.0	-0.0	1.0
2way	6	-0.764	0.813			AT1G18570	0.0	0.039	0.037	-0.002	1.0
2way	6	-0.764	0.813			AT1G19040	0.0	0.054	0.046	-0.008	1.0
2way	6	-0.764	0.813			AT1G23810	0.0	0.008	0.009	0.001	1.0
2way	6	-0.764	0.813			AT1G29280	-0.299	0.124	0.128	0.004	1.0
2way	6	-0.764	0.813			AT1G30490	0.0	0.078	0.083	0.005	1.0
2way	6	-0.764	0.813			AT1G32240	0.0	0.016	0.018	0.003	1.0
2way	6	-0.764	0.813			AT1G32510	0.0	0.008	0.0	-0.008	1.0
2way	6	-0.764	0.813			AT1G45249	0.0	0.116	0.11	-0.006	1.0
2way	6	-0.764	0.813			AT1G46264	0.0	0.008	0.0	-0.008	1.0
2way	6	-0.764	0.813			AT1G47870	0.0	0.0	0.0	-0.0	1.0
2way	6	-0.764	0.813			AT1G51600	0.0	0.008	0.0	-0.008	1.0
2way	6	-0.764	0.813			AT1G52150	0.0	0.047	0.046	-0.001	1.0
2way	6	-0.764	0.813			AT1G54330	0.0	0.093	0.101	0.008	1.0
2way	6	-0.764	0.813			AT1G63030	0.0	0.008	0.009	0.001	1.0
2way	6	-0.764	0.813			AT1G66420	0.0	0.0	0.0	-0.0	1.0
2way	6	-0.764	0.813			AT1G67260	0.0	0.008	0.0	-0.008	1.0
2way	6	-0.764	0.813			AT1G69560	0.0	0.016	0.009	-0.006	1.0
2way	6	-0.764	0.813			AT1G70910	0.0	0.0	0.0	-0.0	1.0
2way	6	-0.764	0.813			AT1G73730	0.0	0.0	0.0	-0.0	1.0
2way	6	-0.764	0.813			AT1G76110	0.0	0.062	0.055	-0.007	1.0
2way	6	-0.764	0.813			AT1G76880	0.0	0.016	0.009	-0.006	1.0
2way	6	-0.764	0.813			AT1G79580	0.0	0.093	0.092	-0.001	1.0
2way	6	-0.764	0.813			AT2G01940	0.0	0.085	0.083	-0.003	1.0
2way	6	-0.764	0.813			AT2G02080	0.0	0.062	0.055	-0.007	1.0
2way	6	-0.764	0.813			AT2G15660	0.0	0.008	0.009	0.001	1.0
2way	6	-0.764	0.813			AT2G17900	0.0	0.0	0.0	-0.0	1.0
2way	6	-0.764	0.813			AT2G17950	0.0	0.023	0.018	-0.005	1.0
2way	6	-0.764	0.813			AT2G20110	0.0	0.101	0.101	0.0	1.0
2way	6	-0.764	0.813			AT2G21900	0.0	0.0	0.0	-0.0	1.0
2way	6	-0.764	0.813			AT2G26960	0.0	0.054	0.055	0.001	1.0
2way	6	-0.764	0.813			AT2G28920	0.0	0.039	0.037	-0.002	1.0
2way	6	-0.764	0.813			AT2G31460	0.0	0.008	0.0	-0.008	1.0
2way	6	-0.764	0.813			AT2G35700	0.0	0.116	0.11	-0.006	1.0
2way	6	-0.764	0.813			AT2G38090	0.0	0.0	0.0	-0.0	1.0
2way	6	-0.764	0.813			AT2G38300	0.0	0.016	0.009	-0.006	1.0
2way	6	-0.764	0.813			AT2G38880	0.0	0.008	0.0	-0.008	1.0
2way	6	-0.764	0.813			AT2G39900	0.0	0.0	0.0	-0.0	1.0
2way	6	-0.764	0.813			AT2G41835	0.0	0.0	0.0	-0.0	1.0
2way	6	-0.764	0.813			AT2G42590	0.0	0.008	0.009	0.001	1.0
2way	6	-0.764	0.813			AT2G45680	0.0	0.016	0.009	-0.006	1.0
2way	6	-0.764	0.813			AT2G46400	0.0	0.008	0.0	-0.008	1.0
2way	6	-0.764	0.813			AT2G46680	0.0	0.085	0.092	0.006	1.0
2way	6	-0.764	0.813			AT2G48100	0.0	0.0	0.0	-0.0	1.0
2way	6	-0.764	0.813			AT3G01470	0.0	0.023	0.018	-0.005	1.0
2way	6	-0.764	0.813			AT3G02990	0.0	0.016	0.009	-0.006	1.0
2way	6	-0.764	0.813			AT3G03660	0.0	0.0	0.0	-0.0	1.0
2way	6	-0.764	0.813			AT3G06740	0.0	0.078	0.073	-0.004	1.0
2way	6	-0.764	0.813			AT3G09230	0.0	0.008	0.0	-0.008	1.0
2way	6	-0.764	0.813			AT3G11280	0.0	0.039	0.037	-0.002	1.0
2way	6	-0.764	0.813			AT3G12130	0.0	0.07	0.064	-0.006	1.0
2way	6	-0.764	0.813			AT3G12720	0.0	0.101	0.101	0.0	1.0
2way	6	-0.764	0.813			AT3G12910	0.0	0.008	0.0	-0.008	1.0
2way	6	-0.764	0.813			AT3G13040	0.0	0.008	0.009	0.001	1.0
2way	6	-0.764	0.813			AT3G13350	0.0	0.008	0.009	0.001	1.0
2way	6	-0.764	0.813			AT3G15170	0.0	0.039	0.046	0.007	1.0
2way	6	-0.764	0.813			AT3G15270	0.0	0.155	0.147	-0.008	1.0
2way	6	-0.764	0.813			AT3G21175	0.0	0.031	0.037	0.006	1.0
2way	6	-0.764	0.813			AT3G21890	0.0	0.047	0.046	-0.001	1.0
2way	6	-0.764	0.813			AT3G22780	0.0	0.0	0.0	-0.0	1.0
2way	6	-0.764	0.813			AT3G23210	0.0	0.062	0.064	0.002	1.0
2way	6	-0.764	0.813			AT3G26620	0.0	0.062	0.055	-0.007	1.0
2way	6	-0.764	0.813			AT3G27010	0.0	0.023	0.028	0.004	1.0
2way	6	-0.764	0.813			AT3G28920	0.0	0.093	0.092	-0.001	1.0
2way	6	-0.764	0.813			AT3G30210	0.0	0.054	0.055	0.001	1.0
2way	6	-0.764	0.813			AT3G30530	0.0	0.023	0.018	-0.005	1.0
2way	6	-0.764	0.813			AT3G45170	0.0	0.0	0.0	-0.0	1.0
2way	6	-0.764	0.813			AT3G47500	0.0	0.093	0.092	-0.001	1.0
2way	6	-0.764	0.813			AT3G47600	0.0	0.016	0.018	0.003	1.0
2way	6	-0.764	0.813			AT3G47620	0.0	0.0	0.0	-0.0	1.0
2way	6	-0.764	0.813			AT3G48160	0.0	0.008	0.0	-0.008	1.0
2way	6	-0.764	0.813			AT3G49930	0.0	0.0	0.0	-0.0	1.0
2way	6	-0.764	0.813			AT3G50410	0.0	0.054	0.046	-0.008	1.0
2way	6	-0.764	0.813			AT3G52440	0.0	0.101	0.101	0.0	1.0
2way	6	-0.764	0.813			AT3G57920	0.0	0.085	0.083	-0.003	1.0
2way	6	-0.764	0.813			AT4G01250	0.0	0.093	0.092	-0.001	1.0
2way	6	-0.764	0.813			AT4G01500	0.0	0.047	0.046	-0.001	1.0
2way	6	-0.764	0.813			AT4G01550	0.0	0.078	0.083	0.005	1.0
2way	6	-0.764	0.813			AT4G04450	0.0	0.016	0.018	0.003	1.0
2way	6	-0.764	0.813			AT4G12670	0.0	0.0	0.0	-0.0	1.0
2way	6	-0.764	0.813			AT4G14770	0.0	0.093	0.101	0.008	1.0
2way	6	-0.764	0.813			AT4G17460	0.0	0.008	0.0	-0.008	1.0
2way	6	-0.764	0.813			AT4G18450	0.0	0.023	0.028	0.004	1.0
2way	6	-0.764	0.813			AT4G23550	0.0	0.101	0.101	0.0	1.0
2way	6	-0.764	0.813			AT4G24020	0.0	0.016	0.018	0.003	1.0
2way	6	-0.764	0.813			AT4G24240	0.0	0.0	0.0	-0.0	1.0
2way	6	-0.764	0.813			AT4G28140	0.0	0.023	0.018	-0.005	1.0
2way	6	-0.764	0.813			AT4G31060	0.0	0.124	0.128	0.004	1.0
2way	6	-0.764	0.813			AT4G31550	0.0	0.047	0.046	-0.001	1.0
2way	6	-0.764	0.813			AT4G31800	0.0	0.155	0.156	0.001	1.0
2way	6	-0.764	0.813			AT4G36160	0.0	0.132	0.138	0.006	1.0
2way	6	-0.764	0.813			AT4G36620	0.0	0.008	0.0	-0.008	1.0
2way	6	-0.764	0.813			AT4G38910	0.0	0.008	0.0	-0.008	1.0
2way	6	-0.764	0.813			AT5G03150	0.0	0.031	0.028	-0.003	1.0
2way	6	-0.764	0.813			AT5G06950	0.0	0.178	0.174	-0.004	1.0
2way	6	-0.764	0.813			AT5G08070	0.0	0.0	0.0	-0.0	1.0
2way	6	-0.764	0.813			AT5G08130	0.0	0.031	0.037	0.006	1.0
2way	6	-0.764	0.813			AT5G08330	0.0	0.062	0.064	0.002	1.0
2way	6	-0.764	0.813			AT5G08750	0.0	0.023	0.018	-0.005	1.0
2way	6	-0.764	0.813			AT5G10510	0.0	0.016	0.009	-0.006	1.0
2way	6	-0.764	0.813			AT5G14960	0.0	0.008	0.009	0.001	1.0
2way	6	-0.764	0.813			AT5G17800	0.0	0.085	0.083	-0.003	1.0
2way	6	-0.764	0.813			AT5G18090	0.0	0.008	0.009	0.001	1.0
2way	6	-0.764	0.813			AT5G24110	0.0	0.109	0.101	-0.008	1.0
2way	6	-0.764	0.813			AT5G25475	0.0	0.016	0.009	-0.006	1.0
2way	6	-0.764	0.813			AT5G40330	0.0	0.008	0.009	0.001	1.0
2way	6	-0.764	0.813			AT5G42520	0.0	0.0	0.0	-0.0	1.0
2way	6	-0.764	0.813			AT5G46350	0.0	0.07	0.064	-0.006	1.0
2way	6	-0.764	0.813			AT5G48670	0.0	0.0	0.0	-0.0	1.0
2way	6	-0.764	0.813			AT5G49300	0.0	0.008	0.0	-0.008	1.0
2way	6	-0.764	0.813			AT5G50570	0.0	0.031	0.037	0.006	1.0
2way	6	-0.764	0.813			AT5G52170	0.0	0.008	0.0	-0.008	1.0
2way	6	-0.764	0.813			AT5G52660	0.0	0.132	0.128	-0.003	1.0
2way	6	-0.764	0.813			AT5G54230	0.0	0.109	0.11	0.002	1.0
2way	6	-0.764	0.813			AT5G56930	0.0	0.0	0.0	-0.0	1.0
2way	6	-0.764	0.813			AT5G58620	0.0	0.008	0.0	-0.008	1.0
2way	6	-0.764	0.813			AT5G60130	0.0	0.062	0.055	-0.007	1.0
2way	6	-0.764	0.813			AT5G60850	0.0	0.124	0.128	0.004	1.0
2way	6	-0.764	0.813			AT5G61270	0.0	0.008	0.009	0.001	1.0
2way	6	-0.764	0.813			AT5G62165	0.0	0.0	0.0	-0.0	1.0
2way	6	-0.764	0.813			AT5G62940	0.0	0.078	0.083	0.005	1.0
2way	6	-0.764	0.813			AT5G64060	0.0	0.132	0.128	-0.003	1.0
2way	6	-0.764	0.813			AT5G67000	0.0	0.008	0.009	0.001	1.0
2way	6	-0.764	0.813			AT5G67580	0.0	0.078	0.083	0.005	1.0
2way	6	0.25	0.351			AT1G10720	0.0	0.0	0.0	-0.0	1.0
2way	6	0.25	0.351			AT1G13260	0.0	0.058	0.058	0.0	1.0
2way	6	0.25	0.351			AT1G13400	0.0	0.029	0.027	-0.002	1.0
2way	6	0.25	0.351			AT1G17950	0.0	0.0	0.004	0.004	1.0
2way	6	0.25	0.351			AT1G18960	0.0	0.0	0.0	-0.0	1.0
2way	6	0.25	0.351			AT1G30210	0.0	0.004	0.004	-0.0	1.0
2way	6	0.25	0.351			AT1G31140	-0.055	0.083	0.086	0.003	1.0
2way	6	0.25	0.351			AT1G43700	0.0	0.033	0.031	-0.002	1.0
2way	6	0.25	0.351			AT1G46264	0.0	0.0	0.004	0.004	1.0
2way	6	0.25	0.351			AT1G47870	0.0	0.0	0.0	-0.0	1.0
2way	6	0.25	0.351			AT1G60920	0.0	0.0	0.0	-0.0	1.0
2way	6	0.25	0.351			AT1G63040	0.0	0.0	0.0	-0.0	1.0
2way	6	0.25	0.351			AT1G66420	0.0	0.0	0.0	-0.0	1.0
2way	6	0.25	0.351			AT1G67260	0.0	0.0	0.0	-0.0	1.0
2way	6	0.25	0.351			AT1G68320	0.0	0.12	0.117	-0.004	1.0
2way	6	0.25	0.351			AT1G69560	0.0	0.025	0.023	-0.002	1.0
2way	6	0.25	0.351			AT1G70910	0.0	0.004	0.004	-0.0	1.0
2way	6	0.25	0.351			AT1G73730	0.0	0.017	0.016	-0.001	1.0
2way	6	0.25	0.351			AT1G74370	0.0	0.0	0.0	-0.0	1.0
2way	6	0.25	0.351			AT2G04038	0.0	0.133	0.132	-0.0	1.0
2way	6	0.25	0.351			AT2G18160	0.0	0.149	0.148	-0.002	1.0
2way	6	0.25	0.351			AT2G20110	0.0	0.112	0.109	-0.003	1.0
2way	6	0.25	0.351			AT2G24570	0.0	0.008	0.012	0.003	1.0
2way	6	0.25	0.351			AT2G30590	0.0	0.012	0.016	0.003	1.0
2way	6	0.25	0.351			AT2G31460	0.0	0.0	0.0	-0.0	1.0
2way	6	0.25	0.351			AT2G33550	0.0	0.05	0.051	0.001	1.0
2way	6	0.25	0.351			AT2G38090	0.0	0.0	0.0	-0.0	1.0
2way	6	0.25	0.351			AT2G48100	0.0	0.0	0.004	0.004	1.0
2way	6	0.25	0.351			AT3G03660	0.0	0.008	0.008	-0.001	1.0
2way	6	0.25	0.351			AT3G04060	0.0	0.108	0.109	0.001	1.0
2way	6	0.25	0.351			AT3G18400	0.101	0.145	0.144	-0.001	1.0
2way	6	0.25	0.351			AT3G30530	0.0	0.004	0.004	-0.0	1.0
2way	6	0.25	0.351			AT3G45170	0.0	0.012	0.012	-0.001	1.0
2way	6	0.25	0.351			AT3G46070	0.0	0.0	0.0	-0.0	1.0
2way	6	0.25	0.351			AT3G46590	0.0	0.017	0.019	0.003	1.0
2way	6	0.25	0.351			AT3G47620	0.0	0.0	0.004	0.004	1.0
2way	6	0.25	0.351			AT3G48160	0.0	0.004	0.004	-0.0	1.0
2way	6	0.25	0.351			AT3G57920	-0.475	0.083	0.086	0.003	1.0
2way	6	0.25	0.351			AT4G12670	0.0	0.0	0.004	0.004	1.0
2way	6	0.25	0.351			AT4G14410	0.0	0.0	0.0	-0.0	1.0
2way	6	0.25	0.351			AT4G17460	0.0	0.012	0.012	-0.001	1.0
2way	6	0.25	0.351			AT4G18770	-0.169	0.12	0.121	0.0	1.0
2way	6	0.25	0.351			AT4G24020	0.0	0.004	0.004	-0.0	1.0
2way	6	0.25	0.351			AT4G28110	0.0	0.012	0.012	-0.001	1.0
2way	6	0.25	0.351			AT4G28140	0.0	0.025	0.027	0.002	1.0
2way	6	0.25	0.351			AT4G34410	-0.48	0.158	0.156	-0.002	1.0
2way	6	0.25	0.351			AT4G34590	0.0	0.046	0.043	-0.003	1.0
2way	6	0.25	0.351			AT4G36160	0.0	0.187	0.183	-0.004	1.0
2way	6	0.25	0.351			AT4G37790	0.0	0.0	0.004	0.004	1.0
2way	6	0.25	0.351			AT5G05550	0.0	0.212	0.21	-0.002	1.0
2way	6	0.25	0.351			AT5G05790	-0.055	0.058	0.054	-0.004	1.0
2way	6	0.25	0.351			AT5G06950	0.0	0.158	0.16	0.002	1.0
2way	6	0.25	0.351			AT5G08070	0.0	0.004	0.004	-0.0	1.0
2way	6	0.25	0.351			AT5G10510	0.0	0.008	0.012	0.003	1.0
2way	6	0.25	0.351			AT5G16820	0.0	0.071	0.074	0.003	1.0
2way	6	0.25	0.351			AT5G17800	-0.044	0.112	0.109	-0.003	1.0
2way	6	0.25	0.351			AT5G22500	0.0	0.037	0.035	-0.002	1.0
2way	6	0.25	0.351			AT5G22890	0.0	0.0	0.0	-0.0	1.0
2way	6	0.25	0.351			AT5G25475	0.0	0.012	0.012	-0.001	1.0
2way	6	0.25	0.351			AT5G38800	0.0	0.0	0.0	-0.0	1.0
2way	6	0.25	0.351			AT5G39820	0.0	0.029	0.031	0.002	1.0
2way	6	0.25	0.351			AT5G40330	0.0	0.004	0.004	-0.0	1.0
2way	6	0.25	0.351			AT5G42520	0.0	0.0	0.004	0.004	1.0
2way	6	0.25	0.351			AT5G43840	0.0	0.012	0.016	0.003	1.0
2way	6	0.25	0.351			AT5G49300	0.0	0.0	0.0	-0.0	1.0
2way	6	0.25	0.351			AT5G56930	0.0	0.008	0.012	0.003	1.0
2way	6	0.25	0.351			AT5G58620	0.0	0.0	0.004	0.004	1.0
2way	6	0.25	0.351			AT5G61270	0.0	0.004	0.004	-0.0	1.0
2way	6	0.25	0.351			AT5G62165	0.0	0.0	0.004	0.004	1.0
2way	6	0.25	0.351			AT5G66730	-0.004	0.1	0.101	0.002	1.0
2way	8	0.506	0.32			AT2G40740	1.208	0.302	0.092	-0.21	8.71e-05
2way	8	-0.173	0.275			AT2G18350	1.129	0.299	0.094	-0.204	0.000311
2way	8	0.506	0.32			AT5G54230	-0.598	0.101	0.276	0.175	0.000335
2way	8	0.506	0.32			AT2G01818	-0.168	0.0	0.082	0.082	0.000372
2way	8	0.506	0.32			AT2G01060	-1.101	0.025	0.143	0.118	0.000477
2way	8	0.506	0.32			AT4G11660	-1.735	0.013	0.112	0.1	0.000613
2way	8	0.506	0.32			AT5G25830	0.0	0.038	0.163	0.126	0.000654
2way	8	0.506	0.32			AT3G02940	-1.023	0.132	0.306	0.174	0.000804
2way	8	0.506	0.32			AT5G56110	-0.23	0.126	0.296	0.17	0.00102
2way	8	0.506	0.32			AT3G24050	-0.469	0.025	0.133	0.107	0.00106
2way	8	-0.173	0.275			AT2G42200	-1.185	0.03	0.203	0.173	0.0012
2way	8	-0.173	0.275			AT3G10580	-1.3	0.0	0.138	0.138	0.00125
2way	8	0.506	0.32			AT4G29230	1.292	0.195	0.051	-0.144	0.00136
2way	8	-0.173	0.275			AT4G26640	0.919	0.269	0.094	-0.174	0.0017
2way	8	-0.173	0.275			AT1G75240	0.0	0.239	0.08	-0.159	0.00229
2way	8	-0.173	0.275			AT3G56850	-0.754	0.075	0.261	0.186	0.00254
2way	8	-0.173	0.275			AT5G06100	-1.828	0.0	0.13	0.13	0.00267
2way	8	-0.173	0.275			AT5G61620	-0.58	0.06	0.232	0.172	0.00284
2way	8	0.506	0.32			AT1G20910	-0.642	0.057	0.173	0.117	0.00316
2way	8	0.506	0.32			AT3G26620	-1.183	0.057	0.173	0.117	0.00316
2way	8	-0.173	0.275			AT5G11260	-0.152	0.09	0.268	0.179	0.00317
2way	8	-0.173	0.275			AT5G22990	-1.313	0.09	0.268	0.179	0.00317
2way	8	-0.173	0.275			AT5G08330	-1.797	0.0	0.116	0.116	0.00365
2way	8	0.506	0.32			AT3G42860	0.0	0.138	0.031	-0.108	0.00428
2way	8	-0.173	0.275			AT5G06950	0.0	0.045	0.196	0.151	0.00528
2way	8	0.506	0.32			AT1G30650	0.476	0.214	0.082	-0.132	0.00531
2way	8	0.506	0.32			AT1G12610	-0.484	0.025	0.112	0.087	0.00547
2way	8	-0.173	0.275			AT1G72010	0.0	0.0	0.101	0.101	0.00561
2way	8	0.506	0.32			AT2G18380	-0.666	0.075	0.194	0.118	0.00584
2way	8	0.506	0.32			AT5G16820	-0.42	0.038	0.133	0.095	0.00651
2way	8	-0.173	0.275			AT1G19000	0.0	0.075	0.239	0.165	0.00663
2way	8	0.506	0.32			AT2G44840	1.78	0.132	0.031	-0.101	0.0071
2way	8	0.506	0.32			AT1G34670	0.0	0.107	0.235	0.128	0.00777
2way	8	0.506	0.32			AT5G26170	0.579	0.239	0.102	-0.137	0.0079
2way	8	-0.173	0.275			AT1G49010	-0.585	0.09	0.254	0.164	0.00846
2way	8	0.506	0.32			AT4G25490	-1.121	0.088	0.204	0.116	0.00873
2way	8	0.506	0.32			AT1G47655	0.488	0.145	0.041	-0.104	0.011
2way	8	0.506	0.32			AT2G45420	0.0	0.082	0.194	0.112	0.011
2way	8	0.506	0.32			AT1G25580	0.0	0.145	0.041	-0.104	0.011
2way	8	0.506	0.32			AT1G04880	-0.083	0.05	0.143	0.093	0.012
2way	8	0.506	0.32			AT2G30250	0.0	0.27	0.133	-0.138	0.012
2way	8	0.506	0.32			AT5G64060	0.334	0.226	0.102	-0.124	0.012
2way	8	0.506	0.32			AT1G28470	0.0	0.239	0.112	-0.127	0.014
2way	8	0.506	0.32			AT4G31800	0.0	0.283	0.143	-0.14	0.014
2way	8	-0.173	0.275			AT5G17800	-0.099	0.015	0.123	0.108	0.015
2way	8	0.506	0.32			AT3G22830	0.0	0.031	0.112	0.081	0.015
2way	8	0.506	0.32			AT4G23550	0.0	0.208	0.092	-0.116	0.015
2way	8	-0.173	0.275			AT1G71696	0.922	0.209	0.087	-0.122	0.016
2way	8	-0.173	0.275			AT2G03340	0.359	0.209	0.087	-0.122	0.016
2way	8	-0.173	0.275			AT3G20310	-0.01	0.104	0.254	0.149	0.016
2way	8	0.506	0.32			AT3G60530	0.0	0.013	0.071	0.059	0.017
2way	8	0.506	0.32			AT5G22990	-0.5	0.126	0.245	0.119	0.017
2way	8	-0.173	0.275			AT4G31800	0.0	0.373	0.21	-0.163	0.018
2way	8	-0.173	0.275			AT4G18170	0.0	0.388	0.225	-0.163	0.02
2way	8	-0.173	0.275			AT5G47390	0.0	0.09	0.225	0.135	0.02
2way	8	0.506	0.32			AT1G23810	0.0	0.0	0.041	0.041	0.02
2way	8	0.506	0.32			AT3G13350	-1.071	0.0	0.041	0.041	0.02
2way	8	0.506	0.32			AT5G43840	0.0	0.0	0.041	0.041	0.02
2way	8	-0.173	0.275			AT3G28920	0.653	0.239	0.109	-0.13	0.021
2way	8	-0.173	0.275			AT4G14770	0.0	0.239	0.109	-0.13	0.021
2way	8	0.506	0.32			AT3G04030	0.0	0.069	0.163	0.094	0.021
2way	8	-0.173	0.275			AT1G75490	-0.05	0.015	0.109	0.094	0.023
2way	8	0.506	0.32			AT1G03800	-1.029	0.119	0.235	0.115	0.023
2way	8	0.506	0.32			AT4G18170	0.0	0.239	0.122	-0.117	0.023
2way	8	-0.173	0.275			AT1G32150	0.0	0.104	0.239	0.135	0.024
2way	8	-0.173	0.275			AT2G38470	0.0	0.403	0.246	-0.157	0.024
2way	8	-0.173	0.275			AT5G15830	0.0	0.104	0.239	0.135	0.024
2way	8	0.506	0.32			AT1G06850	-0.698	0.075	0.173	0.098	0.024
2way	8	0.506	0.32			AT2G30340	-0.391	0.057	0.143	0.086	0.024
2way	8	0.506	0.32			AT4G17785	0.0	0.019	0.082	0.063	0.024
2way	8	-0.173	0.275			AT1G72740	-1.233	0.03	0.138	0.108	0.025
2way	8	-0.173	0.275			AT2G30250	0.0	0.433	0.275	-0.157	0.027
2way	8	-0.173	0.275			AT2G36270	0.0	0.119	0.254	0.134	0.029
2way	8	-0.173	0.275			AT2G04038	0.0	0.09	0.217	0.128	0.03
2way	8	0.506	0.32			AT5G41570	0.0	0.226	0.112	-0.114	0.03
2way	8	0.506	0.32			AT4G37180	-0.678	0.05	0.133	0.082	0.032
2way	8	-0.173	0.275			AT3G50060	-0.338	0.045	0.152	0.107	0.035
2way	8	-0.173	0.275			AT2G43000	0.0	0.104	0.232	0.127	0.036
2way	8	-0.173	0.275			AT2G20110	0.0	0.269	0.145	-0.124	0.037
2way	8	0.506	0.32			AT4G01540	0.545	0.245	0.133	-0.113	0.037
2way	8	-0.173	0.275			AT1G74840	0.0	0.075	0.188	0.114	0.038
2way	8	-0.173	0.275			AT5G58900	-0.433	0.075	0.188	0.114	0.038
2way	8	0.506	0.32			AT1G62300	0.0	0.208	0.102	-0.106	0.038
2way	8	-0.173	0.275			AT2G26960	0.0	0.015	0.094	0.079	0.039
2way	8	-0.173	0.275			AT3G49530	-0.397	0.075	0.196	0.121	0.039
2way	8	-0.173	0.275			AT5G05790	0.0	0.015	0.094	0.079	0.039
2way	8	-0.173	0.275			AT5G62320	-0.851	0.015	0.094	0.079	0.039
2way	8	0.506	0.32			AT2G42430	0.0	0.057	0.133	0.076	0.04
2way	8	-0.173	0.275			AT1G29860	0.0	0.358	0.217	-0.141	0.042
2way	8	-0.173	0.275			AT1G78700	0.0	0.09	0.21	0.121	0.046
2way	8	-0.173	0.275			AT2G40740	0.073	0.373	0.232	-0.141	0.046
2way	8	0.506	0.32			AT1G28160	0.0	0.063	0.143	0.08	0.046
2way	8	0.506	0.32			AT3G20770	0.0	0.019	0.071	0.053	0.046
2way	8	0.506	0.32			AT5G07100	0.0	0.044	0.0	-0.044	0.046
2way	8	0.506	0.32			AT4G22070	0.0	0.189	0.092	-0.097	0.048
2way	8	0.506	0.32			AT4G00730	0.0	0.113	0.204	0.091	0.049
2way	8	0.506	0.32			AT5G62320	0.0	0.088	0.173	0.085	0.049
2way	8	0.506	0.32			AT5G15830	0.0	0.119	0.214	0.095	0.051
2way	8	0.506	0.32			AT1G29280	0.0	0.239	0.133	-0.106	0.053
2way	8	0.506	0.32			AT1G69180	0.0	0.126	0.051	-0.075	0.053
2way	8	-0.173	0.275			AT1G71450	0.0	0.104	0.217	0.113	0.054
2way	8	0.506	0.32			AT3G02990	0.0	0.0	0.031	0.031	0.054
2way	8	0.506	0.32			AT4G28110	0.0	0.0	0.031	0.031	0.054
2way	8	-0.173	0.275			AT3G24050	0.0	0.0	0.058	0.058	0.055
2way	8	-0.173	0.275			AT5G25830	0.0	0.0	0.058	0.058	0.055
2way	8	-0.173	0.275			AT5G61600	0.0	0.0	0.058	0.058	0.055
2way	8	0.506	0.32			AT4G32730	-0.435	0.126	0.224	0.099	0.055
2way	8	0.506	0.32			AT5G13080	0.0	0.245	0.143	-0.102	0.057
2way	8	-0.173	0.275			AT1G55110	-0.527	0.03	0.109	0.079	0.062
2way	8	-0.173	0.275			AT2G32460	0.0	0.03	0.116	0.086	0.062
2way	8	-0.173	0.275			AT3G57920	0.0	0.03	0.109	0.079	0.062
2way	8	-0.173	0.275			AT5G08750	1.001	0.104	0.036	-0.068	0.062
2way	8	-0.173	0.275			AT5G56840	0.0	0.119	0.239	0.12	0.062
2way	8	0.506	0.32			AT1G52150	0.002	0.113	0.041	-0.072	0.064
2way	8	0.506	0.32			AT4G01250	0.0	0.138	0.061	-0.077	0.064
2way	8	-0.173	0.275			AT1G26960	0.0	0.224	0.123	-0.101	0.068
2way	8	-0.173	0.275			AT5G65310	-0.493	0.09	0.196	0.106	0.068
2way	8	-0.173	0.275			AT4G28500	-0.914	0.06	0.152	0.092	0.069
2way	8	0.506	0.32			AT1G02250	0.0	0.182	0.092	-0.091	0.069
2way	8	0.506	0.32			AT5G24110	0.0	0.176	0.092	-0.084	0.069
2way	8	-0.173	0.275			AT2G35530	0.0	0.134	0.246	0.112	0.07
2way	8	-0.173	0.275			AT5G65410	0.0	0.239	0.13	-0.108	0.07
2way	8	-0.173	0.275			AT2G02080	-0.939	0.06	0.159	0.1	0.071
2way	8	-0.173	0.275			AT3G01970	0.0	0.373	0.246	-0.127	0.071
2way	8	0.506	0.32			AT1G75080	0.0	0.006	0.041	0.035	0.071
2way	8	0.506	0.32			AT2G15660	0.0	0.006	0.041	0.035	0.071
2way	8	0.506	0.32			AT2G38300	0.0	0.006	0.041	0.035	0.071
2way	8	0.506	0.32			AT3G51080	0.0	0.006	0.041	0.035	0.071
2way	8	0.506	0.32			AT1G29860	0.0	0.226	0.133	-0.094	0.073
2way	8	0.506	0.32			AT2G38470	0.0	0.226	0.133	-0.094	0.073
2way	8	0.506	0.32			AT4G26030	0.0	0.088	0.163	0.075	0.075
2way	8	0.506	0.32			AT5G65310	1.71	0.189	0.102	-0.087	0.076
2way	8	-0.173	0.275			AT5G08520	0.0	0.149	0.261	0.112	0.077
2way	8	-0.173	0.275			AT1G62300	0.0	0.313	0.196	-0.118	0.078
2way	8	-0.173	0.275			AT2G18160	0.0	0.104	0.21	0.106	0.078
2way	8	0.506	0.32			AT3G12730	0.0	0.069	0.143	0.074	0.081
2way	8	-0.173	0.275			AT1G45249	0.0	0.045	0.123	0.078	0.084
2way	8	-0.173	0.275			AT3G15270	-0.023	0.075	0.167	0.092	0.084
2way	8	0.506	0.32			AT3G10030	-0.345	0.05	0.112	0.062	0.085
2way	8	0.506	0.32			AT5G10280	0.0	0.031	0.082	0.05	0.085
2way	8	0.506	0.32			AT5G66300	-0.49	0.05	0.112	0.062	0.085
2way	8	-0.173	0.275			AT4G36780	-0.055	0.075	0.174	0.099	0.086
2way	8	0.506	0.32			AT5G04390	0.0	0.075	0.02	-0.055	0.087
2way	8	0.506	0.32			AT5G22500	0.0	0.019	0.061	0.042	0.088
2way	8	-0.173	0.275			AT1G80840	0.0	0.119	0.051	-0.069	0.09
2way	8	0.506	0.32			AT3G01470	0.0	0.057	0.01	-0.046	0.094
2way	8	0.506	0.32			AT5G52830	0.0	0.17	0.092	-0.078	0.096
2way	8	-0.173	0.275			AT4G34590	0.0	0.0	0.051	0.051	0.098
2way	8	0.506	0.32			AT5G45580	0.0	0.082	0.153	0.071	0.098
2way	8	0.506	0.32			AT3G24120	0.0	0.113	0.194	0.081	0.099
2way	8	-0.173	0.275			AT2G23320	0.0	0.373	0.254	-0.12	0.101
2way	8	-0.173	0.275			AT5G67000	0.0	0.045	0.007	-0.038	0.103
2way	8	-0.173	0.275			AT4G37180	-0.295	0.06	0.145	0.085	0.104
2way	8	-0.173	0.275			AT3G12730	0.0	0.06	0.138	0.078	0.106
2way	8	-0.173	0.275			AT1G25340	0.0	0.015	0.072	0.058	0.107
2way	8	0.506	0.32			AT1G69780	0.0	0.182	0.102	-0.08	0.107
2way	8	-0.173	0.275			AT1G08010	-0.352	0.015	0.08	0.065	0.108
2way	8	-0.173	0.275			AT1G20980	0.0	0.015	0.08	0.065	0.108
2way	8	0.506	0.32			AT1G14687	-0.299	0.119	0.194	0.074	0.108
2way	8	0.506	0.32			AT2G18160	0.0	0.119	0.194	0.074	0.108
2way	8	0.506	0.32			AT3G09600	0.53	0.145	0.071	-0.073	0.108
2way	8	0.506	0.32			AT2G41690	0.0	0.013	0.051	0.038	0.109
2way	8	0.506	0.32			AT4G34590	0.0	0.025	0.071	0.046	0.11
2way	8	0.506	0.32			AT3G62420	0.0	0.126	0.204	0.078	0.111
2way	8	0.506	0.32			AT4G05100	0.0	0.063	0.122	0.06	0.111
2way	8	0.506	0.32			AT1G27730	0.0	0.082	0.031	-0.051	0.117
2way	8	-0.173	0.275			AT5G26170	0.0	0.313	0.21	-0.103	0.12
2way	8	0.506	0.32			AT1G06180	0.0	0.069	0.133	0.063	0.121
2way	8	0.506	0.32			AT2G24430	0.0	0.151	0.082	-0.069	0.121
2way	8	-0.173	0.275			AT4G17980	-0.054	0.119	0.21	0.091	0.125
2way	8	0.506	0.32			AT4G28500	0.0	0.201	0.122	-0.079	0.125
2way	8	-0.173	0.275			AT2G47070	0.0	0.045	0.116	0.071	0.126
2way	8	-0.173	0.275			AT3G10800	0.0	0.045	0.116	0.071	0.126
2way	8	0.506	0.32			AT2G04038	0.0	0.107	0.173	0.067	0.134
2way	8	0.506	0.32			AT3G52440	0.314	0.214	0.133	-0.081	0.134
2way	8	-0.173	0.275			AT3G15210	0.0	0.134	0.232	0.098	0.136
2way	8	-0.173	0.275			AT3G12250	0.0	0.134	0.225	0.09	0.138
2way	8	-0.173	0.275			AT3G62420	0.0	0.134	0.225	0.09	0.138
2way	8	0.506	0.32			AT2G36270	0.0	0.157	0.235	0.077	0.139
2way	8	0.506	0.32			AT3G25990	0.0	0.063	0.02	-0.042	0.139
2way	8	0.506	0.32			AT1G21910	0.0	0.0	0.02	0.02	0.144
2way	8	0.506	0.32			AT1G32510	0.0	0.0	0.02	0.02	0.144
2way	8	0.506	0.32			AT2G45680	0.0	0.0	0.02	0.02	0.144
2way	8	0.506	0.32			AT2G46680	-1.882	0.082	0.143	0.061	0.144
2way	8	0.506	0.32			AT3G03660	0.0	0.0	0.02	0.02	0.144
2way	8	0.506	0.32			AT3G57230	0.0	0.0	0.02	0.02	0.144
2way	8	0.506	0.32			AT5G47370	0.0	0.082	0.143	0.061	0.144
2way	8	0.506	0.32			AT1G79180	0.0	0.057	0.112	0.056	0.149
2way	8	-0.173	0.275			AT2G02070	0.0	0.03	0.094	0.064	0.151
2way	8	-0.173	0.275			AT1G36060	0.0	0.03	0.087	0.057	0.152
2way	8	0.506	0.32			AT3G12130	0.214	0.132	0.071	-0.061	0.152
2way	8	0.506	0.32			AT2G45410	0.0	0.126	0.194	0.068	0.154
2way	8	0.506	0.32			AT3G56850	0.0	0.126	0.194	0.068	0.154
2way	8	-0.173	0.275			AT1G27730	0.0	0.075	0.029	-0.046	0.156
2way	8	-0.173	0.275			AT1G53170	0.0	0.164	0.261	0.097	0.157
2way	8	-0.173	0.275			AT1G68550	0.0	0.104	0.188	0.084	0.157
2way	8	-0.173	0.275			AT2G15740	0.0	0.104	0.188	0.084	0.157
2way	8	-0.173	0.275			AT2G46770	0.0	0.104	0.188	0.084	0.157
2way	8	-0.173	0.275			AT4G36160	0.0	0.164	0.261	0.097	0.157
2way	8	0.506	0.32			AT5G47220	0.0	0.031	0.0	-0.031	0.16
2way	8	0.506	0.32			AT2G23290	0.0	0.094	0.153	0.059	0.166
2way	8	0.506	0.32			AT3G24520	0.0	0.094	0.153	0.059	0.166
2way	8	0.506	0.32			AT2G46590	0.327	0.195	0.122	-0.073	0.169
2way	8	0.506	0.32			AT1G30490	0.0	0.101	0.051	-0.05	0.171
2way	8	-0.173	0.275			AT1G54330	0.0	0.119	0.203	0.083	0.172
2way	8	-0.173	0.275			AT4G10350	0.0	0.119	0.203	0.083	0.172
2way	8	-0.173	0.275			AT1G72360	0.0	0.0	0.036	0.036	0.175
2way	8	-0.173	0.275			AT2G42590	0.0	0.0	0.036	0.036	0.175
2way	8	-0.173	0.275			AT3G02150	0.0	0.0	0.036	0.036	0.175
2way	8	-0.173	0.275			AT4G24240	0.0	0.0	0.036	0.036	0.175
2way	8	-0.173	0.275			AT5G08130	0.0	0.0	0.036	0.036	0.175
2way	8	-0.173	0.275			AT5G50570	0.0	0.0	0.036	0.036	0.175
2way	8	-0.173	0.275			AT5G52830	0.0	0.328	0.232	-0.096	0.176
2way	8	-0.173	0.275			AT5G60850	-0.739	0.075	0.145	0.07	0.177
2way	8	-0.173	0.275			AT4G36740	-0.458	0.075	0.152	0.078	0.178
2way	8	0.506	0.32			AT1G02230	0.0	0.201	0.133	-0.069	0.179
2way	8	-0.173	0.275			AT5G39820	0.0	0.0	0.043	0.043	0.18
2way	8	0.506	0.32			AT4G06746	0.0	0.044	0.092	0.048	0.182
2way	8	0.506	0.32			AT5G17300	0.0	0.157	0.092	-0.065	0.184
2way	8	0.506	0.32			AT4G36160	-0.495	0.157	0.224	0.067	0.187
2way	8	0.506	0.32			AT5G13790	0.0	0.025	0.061	0.036	0.187
2way	8	-0.173	0.275			AT4G25470	0.014	0.179	0.109	-0.07	0.188
2way	8	-0.173	0.275			AT5G18450	0.0	0.045	0.109	0.064	0.188
2way	8	-0.173	0.275			AT5G44210	0.0	0.045	0.109	0.064	0.188
2way	8	-0.173	0.275			AT3G11440	0.0	0.045	0.101	0.057	0.191
2way	8	-0.173	0.275			AT4G26030	0.0	0.045	0.101	0.057	0.191
2way	8	0.506	0.32			AT3G11020	0.828	0.113	0.061	-0.052	0.191
2way	8	0.506	0.32			AT1G12630	0.0	0.113	0.173	0.06	0.192
2way	8	0.506	0.32			AT2G40260	0.0	0.075	0.133	0.057	0.192
2way	8	0.506	0.32			AT4G38170	0.594	0.164	0.102	-0.061	0.198
2way	8	0.506	0.32			AT5G64750	0.293	0.164	0.102	-0.061	0.198
2way	8	-0.173	0.275			AT1G34670	0.0	0.09	0.167	0.077	0.199
2way	8	-0.173	0.275			AT4G00250	0.303	0.09	0.159	0.07	0.199
2way	8	0.506	0.32			AT1G78700	0.0	0.119	0.184	0.064	0.2
2way	8	0.506	0.32			AT5G25190	0.0	0.119	0.184	0.064	0.2
2way	8	0.506	0.32			AT3G47600	0.0	0.013	0.041	0.028	0.206
2way	8	0.506	0.32			AT5G47660	-0.078	0.082	0.133	0.051	0.206
2way	8	0.506	0.32			AT1G32870	0.087	0.176	0.112	-0.064	0.211
2way	8	0.506	0.32			AT3G60580	0.103	0.057	0.02	-0.036	0.214
2way	8	0.506	0.32			AT1G69010	0.0	0.132	0.194	0.062	0.216
2way	8	0.506	0.32			AT2G35530	0.0	0.132	0.194	0.062	0.216
2way	8	0.506	0.32			AT3G10580	0.0	0.088	0.143	0.055	0.216
2way	8	-0.173	0.275			AT1G03800	0.0	0.104	0.181	0.077	0.218
2way	8	-0.173	0.275			AT1G19210	0.0	0.104	0.181	0.077	0.218
2way	8	-0.173	0.275			AT3G04060	-0.166	0.104	0.181	0.077	0.218
2way	8	-0.173	0.275			AT3G26790	0.0	0.06	0.022	-0.038	0.219
2way	8	-0.173	0.275			AT1G02250	0.0	0.06	0.123	0.063	0.22
2way	8	0.506	0.32			AT5G62470	-0.31	0.031	0.071	0.04	0.221
2way	8	-0.173	0.275			AT3G09735	0.0	0.179	0.261	0.082	0.222
2way	8	-0.173	0.275			AT5G67580	0.0	0.06	0.116	0.056	0.224
2way	8	0.506	0.32			AT1G32150	0.0	0.138	0.204	0.066	0.224
2way	8	0.506	0.32			AT1G34180	0.285	0.182	0.122	-0.06	0.224
2way	8	-0.173	0.275			AT2G42430	0.0	0.149	0.087	-0.062	0.228
2way	8	-0.173	0.275			AT1G06180	0.0	0.03	0.08	0.05	0.229
2way	8	-0.173	0.275			AT3G28910	0.0	0.03	0.08	0.05	0.229
2way	8	-0.173	0.275			AT5G46590	-0.015	0.03	0.08	0.05	0.229
2way	8	0.506	0.32			AT4G01550	0.0	0.195	0.133	-0.062	0.234
2way	8	-0.173	0.275			AT1G28470	0.0	0.119	0.188	0.069	0.237
2way	8	0.506	0.32			AT1G22810	0.0	0.101	0.153	0.052	0.239
2way	8	0.506	0.32			AT1G68550	0.0	0.101	0.153	0.052	0.239
2way	8	0.506	0.32			AT2G18350	0.0	0.101	0.153	0.052	0.239
2way	8	0.506	0.32			AT1G51220	-0.213	0.063	0.112	0.049	0.24
2way	8	-0.173	0.275			AT1G74480	-0.154	0.075	0.138	0.063	0.249
2way	8	-0.173	0.275			AT1G76880	0.0	0.03	0.007	-0.023	0.25
2way	8	-0.173	0.275			AT2G41835	0.0	0.03	0.007	-0.023	0.25
2way	8	-0.173	0.275			AT2G45650	0.0	0.03	0.007	-0.023	0.25
2way	8	-0.173	0.275			AT1G06280	0.0	0.134	0.203	0.069	0.253
2way	8	-0.173	0.275			AT1G16490	0.0	0.075	0.13	0.056	0.253
2way	8	-0.173	0.275			AT2G45410	0.085	0.164	0.101	-0.063	0.255
2way	8	0.506	0.32			AT1G18330	0.0	0.069	0.112	0.043	0.256
2way	8	0.506	0.32			AT2G46130	0.0	0.069	0.031	-0.039	0.26
2way	8	0.506	0.32			AT4G25470	0.0	0.113	0.163	0.05	0.261
2way	8	0.506	0.32			AT5G51990	0.0	0.113	0.163	0.05	0.261
2way	8	0.506	0.32			AT5G62000	0.275	0.107	0.061	-0.046	0.264
2way	8	0.506	0.32			AT1G43700	0.0	0.019	0.051	0.032	0.266
2way	8	0.506	0.32			AT1G44830	0.0	0.019	0.051	0.032	0.266
2way	8	-0.173	0.275			AT3G24520	0.0	0.149	0.217	0.068	0.267
2way	8	0.506	0.32			AT1G16490	0.0	0.119	0.173	0.054	0.268
2way	8	0.506	0.32			AT5G56840	0.0	0.075	0.122	0.047	0.27
2way	8	-0.173	0.275			AT2G20400	0.224	0.164	0.109	-0.055	0.271
2way	8	-0.173	0.275			AT1G50640	0.0	0.09	0.152	0.063	0.273
2way	8	-0.173	0.275			AT4G37260	0.0	0.09	0.152	0.063	0.273
2way	8	0.506	0.32			AT2G23320	0.0	0.239	0.173	-0.066	0.273
2way	8	0.506	0.32			AT3G12820	0.0	0.044	0.082	0.038	0.274
2way	8	0.506	0.32			AT5G18560	0.0	0.044	0.082	0.038	0.274
2way	8	-0.173	0.275			AT5G18560	0.0	0.045	0.094	0.049	0.275
2way	8	-0.173	0.275			AT3G30210	0.0	0.015	0.058	0.043	0.276
2way	8	-0.173	0.275			AT2G24570	0.0	0.015	0.051	0.036	0.278
2way	8	-0.173	0.275			AT3G10030	0.0	0.015	0.051	0.036	0.278
2way	8	-0.173	0.275			AT5G10280	0.0	0.015	0.051	0.036	0.278
2way	8	0.506	0.32			AT1G79580	0.0	0.17	0.112	-0.058	0.278
2way	8	-0.173	0.275			AT5G47660	0.272	0.119	0.065	-0.054	0.279
2way	8	0.506	0.32			AT5G11260	-0.184	0.132	0.184	0.052	0.286
2way	8	0.506	0.32			AT1G70920	0.0	0.119	0.071	-0.048	0.288
2way	8	0.506	0.32			AT2G01930	0.532	0.119	0.071	-0.048	0.288
2way	8	0.506	0.32			AT5G66730	0.0	0.119	0.071	-0.048	0.288
2way	8	0.506	0.32			AT1G13300	0.0	0.019	0.0	-0.019	0.289
2way	8	0.506	0.32			AT4G18450	0.0	0.019	0.0	-0.019	0.289
2way	8	0.506	0.32			AT5G08750	0.0	0.019	0.0	-0.019	0.289
2way	8	0.506	0.32			AT5G13910	0.0	0.019	0.0	-0.019	0.289
2way	8	0.506	0.32			AT5G25475	0.0	0.019	0.0	-0.019	0.289
2way	8	-0.173	0.275			AT3G55370	0.0	0.179	0.123	-0.056	0.292
2way	8	-0.173	0.275			AT2G44840	0.0	0.104	0.167	0.062	0.295
2way	8	-0.173	0.275			AT3G01530	0.0	0.104	0.167	0.062	0.295
2way	8	-0.173	0.275			AT3G04030	-0.487	0.104	0.167	0.062	0.295
2way	8	-0.173	0.275			AT5G62380	0.0	0.104	0.167	0.062	0.295
2way	8	-0.173	0.275			AT5G64750	0.0	0.104	0.167	0.062	0.295
2way	8	-0.173	0.275			AT4G06746	0.0	0.075	0.036	-0.038	0.301
2way	8	-0.173	0.275			AT5G07100	0.0	0.075	0.036	-0.038	0.301
2way	8	0.506	0.32			AT1G73730	0.0	0.006	0.031	0.024	0.301
2way	8	0.506	0.32			AT3G10113	0.0	0.082	0.041	-0.041	0.301
2way	8	0.506	0.32			AT4G18890	0.0	0.006	0.031	0.024	0.301
2way	8	0.506	0.32			AT5G52170	0.0	0.006	0.031	0.024	0.301
2way	8	0.506	0.32			AT3G23240	0.0	0.075	0.041	-0.035	0.302
2way	8	0.506	0.32			AT3G01970	-0.004	0.189	0.133	-0.056	0.303
2way	8	-0.173	0.275			AT1G69690	0.0	0.0	0.029	0.029	0.306
2way	8	-0.173	0.275			AT2G15660	0.0	0.0	0.029	0.029	0.306
2way	8	-0.173	0.275			AT2G33810	0.0	0.0	0.029	0.029	0.306
2way	8	-0.173	0.275			AT3G27010	0.0	0.0	0.029	0.029	0.306
2way	8	-0.173	0.275			AT3G45170	0.0	0.0	0.029	0.029	0.306
2way	8	-0.173	0.275			AT3G60530	0.0	0.0	0.029	0.029	0.306
2way	8	-0.173	0.275			AT5G13910	0.0	0.0	0.029	0.029	0.306
2way	8	-0.173	0.275			AT5G67300	0.0	0.0	0.029	0.029	0.306
2way	8	0.506	0.32			AT3G10500	0.0	0.182	0.133	-0.05	0.306
2way	8	0.506	0.32			AT3G28910	0.0	0.025	0.051	0.026	0.308
2way	8	0.506	0.32			AT3G44480	0.0	0.126	0.082	-0.044	0.309
2way	8	-0.173	0.275			AT1G01720	0.28	0.194	0.138	-0.056	0.31
2way	8	-0.173	0.275			AT4G23550	0.0	0.313	0.239	-0.074	0.311
2way	8	-0.173	0.275			AT1G79580	0.0	0.119	0.181	0.062	0.314
2way	8	0.506	0.32			AT1G19210	0.0	0.157	0.214	0.057	0.315
2way	8	0.506	0.32			AT3G15270	0.607	0.195	0.143	-0.052	0.315
2way	8	0.506	0.32			AT1G45249	0.0	0.057	0.092	0.035	0.319
2way	8	0.506	0.32			AT4G01680	0.0	0.057	0.092	0.035	0.319
2way	8	0.506	0.32			AT3G50060	0.0	0.101	0.143	0.042	0.323
2way	8	0.506	0.32			AT3G11440	0.0	0.138	0.092	-0.047	0.326
2way	8	-0.173	0.275			AT2G31460	0.0	0.015	0.0	-0.015	0.327
2way	8	-0.173	0.275			AT2G46400	0.0	0.015	0.0	-0.015	0.327
2way	8	-0.173	0.275			AT3G13350	0.0	0.015	0.0	-0.015	0.327
2way	8	-0.173	0.275			AT3G20840	0.0	0.015	0.0	-0.015	0.327
2way	8	-0.173	0.275			AT4G17460	0.0	0.015	0.0	-0.015	0.327
2way	8	-0.173	0.275			AT5G10510	0.0	0.015	0.0	-0.015	0.327
2way	8	-0.173	0.275			AT5G14340	0.0	0.015	0.0	-0.015	0.327
2way	8	-0.173	0.275			AT5G42820	0.0	0.015	0.0	-0.015	0.327
2way	8	-0.173	0.275			AT1G65910	0.0	0.134	0.196	0.061	0.331
2way	8	-0.173	0.275			AT2G24430	0.0	0.134	0.196	0.061	0.331
2way	8	-0.173	0.275			AT4G34410	0.0	0.134	0.196	0.061	0.331
2way	8	-0.173	0.275			AT5G10030	0.0	0.134	0.196	0.061	0.331
2way	8	-0.173	0.275			AT5G18270	0.0	0.134	0.196	0.061	0.331
2way	8	0.506	0.32			AT5G09410	0.0	0.107	0.153	0.046	0.331
2way	8	0.506	0.32			AT1G74480	0.0	0.088	0.051	-0.037	0.332
2way	8	0.506	0.32			AT2G02080	0.0	0.088	0.051	-0.037	0.332
2way	8	0.506	0.32			AT2G26960	0.117	0.088	0.051	-0.037	0.332
2way	8	-0.173	0.275			AT1G23810	0.0	0.045	0.014	-0.03	0.333
2way	8	-0.173	0.275			AT5G03150	0.0	0.045	0.014	-0.03	0.333
2way	8	0.506	0.32			AT5G47390	0.0	0.063	0.102	0.039	0.338
2way	8	0.506	0.32			AT5G61620	0.0	0.063	0.102	0.039	0.338
2way	8	0.506	0.32			AT1G53230	0.0	0.031	0.061	0.03	0.342
2way	8	0.506	0.32			AT3G30210	0.0	0.031	0.061	0.03	0.342
2way	8	-0.173	0.275			AT1G69570	0.0	0.075	0.123	0.049	0.345
2way	8	-0.173	0.275			AT5G03790	0.0	0.075	0.123	0.049	0.345
2way	8	-0.173	0.275			AT3G11280	0.0	0.03	0.065	0.035	0.348
2way	8	-0.173	0.275			AT5G45300	0.0	0.03	0.065	0.035	0.348
2way	8	0.506	0.32			AT4G36780	0.0	0.126	0.173	0.048	0.36
2way	8	-0.173	0.275			AT2G22430	0.0	0.09	0.145	0.055	0.371
2way	8	-0.173	0.275			AT2G23290	0.0	0.09	0.138	0.048	0.371
2way	8	-0.173	0.275			AT2G31230	0.0	0.09	0.138	0.048	0.371
2way	8	-0.173	0.275			AT4G18770	0.0	0.09	0.145	0.055	0.371
2way	8	0.506	0.32			AT3G21890	-0.653	0.138	0.184	0.045	0.377
2way	8	0.506	0.32			AT4G25480	0.0	0.138	0.184	0.045	0.377
2way	8	0.506	0.32			AT1G17950	0.0	0.0	0.01	0.01	0.381
2way	8	0.506	0.32			AT1G30210	0.0	0.0	0.01	0.01	0.381
2way	8	0.506	0.32			AT1G46264	0.0	0.0	0.01	0.01	0.381
2way	8	0.506	0.32			AT1G70910	0.0	0.0	0.01	0.01	0.381
2way	8	0.506	0.32			AT2G17900	0.0	0.0	0.01	0.01	0.381
2way	8	0.506	0.32			AT3G22780	0.0	0.0	0.01	0.01	0.381
2way	8	0.506	0.32			AT3G30530	0.0	0.0	0.01	0.01	0.381
2way	8	0.506	0.32			AT3G47620	0.0	0.0	0.01	0.01	0.381
2way	8	0.506	0.32			AT4G24020	0.0	0.0	0.01	0.01	0.381
2way	8	0.506	0.32			AT5G08070	0.0	0.0	0.01	0.01	0.381
2way	8	0.506	0.32			AT5G48670	0.0	0.0	0.01	0.01	0.381
2way	8	0.506	0.32			AT5G61270	0.0	0.0	0.01	0.01	0.381
2way	8	0.506	0.32			AT1G34370	0.0	0.057	0.031	-0.026	0.383
2way	8	0.506	0.32			AT3G61150	-0.477	0.145	0.194	0.049	0.385
2way	8	0.506	0.32			AT4G26640	0.0	0.107	0.071	-0.035	0.386
2way	8	0.506	0.32			AT5G13180	0.0	0.176	0.133	-0.043	0.386
2way	8	-0.173	0.275			AT3G09600	0.0	0.104	0.159	0.055	0.393
2way	8	-0.173	0.275			AT5G23930	0.0	0.104	0.159	0.055	0.393
2way	8	-0.173	0.275			AT5G45580	0.0	0.104	0.159	0.055	0.393
2way	8	0.506	0.32			AT2G43000	0.0	0.151	0.194	0.043	0.393
2way	8	-0.173	0.275			AT1G65620	0.0	0.045	0.022	-0.023	0.395
2way	8	0.506	0.32			AT5G04410	0.0	0.189	0.143	-0.046	0.396
2way	8	-0.173	0.275			AT2G30590	0.0	0.045	0.08	0.035	0.399
2way	8	-0.173	0.275			AT3G20770	0.0	0.045	0.08	0.035	0.399
2way	8	-0.173	0.275			AT4G27950	0.0	0.045	0.08	0.035	0.399
2way	8	-0.173	0.275			AT5G47220	0.0	0.045	0.08	0.035	0.399
2way	8	-0.173	0.275			AT4G25480	0.0	0.179	0.13	-0.049	0.401
2way	8	-0.173	0.275			AT5G16820	0.0	0.224	0.283	0.059	0.403
2way	8	-0.173	0.275			AT5G41570	-0.765	0.313	0.254	-0.06	0.405
2way	8	-0.173	0.275			AT1G12610	0.0	0.104	0.065	-0.039	0.406
2way	8	0.506	0.32			AT3G18990	0.0	0.119	0.082	-0.038	0.406
2way	8	0.506	0.32			AT3G12250	0.288	0.195	0.153	-0.042	0.409
2way	8	0.506	0.32			AT2G20110	0.0	0.094	0.133	0.038	0.41
2way	8	0.506	0.32			AT5G17800	0.0	0.094	0.133	0.038	0.41
2way	8	0.506	0.32			AT5G60130	0.0	0.094	0.133	0.038	0.41
2way	8	0.506	0.32			AT1G66370	0.0	0.031	0.01	-0.021	0.412
2way	8	0.506	0.32			AT1G71450	0.0	0.17	0.214	0.044	0.412
2way	8	0.506	0.32			AT5G47230	0.0	0.031	0.01	-0.021	0.412
2way	8	-0.173	0.275			AT2G33710	0.0	0.119	0.174	0.055	0.413
2way	8	-0.173	0.275			AT4G01550	-0.071	0.119	0.174	0.055	0.413
2way	8	-0.173	0.275			AT5G39610	0.0	0.119	0.174	0.055	0.413
2way	8	-0.173	0.275			AT5G58850	0.0	0.119	0.174	0.055	0.413
2way	8	-0.173	0.275			AT1G76420	0.0	0.119	0.167	0.047	0.414
2way	8	-0.173	0.275			AT5G13180	0.0	0.119	0.167	0.047	0.414
2way	8	-0.173	0.275			AT4G38000	0.0	0.194	0.145	-0.049	0.419
2way	8	0.506	0.32			AT2G03340	0.0	0.069	0.041	-0.028	0.421
2way	8	0.506	0.32			AT1G68320	0.668	0.132	0.092	-0.04	0.425
2way	8	0.506	0.32			AT2G03500	0.0	0.05	0.082	0.031	0.426
2way	8	-0.173	0.275			AT2G22540	0.0	0.134	0.188	0.054	0.43
2way	8	-0.173	0.275			AT1G53230	0.0	0.015	0.043	0.029	0.431
2way	8	-0.173	0.275			AT1G69010	0.0	0.134	0.181	0.047	0.432
2way	8	-0.173	0.275			AT1G69490	0.0	0.134	0.181	0.047	0.432
2way	8	-0.173	0.275			AT1G74650	0.0	0.134	0.181	0.047	0.432
2way	8	-0.173	0.275			AT2G46680	0.0	0.06	0.101	0.042	0.433
2way	8	0.506	0.32			AT1G13400	-0.419	0.019	0.041	0.022	0.433
2way	8	0.506	0.32			AT3G23210	0.0	0.019	0.041	0.022	0.433
2way	8	0.506	0.32			AT4G28140	0.0	0.019	0.041	0.022	0.433
2way	8	-0.173	0.275			AT4G22070	0.0	0.209	0.159	-0.05	0.435
2way	8	-0.173	0.275			AT2G33550	0.0	0.06	0.029	-0.031	0.442
2way	8	-0.173	0.275			AT5G60130	0.0	0.119	0.08	-0.04	0.442
2way	8	0.506	0.32			AT2G18060	0.0	0.113	0.153	0.04	0.443
2way	8	-0.173	0.275			AT1G28370	0.0	0.149	0.196	0.046	0.447
2way	8	0.506	0.32			AT1G24250	0.0	0.082	0.051	-0.031	0.454
2way	8	0.506	0.32			AT1G76420	0.0	0.151	0.112	-0.039	0.456
2way	8	0.506	0.32			AT5G03790	0.045	0.151	0.112	-0.039	0.456
2way	8	0.506	0.32			AT5G18270	0.0	0.151	0.112	-0.039	0.456
2way	8	0.506	0.32			AT5G62940	0.13	0.151	0.112	-0.039	0.456
2way	8	0.506	0.32			AT1G26960	0.0	0.126	0.163	0.037	0.46
2way	8	0.506	0.32			AT5G67190	0.0	0.126	0.163	0.037	0.46
2way	8	-0.173	0.275			AT3G12130	-0.211	0.075	0.116	0.041	0.465
2way	8	-0.173	0.275			AT4G01680	0.0	0.075	0.116	0.041	0.465
2way	8	-0.173	0.275			AT2G01940	0.0	0.075	0.109	0.034	0.47
2way	8	-0.173	0.275			AT2G30340	0.0	0.075	0.109	0.034	0.47
2way	8	-0.173	0.275			AT4G31550	-0.326	0.075	0.109	0.034	0.47
2way	8	0.506	0.32			AT3G01530	0.25	0.157	0.122	-0.035	0.471
2way	8	0.506	0.32			AT1G75240	0.0	0.17	0.133	-0.037	0.482
2way	8	0.506	0.32			AT3G45610	0.0	0.17	0.133	-0.037	0.482
2way	8	0.506	0.32			AT3G09735	0.0	0.069	0.102	0.033	0.483
2way	8	0.506	0.32			AT5G29000	0.0	0.069	0.102	0.033	0.483
2way	8	-0.173	0.275			AT3G61150	0.0	0.149	0.109	-0.041	0.495
2way	8	0.506	0.32			AT1G22070	0.0	0.038	0.02	-0.017	0.495
2way	8	0.506	0.32			AT3G21175	0.0	0.038	0.02	-0.017	0.495
2way	8	0.506	0.32			AT5G06839	0.0	0.176	0.143	-0.033	0.495
2way	8	-0.173	0.275			AT1G02230	0.0	0.09	0.123	0.034	0.496
2way	8	0.506	0.32			AT1G08010	0.0	0.075	0.102	0.027	0.496
2way	8	0.506	0.32			AT1G31140	0.0	0.075	0.102	0.027	0.496
2way	8	0.506	0.32			AT1G72740	0.0	0.075	0.102	0.027	0.496
2way	8	-0.173	0.275			AT1G29280	0.0	0.299	0.246	-0.052	0.499
2way	8	-0.173	0.275			AT1G04880	0.0	0.03	0.058	0.028	0.504
2way	8	-0.173	0.275			AT3G60580	0.0	0.03	0.058	0.028	0.504
2way	8	-0.173	0.275			AT4G17785	0.0	0.03	0.058	0.028	0.504
2way	8	-0.173	0.275			AT5G07680	0.0	0.03	0.058	0.028	0.504
2way	8	-0.173	0.275			AT1G30650	0.0	0.313	0.261	-0.053	0.507
2way	8	0.506	0.32			AT2G20400	0.0	0.082	0.112	0.03	0.509
2way	8	0.506	0.32			AT2G35700	0.0	0.082	0.112	0.03	0.509
2way	8	0.506	0.32			AT1G53170	0.0	0.17	0.204	0.034	0.51
2way	8	0.506	0.32			AT1G25550	0.0	0.031	0.051	0.02	0.512
2way	8	-0.173	0.275			AT2G02540	0.0	0.104	0.145	0.04	0.513
2way	8	-0.173	0.275			AT3G24120	0.0	0.104	0.145	0.04	0.513
2way	8	-0.173	0.275			AT3G42860	0.0	0.164	0.123	-0.041	0.516
2way	8	0.506	0.32			AT5G10030	0.071	0.208	0.173	-0.034	0.522
2way	8	0.506	0.32			AT4G01280	0.0	0.113	0.082	-0.032	0.524
2way	8	0.506	0.32			AT1G72360	0.0	0.013	0.0	-0.013	0.526
2way	8	0.506	0.32			AT2G21900	0.0	0.013	0.0	-0.013	0.526
2way	8	0.506	0.32			AT3G07220	0.0	0.013	0.0	-0.013	0.526
2way	8	0.506	0.32			AT3G57600	0.0	0.013	0.0	-0.013	0.526
2way	8	0.506	0.32			AT4G27900	0.0	0.013	0.0	-0.013	0.526
2way	8	0.506	0.32			AT4G30080	0.0	0.013	0.0	-0.013	0.526
2way	8	0.506	0.32			AT3G28920	0.0	0.195	0.235	0.04	0.529
2way	8	-0.173	0.275			AT1G18330	0.0	0.119	0.159	0.04	0.531
2way	8	0.506	0.32			AT2G23340	0.0	0.094	0.122	0.028	0.532
2way	8	0.506	0.32			AT3G06490	0.0	0.05	0.031	-0.02	0.54
2way	8	0.506	0.32			AT5G02840	0.0	0.05	0.031	-0.02	0.54
2way	8	0.506	0.32			AT5G44210	0.0	0.05	0.031	-0.02	0.54
2way	8	0.506	0.32			AT1G03840	0.0	0.038	0.061	0.023	0.544
2way	8	-0.173	0.275			AT4G31060	0.0	0.134	0.174	0.04	0.547
2way	8	-0.173	0.275			AT5G56110	0.015	0.134	0.174	0.04	0.547
2way	8	-0.173	0.275			AT1G13300	0.0	0.0	0.022	0.022	0.552
2way	8	-0.173	0.275			AT1G73730	0.0	0.0	0.022	0.022	0.552
2way	8	-0.173	0.275			AT5G14960	0.0	0.0	0.022	0.022	0.552
2way	8	-0.173	0.275			AT5G25390	0.0	0.0	0.022	0.022	0.552
2way	8	-0.173	0.275			AT5G61270	0.0	0.0	0.022	0.022	0.552
2way	8	0.506	0.32			AT1G09540	0.084	0.107	0.133	0.026	0.553
2way	8	-0.173	0.275			AT3G26620	0.0	0.09	0.058	-0.032	0.556
2way	8	-0.173	0.275			AT1G18570	0.0	0.0	0.014	0.014	0.558
2way	8	-0.173	0.275			AT2G17410	0.0	0.0	0.014	0.014	0.558
2way	8	-0.173	0.275			AT2G38880	0.0	0.0	0.014	0.014	0.558
2way	8	-0.173	0.275			AT2G39900	0.0	0.0	0.014	0.014	0.558
2way	8	-0.173	0.275			AT2G45680	0.0	0.0	0.014	0.014	0.558
2way	8	-0.173	0.275			AT3G48160	0.0	0.0	0.014	0.014	0.558
2way	8	-0.173	0.275			AT3G51470	0.0	0.0	0.014	0.014	0.558
2way	8	-0.173	0.275			AT4G18450	0.0	0.0	0.014	0.014	0.558
2way	8	-0.173	0.275			AT4G24020	0.0	0.0	0.014	0.014	0.558
2way	8	-0.173	0.275			AT4G28110	0.0	0.0	0.014	0.014	0.558
2way	8	-0.173	0.275			AT4G36620	0.0	0.0	0.014	0.014	0.558
2way	8	-0.173	0.275			AT5G08070	0.0	0.0	0.014	0.014	0.558
2way	8	-0.173	0.275			AT5G10140	0.0	0.0	0.014	0.014	0.558
2way	8	-0.173	0.275			AT5G67450	0.0	0.0	0.014	0.014	0.558
2way	8	0.506	0.32			AT1G69690	0.0	0.006	0.02	0.014	0.56
2way	8	0.506	0.32			AT1G76880	0.0	0.006	0.02	0.014	0.56
2way	8	0.506	0.32			AT2G24570	0.0	0.006	0.02	0.014	0.56
2way	8	0.506	0.32			AT2G45650	0.0	0.006	0.02	0.014	0.56
2way	8	0.506	0.32			AT3G27010	0.0	0.006	0.02	0.014	0.56
2way	8	0.506	0.32			AT5G39610	0.0	0.113	0.143	0.03	0.56
2way	8	0.506	0.32			AT5G44160	0.0	0.006	0.02	0.014	0.56
2way	8	0.506	0.32			AT5G56930	0.0	0.006	0.02	0.014	0.56
2way	8	-0.173	0.275			AT5G66700	0.0	0.149	0.188	0.039	0.561
2way	8	0.506	0.32			AT1G76110	0.0	0.044	0.061	0.017	0.567
2way	8	0.506	0.32			AT3G47500	0.0	0.145	0.112	-0.032	0.57
2way	8	-0.173	0.275			AT1G76110	0.0	0.09	0.065	-0.024	0.572
2way	8	0.506	0.32			AT2G46770	0.0	0.138	0.112	-0.026	0.572
2way	8	-0.173	0.275			AT2G02820	0.0	0.164	0.203	0.039	0.573
2way	8	-0.173	0.275			AT5G09410	0.13	0.224	0.181	-0.043	0.573
2way	8	0.506	0.32			AT1G54330	0.0	0.126	0.153	0.027	0.577
2way	8	0.506	0.32			AT5G05790	0.0	0.063	0.041	-0.022	0.577
2way	8	0.506	0.32			AT2G22540	0.0	0.132	0.163	0.031	0.584
2way	8	0.506	0.32			AT1G13260	0.0	0.05	0.071	0.021	0.586
2way	8	-0.173	0.275			AT1G03840	0.0	0.06	0.087	0.027	0.589
2way	8	-0.173	0.275			AT3G06740	0.0	0.104	0.072	-0.032	0.59
2way	8	0.506	0.32			AT4G38000	0.006	0.164	0.133	-0.031	0.593
2way	8	0.506	0.32			AT1G34190	0.0	0.145	0.173	0.029	0.596
2way	8	0.506	0.32			AT5G58850	0.0	0.145	0.173	0.029	0.596
2way	8	-0.173	0.275			AT1G13400	0.0	0.03	0.014	-0.015	0.598
2way	8	-0.173	0.275			AT1G32240	0.0	0.03	0.014	-0.015	0.598
2way	8	-0.173	0.275			AT1G51600	0.0	0.03	0.014	-0.015	0.598
2way	8	-0.173	0.275			AT3G47600	0.0	0.03	0.014	-0.015	0.598
2way	8	-0.173	0.275			AT4G01250	0.0	0.269	0.232	-0.037	0.605
2way	8	0.506	0.32			AT5G53950	0.0	0.075	0.051	-0.024	0.607
2way	8	0.506	0.32			AT5G60850	0.0	0.182	0.153	-0.029	0.611
2way	8	-0.173	0.275			AT3G44480	0.0	0.075	0.101	0.027	0.616
2way	8	-0.173	0.275			AT5G66300	0.0	0.075	0.101	0.027	0.616
2way	8	-0.173	0.275			AT1G52150	0.0	0.119	0.087	-0.032	0.617
2way	8	0.506	0.32			AT2G22430	-0.014	0.063	0.082	0.019	0.619
2way	8	0.506	0.32			AT5G63260	0.0	0.195	0.163	-0.032	0.619
2way	8	-0.173	0.275			AT5G63260	0.0	0.119	0.094	-0.025	0.626
2way	8	0.506	0.32			AT1G06280	0.0	0.182	0.214	0.032	0.627
2way	8	0.506	0.32			AT2G28810	0.0	0.201	0.173	-0.028	0.627
2way	8	0.506	0.32			AT3G60490	0.0	0.082	0.061	-0.021	0.629
2way	8	0.506	0.32			AT1G49010	0.0	0.069	0.092	0.023	0.632
2way	8	0.506	0.32			AT1G74840	-0.16	0.069	0.092	0.023	0.632
2way	8	0.506	0.32			AT2G44940	0.0	0.069	0.092	0.023	0.632
2way	8	0.506	0.32			AT1G08320	0.0	0.214	0.184	-0.03	0.633
2way	8	-0.173	0.275			AT1G14687	0.0	0.134	0.101	-0.033	0.638
2way	8	-0.173	0.275			AT2G40260	0.0	0.09	0.116	0.026	0.638
2way	8	-0.173	0.275			AT3G01220	0.0	0.09	0.116	0.026	0.638
2way	8	-0.173	0.275			AT3G16280	-0.059	0.09	0.116	0.026	0.638
2way	8	0.506	0.32			AT5G46590	0.0	0.094	0.071	-0.023	0.648
2way	8	0.506	0.32			AT3G46590	0.0	0.025	0.01	-0.015	0.652
2way	8	0.506	0.32			AT4G01500	0.0	0.025	0.01	-0.015	0.652
2way	8	0.506	0.32			AT5G08520	0.092	0.088	0.071	-0.017	0.652
2way	8	0.506	0.32			AT5G67300	0.0	0.025	0.01	-0.015	0.652
2way	8	0.506	0.32			AT5G67450	0.0	0.025	0.01	-0.015	0.652
2way	8	0.506	0.32			AT2G32460	0.0	0.082	0.102	0.02	0.654
2way	8	0.506	0.32			AT3G10800	0.0	0.082	0.102	0.02	0.654
2way	8	-0.173	0.275			AT3G15170	0.0	0.104	0.13	0.026	0.656
2way	8	0.506	0.32			AT2G30590	0.0	0.019	0.01	-0.009	0.664
2way	8	0.506	0.32			AT2G42590	0.0	0.019	0.01	-0.009	0.664
2way	8	0.506	0.32			AT3G23250	0.0	0.019	0.01	-0.009	0.664
2way	8	0.506	0.32			AT5G14960	0.0	0.019	0.01	-0.009	0.664
2way	8	0.506	0.32			AT5G38860	0.0	0.019	0.01	-0.009	0.664
2way	8	0.506	0.32			AT5G59990	0.0	0.019	0.01	-0.009	0.664
2way	8	0.506	0.32			AT5G61600	0.0	0.019	0.01	-0.009	0.664
2way	8	0.506	0.32			AT4G14770	0.0	0.101	0.082	-0.019	0.665
2way	8	-0.173	0.275			AT2G28920	0.0	0.015	0.036	0.021	0.666
2way	8	-0.173	0.275			AT3G04070	0.0	0.015	0.036	0.021	0.666
2way	8	-0.173	0.275			AT4G18890	0.0	0.015	0.036	0.021	0.666
2way	8	-0.173	0.275			AT4G28140	0.0	0.015	0.036	0.021	0.666
2way	8	-0.173	0.275			AT5G47230	0.0	0.015	0.036	0.021	0.666
2way	8	-0.173	0.275			AT1G14580	0.0	0.015	0.029	0.014	0.67
2way	8	-0.173	0.275			AT1G66370	0.0	0.015	0.029	0.014	0.67
2way	8	-0.173	0.275			AT1G75080	0.0	0.015	0.029	0.014	0.67
2way	8	-0.173	0.275			AT1G77640	0.0	0.015	0.029	0.014	0.67
2way	8	-0.173	0.275			AT2G18380	0.069	0.119	0.152	0.033	0.67
2way	8	-0.173	0.275			AT2G38340	0.0	0.119	0.152	0.033	0.67
2way	8	-0.173	0.275			AT4G16750	0.0	0.119	0.152	0.033	0.67
2way	8	-0.173	0.275			AT1G09540	0.0	0.119	0.145	0.026	0.671
2way	8	-0.173	0.275			AT2G35700	0.0	0.119	0.145	0.026	0.671
2way	8	0.506	0.32			AT1G28370	0.0	0.094	0.112	0.018	0.674
2way	8	-0.173	0.275			AT4G38170	0.0	0.164	0.138	-0.026	0.675
2way	8	0.506	0.32			AT1G68670	0.0	0.019	0.031	0.012	0.677
2way	8	0.506	0.32			AT1G69560	0.0	0.019	0.031	0.012	0.677
2way	8	0.506	0.32			AT3G61250	0.0	0.019	0.031	0.012	0.677
2way	8	0.506	0.32			AT4G38620	0.0	0.019	0.031	0.012	0.677
2way	8	-0.173	0.275			AT1G01060	-0.087	0.134	0.167	0.032	0.683
2way	8	-0.173	0.275			AT3G02940	0.0	0.134	0.167	0.032	0.683
2way	8	-0.173	0.275			AT5G17300	0.0	0.134	0.159	0.025	0.684
2way	8	-0.173	0.275			AT5G47370	0.0	0.134	0.159	0.025	0.684
2way	8	-0.173	0.275			AT2G41690	0.0	0.045	0.029	-0.016	0.685
2way	8	-0.173	0.275			AT5G29000	0.0	0.179	0.152	-0.027	0.686
2way	8	0.506	0.32			AT1G25340	0.0	0.126	0.102	-0.024	0.69
2way	8	0.506	0.32			AT1G77200	0.348	0.126	0.102	-0.024	0.69
2way	8	0.506	0.32			AT1G01060	0.0	0.119	0.102	-0.017	0.692
2way	8	0.506	0.32			AT1G52880	0.0	0.119	0.102	-0.017	0.692
2way	8	0.506	0.32			AT2G31230	0.0	0.119	0.102	-0.017	0.692
2way	8	-0.173	0.275			AT1G08320	0.0	0.149	0.181	0.032	0.693
2way	8	-0.173	0.275			AT1G12260	0.0	0.149	0.181	0.032	0.693
2way	8	-0.173	0.275			AT2G18060	0.0	0.149	0.181	0.032	0.693
2way	8	-0.173	0.275			AT4G32730	0.0	0.149	0.174	0.025	0.695
2way	8	-0.173	0.275			AT5G04410	0.0	0.149	0.174	0.025	0.695
2way	8	-0.173	0.275			AT5G67190	0.0	0.149	0.174	0.025	0.695
2way	8	-0.173	0.275			AT5G24110	0.0	0.194	0.167	-0.027	0.696
2way	8	0.506	0.32			AT1G69490	0.0	0.132	0.112	-0.02	0.701
2way	8	-0.173	0.275			AT4G01540	-0.001	0.164	0.196	0.031	0.703
2way	8	-0.173	0.275			AT3G10480	0.0	0.164	0.188	0.024	0.704
2way	8	0.506	0.32			AT1G69570	0.0	0.145	0.122	-0.022	0.71
2way	8	0.506	0.32			AT1G74650	0.0	0.132	0.153	0.021	0.712
2way	8	0.506	0.32			AT1G80840	0.0	0.031	0.02	-0.011	0.712
2way	8	0.506	0.32			AT3G53200	0.0	0.132	0.153	0.021	0.712
2way	8	0.506	0.32			AT4G01720	0.0	0.031	0.02	-0.011	0.712
2way	8	0.506	0.32			AT4G27950	0.0	0.031	0.02	-0.011	0.712
2way	8	0.506	0.32			AT4G32800	0.0	0.025	0.041	0.016	0.714
2way	8	0.506	0.32			AT5G39820	0.0	0.025	0.041	0.016	0.714
2way	8	0.506	0.32			AT3G18400	0.0	0.151	0.133	-0.018	0.719
2way	8	-0.173	0.275			AT1G44830	0.0	0.03	0.051	0.021	0.721
2way	8	-0.173	0.275			AT3G01470	0.0	0.03	0.051	0.021	0.721
2way	8	-0.173	0.275			AT3G21175	0.0	0.03	0.051	0.021	0.721
2way	8	-0.173	0.275			AT3G23220	0.0	0.03	0.051	0.021	0.721
2way	8	-0.173	0.275			AT3G50700	0.0	0.03	0.051	0.021	0.721
2way	8	-0.173	0.275			AT5G62470	0.0	0.03	0.051	0.021	0.721
2way	8	-0.173	0.275			AT1G13260	0.0	0.03	0.043	0.014	0.724
2way	8	-0.173	0.275			AT1G79180	0.0	0.03	0.043	0.014	0.724
2way	8	-0.173	0.275			AT3G23210	0.0	0.03	0.043	0.014	0.724
2way	8	-0.173	0.275			AT3G25990	0.0	0.03	0.043	0.014	0.724
2way	8	0.506	0.32			AT3G10480	0.0	0.164	0.143	-0.021	0.725
2way	8	0.506	0.32			AT5G65410	0.0	0.151	0.173	0.023	0.726
2way	8	-0.173	0.275			AT3G22830	0.0	0.209	0.232	0.023	0.727
2way	8	-0.173	0.275			AT2G06200	0.0	0.06	0.043	-0.016	0.731
2way	8	0.506	0.32			AT5G07680	0.0	0.031	0.041	0.009	0.735
2way	8	0.506	0.32			AT3G50260	0.404	0.182	0.163	-0.019	0.738
2way	8	0.506	0.32			AT5G65210	0.0	0.182	0.163	-0.019	0.738
2way	8	-0.173	0.275			AT5G13080	0.0	0.284	0.261	-0.023	0.739
2way	8	0.506	0.32			AT4G31550	0.0	0.044	0.031	-0.013	0.746
2way	8	0.506	0.32			AT1G72010	0.0	0.038	0.051	0.013	0.753
2way	8	0.506	0.32			AT5G05550	0.0	0.201	0.224	0.023	0.753
2way	8	-0.173	0.275			AT1G24250	0.0	0.045	0.065	0.02	0.754
2way	8	-0.173	0.275			AT1G70920	0.0	0.045	0.065	0.02	0.754
2way	8	-0.173	0.275			AT4G05100	0.437	0.045	0.065	0.02	0.754
2way	8	-0.173	0.275			AT5G43840	0.0	0.045	0.065	0.02	0.754
2way	8	-0.173	0.275			AT5G65510	0.0	0.045	0.065	0.02	0.754
2way	8	-0.173	0.275			AT5G04390	0.0	0.045	0.058	0.013	0.758
2way	8	-0.173	0.275			AT5G65130	0.0	0.045	0.058	0.013	0.758
2way	8	0.506	0.32			AT2G33550	0.0	0.057	0.041	-0.016	0.771
2way	8	0.506	0.32			AT1G19790	0.0	0.05	0.041	-0.009	0.773
2way	8	-0.173	0.275			AT5G66730	0.0	0.06	0.08	0.02	0.778
2way	8	0.506	0.32			AT5G65130	0.0	0.05	0.061	0.011	0.78
2way	8	-0.173	0.275			AT1G51220	-0.023	0.06	0.072	0.013	0.781
2way	8	-0.173	0.275			AT3G58630	0.0	0.06	0.072	0.013	0.781
2way	8	0.506	0.32			AT5G65510	0.0	0.063	0.051	-0.012	0.789
2way	8	0.506	0.32			AT4G00250	0.0	0.057	0.071	0.015	0.791
2way	8	-0.173	0.275			AT1G47655	0.0	0.075	0.094	0.02	0.795
2way	8	-0.173	0.275			AT3G23240	0.0	0.075	0.094	0.02	0.795
2way	8	-0.173	0.275			AT1G76890	0.0	0.075	0.087	0.012	0.798
2way	8	-0.173	0.275			AT3G27785	0.0	0.075	0.087	0.012	0.798
2way	8	-0.173	0.275			AT1G06850	0.0	0.09	0.109	0.019	0.808
2way	8	-0.173	0.275			AT2G28810	0.0	0.09	0.109	0.019	0.808
2way	8	-0.173	0.275			AT3G10113	0.0	0.09	0.109	0.019	0.808
2way	8	-0.173	0.275			AT1G12630	0.0	0.119	0.101	-0.018	0.81
2way	8	-0.173	0.275			AT1G49560	0.0	0.09	0.101	0.012	0.811
2way	8	-0.173	0.275			AT2G01818	0.0	0.09	0.101	0.012	0.811
2way	8	-0.173	0.275			AT2G44940	0.0	0.09	0.101	0.012	0.811
2way	8	0.506	0.32			AT1G75490	0.0	0.075	0.092	0.016	0.815
2way	8	0.506	0.32			AT5G52660	0.0	0.082	0.071	-0.01	0.816
2way	8	-0.173	0.275			AT2G03500	0.0	0.104	0.123	0.019	0.819
2way	8	-0.173	0.275			AT3G52440	0.0	0.104	0.123	0.019	0.819
2way	8	0.506	0.32			AT1G49560	0.0	0.082	0.092	0.01	0.82
2way	8	0.506	0.32			AT3G57920	0.0	0.082	0.092	0.01	0.82
2way	8	-0.173	0.275			AT1G69180	0.0	0.104	0.116	0.011	0.821
2way	8	-0.173	0.275			AT3G60490	0.0	0.104	0.116	0.011	0.821
2way	8	-0.173	0.275			AT5G53950	0.0	0.104	0.116	0.011	0.821
2way	8	-0.173	0.275			AT5G66940	0.0	0.104	0.116	0.011	0.821
2way	8	0.506	0.32			AT1G71696	0.0	0.094	0.082	-0.013	0.824
2way	8	0.506	0.32			AT1G19000	0.0	0.088	0.102	0.014	0.826
2way	8	0.506	0.32			AT3G06740	0.269	0.088	0.102	0.014	0.826
2way	8	-0.173	0.275			AT1G64620	0.0	0.119	0.138	0.018	0.828
2way	8	-0.173	0.275			AT3G53200	0.0	0.149	0.13	-0.019	0.829
2way	8	-0.173	0.275			AT4G25490	0.0	0.149	0.13	-0.019	0.829
2way	8	-0.173	0.275			AT5G51990	0.0	0.149	0.13	-0.019	0.829
2way	8	0.506	0.32			AT4G10350	0.0	0.107	0.092	-0.015	0.832
2way	8	-0.173	0.275			AT3G45610	0.0	0.149	0.138	-0.012	0.833
2way	8	-0.173	0.275			AT5G02460	0.0	0.149	0.138	-0.012	0.833
2way	8	-0.173	0.275			AT1G32870	0.95	0.164	0.145	-0.019	0.836
2way	8	-0.173	0.275			AT2G45420	0.214	0.164	0.145	-0.019	0.836
2way	8	-0.173	0.275			AT1G77200	0.0	0.164	0.152	-0.012	0.839
2way	8	0.506	0.32			AT2G42200	0.0	0.107	0.122	0.016	0.839
2way	8	0.506	0.32			AT3G04060	0.0	0.113	0.102	-0.011	0.839
2way	8	0.506	0.32			AT4G37260	0.0	0.107	0.122	0.016	0.839
2way	8	0.506	0.32			AT5G06960	0.0	0.113	0.102	-0.011	0.839
2way	8	-0.173	0.275			AT1G34190	0.0	0.149	0.167	0.017	0.841
2way	8	0.506	0.32			AT2G15740	0.0	0.113	0.122	0.009	0.843
2way	8	-0.173	0.275			AT5G46350	0.0	0.179	0.167	-0.012	0.845
2way	8	-0.173	0.275			AT3G17730	0.0	0.164	0.181	0.017	0.846
2way	8	-0.173	0.275			AT3G50260	0.0	0.164	0.181	0.017	0.846
2way	8	0.506	0.32			AT1G50640	0.0	0.119	0.133	0.013	0.846
2way	8	0.506	0.32			AT4G36740	0.0	0.138	0.122	-0.016	0.85
2way	8	0.506	0.32			AT2G02820	0.0	0.138	0.153	0.015	0.855
2way	8	0.506	0.32			AT2G38340	0.0	0.138	0.153	0.015	0.855
2way	8	0.506	0.32			AT3G15210	0.0	0.138	0.153	0.015	0.855
2way	8	0.506	0.32			AT3G50410	0.0	0.145	0.133	-0.012	0.855
2way	8	0.506	0.32			AT3G01220	-0.275	0.145	0.153	0.008	0.858
2way	8	-0.173	0.275			AT5G25190	0.0	0.209	0.225	0.016	0.859
2way	8	0.506	0.32			AT3G20310	0.363	0.157	0.143	-0.014	0.859
2way	8	0.506	0.32			AT1G65910	0.0	0.157	0.173	0.016	0.862
2way	8	-0.173	0.275			AT5G05550	0.16	0.254	0.239	-0.015	0.863
2way	8	0.506	0.32			AT3G55370	0.0	0.164	0.153	-0.01	0.863
2way	8	0.506	0.32			AT5G06950	0.0	0.164	0.153	-0.01	0.863
2way	8	0.506	0.32			AT1G64620	0.0	0.176	0.163	-0.013	0.865
2way	8	0.506	0.32			AT5G66940	0.0	0.189	0.173	-0.015	0.868
2way	8	0.506	0.32			AT4G17980	0.0	0.226	0.214	-0.012	0.878
2way	8	-0.173	0.275			AT1G01250	0.0	0.015	0.014	-0.0	1.0
2way	8	-0.173	0.275			AT1G10720	0.0	0.0	0.0	-0.0	1.0
2way	8	-0.173	0.275			AT1G17950	0.0	0.0	0.007	0.007	1.0
2way	8	-0.173	0.275			AT1G18960	0.0	0.0	0.0	-0.0	1.0
2way	8	-0.173	0.275			AT1G19040	0.0	0.045	0.051	0.006	1.0
2way	8	-0.173	0.275			AT1G19790	0.0	0.06	0.065	0.006	1.0
2way	8	-0.173	0.275			AT1G20910	-0.156	0.09	0.08	-0.01	1.0
2way	8	-0.173	0.275			AT1G21910	0.0	0.03	0.029	-0.001	1.0
2way	8	-0.173	0.275			AT1G22070	0.0	0.0	0.007	0.007	1.0
2way	8	-0.173	0.275			AT1G22810	0.0	0.104	0.101	-0.003	1.0
2way	8	-0.173	0.275			AT1G25550	0.0	0.09	0.087	-0.003	1.0
2way	8	-0.173	0.275			AT1G27360	0.0	0.0	0.007	0.007	1.0
2way	8	-0.173	0.275			AT1G28160	0.0	0.119	0.13	0.011	1.0
2way	8	-0.173	0.275			AT1G30210	0.0	0.0	0.0	-0.0	1.0
2way	8	-0.173	0.275			AT1G30490	0.0	0.119	0.13	0.011	1.0
2way	8	-0.173	0.275			AT1G31140	0.0	0.119	0.13	0.011	1.0
2way	8	-0.173	0.275			AT1G32510	0.0	0.0	0.0	-0.0	1.0
2way	8	-0.173	0.275			AT1G33240	0.0	0.075	0.08	0.005	1.0
2way	8	-0.173	0.275			AT1G34180	0.0	0.149	0.145	-0.004	1.0
2way	8	-0.173	0.275			AT1G34370	0.0	0.015	0.014	-0.0	1.0
2way	8	-0.173	0.275			AT1G43700	0.0	0.03	0.022	-0.008	1.0
2way	8	-0.173	0.275			AT1G46264	0.0	0.015	0.007	-0.008	1.0
2way	8	-0.173	0.275			AT1G47870	0.0	0.015	0.007	-0.008	1.0
2way	8	-0.173	0.275			AT1G51700	0.0	0.075	0.065	-0.009	1.0
2way	8	-0.173	0.275			AT1G52880	0.0	0.149	0.159	0.01	1.0
2way	8	-0.173	0.275			AT1G60920	0.0	0.0	0.0	-0.0	1.0
2way	8	-0.173	0.275			AT1G63030	0.0	0.0	0.0	-0.0	1.0
2way	8	-0.173	0.275			AT1G63040	0.0	0.0	0.0	-0.0	1.0
2way	8	-0.173	0.275			AT1G66420	0.0	0.0	0.0	-0.0	1.0
2way	8	-0.173	0.275			AT1G67260	0.0	0.0	0.007	0.007	1.0
2way	8	-0.173	0.275			AT1G68320	0.18	0.09	0.094	0.005	1.0
2way	8	-0.173	0.275			AT1G68670	0.0	0.045	0.051	0.006	1.0
2way	8	-0.173	0.275			AT1G69560	0.0	0.015	0.014	-0.0	1.0
2way	8	-0.173	0.275			AT1G69780	0.0	0.119	0.123	0.004	1.0
2way	8	-0.173	0.275			AT1G70910	0.0	0.0	0.0	-0.0	1.0
2way	8	-0.173	0.275			AT1G74370	0.0	0.0	0.0	-0.0	1.0
2way	8	-0.173	0.275			AT1G75390	0.309	0.03	0.022	-0.008	1.0
2way	8	-0.173	0.275			AT1G76870	0.0	0.0	0.007	0.007	1.0
2way	8	-0.173	0.275			AT2G01060	0.0	0.09	0.087	-0.003	1.0
2way	8	-0.173	0.275			AT2G01930	0.0	0.119	0.123	0.004	1.0
2way	8	-0.173	0.275			AT2G17900	0.0	0.0	0.007	0.007	1.0
2way	8	-0.173	0.275			AT2G17950	0.0	0.015	0.022	0.007	1.0
2way	8	-0.173	0.275			AT2G21900	0.0	0.03	0.022	-0.008	1.0
2way	8	-0.173	0.275			AT2G23340	0.0	0.149	0.159	0.01	1.0
2way	8	-0.173	0.275			AT2G38090	0.0	0.0	0.007	0.007	1.0
2way	8	-0.173	0.275			AT2G38300	0.0	0.015	0.014	-0.0	1.0
2way	8	-0.173	0.275			AT2G46130	0.0	0.104	0.094	-0.01	1.0
2way	8	-0.173	0.275			AT2G46590	0.0	0.134	0.145	0.011	1.0
2way	8	-0.173	0.275			AT2G48100	0.0	0.0	0.0	-0.0	1.0
2way	8	-0.173	0.275			AT3G02990	0.0	0.06	0.058	-0.002	1.0
2way	8	-0.173	0.275			AT3G03200	0.0	0.194	0.203	0.009	1.0
2way	8	-0.173	0.275			AT3G03660	0.0	0.015	0.014	-0.0	1.0
2way	8	-0.173	0.275			AT3G06490	0.0	0.06	0.051	-0.009	1.0
2way	8	-0.173	0.275			AT3G07220	0.0	0.0	0.007	0.007	1.0
2way	8	-0.173	0.275			AT3G08500	0.0	0.09	0.087	-0.003	1.0
2way	8	-0.173	0.275			AT3G09230	0.0	0.0	0.007	0.007	1.0
2way	8	-0.173	0.275			AT3G10500	0.0	0.164	0.159	-0.005	1.0
2way	8	-0.173	0.275			AT3G11020	0.0	0.075	0.072	-0.002	1.0
2way	8	-0.173	0.275			AT3G12720	0.0	0.134	0.145	0.011	1.0
2way	8	-0.173	0.275			AT3G12820	0.0	0.03	0.036	0.006	1.0
2way	8	-0.173	0.275			AT3G12910	0.0	0.0	0.0	-0.0	1.0
2way	8	-0.173	0.275			AT3G13040	0.0	0.015	0.007	-0.008	1.0
2way	8	-0.173	0.275			AT3G13810	0.0	0.075	0.072	-0.002	1.0
2way	8	-0.173	0.275			AT3G18400	0.0	0.194	0.188	-0.006	1.0
2way	8	-0.173	0.275			AT3G18990	0.0	0.119	0.13	0.011	1.0
2way	8	-0.173	0.275			AT3G21890	0.0	0.075	0.065	-0.009	1.0
2way	8	-0.173	0.275			AT3G22780	0.0	0.0	0.007	0.007	1.0
2way	8	-0.173	0.275			AT3G23250	0.0	0.015	0.014	-0.0	1.0
2way	8	-0.173	0.275			AT3G30530	0.0	0.015	0.014	-0.0	1.0
2way	8	-0.173	0.275			AT3G45150	0.0	0.015	0.022	0.007	1.0
2way	8	-0.173	0.275			AT3G46070	0.0	0.0	0.007	0.007	1.0
2way	8	-0.173	0.275			AT3G46590	0.0	0.03	0.022	-0.008	1.0
2way	8	-0.173	0.275			AT3G47500	0.0	0.104	0.094	-0.01	1.0
2way	8	-0.173	0.275			AT3G47620	0.0	0.0	0.007	0.007	1.0
2way	8	-0.173	0.275			AT3G49930	0.0	0.0	0.0	-0.0	1.0
2way	8	-0.173	0.275			AT3G50410	0.0	0.09	0.087	-0.003	1.0
2way	8	-0.173	0.275			AT3G51080	0.0	0.0	0.007	0.007	1.0
2way	8	-0.173	0.275			AT3G57230	0.0	0.0	0.007	0.007	1.0
2way	8	-0.173	0.275			AT3G57600	0.0	0.015	0.022	0.007	1.0
2way	8	-0.173	0.275			AT3G61120	0.0	0.0	0.007	0.007	1.0
2way	8	-0.173	0.275			AT3G61250	0.0	0.015	0.022	0.007	1.0
2way	8	-0.173	0.275			AT4G00730	0.0	0.134	0.138	0.003	1.0
2way	8	-0.173	0.275			AT4G01280	-0.161	0.149	0.159	0.01	1.0
2way	8	-0.173	0.275			AT4G01500	0.0	0.015	0.014	-0.0	1.0
2way	8	-0.173	0.275			AT4G01720	0.0	0.015	0.022	0.007	1.0
2way	8	-0.173	0.275			AT4G04450	0.0	0.045	0.043	-0.001	1.0
2way	8	-0.173	0.275			AT4G11660	0.0	0.209	0.21	0.001	1.0
2way	8	-0.173	0.275			AT4G12670	0.0	0.0	0.0	-0.0	1.0
2way	8	-0.173	0.275			AT4G14410	0.0	0.0	0.0	-0.0	1.0
2way	8	-0.173	0.275			AT4G24470	0.0	0.015	0.014	-0.0	1.0
2way	8	-0.173	0.275			AT4G27900	0.0	0.0	0.0	-0.0	1.0
2way	8	-0.173	0.275			AT4G29230	0.0	0.09	0.094	0.005	1.0
2way	8	-0.173	0.275			AT4G30080	0.0	0.0	0.0	-0.0	1.0
2way	8	-0.173	0.275			AT4G32800	0.0	0.045	0.043	-0.001	1.0
2way	8	-0.173	0.275			AT4G37790	0.0	0.0	0.0	-0.0	1.0
2way	8	-0.173	0.275			AT4G38620	0.0	0.015	0.022	0.007	1.0
2way	8	-0.173	0.275			AT4G38910	0.0	0.0	0.0	-0.0	1.0
2way	8	-0.173	0.275			AT5G02840	0.0	0.045	0.051	0.006	1.0
2way	8	-0.173	0.275			AT5G06839	0.0	0.149	0.152	0.003	1.0
2way	8	-0.173	0.275			AT5G06960	0.0	0.075	0.065	-0.009	1.0
2way	8	-0.173	0.275			AT5G13790	0.0	0.045	0.036	-0.009	1.0
2way	8	-0.173	0.275			AT5G16600	0.0	0.0	0.0	-0.0	1.0
2way	8	-0.173	0.275			AT5G18090	0.0	0.0	0.0	-0.0	1.0
2way	8	-0.173	0.275			AT5G22500	0.0	0.045	0.043	-0.001	1.0
2way	8	-0.173	0.275			AT5G22890	0.0	0.0	0.0	-0.0	1.0
2way	8	-0.173	0.275			AT5G25475	0.0	0.0	0.0	-0.0	1.0
2way	8	-0.173	0.275			AT5G38800	0.0	0.0	0.0	-0.0	1.0
2way	8	-0.173	0.275			AT5G38860	0.0	0.0	0.0	-0.0	1.0
2way	8	-0.173	0.275			AT5G40330	0.0	0.0	0.007	0.007	1.0
2way	8	-0.173	0.275			AT5G42520	0.0	0.0	0.0	-0.0	1.0
2way	8	-0.173	0.275			AT5G44160	0.0	0.015	0.022	0.007	1.0
2way	8	-0.173	0.275			AT5G48670	0.0	0.0	0.0	-0.0	1.0
2way	8	-0.173	0.275			AT5G49300	0.0	0.0	0.007	0.007	1.0
2way	8	-0.173	0.275			AT5G52170	0.0	0.0	0.007	0.007	1.0
2way	8	-0.173	0.275			AT5G52660	0.0	0.119	0.123	0.004	1.0
2way	8	-0.173	0.275			AT5G54230	0.0	0.134	0.145	0.011	1.0
2way	8	-0.173	0.275			AT5G56930	0.0	0.015	0.007	-0.008	1.0
2way	8	-0.173	0.275			AT5G58620	0.0	0.0	0.007	0.007	1.0
2way	8	-0.173	0.275			AT5G59990	0.0	0.015	0.014	-0.0	1.0
2way	8	-0.173	0.275			AT5G62000	0.0	0.104	0.109	0.004	1.0
2way	8	-0.173	0.275			AT5G62165	0.0	0.0	0.0	-0.0	1.0
2way	8	-0.173	0.275			AT5G62940	0.0	0.104	0.094	-0.01	1.0
2way	8	-0.173	0.275			AT5G63090	0.0	0.045	0.051	0.006	1.0
2way	8	-0.173	0.275			AT5G64060	0.0	0.104	0.109	0.004	1.0
2way	8	-0.173	0.275			AT5G65210	0.0	0.134	0.145	0.011	1.0
2way	8	-0.173	0.275			AT1G25580	0.0	0.06	0.065	0.006	1.0
2way	8	0.506	0.32			AT1G01250	0.0	0.006	0.01	0.004	1.0
2way	8	0.506	0.32			AT1G01720	0.0	0.151	0.143	-0.008	1.0
2way	8	0.506	0.32			AT1G10720	0.0	0.0	0.0	-0.0	1.0
2way	8	0.506	0.32			AT1G12260	0.0	0.107	0.112	0.005	1.0
2way	8	0.506	0.32			AT1G14580	0.0	0.019	0.02	0.002	1.0
2way	8	0.506	0.32			AT1G18570	0.0	0.025	0.02	-0.005	1.0
2way	8	0.506	0.32			AT1G18960	0.0	0.0	0.0	-0.0	1.0
2way	8	0.506	0.32			AT1G19040	0.0	0.044	0.051	0.007	1.0
2way	8	0.506	0.32			AT1G20980	0.0	0.057	0.061	0.005	1.0
2way	8	0.506	0.32			AT1G27360	0.0	0.006	0.0	-0.006	1.0
2way	8	0.506	0.32			AT1G32240	0.0	0.031	0.031	-0.001	1.0
2way	8	0.506	0.32			AT1G33240	0.0	0.119	0.122	0.003	1.0
2way	8	0.506	0.32			AT1G36060	0.0	0.075	0.082	0.006	1.0
2way	8	0.506	0.32			AT1G47870	0.0	0.0	0.0	-0.0	1.0
2way	8	0.506	0.32			AT1G51600	0.0	0.013	0.01	-0.002	1.0
2way	8	0.506	0.32			AT1G51700	0.0	0.157	0.163	0.006	1.0
2way	8	0.506	0.32			AT1G55110	0.0	0.057	0.051	-0.006	1.0
2way	8	0.506	0.32			AT1G60920	0.0	0.0	0.0	-0.0	1.0
2way	8	0.506	0.32			AT1G63030	0.0	0.006	0.01	0.004	1.0
2way	8	0.506	0.32			AT1G63040	0.0	0.0	0.0	-0.0	1.0
2way	8	0.506	0.32			AT1G65620	0.0	0.006	0.0	-0.006	1.0
2way	8	0.506	0.32			AT1G66420	0.0	0.0	0.0	-0.0	1.0
2way	8	0.506	0.32			AT1G67260	0.0	0.0	0.0	-0.0	1.0
2way	8	0.506	0.32			AT1G74370	0.0	0.0	0.0	-0.0	1.0
2way	8	0.506	0.32			AT1G75390	0.0	0.031	0.031	-0.001	1.0
2way	8	0.506	0.32			AT1G76870	0.0	0.006	0.0	-0.006	1.0
2way	8	0.506	0.32			AT1G76890	0.0	0.119	0.122	0.003	1.0
2way	8	0.506	0.32			AT1G77640	0.0	0.025	0.02	-0.005	1.0
2way	8	0.506	0.32			AT2G01940	0.0	0.107	0.102	-0.005	1.0
2way	8	0.506	0.32			AT2G02070	0.0	0.063	0.061	-0.002	1.0
2way	8	0.506	0.32			AT2G02540	0.0	0.151	0.143	-0.008	1.0
2way	8	0.506	0.32			AT2G06200	0.0	0.057	0.051	-0.006	1.0
2way	8	0.506	0.32			AT2G17410	0.0	0.006	0.01	0.004	1.0
2way	8	0.506	0.32			AT2G17950	0.0	0.038	0.041	0.003	1.0
2way	8	0.506	0.32			AT2G28920	0.0	0.031	0.031	-0.001	1.0
2way	8	0.506	0.32			AT2G31460	0.0	0.0	0.0	-0.0	1.0
2way	8	0.506	0.32			AT2G33710	0.0	0.107	0.112	0.005	1.0
2way	8	0.506	0.32			AT2G33810	0.0	0.025	0.031	0.005	1.0
2way	8	0.506	0.32			AT2G38090	0.0	0.0	0.0	-0.0	1.0
2way	8	0.506	0.32			AT2G38880	0.0	0.0	0.0	-0.0	1.0
2way	8	0.506	0.32			AT2G39900	0.0	0.006	0.01	0.004	1.0
2way	8	0.506	0.32			AT2G41835	0.0	0.006	0.0	-0.006	1.0
2way	8	0.506	0.32			AT2G46400	0.0	0.006	0.01	0.004	1.0
2way	8	0.506	0.32			AT2G47070	0.0	0.119	0.112	-0.007	1.0
2way	8	0.506	0.32			AT2G48100	0.0	0.006	0.0	-0.006	1.0
2way	8	0.506	0.32			AT3G02150	0.0	0.013	0.02	0.008	1.0
2way	8	0.506	0.32			AT3G03200	0.0	0.164	0.163	-0.0	1.0
2way	8	0.506	0.32			AT3G04070	0.0	0.025	0.02	-0.005	1.0
2way	8	0.506	0.32			AT3G08500	0.0	0.107	0.112	0.005	1.0
2way	8	0.506	0.32			AT3G09230	0.0	0.0	0.0	-0.0	1.0
2way	8	0.506	0.32			AT3G11280	0.0	0.013	0.02	0.008	1.0
2way	8	0.506	0.32			AT3G12720	0.0	0.088	0.092	0.004	1.0
2way	8	0.506	0.32			AT3G12910	0.0	0.006	0.0	-0.006	1.0
2way	8	0.506	0.32			AT3G13040	0.0	0.0	0.0	-0.0	1.0
2way	8	0.506	0.32			AT3G13810	0.0	0.057	0.061	0.005	1.0
2way	8	0.506	0.32			AT3G15170	0.0	0.075	0.082	0.006	1.0
2way	8	0.506	0.32			AT3G16280	0.0	0.069	0.061	-0.008	1.0
2way	8	0.506	0.32			AT3G17730	0.0	0.157	0.163	0.006	1.0
2way	8	0.506	0.32			AT3G20840	0.0	0.013	0.01	-0.002	1.0
2way	8	0.506	0.32			AT3G23220	0.0	0.013	0.01	-0.002	1.0
2way	8	0.506	0.32			AT3G26790	0.0	0.069	0.071	0.002	1.0
2way	8	0.506	0.32			AT3G27785	0.0	0.088	0.082	-0.006	1.0
2way	8	0.506	0.32			AT3G45150	0.0	0.013	0.01	-0.002	1.0
2way	8	0.506	0.32			AT3G45170	0.0	0.013	0.01	-0.002	1.0
2way	8	0.506	0.32			AT3G46070	0.0	0.0	0.0	-0.0	1.0
2way	8	0.506	0.32			AT3G48160	0.0	0.006	0.0	-0.006	1.0
2way	8	0.506	0.32			AT3G49530	0.0	0.157	0.163	0.006	1.0
2way	8	0.506	0.32			AT3G49930	0.0	0.006	0.01	0.004	1.0
2way	8	0.506	0.32			AT3G50700	0.0	0.025	0.031	0.005	1.0
2way	8	0.506	0.32			AT3G51470	0.0	0.013	0.01	-0.002	1.0
2way	8	0.506	0.32			AT3G58630	0.0	0.019	0.02	0.002	1.0
2way	8	0.506	0.32			AT3G61120	0.0	0.006	0.0	-0.006	1.0
2way	8	0.506	0.32			AT4G04450	0.0	0.019	0.02	0.002	1.0
2way	8	0.506	0.32			AT4G12670	0.0	0.006	0.0	-0.006	1.0
2way	8	0.506	0.32			AT4G14410	0.0	0.0	0.0	-0.0	1.0
2way	8	0.506	0.32			AT4G16750	0.0	0.138	0.143	0.004	1.0
2way	8	0.506	0.32			AT4G17460	0.0	0.013	0.01	-0.002	1.0
2way	8	0.506	0.32			AT4G18770	0.0	0.119	0.122	0.003	1.0
2way	8	0.506	0.32			AT4G24240	0.0	0.0	0.0	-0.0	1.0
2way	8	0.506	0.32			AT4G24470	0.0	0.013	0.02	0.008	1.0
2way	8	0.506	0.32			AT4G31060	0.0	0.126	0.133	0.007	1.0
2way	8	0.506	0.32			AT4G34410	0.0	0.157	0.153	-0.004	1.0
2way	8	0.506	0.32			AT4G36620	0.0	0.006	0.01	0.004	1.0
2way	8	0.506	0.32			AT4G37790	0.0	0.006	0.0	-0.006	1.0
2way	8	0.506	0.32			AT4G38910	0.0	0.0	0.0	-0.0	1.0
2way	8	0.506	0.32			AT5G02460	0.0	0.201	0.204	0.003	1.0
2way	8	0.506	0.32			AT5G03150	0.0	0.025	0.02	-0.005	1.0
2way	8	0.506	0.32			AT5G06100	0.163	0.126	0.122	-0.003	1.0
2way	8	0.506	0.32			AT5G08130	0.0	0.031	0.031	-0.001	1.0
2way	8	0.506	0.32			AT5G08330	0.0	0.057	0.061	0.005	1.0
2way	8	0.506	0.32			AT5G10140	0.0	0.006	0.01	0.004	1.0
2way	8	0.506	0.32			AT5G10510	0.0	0.013	0.01	-0.002	1.0
2way	8	0.506	0.32			AT5G14340	0.0	0.013	0.02	0.008	1.0
2way	8	0.506	0.32			AT5G16600	0.0	0.006	0.01	0.004	1.0
2way	8	0.506	0.32			AT5G18090	0.0	0.013	0.01	-0.002	1.0
2way	8	0.506	0.32			AT5G18450	0.0	0.069	0.061	-0.008	1.0
2way	8	0.506	0.32			AT5G22890	0.0	0.0	0.0	-0.0	1.0
2way	8	0.506	0.32			AT5G23930	0.0	0.119	0.112	-0.007	1.0
2way	8	0.506	0.32			AT5G25390	0.0	0.0	0.0	-0.0	1.0
2way	8	0.506	0.32			AT5G38800	0.0	0.0	0.0	-0.0	1.0
2way	8	0.506	0.32			AT5G40330	0.0	0.006	0.0	-0.006	1.0
2way	8	0.506	0.32			AT5G42520	0.0	0.006	0.0	-0.006	1.0
2way	8	0.506	0.32			AT5G42820	0.0	0.0	0.0	-0.0	1.0
2way	8	0.506	0.32			AT5G45300	0.072	0.101	0.102	0.001	1.0
2way	8	0.506	0.32			AT5G46350	-0.026	0.094	0.102	0.008	1.0
2way	8	0.506	0.32			AT5G49300	0.0	0.0	0.0	-0.0	1.0
2way	8	0.506	0.32			AT5G50570	0.0	0.025	0.031	0.005	1.0
2way	8	0.506	0.32			AT5G58620	0.0	0.006	0.0	-0.006	1.0
2way	8	0.506	0.32			AT5G58900	0.0	0.075	0.082	0.006	1.0
2way	8	0.506	0.32			AT5G62165	0.0	0.006	0.0	-0.006	1.0
2way	8	0.506	0.32			AT5G62380	0.0	0.126	0.122	-0.003	1.0
2way	8	0.506	0.32			AT5G63090	0.0	0.019	0.02	0.002	1.0
2way	8	0.506	0.32			AT5G66700	0.0	0.17	0.173	0.004	1.0
2way	8	0.506	0.32			AT5G67000	0.0	0.0	0.0	-0.0	1.0
2way	8	0.506	0.32			AT5G67580	0.0	0.088	0.082	-0.006	1.0
vsOthers	1	0.0	0.872	-0.388	0.398	AT4G32730	1.514		0.169	0.242	5e-18
vsOthers	1	0.0	0.872	-0.388	0.398	AT3G20770	0.909		0.055	0.149	5.88e-14
vsOthers	1	0.0	0.872	1.184	0.873	AT3G20770	-0.647	0.053	0.142	-0.088	6.88e-09
vsOthers	1	0.0	0.872	1.184	0.873	AT4G32730	-0.094	0.172	0.298	-0.126	1.64e-08
vsOthers	1	0.0	0.872	1.184	0.873	AT4G18170	0.181	0.171	0.076	0.095	2.46e-07
vsOthers	1	0.0	0.872	-0.388	0.398	AT5G25830	0.974		0.043	0.081	9.5e-07
vsOthers	1	0.0	0.872	1.184	0.873	AT1G28470	0.544	0.152	0.067	0.085	1.2e-06
vsOthers	1	0.0	0.872	1.184	0.873	AT1G29860	0.422	0.165	0.076	0.089	1.54e-06
vsOthers	1	0.0	0.872	1.184	0.873	AT2G30250	0.21	0.191	0.099	0.093	2.5e-06
vsOthers	1	0.0	0.872	1.184	0.873	AT4G28500	0.513	0.127	0.054	0.073	8.34e-06
vsOthers	1	0.0	0.872	-0.388	0.398	AT1G62300	-1.348		0.142	-0.095	1.36e-05
vsOthers	1	0.0	0.872	-0.388	0.398	AT4G18170	-0.572		0.157	-0.097	1.83e-05
vsOthers	1	0.0	0.872	1.184	0.873	AT2G38470	0.0	0.165	0.088	0.078	2.46e-05
vsOthers	1	0.0	0.872	-0.388	0.398	AT5G58850	0.304		0.148	0.103	3.04e-05
vsOthers	1	0.0	0.872	1.184	0.873	AT2G18060	0.471	0.135	0.065	0.07	3.74e-05
vsOthers	1	0.0	0.872	1.184	0.873	AT4G22070	0.054	0.125	0.058	0.067	4.1e-05
vsOthers	1	0.0	0.872	-0.388	0.398	AT1G08010	0.345		0.052	0.068	4.99e-05
vsOthers	1	0.0	0.872	1.184	0.873	AT1G62300	0.0	0.148	0.078	0.07	8.7e-05
vsOthers	1	0.0	0.872	-1.002	0.807	AT1G34370	0.0	0.076	0.022	0.053	0.0001
vsOthers	1	0.0	0.872	1.184	0.873	AT2G40740	0.564	0.171	0.097	0.074	0.0001
vsOthers	1	0.0	0.872	1.184	0.873	AT4G36740	0.228	0.158	0.088	0.071	0.000104
vsOthers	1	0.0	0.872	1.184	0.873	AT3G01970	0.226	0.159	0.088	0.072	0.000111
vsOthers	1	0.0	0.872	-0.388	0.398	AT4G31800	-0.255		0.18	-0.093	0.000114
vsOthers	1	0.0	0.872	-0.388	0.398	AT4G22070	-0.087		0.116	-0.076	0.000124
vsOthers	1	0.0	0.872	-0.388	0.398	AT1G29860	0.0		0.15	-0.083	0.000143
vsOthers	1	0.0	0.872	1.184	0.873	AT4G25480	0.095	0.192	0.117	0.075	0.000172
vsOthers	1	0.0	0.872	1.184	0.873	AT1G65910	0.596	0.136	0.073	0.063	0.000189
vsOthers	1	0.0	0.872	1.184	0.873	AT5G09410	1.038	0.138	0.074	0.063	0.000212
vsOthers	1	0.0	0.872	-0.388	0.398	AT5G41570	-0.235		0.161	-0.084	0.000233
vsOthers	1	0.0	0.872	-0.388	0.398	AT1G28470	-0.148		0.137	-0.077	0.00025
vsOthers	1	0.0	0.872	1.184	0.873	AT5G51990	0.689	0.179	0.108	0.071	0.000267
vsOthers	1	0.0	0.872	1.184	0.873	AT1G30650	0.581	0.165	0.097	0.068	0.000285
vsOthers	1	0.0	0.872	1.184	0.873	AT2G03340	0.683	0.064	0.022	0.042	0.000291
vsOthers	1	0.0	0.872	-0.388	0.398	AT3G10480	-0.704		0.136	-0.076	0.00038
vsOthers	1	0.0	0.872	-0.388	0.398	AT1G30650	-0.283		0.157	-0.08	0.000414
vsOthers	1	0.0	0.872	1.184	0.873	AT3G17730	0.393	0.145	0.082	0.063	0.000434
vsOthers	1	0.0	0.872	1.184	0.873	AT2G23320	0.151	0.185	0.115	0.07	0.000448
vsOthers	1	0.0	0.872	1.184	0.873	AT1G34670	0.769	0.139	0.078	0.061	0.000452
vsOthers	1	0.0	0.872	1.184	0.873	AT4G25470	0.135	0.164	0.099	0.065	0.000514
vsOthers	1	0.0	0.872	-1.002	0.807	AT2G18380	0.0	0.034	0.108	-0.074	0.00054
vsOthers	1	0.0	0.872	-1.002	0.807	AT4G14410	0.0	0.017	0.0	0.017	0.000573
vsOthers	1	0.0	0.872	1.184	0.873	AT5G41570	-0.224	0.167	0.102	0.065	0.000582
vsOthers	1	0.0	0.872	1.184	0.873	AT4G31800	-0.079	0.185	0.117	0.068	0.0006
vsOthers	1	0.0	0.872	1.184	0.873	AT4G36160	0.192	0.189	0.121	0.068	0.000679
vsOthers	1	0.0	0.872	1.184	0.873	AT1G12260	0.447	0.128	0.071	0.057	0.000722
vsOthers	1	0.0	0.872	-1.002	0.807	AT1G06850	0.0	0.038	0.108	-0.07	0.000752
vsOthers	1	0.0	0.872	-0.388	0.398	AT3G27785	0.0		0.095	0.069	0.000778
vsOthers	1	0.0	0.872	-0.388	0.398	AT1G34180	-0.257		0.138	-0.071	0.000833
vsOthers	1	0.0	0.872	1.184	0.873	AT3G03200	0.0	0.14	0.082	0.058	0.000916
vsOthers	1	0.0	0.872	-0.388	0.398	AT2G18060	-0.283		0.123	-0.067	0.000919
vsOthers	1	0.0	0.872	-0.388	0.398	AT1G32870	-0.112		0.132	-0.069	0.000944
vsOthers	1	0.0	0.872	1.184	0.873	AT2G02540	-0.045	0.164	0.102	0.062	0.000953
vsOthers	1	0.0	0.872	1.184	0.873	AT1G54330	0.069	0.132	0.076	0.056	0.00122
vsOthers	1	0.0	0.872	-0.388	0.398	AT3G10500	0.0		0.131	-0.067	0.00129
vsOthers	1	0.0	0.872	-0.388	0.398	AT4G28500	0.0		0.114	-0.064	0.00129
vsOthers	1	0.0	0.872	1.184	0.873	AT1G29280	0.0	0.176	0.114	0.063	0.00139
vsOthers	1	0.0	0.872	-0.388	0.398	AT4G26030	-0.769		0.108	-0.061	0.00142
vsOthers	1	0.0	0.872	1.184	0.873	AT5G62380	0.0	0.128	0.074	0.053	0.00142
vsOthers	1	0.0	0.872	-0.388	0.398	AT5G04410	0.0		0.143	-0.069	0.00145
vsOthers	1	0.0	0.872	-0.388	0.398	AT1G54330	0.0		0.125	-0.065	0.00146
vsOthers	1	0.0	0.872	-0.388	0.398	AT2G30250	0.24		0.174	-0.077	0.00148
vsOthers	1	0.0	0.872	-0.388	0.398	AT4G17980	-0.028		0.146	-0.069	0.00162
vsOthers	1	0.0	0.872	-0.388	0.398	AT1G02250	-0.637		0.103	-0.06	0.00168
vsOthers	1	0.0	0.872	-0.388	0.398	AT4G36740	-0.644		0.147	-0.07	0.0017
vsOthers	1	0.0	0.872	1.184	0.873	AT5G66700	0.529	0.194	0.13	0.064	0.00174
vsOthers	1	0.0	0.872	-0.388	0.398	AT1G19040	-2.283		0.035	-0.035	0.00177
vsOthers	1	0.0	0.872	-0.388	0.398	AT1G69180	-1.224		0.112	-0.062	0.00178
vsOthers	1	0.0	0.872	1.184	0.873	AT1G73730	3.319	0.018	0.0	0.018	0.00179
vsOthers	1	0.0	0.872	-0.388	0.398	AT1G69780	-0.459		0.124	-0.064	0.00209
vsOthers	1	0.0	0.872	-0.388	0.398	AT5G64060	-0.033		0.124	-0.064	0.00209
vsOthers	1	0.0	0.872	1.184	0.873	AT1G69780	0.0	0.13	0.078	0.052	0.00215
vsOthers	1	0.0	0.872	1.184	0.873	AT5G26170	0.0	0.175	0.115	0.06	0.00231
vsOthers	1	0.0	0.872	-0.388	0.398	AT1G16490	-0.637		0.128	-0.064	0.00236
vsOthers	1	0.0	0.872	1.184	0.873	AT4G26640	0.517	0.081	0.039	0.041	0.00239
vsOthers	1	0.0	0.872	1.184	0.873	AT3G61150	0.003	0.119	0.069	0.05	0.00245
vsOthers	1	0.0	0.872	-1.002	0.807	AT2G33550	0.0	0.101	0.049	0.052	0.00246
vsOthers	1	0.0	0.872	-0.388	0.398	AT3G61150	-0.285		0.113	-0.059	0.00264
vsOthers	1	0.0	0.872	-0.388	0.398	AT2G38470	0.168		0.151	-0.067	0.00266
vsOthers	1	0.0	0.872	1.184	0.873	AT5G10280	0.078	0.044	0.015	0.029	0.00272
vsOthers	1	0.0	0.872	-0.388	0.398	AT2G23320	0.0		0.175	-0.071	0.00273
vsOthers	1	0.0	0.872	1.184	0.873	AT1G70920	0.219	0.101	0.056	0.045	0.00278
vsOthers	1	0.0	0.872	1.184	0.873	AT4G23550	0.001	0.155	0.101	0.055	0.00293
vsOthers	1	0.0	0.872	-0.388	0.398	AT1G49560	0.674		0.092	0.059	0.0033
vsOthers	1	0.0	0.872	-0.388	0.398	AT2G40740	0.435		0.158	-0.068	0.00331
vsOthers	1	0.0	0.872	1.184	0.873	AT4G25490	-0.209	0.172	0.115	0.057	0.00357
vsOthers	1	0.0	0.872	1.184	0.873	AT4G29230	0.0	0.1	0.056	0.044	0.00367
vsOthers	1	0.0	0.872	-0.388	0.398	AT1G34190	-0.179		0.141	-0.064	0.00382
vsOthers	1	0.0	0.872	-1.002	0.807	AT3G21890	0.0	0.046	0.108	-0.061	0.00421
vsOthers	1	0.0	0.872	-0.388	0.398	AT3G17730	0.0		0.135	-0.061	0.00422
vsOthers	1	0.0	0.872	-0.388	0.398	AT1G65910	0.462		0.125	-0.058	0.00426
vsOthers	1	0.0	0.872	-0.388	0.398	AT3G01970	0.0		0.146	-0.063	0.00434
vsOthers	1	0.0	0.872	1.184	0.873	AT5G65310	0.0	0.172	0.117	0.055	0.00462
vsOthers	1	0.0	0.872	1.184	0.873	AT4G01550	0.001	0.112	0.067	0.045	0.00471
vsOthers	1	0.0	0.872	-1.002	0.807	AT2G31230	0.0	0.202	0.132	0.07	0.00508
vsOthers	1	0.0	0.872	1.184	0.873	AT5G54230	0.196	0.148	0.097	0.051	0.00521
vsOthers	1	0.0	0.872	-0.388	0.398	AT4G36160	0.0		0.179	-0.068	0.00538
vsOthers	1	0.0	0.872	-0.388	0.398	AT3G18400	0.0		0.149	-0.062	0.0063
vsOthers	1	0.0	0.872	1.184	0.873	AT5G52830	-0.168	0.146	0.097	0.049	0.00645
vsOthers	1	0.0	0.872	-1.002	0.807	AT5G66700	0.0	0.109	0.183	-0.074	0.00655
vsOthers	1	0.0	0.872	-0.388	0.398	AT1G12260	-0.108		0.119	-0.055	0.00661
vsOthers	1	0.0	0.872	-1.002	0.807	AT1G18960	0.0	0.017	0.002	0.015	0.00662
vsOthers	1	0.0	0.872	1.184	0.873	AT1G12610	0.0	0.092	0.052	0.039	0.00669
vsOthers	1	0.0	0.872	-1.002	0.807	AT3G23210	0.0	0.063	0.027	0.036	0.00671
vsOthers	1	0.0	0.872	1.184	0.873	AT1G75390	0.0	0.027	0.056	-0.029	0.00674
vsOthers	1	0.0	0.872	-0.388	0.398	AT1G43700	1.509		0.025	0.032	0.00685
vsOthers	1	0.0	0.872	-0.388	0.398	AT2G04038	1.051		0.151	0.066	0.00688
vsOthers	1	0.0	0.872	-0.388	0.398	AT1G06180	0.0		0.077	-0.044	0.00693
vsOthers	1	0.0	0.872	-0.388	0.398	AT3G03200	0.168		0.131	-0.057	0.00705
vsOthers	1	0.0	0.872	-0.388	0.398	AT1G29280	0.0		0.167	-0.063	0.00722
vsOthers	1	0.0	0.872	1.184	0.873	AT1G45249	-0.689	0.084	0.127	-0.043	0.00728
vsOthers	1	0.0	0.872	-0.388	0.398	AT1G74650	-0.423		0.143	-0.059	0.0073
vsOthers	1	0.0	0.872	-0.388	0.398	AT5G39610	-0.105		0.122	-0.055	0.00736
vsOthers	1	0.0	0.872	1.184	0.873	AT3G10500	0.0	0.134	0.088	0.046	0.00768
vsOthers	1	0.0	0.872	-0.388	0.398	AT1G76890	-0.979		0.134	-0.057	0.00775
vsOthers	1	0.0	0.872	-0.388	0.398	AT5G24110	0.0		0.114	-0.054	0.00781
vsOthers	1	0.0	0.872	1.184	0.873	AT1G74650	0.356	0.148	0.101	0.047	0.00882
vsOthers	1	0.0	0.872	1.184	0.873	AT5G13080	-0.397	0.18	0.128	0.052	0.00885
vsOthers	1	0.0	0.872	-1.002	0.807	AT2G30250	0.0	0.101	0.17	-0.069	0.00891
vsOthers	1	0.0	0.872	-0.388	0.398	AT5G65310	0.0		0.165	-0.061	0.00916
vsOthers	1	0.0	0.872	-0.388	0.398	AT5G59990	0.409		0.019	0.027	0.00923
vsOthers	1	0.0	0.872	1.184	0.873	AT1G75240	0.504	0.142	0.095	0.047	0.00951
vsOthers	1	0.0	0.872	-0.388	0.398	AT2G18160	0.465		0.157	0.064	0.00984
vsOthers	1	0.0	0.872	-1.002	0.807	AT4G25480	0.0	0.109	0.176	-0.067	0.01
vsOthers	1	0.0	0.872	-0.388	0.398	AT1G70920	-0.541		0.094	-0.047	0.011
vsOthers	1	0.0	0.872	-0.388	0.398	AT1G75390	-0.029		0.031	0.033	0.011
vsOthers	1	0.0	0.872	-0.388	0.398	AT2G03340	0.0		0.057	-0.037	0.011
vsOthers	1	0.0	0.872	-0.388	0.398	AT4G01550	0.0		0.106	-0.049	0.011
vsOthers	1	0.0	0.872	-0.388	0.398	AT5G10280	0.0		0.04	-0.03	0.011
vsOthers	1	0.0	0.872	-1.002	0.807	AT5G09410	0.0	0.067	0.125	-0.057	0.011
vsOthers	1	0.0	0.872	1.184	0.873	AT1G76890	0.092	0.139	0.093	0.046	0.011
vsOthers	1	0.0	0.872	1.184	0.873	AT1G77200	0.379	0.168	0.119	0.049	0.011
vsOthers	1	0.0	0.872	1.184	0.873	AT4G17980	-0.126	0.149	0.102	0.047	0.011
vsOthers	1	0.0	0.872	1.184	0.873	AT4G27950	-0.902	0.062	0.099	-0.036	0.011
vsOthers	1	0.0	0.872	-0.388	0.398	AT5G53950	0.0		0.064	-0.037	0.012
vsOthers	1	0.0	0.872	1.184	0.873	AT3G18400	0.0	0.153	0.106	0.047	0.012
vsOthers	1	0.0	0.872	1.184	0.873	AT3G28920	0.14	0.153	0.106	0.047	0.012
vsOthers	1	0.0	0.872	1.184	0.873	AT5G25830	-0.182	0.047	0.08	-0.033	0.012
vsOthers	1	0.0	0.872	-0.388	0.398	AT3G60530	0.0		0.023	0.027	0.013
vsOthers	1	0.0	0.872	1.184	0.873	AT3G02940	0.0	0.156	0.11	0.046	0.013
vsOthers	1	0.0	0.872	-1.002	0.807	AT1G43700	0.0	0.004	0.036	-0.032	0.014
vsOthers	1	0.0	0.872	1.184	0.873	AT2G31230	-0.805	0.126	0.173	-0.047	0.014
vsOthers	1	0.0	0.872	1.184	0.873	AT3G10480	-0.285	0.137	0.093	0.044	0.014
vsOthers	1	0.0	0.872	1.184	0.873	AT3G10580	-0.879	0.099	0.142	-0.043	0.014
vsOthers	1	0.0	0.872	1.184	0.873	AT4G26030	0.329	0.11	0.071	0.039	0.014
vsOthers	1	0.0	0.872	-1.002	0.807	AT2G02080	0.0	0.059	0.112	-0.053	0.015
vsOthers	1	0.0	0.872	1.184	0.873	AT3G15170	0.196	0.075	0.043	0.032	0.015
vsOthers	1	0.0	0.872	1.184	0.873	AT4G14410	-0.489	0.0	0.007	-0.007	0.015
vsOthers	1	0.0	0.872	1.184	0.873	AT4G38000	0.568	0.151	0.106	0.045	0.015
vsOthers	1	0.0	0.872	-0.388	0.398	AT5G54230	-0.006		0.141	-0.054	0.016
vsOthers	1	0.0	0.872	-1.002	0.807	AT4G32730	0.0	0.155	0.228	-0.072	0.016
vsOthers	1	0.0	0.872	1.184	0.873	AT1G79580	0.045	0.142	0.099	0.043	0.016
vsOthers	1	0.0	0.872	1.184	0.873	AT1G80840	0.034	0.028	0.009	0.019	0.016
vsOthers	1	0.0	0.872	-0.388	0.398	AT1G45249	0.0		0.089	0.048	0.017
vsOthers	1	0.0	0.872	-0.388	0.398	AT1G74480	0.937		0.088	0.046	0.017
vsOthers	1	0.0	0.872	-0.388	0.398	AT3G23210	-1.342		0.038	-0.028	0.017
vsOthers	1	0.0	0.872	-0.388	0.398	AT5G62380	0.0		0.119	-0.048	0.017
vsOthers	1	0.0	0.872	-1.002	0.807	AT1G28470	0.0	0.076	0.131	-0.055	0.017
vsOthers	1	0.0	0.872	-1.002	0.807	AT1G74480	0.0	0.055	0.104	-0.05	0.017
vsOthers	1	0.0	0.872	1.184	0.873	AT2G46770	0.0	0.127	0.086	0.041	0.017
vsOthers	1	0.0	0.872	1.184	0.873	AT3G01470	0.178	0.042	0.019	0.024	0.017
vsOthers	1	0.0	0.872	-0.388	0.398	AT1G20910	-0.988		0.081	-0.041	0.018
vsOthers	1	0.0	0.872	-1.002	0.807	AT1G19000	0.0	0.088	0.146	-0.057	0.018
vsOthers	1	0.0	0.872	-1.002	0.807	AT4G32800	0.0	0.017	0.053	-0.036	0.018
vsOthers	1	0.0	0.872	1.184	0.873	AT5G56930	0.958	0.01	0.0	0.01	0.018
vsOthers	1	0.0	0.872	1.184	0.873	AT5G58850	-0.184	0.151	0.199	-0.048	0.018
vsOthers	1	0.0	0.872	-1.002	0.807	AT4G28500	0.0	0.059	0.109	-0.05	0.019
vsOthers	1	0.0	0.872	-0.388	0.398	AT5G51990	-0.05		0.165	-0.055	0.02
vsOthers	1	0.0	0.872	-0.388	0.398	AT2G02540	0.0		0.153	-0.052	0.021
vsOthers	1	0.0	0.872	-0.388	0.398	AT5G06950	-0.348		0.154	-0.054	0.021
vsOthers	1	0.0	0.872	-0.388	0.398	AT5G52830	0.026		0.139	-0.052	0.021
vsOthers	1	0.0	0.872	-1.002	0.807	AT3G23250	0.0	0.038	0.015	0.023	0.021
vsOthers	1	0.0	0.872	1.184	0.873	AT3G49530	0.043	0.115	0.076	0.038	0.021
vsOthers	1	0.0	0.872	1.184	0.873	AT4G01250	0.0	0.125	0.086	0.039	0.021
vsOthers	1	0.0	0.872	1.184	0.873	AT1G18960	-1.629	0.001	0.009	-0.008	0.022
vsOthers	1	0.0	0.872	1.184	0.873	AT4G32800	0.989	0.056	0.03	0.027	0.022
vsOthers	1	0.0	0.872	-0.388	0.398	AT1G34370	-0.847		0.036	-0.026	0.023
vsOthers	1	0.0	0.872	-0.388	0.398	AT3G15270	-0.475		0.158	-0.054	0.023
vsOthers	1	0.0	0.872	-0.388	0.398	AT5G13080	0.21		0.173	-0.056	0.023
vsOthers	1	0.0	0.872	-1.002	0.807	AT1G77200	0.0	0.101	0.16	-0.059	0.023
vsOthers	1	0.0	0.872	-1.002	0.807	AT5G25830	0.0	0.025	0.065	-0.04	0.023
vsOthers	1	0.0	0.872	-1.002	0.807	AT5G26170	0.0	0.105	0.163	-0.058	0.024
vsOthers	1	0.0	0.872	-1.002	0.807	AT5G38800	0.0	0.008	0.0	0.008	0.024
vsOthers	1	0.0	0.872	-1.002	0.807	AT5G51990	0.0	0.105	0.163	-0.058	0.024
vsOthers	1	0.0	0.872	1.184	0.873	AT3G18990	0.503	0.12	0.082	0.038	0.024
vsOthers	1	0.0	0.872	1.184	0.873	AT4G30080	-0.985	0.002	0.011	-0.009	0.025
vsOthers	1	0.0	0.872	1.184	0.873	AT5G04410	-0.139	0.144	0.102	0.042	0.025
vsOthers	1	0.0	0.872	1.184	0.873	AT5G59990	-0.463	0.018	0.037	-0.019	0.025
vsOthers	1	0.0	0.872	-0.388	0.398	AT4G25470	0.0		0.151	-0.051	0.026
vsOthers	1	0.0	0.872	-0.388	0.398	AT4G26640	0.0		0.073	-0.036	0.026
vsOthers	1	0.0	0.872	-1.002	0.807	AT4G01500	0.0	0.046	0.021	0.025	0.026
vsOthers	1	0.0	0.872	-1.002	0.807	AT5G06100	0.0	0.071	0.122	-0.051	0.026
vsOthers	1	0.0	0.872	1.184	0.873	AT1G02250	-0.137	0.104	0.069	0.035	0.026
vsOthers	1	0.0	0.872	1.184	0.873	AT4G34590	-0.259	0.045	0.073	-0.027	0.026
vsOthers	1	0.0	0.872	-0.388	0.398	AT1G34670	0.943		0.127	-0.046	0.027
vsOthers	1	0.0	0.872	1.184	0.873	AT4G17785	0.447	0.037	0.017	0.021	0.027
vsOthers	1	0.0	0.872	-0.388	0.398	AT5G62320	0.0		0.094	-0.041	0.028
vsOthers	1	0.0	0.872	-1.002	0.807	AT1G34670	0.0	0.076	0.125	-0.05	0.028
vsOthers	1	0.0	0.872	-1.002	0.807	AT1G52150	0.0	0.046	0.089	-0.043	0.028
vsOthers	1	0.0	0.872	1.184	0.873	AT1G34180	-0.212	0.138	0.099	0.039	0.028
vsOthers	1	0.0	0.872	-0.388	0.398	AT5G13180	-0.2		0.131	-0.047	0.029
vsOthers	1	0.0	0.872	-1.002	0.807	AT1G29860	0.0	0.088	0.142	-0.054	0.029
vsOthers	1	0.0	0.872	-0.388	0.398	AT1G02230	0.0		0.118	-0.044	0.03
vsOthers	1	0.0	0.872	-0.388	0.398	AT4G24470	0.0		0.028	0.026	0.03
vsOthers	1	0.0	0.872	-0.388	0.398	AT4G25480	0.053		0.176	-0.053	0.03
vsOthers	1	0.0	0.872	-1.002	0.807	AT2G44940	0.0	0.067	0.115	-0.048	0.03
vsOthers	1	0.0	0.872	-0.388	0.398	AT5G45580	0.551		0.126	0.048	0.031
vsOthers	1	0.0	0.872	-1.002	0.807	AT2G38470	0.0	0.092	0.146	-0.054	0.031
vsOthers	1	0.0	0.872	-1.002	0.807	AT3G28920	0.0	0.092	0.145	-0.052	0.031
vsOthers	1	0.0	0.872	1.184	0.873	AT4G10350	-0.288	0.121	0.084	0.037	0.031
vsOthers	1	0.0	0.872	-0.388	0.398	AT1G53230	-0.368		0.033	-0.023	0.032
vsOthers	1	0.0	0.872	-0.388	0.398	AT3G49530	0.0		0.11	-0.043	0.032
vsOthers	1	0.0	0.872	-0.388	0.398	AT4G38620	-2.221		0.024	-0.02	0.032
vsOthers	1	0.0	0.872	-1.002	0.807	AT1G08010	0.0	0.034	0.071	-0.038	0.032
vsOthers	1	0.0	0.872	-1.002	0.807	AT1G19040	0.0	0.05	0.024	0.026	0.032
vsOthers	1	0.0	0.872	-1.002	0.807	AT3G50410	0.0	0.05	0.093	-0.042	0.032
vsOthers	1	0.0	0.872	-0.388	0.398	AT1G73730	0.0		0.015	-0.015	0.033
vsOthers	1	0.0	0.872	-1.002	0.807	AT4G25470	0.0	0.097	0.149	-0.053	0.033
vsOthers	1	0.0	0.872	-1.002	0.807	AT4G27950	0.0	0.109	0.069	0.04	0.033
vsOthers	1	0.0	0.872	1.184	0.873	AT5G13180	0.0	0.135	0.097	0.038	0.033
vsOthers	1	0.0	0.872	1.184	0.873	AT5G39610	-0.101	0.124	0.088	0.036	0.033
vsOthers	1	0.0	0.872	-0.388	0.398	AT5G09410	0.0		0.124	-0.044	0.034
vsOthers	1	0.0	0.872	1.184	0.873	AT5G24110	0.0	0.116	0.08	0.036	0.034
vsOthers	1	0.0	0.872	-0.388	0.398	AT4G34590	0.0		0.049	0.032	0.035
vsOthers	1	0.0	0.872	-1.002	0.807	AT4G36780	0.0	0.21	0.154	0.056	0.035
vsOthers	1	0.0	0.872	1.184	0.873	AT5G47660	0.298	0.106	0.073	0.033	0.035
vsOthers	1	0.0	0.872	-0.388	0.398	AT1G51220	-0.743		0.091	-0.037	0.036
vsOthers	1	0.0	0.872	-0.388	0.398	AT2G45680	0.801		0.016	0.021	0.036
vsOthers	1	0.0	0.872	-0.388	0.398	AT3G01220	-0.132		0.128	-0.044	0.036
vsOthers	1	0.0	0.872	-0.388	0.398	AT3G12820	0.0		0.047	-0.027	0.036
vsOthers	1	0.0	0.872	-1.002	0.807	AT2G43000	0.0	0.101	0.155	-0.054	0.036
vsOthers	1	0.0	0.872	-1.002	0.807	AT5G63260	0.0	0.088	0.139	-0.05	0.036
vsOthers	1	0.0	0.872	1.184	0.873	AT4G00730	0.062	0.117	0.082	0.035	0.036
vsOthers	1	0.0	0.872	-0.388	0.398	AT3G04060	-0.415		0.116	-0.043	0.037
vsOthers	1	0.0	0.872	1.184	0.873	AT1G06850	0.712	0.109	0.074	0.034	0.037
vsOthers	1	0.0	0.872	1.184	0.873	AT3G01220	0.0	0.132	0.095	0.037	0.038
vsOthers	1	0.0	0.872	-0.388	0.398	AT3G04070	0.489		0.021	0.022	0.039
vsOthers	1	0.0	0.872	1.184	0.873	AT1G20910	0.213	0.084	0.054	0.03	0.039
vsOthers	1	0.0	0.872	1.184	0.873	AT1G63030	0.416	0.023	0.007	0.016	0.04
vsOthers	1	0.0	0.872	-0.388	0.398	AT1G75240	-0.111		0.134	-0.044	0.041
vsOthers	1	0.0	0.872	-0.388	0.398	AT5G18270	-0.248		0.136	-0.045	0.041
vsOthers	1	0.0	0.872	1.184	0.873	AT4G11660	0.129	0.103	0.071	0.032	0.041
vsOthers	1	0.0	0.872	-1.002	0.807	AT4G29230	0.0	0.05	0.091	-0.04	0.042
vsOthers	1	0.0	0.872	-0.388	0.398	AT2G46130	0.0		0.051	-0.028	0.044
vsOthers	1	0.0	0.872	-0.388	0.398	AT1G76420	0.0		0.127	-0.043	0.045
vsOthers	1	0.0	0.872	-0.388	0.398	AT3G61120	0.445		0.005	0.012	0.045
vsOthers	1	0.0	0.872	-0.388	0.398	AT3G08500	0.0		0.102	-0.038	0.047
vsOthers	1	0.0	0.872	-0.388	0.398	AT5G08750	-0.931		0.026	-0.019	0.047
vsOthers	1	0.0	0.872	1.184	0.873	AT2G44940	0.478	0.12	0.086	0.034	0.047
vsOthers	1	0.0	0.872	-0.388	0.398	AT3G61250	-0.049		0.032	-0.022	0.048
vsOthers	1	0.0	0.872	-0.388	0.398	AT4G23550	0.109		0.145	-0.044	0.048
vsOthers	1	0.0	0.872	-1.002	0.807	AT3G01970	0.0	0.092	0.142	-0.049	0.048
vsOthers	1	0.0	0.872	1.184	0.873	AT1G02230	0.132	0.121	0.088	0.033	0.048
vsOthers	1	0.0	0.872	1.184	0.873	AT3G27785	0.038	0.097	0.13	-0.034	0.048
vsOthers	1	0.0	0.872	-0.388	0.398	AT4G31550	0.0		0.045	-0.025	0.049
vsOthers	1	0.0	0.872	-1.002	0.807	AT2G22430	0.0	0.067	0.11	-0.043	0.049
vsOthers	1	0.0	0.872	1.184	0.873	AT5G65410	0.0	0.146	0.11	0.036	0.049
vsOthers	1	0.0	0.872	-0.388	0.398	AT5G52660	-1.03		0.118	-0.041	0.05
vsOthers	1	0.0	0.872	1.184	0.873	AT2G35530	-0.71	0.179	0.222	-0.042	0.05
vsOthers	1	0.0	0.872	1.184	0.873	AT2G38340	0.206	0.161	0.123	0.038	0.05
vsOthers	1	0.0	0.872	1.184	0.873	AT5G53950	0.0	0.065	0.041	0.024	0.05
vsOthers	1	0.0	0.872	-1.002	0.807	AT4G18170	0.0	0.097	0.146	-0.049	0.051
vsOthers	1	0.0	0.872	1.184	0.873	AT1G52150	0.355	0.093	0.063	0.029	0.051
vsOthers	1	0.0	0.872	1.184	0.873	AT2G04038	0.0	0.15	0.19	-0.04	0.051
vsOthers	1	0.0	0.872	1.184	0.873	AT3G28910	0.26	0.058	0.035	0.023	0.051
vsOthers	1	0.0	0.872	-0.388	0.398	AT4G30080	0.655		0.003	0.01	0.052
vsOthers	1	0.0	0.872	-1.002	0.807	AT5G47660	0.0	0.059	0.101	-0.042	0.052
vsOthers	1	0.0	0.872	-1.002	0.807	AT5G60130	0.0	0.059	0.099	-0.04	0.052
vsOthers	1	0.0	0.872	1.184	0.873	AT5G60130	0.206	0.104	0.073	0.031	0.052
vsOthers	1	0.0	0.872	-0.388	0.398	AT1G12610	0.0		0.084	-0.034	0.053
vsOthers	1	0.0	0.872	-0.388	0.398	AT3G10580	0.092		0.106	0.042	0.053
vsOthers	1	0.0	0.872	1.184	0.873	AT1G53230	0.204	0.035	0.017	0.018	0.053
vsOthers	1	0.0	0.872	1.184	0.873	AT3G23220	-0.285	0.043	0.067	-0.024	0.053
vsOthers	1	0.0	0.872	-1.002	0.807	AT3G52440	0.0	0.101	0.15	-0.049	0.055
vsOthers	1	0.0	0.872	1.184	0.873	AT1G06280	0.281	0.204	0.164	0.041	0.056
vsOthers	1	0.0	0.872	1.184	0.873	AT3G30530	-0.039	0.006	0.017	-0.011	0.056
vsOthers	1	0.0	0.872	1.184	0.873	AT5G62320	0.268	0.097	0.067	0.03	0.056
vsOthers	1	0.0	0.872	-1.002	0.807	AT2G40740	0.0	0.105	0.152	-0.047	0.057
vsOthers	1	0.0	0.872	1.184	0.873	AT1G32870	0.0	0.131	0.097	0.034	0.057
vsOthers	1	0.0	0.872	-0.388	0.398	AT1G06280	-0.28		0.2	-0.049	0.059
vsOthers	1	0.0	0.872	1.184	0.873	AT2G02070	0.387	0.098	0.069	0.029	0.059
vsOthers	1	0.0	0.872	1.184	0.873	AT3G21890	0.59	0.109	0.078	0.031	0.059
vsOthers	1	0.0	0.872	-0.388	0.398	AT4G25490	0.0		0.161	-0.044	0.06
vsOthers	1	0.0	0.872	-1.002	0.807	AT5G47390	0.0	0.092	0.139	-0.047	0.06
vsOthers	1	0.0	0.872	-1.002	0.807	AT5G61620	0.0	0.109	0.157	-0.048	0.06
vsOthers	1	0.0	0.872	1.184	0.873	AT3G12820	0.329	0.049	0.028	0.021	0.06
vsOthers	1	0.0	0.872	-0.388	0.398	AT4G10350	0.0		0.115	-0.038	0.061
vsOthers	1	0.0	0.872	-1.002	0.807	AT3G24050	0.0	0.021	0.05	-0.029	0.061
vsOthers	1	0.0	0.872	-1.002	0.807	AT5G25390	0.0	0.025	0.01	0.015	0.061
vsOthers	1	0.0	0.872	1.184	0.873	AT1G69180	0.0	0.111	0.08	0.031	0.061
vsOthers	1	0.0	0.872	1.184	0.873	AT5G64060	-0.117	0.123	0.091	0.032	0.062
vsOthers	1	0.0	0.872	-0.388	0.398	AT1G30490	-0.327		0.092	-0.035	0.063
vsOthers	1	0.0	0.872	-0.388	0.398	AT3G24050	0.0		0.041	0.026	0.063
vsOthers	1	0.0	0.872	-0.388	0.398	AT4G01680	-0.514		0.092	-0.035	0.063
vsOthers	1	0.0	0.872	1.184	0.873	AT2G33550	-0.527	0.048	0.073	-0.024	0.064
vsOthers	1	0.0	0.872	-0.388	0.398	AT4G01250	0.0		0.119	-0.038	0.065
vsOthers	1	0.0	0.872	-1.002	0.807	AT3G57600	0.0	0.034	0.015	0.018	0.065
vsOthers	1	0.0	0.872	-1.002	0.807	AT4G37790	0.0	0.008	0.001	0.008	0.065
vsOthers	1	0.0	0.872	1.184	0.873	AT1G08010	0.0	0.056	0.082	-0.026	0.065
vsOthers	1	0.0	0.872	-1.002	0.807	AT5G56840	0.0	0.118	0.166	-0.049	0.066
vsOthers	1	0.0	0.872	1.184	0.873	AT1G24250	0.103	0.066	0.043	0.024	0.067
vsOthers	1	0.0	0.872	1.184	0.873	AT2G21900	0.715	0.011	0.002	0.009	0.067
vsOthers	1	0.0	0.872	1.184	0.873	AT1G30490	-0.21	0.095	0.067	0.028	0.068
vsOthers	1	0.0	0.872	-0.388	0.398	AT3G27010	0.0		0.023	0.021	0.069
vsOthers	1	0.0	0.872	-1.002	0.807	AT3G30530	0.0	0.021	0.008	0.013	0.069
vsOthers	1	0.0	0.872	1.184	0.873	AT4G24470	0.0	0.026	0.045	-0.019	0.069
vsOthers	1	0.0	0.872	1.184	0.873	AT1G12630	0.0	0.16	0.125	0.035	0.07
vsOthers	1	0.0	0.872	1.184	0.873	AT5G46350	0.003	0.087	0.06	0.027	0.07
vsOthers	1	0.0	0.872	-1.002	0.807	AT1G69010	0.0	0.206	0.157	0.049	0.071
vsOthers	1	0.0	0.872	-1.002	0.807	AT2G18060	0.0	0.076	0.117	-0.041	0.071
vsOthers	1	0.0	0.872	1.184	0.873	AT5G56110	0.0	0.162	0.127	0.036	0.071
vsOthers	1	0.0	0.872	-0.388	0.398	AT1G18570	0.0		0.025	-0.018	0.072
vsOthers	1	0.0	0.872	-0.388	0.398	AT1G80840	0.0		0.025	-0.018	0.072
vsOthers	1	0.0	0.872	-1.002	0.807	AT2G03340	0.0	0.025	0.054	-0.029	0.072
vsOthers	1	0.0	0.872	-0.388	0.398	AT4G11660	-0.208		0.098	-0.035	0.073
vsOthers	1	0.0	0.872	-1.002	0.807	AT3G45610	0.0	0.092	0.136	-0.044	0.074
vsOthers	1	0.0	0.872	1.184	0.873	AT5G22890	-0.173	0.003	0.011	-0.008	0.074
vsOthers	1	0.0	0.872	-0.388	0.398	AT1G18330	-0.472		0.113	-0.036	0.075
vsOthers	1	0.0	0.872	-0.388	0.398	AT3G01470	0.0		0.038	-0.021	0.075
vsOthers	1	0.0	0.872	-1.002	0.807	AT1G65910	0.0	0.08	0.12	-0.04	0.076
vsOthers	1	0.0	0.872	-0.388	0.398	AT3G11440	0.292		0.115	0.038	0.077
vsOthers	1	0.0	0.872	-1.002	0.807	AT4G25490	0.0	0.113	0.159	-0.046	0.077
vsOthers	1	0.0	0.872	1.184	0.873	AT2G22430	0.154	0.114	0.084	0.03	0.078
vsOthers	1	0.0	0.872	-0.388	0.398	AT3G56850	0.251		0.175	0.045	0.081
vsOthers	1	0.0	0.872	1.184	0.873	AT2G20110	0.027	0.13	0.099	0.031	0.082
vsOthers	1	0.0	0.872	1.184	0.873	AT3G09735	0.151	0.129	0.099	0.03	0.082
vsOthers	1	0.0	0.872	1.184	0.873	AT3G15270	0.142	0.159	0.125	0.034	0.082
vsOthers	1	0.0	0.872	-0.388	0.398	AT2G46770	0.0		0.119	-0.036	0.083
vsOthers	1	0.0	0.872	-1.002	0.807	AT2G15740	0.0	0.071	0.109	-0.038	0.083
vsOthers	1	0.0	0.872	-1.002	0.807	AT1G18570	0.0	0.038	0.019	0.019	0.084
vsOthers	1	0.0	0.872	-1.002	0.807	AT3G45150	0.0	0.038	0.019	0.019	0.084
vsOthers	1	0.0	0.872	1.184	0.873	AT5G66300	-0.589	0.075	0.05	0.024	0.084
vsOthers	1	0.0	0.872	-0.388	0.398	AT3G11020	-0.278		0.093	-0.033	0.085
vsOthers	1	0.0	0.872	-0.388	0.398	AT5G25475	-0.995		0.011	-0.011	0.085
vsOthers	1	0.0	0.872	1.184	0.873	AT1G22070	0.327	0.024	0.011	0.013	0.085
vsOthers	1	0.0	0.872	1.184	0.873	AT2G18380	1.028	0.106	0.078	0.028	0.085
vsOthers	1	0.0	0.872	-1.002	0.807	AT2G02540	0.0	0.105	0.149	-0.044	0.086
vsOthers	1	0.0	0.872	-0.388	0.398	AT1G27730	0.685		0.059	0.028	0.088
vsOthers	1	0.0	0.872	1.184	0.873	AT4G01540	0.0	0.166	0.132	0.034	0.088
vsOthers	1	0.0	0.872	1.184	0.873	AT5G05790	-0.688	0.068	0.093	-0.025	0.089
vsOthers	1	0.0	0.872	-1.002	0.807	AT1G79580	0.0	0.092	0.133	-0.041	0.09
vsOthers	1	0.0	0.872	-1.002	0.807	AT3G55370	0.0	0.109	0.154	-0.045	0.09
vsOthers	1	0.0	0.872	-0.388	0.398	AT2G42200	-0.047		0.128	-0.037	0.091
vsOthers	1	0.0	0.872	-0.388	0.398	AT5G66300	0.0		0.071	-0.028	0.091
vsOthers	1	0.0	0.872	-1.002	0.807	AT1G34190	0.0	0.164	0.122	0.042	0.091
vsOthers	1	0.0	0.872	-0.388	0.398	AT1G76880	-0.383		0.012	-0.012	0.092
vsOthers	1	0.0	0.872	-0.388	0.398	AT5G46350	-0.022		0.083	-0.029	0.092
vsOthers	1	0.0	0.872	1.184	0.873	AT3G22830	0.0	0.125	0.095	0.03	0.092
vsOthers	1	0.0	0.872	1.184	0.873	AT5G45300	-0.653	0.082	0.108	-0.026	0.094
vsOthers	1	0.0	0.872	-1.002	0.807	AT1G73730	0.0	0.0	0.014	-0.014	0.095
vsOthers	1	0.0	0.872	-0.388	0.398	AT3G04030	0.198		0.117	0.037	0.096
vsOthers	1	0.0	0.872	1.184	0.873	AT4G24240	0.461	0.006	0.0	0.006	0.097
vsOthers	1	0.0	0.872	-0.388	0.398	AT5G58900	0.686		0.103	0.034	0.099
vsOthers	1	0.0	0.872	-1.002	0.807	AT1G74840	0.0	0.084	0.122	-0.037	0.099
vsOthers	1	0.0	0.872	-1.002	0.807	AT4G23550	0.0	0.101	0.142	-0.042	0.099
vsOthers	1	0.0	0.872	1.184	0.873	AT5G08750	0.05	0.027	0.013	0.014	0.1
vsOthers	1	0.0	0.872	1.184	0.873	AT5G62000	0.679	0.092	0.067	0.025	0.1
vsOthers	1	0.0	0.872	-0.388	0.398	AT4G29230	0.429		0.09	-0.03	0.104
vsOthers	1	0.0	0.872	-0.388	0.398	AT3G22830	-0.765		0.121	-0.034	0.105
vsOthers	1	0.0	0.872	-0.388	0.398	AT1G09540	-0.083		0.12	-0.033	0.106
vsOthers	1	0.0	0.872	-1.002	0.807	AT1G78700	0.0	0.202	0.158	0.044	0.106
vsOthers	1	0.0	0.872	1.184	0.873	AT3G11020	0.027	0.096	0.071	0.025	0.106
vsOthers	1	0.0	0.872	1.184	0.873	AT3G24520	0.0	0.153	0.123	0.03	0.108
vsOthers	1	0.0	0.872	-0.388	0.398	AT5G26170	0.461		0.162	-0.038	0.109
vsOthers	1	0.0	0.872	1.184	0.873	AT3G03660	0.313	0.009	0.002	0.007	0.11
vsOthers	1	0.0	0.872	-0.388	0.398	AT2G30340	-0.241		0.109	-0.032	0.111
vsOthers	1	0.0	0.872	-1.002	0.807	AT1G55110	0.0	0.063	0.097	-0.034	0.111
vsOthers	1	0.0	0.872	1.184	0.873	AT1G16490	-0.524	0.125	0.097	0.028	0.111
vsOthers	1	0.0	0.872	-1.002	0.807	AT1G12630	0.0	0.113	0.154	-0.041	0.112
vsOthers	1	0.0	0.872	-0.388	0.398	AT4G14770	0.429		0.114	0.033	0.113
vsOthers	1	0.0	0.872	-0.388	0.398	AT3G02940	0.066		0.147	-0.037	0.114
vsOthers	1	0.0	0.872	-1.002	0.807	AT5G16600	0.0	0.013	0.004	0.009	0.114
vsOthers	1	0.0	0.872	-1.002	0.807	AT2G28810	0.0	0.097	0.135	-0.039	0.115
vsOthers	1	0.0	0.872	-1.002	0.807	AT5G58900	0.0	0.08	0.115	-0.035	0.115
vsOthers	1	0.0	0.872	-1.002	0.807	AT4G26640	0.0	0.042	0.07	-0.028	0.118
vsOthers	1	0.0	0.872	1.184	0.873	AT2G15660	0.176	0.023	0.011	0.012	0.118
vsOthers	1	0.0	0.872	-0.388	0.398	AT3G62420	0.0		0.184	0.04	0.119
vsOthers	1	0.0	0.872	-1.002	0.807	AT1G51700	0.0	0.067	0.1	-0.033	0.119
vsOthers	1	0.0	0.872	-1.002	0.807	AT4G00250	0.0	0.067	0.101	-0.034	0.119
vsOthers	1	0.0	0.872	-0.388	0.398	AT3G12130	0.0		0.073	0.027	0.12
vsOthers	1	0.0	0.872	-1.002	0.807	AT4G36740	0.0	0.101	0.139	-0.038	0.12
vsOthers	1	0.0	0.872	-1.002	0.807	AT3G51470	0.0	0.025	0.012	0.014	0.122
vsOthers	1	0.0	0.872	-0.388	0.398	AT1G01060	-0.184		0.136	-0.035	0.123
vsOthers	1	0.0	0.872	-0.388	0.398	AT1G04880	-0.532		0.06	-0.023	0.123
vsOthers	1	0.0	0.872	1.184	0.873	AT5G38800	-0.111	0.0	0.004	-0.004	0.123
vsOthers	1	0.0	0.872	-0.388	0.398	AT5G56110	0.063		0.157	-0.036	0.125
vsOthers	1	0.0	0.872	-1.002	0.807	AT1G51220	0.0	0.109	0.079	0.03	0.127
vsOthers	1	0.0	0.872	1.184	0.873	AT1G04880	0.237	0.062	0.043	0.02	0.128
vsOthers	1	0.0	0.872	1.184	0.873	AT2G01818	0.204	0.053	0.035	0.018	0.129
vsOthers	1	0.0	0.872	1.184	0.873	AT5G46590	-0.082	0.053	0.035	0.018	0.129
vsOthers	1	0.0	0.872	-0.388	0.398	AT1G76110	-0.133		0.051	-0.021	0.13
vsOthers	1	0.0	0.872	-0.388	0.398	AT5G46590	0.133		0.051	-0.021	0.13
vsOthers	1	0.0	0.872	1.184	0.873	AT1G09540	0.09	0.123	0.097	0.026	0.13
vsOthers	1	0.0	0.872	1.184	0.873	AT5G16820	0.0	0.14	0.112	0.028	0.13
vsOthers	1	0.0	0.872	-0.388	0.398	AT4G38000	-0.205		0.142	-0.035	0.131
vsOthers	1	0.0	0.872	-1.002	0.807	AT5G06950	0.0	0.176	0.138	0.039	0.131
vsOthers	1	0.0	0.872	1.184	0.873	AT1G74840	0.368	0.125	0.099	0.026	0.132
vsOthers	1	0.0	0.872	-1.002	0.807	AT3G17730	0.0	0.092	0.128	-0.036	0.133
vsOthers	1	0.0	0.872	-1.002	0.807	AT3G23240	0.0	0.113	0.083	0.031	0.134
vsOthers	1	0.0	0.872	1.184	0.873	AT1G49560	0.0	0.095	0.119	-0.025	0.135
vsOthers	1	0.0	0.872	-0.388	0.398	AT5G10510	-1.081		0.009	-0.009	0.136
vsOthers	1	0.0	0.872	1.184	0.873	AT2G02080	0.222	0.113	0.088	0.025	0.136
vsOthers	1	0.0	0.872	-1.002	0.807	AT1G03800	0.0	0.21	0.169	0.041	0.137
vsOthers	1	0.0	0.872	1.184	0.873	AT3G27010	-0.652	0.022	0.035	-0.013	0.137
vsOthers	1	0.0	0.872	-0.388	0.398	AT3G52440	0.845		0.136	0.035	0.14
vsOthers	1	0.0	0.872	-0.388	0.398	AT4G00730	0.003		0.11	-0.03	0.14
vsOthers	1	0.0	0.872	-1.002	0.807	AT1G12260	0.0	0.08	0.113	-0.033	0.14
vsOthers	1	0.0	0.872	-1.002	0.807	AT2G33810	0.0	0.034	0.019	0.015	0.14
vsOthers	1	0.0	0.872	-1.002	0.807	AT3G16280	0.0	0.08	0.113	-0.033	0.14
vsOthers	1	0.0	0.872	-1.002	0.807	AT5G45300	0.0	0.118	0.086	0.032	0.14
vsOthers	1	0.0	0.872	1.184	0.873	AT1G25580	0.0	0.065	0.047	0.019	0.14
vsOthers	1	0.0	0.872	-0.388	0.398	AT1G33240	0.0		0.129	-0.032	0.141
vsOthers	1	0.0	0.872	-0.388	0.398	AT1G63030	0.0		0.02	-0.014	0.141
vsOthers	1	0.0	0.872	-0.388	0.398	AT3G42860	0.518		0.079	-0.025	0.141
vsOthers	1	0.0	0.872	-1.002	0.807	AT5G62380	0.0	0.08	0.115	-0.035	0.141
vsOthers	1	0.0	0.872	1.184	0.873	AT5G43840	0.167	0.032	0.019	0.014	0.141
vsOthers	1	0.0	0.872	1.184	0.873	AT3G16280	0.0	0.117	0.091	0.026	0.142
vsOthers	1	0.0	0.872	-0.388	0.398	AT2G33710	0.687		0.14	0.034	0.144
vsOthers	1	0.0	0.872	-0.388	0.398	AT2G43000	0.712		0.14	0.034	0.144
vsOthers	1	0.0	0.872	-0.388	0.398	AT3G06490	-0.354		0.056	-0.023	0.144
vsOthers	1	0.0	0.872	-1.002	0.807	AT5G07100	0.0	0.046	0.027	0.019	0.144
vsOthers	1	0.0	0.872	1.184	0.873	AT5G65130	-0.756	0.063	0.084	-0.02	0.144
vsOthers	1	0.0	0.872	-0.388	0.398	AT3G15170	0.06		0.068	-0.025	0.145
vsOthers	1	0.0	0.872	-1.002	0.807	AT5G05790	0.0	0.101	0.073	0.028	0.145
vsOthers	1	0.0	0.872	1.184	0.873	AT5G25390	-0.5	0.009	0.019	-0.01	0.145
vsOthers	1	0.0	0.872	1.184	0.873	AT2G45410	0.156	0.134	0.108	0.026	0.146
vsOthers	1	0.0	0.872	-0.388	0.398	AT2G38340	0.014		0.154	-0.034	0.147
vsOthers	1	0.0	0.872	-0.388	0.398	AT1G69570	0.098		0.122	0.032	0.148
vsOthers	1	0.0	0.872	-0.388	0.398	AT5G14340	0.0		0.015	-0.011	0.148
vsOthers	1	0.0	0.872	-0.388	0.398	AT2G17410	0.041		0.006	0.01	0.149
vsOthers	1	0.0	0.872	-1.002	0.807	AT4G38000	0.0	0.105	0.141	-0.036	0.149
vsOthers	1	0.0	0.872	-0.388	0.398	AT5G16820	0.0		0.136	-0.033	0.15
vsOthers	1	0.0	0.872	-1.002	0.807	AT3G15170	0.0	0.042	0.067	-0.025	0.15
vsOthers	1	0.0	0.872	-1.002	0.807	AT3G23220	0.0	0.071	0.048	0.023	0.15
vsOthers	1	0.0	0.872	-0.388	0.398	AT3G20840	-0.156		0.014	-0.01	0.151
vsOthers	1	0.0	0.872	-1.002	0.807	AT1G12610	0.0	0.055	0.082	-0.027	0.151
vsOthers	1	0.0	0.872	-1.002	0.807	AT1G10720	0.0	0.013	0.005	0.008	0.152
vsOthers	1	0.0	0.872	-1.002	0.807	AT5G22890	0.0	0.013	0.005	0.008	0.152
vsOthers	1	0.0	0.872	1.184	0.873	AT2G18160	0.548	0.159	0.188	-0.029	0.154
vsOthers	1	0.0	0.872	-1.002	0.807	AT3G02940	0.0	0.109	0.146	-0.036	0.155
vsOthers	1	0.0	0.872	-0.388	0.398	AT1G77640	0.0		0.029	-0.016	0.157
vsOthers	1	0.0	0.872	-1.002	0.807	AT5G58850	0.0	0.134	0.174	-0.04	0.157
vsOthers	1	0.0	0.872	-1.002	0.807	AT1G01250	0.0	0.004	0.018	-0.014	0.158
vsOthers	1	0.0	0.872	-0.388	0.398	AT1G69690	0.0		0.024	0.017	0.159
vsOthers	1	0.0	0.872	1.184	0.873	AT1G76420	-0.249	0.127	0.102	0.024	0.16
vsOthers	1	0.0	0.872	1.184	0.873	AT1G34370	-0.943	0.026	0.039	-0.013	0.165
vsOthers	1	0.0	0.872	-0.388	0.398	AT4G27900	0.0		0.007	0.009	0.166
vsOthers	1	0.0	0.872	-0.388	0.398	AT3G26790	-0.379		0.05	-0.02	0.167
vsOthers	1	0.0	0.872	-0.388	0.398	AT1G24250	0.0		0.063	-0.022	0.168
vsOthers	1	0.0	0.872	1.184	0.873	AT1G06180	0.0	0.076	0.056	0.02	0.168
vsOthers	1	0.0	0.872	1.184	0.873	AT3G02150	0.381	0.016	0.007	0.009	0.168
vsOthers	1	0.0	0.872	1.184	0.873	AT4G18450	-0.315	0.015	0.026	-0.011	0.168
vsOthers	1	0.0	0.872	-1.002	0.807	AT2G02070	0.0	0.063	0.092	-0.029	0.17
vsOthers	1	0.0	0.872	-1.002	0.807	AT3G18990	0.0	0.08	0.111	-0.032	0.17
vsOthers	1	0.0	0.872	-1.002	0.807	AT2G44840	0.0	0.155	0.123	0.032	0.171
vsOthers	1	0.0	0.872	-1.002	0.807	AT2G30590	0.0	0.038	0.022	0.015	0.172
vsOthers	1	0.0	0.872	-0.388	0.398	AT3G18990	0.0		0.112	-0.028	0.174
vsOthers	1	0.0	0.872	-0.388	0.398	AT5G42520	0.0		0.002	0.005	0.174
vsOthers	1	0.0	0.872	-0.388	0.398	AT5G62165	0.627		0.002	0.005	0.174
vsOthers	1	0.0	0.872	1.184	0.873	AT4G24020	0.0	0.007	0.015	-0.008	0.174
vsOthers	1	0.0	0.872	-1.002	0.807	AT1G74370	0.0	0.008	0.002	0.006	0.175
vsOthers	1	0.0	0.872	-1.002	0.807	AT5G42820	0.0	0.008	0.002	0.006	0.175
vsOthers	1	0.0	0.872	-0.388	0.398	AT5G47220	0.306		0.056	0.021	0.176
vsOthers	1	0.0	0.872	-0.388	0.398	AT2G33810	-0.172		0.024	-0.014	0.178
vsOthers	1	0.0	0.872	-1.002	0.807	AT1G64620	0.0	0.105	0.138	-0.033	0.178
vsOthers	1	0.0	0.872	-1.002	0.807	AT5G65410	0.0	0.105	0.139	-0.034	0.178
vsOthers	1	0.0	0.872	-0.388	0.398	AT1G20980	0.0		0.065	-0.022	0.179
vsOthers	1	0.0	0.872	-1.002	0.807	AT2G23320	0.0	0.13	0.166	-0.036	0.179
vsOthers	1	0.0	0.872	-1.002	0.807	AT4G16750	0.0	0.13	0.167	-0.037	0.179
vsOthers	1	0.0	0.872	-0.388	0.398	AT3G45150	-0.079		0.024	-0.014	0.18
vsOthers	1	0.0	0.872	-0.388	0.398	AT4G17785	0.0		0.033	-0.017	0.184
vsOthers	1	0.0	0.872	-0.388	0.398	AT5G07100	0.0		0.033	-0.017	0.184
vsOthers	1	0.0	0.872	-1.002	0.807	AT4G36160	0.0	0.134	0.171	-0.037	0.184
vsOthers	1	0.0	0.872	1.184	0.873	AT4G38620	0.157	0.023	0.013	0.01	0.184
vsOthers	1	0.0	0.872	1.184	0.873	AT1G77640	0.269	0.03	0.019	0.012	0.185
vsOthers	1	0.0	0.872	1.184	0.873	AT5G39820	0.0	0.03	0.019	0.012	0.185
vsOthers	1	0.0	0.872	-1.002	0.807	AT5G39820	0.0	0.013	0.029	-0.016	0.188
vsOthers	1	0.0	0.872	-0.388	0.398	AT4G06746	0.935		0.061	0.023	0.191
vsOthers	1	0.0	0.872	-1.002	0.807	AT3G03200	0.0	0.092	0.125	-0.032	0.192
vsOthers	1	0.0	0.872	1.184	0.873	AT2G18350	-0.235	0.114	0.091	0.023	0.192
vsOthers	1	0.0	0.872	-0.388	0.398	AT3G46590	0.144		0.02	0.013	0.194
vsOthers	1	0.0	0.872	1.184	0.873	AT3G04060	-0.2	0.116	0.093	0.023	0.195
vsOthers	1	0.0	0.872	-0.388	0.398	AT2G20110	-0.175		0.124	-0.027	0.197
vsOthers	1	0.0	0.872	-0.388	0.398	AT3G01530	-0.134		0.124	-0.027	0.197
vsOthers	1	0.0	0.872	-1.002	0.807	AT3G50060	0.0	0.097	0.128	-0.032	0.198
vsOthers	1	0.0	0.872	1.184	0.873	AT3G61250	0.0	0.032	0.02	0.012	0.199
vsOthers	1	0.0	0.872	1.184	0.873	AT3G26620	-0.103	0.074	0.056	0.018	0.201
vsOthers	1	0.0	0.872	1.184	0.873	AT5G66940	0.0	0.137	0.114	0.023	0.202
vsOthers	1	0.0	0.872	1.184	0.873	AT3G02990	0.0	0.025	0.015	0.01	0.203
vsOthers	1	0.0	0.872	-1.002	0.807	AT1G29280	0.0	0.126	0.159	-0.033	0.205
vsOthers	1	0.0	0.872	-1.002	0.807	AT1G49560	0.0	0.08	0.108	-0.028	0.205
vsOthers	1	0.0	0.872	-1.002	0.807	AT4G01540	0.0	0.126	0.159	-0.033	0.205
vsOthers	1	0.0	0.872	-1.002	0.807	AT5G62940	0.0	0.08	0.109	-0.029	0.205
vsOthers	1	0.0	0.872	-0.388	0.398	AT2G47070	-0.027		0.11	-0.026	0.207
vsOthers	1	0.0	0.872	1.184	0.873	AT1G64620	0.0	0.141	0.117	0.024	0.207
vsOthers	1	0.0	0.872	-0.388	0.398	AT1G79580	0.515		0.132	-0.029	0.208
vsOthers	1	0.0	0.872	-0.388	0.398	AT3G57920	0.05		0.092	-0.025	0.208
vsOthers	1	0.0	0.872	-1.002	0.807	AT1G19790	0.0	0.071	0.05	0.021	0.208
vsOthers	1	0.0	0.872	-1.002	0.807	AT3G20770	0.0	0.063	0.088	-0.025	0.208
vsOthers	1	0.0	0.872	1.184	0.873	AT3G61120	0.0	0.005	0.011	-0.006	0.209
vsOthers	1	0.0	0.872	-0.388	0.398	AT2G23290	0.0		0.123	0.027	0.212
vsOthers	1	0.0	0.872	-0.388	0.398	AT2G30590	0.0		0.028	-0.014	0.212
vsOthers	1	0.0	0.872	-0.388	0.398	AT4G01500	-0.693		0.028	-0.014	0.212
vsOthers	1	0.0	0.872	-0.388	0.398	AT5G15830	0.0		0.178	0.033	0.212
vsOthers	1	0.0	0.872	1.184	0.873	AT1G13260	0.086	0.043	0.03	0.014	0.212
vsOthers	1	0.0	0.872	-0.388	0.398	AT3G30210	0.0		0.049	-0.019	0.213
vsOthers	1	0.0	0.872	-1.002	0.807	AT2G15660	0.0	0.008	0.021	-0.012	0.215
vsOthers	1	0.0	0.872	-1.002	0.807	AT2G42590	0.0	0.008	0.021	-0.012	0.215
vsOthers	1	0.0	0.872	-0.388	0.398	AT1G71696	-0.009		0.105	0.026	0.216
vsOthers	1	0.0	0.872	1.184	0.873	AT3G57920	0.0	0.094	0.074	0.019	0.217
vsOthers	1	0.0	0.872	-1.002	0.807	AT2G46590	0.0	0.109	0.139	-0.03	0.218
vsOthers	1	0.0	0.872	1.184	0.873	AT2G30340	0.087	0.11	0.089	0.02	0.218
vsOthers	1	0.0	0.872	1.184	0.873	AT2G42200	0.121	0.128	0.106	0.022	0.218
vsOthers	1	0.0	0.872	1.184	0.873	AT3G23240	-0.046	0.081	0.101	-0.02	0.218
vsOthers	1	0.0	0.872	1.184	0.873	AT3G50260	-0.125	0.198	0.171	0.027	0.218
vsOthers	1	0.0	0.872	-1.002	0.807	AT2G46770	0.0	0.088	0.117	-0.029	0.22
vsOthers	1	0.0	0.872	-1.002	0.807	AT5G47370	0.0	0.088	0.118	-0.029	0.22
vsOthers	1	0.0	0.872	-0.388	0.398	AT2G35530	-0.493		0.188	0.033	0.221
vsOthers	1	0.0	0.872	-0.388	0.398	AT1G25580	-0.14		0.063	-0.019	0.221
vsOthers	1	0.0	0.872	1.184	0.873	AT1G33240	-0.161	0.131	0.108	0.023	0.221
vsOthers	1	0.0	0.872	1.184	0.873	AT3G62420	0.0	0.182	0.209	-0.026	0.221
vsOthers	1	0.0	0.872	-1.002	0.807	AT4G17785	0.0	0.017	0.033	-0.016	0.222
vsOthers	1	0.0	0.872	1.184	0.873	AT1G66370	0.0	0.028	0.017	0.011	0.222
vsOthers	1	0.0	0.872	1.184	0.873	AT4G31550	0.0	0.045	0.032	0.014	0.223
vsOthers	1	0.0	0.872	-1.002	0.807	AT1G16490	0.0	0.139	0.111	0.028	0.224
vsOthers	1	0.0	0.872	1.184	0.873	AT1G28160	-0.349	0.137	0.16	-0.023	0.224
vsOthers	1	0.0	0.872	1.184	0.873	AT2G26960	0.0	0.081	0.063	0.017	0.224
vsOthers	1	0.0	0.872	-0.388	0.398	AT5G56930	0.0		0.008	-0.008	0.225
vsOthers	1	0.0	0.872	-0.388	0.398	AT5G61270	-1.367		0.008	-0.008	0.225
vsOthers	1	0.0	0.872	-0.388	0.398	AT1G51700	0.0		0.09	0.024	0.226
vsOthers	1	0.0	0.872	-0.388	0.398	AT5G16600	0.0		0.006	-0.006	0.227
vsOthers	1	0.0	0.872	-1.002	0.807	AT5G61600	0.0	0.059	0.041	0.018	0.227
vsOthers	1	0.0	0.872	-1.002	0.807	AT5G66730	0.0	0.071	0.098	-0.027	0.227
vsOthers	1	0.0	0.872	-1.002	0.807	AT2G26960	0.0	0.055	0.078	-0.024	0.228
vsOthers	1	0.0	0.872	-0.388	0.398	AT2G01818	0.0		0.05	-0.017	0.229
vsOthers	1	0.0	0.872	-0.388	0.398	AT5G66700	0.125		0.178	-0.031	0.232
vsOthers	1	0.0	0.872	-1.002	0.807	AT2G21900	0.0	0.0	0.009	-0.009	0.232
vsOthers	1	0.0	0.872	-1.002	0.807	AT3G45170	0.0	0.0	0.009	-0.009	0.232
vsOthers	1	0.0	0.872	1.184	0.873	AT3G57600	-0.664	0.015	0.024	-0.009	0.232
vsOthers	1	0.0	0.872	-0.388	0.398	AT4G05100	0.0		0.067	-0.021	0.233
vsOthers	1	0.0	0.872	-1.002	0.807	AT5G22990	0.0	0.122	0.152	-0.031	0.234
vsOthers	1	0.0	0.872	1.184	0.873	AT3G45170	0.51	0.01	0.004	0.006	0.234
vsOthers	1	0.0	0.872	-1.002	0.807	AT4G14770	0.0	0.097	0.125	-0.028	0.235
vsOthers	1	0.0	0.872	-1.002	0.807	AT5G18090	0.0	0.008	0.003	0.005	0.236
vsOthers	1	0.0	0.872	1.184	0.873	AT5G03790	-0.192	0.139	0.117	0.022	0.236
vsOthers	1	0.0	0.872	-0.388	0.398	AT3G51080	0.0		0.011	0.01	0.238
vsOthers	1	0.0	0.872	-0.388	0.398	AT4G37180	-0.168		0.096	0.025	0.238
vsOthers	1	0.0	0.872	-1.002	0.807	AT3G03660	0.0	0.0	0.008	-0.008	0.239
vsOthers	1	0.0	0.872	-1.002	0.807	AT3G26790	0.0	0.063	0.043	0.02	0.239
vsOthers	1	0.0	0.872	-1.002	0.807	AT3G57230	0.0	0.025	0.013	0.012	0.239
vsOthers	1	0.0	0.872	-1.002	0.807	AT5G56930	0.0	0.0	0.008	-0.008	0.239
vsOthers	1	0.0	0.872	1.184	0.873	AT1G26960	-0.002	0.121	0.101	0.02	0.239
vsOthers	1	0.0	0.872	1.184	0.873	AT5G06100	0.531	0.122	0.101	0.021	0.239
vsOthers	1	0.0	0.872	1.184	0.873	AT2G35700	0.0	0.143	0.121	0.022	0.241
vsOthers	1	0.0	0.872	-1.002	0.807	AT1G75240	0.0	0.101	0.13	-0.029	0.242
vsOthers	1	0.0	0.872	-1.002	0.807	AT2G45410	0.0	0.101	0.129	-0.028	0.242
vsOthers	1	0.0	0.872	-1.002	0.807	AT4G18770	0.0	0.101	0.13	-0.029	0.242
vsOthers	1	0.0	0.872	-0.388	0.398	AT4G18770	-0.465		0.12	0.027	0.243
vsOthers	1	0.0	0.872	-0.388	0.398	AT5G02840	-0.284		0.054	-0.018	0.243
vsOthers	1	0.0	0.872	1.184	0.873	AT4G04450	0.0	0.022	0.013	0.009	0.243
vsOthers	1	0.0	0.872	-0.388	0.398	AT3G28910	0.338		0.054	-0.017	0.244
vsOthers	1	0.0	0.872	-0.388	0.398	AT5G50570	0.0		0.029	-0.013	0.244
vsOthers	1	0.0	0.872	-0.388	0.398	AT1G79180	0.172		0.069	-0.019	0.245
vsOthers	1	0.0	0.872	-1.002	0.807	AT4G22070	0.0	0.08	0.105	-0.025	0.245
vsOthers	1	0.0	0.872	-0.388	0.398	AT1G22070	0.0		0.022	-0.012	0.246
vsOthers	1	0.0	0.872	-0.388	0.398	AT4G04450	0.0		0.021	-0.011	0.246
vsOthers	1	0.0	0.872	-1.002	0.807	AT2G35530	0.0	0.223	0.189	0.034	0.246
vsOthers	1	0.0	0.872	-0.388	0.398	AT2G44840	-0.792		0.133	-0.026	0.248
vsOthers	1	0.0	0.872	-1.002	0.807	AT5G29000	0.0	0.126	0.101	0.025	0.249
vsOthers	1	0.0	0.872	-1.002	0.807	AT5G66940	0.0	0.105	0.133	-0.028	0.249
vsOthers	1	0.0	0.872	-0.388	0.398	AT3G25990	0.0		0.041	-0.015	0.25
vsOthers	1	0.0	0.872	-0.388	0.398	AT3G50410	0.019		0.082	0.022	0.25
vsOthers	1	0.0	0.872	-0.388	0.398	AT2G18350	0.0		0.11	-0.024	0.251
vsOthers	1	0.0	0.872	-1.002	0.807	AT3G01470	0.0	0.021	0.036	-0.015	0.252
vsOthers	1	0.0	0.872	-1.002	0.807	AT5G10280	0.0	0.021	0.036	-0.015	0.252
vsOthers	1	0.0	0.872	1.184	0.873	AT1G32150	0.0	0.187	0.212	-0.025	0.252
vsOthers	1	0.0	0.872	1.184	0.873	AT2G46130	0.0	0.05	0.037	0.013	0.252
vsOthers	1	0.0	0.872	-0.388	0.398	AT4G38910	0.0		0.002	0.004	0.253
vsOthers	1	0.0	0.872	-0.388	0.398	AT5G03790	0.0		0.136	-0.026	0.253
vsOthers	1	0.0	0.872	-1.002	0.807	AT3G44480	0.0	0.084	0.11	-0.026	0.253
vsOthers	1	0.0	0.872	-1.002	0.807	AT5G05550	0.0	0.172	0.206	-0.034	0.253
vsOthers	1	0.0	0.872	-1.002	0.807	AT2G01940	0.0	0.084	0.109	-0.025	0.254
vsOthers	1	0.0	0.872	-1.002	0.807	AT1G66370	0.0	0.013	0.026	-0.014	0.256
vsOthers	1	0.0	0.872	1.184	0.873	AT2G45680	0.0	0.017	0.026	-0.009	0.256
vsOthers	1	0.0	0.872	1.184	0.873	AT3G60530	0.0	0.024	0.035	-0.011	0.256
vsOthers	1	0.0	0.872	-1.002	0.807	AT3G28910	0.0	0.034	0.053	-0.02	0.258
vsOthers	1	0.0	0.872	1.184	0.873	AT2G42430	0.214	0.113	0.093	0.02	0.258
vsOthers	1	0.0	0.872	-0.388	0.398	AT1G19000	0.708		0.132	0.026	0.26
vsOthers	1	0.0	0.872	-1.002	0.807	AT1G49010	0.0	0.113	0.143	-0.03	0.261
vsOthers	1	0.0	0.872	-1.002	0.807	AT1G71450	0.0	0.181	0.214	-0.033	0.261
vsOthers	1	0.0	0.872	1.184	0.873	AT3G42860	-0.336	0.08	0.063	0.016	0.261
vsOthers	1	0.0	0.872	1.184	0.873	AT5G18270	-0.557	0.134	0.114	0.02	0.261
vsOthers	1	0.0	0.872	1.184	0.873	AT1G34190	0.152	0.136	0.115	0.02	0.264
vsOthers	1	0.0	0.872	-1.002	0.807	AT1G75080	0.0	0.038	0.024	0.014	0.265
vsOthers	1	0.0	0.872	1.184	0.873	AT1G69560	0.17	0.024	0.015	0.009	0.265
vsOthers	1	0.0	0.872	-0.388	0.398	AT1G76870	0.706		0.006	0.007	0.266
vsOthers	1	0.0	0.872	-0.388	0.398	AT3G06740	-0.459		0.076	-0.02	0.266
vsOthers	1	0.0	0.872	1.184	0.873	AT1G55110	0.001	0.098	0.08	0.018	0.266
vsOthers	1	0.0	0.872	-1.002	0.807	AT3G24520	0.0	0.118	0.147	-0.029	0.267
vsOthers	1	0.0	0.872	1.184	0.873	AT4G27900	0.0	0.007	0.013	-0.006	0.267
vsOthers	1	0.0	0.872	-0.388	0.398	AT5G17300	0.0		0.146	-0.026	0.268
vsOthers	1	0.0	0.872	-1.002	0.807	AT1G26960	0.0	0.092	0.118	-0.025	0.27
vsOthers	1	0.0	0.872	-1.002	0.807	AT5G65130	0.0	0.088	0.067	0.021	0.27
vsOthers	1	0.0	0.872	1.184	0.873	AT3G56850	0.066	0.176	0.199	-0.023	0.27
vsOthers	1	0.0	0.872	-0.388	0.398	AT4G27950	0.0		0.071	0.019	0.272
vsOthers	1	0.0	0.872	-1.002	0.807	AT4G24020	0.0	0.017	0.009	0.008	0.272
vsOthers	1	0.0	0.872	1.184	0.873	AT4G18890	0.0	0.026	0.037	-0.011	0.272
vsOthers	1	0.0	0.872	-0.388	0.398	AT2G18380	0.811		0.092	0.022	0.273
vsOthers	1	0.0	0.872	-1.002	0.807	AT2G33710	0.0	0.122	0.151	-0.029	0.273
vsOthers	1	0.0	0.872	1.184	0.873	AT2G20400	-0.12	0.089	0.106	-0.018	0.273
vsOthers	1	0.0	0.872	1.184	0.873	AT3G22780	0.843	0.007	0.002	0.005	0.274
vsOthers	1	0.0	0.872	-0.388	0.398	AT1G14580	0.0		0.03	0.013	0.275
vsOthers	1	0.0	0.872	-0.388	0.398	AT3G24120	-0.074		0.142	0.025	0.275
vsOthers	1	0.0	0.872	1.184	0.873	AT4G16750	0.004	0.169	0.147	0.022	0.276
vsOthers	1	0.0	0.872	-1.002	0.807	AT3G09735	0.0	0.097	0.122	-0.026	0.277
vsOthers	1	0.0	0.872	-1.002	0.807	AT1G13260	0.0	0.025	0.041	-0.016	0.278
vsOthers	1	0.0	0.872	1.184	0.873	AT4G31060	0.0	0.146	0.125	0.021	0.278
vsOthers	1	0.0	0.872	-0.388	0.398	AT1G68320	0.0		0.102	-0.021	0.28
vsOthers	1	0.0	0.872	-0.388	0.398	AT1G22810	-0.627		0.127	-0.023	0.282
vsOthers	1	0.0	0.872	1.184	0.873	AT1G76880	0.0	0.012	0.006	0.006	0.283
vsOthers	1	0.0	0.872	-1.002	0.807	AT3G11440	0.0	0.101	0.127	-0.026	0.284
vsOthers	1	0.0	0.872	-0.388	0.398	AT1G72360	0.0		0.017	-0.01	0.287
vsOthers	1	0.0	0.872	-0.388	0.398	AT3G51470	-0.059		0.015	-0.009	0.287
vsOthers	1	0.0	0.872	-1.002	0.807	AT1G67260	0.0	0.004	0.001	0.003	0.287
vsOthers	1	0.0	0.872	1.184	0.873	AT5G67450	-0.121	0.02	0.03	-0.01	0.289
vsOthers	1	0.0	0.872	-1.002	0.807	AT1G03840	0.0	0.059	0.08	-0.022	0.291
vsOthers	1	0.0	0.872	1.184	0.873	AT2G15740	0.261	0.11	0.091	0.019	0.291
vsOthers	1	0.0	0.872	1.184	0.873	AT5G22990	0.021	0.155	0.134	0.021	0.291
vsOthers	1	0.0	0.872	-1.002	0.807	AT1G01060	0.0	0.151	0.125	0.027	0.292
vsOthers	1	0.0	0.872	1.184	0.873	AT1G10720	-0.833	0.004	0.009	-0.005	0.292
vsOthers	1	0.0	0.872	-0.388	0.398	AT3G44480	0.0		0.102	0.022	0.294
vsOthers	1	0.0	0.872	-0.388	0.398	AT5G62000	0.0		0.087	-0.02	0.294
vsOthers	1	0.0	0.872	-1.002	0.807	AT3G60530	0.0	0.017	0.03	-0.013	0.294
vsOthers	1	0.0	0.872	1.184	0.873	AT1G65620	0.514	0.019	0.011	0.008	0.294
vsOthers	1	0.0	0.872	1.184	0.873	AT5G62940	0.0	0.111	0.093	0.018	0.295
vsOthers	1	0.0	0.872	-1.002	0.807	AT1G63030	0.0	0.008	0.019	-0.011	0.296
vsOthers	1	0.0	0.872	-0.388	0.398	AT5G65410	0.049		0.138	-0.024	0.297
vsOthers	1	0.0	0.872	-1.002	0.807	AT5G43840	0.0	0.017	0.029	-0.013	0.297
vsOthers	1	0.0	0.872	-1.002	0.807	AT4G18890	0.0	0.042	0.028	0.014	0.298
vsOthers	1	0.0	0.872	-1.002	0.807	AT4G00730	0.0	0.084	0.108	-0.024	0.3
vsOthers	1	0.0	0.872	-0.388	0.398	AT3G28920	0.186		0.141	-0.024	0.302
vsOthers	1	0.0	0.872	-0.388	0.398	AT3G47500	0.0		0.106	0.021	0.302
vsOthers	1	0.0	0.872	-0.388	0.398	AT1G47655	-0.052		0.084	0.02	0.304
vsOthers	1	0.0	0.872	-1.002	0.807	AT2G35700	0.0	0.113	0.139	-0.026	0.304
vsOthers	1	0.0	0.872	-1.002	0.807	AT2G45420	0.0	0.113	0.139	-0.026	0.304
vsOthers	1	0.0	0.872	-1.002	0.807	AT5G45580	0.0	0.113	0.139	-0.026	0.304
vsOthers	1	0.0	0.872	1.184	0.873	AT5G47390	0.229	0.139	0.119	0.02	0.304
vsOthers	1	0.0	0.872	1.184	0.873	AT1G71696	-0.377	0.104	0.121	-0.017	0.305
vsOthers	1	0.0	0.872	-0.388	0.398	AT3G26620	0.0		0.071	-0.017	0.307
vsOthers	1	0.0	0.872	-0.388	0.398	AT3G23220	0.263		0.049	0.015	0.308
vsOthers	1	0.0	0.872	-1.002	0.807	AT2G01930	0.0	0.088	0.113	-0.025	0.308
vsOthers	1	0.0	0.872	-1.002	0.807	AT3G27785	0.0	0.088	0.112	-0.024	0.308
vsOthers	1	0.0	0.872	1.184	0.873	AT3G04070	0.0	0.022	0.032	-0.01	0.308
vsOthers	1	0.0	0.872	-1.002	0.807	AT5G52660	0.0	0.13	0.106	0.024	0.309
vsOthers	1	0.0	0.872	1.184	0.873	AT5G47220	0.028	0.055	0.069	-0.014	0.311
vsOthers	1	0.0	0.872	-0.388	0.398	AT1G28160	0.256		0.141	0.023	0.314
vsOthers	1	0.0	0.872	-1.002	0.807	AT1G70920	0.0	0.067	0.088	-0.021	0.314
vsOthers	1	0.0	0.872	1.184	0.873	AT3G08500	0.0	0.1	0.084	0.016	0.315
vsOthers	1	0.0	0.872	-1.002	0.807	AT1G69490	0.0	0.092	0.117	-0.024	0.316
vsOthers	1	0.0	0.872	1.184	0.873	AT3G49930	0.0	0.003	0.0	0.003	0.316
vsOthers	1	0.0	0.872	1.184	0.873	AT3G60490	-0.769	0.122	0.104	0.018	0.316
vsOthers	1	0.0	0.872	1.184	0.873	AT5G48670	0.0	0.003	0.0	0.003	0.316
vsOthers	1	0.0	0.872	-1.002	0.807	AT3G10580	0.0	0.134	0.11	0.025	0.317
vsOthers	1	0.0	0.872	-0.388	0.398	AT3G09735	0.42		0.123	-0.022	0.319
vsOthers	1	0.0	0.872	-0.388	0.398	AT2G46680	0.0		0.096	-0.019	0.32
vsOthers	1	0.0	0.872	-1.002	0.807	AT2G38340	0.0	0.126	0.152	-0.026	0.322
vsOthers	1	0.0	0.872	-1.002	0.807	AT5G23930	0.0	0.172	0.146	0.027	0.322
vsOthers	1	0.0	0.872	-1.002	0.807	AT3G60490	0.0	0.097	0.119	-0.023	0.325
vsOthers	1	0.0	0.872	-1.002	0.807	AT1G32870	0.0	0.139	0.115	0.023	0.326
vsOthers	1	0.0	0.872	1.184	0.873	AT2G45650	-0.403	0.016	0.024	-0.008	0.326
vsOthers	1	0.0	0.872	-1.002	0.807	AT1G06180	0.0	0.084	0.066	0.018	0.328
vsOthers	1	0.0	0.872	-1.002	0.807	AT5G04390	0.0	0.084	0.066	0.018	0.328
vsOthers	1	0.0	0.872	-0.388	0.398	AT1G32150	-0.321		0.191	0.026	0.33
vsOthers	1	0.0	0.872	1.184	0.873	AT3G04030	-0.269	0.118	0.136	-0.018	0.33
vsOthers	1	0.0	0.872	1.184	0.873	AT5G23930	0.503	0.143	0.162	-0.019	0.33
vsOthers	1	0.0	0.872	1.184	0.873	AT3G50700	0.047	0.042	0.032	0.011	0.333
vsOthers	1	0.0	0.872	-0.388	0.398	AT3G23250	-0.497		0.02	-0.01	0.336
vsOthers	1	0.0	0.872	-0.388	0.398	AT5G10140	0.0		0.009	0.008	0.336
vsOthers	1	0.0	0.872	1.184	0.873	AT5G29000	-0.348	0.099	0.115	-0.017	0.336
vsOthers	1	0.0	0.872	-0.388	0.398	AT3G45610	0.146		0.125	0.022	0.337
vsOthers	1	0.0	0.872	1.184	0.873	AT1G19040	-0.5	0.031	0.022	0.009	0.337
vsOthers	1	0.0	0.872	1.184	0.873	AT1G18330	0.074	0.112	0.095	0.017	0.339
vsOthers	1	0.0	0.872	-0.388	0.398	AT2G45650	0.0		0.017	0.01	0.341
vsOthers	1	0.0	0.872	-0.388	0.398	AT4G18450	0.0		0.017	0.01	0.341
vsOthers	1	0.0	0.872	1.184	0.873	AT1G19790	-0.244	0.049	0.061	-0.012	0.342
vsOthers	1	0.0	0.872	-1.002	0.807	AT1G44830	0.0	0.067	0.05	0.017	0.343
vsOthers	1	0.0	0.872	-1.002	0.807	AT2G23340	0.0	0.109	0.134	-0.025	0.345
vsOthers	1	0.0	0.872	-1.002	0.807	AT5G54230	0.0	0.109	0.134	-0.025	0.345
vsOthers	1	0.0	0.872	-0.388	0.398	AT3G09600	0.0		0.14	-0.023	0.346
vsOthers	1	0.0	0.872	-1.002	0.807	AT1G69180	0.0	0.118	0.097	0.021	0.346
vsOthers	1	0.0	0.872	-1.002	0.807	AT5G52830	0.0	0.109	0.132	-0.023	0.346
vsOthers	1	0.0	0.872	1.184	0.873	AT4G36780	-0.004	0.156	0.175	-0.019	0.346
vsOthers	1	0.0	0.872	-0.388	0.398	AT1G36060	-0.384		0.085	-0.018	0.347
vsOthers	1	0.0	0.872	-1.002	0.807	AT1G80840	0.0	0.013	0.023	-0.011	0.347
vsOthers	1	0.0	0.872	-1.002	0.807	AT3G02990	0.0	0.013	0.023	-0.011	0.347
vsOthers	1	0.0	0.872	1.184	0.873	AT2G46590	0.15	0.141	0.123	0.018	0.347
vsOthers	1	0.0	0.872	1.184	0.873	AT4G17460	0.0	0.009	0.004	0.005	0.347
vsOthers	1	0.0	0.872	1.184	0.873	AT4G38170	0.0	0.141	0.123	0.018	0.347
vsOthers	1	0.0	0.872	1.184	0.873	AT5G45580	0.0	0.129	0.147	-0.018	0.347
vsOthers	1	0.0	0.872	1.184	0.873	AT5G52170	0.0	0.009	0.004	0.005	0.347
vsOthers	1	0.0	0.872	-1.002	0.807	AT2G18160	0.0	0.147	0.173	-0.026	0.348
vsOthers	1	0.0	0.872	-1.002	0.807	AT5G67450	0.0	0.034	0.022	0.012	0.349
vsOthers	1	0.0	0.872	-0.388	0.398	AT5G44160	0.0		0.018	0.009	0.35
vsOthers	1	0.0	0.872	1.184	0.873	AT4G38910	0.0	0.002	0.006	-0.004	0.351
vsOthers	1	0.0	0.872	-1.002	0.807	AT2G32460	0.0	0.084	0.104	-0.02	0.354
vsOthers	1	0.0	0.872	1.184	0.873	AT5G61270	0.078	0.008	0.004	0.004	0.354
vsOthers	1	0.0	0.872	-0.388	0.398	AT1G72740	-0.141		0.089	-0.018	0.355
vsOthers	1	0.0	0.872	1.184	0.873	AT2G46680	-0.08	0.098	0.082	0.016	0.355
vsOthers	1	0.0	0.872	-0.388	0.398	AT1G68670	0.0		0.044	0.013	0.357
vsOthers	1	0.0	0.872	-0.388	0.398	AT2G38880	0.0		0.006	-0.006	0.357
vsOthers	1	0.0	0.872	1.184	0.873	AT3G13350	0.298	0.016	0.009	0.007	0.36
vsOthers	1	0.0	0.872	-0.388	0.398	AT2G02070	-0.298		0.091	-0.017	0.364
vsOthers	1	0.0	0.872	-0.388	0.398	AT3G07220	0.0		0.005	-0.005	0.364
vsOthers	1	0.0	0.872	-0.388	0.398	AT4G24240	0.0		0.005	-0.005	0.364
vsOthers	1	0.0	0.872	-0.388	0.398	AT4G36620	0.0		0.005	-0.005	0.364
vsOthers	1	0.0	0.872	-0.388	0.398	AT5G58620	0.0		0.005	-0.005	0.364
vsOthers	1	0.0	0.872	-1.002	0.807	AT1G30650	0.0	0.122	0.145	-0.023	0.365
vsOthers	1	0.0	0.872	-0.388	0.398	AT5G61620	0.0		0.145	0.022	0.366
vsOthers	1	0.0	0.872	-1.002	0.807	AT4G01250	0.0	0.092	0.115	-0.022	0.369
vsOthers	1	0.0	0.872	-0.388	0.398	AT1G77200	0.196		0.155	-0.021	0.37
vsOthers	1	0.0	0.872	-1.002	0.807	AT2G41835	0.0	0.0	0.007	-0.007	0.37
vsOthers	1	0.0	0.872	-1.002	0.807	AT3G47500	0.0	0.092	0.113	-0.021	0.37
vsOthers	1	0.0	0.872	-1.002	0.807	AT5G64060	0.0	0.13	0.108	0.022	0.37
vsOthers	1	0.0	0.872	1.184	0.873	AT3G46590	-0.251	0.02	0.028	-0.008	0.371
vsOthers	1	0.0	0.872	-1.002	0.807	AT3G22780	0.0	0.0	0.006	-0.006	0.372
vsOthers	1	0.0	0.872	-1.002	0.807	AT5G62000	0.0	0.067	0.086	-0.019	0.373
vsOthers	1	0.0	0.872	1.184	0.873	AT5G67190	0.237	0.16	0.142	0.019	0.373
vsOthers	1	0.0	0.872	-0.388	0.398	AT4G01540	0.048		0.158	-0.021	0.374
vsOthers	1	0.0	0.872	-1.002	0.807	AT4G01680	0.0	0.101	0.082	0.019	0.375
vsOthers	1	0.0	0.872	1.184	0.873	AT1G36060	0.418	0.087	0.073	0.014	0.379
vsOthers	1	0.0	0.872	-1.002	0.807	AT5G67190	0.0	0.134	0.157	-0.023	0.382
vsOthers	1	0.0	0.872	1.184	0.873	AT5G07680	0.0	0.026	0.019	0.008	0.383
vsOthers	1	0.0	0.872	-1.002	0.807	AT1G47655	0.0	0.071	0.091	-0.019	0.384
vsOthers	1	0.0	0.872	1.184	0.873	AT1G27730	-0.225	0.06	0.073	-0.012	0.384
vsOthers	1	0.0	0.872	-0.388	0.398	AT1G53170	0.099		0.206	0.024	0.385
vsOthers	1	0.0	0.872	-1.002	0.807	AT1G32240	0.0	0.017	0.029	-0.012	0.385
vsOthers	1	0.0	0.872	-1.002	0.807	AT2G20110	0.0	0.101	0.122	-0.021	0.385
vsOthers	1	0.0	0.872	1.184	0.873	AT5G05550	0.0	0.207	0.188	0.019	0.385
vsOthers	1	0.0	0.872	-0.388	0.398	AT1G69010	-0.005		0.169	-0.022	0.386
vsOthers	1	0.0	0.872	-1.002	0.807	AT2G17900	0.0	0.0	0.005	-0.005	0.386
vsOthers	1	0.0	0.872	-0.388	0.398	AT3G12730	0.0		0.096	0.018	0.388
vsOthers	1	0.0	0.872	1.184	0.873	AT3G12250	-0.399	0.16	0.179	-0.019	0.388
vsOthers	1	0.0	0.872	-0.388	0.398	AT5G63260	0.511		0.127	0.02	0.389
vsOthers	1	0.0	0.872	-1.002	0.807	AT3G04070	0.0	0.017	0.027	-0.01	0.389
vsOthers	1	0.0	0.872	1.184	0.873	AT1G79180	0.0	0.069	0.058	0.012	0.389
vsOthers	1	0.0	0.872	1.184	0.873	AT4G01680	-0.307	0.09	0.076	0.013	0.389
vsOthers	1	0.0	0.872	-0.388	0.398	AT3G12910	0.763		0.005	0.005	0.39
vsOthers	1	0.0	0.872	-0.388	0.398	AT5G22890	0.116		0.005	0.005	0.39
vsOthers	1	0.0	0.872	1.184	0.873	AT1G01250	0.0	0.018	0.011	0.007	0.39
vsOthers	1	0.0	0.872	1.184	0.873	AT2G45420	0.0	0.141	0.125	0.016	0.39
vsOthers	1	0.0	0.872	-1.002	0.807	AT1G72010	0.0	0.05	0.067	-0.016	0.391
vsOthers	1	0.0	0.872	1.184	0.873	AT1G71450	0.0	0.216	0.196	0.02	0.391
vsOthers	1	0.0	0.872	-1.002	0.807	AT1G52880	0.0	0.105	0.126	-0.021	0.392
vsOthers	1	0.0	0.872	-1.002	0.807	AT5G10510	0.0	0.013	0.006	0.006	0.392
vsOthers	1	0.0	0.872	-1.002	0.807	AT5G13080	0.0	0.143	0.166	-0.023	0.392
vsOthers	1	0.0	0.872	1.184	0.873	AT5G14960	0.914	0.017	0.011	0.006	0.392
vsOthers	1	0.0	0.872	-0.388	0.398	AT5G47230	0.0		0.035	0.012	0.393
vsOthers	1	0.0	0.872	-0.388	0.398	AT1G03800	-0.361		0.18	-0.022	0.397
vsOthers	1	0.0	0.872	1.184	0.873	AT5G04390	-0.068	0.064	0.076	-0.012	0.397
vsOthers	1	0.0	0.872	-0.388	0.398	AT3G02150	0.0		0.015	-0.008	0.398
vsOthers	1	0.0	0.872	-1.002	0.807	AT1G30210	0.0	0.004	0.002	0.003	0.398
vsOthers	1	0.0	0.872	-1.002	0.807	AT1G60920	0.0	0.004	0.002	0.003	0.398
vsOthers	1	0.0	0.872	-1.002	0.807	AT1G63040	0.0	0.004	0.002	0.003	0.398
vsOthers	1	0.0	0.872	-1.002	0.807	AT3G08500	0.0	0.109	0.091	0.018	0.398
vsOthers	1	0.0	0.872	-1.002	0.807	AT5G49300	0.0	0.004	0.002	0.003	0.398
vsOthers	1	0.0	0.872	-1.002	0.807	AT1G69570	0.0	0.109	0.132	-0.022	0.399
vsOthers	1	0.0	0.872	1.184	0.873	AT3G06490	0.0	0.055	0.045	0.011	0.399
vsOthers	1	0.0	0.872	-0.388	0.398	AT5G65210	0.049		0.134	0.02	0.4
vsOthers	1	0.0	0.872	-0.388	0.398	AT1G49010	0.0		0.135	0.019	0.401
vsOthers	1	0.0	0.872	-0.388	0.398	AT2G02820	-0.094		0.175	0.022	0.401
vsOthers	1	0.0	0.872	1.184	0.873	AT1G51600	0.0	0.011	0.006	0.005	0.402
vsOthers	1	0.0	0.872	-1.002	0.807	AT1G76110	0.0	0.059	0.045	0.014	0.403
vsOthers	1	0.0	0.872	-1.002	0.807	AT4G01550	0.0	0.08	0.099	-0.019	0.403
vsOthers	1	0.0	0.872	1.184	0.873	AT2G02820	0.015	0.173	0.192	-0.019	0.403
vsOthers	1	0.0	0.872	1.184	0.873	AT5G25475	0.041	0.01	0.006	0.004	0.405
vsOthers	1	0.0	0.872	1.184	0.873	AT3G10800	0.0	0.088	0.101	-0.013	0.406
vsOthers	1	0.0	0.872	1.184	0.873	AT3G55370	0.162	0.153	0.136	0.017	0.406
vsOthers	1	0.0	0.872	-0.388	0.398	AT2G01930	0.0		0.106	0.018	0.408
vsOthers	1	0.0	0.872	-1.002	0.807	AT1G45249	0.0	0.113	0.096	0.017	0.408
vsOthers	1	0.0	0.872	1.184	0.873	AT5G15830	0.246	0.178	0.196	-0.017	0.408
vsOthers	1	0.0	0.872	-0.388	0.398	AT3G24520	0.067		0.146	-0.019	0.409
vsOthers	1	0.0	0.872	-1.002	0.807	AT1G65620	0.0	0.008	0.018	-0.009	0.409
vsOthers	1	0.0	0.872	1.184	0.873	AT1G69690	0.0	0.024	0.032	-0.007	0.409
vsOthers	1	0.0	0.872	-0.388	0.398	AT3G50260	0.166		0.193	-0.023	0.41
vsOthers	1	0.0	0.872	-1.002	0.807	AT4G37180	0.0	0.084	0.104	-0.02	0.412
vsOthers	1	0.0	0.872	-1.002	0.807	AT5G17800	0.0	0.084	0.103	-0.019	0.412
vsOthers	1	0.0	0.872	-0.388	0.398	AT5G07680	0.0		0.025	-0.008	0.413
vsOthers	1	0.0	0.872	-1.002	0.807	AT3G12730	0.0	0.084	0.102	-0.018	0.413
vsOthers	1	0.0	0.872	-1.002	0.807	AT5G14960	0.0	0.008	0.016	-0.008	0.415
vsOthers	1	0.0	0.872	1.184	0.873	AT4G00250	0.049	0.101	0.088	0.013	0.415
vsOthers	1	0.0	0.872	1.184	0.873	AT3G50060	0.371	0.129	0.114	0.015	0.416
vsOthers	1	0.0	0.872	-1.002	0.807	AT1G50640	0.0	0.122	0.144	-0.022	0.417
vsOthers	1	0.0	0.872	-1.002	0.807	AT5G02840	0.0	0.063	0.049	0.014	0.422
vsOthers	1	0.0	0.872	1.184	0.873	AT5G17800	0.181	0.105	0.091	0.013	0.423
vsOthers	1	0.0	0.872	1.184	0.873	AT2G28810	0.027	0.135	0.119	0.016	0.425
vsOthers	1	0.0	0.872	1.184	0.873	AT3G23250	-0.845	0.016	0.022	-0.006	0.426
vsOthers	1	0.0	0.872	-1.002	0.807	AT3G20310	0.0	0.218	0.196	0.023	0.427
vsOthers	1	0.0	0.872	-0.388	0.398	AT5G56840	0.0		0.155	0.019	0.428
vsOthers	1	0.0	0.872	1.184	0.873	AT3G13810	-0.078	0.083	0.071	0.012	0.428
vsOthers	1	0.0	0.872	1.184	0.873	AT5G63260	0.26	0.136	0.121	0.015	0.428
vsOthers	1	0.0	0.872	-1.002	0.807	AT4G10350	0.0	0.092	0.111	-0.018	0.429
vsOthers	1	0.0	0.872	-0.388	0.398	AT1G52880	0.43		0.119	0.018	0.432
vsOthers	1	0.0	0.872	1.184	0.873	AT2G17900	0.0	0.006	0.002	0.004	0.432
vsOthers	1	0.0	0.872	1.184	0.873	AT2G38880	0.0	0.006	0.002	0.004	0.432
vsOthers	1	0.0	0.872	1.184	0.873	AT5G61600	0.0	0.04	0.05	-0.01	0.432
vsOthers	1	0.0	0.872	-0.388	0.398	AT4G36780	-0.344		0.167	-0.019	0.434
vsOthers	1	0.0	0.872	-1.002	0.807	AT5G65310	0.0	0.134	0.156	-0.022	0.434
vsOthers	1	0.0	0.872	1.184	0.873	AT2G01940	0.168	0.11	0.097	0.013	0.435
vsOthers	1	0.0	0.872	1.184	0.873	AT3G07220	0.0	0.005	0.002	0.003	0.435
vsOthers	1	0.0	0.872	1.184	0.873	AT4G36620	0.0	0.005	0.002	0.003	0.435
vsOthers	1	0.0	0.872	1.184	0.873	AT5G08070	0.0	0.005	0.002	0.003	0.435
vsOthers	1	0.0	0.872	1.184	0.873	AT5G58620	0.0	0.005	0.002	0.003	0.435
vsOthers	1	0.0	0.872	-1.002	0.807	AT1G54330	0.0	0.097	0.115	-0.019	0.436
vsOthers	1	0.0	0.872	1.184	0.873	AT1G19000	0.0	0.142	0.127	0.015	0.436
vsOthers	1	0.0	0.872	-0.388	0.398	AT1G25550	-0.11		0.064	0.013	0.438
vsOthers	1	0.0	0.872	-0.388	0.398	AT5G43840	0.0		0.029	-0.009	0.438
vsOthers	1	0.0	0.872	-1.002	0.807	AT4G34410	0.0	0.139	0.161	-0.022	0.439
vsOthers	1	0.0	0.872	1.184	0.873	AT2G42590	0.166	0.021	0.015	0.006	0.439
vsOthers	1	0.0	0.872	1.184	0.873	AT3G47600	0.383	0.021	0.015	0.006	0.439
vsOthers	1	0.0	0.872	1.184	0.873	AT5G60850	-0.201	0.143	0.128	0.015	0.439
vsOthers	1	0.0	0.872	-1.002	0.807	AT5G64750	0.0	0.139	0.159	-0.02	0.44
vsOthers	1	0.0	0.872	-0.388	0.398	AT2G20400	0.0		0.092	0.015	0.441
vsOthers	1	0.0	0.872	1.184	0.873	AT5G52660	-0.23	0.115	0.101	0.014	0.441
vsOthers	1	0.0	0.872	-1.002	0.807	AT3G01530	0.0	0.134	0.116	0.018	0.445
vsOthers	1	0.0	0.872	1.184	0.873	AT1G68670	-0.316	0.043	0.052	-0.009	0.446
vsOthers	1	0.0	0.872	1.184	0.873	AT5G06950	-0.07	0.149	0.134	0.015	0.446
vsOthers	1	0.0	0.872	1.184	0.873	AT5G47370	-0.039	0.118	0.104	0.014	0.447
vsOthers	1	0.0	0.872	-0.388	0.398	AT2G03500	-0.064		0.095	0.015	0.448
vsOthers	1	0.0	0.872	-0.388	0.398	AT3G11280	0.014		0.045	0.011	0.449
vsOthers	1	0.0	0.872	-1.002	0.807	AT1G14687	0.0	0.105	0.125	-0.02	0.45
vsOthers	1	0.0	0.872	1.184	0.873	AT3G24120	0.0	0.142	0.156	-0.014	0.45
vsOthers	1	0.0	0.872	1.184	0.873	AT5G65510	0.275	0.05	0.041	0.009	0.45
vsOthers	1	0.0	0.872	-0.388	0.398	AT4G38170	0.0		0.138	-0.018	0.451
vsOthers	1	0.0	0.872	-1.002	0.807	AT1G25340	0.0	0.101	0.084	0.017	0.451
vsOthers	1	0.0	0.872	-0.388	0.398	AT2G24570	0.0		0.017	-0.007	0.452
vsOthers	1	0.0	0.872	-1.002	0.807	AT1G24250	0.0	0.046	0.06	-0.014	0.453
vsOthers	1	0.0	0.872	-0.388	0.398	AT1G19210	-0.318		0.186	-0.019	0.455
vsOthers	1	0.0	0.872	-1.002	0.807	AT1G75390	0.0	0.046	0.036	0.011	0.455
vsOthers	1	0.0	0.872	-0.388	0.398	AT4G31060	0.0		0.142	-0.018	0.456
vsOthers	1	0.0	0.872	-1.002	0.807	AT4G37260	0.0	0.109	0.128	-0.019	0.457
vsOthers	1	0.0	0.872	-1.002	0.807	AT5G18270	0.0	0.143	0.124	0.019	0.458
vsOthers	1	0.0	0.872	-0.388	0.398	AT2G36270	0.0		0.187	0.021	0.46
vsOthers	1	0.0	0.872	-1.002	0.807	AT1G20980	0.0	0.071	0.059	0.013	0.46
vsOthers	1	0.0	0.872	-1.002	0.807	AT2G45680	0.0	0.013	0.022	-0.009	0.46
vsOthers	1	0.0	0.872	-1.002	0.807	AT1G69560	0.0	0.013	0.022	-0.01	0.461
vsOthers	1	0.0	0.872	-1.002	0.807	AT5G18450	0.0	0.105	0.088	0.017	0.461
vsOthers	1	0.0	0.872	-1.002	0.807	AT1G22070	0.0	0.013	0.021	-0.008	0.463
vsOthers	1	0.0	0.872	-1.002	0.807	AT1G21910	0.0	0.029	0.02	0.009	0.464
vsOthers	1	0.0	0.872	-1.002	0.807	AT2G23290	0.0	0.113	0.132	-0.018	0.464
vsOthers	1	0.0	0.872	1.184	0.873	AT5G56840	-0.145	0.164	0.149	0.015	0.464
vsOthers	1	0.0	0.872	-0.388	0.398	AT2G42430	0.0		0.109	-0.015	0.466
vsOthers	1	0.0	0.872	-0.388	0.398	AT1G12630	0.0		0.151	-0.017	0.469
vsOthers	1	0.0	0.872	-1.002	0.807	AT4G05100	0.0	0.076	0.061	0.014	0.469
vsOthers	1	0.0	0.872	-1.002	0.807	AT5G06839	0.0	0.118	0.137	-0.019	0.469
vsOthers	1	0.0	0.872	-1.002	0.807	AT3G09600	0.0	0.151	0.132	0.019	0.47
vsOthers	1	0.0	0.872	1.184	0.873	AT3G06740	-0.137	0.077	0.065	0.011	0.47
vsOthers	1	0.0	0.872	1.184	0.873	AT1G53170	0.0	0.205	0.222	-0.016	0.471
vsOthers	1	0.0	0.872	1.184	0.873	AT2G03500	0.0	0.094	0.106	-0.012	0.471
vsOthers	1	0.0	0.872	-1.002	0.807	AT3G50700	0.0	0.029	0.04	-0.011	0.472
vsOthers	1	0.0	0.872	1.184	0.873	AT2G23340	0.0	0.135	0.121	0.014	0.474
vsOthers	1	0.0	0.872	-1.002	0.807	AT5G03150	0.0	0.029	0.039	-0.01	0.475
vsOthers	1	0.0	0.872	1.184	0.873	AT1G23810	0.0	0.014	0.009	0.005	0.479
vsOthers	1	0.0	0.872	1.184	0.873	AT5G14340	0.0	0.014	0.009	0.005	0.479
vsOthers	1	0.0	0.872	-0.388	0.398	AT2G21900	0.0		0.009	-0.006	0.48
vsOthers	1	0.0	0.872	-1.002	0.807	AT1G01720	0.0	0.126	0.146	-0.019	0.48
vsOthers	1	0.0	0.872	1.184	0.873	AT5G47230	0.26	0.034	0.043	-0.009	0.48
vsOthers	1	0.0	0.872	-1.002	0.807	AT1G25550	0.0	0.055	0.069	-0.014	0.481
vsOthers	1	0.0	0.872	-0.388	0.398	AT5G06960	0.116		0.08	0.013	0.483
vsOthers	1	0.0	0.872	-1.002	0.807	AT4G06746	0.0	0.055	0.067	-0.013	0.483
vsOthers	1	0.0	0.872	-0.388	0.398	AT4G17460	0.0		0.008	-0.005	0.485
vsOthers	1	0.0	0.872	-0.388	0.398	AT5G52170	0.0		0.008	-0.005	0.485
vsOthers	1	0.0	0.872	-1.002	0.807	AT5G08520	0.0	0.13	0.149	-0.019	0.486
vsOthers	1	0.0	0.872	1.184	0.873	AT3G12130	0.0	0.075	0.086	-0.011	0.486
vsOthers	1	0.0	0.872	-1.002	0.807	AT3G49530	0.0	0.088	0.104	-0.015	0.487
vsOthers	1	0.0	0.872	-1.002	0.807	AT3G61150	0.0	0.088	0.104	-0.015	0.487
vsOthers	1	0.0	0.872	-0.388	0.398	AT1G78700	-0.201		0.168	-0.018	0.488
vsOthers	1	0.0	0.872	-0.388	0.398	AT3G12250	0.0		0.163	0.017	0.489
vsOthers	1	0.0	0.872	-1.002	0.807	AT2G47070	0.0	0.118	0.102	0.015	0.489
vsOthers	1	0.0	0.872	-0.388	0.398	AT2G15660	0.0		0.02	-0.007	0.492
vsOthers	1	0.0	0.872	-0.388	0.398	AT3G47600	0.0		0.02	-0.007	0.492
vsOthers	1	0.0	0.872	-1.002	0.807	AT5G56110	0.0	0.134	0.152	-0.018	0.492
vsOthers	1	0.0	0.872	1.184	0.873	AT5G02460	-0.439	0.148	0.134	0.014	0.492
vsOthers	1	0.0	0.872	1.184	0.873	AT1G13400	0.011	0.027	0.02	0.007	0.493
vsOthers	1	0.0	0.872	1.184	0.873	AT4G28140	0.0	0.027	0.02	0.007	0.493
vsOthers	1	0.0	0.872	-1.002	0.807	AT2G42430	0.0	0.092	0.108	-0.016	0.494
vsOthers	1	0.0	0.872	-1.002	0.807	AT1G51600	0.0	0.004	0.01	-0.006	0.495
vsOthers	1	0.0	0.872	-1.002	0.807	AT3G30210	0.0	0.055	0.043	0.011	0.495
vsOthers	1	0.0	0.872	-0.388	0.398	AT3G10030	0.0		0.058	0.012	0.499
vsOthers	1	0.0	0.872	-1.002	0.807	AT2G46130	0.0	0.055	0.044	0.011	0.499
vsOthers	1	0.0	0.872	-0.388	0.398	AT1G75490	0.133		0.088	0.013	0.5
vsOthers	1	0.0	0.872	-0.388	0.398	AT2G28920	0.0		0.039	-0.009	0.504
vsOthers	1	0.0	0.872	-0.388	0.398	AT3G10800	0.0		0.089	0.014	0.504
vsOthers	1	0.0	0.872	-0.388	0.398	AT5G18450	-0.07		0.093	-0.013	0.504
vsOthers	1	0.0	0.872	1.184	0.873	AT1G25340	-0.174	0.083	0.093	-0.011	0.505
vsOthers	1	0.0	0.872	-1.002	0.807	AT2G17410	0.0	0.004	0.009	-0.005	0.506
vsOthers	1	0.0	0.872	-1.002	0.807	AT3G20840	0.0	0.017	0.011	0.006	0.507
vsOthers	1	0.0	0.872	1.184	0.873	AT2G41835	0.0	0.007	0.004	0.003	0.507
vsOthers	1	0.0	0.872	1.184	0.873	AT3G48160	0.0	0.007	0.004	0.003	0.507
vsOthers	1	0.0	0.872	-0.388	0.398	AT1G72010	0.0		0.062	0.012	0.51
vsOthers	1	0.0	0.872	-1.002	0.807	AT5G50570	0.0	0.034	0.026	0.008	0.51
vsOthers	1	0.0	0.872	1.184	0.873	AT3G57230	-0.249	0.013	0.019	-0.006	0.51
vsOthers	1	0.0	0.872	-0.388	0.398	AT3G30530	0.0		0.009	0.004	0.511
vsOthers	1	0.0	0.872	-0.388	0.398	AT4G24020	0.0		0.009	0.004	0.511
vsOthers	1	0.0	0.872	-0.388	0.398	AT5G47660	0.681		0.097	-0.013	0.511
vsOthers	1	0.0	0.872	-1.002	0.807	AT3G11280	0.0	0.038	0.05	-0.012	0.511
vsOthers	1	0.0	0.872	-1.002	0.807	AT2G01818	0.0	0.038	0.049	-0.011	0.512
vsOthers	1	0.0	0.872	-1.002	0.807	AT5G65510	0.0	0.038	0.049	-0.011	0.512
vsOthers	1	0.0	0.872	-1.002	0.807	AT2G01060	0.0	0.067	0.081	-0.014	0.515
vsOthers	1	0.0	0.872	1.184	0.873	AT3G11440	-0.15	0.119	0.13	-0.012	0.515
vsOthers	1	0.0	0.872	-1.002	0.807	AT3G12130	0.0	0.067	0.08	-0.013	0.516
vsOthers	1	0.0	0.872	-1.002	0.807	AT3G13810	0.0	0.067	0.08	-0.013	0.516
vsOthers	1	0.0	0.872	1.184	0.873	AT1G69010	-0.091	0.16	0.173	-0.013	0.516
vsOthers	1	0.0	0.872	1.184	0.873	AT1G78700	0.0	0.16	0.173	-0.013	0.516
vsOthers	1	0.0	0.872	-1.002	0.807	AT3G10480	0.0	0.134	0.119	0.015	0.517
vsOthers	1	0.0	0.872	-1.002	0.807	AT5G63090	0.0	0.059	0.049	0.01	0.518
vsOthers	1	0.0	0.872	-1.002	0.807	AT5G14340	0.0	0.017	0.012	0.005	0.52
vsOthers	1	0.0	0.872	-1.002	0.807	AT1G34180	0.0	0.139	0.122	0.017	0.521
vsOthers	1	0.0	0.872	1.184	0.873	AT5G66730	0.0	0.098	0.088	0.01	0.523
vsOthers	1	0.0	0.872	-1.002	0.807	AT3G50260	0.0	0.172	0.192	-0.02	0.528
vsOthers	1	0.0	0.872	-0.388	0.398	AT5G65130	0.067		0.068	0.012	0.529
vsOthers	1	0.0	0.872	-0.388	0.398	AT1G08320	0.286		0.156	0.015	0.537
vsOthers	1	0.0	0.872	1.184	0.873	AT2G36270	0.357	0.186	0.199	-0.013	0.54
vsOthers	1	0.0	0.872	-0.388	0.398	AT1G69490	0.196		0.11	0.013	0.541
vsOthers	1	0.0	0.872	-1.002	0.807	AT4G11660	0.0	0.08	0.094	-0.014	0.543
vsOthers	1	0.0	0.872	-1.002	0.807	AT5G17300	0.0	0.155	0.139	0.017	0.543
vsOthers	1	0.0	0.872	1.184	0.873	AT1G17950	0.0	0.002	0.0	0.002	0.544
vsOthers	1	0.0	0.872	1.184	0.873	AT1G47870	0.0	0.002	0.0	0.002	0.544
vsOthers	1	0.0	0.872	1.184	0.873	AT1G70910	0.0	0.002	0.0	0.002	0.544
vsOthers	1	0.0	0.872	-0.388	0.398	AT1G03840	0.0		0.075	0.012	0.546
vsOthers	1	0.0	0.872	-0.388	0.398	AT5G05790	-0.448		0.075	0.012	0.546
vsOthers	1	0.0	0.872	1.184	0.873	AT3G20310	-0.278	0.194	0.209	-0.014	0.546
vsOthers	1	0.0	0.872	1.184	0.873	AT1G14580	-0.034	0.03	0.037	-0.007	0.547
vsOthers	1	0.0	0.872	1.184	0.873	AT5G61620	0.198	0.154	0.142	0.013	0.548
vsOthers	1	0.0	0.872	-0.388	0.398	AT1G75080	0.0		0.028	-0.008	0.549
vsOthers	1	0.0	0.872	-0.388	0.398	AT4G32800	0.0		0.049	-0.009	0.55
vsOthers	1	0.0	0.872	1.184	0.873	AT1G44830	-0.474	0.05	0.058	-0.007	0.551
vsOthers	1	0.0	0.872	-1.002	0.807	AT1G68320	0.0	0.109	0.095	0.014	0.552
vsOthers	1	0.0	0.872	1.184	0.873	AT1G63040	0.0	0.001	0.004	-0.003	0.556
vsOthers	1	0.0	0.872	1.184	0.873	AT4G37790	0.0	0.001	0.004	-0.003	0.556
vsOthers	1	0.0	0.872	-1.002	0.807	AT1G25580	0.0	0.05	0.06	-0.01	0.558
vsOthers	1	0.0	0.872	-0.388	0.398	AT2G45410	0.0		0.128	-0.014	0.559
vsOthers	1	0.0	0.872	-1.002	0.807	AT3G13350	0.0	0.008	0.015	-0.006	0.561
vsOthers	1	0.0	0.872	1.184	0.873	AT2G17410	0.0	0.007	0.011	-0.004	0.561
vsOthers	1	0.0	0.872	-1.002	0.807	AT1G72360	0.0	0.021	0.014	0.007	0.562
vsOthers	1	0.0	0.872	-1.002	0.807	AT3G02150	0.0	0.008	0.014	-0.006	0.565
vsOthers	1	0.0	0.872	-1.002	0.807	AT1G18330	0.0	0.118	0.104	0.014	0.566
vsOthers	1	0.0	0.872	-1.002	0.807	AT1G27730	0.0	0.055	0.067	-0.012	0.568
vsOthers	1	0.0	0.872	1.184	0.873	AT1G22810	-0.265	0.126	0.115	0.01	0.568
vsOthers	1	0.0	0.872	1.184	0.873	AT3G50410	0.461	0.09	0.08	0.01	0.568
vsOthers	1	0.0	0.872	-0.388	0.398	AT5G62470	0.066		0.056	-0.009	0.573
vsOthers	1	0.0	0.872	-0.388	0.398	AT5G45300	0.364		0.089	0.012	0.575
vsOthers	1	0.0	0.872	1.184	0.873	AT1G20980	-0.448	0.063	0.056	0.008	0.577
vsOthers	1	0.0	0.872	1.184	0.873	AT2G28920	0.266	0.039	0.034	0.006	0.578
vsOthers	1	0.0	0.872	-1.002	0.807	AT1G69780	0.0	0.101	0.114	-0.013	0.579
vsOthers	1	0.0	0.872	1.184	0.873	AT1G27360	0.0	0.008	0.011	-0.003	0.579
vsOthers	1	0.0	0.872	-0.388	0.398	AT5G60130	-0.122		0.095	-0.011	0.58
vsOthers	1	0.0	0.872	-1.002	0.807	AT3G26620	0.0	0.059	0.069	-0.01	0.581
vsOthers	1	0.0	0.872	-1.002	0.807	AT5G44210	0.0	0.059	0.069	-0.01	0.581
vsOthers	1	0.0	0.872	-1.002	0.807	AT3G25990	0.0	0.046	0.037	0.009	0.582
vsOthers	1	0.0	0.872	1.184	0.873	AT4G01280	0.0	0.137	0.127	0.01	0.582
vsOthers	1	0.0	0.872	-0.388	0.398	AT2G33550	-0.802		0.058	-0.008	0.585
vsOthers	1	0.0	0.872	-0.388	0.398	AT3G55370	0.001		0.145	0.013	0.585
vsOthers	1	0.0	0.872	1.184	0.873	AT5G65210	-0.221	0.134	0.145	-0.011	0.587
vsOthers	1	0.0	0.872	1.184	0.873	AT4G06746	-0.302	0.062	0.071	-0.008	0.588
vsOthers	1	0.0	0.872	-0.388	0.398	AT1G74370	0.0		0.004	-0.004	0.59
vsOthers	1	0.0	0.872	-0.388	0.398	AT5G42820	0.0		0.004	-0.004	0.59
vsOthers	1	0.0	0.872	-0.388	0.398	AT3G58630	0.0		0.034	-0.007	0.591
vsOthers	1	0.0	0.872	-0.388	0.398	AT2G31460	0.0		0.003	-0.003	0.592
vsOthers	1	0.0	0.872	-0.388	0.398	AT3G09230	0.0		0.003	-0.003	0.592
vsOthers	1	0.0	0.872	-0.388	0.398	AT4G14410	0.0		0.003	-0.003	0.592
vsOthers	1	0.0	0.872	-0.388	0.398	AT2G32460	0.046		0.099	0.011	0.593
vsOthers	1	0.0	0.872	-0.388	0.398	AT5G64750	0.066		0.153	0.015	0.594
vsOthers	1	0.0	0.872	-1.002	0.807	AT3G04030	0.0	0.113	0.126	-0.013	0.596
vsOthers	1	0.0	0.872	-1.002	0.807	AT4G24240	0.0	0.0	0.005	-0.005	0.598
vsOthers	1	0.0	0.872	-1.002	0.807	AT5G08070	0.0	0.0	0.005	-0.005	0.598
vsOthers	1	0.0	0.872	-1.002	0.807	AT3G21175	0.0	0.034	0.043	-0.009	0.599
vsOthers	1	0.0	0.872	-1.002	0.807	AT5G13790	0.0	0.034	0.043	-0.009	0.599
vsOthers	1	0.0	0.872	-1.002	0.807	AT5G46350	0.0	0.067	0.079	-0.012	0.599
vsOthers	1	0.0	0.872	1.184	0.873	AT5G10140	0.0	0.009	0.013	-0.004	0.599
vsOthers	1	0.0	0.872	1.184	0.873	AT2G47070	0.0	0.108	0.099	0.009	0.601
vsOthers	1	0.0	0.872	-0.388	0.398	AT3G13350	0.0		0.015	-0.005	0.602
vsOthers	1	0.0	0.872	-0.388	0.398	AT1G32510	0.0		0.003	0.003	0.604
vsOthers	1	0.0	0.872	-0.388	0.398	AT3G46070	0.0		0.003	0.003	0.604
vsOthers	1	0.0	0.872	-1.002	0.807	AT2G39900	0.0	0.0	0.004	-0.004	0.604
vsOthers	1	0.0	0.872	-1.002	0.807	AT3G13040	0.0	0.008	0.004	0.005	0.604
vsOthers	1	0.0	0.872	-1.002	0.807	AT3G47620	0.0	0.0	0.004	-0.004	0.604
vsOthers	1	0.0	0.872	-1.002	0.807	AT5G40330	0.0	0.008	0.004	0.005	0.604
vsOthers	1	0.0	0.872	-1.002	0.807	AT4G18450	0.0	0.025	0.018	0.007	0.607
vsOthers	1	0.0	0.872	1.184	0.873	AT4G01500	-0.386	0.023	0.028	-0.005	0.607
vsOthers	1	0.0	0.872	1.184	0.873	AT3G30210	-0.013	0.047	0.041	0.006	0.608
vsOthers	1	0.0	0.872	1.184	0.873	AT4G34410	0.0	0.161	0.151	0.01	0.608
vsOthers	1	0.0	0.872	-0.388	0.398	AT5G10030	-0.457		0.173	-0.012	0.609
vsOthers	1	0.0	0.872	-1.002	0.807	AT4G38620	0.0	0.025	0.019	0.007	0.609
vsOthers	1	0.0	0.872	-1.002	0.807	AT4G31060	0.0	0.126	0.141	-0.015	0.61
vsOthers	1	0.0	0.872	-1.002	0.807	AT5G60850	0.0	0.126	0.14	-0.014	0.61
vsOthers	1	0.0	0.872	-0.388	0.398	AT5G03150	0.022		0.037	0.007	0.612
vsOthers	1	0.0	0.872	-0.388	0.398	AT5G06100	0.01		0.112	0.012	0.612
vsOthers	1	0.0	0.872	1.184	0.873	AT1G76110	0.0	0.049	0.043	0.007	0.614
vsOthers	1	0.0	0.872	1.184	0.873	AT5G42520	0.0	0.002	0.004	-0.002	0.616
vsOthers	1	0.0	0.872	1.184	0.873	AT5G62165	0.0	0.002	0.004	-0.002	0.616
vsOthers	1	0.0	0.872	-1.002	0.807	AT4G30080	0.0	0.008	0.005	0.004	0.618
vsOthers	1	0.0	0.872	-0.388	0.398	AT1G30210	0.0		0.002	-0.002	0.62
vsOthers	1	0.0	0.872	-0.388	0.398	AT1G60920	0.0		0.002	-0.002	0.62
vsOthers	1	0.0	0.872	-0.388	0.398	AT3G49930	0.0		0.002	-0.002	0.62
vsOthers	1	0.0	0.872	-0.388	0.398	AT4G37790	0.0		0.002	-0.002	0.62
vsOthers	1	0.0	0.872	-0.388	0.398	AT5G48670	0.0		0.002	-0.002	0.62
vsOthers	1	0.0	0.872	-0.388	0.398	AT5G49300	0.0		0.002	-0.002	0.62
vsOthers	1	0.0	0.872	-0.388	0.398	AT1G14687	0.101		0.119	0.011	0.622
vsOthers	1	0.0	0.872	-1.002	0.807	AT1G02250	0.0	0.101	0.09	0.011	0.624
vsOthers	1	0.0	0.872	1.184	0.873	AT3G20840	0.001	0.013	0.009	0.004	0.624
vsOthers	1	0.0	0.872	-0.388	0.398	AT1G13260	0.0		0.04	-0.006	0.625
vsOthers	1	0.0	0.872	-0.388	0.398	AT3G50700	-0.151		0.04	-0.006	0.625
vsOthers	1	0.0	0.872	-1.002	0.807	AT2G38090	0.0	0.0	0.003	-0.003	0.625
vsOthers	1	0.0	0.872	-1.002	0.807	AT5G42520	0.0	0.0	0.003	-0.003	0.625
vsOthers	1	0.0	0.872	-1.002	0.807	AT5G62165	0.0	0.0	0.003	-0.003	0.625
vsOthers	1	0.0	0.872	-0.388	0.398	AT3G21175	0.0		0.04	0.007	0.626
vsOthers	1	0.0	0.872	-0.388	0.398	AT3G15210	0.149		0.197	0.014	0.628
vsOthers	1	0.0	0.872	1.184	0.873	AT1G51220	-0.014	0.087	0.078	0.008	0.629
vsOthers	1	0.0	0.872	1.184	0.873	AT3G51080	0.0	0.011	0.015	-0.004	0.629
vsOthers	1	0.0	0.872	-1.002	0.807	AT2G20400	0.0	0.105	0.093	0.012	0.63
vsOthers	1	0.0	0.872	-1.002	0.807	AT5G18560	0.0	0.084	0.096	-0.012	0.63
vsOthers	1	0.0	0.872	1.184	0.873	AT1G69570	-0.385	0.125	0.134	-0.009	0.631
vsOthers	1	0.0	0.872	-1.002	0.807	AT3G06490	0.0	0.059	0.05	0.009	0.632
vsOthers	1	0.0	0.872	1.184	0.873	AT1G01060	0.0	0.132	0.123	0.009	0.632
vsOthers	1	0.0	0.872	1.184	0.873	AT3G45610	0.083	0.133	0.123	0.01	0.632
vsOthers	1	0.0	0.872	-0.388	0.398	AT4G01720	0.281		0.019	-0.005	0.633
vsOthers	1	0.0	0.872	1.184	0.873	AT1G72740	-0.064	0.088	0.08	0.008	0.633
vsOthers	1	0.0	0.872	-0.388	0.398	AT5G47390	-0.054		0.13	0.01	0.634
vsOthers	1	0.0	0.872	-0.388	0.398	AT4G01280	0.608		0.136	-0.012	0.636
vsOthers	1	0.0	0.872	-0.388	0.398	AT5G06839	0.004		0.132	0.012	0.636
vsOthers	1	0.0	0.872	-1.002	0.807	AT5G38860	0.0	0.008	0.005	0.003	0.637
vsOthers	1	0.0	0.872	1.184	0.873	AT3G15210	0.0	0.195	0.207	-0.011	0.639
vsOthers	1	0.0	0.872	1.184	0.873	AT3G60580	0.295	0.056	0.05	0.006	0.639
vsOthers	1	0.0	0.872	1.184	0.873	AT5G62470	-0.496	0.056	0.05	0.006	0.639
vsOthers	1	0.0	0.872	-0.388	0.398	AT5G13910	0.0		0.019	0.005	0.641
vsOthers	1	0.0	0.872	-1.002	0.807	AT4G34590	0.0	0.063	0.053	0.01	0.642
vsOthers	1	0.0	0.872	1.184	0.873	AT1G50640	0.686	0.144	0.134	0.01	0.644
vsOthers	1	0.0	0.872	-0.388	0.398	AT5G02460	-0.582		0.145	-0.012	0.646
vsOthers	1	0.0	0.872	1.184	0.873	AT5G18560	0.255	0.097	0.089	0.007	0.648
vsOthers	1	0.0	0.872	-1.002	0.807	AT2G18350	0.0	0.097	0.108	-0.011	0.649
vsOthers	1	0.0	0.872	-1.002	0.807	AT3G04060	0.0	0.118	0.106	0.012	0.649
vsOthers	1	0.0	0.872	-1.002	0.807	AT3G56850	0.0	0.172	0.187	-0.014	0.65
vsOthers	1	0.0	0.872	1.184	0.873	AT3G58630	0.0	0.034	0.03	0.004	0.656
vsOthers	1	0.0	0.872	-0.388	0.398	AT1G21910	0.0		0.023	-0.006	0.659
vsOthers	1	0.0	0.872	-0.388	0.398	AT3G02990	0.519		0.023	-0.006	0.659
vsOthers	1	0.0	0.872	-0.388	0.398	AT1G69560	0.0		0.022	-0.005	0.66
vsOthers	1	0.0	0.872	-1.002	0.807	AT3G22830	0.0	0.105	0.116	-0.011	0.66
vsOthers	1	0.0	0.872	-0.388	0.398	AT4G00250	0.0		0.094	0.009	0.662
vsOthers	1	0.0	0.872	-0.388	0.398	AT1G06850	0.438		0.095	0.009	0.663
vsOthers	1	0.0	0.872	1.184	0.873	AT2G39900	0.0	0.004	0.002	0.002	0.663
vsOthers	1	0.0	0.872	1.184	0.873	AT3G47620	0.0	0.004	0.002	0.002	0.663
vsOthers	1	0.0	0.872	1.184	0.873	AT4G05100	-0.703	0.065	0.06	0.006	0.663
vsOthers	1	0.0	0.872	-1.002	0.807	AT3G01220	0.0	0.109	0.121	-0.011	0.664
vsOthers	1	0.0	0.872	-1.002	0.807	AT1G69690	0.0	0.021	0.028	-0.007	0.666
vsOthers	1	0.0	0.872	-1.002	0.807	AT3G61250	0.0	0.034	0.027	0.007	0.668
vsOthers	1	0.0	0.872	-1.002	0.807	AT5G08130	0.0	0.034	0.027	0.007	0.668
vsOthers	1	0.0	0.872	1.184	0.873	AT2G24570	0.0	0.017	0.013	0.004	0.668
vsOthers	1	0.0	0.872	1.184	0.873	AT2G38300	0.0	0.017	0.013	0.004	0.668
vsOthers	1	0.0	0.872	-1.002	0.807	AT1G76890	0.0	0.113	0.125	-0.011	0.669
vsOthers	1	0.0	0.872	-1.002	0.807	AT2G17950	0.0	0.021	0.026	-0.005	0.67
vsOthers	1	0.0	0.872	-1.002	0.807	AT2G41690	0.0	0.021	0.026	-0.005	0.67
vsOthers	1	0.0	0.872	1.184	0.873	AT1G72360	1.226	0.016	0.013	0.003	0.67
vsOthers	1	0.0	0.872	1.184	0.873	AT1G32510	0.0	0.003	0.006	-0.003	0.672
vsOthers	1	0.0	0.872	1.184	0.873	AT3G46070	0.0	0.003	0.006	-0.003	0.672
vsOthers	1	0.0	0.872	1.184	0.873	AT5G18090	0.0	0.003	0.006	-0.003	0.672
vsOthers	1	0.0	0.872	-1.002	0.807	AT2G24430	0.0	0.118	0.129	-0.012	0.673
vsOthers	1	0.0	0.872	-1.002	0.807	AT5G04410	0.0	0.139	0.128	0.011	0.674
vsOthers	1	0.0	0.872	-1.002	0.807	AT5G66300	0.0	0.059	0.067	-0.009	0.674
vsOthers	1	0.0	0.872	-1.002	0.807	AT1G74650	0.0	0.122	0.133	-0.011	0.678
vsOthers	1	0.0	0.872	1.184	0.873	AT5G08330	0.309	0.074	0.067	0.006	0.678
vsOthers	1	0.0	0.872	-0.388	0.398	AT2G44940	0.0		0.11	-0.009	0.679
vsOthers	1	0.0	0.872	-0.388	0.398	AT3G16280	0.0		0.11	-0.009	0.679
vsOthers	1	0.0	0.872	1.184	0.873	AT3G01530	0.067	0.122	0.114	0.008	0.679
vsOthers	1	0.0	0.872	1.184	0.873	AT3G25990	-0.228	0.04	0.035	0.005	0.679
vsOthers	1	0.0	0.872	-0.388	0.398	AT1G13400	-0.473		0.026	-0.006	0.681
vsOthers	1	0.0	0.872	-0.388	0.398	AT4G28140	0.0		0.026	-0.006	0.681
vsOthers	1	0.0	0.872	-0.388	0.398	AT1G66370	0.0		0.025	-0.005	0.682
vsOthers	1	0.0	0.872	-0.388	0.398	AT2G41690	0.285		0.024	0.006	0.682
vsOthers	1	0.0	0.872	-1.002	0.807	AT4G38170	0.0	0.126	0.136	-0.01	0.682
vsOthers	1	0.0	0.872	-1.002	0.807	AT5G08330	0.0	0.063	0.073	-0.01	0.682
vsOthers	1	0.0	0.872	1.184	0.873	AT4G01720	-0.94	0.019	0.015	0.004	0.685
vsOthers	1	0.0	0.872	-0.388	0.398	AT1G26960	0.043		0.115	-0.008	0.688
vsOthers	1	0.0	0.872	-1.002	0.807	AT1G28160	0.0	0.155	0.143	0.012	0.689
vsOthers	1	0.0	0.872	-1.002	0.807	AT5G41570	0.0	0.134	0.146	-0.012	0.689
vsOthers	1	0.0	0.872	1.184	0.873	AT2G23290	-0.403	0.126	0.134	-0.008	0.689
vsOthers	1	0.0	0.872	-1.002	0.807	AT5G02460	0.0	0.134	0.145	-0.01	0.69
vsOthers	1	0.0	0.872	1.184	0.873	AT2G01060	0.308	0.082	0.074	0.007	0.692
vsOthers	1	0.0	0.872	-0.388	0.398	AT3G03660	0.0		0.007	-0.004	0.697
vsOthers	1	0.0	0.872	-0.388	0.398	AT5G67000	0.0		0.007	-0.004	0.697
vsOthers	1	0.0	0.872	1.184	0.873	AT5G06960	0.0	0.081	0.088	-0.007	0.698
vsOthers	1	0.0	0.872	-0.388	0.398	AT3G48160	0.0		0.006	-0.003	0.699
vsOthers	1	0.0	0.872	-0.388	0.398	AT5G44210	0.0		0.066	0.008	0.699
vsOthers	1	0.0	0.872	-0.388	0.398	AT5G66940	-0.016		0.131	-0.01	0.7
vsOthers	1	0.0	0.872	1.184	0.873	AT5G44160	-0.386	0.018	0.022	-0.004	0.7
vsOthers	1	0.0	0.872	-0.388	0.398	AT2G28810	-0.197		0.128	0.01	0.701
vsOthers	1	0.0	0.872	1.184	0.873	AT5G17300	0.0	0.144	0.136	0.008	0.701
vsOthers	1	0.0	0.872	1.184	0.873	AT3G13040	0.0	0.004	0.006	-0.002	0.702
vsOthers	1	0.0	0.872	1.184	0.873	AT5G40330	0.0	0.004	0.006	-0.002	0.702
vsOthers	1	0.0	0.872	-1.002	0.807	AT1G72740	0.0	0.092	0.084	0.009	0.704
vsOthers	1	0.0	0.872	-1.002	0.807	AT1G76870	0.0	0.004	0.009	-0.004	0.704
vsOthers	1	0.0	0.872	-1.002	0.807	AT1G68550	0.0	0.176	0.164	0.012	0.705
vsOthers	1	0.0	0.872	-1.002	0.807	AT2G04038	0.0	0.155	0.166	-0.01	0.705
vsOthers	1	0.0	0.872	-1.002	0.807	AT3G12250	0.0	0.176	0.165	0.012	0.705
vsOthers	1	0.0	0.872	-1.002	0.807	AT5G25475	0.0	0.013	0.008	0.005	0.705
vsOthers	1	0.0	0.872	-0.388	0.398	AT2G35700	0.0		0.137	-0.01	0.706
vsOthers	1	0.0	0.872	-0.388	0.398	AT4G18890	0.0		0.029	0.004	0.706
vsOthers	1	0.0	0.872	1.184	0.873	AT2G43000	0.32	0.149	0.142	0.008	0.706
vsOthers	1	0.0	0.872	-1.002	0.807	AT3G61120	0.0	0.004	0.008	-0.004	0.708
vsOthers	1	0.0	0.872	-1.002	0.807	AT4G17460	0.0	0.004	0.008	-0.004	0.708
vsOthers	1	0.0	0.872	-1.002	0.807	AT5G10030	0.0	0.181	0.169	0.012	0.708
vsOthers	1	0.0	0.872	-1.002	0.807	AT5G52170	0.0	0.004	0.008	-0.004	0.708
vsOthers	1	0.0	0.872	-0.388	0.398	AT3G22780	0.0		0.006	-0.002	0.709
vsOthers	1	0.0	0.872	-0.388	0.398	AT5G60850	-0.262		0.14	-0.009	0.709
vsOthers	1	0.0	0.872	-1.002	0.807	AT1G27360	0.0	0.013	0.009	0.004	0.709
vsOthers	1	0.0	0.872	-1.002	0.807	AT3G10113	0.0	0.097	0.088	0.008	0.711
vsOthers	1	0.0	0.872	-0.388	0.398	AT1G01720	0.078		0.141	0.01	0.712
vsOthers	1	0.0	0.872	-0.388	0.398	AT2G31230	-0.476		0.141	0.01	0.712
vsOthers	1	0.0	0.872	1.184	0.873	AT1G08320	0.0	0.156	0.164	-0.008	0.714
vsOthers	1	0.0	0.872	-0.388	0.398	AT5G08520	0.0		0.145	0.009	0.715
vsOthers	1	0.0	0.872	-1.002	0.807	AT1G76880	0.0	0.013	0.009	0.003	0.717
vsOthers	1	0.0	0.872	1.184	0.873	AT1G68320	0.0	0.1	0.093	0.007	0.718
vsOthers	1	0.0	0.872	1.184	0.873	AT1G68550	0.006	0.163	0.171	-0.008	0.719
vsOthers	1	0.0	0.872	-1.002	0.807	AT1G06280	0.0	0.181	0.192	-0.011	0.72
vsOthers	1	0.0	0.872	-1.002	0.807	AT4G31550	0.0	0.046	0.039	0.007	0.72
vsOthers	1	0.0	0.872	-1.002	0.807	AT1G32150	0.0	0.206	0.194	0.012	0.722
vsOthers	1	0.0	0.872	1.184	0.873	AT1G03800	-0.272	0.172	0.181	-0.008	0.725
vsOthers	1	0.0	0.872	1.184	0.873	AT2G06200	-0.058	0.053	0.058	-0.004	0.725
vsOthers	1	0.0	0.872	-0.388	0.398	AT1G52150	0.425		0.084	-0.007	0.728
vsOthers	1	0.0	0.872	1.184	0.873	AT3G12910	-0.34	0.005	0.007	-0.002	0.728
vsOthers	1	0.0	0.872	1.184	0.873	AT5G38860	-0.138	0.005	0.007	-0.002	0.728
vsOthers	1	0.0	0.872	1.184	0.873	AT1G19210	-0.008	0.185	0.177	0.008	0.729
vsOthers	1	0.0	0.872	-0.388	0.398	AT5G66730	0.0		0.093	0.008	0.74
vsOthers	1	0.0	0.872	1.184	0.873	AT1G32240	0.325	0.028	0.024	0.004	0.741
vsOthers	1	0.0	0.872	1.184	0.873	AT5G50570	0.0	0.028	0.024	0.004	0.741
vsOthers	1	0.0	0.872	1.184	0.873	AT4G14770	0.0	0.118	0.125	-0.007	0.742
vsOthers	1	0.0	0.872	-1.002	0.807	AT1G76420	0.0	0.126	0.117	0.009	0.743
vsOthers	1	0.0	0.872	-1.002	0.807	AT5G46590	0.0	0.042	0.048	-0.006	0.743
vsOthers	1	0.0	0.872	-0.388	0.398	AT3G21890	1.082		0.097	0.007	0.745
vsOthers	1	0.0	0.872	-1.002	0.807	AT1G22810	0.0	0.13	0.121	0.01	0.747
vsOthers	1	0.0	0.872	-1.002	0.807	AT5G13180	0.0	0.113	0.123	-0.01	0.747
vsOthers	1	0.0	0.872	1.184	0.873	AT4G37260	0.0	0.128	0.121	0.007	0.747
vsOthers	1	0.0	0.872	-0.388	0.398	AT3G12720	1.079		0.101	-0.007	0.748
vsOthers	1	0.0	0.872	-0.388	0.398	AT1G51600	0.0		0.01	-0.003	0.75
vsOthers	1	0.0	0.872	-0.388	0.398	AT2G02080	0.522		0.102	0.008	0.751
vsOthers	1	0.0	0.872	-0.388	0.398	AT2G22430	0.822		0.105	-0.008	0.751
vsOthers	1	0.0	0.872	-1.002	0.807	AT5G16820	0.0	0.122	0.132	-0.01	0.753
vsOthers	1	0.0	0.872	-1.002	0.807	AT1G23810	0.0	0.008	0.013	-0.005	0.755
vsOthers	1	0.0	0.872	-1.002	0.807	AT3G51080	0.0	0.008	0.013	-0.005	0.755
vsOthers	1	0.0	0.872	1.184	0.873	AT5G10510	0.0	0.008	0.006	0.002	0.756
vsOthers	1	0.0	0.872	1.184	0.873	AT1G43700	0.376	0.03	0.034	-0.003	0.759
vsOthers	1	0.0	0.872	-1.002	0.807	AT1G04880	0.0	0.05	0.057	-0.006	0.761
vsOthers	1	0.0	0.872	-1.002	0.807	AT3G18400	0.0	0.13	0.138	-0.008	0.761
vsOthers	1	0.0	0.872	1.184	0.873	AT5G67000	0.0	0.007	0.006	0.001	0.761
vsOthers	1	0.0	0.872	1.184	0.873	AT2G33710	0.385	0.144	0.151	-0.007	0.762
vsOthers	1	0.0	0.872	1.184	0.873	AT1G76870	0.0	0.007	0.009	-0.002	0.763
vsOthers	1	0.0	0.872	-0.388	0.398	AT1G74840	-0.288		0.117	-0.007	0.764
vsOthers	1	0.0	0.872	-0.388	0.398	AT3G60490	0.161		0.117	-0.007	0.764
vsOthers	1	0.0	0.872	-0.388	0.398	AT5G65510	0.0		0.048	-0.004	0.766
vsOthers	1	0.0	0.872	1.184	0.873	AT5G67580	0.0	0.078	0.082	-0.004	0.767
vsOthers	1	0.0	0.872	-1.002	0.807	AT3G10030	0.0	0.055	0.062	-0.007	0.768
vsOthers	1	0.0	0.872	-0.388	0.398	AT2G24430	0.537		0.126	0.008	0.772
vsOthers	1	0.0	0.872	-0.388	0.398	AT5G63090	0.0		0.051	-0.004	0.773
vsOthers	1	0.0	0.872	-0.388	0.398	AT1G64620	0.0		0.134	-0.007	0.777
vsOthers	1	0.0	0.872	-0.388	0.398	AT3G60580	-0.178		0.055	-0.005	0.778
vsOthers	1	0.0	0.872	1.184	0.873	AT1G75490	0.0	0.089	0.093	-0.004	0.78
vsOthers	1	0.0	0.872	-0.388	0.398	AT1G23810	0.0		0.013	-0.003	0.782
vsOthers	1	0.0	0.872	-1.002	0.807	AT1G19210	0.0	0.189	0.181	0.008	0.784
vsOthers	1	0.0	0.872	-1.002	0.807	AT5G15830	0.0	0.176	0.186	-0.009	0.785
vsOthers	1	0.0	0.872	1.184	0.873	AT5G25190	-0.143	0.187	0.194	-0.006	0.785
vsOthers	1	0.0	0.872	-1.002	0.807	AT2G38300	0.0	0.013	0.016	-0.004	0.787
vsOthers	1	0.0	0.872	-1.002	0.807	AT5G25190	0.0	0.197	0.188	0.009	0.787
vsOthers	1	0.0	0.872	-0.388	0.398	AT5G67190	0.0		0.155	-0.008	0.789
vsOthers	1	0.0	0.872	1.184	0.873	AT4G37180	0.142	0.099	0.104	-0.006	0.79
vsOthers	1	0.0	0.872	1.184	0.873	AT5G13790	-0.019	0.042	0.039	0.003	0.79
vsOthers	1	0.0	0.872	1.184	0.873	AT1G69490	0.206	0.115	0.11	0.005	0.8
vsOthers	1	0.0	0.872	1.184	0.873	AT3G53200	0.0	0.115	0.11	0.005	0.8
vsOthers	1	0.0	0.872	-1.002	0.807	AT1G30490	0.0	0.08	0.086	-0.006	0.802
vsOthers	1	0.0	0.872	-0.388	0.398	AT1G65620	0.0		0.017	-0.004	0.803
vsOthers	1	0.0	0.872	-0.388	0.398	AT2G38300	0.0		0.016	-0.003	0.804
vsOthers	1	0.0	0.872	-1.002	0.807	AT1G75490	0.0	0.084	0.091	-0.007	0.806
vsOthers	1	0.0	0.872	-0.388	0.398	AT2G26960	0.0		0.076	-0.005	0.807
vsOthers	1	0.0	0.872	-1.002	0.807	AT3G10800	0.0	0.097	0.091	0.005	0.807
vsOthers	1	0.0	0.872	1.184	0.873	AT5G02840	0.0	0.052	0.048	0.004	0.808
vsOthers	1	0.0	0.872	-1.002	0.807	AT5G13910	0.0	0.017	0.02	-0.003	0.809
vsOthers	1	0.0	0.872	-1.002	0.807	AT5G44160	0.0	0.017	0.02	-0.003	0.809
vsOthers	1	0.0	0.872	-0.388	0.398	AT1G13300	0.0		0.018	0.002	0.81
vsOthers	1	0.0	0.872	-0.388	0.398	AT3G13810	0.0		0.08	-0.006	0.811
vsOthers	1	0.0	0.872	-0.388	0.398	AT5G67580	0.0		0.078	0.006	0.811
vsOthers	1	0.0	0.872	-1.002	0.807	AT3G47600	0.0	0.017	0.019	-0.003	0.811
vsOthers	1	0.0	0.872	-1.002	0.807	AT4G04450	0.0	0.017	0.019	-0.003	0.811
vsOthers	1	0.0	0.872	-1.002	0.807	AT4G26030	0.0	0.101	0.095	0.006	0.811
vsOthers	1	0.0	0.872	-1.002	0.807	AT5G67300	0.0	0.017	0.019	-0.003	0.811
vsOthers	1	0.0	0.872	1.184	0.873	AT3G09600	-0.008	0.137	0.132	0.005	0.815
vsOthers	1	0.0	0.872	1.184	0.873	AT1G01720	0.0	0.144	0.14	0.004	0.819
vsOthers	1	0.0	0.872	1.184	0.873	AT3G51470	0.0	0.013	0.015	-0.002	0.819
vsOthers	1	0.0	0.872	1.184	0.873	AT3G52440	0.0	0.144	0.14	0.004	0.819
vsOthers	1	0.0	0.872	1.184	0.873	AT5G08520	-0.072	0.148	0.143	0.005	0.821
vsOthers	1	0.0	0.872	-1.002	0.807	AT1G13400	0.0	0.021	0.026	-0.005	0.823
vsOthers	1	0.0	0.872	-1.002	0.807	AT4G28140	0.0	0.021	0.026	-0.005	0.823
vsOthers	1	0.0	0.872	1.184	0.873	AT3G10030	0.0	0.059	0.063	-0.004	0.823
vsOthers	1	0.0	0.872	-1.002	0.807	AT5G07680	0.0	0.021	0.024	-0.003	0.825
vsOthers	1	0.0	0.872	-1.002	0.807	AT1G09540	0.0	0.109	0.115	-0.005	0.826
vsOthers	1	0.0	0.872	-1.002	0.807	AT2G42200	0.0	0.126	0.119	0.007	0.828
vsOthers	1	0.0	0.872	-0.388	0.398	AT2G40260	-0.227		0.103	-0.006	0.831
vsOthers	1	0.0	0.872	-1.002	0.807	AT1G62300	0.0	0.118	0.125	-0.007	0.831
vsOthers	1	0.0	0.872	-0.388	0.398	AT2G15740	0.0		0.102	0.005	0.832
vsOthers	1	0.0	0.872	-0.388	0.398	AT5G67450	0.0		0.023	0.004	0.832
vsOthers	1	0.0	0.872	-1.002	0.807	AT1G53230	0.0	0.025	0.029	-0.004	0.835
vsOthers	1	0.0	0.872	-1.002	0.807	AT5G03790	0.0	0.126	0.132	-0.006	0.835
vsOthers	1	0.0	0.872	-0.388	0.398	AT5G47370	0.682		0.112	0.005	0.839
vsOthers	1	0.0	0.872	1.184	0.873	AT1G03840	-0.023	0.079	0.074	0.004	0.841
vsOthers	1	0.0	0.872	-0.388	0.398	AT1G32240	0.02		0.026	0.004	0.842
vsOthers	1	0.0	0.872	-0.388	0.398	AT5G39820	0.0		0.027	-0.003	0.842
vsOthers	1	0.0	0.872	-1.002	0.807	AT3G24120	0.0	0.143	0.148	-0.005	0.844
vsOthers	1	0.0	0.872	-0.388	0.398	AT3G50060	0.0		0.123	0.004	0.845
vsOthers	1	0.0	0.872	-0.388	0.398	AT4G37260	-0.319		0.124	0.006	0.846
vsOthers	1	0.0	0.872	-1.002	0.807	AT1G14580	0.0	0.029	0.033	-0.004	0.846
vsOthers	1	0.0	0.872	-1.002	0.807	AT4G31800	0.0	0.155	0.163	-0.007	0.848
vsOthers	1	0.0	0.872	-1.002	0.807	AT2G02820	0.0	0.185	0.179	0.006	0.854
vsOthers	1	0.0	0.872	-1.002	0.807	AT5G22500	0.0	0.042	0.039	0.003	0.855
vsOthers	1	0.0	0.872	-0.388	0.398	AT5G22990	0.0		0.149	-0.005	0.856
vsOthers	1	0.0	0.872	1.184	0.873	AT1G74480	0.097	0.096	0.099	-0.003	0.856
vsOthers	1	0.0	0.872	-0.388	0.398	AT5G23930	0.0		0.149	0.005	0.857
vsOthers	1	0.0	0.872	1.184	0.873	AT1G18570	-0.588	0.022	0.02	0.002	0.857
vsOthers	1	0.0	0.872	1.184	0.873	AT3G12720	0.0	0.101	0.097	0.004	0.858
vsOthers	1	0.0	0.872	1.184	0.873	AT2G32460	-0.072	0.103	0.099	0.004	0.859
vsOthers	1	0.0	0.872	-1.002	0.807	AT3G12820	0.0	0.038	0.043	-0.005	0.861
vsOthers	1	0.0	0.872	1.184	0.873	AT3G47500	-0.102	0.109	0.112	-0.003	0.864
vsOthers	1	0.0	0.872	1.184	0.873	AT5G58900	0.0	0.109	0.112	-0.003	0.864
vsOthers	1	0.0	0.872	1.184	0.873	AT1G75080	0.0	0.025	0.028	-0.003	0.867
vsOthers	1	0.0	0.872	1.184	0.873	AT2G17950	0.0	0.026	0.024	0.002	0.867
vsOthers	1	0.0	0.872	1.184	0.873	AT1G14687	0.0	0.123	0.119	0.004	0.87
vsOthers	1	0.0	0.872	-0.388	0.398	AT5G13790	0.187		0.041	0.003	0.871
vsOthers	1	0.0	0.872	1.184	0.873	AT5G08130	-0.242	0.027	0.03	-0.003	0.871
vsOthers	1	0.0	0.872	-1.002	0.807	AT2G06200	0.0	0.059	0.054	0.005	0.877
vsOthers	1	0.0	0.872	-1.002	0.807	AT3G60580	0.0	0.05	0.055	-0.005	0.877
vsOthers	1	0.0	0.872	1.184	0.873	AT1G49010	0.342	0.14	0.136	0.004	0.877
vsOthers	1	0.0	0.872	-0.388	0.398	AT1G44830	0.0		0.054	-0.003	0.886
vsOthers	1	0.0	0.872	-0.388	0.398	AT2G06200	0.0		0.054	0.002	0.887
vsOthers	1	0.0	0.872	1.184	0.873	AT5G11260	0.198	0.175	0.179	-0.004	0.888
vsOthers	1	0.0	0.872	1.184	0.873	AT5G22500	-0.343	0.038	0.041	-0.003	0.89
vsOthers	1	0.0	0.872	-1.002	0.807	AT3G06740	0.0	0.076	0.072	0.004	0.892
vsOthers	1	0.0	0.872	-1.002	0.807	AT5G06960	0.0	0.08	0.084	-0.004	0.899
vsOthers	1	0.0	0.872	1.184	0.873	AT3G26790	-0.215	0.047	0.045	0.003	0.899
vsOthers	1	0.0	0.872	-1.002	0.807	AT3G11020	0.0	0.084	0.087	-0.003	0.901
vsOthers	1	0.0	0.872	-1.002	0.807	AT3G57920	0.0	0.084	0.087	-0.003	0.901
vsOthers	1	0.0	0.872	-1.002	0.807	AT5G62320	0.0	0.084	0.087	-0.003	0.902
vsOthers	1	0.0	0.872	-1.002	0.807	AT2G46680	0.0	0.088	0.093	-0.005	0.903
vsOthers	1	0.0	0.872	1.184	0.873	AT5G63090	-0.442	0.049	0.052	-0.003	0.903
vsOthers	1	0.0	0.872	-1.002	0.807	AT2G03500	0.0	0.101	0.098	0.003	0.906
vsOthers	1	0.0	0.872	-1.002	0.807	AT2G30340	0.0	0.105	0.102	0.003	0.907
vsOthers	1	0.0	0.872	-1.002	0.807	AT2G40260	0.0	0.105	0.101	0.004	0.907
vsOthers	1	0.0	0.872	-0.388	0.398	AT3G23240	0.0		0.087	0.003	0.909
vsOthers	1	0.0	0.872	-1.002	0.807	AT1G02230	0.0	0.105	0.11	-0.005	0.91
vsOthers	1	0.0	0.872	-0.388	0.398	AT1G55110	0.0		0.091	0.003	0.911
vsOthers	1	0.0	0.872	-0.388	0.398	AT3G10113	0.677		0.09	-0.003	0.911
vsOthers	1	0.0	0.872	-1.002	0.807	AT5G39610	0.0	0.113	0.111	0.003	0.911
vsOthers	1	0.0	0.872	-1.002	0.807	AT3G53200	0.0	0.109	0.114	-0.005	0.912
vsOthers	1	0.0	0.872	-0.388	0.398	AT5G17800	-0.93		0.101	-0.004	0.915
vsOthers	1	0.0	0.872	-0.388	0.398	AT2G01940	-0.06		0.105	0.002	0.916
vsOthers	1	0.0	0.872	-0.388	0.398	AT5G29000	-0.367		0.104	0.003	0.916
vsOthers	1	0.0	0.872	-1.002	0.807	AT4G01280	0.0	0.13	0.134	-0.004	0.918
vsOthers	1	0.0	0.872	-0.388	0.398	AT3G53200	0.0		0.114	-0.003	0.919
vsOthers	1	0.0	0.872	-1.002	0.807	AT5G65210	0.0	0.134	0.139	-0.004	0.919
vsOthers	1	0.0	0.872	-1.002	0.807	AT2G22540	0.0	0.139	0.142	-0.003	0.92
vsOthers	1	0.0	0.872	-1.002	0.807	AT3G15270	0.0	0.151	0.146	0.005	0.921
vsOthers	1	0.0	0.872	-1.002	0.807	AT1G08320	0.0	0.155	0.159	-0.004	0.923
vsOthers	1	0.0	0.872	-1.002	0.807	AT1G28370	0.0	0.155	0.159	-0.003	0.923
vsOthers	1	0.0	0.872	1.184	0.873	AT1G47655	0.0	0.087	0.089	-0.003	0.925
vsOthers	1	0.0	0.872	1.184	0.873	AT3G10113	-0.1	0.089	0.091	-0.003	0.925
vsOthers	1	0.0	0.872	-0.388	0.398	AT1G50640	0.113		0.14	0.004	0.926
vsOthers	1	0.0	0.872	-1.002	0.807	AT5G11260	0.0	0.181	0.176	0.005	0.926
vsOthers	1	0.0	0.872	1.184	0.873	AT1G51700	0.0	0.096	0.093	0.003	0.927
vsOthers	1	0.0	0.872	-0.388	0.398	AT4G34410	0.0		0.157	0.004	0.929
vsOthers	1	0.0	0.872	-1.002	0.807	AT3G62420	0.0	0.189	0.192	-0.003	0.929
vsOthers	1	0.0	0.872	1.184	0.873	AT1G31140	-0.075	0.099	0.097	0.002	0.929
vsOthers	1	0.0	0.872	1.184	0.873	AT3G12730	0.351	0.099	0.101	-0.002	0.929
vsOthers	1	0.0	0.872	-0.388	0.398	AT1G28370	0.0		0.158	0.003	0.93
vsOthers	1	0.0	0.872	-1.002	0.807	AT3G15210	0.0	0.202	0.199	0.003	0.93
vsOthers	1	0.0	0.872	1.184	0.873	AT2G40260	0.0	0.103	0.101	0.002	0.93
vsOthers	1	0.0	0.872	1.184	0.873	AT2G01930	0.25	0.11	0.108	0.002	0.932
vsOthers	1	0.0	0.872	1.184	0.873	AT4G18770	0.197	0.125	0.127	-0.002	0.936
vsOthers	1	0.0	0.872	1.184	0.873	AT5G06839	0.414	0.135	0.132	0.003	0.937
vsOthers	1	0.0	0.872	1.184	0.873	AT2G22540	0.0	0.142	0.14	0.002	0.939
vsOthers	1	0.0	0.872	1.184	0.873	AT5G64750	0.0	0.156	0.155	0.002	0.941
vsOthers	1	0.0	0.872	1.184	0.873	AT5G10030	0.056	0.171	0.169	0.002	0.943
vsOthers	1	0.0	0.872	-0.388	0.398	AT1G01250	0.513		0.015	0.001	1.0
vsOthers	1	0.0	0.872	-0.388	0.398	AT1G10720	0.0		0.006	0.001	1.0
vsOthers	1	0.0	0.872	-0.388	0.398	AT1G17950	0.0		0.002	-0.002	1.0
vsOthers	1	0.0	0.872	-0.388	0.398	AT1G18960	0.0		0.004	-0.001	1.0
vsOthers	1	0.0	0.872	-0.388	0.398	AT1G19790	0.0		0.054	-0.0	1.0
vsOthers	1	0.0	0.872	-0.388	0.398	AT1G25340	0.0		0.086	0.001	1.0
vsOthers	1	0.0	0.872	-0.388	0.398	AT1G27360	0.0		0.009	0.001	1.0
vsOthers	1	0.0	0.872	-0.388	0.398	AT1G31140	0.0		0.098	-0.001	1.0
vsOthers	1	0.0	0.872	-0.388	0.398	AT1G46264	0.0		0.005	-0.002	1.0
vsOthers	1	0.0	0.872	-0.388	0.398	AT1G47870	0.0		0.002	-0.002	1.0
vsOthers	1	0.0	0.872	-0.388	0.398	AT1G63040	0.0		0.002	0.002	1.0
vsOthers	1	0.0	0.872	-0.388	0.398	AT1G66420	0.0		0.001	-0.001	1.0
vsOthers	1	0.0	0.872	-0.388	0.398	AT1G67260	0.0		0.002	-0.002	1.0
vsOthers	1	0.0	0.872	-0.388	0.398	AT1G68550	-0.398		0.166	0.002	1.0
vsOthers	1	0.0	0.872	-0.388	0.398	AT1G70910	0.0		0.002	-0.002	1.0
vsOthers	1	0.0	0.872	-0.388	0.398	AT1G71450	0.36		0.209	-0.001	1.0
vsOthers	1	0.0	0.872	-0.388	0.398	AT2G01060	0.0		0.079	0.001	1.0
vsOthers	1	0.0	0.872	-0.388	0.398	AT2G17900	0.0		0.005	-0.002	1.0
vsOthers	1	0.0	0.872	-0.388	0.398	AT2G17950	0.0		0.025	0.002	1.0
vsOthers	1	0.0	0.872	-0.388	0.398	AT2G22540	0.0		0.141	-0.001	1.0
vsOthers	1	0.0	0.872	-0.388	0.398	AT2G23340	0.0		0.13	0.0	1.0
vsOthers	1	0.0	0.872	-0.388	0.398	AT2G38090	0.0		0.002	0.001	1.0
vsOthers	1	0.0	0.872	-0.388	0.398	AT2G39900	0.0		0.003	0.0	1.0
vsOthers	1	0.0	0.872	-0.388	0.398	AT2G41835	0.0		0.006	0.001	1.0
vsOthers	1	0.0	0.872	-0.388	0.398	AT2G42590	0.0		0.019	0.001	1.0
vsOthers	1	0.0	0.872	-0.388	0.398	AT2G45420	0.04		0.136	-0.002	1.0
vsOthers	1	0.0	0.872	-0.388	0.398	AT2G46400	0.0		0.005	-0.002	1.0
vsOthers	1	0.0	0.872	-0.388	0.398	AT2G46590	-0.299		0.135	-0.001	1.0
vsOthers	1	0.0	0.872	-0.388	0.398	AT2G48100	0.0		0.001	-0.001	1.0
vsOthers	1	0.0	0.872	-0.388	0.398	AT3G13040	0.0		0.005	-0.002	1.0
vsOthers	1	0.0	0.872	-0.388	0.398	AT3G20310	0.209		0.199	0.002	1.0
vsOthers	1	0.0	0.872	-0.388	0.398	AT3G45170	0.0		0.008	-0.001	1.0
vsOthers	1	0.0	0.872	-0.388	0.398	AT3G47620	0.0		0.003	0.0	1.0
vsOthers	1	0.0	0.872	-0.388	0.398	AT3G57230	0.0		0.015	-0.002	1.0
vsOthers	1	0.0	0.872	-0.388	0.398	AT3G57600	0.0		0.019	-0.002	1.0
vsOthers	1	0.0	0.872	-0.388	0.398	AT4G12670	0.0		0.001	-0.001	1.0
vsOthers	1	0.0	0.872	-0.388	0.398	AT4G16750	0.068		0.162	-0.001	1.0
vsOthers	1	0.0	0.872	-0.388	0.398	AT4G28110	0.0		0.008	-0.001	1.0
vsOthers	1	0.0	0.872	-0.388	0.398	AT5G04390	-0.392		0.068	0.002	1.0
vsOthers	1	0.0	0.872	-0.388	0.398	AT5G05550	-0.21		0.201	0.0	1.0
vsOthers	1	0.0	0.872	-0.388	0.398	AT5G08070	0.0		0.004	-0.001	1.0
vsOthers	1	0.0	0.872	-0.388	0.398	AT5G08130	0.062		0.028	-0.002	1.0
vsOthers	1	0.0	0.872	-0.388	0.398	AT5G08330	-0.27		0.071	-0.001	1.0
vsOthers	1	0.0	0.872	-0.388	0.398	AT5G11260	-0.284		0.176	0.001	1.0
vsOthers	1	0.0	0.872	-0.388	0.398	AT5G14960	0.0		0.015	-0.002	1.0
vsOthers	1	0.0	0.872	-0.388	0.398	AT5G18090	0.0		0.004	-0.001	1.0
vsOthers	1	0.0	0.872	-0.388	0.398	AT5G18560	0.0		0.094	-0.001	1.0
vsOthers	1	0.0	0.872	-0.388	0.398	AT5G22500	0.0		0.039	0.001	1.0
vsOthers	1	0.0	0.872	-0.388	0.398	AT5G25190	0.02		0.189	0.001	1.0
vsOthers	1	0.0	0.872	-0.388	0.398	AT5G25390	0.0		0.012	0.001	1.0
vsOthers	1	0.0	0.872	-0.388	0.398	AT5G38800	0.0		0.002	-0.002	1.0
vsOthers	1	0.0	0.872	-0.388	0.398	AT5G38860	0.0		0.006	0.001	1.0
vsOthers	1	0.0	0.872	-0.388	0.398	AT5G40330	0.0		0.005	-0.002	1.0
vsOthers	1	0.0	0.872	-0.388	0.398	AT5G61600	0.0		0.044	-0.0	1.0
vsOthers	1	0.0	0.872	-0.388	0.398	AT5G62940	-0.234		0.105	-0.001	1.0
vsOthers	1	0.0	0.872	-0.388	0.398	AT5G67300	0.0		0.019	0.001	1.0
vsOthers	1	0.0	0.872	-1.002	0.807	AT1G13300	0.0	0.017	0.019	-0.002	1.0
vsOthers	1	0.0	0.872	-1.002	0.807	AT1G17950	0.0	0.0	0.002	-0.002	1.0
vsOthers	1	0.0	0.872	-1.002	0.807	AT1G20910	0.0	0.071	0.074	-0.002	1.0
vsOthers	1	0.0	0.872	-1.002	0.807	AT1G31140	0.0	0.097	0.098	-0.002	1.0
vsOthers	1	0.0	0.872	-1.002	0.807	AT1G32510	0.0	0.004	0.004	0.0	1.0
vsOthers	1	0.0	0.872	-1.002	0.807	AT1G33240	0.0	0.122	0.123	-0.001	1.0
vsOthers	1	0.0	0.872	-1.002	0.807	AT1G36060	0.0	0.08	0.082	-0.002	1.0
vsOthers	1	0.0	0.872	-1.002	0.807	AT1G46264	0.0	0.004	0.005	-0.0	1.0
vsOthers	1	0.0	0.872	-1.002	0.807	AT1G47870	0.0	0.0	0.002	-0.002	1.0
vsOthers	1	0.0	0.872	-1.002	0.807	AT1G53170	0.0	0.21	0.211	-0.001	1.0
vsOthers	1	0.0	0.872	-1.002	0.807	AT1G66420	0.0	0.0	0.001	-0.001	1.0
vsOthers	1	0.0	0.872	-1.002	0.807	AT1G68670	0.0	0.046	0.046	-0.0	1.0
vsOthers	1	0.0	0.872	-1.002	0.807	AT1G70910	0.0	0.0	0.002	-0.002	1.0
vsOthers	1	0.0	0.872	-1.002	0.807	AT1G71696	0.0	0.109	0.11	-0.001	1.0
vsOthers	1	0.0	0.872	-1.002	0.807	AT1G77640	0.0	0.025	0.026	-0.001	1.0
vsOthers	1	0.0	0.872	-1.002	0.807	AT1G79180	0.0	0.067	0.065	0.002	1.0
vsOthers	1	0.0	0.872	-1.002	0.807	AT2G24570	0.0	0.017	0.015	0.001	1.0
vsOthers	1	0.0	0.872	-1.002	0.807	AT2G28920	0.0	0.038	0.037	0.001	1.0
vsOthers	1	0.0	0.872	-1.002	0.807	AT2G31460	0.0	0.004	0.002	0.002	1.0
vsOthers	1	0.0	0.872	-1.002	0.807	AT2G36270	0.0	0.189	0.191	-0.002	1.0
vsOthers	1	0.0	0.872	-1.002	0.807	AT2G38880	0.0	0.004	0.005	-0.0	1.0
vsOthers	1	0.0	0.872	-1.002	0.807	AT2G45650	0.0	0.021	0.019	0.002	1.0
vsOthers	1	0.0	0.872	-1.002	0.807	AT2G46400	0.0	0.004	0.005	-0.0	1.0
vsOthers	1	0.0	0.872	-1.002	0.807	AT2G48100	0.0	0.0	0.001	-0.001	1.0
vsOthers	1	0.0	0.872	-1.002	0.807	AT3G07220	0.0	0.004	0.004	0.0	1.0
vsOthers	1	0.0	0.872	-1.002	0.807	AT3G09230	0.0	0.004	0.002	0.002	1.0
vsOthers	1	0.0	0.872	-1.002	0.807	AT3G10500	0.0	0.118	0.118	0.0	1.0
vsOthers	1	0.0	0.872	-1.002	0.807	AT3G12720	0.0	0.101	0.099	0.002	1.0
vsOthers	1	0.0	0.872	-1.002	0.807	AT3G12910	0.0	0.004	0.006	-0.002	1.0
vsOthers	1	0.0	0.872	-1.002	0.807	AT3G27010	0.0	0.025	0.027	-0.002	1.0
vsOthers	1	0.0	0.872	-1.002	0.807	AT3G42860	0.0	0.076	0.074	0.002	1.0
vsOthers	1	0.0	0.872	-1.002	0.807	AT3G46070	0.0	0.004	0.004	0.0	1.0
vsOthers	1	0.0	0.872	-1.002	0.807	AT3G46590	0.0	0.021	0.023	-0.002	1.0
vsOthers	1	0.0	0.872	-1.002	0.807	AT3G48160	0.0	0.004	0.006	-0.002	1.0
vsOthers	1	0.0	0.872	-1.002	0.807	AT3G49930	0.0	0.0	0.002	-0.002	1.0
vsOthers	1	0.0	0.872	-1.002	0.807	AT3G58630	0.0	0.034	0.033	0.001	1.0
vsOthers	1	0.0	0.872	-1.002	0.807	AT4G01720	0.0	0.017	0.018	-0.001	1.0
vsOthers	1	0.0	0.872	-1.002	0.807	AT4G12670	0.0	0.0	0.001	-0.001	1.0
vsOthers	1	0.0	0.872	-1.002	0.807	AT4G17980	0.0	0.134	0.132	0.002	1.0
vsOthers	1	0.0	0.872	-1.002	0.807	AT4G24470	0.0	0.034	0.033	0.001	1.0
vsOthers	1	0.0	0.872	-1.002	0.807	AT4G27900	0.0	0.008	0.009	-0.001	1.0
vsOthers	1	0.0	0.872	-1.002	0.807	AT4G28110	0.0	0.008	0.008	0.001	1.0
vsOthers	1	0.0	0.872	-1.002	0.807	AT4G36620	0.0	0.004	0.004	0.0	1.0
vsOthers	1	0.0	0.872	-1.002	0.807	AT4G38910	0.0	0.004	0.003	0.001	1.0
vsOthers	1	0.0	0.872	-1.002	0.807	AT5G08750	0.0	0.021	0.022	-0.001	1.0
vsOthers	1	0.0	0.872	-1.002	0.807	AT5G10140	0.0	0.008	0.011	-0.002	1.0
vsOthers	1	0.0	0.872	-1.002	0.807	AT5G24110	0.0	0.105	0.103	0.002	1.0
vsOthers	1	0.0	0.872	-1.002	0.807	AT5G47220	0.0	0.059	0.06	-0.002	1.0
vsOthers	1	0.0	0.872	-1.002	0.807	AT5G47230	0.0	0.038	0.037	0.001	1.0
vsOthers	1	0.0	0.872	-1.002	0.807	AT5G48670	0.0	0.0	0.002	-0.002	1.0
vsOthers	1	0.0	0.872	-1.002	0.807	AT5G53950	0.0	0.059	0.057	0.002	1.0
vsOthers	1	0.0	0.872	-1.002	0.807	AT5G58620	0.0	0.004	0.004	0.0	1.0
vsOthers	1	0.0	0.872	-1.002	0.807	AT5G59990	0.0	0.025	0.025	0.0	1.0
vsOthers	1	0.0	0.872	-1.002	0.807	AT5G61270	0.0	0.008	0.006	0.002	1.0
vsOthers	1	0.0	0.872	-1.002	0.807	AT5G62470	0.0	0.055	0.054	0.0	1.0
vsOthers	1	0.0	0.872	-1.002	0.807	AT5G67000	0.0	0.008	0.006	0.002	1.0
vsOthers	1	0.0	0.872	-1.002	0.807	AT5G67580	0.0	0.08	0.079	0.001	1.0
vsOthers	1	0.0	0.872	1.184	0.873	AT1G13300	0.0	0.018	0.019	-0.0	1.0
vsOthers	1	0.0	0.872	1.184	0.873	AT1G21910	0.0	0.021	0.022	-0.001	1.0
vsOthers	1	0.0	0.872	1.184	0.873	AT1G25550	0.324	0.066	0.067	-0.001	1.0
vsOthers	1	0.0	0.872	1.184	0.873	AT1G28370	0.0	0.158	0.158	-0.0	1.0
vsOthers	1	0.0	0.872	1.184	0.873	AT1G30210	0.0	0.002	0.002	0.0	1.0
vsOthers	1	0.0	0.872	1.184	0.873	AT1G46264	0.0	0.005	0.004	0.001	1.0
vsOthers	1	0.0	0.872	1.184	0.873	AT1G52880	0.0	0.123	0.123	-0.0	1.0
vsOthers	1	0.0	0.872	1.184	0.873	AT1G60920	0.0	0.002	0.002	0.0	1.0
vsOthers	1	0.0	0.872	1.184	0.873	AT1G66420	0.0	0.001	0.0	0.001	1.0
vsOthers	1	0.0	0.872	1.184	0.873	AT1G67260	0.0	0.001	0.002	-0.001	1.0
vsOthers	1	0.0	0.872	1.184	0.873	AT1G72010	0.085	0.064	0.063	0.001	1.0
vsOthers	1	0.0	0.872	1.184	0.873	AT1G74370	0.0	0.003	0.004	-0.001	1.0
vsOthers	1	0.0	0.872	1.184	0.873	AT2G24430	0.0	0.128	0.127	0.001	1.0
vsOthers	1	0.0	0.872	1.184	0.873	AT2G30590	-0.398	0.025	0.024	0.001	1.0
vsOthers	1	0.0	0.872	1.184	0.873	AT2G31460	0.0	0.003	0.002	0.001	1.0
vsOthers	1	0.0	0.872	1.184	0.873	AT2G33810	0.0	0.021	0.02	0.001	1.0
vsOthers	1	0.0	0.872	1.184	0.873	AT2G38090	0.0	0.003	0.002	0.001	1.0
vsOthers	1	0.0	0.872	1.184	0.873	AT2G41690	-0.051	0.025	0.026	-0.001	1.0
vsOthers	1	0.0	0.872	1.184	0.873	AT2G44840	0.0	0.128	0.128	-0.001	1.0
vsOthers	1	0.0	0.872	1.184	0.873	AT2G46400	0.0	0.005	0.004	0.001	1.0
vsOthers	1	0.0	0.872	1.184	0.873	AT2G48100	0.0	0.001	0.0	0.001	1.0
vsOthers	1	0.0	0.872	1.184	0.873	AT3G09230	0.0	0.003	0.002	0.001	1.0
vsOthers	1	0.0	0.872	1.184	0.873	AT3G11280	0.0	0.047	0.048	-0.001	1.0
vsOthers	1	0.0	0.872	1.184	0.873	AT3G21175	0.0	0.041	0.041	0.0	1.0
vsOthers	1	0.0	0.872	1.184	0.873	AT3G23210	-0.038	0.032	0.034	-0.001	1.0
vsOthers	1	0.0	0.872	1.184	0.873	AT3G24050	0.26	0.045	0.047	-0.001	1.0
vsOthers	1	0.0	0.872	1.184	0.873	AT3G44480	-0.219	0.106	0.106	-0.0	1.0
vsOthers	1	0.0	0.872	1.184	0.873	AT3G45150	-0.11	0.021	0.022	-0.001	1.0
vsOthers	1	0.0	0.872	1.184	0.873	AT4G12670	0.0	0.001	0.0	0.001	1.0
vsOthers	1	0.0	0.872	1.184	0.873	AT4G28110	0.0	0.008	0.007	0.001	1.0
vsOthers	1	0.0	0.872	1.184	0.873	AT5G03150	-0.457	0.038	0.037	0.001	1.0
vsOthers	1	0.0	0.872	1.184	0.873	AT5G07100	-1.939	0.03	0.03	0.0	1.0
vsOthers	1	0.0	0.872	1.184	0.873	AT5G13910	0.0	0.019	0.02	-0.001	1.0
vsOthers	1	0.0	0.872	1.184	0.873	AT5G16600	0.0	0.005	0.006	-0.001	1.0
vsOthers	1	0.0	0.872	1.184	0.873	AT5G18450	-0.103	0.091	0.091	-0.001	1.0
vsOthers	1	0.0	0.872	1.184	0.873	AT5G42820	0.0	0.003	0.004	-0.001	1.0
vsOthers	1	0.0	0.872	1.184	0.873	AT5G44210	0.06	0.067	0.067	0.0	1.0
vsOthers	1	0.0	0.872	1.184	0.873	AT5G49300	0.0	0.002	0.002	0.0	1.0
vsOthers	1	0.0	0.872	1.184	0.873	AT5G67300	0.0	0.019	0.019	0.001	1.0
vsOthers	6	0.302	0.769	-0.992	0.412	AT5G61620	1.659	0.347	0.154	0.194	1.79e-05
vsOthers	6	0.302	0.769	-0.185	0.263	AT2G40740	0.524		0.115	0.163	3.58e-05
vsOthers	6	0.302	0.769	-0.185	0.263	AT2G38470	0.272		0.129	0.168	3.72e-05
vsOthers	6	0.302	0.769	0.743	0.376	AT4G18170	0.0	0.057	0.264	-0.207	4.63e-05
vsOthers	6	0.302	0.769	0.743	0.376	AT4G23550	0.0	0.068	0.258	-0.189	0.000125
vsOthers	6	0.302	0.769	0.743	0.376	AT5G41570	0.0	0.057	0.252	-0.195	0.000131
vsOthers	6	0.302	0.769	0.743	0.376	AT1G62300	0.0	0.045	0.212	-0.166	0.000224
vsOthers	6	0.302	0.769	0.743	0.376	AT2G40740	0.0	0.057	0.233	-0.176	0.000237
vsOthers	6	0.302	0.769	-0.185	0.263	AT3G01970	0.883		0.139	0.149	0.000283
vsOthers	6	0.302	0.769	0.743	0.376	AT1G63030	0.0	0.091	0.009	0.082	0.000298
vsOthers	6	0.302	0.769	-0.185	0.263	AT5G46350	0.0		0.057	0.113	0.000304
vsOthers	6	0.302	0.769	-0.185	0.263	AT5G29000	1.711		0.053	0.108	0.000375
vsOthers	6	0.302	0.769	-0.185	0.263	AT2G30250	0.068		0.177	0.15	0.00045
vsOthers	6	0.302	0.769	-0.185	0.263	AT4G01550	0.235		0.053	0.103	0.000613
vsOthers	6	0.302	0.769	0.743	0.376	AT2G38470	0.0	0.08	0.248	-0.169	0.000633
vsOthers	6	0.302	0.769	0.743	0.376	AT3G01970	0.0	0.08	0.248	-0.169	0.000633
vsOthers	6	0.302	0.769	-0.185	0.263	AT1G29280	0.34		0.129	0.134	0.000758
vsOthers	6	0.302	0.769	0.743	0.376	AT3G12250	0.0	0.045	0.19	-0.145	0.000834
vsOthers	6	0.302	0.769	-0.185	0.263	AT1G63030	-1.809		0.053	-0.053	0.000857
vsOthers	6	0.302	0.769	0.743	0.376	AT4G22070	0.0	0.034	0.172	-0.138	0.000866
vsOthers	6	0.302	0.769	0.743	0.376	AT2G23320	0.0	0.091	0.264	-0.173	0.000923
vsOthers	6	0.302	0.769	-0.185	0.263	AT1G80840	0.543		0.01	0.064	0.000964
vsOthers	6	0.302	0.769	0.743	0.376	AT5G52830	0.0	0.08	0.242	-0.163	0.000996
vsOthers	6	0.302	0.769	0.743	0.376	AT1G76890	0.0	0.25	0.107	0.143	0.00102
vsOthers	6	0.302	0.769	-0.185	0.263	AT1G30650	0.0		0.144	0.135	0.00105
vsOthers	6	0.302	0.769	-0.992	0.412	AT5G47390	0.076	0.298	0.154	0.144	0.00108
vsOthers	6	0.302	0.769	0.743	0.376	AT1G30650	0.0	0.08	0.245	-0.166	0.00113
vsOthers	6	0.302	0.769	-0.992	0.412	AT1G74840	0.0	0.273	0.137	0.136	0.00121
vsOthers	6	0.302	0.769	-0.185	0.263	AT1G29860	0.0		0.134	0.129	0.00126
vsOthers	6	0.302	0.769	-0.185	0.263	AT3G49530	0.414		0.057	0.099	0.00127
vsOthers	6	0.302	0.769	-0.185	0.263	AT4G01250	0.0		0.12	0.124	0.00132
vsOthers	6	0.302	0.769	-0.185	0.263	AT2G43000	1.358		0.081	0.109	0.00144
vsOthers	6	0.302	0.769	-0.185	0.263	AT5G24110	0.0		0.072	0.104	0.00154
vsOthers	6	0.302	0.769	-0.992	0.412	AT5G56840	0.477	0.314	0.171	0.143	0.00154
vsOthers	6	0.302	0.769	-0.185	0.263	AT1G76890	-0.82		0.191	-0.108	0.00157
vsOthers	6	0.302	0.769	0.743	0.376	AT4G31800	0.0	0.102	0.267	-0.165	0.00161
vsOthers	6	0.302	0.769	-0.185	0.263	AT3G03200	0.872		0.091	0.109	0.00198
vsOthers	6	0.302	0.769	0.743	0.376	AT2G30250	0.0	0.125	0.285	-0.16	0.00212
vsOthers	6	0.302	0.769	-0.185	0.263	AT2G23320	-0.052		0.163	0.13	0.00218
vsOthers	6	0.302	0.769	0.743	0.376	AT1G29280	0.0	0.08	0.227	-0.147	0.00219
vsOthers	6	0.302	0.769	0.743	0.376	AT4G26640	0.0	0.023	0.141	-0.118	0.0022
vsOthers	6	0.302	0.769	0.743	0.376	AT5G13080	0.0	0.102	0.258	-0.155	0.00228
vsOthers	6	0.302	0.769	0.743	0.376	AT1G29860	0.0	0.08	0.23	-0.151	0.00239
vsOthers	6	0.302	0.769	-0.185	0.263	AT5G41570	0.176		0.148	0.125	0.00244
vsOthers	6	0.302	0.769	0.743	0.376	AT2G43000	0.0	0.034	0.163	-0.128	0.00256
vsOthers	6	0.302	0.769	0.743	0.376	AT4G01250	0.0	0.068	0.212	-0.143	0.00283
vsOthers	6	0.302	0.769	-0.185	0.263	AT1G62300	0.0		0.12	0.115	0.00286
vsOthers	6	0.302	0.769	-0.992	0.412	AT5G16820	-1.42	0.14	0.276	-0.136	0.00329
vsOthers	6	0.302	0.769	0.743	0.376	AT2G03340	0.0	0.011	0.117	-0.105	0.00329
vsOthers	6	0.302	0.769	-0.992	0.412	AT3G12720	-1.476	0.033	0.13	-0.097	0.0036
vsOthers	6	0.302	0.769	-0.185	0.263	AT3G02940	0.107		0.067	0.089	0.00461
vsOthers	6	0.302	0.769	0.743	0.376	AT1G74650	0.0	0.045	0.163	-0.117	0.00462
vsOthers	6	0.302	0.769	-0.992	0.412	AT3G09735	-0.037	0.116	0.242	-0.127	0.00469
vsOthers	6	0.302	0.769	0.743	0.376	AT5G56840	0.0	0.102	0.242	-0.14	0.00488
vsOthers	6	0.302	0.769	-0.185	0.263	AT4G10350	0.039		0.081	0.094	0.00494
vsOthers	6	0.302	0.769	-0.992	0.412	AT1G06280	0.586	0.298	0.171	0.127	0.00506
vsOthers	6	0.302	0.769	0.743	0.376	AT5G47390	0.0	0.091	0.224	-0.133	0.00593
vsOthers	6	0.302	0.769	-0.185	0.263	AT4G18170	0.84		0.163	0.115	0.00615
vsOthers	6	0.302	0.769	0.743	0.376	AT1G08320	0.0	0.057	0.175	-0.118	0.00637
vsOthers	6	0.302	0.769	0.743	0.376	AT5G06839	0.0	0.045	0.156	-0.111	0.00707
vsOthers	6	0.302	0.769	-0.185	0.263	AT3G42860	0.0		0.057	0.079	0.00746
vsOthers	6	0.302	0.769	-0.185	0.263	AT5G52830	0.0		0.153	0.11	0.00747
vsOthers	6	0.302	0.769	0.743	0.376	AT5G61620	0.0	0.102	0.239	-0.137	0.0076
vsOthers	6	0.302	0.769	-0.992	0.412	AT3G49530	-0.972	0.041	0.133	-0.092	0.00773
vsOthers	6	0.302	0.769	-0.992	0.412	AT4G00730	0.0	0.041	0.133	-0.092	0.00773
vsOthers	6	0.302	0.769	-0.185	0.263	AT3G12720	0.644		0.062	0.079	0.00888
vsOthers	6	0.302	0.769	-0.185	0.263	AT2G18350	0.249		0.077	0.084	0.00938
vsOthers	6	0.302	0.769	-0.185	0.263	AT4G25480	-0.804		0.249	-0.102	0.00967
vsOthers	6	0.302	0.769	-0.992	0.412	AT1G19000	0.141	0.273	0.16	0.112	0.00969
vsOthers	6	0.302	0.769	-0.992	0.412	AT5G46350	-1.485	0.05	0.14	-0.09	0.00978
vsOthers	6	0.302	0.769	-0.185	0.263	AT1G33240	0.0		0.163	-0.085	0.00998
vsOthers	6	0.302	0.769	-0.992	0.412	AT3G15270	1.24	0.223	0.123	0.1	0.011
vsOthers	6	0.302	0.769	-0.992	0.412	AT3G22830	-0.217	0.124	0.239	-0.115	0.011
vsOthers	6	0.302	0.769	-0.992	0.412	AT5G60130	0.789	0.182	0.092	0.09	0.012
vsOthers	6	0.302	0.769	0.743	0.376	AT5G10030	0.0	0.068	0.181	-0.113	0.012
vsOthers	6	0.302	0.769	-0.185	0.263	AT1G54330	0.0		0.091	0.085	0.013
vsOthers	6	0.302	0.769	-0.992	0.412	AT3G61150	-1.494	0.033	0.113	-0.08	0.013
vsOthers	6	0.302	0.769	0.743	0.376	AT1G36060	0.0	0.159	0.071	0.089	0.013
vsOthers	6	0.302	0.769	-0.992	0.412	AT1G75390	0.612	0.066	0.017	0.049	0.014
vsOthers	6	0.302	0.769	-0.992	0.412	AT5G64750	0.739	0.24	0.14	0.1	0.015
vsOthers	6	0.302	0.769	0.743	0.376	AT1G19000	0.0	0.102	0.218	-0.116	0.015
vsOthers	6	0.302	0.769	-0.185	0.263	AT2G30590	0.0		0.019	0.049	0.016
vsOthers	6	0.302	0.769	0.743	0.376	AT5G24110	0.0	0.045	0.144	-0.099	0.016
vsOthers	6	0.302	0.769	0.743	0.376	AT4G01550	0.0	0.034	0.123	-0.089	0.017
vsOthers	6	0.302	0.769	-0.185	0.263	AT4G05100	0.29		0.014	0.044	0.018
vsOthers	6	0.302	0.769	-0.185	0.263	AT5G06100	-0.301		0.167	-0.08	0.018
vsOthers	6	0.302	0.769	0.743	0.376	AT5G22990	0.0	0.091	0.199	-0.108	0.018
vsOthers	6	0.302	0.769	-0.185	0.263	AT4G31550	0.0		0.038	0.059	0.019
vsOthers	6	0.302	0.769	-0.992	0.412	AT3G15210	0.626	0.298	0.188	0.11	0.019
vsOthers	6	0.302	0.769	0.743	0.376	AT5G26170	0.0	0.125	0.242	-0.117	0.019
vsOthers	6	0.302	0.769	0.743	0.376	AT3G20770	0.0	0.0	0.061	-0.061	0.02
vsOthers	6	0.302	0.769	-0.992	0.412	AT1G34370	0.053	0.05	0.01	0.039	0.021
vsOthers	6	0.302	0.769	-0.992	0.412	AT5G29000	-0.27	0.05	0.13	-0.08	0.021
vsOthers	6	0.302	0.769	0.743	0.376	AT2G15740	0.0	0.057	0.156	-0.1	0.021
vsOthers	6	0.302	0.769	-0.185	0.263	AT1G09540	0.34		0.067	0.07	0.022
vsOthers	6	0.302	0.769	-0.185	0.263	AT1G26960	0.0		0.081	0.075	0.022
vsOthers	6	0.302	0.769	-0.185	0.263	AT3G12130	1.759		0.043	0.059	0.023
vsOthers	6	0.302	0.769	-0.185	0.263	AT4G17980	0.0		0.1	0.08	0.023
vsOthers	6	0.302	0.769	-0.185	0.263	AT3G15170	0.0		0.057	0.065	0.025
vsOthers	6	0.302	0.769	-0.185	0.263	AT3G61150	0.209		0.057	0.065	0.025
vsOthers	6	0.302	0.769	0.743	0.376	AT1G69490	0.0	0.068	0.166	-0.097	0.025
vsOthers	6	0.302	0.769	0.743	0.376	AT3G42860	0.0	0.034	0.113	-0.079	0.025
vsOthers	6	0.302	0.769	0.743	0.376	AT5G44210	0.0	0.023	0.095	-0.072	0.025
vsOthers	6	0.302	0.769	-0.992	0.412	AT1G27360	0.056	0.033	0.003	0.03	0.027
vsOthers	6	0.302	0.769	0.743	0.376	AT4G31550	0.0	0.011	0.083	-0.071	0.028
vsOthers	6	0.302	0.769	0.743	0.376	AT5G51990	0.0	0.261	0.156	0.105	0.028
vsOthers	6	0.302	0.769	-0.185	0.263	AT2G03340	0.0		0.062	0.065	0.029
vsOthers	6	0.302	0.769	-0.185	0.263	AT2G20400	0.0		0.062	0.065	0.029
vsOthers	6	0.302	0.769	-0.185	0.263	AT4G24240	0.0		0.0	0.024	0.029
vsOthers	6	0.302	0.769	-0.185	0.263	AT5G51990	-0.274		0.22	-0.084	0.029
vsOthers	6	0.302	0.769	-0.992	0.412	AT2G46680	-0.951	0.033	0.102	-0.069	0.029
vsOthers	6	0.302	0.769	-0.185	0.263	AT1G12260	0.0		0.096	0.075	0.03
vsOthers	6	0.302	0.769	0.743	0.376	AT1G52880	0.0	0.08	0.175	-0.095	0.03
vsOthers	6	0.302	0.769	0.743	0.376	AT1G78700	0.0	0.08	0.175	-0.095	0.03
vsOthers	6	0.302	0.769	0.743	0.376	AT1G80840	0.0	0.0	0.052	-0.052	0.03
vsOthers	6	0.302	0.769	-0.185	0.263	AT4G26640	0.0		0.081	0.07	0.031
vsOthers	6	0.302	0.769	-0.992	0.412	AT1G71450	0.046	0.273	0.174	0.099	0.031
vsOthers	6	0.302	0.769	-0.992	0.412	AT4G00250	0.0	0.207	0.119	0.087	0.031
vsOthers	6	0.302	0.769	-0.992	0.412	AT5G47370	-0.72	0.066	0.147	-0.081	0.031
vsOthers	6	0.302	0.769	0.743	0.376	AT5G05550	0.0	0.136	0.252	-0.115	0.031
vsOthers	6	0.302	0.769	-0.185	0.263	AT4G23550	0.0		0.172	0.091	0.032
vsOthers	6	0.302	0.769	-0.185	0.263	AT5G53950	0.397		0.053	0.06	0.032
vsOthers	6	0.302	0.769	-0.992	0.412	AT1G03800	0.175	0.24	0.147	0.093	0.032
vsOthers	6	0.302	0.769	0.743	0.376	AT2G30590	0.0	0.0	0.055	-0.055	0.033
vsOthers	6	0.302	0.769	0.743	0.376	AT3G53200	0.0	0.045	0.129	-0.083	0.034
vsOthers	6	0.302	0.769	-0.185	0.263	AT3G10480	0.0		0.105	0.075	0.035
vsOthers	6	0.302	0.769	-0.992	0.412	AT4G11660	0.0	0.116	0.208	-0.092	0.035
vsOthers	6	0.302	0.769	0.743	0.376	AT4G17980	0.0	0.068	0.16	-0.091	0.036
vsOthers	6	0.302	0.769	-0.185	0.263	AT5G03150	0.0		0.072	-0.047	0.037
vsOthers	6	0.302	0.769	-0.992	0.412	AT2G24570	0.0	0.0	0.038	-0.038	0.038
vsOthers	6	0.302	0.769	-0.992	0.412	AT3G02940	0.0	0.058	0.133	-0.075	0.038
vsOthers	6	0.302	0.769	0.743	0.376	AT3G10580	0.0	0.023	0.089	-0.066	0.039
vsOthers	6	0.302	0.769	0.743	0.376	AT5G13790	0.0	0.091	0.034	0.057	0.039
vsOthers	6	0.302	0.769	-0.185	0.263	AT1G34670	0.318		0.077	0.065	0.04
vsOthers	6	0.302	0.769	-0.992	0.412	AT2G47070	0.0	0.165	0.092	0.073	0.041
vsOthers	6	0.302	0.769	0.743	0.376	AT1G74840	0.0	0.102	0.196	-0.094	0.041
vsOthers	6	0.302	0.769	-0.992	0.412	AT1G30490	-0.042	0.05	0.116	-0.066	0.043
vsOthers	6	0.302	0.769	-0.992	0.412	AT1G26960	0.0	0.066	0.14	-0.074	0.044
vsOthers	6	0.302	0.769	-0.185	0.263	AT5G13080	0.0		0.182	0.086	0.045
vsOthers	6	0.302	0.769	-0.992	0.412	AT1G44830	0.911	0.083	0.034	0.049	0.045
vsOthers	6	0.302	0.769	-0.992	0.412	AT5G03150	0.0	0.083	0.034	0.049	0.045
vsOthers	6	0.302	0.769	0.743	0.376	AT5G52660	0.0	0.193	0.107	0.086	0.045
vsOthers	6	0.302	0.769	-0.185	0.263	AT1G30490	1.418		0.067	0.06	0.046
vsOthers	6	0.302	0.769	-0.185	0.263	AT3G11440	-1.129		0.148	-0.065	0.046
vsOthers	6	0.302	0.769	-0.185	0.263	AT1G65910	-0.025		0.105	0.07	0.047
vsOthers	6	0.302	0.769	0.743	0.376	AT2G33550	0.0	0.091	0.037	0.054	0.048
vsOthers	6	0.302	0.769	0.743	0.376	AT2G46680	0.0	0.136	0.067	0.069	0.048
vsOthers	6	0.302	0.769	-0.992	0.412	AT3G13810	0.847	0.149	0.082	0.067	0.049
vsOthers	6	0.302	0.769	-0.992	0.412	AT3G57920	0.0	0.149	0.082	0.067	0.049
vsOthers	6	0.302	0.769	0.743	0.376	AT3G24520	0.0	0.273	0.175	0.098	0.049
vsOthers	6	0.302	0.769	-0.185	0.263	AT2G32460	0.0		0.153	-0.065	0.05
vsOthers	6	0.302	0.769	0.743	0.376	AT1G69010	0.0	0.091	0.178	-0.087	0.05
vsOthers	6	0.302	0.769	-0.185	0.263	AT4G17785	0.001		0.014	0.034	0.052
vsOthers	6	0.302	0.769	-0.185	0.263	AT4G01540	0.0		0.115	0.071	0.054
vsOthers	6	0.302	0.769	0.743	0.376	AT3G15170	0.0	0.034	0.104	-0.07	0.055
vsOthers	6	0.302	0.769	-0.185	0.263	AT2G46770	0.0		0.096	0.065	0.056
vsOthers	6	0.302	0.769	-0.185	0.263	AT3G10500	0.0		0.096	0.065	0.056
vsOthers	6	0.302	0.769	-0.185	0.263	AT3G28910	0.0		0.024	0.039	0.056
vsOthers	6	0.302	0.769	-0.185	0.263	AT4G00730	0.0		0.077	0.06	0.056
vsOthers	6	0.302	0.769	-0.185	0.263	AT5G46590	0.0		0.024	0.039	0.056
vsOthers	6	0.302	0.769	0.743	0.376	AT4G34410	0.0	0.102	0.19	-0.088	0.056
vsOthers	6	0.302	0.769	-0.992	0.412	AT1G12260	-0.987	0.083	0.154	-0.071	0.057
vsOthers	6	0.302	0.769	-0.992	0.412	AT5G56110	0.0	0.083	0.157	-0.074	0.057
vsOthers	6	0.302	0.769	-0.185	0.263	AT2G46130	0.0		0.048	0.05	0.059
vsOthers	6	0.302	0.769	-0.185	0.263	AT3G45170	0.0		0.0	0.02	0.059
vsOthers	6	0.302	0.769	-0.992	0.412	AT3G50260	1.258	0.264	0.177	0.087	0.059
vsOthers	6	0.302	0.769	-0.992	0.412	AT5G09410	0.27	0.264	0.177	0.087	0.059
vsOthers	6	0.302	0.769	-0.185	0.263	AT3G12250	1.346		0.124	0.071	0.06
vsOthers	6	0.302	0.769	0.743	0.376	AT3G03200	0.0	0.08	0.163	-0.083	0.06
vsOthers	6	0.302	0.769	0.743	0.376	AT4G00250	0.0	0.08	0.163	-0.083	0.06
vsOthers	6	0.302	0.769	0.743	0.376	AT4G32730	0.0	0.08	0.16	-0.08	0.06
vsOthers	6	0.302	0.769	0.743	0.376	AT2G45410	0.0	0.057	0.135	-0.078	0.061
vsOthers	6	0.302	0.769	-0.992	0.412	AT3G11440	0.0	0.165	0.096	0.07	0.062
vsOthers	6	0.302	0.769	-0.992	0.412	AT1G22070	0.0	0.033	0.007	0.026	0.063
vsOthers	6	0.302	0.769	-0.185	0.263	AT3G01530	0.568		0.086	0.06	0.065
vsOthers	6	0.302	0.769	-0.185	0.263	AT3G04030	0.0		0.086	0.06	0.065
vsOthers	6	0.302	0.769	-0.185	0.263	AT1G12630	-0.286		0.172	-0.065	0.066
vsOthers	6	0.302	0.769	-0.185	0.263	AT4G01680	0.0		0.053	0.05	0.066
vsOthers	6	0.302	0.769	-0.992	0.412	AT4G29230	0.705	0.14	0.078	0.062	0.066
vsOthers	6	0.302	0.769	-0.185	0.263	AT4G22070	0.0		0.11	0.066	0.067
vsOthers	6	0.302	0.769	0.743	0.376	AT5G66700	0.0	0.261	0.172	0.09	0.067
vsOthers	6	0.302	0.769	0.743	0.376	AT1G28470	0.0	0.091	0.172	-0.081	0.068
vsOthers	6	0.302	0.769	-0.185	0.263	AT3G20770	0.418		0.029	0.04	0.069
vsOthers	6	0.302	0.769	-0.185	0.263	AT3G58630	0.0		0.029	0.04	0.069
vsOthers	6	0.302	0.769	-0.992	0.412	AT1G18330	-0.598	0.074	0.14	-0.066	0.069
vsOthers	6	0.302	0.769	0.743	0.376	AT4G29230	0.0	0.045	0.11	-0.065	0.07
vsOthers	6	0.302	0.769	-0.185	0.263	AT2G15660	-1.128		0.057	-0.038	0.071
vsOthers	6	0.302	0.769	-0.992	0.412	AT3G11280	0.088	0.099	0.048	0.051	0.072
vsOthers	6	0.302	0.769	-0.185	0.263	AT3G13810	-0.4		0.129	-0.056	0.073
vsOthers	6	0.302	0.769	-0.992	0.412	AT1G50640	0.0	0.207	0.133	0.074	0.073
vsOthers	6	0.302	0.769	-0.992	0.412	AT1G52880	1.134	0.207	0.133	0.074	0.073
vsOthers	6	0.302	0.769	0.743	0.376	AT5G65210	0.0	0.068	0.147	-0.079	0.073
vsOthers	6	0.302	0.769	-0.992	0.412	AT3G58630	-1.174	0.017	0.061	-0.045	0.075
vsOthers	6	0.302	0.769	0.743	0.376	AT5G08520	0.0	0.136	0.227	-0.091	0.075
vsOthers	6	0.302	0.769	-0.992	0.412	AT3G24520	0.0	0.14	0.218	-0.078	0.077
vsOthers	6	0.302	0.769	-0.992	0.412	AT4G16750	0.0	0.215	0.14	0.075	0.078
vsOthers	6	0.302	0.769	-0.992	0.412	AT5G06100	0.0	0.174	0.109	0.064	0.078
vsOthers	6	0.302	0.769	-0.992	0.412	AT5G05790	0.05	0.124	0.068	0.056	0.08
vsOthers	6	0.302	0.769	0.743	0.376	AT1G75390	0.0	0.0	0.04	-0.04	0.08
vsOthers	6	0.302	0.769	0.743	0.376	AT4G04450	0.0	0.0	0.04	-0.04	0.08
vsOthers	6	0.302	0.769	-0.185	0.263	AT3G12730	0.0		0.062	0.05	0.082
vsOthers	6	0.302	0.769	-0.992	0.412	AT3G10030	0.18	0.083	0.038	0.045	0.082
vsOthers	6	0.302	0.769	0.743	0.376	AT1G34190	0.0	0.08	0.156	-0.077	0.082
vsOthers	6	0.302	0.769	-0.185	0.263	AT4G34590	-1.254		0.077	-0.042	0.084
vsOthers	6	0.302	0.769	0.743	0.376	AT1G74480	0.0	0.057	0.126	-0.069	0.084
vsOthers	6	0.302	0.769	-0.185	0.263	AT5G04410	0.0		0.105	0.061	0.085
vsOthers	6	0.302	0.769	-0.185	0.263	AT5G65410	0.0		0.105	0.061	0.085
vsOthers	6	0.302	0.769	-0.992	0.412	AT1G74370	0.0	0.017	0.0	0.017	0.085
vsOthers	6	0.302	0.769	-0.992	0.412	AT3G12910	0.0	0.017	0.0	0.017	0.085
vsOthers	6	0.302	0.769	-0.992	0.412	AT1G65910	-0.076	0.091	0.16	-0.07	0.086
vsOthers	6	0.302	0.769	0.743	0.376	AT5G07680	0.0	0.0	0.043	-0.043	0.087
vsOthers	6	0.302	0.769	-0.992	0.412	AT1G77640	0.0	0.05	0.017	0.033	0.088
vsOthers	6	0.302	0.769	-0.185	0.263	AT3G45610	0.176		0.086	0.055	0.089
vsOthers	6	0.302	0.769	-0.185	0.263	AT4G25490	0.0		0.201	-0.064	0.089
vsOthers	6	0.302	0.769	-0.992	0.412	AT5G50570	0.0	0.066	0.027	0.039	0.089
vsOthers	6	0.302	0.769	0.743	0.376	AT1G44830	0.0	0.011	0.058	-0.047	0.09
vsOthers	6	0.302	0.769	0.743	0.376	AT5G16820	0.0	0.307	0.218	0.089	0.09
vsOthers	6	0.302	0.769	-0.185	0.263	AT5G22990	0.255		0.144	0.066	0.093
vsOthers	6	0.302	0.769	-0.185	0.263	AT5G61620	-0.283		0.244	-0.068	0.093
vsOthers	6	0.302	0.769	0.743	0.376	AT3G15270	0.0	0.091	0.169	-0.078	0.093
vsOthers	6	0.302	0.769	-0.992	0.412	AT3G03200	0.0	0.099	0.164	-0.065	0.094
vsOthers	6	0.302	0.769	-0.992	0.412	AT1G28370	0.0	0.24	0.164	0.076	0.095
vsOthers	6	0.302	0.769	0.743	0.376	AT3G16280	0.0	0.17	0.104	0.066	0.096
vsOthers	6	0.302	0.769	0.743	0.376	AT4G25480	0.0	0.261	0.181	0.08	0.099
vsOthers	6	0.302	0.769	-0.185	0.263	AT3G28920	0.641		0.096	0.056	0.1
vsOthers	6	0.302	0.769	-0.185	0.263	AT5G47370	0.279		0.096	0.056	0.1
vsOthers	6	0.302	0.769	0.743	0.376	AT5G09410	0.0	0.136	0.221	-0.084	0.1
vsOthers	6	0.302	0.769	0.743	0.376	AT3G22830	0.0	0.273	0.187	0.086	0.101
vsOthers	6	0.302	0.769	-0.185	0.263	AT1G53230	0.0		0.01	0.025	0.103
vsOthers	6	0.302	0.769	-0.992	0.412	AT4G01680	-0.026	0.041	0.092	-0.051	0.104
vsOthers	6	0.302	0.769	-0.992	0.412	AT5G52660	-0.962	0.083	0.143	-0.061	0.104
vsOthers	6	0.302	0.769	-0.992	0.412	AT4G10350	0.0	0.083	0.147	-0.064	0.105
vsOthers	6	0.302	0.769	-0.185	0.263	AT1G19040	0.0		0.019	0.03	0.109
vsOthers	6	0.302	0.769	-0.185	0.263	AT5G07680	0.0		0.019	0.03	0.109
vsOthers	6	0.302	0.769	-0.992	0.412	AT3G50060	0.0	0.174	0.113	0.061	0.109
vsOthers	6	0.302	0.769	0.743	0.376	AT4G25490	0.0	0.227	0.153	0.074	0.11
vsOthers	6	0.302	0.769	0.743	0.376	AT2G45420	0.0	0.08	0.15	-0.071	0.113
vsOthers	6	0.302	0.769	-0.185	0.263	AT5G47660	0.0		0.134	-0.051	0.114
vsOthers	6	0.302	0.769	-0.992	0.412	AT1G54330	0.0	0.091	0.15	-0.059	0.114
vsOthers	6	0.302	0.769	-0.992	0.412	AT4G01550	0.0	0.066	0.119	-0.053	0.114
vsOthers	6	0.302	0.769	0.743	0.376	AT1G53170	0.0	0.159	0.239	-0.08	0.114
vsOthers	6	0.302	0.769	0.743	0.376	AT1G75490	0.0	0.034	0.089	-0.055	0.114
vsOthers	6	0.302	0.769	0.743	0.376	AT4G17460	0.0	0.023	0.003	0.02	0.116
vsOthers	6	0.302	0.769	-0.185	0.263	AT1G74650	0.961		0.11	0.056	0.117
vsOthers	6	0.302	0.769	0.743	0.376	AT1G06850	0.0	0.057	0.117	-0.06	0.117
vsOthers	6	0.302	0.769	-0.185	0.263	AT3G53200	0.129		0.086	0.05	0.118
vsOthers	6	0.302	0.769	0.743	0.376	AT5G29000	0.0	0.057	0.12	-0.063	0.118
vsOthers	6	0.302	0.769	-0.185	0.263	AT3G02150	1.13		0.005	0.02	0.119
vsOthers	6	0.302	0.769	0.743	0.376	AT2G15660	0.0	0.068	0.031	0.038	0.12
vsOthers	6	0.302	0.769	-0.185	0.263	AT2G41835	0.0		0.0	0.015	0.121
vsOthers	6	0.302	0.769	-0.992	0.412	AT4G28140	0.0	0.008	0.038	-0.029	0.122
vsOthers	6	0.302	0.769	0.743	0.376	AT1G28370	0.0	0.125	0.202	-0.077	0.122
vsOthers	6	0.302	0.769	-0.185	0.263	AT1G10720	0.0		0.019	-0.019	0.123
vsOthers	6	0.302	0.769	-0.992	0.412	AT3G10480	0.0	0.099	0.16	-0.061	0.123
vsOthers	6	0.302	0.769	0.743	0.376	AT4G31060	0.0	0.091	0.156	-0.066	0.126
vsOthers	6	0.302	0.769	-0.185	0.263	AT5G60130	-0.425		0.144	-0.051	0.128
vsOthers	6	0.302	0.769	0.743	0.376	AT1G21910	0.0	0.0	0.031	-0.031	0.129
vsOthers	6	0.302	0.769	0.743	0.376	AT3G12820	0.0	0.0	0.031	-0.031	0.129
vsOthers	6	0.302	0.769	-0.992	0.412	AT2G18160	0.0	0.24	0.171	0.069	0.13
vsOthers	6	0.302	0.769	0.743	0.376	AT1G77640	0.0	0.0	0.034	-0.034	0.131
vsOthers	6	0.302	0.769	0.743	0.376	AT5G39820	0.0	0.0	0.034	-0.034	0.131
vsOthers	6	0.302	0.769	-0.185	0.263	AT1G18330	0.135		0.096	0.051	0.132
vsOthers	6	0.302	0.769	-0.992	0.412	AT1G14687	0.131	0.157	0.102	0.055	0.133
vsOthers	6	0.302	0.769	-0.992	0.412	AT2G04038	0.0	0.24	0.174	0.066	0.133
vsOthers	6	0.302	0.769	-0.992	0.412	AT2G45410	0.0	0.157	0.102	0.055	0.133
vsOthers	6	0.302	0.769	-0.185	0.263	AT2G02070	0.0		0.12	-0.046	0.134
vsOthers	6	0.302	0.769	0.743	0.376	AT1G71696	0.0	0.068	0.129	-0.061	0.135
vsOthers	6	0.302	0.769	0.743	0.376	AT2G18350	0.0	0.068	0.132	-0.064	0.135
vsOthers	6	0.302	0.769	0.743	0.376	AT3G01530	0.0	0.068	0.129	-0.061	0.135
vsOthers	6	0.302	0.769	-0.185	0.263	AT2G24570	0.0		0.014	0.025	0.137
vsOthers	6	0.302	0.769	-0.992	0.412	AT2G01818	0.0	0.058	0.106	-0.048	0.138
vsOthers	6	0.302	0.769	0.743	0.376	AT1G33240	0.0	0.17	0.107	0.063	0.138
vsOthers	6	0.302	0.769	0.743	0.376	AT3G60490	0.0	0.17	0.107	0.063	0.138
vsOthers	6	0.302	0.769	0.743	0.376	AT1G04880	0.0	0.011	0.049	-0.038	0.139
vsOthers	6	0.302	0.769	0.743	0.376	AT1G06280	0.0	0.148	0.224	-0.076	0.139
vsOthers	6	0.302	0.769	0.743	0.376	AT3G12730	0.0	0.045	0.098	-0.053	0.139
vsOthers	6	0.302	0.769	0.743	0.376	AT5G07100	0.0	0.011	0.052	-0.041	0.139
vsOthers	6	0.302	0.769	0.743	0.376	AT5G08750	0.0	0.011	0.052	-0.041	0.139
vsOthers	6	0.302	0.769	0.743	0.376	AT5G22500	0.0	0.011	0.049	-0.038	0.139
vsOthers	6	0.302	0.769	-0.992	0.412	AT2G02070	0.0	0.132	0.082	0.05	0.142
vsOthers	6	0.302	0.769	0.743	0.376	AT4G28140	0.0	0.057	0.021	0.035	0.142
vsOthers	6	0.302	0.769	-0.992	0.412	AT5G06960	0.177	0.099	0.058	0.041	0.143
vsOthers	6	0.302	0.769	-0.992	0.412	AT3G12130	0.0	0.041	0.085	-0.044	0.145
vsOthers	6	0.302	0.769	-0.185	0.263	AT1G70920	-1.906		0.1	-0.042	0.146
vsOthers	6	0.302	0.769	-0.992	0.412	AT2G38470	-0.269	0.165	0.232	-0.067	0.147
vsOthers	6	0.302	0.769	0.743	0.376	AT3G15210	0.0	0.159	0.236	-0.077	0.147
vsOthers	6	0.302	0.769	-0.185	0.263	AT1G79580	0.0		0.11	0.051	0.151
vsOthers	6	0.302	0.769	-0.185	0.263	AT2G15740	0.787		0.11	0.051	0.151
vsOthers	6	0.302	0.769	-0.185	0.263	AT5G56110	0.0		0.11	0.051	0.151
vsOthers	6	0.302	0.769	0.743	0.376	AT4G10350	0.0	0.08	0.141	-0.062	0.151
vsOthers	6	0.302	0.769	-0.992	0.412	AT4G34410	0.0	0.215	0.154	0.061	0.152
vsOthers	6	0.302	0.769	-0.992	0.412	AT1G09540	0.0	0.066	0.116	-0.05	0.153
vsOthers	6	0.302	0.769	-0.185	0.263	AT5G08750	0.0		0.029	0.03	0.154
vsOthers	6	0.302	0.769	-0.992	0.412	AT1G06850	0.0	0.14	0.089	0.052	0.155
vsOthers	6	0.302	0.769	-0.992	0.412	AT4G34590	0.0	0.083	0.044	0.038	0.155
vsOthers	6	0.302	0.769	-0.992	0.412	AT4G18770	0.575	0.174	0.119	0.054	0.156
vsOthers	6	0.302	0.769	-0.992	0.412	AT1G75490	0.0	0.107	0.065	0.043	0.158
vsOthers	6	0.302	0.769	-0.185	0.263	AT4G11660	0.0		0.153	0.057	0.16
vsOthers	6	0.302	0.769	-0.185	0.263	AT4G31800	0.0		0.201	0.062	0.162
vsOthers	6	0.302	0.769	0.743	0.376	AT2G46130	0.0	0.034	0.083	-0.049	0.163
vsOthers	6	0.302	0.769	0.743	0.376	AT5G06960	0.0	0.034	0.08	-0.046	0.163
vsOthers	6	0.302	0.769	0.743	0.376	AT2G03500	0.0	0.057	0.107	-0.051	0.164
vsOthers	6	0.302	0.769	-0.992	0.412	AT1G69560	0.0	0.041	0.017	0.024	0.165
vsOthers	6	0.302	0.769	0.743	0.376	AT5G58900	0.0	0.091	0.153	-0.062	0.166
vsOthers	6	0.302	0.769	-0.185	0.263	AT1G36060	-0.11		0.11	-0.042	0.168
vsOthers	6	0.302	0.769	-0.185	0.263	AT4G04450	0.0		0.019	0.025	0.169
vsOthers	6	0.302	0.769	0.743	0.376	AT5G59990	0.0	0.034	0.012	0.022	0.169
vsOthers	6	0.302	0.769	-0.992	0.412	AT1G80840	0.0	0.017	0.051	-0.035	0.17
vsOthers	6	0.302	0.769	-0.185	0.263	AT1G06180	0.0		0.033	0.03	0.175
vsOthers	6	0.302	0.769	-0.992	0.412	AT4G25480	0.087	0.24	0.181	0.059	0.177
vsOthers	6	0.302	0.769	-0.185	0.263	AT5G66730	0.0		0.115	-0.042	0.179
vsOthers	6	0.302	0.769	0.743	0.376	AT1G49010	0.0	0.148	0.215	-0.067	0.18
vsOthers	6	0.302	0.769	0.743	0.376	AT3G09735	0.0	0.261	0.19	0.071	0.18
vsOthers	6	0.302	0.769	-0.185	0.263	AT3G09735	0.0		0.177	0.057	0.181
vsOthers	6	0.302	0.769	-0.185	0.263	AT3G50260	-0.012		0.23	-0.054	0.181
vsOthers	6	0.302	0.769	-0.992	0.412	AT2G18350	0.0	0.083	0.133	-0.05	0.181
vsOthers	6	0.302	0.769	0.743	0.376	AT2G18060	0.0	0.102	0.163	-0.06	0.181
vsOthers	6	0.302	0.769	0.743	0.376	AT4G01540	0.0	0.102	0.163	-0.06	0.181
vsOthers	6	0.302	0.769	0.743	0.376	AT4G28500	0.0	0.068	0.123	-0.055	0.182
vsOthers	6	0.302	0.769	0.743	0.376	AT3G45610	0.0	0.068	0.126	-0.058	0.183
vsOthers	6	0.302	0.769	0.743	0.376	AT5G46350	0.0	0.068	0.126	-0.058	0.183
vsOthers	6	0.302	0.769	-0.992	0.412	AT1G33240	0.0	0.157	0.106	0.051	0.184
vsOthers	6	0.302	0.769	-0.992	0.412	AT1G69010	0.222	0.198	0.143	0.055	0.184
vsOthers	6	0.302	0.769	0.743	0.376	AT1G34670	0.0	0.068	0.12	-0.051	0.184
vsOthers	6	0.302	0.769	-0.185	0.263	AT1G06280	-0.269		0.234	-0.054	0.185
vsOthers	6	0.302	0.769	-0.185	0.263	AT2G03500	0.0		0.077	0.041	0.185
vsOthers	6	0.302	0.769	-0.185	0.263	AT4G37180	0.0		0.077	0.041	0.185
vsOthers	6	0.302	0.769	-0.185	0.263	AT1G32870	0.0		0.105	0.046	0.186
vsOthers	6	0.302	0.769	-0.992	0.412	AT3G62420	0.0	0.256	0.195	0.062	0.187
vsOthers	6	0.302	0.769	-0.992	0.412	AT1G49560	-0.475	0.058	0.099	-0.041	0.188
vsOthers	6	0.302	0.769	0.743	0.376	AT5G25190	0.0	0.159	0.227	-0.068	0.188
vsOthers	6	0.302	0.769	-0.185	0.263	AT1G12610	0.0		0.12	-0.042	0.189
vsOthers	6	0.302	0.769	-0.185	0.263	AT5G18560	-0.827		0.12	-0.042	0.189
vsOthers	6	0.302	0.769	0.743	0.376	AT5G53950	0.0	0.045	0.092	-0.047	0.193
vsOthers	6	0.302	0.769	-0.185	0.263	AT3G10580	1.036		0.057	0.035	0.194
vsOthers	6	0.302	0.769	0.743	0.376	AT4G32800	0.0	0.091	0.049	0.042	0.194
vsOthers	6	0.302	0.769	-0.992	0.412	AT1G32870	-0.537	0.091	0.143	-0.052	0.195
vsOthers	6	0.302	0.769	-0.992	0.412	AT3G10500	-0.258	0.091	0.143	-0.052	0.195
vsOthers	6	0.302	0.769	-0.992	0.412	AT5G66730	0.0	0.124	0.082	0.042	0.197
vsOthers	6	0.302	0.769	-0.185	0.263	AT1G55110	0.0		0.124	-0.041	0.198
vsOthers	6	0.302	0.769	-0.185	0.263	AT1G74840	0.0		0.201	-0.05	0.199
vsOthers	6	0.302	0.769	0.743	0.376	AT1G10720	0.0	0.023	0.006	0.017	0.2
vsOthers	6	0.302	0.769	0.743	0.376	AT3G48160	0.0	0.023	0.006	0.017	0.2
vsOthers	6	0.302	0.769	-0.185	0.263	AT5G50570	0.0		0.053	-0.028	0.201
vsOthers	6	0.302	0.769	-0.185	0.263	AT1G19210	-0.607		0.206	-0.05	0.204
vsOthers	6	0.302	0.769	-0.185	0.263	AT4G32730	0.515		0.12	0.046	0.206
vsOthers	6	0.302	0.769	-0.992	0.412	AT2G31460	0.0	0.017	0.003	0.013	0.206
vsOthers	6	0.302	0.769	-0.992	0.412	AT3G07220	0.0	0.017	0.003	0.013	0.206
vsOthers	6	0.302	0.769	-0.992	0.412	AT3G22780	0.0	0.017	0.003	0.013	0.206
vsOthers	6	0.302	0.769	-0.992	0.412	AT5G04410	0.0	0.099	0.15	-0.051	0.206
vsOthers	6	0.302	0.769	0.743	0.376	AT1G03800	0.0	0.125	0.187	-0.062	0.206
vsOthers	6	0.302	0.769	0.743	0.376	AT4G05100	0.0	0.011	0.043	-0.032	0.21
vsOthers	6	0.302	0.769	-0.992	0.412	AT5G13790	-0.086	0.025	0.055	-0.03	0.211
vsOthers	6	0.302	0.769	-0.185	0.263	AT1G76110	0.0		0.043	0.03	0.212
vsOthers	6	0.302	0.769	-0.185	0.263	AT4G38620	0.0		0.005	0.015	0.212
vsOthers	6	0.302	0.769	0.743	0.376	AT5G44160	0.0	0.0	0.025	-0.025	0.212
vsOthers	6	0.302	0.769	0.743	0.376	AT1G18960	0.0	0.011	0.0	0.011	0.213
vsOthers	6	0.302	0.769	0.743	0.376	AT1G32510	0.0	0.011	0.0	0.011	0.213
vsOthers	6	0.302	0.769	0.743	0.376	AT1G60920	0.0	0.011	0.0	0.011	0.213
vsOthers	6	0.302	0.769	0.743	0.376	AT4G27900	0.0	0.011	0.0	0.011	0.213
vsOthers	6	0.302	0.769	0.743	0.376	AT1G19210	0.0	0.227	0.169	0.059	0.214
vsOthers	6	0.302	0.769	0.743	0.376	AT1G34370	0.0	0.0	0.028	-0.028	0.214
vsOthers	6	0.302	0.769	0.743	0.376	AT1G53230	0.0	0.0	0.028	-0.028	0.214
vsOthers	6	0.302	0.769	-0.185	0.263	AT1G22070	0.0		0.024	-0.019	0.215
vsOthers	6	0.302	0.769	-0.992	0.412	AT1G12630	0.0	0.174	0.126	0.047	0.215
vsOthers	6	0.302	0.769	-0.185	0.263	AT2G47070	0.0		0.134	-0.041	0.216
vsOthers	6	0.302	0.769	-0.185	0.263	AT3G12820	0.0		0.014	0.02	0.217
vsOthers	6	0.302	0.769	-0.185	0.263	AT3G17730	-0.311		0.129	0.046	0.219
vsOthers	6	0.302	0.769	0.743	0.376	AT1G34180	0.0	0.091	0.144	-0.053	0.219
vsOthers	6	0.302	0.769	0.743	0.376	AT1G54330	0.0	0.091	0.144	-0.053	0.219
vsOthers	6	0.302	0.769	0.743	0.376	AT1G79580	0.0	0.091	0.147	-0.056	0.219
vsOthers	6	0.302	0.769	0.743	0.376	AT2G20400	0.0	0.057	0.104	-0.047	0.219
vsOthers	6	0.302	0.769	-0.992	0.412	AT2G40740	0.0	0.157	0.212	-0.055	0.222
vsOthers	6	0.302	0.769	-0.185	0.263	AT1G50640	0.0		0.177	-0.045	0.223
vsOthers	6	0.302	0.769	-0.185	0.263	AT3G21890	-0.806		0.105	-0.037	0.223
vsOthers	6	0.302	0.769	-0.185	0.263	AT4G25470	0.0		0.177	-0.045	0.223
vsOthers	6	0.302	0.769	-0.992	0.412	AT4G36780	0.184	0.182	0.133	0.049	0.223
vsOthers	6	0.302	0.769	-0.992	0.412	AT1G49010	0.0	0.24	0.184	0.055	0.225
vsOthers	6	0.302	0.769	-0.992	0.412	AT3G20310	0.0	0.248	0.191	0.057	0.23
vsOthers	6	0.302	0.769	-0.992	0.412	AT5G44210	0.0	0.107	0.068	0.039	0.23
vsOthers	6	0.302	0.769	0.743	0.376	AT3G46590	0.0	0.045	0.018	0.027	0.23
vsOthers	6	0.302	0.769	0.743	0.376	AT4G01500	0.0	0.045	0.018	0.027	0.23
vsOthers	6	0.302	0.769	-0.992	0.412	AT1G74480	0.07	0.14	0.099	0.042	0.231
vsOthers	6	0.302	0.769	-0.185	0.263	AT5G26170	-0.167		0.191	0.053	0.233
vsOthers	6	0.302	0.769	0.743	0.376	AT3G11280	0.0	0.034	0.071	-0.036	0.233
vsOthers	6	0.302	0.769	0.743	0.376	AT5G06950	0.0	0.102	0.156	-0.054	0.235
vsOthers	6	0.302	0.769	-0.992	0.412	AT1G32150	0.0	0.256	0.198	0.058	0.236
vsOthers	6	0.302	0.769	-0.992	0.412	AT5G10030	0.022	0.19	0.143	0.047	0.238
vsOthers	6	0.302	0.769	0.743	0.376	AT3G20310	0.0	0.159	0.221	-0.062	0.238
vsOthers	6	0.302	0.769	-0.992	0.412	AT5G44160	0.0	0.033	0.014	0.019	0.239
vsOthers	6	0.302	0.769	-0.185	0.263	AT5G64750	0.0		0.191	-0.045	0.24
vsOthers	6	0.302	0.769	-0.992	0.412	AT1G22810	0.0	0.149	0.106	0.043	0.242
vsOthers	6	0.302	0.769	0.743	0.376	AT5G17300	0.0	0.193	0.141	0.052	0.243
vsOthers	6	0.302	0.769	0.743	0.376	AT5G64060	0.0	0.068	0.113	-0.045	0.244
vsOthers	6	0.302	0.769	-0.185	0.263	AT1G47870	0.0		0.0	0.01	0.245
vsOthers	6	0.302	0.769	-0.185	0.263	AT2G39900	0.138		0.0	0.01	0.245
vsOthers	6	0.302	0.769	-0.185	0.263	AT4G24020	0.0		0.0	0.01	0.245
vsOthers	6	0.302	0.769	-0.185	0.263	AT4G28110	0.0		0.0	0.01	0.245
vsOthers	6	0.302	0.769	-0.185	0.263	AT5G10140	0.0		0.0	0.01	0.245
vsOthers	6	0.302	0.769	-0.992	0.412	AT5G45300	0.138	0.083	0.048	0.035	0.246
vsOthers	6	0.302	0.769	-0.185	0.263	AT5G16820	0.0		0.211	0.053	0.247
vsOthers	6	0.302	0.769	-0.992	0.412	AT5G05550	0.0	0.264	0.212	0.053	0.248
vsOthers	6	0.302	0.769	-0.992	0.412	AT4G05100	0.0	0.017	0.044	-0.028	0.249
vsOthers	6	0.302	0.769	-0.992	0.412	AT4G31800	0.808	0.273	0.215	0.058	0.249
vsOthers	6	0.302	0.769	-0.185	0.263	AT1G01720	-0.001		0.201	-0.045	0.25
vsOthers	6	0.302	0.769	-0.992	0.412	AT5G24110	-0.166	0.091	0.137	-0.046	0.25
vsOthers	6	0.302	0.769	-0.992	0.412	AT1G19040	0.0	0.017	0.041	-0.024	0.251
vsOthers	6	0.302	0.769	-0.992	0.412	AT1G68550	0.0	0.207	0.157	0.05	0.252
vsOthers	6	0.302	0.769	-0.992	0.412	AT2G23290	0.0	0.157	0.113	0.044	0.253
vsOthers	6	0.302	0.769	-0.185	0.263	AT3G57920	0.0		0.12	-0.037	0.255
vsOthers	6	0.302	0.769	-0.185	0.263	AT5G10280	0.0		0.019	0.02	0.256
vsOthers	6	0.302	0.769	-0.185	0.263	AT5G11260	0.586		0.163	0.047	0.256
vsOthers	6	0.302	0.769	-0.992	0.412	AT3G06490	0.805	0.083	0.051	0.031	0.257
vsOthers	6	0.302	0.769	0.743	0.376	AT2G17950	0.0	0.045	0.021	0.024	0.257
vsOthers	6	0.302	0.769	-0.185	0.263	AT1G34190	0.0		0.12	0.041	0.258
vsOthers	6	0.302	0.769	-0.185	0.263	AT1G25550	0.0		0.057	0.03	0.259
vsOthers	6	0.302	0.769	-0.185	0.263	AT3G50410	0.0		0.057	0.03	0.259
vsOthers	6	0.302	0.769	0.743	0.376	AT5G64750	0.0	0.125	0.181	-0.056	0.262
vsOthers	6	0.302	0.769	0.743	0.376	AT1G77200	0.0	0.216	0.16	0.056	0.264
vsOthers	6	0.302	0.769	-0.185	0.263	AT1G69490	0.0		0.124	0.041	0.265
vsOthers	6	0.302	0.769	-0.992	0.412	AT5G06839	0.145	0.165	0.119	0.046	0.265
vsOthers	6	0.302	0.769	0.743	0.376	AT1G14687	0.0	0.08	0.129	-0.049	0.265
vsOthers	6	0.302	0.769	0.743	0.376	AT3G04030	0.0	0.08	0.126	-0.046	0.265
vsOthers	6	0.302	0.769	0.743	0.376	AT1G47655	0.0	0.045	0.083	-0.037	0.266
vsOthers	6	0.302	0.769	0.743	0.376	AT1G70920	0.0	0.114	0.071	0.043	0.266
vsOthers	6	0.302	0.769	0.743	0.376	AT2G32460	0.0	0.159	0.11	0.049	0.267
vsOthers	6	0.302	0.769	-0.992	0.412	AT2G20400	0.0	0.066	0.106	-0.04	0.268
vsOthers	6	0.302	0.769	-0.185	0.263	AT1G19790	0.229		0.038	0.025	0.27
vsOthers	6	0.302	0.769	-0.185	0.263	AT1G08320	0.0		0.129	0.042	0.271
vsOthers	6	0.302	0.769	-0.185	0.263	AT2G18060	0.0		0.129	0.042	0.271
vsOthers	6	0.302	0.769	0.743	0.376	AT1G06180	0.0	0.023	0.055	-0.032	0.271
vsOthers	6	0.302	0.769	0.743	0.376	AT5G65510	0.0	0.023	0.055	-0.032	0.271
vsOthers	6	0.302	0.769	0.743	0.376	AT1G19790	0.0	0.023	0.058	-0.036	0.272
vsOthers	6	0.302	0.769	-0.185	0.263	AT5G66300	0.0		0.062	0.03	0.273
vsOthers	6	0.302	0.769	-0.185	0.263	AT1G71450	0.0		0.225	-0.044	0.274
vsOthers	6	0.302	0.769	-0.992	0.412	AT1G01060	0.0	0.107	0.154	-0.046	0.276
vsOthers	6	0.302	0.769	-0.185	0.263	AT5G18270	0.0		0.134	0.042	0.277
vsOthers	6	0.302	0.769	-0.992	0.412	AT5G18560	0.0	0.124	0.089	0.035	0.281
vsOthers	6	0.302	0.769	-0.992	0.412	AT3G26790	0.0	0.058	0.034	0.024	0.282
vsOthers	6	0.302	0.769	-0.992	0.412	AT5G22500	0.0	0.058	0.034	0.024	0.282
vsOthers	6	0.302	0.769	0.743	0.376	AT2G46770	0.0	0.091	0.138	-0.047	0.284
vsOthers	6	0.302	0.769	0.743	0.376	AT2G23290	0.0	0.091	0.135	-0.044	0.286
vsOthers	6	0.302	0.769	-0.185	0.263	AT4G16750	0.0		0.182	-0.04	0.287
vsOthers	6	0.302	0.769	-0.992	0.412	AT5G17800	0.0	0.132	0.092	0.04	0.287
vsOthers	6	0.302	0.769	-0.992	0.412	AT1G08320	0.078	0.182	0.137	0.045	0.289
vsOthers	6	0.302	0.769	-0.185	0.263	AT5G05790	-0.357		0.1	-0.032	0.29
vsOthers	6	0.302	0.769	-0.992	0.412	AT5G15830	0.0	0.248	0.198	0.05	0.291
vsOthers	6	0.302	0.769	-0.992	0.412	AT5G38860	0.0	0.008	0.0	0.008	0.292
vsOthers	6	0.302	0.769	-0.992	0.412	AT5G62165	0.0	0.008	0.0	0.008	0.292
vsOthers	6	0.302	0.769	-0.992	0.412	AT3G46590	0.0	0.008	0.031	-0.022	0.293
vsOthers	6	0.302	0.769	-0.185	0.263	AT4G32800	-0.003		0.072	-0.028	0.294
vsOthers	6	0.302	0.769	0.743	0.376	AT3G60580	0.0	0.08	0.049	0.03	0.294
vsOthers	6	0.302	0.769	-0.185	0.263	AT5G45580	0.0		0.105	0.036	0.296
vsOthers	6	0.302	0.769	-0.992	0.412	AT3G28910	0.0	0.025	0.051	-0.026	0.296
vsOthers	6	0.302	0.769	-0.992	0.412	AT5G46590	0.0	0.025	0.051	-0.026	0.296
vsOthers	6	0.302	0.769	0.743	0.376	AT1G71450	0.0	0.159	0.215	-0.056	0.297
vsOthers	6	0.302	0.769	0.743	0.376	AT2G01818	0.0	0.125	0.083	0.042	0.297
vsOthers	6	0.302	0.769	-0.992	0.412	AT5G18270	0.0	0.124	0.167	-0.043	0.298
vsOthers	6	0.302	0.769	0.743	0.376	AT2G36270	0.0	0.159	0.212	-0.053	0.298
vsOthers	6	0.302	0.769	-0.992	0.412	AT1G53170	0.0	0.256	0.208	0.048	0.3
vsOthers	6	0.302	0.769	0.743	0.376	AT2G42200	0.0	0.102	0.147	-0.045	0.302
vsOthers	6	0.302	0.769	-0.992	0.412	AT1G34670	0.0	0.083	0.119	-0.037	0.303
vsOthers	6	0.302	0.769	-0.992	0.412	AT2G33810	0.0	0.041	0.02	0.021	0.311
vsOthers	6	0.302	0.769	-0.992	0.412	AT5G39820	0.0	0.041	0.02	0.021	0.311
vsOthers	6	0.302	0.769	-0.185	0.263	AT5G06839	0.0		0.115	0.036	0.312
vsOthers	6	0.302	0.769	0.743	0.376	AT1G13260	0.0	0.011	0.037	-0.025	0.316
vsOthers	6	0.302	0.769	0.743	0.376	AT4G17785	0.0	0.011	0.037	-0.025	0.316
vsOthers	6	0.302	0.769	-0.992	0.412	AT1G31140	0.0	0.091	0.13	-0.039	0.317
vsOthers	6	0.302	0.769	0.743	0.376	AT2G44840	0.0	0.193	0.144	0.049	0.318
vsOthers	6	0.302	0.769	0.743	0.376	AT3G23210	0.0	0.011	0.04	-0.029	0.318
vsOthers	6	0.302	0.769	0.743	0.376	AT4G25470	0.0	0.193	0.144	0.049	0.318
vsOthers	6	0.302	0.769	-0.185	0.263	AT3G04060	0.0		0.12	0.036	0.319
vsOthers	6	0.302	0.769	-0.992	0.412	AT2G30250	-0.002	0.215	0.266	-0.051	0.319
vsOthers	6	0.302	0.769	-0.992	0.412	AT2G32460	0.0	0.149	0.109	0.04	0.319
vsOthers	6	0.302	0.769	-0.992	0.412	AT3G04030	0.0	0.091	0.126	-0.035	0.32
vsOthers	6	0.302	0.769	0.743	0.376	AT1G09540	0.0	0.068	0.11	-0.042	0.32
vsOthers	6	0.302	0.769	0.743	0.376	AT1G25340	0.0	0.091	0.055	0.036	0.321
vsOthers	6	0.302	0.769	0.743	0.376	AT5G45300	0.0	0.034	0.064	-0.03	0.321
vsOthers	6	0.302	0.769	-0.185	0.263	AT2G28920	-1.52		0.053	-0.023	0.322
vsOthers	6	0.302	0.769	-0.185	0.263	AT2G31230	-0.806		0.158	-0.036	0.323
vsOthers	6	0.302	0.769	-0.185	0.263	AT3G27785	-0.064		0.115	-0.032	0.325
vsOthers	6	0.302	0.769	-0.185	0.263	AT4G31060	0.961		0.124	0.037	0.326
vsOthers	6	0.302	0.769	-0.992	0.412	AT1G76880	0.0	0.0	0.014	-0.014	0.326
vsOthers	6	0.302	0.769	-0.992	0.412	AT3G45170	0.0	0.0	0.014	-0.014	0.326
vsOthers	6	0.302	0.769	-0.992	0.412	AT3G48160	0.0	0.0	0.014	-0.014	0.326
vsOthers	6	0.302	0.769	-0.992	0.412	AT5G53950	-0.036	0.058	0.092	-0.034	0.326
vsOthers	6	0.302	0.769	-0.992	0.412	AT4G24240	0.0	0.0	0.017	-0.017	0.327
vsOthers	6	0.302	0.769	-0.992	0.412	AT4G38620	0.0	0.0	0.017	-0.017	0.327
vsOthers	6	0.302	0.769	-0.992	0.412	AT5G14960	0.0	0.0	0.017	-0.017	0.327
vsOthers	6	0.302	0.769	0.743	0.376	AT5G47230	0.0	0.057	0.031	0.026	0.33
vsOthers	6	0.302	0.769	-0.992	0.412	AT1G03840	0.0	0.107	0.075	0.032	0.331
vsOthers	6	0.302	0.769	-0.992	0.412	AT3G11020	0.0	0.107	0.075	0.032	0.331
vsOthers	6	0.302	0.769	-0.992	0.412	AT2G46770	0.0	0.099	0.14	-0.041	0.332
vsOthers	6	0.302	0.769	-0.185	0.263	AT5G17800	0.0		0.12	-0.032	0.335
vsOthers	6	0.302	0.769	-0.992	0.412	AT5G65210	0.073	0.157	0.119	0.038	0.336
vsOthers	6	0.302	0.769	-0.185	0.263	AT1G69560	0.0		0.033	-0.019	0.338
vsOthers	6	0.302	0.769	-0.185	0.263	AT4G01500	-0.59		0.033	-0.019	0.338
vsOthers	6	0.302	0.769	-0.185	0.263	AT3G06740	0.0		0.057	0.026	0.34
vsOthers	6	0.302	0.769	0.743	0.376	AT5G47220	0.0	0.091	0.061	0.03	0.34
vsOthers	6	0.302	0.769	-0.185	0.263	AT1G32150	-0.004		0.234	-0.039	0.341
vsOthers	6	0.302	0.769	-0.185	0.263	AT1G69780	0.0		0.091	0.031	0.341
vsOthers	6	0.302	0.769	-0.992	0.412	AT1G29280	0.0	0.165	0.208	-0.043	0.343
vsOthers	6	0.302	0.769	0.743	0.376	AT3G02940	0.0	0.08	0.12	-0.04	0.343
vsOthers	6	0.302	0.769	-0.992	0.412	AT5G65410	0.0	0.107	0.147	-0.039	0.344
vsOthers	6	0.302	0.769	-0.185	0.263	AT3G15210	0.0		0.239	-0.039	0.345
vsOthers	6	0.302	0.769	-0.185	0.263	AT5G10030	0.0		0.139	0.037	0.345
vsOthers	6	0.302	0.769	-0.992	0.412	AT1G28160	0.0	0.165	0.126	0.039	0.347
vsOthers	6	0.302	0.769	0.743	0.376	AT3G02150	0.0	0.0	0.018	-0.018	0.349
vsOthers	6	0.302	0.769	0.743	0.376	AT3G61250	0.0	0.0	0.018	-0.018	0.349
vsOthers	6	0.302	0.769	0.743	0.376	AT5G67000	0.0	0.0	0.018	-0.018	0.349
vsOthers	6	0.302	0.769	-0.185	0.263	AT2G30340	-0.688		0.129	-0.032	0.354
vsOthers	6	0.302	0.769	0.743	0.376	AT3G57600	0.0	0.0	0.021	-0.021	0.354
vsOthers	6	0.302	0.769	0.743	0.376	AT4G01720	0.0	0.0	0.021	-0.021	0.354
vsOthers	6	0.302	0.769	-0.185	0.263	AT1G47655	0.0		0.062	0.026	0.355
vsOthers	6	0.302	0.769	-0.185	0.263	AT2G01060	0.0		0.062	0.026	0.355
vsOthers	6	0.302	0.769	0.743	0.376	AT5G11260	0.0	0.148	0.196	-0.049	0.355
vsOthers	6	0.302	0.769	-0.185	0.263	AT2G20110	0.0		0.148	0.037	0.356
vsOthers	6	0.302	0.769	-0.992	0.412	AT3G01970	0.0	0.182	0.225	-0.043	0.357
vsOthers	6	0.302	0.769	-0.992	0.412	AT3G10800	0.0	0.116	0.085	0.03	0.357
vsOthers	6	0.302	0.769	-0.992	0.412	AT5G06950	0.0	0.174	0.133	0.04	0.357
vsOthers	6	0.302	0.769	0.743	0.376	AT1G25550	0.0	0.045	0.08	-0.034	0.357
vsOthers	6	0.302	0.769	0.743	0.376	AT3G12130	0.0	0.045	0.08	-0.034	0.357
vsOthers	6	0.302	0.769	-0.992	0.412	AT4G23550	0.432	0.248	0.205	0.043	0.36
vsOthers	6	0.302	0.769	-0.992	0.412	AT4G17785	0.0	0.017	0.038	-0.021	0.362
vsOthers	6	0.302	0.769	-0.185	0.263	AT1G22810	-0.12		0.134	-0.032	0.363
vsOthers	6	0.302	0.769	0.743	0.376	AT3G28920	0.0	0.091	0.132	-0.041	0.363
vsOthers	6	0.302	0.769	0.743	0.376	AT5G45580	0.0	0.091	0.132	-0.041	0.363
vsOthers	6	0.302	0.769	-0.992	0.412	AT2G45680	0.0	0.025	0.01	0.015	0.364
vsOthers	6	0.302	0.769	0.743	0.376	AT1G75240	0.0	0.091	0.129	-0.038	0.365
vsOthers	6	0.302	0.769	-0.185	0.263	AT1G03800	0.0		0.191	-0.035	0.366
vsOthers	6	0.302	0.769	-0.992	0.412	AT3G10113	-0.418	0.074	0.109	-0.035	0.366
vsOthers	6	0.302	0.769	-0.992	0.412	AT3G42860	0.0	0.074	0.106	-0.031	0.366
vsOthers	6	0.302	0.769	-0.992	0.412	AT4G37180	0.0	0.074	0.106	-0.031	0.366
vsOthers	6	0.302	0.769	-0.992	0.412	AT5G17300	0.0	0.124	0.164	-0.04	0.367
vsOthers	6	0.302	0.769	-0.185	0.263	AT1G76880	0.0		0.005	0.01	0.368
vsOthers	6	0.302	0.769	-0.185	0.263	AT3G02990	0.248		0.038	0.02	0.368
vsOthers	6	0.302	0.769	-0.185	0.263	AT3G23250	0.0		0.005	0.01	0.368
vsOthers	6	0.302	0.769	-0.185	0.263	AT3G30530	0.0		0.005	0.01	0.368
vsOthers	6	0.302	0.769	-0.185	0.263	AT5G65510	0.0		0.038	0.02	0.368
vsOthers	6	0.302	0.769	0.743	0.376	AT1G01250	0.0	0.0	0.015	-0.015	0.368
vsOthers	6	0.302	0.769	0.743	0.376	AT1G27360	0.0	0.0	0.015	-0.015	0.368
vsOthers	6	0.302	0.769	0.743	0.376	AT1G73730	0.0	0.0	0.015	-0.015	0.368
vsOthers	6	0.302	0.769	0.743	0.376	AT4G24240	0.0	0.0	0.015	-0.015	0.368
vsOthers	6	0.302	0.769	0.743	0.376	AT5G06100	0.0	0.159	0.12	0.039	0.368
vsOthers	6	0.302	0.769	0.743	0.376	AT5G61270	0.0	0.0	0.015	-0.015	0.368
vsOthers	6	0.302	0.769	-0.992	0.412	AT4G01280	0.0	0.124	0.16	-0.036	0.369
vsOthers	6	0.302	0.769	-0.992	0.412	AT4G01540	0.0	0.124	0.16	-0.036	0.369
vsOthers	6	0.302	0.769	-0.992	0.412	AT4G18890	0.039	0.05	0.027	0.022	0.369
vsOthers	6	0.302	0.769	-0.992	0.412	AT1G28470	0.207	0.182	0.143	0.038	0.37
vsOthers	6	0.302	0.769	-0.992	0.412	AT1G78700	0.0	0.182	0.143	0.038	0.37
vsOthers	6	0.302	0.769	-0.992	0.412	AT5G23930	0.0	0.182	0.143	0.038	0.37
vsOthers	6	0.302	0.769	-0.185	0.263	AT1G69570	0.0		0.139	-0.031	0.371
vsOthers	6	0.302	0.769	-0.185	0.263	AT3G10030	0.0		0.062	-0.023	0.371
vsOthers	6	0.302	0.769	-0.992	0.412	AT5G10280	0.0	0.017	0.034	-0.018	0.371
vsOthers	6	0.302	0.769	-0.185	0.263	AT1G27360	0.0		0.019	-0.014	0.372
vsOthers	6	0.302	0.769	-0.185	0.263	AT2G26960	0.0		0.096	-0.027	0.372
vsOthers	6	0.302	0.769	-0.185	0.263	AT3G13350	0.0		0.019	-0.014	0.372
vsOthers	6	0.302	0.769	-0.992	0.412	AT1G76110	0.0	0.041	0.065	-0.024	0.374
vsOthers	6	0.302	0.769	-0.992	0.412	AT5G43840	0.0	0.041	0.065	-0.024	0.374
vsOthers	6	0.302	0.769	-0.992	0.412	AT2G33710	-0.239	0.182	0.147	0.035	0.376
vsOthers	6	0.302	0.769	-0.185	0.263	AT1G52150	0.0		0.072	0.026	0.38
vsOthers	6	0.302	0.769	0.743	0.376	AT3G46070	0.0	0.011	0.003	0.008	0.38
vsOthers	6	0.302	0.769	0.743	0.376	AT3G51080	0.0	0.011	0.003	0.008	0.38
vsOthers	6	0.302	0.769	0.743	0.376	AT5G22890	0.0	0.011	0.003	0.008	0.38
vsOthers	6	0.302	0.769	0.743	0.376	AT5G25475	0.0	0.011	0.003	0.008	0.38
vsOthers	6	0.302	0.769	0.743	0.376	AT5G40330	0.0	0.011	0.003	0.008	0.38
vsOthers	6	0.302	0.769	0.743	0.376	AT5G42820	0.0	0.011	0.003	0.008	0.38
vsOthers	6	0.302	0.769	0.743	0.376	AT4G18770	0.0	0.102	0.144	-0.042	0.381
vsOthers	6	0.302	0.769	0.743	0.376	AT5G65410	0.0	0.102	0.144	-0.042	0.381
vsOthers	6	0.302	0.769	-0.185	0.263	AT5G62380	-0.136		0.115	0.032	0.383
vsOthers	6	0.302	0.769	-0.992	0.412	AT3G47500	0.0	0.132	0.099	0.033	0.385
vsOthers	6	0.302	0.769	-0.992	0.412	AT5G47660	0.159	0.132	0.099	0.033	0.385
vsOthers	6	0.302	0.769	0.743	0.376	AT3G28910	0.0	0.023	0.049	-0.026	0.385
vsOthers	6	0.302	0.769	0.743	0.376	AT5G46590	0.0	0.023	0.049	-0.026	0.385
vsOthers	6	0.302	0.769	-0.185	0.263	AT2G04038	0.0		0.211	-0.035	0.386
vsOthers	6	0.302	0.769	0.743	0.376	AT1G12630	0.0	0.17	0.132	0.039	0.387
vsOthers	6	0.302	0.769	-0.992	0.412	AT2G20110	-0.517	0.14	0.177	-0.037	0.388
vsOthers	6	0.302	0.769	0.743	0.376	AT3G23220	0.0	0.068	0.04	0.028	0.388
vsOthers	6	0.302	0.769	-0.185	0.263	AT2G45420	0.365		0.12	0.032	0.39
vsOthers	6	0.302	0.769	0.743	0.376	AT3G30210	0.0	0.023	0.046	-0.023	0.39
vsOthers	6	0.302	0.769	-0.185	0.263	AT3G22830	0.0		0.187	0.038	0.395
vsOthers	6	0.302	0.769	-0.185	0.263	AT1G01060	0.0		0.124	0.032	0.397
vsOthers	6	0.302	0.769	-0.992	0.412	AT1G01720	0.0	0.207	0.167	0.039	0.397
vsOthers	6	0.302	0.769	0.743	0.376	AT4G36780	0.0	0.114	0.156	-0.043	0.397
vsOthers	6	0.302	0.769	-0.992	0.412	AT3G06740	0.0	0.05	0.078	-0.029	0.398
vsOthers	6	0.302	0.769	-0.992	0.412	AT3G18400	-0.153	0.149	0.184	-0.036	0.398
vsOthers	6	0.302	0.769	-0.992	0.412	AT5G47220	0.0	0.05	0.075	-0.025	0.398
vsOthers	6	0.302	0.769	0.743	0.376	AT3G10480	0.0	0.114	0.15	-0.037	0.4
vsOthers	6	0.302	0.769	-0.185	0.263	AT3G62420	-0.62		0.23	-0.035	0.403
vsOthers	6	0.302	0.769	-0.185	0.263	AT5G15830	0.0		0.23	-0.035	0.403
vsOthers	6	0.302	0.769	-0.992	0.412	AT2G40260	0.0	0.14	0.109	0.031	0.404
vsOthers	6	0.302	0.769	0.743	0.376	AT2G38340	0.0	0.182	0.144	0.038	0.404
vsOthers	6	0.302	0.769	-0.185	0.263	AT5G62320	0.0		0.048	0.02	0.407
vsOthers	6	0.302	0.769	0.743	0.376	AT1G13300	0.0	0.034	0.018	0.016	0.408
vsOthers	6	0.302	0.769	0.743	0.376	AT2G33710	0.0	0.125	0.166	-0.041	0.411
vsOthers	6	0.302	0.769	-0.992	0.412	AT3G28920	0.0	0.099	0.133	-0.034	0.412
vsOthers	6	0.302	0.769	-0.185	0.263	AT1G13260	0.0		0.024	0.015	0.413
vsOthers	6	0.302	0.769	-0.185	0.263	AT3G15270	0.0		0.167	-0.031	0.413
vsOthers	6	0.302	0.769	-0.992	0.412	AT3G60490	-0.84	0.099	0.13	-0.031	0.413
vsOthers	6	0.302	0.769	-0.992	0.412	AT5G66700	-0.388	0.165	0.201	-0.036	0.414
vsOthers	6	0.302	0.769	-0.185	0.263	AT1G78700	0.23		0.139	0.032	0.415
vsOthers	6	0.302	0.769	-0.185	0.263	AT1G66370	0.0		0.043	-0.019	0.416
vsOthers	6	0.302	0.769	0.743	0.376	AT3G10800	0.0	0.068	0.101	-0.033	0.416
vsOthers	6	0.302	0.769	0.743	0.376	AT1G02250	0.0	0.068	0.098	-0.03	0.419
vsOthers	6	0.302	0.769	0.743	0.376	AT1G12610	0.0	0.125	0.092	0.033	0.42
vsOthers	6	0.302	0.769	0.743	0.376	AT3G10113	0.0	0.125	0.092	0.033	0.42
vsOthers	6	0.302	0.769	0.743	0.376	AT3G23240	0.0	0.125	0.092	0.033	0.42
vsOthers	6	0.302	0.769	0.743	0.376	AT3G27785	0.0	0.125	0.092	0.033	0.42
vsOthers	6	0.302	0.769	-0.992	0.412	AT5G66300	0.0	0.058	0.085	-0.027	0.421
vsOthers	6	0.302	0.769	-0.992	0.412	AT2G01060	0.0	0.058	0.082	-0.024	0.424
vsOthers	6	0.302	0.769	-0.992	0.412	AT5G62380	0.0	0.107	0.14	-0.032	0.425
vsOthers	6	0.302	0.769	-0.992	0.412	AT5G07100	0.0	0.058	0.038	0.02	0.427
vsOthers	6	0.302	0.769	-0.992	0.412	AT5G25190	0.0	0.24	0.201	0.038	0.428
vsOthers	6	0.302	0.769	-0.185	0.263	AT1G77200	0.0		0.187	-0.031	0.436
vsOthers	6	0.302	0.769	-0.185	0.263	AT3G18400	0.0		0.158	0.032	0.437
vsOthers	6	0.302	0.769	0.743	0.376	AT3G49530	0.0	0.08	0.113	-0.034	0.439
vsOthers	6	0.302	0.769	0.743	0.376	AT5G43840	0.0	0.08	0.052	0.027	0.439
vsOthers	6	0.302	0.769	-0.992	0.412	AT4G22070	0.24	0.165	0.133	0.032	0.44
vsOthers	6	0.302	0.769	0.743	0.376	AT5G47660	0.0	0.136	0.101	0.035	0.44
vsOthers	6	0.302	0.769	-0.992	0.412	AT1G52150	0.0	0.066	0.092	-0.026	0.443
vsOthers	6	0.302	0.769	-0.992	0.412	AT3G21890	0.678	0.107	0.078	0.029	0.443
vsOthers	6	0.302	0.769	-0.185	0.263	AT5G63260	-0.531		0.129	-0.027	0.444
vsOthers	6	0.302	0.769	-0.185	0.263	AT1G51600	0.0		0.01	0.01	0.446
vsOthers	6	0.302	0.769	-0.185	0.263	AT3G47600	0.0		0.01	0.01	0.446
vsOthers	6	0.302	0.769	-0.185	0.263	AT3G61250	0.0		0.01	0.01	0.446
vsOthers	6	0.302	0.769	-0.185	0.263	AT5G67000	0.0		0.01	0.01	0.446
vsOthers	6	0.302	0.769	0.743	0.376	AT2G18160	0.0	0.159	0.199	-0.04	0.447
vsOthers	6	0.302	0.769	0.743	0.376	AT5G04390	0.0	0.08	0.055	0.024	0.448
vsOthers	6	0.302	0.769	-0.185	0.263	AT4G18450	0.0		0.024	-0.014	0.449
vsOthers	6	0.302	0.769	-0.992	0.412	AT5G39610	0.0	0.124	0.154	-0.03	0.45
vsOthers	6	0.302	0.769	0.743	0.376	AT2G30340	0.0	0.136	0.107	0.029	0.451
vsOthers	6	0.302	0.769	-0.185	0.263	AT4G26030	0.0		0.062	0.021	0.453
vsOthers	6	0.302	0.769	-0.185	0.263	AT2G18160	0.0		0.206	-0.03	0.455
vsOthers	6	0.302	0.769	-0.185	0.263	AT5G66700	-0.001		0.206	-0.03	0.455
vsOthers	6	0.302	0.769	-0.992	0.412	AT2G33550	0.0	0.033	0.055	-0.022	0.455
vsOthers	6	0.302	0.769	-0.992	0.412	AT3G02990	0.0	0.033	0.055	-0.022	0.455
vsOthers	6	0.302	0.769	-0.992	0.412	AT1G13400	0.732	0.033	0.017	0.016	0.458
vsOthers	6	0.302	0.769	-0.992	0.412	AT5G13910	0.0	0.033	0.017	0.016	0.458
vsOthers	6	0.302	0.769	-0.992	0.412	AT5G59990	0.0	0.008	0.02	-0.012	0.458
vsOthers	6	0.302	0.769	-0.992	0.412	AT5G67300	0.0	0.008	0.02	-0.012	0.458
vsOthers	6	0.302	0.769	-0.992	0.412	AT3G23220	0.0	0.033	0.051	-0.018	0.459
vsOthers	6	0.302	0.769	0.743	0.376	AT5G60130	0.0	0.091	0.126	-0.035	0.459
vsOthers	6	0.302	0.769	-0.185	0.263	AT5G47390	0.0		0.211	-0.03	0.46
vsOthers	6	0.302	0.769	-0.992	0.412	AT5G63090	0.0	0.066	0.044	0.022	0.46
vsOthers	6	0.302	0.769	-0.992	0.412	AT3G12250	0.23	0.182	0.15	0.032	0.461
vsOthers	6	0.302	0.769	-0.185	0.263	AT5G02460	0.148		0.115	0.027	0.463
vsOthers	6	0.302	0.769	-0.185	0.263	AT5G54230	0.0		0.115	0.027	0.463
vsOthers	6	0.302	0.769	0.743	0.376	AT4G36160	0.0	0.182	0.224	-0.042	0.465
vsOthers	6	0.302	0.769	-0.185	0.263	AT3G50060	0.01		0.144	-0.026	0.467
vsOthers	6	0.302	0.769	-0.185	0.263	AT1G04880	0.637		0.033	0.015	0.468
vsOthers	6	0.302	0.769	-0.185	0.263	AT5G08520	1.053		0.191	0.033	0.468
vsOthers	6	0.302	0.769	-0.185	0.263	AT1G34180	0.0		0.12	0.027	0.47
vsOthers	6	0.302	0.769	-0.992	0.412	AT1G12610	0.0	0.116	0.092	0.024	0.473
vsOthers	6	0.302	0.769	-0.992	0.412	AT1G27730	0.0	0.066	0.048	0.018	0.473
vsOthers	6	0.302	0.769	-0.992	0.412	AT3G50700	0.0	0.066	0.048	0.018	0.473
vsOthers	6	0.302	0.769	0.743	0.376	AT3G10500	0.0	0.102	0.135	-0.033	0.476
vsOthers	6	0.302	0.769	0.743	0.376	AT3G50060	0.0	0.102	0.138	-0.036	0.476
vsOthers	6	0.302	0.769	0.743	0.376	AT4G37260	0.0	0.102	0.138	-0.036	0.476
vsOthers	6	0.302	0.769	-0.185	0.263	AT4G14770	0.0		0.124	0.027	0.477
vsOthers	6	0.302	0.769	-0.992	0.412	AT3G01220	0.0	0.083	0.109	-0.027	0.478
vsOthers	6	0.302	0.769	-0.992	0.412	AT1G55110	0.0	0.124	0.096	0.028	0.479
vsOthers	6	0.302	0.769	-0.992	0.412	AT2G01940	0.0	0.124	0.096	0.028	0.479
vsOthers	6	0.302	0.769	-0.992	0.412	AT5G64060	0.214	0.124	0.096	0.028	0.479
vsOthers	6	0.302	0.769	0.743	0.376	AT1G51700	0.0	0.091	0.064	0.026	0.479
vsOthers	6	0.302	0.769	-0.185	0.263	AT3G11020	0.0		0.096	-0.023	0.481
vsOthers	6	0.302	0.769	-0.185	0.263	AT5G05550	0.31		0.211	0.033	0.482
vsOthers	6	0.302	0.769	-0.992	0.412	AT4G01250	0.0	0.157	0.191	-0.034	0.484
vsOthers	6	0.302	0.769	-0.992	0.412	AT1G21910	0.0	0.033	0.02	0.013	0.487
vsOthers	6	0.302	0.769	-0.992	0.412	AT1G69690	0.0	0.033	0.02	0.013	0.487
vsOthers	6	0.302	0.769	-0.992	0.412	AT3G45150	0.219	0.033	0.02	0.013	0.487
vsOthers	6	0.302	0.769	-0.185	0.263	AT1G49560	0.0		0.077	0.021	0.489
vsOthers	6	0.302	0.769	0.743	0.376	AT2G02540	0.0	0.17	0.135	0.035	0.492
vsOthers	6	0.302	0.769	0.743	0.376	AT3G09600	0.0	0.17	0.135	0.035	0.492
vsOthers	6	0.302	0.769	-0.185	0.263	AT2G33550	0.0		0.057	-0.018	0.493
vsOthers	6	0.302	0.769	-0.992	0.412	AT1G69180	0.0	0.091	0.116	-0.025	0.493
vsOthers	6	0.302	0.769	0.743	0.376	AT3G04060	0.0	0.114	0.144	-0.031	0.493
vsOthers	6	0.302	0.769	0.743	0.376	AT4G14770	0.0	0.114	0.144	-0.031	0.493
vsOthers	6	0.302	0.769	-0.185	0.263	AT1G17950	0.0		0.0	0.005	0.495
vsOthers	6	0.302	0.769	-0.185	0.263	AT1G67260	0.0		0.0	0.005	0.495
vsOthers	6	0.302	0.769	-0.185	0.263	AT3G09230	0.0		0.0	0.005	0.495
vsOthers	6	0.302	0.769	-0.185	0.263	AT3G61120	0.0		0.0	0.005	0.495
vsOthers	6	0.302	0.769	-0.185	0.263	AT5G14340	0.0		0.0	0.005	0.495
vsOthers	6	0.302	0.769	-0.185	0.263	AT5G23930	0.0		0.167	-0.026	0.498
vsOthers	6	0.302	0.769	-0.992	0.412	AT1G29860	0.0	0.174	0.208	-0.035	0.498
vsOthers	6	0.302	0.769	-0.185	0.263	AT1G02250	0.0		0.081	0.021	0.499
vsOthers	6	0.302	0.769	-0.185	0.263	AT1G74370	0.0		0.01	-0.01	0.499
vsOthers	6	0.302	0.769	-0.185	0.263	AT3G12910	0.0		0.01	-0.01	0.499
vsOthers	6	0.302	0.769	-0.185	0.263	AT5G22890	0.0		0.01	-0.01	0.499
vsOthers	6	0.302	0.769	-0.185	0.263	AT5G25475	0.0		0.01	-0.01	0.499
vsOthers	6	0.302	0.769	-0.185	0.263	AT2G21900	0.0		0.014	0.01	0.5
vsOthers	6	0.302	0.769	-0.185	0.263	AT2G22540	0.0		0.144	0.027	0.5
vsOthers	6	0.302	0.769	-0.185	0.263	AT1G13300	0.0		0.029	-0.014	0.503
vsOthers	6	0.302	0.769	-0.185	0.263	AT1G34370	0.0		0.029	-0.014	0.503
vsOthers	6	0.302	0.769	-0.185	0.263	AT2G24430	0.0		0.148	0.027	0.505
vsOthers	6	0.302	0.769	0.743	0.376	AT3G17730	0.0	0.125	0.16	-0.035	0.505
vsOthers	6	0.302	0.769	-0.992	0.412	AT3G16280	0.0	0.099	0.126	-0.027	0.506
vsOthers	6	0.302	0.769	-0.992	0.412	AT5G08520	-0.277	0.231	0.198	0.033	0.506
vsOthers	6	0.302	0.769	-0.185	0.263	AT5G62000	0.0		0.086	0.021	0.508
vsOthers	6	0.302	0.769	-0.992	0.412	AT3G01530	0.0	0.099	0.123	-0.024	0.508
vsOthers	6	0.302	0.769	0.743	0.376	AT1G66370	0.0	0.045	0.031	0.015	0.508
vsOthers	6	0.302	0.769	-0.185	0.263	AT1G08010	0.089		0.043	0.015	0.509
vsOthers	6	0.302	0.769	-0.185	0.263	AT1G24250	0.0		0.043	0.015	0.509
vsOthers	6	0.302	0.769	0.743	0.376	AT2G26960	0.0	0.102	0.077	0.026	0.511
vsOthers	6	0.302	0.769	0.743	0.376	AT5G08330	0.0	0.102	0.077	0.026	0.511
vsOthers	6	0.302	0.769	-0.185	0.263	AT1G27730	0.0		0.062	-0.018	0.512
vsOthers	6	0.302	0.769	-0.185	0.263	AT3G23240	-0.254		0.11	-0.022	0.512
vsOthers	6	0.302	0.769	-0.185	0.263	AT3G50700	0.0		0.062	-0.018	0.512
vsOthers	6	0.302	0.769	-0.185	0.263	AT5G18450	-0.089		0.11	-0.022	0.512
vsOthers	6	0.302	0.769	-0.992	0.412	AT1G69570	0.0	0.14	0.116	0.024	0.512
vsOthers	6	0.302	0.769	-0.992	0.412	AT5G26170	0.848	0.24	0.208	0.031	0.513
vsOthers	6	0.302	0.769	-0.992	0.412	AT1G20980	-0.617	0.083	0.061	0.021	0.518
vsOthers	6	0.302	0.769	-0.992	0.412	AT5G02460	0.0	0.107	0.137	-0.029	0.518
vsOthers	6	0.302	0.769	-0.992	0.412	AT1G25580	0.0	0.083	0.061	0.021	0.518
vsOthers	6	0.302	0.769	0.743	0.376	AT2G24430	0.0	0.136	0.169	-0.032	0.518
vsOthers	6	0.302	0.769	0.743	0.376	AT4G16750	0.0	0.136	0.169	-0.032	0.518
vsOthers	6	0.302	0.769	-0.992	0.412	AT4G37260	0.0	0.149	0.123	0.026	0.522
vsOthers	6	0.302	0.769	-0.185	0.263	AT3G47500	0.0		0.12	-0.022	0.529
vsOthers	6	0.302	0.769	-0.992	0.412	AT2G43000	0.0	0.116	0.143	-0.028	0.529
vsOthers	6	0.302	0.769	0.743	0.376	AT1G68550	0.0	0.148	0.178	-0.03	0.53
vsOthers	6	0.302	0.769	-0.992	0.412	AT1G74650	1.255	0.157	0.13	0.027	0.531
vsOthers	6	0.302	0.769	-0.185	0.263	AT4G28500	0.0		0.1	0.021	0.533
vsOthers	6	0.302	0.769	0.743	0.376	AT4G11660	0.0	0.205	0.175	0.03	0.534
vsOthers	6	0.302	0.769	-0.992	0.412	AT2G31230	0.0	0.157	0.133	0.024	0.536
vsOthers	6	0.302	0.769	-0.992	0.412	AT5G58900	0.0	0.157	0.133	0.024	0.536
vsOthers	6	0.302	0.769	-0.992	0.412	AT2G46130	0.0	0.058	0.078	-0.021	0.537
vsOthers	6	0.302	0.769	-0.992	0.412	AT3G50410	-0.004	0.058	0.078	-0.021	0.537
vsOthers	6	0.302	0.769	-0.992	0.412	AT4G26030	0.0	0.058	0.078	-0.021	0.537
vsOthers	6	0.302	0.769	-0.992	0.412	AT1G69490	0.0	0.165	0.137	0.029	0.539
vsOthers	6	0.302	0.769	-0.992	0.412	AT3G09600	0.0	0.124	0.15	-0.026	0.539
vsOthers	6	0.302	0.769	-0.185	0.263	AT1G21910	0.0		0.019	0.01	0.54
vsOthers	6	0.302	0.769	-0.185	0.263	AT1G71696	0.0		0.105	0.022	0.541
vsOthers	6	0.302	0.769	-0.185	0.263	AT2G17950	0.0		0.033	-0.014	0.544
vsOthers	6	0.302	0.769	-0.185	0.263	AT2G33810	0.0		0.033	-0.014	0.544
vsOthers	6	0.302	0.769	-0.185	0.263	AT2G40260	-0.76		0.129	-0.022	0.544
vsOthers	6	0.302	0.769	-0.185	0.263	AT3G16280	0.0		0.129	-0.022	0.544
vsOthers	6	0.302	0.769	0.743	0.376	AT2G28920	0.0	0.057	0.037	0.02	0.544
vsOthers	6	0.302	0.769	-0.185	0.263	AT1G25340	-0.958		0.072	-0.018	0.545
vsOthers	6	0.302	0.769	-0.185	0.263	AT3G11280	0.0		0.072	-0.018	0.545
vsOthers	6	0.302	0.769	-0.185	0.263	AT1G75240	0.0		0.11	0.022	0.548
vsOthers	6	0.302	0.769	-0.185	0.263	AT3G24120	0.0		0.11	0.022	0.548
vsOthers	6	0.302	0.769	-0.992	0.412	AT3G17730	0.0	0.132	0.16	-0.028	0.548
vsOthers	6	0.302	0.769	-0.992	0.412	AT4G38000	0.0	0.132	0.16	-0.028	0.548
vsOthers	6	0.302	0.769	-0.185	0.263	AT4G36160	0.0		0.201	0.028	0.55
vsOthers	6	0.302	0.769	-0.185	0.263	AT5G56840	0.013		0.225	-0.025	0.55
vsOthers	6	0.302	0.769	0.743	0.376	AT2G04038	0.0	0.17	0.199	-0.029	0.551
vsOthers	6	0.302	0.769	0.743	0.376	AT3G57920	0.0	0.08	0.107	-0.028	0.552
vsOthers	6	0.302	0.769	0.743	0.376	AT1G55110	0.0	0.125	0.098	0.027	0.554
vsOthers	6	0.302	0.769	-0.992	0.412	AT5G58850	0.0	0.174	0.15	0.023	0.555
vsOthers	6	0.302	0.769	-0.992	0.412	AT3G08500	0.0	0.066	0.089	-0.023	0.556
vsOthers	6	0.302	0.769	0.743	0.376	AT4G37180	0.0	0.08	0.101	-0.022	0.557
vsOthers	6	0.302	0.769	0.743	0.376	AT5G62000	0.0	0.08	0.101	-0.022	0.557
vsOthers	6	0.302	0.769	-0.185	0.263	AT1G20980	0.0		0.077	-0.018	0.558
vsOthers	6	0.302	0.769	-0.992	0.412	AT2G38880	0.0	0.0	0.01	-0.01	0.559
vsOthers	6	0.302	0.769	-0.992	0.412	AT2G41835	0.0	0.0	0.01	-0.01	0.559
vsOthers	6	0.302	0.769	-0.992	0.412	AT4G17460	0.0	0.0	0.01	-0.01	0.559
vsOthers	6	0.302	0.769	0.743	0.376	AT4G00730	0.0	0.125	0.101	0.024	0.559
vsOthers	6	0.302	0.769	-0.185	0.263	AT5G65210	0.0		0.12	0.022	0.561
vsOthers	6	0.302	0.769	-0.185	0.263	AT1G28160	0.0		0.148	-0.021	0.57
vsOthers	6	0.302	0.769	0.743	0.376	AT2G47070	0.0	0.091	0.12	-0.029	0.571
vsOthers	6	0.302	0.769	0.743	0.376	AT3G52440	0.0	0.091	0.12	-0.029	0.571
vsOthers	6	0.302	0.769	-0.185	0.263	AT5G58900	0.0		0.129	0.022	0.572
vsOthers	6	0.302	0.769	-0.992	0.412	AT1G36060	-0.692	0.074	0.096	-0.021	0.573
vsOthers	6	0.302	0.769	-0.992	0.412	AT1G68320	0.0	0.074	0.096	-0.021	0.573
vsOthers	6	0.302	0.769	-0.992	0.412	AT3G15170	0.0	0.074	0.096	-0.021	0.573
vsOthers	6	0.302	0.769	0.743	0.376	AT5G63260	0.0	0.136	0.11	0.026	0.573
vsOthers	6	0.302	0.769	0.743	0.376	AT5G66940	0.0	0.136	0.11	0.026	0.573
vsOthers	6	0.302	0.769	-0.185	0.263	AT1G75390	0.0		0.038	-0.014	0.575
vsOthers	6	0.302	0.769	-0.185	0.263	AT2G02540	0.0		0.153	-0.021	0.575
vsOthers	6	0.302	0.769	-0.992	0.412	AT2G15660	0.515	0.05	0.034	0.015	0.575
vsOthers	6	0.302	0.769	-0.992	0.412	AT3G12730	0.0	0.074	0.092	-0.018	0.576
vsOthers	6	0.302	0.769	-0.185	0.263	AT5G39610	0.0		0.134	0.022	0.577
vsOthers	6	0.302	0.769	0.743	0.376	AT1G31140	0.0	0.136	0.113	0.023	0.578
vsOthers	6	0.302	0.769	0.743	0.376	AT3G23250	0.0	0.0	0.012	-0.012	0.583
vsOthers	6	0.302	0.769	0.743	0.376	AT3G30530	0.0	0.0	0.012	-0.012	0.583
vsOthers	6	0.302	0.769	0.743	0.376	AT3G45170	0.0	0.0	0.012	-0.012	0.583
vsOthers	6	0.302	0.769	-0.992	0.412	AT1G10720	0.0	0.017	0.007	0.01	0.584
vsOthers	6	0.302	0.769	-0.992	0.412	AT3G20840	0.0	0.017	0.007	0.01	0.584
vsOthers	6	0.302	0.769	-0.992	0.412	AT3G57230	0.0	0.017	0.007	0.01	0.584
vsOthers	6	0.302	0.769	-0.992	0.412	AT1G47870	0.0	0.0	0.007	-0.007	0.585
vsOthers	6	0.302	0.769	-0.992	0.412	AT2G39900	0.0	0.0	0.007	-0.007	0.585
vsOthers	6	0.302	0.769	-0.992	0.412	AT3G46070	0.0	0.0	0.007	-0.007	0.585
vsOthers	6	0.302	0.769	-0.992	0.412	AT3G51080	0.0	0.0	0.007	-0.007	0.585
vsOthers	6	0.302	0.769	-0.992	0.412	AT4G24020	0.0	0.0	0.007	-0.007	0.585
vsOthers	6	0.302	0.769	-0.992	0.412	AT4G28110	0.0	0.0	0.007	-0.007	0.585
vsOthers	6	0.302	0.769	-0.992	0.412	AT5G10140	0.0	0.0	0.007	-0.007	0.585
vsOthers	6	0.302	0.769	-0.992	0.412	AT5G40330	0.0	0.0	0.007	-0.007	0.585
vsOthers	6	0.302	0.769	-0.992	0.412	AT5G42820	0.0	0.0	0.007	-0.007	0.585
vsOthers	6	0.302	0.769	-0.185	0.263	AT2G38340	-0.051		0.163	-0.021	0.586
vsOthers	6	0.302	0.769	-0.185	0.263	AT1G28470	0.0		0.144	0.022	0.587
vsOthers	6	0.302	0.769	0.743	0.376	AT1G08010	0.0	0.034	0.055	-0.021	0.587
vsOthers	6	0.302	0.769	0.743	0.376	AT1G24250	0.0	0.034	0.055	-0.021	0.587
vsOthers	6	0.302	0.769	0.743	0.376	AT3G10030	0.0	0.034	0.055	-0.021	0.587
vsOthers	6	0.302	0.769	0.743	0.376	AT5G63090	0.0	0.034	0.055	-0.021	0.587
vsOthers	6	0.302	0.769	0.743	0.376	AT2G06200	0.0	0.034	0.052	-0.018	0.588
vsOthers	6	0.302	0.769	0.743	0.376	AT3G13350	0.0	0.023	0.009	0.014	0.589
vsOthers	6	0.302	0.769	0.743	0.376	AT5G14960	0.0	0.023	0.009	0.014	0.589
vsOthers	6	0.302	0.769	-0.185	0.263	AT5G44210	0.48		0.072	0.016	0.59
vsOthers	6	0.302	0.769	-0.992	0.412	AT1G04880	0.0	0.05	0.038	0.012	0.591
vsOthers	6	0.302	0.769	-0.992	0.412	AT2G28920	0.0	0.05	0.038	0.012	0.591
vsOthers	6	0.302	0.769	-0.992	0.412	AT3G30210	0.0	0.05	0.038	0.012	0.591
vsOthers	6	0.302	0.769	0.743	0.376	AT2G22430	0.0	0.148	0.126	0.022	0.594
vsOthers	6	0.302	0.769	-0.992	0.412	AT1G30650	0.0	0.19	0.218	-0.028	0.596
vsOthers	6	0.302	0.769	-0.185	0.263	AT3G23210	0.0		0.029	0.01	0.598
vsOthers	6	0.302	0.769	-0.185	0.263	AT3G24050	0.0		0.029	0.01	0.598
vsOthers	6	0.302	0.769	-0.185	0.263	AT5G25830	0.0		0.029	0.01	0.598
vsOthers	6	0.302	0.769	-0.992	0.412	AT2G35530	0.0	0.231	0.205	0.027	0.598
vsOthers	6	0.302	0.769	0.743	0.376	AT4G06746	0.0	0.068	0.052	0.016	0.6
vsOthers	6	0.302	0.769	0.743	0.376	AT4G34590	0.0	0.068	0.052	0.016	0.6
vsOthers	6	0.302	0.769	0.743	0.376	AT5G04410	0.0	0.114	0.141	-0.027	0.6
vsOthers	6	0.302	0.769	-0.185	0.263	AT5G47230	0.0		0.043	-0.014	0.601
vsOthers	6	0.302	0.769	-0.992	0.412	AT1G16490	0.132	0.091	0.113	-0.022	0.601
vsOthers	6	0.302	0.769	-0.992	0.412	AT1G69780	0.0	0.091	0.113	-0.022	0.601
vsOthers	6	0.302	0.769	0.743	0.376	AT1G12260	0.0	0.114	0.138	-0.024	0.601
vsOthers	6	0.302	0.769	-0.992	0.412	AT4G18170	0.0	0.24	0.212	0.028	0.602
vsOthers	6	0.302	0.769	0.743	0.376	AT2G31460	0.0	0.0	0.009	-0.009	0.603
vsOthers	6	0.302	0.769	0.743	0.376	AT2G41835	0.0	0.0	0.009	-0.009	0.603
vsOthers	6	0.302	0.769	0.743	0.376	AT3G07220	0.0	0.0	0.009	-0.009	0.603
vsOthers	6	0.302	0.769	0.743	0.376	AT3G13040	0.0	0.0	0.009	-0.009	0.603
vsOthers	6	0.302	0.769	0.743	0.376	AT3G22780	0.0	0.0	0.009	-0.009	0.603
vsOthers	6	0.302	0.769	0.743	0.376	AT3G51470	0.0	0.0	0.009	-0.009	0.603
vsOthers	6	0.302	0.769	0.743	0.376	AT4G36620	0.0	0.0	0.009	-0.009	0.603
vsOthers	6	0.302	0.769	0.743	0.376	AT5G08070	0.0	0.0	0.009	-0.009	0.603
vsOthers	6	0.302	0.769	-0.185	0.263	AT1G68550	0.0		0.182	-0.021	0.604
vsOthers	6	0.302	0.769	0.743	0.376	AT2G31230	0.0	0.159	0.135	0.024	0.604
vsOthers	6	0.302	0.769	-0.992	0.412	AT2G30590	0.0	0.033	0.048	-0.015	0.605
vsOthers	6	0.302	0.769	-0.992	0.412	AT5G61600	0.0	0.058	0.041	0.017	0.606
vsOthers	6	0.302	0.769	-0.992	0.412	AT4G28500	0.0	0.124	0.106	0.018	0.608
vsOthers	6	0.302	0.769	0.743	0.376	AT4G24470	0.0	0.023	0.012	0.01	0.612
vsOthers	6	0.302	0.769	-0.992	0.412	AT1G71696	0.045	0.132	0.109	0.023	0.613
vsOthers	6	0.302	0.769	-0.992	0.412	AT3G45610	0.0	0.099	0.119	-0.02	0.613
vsOthers	6	0.302	0.769	0.743	0.376	AT4G01280	0.0	0.17	0.144	0.026	0.613
vsOthers	6	0.302	0.769	0.743	0.376	AT3G55370	0.0	0.125	0.147	-0.022	0.615
vsOthers	6	0.302	0.769	-0.992	0.412	AT2G06200	0.0	0.058	0.044	0.013	0.616
vsOthers	6	0.302	0.769	-0.992	0.412	AT5G62470	0.0	0.058	0.044	0.013	0.616
vsOthers	6	0.302	0.769	-0.185	0.263	AT2G38880	0.0		0.005	0.005	0.62
vsOthers	6	0.302	0.769	-0.185	0.263	AT3G13040	0.0		0.005	0.005	0.62
vsOthers	6	0.302	0.769	-0.185	0.263	AT3G51470	0.0		0.005	0.005	0.62
vsOthers	6	0.302	0.769	-0.185	0.263	AT4G36620	0.0		0.005	0.005	0.62
vsOthers	6	0.302	0.769	-0.185	0.263	AT5G08070	0.0		0.005	0.005	0.62
vsOthers	6	0.302	0.769	0.743	0.376	AT3G06490	0.0	0.045	0.064	-0.019	0.621
vsOthers	6	0.302	0.769	-0.185	0.263	AT3G26790	0.0		0.048	-0.014	0.622
vsOthers	6	0.302	0.769	-0.185	0.263	AT3G20840	0.0		0.014	-0.009	0.623
vsOthers	6	0.302	0.769	-0.185	0.263	AT3G57230	-0.202		0.014	-0.009	0.623
vsOthers	6	0.302	0.769	0.743	0.376	AT5G58850	0.0	0.136	0.163	-0.026	0.623
vsOthers	6	0.302	0.769	-0.992	0.412	AT3G24120	0.0	0.107	0.126	-0.019	0.624
vsOthers	6	0.302	0.769	0.743	0.376	AT1G50640	0.0	0.136	0.16	-0.023	0.624
vsOthers	6	0.302	0.769	0.743	0.376	AT1G76110	0.0	0.045	0.061	-0.016	0.624
vsOthers	6	0.302	0.769	0.743	0.376	AT5G62320	0.0	0.045	0.061	-0.016	0.624
vsOthers	6	0.302	0.769	-0.185	0.263	AT1G02230	-0.061		0.096	0.017	0.631
vsOthers	6	0.302	0.769	-0.992	0.412	AT1G01250	0.0	0.017	0.01	0.006	0.632
vsOthers	6	0.302	0.769	-0.992	0.412	AT1G18570	0.0	0.017	0.01	0.006	0.632
vsOthers	6	0.302	0.769	-0.992	0.412	AT1G73730	0.0	0.017	0.01	0.006	0.632
vsOthers	6	0.302	0.769	-0.992	0.412	AT2G17410	0.0	0.017	0.01	0.006	0.632
vsOthers	6	0.302	0.769	-0.992	0.412	AT3G13350	0.0	0.017	0.01	0.006	0.632
vsOthers	6	0.302	0.769	-0.992	0.412	AT5G61270	0.0	0.017	0.01	0.006	0.632
vsOthers	6	0.302	0.769	-0.992	0.412	AT5G67450	0.0	0.017	0.01	0.006	0.632
vsOthers	6	0.302	0.769	-0.992	0.412	AT3G18990	0.246	0.149	0.126	0.022	0.633
vsOthers	6	0.302	0.769	-0.185	0.263	AT5G62940	0.0		0.115	-0.017	0.634
vsOthers	6	0.302	0.769	-0.992	0.412	AT2G15740	0.0	0.149	0.13	0.019	0.636
vsOthers	6	0.302	0.769	-0.992	0.412	AT2G45420	0.0	0.149	0.13	0.019	0.636
vsOthers	6	0.302	0.769	-0.185	0.263	AT1G68670	0.0		0.038	0.011	0.637
vsOthers	6	0.302	0.769	-0.185	0.263	AT5G02840	0.0		0.038	0.011	0.637
vsOthers	6	0.302	0.769	-0.185	0.263	AT5G07100	0.0		0.038	0.011	0.637
vsOthers	6	0.302	0.769	-0.185	0.263	AT5G13790	0.0		0.053	-0.014	0.64
vsOthers	6	0.302	0.769	-0.185	0.263	AT5G61600	0.0		0.053	-0.014	0.64
vsOthers	6	0.302	0.769	-0.992	0.412	AT4G17980	0.0	0.124	0.147	-0.023	0.641
vsOthers	6	0.302	0.769	-0.992	0.412	AT3G04060	0.0	0.124	0.143	-0.019	0.642
vsOthers	6	0.302	0.769	-0.992	0.412	AT3G55370	0.0	0.157	0.137	0.021	0.643
vsOthers	6	0.302	0.769	0.743	0.376	AT4G18450	0.0	0.023	0.015	0.007	0.644
vsOthers	6	0.302	0.769	0.743	0.376	AT5G67300	0.0	0.023	0.015	0.007	0.644
vsOthers	6	0.302	0.769	0.743	0.376	AT3G50410	0.0	0.057	0.077	-0.02	0.647
vsOthers	6	0.302	0.769	-0.185	0.263	AT1G31140	0.0		0.11	0.017	0.649
vsOthers	6	0.302	0.769	0.743	0.376	AT2G02820	0.0	0.17	0.196	-0.026	0.649
vsOthers	6	0.302	0.769	-0.185	0.263	AT3G60490	0.0		0.129	-0.017	0.652
vsOthers	6	0.302	0.769	0.743	0.376	AT3G50260	0.0	0.182	0.209	-0.027	0.655
vsOthers	6	0.302	0.769	-0.992	0.412	AT2G22540	0.0	0.14	0.164	-0.023	0.656
vsOthers	6	0.302	0.769	-0.992	0.412	AT2G44840	-0.261	0.14	0.16	-0.02	0.657
vsOthers	6	0.302	0.769	-0.992	0.412	AT5G62320	0.0	0.05	0.061	-0.012	0.659
vsOthers	6	0.302	0.769	0.743	0.376	AT2G35530	0.0	0.193	0.218	-0.025	0.662
vsOthers	6	0.302	0.769	0.743	0.376	AT3G62420	0.0	0.193	0.218	-0.025	0.662
vsOthers	6	0.302	0.769	-0.992	0.412	AT4G25490	-0.011	0.182	0.164	0.018	0.667
vsOthers	6	0.302	0.769	-0.185	0.263	AT4G18770	0.0		0.144	-0.017	0.668
vsOthers	6	0.302	0.769	0.743	0.376	AT1G03840	0.0	0.068	0.089	-0.021	0.668
vsOthers	6	0.302	0.769	0.743	0.376	AT5G05790	0.0	0.068	0.089	-0.021	0.668
vsOthers	6	0.302	0.769	-0.185	0.263	AT3G60580	0.0		0.062	-0.013	0.669
vsOthers	6	0.302	0.769	-0.185	0.263	AT4G06746	0.0		0.062	-0.013	0.669
vsOthers	6	0.302	0.769	-0.185	0.263	AT2G42200	0.279		0.129	0.017	0.67
vsOthers	6	0.302	0.769	0.743	0.376	AT1G49560	0.0	0.102	0.083	0.019	0.67
vsOthers	6	0.302	0.769	0.743	0.376	AT3G21890	0.0	0.102	0.083	0.019	0.67
vsOthers	6	0.302	0.769	-0.992	0.412	AT1G51700	-0.137	0.058	0.075	-0.017	0.673
vsOthers	6	0.302	0.769	-0.185	0.263	AT5G13180	0.0		0.134	0.017	0.674
vsOthers	6	0.302	0.769	-0.992	0.412	AT4G31550	0.0	0.058	0.072	-0.014	0.674
vsOthers	6	0.302	0.769	0.743	0.376	AT1G68320	0.0	0.102	0.086	0.016	0.674
vsOthers	6	0.302	0.769	-0.992	0.412	AT1G51600	0.0	0.008	0.017	-0.009	0.676
vsOthers	6	0.302	0.769	-0.992	0.412	AT3G02150	0.0	0.008	0.017	-0.009	0.676
vsOthers	6	0.302	0.769	-0.992	0.412	AT3G47600	0.0	0.008	0.017	-0.009	0.676
vsOthers	6	0.302	0.769	-0.992	0.412	AT4G24470	0.0	0.008	0.017	-0.009	0.676
vsOthers	6	0.302	0.769	-0.185	0.263	AT4G00250	0.0		0.153	-0.017	0.677
vsOthers	6	0.302	0.769	-0.992	0.412	AT2G45650	0.0	0.025	0.014	0.011	0.679
vsOthers	6	0.302	0.769	-0.992	0.412	AT3G57600	0.0	0.025	0.014	0.011	0.679
vsOthers	6	0.302	0.769	-0.992	0.412	AT4G01720	0.0	0.025	0.014	0.011	0.679
vsOthers	6	0.302	0.769	-0.992	0.412	AT4G18450	0.0	0.025	0.014	0.011	0.679
vsOthers	6	0.302	0.769	-0.992	0.412	AT2G02820	0.0	0.207	0.184	0.022	0.68
vsOthers	6	0.302	0.769	-0.185	0.263	AT3G06490	0.0		0.067	-0.013	0.681
vsOthers	6	0.302	0.769	-0.185	0.263	AT5G04390	0.0		0.067	-0.013	0.681
vsOthers	6	0.302	0.769	-0.185	0.263	AT4G38000	0.384		0.144	0.017	0.682
vsOthers	6	0.302	0.769	-0.185	0.263	AT5G65310	0.0		0.144	0.017	0.682
vsOthers	6	0.302	0.769	-0.992	0.412	AT5G11260	-0.601	0.174	0.191	-0.018	0.682
vsOthers	6	0.302	0.769	-0.185	0.263	AT1G01250	0.0		0.01	0.005	0.683
vsOthers	6	0.302	0.769	-0.185	0.263	AT1G73730	0.0		0.01	0.005	0.683
vsOthers	6	0.302	0.769	-0.185	0.263	AT3G03660	0.0		0.01	0.005	0.683
vsOthers	6	0.302	0.769	-0.185	0.263	AT5G14960	0.0		0.01	0.005	0.683
vsOthers	6	0.302	0.769	-0.185	0.263	AT5G61270	0.0		0.01	0.005	0.683
vsOthers	6	0.302	0.769	-0.185	0.263	AT2G44840	-0.34		0.163	-0.016	0.685
vsOthers	6	0.302	0.769	-0.185	0.263	AT2G45680	0.0		0.019	-0.009	0.685
vsOthers	6	0.302	0.769	-0.185	0.263	AT4G38170	-0.421		0.163	-0.016	0.685
vsOthers	6	0.302	0.769	0.743	0.376	AT5G67580	0.0	0.08	0.098	-0.019	0.685
vsOthers	6	0.302	0.769	-0.992	0.412	AT2G36270	0.0	0.215	0.195	0.02	0.686
vsOthers	6	0.302	0.769	0.743	0.376	AT3G44480	0.0	0.114	0.095	0.019	0.687
vsOthers	6	0.302	0.769	0.743	0.376	AT5G18450	0.0	0.114	0.095	0.019	0.687
vsOthers	6	0.302	0.769	0.743	0.376	AT5G18560	0.0	0.114	0.095	0.019	0.687
vsOthers	6	0.302	0.769	-0.992	0.412	AT1G70920	0.0	0.091	0.075	0.016	0.69
vsOthers	6	0.302	0.769	0.743	0.376	AT1G13400	0.0	0.011	0.025	-0.013	0.691
vsOthers	6	0.302	0.769	0.743	0.376	AT1G23810	0.0	0.011	0.025	-0.013	0.691
vsOthers	6	0.302	0.769	0.743	0.376	AT2G42590	0.0	0.011	0.025	-0.013	0.691
vsOthers	6	0.302	0.769	0.743	0.376	AT3G01220	0.0	0.114	0.098	0.015	0.691
vsOthers	6	0.302	0.769	0.743	0.376	AT5G13910	0.0	0.011	0.025	-0.013	0.691
vsOthers	6	0.302	0.769	0.743	0.376	AT2G21900	0.0	0.011	0.021	-0.01	0.695
vsOthers	6	0.302	0.769	0.743	0.376	AT3G27010	0.0	0.011	0.021	-0.01	0.695
vsOthers	6	0.302	0.769	0.743	0.376	AT3G60530	0.0	0.011	0.021	-0.01	0.695
vsOthers	6	0.302	0.769	-0.992	0.412	AT2G26960	-0.377	0.091	0.078	0.012	0.696
vsOthers	6	0.302	0.769	-0.992	0.412	AT3G27010	0.0	0.025	0.017	0.008	0.697
vsOthers	6	0.302	0.769	-0.992	0.412	AT3G60530	0.0	0.025	0.017	0.008	0.697
vsOthers	6	0.302	0.769	-0.992	0.412	AT5G13080	0.469	0.24	0.218	0.021	0.698
vsOthers	6	0.302	0.769	0.743	0.376	AT1G69780	0.0	0.091	0.11	-0.02	0.699
vsOthers	6	0.302	0.769	0.743	0.376	AT2G42430	0.0	0.091	0.11	-0.02	0.699
vsOthers	6	0.302	0.769	0.743	0.376	AT1G69180	0.0	0.125	0.104	0.021	0.7
vsOthers	6	0.302	0.769	0.743	0.376	AT1G02230	0.0	0.091	0.107	-0.016	0.701
vsOthers	6	0.302	0.769	0.743	0.376	AT2G01940	0.0	0.091	0.107	-0.016	0.701
vsOthers	6	0.302	0.769	0.743	0.376	AT5G03790	0.0	0.125	0.107	0.018	0.702
vsOthers	6	0.302	0.769	0.743	0.376	AT2G24570	0.0	0.034	0.025	0.01	0.707
vsOthers	6	0.302	0.769	-0.185	0.263	AT1G19000	0.0		0.201	-0.016	0.71
vsOthers	6	0.302	0.769	-0.185	0.263	AT4G27950	0.0		0.081	-0.013	0.71
vsOthers	6	0.302	0.769	0.743	0.376	AT1G26960	0.0	0.102	0.123	-0.02	0.711
vsOthers	6	0.302	0.769	-0.185	0.263	AT2G36270	0.0		0.191	0.018	0.713
vsOthers	6	0.302	0.769	-0.185	0.263	AT5G09410	0.0		0.211	-0.015	0.715
vsOthers	6	0.302	0.769	0.743	0.376	AT1G69570	0.0	0.136	0.12	0.017	0.715
vsOthers	6	0.302	0.769	0.743	0.376	AT5G47370	0.0	0.136	0.12	0.017	0.715
vsOthers	6	0.302	0.769	-0.992	0.412	AT3G27785	0.0	0.107	0.096	0.012	0.719
vsOthers	6	0.302	0.769	-0.992	0.412	AT5G18450	0.0	0.107	0.096	0.012	0.719
vsOthers	6	0.302	0.769	-0.185	0.263	AT3G57600	0.0		0.014	0.005	0.722
vsOthers	6	0.302	0.769	-0.185	0.263	AT4G01720	0.0		0.014	0.005	0.722
vsOthers	6	0.302	0.769	-0.185	0.263	AT5G67300	0.0		0.014	0.005	0.722
vsOthers	6	0.302	0.769	0.743	0.376	AT1G64620	0.0	0.114	0.132	-0.018	0.722
vsOthers	6	0.302	0.769	0.743	0.376	AT5G54230	0.0	0.114	0.132	-0.018	0.722
vsOthers	6	0.302	0.769	-0.185	0.263	AT2G46680	0.0		0.077	0.011	0.723
vsOthers	6	0.302	0.769	-0.185	0.263	AT3G08500	0.0		0.077	0.011	0.723
vsOthers	6	0.302	0.769	0.743	0.376	AT4G36740	0.0	0.148	0.129	0.019	0.723
vsOthers	6	0.302	0.769	-0.185	0.263	AT1G03840	0.0		0.091	-0.013	0.725
vsOthers	6	0.302	0.769	0.743	0.376	AT5G56110	0.0	0.148	0.132	0.016	0.726
vsOthers	6	0.302	0.769	-0.992	0.412	AT2G28810	0.0	0.116	0.102	0.013	0.727
vsOthers	6	0.302	0.769	-0.992	0.412	AT2G42430	0.0	0.116	0.102	0.013	0.727
vsOthers	6	0.302	0.769	-0.992	0.412	AT5G62940	0.0	0.116	0.102	0.013	0.727
vsOthers	6	0.302	0.769	0.743	0.376	AT1G65910	0.0	0.125	0.144	-0.019	0.731
vsOthers	6	0.302	0.769	0.743	0.376	AT2G35700	0.0	0.159	0.138	0.021	0.731
vsOthers	6	0.302	0.769	0.743	0.376	AT1G28160	0.0	0.125	0.141	-0.016	0.733
vsOthers	6	0.302	0.769	0.743	0.376	AT2G46590	0.0	0.125	0.141	-0.016	0.733
vsOthers	6	0.302	0.769	-0.992	0.412	AT1G53230	0.0	0.017	0.024	-0.007	0.734
vsOthers	6	0.302	0.769	-0.992	0.412	AT1G72360	0.0	0.017	0.024	-0.007	0.734
vsOthers	6	0.302	0.769	-0.992	0.412	AT2G30340	0.0	0.124	0.109	0.015	0.734
vsOthers	6	0.302	0.769	-0.992	0.412	AT3G52440	0.0	0.124	0.109	0.015	0.734
vsOthers	6	0.302	0.769	-0.185	0.263	AT2G01818	0.0		0.086	0.011	0.735
vsOthers	6	0.302	0.769	-0.992	0.412	AT1G75080	0.0	0.033	0.024	0.009	0.737
vsOthers	6	0.302	0.769	-0.992	0.412	AT5G08130	0.0	0.033	0.024	0.009	0.737
vsOthers	6	0.302	0.769	0.743	0.376	AT4G38170	0.0	0.17	0.15	0.02	0.74
vsOthers	6	0.302	0.769	-0.992	0.412	AT5G66940	0.0	0.107	0.119	-0.012	0.741
vsOthers	6	0.302	0.769	-0.185	0.263	AT3G44480	-0.036		0.105	-0.013	0.743
vsOthers	6	0.302	0.769	0.743	0.376	AT1G19040	0.0	0.023	0.037	-0.014	0.743
vsOthers	6	0.302	0.769	0.743	0.376	AT3G24050	0.0	0.023	0.037	-0.014	0.743
vsOthers	6	0.302	0.769	0.743	0.376	AT4G18890	0.0	0.023	0.037	-0.014	0.743
vsOthers	6	0.302	0.769	0.743	0.376	AT5G25830	0.0	0.023	0.037	-0.014	0.743
vsOthers	6	0.302	0.769	-0.185	0.263	AT3G01220	0.0		0.096	0.012	0.746
vsOthers	6	0.302	0.769	-0.992	0.412	AT5G54230	0.0	0.116	0.133	-0.017	0.747
vsOthers	6	0.302	0.769	-0.185	0.263	AT1G45249	0.0		0.11	-0.012	0.748
vsOthers	6	0.302	0.769	-0.185	0.263	AT2G01940	0.0		0.11	-0.012	0.748
vsOthers	6	0.302	0.769	-0.185	0.263	AT2G44940	0.0		0.11	-0.012	0.748
vsOthers	6	0.302	0.769	0.743	0.376	AT5G67190	0.0	0.148	0.163	-0.015	0.748
vsOthers	6	0.302	0.769	-0.185	0.263	AT1G23810	0.0		0.019	0.005	0.749
vsOthers	6	0.302	0.769	-0.185	0.263	AT1G72360	0.0		0.019	0.005	0.749
vsOthers	6	0.302	0.769	-0.185	0.263	AT2G42590	0.0		0.019	0.005	0.749
vsOthers	6	0.302	0.769	0.743	0.376	AT3G04070	0.0	0.023	0.031	-0.008	0.75
vsOthers	6	0.302	0.769	0.743	0.376	AT5G10280	0.0	0.023	0.031	-0.008	0.75
vsOthers	6	0.302	0.769	-0.185	0.263	AT1G16490	-0.531		0.1	0.012	0.751
vsOthers	6	0.302	0.769	-0.185	0.263	AT1G69690	0.0		0.029	-0.009	0.751
vsOthers	6	0.302	0.769	-0.185	0.263	AT3G45150	0.0		0.029	-0.009	0.751
vsOthers	6	0.302	0.769	-0.992	0.412	AT1G79580	0.0	0.124	0.14	-0.016	0.753
vsOthers	6	0.302	0.769	-0.992	0.412	AT1G76890	-0.443	0.149	0.133	0.016	0.754
vsOthers	6	0.302	0.769	-0.992	0.412	AT2G42200	0.0	0.149	0.133	0.016	0.754
vsOthers	6	0.302	0.769	0.743	0.376	AT1G01720	0.0	0.193	0.175	0.018	0.754
vsOthers	6	0.302	0.769	-0.185	0.263	AT1G74480	0.0		0.105	0.012	0.756
vsOthers	6	0.302	0.769	-0.992	0.412	AT1G34190	0.0	0.149	0.137	0.012	0.757
vsOthers	6	0.302	0.769	-0.992	0.412	AT5G13180	0.0	0.132	0.147	-0.015	0.759
vsOthers	6	0.302	0.769	-0.185	0.263	AT1G14687	0.0		0.124	-0.012	0.762
vsOthers	6	0.302	0.769	-0.992	0.412	AT5G65310	0.195	0.14	0.157	-0.017	0.764
vsOthers	6	0.302	0.769	-0.992	0.412	AT4G25470	0.0	0.165	0.15	0.015	0.765
vsOthers	6	0.302	0.769	-0.992	0.412	AT1G66370	0.0	0.041	0.031	0.011	0.766
vsOthers	6	0.302	0.769	-0.992	0.412	AT3G23210	0.0	0.041	0.031	0.011	0.766
vsOthers	6	0.302	0.769	-0.185	0.263	AT1G65620	0.0		0.024	0.005	0.769
vsOthers	6	0.302	0.769	-0.185	0.263	AT5G39820	0.0		0.024	0.005	0.769
vsOthers	6	0.302	0.769	-0.185	0.263	AT1G14580	0.0		0.033	-0.009	0.771
vsOthers	6	0.302	0.769	-0.185	0.263	AT1G43700	0.0		0.033	-0.009	0.771
vsOthers	6	0.302	0.769	-0.185	0.263	AT2G02080	0.069		0.139	-0.012	0.773
vsOthers	6	0.302	0.769	-0.185	0.263	AT3G18990	0.0		0.139	-0.012	0.773
vsOthers	6	0.302	0.769	-0.185	0.263	AT4G36740	0.0		0.139	-0.012	0.773
vsOthers	6	0.302	0.769	0.743	0.376	AT1G68670	0.0	0.034	0.046	-0.012	0.775
vsOthers	6	0.302	0.769	0.743	0.376	AT5G02840	0.0	0.034	0.046	-0.012	0.775
vsOthers	6	0.302	0.769	-0.992	0.412	AT5G51990	0.0	0.19	0.174	0.016	0.778
vsOthers	6	0.302	0.769	0.743	0.376	AT3G26790	0.0	0.034	0.043	-0.009	0.778
vsOthers	6	0.302	0.769	-0.185	0.263	AT2G35700	0.0		0.148	-0.012	0.779
vsOthers	6	0.302	0.769	0.743	0.376	AT5G03150	0.0	0.057	0.046	0.011	0.779
vsOthers	6	0.302	0.769	-0.992	0.412	AT1G19210	0.0	0.19	0.177	0.013	0.78
vsOthers	6	0.302	0.769	-0.185	0.263	AT4G36780	-0.507		0.153	-0.012	0.782
vsOthers	6	0.302	0.769	-0.185	0.263	AT4G01280	0.0		0.144	0.013	0.783
vsOthers	6	0.302	0.769	-0.185	0.263	AT4G18890	0.0		0.038	-0.009	0.787
vsOthers	6	0.302	0.769	-0.992	0.412	AT3G01470	0.0	0.033	0.044	-0.011	0.787
vsOthers	6	0.302	0.769	-0.992	0.412	AT3G21175	0.0	0.033	0.044	-0.011	0.787
vsOthers	6	0.302	0.769	-0.185	0.263	AT1G69010	0.0		0.153	0.013	0.789
vsOthers	6	0.302	0.769	-0.185	0.263	AT5G67190	0.0		0.153	0.013	0.789
vsOthers	6	0.302	0.769	-0.992	0.412	AT3G56850	0.0	0.215	0.201	0.014	0.79
vsOthers	6	0.302	0.769	-0.992	0.412	AT2G23320	0.634	0.215	0.232	-0.017	0.797
vsOthers	6	0.302	0.769	0.743	0.376	AT5G65130	0.0	0.068	0.055	0.013	0.797
vsOthers	6	0.302	0.769	-0.185	0.263	AT1G28370	0.0		0.191	-0.011	0.802
vsOthers	6	0.302	0.769	-0.992	0.412	AT1G06180	0.0	0.041	0.051	-0.01	0.804
vsOthers	6	0.302	0.769	-0.185	0.263	AT3G01470	0.0		0.038	0.006	0.809
vsOthers	6	0.302	0.769	-0.185	0.263	AT3G21175	0.0		0.038	0.006	0.809
vsOthers	6	0.302	0.769	-0.185	0.263	AT3G30210	0.0		0.038	0.006	0.809
vsOthers	6	0.302	0.769	-0.185	0.263	AT3G56850	0.0		0.211	-0.011	0.809
vsOthers	6	0.302	0.769	-0.185	0.263	AT5G22500	0.207		0.038	0.006	0.809
vsOthers	6	0.302	0.769	-0.185	0.263	AT5G25190	0.0		0.206	0.014	0.81
vsOthers	6	0.302	0.769	-0.185	0.263	AT1G53170	0.459		0.215	0.014	0.813
vsOthers	6	0.302	0.769	0.743	0.376	AT3G26620	0.0	0.057	0.071	-0.014	0.813
vsOthers	6	0.302	0.769	0.743	0.376	AT1G25580	0.0	0.057	0.071	-0.014	0.813
vsOthers	6	0.302	0.769	0.743	0.376	AT1G72010	0.0	0.08	0.071	0.009	0.817
vsOthers	6	0.302	0.769	-0.992	0.412	AT3G60580	0.0	0.05	0.058	-0.008	0.818
vsOthers	6	0.302	0.769	-0.185	0.263	AT1G44830	0.0		0.053	-0.009	0.82
vsOthers	6	0.302	0.769	-0.185	0.263	AT5G62470	-0.283		0.053	-0.009	0.82
vsOthers	6	0.302	0.769	0.743	0.376	AT4G01680	0.0	0.068	0.08	-0.012	0.825
vsOthers	6	0.302	0.769	0.743	0.376	AT5G66300	0.0	0.068	0.08	-0.012	0.825
vsOthers	6	0.302	0.769	0.743	0.376	AT2G01060	0.0	0.068	0.077	-0.009	0.827
vsOthers	6	0.302	0.769	0.743	0.376	AT3G08500	0.0	0.091	0.08	0.011	0.827
vsOthers	6	0.302	0.769	-0.992	0.412	AT1G25340	0.0	0.058	0.065	-0.007	0.829
vsOthers	6	0.302	0.769	0.743	0.376	AT1G20910	0.0	0.091	0.083	0.008	0.829
vsOthers	6	0.302	0.769	-0.992	0.412	AT3G26620	0.0	0.074	0.065	0.01	0.83
vsOthers	6	0.302	0.769	-0.185	0.263	AT5G45300	0.0		0.062	-0.009	0.834
vsOthers	6	0.302	0.769	-0.185	0.263	AT5G65130	0.0		0.062	-0.009	0.834
vsOthers	6	0.302	0.769	-0.992	0.412	AT1G25550	0.0	0.066	0.075	-0.009	0.837
vsOthers	6	0.302	0.769	0.743	0.376	AT5G66730	0.0	0.102	0.092	0.01	0.837
vsOthers	6	0.302	0.769	-0.992	0.412	AT3G10580	0.0	0.083	0.072	0.011	0.838
vsOthers	6	0.302	0.769	-0.992	0.412	AT4G27950	0.0	0.083	0.072	0.011	0.838
vsOthers	6	0.302	0.769	0.743	0.376	AT1G45249	0.0	0.114	0.101	0.012	0.844
vsOthers	6	0.302	0.769	0.743	0.376	AT2G44940	0.0	0.114	0.101	0.012	0.844
vsOthers	6	0.302	0.769	-0.185	0.263	AT1G25580	0.0		0.072	-0.008	0.845
vsOthers	6	0.302	0.769	-0.992	0.412	AT5G08330	-0.452	0.074	0.085	-0.011	0.845
vsOthers	6	0.302	0.769	0.743	0.376	AT1G30490	0.0	0.091	0.098	-0.007	0.845
vsOthers	6	0.302	0.769	0.743	0.376	AT1G16490	0.0	0.114	0.104	0.009	0.846
vsOthers	6	0.302	0.769	0.743	0.376	AT5G62940	0.0	0.114	0.104	0.009	0.846
vsOthers	6	0.302	0.769	-0.185	0.263	AT1G72010	0.0		0.077	-0.008	0.85
vsOthers	6	0.302	0.769	0.743	0.376	AT3G11440	0.0	0.125	0.113	0.012	0.851
vsOthers	6	0.302	0.769	0.743	0.376	AT3G47500	0.0	0.102	0.11	-0.008	0.852
vsOthers	6	0.302	0.769	-0.992	0.412	AT2G03340	0.0	0.099	0.092	0.007	0.854
vsOthers	6	0.302	0.769	-0.992	0.412	AT5G67580	0.0	0.099	0.092	0.007	0.854
vsOthers	6	0.302	0.769	-0.992	0.412	AT2G03500	0.0	0.091	0.099	-0.008	0.857
vsOthers	6	0.302	0.769	-0.992	0.412	AT5G62000	0.0	0.091	0.099	-0.008	0.857
vsOthers	6	0.302	0.769	0.743	0.376	AT3G24120	0.0	0.114	0.123	-0.009	0.857
vsOthers	6	0.302	0.769	-0.185	0.263	AT5G08330	0.0		0.086	-0.008	0.858
vsOthers	6	0.302	0.769	0.743	0.376	AT3G18990	0.0	0.125	0.135	-0.01	0.862
vsOthers	6	0.302	0.769	-0.992	0.412	AT1G02230	0.0	0.099	0.106	-0.007	0.863
vsOthers	6	0.302	0.769	0.743	0.376	AT1G01060	0.0	0.148	0.138	0.01	0.863
vsOthers	6	0.302	0.769	-0.185	0.263	AT1G68320	0.0		0.086	0.007	0.864
vsOthers	6	0.302	0.769	-0.992	0.412	AT3G53200	0.0	0.116	0.109	0.006	0.864
vsOthers	6	0.302	0.769	-0.992	0.412	AT4G26640	0.032	0.124	0.113	0.011	0.866
vsOthers	6	0.302	0.769	-0.992	0.412	AT5G63260	0.0	0.124	0.113	0.011	0.866
vsOthers	6	0.302	0.769	-0.185	0.263	AT5G67580	0.049		0.091	0.007	0.867
vsOthers	6	0.302	0.769	0.743	0.376	AT4G38000	0.0	0.159	0.15	0.009	0.867
vsOthers	6	0.302	0.769	0.743	0.376	AT5G13180	0.0	0.136	0.144	-0.008	0.867
vsOthers	6	0.302	0.769	-0.185	0.263	AT4G29230	0.0		0.1	-0.008	0.868
vsOthers	6	0.302	0.769	-0.185	0.263	AT3G10113	0.0		0.096	0.007	0.87
vsOthers	6	0.302	0.769	-0.992	0.412	AT5G45580	0.0	0.116	0.126	-0.011	0.87
vsOthers	6	0.302	0.769	-0.992	0.412	AT5G60850	0.0	0.116	0.123	-0.007	0.87
vsOthers	6	0.302	0.769	0.743	0.376	AT2G22540	0.0	0.148	0.16	-0.012	0.87
vsOthers	6	0.302	0.769	0.743	0.376	AT5G18270	0.0	0.148	0.156	-0.009	0.871
vsOthers	6	0.302	0.769	0.743	0.376	AT5G23930	0.0	0.148	0.156	-0.009	0.871
vsOthers	6	0.302	0.769	-0.992	0.412	AT1G64620	0.0	0.132	0.126	0.006	0.872
vsOthers	6	0.302	0.769	-0.185	0.263	AT5G64060	-0.153		0.1	0.007	0.873
vsOthers	6	0.302	0.769	-0.992	0.412	AT2G22430	0.0	0.124	0.133	-0.009	0.873
vsOthers	6	0.302	0.769	-0.185	0.263	AT2G28810	0.0		0.11	-0.008	0.874
vsOthers	6	0.302	0.769	-0.992	0.412	AT1G34180	0.0	0.14	0.13	0.011	0.874
vsOthers	6	0.302	0.769	-0.992	0.412	AT2G02080	0.0	0.14	0.13	0.011	0.874
vsOthers	6	0.302	0.769	0.743	0.376	AT2G20110	0.0	0.159	0.169	-0.01	0.874
vsOthers	6	0.302	0.769	-0.185	0.263	AT1G69180	-0.477		0.105	0.007	0.875
vsOthers	6	0.302	0.769	-0.185	0.263	AT5G03790	0.0		0.115	-0.008	0.876
vsOthers	6	0.302	0.769	-0.185	0.263	AT3G52440	0.0		0.11	0.007	0.877
vsOthers	6	0.302	0.769	-0.992	0.412	AT4G14770	0.0	0.132	0.14	-0.008	0.877
vsOthers	6	0.302	0.769	-0.992	0.412	AT4G31060	0.0	0.149	0.14	0.009	0.877
vsOthers	6	0.302	0.769	-0.992	0.412	AT4G32730	0.131	0.149	0.14	0.009	0.877
vsOthers	6	0.302	0.769	-0.185	0.263	AT5G66940	0.0		0.12	-0.007	0.878
vsOthers	6	0.302	0.769	-0.185	0.263	AT2G01930	-0.042		0.115	0.007	0.88
vsOthers	6	0.302	0.769	-0.185	0.263	AT2G45410	0.0		0.115	0.007	0.88
vsOthers	6	0.302	0.769	-0.992	0.412	AT1G76420	0.0	0.157	0.15	0.007	0.881
vsOthers	6	0.302	0.769	-0.185	0.263	AT1G64620	0.0		0.124	0.007	0.883
vsOthers	6	0.302	0.769	-0.185	0.263	AT2G23290	0.0		0.129	-0.007	0.883
vsOthers	6	0.302	0.769	-0.185	0.263	AT5G52660	0.0		0.129	-0.007	0.883
vsOthers	6	0.302	0.769	-0.185	0.263	AT2G22430	0.0		0.134	-0.007	0.884
vsOthers	6	0.302	0.769	0.743	0.376	AT1G32150	0.0	0.205	0.218	-0.013	0.884
vsOthers	6	0.302	0.769	0.743	0.376	AT5G15830	0.0	0.205	0.215	-0.01	0.884
vsOthers	6	0.302	0.769	-0.992	0.412	AT2G24430	0.0	0.157	0.164	-0.007	0.885
vsOthers	6	0.302	0.769	-0.185	0.263	AT2G46590	0.0		0.134	0.007	0.887
vsOthers	6	0.302	0.769	-0.992	0.412	AT1G77200	0.0	0.165	0.174	-0.009	0.887
vsOthers	6	0.302	0.769	-0.992	0.412	AT5G22990	0.0	0.182	0.174	0.008	0.887
vsOthers	6	0.302	0.769	-0.185	0.263	AT2G23340	0.327		0.148	0.008	0.891
vsOthers	6	0.302	0.769	-0.992	0.412	AT5G41570	0.256	0.215	0.208	0.007	0.895
vsOthers	6	0.302	0.769	-0.185	0.263	AT4G34410	0.758		0.167	0.008	0.896
vsOthers	6	0.302	0.769	-0.185	0.263	AT3G20310	0.0		0.211	-0.006	0.904
vsOthers	6	0.302	0.769	-0.185	0.263	AT2G35530	0.0		0.215	-0.006	0.905
vsOthers	6	0.302	0.769	-0.185	0.263	AT1G06850	0.0		0.105	-0.003	1.0
vsOthers	6	0.302	0.769	-0.185	0.263	AT1G13400	0.0		0.024	-0.004	1.0
vsOthers	6	0.302	0.769	-0.185	0.263	AT1G18570	0.0		0.014	-0.005	1.0
vsOthers	6	0.302	0.769	-0.185	0.263	AT1G18960	0.0		0.005	-0.005	1.0
vsOthers	6	0.302	0.769	-0.185	0.263	AT1G20910	0.0		0.086	-0.003	1.0
vsOthers	6	0.302	0.769	-0.185	0.263	AT1G30210	0.0		0.0	0.0	1.0
vsOthers	6	0.302	0.769	-0.185	0.263	AT1G32240	0.0		0.019	0.0	1.0
vsOthers	6	0.302	0.769	-0.185	0.263	AT1G32510	0.0		0.005	-0.005	1.0
vsOthers	6	0.302	0.769	-0.185	0.263	AT1G46264	0.0		0.01	0.0	1.0
vsOthers	6	0.302	0.769	-0.185	0.263	AT1G49010	0.0		0.201	-0.001	1.0
vsOthers	6	0.302	0.769	-0.185	0.263	AT1G51220	0.0		0.067	0.001	1.0
vsOthers	6	0.302	0.769	-0.185	0.263	AT1G51700	-0.253		0.072	-0.003	1.0
vsOthers	6	0.302	0.769	-0.185	0.263	AT1G52880	-0.047		0.153	0.003	1.0
vsOthers	6	0.302	0.769	-0.185	0.263	AT1G60920	0.0		0.005	-0.005	1.0
vsOthers	6	0.302	0.769	-0.185	0.263	AT1G63040	0.0		0.0	0.0	1.0
vsOthers	6	0.302	0.769	-0.185	0.263	AT1G66420	0.0		0.0	0.0	1.0
vsOthers	6	0.302	0.769	-0.185	0.263	AT1G70910	0.0		0.0	0.0	1.0
vsOthers	6	0.302	0.769	-0.185	0.263	AT1G72740	0.073		0.105	-0.003	1.0
vsOthers	6	0.302	0.769	-0.185	0.263	AT1G75080	0.0		0.029	-0.004	1.0
vsOthers	6	0.302	0.769	-0.185	0.263	AT1G75490	0.0		0.077	0.001	1.0
vsOthers	6	0.302	0.769	-0.185	0.263	AT1G76420	0.0		0.153	-0.002	1.0
vsOthers	6	0.302	0.769	-0.185	0.263	AT1G76870	0.0		0.005	0.0	1.0
vsOthers	6	0.302	0.769	-0.185	0.263	AT1G77640	0.0		0.029	-0.004	1.0
vsOthers	6	0.302	0.769	-0.185	0.263	AT1G79180	0.0		0.043	-0.004	1.0
vsOthers	6	0.302	0.769	-0.185	0.263	AT2G02820	0.0		0.191	-0.001	1.0
vsOthers	6	0.302	0.769	-0.185	0.263	AT2G06200	0.0		0.048	0.001	1.0
vsOthers	6	0.302	0.769	-0.185	0.263	AT2G17410	0.0		0.014	-0.005	1.0
vsOthers	6	0.302	0.769	-0.185	0.263	AT2G17900	0.0		0.005	0.0	1.0
vsOthers	6	0.302	0.769	-0.185	0.263	AT2G18380	0.0		0.139	0.003	1.0
vsOthers	6	0.302	0.769	-0.185	0.263	AT2G31460	0.0		0.01	-0.005	1.0
vsOthers	6	0.302	0.769	-0.185	0.263	AT2G33710	0.041		0.158	-0.002	1.0
vsOthers	6	0.302	0.769	-0.185	0.263	AT2G38090	0.0		0.005	0.0	1.0
vsOthers	6	0.302	0.769	-0.185	0.263	AT2G38300	0.0		0.014	0.0	1.0
vsOthers	6	0.302	0.769	-0.185	0.263	AT2G41690	0.0		0.033	0.001	1.0
vsOthers	6	0.302	0.769	-0.185	0.263	AT2G42430	0.0		0.105	0.002	1.0
vsOthers	6	0.302	0.769	-0.185	0.263	AT2G45650	0.0		0.019	-0.005	1.0
vsOthers	6	0.302	0.769	-0.185	0.263	AT2G46400	0.0		0.005	0.0	1.0
vsOthers	6	0.302	0.769	-0.185	0.263	AT2G48100	0.0		0.0	0.0	1.0
vsOthers	6	0.302	0.769	-0.185	0.263	AT3G04070	0.0		0.029	0.001	1.0
vsOthers	6	0.302	0.769	-0.185	0.263	AT3G07220	0.0		0.01	-0.005	1.0
vsOthers	6	0.302	0.769	-0.185	0.263	AT3G09600	0.0		0.144	-0.002	1.0
vsOthers	6	0.302	0.769	-0.185	0.263	AT3G10800	0.0		0.096	-0.003	1.0
vsOthers	6	0.302	0.769	-0.185	0.263	AT3G22780	0.0		0.01	-0.005	1.0
vsOthers	6	0.302	0.769	-0.185	0.263	AT3G23220	0.0		0.048	-0.004	1.0
vsOthers	6	0.302	0.769	-0.185	0.263	AT3G24520	-0.003		0.196	-0.001	1.0
vsOthers	6	0.302	0.769	-0.185	0.263	AT3G25990	0.0		0.038	0.001	1.0
vsOthers	6	0.302	0.769	-0.185	0.263	AT3G26620	0.0		0.067	0.001	1.0
vsOthers	6	0.302	0.769	-0.185	0.263	AT3G27010	0.0		0.019	0.0	1.0
vsOthers	6	0.302	0.769	-0.185	0.263	AT3G46070	0.0		0.005	0.0	1.0
vsOthers	6	0.302	0.769	-0.185	0.263	AT3G46590	0.0		0.024	0.0	1.0
vsOthers	6	0.302	0.769	-0.185	0.263	AT3G47620	0.0		0.01	-0.005	1.0
vsOthers	6	0.302	0.769	-0.185	0.263	AT3G48160	0.0		0.01	0.0	1.0
vsOthers	6	0.302	0.769	-0.185	0.263	AT3G49930	0.0		0.0	0.0	1.0
vsOthers	6	0.302	0.769	-0.185	0.263	AT3G51080	0.0		0.005	0.0	1.0
vsOthers	6	0.302	0.769	-0.185	0.263	AT3G55370	0.0		0.144	-0.002	1.0
vsOthers	6	0.302	0.769	-0.185	0.263	AT3G60530	0.0		0.019	0.0	1.0
vsOthers	6	0.302	0.769	-0.185	0.263	AT4G12670	0.0		0.0	0.0	1.0
vsOthers	6	0.302	0.769	-0.185	0.263	AT4G14410	0.0		0.0	0.0	1.0
vsOthers	6	0.302	0.769	-0.185	0.263	AT4G17460	0.0		0.01	-0.005	1.0
vsOthers	6	0.302	0.769	-0.185	0.263	AT4G24470	0.0		0.014	0.0	1.0
vsOthers	6	0.302	0.769	-0.185	0.263	AT4G27900	0.0		0.005	-0.005	1.0
vsOthers	6	0.302	0.769	-0.185	0.263	AT4G28140	0.0		0.029	0.001	1.0
vsOthers	6	0.302	0.769	-0.185	0.263	AT4G30080	0.0		0.0	0.0	1.0
vsOthers	6	0.302	0.769	-0.185	0.263	AT4G37260	0.471		0.129	0.003	1.0
vsOthers	6	0.302	0.769	-0.185	0.263	AT4G37790	0.0		0.0	0.0	1.0
vsOthers	6	0.302	0.769	-0.185	0.263	AT4G38910	0.0		0.0	0.0	1.0
vsOthers	6	0.302	0.769	-0.185	0.263	AT5G06950	0.0		0.144	0.003	1.0
vsOthers	6	0.302	0.769	-0.185	0.263	AT5G06960	0.0		0.072	-0.003	1.0
vsOthers	6	0.302	0.769	-0.185	0.263	AT5G08130	-0.052		0.029	-0.004	1.0
vsOthers	6	0.302	0.769	-0.185	0.263	AT5G10510	0.0		0.01	-0.005	1.0
vsOthers	6	0.302	0.769	-0.185	0.263	AT5G13910	0.0		0.024	-0.004	1.0
vsOthers	6	0.302	0.769	-0.185	0.263	AT5G16600	0.0		0.0	0.0	1.0
vsOthers	6	0.302	0.769	-0.185	0.263	AT5G17300	0.0		0.153	-0.002	1.0
vsOthers	6	0.302	0.769	-0.185	0.263	AT5G18090	0.0		0.0	0.0	1.0
vsOthers	6	0.302	0.769	-0.185	0.263	AT5G25390	0.0		0.014	0.0	1.0
vsOthers	6	0.302	0.769	-0.185	0.263	AT5G38800	0.0		0.0	0.0	1.0
vsOthers	6	0.302	0.769	-0.185	0.263	AT5G38860	0.0		0.005	-0.005	1.0
vsOthers	6	0.302	0.769	-0.185	0.263	AT5G40330	0.0		0.005	0.0	1.0
vsOthers	6	0.302	0.769	-0.185	0.263	AT5G42520	0.0		0.0	0.0	1.0
vsOthers	6	0.302	0.769	-0.185	0.263	AT5G42820	0.0		0.005	0.0	1.0
vsOthers	6	0.302	0.769	-0.185	0.263	AT5G43840	0.117		0.057	0.001	1.0
vsOthers	6	0.302	0.769	-0.185	0.263	AT5G44160	0.0		0.019	0.0	1.0
vsOthers	6	0.302	0.769	-0.185	0.263	AT5G47220	0.0		0.067	0.001	1.0
vsOthers	6	0.302	0.769	-0.185	0.263	AT5G48670	0.0		0.0	0.0	1.0
vsOthers	6	0.302	0.769	-0.185	0.263	AT5G49300	0.0		0.005	0.0	1.0
vsOthers	6	0.302	0.769	-0.185	0.263	AT5G52170	0.0		0.01	-0.005	1.0
vsOthers	6	0.302	0.769	-0.185	0.263	AT5G56930	0.0		0.01	0.0	1.0
vsOthers	6	0.302	0.769	-0.185	0.263	AT5G58620	0.0		0.01	-0.005	1.0
vsOthers	6	0.302	0.769	-0.185	0.263	AT5G58850	-0.016		0.158	-0.002	1.0
vsOthers	6	0.302	0.769	-0.185	0.263	AT5G59990	0.0		0.019	-0.005	1.0
vsOthers	6	0.302	0.769	-0.185	0.263	AT5G60850	0.0		0.12	0.002	1.0
vsOthers	6	0.302	0.769	-0.185	0.263	AT5G62165	0.0		0.005	-0.005	1.0
vsOthers	6	0.302	0.769	-0.185	0.263	AT5G63090	0.0		0.053	-0.004	1.0
vsOthers	6	0.302	0.769	-0.185	0.263	AT5G67450	0.0		0.014	-0.005	1.0
vsOthers	6	0.302	0.769	-0.992	0.412	AT1G02250	0.0	0.091	0.092	-0.001	1.0
vsOthers	6	0.302	0.769	-0.992	0.412	AT1G08010	0.0	0.05	0.051	-0.002	1.0
vsOthers	6	0.302	0.769	-0.992	0.412	AT1G13260	0.0	0.033	0.031	0.002	1.0
vsOthers	6	0.302	0.769	-0.992	0.412	AT1G13300	0.0	0.025	0.02	0.004	1.0
vsOthers	6	0.302	0.769	-0.992	0.412	AT1G14580	0.0	0.033	0.027	0.006	1.0
vsOthers	6	0.302	0.769	-0.992	0.412	AT1G17950	0.0	0.0	0.003	-0.003	1.0
vsOthers	6	0.302	0.769	-0.992	0.412	AT1G18960	0.0	0.0	0.003	-0.003	1.0
vsOthers	6	0.302	0.769	-0.992	0.412	AT1G19790	0.0	0.05	0.051	-0.002	1.0
vsOthers	6	0.302	0.769	-0.992	0.412	AT1G20910	0.0	0.083	0.085	-0.003	1.0
vsOthers	6	0.302	0.769	-0.992	0.412	AT1G23810	0.0	0.025	0.02	0.004	1.0
vsOthers	6	0.302	0.769	-0.992	0.412	AT1G24250	0.0	0.05	0.051	-0.002	1.0
vsOthers	6	0.302	0.769	-0.992	0.412	AT1G30210	0.0	0.0	0.0	0.0	1.0
vsOthers	6	0.302	0.769	-0.992	0.412	AT1G32240	0.0	0.017	0.02	-0.004	1.0
vsOthers	6	0.302	0.769	-0.992	0.412	AT1G32510	0.0	0.0	0.003	-0.003	1.0
vsOthers	6	0.302	0.769	-0.992	0.412	AT1G43700	0.0	0.033	0.027	0.006	1.0
vsOthers	6	0.302	0.769	-0.992	0.412	AT1G45249	0.0	0.107	0.102	0.005	1.0
vsOthers	6	0.302	0.769	-0.992	0.412	AT1G46264	0.0	0.008	0.01	-0.002	1.0
vsOthers	6	0.302	0.769	-0.992	0.412	AT1G47655	0.255	0.074	0.075	-0.001	1.0
vsOthers	6	0.302	0.769	-0.992	0.412	AT1G51220	0.0	0.066	0.068	-0.002	1.0
vsOthers	6	0.302	0.769	-0.992	0.412	AT1G60920	0.0	0.0	0.003	-0.003	1.0
vsOthers	6	0.302	0.769	-0.992	0.412	AT1G62300	0.045	0.174	0.177	-0.004	1.0
vsOthers	6	0.302	0.769	-0.992	0.412	AT1G63030	0.0	0.025	0.027	-0.003	1.0
vsOthers	6	0.302	0.769	-0.992	0.412	AT1G63040	0.0	0.0	0.0	0.0	1.0
vsOthers	6	0.302	0.769	-0.992	0.412	AT1G65620	0.0	0.025	0.027	-0.003	1.0
vsOthers	6	0.302	0.769	-0.992	0.412	AT1G66420	0.0	0.0	0.0	0.0	1.0
vsOthers	6	0.302	0.769	-0.992	0.412	AT1G67260	0.0	0.0	0.003	-0.003	1.0
vsOthers	6	0.302	0.769	-0.992	0.412	AT1G68670	0.0	0.041	0.044	-0.003	1.0
vsOthers	6	0.302	0.769	-0.992	0.412	AT1G70910	0.0	0.0	0.0	0.0	1.0
vsOthers	6	0.302	0.769	-0.992	0.412	AT1G72010	0.0	0.074	0.072	0.003	1.0
vsOthers	6	0.302	0.769	-0.992	0.412	AT1G72740	0.0	0.107	0.102	0.005	1.0
vsOthers	6	0.302	0.769	-0.992	0.412	AT1G75240	0.078	0.124	0.119	0.005	1.0
vsOthers	6	0.302	0.769	-0.992	0.412	AT1G76870	0.0	0.008	0.003	0.005	1.0
vsOthers	6	0.302	0.769	-0.992	0.412	AT1G79180	0.0	0.041	0.041	0.0	1.0
vsOthers	6	0.302	0.769	-0.992	0.412	AT2G01930	0.0	0.116	0.119	-0.004	1.0
vsOthers	6	0.302	0.769	-0.992	0.412	AT2G02540	0.154	0.14	0.143	-0.003	1.0
vsOthers	6	0.302	0.769	-0.992	0.412	AT2G17900	0.0	0.008	0.003	0.005	1.0
vsOthers	6	0.302	0.769	-0.992	0.412	AT2G17950	0.0	0.025	0.027	-0.003	1.0
vsOthers	6	0.302	0.769	-0.992	0.412	AT2G18060	0.561	0.149	0.15	-0.001	1.0
vsOthers	6	0.302	0.769	-0.992	0.412	AT2G18380	0.0	0.14	0.14	0.001	1.0
vsOthers	6	0.302	0.769	-0.992	0.412	AT2G21900	0.0	0.017	0.02	-0.004	1.0
vsOthers	6	0.302	0.769	-0.992	0.412	AT2G23340	0.0	0.149	0.154	-0.005	1.0
vsOthers	6	0.302	0.769	-0.992	0.412	AT2G35700	-0.184	0.14	0.143	-0.003	1.0
vsOthers	6	0.302	0.769	-0.992	0.412	AT2G38090	0.0	0.008	0.003	0.005	1.0
vsOthers	6	0.302	0.769	-0.992	0.412	AT2G38300	0.0	0.017	0.014	0.003	1.0
vsOthers	6	0.302	0.769	-0.992	0.412	AT2G38340	0.0	0.149	0.154	-0.005	1.0
vsOthers	6	0.302	0.769	-0.992	0.412	AT2G41690	0.0	0.033	0.034	-0.001	1.0
vsOthers	6	0.302	0.769	-0.992	0.412	AT2G42590	0.0	0.025	0.02	0.004	1.0
vsOthers	6	0.302	0.769	-0.992	0.412	AT2G44940	0.0	0.107	0.102	0.005	1.0
vsOthers	6	0.302	0.769	-0.992	0.412	AT2G46400	0.0	0.008	0.003	0.005	1.0
vsOthers	6	0.302	0.769	-0.992	0.412	AT2G46590	0.0	0.14	0.137	0.004	1.0
vsOthers	6	0.302	0.769	-0.992	0.412	AT2G48100	0.0	0.0	0.0	0.0	1.0
vsOthers	6	0.302	0.769	-0.992	0.412	AT3G03660	0.0	0.008	0.014	-0.005	1.0
vsOthers	6	0.302	0.769	-0.992	0.412	AT3G04070	0.0	0.033	0.027	0.006	1.0
vsOthers	6	0.302	0.769	-0.992	0.412	AT3G09230	0.0	0.0	0.003	-0.003	1.0
vsOthers	6	0.302	0.769	-0.992	0.412	AT3G12820	0.0	0.025	0.024	0.001	1.0
vsOthers	6	0.302	0.769	-0.992	0.412	AT3G13040	0.0	0.008	0.007	0.001	1.0
vsOthers	6	0.302	0.769	-0.992	0.412	AT3G20770	0.0	0.05	0.048	0.002	1.0
vsOthers	6	0.302	0.769	-0.992	0.412	AT3G23240	-0.278	0.099	0.099	0.0	1.0
vsOthers	6	0.302	0.769	-0.992	0.412	AT3G23250	0.0	0.008	0.01	-0.002	1.0
vsOthers	6	0.302	0.769	-0.992	0.412	AT3G24050	0.0	0.033	0.034	-0.001	1.0
vsOthers	6	0.302	0.769	-0.992	0.412	AT3G25990	0.0	0.041	0.038	0.004	1.0
vsOthers	6	0.302	0.769	-0.992	0.412	AT3G30530	0.0	0.008	0.01	-0.002	1.0
vsOthers	6	0.302	0.769	-0.992	0.412	AT3G44480	-0.406	0.099	0.099	0.0	1.0
vsOthers	6	0.302	0.769	-0.992	0.412	AT3G47620	0.0	0.008	0.007	0.001	1.0
vsOthers	6	0.302	0.769	-0.992	0.412	AT3G49930	0.0	0.0	0.0	0.0	1.0
vsOthers	6	0.302	0.769	-0.992	0.412	AT3G51470	0.0	0.008	0.007	0.001	1.0
vsOthers	6	0.302	0.769	-0.992	0.412	AT3G61120	0.0	0.0	0.003	-0.003	1.0
vsOthers	6	0.302	0.769	-0.992	0.412	AT3G61250	0.0	0.017	0.014	0.003	1.0
vsOthers	6	0.302	0.769	-0.992	0.412	AT4G01500	0.0	0.025	0.024	0.001	1.0
vsOthers	6	0.302	0.769	-0.992	0.412	AT4G04450	0.0	0.033	0.031	0.002	1.0
vsOthers	6	0.302	0.769	-0.992	0.412	AT4G06746	0.0	0.058	0.055	0.003	1.0
vsOthers	6	0.302	0.769	-0.992	0.412	AT4G12670	0.0	0.0	0.0	0.0	1.0
vsOthers	6	0.302	0.769	-0.992	0.412	AT4G14410	0.0	0.0	0.0	0.0	1.0
vsOthers	6	0.302	0.769	-0.992	0.412	AT4G27900	0.0	0.0	0.003	-0.003	1.0
vsOthers	6	0.302	0.769	-0.992	0.412	AT4G30080	0.0	0.0	0.0	0.0	1.0
vsOthers	6	0.302	0.769	-0.992	0.412	AT4G32800	0.0	0.058	0.058	-0.0	1.0
vsOthers	6	0.302	0.769	-0.992	0.412	AT4G36160	0.0	0.215	0.215	-0.0	1.0
vsOthers	6	0.302	0.769	-0.992	0.412	AT4G36620	0.0	0.008	0.007	0.001	1.0
vsOthers	6	0.302	0.769	-0.992	0.412	AT4G36740	0.239	0.132	0.133	-0.001	1.0
vsOthers	6	0.302	0.769	-0.992	0.412	AT4G37790	0.0	0.0	0.0	0.0	1.0
vsOthers	6	0.302	0.769	-0.992	0.412	AT4G38170	0.0	0.157	0.154	0.003	1.0
vsOthers	6	0.302	0.769	-0.992	0.412	AT4G38910	0.0	0.0	0.0	0.0	1.0
vsOthers	6	0.302	0.769	-0.992	0.412	AT5G02840	0.0	0.041	0.044	-0.003	1.0
vsOthers	6	0.302	0.769	-0.992	0.412	AT5G03790	0.0	0.107	0.113	-0.005	1.0
vsOthers	6	0.302	0.769	-0.992	0.412	AT5G04390	0.0	0.058	0.061	-0.004	1.0
vsOthers	6	0.302	0.769	-0.992	0.412	AT5G07680	0.0	0.033	0.034	-0.001	1.0
vsOthers	6	0.302	0.769	-0.992	0.412	AT5G08070	0.0	0.008	0.007	0.001	1.0
vsOthers	6	0.302	0.769	-0.992	0.412	AT5G08750	0.0	0.041	0.044	-0.003	1.0
vsOthers	6	0.302	0.769	-0.992	0.412	AT5G10510	0.0	0.008	0.007	0.001	1.0
vsOthers	6	0.302	0.769	-0.992	0.412	AT5G14340	0.0	0.0	0.003	-0.003	1.0
vsOthers	6	0.302	0.769	-0.992	0.412	AT5G16600	0.0	0.0	0.0	0.0	1.0
vsOthers	6	0.302	0.769	-0.992	0.412	AT5G18090	0.0	0.0	0.0	0.0	1.0
vsOthers	6	0.302	0.769	-0.992	0.412	AT5G22890	0.0	0.008	0.003	0.005	1.0
vsOthers	6	0.302	0.769	-0.992	0.412	AT5G25390	0.0	0.017	0.014	0.003	1.0
vsOthers	6	0.302	0.769	-0.992	0.412	AT5G25475	0.0	0.008	0.003	0.005	1.0
vsOthers	6	0.302	0.769	-0.992	0.412	AT5G25830	0.0	0.033	0.034	-0.001	1.0
vsOthers	6	0.302	0.769	-0.992	0.412	AT5G38800	0.0	0.0	0.0	0.0	1.0
vsOthers	6	0.302	0.769	-0.992	0.412	AT5G42520	0.0	0.0	0.0	0.0	1.0
vsOthers	6	0.302	0.769	-0.992	0.412	AT5G47230	0.0	0.033	0.038	-0.004	1.0
vsOthers	6	0.302	0.769	-0.992	0.412	AT5G48670	0.0	0.0	0.0	0.0	1.0
vsOthers	6	0.302	0.769	-0.992	0.412	AT5G49300	0.0	0.008	0.003	0.005	1.0
vsOthers	6	0.302	0.769	-0.992	0.412	AT5G52170	0.0	0.008	0.007	0.001	1.0
vsOthers	6	0.302	0.769	-0.992	0.412	AT5G52830	0.0	0.207	0.208	-0.002	1.0
vsOthers	6	0.302	0.769	-0.992	0.412	AT5G56930	0.0	0.008	0.01	-0.002	1.0
vsOthers	6	0.302	0.769	-0.992	0.412	AT5G58620	0.0	0.008	0.007	0.001	1.0
vsOthers	6	0.302	0.769	-0.992	0.412	AT5G65130	-0.781	0.058	0.058	-0.0	1.0
vsOthers	6	0.302	0.769	-0.992	0.412	AT5G65510	0.0	0.05	0.048	0.002	1.0
vsOthers	6	0.302	0.769	-0.992	0.412	AT5G67000	0.0	0.017	0.014	0.003	1.0
vsOthers	6	0.302	0.769	-0.992	0.412	AT5G67190	-0.376	0.157	0.16	-0.003	1.0
vsOthers	6	0.302	0.769	0.743	0.376	AT1G14580	0.0	0.034	0.028	0.006	1.0
vsOthers	6	0.302	0.769	0.743	0.376	AT1G17950	0.0	0.0	0.003	-0.003	1.0
vsOthers	6	0.302	0.769	0.743	0.376	AT1G18330	0.0	0.125	0.12	0.005	1.0
vsOthers	6	0.302	0.769	0.743	0.376	AT1G18570	0.0	0.011	0.012	-0.001	1.0
vsOthers	6	0.302	0.769	0.743	0.376	AT1G20980	0.0	0.068	0.067	0.001	1.0
vsOthers	6	0.302	0.769	0.743	0.376	AT1G22070	0.0	0.011	0.015	-0.004	1.0
vsOthers	6	0.302	0.769	0.743	0.376	AT1G22810	0.0	0.114	0.12	-0.006	1.0
vsOthers	6	0.302	0.769	0.743	0.376	AT1G27730	0.0	0.057	0.052	0.005	1.0
vsOthers	6	0.302	0.769	0.743	0.376	AT1G30210	0.0	0.0	0.0	0.0	1.0
vsOthers	6	0.302	0.769	0.743	0.376	AT1G32240	0.0	0.023	0.018	0.004	1.0
vsOthers	6	0.302	0.769	0.743	0.376	AT1G32870	0.0	0.125	0.129	-0.004	1.0
vsOthers	6	0.302	0.769	0.743	0.376	AT1G43700	0.0	0.034	0.028	0.006	1.0
vsOthers	6	0.302	0.769	0.743	0.376	AT1G46264	0.0	0.011	0.009	0.002	1.0
vsOthers	6	0.302	0.769	0.743	0.376	AT1G47870	0.0	0.0	0.006	-0.006	1.0
vsOthers	6	0.302	0.769	0.743	0.376	AT1G51220	0.0	0.068	0.067	0.001	1.0
vsOthers	6	0.302	0.769	0.743	0.376	AT1G51600	0.0	0.011	0.015	-0.004	1.0
vsOthers	6	0.302	0.769	0.743	0.376	AT1G52150	0.0	0.08	0.086	-0.006	1.0
vsOthers	6	0.302	0.769	0.743	0.376	AT1G63040	0.0	0.0	0.0	0.0	1.0
vsOthers	6	0.302	0.769	0.743	0.376	AT1G65620	0.0	0.023	0.028	-0.005	1.0
vsOthers	6	0.302	0.769	0.743	0.376	AT1G66420	0.0	0.0	0.0	0.0	1.0
vsOthers	6	0.302	0.769	0.743	0.376	AT1G67260	0.0	0.0	0.003	-0.003	1.0
vsOthers	6	0.302	0.769	0.743	0.376	AT1G69560	0.0	0.023	0.025	-0.002	1.0
vsOthers	6	0.302	0.769	0.743	0.376	AT1G69690	0.0	0.023	0.025	-0.002	1.0
vsOthers	6	0.302	0.769	0.743	0.376	AT1G70910	0.0	0.0	0.0	0.0	1.0
vsOthers	6	0.302	0.769	0.743	0.376	AT1G72360	0.0	0.023	0.021	0.001	1.0
vsOthers	6	0.302	0.769	0.743	0.376	AT1G72740	0.0	0.102	0.104	-0.002	1.0
vsOthers	6	0.302	0.769	0.743	0.376	AT1G74370	0.0	0.0	0.006	-0.006	1.0
vsOthers	6	0.302	0.769	0.743	0.376	AT1G75080	0.0	0.023	0.028	-0.005	1.0
vsOthers	6	0.302	0.769	0.743	0.376	AT1G76420	0.0	0.148	0.153	-0.006	1.0
vsOthers	6	0.302	0.769	0.743	0.376	AT1G76870	0.0	0.0	0.006	-0.006	1.0
vsOthers	6	0.302	0.769	0.743	0.376	AT1G76880	0.0	0.011	0.009	0.002	1.0
vsOthers	6	0.302	0.769	0.743	0.376	AT1G79180	0.0	0.045	0.04	0.006	1.0
vsOthers	6	0.302	0.769	0.743	0.376	AT2G01930	0.0	0.114	0.12	-0.006	1.0
vsOthers	6	0.302	0.769	0.743	0.376	AT2G02070	0.0	0.102	0.095	0.007	1.0
vsOthers	6	0.302	0.769	0.743	0.376	AT2G02080	0.0	0.136	0.132	0.004	1.0
vsOthers	6	0.302	0.769	0.743	0.376	AT2G17410	0.0	0.011	0.012	-0.001	1.0
vsOthers	6	0.302	0.769	0.743	0.376	AT2G17900	0.0	0.0	0.006	-0.006	1.0
vsOthers	6	0.302	0.769	0.743	0.376	AT2G18380	0.0	0.136	0.141	-0.005	1.0
vsOthers	6	0.302	0.769	0.743	0.376	AT2G23340	0.0	0.148	0.153	-0.006	1.0
vsOthers	6	0.302	0.769	0.743	0.376	AT2G28810	0.0	0.102	0.107	-0.005	1.0
vsOthers	6	0.302	0.769	0.743	0.376	AT2G33810	0.0	0.023	0.028	-0.005	1.0
vsOthers	6	0.302	0.769	0.743	0.376	AT2G38090	0.0	0.0	0.006	-0.006	1.0
vsOthers	6	0.302	0.769	0.743	0.376	AT2G38300	0.0	0.011	0.015	-0.004	1.0
vsOthers	6	0.302	0.769	0.743	0.376	AT2G38880	0.0	0.011	0.006	0.005	1.0
vsOthers	6	0.302	0.769	0.743	0.376	AT2G39900	0.0	0.0	0.006	-0.006	1.0
vsOthers	6	0.302	0.769	0.743	0.376	AT2G40260	0.0	0.114	0.12	-0.006	1.0
vsOthers	6	0.302	0.769	0.743	0.376	AT2G41690	0.0	0.034	0.034	0.0	1.0
vsOthers	6	0.302	0.769	0.743	0.376	AT2G45650	0.0	0.011	0.018	-0.007	1.0
vsOthers	6	0.302	0.769	0.743	0.376	AT2G45680	0.0	0.011	0.015	-0.004	1.0
vsOthers	6	0.302	0.769	0.743	0.376	AT2G46400	0.0	0.0	0.006	-0.006	1.0
vsOthers	6	0.302	0.769	0.743	0.376	AT2G48100	0.0	0.0	0.0	0.0	1.0
vsOthers	6	0.302	0.769	0.743	0.376	AT3G01470	0.0	0.045	0.04	0.006	1.0
vsOthers	6	0.302	0.769	0.743	0.376	AT3G02990	0.0	0.045	0.049	-0.004	1.0
vsOthers	6	0.302	0.769	0.743	0.376	AT3G03660	0.0	0.011	0.012	-0.001	1.0
vsOthers	6	0.302	0.769	0.743	0.376	AT3G06740	0.0	0.068	0.071	-0.002	1.0
vsOthers	6	0.302	0.769	0.743	0.376	AT3G09230	0.0	0.0	0.003	-0.003	1.0
vsOthers	6	0.302	0.769	0.743	0.376	AT3G11020	0.0	0.08	0.086	-0.006	1.0
vsOthers	6	0.302	0.769	0.743	0.376	AT3G12720	0.0	0.102	0.101	0.001	1.0
vsOthers	6	0.302	0.769	0.743	0.376	AT3G12910	0.0	0.0	0.006	-0.006	1.0
vsOthers	6	0.302	0.769	0.743	0.376	AT3G13810	0.0	0.102	0.101	0.001	1.0
vsOthers	6	0.302	0.769	0.743	0.376	AT3G18400	0.0	0.17	0.175	-0.004	1.0
vsOthers	6	0.302	0.769	0.743	0.376	AT3G20840	0.0	0.011	0.009	0.002	1.0
vsOthers	6	0.302	0.769	0.743	0.376	AT3G21175	0.0	0.045	0.04	0.006	1.0
vsOthers	6	0.302	0.769	0.743	0.376	AT3G25990	0.0	0.034	0.04	-0.006	1.0
vsOthers	6	0.302	0.769	0.743	0.376	AT3G45150	0.0	0.023	0.025	-0.002	1.0
vsOthers	6	0.302	0.769	0.743	0.376	AT3G47600	0.0	0.011	0.015	-0.004	1.0
vsOthers	6	0.302	0.769	0.743	0.376	AT3G47620	0.0	0.011	0.006	0.005	1.0
vsOthers	6	0.302	0.769	0.743	0.376	AT3G49930	0.0	0.0	0.0	0.0	1.0
vsOthers	6	0.302	0.769	0.743	0.376	AT3G50700	0.0	0.057	0.052	0.005	1.0
vsOthers	6	0.302	0.769	0.743	0.376	AT3G56850	0.0	0.205	0.206	-0.001	1.0
vsOthers	6	0.302	0.769	0.743	0.376	AT3G57230	0.0	0.011	0.009	0.002	1.0
vsOthers	6	0.302	0.769	0.743	0.376	AT3G58630	0.0	0.045	0.049	-0.004	1.0
vsOthers	6	0.302	0.769	0.743	0.376	AT3G61120	0.0	0.0	0.003	-0.003	1.0
vsOthers	6	0.302	0.769	0.743	0.376	AT3G61150	0.0	0.091	0.089	0.002	1.0
vsOthers	6	0.302	0.769	0.743	0.376	AT4G12670	0.0	0.0	0.0	0.0	1.0
vsOthers	6	0.302	0.769	0.743	0.376	AT4G14410	0.0	0.0	0.0	0.0	1.0
vsOthers	6	0.302	0.769	0.743	0.376	AT4G24020	0.0	0.0	0.006	-0.006	1.0
vsOthers	6	0.302	0.769	0.743	0.376	AT4G26030	0.0	0.068	0.074	-0.005	1.0
vsOthers	6	0.302	0.769	0.743	0.376	AT4G27950	0.0	0.08	0.074	0.006	1.0
vsOthers	6	0.302	0.769	0.743	0.376	AT4G28110	0.0	0.0	0.006	-0.006	1.0
vsOthers	6	0.302	0.769	0.743	0.376	AT4G30080	0.0	0.0	0.0	0.0	1.0
vsOthers	6	0.302	0.769	0.743	0.376	AT4G37790	0.0	0.0	0.0	0.0	1.0
vsOthers	6	0.302	0.769	0.743	0.376	AT4G38620	0.0	0.011	0.012	-0.001	1.0
vsOthers	6	0.302	0.769	0.743	0.376	AT4G38910	0.0	0.0	0.0	0.0	1.0
vsOthers	6	0.302	0.769	0.743	0.376	AT5G02460	0.0	0.125	0.129	-0.004	1.0
vsOthers	6	0.302	0.769	0.743	0.376	AT5G08130	0.0	0.023	0.028	-0.005	1.0
vsOthers	6	0.302	0.769	0.743	0.376	AT5G10140	0.0	0.0	0.006	-0.006	1.0
vsOthers	6	0.302	0.769	0.743	0.376	AT5G10510	0.0	0.011	0.006	0.005	1.0
vsOthers	6	0.302	0.769	0.743	0.376	AT5G14340	0.0	0.0	0.003	-0.003	1.0
vsOthers	6	0.302	0.769	0.743	0.376	AT5G16600	0.0	0.0	0.0	0.0	1.0
vsOthers	6	0.302	0.769	0.743	0.376	AT5G17800	0.0	0.102	0.104	-0.002	1.0
vsOthers	6	0.302	0.769	0.743	0.376	AT5G18090	0.0	0.0	0.0	0.0	1.0
vsOthers	6	0.302	0.769	0.743	0.376	AT5G25390	0.0	0.011	0.015	-0.004	1.0
vsOthers	6	0.302	0.769	0.743	0.376	AT5G38800	0.0	0.0	0.0	0.0	1.0
vsOthers	6	0.302	0.769	0.743	0.376	AT5G38860	0.0	0.0	0.003	-0.003	1.0
vsOthers	6	0.302	0.769	0.743	0.376	AT5G39610	0.0	0.148	0.144	0.004	1.0
vsOthers	6	0.302	0.769	0.743	0.376	AT5G42520	0.0	0.0	0.0	0.0	1.0
vsOthers	6	0.302	0.769	0.743	0.376	AT5G48670	0.0	0.0	0.0	0.0	1.0
vsOthers	6	0.302	0.769	0.743	0.376	AT5G49300	0.0	0.0	0.006	-0.006	1.0
vsOthers	6	0.302	0.769	0.743	0.376	AT5G50570	0.0	0.034	0.04	-0.006	1.0
vsOthers	6	0.302	0.769	0.743	0.376	AT5G52170	0.0	0.011	0.006	0.005	1.0
vsOthers	6	0.302	0.769	0.743	0.376	AT5G56930	0.0	0.011	0.009	0.002	1.0
vsOthers	6	0.302	0.769	0.743	0.376	AT5G58620	0.0	0.011	0.006	0.005	1.0
vsOthers	6	0.302	0.769	0.743	0.376	AT5G60850	0.0	0.125	0.12	0.005	1.0
vsOthers	6	0.302	0.769	0.743	0.376	AT5G61600	0.0	0.045	0.046	-0.001	1.0
vsOthers	6	0.302	0.769	0.743	0.376	AT5G62165	0.0	0.0	0.003	-0.003	1.0
vsOthers	6	0.302	0.769	0.743	0.376	AT5G62380	0.0	0.125	0.132	-0.007	1.0
vsOthers	6	0.302	0.769	0.743	0.376	AT5G62470	0.0	0.045	0.049	-0.004	1.0
vsOthers	6	0.302	0.769	0.743	0.376	AT5G65310	0.0	0.148	0.153	-0.006	1.0
vsOthers	6	0.302	0.769	0.743	0.376	AT5G67450	0.0	0.011	0.012	-0.001	1.0
