kind	split	from_time	from_value	to_time	to_value	TF	coeff	avg_branch	avg_other	diff	score
2way	2	0.126	0.919			AT3G11280	1.274	0.13	0.04	-0.091	0.000643
2way	2	0.126	0.919			AT2G01930	-2.022	0.029	0.121	0.092	0.00658
2way	2	0.126	0.919			AT2G45680	2.062	0.047	0.005	-0.042	0.01
2way	2	0.126	0.919			AT5G39610	0.988	0.12	0.06	-0.06	0.038
2way	2	0.126	0.919			AT3G27010	-0.0	0.033	0.002	-0.031	0.078
2way	2	0.126	0.919			AT4G38170	-0.0	0.052	0.112	0.06	0.096
2way	2	0.126	0.919			AT2G44940	-0.0	0.152	0.1	-0.053	0.099
2way	2	0.126	0.919			AT5G08330	-0.0	0.049	0.013	-0.036	0.099
2way	2	0.126	0.919			AT1G72010	-0.0	0.044	0.011	-0.033	0.122
2way	2	0.126	0.919			AT5G58900	-0.0	0.181	0.129	-0.052	0.131
2way	2	0.126	0.919			AT1G69690	-0.0	0.028	0.003	-0.025	0.142
2way	2	0.126	0.919			AT4G27900	-0.0	0.004	0.02	0.016	0.167
2way	2	0.126	0.919			AT2G28920	1.491	0.046	0.016	-0.031	0.175
2way	2	0.126	0.919			AT3G21175	-0.986	0.012	0.04	0.028	0.194
2way	2	0.126	0.919			AT4G01500	-0.301	0.006	0.028	0.023	0.211
2way	2	0.126	0.919			AT1G49010	0.184	0.236	0.184	-0.051	0.213
2way	2	0.126	0.919			AT3G13350	-0.819	0.003	0.021	0.018	0.216
2way	2	0.126	0.919			AT3G60530	-0.0	0.008	0.029	0.021	0.235
2way	2	0.126	0.919			AT1G75390	-0.35	0.023	0.048	0.025	0.247
2way	2	0.126	0.919			AT3G30530	-0.0	0.001	0.014	0.013	0.247
2way	2	0.126	0.919			AT4G38620	0.883	0.022	0.005	-0.017	0.247
2way	2	0.126	0.919			AT5G43840	-0.0	0.011	0.001	-0.01	0.247
2way	2	0.126	0.919			AT5G67450	0.241	0.018	0.005	-0.013	0.25
2way	2	0.126	0.919			AT4G24240	-0.0	0.007	0.0	-0.007	0.267
2way	2	0.126	0.919			AT3G61150	1.155	0.049	0.017	-0.031	0.277
2way	2	0.126	0.919			AT4G31800	0.552	0.116	0.085	-0.031	0.288
2way	2	0.126	0.919			AT2G04038	-1.24	0.089	0.127	0.037	0.296
2way	2	0.126	0.919			AT2G45410	-0.991	0.029	0.058	0.029	0.298
2way	2	0.126	0.919			AT5G25830	-0.205	0.065	0.095	0.029	0.298
2way	2	0.126	0.919			AT3G02990	-0.0	0.016	0.002	-0.014	0.314
2way	2	0.126	0.919			AT1G23810	-0.0	0.01	0.0	-0.01	0.315
2way	2	0.126	0.919			AT3G09230	-0.0	0.01	0.0	-0.01	0.315
2way	2	0.126	0.919			AT5G56930	-0.0	0.0	0.011	0.011	0.315
2way	2	0.126	0.919			AT5G67190	0.236	0.174	0.139	-0.035	0.315
2way	2	0.126	0.919			AT1G25580	-1.384	0.014	0.036	0.022	0.32
2way	2	0.126	0.919			AT1G51220	0.787	0.038	0.012	-0.026	0.323
2way	2	0.126	0.919			AT2G40740	-0.0	0.024	0.048	0.025	0.327
2way	2	0.126	0.919			AT2G02820	-0.749	0.065	0.103	0.037	0.33
2way	2	0.126	0.919			AT2G15660	-0.0	0.013	0.001	-0.012	0.334
2way	2	0.126	0.919			AT1G62300	-1.934	0.017	0.041	0.025	0.336
2way	2	0.126	0.919			AT2G38340	0.488	0.073	0.042	-0.03	0.342
2way	2	0.126	0.919			AT4G25480	0.192	0.092	0.059	-0.033	0.355
2way	2	0.126	0.919			AT1G74480	0.566	0.052	0.026	-0.027	0.357
2way	2	0.126	0.919			AT3G26620	-0.0	0.041	0.019	-0.022	0.362
2way	2	0.126	0.919			AT4G32730	-0.797	0.073	0.108	0.034	0.364
2way	2	0.126	0.919			AT5G15830	-0.0	0.098	0.129	0.031	0.364
2way	2	0.126	0.919			AT3G45150	-0.0	0.016	0.002	-0.014	0.37
2way	2	0.126	0.919			AT1G01250	-0.0	0.018	0.006	-0.012	0.375
2way	2	0.126	0.919			AT5G65210	-0.0	0.062	0.09	0.028	0.375
2way	2	0.126	0.919			AT3G62420	-0.0	0.099	0.133	0.035	0.379
2way	2	0.126	0.919			AT3G24520	0.038	0.134	0.104	-0.03	0.395
2way	2	0.126	0.919			AT4G38000	0.945	0.063	0.04	-0.023	0.395
2way	2	0.126	0.919			AT3G11440	-0.0	0.05	0.077	0.026	0.4
2way	2	0.126	0.919			AT3G52440	1.347	0.062	0.036	-0.026	0.4
2way	2	0.126	0.919			AT5G10030	-0.0	0.075	0.105	0.031	0.403
2way	2	0.126	0.919			AT1G52150	-0.004	0.02	0.041	0.021	0.404
2way	2	0.126	0.919			AT3G26790	1.78	0.02	0.003	-0.017	0.405
2way	2	0.126	0.919			AT3G06740	-0.0	0.016	0.032	0.017	0.406
2way	2	0.126	0.919			AT1G65620	-0.0	0.008	0.002	-0.006	0.408
2way	2	0.126	0.919			AT3G11020	-0.0	0.043	0.021	-0.021	0.41
2way	2	0.126	0.919			AT5G59990	-0.0	0.006	0.018	0.012	0.413
2way	2	0.126	0.919			AT5G17300	-0.0	0.21	0.179	-0.031	0.417
2way	2	0.126	0.919			AT1G47655	0.53	0.047	0.023	-0.024	0.419
2way	2	0.126	0.919			AT2G18160	-0.0	0.091	0.119	0.028	0.425
2way	2	0.126	0.919			AT2G20110	-0.0	0.051	0.074	0.023	0.427
2way	2	0.126	0.919			AT1G08010	-0.0	0.032	0.054	0.022	0.428
2way	2	0.126	0.919			AT3G12820	-0.0	0.023	0.01	-0.013	0.431
2way	2	0.126	0.919			AT5G06950	-0.0	0.053	0.075	0.022	0.432
2way	2	0.126	0.919			AT2G31230	1.379	0.066	0.04	-0.026	0.433
2way	2	0.126	0.919			AT5G17800	-0.0	0.033	0.053	0.02	0.442
2way	2	0.126	0.919			AT2G35530	-0.0	0.1	0.133	0.033	0.447
2way	2	0.126	0.919			AT1G08320	-0.0	0.072	0.098	0.027	0.45
2way	2	0.126	0.919			AT4G25470	-0.0	0.079	0.056	-0.023	0.45
2way	2	0.126	0.919			AT1G69010	-0.216	0.051	0.076	0.025	0.454
2way	2	0.126	0.919			AT1G69490	-0.0	0.073	0.048	-0.025	0.455
2way	2	0.126	0.919			AT3G57920	-0.0	0.035	0.018	-0.017	0.46
2way	2	0.126	0.919			AT1G55110	-0.0	0.043	0.063	0.02	0.463
2way	2	0.126	0.919			AT3G01220	-0.379	0.035	0.056	0.021	0.463
2way	2	0.126	0.919			AT1G69780	-0.604	0.033	0.051	0.019	0.468
2way	2	0.126	0.919			AT2G47070	0.952	0.041	0.022	-0.019	0.473
2way	2	0.126	0.919			AT3G12250	-0.0	0.072	0.098	0.026	0.475
2way	2	0.126	0.919			AT1G53230	-0.0	0.011	0.003	-0.009	0.477
2way	2	0.126	0.919			AT2G24570	-0.0	0.013	0.004	-0.009	0.477
2way	2	0.126	0.919			AT1G13260	-0.002	0.033	0.05	0.017	0.478
2way	2	0.126	0.919			AT3G04070	-0.0	0.022	0.009	-0.013	0.478
2way	2	0.126	0.919			AT3G30210	-0.0	0.021	0.009	-0.013	0.478
2way	2	0.126	0.919			AT1G19000	-1.969	0.086	0.111	0.025	0.484
2way	2	0.126	0.919			AT5G18270	0.0	0.056	0.037	-0.019	0.491
2way	2	0.126	0.919			AT1G71696	-0.462	0.041	0.06	0.019	0.497
2way	2	0.126	0.919			AT5G58850	-0.0	0.057	0.075	0.018	0.497
2way	2	0.126	0.919			AT3G20770	0.73	0.048	0.03	-0.017	0.499
2way	2	0.126	0.919			AT4G24470	-0.0	0.017	0.03	0.013	0.501
2way	2	0.126	0.919			AT5G14960	-0.0	0.01	0.001	-0.009	0.503
2way	2	0.126	0.919			AT4G14770	-0.148	0.051	0.071	0.02	0.505
2way	2	0.126	0.919			AT3G10113	-0.0	0.079	0.06	-0.019	0.51
2way	2	0.126	0.919			AT5G64750	-0.483	0.134	0.159	0.025	0.51
2way	2	0.126	0.919			AT1G17950	-0.0	0.002	0.0	-0.002	0.511
2way	2	0.126	0.919			AT1G32510	-0.0	0.001	0.003	0.002	0.511
2way	2	0.126	0.919			AT1G63030	-0.0	0.001	0.0	-0.001	0.511
2way	2	0.126	0.919			AT1G63040	-0.0	0.003	0.0	-0.003	0.511
2way	2	0.126	0.919			AT2G46400	-0.0	0.003	0.0	-0.003	0.511
2way	2	0.126	0.919			AT3G47600	-0.0	0.003	0.0	-0.003	0.511
2way	2	0.126	0.919			AT3G61120	-0.0	0.0	0.004	0.003	0.511
2way	2	0.126	0.919			AT4G01720	-0.0	0.004	0.0	-0.004	0.511
2way	2	0.126	0.919			AT5G08070	-0.0	0.003	0.0	-0.003	0.511
2way	2	0.126	0.919			AT5G52170	-0.0	0.004	0.0	-0.004	0.511
2way	2	0.126	0.919			AT5G58620	-0.0	0.002	0.0	-0.002	0.511
2way	2	0.126	0.919			AT5G61270	-0.0	0.0	0.006	0.006	0.511
2way	2	0.126	0.919			AT1G32150	-0.0	0.1	0.124	0.024	0.513
2way	2	0.126	0.919			AT3G10500	0.488	0.032	0.017	-0.016	0.522
2way	2	0.126	0.919			AT4G00730	-0.0	0.038	0.024	-0.015	0.522
2way	2	0.126	0.919			AT1G18570	-0.0	0.014	0.006	-0.008	0.53
2way	2	0.126	0.919			AT2G03340	-0.0	0.006	0.014	0.007	0.53
2way	2	0.126	0.919			AT2G30590	-0.0	0.011	0.002	-0.009	0.53
2way	2	0.126	0.919			AT2G41690	-0.0	0.014	0.006	-0.008	0.53
2way	2	0.126	0.919			AT2G28810	-0.0	0.044	0.029	-0.015	0.531
2way	2	0.126	0.919			AT4G25490	-0.0	0.08	0.061	-0.019	0.531
2way	2	0.126	0.919			AT1G77640	-0.0	0.014	0.007	-0.007	0.539
2way	2	0.126	0.919			AT4G24020	-0.0	0.014	0.005	-0.009	0.539
2way	2	0.126	0.919			AT2G46590	-0.0	0.051	0.032	-0.019	0.54
2way	2	0.126	0.919			AT5G47660	-0.457	0.031	0.048	0.017	0.54
2way	2	0.126	0.919			AT1G06180	-0.0	0.027	0.014	-0.013	0.541
2way	2	0.126	0.919			AT1G19790	-0.0	0.017	0.026	0.01	0.541
2way	2	0.126	0.919			AT1G24250	-0.0	0.021	0.009	-0.012	0.541
2way	2	0.126	0.919			AT2G18350	-0.117	0.033	0.047	0.014	0.542
2way	2	0.126	0.919			AT2G32460	-0.0	0.034	0.053	0.019	0.542
2way	2	0.126	0.919			AT5G06100	-0.0	0.037	0.055	0.017	0.542
2way	2	0.126	0.919			AT1G49560	-0.0	0.04	0.025	-0.015	0.549
2way	2	0.126	0.919			AT1G12630	-0.0	0.088	0.067	-0.022	0.554
2way	2	0.126	0.919			AT1G28370	0.395	0.196	0.174	-0.022	0.555
2way	2	0.126	0.919			AT1G03840	-0.042	0.045	0.061	0.015	0.559
2way	2	0.126	0.919			AT5G66730	-0.081	0.047	0.065	0.018	0.559
2way	2	0.126	0.919			AT3G15210	-1.15	0.08	0.098	0.019	0.565
2way	2	0.126	0.919			AT1G71450	-0.0	0.106	0.083	-0.024	0.569
2way	2	0.126	0.919			AT1G43700	-0.0	0.004	0.013	0.009	0.571
2way	2	0.126	0.919			AT2G45420	-0.0	0.041	0.058	0.017	0.571
2way	2	0.126	0.919			AT2G17950	-0.0	0.01	0.018	0.008	0.573
2way	2	0.126	0.919			AT4G37260	-0.0	0.043	0.061	0.018	0.575
2way	2	0.126	0.919			AT1G10720	-0.0	0.005	0.0	-0.005	0.576
2way	2	0.126	0.919			AT1G27360	-0.0	0.004	0.0	-0.004	0.576
2way	2	0.126	0.919			AT1G53170	-0.181	0.092	0.113	0.021	0.576
2way	2	0.126	0.919			AT1G80840	-0.0	0.004	0.001	-0.003	0.576
2way	2	0.126	0.919			AT4G30080	-0.0	0.003	0.0	-0.003	0.576
2way	2	0.126	0.919			AT5G16600	-0.0	0.006	0.0	-0.006	0.576
2way	2	0.126	0.919			AT5G67000	-0.0	0.004	0.001	-0.003	0.576
2way	2	0.126	0.919			AT4G18770	-0.0	0.049	0.068	0.019	0.577
2way	2	0.126	0.919			AT1G75240	0.216	0.058	0.04	-0.018	0.579
2way	2	0.126	0.919			AT1G12610	-0.0	0.032	0.022	-0.01	0.585
2way	2	0.126	0.919			AT1G70920	-0.0	0.021	0.031	0.01	0.585
2way	2	0.126	0.919			AT4G26030	-0.0	0.036	0.022	-0.013	0.585
2way	2	0.126	0.919			AT2G22540	-0.0	0.127	0.144	0.017	0.589
2way	2	0.126	0.919			AT3G24120	0.61	0.068	0.048	-0.02	0.589
2way	2	0.126	0.919			AT1G68670	-0.0	0.014	0.006	-0.008	0.59
2way	2	0.126	0.919			AT2G02540	-0.009	0.041	0.058	0.017	0.592
2way	2	0.126	0.919			AT4G18170	-0.0	0.032	0.021	-0.012	0.599
2way	2	0.126	0.919			AT1G20910	-0.0	0.026	0.038	0.012	0.608
2way	2	0.126	0.919			AT3G27785	-0.0	0.031	0.047	0.015	0.608
2way	2	0.126	0.919			AT1G74840	1.372	0.088	0.072	-0.016	0.615
2way	2	0.126	0.919			AT1G01720	-0.0	0.074	0.056	-0.018	0.617
2way	2	0.126	0.919			AT3G01530	0.052	0.04	0.025	-0.016	0.617
2way	2	0.126	0.919			AT4G06746	-0.0	0.04	0.027	-0.013	0.617
2way	2	0.126	0.919			AT4G28500	-0.0	0.029	0.044	0.014	0.617
2way	2	0.126	0.919			AT1G06850	-0.0	0.021	0.033	0.011	0.621
2way	2	0.126	0.919			AT5G18560	-0.593	0.028	0.042	0.014	0.626
2way	2	0.126	0.919			AT4G16750	-0.0	0.086	0.072	-0.014	0.627
2way	2	0.126	0.919			AT4G36780	-0.173	0.06	0.075	0.015	0.627
2way	2	0.126	0.919			AT5G06839	-0.0	0.068	0.086	0.017	0.629
2way	2	0.126	0.919			AT1G52880	-0.0	0.074	0.059	-0.015	0.631
2way	2	0.126	0.919			AT5G25190	-0.0	0.178	0.199	0.021	0.634
2way	2	0.126	0.919			AT5G51990	-0.0	0.085	0.071	-0.014	0.634
2way	2	0.126	0.919			AT3G12730	-0.0	0.041	0.03	-0.011	0.635
2way	2	0.126	0.919			AT3G49530	0.553	0.038	0.022	-0.015	0.635
2way	2	0.126	0.919			AT3G01970	0.085	0.098	0.085	-0.013	0.636
2way	2	0.126	0.919			AT5G02840	-0.0	0.098	0.085	-0.013	0.636
2way	2	0.126	0.919			AT1G30650	-0.0	0.028	0.042	0.014	0.64
2way	2	0.126	0.919			AT1G46264	-0.0	0.006	0.0	-0.006	0.642
2way	2	0.126	0.919			AT1G51600	-0.0	0.002	0.006	0.004	0.642
2way	2	0.126	0.919			AT3G45170	-0.0	0.005	0.002	-0.004	0.642
2way	2	0.126	0.919			AT5G25390	-0.0	0.001	0.007	0.006	0.642
2way	2	0.126	0.919			AT3G42860	-0.0	0.013	0.021	0.007	0.645
2way	2	0.126	0.919			AT3G60580	-0.0	0.016	0.022	0.006	0.645
2way	2	0.126	0.919			AT4G23550	-0.0	0.042	0.031	-0.011	0.645
2way	2	0.126	0.919			AT4G26640	-0.0	0.013	0.024	0.011	0.645
2way	2	0.126	0.919			AT5G46590	-0.0	0.024	0.013	-0.01	0.645
2way	2	0.126	0.919			AT2G42430	-0.0	0.034	0.048	0.014	0.65
2way	2	0.126	0.919			AT3G04060	-0.0	0.042	0.029	-0.013	0.65
2way	2	0.126	0.919			AT3G13810	-0.0	0.043	0.058	0.015	0.65
2way	2	0.126	0.919			AT3G18990	-0.335	0.038	0.051	0.013	0.65
2way	2	0.126	0.919			AT5G06960	-0.0	0.036	0.051	0.015	0.65
2way	2	0.126	0.919			AT5G63260	-0.0	0.048	0.036	-0.012	0.65
2way	2	0.126	0.919			AT1G72360	-0.0	0.007	0.015	0.008	0.654
2way	2	0.126	0.919			AT1G76870	-0.0	0.004	0.005	0.001	0.654
2way	2	0.126	0.919			AT2G38880	-0.0	0.009	0.002	-0.007	0.654
2way	2	0.126	0.919			AT3G22780	-0.0	0.003	0.001	-0.002	0.654
2way	2	0.126	0.919			AT3G47620	-0.0	0.006	0.0	-0.006	0.654
2way	2	0.126	0.919			AT4G04450	-0.0	0.004	0.002	-0.002	0.654
2way	2	0.126	0.919			AT5G10510	-0.0	0.004	0.002	-0.002	0.654
2way	2	0.126	0.919			AT5G42520	-0.0	0.003	0.006	0.003	0.654
2way	2	0.126	0.919			AT2G23290	-0.0	0.045	0.058	0.013	0.656
2way	2	0.126	0.919			AT4G37180	0.214	0.056	0.041	-0.015	0.656
2way	2	0.126	0.919			AT3G56850	-0.0	0.096	0.113	0.018	0.66
2way	2	0.126	0.919			AT1G79180	0.074	0.024	0.015	-0.009	0.662
2way	2	0.126	0.919			AT5G02460	-0.0	0.057	0.043	-0.014	0.662
2way	2	0.126	0.919			AT1G32870	-0.0	0.044	0.031	-0.013	0.664
2way	2	0.126	0.919			AT2G02070	-0.0	0.046	0.059	0.012	0.668
2way	2	0.126	0.919			AT5G13180	-0.0	0.052	0.037	-0.016	0.668
2way	2	0.126	0.919			AT5G56110	-0.652	0.042	0.056	0.013	0.668
2way	2	0.126	0.919			AT3G06490	-0.0	0.02	0.012	-0.008	0.678
2way	2	0.126	0.919			AT3G28910	-0.0	0.024	0.015	-0.009	0.678
2way	2	0.126	0.919			AT5G13790	-0.0	0.054	0.045	-0.01	0.678
2way	2	0.126	0.919			AT5G67580	-0.0	0.024	0.016	-0.009	0.678
2way	2	0.126	0.919			AT2G24430	-0.0	0.053	0.038	-0.015	0.679
2way	2	0.126	0.919			AT1G18330	-0.191	0.13	0.144	0.014	0.687
2way	2	0.126	0.919			AT3G50700	-0.0	0.027	0.021	-0.006	0.69
2way	2	0.126	0.919			AT5G46350	-0.0	0.021	0.03	0.009	0.69
2way	2	0.126	0.919			AT2G23340	-0.0	0.064	0.053	-0.012	0.693
2way	2	0.126	0.919			AT1G25550	-0.0	0.027	0.017	-0.01	0.695
2way	2	0.126	0.919			AT5G22990	-0.162	0.069	0.08	0.011	0.701
2way	2	0.126	0.919			AT1G76880	-0.0	0.005	0.002	-0.003	0.704
2way	2	0.126	0.919			AT3G51470	-0.0	0.006	0.005	-0.001	0.704
2way	2	0.126	0.919			AT4G36620	-0.0	0.006	0.005	-0.001	0.704
2way	2	0.126	0.919			AT4G18450	-0.0	0.003	0.007	0.004	0.708
2way	2	0.126	0.919			AT1G25340	-0.0	0.026	0.02	-0.006	0.712
2way	2	0.126	0.919			AT3G12130	-0.0	0.035	0.025	-0.009	0.712
2way	2	0.126	0.919			AT4G22070	-0.0	0.015	0.028	0.013	0.712
2way	2	0.126	0.919			AT5G62320	-0.0	0.031	0.023	-0.007	0.712
2way	2	0.126	0.919			AT5G52660	-0.0	0.088	0.074	-0.014	0.714
2way	2	0.126	0.919			AT3G50410	-0.0	0.031	0.025	-0.006	0.72
2way	2	0.126	0.919			AT5G66700	-0.0	0.063	0.076	0.013	0.72
2way	2	0.126	0.919			AT1G01060	-0.0	0.091	0.076	-0.015	0.722
2way	2	0.126	0.919			AT1G03800	-0.0	0.081	0.096	0.015	0.722
2way	2	0.126	0.919			AT3G09600	-0.0	0.099	0.089	-0.009	0.722
2way	2	0.126	0.919			AT1G30490	-0.0	0.023	0.034	0.011	0.723
2way	2	0.126	0.919			AT5G47390	-0.0	0.094	0.081	-0.014	0.725
2way	2	0.126	0.919			AT1G13400	-0.0	0.01	0.006	-0.004	0.726
2way	2	0.126	0.919			AT5G07100	-0.0	0.004	0.008	0.004	0.726
2way	2	0.126	0.919			AT5G67300	-0.0	0.014	0.02	0.005	0.726
2way	2	0.126	0.919			AT4G01250	-0.0	0.029	0.037	0.008	0.729
2way	2	0.126	0.919			AT2G26960	-0.0	0.036	0.045	0.009	0.736
2way	2	0.126	0.919			AT1G13300	-0.0	0.01	0.006	-0.004	0.74
2way	2	0.126	0.919			AT1G32240	-0.0	0.012	0.008	-0.004	0.74
2way	2	0.126	0.919			AT2G38300	-0.0	0.011	0.006	-0.006	0.74
2way	2	0.126	0.919			AT4G17785	-0.0	0.011	0.008	-0.002	0.74
2way	2	0.126	0.919			AT5G13910	-0.0	0.008	0.01	0.002	0.74
2way	2	0.126	0.919			AT3G10030	-0.0	0.042	0.031	-0.011	0.742
2way	2	0.126	0.919			AT1G19210	0.013	0.116	0.101	-0.015	0.743
2way	2	0.126	0.919			AT5G61620	-0.0	0.111	0.1	-0.011	0.743
2way	2	0.126	0.919			AT2G42200	-0.0	0.045	0.034	-0.011	0.744
2way	2	0.126	0.919			AT4G11660	-0.0	0.037	0.028	-0.009	0.744
2way	2	0.126	0.919			AT1G09540	-0.0	0.038	0.044	0.006	0.749
2way	2	0.126	0.919			AT3G23240	-0.0	0.041	0.029	-0.012	0.749
2way	2	0.126	0.919			AT3G44480	-0.0	0.039	0.033	-0.006	0.749
2way	2	0.126	0.919			AT3G46590	-0.0	0.007	0.002	-0.005	0.749
2way	2	0.126	0.919			AT4G27950	-0.0	0.032	0.038	0.007	0.749
2way	2	0.126	0.919			AT5G62940	-0.682	0.034	0.04	0.006	0.749
2way	2	0.126	0.919			AT1G36060	-0.0	0.04	0.046	0.006	0.754
2way	2	0.126	0.919			AT2G20400	-0.0	0.036	0.044	0.008	0.759
2way	2	0.126	0.919			AT2G30250	-0.0	0.031	0.039	0.008	0.759
2way	2	0.126	0.919			AT3G53200	-0.0	0.047	0.038	-0.009	0.759
2way	2	0.126	0.919			AT1G16490	-0.0	0.042	0.034	-0.008	0.76
2way	2	0.126	0.919			AT2G01940	-0.0	0.035	0.041	0.006	0.764
2way	2	0.126	0.919			AT3G09735	-0.0	0.045	0.038	-0.007	0.764
2way	2	0.126	0.919			AT5G04410	-0.0	0.037	0.024	-0.013	0.764
2way	2	0.126	0.919			AT1G69560	-0.0	0.01	0.014	0.004	0.767
2way	2	0.126	0.919			AT2G42590	-0.0	0.005	0.009	0.004	0.767
2way	2	0.126	0.919			AT1G22070	-0.0	0.011	0.006	-0.005	0.769
2way	2	0.126	0.919			AT1G66370	-0.0	0.015	0.01	-0.005	0.769
2way	2	0.126	0.919			AT2G22430	0.4	0.05	0.039	-0.011	0.769
2way	2	0.126	0.919			AT5G08750	-0.0	0.007	0.01	0.002	0.769
2way	2	0.126	0.919			AT5G65410	-0.0	0.048	0.039	-0.009	0.77
2way	2	0.126	0.919			AT5G45580	-0.0	0.053	0.045	-0.008	0.773
2way	2	0.126	0.919			AT3G04030	-0.0	0.054	0.046	-0.008	0.774
2way	2	0.126	0.919			AT5G41570	-0.0	0.039	0.049	0.01	0.774
2way	2	0.126	0.919			AT3G03200	-0.994	0.041	0.05	0.009	0.777
2way	2	0.126	0.919			AT1G50640	0.818	0.055	0.049	-0.006	0.781
2way	2	0.126	0.919			AT1G79580	-0.0	0.042	0.053	0.011	0.782
2way	2	0.126	0.919			AT2G06200	-0.0	0.013	0.008	-0.004	0.782
2way	2	0.126	0.919			AT1G69570	-0.0	0.063	0.052	-0.011	0.784
2way	2	0.126	0.919			AT3G02940	-0.0	0.051	0.039	-0.012	0.784
2way	2	0.126	0.919			AT4G17980	-0.0	0.057	0.046	-0.011	0.784
2way	2	0.126	0.919			AT5G07680	-0.0	0.009	0.003	-0.006	0.786
2way	2	0.126	0.919			AT5G08130	-0.0	0.008	0.011	0.003	0.786
2way	2	0.126	0.919			AT3G60490	-0.266	0.052	0.058	0.006	0.787
2way	2	0.126	0.919			AT3G55370	-0.0	0.059	0.05	-0.009	0.789
2way	2	0.126	0.919			AT2G33710	-0.0	0.054	0.064	0.01	0.79
2way	2	0.126	0.919			AT5G03790	0.407	0.058	0.051	-0.007	0.79
2way	2	0.126	0.919			AT2G02080	-0.0	0.062	0.073	0.011	0.791
2way	2	0.126	0.919			AT3G58630	-0.0	0.014	0.01	-0.005	0.793
2way	2	0.126	0.919			AT4G18890	-0.0	0.01	0.015	0.006	0.793
2way	2	0.126	0.919			AT4G34410	-0.0	0.055	0.065	0.01	0.796
2way	2	0.126	0.919			AT1G28160	-0.0	0.063	0.071	0.008	0.799
2way	2	0.126	0.919			AT4G36160	-0.0	0.063	0.056	-0.008	0.799
2way	2	0.126	0.919			AT5G44160	-0.0	0.024	0.02	-0.004	0.8
2way	2	0.126	0.919			AT5G61600	-0.0	0.012	0.018	0.005	0.8
2way	2	0.126	0.919			AT5G23930	-0.013	0.065	0.071	0.006	0.801
2way	2	0.126	0.919			AT5G22500	-0.0	0.014	0.016	0.002	0.804
2way	2	0.126	0.919			AT5G47220	-0.0	0.014	0.019	0.005	0.823
2way	2	0.126	0.919			AT5G05550	-0.0	0.121	0.125	0.005	0.825
2way	2	0.126	0.919			AT1G20980	-0.0	0.014	0.02	0.006	0.826
2way	2	0.126	0.919			AT1G76110	-0.0	0.014	0.018	0.005	0.831
2way	2	0.126	0.919			AT5G04390	-0.0	0.016	0.018	0.002	0.833
2way	2	0.126	0.919			AT4G32800	-0.0	0.025	0.022	-0.003	0.839
2way	2	0.126	0.919			AT3G23220	-0.0	0.026	0.023	-0.002	0.845
2way	2	0.126	0.919			AT5G03150	-0.0	0.031	0.033	0.002	0.845
2way	2	0.126	0.919			AT5G24110	-0.0	0.023	0.029	0.007	0.847
2way	2	0.126	0.919			AT1G14580	-0.0	0.033	0.03	-0.003	0.851
2way	2	0.126	0.919			AT1G02250	-0.0	0.031	0.027	-0.004	0.855
2way	2	0.126	0.919			AT5G65130	-0.0	0.026	0.03	0.004	0.856
2way	2	0.126	0.919			AT1G72740	-0.0	0.026	0.021	-0.005	0.858
2way	2	0.126	0.919			AT1G68320	-0.0	0.029	0.025	-0.004	0.861
2way	2	0.126	0.919			AT4G01550	-0.0	0.036	0.032	-0.004	0.861
2way	2	0.126	0.919			AT1G02230	-0.0	0.032	0.027	-0.006	0.864
2way	2	0.126	0.919			AT2G46680	-0.0	0.031	0.027	-0.004	0.864
2way	2	0.126	0.919			AT3G08500	-0.0	0.035	0.039	0.004	0.864
2way	2	0.126	0.919			AT3G15170	-0.0	0.029	0.028	-0.001	0.864
2way	2	0.126	0.919			AT5G18450	-0.0	0.032	0.038	0.006	0.864
2way	2	0.126	0.919			AT5G52830	-0.0	0.024	0.028	0.004	0.864
2way	2	0.126	0.919			AT5G66300	-0.0	0.028	0.029	0.001	0.864
2way	2	0.126	0.919			AT3G21890	-0.345	0.08	0.085	0.005	0.867
2way	2	0.126	0.919			AT3G12720	-0.0	0.032	0.029	-0.003	0.868
2way	2	0.126	0.919			AT5G62000	-0.0	0.035	0.033	-0.001	0.868
2way	2	0.126	0.919			AT5G64060	-0.0	0.033	0.034	0.002	0.868
2way	2	0.126	0.919			AT1G54330	-0.559	0.03	0.034	0.005	0.871
2way	2	0.126	0.919			AT4G29230	-0.0	0.034	0.04	0.006	0.871
2way	2	0.126	0.919			AT5G09410	-0.0	0.033	0.039	0.006	0.871
2way	2	0.126	0.919			AT1G75490	-0.0	0.042	0.048	0.006	0.872
2way	2	0.126	0.919			AT2G30340	0.149	0.038	0.035	-0.003	0.872
2way	2	0.126	0.919			AT2G38470	-0.0	0.029	0.032	0.003	0.872
2way	2	0.126	0.919			AT2G03500	-0.0	0.039	0.037	-0.002	0.874
2way	2	0.126	0.919			AT1G26960	-0.0	0.037	0.041	0.004	0.876
2way	2	0.126	0.919			AT1G34670	-0.0	0.043	0.04	-0.004	0.877
2way	2	0.126	0.919			AT1G74650	-0.0	0.037	0.039	0.002	0.877
2way	2	0.126	0.919			AT3G10480	-0.0	0.035	0.029	-0.007	0.877
2way	2	0.126	0.919			AT3G22830	-0.0	0.043	0.039	-0.004	0.878
2way	2	0.126	0.919			AT1G12260	-0.0	0.041	0.044	0.003	0.88
2way	2	0.126	0.919			AT1G29280	-0.0	0.041	0.046	0.005	0.88
2way	2	0.126	0.919			AT3G50060	-0.0	0.048	0.044	-0.004	0.88
2way	2	0.126	0.919			AT1G34180	-0.0	0.04	0.037	-0.004	0.882
2way	2	0.126	0.919			AT1G64620	-0.0	0.049	0.044	-0.005	0.882
2way	2	0.126	0.919			AT1G65910	-0.0	0.033	0.036	0.003	0.882
2way	2	0.126	0.919			AT2G18060	-0.0	0.043	0.04	-0.003	0.882
2way	2	0.126	0.919			AT5G62380	-0.0	0.043	0.044	0.001	0.882
2way	2	0.126	0.919			AT5G66940	-0.0	0.042	0.044	0.002	0.882
2way	2	0.126	0.919			AT1G76420	-0.0	0.04	0.035	-0.005	0.884
2way	2	0.126	0.919			AT3G10800	-0.0	0.055	0.053	-0.002	0.884
2way	2	0.126	0.919			AT3G15270	-0.0	0.051	0.045	-0.005	0.884
2way	2	0.126	0.919			AT3G17730	-0.0	0.037	0.032	-0.004	0.885
2way	2	0.126	0.919			AT5G47370	-0.0	0.039	0.044	0.005	0.885
2way	2	0.126	0.919			AT2G44840	-0.061	0.043	0.05	0.008	0.886
2way	2	0.126	0.919			AT5G13080	-0.0	0.048	0.052	0.004	0.886
2way	2	0.126	0.919			AT5G54230	-0.0	0.047	0.049	0.002	0.886
2way	2	0.126	0.919			AT2G18380	-0.0	0.048	0.052	0.005	0.887
2way	2	0.126	0.919			AT2G40260	-0.0	0.041	0.046	0.005	0.888
2way	2	0.126	0.919			AT3G18400	-0.0	0.048	0.045	-0.004	0.888
2way	2	0.126	0.919			AT3G16280	-0.0	0.059	0.055	-0.004	0.889
2way	2	0.126	0.919			AT1G14687	-0.0	0.054	0.048	-0.006	0.89
2way	2	0.126	0.919			AT3G28920	-0.0	0.045	0.051	0.005	0.89
2way	2	0.126	0.919			AT4G01540	-0.0	0.055	0.051	-0.004	0.893
2way	2	0.126	0.919			AT5G65310	-0.0	0.057	0.061	0.004	0.895
2way	2	0.126	0.919			AT2G43000	-0.0	0.068	0.075	0.007	0.9
2way	2	0.126	0.919			AT1G78700	-0.0	0.061	0.068	0.007	0.903
2way	2	0.126	0.919			AT1G68550	-0.0	0.077	0.075	-0.002	0.904
2way	2	0.126	0.919			AT1G77200	-0.0	0.083	0.079	-0.004	0.904
2way	2	0.126	0.919			AT4G01280	-0.0	0.087	0.082	-0.005	0.906
2way	2	0.126	0.919			AT3G20310	-0.0	0.084	0.089	0.004	0.907
2way	2	0.126	0.919			AT3G50260	-0.0	0.087	0.081	-0.006	0.907
2way	2	0.126	0.919			AT5G11260	-0.0	0.09	0.096	0.006	0.908
2way	2	0.126	0.919			AT5G08520	-0.365	0.115	0.111	-0.003	0.914
2way	2	0.126	0.919			AT1G04880	-0.0	0.017	0.019	0.002	1.0
2way	2	0.126	0.919			AT1G06280	0.073	0.086	0.084	-0.002	1.0
2way	2	0.126	0.919			AT1G18960	-0.0	0.0	0.0	0.0	1.0
2way	2	0.126	0.919			AT1G19040	-0.0	0.002	0.002	-0.0	1.0
2way	2	0.126	0.919			AT1G21910	-0.0	0.022	0.025	0.003	1.0
2way	2	0.126	0.919			AT1G22810	-0.0	0.055	0.054	-0.001	1.0
2way	2	0.126	0.919			AT1G27730	-0.0	0.017	0.016	-0.0	1.0
2way	2	0.126	0.919			AT1G28470	-0.0	0.048	0.048	0.001	1.0
2way	2	0.126	0.919			AT1G29860	-0.0	0.023	0.022	-0.001	1.0
2way	2	0.126	0.919			AT1G30210	-0.0	0.004	0.0	-0.004	1.0
2way	2	0.126	0.919			AT1G31140	-0.0	0.04	0.036	-0.003	1.0
2way	2	0.126	0.919			AT1G33240	-0.0	0.041	0.042	0.001	1.0
2way	2	0.126	0.919			AT1G34190	-0.0	0.052	0.05	-0.002	1.0
2way	2	0.126	0.919			AT1G34370	-0.0	0.006	0.005	-0.001	1.0
2way	2	0.126	0.919			AT1G44830	-0.0	0.02	0.019	-0.001	1.0
2way	2	0.126	0.919			AT1G45249	-0.0	0.064	0.066	0.002	1.0
2way	2	0.126	0.919			AT1G47870	-0.0	0.001	0.0	-0.001	1.0
2way	2	0.126	0.919			AT1G51700	-0.0	0.04	0.039	-0.001	1.0
2way	2	0.126	0.919			AT1G60920	-0.0	0.002	0.0	-0.002	1.0
2way	2	0.126	0.919			AT1G66420	-0.0	0.0	0.003	0.003	1.0
2way	2	0.126	0.919			AT1G67260	-0.0	0.001	0.0	-0.001	1.0
2way	2	0.126	0.919			AT1G69180	-0.0	0.053	0.053	-0.0	1.0
2way	2	0.126	0.919			AT1G70910	-0.0	0.003	0.0	-0.003	1.0
2way	2	0.126	0.919			AT1G73730	-0.0	0.002	0.001	-0.001	1.0
2way	2	0.126	0.919			AT1G74370	-0.0	0.0	0.0	0.0	1.0
2way	2	0.126	0.919			AT1G75080	-0.0	0.01	0.014	0.004	1.0
2way	2	0.126	0.919			AT1G76890	-0.0	0.055	0.058	0.003	1.0
2way	2	0.126	0.919			AT2G01060	-0.0	0.025	0.027	0.001	1.0
2way	2	0.126	0.919			AT2G01818	-0.0	0.013	0.012	-0.002	1.0
2way	2	0.126	0.919			AT2G15740	-0.0	0.054	0.054	0.0	1.0
2way	2	0.126	0.919			AT2G17410	-0.0	0.003	0.002	-0.002	1.0
2way	2	0.126	0.919			AT2G17900	-0.0	0.004	0.002	-0.003	1.0
2way	2	0.126	0.919			AT2G21900	-0.0	0.003	0.001	-0.002	1.0
2way	2	0.126	0.919			AT2G23320	-0.0	0.048	0.048	-0.0	1.0
2way	2	0.126	0.919			AT2G31460	-0.0	0.001	0.001	-0.001	1.0
2way	2	0.126	0.919			AT2G33550	-0.0	0.018	0.017	-0.0	1.0
2way	2	0.126	0.919			AT2G33810	-0.0	0.005	0.005	0.0	1.0
2way	2	0.126	0.919			AT2G35700	-0.0	0.06	0.059	-0.001	1.0
2way	2	0.126	0.919			AT2G36270	0.819	0.109	0.109	0.0	1.0
2way	2	0.126	0.919			AT2G38090	-0.0	0.004	0.002	-0.001	1.0
2way	2	0.126	0.919			AT2G39900	-0.0	0.0	0.0	0.0	1.0
2way	2	0.126	0.919			AT2G41835	-0.0	0.0	0.0	0.0	1.0
2way	2	0.126	0.919			AT2G45650	-0.0	0.009	0.007	-0.001	1.0
2way	2	0.126	0.919			AT2G46130	-0.0	0.013	0.015	0.001	1.0
2way	2	0.126	0.919			AT2G46770	-0.0	0.043	0.043	0.0	1.0
2way	2	0.126	0.919			AT2G48100	-0.0	0.003	0.0	-0.003	1.0
2way	2	0.126	0.919			AT3G01470	-0.0	0.007	0.006	-0.001	1.0
2way	2	0.126	0.919			AT3G02150	-0.0	0.002	0.001	-0.001	1.0
2way	2	0.126	0.919			AT3G03660	-0.0	0.001	0.0	-0.001	1.0
2way	2	0.126	0.919			AT3G07220	-0.0	0.001	0.001	0.001	1.0
2way	2	0.126	0.919			AT3G10580	-0.0	0.085	0.083	-0.002	1.0
2way	2	0.126	0.919			AT3G12910	-0.0	0.006	0.003	-0.003	1.0
2way	2	0.126	0.919			AT3G13040	-0.0	0.0	0.0	-0.0	1.0
2way	2	0.126	0.919			AT3G20840	-0.0	0.006	0.003	-0.003	1.0
2way	2	0.126	0.919			AT3G23210	-0.0	0.024	0.023	-0.0	1.0
2way	2	0.126	0.919			AT3G23250	-0.0	0.006	0.004	-0.002	1.0
2way	2	0.126	0.919			AT3G24050	-0.0	0.028	0.028	-0.0	1.0
2way	2	0.126	0.919			AT3G25990	-0.0	0.018	0.021	0.003	1.0
2way	2	0.126	0.919			AT3G45610	-0.0	0.045	0.045	-0.0	1.0
2way	2	0.126	0.919			AT3G46070	-0.0	0.003	0.001	-0.002	1.0
2way	2	0.126	0.919			AT3G47500	-0.232	0.101	0.1	-0.002	1.0
2way	2	0.126	0.919			AT3G48160	-0.0	0.0	0.001	0.001	1.0
2way	2	0.126	0.919			AT3G49930	-0.0	0.003	0.001	-0.001	1.0
2way	2	0.126	0.919			AT3G51080	-0.0	0.007	0.007	0.0	1.0
2way	2	0.126	0.919			AT3G57230	-0.0	0.004	0.003	-0.001	1.0
2way	2	0.126	0.919			AT3G57600	-0.0	0.008	0.008	-0.0	1.0
2way	2	0.126	0.919			AT3G61250	-0.0	0.009	0.009	-0.001	1.0
2way	2	0.126	0.919			AT4G00250	-0.0	0.073	0.075	0.001	1.0
2way	2	0.126	0.919			AT4G01680	-0.0	0.035	0.032	-0.003	1.0
2way	2	0.126	0.919			AT4G05100	-0.0	0.058	0.06	0.002	1.0
2way	2	0.126	0.919			AT4G10350	-0.0	0.037	0.035	-0.002	1.0
2way	2	0.126	0.919			AT4G12670	-0.0	0.003	0.0	-0.003	1.0
2way	2	0.126	0.919			AT4G14410	-0.0	0.007	0.005	-0.002	1.0
2way	2	0.126	0.919			AT4G17460	-0.0	0.0	0.0	0.0	1.0
2way	2	0.126	0.919			AT4G28110	-0.0	0.006	0.004	-0.002	1.0
2way	2	0.126	0.919			AT4G28140	-0.0	0.013	0.015	0.002	1.0
2way	2	0.126	0.919			AT4G31060	-0.0	0.062	0.063	0.001	1.0
2way	2	0.126	0.919			AT4G31550	0.062	0.022	0.02	-0.002	1.0
2way	2	0.126	0.919			AT4G34590	-0.0	0.044	0.043	-0.001	1.0
2way	2	0.126	0.919			AT4G36740	-0.0	0.052	0.052	-0.001	1.0
2way	2	0.126	0.919			AT4G37790	-0.0	0.001	0.0	-0.001	1.0
2way	2	0.126	0.919			AT4G38910	-0.0	0.005	0.002	-0.003	1.0
2way	2	0.126	0.919			AT5G05790	-0.254	0.051	0.051	-0.0	1.0
2way	2	0.126	0.919			AT5G10140	-0.0	0.005	0.007	0.002	1.0
2way	2	0.126	0.919			AT5G10280	-0.0	0.009	0.01	0.002	1.0
2way	2	0.126	0.919			AT5G14340	-0.0	0.006	0.004	-0.002	1.0
2way	2	0.126	0.919			AT5G16820	-0.0	0.059	0.059	-0.0	1.0
2way	2	0.126	0.919			AT5G18090	-0.0	0.0	0.0	0.0	1.0
2way	2	0.126	0.919			AT5G22890	-0.0	0.0	0.0	-0.0	1.0
2way	2	0.126	0.919			AT5G25475	-0.0	0.001	0.001	0.0	1.0
2way	2	0.126	0.919			AT5G26170	-0.0	0.043	0.043	0.0	1.0
2way	2	0.126	0.919			AT5G29000	-0.0	0.041	0.042	0.001	1.0
2way	2	0.126	0.919			AT5G38800	-0.0	0.0	0.003	0.003	1.0
2way	2	0.126	0.919			AT5G38860	-0.0	0.003	0.004	0.001	1.0
2way	2	0.126	0.919			AT5G39820	-0.0	0.014	0.015	0.001	1.0
2way	2	0.126	0.919			AT5G40330	-0.0	0.004	0.0	-0.004	1.0
2way	2	0.126	0.919			AT5G42820	-0.0	0.003	0.0	-0.003	1.0
2way	2	0.126	0.919			AT5G44210	-0.0	0.024	0.025	0.001	1.0
2way	2	0.126	0.919			AT5G45300	-0.0	0.042	0.041	-0.001	1.0
2way	2	0.126	0.919			AT5G47230	-0.0	0.012	0.016	0.004	1.0
2way	2	0.126	0.919			AT5G48670	-0.0	0.003	0.0	-0.003	1.0
2way	2	0.126	0.919			AT5G49300	-0.0	0.0	0.002	0.002	1.0
2way	2	0.126	0.919			AT5G50570	-0.0	0.012	0.011	-0.002	1.0
2way	2	0.126	0.919			AT5G53950	-0.0	0.019	0.019	0.001	1.0
2way	2	0.126	0.919			AT5G56840	-0.0	0.105	0.106	0.001	1.0
2way	2	0.126	0.919			AT5G60130	-0.0	0.024	0.024	-0.0	1.0
2way	2	0.126	0.919			AT5G60850	-0.0	0.098	0.095	-0.003	1.0
2way	2	0.126	0.919			AT5G62165	-0.0	0.0	0.0	0.0	1.0
2way	2	0.126	0.919			AT5G62470	-0.0	0.02	0.021	0.002	1.0
2way	2	0.126	0.919			AT5G63090	-0.0	0.023	0.023	0.0	1.0
2way	2	0.126	0.919			AT5G65510	-0.0	0.018	0.019	0.001	1.0
path	1	0.0	0.544	-1.295	0.275	AT1G34670	59.32	61.0	1.68	33.04	3.63e-12
path	1	0.0	0.544	-1.295	0.275	AT3G02940	63.01	65.0	1.99	31.9	2.1e-10
path	1	0.0	0.544	0.126	0.919	AT5G08520	112.21	117.0	4.79	37.27	3.87e-10
path	1	0.0	0.544	0.126	0.919	AT5G61620	106.37	111.0	4.63	34.02	6.7e-09
path	1	0.0	0.544	0.126	0.919	AT5G47390	88.31	92.0	3.69	30.6	9.86e-09
path	1	0.0	0.544	-1.295	0.275	AT5G54230	56.13	58.0	1.87	26.96	2.91e-08
path	1	0.0	0.544	-1.295	0.275	AT1G09540	49.43	51.0	1.57	24.89	4.56e-08
path	1	0.0	0.544	0.126	0.919	AT1G74840	73.94	77.0	3.06	26.14	1.04e-07
path	1	0.0	0.544	0.126	0.919	AT1G19000	89.14	93.0	3.86	28.85	1.1e-07
path	1	0.0	0.544	-1.295	0.275	AT5G62320	39.8	41.0	1.2	21.06	2.45e-07
path	1	0.0	0.544	0.126	0.919	AT1G49010	97.62	102.0	4.38	29.14	3.56e-07
path	1	0.0	0.544	-1.295	0.275	AT4G26030	40.73	42.0	1.27	20.83	5.78e-07
path	1	0.0	0.544	-1.295	0.275	AT1G74650	49.32	51.0	1.68	23.04	6.66e-07
path	1	0.0	0.544	0.126	0.919	AT4G00250	70.05	73.0	2.95	23.97	6.98e-07
path	1	0.0	0.544	-1.295	0.275	AT5G56110	52.12	54.0	1.88	22.75	2.24e-06
path	1	0.0	0.544	0.126	0.919	AT5G56840	94.57	99.0	4.43	25.23	1.05e-05
path	1	0.0	0.544	-1.295	0.275	AT1G79180	29.06	30.0	0.94	14.38	6.63e-05
path	1	0.0	0.544	-1.295	0.275	AT1G16490	42.42	44.0	1.58	17.69	6.71e-05
path	1	0.0	0.544	0.126	0.919	AT1G75390	27.95	29.0	1.05	11.59	9.86e-05
path	1	0.0	0.544	0.126	0.919	AT3G11280	42.24	44.0	1.76	14.67	0.000115
path	1	0.0	0.544	-0.065	0.349	AT5G25830	42.3	44.0	1.7	15.76	0.00017
path	1	0.0	0.544	-1.295	0.275	AT4G01680	33.79	35.0	1.21	14.85	0.000181
path	1	0.0	0.544	0.126	0.919	AT3G10580	80.14	84.0	3.86	19.85	0.000212
path	1	0.0	0.544	0.126	0.919	AT4G34590	39.35	41.0	1.65	13.51	0.000247
path	1	0.0	0.544	-0.065	0.349	AT5G60850	65.05	68.0	2.95	18.91	0.000317
path	1	0.0	0.544	-1.295	0.275	AT3G08500	32.8	34.0	1.2	14.06	0.000346
path	1	0.0	0.544	-1.295	0.275	AT4G17785	14.62	15.0	0.38	8.63	0.000403
path	1	0.0	0.544	0.126	0.919	AT5G52660	79.14	83.0	3.86	18.85	0.000416
path	1	0.0	0.544	-1.295	0.275	AT3G28910	23.23	24.0	0.77	11.25	0.000546
path	1	0.0	0.544	0.126	0.919	AT5G02840	42.15	44.0	1.85	13.3	0.000579
path	1	0.0	0.544	-0.065	0.349	AT3G47500	55.51	58.0	2.49	16.65	0.000642
path	1	0.0	0.544	0.126	0.919	AT2G18160	95.18	100.0	4.82	19.81	0.000668
path	1	0.0	0.544	-0.065	0.349	AT1G08010	45.06	47.0	1.94	14.72	0.000798
path	1	0.0	0.544	-0.065	0.349	AT5G02460	66.87	70.0	3.13	17.89	0.000807
path	1	0.0	0.544	-0.065	0.349	AT3G44480	53.6	56.0	2.4	15.99	0.000862
path	1	0.0	0.544	-0.065	0.349	AT3G45610	62.11	65.0	2.89	16.92	0.00104
path	1	0.0	0.544	0.126	0.919	AT5G16820	61.08	64.0	2.92	15.43	0.00108
path	1	0.0	0.544	-0.065	0.349	AT5G66940	60.21	63.0	2.79	16.6	0.00109
path	1	0.0	0.544	0.126	0.919	AT1G01060	85.68	90.0	4.32	18.06	0.00115
path	1	0.0	0.544	0.126	0.919	AT4G32730	95.13	100.0	4.87	18.9	0.00118
path	1	0.0	0.544	0.126	0.919	AT5G17300	89.43	94.0	4.57	17.94	0.00155
path	1	0.0	0.544	-0.065	0.349	AT3G04030	60.17	63.0	2.83	15.93	0.00175
path	1	0.0	0.544	-0.065	0.349	AT4G38000	68.69	72.0	3.31	16.86	0.00184
path	1	0.0	0.544	0.126	0.919	AT3G62420	103.57	109.0	5.43	18.73	0.00192
path	1	0.0	0.544	-0.065	0.349	AT2G28810	56.37	59.0	2.63	15.29	0.00194
path	1	0.0	0.544	0.126	0.919	AT5G06839	80.9	85.0	4.1	16.73	0.002
path	1	0.0	0.544	-0.065	0.349	AT5G45580	62.03	65.0	2.97	15.58	0.00256
path	1	0.0	0.544	0.126	0.919	AT4G01280	85.59	90.0	4.41	16.69	0.00266
path	1	0.0	0.544	-0.065	0.349	AT5G60130	40.22	42.0	1.78	12.41	0.00294
path	1	0.0	0.544	-0.065	0.349	AT1G29860	36.42	38.0	1.58	11.78	0.00296
path	1	0.0	0.544	-0.065	0.349	AT3G24050	29.77	31.0	1.23	10.49	0.0032
path	1	0.0	0.544	-1.295	0.275	AT5G10280	12.63	13.0	0.37	6.83	0.0035
path	1	0.0	0.544	0.126	0.919	AT2G35530	108.22	114.0	5.78	17.78	0.00375
path	1	0.0	0.544	-1.295	0.275	AT3G12720	32.64	34.0	1.36	11.39	0.00442
path	1	0.0	0.544	0.126	0.919	AT3G09600	85.54	90.0	4.46	15.77	0.00444
path	1	0.0	0.544	0.126	0.919	AT4G11660	40.13	42.0	1.87	10.84	0.00463
path	1	0.0	0.544	-0.065	0.349	AT3G24120	67.65	71.0	3.35	15.19	0.00466
path	1	0.0	0.544	-0.065	0.349	AT3G12730	48.72	51.0	2.28	13.01	0.00472
path	1	0.0	0.544	-1.295	0.275	AT3G03660	4.91	5.0	0.09	3.56	0.00514
path	1	0.0	0.544	-0.065	0.349	AT2G46680	44.92	47.0	2.08	12.37	0.00516
path	1	0.0	0.544	-0.065	0.349	AT4G01540	69.52	73.0	3.48	15.17	0.00521
path	1	0.0	0.544	-1.295	0.275	AT1G68320	30.73	32.0	1.27	10.83	0.00531
path	1	0.0	0.544	-0.065	0.349	AT1G51700	44.9	47.0	2.1	12.03	0.00651
path	1	0.0	0.544	0.126	0.919	AT5G05790	51.47	54.0	2.53	11.84	0.00652
path	1	0.0	0.544	-0.065	0.349	AT3G52440	60.99	64.0	3.01	13.9	0.00658
path	1	0.0	0.544	-1.295	0.275	AT1G34190	35.46	37.0	1.54	11.3	0.00675
path	1	0.0	0.544	-0.065	0.349	AT3G57920	43.0	45.0	2.0	11.71	0.0068
path	1	0.0	0.544	0.126	0.919	AT2G28920	27.76	29.0	1.24	8.38	0.00795
path	1	0.0	0.544	-1.295	0.275	AT2G06200	16.42	17.0	0.58	7.34	0.00828
path	1	0.0	0.544	-1.295	0.275	AT3G12820	16.42	17.0	0.58	7.34	0.00828
path	1	0.0	0.544	-0.065	0.349	AT5G63260	59.07	62.0	2.93	13.25	0.00851
path	1	0.0	0.544	-0.065	0.349	AT1G70920	42.98	45.0	2.02	11.38	0.00855
path	1	0.0	0.544	0.126	0.919	AT2G04038	90.18	95.0	4.82	14.81	0.00872
path	1	0.0	0.544	0.126	0.919	AT3G20770	37.24	39.0	1.76	9.67	0.0088
path	1	0.0	0.544	-1.295	0.275	AT5G39610	32.58	34.0	1.42	10.36	0.00968
path	1	0.0	0.544	0.126	0.919	AT5G58900	72.23	76.0	3.77	13.22	0.0097
path	1	0.0	0.544	0.126	0.919	AT2G20110	64.67	68.0	3.33	12.56	0.00974
path	1	0.0	0.544	0.126	0.919	AT3G10113	65.61	69.0	3.39	12.64	0.00975
path	1	0.0	0.544	-0.065	0.349	AT3G50410	41.06	43.0	1.94	10.72	0.011
path	1	0.0	0.544	-1.295	0.275	AT1G13260	17.36	18.0	0.64	7.31	0.011
path	1	0.0	0.544	-0.065	0.349	AT2G30250	49.57	52.0	2.43	11.65	0.012
path	1	0.0	0.544	-1.295	0.275	AT3G61250	10.67	11.0	0.33	5.45	0.012
path	1	0.0	0.544	0.126	0.919	AT3G10800	51.41	54.0	2.59	10.93	0.012
path	1	0.0	0.544	-0.065	0.349	AT2G03340	15.41	16.0	0.59	6.25	0.013
path	1	0.0	0.544	-0.065	0.349	AT5G65310	63.75	67.0	3.25	12.87	0.013
path	1	0.0	0.544	0.126	0.919	AT1G71696	60.86	64.0	3.14	11.76	0.013
path	1	0.0	0.544	-0.065	0.349	AT1G55110	52.39	55.0	2.61	11.63	0.014
path	1	0.0	0.544	-0.065	0.349	AT2G46590	56.17	59.0	2.83	11.93	0.015
path	1	0.0	0.544	-1.295	0.275	AT1G06180	22.1	23.0	0.9	7.99	0.015
path	1	0.0	0.544	-0.065	0.349	AT3G01470	16.35	17.0	0.65	6.24	0.016
path	1	0.0	0.544	-0.065	0.349	AT3G01970	45.76	48.0	2.24	10.68	0.016
path	1	0.0	0.544	-0.065	0.349	AT3G55370	64.67	68.0	3.33	12.52	0.016
path	1	0.0	0.544	-0.065	0.349	AT4G18170	40.08	42.0	1.92	10.06	0.016
path	1	0.0	0.544	-0.065	0.349	AT5G47370	57.11	60.0	2.89	11.92	0.016
path	1	0.0	0.544	0.126	0.919	AT1G32150	107.08	113.0	5.92	14.48	0.016
path	1	0.0	0.544	0.126	0.919	AT1G45249	64.61	68.0	3.39	11.64	0.016
path	1	0.0	0.544	-0.065	0.349	AT3G01220	52.37	55.0	2.63	11.29	0.017
path	1	0.0	0.544	-0.065	0.349	AT2G01060	36.28	38.0	1.72	9.42	0.018
path	1	0.0	0.544	-0.065	0.349	AT3G45170	7.76	8.0	0.24	3.97	0.019
path	1	0.0	0.544	-0.065	0.349	AT3G60530	20.15	21.0	0.85	6.88	0.019
path	1	0.0	0.544	-1.295	0.275	AT3G04060	32.52	34.0	1.48	9.33	0.019
path	1	0.0	0.544	-1.295	0.275	AT3G50060	33.47	35.0	1.53	9.51	0.019
path	1	0.0	0.544	-0.065	0.349	AT1G27360	6.8	7.0	0.2	3.64	0.02
path	1	0.0	0.544	-1.295	0.275	AT3G30210	16.37	17.0	0.63	6.52	0.02
path	1	0.0	0.544	0.126	0.919	AT1G14580	29.6	31.0	1.4	7.63	0.02
path	1	0.0	0.544	0.126	0.919	AT1G18330	61.75	65.0	3.25	10.93	0.02
path	1	0.0	0.544	0.126	0.919	AT3G47620	4.86	5.0	0.14	2.71	0.02
path	1	0.0	0.544	-0.065	0.349	AT1G02230	43.84	46.0	2.16	10.02	0.021
path	1	0.0	0.544	-1.295	0.275	AT4G05100	20.17	21.0	0.83	7.23	0.021
path	1	0.0	0.544	-0.065	0.349	AT1G69570	58.01	61.0	2.99	11.24	0.023
path	1	0.0	0.544	-0.065	0.349	AT3G21890	45.72	48.0	2.28	10.01	0.024
path	1	0.0	0.544	-0.065	0.349	AT5G04390	30.57	32.0	1.43	8.13	0.025
path	1	0.0	0.544	0.126	0.919	AT1G52880	82.48	87.0	4.52	11.85	0.026
path	1	0.0	0.544	0.126	0.919	AT4G14770	63.61	67.0	3.39	10.64	0.026
path	1	0.0	0.544	-0.065	0.349	AT3G60580	24.87	26.0	1.13	7.17	0.028
path	1	0.0	0.544	-1.295	0.275	AT2G33710	41.0	43.0	2.0	9.7	0.028
path	1	0.0	0.544	-0.065	0.349	AT4G31800	49.47	52.0	2.53	9.97	0.029
path	1	0.0	0.544	-1.295	0.275	AT2G42590	10.63	11.0	0.37	4.83	0.029
path	1	0.0	0.544	0.126	0.919	AT5G65210	72.09	76.0	3.91	10.93	0.029
path	1	0.0	0.544	-0.065	0.349	AT2G01940	54.19	57.0	2.81	10.27	0.031
path	1	0.0	0.544	-1.295	0.275	AT5G17800	29.63	31.0	1.37	8.18	0.031
path	1	0.0	0.544	-0.065	0.349	AT5G62940	44.74	47.0	2.26	9.34	0.032
path	1	0.0	0.544	-1.295	0.275	AT1G75240	38.15	40.0	1.85	9.16	0.032
path	1	0.0	0.544	-1.295	0.275	AT3G18400	35.31	37.0	1.69	8.84	0.032
path	1	0.0	0.544	-0.065	0.349	AT1G27730	28.65	30.0	1.35	7.47	0.033
path	1	0.0	0.544	-1.295	0.275	AT3G15170	22.04	23.0	0.96	6.97	0.033
path	1	0.0	0.544	-0.065	0.349	AT5G09410	42.84	45.0	2.16	9.02	0.034
path	1	0.0	0.544	0.126	0.919	AT5G06960	47.52	50.0	2.48	8.76	0.034
path	1	0.0	0.544	-1.295	0.275	AT1G51220	25.83	27.0	1.17	7.47	0.035
path	1	0.0	0.544	-1.295	0.275	AT5G47220	17.28	18.0	0.72	6.08	0.035
path	1	0.0	0.544	-0.065	0.349	AT1G68670	21.05	22.0	0.95	6.2	0.038
path	1	0.0	0.544	-0.065	0.349	AT4G17460	2.94	3.0	0.06	1.99	0.038
path	1	0.0	0.544	0.126	0.919	AT5G15830	95.63	101.0	5.37	11.65	0.038
path	1	0.0	0.544	-0.065	0.349	AT1G64620	56.05	59.0	2.95	9.91	0.039
path	1	0.0	0.544	-0.065	0.349	AT5G43840	10.6	11.0	0.4	4.28	0.039
path	1	0.0	0.544	0.126	0.919	AT1G19210	105.05	111.0	5.95	12.03	0.039
path	1	0.0	0.544	0.126	0.919	AT3G12910	5.81	6.0	0.19	2.79	0.039
path	1	0.0	0.544	-0.065	0.349	AT5G03790	60.77	64.0	3.23	10.21	0.04
path	1	0.0	0.544	-1.295	0.275	AT1G54330	28.65	30.0	1.35	7.59	0.041
path	1	0.0	0.544	-0.065	0.349	AT5G08330	34.3	36.0	1.7	7.76	0.042
path	1	0.0	0.544	-1.295	0.275	AT1G24250	17.27	18.0	0.73	5.87	0.042
path	1	0.0	0.544	-1.295	0.275	AT5G63090	17.27	18.0	0.73	5.87	0.042
path	1	0.0	0.544	0.126	0.919	AT1G69490	74.87	79.0	4.13	10.27	0.042
path	1	0.0	0.544	-0.065	0.349	AT2G40740	40.92	43.0	2.08	8.37	0.043
path	1	0.0	0.544	0.126	0.919	AT3G22830	45.6	48.0	2.4	8.14	0.043
path	1	0.0	0.544	-0.065	0.349	AT5G07100	9.64	10.0	0.36	3.95	0.044
path	1	0.0	0.544	-0.065	0.349	AT5G26170	48.47	51.0	2.53	8.97	0.045
path	1	0.0	0.544	-0.065	0.349	AT3G15270	56.97	60.0	3.03	9.57	0.046
path	1	0.0	0.544	-1.295	0.275	AT2G38340	38.1	40.0	1.9	8.34	0.047
path	1	0.0	0.544	-1.295	0.275	AT3G47600	5.83	6.0	0.17	3.12	0.048
path	1	0.0	0.544	-0.065	0.349	AT1G77640	13.43	14.0	0.57	4.59	0.051
path	1	0.0	0.544	-1.295	0.275	AT3G28920	38.08	40.0	1.92	8.14	0.052
path	1	0.0	0.544	-1.295	0.275	AT2G42200	30.52	32.0	1.48	7.33	0.053
path	1	0.0	0.544	-1.295	0.275	AT2G44940	35.25	37.0	1.75	7.81	0.054
path	1	0.0	0.544	0.126	0.919	AT3G13350	10.56	11.0	0.44	3.67	0.054
path	1	0.0	0.544	0.126	0.919	AT3G30530	6.75	7.0	0.25	2.88	0.054
path	1	0.0	0.544	0.126	0.919	AT3G56850	103.11	109.0	5.89	10.94	0.054
path	1	0.0	0.544	-0.065	0.349	AT3G01530	46.55	49.0	2.45	8.32	0.056
path	1	0.0	0.544	-0.065	0.349	AT5G67450	10.58	11.0	0.42	3.94	0.057
path	1	0.0	0.544	-1.295	0.275	AT3G23220	16.3	17.0	0.7	5.28	0.058
path	1	0.0	0.544	-1.295	0.275	AT2G32460	27.67	29.0	1.33	6.8	0.059
path	1	0.0	0.544	-1.295	0.275	AT3G01530	30.5	32.0	1.5	7.13	0.059
path	1	0.0	0.544	-1.295	0.275	AT5G61600	14.39	15.0	0.61	4.93	0.059
path	1	0.0	0.544	-0.065	0.349	AT2G47070	40.88	43.0	2.12	7.7	0.06
path	1	0.0	0.544	-0.065	0.349	AT3G06740	25.75	27.0	1.25	6.15	0.06
path	1	0.0	0.544	-0.065	0.349	AT1G25550	29.52	31.0	1.48	6.46	0.065
path	1	0.0	0.544	-0.065	0.349	AT1G72010	29.52	31.0	1.48	6.46	0.065
path	1	0.0	0.544	-1.295	0.275	AT2G45410	30.49	32.0	1.51	6.92	0.065
path	1	0.0	0.544	-1.295	0.275	AT5G62470	17.23	18.0	0.77	5.25	0.066
path	1	0.0	0.544	0.126	0.919	AT3G23210	23.82	25.0	1.18	5.3	0.067
path	1	0.0	0.544	-1.295	0.275	AT2G47070	26.7	28.0	1.3	6.41	0.069
path	1	0.0	0.544	-0.065	0.349	AT3G18990	44.64	47.0	2.36	7.66	0.07
path	1	0.0	0.544	-1.295	0.275	AT4G01550	25.75	27.0	1.25	6.24	0.071
path	1	0.0	0.544	-1.295	0.275	AT4G18450	6.77	7.0	0.23	3.09	0.075
path	1	0.0	0.544	-0.065	0.349	AT5G52830	36.12	38.0	1.88	6.73	0.077
path	1	0.0	0.544	-1.295	0.275	AT3G06490	16.27	17.0	0.73	4.87	0.077
path	1	0.0	0.544	-1.295	0.275	AT5G18270	33.31	35.0	1.69	6.84	0.077
path	1	0.0	0.544	0.126	0.919	AT5G14960	8.64	9.0	0.36	3.04	0.077
path	1	0.0	0.544	-0.065	0.349	AT4G36620	8.66	9.0	0.34	3.28	0.078
path	1	0.0	0.544	-0.065	0.349	AT2G02070	48.39	51.0	2.61	7.63	0.079
path	1	0.0	0.544	-1.295	0.275	AT5G08750	8.67	9.0	0.33	3.45	0.082
path	1	0.0	0.544	-1.295	0.275	AT5G47230	13.42	14.0	0.58	4.34	0.082
path	1	0.0	0.544	-1.295	0.275	AT1G76420	31.41	33.0	1.59	6.48	0.084
path	1	0.0	0.544	-1.295	0.275	AT1G01720	38.96	41.0	2.04	7.08	0.085
path	1	0.0	0.544	-1.295	0.275	AT3G11440	33.29	35.0	1.71	6.63	0.085
path	1	0.0	0.544	0.126	0.919	AT2G30590	9.59	10.0	0.41	3.13	0.085
path	1	0.0	0.544	-1.295	0.275	AT3G10500	23.84	25.0	1.16	5.68	0.086
path	1	0.0	0.544	-0.065	0.349	AT1G47655	38.94	41.0	2.06	6.71	0.087
path	1	0.0	0.544	-1.295	0.275	AT1G30490	25.73	27.0	1.27	5.83	0.088
path	1	0.0	0.544	-0.065	0.349	AT2G46130	15.29	16.0	0.71	4.23	0.089
path	1	0.0	0.544	-1.295	0.275	AT5G06950	38.01	40.0	1.99	6.9	0.089
path	1	0.0	0.544	-0.065	0.349	AT1G80840	4.84	5.0	0.16	2.31	0.09
path	1	0.0	0.544	-0.065	0.349	AT2G22430	44.6	47.0	2.4	6.99	0.091
path	1	0.0	0.544	-0.065	0.349	AT3G51080	7.7	8.0	0.3	2.96	0.091
path	1	0.0	0.544	-1.295	0.275	AT5G53950	15.31	16.0	0.69	4.49	0.091
path	1	0.0	0.544	-0.065	0.349	AT2G18380	41.76	44.0	2.24	6.68	0.095
path	1	0.0	0.544	0.126	0.919	AT2G38090	2.92	3.0	0.08	1.63	0.096
path	1	0.0	0.544	0.126	0.919	AT4G24240	2.92	3.0	0.08	1.63	0.096
path	1	0.0	0.544	0.126	0.919	AT4G38910	5.78	6.0	0.22	2.33	0.096
path	1	0.0	0.544	0.126	0.919	AT5G16600	2.92	3.0	0.08	1.63	0.096
path	1	0.0	0.544	-1.295	0.275	AT5G04410	27.6	29.0	1.4	5.77	0.099
path	1	0.0	0.544	-0.065	0.349	AT1G30490	38.92	41.0	2.08	6.37	0.1
path	1	0.0	0.544	-0.065	0.349	AT5G13080	48.35	51.0	2.65	6.96	0.102
path	1	0.0	0.544	-0.065	0.349	AT2G17950	14.33	15.0	0.67	3.9	0.103
path	1	0.0	0.544	-0.065	0.349	AT1G49560	44.57	47.0	2.43	6.65	0.104
path	1	0.0	0.544	-0.065	0.349	AT5G03150	25.69	27.0	1.31	5.15	0.105
path	1	0.0	0.544	-1.295	0.275	AT5G22890	2.93	3.0	0.07	1.77	0.105
path	1	0.0	0.544	-0.065	0.349	AT1G06850	40.8	43.0	2.2	6.35	0.106
path	1	0.0	0.544	-0.065	0.349	AT1G50640	54.95	58.0	3.05	7.23	0.106
path	1	0.0	0.544	-0.065	0.349	AT5G50570	12.43	13.0	0.57	3.59	0.107
path	1	0.0	0.544	-0.065	0.349	AT1G25580	22.85	24.0	1.15	4.84	0.107
path	1	0.0	0.544	-1.295	0.275	AT1G69010	38.92	41.0	2.08	6.46	0.108
path	1	0.0	0.544	-1.295	0.275	AT5G48670	1.96	2.0	0.04	1.38	0.109
path	1	0.0	0.544	-0.065	0.349	AT5G65410	52.11	55.0	2.89	6.92	0.111
path	1	0.0	0.544	-0.065	0.349	AT1G18960	1.96	2.0	0.04	1.33	0.113
path	1	0.0	0.544	-0.065	0.349	AT1G74370	1.96	2.0	0.04	1.33	0.113
path	1	0.0	0.544	-0.065	0.349	AT2G41835	2.92	3.0	0.08	1.66	0.113
path	1	0.0	0.544	-0.065	0.349	AT3G13040	2.92	3.0	0.08	1.66	0.113
path	1	0.0	0.544	-1.295	0.275	AT5G46590	12.44	13.0	0.56	3.75	0.113
path	1	0.0	0.544	-0.065	0.349	AT1G26960	43.62	46.0	2.38	6.33	0.115
path	1	0.0	0.544	-0.065	0.349	AT2G02540	53.99	57.0	3.01	6.9	0.116
path	1	0.0	0.544	0.126	0.919	AT2G01818	19.04	20.0	0.96	3.96	0.116
path	1	0.0	0.544	-0.065	0.349	AT5G41570	49.27	52.0	2.73	6.61	0.117
path	1	0.0	0.544	0.126	0.919	AT3G09735	48.3	51.0	2.7	6.1	0.117
path	1	0.0	0.544	-1.295	0.275	AT1G69560	6.74	7.0	0.26	2.68	0.119
path	1	0.0	0.544	0.126	0.919	AT5G05550	102.0	108.0	6.0	8.11	0.122
path	1	0.0	0.544	-1.295	0.275	AT1G71450	48.33	51.0	2.67	6.6	0.125
path	1	0.0	0.544	-1.295	0.275	AT4G16750	41.73	44.0	2.27	6.17	0.128
path	1	0.0	0.544	-0.065	0.349	AT1G28470	43.6	46.0	2.4	5.99	0.129
path	1	0.0	0.544	-1.295	0.275	AT3G17730	27.57	29.0	1.43	5.15	0.129
path	1	0.0	0.544	-1.295	0.275	AT4G28110	3.88	4.0	0.12	1.94	0.13
path	1	0.0	0.544	-0.065	0.349	AT4G26640	17.15	18.0	0.85	3.88	0.131
path	1	0.0	0.544	0.126	0.919	AT5G11260	89.74	95.0	5.26	7.48	0.131
path	1	0.0	0.544	-0.065	0.349	AT2G38470	35.1	37.0	1.9	5.4	0.132
path	1	0.0	0.544	-1.295	0.275	AT1G76110	15.27	16.0	0.73	3.87	0.133
path	1	0.0	0.544	-0.065	0.349	AT1G69780	45.47	48.0	2.53	5.97	0.135
path	1	0.0	0.544	-1.295	0.275	AT1G29280	28.5	30.0	1.5	5.13	0.135
path	1	0.0	0.544	0.126	0.919	AT4G36780	79.37	84.0	4.63	7.02	0.135
path	1	0.0	0.544	-0.065	0.349	AT2G02080	51.13	54.0	2.87	6.26	0.136
path	1	0.0	0.544	-1.295	0.275	AT2G02820	41.71	44.0	2.29	5.97	0.137
path	1	0.0	0.544	0.126	0.919	AT1G78700	78.43	83.0	4.57	6.94	0.137
path	1	0.0	0.544	-0.065	0.349	AT1G25340	32.26	34.0	1.74	5.09	0.138
path	1	0.0	0.544	-0.065	0.349	AT4G22070	28.48	30.0	1.52	4.78	0.139
path	1	0.0	0.544	0.126	0.919	AT2G21900	3.86	4.0	0.14	1.71	0.139
path	1	0.0	0.544	-1.295	0.275	AT3G60490	31.33	33.0	1.67	5.25	0.14
path	1	0.0	0.544	-1.295	0.275	AT1G72360	4.83	5.0	0.17	2.12	0.141
path	1	0.0	0.544	-1.295	0.275	AT5G45300	27.55	29.0	1.45	4.95	0.141
path	1	0.0	0.544	-0.065	0.349	AT3G12130	33.2	35.0	1.8	5.08	0.142
path	1	0.0	0.544	-0.065	0.349	AT1G52150	37.92	40.0	2.08	5.37	0.143
path	1	0.0	0.544	-0.065	0.349	AT4G23550	37.92	40.0	2.08	5.37	0.143
path	1	0.0	0.544	-1.295	0.275	AT1G34370	8.63	9.0	0.37	2.83	0.143
path	1	0.0	0.544	-0.065	0.349	AT2G42200	43.57	46.0	2.43	5.65	0.145
path	1	0.0	0.544	-1.295	0.275	AT5G13910	7.68	8.0	0.32	2.66	0.145
path	1	0.0	0.544	0.126	0.919	AT4G38170	83.13	88.0	4.87	6.9	0.145
path	1	0.0	0.544	-0.065	0.349	AT4G36160	61.48	65.0	3.52	6.5	0.146
path	1	0.0	0.544	-1.295	0.275	AT1G13400	6.73	7.0	0.27	2.48	0.146
path	1	0.0	0.544	-1.295	0.275	AT5G62000	22.83	24.0	1.17	4.47	0.146
path	1	0.0	0.544	-0.065	0.349	AT3G42860	19.03	20.0	0.97	3.86	0.147
path	1	0.0	0.544	-0.065	0.349	AT1G23810	4.82	5.0	0.18	1.97	0.148
path	1	0.0	0.544	-1.295	0.275	AT3G56850	47.36	50.0	2.64	6.01	0.148
path	1	0.0	0.544	-0.065	0.349	AT1G32240	8.62	9.0	0.38	2.61	0.15
path	1	0.0	0.544	-1.295	0.275	AT2G26960	19.99	21.0	1.01	4.14	0.15
path	1	0.0	0.544	-1.295	0.275	AT5G11260	42.64	45.0	2.36	5.74	0.15
path	1	0.0	0.544	0.126	0.919	AT5G07680	13.34	14.0	0.66	3.0	0.15
path	1	0.0	0.544	0.126	0.919	AT5G44160	15.23	16.0	0.77	3.17	0.152
path	1	0.0	0.544	-1.295	0.275	AT3G10480	25.65	27.0	1.35	4.59	0.153
path	1	0.0	0.544	0.126	0.919	AT4G01500	16.17	17.0	0.83	3.25	0.153
path	1	0.0	0.544	-0.065	0.349	AT3G21175	19.97	21.0	1.03	3.85	0.154
path	1	0.0	0.544	-1.295	0.275	AT3G15270	34.15	36.0	1.85	5.16	0.154
path	1	0.0	0.544	-0.065	0.349	AT2G03500	36.96	39.0	2.04	5.04	0.157
path	1	0.0	0.544	-1.295	0.275	AT2G23290	30.37	32.0	1.63	4.86	0.157
path	1	0.0	0.544	-0.065	0.349	AT1G53230	11.45	12.0	0.55	2.92	0.159
path	1	0.0	0.544	-1.295	0.275	AT1G64620	33.2	35.0	1.8	4.99	0.161
path	1	0.0	0.544	0.126	0.919	AT3G22780	4.81	5.0	0.19	1.79	0.163
path	1	0.0	0.544	0.126	0.919	AT5G42520	4.81	5.0	0.19	1.79	0.163
path	1	0.0	0.544	-0.065	0.349	AT3G13810	38.84	41.0	2.16	5.02	0.164
path	1	0.0	0.544	-1.295	0.275	AT5G18450	23.75	25.0	1.25	4.24	0.166
path	1	0.0	0.544	0.126	0.919	AT2G43000	73.68	78.0	4.32	6.06	0.167
path	1	0.0	0.544	-1.295	0.275	AT5G13180	30.36	32.0	1.64	4.66	0.169
path	1	0.0	0.544	0.126	0.919	AT1G72740	32.21	34.0	1.79	4.22	0.17
path	1	0.0	0.544	0.126	0.919	AT3G03200	54.83	58.0	3.17	5.31	0.17
path	1	0.0	0.544	-1.295	0.275	AT5G10510	3.86	4.0	0.14	1.74	0.173
path	1	0.0	0.544	-0.065	0.349	AT2G33550	22.79	24.0	1.21	3.83	0.174
path	1	0.0	0.544	-0.065	0.349	AT4G36740	53.91	57.0	3.09	5.56	0.174
path	1	0.0	0.544	0.126	0.919	AT2G18380	52.94	56.0	3.06	5.14	0.175
path	1	0.0	0.544	-0.065	0.349	AT3G26620	27.5	29.0	1.5	4.12	0.177
path	1	0.0	0.544	-1.295	0.275	AT3G51470	4.81	5.0	0.19	1.92	0.177
path	1	0.0	0.544	0.126	0.919	AT1G32870	52.0	55.0	3.0	5.05	0.177
path	1	0.0	0.544	0.126	0.919	AT1G69180	61.42	65.0	3.58	5.43	0.177
path	1	0.0	0.544	0.126	0.919	AT1G12630	84.96	90.0	5.04	6.15	0.178
path	1	0.0	0.544	0.126	0.919	AT4G14410	5.75	6.0	0.25	1.88	0.178
path	1	0.0	0.544	-1.295	0.275	AT1G78700	36.95	39.0	2.05	4.88	0.179
path	1	0.0	0.544	-1.295	0.275	AT5G65410	32.23	34.0	1.77	4.6	0.18
path	1	0.0	0.544	-0.065	0.349	AT1G63030	5.76	6.0	0.24	1.97	0.182
path	1	0.0	0.544	-0.065	0.349	AT4G04450	5.76	6.0	0.24	1.97	0.182
path	1	0.0	0.544	-1.295	0.275	AT3G16280	30.34	32.0	1.66	4.45	0.182
path	1	0.0	0.544	0.126	0.919	AT5G29000	50.11	53.0	2.89	4.89	0.182
path	1	0.0	0.544	-1.295	0.275	AT2G36270	46.37	49.0	2.63	5.21	0.185
path	1	0.0	0.544	-1.295	0.275	AT3G12130	20.9	22.0	1.1	3.7	0.188
path	1	0.0	0.544	-1.295	0.275	AT2G23340	34.11	36.0	1.89	4.55	0.189
path	1	0.0	0.544	-1.295	0.275	AT2G45420	29.39	31.0	1.61	4.28	0.189
path	1	0.0	0.544	0.126	0.919	AT2G24570	7.64	8.0	0.36	2.04	0.194
path	1	0.0	0.544	0.126	0.919	AT2G20400	45.38	48.0	2.62	4.47	0.195
path	1	0.0	0.544	-0.065	0.349	AT3G24520	42.57	45.0	2.43	4.65	0.196
path	1	0.0	0.544	-0.065	0.349	AT5G44210	26.54	28.0	1.46	3.79	0.196
path	1	0.0	0.544	-1.295	0.275	AT2G24430	28.44	30.0	1.56	4.1	0.197
path	1	0.0	0.544	-0.065	0.349	AT1G30650	37.86	40.0	2.14	4.36	0.2
path	1	0.0	0.544	-1.295	0.275	AT2G46590	31.27	33.0	1.73	4.22	0.2
path	1	0.0	0.544	0.126	0.919	AT1G18570	9.53	10.0	0.47	2.21	0.2
path	1	0.0	0.544	-0.065	0.349	AT1G20980	22.77	24.0	1.23	3.49	0.201
path	1	0.0	0.544	-0.065	0.349	AT4G01250	33.14	35.0	1.86	4.07	0.204
path	1	0.0	0.544	-1.295	0.275	AT3G10030	19.0	20.0	1.0	3.35	0.205
path	1	0.0	0.544	-1.295	0.275	AT5G63260	32.21	34.0	1.79	4.19	0.205
path	1	0.0	0.544	-0.065	0.349	AT3G57230	6.7	7.0	0.3	1.96	0.209
path	1	0.0	0.544	0.126	0.919	AT1G63040	1.94	2.0	0.06	1.08	0.21
path	1	0.0	0.544	0.126	0.919	AT2G46400	1.94	2.0	0.06	1.08	0.21
path	1	0.0	0.544	0.126	0.919	AT3G07220	1.94	2.0	0.06	1.08	0.21
path	1	0.0	0.544	0.126	0.919	AT5G58620	1.94	2.0	0.06	1.08	0.21
path	1	0.0	0.544	-0.065	0.349	AT1G62300	35.02	37.0	1.98	4.05	0.211
path	1	0.0	0.544	0.126	0.919	AT2G35700	73.62	78.0	4.38	5.14	0.211
path	1	0.0	0.544	-1.295	0.275	AT5G06100	26.54	28.0	1.46	3.74	0.214
path	1	0.0	0.544	-1.295	0.275	AT5G65130	18.05	19.0	0.95	3.17	0.214
path	1	0.0	0.544	-0.065	0.349	AT1G02250	30.3	32.0	1.7	3.76	0.215
path	1	0.0	0.544	-0.065	0.349	AT4G01550	35.96	38.0	2.04	4.04	0.215
path	1	0.0	0.544	-0.065	0.349	AT5G18450	35.96	38.0	2.04	4.04	0.215
path	1	0.0	0.544	-1.295	0.275	AT5G52170	2.9	3.0	0.1	1.36	0.215
path	1	0.0	0.544	-1.295	0.275	AT5G61270	2.9	3.0	0.1	1.36	0.215
path	1	0.0	0.544	-1.295	0.275	AT1G77200	39.74	42.0	2.26	4.38	0.216
path	1	0.0	0.544	0.126	0.919	AT3G10030	38.77	41.0	2.23	3.88	0.216
path	1	0.0	0.544	-1.295	0.275	AT4G37260	29.37	31.0	1.63	3.86	0.217
path	1	0.0	0.544	-1.295	0.275	AT5G25390	4.8	5.0	0.2	1.71	0.217
path	1	0.0	0.544	-0.065	0.349	AT4G01720	4.8	5.0	0.2	1.64	0.218
path	1	0.0	0.544	-1.295	0.275	AT1G63030	3.85	4.0	0.15	1.53	0.219
path	1	0.0	0.544	-0.065	0.349	AT3G61150	37.84	40.0	2.16	4.02	0.222
path	1	0.0	0.544	0.126	0.919	AT2G36270	97.13	103.0	5.87	5.4	0.225
path	1	0.0	0.544	-1.295	0.275	AT5G22500	10.48	11.0	0.52	2.37	0.228
path	1	0.0	0.544	-1.295	0.275	AT5G18560	21.81	23.0	1.19	3.27	0.229
path	1	0.0	0.544	-0.065	0.349	AT3G27785	34.06	36.0	1.94	3.72	0.231
path	1	0.0	0.544	-1.295	0.275	AT1G06280	44.43	47.0	2.57	4.24	0.235
path	1	0.0	0.544	-0.065	0.349	AT4G34410	57.6	61.0	3.4	4.52	0.236
path	1	0.0	0.544	-1.295	0.275	AT4G31060	35.95	38.0	2.05	3.88	0.238
path	1	0.0	0.544	-1.295	0.275	AT3G03200	25.58	27.0	1.42	3.36	0.239
path	1	0.0	0.544	-1.295	0.275	AT5G10030	39.71	42.0	2.29	3.97	0.241
path	1	0.0	0.544	-0.065	0.349	AT1G19040	5.74	6.0	0.26	1.63	0.247
path	1	0.0	0.544	-1.295	0.275	AT4G25470	35.0	37.0	2.0	3.7	0.247
path	1	0.0	0.544	0.126	0.919	AT3G12250	83.93	89.0	5.07	4.69	0.247
path	1	0.0	0.544	-0.065	0.349	AT5G24110	26.5	28.0	1.5	3.12	0.25
path	1	0.0	0.544	-0.065	0.349	AT2G01930	56.65	60.0	3.35	4.19	0.253
path	1	0.0	0.544	0.126	0.919	AT4G06746	37.8	40.0	2.2	3.34	0.253
path	1	0.0	0.544	-1.295	0.275	AT1G20980	14.25	15.0	0.75	2.46	0.256
path	1	0.0	0.544	-0.065	0.349	AT2G18350	41.57	44.0	2.43	3.65	0.257
path	1	0.0	0.544	-0.065	0.349	AT5G66730	42.51	45.0	2.49	3.65	0.26
path	1	0.0	0.544	-1.295	0.275	AT1G02250	18.96	20.0	1.04	2.73	0.26
path	1	0.0	0.544	-1.295	0.275	AT5G67300	4.79	5.0	0.21	1.51	0.26
path	1	0.0	0.544	0.126	0.919	AT1G20910	35.91	38.0	2.09	3.18	0.261
path	1	0.0	0.544	0.126	0.919	AT5G66300	35.91	38.0	2.09	3.18	0.261
path	1	0.0	0.544	-1.295	0.275	AT4G18770	29.33	31.0	1.67	3.25	0.262
path	1	0.0	0.544	-1.295	0.275	AT5G51990	41.58	44.0	2.42	3.71	0.262
path	1	0.0	0.544	-0.065	0.349	AT3G48160	1.94	2.0	0.06	0.99	0.263
path	1	0.0	0.544	-0.065	0.349	AT5G40330	1.94	2.0	0.06	0.99	0.263
path	1	0.0	0.544	-0.065	0.349	AT5G49300	1.94	2.0	0.06	0.99	0.263
path	1	0.0	0.544	-0.065	0.349	AT5G62165	1.94	2.0	0.06	0.99	0.263
path	1	0.0	0.544	-0.065	0.349	AT2G23290	45.33	48.0	2.67	3.62	0.268
path	1	0.0	0.544	0.126	0.919	AT2G31460	3.83	4.0	0.17	1.25	0.268
path	1	0.0	0.544	0.126	0.919	AT3G46070	3.83	4.0	0.17	1.25	0.268
path	1	0.0	0.544	0.126	0.919	AT5G38860	3.83	4.0	0.17	1.25	0.268
path	1	0.0	0.544	-0.065	0.349	AT5G25390	6.68	7.0	0.32	1.62	0.27
path	1	0.0	0.544	0.126	0.919	AT4G24020	10.45	11.0	0.55	1.84	0.272
path	1	0.0	0.544	0.126	0.919	AT4G27950	41.55	44.0	2.45	3.22	0.272
path	1	0.0	0.544	-1.295	0.275	AT1G32510	1.94	2.0	0.06	0.97	0.274
path	1	0.0	0.544	0.126	0.919	AT2G38880	4.78	5.0	0.22	1.33	0.276
path	1	0.0	0.544	-0.065	0.349	AT1G06280	69.8	74.0	4.2	4.07	0.278
path	1	0.0	0.544	-0.065	0.349	AT2G20400	33.08	35.0	1.92	3.06	0.278
path	1	0.0	0.544	-1.295	0.275	AT4G28140	8.57	9.0	0.43	1.8	0.28
path	1	0.0	0.544	0.126	0.919	AT2G40260	54.72	58.0	3.28	3.47	0.28
path	1	0.0	0.544	-0.065	0.349	AT5G65510	20.83	22.0	1.17	2.5	0.281
path	1	0.0	0.544	-1.295	0.275	AT4G32800	12.35	13.0	0.65	2.1	0.281
path	1	0.0	0.544	-1.295	0.275	AT3G57920	21.78	23.0	1.22	2.65	0.282
path	1	0.0	0.544	-1.295	0.275	AT3G21890	24.6	26.0	1.4	2.77	0.283
path	1	0.0	0.544	-0.065	0.349	AT5G59990	11.39	12.0	0.61	1.91	0.285
path	1	0.0	0.544	-0.065	0.349	AT3G57600	7.62	8.0	0.38	1.61	0.287
path	1	0.0	0.544	-1.295	0.275	AT3G23240	22.71	24.0	1.29	2.62	0.289
path	1	0.0	0.544	0.126	0.919	AT5G47660	45.3	48.0	2.7	3.1	0.29
path	1	0.0	0.544	-0.065	0.349	AT1G04880	22.71	24.0	1.29	2.48	0.291
path	1	0.0	0.544	-1.295	0.275	AT1G06850	23.65	25.0	1.35	2.59	0.295
path	1	0.0	0.544	-1.295	0.275	AT1G43700	7.62	8.0	0.38	1.63	0.295
path	1	0.0	0.544	-1.295	0.275	AT5G39820	9.51	10.0	0.49	1.78	0.296
path	1	0.0	0.544	0.126	0.919	AT4G25480	90.46	96.0	5.54	3.9	0.296
path	1	0.0	0.544	-1.295	0.275	AT1G03800	43.43	46.0	2.57	3.24	0.297
path	1	0.0	0.544	-0.065	0.349	AT5G67190	59.42	63.0	3.58	3.49	0.299
path	1	0.0	0.544	0.126	0.919	AT2G24430	57.53	61.0	3.47	3.27	0.299
path	1	0.0	0.544	-1.295	0.275	AT1G25340	18.94	20.0	1.06	2.32	0.3
path	1	0.0	0.544	-1.295	0.275	AT1G71696	24.59	26.0	1.41	2.56	0.301
path	1	0.0	0.544	-1.295	0.275	AT5G64750	34.01	36.0	1.99	2.9	0.301
path	1	0.0	0.544	-0.065	0.349	AT3G02990	8.56	9.0	0.44	1.6	0.302
path	1	0.0	0.544	-1.295	0.275	AT1G19790	14.22	15.0	0.78	2.05	0.302
path	1	0.0	0.544	0.126	0.919	AT3G04070	17.04	18.0	0.96	1.96	0.306
path	1	0.0	0.544	0.126	0.919	AT3G50700	25.51	27.0	1.49	2.26	0.31
path	1	0.0	0.544	-1.295	0.275	AT1G53230	6.67	7.0	0.33	1.45	0.311
path	1	0.0	0.544	0.126	0.919	AT1G76890	61.28	65.0	3.72	3.14	0.312
path	1	0.0	0.544	0.126	0.919	AT3G24520	54.69	58.0	3.31	3.01	0.312
path	1	0.0	0.544	0.126	0.919	AT3G60490	61.28	65.0	3.72	3.14	0.312
path	1	0.0	0.544	-0.065	0.349	AT1G21910	9.49	10.0	0.51	1.59	0.314
path	1	0.0	0.544	-1.295	0.275	AT3G27785	20.81	22.0	1.19	2.27	0.314
path	1	0.0	0.544	-0.065	0.349	AT1G69690	15.15	16.0	0.85	1.88	0.318
path	1	0.0	0.544	-0.065	0.349	AT3G23250	5.72	6.0	0.28	1.29	0.318
path	1	0.0	0.544	-0.065	0.349	AT3G47600	5.72	6.0	0.28	1.29	0.318
path	1	0.0	0.544	-0.065	0.349	AT4G27900	5.72	6.0	0.28	1.29	0.318
path	1	0.0	0.544	-0.065	0.349	AT5G10140	5.72	6.0	0.28	1.29	0.318
path	1	0.0	0.544	-0.065	0.349	AT1G12260	37.76	40.0	2.24	2.68	0.319
path	1	0.0	0.544	-1.295	0.275	AT1G65620	3.83	4.0	0.17	1.12	0.321
path	1	0.0	0.544	0.126	0.919	AT4G17980	59.39	63.0	3.61	2.97	0.321
path	1	0.0	0.544	-0.065	0.349	AT2G15740	38.7	41.0	2.3	2.67	0.322
path	1	0.0	0.544	-0.065	0.349	AT2G22540	49.99	53.0	3.01	2.9	0.324
path	1	0.0	0.544	-0.065	0.349	AT3G45150	10.43	11.0	0.57	1.59	0.324
path	1	0.0	0.544	-0.065	0.349	AT1G10720	2.88	3.0	0.12	0.98	0.325
path	1	0.0	0.544	-1.295	0.275	AT2G18350	25.52	27.0	1.48	2.33	0.325
path	1	0.0	0.544	-0.065	0.349	AT5G62380	40.57	43.0	2.43	2.65	0.327
path	1	0.0	0.544	-1.295	0.275	AT2G01940	29.28	31.0	1.72	2.43	0.327
path	1	0.0	0.544	-0.065	0.349	AT4G28500	32.1	34.0	1.9	2.4	0.329
path	1	0.0	0.544	-0.065	0.349	AT4G29230	32.1	34.0	1.9	2.4	0.329
path	1	0.0	0.544	-1.295	0.275	AT1G13300	5.72	6.0	0.28	1.27	0.329
path	1	0.0	0.544	0.126	0.919	AT2G02080	64.09	68.0	3.91	2.93	0.329
path	1	0.0	0.544	-1.295	0.275	AT1G22810	30.22	32.0	1.78	2.4	0.332
path	1	0.0	0.544	-1.295	0.275	AT4G25480	41.52	44.0	2.48	2.68	0.332
path	1	0.0	0.544	0.126	0.919	AT5G22990	69.73	74.0	4.27	2.98	0.332
path	1	0.0	0.544	0.126	0.919	AT1G75080	12.31	13.0	0.69	1.54	0.334
path	1	0.0	0.544	-0.065	0.349	AT4G00730	33.98	36.0	2.02	2.38	0.335
path	1	0.0	0.544	-1.295	0.275	AT1G69180	27.39	29.0	1.61	2.28	0.335
path	1	0.0	0.544	0.126	0.919	AT1G36060	43.38	46.0	2.62	2.47	0.335
path	1	0.0	0.544	-1.295	0.275	AT4G36780	34.92	37.0	2.08	2.46	0.337
path	1	0.0	0.544	-1.295	0.275	AT1G34180	24.57	26.0	1.43	2.15	0.338
path	1	0.0	0.544	0.126	0.919	AT3G15170	35.85	38.0	2.15	2.26	0.338
path	1	0.0	0.544	-1.295	0.275	AT2G17900	2.88	3.0	0.12	0.94	0.339
path	1	0.0	0.544	-1.295	0.275	AT3G02150	2.88	3.0	0.12	0.94	0.339
path	1	0.0	0.544	-1.295	0.275	AT4G01720	2.88	3.0	0.12	0.94	0.339
path	1	0.0	0.544	-0.065	0.349	AT5G08130	12.31	13.0	0.69	1.57	0.341
path	1	0.0	0.544	0.126	0.919	AT1G01250	11.37	12.0	0.63	1.46	0.341
path	1	0.0	0.544	-1.295	0.275	AT5G24110	16.09	17.0	0.91	1.79	0.343
path	1	0.0	0.544	-0.065	0.349	AT1G44830	19.85	21.0	1.15	1.84	0.346
path	1	0.0	0.544	-0.065	0.349	AT5G58850	49.97	53.0	3.03	2.57	0.347
path	1	0.0	0.544	-1.295	0.275	AT1G75490	19.85	21.0	1.15	1.88	0.348
path	1	0.0	0.544	0.126	0.919	AT1G69560	10.42	11.0	0.58	1.38	0.348
path	1	0.0	0.544	0.126	0.919	AT4G25470	72.54	77.0	4.46	2.77	0.348
path	1	0.0	0.544	-1.295	0.275	AT1G72740	14.2	15.0	0.8	1.64	0.35
path	1	0.0	0.544	0.126	0.919	AT3G23220	26.43	28.0	1.57	1.88	0.352
path	1	0.0	0.544	-1.295	0.275	AT5G58850	31.15	33.0	1.85	2.16	0.353
path	1	0.0	0.544	-1.295	0.275	AT4G10350	20.79	22.0	1.21	1.85	0.354
path	1	0.0	0.544	0.126	0.919	AT2G15660	9.48	10.0	0.52	1.29	0.355
path	1	0.0	0.544	-1.295	0.275	AT4G37180	24.55	26.0	1.45	1.95	0.357
path	1	0.0	0.544	-0.065	0.349	AT1G08320	55.6	59.0	3.4	2.52	0.358
path	1	0.0	0.544	-1.295	0.275	AT5G38860	1.93	2.0	0.07	0.77	0.358
path	1	0.0	0.544	-0.065	0.349	AT1G01250	8.54	9.0	0.46	1.27	0.359
path	1	0.0	0.544	-1.295	0.275	AT1G52150	21.73	23.0	1.27	1.83	0.36
path	1	0.0	0.544	0.126	0.919	AT5G66700	81.93	87.0	5.07	2.69	0.36
path	1	0.0	0.544	0.126	0.919	AT1G74480	45.25	48.0	2.75	2.18	0.361
path	1	0.0	0.544	-1.295	0.275	AT1G14687	29.26	31.0	1.74	2.01	0.362
path	1	0.0	0.544	0.126	0.919	AT1G03840	50.89	54.0	3.11	2.22	0.365
path	1	0.0	0.544	0.126	0.919	AT4G32800	24.54	26.0	1.46	1.71	0.365
path	1	0.0	0.544	-1.295	0.275	AT5G60850	30.2	32.0	1.8	1.99	0.366
path	1	0.0	0.544	-1.295	0.275	AT1G68670	10.42	11.0	0.58	1.34	0.367
path	1	0.0	0.544	-1.295	0.275	AT1G70910	0.98	1.0	0.02	0.59	0.369
path	1	0.0	0.544	-1.295	0.275	AT2G39900	0.98	1.0	0.02	0.59	0.369
path	1	0.0	0.544	-1.295	0.275	AT3G15210	43.37	46.0	2.63	2.21	0.369
path	1	0.0	0.544	-1.295	0.275	AT4G37790	0.98	1.0	0.02	0.59	0.369
path	1	0.0	0.544	-0.065	0.349	AT5G13790	17.01	18.0	0.99	1.53	0.37
path	1	0.0	0.544	-0.065	0.349	AT5G61600	17.01	18.0	0.99	1.53	0.37
path	1	0.0	0.544	-1.295	0.275	AT1G50640	31.13	33.0	1.87	1.96	0.37
path	1	0.0	0.544	-1.295	0.275	AT4G31550	5.7	6.0	0.3	1.07	0.37
path	1	0.0	0.544	-1.295	0.275	AT5G07680	5.7	6.0	0.3	1.07	0.37
path	1	0.0	0.544	-1.295	0.275	AT5G25190	39.6	42.0	2.4	2.12	0.371
path	1	0.0	0.544	-1.295	0.275	AT3G57230	3.81	4.0	0.19	0.92	0.373
path	1	0.0	0.544	0.126	0.919	AT1G01720	73.46	78.0	4.54	2.39	0.373
path	1	0.0	0.544	-0.065	0.349	AT1G31140	38.66	41.0	2.34	2.0	0.374
path	1	0.0	0.544	-0.065	0.349	AT1G76870	4.76	5.0	0.24	0.97	0.376
path	1	0.0	0.544	-0.065	0.349	AT2G40260	39.6	42.0	2.4	1.99	0.376
path	1	0.0	0.544	-1.295	0.275	AT1G26960	24.54	26.0	1.46	1.74	0.376
path	1	0.0	0.544	0.126	0.919	AT4G38620	6.64	7.0	0.36	1.04	0.378
path	1	0.0	0.544	0.126	0.919	AT5G13790	22.65	24.0	1.35	1.55	0.378
path	1	0.0	0.544	-0.065	0.349	AT3G22830	29.24	31.0	1.76	1.75	0.38
path	1	0.0	0.544	-1.295	0.275	AT1G45249	25.48	27.0	1.52	1.71	0.38
path	1	0.0	0.544	-1.295	0.275	AT1G68550	37.71	40.0	2.29	1.97	0.38
path	1	0.0	0.544	-1.295	0.275	AT3G20310	42.42	45.0	2.58	2.04	0.38
path	1	0.0	0.544	-0.065	0.349	AT3G58630	11.35	12.0	0.65	1.24	0.382
path	1	0.0	0.544	-0.065	0.349	AT4G25490	57.46	61.0	3.54	2.16	0.383
path	1	0.0	0.544	-0.065	0.349	AT3G11020	31.12	33.0	1.88	1.73	0.385
path	1	0.0	0.544	-1.295	0.275	AT1G44830	12.3	13.0	0.7	1.28	0.386
path	1	0.0	0.544	-1.295	0.275	AT3G23210	9.47	10.0	0.53	1.16	0.387
path	1	0.0	0.544	-1.295	0.275	AT1G12610	16.06	17.0	0.94	1.38	0.389
path	1	0.0	0.544	0.126	0.919	AT5G10030	81.9	87.0	5.1	2.23	0.389
path	1	0.0	0.544	-0.065	0.349	AT5G29000	34.88	37.0	2.12	1.7	0.394
path	1	0.0	0.544	0.126	0.919	AT3G17730	51.81	55.0	3.19	1.85	0.394
path	1	0.0	0.544	-1.295	0.275	AT1G70920	20.76	22.0	1.24	1.44	0.396
path	1	0.0	0.544	-0.065	0.349	AT1G03800	67.8	72.0	4.2	2.07	0.397
path	1	0.0	0.544	-0.065	0.349	AT3G28920	50.87	54.0	3.13	1.89	0.397
path	1	0.0	0.544	-0.065	0.349	AT5G64750	52.75	56.0	3.25	1.87	0.399
path	1	0.0	0.544	0.126	0.919	AT2G15740	50.86	54.0	3.14	1.76	0.4
path	1	0.0	0.544	-0.065	0.349	AT4G24470	15.11	16.0	0.89	1.21	0.403
path	1	0.0	0.544	-1.295	0.275	AT5G67190	35.81	38.0	2.19	1.61	0.405
path	1	0.0	0.544	-0.065	0.349	AT2G06200	16.05	17.0	0.95	1.2	0.407
path	1	0.0	0.544	-1.295	0.275	AT5G64060	18.88	20.0	1.12	1.29	0.407
path	1	0.0	0.544	0.126	0.919	AT3G09230	3.81	4.0	0.19	0.79	0.409
path	1	0.0	0.544	0.126	0.919	AT5G14340	3.81	4.0	0.19	0.79	0.409
path	1	0.0	0.544	-1.295	0.275	AT2G41690	5.69	6.0	0.31	0.86	0.411
path	1	0.0	0.544	0.126	0.919	AT2G18060	48.97	52.0	3.03	1.6	0.411
path	1	0.0	0.544	-1.295	0.275	AT2G30340	19.81	21.0	1.19	1.27	0.412
path	1	0.0	0.544	-0.065	0.349	AT5G08070	1.92	2.0	0.08	0.66	0.413
path	1	0.0	0.544	0.126	0.919	AT2G26960	36.74	39.0	2.26	1.43	0.414
path	1	0.0	0.544	0.126	0.919	AT1G22070	11.34	12.0	0.66	1.0	0.416
path	1	0.0	0.544	-0.065	0.349	AT3G20310	67.78	72.0	4.22	1.73	0.418
path	1	0.0	0.544	-1.295	0.275	AT2G22540	30.16	32.0	1.84	1.37	0.419
path	1	0.0	0.544	-0.065	0.349	AT5G46350	19.81	21.0	1.19	1.16	0.42
path	1	0.0	0.544	-0.065	0.349	AT3G49530	33.92	36.0	2.08	1.37	0.421
path	1	0.0	0.544	-1.295	0.275	AT2G44840	26.39	28.0	1.61	1.28	0.422
path	1	0.0	0.544	0.126	0.919	AT3G49930	2.86	3.0	0.14	0.71	0.422
path	1	0.0	0.544	0.126	0.919	AT5G25475	2.86	3.0	0.14	0.71	0.422
path	1	0.0	0.544	-1.295	0.275	AT1G12630	36.74	39.0	2.26	1.38	0.425
path	1	0.0	0.544	-0.065	0.349	AT1G34370	10.39	11.0	0.61	0.91	0.428
path	1	0.0	0.544	-0.065	0.349	AT5G06100	38.62	41.0	2.38	1.33	0.429
path	1	0.0	0.544	-1.295	0.275	AT4G01250	18.86	20.0	1.14	1.09	0.429
path	1	0.0	0.544	0.126	0.919	AT3G26790	22.62	24.0	1.38	1.09	0.431
path	1	0.0	0.544	-1.295	0.275	AT3G04070	7.57	8.0	0.43	0.8	0.433
path	1	0.0	0.544	-0.065	0.349	AT2G44840	42.37	45.0	2.63	1.29	0.434
path	1	0.0	0.544	-0.065	0.349	AT3G61120	2.86	3.0	0.14	0.65	0.436
path	1	0.0	0.544	0.126	0.919	AT1G17950	1.92	2.0	0.08	0.63	0.437
path	1	0.0	0.544	0.126	0.919	AT1G67260	1.92	2.0	0.08	0.63	0.437
path	1	0.0	0.544	-1.295	0.275	AT3G61120	1.91	2.0	0.09	0.56	0.439
path	1	0.0	0.544	-1.295	0.275	AT5G14340	1.91	2.0	0.09	0.56	0.439
path	1	0.0	0.544	-0.065	0.349	AT3G25990	13.21	14.0	0.79	0.89	0.44
path	1	0.0	0.544	-1.295	0.275	AT5G22990	31.08	33.0	1.92	1.14	0.44
path	1	0.0	0.544	-1.295	0.275	AT2G23320	26.38	28.0	1.62	1.07	0.441
path	1	0.0	0.544	-1.295	0.275	AT1G02230	21.68	23.0	1.32	1.0	0.442
path	1	0.0	0.544	0.126	0.919	AT1G53170	98.78	105.0	6.22	1.44	0.443
path	1	0.0	0.544	-0.065	0.349	AT5G05790	30.14	32.0	1.86	1.07	0.444
path	1	0.0	0.544	-1.295	0.275	AT2G46770	22.62	24.0	1.38	0.98	0.446
path	1	0.0	0.544	0.126	0.919	AT1G65910	48.94	52.0	3.06	1.14	0.448
path	1	0.0	0.544	-0.065	0.349	AT3G02150	3.8	4.0	0.2	0.64	0.449
path	1	0.0	0.544	-0.065	0.349	AT3G23240	33.9	36.0	2.1	1.03	0.45
path	1	0.0	0.544	0.126	0.919	AT1G28160	70.57	75.0	4.43	1.23	0.45
path	1	0.0	0.544	0.126	0.919	AT2G38300	8.5	9.0	0.5	0.75	0.45
path	1	0.0	0.544	-1.295	0.275	AT3G50260	40.48	43.0	2.52	1.06	0.452
path	1	0.0	0.544	0.126	0.919	AT1G68550	80.9	86.0	5.1	1.23	0.452
path	1	0.0	0.544	-0.065	0.349	AT3G50700	17.91	19.0	1.09	0.84	0.454
path	1	0.0	0.544	-0.065	0.349	AT5G66700	59.28	63.0	3.72	1.14	0.454
path	1	0.0	0.544	0.126	0.919	AT1G08010	42.36	45.0	2.64	1.01	0.455
path	1	0.0	0.544	0.126	0.919	AT4G18890	14.15	15.0	0.85	0.8	0.455
path	1	0.0	0.544	-0.065	0.349	AT1G28370	62.1	66.0	3.9	1.11	0.457
path	1	0.0	0.544	0.126	0.919	AT1G77200	79.96	85.0	5.04	1.15	0.457
path	1	0.0	0.544	0.126	0.919	AT4G24470	19.79	21.0	1.21	0.84	0.457
path	1	0.0	0.544	0.126	0.919	AT1G25580	25.43	27.0	1.57	0.88	0.457
path	1	0.0	0.544	0.126	0.919	AT1G47870	0.97	1.0	0.03	0.54	0.458
path	1	0.0	0.544	0.126	0.919	AT1G60920	0.97	1.0	0.03	0.54	0.458
path	1	0.0	0.544	0.126	0.919	AT1G66420	0.97	1.0	0.03	0.54	0.458
path	1	0.0	0.544	0.126	0.919	AT2G48100	0.97	1.0	0.03	0.54	0.458
path	1	0.0	0.544	0.126	0.919	AT4G12670	0.97	1.0	0.03	0.54	0.458
path	1	0.0	0.544	0.126	0.919	AT5G38800	0.97	1.0	0.03	0.54	0.458
path	1	0.0	0.544	0.126	0.919	AT5G42820	0.97	1.0	0.03	0.54	0.458
path	1	0.0	0.544	-1.295	0.275	AT3G49530	20.73	22.0	1.27	0.83	0.459
path	1	0.0	0.544	-0.065	0.349	AT1G19790	20.73	22.0	1.27	0.82	0.46
path	1	0.0	0.544	-1.295	0.275	AT4G18890	6.62	7.0	0.38	0.63	0.46
path	1	0.0	0.544	-0.065	0.349	AT2G23320	42.35	45.0	2.65	0.96	0.461
path	1	0.0	0.544	0.126	0.919	AT2G42430	47.05	50.0	2.95	0.97	0.461
path	1	0.0	0.544	0.126	0.919	AT3G13810	47.05	50.0	2.95	0.97	0.461
path	1	0.0	0.544	0.126	0.919	AT3G10500	41.41	44.0	2.59	0.93	0.462
path	1	0.0	0.544	0.126	0.919	AT1G69010	73.37	78.0	4.63	1.02	0.464
path	1	0.0	0.544	0.126	0.919	AT2G45680	13.2	14.0	0.8	0.71	0.466
path	1	0.0	0.544	0.126	0.919	AT4G26640	18.84	20.0	1.16	0.76	0.466
path	1	0.0	0.544	0.126	0.919	AT1G71450	94.05	100.0	5.95	1.03	0.467
path	1	0.0	0.544	-0.065	0.349	AT2G15660	6.62	7.0	0.38	0.61	0.468
path	1	0.0	0.544	-0.065	0.349	AT2G33810	6.62	7.0	0.38	0.61	0.468
path	1	0.0	0.544	-0.065	0.349	AT2G45650	7.56	8.0	0.44	0.6	0.472
path	1	0.0	0.544	-0.065	0.349	AT3G46590	7.56	8.0	0.44	0.6	0.472
path	1	0.0	0.544	-1.295	0.275	AT2G31230	30.12	32.0	1.88	0.75	0.472
path	1	0.0	0.544	-0.065	0.349	AT5G23930	54.56	58.0	3.44	0.84	0.473
path	1	0.0	0.544	-1.295	0.275	AT4G28500	18.84	20.0	1.16	0.68	0.473
path	1	0.0	0.544	0.126	0.919	AT4G23550	45.16	48.0	2.84	0.8	0.474
path	1	0.0	0.544	-0.065	0.349	AT1G75080	8.49	9.0	0.51	0.59	0.475
path	1	0.0	0.544	-0.065	0.349	AT2G41690	8.49	9.0	0.51	0.59	0.475
path	1	0.0	0.544	-1.295	0.275	AT1G18570	3.79	4.0	0.21	0.51	0.475
path	1	0.0	0.544	-1.295	0.275	AT3G45610	28.23	30.0	1.77	0.6	0.484
path	1	0.0	0.544	-0.065	0.349	AT1G79580	42.33	45.0	2.67	0.62	0.487
path	1	0.0	0.544	-0.065	0.349	AT1G14687	45.15	48.0	2.85	0.59	0.49
path	1	0.0	0.544	0.126	0.919	AT1G33240	58.31	62.0	3.69	0.6	0.492
path	1	0.0	0.544	0.126	0.919	AT1G28370	83.68	89.0	5.32	0.56	0.495
path	1	0.0	0.544	0.126	0.919	AT3G20840	5.67	6.0	0.33	0.5	0.496
path	1	0.0	0.544	-1.295	0.275	AT4G34410	32.92	35.0	2.08	0.46	0.497
path	1	0.0	0.544	-0.065	0.349	AT4G38170	56.42	60.0	3.58	0.49	0.498
path	1	0.0	0.544	-1.295	0.275	AT1G74480	19.76	21.0	1.24	0.44	0.498
path	1	0.0	0.544	0.126	0.919	AT1G79580	57.36	61.0	3.64	0.52	0.498
path	1	0.0	0.544	-1.295	0.275	AT5G62165	0.96	1.0	0.04	0.38	0.499
path	1	0.0	0.544	-0.065	0.349	AT1G12610	24.46	26.0	1.54	0.45	0.501
path	1	0.0	0.544	-1.295	0.275	AT5G04390	14.12	15.0	0.88	0.4	0.501
path	1	0.0	0.544	-0.065	0.349	AT5G64060	29.16	31.0	1.84	0.4	0.505
path	1	0.0	0.544	-1.295	0.275	AT5G66300	15.06	16.0	0.94	0.38	0.505
path	1	0.0	0.544	0.126	0.919	AT5G65510	25.4	27.0	1.6	0.42	0.507
path	1	0.0	0.544	-0.065	0.349	AT1G68320	32.92	35.0	2.08	0.37	0.508
path	1	0.0	0.544	-0.065	0.349	AT1G54330	34.8	37.0	2.2	0.35	0.509
path	1	0.0	0.544	-1.295	0.275	AT5G62380	23.52	25.0	1.48	0.33	0.509
path	1	0.0	0.544	0.126	0.919	AT1G75490	40.44	43.0	2.56	0.39	0.509
path	1	0.0	0.544	-0.065	0.349	AT2G46770	35.74	38.0	2.26	0.34	0.51
path	1	0.0	0.544	-1.295	0.275	AT2G35700	31.04	33.0	1.96	0.31	0.51
path	1	0.0	0.544	-0.065	0.349	AT1G29280	38.55	41.0	2.45	0.32	0.511
path	1	0.0	0.544	-1.295	0.275	AT4G38000	31.97	34.0	2.03	0.29	0.512
path	1	0.0	0.544	0.126	0.919	AT3G53200	45.14	48.0	2.86	0.35	0.512
path	1	0.0	0.544	-1.295	0.275	AT2G17410	1.9	2.0	0.1	0.36	0.514
path	1	0.0	0.544	-1.295	0.275	AT2G38880	1.9	2.0	0.1	0.36	0.514
path	1	0.0	0.544	-1.295	0.275	AT5G67000	1.9	2.0	0.1	0.36	0.514
path	1	0.0	0.544	-1.295	0.275	AT5G67580	10.36	11.0	0.64	0.31	0.514
path	1	0.0	0.544	-0.065	0.349	AT2G43000	49.83	53.0	3.17	0.21	0.518
path	1	0.0	0.544	-1.295	0.275	AT1G19040	2.84	3.0	0.16	0.33	0.52
path	1	0.0	0.544	-1.295	0.275	AT4G38620	2.84	3.0	0.16	0.33	0.52
path	1	0.0	0.544	0.126	0.919	AT3G58630	14.12	15.0	0.88	0.34	0.521
path	1	0.0	0.544	0.126	0.919	AT5G25190	83.66	89.0	5.34	0.11	0.524
path	1	0.0	0.544	-1.295	0.275	AT1G31140	22.57	24.0	1.43	0.15	0.526
path	1	0.0	0.544	-0.065	0.349	AT1G53170	71.43	76.0	4.57	0.02	0.529
path	1	0.0	0.544	-1.295	0.275	AT3G45150	5.65	6.0	0.35	0.24	0.53
path	1	0.0	0.544	-0.065	0.349	AT2G01818	11.29	12.0	0.71	0.23	0.531
path	1	0.0	0.544	-0.065	0.349	AT3G27010	12.23	13.0	0.77	0.22	0.531
path	1	0.0	0.544	-0.065	0.349	AT1G13300	7.54	8.0	0.46	0.27	0.532
path	1	0.0	0.544	-0.065	0.349	AT1G66370	8.47	9.0	0.53	0.26	0.532
path	1	0.0	0.544	-0.065	0.349	AT3G26790	15.99	17.0	1.01	0.19	0.532
path	1	0.0	0.544	-0.065	0.349	AT5G13910	8.47	9.0	0.53	0.26	0.532
path	1	0.0	0.544	-1.295	0.275	AT5G23930	32.9	35.0	2.1	0.05	0.532
path	1	0.0	0.544	0.126	0.919	AT1G08320	72.37	77.0	4.63	0.02	0.532
path	1	0.0	0.544	-0.065	0.349	AT1G76110	18.81	20.0	1.19	0.16	0.533
path	1	0.0	0.544	-1.295	0.275	AT4G25490	33.84	36.0	2.16	0.02	0.533
path	1	0.0	0.544	0.126	0.919	AT5G59990	13.17	14.0	0.83	0.25	0.534
path	1	0.0	0.544	-0.065	0.349	AT4G27950	28.2	30.0	1.8	0.08	0.535
path	1	0.0	0.544	0.126	0.919	AT1G32240	8.48	9.0	0.52	0.29	0.535
path	1	0.0	0.544	-1.295	0.275	AT3G27010	7.53	8.0	0.47	0.19	0.536
path	1	0.0	0.544	0.126	0.919	AT5G67580	22.57	24.0	1.43	0.17	0.536
path	1	0.0	0.544	-0.065	0.349	AT3G53200	32.9	35.0	2.1	0.03	0.537
path	1	0.0	0.544	-0.065	0.349	AT1G03840	35.72	38.0	2.28	0.01	0.538
path	1	0.0	0.544	-0.065	0.349	AT1G46264	2.84	3.0	0.16	0.31	0.539
path	1	0.0	0.544	-0.065	0.349	AT5G52170	2.84	3.0	0.16	0.31	0.539
path	1	0.0	0.544	-0.065	0.349	AT5G56930	2.84	3.0	0.16	0.31	0.539
path	1	0.0	0.544	-0.065	0.349	AT5G61270	2.84	3.0	0.16	0.31	0.539
path	1	0.0	0.544	-0.065	0.349	AT5G67000	2.84	3.0	0.16	0.31	0.539
path	1	0.0	0.544	-0.065	0.349	AT1G33240	42.29	45.0	2.71	-0.05	0.54
path	1	0.0	0.544	-0.065	0.349	AT2G31230	47.93	51.0	3.07	-0.1	0.542
path	1	0.0	0.544	-1.295	0.275	AT2G42430	20.68	22.0	1.32	0.0	0.542
path	1	0.0	0.544	0.126	0.919	AT1G46264	3.78	4.0	0.22	0.33	0.542
path	1	0.0	0.544	0.126	0.919	AT2G17410	3.78	4.0	0.22	0.33	0.542
path	1	0.0	0.544	0.126	0.919	AT5G56930	3.78	4.0	0.22	0.33	0.542
path	1	0.0	0.544	-1.295	0.275	AT1G28160	31.01	33.0	1.99	-0.1	0.545
path	1	0.0	0.544	0.126	0.919	AT3G25990	16.93	18.0	1.07	0.13	0.547
path	1	0.0	0.544	-1.295	0.275	AT1G32150	41.34	44.0	2.66	-0.2	0.548
path	1	0.0	0.544	0.126	0.919	AT2G38470	40.41	43.0	2.59	-0.07	0.548
path	1	0.0	0.544	0.126	0.919	AT4G16750	78.93	84.0	5.07	-0.31	0.552
path	1	0.0	0.544	0.126	0.919	AT5G67300	7.53	8.0	0.47	0.21	0.554
path	1	0.0	0.544	-1.295	0.275	AT5G60130	16.91	18.0	1.09	-0.09	0.556
path	1	0.0	0.544	0.126	0.919	AT5G46350	25.38	27.0	1.62	-0.03	0.556
path	1	0.0	0.544	-1.295	0.275	AT3G11020	17.85	19.0	1.15	-0.12	0.558
path	1	0.0	0.544	-0.065	0.349	AT1G30210	0.96	1.0	0.04	0.33	0.56
path	1	0.0	0.544	-0.065	0.349	AT5G18090	0.96	1.0	0.04	0.33	0.56
path	1	0.0	0.544	0.126	0.919	AT3G50260	87.38	93.0	5.62	-0.48	0.56
path	1	0.0	0.544	0.126	0.919	AT1G66370	11.28	12.0	0.72	0.09	0.563
path	1	0.0	0.544	-0.065	0.349	AT1G65910	34.76	37.0	2.24	-0.32	0.566
path	1	0.0	0.544	-0.065	0.349	AT1G76890	42.27	45.0	2.73	-0.39	0.566
path	1	0.0	0.544	-0.065	0.349	AT2G30340	30.06	32.0	1.94	-0.28	0.566
path	1	0.0	0.544	-0.065	0.349	AT4G37180	36.64	39.0	2.36	-0.34	0.566
path	1	0.0	0.544	-0.065	0.349	AT5G45300	36.64	39.0	2.36	-0.34	0.566
path	1	0.0	0.544	-1.295	0.275	AT4G14770	23.48	25.0	1.52	-0.29	0.567
path	1	0.0	0.544	0.126	0.919	AT3G15210	91.13	97.0	5.87	-0.6	0.567
path	1	0.0	0.544	-1.295	0.275	AT2G45680	5.64	6.0	0.36	0.04	0.568
path	1	0.0	0.544	-1.295	0.275	AT5G08130	6.58	7.0	0.42	0.01	0.568
path	1	0.0	0.544	-0.065	0.349	AT3G50260	63.88	68.0	4.12	-0.59	0.569
path	1	0.0	0.544	-1.295	0.275	AT2G33810	3.77	4.0	0.23	0.09	0.57
path	1	0.0	0.544	-1.295	0.275	AT3G57600	3.77	4.0	0.23	0.09	0.57
path	1	0.0	0.544	0.126	0.919	AT2G46130	15.04	16.0	0.96	-0.04	0.572
path	1	0.0	0.544	0.126	0.919	AT4G28140	15.04	16.0	0.96	-0.04	0.572
path	1	0.0	0.544	-1.295	0.275	AT4G27900	2.83	3.0	0.17	0.12	0.574
path	1	0.0	0.544	0.126	0.919	AT1G76880	6.59	7.0	0.41	0.13	0.574
path	1	0.0	0.544	0.126	0.919	AT3G51470	6.59	7.0	0.41	0.13	0.574
path	1	0.0	0.544	0.126	0.919	AT1G10720	2.83	3.0	0.17	0.25	0.575
path	1	0.0	0.544	0.126	0.919	AT1G73730	2.83	3.0	0.17	0.25	0.575
path	1	0.0	0.544	0.126	0.919	AT4G30080	2.83	3.0	0.17	0.25	0.575
path	1	0.0	0.544	-0.065	0.349	AT5G22500	13.15	14.0	0.85	-0.12	0.576
path	1	0.0	0.544	0.126	0.919	AT2G31230	64.81	69.0	4.19	-0.65	0.579
path	1	0.0	0.544	0.126	0.919	AT2G32460	46.03	49.0	2.97	-0.49	0.579
path	1	0.0	0.544	-1.295	0.275	AT1G51600	1.89	2.0	0.11	0.15	0.581
path	1	0.0	0.544	-1.295	0.275	AT3G53200	19.71	21.0	1.29	-0.38	0.581
path	1	0.0	0.544	0.126	0.919	AT2G02820	78.9	84.0	5.1	-0.77	0.581
path	1	0.0	0.544	0.126	0.919	AT5G51990	83.6	89.0	5.4	-0.81	0.582
path	1	0.0	0.544	-1.295	0.275	AT1G32870	20.65	22.0	1.35	-0.41	0.583
path	1	0.0	0.544	0.126	0.919	AT1G04880	27.24	29.0	1.76	-0.33	0.583
path	1	0.0	0.544	-1.295	0.275	AT1G33240	25.34	27.0	1.66	-0.55	0.588
path	1	0.0	0.544	-0.065	0.349	AT1G22070	7.51	8.0	0.49	-0.07	0.589
path	1	0.0	0.544	-0.065	0.349	AT4G31550	7.51	8.0	0.49	-0.07	0.589
path	1	0.0	0.544	-0.065	0.349	AT2G38340	47.89	51.0	3.11	-0.78	0.591
path	1	0.0	0.544	0.126	0.919	AT3G60530	17.84	19.0	1.16	-0.24	0.591
path	1	0.0	0.544	-0.065	0.349	AT5G13180	41.31	44.0	2.69	-0.72	0.592
path	1	0.0	0.544	0.126	0.919	AT5G18270	58.23	62.0	3.77	-0.78	0.592
path	1	0.0	0.544	0.126	0.919	AT5G23930	72.32	77.0	4.68	-0.9	0.592
path	1	0.0	0.544	0.126	0.919	AT2G45650	9.39	10.0	0.61	-0.08	0.597
path	1	0.0	0.544	0.126	0.919	AT3G21175	21.6	23.0	1.4	-0.37	0.597
path	1	0.0	0.544	0.126	0.919	AT3G46590	9.39	10.0	0.61	-0.08	0.597
path	1	0.0	0.544	-1.295	0.275	AT2G33550	11.26	12.0	0.74	-0.33	0.598
path	1	0.0	0.544	-0.065	0.349	AT2G38300	5.64	6.0	0.36	-0.05	0.599
path	1	0.0	0.544	-1.295	0.275	AT4G06746	15.01	16.0	0.99	-0.45	0.599
path	1	0.0	0.544	-0.065	0.349	AT1G20910	23.46	25.0	1.54	-0.55	0.6
path	1	0.0	0.544	-1.295	0.275	AT3G12250	34.73	37.0	2.27	-0.83	0.6
path	1	0.0	0.544	-1.295	0.275	AT5G06960	16.89	18.0	1.11	-0.5	0.6
path	1	0.0	0.544	0.126	0.919	AT5G04410	47.89	51.0	3.11	-0.78	0.6
path	1	0.0	0.544	-0.065	0.349	AT1G06180	22.52	24.0	1.48	-0.54	0.601
path	1	0.0	0.544	-1.295	0.275	AT4G00730	18.76	20.0	1.24	-0.56	0.601
path	1	0.0	0.544	-1.295	0.275	AT2G18060	20.64	22.0	1.36	-0.61	0.602
path	1	0.0	0.544	-1.295	0.275	AT2G41835	0.95	1.0	0.05	0.18	0.602
path	1	0.0	0.544	0.126	0.919	AT4G31060	70.43	75.0	4.57	-1.06	0.604
path	1	0.0	0.544	0.126	0.919	AT5G39820	16.9	18.0	1.1	-0.33	0.604
path	1	0.0	0.544	0.126	0.919	AT1G22810	61.03	65.0	3.97	-0.98	0.605
path	1	0.0	0.544	-0.065	0.349	AT1G76880	4.7	5.0	0.3	-0.04	0.606
path	1	0.0	0.544	-1.295	0.275	AT5G41570	25.33	27.0	1.67	-0.75	0.607
path	1	0.0	0.544	-0.065	0.349	AT5G47220	17.83	19.0	1.17	-0.5	0.608
path	1	0.0	0.544	-1.295	0.275	AT1G69490	28.15	30.0	1.85	-0.84	0.609
path	1	0.0	0.544	-1.295	0.275	AT5G02460	29.08	31.0	1.92	-0.86	0.61
path	1	0.0	0.544	0.126	0.919	AT2G23340	64.79	69.0	4.21	-1.11	0.61
path	1	0.0	0.544	0.126	0.919	AT4G36740	64.79	69.0	4.21	-1.11	0.61
path	1	0.0	0.544	-0.065	0.349	AT5G67580	15.95	17.0	1.05	-0.48	0.611
path	1	0.0	0.544	-0.065	0.349	AT1G28160	49.75	53.0	3.25	-1.13	0.614
path	1	0.0	0.544	-1.295	0.275	AT4G24020	3.75	4.0	0.25	-0.11	0.614
path	1	0.0	0.544	-0.065	0.349	AT3G20840	3.76	4.0	0.24	-0.03	0.616
path	1	0.0	0.544	-0.065	0.349	AT5G58900	42.23	45.0	2.77	-1.06	0.616
path	1	0.0	0.544	0.126	0.919	AT1G62300	41.3	44.0	2.7	-0.9	0.617
path	1	0.0	0.544	0.126	0.919	AT3G27010	15.95	17.0	1.05	-0.41	0.617
path	1	0.0	0.544	0.126	0.919	AT4G10350	41.3	44.0	2.7	-0.9	0.617
path	1	0.0	0.544	-0.065	0.349	AT1G34180	35.66	38.0	2.34	-1.0	0.62
path	1	0.0	0.544	-0.065	0.349	AT2G18060	33.78	36.0	2.22	-0.98	0.621
path	1	0.0	0.544	-0.065	0.349	AT3G12720	33.78	36.0	2.22	-0.98	0.621
path	1	0.0	0.544	-1.295	0.275	AT3G50410	17.81	19.0	1.19	-0.73	0.621
path	1	0.0	0.544	-0.065	0.349	AT2G42430	32.84	35.0	2.16	-0.98	0.622
path	1	0.0	0.544	-1.295	0.275	AT1G12260	20.63	22.0	1.37	-0.82	0.622
path	1	0.0	0.544	-1.295	0.275	AT1G65910	20.63	22.0	1.37	-0.82	0.622
path	1	0.0	0.544	-1.295	0.275	AT2G20110	22.5	24.0	1.5	-0.87	0.623
path	1	0.0	0.544	0.126	0.919	AT5G08070	1.89	2.0	0.11	0.17	0.623
path	1	0.0	0.544	-0.065	0.349	AT4G10350	30.02	32.0	1.98	-0.95	0.624
path	1	0.0	0.544	-0.065	0.349	AT5G47660	30.02	32.0	1.98	-0.95	0.624
path	1	0.0	0.544	-1.295	0.275	AT1G76880	2.81	3.0	0.19	-0.08	0.624
path	1	0.0	0.544	-1.295	0.275	AT4G17980	24.38	26.0	1.62	-0.93	0.624
path	1	0.0	0.544	-0.065	0.349	AT1G36060	29.08	31.0	1.92	-0.94	0.625
path	1	0.0	0.544	-0.065	0.349	AT5G62000	29.08	31.0	1.92	-0.94	0.625
path	1	0.0	0.544	0.126	0.919	AT2G30340	40.36	43.0	2.64	-0.99	0.625
path	1	0.0	0.544	0.126	0.919	AT5G10510	4.7	5.0	0.3	-0.04	0.625
path	1	0.0	0.544	0.126	0.919	AT1G34180	48.81	52.0	3.19	-1.15	0.627
path	1	0.0	0.544	-1.295	0.275	AT2G01930	30.95	33.0	2.05	-1.12	0.628
path	1	0.0	0.544	-0.065	0.349	AT1G51600	2.82	3.0	0.18	-0.03	0.631
path	1	0.0	0.544	0.126	0.919	AT5G08750	11.26	12.0	0.74	-0.37	0.631
path	1	0.0	0.544	-0.065	0.349	AT1G43700	9.37	10.0	0.63	-0.42	0.632
path	1	0.0	0.544	-0.065	0.349	AT5G65130	23.44	25.0	1.56	-0.89	0.632
path	1	0.0	0.544	0.126	0.919	AT1G34190	52.56	56.0	3.44	-1.28	0.632
path	1	0.0	0.544	0.126	0.919	AT3G26620	30.96	33.0	2.04	-0.91	0.632
path	1	0.0	0.544	0.126	0.919	AT5G46590	18.76	20.0	1.24	-0.62	0.632
path	1	0.0	0.544	-0.065	0.349	AT3G15210	65.7	70.0	4.3	-1.61	0.633
path	1	0.0	0.544	0.126	0.919	AT4G29230	39.41	42.0	2.59	-1.07	0.633
path	1	0.0	0.544	-0.065	0.349	AT5G44160	8.43	9.0	0.57	-0.41	0.637
path	1	0.0	0.544	0.126	0.919	AT3G16280	56.31	60.0	3.69	-1.4	0.637
path	1	0.0	0.544	0.126	0.919	AT5G07100	7.5	8.0	0.5	-0.25	0.637
path	1	0.0	0.544	-0.065	0.349	AT1G75240	45.97	49.0	3.03	-1.43	0.639
path	1	0.0	0.544	-1.295	0.275	AT1G53170	42.21	45.0	2.79	-1.46	0.639
path	1	0.0	0.544	-0.065	0.349	AT1G22810	44.09	47.0	2.91	-1.41	0.64
path	1	0.0	0.544	-0.065	0.349	AT4G18770	41.27	44.0	2.73	-1.39	0.641
path	1	0.0	0.544	-1.295	0.275	AT1G79580	24.37	26.0	1.63	-1.14	0.641
path	1	0.0	0.544	0.126	0.919	AT2G46770	46.92	50.0	3.08	-1.32	0.642
path	1	0.0	0.544	-0.065	0.349	AT1G76420	39.39	42.0	2.61	-1.37	0.643
path	1	0.0	0.544	0.126	0.919	AT4G37260	55.36	59.0	3.64	-1.48	0.644
path	1	0.0	0.544	-1.295	0.275	AT4G01540	31.87	34.0	2.13	-1.36	0.645
path	1	0.0	0.544	-1.295	0.275	AT5G44210	13.11	14.0	0.89	-0.8	0.645
path	1	0.0	0.544	0.126	0.919	AT2G03500	42.22	45.0	2.78	-1.28	0.645
path	1	0.0	0.544	-1.295	0.275	AT1G27730	12.17	13.0	0.83	-0.77	0.646
path	1	0.0	0.544	-1.295	0.275	AT1G66370	4.68	5.0	0.32	-0.34	0.646
path	1	0.0	0.544	0.126	0.919	AT1G21910	10.31	11.0	0.69	-0.46	0.649
path	1	0.0	0.544	-0.065	0.349	AT1G13400	6.56	7.0	0.44	-0.4	0.651
path	1	0.0	0.544	0.126	0.919	AT2G45420	54.42	58.0	3.58	-1.57	0.651
path	1	0.0	0.544	-0.065	0.349	AT5G18560	29.06	31.0	1.94	-1.28	0.653
path	1	0.0	0.544	0.126	0.919	AT2G22430	49.72	53.0	3.28	-1.53	0.653
path	1	0.0	0.544	-0.065	0.349	AT1G73730	1.88	2.0	0.12	-0.02	0.655
path	1	0.0	0.544	-0.065	0.349	AT2G31460	1.88	2.0	0.12	-0.02	0.655
path	1	0.0	0.544	-0.065	0.349	AT3G12820	14.05	15.0	0.95	-0.8	0.655
path	1	0.0	0.544	-0.065	0.349	AT4G30080	1.88	2.0	0.12	-0.02	0.655
path	1	0.0	0.544	-0.065	0.349	AT5G22890	1.88	2.0	0.12	-0.02	0.655
path	1	0.0	0.544	-0.065	0.349	AT5G47230	14.05	15.0	0.95	-0.8	0.655
path	1	0.0	0.544	-1.295	0.275	AT5G67450	3.74	4.0	0.26	-0.32	0.655
path	1	0.0	0.544	0.126	0.919	AT1G23810	3.75	4.0	0.25	-0.12	0.658
path	1	0.0	0.544	0.126	0.919	AT1G51600	3.75	4.0	0.25	-0.12	0.658
path	1	0.0	0.544	-1.295	0.275	AT5G47370	26.23	28.0	1.77	-1.4	0.659
path	1	0.0	0.544	-1.295	0.275	AT5G66730	22.48	24.0	1.52	-1.29	0.659
path	1	0.0	0.544	0.126	0.919	AT1G24250	24.38	26.0	1.62	-1.03	0.659
path	1	0.0	0.544	-0.065	0.349	AT4G18450	5.62	6.0	0.38	-0.39	0.66
path	1	0.0	0.544	-1.295	0.275	AT1G69690	7.48	8.0	0.52	-0.63	0.66
path	1	0.0	0.544	0.126	0.919	AT4G37180	48.78	52.0	3.22	-1.61	0.66
path	1	0.0	0.544	-1.295	0.275	AT1G28370	35.62	38.0	2.38	-1.68	0.662
path	1	0.0	0.544	-1.295	0.275	AT1G25550	13.1	14.0	0.9	-1.01	0.667
path	1	0.0	0.544	0.126	0.919	AT4G18770	56.28	60.0	3.72	-1.86	0.668
path	1	0.0	0.544	-0.065	0.349	AT3G50060	37.49	40.0	2.51	-1.69	0.669
path	1	0.0	0.544	0.126	0.919	AT4G25490	73.18	78.0	4.82	-2.19	0.672
path	1	0.0	0.544	0.126	0.919	AT5G25830	34.69	37.0	2.31	-1.49	0.674
path	1	0.0	0.544	-0.065	0.349	AT3G10480	32.8	35.0	2.2	-1.65	0.675
path	1	0.0	0.544	-0.065	0.349	AT5G25190	59.08	63.0	3.92	-2.23	0.675
path	1	0.0	0.544	-1.295	0.275	AT4G36160	31.85	34.0	2.15	-1.77	0.676
path	1	0.0	0.544	0.126	0.919	AT3G11020	38.44	41.0	2.56	-1.61	0.677
path	1	0.0	0.544	-1.295	0.275	AT4G29230	16.84	18.0	1.16	-1.32	0.681
path	1	0.0	0.544	0.126	0.919	AT1G12260	45.94	49.0	3.06	-1.86	0.682
path	1	0.0	0.544	0.126	0.919	AT2G23320	54.39	58.0	3.61	-2.03	0.682
path	1	0.0	0.544	-1.295	0.275	AT3G49930	0.94	1.0	0.06	-0.03	0.684
path	1	0.0	0.544	-1.295	0.275	AT5G25475	0.94	1.0	0.06	-0.03	0.684
path	1	0.0	0.544	-0.065	0.349	AT2G45680	8.41	9.0	0.59	-0.75	0.685
path	1	0.0	0.544	0.126	0.919	AT5G64060	37.49	40.0	2.51	-1.7	0.685
path	1	0.0	0.544	0.126	0.919	AT1G65620	5.61	6.0	0.39	-0.41	0.686
path	1	0.0	0.544	0.126	0.919	AT3G23250	5.61	6.0	0.39	-0.41	0.686
path	1	0.0	0.544	0.126	0.919	AT5G10140	5.61	6.0	0.39	-0.41	0.686
path	1	0.0	0.544	0.126	0.919	AT4G00730	41.25	44.0	2.75	-1.82	0.687
path	1	0.0	0.544	0.126	0.919	AT2G02070	53.45	57.0	3.55	-2.11	0.688
path	1	0.0	0.544	0.126	0.919	AT2G02540	61.9	66.0	4.1	-2.27	0.688
path	1	0.0	0.544	-0.065	0.349	AT4G17980	39.35	42.0	2.65	-2.04	0.69
path	1	0.0	0.544	-1.295	0.275	AT5G15830	35.59	38.0	2.41	-2.09	0.691
path	1	0.0	0.544	-1.295	0.275	AT2G35530	38.41	41.0	2.59	-2.17	0.692
path	1	0.0	0.544	-1.295	0.275	AT2G28810	23.39	25.0	1.61	-1.72	0.693
path	1	0.0	0.544	-1.295	0.275	AT4G31800	22.46	24.0	1.54	-1.7	0.693
path	1	0.0	0.544	-0.065	0.349	AT1G79180	22.46	24.0	1.54	-1.55	0.694
path	1	0.0	0.544	-1.295	0.275	AT2G45650	3.73	4.0	0.27	-0.52	0.694
path	1	0.0	0.544	-1.295	0.275	AT3G02990	3.73	4.0	0.27	-0.52	0.694
path	1	0.0	0.544	-1.295	0.275	AT3G46590	3.73	4.0	0.27	-0.52	0.694
path	1	0.0	0.544	0.126	0.919	AT3G61150	44.05	47.0	2.95	-2.03	0.697
path	1	0.0	0.544	-1.295	0.275	AT5G46350	10.27	11.0	0.73	-1.13	0.698
path	1	0.0	0.544	0.126	0.919	AT1G31140	47.81	51.0	3.19	-2.15	0.699
path	1	0.0	0.544	-1.295	0.275	AT1G36060	16.83	18.0	1.17	-1.53	0.7
path	1	0.0	0.544	0.126	0.919	AT1G69780	51.56	55.0	3.44	-2.28	0.702
path	1	0.0	0.544	-0.065	0.349	AT2G33710	48.73	52.0	3.27	-2.47	0.703
path	1	0.0	0.544	-1.295	0.275	AT2G17950	5.59	6.0	0.41	-0.78	0.703
path	1	0.0	0.544	0.126	0.919	AT5G18560	39.36	42.0	2.64	-1.99	0.703
path	1	0.0	0.544	-0.065	0.349	AT3G09735	29.02	31.0	1.98	-1.95	0.706
path	1	0.0	0.544	-1.295	0.275	AT1G19210	39.33	42.0	2.67	-2.4	0.706
path	1	0.0	0.544	0.126	0.919	AT1G30210	0.94	1.0	0.06	0.08	0.707
path	1	0.0	0.544	0.126	0.919	AT1G70910	0.94	1.0	0.06	0.08	0.707
path	1	0.0	0.544	0.126	0.919	AT2G39900	0.94	1.0	0.06	0.08	0.707
path	1	0.0	0.544	0.126	0.919	AT4G37790	0.94	1.0	0.06	0.08	0.707
path	1	0.0	0.544	0.126	0.919	AT5G18090	0.94	1.0	0.06	0.08	0.707
path	1	0.0	0.544	-0.065	0.349	AT1G17950	0.94	1.0	0.06	-0.01	0.708
path	1	0.0	0.544	-0.065	0.349	AT1G67260	0.94	1.0	0.06	-0.01	0.708
path	1	0.0	0.544	0.126	0.919	AT1G69690	16.84	18.0	1.16	-1.24	0.708
path	1	0.0	0.544	-0.065	0.349	AT2G17900	2.8	3.0	0.2	-0.36	0.709
path	1	0.0	0.544	0.126	0.919	AT5G66730	50.61	54.0	3.39	-2.36	0.709
path	1	0.0	0.544	0.126	0.919	AT1G12610	30.91	33.0	2.09	-1.82	0.71
path	1	0.0	0.544	0.126	0.919	AT2G01060	34.66	37.0	2.34	-1.95	0.71
path	1	0.0	0.544	0.126	0.919	AT2G33810	7.48	8.0	0.52	-0.71	0.71
path	1	0.0	0.544	-0.065	0.349	AT3G11440	41.21	44.0	2.79	-2.4	0.711
path	1	0.0	0.544	0.126	0.919	AT3G49530	42.16	45.0	2.84	-2.2	0.712
path	1	0.0	0.544	-0.065	0.349	AT4G37260	39.33	42.0	2.67	-2.38	0.713
path	1	0.0	0.544	0.126	0.919	AT1G14687	58.12	62.0	3.88	-2.61	0.713
path	1	0.0	0.544	-0.065	0.349	AT5G51990	59.04	63.0	3.96	-2.9	0.714
path	1	0.0	0.544	-1.295	0.275	AT5G50570	4.65	5.0	0.35	-0.76	0.714
path	1	0.0	0.544	-1.295	0.275	AT1G30650	18.69	20.0	1.31	-1.79	0.715
path	1	0.0	0.544	0.126	0.919	AT1G76870	4.67	5.0	0.33	-0.5	0.717
path	1	0.0	0.544	0.126	0.919	AT4G04450	4.67	5.0	0.33	-0.5	0.717
path	1	0.0	0.544	0.126	0.919	AT2G44840	53.42	57.0	3.58	-2.57	0.718
path	1	0.0	0.544	0.126	0.919	AT5G03150	26.21	28.0	1.79	-1.78	0.721
path	1	0.0	0.544	-0.065	0.349	AT4G31060	49.65	53.0	3.35	-2.81	0.722
path	1	0.0	0.544	-1.295	0.275	AT3G25990	6.52	7.0	0.48	-1.02	0.722
path	1	0.0	0.544	0.126	0.919	AT2G01930	68.43	73.0	4.57	-3.06	0.727
path	1	0.0	0.544	-0.065	0.349	AT5G05550	65.59	70.0	4.41	-3.29	0.729
path	1	0.0	0.544	-1.295	0.275	AT5G62940	19.62	21.0	1.38	-2.02	0.73
path	1	0.0	0.544	0.126	0.919	AT4G31550	9.34	10.0	0.66	-1.0	0.731
path	1	0.0	0.544	-1.295	0.275	AT3G26790	8.38	9.0	0.62	-1.28	0.732
path	1	0.0	0.544	-1.295	0.275	AT3G61150	18.68	20.0	1.32	-2.0	0.732
path	1	0.0	0.544	-1.295	0.275	AT5G09410	18.68	20.0	1.32	-2.0	0.732
path	1	0.0	0.544	0.126	0.919	AT1G43700	12.15	13.0	0.85	-1.2	0.732
path	1	0.0	0.544	-1.295	0.275	AT1G08320	29.92	32.0	2.08	-2.54	0.734
path	1	0.0	0.544	0.126	0.919	AT4G36620	6.53	7.0	0.47	-0.79	0.735
path	1	0.0	0.544	-0.065	0.349	AT1G68550	55.26	59.0	3.74	-3.2	0.736
path	1	0.0	0.544	-0.065	0.349	AT1G75490	27.12	29.0	1.88	-2.27	0.736
path	1	0.0	0.544	-0.065	0.349	AT2G45420	38.37	41.0	2.63	-2.71	0.736
path	1	0.0	0.544	0.126	0.919	AT1G30650	43.08	46.0	2.92	-2.57	0.736
path	1	0.0	0.544	-0.065	0.349	AT5G62470	17.75	19.0	1.25	-1.85	0.74
path	1	0.0	0.544	0.126	0.919	AT2G44940	58.09	62.0	3.91	-3.07	0.741
path	1	0.0	0.544	-1.295	0.275	AT1G76870	1.85	2.0	0.15	-0.47	0.742
path	1	0.0	0.544	-1.295	0.275	AT3G20840	1.85	2.0	0.15	-0.47	0.742
path	1	0.0	0.544	-0.065	0.349	AT3G09230	1.86	2.0	0.14	-0.35	0.743
path	1	0.0	0.544	-0.065	0.349	AT3G22780	1.86	2.0	0.14	-0.35	0.743
path	1	0.0	0.544	0.126	0.919	AT1G51220	38.38	41.0	2.62	-2.53	0.743
path	1	0.0	0.544	-0.065	0.349	AT3G06490	16.81	18.0	1.19	-1.84	0.744
path	1	0.0	0.544	-0.065	0.349	AT5G06950	47.75	51.0	3.25	-3.13	0.744
path	1	0.0	0.544	-0.065	0.349	AT5G39610	33.68	36.0	2.32	-2.66	0.744
path	1	0.0	0.544	-0.065	0.349	AT5G39820	11.19	12.0	0.81	-1.45	0.744
path	1	0.0	0.544	0.126	0.919	AT5G13080	53.39	57.0	3.61	-3.03	0.745
path	1	0.0	0.544	0.126	0.919	AT5G65130	30.88	33.0	2.12	-2.28	0.745
path	1	0.0	0.544	-1.295	0.275	AT1G03840	19.6	21.0	1.4	-2.23	0.746
path	1	0.0	0.544	0.126	0.919	AT3G20310	86.24	92.0	5.76	-3.77	0.746
path	1	0.0	0.544	-0.065	0.349	AT1G65620	3.72	4.0	0.28	-0.71	0.748
path	1	0.0	0.544	-0.065	0.349	AT1G72360	3.72	4.0	0.28	-0.71	0.748
path	1	0.0	0.544	-0.065	0.349	AT5G53950	15.87	17.0	1.13	-1.83	0.748
path	1	0.0	0.544	-1.295	0.275	AT1G52880	28.97	31.0	2.03	-2.71	0.748
path	1	0.0	0.544	-1.295	0.275	AT3G60580	9.31	10.0	0.69	-1.51	0.748
path	1	0.0	0.544	-1.295	0.275	AT1G73730	0.93	1.0	0.07	-0.23	0.75
path	1	0.0	0.544	-1.295	0.275	AT2G38300	2.78	3.0	0.22	-0.7	0.75
path	1	0.0	0.544	-1.295	0.275	AT3G46070	0.93	1.0	0.07	-0.23	0.75
path	1	0.0	0.544	-1.295	0.275	AT4G30080	0.93	1.0	0.07	-0.23	0.75
path	1	0.0	0.544	0.126	0.919	AT3G02990	8.39	9.0	0.61	-1.08	0.751
path	1	0.0	0.544	0.126	0.919	AT5G17800	44.94	48.0	3.06	-2.86	0.751
path	1	0.0	0.544	0.126	0.919	AT5G62380	48.69	52.0	3.31	-2.99	0.751
path	1	0.0	0.544	0.126	0.919	AT2G17900	3.72	4.0	0.28	-0.58	0.752
path	1	0.0	0.544	0.126	0.919	AT4G28110	3.72	4.0	0.28	-0.58	0.752
path	1	0.0	0.544	0.126	0.919	AT5G63090	23.38	25.0	1.62	-2.03	0.752
path	1	0.0	0.544	-1.295	0.275	AT5G47660	16.79	18.0	1.21	-2.15	0.753
path	1	0.0	0.544	0.126	0.919	AT4G22070	29.93	32.0	2.07	-2.37	0.754
path	1	0.0	0.544	-0.065	0.349	AT1G74480	28.98	31.0	2.02	-2.62	0.755
path	1	0.0	0.544	-0.065	0.349	AT3G16280	39.29	42.0	2.71	-3.05	0.755
path	1	0.0	0.544	-1.295	0.275	AT5G52830	15.85	17.0	1.15	-2.12	0.756
path	1	0.0	0.544	0.126	0.919	AT1G32510	1.86	2.0	0.14	-0.29	0.757
path	1	0.0	0.544	0.126	0.919	AT3G10480	44.0	47.0	3.0	-2.95	0.758
path	1	0.0	0.544	-1.295	0.275	AT1G22070	3.7	4.0	0.3	-0.93	0.76
path	1	0.0	0.544	-1.295	0.275	AT1G28470	20.53	22.0	1.47	-2.46	0.76
path	1	0.0	0.544	-1.295	0.275	AT3G55370	28.96	31.0	2.04	-2.92	0.761
path	1	0.0	0.544	0.126	0.919	AT3G51080	5.59	6.0	0.41	-0.87	0.761
path	1	0.0	0.544	-0.065	0.349	AT2G45410	35.53	38.0	2.47	-3.02	0.762
path	1	0.0	0.544	0.126	0.919	AT5G26170	50.56	54.0	3.44	-3.28	0.765
path	1	0.0	0.544	-0.065	0.349	AT2G23340	44.91	48.0	3.09	-3.44	0.766
path	1	0.0	0.544	0.126	0.919	AT5G08130	13.06	14.0	0.94	-1.58	0.766
path	1	0.0	0.544	-0.065	0.349	AT4G18890	8.37	9.0	0.63	-1.42	0.768
path	1	0.0	0.544	-1.295	0.275	AT1G76890	23.33	25.0	1.67	-2.75	0.769
path	1	0.0	0.544	0.126	0.919	AT5G06950	65.57	70.0	4.43	-3.77	0.769
path	1	0.0	0.544	0.126	0.919	AT3G42860	18.68	20.0	1.32	-1.99	0.77
path	1	0.0	0.544	-1.295	0.275	AT1G72010	12.1	13.0	0.9	-2.01	0.771
path	1	0.0	0.544	-1.295	0.275	AT4G01500	4.63	5.0	0.37	-1.17	0.772
path	1	0.0	0.544	-0.065	0.349	AT3G12250	54.28	58.0	3.72	-3.86	0.773
path	1	0.0	0.544	-1.295	0.275	AT1G49560	20.52	22.0	1.48	-2.67	0.774
path	1	0.0	0.544	-1.295	0.275	AT5G08330	13.96	15.0	1.04	-2.27	0.779
path	1	0.0	0.544	0.126	0.919	AT4G28500	37.41	40.0	2.59	-3.07	0.781
path	1	0.0	0.544	-1.295	0.275	AT2G24570	1.84	2.0	0.16	-0.67	0.783
path	1	0.0	0.544	-0.065	0.349	AT3G04060	34.57	37.0	2.43	-3.35	0.784
path	1	0.0	0.544	0.126	0.919	AT1G28470	47.72	51.0	3.28	-3.53	0.784
path	1	0.0	0.544	0.126	0.919	AT3G18400	55.23	59.0	3.77	-3.78	0.784
path	1	0.0	0.544	0.126	0.919	AT2G41690	9.31	10.0	0.69	-1.46	0.786
path	1	0.0	0.544	-0.065	0.349	AT3G30210	13.97	15.0	1.03	-2.15	0.788
path	1	0.0	0.544	-1.295	0.275	AT4G18170	15.83	17.0	1.17	-2.53	0.788
path	1	0.0	0.544	-1.295	0.275	AT1G21910	3.69	4.0	0.31	-1.14	0.789
path	1	0.0	0.544	0.126	0.919	AT4G05100	26.15	28.0	1.85	-2.7	0.791
path	1	0.0	0.544	-1.295	0.275	AT5G45580	25.18	27.0	1.82	-3.22	0.792
path	1	0.0	0.544	-0.065	0.349	AT3G20770	17.71	19.0	1.29	-2.52	0.794
path	1	0.0	0.544	-0.065	0.349	AT4G28140	9.29	10.0	0.71	-1.77	0.794
path	1	0.0	0.544	-1.295	0.275	AT5G65210	24.25	26.0	1.75	-3.19	0.794
path	1	0.0	0.544	0.126	0.919	AT1G80840	2.78	3.0	0.22	-0.67	0.795
path	1	0.0	0.544	0.126	0.919	AT5G67000	2.78	3.0	0.22	-0.67	0.795
path	1	0.0	0.544	0.126	0.919	AT5G13180	53.34	57.0	3.66	-3.94	0.796
path	1	0.0	0.544	-0.065	0.349	AT4G06746	22.38	24.0	1.62	-2.9	0.798
path	1	0.0	0.544	-0.065	0.349	AT2G30590	3.7	4.0	0.3	-1.04	0.799
path	1	0.0	0.544	-0.065	0.349	AT2G28920	12.09	13.0	0.91	-2.13	0.8
path	1	0.0	0.544	-1.295	0.275	AT1G04880	10.21	11.0	0.79	-2.16	0.8
path	1	0.0	0.544	-1.295	0.275	AT3G09230	0.91	1.0	0.09	-0.44	0.801
path	1	0.0	0.544	-1.295	0.275	AT3G12910	0.91	1.0	0.09	-0.44	0.801
path	1	0.0	0.544	-1.295	0.275	AT5G42520	0.91	1.0	0.09	-0.44	0.801
path	1	0.0	0.544	-0.065	0.349	AT5G22990	44.87	48.0	3.13	-4.11	0.802
path	1	0.0	0.544	0.126	0.919	AT2G22540	59.9	64.0	4.1	-4.27	0.802
path	1	0.0	0.544	0.126	0.919	AT2G45410	48.64	52.0	3.36	-3.9	0.803
path	1	0.0	0.544	-1.295	0.275	AT3G18990	19.55	21.0	1.45	-3.05	0.804
path	1	0.0	0.544	-1.295	0.275	AT3G42860	7.41	8.0	0.59	-1.87	0.804
path	1	0.0	0.544	0.126	0.919	AT5G44210	28.02	30.0	1.98	-2.99	0.804
path	1	0.0	0.544	-1.295	0.275	AT4G22070	12.07	13.0	0.93	-2.42	0.805
path	1	0.0	0.544	0.126	0.919	AT1G13300	8.37	9.0	0.63	-1.54	0.805
path	1	0.0	0.544	0.126	0.919	AT3G23240	41.14	44.0	2.86	-3.65	0.805
path	1	0.0	0.544	-1.295	0.275	AT5G66700	31.73	34.0	2.27	-3.83	0.807
path	1	0.0	0.544	0.126	0.919	AT3G11440	55.2	59.0	3.8	-4.23	0.807
path	1	0.0	0.544	0.126	0.919	AT5G22500	15.84	17.0	1.16	-2.24	0.807
path	1	0.0	0.544	0.126	0.919	AT4G36160	70.21	75.0	4.79	-4.73	0.808
path	1	0.0	0.544	0.126	0.919	AT5G53950	21.46	23.0	1.54	-2.66	0.808
path	1	0.0	0.544	0.126	0.919	AT5G62000	37.38	40.0	2.62	-3.53	0.808
path	1	0.0	0.544	-0.065	0.349	AT4G32730	51.42	55.0	3.58	-4.51	0.809
path	1	0.0	0.544	0.126	0.919	AT1G49560	47.69	51.0	3.31	-3.99	0.809
path	1	0.0	0.544	0.126	0.919	AT1G19790	24.26	26.0	1.74	-2.87	0.81
path	1	0.0	0.544	-0.065	0.349	AT2G17410	1.84	2.0	0.16	-0.69	0.811
path	1	0.0	0.544	-0.065	0.349	AT4G38910	1.84	2.0	0.16	-0.69	0.811
path	1	0.0	0.544	0.126	0.919	AT1G47655	40.19	43.0	2.81	-3.74	0.812
path	1	0.0	0.544	-1.295	0.275	AT1G47655	16.74	18.0	1.26	-2.97	0.813
path	1	0.0	0.544	0.126	0.919	AT1G77640	10.23	11.0	0.77	-1.83	0.814
path	1	0.0	0.544	0.126	0.919	AT3G45150	10.23	11.0	0.77	-1.83	0.814
path	1	0.0	0.544	-0.065	0.349	AT1G13260	13.95	15.0	1.05	-2.48	0.815
path	1	0.0	0.544	0.126	0.919	AT1G03800	84.27	90.0	5.73	-5.31	0.817
path	1	0.0	0.544	-1.295	0.275	AT3G23250	1.83	2.0	0.17	-0.88	0.818
path	1	0.0	0.544	-1.295	0.275	AT5G10140	1.83	2.0	0.17	-0.88	0.818
path	1	0.0	0.544	0.126	0.919	AT5G64750	64.57	69.0	4.43	-4.77	0.818
path	1	0.0	0.544	0.126	0.919	AT5G65310	64.57	69.0	4.43	-4.77	0.818
path	1	0.0	0.544	0.126	0.919	AT3G24050	23.32	25.0	1.68	-2.95	0.819
path	1	0.0	0.544	-1.295	0.275	AT2G04038	29.84	32.0	2.16	-3.98	0.82
path	1	0.0	0.544	-1.295	0.275	AT2G18160	29.84	32.0	2.16	-3.98	0.82
path	1	0.0	0.544	-1.295	0.275	AT1G20910	12.06	13.0	0.94	-2.62	0.821
path	1	0.0	0.544	-1.295	0.275	AT3G58630	4.6	5.0	0.4	-1.58	0.821
path	1	0.0	0.544	0.126	0.919	AT4G34410	67.37	72.0	4.63	-4.98	0.823
path	1	0.0	0.544	0.126	0.919	AT5G58850	59.87	64.0	4.13	-4.73	0.823
path	1	0.0	0.544	0.126	0.919	AT5G67190	71.13	76.0	4.87	-5.1	0.823
path	1	0.0	0.544	-1.295	0.275	AT5G03790	27.02	29.0	1.98	-3.89	0.824
path	1	0.0	0.544	-1.295	0.275	AT2G40740	16.73	18.0	1.27	-3.17	0.827
path	1	0.0	0.544	-1.295	0.275	AT2G46680	16.73	18.0	1.27	-3.17	0.827
path	1	0.0	0.544	0.126	0.919	AT1G69570	58.92	63.0	4.08	-4.82	0.828
path	1	0.0	0.544	0.126	0.919	AT3G06490	22.38	24.0	1.62	-3.03	0.829
path	1	0.0	0.544	-1.295	0.275	AT1G62300	15.79	17.0	1.21	-3.15	0.831
path	1	0.0	0.544	-1.295	0.275	AT3G24120	27.95	30.0	2.05	-4.12	0.834
path	1	0.0	0.544	-1.295	0.275	AT4G24470	6.46	7.0	0.54	-2.05	0.834
path	1	0.0	0.544	-0.065	0.349	AT2G02820	53.26	57.0	3.74	-5.2	0.836
path	1	0.0	0.544	-1.295	0.275	AT3G62420	33.57	36.0	2.43	-4.5	0.836
path	1	0.0	0.544	-1.295	0.275	AT1G69780	20.46	22.0	1.54	-3.7	0.839
path	1	0.0	0.544	0.126	0.919	AT1G44830	21.43	23.0	1.57	-3.12	0.839
path	1	0.0	0.544	0.126	0.919	AT3G48160	0.92	1.0	0.08	-0.37	0.841
path	1	0.0	0.544	0.126	0.919	AT5G40330	0.92	1.0	0.08	-0.37	0.841
path	1	0.0	0.544	0.126	0.919	AT5G48670	0.92	1.0	0.08	-0.37	0.841
path	1	0.0	0.544	0.126	0.919	AT5G49300	0.92	1.0	0.08	-0.37	0.841
path	1	0.0	0.544	-0.065	0.349	AT2G44940	40.13	43.0	2.87	-4.74	0.842
path	1	0.0	0.544	-0.065	0.349	AT3G13350	3.68	4.0	0.32	-1.38	0.842
path	1	0.0	0.544	-1.295	0.275	AT1G46264	0.9	1.0	0.1	-0.64	0.842
path	1	0.0	0.544	-1.295	0.275	AT5G05550	37.31	40.0	2.69	-4.81	0.842
path	1	0.0	0.544	-1.295	0.275	AT5G56930	0.9	1.0	0.1	-0.64	0.842
path	1	0.0	0.544	0.126	0.919	AT3G18990	45.78	49.0	3.22	-4.61	0.843
path	1	0.0	0.544	0.126	0.919	AT5G45300	45.78	49.0	3.22	-4.61	0.843
path	1	0.0	0.544	-0.065	0.349	AT2G42590	7.39	8.0	0.61	-2.09	0.845
path	1	0.0	0.544	-0.065	0.349	AT4G01500	7.39	8.0	0.61	-2.09	0.845
path	1	0.0	0.544	-0.065	0.349	AT5G66300	20.46	22.0	1.54	-3.55	0.847
path	1	0.0	0.544	-1.295	0.275	AT1G01060	26.06	28.0	1.94	-4.27	0.847
path	1	0.0	0.544	-1.295	0.275	AT5G13080	21.38	23.0	1.62	-3.93	0.847
path	1	0.0	0.544	0.126	0.919	AT3G57600	6.48	7.0	0.52	-1.71	0.847
path	1	0.0	0.544	0.126	0.919	AT3G06740	23.29	25.0	1.71	-3.41	0.848
path	1	0.0	0.544	0.126	0.919	AT3G28910	23.29	25.0	1.71	-3.41	0.848
path	1	0.0	0.544	0.126	0.919	AT5G62470	23.29	25.0	1.71	-3.41	0.848
path	1	0.0	0.544	0.126	0.919	AT1G72360	4.61	5.0	0.39	-1.41	0.85
path	1	0.0	0.544	0.126	0.919	AT4G27900	4.61	5.0	0.39	-1.41	0.85
path	1	0.0	0.544	-0.065	0.349	AT1G77200	52.3	56.0	3.7	-5.53	0.851
path	1	0.0	0.544	-1.295	0.275	AT4G27950	13.9	15.0	1.1	-3.3	0.852
path	1	0.0	0.544	-1.295	0.275	AT3G06740	9.23	10.0	0.77	-2.75	0.855
path	1	0.0	0.544	0.126	0.919	AT1G76420	50.45	54.0	3.55	-5.11	0.855
path	1	0.0	0.544	-0.065	0.349	AT4G24020	4.6	5.0	0.4	-1.72	0.857
path	1	0.0	0.544	0.126	0.919	AT2G33550	22.35	24.0	1.65	-3.49	0.857
path	1	0.0	0.544	-1.295	0.275	AT3G01970	17.63	19.0	1.37	-3.82	0.859
path	1	0.0	0.544	-1.295	0.275	AT4G36740	25.11	27.0	1.89	-4.45	0.859
path	1	0.0	0.544	-0.065	0.349	AT3G18400	38.23	41.0	2.77	-5.06	0.86
path	1	0.0	0.544	-0.065	0.349	AT2G35700	44.79	48.0	3.21	-5.46	0.862
path	1	0.0	0.544	-0.065	0.349	AT4G14410	1.82	2.0	0.18	-1.03	0.862
path	1	0.0	0.544	-0.065	0.349	AT4G16750	52.28	56.0	3.72	-5.86	0.863
path	1	0.0	0.544	0.126	0.919	AT5G06100	45.75	49.0	3.25	-5.07	0.863
path	1	0.0	0.544	-0.065	0.349	AT1G32870	29.8	32.0	2.2	-4.65	0.865
path	1	0.0	0.544	-0.065	0.349	AT1G14580	12.97	14.0	1.03	-3.15	0.867
path	1	0.0	0.544	-1.295	0.275	AT2G03500	15.75	17.0	1.25	-3.76	0.867
path	1	0.0	0.544	-0.065	0.349	AT2G24570	2.74	3.0	0.26	-1.37	0.868
path	1	0.0	0.544	-0.065	0.349	AT4G38620	2.74	3.0	0.26	-1.37	0.868
path	1	0.0	0.544	-0.065	0.349	AT5G14960	2.74	3.0	0.26	-1.37	0.868
path	1	0.0	0.544	-1.295	0.275	AT3G26620	11.09	12.0	0.91	-3.21	0.868
path	1	0.0	0.544	0.126	0.919	AT1G13400	7.39	8.0	0.61	-2.08	0.868
path	1	0.0	0.544	0.126	0.919	AT5G52830	35.44	38.0	2.56	-4.61	0.868
path	1	0.0	0.544	-1.295	0.275	AT2G02540	24.16	26.0	1.84	-4.63	0.87
path	1	0.0	0.544	-1.295	0.275	AT3G52440	24.16	26.0	1.84	-4.63	0.87
path	1	0.0	0.544	0.126	0.919	AT3G61250	9.26	10.0	0.74	-2.37	0.87
path	1	0.0	0.544	-0.065	0.349	AT1G32510	0.9	1.0	0.1	-0.68	0.872
path	1	0.0	0.544	-0.065	0.349	AT2G21900	0.9	1.0	0.1	-0.68	0.872
path	1	0.0	0.544	-0.065	0.349	AT3G49930	0.9	1.0	0.1	-0.68	0.872
path	1	0.0	0.544	-0.065	0.349	AT5G25475	0.9	1.0	0.1	-0.68	0.872
path	1	0.0	0.544	-1.295	0.275	AT3G10113	19.48	21.0	1.52	-4.29	0.874
path	1	0.0	0.544	-0.065	0.349	AT5G10030	52.26	56.0	3.74	-6.2	0.875
path	1	0.0	0.544	-1.295	0.275	AT3G30530	0.89	1.0	0.11	-0.85	0.875
path	1	0.0	0.544	-1.295	0.275	AT4G14410	0.89	1.0	0.11	-0.85	0.875
path	1	0.0	0.544	-1.295	0.275	AT5G65510	8.28	9.0	0.72	-2.92	0.876
path	1	0.0	0.544	0.126	0.919	AT1G29280	46.67	50.0	3.33	-5.44	0.876
path	1	0.0	0.544	-0.065	0.349	AT5G04410	30.72	33.0	2.28	-4.99	0.877
path	1	0.0	0.544	-0.065	0.349	AT5G67300	3.66	4.0	0.34	-1.72	0.877
path	1	0.0	0.544	-1.295	0.275	AT1G18330	18.54	20.0	1.46	-4.26	0.877
path	1	0.0	0.544	0.126	0.919	AT3G45170	3.67	4.0	0.33	-1.5	0.879
path	1	0.0	0.544	0.126	0.919	AT5G03790	62.59	67.0	4.41	-6.31	0.88
path	1	0.0	0.544	-0.065	0.349	AT4G25480	56.94	61.0	4.06	-6.58	0.881
path	1	0.0	0.544	-0.065	0.349	AT5G46590	11.09	12.0	0.91	-3.13	0.881
path	1	0.0	0.544	0.126	0.919	AT5G41570	52.28	56.0	3.72	-5.86	0.881
path	1	0.0	0.544	0.126	0.919	AT2G40740	39.16	42.0	2.84	-5.2	0.883
path	1	0.0	0.544	-1.295	0.275	AT3G10580	22.27	24.0	1.73	-4.78	0.884
path	1	0.0	0.544	-0.065	0.349	AT3G04070	8.29	9.0	0.71	-2.77	0.885
path	1	0.0	0.544	0.126	0.919	AT1G72010	26.99	29.0	2.01	-4.45	0.886
path	1	0.0	0.544	0.126	0.919	AT2G42590	10.17	11.0	0.83	-2.75	0.887
path	1	0.0	0.544	0.126	0.919	AT5G43840	6.45	7.0	0.55	-2.16	0.887
path	1	0.0	0.544	0.126	0.919	AT5G47230	16.71	18.0	1.29	-3.54	0.887
path	1	0.0	0.544	-1.295	0.275	AT2G15740	17.59	19.0	1.41	-4.44	0.889
path	1	0.0	0.544	-1.295	0.275	AT3G01220	20.39	22.0	1.61	-4.72	0.889
path	1	0.0	0.544	0.126	0.919	AT1G76110	21.38	23.0	1.62	-4.03	0.889
path	1	0.0	0.544	-1.295	0.275	AT3G09735	14.79	16.0	1.21	-4.15	0.891
path	1	0.0	0.544	-0.065	0.349	AT5G63090	14.81	16.0	1.19	-3.84	0.892
path	1	0.0	0.544	-0.065	0.349	AT5G17800	29.76	32.0	2.24	-5.32	0.893
path	1	0.0	0.544	-1.295	0.275	AT5G03150	9.2	10.0	0.8	-3.36	0.893
path	1	0.0	0.544	0.126	0.919	AT4G01250	34.47	37.0	2.53	-5.16	0.893
path	1	0.0	0.544	-0.065	0.349	AT1G51220	25.08	27.0	1.92	-4.94	0.894
path	1	0.0	0.544	0.126	0.919	AT1G55110	49.45	53.0	3.55	-6.11	0.894
path	1	0.0	0.544	-1.295	0.275	AT2G30250	18.52	20.0	1.48	-4.67	0.895
path	1	0.0	0.544	-1.295	0.275	AT5G59990	3.63	4.0	0.37	-2.17	0.895
path	1	0.0	0.544	-0.065	0.349	AT4G25470	44.73	48.0	3.27	-6.47	0.897
path	1	0.0	0.544	-1.295	0.275	AT3G50700	7.33	8.0	0.67	-3.1	0.897
path	1	0.0	0.544	0.126	0.919	AT2G18350	45.69	49.0	3.31	-5.99	0.897
path	1	0.0	0.544	0.126	0.919	AT3G04060	45.69	49.0	3.31	-5.99	0.897
path	1	0.0	0.544	0.126	0.919	AT1G51700	39.14	42.0	2.86	-5.65	0.899
path	1	0.0	0.544	-0.065	0.349	AT4G28110	1.8	2.0	0.2	-1.36	0.9
path	1	0.0	0.544	-0.065	0.349	AT5G18270	37.23	40.0	2.77	-6.06	0.9
path	1	0.0	0.544	-1.295	0.275	AT4G34590	8.26	9.0	0.74	-3.33	0.9
path	1	0.0	0.544	0.126	0.919	AT5G50570	9.23	10.0	0.77	-2.83	0.901
path	1	0.0	0.544	0.126	0.919	AT2G17950	11.09	12.0	0.91	-3.12	0.902
path	1	0.0	0.544	-0.065	0.349	AT4G32800	12.93	14.0	1.07	-3.82	0.903
path	1	0.0	0.544	-1.295	0.275	AT3G10800	13.84	15.0	1.16	-4.32	0.905
path	1	0.0	0.544	0.126	0.919	AT5G24110	26.96	29.0	2.04	-4.91	0.905
path	1	0.0	0.544	-0.065	0.349	AT1G71450	60.63	65.0	4.37	-7.62	0.906
path	1	0.0	0.544	0.126	0.919	AT3G03660	1.81	2.0	0.19	-1.21	0.906
path	1	0.0	0.544	0.126	0.919	AT3G61120	1.81	2.0	0.19	-1.21	0.906
path	1	0.0	0.544	-1.295	0.275	AT5G13790	6.39	7.0	0.61	-3.07	0.907
path	1	0.0	0.544	0.126	0.919	AT2G33710	62.54	67.0	4.46	-7.23	0.908
path	1	0.0	0.544	0.126	0.919	AT3G01220	49.42	53.0	3.58	-6.57	0.909
path	1	0.0	0.544	-1.295	0.275	AT5G66940	21.29	23.0	1.71	-5.37	0.91
path	1	0.0	0.544	0.126	0.919	AT1G27360	2.72	3.0	0.28	-1.58	0.91
path	1	0.0	0.544	0.126	0.919	AT3G02150	2.72	3.0	0.28	-1.58	0.91
path	1	0.0	0.544	-0.065	0.349	AT4G05100	16.65	18.0	1.35	-4.53	0.912
path	1	0.0	0.544	0.126	0.919	AT3G13040	0.89	1.0	0.11	-0.83	0.914
path	1	0.0	0.544	0.126	0.919	AT4G01680	36.3	39.0	2.7	-5.9	0.914
path	1	0.0	0.544	0.126	0.919	AT5G13910	8.28	9.0	0.72	-2.91	0.914
path	1	0.0	0.544	-0.065	0.349	AT3G46070	0.88	1.0	0.12	-1.02	0.915
path	1	0.0	0.544	-1.295	0.275	AT1G75080	2.69	3.0	0.31	-2.14	0.915
path	1	0.0	0.544	0.126	0.919	AT1G06280	81.27	87.0	5.73	-8.31	0.915
path	1	0.0	0.544	0.126	0.919	AT5G08330	30.69	33.0	2.31	-5.49	0.915
path	1	0.0	0.544	-0.065	0.349	AT3G11280	15.71	17.0	1.29	-4.52	0.917
path	1	0.0	0.544	-0.065	0.349	AT1G12630	50.3	54.0	3.7	-7.53	0.918
path	1	0.0	0.544	0.126	0.919	AT1G19040	3.64	4.0	0.36	-1.96	0.918
path	1	0.0	0.544	0.126	0.919	AT3G27785	35.36	38.0	2.64	-5.99	0.919
path	1	0.0	0.544	-1.295	0.275	AT5G17300	25.95	28.0	2.05	-6.12	0.92
path	1	0.0	0.544	0.126	0.919	AT3G30210	17.6	19.0	1.4	-4.37	0.921
path	1	0.0	0.544	-1.295	0.275	AT1G55110	19.41	21.0	1.59	-5.52	0.922
path	1	0.0	0.544	-1.295	0.275	AT2G02070	19.41	21.0	1.59	-5.52	0.922
path	1	0.0	0.544	-1.295	0.275	AT3G01470	3.6	4.0	0.4	-2.58	0.922
path	1	0.0	0.544	0.126	0.919	AT2G38340	58.76	63.0	4.24	-7.56	0.922
path	1	0.0	0.544	-0.065	0.349	AT1G69010	45.6	49.0	3.4	-7.48	0.924
path	1	0.0	0.544	-0.065	0.349	AT5G10280	6.39	7.0	0.61	-3.09	0.924
path	1	0.0	0.544	-0.065	0.349	AT3G51470	2.7	3.0	0.3	-2.04	0.925
path	1	0.0	0.544	-0.065	0.349	AT4G11660	16.63	18.0	1.37	-4.86	0.925
path	1	0.0	0.544	0.126	0.919	AT2G03340	9.2	10.0	0.8	-3.29	0.925
path	1	0.0	0.544	-1.295	0.275	AT2G15660	1.77	2.0	0.23	-1.91	0.927
path	1	0.0	0.544	-1.295	0.275	AT3G21175	6.37	7.0	0.63	-3.48	0.927
path	1	0.0	0.544	0.126	0.919	AT1G25550	25.99	28.0	2.01	-5.45	0.927
path	1	0.0	0.544	-1.295	0.275	AT2G22430	17.53	19.0	1.47	-5.46	0.928
path	1	0.0	0.544	-1.295	0.275	AT2G40260	17.53	19.0	1.47	-5.46	0.928
path	1	0.0	0.544	-1.295	0.275	AT3G44480	17.53	19.0	1.47	-5.46	0.928
path	1	0.0	0.544	0.126	0.919	AT1G75240	56.87	61.0	4.13	-7.73	0.928
path	1	0.0	0.544	0.126	0.919	AT2G30250	44.69	48.0	3.31	-6.99	0.928
path	1	0.0	0.544	0.126	0.919	AT3G12730	41.89	45.0	3.11	-6.78	0.928
path	1	0.0	0.544	-0.065	0.349	AT5G10510	1.78	2.0	0.22	-1.7	0.929
path	1	0.0	0.544	-1.295	0.275	AT2G43000	24.06	26.0	1.94	-6.27	0.929
path	1	0.0	0.544	-0.065	0.349	AT2G32460	27.82	30.0	2.18	-6.31	0.93
path	1	0.0	0.544	-1.295	0.275	AT5G26170	18.46	20.0	1.54	-5.7	0.931
path	1	0.0	0.544	-0.065	0.349	AT2G26960	20.34	22.0	1.66	-5.57	0.932
path	1	0.0	0.544	0.126	0.919	AT3G01970	40.94	44.0	3.06	-6.86	0.932
path	1	0.0	0.544	-0.065	0.349	AT1G18330	30.62	33.0	2.38	-6.67	0.933
path	1	0.0	0.544	0.126	0.919	AT4G18450	5.48	6.0	0.52	-2.71	0.934
path	1	0.0	0.544	-0.065	0.349	AT3G61250	5.45	6.0	0.55	-3.08	0.935
path	1	0.0	0.544	-0.065	0.349	AT5G08750	5.45	6.0	0.55	-3.08	0.935
path	1	0.0	0.544	0.126	0.919	AT3G01470	10.12	11.0	0.88	-3.66	0.935
path	1	0.0	0.544	-0.065	0.349	AT4G01280	42.77	46.0	3.23	-7.79	0.936
path	1	0.0	0.544	0.126	0.919	AT1G13260	17.57	19.0	1.43	-4.83	0.937
path	1	0.0	0.544	-0.065	0.349	AT1G24250	13.81	15.0	1.19	-4.84	0.938
path	1	0.0	0.544	-1.295	0.275	AT4G04450	0.85	1.0	0.15	-1.47	0.938
path	1	0.0	0.544	-0.065	0.349	AT4G17785	6.37	7.0	0.63	-3.42	0.939
path	1	0.0	0.544	-1.295	0.275	AT1G69570	22.17	24.0	1.83	-6.42	0.939
path	1	0.0	0.544	0.126	0.919	AT5G09410	39.05	42.0	2.95	-7.03	0.939
path	1	0.0	0.544	-1.295	0.275	AT5G43840	1.75	2.0	0.25	-2.11	0.94
path	1	0.0	0.544	0.126	0.919	AT5G62940	40.92	44.0	3.08	-7.32	0.942
path	1	0.0	0.544	-0.065	0.349	AT3G17730	29.66	32.0	2.34	-7.0	0.943
path	1	0.0	0.544	-0.065	0.349	AT4G26030	25.92	28.0	2.08	-6.63	0.943
path	1	0.0	0.544	0.126	0.919	AT3G04030	52.14	56.0	3.86	-8.15	0.943
path	1	0.0	0.544	0.126	0.919	AT5G52170	1.78	2.0	0.22	-1.67	0.943
path	1	0.0	0.544	0.126	0.919	AT5G61270	1.78	2.0	0.22	-1.67	0.943
path	1	0.0	0.544	-0.065	0.349	AT5G14340	0.86	1.0	0.14	-1.35	0.944
path	1	0.0	0.544	-0.065	0.349	AT5G42520	0.86	1.0	0.14	-1.35	0.944
path	1	0.0	0.544	-0.065	0.349	AT5G65210	37.13	40.0	2.87	-7.74	0.944
path	1	0.0	0.544	-1.295	0.275	AT5G06839	22.16	24.0	1.84	-6.63	0.944
path	1	0.0	0.544	0.126	0.919	AT1G34370	9.17	10.0	0.83	-3.75	0.944
path	1	0.0	0.544	0.126	0.919	AT5G10280	9.17	10.0	0.83	-3.75	0.944
path	1	0.0	0.544	-0.065	0.349	AT2G24430	32.45	35.0	2.55	-7.36	0.945
path	1	0.0	0.544	-1.295	0.275	AT2G38470	12.84	14.0	1.16	-5.32	0.945
path	1	0.0	0.544	0.126	0.919	AT3G50060	45.58	49.0	3.42	-7.82	0.945
path	1	0.0	0.544	0.126	0.919	AT1G02250	29.69	32.0	2.31	-6.49	0.946
path	1	0.0	0.544	0.126	0.919	AT1G52150	37.16	40.0	2.84	-7.2	0.946
path	1	0.0	0.544	-0.065	0.349	AT1G74650	35.25	38.0	2.75	-7.73	0.947
path	1	0.0	0.544	-0.065	0.349	AT3G08500	24.04	26.0	1.96	-6.61	0.948
path	1	0.0	0.544	-0.065	0.349	AT3G09600	42.73	46.0	3.27	-8.47	0.949
path	1	0.0	0.544	-0.065	0.349	AT5G02840	15.65	17.0	1.35	-5.53	0.949
path	1	0.0	0.544	-1.295	0.275	AT1G77640	2.65	3.0	0.35	-2.76	0.949
path	1	0.0	0.544	-1.295	0.275	AT4G38170	26.81	29.0	2.19	-7.39	0.949
path	1	0.0	0.544	-1.295	0.275	AT5G16820	14.69	16.0	1.31	-5.79	0.949
path	1	0.0	0.544	-1.295	0.275	AT5G44160	2.65	3.0	0.35	-2.76	0.949
path	1	0.0	0.544	0.126	0.919	AT5G39610	41.83	45.0	3.17	-7.69	0.949
path	1	0.0	0.544	-0.065	0.349	AT1G19210	58.63	63.0	4.37	-9.62	0.95
path	1	0.0	0.544	-0.065	0.349	AT1G49010	41.79	45.0	3.21	-8.46	0.95
path	1	0.0	0.544	-0.065	0.349	AT1G69180	33.37	36.0	2.63	-7.71	0.95
path	1	0.0	0.544	-0.065	0.349	AT3G10500	23.1	25.0	1.9	-6.6	0.95
path	1	0.0	0.544	-0.065	0.349	AT3G10800	23.1	25.0	1.9	-6.6	0.95
path	1	0.0	0.544	-1.295	0.275	AT5G14960	0.84	1.0	0.16	-1.67	0.951
path	1	0.0	0.544	0.126	0.919	AT5G47220	19.4	21.0	1.6	-5.58	0.951
path	1	0.0	0.544	-1.295	0.275	AT1G29860	10.04	11.0	0.96	-5.03	0.952
path	1	0.0	0.544	-1.295	0.275	AT3G09600	24.0	26.0	2.0	-7.3	0.953
path	1	0.0	0.544	-1.295	0.275	AT3G13810	14.68	16.0	1.32	-6.0	0.954
path	1	0.0	0.544	0.126	0.919	AT1G26960	42.75	46.0	3.25	-8.07	0.954
path	1	0.0	0.544	0.126	0.919	AT2G23290	48.36	52.0	3.64	-8.48	0.954
path	1	0.0	0.544	0.126	0.919	AT4G31800	45.56	49.0	3.44	-8.28	0.954
path	1	0.0	0.544	-1.295	0.275	AT3G12730	15.6	17.0	1.4	-6.23	0.955
path	1	0.0	0.544	-0.065	0.349	AT5G15830	52.06	56.0	3.94	-9.56	0.956
path	1	0.0	0.544	0.126	0.919	AT3G08500	34.33	37.0	2.67	-7.45	0.956
path	1	0.0	0.544	0.126	0.919	AT3G60580	18.46	20.0	1.54	-5.66	0.956
path	1	0.0	0.544	-1.295	0.275	AT2G03340	2.64	3.0	0.36	-2.96	0.957
path	1	0.0	0.544	0.126	0.919	AT1G20980	20.32	22.0	1.68	-5.95	0.957
path	1	0.0	0.544	0.126	0.919	AT1G29860	26.85	29.0	2.15	-6.74	0.957
path	1	0.0	0.544	0.126	0.919	AT1G50640	55.84	60.0	4.16	-9.19	0.957
path	1	0.0	0.544	0.126	0.919	AT1G54330	39.0	42.0	3.0	-7.95	0.957
path	1	0.0	0.544	0.126	0.919	AT3G47500	44.61	48.0	3.39	-8.36	0.957
path	1	0.0	0.544	-0.065	0.349	AT1G16490	32.41	35.0	2.59	-8.04	0.958
path	1	0.0	0.544	0.126	0.919	AT3G55370	61.46	66.0	4.54	-9.61	0.958
path	1	0.0	0.544	-0.065	0.349	AT1G18570	2.66	3.0	0.34	-2.72	0.959
path	1	0.0	0.544	0.126	0.919	AT3G52440	54.9	59.0	4.1	-9.27	0.959
path	1	0.0	0.544	0.126	0.919	AT4G18170	33.38	36.0	2.62	-7.53	0.959
path	1	0.0	0.544	-0.065	0.349	AT1G52880	42.69	46.0	3.31	-9.14	0.96
path	1	0.0	0.544	-0.065	0.349	AT1G72740	14.69	16.0	1.31	-5.85	0.96
path	1	0.0	0.544	-0.065	0.349	AT3G60490	34.27	37.0	2.73	-8.39	0.96
path	1	0.0	0.544	-1.295	0.275	AT4G23550	13.73	15.0	1.27	-6.17	0.961
path	1	0.0	0.544	-0.065	0.349	AT2G38880	0.84	1.0	0.16	-1.69	0.963
path	1	0.0	0.544	-0.065	0.349	AT4G36780	43.6	47.0	3.4	-9.48	0.964
path	1	0.0	0.544	0.126	0.919	AT1G25340	29.63	32.0	2.37	-7.41	0.964
path	1	0.0	0.544	0.126	0.919	AT3G57230	3.59	4.0	0.41	-2.87	0.964
path	1	0.0	0.544	-0.065	0.349	AT1G01720	42.67	46.0	3.33	-9.48	0.965
path	1	0.0	0.544	-1.295	0.275	AT1G51700	13.71	15.0	1.29	-6.38	0.965
path	1	0.0	0.544	-0.065	0.349	AT2G36270	56.7	61.0	4.3	-10.61	0.966
path	1	0.0	0.544	-0.065	0.349	AT3G10113	30.51	33.0	2.49	-8.35	0.966
path	1	0.0	0.544	-1.295	0.275	AT1G01250	1.72	2.0	0.28	-2.73	0.966
path	1	0.0	0.544	0.126	0.919	AT1G27730	22.15	24.0	1.85	-6.7	0.967
path	1	0.0	0.544	0.126	0.919	AT3G28920	56.73	61.0	4.27	-10.02	0.967
path	1	0.0	0.544	0.126	0.919	AT5G18450	35.22	38.0	2.78	-8.28	0.968
path	1	0.0	0.544	0.126	0.919	AT5G67450	5.42	6.0	0.58	-3.62	0.968
path	1	0.0	0.544	-0.065	0.349	AT5G52660	35.17	38.0	2.83	-9.07	0.969
path	1	0.0	0.544	-1.295	0.275	AT1G14580	5.37	6.0	0.63	-4.48	0.969
path	1	0.0	0.544	-1.295	0.275	AT2G30590	0.81	1.0	0.19	-2.08	0.969
path	1	0.0	0.544	-1.295	0.275	AT3G51080	0.81	1.0	0.19	-2.08	0.969
path	1	0.0	0.544	-1.295	0.275	AT5G29000	13.7	15.0	1.3	-6.59	0.969
path	1	0.0	0.544	-1.295	0.275	AT5G65310	23.01	25.0	1.99	-8.1	0.969
path	1	0.0	0.544	-0.065	0.349	AT1G69490	37.97	41.0	3.03	-9.43	0.97
path	1	0.0	0.544	-1.295	0.275	AT3G04030	19.27	21.0	1.73	-7.78	0.972
path	1	0.0	0.544	-0.065	0.349	AT3G10030	18.36	20.0	1.64	-7.23	0.973
path	1	0.0	0.544	0.126	0.919	AT1G06850	38.0	41.0	3.0	-8.95	0.973
path	1	0.0	0.544	0.126	0.919	AT1G16490	45.47	49.0	3.53	-9.65	0.973
path	1	0.0	0.544	-0.065	0.349	AT3G03200	27.68	30.0	2.32	-8.66	0.974
path	1	0.0	0.544	0.126	0.919	AT1G06180	23.99	26.0	2.01	-7.45	0.974
path	1	0.0	0.544	0.126	0.919	AT1G53230	7.26	8.0	0.74	-4.37	0.974
path	1	0.0	0.544	0.126	0.919	AT3G02940	58.57	63.0	4.43	-10.77	0.974
path	1	0.0	0.544	-0.065	0.349	AT3G30530	0.82	1.0	0.18	-2.03	0.975
path	1	0.0	0.544	0.126	0.919	AT5G22890	0.83	1.0	0.17	-1.75	0.975
path	1	0.0	0.544	-1.295	0.275	AT3G13350	0.8	1.0	0.2	-2.29	0.976
path	1	0.0	0.544	0.126	0.919	AT3G24120	60.43	65.0	4.57	-11.06	0.976
path	1	0.0	0.544	-0.065	0.349	AT5G56110	37.93	41.0	3.07	-10.1	0.977
path	1	0.0	0.544	0.126	0.919	AT5G25390	3.56	4.0	0.44	-3.33	0.977
path	1	0.0	0.544	0.126	0.919	AT5G47370	51.06	55.0	3.94	-10.52	0.977
path	1	0.0	0.544	-0.065	0.349	AT2G04038	44.46	48.0	3.54	-10.84	0.978
path	1	0.0	0.544	-0.065	0.349	AT5G06839	36.99	40.0	3.01	-10.1	0.978
path	1	0.0	0.544	-1.295	0.275	AT3G24520	15.52	17.0	1.48	-7.67	0.979
path	1	0.0	0.544	0.126	0.919	AT2G46680	35.16	38.0	2.84	-9.2	0.979
path	1	0.0	0.544	-1.295	0.275	AT4G01280	22.02	24.0	1.98	-8.89	0.98
path	1	0.0	0.544	0.126	0.919	AT4G01720	1.72	2.0	0.28	-2.58	0.98
path	1	0.0	0.544	-1.295	0.275	AT4G36620	0.79	1.0	0.21	-2.49	0.981
path	1	0.0	0.544	0.126	0.919	AT3G12130	29.55	32.0	2.45	-8.78	0.981
path	1	0.0	0.544	0.126	0.919	AT5G61600	14.65	16.0	1.35	-6.45	0.981
path	1	0.0	0.544	-0.065	0.349	AT5G06960	20.18	22.0	1.82	-8.26	0.982
path	1	0.0	0.544	-0.065	0.349	AT5G07680	3.51	4.0	0.49	-4.07	0.982
path	1	0.0	0.544	-0.065	0.349	AT5G62320	22.04	24.0	1.96	-8.61	0.982
path	1	0.0	0.544	-1.295	0.275	AT4G11660	7.16	8.0	0.84	-5.98	0.983
path	1	0.0	0.544	0.126	0.919	AT4G17785	8.15	9.0	0.85	-5.2	0.983
path	1	0.0	0.544	0.126	0.919	AT3G12820	13.71	15.0	1.29	-6.54	0.984
path	1	0.0	0.544	-0.065	0.349	AT1G34190	29.47	32.0	2.53	-10.03	0.985
path	1	0.0	0.544	-0.065	0.349	AT4G01680	22.02	24.0	1.98	-8.95	0.985
path	1	0.0	0.544	-1.295	0.275	AT2G01818	2.57	3.0	0.43	-4.2	0.985
path	1	0.0	0.544	-1.295	0.275	AT2G46130	2.57	3.0	0.43	-4.2	0.985
path	1	0.0	0.544	-1.295	0.275	AT3G47500	15.48	17.0	1.52	-8.29	0.985
path	1	0.0	0.544	-1.295	0.275	AT4G26640	3.48	4.0	0.52	-4.63	0.985
path	1	0.0	0.544	0.126	0.919	AT3G44480	40.72	44.0	3.28	-10.53	0.985
path	1	0.0	0.544	0.126	0.919	AT5G65410	50.06	54.0	3.94	-11.52	0.985
path	1	0.0	0.544	0.126	0.919	AT5G66940	48.2	52.0	3.8	-11.23	0.985
path	1	0.0	0.544	-0.065	0.349	AT1G78700	40.65	44.0	3.35	-11.81	0.987
path	1	0.0	0.544	-0.065	0.349	AT5G17300	40.65	44.0	3.35	-11.81	0.987
path	1	0.0	0.544	-1.295	0.275	AT2G02080	18.25	20.0	1.75	-9.19	0.987
path	1	0.0	0.544	-1.295	0.275	AT2G20400	10.83	12.0	1.17	-7.53	0.987
path	1	0.0	0.544	-1.295	0.275	AT4G00250	12.68	14.0	1.32	-8.0	0.987
path	1	0.0	0.544	-1.295	0.275	AT1G25580	5.3	6.0	0.7	-5.72	0.987
path	1	0.0	0.544	0.126	0.919	AT3G12720	36.97	40.0	3.03	-10.4	0.987
path	1	0.0	0.544	-0.065	0.349	AT4G14770	28.51	31.0	2.49	-10.35	0.988
path	1	0.0	0.544	-0.065	0.349	AT5G16820	23.86	26.0	2.14	-9.64	0.988
path	1	0.0	0.544	-1.295	0.275	AT1G32240	0.77	1.0	0.23	-2.91	0.988
path	1	0.0	0.544	0.126	0.919	AT3G50410	31.36	34.0	2.64	-9.99	0.988
path	1	0.0	0.544	0.126	0.919	AT5G04390	22.04	24.0	1.96	-8.53	0.988
path	1	0.0	0.544	0.126	0.919	AT5G54230	52.84	57.0	4.16	-12.19	0.988
path	1	0.0	0.544	-0.065	0.349	AT1G09540	29.43	32.0	2.57	-10.7	0.989
path	1	0.0	0.544	-0.065	0.349	AT1G69560	2.58	3.0	0.42	-4.06	0.989
path	1	0.0	0.544	-0.065	0.349	AT3G23220	10.85	12.0	1.15	-7.16	0.989
path	1	0.0	0.544	0.126	0.919	AT4G01550	33.22	36.0	2.78	-10.28	0.989
path	1	0.0	0.544	-1.295	0.275	AT5G56840	21.01	23.0	1.99	-10.1	0.99
path	1	0.0	0.544	0.126	0.919	AT5G45580	50.95	55.0	4.05	-12.36	0.99
path	1	0.0	0.544	0.126	0.919	AT5G56110	52.81	57.0	4.19	-12.65	0.99
path	1	0.0	0.544	-0.065	0.349	AT5G11260	47.14	51.0	3.86	-13.22	0.991
path	1	0.0	0.544	-1.295	0.275	AT2G01060	8.95	10.0	1.05	-7.47	0.991
path	1	0.0	0.544	0.126	0.919	AT1G02230	35.05	38.0	2.95	-11.03	0.991
path	1	0.0	0.544	-0.065	0.349	AT1G32150	53.66	58.0	4.34	-14.29	0.992
path	1	0.0	0.544	-0.065	0.349	AT3G23210	7.13	8.0	0.87	-6.46	0.992
path	1	0.0	0.544	-0.065	0.349	AT3G28910	11.75	13.0	1.25	-7.85	0.992
path	1	0.0	0.544	-1.295	0.275	AT1G75390	2.53	3.0	0.47	-4.81	0.992
path	1	0.0	0.544	-1.295	0.275	AT5G52660	17.27	19.0	1.73	-9.78	0.992
path	1	0.0	0.544	0.126	0.919	AT2G01940	47.17	51.0	3.83	-12.69	0.992
path	1	0.0	0.544	0.126	0.919	AT4G01540	60.26	65.0	4.74	-13.81	0.992
path	1	0.0	0.544	0.126	0.919	AT1G63030	1.67	2.0	0.33	-3.5	0.993
path	1	0.0	0.544	0.126	0.919	AT1G68320	33.16	36.0	2.84	-11.2	0.993
path	1	0.0	0.544	0.126	0.919	AT1G68670	12.71	14.0	1.29	-7.54	0.993
path	1	0.0	0.544	-0.065	0.349	AT3G15170	15.42	17.0	1.58	-9.22	0.994
path	1	0.0	0.544	-0.065	0.349	AT3G62420	48.02	52.0	3.98	-14.23	0.994
path	1	0.0	0.544	-0.065	0.349	AT2G20110	26.55	29.0	2.45	-11.68	0.995
path	1	0.0	0.544	-0.065	0.349	AT1G01060	35.83	39.0	3.17	-13.79	0.996
path	1	0.0	0.544	-0.065	0.349	AT2G35530	50.76	55.0	4.24	-15.61	0.996
path	1	0.0	0.544	-1.295	0.275	AT3G20770	5.21	6.0	0.79	-7.16	0.996
path	1	0.0	0.544	0.126	0.919	AT1G30490	32.16	35.0	2.84	-12.2	0.996
path	1	0.0	0.544	0.126	0.919	AT2G28810	42.42	46.0	3.58	-13.57	0.996
path	1	0.0	0.544	0.126	0.919	AT2G42200	38.69	42.0	3.31	-12.99	0.996
path	1	0.0	0.544	0.126	0.919	AT3G21890	35.89	39.0	3.11	-12.78	0.996
path	1	0.0	0.544	-0.065	0.349	AT1G75390	5.23	6.0	0.77	-6.78	0.997
path	1	0.0	0.544	0.126	0.919	AT1G64620	47.98	52.0	4.02	-14.9	0.997
path	1	0.0	0.544	0.126	0.919	AT2G06200	11.71	13.0	1.29	-8.54	0.997
path	1	0.0	0.544	0.126	0.919	AT3G15270	49.87	54.0	4.13	-14.73	0.997
path	1	0.0	0.544	0.126	0.919	AT5G62320	29.33	32.0	2.67	-12.45	0.997
path	1	0.0	0.544	-0.065	0.349	AT1G45249	25.51	28.0	2.49	-13.35	0.998
path	1	0.0	0.544	-0.065	0.349	AT2G18160	39.46	43.0	3.54	-15.84	0.998
path	1	0.0	0.544	-0.065	0.349	AT3G56850	50.68	55.0	4.32	-16.95	0.998
path	1	0.0	0.544	-0.065	0.349	AT5G08520	39.48	43.0	3.52	-15.5	0.998
path	1	0.0	0.544	-0.065	0.349	AT5G54230	32.95	36.0	3.05	-14.77	0.998
path	1	0.0	0.544	-0.065	0.349	AT5G56840	35.75	39.0	3.25	-15.13	0.998
path	1	0.0	0.544	-0.065	0.349	AT5G61620	37.6	41.0	3.4	-15.48	0.998
path	1	0.0	0.544	-1.295	0.275	AT2G28920	2.44	3.0	0.56	-6.25	0.998
path	1	0.0	0.544	-1.295	0.275	AT3G24050	4.25	5.0	0.75	-7.54	0.998
path	1	0.0	0.544	-1.295	0.275	AT5G02840	5.17	6.0	0.83	-7.77	0.998
path	1	0.0	0.544	0.126	0.919	AT1G09540	40.5	44.0	3.5	-14.19	0.998
path	1	0.0	0.544	0.126	0.919	AT1G34670	43.25	47.0	3.75	-15.32	0.998
path	1	0.0	0.544	0.126	0.919	AT1G70920	30.25	33.0	2.75	-12.82	0.998
path	1	0.0	0.544	0.126	0.919	AT1G74650	43.25	47.0	3.75	-15.32	0.998
path	1	0.0	0.544	0.126	0.919	AT3G47600	1.61	2.0	0.39	-4.41	0.998
path	1	0.0	0.544	0.126	0.919	AT5G60130	25.58	28.0	2.42	-12.32	0.998
path	1	0.0	0.544	-0.065	0.349	AT1G19000	29.17	32.0	2.83	-15.07	0.999
path	1	0.0	0.544	-0.065	0.349	AT1G71696	21.7	24.0	2.3	-14.33	0.999
path	1	0.0	0.544	-0.065	0.349	AT3G10580	29.17	32.0	2.83	-15.07	0.999
path	1	0.0	0.544	-0.065	0.349	AT4G34590	8.79	10.0	1.21	-10.17	0.999
path	1	0.0	0.544	-1.295	0.275	AT1G74840	10.63	12.0	1.37	-10.82	0.999
path	1	0.0	0.544	-1.295	0.275	AT2G18380	9.63	11.0	1.37	-11.82	0.999
path	1	0.0	0.544	-1.295	0.275	AT3G22830	6.92	8.0	1.08	-9.88	0.999
path	1	0.0	0.544	-1.295	0.275	AT3G60530	1.48	2.0	0.52	-6.63	0.999
path	1	0.0	0.544	-1.295	0.275	AT4G32730	19.81	22.0	2.19	-14.39	0.999
path	1	0.0	0.544	-1.295	0.275	AT5G47390	13.34	15.0	1.66	-12.55	0.999
path	1	0.0	0.544	-1.295	0.275	AT5G58900	14.31	16.0	1.69	-12.16	0.999
path	1	0.0	0.544	0.126	0.919	AT1G79180	19.91	22.0	2.09	-12.82	0.999
path	1	0.0	0.544	0.126	0.919	AT2G46590	44.14	48.0	3.86	-16.15	0.999
path	1	0.0	0.544	0.126	0.919	AT2G47070	31.11	34.0	2.89	-14.11	0.999
path	1	0.0	0.544	0.126	0.919	AT3G01530	36.67	40.0	3.33	-15.44	0.999
path	1	0.0	0.544	0.126	0.919	AT3G45610	44.06	48.0	3.94	-17.52	0.999
path	1	0.0	0.544	0.126	0.919	AT3G57920	28.27	31.0	2.73	-14.36	0.999
path	1	0.0	0.544	0.126	0.919	AT4G26030	30.16	33.0	2.84	-14.2	0.999
path	1	0.0	0.544	0.126	0.919	AT4G38000	53.48	58.0	4.52	-17.15	0.999
path	1	0.0	0.544	0.126	0.919	AT5G02460	49.73	54.0	4.27	-17.02	0.999
path	1	0.0	0.544	0.126	0.919	AT5G63260	45.01	49.0	3.99	-17.44	0.999
path	1	0.0	0.544	-0.065	0.349	AT1G34670	25.25	28.0	2.75	-17.73	1.0
path	1	0.0	0.544	-0.065	0.349	AT1G47870	-0.02	0.0	0.02	-0.34	1.0
path	1	0.0	0.544	-0.065	0.349	AT1G60920	-0.02	0.0	0.02	-0.34	1.0
path	1	0.0	0.544	-0.065	0.349	AT1G63040	-0.04	0.0	0.04	-0.67	1.0
path	1	0.0	0.544	-0.065	0.349	AT1G66420	-0.02	0.0	0.02	-0.34	1.0
path	1	0.0	0.544	-0.065	0.349	AT1G70910	-0.04	0.0	0.04	-0.67	1.0
path	1	0.0	0.544	-0.065	0.349	AT1G74840	19.76	22.0	2.24	-15.32	1.0
path	1	0.0	0.544	-0.065	0.349	AT2G38090	-0.06	0.0	0.06	-1.01	1.0
path	1	0.0	0.544	-0.065	0.349	AT2G39900	-0.04	0.0	0.04	-0.67	1.0
path	1	0.0	0.544	-0.065	0.349	AT2G46400	-0.04	0.0	0.04	-0.67	1.0
path	1	0.0	0.544	-0.065	0.349	AT2G48100	-0.02	0.0	0.02	-0.34	1.0
path	1	0.0	0.544	-0.065	0.349	AT3G02940	29.75	33.0	3.25	-21.13	1.0
path	1	0.0	0.544	-0.065	0.349	AT3G03660	-0.14	0.0	0.14	-2.35	1.0
path	1	0.0	0.544	-0.065	0.349	AT3G07220	-0.04	0.0	0.04	-0.67	1.0
path	1	0.0	0.544	-0.065	0.349	AT3G12910	-0.14	0.0	0.14	-2.35	1.0
path	1	0.0	0.544	-0.065	0.349	AT3G47620	-0.1	0.0	0.1	-1.68	1.0
path	1	0.0	0.544	-0.065	0.349	AT4G00250	17.84	20.0	2.16	-15.98	1.0
path	1	0.0	0.544	-0.065	0.349	AT4G12670	-0.02	0.0	0.02	-0.34	1.0
path	1	0.0	0.544	-0.065	0.349	AT4G24240	-0.06	0.0	0.06	-1.01	1.0
path	1	0.0	0.544	-0.065	0.349	AT4G37790	-0.04	0.0	0.04	-0.67	1.0
path	1	0.0	0.544	-0.065	0.349	AT5G16600	-0.06	0.0	0.06	-1.01	1.0
path	1	0.0	0.544	-0.065	0.349	AT5G38800	-0.02	0.0	0.02	-0.34	1.0
path	1	0.0	0.544	-0.065	0.349	AT5G38860	-0.12	0.0	0.12	-2.02	1.0
path	1	0.0	0.544	-0.065	0.349	AT5G42820	-0.02	0.0	0.02	-0.34	1.0
path	1	0.0	0.544	-0.065	0.349	AT5G47390	24.29	27.0	2.71	-18.05	1.0
path	1	0.0	0.544	-0.065	0.349	AT5G48670	-0.06	0.0	0.06	-1.01	1.0
path	1	0.0	0.544	-0.065	0.349	AT5G58620	-0.04	0.0	0.04	-0.67	1.0
path	1	0.0	0.544	-1.295	0.275	AT1G08010	2.81	4.0	1.19	-15.73	1.0
path	1	0.0	0.544	-1.295	0.275	AT1G10720	-0.07	0.0	0.07	-1.23	1.0
path	1	0.0	0.544	-1.295	0.275	AT1G17950	-0.04	0.0	0.04	-0.62	1.0
path	1	0.0	0.544	-1.295	0.275	AT1G18960	-0.02	0.0	0.02	-0.41	1.0
path	1	0.0	0.544	-1.295	0.275	AT1G19000	13.27	15.0	1.73	-13.78	1.0
path	1	0.0	0.544	-1.295	0.275	AT1G23810	-0.11	0.0	0.11	-1.85	1.0
path	1	0.0	0.544	-1.295	0.275	AT1G27360	-0.12	0.0	0.12	-2.06	1.0
path	1	0.0	0.544	-1.295	0.275	AT1G30210	-0.02	0.0	0.02	-0.41	1.0
path	1	0.0	0.544	-1.295	0.275	AT1G47870	-0.01	0.0	0.01	-0.21	1.0
path	1	0.0	0.544	-1.295	0.275	AT1G49010	10.04	12.0	1.96	-20.69	1.0
path	1	0.0	0.544	-1.295	0.275	AT1G60920	-0.01	0.0	0.01	-0.21	1.0
path	1	0.0	0.544	-1.295	0.275	AT1G63040	-0.02	0.0	0.02	-0.41	1.0
path	1	0.0	0.544	-1.295	0.275	AT1G66420	-0.01	0.0	0.01	-0.21	1.0
path	1	0.0	0.544	-1.295	0.275	AT1G67260	-0.04	0.0	0.04	-0.62	1.0
path	1	0.0	0.544	-1.295	0.275	AT1G74370	-0.02	0.0	0.02	-0.41	1.0
path	1	0.0	0.544	-1.295	0.275	AT1G80840	-0.1	0.0	0.1	-1.64	1.0
path	1	0.0	0.544	-1.295	0.275	AT2G21900	-0.06	0.0	0.06	-1.03	1.0
path	1	0.0	0.544	-1.295	0.275	AT2G31460	-0.07	0.0	0.07	-1.23	1.0
path	1	0.0	0.544	-1.295	0.275	AT2G38090	-0.04	0.0	0.04	-0.62	1.0
path	1	0.0	0.544	-1.295	0.275	AT2G46400	-0.02	0.0	0.02	-0.41	1.0
path	1	0.0	0.544	-1.295	0.275	AT2G48100	-0.01	0.0	0.01	-0.21	1.0
path	1	0.0	0.544	-1.295	0.275	AT3G07220	-0.02	0.0	0.02	-0.41	1.0
path	1	0.0	0.544	-1.295	0.275	AT3G11280	2.21	3.0	0.79	-10.16	1.0
path	1	0.0	0.544	-1.295	0.275	AT3G13040	-0.05	0.0	0.05	-0.82	1.0
path	1	0.0	0.544	-1.295	0.275	AT3G22780	-0.09	0.0	0.09	-1.44	1.0
path	1	0.0	0.544	-1.295	0.275	AT3G45170	-0.15	0.0	0.15	-2.47	1.0
path	1	0.0	0.544	-1.295	0.275	AT3G47620	-0.06	0.0	0.06	-1.03	1.0
path	1	0.0	0.544	-1.295	0.275	AT3G48160	-0.04	0.0	0.04	-0.62	1.0
path	1	0.0	0.544	-1.295	0.275	AT4G12670	-0.01	0.0	0.01	-0.21	1.0
path	1	0.0	0.544	-1.295	0.275	AT4G17460	-0.04	0.0	0.04	-0.62	1.0
path	1	0.0	0.544	-1.295	0.275	AT4G24240	-0.04	0.0	0.04	-0.62	1.0
path	1	0.0	0.544	-1.295	0.275	AT4G38910	-0.1	0.0	0.1	-1.64	1.0
path	1	0.0	0.544	-1.295	0.275	AT5G05790	4.86	6.0	1.14	-12.91	1.0
path	1	0.0	0.544	-1.295	0.275	AT5G07100	-0.22	0.0	0.22	-3.7	1.0
path	1	0.0	0.544	-1.295	0.275	AT5G08070	-0.05	0.0	0.05	-0.82	1.0
path	1	0.0	0.544	-1.295	0.275	AT5G08520	11.85	14.0	2.15	-21.77	1.0
path	1	0.0	0.544	-1.295	0.275	AT5G16600	-0.04	0.0	0.04	-0.62	1.0
path	1	0.0	0.544	-1.295	0.275	AT5G18090	-0.02	0.0	0.02	-0.41	1.0
path	1	0.0	0.544	-1.295	0.275	AT5G25830	1.96	3.0	1.04	-14.27	1.0
path	1	0.0	0.544	-1.295	0.275	AT5G38800	-0.01	0.0	0.01	-0.21	1.0
path	1	0.0	0.544	-1.295	0.275	AT5G40330	-0.04	0.0	0.04	-0.62	1.0
path	1	0.0	0.544	-1.295	0.275	AT5G42820	-0.01	0.0	0.01	-0.21	1.0
path	1	0.0	0.544	-1.295	0.275	AT5G49300	-0.04	0.0	0.04	-0.62	1.0
path	1	0.0	0.544	-1.295	0.275	AT5G58620	-0.02	0.0	0.02	-0.41	1.0
path	1	0.0	0.544	-1.295	0.275	AT5G61620	13.92	16.0	2.08	-18.54	1.0
path	1	0.0	0.544	0.126	0.919	AT1G18960	-0.06	0.0	0.06	-0.92	1.0
path	1	0.0	0.544	0.126	0.919	AT1G74370	-0.06	0.0	0.06	-0.92	1.0
path	1	0.0	0.544	0.126	0.919	AT2G41835	-0.11	0.0	0.11	-1.83	1.0
path	1	0.0	0.544	0.126	0.919	AT4G17460	-0.08	0.0	0.08	-1.37	1.0
path	1	0.0	0.544	0.126	0.919	AT5G60850	41.98	46.0	4.02	-20.9	1.0
path	1	0.0	0.544	0.126	0.919	AT5G62165	-0.08	0.0	0.08	-1.37	1.0
path	2	0.126	0.919	-1.215	0.189	AT2G01930	44.07	46.0	1.93	15.24	7.98e-05
path	2	0.126	0.919	0.157	1.504	AT3G11280	34.98	36.0	1.02	10.54	0.000408
path	2	0.126	0.919	0.157	1.504	AT3G27010	15.39	16.0	0.61	6.16	0.00104
path	2	0.126	0.919	-1.215	0.189	AT4G38170	47.95	50.0	2.05	12.92	0.00157
path	2	0.126	0.919	-1.215	0.189	AT1G08010	26.89	28.0	1.11	9.04	0.00355
path	2	0.126	0.919	0.157	1.504	AT2G45680	12.54	13.0	0.46	4.9	0.00478
path	2	0.126	0.919	0.157	1.504	AT2G47070	25.33	27.0	1.67	7.33	0.00559
path	2	0.126	0.919	0.157	1.504	AT3G26790	19.2	20.0	0.8	6.11	0.00662
path	2	0.126	0.919	0.157	1.504	AT5G04410	36.2	38.0	1.8	8.49	0.00722
path	2	0.126	0.919	0.157	1.504	AT5G18270	42.82	45.0	2.18	9.13	0.00782
path	2	0.126	0.919	0.157	1.504	AT3G61150	33.29	35.0	1.71	7.81	0.01
path	2	0.126	0.919	-1.215	0.189	AT2G45410	28.58	30.0	1.42	8.09	0.012
path	2	0.126	0.919	-1.215	0.189	AT3G11440	31.4	33.0	1.6	8.14	0.016
path	2	0.126	0.919	-1.215	0.189	AT3G60530	12.51	13.0	0.49	4.99	0.017
path	2	0.126	0.919	0.157	1.504	AT5G39610	31.17	33.0	1.83	6.96	0.019
path	2	0.126	0.919	0.157	1.504	AT1G69690	14.33	15.0	0.67	4.58	0.02
path	2	0.126	0.919	-1.215	0.189	AT1G75390	17.56	18.0	0.44	5.78	0.021
path	2	0.126	0.919	-1.215	0.189	AT5G58850	33.26	35.0	1.74	8.03	0.021
path	2	0.126	0.919	0.157	1.504	AT2G24430	40.99	43.0	2.01	7.7	0.021
path	2	0.126	0.919	0.157	1.504	AT5G08330	23.66	25.0	1.34	5.91	0.022
path	2	0.126	0.919	0.157	1.504	AT4G38000	38.39	41.0	2.61	7.44	0.023
path	2	0.126	0.919	-1.215	0.189	AT3G30530	5.9	6.0	0.1	3.05	0.024
path	2	0.126	0.919	0.157	1.504	AT1G69490	51.61	54.0	2.39	8.29	0.025
path	2	0.126	0.919	0.157	1.504	AT4G10350	30.44	32.0	1.56	6.54	0.025
path	2	0.126	0.919	0.157	1.504	AT2G38340	41.55	44.0	2.45	7.55	0.026
path	2	0.126	0.919	0.157	1.504	AT3G02940	41.43	44.0	2.57	7.55	0.026
path	2	0.126	0.919	0.157	1.504	AT3G11020	28.52	30.0	1.48	6.28	0.026
path	2	0.126	0.919	0.157	1.504	AT1G34180	35.15	37.0	1.85	6.91	0.027
path	2	0.126	0.919	0.157	1.504	AT5G51990	56.88	60.0	3.12	8.5	0.027
path	2	0.126	0.919	0.157	1.504	AT3G04060	33.09	35.0	1.91	6.65	0.029
path	2	0.126	0.919	0.157	1.504	AT1G01720	50.37	53.0	2.63	7.87	0.031
path	2	0.126	0.919	0.157	1.504	AT1G72010	20.84	22.0	1.16	5.22	0.031
path	2	0.126	0.919	0.157	1.504	AT2G28920	21.28	22.0	0.72	5.22	0.031
path	2	0.126	0.919	0.157	1.504	AT5G46590	15.28	16.0	0.72	4.43	0.031
path	2	0.126	0.919	0.157	1.504	AT3G18400	38.82	41.0	2.18	6.86	0.035
path	2	0.126	0.919	0.157	1.504	AT2G46590	31.77	34.0	2.23	6.23	0.037
path	2	0.126	0.919	0.157	1.504	AT1G74840	50.23	52.0	1.77	7.45	0.039
path	2	0.126	0.919	0.157	1.504	AT2G31230	44.58	47.0	2.42	7.08	0.04
path	2	0.126	0.919	0.157	1.504	AT3G49530	30.36	32.0	1.64	5.96	0.04
path	2	0.126	0.919	-1.215	0.189	AT4G18770	30.43	32.0	1.57	6.72	0.042
path	2	0.126	0.919	-1.215	0.189	AT1G30490	18.8	20.0	1.2	5.25	0.046
path	2	0.126	0.919	0.157	1.504	AT4G16750	53.07	56.0	2.93	7.4	0.046
path	2	0.126	0.919	-1.215	0.189	AT4G32730	47.95	50.0	2.05	7.86	0.047
path	2	0.126	0.919	0.157	1.504	AT3G10480	31.26	33.0	1.74	5.81	0.048
path	2	0.126	0.919	-1.215	0.189	AT3G21175	13.41	14.0	0.59	4.31	0.05
path	2	0.126	0.919	-1.215	0.189	AT1G25580	15.34	16.0	0.66	4.62	0.05
path	2	0.126	0.919	-1.215	0.189	AT5G65210	37.35	39.0	1.65	6.97	0.051
path	2	0.126	0.919	0.157	1.504	AT3G10500	29.5	31.0	1.5	5.54	0.051
path	2	0.126	0.919	0.157	1.504	AT2G18060	34.25	36.0	1.75	5.91	0.052
path	2	0.126	0.919	0.157	1.504	AT4G26030	22.36	24.0	1.64	4.91	0.052
path	2	0.126	0.919	0.157	1.504	AT3G02990	7.65	8.0	0.35	2.79	0.053
path	2	0.126	0.919	0.157	1.504	AT4G25490	49.21	52.0	2.79	6.87	0.054
path	2	0.126	0.919	0.157	1.504	AT1G51220	27.49	29.0	1.51	5.28	0.055
path	2	0.126	0.919	0.157	1.504	AT3G24120	41.35	44.0	2.65	6.39	0.055
path	2	0.126	0.919	0.157	1.504	AT5G61620	69.32	72.0	2.68	7.77	0.055
path	2	0.126	0.919	0.157	1.504	AT5G13180	36.88	39.0	2.12	6.02	0.056
path	2	0.126	0.919	0.157	1.504	AT2G44940	39.74	42.0	2.26	6.13	0.059
path	2	0.126	0.919	0.157	1.504	AT3G15170	25.76	27.0	1.24	5.01	0.059
path	2	0.126	0.919	0.157	1.504	AT4G36160	47.23	50.0	2.77	6.6	0.059
path	2	0.126	0.919	0.157	1.504	AT3G06490	17.06	18.0	0.94	4.11	0.06
path	2	0.126	0.919	-1.215	0.189	AT1G52150	20.8	22.0	1.2	5.14	0.061
path	2	0.126	0.919	0.157	1.504	AT1G76420	34.94	37.0	2.06	5.75	0.061
path	2	0.126	0.919	0.157	1.504	AT1G77200	53.08	56.0	2.92	6.82	0.062
path	2	0.126	0.919	0.157	1.504	AT1G12630	56.08	59.0	2.92	6.92	0.063
path	2	0.126	0.919	0.157	1.504	AT3G12820	11.25	12.0	0.75	3.32	0.063
path	2	0.126	0.919	0.157	1.504	AT3G47620	4.92	5.0	0.08	2.11	0.064
path	2	0.126	0.919	0.157	1.504	AT3G52440	37.63	40.0	2.37	5.86	0.064
path	2	0.126	0.919	0.157	1.504	AT4G25470	48.42	51.0	2.58	6.45	0.066
path	2	0.126	0.919	-1.215	0.189	AT3G18990	24.64	26.0	1.36	5.35	0.07
path	2	0.126	0.919	-1.215	0.189	AT5G08750	7.69	8.0	0.31	2.94	0.075
path	2	0.126	0.919	-1.215	0.189	AT3G12250	41.86	44.0	2.14	6.5	0.077
path	2	0.126	0.919	-1.215	0.189	AT5G59990	8.65	9.0	0.35	3.1	0.077
path	2	0.126	0.919	0.157	1.504	AT5G58900	47.82	50.0	2.18	6.03	0.08
path	2	0.126	0.919	0.157	1.504	AT4G25480	58.8	62.0	3.2	6.45	0.084
path	2	0.126	0.919	0.157	1.504	AT1G32870	35.26	37.0	1.74	5.18	0.086
path	2	0.126	0.919	0.157	1.504	AT3G17730	35.15	37.0	1.85	5.18	0.086
path	2	0.126	0.919	0.157	1.504	AT4G00250	46.29	48.0	1.71	5.76	0.087
path	2	0.126	0.919	0.157	1.504	AT3G57920	20.42	22.0	1.58	4.06	0.089
path	2	0.126	0.919	0.157	1.504	AT3G45150	8.55	9.0	0.45	2.64	0.09
path	2	0.126	0.919	0.157	1.504	AT4G24020	8.68	9.0	0.32	2.64	0.09
path	2	0.126	0.919	0.157	1.504	AT3G50260	56.75	60.0	3.25	6.19	0.091
path	2	0.126	0.919	0.157	1.504	AT3G60490	40.85	43.0	2.15	5.39	0.092
path	2	0.126	0.919	-1.215	0.189	AT4G27900	3.84	4.0	0.16	1.89	0.103
path	2	0.126	0.919	-1.215	0.189	AT5G42520	3.92	4.0	0.08	1.89	0.103
path	2	0.126	0.919	0.157	1.504	AT1G12610	21.79	23.0	1.21	3.91	0.106
path	2	0.126	0.919	0.157	1.504	AT3G26620	21.82	23.0	1.18	3.91	0.106
path	2	0.126	0.919	-1.215	0.189	AT2G02820	38.85	41.0	2.15	5.6	0.107
path	2	0.126	0.919	0.157	1.504	AT1G49010	62.47	65.0	2.53	5.98	0.107
path	2	0.126	0.919	-1.215	0.189	AT3G06740	13.28	14.0	0.72	3.47	0.109
path	2	0.126	0.919	0.157	1.504	AT1G23810	3.86	4.0	0.14	1.69	0.111
path	2	0.126	0.919	0.157	1.504	AT3G09230	3.89	4.0	0.11	1.69	0.111
path	2	0.126	0.919	0.157	1.504	AT1G31140	32.15	34.0	1.85	4.49	0.115
path	2	0.126	0.919	-1.215	0.189	AT4G24470	11.49	12.0	0.51	3.15	0.116
path	2	0.126	0.919	0.157	1.504	AT5G56840	60.43	63.0	2.57	5.72	0.116
path	2	0.126	0.919	-1.215	0.189	AT1G53170	47.38	50.0	2.62	5.75	0.12
path	2	0.126	0.919	-1.215	0.189	AT5G06100	23.63	25.0	1.37	4.35	0.12
path	2	0.126	0.919	-1.215	0.189	AT4G01500	9.65	10.0	0.35	2.84	0.122
path	2	0.126	0.919	-1.215	0.189	AT2G45420	27.49	29.0	1.51	4.56	0.125
path	2	0.126	0.919	-1.215	0.189	AT3G13350	6.81	7.0	0.19	2.36	0.125
path	2	0.126	0.919	0.157	1.504	AT1G74480	30.41	32.0	1.59	4.23	0.125
path	2	0.126	0.919	0.157	1.504	AT2G06200	9.25	10.0	0.75	2.48	0.129
path	2	0.126	0.919	0.157	1.504	AT2G22430	33.1	35.0	1.9	4.33	0.129
path	2	0.126	0.919	0.157	1.504	AT3G01530	25.07	27.0	1.93	3.86	0.13
path	2	0.126	0.919	0.157	1.504	AT4G38620	5.79	6.0	0.21	1.95	0.131
path	2	0.126	0.919	0.157	1.504	AT2G15660	7.7	8.0	0.3	2.21	0.133
path	2	0.126	0.919	0.157	1.504	AT2G30590	7.76	8.0	0.24	2.21	0.133
path	2	0.126	0.919	0.157	1.504	AT1G04880	18.98	20.0	1.02	3.22	0.145
path	2	0.126	0.919	-1.215	0.189	AT5G06950	32.13	34.0	1.87	4.5	0.147
path	2	0.126	0.919	0.157	1.504	AT2G42200	26.09	28.0	1.91	3.7	0.147
path	2	0.126	0.919	0.157	1.504	AT1G28160	45.43	48.0	2.57	4.6	0.148
path	2	0.126	0.919	-1.215	0.189	AT2G26960	19.05	20.0	0.95	3.57	0.15
path	2	0.126	0.919	0.157	1.504	AT5G08520	70.23	73.0	2.77	5.3	0.15
path	2	0.126	0.919	0.157	1.504	AT1G34670	28.83	31.0	2.17	3.81	0.152
path	2	0.126	0.919	-1.215	0.189	AT1G08320	35.05	37.0	1.95	4.55	0.154
path	2	0.126	0.919	-1.215	0.189	AT2G20110	31.6	33.0	1.4	4.35	0.154
path	2	0.126	0.919	0.157	1.504	AT3G04070	12.44	13.0	0.56	2.58	0.155
path	2	0.126	0.919	-1.215	0.189	AT5G17800	22.71	24.0	1.29	3.77	0.156
path	2	0.126	0.919	-1.215	0.189	AT5G25830	18.03	19.0	0.97	3.41	0.157
path	2	0.126	0.919	0.157	1.504	AT5G54230	34.59	37.0	2.41	4.02	0.157
path	2	0.126	0.919	0.157	1.504	AT1G24250	17.06	18.0	0.94	2.96	0.158
path	2	0.126	0.919	0.157	1.504	AT1G14687	37.75	40.0	2.25	4.13	0.159
path	2	0.126	0.919	0.157	1.504	AT3G20770	24.98	26.0	1.02	3.43	0.16
path	2	0.126	0.919	-1.215	0.189	AT1G30650	21.77	23.0	1.23	3.62	0.164
path	2	0.126	0.919	0.157	1.504	AT3G58630	10.49	11.0	0.51	2.32	0.167
path	2	0.126	0.919	0.157	1.504	AT4G31800	30.01	32.0	1.99	3.65	0.168
path	2	0.126	0.919	-1.215	0.189	AT3G42860	10.44	11.0	0.56	2.57	0.169
path	2	0.126	0.919	-1.215	0.189	AT1G62300	20.86	22.0	1.14	3.46	0.171
path	2	0.126	0.919	0.157	1.504	AT3G15270	32.61	35.0	2.39	3.75	0.171
path	2	0.126	0.919	0.157	1.504	AT5G05790	33.53	35.0	1.47	3.75	0.171
path	2	0.126	0.919	0.157	1.504	AT4G36740	41.56	44.0	2.44	4.08	0.173
path	2	0.126	0.919	-1.215	0.189	AT3G01220	24.49	26.0	1.51	3.67	0.175
path	2	0.126	0.919	-1.215	0.189	AT5G61270	1.91	2.0	0.09	1.16	0.177
path	2	0.126	0.919	-1.215	0.189	AT5G10030	38.85	41.0	2.15	4.34	0.178
path	2	0.126	0.919	0.157	1.504	AT1G06850	25.26	27.0	1.74	3.28	0.18
path	2	0.126	0.919	0.157	1.504	AT1G68550	51.05	54.0	2.95	4.24	0.184
path	2	0.126	0.919	-1.215	0.189	AT5G06839	38.27	40.0	1.73	4.18	0.186
path	2	0.126	0.919	0.157	1.504	AT5G67190	45.18	48.0	2.82	4.03	0.186
path	2	0.126	0.919	0.157	1.504	AT1G34190	34.01	36.0	1.99	3.6	0.187
path	2	0.126	0.919	0.157	1.504	AT3G28920	36.53	39.0	2.47	3.7	0.187
path	2	0.126	0.919	-1.215	0.189	AT2G32460	22.75	24.0	1.25	3.35	0.191
path	2	0.126	0.919	0.157	1.504	AT5G14960	6.79	7.0	0.21	1.79	0.191
path	2	0.126	0.919	0.157	1.504	AT1G27360	2.84	3.0	0.16	1.26	0.193
path	2	0.126	0.919	0.157	1.504	AT4G24240	2.95	3.0	0.05	1.26	0.193
path	2	0.126	0.919	0.157	1.504	AT4G30080	2.9	3.0	0.1	1.26	0.193
path	2	0.126	0.919	0.157	1.504	AT5G16600	2.95	3.0	0.05	1.26	0.193
path	2	0.126	0.919	0.157	1.504	AT1G20910	23.79	25.0	1.21	3.01	0.195
path	2	0.126	0.919	0.157	1.504	AT5G66300	23.79	25.0	1.21	3.01	0.195
path	2	0.126	0.919	0.157	1.504	AT2G30340	26.47	28.0	1.53	3.12	0.199
path	2	0.126	0.919	0.157	1.504	AT1G65620	4.78	5.0	0.22	1.53	0.2
path	2	0.126	0.919	0.157	1.504	AT2G35700	46.47	49.0	2.53	3.87	0.2
path	2	0.126	0.919	0.157	1.504	AT3G20840	4.81	5.0	0.19	1.53	0.2
path	2	0.126	0.919	0.157	1.504	AT3G28910	16.01	17.0	0.99	2.53	0.2
path	2	0.126	0.919	0.157	1.504	AT5G67450	4.67	5.0	0.33	1.53	0.2
path	2	0.126	0.919	-1.215	0.189	AT2G18380	25.71	27.0	1.29	3.4	0.201
path	2	0.126	0.919	0.157	1.504	AT3G22830	29.61	31.0	1.39	3.23	0.201
path	2	0.126	0.919	0.157	1.504	AT4G23550	29.36	31.0	1.64	3.23	0.201
path	2	0.126	0.919	-1.215	0.189	AT5G10280	5.65	6.0	0.35	1.79	0.202
path	2	0.126	0.919	0.157	1.504	AT5G29000	32.33	34.0	1.67	3.33	0.202
path	2	0.126	0.919	0.157	1.504	AT3G24520	35.09	37.0	1.91	3.44	0.203
path	2	0.126	0.919	0.157	1.504	AT4G17980	37.91	40.0	2.09	3.55	0.203
path	2	0.126	0.919	-1.215	0.189	AT1G51600	2.9	3.0	0.1	1.31	0.204
path	2	0.126	0.919	-1.215	0.189	AT5G25390	2.81	3.0	0.19	1.31	0.204
path	2	0.126	0.919	-1.215	0.189	AT5G56930	2.91	3.0	0.09	1.31	0.204
path	2	0.126	0.919	0.157	1.504	AT5G44210	18.85	20.0	1.15	2.64	0.208
path	2	0.126	0.919	-1.215	0.189	AT3G51080	3.83	4.0	0.17	1.47	0.209
path	2	0.126	0.919	-1.215	0.189	AT4G18450	3.78	4.0	0.22	1.47	0.209
path	2	0.126	0.919	-1.215	0.189	AT2G04038	41.97	44.0	2.03	3.97	0.21
path	2	0.126	0.919	-1.215	0.189	AT2G15740	24.68	26.0	1.32	3.25	0.21
path	2	0.126	0.919	-1.215	0.189	AT3G10800	24.91	26.0	1.09	3.25	0.21
path	2	0.126	0.919	0.157	1.504	AT5G62000	24.49	26.0	1.51	2.86	0.216
path	2	0.126	0.919	0.157	1.504	AT1G22810	38.71	41.0	2.29	3.39	0.218
path	2	0.126	0.919	0.157	1.504	AT1G20980	14.03	15.0	0.97	2.27	0.219
path	2	0.126	0.919	0.157	1.504	AT1G50640	35.59	38.0	2.41	3.28	0.219
path	2	0.126	0.919	0.157	1.504	AT1G79180	13.79	15.0	1.21	2.27	0.219
path	2	0.126	0.919	0.157	1.504	AT5G47390	54.86	57.0	2.14	3.77	0.222
path	2	0.126	0.919	0.157	1.504	AT1G68670	9.25	10.0	0.75	1.9	0.223
path	2	0.126	0.919	0.157	1.504	AT1G52880	51.39	54.0	2.61	3.66	0.225
path	2	0.126	0.919	0.157	1.504	AT5G66700	51.07	54.0	2.93	3.66	0.225
path	2	0.126	0.919	-1.215	0.189	AT4G37260	26.47	28.0	1.53	3.14	0.228
path	2	0.126	0.919	-1.215	0.189	AT5G06960	22.96	24.0	1.04	2.93	0.23
path	2	0.126	0.919	0.157	1.504	AT5G62320	19.45	21.0	1.55	2.48	0.232
path	2	0.126	0.919	0.157	1.504	AT5G17300	55.35	58.0	2.65	3.61	0.235
path	2	0.126	0.919	0.157	1.504	AT1G19210	64.56	68.0	3.44	3.77	0.237
path	2	0.126	0.919	0.157	1.504	AT1G54330	25.26	27.0	1.74	2.7	0.237
path	2	0.126	0.919	0.157	1.504	AT4G11660	25.92	27.0	1.08	2.7	0.237
path	2	0.126	0.919	-1.215	0.189	AT1G13260	9.4	10.0	0.6	1.99	0.238
path	2	0.126	0.919	0.157	1.504	AT5G62380	31.09	33.0	1.91	2.91	0.238
path	2	0.126	0.919	0.157	1.504	AT3G30210	12.19	13.0	0.81	2.01	0.24
path	2	0.126	0.919	-1.215	0.189	AT1G69780	24.55	26.0	1.45	2.82	0.249
path	2	0.126	0.919	-1.215	0.189	AT5G47370	24.34	26.0	1.66	2.82	0.249
path	2	0.126	0.919	0.157	1.504	AT1G27730	14.93	16.0	1.07	2.11	0.249
path	2	0.126	0.919	0.157	1.504	AT1G29860	17.76	19.0	1.24	2.22	0.254
path	2	0.126	0.919	0.157	1.504	AT5G65410	31.72	34.0	2.28	2.75	0.256
path	2	0.126	0.919	0.157	1.504	AT1G12260	29.23	31.0	1.77	2.65	0.257
path	2	0.126	0.919	0.157	1.504	AT2G36270	59.61	63.0	3.39	3.4	0.257
path	2	0.126	0.919	0.157	1.504	AT5G63260	28.69	31.0	2.31	2.65	0.257
path	2	0.126	0.919	0.157	1.504	AT3G23240	26.34	28.0	1.66	2.54	0.258
path	2	0.126	0.919	0.157	1.504	AT4G00730	26.41	28.0	1.59	2.54	0.258
path	2	0.126	0.919	0.157	1.504	AT4G27950	26.58	28.0	1.42	2.54	0.258
path	2	0.126	0.919	-1.215	0.189	AT5G64750	30.13	32.0	1.87	2.92	0.261
path	2	0.126	0.919	-1.215	0.189	AT1G09540	19.53	21.0	1.47	2.46	0.264
path	2	0.126	0.919	-1.215	0.189	AT3G44480	19.62	21.0	1.38	2.46	0.264
path	2	0.126	0.919	-1.215	0.189	AT4G18890	7.64	8.0	0.36	1.68	0.264
path	2	0.126	0.919	0.157	1.504	AT4G28140	10.44	11.0	0.56	1.74	0.264
path	2	0.126	0.919	0.157	1.504	AT2G02540	38.63	41.0	2.37	2.81	0.269
path	2	0.126	0.919	0.157	1.504	AT1G13400	5.65	6.0	0.35	1.37	0.27
path	2	0.126	0.919	0.157	1.504	AT1G53230	5.57	6.0	0.43	1.37	0.27
path	2	0.126	0.919	0.157	1.504	AT2G24570	5.79	6.0	0.21	1.37	0.27
path	2	0.126	0.919	0.157	1.504	AT2G33810	5.7	6.0	0.3	1.37	0.27
path	2	0.126	0.919	-1.215	0.189	AT4G14770	29.57	31.0	1.43	2.77	0.272
path	2	0.126	0.919	0.157	1.504	AT1G75240	35.61	38.0	2.39	2.7	0.272
path	2	0.126	0.919	0.157	1.504	AT1G79580	35.9	38.0	2.1	2.7	0.272
path	2	0.126	0.919	0.157	1.504	AT1G78700	48.35	51.0	2.65	2.97	0.273
path	2	0.126	0.919	-1.215	0.189	AT2G40740	18.8	20.0	1.2	2.3	0.276
path	2	0.126	0.919	-1.215	0.189	AT1G70920	14.84	16.0	1.16	2.09	0.279
path	2	0.126	0.919	0.157	1.504	AT1G06180	15.84	17.0	1.16	1.96	0.279
path	2	0.126	0.919	0.157	1.504	AT1G19790	16.0	17.0	1.0	1.96	0.279
path	2	0.126	0.919	0.157	1.504	AT2G28810	26.93	29.0	2.07	2.38	0.279
path	2	0.126	0.919	0.157	1.504	AT3G10030	24.71	26.0	1.29	2.28	0.28
path	2	0.126	0.919	0.157	1.504	AT4G18170	21.49	23.0	1.51	2.17	0.281
path	2	0.126	0.919	-1.215	0.189	AT2G18350	21.61	23.0	1.39	2.35	0.284
path	2	0.126	0.919	0.157	1.504	AT1G01060	52.5	55.0	2.5	2.92	0.284
path	2	0.126	0.919	0.157	1.504	AT4G01280	52.45	55.0	2.55	2.92	0.284
path	2	0.126	0.919	0.157	1.504	AT2G23320	33.91	36.0	2.09	2.44	0.293
path	2	0.126	0.919	-1.215	0.189	AT1G69560	5.76	6.0	0.24	1.36	0.294
path	2	0.126	0.919	0.157	1.504	AT2G38880	3.87	4.0	0.13	1.11	0.3
path	2	0.126	0.919	0.157	1.504	AT3G22780	3.89	4.0	0.11	1.11	0.3
path	2	0.126	0.919	0.157	1.504	AT5G10510	3.82	4.0	0.18	1.11	0.3
path	2	0.126	0.919	0.157	1.504	AT1G47655	25.37	27.0	1.63	2.12	0.302
path	2	0.126	0.919	-1.215	0.189	AT3G27785	16.89	18.0	1.11	1.99	0.304
path	2	0.126	0.919	-1.215	0.189	AT5G52830	16.92	18.0	1.08	1.99	0.304
path	2	0.126	0.919	0.157	1.504	AT1G02230	22.29	24.0	1.71	2.01	0.304
path	2	0.126	0.919	0.157	1.504	AT2G46680	22.36	24.0	1.64	2.01	0.304
path	2	0.126	0.919	0.157	1.504	AT1G76890	37.85	40.0	2.15	2.39	0.306
path	2	0.126	0.919	0.157	1.504	AT5G53950	14.11	15.0	0.89	1.69	0.306
path	2	0.126	0.919	-1.215	0.189	AT2G01818	9.59	10.0	0.41	1.57	0.307
path	2	0.126	0.919	-1.215	0.189	AT3G60580	9.35	10.0	0.65	1.57	0.307
path	2	0.126	0.919	0.157	1.504	AT1G25550	16.84	18.0	1.16	1.8	0.307
path	2	0.126	0.919	-1.215	0.189	AT1G45249	29.57	31.0	1.43	2.35	0.311
path	2	0.126	0.919	-1.215	0.189	AT5G13910	4.7	5.0	0.3	1.21	0.311
path	2	0.126	0.919	0.157	1.504	AT3G16280	34.86	37.0	2.14	2.28	0.311
path	2	0.126	0.919	0.157	1.504	AT5G45580	31.66	34.0	2.34	2.18	0.315
path	2	0.126	0.919	-1.215	0.189	AT5G25190	37.75	40.0	2.25	2.5	0.316
path	2	0.126	0.919	0.157	1.504	AT1G28370	50.92	54.0	3.08	2.5	0.318
path	2	0.126	0.919	0.157	1.504	AT5G03790	38.45	41.0	2.55	2.23	0.323
path	2	0.126	0.919	0.157	1.504	AT5G64060	23.55	25.0	1.45	1.86	0.327
path	2	0.126	0.919	-1.215	0.189	AT1G06280	36.59	39.0	2.41	2.34	0.328
path	2	0.126	0.919	0.157	1.504	AT1G18570	6.73	7.0	0.27	1.21	0.328
path	2	0.126	0.919	0.157	1.504	AT2G41690	6.6	7.0	0.4	1.21	0.328
path	2	0.126	0.919	-1.215	0.189	AT1G29280	21.6	23.0	1.4	1.93	0.331
path	2	0.126	0.919	-1.215	0.189	AT2G42430	21.76	23.0	1.24	1.93	0.331
path	2	0.126	0.919	-1.215	0.189	AT3G51470	3.83	4.0	0.17	1.05	0.331
path	2	0.126	0.919	-1.215	0.189	AT1G72740	15.25	16.0	0.75	1.67	0.334
path	2	0.126	0.919	0.157	1.504	AT1G17950	1.95	2.0	0.05	0.84	0.334
path	2	0.126	0.919	0.157	1.504	AT1G63030	1.81	2.0	0.19	0.84	0.334
path	2	0.126	0.919	0.157	1.504	AT1G63040	1.97	2.0	0.03	0.84	0.334
path	2	0.126	0.919	0.157	1.504	AT1G67260	1.95	2.0	0.05	0.84	0.334
path	2	0.126	0.919	0.157	1.504	AT2G46400	1.97	2.0	0.03	0.84	0.334
path	2	0.126	0.919	0.157	1.504	AT3G03660	1.89	2.0	0.11	0.84	0.334
path	2	0.126	0.919	0.157	1.504	AT3G47600	1.78	2.0	0.22	0.84	0.334
path	2	0.126	0.919	0.157	1.504	AT4G01720	1.84	2.0	0.16	0.84	0.334
path	2	0.126	0.919	0.157	1.504	AT5G52170	1.87	2.0	0.13	0.84	0.334
path	2	0.126	0.919	0.157	1.504	AT5G58620	1.97	2.0	0.03	0.84	0.334
path	2	0.126	0.919	-1.215	0.189	AT2G22540	27.27	29.0	1.73	2.03	0.337
path	2	0.126	0.919	0.157	1.504	AT1G64620	29.67	32.0	2.33	1.91	0.339
path	2	0.126	0.919	0.157	1.504	AT4G37180	30.14	32.0	1.86	1.91	0.339
path	2	0.126	0.919	-1.215	0.189	AT5G63090	11.32	12.0	0.68	1.47	0.341
path	2	0.126	0.919	0.157	1.504	AT2G23340	39.56	42.0	2.44	2.08	0.341
path	2	0.126	0.919	0.157	1.504	AT3G10113	40.04	42.0	1.96	2.08	0.341
path	2	0.126	0.919	-1.215	0.189	AT2G30250	20.61	22.0	1.39	1.77	0.345
path	2	0.126	0.919	-1.215	0.189	AT2G46130	7.59	8.0	0.41	1.26	0.345
path	2	0.126	0.919	-1.215	0.189	AT5G61600	7.43	8.0	0.57	1.26	0.345
path	2	0.126	0.919	0.157	1.504	AT5G16820	37.31	39.0	1.69	1.97	0.347
path	2	0.126	0.919	-1.215	0.189	AT4G22070	14.13	15.0	0.87	1.52	0.351
path	2	0.126	0.919	-1.215	0.189	AT1G03800	37.59	40.0	2.41	2.08	0.353
path	2	0.126	0.919	-1.215	0.189	AT1G72360	2.84	3.0	0.16	0.89	0.354
path	2	0.126	0.919	0.157	1.504	AT3G08500	21.45	23.0	1.55	1.59	0.355
path	2	0.126	0.919	0.157	1.504	AT1G71450	56.56	60.0	3.44	2.14	0.356
path	2	0.126	0.919	0.157	1.504	AT5G02460	30.53	33.0	2.47	1.75	0.359
path	2	0.126	0.919	0.157	1.504	AT1G02250	18.66	20.0	1.34	1.48	0.361
path	2	0.126	0.919	0.157	1.504	AT1G25340	18.63	20.0	1.37	1.48	0.361
path	2	0.126	0.919	0.157	1.504	AT3G12130	18.58	20.0	1.42	1.48	0.361
path	2	0.126	0.919	0.157	1.504	AT5G11260	53.96	57.0	3.04	2.03	0.362
path	2	0.126	0.919	-1.215	0.189	AT1G55110	22.5	24.0	1.5	1.67	0.363
path	2	0.126	0.919	-1.215	0.189	AT3G56850	45.52	48.0	2.48	2.07	0.363
path	2	0.126	0.919	0.157	1.504	AT5G45300	28.14	30.0	1.86	1.65	0.365
path	2	0.126	0.919	-1.215	0.189	AT2G33710	28.12	30.0	1.88	1.77	0.366
path	2	0.126	0.919	0.157	1.504	AT3G50700	16.14	17.0	0.86	1.38	0.366
path	2	0.126	0.919	0.157	1.504	AT5G65510	16.08	17.0	0.92	1.38	0.366
path	2	0.126	0.919	-1.215	0.189	AT5G08130	6.61	7.0	0.39	1.1	0.367
path	2	0.126	0.919	0.157	1.504	AT3G01970	25.23	27.0	1.77	1.54	0.372
path	2	0.126	0.919	0.157	1.504	AT5G02840	25.93	27.0	1.07	1.54	0.372
path	2	0.126	0.919	0.157	1.504	AT1G76880	4.76	5.0	0.24	0.95	0.373
path	2	0.126	0.919	0.157	1.504	AT4G36620	4.73	5.0	0.27	0.95	0.373
path	2	0.126	0.919	0.157	1.504	AT5G43840	4.68	5.0	0.32	0.95	0.373
path	2	0.126	0.919	-1.215	0.189	AT4G01250	15.93	17.0	1.07	1.41	0.374
path	2	0.126	0.919	-1.215	0.189	AT5G62940	18.7	20.0	1.3	1.46	0.377
path	2	0.126	0.919	0.157	1.504	AT1G22070	7.62	8.0	0.38	1.06	0.377
path	2	0.126	0.919	0.157	1.504	AT3G04030	31.77	34.0	2.23	1.6	0.378
path	2	0.126	0.919	0.157	1.504	AT5G41570	31.85	34.0	2.15	1.6	0.378
path	2	0.126	0.919	-1.215	0.189	AT1G18330	27.63	29.0	1.37	1.61	0.38
path	2	0.126	0.919	-1.215	0.189	AT3G49930	1.94	2.0	0.06	0.74	0.383
path	2	0.126	0.919	0.157	1.504	AT1G28470	29.1	31.0	1.9	1.49	0.385
path	2	0.126	0.919	0.157	1.504	AT1G49560	29.09	31.0	1.91	1.49	0.385
path	2	0.126	0.919	0.157	1.504	AT3G09735	29.44	31.0	1.56	1.49	0.385
path	2	0.126	0.919	0.157	1.504	AT3G50410	19.47	21.0	1.53	1.33	0.386
path	2	0.126	0.919	-1.215	0.189	AT5G60130	11.98	13.0	1.02	1.2	0.388
path	2	0.126	0.919	0.157	1.504	AT1G69570	35.64	38.0	2.36	1.55	0.389
path	2	0.126	0.919	-1.215	0.189	AT1G51700	17.79	19.0	1.21	1.3	0.394
path	2	0.126	0.919	-1.215	0.189	AT5G09410	17.76	19.0	1.24	1.3	0.394
path	2	0.126	0.919	0.157	1.504	AT3G03200	33.17	35.0	1.83	1.44	0.397
path	2	0.126	0.919	0.157	1.504	AT4G34590	24.04	25.0	0.96	1.28	0.401
path	2	0.126	0.919	0.157	1.504	AT5G04390	13.87	15.0	1.13	1.11	0.401
path	2	0.126	0.919	0.157	1.504	AT5G13790	14.22	15.0	0.78	1.11	0.401
path	2	0.126	0.919	0.157	1.504	AT5G67580	14.17	15.0	0.83	1.11	0.401
path	2	0.126	0.919	0.157	1.504	AT1G32150	63.57	67.0	3.43	1.62	0.405
path	2	0.126	0.919	0.157	1.504	AT1G68320	20.36	22.0	1.64	1.17	0.41
path	2	0.126	0.919	0.157	1.504	AT4G01550	20.39	22.0	1.61	1.17	0.41
path	2	0.126	0.919	-1.215	0.189	AT1G03840	22.69	24.0	1.31	1.25	0.412
path	2	0.126	0.919	-1.215	0.189	AT1G74650	19.42	21.0	1.58	1.19	0.412
path	2	0.126	0.919	-1.215	0.189	AT3G12720	16.72	18.0	1.28	1.14	0.412
path	2	0.126	0.919	-1.215	0.189	AT4G28500	16.91	18.0	1.09	1.14	0.412
path	2	0.126	0.919	-1.215	0.189	AT5G05550	44.47	47.0	2.53	1.49	0.412
path	2	0.126	0.919	-1.215	0.189	AT5G15830	41.74	44.0	2.26	1.44	0.414
path	2	0.126	0.919	0.157	1.504	AT2G20400	27.49	29.0	1.51	1.23	0.414
path	2	0.126	0.919	0.157	1.504	AT3G53200	27.34	29.0	1.66	1.23	0.414
path	2	0.126	0.919	0.157	1.504	AT4G36780	47.32	50.0	2.68	1.4	0.415
path	2	0.126	0.919	0.157	1.504	AT4G34410	40.32	43.0	2.68	1.34	0.416
path	2	0.126	0.919	0.157	1.504	AT5G07680	8.62	9.0	0.38	0.9	0.419
path	2	0.126	0.919	0.157	1.504	AT1G14580	18.19	19.0	0.81	1.06	0.42
path	2	0.126	0.919	-1.215	0.189	AT1G66420	0.99	1.0	0.01	0.58	0.421
path	2	0.126	0.919	-1.215	0.189	AT2G03340	4.66	5.0	0.34	0.79	0.421
path	2	0.126	0.919	-1.215	0.189	AT2G39900	0.98	1.0	0.02	0.58	0.421
path	2	0.126	0.919	-1.215	0.189	AT2G45650	4.74	5.0	0.26	0.79	0.421
path	2	0.126	0.919	-1.215	0.189	AT3G48160	0.97	1.0	0.03	0.58	0.421
path	2	0.126	0.919	-1.215	0.189	AT5G18090	0.98	1.0	0.02	0.58	0.421
path	2	0.126	0.919	-1.215	0.189	AT5G38800	0.99	1.0	0.01	0.58	0.421
path	2	0.126	0.919	-1.215	0.189	AT5G49300	0.97	1.0	0.03	0.58	0.421
path	2	0.126	0.919	0.157	1.504	AT1G75490	24.52	26.0	1.48	1.12	0.423
path	2	0.126	0.919	0.157	1.504	AT2G38470	24.5	26.0	1.5	1.12	0.423
path	2	0.126	0.919	-1.215	0.189	AT5G22500	7.51	8.0	0.49	0.84	0.429
path	2	0.126	0.919	0.157	1.504	AT1G13300	5.63	6.0	0.37	0.79	0.429
path	2	0.126	0.919	0.157	1.504	AT1G32240	5.7	6.0	0.3	0.79	0.429
path	2	0.126	0.919	0.157	1.504	AT2G38300	5.71	6.0	0.29	0.79	0.429
path	2	0.126	0.919	0.157	1.504	AT4G17785	5.51	6.0	0.49	0.79	0.429
path	2	0.126	0.919	-1.215	0.189	AT3G20310	37.57	40.0	2.43	1.23	0.43
path	2	0.126	0.919	-1.215	0.189	AT5G18450	15.83	17.0	1.17	0.99	0.431
path	2	0.126	0.919	0.157	1.504	AT1G33240	34.86	37.0	2.14	1.13	0.434
path	2	0.126	0.919	0.157	1.504	AT2G46770	28.22	30.0	1.78	1.07	0.434
path	2	0.126	0.919	-1.215	0.189	AT1G69010	32.05	34.0	1.95	1.13	0.435
path	2	0.126	0.919	0.157	1.504	AT1G19040	2.79	3.0	0.21	0.69	0.438
path	2	0.126	0.919	0.157	1.504	AT1G46264	2.87	3.0	0.13	0.69	0.438
path	2	0.126	0.919	0.157	1.504	AT2G21900	2.92	3.0	0.08	0.69	0.438
path	2	0.126	0.919	0.157	1.504	AT2G31460	2.9	3.0	0.1	0.69	0.438
path	2	0.126	0.919	0.157	1.504	AT3G45170	2.81	3.0	0.19	0.69	0.438
path	2	0.126	0.919	0.157	1.504	AT3G46070	2.9	3.0	0.1	0.69	0.438
path	2	0.126	0.919	0.157	1.504	AT4G28110	2.84	3.0	0.16	0.69	0.438
path	2	0.126	0.919	0.157	1.504	AT5G14340	2.89	3.0	0.11	0.69	0.438
path	2	0.126	0.919	-1.215	0.189	AT1G71696	26.68	28.0	1.32	1.03	0.441
path	2	0.126	0.919	0.157	1.504	AT5G47220	12.08	13.0	0.92	0.85	0.442
path	2	0.126	0.919	-1.215	0.189	AT2G02070	23.5	25.0	1.5	0.98	0.443
path	2	0.126	0.919	0.157	1.504	AT2G44840	31.93	34.0	2.07	1.02	0.443
path	2	0.126	0.919	0.157	1.504	AT5G56110	31.58	34.0	2.42	1.02	0.443
path	2	0.126	0.919	-1.215	0.189	AT3G09600	37.12	39.0	1.88	1.08	0.444
path	2	0.126	0.919	0.157	1.504	AT2G03500	25.39	27.0	1.61	0.96	0.444
path	2	0.126	0.919	0.157	1.504	AT3G12730	25.2	27.0	1.8	0.96	0.444
path	2	0.126	0.919	-1.215	0.189	AT3G13810	20.76	22.0	1.24	0.93	0.446
path	2	0.126	0.919	0.157	1.504	AT1G65910	29.23	31.0	1.77	0.91	0.454
path	2	0.126	0.919	0.157	1.504	AT5G66940	28.8	31.0	2.2	0.91	0.454
path	2	0.126	0.919	-1.215	0.189	AT5G07100	3.79	4.0	0.21	0.63	0.456
path	2	0.126	0.919	-1.215	0.189	AT5G67300	3.8	4.0	0.2	0.63	0.456
path	2	0.126	0.919	0.157	1.504	AT4G06746	22.73	24.0	1.27	0.86	0.456
path	2	0.126	0.919	0.157	1.504	AT5G44160	9.55	10.0	0.45	0.74	0.456
path	2	0.126	0.919	0.157	1.504	AT5G03150	15.96	17.0	1.04	0.8	0.457
path	2	0.126	0.919	-1.215	0.189	AT5G47660	19.86	21.0	1.14	0.77	0.464
path	2	0.126	0.919	0.157	1.504	AT2G43000	43.5	46.0	2.5	0.87	0.465
path	2	0.126	0.919	-1.215	0.189	AT2G18160	40.97	43.0	2.03	0.86	0.466
path	2	0.126	0.919	-1.215	0.189	AT5G22990	30.2	32.0	1.8	0.82	0.466
path	2	0.126	0.919	0.157	1.504	AT3G15210	53.61	57.0	3.39	0.87	0.467
path	2	0.126	0.919	0.157	1.504	AT3G55370	36.37	39.0	2.63	0.81	0.469
path	2	0.126	0.919	0.157	1.504	AT3G01470	6.49	7.0	0.51	0.64	0.473
path	2	0.126	0.919	0.157	1.504	AT5G66730	30.04	32.0	1.96	0.75	0.473
path	2	0.126	0.919	-1.215	0.189	AT5G46350	11.32	12.0	0.68	0.62	0.477
path	2	0.126	0.919	0.157	1.504	AT4G29230	23.5	25.0	1.5	0.7	0.477
path	2	0.126	0.919	-1.215	0.189	AT4G26640	8.51	9.0	0.49	0.57	0.482
path	2	0.126	0.919	-1.215	0.189	AT4G01540	26.0	28.0	2.0	0.61	0.486
path	2	0.126	0.919	0.157	1.504	AT2G02080	37.74	40.0	2.26	0.65	0.486
path	2	0.126	0.919	-1.215	0.189	AT3G21890	15.69	17.0	1.31	0.57	0.488
path	2	0.126	0.919	-1.215	0.189	AT4G01680	15.86	17.0	1.14	0.57	0.488
path	2	0.126	0.919	0.157	1.504	AT3G25990	10.38	11.0	0.62	0.58	0.488
path	2	0.126	0.919	0.157	1.504	AT5G39820	10.36	11.0	0.64	0.58	0.488
path	2	0.126	0.919	-1.215	0.189	AT1G75080	5.71	6.0	0.29	0.52	0.489
path	2	0.126	0.919	0.157	1.504	AT2G01060	20.65	22.0	1.35	0.59	0.491
path	2	0.126	0.919	0.157	1.504	AT4G31060	41.35	44.0	2.65	0.6	0.491
path	2	0.126	0.919	-1.215	0.189	AT5G23930	31.03	33.0	1.97	0.55	0.493
path	2	0.126	0.919	-1.215	0.189	AT2G01940	20.39	22.0	1.61	0.51	0.496
path	2	0.126	0.919	0.157	1.504	AT3G23210	14.31	15.0	0.69	0.53	0.498
path	2	0.126	0.919	-1.215	0.189	AT3G23250	2.84	3.0	0.16	0.47	0.5
path	2	0.126	0.919	-1.215	0.189	AT5G10140	2.84	3.0	0.16	0.47	0.5
path	2	0.126	0.919	0.157	1.504	AT3G12910	3.89	4.0	0.11	0.53	0.5
path	2	0.126	0.919	0.157	1.504	AT4G14410	3.86	4.0	0.14	0.53	0.5
path	2	0.126	0.919	0.157	1.504	AT4G38910	3.87	4.0	0.13	0.53	0.5
path	2	0.126	0.919	-1.215	0.189	AT3G24050	10.29	11.0	0.71	0.47	0.502
path	2	0.126	0.919	-1.215	0.189	AT5G62470	10.28	11.0	0.72	0.47	0.502
path	2	0.126	0.919	0.157	1.504	AT2G40260	32.1	34.0	1.9	0.44	0.509
path	2	0.126	0.919	0.157	1.504	AT1G43700	7.51	8.0	0.49	0.48	0.511
path	2	0.126	0.919	-1.215	0.189	AT5G47230	7.45	8.0	0.55	0.42	0.512
path	2	0.126	0.919	0.157	1.504	AT3G10580	46.77	49.0	2.23	0.4	0.512
path	2	0.126	0.919	0.157	1.504	AT1G69180	35.93	38.0	2.07	0.39	0.514
path	2	0.126	0.919	-1.215	0.189	AT1G16490	19.51	21.0	1.49	0.35	0.515
path	2	0.126	0.919	-1.215	0.189	AT3G50060	19.56	21.0	1.44	0.35	0.515
path	2	0.126	0.919	0.157	1.504	AT1G26960	25.12	27.0	1.88	0.38	0.517
path	2	0.126	0.919	0.157	1.504	AT1G36060	25.49	27.0	1.51	0.38	0.517
path	2	0.126	0.919	0.157	1.504	AT5G60850	24.67	27.0	2.33	0.38	0.517
path	2	0.126	0.919	-1.215	0.189	AT5G18560	16.89	18.0	1.11	0.3	0.523
path	2	0.126	0.919	-1.215	0.189	AT1G21910	4.71	5.0	0.29	0.36	0.527
path	2	0.126	0.919	-1.215	0.189	AT1G77640	4.68	5.0	0.32	0.36	0.527
path	2	0.126	0.919	-1.215	0.189	AT2G42590	4.65	5.0	0.35	0.36	0.527
path	2	0.126	0.919	-1.215	0.189	AT5G26170	21.55	23.0	1.45	0.25	0.527
path	2	0.126	0.919	-1.215	0.189	AT1G44830	9.34	10.0	0.66	0.31	0.529
path	2	0.126	0.919	-1.215	0.189	AT1G76110	9.32	10.0	0.68	0.31	0.529
path	2	0.126	0.919	0.157	1.504	AT1G19000	51.77	54.0	2.23	0.19	0.531
path	2	0.126	0.919	0.157	1.504	AT3G45610	25.72	28.0	2.28	0.23	0.536
path	2	0.126	0.919	0.157	1.504	AT3G47500	26.04	28.0	1.96	0.23	0.536
path	2	0.126	0.919	-1.215	0.189	AT3G62420	43.71	46.0	2.29	0.07	0.537
path	2	0.126	0.919	0.157	1.504	AT2G35530	62.65	66.0	3.35	0.04	0.541
path	2	0.126	0.919	-1.215	0.189	AT3G23220	11.34	12.0	0.66	0.2	0.543
path	2	0.126	0.919	-1.215	0.189	AT4G05100	11.22	12.0	0.78	0.2	0.543
path	2	0.126	0.919	-1.215	0.189	AT2G35530	45.56	48.0	2.44	-0.04	0.545
path	2	0.126	0.919	-1.215	0.189	AT5G52660	33.38	35.0	1.62	0.03	0.545
path	2	0.126	0.919	-1.215	0.189	AT2G23290	20.47	22.0	1.53	0.09	0.546
path	2	0.126	0.919	0.157	1.504	AT5G65310	37.43	40.0	2.57	0.08	0.546
path	2	0.126	0.919	0.157	1.504	AT5G24110	15.82	17.0	1.18	0.22	0.547
path	2	0.126	0.919	0.157	1.504	AT3G62420	59.86	63.0	3.14	-0.07	0.551
path	2	0.126	0.919	0.157	1.504	AT5G52660	45.77	48.0	2.23	-0.03	0.553
path	2	0.126	0.919	-1.215	0.189	AT5G65130	13.11	14.0	0.89	0.09	0.556
path	2	0.126	0.919	-1.215	0.189	AT5G13080	22.48	24.0	1.52	-0.02	0.557
path	2	0.126	0.919	0.157	1.504	AT5G13080	30.91	33.0	2.09	0.02	0.557
path	2	0.126	0.919	-1.215	0.189	AT5G65310	27.13	29.0	1.87	-0.08	0.558
path	2	0.126	0.919	-1.215	0.189	AT2G17410	1.91	2.0	0.09	0.31	0.562
path	2	0.126	0.919	-1.215	0.189	AT2G17900	1.88	2.0	0.12	0.31	0.562
path	2	0.126	0.919	-1.215	0.189	AT3G57230	1.83	2.0	0.17	0.31	0.562
path	2	0.126	0.919	-1.215	0.189	AT5G38860	1.93	2.0	0.07	0.31	0.562
path	2	0.126	0.919	-1.215	0.189	AT1G19000	37.38	39.0	1.62	-0.19	0.563
path	2	0.126	0.919	0.157	1.504	AT2G33550	13.04	14.0	0.96	0.11	0.569
path	2	0.126	0.919	-1.215	0.189	AT4G32800	10.38	11.0	0.62	0.04	0.57
path	2	0.126	0.919	0.157	1.504	AT2G23290	27.9	30.0	2.1	-0.09	0.572
path	2	0.126	0.919	0.157	1.504	AT1G30210	0.97	1.0	0.03	0.42	0.579
path	2	0.126	0.919	0.157	1.504	AT1G34370	5.52	6.0	0.48	0.21	0.579
path	2	0.126	0.919	0.157	1.504	AT1G47870	0.98	1.0	0.02	0.42	0.579
path	2	0.126	0.919	0.157	1.504	AT1G60920	0.98	1.0	0.02	0.42	0.579
path	2	0.126	0.919	0.157	1.504	AT1G70910	0.97	1.0	0.03	0.42	0.579
path	2	0.126	0.919	0.157	1.504	AT2G48100	0.98	1.0	0.02	0.42	0.579
path	2	0.126	0.919	0.157	1.504	AT3G13040	0.94	1.0	0.06	0.42	0.579
path	2	0.126	0.919	0.157	1.504	AT3G46590	5.65	6.0	0.35	0.21	0.579
path	2	0.126	0.919	0.157	1.504	AT3G61250	5.57	6.0	0.43	0.21	0.579
path	2	0.126	0.919	0.157	1.504	AT4G12670	0.98	1.0	0.02	0.42	0.579
path	2	0.126	0.919	0.157	1.504	AT4G31550	5.62	6.0	0.38	0.21	0.579
path	2	0.126	0.919	0.157	1.504	AT4G37790	0.97	1.0	0.03	0.42	0.579
path	2	0.126	0.919	0.157	1.504	AT5G22890	0.9	1.0	0.1	0.42	0.579
path	2	0.126	0.919	0.157	1.504	AT5G40330	0.95	1.0	0.05	0.42	0.579
path	2	0.126	0.919	0.157	1.504	AT5G42820	0.98	1.0	0.02	0.42	0.579
path	2	0.126	0.919	0.157	1.504	AT5G48670	0.95	1.0	0.05	0.42	0.579
path	2	0.126	0.919	0.157	1.504	AT5G50570	5.55	6.0	0.45	0.21	0.579
path	2	0.126	0.919	-1.215	0.189	AT3G10580	33.38	35.0	1.62	-0.4	0.585
path	2	0.126	0.919	-1.215	0.189	AT3G45610	18.34	20.0	1.66	-0.23	0.586
path	2	0.126	0.919	-1.215	0.189	AT3G47500	18.57	20.0	1.43	-0.23	0.586
path	2	0.126	0.919	0.157	1.504	AT5G26170	29.01	31.0	1.99	-0.25	0.588
path	2	0.126	0.919	0.157	1.504	AT5G65130	17.77	19.0	1.23	-0.09	0.589
path	2	0.126	0.919	0.157	1.504	AT4G32800	14.16	15.0	0.84	-0.04	0.591
path	2	0.126	0.919	-1.215	0.189	AT1G69180	25.49	27.0	1.51	-0.39	0.593
path	2	0.126	0.919	-1.215	0.189	AT2G33550	9.3	10.0	0.7	-0.11	0.599
path	2	0.126	0.919	-1.215	0.189	AT2G40260	22.62	24.0	1.38	-0.44	0.603
path	2	0.126	0.919	0.157	1.504	AT1G16490	25.96	28.0	2.04	-0.35	0.605
path	2	0.126	0.919	0.157	1.504	AT3G50060	26.02	28.0	1.98	-0.35	0.605
path	2	0.126	0.919	0.157	1.504	AT5G18560	22.47	24.0	1.53	-0.3	0.606
path	2	0.126	0.919	0.157	1.504	AT5G23930	41.29	44.0	2.71	-0.55	0.606
path	2	0.126	0.919	-1.215	0.189	AT1G26960	17.63	19.0	1.37	-0.38	0.607
path	2	0.126	0.919	-1.215	0.189	AT1G36060	17.9	19.0	1.1	-0.38	0.607
path	2	0.126	0.919	-1.215	0.189	AT5G24110	11.14	12.0	0.86	-0.22	0.607
path	2	0.126	0.919	-1.215	0.189	AT5G60850	17.31	19.0	1.69	-0.38	0.607
path	2	0.126	0.919	0.157	1.504	AT1G01250	6.63	7.0	0.37	0.06	0.608
path	2	0.126	0.919	0.157	1.504	AT1G66370	6.59	7.0	0.41	0.06	0.608
path	2	0.126	0.919	0.157	1.504	AT2G17950	6.47	7.0	0.53	0.06	0.608
path	2	0.126	0.919	-1.215	0.189	AT4G31060	29.07	31.0	1.93	-0.6	0.609
path	2	0.126	0.919	0.157	1.504	AT3G23220	15.09	16.0	0.91	-0.2	0.612
path	2	0.126	0.919	0.157	1.504	AT4G05100	14.93	16.0	1.07	-0.2	0.612
path	2	0.126	0.919	0.157	1.504	AT1G10720	1.9	2.0	0.1	0.26	0.617
path	2	0.126	0.919	0.157	1.504	AT1G73730	1.9	2.0	0.1	0.26	0.617
path	2	0.126	0.919	0.157	1.504	AT1G80840	1.87	2.0	0.13	0.26	0.617
path	2	0.126	0.919	0.157	1.504	AT2G38090	1.95	2.0	0.05	0.26	0.617
path	2	0.126	0.919	0.157	1.504	AT3G02150	1.84	2.0	0.16	0.26	0.617
path	2	0.126	0.919	0.157	1.504	AT5G25475	1.92	2.0	0.08	0.26	0.617
path	2	0.126	0.919	0.157	1.504	AT5G67000	1.87	2.0	0.13	0.26	0.617
path	2	0.126	0.919	-1.215	0.189	AT2G02080	26.35	28.0	1.65	-0.65	0.618
path	2	0.126	0.919	0.157	1.504	AT4G01540	34.26	37.0	2.74	-0.61	0.62
path	2	0.126	0.919	0.157	1.504	AT2G01940	26.78	29.0	2.22	-0.51	0.621
path	2	0.126	0.919	-1.215	0.189	AT1G01250	4.73	5.0	0.27	-0.06	0.623
path	2	0.126	0.919	-1.215	0.189	AT1G66370	4.7	5.0	0.3	-0.06	0.623
path	2	0.126	0.919	-1.215	0.189	AT2G17950	4.62	5.0	0.38	-0.06	0.623
path	2	0.126	0.919	-1.215	0.189	AT3G15210	37.53	40.0	2.47	-0.87	0.623
path	2	0.126	0.919	0.157	1.504	AT2G18160	54.21	57.0	2.79	-0.86	0.623
path	2	0.126	0.919	-1.215	0.189	AT3G57600	2.78	3.0	0.22	0.05	0.627
path	2	0.126	0.919	-1.215	0.189	AT2G43000	30.18	32.0	1.82	-0.87	0.633
path	2	0.126	0.919	0.157	1.504	AT5G22990	39.53	42.0	2.47	-0.82	0.634
path	2	0.126	0.919	-1.215	0.189	AT3G55370	25.09	27.0	1.91	-0.81	0.636
path	2	0.126	0.919	0.157	1.504	AT1G44830	12.09	13.0	0.91	-0.31	0.64
path	2	0.126	0.919	0.157	1.504	AT1G76110	12.06	13.0	0.94	-0.31	0.64
path	2	0.126	0.919	-1.215	0.189	AT5G66730	20.57	22.0	1.43	-0.75	0.641
path	2	0.126	0.919	0.157	1.504	AT3G21890	20.2	22.0	1.8	-0.57	0.643
path	2	0.126	0.919	0.157	1.504	AT4G01680	20.44	22.0	1.56	-0.57	0.643
path	2	0.126	0.919	-1.215	0.189	AT2G01060	14.01	15.0	0.99	-0.59	0.645
path	2	0.126	0.919	0.157	1.504	AT1G76870	2.81	3.0	0.19	0.11	0.646
path	2	0.126	0.919	0.157	1.504	AT4G04450	2.81	3.0	0.19	0.11	0.646
path	2	0.126	0.919	0.157	1.504	AT3G09600	48.42	51.0	2.58	-1.08	0.647
path	2	0.126	0.919	-1.215	0.189	AT4G29230	15.91	17.0	1.09	-0.7	0.65
path	2	0.126	0.919	0.157	1.504	AT5G47660	25.44	27.0	1.56	-0.77	0.655
path	2	0.126	0.919	0.157	1.504	AT3G20310	48.67	52.0	3.33	-1.23	0.659
path	2	0.126	0.919	0.157	1.504	AT3G24050	13.03	14.0	0.97	-0.47	0.659
path	2	0.126	0.919	0.157	1.504	AT5G62470	13.01	14.0	0.99	-0.47	0.659
path	2	0.126	0.919	0.157	1.504	AT1G69010	41.32	44.0	2.68	-1.13	0.66
path	2	0.126	0.919	-1.215	0.189	AT1G65910	19.71	21.0	1.29	-0.91	0.661
path	2	0.126	0.919	-1.215	0.189	AT5G66940	19.4	21.0	1.6	-0.91	0.661
path	2	0.126	0.919	-1.215	0.189	AT3G23210	9.5	10.0	0.5	-0.53	0.663
path	2	0.126	0.919	0.157	1.504	AT1G71696	34.18	36.0	1.82	-1.03	0.663
path	2	0.126	0.919	-1.215	0.189	AT1G32510	0.94	1.0	0.06	0.16	0.666
path	2	0.126	0.919	-1.215	0.189	AT2G44840	21.49	23.0	1.51	-1.02	0.666
path	2	0.126	0.919	-1.215	0.189	AT3G07220	0.98	1.0	0.02	0.16	0.666
path	2	0.126	0.919	-1.215	0.189	AT3G61120	0.92	1.0	0.08	0.16	0.666
path	2	0.126	0.919	-1.215	0.189	AT5G08070	0.95	1.0	0.05	0.16	0.666
path	2	0.126	0.919	-1.215	0.189	AT5G56110	21.24	23.0	1.76	-1.02	0.666
path	2	0.126	0.919	0.157	1.504	AT2G02070	29.94	32.0	2.06	-0.98	0.666
path	2	0.126	0.919	0.157	1.504	AT3G13810	26.29	28.0	1.71	-0.93	0.669
path	2	0.126	0.919	0.157	1.504	AT3G57600	3.7	4.0	0.3	-0.05	0.669
path	2	0.126	0.919	-1.215	0.189	AT1G33240	23.44	25.0	1.56	-1.13	0.671
path	2	0.126	0.919	0.157	1.504	AT5G05550	57.53	61.0	3.47	-1.49	0.671
path	2	0.126	0.919	0.157	1.504	AT5G15830	53.89	57.0	3.11	-1.44	0.671
path	2	0.126	0.919	-1.215	0.189	AT1G34370	3.65	4.0	0.35	-0.21	0.672
path	2	0.126	0.919	-1.215	0.189	AT3G46590	3.74	4.0	0.26	-0.21	0.672
path	2	0.126	0.919	-1.215	0.189	AT3G61250	3.69	4.0	0.31	-0.21	0.672
path	2	0.126	0.919	-1.215	0.189	AT4G31550	3.72	4.0	0.28	-0.21	0.672
path	2	0.126	0.919	-1.215	0.189	AT5G50570	3.68	4.0	0.32	-0.21	0.672
path	2	0.126	0.919	-1.215	0.189	AT4G06746	15.07	16.0	0.93	-0.86	0.673
path	2	0.126	0.919	0.157	1.504	AT5G47230	9.25	10.0	0.75	-0.42	0.675
path	2	0.126	0.919	-1.215	0.189	AT2G03500	16.83	18.0	1.17	-0.96	0.676
path	2	0.126	0.919	-1.215	0.189	AT3G12730	16.69	18.0	1.31	-0.96	0.676
path	2	0.126	0.919	0.157	1.504	AT5G46350	14.06	15.0	0.94	-0.62	0.676
path	2	0.126	0.919	-1.215	0.189	AT1G32150	43.5	46.0	2.5	-1.62	0.677
path	2	0.126	0.919	-1.215	0.189	AT4G36780	32.05	34.0	1.95	-1.4	0.677
path	2	0.126	0.919	-1.215	0.189	AT2G46770	18.7	20.0	1.3	-1.07	0.681
path	2	0.126	0.919	-1.215	0.189	AT4G34410	27.05	29.0	1.95	-1.34	0.682
path	2	0.126	0.919	-1.215	0.189	AT5G03150	10.25	11.0	0.75	-0.8	0.693
path	2	0.126	0.919	0.157	1.504	AT4G26640	10.33	11.0	0.67	-0.57	0.693
path	2	0.126	0.919	0.157	1.504	AT5G18450	19.39	21.0	1.61	-0.99	0.696
path	2	0.126	0.919	-1.215	0.189	AT3G25990	6.55	7.0	0.45	-0.58	0.697
path	2	0.126	0.919	-1.215	0.189	AT5G39820	6.54	7.0	0.46	-0.58	0.697
path	2	0.126	0.919	0.157	1.504	AT1G03840	28.2	30.0	1.8	-1.25	0.697
path	2	0.126	0.919	-1.215	0.189	AT1G75490	15.92	17.0	1.08	-1.12	0.698
path	2	0.126	0.919	-1.215	0.189	AT2G38470	15.91	17.0	1.09	-1.12	0.698
path	2	0.126	0.919	-1.215	0.189	AT1G76870	1.86	2.0	0.14	-0.11	0.7
path	2	0.126	0.919	-1.215	0.189	AT4G04450	1.86	2.0	0.14	-0.11	0.7
path	2	0.126	0.919	-1.215	0.189	AT2G20400	17.9	19.0	1.1	-1.23	0.701
path	2	0.126	0.919	-1.215	0.189	AT3G53200	17.79	19.0	1.21	-1.23	0.701
path	2	0.126	0.919	0.157	1.504	AT1G74650	23.83	26.0	2.17	-1.19	0.702
path	2	0.126	0.919	0.157	1.504	AT1G21910	5.6	6.0	0.4	-0.36	0.706
path	2	0.126	0.919	0.157	1.504	AT1G77640	5.55	6.0	0.45	-0.36	0.706
path	2	0.126	0.919	0.157	1.504	AT2G42590	5.52	6.0	0.48	-0.36	0.706
path	2	0.126	0.919	-1.215	0.189	AT1G43700	4.64	5.0	0.36	-0.48	0.707
path	2	0.126	0.919	-1.215	0.189	AT3G03200	21.67	23.0	1.33	-1.44	0.707
path	2	0.126	0.919	0.157	1.504	AT3G12720	20.25	22.0	1.75	-1.14	0.71
path	2	0.126	0.919	0.157	1.504	AT4G28500	20.5	22.0	1.5	-1.14	0.71
path	2	0.126	0.919	-1.215	0.189	AT1G69570	23.28	25.0	1.72	-1.55	0.711
path	2	0.126	0.919	0.157	1.504	AT3G56850	57.59	61.0	3.41	-2.07	0.715
path	2	0.126	0.919	0.157	1.504	AT1G18330	34.12	36.0	1.88	-1.61	0.717
path	2	0.126	0.919	-1.215	0.189	AT1G14580	11.41	12.0	0.59	-1.06	0.719
path	2	0.126	0.919	-1.215	0.189	AT1G68320	12.8	14.0	1.2	-1.17	0.719
path	2	0.126	0.919	-1.215	0.189	AT4G01550	12.83	14.0	1.17	-1.17	0.719
path	2	0.126	0.919	-1.215	0.189	AT4G34590	15.3	16.0	0.7	-1.28	0.72
path	2	0.126	0.919	-1.215	0.189	AT5G11260	35.78	38.0	2.22	-2.03	0.721
path	2	0.126	0.919	0.157	1.504	AT1G75080	6.6	7.0	0.4	-0.52	0.722
path	2	0.126	0.919	-1.215	0.189	AT1G28470	18.62	20.0	1.38	-1.49	0.723
path	2	0.126	0.919	-1.215	0.189	AT1G49560	18.61	20.0	1.39	-1.49	0.723
path	2	0.126	0.919	-1.215	0.189	AT3G09735	18.86	20.0	1.14	-1.49	0.723
path	2	0.126	0.919	0.157	1.504	AT1G51700	21.34	23.0	1.66	-1.3	0.724
path	2	0.126	0.919	0.157	1.504	AT5G09410	21.29	23.0	1.71	-1.3	0.724
path	2	0.126	0.919	-1.215	0.189	AT1G71450	37.49	40.0	2.51	-2.14	0.725
path	2	0.126	0.919	-1.215	0.189	AT3G04030	20.38	22.0	1.62	-1.6	0.726
path	2	0.126	0.919	-1.215	0.189	AT5G41570	20.43	22.0	1.57	-1.6	0.726
path	2	0.126	0.919	-1.215	0.189	AT5G47220	7.33	8.0	0.67	-0.85	0.726
path	2	0.126	0.919	0.157	1.504	AT2G33710	34.42	37.0	2.58	-1.77	0.728
path	2	0.126	0.919	0.157	1.504	AT1G03800	46.69	50.0	3.31	-2.08	0.73
path	2	0.126	0.919	-1.215	0.189	AT5G44160	5.68	6.0	0.32	-0.74	0.736
path	2	0.126	0.919	0.157	1.504	AT5G62940	22.22	24.0	1.78	-1.46	0.736
path	2	0.126	0.919	0.157	1.504	AT1G55110	26.94	29.0	2.06	-1.67	0.74
path	2	0.126	0.919	-1.215	0.189	AT3G01970	15.71	17.0	1.29	-1.54	0.742
path	2	0.126	0.919	-1.215	0.189	AT5G02840	16.22	17.0	0.78	-1.54	0.742
path	2	0.126	0.919	-1.215	0.189	AT3G50410	11.89	13.0	1.11	-1.33	0.743
path	2	0.126	0.919	-1.215	0.189	AT5G45300	17.64	19.0	1.36	-1.65	0.743
path	2	0.126	0.919	-1.215	0.189	AT5G02460	19.2	21.0	1.8	-1.75	0.744
path	2	0.126	0.919	0.157	1.504	AT4G01250	18.53	20.0	1.47	-1.41	0.747
path	2	0.126	0.919	-1.215	0.189	AT5G16820	23.77	25.0	1.23	-1.97	0.748
path	2	0.126	0.919	-1.215	0.189	AT2G23340	25.22	27.0	1.78	-2.08	0.75
path	2	0.126	0.919	-1.215	0.189	AT3G10113	25.57	27.0	1.43	-2.08	0.75
path	2	0.126	0.919	0.157	1.504	AT5G22500	8.33	9.0	0.67	-0.84	0.75
path	2	0.126	0.919	0.157	1.504	AT5G60130	13.6	15.0	1.4	-1.2	0.75
path	2	0.126	0.919	-1.215	0.189	AT5G04390	8.18	9.0	0.82	-1.11	0.751
path	2	0.126	0.919	-1.215	0.189	AT5G13790	8.43	9.0	0.57	-1.11	0.751
path	2	0.126	0.919	-1.215	0.189	AT5G67580	8.4	9.0	0.6	-1.11	0.751
path	2	0.126	0.919	0.157	1.504	AT1G06280	44.69	48.0	3.31	-2.34	0.753
path	2	0.126	0.919	-1.215	0.189	AT3G01470	3.63	4.0	0.37	-0.64	0.755
path	2	0.126	0.919	0.157	1.504	AT2G22540	32.63	35.0	2.37	-2.03	0.755
path	2	0.126	0.919	0.157	1.504	AT2G30250	24.09	26.0	1.91	-1.77	0.759
path	2	0.126	0.919	-1.215	0.189	AT1G28370	32.76	35.0	2.24	-2.5	0.762
path	2	0.126	0.919	-1.215	0.189	AT1G64620	18.31	20.0	1.69	-1.91	0.762
path	2	0.126	0.919	-1.215	0.189	AT4G37180	18.64	20.0	1.36	-1.91	0.762
path	2	0.126	0.919	0.157	1.504	AT5G25190	45.91	49.0	3.09	-2.5	0.763
path	2	0.126	0.919	-1.215	0.189	AT3G08500	12.87	14.0	1.13	-1.59	0.764
path	2	0.126	0.919	-1.215	0.189	AT5G03790	24.14	26.0	1.86	-2.23	0.766
path	2	0.126	0.919	-1.215	0.189	AT1G02250	11.03	12.0	0.97	-1.48	0.768
path	2	0.126	0.919	-1.215	0.189	AT1G25340	11.0	12.0	1.0	-1.48	0.768
path	2	0.126	0.919	-1.215	0.189	AT3G12130	10.97	12.0	1.03	-1.48	0.768
path	2	0.126	0.919	0.157	1.504	AT1G29280	25.07	27.0	1.93	-1.93	0.77
path	2	0.126	0.919	0.157	1.504	AT2G42430	25.29	27.0	1.71	-1.93	0.77
path	2	0.126	0.919	-1.215	0.189	AT3G50700	9.37	10.0	0.63	-1.38	0.773
path	2	0.126	0.919	-1.215	0.189	AT5G65510	9.33	10.0	0.67	-1.38	0.773
path	2	0.126	0.919	0.157	1.504	AT4G22070	15.8	17.0	1.2	-1.52	0.773
path	2	0.126	0.919	0.157	1.504	AT1G45249	35.04	37.0	1.96	-2.35	0.775
path	2	0.126	0.919	-1.215	0.189	AT5G07680	4.72	5.0	0.28	-0.9	0.777
path	2	0.126	0.919	-1.215	0.189	AT3G16280	21.44	23.0	1.56	-2.28	0.781
path	2	0.126	0.919	-1.215	0.189	AT5G45580	19.29	21.0	1.71	-2.18	0.781
path	2	0.126	0.919	-1.215	0.189	AT1G76890	23.43	25.0	1.57	-2.39	0.782
path	2	0.126	0.919	-1.215	0.189	AT5G64060	13.94	15.0	1.06	-1.86	0.784
path	2	0.126	0.919	0.157	1.504	AT1G72740	16.96	18.0	1.04	-1.67	0.784
path	2	0.126	0.919	-1.215	0.189	AT1G01060	33.18	35.0	1.82	-2.92	0.791
path	2	0.126	0.919	-1.215	0.189	AT4G01280	33.14	35.0	1.86	-2.92	0.791
path	2	0.126	0.919	0.157	1.504	AT3G23250	2.78	3.0	0.22	-0.47	0.791
path	2	0.126	0.919	0.157	1.504	AT5G10140	2.78	3.0	0.22	-0.47	0.791
path	2	0.126	0.919	0.157	1.504	AT5G07100	3.71	4.0	0.29	-0.63	0.793
path	2	0.126	0.919	0.157	1.504	AT5G67300	3.73	4.0	0.27	-0.63	0.793
path	2	0.126	0.919	0.157	1.504	AT5G63090	12.06	13.0	0.94	-1.47	0.794
path	2	0.126	0.919	0.157	1.504	AT2G17410	1.87	2.0	0.13	-0.31	0.796
path	2	0.126	0.919	0.157	1.504	AT2G17900	1.84	2.0	0.16	-0.31	0.796
path	2	0.126	0.919	0.157	1.504	AT3G57230	1.76	2.0	0.24	-0.31	0.796
path	2	0.126	0.919	0.157	1.504	AT5G38860	1.9	2.0	0.1	-0.31	0.796
path	2	0.126	0.919	-1.215	0.189	AT2G23320	20.48	22.0	1.52	-2.44	0.797
path	2	0.126	0.919	0.157	1.504	AT2G03340	4.54	5.0	0.46	-0.79	0.798
path	2	0.126	0.919	0.157	1.504	AT2G45650	4.65	5.0	0.35	-0.79	0.798
path	2	0.126	0.919	-1.215	0.189	AT3G12910	1.92	2.0	0.08	-0.53	0.8
path	2	0.126	0.919	-1.215	0.189	AT4G14410	1.9	2.0	0.1	-0.53	0.8
path	2	0.126	0.919	-1.215	0.189	AT4G38910	1.91	2.0	0.09	-0.53	0.8
path	2	0.126	0.919	-1.215	0.189	AT1G47655	14.82	16.0	1.18	-2.12	0.801
path	2	0.126	0.919	-1.215	0.189	AT1G78700	30.07	32.0	1.93	-2.97	0.802
path	2	0.126	0.919	0.157	1.504	AT3G27785	18.47	20.0	1.53	-1.99	0.803
path	2	0.126	0.919	0.157	1.504	AT5G52830	18.52	20.0	1.48	-1.99	0.803
path	2	0.126	0.919	-1.215	0.189	AT1G02230	12.76	14.0	1.24	-2.01	0.805
path	2	0.126	0.919	-1.215	0.189	AT2G46680	12.8	14.0	1.2	-2.01	0.805
path	2	0.126	0.919	-1.215	0.189	AT1G10720	0.93	1.0	0.07	-0.26	0.807
path	2	0.126	0.919	-1.215	0.189	AT1G73730	0.93	1.0	0.07	-0.26	0.807
path	2	0.126	0.919	-1.215	0.189	AT1G80840	0.91	1.0	0.09	-0.26	0.807
path	2	0.126	0.919	-1.215	0.189	AT2G38090	0.97	1.0	0.03	-0.26	0.807
path	2	0.126	0.919	-1.215	0.189	AT3G02150	0.88	1.0	0.12	-0.26	0.807
path	2	0.126	0.919	-1.215	0.189	AT5G25475	0.94	1.0	0.06	-0.26	0.807
path	2	0.126	0.919	-1.215	0.189	AT5G67000	0.91	1.0	0.09	-0.26	0.807
path	2	0.126	0.919	-1.215	0.189	AT1G13300	2.73	3.0	0.27	-0.79	0.809
path	2	0.126	0.919	-1.215	0.189	AT1G32240	2.78	3.0	0.22	-0.79	0.809
path	2	0.126	0.919	-1.215	0.189	AT2G38300	2.79	3.0	0.21	-0.79	0.809
path	2	0.126	0.919	-1.215	0.189	AT4G17785	2.64	3.0	0.36	-0.79	0.809
path	2	0.126	0.919	0.157	1.504	AT2G18350	24.09	26.0	1.91	-2.35	0.809
path	2	0.126	0.919	0.157	1.504	AT4G14770	34.04	36.0	1.96	-2.77	0.809
path	2	0.126	0.919	-1.215	0.189	AT2G36270	37.53	40.0	2.47	-3.4	0.81
path	2	0.126	0.919	0.157	1.504	AT5G08130	6.46	7.0	0.54	-1.1	0.811
path	2	0.126	0.919	-1.215	0.189	AT1G75240	21.26	23.0	1.74	-2.7	0.813
path	2	0.126	0.919	-1.215	0.189	AT1G79580	21.47	23.0	1.53	-2.7	0.813
path	2	0.126	0.919	-1.215	0.189	AT2G02540	23.27	25.0	1.73	-2.81	0.813
path	2	0.126	0.919	-1.215	0.189	AT1G25550	9.15	10.0	0.85	-1.8	0.817
path	2	0.126	0.919	-1.215	0.189	AT2G28810	15.49	17.0	1.51	-2.38	0.817
path	2	0.126	0.919	0.157	1.504	AT5G64750	34.43	37.0	2.57	-2.92	0.817
path	2	0.126	0.919	0.157	1.504	AT2G46130	7.44	8.0	0.56	-1.26	0.818
path	2	0.126	0.919	0.157	1.504	AT5G61600	7.22	8.0	0.78	-1.26	0.818
path	2	0.126	0.919	-1.215	0.189	AT3G10030	14.06	15.0	0.94	-2.28	0.82
path	2	0.126	0.919	-1.215	0.189	AT1G22070	3.72	4.0	0.28	-1.06	0.821
path	2	0.126	0.919	0.157	1.504	AT2G40740	20.36	22.0	1.64	-2.3	0.821
path	2	0.126	0.919	0.157	1.504	AT1G32510	0.92	1.0	0.08	-0.16	0.823
path	2	0.126	0.919	0.157	1.504	AT3G07220	0.97	1.0	0.03	-0.16	0.823
path	2	0.126	0.919	0.157	1.504	AT3G61120	0.89	1.0	0.11	-0.16	0.823
path	2	0.126	0.919	0.157	1.504	AT5G08070	0.94	1.0	0.06	-0.16	0.823
path	2	0.126	0.919	-1.215	0.189	AT4G18170	11.9	13.0	1.1	-2.17	0.825
path	2	0.126	0.919	-1.215	0.189	AT1G19210	40.49	43.0	2.51	-3.77	0.826
path	2	0.126	0.919	-1.215	0.189	AT5G53950	7.35	8.0	0.65	-1.69	0.828
path	2	0.126	0.919	-1.215	0.189	AT5G65410	18.34	20.0	1.66	-2.75	0.829
path	2	0.126	0.919	0.157	1.504	AT1G09540	20.98	23.0	2.02	-2.46	0.829
path	2	0.126	0.919	0.157	1.504	AT1G70920	15.41	17.0	1.59	-2.09	0.829
path	2	0.126	0.919	0.157	1.504	AT3G44480	21.1	23.0	1.9	-2.46	0.829
path	2	0.126	0.919	-1.215	0.189	AT5G17300	34.07	36.0	1.93	-3.61	0.831
path	2	0.126	0.919	0.157	1.504	AT2G01818	9.44	10.0	0.56	-1.57	0.831
path	2	0.126	0.919	0.157	1.504	AT3G60580	9.11	10.0	0.89	-1.57	0.831
path	2	0.126	0.919	-1.215	0.189	AT1G12260	16.71	18.0	1.29	-2.65	0.832
path	2	0.126	0.919	-1.215	0.189	AT5G63260	16.32	18.0	1.68	-2.65	0.832
path	2	0.126	0.919	0.157	1.504	AT1G69780	27.01	29.0	1.99	-2.82	0.833
path	2	0.126	0.919	0.157	1.504	AT5G47370	26.72	29.0	2.28	-2.82	0.833
path	2	0.126	0.919	-1.215	0.189	AT3G23240	14.79	16.0	1.21	-2.54	0.835
path	2	0.126	0.919	-1.215	0.189	AT4G00730	14.84	16.0	1.16	-2.54	0.835
path	2	0.126	0.919	-1.215	0.189	AT4G27950	14.97	16.0	1.03	-2.54	0.835
path	2	0.126	0.919	-1.215	0.189	AT1G52880	31.1	33.0	1.9	-3.66	0.841
path	2	0.126	0.919	-1.215	0.189	AT5G66700	30.86	33.0	2.14	-3.66	0.841
path	2	0.126	0.919	-1.215	0.189	AT1G06180	8.15	9.0	0.85	-1.96	0.842
path	2	0.126	0.919	-1.215	0.189	AT1G19790	8.27	9.0	0.73	-1.96	0.842
path	2	0.126	0.919	-1.215	0.189	AT5G47390	33.44	35.0	1.56	-3.77	0.842
path	2	0.126	0.919	-1.215	0.189	AT5G62380	17.61	19.0	1.39	-2.91	0.845
path	2	0.126	0.919	0.157	1.504	AT4G37260	28.9	31.0	2.1	-3.14	0.847
path	2	0.126	0.919	0.157	1.504	AT2G04038	48.21	51.0	2.79	-3.97	0.85
path	2	0.126	0.919	0.157	1.504	AT5G06960	24.57	26.0	1.43	-2.93	0.85
path	2	0.126	0.919	-1.215	0.189	AT1G54330	13.73	15.0	1.27	-2.7	0.853
path	2	0.126	0.919	-1.215	0.189	AT4G11660	14.21	15.0	0.79	-2.7	0.853
path	2	0.126	0.919	-1.215	0.189	AT1G22810	22.33	24.0	1.67	-3.39	0.854
path	2	0.126	0.919	-1.215	0.189	AT1G29860	9.09	10.0	0.91	-2.22	0.855
path	2	0.126	0.919	-1.215	0.189	AT1G50640	20.25	22.0	1.75	-3.28	0.855
path	2	0.126	0.919	0.157	1.504	AT2G15740	26.18	28.0	1.82	-3.25	0.863
path	2	0.126	0.919	0.157	1.504	AT3G10800	26.5	28.0	1.5	-3.25	0.863
path	2	0.126	0.919	-1.215	0.189	AT2G35700	27.15	29.0	1.85	-3.87	0.864
path	2	0.126	0.919	-1.215	0.189	AT4G17980	21.48	23.0	1.52	-3.55	0.866
path	2	0.126	0.919	-1.215	0.189	AT5G62320	9.87	11.0	1.13	-2.48	0.866
path	2	0.126	0.919	-1.215	0.189	AT1G18570	2.8	3.0	0.2	-1.21	0.867
path	2	0.126	0.919	-1.215	0.189	AT1G27730	7.22	8.0	0.78	-2.11	0.867
path	2	0.126	0.919	-1.215	0.189	AT2G41690	2.71	3.0	0.29	-1.21	0.867
path	2	0.126	0.919	-1.215	0.189	AT1G76880	1.83	2.0	0.17	-0.95	0.869
path	2	0.126	0.919	-1.215	0.189	AT3G24520	19.61	21.0	1.39	-3.44	0.869
path	2	0.126	0.919	-1.215	0.189	AT4G36620	1.8	2.0	0.2	-0.95	0.869
path	2	0.126	0.919	-1.215	0.189	AT5G43840	1.77	2.0	0.23	-0.95	0.869
path	2	0.126	0.919	0.157	1.504	AT2G18380	27.23	29.0	1.77	-3.4	0.869
path	2	0.126	0.919	-1.215	0.189	AT5G62000	12.9	14.0	1.1	-2.86	0.87
path	2	0.126	0.919	-1.215	0.189	AT5G29000	17.78	19.0	1.22	-3.33	0.871
path	2	0.126	0.919	0.157	1.504	AT5G06839	42.63	45.0	2.37	-4.18	0.872
path	2	0.126	0.919	-1.215	0.189	AT1G68550	29.85	32.0	2.15	-4.24	0.874
path	2	0.126	0.919	-1.215	0.189	AT3G22830	15.99	17.0	1.01	-3.23	0.875
path	2	0.126	0.919	-1.215	0.189	AT4G23550	15.8	17.0	1.2	-3.23	0.875
path	2	0.126	0.919	-1.215	0.189	AT5G67190	25.95	28.0	2.05	-4.03	0.875
path	2	0.126	0.919	0.157	1.504	AT1G69560	4.67	5.0	0.33	-1.36	0.875
path	2	0.126	0.919	0.157	1.504	AT4G18890	6.51	7.0	0.49	-1.68	0.876
path	2	0.126	0.919	-1.215	0.189	AT4G28140	4.59	5.0	0.41	-1.74	0.877
path	2	0.126	0.919	0.157	1.504	AT5G10030	43.05	46.0	2.95	-4.34	0.877
path	2	0.126	0.919	0.157	1.504	AT5G13910	3.59	4.0	0.41	-1.21	0.877
path	2	0.126	0.919	-1.215	0.189	AT3G28920	20.2	22.0	1.8	-3.7	0.879
path	2	0.126	0.919	-1.215	0.189	AT2G30340	13.89	15.0	1.11	-3.12	0.88
path	2	0.126	0.919	0.157	1.504	AT2G32460	23.28	25.0	1.72	-3.35	0.88
path	2	0.126	0.919	0.157	1.504	AT1G13260	8.17	9.0	0.83	-1.99	0.881
path	2	0.126	0.919	-1.215	0.189	AT1G34190	18.55	20.0	1.45	-3.6	0.882
path	2	0.126	0.919	0.157	1.504	AT3G51470	2.76	3.0	0.24	-1.05	0.883
path	2	0.126	0.919	-1.215	0.189	AT3G30210	5.41	6.0	0.59	-2.01	0.884
path	2	0.126	0.919	-1.215	0.189	AT1G20910	12.12	13.0	0.88	-3.01	0.886
path	2	0.126	0.919	-1.215	0.189	AT5G44210	9.16	10.0	0.84	-2.64	0.886
path	2	0.126	0.919	-1.215	0.189	AT5G66300	12.12	13.0	0.88	-3.01	0.886
path	2	0.126	0.919	-1.215	0.189	AT4G36740	23.22	25.0	1.78	-4.08	0.887
path	2	0.126	0.919	-1.215	0.189	AT1G19040	0.85	1.0	0.15	-0.69	0.889
path	2	0.126	0.919	-1.215	0.189	AT1G46264	0.91	1.0	0.09	-0.69	0.889
path	2	0.126	0.919	-1.215	0.189	AT2G21900	0.94	1.0	0.06	-0.69	0.889
path	2	0.126	0.919	-1.215	0.189	AT2G31460	0.93	1.0	0.07	-0.69	0.889
path	2	0.126	0.919	-1.215	0.189	AT3G45170	0.86	1.0	0.14	-0.69	0.889
path	2	0.126	0.919	-1.215	0.189	AT3G46070	0.93	1.0	0.07	-0.69	0.889
path	2	0.126	0.919	-1.215	0.189	AT4G28110	0.88	1.0	0.12	-0.69	0.889
path	2	0.126	0.919	-1.215	0.189	AT5G14340	0.92	1.0	0.08	-0.69	0.889
path	2	0.126	0.919	0.157	1.504	AT3G01220	24.93	27.0	2.07	-3.67	0.89
path	2	0.126	0.919	-1.215	0.189	AT1G20980	6.29	7.0	0.71	-2.27	0.891
path	2	0.126	0.919	-1.215	0.189	AT1G79180	6.12	7.0	0.88	-2.27	0.891
path	2	0.126	0.919	-1.215	0.189	AT3G15270	17.26	19.0	1.74	-3.75	0.894
path	2	0.126	0.919	-1.215	0.189	AT5G05790	17.93	19.0	1.07	-3.75	0.894
path	2	0.126	0.919	-1.215	0.189	AT1G06850	12.73	14.0	1.27	-3.28	0.895
path	2	0.126	0.919	-1.215	0.189	AT5G08520	41.98	44.0	2.02	-5.3	0.895
path	2	0.126	0.919	0.157	1.504	AT1G62300	20.44	22.0	1.56	-3.46	0.897
path	2	0.126	0.919	0.157	1.504	AT1G72360	1.78	2.0	0.22	-0.89	0.897
path	2	0.126	0.919	-1.215	0.189	AT3G28910	7.28	8.0	0.72	-2.53	0.898
path	2	0.126	0.919	-1.215	0.189	AT4G31800	15.55	17.0	1.45	-3.65	0.898
path	2	0.126	0.919	0.157	1.504	AT1G08320	37.32	40.0	2.68	-4.55	0.898
path	2	0.126	0.919	-1.215	0.189	AT1G14687	20.36	22.0	1.64	-4.13	0.9
path	2	0.126	0.919	0.157	1.504	AT2G20110	33.07	35.0	1.93	-4.35	0.9
path	2	0.126	0.919	0.157	1.504	AT1G30650	21.31	23.0	1.69	-3.62	0.901
path	2	0.126	0.919	-1.215	0.189	AT5G54230	18.25	20.0	1.75	-4.02	0.903
path	2	0.126	0.919	-1.215	0.189	AT1G28160	25.13	27.0	1.87	-4.6	0.904
path	2	0.126	0.919	0.157	1.504	AT5G06950	33.43	36.0	2.57	-4.5	0.905
path	2	0.126	0.919	0.157	1.504	AT5G17800	22.23	24.0	1.77	-3.77	0.906
path	2	0.126	0.919	-1.215	0.189	AT1G68670	3.45	4.0	0.55	-1.9	0.909
path	2	0.126	0.919	-1.215	0.189	AT3G20770	12.26	13.0	0.74	-3.43	0.91
path	2	0.126	0.919	-1.215	0.189	AT1G34670	14.42	16.0	1.58	-3.81	0.911
path	2	0.126	0.919	0.157	1.504	AT5G25830	16.66	18.0	1.34	-3.41	0.912
path	2	0.126	0.919	0.157	1.504	AT2G26960	17.69	19.0	1.31	-3.57	0.915
path	2	0.126	0.919	-1.215	0.189	AT1G13400	1.74	2.0	0.26	-1.37	0.916
path	2	0.126	0.919	-1.215	0.189	AT1G53230	1.69	2.0	0.31	-1.37	0.916
path	2	0.126	0.919	-1.215	0.189	AT2G24570	1.85	2.0	0.15	-1.37	0.916
path	2	0.126	0.919	-1.215	0.189	AT2G33810	1.78	2.0	0.22	-1.37	0.916
path	2	0.126	0.919	-1.215	0.189	AT2G42200	12.61	14.0	1.39	-3.7	0.917
path	2	0.126	0.919	0.157	1.504	AT1G53170	51.4	55.0	3.6	-5.75	0.919
path	2	0.126	0.919	0.157	1.504	AT3G42860	8.24	9.0	0.76	-2.57	0.922
path	2	0.126	0.919	-1.215	0.189	AT1G24250	7.32	8.0	0.68	-2.96	0.923
path	2	0.126	0.919	-1.215	0.189	AT5G56840	34.13	36.0	1.87	-5.72	0.923
path	2	0.126	0.919	-1.215	0.189	AT2G22430	16.62	18.0	1.38	-4.33	0.924
path	2	0.126	0.919	0.157	1.504	AT2G45420	26.93	29.0	2.07	-4.56	0.924
path	2	0.126	0.919	0.157	1.504	AT3G49930	0.92	1.0	0.08	-0.74	0.926
path	2	0.126	0.919	-1.215	0.189	AT1G04880	8.26	9.0	0.74	-3.22	0.928
path	2	0.126	0.919	-1.215	0.189	AT1G49010	35.15	37.0	1.85	-5.98	0.929
path	2	0.126	0.919	-1.215	0.189	AT1G74480	14.84	16.0	1.16	-4.23	0.929
path	2	0.126	0.919	-1.215	0.189	AT3G01530	11.6	13.0	1.4	-3.86	0.929
path	2	0.126	0.919	0.157	1.504	AT5G06100	22.12	24.0	1.88	-4.35	0.93
path	2	0.126	0.919	0.157	1.504	AT5G10280	3.52	4.0	0.48	-1.79	0.93
path	2	0.126	0.919	0.157	1.504	AT2G02820	40.05	43.0	2.95	-5.6	0.931
path	2	0.126	0.919	-1.215	0.189	AT1G31140	15.65	17.0	1.35	-4.49	0.934
path	2	0.126	0.919	-1.215	0.189	AT2G38880	0.91	1.0	0.09	-1.11	0.936
path	2	0.126	0.919	-1.215	0.189	AT3G04070	4.59	5.0	0.41	-2.58	0.936
path	2	0.126	0.919	-1.215	0.189	AT3G22780	0.92	1.0	0.08	-1.11	0.936
path	2	0.126	0.919	-1.215	0.189	AT5G10510	0.87	1.0	0.13	-1.11	0.936
path	2	0.126	0.919	-1.215	0.189	AT3G58630	3.63	4.0	0.37	-2.32	0.937
path	2	0.126	0.919	-1.215	0.189	AT3G50260	30.63	33.0	2.37	-6.19	0.942
path	2	0.126	0.919	-1.215	0.189	AT3G60490	20.43	22.0	1.57	-5.39	0.945
path	2	0.126	0.919	-1.215	0.189	AT4G25480	31.67	34.0	2.33	-6.45	0.947
path	2	0.126	0.919	-1.215	0.189	AT5G14960	1.85	2.0	0.15	-1.79	0.947
path	2	0.126	0.919	-1.215	0.189	AT1G12610	9.12	10.0	0.88	-3.91	0.948
path	2	0.126	0.919	-1.215	0.189	AT3G26620	9.14	10.0	0.86	-3.91	0.948
path	2	0.126	0.919	-1.215	0.189	AT4G00250	23.76	25.0	1.24	-5.76	0.948
path	2	0.126	0.919	0.157	1.504	AT3G51080	1.76	2.0	0.24	-1.47	0.949
path	2	0.126	0.919	0.157	1.504	AT4G18450	1.7	2.0	0.3	-1.47	0.949
path	2	0.126	0.919	0.157	1.504	AT3G06740	10.01	11.0	0.99	-3.47	0.95
path	2	0.126	0.919	0.157	1.504	AT4G24470	8.3	9.0	0.7	-3.15	0.95
path	2	0.126	0.919	-1.215	0.189	AT1G32870	16.73	18.0	1.27	-5.18	0.952
path	2	0.126	0.919	-1.215	0.189	AT3G17730	16.65	18.0	1.35	-5.18	0.952
path	2	0.126	0.919	-1.215	0.189	AT5G58900	24.41	26.0	1.59	-6.03	0.952
path	2	0.126	0.919	0.157	1.504	AT3G12250	42.07	45.0	2.93	-6.5	0.952
path	2	0.126	0.919	0.157	1.504	AT4G01500	6.52	7.0	0.48	-2.84	0.952
path	2	0.126	0.919	-1.215	0.189	AT3G57920	7.85	9.0	1.15	-4.06	0.959
path	2	0.126	0.919	-1.215	0.189	AT2G06200	2.45	3.0	0.55	-2.48	0.96
path	2	0.126	0.919	-1.215	0.189	AT4G25470	24.12	26.0	1.88	-6.45	0.961
path	2	0.126	0.919	0.157	1.504	AT3G13350	3.75	4.0	0.25	-2.36	0.961
path	2	0.126	0.919	-1.215	0.189	AT1G12630	28.88	31.0	2.12	-6.92	0.962
path	2	0.126	0.919	0.157	1.504	AT3G18990	21.14	23.0	1.86	-5.35	0.962
path	2	0.126	0.919	-1.215	0.189	AT1G65620	0.84	1.0	0.16	-1.53	0.963
path	2	0.126	0.919	-1.215	0.189	AT1G77200	26.88	29.0	2.12	-6.82	0.963
path	2	0.126	0.919	-1.215	0.189	AT3G20840	0.86	1.0	0.14	-1.53	0.963
path	2	0.126	0.919	-1.215	0.189	AT5G67450	0.76	1.0	0.24	-1.53	0.963
path	2	0.126	0.919	-1.215	0.189	AT3G52440	17.27	19.0	1.73	-5.86	0.965
path	2	0.126	0.919	-1.215	0.189	AT4G36160	22.98	25.0	2.02	-6.6	0.966
path	2	0.126	0.919	-1.215	0.189	AT5G61620	37.05	39.0	1.95	-7.77	0.966
path	2	0.126	0.919	-1.215	0.189	AT2G15660	1.78	2.0	0.22	-2.21	0.967
path	2	0.126	0.919	-1.215	0.189	AT2G30590	1.83	2.0	0.17	-2.21	0.967
path	2	0.126	0.919	-1.215	0.189	AT2G44940	18.35	20.0	1.65	-6.13	0.967
path	2	0.126	0.919	-1.215	0.189	AT1G76420	15.5	17.0	1.5	-5.75	0.968
path	2	0.126	0.919	-1.215	0.189	AT4G25490	23.97	26.0	2.03	-6.87	0.969
path	2	0.126	0.919	0.157	1.504	AT1G51600	0.86	1.0	0.14	-1.31	0.969
path	2	0.126	0.919	0.157	1.504	AT5G25390	0.75	1.0	0.25	-1.31	0.969
path	2	0.126	0.919	0.157	1.504	AT5G56930	0.87	1.0	0.13	-1.31	0.969
path	2	0.126	0.919	-1.215	0.189	AT3G24120	19.07	21.0	1.93	-6.39	0.97
path	2	0.126	0.919	-1.215	0.189	AT5G13180	16.46	18.0	1.54	-6.02	0.97
path	2	0.126	0.919	0.157	1.504	AT1G52150	16.36	18.0	1.64	-5.14	0.97
path	2	0.126	0.919	0.157	1.504	AT5G65210	34.74	37.0	2.26	-6.97	0.97
path	2	0.126	0.919	0.157	1.504	AT4G32730	47.18	50.0	2.82	-7.86	0.971
path	2	0.126	0.919	-1.215	0.189	AT3G15170	10.09	11.0	0.91	-5.01	0.972
path	2	0.126	0.919	-1.215	0.189	AT2G18060	14.72	16.0	1.28	-5.91	0.973
path	2	0.126	0.919	-1.215	0.189	AT1G51220	10.9	12.0	1.1	-5.28	0.974
path	2	0.126	0.919	-1.215	0.189	AT4G16750	25.86	28.0	2.14	-7.4	0.974
path	2	0.126	0.919	-1.215	0.189	AT3G10500	11.91	13.0	1.09	-5.54	0.975
path	2	0.126	0.919	0.157	1.504	AT5G59990	4.52	5.0	0.48	-3.1	0.976
path	2	0.126	0.919	-1.215	0.189	AT3G10480	12.73	14.0	1.27	-5.81	0.977
path	2	0.126	0.919	-1.215	0.189	AT1G74840	23.71	25.0	1.29	-7.45	0.978
path	2	0.126	0.919	-1.215	0.189	AT2G31230	20.24	22.0	1.76	-7.08	0.978
path	2	0.126	0.919	-1.215	0.189	AT3G06490	5.32	6.0	0.68	-4.11	0.978
path	2	0.126	0.919	-1.215	0.189	AT4G26030	7.8	9.0	1.2	-4.91	0.978
path	2	0.126	0.919	0.157	1.504	AT4G18770	25.85	28.0	2.15	-6.72	0.978
path	2	0.126	0.919	-1.215	0.189	AT3G45150	1.68	2.0	0.32	-2.64	0.979
path	2	0.126	0.919	-1.215	0.189	AT4G24020	1.77	2.0	0.23	-2.64	0.979
path	2	0.126	0.919	-1.215	0.189	AT4G38620	0.85	1.0	0.15	-1.95	0.979
path	2	0.126	0.919	0.157	1.504	AT1G30490	13.36	15.0	1.64	-5.25	0.979
path	2	0.126	0.919	0.157	1.504	AT5G08750	3.57	4.0	0.43	-2.94	0.979
path	2	0.126	0.919	0.157	1.504	AT1G25580	10.09	11.0	0.91	-4.62	0.98
path	2	0.126	0.919	-1.215	0.189	AT3G49530	11.8	13.0	1.2	-5.96	0.981
path	2	0.126	0.919	0.157	1.504	AT3G21175	8.19	9.0	0.81	-4.31	0.981
path	2	0.126	0.919	-1.215	0.189	AT2G46590	12.38	14.0	1.62	-6.23	0.982
path	2	0.126	0.919	-1.215	0.189	AT3G18400	16.41	18.0	1.59	-6.86	0.982
path	2	0.126	0.919	-1.215	0.189	AT1G01720	23.09	25.0	1.91	-7.87	0.983
path	2	0.126	0.919	-1.215	0.189	AT3G12820	2.45	3.0	0.55	-3.32	0.983
path	2	0.126	0.919	-1.215	0.189	AT5G51990	26.73	29.0	2.27	-8.5	0.985
path	2	0.126	0.919	-1.215	0.189	AT1G69490	23.26	25.0	1.74	-8.29	0.987
path	2	0.126	0.919	-1.215	0.189	AT2G38340	17.21	19.0	1.79	-7.55	0.987
path	2	0.126	0.919	-1.215	0.189	AT3G02940	17.13	19.0	1.87	-7.55	0.987
path	2	0.126	0.919	-1.215	0.189	AT3G04060	12.61	14.0	1.39	-6.65	0.987
path	2	0.126	0.919	0.157	1.504	AT4G27900	0.78	1.0	0.22	-1.89	0.987
path	2	0.126	0.919	0.157	1.504	AT5G42520	0.89	1.0	0.11	-1.89	0.987
path	2	0.126	0.919	-1.215	0.189	AT1G34180	13.65	15.0	1.35	-6.91	0.988
path	2	0.126	0.919	-1.215	0.189	AT1G72010	6.15	7.0	0.85	-5.22	0.989
path	2	0.126	0.919	-1.215	0.189	AT2G28920	6.48	7.0	0.52	-5.22	0.989
path	2	0.126	0.919	-1.215	0.189	AT3G11020	9.92	11.0	1.08	-6.28	0.989
path	2	0.126	0.919	-1.215	0.189	AT4G10350	10.86	12.0	1.14	-6.54	0.989
path	2	0.126	0.919	-1.215	0.189	AT4G38000	15.1	17.0	1.9	-7.44	0.989
path	2	0.126	0.919	-1.215	0.189	AT2G24430	16.54	18.0	1.46	-7.7	0.99
path	2	0.126	0.919	0.157	1.504	AT5G58850	26.61	29.0	2.39	-8.03	0.99
path	2	0.126	0.919	-1.215	0.189	AT5G46590	3.48	4.0	0.52	-4.43	0.991
path	2	0.126	0.919	-1.215	0.189	AT5G08330	7.03	8.0	0.97	-5.91	0.992
path	2	0.126	0.919	-1.215	0.189	AT5G39610	10.67	12.0	1.33	-6.96	0.992
path	2	0.126	0.919	0.157	1.504	AT1G75390	10.39	11.0	0.61	-5.78	0.992
path	2	0.126	0.919	0.157	1.504	AT3G11440	23.8	26.0	2.2	-8.14	0.992
path	2	0.126	0.919	-1.215	0.189	AT3G02990	0.74	1.0	0.26	-2.79	0.993
path	2	0.126	0.919	0.157	1.504	AT2G45410	20.06	22.0	1.94	-8.09	0.994
path	2	0.126	0.919	0.157	1.504	AT3G60530	5.33	6.0	0.67	-4.99	0.995
path	2	0.126	0.919	-1.215	0.189	AT1G69690	2.51	3.0	0.49	-4.58	0.996
path	2	0.126	0.919	-1.215	0.189	AT3G61150	10.76	12.0	1.24	-7.81	0.996
path	2	0.126	0.919	-1.215	0.189	AT5G04410	11.69	13.0	1.31	-8.49	0.997
path	2	0.126	0.919	-1.215	0.189	AT5G18270	15.41	17.0	1.59	-9.13	0.997
path	2	0.126	0.919	-1.215	0.189	AT2G47070	5.78	7.0	1.22	-7.33	0.998
path	2	0.126	0.919	-1.215	0.189	AT3G26790	3.42	4.0	0.58	-6.11	0.998
path	2	0.126	0.919	0.157	1.504	AT3G30530	0.86	1.0	0.14	-3.05	0.998
path	2	0.126	0.919	0.157	1.504	AT1G08010	15.47	17.0	1.53	-9.04	0.999
path	2	0.126	0.919	0.157	1.504	AT4G38170	35.18	38.0	2.82	-12.92	0.999
path	2	0.126	0.919	-1.215	0.189	AT1G17950	-0.03	0.0	0.03	-0.84	1.0
path	2	0.126	0.919	-1.215	0.189	AT1G18960	-0.02	0.0	0.02	0.0	1.0
path	2	0.126	0.919	-1.215	0.189	AT1G23810	-0.1	0.0	0.1	-1.69	1.0
path	2	0.126	0.919	-1.215	0.189	AT1G27360	-0.12	0.0	0.12	-1.26	1.0
path	2	0.126	0.919	-1.215	0.189	AT1G30210	-0.02	0.0	0.02	-0.42	1.0
path	2	0.126	0.919	-1.215	0.189	AT1G47870	-0.01	0.0	0.01	-0.42	1.0
path	2	0.126	0.919	-1.215	0.189	AT1G60920	-0.01	0.0	0.01	-0.42	1.0
path	2	0.126	0.919	-1.215	0.189	AT1G63030	-0.14	0.0	0.14	-0.84	1.0
path	2	0.126	0.919	-1.215	0.189	AT1G63040	-0.02	0.0	0.02	-0.84	1.0
path	2	0.126	0.919	-1.215	0.189	AT1G67260	-0.03	0.0	0.03	-0.84	1.0
path	2	0.126	0.919	-1.215	0.189	AT1G70910	-0.02	0.0	0.02	-0.42	1.0
path	2	0.126	0.919	-1.215	0.189	AT1G74370	-0.02	0.0	0.02	0.0	1.0
path	2	0.126	0.919	-1.215	0.189	AT2G41835	-0.05	0.0	0.05	0.0	1.0
path	2	0.126	0.919	-1.215	0.189	AT2G45680	0.66	1.0	0.34	-4.9	1.0
path	2	0.126	0.919	-1.215	0.189	AT2G46400	-0.02	0.0	0.02	-0.84	1.0
path	2	0.126	0.919	-1.215	0.189	AT2G48100	-0.01	0.0	0.01	-0.42	1.0
path	2	0.126	0.919	-1.215	0.189	AT3G03660	-0.08	0.0	0.08	-0.84	1.0
path	2	0.126	0.919	-1.215	0.189	AT3G09230	-0.08	0.0	0.08	-1.69	1.0
path	2	0.126	0.919	-1.215	0.189	AT3G11280	7.26	8.0	0.74	-10.54	1.0
path	2	0.126	0.919	-1.215	0.189	AT3G13040	-0.05	0.0	0.05	-0.42	1.0
path	2	0.126	0.919	-1.215	0.189	AT3G27010	0.56	1.0	0.44	-6.16	1.0
path	2	0.126	0.919	-1.215	0.189	AT3G47600	-0.16	0.0	0.16	-0.84	1.0
path	2	0.126	0.919	-1.215	0.189	AT3G47620	-0.06	0.0	0.06	-2.11	1.0
path	2	0.126	0.919	-1.215	0.189	AT4G01720	-0.12	0.0	0.12	-0.84	1.0
path	2	0.126	0.919	-1.215	0.189	AT4G12670	-0.01	0.0	0.01	-0.42	1.0
path	2	0.126	0.919	-1.215	0.189	AT4G17460	-0.03	0.0	0.03	0.0	1.0
path	2	0.126	0.919	-1.215	0.189	AT4G24240	-0.03	0.0	0.03	-1.26	1.0
path	2	0.126	0.919	-1.215	0.189	AT4G30080	-0.07	0.0	0.07	-1.26	1.0
path	2	0.126	0.919	-1.215	0.189	AT4G37790	-0.02	0.0	0.02	-0.42	1.0
path	2	0.126	0.919	-1.215	0.189	AT5G16600	-0.03	0.0	0.03	-1.26	1.0
path	2	0.126	0.919	-1.215	0.189	AT5G22890	-0.07	0.0	0.07	-0.42	1.0
path	2	0.126	0.919	-1.215	0.189	AT5G40330	-0.03	0.0	0.03	-0.42	1.0
path	2	0.126	0.919	-1.215	0.189	AT5G42820	-0.01	0.0	0.01	-0.42	1.0
path	2	0.126	0.919	-1.215	0.189	AT5G48670	-0.03	0.0	0.03	-0.42	1.0
path	2	0.126	0.919	-1.215	0.189	AT5G52170	-0.09	0.0	0.09	-0.84	1.0
path	2	0.126	0.919	-1.215	0.189	AT5G58620	-0.02	0.0	0.02	-0.84	1.0
path	2	0.126	0.919	-1.215	0.189	AT5G62165	-0.03	0.0	0.03	0.0	1.0
path	2	0.126	0.919	0.157	1.504	AT1G18960	-0.03	0.0	0.03	0.0	1.0
path	2	0.126	0.919	0.157	1.504	AT1G66420	-0.02	0.0	0.02	-0.58	1.0
path	2	0.126	0.919	0.157	1.504	AT1G74370	-0.03	0.0	0.03	0.0	1.0
path	2	0.126	0.919	0.157	1.504	AT2G01930	24.35	27.0	2.65	-15.24	1.0
path	2	0.126	0.919	0.157	1.504	AT2G39900	-0.03	0.0	0.03	-0.58	1.0
path	2	0.126	0.919	0.157	1.504	AT2G41835	-0.06	0.0	0.06	0.0	1.0
path	2	0.126	0.919	0.157	1.504	AT3G48160	-0.05	0.0	0.05	-0.58	1.0
path	2	0.126	0.919	0.157	1.504	AT4G17460	-0.05	0.0	0.05	0.0	1.0
path	2	0.126	0.919	0.157	1.504	AT5G18090	-0.03	0.0	0.03	-0.58	1.0
path	2	0.126	0.919	0.157	1.504	AT5G38800	-0.02	0.0	0.02	-0.58	1.0
path	2	0.126	0.919	0.157	1.504	AT5G49300	-0.05	0.0	0.05	-0.58	1.0
path	2	0.126	0.919	0.157	1.504	AT5G61270	-0.13	0.0	0.13	-1.16	1.0
path	2	0.126	0.919	0.157	1.504	AT5G62165	-0.05	0.0	0.05	0.0	1.0
vsOthers	1	0.0	0.544	0.126	0.919	AT1G49010	1.206	0.214	0.101	0.113	4.71e-07
vsOthers	1	0.0	0.544	-1.295	0.275	AT1G49010	0.0	0.056	0.178	-0.122	1.28e-05
vsOthers	1	0.0	0.544	-1.295	0.275	AT5G25830	0.0	0.014	0.098	-0.084	8.88e-05
vsOthers	1	0.0	0.544	0.126	0.919	AT3G11280	0.331	0.092	0.035	0.057	0.000153
vsOthers	1	0.0	0.544	-0.065	0.349	AT5G25830	1.577		0.058	0.068	0.000198
vsOthers	1	0.0	0.544	0.126	0.919	AT5G60850	-0.69	0.096	0.177	-0.081	0.000222
vsOthers	1	0.0	0.544	-0.065	0.349	AT5G60850	0.089		0.113	0.081	0.000461
vsOthers	1	0.0	0.544	-0.065	0.349	AT3G47500	0.837		0.094	0.072	0.000833
vsOthers	1	0.0	0.544	0.126	0.919	AT5G02840	0.495	0.092	0.041	0.051	0.00089
vsOthers	1	0.0	0.544	-1.295	0.275	AT3G11280	0.0	0.014	0.074	-0.06	0.0012
vsOthers	1	0.0	0.544	0.126	0.919	AT1G19000	0.371	0.097	0.031	0.066	0.00189
vsOthers	1	0.0	0.544	0.126	0.919	AT5G08520	0.0	0.113	0.042	0.071	0.00199
vsOthers	1	0.0	0.544	0.126	0.919	AT5G17300	0.389	0.197	0.128	0.069	0.00287
vsOthers	1	0.0	0.544	0.126	0.919	AT1G74840	0.0	0.081	0.025	0.056	0.00333
vsOthers	1	0.0	0.544	0.126	0.919	AT4G00250	0.0	0.074	0.022	0.051	0.00549
vsOthers	1	0.0	0.544	-1.295	0.275	AT5G58900	0.0	0.075	0.146	-0.072	0.00616
vsOthers	1	0.0	0.544	0.126	0.919	AT5G61620	0.354	0.107	0.047	0.06	0.00863
vsOthers	1	0.0	0.544	0.126	0.919	AT5G47390	0.0	0.089	0.036	0.053	0.00912
vsOthers	1	0.0	0.544	0.126	0.919	AT3G10580	1.28	0.084	0.03	0.054	0.011
vsOthers	1	0.0	0.544	0.126	0.919	AT3G21890	-0.004	0.082	0.131	-0.049	0.012
vsOthers	1	0.0	0.544	0.126	0.919	AT5G56840	0.0	0.106	0.049	0.057	0.012
vsOthers	1	0.0	0.544	0.126	0.919	AT1G75390	0.963	0.034	0.005	0.029	0.013
vsOthers	1	0.0	0.544	-1.295	0.275	AT1G13260	0.0	0.084	0.041	0.043	0.014
vsOthers	1	0.0	0.544	-1.295	0.275	AT5G39610	0.0	0.159	0.098	0.061	0.014
vsOthers	1	0.0	0.544	0.126	0.919	AT4G34590	0.876	0.043	0.01	0.033	0.016
vsOthers	1	0.0	0.544	0.126	0.919	AT5G58900	-0.109	0.159	0.108	0.051	0.017
vsOthers	1	0.0	0.544	-1.295	0.275	AT5G02840	0.0	0.028	0.074	-0.046	0.018
vsOthers	1	0.0	0.544	-1.295	0.275	AT5G08520	0.0	0.024	0.088	-0.064	0.024
vsOthers	1	0.0	0.544	-0.065	0.349	AT3G01970	0.17		0.091	0.046	0.026
vsOthers	1	0.0	0.544	-1.295	0.275	AT4G05100	0.0	0.098	0.056	0.043	0.029
vsOthers	1	0.0	0.544	-0.065	0.349	AT3G44480	1.177		0.035	0.044	0.03
vsOthers	1	0.0	0.544	0.126	0.919	AT2G04038	0.136	0.105	0.054	0.051	0.031
vsOthers	1	0.0	0.544	-0.065	0.349	AT3G24120	0.853		0.059	0.051	0.032
vsOthers	1	0.0	0.544	-0.065	0.349	AT3G04030	0.275		0.049	0.047	0.035
vsOthers	1	0.0	0.544	-0.065	0.349	AT3G21890	-0.04		0.094	0.043	0.036
vsOthers	1	0.0	0.544	0.126	0.919	AT2G18160	0.0	0.103	0.055	0.047	0.037
vsOthers	1	0.0	0.544	-0.065	0.349	AT5G17300	-0.106		0.177	-0.051	0.039
vsOthers	1	0.0	0.544	0.126	0.919	AT1G18330	-0.041	0.136	0.094	0.042	0.039
vsOthers	1	0.0	0.544	0.126	0.919	AT3G09600	0.078	0.095	0.049	0.046	0.039
vsOthers	1	0.0	0.544	-0.065	0.349	AT4G00250	-0.913		0.059	-0.04	0.04
vsOthers	1	0.0	0.544	-1.295	0.275	AT1G08010	0.0	0.007	0.051	-0.044	0.046
vsOthers	1	0.0	0.544	-0.065	0.349	AT2G46680	0.104		0.032	0.038	0.048
vsOthers	1	0.0	0.544	0.126	0.919	AT2G28810	-0.406	0.038	0.079	-0.041	0.049
vsOthers	1	0.0	0.544	-0.065	0.349	AT1G19000	0.0		0.076	-0.043	0.055
vsOthers	1	0.0	0.544	-0.065	0.349	AT4G31800	0.0		0.106	0.043	0.055
vsOthers	1	0.0	0.544	-1.295	0.275	AT3G02940	0.0	0.095	0.041	0.053	0.056
vsOthers	1	0.0	0.544	-1.295	0.275	AT3G47500	0.0	0.079	0.128	-0.049	0.057
vsOthers	1	0.0	0.544	0.126	0.919	AT3G62420	0.0	0.113	0.067	0.046	0.057
vsOthers	1	0.0	0.544	-0.065	0.349	AT2G28810	0.0		0.046	0.041	0.059
vsOthers	1	0.0	0.544	-0.065	0.349	AT5G45580	0.0		0.051	0.044	0.059
vsOthers	1	0.0	0.544	-0.065	0.349	AT5G60130	0.831		0.023	0.033	0.059
vsOthers	1	0.0	0.544	-1.295	0.275	AT5G05790	0.0	0.008	0.049	-0.041	0.059
vsOthers	1	0.0	0.544	-1.295	0.275	AT5G61620	0.0	0.032	0.085	-0.053	0.06
vsOthers	1	0.0	0.544	-1.295	0.275	AT1G09540	0.0	0.088	0.041	0.047	0.061
vsOthers	1	0.0	0.544	-1.295	0.275	AT1G74840	0.0	0.017	0.059	-0.043	0.062
vsOthers	1	0.0	0.544	-0.065	0.349	AT1G49560	0.375		0.035	0.037	0.064
vsOthers	1	0.0	0.544	-1.295	0.275	AT5G47390	0.0	0.024	0.069	-0.045	0.066
vsOthers	1	0.0	0.544	-1.295	0.275	AT1G34670	0.0	0.086	0.039	0.047	0.07
vsOthers	1	0.0	0.544	0.126	0.919	AT3G45610	0.0	0.045	0.083	-0.038	0.07
vsOthers	1	0.0	0.544	-1.295	0.275	AT3G24520	0.0	0.079	0.125	-0.045	0.072
vsOthers	1	0.0	0.544	-0.065	0.349	AT3G12730	0.0		0.036	0.036	0.073
vsOthers	1	0.0	0.544	-0.065	0.349	AT1G70920	0.413		0.027	0.036	0.074
vsOthers	1	0.0	0.544	-0.065	0.349	AT1G75390	0.0		0.025	-0.021	0.08
vsOthers	1	0.0	0.544	-0.065	0.349	AT5G66940	0.0		0.044	0.038	0.081
vsOthers	1	0.0	0.544	0.126	0.919	AT5G52660	0.0	0.082	0.044	0.037	0.083
vsOthers	1	0.0	0.544	-1.295	0.275	AT5G62320	0.0	0.065	0.025	0.04	0.085
vsOthers	1	0.0	0.544	-0.065	0.349	AT1G69780	0.242		0.036	0.035	0.086
vsOthers	1	0.0	0.544	-0.065	0.349	AT3G01470	0.414		0.007	0.018	0.087
vsOthers	1	0.0	0.544	-1.295	0.275	AT4G01680	0.0	0.069	0.029	0.039	0.087
vsOthers	1	0.0	0.544	0.126	0.919	AT2G35530	0.0	0.114	0.071	0.043	0.088
vsOthers	1	0.0	0.544	-0.065	0.349	AT1G08010	0.858		0.03	0.033	0.089
vsOthers	1	0.0	0.544	-0.065	0.349	AT3G24050	0.0		0.022	0.025	0.093
vsOthers	1	0.0	0.544	-1.295	0.275	AT2G44940	0.0	0.173	0.127	0.046	0.093
vsOthers	1	0.0	0.544	-0.065	0.349	AT5G67450	0.076		0.014	0.017	0.099
vsOthers	1	0.0	0.544	-0.065	0.349	AT2G30250	1.647		0.032	0.036	0.1
vsOthers	1	0.0	0.544	0.126	0.919	AT3G10800	0.437	0.054	0.026	0.028	0.103
vsOthers	1	0.0	0.544	-0.065	0.349	AT3G45610	0.0		0.053	0.037	0.105
vsOthers	1	0.0	0.544	-1.295	0.275	AT5G22890	0.0	0.01	0.001	0.009	0.105
vsOthers	1	0.0	0.544	-1.295	0.275	AT2G18380	0.0	0.018	0.056	-0.039	0.106
vsOthers	1	0.0	0.544	-0.065	0.349	AT1G27730	0.374		0.018	0.024	0.108
vsOthers	1	0.0	0.544	-0.065	0.349	AT2G03340	0.0		0.008	0.017	0.11
vsOthers	1	0.0	0.544	-0.065	0.349	AT2G02540	0.532		0.047	0.037	0.111
vsOthers	1	0.0	0.544	-0.065	0.349	AT3G52440	0.0		0.054	0.037	0.111
vsOthers	1	0.0	0.544	0.126	0.919	AT3G15270	-0.463	0.048	0.083	-0.034	0.111
vsOthers	1	0.0	0.544	0.126	0.919	AT5G15830	0.0	0.111	0.072	0.039	0.111
vsOthers	1	0.0	0.544	-1.295	0.275	AT3G09600	0.0	0.035	0.079	-0.043	0.113
vsOthers	1	0.0	0.544	-0.065	0.349	AT2G18160	0.0		0.09	-0.039	0.115
vsOthers	1	0.0	0.544	-1.295	0.275	AT1G19000	0.0	0.029	0.07	-0.041	0.115
vsOthers	1	0.0	0.544	-0.065	0.349	AT3G45170	0.62		0.003	0.01	0.119
vsOthers	1	0.0	0.544	-0.065	0.349	AT4G04450	0.0		0.002	0.01	0.119
vsOthers	1	0.0	0.544	0.126	0.919	AT3G20770	0.731	0.04	0.016	0.024	0.12
vsOthers	1	0.0	0.544	-0.065	0.349	AT4G34590	0.0		0.034	-0.025	0.121
vsOthers	1	0.0	0.544	0.126	0.919	AT2G46590	0.0	0.043	0.076	-0.033	0.121
vsOthers	1	0.0	0.544	-0.065	0.349	AT1G25550	0.0		0.023	0.025	0.122
vsOthers	1	0.0	0.544	-0.065	0.349	AT5G56840	-0.144		0.087	-0.037	0.123
vsOthers	1	0.0	0.544	0.126	0.919	AT3G10113	0.0	0.071	0.039	0.032	0.123
vsOthers	1	0.0	0.544	0.126	0.919	AT3G47500	0.759	0.101	0.133	-0.032	0.123
vsOthers	1	0.0	0.544	0.126	0.919	AT5G67450	0.0	0.013	0.027	-0.014	0.125
vsOthers	1	0.0	0.544	0.126	0.919	AT2G28920	0.0	0.033	0.014	0.02	0.126
vsOthers	1	0.0	0.544	0.126	0.919	AT4G31800	0.0	0.103	0.135	-0.032	0.126
vsOthers	1	0.0	0.544	-0.065	0.349	AT3G60530	0.0		0.013	0.021	0.132
vsOthers	1	0.0	0.544	-0.065	0.349	AT3G62420	-0.018		0.101	-0.038	0.132
vsOthers	1	0.0	0.544	0.126	0.919	AT4G01540	-0.082	0.053	0.088	-0.035	0.132
vsOthers	1	0.0	0.544	0.126	0.919	AT1G68670	-1.142	0.01	0.029	-0.018	0.133
vsOthers	1	0.0	0.544	-0.065	0.349	AT2G04038	0.0		0.09	-0.038	0.136
vsOthers	1	0.0	0.544	-0.065	0.349	AT1G74840	0.0		0.061	-0.031	0.137
vsOthers	1	0.0	0.544	-0.065	0.349	AT3G01220	0.0		0.043	0.032	0.137
vsOthers	1	0.0	0.544	-1.295	0.275	AT2G06200	0.0	0.038	0.015	0.022	0.137
vsOthers	1	0.0	0.544	0.126	0.919	AT5G39610	-0.371	0.094	0.124	-0.03	0.137
vsOthers	1	0.0	0.544	-0.065	0.349	AT4G36740	0.0		0.05	0.035	0.138
vsOthers	1	0.0	0.544	-0.065	0.349	AT5G62940	0.0		0.04	0.03	0.138
vsOthers	1	0.0	0.544	-1.295	0.275	AT1G74650	0.0	0.078	0.04	0.039	0.138
vsOthers	1	0.0	0.544	0.126	0.919	AT3G57920	-0.25	0.028	0.056	-0.028	0.138
vsOthers	1	0.0	0.544	0.126	0.919	AT1G01060	0.0	0.085	0.051	0.034	0.139
vsOthers	1	0.0	0.544	0.126	0.919	AT1G70920	-0.947	0.025	0.052	-0.027	0.14
vsOthers	1	0.0	0.544	-0.065	0.349	AT2G35530	-0.106		0.103	-0.037	0.141
vsOthers	1	0.0	0.544	0.126	0.919	AT4G01280	0.0	0.085	0.052	0.033	0.143
vsOthers	1	0.0	0.544	-0.065	0.349	AT1G49010	0.417		0.165	-0.036	0.144
vsOthers	1	0.0	0.544	-0.065	0.349	AT5G02840	0.0		0.072	-0.024	0.144
vsOthers	1	0.0	0.544	-1.295	0.275	AT5G52660	0.0	0.03	0.07	-0.039	0.144
vsOthers	1	0.0	0.544	0.126	0.919	AT2G42200	-0.548	0.04	0.071	-0.03	0.144
vsOthers	1	0.0	0.544	0.126	0.919	AT2G46680	0.0	0.03	0.057	-0.027	0.145
vsOthers	1	0.0	0.544	-0.065	0.349	AT3G57920	0.596		0.034	0.028	0.146
vsOthers	1	0.0	0.544	-0.065	0.349	AT5G03790	0.0		0.054	0.034	0.146
vsOthers	1	0.0	0.544	-1.295	0.275	AT3G24050	0.0	0.01	0.036	-0.026	0.146
vsOthers	1	0.0	0.544	-0.065	0.349	AT3G10580	0.0		0.066	-0.034	0.149
vsOthers	1	0.0	0.544	0.126	0.919	AT1G45249	0.0	0.065	0.036	0.029	0.149
vsOthers	1	0.0	0.544	-0.065	0.349	AT2G01060	0.31		0.025	0.027	0.15
vsOthers	1	0.0	0.544	0.126	0.919	AT5G16820	0.972	0.059	0.032	0.027	0.15
vsOthers	1	0.0	0.544	0.126	0.919	AT5G63260	0.0	0.043	0.073	-0.03	0.15
vsOthers	1	0.0	0.544	-0.065	0.349	AT5G04390	0.493		0.018	0.024	0.152
vsOthers	1	0.0	0.544	-0.065	0.349	AT5G47370	0.77		0.041	0.034	0.153
vsOthers	1	0.0	0.544	-0.065	0.349	AT1G45249	-0.441		0.059	-0.029	0.155
vsOthers	1	0.0	0.544	-0.065	0.349	AT1G68670	0.0		0.014	0.02	0.155
vsOthers	1	0.0	0.544	-0.065	0.349	AT1G64620	-0.009		0.052	0.032	0.156
vsOthers	1	0.0	0.544	-1.295	0.275	AT5G54230	0.0	0.083	0.045	0.038	0.156
vsOthers	1	0.0	0.544	-1.295	0.275	AT4G26030	0.0	0.064	0.03	0.034	0.157
vsOthers	1	0.0	0.544	-0.065	0.349	AT4G01540	0.383		0.061	0.034	0.158
vsOthers	1	0.0	0.544	0.126	0.919	AT4G32730	1.22	0.088	0.054	0.034	0.159
vsOthers	1	0.0	0.544	-0.065	0.349	AT5G09410	0.929		0.036	0.03	0.16
vsOthers	1	0.0	0.544	-1.295	0.275	AT5G56840	0.0	0.046	0.082	-0.036	0.167
vsOthers	1	0.0	0.544	-0.065	0.349	AT2G38470	0.0		0.026	0.026	0.169
vsOthers	1	0.0	0.544	0.126	0.919	AT5G05550	0.574	0.122	0.088	0.035	0.169
vsOthers	1	0.0	0.544	-0.065	0.349	AT1G29860	0.0		0.024	0.024	0.17
vsOthers	1	0.0	0.544	-0.065	0.349	AT3G50410	0.0		0.031	0.025	0.174
vsOthers	1	0.0	0.544	0.126	0.919	AT2G20110	0.102	0.061	0.035	0.026	0.174
vsOthers	1	0.0	0.544	0.126	0.919	AT5G65210	0.0	0.074	0.046	0.027	0.174
vsOthers	1	0.0	0.544	-1.295	0.275	AT3G10580	0.0	0.026	0.062	-0.036	0.177
vsOthers	1	0.0	0.544	-1.295	0.275	AT3G60530	0.0	0.004	0.024	-0.02	0.177
vsOthers	1	0.0	0.544	0.126	0.919	AT4G14770	0.067	0.059	0.032	0.027	0.177
vsOthers	1	0.0	0.544	-0.065	0.349	AT1G27360	0.0		0.002	0.008	0.178
vsOthers	1	0.0	0.544	0.126	0.919	AT1G64620	0.0	0.047	0.077	-0.03	0.179
vsOthers	1	0.0	0.544	-0.065	0.349	AT1G18330	0.0		0.123	-0.029	0.18
vsOthers	1	0.0	0.544	-1.295	0.275	AT1G72360	0.0	0.023	0.011	0.012	0.18
vsOthers	1	0.0	0.544	0.126	0.919	AT5G45580	0.0	0.05	0.078	-0.029	0.181
vsOthers	1	0.0	0.544	0.126	0.919	AT3G12130	-0.235	0.031	0.054	-0.023	0.182
vsOthers	1	0.0	0.544	0.126	0.919	AT3G52440	0.0	0.051	0.08	-0.03	0.183
vsOthers	1	0.0	0.544	0.126	0.919	AT5G06839	0.864	0.075	0.046	0.03	0.183
vsOthers	1	0.0	0.544	-1.295	0.275	AT2G28920	0.0	0.005	0.027	-0.022	0.185
vsOthers	1	0.0	0.544	0.126	0.919	AT1G06850	-1.151	0.026	0.052	-0.026	0.186
vsOthers	1	0.0	0.544	-1.295	0.275	AT3G08500	0.0	0.066	0.037	0.029	0.188
vsOthers	1	0.0	0.544	-0.065	0.349	AT5G08520	0.0		0.086	-0.032	0.189
vsOthers	1	0.0	0.544	0.126	0.919	AT3G01970	-0.049	0.092	0.119	-0.027	0.19
vsOthers	1	0.0	0.544	0.126	0.919	AT5G02460	0.0	0.051	0.081	-0.03	0.19
vsOthers	1	0.0	0.544	0.126	0.919	AT5G62940	0.0	0.037	0.061	-0.024	0.193
vsOthers	1	0.0	0.544	-0.065	0.349	AT5G66700	0.0		0.067	0.033	0.197
vsOthers	1	0.0	0.544	0.126	0.919	AT1G14580	1.724	0.032	0.015	0.017	0.197
vsOthers	1	0.0	0.544	-0.065	0.349	AT5G02460	-0.271		0.058	0.03	0.198
vsOthers	1	0.0	0.544	0.126	0.919	AT1G13260	-0.704	0.04	0.059	-0.019	0.199
vsOthers	1	0.0	0.544	-0.065	0.349	AT2G18380	0.252		0.04	0.026	0.202
vsOthers	1	0.0	0.544	0.126	0.919	AT3G24120	0.0	0.06	0.09	-0.03	0.202
vsOthers	1	0.0	0.544	-1.295	0.275	AT5G16820	0.0	0.021	0.05	-0.029	0.204
vsOthers	1	0.0	0.544	-0.065	0.349	AT5G65310	0.0		0.055	0.03	0.205
vsOthers	1	0.0	0.544	0.126	0.919	AT1G27730	0.0	0.017	0.035	-0.018	0.205
vsOthers	1	0.0	0.544	0.126	0.919	AT1G49560	0.0	0.034	0.059	-0.025	0.205
vsOthers	1	0.0	0.544	-0.065	0.349	AT5G07100	0.0		0.004	0.01	0.206
vsOthers	1	0.0	0.544	-0.065	0.349	AT1G71696	-1.166		0.045	-0.027	0.208
vsOthers	1	0.0	0.544	-0.065	0.349	AT4G18170	0.178		0.027	0.024	0.21
vsOthers	1	0.0	0.544	-0.065	0.349	AT2G46590	-0.456		0.052	0.027	0.211
vsOthers	1	0.0	0.544	-1.295	0.275	AT5G17300	0.0	0.131	0.167	-0.036	0.211
vsOthers	1	0.0	0.544	-1.295	0.275	AT3G18400	0.0	0.082	0.049	0.032	0.212
vsOthers	1	0.0	0.544	-1.295	0.275	AT3G22830	0.0	0.014	0.04	-0.026	0.212
vsOthers	1	0.0	0.544	-0.065	0.349	AT5G65410	0.0		0.048	0.028	0.215
vsOthers	1	0.0	0.544	-0.065	0.349	AT1G62300	0.0		0.024	0.025	0.216
vsOthers	1	0.0	0.544	-1.295	0.275	AT1G23810	0.0	0.0	0.007	-0.007	0.217
vsOthers	1	0.0	0.544	0.126	0.919	AT1G50640	-0.63	0.053	0.08	-0.027	0.217
vsOthers	1	0.0	0.544	0.126	0.919	AT2G47070	0.0	0.033	0.056	-0.024	0.217
vsOthers	1	0.0	0.544	0.126	0.919	AT5G04390	-0.145	0.016	0.035	-0.018	0.217
vsOthers	1	0.0	0.544	-0.065	0.349	AT2G42200	0.0		0.048	0.025	0.218
vsOthers	1	0.0	0.544	-0.065	0.349	AT5G63260	0.0		0.05	0.028	0.219
vsOthers	1	0.0	0.544	-1.295	0.275	AT2G02080	0.0	0.038	0.069	-0.031	0.219
vsOthers	1	0.0	0.544	0.126	0.919	AT1G32150	0.0	0.11	0.078	0.032	0.219
vsOthers	1	0.0	0.544	-1.295	0.275	AT4G32730	0.0	0.041	0.077	-0.036	0.221
vsOthers	1	0.0	0.544	-1.295	0.275	AT4G36620	0.0	0.0	0.009	-0.009	0.222
vsOthers	1	0.0	0.544	-0.065	0.349	AT3G56850	0.0		0.097	-0.031	0.223
vsOthers	1	0.0	0.544	-0.065	0.349	AT2G36270	0.0		0.105	-0.033	0.224
vsOthers	1	0.0	0.544	-0.065	0.349	AT3G11280	0.0		0.068	-0.019	0.224
vsOthers	1	0.0	0.544	-0.065	0.349	AT3G15270	0.0		0.058	0.028	0.226
vsOthers	1	0.0	0.544	0.126	0.919	AT5G22890	0.0	0.0	0.006	-0.006	0.227
vsOthers	1	0.0	0.544	-0.065	0.349	AT1G51700	0.0		0.04	0.023	0.229
vsOthers	1	0.0	0.544	0.126	0.919	AT2G06200	-0.922	0.011	0.027	-0.016	0.23
vsOthers	1	0.0	0.544	0.126	0.919	AT3G12730	0.0	0.036	0.059	-0.023	0.231
vsOthers	1	0.0	0.544	-1.295	0.275	AT5G56110	0.0	0.08	0.048	0.032	0.232
vsOthers	1	0.0	0.544	-0.065	0.349	AT4G05100	-0.083		0.071	-0.019	0.233
vsOthers	1	0.0	0.544	0.126	0.919	AT1G20980	0.0	0.017	0.033	-0.017	0.233
vsOthers	1	0.0	0.544	0.126	0.919	AT1G71696	0.461	0.049	0.025	0.024	0.233
vsOthers	1	0.0	0.544	0.126	0.919	AT3G55370	0.0	0.055	0.083	-0.028	0.233
vsOthers	1	0.0	0.544	0.126	0.919	AT5G66940	0.0	0.043	0.068	-0.025	0.233
vsOthers	1	0.0	0.544	0.126	0.919	AT3G04030	0.0	0.05	0.076	-0.026	0.236
vsOthers	1	0.0	0.544	0.126	0.919	AT3G50410	0.0	0.029	0.049	-0.02	0.237
vsOthers	1	0.0	0.544	-1.295	0.275	AT4G26640	0.0	0.003	0.021	-0.019	0.24
vsOthers	1	0.0	0.544	-1.295	0.275	AT5G47220	0.0	0.041	0.021	0.019	0.241
vsOthers	1	0.0	0.544	0.126	0.919	AT3G44480	0.0	0.036	0.06	-0.024	0.241
vsOthers	1	0.0	0.544	-0.065	0.349	AT1G69560	0.0		0.012	-0.009	0.242
vsOthers	1	0.0	0.544	-0.065	0.349	AT4G26640	0.0		0.013	0.014	0.242
vsOthers	1	0.0	0.544	-1.295	0.275	AT2G03340	0.0	0.003	0.016	-0.013	0.242
vsOthers	1	0.0	0.544	-1.295	0.275	AT1G16490	0.0	0.068	0.04	0.028	0.244
vsOthers	1	0.0	0.544	-0.065	0.349	AT3G60580	0.485		0.018	0.017	0.245
vsOthers	1	0.0	0.544	0.126	0.919	AT3G56850	0.0	0.103	0.074	0.029	0.248
vsOthers	1	0.0	0.544	-1.295	0.275	AT4G18450	0.0	0.018	0.006	0.012	0.25
vsOthers	1	0.0	0.544	0.126	0.919	AT1G30490	-0.306	0.028	0.05	-0.022	0.252
vsOthers	1	0.0	0.544	0.126	0.919	AT1G52150	0.0	0.029	0.05	-0.021	0.252
vsOthers	1	0.0	0.544	-0.065	0.349	AT4G22070	0.0		0.019	0.02	0.253
vsOthers	1	0.0	0.544	-1.295	0.275	AT3G13810	0.0	0.021	0.047	-0.027	0.255
vsOthers	1	0.0	0.544	-1.295	0.275	AT4G00250	0.0	0.027	0.051	-0.024	0.255
vsOthers	1	0.0	0.544	0.126	0.919	AT2G38090	0.0	0.003	0.0	0.003	0.255
vsOthers	1	0.0	0.544	0.126	0.919	AT4G24240	0.0	0.004	0.0	0.004	0.255
vsOthers	1	0.0	0.544	0.126	0.919	AT5G16600	0.0	0.003	0.0	0.003	0.255
vsOthers	1	0.0	0.544	0.126	0.919	AT5G62165	0.0	0.0	0.003	-0.003	0.255
vsOthers	1	0.0	0.544	0.126	0.919	AT3G28920	-0.741	0.048	0.072	-0.025	0.256
vsOthers	1	0.0	0.544	0.126	0.919	AT3G09230	0.0	0.006	0.001	0.005	0.257
vsOthers	1	0.0	0.544	0.126	0.919	AT1G25340	-0.226	0.023	0.043	-0.019	0.259
vsOthers	1	0.0	0.544	0.126	0.919	AT1G02230	-0.457	0.03	0.052	-0.022	0.26
vsOthers	1	0.0	0.544	-1.295	0.275	AT3G20770	0.0	0.011	0.031	-0.021	0.262
vsOthers	1	0.0	0.544	-0.065	0.349	AT1G20980	0.0		0.02	0.017	0.264
vsOthers	1	0.0	0.544	0.126	0.919	AT5G60130	0.0	0.024	0.043	-0.02	0.264
vsOthers	1	0.0	0.544	-1.295	0.275	AT5G47230	0.0	0.034	0.017	0.017	0.266
vsOthers	1	0.0	0.544	0.126	0.919	AT1G34370	-1.399	0.006	0.018	-0.012	0.266
vsOthers	1	0.0	0.544	0.126	0.919	AT4G38000	-0.038	0.053	0.079	-0.026	0.267
vsOthers	1	0.0	0.544	-0.065	0.349	AT3G06740	0.054		0.022	0.017	0.268
vsOthers	1	0.0	0.544	0.126	0.919	AT5G05790	0.0	0.051	0.032	0.019	0.275
vsOthers	1	0.0	0.544	-0.065	0.349	AT2G47070	0.0		0.038	0.022	0.277
vsOthers	1	0.0	0.544	-0.065	0.349	AT1G30650	0.383		0.034	0.021	0.278
vsOthers	1	0.0	0.544	-0.065	0.349	AT3G02940	-1.688		0.061	-0.026	0.278
vsOthers	1	0.0	0.544	0.126	0.919	AT5G47220	-1.041	0.016	0.033	-0.016	0.278
vsOthers	1	0.0	0.544	0.126	0.919	AT5G65410	0.0	0.045	0.068	-0.024	0.278
vsOthers	1	0.0	0.544	-0.065	0.349	AT1G80840	0.0		0.002	0.006	0.279
vsOthers	1	0.0	0.544	0.126	0.919	AT2G36270	0.0	0.109	0.081	0.028	0.28
vsOthers	1	0.0	0.544	0.126	0.919	AT3G01470	0.0	0.007	0.019	-0.012	0.28
vsOthers	1	0.0	0.544	-0.065	0.349	AT3G55370	-0.11		0.062	0.025	0.281
vsOthers	1	0.0	0.544	-0.065	0.349	AT5G47390	0.0		0.069	-0.026	0.281
vsOthers	1	0.0	0.544	-0.065	0.349	AT5G61620	0.0		0.084	-0.027	0.285
vsOthers	1	0.0	0.544	-1.295	0.275	AT2G38470	0.0	0.016	0.04	-0.023	0.285
vsOthers	1	0.0	0.544	-1.295	0.275	AT3G10113	0.0	0.034	0.059	-0.025	0.285
vsOthers	1	0.0	0.544	-1.295	0.275	AT3G10800	0.0	0.021	0.043	-0.022	0.285
vsOthers	1	0.0	0.544	-0.065	0.349	AT1G23810	0.0		0.004	0.006	0.286
vsOthers	1	0.0	0.544	-1.295	0.275	AT1G14580	0.0	0.009	0.026	-0.017	0.286
vsOthers	1	0.0	0.544	-1.295	0.275	AT5G13790	0.0	0.033	0.051	-0.018	0.286
vsOthers	1	0.0	0.544	-1.295	0.275	AT4G01280	0.0	0.044	0.073	-0.029	0.288
vsOthers	1	0.0	0.544	0.126	0.919	AT1G75240	0.0	0.05	0.073	-0.023	0.288
vsOthers	1	0.0	0.544	-0.065	0.349	AT2G01940	0.0		0.041	0.023	0.29
vsOthers	1	0.0	0.544	-1.295	0.275	AT1G69780	0.0	0.026	0.053	-0.027	0.29
vsOthers	1	0.0	0.544	-1.295	0.275	AT2G33710	0.0	0.089	0.061	0.028	0.291
vsOthers	1	0.0	0.544	-0.065	0.349	AT1G32150	0.0		0.102	-0.028	0.292
vsOthers	1	0.0	0.544	-1.295	0.275	AT3G09735	0.0	0.019	0.042	-0.023	0.297
vsOthers	1	0.0	0.544	0.126	0.919	AT1G68320	-0.726	0.027	0.047	-0.02	0.299
vsOthers	1	0.0	0.544	-0.065	0.349	AT4G36620	0.0		0.004	0.01	0.3
vsOthers	1	0.0	0.544	-0.065	0.349	AT5G52830	0.0		0.028	0.019	0.301
vsOthers	1	0.0	0.544	-0.065	0.349	AT3G13040	1.535		0.0	0.005	0.307
vsOthers	1	0.0	0.544	-1.295	0.275	AT3G15170	0.0	0.043	0.024	0.018	0.307
vsOthers	1	0.0	0.544	-0.065	0.349	AT4G14770	0.0		0.052	-0.022	0.31
vsOthers	1	0.0	0.544	-1.295	0.275	AT1G75390	0.0	0.005	0.021	-0.016	0.31
vsOthers	1	0.0	0.544	-1.295	0.275	AT3G23220	0.0	0.038	0.021	0.016	0.31
vsOthers	1	0.0	0.544	-0.065	0.349	AT3G28920	0.0		0.053	0.022	0.311
vsOthers	1	0.0	0.544	-0.065	0.349	AT4G01680	-1.922		0.044	-0.021	0.312
vsOthers	1	0.0	0.544	-0.065	0.349	AT5G62320	0.0		0.039	-0.019	0.312
vsOthers	1	0.0	0.544	-0.065	0.349	AT5G15830	0.176		0.098	-0.026	0.313
vsOthers	1	0.0	0.544	-1.295	0.275	AT3G04030	0.0	0.044	0.07	-0.025	0.313
vsOthers	1	0.0	0.544	0.126	0.919	AT3G13350	0.0	0.01	0.003	0.007	0.314
vsOthers	1	0.0	0.544	0.126	0.919	AT5G25390	0.0	0.004	0.011	-0.008	0.314
vsOthers	1	0.0	0.544	0.126	0.919	AT3G30530	0.0	0.006	0.001	0.006	0.315
vsOthers	1	0.0	0.544	-1.295	0.275	AT1G54330	0.0	0.06	0.036	0.024	0.317
vsOthers	1	0.0	0.544	-0.065	0.349	AT4G01720	0.0		0.002	0.007	0.318
vsOthers	1	0.0	0.544	-1.295	0.275	AT3G12720	0.0	0.056	0.034	0.022	0.318
vsOthers	1	0.0	0.544	-0.065	0.349	AT1G47655	0.0		0.034	0.02	0.321
vsOthers	1	0.0	0.544	-0.065	0.349	AT2G44840	1.563		0.047	0.021	0.321
vsOthers	1	0.0	0.544	-0.065	0.349	AT4G38000	0.0		0.059	0.025	0.322
vsOthers	1	0.0	0.544	-1.295	0.275	AT4G34590	0.0	0.012	0.029	-0.016	0.325
vsOthers	1	0.0	0.544	-1.295	0.275	AT2G15740	0.0	0.028	0.052	-0.024	0.326
vsOthers	1	0.0	0.544	-0.065	0.349	AT5G29000	0.0		0.038	0.019	0.327
vsOthers	1	0.0	0.544	0.126	0.919	AT2G02540	0.0	0.049	0.069	-0.021	0.329
vsOthers	1	0.0	0.544	-0.065	0.349	AT1G34670	0.0		0.055	-0.021	0.33
vsOthers	1	0.0	0.544	-0.065	0.349	AT2G26960	-1.162		0.043	-0.018	0.33
vsOthers	1	0.0	0.544	-1.295	0.275	AT3G28910	0.0	0.034	0.017	0.017	0.33
vsOthers	1	0.0	0.544	0.126	0.919	AT1G18570	1.539	0.011	0.004	0.007	0.33
vsOthers	1	0.0	0.544	0.126	0.919	AT1G25550	0.0	0.022	0.039	-0.017	0.33
vsOthers	1	0.0	0.544	-0.065	0.349	AT1G02230	0.0		0.035	0.019	0.331
vsOthers	1	0.0	0.544	0.126	0.919	AT3G01530	-0.093	0.034	0.052	-0.018	0.332
vsOthers	1	0.0	0.544	-1.295	0.275	AT1G01060	0.0	0.044	0.072	-0.028	0.335
vsOthers	1	0.0	0.544	-1.295	0.275	AT1G18330	0.0	0.093	0.119	-0.025	0.335
vsOthers	1	0.0	0.544	-1.295	0.275	AT3G44480	0.0	0.03	0.054	-0.024	0.335
vsOthers	1	0.0	0.544	0.126	0.919	AT5G44160	0.0	0.022	0.012	0.01	0.338
vsOthers	1	0.0	0.544	-0.065	0.349	AT5G43840	0.0		0.007	0.009	0.339
vsOthers	1	0.0	0.544	-1.295	0.275	AT5G03150	0.0	0.014	0.034	-0.019	0.343
vsOthers	1	0.0	0.544	0.126	0.919	AT1G09540	-1.132	0.041	0.059	-0.019	0.343
vsOthers	1	0.0	0.544	-1.295	0.275	AT3G50060	0.0	0.07	0.047	0.023	0.344
vsOthers	1	0.0	0.544	0.126	0.919	AT1G29860	0.0	0.023	0.039	-0.016	0.345
vsOthers	1	0.0	0.544	0.126	0.919	AT5G18450	-0.565	0.034	0.051	-0.017	0.345
vsOthers	1	0.0	0.544	0.126	0.919	AT3G01220	0.0	0.044	0.062	-0.018	0.347
vsOthers	1	0.0	0.544	-0.065	0.349	AT1G69570	-0.7		0.059	0.022	0.348
vsOthers	1	0.0	0.544	-0.065	0.349	AT2G22430	0.0		0.042	0.021	0.353
vsOthers	1	0.0	0.544	-0.065	0.349	AT3G24520	0.415		0.109	0.02	0.356
vsOthers	1	0.0	0.544	-1.295	0.275	AT2G04038	0.0	0.057	0.083	-0.026	0.356
vsOthers	1	0.0	0.544	-1.295	0.275	AT3G03660	0.0	0.007	0.0	0.007	0.356
vsOthers	1	0.0	0.544	0.126	0.919	AT5G09410	-0.167	0.035	0.054	-0.019	0.357
vsOthers	1	0.0	0.544	-0.065	0.349	AT3G01530	0.373		0.037	0.02	0.359
vsOthers	1	0.0	0.544	0.126	0.919	AT3G02150	0.0	0.001	0.007	-0.006	0.359
vsOthers	1	0.0	0.544	0.126	0.919	AT1G54330	-1.912	0.032	0.048	-0.017	0.361
vsOthers	1	0.0	0.544	0.126	0.919	AT2G01940	-0.895	0.038	0.058	-0.02	0.361
vsOthers	1	0.0	0.544	-0.065	0.349	AT1G34190	-0.734		0.054	-0.018	0.364
vsOthers	1	0.0	0.544	-0.065	0.349	AT5G26170	0.0		0.039	0.017	0.364
vsOthers	1	0.0	0.544	-0.065	0.349	AT3G09600	0.085		0.076	-0.02	0.366
vsOthers	1	0.0	0.544	-1.295	0.275	AT3G11440	0.0	0.079	0.057	0.022	0.366
vsOthers	1	0.0	0.544	-1.295	0.275	AT5G67300	0.0	0.023	0.015	0.009	0.366
vsOthers	1	0.0	0.544	0.126	0.919	AT5G47370	0.0	0.041	0.062	-0.021	0.366
vsOthers	1	0.0	0.544	-1.295	0.275	AT5G18270	0.0	0.072	0.048	0.024	0.367
vsOthers	1	0.0	0.544	-1.295	0.275	AT4G23550	0.0	0.022	0.042	-0.02	0.368
vsOthers	1	0.0	0.544	0.126	0.919	AT5G47230	-0.384	0.014	0.027	-0.013	0.369
vsOthers	1	0.0	0.544	-1.295	0.275	AT1G34370	0.0	0.021	0.01	0.011	0.371
vsOthers	1	0.0	0.544	-1.295	0.275	AT3G53200	0.0	0.021	0.042	-0.02	0.371
vsOthers	1	0.0	0.544	-0.065	0.349	AT5G24110	0.0		0.027	0.014	0.372
vsOthers	1	0.0	0.544	-1.295	0.275	AT1G80840	0.0	0.0	0.005	-0.005	0.372
vsOthers	1	0.0	0.544	-1.295	0.275	AT5G52170	0.0	0.009	0.003	0.006	0.372
vsOthers	1	0.0	0.544	-1.295	0.275	AT1G79180	0.0	0.043	0.024	0.019	0.376
vsOthers	1	0.0	0.544	-0.065	0.349	AT1G30490	0.0		0.034	0.017	0.379
vsOthers	1	0.0	0.544	-0.065	0.349	AT1G52150	-0.035		0.035	0.016	0.379
vsOthers	1	0.0	0.544	-0.065	0.349	AT2G40740	0.0		0.036	0.017	0.379
vsOthers	1	0.0	0.544	-0.065	0.349	AT1G19040	0.0		0.002	0.006	0.38
vsOthers	1	0.0	0.544	0.126	0.919	AT2G30250	0.0	0.034	0.053	-0.019	0.381
vsOthers	1	0.0	0.544	-0.065	0.349	AT3G15170	-1.723		0.033	-0.014	0.383
vsOthers	1	0.0	0.544	0.126	0.919	AT3G47620	0.0	0.003	0.0	0.003	0.383
vsOthers	1	0.0	0.544	0.126	0.919	AT5G52830	-1.42	0.026	0.041	-0.015	0.383
vsOthers	1	0.0	0.544	-1.295	0.275	AT3G01970	0.0	0.089	0.111	-0.022	0.386
vsOthers	1	0.0	0.544	-1.295	0.275	AT1G03840	0.0	0.029	0.05	-0.021	0.388
vsOthers	1	0.0	0.544	-1.295	0.275	AT1G50640	0.0	0.086	0.063	0.023	0.388
vsOthers	1	0.0	0.544	0.126	0.919	AT4G18170	0.0	0.028	0.041	-0.014	0.388
vsOthers	1	0.0	0.544	0.126	0.919	AT5G03790	0.0	0.055	0.074	-0.02	0.389
vsOthers	1	0.0	0.544	-0.065	0.349	AT1G06850	0.0		0.034	0.017	0.391
vsOthers	1	0.0	0.544	-0.065	0.349	AT2G44940	-0.419		0.143	-0.02	0.391
vsOthers	1	0.0	0.544	-1.295	0.275	AT2G26960	0.0	0.051	0.033	0.018	0.393
vsOthers	1	0.0	0.544	-1.295	0.275	AT1G32240	0.0	0.003	0.009	-0.007	0.394
vsOthers	1	0.0	0.544	-1.295	0.275	AT5G07100	0.0	0.0	0.009	-0.009	0.395
vsOthers	1	0.0	0.544	-1.295	0.275	AT5G05550	0.0	0.082	0.109	-0.028	0.397
vsOthers	1	0.0	0.544	-1.295	0.275	AT5G06100	0.0	0.066	0.045	0.021	0.397
vsOthers	1	0.0	0.544	-0.065	0.349	AT5G06839	-0.362		0.066	-0.021	0.399
vsOthers	1	0.0	0.544	-1.295	0.275	AT5G65310	0.0	0.046	0.07	-0.024	0.399
vsOthers	1	0.0	0.544	0.126	0.919	AT1G19210	0.855	0.11	0.087	0.022	0.399
vsOthers	1	0.0	0.544	-0.065	0.349	AT2G33550	0.0		0.018	0.012	0.402
vsOthers	1	0.0	0.544	0.126	0.919	AT2G24570	0.0	0.009	0.003	0.007	0.402
vsOthers	1	0.0	0.544	0.126	0.919	AT5G14960	0.0	0.007	0.001	0.005	0.402
vsOthers	1	0.0	0.544	0.126	0.919	AT1G79180	-0.014	0.02	0.035	-0.014	0.403
vsOthers	1	0.0	0.544	-1.295	0.275	AT2G30250	0.0	0.028	0.048	-0.021	0.404
vsOthers	1	0.0	0.544	-1.295	0.275	AT3G04060	0.0	0.061	0.04	0.021	0.404
vsOthers	1	0.0	0.544	-1.295	0.275	AT1G25580	0.0	0.009	0.025	-0.016	0.404
vsOthers	1	0.0	0.544	-0.065	0.349	AT1G25340	0.0		0.029	0.016	0.405
vsOthers	1	0.0	0.544	-1.295	0.275	AT3G24120	0.0	0.057	0.081	-0.024	0.405
vsOthers	1	0.0	0.544	-0.065	0.349	AT3G28910	-1.616		0.024	-0.013	0.406
vsOthers	1	0.0	0.544	-1.295	0.275	AT5G63090	0.0	0.039	0.023	0.016	0.406
vsOthers	1	0.0	0.544	-0.065	0.349	AT3G18990	0.481		0.043	0.017	0.407
vsOthers	1	0.0	0.544	0.126	0.919	AT1G51700	0.0	0.04	0.054	-0.014	0.407
vsOthers	1	0.0	0.544	0.126	0.919	AT1G74650	-0.622	0.038	0.056	-0.018	0.407
vsOthers	1	0.0	0.544	-0.065	0.349	AT1G26960	0.001		0.041	0.017	0.408
vsOthers	1	0.0	0.544	0.126	0.919	AT3G18400	0.0	0.047	0.064	-0.017	0.408
vsOthers	1	0.0	0.544	-0.065	0.349	AT3G57230	0.0		0.004	0.005	0.409
vsOthers	1	0.0	0.544	0.126	0.919	AT5G67190	-0.11	0.159	0.179	-0.02	0.409
vsOthers	1	0.0	0.544	-0.065	0.349	AT3G12130	-0.037		0.038	0.016	0.412
vsOthers	1	0.0	0.544	-0.065	0.349	AT2G20110	0.0		0.052	-0.016	0.413
vsOthers	1	0.0	0.544	-0.065	0.349	AT3G20770	0.0		0.031	-0.012	0.413
vsOthers	1	0.0	0.544	-0.065	0.349	AT3G10113	0.0		0.059	-0.017	0.417
vsOthers	1	0.0	0.544	0.126	0.919	AT3G12720	0.0	0.031	0.045	-0.015	0.419
vsOthers	1	0.0	0.544	-1.295	0.275	AT5G13180	0.0	0.07	0.049	0.021	0.421
vsOthers	1	0.0	0.544	-0.065	0.349	AT3G10800	0.0		0.044	-0.015	0.426
vsOthers	1	0.0	0.544	0.126	0.919	AT2G01060	0.0	0.026	0.041	-0.015	0.427
vsOthers	1	0.0	0.544	0.126	0.919	AT4G36740	0.0	0.052	0.071	-0.019	0.429
vsOthers	1	0.0	0.544	-0.065	0.349	AT1G79580	1.272		0.049	0.019	0.431
vsOthers	1	0.0	0.544	0.126	0.919	AT3G22830	0.0	0.041	0.029	0.012	0.432
vsOthers	1	0.0	0.544	-1.295	0.275	AT1G14687	0.0	0.069	0.051	0.018	0.433
vsOthers	1	0.0	0.544	-0.065	0.349	AT3G09230	0.0		0.004	-0.004	0.434
vsOthers	1	0.0	0.544	-0.065	0.349	AT3G12910	0.0		0.004	-0.004	0.434
vsOthers	1	0.0	0.544	-0.065	0.349	AT3G61120	0.0		0.002	0.005	0.434
vsOthers	1	0.0	0.544	-1.295	0.275	AT5G15830	0.0	0.071	0.095	-0.024	0.434
vsOthers	1	0.0	0.544	0.126	0.919	AT1G26960	0.0	0.039	0.054	-0.015	0.434
vsOthers	1	0.0	0.544	-1.295	0.275	AT1G62300	0.0	0.018	0.037	-0.018	0.435
vsOthers	1	0.0	0.544	0.126	0.919	AT1G53230	0.0	0.008	0.017	-0.009	0.435
vsOthers	1	0.0	0.544	0.126	0.919	AT3G23210	0.001	0.024	0.014	0.01	0.437
vsOthers	1	0.0	0.544	-0.065	0.349	AT2G03500	0.0		0.036	0.015	0.438
vsOthers	1	0.0	0.544	-0.065	0.349	AT5G18450	0.0		0.038	0.015	0.438
vsOthers	1	0.0	0.544	-1.295	0.275	AT4G11660	0.0	0.016	0.032	-0.016	0.438
vsOthers	1	0.0	0.544	-0.065	0.349	AT3G11440	-0.249		0.067	-0.017	0.439
vsOthers	1	0.0	0.544	0.126	0.919	AT5G06960	0.0	0.043	0.03	0.013	0.439
vsOthers	1	0.0	0.544	0.126	0.919	AT5G64750	-0.114	0.145	0.163	-0.018	0.439
vsOthers	1	0.0	0.544	-0.065	0.349	AT4G23550	0.0		0.033	0.015	0.444
vsOthers	1	0.0	0.544	-0.065	0.349	AT5G65210	0.0		0.065	-0.018	0.445
vsOthers	1	0.0	0.544	-1.295	0.275	AT5G29000	0.0	0.031	0.048	-0.017	0.445
vsOthers	1	0.0	0.544	-0.065	0.349	AT5G11260	-0.286		0.092	-0.02	0.446
vsOthers	1	0.0	0.544	-1.295	0.275	AT5G07680	0.0	0.016	0.006	0.01	0.446
vsOthers	1	0.0	0.544	-1.295	0.275	AT1G01250	0.0	0.005	0.013	-0.008	0.447
vsOthers	1	0.0	0.544	0.126	0.919	AT1G08320	0.0	0.083	0.066	0.017	0.447
vsOthers	1	0.0	0.544	0.126	0.919	AT4G34410	-0.117	0.059	0.075	-0.016	0.447
vsOthers	1	0.0	0.544	-0.065	0.349	AT5G67300	0.0		0.019	-0.007	0.448
vsOthers	1	0.0	0.544	0.126	0.919	AT1G16490	-0.169	0.038	0.052	-0.014	0.449
vsOthers	1	0.0	0.544	-1.295	0.275	AT1G75080	0.0	0.004	0.013	-0.008	0.45
vsOthers	1	0.0	0.544	0.126	0.919	AT2G03340	0.0	0.01	0.017	-0.007	0.452
vsOthers	1	0.0	0.544	0.126	0.919	AT2G44840	0.53	0.046	0.062	-0.016	0.452
vsOthers	1	0.0	0.544	0.126	0.919	AT5G18560	-0.438	0.034	0.048	-0.014	0.452
vsOthers	1	0.0	0.544	-0.065	0.349	AT2G38880	0.0		0.005	-0.004	0.453
vsOthers	1	0.0	0.544	-0.065	0.349	AT5G61270	0.0		0.003	0.003	0.453
vsOthers	1	0.0	0.544	-1.295	0.275	AT1G06850	0.0	0.052	0.037	0.016	0.453
vsOthers	1	0.0	0.544	-1.295	0.275	AT3G10480	0.0	0.054	0.036	0.018	0.453
vsOthers	1	0.0	0.544	-0.065	0.349	AT1G75240	0.0		0.056	0.019	0.455
vsOthers	1	0.0	0.544	0.126	0.919	AT1G79580	-0.005	0.047	0.062	-0.016	0.455
vsOthers	1	0.0	0.544	-0.065	0.349	AT5G54230	-0.133		0.059	-0.017	0.456
vsOthers	1	0.0	0.544	-1.295	0.275	AT5G17800	0.0	0.058	0.04	0.018	0.456
vsOthers	1	0.0	0.544	0.126	0.919	AT5G42820	0.0	0.002	0.0	0.002	0.458
vsOthers	1	0.0	0.544	-1.295	0.275	AT5G13910	0.0	0.017	0.008	0.009	0.459
vsOthers	1	0.0	0.544	-1.295	0.275	AT1G78700	0.0	0.079	0.06	0.018	0.463
vsOthers	1	0.0	0.544	0.126	0.919	AT3G12910	0.0	0.005	0.001	0.004	0.463
vsOthers	1	0.0	0.544	0.126	0.919	AT3G61120	0.0	0.002	0.006	-0.004	0.463
vsOthers	1	0.0	0.544	0.126	0.919	AT4G01550	0.0	0.034	0.047	-0.013	0.463
vsOthers	1	0.0	0.544	0.126	0.919	AT5G14340	0.0	0.005	0.001	0.004	0.463
vsOthers	1	0.0	0.544	-0.065	0.349	AT1G01060	0.0		0.072	-0.018	0.464
vsOthers	1	0.0	0.544	-0.065	0.349	AT3G10030	-0.211		0.038	-0.012	0.464
vsOthers	1	0.0	0.544	0.126	0.919	AT5G10030	0.0	0.088	0.07	0.017	0.464
vsOthers	1	0.0	0.544	0.126	0.919	AT5G66700	0.0	0.068	0.086	-0.018	0.464
vsOthers	1	0.0	0.544	-0.065	0.349	AT1G31140	0.654		0.038	0.014	0.466
vsOthers	1	0.0	0.544	0.126	0.919	AT2G40740	0.0	0.034	0.047	-0.013	0.466
vsOthers	1	0.0	0.544	0.126	0.919	AT4G26030	0.0	0.03	0.044	-0.014	0.466
vsOthers	1	0.0	0.544	-0.065	0.349	AT2G46130	0.0		0.011	0.008	0.467
vsOthers	1	0.0	0.544	-0.065	0.349	AT3G04070	0.0		0.015	-0.009	0.467
vsOthers	1	0.0	0.544	-0.065	0.349	AT4G37180	-0.472		0.051	0.015	0.468
vsOthers	1	0.0	0.544	0.126	0.919	AT3G26790	-0.108	0.013	0.022	-0.009	0.468
vsOthers	1	0.0	0.544	-1.295	0.275	AT2G22430	0.0	0.035	0.053	-0.018	0.47
vsOthers	1	0.0	0.544	-0.065	0.349	AT3G23220	-1.929		0.029	-0.012	0.471
vsOthers	1	0.0	0.544	-1.295	0.275	AT2G18160	0.0	0.062	0.081	-0.019	0.473
vsOthers	1	0.0	0.544	0.126	0.919	AT3G13810	0.063	0.049	0.036	0.014	0.474
vsOthers	1	0.0	0.544	-1.295	0.275	AT3G20840	0.0	0.002	0.006	-0.003	0.477
vsOthers	1	0.0	0.544	-1.295	0.275	AT3G45170	0.0	0.0	0.008	-0.008	0.477
vsOthers	1	0.0	0.544	-1.295	0.275	AT4G04450	0.0	0.0	0.007	-0.007	0.477
vsOthers	1	0.0	0.544	0.126	0.919	AT1G69570	0.0	0.059	0.073	-0.015	0.477
vsOthers	1	0.0	0.544	0.126	0.919	AT3G10480	0.0	0.033	0.045	-0.013	0.477
vsOthers	1	0.0	0.544	0.126	0.919	AT5G65130	-0.687	0.028	0.039	-0.011	0.477
vsOthers	1	0.0	0.544	0.126	0.919	AT2G22540	-0.01	0.134	0.151	-0.017	0.478
vsOthers	1	0.0	0.544	-1.295	0.275	AT1G34190	0.0	0.061	0.045	0.017	0.479
vsOthers	1	0.0	0.544	-1.295	0.275	AT5G26170	0.0	0.03	0.048	-0.018	0.479
vsOthers	1	0.0	0.544	-1.295	0.275	AT5G61600	0.0	0.029	0.017	0.012	0.48
vsOthers	1	0.0	0.544	0.126	0.919	AT2G31230	0.0	0.055	0.07	-0.015	0.481
vsOthers	1	0.0	0.544	0.126	0.919	AT2G38880	0.0	0.006	0.003	0.004	0.481
vsOthers	1	0.0	0.544	0.126	0.919	AT5G52170	0.0	0.002	0.007	-0.004	0.481
vsOthers	1	0.0	0.544	0.126	0.919	AT5G61270	0.0	0.002	0.006	-0.003	0.481
vsOthers	1	0.0	0.544	-0.065	0.349	AT2G24430	-0.284		0.05	-0.015	0.482
vsOthers	1	0.0	0.544	-1.295	0.275	AT1G76420	0.0	0.06	0.042	0.018	0.485
vsOthers	1	0.0	0.544	-1.295	0.275	AT2G02070	0.0	0.039	0.056	-0.017	0.485
vsOthers	1	0.0	0.544	-1.295	0.275	AT1G77640	0.0	0.005	0.013	-0.008	0.486
vsOthers	1	0.0	0.544	-1.295	0.275	AT2G24570	0.0	0.002	0.007	-0.005	0.486
vsOthers	1	0.0	0.544	-1.295	0.275	AT5G14960	0.0	0.0	0.005	-0.004	0.486
vsOthers	1	0.0	0.544	-1.295	0.275	AT5G44160	0.0	0.01	0.018	-0.008	0.486
vsOthers	1	0.0	0.544	0.126	0.919	AT2G15740	0.303	0.054	0.042	0.013	0.486
vsOthers	1	0.0	0.544	-0.065	0.349	AT1G55110	0.233		0.049	0.015	0.487
vsOthers	1	0.0	0.544	-0.065	0.349	AT2G02070	0.132		0.047	0.016	0.487
vsOthers	1	0.0	0.544	-1.295	0.275	AT2G42590	0.0	0.016	0.008	0.007	0.49
vsOthers	1	0.0	0.544	-1.295	0.275	AT5G60130	0.0	0.022	0.038	-0.016	0.49
vsOthers	1	0.0	0.544	-1.295	0.275	AT3G61250	0.0	0.015	0.006	0.009	0.491
vsOthers	1	0.0	0.544	0.126	0.919	AT4G18450	0.0	0.005	0.011	-0.007	0.492
vsOthers	1	0.0	0.544	-0.065	0.349	AT1G33240	0.0		0.044	0.015	0.493
vsOthers	1	0.0	0.544	-1.295	0.275	AT1G76890	0.0	0.04	0.057	-0.016	0.493
vsOthers	1	0.0	0.544	-1.295	0.275	AT3G12130	0.0	0.054	0.041	0.014	0.493
vsOthers	1	0.0	0.544	0.126	0.919	AT2G33710	0.0	0.058	0.074	-0.016	0.493
vsOthers	1	0.0	0.544	0.126	0.919	AT3G60580	0.0	0.019	0.029	-0.01	0.493
vsOthers	1	0.0	0.544	-0.065	0.349	AT2G20400	0.0		0.036	0.013	0.496
vsOthers	1	0.0	0.544	0.126	0.919	AT2G18350	0.0	0.039	0.052	-0.013	0.496
vsOthers	1	0.0	0.544	0.126	0.919	AT3G04060	0.0	0.037	0.051	-0.014	0.496
vsOthers	1	0.0	0.544	-0.065	0.349	AT2G45650	0.0		0.007	0.006	0.497
vsOthers	1	0.0	0.544	-1.295	0.275	AT5G53950	0.0	0.031	0.018	0.013	0.497
vsOthers	1	0.0	0.544	0.126	0.919	AT5G43840	-0.315	0.007	0.012	-0.005	0.498
vsOthers	1	0.0	0.544	-0.065	0.349	AT5G03150	0.0		0.026	0.01	0.499
vsOthers	1	0.0	0.544	0.126	0.919	AT2G45410	0.0	0.041	0.055	-0.013	0.499
vsOthers	1	0.0	0.544	0.126	0.919	AT1G24250	0.0	0.016	0.025	-0.009	0.502
vsOthers	1	0.0	0.544	-1.295	0.275	AT3G20310	0.0	0.108	0.09	0.018	0.503
vsOthers	1	0.0	0.544	-1.295	0.275	AT3G47600	0.0	0.009	0.003	0.006	0.503
vsOthers	1	0.0	0.544	-1.295	0.275	AT5G10140	0.0	0.001	0.007	-0.006	0.503
vsOthers	1	0.0	0.544	0.126	0.919	AT1G18960	0.0	0.0	0.002	-0.002	0.503
vsOthers	1	0.0	0.544	0.126	0.919	AT1G63040	0.0	0.002	0.0	0.002	0.503
vsOthers	1	0.0	0.544	0.126	0.919	AT1G70910	0.0	0.002	0.001	0.001	0.503
vsOthers	1	0.0	0.544	0.126	0.919	AT1G74370	0.0	0.0	0.001	-0.001	0.503
vsOthers	1	0.0	0.544	0.126	0.919	AT2G39900	0.0	0.0	0.0	-0.0	0.503
vsOthers	1	0.0	0.544	0.126	0.919	AT2G46400	0.0	0.002	0.0	0.002	0.503
vsOthers	1	0.0	0.544	0.126	0.919	AT3G07220	0.0	0.001	0.0	0.001	0.503
vsOthers	1	0.0	0.544	0.126	0.919	AT5G18090	0.0	0.0	0.001	-0.0	0.503
vsOthers	1	0.0	0.544	0.126	0.919	AT5G58620	0.0	0.001	0.0	0.001	0.503
vsOthers	1	0.0	0.544	0.126	0.919	AT1G69780	0.0	0.04	0.053	-0.013	0.504
vsOthers	1	0.0	0.544	-0.065	0.349	AT2G02080	0.139		0.057	0.015	0.505
vsOthers	1	0.0	0.544	-1.295	0.275	AT5G65210	0.0	0.045	0.062	-0.017	0.505
vsOthers	1	0.0	0.544	-0.065	0.349	AT3G02150	0.0		0.003	0.004	0.509
vsOthers	1	0.0	0.544	0.126	0.919	AT1G76420	-0.543	0.038	0.052	-0.014	0.509
vsOthers	1	0.0	0.544	-0.065	0.349	AT1G68320	0.647		0.034	0.012	0.51
vsOthers	1	0.0	0.544	-0.065	0.349	AT3G23210	0.0		0.022	-0.01	0.51
vsOthers	1	0.0	0.544	-1.295	0.275	AT5G18560	0.0	0.053	0.039	0.014	0.51
vsOthers	1	0.0	0.544	-1.295	0.275	AT2G02540	0.0	0.045	0.064	-0.019	0.511
vsOthers	1	0.0	0.544	-1.295	0.275	AT5G06839	0.0	0.046	0.063	-0.017	0.511
vsOthers	1	0.0	0.544	-0.065	0.349	AT5G07680	0.0		0.01	-0.005	0.512
vsOthers	1	0.0	0.544	0.126	0.919	AT5G13180	0.0	0.046	0.06	-0.014	0.514
vsOthers	1	0.0	0.544	-0.065	0.349	AT2G31230	0.0		0.058	0.015	0.516
vsOthers	1	0.0	0.544	-1.295	0.275	AT3G06740	0.0	0.019	0.029	-0.01	0.516
vsOthers	1	0.0	0.544	-1.295	0.275	AT4G36740	0.0	0.046	0.066	-0.02	0.516
vsOthers	1	0.0	0.544	0.126	0.919	AT1G33240	-0.582	0.042	0.055	-0.013	0.517
vsOthers	1	0.0	0.544	0.126	0.919	AT1G51220	-0.111	0.027	0.039	-0.012	0.517
vsOthers	1	0.0	0.544	0.126	0.919	AT3G10500	0.0	0.026	0.037	-0.011	0.517
vsOthers	1	0.0	0.544	-0.065	0.349	AT1G19210	0.0		0.103	-0.016	0.518
vsOthers	1	0.0	0.544	-0.065	0.349	AT5G05550	-0.007		0.11	-0.018	0.519
vsOthers	1	0.0	0.544	-1.295	0.275	AT1G47655	0.0	0.028	0.044	-0.016	0.519
vsOthers	1	0.0	0.544	-1.295	0.275	AT1G68320	0.0	0.049	0.035	0.014	0.52
vsOthers	1	0.0	0.544	-1.295	0.275	AT2G03500	0.0	0.03	0.044	-0.013	0.52
vsOthers	1	0.0	0.544	0.126	0.919	AT5G11260	-0.709	0.093	0.079	0.014	0.52
vsOthers	1	0.0	0.544	0.126	0.919	AT3G08500	0.0	0.037	0.048	-0.011	0.521
vsOthers	1	0.0	0.544	-1.295	0.275	AT2G01818	0.0	0.006	0.014	-0.008	0.522
vsOthers	1	0.0	0.544	-1.295	0.275	AT2G46130	0.0	0.006	0.016	-0.011	0.522
vsOthers	1	0.0	0.544	-1.295	0.275	AT4G28140	0.0	0.021	0.013	0.008	0.522
vsOthers	1	0.0	0.544	-0.065	0.349	AT1G21910	0.0		0.022	0.007	0.523
vsOthers	1	0.0	0.544	-0.065	0.349	AT4G01280	0.0		0.072	-0.016	0.525
vsOthers	1	0.0	0.544	0.126	0.919	AT1G27360	0.0	0.002	0.006	-0.003	0.526
vsOthers	1	0.0	0.544	0.126	0.919	AT4G01720	0.0	0.002	0.007	-0.005	0.526
vsOthers	1	0.0	0.544	-1.295	0.275	AT5G09410	0.0	0.036	0.048	-0.012	0.528
vsOthers	1	0.0	0.544	0.126	0.919	AT4G05100	-0.124	0.059	0.069	-0.01	0.528
vsOthers	1	0.0	0.544	0.126	0.919	AT4G11660	0.0	0.033	0.024	0.009	0.53
vsOthers	1	0.0	0.544	-1.295	0.275	AT1G08320	0.0	0.06	0.077	-0.017	0.532
vsOthers	1	0.0	0.544	0.126	0.919	AT3G23240	0.0	0.036	0.048	-0.012	0.534
vsOthers	1	0.0	0.544	-0.065	0.349	AT1G53230	0.352		0.01	0.007	0.536
vsOthers	1	0.0	0.544	-0.065	0.349	AT3G61250	0.0		0.011	-0.008	0.536
vsOthers	1	0.0	0.544	-1.295	0.275	AT3G12730	0.0	0.036	0.052	-0.016	0.537
vsOthers	1	0.0	0.544	-1.295	0.275	AT3G21890	0.0	0.121	0.105	0.016	0.537
vsOthers	1	0.0	0.544	-1.295	0.275	AT5G04410	0.0	0.051	0.035	0.015	0.537
vsOthers	1	0.0	0.544	0.126	0.919	AT1G30650	0.0	0.034	0.047	-0.013	0.537
vsOthers	1	0.0	0.544	-0.065	0.349	AT2G18350	0.0		0.041	0.014	0.538
vsOthers	1	0.0	0.544	0.126	0.919	AT5G44210	0.0	0.025	0.035	-0.01	0.54
vsOthers	1	0.0	0.544	-1.295	0.275	AT4G38170	0.0	0.055	0.074	-0.019	0.541
vsOthers	1	0.0	0.544	-1.295	0.275	AT3G17730	0.0	0.053	0.038	0.015	0.544
vsOthers	1	0.0	0.544	-1.295	0.275	AT5G45300	0.0	0.055	0.04	0.015	0.544
vsOthers	1	0.0	0.544	-1.295	0.275	AT3G25990	0.0	0.011	0.021	-0.01	0.545
vsOthers	1	0.0	0.544	0.126	0.919	AT5G24110	-0.239	0.026	0.036	-0.01	0.545
vsOthers	1	0.0	0.544	-0.065	0.349	AT1G77640	0.064		0.009	0.006	0.546
vsOthers	1	0.0	0.544	-0.065	0.349	AT1G02250	0.0		0.029	0.01	0.547
vsOthers	1	0.0	0.544	-0.065	0.349	AT1G13260	-0.405		0.054	-0.011	0.547
vsOthers	1	0.0	0.544	-0.065	0.349	AT5G08330	0.0		0.033	0.011	0.547
vsOthers	1	0.0	0.544	-1.295	0.275	AT3G12250	0.0	0.063	0.08	-0.017	0.547
vsOthers	1	0.0	0.544	-1.295	0.275	AT3G13350	0.0	0.002	0.008	-0.006	0.547
vsOthers	1	0.0	0.544	-1.295	0.275	AT4G16750	0.0	0.094	0.077	0.017	0.547
vsOthers	1	0.0	0.544	-1.295	0.275	AT5G66700	0.0	0.063	0.082	-0.018	0.547
vsOthers	1	0.0	0.544	-0.065	0.349	AT1G09540	0.0		0.055	-0.014	0.548
vsOthers	1	0.0	0.544	-0.065	0.349	AT2G02820	-0.621		0.084	-0.016	0.548
vsOthers	1	0.0	0.544	-1.295	0.275	AT1G18570	0.0	0.004	0.008	-0.004	0.548
vsOthers	1	0.0	0.544	0.126	0.919	AT1G03840	0.0	0.052	0.041	0.011	0.549
vsOthers	1	0.0	0.544	0.126	0.919	AT4G22070	0.0	0.02	0.03	-0.01	0.549
vsOthers	1	0.0	0.544	0.126	0.919	AT5G04410	0.0	0.032	0.044	-0.012	0.549
vsOthers	1	0.0	0.544	-1.295	0.275	AT2G20110	0.0	0.034	0.05	-0.017	0.551
vsOthers	1	0.0	0.544	-1.295	0.275	AT2G45410	0.0	0.061	0.046	0.015	0.551
vsOthers	1	0.0	0.544	-0.065	0.349	AT1G18960	0.0		0.0	0.003	0.553
vsOthers	1	0.0	0.544	-0.065	0.349	AT1G70910	0.0		0.002	-0.002	0.553
vsOthers	1	0.0	0.544	-1.295	0.275	AT4G22070	0.0	0.016	0.028	-0.012	0.554
vsOthers	1	0.0	0.544	0.126	0.919	AT3G17730	0.0	0.035	0.046	-0.011	0.554
vsOthers	1	0.0	0.544	-0.065	0.349	AT1G17950	0.0		0.001	-0.001	0.555
vsOthers	1	0.0	0.544	-0.065	0.349	AT1G67260	0.0		0.0	0.002	0.555
vsOthers	1	0.0	0.544	-0.065	0.349	AT2G38090	0.0		0.002	-0.002	0.555
vsOthers	1	0.0	0.544	-0.065	0.349	AT3G48160	0.0		0.0	0.001	0.555
vsOthers	1	0.0	0.544	-0.065	0.349	AT4G17460	0.0		0.0	0.004	0.555
vsOthers	1	0.0	0.544	-0.065	0.349	AT4G24240	0.0		0.003	-0.003	0.555
vsOthers	1	0.0	0.544	-0.065	0.349	AT5G16600	0.0		0.002	-0.002	0.555
vsOthers	1	0.0	0.544	-0.065	0.349	AT5G40330	0.0		0.001	0.001	0.555
vsOthers	1	0.0	0.544	-0.065	0.349	AT5G48670	0.0		0.003	-0.003	0.555
vsOthers	1	0.0	0.544	-0.065	0.349	AT5G49300	0.0		0.001	0.002	0.555
vsOthers	1	0.0	0.544	-0.065	0.349	AT5G62165	0.0		0.001	0.002	0.555
vsOthers	1	0.0	0.544	0.126	0.919	AT4G37180	0.0	0.05	0.061	-0.012	0.555
vsOthers	1	0.0	0.544	0.126	0.919	AT5G23930	0.444	0.067	0.079	-0.012	0.556
vsOthers	1	0.0	0.544	-0.065	0.349	AT1G34370	0.0		0.01	0.005	0.557
vsOthers	1	0.0	0.544	-1.295	0.275	AT2G24430	0.0	0.057	0.042	0.016	0.557
vsOthers	1	0.0	0.544	-1.295	0.275	AT3G62420	0.0	0.073	0.092	-0.019	0.557
vsOthers	1	0.0	0.544	0.126	0.919	AT5G61600	-0.131	0.014	0.023	-0.009	0.557
vsOthers	1	0.0	0.544	-0.065	0.349	AT5G41570	0.0		0.043	0.011	0.558
vsOthers	1	0.0	0.544	-1.295	0.275	AT5G65130	0.0	0.042	0.032	0.011	0.558
vsOthers	1	0.0	0.544	-0.065	0.349	AT2G24570	0.0		0.007	-0.004	0.56
vsOthers	1	0.0	0.544	-0.065	0.349	AT4G38620	0.0		0.014	-0.006	0.56
vsOthers	1	0.0	0.544	-0.065	0.349	AT5G06960	0.0		0.039	-0.01	0.56
vsOthers	1	0.0	0.544	0.126	0.919	AT3G24520	0.0	0.122	0.11	0.012	0.561
vsOthers	1	0.0	0.544	0.126	0.919	AT1G63030	0.0	0.001	0.005	-0.004	0.562
vsOthers	1	0.0	0.544	0.126	0.919	AT3G45170	0.0	0.004	0.008	-0.004	0.562
vsOthers	1	0.0	0.544	0.126	0.919	AT4G04450	0.0	0.003	0.008	-0.004	0.562
vsOthers	1	0.0	0.544	0.126	0.919	AT4G38170	0.478	0.078	0.063	0.015	0.562
vsOthers	1	0.0	0.544	-0.065	0.349	AT4G01250	0.0		0.033	0.012	0.564
vsOthers	1	0.0	0.544	-1.295	0.275	AT3G01220	0.0	0.042	0.057	-0.015	0.564
vsOthers	1	0.0	0.544	-0.065	0.349	AT1G63030	0.0		0.002	0.004	0.566
vsOthers	1	0.0	0.544	-0.065	0.349	AT5G52660	0.0		0.066	-0.013	0.566
vsOthers	1	0.0	0.544	-0.065	0.349	AT1G25580	0.22		0.019	0.008	0.568
vsOthers	1	0.0	0.544	-1.295	0.275	AT4G24470	0.0	0.012	0.022	-0.01	0.568
vsOthers	1	0.0	0.544	-0.065	0.349	AT4G27900	0.0		0.012	0.006	0.57
vsOthers	1	0.0	0.544	-0.065	0.349	AT5G10140	0.0		0.005	0.003	0.57
vsOthers	1	0.0	0.544	-1.295	0.275	AT1G71450	0.0	0.114	0.097	0.017	0.571
vsOthers	1	0.0	0.544	-0.065	0.349	AT3G58630	0.0		0.01	0.006	0.573
vsOthers	1	0.0	0.544	0.126	0.919	AT2G45420	0.0	0.049	0.062	-0.013	0.573
vsOthers	1	0.0	0.544	-0.065	0.349	AT1G50640	0.0		0.063	0.013	0.576
vsOthers	1	0.0	0.544	-1.295	0.275	AT2G01060	0.0	0.023	0.037	-0.014	0.576
vsOthers	1	0.0	0.544	-1.295	0.275	AT2G46590	0.0	0.072	0.058	0.014	0.576
vsOthers	1	0.0	0.544	0.126	0.919	AT3G50700	0.0	0.025	0.018	0.007	0.576
vsOthers	1	0.0	0.544	-1.295	0.275	AT5G47370	0.0	0.04	0.055	-0.015	0.578
vsOthers	1	0.0	0.544	-0.065	0.349	AT4G01550	0.0		0.038	0.01	0.58
vsOthers	1	0.0	0.544	0.126	0.919	AT1G34670	-0.207	0.042	0.054	-0.012	0.58
vsOthers	1	0.0	0.544	0.126	0.919	AT2G42590	0.0	0.007	0.013	-0.006	0.58
vsOthers	1	0.0	0.544	0.126	0.919	AT4G01500	0.412	0.015	0.009	0.006	0.58
vsOthers	1	0.0	0.544	-1.295	0.275	AT5G45580	0.0	0.052	0.069	-0.016	0.582
vsOthers	1	0.0	0.544	-0.065	0.349	AT1G04880	0.0		0.018	0.009	0.585
vsOthers	1	0.0	0.544	-1.295	0.275	AT3G15270	0.0	0.078	0.064	0.014	0.586
vsOthers	1	0.0	0.544	-1.295	0.275	AT3G13040	0.0	0.0	0.002	-0.002	0.587
vsOthers	1	0.0	0.544	-1.295	0.275	AT5G08070	0.0	0.0	0.002	-0.002	0.587
vsOthers	1	0.0	0.544	0.126	0.919	AT1G19040	0.0	0.002	0.006	-0.004	0.587
vsOthers	1	0.0	0.544	0.126	0.919	AT1G44830	0.0	0.019	0.027	-0.007	0.587
vsOthers	1	0.0	0.544	0.126	0.919	AT3G20310	0.008	0.086	0.1	-0.014	0.587
vsOthers	1	0.0	0.544	0.126	0.919	AT4G38620	0.0	0.015	0.011	0.004	0.587
vsOthers	1	0.0	0.544	0.126	0.919	AT2G38470	0.0	0.031	0.039	-0.008	0.588
vsOthers	1	0.0	0.544	0.126	0.919	AT2G44940	-0.387	0.13	0.142	-0.012	0.588
vsOthers	1	0.0	0.544	-0.065	0.349	AT2G01818	0.0		0.011	0.006	0.589
vsOthers	1	0.0	0.544	-1.295	0.275	AT1G32510	0.0	0.001	0.002	-0.001	0.59
vsOthers	1	0.0	0.544	-1.295	0.275	AT2G21900	0.0	0.0	0.002	-0.002	0.59
vsOthers	1	0.0	0.544	-1.295	0.275	AT3G47620	0.0	0.0	0.002	-0.002	0.59
vsOthers	1	0.0	0.544	-1.295	0.275	AT3G49930	0.0	0.0	0.001	-0.001	0.59
vsOthers	1	0.0	0.544	-1.295	0.275	AT5G25475	0.0	0.003	0.001	0.002	0.59
vsOthers	1	0.0	0.544	-0.065	0.349	AT1G78700	-0.734		0.069	-0.013	0.591
vsOthers	1	0.0	0.544	0.126	0.919	AT1G65620	0.0	0.005	0.008	-0.003	0.592
vsOthers	1	0.0	0.544	0.126	0.919	AT1G72360	0.0	0.01	0.016	-0.005	0.592
vsOthers	1	0.0	0.544	0.126	0.919	AT3G47600	0.0	0.002	0.006	-0.005	0.592
vsOthers	1	0.0	0.544	0.126	0.919	AT4G27900	-0.073	0.01	0.016	-0.005	0.592
vsOthers	1	0.0	0.544	-1.295	0.275	AT1G51220	0.0	0.044	0.031	0.013	0.594
vsOthers	1	0.0	0.544	-1.295	0.275	AT1G69560	0.0	0.013	0.008	0.005	0.594
vsOthers	1	0.0	0.544	-1.295	0.275	AT2G20400	0.0	0.03	0.044	-0.014	0.594
vsOthers	1	0.0	0.544	-1.295	0.275	AT3G10500	0.0	0.041	0.03	0.011	0.594
vsOthers	1	0.0	0.544	-1.295	0.275	AT4G18170	0.0	0.025	0.038	-0.012	0.594
vsOthers	1	0.0	0.544	0.126	0.919	AT2G33550	0.0	0.017	0.027	-0.009	0.594
vsOthers	1	0.0	0.544	-1.295	0.275	AT2G45650	0.0	0.004	0.01	-0.006	0.595
vsOthers	1	0.0	0.544	-1.295	0.275	AT3G02990	0.0	0.007	0.011	-0.004	0.595
vsOthers	1	0.0	0.544	0.126	0.919	AT1G62300	0.0	0.027	0.037	-0.01	0.595
vsOthers	1	0.0	0.544	0.126	0.919	AT3G09735	0.0	0.042	0.033	0.009	0.595
vsOthers	1	0.0	0.544	0.126	0.919	AT5G58850	-0.521	0.064	0.077	-0.012	0.595
vsOthers	1	0.0	0.544	-1.295	0.275	AT3G27785	0.0	0.05	0.038	0.012	0.596
vsOthers	1	0.0	0.544	-1.295	0.275	AT5G03790	0.0	0.052	0.069	-0.017	0.596
vsOthers	1	0.0	0.544	-1.295	0.275	AT5G64750	0.0	0.168	0.151	0.017	0.596
vsOthers	1	0.0	0.544	0.126	0.919	AT4G17460	0.0	0.0	0.002	-0.002	0.596
vsOthers	1	0.0	0.544	0.126	0.919	AT5G56110	-0.171	0.048	0.06	-0.012	0.597
vsOthers	1	0.0	0.544	-0.065	0.349	AT3G13350	0.0		0.008	-0.004	0.598
vsOthers	1	0.0	0.544	-0.065	0.349	AT4G36160	-0.18		0.062	0.014	0.598
vsOthers	1	0.0	0.544	-0.065	0.349	AT5G25390	0.0		0.006	0.005	0.598
vsOthers	1	0.0	0.544	0.126	0.919	AT4G00730	0.0	0.032	0.041	-0.009	0.598
vsOthers	1	0.0	0.544	-0.065	0.349	AT4G32730	0.14		0.073	-0.012	0.6
vsOthers	1	0.0	0.544	-0.065	0.349	AT5G67190	0.222		0.165	0.015	0.6
vsOthers	1	0.0	0.544	0.126	0.919	AT3G06740	-0.694	0.023	0.031	-0.009	0.6
vsOthers	1	0.0	0.544	-0.065	0.349	AT5G39610	-0.161		0.114	-0.011	0.603
vsOthers	1	0.0	0.544	-1.295	0.275	AT5G47660	0.0	0.026	0.038	-0.011	0.603
vsOthers	1	0.0	0.544	-1.295	0.275	AT3G50700	0.0	0.014	0.023	-0.01	0.604
vsOthers	1	0.0	0.544	-1.295	0.275	AT5G23930	0.0	0.087	0.071	0.016	0.604
vsOthers	1	0.0	0.544	-0.065	0.349	AT3G25990	0.0		0.017	0.005	0.605
vsOthers	1	0.0	0.544	0.126	0.919	AT1G04880	0.0	0.017	0.024	-0.007	0.605
vsOthers	1	0.0	0.544	0.126	0.919	AT3G04070	0.0	0.016	0.009	0.007	0.605
vsOthers	1	0.0	0.544	0.126	0.919	AT3G53200	0.623	0.043	0.033	0.01	0.605
vsOthers	1	0.0	0.544	0.126	0.919	AT5G08130	0.0	0.009	0.015	-0.006	0.605
vsOthers	1	0.0	0.544	-0.065	0.349	AT1G18570	0.0		0.009	-0.005	0.606
vsOthers	1	0.0	0.544	-0.065	0.349	AT2G41835	0.0		0.0	0.003	0.606
vsOthers	1	0.0	0.544	-0.065	0.349	AT5G08070	0.0		0.001	0.002	0.606
vsOthers	1	0.0	0.544	0.126	0.919	AT3G02940	-0.254	0.046	0.058	-0.012	0.606
vsOthers	1	0.0	0.544	0.126	0.919	AT5G06950	-0.478	0.062	0.073	-0.011	0.606
vsOthers	1	0.0	0.544	0.126	0.919	AT5G65310	0.0	0.059	0.07	-0.012	0.606
vsOthers	1	0.0	0.544	-0.065	0.349	AT1G72010	0.0		0.03	0.008	0.608
vsOthers	1	0.0	0.544	-1.295	0.275	AT1G10720	0.0	0.0	0.004	-0.004	0.609
vsOthers	1	0.0	0.544	-1.295	0.275	AT1G73730	0.0	0.005	0.002	0.002	0.609
vsOthers	1	0.0	0.544	-1.295	0.275	AT2G31460	0.0	0.0	0.001	-0.001	0.609
vsOthers	1	0.0	0.544	-1.295	0.275	AT3G46070	0.0	0.0	0.002	-0.001	0.609
vsOthers	1	0.0	0.544	-1.295	0.275	AT4G30080	0.0	0.0	0.002	-0.002	0.609
vsOthers	1	0.0	0.544	-1.295	0.275	AT4G31550	0.0	0.028	0.022	0.006	0.609
vsOthers	1	0.0	0.544	0.126	0.919	AT1G76880	0.0	0.004	0.008	-0.004	0.609
vsOthers	1	0.0	0.544	0.126	0.919	AT2G30590	0.0	0.007	0.003	0.004	0.609
vsOthers	1	0.0	0.544	0.126	0.919	AT3G57230	0.0	0.003	0.007	-0.004	0.609
vsOthers	1	0.0	0.544	0.126	0.919	AT3G61150	-0.222	0.035	0.046	-0.011	0.609
vsOthers	1	0.0	0.544	-1.295	0.275	AT1G51700	0.0	0.039	0.049	-0.01	0.61
vsOthers	1	0.0	0.544	-1.295	0.275	AT4G24240	0.0	0.0	0.002	-0.002	0.61
vsOthers	1	0.0	0.544	-1.295	0.275	AT5G48670	0.0	0.004	0.001	0.003	0.61
vsOthers	1	0.0	0.544	-1.295	0.275	AT1G30490	0.0	0.048	0.037	0.011	0.611
vsOthers	1	0.0	0.544	-1.295	0.275	AT2G02820	0.0	0.09	0.075	0.015	0.616
vsOthers	1	0.0	0.544	-1.295	0.275	AT5G10030	0.0	0.065	0.082	-0.016	0.616
vsOthers	1	0.0	0.544	0.126	0.919	AT4G36160	0.126	0.06	0.072	-0.012	0.617
vsOthers	1	0.0	0.544	-0.065	0.349	AT3G50260	0.26		0.087	0.013	0.62
vsOthers	1	0.0	0.544	-0.065	0.349	AT2G23320	0.0		0.047	0.012	0.621
vsOthers	1	0.0	0.544	-0.065	0.349	AT5G13080	0.0		0.048	0.01	0.621
vsOthers	1	0.0	0.544	-0.065	0.349	AT3G16280	-0.63		0.059	-0.01	0.624
vsOthers	1	0.0	0.544	0.126	0.919	AT5G06100	-0.094	0.044	0.053	-0.009	0.624
vsOthers	1	0.0	0.544	0.126	0.919	AT3G12250	0.0	0.083	0.071	0.012	0.625
vsOthers	1	0.0	0.544	0.126	0.919	AT1G06180	0.0	0.021	0.029	-0.008	0.626
vsOthers	1	0.0	0.544	-0.065	0.349	AT2G15660	0.0		0.007	0.005	0.627
vsOthers	1	0.0	0.544	-0.065	0.349	AT3G57600	0.0		0.008	0.003	0.627
vsOthers	1	0.0	0.544	-0.065	0.349	AT2G28920	0.0		0.025	-0.006	0.629
vsOthers	1	0.0	0.544	-0.065	0.349	AT5G46590	0.0		0.02	-0.007	0.629
vsOthers	1	0.0	0.544	-1.295	0.275	AT1G53230	0.0	0.016	0.012	0.004	0.63
vsOthers	1	0.0	0.544	-1.295	0.275	AT5G08750	0.0	0.013	0.008	0.005	0.63
vsOthers	1	0.0	0.544	0.126	0.919	AT2G41835	0.0	0.0	0.002	-0.002	0.63
vsOthers	1	0.0	0.544	0.126	0.919	AT3G13040	0.0	0.0	0.003	-0.003	0.63
vsOthers	1	0.0	0.544	-1.295	0.275	AT1G49560	0.0	0.037	0.05	-0.013	0.631
vsOthers	1	0.0	0.544	-1.295	0.275	AT2G42200	0.0	0.066	0.054	0.012	0.631
vsOthers	1	0.0	0.544	-1.295	0.275	AT1G21910	0.0	0.019	0.025	-0.007	0.632
vsOthers	1	0.0	0.544	0.126	0.919	AT3G50060	-0.453	0.046	0.057	-0.01	0.632
vsOthers	1	0.0	0.544	-1.295	0.275	AT2G35530	0.0	0.08	0.094	-0.014	0.633
vsOthers	1	0.0	0.544	-1.295	0.275	AT4G14770	0.0	0.036	0.047	-0.011	0.636
vsOthers	1	0.0	0.544	0.126	0.919	AT3G60530	0.0	0.017	0.023	-0.006	0.637
vsOthers	1	0.0	0.544	-1.295	0.275	AT5G14340	0.0	0.001	0.003	-0.003	0.638
vsOthers	1	0.0	0.544	0.126	0.919	AT3G50260	-0.146	0.085	0.097	-0.012	0.638
vsOthers	1	0.0	0.544	0.126	0.919	AT5G07100	0.0	0.006	0.009	-0.003	0.638
vsOthers	1	0.0	0.544	-0.065	0.349	AT3G42860	0.0		0.016	0.007	0.639
vsOthers	1	0.0	0.544	-0.065	0.349	AT2G22540	0.0		0.139	0.012	0.64
vsOthers	1	0.0	0.544	-0.065	0.349	AT5G56110	0.0		0.058	-0.01	0.642
vsOthers	1	0.0	0.544	-1.295	0.275	AT1G55110	0.0	0.043	0.056	-0.014	0.642
vsOthers	1	0.0	0.544	-0.065	0.349	AT5G13790	0.0		0.045	0.007	0.644
vsOthers	1	0.0	0.544	0.126	0.919	AT1G32240	0.052	0.01	0.006	0.004	0.644
vsOthers	1	0.0	0.544	-0.065	0.349	AT2G38340	0.0		0.061	0.01	0.645
vsOthers	1	0.0	0.544	-0.065	0.349	AT5G05790	1.218		0.038	0.009	0.645
vsOthers	1	0.0	0.544	0.126	0.919	AT5G18270	0.0	0.048	0.057	-0.009	0.646
vsOthers	1	0.0	0.544	-0.065	0.349	AT3G11020	0.0		0.033	0.008	0.647
vsOthers	1	0.0	0.544	-0.065	0.349	AT3G26790	0.0		0.016	0.006	0.647
vsOthers	1	0.0	0.544	-1.295	0.275	AT3G16280	0.0	0.064	0.054	0.01	0.647
vsOthers	1	0.0	0.544	0.126	0.919	AT1G02250	0.0	0.029	0.035	-0.006	0.648
vsOthers	1	0.0	0.544	-0.065	0.349	AT1G14580	0.0		0.025	-0.007	0.649
vsOthers	1	0.0	0.544	-0.065	0.349	AT3G21175	-0.51		0.023	0.005	0.649
vsOthers	1	0.0	0.544	-0.065	0.349	AT5G06950	0.832		0.064	0.012	0.65
vsOthers	1	0.0	0.544	-0.065	0.349	AT3G02990	0.0		0.009	0.004	0.651
vsOthers	1	0.0	0.544	-0.065	0.349	AT3G46590	0.591		0.006	0.004	0.651
vsOthers	1	0.0	0.544	-0.065	0.349	AT3G08500	0.0		0.046	-0.009	0.652
vsOthers	1	0.0	0.544	-1.295	0.275	AT5G66940	0.0	0.046	0.059	-0.013	0.652
vsOthers	1	0.0	0.544	-1.295	0.275	AT1G06180	0.0	0.034	0.023	0.011	0.653
vsOthers	1	0.0	0.544	-1.295	0.275	AT1G25550	0.0	0.025	0.033	-0.008	0.653
vsOthers	1	0.0	0.544	-1.295	0.275	AT5G44210	0.0	0.037	0.029	0.008	0.653
vsOthers	1	0.0	0.544	-1.295	0.275	AT3G26620	0.0	0.026	0.034	-0.008	0.654
vsOthers	1	0.0	0.544	-0.065	0.349	AT4G00730	0.0		0.034	0.01	0.656
vsOthers	1	0.0	0.544	-1.295	0.275	AT1G43700	0.0	0.016	0.008	0.007	0.656
vsOthers	1	0.0	0.544	-0.065	0.349	AT4G36780	0.0		0.067	-0.011	0.657
vsOthers	1	0.0	0.544	-1.295	0.275	AT3G01470	0.0	0.008	0.015	-0.007	0.657
vsOthers	1	0.0	0.544	-1.295	0.275	AT3G58630	0.0	0.006	0.014	-0.008	0.657
vsOthers	1	0.0	0.544	0.126	0.919	AT3G42860	0.0	0.016	0.021	-0.005	0.657
vsOthers	1	0.0	0.544	0.126	0.919	AT1G69560	0.0	0.012	0.007	0.005	0.659
vsOthers	1	0.0	0.544	0.126	0.919	AT5G54230	0.0	0.048	0.057	-0.009	0.659
vsOthers	1	0.0	0.544	-0.065	0.349	AT3G49530	0.0		0.033	0.008	0.66
vsOthers	1	0.0	0.544	-0.065	0.349	AT4G26030	0.0		0.041	-0.01	0.66
vsOthers	1	0.0	0.544	-1.295	0.275	AT1G29860	0.0	0.025	0.033	-0.008	0.662
vsOthers	1	0.0	0.544	0.126	0.919	AT4G01250	0.0	0.032	0.041	-0.008	0.662
vsOthers	1	0.0	0.544	0.126	0.919	AT5G13790	0.0	0.05	0.044	0.006	0.662
vsOthers	1	0.0	0.544	-0.065	0.349	AT5G16820	0.0		0.047	-0.009	0.664
vsOthers	1	0.0	0.544	-0.065	0.349	AT5G53950	0.0		0.023	-0.006	0.664
vsOthers	1	0.0	0.544	0.126	0.919	AT2G21900	0.0	0.002	0.001	0.002	0.665
vsOthers	1	0.0	0.544	0.126	0.919	AT3G49930	0.0	0.002	0.0	0.002	0.665
vsOthers	1	0.0	0.544	-0.065	0.349	AT1G44830	0.0		0.021	0.006	0.666
vsOthers	1	0.0	0.544	-0.065	0.349	AT2G32460	0.0		0.043	-0.01	0.668
vsOthers	1	0.0	0.544	-0.065	0.349	AT4G16750	-0.342		0.084	-0.012	0.668
vsOthers	1	0.0	0.544	-0.065	0.349	AT3G47620	0.0		0.002	-0.002	0.669
vsOthers	1	0.0	0.544	-0.065	0.349	AT3G49930	0.0		0.002	-0.001	0.669
vsOthers	1	0.0	0.544	0.126	0.919	AT5G62320	0.0	0.028	0.037	-0.009	0.669
vsOthers	1	0.0	0.544	0.126	0.919	AT5G67580	0.0	0.021	0.027	-0.006	0.669
vsOthers	1	0.0	0.544	-0.065	0.349	AT1G10720	0.0		0.002	0.003	0.67
vsOthers	1	0.0	0.544	-0.065	0.349	AT1G73730	0.0		0.003	0.0	0.67
vsOthers	1	0.0	0.544	-0.065	0.349	AT1G75080	0.0		0.009	0.004	0.67
vsOthers	1	0.0	0.544	-0.065	0.349	AT2G31460	0.0		0.001	0.001	0.67
vsOthers	1	0.0	0.544	-0.065	0.349	AT3G46070	0.0		0.002	-0.001	0.67
vsOthers	1	0.0	0.544	-0.065	0.349	AT4G30080	0.0		0.001	0.001	0.67
vsOthers	1	0.0	0.544	-0.065	0.349	AT5G22890	0.0		0.003	-0.0	0.67
vsOthers	1	0.0	0.544	-0.065	0.349	AT5G38860	0.0		0.003	-0.003	0.67
vsOthers	1	0.0	0.544	-0.065	0.349	AT5G17800	0.0		0.046	-0.009	0.671
vsOthers	1	0.0	0.544	0.126	0.919	AT4G31060	-0.12	0.062	0.073	-0.011	0.671
vsOthers	1	0.0	0.544	-0.065	0.349	AT1G24250	0.0		0.019	0.005	0.672
vsOthers	1	0.0	0.544	-0.065	0.349	AT1G76110	0.0		0.017	0.005	0.672
vsOthers	1	0.0	0.544	-0.065	0.349	AT2G46770	0.0		0.044	0.008	0.672
vsOthers	1	0.0	0.544	0.126	0.919	AT1G01250	0.038	0.013	0.009	0.004	0.673
vsOthers	1	0.0	0.544	0.126	0.919	AT1G13300	0.0	0.008	0.011	-0.003	0.673
vsOthers	1	0.0	0.544	-0.065	0.349	AT5G13910	0.0		0.011	-0.003	0.675
vsOthers	1	0.0	0.544	-0.065	0.349	AT3G03200	0.0		0.046	-0.008	0.676
vsOthers	1	0.0	0.544	0.126	0.919	AT1G47655	0.339	0.037	0.044	-0.007	0.676
vsOthers	1	0.0	0.544	-1.295	0.275	AT4G34410	0.0	0.078	0.065	0.012	0.677
vsOthers	1	0.0	0.544	0.126	0.919	AT3G49530	0.0	0.031	0.039	-0.007	0.678
vsOthers	1	0.0	0.544	-1.295	0.275	AT4G27950	0.0	0.043	0.035	0.008	0.681
vsOthers	1	0.0	0.544	-0.065	0.349	AT3G45150	0.369		0.01	0.006	0.687
vsOthers	1	0.0	0.544	-0.065	0.349	AT5G44160	0.0		0.018	-0.006	0.687
vsOthers	1	0.0	0.544	-0.065	0.349	AT5G50570	0.0		0.011	0.004	0.687
vsOthers	1	0.0	0.544	0.126	0.919	AT1G76110	-0.064	0.016	0.022	-0.006	0.687
vsOthers	1	0.0	0.544	0.126	0.919	AT3G06490	0.0	0.017	0.023	-0.006	0.687
vsOthers	1	0.0	0.544	0.126	0.919	AT5G46350	0.614	0.025	0.019	0.005	0.687
vsOthers	1	0.0	0.544	0.126	0.919	AT5G63090	0.0	0.023	0.03	-0.007	0.687
vsOthers	1	0.0	0.544	-0.065	0.349	AT2G45420	0.0		0.053	0.009	0.692
vsOthers	1	0.0	0.544	0.126	0.919	AT3G24050	0.0	0.028	0.033	-0.005	0.692
vsOthers	1	0.0	0.544	-0.065	0.349	AT3G03660	0.0		0.003	-0.003	0.693
vsOthers	1	0.0	0.544	-0.065	0.349	AT5G14340	0.0		0.004	-0.003	0.693
vsOthers	1	0.0	0.544	-0.065	0.349	AT5G42520	0.0		0.003	-0.002	0.693
vsOthers	1	0.0	0.544	0.126	0.919	AT1G73730	0.0	0.002	0.004	-0.002	0.693
vsOthers	1	0.0	0.544	0.126	0.919	AT3G46070	0.0	0.003	0.0	0.002	0.693
vsOthers	1	0.0	0.544	0.126	0.919	AT5G38860	0.0	0.003	0.0	0.003	0.693
vsOthers	1	0.0	0.544	-1.295	0.275	AT5G25190	0.0	0.196	0.184	0.012	0.694
vsOthers	1	0.0	0.544	0.126	0.919	AT1G31140	0.0	0.038	0.046	-0.008	0.694
vsOthers	1	0.0	0.544	0.126	0.919	AT1G34180	0.0	0.039	0.046	-0.008	0.694
vsOthers	1	0.0	0.544	0.126	0.919	AT3G18990	0.0	0.044	0.052	-0.009	0.694
vsOthers	1	0.0	0.544	-1.295	0.275	AT1G51600	0.0	0.001	0.004	-0.003	0.695
vsOthers	1	0.0	0.544	-1.295	0.275	AT3G30530	0.0	0.0	0.004	-0.004	0.695
vsOthers	1	0.0	0.544	-1.295	0.275	AT4G14410	0.0	0.002	0.006	-0.004	0.695
vsOthers	1	0.0	0.544	-1.295	0.275	AT5G39820	0.0	0.021	0.016	0.005	0.696
vsOthers	1	0.0	0.544	0.126	0.919	AT2G22430	0.273	0.045	0.052	-0.007	0.696
vsOthers	1	0.0	0.544	0.126	0.919	AT2G40260	0.0	0.043	0.049	-0.006	0.696
vsOthers	1	0.0	0.544	-0.065	0.349	AT1G74650	0.0		0.051	-0.009	0.697
vsOthers	1	0.0	0.544	-1.295	0.275	AT1G27360	0.0	0.0	0.005	-0.005	0.697
vsOthers	1	0.0	0.544	-1.295	0.275	AT3G02150	0.0	0.007	0.004	0.003	0.697
vsOthers	1	0.0	0.544	-1.295	0.275	AT4G01720	0.0	0.003	0.005	-0.003	0.697
vsOthers	1	0.0	0.544	-1.295	0.275	AT4G28110	0.0	0.003	0.004	-0.001	0.697
vsOthers	1	0.0	0.544	-1.295	0.275	AT5G22500	0.0	0.023	0.016	0.008	0.697
vsOthers	1	0.0	0.544	-0.065	0.349	AT5G44210	0.0		0.029	0.005	0.698
vsOthers	1	0.0	0.544	-1.295	0.275	AT1G52150	0.0	0.048	0.038	0.01	0.7
vsOthers	1	0.0	0.544	-1.295	0.275	AT2G46680	0.0	0.036	0.046	-0.01	0.7
vsOthers	1	0.0	0.544	-1.295	0.275	AT3G23240	0.0	0.049	0.041	0.009	0.701
vsOthers	1	0.0	0.544	-1.295	0.275	AT4G38910	0.0	0.0	0.003	-0.003	0.701
vsOthers	1	0.0	0.544	0.126	0.919	AT1G71450	0.0	0.096	0.105	-0.008	0.701
vsOthers	1	0.0	0.544	0.126	0.919	AT3G15210	0.205	0.087	0.097	-0.01	0.701
vsOthers	1	0.0	0.544	-0.065	0.349	AT3G26620	0.0		0.03	0.005	0.702
vsOthers	1	0.0	0.544	-0.065	0.349	AT4G01500	0.0		0.013	-0.004	0.702
vsOthers	1	0.0	0.544	0.126	0.919	AT3G45150	0.0	0.01	0.014	-0.004	0.703
vsOthers	1	0.0	0.544	-0.065	0.349	AT1G22810	0.0		0.055	0.008	0.704
vsOthers	1	0.0	0.544	-1.295	0.275	AT1G02230	0.0	0.047	0.041	0.007	0.705
vsOthers	1	0.0	0.544	-1.295	0.275	AT1G30650	0.0	0.034	0.043	-0.009	0.705
vsOthers	1	0.0	0.544	-1.295	0.275	AT1G19210	0.0	0.088	0.1	-0.012	0.706
vsOthers	1	0.0	0.544	-1.295	0.275	AT1G32150	0.0	0.084	0.095	-0.011	0.706
vsOthers	1	0.0	0.544	-1.295	0.275	AT2G32460	0.0	0.046	0.038	0.008	0.706
vsOthers	1	0.0	0.544	0.126	0.919	AT3G03660	0.0	0.0	0.003	-0.002	0.709
vsOthers	1	0.0	0.544	0.126	0.919	AT5G42520	0.0	0.004	0.002	0.002	0.709
vsOthers	1	0.0	0.544	-1.295	0.275	AT1G53170	0.0	0.109	0.1	0.009	0.71
vsOthers	1	0.0	0.544	-1.295	0.275	AT1G65910	0.0	0.046	0.036	0.01	0.711
vsOthers	1	0.0	0.544	-1.295	0.275	AT5G46590	0.0	0.023	0.017	0.006	0.711
vsOthers	1	0.0	0.544	-1.295	0.275	AT3G12820	0.0	0.021	0.016	0.005	0.712
vsOthers	1	0.0	0.544	-0.065	0.349	AT5G08130	0.0		0.011	0.003	0.713
vsOthers	1	0.0	0.544	-0.065	0.349	AT4G28140	0.0		0.016	-0.003	0.716
vsOthers	1	0.0	0.544	-1.295	0.275	AT1G31140	0.0	0.036	0.044	-0.008	0.716
vsOthers	1	0.0	0.544	-1.295	0.275	AT3G03200	0.0	0.051	0.042	0.009	0.716
vsOthers	1	0.0	0.544	-1.295	0.275	AT3G18990	0.0	0.04	0.051	-0.011	0.716
vsOthers	1	0.0	0.544	0.126	0.919	AT1G14687	-0.33	0.051	0.057	-0.006	0.716
vsOthers	1	0.0	0.544	-0.065	0.349	AT4G25470	-0.36		0.069	-0.008	0.718
vsOthers	1	0.0	0.544	-0.065	0.349	AT1G52880	0.322		0.066	0.009	0.72
vsOthers	1	0.0	0.544	-0.065	0.349	AT4G34410	0.0		0.065	0.009	0.721
vsOthers	1	0.0	0.544	-1.295	0.275	AT5G66730	0.0	0.044	0.054	-0.01	0.721
vsOthers	1	0.0	0.544	-0.065	0.349	AT3G22830	0.0		0.033	0.006	0.722
vsOthers	1	0.0	0.544	-1.295	0.275	AT3G21175	0.0	0.022	0.026	-0.003	0.723
vsOthers	1	0.0	0.544	-1.295	0.275	AT3G26790	0.0	0.023	0.017	0.005	0.723
vsOthers	1	0.0	0.544	-1.295	0.275	AT3G30210	0.0	0.025	0.017	0.008	0.723
vsOthers	1	0.0	0.544	-0.065	0.349	AT1G46264	0.0		0.003	0.001	0.725
vsOthers	1	0.0	0.544	-0.065	0.349	AT5G67000	0.0		0.002	0.002	0.725
vsOthers	1	0.0	0.544	-1.295	0.275	AT4G31800	0.0	0.112	0.122	-0.01	0.725
vsOthers	1	0.0	0.544	-0.065	0.349	AT1G51600	0.0		0.003	0.001	0.726
vsOthers	1	0.0	0.544	-0.065	0.349	AT3G30530	0.0		0.004	-0.004	0.726
vsOthers	1	0.0	0.544	-0.065	0.349	AT4G14410	0.0		0.005	-0.0	0.726
vsOthers	1	0.0	0.544	0.126	0.919	AT2G38340	0.0	0.06	0.067	-0.007	0.726
vsOthers	1	0.0	0.544	-1.295	0.275	AT4G32800	0.0	0.018	0.023	-0.005	0.727
vsOthers	1	0.0	0.544	0.126	0.919	AT4G06746	0.056	0.035	0.029	0.006	0.727
vsOthers	1	0.0	0.544	0.126	0.919	AT3G10030	0.0	0.037	0.031	0.006	0.728
vsOthers	1	0.0	0.544	-1.295	0.275	AT2G23320	0.0	0.046	0.053	-0.007	0.729
vsOthers	1	0.0	0.544	-1.295	0.275	AT2G45420	0.0	0.062	0.054	0.008	0.729
vsOthers	1	0.0	0.544	-1.295	0.275	AT4G17980	0.0	0.043	0.051	-0.008	0.729
vsOthers	1	0.0	0.544	-1.295	0.275	AT5G13080	0.0	0.042	0.053	-0.011	0.729
vsOthers	1	0.0	0.544	-1.295	0.275	AT2G23290	0.0	0.06	0.051	0.009	0.73
vsOthers	1	0.0	0.544	0.126	0.919	AT1G28160	0.0	0.066	0.073	-0.007	0.731
vsOthers	1	0.0	0.544	0.126	0.919	AT4G25470	0.517	0.07	0.062	0.007	0.732
vsOthers	1	0.0	0.544	-0.065	0.349	AT1G36060	0.0		0.041	0.005	0.733
vsOthers	1	0.0	0.544	-0.065	0.349	AT5G62000	0.0		0.035	0.006	0.733
vsOthers	1	0.0	0.544	0.126	0.919	AT1G80840	0.0	0.003	0.005	-0.002	0.733
vsOthers	1	0.0	0.544	0.126	0.919	AT4G38910	0.0	0.004	0.002	0.002	0.733
vsOthers	1	0.0	0.544	-1.295	0.275	AT3G60580	0.0	0.018	0.026	-0.008	0.734
vsOthers	1	0.0	0.544	-0.065	0.349	AT3G09735	0.0		0.035	0.007	0.736
vsOthers	1	0.0	0.544	-0.065	0.349	AT4G10350	0.0		0.038	0.005	0.736
vsOthers	1	0.0	0.544	-0.065	0.349	AT5G25190	-0.08		0.19	-0.01	0.737
vsOthers	1	0.0	0.544	0.126	0.919	AT1G23810	0.0	0.006	0.006	-0.001	0.74
vsOthers	1	0.0	0.544	0.126	0.919	AT1G51600	0.0	0.004	0.003	0.001	0.74
vsOthers	1	0.0	0.544	0.126	0.919	AT4G14410	0.0	0.006	0.004	0.003	0.74
vsOthers	1	0.0	0.544	-1.295	0.275	AT5G60850	0.0	0.15	0.138	0.012	0.741
vsOthers	1	0.0	0.544	-1.295	0.275	AT5G63260	0.0	0.065	0.058	0.007	0.741
vsOthers	1	0.0	0.544	0.126	0.919	AT5G64060	0.0	0.034	0.039	-0.005	0.742
vsOthers	1	0.0	0.544	-0.065	0.349	AT1G03800	0.011		0.088	0.009	0.743
vsOthers	1	0.0	0.544	-0.065	0.349	AT1G69690	0.0		0.018	0.004	0.743
vsOthers	1	0.0	0.544	-0.065	0.349	AT3G23240	0.0		0.04	0.007	0.743
vsOthers	1	0.0	0.544	-1.295	0.275	AT1G75240	0.0	0.07	0.061	0.01	0.744
vsOthers	1	0.0	0.544	-1.295	0.275	AT5G58850	0.0	0.079	0.069	0.01	0.744
vsOthers	1	0.0	0.544	-1.295	0.275	AT1G24250	0.0	0.026	0.019	0.006	0.745
vsOthers	1	0.0	0.544	0.126	0.919	AT1G68550	0.0	0.076	0.084	-0.008	0.745
vsOthers	1	0.0	0.544	-0.065	0.349	AT3G61150	0.0		0.039	0.008	0.746
vsOthers	1	0.0	0.544	-1.295	0.275	AT1G65620	0.0	0.009	0.006	0.003	0.747
vsOthers	1	0.0	0.544	-1.295	0.275	AT3G28920	0.0	0.066	0.059	0.007	0.747
vsOthers	1	0.0	0.544	0.126	0.919	AT3G27785	0.0	0.038	0.043	-0.005	0.747
vsOthers	1	0.0	0.544	0.126	0.919	AT5G39820	0.0	0.015	0.019	-0.004	0.747
vsOthers	1	0.0	0.544	-1.295	0.275	AT1G76880	0.0	0.008	0.006	0.002	0.748
vsOthers	1	0.0	0.544	-1.295	0.275	AT2G30590	0.0	0.003	0.006	-0.003	0.748
vsOthers	1	0.0	0.544	-1.295	0.275	AT3G51080	0.0	0.001	0.006	-0.005	0.748
vsOthers	1	0.0	0.544	-1.295	0.275	AT3G51470	0.0	0.007	0.005	0.002	0.748
vsOthers	1	0.0	0.544	-1.295	0.275	AT3G57230	0.0	0.004	0.006	-0.001	0.748
vsOthers	1	0.0	0.544	-1.295	0.275	AT1G19040	0.0	0.002	0.005	-0.003	0.75
vsOthers	1	0.0	0.544	-1.295	0.275	AT1G28160	0.0	0.078	0.068	0.01	0.75
vsOthers	1	0.0	0.544	0.126	0.919	AT4G01680	0.0	0.034	0.04	-0.007	0.75
vsOthers	1	0.0	0.544	0.126	0.919	AT4G10350	0.0	0.036	0.043	-0.007	0.75
vsOthers	1	0.0	0.544	0.126	0.919	AT5G47660	0.0	0.038	0.033	0.005	0.75
vsOthers	1	0.0	0.544	-0.065	0.349	AT3G12820	0.0		0.019	-0.004	0.752
vsOthers	1	0.0	0.544	-1.295	0.275	AT1G01720	0.0	0.071	0.065	0.007	0.753
vsOthers	1	0.0	0.544	-1.295	0.275	AT1G52880	0.0	0.063	0.071	-0.008	0.753
vsOthers	1	0.0	0.544	-1.295	0.275	AT3G55370	0.0	0.077	0.068	0.009	0.753
vsOthers	1	0.0	0.544	-1.295	0.275	AT4G31060	0.0	0.075	0.066	0.009	0.753
vsOthers	1	0.0	0.544	0.126	0.919	AT1G69690	-0.5	0.017	0.02	-0.003	0.753
vsOthers	1	0.0	0.544	0.126	0.919	AT5G22500	0.0	0.015	0.019	-0.004	0.753
vsOthers	1	0.0	0.544	-1.295	0.275	AT1G27730	0.0	0.022	0.028	-0.005	0.754
vsOthers	1	0.0	0.544	-1.295	0.275	AT5G25390	0.0	0.011	0.007	0.004	0.754
vsOthers	1	0.0	0.544	-0.065	0.349	AT1G34180	0.359		0.041	0.005	0.755
vsOthers	1	0.0	0.544	-0.065	0.349	AT5G45300	0.0		0.046	-0.007	0.756
vsOthers	1	0.0	0.544	0.126	0.919	AT1G03800	0.0	0.087	0.095	-0.008	0.756
vsOthers	1	0.0	0.544	-0.065	0.349	AT1G28470	0.289		0.047	0.006	0.757
vsOthers	1	0.0	0.544	-0.065	0.349	AT2G40260	0.0		0.044	0.008	0.757
vsOthers	1	0.0	0.544	-0.065	0.349	AT5G06100	0.0		0.051	-0.006	0.757
vsOthers	1	0.0	0.544	0.126	0.919	AT5G29000	0.193	0.041	0.047	-0.006	0.757
vsOthers	1	0.0	0.544	0.126	0.919	AT2G42430	0.0	0.04	0.045	-0.005	0.759
vsOthers	1	0.0	0.544	0.126	0.919	AT4G24470	0.158	0.022	0.019	0.004	0.759
vsOthers	1	0.0	0.544	-0.065	0.349	AT1G76870	0.0		0.004	0.001	0.76
vsOthers	1	0.0	0.544	-0.065	0.349	AT3G20840	0.0		0.004	0.003	0.76
vsOthers	1	0.0	0.544	-1.295	0.275	AT5G67190	0.0	0.178	0.168	0.009	0.76
vsOthers	1	0.0	0.544	-1.295	0.275	AT5G04390	0.0	0.022	0.027	-0.005	0.761
vsOthers	1	0.0	0.544	0.126	0.919	AT4G28110	0.0	0.005	0.003	0.002	0.761
vsOthers	1	0.0	0.544	0.126	0.919	AT1G65910	0.0	0.034	0.041	-0.006	0.763
vsOthers	1	0.0	0.544	-0.065	0.349	AT5G67580	0.0		0.022	0.006	0.764
vsOthers	1	0.0	0.544	-1.295	0.275	AT1G68550	0.0	0.087	0.078	0.009	0.764
vsOthers	1	0.0	0.544	-1.295	0.275	AT1G77200	0.0	0.088	0.079	0.008	0.764
vsOthers	1	0.0	0.544	0.126	0.919	AT2G46770	0.0	0.043	0.049	-0.005	0.764
vsOthers	1	0.0	0.544	-1.295	0.275	AT1G20910	0.0	0.023	0.031	-0.008	0.768
vsOthers	1	0.0	0.544	-1.295	0.275	AT1G28370	0.0	0.178	0.187	-0.01	0.768
vsOthers	1	0.0	0.544	-0.065	0.349	AT1G76890	0.0		0.051	0.006	0.77
vsOthers	1	0.0	0.544	-0.065	0.349	AT3G60490	0.0		0.056	-0.006	0.77
vsOthers	1	0.0	0.544	-0.065	0.349	AT5G14960	0.0		0.005	-0.003	0.77
vsOthers	1	0.0	0.544	-0.065	0.349	AT3G18400	0.0		0.057	-0.005	0.771
vsOthers	1	0.0	0.544	-0.065	0.349	AT5G18270	-0.157		0.056	-0.008	0.771
vsOthers	1	0.0	0.544	0.126	0.919	AT1G29280	0.0	0.043	0.049	-0.006	0.772
vsOthers	1	0.0	0.544	-1.295	0.275	AT4G06746	0.0	0.025	0.033	-0.008	0.774
vsOthers	1	0.0	0.544	0.126	0.919	AT1G34190	0.24	0.051	0.046	0.005	0.774
vsOthers	1	0.0	0.544	0.126	0.919	AT3G21175	0.0	0.024	0.026	-0.003	0.774
vsOthers	1	0.0	0.544	0.126	0.919	AT3G30210	0.0	0.016	0.021	-0.005	0.774
vsOthers	1	0.0	0.544	-0.065	0.349	AT5G47220	0.0		0.024	0.004	0.775
vsOthers	1	0.0	0.544	-0.065	0.349	AT5G65510	0.17		0.019	0.006	0.775
vsOthers	1	0.0	0.544	-1.295	0.275	AT3G10030	0.0	0.04	0.033	0.008	0.775
vsOthers	1	0.0	0.544	-1.295	0.275	AT3G15210	0.0	0.099	0.091	0.008	0.776
vsOthers	1	0.0	0.544	-0.065	0.349	AT3G06490	0.0		0.019	0.005	0.777
vsOthers	1	0.0	0.544	0.126	0.919	AT1G55110	-0.367	0.051	0.056	-0.005	0.777
vsOthers	1	0.0	0.544	-1.295	0.275	AT2G15660	0.0	0.005	0.009	-0.005	0.779
vsOthers	1	0.0	0.544	-1.295	0.275	AT3G57600	0.0	0.008	0.009	-0.002	0.779
vsOthers	1	0.0	0.544	0.126	0.919	AT2G23320	0.0	0.048	0.054	-0.006	0.779
vsOthers	1	0.0	0.544	0.126	0.919	AT4G17980	0.132	0.052	0.047	0.005	0.779
vsOthers	1	0.0	0.544	-0.065	0.349	AT5G58850	0.0		0.069	0.007	0.78
vsOthers	1	0.0	0.544	-1.295	0.275	AT1G02250	0.0	0.029	0.034	-0.005	0.78
vsOthers	1	0.0	0.544	-1.295	0.275	AT1G25340	0.0	0.04	0.032	0.008	0.78
vsOthers	1	0.0	0.544	-1.295	0.275	AT4G24020	0.0	0.008	0.009	-0.001	0.78
vsOthers	1	0.0	0.544	-1.295	0.275	AT5G08330	0.0	0.031	0.038	-0.006	0.78
vsOthers	1	0.0	0.544	-1.295	0.275	AT5G43840	0.0	0.006	0.011	-0.005	0.78
vsOthers	1	0.0	0.544	0.126	0.919	AT1G76890	0.214	0.056	0.051	0.005	0.781
vsOthers	1	0.0	0.544	0.126	0.919	AT4G18770	0.0	0.057	0.062	-0.005	0.781
vsOthers	1	0.0	0.544	0.126	0.919	AT5G41570	0.0	0.043	0.05	-0.007	0.781
vsOthers	1	0.0	0.544	-0.065	0.349	AT5G22990	-0.067		0.073	-0.007	0.782
vsOthers	1	0.0	0.544	-0.065	0.349	AT1G72360	0.0		0.014	-0.003	0.783
vsOthers	1	0.0	0.544	-0.065	0.349	AT3G23250	0.0		0.006	0.002	0.783
vsOthers	1	0.0	0.544	-0.065	0.349	AT3G47600	0.0		0.004	0.002	0.783
vsOthers	1	0.0	0.544	0.126	0.919	AT5G53950	0.0	0.019	0.022	-0.003	0.783
vsOthers	1	0.0	0.544	-0.065	0.349	AT1G76880	0.0		0.005	0.003	0.784
vsOthers	1	0.0	0.544	-0.065	0.349	AT2G30590	0.0		0.006	-0.003	0.784
vsOthers	1	0.0	0.544	-0.065	0.349	AT3G51080	0.0		0.005	0.001	0.784
vsOthers	1	0.0	0.544	-0.065	0.349	AT3G51470	0.0		0.006	-0.002	0.784
vsOthers	1	0.0	0.544	-0.065	0.349	AT1G19790	0.0		0.021	0.004	0.785
vsOthers	1	0.0	0.544	-0.065	0.349	AT2G35700	0.0		0.061	0.006	0.785
vsOthers	1	0.0	0.544	-1.295	0.275	AT5G06960	0.0	0.031	0.037	-0.006	0.785
vsOthers	1	0.0	0.544	-0.065	0.349	AT5G64750	0.0		0.152	0.008	0.786
vsOthers	1	0.0	0.544	-1.295	0.275	AT5G64060	0.0	0.041	0.035	0.006	0.786
vsOthers	1	0.0	0.544	0.126	0.919	AT2G02080	0.091	0.066	0.059	0.007	0.786
vsOthers	1	0.0	0.544	0.126	0.919	AT5G65510	0.0	0.018	0.023	-0.005	0.786
vsOthers	1	0.0	0.544	0.126	0.919	AT1G22810	0.0	0.055	0.061	-0.006	0.787
vsOthers	1	0.0	0.544	-0.065	0.349	AT4G31060	0.007		0.066	0.006	0.788
vsOthers	1	0.0	0.544	-1.295	0.275	AT1G36060	0.0	0.037	0.044	-0.007	0.79
vsOthers	1	0.0	0.544	-1.295	0.275	AT4G28500	0.0	0.042	0.035	0.007	0.79
vsOthers	1	0.0	0.544	-1.295	0.275	AT4G29230	0.0	0.032	0.037	-0.005	0.79
vsOthers	1	0.0	0.544	0.126	0.919	AT2G23340	0.0	0.06	0.065	-0.005	0.792
vsOthers	1	0.0	0.544	-0.065	0.349	AT4G25490	0.0		0.071	0.007	0.793
vsOthers	1	0.0	0.544	0.126	0.919	AT5G22990	0.0	0.074	0.069	0.005	0.793
vsOthers	1	0.0	0.544	-1.295	0.275	AT1G70920	0.0	0.033	0.041	-0.008	0.795
vsOthers	1	0.0	0.544	-1.295	0.275	AT3G57920	0.0	0.047	0.042	0.005	0.795
vsOthers	1	0.0	0.544	-1.295	0.275	AT4G01550	0.0	0.046	0.04	0.006	0.795
vsOthers	1	0.0	0.544	-1.295	0.275	AT5G18450	0.0	0.048	0.043	0.005	0.795
vsOthers	1	0.0	0.544	0.126	0.919	AT2G35700	0.0	0.059	0.066	-0.007	0.796
vsOthers	1	0.0	0.544	0.126	0.919	AT3G51080	0.0	0.007	0.004	0.003	0.796
vsOthers	1	0.0	0.544	-0.065	0.349	AT1G77200	0.0		0.083	-0.006	0.797
vsOthers	1	0.0	0.544	-0.065	0.349	AT5G10030	0.0		0.081	-0.007	0.797
vsOthers	1	0.0	0.544	0.126	0.919	AT5G03150	0.0	0.032	0.028	0.004	0.798
vsOthers	1	0.0	0.544	-1.295	0.275	AT2G47070	0.0	0.05	0.044	0.005	0.799
vsOthers	1	0.0	0.544	0.126	0.919	AT1G69010	0.0	0.062	0.069	-0.007	0.8
vsOthers	1	0.0	0.544	0.126	0.919	AT4G36780	0.095	0.066	0.061	0.005	0.8
vsOthers	1	0.0	0.544	-0.065	0.349	AT1G12610	0.0		0.028	0.005	0.801
vsOthers	1	0.0	0.544	-0.065	0.349	AT1G20910	0.0		0.028	0.003	0.801
vsOthers	1	0.0	0.544	-0.065	0.349	AT5G66300	0.0		0.028	-0.005	0.801
vsOthers	1	0.0	0.544	-1.295	0.275	AT1G22070	0.0	0.011	0.009	0.002	0.801
vsOthers	1	0.0	0.544	-1.295	0.275	AT1G13300	0.0	0.011	0.01	0.002	0.802
vsOthers	1	0.0	0.544	-1.295	0.275	AT2G41690	0.0	0.01	0.011	-0.001	0.802
vsOthers	1	0.0	0.544	-0.065	0.349	AT5G65130	0.0		0.032	0.005	0.803
vsOthers	1	0.0	0.544	-0.065	0.349	AT2G33810	0.0		0.005	0.002	0.808
vsOthers	1	0.0	0.544	-0.065	0.349	AT4G18450	0.0		0.009	-0.002	0.808
vsOthers	1	0.0	0.544	0.126	0.919	AT1G72010	0.0	0.03	0.035	-0.005	0.808
vsOthers	1	0.0	0.544	0.126	0.919	AT4G36620	0.0	0.006	0.009	-0.003	0.808
vsOthers	1	0.0	0.544	-1.295	0.275	AT1G28470	0.0	0.044	0.05	-0.006	0.81
vsOthers	1	0.0	0.544	-1.295	0.275	AT5G62380	0.0	0.04	0.044	-0.005	0.81
vsOthers	1	0.0	0.544	-0.065	0.349	AT1G53170	0.0		0.103	-0.005	0.811
vsOthers	1	0.0	0.544	0.126	0.919	AT1G12610	0.0	0.028	0.032	-0.004	0.812
vsOthers	1	0.0	0.544	0.126	0.919	AT5G66300	0.0	0.028	0.025	0.004	0.812
vsOthers	1	0.0	0.544	-1.295	0.275	AT1G45249	0.0	0.046	0.05	-0.004	0.813
vsOthers	1	0.0	0.544	-0.065	0.349	AT4G24020	0.0		0.009	-0.002	0.815
vsOthers	1	0.0	0.544	-1.295	0.275	AT2G28810	0.0	0.065	0.059	0.006	0.816
vsOthers	1	0.0	0.544	0.126	0.919	AT1G06280	-0.444	0.085	0.091	-0.006	0.816
vsOthers	1	0.0	0.544	-1.295	0.275	AT3G45150	0.0	0.01	0.012	-0.002	0.818
vsOthers	1	0.0	0.544	-1.295	0.275	AT4G01500	0.0	0.009	0.013	-0.004	0.818
vsOthers	1	0.0	0.544	-1.295	0.275	AT5G10280	0.0	0.013	0.01	0.003	0.818
vsOthers	1	0.0	0.544	-1.295	0.275	AT5G50570	0.0	0.009	0.013	-0.004	0.818
vsOthers	1	0.0	0.544	-1.295	0.275	AT5G59990	0.0	0.014	0.011	0.003	0.818
vsOthers	1	0.0	0.544	0.126	0.919	AT2G26960	0.0	0.039	0.035	0.005	0.818
vsOthers	1	0.0	0.544	-0.065	0.349	AT1G75490	-0.074		0.044	-0.004	0.819
vsOthers	1	0.0	0.544	-0.065	0.349	AT3G10500	0.0		0.03	0.004	0.819
vsOthers	1	0.0	0.544	-0.065	0.349	AT4G28500	0.0		0.037	-0.003	0.819
vsOthers	1	0.0	0.544	-0.065	0.349	AT4G29230	0.0		0.035	0.003	0.819
vsOthers	1	0.0	0.544	-1.295	0.275	AT3G60490	0.0	0.06	0.053	0.007	0.819
vsOthers	1	0.0	0.544	-1.295	0.275	AT4G18770	0.0	0.066	0.058	0.007	0.819
vsOthers	1	0.0	0.544	-1.295	0.275	AT5G41570	0.0	0.043	0.048	-0.005	0.819
vsOthers	1	0.0	0.544	0.126	0.919	AT2G33810	0.0	0.005	0.007	-0.002	0.819
vsOthers	1	0.0	0.544	0.126	0.919	AT3G57600	0.0	0.008	0.01	-0.002	0.819
vsOthers	1	0.0	0.544	0.126	0.919	AT5G08330	0.0	0.034	0.039	-0.005	0.819
vsOthers	1	0.0	0.544	0.126	0.919	AT5G25830	1.18	0.078	0.083	-0.006	0.819
vsOthers	1	0.0	0.544	-0.065	0.349	AT2G30340	0.0		0.036	0.003	0.821
vsOthers	1	0.0	0.544	-0.065	0.349	AT3G27785	-0.144		0.042	-0.004	0.821
vsOthers	1	0.0	0.544	-0.065	0.349	AT5G18560	0.0		0.04	0.005	0.821
vsOthers	1	0.0	0.544	0.126	0.919	AT4G24020	0.0	0.01	0.008	0.002	0.822
vsOthers	1	0.0	0.544	-1.295	0.275	AT3G45610	0.0	0.071	0.064	0.007	0.824
vsOthers	1	0.0	0.544	0.126	0.919	AT4G27950	0.0	0.034	0.038	-0.004	0.824
vsOthers	1	0.0	0.544	-1.295	0.275	AT1G69570	0.0	0.061	0.068	-0.007	0.826
vsOthers	1	0.0	0.544	-0.065	0.349	AT1G13300	-0.059		0.009	0.002	0.827
vsOthers	1	0.0	0.544	-1.295	0.275	AT2G22540	0.0	0.15	0.141	0.008	0.827
vsOthers	1	0.0	0.544	-1.295	0.275	AT3G52440	0.0	0.062	0.068	-0.006	0.827
vsOthers	1	0.0	0.544	0.126	0.919	AT1G75490	0.0	0.044	0.041	0.004	0.828
vsOthers	1	0.0	0.544	0.126	0.919	AT3G11020	0.0	0.034	0.038	-0.005	0.828
vsOthers	1	0.0	0.544	-0.065	0.349	AT3G13810	0.0		0.04	0.004	0.829
vsOthers	1	0.0	0.544	0.126	0.919	AT2G20400	0.237	0.039	0.042	-0.003	0.829
vsOthers	1	0.0	0.544	0.126	0.919	AT2G45650	0.0	0.008	0.01	-0.002	0.829
vsOthers	1	0.0	0.544	0.126	0.919	AT3G02990	0.0	0.01	0.011	-0.001	0.829
vsOthers	1	0.0	0.544	0.126	0.919	AT3G46590	0.0	0.005	0.008	-0.003	0.829
vsOthers	1	0.0	0.544	0.126	0.919	AT5G62000	0.0	0.034	0.039	-0.005	0.829
vsOthers	1	0.0	0.544	-0.065	0.349	AT1G32870	0.0		0.039	-0.005	0.83
vsOthers	1	0.0	0.544	-1.295	0.275	AT5G08130	0.0	0.016	0.011	0.005	0.83
vsOthers	1	0.0	0.544	-1.295	0.275	AT2G43000	0.0	0.064	0.071	-0.007	0.831
vsOthers	1	0.0	0.544	-1.295	0.275	AT3G04070	0.0	0.014	0.012	0.001	0.831
vsOthers	1	0.0	0.544	-1.295	0.275	AT4G38000	0.0	0.072	0.066	0.005	0.833
vsOthers	1	0.0	0.544	-0.065	0.349	AT2G15740	0.199		0.046	0.004	0.834
vsOthers	1	0.0	0.544	0.126	0.919	AT2G03500	0.0	0.038	0.043	-0.005	0.834
vsOthers	1	0.0	0.544	-1.295	0.275	AT1G69010	0.0	0.07	0.064	0.006	0.835
vsOthers	1	0.0	0.544	-1.295	0.275	AT4G36780	0.0	0.069	0.062	0.007	0.835
vsOthers	1	0.0	0.544	-0.065	0.349	AT1G66370	0.0		0.013	-0.001	0.836
vsOthers	1	0.0	0.544	0.126	0.919	AT1G22070	0.0	0.009	0.01	-0.001	0.836
vsOthers	1	0.0	0.544	0.126	0.919	AT4G31550	0.0	0.021	0.025	-0.004	0.836
vsOthers	1	0.0	0.544	0.126	0.919	AT5G07680	0.0	0.007	0.009	-0.002	0.836
vsOthers	1	0.0	0.544	-0.065	0.349	AT5G08750	0.0		0.01	-0.003	0.837
vsOthers	1	0.0	0.544	-1.295	0.275	AT4G01540	0.0	0.078	0.071	0.007	0.837
vsOthers	1	0.0	0.544	-0.065	0.349	AT1G29280	-0.269		0.045	0.004	0.838
vsOthers	1	0.0	0.544	-0.065	0.349	AT5G62380	0.0		0.042	0.003	0.838
vsOthers	1	0.0	0.544	0.126	0.919	AT2G32460	0.0	0.042	0.038	0.003	0.838
vsOthers	1	0.0	0.544	-0.065	0.349	AT5G66730	0.0		0.051	0.003	0.839
vsOthers	1	0.0	0.544	-0.065	0.349	AT3G50060	0.0		0.054	-0.005	0.84
vsOthers	1	0.0	0.544	-1.295	0.275	AT3G27010	0.0	0.018	0.019	-0.001	0.84
vsOthers	1	0.0	0.544	0.126	0.919	AT2G18060	0.0	0.042	0.045	-0.003	0.84
vsOthers	1	0.0	0.544	0.126	0.919	AT5G17800	0.0	0.041	0.045	-0.004	0.841
vsOthers	1	0.0	0.544	-0.065	0.349	AT1G76420	0.0		0.045	0.003	0.842
vsOthers	1	0.0	0.544	-0.065	0.349	AT1G16490	0.151		0.047	-0.004	0.843
vsOthers	1	0.0	0.544	-0.065	0.349	AT1G69180	-0.69		0.052	-0.005	0.843
vsOthers	1	0.0	0.544	-1.295	0.275	AT5G11260	0.0	0.089	0.084	0.005	0.843
vsOthers	1	0.0	0.544	0.126	0.919	AT1G66370	0.0	0.013	0.011	0.002	0.843
vsOthers	1	0.0	0.544	0.126	0.919	AT5G13910	0.0	0.009	0.011	-0.003	0.843
vsOthers	1	0.0	0.544	-0.065	0.349	AT2G45680	0.0		0.029	-0.003	0.844
vsOthers	1	0.0	0.544	-0.065	0.349	AT4G37260	0.434		0.052	-0.003	0.844
vsOthers	1	0.0	0.544	0.126	0.919	AT5G45300	-0.017	0.042	0.045	-0.003	0.844
vsOthers	1	0.0	0.544	-0.065	0.349	AT2G42590	0.0		0.009	0.001	0.845
vsOthers	1	0.0	0.544	-0.065	0.349	AT5G10280	0.0		0.01	-0.001	0.845
vsOthers	1	0.0	0.544	-1.295	0.275	AT4G25480	0.0	0.074	0.079	-0.005	0.846
vsOthers	1	0.0	0.544	-0.065	0.349	AT5G58900	0.142		0.133	-0.005	0.847
vsOthers	1	0.0	0.544	0.126	0.919	AT3G61250	0.0	0.009	0.007	0.002	0.847
vsOthers	1	0.0	0.544	0.126	0.919	AT5G66730	0.0	0.054	0.05	0.004	0.847
vsOthers	1	0.0	0.544	-0.065	0.349	AT1G14687	-0.706		0.056	-0.006	0.848
vsOthers	1	0.0	0.544	-0.065	0.349	AT1G43700	-0.292		0.01	-0.002	0.848
vsOthers	1	0.0	0.544	-0.065	0.349	AT4G18890	0.0		0.011	-0.002	0.848
vsOthers	1	0.0	0.544	-1.295	0.275	AT1G06280	0.0	0.094	0.087	0.007	0.848
vsOthers	1	0.0	0.544	0.126	0.919	AT5G26170	0.217	0.043	0.046	-0.004	0.848
vsOthers	1	0.0	0.544	0.126	0.919	AT5G50570	0.0	0.012	0.013	-0.001	0.848
vsOthers	1	0.0	0.544	-1.295	0.275	AT3G23210	0.0	0.017	0.018	-0.001	0.849
vsOthers	1	0.0	0.544	0.126	0.919	AT2G24430	0.166	0.047	0.043	0.004	0.849
vsOthers	1	0.0	0.544	0.126	0.919	AT1G69180	0.18	0.053	0.047	0.005	0.851
vsOthers	1	0.0	0.544	0.126	0.919	AT2G45680	0.0	0.029	0.027	0.003	0.851
vsOthers	1	0.0	0.544	-0.065	0.349	AT1G69490	0.0		0.061	-0.003	0.852
vsOthers	1	0.0	0.544	0.126	0.919	AT2G23290	0.0	0.051	0.055	-0.004	0.852
vsOthers	1	0.0	0.544	-0.065	0.349	AT2G23340	0.0		0.06	0.006	0.853
vsOthers	1	0.0	0.544	0.126	0.919	AT3G16280	0.0	0.057	0.055	0.003	0.853
vsOthers	1	0.0	0.544	0.126	0.919	AT5G10280	0.0	0.009	0.011	-0.001	0.854
vsOthers	1	0.0	0.544	0.126	0.919	AT5G59990	0.0	0.011	0.012	-0.002	0.854
vsOthers	1	0.0	0.544	0.126	0.919	AT1G43700	0.0	0.008	0.011	-0.003	0.855
vsOthers	1	0.0	0.544	0.126	0.919	AT4G18890	0.0	0.012	0.009	0.003	0.855
vsOthers	1	0.0	0.544	-0.065	0.349	AT2G33710	-0.31		0.068	-0.003	0.856
vsOthers	1	0.0	0.544	-1.295	0.275	AT3G42860	0.0	0.017	0.019	-0.003	0.856
vsOthers	1	0.0	0.544	-0.065	0.349	AT1G01720	0.0		0.068	-0.005	0.858
vsOthers	1	0.0	0.544	-0.065	0.349	AT2G01930	0.0		0.069	0.004	0.858
vsOthers	1	0.0	0.544	-0.065	0.349	AT1G08320	0.0		0.076	-0.006	0.859
vsOthers	1	0.0	0.544	-0.065	0.349	AT1G69010	0.005		0.065	0.003	0.859
vsOthers	1	0.0	0.544	0.126	0.919	AT1G69490	0.267	0.063	0.058	0.004	0.86
vsOthers	1	0.0	0.544	-0.065	0.349	AT4G38170	0.0		0.071	-0.003	0.861
vsOthers	1	0.0	0.544	-0.065	0.349	AT1G12630	0.192		0.078	-0.003	0.863
vsOthers	1	0.0	0.544	0.126	0.919	AT2G46130	0.0	0.014	0.014	-0.0	0.863
vsOthers	1	0.0	0.544	0.126	0.919	AT4G28140	0.0	0.014	0.016	-0.002	0.863
vsOthers	1	0.0	0.544	-0.065	0.349	AT1G28370	0.327		0.184	0.005	0.866
vsOthers	1	0.0	0.544	-0.065	0.349	AT4G25480	0.502		0.077	0.003	0.868
vsOthers	1	0.0	0.544	-0.065	0.349	AT5G22500	0.0		0.017	-0.001	0.868
vsOthers	1	0.0	0.544	-1.295	0.275	AT1G44830	0.0	0.026	0.023	0.003	0.868
vsOthers	1	0.0	0.544	-1.295	0.275	AT1G76110	0.0	0.021	0.019	0.002	0.868
vsOthers	1	0.0	0.544	-1.295	0.275	AT3G06490	0.0	0.023	0.02	0.003	0.868
vsOthers	1	0.0	0.544	-1.295	0.275	AT5G46350	0.0	0.019	0.022	-0.003	0.868
vsOthers	1	0.0	0.544	-1.295	0.275	AT5G65510	0.0	0.02	0.021	-0.001	0.868
vsOthers	1	0.0	0.544	-1.295	0.275	AT2G33550	0.0	0.02	0.023	-0.003	0.869
vsOthers	1	0.0	0.544	0.126	0.919	AT1G12630	0.076	0.079	0.076	0.004	0.87
vsOthers	1	0.0	0.544	0.126	0.919	AT3G25990	0.0	0.02	0.018	0.002	0.87
vsOthers	1	0.0	0.544	-0.065	0.349	AT1G71450	0.0		0.102	-0.003	0.871
vsOthers	1	0.0	0.544	-0.065	0.349	AT3G15210	0.0		0.091	0.005	0.871
vsOthers	1	0.0	0.544	-0.065	0.349	AT4G24470	0.0		0.019	0.003	0.871
vsOthers	1	0.0	0.544	0.126	0.919	AT2G02820	0.0	0.081	0.076	0.004	0.871
vsOthers	1	0.0	0.544	-1.295	0.275	AT1G04880	0.0	0.019	0.022	-0.002	0.873
vsOthers	1	0.0	0.544	-1.295	0.275	AT1G19790	0.0	0.021	0.023	-0.001	0.873
vsOthers	1	0.0	0.544	-1.295	0.275	AT5G62470	0.0	0.018	0.021	-0.002	0.873
vsOthers	1	0.0	0.544	-0.065	0.349	AT2G06200	0.0		0.019	0.002	0.875
vsOthers	1	0.0	0.544	-0.065	0.349	AT5G47230	0.0		0.02	0.002	0.875
vsOthers	1	0.0	0.544	0.126	0.919	AT5G46590	0.0	0.019	0.017	0.002	0.88
vsOthers	1	0.0	0.544	-1.295	0.275	AT1G72010	0.0	0.029	0.034	-0.004	0.881
vsOthers	1	0.0	0.544	-1.295	0.275	AT5G24110	0.0	0.029	0.032	-0.003	0.881
vsOthers	1	0.0	0.544	-0.065	0.349	AT4G32800	0.0		0.022	0.001	0.882
vsOthers	1	0.0	0.544	-0.065	0.349	AT5G46350	-0.687		0.023	-0.003	0.888
vsOthers	1	0.0	0.544	-0.065	0.349	AT5G63090	-0.836		0.028	-0.003	0.888
vsOthers	1	0.0	0.544	0.126	0.919	AT4G32800	0.095	0.023	0.021	0.002	0.888
vsOthers	1	0.0	0.544	-0.065	0.349	AT5G62470	0.0		0.02	0.002	0.89
vsOthers	1	0.0	0.544	0.126	0.919	AT1G25580	0.0	0.023	0.02	0.003	0.891
vsOthers	1	0.0	0.544	-1.295	0.275	AT3G11020	0.0	0.033	0.037	-0.004	0.893
vsOthers	1	0.0	0.544	-1.295	0.275	AT4G01250	0.0	0.033	0.038	-0.004	0.893
vsOthers	1	0.0	0.544	-1.295	0.275	AT5G52830	0.0	0.032	0.035	-0.002	0.893
vsOthers	1	0.0	0.544	-0.065	0.349	AT4G11660	0.0		0.028	0.002	0.895
vsOthers	1	0.0	0.544	-1.295	0.275	AT3G50410	0.0	0.037	0.04	-0.004	0.895
vsOthers	1	0.0	0.544	-1.295	0.275	AT4G10350	0.0	0.043	0.039	0.004	0.896
vsOthers	1	0.0	0.544	0.126	0.919	AT1G19790	0.0	0.021	0.024	-0.003	0.896
vsOthers	1	0.0	0.544	-1.295	0.275	AT2G40740	0.0	0.039	0.042	-0.002	0.898
vsOthers	1	0.0	0.544	0.126	0.919	AT1G72740	0.0	0.024	0.023	0.001	0.898
vsOthers	1	0.0	0.544	-1.295	0.275	AT1G32870	0.0	0.04	0.037	0.003	0.9
vsOthers	1	0.0	0.544	-1.295	0.275	AT2G42430	0.0	0.046	0.042	0.004	0.9
vsOthers	1	0.0	0.544	-1.295	0.275	AT3G61150	0.0	0.046	0.04	0.006	0.9
vsOthers	1	0.0	0.544	-0.065	0.349	AT1G79180	0.0		0.027	0.002	0.901
vsOthers	1	0.0	0.544	-1.295	0.275	AT1G12260	0.0	0.04	0.043	-0.003	0.902
vsOthers	1	0.0	0.544	-1.295	0.275	AT2G46770	0.0	0.045	0.047	-0.002	0.902
vsOthers	1	0.0	0.544	-1.295	0.275	AT5G62940	0.0	0.047	0.051	-0.004	0.902
vsOthers	1	0.0	0.544	-1.295	0.275	AT1G34180	0.0	0.046	0.042	0.004	0.903
vsOthers	1	0.0	0.544	-1.295	0.275	AT4G37180	0.0	0.054	0.057	-0.002	0.903
vsOthers	1	0.0	0.544	-1.295	0.275	AT1G29280	0.0	0.049	0.046	0.004	0.905
vsOthers	1	0.0	0.544	0.126	0.919	AT1G20910	-0.09	0.031	0.028	0.003	0.905
vsOthers	1	0.0	0.544	-0.065	0.349	AT4G27950	0.0		0.037	-0.002	0.907
vsOthers	1	0.0	0.544	-1.295	0.275	AT1G79580	0.0	0.054	0.055	-0.001	0.908
vsOthers	1	0.0	0.544	-1.295	0.275	AT2G44840	0.0	0.051	0.055	-0.004	0.908
vsOthers	1	0.0	0.544	-1.295	0.275	AT4G37260	0.0	0.055	0.05	0.005	0.908
vsOthers	1	0.0	0.544	-0.065	0.349	AT1G51220	0.0		0.033	0.004	0.909
vsOthers	1	0.0	0.544	-0.065	0.349	AT5G47660	0.0		0.035	0.003	0.911
vsOthers	1	0.0	0.544	-1.295	0.275	AT1G64620	0.0	0.065	0.063	0.002	0.912
vsOthers	1	0.0	0.544	-0.065	0.349	AT3G53200	0.0		0.036	0.003	0.913
vsOthers	1	0.0	0.544	-1.295	0.275	AT1G69490	0.0	0.058	0.061	-0.003	0.913
vsOthers	1	0.0	0.544	-0.065	0.349	AT2G42430	0.0		0.042	0.003	0.914
vsOthers	1	0.0	0.544	-1.295	0.275	AT2G31230	0.0	0.065	0.063	0.002	0.914
vsOthers	1	0.0	0.544	-1.295	0.275	AT5G02460	0.0	0.071	0.067	0.005	0.914
vsOthers	1	0.0	0.544	-1.295	0.275	AT5G22990	0.0	0.072	0.071	0.001	0.914
vsOthers	1	0.0	0.544	0.126	0.919	AT1G08010	0.633	0.041	0.042	-0.001	0.914
vsOthers	1	0.0	0.544	0.126	0.919	AT2G30340	0.0	0.036	0.039	-0.002	0.914
vsOthers	1	0.0	0.544	0.126	0.919	AT4G28500	0.0	0.035	0.037	-0.002	0.914
vsOthers	1	0.0	0.544	0.126	0.919	AT4G29230	0.194	0.036	0.035	0.001	0.914
vsOthers	1	0.0	0.544	-0.065	0.349	AT1G12260	0.0		0.041	0.003	0.915
vsOthers	1	0.0	0.544	-0.065	0.349	AT2G18060	0.0		0.042	0.003	0.915
vsOthers	1	0.0	0.544	-0.065	0.349	AT3G12720	0.215		0.038	0.0	0.915
vsOthers	1	0.0	0.544	-1.295	0.275	AT2G38340	0.0	0.062	0.065	-0.003	0.915
vsOthers	1	0.0	0.544	-0.065	0.349	AT1G03840	0.0		0.045	0.003	0.916
vsOthers	1	0.0	0.544	-0.065	0.349	AT5G04410	0.0		0.038	0.003	0.916
vsOthers	1	0.0	0.544	-0.065	0.349	AT3G17730	0.0		0.04	0.002	0.917
vsOthers	1	0.0	0.544	-1.295	0.275	AT4G25490	0.0	0.069	0.074	-0.006	0.918
vsOthers	1	0.0	0.544	-0.065	0.349	AT2G45410	-0.097		0.047	0.004	0.919
vsOthers	1	0.0	0.544	0.126	0.919	AT1G32870	0.896	0.039	0.036	0.002	0.919
vsOthers	1	0.0	0.544	0.126	0.919	AT1G12260	0.0	0.042	0.042	-0.001	0.92
vsOthers	1	0.0	0.544	0.126	0.919	AT2G18380	0.0	0.049	0.047	0.002	0.92
vsOthers	1	0.0	0.544	-0.065	0.349	AT4G17980	0.0		0.049	-0.0	0.921
vsOthers	1	0.0	0.544	0.126	0.919	AT3G03200	1.541	0.045	0.043	0.001	0.921
vsOthers	1	0.0	0.544	-0.065	0.349	AT2G23290	0.0		0.054	-0.002	0.922
vsOthers	1	0.0	0.544	0.126	0.919	AT5G62380	0.09	0.044	0.043	0.0	0.922
vsOthers	1	0.0	0.544	-1.295	0.275	AT3G50260	0.0	0.092	0.091	0.001	0.923
vsOthers	1	0.0	0.544	0.126	0.919	AT1G28470	0.0	0.048	0.05	-0.002	0.923
vsOthers	1	0.0	0.544	-1.295	0.275	AT2G36270	0.0	0.095	0.093	0.001	0.924
vsOthers	1	0.0	0.544	-1.295	0.275	AT3G56850	0.0	0.085	0.088	-0.002	0.924
vsOthers	1	0.0	0.544	0.126	0.919	AT2G02070	0.0	0.051	0.054	-0.003	0.925
vsOthers	1	0.0	0.544	0.126	0.919	AT5G13080	0.0	0.05	0.052	-0.002	0.925
vsOthers	1	0.0	0.544	0.126	0.919	AT3G60490	0.0	0.055	0.054	0.001	0.926
vsOthers	1	0.0	0.544	-0.065	0.349	AT2G43000	0.0		0.069	0.003	0.927
vsOthers	1	0.0	0.544	-0.065	0.349	AT5G23930	-0.212		0.073	0.002	0.929
vsOthers	1	0.0	0.544	0.126	0.919	AT2G43000	0.0	0.071	0.069	0.002	0.931
vsOthers	1	0.0	0.544	-0.065	0.349	AT1G68550	0.0		0.08	0.002	0.932
vsOthers	1	0.0	0.544	0.126	0.919	AT1G52880	0.0	0.067	0.07	-0.003	0.932
vsOthers	1	0.0	0.544	0.126	0.919	AT2G01930	0.0	0.068	0.072	-0.004	0.932
vsOthers	1	0.0	0.544	0.126	0.919	AT4G25490	0.0	0.072	0.074	-0.003	0.934
vsOthers	1	0.0	0.544	-0.065	0.349	AT1G06280	-0.087		0.088	0.002	0.935
vsOthers	1	0.0	0.544	-0.065	0.349	AT3G20310	-0.013		0.093	0.003	0.935
vsOthers	1	0.0	0.544	0.126	0.919	AT1G28370	0.29	0.187	0.184	0.002	0.936
vsOthers	1	0.0	0.544	0.126	0.919	AT1G53170	0.0	0.101	0.103	-0.002	0.94
vsOthers	1	0.0	0.544	-0.065	0.349	AT1G01250	0.0		0.011	0.001	1.0
vsOthers	1	0.0	0.544	-0.065	0.349	AT1G06180	0.294		0.025	0.001	1.0
vsOthers	1	0.0	0.544	-0.065	0.349	AT1G13400	0.0		0.009	-0.0	1.0
vsOthers	1	0.0	0.544	-0.065	0.349	AT1G22070	0.0		0.009	-0.0	1.0
vsOthers	1	0.0	0.544	-0.065	0.349	AT1G28160	0.0		0.07	0.0	1.0
vsOthers	1	0.0	0.544	-0.065	0.349	AT1G30210	0.0		0.001	0.001	1.0
vsOthers	1	0.0	0.544	-0.065	0.349	AT1G32240	0.0		0.008	0.0	1.0
vsOthers	1	0.0	0.544	-0.065	0.349	AT1G32510	0.0		0.002	-0.0	1.0
vsOthers	1	0.0	0.544	-0.065	0.349	AT1G47870	0.0		0.0	-0.0	1.0
vsOthers	1	0.0	0.544	-0.065	0.349	AT1G54330	0.0		0.04	0.001	1.0
vsOthers	1	0.0	0.544	-0.065	0.349	AT1G60920	0.0		0.001	-0.001	1.0
vsOthers	1	0.0	0.544	-0.065	0.349	AT1G63040	0.0		0.001	-0.001	1.0
vsOthers	1	0.0	0.544	-0.065	0.349	AT1G65620	0.0		0.007	0.001	1.0
vsOthers	1	0.0	0.544	-0.065	0.349	AT1G65910	0.0		0.038	-0.0	1.0
vsOthers	1	0.0	0.544	-0.065	0.349	AT1G66420	0.0		0.001	-0.001	1.0
vsOthers	1	0.0	0.544	-0.065	0.349	AT1G72740	-0.447		0.024	-0.0	1.0
vsOthers	1	0.0	0.544	-0.065	0.349	AT1G74370	0.0		0.0	0.001	1.0
vsOthers	1	0.0	0.544	-0.065	0.349	AT1G74480	0.0		0.041	0.001	1.0
vsOthers	1	0.0	0.544	-0.065	0.349	AT2G17410	0.0		0.003	0.0	1.0
vsOthers	1	0.0	0.544	-0.065	0.349	AT2G17900	0.0		0.003	-0.001	1.0
vsOthers	1	0.0	0.544	-0.065	0.349	AT2G17950	0.0		0.013	0.0	1.0
vsOthers	1	0.0	0.544	-0.065	0.349	AT2G21900	0.0		0.002	-0.001	1.0
vsOthers	1	0.0	0.544	-0.065	0.349	AT2G38300	-0.312		0.009	-0.0	1.0
vsOthers	1	0.0	0.544	-0.065	0.349	AT2G39900	0.0		0.0	-0.0	1.0
vsOthers	1	0.0	0.544	-0.065	0.349	AT2G41690	0.0		0.01	0.002	1.0
vsOthers	1	0.0	0.544	-0.065	0.349	AT2G46400	0.0		0.001	-0.001	1.0
vsOthers	1	0.0	0.544	-0.065	0.349	AT2G48100	0.0		0.001	-0.001	1.0
vsOthers	1	0.0	0.544	-0.065	0.349	AT3G04060	0.0		0.044	0.001	1.0
vsOthers	1	0.0	0.544	-0.065	0.349	AT3G07220	0.0		0.001	-0.001	1.0
vsOthers	1	0.0	0.544	-0.065	0.349	AT3G10480	0.0		0.039	0.001	1.0
vsOthers	1	0.0	0.544	-0.065	0.349	AT3G12250	0.0		0.077	-0.001	1.0
vsOthers	1	0.0	0.544	-0.065	0.349	AT3G22780	0.0		0.001	0.001	1.0
vsOthers	1	0.0	0.544	-0.065	0.349	AT3G27010	0.0		0.019	-0.0	1.0
vsOthers	1	0.0	0.544	-0.065	0.349	AT3G30210	0.0		0.019	-0.0	1.0
vsOthers	1	0.0	0.544	-0.065	0.349	AT3G50700	0.0		0.021	-0.001	1.0
vsOthers	1	0.0	0.544	-0.065	0.349	AT4G06746	0.0		0.032	-0.0	1.0
vsOthers	1	0.0	0.544	-0.065	0.349	AT4G12670	0.0		0.001	-0.001	1.0
vsOthers	1	0.0	0.544	-0.065	0.349	AT4G17785	0.0		0.01	-0.001	1.0
vsOthers	1	0.0	0.544	-0.065	0.349	AT4G18770	0.0		0.06	0.0	1.0
vsOthers	1	0.0	0.544	-0.065	0.349	AT4G28110	0.0		0.004	-0.001	1.0
vsOthers	1	0.0	0.544	-0.065	0.349	AT4G31550	-0.539		0.023	-0.0	1.0
vsOthers	1	0.0	0.544	-0.065	0.349	AT4G37790	0.0		0.0	-0.0	1.0
vsOthers	1	0.0	0.544	-0.065	0.349	AT4G38910	0.0		0.002	0.0	1.0
vsOthers	1	0.0	0.544	-0.065	0.349	AT5G10510	0.0		0.003	-0.0	1.0
vsOthers	1	0.0	0.544	-0.065	0.349	AT5G13180	0.0		0.053	0.0	1.0
vsOthers	1	0.0	0.544	-0.065	0.349	AT5G18090	0.0		0.0	0.001	1.0
vsOthers	1	0.0	0.544	-0.065	0.349	AT5G25475	0.0		0.002	-0.001	1.0
vsOthers	1	0.0	0.544	-0.065	0.349	AT5G38800	0.0		0.001	-0.001	1.0
vsOthers	1	0.0	0.544	-0.065	0.349	AT5G39820	0.0		0.017	0.001	1.0
vsOthers	1	0.0	0.544	-0.065	0.349	AT5G42820	0.0		0.001	-0.001	1.0
vsOthers	1	0.0	0.544	-0.065	0.349	AT5G51990	0.0		0.079	-0.0	1.0
vsOthers	1	0.0	0.544	-0.065	0.349	AT5G52170	0.0		0.004	0.0	1.0
vsOthers	1	0.0	0.544	-0.065	0.349	AT5G56930	0.0		0.005	-0.001	1.0
vsOthers	1	0.0	0.544	-0.065	0.349	AT5G58620	0.0		0.001	-0.001	1.0
vsOthers	1	0.0	0.544	-0.065	0.349	AT5G59990	0.0		0.012	-0.0	1.0
vsOthers	1	0.0	0.544	-0.065	0.349	AT5G61600	0.0		0.019	0.001	1.0
vsOthers	1	0.0	0.544	-0.065	0.349	AT5G64060	0.0		0.036	0.002	1.0
vsOthers	1	0.0	0.544	-1.295	0.275	AT1G03800	0.0	0.091	0.091	-0.0	1.0
vsOthers	1	0.0	0.544	-1.295	0.275	AT1G12610	0.0	0.03	0.03	-0.0	1.0
vsOthers	1	0.0	0.544	-1.295	0.275	AT1G12630	0.0	0.076	0.078	-0.002	1.0
vsOthers	1	0.0	0.544	-1.295	0.275	AT1G13400	0.0	0.009	0.008	0.0	1.0
vsOthers	1	0.0	0.544	-1.295	0.275	AT1G17950	0.0	0.0	0.001	-0.001	1.0
vsOthers	1	0.0	0.544	-1.295	0.275	AT1G18960	0.0	0.0	0.001	-0.001	1.0
vsOthers	1	0.0	0.544	-1.295	0.275	AT1G20980	0.0	0.027	0.025	0.002	1.0
vsOthers	1	0.0	0.544	-1.295	0.275	AT1G22810	0.0	0.057	0.058	-0.001	1.0
vsOthers	1	0.0	0.544	-1.295	0.275	AT1G26960	0.0	0.047	0.047	-0.0	1.0
vsOthers	1	0.0	0.544	-1.295	0.275	AT1G30210	0.0	0.0	0.002	-0.002	1.0
vsOthers	1	0.0	0.544	-1.295	0.275	AT1G33240	0.0	0.049	0.049	0.0	1.0
vsOthers	1	0.0	0.544	-1.295	0.275	AT1G46264	0.0	0.003	0.004	-0.001	1.0
vsOthers	1	0.0	0.544	-1.295	0.275	AT1G47870	0.0	0.0	0.0	-0.0	1.0
vsOthers	1	0.0	0.544	-1.295	0.275	AT1G60920	0.0	0.0	0.001	-0.001	1.0
vsOthers	1	0.0	0.544	-1.295	0.275	AT1G63030	0.0	0.003	0.003	0.0	1.0
vsOthers	1	0.0	0.544	-1.295	0.275	AT1G63040	0.0	0.0	0.001	-0.001	1.0
vsOthers	1	0.0	0.544	-1.295	0.275	AT1G66370	0.0	0.011	0.012	-0.001	1.0
vsOthers	1	0.0	0.544	-1.295	0.275	AT1G66420	0.0	0.0	0.001	-0.001	1.0
vsOthers	1	0.0	0.544	-1.295	0.275	AT1G67260	0.0	0.0	0.001	-0.001	1.0
vsOthers	1	0.0	0.544	-1.295	0.275	AT1G68670	0.0	0.021	0.02	0.001	1.0
vsOthers	1	0.0	0.544	-1.295	0.275	AT1G69180	0.0	0.049	0.05	-0.001	1.0
vsOthers	1	0.0	0.544	-1.295	0.275	AT1G69690	0.0	0.018	0.019	-0.001	1.0
vsOthers	1	0.0	0.544	-1.295	0.275	AT1G70910	0.0	0.002	0.001	0.001	1.0
vsOthers	1	0.0	0.544	-1.295	0.275	AT1G71696	0.0	0.036	0.036	0.0	1.0
vsOthers	1	0.0	0.544	-1.295	0.275	AT1G72740	0.0	0.023	0.024	-0.001	1.0
vsOthers	1	0.0	0.544	-1.295	0.275	AT1G74370	0.0	0.0	0.0	-0.0	1.0
vsOthers	1	0.0	0.544	-1.295	0.275	AT1G74480	0.0	0.041	0.041	-0.001	1.0
vsOthers	1	0.0	0.544	-1.295	0.275	AT1G75490	0.0	0.042	0.043	-0.0	1.0
vsOthers	1	0.0	0.544	-1.295	0.275	AT1G76870	0.0	0.003	0.005	-0.002	1.0
vsOthers	1	0.0	0.544	-1.295	0.275	AT2G01930	0.0	0.07	0.07	-0.0	1.0
vsOthers	1	0.0	0.544	-1.295	0.275	AT2G01940	0.0	0.048	0.049	-0.0	1.0
vsOthers	1	0.0	0.544	-1.295	0.275	AT2G17410	0.0	0.005	0.003	0.002	1.0
vsOthers	1	0.0	0.544	-1.295	0.275	AT2G17900	0.0	0.002	0.003	-0.0	1.0
vsOthers	1	0.0	0.544	-1.295	0.275	AT2G17950	0.0	0.013	0.013	-0.001	1.0
vsOthers	1	0.0	0.544	-1.295	0.275	AT2G18060	0.0	0.043	0.043	0.0	1.0
vsOthers	1	0.0	0.544	-1.295	0.275	AT2G18350	0.0	0.046	0.046	0.0	1.0
vsOthers	1	0.0	0.544	-1.295	0.275	AT2G23340	0.0	0.062	0.062	-0.0	1.0
vsOthers	1	0.0	0.544	-1.295	0.275	AT2G30340	0.0	0.037	0.038	-0.001	1.0
vsOthers	1	0.0	0.544	-1.295	0.275	AT2G33810	0.0	0.006	0.006	-0.0	1.0
vsOthers	1	0.0	0.544	-1.295	0.275	AT2G35700	0.0	0.064	0.063	0.002	1.0
vsOthers	1	0.0	0.544	-1.295	0.275	AT2G38090	0.0	0.0	0.002	-0.002	1.0
vsOthers	1	0.0	0.544	-1.295	0.275	AT2G38300	0.0	0.009	0.009	0.0	1.0
vsOthers	1	0.0	0.544	-1.295	0.275	AT2G38880	0.0	0.004	0.004	-0.0	1.0
vsOthers	1	0.0	0.544	-1.295	0.275	AT2G39900	0.0	0.001	0.0	0.001	1.0
vsOthers	1	0.0	0.544	-1.295	0.275	AT2G40260	0.0	0.046	0.047	-0.001	1.0
vsOthers	1	0.0	0.544	-1.295	0.275	AT2G41835	0.0	0.0	0.001	-0.001	1.0
vsOthers	1	0.0	0.544	-1.295	0.275	AT2G45680	0.0	0.028	0.028	0.0	1.0
vsOthers	1	0.0	0.544	-1.295	0.275	AT2G46400	0.0	0.0	0.001	-0.001	1.0
vsOthers	1	0.0	0.544	-1.295	0.275	AT2G48100	0.0	0.0	0.001	-0.001	1.0
vsOthers	1	0.0	0.544	-1.295	0.275	AT3G01530	0.0	0.044	0.043	0.0	1.0
vsOthers	1	0.0	0.544	-1.295	0.275	AT3G07220	0.0	0.0	0.001	-0.001	1.0
vsOthers	1	0.0	0.544	-1.295	0.275	AT3G09230	0.0	0.002	0.004	-0.002	1.0
vsOthers	1	0.0	0.544	-1.295	0.275	AT3G12910	0.0	0.001	0.003	-0.001	1.0
vsOthers	1	0.0	0.544	-1.295	0.275	AT3G22780	0.0	0.0	0.002	-0.002	1.0
vsOthers	1	0.0	0.544	-1.295	0.275	AT3G23250	0.0	0.006	0.006	-0.0	1.0
vsOthers	1	0.0	0.544	-1.295	0.275	AT3G46590	0.0	0.006	0.007	-0.001	1.0
vsOthers	1	0.0	0.544	-1.295	0.275	AT3G48160	0.0	0.0	0.001	-0.001	1.0
vsOthers	1	0.0	0.544	-1.295	0.275	AT3G49530	0.0	0.035	0.035	-0.0	1.0
vsOthers	1	0.0	0.544	-1.295	0.275	AT3G61120	0.0	0.004	0.004	-0.0	1.0
vsOthers	1	0.0	0.544	-1.295	0.275	AT4G00730	0.0	0.037	0.037	-0.0	1.0
vsOthers	1	0.0	0.544	-1.295	0.275	AT4G12670	0.0	0.0	0.001	-0.001	1.0
vsOthers	1	0.0	0.544	-1.295	0.275	AT4G17460	0.0	0.0	0.002	-0.002	1.0
vsOthers	1	0.0	0.544	-1.295	0.275	AT4G17785	0.0	0.011	0.01	0.001	1.0
vsOthers	1	0.0	0.544	-1.295	0.275	AT4G18890	0.0	0.009	0.011	-0.002	1.0
vsOthers	1	0.0	0.544	-1.295	0.275	AT4G25470	0.0	0.066	0.066	0.0	1.0
vsOthers	1	0.0	0.544	-1.295	0.275	AT4G27900	0.0	0.014	0.013	0.001	1.0
vsOthers	1	0.0	0.544	-1.295	0.275	AT4G36160	0.0	0.066	0.067	-0.001	1.0
vsOthers	1	0.0	0.544	-1.295	0.275	AT4G37790	0.0	0.0	0.0	0.0	1.0
vsOthers	1	0.0	0.544	-1.295	0.275	AT4G38620	0.0	0.014	0.012	0.002	1.0
vsOthers	1	0.0	0.544	-1.295	0.275	AT5G06950	0.0	0.069	0.068	0.001	1.0
vsOthers	1	0.0	0.544	-1.295	0.275	AT5G10510	0.0	0.003	0.003	0.0	1.0
vsOthers	1	0.0	0.544	-1.295	0.275	AT5G16600	0.0	0.0	0.002	-0.002	1.0
vsOthers	1	0.0	0.544	-1.295	0.275	AT5G18090	0.0	0.0	0.0	-0.0	1.0
vsOthers	1	0.0	0.544	-1.295	0.275	AT5G38800	0.0	0.0	0.001	-0.001	1.0
vsOthers	1	0.0	0.544	-1.295	0.275	AT5G38860	0.0	0.001	0.002	-0.001	1.0
vsOthers	1	0.0	0.544	-1.295	0.275	AT5G40330	0.0	0.0	0.002	-0.002	1.0
vsOthers	1	0.0	0.544	-1.295	0.275	AT5G42520	0.0	0.002	0.003	-0.001	1.0
vsOthers	1	0.0	0.544	-1.295	0.275	AT5G42820	0.0	0.0	0.001	-0.001	1.0
vsOthers	1	0.0	0.544	-1.295	0.275	AT5G49300	0.0	0.0	0.002	-0.002	1.0
vsOthers	1	0.0	0.544	-1.295	0.275	AT5G51990	0.0	0.078	0.079	-0.001	1.0
vsOthers	1	0.0	0.544	-1.295	0.275	AT5G56930	0.0	0.004	0.004	0.0	1.0
vsOthers	1	0.0	0.544	-1.295	0.275	AT5G58620	0.0	0.0	0.001	-0.001	1.0
vsOthers	1	0.0	0.544	-1.295	0.275	AT5G61270	0.0	0.005	0.004	0.0	1.0
vsOthers	1	0.0	0.544	-1.295	0.275	AT5G62000	0.0	0.036	0.037	-0.001	1.0
vsOthers	1	0.0	0.544	-1.295	0.275	AT5G62165	0.0	0.002	0.001	0.001	1.0
vsOthers	1	0.0	0.544	-1.295	0.275	AT5G65410	0.0	0.056	0.058	-0.002	1.0
vsOthers	1	0.0	0.544	-1.295	0.275	AT5G66300	0.0	0.028	0.026	0.002	1.0
vsOthers	1	0.0	0.544	-1.295	0.275	AT5G67000	0.0	0.002	0.003	-0.002	1.0
vsOthers	1	0.0	0.544	-1.295	0.275	AT5G67450	0.0	0.019	0.021	-0.002	1.0
vsOthers	1	0.0	0.544	-1.295	0.275	AT5G67580	0.0	0.025	0.024	0.001	1.0
vsOthers	1	0.0	0.544	0.126	0.919	AT1G01720	0.0	0.066	0.066	0.0	1.0
vsOthers	1	0.0	0.544	0.126	0.919	AT1G10720	0.0	0.003	0.003	-0.0	1.0
vsOthers	1	0.0	0.544	0.126	0.919	AT1G13400	0.0	0.008	0.008	0.0	1.0
vsOthers	1	0.0	0.544	0.126	0.919	AT1G17950	0.0	0.001	0.0	0.001	1.0
vsOthers	1	0.0	0.544	0.126	0.919	AT1G21910	0.0	0.023	0.025	-0.002	1.0
vsOthers	1	0.0	0.544	0.126	0.919	AT1G30210	0.0	0.002	0.002	0.0	1.0
vsOthers	1	0.0	0.544	0.126	0.919	AT1G32510	0.0	0.002	0.002	0.0	1.0
vsOthers	1	0.0	0.544	0.126	0.919	AT1G36060	0.0	0.043	0.043	-0.0	1.0
vsOthers	1	0.0	0.544	0.126	0.919	AT1G46264	0.0	0.003	0.004	-0.001	1.0
vsOthers	1	0.0	0.544	0.126	0.919	AT1G47870	0.0	0.0	0.0	0.0	1.0
vsOthers	1	0.0	0.544	0.126	0.919	AT1G60920	0.0	0.001	0.0	0.001	1.0
vsOthers	1	0.0	0.544	0.126	0.919	AT1G66420	0.0	0.001	0.0	0.001	1.0
vsOthers	1	0.0	0.544	0.126	0.919	AT1G67260	0.0	0.001	0.001	-0.001	1.0
vsOthers	1	0.0	0.544	0.126	0.919	AT1G74480	0.0	0.041	0.041	-0.0	1.0
vsOthers	1	0.0	0.544	0.126	0.919	AT1G75080	0.0	0.012	0.01	0.001	1.0
vsOthers	1	0.0	0.544	0.126	0.919	AT1G76870	0.0	0.005	0.004	0.0	1.0
vsOthers	1	0.0	0.544	0.126	0.919	AT1G77200	0.0	0.081	0.081	0.0	1.0
vsOthers	1	0.0	0.544	0.126	0.919	AT1G77640	0.0	0.011	0.012	-0.0	1.0
vsOthers	1	0.0	0.544	0.126	0.919	AT1G78700	0.0	0.064	0.064	-0.0	1.0
vsOthers	1	0.0	0.544	0.126	0.919	AT2G01818	0.0	0.013	0.012	0.0	1.0
vsOthers	1	0.0	0.544	0.126	0.919	AT2G15660	0.0	0.008	0.009	-0.001	1.0
vsOthers	1	0.0	0.544	0.126	0.919	AT2G17410	0.0	0.003	0.004	-0.001	1.0
vsOthers	1	0.0	0.544	0.126	0.919	AT2G17900	0.0	0.003	0.002	0.001	1.0
vsOthers	1	0.0	0.544	0.126	0.919	AT2G17950	0.0	0.013	0.013	0.0	1.0
vsOthers	1	0.0	0.544	0.126	0.919	AT2G31460	0.0	0.001	0.001	-0.0	1.0
vsOthers	1	0.0	0.544	0.126	0.919	AT2G38300	0.0	0.009	0.009	-0.0	1.0
vsOthers	1	0.0	0.544	0.126	0.919	AT2G41690	0.0	0.011	0.011	-0.001	1.0
vsOthers	1	0.0	0.544	0.126	0.919	AT2G48100	0.0	0.002	0.0	0.002	1.0
vsOthers	1	0.0	0.544	0.126	0.919	AT3G11440	0.0	0.061	0.061	0.0	1.0
vsOthers	1	0.0	0.544	0.126	0.919	AT3G12820	0.0	0.018	0.017	0.001	1.0
vsOthers	1	0.0	0.544	0.126	0.919	AT3G15170	0.0	0.029	0.028	0.001	1.0
vsOthers	1	0.0	0.544	0.126	0.919	AT3G20840	0.0	0.005	0.005	-0.0	1.0
vsOthers	1	0.0	0.544	0.126	0.919	AT3G22780	0.0	0.002	0.002	0.0	1.0
vsOthers	1	0.0	0.544	0.126	0.919	AT3G23220	0.0	0.025	0.025	0.0	1.0
vsOthers	1	0.0	0.544	0.126	0.919	AT3G23250	0.0	0.005	0.007	-0.002	1.0
vsOthers	1	0.0	0.544	0.126	0.919	AT3G26620	0.0	0.032	0.032	0.0	1.0
vsOthers	1	0.0	0.544	0.126	0.919	AT3G27010	0.0	0.02	0.019	0.001	1.0
vsOthers	1	0.0	0.544	0.126	0.919	AT3G28910	0.0	0.02	0.02	0.0	1.0
vsOthers	1	0.0	0.544	0.126	0.919	AT3G48160	0.0	0.0	0.001	-0.001	1.0
vsOthers	1	0.0	0.544	0.126	0.919	AT3G51470	0.0	0.006	0.005	0.0	1.0
vsOthers	1	0.0	0.544	0.126	0.919	AT3G58630	0.0	0.012	0.013	-0.0	1.0
vsOthers	1	0.0	0.544	0.126	0.919	AT4G12670	0.0	0.002	0.0	0.002	1.0
vsOthers	1	0.0	0.544	0.126	0.919	AT4G16750	0.401	0.08	0.081	-0.0	1.0
vsOthers	1	0.0	0.544	0.126	0.919	AT4G17785	0.0	0.01	0.01	-0.0	1.0
vsOthers	1	0.0	0.544	0.126	0.919	AT4G23550	1.0	0.037	0.038	-0.001	1.0
vsOthers	1	0.0	0.544	0.126	0.919	AT4G25480	-0.048	0.078	0.078	0.0	1.0
vsOthers	1	0.0	0.544	0.126	0.919	AT4G26640	0.982	0.017	0.018	-0.001	1.0
vsOthers	1	0.0	0.544	0.126	0.919	AT4G30080	0.0	0.002	0.001	0.001	1.0
vsOthers	1	0.0	0.544	0.126	0.919	AT4G37260	0.0	0.051	0.052	-0.001	1.0
vsOthers	1	0.0	0.544	0.126	0.919	AT4G37790	0.0	0.0	0.0	0.0	1.0
vsOthers	1	0.0	0.544	0.126	0.919	AT5G08070	0.0	0.002	0.002	-0.0	1.0
vsOthers	1	0.0	0.544	0.126	0.919	AT5G08750	0.0	0.009	0.01	-0.001	1.0
vsOthers	1	0.0	0.544	0.126	0.919	AT5G10140	0.0	0.006	0.005	0.001	1.0
vsOthers	1	0.0	0.544	0.126	0.919	AT5G10510	0.0	0.003	0.003	-0.0	1.0
vsOthers	1	0.0	0.544	0.126	0.919	AT5G25190	0.07	0.187	0.186	0.0	1.0
vsOthers	1	0.0	0.544	0.126	0.919	AT5G25475	0.0	0.001	0.002	-0.0	1.0
vsOthers	1	0.0	0.544	0.126	0.919	AT5G38800	0.0	0.001	0.0	0.001	1.0
vsOthers	1	0.0	0.544	0.126	0.919	AT5G40330	0.0	0.002	0.001	0.001	1.0
vsOthers	1	0.0	0.544	0.126	0.919	AT5G48670	0.0	0.002	0.002	0.0	1.0
vsOthers	1	0.0	0.544	0.126	0.919	AT5G49300	0.0	0.001	0.002	-0.001	1.0
vsOthers	1	0.0	0.544	0.126	0.919	AT5G51990	0.0	0.079	0.078	0.001	1.0
vsOthers	1	0.0	0.544	0.126	0.919	AT5G56930	0.0	0.005	0.004	0.001	1.0
vsOthers	1	0.0	0.544	0.126	0.919	AT5G62470	0.0	0.02	0.02	-0.0	1.0
vsOthers	1	0.0	0.544	0.126	0.919	AT5G67000	0.0	0.003	0.003	-0.001	1.0
vsOthers	1	0.0	0.544	0.126	0.919	AT5G67300	0.0	0.017	0.016	0.001	1.0
